feed_id,Year,name,pos,early_avg,late_avg,improvement,n_early,n_late,is_jumper,career_avg_prior,career_avg_delta,SC_trend_slope_8,SC_form_delta_3v6,SC_ema_trend,SC_skewness,SC_ceiling_rate,tog_avg_r8,tog_trend,clearances_avg_r8,clearances_trend,cba_avg_r8,cba_trend,price_change_sum3,price_is_floor,tag_is_hot_r78,tag_is_hot_any,tag_is_injured_returning,pos_is_mid,pos_is_def,pos_is_fwd,pos_is_ruc
260257,2021,Scott Pendlebury,MID,97.6,84.7,-12.9,8,10,0,,,-2.702,-0.7,-4.9,-0.527,0.5,82.1,0.4,4.62,1.38,57.6,-34.6,-34300,0,0,1,0,1,0,0,0
260257,2022,Scott Pendlebury,MID,105.6,87.8,-17.9,8,13,0,90.4,-15.2,0.75,-1.8,-0.4,-0.039,0.625,86.2,0.2,2.75,-0.25,36.1,-31.6,8900,0,1,1,0,1,0,0,0
260257,2023,Scott Pendlebury,MID,103.0,89.7,-13.3,7,15,0,92.7,-10.3,-7.821,-11.7,-9.2,0.215,0.571,76.1,-4.1,4.57,-0.57,65.5,-16.0,-37100,0,0,0,0,1,0,0,0
260257,2024,Scott Pendlebury,MID,81.3,91.6,10.3,7,12,0,93.1,11.8,0.786,12.5,6.9,-1.016,0.429,71.1,5.4,3.71,0.79,61.9,15.1,-45100,0,0,0,0,1,0,0,0
260257,2025,Scott Pendlebury,MID,90.9,98.6,7.7,7,12,0,91.9,1.0,12.321,4.5,15.5,-1.445,0.571,69.3,10.7,3.43,0.57,62.5,9.0,58100,0,1,1,0,1,0,0,0
261224,2021,Dayne Zorko,DEF,95.4,118.0,22.6,8,13,0,,,0.821,2.2,1.2,-0.705,0.625,81.9,0.1,4.12,-0.62,50.6,-7.6,-1200,0,1,1,0,0,1,0,0
261224,2022,Dayne Zorko,DEF,93.5,74.2,-19.3,8,11,0,109.4,15.9,8.143,4.3,12.9,-0.71,0.625,72.2,11.2,2.0,2.0,15.6,25.9,3100,0,0,0,1,0,1,0,0
261224,2023,Dayne Zorko,DEF,93.3,82.0,-11.3,6,11,0,96.5,3.2,-5.771,-2.7,-7.3,0.78,0.333,69.8,-2.8,2.17,0.33,23.6,8.9,-1800,0,0,1,0,0,1,0,0
261224,2024,Dayne Zorko,DEF,109.0,111.5,2.5,7,15,0,93.4,-15.6,4.929,1.2,11.3,-0.138,0.571,82.7,2.8,1.57,-0.07,2.7,-2.7,30700,0,0,1,0,0,1,0,0
261224,2025,Dayne Zorko,DEF,106.9,100.3,-6.5,8,15,0,98.2,-8.7,-8.036,-7.0,-5.0,0.087,0.5,84.6,4.4,1.12,0.38,,,-90100,0,0,0,0,0,1,0,0
270917,2022,Patrick Dangerfield,FWD,91.7,77.3,-14.3,6,9,0,104.3,12.6,-7.486,-10.3,-7.8,1.172,0.167,80.8,-4.3,5.83,0.17,69.8,-5.8,-87700,0,0,1,0,0,0,1,0
270917,2023,Patrick Dangerfield,FWD,101.5,76.7,-24.8,8,10,0,92.9,-8.6,3.524,-2.3,-6.6,-0.285,0.625,66.2,-15.2,6.5,0.0,66.4,-10.4,75000,0,0,0,0,0,0,1,0
270917,2025,Patrick Dangerfield,FWD,91.1,73.4,-17.7,8,12,0,89.4,-1.8,3.726,0.2,8.3,0.588,0.25,77.4,6.1,2.75,-0.75,29.8,-21.8,10400,0,0,0,1,0,0,1,0
280317,2021,Rhys Stanley,RUC,85.1,90.9,5.7,7,9,0,,,-0.786,4.5,-4.6,0.331,0.286,76.0,-2.0,3.29,-0.29,83.7,-8.7,-23200,0,0,1,0,0,0,0,1
280317,2022,Rhys Stanley,RUC,89.1,73.0,-16.1,7,10,0,88.4,-0.8,3.357,14.2,6.0,0.31,0.429,81.3,0.7,3.57,-1.07,80.3,2.7,10200,0,0,0,0,0,0,0,1
280317,2024,Rhys Stanley,RUC,67.0,73.7,6.7,6,6,0,80.3,13.3,4.229,6.0,1.3,0.499,0.333,76.3,3.7,1.83,0.17,65.5,-9.0,26500,0,0,0,1,0,0,0,1
280317,2025,Rhys Stanley,RUC,63.6,65.9,2.3,5,13,0,78.2,14.6,-21.7,-19.6,-22.4,-0.499,0.2,65.8,-16.8,2.8,0.2,67.2,-13.8,-42800,0,0,0,0,0,0,0,1
280506,2021,Taylor Walker,FWD,98.0,75.8,-22.2,8,9,0,,,-16.976,-24.5,-24.0,-0.489,0.625,88.4,-8.4,0.88,-0.88,,,-70100,0,0,1,0,0,0,1,0
280506,2022,Taylor Walker,FWD,99.8,87.2,-12.6,5,13,0,86.2,-13.6,-5.3,-7.8,-2.7,-1.181,0.8,87.0,1.5,1.0,-0.5,,,19300,0,0,0,0,0,0,1,0
280506,2023,Taylor Walker,FWD,73.5,98.7,25.2,8,14,1,88.5,15.0,0.071,-4.0,-6.9,0.345,0.125,80.5,-1.5,0.75,-0.75,0.0,0.0,5200,0,0,0,1,0,0,1,0
280506,2024,Taylor Walker,FWD,77.6,56.1,-21.5,7,11,0,88.9,11.3,7.429,11.7,4.0,-1.06,0.143,89.6,-4.6,0.57,-0.57,,,37100,0,0,0,0,0,0,1,0
280506,2025,Taylor Walker,FWD,80.8,63.6,-17.1,8,13,0,83.0,2.3,-2.524,-6.2,-2.8,-0.599,0.25,78.2,6.2,0.62,-0.62,0.5,1.5,-10700,0,0,0,0,0,0,1,0
280824,2021,Jake Melksham,FWD,55.4,49.2,-6.2,5,5,0,,,-3.1,-8.1,-1.0,0.96,0.0,69.6,-0.1,0.4,-0.4,10.2,3.2,-16800,0,0,0,0,0,0,1,0
280824,2025,Jake Melksham,FWD,54.4,66.3,11.9,5,14,0,50.5,-3.9,9.6,9.3,9.0,0.538,0.0,74.2,-4.2,0.4,-0.4,1.3,0.7,4000,1,0,0,0,0,0,1,0
280965,2021,Steele Sidebottom,MID,86.6,87.7,1.1,7,14,0,,,4.393,12.2,1.8,-0.239,0.143,84.1,-1.1,4.14,0.86,54.3,14.7,2600,0,0,0,0,1,0,0,0
280965,2022,Steele Sidebottom,MID,63.1,80.7,17.6,8,14,0,87.3,24.2,-7.369,-5.2,-8.8,0.207,0.0,81.5,-1.0,0.88,0.12,0.5,-0.5,-85500,0,0,0,0,1,0,0,0
280965,2023,Steele Sidebottom,MID,100.1,72.1,-28.0,8,9,0,80.7,-19.5,-1.298,15.2,-2.2,0.193,0.5,84.6,0.9,2.12,-0.12,1.5,-1.5,55100,0,0,0,0,1,0,0,0
280965,2024,Steele Sidebottom,MID,50.8,84.3,33.4,6,15,0,82.0,31.2,4.486,12.2,3.0,0.457,0.0,78.0,4.0,0.83,0.17,1.4,-1.4,-39900,0,0,0,0,1,0,0,0
280965,2025,Steele Sidebottom,MID,112.9,85.2,-27.7,7,13,0,80.1,-32.8,0.857,-1.2,0.7,0.324,0.857,79.1,-3.6,6.0,4.5,46.6,-6.6,45600,0,0,1,0,1,0,0,0
281085,2021,Steven May,DEF,85.7,93.0,7.3,7,13,0,,,0.786,24.8,0.8,-0.579,0.286,88.3,11.7,0.71,0.79,,,-2500,0,1,1,0,0,1,0,0
281085,2022,Steven May,DEF,99.8,87.1,-12.7,8,12,0,90.4,-9.3,-1.881,-16.3,-7.0,-0.027,0.5,96.6,1.4,0.25,-0.25,,,-17500,0,0,0,0,0,1,0,0
281085,2023,Steven May,DEF,81.3,84.9,3.6,6,15,0,91.3,10.0,-8.629,-8.0,-10.9,-0.396,0.333,97.8,1.2,0.0,0.0,,,-45300,0,0,0,0,0,1,0,0
281085,2024,Steven May,DEF,89.8,88.8,-1.1,6,12,0,88.8,-1.1,12.371,18.8,11.2,-1.135,0.5,85.2,7.8,0.17,0.33,,,38300,0,0,0,1,0,1,0,0
281085,2025,Steven May,DEF,80.6,88.8,8.2,5,11,0,88.8,8.2,-4.1,-10.6,-2.5,0.345,0.4,93.4,-0.9,0.2,0.3,,,-50400,0,0,1,0,0,1,0,0
290307,2021,Dane Rampe,DEF,77.2,78.4,1.2,5,14,0,,,4.3,0.8,4.7,-0.283,0.0,92.6,0.9,0.4,-0.4,,,-68100,0,0,0,0,0,1,0,0
290307,2022,Dane Rampe,DEF,49.8,65.8,16.0,8,14,0,78.1,28.3,-2.833,-6.3,-1.5,-0.65,0.0,94.8,-2.2,0.25,-0.25,,,-78500,0,0,0,0,0,1,0,0
290307,2025,Dane Rampe,DEF,77.7,54.8,-22.9,7,13,0,66.5,-11.2,-2.607,6.8,-4.7,0.75,0.286,81.1,3.4,0.86,-0.36,,,38600,0,0,0,0,0,1,0,0
290528,2021,Max Gawn,RUC,127.8,116.8,-11.0,8,14,0,,,-2.952,-24.7,-7.5,-0.558,0.75,92.1,-1.6,3.75,-1.75,76.6,7.9,-73500,0,0,1,0,0,0,0,1
290528,2022,Max Gawn,RUC,120.5,108.0,-12.5,8,12,0,120.8,0.3,4.024,-5.0,-4.4,0.356,0.625,89.0,-3.0,4.88,1.62,64.6,-3.6,29700,0,0,1,0,0,0,0,1
290528,2023,Max Gawn,RUC,89.6,109.4,19.8,5,15,0,117.1,27.5,6.0,13.1,1.8,-0.855,0.4,69.4,16.6,2.6,0.4,38.0,8.0,-109300,0,0,0,1,0,0,0,1
290528,2024,Max Gawn,RUC,141.7,118.7,-23.0,7,13,0,113.0,-28.7,-3.357,-1.3,-7.9,0.061,1.0,85.4,-0.4,5.57,-0.57,85.6,-2.1,46800,0,0,1,0,0,0,0,1
290528,2025,Max Gawn,RUC,130.0,126.1,-3.9,8,15,0,116.4,-13.6,13.429,22.3,20.1,0.15,0.75,83.9,-0.4,5.88,1.62,83.8,2.8,105400,0,0,0,0,0,0,0,1
290627,2022,Dion Prestia,MID,84.4,98.0,13.6,5,13,0,85.2,0.8,2.7,4.9,2.3,-0.487,0.6,61.6,7.9,3.6,1.4,64.3,0.7,14000,0,1,1,0,1,0,0,0
290627,2023,Dion Prestia,MID,77.1,83.5,6.3,7,13,0,91.2,14.1,4.821,8.3,9.6,0.674,0.143,76.7,1.3,2.86,0.64,68.7,-10.2,-31700,0,0,0,0,1,0,0,0
290778,2021,Luke Parker,MID,102.8,112.1,9.3,8,14,0,,,-0.286,-7.5,2.6,0.587,0.5,77.9,4.6,5.25,0.75,71.1,2.4,-60400,0,1,1,0,1,0,0,0
290778,2022,Luke Parker,MID,102.1,104.9,2.8,8,14,0,108.7,6.6,-0.06,16.8,-2.5,0.19,0.5,81.0,0.0,4.88,1.62,65.0,12.5,51400,0,0,0,0,1,0,0,0
290778,2023,Luke Parker,MID,92.9,99.1,6.3,8,14,0,106.3,13.4,2.726,14.7,5.0,-0.913,0.5,84.8,5.2,5.12,2.88,78.6,12.4,11200,0,0,1,0,1,0,0,0
290778,2025,Luke Parker,MID,82.2,91.4,9.2,8,14,0,100.1,17.8,0.69,-4.3,0.7,1.811,0.125,78.0,2.5,3.75,-2.25,61.2,-4.2,8000,0,0,1,0,1,0,0,0
290799,2021,Tom Liberatore,MID,99.9,105.2,5.4,8,13,0,,,2.583,17.5,5.6,0.674,0.5,77.2,1.8,9.0,2.5,61.0,8.0,29000,0,0,1,0,1,0,0,0
290799,2022,Tom Liberatore,MID,99.2,107.9,8.7,8,14,0,103.2,3.9,3.357,9.2,3.9,-0.045,0.5,79.0,4.0,5.88,2.62,49.0,19.0,21500,0,0,1,0,1,0,0,0
290799,2023,Tom Liberatore,MID,115.3,116.4,1.1,7,14,0,104.0,-11.3,1.179,-1.2,-2.4,0.064,0.857,79.9,-2.9,6.14,1.36,78.0,-10.0,27000,0,1,1,0,1,0,0,0
290799,2024,Tom Liberatore,MID,106.8,102.8,-4.0,6,11,0,108.0,1.1,-1.286,5.2,-4.7,1.079,0.5,79.3,2.2,9.83,-0.33,69.8,8.8,-2500,0,0,0,0,1,0,0,0
290799,2025,Tom Liberatore,MID,113.8,109.5,-4.2,8,15,0,107.2,-6.6,-5.619,-4.0,-9.3,-0.598,0.875,80.5,-2.5,6.38,-1.38,74.4,-0.9,-25300,0,0,0,0,1,0,0,0
290826,2021,Jamie Cripps,FWD,74.1,72.9,-1.3,8,14,0,,,-5.298,0.8,-6.3,0.261,0.25,85.5,-1.0,1.38,-0.38,0.0,0.0,-35300,0,0,0,0,0,0,1,0
290826,2024,Jamie Cripps,FWD,74.1,74.3,0.1,8,15,0,72.0,-2.1,-0.131,4.8,0.8,-0.339,0.0,89.4,-1.9,1.25,0.75,0.0,0.0,15800,0,0,0,0,0,0,1,0
290826,2025,Jamie Cripps,FWD,66.5,57.5,-9.0,8,13,0,72.7,6.2,1.452,0.0,1.5,0.917,0.0,86.4,-1.4,0.5,0.0,,,-11000,0,0,0,0,0,0,1,0
290838,2021,Jack Darling,FWD,89.8,67.0,-22.8,8,14,0,,,3.048,4.7,0.9,0.004,0.25,98.2,1.8,0.5,0.5,,,43800,0,1,1,0,0,0,1,0
290838,2022,Jack Darling,FWD,57.6,73.8,16.2,7,14,0,75.3,17.7,-1.214,-3.8,-2.0,0.006,0.0,91.1,1.9,0.0,0.0,,,-46500,0,0,0,0,0,0,1,0
290838,2023,Jack Darling,FWD,58.0,63.5,5.5,8,12,0,71.9,13.9,-6.5,-8.0,-8.8,0.113,0.0,89.8,3.2,0.62,-0.12,0.0,0.0,-65700,0,0,0,0,0,0,1,0
290838,2024,Jack Darling,FWD,59.1,53.4,-5.7,8,13,0,68.5,9.4,4.798,2.7,-0.5,0.561,0.0,91.0,1.0,0.25,0.25,0.0,0.0,54000,0,0,0,0,0,0,1,0
290838,2025,Jack Darling,FWD,55.6,62.6,6.9,8,14,0,65.3,9.7,-7.012,-13.5,-12.7,-0.232,0.0,83.2,-3.2,1.12,-0.62,13.4,-6.9,-36600,0,0,0,0,0,0,1,0
291313,2022,Jeremy Howe,DEF,85.2,83.6,-1.6,8,13,0,78.5,-6.8,-2.381,-0.5,-3.3,-0.036,0.25,94.0,2.0,0.12,-0.12,,,-1600,0,0,0,0,0,1,0,0
291313,2024,Jeremy Howe,DEF,76.3,83.8,7.5,7,12,0,79.5,3.2,3.393,0.5,2.8,-0.297,0.0,89.7,5.8,0.29,-0.29,,,16300,0,0,0,0,0,1,0,0
291313,2025,Jeremy Howe,DEF,76.8,68.7,-8.1,6,11,0,80.0,3.2,9.629,7.8,16.8,0.156,0.333,85.0,4.5,0.5,0.0,,,-22200,0,0,0,0,0,1,0,0
291351,2022,Jack Gunston,FWD,76.8,66.2,-10.5,8,8,0,,,-1.333,2.2,2.9,-0.623,0.25,92.0,4.5,0.0,0.0,,,6300,0,0,0,0,0,0,1,0
291351,2023,Jack Gunston,FWD,54.1,52.5,-1.6,7,10,0,68.6,14.4,2.071,3.0,3.6,0.046,0.0,79.1,0.9,0.0,0.0,,,-27900,0,0,0,0,0,0,1,0
291351,2024,Jack Gunston,FWD,50.2,63.0,12.8,5,11,0,60.9,10.7,-1.3,6.5,-2.5,-0.203,0.0,74.8,5.7,0.2,0.3,,,-18100,0,0,0,0,0,0,1,0
291351,2025,Jack Gunston,FWD,89.2,84.9,-4.3,6,14,0,60.3,-28.9,5.171,4.2,6.9,-0.55,0.333,83.2,1.8,0.0,0.0,,,69200,0,0,0,0,0,0,1,0
291533,2021,Tom McDonald,DEF,90.2,83.0,-7.2,8,12,0,,,1.238,-1.5,-1.4,0.142,0.25,89.1,-1.6,0.38,-0.38,0.0,0.0,68800,0,0,1,0,0,1,0,0
291533,2024,Tom McDonald,DEF,73.3,82.4,9.1,7,15,0,76.5,3.2,-0.607,7.3,-2.5,-0.422,0.143,97.1,-4.1,0.14,0.36,,,46800,0,0,0,0,0,1,0,0
291533,2025,Tom McDonald,DEF,85.4,65.2,-20.2,8,9,0,77.6,-7.7,-0.94,2.0,-3.6,-0.277,0.25,98.6,-2.6,0.12,-0.12,,,11000,0,0,0,0,0,1,0,0
291548,2021,Ryan Lester,DEF,63.5,55.8,-7.8,8,8,0,,,-2.476,-1.8,-2.5,0.568,0.0,83.6,0.4,0.12,-0.12,,,-38600,0,0,0,0,0,1,0,0
291548,2024,Ryan Lester,DEF,75.0,69.6,-5.4,7,15,0,66.0,-9.0,7.5,3.2,9.8,-0.388,0.0,87.6,2.4,0.43,-0.43,,,29000,0,0,0,0,0,1,0,0
291548,2025,Ryan Lester,DEF,64.9,64.6,-0.2,8,14,0,68.1,3.2,-4.25,3.0,-4.2,0.219,0.0,85.9,-3.9,0.5,0.0,,,-31600,0,0,0,0,0,1,0,0
291776,2022,Taylor Adams,FWD,87.4,75.3,-12.1,7,10,0,94.9,7.5,1.571,6.0,2.2,-0.678,0.286,70.4,1.1,5.43,-1.93,67.0,13.5,-13700,0,1,1,1,0,0,1,0
291776,2023,Taylor Adams,FWD,74.6,79.9,5.4,7,15,0,86.9,12.3,1.036,1.7,4.3,-0.403,0.143,77.3,-2.3,4.0,0.0,38.5,-13.5,-20000,0,0,0,1,0,0,1,0
291790,2021,Adam Treloar,MID,99.8,71.2,-28.5,8,5,0,,,2.286,-7.7,-1.6,-0.898,0.5,79.4,-0.4,4.0,0.0,50.1,-2.1,-13900,0,1,1,0,1,0,0,0
291790,2022,Adam Treloar,MID,92.5,98.8,6.3,8,13,0,88.8,-3.7,-1.69,-4.0,-4.3,-0.032,0.5,84.1,-2.1,3.38,1.62,44.9,11.1,-8100,0,0,1,1,1,0,0,0
291790,2023,Adam Treloar,MID,102.7,110.6,7.9,7,12,0,93.5,-9.2,-4.393,6.5,-7.3,0.087,0.429,76.2,-8.2,6.83,-2.83,72.6,-11.6,15500,0,0,1,0,1,0,0,0
291790,2024,Adam Treloar,MID,109.9,120.4,10.6,8,14,0,98.6,-11.3,1.774,2.7,-0.5,1.176,0.625,83.4,1.6,6.38,2.62,82.1,1.4,16400,0,1,1,0,1,0,0,0
291800,2021,Tom Stewart,DEF,107.6,107.6,-0.0,8,12,0,,,1.202,-5.8,-4.0,1.095,0.625,84.5,4.0,0.5,0.0,,,28300,0,1,1,0,0,1,0,0
291800,2022,Tom Stewart,DEF,113.9,106.8,-7.1,7,10,0,107.6,-6.3,2.643,3.7,-3.4,1.245,0.714,82.9,-1.4,0.57,-0.07,,,37000,0,1,1,0,0,1,0,0
291800,2023,Tom Stewart,DEF,106.4,117.1,10.6,7,15,0,108.6,2.1,6.214,-10.2,6.6,-0.806,0.571,77.3,11.2,0.43,0.07,0.0,0.0,3700,0,1,1,1,0,1,0,0
291800,2024,Tom Stewart,DEF,98.4,95.9,-2.6,7,15,0,110.5,12.0,-4.929,-6.0,-1.9,-0.172,0.571,80.7,-13.7,0.29,-0.29,0.0,0.0,-78900,0,0,0,0,0,1,0,0
291800,2025,Tom Stewart,DEF,71.6,100.6,29.0,5,13,1,106.7,35.1,-1.1,11.4,-5.3,-0.474,0.4,67.0,13.0,0.2,0.3,0.0,0.0,-84300,0,0,0,0,0,1,0,0
291849,2021,Brody Mihocek,FWD,65.5,56.0,-9.5,8,13,0,,,1.262,6.2,0.0,0.984,0.125,84.6,3.4,0.12,-0.12,,,14500,0,0,0,0,0,0,1,0
291849,2022,Brody Mihocek,FWD,73.7,52.0,-21.7,7,13,0,59.6,-14.1,1.857,8.2,-0.5,0.37,0.143,88.9,0.6,0.29,-0.29,0.0,0.0,48500,0,0,0,0,0,0,1,0
291849,2023,Brody Mihocek,FWD,66.6,64.6,-2.0,8,13,0,59.6,-7.0,1.988,-9.8,5.1,-0.639,0.0,91.5,7.0,0.12,-0.12,,,-19200,0,0,0,1,0,0,1,0
291849,2025,Brody Mihocek,FWD,64.0,68.5,4.5,6,13,0,61.3,-2.7,3.086,5.3,3.4,-0.372,0.0,85.0,3.0,0.0,0.0,0.0,0.0,15500,0,0,0,0,0,0,1,0
291902,2021,Jack Viney,MID,91.0,77.9,-13.1,5,7,0,,,-0.9,-0.7,1.3,-0.566,0.4,75.8,3.2,5.4,-1.9,66.0,-3.0,-34900,0,0,1,0,1,0,0,0
291902,2022,Jack Viney,MID,89.3,101.0,11.7,7,13,0,83.3,-6.0,-2.0,-5.0,-4.4,-0.668,0.143,77.9,-2.4,3.86,-0.86,74.3,0.2,-800,0,0,0,0,1,0,0,0
291902,2023,Jack Viney,MID,94.7,102.7,8.0,7,15,0,91.8,-2.9,1.393,-3.2,-2.9,0.137,0.429,77.4,0.6,4.86,-1.36,63.1,1.4,14400,0,0,1,0,1,0,0,0
291902,2024,Jack Viney,MID,85.1,86.0,0.9,7,15,0,95.2,10.1,-5.107,-10.2,-4.1,0.323,0.143,76.1,-0.1,5.0,-1.0,70.6,-6.1,-81600,0,0,1,0,1,0,0,0
291902,2025,Jack Viney,MID,79.1,93.5,14.4,8,10,1,92.5,13.3,6.44,19.7,10.0,0.72,0.25,79.8,4.8,3.38,0.62,71.4,14.6,50400,0,1,1,0,1,0,0,0
291969,2022,Stephen Coniglio,MID,94.6,105.4,10.8,8,13,0,60.0,-34.6,-1.988,-6.7,-4.2,0.952,0.25,83.8,-0.8,3.75,-1.25,18.9,2.6,25500,0,1,1,0,1,0,0,0
291969,2023,Stephen Coniglio,MID,100.5,102.3,1.8,8,15,0,93.3,-7.2,-2.119,15.3,-6.1,0.056,0.625,82.2,-2.8,6.62,-0.62,78.8,-2.2,52700,0,1,1,0,1,0,0,0
291975,2022,Jarrod Witts,RUC,119.2,104.6,-14.7,8,14,0,,,4.643,12.3,4.0,-0.425,0.625,80.4,2.6,4.5,1.5,83.4,3.1,111300,0,1,1,1,0,0,0,1
291975,2023,Jarrod Witts,RUC,112.0,103.8,-8.2,6,15,0,107.2,-4.8,-5.714,-12.0,-4.4,0.294,0.667,81.8,3.7,6.0,0.0,85.6,-2.1,-44300,0,0,0,0,0,0,0,1
291975,2024,Jarrod Witts,RUC,103.5,110.6,7.1,6,9,0,106.7,3.2,2.2,6.5,-3.4,0.373,0.5,83.0,-1.0,5.17,0.83,87.2,2.3,29000,0,1,1,0,0,0,0,1
291975,2025,Jarrod Witts,RUC,102.6,105.9,3.4,7,14,0,107.0,4.4,-8.036,1.7,-13.3,-0.357,0.714,83.7,-1.7,4.43,-0.43,84.4,5.1,-29800,0,0,0,0,0,0,0,1
291978,2021,Harry Cunningham,DEF,58.8,81.4,22.7,8,12,0,,,4.119,6.8,9.1,1.492,0.0,85.4,2.1,0.25,0.25,,,-3800,0,0,0,0,0,1,0,0
291978,2023,Harry Cunningham,DEF,48.4,66.1,17.7,8,15,0,67.3,19.0,0.488,9.0,0.2,0.278,0.0,82.1,-5.6,0.12,-0.12,,,16400,1,0,0,0,0,1,0,0
291978,2024,Harry Cunningham,DEF,50.7,53.5,2.9,6,13,0,64.1,13.4,3.143,14.3,-0.2,-0.636,0.0,71.3,16.7,0.5,1.0,,,-6100,0,0,0,1,0,1,0,0
292128,2024,Elliot Yeo,MID,113.1,99.2,-13.9,8,12,0,80.7,-32.5,1.726,-6.5,-5.7,0.25,0.625,68.6,-6.6,7.62,-1.62,72.1,-5.1,72000,0,0,1,0,1,0,0,0
293222,2021,Rory Laird,DEF,103.5,123.5,20.0,8,14,0,,,-0.381,2.8,3.4,-0.329,0.625,78.4,-0.4,6.62,-2.62,80.2,0.2,-21200,0,1,1,0,0,1,0,0
293222,2022,Rory Laird,DEF,119.7,131.4,11.7,6,14,0,116.2,-3.4,2.057,1.0,3.6,-0.329,0.833,76.5,2.5,6.67,-0.67,75.0,-4.5,1500,0,1,1,0,0,1,0,0
293222,2023,Rory Laird,DEF,108.9,121.4,12.6,8,14,0,121.8,12.9,2.417,-3.0,1.0,-0.746,0.75,79.4,-1.4,6.38,-2.38,77.1,-3.1,-18300,0,0,0,0,0,1,0,0
293222,2024,Rory Laird,DEF,109.0,101.5,-7.5,8,15,0,120.1,11.1,-2.19,2.3,-0.6,0.005,0.625,73.0,-2.0,5.38,3.12,61.2,5.8,-47200,0,0,1,0,0,1,0,0
293222,2025,Rory Laird,DEF,95.1,108.8,13.6,8,12,0,115.9,20.7,-0.393,1.5,0.2,-0.681,0.375,79.1,1.4,1.88,0.62,0.0,0.0,-19100,0,0,1,0,0,1,0,0
293535,2021,Lachie Neale,MID,96.5,102.0,5.5,6,9,0,,,9.629,16.2,7.2,1.541,0.167,85.7,-3.7,6.5,0.0,79.4,5.1,-62500,0,0,1,1,1,0,0,0
293535,2022,Lachie Neale,MID,138.2,114.0,-24.2,8,14,0,99.8,-38.4,-2.095,11.3,0.2,0.864,1.0,85.0,1.0,8.0,2.5,84.5,3.5,37400,0,0,0,0,1,0,0,0
293535,2023,Lachie Neale,MID,106.6,112.4,5.8,8,15,0,113.5,6.9,-1.821,-22.0,-9.8,0.853,0.625,85.4,0.1,8.25,1.25,88.2,-0.8,-42700,0,0,1,0,1,0,0,0
293535,2024,Lachie Neale,MID,118.5,120.9,2.4,6,15,0,112.3,-6.2,0.943,-2.5,7.1,0.095,0.833,83.7,4.3,7.0,-2.0,82.5,3.5,-31600,0,0,0,1,1,0,0,0
293535,2025,Lachie Neale,MID,105.1,106.5,1.4,8,12,0,114.4,9.2,8.298,14.2,11.0,-0.812,0.625,85.9,-1.4,6.38,1.12,81.9,1.1,29200,0,0,0,0,1,0,0,0
293581,2021,Lincoln McCarthy,FWD,82.2,74.8,-7.5,8,14,0,,,2.357,-3.5,-1.5,1.185,0.125,80.1,0.9,1.62,-0.62,12.5,-12.5,47600,0,0,0,0,0,0,1,0
293581,2022,Lincoln McCarthy,FWD,73.5,64.8,-8.7,8,14,0,77.5,4.0,-5.238,-5.3,-10.2,0.407,0.25,80.8,3.2,0.62,-0.12,,,-30000,0,0,1,0,0,0,1,0
293581,2023,Lincoln McCarthy,FWD,48.0,65.2,17.2,8,13,0,72.7,24.7,-2.048,-3.7,-6.1,-0.778,0.0,79.5,-5.0,1.38,-0.88,,,-24700,0,0,0,0,0,0,1,0
293801,2023,Jamie Elliott,FWD,69.2,76.0,6.8,8,13,0,77.2,8.0,-0.905,-6.3,1.4,0.156,0.25,86.6,0.4,0.0,0.0,3.1,3.9,-58100,0,0,0,0,0,0,1,0
293801,2024,Jamie Elliott,FWD,65.9,62.9,-3.0,7,7,0,75.6,9.8,-1.0,-12.3,-2.0,1.703,0.143,84.1,1.4,0.57,-0.57,0.5,-0.5,-33100,0,0,0,0,0,0,1,0
293801,2025,Jamie Elliott,FWD,80.4,72.9,-7.5,7,15,0,73.2,-7.3,1.464,8.5,-1.6,1.188,0.143,83.0,0.0,0.29,-0.29,0.0,0.0,46400,0,0,0,0,0,0,1,0
293813,2021,Tom Lynch,FWD,62.8,75.9,13.2,8,10,0,,,0.905,-4.5,-1.3,0.456,0.125,94.4,2.6,0.12,0.38,0.6,-0.6,-17800,0,0,0,0,0,0,1,0
293813,2022,Tom Lynch,FWD,96.0,92.9,-3.1,8,10,0,70.1,-25.9,16.357,23.2,30.0,0.665,0.375,92.2,1.2,0.25,0.25,,,96200,0,0,0,0,0,0,1,0
293813,2025,Tom Lynch,FWD,49.3,61.8,12.5,7,9,0,76.9,27.6,-0.536,9.7,-5.5,0.144,0.0,81.1,2.4,0.14,0.36,,,55300,1,0,0,0,0,0,1,0
293845,2022,Jeremy Cameron,FWD,84.5,95.2,10.7,8,13,0,81.2,-3.3,3.714,2.3,4.4,0.205,0.375,86.1,9.9,0.25,-0.25,2.9,1.6,20800,0,0,0,1,0,0,1,0
293845,2023,Jeremy Cameron,FWD,107.8,66.2,-41.6,8,12,0,87.5,-20.3,-2.452,-11.8,-5.5,0.603,0.5,97.2,0.2,1.0,0.5,2.1,-2.1,-7200,0,0,1,0,0,0,1,0
293845,2024,Jeremy Cameron,FWD,89.2,84.9,-4.3,8,14,0,85.7,-3.5,-1.333,-11.2,-9.4,0.211,0.5,96.1,0.9,0.88,0.62,0.4,1.1,18700,0,0,1,1,0,0,1,0
293845,2025,Jeremy Cameron,FWD,75.1,96.8,21.7,8,15,1,85.9,10.8,0.56,-5.3,-6.0,-0.222,0.25,92.4,1.6,0.38,-0.38,1.5,4.5,12000,0,0,1,1,0,0,1,0
293871,2021,Jack Crisp,MID,96.4,109.8,13.4,8,14,0,,,0.893,8.2,3.2,0.512,0.375,89.9,-2.4,2.12,0.38,40.8,37.8,2600,0,0,1,0,1,0,0,0
293871,2022,Jack Crisp,MID,106.0,87.9,-18.1,8,14,0,104.9,-1.1,3.69,-0.7,5.2,-0.599,0.75,85.2,-1.8,4.38,-0.38,68.6,11.9,6500,0,1,1,0,1,0,0,0
293871,2023,Jack Crisp,MID,89.2,89.2,-0.0,8,15,0,99.7,10.5,0.214,8.2,-0.3,0.425,0.25,77.2,-0.2,2.62,1.38,33.2,-6.2,19100,0,0,0,0,1,0,0,0
293871,2024,Jack Crisp,MID,77.1,92.5,15.4,7,15,1,96.1,19.0,6.143,0.7,8.7,0.362,0.286,70.4,3.6,4.29,2.21,37.7,35.8,2800,0,0,0,0,1,0,0,0
293871,2025,Jack Crisp,MID,78.7,99.7,21.0,7,15,1,94.0,15.3,-4.214,0.3,-5.8,0.53,0.143,83.4,-0.9,1.71,-1.21,11.7,18.8,-35800,0,0,1,0,1,0,0,0
293883,2021,Jed Bews,DEF,48.9,61.4,12.6,8,14,0,,,1.488,6.0,5.2,0.246,0.0,82.5,2.0,0.75,-0.75,,,-20500,0,0,0,0,0,1,0,0
293883,2022,Jed Bews,DEF,37.3,55.9,18.6,7,13,0,56.9,19.6,-7.893,-8.2,-11.5,-0.526,0.0,75.1,-22.6,0.29,-0.29,,,-68500,0,0,0,0,0,1,0,0
293883,2023,Jed Bews,DEF,37.5,49.8,12.3,6,9,0,53.3,15.8,-0.029,-3.5,1.3,-1.407,0.0,75.5,9.0,0.33,0.17,,,-52600,0,0,0,0,0,1,0,0
293884,2021,Jake Stringer,FWD,72.5,103.4,30.9,6,12,1,,,-12.429,-6.5,-16.8,-0.258,0.167,74.7,-12.2,2.5,0.0,56.0,-2.0,13000,0,0,0,0,0,0,1,0
293884,2023,Jake Stringer,FWD,80.5,56.1,-24.4,6,11,0,82.0,1.5,10.886,17.8,11.3,0.445,0.333,81.8,-0.8,4.17,4.33,32.7,13.8,60600,0,0,0,0,0,0,1,0
293884,2024,Jake Stringer,FWD,63.2,63.1,-0.2,8,15,0,76.1,12.9,-0.714,1.7,-4.5,0.534,0.0,75.1,-2.6,2.12,2.88,26.5,15.0,10300,0,0,0,0,0,0,1,0
293884,2025,Jake Stringer,FWD,49.3,71.8,22.4,6,8,0,72.0,22.7,-3.829,-6.0,-5.0,-0.215,0.0,79.0,-13.5,1.0,-1.0,3.2,-1.7,-42700,0,0,0,0,0,0,1,0
293957,2021,Brodie Grundy,RUC,127.2,107.2,-20.1,8,12,0,,,5.548,6.2,5.1,-0.846,0.75,85.2,0.2,4.12,0.88,81.8,5.8,29200,0,0,1,0,0,0,0,1
293957,2023,Brodie Grundy,RUC,98.5,75.3,-23.2,8,9,0,112.5,14.0,-2.262,-30.8,-9.9,0.392,0.375,75.1,-1.1,3.88,-1.38,62.8,-8.8,-54900,0,1,1,0,0,0,0,1
293957,2024,Brodie Grundy,RUC,108.7,103.5,-5.2,7,15,0,102.1,-6.6,8.143,13.0,10.4,0.475,0.429,76.0,-1.0,4.86,-1.36,80.1,4.4,77100,0,0,1,0,0,0,0,1
293957,2025,Brodie Grundy,RUC,96.6,142.4,45.8,7,14,0,103.1,6.6,-3.393,-8.8,-11.2,0.057,0.429,75.6,0.4,3.57,-0.07,77.3,2.2,3100,0,0,1,1,0,0,0,1
294036,2021,George Hewett,MID,50.3,83.1,32.8,6,14,0,,,-6.743,-10.0,-7.3,0.08,0.0,75.2,-24.7,0.33,0.67,0.0,0.0,-77600,0,0,0,0,1,0,0,0
294036,2022,George Hewett,MID,117.3,107.4,-9.9,6,9,0,73.3,-44.0,-2.686,-2.3,-2.9,1.03,1.0,78.2,-3.7,7.83,1.67,76.4,-2.4,82800,0,1,1,0,1,0,0,0
294036,2023,George Hewett,MID,87.7,73.5,-14.2,7,12,0,89.6,1.9,3.393,14.2,3.3,0.659,0.143,75.7,4.3,3.86,0.14,66.2,8.3,-16400,0,1,1,0,1,0,0,0
294036,2024,George Hewett,MID,98.7,87.5,-11.2,7,13,0,85.8,-12.9,-0.893,-8.2,-0.2,-0.227,0.571,77.4,-3.9,6.43,-0.93,67.0,-23.5,3700,0,0,1,0,1,0,0,0
294036,2025,George Hewett,MID,122.1,106.9,-15.2,8,15,0,87.3,-34.8,1.25,-1.0,-4.3,0.901,0.875,80.9,4.6,7.25,-2.75,73.8,7.8,63200,0,0,1,0,1,0,0,0
294305,2022,Lachie Whitfield,DEF,82.2,89.1,6.8,8,10,0,92.3,10.1,1.905,-1.2,4.1,-0.09,0.0,84.9,-1.9,2.38,0.12,1.9,5.6,-28200,0,0,0,0,0,1,0,0
294305,2023,Lachie Whitfield,DEF,79.7,99.4,19.7,7,14,1,88.9,9.2,8.429,6.7,10.8,-0.546,0.286,77.9,4.6,0.57,-0.07,,,14600,0,0,0,1,0,1,0,0
294305,2024,Lachie Whitfield,DEF,100.3,116.2,15.9,7,15,0,90.4,-9.8,-6.857,-9.3,-11.2,-0.706,0.571,79.4,-3.9,1.29,-0.79,,,-32700,0,1,1,0,0,1,0,0
294305,2025,Lachie Whitfield,DEF,118.7,106.7,-12.0,7,14,0,96.4,-22.3,-2.286,2.8,-3.5,0.07,0.857,80.3,-1.3,1.43,-0.93,0.0,0.0,4200,0,1,1,0,0,1,0,0
294318,2021,Ollie Wines,MID,97.1,121.4,24.2,8,14,0,,,0.321,2.7,-5.8,0.996,0.375,75.6,-0.6,5.12,-1.12,76.2,-0.2,16500,0,0,1,0,1,0,0,0
294318,2022,Ollie Wines,MID,96.4,110.0,13.6,7,14,0,112.5,16.1,0.214,6.7,2.3,-1.506,0.571,70.0,12.5,4.14,0.86,64.8,5.2,-42400,0,0,1,0,1,0,0,0
294318,2023,Ollie Wines,MID,73.0,88.3,15.3,8,15,1,109.1,36.1,0.952,11.3,4.3,-1.161,0.0,71.6,-3.6,4.0,-2.0,55.4,5.6,-25600,0,0,0,0,1,0,0,0
294318,2024,Ollie Wines,MID,99.1,99.5,0.3,7,15,0,100.0,0.8,2.214,-1.3,5.0,-0.918,0.429,70.9,2.1,5.14,-1.14,54.3,6.2,9500,0,1,1,0,1,0,0,0
294318,2025,Ollie Wines,MID,89.0,95.3,6.3,8,12,0,99.8,10.8,-3.548,-5.3,-0.4,-1.11,0.375,65.1,1.4,5.0,0.0,52.4,-4.9,-72200,0,0,1,0,1,0,0,0
294469,2021,Aliir Aliir,DEF,94.0,84.0,-10.0,8,14,0,,,2.81,3.7,-2.2,0.218,0.5,97.0,-2.0,0.25,-0.25,0.0,0.0,81800,0,0,1,0,0,1,0,0
294469,2022,Aliir Aliir,DEF,62.8,77.9,15.1,5,14,0,87.6,24.8,13.2,16.5,10.2,-0.133,0.0,92.8,5.2,0.4,0.1,,,-77300,0,0,0,1,0,1,0,0
294469,2023,Aliir Aliir,DEF,76.6,73.4,-3.3,8,14,0,81.3,4.6,-6.964,-27.5,-13.6,-0.047,0.375,96.8,1.2,0.25,0.25,,,-61500,0,0,0,0,0,1,0,0
294469,2024,Aliir Aliir,DEF,65.0,80.1,15.1,7,15,0,78.9,13.9,-4.821,-4.7,-11.4,-0.681,0.0,87.7,-20.2,0.14,0.36,,,-15000,0,0,0,0,0,1,0,0
294469,2025,Aliir Aliir,DEF,68.4,73.2,4.8,8,14,0,78.0,9.6,-3.75,-4.7,-6.3,-0.317,0.0,99.6,0.4,0.38,0.12,,,-32500,0,0,0,0,0,1,0,0
294508,2022,Aidan Corr,DEF,57.3,75.5,18.3,7,13,0,,,-1.643,-11.0,1.7,0.598,0.143,85.4,5.6,0.43,-0.43,,,-46100,0,0,0,0,0,1,0,0
294508,2023,Aidan Corr,DEF,65.3,71.8,6.5,7,12,0,70.2,4.9,-2.786,-0.2,0.9,-0.352,0.0,88.9,0.6,0.0,0.0,,,-50400,0,0,1,0,0,1,0,0
294508,2024,Aidan Corr,DEF,62.5,65.3,2.8,8,15,0,69.8,7.3,6.929,11.8,5.9,-0.215,0.0,87.4,4.1,0.25,-0.25,,,66200,0,0,0,0,0,1,0,0
294596,2021,Tim Membrey,FWD,73.8,82.5,8.7,8,13,0,,,-5.929,-11.7,-10.2,0.872,0.25,90.0,-3.0,0.0,0.0,,,-43100,0,0,0,0,0,0,1,0
294596,2022,Tim Membrey,FWD,74.2,76.6,2.4,8,14,0,79.1,4.9,-0.571,-9.8,-2.7,0.26,0.0,90.6,-0.1,0.12,-0.12,,,-27300,0,0,0,0,0,0,1,0
294596,2024,Tim Membrey,FWD,60.9,65.3,4.4,8,11,0,74.3,13.5,-0.369,1.0,-0.7,-0.068,0.0,83.9,1.1,0.25,0.25,,,13500,0,0,0,0,0,0,1,0
294596,2025,Tim Membrey,FWD,67.3,54.9,-12.5,6,14,0,71.3,4.0,-6.857,-6.0,-7.7,1.194,0.167,82.2,1.8,0.0,0.0,,,-31700,0,0,0,0,0,0,1,0
294613,2021,Jaeger O'Meara,MID,108.3,91.4,-16.9,6,12,0,,,7.257,4.7,7.0,-0.259,0.667,83.0,-4.5,7.67,-0.67,69.2,1.3,40500,0,0,0,0,1,0,0,0
294613,2022,Jaeger O'Meara,MID,80.1,89.3,9.2,8,13,0,97.1,16.9,4.369,14.0,9.3,-0.023,0.125,78.4,1.6,5.12,-1.12,56.2,-6.8,2500,0,1,1,0,1,0,0,0
294613,2023,Jaeger O'Meara,MID,82.6,79.0,-3.6,8,13,0,91.0,8.4,3.964,17.3,9.3,-0.241,0.25,72.5,6.5,4.38,-0.88,55.9,18.6,23900,0,1,1,0,1,0,0,0
294613,2024,Jaeger O'Meara,MID,45.4,74.5,29.0,7,15,0,87.3,41.9,10.464,9.5,13.1,-0.019,0.0,52.3,23.7,2.29,0.21,2.1,2.4,-18500,0,0,0,0,1,0,0,0
294613,2025,Jaeger O'Meara,MID,79.0,60.2,-18.8,5,8,0,81.4,2.4,-2.9,-9.3,-1.3,-0.315,0.2,75.4,-9.9,4.4,0.1,53.3,-11.8,16400,0,0,0,0,1,0,0,0
294674,2023,Nick Vlastuin,DEF,96.4,89.5,-6.9,8,13,0,93.1,-3.2,3.131,1.7,2.5,-1.024,0.5,88.4,-0.9,0.88,0.62,,,9100,0,0,0,0,0,1,0,0
294674,2024,Nick Vlastuin,DEF,104.7,82.7,-22.0,7,14,0,92.7,-12.0,-2.857,5.5,-1.8,0.042,0.571,93.9,-0.4,0.14,-0.14,,,-13800,0,0,1,0,0,1,0,0
294674,2025,Nick Vlastuin,DEF,91.6,87.6,-4.0,8,14,0,91.9,0.3,4.131,15.3,-1.2,1.322,0.25,83.5,1.0,0.25,-0.25,,,91400,0,0,0,0,0,1,0,0
294685,2021,Zac Williams,FWD,73.6,90.9,17.3,5,9,1,,,-9.9,-5.6,-11.0,-1.405,0.0,76.8,0.7,4.0,-3.0,23.3,-8.8,-36300,0,0,0,1,0,0,1,0
294685,2024,Zac Williams,FWD,66.4,68.6,2.2,7,10,0,81.8,15.4,-0.179,-12.0,-0.2,-0.445,0.0,71.1,-1.1,0.43,0.07,0.0,0.0,10200,0,0,0,0,0,0,1,0
294685,2025,Zac Williams,FWD,51.0,79.3,28.3,7,12,0,75.8,24.8,-1.214,-2.3,-5.6,-0.228,0.0,57.4,-11.4,1.14,0.36,6.3,-2.3,-21000,0,0,0,0,0,0,1,0
295136,2021,Caleb Daniel,DEF,83.3,99.1,15.9,7,14,0,,,2.25,19.0,5.2,-1.049,0.429,81.4,-0.4,1.29,0.21,0.0,0.0,-33200,0,1,1,0,0,1,0,0
295136,2022,Caleb Daniel,DEF,87.0,92.3,5.3,8,10,0,93.9,6.9,-1.286,-9.5,-6.6,-0.011,0.5,83.0,1.5,0.5,-0.5,,,-14800,0,0,0,0,0,1,0,0
295136,2023,Caleb Daniel,DEF,89.5,94.6,5.1,8,15,0,92.1,2.6,0.857,5.7,-0.3,1.026,0.125,78.6,-2.1,2.71,0.79,25.6,19.9,15700,0,0,1,0,0,1,0,0
295136,2024,Caleb Daniel,DEF,55.0,47.4,-7.6,5,10,0,92.3,37.3,-2.6,-1.7,-1.4,0.336,0.0,63.8,-7.3,1.0,-1.0,0.0,0.0,-128400,0,0,0,0,0,1,0,0
295136,2025,Caleb Daniel,DEF,98.4,91.2,-7.2,8,15,0,84.1,-14.3,-1.655,-9.7,-2.4,0.375,0.375,83.9,1.1,1.38,-1.38,0.0,0.0,28700,0,0,0,0,0,1,0,0
295203,2021,Nathan Broad,DEF,71.0,82.7,11.7,8,6,0,,,3.095,5.8,3.3,1.079,0.125,89.0,10.0,0.0,0.0,,,17700,0,0,0,0,0,1,0,0
295203,2022,Nathan Broad,DEF,94.0,76.1,-17.9,8,14,0,76.0,-18.0,-3.333,-9.2,-3.5,-0.639,0.375,88.8,-6.8,0.0,0.0,,,-23600,0,0,1,0,0,1,0,0
295203,2024,Nathan Broad,DEF,78.8,64.2,-14.6,6,15,0,79.9,1.1,2.371,8.2,-0.1,-0.876,0.0,85.3,3.7,0.0,0.0,,,20900,0,0,0,0,0,1,0,0
295203,2025,Nathan Broad,DEF,62.0,69.5,7.5,8,14,0,76.7,14.7,0.714,-12.7,-4.9,0.356,0.0,90.4,1.1,0.25,-0.25,,,500,0,0,0,0,0,1,0,0
295222,2025,Joel Hamling,DEF,54.7,42.9,-11.8,6,8,0,58.8,4.2,-7.314,-11.7,-7.1,0.442,0.0,85.3,-6.3,0.17,0.33,,,20900,1,0,0,0,0,1,0,0
295265,2021,Nick Haynes,DEF,55.7,85.4,29.7,6,13,1,,,-11.486,-11.7,-16.8,-1.026,0.0,73.0,-25.5,0.33,0.17,,,-120600,0,0,0,0,0,1,0,0
295265,2022,Nick Haynes,DEF,62.2,55.5,-6.6,6,11,0,76.0,13.8,-1.571,8.2,-4.3,0.584,0.167,79.7,4.8,0.17,0.33,0.0,0.0,-24400,0,0,0,1,0,1,0,0
295265,2023,Nick Haynes,DEF,94.2,57.5,-36.7,8,11,0,67.4,-26.8,1.119,4.3,0.6,0.099,0.25,84.6,2.9,0.38,-0.38,,,55800,0,1,1,0,0,1,0,0
295265,2025,Nick Haynes,DEF,74.0,83.1,9.1,8,15,0,69.1,-4.9,5.333,3.0,5.7,-0.007,0.0,83.6,3.9,0.5,0.0,,,38600,0,0,0,0,0,1,0,0
295340,2022,Mason Wood,MID,68.0,74.1,6.1,8,11,0,70.7,2.7,-0.381,-2.3,1.1,0.206,0.0,75.2,5.2,1.25,0.75,0.6,-0.6,-23600,0,0,0,0,1,0,0,0
295340,2023,Mason Wood,MID,99.9,89.3,-10.6,8,15,0,71.3,-28.6,-5.083,-9.5,-9.3,-0.211,0.5,89.5,-3.0,1.5,0.5,0.0,0.0,-5300,0,0,1,0,1,0,0,0
295340,2025,Mason Wood,MID,74.9,70.4,-4.5,7,14,0,81.1,6.2,-7.643,-14.8,-10.2,0.298,0.143,85.1,-11.1,0.43,0.07,,,-59600,0,0,1,0,1,0,0,0
295342,2021,Jake Lloyd,MID,107.4,108.0,0.6,8,13,0,,,-0.107,2.5,1.7,0.358,0.75,84.5,1.0,0.88,-0.38,,,-37600,0,1,1,0,1,0,0,0
295342,2022,Jake Lloyd,MID,94.0,91.2,-2.8,7,14,0,107.8,13.8,-0.107,-2.3,3.7,-0.204,0.571,86.1,2.4,1.0,1.0,,,-53200,0,0,0,0,1,0,0,0
295342,2023,Jake Lloyd,MID,103.4,91.4,-11.9,8,14,0,100.0,-3.4,0.488,-6.5,1.4,-0.59,0.75,86.4,2.1,1.12,0.88,,,-2700,0,1,1,0,1,0,0,0
295342,2024,Jake Lloyd,MID,79.7,84.6,4.9,7,15,0,98.5,18.8,-0.036,-3.8,0.2,0.898,0.143,85.1,2.4,0.57,0.93,,,-42500,0,0,1,0,1,0,0,0
295342,2025,Jake Lloyd,MID,78.9,81.5,2.6,7,14,0,94.6,15.7,-2.786,-2.7,-3.1,-0.031,0.0,87.9,1.6,1.29,0.71,,,-28000,0,1,1,0,1,0,0,0
295344,2021,Toby Greene,FWD,96.2,86.2,-10.0,8,9,0,,,-1.357,-5.8,-2.8,0.384,0.375,90.9,-0.4,1.12,-0.12,3.6,8.4,-16700,0,0,0,0,0,0,1,0
295344,2023,Toby Greene,FWD,95.3,88.9,-6.4,7,14,0,84.2,-11.1,4.214,17.8,5.2,-1.452,0.571,93.6,2.4,1.14,0.36,16.2,9.8,72000,0,0,0,0,0,0,1,0
295344,2024,Toby Greene,FWD,76.5,81.3,4.8,6,15,0,86.9,10.4,-2.371,-4.5,-4.0,0.524,0.167,91.2,2.3,0.83,0.17,6.8,-0.3,-22200,0,0,0,0,0,0,1,0
295344,2025,Toby Greene,FWD,86.9,79.2,-7.6,7,13,0,84.9,-2.0,-13.429,-35.7,-16.2,0.164,0.429,90.7,-2.2,3.14,-0.14,34.4,22.6,-96200,0,0,0,0,0,0,1,0
295446,2021,Sam Collins,DEF,75.9,70.9,-5.0,8,11,0,,,-2.083,6.8,0.0,-0.145,0.25,95.1,0.9,0.12,-0.12,,,-10600,0,0,0,0,0,1,0,0
295446,2022,Sam Collins,DEF,71.9,67.1,-4.7,8,14,0,73.0,1.1,-0.655,-9.0,-3.1,-0.424,0.0,97.6,1.9,0.12,-0.12,,,-16800,0,0,0,0,0,1,0,0
295446,2023,Sam Collins,DEF,84.9,66.7,-18.2,8,15,0,70.8,-14.1,1.726,-0.8,-0.5,-0.264,0.25,96.4,3.6,0.25,0.25,,,19200,0,0,0,0,0,1,0,0
295446,2024,Sam Collins,DEF,76.4,78.7,2.3,7,15,0,71.6,-4.9,-4.0,-8.5,-4.0,0.763,0.143,99.0,1.0,0.29,0.71,,,-41700,0,0,0,0,0,1,0,0
295446,2025,Sam Collins,DEF,68.3,73.3,5.0,7,12,0,73.2,4.9,1.429,1.8,8.8,0.21,0.143,93.0,-2.5,0.14,-0.14,,,-54600,0,0,0,0,0,1,0,0
295461,2021,Adam Saad,DEF,80.8,83.7,3.0,8,14,0,,,-5.381,-13.3,-15.2,-0.607,0.375,79.5,-2.5,0.75,-0.25,,,-42300,0,0,0,0,0,1,0,0
295461,2022,Adam Saad,DEF,101.0,104.2,3.2,7,14,0,82.6,-18.4,-5.071,3.7,-10.5,-0.074,0.571,80.0,-4.0,0.71,-0.21,,,22800,0,0,0,0,0,1,0,0
295461,2023,Adam Saad,DEF,102.7,83.5,-19.2,7,15,0,92.7,-10.1,-6.714,-14.3,-8.2,-0.06,0.571,79.4,-8.9,0.71,0.29,,,-55700,0,0,1,0,0,1,0,0
295461,2025,Adam Saad,DEF,86.1,77.6,-8.5,8,13,0,90.9,4.8,3.75,-7.2,5.7,-0.426,0.375,81.9,2.6,1.25,1.25,,,-300,0,0,0,0,0,1,0,0
295467,2021,Jack Macrae,MID,124.9,130.7,5.8,8,14,0,,,-1.536,-6.3,-5.7,-0.036,1.0,82.9,0.6,6.0,-1.5,79.4,-10.4,-3600,0,1,1,0,1,0,0,0
295467,2022,Jack Macrae,MID,125.4,109.4,-15.9,8,14,0,128.6,3.2,-2.298,-13.0,0.5,-0.331,0.625,81.8,0.2,7.75,-0.25,65.6,4.4,-50800,0,0,1,0,1,0,0,0
295467,2023,Jack Macrae,MID,104.4,97.4,-7.0,8,14,0,121.9,17.5,-0.131,-2.3,-4.6,0.359,0.625,78.1,1.4,4.43,3.57,42.5,-17.5,-1300,0,0,0,0,1,0,0,0
295467,2024,Jack Macrae,MID,77.7,70.3,-7.3,6,12,0,114.6,36.9,7.771,16.7,4.1,0.185,0.167,68.2,3.8,2.83,1.67,23.2,-7.2,-7300,0,0,0,0,1,0,0,0
295467,2025,Jack Macrae,MID,115.0,92.2,-22.8,8,13,0,105.6,-9.4,-3.238,8.5,8.0,0.175,0.75,83.6,-5.6,9.25,1.75,78.8,-0.2,-2400,0,0,1,0,1,0,0,0
295584,2021,Bradley Hill,MID,70.0,74.0,4.0,8,14,0,,,4.119,13.7,5.6,1.083,0.125,83.5,3.5,1.0,-0.5,,,31700,0,1,1,0,1,0,0,0
295584,2022,Bradley Hill,MID,76.0,76.0,0.0,8,13,0,72.5,-3.5,-1.952,-3.0,0.5,-0.897,0.0,85.9,4.1,0.38,0.12,,,-20400,0,0,0,0,1,0,0,0
295584,2023,Bradley Hill,MID,70.1,66.8,-3.4,8,13,0,74.2,4.1,0.583,4.0,2.4,-0.24,0.0,90.0,0.5,0.88,0.12,,,-8700,0,0,0,0,1,0,0,0
295584,2024,Bradley Hill,MID,81.6,66.6,-15.0,8,14,0,72.2,-9.4,5.107,-7.2,2.5,0.13,0.25,83.4,5.1,1.38,-0.38,0.0,0.0,44000,0,1,1,1,1,0,0,0
295584,2025,Bradley Hill,MID,75.0,70.8,-4.2,8,14,0,72.2,-2.8,7.405,-0.3,7.5,-0.947,0.25,86.6,3.4,1.38,0.12,,,21000,0,0,0,0,1,0,0,0
295898,2021,Tim Kelly,MID,92.6,80.1,-12.5,8,11,0,,,1.036,12.7,3.5,0.115,0.25,83.8,-0.2,5.88,3.12,79.5,11.5,8600,0,1,1,0,1,0,0,0
295898,2022,Tim Kelly,MID,78.0,90.0,12.0,5,12,1,85.4,7.4,5.3,6.3,5.9,0.1,0.0,81.0,-0.5,4.8,0.2,86.0,-4.0,-28700,0,0,1,0,1,0,0,0
295898,2023,Tim Kelly,MID,99.5,104.6,5.1,8,14,0,85.9,-13.6,-0.905,-8.2,-0.8,0.336,0.5,82.0,-1.5,5.5,0.5,81.4,-1.9,-15500,0,1,1,0,1,0,0,0
295898,2024,Tim Kelly,MID,97.1,94.3,-2.8,8,12,0,92.3,-4.8,1.679,-9.3,4.5,-0.279,0.375,80.6,-3.6,5.75,0.75,81.5,3.0,-28800,0,0,0,0,1,0,0,0
295898,2025,Tim Kelly,MID,71.7,75.3,3.6,6,14,0,93.1,21.4,-4.114,-8.0,-4.1,0.677,0.167,80.8,4.7,4.0,-1.0,53.0,-17.0,-76900,0,0,1,0,1,0,0,0
296190,2022,Jack Martin,FWD,52.7,55.8,3.1,7,5,0,68.2,15.5,0.357,13.3,-7.5,-0.489,0.0,59.1,-5.6,0.14,-0.14,0.8,-0.8,23600,0,0,0,0,0,0,1,0
296205,2021,Jack Steele,MID,113.2,133.3,20.0,8,14,0,,,-1.833,-13.3,-1.8,0.595,0.75,84.8,-1.2,5.62,0.38,78.5,3.0,-72600,0,0,1,0,1,0,0,0
296205,2022,Jack Steele,MID,114.0,106.4,-7.6,8,10,0,126.0,12.0,0.405,-6.7,-7.5,-0.756,0.75,84.6,1.4,5.12,-0.12,79.8,-7.8,-3400,0,1,1,0,1,0,0,0
296205,2023,Jack Steele,MID,92.2,95.6,3.4,5,15,0,118.7,26.5,4.0,-0.5,3.2,-0.283,0.2,79.6,0.9,5.4,1.6,76.0,-7.5,-80300,0,0,1,0,1,0,0,0
296205,2024,Jack Steele,MID,114.5,105.5,-9.0,8,15,0,110.7,-3.8,-5.048,-24.2,-5.3,-0.628,0.75,82.8,-1.8,5.62,-0.62,89.6,2.9,-58300,0,1,1,0,1,0,0,0
296205,2025,Jack Steele,MID,89.3,96.2,6.9,6,15,0,110.1,20.8,4.4,0.7,8.8,-0.636,0.5,76.5,4.0,5.5,1.0,85.6,10.4,-74700,0,0,1,0,1,0,0,0
296254,2021,Jarman Impey,DEF,98.2,79.0,-19.2,8,5,0,,,0.976,-1.5,4.4,-0.507,0.625,80.1,0.4,0.62,0.38,3.5,-2.0,46000,0,1,1,0,0,1,0,0
296254,2022,Jarman Impey,DEF,63.0,61.0,-2.0,5,11,0,90.8,27.8,5.6,-3.7,7.0,-0.747,0.0,78.8,3.2,0.0,0.0,,,-114700,0,0,0,0,0,1,0,0
296254,2023,Jarman Impey,DEF,75.5,79.1,3.6,8,14,0,74.7,-0.8,-0.071,-1.2,-3.8,0.34,0.125,79.0,1.0,0.71,-0.21,,,25600,0,0,0,0,0,1,0,0
296254,2024,Jarman Impey,DEF,84.6,82.9,-1.7,8,15,0,76.0,-8.6,3.512,11.5,10.3,0.788,0.25,82.1,1.9,0.75,-0.25,,,28600,0,0,1,0,0,1,0,0
296254,2025,Jarman Impey,DEF,65.6,99.5,34.0,7,13,1,78.4,12.8,1.464,8.0,5.7,-0.169,0.0,78.9,-5.4,0.57,0.43,,,-35100,0,0,0,0,0,1,0,0
296269,2022,Darcy Gardiner,DEF,69.4,58.2,-11.2,7,11,0,54.4,-15.0,-2.143,-5.3,0.2,-1.006,0.0,89.6,0.9,0.0,0.0,,,-3800,0,0,0,1,0,1,0,0
296291,2021,Jake Kolodjashnij,DEF,70.3,55.1,-15.3,6,13,0,,,-6.857,-7.0,-9.5,-0.671,0.0,86.0,-10.5,0.17,-0.17,,,15000,0,0,0,0,0,1,0,0
296291,2022,Jake Kolodjashnij,DEF,62.8,52.7,-10.1,8,12,0,59.9,-2.9,4.524,11.0,11.0,0.866,0.125,82.9,9.1,0.38,-0.38,,,18000,0,0,0,0,0,1,0,0
296291,2023,Jake Kolodjashnij,DEF,68.8,54.7,-14.1,5,14,0,58.3,-10.5,3.2,5.2,3.9,0.241,0.0,88.8,-1.3,0.0,0.0,,,41900,0,0,0,0,0,1,0,0
296291,2024,Jake Kolodjashnij,DEF,63.6,72.2,8.6,7,15,0,58.3,-5.3,-4.714,-6.3,-1.4,-0.139,0.0,83.6,1.4,0.0,0.0,,,-45800,0,0,0,0,0,1,0,0
296294,2021,Blake Acres,MID,64.5,63.8,-0.7,8,10,0,,,3.262,-1.5,-1.1,-1.104,0.0,79.1,-0.6,0.88,-0.38,,,-5500,0,0,0,0,1,0,0,0
296294,2022,Blake Acres,MID,93.4,76.1,-17.3,7,11,0,64.1,-29.3,3.929,4.7,7.6,0.976,0.286,82.0,0.5,2.0,-0.5,0.0,0.0,49400,0,0,1,0,1,0,0,0
296294,2023,Blake Acres,MID,92.7,85.1,-7.6,7,15,0,73.5,-19.2,5.286,10.2,7.1,-0.115,0.571,84.0,-4.0,2.43,2.07,0.8,-0.8,39600,0,1,1,0,1,0,0,0
296294,2024,Blake Acres,MID,98.3,89.6,-8.6,7,14,0,78.8,-19.5,3.679,1.2,2.8,0.781,0.286,85.9,2.6,1.86,0.64,,,28600,0,1,1,0,1,0,0,0
296294,2025,Blake Acres,MID,61.7,74.5,12.8,7,12,0,82.4,20.7,3.643,3.0,-1.6,0.75,0.143,80.9,-5.4,0.86,0.14,,,-2700,0,0,1,0,1,0,0,0
296324,2022,Jesse Hogan,FWD,74.7,88.9,14.2,6,12,1,75.4,0.7,2.286,3.7,3.4,0.543,0.333,82.0,0.5,0.0,0.0,,,-9000,0,1,1,0,0,0,1,0
296324,2023,Jesse Hogan,FWD,71.9,77.1,5.2,8,12,0,81.5,9.6,-1.821,-3.8,1.3,-0.184,0.0,85.2,-0.2,0.38,0.62,,,-35900,0,1,1,0,0,0,1,0
296324,2024,Jesse Hogan,FWD,87.3,93.4,6.1,7,15,0,78.7,-8.6,-10.964,0.7,-14.8,1.38,0.286,83.9,-1.4,0.43,-0.43,,,-30300,0,0,0,0,0,0,1,0
296324,2025,Jesse Hogan,FWD,85.2,73.7,-11.5,5,10,0,82.8,-2.4,-12.8,-18.2,-9.5,0.933,0.2,91.0,-0.5,0.2,-0.2,,,-43400,0,0,0,0,0,0,1,0
296347,2021,Josh Kelly,MID,98.1,112.4,14.3,8,13,0,,,2.393,3.5,5.3,0.17,0.375,86.0,-1.5,2.75,2.25,22.4,32.6,-28000,0,1,1,0,1,0,0,0
296347,2022,Josh Kelly,MID,105.0,106.2,1.2,8,13,0,107.0,2.0,0.19,9.2,-1.6,0.981,0.5,84.1,-3.1,4.5,1.0,53.8,-12.2,20200,0,0,1,0,1,0,0,0
296347,2023,Josh Kelly,MID,110.3,96.6,-13.7,7,12,0,106.4,-3.9,2.071,3.3,5.9,0.132,0.571,81.4,0.1,4.71,0.79,70.2,-10.7,1400,0,0,1,1,1,0,0,0
296347,2024,Josh Kelly,MID,107.1,93.1,-14.0,7,7,0,104.9,-2.3,2.786,13.3,-1.4,-0.008,0.571,82.7,0.8,3.57,0.93,46.7,7.8,55400,0,0,1,0,1,0,0,0
296347,2025,Josh Kelly,MID,92.3,78.4,-13.9,6,7,0,104.0,11.7,-1.657,-1.0,-4.1,0.56,0.333,82.3,-1.8,2.5,-1.5,44.8,-9.3,-13100,0,0,0,0,1,0,0,0
296355,2022,Luke McDonald,DEF,90.5,87.4,-3.1,8,14,0,68.4,-22.1,-1.143,14.3,-1.5,-0.61,0.375,86.6,0.9,0.88,0.62,,,66400,0,1,1,0,0,1,0,0
296355,2023,Luke McDonald,DEF,89.9,71.1,-18.8,8,14,0,81.8,-8.1,1.321,6.5,2.2,-0.642,0.375,90.5,-1.0,0.12,-0.12,,,7900,0,0,0,0,0,1,0,0
296355,2024,Luke McDonald,DEF,61.6,68.6,7.0,7,15,0,80.2,18.7,0.786,-8.5,3.9,-0.072,0.0,79.1,8.4,0.43,0.57,,,-59200,0,0,0,0,0,1,0,0
296355,2025,Luke McDonald,DEF,68.5,75.7,7.2,8,7,0,76.3,7.8,-4.024,-8.3,-2.2,0.358,0.0,83.6,3.9,0.25,0.25,,,-57800,0,0,0,0,0,1,0,0
296359,2021,Christian Salem,DEF,105.6,87.7,-17.9,8,13,0,,,4.393,16.0,1.9,1.031,0.625,87.4,1.1,0.88,0.12,,,86500,0,0,1,0,0,1,0,0
296359,2024,Christian Salem,DEF,57.4,89.1,31.7,5,11,1,83.0,25.6,-19.2,-16.1,-18.7,-0.996,0.0,65.0,-20.5,0.6,0.4,8.2,-8.2,-74000,0,0,0,0,0,1,0,0
296359,2025,Christian Salem,DEF,88.5,92.8,4.3,8,15,0,82.0,-6.5,-4.095,2.5,-7.2,-0.192,0.375,85.4,-3.9,0.75,-0.25,0.0,0.0,7300,0,0,1,0,0,1,0,0
296420,2021,Alex Neal-Bullen,FWD,70.6,74.2,3.6,8,14,0,,,-3.298,-1.5,-1.4,-0.885,0.125,72.1,0.4,2.0,-1.0,2.5,4.0,-14900,0,0,0,0,0,0,1,0
296420,2022,Alex Neal-Bullen,FWD,81.3,66.2,-15.1,7,14,0,72.9,-8.4,-3.464,-2.8,-4.2,-0.058,0.143,83.7,-0.7,1.0,0.5,4.8,2.2,-7800,0,0,1,0,0,0,1,0
296420,2023,Alex Neal-Bullen,FWD,71.2,72.5,1.2,8,15,0,72.1,0.8,1.667,1.3,0.2,0.709,0.0,76.4,-3.4,0.38,0.12,2.9,-2.9,10000,0,0,0,0,0,0,1,0
296420,2024,Alex Neal-Bullen,FWD,80.6,87.5,7.0,7,15,0,72.1,-8.5,-3.679,-20.2,-2.3,0.908,0.286,79.7,1.8,1.86,-0.36,9.3,16.7,-53800,0,0,0,0,0,0,1,0
296420,2025,Alex Neal-Bullen,FWD,83.5,74.7,-8.8,8,15,0,75.4,-8.1,3.833,17.5,4.9,0.397,0.25,83.4,-0.4,1.12,0.38,,,47900,0,0,0,0,0,0,1,0
296422,2021,Callum Wilkie,DEF,76.1,71.5,-4.6,8,14,0,,,3.155,4.2,9.4,0.058,0.25,94.9,1.6,0.25,-0.25,,,-10700,0,0,0,0,0,1,0,0
296422,2022,Callum Wilkie,DEF,79.2,84.3,5.0,8,14,0,73.2,-6.1,2.048,6.3,8.7,0.363,0.125,97.6,2.4,0.25,-0.25,,,1900,0,0,0,0,0,1,0,0
296422,2023,Callum Wilkie,DEF,93.0,94.9,1.9,8,15,0,77.8,-15.2,3.333,-23.7,5.9,-0.26,0.5,98.1,-1.1,0.12,-0.12,,,-27600,0,1,1,0,0,1,0,0
296422,2024,Callum Wilkie,DEF,84.5,95.6,11.1,8,15,0,83.4,-1.1,1.095,2.7,3.2,-0.171,0.25,99.8,0.2,0.12,-0.12,,,-27400,0,0,0,0,0,1,0,0
296422,2025,Callum Wilkie,DEF,95.5,90.9,-4.6,8,15,0,85.6,-9.9,5.881,13.7,6.7,-0.462,0.625,99.6,-1.1,0.25,-0.25,,,58900,0,0,1,0,0,1,0,0
296733,2021,Mark Blicavs,RUC,76.5,88.4,11.9,8,13,1,,,0.429,-3.5,3.0,0.177,0.125,91.6,0.4,1.5,2.0,15.9,17.1,-38300,0,1,1,1,0,0,0,1
296733,2022,Mark Blicavs,RUC,96.5,98.2,1.7,8,13,0,83.9,-12.6,7.833,11.2,8.9,-0.62,0.625,85.1,0.9,2.75,3.25,23.1,32.9,72300,0,1,1,1,0,0,0,1
296733,2023,Mark Blicavs,RUC,93.2,90.4,-2.9,8,11,0,90.7,-2.5,5.405,6.3,6.8,-0.002,0.375,82.0,2.0,4.38,1.12,74.1,7.9,36300,0,0,0,0,0,0,0,1
296733,2024,Mark Blicavs,RUC,67.1,68.8,1.7,8,14,0,91.0,23.9,-5.56,-4.8,-5.2,0.755,0.0,80.1,0.4,2.62,0.38,51.1,29.9,-76800,0,0,1,0,0,0,0,1
296733,2025,Mark Blicavs,RUC,85.3,76.7,-8.6,7,15,0,84.9,-0.3,0.536,6.7,1.6,-1.144,0.286,85.4,5.1,3.14,-0.64,35.0,36.5,26600,0,0,0,0,0,0,0,1
297255,2023,Mitch McGovern,DEF,82.6,79.0,-3.6,7,12,0,64.3,-18.2,-3.393,-8.3,-5.1,0.155,0.286,72.0,-1.0,0.29,-0.29,,,23300,0,0,0,0,0,1,0,0
297255,2025,Mitch McGovern,DEF,71.4,65.0,-6.4,8,9,0,74.5,3.2,5.821,2.5,-1.0,0.515,0.25,81.2,-2.2,0.12,-0.12,,,69200,0,0,0,0,0,1,0,0
297354,2021,Karl Amon,DEF,97.8,90.9,-6.8,8,14,0,,,2.167,5.8,2.8,-0.175,0.5,81.8,2.2,1.5,0.0,15.6,0.4,48800,0,0,1,0,0,1,0,0
297354,2022,Karl Amon,DEF,90.2,93.5,3.2,8,14,0,93.4,3.2,-3.643,3.5,-1.9,1.687,0.125,81.8,0.8,2.0,-1.5,23.9,-8.9,-33000,0,0,0,0,0,1,0,0
297354,2023,Karl Amon,DEF,82.0,89.2,7.2,8,13,0,92.9,10.9,-2.238,-4.8,-4.4,-0.293,0.25,83.1,3.4,1.14,-1.14,0.5,-0.5,-27100,0,0,0,0,0,1,0,0
297354,2024,Karl Amon,DEF,85.5,94.9,9.4,8,15,0,90.8,5.3,-1.905,-11.5,-5.5,0.691,0.25,79.2,3.2,1.25,1.25,0.5,-0.5,-23700,0,0,1,0,0,1,0,0
297354,2025,Karl Amon,DEF,105.0,92.1,-12.9,6,15,0,91.0,-14.0,-0.343,2.7,-1.7,0.686,0.5,80.5,-6.0,1.0,0.0,,,-1100,0,0,0,0,0,1,0,0
297373,2021,Marcus Bontempelli,MID,119.6,119.8,0.2,8,14,0,,,4.798,9.7,9.5,-0.123,0.75,85.5,0.5,4.62,1.38,67.9,4.1,28600,0,1,1,0,1,0,0,0
297373,2022,Marcus Bontempelli,MID,108.4,120.0,11.6,7,14,0,119.7,11.3,-0.357,-7.3,0.0,0.71,0.857,83.9,1.1,3.43,2.57,54.7,5.8,-35400,0,0,1,1,1,0,0,0
297373,2023,Marcus Bontempelli,MID,132.0,128.4,-3.6,8,15,0,118.0,-14.0,8.167,18.7,9.2,0.344,0.875,83.7,-1.7,9.29,1.71,82.2,8.2,113300,0,0,1,0,1,0,0,0
297373,2024,Marcus Bontempelli,MID,119.4,130.1,10.8,8,15,0,122.0,2.7,-0.964,7.5,4.2,-0.928,0.875,83.1,-3.6,6.0,0.0,78.4,10.1,-41400,0,1,1,0,1,0,0,0
297456,2021,Nick Holman,MID,63.4,66.9,3.5,8,8,0,,,6.131,18.3,8.6,1.04,0.125,65.5,10.5,1.12,0.38,5.9,-1.4,68600,0,0,0,0,1,0,0,0
297456,2022,Nick Holman,MID,57.8,66.9,9.2,8,12,0,65.1,7.4,-4.071,0.0,-8.8,0.188,0.0,80.1,-3.1,0.25,0.25,,,3700,0,0,0,0,1,0,0,0
297456,2023,Nick Holman,MID,72.0,62.6,-9.4,7,12,0,64.1,-7.9,0.714,4.5,3.8,0.09,0.143,83.9,0.6,1.14,-0.64,0.5,-0.5,1300,0,0,0,0,1,0,0,0
297456,2024,Nick Holman,MID,44.0,57.5,13.5,7,13,0,64.8,20.8,1.036,-3.8,-0.6,1.357,0.0,79.1,-2.1,0.43,-0.43,,,-21200,0,0,0,0,1,0,0,0
297456,2025,Nick Holman,MID,40.8,38.4,-2.4,6,10,0,61.6,20.7,-0.2,0.2,0.4,0.068,0.0,59.5,24.0,1.5,0.5,,,-51000,0,0,0,0,1,0,0,0
297504,2022,Daniel McStay,FWD,66.4,64.9,-1.5,8,11,0,75.7,9.3,0.036,-15.8,-9.7,-0.327,0.25,82.8,-24.2,0.25,0.25,0.0,0.0,-23400,0,0,0,0,0,0,1,0
297504,2023,Daniel McStay,FWD,49.2,65.3,16.1,5,7,0,70.5,21.3,-9.2,-4.5,-10.0,-1.015,0.0,76.6,-26.6,1.4,1.6,22.8,9.8,-39500,0,0,0,0,0,0,1,0
297504,2025,Daniel McStay,FWD,71.2,62.9,-8.3,6,11,0,66.9,-4.3,-9.8,-8.8,-15.3,0.017,0.167,76.3,-10.8,1.5,-1.0,11.0,-2.5,15600,0,0,0,0,0,0,1,0
297523,2021,Reilly O'Brien,RUC,87.8,100.9,13.2,8,12,0,,,1.333,-17.0,-9.1,0.223,0.5,90.4,-5.9,3.5,-1.0,91.8,-0.2,-17100,0,0,1,0,0,0,0,1
297523,2022,Reilly O'Brien,RUC,97.0,105.0,8.0,8,12,0,95.6,-1.3,-3.19,-3.7,-9.1,-0.176,0.5,88.4,-3.9,3.75,1.75,88.4,-1.9,-600,0,0,1,0,0,0,0,1
297523,2023,Reilly O'Brien,RUC,94.6,96.4,1.8,8,15,0,98.7,4.1,0.226,5.0,7.9,0.432,0.375,80.8,1.2,3.25,-2.25,83.2,-6.2,-41200,0,1,1,0,0,0,0,1
297523,2024,Reilly O'Brien,RUC,82.1,100.2,18.0,8,13,0,97.7,15.5,-0.464,4.0,-0.2,0.571,0.125,86.5,-5.5,4.12,-1.62,87.0,1.5,-11000,0,0,1,0,0,0,0,1
297523,2025,Reilly O'Brien,RUC,83.5,104.0,20.5,8,15,0,96.6,13.1,2.881,12.5,3.8,0.465,0.125,84.1,0.9,2.5,-1.5,87.1,1.4,18200,0,0,1,0,0,0,0,1
297566,2022,James Sicily,DEF,111.8,114.4,2.7,8,14,0,,,4.595,2.8,5.5,-0.524,0.875,90.9,1.1,0.12,-0.12,0.0,0.0,64100,0,1,1,0,0,1,0,0
297566,2023,James Sicily,DEF,98.1,125.6,27.5,8,11,0,113.5,15.3,-2.345,2.8,-6.7,-0.377,0.5,94.0,0.0,0.71,-0.21,0.0,0.0,-17400,0,0,1,0,0,1,0,0
297566,2024,James Sicily,DEF,94.5,101.8,7.3,8,12,0,113.7,19.2,4.786,6.3,7.4,-1.293,0.5,92.8,-5.2,0.62,0.38,0.6,-0.6,-12900,0,0,0,0,0,1,0,0
297566,2025,James Sicily,DEF,93.1,86.8,-6.3,7,12,0,108.9,15.7,-1.786,-3.8,1.4,-0.172,0.429,92.4,-7.4,0.29,-0.29,,,-43500,0,1,1,1,0,1,0,0
297899,2022,James Harmes,MID,90.4,68.1,-22.3,8,9,0,87.1,-3.3,-0.583,-4.5,1.4,0.84,0.25,71.8,3.2,1.5,-0.5,10.2,1.8,-22900,0,0,0,0,1,0,0,0
297899,2025,James Harmes,MID,73.6,65.2,-8.4,7,6,0,73.9,0.4,1.179,-8.0,2.1,-0.86,0.286,67.0,11.0,1.29,0.21,3.7,-2.2,-25600,0,0,1,0,1,0,0,0
297907,2022,Nic Newman,DEF,74.8,84.2,9.4,8,11,0,87.6,12.9,1.595,0.8,3.1,0.469,0.125,81.8,1.2,0.25,-0.25,,,-28100,0,0,0,1,0,1,0,0
297907,2023,Nic Newman,DEF,96.1,102.7,6.6,8,13,0,83.4,-12.8,0.155,9.0,-3.5,0.124,0.5,90.9,-1.4,0.38,0.62,,,31200,0,0,0,0,0,1,0,0
297907,2024,Nic Newman,DEF,96.1,104.5,8.4,7,15,0,89.9,-6.2,7.679,21.0,11.5,0.471,0.429,86.3,1.7,1.43,0.07,,,43900,0,0,1,0,0,1,0,0
298174,2021,Toby Nankervis,RUC,92.8,94.4,1.6,8,8,0,,,0.81,-6.2,-5.8,0.634,0.375,78.6,-0.1,4.12,-2.12,79.4,-1.4,29400,0,0,1,0,0,0,0,1
298174,2022,Toby Nankervis,RUC,89.9,100.2,10.3,8,14,0,93.6,3.7,4.821,10.3,9.4,-0.003,0.25,73.2,-2.8,3.0,-0.5,68.1,-3.1,14300,0,0,1,0,0,0,0,1
298174,2024,Toby Nankervis,RUC,102.1,114.3,12.1,7,14,0,97.8,-4.3,-5.071,-4.3,-9.8,0.103,0.429,81.0,-2.0,4.29,-1.29,83.6,4.4,-19000,0,0,1,0,0,0,0,1
298174,2025,Toby Nankervis,RUC,98.8,97.4,-1.4,8,14,0,101.3,2.6,-1.69,-10.2,-7.2,-0.232,0.5,80.8,-0.2,5.5,0.5,81.2,-0.8,-23600,0,0,1,0,0,0,0,1
298210,2021,Christian Petracca,MID,103.1,116.1,12.9,8,14,0,,,-0.417,-6.5,-5.7,0.788,0.375,87.1,1.4,5.88,0.62,79.4,7.6,-16800,0,0,1,0,1,0,0,0
298210,2022,Christian Petracca,MID,114.4,111.2,-3.2,8,14,0,111.4,-3.0,-4.655,4.2,-3.3,0.61,0.625,88.2,-1.2,4.38,-0.88,86.0,-2.0,-16700,0,1,1,0,1,0,0,0
298210,2023,Christian Petracca,MID,114.9,121.9,7.1,8,15,0,111.9,-3.0,5.798,10.2,6.8,1.599,0.75,82.8,-3.8,6.0,0.0,60.2,-4.2,39300,0,0,1,0,1,0,0,0
298210,2024,Christian Petracca,MID,106.9,97.2,-9.7,7,5,0,114.5,7.6,-7.821,-22.8,-6.2,-0.111,0.429,78.3,-0.8,5.29,-0.79,58.9,-6.9,-108400,0,0,1,0,1,0,0,0
298210,2025,Christian Petracca,MID,99.5,94.9,-4.6,8,15,0,112.7,13.2,6.167,14.0,9.8,0.679,0.25,84.9,-2.4,3.75,1.25,63.5,2.5,40700,0,1,1,0,1,0,0,0
298211,2022,Darcy Fort,RUC,76.5,62.3,-14.2,8,9,0,,,-0.024,7.8,1.0,-0.642,0.25,81.5,4.0,3.25,2.25,41.0,-3.5,20000,0,0,0,0,0,0,0,1
298264,2021,Ed Langdon,MID,97.9,74.0,-23.9,8,13,0,,,-0.56,-0.2,-0.3,0.16,0.5,93.5,2.0,0.88,0.12,,,-14800,0,0,1,0,1,0,0,0
298264,2022,Ed Langdon,MID,90.6,72.0,-18.6,8,13,0,83.1,-7.5,1.417,9.3,5.3,-0.049,0.375,99.1,0.9,1.5,0.5,,,20900,0,0,0,0,1,0,0,0
298264,2023,Ed Langdon,MID,74.2,71.5,-2.7,8,15,0,81.1,6.8,-2.143,-15.0,-9.9,0.245,0.25,91.0,-3.0,1.5,0.0,,,-26000,0,0,0,0,1,0,0,0
298264,2024,Ed Langdon,MID,80.9,80.9,0.0,7,14,0,78.0,-2.8,0.321,8.3,2.6,-0.895,0.143,93.1,0.9,1.14,-0.64,0.0,0.0,2400,0,1,1,0,1,0,0,0
298264,2025,Ed Langdon,MID,86.1,64.5,-21.6,8,15,0,78.7,-7.4,0.583,-12.3,-0.6,0.808,0.25,88.5,-9.5,1.25,0.75,7.6,-6.1,-14200,0,0,1,0,1,0,0,0
298268,2021,Liam Duggan,DEF,80.7,70.4,-10.3,7,7,0,,,2.821,7.2,0.6,1.014,0.143,84.6,0.9,0.86,0.14,13.3,1.2,30500,0,0,0,0,0,1,0,0
298268,2022,Liam Duggan,DEF,77.2,79.9,2.7,6,14,0,75.6,-1.6,-4.029,-5.2,-7.8,0.234,0.167,79.2,-2.7,1.33,-0.33,5.8,-5.8,-11300,0,0,0,0,0,1,0,0
298268,2023,Liam Duggan,DEF,79.5,96.1,16.6,8,14,1,77.6,-1.9,4.0,0.2,1.7,0.392,0.125,84.5,0.5,0.75,1.25,9.9,16.6,36100,0,1,1,0,0,1,0,0
298268,2024,Liam Duggan,DEF,95.5,80.3,-15.2,8,13,0,82.5,-13.0,2.5,-1.5,2.1,-0.341,0.5,85.5,3.0,1.38,0.62,4.1,12.4,-9700,0,1,1,0,0,1,0,0
298268,2025,Liam Duggan,DEF,73.4,83.5,10.2,8,13,0,83.5,10.1,2.036,2.7,3.7,-0.504,0.0,81.2,4.2,1.12,-0.62,0.5,-0.5,-5300,0,0,0,0,0,1,0,0
298272,2021,Touk Miller,MID,111.6,132.5,20.8,8,13,0,,,3.964,11.7,3.4,-0.167,0.625,83.1,-0.1,4.0,-1.0,72.7,8.3,43900,0,0,1,0,1,0,0,0
298272,2022,Touk Miller,MID,118.2,121.5,3.2,8,14,0,124.5,6.3,0.786,15.5,3.5,0.027,0.75,86.1,-0.6,6.88,0.62,78.5,2.5,14300,0,0,0,0,1,0,0,0
298272,2023,Touk Miller,MID,102.8,93.1,-9.7,6,7,0,122.4,19.5,-8.257,-6.5,-14.7,-1.539,0.833,83.0,-10.0,6.67,-1.17,74.8,-5.8,-46400,0,1,1,0,1,0,0,0
298272,2024,Touk Miller,MID,114.9,92.6,-22.3,7,10,0,116.6,1.8,-2.321,-1.2,-4.8,0.105,0.571,80.6,-0.6,5.29,-0.29,68.9,-12.4,6000,0,0,1,0,1,0,0,0
298272,2025,Touk Miller,MID,113.6,107.3,-6.3,7,13,0,113.2,-0.4,-3.107,-2.5,-1.6,0.427,1.0,81.3,0.7,5.71,-0.21,58.3,1.2,-12300,0,1,1,0,1,0,0,0
298280,2021,Jayden Laverde,DEF,68.1,64.3,-3.8,8,14,0,,,3.107,4.5,0.2,1.289,0.125,86.9,-6.4,0.38,-0.38,,,53200,0,0,1,1,0,1,0,0
298280,2022,Jayden Laverde,DEF,56.6,74.7,18.1,8,14,0,65.7,9.1,-0.869,-10.7,-0.9,-0.505,0.0,77.9,10.1,0.25,0.25,,,-51800,0,0,0,0,0,1,0,0
298280,2023,Jayden Laverde,DEF,68.3,74.1,5.7,6,13,0,66.9,-1.4,0.571,5.3,-2.1,0.795,0.167,82.7,-18.2,0.33,0.17,,,7300,0,0,0,0,0,1,0,0
298280,2024,Jayden Laverde,DEF,61.1,70.4,9.3,7,14,0,68.5,7.4,1.964,5.2,4.9,0.099,0.0,93.1,-4.1,0.0,0.0,,,-24800,0,0,0,0,0,1,0,0
298281,2021,Jake Lever,DEF,89.4,91.8,2.4,8,14,0,,,-6.964,-18.5,-17.4,-0.57,0.625,99.2,0.8,0.0,0.0,,,-20600,0,0,0,0,0,1,0,0
298281,2023,Jake Lever,DEF,78.4,73.5,-4.9,7,15,0,81.0,2.6,-8.179,-8.0,-8.7,0.708,0.286,98.1,-0.1,0.14,-0.14,,,-29800,0,0,0,0,0,1,0,0
298281,2024,Jake Lever,DEF,89.6,58.3,-31.3,7,10,0,78.9,-10.7,8.607,21.5,10.6,-0.355,0.429,90.6,5.9,0.43,0.57,,,76500,0,0,0,1,0,1,0,0
298288,2021,Darcy Moore,DEF,83.4,99.8,16.4,8,5,0,,,-5.345,-0.7,5.0,-0.138,0.375,94.0,-4.5,0.12,-0.12,,,-68900,0,0,0,0,0,1,0,0
298288,2022,Darcy Moore,DEF,80.2,84.2,3.9,8,13,0,89.7,9.4,0.167,4.7,1.3,-0.352,0.25,98.2,0.8,0.25,-0.25,,,500,0,0,0,1,0,1,0,0
298288,2023,Darcy Moore,DEF,87.8,92.2,4.5,8,13,0,85.4,-2.4,5.452,20.5,8.1,-0.758,0.375,96.6,-1.6,0.0,0.0,,,77500,0,0,0,0,0,1,0,0
298288,2024,Darcy Moore,DEF,79.3,72.7,-6.6,7,15,0,87.3,8.0,3.036,9.2,4.3,-0.042,0.143,93.6,1.4,0.0,0.0,0.0,0.0,-2500,0,0,0,0,0,1,0,0
298288,2025,Darcy Moore,DEF,69.0,63.7,-5.3,6,13,0,83.8,14.8,-9.6,-13.7,-9.5,-0.764,0.0,92.2,-6.7,0.17,-0.17,,,-51600,0,0,0,0,0,1,0,0
298289,2021,Peter Wright,FWD,77.2,85.6,8.3,8,12,1,,,2.452,8.5,-4.6,1.539,0.125,83.0,-4.0,1.88,-0.38,46.9,-31.4,94800,0,0,0,0,0,0,1,0
298289,2022,Peter Wright,FWD,80.8,76.9,-3.9,8,14,0,82.2,1.5,0.024,2.2,9.4,-0.165,0.25,95.9,4.1,0.38,0.12,7.9,-7.9,-59500,0,0,1,0,0,0,1,0
298290,2021,Marc Pittonet,RUC,84.2,86.2,2.0,8,5,0,,,-1.952,-5.5,-2.1,0.196,0.25,83.0,-1.5,4.75,1.75,84.2,2.2,-32600,0,0,0,0,0,0,0,1
298290,2023,Marc Pittonet,RUC,73.6,67.2,-6.3,7,8,0,79.3,5.8,5.536,24.3,5.8,-0.864,0.286,63.7,22.3,2.86,1.64,72.9,15.1,50800,0,0,0,0,0,0,0,1
298409,2022,Alex Pearce,DEF,53.6,63.2,9.7,7,12,0,55.8,2.2,1.464,-4.8,4.5,0.193,0.0,87.6,6.9,0.14,0.36,,,-20500,0,0,0,0,0,1,0,0
298409,2023,Alex Pearce,DEF,58.2,59.1,0.9,8,15,0,58.3,0.1,-5.238,-0.8,-3.5,0.205,0.0,96.0,-0.5,0.25,-0.25,,,-45200,0,0,0,0,0,1,0,0
298409,2024,Alex Pearce,DEF,73.0,63.0,-10.0,8,7,0,58.6,-14.4,-1.833,-3.7,-6.0,-0.026,0.125,96.5,-6.0,0.12,-0.12,,,25300,0,0,0,0,0,1,0,0
298409,2025,Alex Pearce,DEF,76.1,58.4,-17.7,8,7,0,60.7,-15.4,1.179,-1.5,6.3,0.411,0.125,93.0,2.5,0.38,0.12,,,-1800,0,0,0,1,0,1,0,0
298421,2022,Jade Gresham,FWD,87.8,87.3,-0.5,8,10,0,,,-3.214,-18.0,-10.1,-0.414,0.5,84.2,-3.2,3.38,-2.38,66.4,-23.4,15600,0,0,0,0,0,0,1,0
298421,2023,Jade Gresham,FWD,68.6,65.7,-2.9,8,14,0,84.8,16.2,-1.321,12.0,-4.4,-0.778,0.125,82.1,-7.1,1.12,0.38,34.0,-16.0,-9000,0,1,1,0,0,0,1,0
298421,2024,Jade Gresham,FWD,67.4,54.4,-13.0,8,14,0,75.6,8.2,-1.964,7.0,-4.9,0.633,0.125,84.2,4.8,2.25,-0.25,0.0,0.0,19900,0,0,0,0,0,0,1,0
298421,2025,Jade Gresham,FWD,56.9,54.2,-2.7,7,12,0,70.0,13.1,-2.857,-17.0,-0.0,0.513,0.143,71.1,4.9,1.71,0.79,0.0,0.0,-61900,0,0,0,0,0,0,1,0
298437,2021,Callum Ah Chee,FWD,56.0,47.2,-8.8,7,13,0,,,3.393,10.3,3.0,0.102,0.0,83.0,2.5,0.29,-0.29,0.5,-0.5,3700,0,0,0,0,0,0,1,0
298437,2022,Callum Ah Chee,FWD,55.8,51.3,-4.5,8,10,0,50.3,-5.5,1.952,-2.7,2.8,-0.922,0.0,72.6,-0.1,0.25,-0.25,,,1100,1,0,0,0,0,0,1,0
298437,2024,Callum Ah Chee,FWD,49.2,69.9,20.8,6,15,0,53.0,3.8,-9.343,-18.5,-9.4,-0.039,0.0,67.5,-9.5,1.5,0.5,,,-68900,0,0,0,0,0,0,1,0
298437,2025,Callum Ah Chee,FWD,69.9,61.3,-8.6,8,14,0,56.4,-13.5,-1.369,-18.8,0.0,0.796,0.125,77.5,2.5,0.62,0.88,,,-36500,0,0,0,0,0,0,1,0
298470,2021,Shane McAdam,FWD,46.1,58.2,12.1,7,8,0,,,-4.143,-11.2,-4.2,0.294,0.0,72.3,1.7,0.0,0.0,,,-78600,0,0,0,1,0,0,1,0
298524,2021,Lachie Weller,MID,80.4,62.6,-17.8,8,5,0,,,0.417,1.2,3.0,0.334,0.0,77.9,-2.4,1.62,-0.12,25.6,9.9,-17000,0,0,1,0,1,0,0,0
298524,2025,Lachie Weller,MID,59.0,62.7,3.7,7,9,0,76.2,17.2,-5.179,-1.7,-12.3,-0.242,0.0,70.1,-21.6,1.57,-0.07,7.2,-5.7,15800,0,0,0,0,1,0,0,0
298539,2021,Isaac Heeney,MID,69.3,89.6,20.2,6,14,1,,,-18.914,-30.3,-20.0,-0.068,0.333,73.8,7.2,0.0,0.0,1.5,-1.5,-114000,0,0,0,0,1,0,0,0
298539,2022,Isaac Heeney,MID,108.9,96.8,-12.1,8,14,0,83.5,-25.4,-8.179,-12.0,-11.0,0.036,0.625,85.9,2.1,3.12,0.38,14.6,-10.1,-28100,0,0,0,1,1,0,0,0
298539,2023,Isaac Heeney,MID,81.4,89.5,8.1,8,14,0,92.8,11.4,2.131,-5.2,-4.7,0.843,0.125,85.4,0.1,1.25,-0.25,6.5,5.5,22800,0,0,0,0,1,0,0,0
298539,2024,Isaac Heeney,MID,129.1,108.0,-21.1,7,13,0,90.6,-38.5,-5.25,-19.0,-7.2,0.209,0.857,81.1,1.4,5.29,0.21,75.7,11.3,900,0,0,0,0,1,0,0,0
298539,2025,Isaac Heeney,MID,97.6,115.7,18.1,7,15,0,96.5,-1.0,0.214,0.0,-3.2,-0.03,0.429,83.7,-2.2,5.14,-1.64,72.3,-1.3,-13000,0,0,0,0,1,0,0,0
298630,2021,Kyle Langford,FWD,78.2,94.3,16.1,8,9,1,,,2.048,1.7,3.7,0.661,0.0,83.6,4.4,1.38,-0.38,17.2,22.8,3000,0,1,1,0,0,0,1,0
298630,2023,Kyle Langford,FWD,84.2,76.3,-7.9,8,15,0,79.5,-4.7,-1.738,-5.3,1.5,-0.791,0.375,88.8,3.8,0.12,-0.12,,,-1600,0,1,1,0,0,0,1,0
298630,2024,Kyle Langford,FWD,81.4,76.7,-4.6,8,15,0,79.3,-2.0,2.988,8.0,5.8,-0.491,0.25,95.5,-0.5,0.25,-0.25,,,24600,0,0,0,0,0,0,1,0
990290,2021,Tom Barrass,DEF,82.8,77.2,-5.6,6,10,0,,,-11.8,-12.8,-14.4,-0.378,0.333,84.8,1.7,0.0,0.0,,,-39100,0,0,1,0,0,1,0,0
990290,2022,Tom Barrass,DEF,77.2,98.4,21.2,5,14,1,79.3,2.1,-7.0,-4.9,-7.4,-1.108,0.0,86.0,1.0,0.8,1.2,0.0,0.0,-8400,0,0,0,0,0,1,0,0
990290,2023,Tom Barrass,DEF,79.6,80.7,1.0,8,6,0,86.6,7.0,-3.226,-9.3,-6.9,-0.264,0.5,97.5,-3.0,0.12,-0.12,,,-44200,0,0,0,0,0,1,0,0
990290,2024,Tom Barrass,DEF,76.1,88.8,12.7,7,11,1,84.8,8.6,9.893,4.3,16.6,-0.25,0.143,95.4,-0.9,0.57,0.43,,,-2600,0,0,0,0,0,1,0,0
990290,2025,Tom Barrass,DEF,68.1,60.9,-7.3,7,14,0,84.5,16.4,5.679,10.0,10.6,1.25,0.143,87.3,-0.8,0.14,0.36,,,-300,0,0,0,0,0,1,0,0
990291,2022,Darcy Cameron,RUC,65.1,94.4,29.2,7,14,1,77.3,12.1,12.786,19.8,18.7,0.31,0.286,66.9,13.1,1.71,1.79,35.4,32.6,20700,0,0,0,0,0,0,0,1
990291,2024,Darcy Cameron,RUC,83.7,113.3,29.6,7,15,0,84.4,0.7,-1.857,1.3,-2.0,-0.975,0.429,76.0,3.5,3.29,-0.79,68.3,4.7,-20000,0,0,0,0,0,0,0,1
990291,2025,Darcy Cameron,RUC,105.6,110.5,4.9,7,15,0,90.0,-15.6,6.679,3.5,9.5,-0.349,0.571,78.6,3.4,5.57,-0.07,76.6,-0.1,8100,0,1,1,0,0,0,0,1
990609,2021,Charlie Cameron,FWD,65.9,70.9,5.0,8,14,0,,,8.869,24.2,14.4,0.772,0.25,82.6,2.4,1.0,0.0,3.0,-3.0,55100,0,0,0,1,0,0,1,0
990609,2022,Charlie Cameron,FWD,79.4,76.6,-2.7,8,14,0,69.0,-10.3,1.417,0.3,0.7,-0.318,0.25,87.5,-1.5,0.38,-0.38,0.0,0.0,9200,0,0,0,0,0,0,1,0
990609,2023,Charlie Cameron,FWD,85.0,65.5,-19.5,8,15,0,73.3,-11.7,10.833,12.7,14.2,-0.308,0.375,80.2,4.2,1.0,-0.5,,,80900,0,0,0,1,0,0,1,0
990609,2024,Charlie Cameron,FWD,55.6,59.3,3.7,7,15,0,73.0,17.4,1.25,-9.0,-0.5,1.404,0.143,83.4,4.1,0.71,-0.71,,,-21200,0,0,0,0,0,0,1,0
990609,2025,Charlie Cameron,FWD,57.2,55.4,-1.8,6,15,0,69.3,12.1,2.714,1.5,5.8,1.16,0.0,81.3,-3.8,0.0,0.0,,,-20400,0,0,0,1,0,0,1,0
990704,2021,Patrick Cripps,MID,82.8,84.1,1.3,8,12,0,,,-4.143,-15.0,-4.9,0.347,0.125,86.0,-1.5,5.62,-2.12,78.9,-3.4,-84600,0,0,0,0,1,0,0,0
990704,2022,Patrick Cripps,MID,125.6,103.9,-21.6,7,14,0,83.6,-42.0,1.036,18.2,7.5,-1.579,0.857,74.1,7.9,7.86,2.14,77.0,8.0,55700,0,0,1,0,1,0,0,0
990704,2023,Patrick Cripps,MID,111.5,88.9,-22.6,8,13,0,97.7,-13.8,0.286,10.0,-3.9,0.239,0.625,83.2,-3.8,7.62,-2.12,82.1,-1.1,27400,0,1,1,0,1,0,0,0
990704,2024,Patrick Cripps,MID,110.3,112.3,2.0,7,15,0,97.6,-12.7,-4.571,2.5,-11.6,-0.367,0.857,81.6,0.4,7.14,-0.14,75.3,-0.8,30400,0,1,1,0,1,0,0,0
990704,2025,Patrick Cripps,MID,98.6,97.0,-1.6,8,15,0,101.3,2.7,0.464,8.8,5.0,-0.774,0.625,81.0,1.0,6.5,0.0,76.8,7.2,-6000,0,0,1,0,1,0,0,0
990740,2022,Rory Lobb,DEF,98.6,73.4,-25.2,7,12,0,72.8,-25.8,3.857,15.2,4.5,-1.065,0.571,98.7,-0.7,0.86,-0.36,23.7,3.3,75300,0,0,0,0,0,1,0,0
990740,2023,Rory Lobb,DEF,53.0,74.6,21.6,7,13,0,78.7,25.7,1.107,-3.8,0.7,1.421,0.0,86.7,-2.2,0.5,0.0,13.3,0.7,-59900,0,0,0,0,0,1,0,0
990740,2025,Rory Lobb,DEF,65.8,66.7,0.9,8,15,0,73.2,7.5,-1.167,-13.3,-0.8,0.046,0.0,98.9,0.1,0.38,-0.38,1.2,0.2,-43300,0,0,0,1,0,1,0,0
990827,2021,Jack Graham,MID,76.6,88.3,11.7,8,14,1,,,0.56,0.0,0.6,0.535,0.25,77.9,-3.4,2.0,-0.5,26.2,13.2,12400,0,0,0,0,1,0,0,0
990827,2022,Jack Graham,MID,72.1,77.7,5.5,8,12,0,84.0,11.9,4.036,8.3,9.0,0.238,0.125,77.2,5.2,1.75,1.25,18.1,10.4,-6600,0,0,0,0,1,0,0,0
990827,2023,Jack Graham,MID,57.4,69.3,11.9,5,15,0,80.0,22.6,-8.4,-14.7,-5.1,-0.212,0.0,73.0,-18.5,0.8,-0.3,13.0,-13.0,-95500,0,0,0,0,1,0,0,0
990827,2025,Jack Graham,MID,88.6,87.6,-0.9,7,11,0,74.5,-14.1,-2.25,-1.8,-0.6,-0.54,0.286,83.0,-1.5,2.43,0.57,20.5,10.0,12400,0,0,0,0,1,0,0,0
990882,2023,Wayne Milera,DEF,69.6,81.2,11.6,7,15,0,58.3,-11.2,-3.393,-14.7,-2.8,-0.014,0.143,77.9,-2.9,0.57,-0.57,,,-17700,0,0,0,0,0,1,0,0
990882,2025,Wayne Milera,DEF,74.9,81.9,7.0,8,14,0,70.5,-4.4,3.512,2.2,4.8,-0.064,0.125,78.4,-0.4,0.5,0.5,,,64000,0,0,0,0,0,1,0,0
991773,2021,Billy Frampton,DEF,42.8,46.4,3.6,5,5,0,,,-11.0,-13.8,-10.2,1.157,0.0,80.6,-1.6,0.2,0.3,7.2,-2.2,-50000,0,0,0,0,0,1,0,0
991773,2023,Billy Frampton,DEF,70.6,48.9,-21.7,7,8,0,58.8,-11.8,6.857,15.2,7.3,-0.077,0.0,87.9,-8.9,1.14,0.86,51.2,22.3,40200,0,0,0,0,0,1,0,0
991773,2024,Billy Frampton,DEF,68.0,42.8,-25.2,6,12,0,58.9,-9.1,-7.771,-15.0,-8.0,-0.172,0.0,97.5,0.0,0.0,0.0,0.0,0.0,-17300,0,0,0,0,0,1,0,0
991773,2025,Billy Frampton,DEF,60.4,61.0,0.6,5,9,0,56.1,-4.3,2.6,-2.4,2.3,-0.334,0.0,91.4,-2.4,0.2,0.3,0.0,0.0,10300,1,0,0,0,0,1,0,0
991930,2021,Darcy Byrne-Jones,FWD,77.5,74.2,-3.3,8,14,0,,,3.762,1.8,0.5,0.66,0.25,81.9,-0.4,1.12,-0.12,2.9,-2.9,42700,0,0,1,0,0,0,1,0
991930,2022,Darcy Byrne-Jones,FWD,77.9,87.2,9.3,8,13,1,75.4,-2.5,-2.964,-6.5,-5.5,0.841,0.25,80.2,-5.2,0.88,-0.38,,,-3400,0,0,1,0,0,0,1,0
991930,2023,Darcy Byrne-Jones,FWD,74.4,66.9,-7.5,8,13,0,79.4,5.0,-0.012,11.5,-3.3,0.069,0.25,74.4,12.6,0.62,1.38,,,37600,0,0,0,0,0,0,1,0
991930,2024,Darcy Byrne-Jones,FWD,67.0,62.0,-5.0,8,15,0,76.2,9.2,-2.452,1.5,-4.5,-0.321,0.0,80.5,2.0,0.12,-0.12,,,-16900,0,0,0,0,0,0,1,0
991930,2025,Darcy Byrne-Jones,FWD,65.9,68.3,2.5,7,15,0,72.9,7.1,-4.464,-8.2,-2.9,1.072,0.143,80.3,0.2,0.57,-0.07,,,-44000,0,0,0,0,0,0,1,0
992010,2021,Brayden Maynard,DEF,81.2,98.6,17.4,8,14,0,,,2.31,-1.8,5.4,0.206,0.375,86.8,3.2,0.12,-0.12,0.0,0.0,-22000,0,0,0,0,0,1,0,0
992010,2022,Brayden Maynard,DEF,68.3,89.0,20.7,6,14,1,92.3,24.0,-1.543,0.0,-1.4,0.549,0.333,84.0,-2.5,0.17,0.33,1.2,2.3,-49400,0,0,0,0,0,1,0,0
992010,2023,Brayden Maynard,DEF,75.2,83.4,8.1,8,14,0,87.8,12.5,-0.762,-8.3,-5.3,-0.629,0.0,83.2,-0.2,0.5,0.0,0.0,0.0,-12700,0,0,0,0,0,1,0,0
992010,2024,Brayden Maynard,DEF,90.3,71.3,-19.0,7,15,0,85.2,-5.0,-8.214,-3.5,-11.5,0.584,0.143,84.6,-3.1,0.29,-0.29,,,-27500,0,0,1,0,0,1,0,0
992010,2025,Brayden Maynard,DEF,80.6,77.3,-3.3,7,10,0,83.2,2.6,0.036,4.2,-0.7,0.119,0.143,81.9,2.6,0.71,-0.21,,,4300,0,0,0,0,0,1,0,0
992016,2021,Zach Merrett,MID,112.4,116.4,4.1,8,14,0,,,3.464,0.8,4.5,0.067,0.875,78.8,1.2,4.0,-1.0,71.8,4.8,6100,0,0,1,0,1,0,0,0
992016,2022,Zach Merrett,MID,112.0,112.2,0.2,5,14,0,115.0,3.0,-2.8,-2.0,-2.1,-0.297,0.8,81.6,-0.1,3.2,0.3,63.2,-14.8,-26100,0,0,1,1,1,0,0,0
992016,2023,Zach Merrett,MID,105.1,121.5,16.4,7,15,0,113.7,8.5,1.5,3.0,0.6,0.604,0.571,84.7,0.3,4.0,-1.5,74.2,-7.2,3100,0,1,1,0,1,0,0,0
992016,2024,Zach Merrett,MID,123.9,110.7,-13.2,8,15,0,114.6,-9.3,-1.917,-3.0,-0.8,-0.612,1.0,84.4,0.1,5.25,-0.75,80.6,5.4,-29600,0,0,1,0,1,0,0,0
992016,2025,Zach Merrett,MID,118.7,102.4,-16.4,7,14,0,114.8,-3.9,4.893,-1.3,13.1,0.705,0.714,86.6,-1.1,4.14,0.36,69.4,0.1,-17300,0,1,1,0,1,0,0,0
992049,2021,Jayden Short,DEF,97.8,98.6,0.9,8,14,0,,,-1.976,-2.0,1.0,-0.351,0.5,87.1,-0.1,0.38,-0.38,,,-46500,0,0,1,0,0,1,0,0
992049,2022,Jayden Short,DEF,111.8,91.4,-20.4,8,14,0,98.3,-13.4,0.333,15.8,3.2,-0.681,0.875,82.2,2.2,1.5,3.0,20.0,26.5,16400,0,0,1,0,0,1,0,0
992049,2023,Jayden Short,DEF,97.0,99.4,2.4,5,11,0,98.5,1.5,-0.0,5.0,-0.6,0.887,0.4,80.8,-1.8,1.6,1.4,25.0,18.0,3000,0,1,1,0,0,1,0,0
992049,2024,Jayden Short,DEF,68.0,84.5,16.5,6,15,0,98.6,30.6,-0.171,-2.7,5.1,-0.226,0.167,70.3,-19.3,0.5,0.0,,,-109200,0,1,1,0,0,1,0,0
992049,2025,Jayden Short,DEF,83.1,85.7,2.6,8,7,0,93.7,10.6,-0.702,-7.5,-4.4,0.312,0.125,83.2,-0.2,0.88,-0.88,,,-3000,0,0,1,0,0,1,0,0
992059,2023,Sam Switkowski,FWD,62.3,70.2,7.9,7,15,0,72.2,9.9,-4.75,-16.0,0.9,-0.659,0.143,69.6,7.9,1.14,-0.14,14.5,-4.5,-117700,0,0,0,0,0,0,1,0
992059,2024,Sam Switkowski,FWD,65.4,81.3,15.9,5,15,0,70.0,4.6,-4.5,-8.1,-3.8,-0.704,0.0,76.8,-1.3,2.2,0.3,0.0,0.0,-35700,0,0,0,1,0,0,1,0
992059,2025,Sam Switkowski,FWD,44.6,76.3,31.7,5,12,0,72.2,27.6,4.1,8.1,2.0,0.335,0.0,69.2,12.3,0.4,0.1,0.0,0.0,-99500,0,0,0,1,0,0,1,0
992242,2021,Jordan Dawson,MID,89.2,107.9,18.6,8,14,0,,,-0.0,-1.8,3.8,0.533,0.25,86.4,0.1,0.0,0.0,,,-30600,0,0,1,0,1,0,0,0
992242,2022,Jordan Dawson,MID,103.4,113.1,9.7,8,14,0,101.1,-2.3,1.25,-2.0,6.8,0.748,0.375,87.9,0.6,0.5,0.5,2.4,-2.4,-28600,0,1,1,0,1,0,0,0
992242,2023,Jordan Dawson,MID,124.5,111.3,-13.2,8,15,0,105.3,-19.2,2.929,-14.8,1.6,0.125,0.75,86.8,0.2,3.0,1.5,65.4,14.6,-500,0,1,1,0,1,0,0,0
992242,2024,Jordan Dawson,MID,99.8,103.5,3.8,8,14,0,108.9,9.2,6.0,26.3,3.0,0.997,0.25,83.4,-4.9,3.38,0.62,64.5,-14.0,73600,0,1,1,0,1,0,0,0
992242,2025,Jordan Dawson,MID,106.5,116.4,9.9,8,15,0,107.3,0.8,1.405,10.8,10.4,0.012,0.625,83.4,0.1,4.12,-0.62,77.8,-0.8,-11200,0,0,1,0,1,0,0,0
992330,2025,Jordon Sweet,RUC,81.9,91.0,9.1,8,11,0,78.5,-3.4,-4.893,-16.8,-4.2,-0.381,0.25,83.2,-3.2,2.5,0.0,82.9,-1.4,-69700,0,0,0,0,0,0,0,1
992351,2021,Bailey Williams,DEF,78.8,76.4,-2.4,5,14,0,,,-17.5,-16.5,-16.8,0.337,0.2,83.0,-7.0,0.2,0.3,,,-41300,0,0,1,0,0,1,0,0
992351,2022,Bailey Williams,DEF,48.4,62.1,13.7,7,14,0,77.1,28.6,5.214,-0.5,2.4,-0.298,0.0,74.9,6.6,0.14,-0.14,,,-16700,0,0,0,0,0,1,0,0
992351,2023,Bailey Williams,DEF,72.5,68.7,-3.8,8,15,0,66.8,-5.7,3.905,8.0,3.9,-0.243,0.0,80.0,0.5,1.57,0.43,,,47700,0,0,0,0,0,1,0,0
992351,2024,Bailey Williams,DEF,76.1,77.4,1.3,8,15,0,68.0,-8.1,0.036,-4.5,1.1,1.137,0.125,81.6,-2.6,0.88,0.62,,,-29300,0,0,0,0,0,1,0,0
992351,2025,Bailey Williams,DEF,82.0,78.6,-3.4,8,15,0,70.4,-11.6,3.524,2.3,0.5,0.236,0.25,85.0,4.0,1.12,-0.62,,,37900,0,0,1,0,0,1,0,0
992374,2021,Dan Butler,FWD,51.9,53.9,2.1,8,14,0,,,3.821,6.5,3.6,-0.127,0.0,88.1,0.9,0.5,0.0,1.4,-1.4,-1400,0,1,1,0,0,0,1,0
992374,2022,Dan Butler,FWD,53.5,54.9,1.4,8,11,0,53.2,-0.3,-5.452,-15.5,-7.2,1.177,0.125,81.9,-9.4,0.75,0.25,,,-70100,0,0,0,0,0,0,1,0
992374,2023,Dan Butler,FWD,55.2,59.3,4.0,8,15,0,53.7,-1.5,3.976,2.5,2.7,-0.546,0.0,72.8,5.2,0.25,-0.25,,,23000,0,0,0,0,0,0,1,0
992468,2022,Rowan Marshall,RUC,89.3,93.4,4.1,7,14,0,98.6,9.3,-0.429,15.8,-3.8,0.431,0.286,78.3,-17.3,3.14,-0.14,49.5,1.0,18900,0,0,1,0,0,0,0,1
992468,2023,Rowan Marshall,RUC,107.5,118.0,10.5,8,15,0,94.5,-13.0,4.714,9.5,5.4,0.659,0.5,80.2,-4.8,5.38,-1.38,80.0,-5.0,58700,0,0,1,0,0,0,0,1
992468,2024,Rowan Marshall,RUC,100.0,118.4,18.4,8,15,0,102.5,2.5,-5.548,-20.8,-3.8,-0.193,0.625,85.5,-2.5,5.5,-4.0,84.2,-8.8,-102200,0,0,1,0,0,0,0,1
992468,2025,Rowan Marshall,RUC,92.9,112.7,19.8,8,15,0,105.2,12.4,1.25,13.3,8.8,-0.077,0.5,83.5,3.0,3.62,-0.12,86.4,3.1,-45600,0,1,1,1,0,0,0,1
993107,2021,Harry Himmelberg,DEF,73.9,70.5,-3.4,8,14,0,,,0.512,6.7,2.7,0.019,0.0,91.6,1.4,0.25,0.25,,,17800,0,0,0,0,0,1,0,0
993107,2022,Harry Himmelberg,DEF,64.5,105.6,41.1,8,14,1,71.7,7.2,-3.357,7.2,-4.6,-0.169,0.0,92.0,-2.0,0.0,0.0,0.0,0.0,-9500,0,0,0,0,0,1,0,0
993107,2023,Harry Himmelberg,DEF,68.4,87.6,19.2,8,14,1,81.2,12.8,6.893,11.5,4.2,0.163,0.125,78.1,0.4,2.12,2.38,19.5,13.0,52100,0,0,0,0,0,1,0,0
993107,2024,Harry Himmelberg,DEF,85.0,93.5,8.5,7,15,0,81.0,-4.0,5.964,7.0,7.1,0.364,0.143,83.1,2.9,0.0,0.0,,,26200,0,0,0,0,0,1,0,0
993107,2025,Harry Himmelberg,DEF,91.3,87.9,-3.4,7,15,0,83.4,-7.8,-9.714,-16.2,-10.2,0.264,0.429,88.7,-5.2,0.57,-0.57,,,-77600,0,0,1,0,0,1,0,0
993480,2021,Dougal Howard,DEF,89.8,74.4,-15.4,8,13,0,,,-2.952,2.7,0.4,1.092,0.125,95.5,0.0,0.12,-0.12,,,3400,0,0,0,0,0,1,0,0
993480,2022,Dougal Howard,DEF,81.4,57.4,-24.0,7,10,0,80.2,-1.2,11.214,19.7,14.7,0.315,0.286,97.3,0.2,0.43,1.07,,,55600,0,0,0,0,0,1,0,0
993480,2023,Dougal Howard,DEF,63.8,70.3,6.5,8,10,0,74.4,10.7,-2.929,-15.0,-5.1,0.423,0.0,96.0,1.0,0.25,-0.25,,,-47100,0,0,0,0,0,1,0,0
993794,2021,Blake Hardwick,DEF,95.9,88.1,-7.8,8,12,0,,,0.179,1.3,-1.3,0.502,0.375,83.2,-3.8,0.62,0.38,,,34800,0,0,0,0,0,1,0,0
993794,2022,Blake Hardwick,DEF,68.4,72.7,4.3,8,14,0,91.2,22.8,0.298,-0.3,-4.9,0.336,0.0,86.9,-1.4,0.25,0.25,,,-7700,0,0,0,0,0,1,0,0
993794,2023,Blake Hardwick,DEF,87.2,85.6,-1.7,8,15,0,80.7,-6.6,2.024,10.3,0.7,-0.556,0.5,86.6,-1.1,0.43,0.57,0.0,0.0,56100,0,0,1,0,0,1,0,0
993794,2024,Blake Hardwick,DEF,63.0,82.1,19.1,8,15,0,82.6,19.6,0.286,2.7,9.8,-0.483,0.125,88.5,0.0,0.25,-0.25,,,-75500,0,0,0,0,0,1,0,0
993794,2025,Blake Hardwick,DEF,72.3,73.9,1.6,7,15,0,80.8,8.5,-4.429,-5.8,-1.3,-0.184,0.143,87.7,-3.2,0.14,-0.14,,,-62900,0,0,0,0,0,1,0,0
993799,2022,Brayden Fiorini,MID,75.1,50.0,-25.1,8,5,0,101.3,26.2,-0.131,0.3,5.9,0.275,0.125,76.9,-0.9,2.25,0.75,28.0,5.5,-63600,0,1,1,0,1,0,0,0
993799,2023,Brayden Fiorini,MID,61.3,66.5,5.1,6,11,0,80.1,18.8,15.771,25.7,14.6,-0.386,0.167,65.3,11.2,1.83,-0.83,15.8,-5.3,54600,0,0,0,0,1,0,0,0
993817,2021,Darcy Parish,MID,103.1,120.4,17.3,8,14,0,,,6.155,15.7,4.2,0.288,0.5,79.0,2.5,6.38,0.12,73.8,10.2,84800,0,0,0,0,1,0,0,0
993817,2022,Darcy Parish,MID,115.4,106.5,-8.9,8,8,0,114.1,-1.2,4.583,8.7,6.6,0.367,0.75,83.5,0.5,6.62,-1.62,80.5,3.5,33400,0,0,1,0,1,0,0,0
993817,2023,Darcy Parish,MID,107.0,109.0,2.0,8,10,0,112.8,5.8,0.833,7.8,2.7,-0.796,0.75,78.1,5.9,8.5,0.5,76.3,0.7,10500,0,0,0,0,1,0,0,0
993817,2024,Darcy Parish,MID,95.0,83.7,-11.3,6,6,0,111.3,16.3,14.914,24.0,17.7,0.674,0.333,77.7,-1.7,3.83,1.67,64.5,0.0,-15800,0,1,1,0,1,0,0,0
993820,2021,Tom Cole,DEF,54.2,55.7,1.5,8,14,0,,,-4.786,-7.0,-5.5,1.516,0.125,82.5,0.5,0.25,-0.25,,,-53900,0,0,0,0,0,1,0,0
993820,2024,Tom Cole,DEF,65.8,67.9,2.1,8,15,0,58.6,-7.1,2.643,5.8,-0.8,-0.414,0.0,82.1,1.4,0.62,0.38,0.0,0.0,42400,0,0,0,0,0,1,0,0
993820,2025,Tom Cole,DEF,50.2,90.2,40.1,6,12,1,62.1,11.9,-8.829,-12.5,-10.8,0.72,0.0,75.5,-10.5,0.33,-0.33,,,-86000,0,0,0,0,0,1,0,0
993832,2021,Jacob Weitering,DEF,97.8,92.0,-5.8,8,14,0,,,9.19,18.3,16.5,0.63,0.375,94.1,2.9,0.5,-0.5,,,83200,0,1,1,0,0,1,0,0
993832,2022,Jacob Weitering,DEF,71.2,66.6,-4.7,8,10,0,94.1,22.8,1.024,11.3,2.0,0.882,0.125,97.9,-2.4,0.12,0.38,,,-6900,0,0,0,1,0,1,0,0
993832,2023,Jacob Weitering,DEF,83.4,86.0,2.6,8,15,0,82.6,-0.7,-3.512,1.0,-7.6,0.386,0.25,98.8,-0.8,0.12,0.38,,,17600,0,0,0,0,0,1,0,0
993832,2024,Jacob Weitering,DEF,78.3,76.5,-1.9,6,15,0,83.5,5.2,-2.514,-5.7,-1.8,-0.366,0.167,99.2,0.8,0.17,0.33,,,-52500,0,1,1,0,0,1,0,0
993832,2025,Jacob Weitering,DEF,82.6,75.1,-7.6,8,15,0,81.9,-0.7,1.083,4.2,2.1,-0.373,0.0,94.1,1.9,0.12,0.38,,,19300,0,0,0,0,0,1,0,0
993834,2021,Josh Dunkley,MID,129.0,70.8,-58.2,6,5,0,,,3.657,3.3,4.0,0.124,1.0,79.5,-3.5,5.17,0.83,43.4,2.1,52600,0,0,1,0,1,0,0,0
993834,2022,Josh Dunkley,MID,113.1,105.6,-7.6,8,14,0,102.5,-10.6,-0.321,4.5,-6.4,-0.072,0.75,83.8,3.8,4.0,-2.5,48.0,-12.0,34700,0,0,1,0,1,0,0,0
993834,2023,Josh Dunkley,MID,114.0,116.0,2.0,8,13,0,106.4,-7.6,3.381,6.2,8.6,0.429,0.875,81.6,3.9,5.5,-1.0,78.9,1.6,20800,0,1,1,0,1,0,0,0
993834,2024,Josh Dunkley,MID,119.1,109.1,-10.1,7,15,0,109.8,-9.3,6.214,6.8,11.2,1.024,0.714,83.7,-0.2,4.86,0.14,85.6,2.9,14000,0,1,1,0,1,0,0,0
993834,2025,Josh Dunkley,MID,111.1,116.7,5.6,8,15,0,110.5,-0.6,-7.44,-2.5,-4.9,1.447,0.75,82.9,1.1,5.88,-1.88,78.2,7.8,-58500,0,1,1,0,1,0,0,0
993878,2025,Shaun Mannagh,FWD,90.0,83.7,-6.3,5,15,0,75.2,-14.8,12.6,18.0,8.9,-0.987,0.6,83.2,0.8,5.2,2.3,0.6,0.9,40300,0,1,1,0,0,0,1,0
993902,2022,Matt Flynn,RUC,82.5,86.2,3.7,6,6,0,87.0,4.5,-9.286,-8.5,-15.7,-0.05,0.5,73.7,-3.7,2.83,0.17,48.8,-14.8,-17700,0,0,0,0,0,0,0,1
993903,2021,Jacob Hopper,MID,96.8,97.1,0.3,8,13,0,,,-0.262,0.3,-4.2,-0.299,0.5,81.0,-3.0,5.62,0.38,74.4,-1.9,15800,0,1,1,0,1,0,0,0
993903,2023,Jacob Hopper,MID,93.1,67.3,-25.8,7,9,0,89.5,-3.7,1.964,-5.5,4.8,-0.021,0.429,74.7,-0.7,5.0,3.0,65.3,-9.3,48400,0,0,1,0,1,0,0,0
993903,2025,Jacob Hopper,MID,94.2,87.7,-6.5,8,15,0,84.3,-10.0,3.333,-7.3,0.6,-0.407,0.375,78.8,6.8,5.5,0.0,81.5,7.0,32100,0,0,1,0,1,0,0,0
993905,2021,Callum Mills,DEF,113.6,111.5,-2.1,8,10,0,,,0.655,17.0,5.3,0.381,0.625,83.6,0.9,4.88,-0.88,61.1,8.9,31900,0,0,1,0,0,1,0,0
993905,2022,Callum Mills,DEF,120.1,114.7,-5.4,8,14,0,112.4,-7.7,2.512,16.0,-10.0,0.57,0.625,79.6,1.9,4.38,-1.38,69.2,-2.2,110200,0,0,0,0,0,1,0,0
993905,2023,Callum Mills,DEF,97.8,80.5,-17.3,8,11,0,114.8,17.0,-2.119,-1.5,-0.5,0.711,0.375,86.0,-4.5,2.5,1.0,31.1,0.4,-50800,0,0,0,0,0,1,0,0
993917,2021,Ben Long,FWD,37.2,48.8,11.6,5,9,0,,,-16.4,-18.2,-15.7,0.273,0.0,72.2,-8.2,1.0,0.0,,,-133800,0,0,0,0,0,0,1,0
993917,2022,Ben Long,FWD,71.5,60.7,-10.8,6,12,0,44.6,-26.9,-5.743,-9.2,-7.8,-0.109,0.0,76.5,1.0,0.5,-0.5,,,38200,0,0,0,0,0,0,1,0
993917,2023,Ben Long,FWD,54.6,45.0,-9.6,8,7,0,55.7,1.1,-0.583,0.0,1.6,-0.332,0.0,81.0,-5.5,1.0,0.5,,,-28000,0,0,0,0,0,0,1,0
993917,2025,Ben Long,FWD,89.2,59.3,-29.8,6,15,0,55.3,-33.9,1.629,9.5,0.1,-0.781,0.333,84.0,3.5,0.33,-0.33,,,74300,0,0,0,0,0,0,1,0
993940,2025,Corey Wagner,MID,74.4,69.5,-4.9,5,12,0,67.7,-6.7,7.6,-3.1,9.4,-0.724,0.2,74.4,-0.4,0.6,0.4,18.3,9.2,-7700,0,0,0,1,1,0,0,0
993946,2021,Ben Keays,FWD,101.1,104.0,2.9,8,14,0,,,2.345,6.5,0.3,1.013,0.5,85.2,-0.8,5.5,-0.5,80.5,-1.5,46000,0,1,1,0,0,0,1,0
993946,2022,Ben Keays,FWD,117.2,89.6,-27.7,8,14,0,103.0,-14.3,-4.548,0.5,-5.5,0.814,1.0,85.0,-1.0,6.0,-1.5,79.8,4.8,-6700,0,0,0,0,0,0,1,0
993946,2023,Ben Keays,FWD,68.2,87.2,19.0,8,15,1,101.3,33.0,-5.643,-14.7,-9.4,0.474,0.125,84.5,3.5,1.0,-0.5,19.8,-18.2,-79600,0,0,0,0,0,0,1,0
993946,2024,Ben Keays,FWD,66.6,88.7,22.1,8,15,1,94.2,27.6,2.821,0.3,-0.6,0.087,0.0,84.1,0.4,1.5,1.0,0.0,0.0,12700,0,0,1,0,0,0,1,0
993946,2025,Ben Keays,FWD,80.9,84.7,3.9,8,15,0,90.8,10.0,-6.988,-6.0,-9.2,0.757,0.25,88.9,1.1,1.38,0.12,2.1,-2.1,-55000,0,0,0,0,0,0,1,0
993953,2021,Eric Hipwood,FWD,58.5,55.5,-3.0,8,8,0,,,-0.19,-2.2,-2.1,0.043,0.0,88.6,0.4,0.0,0.0,,,-27800,0,0,0,0,0,0,1,0
993953,2023,Eric Hipwood,FWD,57.1,65.3,8.1,8,15,0,56.9,-0.2,5.012,-8.0,4.1,0.86,0.125,83.0,6.0,0.12,-0.12,,,20900,0,0,0,0,0,0,1,0
993953,2024,Eric Hipwood,FWD,55.6,70.7,15.1,7,12,0,59.3,3.7,-2.643,-5.0,-3.4,0.398,0.143,84.3,6.2,1.0,-1.0,,,-31800,0,0,0,0,0,0,1,0
993953,2025,Eric Hipwood,FWD,62.6,52.0,-10.6,8,14,0,60.8,-1.8,5.036,11.8,2.9,0.091,0.125,82.1,0.4,0.12,-0.12,0.0,0.0,63300,0,0,0,1,0,0,1,0
993979,2022,Sam Powell-Pepper,FWD,73.8,74.4,0.7,8,14,0,69.4,-4.3,-1.024,-0.3,-2.4,0.258,0.0,79.1,0.4,1.62,-1.12,5.4,-5.4,9600,0,0,0,0,0,0,1,0
993979,2023,Sam Powell-Pepper,FWD,70.2,65.3,-5.0,8,15,0,72.3,2.1,-5.548,1.0,-5.3,0.012,0.0,84.8,-0.8,1.62,-0.62,4.9,-4.9,-46200,0,0,0,0,0,0,1,0
993979,2025,Sam Powell-Pepper,FWD,74.2,64.5,-9.8,8,8,0,69.4,-4.8,7.286,7.8,3.2,-0.746,0.25,81.9,-2.9,0.88,1.12,4.5,6.0,125000,0,0,0,0,0,0,1,0
993993,2021,Shai Bolton,MID,93.8,77.9,-15.8,8,12,0,,,6.381,13.2,6.2,-1.538,0.5,80.5,5.0,4.75,-0.75,47.9,6.6,76700,0,0,1,0,1,0,0,0
993993,2022,Shai Bolton,MID,87.2,87.4,0.1,8,14,0,84.2,-3.0,2.381,5.7,6.2,0.105,0.375,87.2,0.2,4.5,0.5,59.4,-11.4,1300,0,0,0,0,1,0,0,0
993993,2023,Shai Bolton,MID,87.2,101.8,14.5,8,15,0,85.9,-1.4,8.31,15.7,17.5,1.298,0.125,87.0,1.5,3.62,1.38,51.9,6.6,32200,0,0,0,0,1,0,0,0
993993,2024,Shai Bolton,MID,90.0,71.2,-18.8,7,14,0,89.7,-0.3,-3.571,-17.7,-12.8,-0.112,0.429,87.0,0.0,3.14,-0.64,57.1,8.4,4500,0,0,1,0,1,0,0,0
993993,2025,Shai Bolton,MID,78.4,83.1,4.6,7,15,0,86.7,8.3,-4.0,-8.0,-14.3,-1.211,0.286,81.7,3.3,2.0,0.0,38.4,0.6,17500,0,0,0,0,1,0,0,0
993998,2021,Jy Simpkin,MID,82.8,105.4,22.7,8,14,0,,,-1.762,1.3,-4.1,-0.382,0.125,84.5,0.0,3.75,-0.25,76.8,-5.2,-24900,0,1,1,0,1,0,0,0
993998,2022,Jy Simpkin,MID,92.0,90.2,-1.8,8,13,0,97.2,5.2,-4.952,-14.5,-9.6,-0.211,0.375,87.1,-2.1,5.38,0.12,90.7,-0.7,-52400,0,0,1,0,1,0,0,0
993998,2023,Jy Simpkin,MID,82.5,77.8,-4.8,6,12,0,94.1,11.6,-6.029,-13.2,-6.6,-0.006,0.167,75.2,7.3,4.5,-0.5,65.2,20.8,-51100,0,0,0,0,1,0,0,0
993998,2024,Jy Simpkin,MID,57.9,93.5,35.7,7,11,1,89.7,31.9,0.536,2.5,-1.3,-0.837,0.0,85.6,-0.6,2.57,0.43,35.3,7.2,-30700,0,0,0,0,1,0,0,0
993998,2025,Jy Simpkin,MID,92.9,83.2,-9.6,8,13,0,87.4,-5.4,-4.083,-6.3,0.6,-0.545,0.625,84.6,4.4,4.88,-0.88,41.6,3.4,-36900,0,0,1,0,1,0,0,0
994077,2022,Mabior Chol,FWD,69.9,66.7,-3.2,8,14,0,67.5,-2.4,3.821,4.7,4.2,0.991,0.25,77.0,6.5,1.12,-0.12,16.2,-2.8,10700,0,0,0,0,0,0,1,0
994077,2024,Mabior Chol,FWD,64.4,62.9,-1.5,7,14,0,64.0,-0.5,-2.25,1.0,-2.1,-0.227,0.0,79.1,2.9,0.43,-0.43,9.8,2.7,-700,0,0,0,0,0,0,1,0
994077,2025,Mabior Chol,FWD,69.1,65.0,-4.1,7,13,0,63.8,-5.4,8.464,30.0,9.4,-0.319,0.143,83.7,2.8,1.0,0.0,14.0,8.5,76700,0,1,1,0,0,0,1,0
994185,2021,Jordan De Goey,MID,63.0,97.1,34.1,7,13,1,,,0.214,-4.0,11.6,0.005,0.143,78.6,9.4,2.14,0.86,14.5,-6.5,-102300,0,0,0,0,1,0,0,0
994185,2022,Jordan De Goey,MID,88.6,82.4,-6.1,7,9,0,85.2,-3.4,-6.571,-14.8,-8.1,0.458,0.286,86.7,0.8,4.86,-0.86,74.8,5.2,-37300,0,0,1,0,1,0,0,0
994185,2023,Jordan De Goey,MID,100.3,94.3,-6.0,7,11,0,85.1,-15.1,-7.214,-9.0,-11.1,-0.181,0.571,85.6,0.9,6.57,1.43,74.8,10.2,-1700,0,0,0,0,1,0,0,0
994185,2024,Jordan De Goey,MID,84.7,85.8,1.2,6,6,0,89.0,4.3,5.029,21.3,-0.8,0.186,0.333,84.3,-0.8,3.83,0.17,78.4,-2.9,40100,0,0,0,0,1,0,0,0
994295,2021,Dan Houston,DEF,94.0,81.0,-13.0,8,13,0,,,-5.452,-0.7,-2.0,0.326,0.375,67.5,-6.5,1.5,-0.5,21.0,-5.0,-61900,0,0,1,0,0,1,0,0
994295,2022,Dan Houston,DEF,104.2,95.8,-8.5,8,13,0,86.0,-18.3,-2.667,3.8,-5.6,1.023,0.375,81.1,-2.6,1.0,0.0,0.0,0.0,38600,0,0,0,0,0,1,0,0
994295,2023,Dan Houston,DEF,99.1,109.9,10.7,8,15,0,92.5,-6.6,5.202,2.5,7.0,-0.1,0.5,80.9,-0.4,2.5,-0.5,,,26000,0,1,1,0,0,1,0,0
994295,2024,Dan Houston,DEF,111.9,103.9,-7.9,8,14,0,97.3,-14.6,-0.345,1.5,-4.8,0.961,0.875,84.4,-0.9,1.75,0.75,,,26300,0,0,1,0,0,1,0,0
994295,2025,Dan Houston,DEF,91.4,75.6,-15.8,5,14,0,99.7,8.3,-12.5,-10.1,-11.8,0.571,0.4,81.8,3.2,1.2,-0.2,,,-79100,0,0,0,0,0,1,0,0
994386,2021,Tom Atkins,MID,85.5,69.7,-15.8,8,11,0,,,-2.071,3.5,-4.1,-0.304,0.375,85.5,-4.0,1.62,-0.62,0.4,-0.4,29100,0,0,0,0,1,0,0,0
994386,2022,Tom Atkins,MID,82.0,84.8,2.8,8,14,0,76.4,-5.6,0.31,9.2,-0.1,0.695,0.125,84.9,0.1,1.25,-0.25,0.8,-0.8,30000,0,0,0,0,1,0,0,0
994386,2023,Tom Atkins,MID,81.5,90.0,8.5,8,15,0,80.3,-1.2,-1.738,2.0,1.1,-0.488,0.0,75.2,-1.8,4.75,0.75,72.2,3.2,-24300,0,0,0,0,1,0,0,0
994386,2024,Tom Atkins,MID,79.0,80.7,1.7,7,13,0,82.8,3.8,2.179,3.8,5.1,0.006,0.143,62.1,-13.6,2.0,0.5,33.3,23.2,-14600,0,1,1,0,1,0,0,0
994386,2025,Tom Atkins,MID,92.6,100.8,8.2,8,15,0,82.1,-10.5,-0.131,0.7,-1.7,-0.057,0.375,78.2,-3.8,5.12,-0.62,71.6,-6.6,15300,0,1,1,0,1,0,0,0
994389,2021,Jack Sinclair,DEF,73.8,94.0,20.2,8,13,1,,,2.548,10.8,1.5,0.62,0.125,82.9,-1.9,2.25,-1.25,9.6,-7.1,30300,0,1,1,0,0,1,0,0
994389,2022,Jack Sinclair,DEF,107.2,117.4,10.2,8,14,0,86.3,-21.0,-3.548,-14.0,-7.7,-0.09,0.75,81.9,-1.4,2.62,-1.12,20.0,-1.0,-13200,0,0,1,0,0,1,0,0
994389,2023,Jack Sinclair,DEF,100.9,109.8,8.9,8,15,0,100.3,-0.5,-0.083,7.8,0.3,-1.026,0.625,83.1,-3.6,2.0,0.0,34.5,16.0,-2300,0,0,1,0,0,1,0,0
994389,2024,Jack Sinclair,DEF,100.0,114.5,14.5,7,15,0,102.5,2.5,5.893,3.0,10.9,0.304,0.429,82.9,0.6,3.57,2.43,30.1,39.9,-24800,0,1,1,0,0,1,0,0
994389,2025,Jack Sinclair,DEF,110.0,113.2,3.2,8,15,0,104.4,-5.6,-7.143,-22.7,-7.4,0.496,0.5,83.0,-0.5,2.12,-1.12,7.2,-0.8,-108700,0,0,1,0,0,1,0,0
996059,2021,Harris Andrews,DEF,91.2,97.5,6.3,8,13,0,,,2.286,-8.8,1.0,0.081,0.375,96.2,0.8,0.12,0.38,,,-13200,0,0,1,0,0,1,0,0
996059,2022,Harris Andrews,DEF,85.6,75.9,-9.7,8,13,0,95.1,9.5,2.94,1.5,1.8,0.206,0.25,99.1,-1.1,0.25,0.75,,,-1200,0,0,0,0,0,1,0,0
996059,2023,Harris Andrews,DEF,88.5,89.4,0.9,8,15,0,87.4,-1.1,-3.167,-14.3,-1.7,0.485,0.125,97.4,-1.9,0.25,0.25,,,-59500,0,0,1,0,0,1,0,0
996059,2024,Harris Andrews,DEF,96.1,74.6,-21.6,7,14,0,88.0,-8.2,1.714,8.2,2.8,-0.241,0.429,96.7,0.8,0.0,0.0,,,14800,0,0,1,1,0,1,0,0
996059,2025,Harris Andrews,DEF,76.1,81.2,5.1,8,15,0,86.5,10.3,2.655,1.8,8.4,-0.332,0.375,94.9,0.6,0.12,-0.12,,,-23400,0,0,0,0,0,1,0,0
996232,2021,Matt Guelfi,FWD,51.8,61.3,9.4,6,11,0,,,4.543,12.8,3.2,-0.568,0.0,64.5,-15.5,0.5,1.0,,,-5800,0,0,0,0,0,0,1,0
996232,2022,Matt Guelfi,FWD,61.3,56.4,-4.9,7,13,0,57.9,-3.3,1.036,2.0,0.2,0.642,0.0,79.6,0.9,0.71,0.29,,,12600,0,0,0,0,0,0,1,0
996554,2021,Jake Waterman,FWD,45.8,64.2,18.4,5,9,0,,,2.5,0.9,1.5,0.684,0.0,76.6,0.4,0.2,-0.2,,,-48400,0,0,0,0,0,0,1,0
996554,2022,Jake Waterman,FWD,45.2,61.7,16.5,6,13,0,57.6,12.5,1.743,4.5,1.6,-0.589,0.0,73.2,9.8,0.17,0.33,0.0,0.0,-36400,0,0,0,0,0,0,1,0
996554,2024,Jake Waterman,FWD,96.4,74.2,-22.1,8,12,0,58.9,-37.5,6.821,-1.0,1.5,1.022,0.375,90.5,3.5,0.0,0.0,1.1,-1.1,113200,0,0,0,0,0,0,1,0
996701,2021,Clayton Oliver,MID,115.2,128.1,12.9,8,14,0,,,0.738,7.2,2.2,-1.758,0.875,88.8,-1.2,6.88,1.62,84.6,-0.6,1600,0,0,0,0,1,0,0,0
996701,2022,Clayton Oliver,MID,123.4,129.4,6.0,8,13,0,123.5,0.1,3.179,15.0,4.2,-0.435,0.875,86.0,-0.5,8.38,-1.88,84.5,-2.0,39400,0,1,1,0,1,0,0,0
996701,2023,Clayton Oliver,MID,126.0,112.0,-14.0,8,5,0,125.2,-0.8,-0.286,-4.0,3.5,0.097,0.875,84.1,-4.6,6.88,-0.88,81.9,-1.4,-46500,0,0,1,0,1,0,0,0
996701,2024,Clayton Oliver,MID,89.9,80.1,-9.8,7,13,0,124.2,34.3,2.893,8.7,10.7,0.91,0.286,75.7,0.8,4.57,-0.57,72.0,6.0,-66600,0,0,0,0,1,0,0,0
996701,2025,Clayton Oliver,MID,96.6,90.5,-6.0,7,15,0,113.5,16.9,-2.036,-5.5,0.1,1.36,0.143,78.4,-4.4,7.0,-1.0,72.3,-1.8,-11400,0,0,1,0,1,0,0,0
996708,2021,Bailey Dale,DEF,91.6,97.3,5.7,8,14,0,,,2.274,-7.3,1.9,0.372,0.25,81.1,2.4,1.0,0.5,,,37000,0,0,0,0,0,1,0,0
996708,2022,Bailey Dale,DEF,104.9,100.2,-4.7,8,14,0,95.2,-9.6,1.393,6.2,-0.2,-0.252,0.625,83.8,2.2,0.75,-0.25,,,37000,0,0,1,0,0,1,0,0
996708,2023,Bailey Dale,DEF,79.6,96.8,17.2,8,15,1,98.6,18.9,-2.226,-15.3,-4.5,1.082,0.25,80.9,-1.9,0.57,-0.07,,,-88700,0,0,1,0,0,1,0,0
996708,2024,Bailey Dale,DEF,95.6,99.3,3.6,8,15,0,95.9,0.3,6.655,45.2,10.6,-0.175,0.5,76.1,11.9,0.5,0.5,,,105300,0,1,1,0,0,1,0,0
996708,2025,Bailey Dale,DEF,101.8,102.9,1.2,8,15,0,96.4,-5.3,-4.548,4.7,1.9,0.058,0.5,83.5,-1.0,0.62,-0.12,0.0,0.0,-39600,0,0,1,0,0,1,0,0
996731,2022,Charlie Curnow,FWD,87.0,85.6,-1.4,8,14,0,,,8.762,11.8,18.6,0.355,0.375,88.4,5.6,0.0,0.0,,,87600,0,0,0,0,0,0,1,0
996731,2023,Charlie Curnow,FWD,103.2,94.5,-8.7,8,15,0,80.8,-22.4,5.452,10.2,4.1,1.026,0.5,94.6,-1.1,0.25,-0.25,,,47400,0,0,0,0,0,0,1,0
996731,2024,Charlie Curnow,FWD,93.9,76.8,-17.0,7,13,0,88.7,-5.2,-5.321,-14.5,-8.0,-0.398,0.429,92.3,0.2,0.0,0.0,,,-46900,0,0,0,1,0,0,1,0
996731,2025,Charlie Curnow,FWD,67.6,71.1,3.5,7,11,0,87.0,19.4,9.5,9.8,6.0,-0.237,0.143,85.0,4.0,0.0,0.0,,,49100,0,0,0,0,0,0,1,0
996743,2024,Lewis Melican,DEF,58.6,50.8,-7.7,7,13,0,60.1,1.5,2.571,11.8,2.3,0.415,0.0,81.4,2.6,0.14,-0.14,,,33800,0,0,0,0,0,1,0,0
996765,2021,Tom Papley,FWD,68.8,71.1,2.3,8,14,0,,,-4.262,-11.2,-1.7,1.006,0.125,87.6,-0.6,1.12,0.38,1.2,-1.2,-90600,0,0,0,0,0,0,1,0
996765,2023,Tom Papley,FWD,75.4,70.9,-4.4,8,14,0,74.4,-0.9,-6.702,-22.3,-12.6,0.677,0.125,84.1,0.4,3.0,-0.5,21.0,-1.5,-46900,0,0,0,0,0,0,1,0
996765,2024,Tom Papley,FWD,73.4,80.6,7.2,7,10,0,73.8,0.3,-5.536,-2.8,-0.8,0.719,0.143,83.1,-1.1,1.0,0.0,16.1,-5.6,-76400,0,0,0,0,0,0,1,0
997033,2022,Brennan Cox,DEF,79.9,81.4,1.6,7,14,0,70.3,-9.5,-0.429,-11.2,0.9,-0.896,0.0,89.0,-2.5,0.0,0.0,0.8,1.7,-6300,0,0,0,0,0,1,0,0
997033,2023,Brennan Cox,DEF,95.1,83.0,-12.1,8,12,0,77.1,-18.1,-5.56,7.0,-2.4,-0.039,0.375,90.4,-3.9,0.12,0.38,,,1900,0,0,1,0,0,1,0,0
997033,2025,Brennan Cox,DEF,64.6,56.7,-8.0,8,15,0,78.8,14.2,5.488,0.0,9.4,-0.017,0.0,81.0,2.5,0.12,-0.12,,,14100,0,0,0,0,0,1,0,0
997078,2021,Mason Redman,DEF,64.7,80.9,16.1,7,14,0,,,1.536,-1.7,5.4,-0.394,0.0,76.4,7.1,0.0,0.0,,,-10600,0,0,0,1,0,1,0,0
997078,2022,Mason Redman,DEF,82.1,99.9,17.8,8,12,0,75.5,-6.6,5.321,16.8,5.2,-0.246,0.25,78.5,3.0,0.25,-0.25,,,69900,0,0,0,0,0,1,0,0
997078,2023,Mason Redman,DEF,86.6,93.1,6.5,8,15,0,83.9,-2.7,-6.25,-5.5,-7.2,0.067,0.375,83.1,-0.6,0.38,0.12,,,-45200,0,0,1,0,0,1,0,0
997078,2024,Mason Redman,DEF,83.0,90.9,7.9,7,14,0,86.4,3.4,0.036,-0.7,0.3,-0.572,0.143,77.1,0.9,0.14,-0.14,,,-16700,0,0,0,0,0,1,0,0
997078,2025,Mason Redman,DEF,86.0,99.5,13.5,7,11,0,86.9,0.9,1.929,-0.7,3.8,0.425,0.286,87.4,-1.4,0.43,-0.43,0.0,0.0,-13300,0,0,0,1,0,1,0,0
997100,2022,Will Hayward,FWD,62.2,72.1,9.8,8,14,0,66.4,4.2,-0.548,0.3,-2.2,-0.319,0.0,83.8,1.2,0.25,0.25,,,3500,0,0,0,0,0,0,1,0
997100,2023,Will Hayward,FWD,61.4,70.0,8.6,8,14,0,67.6,6.2,1.56,12.8,2.0,0.257,0.0,83.5,1.5,0.62,0.38,,,24300,0,0,0,0,0,0,1,0
997100,2024,Will Hayward,FWD,72.3,64.0,-8.3,7,15,0,67.3,-5.0,10.893,11.5,20.3,1.265,0.143,82.4,2.6,0.29,0.21,,,26100,0,0,0,0,0,0,1,0
997100,2025,Will Hayward,FWD,58.6,74.8,16.2,7,13,0,67.1,8.6,-3.607,-11.2,-5.7,0.395,0.143,82.7,-0.2,0.57,-0.57,,,-29300,0,0,0,0,0,0,1,0
997142,2022,Peter Ladhams,RUC,98.8,60.7,-38.1,5,6,0,76.3,-22.5,-2.8,5.9,-2.9,0.718,0.4,79.0,0.0,4.4,-0.4,80.6,-9.1,98800,0,0,0,0,0,0,0,1
997230,2022,Tyson Stengle,FWD,81.5,75.6,-5.9,8,14,0,,,5.5,17.2,7.8,-0.814,0.375,81.9,3.6,0.88,1.12,0.0,0.0,108900,0,0,0,0,0,0,1,0
997230,2023,Tyson Stengle,FWD,40.2,63.8,23.6,5,14,0,77.7,37.5,-5.1,-6.2,-5.2,1.015,0.0,70.4,-10.9,0.6,-0.1,1.2,-1.2,-147600,0,0,0,0,0,0,1,0
997230,2024,Tyson Stengle,FWD,77.4,70.3,-7.0,8,15,0,68.4,-9.0,5.25,0.2,0.1,-0.644,0.25,79.0,4.0,1.25,0.25,0.0,0.0,62800,0,0,0,0,0,0,1,0
997230,2025,Tyson Stengle,FWD,58.8,71.3,12.6,8,13,0,70.0,11.2,-2.5,12.7,-2.5,0.342,0.0,80.0,3.0,0.25,-0.25,1.2,-1.2,-2700,0,0,0,0,0,0,1,0
997316,2022,Lewis Young,DEF,76.7,81.8,5.1,6,13,0,61.0,-15.7,6.0,15.0,4.5,0.11,0.167,97.8,2.2,0.33,-0.33,3.0,-3.0,65900,0,0,0,0,0,1,0,0
997316,2023,Lewis Young,DEF,72.4,59.0,-13.4,8,7,0,75.0,2.6,-1.44,-4.0,-4.1,0.328,0.0,90.4,-17.9,0.12,-0.12,1.9,0.1,-14500,0,0,0,0,0,1,0,0
997316,2025,Lewis Young,DEF,71.2,54.8,-16.5,5,8,0,69.9,-1.3,9.4,10.5,7.5,0.039,0.0,86.0,2.5,0.6,0.4,11.3,-0.3,15800,0,0,0,0,0,1,0,0
997501,2022,Ryan Gardner,DEF,59.6,63.0,3.4,8,13,0,38.8,-20.8,2.107,2.7,-1.4,-0.066,0.0,97.0,-3.0,0.12,-0.12,,,61500,0,0,0,0,0,1,0,0
997846,2023,Conor McKenna,FWD,67.8,60.7,-7.0,8,15,0,,,-4.762,-4.2,-6.7,0.277,0.0,82.2,1.2,0.75,-0.25,,,18900,0,0,0,0,0,0,1,0
997933,2022,Griffin Logue,DEF,79.6,72.5,-7.1,5,13,0,58.8,-20.8,3.2,11.4,1.3,1.302,0.2,88.6,1.9,0.0,0.0,0.0,0.0,80400,0,0,0,0,0,1,0,0
997933,2023,Griffin Logue,DEF,71.1,62.5,-8.6,7,8,0,67.1,-4.0,-3.143,-5.7,-5.8,-0.276,0.0,92.4,-3.4,0.0,0.0,7.8,9.2,-18300,0,0,0,0,0,1,0,0
998102,2021,Andrew McGrath,DEF,92.9,75.3,-17.5,8,6,0,,,-2.083,-0.7,-4.4,0.969,0.25,81.1,-3.1,5.12,3.88,60.2,1.8,700,0,0,1,0,0,1,0,0
998102,2022,Andrew McGrath,DEF,87.9,86.2,-1.7,8,10,0,85.4,-2.5,1.083,-1.5,-3.7,-0.178,0.25,84.1,-1.1,3.75,-2.25,37.0,-22.0,26600,0,0,1,0,0,1,0,0
998102,2023,Andrew McGrath,DEF,84.8,88.0,3.2,8,15,0,86.2,1.5,-1.0,-6.3,0.7,-0.044,0.25,83.5,-2.0,1.0,-0.5,,,-29200,0,0,0,0,0,1,0,0
998102,2024,Andrew McGrath,DEF,104.1,90.7,-13.4,8,15,0,86.5,-17.6,-0.774,8.5,-2.1,0.447,0.375,83.1,1.4,1.62,-0.12,,,33700,0,1,1,0,0,1,0,0
998102,2025,Andrew McGrath,DEF,65.6,92.8,27.2,7,15,1,89.1,23.6,0.429,5.2,-0.5,-1.051,0.0,83.1,0.9,0.86,-0.36,0.3,-0.3,-36200,0,0,1,0,0,1,0,0
998103,2021,Oliver Florent,MID,83.4,72.5,-10.9,8,14,0,,,-1.226,7.7,-2.1,0.474,0.125,79.9,-1.9,2.5,1.0,22.0,-3.5,6300,0,1,1,0,1,0,0,0
998103,2022,Oliver Florent,MID,69.2,66.9,-2.4,8,14,0,76.5,7.2,-2.738,-0.7,-2.6,0.944,0.125,79.4,-1.4,1.62,-0.62,21.4,-21.4,-23300,0,0,0,0,1,0,0,0
998103,2023,Oliver Florent,MID,81.2,72.3,-9.0,8,15,0,72.1,-9.2,-4.19,-11.7,2.8,0.173,0.375,88.0,4.5,0.38,0.12,,,-72900,0,1,1,0,1,0,0,0
998103,2024,Oliver Florent,MID,89.6,74.2,-15.4,7,15,0,73.2,-16.3,2.571,9.8,-2.2,0.914,0.286,84.9,1.1,1.71,-0.71,0.0,0.0,61500,0,0,0,0,1,0,0,0
998103,2025,Oliver Florent,MID,68.3,54.9,-13.4,7,8,0,74.7,6.4,-2.786,-5.0,-2.8,-0.858,0.0,84.1,-3.1,0.57,-0.57,2.0,0.0,-31800,0,0,0,0,1,0,0,0
998114,2021,Jack Scrimshaw,DEF,73.6,89.3,15.7,7,13,1,,,9.036,1.3,10.6,-1.049,0.143,73.7,6.8,0.71,0.29,4.6,11.4,21900,0,1,1,0,0,1,0,0
998114,2022,Jack Scrimshaw,DEF,83.4,84.7,1.3,8,12,0,83.8,0.4,4.536,19.2,8.0,-1.7,0.375,73.8,8.8,0.38,-0.38,,,64500,0,0,0,1,0,1,0,0
998114,2023,Jack Scrimshaw,DEF,59.4,82.2,22.8,5,11,0,84.0,24.6,-6.1,-10.4,-4.4,0.516,0.2,72.5,-3.5,0.0,0.0,,,-123100,0,0,1,0,0,1,0,0
998114,2024,Jack Scrimshaw,DEF,84.8,80.4,-4.3,8,14,0,81.4,-3.3,3.143,8.0,3.3,-0.444,0.25,77.9,4.1,0.0,0.0,,,34400,0,0,0,0,0,1,0,0
998129,2022,Will Brodie,MID,98.6,104.5,5.9,8,14,0,,,1.679,-4.3,3.2,0.523,0.5,68.8,-3.2,5.75,-2.25,67.4,-4.9,60800,0,0,1,0,1,0,0,0
998130,2021,Ben Ainsworth,FWD,52.7,66.4,13.7,7,10,0,,,-0.107,3.0,-4.4,0.632,0.0,75.3,-3.8,0.57,-0.57,0.6,-0.6,-21600,0,0,0,0,0,0,1,0
998130,2022,Ben Ainsworth,FWD,77.0,74.6,-2.4,8,14,0,60.8,-16.2,4.357,17.8,3.7,-0.115,0.125,83.1,4.9,0.5,0.5,,,93000,0,0,1,0,0,0,1,0
998130,2023,Ben Ainsworth,FWD,75.1,77.0,1.9,7,14,0,69.1,-6.1,-0.964,-4.7,-1.9,0.154,0.0,82.4,-6.4,0.86,0.64,,,-19100,0,0,0,0,0,0,1,0
998130,2024,Ben Ainsworth,FWD,70.0,62.6,-7.4,7,9,0,71.6,1.6,0.107,-1.5,0.8,-0.016,0.143,81.6,-1.6,0.57,0.43,0.0,0.0,-17600,0,0,0,0,0,0,1,0
998130,2025,Ben Ainsworth,FWD,67.0,58.5,-8.5,6,15,0,70.4,3.4,-3.143,-6.7,-4.5,0.269,0.0,78.2,-3.2,1.67,-0.17,,,-1800,0,0,0,0,0,0,1,0
998133,2022,Jarrod Berry,MID,74.4,76.8,2.4,8,12,0,49.3,-25.0,-2.036,-9.7,-4.2,-0.394,0.0,78.1,-3.1,1.88,-0.38,26.2,-24.2,4500,0,0,0,1,1,0,0,0
998133,2023,Jarrod Berry,MID,73.6,78.1,4.5,8,14,0,67.6,-6.0,2.536,-1.5,8.8,-0.209,0.25,76.0,1.0,1.62,0.38,13.2,-13.2,-26500,0,1,1,1,1,0,0,0
998133,2024,Jarrod Berry,MID,91.4,82.3,-9.2,7,15,0,71.4,-20.0,5.071,1.2,4.2,-1.288,0.286,76.1,-3.6,2.0,-0.5,11.7,29.3,58200,0,1,1,0,1,0,0,0
998133,2025,Jarrod Berry,MID,84.1,84.6,0.5,8,13,0,75.6,-8.5,2.321,13.2,7.2,0.238,0.125,78.8,-2.8,1.62,-0.12,1.0,-1.0,18900,0,0,1,0,1,0,0,0
998134,2021,Josh Battle,DEF,66.6,59.5,-7.1,8,6,0,,,0.155,-13.2,-2.0,0.561,0.125,76.0,-7.0,0.62,0.38,0.0,0.0,-10400,0,0,0,0,0,1,0,0
998134,2022,Josh Battle,DEF,79.4,67.0,-12.4,8,13,0,63.6,-15.8,0.083,0.5,1.9,-0.067,0.25,85.0,0.5,0.38,-0.38,2.9,-2.9,9400,0,0,1,0,0,1,0,0
998134,2023,Josh Battle,DEF,70.6,60.0,-10.6,8,14,0,68.5,-2.2,-2.607,-13.8,-2.8,0.206,0.125,90.9,2.1,0.25,-0.25,,,-38600,0,0,1,0,0,1,0,0
998134,2024,Josh Battle,DEF,74.9,89.3,14.5,8,15,1,66.7,-8.2,-4.155,-9.8,-0.4,-0.463,0.125,90.1,-2.6,0.38,0.62,3.2,-3.2,-59900,0,0,1,0,0,1,0,0
998134,2025,Josh Battle,DEF,89.3,77.5,-11.8,7,15,0,71.8,-17.5,7.286,15.7,15.0,-0.005,0.429,94.6,-1.6,0.29,0.21,,,21900,0,1,1,0,0,1,0,0
998145,2021,Sean Darcy,RUC,103.3,125.4,22.1,7,14,0,,,1.0,-2.7,1.4,-0.16,0.571,82.1,-0.6,3.43,-0.43,68.3,13.7,34000,0,0,1,0,0,0,0,1
998145,2022,Sean Darcy,RUC,107.2,100.3,-6.9,5,14,0,118.0,10.8,23.5,23.8,22.7,0.837,0.4,73.6,-1.1,4.6,-1.1,68.3,2.2,-47000,0,0,0,0,0,0,0,1
998145,2023,Sean Darcy,RUC,107.2,103.4,-3.8,8,7,0,110.5,3.2,3.071,-10.8,-6.7,-0.962,0.625,81.1,0.4,4.62,-0.12,83.5,-0.5,40000,0,0,1,0,0,0,0,1
998172,2021,Tim Taranto,MID,103.8,93.6,-10.1,8,14,0,,,5.381,13.0,8.2,-0.036,0.625,82.9,-1.9,4.38,1.62,53.5,-3.5,52900,0,0,1,0,1,0,0,0
998172,2022,Tim Taranto,MID,97.0,85.8,-11.2,8,8,0,97.3,0.3,-4.476,-13.5,-5.1,-0.29,0.375,84.4,0.6,4.25,-0.25,49.0,7.0,-62700,0,0,1,0,1,0,0,0
998172,2023,Tim Taranto,MID,117.6,100.8,-16.8,8,15,0,94.8,-22.8,5.083,10.2,3.0,0.471,0.875,82.1,0.4,6.62,2.38,76.1,-2.1,88900,0,0,1,0,1,0,0,0
998172,2025,Tim Taranto,MID,96.1,99.8,3.7,8,13,0,99.0,2.9,5.726,7.7,2.1,0.989,0.25,86.0,1.5,5.38,-1.88,83.0,5.0,63100,0,0,1,0,1,0,0,0
998180,2022,Bailey Banfield,DEF,44.2,41.6,-2.6,6,12,0,47.7,3.5,5.171,5.8,8.9,0.183,0.0,65.3,-13.3,0.0,0.0,,,-100,0,0,0,0,0,1,0,0
998180,2023,Bailey Banfield,DEF,60.6,52.0,-8.6,7,7,0,43.8,-16.8,4.607,-8.8,10.2,-0.512,0.0,72.1,6.9,0.29,0.21,,,11900,0,0,0,0,0,1,0,0
998180,2024,Bailey Banfield,DEF,74.9,55.4,-19.4,8,14,0,48.4,-26.5,-2.679,-5.3,-5.6,-0.084,0.125,82.5,-1.0,1.12,-0.12,0.4,-0.4,-5600,0,0,0,1,0,1,0,0
998180,2025,Bailey Banfield,DEF,52.5,62.8,10.3,6,14,0,53.6,1.0,-4.2,-10.2,-8.4,0.934,0.167,75.7,-8.2,1.0,-0.5,0.0,0.0,-22100,0,0,0,0,0,1,0,0
998205,2021,Harry Perryman,DEF,92.8,90.8,-2.0,5,11,0,,,-3.9,-3.5,-4.9,0.045,0.4,79.4,-2.9,1.4,0.6,0.0,0.0,-23900,0,1,1,0,0,1,0,0
998205,2022,Harry Perryman,DEF,92.2,96.8,4.5,8,8,0,91.4,-0.8,-2.214,-6.0,-0.5,-1.239,0.375,80.0,3.0,1.25,-1.25,0.0,0.0,-41400,0,0,0,0,0,1,0,0
998205,2024,Harry Perryman,DEF,75.0,78.9,3.9,7,12,0,85.8,10.8,0.464,-2.2,-0.2,0.383,0.0,78.6,0.4,0.29,0.71,,,0,0,1,1,0,0,1,0,0
998205,2025,Harry Perryman,DEF,70.9,66.3,-4.5,7,15,0,83.5,12.7,3.393,-1.0,8.2,-0.106,0.286,79.9,2.6,0.86,-0.36,13.3,1.2,-32400,0,0,0,0,0,1,0,0
998215,2022,Will Setterfield,MID,58.8,67.7,8.8,6,6,0,62.0,3.2,-7.4,-11.2,-8.8,-0.884,0.0,82.7,0.3,1.0,-0.5,0.6,-0.6,-34800,0,0,0,0,1,0,0,0
998260,2021,Jack Bowes,MID,103.8,67.6,-36.1,8,11,0,,,-5.167,3.3,-4.3,0.685,0.5,86.5,-1.5,1.25,-1.25,,,-10800,0,1,1,0,1,0,0,0
998260,2023,Jack Bowes,MID,69.7,56.5,-13.1,6,11,0,78.7,9.0,-10.457,-10.7,-16.1,-0.577,0.167,69.7,-27.2,2.0,-1.0,4.8,-4.8,20900,0,0,0,0,1,0,0,0
998260,2024,Jack Bowes,MID,87.5,81.6,-5.9,6,14,0,71.4,-16.1,7.857,11.2,7.2,-0.76,0.333,63.3,4.2,3.33,-1.33,49.0,1.0,105800,0,0,0,0,1,0,0,0
998260,2025,Jack Bowes,MID,69.9,61.5,-8.4,8,10,0,75.3,5.5,1.702,-9.5,4.1,-0.175,0.0,76.6,1.4,2.5,1.0,27.6,10.4,-42600,0,0,0,0,1,0,0,0
998390,2021,Changkuoth Jiath,DEF,92.0,76.8,-15.2,8,8,0,,,-2.619,-8.3,0.1,-0.511,0.5,82.8,0.8,0.88,-0.38,,,-7400,0,0,1,0,0,1,0,0
998390,2022,Changkuoth Jiath,DEF,86.6,72.7,-13.9,5,9,0,84.4,-2.2,-1.7,8.4,-5.1,-0.546,0.4,80.4,5.1,0.4,0.1,,,-5600,0,0,1,0,0,1,0,0
998390,2025,Changkuoth Jiath,DEF,79.8,60.6,-19.2,5,12,0,72.8,-7.0,5.5,1.9,7.6,0.363,0.2,68.2,-10.7,0.8,-0.8,,,33100,0,0,0,0,0,1,0,0
998484,2021,Cameron Zurhaar,FWD,37.7,78.1,40.4,7,13,0,,,1.75,1.3,5.6,0.086,0.0,71.7,9.3,0.57,0.43,3.8,-3.8,-65500,0,0,0,0,0,0,1,0
998484,2022,Cameron Zurhaar,FWD,59.1,66.5,7.4,7,12,0,64.0,4.8,3.929,9.5,6.0,-0.11,0.0,81.4,1.6,0.86,-0.36,5.0,4.5,9400,0,0,0,0,0,0,1,0
998484,2023,Cameron Zurhaar,FWD,69.1,69.5,0.4,8,8,0,63.9,-5.3,-2.321,8.2,0.7,-1.159,0.0,83.8,4.2,2.5,-0.5,28.1,-8.1,-20200,0,0,0,0,0,0,1,0
998484,2024,Cameron Zurhaar,FWD,64.1,71.3,7.1,7,15,0,65.5,1.3,-2.107,-3.7,-1.5,0.672,0.0,85.0,-3.5,1.14,-1.14,1.2,-1.2,-41100,0,0,0,0,0,0,1,0
998484,2025,Cameron Zurhaar,FWD,65.5,64.5,-1.0,8,14,0,66.5,1.0,-2.524,0.8,0.4,-0.499,0.0,84.0,-0.5,0.25,0.25,0.4,-0.4,-28200,0,0,0,0,0,0,1,0
998529,2022,Ivan Soldo,RUC,46.8,58.5,11.7,5,8,0,,,4.7,-1.5,6.1,-0.332,0.0,62.2,2.8,1.4,-0.9,39.5,-4.5,-56900,0,0,0,0,0,0,0,1
998647,2024,Mason Cox,RUC,60.6,56.8,-3.8,7,8,0,60.1,-0.5,-4.75,-1.8,-7.6,0.389,0.0,66.0,-0.5,1.57,-0.07,31.7,-4.7,-13600,0,0,0,0,0,0,0,1
998659,2021,Luke Ryan,DEF,99.5,99.2,-0.3,6,13,0,,,3.057,4.8,1.4,1.283,0.333,89.5,2.5,0.0,0.0,,,-12400,0,0,0,0,0,1,0,0
998659,2022,Luke Ryan,DEF,89.2,100.7,11.5,8,14,0,99.3,10.0,-3.762,0.7,-4.0,1.439,0.25,83.8,-5.2,0.25,0.25,0.0,0.0,-33100,0,0,1,0,0,1,0,0
998659,2023,Luke Ryan,DEF,119.8,104.0,-15.8,8,15,0,97.8,-21.9,-4.548,7.8,-4.5,1.332,0.875,84.9,4.6,0.62,-0.62,,,21300,0,1,1,0,0,1,0,0
998659,2024,Luke Ryan,DEF,133.8,107.5,-26.3,8,15,0,102.0,-31.8,0.357,1.0,11.3,0.589,0.875,91.5,2.0,0.62,-0.12,,,-9300,0,0,0,0,0,1,0,0
998659,2025,Luke Ryan,DEF,87.5,97.0,9.5,8,15,0,105.9,18.4,2.024,0.8,7.0,0.538,0.25,87.0,0.5,0.5,-0.5,,,-61300,0,0,1,0,0,1,0,0
998782,2024,Buku Khamis,DEF,58.4,43.3,-15.0,8,9,0,45.4,-13.0,-1.845,-7.8,-1.9,1.021,0.0,92.6,-4.1,0.0,0.0,0.0,0.0,12700,1,0,0,0,0,1,0,0
998782,2025,Buku Khamis,DEF,61.4,45.0,-16.4,7,7,0,48.6,-12.9,-2.071,-6.8,1.1,-1.48,0.0,85.6,-8.6,0.43,0.57,7.6,8.9,-21200,0,0,0,0,0,1,0,0
999321,2022,Michael Frederick,FWD,57.0,61.7,4.7,7,13,0,49.6,-7.4,0.25,-8.0,1.0,-0.506,0.143,82.1,0.4,0.29,0.71,,,2700,1,0,0,0,0,0,1,0
999321,2023,Michael Frederick,FWD,66.8,57.5,-9.4,6,13,0,57.3,-9.5,3.971,4.8,5.0,0.904,0.0,81.3,-3.8,1.17,0.33,,,18000,0,0,0,1,0,0,1,0
999321,2024,Michael Frederick,FWD,55.3,48.3,-7.0,6,14,0,58.6,3.3,4.914,0.3,8.9,0.25,0.0,70.8,3.2,0.5,0.5,,,-28200,0,0,0,0,0,0,1,0
999321,2025,Michael Frederick,FWD,58.2,60.7,2.5,8,15,0,56.1,-2.1,-0.833,-9.0,-5.4,-0.203,0.0,81.8,-1.2,0.12,-0.12,,,800,1,0,0,0,0,0,1,0
999326,2021,Brad Close,FWD,70.2,63.4,-6.8,5,14,0,,,4.8,4.5,3.4,-0.012,0.0,81.4,3.1,0.6,-0.6,,,36800,0,0,0,0,0,0,1,0
999326,2022,Brad Close,FWD,75.9,76.6,0.8,8,14,0,65.2,-10.7,-4.345,5.5,-2.9,1.549,0.125,83.0,-4.0,0.62,-0.62,,,-16400,0,0,0,0,0,0,1,0
999326,2023,Brad Close,FWD,64.4,68.1,3.7,8,13,0,71.2,6.8,4.226,1.2,-4.5,0.23,0.125,84.6,1.9,0.88,0.62,1.4,3.6,61400,0,0,0,0,0,0,1,0
999326,2024,Brad Close,FWD,69.6,56.3,-13.3,8,15,0,69.6,0.0,1.869,3.7,1.4,0.28,0.0,83.1,3.4,1.0,-0.5,,,30500,0,0,0,0,0,0,1,0
999326,2025,Brad Close,FWD,65.4,59.6,-5.8,8,15,0,67.3,1.9,-0.536,-5.7,-1.1,-0.004,0.0,81.1,1.4,0.5,0.0,,,-100,0,0,0,0,0,0,1,0
999331,2023,Darcy Fogarty,FWD,67.8,68.2,0.4,6,15,0,60.7,-7.2,-8.886,-16.2,-11.2,0.027,0.167,85.0,-1.5,0.5,-0.5,,,-14800,0,0,0,0,0,0,1,0
999331,2024,Darcy Fogarty,FWD,60.9,71.1,10.2,8,15,0,63.6,2.7,3.345,11.8,9.1,-0.333,0.0,84.2,-2.8,0.38,0.12,,,-5300,0,0,0,0,0,0,1,0
999331,2025,Darcy Fogarty,FWD,64.4,61.9,-2.6,7,15,0,64.7,0.3,-3.071,-2.3,-5.8,-0.113,0.143,80.4,-8.4,0.0,0.0,,,-1400,0,0,0,0,0,0,1,0
999391,2022,Tom Sparrow,FWD,74.0,64.2,-9.8,7,14,0,48.2,-25.8,3.714,2.2,8.1,0.047,0.143,66.9,2.6,2.86,0.64,34.3,1.2,38100,0,0,0,0,0,0,1,0
999391,2023,Tom Sparrow,FWD,65.4,68.2,2.9,8,13,0,60.1,-5.3,7.012,23.7,10.4,0.171,0.125,72.1,0.9,2.0,-0.5,39.4,3.1,65500,0,0,0,0,0,0,1,0
999391,2024,Tom Sparrow,FWD,73.7,59.3,-14.4,7,13,0,62.8,-10.9,2.786,-3.5,3.4,-0.622,0.0,73.4,2.1,2.29,-0.29,53.1,-0.1,15600,0,0,0,0,0,0,1,0
999391,2025,Tom Sparrow,FWD,59.9,60.5,0.6,8,14,0,63.2,3.3,-1.25,16.8,-3.1,0.531,0.125,80.5,3.5,1.5,-0.5,12.1,-12.1,19400,0,1,1,0,0,0,1,0
999827,2022,Zac Fisher,FWD,72.8,74.0,1.2,8,14,0,64.9,-7.8,0.5,-5.7,5.5,-1.374,0.0,78.5,2.5,0.75,0.25,6.6,-3.1,-21900,0,1,1,0,0,0,1,0
999827,2023,Zac Fisher,FWD,60.1,78.4,18.3,7,5,0,70.8,10.7,1.857,-6.7,3.1,-0.032,0.0,75.3,-1.3,1.71,0.79,5.3,1.2,-32500,0,0,0,0,0,0,1,0
999827,2024,Zac Fisher,FWD,70.8,96.4,25.7,8,10,1,70.0,-0.8,-0.929,-7.2,3.0,-0.836,0.125,72.8,-12.8,0.62,-0.12,,,-34600,0,1,1,0,0,0,1,0
1000072,2021,John Noble,DEF,75.4,66.9,-8.5,8,14,0,,,-0.131,6.8,2.4,-0.694,0.0,82.0,-2.5,0.75,-0.75,,,-5800,0,1,1,0,0,1,0,0
1000072,2022,John Noble,DEF,68.4,77.6,9.2,8,14,0,70.0,1.6,1.988,19.2,5.7,-1.157,0.0,72.2,10.2,0.25,0.75,,,19700,0,0,0,0,0,1,0,0
1000072,2023,John Noble,DEF,86.9,76.3,-10.6,8,15,0,72.1,-14.8,-1.393,6.8,-1.0,-0.418,0.375,80.9,2.6,1.0,1.5,,,21600,0,1,1,0,0,1,0,0
1000072,2024,John Noble,DEF,86.6,79.0,-7.6,5,14,0,74.8,-11.8,-1.9,-1.6,-2.8,0.407,0.2,77.6,4.9,0.4,0.1,,,9900,0,0,0,0,0,1,0,0
1000072,2025,John Noble,DEF,98.4,97.9,-0.6,7,15,0,76.2,-22.3,3.321,6.2,3.6,-0.585,0.714,84.1,-0.6,0.57,0.43,,,54600,0,0,1,0,0,1,0,0
1000223,2021,Liam Baker,DEF,74.4,87.2,12.8,8,14,1,,,2.893,-0.7,-0.2,0.185,0.125,82.6,-3.1,0.75,1.25,7.8,23.2,4500,0,0,1,0,0,1,0,0
1000223,2022,Liam Baker,DEF,62.0,87.1,25.1,8,14,1,82.5,20.5,0.143,-1.3,-4.3,-0.209,0.0,82.2,-3.2,1.25,-0.75,1.6,-1.6,-13100,0,0,0,0,0,1,0,0
1000223,2023,Liam Baker,DEF,93.9,72.2,-21.7,8,15,0,80.3,-13.6,-2.274,-18.0,1.1,0.315,0.5,86.6,2.4,0.62,-0.62,3.5,-3.5,-59300,0,0,1,0,0,1,0,0
1000223,2024,Liam Baker,DEF,89.3,81.9,-7.4,6,11,0,80.1,-9.2,-2.457,-5.3,-2.6,0.341,0.167,79.8,-1.3,3.33,0.17,46.2,17.2,24100,0,0,1,0,0,1,0,0
1000223,2025,Liam Baker,DEF,84.4,95.5,11.2,8,15,0,81.0,-3.4,-0.607,2.3,0.2,0.371,0.25,83.4,2.1,2.75,-1.25,32.9,-24.9,-6300,0,0,0,0,0,1,0,0
1000860,2021,Lachie Schultz,FWD,64.7,57.1,-7.6,7,13,0,,,-6.0,-12.7,-10.0,0.009,0.286,74.0,3.0,0.14,-0.14,,,-2700,0,0,0,1,0,0,1,0
1000860,2022,Lachie Schultz,FWD,75.3,66.9,-8.4,7,14,0,59.8,-15.5,-0.679,2.5,-7.8,-0.28,0.286,85.3,0.7,0.14,0.36,,,56300,0,0,0,0,0,0,1,0
1000860,2023,Lachie Schultz,FWD,69.9,84.1,14.2,8,15,0,64.8,-5.0,-3.988,-24.7,-7.5,0.758,0.125,79.2,-3.8,0.75,0.25,1.2,2.2,-52100,0,0,0,0,0,0,1,0
1000860,2024,Lachie Schultz,FWD,56.4,62.5,6.1,7,12,0,70.0,13.5,-1.786,-6.0,-3.3,1.142,0.0,80.4,-0.9,0.86,0.64,,,-42400,0,0,0,0,0,0,1,0
1000864,2024,Lachlan Bramble,DEF,71.6,73.3,1.7,8,15,0,63.6,-8.0,-6.655,-5.3,-7.0,-0.06,0.125,79.2,-0.8,0.12,-0.12,,,-23600,0,0,0,0,0,1,0,0
1000864,2025,Lachlan Bramble,DEF,67.2,65.6,-1.7,8,15,0,67.6,0.3,1.81,0.3,0.5,-0.646,0.0,82.4,-1.9,0.88,1.62,,,21000,0,0,0,0,0,1,0,0
1000887,2021,Mitch Lewis,FWD,68.4,64.4,-4.0,5,9,0,,,-6.8,-7.1,-4.5,-1.33,0.0,88.8,-5.8,0.4,0.1,7.2,0.8,80700,1,0,0,0,0,0,1,0
1000887,2022,Mitch Lewis,FWD,78.8,71.8,-7.0,5,10,0,65.9,-12.9,-6.0,-14.1,-3.7,-0.675,0.2,95.4,3.1,0.2,-0.2,,,-6300,0,0,0,0,0,0,1,0
1000932,2021,Tom Doedee,DEF,89.8,82.7,-7.1,8,13,0,,,-0.881,-5.3,-2.3,-0.242,0.375,92.2,-3.2,0.38,0.12,,,-10000,0,0,0,0,0,1,0,0
1000932,2022,Tom Doedee,DEF,84.8,71.3,-13.4,8,12,0,85.4,0.6,-2.071,-8.7,-4.9,0.645,0.25,93.5,3.5,0.25,0.25,,,-19700,0,0,0,0,0,1,0,0
1000937,2021,Jack Henry,DEF,82.3,82.1,-0.1,7,14,0,,,3.75,14.7,1.1,0.237,0.286,90.1,-0.6,0.43,-0.43,3.9,-3.9,79500,0,0,0,0,0,1,0,0
1000937,2022,Jack Henry,DEF,45.6,70.3,24.7,5,9,0,82.2,36.6,5.2,8.7,4.2,-0.338,0.0,90.0,-9.5,0.0,0.0,0.0,0.0,-106500,0,0,0,0,0,1,0,0
1000937,2024,Jack Henry,DEF,55.8,72.8,17.0,8,15,0,72.1,16.3,-3.0,-3.0,0.0,0.372,0.0,97.6,2.4,0.5,0.0,,,-66600,0,0,0,0,0,1,0,0
1000953,2021,Harry McKay,FWD,91.2,67.3,-24.0,8,11,0,,,0.214,8.5,-0.8,0.463,0.25,89.1,0.9,0.0,0.0,,,37100,0,0,0,0,0,0,1,0
1000953,2022,Harry McKay,FWD,77.0,81.0,4.0,8,11,0,77.4,0.4,-1.429,-6.7,-1.4,-0.237,0.375,90.2,-1.8,0.62,1.38,,,-22800,0,1,1,0,0,0,1,0
1000953,2023,Harry McKay,FWD,68.8,73.0,4.2,8,11,0,78.3,9.6,1.262,1.0,-3.8,0.551,0.125,91.2,-5.2,0.12,0.38,0.0,0.0,12500,0,0,1,0,0,0,1,0
1000953,2024,Harry McKay,FWD,97.6,76.8,-20.8,7,12,0,76.0,-21.6,-4.357,0.2,-2.6,0.626,0.429,92.0,3.5,1.0,-1.0,5.6,-5.6,-12100,0,1,1,0,0,0,1,0
1000963,2021,Harry Morrison,MID,67.5,59.8,-7.7,8,6,0,,,-7.024,-15.2,-5.9,-0.285,0.0,82.4,2.1,1.75,-1.25,0.5,1.5,-80700,0,0,0,0,1,0,0,0
1000963,2022,Harry Morrison,MID,81.1,72.6,-8.5,7,14,0,64.2,-16.9,-1.214,-3.2,1.4,-0.02,0.0,85.0,3.0,1.86,0.14,,,900,0,0,0,0,1,0,0,0
1000963,2023,Harry Morrison,MID,72.3,61.3,-11.0,6,7,0,71.0,-1.4,0.686,6.7,-0.8,-0.105,0.0,82.2,3.8,1.4,-0.9,,,-3000,0,1,1,0,1,0,0,0
1000963,2025,Harry Morrison,MID,71.4,71.2,-0.3,7,12,0,67.0,-4.4,3.893,13.0,1.3,1.224,0.143,80.4,2.1,1.0,0.5,0.0,0.0,61900,0,0,0,0,1,0,0,0
1000972,2021,Willem Drew,MID,85.6,87.5,1.9,8,14,0,,,4.298,19.8,9.3,0.017,0.25,69.1,3.9,4.25,1.75,49.8,0.2,59500,0,0,0,0,1,0,0,0
1000972,2022,Willem Drew,MID,83.0,86.8,3.8,8,13,0,86.8,3.8,-1.929,-3.5,-6.6,0.598,0.25,74.5,-1.0,4.38,-2.38,54.4,-2.4,-10500,0,0,1,0,1,0,0,0
1000972,2023,Willem Drew,MID,83.8,86.2,2.5,8,15,0,86.1,2.3,2.595,19.7,5.6,0.281,0.25,73.2,-2.2,4.0,-1.0,41.5,-3.0,36900,0,1,1,0,1,0,0,0
1000972,2024,Willem Drew,MID,98.8,86.1,-12.6,8,15,0,85.8,-12.9,-6.643,-15.0,-8.3,0.153,0.5,79.2,1.8,3.75,-1.25,64.5,-12.5,-74800,0,1,1,0,1,0,0,0
1000972,2025,Willem Drew,MID,82.8,81.5,-1.2,8,15,0,87.0,4.3,0.143,4.0,-0.2,0.424,0.375,79.0,2.0,4.62,0.88,61.1,-12.1,300,0,0,1,0,1,0,0,0
1000978,2021,Hugh McCluggage,MID,107.1,95.9,-11.3,8,14,0,,,8.631,6.8,7.8,-0.225,0.625,84.1,-4.1,3.0,0.5,20.9,10.1,69000,0,0,1,0,1,0,0,0
1000978,2022,Hugh McCluggage,MID,108.9,100.5,-8.4,8,13,0,100.0,-8.9,7.631,10.5,13.5,0.062,0.75,82.4,-3.4,3.75,-0.25,55.0,-6.5,48400,0,0,1,0,1,0,0,0
1000978,2023,Hugh McCluggage,MID,76.2,103.7,27.5,8,14,1,101.8,25.5,4.595,5.8,4.1,0.25,0.0,80.1,-0.6,4.0,0.0,35.9,3.6,12000,0,0,0,0,1,0,0,0
1000978,2024,Hugh McCluggage,MID,107.6,94.7,-12.9,7,15,0,99.0,-8.5,2.0,-5.3,6.4,-0.138,0.714,85.1,6.4,5.43,0.07,70.6,4.4,-700,0,0,1,0,1,0,0,0
1000978,2025,Hugh McCluggage,MID,119.2,119.5,0.3,8,15,0,99.0,-20.3,0.238,-18.7,2.1,-0.45,0.75,80.8,-2.8,5.75,1.25,71.4,1.6,-34900,0,1,1,0,1,0,0,0
1000980,2023,Lloyd Meek,RUC,65.2,63.2,-2.0,6,10,0,63.9,-1.3,7.571,8.5,13.9,0.433,0.167,77.3,-2.3,2.67,-1.17,51.0,8.5,-43100,0,0,0,0,0,0,0,1
1000980,2024,Lloyd Meek,RUC,101.3,104.5,3.1,6,13,0,63.9,-37.4,0.971,1.7,3.0,0.558,0.5,82.7,-0.2,3.83,-1.33,86.7,4.3,75100,0,1,1,1,0,0,0,1
1000980,2025,Lloyd Meek,RUC,105.4,98.1,-7.3,7,14,0,78.9,-26.5,4.357,5.7,-1.3,0.783,0.571,81.0,-3.0,4.14,-1.14,85.4,-9.9,43600,0,0,1,0,0,0,0,1
1000981,2021,Daniel Rioli,DEF,53.9,66.7,12.9,7,11,0,,,0.929,0.3,0.0,-0.687,0.0,77.3,1.2,0.29,-0.29,0.5,-0.5,-12700,0,0,0,0,0,1,0,0
1000981,2022,Daniel Rioli,DEF,88.9,93.9,5.1,8,14,0,61.7,-27.2,-1.179,-2.5,0.8,-0.152,0.5,81.0,-2.0,0.12,-0.12,,,-6500,0,0,1,0,0,1,0,0
1000981,2023,Daniel Rioli,DEF,92.4,84.0,-8.4,8,15,0,78.4,-14.0,-3.036,-8.0,-7.3,0.467,0.375,85.8,-2.8,1.0,-0.5,,,-7800,0,0,1,0,0,1,0,0
1000981,2024,Daniel Rioli,DEF,95.7,93.2,-2.5,7,15,0,81.5,-14.2,3.25,-3.3,2.8,-1.007,0.429,84.3,-0.3,0.71,-0.21,,,28300,0,0,0,0,0,1,0,0
1000981,2025,Daniel Rioli,DEF,91.6,79.5,-12.1,7,10,0,84.8,-6.8,-4.429,-14.7,-3.2,1.025,0.286,79.1,-2.1,0.86,-0.36,,,-71100,0,0,0,0,0,1,0,0
1001017,2021,Nick Larkey,FWD,50.1,65.9,15.7,8,14,0,,,0.321,-5.8,-3.1,1.52,0.0,84.9,-0.4,0.62,-0.12,1.5,-1.5,-4300,0,0,0,0,0,0,1,0
1001017,2022,Nick Larkey,FWD,66.9,53.0,-13.9,7,13,0,60.1,-6.7,-5.0,-5.7,-0.9,0.625,0.143,93.7,0.3,0.0,0.0,,,-33800,0,0,0,0,0,0,1,0
1001017,2023,Nick Larkey,FWD,51.8,78.9,27.1,8,15,0,59.0,7.3,-4.452,11.0,0.0,0.287,0.0,93.0,2.0,0.25,0.25,0.0,0.0,-23600,0,0,0,0,0,0,1,0
1001017,2024,Nick Larkey,FWD,56.9,63.1,6.3,8,15,0,62.7,5.8,2.679,3.8,3.7,-0.825,0.0,95.0,-2.5,0.75,1.75,7.6,1.4,-6400,0,0,0,0,0,0,1,0
1001017,2025,Nick Larkey,FWD,63.9,78.1,14.2,8,9,0,62.3,-1.6,-3.202,-3.2,-1.2,0.711,0.0,92.1,2.4,0.25,-0.25,0.4,-0.4,-35000,0,0,0,0,0,0,1,0
1001024,2022,Ned Reeves,RUC,48.4,76.4,28.0,5,7,0,82.4,34.0,-5.1,-4.4,-7.1,0.254,0.0,59.4,-12.9,2.0,0.5,58.8,-7.2,-69900,0,0,0,0,0,0,0,1
1001024,2023,Ned Reeves,RUC,63.8,69.3,5.6,8,13,0,69.9,6.2,6.167,-1.0,-1.9,0.513,0.25,72.7,6.3,1.43,0.07,64.7,3.8,68900,0,0,0,0,0,0,0,1
1001026,2021,Jordan Ridley,DEF,104.9,95.6,-9.3,7,14,0,,,-12.036,-34.2,-9.9,-0.82,0.571,86.6,11.4,0.0,0.0,,,-126200,0,0,1,0,0,1,0,0
1001026,2022,Jordan Ridley,DEF,91.3,91.8,0.5,7,13,0,98.7,7.4,2.5,-1.8,6.9,0.219,0.429,86.9,-1.9,0.29,0.21,,,-35000,0,0,0,0,0,1,0,0
1001026,2023,Jordan Ridley,DEF,78.8,109.2,30.5,8,9,1,95.2,16.5,-7.405,-16.2,-16.9,-1.506,0.125,81.6,-15.6,0.12,-0.12,,,-54800,0,0,1,0,0,1,0,0
1001028,2022,Jack Silvagni,DEF,72.6,77.9,5.4,7,14,0,65.3,-7.2,-1.286,-6.7,-0.8,0.856,0.0,80.6,-3.1,1.29,0.71,10.5,4.5,-9800,0,0,0,0,0,1,0,0
1001028,2023,Jack Silvagni,DEF,69.5,68.2,-1.2,8,8,0,71.6,2.1,3.238,1.2,5.5,-0.258,0.0,80.1,-2.6,1.25,0.25,4.6,5.9,-11000,0,0,0,0,0,1,0,0
1001028,2025,Jack Silvagni,DEF,84.4,68.2,-16.3,7,6,0,70.8,-13.6,1.0,9.8,0.4,-0.103,0.143,89.9,2.1,0.14,0.36,,,75800,0,0,0,0,0,1,0,0
1001195,2021,Izak Rankine,MID,62.9,48.8,-14.1,8,10,0,,,0.417,6.7,-1.9,0.915,0.125,85.8,-1.2,1.88,0.62,3.9,-2.4,12800,0,0,0,0,1,0,0,0
1001195,2022,Izak Rankine,MID,48.8,80.8,31.9,6,12,0,55.1,6.2,-1.629,-1.5,3.1,0.189,0.0,83.2,-2.2,1.67,-0.67,0.0,0.0,-58600,0,0,0,0,1,0,0,0
1001195,2023,Izak Rankine,MID,83.9,81.8,-2.1,8,12,0,62.6,-21.3,3.155,-6.3,2.9,-0.013,0.25,91.2,-1.2,2.25,0.75,2.9,3.6,5900,0,0,0,0,1,0,0,0
1001195,2024,Izak Rankine,MID,93.2,100.9,7.6,8,7,0,69.7,-23.5,2.571,2.3,1.1,0.318,0.25,88.9,-1.9,3.12,0.38,35.9,-7.4,43200,0,0,0,0,1,0,0,0
1001195,2025,Izak Rankine,MID,107.5,95.2,-12.3,8,14,0,75.5,-32.0,1.143,8.8,7.5,0.099,0.5,80.2,7.2,5.88,-1.88,54.4,-2.4,4700,0,1,1,0,1,0,0,0
1001299,2021,Connor Rozee,DEF,64.8,77.5,12.7,6,13,0,,,9.4,13.5,10.9,0.744,0.0,85.3,0.7,1.5,1.5,9.0,-1.5,-4000,0,0,0,1,0,1,0,0
1001299,2022,Connor Rozee,DEF,76.2,103.1,26.8,8,14,1,73.5,-2.7,9.595,15.2,4.0,0.823,0.125,81.8,1.8,2.75,1.75,38.5,23.0,111600,0,0,1,1,0,1,0,0
1001299,2023,Connor Rozee,DEF,102.2,110.4,8.2,8,15,0,84.1,-18.1,0.929,3.8,0.6,0.731,0.375,83.8,1.8,2.62,-1.12,69.1,2.4,19200,0,0,1,0,0,1,0,0
1001299,2024,Connor Rozee,DEF,99.0,97.8,-1.2,8,12,0,92.6,-6.4,-6.667,-28.3,-14.0,0.15,0.5,77.5,-23.5,4.5,0.0,65.6,-12.6,-87300,0,0,1,0,0,1,0,0
1001299,2025,Connor Rozee,DEF,104.2,105.5,1.3,8,13,0,93.9,-10.3,-2.762,3.7,-6.4,-0.254,0.625,85.4,1.1,3.62,-0.62,31.4,-24.4,28900,0,0,1,0,0,1,0,0
1001396,2021,Isaac Cumming,MID,89.5,94.9,5.4,8,14,0,,,-0.548,2.8,-2.1,0.307,0.25,80.5,-1.0,1.12,0.38,,,42400,0,0,1,0,1,0,0,0
1001396,2022,Isaac Cumming,MID,109.0,87.5,-21.5,7,14,0,92.9,-16.1,6.214,1.7,9.5,-0.381,0.571,81.1,-4.6,0.71,0.29,,,31600,0,0,1,0,1,0,0,0
1001396,2023,Isaac Cumming,MID,74.5,64.8,-9.7,8,9,0,93.8,19.3,-3.286,-12.3,-6.6,0.46,0.125,82.2,0.8,0.62,1.38,,,-54700,0,0,0,0,1,0,0,0
1001396,2025,Isaac Cumming,MID,73.0,64.4,-8.6,8,14,0,85.6,12.6,3.143,2.2,4.4,-0.457,0.0,80.5,-0.5,0.88,0.12,0.0,0.0,44900,0,0,0,0,1,0,0,0
1001398,2022,Matthew Kennedy,MID,91.1,100.6,9.5,7,10,0,81.0,-10.1,-4.821,2.0,-2.0,-0.014,0.429,71.1,1.4,5.14,1.36,58.0,-1.5,-30300,0,0,1,0,1,0,0,0
1001398,2023,Matthew Kennedy,MID,64.7,83.0,18.3,6,8,0,90.2,25.5,-14.743,-17.7,-14.1,0.141,0.167,60.2,-34.7,2.5,0.0,33.0,6.0,-128400,0,0,0,0,1,0,0,0
1001398,2024,Matthew Kennedy,MID,76.3,78.4,2.1,7,15,0,85.3,9.0,-3.0,-7.2,-9.9,-1.022,0.143,66.7,-20.2,1.86,0.14,38.7,6.8,10200,0,1,1,0,1,0,0,0
1001398,2025,Matthew Kennedy,MID,101.4,91.9,-9.5,8,15,0,82.7,-18.6,1.893,14.5,2.9,-0.718,0.625,79.5,3.5,7.25,1.75,68.2,-8.8,56300,0,1,1,0,1,0,0,0
1001438,2021,Bayley Fritsch,FWD,68.1,67.2,-0.9,7,14,0,,,-0.929,-7.5,-7.1,0.013,0.143,89.9,-2.4,0.0,0.0,0.7,-0.7,4800,0,0,0,0,0,0,1,0
1001438,2022,Bayley Fritsch,FWD,60.5,68.4,7.9,8,14,0,67.5,7.0,-0.167,-9.2,-7.4,-0.398,0.0,82.4,-1.4,0.12,0.38,,,3300,0,0,0,0,0,0,1,0
1001438,2023,Bayley Fritsch,FWD,70.4,71.4,0.9,7,8,0,66.5,-3.9,-7.179,-17.0,-10.9,-0.752,0.0,88.1,-1.1,0.0,0.0,,,-41700,0,0,0,0,0,0,1,0
1001438,2024,Bayley Fritsch,FWD,57.3,52.5,-4.8,7,15,0,67.6,10.4,2.464,-6.0,6.0,-0.087,0.0,89.6,-1.6,0.0,0.0,,,-40800,0,0,0,0,0,0,1,0
1001438,2025,Bayley Fritsch,FWD,53.3,74.4,21.1,7,15,0,63.9,10.6,0.786,2.7,-2.7,-0.456,0.0,79.9,-6.9,0.0,0.0,,,21600,1,0,0,0,0,0,1,0
1002143,2021,Ben McKay,DEF,62.4,52.4,-9.9,8,14,0,,,3.179,7.0,6.4,0.198,0.0,97.0,0.5,0.12,-0.12,,,20700,0,0,0,0,0,1,0,0
1002143,2022,Ben McKay,DEF,57.8,56.2,-1.6,6,9,0,56.0,-1.8,15.8,20.5,16.5,-0.949,0.0,70.3,3.2,0.17,0.33,,,56400,0,0,0,0,0,1,0,0
1002143,2024,Ben McKay,DEF,73.5,64.7,-8.8,8,15,0,58.7,-14.8,1.31,-10.0,2.4,-0.741,0.0,99.8,0.2,0.0,0.0,,,-11900,0,0,0,0,0,1,0,0
1002220,2023,Esava Ratugolea,DEF,64.4,47.2,-17.1,8,8,0,51.9,-12.5,4.464,-2.8,4.3,-0.151,0.0,94.0,2.0,0.0,0.0,,,71700,0,0,0,0,0,1,0,0
1002220,2024,Esava Ratugolea,DEF,62.2,56.1,-6.2,8,12,0,53.8,-8.5,3.357,-3.8,0.9,0.209,0.0,88.4,2.6,0.25,0.25,0.0,0.0,11500,0,0,0,0,0,1,0,0
1002220,2025,Esava Ratugolea,DEF,64.0,76.6,12.6,6,7,0,55.6,-8.4,1.2,2.7,-0.0,1.329,0.0,94.3,2.7,0.33,0.17,0.0,0.0,15000,0,0,0,0,0,1,0,0
1002222,2021,James Worpel,MID,64.8,79.2,14.5,8,12,0,,,7.619,19.8,8.8,0.885,0.125,78.8,2.8,3.88,4.62,54.4,11.1,38500,0,0,0,0,1,0,0,0
1002222,2023,James Worpel,MID,83.8,93.3,9.5,8,15,0,67.3,-16.4,-0.881,5.7,-3.9,-0.99,0.125,77.4,-0.9,6.43,0.57,61.6,-3.1,68000,0,0,0,0,1,0,0,0
1002222,2024,James Worpel,MID,91.5,85.1,-6.4,8,15,0,77.0,-14.5,-5.452,-8.7,-1.7,0.652,0.25,77.9,-0.4,4.88,-0.38,67.0,-4.0,-90100,0,0,1,0,1,0,0,0
1002227,2021,Jack Higgins,FWD,68.6,79.8,11.2,8,11,0,,,2.083,-1.0,4.5,-0.376,0.125,80.8,1.8,0.38,0.12,2.5,-2.5,-30200,0,0,0,0,0,0,1,0
1002227,2022,Jack Higgins,FWD,70.6,56.6,-13.9,7,11,0,75.1,4.5,-3.179,-5.7,-9.1,0.366,0.429,75.4,12.1,0.43,-0.43,,,11200,0,0,0,1,0,0,1,0
1002227,2023,Jack Higgins,FWD,70.0,64.7,-5.3,8,13,0,68.8,-1.2,1.905,-16.8,1.6,0.681,0.25,79.0,2.5,0.12,-0.12,,,-29300,0,0,0,0,0,0,1,0
1002227,2024,Jack Higgins,FWD,74.3,68.9,-5.4,7,13,0,68.0,-6.3,-5.464,-14.5,-4.3,1.076,0.143,83.6,-3.6,0.43,0.07,,,-44900,0,0,0,0,0,0,1,0
1002227,2025,Jack Higgins,FWD,73.6,52.1,-21.5,8,15,0,68.7,-4.9,0.321,3.0,1.4,0.067,0.0,84.0,1.5,0.25,0.25,,,200,0,0,0,0,0,0,1,0
1002228,2021,Lachie Fogarty,FWD,74.6,62.6,-12.0,8,8,0,,,-8.679,-20.5,-9.9,1.608,0.125,78.9,-0.4,1.62,-0.62,6.8,-2.8,-94400,0,0,0,0,0,0,1,0
1002228,2025,Lachie Fogarty,FWD,60.0,66.9,6.9,8,12,0,62.2,2.2,2.167,4.2,-0.5,1.764,0.0,72.9,-4.4,0.38,-0.38,1.1,-1.1,22700,0,0,0,0,0,0,1,0
1002232,2021,Andrew Brayshaw,MID,98.9,113.0,14.1,8,12,0,,,-2.774,12.0,-6.0,-0.538,0.625,78.8,-3.8,2.5,0.0,65.8,-7.8,25600,0,0,1,0,1,0,0,0
1002232,2022,Andrew Brayshaw,MID,119.2,107.6,-11.7,8,14,0,107.4,-11.9,-5.357,-1.3,0.1,0.871,0.625,79.2,-0.2,4.88,1.62,76.9,-1.9,-34900,0,0,0,0,1,0,0,0
1002232,2023,Andrew Brayshaw,MID,98.4,114.6,16.2,8,15,0,109.7,11.3,5.845,10.2,14.0,0.939,0.375,81.1,3.9,4.38,-1.88,74.8,1.8,-8500,0,1,1,0,1,0,0,0
1002232,2024,Andrew Brayshaw,MID,106.2,111.7,5.5,8,15,0,109.4,3.2,-1.429,-6.5,-0.3,-0.191,0.75,81.9,2.1,4.5,1.5,68.5,-0.5,-40800,0,1,1,0,1,0,0,0
1002232,2025,Andrew Brayshaw,MID,124.0,108.5,-15.5,8,15,0,109.5,-14.5,1.714,-9.5,-5.8,-0.012,0.875,82.5,2.5,5.0,-1.5,73.0,-2.0,30000,0,0,1,0,1,0,0,0
1002235,2022,Cam Rayner,FWD,61.8,76.2,14.5,8,14,0,,,3.5,5.7,3.1,0.772,0.0,75.1,7.4,2.12,-1.12,22.5,-5.5,48500,0,0,0,0,0,0,1,0
1002235,2023,Cam Rayner,FWD,68.6,69.1,0.4,8,15,0,71.0,2.3,-6.774,-19.2,-13.3,0.491,0.125,77.2,-3.2,1.12,0.38,6.8,16.8,-57600,0,0,0,0,0,0,1,0
1002235,2024,Cam Rayner,FWD,75.1,80.7,5.5,7,15,0,69.9,-5.2,-3.929,-19.3,-7.2,0.816,0.286,81.9,0.6,3.0,1.0,27.6,-17.6,-21400,0,0,0,0,0,0,1,0
1002235,2025,Cam Rayner,FWD,66.0,79.2,13.2,8,15,0,72.9,6.9,3.976,0.2,3.3,-0.96,0.0,81.6,-0.6,2.12,0.88,14.6,-2.6,1800,0,0,0,0,0,0,1,0
1002239,2021,Adam Cerra,MID,86.6,91.4,4.8,5,13,0,,,-21.4,-22.9,-21.6,-0.664,0.6,64.0,-20.0,2.2,-1.2,42.5,-19.5,-33700,0,0,1,0,1,0,0,0
1002239,2022,Adam Cerra,MID,98.7,87.1,-11.6,7,11,0,90.1,-8.7,2.393,15.2,1.7,0.175,0.429,76.7,1.8,4.86,1.14,67.8,-0.8,48000,0,1,1,0,1,0,0,0
1002239,2023,Adam Cerra,MID,108.9,107.9,-1.0,8,11,0,90.8,-18.0,8.155,20.7,8.8,0.139,0.625,77.6,-1.6,4.25,0.75,48.5,-13.0,110900,0,1,1,0,1,0,0,0
1002239,2025,Adam Cerra,MID,100.8,96.3,-4.5,8,11,0,94.4,-6.3,-3.262,-6.8,-6.4,-0.448,0.5,78.0,1.5,5.38,-0.88,61.5,-13.0,6200,0,0,1,0,1,0,0,0
1002245,2021,Noah Balta,DEF,62.6,71.5,8.9,8,6,0,,,-4.25,-0.3,-2.8,-0.012,0.0,80.0,-2.5,0.75,-0.75,11.6,-1.1,-55300,0,0,0,0,0,1,0,0
1002245,2022,Noah Balta,DEF,66.4,54.2,-12.2,8,9,0,66.4,0.1,3.583,4.3,12.2,-0.278,0.125,83.2,11.8,0.5,-0.5,6.5,-6.5,-11200,0,0,0,0,0,1,0,0
1002245,2023,Noah Balta,DEF,62.2,80.7,18.5,8,15,0,62.9,0.6,1.595,2.2,1.9,0.031,0.0,89.0,-5.0,0.0,0.0,0.9,-0.9,18500,0,0,0,0,0,1,0,0
1002251,2021,Brent Daniels,FWD,52.0,63.0,11.0,6,7,0,,,-1.143,2.3,-5.5,0.255,0.0,67.0,-21.5,1.33,-0.33,23.4,-2.9,-11300,0,0,0,0,0,0,1,0
1002251,2023,Brent Daniels,FWD,72.9,76.6,3.7,7,10,0,57.9,-14.9,-0.893,-1.0,-3.8,0.003,0.0,83.9,-0.4,0.57,-0.07,2.3,2.7,76800,0,0,0,0,0,0,1,0
1002251,2024,Brent Daniels,FWD,81.8,94.4,12.6,6,14,0,67.6,-14.2,-2.486,-2.8,-4.7,-0.988,0.0,80.2,0.8,1.67,0.33,4.2,6.3,5900,0,0,0,0,0,0,1,0
1002253,2023,Kane Farrell,DEF,73.0,79.0,6.0,6,14,0,63.6,-9.4,-8.171,-10.0,-10.3,0.11,0.167,81.8,0.2,0.83,-0.83,,,-28000,0,0,0,0,0,1,0,0
1002253,2024,Kane Farrell,DEF,82.0,82.9,0.9,8,14,0,69.5,-12.5,-0.476,7.0,-1.3,-0.533,0.375,80.4,0.1,1.38,0.62,,,35900,0,0,1,0,0,1,0,0
1002253,2025,Kane Farrell,DEF,84.1,90.3,6.2,8,13,0,73.8,-10.4,-5.488,-1.8,-11.0,-0.139,0.375,81.2,-3.8,0.75,0.25,,,-6400,0,0,1,1,0,1,0,0
1002256,2021,Paddy Dow,MID,39.4,62.9,23.5,5,11,0,,,-10.0,-11.4,-9.3,-0.162,0.0,58.8,-18.3,1.6,0.4,21.7,-7.2,-10200,0,0,0,0,1,0,0,0
1002264,2021,Hunter Clark,MID,91.1,45.8,-45.3,8,5,0,,,0.655,-3.5,0.3,-0.398,0.5,76.5,-2.0,2.25,-0.75,9.9,-7.4,10900,0,1,1,0,1,0,0,0
1002264,2023,Hunter Clark,MID,79.5,49.9,-29.6,8,10,0,67.4,-12.1,5.167,1.7,6.5,-0.064,0.25,69.4,-1.4,3.62,-0.12,31.0,-2.5,44800,0,0,0,0,1,0,0,0
1002267,2021,Luke Davies-Uniacke,MID,74.7,89.3,14.6,6,14,1,,,-8.743,-11.3,-8.6,1.379,0.167,84.7,0.3,2.17,-1.17,55.5,-7.5,-61500,0,0,0,0,1,0,0,0
1002267,2022,Luke Davies-Uniacke,MID,82.7,110.5,27.8,7,14,0,84.9,2.2,2.286,17.3,1.4,-0.622,0.143,74.9,7.6,3.14,-0.64,58.8,17.7,25200,0,0,1,1,1,0,0,0
1002267,2023,Luke Davies-Uniacke,MID,103.5,121.2,17.8,6,8,0,93.3,-10.2,-19.457,-29.8,-19.0,0.296,0.5,83.5,-5.0,5.83,-3.83,78.8,-6.2,-77400,0,0,0,0,1,0,0,0
1002267,2024,Luke Davies-Uniacke,MID,96.4,115.9,19.6,8,15,0,98.5,2.1,-0.964,10.2,-1.3,-0.237,0.5,86.1,1.4,5.62,-0.62,85.0,1.0,-6000,0,0,1,0,1,0,0,0
1002267,2025,Luke Davies-Uniacke,MID,93.9,99.4,5.5,8,14,0,101.6,7.7,1.726,3.2,3.4,-0.714,0.625,86.4,5.6,5.62,2.88,81.8,9.8,-12600,0,0,1,0,1,0,0,0
1002282,2021,Charlie Spargo,FWD,62.8,57.0,-5.8,8,14,0,,,-5.619,-4.0,-3.8,0.541,0.125,73.8,-2.8,0.5,-0.5,,,-45600,0,0,0,0,0,0,1,0
1002282,2022,Charlie Spargo,FWD,62.6,52.3,-10.3,8,14,0,59.1,-3.5,0.607,-6.0,-1.3,0.834,0.0,70.0,-0.5,0.12,-0.12,,,11500,0,0,0,0,0,0,1,0
1002282,2023,Charlie Spargo,FWD,51.0,44.1,-6.9,5,8,0,57.6,6.6,-15.4,-11.7,-16.1,-0.938,0.0,65.0,-7.0,0.0,0.0,,,-25100,0,0,0,0,0,0,1,0
1002312,2021,Zac Bailey,MID,79.9,87.1,7.3,8,14,1,,,1.226,14.0,3.7,-0.572,0.125,78.4,-4.4,2.5,1.0,29.6,6.9,11300,0,0,0,0,1,0,0,0
1002312,2022,Zac Bailey,MID,88.1,69.3,-18.8,8,13,0,84.5,-3.6,-0.06,-2.3,-2.5,0.143,0.375,81.4,0.1,2.62,-1.12,28.5,9.5,11700,0,0,0,0,1,0,0,0
1002312,2023,Zac Bailey,MID,80.0,76.3,-3.7,8,13,0,80.6,0.6,3.429,12.0,5.0,-0.587,0.125,81.9,0.1,1.5,0.5,11.6,-1.1,47400,0,1,1,0,1,0,0,0
1002312,2025,Zac Bailey,MID,85.6,88.9,3.3,8,14,0,77.6,-8.0,-2.536,-14.5,-4.3,-0.441,0.5,84.6,-0.1,1.88,1.12,2.6,5.9,-24300,0,0,1,0,1,0,0,0
1002347,2023,Jack Payne,DEF,62.9,53.6,-9.2,8,14,0,64.2,1.3,5.607,12.7,9.4,0.26,0.0,92.4,3.1,0.0,0.0,,,35900,0,0,0,0,0,1,0,0
1002347,2024,Jack Payne,DEF,50.3,78.1,27.8,6,7,0,60.2,9.9,4.629,0.3,6.1,0.048,0.0,93.7,-0.2,0.17,-0.17,,,-2300,0,0,0,0,0,1,0,0
1002347,2025,Jack Payne,DEF,69.4,61.5,-7.9,7,6,0,61.5,-7.9,1.357,-4.3,-1.2,0.075,0.0,93.6,-0.6,0.14,-0.14,,,22900,0,0,0,0,0,1,0,0
1002401,2021,Brandon Starcevich,DEF,58.1,60.7,2.6,8,14,0,,,0.155,2.2,2.5,-0.488,0.0,85.1,-0.6,0.38,0.12,,,-14000,0,0,0,0,0,1,0,0
1002401,2022,Brandon Starcevich,DEF,67.6,70.3,2.7,8,13,0,59.8,-7.9,5.44,-2.2,7.3,-1.022,0.0,85.2,2.2,0.38,-0.38,,,18900,0,0,0,0,0,1,0,0
1002401,2023,Brandon Starcevich,DEF,55.5,53.9,-1.6,8,15,0,64.4,8.9,2.167,-10.2,2.7,0.454,0.0,88.8,-1.8,0.38,0.12,,,-48500,0,0,0,0,0,1,0,0
1002401,2024,Brandon Starcevich,DEF,60.5,53.4,-7.1,6,10,0,61.0,0.5,-5.286,-3.8,-6.4,0.373,0.0,81.0,0.5,0.17,0.33,,,-5500,0,0,0,0,0,1,0,0
1002403,2023,Ben Miller,DEF,66.0,54.4,-11.6,5,8,0,60.5,-5.5,-0.9,-5.3,2.1,-0.766,0.0,75.4,-1.4,1.4,-0.9,31.0,-0.5,-9300,0,0,0,0,0,1,0,0
1002403,2024,Ben Miller,DEF,82.3,69.0,-13.3,6,15,0,59.6,-22.7,2.971,8.7,4.6,-0.383,0.333,94.2,1.8,0.0,0.0,,,61000,0,0,0,0,0,1,0,0
1002403,2025,Ben Miller,DEF,65.4,72.9,7.5,8,15,0,65.8,0.4,-4.988,-0.5,-6.0,0.357,0.0,94.8,-1.2,0.0,0.0,,,-38200,0,0,0,0,0,1,0,0
1002404,2021,Aaron Naughton,FWD,84.1,62.8,-21.3,8,13,0,,,-2.893,-9.8,-3.2,0.6,0.25,86.2,4.2,0.0,0.0,0.0,0.0,-24600,0,0,1,0,0,0,1,0
1002404,2022,Aaron Naughton,FWD,84.8,76.0,-8.8,8,13,0,71.0,-13.8,5.452,4.8,7.6,0.039,0.375,85.0,0.5,0.38,-0.38,,,68500,0,0,0,1,0,0,1,0
1002404,2023,Aaron Naughton,FWD,80.2,72.4,-7.8,8,15,0,75.1,-5.1,2.262,5.0,2.4,1.56,0.125,85.9,0.1,0.14,-0.14,,,11500,0,0,0,0,0,0,1,0
1002404,2024,Aaron Naughton,FWD,83.9,60.9,-23.0,8,11,0,75.1,-8.7,4.56,7.7,5.2,-0.057,0.25,87.8,4.8,0.25,-0.25,0.0,0.0,34200,0,0,0,0,0,0,1,0
1002404,2025,Aaron Naughton,FWD,71.8,84.5,12.8,8,15,0,74.1,2.4,2.238,14.7,3.6,0.167,0.125,84.0,2.0,0.25,0.25,1.0,-1.0,45400,0,0,0,0,0,0,1,0
1002795,2024,Jordan Boyd,DEF,72.1,51.0,-21.1,7,11,0,50.3,-21.8,-1.393,-13.8,0.4,-0.748,0.0,82.6,-0.1,0.29,0.21,,,-19400,0,0,0,0,0,1,0,0
1002947,2023,Paul Curtis,FWD,38.7,50.4,11.6,7,14,0,53.9,15.2,-0.25,3.8,-0.8,-0.126,0.0,67.7,1.8,0.14,-0.14,2.7,3.3,-20200,0,0,0,0,0,0,1,0
1002947,2024,Paul Curtis,FWD,51.6,63.0,11.4,8,15,0,49.6,-2.1,-3.345,-2.0,-5.1,-0.187,0.0,80.6,0.9,0.38,1.12,5.0,2.0,-12600,0,0,0,0,0,0,1,0
1002947,2025,Paul Curtis,FWD,91.9,69.8,-22.1,7,12,0,53.3,-38.6,2.143,-6.3,4.6,0.241,0.429,80.9,-3.9,0.71,0.29,0.0,0.0,42900,0,0,0,0,0,0,1,0
1003130,2022,Patrick Lipinski,MID,94.1,81.1,-13.0,8,14,0,66.1,-28.0,-3.726,-4.0,-1.7,0.399,0.25,80.8,2.8,3.0,-1.0,34.9,0.6,-3800,0,0,0,0,1,0,0,0
1003130,2024,Patrick Lipinski,MID,80.0,72.9,-7.1,7,15,0,77.4,-2.6,4.0,9.7,6.4,0.304,0.286,80.1,2.9,2.43,-0.43,5.7,4.8,32400,0,0,0,0,1,0,0,0
1003130,2025,Patrick Lipinski,MID,84.4,68.2,-16.3,7,13,0,76.6,-7.8,-0.214,1.0,-1.0,0.193,0.0,83.9,-4.9,1.71,-0.21,,,11600,0,0,0,0,1,0,0,0
1003203,2021,Hayden McLean,FWD,50.8,65.6,14.8,5,5,0,,,-1.3,-1.5,-2.6,0.603,0.0,92.2,0.8,0.0,0.0,0.0,0.0,-33000,0,0,0,0,0,0,1,0
1003203,2023,Hayden McLean,FWD,61.8,75.6,13.8,6,15,0,62.1,0.2,7.057,9.5,9.7,0.773,0.167,75.8,-1.3,1.67,-0.17,25.0,7.5,-12500,0,0,0,0,0,0,1,0
1003203,2024,Hayden McLean,FWD,74.7,67.1,-7.6,7,15,0,67.2,-7.5,5.071,9.0,6.3,-0.993,0.0,75.9,0.6,1.29,-0.29,19.3,-3.8,35600,0,0,0,0,0,0,1,0
1003203,2025,Hayden McLean,FWD,71.3,56.7,-14.6,6,13,0,68.1,-3.3,1.543,10.0,-1.4,0.922,0.167,79.2,0.8,0.83,0.67,8.0,12.5,26500,0,0,1,0,0,0,1,0
1004034,2023,Brandon Zerk-Thatcher,DEF,60.9,70.1,9.2,7,15,0,61.6,0.8,-6.643,-5.3,-6.2,0.722,0.143,87.6,7.4,0.29,0.71,,,-64300,0,0,0,0,0,1,0,0
1004034,2024,Brandon Zerk-Thatcher,DEF,61.9,65.3,3.4,8,15,0,64.6,2.8,-4.512,4.7,-4.8,0.412,0.0,94.6,3.9,0.12,-0.12,,,-26200,0,0,0,0,0,1,0,0
1004095,2021,Jack Lukosius,FWD,75.8,83.3,7.5,8,14,0,,,-5.143,0.3,-5.6,0.179,0.25,83.1,-2.1,0.38,-0.38,,,-24500,0,0,1,0,0,0,1,0
1004095,2022,Jack Lukosius,FWD,62.8,67.7,4.9,6,7,0,80.5,17.7,-0.657,5.2,-3.9,1.457,0.167,79.7,-15.2,0.5,-0.5,,,-24300,0,0,0,0,0,0,1,0
1004095,2023,Jack Lukosius,FWD,74.5,76.9,2.4,8,14,0,74.9,0.4,-1.595,-15.8,-2.5,0.145,0.25,82.1,4.4,0.12,-0.12,,,-28100,0,0,1,0,0,0,1,0
1004095,2024,Jack Lukosius,FWD,69.1,64.5,-4.7,7,13,0,75.4,6.2,-1.286,-6.2,-5.9,-0.35,0.0,80.7,-0.7,0.29,-0.29,0.6,-0.6,-9600,0,0,0,0,0,0,1,0
1004364,2022,Liam Ryan,FWD,49.6,56.6,7.0,7,10,0,62.0,12.4,-4.036,-3.7,-5.7,-0.147,0.0,78.4,3.6,0.29,-0.29,,,-38100,0,0,0,0,0,0,1,0
1004364,2025,Liam Ryan,FWD,63.7,61.7,-2.0,6,14,0,58.2,-5.5,-6.686,-12.0,-7.5,0.577,0.0,84.0,0.0,0.33,0.17,18.2,23.8,-22400,0,0,0,0,0,0,1,0
1004385,2021,Oscar Allen,FWD,78.4,54.5,-23.8,8,13,0,,,-3.179,-18.5,-8.5,0.921,0.125,82.8,3.8,0.75,-0.75,7.6,-7.6,-28000,0,0,0,0,0,0,1,0
1004385,2023,Oscar Allen,FWD,78.0,65.0,-13.0,8,15,0,63.6,-14.4,0.595,-11.7,0.7,0.512,0.125,86.4,-3.4,0.0,0.0,,,33200,0,0,0,0,0,0,1,0
1004385,2025,Oscar Allen,FWD,52.6,67.0,14.4,7,5,0,64.5,11.9,6.464,15.8,11.2,0.896,0.143,91.9,2.6,0.14,-0.14,,,22700,1,0,0,0,0,0,1,0
1004530,2025,Jacob Wehr,DEF,69.1,42.5,-26.6,7,6,0,53.8,-15.4,8.214,13.3,8.0,-0.577,0.0,72.6,6.9,1.29,0.21,,,83200,0,0,0,0,0,1,0,0
1004592,2021,Tim English,RUC,85.5,90.2,4.8,6,12,0,,,-1.0,6.2,-4.6,0.909,0.167,78.3,-4.8,1.17,-1.17,25.8,-0.3,-22400,0,0,0,0,0,0,0,1
1004592,2022,Tim English,RUC,121.6,97.5,-24.1,5,10,0,88.7,-32.9,2.7,7.1,2.4,0.082,0.6,83.8,0.2,6.0,-2.0,88.2,1.8,90100,0,1,1,0,0,0,0,1
1004592,2023,Tim English,RUC,130.1,126.8,-3.3,8,15,0,96.3,-33.8,-4.107,-13.0,-5.1,-1.72,0.875,86.9,-0.4,2.57,-1.07,87.0,-1.0,-15500,0,0,1,0,0,0,0,1
1004592,2024,Tim English,RUC,117.4,102.6,-14.7,8,14,0,109.3,-8.1,0.036,14.0,6.1,-1.727,0.875,85.0,2.0,3.12,0.88,82.1,3.4,-36000,0,1,1,0,0,0,0,1
1004592,2025,Tim English,RUC,103.4,115.1,11.8,8,15,0,108.9,5.6,8.607,9.3,17.5,0.699,0.625,82.8,1.2,3.88,1.62,80.4,1.6,19600,0,1,1,0,0,0,0,1
1004757,2021,Beau McCreery,FWD,50.2,30.6,-19.6,5,7,0,,,-4.7,-4.5,-4.8,-0.98,0.0,72.8,2.2,0.2,-0.2,,,81700,1,0,0,0,0,0,1,0
1004757,2022,Beau McCreery,FWD,61.4,55.7,-5.7,5,13,0,38.8,-22.6,-9.5,-16.7,-6.0,0.429,0.0,71.4,4.6,0.8,-0.8,,,43600,1,0,0,0,0,0,1,0
1004757,2023,Beau McCreery,FWD,61.2,49.5,-11.8,8,14,0,49.9,-11.4,-4.81,2.5,-11.2,0.194,0.125,75.8,1.8,0.38,0.12,0.0,0.0,19700,0,0,0,0,0,0,1,0
1004757,2024,Beau McCreery,FWD,51.7,55.6,3.8,7,9,0,51.5,-0.2,-6.357,-8.7,-9.4,-0.714,0.0,71.1,-21.1,1.0,-0.5,2.3,4.7,-40200,0,0,0,0,0,0,1,0
1004757,2025,Beau McCreery,FWD,50.9,63.9,13.0,7,9,0,52.1,1.2,-2.571,-9.0,-4.0,0.551,0.0,74.9,-3.4,0.71,-0.21,5.6,-0.6,-23800,0,0,0,0,0,0,1,0
1004848,2023,Dylan Stephens,MID,66.1,48.5,-17.6,7,6,0,54.7,-11.4,-6.25,-5.0,-2.7,0.693,0.143,75.1,3.4,1.0,-1.0,1.3,-1.3,-60800,0,0,0,0,1,0,0,0
1004848,2024,Dylan Stephens,MID,49.1,47.1,-2.0,7,9,0,56.1,7.0,-1.0,3.0,-3.1,0.043,0.0,79.4,4.6,1.0,1.5,,,-16700,0,0,0,0,1,0,0,0
1004848,2025,Dylan Stephens,MID,55.0,63.2,8.2,7,15,0,53.3,-1.7,9.821,5.2,12.4,-0.253,0.0,68.6,15.9,0.29,0.21,,,47300,1,0,0,0,1,0,0,0
1004863,2022,Mitchell Hinge,DEF,63.2,69.3,6.1,5,12,0,,,-3.9,-2.5,-2.0,0.211,0.0,72.8,-8.3,0.6,-0.1,,,97600,1,0,0,0,0,1,0,0
1004863,2023,Mitchell Hinge,DEF,79.4,88.0,8.6,8,14,1,65.5,-13.9,2.274,0.3,2.1,-0.485,0.0,85.9,0.1,0.38,-0.38,,,23400,0,0,0,0,0,1,0,0
1004863,2024,Mitchell Hinge,DEF,95.8,92.1,-3.6,8,14,0,76.2,-19.6,-1.286,-5.0,-3.3,-0.413,0.5,83.2,-2.2,1.25,-0.75,,,7200,0,0,1,0,0,1,0,0
1004863,2025,Mitchell Hinge,DEF,89.3,67.7,-21.6,7,15,0,82.3,-7.0,-2.643,-11.2,-8.7,-0.855,0.286,80.4,0.6,0.57,-0.07,,,-13400,0,0,0,0,0,1,0,0
1004870,2023,Zach Guthrie,DEF,75.1,72.8,-2.3,8,15,0,63.8,-11.3,2.988,1.5,5.9,0.737,0.125,86.8,-0.2,0.5,1.0,,,7700,0,0,0,0,0,1,0,0
1004870,2024,Zach Guthrie,DEF,88.0,81.5,-6.5,8,15,0,68.2,-19.8,4.881,8.0,8.6,-0.233,0.25,81.9,2.6,0.0,0.0,,,31500,0,0,0,0,0,1,0,0
1004870,2025,Zach Guthrie,DEF,84.5,79.5,-5.0,8,15,0,73.0,-11.5,-3.262,-10.8,-4.3,0.423,0.25,81.4,-2.9,0.12,-0.12,,,-33500,0,0,0,0,0,1,0,0
1004912,2022,Tom De Koning,RUC,69.3,78.1,8.8,7,12,0,59.8,-9.4,5.643,10.2,3.7,0.239,0.0,77.9,-1.9,2.29,0.71,64.0,21.0,66100,0,0,0,0,0,0,0,1
1004912,2023,Tom De Koning,RUC,73.4,73.8,0.4,5,11,0,68.8,-4.7,-11.0,-11.4,-9.3,-0.217,0.0,71.6,-0.1,2.6,-1.1,52.0,-0.5,-20800,0,0,0,0,0,0,0,1
1004912,2024,Tom De Koning,RUC,96.4,109.7,13.2,7,9,0,70.4,-26.0,-3.214,5.2,-4.0,-0.048,0.429,78.4,1.1,3.29,0.21,46.1,-22.6,22700,0,0,1,0,0,0,0,1
1004912,2025,Tom De Koning,RUC,114.9,86.6,-28.3,8,14,0,78.8,-36.1,-4.798,-6.2,-9.0,0.011,0.875,80.1,2.9,5.5,-1.5,83.4,-1.9,-10900,0,0,1,0,0,0,0,1
1004938,2021,Gryan Miers,FWD,63.4,59.8,-3.6,7,5,0,,,1.714,2.8,-4.2,-0.017,0.0,79.0,-17.5,0.57,-0.07,,,15400,0,0,0,0,0,0,1,0
1004938,2022,Gryan Miers,FWD,60.4,65.0,4.6,5,14,0,61.9,1.5,-7.6,-6.7,-7.7,1.423,0.0,82.2,-0.2,0.0,0.0,,,-26700,0,0,0,0,0,0,1,0
1004938,2023,Gryan Miers,FWD,76.1,83.3,7.1,8,15,0,63.1,-13.1,2.274,-4.3,-2.2,0.744,0.125,83.1,-2.1,1.38,0.12,0.0,0.0,31900,0,0,1,0,0,0,1,0
1004938,2024,Gryan Miers,FWD,90.4,77.4,-13.0,8,15,0,70.6,-19.8,1.631,4.5,0.6,0.418,0.375,85.0,-1.0,2.88,0.12,0.8,-0.8,22800,0,0,1,0,0,0,1,0
1004938,2025,Gryan Miers,FWD,71.3,103.1,31.7,6,15,1,74.0,2.7,-1.314,0.0,-4.8,0.217,0.0,81.8,-10.8,1.0,-1.0,0.0,0.0,-17300,0,0,1,0,0,0,1,0
1004965,2022,Tristan Xerri,RUC,82.8,60.0,-22.8,6,6,0,38.2,-44.6,-4.029,-10.5,-2.4,0.078,0.333,84.3,2.2,3.33,0.67,60.8,3.7,68200,0,0,0,0,0,0,0,1
1004965,2024,Tristan Xerri,RUC,111.4,124.4,13.0,8,15,0,62.7,-48.7,3.512,14.0,5.5,0.581,0.75,83.1,-1.1,7.12,-1.62,84.2,1.8,88200,0,0,1,0,0,0,0,1
1004965,2025,Tristan Xerri,RUC,121.5,130.7,9.2,8,12,0,88.0,-33.5,5.143,30.3,10.0,-0.212,0.625,81.4,2.6,6.75,1.75,85.2,8.2,67100,0,0,0,0,0,0,0,1
1004995,2021,Jordon Butts,DEF,66.0,51.7,-14.3,8,14,0,,,4.476,3.5,6.1,-0.29,0.0,92.5,-4.5,0.0,0.0,,,58400,0,0,0,0,0,1,0,0
1004995,2022,Jordon Butts,DEF,54.1,48.6,-5.5,8,11,0,56.9,2.8,-3.226,-2.7,-3.8,-0.151,0.0,84.8,0.2,0.12,-0.12,,,-26200,0,0,0,0,0,1,0,0
1004995,2023,Jordon Butts,DEF,47.4,38.1,-9.3,7,10,0,54.1,6.7,3.821,8.2,5.0,0.309,0.0,80.6,15.4,0.14,-0.14,,,11500,1,0,0,0,0,1,0,0
1004995,2024,Jordon Butts,DEF,54.6,53.5,-1.1,5,10,0,50.6,-4.0,-1.4,-7.3,0.6,-0.469,0.0,84.8,3.2,0.4,0.1,,,17800,1,0,0,0,0,1,0,0
1004998,2021,Todd Marshall,FWD,72.8,60.0,-12.8,6,12,0,,,1.171,-6.8,2.8,0.558,0.167,74.2,-7.2,0.33,0.17,1.0,-1.0,-17200,0,0,0,0,0,0,1,0
1004998,2022,Todd Marshall,FWD,75.5,78.2,2.7,8,13,0,64.3,-11.2,11.214,17.7,15.0,0.43,0.375,83.2,4.2,0.25,-0.25,4.8,-2.8,91200,0,0,0,0,0,0,1,0
1004998,2023,Todd Marshall,FWD,63.1,67.8,4.6,7,12,0,71.2,8.1,-9.071,-5.2,-10.9,0.401,0.143,77.6,-22.6,0.0,0.0,0.0,0.0,-58100,0,0,0,0,0,0,1,0
1004998,2024,Todd Marshall,FWD,60.0,50.4,-9.6,8,10,0,69.5,9.5,-9.429,-6.0,-6.2,0.689,0.125,76.9,2.6,0.0,0.0,0.6,1.9,-92100,0,0,0,0,0,0,1,0
1005000,2024,Laitham Vandermeer,FWD,59.0,42.4,-16.6,8,15,0,50.3,-8.7,0.024,-14.7,-0.2,1.466,0.125,75.1,-0.6,0.25,-0.25,,,-47200,0,0,0,0,0,0,1,0
1005000,2025,Laitham Vandermeer,FWD,54.5,43.2,-11.3,6,13,0,49.3,-5.2,-13.343,-23.8,-10.1,0.547,0.167,68.3,0.7,0.5,0.5,,,-74900,0,0,0,0,0,0,1,0
1005053,2022,Noah Answerth,DEF,61.4,60.7,-0.7,8,13,0,,,-0.607,3.8,8.0,0.04,0.125,79.5,1.0,0.75,0.25,,,-24800,0,0,0,0,0,1,0,0
1005053,2024,Noah Answerth,DEF,63.9,47.2,-16.7,7,5,0,56.8,-7.1,-3.929,2.5,-15.6,-0.474,0.143,71.7,-22.7,1.14,-0.64,,,100200,0,0,0,0,0,1,0,0
1005053,2025,Noah Answerth,DEF,69.9,60.6,-9.3,8,9,0,56.8,-13.0,-1.274,6.2,-5.5,0.997,0.125,83.8,3.2,0.5,1.0,,,44800,0,0,0,0,0,1,0,0
1005054,2021,Josh Daicos,DEF,67.8,68.0,0.2,8,9,0,,,3.548,7.8,3.5,-0.161,0.125,77.9,-2.4,2.88,0.12,33.1,0.4,-6900,0,0,0,0,0,1,0,0
1005054,2022,Josh Daicos,DEF,75.2,79.4,4.2,8,14,0,67.9,-7.4,-2.524,-11.3,-11.1,-1.129,0.0,85.1,2.4,1.25,-0.25,0.0,0.0,3200,0,0,1,0,0,1,0,0
1005054,2023,Josh Daicos,DEF,94.8,101.4,6.7,8,15,0,73.5,-21.2,-4.024,-5.5,-6.7,0.363,0.5,86.4,1.1,4.0,0.0,16.0,-3.5,-800,0,1,1,0,0,1,0,0
1005054,2024,Josh Daicos,DEF,81.4,92.1,10.6,7,15,0,83.0,1.6,0.25,-10.7,0.9,-0.341,0.143,88.0,1.5,1.43,-0.43,6.4,2.1,-46600,0,0,1,0,0,1,0,0
1005054,2025,Josh Daicos,DEF,94.3,98.5,4.2,7,15,0,84.5,-9.8,5.25,17.3,6.8,-0.467,0.429,85.4,0.1,1.14,0.36,0.4,1.1,40100,0,1,1,0,0,1,0,0
1005144,2024,Massimo D'Ambrosio,MID,76.9,92.7,15.9,7,15,1,47.6,-29.3,-9.357,-3.3,-12.9,0.555,0.143,71.6,-16.1,0.57,-0.57,,,32200,0,0,0,0,1,0,0,0
1005144,2025,Massimo D'Ambrosio,MID,73.4,70.5,-2.9,7,15,0,71.4,-2.0,4.714,2.2,13.7,0.604,0.286,78.9,2.1,1.57,0.43,,,-50100,0,0,0,0,1,0,0,0
1005247,2021,Sam Taylor,DEF,84.9,89.7,4.8,8,9,0,,,5.56,1.0,4.1,-1.438,0.25,93.6,0.4,0.38,-0.38,,,56500,0,0,0,0,0,1,0,0
1005247,2022,Sam Taylor,DEF,86.4,93.7,7.3,8,14,0,87.4,1.0,1.179,-4.2,3.6,-0.665,0.25,97.2,1.8,0.38,0.62,,,-27400,0,0,0,0,0,1,0,0
1005247,2023,Sam Taylor,DEF,76.8,88.3,11.5,6,9,1,89.5,12.6,0.143,-0.2,-3.6,0.324,0.167,88.3,-13.3,0.33,0.17,,,-26300,0,0,0,0,0,1,0,0
1005247,2024,Sam Taylor,DEF,77.0,68.1,-8.9,5,10,0,87.9,10.9,-16.4,-22.0,-10.3,-0.511,0.2,78.6,-24.6,0.0,0.0,,,-59700,0,0,0,0,0,1,0,0
1005247,2025,Sam Taylor,DEF,79.4,79.3,-0.2,7,11,0,84.2,4.8,1.393,7.2,-2.1,1.164,0.143,98.7,1.3,0.29,-0.29,,,36700,0,0,0,0,0,1,0,0
1005326,2022,Jackson Mead,MID,45.0,50.2,5.2,5,5,0,,,-1.7,6.7,-4.4,0.26,0.0,63.2,4.8,1.2,-0.7,12.2,3.8,79400,1,0,0,0,1,0,0,0
1005326,2024,Jackson Mead,MID,45.6,69.3,23.6,8,15,0,44.4,-1.3,-5.583,-4.2,-8.5,-0.512,0.0,57.6,-24.6,0.75,-0.25,17.2,8.8,-30200,0,0,0,0,1,0,0,0
1005326,2025,Jackson Mead,MID,63.0,45.3,-17.7,8,12,0,54.0,-9.0,-4.214,-9.5,-9.1,-0.71,0.0,80.9,4.6,1.5,0.0,15.2,-4.8,-21800,0,0,0,0,1,0,0,0
1005330,2023,Kade Chandler,FWD,76.9,56.5,-20.3,8,13,0,,,-1.25,6.8,-3.3,0.097,0.125,71.6,0.9,0.25,0.25,,,78600,0,0,0,0,0,0,1,0
1005330,2024,Kade Chandler,FWD,70.0,60.8,-9.2,7,15,0,55.0,-15.0,-6.893,-14.8,-8.4,-0.882,0.0,79.4,-0.4,1.57,-1.07,,,-40100,0,0,0,0,0,0,1,0
1005330,2025,Kade Chandler,FWD,83.8,69.7,-14.1,8,15,0,59.1,-24.6,1.286,19.7,11.3,0.915,0.25,87.8,1.2,1.0,0.0,2.9,-2.9,25400,0,1,1,0,0,0,1,0
1005577,2022,Sam Draper,RUC,80.8,67.6,-13.1,8,14,0,72.8,-7.9,3.381,20.8,7.5,-1.431,0.125,75.8,-2.8,4.12,1.88,75.5,2.0,62900,0,0,0,0,0,0,0,1
1005577,2023,Sam Draper,RUC,83.5,65.0,-18.5,8,6,0,72.6,-10.9,2.238,-8.5,3.4,-0.486,0.375,78.9,-1.4,3.12,0.38,66.5,-3.5,9600,0,0,1,0,0,0,0,1
1005577,2024,Sam Draper,RUC,58.3,86.5,28.2,6,10,1,73.4,15.1,2.229,11.0,3.2,-0.529,0.0,72.2,-2.2,3.17,-0.17,48.2,-5.2,-34000,0,0,0,0,0,0,0,1
1005717,2021,Nick Coffield,DEF,63.4,63.0,-0.4,8,8,0,,,1.417,3.2,-1.5,0.359,0.125,81.9,-5.9,0.38,-0.38,,,13200,0,0,1,0,0,1,0,0
1005986,2023,Malcolm Rosas,FWD,45.1,55.2,10.1,7,12,0,47.3,2.1,1.071,-2.5,6.3,-0.214,0.0,56.9,-6.9,0.43,0.07,1.0,1.0,-39400,0,0,0,0,0,0,1,0
1005992,2025,Joel Jeffrey,DEF,82.9,81.8,-1.1,7,15,0,58.8,-24.1,2.321,1.2,4.3,-0.277,0.286,79.0,-2.0,0.43,0.07,,,26000,0,1,1,0,0,1,0,0
1006013,2024,James Peatling,MID,57.0,70.1,13.1,6,11,0,50.0,-7.0,17.143,18.3,20.3,0.395,0.167,49.7,27.8,2.5,2.5,32.4,20.1,41600,1,1,1,0,1,0,0,0
1006013,2025,James Peatling,MID,85.4,80.4,-5.0,7,14,0,56.3,-29.2,5.929,-0.2,6.0,0.135,0.286,81.1,-1.6,4.29,0.71,43.3,26.2,58600,0,0,1,0,1,0,0,0
1006028,2021,Nick Blakey,DEF,48.2,67.4,19.3,6,9,0,,,-3.171,-7.2,-5.5,0.318,0.0,73.8,-12.8,0.5,0.5,5.8,0.7,-38300,0,0,0,0,0,1,0,0
1006028,2022,Nick Blakey,DEF,87.4,85.7,-1.7,8,13,0,59.7,-27.6,1.274,7.7,6.1,0.622,0.125,83.5,-3.0,0.25,0.25,,,34000,0,0,1,0,0,1,0,0
1006028,2023,Nick Blakey,DEF,91.2,88.4,-2.8,8,15,0,75.2,-16.0,-0.357,-20.0,-2.1,0.614,0.375,80.6,-0.1,0.0,0.0,,,-21500,0,0,0,0,0,1,0,0
1006028,2024,Nick Blakey,DEF,95.1,97.3,2.1,7,15,0,80.8,-14.4,-3.786,-11.5,-12.5,-0.448,0.286,83.0,1.0,0.14,-0.14,,,13000,0,0,1,0,0,1,0,0
1006028,2025,Nick Blakey,DEF,88.3,106.1,17.8,7,15,0,85.1,-3.2,-0.679,7.2,0.5,-0.134,0.286,86.4,1.6,0.43,0.07,,,-21600,0,0,0,0,0,1,0,0
1006058,2021,Bailey Scott,MID,51.4,53.3,1.9,5,11,0,,,-14.6,-13.1,-14.2,0.893,0.0,84.0,-0.5,1.0,0.0,1.5,-1.5,-53900,0,0,0,0,1,0,0,0
1006058,2022,Bailey Scott,MID,65.4,72.8,7.4,8,13,0,52.7,-12.7,3.107,1.8,1.0,-0.412,0.0,88.9,2.1,0.62,-0.62,,,48600,0,0,0,0,1,0,0,0
1006058,2023,Bailey Scott,MID,56.8,86.0,29.2,8,15,1,62.5,5.7,-1.595,-3.0,0.2,-0.226,0.0,82.2,-0.2,1.12,0.38,0.4,-0.4,-40800,0,0,0,0,1,0,0,0
1006058,2024,Bailey Scott,MID,68.6,76.4,7.8,8,15,0,67.6,-1.0,-1.893,0.8,-3.0,0.143,0.0,82.1,-4.6,0.38,-0.38,,,-6400,0,0,0,0,1,0,0,0
1006058,2025,Bailey Scott,MID,55.2,39.3,-15.9,5,7,0,69.3,14.1,-20.3,-22.9,-17.4,0.306,0.0,75.2,-10.7,0.0,0.0,,,-90000,0,0,0,0,1,0,0,0
1006059,2023,Keidean Coleman,DEF,59.4,77.8,18.3,7,13,0,68.3,8.9,1.071,4.5,0.9,-0.539,0.0,74.3,-3.3,1.29,-0.29,,,-40200,0,0,0,0,0,1,0,0
1006087,2021,Caleb Graham,DEF,43.6,44.0,0.4,5,7,0,,,5.6,5.7,4.3,0.923,0.0,72.0,2.0,2.0,0.0,70.8,9.7,-32600,0,0,0,0,0,1,0,0
1006094,2021,Sam Walsh,MID,116.6,117.3,0.7,8,14,0,,,-0.393,-1.3,-5.9,-0.332,0.75,85.4,2.6,5.88,0.62,71.9,3.1,32900,0,0,1,0,1,0,0,0
1006094,2022,Sam Walsh,MID,109.6,111.7,2.1,7,13,0,117.0,7.5,0.429,-4.8,-2.1,-0.01,0.714,83.7,3.3,2.86,-0.36,56.4,-16.4,-16200,0,0,0,0,1,0,0,0
1006094,2025,Sam Walsh,MID,101.8,98.8,-2.9,8,6,0,110.5,8.8,1.738,-6.2,-3.6,0.762,0.625,82.1,0.9,3.62,-0.62,57.0,-6.0,13300,0,0,0,0,1,0,0,0
1006096,2023,Xavier Duursma,MID,62.0,71.6,9.6,7,7,0,60.6,-1.5,-4.464,-10.0,-11.7,0.598,0.143,68.0,-14.0,1.71,0.29,,,24900,0,0,0,0,1,0,0,0
1006096,2024,Xavier Duursma,MID,81.6,74.6,-7.1,8,7,0,63.1,-18.5,4.821,-9.7,8.1,-0.074,0.375,82.8,4.8,1.0,1.0,,,1100,0,0,1,0,1,0,0,0
1006096,2025,Xavier Duursma,MID,82.6,79.5,-3.1,7,14,0,67.8,-14.8,-1.821,1.5,1.7,0.259,0.429,82.3,2.2,2.29,-0.79,0.0,0.0,-27800,0,0,1,0,1,0,0,0
1006103,2022,Jye Caldwell,MID,82.9,78.8,-4.0,8,12,0,,,-1.536,-2.0,0.5,-0.396,0.0,76.2,-3.8,3.0,0.5,41.2,10.2,19300,0,0,1,0,1,0,0,0
1006103,2023,Jye Caldwell,MID,76.5,79.2,2.7,8,13,0,79.5,3.0,1.071,11.7,0.9,-0.352,0.125,80.0,-1.0,2.0,-1.0,18.2,18.8,20600,0,0,0,0,1,0,0,0
1006103,2024,Jye Caldwell,MID,88.4,96.9,8.6,8,15,0,78.9,-9.5,1.798,1.0,-5.1,0.362,0.25,69.9,-9.4,3.0,-0.5,28.8,-24.8,42700,0,0,1,0,1,0,0,0
1006114,2023,Bailey J. Williams,RUC,73.4,78.8,5.4,8,15,0,51.3,-22.0,-0.893,7.2,-3.0,0.908,0.125,82.2,3.2,4.75,0.25,84.0,-5.0,40900,0,0,1,0,0,0,0,1
1006114,2024,Bailey J. Williams,RUC,71.9,66.9,-5.0,8,15,0,64.1,-7.7,-1.06,-7.8,-0.6,-1.138,0.0,78.5,-2.5,5.0,-1.5,78.9,-0.9,-26000,0,0,0,0,0,0,0,1
1006121,2022,Zak Butters,MID,86.8,102.4,15.7,8,12,0,81.5,-5.2,-7.095,-7.7,-10.0,0.36,0.375,80.1,-5.1,4.25,-1.25,48.9,-0.9,-24700,0,0,1,1,1,0,0,0
1006121,2023,Zak Butters,MID,99.6,121.4,21.8,8,15,0,91.3,-8.4,4.94,0.2,5.6,0.679,0.375,75.8,-3.2,3.62,0.38,54.1,7.4,44400,0,0,0,0,1,0,0,0
1006121,2024,Zak Butters,MID,121.5,119.9,-1.6,8,15,0,101.1,-20.4,-3.786,-2.3,-2.0,0.613,0.75,81.4,2.6,4.5,1.5,75.1,13.9,-24100,0,1,1,0,1,0,0,0
1006121,2025,Zak Butters,MID,135.4,116.2,-19.2,5,15,0,106.9,-28.5,3.1,9.6,0.6,0.012,1.0,80.8,2.2,7.0,-1.5,78.4,2.1,55200,0,1,1,0,1,0,0,0
1006126,2022,James Rowbottom,MID,79.6,88.5,8.8,8,13,1,74.6,-5.0,-5.94,-12.3,-10.6,0.241,0.375,77.2,-4.2,4.0,-1.5,40.5,4.0,-19600,0,0,0,0,1,0,0,0
1006126,2023,James Rowbottom,MID,74.9,88.3,13.5,8,15,1,80.7,5.8,2.012,6.3,4.3,0.403,0.0,75.4,-2.9,4.12,1.38,63.1,-8.1,-800,0,0,0,0,1,0,0,0
1006126,2024,James Rowbottom,MID,98.0,92.7,-5.3,7,13,0,81.9,-16.1,0.607,13.3,0.3,-0.122,0.429,79.4,1.6,3.71,1.29,70.9,2.1,38900,0,0,1,0,1,0,0,0
1006126,2025,James Rowbottom,MID,89.4,77.6,-11.8,7,15,0,85.1,-4.4,-0.357,2.0,-1.0,0.412,0.286,74.7,3.8,6.29,0.21,67.9,-5.4,-4300,0,0,0,0,1,0,0,0
1006127,2024,Rhylee West,FWD,70.4,62.5,-7.9,7,14,0,57.8,-12.6,2.536,3.2,0.4,-1.124,0.0,82.1,-4.1,0.57,-0.57,3.3,-3.3,40300,0,0,0,0,0,0,1,0
1006127,2025,Rhylee West,FWD,67.6,72.7,5.0,8,15,0,61.0,-6.6,0.893,-2.0,-2.0,0.767,0.0,80.8,2.2,1.5,-1.0,7.4,-7.4,25000,0,0,0,0,0,0,1,0
1006130,2021,Bailey Smith,MID,83.1,89.0,5.9,8,14,0,,,-7.321,-9.5,-12.5,-0.337,0.125,84.0,-2.5,1.5,0.0,13.8,28.8,-58300,0,0,0,0,1,0,0,0
1006130,2022,Bailey Smith,MID,107.0,92.0,-15.0,7,9,0,86.9,-20.1,-4.821,-10.7,-6.5,0.19,0.429,92.3,2.2,3.29,-0.29,54.0,-12.0,-3500,0,1,1,0,1,0,0,0
1006130,2023,Bailey Smith,MID,91.0,75.3,-15.7,6,13,0,91.8,0.8,5.143,2.7,6.9,-0.267,0.5,83.8,3.2,3.6,-0.1,31.2,12.3,-24700,0,0,1,0,1,0,0,0
1006130,2025,Bailey Smith,MID,110.4,122.0,11.6,7,13,0,87.9,-22.5,-2.071,-0.7,-2.5,-0.001,0.714,82.1,2.9,4.86,-1.36,73.0,4.0,47000,0,0,0,0,1,0,0,0
1006133,2021,Jack Ross,MID,42.6,64.2,21.6,5,6,0,,,2.7,-0.3,2.7,-0.734,0.0,56.4,18.1,1.0,-0.5,16.0,0.0,-81500,0,0,0,0,1,0,0,0
1006133,2022,Jack Ross,MID,62.7,74.0,11.3,6,7,0,54.4,-8.3,-9.086,-8.0,-13.7,-1.189,0.0,71.0,-22.5,1.17,0.33,19.0,-8.0,5100,0,0,0,0,1,0,0,0
1006133,2025,Jack Ross,MID,68.4,83.5,15.2,8,15,0,67.9,-0.5,-4.536,-0.3,-6.4,1.564,0.125,79.9,-2.9,2.5,0.5,20.1,-16.1,1600,0,0,1,0,1,0,0,0
1006135,2021,Xavier O'Halloran,MID,52.2,57.0,4.8,6,8,0,,,1.971,1.5,0.7,0.076,0.0,84.3,1.2,1.17,-0.17,,,18000,1,0,0,0,1,0,0,0
1006135,2022,Xavier O'Halloran,MID,48.2,30.3,-17.9,5,9,0,54.9,6.7,-0.8,-0.2,-0.7,-0.203,0.0,83.8,-0.3,0.6,-0.1,,,-21400,0,0,0,0,1,0,0,0
1006135,2024,Xavier O'Halloran,MID,57.3,51.6,-5.7,6,10,0,50.1,-7.2,1.314,1.3,3.7,-0.643,0.0,68.3,-3.3,1.0,-1.0,13.4,-2.9,-5900,0,0,0,0,1,0,0,0
1006135,2025,Xavier O'Halloran,MID,36.5,69.9,33.4,6,15,0,51.1,14.6,5.114,7.5,8.0,1.354,0.0,56.3,9.7,1.33,0.67,8.2,5.3,-31800,0,0,0,0,1,0,0,0
1006136,2021,Lachlan Sholl,MID,85.2,51.4,-33.9,8,10,0,,,-4.119,-25.7,-11.2,1.375,0.25,91.1,0.9,1.38,0.62,0.0,0.0,-26000,0,0,1,0,1,0,0,0
1006136,2023,Lachlan Sholl,MID,74.0,62.3,-11.7,7,9,0,66.2,-7.8,-4.071,2.3,-6.2,1.161,0.143,80.6,-7.6,1.71,-1.21,,,9400,0,0,0,0,1,0,0,0
1006136,2024,Lachlan Sholl,MID,79.4,87.0,7.6,5,15,1,66.7,-12.7,3.1,-1.1,2.1,-0.59,0.2,75.0,9.0,0.8,-0.3,,,8600,0,1,1,0,1,0,0,0
1006143,2021,Max King,FWD,61.4,62.0,0.6,7,13,0,,,-1.786,-12.2,-0.0,0.292,0.143,85.3,1.2,0.0,0.0,,,-51700,0,0,0,0,0,0,1,0
1006143,2022,Max King,FWD,77.6,64.4,-13.2,8,14,0,61.8,-15.8,-7.44,-14.7,-9.2,0.116,0.25,89.0,4.0,0.0,0.0,,,-60900,0,0,0,0,0,0,1,0
1006143,2024,Max King,FWD,66.0,48.4,-17.6,5,7,0,64.8,-1.2,-29.3,-31.0,-24.4,-0.192,0.4,86.6,-10.6,0.2,-0.2,,,-13500,0,0,0,0,0,0,1,0
1006144,2021,Ben King,FWD,61.8,48.6,-13.2,8,14,0,,,1.762,13.7,1.8,0.465,0.0,91.8,0.8,0.0,0.0,,,37000,0,0,0,0,0,0,1,0
1006144,2023,Ben King,FWD,57.1,56.2,-0.9,8,12,0,53.4,-3.8,5.917,23.0,4.6,0.302,0.25,86.0,0.5,0.0,0.0,,,107900,0,0,0,0,0,0,1,0
1006144,2024,Ben King,FWD,57.6,56.4,-1.1,7,14,0,54.9,-2.7,7.679,0.8,8.4,-0.91,0.0,82.7,1.8,0.0,0.0,,,28400,0,0,0,0,0,0,1,0
1006144,2025,Ben King,FWD,66.6,61.1,-5.4,7,15,0,55.5,-11.0,-10.393,-10.5,-13.6,0.102,0.143,84.7,3.8,0.0,0.0,,,-40900,0,0,0,0,0,0,1,0
1006148,2021,Bobby Hill,FWD,47.2,51.5,4.2,8,8,0,,,-0.952,-1.2,-2.8,-0.36,0.0,70.8,1.8,0.12,-0.12,,,-9700,0,0,0,0,0,0,1,0
1006148,2023,Bobby Hill,FWD,53.8,59.2,5.5,8,13,0,45.7,-8.1,-8.857,-26.7,-14.0,-0.016,0.0,71.0,-11.0,0.38,-0.38,,,-60800,0,0,0,0,0,0,1,0
1006148,2024,Bobby Hill,FWD,58.9,65.3,6.4,7,15,0,50.7,-8.2,-0.714,-0.5,-1.2,0.374,0.0,75.6,1.9,0.57,-0.57,,,-1900,0,0,0,0,0,0,1,0
1006148,2025,Bobby Hill,FWD,54.7,56.5,1.8,7,6,0,54.6,-0.1,-1.893,-8.0,-5.5,0.334,0.0,75.6,0.9,0.71,0.29,,,-12500,0,0,0,0,0,0,1,0
1006152,2022,Jordan Clark,DEF,81.8,90.9,9.2,8,14,0,62.1,-19.6,3.286,8.3,4.3,-1.215,0.0,85.0,-0.5,1.5,1.5,,,57300,0,1,1,0,0,1,0,0
1006152,2023,Jordan Clark,DEF,81.1,83.2,2.1,8,15,0,80.8,-0.3,-1.512,-1.2,-3.7,0.516,0.125,84.5,-2.0,0.38,-0.38,,,-10500,0,0,1,0,0,1,0,0
1006152,2024,Jordan Clark,DEF,102.1,105.9,3.8,8,15,0,81.5,-20.6,-2.536,2.7,-0.6,-0.257,0.625,85.6,3.4,1.0,0.0,0.0,0.0,-1300,0,0,0,0,0,1,0,0
1006152,2025,Jordan Clark,DEF,100.5,107.3,6.8,8,15,0,88.5,-12.0,-4.881,-7.2,-9.9,-1.404,0.75,89.5,5.5,0.75,-0.75,0.4,1.1,-34100,0,0,0,0,0,1,0,0
1006203,2022,Chayce Jones,MID,54.2,45.2,-9.1,8,12,0,50.2,-4.0,2.0,7.2,3.4,-0.888,0.0,83.4,-2.4,1.12,0.38,,,28700,1,0,0,0,1,0,0,0
1006203,2023,Chayce Jones,MID,77.7,71.6,-6.1,6,12,0,49.4,-28.3,4.114,-3.3,4.1,-0.083,0.333,79.7,9.8,2.67,1.33,0.7,-0.7,74300,0,0,1,0,1,0,0,0
1006203,2024,Chayce Jones,MID,58.8,60.8,2.0,8,8,0,57.8,-1.0,-1.048,-18.8,-6.5,0.385,0.125,85.2,5.2,2.12,-0.12,0.0,0.0,-48000,0,0,0,0,1,0,0,0
1006232,2021,Sam Wicks,DEF,63.6,54.2,-9.4,8,13,0,,,-7.583,-12.8,-5.5,0.192,0.125,81.2,-3.2,0.5,0.0,,,-91200,0,0,0,0,0,1,0,0
1006232,2024,Sam Wicks,DEF,44.4,45.8,1.4,5,10,0,55.6,11.2,6.7,6.3,5.7,-0.034,0.0,66.2,7.3,0.4,0.6,,,-15100,0,0,0,0,0,1,0,0
1006232,2025,Sam Wicks,DEF,61.2,52.3,-8.9,6,14,0,52.8,-8.3,13.914,17.2,15.5,0.209,0.0,81.5,-0.5,0.67,-0.67,,,63100,0,0,0,0,0,1,0,0
1006314,2021,Dylan Moore,FWD,62.1,86.2,24.0,8,12,1,,,-5.345,-8.8,-4.9,0.318,0.0,80.8,-3.2,0.38,-0.38,0.5,-0.5,-51300,0,0,0,0,0,0,1,0
1006314,2022,Dylan Moore,FWD,98.6,92.4,-6.3,8,14,0,76.6,-22.1,0.726,3.0,-2.4,1.319,0.375,85.1,4.4,0.62,-0.12,0.0,0.0,36400,0,1,1,0,0,0,1,0
1006314,2023,Dylan Moore,FWD,88.5,92.3,3.8,8,15,0,86.0,-2.5,-4.619,-16.7,-5.2,0.754,0.25,87.6,0.9,1.29,0.21,1.9,-1.9,-80400,0,0,1,0,0,0,1,0
1006314,2024,Dylan Moore,FWD,94.1,99.7,5.5,8,15,0,87.8,-6.3,10.012,29.8,14.7,-0.129,0.5,84.1,3.4,1.5,-0.5,18.8,10.2,99300,0,1,1,0,0,0,1,0
1006314,2025,Dylan Moore,FWD,74.1,92.5,18.4,7,15,1,90.4,16.2,-3.964,-9.8,-8.4,-0.25,0.286,79.7,-9.2,1.57,-0.57,21.9,3.1,-57000,0,0,0,0,0,0,1,0
1007099,2025,Harry Sharp,FWD,33.6,25.1,-8.5,8,10,0,36.5,2.8,-3.917,-9.5,-3.1,0.933,0.0,52.5,-18.5,0.0,0.0,,,-52700,0,0,0,0,0,0,1,0
1007102,2021,Mark O'Connor,DEF,84.8,64.8,-20.0,5,8,0,,,0.5,3.2,2.0,-0.177,0.2,81.6,-6.1,3.4,-1.9,78.3,-3.3,40500,0,0,0,0,0,1,0,0
1007102,2022,Mark O'Connor,DEF,70.2,54.6,-15.6,5,14,0,72.5,2.3,5.0,3.8,4.9,0.708,0.0,83.0,5.0,1.4,-1.4,8.6,-8.6,-29200,0,0,0,0,0,1,0,0
1007102,2023,Mark O'Connor,DEF,78.8,59.9,-18.9,8,14,0,64.3,-14.5,2.0,2.8,2.5,-1.527,0.0,84.8,-0.2,1.0,0.5,9.0,2.5,38800,0,0,0,0,0,1,0,0
1007102,2024,Mark O'Connor,DEF,63.7,48.2,-15.5,7,6,0,65.3,1.6,-6.0,4.3,-7.9,-0.679,0.0,68.6,10.9,1.71,-0.21,26.3,32.2,-27800,0,0,0,0,0,1,0,0
1007102,2025,Mark O'Connor,DEF,62.4,70.5,8.1,8,14,0,63.6,1.2,-1.179,-5.0,1.2,-0.965,0.0,72.4,6.1,0.75,-0.25,0.0,0.0,-18100,0,0,0,1,0,1,0,0
1007124,2022,Conor Nash,MID,64.1,67.4,3.3,7,14,0,57.0,-7.1,-2.607,-4.0,-1.8,0.38,0.0,73.9,-0.9,2.43,0.57,39.7,15.3,-17600,0,0,0,0,1,0,0,0
1007124,2023,Conor Nash,MID,80.2,89.1,8.8,8,15,0,64.0,-16.2,8.929,9.2,8.8,-0.167,0.375,75.9,3.6,4.71,2.79,72.1,6.9,91500,0,0,0,0,1,0,0,0
1007124,2024,Conor Nash,MID,78.8,75.2,-3.5,8,15,0,73.9,-4.8,1.738,16.0,6.8,-0.136,0.375,77.5,-3.5,5.25,-0.25,70.1,-10.6,-1500,0,0,1,0,1,0,0,0
1007124,2025,Conor Nash,MID,62.8,77.2,14.4,5,13,0,74.7,11.9,-9.2,-8.8,-7.1,-0.967,0.0,67.8,-16.3,2.8,-0.8,59.8,-18.2,-70500,0,0,1,0,1,0,0,0
1007881,2021,Wil Powell,DEF,84.4,80.7,-3.7,8,14,0,,,4.774,2.7,8.9,-0.03,0.125,83.5,1.0,0.5,0.0,,,32400,0,0,0,0,0,1,0,0
1007881,2022,Wil Powell,DEF,78.6,75.4,-3.2,7,5,0,82.0,3.5,-3.75,-4.2,-3.5,-0.38,0.286,85.4,-3.4,0.57,0.43,,,-26000,0,0,0,0,0,1,0,0
1007881,2023,Wil Powell,DEF,102.0,86.8,-15.2,6,12,0,80.4,-21.6,9.886,22.0,8.1,0.071,0.667,77.7,9.3,1.0,-1.0,0.5,-0.5,104800,0,1,1,0,0,1,0,0
1007881,2024,Wil Powell,DEF,88.7,85.0,-3.7,7,10,0,84.3,-4.4,-0.179,8.5,3.1,-0.077,0.429,80.7,0.3,0.71,-0.21,,,-29300,0,0,0,0,0,1,0,0
1007881,2025,Wil Powell,DEF,74.7,78.1,3.4,7,15,0,84.9,10.2,3.429,7.2,0.6,0.537,0.143,86.4,-2.4,0.43,-0.43,,,8000,0,0,0,0,0,1,0,0
1008083,2021,Connor Idun,DEF,66.6,58.9,-7.7,7,14,0,,,1.857,2.3,2.9,-0.623,0.0,84.3,0.2,0.29,0.21,,,42200,0,0,0,0,0,1,0,0
1008083,2022,Connor Idun,DEF,63.2,62.4,-0.9,8,8,0,61.4,-1.8,-2.238,6.8,-2.8,0.359,0.0,83.5,0.0,0.25,-0.25,,,-6600,0,0,0,0,0,1,0,0
1008083,2023,Connor Idun,DEF,80.4,81.7,1.3,8,15,0,62.0,-18.3,4.155,6.0,6.7,0.21,0.125,87.5,2.5,0.38,-0.38,,,52800,0,0,0,0,0,1,0,0
1008083,2024,Connor Idun,DEF,81.3,86.9,5.6,7,15,0,69.4,-11.9,-0.429,-1.7,1.8,-0.769,0.286,93.4,-1.4,0.14,-0.14,,,-17500,0,0,1,0,0,1,0,0
1008083,2025,Connor Idun,DEF,97.1,82.9,-14.3,7,15,0,73.6,-23.5,3.25,3.3,2.7,0.483,0.429,86.4,3.1,0.29,-0.29,,,46600,0,0,1,0,0,1,0,0
1008089,2021,Isaac Quaynor,DEF,77.0,73.2,-3.8,8,12,0,,,0.595,5.2,3.7,0.083,0.25,84.2,1.2,0.5,0.0,,,-9700,0,0,0,0,0,1,0,0
1008089,2022,Isaac Quaynor,DEF,76.1,63.7,-12.4,8,13,0,74.7,-1.4,-0.25,0.7,-0.5,0.481,0.0,85.5,-2.5,0.12,0.38,,,-7900,0,0,0,0,0,1,0,0
1008089,2023,Isaac Quaynor,DEF,63.2,80.7,17.5,8,15,0,71.5,8.2,4.048,-5.8,6.7,0.232,0.0,83.0,1.5,0.75,0.25,,,-11000,0,0,0,0,0,1,0,0
1008089,2024,Isaac Quaynor,DEF,56.7,57.8,1.1,7,15,0,72.6,15.9,-3.821,-10.5,-5.1,-0.249,0.0,79.9,-6.4,0.14,0.36,,,-59800,0,0,0,0,0,1,0,0
1008089,2025,Isaac Quaynor,DEF,55.3,74.7,19.4,7,15,0,68.7,13.5,0.821,0.8,1.4,-0.729,0.0,81.9,1.6,0.14,-0.14,,,-3400,0,0,0,0,0,1,0,0
1008091,2024,Joel Amartey,FWD,44.0,64.8,20.8,7,14,0,54.7,10.7,-3.286,-4.2,-6.7,-0.435,0.0,64.0,0.5,0.0,0.0,0.6,-0.6,-15800,0,0,0,0,0,0,1,0
1008123,2024,Jake Riccardi,RUC,59.9,60.7,0.9,7,11,0,53.1,-6.8,-6.893,-5.7,-11.4,-0.299,0.0,71.1,-0.1,0.71,0.29,11.1,-1.6,-12400,0,0,1,0,0,0,0,1
1008139,2024,Toby Bedford,MID,51.4,66.8,15.4,7,14,0,56.5,5.1,-1.429,-4.2,-3.7,0.307,0.0,81.0,-4.0,0.57,-0.07,8.0,-6.0,-12000,0,0,0,0,1,0,0,0
1008139,2025,Toby Bedford,MID,64.4,58.1,-6.3,7,14,0,58.9,-5.5,-4.393,-9.5,-3.1,0.763,0.0,75.0,-16.0,1.86,0.14,54.7,-23.2,-47300,0,0,0,0,1,0,0,0
1008154,2021,Matthew Cottrell,MID,56.0,42.5,-13.5,6,6,0,,,-2.229,-5.3,-0.2,0.862,0.0,83.2,2.3,0.67,-0.67,,,-10700,0,0,0,0,1,0,0,0
1008154,2024,Matthew Cottrell,MID,60.4,46.5,-13.9,7,6,0,57.5,-3.0,-0.429,-3.5,-4.5,0.379,0.0,89.9,1.1,0.71,0.29,,,14800,0,0,0,0,1,0,0,0
1008198,2021,Tom McCartin,DEF,70.0,72.7,2.7,7,14,0,,,-3.643,-10.5,-3.2,1.718,0.143,93.0,2.5,0.57,0.93,,,-18100,0,0,0,0,0,1,0,0
1008198,2022,Tom McCartin,DEF,60.4,60.0,-0.4,8,14,0,71.8,11.4,-3.893,-9.8,-2.1,0.261,0.0,93.8,1.2,0.0,0.0,,,-62500,0,0,0,0,0,1,0,0
1008198,2023,Tom McCartin,DEF,59.7,80.1,20.5,6,8,0,65.8,6.2,-4.171,-15.0,-1.7,-0.573,0.0,82.2,11.3,0.0,0.0,,,-54800,0,0,0,0,0,1,0,0
1008198,2024,Tom McCartin,DEF,62.0,65.8,3.8,7,11,0,67.2,5.2,-5.714,-8.8,-10.6,-1.537,0.0,83.3,-21.8,0.14,-0.14,,,-34400,0,0,0,0,0,1,0,0
1008198,2025,Tom McCartin,DEF,62.9,75.3,12.5,7,12,0,66.5,3.6,-3.25,-8.8,0.3,-0.29,0.0,91.7,-0.7,0.0,0.0,,,-52200,0,0,0,1,0,1,0,0
1008224,2025,Riley Bice,DEF,84.3,44.8,-39.5,7,9,0,,,-1.571,-13.3,-5.2,-0.081,0.286,76.1,7.4,0.71,-0.21,,,89700,0,0,0,0,0,1,0,0
1008230,2023,Nick Murray,DEF,59.2,60.9,1.6,8,9,0,50.8,-8.4,-0.786,-5.2,-5.8,-0.394,0.0,81.8,-11.8,0.12,-0.12,0.0,0.0,11300,0,0,0,0,0,1,0,0
1008239,2025,Joe Richards,FWD,72.1,68.7,-3.4,7,15,0,57.3,-14.8,2.571,0.7,2.8,0.004,0.143,77.6,1.4,0.43,0.07,0.0,0.0,40900,0,0,0,0,0,0,1,0
1008280,2022,Ed Richards,MID,72.5,90.5,18.0,8,13,1,60.0,-12.5,4.81,9.3,5.9,-0.628,0.0,81.2,-2.8,0.5,0.0,,,74700,0,0,0,0,1,0,0,0
1008280,2023,Ed Richards,MID,84.6,87.4,2.7,8,11,0,79.1,-5.5,-3.321,-10.2,-2.4,0.107,0.25,86.3,-0.8,0.57,-0.57,,,-50800,0,0,1,0,1,0,0,0
1008280,2024,Ed Richards,MID,82.1,107.4,25.2,7,13,0,82.1,-0.1,0.179,-5.3,0.4,0.632,0.0,79.1,2.4,1.14,0.86,45.7,7.3,-22800,0,0,0,1,1,0,0,0
1008280,2025,Ed Richards,MID,109.8,112.1,2.4,8,15,0,87.2,-22.6,4.095,13.7,10.0,0.635,0.625,82.1,-0.1,5.62,1.38,76.4,-7.9,50700,0,0,0,0,1,0,0,0
1008312,2023,Liam Stocker,DEF,75.4,63.2,-12.2,8,14,0,54.6,-20.8,1.702,0.8,6.2,1.123,0.125,77.9,3.1,0.62,-0.12,,,38600,0,1,1,1,0,1,0,0
1008312,2024,Liam Stocker,DEF,51.8,53.5,1.8,8,8,0,61.0,9.2,-1.667,-8.7,-2.6,-0.595,0.0,74.8,1.8,0.75,0.25,3.2,-3.2,-43600,0,0,0,1,0,1,0,0
1008312,2025,Liam Stocker,DEF,58.2,51.5,-6.7,6,11,0,58.8,0.6,0.943,-2.5,3.4,-0.446,0.0,76.2,9.8,0.67,0.33,0.0,0.0,10000,1,0,0,1,0,1,0,0
1008384,2023,Riley Thilthorpe,FWD,64.4,56.9,-7.5,7,14,0,59.4,-5.1,-2.929,-11.2,-4.8,0.107,0.0,65.9,-2.4,1.29,0.71,16.9,6.1,-20700,0,0,0,0,0,0,1,0
1008384,2025,Riley Thilthorpe,FWD,88.4,101.7,13.4,8,15,0,61.6,-26.7,-5.393,-11.2,-6.5,-0.0,0.25,79.2,-4.2,1.25,-0.25,12.5,-3.0,-39400,0,0,0,0,0,0,1,0
1008436,2024,Kieren Briggs,RUC,85.7,99.9,14.2,7,14,0,91.9,6.2,-0.214,-3.8,3.0,1.196,0.143,72.7,2.8,6.71,0.29,82.4,2.1,-67900,0,0,1,0,0,0,0,1
1008436,2025,Kieren Briggs,RUC,75.8,87.3,11.5,6,12,1,93.5,17.6,-8.371,-20.8,-3.7,-0.677,0.167,72.5,-8.0,3.83,0.17,75.0,-3.0,-103600,0,0,0,0,0,0,0,1
1008454,2025,Connor Budarick,FWD,39.7,51.2,11.5,6,10,0,64.2,24.5,-9.086,-11.7,-8.6,0.051,0.0,65.5,-22.0,0.17,-0.17,,,-93900,0,0,0,1,0,0,1,0
1008478,2021,Rhyan Mansell,FWD,44.2,51.1,6.9,5,8,0,,,-0.4,-1.5,-0.1,0.233,0.0,72.8,-0.8,0.2,-0.2,,,70800,1,0,0,0,0,0,1,0
1008478,2023,Rhyan Mansell,FWD,41.9,39.5,-2.4,7,10,0,48.5,6.7,-0.536,-5.3,-6.0,0.42,0.0,60.4,-4.4,0.0,0.0,,,33700,1,0,0,0,0,0,1,0
1008478,2024,Rhyan Mansell,FWD,60.4,59.4,-1.0,7,14,0,44.2,-16.2,-5.143,-11.2,-6.2,0.62,0.143,76.3,5.7,0.57,-0.07,0.0,0.0,-7500,0,0,0,0,0,0,1,0
1008478,2025,Rhyan Mansell,FWD,54.0,59.7,5.7,5,15,0,50.4,-3.6,-11.5,-16.0,-9.3,0.352,0.0,70.8,-3.3,0.6,-0.1,1.5,-1.5,-39600,0,0,0,1,0,0,1,0
1008510,2022,Corey Durdin,FWD,49.0,41.1,-7.9,7,14,0,,,-1.036,-2.0,0.7,-0.502,0.0,77.1,-6.6,0.43,0.57,,,11400,1,0,0,0,0,0,1,0
1008510,2024,Corey Durdin,FWD,43.6,33.2,-10.4,7,6,0,46.0,2.4,3.036,1.3,0.1,-0.678,0.0,62.1,9.9,0.29,-0.29,0.4,-0.4,9600,1,0,0,0,0,0,1,0
1008541,2021,Kysaiah Pickett,MID,84.0,59.4,-24.6,8,14,0,,,-2.31,-14.0,-6.7,0.167,0.125,77.6,2.4,1.62,-0.12,13.5,-2.5,3400,0,0,0,0,1,0,0,0
1008541,2022,Kysaiah Pickett,MID,56.9,71.0,14.1,7,14,0,68.3,11.5,7.75,12.0,15.3,0.781,0.143,79.1,-0.1,0.43,0.57,3.7,-3.7,-6300,0,0,0,0,1,0,0,0
1008541,2023,Kysaiah Pickett,MID,84.2,62.1,-22.1,6,15,0,67.3,-16.8,-8.543,-13.8,-7.6,-0.156,0.333,79.2,2.8,1.5,1.0,16.8,3.2,-34500,0,0,0,0,1,0,0,0
1008541,2024,Kysaiah Pickett,MID,72.3,73.8,1.5,6,15,0,67.7,-4.7,-1.543,1.0,-0.3,-0.52,0.0,86.0,-1.5,1.33,0.17,26.2,0.8,-8300,0,0,0,0,1,0,0,0
1008541,2025,Kysaiah Pickett,MID,90.6,91.7,1.1,5,15,0,69.1,-21.5,-4.6,3.1,-5.6,1.184,0.2,84.2,-2.7,3.4,-0.4,62.4,13.6,58600,0,0,0,0,1,0,0,0
1008543,2021,Harry Schoenberg,MID,74.2,70.2,-4.0,8,14,0,,,0.643,2.3,2.5,0.386,0.125,71.6,8.9,2.38,1.62,24.8,-15.2,12800,0,0,0,0,1,0,0,0
1008543,2022,Harry Schoenberg,MID,58.3,58.8,0.5,6,10,0,71.7,13.3,-6.743,-18.3,-5.8,0.708,0.167,66.5,-11.0,2.83,-0.33,52.8,-21.2,-74400,0,0,1,0,1,0,0,0
1008550,2022,Will Day,MID,75.2,61.8,-13.4,5,12,0,79.4,4.2,6.7,7.8,5.4,-0.363,0.0,72.2,9.3,0.6,0.4,8.5,8.5,24600,0,0,0,1,1,0,0,0
1008550,2023,Will Day,MID,97.5,97.4,-0.1,6,15,0,68.9,-28.6,2.429,-1.5,0.9,0.212,0.333,82.8,0.2,5.0,1.5,70.6,0.9,93900,0,0,0,0,1,0,0,0
1008855,2023,Oskar Baker,DEF,58.9,50.4,-8.5,8,10,0,,,0.202,-2.8,-0.5,1.387,0.0,78.9,-0.9,0.43,1.07,,,32100,1,0,0,0,0,1,0,0
1008882,2021,Charlie Ballard,DEF,70.1,69.4,-0.7,7,14,0,,,-5.786,-7.0,-7.8,-0.26,0.0,90.4,-1.4,0.14,0.36,,,-22300,0,0,0,0,0,1,0,0
1008882,2022,Charlie Ballard,DEF,67.0,63.1,-3.9,8,10,0,69.7,2.7,2.19,4.7,7.3,0.271,0.125,87.8,-2.8,0.0,0.0,,,-3500,0,0,0,0,0,1,0,0
1008882,2023,Charlie Ballard,DEF,76.5,69.5,-7.0,8,15,0,67.4,-9.1,8.571,14.7,6.7,-0.173,0.125,93.6,-1.1,0.12,-0.12,,,94900,0,0,0,0,0,1,0,0
1008882,2024,Charlie Ballard,DEF,64.3,61.4,-2.9,7,15,0,69.1,4.8,-3.679,-2.0,-3.5,1.259,0.0,94.0,0.5,0.29,-0.29,,,-43800,0,0,0,0,0,1,0,0
1008893,2023,Harrison Petty,FWD,53.7,67.6,13.9,7,7,0,56.4,2.7,-3.536,2.0,-7.1,0.318,0.0,87.7,-3.2,0.29,-0.29,1.7,-1.7,-7600,0,0,0,0,0,0,1,0
1008893,2024,Harrison Petty,FWD,46.0,54.3,8.3,6,14,0,57.7,11.7,-2.514,-16.0,3.6,-0.405,0.0,82.2,-0.7,0.0,0.0,0.8,-0.8,-94200,0,0,0,0,0,0,1,0
1008893,2025,Harrison Petty,FWD,55.5,53.7,-1.8,8,11,0,55.9,0.4,-2.976,4.3,-6.5,-0.393,0.0,82.4,-25.4,0.0,0.0,0.4,1.1,15700,1,0,0,0,0,0,1,0
1009015,2022,Lachlan McNeil,FWD,43.6,44.9,1.3,5,10,0,47.5,3.9,5.2,4.4,4.8,-0.535,0.0,76.2,3.8,0.0,0.0,,,-11800,0,0,0,0,0,0,1,0
1009015,2025,Lachlan McNeil,FWD,50.4,46.6,-3.8,7,13,0,44.7,-5.7,2.107,3.2,1.6,-0.489,0.0,77.9,-8.9,0.43,1.07,,,-3800,0,0,0,0,0,0,1,0
1009191,2021,Miles Bergman,DEF,57.5,63.1,5.6,6,13,0,,,6.371,7.2,6.9,-0.686,0.0,76.8,0.7,0.33,0.17,,,93400,1,0,0,0,0,1,0,0
1009191,2023,Miles Bergman,DEF,69.4,63.9,-5.5,8,14,0,63.7,-5.7,-0.155,3.3,2.6,0.03,0.0,82.1,2.4,1.5,-1.0,0.0,0.0,-3500,0,0,0,0,0,1,0,0
1009191,2024,Miles Bergman,DEF,84.5,73.9,-10.6,8,15,0,64.6,-19.9,4.357,13.7,9.4,-0.196,0.25,83.2,5.2,0.75,-0.25,0.0,0.0,63900,0,1,1,0,0,1,0,0
1009191,2025,Miles Bergman,DEF,70.1,91.8,21.7,8,11,1,68.6,-1.5,-5.75,-22.0,-4.3,0.127,0.125,80.8,3.8,0.12,-0.12,10.2,30.8,-105800,0,0,1,0,0,1,0,0
1009199,2021,Noah Anderson,MID,86.8,81.5,-5.2,8,12,0,,,-2.214,-3.3,-5.2,0.114,0.375,80.1,0.4,4.88,-2.88,59.4,-2.4,-17100,0,0,1,0,1,0,0,0
1009199,2022,Noah Anderson,MID,98.4,101.4,3.0,7,14,0,83.6,-14.8,3.286,6.5,8.1,-0.528,0.714,87.3,1.7,6.0,-0.5,70.2,-2.2,23700,0,1,1,0,1,0,0,0
1009199,2023,Noah Anderson,MID,115.0,99.5,-15.5,8,15,0,92.2,-22.8,11.5,18.0,21.4,0.826,0.5,85.9,-0.4,7.25,2.25,74.1,3.9,76900,0,0,1,0,1,0,0,0
1009199,2024,Noah Anderson,MID,109.1,104.5,-4.6,7,15,0,96.8,-12.4,-1.571,-8.2,-3.5,-0.146,0.429,86.4,-1.9,6.29,3.71,84.0,-2.0,-23100,0,0,1,0,1,0,0,0
1009199,2025,Noah Anderson,MID,108.4,114.1,5.6,7,15,0,99.1,-9.3,-4.643,-4.2,-4.7,0.827,0.857,85.7,-0.2,5.57,-2.57,87.3,-0.8,-27500,0,0,1,0,1,0,0,0
1009208,2022,Matt Rowell,MID,93.8,83.9,-9.8,8,14,0,63.0,-30.8,-4.095,9.7,-3.9,1.049,0.375,84.9,-3.9,6.88,0.62,80.4,3.6,35600,0,0,0,0,1,0,0,0
1009208,2023,Matt Rowell,MID,95.9,105.7,9.9,8,15,0,78.9,-17.0,0.369,13.3,-2.2,-0.635,0.5,84.8,-0.2,7.88,1.62,83.2,-1.2,64100,0,0,1,0,1,0,0,0
1009208,2024,Matt Rowell,MID,120.7,91.1,-29.6,7,15,0,88.3,-32.4,-7.107,-6.0,-15.5,-0.934,0.714,80.0,2.5,6.86,-1.36,76.9,1.1,8300,0,1,1,0,1,0,0,0
1009208,2025,Matt Rowell,MID,103.6,122.3,18.7,7,15,0,91.7,-11.8,-11.786,-14.0,-17.8,-0.353,0.571,82.4,-1.9,7.29,-4.29,76.6,-14.6,-35200,0,0,0,0,1,0,0,0
1009229,2022,Sam De Koning,DEF,60.4,68.8,8.3,7,13,0,,,6.786,10.8,8.7,0.019,0.0,84.6,12.4,0.0,0.0,1.7,3.3,94500,1,0,0,1,0,1,0,0
1009229,2023,Sam De Koning,DEF,51.3,66.2,14.8,6,13,0,64.0,12.7,3.429,3.0,5.0,0.115,0.0,78.8,1.2,0.5,0.5,28.0,28.0,-34500,0,0,0,1,0,1,0,0
1009229,2024,Sam De Koning,DEF,58.9,73.2,14.3,8,11,0,62.8,3.9,1.369,-1.2,6.0,-0.067,0.0,91.2,0.2,0.38,0.12,4.8,-2.8,-26300,0,0,0,0,0,1,0,0
1009229,2025,Sam De Koning,DEF,76.6,60.9,-15.7,8,12,0,64.2,-12.4,-1.726,5.3,-0.2,0.264,0.125,81.9,9.6,1.88,-1.88,19.0,-19.0,9800,0,0,0,1,0,1,0,0
1009241,2024,Brodie Kemp,FWD,70.2,71.1,0.9,5,14,0,68.0,-2.2,-12.0,-15.5,-10.1,0.292,0.0,94.8,-4.3,0.2,0.3,,,-46000,0,0,1,0,0,0,1,0
1009253,2021,Lachie Ash,DEF,89.6,66.0,-23.6,8,11,0,,,2.94,0.0,-2.3,0.995,0.25,83.5,1.0,0.5,0.5,0.0,0.0,66300,0,0,1,0,0,1,0,0
1009253,2022,Lachie Ash,DEF,57.8,62.8,5.1,8,13,0,75.9,18.2,3.238,-7.0,0.4,1.061,0.125,81.5,-0.5,1.38,0.62,45.0,31.0,-8400,0,0,0,0,0,1,0,0
1009253,2023,Lachie Ash,DEF,78.0,86.9,8.9,8,15,1,68.0,-10.0,0.619,-4.2,3.4,-0.524,0.0,84.1,-1.6,0.5,0.0,0.0,0.0,-5900,0,1,1,0,0,1,0,0
1009253,2024,Lachie Ash,DEF,74.4,87.7,13.2,7,9,1,73.8,-0.6,7.214,3.3,2.4,-0.222,0.286,77.0,2.5,0.43,-0.43,,,53400,0,0,0,0,0,1,0,0
1009253,2025,Lachie Ash,DEF,110.7,105.4,-5.3,7,15,0,75.4,-35.3,2.964,-4.8,-1.8,0.007,0.571,80.6,-2.1,1.0,-0.5,1.9,-1.9,58900,0,1,1,0,0,1,0,0
1009256,2022,Hayden Young,MID,87.7,94.3,6.6,6,14,0,76.9,-10.8,-4.286,-2.7,-2.4,0.117,0.333,84.0,-2.0,0.33,-0.33,,,1400,0,0,1,0,1,0,0,0
1009256,2023,Hayden Young,MID,91.9,95.1,3.3,8,14,0,87.9,-4.0,1.607,12.3,1.4,0.248,0.25,84.9,-0.4,0.88,-0.38,0.0,0.0,40200,0,1,1,1,1,0,0,0
1009256,2024,Hayden Young,MID,100.0,102.1,2.1,8,15,0,90.6,-9.4,4.952,-10.3,7.7,-0.161,0.5,73.9,-0.4,4.75,0.75,69.9,-0.9,-15000,0,1,1,0,1,0,0,0
1009260,2024,Sam Flanders,FWD,116.3,120.1,3.8,7,14,0,65.3,-51.0,-0.321,0.0,0.9,-0.099,1.0,83.7,2.8,2.43,0.07,12.6,7.4,19000,0,1,1,0,0,0,1,0
1009260,2025,Sam Flanders,FWD,78.2,70.3,-7.9,6,14,0,84.3,6.2,1.514,-4.5,4.0,-1.05,0.0,75.5,1.5,3.67,0.83,17.8,-4.8,-122100,0,0,0,0,0,0,1,0
1009301,2022,Jamarra Ugle-Hagan,FWD,31.0,55.7,24.7,5,10,0,47.0,16.0,-2.4,-8.7,0.2,1.051,0.0,78.6,-5.1,0.0,0.0,,,-46700,0,0,0,0,0,0,1,0
1009301,2023,Jamarra Ugle-Hagan,FWD,50.1,66.1,16.0,8,15,0,47.4,-2.8,2.631,-1.2,0.4,0.182,0.0,79.0,3.0,0.0,0.0,0.6,-0.6,13300,1,0,0,0,0,0,1,0
1009301,2024,Jamarra Ugle-Hagan,FWD,55.5,70.1,14.6,6,15,0,54.4,-1.1,-7.057,-5.8,-11.8,-0.093,0.0,83.7,3.3,0.33,-0.33,,,-30600,0,0,0,0,0,0,1,0
1009378,2021,Trent Rivers,DEF,61.8,69.0,7.2,8,14,0,,,0.048,-7.0,0.8,-0.017,0.0,67.4,1.1,0.75,0.25,0.0,0.0,-31700,0,0,0,0,0,1,0,0
1009378,2022,Trent Rivers,DEF,60.4,57.7,-2.8,7,9,0,66.4,5.9,-4.786,-2.2,-8.0,-0.226,0.0,73.1,-1.6,0.29,0.21,,,-18600,0,0,0,0,0,1,0,0
1009378,2023,Trent Rivers,DEF,85.2,84.6,-0.7,8,15,0,63.2,-22.0,-0.833,-6.7,0.3,1.491,0.125,78.9,-0.4,0.88,-0.38,4.8,-4.8,1300,0,0,1,0,0,1,0,0
1009378,2024,Trent Rivers,DEF,83.9,89.4,5.5,7,15,0,71.4,-12.5,-1.393,-3.3,-5.3,-0.325,0.286,82.9,0.6,1.43,-0.93,4.7,-4.7,4300,0,1,1,0,0,1,0,0
1009378,2025,Trent Rivers,DEF,78.8,84.4,5.7,8,15,0,75.7,-3.1,4.31,13.0,1.1,-0.077,0.375,80.0,3.5,1.62,1.38,14.6,26.9,48100,0,0,0,0,0,1,0,0
1009380,2024,Jeremy Sharp,MID,71.9,68.9,-2.9,8,15,0,51.9,-20.0,-1.298,-10.0,-0.6,1.361,0.125,86.8,7.2,0.62,-0.12,,,23500,0,0,1,0,1,0,0,0
1009380,2025,Jeremy Sharp,MID,58.1,39.7,-18.5,8,6,0,61.6,3.4,-2.631,-5.3,-6.2,-0.406,0.0,89.8,2.2,1.62,-0.62,,,-11300,0,0,0,1,1,0,0,0
1009385,2021,Deven Robertson,FWD,65.6,61.8,-3.8,5,10,0,,,-4.4,4.4,-7.3,-0.039,0.0,71.2,-3.7,0.0,0.0,30.8,12.2,104000,1,0,0,0,0,0,1,0
1009386,2021,Jaxon Prior,DEF,52.0,43.0,-9.0,5,10,0,,,7.1,5.3,7.4,-1.144,0.0,68.6,5.4,0.6,0.9,,,92500,1,0,0,0,0,1,0,0
1009386,2025,Jaxon Prior,DEF,61.6,73.7,12.2,7,15,0,47.3,-14.3,0.25,0.5,-1.3,0.851,0.0,81.6,-5.1,0.0,0.0,,,60800,1,0,0,0,0,1,0,0
1009399,2021,Luke Jackson,RUC,71.6,71.6,-0.0,8,13,0,,,5.798,11.2,0.1,0.476,0.25,81.6,-7.1,2.0,-0.5,26.3,8.2,86300,0,0,0,1,0,0,0,1
1009399,2022,Luke Jackson,RUC,87.4,83.0,-4.4,7,13,0,71.6,-15.8,-9.107,-26.3,-10.4,0.628,0.286,77.4,0.1,1.86,-1.86,34.7,-4.2,-45000,0,0,0,0,0,0,0,1
1009399,2023,Luke Jackson,RUC,84.9,104.8,19.9,8,15,0,77.9,-6.9,4.679,-7.5,9.2,0.328,0.25,83.5,-1.0,1.38,0.62,21.1,2.4,-14000,0,0,0,0,0,0,0,1
1009399,2024,Luke Jackson,RUC,100.5,91.3,-9.2,8,15,0,85.1,-15.4,-8.833,-1.5,-5.7,1.681,0.25,84.6,-1.6,3.38,-1.88,67.1,-0.1,-76200,0,0,0,0,0,0,0,1
1009399,2025,Luke Jackson,RUC,106.4,115.1,8.7,5,15,0,87.6,-18.8,-3.6,8.3,-6.5,0.641,0.4,76.2,-10.7,2.6,-0.1,78.8,-9.8,55600,0,0,1,0,0,0,0,1
1009410,2022,Brandon Walker,DEF,47.8,58.7,10.9,6,13,0,42.3,-5.5,-2.943,2.5,-4.2,0.411,0.0,78.3,0.7,0.5,-0.5,,,5400,1,0,0,0,0,1,0,0
1009410,2023,Brandon Walker,DEF,47.4,45.2,-2.2,5,9,0,50.8,3.4,5.6,4.3,5.4,1.117,0.0,81.8,2.2,0.0,0.0,,,-36900,0,0,0,0,0,1,0,0
1009410,2024,Brandon Walker,DEF,49.9,67.7,17.8,7,12,0,49.2,-0.6,-3.679,-2.0,-5.2,0.091,0.0,79.7,-1.2,0.29,0.71,,,-6100,0,0,0,0,0,1,0,0
1009420,2021,Caleb Serong,MID,78.5,85.4,6.9,8,14,1,,,-1.571,12.7,-0.9,0.418,0.25,71.8,-2.8,5.0,0.0,69.1,3.9,15900,0,0,0,0,1,0,0,0
1009420,2022,Caleb Serong,MID,82.5,94.1,11.6,6,14,0,82.9,0.4,5.229,6.2,7.7,1.085,0.167,77.0,0.5,3.83,1.67,72.2,-1.7,-14400,0,0,0,0,1,0,0,0
1009420,2023,Caleb Serong,MID,113.4,110.0,-3.4,8,14,0,86.5,-26.8,3.369,-8.0,-0.2,-0.11,0.875,83.4,-0.9,7.0,-2.5,80.2,1.2,39900,0,0,1,0,1,0,0,0
1009420,2024,Caleb Serong,MID,129.2,108.5,-20.8,8,15,0,95.0,-34.2,-2.905,10.8,1.0,0.223,0.875,80.6,-0.1,8.5,3.0,77.8,-8.8,7400,0,0,0,0,1,0,0,0
1009420,2025,Caleb Serong,MID,105.1,105.9,0.8,8,15,0,100.5,-4.6,-1.869,-10.0,-6.2,1.028,0.75,81.6,0.4,8.75,0.25,83.0,4.5,-36200,0,0,1,0,1,0,0,0
1009421,2022,Finn Maginness,FWD,45.7,49.9,4.2,7,9,0,,,1.536,11.5,4.8,0.281,0.0,81.3,5.7,0.71,0.29,4.0,-2.5,42500,1,0,0,0,0,0,1,0
1009421,2025,Finn Maginness,FWD,60.2,33.1,-27.1,5,7,0,44.1,-16.1,3.8,6.1,4.1,-0.095,0.0,83.4,2.6,0.4,-0.4,,,25600,1,0,0,0,0,0,1,0
1009528,2021,Tom Green,MID,78.0,79.7,1.7,7,10,0,,,8.75,8.7,11.2,0.318,0.286,70.4,7.1,4.29,-0.79,44.3,-0.3,46900,0,1,1,0,1,0,0,0
1009528,2022,Tom Green,MID,116.9,84.9,-32.0,8,13,0,79.0,-37.9,-6.726,-7.2,-8.5,0.986,0.75,81.2,3.2,6.88,-0.38,66.4,2.6,-200,0,0,1,0,1,0,0,0
1009528,2023,Tom Green,MID,112.7,110.3,-2.4,7,12,0,89.0,-23.7,0.857,7.5,4.2,0.489,0.714,86.1,-0.6,6.43,-0.93,85.5,-7.0,15100,0,0,0,0,1,0,0,0
1009528,2024,Tom Green,MID,102.3,106.9,4.6,7,15,0,96.4,-5.9,-15.143,-12.0,-24.0,-0.683,0.571,74.1,-25.6,5.0,-1.0,74.0,-32.5,-96200,0,0,1,0,1,0,0,0
1009528,2025,Tom Green,MID,106.7,112.8,6.1,7,15,0,98.9,-7.8,-2.25,-4.7,-4.0,-0.262,0.714,81.3,-0.8,7.14,-0.64,79.7,5.3,-13200,0,1,1,0,1,0,0,0
1009551,2023,Maurice Rioli,FWD,29.6,33.2,3.6,5,5,0,42.1,12.5,-7.0,-5.6,-7.2,1.211,0.0,68.2,-13.7,0.4,-0.4,,,-66000,0,0,0,0,0,0,1,0
1009708,2021,Jack Buckley,DEF,67.2,56.1,-11.1,8,7,0,,,1.19,-6.7,-4.2,-0.45,0.0,84.5,6.5,0.25,-0.25,0.6,-0.6,33400,0,0,0,0,0,1,0,0
1009708,2023,Jack Buckley,DEF,88.6,73.5,-15.1,8,15,0,62.1,-26.6,0.988,3.3,3.6,-0.079,0.0,91.5,7.5,0.38,-0.38,,,59800,0,0,0,0,0,1,0,0
1009708,2024,Jack Buckley,DEF,86.6,75.6,-11.0,7,13,0,72.2,-14.4,-0.107,4.5,3.2,0.081,0.286,94.7,-0.2,0.0,0.0,,,-7900,0,0,0,0,0,1,0,0
1009708,2025,Jack Buckley,DEF,75.7,74.3,-1.4,7,11,0,74.7,-1.0,1.964,6.5,-1.3,0.704,0.143,92.6,4.4,0.43,-0.43,,,29300,0,1,1,0,0,1,0,0
1010174,2021,Mitch Georgiades,FWD,66.9,53.9,-12.9,7,14,0,,,-2.964,-5.2,-4.7,0.506,0.143,76.0,4.5,0.14,-0.14,,,2800,0,0,0,0,0,0,1,0
1010174,2022,Mitch Georgiades,FWD,59.8,56.7,-3.0,8,11,0,58.2,-1.5,0.476,-6.3,-0.2,-0.895,0.0,81.8,-9.2,0.12,-0.12,,,-1800,0,0,0,0,0,0,1,0
1010174,2024,Mitch Georgiades,FWD,64.4,72.6,8.2,5,12,0,58.2,-6.2,-13.3,-11.1,-13.2,0.467,0.0,80.2,2.3,0.0,0.0,,,56200,1,0,0,0,0,0,1,0
1010174,2025,Mitch Georgiades,FWD,74.4,72.2,-2.2,8,15,0,61.6,-12.7,-0.56,-10.8,-3.7,-0.297,0.25,88.1,1.9,0.0,0.0,,,-24900,0,0,1,0,0,0,1,0
1011437,2022,Harry Edwards,DEF,49.8,59.5,9.6,6,11,0,67.8,18.0,-0.829,-0.8,-3.5,-0.722,0.0,87.2,-4.7,0.33,0.17,6.2,6.2,-45000,0,0,0,0,0,1,0,0
1011437,2025,Harry Edwards,DEF,47.6,67.3,19.7,5,11,0,58.5,10.9,-3.2,-3.9,-3.3,-0.094,0.0,78.0,0.5,0.0,0.0,,,-34100,0,0,0,0,0,1,0,0
1011558,2025,Isaiah Dudley,FWD,47.0,45.0,-2.0,6,9,0,,,-1.429,-1.3,2.2,0.338,0.0,55.7,15.8,0.0,0.0,,,25600,1,0,0,0,0,0,1,0
1011583,2022,Lachie Jones,DEF,48.7,47.9,-0.8,6,7,0,55.0,6.3,-12.629,-16.7,-13.6,-0.539,0.0,65.7,-39.2,0.67,-0.67,,,-37800,0,0,0,0,0,1,0,0
1011583,2024,Lachie Jones,DEF,56.1,51.2,-4.9,8,10,0,53.1,-3.1,3.607,6.7,8.5,0.181,0.0,73.1,10.9,0.75,-0.25,,,5700,1,0,0,1,0,1,0,0
1011583,2025,Lachie Jones,DEF,60.6,54.3,-6.3,7,11,0,53.2,-7.4,-1.714,-14.0,-4.7,-0.32,0.0,73.6,3.9,0.57,-0.57,,,1500,0,0,0,1,0,1,0,0
1011640,2022,Jason Horne-Francis,MID,70.1,57.3,-12.8,8,9,0,,,-3.845,-1.7,-2.2,0.036,0.0,77.2,-4.8,4.75,0.25,55.9,-14.9,-1900,0,0,0,0,1,0,0,0
1011640,2023,Jason Horne-Francis,MID,85.4,73.2,-12.2,8,14,0,63.4,-22.0,-1.488,-4.7,2.2,0.066,0.25,76.5,-0.5,6.12,1.88,59.6,-1.1,-1900,0,0,0,0,1,0,0,0
1011640,2024,Jason Horne-Francis,MID,100.7,99.3,-1.4,6,15,0,71.4,-29.3,-7.2,-11.7,-6.2,0.855,0.333,75.8,6.7,6.17,0.83,50.6,-1.6,9600,0,0,0,0,1,0,0,0
1011640,2025,Jason Horne-Francis,MID,99.4,88.9,-10.5,8,7,0,81.3,-18.1,3.75,-9.5,-0.8,0.666,0.375,78.4,-4.9,5.62,0.88,64.8,-6.8,15600,0,0,1,0,1,0,0,0
1011659,2021,Tom Powell,MID,77.2,52.4,-24.9,8,5,0,,,4.333,7.0,2.0,-0.184,0.125,79.2,0.2,1.5,-0.5,25.6,5.9,103000,0,0,0,0,1,0,0,0
1011659,2023,Tom Powell,MID,56.9,54.9,-2.0,7,7,0,60.9,4.0,-5.929,-4.7,-9.8,-1.18,0.0,75.1,1.9,2.71,0.29,35.8,15.2,-21200,0,0,0,0,1,0,0,0
1011659,2024,Tom Powell,MID,85.1,77.5,-7.6,8,15,0,59.3,-25.8,-7.06,-11.5,-6.7,0.389,0.125,79.9,-3.9,5.25,-0.75,65.5,-18.0,-29400,0,0,1,0,1,0,0,0
1011659,2025,Tom Powell,MID,88.8,82.0,-6.8,8,15,0,66.4,-22.4,1.786,10.8,7.7,-0.147,0.375,76.2,-1.2,4.62,1.88,48.1,6.9,18500,0,1,1,0,1,0,0,0
1011755,2021,Harrison Jones,MID,45.0,52.0,7.0,8,8,0,,,4.238,6.5,6.1,-0.257,0.0,72.8,4.2,0.0,0.0,,,44200,1,0,0,0,1,0,0,0
1011755,2024,Harrison Jones,MID,58.1,56.3,-1.9,7,14,0,48.6,-9.5,-1.571,-12.5,-7.1,-0.281,0.0,75.1,-6.1,0.0,0.0,,,29300,0,0,0,0,1,0,0,0
1011803,2022,Cody Weightman,FWD,55.9,52.7,-3.2,8,12,0,64.1,8.2,1.821,-5.5,1.6,0.067,0.0,72.9,-0.9,0.25,-0.25,,,-17500,0,0,0,0,0,0,1,0
1011803,2024,Cody Weightman,FWD,65.3,73.3,8.0,7,9,0,60.2,-5.1,-9.464,-21.7,-13.0,0.21,0.143,71.1,-21.6,0.29,-0.29,2.3,-0.8,-69400,0,0,0,0,0,0,1,0
1011936,2021,Justin McInerney,MID,67.7,79.7,12.0,7,13,0,,,-3.179,-1.8,-3.4,0.709,0.0,75.0,-1.5,0.86,-0.36,0.0,0.0,-34200,0,0,0,0,1,0,0,0
1011936,2022,Justin McInerney,MID,80.5,68.2,-12.3,6,13,0,75.5,-5.0,-5.343,-11.2,-3.0,0.976,0.167,82.5,-2.5,2.83,-1.83,4.8,-2.3,-10800,0,0,0,1,1,0,0,0
1011936,2023,Justin McInerney,MID,63.4,77.7,14.3,7,11,0,73.8,10.4,0.214,0.2,4.3,0.583,0.0,74.3,-8.3,0.57,-0.57,0.5,1.0,-40700,0,0,0,0,1,0,0,0
1011936,2024,Justin McInerney,MID,82.0,83.3,1.3,7,9,0,73.3,-8.7,0.464,8.2,-0.2,-0.642,0.143,85.7,-6.7,1.43,-0.43,16.1,-2.1,19500,0,0,1,0,1,0,0,0
1011981,2024,Josh Worrell,DEF,90.9,75.6,-15.3,8,5,0,70.9,-20.0,2.631,16.7,3.4,0.008,0.375,86.1,1.4,0.25,0.25,,,63100,0,0,0,0,0,1,0,0
1011981,2025,Josh Worrell,DEF,82.5,94.0,11.5,8,15,0,77.0,-5.5,1.238,10.8,3.8,-0.313,0.25,87.1,-2.6,0.0,0.0,,,15400,0,0,0,0,0,1,0,0
1011985,2022,Hugo Ralphsmith,MID,59.6,61.1,1.5,5,8,0,42.2,-17.4,1.8,0.1,2.4,0.023,0.0,74.4,2.1,0.2,-0.2,,,69200,1,0,0,0,1,0,0,0
1011985,2023,Hugo Ralphsmith,MID,49.0,29.4,-19.6,5,8,0,55.4,6.4,-11.4,-16.0,-6.5,-0.197,0.0,66.2,-18.2,0.6,-0.1,,,-52400,0,0,0,0,1,0,0,0
1011994,2023,Ryan Byrnes,DEF,72.9,55.0,-17.9,8,12,0,52.9,-20.0,1.274,-0.5,4.4,-0.479,0.0,81.8,-3.2,1.38,0.12,0.9,-0.9,22600,0,0,0,0,0,1,0,0
1011994,2024,Ryan Byrnes,DEF,53.6,68.1,14.5,8,7,0,57.3,3.7,-6.25,-6.8,-11.9,-0.83,0.0,76.4,-16.9,0.75,-0.75,5.0,-5.0,-36000,0,0,0,0,0,1,0,0
1011994,2025,Ryan Byrnes,DEF,67.5,60.0,-7.5,8,9,0,58.1,-9.4,1.19,-5.5,0.2,0.327,0.0,82.6,-1.1,0.75,0.75,,,7300,0,0,0,0,0,1,0,0
1012013,2022,Nic Martin,MID,90.6,73.5,-17.1,7,14,0,,,0.107,9.7,-1.1,0.274,0.286,87.4,4.1,1.86,-0.86,0.0,0.0,135600,0,0,0,0,1,0,0,0
1012013,2023,Nic Martin,MID,79.6,92.7,13.1,8,15,1,79.2,-0.4,2.012,-1.0,-0.6,0.733,0.125,90.9,2.1,1.12,-1.12,0.0,0.0,6700,0,0,1,0,1,0,0,0
1012013,2024,Nic Martin,MID,110.6,102.1,-8.6,8,15,0,83.9,-26.7,5.583,-1.5,6.2,-0.879,0.75,95.4,1.6,1.62,0.38,0.0,0.0,29700,0,1,1,0,1,0,0,0
1012013,2025,Nic Martin,MID,93.9,100.8,6.9,7,9,0,91.1,-2.7,1.893,1.5,0.0,0.461,0.286,92.9,-7.4,1.0,-0.5,0.0,0.0,6100,0,0,1,0,1,0,0,0
1012014,2022,Chad Warner,MID,96.9,96.7,-0.1,7,14,0,68.8,-28.0,1.036,14.5,0.9,0.071,0.571,80.1,-1.1,2.86,0.14,48.7,6.8,66900,0,1,1,0,1,0,0,0
1012014,2023,Chad Warner,MID,94.0,104.4,10.4,8,12,0,86.6,-7.4,0.619,1.0,1.6,0.177,0.375,82.6,0.4,4.62,-1.62,63.8,1.8,-7200,0,0,1,0,1,0,0,0
1012014,2024,Chad Warner,MID,101.7,103.9,2.2,7,14,0,91.8,-10.0,-0.036,7.5,0.3,0.278,0.571,81.3,0.2,4.29,2.21,58.4,0.6,-8100,0,0,1,0,1,0,0,0
1012014,2025,Chad Warner,MID,95.3,90.9,-4.4,7,15,0,95.0,-0.3,7.179,12.5,14.7,0.178,0.429,82.1,2.4,4.86,1.64,62.9,10.6,-11200,0,1,1,0,1,0,0,0
1012210,2024,Matt Roberts,DEF,84.0,79.2,-4.8,7,12,0,27.9,-56.1,-2.357,-4.2,-7.2,-0.056,0.143,79.1,-8.1,0.71,-0.21,,,80100,0,0,0,0,0,1,0,0
1012210,2025,Matt Roberts,DEF,97.7,75.4,-22.3,7,10,0,66.7,-31.1,0.25,7.8,-1.6,0.07,0.429,87.4,-1.4,1.43,-0.93,,,30400,0,1,1,0,0,1,0,0
1012218,2023,Luke Pedlar,FWD,59.9,53.8,-6.1,7,14,0,,,-2.036,-0.3,-3.8,-0.038,0.0,77.0,4.0,0.43,-0.43,3.2,6.3,40900,1,0,0,0,0,0,1,0
1012386,2023,Samson Ryan,RUC,65.1,43.3,-21.9,7,7,0,,,7.929,21.7,10.2,-0.019,0.143,71.9,13.6,1.0,-0.5,39.7,29.8,130000,0,0,0,0,0,0,0,1
1012805,2022,Tanner Bruhn,MID,66.2,52.2,-14.0,5,11,0,48.4,-17.8,-8.6,-9.9,-7.7,-0.169,0.0,71.0,-5.0,4.0,-0.5,37.0,1.5,40900,0,0,0,0,1,0,0,0
1012805,2023,Tanner Bruhn,MID,52.4,74.6,22.2,5,14,0,53.2,0.8,-0.4,0.3,-0.6,-0.272,0.0,61.8,0.7,2.8,0.7,45.8,11.2,-22700,0,0,0,0,1,0,0,0
1012805,2024,Tanner Bruhn,MID,74.6,71.8,-2.8,7,8,0,59.7,-14.9,-3.321,0.7,-7.6,-0.506,0.143,60.3,-8.8,6.0,-1.0,56.0,-13.5,4800,0,0,0,0,1,0,0,0
1012807,2021,Sam Berry,MID,50.9,42.6,-8.3,7,10,0,,,-4.321,-9.8,-3.2,-0.151,0.0,73.0,3.5,1.43,-0.93,27.7,-8.7,5000,1,0,0,0,1,0,0,0
1012807,2024,Sam Berry,MID,50.4,68.7,18.3,5,13,0,65.4,15.0,-9.4,-10.4,-9.5,0.478,0.0,40.0,-14.0,2.2,-0.2,20.0,-2.5,8600,1,0,0,0,1,0,0,0
1012819,2024,Josh Treacy,FWD,83.2,84.9,1.7,8,12,0,50.2,-33.1,5.024,2.5,4.3,1.025,0.25,85.5,5.0,0.5,-0.5,13.9,4.6,86600,0,0,0,1,0,0,1,0
1012819,2025,Josh Treacy,FWD,83.5,75.3,-8.2,8,15,0,62.3,-21.2,-3.452,-30.3,-11.0,-0.444,0.625,90.2,-1.8,0.0,0.0,0.6,-0.6,-70700,0,0,0,0,0,0,1,0
1012825,2022,Jake Bowey,DEF,81.1,58.4,-22.7,8,9,0,,,-4.917,-0.7,-7.4,0.936,0.25,77.8,-0.8,1.88,0.62,,,18100,0,0,0,0,0,1,0,0
1012825,2023,Jake Bowey,DEF,73.4,67.4,-6.0,8,13,0,67.6,-5.8,2.369,11.2,7.7,0.275,0.0,79.1,1.9,1.0,-0.5,,,15500,0,0,0,0,0,1,0,0
1012825,2025,Jake Bowey,DEF,98.6,89.1,-9.5,8,15,0,67.4,-31.2,-0.369,5.3,-4.9,0.074,0.375,80.9,0.6,1.75,1.25,,,60700,0,0,0,0,0,1,0,0
1012857,2022,Jack Ginnivan,FWD,71.9,49.8,-22.0,7,13,0,40.8,-31.1,-2.679,-0.8,-4.3,0.578,0.143,76.3,4.7,0.57,-0.57,,,51200,0,0,0,0,0,0,1,0
1012857,2024,Jack Ginnivan,FWD,64.6,76.2,11.6,8,13,0,53.7,-10.9,-1.488,4.5,-0.1,0.071,0.0,80.1,-0.6,0.75,-0.25,0.0,0.0,18400,0,0,0,1,0,0,1,0
1012857,2025,Jack Ginnivan,FWD,66.8,85.1,18.2,6,15,1,60.4,-6.4,10.029,17.2,11.1,0.496,0.167,78.7,5.3,0.83,-0.33,0.8,1.2,5300,0,1,1,0,0,0,1,0
1012860,2022,Oliver Henry,FWD,49.8,48.6,-1.2,5,8,0,40.4,-9.4,1.8,1.2,3.0,-0.497,0.0,71.4,-0.4,0.2,0.3,,,19600,1,0,0,0,0,0,1,0
1012860,2023,Oliver Henry,FWD,64.1,56.9,-7.2,8,14,0,45.3,-18.8,0.226,6.7,-2.5,0.14,0.0,77.2,7.2,0.5,0.0,0.0,0.0,52000,0,0,0,0,0,0,1,0
1012860,2024,Oliver Henry,FWD,62.4,45.6,-16.8,8,13,0,52.3,-10.1,-0.964,-4.3,0.2,0.197,0.0,89.5,-7.5,0.12,0.38,,,-32200,0,0,0,0,0,0,1,0
1012860,2025,Oliver Henry,FWD,40.8,43.7,3.0,8,7,0,52.2,11.4,-2.381,-13.2,0.3,-0.422,0.0,73.8,-19.2,0.25,-0.25,,,-61000,0,0,0,0,0,0,1,0
1012881,2025,Ollie Lord,FWD,60.4,34.1,-26.3,5,10,0,44.4,-16.0,-4.3,-4.7,-6.4,0.284,0.0,84.2,1.3,0.0,0.0,2.2,-2.2,49800,1,0,0,0,0,0,1,0
1013128,2021,Errol Gulden,MID,78.2,74.7,-3.6,8,9,0,,,-13.524,-10.8,-12.0,0.856,0.25,82.6,-8.1,1.0,-0.5,0.0,0.0,-32700,0,0,1,0,1,0,0,0
1013128,2022,Errol Gulden,MID,82.5,87.6,5.1,8,14,0,76.4,-6.1,-3.81,2.5,-3.2,0.126,0.125,83.4,2.1,2.0,1.0,12.5,-5.5,-10500,0,0,0,0,1,0,0,0
1013128,2023,Errol Gulden,MID,102.4,116.1,13.7,8,15,0,81.6,-20.7,2.607,7.8,13.4,-0.084,0.625,85.4,0.6,3.75,2.75,34.0,-10.0,700,0,0,1,0,1,0,0,0
1013128,2024,Errol Gulden,MID,109.6,109.3,-0.2,7,15,0,92.6,-16.9,-3.107,-7.3,-3.3,0.183,0.571,91.4,-0.4,3.86,-1.36,33.9,-4.4,-31400,0,0,0,0,1,0,0,0
1013133,2023,Braeden Campbell,FWD,71.2,68.0,-3.2,8,14,0,53.6,-17.6,-3.833,-10.2,-7.7,0.546,0.125,84.8,-3.8,0.75,-0.75,,,5800,0,0,0,0,0,0,1,0
1013133,2024,Braeden Campbell,FWD,43.2,53.0,9.8,6,13,0,61.8,18.6,-10.771,-21.8,-10.2,-0.133,0.0,56.3,-46.8,0.5,-0.5,2.2,3.3,-92200,0,0,0,0,0,0,1,0
1013133,2025,Braeden Campbell,FWD,69.1,55.7,-13.5,7,15,0,58.1,-11.1,-1.821,1.5,-3.8,0.362,0.0,80.6,-0.1,0.71,-0.21,6.6,-4.6,21700,0,0,0,0,0,0,1,0
1013197,2025,Sam Banks,DEF,65.1,88.4,23.3,7,15,1,49.0,-16.1,2.214,8.5,1.3,-0.971,0.0,72.0,5.0,1.14,-0.64,,,55400,0,0,0,1,0,1,0,0
1013224,2022,Heath Chapman,DEF,89.2,67.0,-22.2,6,9,0,56.2,-33.0,7.457,10.2,9.7,-0.005,0.5,83.3,2.7,0.33,-0.33,,,103800,0,0,0,0,0,1,0,0
1013224,2025,Heath Chapman,DEF,53.6,65.9,12.4,7,15,0,70.0,16.4,1.821,-8.0,-0.8,-0.386,0.0,74.9,2.1,0.14,-0.14,,,-17400,0,0,1,0,0,1,0,0
1013230,2022,Logan McDonald,FWD,49.6,54.4,4.8,5,10,0,53.0,3.4,15.2,23.4,12.6,0.162,0.0,66.4,-4.4,0.0,0.0,0.0,0.0,14900,0,0,0,0,0,0,1,0
1013230,2023,Logan McDonald,FWD,59.0,59.0,0.0,8,11,0,52.9,-6.1,-5.095,-9.7,-5.9,-0.417,0.0,80.5,4.5,0.12,-0.12,,,-47800,0,0,0,0,0,0,1,0
1013230,2024,Logan McDonald,FWD,69.4,61.8,-7.6,7,15,0,55.7,-13.7,-8.071,-4.3,-11.9,1.064,0.143,84.9,3.1,0.0,0.0,0.0,0.0,-18900,0,0,0,0,0,0,1,0
1013233,2024,Jack Carroll,MID,47.7,34.2,-13.4,6,8,0,40.7,-7.0,-10.914,-20.7,-10.1,0.051,0.0,59.7,-11.2,1.5,-1.5,28.4,-21.4,-21400,0,0,0,1,1,0,0,0
1013257,2024,Sam Clohesy,MID,83.0,65.3,-17.7,5,15,0,,,-18.9,-22.0,-15.9,0.113,0.4,84.6,-1.6,1.2,0.3,,,189000,1,0,0,0,1,0,0,0
1013268,2022,Alex Davies,MID,44.4,51.7,7.3,8,7,0,,,-5.964,5.2,-4.8,0.979,0.0,64.0,-4.0,1.5,-1.0,26.0,4.0,-14000,0,0,0,0,1,0,0,0
1013409,2021,James Jordon,MID,70.9,67.2,-3.6,8,13,0,,,2.917,18.2,5.4,-1.297,0.0,66.2,5.2,1.62,1.38,34.6,6.4,108300,0,0,1,0,1,0,0,0
1013409,2022,James Jordon,MID,75.1,74.4,-0.7,8,14,0,68.6,-6.5,-1.25,-3.8,-2.6,-0.079,0.0,76.6,4.9,1.38,-0.38,0.5,-0.5,-3800,0,0,0,0,1,0,0,0
1013409,2023,James Jordon,MID,57.3,44.9,-12.4,6,11,0,71.7,14.4,3.029,13.7,0.9,-0.554,0.0,58.8,16.2,0.67,0.83,18.3,0.7,-29500,0,0,0,0,1,0,0,0
1013409,2024,James Jordon,MID,75.7,63.3,-12.4,7,15,0,65.4,-10.3,-1.429,4.3,-1.7,-0.375,0.0,80.6,3.4,1.86,-0.86,7.1,-7.1,27000,0,0,0,0,1,0,0,0
1013409,2025,James Jordon,MID,66.3,61.1,-5.2,7,15,0,65.9,-0.4,0.5,2.8,3.0,-0.147,0.0,83.9,-0.9,2.86,-2.86,54.1,-21.6,-11200,0,0,0,0,1,0,0,0
1013462,2024,Jase Burgoyne,DEF,66.4,87.2,20.8,7,13,1,51.8,-14.6,7.321,16.7,1.0,0.283,0.143,68.6,19.9,2.14,1.36,,,145300,0,1,1,0,0,1,0,0
1013462,2025,Jase Burgoyne,DEF,78.9,71.1,-7.8,8,12,0,69.4,-9.5,-2.464,-2.3,-0.0,0.524,0.25,93.2,-2.2,1.62,0.88,,,-49200,0,0,1,0,0,1,0,0
1013464,2025,Lawson Humphries,DEF,83.0,68.1,-14.9,8,14,0,77.7,-5.3,-3.19,-5.8,-6.4,-0.929,0.0,88.9,3.1,0.62,-0.12,0.0,0.0,-15800,0,0,0,0,0,1,0,0
1013511,2023,Tyler Brockman,FWD,53.2,55.6,2.4,6,9,0,41.7,-11.4,-6.314,-8.2,-9.4,0.338,0.0,66.6,2.9,0.2,-0.2,,,52200,1,0,0,1,0,0,1,0
1013511,2025,Tyler Brockman,FWD,47.6,54.7,7.1,5,15,0,47.2,-0.4,3.7,1.4,4.7,1.043,0.0,78.6,-0.6,2.2,1.3,13.0,2.5,2200,1,0,0,0,0,0,1,0
1013973,2022,Matthew Owies,FWD,53.9,59.6,5.7,8,9,0,54.5,0.7,-0.655,-6.0,-2.5,0.551,0.0,76.6,1.4,0.25,-0.25,,,-22800,0,0,0,0,0,0,1,0
1013973,2024,Matthew Owies,FWD,47.7,57.3,9.6,7,15,0,55.3,7.6,-1.143,-3.5,3.0,-0.51,0.0,67.0,-5.0,0.0,0.0,,,-40900,0,0,0,0,0,0,1,0
1013973,2025,Matthew Owies,FWD,44.9,41.0,-3.9,8,8,0,55.0,10.1,-2.56,-2.0,-2.6,0.163,0.0,79.9,-1.9,0.38,0.62,,,-25300,0,0,0,0,0,0,1,0
1013974,2024,Mark Keane,DEF,79.9,76.9,-2.9,7,14,0,60.3,-19.5,-3.393,-10.2,-1.9,1.424,0.143,93.7,-2.2,0.0,0.0,,,3900,0,0,0,0,0,1,0,0
1013974,2025,Mark Keane,DEF,61.0,86.3,25.3,8,15,1,72.6,11.6,1.071,-0.8,-3.6,0.71,0.125,93.0,3.0,0.25,-0.25,,,20600,0,0,0,0,0,1,0,0
1014026,2024,Kai Lohmann,FWD,58.6,78.5,20.0,7,15,0,32.0,-26.6,9.75,3.2,12.0,-0.216,0.0,67.6,22.4,0.29,-0.29,,,93600,1,0,0,0,0,0,1,0
1014038,2024,Callum Brown,FWD,54.1,31.4,-22.7,7,5,0,57.2,3.0,-0.107,4.2,-3.3,-0.323,0.0,83.3,-0.8,0.43,0.57,0.0,0.0,-2800,0,0,0,0,0,0,1,0
1014038,2025,Callum Brown,FWD,63.6,69.6,6.0,5,15,0,52.9,-10.7,-3.1,0.1,-3.3,-0.221,0.0,68.6,-14.1,2.2,0.3,0.0,0.0,26200,1,0,0,0,0,0,1,0
1015370,2023,Max Michalanney,DEF,65.0,51.1,-13.9,8,14,0,,,-1.31,-13.3,-1.8,1.114,0.125,77.1,-9.1,0.25,-0.25,,,9700,0,0,0,0,0,1,0,0
1015370,2024,Max Michalanney,DEF,66.8,65.5,-1.2,8,15,0,56.1,-10.6,1.048,2.7,6.6,0.22,0.0,86.0,-2.0,0.0,0.0,0.0,0.0,-6200,0,0,0,0,0,1,0,0
1015370,2025,Max Michalanney,DEF,68.5,56.2,-12.3,8,11,0,61.2,-7.3,3.071,16.0,9.6,-0.149,0.125,91.2,-0.2,0.0,0.0,0.0,0.0,20000,0,1,1,0,0,1,0,0
1015507,2022,Nasiah Wanganeen-Milera,DEF,50.1,58.9,8.7,7,9,0,,,0.75,3.7,-1.3,1.411,0.0,69.6,-3.1,0.86,-0.86,0.0,0.0,42600,1,0,0,1,0,1,0,0
1015507,2023,Nasiah Wanganeen-Milera,DEF,72.6,91.8,19.2,8,15,1,55.1,-17.6,4.107,5.2,7.9,0.305,0.0,80.9,-6.4,0.0,0.0,,,35600,0,1,1,0,0,1,0,0
1015507,2024,Nasiah Wanganeen-Milera,DEF,98.1,102.5,4.4,8,14,0,72.8,-25.3,-2.131,-5.3,2.4,-0.275,0.5,82.1,-1.6,1.25,0.25,0.0,0.0,-35000,0,1,1,0,0,1,0,0
1015507,2025,Nasiah Wanganeen-Milera,DEF,110.2,117.5,7.3,8,15,0,82.9,-27.3,-0.31,-9.8,-2.9,0.496,0.625,82.4,-1.4,1.38,1.62,11.1,-9.1,-4000,0,1,1,0,0,1,0,0
1015781,2024,Charlie Comben,DEF,74.4,76.8,2.4,5,14,0,42.4,-32.0,-16.8,-18.4,-15.8,1.235,0.2,93.8,2.7,0.2,-0.2,1.4,-1.4,70700,1,0,0,0,0,1,0,0
1015781,2025,Charlie Comben,DEF,62.2,60.2,-2.0,8,12,0,65.3,3.1,0.429,0.5,0.8,-0.21,0.125,92.5,5.0,0.12,-0.12,,,-31300,0,0,0,1,0,1,0,0
1015810,2022,Sam Durham,MID,62.3,65.1,2.8,6,14,0,60.8,-1.5,3.6,3.7,2.6,0.817,0.0,76.7,1.3,1.0,0.0,,,26900,0,0,0,0,1,0,0,0
1015810,2023,Sam Durham,MID,68.3,63.8,-4.5,7,15,0,63.5,-4.8,-8.0,-5.0,-6.6,0.162,0.143,79.6,1.4,1.14,-1.14,,,-45400,0,0,0,0,1,0,0,0
1015810,2024,Sam Durham,MID,83.0,92.5,9.5,7,15,0,64.3,-18.7,2.036,7.3,2.0,-1.448,0.143,71.6,6.4,4.14,0.86,54.0,11.0,52800,0,0,0,1,1,0,0,0
1015810,2025,Sam Durham,MID,97.7,87.6,-10.1,7,12,0,72.2,-25.5,3.643,1.7,5.9,-0.041,0.571,81.0,-4.0,5.29,0.21,67.7,-5.2,11800,0,0,0,0,1,0,0,0
1015827,2021,Nik Cox,MID,57.0,56.6,-0.4,8,12,0,,,-0.619,-12.8,-3.2,0.85,0.0,81.5,3.5,0.88,0.62,5.1,-5.1,-10800,0,0,0,0,1,0,0,0
1015827,2024,Nik Cox,MID,56.4,45.3,-11.0,8,12,0,52.9,-3.5,1.917,4.7,1.8,-0.304,0.0,82.4,-2.4,1.12,1.38,0.0,0.0,34500,1,0,0,0,1,0,0,0
1015873,2021,Archie Perkins,FWD,56.0,47.4,-8.6,6,13,0,,,5.6,8.7,3.9,1.313,0.0,71.2,0.8,0.67,0.83,15.5,3.0,74700,1,0,0,0,0,0,1,0
1015873,2022,Archie Perkins,FWD,59.0,55.6,-3.4,8,10,0,50.1,-8.9,-1.238,13.3,1.7,-0.765,0.0,79.5,-5.5,0.75,0.25,5.2,-2.2,15300,1,0,0,0,0,0,1,0
1015873,2023,Archie Perkins,FWD,68.5,64.7,-3.8,8,15,0,53.5,-15.0,-3.286,0.8,-4.4,1.089,0.125,80.9,-4.9,0.25,0.25,3.0,4.0,10000,0,0,0,0,0,0,1,0
1015873,2024,Archie Perkins,FWD,86.4,56.2,-30.2,5,13,0,58.3,-28.1,-7.6,-8.1,-8.4,0.922,0.2,68.4,-11.9,4.4,-1.9,49.0,-12.0,31700,0,0,0,0,0,0,1,0
1015873,2025,Archie Perkins,FWD,66.7,49.0,-17.7,6,14,0,59.8,-6.9,2.343,7.0,2.5,-0.498,0.0,81.5,1.5,1.5,-0.5,23.8,2.7,700,0,0,0,0,0,0,1,0
1015889,2022,Max Holmes,MID,54.0,74.4,20.4,7,9,0,61.4,7.4,-4.464,-8.8,-11.1,-0.318,0.0,67.1,-21.6,1.71,-0.21,18.7,11.3,-21700,0,0,0,0,1,0,0,0
1015889,2023,Max Holmes,MID,94.9,70.5,-24.3,8,13,0,64.3,-30.6,3.107,4.2,3.4,-0.753,0.5,74.1,2.9,3.5,0.5,36.4,-1.9,61400,0,0,0,0,1,0,0,0
1015889,2024,Max Holmes,MID,99.4,98.9,-0.4,8,15,0,71.7,-27.7,1.298,8.7,3.6,-0.022,0.375,82.8,2.8,2.0,-1.0,7.0,-7.0,36800,0,0,0,0,1,0,0,0
1015889,2025,Max Holmes,MID,100.8,116.3,15.5,8,15,0,81.1,-19.7,-4.619,-17.0,-5.9,0.442,0.375,80.4,2.6,3.38,-1.88,70.0,-15.5,-45600,0,0,1,0,1,0,0,0
1015929,2025,Luke Cleary,DEF,55.0,58.9,3.9,5,11,0,55.2,0.2,7.7,8.0,8.0,-1.031,0.0,81.0,0.5,0.0,0.0,,,78600,1,0,0,1,0,1,0,0
1016433,2025,Shannon Neale,FWD,49.0,78.9,29.9,8,14,0,53.3,4.3,-4.214,-1.5,-5.8,-0.545,0.0,83.5,-1.0,0.12,-0.12,11.6,3.4,-24400,0,0,0,1,0,0,1,0
1016825,2023,Matthew Johnson,MID,38.6,59.9,21.3,5,13,0,,,7.9,13.1,6.2,0.221,0.0,54.8,20.7,1.6,0.9,23.0,9.5,61600,1,0,0,0,1,0,0,0
1016825,2024,Matthew Johnson,MID,59.2,66.4,7.1,8,11,0,54.0,-5.2,4.952,16.3,13.7,0.268,0.125,68.4,-1.4,1.25,1.25,17.0,6.5,16900,0,0,0,0,1,0,0,0
1016825,2025,Matthew Johnson,MID,73.6,72.1,-1.5,8,10,0,58.8,-14.8,0.202,2.7,-0.1,0.128,0.0,77.0,2.0,2.38,-0.38,35.2,-1.8,20300,0,0,0,0,1,0,0,0
1017043,2023,Judson Clarke,FWD,54.5,33.7,-20.8,6,7,0,,,-6.2,-13.2,-3.3,-1.058,0.0,63.8,-12.8,1.0,-1.0,,,8800,1,0,0,0,0,0,1,0
1017051,2022,Josh Rachele,FWD,61.0,38.0,-23.0,8,5,0,,,-7.929,-11.7,-10.0,1.018,0.25,84.2,-1.8,1.38,0.12,9.1,1.4,-21400,0,0,0,0,0,0,1,0
1017051,2023,Josh Rachele,FWD,79.2,70.7,-8.6,8,13,0,52.2,-27.1,-7.238,-12.3,-15.3,-0.618,0.125,79.8,-4.8,1.5,-0.5,37.2,-24.2,7000,0,0,1,0,0,0,1,0
1017051,2024,Josh Rachele,FWD,63.0,64.3,1.3,8,14,0,65.6,2.6,1.286,9.0,3.4,-0.101,0.0,81.5,3.0,1.38,0.12,6.6,-0.6,4000,0,0,0,0,0,0,1,0
1017051,2025,Josh Rachele,FWD,76.0,63.5,-12.5,5,8,0,64.9,-11.1,-4.3,-14.3,-1.2,-0.633,0.4,66.8,13.2,1.6,0.4,9.0,6.5,-13100,0,0,0,1,0,0,1,0
1017057,2024,Campbell Chesser,MID,41.6,46.6,5.0,8,10,0,35.7,-5.9,2.75,-0.8,2.3,0.486,0.0,68.4,4.6,1.0,-0.5,0.5,-0.5,34300,1,0,0,0,1,0,0,0
1017059,2022,Josh Gibcus,DEF,66.0,45.5,-20.5,7,10,0,,,4.714,14.7,2.6,0.954,0.143,86.4,6.1,0.14,0.36,,,108700,0,0,0,0,0,1,0,0
1017067,2023,Darcy Wilmot,DEF,57.2,78.5,21.2,8,15,0,,,-1.238,-5.8,-1.3,-0.302,0.0,70.9,2.1,0.62,-0.12,,,21000,1,0,0,0,0,1,0,0
1017067,2024,Darcy Wilmot,DEF,81.4,84.7,3.3,7,15,0,71.1,-10.3,1.214,1.0,3.4,0.144,0.0,81.1,1.4,1.71,-0.71,,,6400,0,0,0,0,0,1,0,0
1017067,2025,Darcy Wilmot,DEF,85.0,87.1,2.1,8,15,0,77.2,-7.8,-2.667,5.8,-3.4,-0.217,0.375,80.2,-2.2,1.38,0.62,,,-6800,0,0,0,0,0,1,0,0
1017078,2025,Josh Sinn,DEF,52.3,48.0,-4.3,7,13,0,37.8,-14.5,-9.393,-20.5,-11.8,-0.211,0.0,64.4,-22.4,0.14,-0.14,,,-48800,0,0,0,0,0,1,0,0
1017086,2024,Tom Brown,DEF,62.3,52.9,-9.4,6,12,0,,,-1.029,-10.3,1.1,-0.037,0.0,76.7,-2.2,0.33,-0.33,,,50500,1,0,0,0,0,1,0,0
1017086,2025,Tom Brown,DEF,66.9,62.5,-4.3,8,15,0,56.7,-10.1,-4.869,-20.0,-3.9,-0.761,0.125,75.1,-16.6,0.25,-0.25,,,-48400,0,0,0,0,0,1,0,0
1017087,2024,Harvey Gallagher,DEF,45.4,46.6,1.3,8,11,0,,,-2.821,-5.5,-1.8,0.962,0.0,73.9,0.1,1.38,0.12,8.8,3.2,-17300,0,0,0,0,0,1,0,0
1017094,2022,Connor Macdonald,FWD,44.8,55.0,10.2,8,11,0,,,-0.81,0.2,0.2,-0.91,0.0,73.5,-8.5,0.5,-0.5,1.9,1.1,19200,1,0,0,0,0,0,1,0
1017094,2023,Connor Macdonald,FWD,59.6,72.6,13.0,7,14,0,50.7,-8.9,-1.536,-4.5,-2.7,1.126,0.0,76.1,-1.1,0.29,0.21,1.6,-1.6,-800,0,0,0,0,0,0,1,0
1017094,2024,Connor Macdonald,FWD,64.8,79.5,14.7,8,15,0,59.9,-4.9,4.405,13.8,6.2,0.751,0.125,80.8,0.2,0.88,-0.38,1.1,-1.1,44000,0,0,0,0,0,0,1,0
1017094,2025,Connor Macdonald,FWD,67.0,72.7,5.7,5,15,0,65.2,-1.8,-2.4,6.7,-6.6,-0.777,0.2,71.0,11.5,0.2,-0.2,0.0,0.0,-20900,0,0,0,1,0,0,1,0
1017109,2023,Jake Soligo,MID,76.2,71.2,-5.1,8,13,0,63.2,-13.1,3.405,23.2,5.9,-1.02,0.125,75.4,2.1,2.62,0.38,29.2,9.8,60600,0,0,0,0,1,0,0,0
1017109,2024,Jake Soligo,MID,88.4,80.3,-8.0,8,15,0,68.8,-19.6,12.893,8.3,18.0,-0.301,0.25,74.2,3.8,4.25,-0.25,60.4,15.1,80600,0,0,1,0,1,0,0,0
1017109,2025,Jake Soligo,MID,93.5,88.7,-4.8,8,15,0,74.3,-19.2,-7.0,-11.3,-8.2,-0.103,0.5,78.0,-5.5,5.0,-1.0,63.6,-6.1,-60100,0,0,1,0,1,0,0,0
1017110,2022,Josh Ward,MID,49.7,77.9,28.1,7,7,0,,,1.714,2.7,1.9,0.088,0.0,73.7,5.3,2.71,-0.71,49.2,4.3,37500,1,0,0,1,1,0,0,0
1017110,2023,Josh Ward,MID,76.3,70.3,-6.0,7,9,0,63.8,-12.5,-4.857,-7.7,-7.4,0.635,0.143,76.7,-5.2,2.83,-0.83,32.4,-7.4,-1700,0,0,1,0,1,0,0,0
1017110,2025,Josh Ward,MID,80.9,84.5,3.6,7,15,0,64.7,-16.2,-1.821,-0.3,0.5,-0.703,0.143,73.6,0.9,3.86,1.64,37.6,29.9,15100,0,0,1,0,1,0,0,0
1017122,2024,Blake Howes,DEF,57.3,54.6,-2.7,7,8,0,,,0.929,9.5,-0.1,-0.123,0.0,75.0,5.5,0.43,0.07,,,56700,1,0,0,0,0,1,0,0
1017124,2025,Ned Long,MID,83.9,77.9,-6.0,7,15,0,41.9,-41.9,2.607,13.3,0.9,-0.881,0.286,67.1,1.4,3.43,-0.93,55.3,3.2,109900,0,0,0,0,1,0,0,0
1017126,2024,Sam Darcy,FWD,73.6,82.3,8.7,7,13,0,37.3,-36.2,-5.25,-5.7,-8.3,0.173,0.143,70.1,0.4,0.86,-0.86,14.9,-0.4,62600,0,0,0,0,0,0,1,0
1017126,2025,Sam Darcy,FWD,93.7,96.7,3.1,6,11,0,69.6,-24.1,-10.686,-12.3,-17.5,-0.777,0.5,73.2,-21.2,2.17,0.83,15.4,-5.4,41500,0,0,0,0,0,0,1,0
1017396,2024,Mac Andrew,DEF,85.0,69.9,-15.1,5,15,0,53.1,-31.9,-10.7,-7.7,-10.3,-0.444,0.4,84.6,-3.1,0.2,0.3,3.2,4.8,88400,0,0,0,0,0,1,0,0
1017396,2025,Mac Andrew,DEF,69.7,70.0,0.3,6,15,0,63.1,-6.5,9.771,14.7,13.5,0.211,0.167,92.0,5.5,0.0,0.0,0.0,0.0,10000,0,0,0,1,0,1,0,0
1017665,2024,Bodhi Uwland,DEF,52.6,81.9,29.3,5,15,0,,,-6.8,-5.3,-8.0,-0.614,0.0,80.8,-2.3,0.0,0.0,,,66800,1,0,0,0,0,1,0,0
1017665,2025,Bodhi Uwland,DEF,67.1,77.8,10.7,7,15,0,68.8,1.7,3.5,9.2,6.5,-0.577,0.0,87.7,2.8,0.29,0.21,,,-4700,0,0,0,0,0,1,0,0
1017700,2023,Jesse Motlop,FWD,50.9,56.9,6.1,7,11,0,44.1,-6.8,-0.607,-9.5,-0.8,0.325,0.0,75.1,-5.6,0.0,0.0,,,-5900,0,0,0,0,0,0,1,0
1017700,2025,Jesse Motlop,FWD,52.6,50.2,-2.4,8,15,0,48.5,-4.1,-3.774,-6.0,-8.3,0.045,0.0,77.1,-4.1,1.12,-0.62,15.2,-1.2,11100,1,0,0,0,0,0,1,0
1017703,2023,Judd McVee,DEF,56.2,58.1,1.8,8,15,0,,,1.357,-8.2,0.3,-0.643,0.0,77.8,-0.8,0.12,-0.12,,,34500,1,0,0,0,0,1,0,0
1017703,2024,Judd McVee,DEF,73.9,67.7,-6.1,7,15,0,57.4,-16.4,0.179,-8.7,1.6,0.81,0.143,81.4,1.6,0.14,0.36,0.0,0.0,2600,0,0,0,0,0,1,0,0
1017720,2023,Jacob van Rooyen,FWD,59.2,67.8,8.7,6,13,0,,,-6.771,-5.5,-8.1,0.367,0.0,75.3,3.2,0.5,-0.5,6.7,-6.7,68600,1,0,0,0,0,0,1,0
1017720,2024,Jacob van Rooyen,FWD,53.6,67.8,14.2,7,13,0,65.1,11.5,-4.714,-14.2,-6.7,0.249,0.0,74.6,0.9,0.86,-0.36,13.7,2.8,-51700,0,0,0,0,0,0,1,0
1017720,2025,Jacob van Rooyen,FWD,52.4,66.5,14.1,5,11,0,63.9,11.5,0.3,-1.4,0.3,0.374,0.0,77.4,-1.4,1.0,1.5,13.0,1.5,-39400,0,0,0,0,0,0,1,0
1017939,2024,Ryley Sanders,MID,60.3,64.9,4.5,6,8,0,,,-8.4,-12.7,-10.5,-0.211,0.0,55.5,-22.5,2.33,-2.33,28.6,-18.1,58300,1,0,0,0,1,0,0,0
1017939,2025,Ryley Sanders,MID,75.4,67.4,-8.0,8,13,0,62.9,-12.4,0.25,-3.2,-4.7,0.913,0.125,79.4,1.1,2.0,0.5,13.0,-11.5,30700,0,0,0,0,1,0,0,0
1017959,2025,Lance Collard,FWD,39.1,19.4,-19.7,7,5,0,,,-4.393,-10.2,-2.3,0.799,0.0,64.1,5.9,0.29,0.21,,,-23500,0,0,0,0,0,0,1,0
1018018,2024,Cooper Sharman,FWD,47.3,62.1,14.8,7,11,0,52.2,4.9,-3.679,-11.3,-5.1,-0.049,0.0,69.3,-8.3,1.0,-1.0,0.0,0.0,-37900,0,0,0,0,0,0,1,0
1018018,2025,Cooper Sharman,FWD,78.0,66.9,-11.1,6,15,0,53.8,-24.2,1.314,-8.7,8.4,0.072,0.333,85.3,-4.3,0.17,-0.17,,,6200,0,0,0,0,0,0,1,0
1018335,2024,Brayden Cook,MID,54.2,46.8,-7.4,5,10,0,43.5,-10.7,4.1,4.8,1.1,1.334,0.2,69.2,3.8,0.4,-0.4,,,34400,1,0,0,0,1,0,0,0
1018424,2025,Corey Warner,MID,51.6,44.7,-6.9,7,6,0,27.3,-24.2,-2.179,-3.8,-0.4,-0.717,0.0,79.4,-7.4,0.71,-0.21,,,100,1,0,0,0,1,0,0,0
1018433,2023,Tylar Young,DEF,48.8,53.3,4.5,6,13,0,,,1.171,-0.2,2.1,-0.609,0.0,91.3,5.2,0.17,-0.17,,,75100,1,0,0,0,0,1,0,0
1019038,2024,Aaron Cadman,FWD,64.9,37.9,-26.9,7,13,0,22.8,-42.0,-3.036,-4.3,-1.5,0.848,0.0,73.1,-2.6,0.71,-0.71,6.4,-0.4,22900,1,0,0,0,0,0,1,0
1019038,2025,Aaron Cadman,FWD,57.4,73.7,16.3,7,15,0,38.2,-19.3,1.607,1.7,4.2,1.213,0.0,73.7,4.3,0.0,0.0,,,13600,1,0,0,0,0,0,1,0
1019938,2025,Logan Evans,DEF,56.6,58.4,1.8,5,5,0,68.9,12.3,1.9,-7.9,7.2,0.332,0.2,72.6,-9.6,0.0,0.0,,,-62400,0,0,1,0,0,1,0,0
1020137,2023,Mattaes Phillipou,FWD,53.6,50.3,-3.4,8,15,0,,,-4.345,-10.7,-3.6,-0.782,0.0,78.0,-4.5,1.25,-0.75,6.2,-3.2,-12800,0,0,0,0,0,0,1,0
1020137,2024,Mattaes Phillipou,FWD,45.1,79.2,34.1,8,5,0,51.4,6.3,-5.345,-16.0,-7.2,-0.138,0.0,74.2,-5.8,1.38,-1.38,12.7,-8.7,-77500,0,0,0,0,0,0,1,0
1020371,2024,Jack Williams,FWD,54.0,53.2,-0.8,6,12,0,34.2,-19.8,13.486,15.0,17.7,0.763,0.167,69.0,2.0,1.5,2.0,20.5,1.5,60700,1,0,0,0,0,0,1,0
1020371,2025,Jack Williams,FWD,63.3,41.3,-22.0,6,7,0,46.2,-17.2,-0.171,8.0,-1.9,1.207,0.167,71.2,-0.2,0.67,-0.17,14.0,4.5,39900,0,0,0,0,0,0,1,0
1020586,2023,Arthur Jones,MID,36.2,32.4,-3.7,6,7,0,,,7.057,10.5,9.0,1.166,0.0,75.6,1.9,0.2,0.3,,,42700,1,0,0,0,1,0,0,0
1020594,2023,Jye Amiss,FWD,47.9,56.6,8.7,7,15,0,,,4.643,-11.0,8.8,0.434,0.0,71.7,2.3,0.0,0.0,,,-6800,0,0,0,0,0,0,1,0
1020594,2024,Jye Amiss,FWD,52.4,55.1,2.7,7,15,0,54.7,2.3,-1.5,0.3,1.5,-0.828,0.0,79.3,-29.8,0.0,0.0,,,-23100,0,0,0,0,0,0,1,0
1020594,2025,Jye Amiss,FWD,45.5,50.4,4.9,8,15,0,54.5,9.0,0.429,8.0,-0.1,-0.18,0.0,85.9,-8.9,0.12,-0.12,,,-5100,0,0,0,0,0,0,1,0
1020650,2025,Darcy Jones,FWD,74.3,73.4,-0.9,7,14,0,65.2,-9.1,0.75,-11.8,-2.7,1.473,0.143,82.9,1.1,0.71,0.29,1.7,-1.7,12800,0,0,0,0,0,0,1,0
1020668,2024,Joshua Draper,DEF,40.6,54.5,14.0,7,13,0,,,-1.25,-2.2,0.5,-0.156,0.0,77.4,-29.4,0.14,-0.14,,,20500,1,0,0,0,0,1,0,0
1020670,2025,Elijah Hewett,MID,64.2,63.8,-0.4,6,14,0,45.6,-18.6,8.314,20.2,9.0,-0.237,0.0,66.0,8.0,3.17,0.83,38.4,4.1,126400,1,0,0,0,1,0,0,0
1020855,2025,Max Hall,FWD,64.2,80.9,16.6,8,15,0,,,1.667,0.2,3.0,-0.504,0.0,78.6,-0.6,1.12,1.88,1.4,2.6,50500,1,0,0,0,0,0,1,0
1020895,2022,Jai Newcombe,MID,85.6,87.6,1.9,8,14,0,53.3,-32.3,-0.631,2.7,1.2,0.627,0.25,81.6,-1.6,2.88,0.62,67.1,8.9,51700,0,1,1,0,1,0,0,0
1020895,2023,Jai Newcombe,MID,91.8,102.0,10.2,8,14,0,79.7,-12.1,1.119,0.5,-3.4,-0.384,0.5,84.1,-0.1,4.71,0.79,67.9,-0.4,32600,0,0,1,0,1,0,0,0
1020895,2024,Jai Newcombe,MID,84.8,105.5,20.8,8,15,0,87.9,3.1,3.5,6.0,2.6,0.723,0.25,80.1,-1.6,5.25,-0.25,71.6,-1.6,8600,0,0,0,0,1,0,0,0
1020895,2025,Jai Newcombe,MID,111.4,88.5,-23.0,7,15,0,91.2,-20.3,2.607,2.5,4.9,0.294,0.714,80.1,0.4,6.57,-0.57,75.9,1.6,21400,0,1,1,0,1,0,0,0
1021015,2025,Karl Worner,DEF,56.6,59.3,2.7,7,15,0,36.5,-20.1,3.571,4.8,2.0,-0.424,0.0,72.6,5.9,0.43,1.07,,,68800,1,0,0,0,0,1,0,0
1021031,2024,Luke Nankervis,MID,64.4,73.2,8.8,5,15,0,,,-2.1,-4.1,-0.8,-0.63,0.0,77.0,4.5,0.2,-0.2,,,51000,1,0,0,0,1,0,0,0
1021353,2025,Lachlan Cowan,DEF,43.4,77.8,34.4,5,9,0,55.3,11.9,-16.9,-13.4,-16.0,0.071,0.0,57.0,-37.5,1.0,-1.0,,,-70800,0,0,0,0,0,1,0,0
1023025,2023,Reuben Ginbey,DEF,64.8,62.3,-2.4,8,9,0,,,-5.571,-5.5,-3.9,0.469,0.125,70.2,-2.2,2.75,0.75,53.2,-5.8,-12800,0,0,0,0,0,1,0,0
1023025,2024,Reuben Ginbey,DEF,65.0,71.7,6.7,8,15,0,63.5,-1.5,0.048,4.2,-1.5,1.065,0.0,76.8,0.8,2.0,-1.0,49.6,-14.1,19100,0,0,0,0,0,1,0,0
1023025,2025,Reuben Ginbey,DEF,68.9,72.0,3.1,8,15,0,66.9,-2.0,-0.56,-1.8,5.5,0.298,0.125,88.2,1.2,0.38,0.12,1.8,-1.8,-40300,0,0,0,0,0,1,0,0
1023056,2025,Steely Green,FWD,45.0,37.3,-7.7,8,10,0,37.7,-7.3,1.952,-4.2,1.3,-0.407,0.0,81.6,1.9,0.62,0.38,,,13300,1,0,0,0,0,0,1,0
1023142,2025,Tyrell Dewar,DEF,40.6,47.3,6.8,7,9,0,34.3,-6.3,-5.821,-17.2,-7.1,0.841,0.0,77.4,-9.9,0.29,-0.29,,,-28900,0,0,0,0,0,1,0,0
1023167,2024,Brady Hough,DEF,56.2,65.9,9.7,8,15,0,54.1,-2.1,1.286,8.2,0.7,0.547,0.0,87.8,1.8,0.62,0.88,,,11900,0,0,0,0,0,1,0,0
1023167,2025,Brady Hough,DEF,57.1,74.9,17.7,8,14,0,57.8,0.7,-1.94,0.8,-3.3,0.042,0.0,86.4,-5.9,0.88,1.62,30.0,37.5,-5400,0,0,0,0,0,1,0,0
1023261,2022,Nick Daicos,MID,83.0,96.0,13.0,8,14,0,,,-1.548,-10.2,-2.8,0.697,0.125,77.9,0.6,2.0,-1.0,8.5,-8.5,27300,0,0,1,0,1,0,0,0
1023261,2023,Nick Daicos,MID,120.5,113.5,-7.0,8,12,0,91.3,-29.2,-7.571,-15.0,-14.0,-0.591,0.75,87.2,-1.8,2.25,0.25,28.5,12.0,-5100,0,0,0,0,1,0,0,0
1023261,2024,Nick Daicos,MID,116.3,116.7,0.4,7,15,0,103.2,-13.1,7.643,23.8,8.3,-1.1,0.857,84.9,-0.4,4.57,-0.07,66.6,21.9,59700,0,0,0,0,1,0,0,0
1023261,2025,Nick Daicos,MID,119.6,117.9,-1.7,7,15,0,107.8,-11.8,1.821,5.5,-4.6,0.675,0.571,83.0,3.0,7.57,0.93,82.7,-0.2,60400,0,1,1,0,1,0,0,0
1023266,2023,Finn Callaghan,MID,68.0,77.2,9.2,8,10,0,55.4,-12.6,0.571,8.3,-2.3,0.032,0.125,85.4,-0.4,0.75,-0.25,2.2,-2.2,73800,0,0,0,1,1,0,0,0
1023266,2024,Finn Callaghan,MID,80.1,82.8,2.7,7,15,0,69.3,-10.9,8.464,13.7,10.8,0.618,0.286,81.3,3.7,2.43,0.07,39.9,-3.9,44100,0,1,1,0,1,0,0,0
1023266,2025,Finn Callaghan,MID,96.9,118.0,21.1,7,12,0,75.5,-21.4,9.036,26.0,10.6,-0.251,0.571,79.3,3.2,3.43,1.57,64.9,12.6,81600,0,0,1,0,1,0,0,0
1023270,2022,Marcus Windhager,MID,38.6,52.4,13.8,5,12,0,,,-3.1,0.4,-4.3,-0.766,0.0,61.0,-15.5,0.8,-0.3,13.6,-13.6,62600,1,0,0,0,1,0,0,0
1023270,2023,Marcus Windhager,MID,29.3,72.1,42.8,6,12,0,48.4,19.0,-1.2,-7.7,1.4,-0.016,0.0,44.0,-24.0,0.83,-0.33,10.8,-10.8,-59200,0,0,0,0,1,0,0,0
1023270,2024,Marcus Windhager,MID,82.3,62.0,-20.3,7,8,0,53.2,-29.1,4.643,10.0,8.7,0.11,0.286,79.9,-2.4,4.14,0.36,73.0,-14.5,56500,0,1,1,0,1,0,0,0
1023270,2025,Marcus Windhager,MID,73.4,86.7,13.4,8,15,1,58.7,-14.7,-2.155,-1.2,-1.3,0.426,0.25,81.9,3.1,3.0,-2.5,48.2,-48.2,-5600,0,0,1,0,1,0,0,0
1023272,2023,Mitch Owens,FWD,96.1,70.3,-25.8,8,14,0,50.4,-45.7,1.298,-1.7,-1.4,1.194,0.25,86.8,-1.2,1.62,0.88,12.1,12.9,75300,0,1,1,0,0,0,1,0
1023272,2024,Mitch Owens,FWD,72.2,59.3,-12.9,8,15,0,72.6,0.4,-2.262,-4.0,-3.6,0.686,0.125,81.9,0.1,1.25,0.75,8.1,3.4,-36000,0,0,0,0,0,0,1,0
1023272,2025,Mitch Owens,FWD,69.3,63.7,-5.6,7,12,0,68.7,-0.6,-0.036,4.8,5.5,-0.469,0.0,87.0,-3.0,1.43,1.07,9.7,1.3,-15100,0,0,0,0,0,0,1,0
1023275,2024,Seth Campbell,FWD,45.6,51.2,5.7,7,13,0,,,-3.429,-12.0,-4.2,0.998,0.0,79.6,-4.6,0.43,-0.43,0.0,0.0,-5200,0,0,0,0,0,0,1,0
1023275,2025,Seth Campbell,FWD,64.2,66.9,2.6,8,14,0,49.2,-15.0,-3.643,4.5,-4.2,-0.255,0.0,81.1,-1.6,0.88,0.12,0.0,0.0,600,0,0,0,0,0,0,1,0
1023473,2025,Nick Watson,FWD,78.1,61.8,-16.4,7,14,0,65.5,-12.6,-7.25,-7.5,-6.4,0.318,0.286,78.9,2.1,0.57,-0.07,3.0,3.0,-35900,0,0,0,0,0,0,1,0
1023477,2024,George Wardlaw,MID,83.3,87.1,3.8,7,11,0,65.4,-17.9,3.571,-0.7,11.0,0.01,0.286,71.0,-3.0,4.43,0.57,72.3,1.2,-2000,0,0,0,1,1,0,0,0
1023482,2023,Cam Mackenzie,MID,57.5,41.9,-15.6,6,8,0,,,-10.829,-20.5,-10.4,-0.068,0.0,69.7,-17.7,2.17,-0.67,20.8,6.7,5600,1,0,0,0,1,0,0,0
1023482,2024,Cam Mackenzie,MID,60.1,61.3,1.2,8,12,0,48.6,-11.6,-3.512,3.3,-6.8,-0.565,0.0,64.4,-5.9,2.25,0.25,21.8,-12.8,-3800,0,0,0,0,1,0,0,0
1023482,2025,Cam Mackenzie,MID,80.8,44.6,-36.2,6,5,0,55.8,-25.0,0.829,-5.5,3.1,0.443,0.167,70.5,5.5,3.17,-0.17,50.6,6.4,11400,0,0,0,0,1,0,0,0
1023492,2024,Harley Reid,MID,85.7,77.8,-7.9,7,13,0,,,5.893,17.7,-0.5,0.885,0.286,76.3,1.2,4.71,-0.21,75.8,5.2,161100,0,0,0,0,1,0,0,0
1023492,2025,Harley Reid,MID,57.0,80.4,23.4,8,11,0,80.6,23.5,-0.833,-7.8,-6.4,-0.389,0.0,83.2,1.8,2.62,0.88,42.4,2.6,-27800,0,0,0,0,1,0,0,0
1023494,2024,Zane Duursma,DEF,45.5,21.0,-24.5,8,5,0,,,-2.095,5.3,-2.7,0.703,0.0,74.9,-8.4,0.25,-0.25,,,11600,1,0,0,0,0,1,0,0
1023495,2023,Oliver Hollands,DEF,60.1,55.7,-4.5,8,9,0,,,-1.131,-2.0,-2.0,0.106,0.0,82.4,-6.4,1.5,0.0,0.4,-0.4,30500,1,0,0,0,0,1,0,0
1023495,2024,Oliver Hollands,DEF,48.3,68.7,20.3,6,15,0,57.8,9.4,-6.686,-8.0,-7.6,-0.134,0.0,81.3,-1.8,0.67,-0.17,0.0,0.0,-49200,0,0,0,0,0,1,0,0
1023495,2025,Oliver Hollands,DEF,69.6,78.2,8.6,8,15,0,60.6,-9.0,2.25,2.0,0.5,0.183,0.125,86.2,-0.2,0.75,1.25,0.0,0.0,34700,0,0,0,0,0,1,0,0
1023496,2023,Noah Long,FWD,61.4,48.4,-13.0,5,14,0,,,-2.9,-0.7,-2.6,0.523,0.0,77.2,2.3,1.0,-0.5,,,126000,1,0,0,0,0,0,1,0
1023496,2025,Noah Long,FWD,22.8,47.2,24.4,5,5,0,51.0,28.2,-3.1,-4.5,-1.2,0.345,0.0,63.2,-30.2,0.4,-0.4,,,-69500,0,0,0,0,0,0,1,0
1023500,2023,Bailey Humphrey,MID,36.2,67.5,31.3,5,14,0,,,0.9,-1.5,3.4,-0.746,0.0,56.6,3.9,0.2,-0.2,5.8,3.7,-6000,0,0,0,0,1,0,0,0
1023500,2024,Bailey Humphrey,MID,63.8,46.5,-17.3,5,15,0,59.3,-4.5,-0.6,-0.8,0.7,-0.773,0.0,74.6,-0.6,1.8,-1.8,11.0,-3.5,10300,0,0,0,0,1,0,0,0
1023500,2025,Bailey Humphrey,MID,89.3,78.0,-11.3,7,13,0,54.9,-34.4,-1.036,3.8,-0.6,0.648,0.429,81.4,0.1,3.71,0.79,31.4,17.1,48100,0,0,0,0,1,0,0,0
1023515,2025,Archie Roberts,DEF,79.9,84.7,4.9,7,15,0,,,4.214,-3.2,5.5,0.107,0.286,86.1,2.4,1.29,0.71,0.0,0.0,32100,0,0,1,0,0,1,0,0
1023517,2023,Will Ashcroft,MID,75.4,91.8,16.4,8,10,1,,,-1.798,-1.8,-6.1,-0.237,0.25,77.2,0.8,3.62,-1.12,40.9,2.6,42100,0,0,0,0,1,0,0,0
1023517,2025,Will Ashcroft,MID,103.4,99.3,-4.0,8,15,0,83.6,-19.7,0.917,-17.7,6.7,-0.82,0.625,80.5,0.5,5.75,0.75,50.5,-12.5,-48100,0,0,0,0,1,0,0,0
1023518,2023,Harry Sheezel,MID,103.6,97.3,-6.3,8,15,0,,,-3.274,-10.2,0.6,-1.945,0.875,84.5,-3.5,1.62,0.38,0.0,0.0,20400,0,0,0,0,1,0,0,0
1023518,2024,Harry Sheezel,MID,118.1,117.8,-0.3,8,13,0,99.5,-18.6,-5.274,-20.0,-13.2,-0.236,0.875,86.8,4.2,1.75,0.75,11.4,25.6,-16300,0,1,1,0,1,0,0,0
1023518,2025,Harry Sheezel,MID,107.9,106.9,-0.9,8,15,0,108.3,0.4,3.774,1.0,4.7,0.39,0.625,87.5,3.5,3.62,-2.12,30.2,-30.2,-2500,0,0,1,0,1,0,0,0
1023530,2025,Jacob Konstanty,FWD,42.9,46.0,3.1,8,15,0,,,-4.821,-10.2,-7.4,0.724,0.0,63.8,-0.8,0.25,0.75,,,-8100,0,0,0,0,0,0,1,0
1023537,2024,Jhye Clark,MID,37.1,50.1,13.0,7,8,0,,,1.107,-10.8,9.3,0.204,0.0,54.3,-3.3,2.14,-0.14,41.7,-11.7,-31200,0,0,0,0,1,0,0,0
1023708,2024,Jaspa Fletcher,DEF,69.7,63.1,-6.6,7,15,0,51.5,-18.2,-0.321,-1.2,-0.3,-0.554,0.0,76.7,3.8,1.57,-0.57,,,26300,0,0,0,0,0,1,0,0
1023708,2025,Jaspa Fletcher,DEF,82.5,90.4,7.9,8,15,0,60.7,-21.8,4.619,5.7,5.7,-0.984,0.0,79.1,2.4,0.75,-0.75,,,55400,0,0,0,0,0,1,0,0
1023736,2024,Jed Walter,FWD,40.5,31.5,-9.0,6,8,0,,,-0.429,1.5,-1.6,0.578,0.0,70.5,0.5,0.0,0.0,0.0,0.0,16400,1,0,0,0,0,0,1,0
1023736,2025,Jed Walter,FWD,54.2,39.9,-14.3,6,10,0,35.4,-18.8,-0.143,-3.5,0.9,-0.288,0.0,67.2,6.3,0.0,0.0,2.7,5.3,27200,1,0,0,0,0,0,1,0
1023784,2023,Anthony Caminiti,DEF,56.0,50.4,-5.6,5,12,0,,,1.1,1.7,1.3,-0.402,0.0,77.6,-1.6,0.0,0.0,0.0,0.0,127500,1,0,0,0,0,1,0,0
1023784,2024,Anthony Caminiti,DEF,50.8,54.9,4.1,5,10,0,52.1,1.3,-2.9,2.9,-3.7,0.814,0.0,79.4,6.6,0.4,0.1,9.8,4.8,-4600,0,0,0,1,0,1,0,0
1023784,2025,Anthony Caminiti,DEF,67.4,65.7,-1.6,8,15,0,52.8,-14.6,-1.893,-3.8,-1.6,0.322,0.0,93.8,-0.2,0.0,0.0,,,-18300,0,0,0,0,0,1,0,0
1024023,2025,Daniel Curtin,MID,58.4,80.0,21.6,8,15,0,32.7,-25.7,-0.298,-5.8,3.9,0.048,0.0,73.2,6.8,0.5,0.0,0.0,0.0,-11400,0,0,0,0,1,0,0,0
1024057,2025,Caiden Cleary,FWD,65.8,30.1,-35.7,5,7,0,28.8,-37.0,0.2,-5.1,0.5,-0.716,0.0,76.2,1.3,1.4,0.1,5.8,-5.8,115000,1,0,0,0,0,0,1,0
1024272,2024,Colby McKercher,DEF,73.5,103.5,30.0,8,8,1,,,2.333,22.8,17.0,-0.239,0.25,71.1,13.4,0.62,-0.12,9.1,-9.1,26900,0,1,1,0,0,1,0,0
1024272,2025,Colby McKercher,DEF,56.4,97.3,41.0,8,15,1,88.5,32.1,-2.702,-2.5,-2.1,-0.728,0.0,76.4,0.6,1.25,0.25,0.4,-0.4,-77400,0,0,0,0,0,1,0,0
1024982,2025,Oisin Mullin,DEF,41.7,46.0,4.3,7,15,0,36.1,-5.7,-1.179,-13.3,-1.2,0.488,0.0,82.0,0.0,0.71,1.29,15.5,31.0,-22500,0,0,0,0,0,1,0,0
1025034,2024,Oliver Dempsey,MID,68.1,79.8,11.7,8,15,0,34.7,-33.4,-4.56,-9.0,-3.8,0.483,0.0,82.0,0.0,1.0,0.0,,,-300,0,0,0,0,1,0,0,0
1025034,2025,Oliver Dempsey,MID,77.5,78.7,1.2,8,15,0,66.2,-11.3,2.714,-1.8,3.6,-0.313,0.25,85.4,-4.4,1.12,-0.62,,,21900,0,0,1,0,1,0,0,0
1026960,2024,Will Graham,FWD,73.0,59.4,-13.6,5,12,0,,,-2.0,-4.0,-1.7,0.324,0.0,73.2,2.3,2.8,-0.8,42.2,-5.2,160500,1,0,1,0,0,0,1,0
1027033,2025,Ethan Read,FWD,45.3,46.9,1.6,7,11,0,,,-9.357,-14.2,-9.8,0.445,0.143,69.0,5.0,0.57,-0.07,15.5,-5.0,-38200,0,0,0,0,0,0,1,0
1027693,2025,Archer Reid,FWD,48.4,40.7,-7.7,8,6,0,,,-0.226,-10.3,-5.2,-0.024,0.0,71.6,-0.1,0.75,-0.75,7.4,-7.4,24600,1,0,0,0,0,0,1,0
1027704,2025,Joel Freijah,MID,87.2,74.9,-12.3,8,15,0,68.8,-18.5,0.762,25.8,1.4,-0.208,0.5,82.4,-0.4,4.12,2.88,26.1,-1.6,77200,0,0,1,0,1,0,0,0
1027790,2025,Hugo Garcia,MID,58.4,72.0,13.6,8,9,0,45.6,-12.8,0.107,-14.3,-0.0,-0.029,0.0,57.8,-8.8,3.75,-1.25,49.5,18.5,-12500,0,0,1,0,1,0,0,0
1027821,2024,Caleb Windsor,DEF,64.9,56.5,-8.4,7,11,0,,,6.357,11.3,12.8,1.07,0.143,76.4,-3.4,1.71,-0.21,,,53200,1,0,0,0,0,1,0,0
1027821,2025,Caleb Windsor,DEF,57.7,49.5,-8.2,6,11,0,59.7,2.1,8.914,15.0,10.7,0.718,0.0,78.8,4.7,0.67,0.33,0.0,0.0,4900,1,0,0,0,0,1,0,0
1027875,2024,Darcy Wilson,MID,69.0,63.3,-5.7,8,15,0,,,8.333,23.2,16.1,0.659,0.125,80.5,7.0,0.88,0.62,,,128600,0,0,0,0,1,0,0,0
1027875,2025,Darcy Wilson,MID,61.4,62.4,1.0,8,10,0,65.3,3.9,-1.25,1.7,-1.9,0.855,0.0,86.5,0.5,1.38,-0.38,0.9,1.1,-2100,0,0,0,0,1,0,0,0
1027877,2025,Connor O'Sullivan,DEF,69.4,63.9,-5.5,8,14,0,,,-1.131,-4.2,-2.4,0.195,0.125,91.6,-1.1,0.12,-0.12,,,21900,0,0,0,0,0,1,0,0
1027899,2025,Nate Caddy,FWD,53.1,52.7,-0.4,7,10,0,51.9,-1.2,5.679,7.2,7.0,0.139,0.0,74.6,-0.1,0.29,-0.29,,,19900,1,0,0,0,0,0,1,0
1027925,2024,Harvey Thomas,FWD,57.7,50.4,-7.4,7,14,0,,,-2.036,-10.5,-1.5,0.298,0.143,69.1,-4.1,1.0,0.0,,,16600,1,0,0,0,0,0,1,0
1027935,2024,Josh Weddle,DEF,72.2,73.7,1.4,8,15,0,66.9,-5.4,-2.929,-0.2,-1.5,-0.362,0.0,87.1,3.9,0.25,-0.25,0.0,0.0,-4800,0,0,0,0,0,1,0,0
1027935,2025,Josh Weddle,DEF,78.3,84.6,6.3,7,7,0,70.5,-7.8,3.786,-3.3,5.0,0.107,0.143,84.4,0.6,0.71,0.29,0.6,1.4,15800,0,0,0,0,0,1,0,0
1028019,2025,Logan Morris,FWD,62.9,65.7,2.9,7,15,0,53.7,-9.1,-2.071,-4.8,-7.2,-0.117,0.0,75.0,1.5,0.0,0.0,,,24000,0,0,0,0,0,0,1,0
1028495,2025,Finn O'Sullivan,DEF,50.3,61.7,11.4,7,15,0,,,1.821,-1.5,4.0,0.013,0.0,79.3,-6.3,0.14,-0.14,0.0,0.0,15200,1,0,0,0,0,1,0,0
1028513,2025,Murphy Reid,FWD,66.1,69.7,3.6,8,15,0,,,-3.417,-11.7,-5.5,0.397,0.125,77.0,-4.0,1.5,1.0,2.1,4.4,7100,0,0,0,0,0,0,1,0
1028521,2025,Luke Trainor,DEF,59.5,48.5,-11.0,8,13,0,,,2.0,-17.0,5.2,-0.837,0.0,73.0,10.0,0.62,-0.62,,,0,1,0,0,0,0,1,0,0
1028529,2025,Joe Berry,FWD,31.3,51.0,19.7,7,5,0,,,-5.036,-11.2,-5.6,-0.389,0.0,53.7,-8.7,0.43,0.57,0.0,0.0,-33600,0,0,0,0,0,0,1,0
1028531,2025,Xavier Lindsay,MID,58.6,45.5,-13.0,7,11,0,,,-1.571,9.0,-0.9,-0.886,0.0,64.1,9.9,1.14,-0.14,0.0,0.0,49700,1,0,0,1,1,0,0,0
1028546,2025,Harvey Langford,MID,67.3,72.9,5.6,7,15,0,,,9.179,11.2,12.3,-0.598,0.0,66.4,11.6,2.71,0.79,24.2,7.3,101500,0,0,0,0,1,0,0,0
1028554,2025,Isaac Kako,FWD,51.4,54.9,3.4,7,15,0,,,0.607,5.0,1.2,-0.549,0.0,81.1,1.9,0.57,-0.57,0.0,0.0,42500,1,0,0,0,0,0,1,0
1028560,2025,Levi Ashcroft,MID,78.1,74.2,-3.9,8,15,0,,,2.94,7.2,4.2,-1.255,0.0,77.0,5.0,2.12,2.38,0.0,0.0,93400,0,0,0,0,1,0,0,0
1028563,2025,Christian Moraes,MID,52.7,42.6,-10.0,6,8,0,,,-5.086,-10.3,-1.6,1.159,0.0,73.2,1.3,0.67,-0.17,,,37300,1,0,0,0,1,0,0,0
1029416,2024,Ryan Maric,DEF,36.3,43.9,7.6,6,13,0,54.8,18.5,7.029,8.7,7.1,0.595,0.0,62.0,17.0,0.0,0.0,,,-30600,0,0,0,1,0,1,0,0
1029416,2025,Ryan Maric,DEF,88.6,83.1,-5.5,8,14,0,46.1,-42.5,7.869,2.3,13.2,-0.334,0.25,76.1,4.9,0.25,-0.25,,,68200,0,1,1,0,0,1,0,0
1031829,2025,James Trezise,MID,57.8,48.1,-9.6,8,8,0,61.2,3.5,-3.738,-12.7,-10.4,-0.645,0.0,77.4,-15.9,1.38,-0.88,0.4,-0.4,-12600,0,0,0,0,1,0,0,0
1032108,2025,Cooper Lord,MID,42.0,68.9,26.9,7,14,0,,,-0.893,-4.3,-1.2,-0.152,0.0,50.1,12.9,0.57,-0.57,8.0,10.5,-24300,0,0,0,0,1,0,0,0
1032966,2025,James O'Donnell,DEF,49.3,59.3,10.0,7,15,0,44.8,-4.5,-0.5,1.7,2.5,-0.116,0.0,82.3,5.7,0.29,-0.29,1.2,-1.2,-17100,0,0,0,1,0,1,0,0
1036098,2025,Jack Hutchinson,MID,53.8,58.5,4.7,5,11,0,48.1,-5.7,-0.8,-2.1,-0.3,-0.408,0.0,76.8,3.2,2.2,-0.2,39.5,-39.5,19200,1,0,0,1,1,0,0,0
1036123,2025,Sam Davidson,MID,66.8,61.8,-4.9,8,11,0,,,-2.262,-10.8,-4.8,1.342,0.125,75.4,0.1,1.0,-1.0,,,15800,0,0,0,0,1,0,0,0
