,player_id,trade_status,user_team_id,waiver_until,feed_id,first_name,last_name,team,position,round,points,price,total_points,games,total_games,price_change,total_price_change,last_position,round_position,minutes_played,total_minutes_played,updated_at,kicks,total_kicks,handballs,total_handballs,marks,total_marks,tackles,total_tackles,freekicks_for,total_freekicks_for,freekicks_against,total_freekicks_against,hitouts,total_hitouts,goals,total_goals,behinds,total_behinds,avg5,own_raw,avg,avg3,opp,oppavg,opph,opp1,opp1h,opp2,opp2h,opp3,opp3h,ven,venavg,ven1,ven2,ven3,owned,points_per_min,total_points_per_min,mvp_value,position_change,coach_id,coach_team_id,coach_first_name,coach_team_name
0,695,owner,116970.0,,297373,Marcus,Bontempelli,WBD,0,6,0,681000,0,0,0,0,0,510,0,0,0,2025-04-13T12:26:17+10:00,0,0,0,0,0,0,0,0,0,0,0,0,0,0,0,0,0,0,0.0,4336,0.0,0.0,STK,108.154,0,"{'id': 18, 'abbrev': 'GWS', 'name': 'GWS Giants'}",1,"{'id': 11, 'abbrev': 'PTA', 'name': 'Port Adelaide'}",0,"{'id': 17, 'abbrev': 'GCS', 'name': 'Gold Coast'}",1,Docklands Stadium,110.959,"{'id': 11, 'name': 'Manuka Oval', 'display_name': 'Manuka Oval', 'short_name': 'Manuka', 'abbrev': 'MO'}","{'id': 55, 'name': 'Eureka Stadium', 'display_name': 'Mars Stadium', 'short_name': 'Mars', 'abbrev': 'MARS'}","{'id': 12, 'name': 'Marrara Oval', 'display_name': 'TIO Stadium', 'short_name': 'TIO', 'abbrev': 'TIO'}",98.5455,,,,,21562,116970,Mark,Sheez Nutz
1,441,owner,116887.0,,290528,Max,Gawn,MEL,0,6,0,582000,551,0,5,0,-86900,16,0,0,529,2025-04-13T12:26:12+10:00,0,40,0,47,0,18,0,11,0,10,0,-8,0,186,0,0,0,3,110.2,4379,110.2,118.333,FRE,104.846,0,"{'id': 12, 'abbrev': 'RIC', 'name': 'Richmond'}",0,"{'id': 16, 'abbrev': 'WCE', 'name': 'West Coast'}",1,"{'id': 8, 'abbrev': 'HAW', 'name': 'Hawthorn'}",0,Melbourne Cricket Ground,111.858,"{'id': 13, 'name': 'Melbourne Cricket Ground', 'display_name': 'MCG', 'short_name': 'MCG', 'abbrev': 'MCG'}","{'id': 53, 'name': 'Perth Stadium', 'display_name': 'Optus Stadium', 'short_name': 'Optus', 'abbrev': 'OS'}","{'id': 13, 'name': 'Melbourne Cricket Ground', 'display_name': 'MCG', 'short_name': 'MCG', 'abbrev': 'MCG'}",99.5227,,1.0415879017013232,5281.306715063521,,10857,116887,Anthony,Work From Holmes
2,529,owner,117113.0,,1006121,Zak,Butters,PTA,0,6,0,648900,242,0,2,0,0,314,0,0,203,2025-04-13T12:26:13+10:00,0,25,0,38,0,8,0,9,0,0,0,-4,0,0,0,0,0,0,121.0,4335,121.0,121.0,SYD,94.25,1,"{'id': 9, 'abbrev': 'NTH', 'name': 'North Melbourne'}",0,"{'id': 15, 'abbrev': 'WBD', 'name': 'Western Bulldogs'}",1,"{'id': 1, 'abbrev': 'ADE', 'name': 'Adelaide'}",0,Sydney Cricket Ground,64.0,"{'id': 1, 'name': 'Adelaide Oval', 'display_name': 'Adelaide Oval', 'short_name': 'Adelaide', 'abbrev': 'AO'}","{'id': 55, 'name': 'Eureka Stadium', 'display_name': 'Mars Stadium', 'short_name': 'Mars', 'abbrev': 'MARS'}","{'id': 1, 'name': 'Adelaide Oval', 'display_name': 'Adelaide Oval', 'short_name': 'Adelaide', 'abbrev': 'AO'}",98.5227,,1.1921182266009853,5362.809917355372,,71052,117113,James,Baker-Street Boys
3,75,owner,117113.0,,293535,Lachie,Neale,BRL,0,6,0,553800,465,0,5,0,-92100,61,0,0,560,2025-04-13T12:26:12+10:00,0,70,0,65,0,19,0,16,0,6,0,-7,0,0,0,1,0,1,93.0,4371,93.0,97.0,COL,96.25,0,"{'id': 13, 'abbrev': 'STK', 'name': 'St Kilda'}",1,"{'id': 17, 'abbrev': 'GCS', 'name': 'Gold Coast'}",0,"{'id': 9, 'abbrev': 'NTH', 'name': 'North Melbourne'}",1,Brisbane Cricket Ground,120.344,"{'id': 7, 'name': 'Docklands Stadium', 'display_name': 'Marvel Stadium', 'short_name': 'Marvel', 'abbrev': 'MARV'}","{'id': 4, 'name': 'Brisbane Cricket Ground', 'display_name': 'Gabba', 'short_name': 'Gabba', 'abbrev': 'G'}","{'id': 226, 'name': 'Ninja Stadium', 'display_name': 'Ninja Stadium', 'short_name': 'Ninja', 'abbrev': 'NIN'}",99.3409,,0.8303571428571429,5954.8387096774195,,71052,117113,James,Baker-Street Boys
4,518,owner,116793.0,,1004965,Tristan,Xerri,NTH,0,6,0,562300,524,0,5,0,-83600,25,0,0,519,2025-04-13T12:26:12+10:00,0,22,0,59,0,10,0,22,0,11,0,-12,0,164,0,1,0,0,104.8,4378,104.8,88.6667,CAR,80.3333,0,"{'id': 11, 'abbrev': 'PTA', 'name': 'Port Adelaide'}",1,"{'id': 5, 'abbrev': 'ESS', 'name': 'Essendon'}",1,"{'id': 2, 'abbrev': 'BRL', 'name': 'Brisbane'}",0,Docklands Stadium,92.9259,"{'id': 1, 'name': 'Adelaide Oval', 'display_name': 'Adelaide Oval', 'short_name': 'Adelaide', 'abbrev': 'AO'}","{'id': 7, 'name': 'Docklands Stadium', 'display_name': 'Marvel Stadium', 'short_name': 'Marvel', 'abbrev': 'MARV'}","{'id': 226, 'name': 'Ninja Stadium', 'display_name': 'Ninja Stadium', 'short_name': 'Ninja', 'abbrev': 'NIN'}",99.5,,1.0096339113680155,5365.458015267176,,45168,116793,Luke,Duke Newcombe
5,272,owner,118706.0,,1009260,Sam,Flanders,GCS,0,6,0,581900,248,0,3,0,-59600,309,0,0,293,2025-04-13T12:26:13+10:00,0,36,0,36,0,15,0,6,0,4,0,-2,0,0,0,3,0,1,82.6667,4316,82.6667,82.6667,RIC,80.4,1,"{'id': 14, 'abbrev': 'SYD', 'name': 'Sydney'}",0,"{'id': 2, 'abbrev': 'BRL', 'name': 'Brisbane'}",1,"{'id': 15, 'abbrev': 'WBD', 'name': 'Western Bulldogs'}",0,Docklands Stadium,80.875,"{'id': 5, 'name': 'Carrara Stadium', 'display_name': 'People First Stadium', 'short_name': 'People First', 'abbrev': 'PFS'}","{'id': 4, 'name': 'Brisbane Cricket Ground', 'display_name': 'Gabba', 'short_name': 'Gabba', 'abbrev': 'G'}","{'id': 12, 'name': 'Marrara Oval', 'display_name': 'TIO Stadium', 'short_name': 'TIO', 'abbrev': 'TIO'}",98.0909,,0.8464163822525598,7039.110064874973,,8258,118706,Simon,Meeky Blinders
6,509,owner,116970.0,,1023518,Harry,Sheezel,NTH,0,6,0,570000,522,0,5,0,-65600,26,0,0,566,2025-04-13T12:26:12+10:00,0,72,0,74,0,28,0,18,0,4,0,-1,0,0,0,1,0,4,104.4,4386,104.4,111.667,CAR,125.667,0,"{'id': 11, 'abbrev': 'PTA', 'name': 'Port Adelaide'}",1,"{'id': 5, 'abbrev': 'ESS', 'name': 'Essendon'}",1,"{'id': 2, 'abbrev': 'BRL', 'name': 'Brisbane'}",0,Docklands Stadium,110.609,"{'id': 1, 'name': 'Adelaide Oval', 'display_name': 'Adelaide Oval', 'short_name': 'Adelaide', 'abbrev': 'AO'}","{'id': 7, 'name': 'Docklands Stadium', 'display_name': 'Marvel Stadium', 'short_name': 'Marvel', 'abbrev': 'MARV'}","{'id': 226, 'name': 'Ninja Stadium', 'display_name': 'Ninja Stadium', 'short_name': 'Ninja', 'abbrev': 'NIN'}",99.6818,,0.9222614840989399,5459.770114942528,,21562,116970,Mark,Sheez Nutz
7,136,owner,116859.0,,1023261,Nick,Daicos,COL,0,6,0,584800,517,0,5,0,-46600,31,0,0,508,2025-04-13T12:26:12+10:00,0,73,0,74,0,18,0,20,0,12,0,-7,0,0,0,1,0,5,103.4,4387,103.4,117.667,BRL,112.5,1,"{'id': 5, 'abbrev': 'ESS', 'name': 'Essendon'}",0,"{'id': 7, 'abbrev': 'GEE', 'name': 'Geelong'}",0,"{'id': 6, 'abbrev': 'FRE', 'name': 'Fremantle'}",1,Brisbane Cricket Ground,111.333,"{'id': 13, 'name': 'Melbourne Cricket Ground', 'display_name': 'MCG', 'short_name': 'MCG', 'abbrev': 'MCG'}","{'id': 13, 'name': 'Melbourne Cricket Ground', 'display_name': 'MCG', 'short_name': 'MCG', 'abbrev': 'MCG'}","{'id': 53, 'name': 'Perth Stadium', 'display_name': 'Optus Stadium', 'short_name': 'Optus', 'abbrev': 'OS'}",99.7045,,1.0177165354330708,5655.705996131528,,86078,116859,Lester,Grand Theft Zorko
8,671,owner,118706.0,,298539,Isaac,Heeney,SYD,0,6,0,541800,498,0,5,0,-87400,40,0,0,525,2025-04-13T12:26:12+10:00,0,63,0,49,0,19,0,19,0,5,0,-3,0,0,0,4,0,0,99.6,4340,99.6,96.6667,PTA,97.125,0,"{'id': 17, 'abbrev': 'GCS', 'name': 'Gold Coast'}",1,"{'id': 18, 'abbrev': 'GWS', 'name': 'GWS Giants'}",0,"{'id': 5, 'abbrev': 'ESS', 'name': 'Essendon'}",1,Sydney Cricket Ground,91.6279,"{'id': 5, 'name': 'Carrara Stadium', 'display_name': 'People First Stadium', 'short_name': 'People First', 'abbrev': 'PFS'}","{'id': 16, 'name': 'Sydney Cricket Ground', 'display_name': 'SCG', 'short_name': 'SCG', 'abbrev': 'SCG'}","{'id': 7, 'name': 'Docklands Stadium', 'display_name': 'Marvel Stadium', 'short_name': 'Marvel', 'abbrev': 'MARV'}",98.6364,,0.9485714285714286,5439.759036144578,,8258,118706,Simon,Meeky Blinders
9,245,owner,118706.0,,998659,Luke,Ryan,FRE,0,6,0,527700,428,0,5,0,-100600,88,0,0,547,2025-04-13T12:26:12+10:00,0,79,0,20,0,29,0,8,0,2,0,-1,0,0,0,0,0,0,85.6,4269,85.6,89.0,MEL,104.222,1,"{'id': 1, 'abbrev': 'ADE', 'name': 'Adelaide'}",0,"{'id': 13, 'abbrev': 'STK', 'name': 'St Kilda'}",1,"{'id': 4, 'abbrev': 'COL', 'name': 'Collingwood'}",0,Melbourne Cricket Ground,109.417,"{'id': 53, 'name': 'Perth Stadium', 'display_name': 'Optus Stadium', 'short_name': 'Optus', 'abbrev': 'OS'}","{'id': 7, 'name': 'Docklands Stadium', 'display_name': 'Marvel Stadium', 'short_name': 'Marvel', 'abbrev': 'MARV'}","{'id': 53, 'name': 'Perth Stadium', 'display_name': 'Optus Stadium', 'short_name': 'Optus', 'abbrev': 'OS'}",97.0227,,0.7824497257769653,6164.719626168225,,8258,118706,Simon,Meeky Blinders
10,730,owner,116887.0,,291790,Adam,Treloar,WBD,0,6,0,628200,0,0,0,0,0,510,0,0,0,2025-04-13T12:26:17+10:00,0,0,0,0,0,0,0,0,0,0,0,0,0,0,0,0,0,0,0.0,3887,0.0,0.0,STK,98.9167,0,"{'id': 18, 'abbrev': 'GWS', 'name': 'GWS Giants'}",1,"{'id': 11, 'abbrev': 'PTA', 'name': 'Port Adelaide'}",0,"{'id': 17, 'abbrev': 'GCS', 'name': 'Gold Coast'}",1,Docklands Stadium,106.15,"{'id': 11, 'name': 'Manuka Oval', 'display_name': 'Manuka Oval', 'short_name': 'Manuka', 'abbrev': 'MO'}","{'id': 55, 'name': 'Eureka Stadium', 'display_name': 'Mars Stadium', 'short_name': 'Mars', 'abbrev': 'MARS'}","{'id': 12, 'name': 'Marrara Oval', 'display_name': 'TIO Stadium', 'short_name': 'TIO', 'abbrev': 'TIO'}",88.3409,,,,,10857,116887,Anthony,Work From Holmes
11,246,owner,116698.0,,1009420,Caleb,Serong,FRE,0,6,0,589200,551,0,5,0,-34200,16,0,0,517,2025-04-13T12:26:12+10:00,0,73,0,75,0,9,0,21,0,12,0,-3,0,0,0,1,0,1,110.2,4378,110.2,116.667,MEL,98.8571,1,"{'id': 1, 'abbrev': 'ADE', 'name': 'Adelaide'}",0,"{'id': 13, 'abbrev': 'STK', 'name': 'St Kilda'}",1,"{'id': 4, 'abbrev': 'COL', 'name': 'Collingwood'}",0,Melbourne Cricket Ground,101.857,"{'id': 53, 'name': 'Perth Stadium', 'display_name': 'Optus Stadium', 'short_name': 'Optus', 'abbrev': 'OS'}","{'id': 7, 'name': 'Docklands Stadium', 'display_name': 'Marvel Stadium', 'short_name': 'Marvel', 'abbrev': 'MARV'}","{'id': 53, 'name': 'Perth Stadium', 'display_name': 'Optus Stadium', 'short_name': 'Optus', 'abbrev': 'OS'}",99.5,,1.0657640232108316,5346.642468239565,,300791,116698,Paul,SerongWayToTheTop
12,200,owner,116859.0,,992016,Zach,Merrett,ESS,0,6,0,613600,464,0,4,0,-7500,62,0,0,439,2025-04-13T12:26:12+10:00,0,64,0,69,0,18,0,13,0,3,0,-1,0,0,0,6,0,4,116.0,4375,116.0,125.0,WCE,114.692,1,"{'id': 4, 'abbrev': 'COL', 'name': 'Collingwood'}",1,"{'id': 9, 'abbrev': 'NTH', 'name': 'North Melbourne'}",0,"{'id': 14, 'abbrev': 'SYD', 'name': 'Sydney'}",0,Perth Stadium,113.9,"{'id': 13, 'name': 'Melbourne Cricket Ground', 'display_name': 'MCG', 'short_name': 'MCG', 'abbrev': 'MCG'}","{'id': 7, 'name': 'Docklands Stadium', 'display_name': 'Marvel Stadium', 'short_name': 'Marvel', 'abbrev': 'MARV'}","{'id': 7, 'name': 'Docklands Stadium', 'display_name': 'Marvel Stadium', 'short_name': 'Marvel', 'abbrev': 'MARV'}",99.4318,,1.0569476082004556,5289.6551724137935,,86078,116859,Lester,Grand Theft Zorko
13,631,owner,116698.0,,992468,Rowan,Marshall,STK,0,6,0,516600,433,0,5,0,-86900,84,0,0,527,2025-04-13T12:26:12+10:00,0,46,0,43,0,27,0,21,0,5,0,-9,0,99,0,1,0,2,86.6,4253,86.6,76.6667,WBD,92.2,1,"{'id': 2, 'abbrev': 'BRL', 'name': 'Brisbane'}",0,"{'id': 6, 'abbrev': 'FRE', 'name': 'Fremantle'}",0,"{'id': 3, 'abbrev': 'CAR', 'name': 'Carlton'}",0,Docklands Stadium,104.176,"{'id': 7, 'name': 'Docklands Stadium', 'display_name': 'Marvel Stadium', 'short_name': 'Marvel', 'abbrev': 'MARV'}","{'id': 7, 'name': 'Docklands Stadium', 'display_name': 'Marvel Stadium', 'short_name': 'Marvel', 'abbrev': 'MARV'}","{'id': 13, 'name': 'Melbourne Cricket Ground', 'display_name': 'MCG', 'short_name': 'MCG', 'abbrev': 'MCG'}",96.6591,,0.8216318785578748,5965.357967667437,,300791,116698,Paul,SerongWayToTheTop
14,58,owner,116698.0,,993834,Josh,Dunkley,BRL,0,6,0,579900,597,0,5,0,-22400,7,0,0,539,2025-04-13T12:26:12+10:00,0,70,0,58,0,22,0,40,0,11,0,-4,0,0,0,2,0,2,119.4,4371,119.4,102.333,COL,94.0,0,"{'id': 13, 'abbrev': 'STK', 'name': 'St Kilda'}",1,"{'id': 17, 'abbrev': 'GCS', 'name': 'Gold Coast'}",0,"{'id': 9, 'abbrev': 'NTH', 'name': 'North Melbourne'}",1,Brisbane Cricket Ground,109.731,"{'id': 7, 'name': 'Docklands Stadium', 'display_name': 'Marvel Stadium', 'short_name': 'Marvel', 'abbrev': 'MARV'}","{'id': 4, 'name': 'Brisbane Cricket Ground', 'display_name': 'Gabba', 'short_name': 'Gabba', 'abbrev': 'G'}","{'id': 226, 'name': 'Ninja Stadium', 'display_name': 'Ninja Stadium', 'short_name': 'Ninja', 'abbrev': 'NIN'}",99.3409,,1.1076066790352506,4856.78391959799,,300791,116698,Paul,SerongWayToTheTop
15,388,owner,118554.0,,294305,Lachie,Whitfield,GWS,0,6,0,598700,582,0,5,0,600,9,0,0,511,2025-04-13T12:26:12+10:00,0,106,0,47,0,35,0,13,0,3,0,-6,0,0,0,0,0,1,116.4,4384,116.4,114.333,ADE,91.2727,1,"{'id': 15, 'abbrev': 'WBD', 'name': 'Western Bulldogs'}",0,"{'id': 14, 'abbrev': 'SYD', 'name': 'Sydney'}",1,"{'id': 7, 'abbrev': 'GEE', 'name': 'Geelong'}",1,Adelaide Oval,92.5833,"{'id': 11, 'name': 'Manuka Oval', 'display_name': 'Manuka Oval', 'short_name': 'Manuka', 'abbrev': 'MO'}","{'id': 16, 'name': 'Sydney Cricket Ground', 'display_name': 'SCG', 'short_name': 'SCG', 'abbrev': 'SCG'}","{'id': 10, 'name': 'Kardinia Park', 'display_name': 'GMHBA Stadium', 'short_name': 'GMHBA', 'abbrev': 'GMS'}",99.6364,,1.1389432485322897,5143.470790378006,,180650,118554,Jordan,Hornehub
16,98,owner,118554.0,,990704,Patrick,Cripps,CAR,0,6,0,505400,482,0,5,0,-89900,49,0,0,515,2025-04-13T12:26:12+10:00,0,47,0,74,0,10,0,18,0,9,0,-9,0,5,0,4,0,5,96.4,4346,96.4,84.6667,NTH,103.636,1,"{'id': 7, 'abbrev': 'GEE', 'name': 'Geelong'}",0,"{'id': 1, 'abbrev': 'ADE', 'name': 'Adelaide'}",1,"{'id': 13, 'abbrev': 'STK', 'name': 'St Kilda'}",1,Docklands Stadium,102.364,"{'id': 13, 'name': 'Melbourne Cricket Ground', 'display_name': 'MCG', 'short_name': 'MCG', 'abbrev': 'MCG'}","{'id': 1, 'name': 'Adelaide Oval', 'display_name': 'Adelaide Oval', 'short_name': 'Adelaide', 'abbrev': 'AO'}","{'id': 13, 'name': 'Melbourne Cricket Ground', 'display_name': 'MCG', 'short_name': 'MCG', 'abbrev': 'MCG'}",98.7727,,0.9359223300970874,5242.738589211618,,180650,118554,Jordan,Hornehub
17,87,owner,116859.0,,261224,Dayne,Zorko,BRL,0,6,0,591700,586,0,5,0,-3400,8,0,0,544,2025-04-13T12:26:12+10:00,0,106,0,20,0,34,0,13,0,4,0,-3,0,0,0,3,0,1,117.2,4379,117.2,103.667,COL,105.882,0,"{'id': 13, 'abbrev': 'STK', 'name': 'St Kilda'}",1,"{'id': 17, 'abbrev': 'GCS', 'name': 'Gold Coast'}",0,"{'id': 9, 'abbrev': 'NTH', 'name': 'North Melbourne'}",1,Brisbane Cricket Ground,104.433,"{'id': 7, 'name': 'Docklands Stadium', 'display_name': 'Marvel Stadium', 'short_name': 'Marvel', 'abbrev': 'MARV'}","{'id': 4, 'name': 'Brisbane Cricket Ground', 'display_name': 'Gabba', 'short_name': 'Gabba', 'abbrev': 'G'}","{'id': 226, 'name': 'Ninja Stadium', 'display_name': 'Ninja Stadium', 'short_name': 'Ninja', 'abbrev': 'NIN'}",99.5227,,1.0772058823529411,5048.634812286689,,86078,116859,Lester,Grand Theft Zorko
18,766,owner,118706.0,,294859,Jeremy,McGovern,WCE,0,6,0,564700,286,0,3,0,-29400,262,0,0,306,2025-04-13T12:26:13+10:00,0,37,0,17,0,13,0,4,0,1,0,-3,0,0,0,0,0,0,95.3333,4085,95.3333,95.3333,ESS,83.2,0,"{'id': 8, 'abbrev': 'HAW', 'name': 'Hawthorn'}",1,"{'id': 10, 'abbrev': 'MEL', 'name': 'Melbourne'}",0,"{'id': 12, 'abbrev': 'RIC', 'name': 'Richmond'}",1,Perth Stadium,90.85,"{'id': 7, 'name': 'Docklands Stadium', 'display_name': 'Marvel Stadium', 'short_name': 'Marvel', 'abbrev': 'MARV'}","{'id': 53, 'name': 'Perth Stadium', 'display_name': 'Optus Stadium', 'short_name': 'Optus', 'abbrev': 'OS'}","{'id': 13, 'name': 'Melbourne Cricket Ground', 'display_name': 'MCG', 'short_name': 'MCG', 'abbrev': 'MCG'}",92.8409,,0.934640522875817,5923.428644555471,,8258,118706,Simon,Meeky Blinders
19,591,owner,116793.0,,298174,Toby,Nankervis,RIC,0,6,0,548000,516,0,5,0,-46000,33,0,0,524,2025-04-13T12:26:12+10:00,0,43,0,44,0,12,0,10,0,6,0,-11,0,183,0,2,0,2,103.2,4230,103.2,111.667,GCS,69.6667,0,"{'id': 10, 'abbrev': 'MEL', 'name': 'Melbourne'}",1,"{'id': 8, 'abbrev': 'HAW', 'name': 'Hawthorn'}",1,"{'id': 16, 'abbrev': 'WCE', 'name': 'West Coast'}",0,Docklands Stadium,100.143,"{'id': 13, 'name': 'Melbourne Cricket Ground', 'display_name': 'MCG', 'short_name': 'MCG', 'abbrev': 'MCG'}","{'id': 13, 'name': 'Melbourne Cricket Ground', 'display_name': 'MCG', 'short_name': 'MCG', 'abbrev': 'MCG'}","{'id': 13, 'name': 'Melbourne Cricket Ground', 'display_name': 'MCG', 'short_name': 'MCG', 'abbrev': 'MCG'}",96.1364,,0.9847328244274809,5310.0775193798445,,45168,116793,Luke,Duke Newcombe
20,639,owner,116970.0,,994389,Jack,Sinclair,STK,0,6,0,642200,628,0,5,0,50000,2,0,0,540,2025-04-13T12:26:12+10:00,0,101,0,37,0,24,0,15,0,5,0,0,0,0,0,4,0,1,125.6,4375,125.6,129.333,WBD,74.7,1,"{'id': 2, 'abbrev': 'BRL', 'name': 'Brisbane'}",0,"{'id': 6, 'abbrev': 'FRE', 'name': 'Fremantle'}",0,"{'id': 3, 'abbrev': 'CAR', 'name': 'Carlton'}",0,Docklands Stadium,91.7143,"{'id': 7, 'name': 'Docklands Stadium', 'display_name': 'Marvel Stadium', 'short_name': 'Marvel', 'abbrev': 'MARV'}","{'id': 7, 'name': 'Docklands Stadium', 'display_name': 'Marvel Stadium', 'short_name': 'Marvel', 'abbrev': 'MARV'}","{'id': 13, 'name': 'Melbourne Cricket Ground', 'display_name': 'MCG', 'short_name': 'MCG', 'abbrev': 'MCG'}",99.4318,,1.162962962962963,5113.0573248407645,,21562,116970,Mark,Sheez Nutz
21,219,owner,116793.0,,1002232,Andrew,Brayshaw,FRE,0,6,0,624000,628,0,5,0,32200,2,0,0,523,2025-04-13T12:26:12+10:00,0,55,0,79,0,8,0,40,0,8,0,-2,0,0,0,2,0,3,125.6,4367,125.6,140.333,MEL,107.111,1,"{'id': 1, 'abbrev': 'ADE', 'name': 'Adelaide'}",0,"{'id': 13, 'abbrev': 'STK', 'name': 'St Kilda'}",1,"{'id': 4, 'abbrev': 'COL', 'name': 'Collingwood'}",0,Melbourne Cricket Ground,104.333,"{'id': 53, 'name': 'Perth Stadium', 'display_name': 'Optus Stadium', 'short_name': 'Optus', 'abbrev': 'OS'}","{'id': 7, 'name': 'Docklands Stadium', 'display_name': 'Marvel Stadium', 'short_name': 'Marvel', 'abbrev': 'MARV'}","{'id': 53, 'name': 'Perth Stadium', 'display_name': 'Optus Stadium', 'short_name': 'Optus', 'abbrev': 'OS'}",99.25,,1.2007648183556405,4968.152866242039,,45168,116793,Luke,Duke Newcombe
22,484,owner,116859.0,,1002267,Luke,Davies-Uniacke,NTH,0,6,0,504700,464,0,5,0,-83300,62,0,0,551,2025-04-13T12:26:12+10:00,0,63,0,50,0,24,0,20,0,3,0,-5,0,0,0,2,0,4,92.8,4233,92.8,89.3333,CAR,74.7143,0,"{'id': 11, 'abbrev': 'PTA', 'name': 'Port Adelaide'}",1,"{'id': 5, 'abbrev': 'ESS', 'name': 'Essendon'}",1,"{'id': 2, 'abbrev': 'BRL', 'name': 'Brisbane'}",0,Docklands Stadium,90.1429,"{'id': 1, 'name': 'Adelaide Oval', 'display_name': 'Adelaide Oval', 'short_name': 'Adelaide', 'abbrev': 'AO'}","{'id': 7, 'name': 'Docklands Stadium', 'display_name': 'Marvel Stadium', 'short_name': 'Marvel', 'abbrev': 'MARV'}","{'id': 226, 'name': 'Ninja Stadium', 'display_name': 'Ninja Stadium', 'short_name': 'Ninja', 'abbrev': 'NIN'}",96.2045,,0.8421052631578947,5438.577586206897,,86078,116859,Lester,Grand Theft Zorko
23,640,owner,116793.0,,296205,Jack,Steele,STK,0,6,0,548300,266,0,3,0,-36900,285,0,0,296,2025-04-13T12:26:13+10:00,0,25,0,36,0,10,0,24,0,3,0,-2,0,0,0,0,0,1,88.6667,4103,88.6667,88.6667,WBD,104.0,1,"{'id': 2, 'abbrev': 'BRL', 'name': 'Brisbane'}",0,"{'id': 6, 'abbrev': 'FRE', 'name': 'Fremantle'}",0,"{'id': 3, 'abbrev': 'CAR', 'name': 'Carlton'}",0,Docklands Stadium,103.874,"{'id': 7, 'name': 'Docklands Stadium', 'display_name': 'Marvel Stadium', 'short_name': 'Marvel', 'abbrev': 'MARV'}","{'id': 7, 'name': 'Docklands Stadium', 'display_name': 'Marvel Stadium', 'short_name': 'Marvel', 'abbrev': 'MARV'}","{'id': 13, 'name': 'Melbourne Cricket Ground', 'display_name': 'MCG', 'short_name': 'MCG', 'abbrev': 'MCG'}",93.25,,0.8986486486486487,6183.832261717194,,45168,116793,Luke,Duke Newcombe
24,125,owner,116970.0,,1006094,Sam,Walsh,CAR,0,6,0,540600,516,0,5,0,-43300,33,0,0,523,2025-04-13T12:26:12+10:00,0,58,0,83,0,15,0,31,0,7,0,-5,0,0,0,4,0,1,103.2,4243,103.2,111.667,NTH,106.6,1,"{'id': 7, 'abbrev': 'GEE', 'name': 'Geelong'}",0,"{'id': 1, 'abbrev': 'ADE', 'name': 'Adelaide'}",1,"{'id': 13, 'abbrev': 'STK', 'name': 'St Kilda'}",1,Docklands Stadium,107.077,"{'id': 13, 'name': 'Melbourne Cricket Ground', 'display_name': 'MCG', 'short_name': 'MCG', 'abbrev': 'MCG'}","{'id': 1, 'name': 'Adelaide Oval', 'display_name': 'Adelaide Oval', 'short_name': 'Adelaide', 'abbrev': 'AO'}","{'id': 13, 'name': 'Melbourne Cricket Ground', 'display_name': 'MCG', 'short_name': 'MCG', 'abbrev': 'MCG'}",96.4318,,0.9866156787762906,5238.372093023256,,21562,116970,Mark,Sheez Nutz
25,706,owner,116698.0,,1004592,Tim,English,WBD,0,6,0,523200,471,0,5,0,-58700,55,0,0,524,2025-04-13T12:26:12+10:00,0,43,0,35,0,24,0,16,0,5,0,-7,0,164,0,0,0,2,94.2,4242,94.2,100.0,STK,83.5,0,"{'id': 18, 'abbrev': 'GWS', 'name': 'GWS Giants'}",1,"{'id': 11, 'abbrev': 'PTA', 'name': 'Port Adelaide'}",0,"{'id': 17, 'abbrev': 'GCS', 'name': 'Gold Coast'}",1,Docklands Stadium,94.2419,"{'id': 11, 'name': 'Manuka Oval', 'display_name': 'Manuka Oval', 'short_name': 'Manuka', 'abbrev': 'MO'}","{'id': 55, 'name': 'Eureka Stadium', 'display_name': 'Mars Stadium', 'short_name': 'Mars', 'abbrev': 'MARS'}","{'id': 12, 'name': 'Marrara Oval', 'display_name': 'TIO Stadium', 'short_name': 'TIO', 'abbrev': 'TIO'}",96.4091,,0.898854961832061,5554.140127388535,,300791,116698,Paul,SerongWayToTheTop
26,300,owner,118706.0,,291975,Jarrod,Witts,GCS,0,6,0,554100,426,0,4,0,-27200,91,0,0,435,2025-04-13T12:26:12+10:00,0,20,0,32,0,5,0,15,0,12,0,-3,0,176,0,1,0,1,106.5,4180,106.5,94.0,RIC,97.4,1,"{'id': 14, 'abbrev': 'SYD', 'name': 'Sydney'}",0,"{'id': 2, 'abbrev': 'BRL', 'name': 'Brisbane'}",1,"{'id': 15, 'abbrev': 'WBD', 'name': 'Western Bulldogs'}",0,Docklands Stadium,86.2727,"{'id': 5, 'name': 'Carrara Stadium', 'display_name': 'People First Stadium', 'short_name': 'People First', 'abbrev': 'PFS'}","{'id': 4, 'name': 'Brisbane Cricket Ground', 'display_name': 'Gabba', 'short_name': 'Gabba', 'abbrev': 'G'}","{'id': 12, 'name': 'Marrara Oval', 'display_name': 'TIO Stadium', 'short_name': 'TIO', 'abbrev': 'TIO'}",95.0,,0.9793103448275862,5202.816901408451,,8258,118706,Simon,Meeky Blinders
27,146,owner,116698.0,,994295,Dan,Houston,COL,0,6,0,562900,316,0,3,0,-12700,234,0,0,298,2025-04-13T12:26:13+10:00,0,41,0,24,0,9,0,8,0,1,0,-2,0,0,0,1,0,1,105.333,4311,105.333,105.333,BRL,87.4444,1,"{'id': 5, 'abbrev': 'ESS', 'name': 'Essendon'}",0,"{'id': 7, 'abbrev': 'GEE', 'name': 'Geelong'}",0,"{'id': 6, 'abbrev': 'FRE', 'name': 'Fremantle'}",1,Brisbane Cricket Ground,94.75,"{'id': 13, 'name': 'Melbourne Cricket Ground', 'display_name': 'MCG', 'short_name': 'MCG', 'abbrev': 'MCG'}","{'id': 13, 'name': 'Melbourne Cricket Ground', 'display_name': 'MCG', 'short_name': 'MCG', 'abbrev': 'MCG'}","{'id': 53, 'name': 'Perth Stadium', 'display_name': 'Optus Stadium', 'short_name': 'Optus', 'abbrev': 'OS'}",97.9773,,1.0604026845637584,5344.004253178016,,300791,116698,Paul,SerongWayToTheTop
28,259,owner,116859.0,,1009199,Noah,Anderson,GCS,0,6,0,567200,460,0,4,0,-7700,67,0,0,440,2025-04-13T12:26:12+10:00,0,62,0,60,0,12,0,17,0,4,0,-1,0,0,0,1,0,3,115.0,4324,115.0,108.0,RIC,134.8,1,"{'id': 14, 'abbrev': 'SYD', 'name': 'Sydney'}",0,"{'id': 2, 'abbrev': 'BRL', 'name': 'Brisbane'}",1,"{'id': 15, 'abbrev': 'WBD', 'name': 'Western Bulldogs'}",0,Docklands Stadium,98.6429,"{'id': 5, 'name': 'Carrara Stadium', 'display_name': 'People First Stadium', 'short_name': 'People First', 'abbrev': 'PFS'}","{'id': 4, 'name': 'Brisbane Cricket Ground', 'display_name': 'Gabba', 'short_name': 'Gabba', 'abbrev': 'G'}","{'id': 12, 'name': 'Marrara Oval', 'display_name': 'TIO Stadium', 'short_name': 'TIO', 'abbrev': 'TIO'}",98.2727,,1.0454545454545454,4932.173913043478,,86078,116859,Lester,Grand Theft Zorko
29,666,owner,116970.0,,293957,Brodie,Grundy,SYD,0,6,0,530400,495,0,5,0,-44000,43,0,0,479,2025-04-13T12:26:12+10:00,0,27,0,54,0,15,0,16,0,5,0,-8,0,156,0,0,0,0,99.0,3836,99.0,107.0,PTA,103.8,0,"{'id': 17, 'abbrev': 'GCS', 'name': 'Gold Coast'}",1,"{'id': 18, 'abbrev': 'GWS', 'name': 'GWS Giants'}",0,"{'id': 5, 'abbrev': 'ESS', 'name': 'Essendon'}",1,Sydney Cricket Ground,117.278,"{'id': 5, 'name': 'Carrara Stadium', 'display_name': 'People First Stadium', 'short_name': 'People First', 'abbrev': 'PFS'}","{'id': 16, 'name': 'Sydney Cricket Ground', 'display_name': 'SCG', 'short_name': 'SCG', 'abbrev': 'SCG'}","{'id': 7, 'name': 'Docklands Stadium', 'display_name': 'Marvel Stadium', 'short_name': 'Marvel', 'abbrev': 'MARV'}",87.1818,,1.033402922755741,5357.575757575758,,21562,116970,Mark,Sheez Nutz
30,362,owner,116887.0,,1009528,Tom,Green,GWS,0,6,0,564600,445,0,4,0,-9600,75,0,0,404,2025-04-13T12:26:12+10:00,0,53,0,78,0,12,0,15,0,4,0,-4,0,1,0,3,0,2,111.25,4269,111.25,110.0,ADE,117.25,1,"{'id': 15, 'abbrev': 'WBD', 'name': 'Western Bulldogs'}",0,"{'id': 14, 'abbrev': 'SYD', 'name': 'Sydney'}",1,"{'id': 7, 'abbrev': 'GEE', 'name': 'Geelong'}",1,Adelaide Oval,102.8,"{'id': 11, 'name': 'Manuka Oval', 'display_name': 'Manuka Oval', 'short_name': 'Manuka', 'abbrev': 'MO'}","{'id': 16, 'name': 'Sydney Cricket Ground', 'display_name': 'SCG', 'short_name': 'SCG', 'abbrev': 'SCG'}","{'id': 10, 'name': 'Kardinia Park', 'display_name': 'GMHBA Stadium', 'short_name': 'GMHBA', 'abbrev': 'GMS'}",97.0227,,1.1014851485148516,5075.056179775281,,10857,116887,Anthony,Work From Holmes
31,7,owner,116887.0,,297401,Matt,Crouch,ADE,0,6,0,513700,346,0,4,0,-54900,184,0,0,358,2025-04-13T12:26:13+10:00,0,39,0,71,0,14,0,16,0,4,0,-8,0,0,0,1,0,0,86.5,3740,86.5,87.3333,GWS,109.375,0,"{'id': 6, 'abbrev': 'FRE', 'name': 'Fremantle'}",1,"{'id': 3, 'abbrev': 'CAR', 'name': 'Carlton'}",0,"{'id': 11, 'abbrev': 'PTA', 'name': 'Port Adelaide'}",1,Adelaide Oval,97.4235,"{'id': 53, 'name': 'Perth Stadium', 'display_name': 'Optus Stadium', 'short_name': 'Optus', 'abbrev': 'OS'}","{'id': 1, 'name': 'Adelaide Oval', 'display_name': 'Adelaide Oval', 'short_name': 'Adelaide', 'abbrev': 'AO'}","{'id': 1, 'name': 'Adelaide Oval', 'display_name': 'Adelaide Oval', 'short_name': 'Adelaide', 'abbrev': 'AO'}",85.0,,0.9664804469273743,5938.728323699422,,10857,116887,Anthony,Work From Holmes
32,131,owner,117113.0,,990291,Darcy,Cameron,COL,0,6,0,546700,560,0,5,0,-19800,14,0,0,494,2025-04-13T12:26:12+10:00,0,63,0,34,0,23,0,18,0,18,0,-8,0,142,0,0,0,2,112.0,4201,112.0,107.333,BRL,75.4,1,"{'id': 5, 'abbrev': 'ESS', 'name': 'Essendon'}",0,"{'id': 7, 'abbrev': 'GEE', 'name': 'Geelong'}",0,"{'id': 6, 'abbrev': 'FRE', 'name': 'Fremantle'}",1,Brisbane Cricket Ground,39.8333,"{'id': 13, 'name': 'Melbourne Cricket Ground', 'display_name': 'MCG', 'short_name': 'MCG', 'abbrev': 'MCG'}","{'id': 13, 'name': 'Melbourne Cricket Ground', 'display_name': 'MCG', 'short_name': 'MCG', 'abbrev': 'MCG'}","{'id': 53, 'name': 'Perth Stadium', 'display_name': 'Optus Stadium', 'short_name': 'Optus', 'abbrev': 'OS'}",95.4773,,1.1336032388663968,4881.25,,71052,117113,James,Baker-Street Boys
33,196,owner,117113.0,,1012013,Nic,Martin,ESS,0,6,0,516500,361,0,4,0,-49500,155,0,0,486,2025-04-13T12:26:12+10:00,0,54,0,38,0,30,0,7,0,2,0,-2,0,0,0,3,0,2,90.25,4193,90.25,95.6667,WCE,102.2,1,"{'id': 4, 'abbrev': 'COL', 'name': 'Collingwood'}",1,"{'id': 9, 'abbrev': 'NTH', 'name': 'North Melbourne'}",0,"{'id': 14, 'abbrev': 'SYD', 'name': 'Sydney'}",0,Perth Stadium,116.0,"{'id': 13, 'name': 'Melbourne Cricket Ground', 'display_name': 'MCG', 'short_name': 'MCG', 'abbrev': 'MCG'}","{'id': 7, 'name': 'Docklands Stadium', 'display_name': 'Marvel Stadium', 'short_name': 'Marvel', 'abbrev': 'MARV'}","{'id': 7, 'name': 'Docklands Stadium', 'display_name': 'Marvel Stadium', 'short_name': 'Marvel', 'abbrev': 'MARV'}",95.2955,,0.742798353909465,5722.991689750693,,71052,117113,James,Baker-Street Boys
34,223,owner,117113.0,,1006152,Jordan,Clark,FRE,0,6,0,547700,538,0,5,0,-16000,20,0,0,563,2025-04-13T12:26:12+10:00,0,73,0,41,0,26,0,14,0,3,0,-4,0,0,0,1,0,1,107.6,4320,107.6,103.0,MEL,86.4286,1,"{'id': 1, 'abbrev': 'ADE', 'name': 'Adelaide'}",0,"{'id': 13, 'abbrev': 'STK', 'name': 'St Kilda'}",1,"{'id': 4, 'abbrev': 'COL', 'name': 'Collingwood'}",0,Melbourne Cricket Ground,72.2308,"{'id': 53, 'name': 'Perth Stadium', 'display_name': 'Optus Stadium', 'short_name': 'Optus', 'abbrev': 'OS'}","{'id': 7, 'name': 'Docklands Stadium', 'display_name': 'Marvel Stadium', 'short_name': 'Marvel', 'abbrev': 'MARV'}","{'id': 53, 'name': 'Perth Stadium', 'display_name': 'Optus Stadium', 'short_name': 'Optus', 'abbrev': 'OS'}",98.1818,,0.955595026642984,5090.148698884758,,71052,117113,James,Baker-Street Boys
35,720,owner,116698.0,,290799,Tom,Liberatore,WBD,0,6,0,589800,598,0,5,0,28100,6,0,0,533,2025-04-13T12:26:12+10:00,0,73,0,73,0,17,0,29,0,7,0,-4,0,0,0,2,0,1,119.6,4292,119.6,112.0,STK,82.0909,0,"{'id': 18, 'abbrev': 'GWS', 'name': 'GWS Giants'}",1,"{'id': 11, 'abbrev': 'PTA', 'name': 'Port Adelaide'}",0,"{'id': 17, 'abbrev': 'GCS', 'name': 'Gold Coast'}",1,Docklands Stadium,95.8852,"{'id': 11, 'name': 'Manuka Oval', 'display_name': 'Manuka Oval', 'short_name': 'Manuka', 'abbrev': 'MO'}","{'id': 55, 'name': 'Eureka Stadium', 'display_name': 'Mars Stadium', 'short_name': 'Mars', 'abbrev': 'MARS'}","{'id': 12, 'name': 'Marrara Oval', 'display_name': 'TIO Stadium', 'short_name': 'TIO', 'abbrev': 'TIO'}",97.5455,,1.1219512195121952,4931.438127090301,,300791,116698,Paul,SerongWayToTheTop
36,20,owner,116698.0,,293222,Rory,Laird,ADE,0,6,0,511500,471,0,5,0,-49600,55,0,0,512,2025-04-13T12:26:12+10:00,0,58,0,65,0,29,0,13,0,4,0,0,0,0,0,0,0,0,94.2,4058,94.2,93.6667,GWS,91.2143,0,"{'id': 6, 'abbrev': 'FRE', 'name': 'Fremantle'}",1,"{'id': 3, 'abbrev': 'CAR', 'name': 'Carlton'}",0,"{'id': 11, 'abbrev': 'PTA', 'name': 'Port Adelaide'}",1,Adelaide Oval,104.912,"{'id': 53, 'name': 'Perth Stadium', 'display_name': 'Optus Stadium', 'short_name': 'Optus', 'abbrev': 'OS'}","{'id': 1, 'name': 'Adelaide Oval', 'display_name': 'Adelaide Oval', 'short_name': 'Adelaide', 'abbrev': 'AO'}","{'id': 1, 'name': 'Adelaide Oval', 'display_name': 'Adelaide Oval', 'short_name': 'Adelaide', 'abbrev': 'AO'}",92.2273,,0.919921875,5429.936305732484,,300791,116698,Paul,SerongWayToTheTop
37,691,owner,118706.0,,1012014,Chad,Warner,SYD,0,6,0,499400,450,0,5,0,-60300,73,0,0,512,2025-04-13T12:26:12+10:00,0,71,0,30,0,24,0,11,0,6,0,-9,0,0,0,7,0,4,90.0,4217,90.0,85.6667,PTA,91.6667,0,"{'id': 17, 'abbrev': 'GCS', 'name': 'Gold Coast'}",1,"{'id': 18, 'abbrev': 'GWS', 'name': 'GWS Giants'}",0,"{'id': 5, 'abbrev': 'ESS', 'name': 'Essendon'}",1,Sydney Cricket Ground,96.2195,"{'id': 5, 'name': 'Carrara Stadium', 'display_name': 'People First Stadium', 'short_name': 'People First', 'abbrev': 'PFS'}","{'id': 16, 'name': 'Sydney Cricket Ground', 'display_name': 'SCG', 'short_name': 'SCG', 'abbrev': 'SCG'}","{'id': 7, 'name': 'Docklands Stadium', 'display_name': 'Marvel Stadium', 'short_name': 'Marvel', 'abbrev': 'MARV'}",95.8409,,0.87890625,5548.888888888889,,8258,118706,Simon,Meeky Blinders
38,414,owner,118706.0,,1000980,Lloyd,Meek,HAW,0,6,0,529500,517,0,5,0,-28100,31,0,0,539,2025-04-13T12:26:12+10:00,0,23,0,42,0,9,0,19,0,6,0,-5,0,161,0,5,0,0,103.4,4079,103.4,104.333,GEE,87.0,1,"{'id': 16, 'abbrev': 'WCE', 'name': 'West Coast'}",0,"{'id': 12, 'abbrev': 'RIC', 'name': 'Richmond'}",0,"{'id': 10, 'abbrev': 'MEL', 'name': 'Melbourne'}",1,Melbourne Cricket Ground,77.1333,"{'id': 7, 'name': 'Docklands Stadium', 'display_name': 'Marvel Stadium', 'short_name': 'Marvel', 'abbrev': 'MARV'}","{'id': 13, 'name': 'Melbourne Cricket Ground', 'display_name': 'MCG', 'short_name': 'MCG', 'abbrev': 'MCG'}","{'id': 13, 'name': 'Melbourne Cricket Ground', 'display_name': 'MCG', 'short_name': 'MCG', 'abbrev': 'MCG'}",92.7045,,0.9591836734693877,5120.889748549323,,8258,118706,Simon,Meeky Blinders
39,460,owner,116970.0,,298210,Christian,Petracca,MEL,0,6,0,483200,444,0,5,0,-73000,77,0,0,546,2025-04-13T12:26:12+10:00,0,57,0,64,0,19,0,14,0,4,0,-4,0,0,0,6,0,5,88.8,4220,88.8,89.3333,FRE,101.1,0,"{'id': 12, 'abbrev': 'RIC', 'name': 'Richmond'}",0,"{'id': 16, 'abbrev': 'WCE', 'name': 'West Coast'}",1,"{'id': 8, 'abbrev': 'HAW', 'name': 'Hawthorn'}",0,Melbourne Cricket Ground,95.4835,"{'id': 13, 'name': 'Melbourne Cricket Ground', 'display_name': 'MCG', 'short_name': 'MCG', 'abbrev': 'MCG'}","{'id': 53, 'name': 'Perth Stadium', 'display_name': 'Optus Stadium', 'short_name': 'Optus', 'abbrev': 'OS'}","{'id': 13, 'name': 'Melbourne Cricket Ground', 'display_name': 'MCG', 'short_name': 'MCG', 'abbrev': 'MCG'}",95.9091,,0.8131868131868132,5441.441441441441,,21562,116970,Mark,Sheez Nutz
40,207,owner,118706.0,,1001026,Jordan,Ridley,ESS,0,6,0,508900,231,0,3,0,-43700,326,0,0,275,2025-04-13T12:26:13+10:00,0,38,0,19,0,16,0,2,0,1,0,-4,0,0,0,0,0,1,77.0,3628,77.0,77.0,WCE,102.8,1,"{'id': 4, 'abbrev': 'COL', 'name': 'Collingwood'}",1,"{'id': 9, 'abbrev': 'NTH', 'name': 'North Melbourne'}",0,"{'id': 14, 'abbrev': 'SYD', 'name': 'Sydney'}",0,Perth Stadium,102.2,"{'id': 13, 'name': 'Melbourne Cricket Ground', 'display_name': 'MCG', 'short_name': 'MCG', 'abbrev': 'MCG'}","{'id': 7, 'name': 'Docklands Stadium', 'display_name': 'Marvel Stadium', 'short_name': 'Marvel', 'abbrev': 'MARV'}","{'id': 7, 'name': 'Docklands Stadium', 'display_name': 'Marvel Stadium', 'short_name': 'Marvel', 'abbrev': 'MARV'}",82.4545,,0.84,6609.090909090909,,8258,118706,Simon,Meeky Blinders
41,286,owner,116970.0,,298272,Touk,Miller,GCS,0,6,0,567700,469,0,4,0,15100,58,0,0,415,2025-04-13T12:26:12+10:00,0,46,0,54,0,19,0,12,0,6,0,-3,0,0,0,7,0,3,117.25,4159,117.25,113.667,RIC,92.1,1,"{'id': 14, 'abbrev': 'SYD', 'name': 'Sydney'}",0,"{'id': 2, 'abbrev': 'BRL', 'name': 'Brisbane'}",1,"{'id': 15, 'abbrev': 'WBD', 'name': 'Western Bulldogs'}",0,Docklands Stadium,99.16,"{'id': 5, 'name': 'Carrara Stadium', 'display_name': 'People First Stadium', 'short_name': 'People First', 'abbrev': 'PFS'}","{'id': 4, 'name': 'Brisbane Cricket Ground', 'display_name': 'Gabba', 'short_name': 'Gabba', 'abbrev': 'G'}","{'id': 12, 'name': 'Marrara Oval', 'display_name': 'TIO Stadium', 'short_name': 'TIO', 'abbrev': 'TIO'}",94.5227,,1.1301204819277109,4841.79104477612,,21562,116970,Mark,Sheez Nutz
42,10,owner,116793.0,,992242,Jordan,Dawson,ADE,0,6,0,532700,507,0,5,0,-17600,38,0,0,539,2025-04-13T12:26:12+10:00,0,91,0,40,0,28,0,28,0,6,0,-6,0,0,0,2,0,6,101.4,4245,101.4,93.3333,GWS,97.1111,0,"{'id': 6, 'abbrev': 'FRE', 'name': 'Fremantle'}",1,"{'id': 3, 'abbrev': 'CAR', 'name': 'Carlton'}",0,"{'id': 11, 'abbrev': 'PTA', 'name': 'Port Adelaide'}",1,Adelaide Oval,112.659,"{'id': 53, 'name': 'Perth Stadium', 'display_name': 'Optus Stadium', 'short_name': 'Optus', 'abbrev': 'OS'}","{'id': 1, 'name': 'Adelaide Oval', 'display_name': 'Adelaide Oval', 'short_name': 'Adelaide', 'abbrev': 'AO'}","{'id': 1, 'name': 'Adelaide Oval', 'display_name': 'Adelaide Oval', 'short_name': 'Adelaide', 'abbrev': 'AO'}",96.4773,,0.9406307977736549,5253.451676528599,,45168,116793,Luke,Duke Newcombe
43,294,owner,117113.0,,1009208,Matt,Rowell,GCS,0,6,0,559100,473,0,4,0,8800,53,0,0,426,2025-04-13T12:26:12+10:00,0,56,0,53,0,8,0,30,0,8,0,-8,0,0,0,1,0,2,118.25,4241,118.25,112.0,RIC,105.6,1,"{'id': 14, 'abbrev': 'SYD', 'name': 'Sydney'}",0,"{'id': 2, 'abbrev': 'BRL', 'name': 'Brisbane'}",1,"{'id': 15, 'abbrev': 'WBD', 'name': 'Western Bulldogs'}",0,Docklands Stadium,79.6429,"{'id': 5, 'name': 'Carrara Stadium', 'display_name': 'People First Stadium', 'short_name': 'People First', 'abbrev': 'PFS'}","{'id': 4, 'name': 'Brisbane Cricket Ground', 'display_name': 'Gabba', 'short_name': 'Gabba', 'abbrev': 'G'}","{'id': 12, 'name': 'Marrara Oval', 'display_name': 'TIO Stadium', 'short_name': 'TIO', 'abbrev': 'TIO'}",96.3864,,1.1103286384976525,4728.118393234672,,71052,117113,James,Baker-Street Boys
44,100,owner,117113.0,,1004912,Tom,De Koning,CAR,0,6,0,576000,604,0,5,0,28900,4,0,0,506,2025-04-13T12:26:12+10:00,0,48,0,60,0,19,0,17,0,11,0,-9,0,151,0,0,0,2,120.8,4321,120.8,117.333,NTH,77.8,1,"{'id': 7, 'abbrev': 'GEE', 'name': 'Geelong'}",0,"{'id': 1, 'abbrev': 'ADE', 'name': 'Adelaide'}",1,"{'id': 13, 'abbrev': 'STK', 'name': 'St Kilda'}",1,Docklands Stadium,79.1538,"{'id': 13, 'name': 'Melbourne Cricket Ground', 'display_name': 'MCG', 'short_name': 'MCG', 'abbrev': 'MCG'}","{'id': 1, 'name': 'Adelaide Oval', 'display_name': 'Adelaide Oval', 'short_name': 'Adelaide', 'abbrev': 'AO'}","{'id': 13, 'name': 'Melbourne Cricket Ground', 'display_name': 'MCG', 'short_name': 'MCG', 'abbrev': 'MCG'}",98.2045,,1.1936758893280632,4768.211920529801,,71052,117113,James,Baker-Street Boys
45,257,owner,116793.0,,1009256,Hayden,Young,FRE,0,6,0,546100,79,0,1,0,0,457,0,0,85,2025-04-13T12:26:14+10:00,0,13,0,5,0,3,0,5,0,0,0,0,0,0,0,2,0,0,79.0,3733,79.0,79.0,MEL,99.0,1,"{'id': 1, 'abbrev': 'ADE', 'name': 'Adelaide'}",0,"{'id': 13, 'abbrev': 'STK', 'name': 'St Kilda'}",1,"{'id': 4, 'abbrev': 'COL', 'name': 'Collingwood'}",0,Melbourne Cricket Ground,106.833,"{'id': 53, 'name': 'Perth Stadium', 'display_name': 'Optus Stadium', 'short_name': 'Optus', 'abbrev': 'OS'}","{'id': 7, 'name': 'Docklands Stadium', 'display_name': 'Marvel Stadium', 'short_name': 'Marvel', 'abbrev': 'MARV'}","{'id': 53, 'name': 'Perth Stadium', 'display_name': 'Optus Stadium', 'short_name': 'Optus', 'abbrev': 'OS'}",84.8409,,0.9294117647058824,6912.658227848101,,45168,116793,Luke,Duke Newcombe
46,644,owner,116793.0,,1015507,Nasiah,Wanganeen-Milera,STK,0,6,0,567500,575,0,5,0,23800,11,0,0,534,2025-04-13T12:26:12+10:00,0,98,0,36,0,23,0,13,0,4,0,-2,0,0,0,5,0,4,115.0,4291,115.0,122.0,WBD,65.0,1,"{'id': 2, 'abbrev': 'BRL', 'name': 'Brisbane'}",0,"{'id': 6, 'abbrev': 'FRE', 'name': 'Fremantle'}",0,"{'id': 3, 'abbrev': 'CAR', 'name': 'Carlton'}",0,Docklands Stadium,85.4474,"{'id': 7, 'name': 'Docklands Stadium', 'display_name': 'Marvel Stadium', 'short_name': 'Marvel', 'abbrev': 'MARV'}","{'id': 7, 'name': 'Docklands Stadium', 'display_name': 'Marvel Stadium', 'short_name': 'Marvel', 'abbrev': 'MARV'}","{'id': 13, 'name': 'Melbourne Cricket Ground', 'display_name': 'MCG', 'short_name': 'MCG', 'abbrev': 'MCG'}",97.5227,,1.0767790262172285,4934.782608695652,,45168,116793,Luke,Duke Newcombe
47,371,owner,116698.0,,296347,Josh,Kelly,GWS,0,6,0,513600,527,0,5,0,-24900,23,0,0,531,2025-04-13T12:26:12+10:00,0,55,0,84,0,16,0,30,0,2,0,-6,0,0,0,0,0,1,105.4,3903,105.4,101.667,ADE,99.0769,1,"{'id': 15, 'abbrev': 'WBD', 'name': 'Western Bulldogs'}",0,"{'id': 14, 'abbrev': 'SYD', 'name': 'Sydney'}",1,"{'id': 7, 'abbrev': 'GEE', 'name': 'Geelong'}",1,Adelaide Oval,108.286,"{'id': 11, 'name': 'Manuka Oval', 'display_name': 'Manuka Oval', 'short_name': 'Manuka', 'abbrev': 'MO'}","{'id': 16, 'name': 'Sydney Cricket Ground', 'display_name': 'SCG', 'short_name': 'SCG', 'abbrev': 'SCG'}","{'id': 10, 'name': 'Kardinia Park', 'display_name': 'GMHBA Stadium', 'short_name': 'GMHBA', 'abbrev': 'GMS'}",88.7045,,0.992467043314501,4872.865275142315,,300791,116698,Paul,SerongWayToTheTop
48,538,owner,118554.0,,1011640,Jason,Horne-Francis,PTA,0,6,0,521200,498,0,5,0,-15800,40,0,0,513,2025-04-13T12:26:12+10:00,0,71,0,50,0,20,0,13,0,9,0,-10,0,0,0,6,0,3,99.6,4368,99.6,118.0,SYD,91.5,1,"{'id': 9, 'abbrev': 'NTH', 'name': 'North Melbourne'}",0,"{'id': 15, 'abbrev': 'WBD', 'name': 'Western Bulldogs'}",1,"{'id': 1, 'abbrev': 'ADE', 'name': 'Adelaide'}",0,Sydney Cricket Ground,94.0,"{'id': 1, 'name': 'Adelaide Oval', 'display_name': 'Adelaide Oval', 'short_name': 'Adelaide', 'abbrev': 'AO'}","{'id': 55, 'name': 'Eureka Stadium', 'display_name': 'Mars Stadium', 'short_name': 'Mars', 'abbrev': 'MARS'}","{'id': 1, 'name': 'Adelaide Oval', 'display_name': 'Adelaide Oval', 'short_name': 'Adelaide', 'abbrev': 'AO'}",99.2727,,0.9707602339181286,5232.931726907631,,180650,118554,Jordan,Hornehub
49,561,owner,116970.0,,294318,Ollie,Wines,PTA,0,6,0,506200,474,0,5,0,-29200,52,0,0,462,2025-04-13T12:26:12+10:00,0,43,0,104,0,11,0,22,0,5,0,-10,0,10,0,2,0,2,94.8,3771,94.8,90.0,SYD,100.643,1,"{'id': 9, 'abbrev': 'NTH', 'name': 'North Melbourne'}",0,"{'id': 15, 'abbrev': 'WBD', 'name': 'Western Bulldogs'}",1,"{'id': 1, 'abbrev': 'ADE', 'name': 'Adelaide'}",0,Sydney Cricket Ground,98.1429,"{'id': 1, 'name': 'Adelaide Oval', 'display_name': 'Adelaide Oval', 'short_name': 'Adelaide', 'abbrev': 'AO'}","{'id': 55, 'name': 'Eureka Stadium', 'display_name': 'Mars Stadium', 'short_name': 'Mars', 'abbrev': 'MARS'}","{'id': 1, 'name': 'Adelaide Oval', 'display_name': 'Adelaide Oval', 'short_name': 'Adelaide', 'abbrev': 'AO'}",85.7045,,1.025974025974026,5339.662447257384,,21562,116970,Mark,Sheez Nutz
50,322,owner,116887.0,,1015889,Max,Holmes,GEE,0,6,0,542400,562,0,5,0,8500,13,0,0,498,2025-04-13T12:26:12+10:00,0,80,0,41,0,27,0,22,0,3,0,-7,0,0,0,5,0,0,112.4,4307,112.4,115.333,HAW,77.0,0,"{'id': 3, 'abbrev': 'CAR', 'name': 'Carlton'}",1,"{'id': 4, 'abbrev': 'COL', 'name': 'Collingwood'}",1,"{'id': 18, 'abbrev': 'GWS', 'name': 'GWS Giants'}",0,Melbourne Cricket Ground,81.95,"{'id': 13, 'name': 'Melbourne Cricket Ground', 'display_name': 'MCG', 'short_name': 'MCG', 'abbrev': 'MCG'}","{'id': 13, 'name': 'Melbourne Cricket Ground', 'display_name': 'MCG', 'short_name': 'MCG', 'abbrev': 'MCG'}","{'id': 10, 'name': 'Kardinia Park', 'display_name': 'GMHBA Stadium', 'short_name': 'GMHBA', 'abbrev': 'GMS'}",97.8864,,1.1285140562248996,4825.622775800712,,10857,116887,Anthony,Work From Holmes
51,427,owner,116887.0,,297566,James,Sicily,HAW,0,6,0,509000,484,0,5,0,-23900,48,0,0,612,2025-04-13T12:26:12+10:00,0,72,0,27,0,37,0,4,0,6,0,-5,0,0,0,4,0,1,96.8,4205,96.8,94.3333,GEE,80.9,1,"{'id': 16, 'abbrev': 'WCE', 'name': 'West Coast'}",0,"{'id': 12, 'abbrev': 'RIC', 'name': 'Richmond'}",0,"{'id': 10, 'abbrev': 'MEL', 'name': 'Melbourne'}",1,Melbourne Cricket Ground,93.7879,"{'id': 7, 'name': 'Docklands Stadium', 'display_name': 'Marvel Stadium', 'short_name': 'Marvel', 'abbrev': 'MARV'}","{'id': 13, 'name': 'Melbourne Cricket Ground', 'display_name': 'MCG', 'short_name': 'MCG', 'abbrev': 'MCG'}","{'id': 13, 'name': 'Melbourne Cricket Ground', 'display_name': 'MCG', 'short_name': 'MCG', 'abbrev': 'MCG'}",95.5682,,0.7908496732026143,5258.264462809918,,10857,116887,Anthony,Work From Holmes
52,726,owner,116859.0,,1008280,Ed,Richards,WBD,0,6,0,500600,510,0,5,0,-30400,37,0,0,528,2025-04-13T12:26:12+10:00,0,74,0,56,0,16,0,17,0,2,0,-3,0,0,0,1,0,2,102.0,3888,102.0,95.3333,STK,72.2,0,"{'id': 18, 'abbrev': 'GWS', 'name': 'GWS Giants'}",1,"{'id': 11, 'abbrev': 'PTA', 'name': 'Port Adelaide'}",0,"{'id': 17, 'abbrev': 'GCS', 'name': 'Gold Coast'}",1,Docklands Stadium,74.3898,"{'id': 11, 'name': 'Manuka Oval', 'display_name': 'Manuka Oval', 'short_name': 'Manuka', 'abbrev': 'MO'}","{'id': 55, 'name': 'Eureka Stadium', 'display_name': 'Mars Stadium', 'short_name': 'Mars', 'abbrev': 'MARS'}","{'id': 12, 'name': 'Marrara Oval', 'display_name': 'TIO Stadium', 'short_name': 'TIO', 'abbrev': 'TIO'}",88.3636,,0.9659090909090909,4907.843137254902,,86078,116859,Lester,Grand Theft Zorko
53,420,owner,116793.0,,1020895,Jai,Newcombe,HAW,0,6,0,548000,513,0,5,0,18300,36,0,0,523,2025-04-13T12:26:12+10:00,0,69,0,57,0,20,0,27,0,12,0,-7,0,0,0,3,0,3,102.6,4062,102.6,114.0,GEE,75.0,1,"{'id': 16, 'abbrev': 'WCE', 'name': 'West Coast'}",0,"{'id': 12, 'abbrev': 'RIC', 'name': 'Richmond'}",0,"{'id': 10, 'abbrev': 'MEL', 'name': 'Melbourne'}",1,Melbourne Cricket Ground,88.3,"{'id': 7, 'name': 'Docklands Stadium', 'display_name': 'Marvel Stadium', 'short_name': 'Marvel', 'abbrev': 'MARV'}","{'id': 13, 'name': 'Melbourne Cricket Ground', 'display_name': 'MCG', 'short_name': 'MCG', 'abbrev': 'MCG'}","{'id': 13, 'name': 'Melbourne Cricket Ground', 'display_name': 'MCG', 'short_name': 'MCG', 'abbrev': 'MCG'}",92.3182,,0.9808795411089866,5341.130604288499,,45168,116793,Luke,Duke Newcombe
54,225,owner,116887.0,,998145,Sean,Darcy,FRE,0,6,0,529400,76,0,1,0,0,460,0,0,77,2025-04-13T12:26:14+10:00,0,3,0,6,0,0,0,4,0,1,0,-1,0,22,0,0,0,0,76.0,3135,76.0,76.0,MEL,89.0,1,"{'id': 1, 'abbrev': 'ADE', 'name': 'Adelaide'}",0,"{'id': 13, 'abbrev': 'STK', 'name': 'St Kilda'}",1,"{'id': 4, 'abbrev': 'COL', 'name': 'Collingwood'}",0,Melbourne Cricket Ground,98.7143,"{'id': 53, 'name': 'Perth Stadium', 'display_name': 'Optus Stadium', 'short_name': 'Optus', 'abbrev': 'OS'}","{'id': 7, 'name': 'Docklands Stadium', 'display_name': 'Marvel Stadium', 'short_name': 'Marvel', 'abbrev': 'MARV'}","{'id': 53, 'name': 'Perth Stadium', 'display_name': 'Optus Stadium', 'short_name': 'Optus', 'abbrev': 'OS'}",71.25,,0.987012987012987,6965.789473684211,,10857,116887,Anthony,Work From Holmes
55,553,owner,118554.0,,1001299,Connor,Rozee,PTA,0,6,0,498700,535,0,5,0,-30700,21,0,0,531,2025-04-13T12:26:12+10:00,0,82,0,62,0,24,0,23,0,6,0,-5,0,0,0,4,0,2,107.0,4200,107.0,92.3333,SYD,89.1667,1,"{'id': 9, 'abbrev': 'NTH', 'name': 'North Melbourne'}",0,"{'id': 15, 'abbrev': 'WBD', 'name': 'Western Bulldogs'}",1,"{'id': 1, 'abbrev': 'ADE', 'name': 'Adelaide'}",0,Sydney Cricket Ground,61.5,"{'id': 1, 'name': 'Adelaide Oval', 'display_name': 'Adelaide Oval', 'short_name': 'Adelaide', 'abbrev': 'AO'}","{'id': 55, 'name': 'Eureka Stadium', 'display_name': 'Mars Stadium', 'short_name': 'Mars', 'abbrev': 'MARS'}","{'id': 1, 'name': 'Adelaide Oval', 'display_name': 'Adelaide Oval', 'short_name': 'Adelaide', 'abbrev': 'AO'}",95.4545,,1.0075329566854991,4660.747663551402,,180650,118554,Jordan,Hornehub
56,70,owner,118706.0,,1000978,Hugh,McCluggage,BRL,0,6,0,620700,639,0,5,0,92200,1,0,0,527,2025-04-13T12:26:12+10:00,0,66,0,65,0,18,0,34,0,13,0,-7,0,0,0,2,0,1,127.8,4163,127.8,142.333,COL,92.25,0,"{'id': 13, 'abbrev': 'STK', 'name': 'St Kilda'}",1,"{'id': 17, 'abbrev': 'GCS', 'name': 'Gold Coast'}",0,"{'id': 9, 'abbrev': 'NTH', 'name': 'North Melbourne'}",1,Brisbane Cricket Ground,94.5357,"{'id': 7, 'name': 'Docklands Stadium', 'display_name': 'Marvel Stadium', 'short_name': 'Marvel', 'abbrev': 'MARV'}","{'id': 4, 'name': 'Brisbane Cricket Ground', 'display_name': 'Gabba', 'short_name': 'Gabba', 'abbrev': 'G'}","{'id': 226, 'name': 'Ninja Stadium', 'display_name': 'Ninja Stadium', 'short_name': 'Ninja', 'abbrev': 'NIN'}",94.6136,,1.2125237191650853,4856.807511737089,,8258,118706,Simon,Meeky Blinders
57,701,owner,116698.0,,996708,Bailey,Dale,WBD,0,6,0,516800,527,0,5,0,-11300,23,0,0,545,2025-04-13T12:26:12+10:00,0,89,0,38,0,17,0,5,0,3,0,-4,0,0,0,2,0,1,105.4,4238,105.4,86.3333,STK,98.625,0,"{'id': 18, 'abbrev': 'GWS', 'name': 'GWS Giants'}",1,"{'id': 11, 'abbrev': 'PTA', 'name': 'Port Adelaide'}",0,"{'id': 17, 'abbrev': 'GCS', 'name': 'Gold Coast'}",1,Docklands Stadium,82.6203,"{'id': 11, 'name': 'Manuka Oval', 'display_name': 'Manuka Oval', 'short_name': 'Manuka', 'abbrev': 'MO'}","{'id': 55, 'name': 'Eureka Stadium', 'display_name': 'Mars Stadium', 'short_name': 'Mars', 'abbrev': 'MARS'}","{'id': 12, 'name': 'Marrara Oval', 'display_name': 'TIO Stadium', 'short_name': 'TIO', 'abbrev': 'TIO'}",96.3182,,0.9669724770642202,4903.225806451613,,300791,116698,Paul,SerongWayToTheTop
58,416,owner,116887.0,,1006314,Dylan,Moore,HAW,0,6,0,456100,426,0,5,0,-70600,91,0,0,555,2025-04-13T12:26:12+10:00,0,51,0,41,0,12,0,15,0,11,0,-5,0,0,0,7,0,2,85.2,4261,85.2,80.6667,GEE,79.2,1,"{'id': 16, 'abbrev': 'WCE', 'name': 'West Coast'}",0,"{'id': 12, 'abbrev': 'RIC', 'name': 'Richmond'}",0,"{'id': 10, 'abbrev': 'MEL', 'name': 'Melbourne'}",1,Melbourne Cricket Ground,84.9286,"{'id': 7, 'name': 'Docklands Stadium', 'display_name': 'Marvel Stadium', 'short_name': 'Marvel', 'abbrev': 'MARV'}","{'id': 13, 'name': 'Melbourne Cricket Ground', 'display_name': 'MCG', 'short_name': 'MCG', 'abbrev': 'MCG'}","{'id': 13, 'name': 'Melbourne Cricket Ground', 'display_name': 'MCG', 'short_name': 'MCG', 'abbrev': 'MCG'}",96.8409,,0.7675675675675676,5353.286384976525,,10857,116887,Anthony,Work From Holmes
59,654,owner,116970.0,,1006028,Nick,Blakey,SYD,0,6,0,481300,462,0,5,0,-43900,65,0,0,538,2025-04-13T12:26:12+10:00,0,83,0,19,0,24,0,4,0,9,0,0,0,0,0,1,0,0,92.4,4118,92.4,78.3333,PTA,73.0,0,"{'id': 17, 'abbrev': 'GCS', 'name': 'Gold Coast'}",1,"{'id': 18, 'abbrev': 'GWS', 'name': 'GWS Giants'}",0,"{'id': 5, 'abbrev': 'ESS', 'name': 'Essendon'}",1,Sydney Cricket Ground,79.3585,"{'id': 5, 'name': 'Carrara Stadium', 'display_name': 'People First Stadium', 'short_name': 'People First', 'abbrev': 'PFS'}","{'id': 16, 'name': 'Sydney Cricket Ground', 'display_name': 'SCG', 'short_name': 'SCG', 'abbrev': 'SCG'}","{'id': 7, 'name': 'Docklands Stadium', 'display_name': 'Marvel Stadium', 'short_name': 'Marvel', 'abbrev': 'MARV'}",93.5909,,0.8587360594795539,5208.8744588744585,,21562,116970,Mark,Sheez Nutz
60,32,owner,116793.0,,1001195,Izak,Rankine,ADE,0,6,0,515800,516,0,5,0,-5800,33,0,0,496,2025-04-13T12:26:12+10:00,0,63,0,56,0,20,0,22,0,7,0,-9,0,0,0,6,0,4,103.2,4382,103.2,97.0,GWS,63.4,0,"{'id': 6, 'abbrev': 'FRE', 'name': 'Fremantle'}",1,"{'id': 3, 'abbrev': 'CAR', 'name': 'Carlton'}",0,"{'id': 11, 'abbrev': 'PTA', 'name': 'Port Adelaide'}",1,Adelaide Oval,91.9615,"{'id': 53, 'name': 'Perth Stadium', 'display_name': 'Optus Stadium', 'short_name': 'Optus', 'abbrev': 'OS'}","{'id': 1, 'name': 'Adelaide Oval', 'display_name': 'Adelaide Oval', 'short_name': 'Adelaide', 'abbrev': 'AO'}","{'id': 1, 'name': 'Adelaide Oval', 'display_name': 'Adelaide Oval', 'short_name': 'Adelaide', 'abbrev': 'AO'}",99.5909,,1.0403225806451613,4998.062015503876,,45168,116793,Luke,Duke Newcombe
61,343,owner,116698.0,,291800,Tom,Stewart,GEE,0,6,0,483500,227,0,3,0,-37500,330,0,0,222,2025-04-13T12:26:13+10:00,0,43,0,6,0,23,0,2,0,3,0,-3,0,0,0,0,0,0,75.6667,4006,75.6667,75.6667,HAW,93.8182,0,"{'id': 3, 'abbrev': 'CAR', 'name': 'Carlton'}",1,"{'id': 4, 'abbrev': 'COL', 'name': 'Collingwood'}",1,"{'id': 18, 'abbrev': 'GWS', 'name': 'GWS Giants'}",0,Melbourne Cricket Ground,92.6667,"{'id': 13, 'name': 'Melbourne Cricket Ground', 'display_name': 'MCG', 'short_name': 'MCG', 'abbrev': 'MCG'}","{'id': 13, 'name': 'Melbourne Cricket Ground', 'display_name': 'MCG', 'short_name': 'MCG', 'abbrev': 'MCG'}","{'id': 10, 'name': 'Kardinia Park', 'display_name': 'GMHBA Stadium', 'short_name': 'GMHBA', 'abbrev': 'GMS'}",91.0455,,1.0225225225225225,6389.865026491178,,300791,116698,Paul,SerongWayToTheTop
62,71,owner,116859.0,,1005521,Oscar,McInerney,BRL,0,6,0,469800,331,0,4,0,-47500,209,0,0,423,2025-04-13T12:26:13+10:00,0,27,0,23,0,8,0,11,0,6,0,-7,0,128,0,1,0,1,82.75,3185,82.75,73.6667,COL,85.9,0,"{'id': 13, 'abbrev': 'STK', 'name': 'St Kilda'}",1,"{'id': 17, 'abbrev': 'GCS', 'name': 'Gold Coast'}",0,"{'id': 9, 'abbrev': 'NTH', 'name': 'North Melbourne'}",1,Brisbane Cricket Ground,84.5,"{'id': 7, 'name': 'Docklands Stadium', 'display_name': 'Marvel Stadium', 'short_name': 'Marvel', 'abbrev': 'MARV'}","{'id': 4, 'name': 'Brisbane Cricket Ground', 'display_name': 'Gabba', 'short_name': 'Gabba', 'abbrev': 'G'}","{'id': 226, 'name': 'Ninja Stadium', 'display_name': 'Ninja Stadium', 'short_name': 'Ninja', 'abbrev': 'NIN'}",72.3864,,0.7825059101654847,5677.341389728097,,86078,116859,Lester,Grand Theft Zorko
63,350,owner,118554.0,,1008436,Kieren,Briggs,GWS,0,6,0,476300,295,0,4,0,-40000,255,0,0,302,2025-04-13T12:26:13+10:00,0,19,0,24,0,9,0,13,0,5,0,-6,0,106,0,0,0,0,73.75,3213,73.75,96.6667,ADE,87.0,1,"{'id': 15, 'abbrev': 'WBD', 'name': 'Western Bulldogs'}",0,"{'id': 14, 'abbrev': 'SYD', 'name': 'Sydney'}",1,"{'id': 7, 'abbrev': 'GEE', 'name': 'Geelong'}",1,Adelaide Oval,96.3333,"{'id': 11, 'name': 'Manuka Oval', 'display_name': 'Manuka Oval', 'short_name': 'Manuka', 'abbrev': 'MO'}","{'id': 16, 'name': 'Sydney Cricket Ground', 'display_name': 'SCG', 'short_name': 'SCG', 'abbrev': 'SCG'}","{'id': 10, 'name': 'Kardinia Park', 'display_name': 'GMHBA Stadium', 'short_name': 'GMHBA', 'abbrev': 'GMS'}",73.0227,,0.9768211920529801,6458.3050847457625,,180650,118554,Jordan,Hornehub
64,197,owner,116887.0,,998102,Andrew,McGrath,ESS,0,6,0,414000,251,0,4,0,-100000,305,0,0,418,2025-04-13T12:26:13+10:00,0,41,0,40,0,18,0,9,0,2,0,-5,0,0,0,0,0,0,62.75,2642,62.75,59.0,WCE,74.1111,1,"{'id': 4, 'abbrev': 'COL', 'name': 'Collingwood'}",1,"{'id': 9, 'abbrev': 'NTH', 'name': 'North Melbourne'}",0,"{'id': 14, 'abbrev': 'SYD', 'name': 'Sydney'}",0,Perth Stadium,74.4444,"{'id': 13, 'name': 'Melbourne Cricket Ground', 'display_name': 'MCG', 'short_name': 'MCG', 'abbrev': 'MCG'}","{'id': 7, 'name': 'Docklands Stadium', 'display_name': 'Marvel Stadium', 'short_name': 'Marvel', 'abbrev': 'MARV'}","{'id': 7, 'name': 'Docklands Stadium', 'display_name': 'Marvel Stadium', 'short_name': 'Marvel', 'abbrev': 'MARV'}",60.0455,,0.6004784688995215,6597.609561752988,,10857,116887,Anthony,Work From Holmes
65,602,owner,118554.0,,998172,Tim,Taranto,RIC,0,6,0,473100,431,0,5,0,-36300,87,0,0,550,2025-04-13T12:26:12+10:00,0,50,0,72,0,8,0,31,0,5,0,-4,0,0,0,1,0,1,86.2,3399,86.2,97.3333,GCS,91.2,0,"{'id': 10, 'abbrev': 'MEL', 'name': 'Melbourne'}",1,"{'id': 8, 'abbrev': 'HAW', 'name': 'Hawthorn'}",1,"{'id': 16, 'abbrev': 'WCE', 'name': 'West Coast'}",0,Docklands Stadium,92.0667,"{'id': 13, 'name': 'Melbourne Cricket Ground', 'display_name': 'MCG', 'short_name': 'MCG', 'abbrev': 'MCG'}","{'id': 13, 'name': 'Melbourne Cricket Ground', 'display_name': 'MCG', 'short_name': 'MCG', 'abbrev': 'MCG'}","{'id': 13, 'name': 'Melbourne Cricket Ground', 'display_name': 'MCG', 'short_name': 'MCG', 'abbrev': 'MCG'}",77.25,,0.7836363636363637,5488.399071925754,,180650,118554,Jordan,Hornehub
66,232,owner,116887.0,,1009399,Luke,Jackson,FRE,0,6,0,557500,468,0,4,0,48200,60,0,0,394,2025-04-13T12:26:12+10:00,0,25,0,44,0,12,0,10,0,5,0,-7,0,132,0,3,0,0,117.0,4316,117.0,125.667,MEL,100.0,1,"{'id': 1, 'abbrev': 'ADE', 'name': 'Adelaide'}",0,"{'id': 13, 'abbrev': 'STK', 'name': 'St Kilda'}",1,"{'id': 4, 'abbrev': 'COL', 'name': 'Collingwood'}",0,Melbourne Cricket Ground,73.5769,"{'id': 53, 'name': 'Perth Stadium', 'display_name': 'Optus Stadium', 'short_name': 'Optus', 'abbrev': 'OS'}","{'id': 7, 'name': 'Docklands Stadium', 'display_name': 'Marvel Stadium', 'short_name': 'Marvel', 'abbrev': 'MARV'}","{'id': 53, 'name': 'Perth Stadium', 'display_name': 'Optus Stadium', 'short_name': 'Optus', 'abbrev': 'OS'}",98.0909,,1.1878172588832487,4764.957264957265,,10857,116887,Anthony,Work From Holmes
67,688,owner,118706.0,,1006126,James,Rowbottom,SYD,0,6,0,474300,438,0,5,0,-35000,81,0,0,466,2025-04-13T12:26:12+10:00,0,54,0,37,0,9,0,33,0,9,0,-4,0,0,0,1,0,0,87.6,3108,87.6,87.6667,PTA,63.1667,0,"{'id': 17, 'abbrev': 'GCS', 'name': 'Gold Coast'}",1,"{'id': 18, 'abbrev': 'GWS', 'name': 'GWS Giants'}",0,"{'id': 5, 'abbrev': 'ESS', 'name': 'Essendon'}",1,Sydney Cricket Ground,84.5625,"{'id': 5, 'name': 'Carrara Stadium', 'display_name': 'People First Stadium', 'short_name': 'People First', 'abbrev': 'PFS'}","{'id': 16, 'name': 'Sydney Cricket Ground', 'display_name': 'SCG', 'short_name': 'SCG', 'abbrev': 'SCG'}","{'id': 7, 'name': 'Docklands Stadium', 'display_name': 'Marvel Stadium', 'short_name': 'Marvel', 'abbrev': 'MARV'}",70.6364,,0.9399141630901288,5414.383561643836,,8258,118706,Simon,Meeky Blinders
68,175,owner,116793.0,,1006103,Jye,Caldwell,ESS,0,6,0,519900,331,0,3,0,13600,209,0,0,283,2025-04-13T12:26:13+10:00,0,39,0,47,0,16,0,19,0,3,0,-3,0,0,0,2,0,2,110.333,3612,110.333,110.333,WCE,75.5,1,"{'id': 4, 'abbrev': 'COL', 'name': 'Collingwood'}",1,"{'id': 9, 'abbrev': 'NTH', 'name': 'North Melbourne'}",0,"{'id': 14, 'abbrev': 'SYD', 'name': 'Sydney'}",0,Perth Stadium,68.6667,"{'id': 13, 'name': 'Melbourne Cricket Ground', 'display_name': 'MCG', 'short_name': 'MCG', 'abbrev': 'MCG'}","{'id': 7, 'name': 'Docklands Stadium', 'display_name': 'Marvel Stadium', 'short_name': 'Marvel', 'abbrev': 'MARV'}","{'id': 7, 'name': 'Docklands Stadium', 'display_name': 'Marvel Stadium', 'short_name': 'Marvel', 'abbrev': 'MARV'}",82.0909,,1.1696113074204948,4712.098828093136,,45168,116793,Luke,Duke Newcombe
69,16,owner,116970.0,,1004863,Mitchell,Hinge,ADE,0,6,0,504000,479,0,5,0,400,50,0,0,527,2025-04-13T12:26:12+10:00,0,75,0,32,0,25,0,16,0,10,0,-5,0,0,0,1,0,1,95.8,3680,95.8,104.667,GWS,88.3333,0,"{'id': 6, 'abbrev': 'FRE', 'name': 'Fremantle'}",1,"{'id': 3, 'abbrev': 'CAR', 'name': 'Carlton'}",0,"{'id': 11, 'abbrev': 'PTA', 'name': 'Port Adelaide'}",1,Adelaide Oval,84.6316,"{'id': 53, 'name': 'Perth Stadium', 'display_name': 'Optus Stadium', 'short_name': 'Optus', 'abbrev': 'OS'}","{'id': 1, 'name': 'Adelaide Oval', 'display_name': 'Adelaide Oval', 'short_name': 'Adelaide', 'abbrev': 'AO'}","{'id': 1, 'name': 'Adelaide Oval', 'display_name': 'Adelaide Oval', 'short_name': 'Adelaide', 'abbrev': 'AO'}",83.6364,,0.9089184060721063,5260.960334029228,,21562,116970,Mark,Sheez Nutz
70,28,owner,116859.0,,297523,Reilly,O'Brien,ADE,0,6,0,428200,376,0,5,0,-74500,133,0,0,554,2025-04-13T12:26:12+10:00,0,22,0,26,0,11,0,14,0,4,0,-8,0,184,0,0,0,0,75.2,2651,75.2,72.3333,GWS,90.5714,0,"{'id': 6, 'abbrev': 'FRE', 'name': 'Fremantle'}",1,"{'id': 3, 'abbrev': 'CAR', 'name': 'Carlton'}",0,"{'id': 11, 'abbrev': 'PTA', 'name': 'Port Adelaide'}",1,Adelaide Oval,96.058,"{'id': 53, 'name': 'Perth Stadium', 'display_name': 'Optus Stadium', 'short_name': 'Optus', 'abbrev': 'OS'}","{'id': 1, 'name': 'Adelaide Oval', 'display_name': 'Adelaide Oval', 'short_name': 'Adelaide', 'abbrev': 'AO'}","{'id': 1, 'name': 'Adelaide Oval', 'display_name': 'Adelaide Oval', 'short_name': 'Adelaide', 'abbrev': 'AO'}",60.25,,0.6787003610108303,5694.148936170212,,86078,116859,Lester,Grand Theft Zorko
71,291,owner,117113.0,,1000981,Daniel,Rioli,GCS,0,6,0,523600,410,0,4,0,23200,107,0,0,417,2025-04-13T12:26:12+10:00,0,51,0,32,0,17,0,8,0,3,0,-2,0,0,0,2,0,1,102.5,3956,102.5,106.333,RIC,0.0,1,"{'id': 14, 'abbrev': 'SYD', 'name': 'Sydney'}",0,"{'id': 2, 'abbrev': 'BRL', 'name': 'Brisbane'}",1,"{'id': 15, 'abbrev': 'WBD', 'name': 'Western Bulldogs'}",0,Docklands Stadium,64.7727,"{'id': 5, 'name': 'Carrara Stadium', 'display_name': 'People First Stadium', 'short_name': 'People First', 'abbrev': 'PFS'}","{'id': 4, 'name': 'Brisbane Cricket Ground', 'display_name': 'Gabba', 'short_name': 'Gabba', 'abbrev': 'G'}","{'id': 12, 'name': 'Marrara Oval', 'display_name': 'TIO Stadium', 'short_name': 'TIO', 'abbrev': 'TIO'}",89.9091,,0.9832134292565947,5108.292682926829,,71052,117113,James,Baker-Street Boys
72,367,owner,116698.0,,296324,Jesse,Hogan,GWS,0,6,0,496700,295,0,3,0,-1100,255,0,0,343,2025-04-13T12:26:13+10:00,0,22,0,8,0,17,0,3,0,4,0,-3,0,0,0,15,0,0,98.3333,4156,98.3333,98.3333,ADE,71.0833,1,"{'id': 15, 'abbrev': 'WBD', 'name': 'Western Bulldogs'}",0,"{'id': 14, 'abbrev': 'SYD', 'name': 'Sydney'}",1,"{'id': 7, 'abbrev': 'GEE', 'name': 'Geelong'}",1,Adelaide Oval,65.1818,"{'id': 11, 'name': 'Manuka Oval', 'display_name': 'Manuka Oval', 'short_name': 'Manuka', 'abbrev': 'MO'}","{'id': 16, 'name': 'Sydney Cricket Ground', 'display_name': 'SCG', 'short_name': 'SCG', 'abbrev': 'SCG'}","{'id': 10, 'name': 'Kardinia Park', 'display_name': 'GMHBA Stadium', 'short_name': 'GMHBA', 'abbrev': 'GMS'}",94.4545,,0.8600583090379009,5051.188152945137,,300791,116698,Paul,SerongWayToTheTop
73,107,owner,116793.0,,294036,George,Hewett,CAR,0,6,0,571100,600,0,5,0,74600,5,0,0,495,2025-04-13T12:26:12+10:00,0,70,0,78,0,17,0,35,0,8,0,-6,0,0,0,3,0,2,120.0,3927,120.0,127.667,NTH,91.1818,1,"{'id': 7, 'abbrev': 'GEE', 'name': 'Geelong'}",0,"{'id': 1, 'abbrev': 'ADE', 'name': 'Adelaide'}",1,"{'id': 13, 'abbrev': 'STK', 'name': 'St Kilda'}",1,Docklands Stadium,88.1316,"{'id': 13, 'name': 'Melbourne Cricket Ground', 'display_name': 'MCG', 'short_name': 'MCG', 'abbrev': 'MCG'}","{'id': 1, 'name': 'Adelaide Oval', 'display_name': 'Adelaide Oval', 'short_name': 'Adelaide', 'abbrev': 'AO'}","{'id': 13, 'name': 'Melbourne Cricket Ground', 'display_name': 'MCG', 'short_name': 'MCG', 'abbrev': 'MCG'}",89.25,,1.2121212121212122,4759.166666666667,,45168,116793,Luke,Duke Newcombe
74,646,owner,118554.0,,296422,Callum,Wilkie,STK,0,6,0,455700,425,0,5,0,-38600,94,0,0,639,2025-04-13T12:26:12+10:00,0,60,0,26,0,36,0,9,0,3,0,-1,0,0,0,0,0,0,85.0,3268,85.0,85.6667,WBD,78.0,1,"{'id': 2, 'abbrev': 'BRL', 'name': 'Brisbane'}",0,"{'id': 6, 'abbrev': 'FRE', 'name': 'Fremantle'}",0,"{'id': 3, 'abbrev': 'CAR', 'name': 'Carlton'}",0,Docklands Stadium,83.403,"{'id': 7, 'name': 'Docklands Stadium', 'display_name': 'Marvel Stadium', 'short_name': 'Marvel', 'abbrev': 'MARV'}","{'id': 7, 'name': 'Docklands Stadium', 'display_name': 'Marvel Stadium', 'short_name': 'Marvel', 'abbrev': 'MARV'}","{'id': 13, 'name': 'Melbourne Cricket Ground', 'display_name': 'MCG', 'short_name': 'MCG', 'abbrev': 'MCG'}",74.2727,,0.6651017214397497,5361.176470588235,,180650,118554,Jordan,Hornehub
75,389,owner,116698.0,,297354,Karl,Amon,HAW,0,6,0,497000,486,0,5,0,3100,46,0,0,537,2025-04-13T12:26:12+10:00,0,86,0,33,0,24,0,13,0,7,0,-2,0,0,0,1,0,2,97.2,3945,97.2,88.0,GEE,71.3636,1,"{'id': 16, 'abbrev': 'WCE', 'name': 'West Coast'}",0,"{'id': 12, 'abbrev': 'RIC', 'name': 'Richmond'}",0,"{'id': 10, 'abbrev': 'MEL', 'name': 'Melbourne'}",1,Melbourne Cricket Ground,85.8846,"{'id': 7, 'name': 'Docklands Stadium', 'display_name': 'Marvel Stadium', 'short_name': 'Marvel', 'abbrev': 'MARV'}","{'id': 13, 'name': 'Melbourne Cricket Ground', 'display_name': 'MCG', 'short_name': 'MCG', 'abbrev': 'MCG'}","{'id': 13, 'name': 'Melbourne Cricket Ground', 'display_name': 'MCG', 'short_name': 'MCG', 'abbrev': 'MCG'}",89.6591,,0.9050279329608939,5113.168724279835,,300791,116698,Paul,SerongWayToTheTop
76,605,owner,116859.0,,294674,Nick,Vlastuin,RIC,0,6,0,421400,400,0,5,0,-70700,114,0,0,527,2025-04-13T12:26:12+10:00,0,65,0,19,0,31,0,11,0,6,0,-7,0,0,0,0,0,0,80.0,3001,80.0,80.3333,GCS,92.4545,0,"{'id': 10, 'abbrev': 'MEL', 'name': 'Melbourne'}",1,"{'id': 8, 'abbrev': 'HAW', 'name': 'Hawthorn'}",1,"{'id': 16, 'abbrev': 'WCE', 'name': 'West Coast'}",0,Docklands Stadium,78.5484,"{'id': 13, 'name': 'Melbourne Cricket Ground', 'display_name': 'MCG', 'short_name': 'MCG', 'abbrev': 'MCG'}","{'id': 13, 'name': 'Melbourne Cricket Ground', 'display_name': 'MCG', 'short_name': 'MCG', 'abbrev': 'MCG'}","{'id': 13, 'name': 'Melbourne Cricket Ground', 'display_name': 'MCG', 'short_name': 'MCG', 'abbrev': 'MCG'}",68.2045,,0.7590132827324478,5267.5,,86078,116859,Lester,Grand Theft Zorko
77,366,owner,116793.0,,993107,Harry,Himmelberg,GWS,0,6,0,525700,518,0,5,0,34000,30,0,0,584,2025-04-13T12:26:12+10:00,0,68,0,38,0,39,0,11,0,6,0,-2,0,0,0,0,0,0,103.6,3884,103.6,104.333,ADE,76.7778,1,"{'id': 15, 'abbrev': 'WBD', 'name': 'Western Bulldogs'}",0,"{'id': 14, 'abbrev': 'SYD', 'name': 'Sydney'}",1,"{'id': 7, 'abbrev': 'GEE', 'name': 'Geelong'}",1,Adelaide Oval,76.0,"{'id': 11, 'name': 'Manuka Oval', 'display_name': 'Manuka Oval', 'short_name': 'Manuka', 'abbrev': 'MO'}","{'id': 16, 'name': 'Sydney Cricket Ground', 'display_name': 'SCG', 'short_name': 'SCG', 'abbrev': 'SCG'}","{'id': 10, 'name': 'Kardinia Park', 'display_name': 'GMHBA Stadium', 'short_name': 'GMHBA', 'abbrev': 'GMS'}",88.2727,,0.886986301369863,5074.324324324324,,45168,116793,Luke,Duke Newcombe
78,533,owner,116970.0,,1000972,Willem,Drew,PTA,0,6,0,431700,415,0,5,0,-56100,103,0,0,496,2025-04-13T12:26:12+10:00,0,39,0,58,0,9,0,28,0,8,0,-7,0,0,0,1,0,3,83.0,2506,83.0,74.3333,SYD,94.0,1,"{'id': 9, 'abbrev': 'NTH', 'name': 'North Melbourne'}",0,"{'id': 15, 'abbrev': 'WBD', 'name': 'Western Bulldogs'}",1,"{'id': 1, 'abbrev': 'ADE', 'name': 'Adelaide'}",0,Sydney Cricket Ground,46.0,"{'id': 1, 'name': 'Adelaide Oval', 'display_name': 'Adelaide Oval', 'short_name': 'Adelaide', 'abbrev': 'AO'}","{'id': 55, 'name': 'Eureka Stadium', 'display_name': 'Mars Stadium', 'short_name': 'Mars', 'abbrev': 'MARS'}","{'id': 1, 'name': 'Adelaide Oval', 'display_name': 'Adelaide Oval', 'short_name': 'Adelaide', 'abbrev': 'AO'}",56.9545,,0.8366935483870968,5201.204819277108,,21562,116970,Mark,Sheez Nutz
79,452,owner,116859.0,,281085,Steven,May,MEL,0,6,0,464900,240,0,3,0,-22600,316,0,0,351,2025-04-13T12:26:13+10:00,0,48,0,11,0,17,0,1,0,2,0,-4,0,0,0,0,0,0,80.0,2957,80.0,80.0,FRE,83.2308,0,"{'id': 12, 'abbrev': 'RIC', 'name': 'Richmond'}",0,"{'id': 16, 'abbrev': 'WCE', 'name': 'West Coast'}",1,"{'id': 8, 'abbrev': 'HAW', 'name': 'Hawthorn'}",0,Melbourne Cricket Ground,85.9661,"{'id': 13, 'name': 'Melbourne Cricket Ground', 'display_name': 'MCG', 'short_name': 'MCG', 'abbrev': 'MCG'}","{'id': 53, 'name': 'Perth Stadium', 'display_name': 'Optus Stadium', 'short_name': 'Optus', 'abbrev': 'OS'}","{'id': 13, 'name': 'Melbourne Cricket Ground', 'display_name': 'MCG', 'short_name': 'MCG', 'abbrev': 'MCG'}",67.2045,,0.6837606837606838,5811.25,,86078,116859,Lester,Grand Theft Zorko
80,356,owner,116793.0,,1002251,Brent,Daniels,GWS,0,6,0,405000,277,0,4,0,-80000,271,0,0,324,2025-04-13T12:26:13+10:00,0,27,0,31,0,10,0,11,0,3,0,-1,0,0,0,1,0,2,69.25,3503,69.25,58.6667,ADE,54.6667,1,"{'id': 15, 'abbrev': 'WBD', 'name': 'Western Bulldogs'}",0,"{'id': 14, 'abbrev': 'SYD', 'name': 'Sydney'}",1,"{'id': 7, 'abbrev': 'GEE', 'name': 'Geelong'}",1,Adelaide Oval,48.6667,"{'id': 11, 'name': 'Manuka Oval', 'display_name': 'Manuka Oval', 'short_name': 'Manuka', 'abbrev': 'MO'}","{'id': 16, 'name': 'Sydney Cricket Ground', 'display_name': 'SCG', 'short_name': 'SCG', 'abbrev': 'SCG'}","{'id': 10, 'name': 'Kardinia Park', 'display_name': 'GMHBA Stadium', 'short_name': 'GMHBA', 'abbrev': 'GMS'}",79.6136,,0.8549382716049383,5848.375451263538,,45168,116793,Luke,Duke Newcombe
81,135,owner,116793.0,,1005054,Josh,Daicos,COL,0,6,0,449100,417,0,5,0,-33500,100,0,0,546,2025-04-13T12:26:12+10:00,0,65,0,60,0,20,0,16,0,3,0,-2,0,0,0,0,0,0,83.4,3525,83.4,78.0,BRL,84.75,1,"{'id': 5, 'abbrev': 'ESS', 'name': 'Essendon'}",0,"{'id': 7, 'abbrev': 'GEE', 'name': 'Geelong'}",0,"{'id': 6, 'abbrev': 'FRE', 'name': 'Fremantle'}",1,Brisbane Cricket Ground,85.9091,"{'id': 13, 'name': 'Melbourne Cricket Ground', 'display_name': 'MCG', 'short_name': 'MCG', 'abbrev': 'MCG'}","{'id': 13, 'name': 'Melbourne Cricket Ground', 'display_name': 'MCG', 'short_name': 'MCG', 'abbrev': 'MCG'}","{'id': 53, 'name': 'Perth Stadium', 'display_name': 'Optus Stadium', 'short_name': 'Optus', 'abbrev': 'OS'}",80.1136,,0.7637362637362637,5384.892086330935,,45168,116793,Luke,Duke Newcombe
82,181,owner,116887.0,,1015810,Sam,Durham,ESS,0,6,0,480900,383,0,4,0,-1400,126,0,0,426,2025-04-13T12:26:12+10:00,0,40,0,60,0,15,0,14,0,6,0,-6,0,0,0,0,0,0,95.75,3250,95.75,97.0,WCE,68.4,1,"{'id': 4, 'abbrev': 'COL', 'name': 'Collingwood'}",1,"{'id': 9, 'abbrev': 'NTH', 'name': 'North Melbourne'}",0,"{'id': 14, 'abbrev': 'SYD', 'name': 'Sydney'}",0,Perth Stadium,55.75,"{'id': 13, 'name': 'Melbourne Cricket Ground', 'display_name': 'MCG', 'short_name': 'MCG', 'abbrev': 'MCG'}","{'id': 7, 'name': 'Docklands Stadium', 'display_name': 'Marvel Stadium', 'short_name': 'Marvel', 'abbrev': 'MARV'}","{'id': 7, 'name': 'Docklands Stadium', 'display_name': 'Marvel Stadium', 'short_name': 'Marvel', 'abbrev': 'MARV'}",73.8636,,0.8990610328638498,5022.454308093995,,10857,116887,Anthony,Work From Holmes
83,202,owner,117113.0,,993817,Darcy,Parish,ESS,0,6,0,481400,0,0,0,0,0,510,0,0,0,2025-04-13T12:26:15+10:00,0,0,0,0,0,0,0,0,0,0,0,0,0,0,0,0,0,0,0.0,2473,0.0,0.0,WCE,101.571,1,"{'id': 4, 'abbrev': 'COL', 'name': 'Collingwood'}",1,"{'id': 9, 'abbrev': 'NTH', 'name': 'North Melbourne'}",0,"{'id': 14, 'abbrev': 'SYD', 'name': 'Sydney'}",0,Perth Stadium,114.286,"{'id': 13, 'name': 'Melbourne Cricket Ground', 'display_name': 'MCG', 'short_name': 'MCG', 'abbrev': 'MCG'}","{'id': 7, 'name': 'Docklands Stadium', 'display_name': 'Marvel Stadium', 'short_name': 'Marvel', 'abbrev': 'MARV'}","{'id': 7, 'name': 'Docklands Stadium', 'display_name': 'Marvel Stadium', 'short_name': 'Marvel', 'abbrev': 'MARV'}",56.2045,,,,,71052,117113,James,Baker-Street Boys
84,556,owner,118554.0,,992330,Jordon,Sweet,PTA,0,6,0,471000,473,0,5,0,-7400,53,0,0,540,2025-04-13T12:26:12+10:00,0,21,0,40,0,11,0,20,0,8,0,-10,0,187,0,1,0,0,94.6,3038,94.6,94.3333,SYD,108.0,1,"{'id': 9, 'abbrev': 'NTH', 'name': 'North Melbourne'}",0,"{'id': 15, 'abbrev': 'WBD', 'name': 'Western Bulldogs'}",1,"{'id': 1, 'abbrev': 'ADE', 'name': 'Adelaide'}",0,Sydney Cricket Ground,0.0,"{'id': 1, 'name': 'Adelaide Oval', 'display_name': 'Adelaide Oval', 'short_name': 'Adelaide', 'abbrev': 'AO'}","{'id': 55, 'name': 'Eureka Stadium', 'display_name': 'Mars Stadium', 'short_name': 'Mars', 'abbrev': 'MARS'}","{'id': 1, 'name': 'Adelaide Oval', 'display_name': 'Adelaide Oval', 'short_name': 'Adelaide', 'abbrev': 'AO'}",69.0455,,0.8759259259259259,4978.858350951375,,180650,118554,Jordan,Hornehub
85,205,owner,116793.0,,997078,Mason,Redman,ESS,0,6,0,458000,344,0,4,0,-17700,188,0,0,446,2025-04-13T12:26:13+10:00,0,60,0,21,0,14,0,12,0,4,0,-3,0,0,0,2,0,2,86.0,2891,86.0,87.3333,WCE,96.125,1,"{'id': 4, 'abbrev': 'COL', 'name': 'Collingwood'}",1,"{'id': 9, 'abbrev': 'NTH', 'name': 'North Melbourne'}",0,"{'id': 14, 'abbrev': 'SYD', 'name': 'Sydney'}",0,Perth Stadium,89.6667,"{'id': 13, 'name': 'Melbourne Cricket Ground', 'display_name': 'MCG', 'short_name': 'MCG', 'abbrev': 'MCG'}","{'id': 7, 'name': 'Docklands Stadium', 'display_name': 'Marvel Stadium', 'short_name': 'Marvel', 'abbrev': 'MARV'}","{'id': 7, 'name': 'Docklands Stadium', 'display_name': 'Marvel Stadium', 'short_name': 'Marvel', 'abbrev': 'MARV'}",65.7045,,0.7713004484304933,5325.581395348837,,45168,116793,Luke,Duke Newcombe
86,397,owner,116887.0,,1005144,Massimo,D'Ambrosio,HAW,0,6,0,423400,361,0,5,0,-49100,155,0,0,506,2025-04-13T12:26:12+10:00,0,57,0,28,0,23,0,10,0,4,0,-2,0,0,0,1,0,1,72.2,2660,72.2,75.6667,GEE,66.6667,1,"{'id': 16, 'abbrev': 'WCE', 'name': 'West Coast'}",0,"{'id': 12, 'abbrev': 'RIC', 'name': 'Richmond'}",0,"{'id': 10, 'abbrev': 'MEL', 'name': 'Melbourne'}",1,Melbourne Cricket Ground,78.6875,"{'id': 7, 'name': 'Docklands Stadium', 'display_name': 'Marvel Stadium', 'short_name': 'Marvel', 'abbrev': 'MARV'}","{'id': 13, 'name': 'Melbourne Cricket Ground', 'display_name': 'MCG', 'short_name': 'MCG', 'abbrev': 'MCG'}","{'id': 13, 'name': 'Melbourne Cricket Ground', 'display_name': 'MCG', 'short_name': 'MCG', 'abbrev': 'MCG'}",60.4545,,0.7134387351778656,5864.265927977839,,10857,116887,Anthony,Work From Holmes
87,432,owner,116698.0,,1002222,James,Worpel,HAW,0,6,0,470400,137,0,2,0,0,406,0,0,150,2025-04-13T12:26:14+10:00,0,17,0,17,0,4,0,8,0,3,0,-2,0,0,0,1,0,2,68.5,2301,68.5,68.5,GEE,88.7778,1,"{'id': 16, 'abbrev': 'WCE', 'name': 'West Coast'}",0,"{'id': 12, 'abbrev': 'RIC', 'name': 'Richmond'}",0,"{'id': 10, 'abbrev': 'MEL', 'name': 'Melbourne'}",1,Melbourne Cricket Ground,79.7447,"{'id': 7, 'name': 'Docklands Stadium', 'display_name': 'Marvel Stadium', 'short_name': 'Marvel', 'abbrev': 'MARV'}","{'id': 13, 'name': 'Melbourne Cricket Ground', 'display_name': 'MCG', 'short_name': 'MCG', 'abbrev': 'MCG'}","{'id': 13, 'name': 'Melbourne Cricket Ground', 'display_name': 'MCG', 'short_name': 'MCG', 'abbrev': 'MCG'}",52.2955,,0.9133333333333333,6867.153284671533,,300791,116698,Paul,SerongWayToTheTop
88,134,owner,116970.0,,293871,Jack,Crisp,COL,0,6,0,436500,402,0,5,0,-33200,112,0,0,533,2025-04-13T12:26:12+10:00,0,55,0,53,0,27,0,15,0,1,0,-3,0,0,0,1,0,2,80.4,2410,80.4,73.6667,BRL,95.9286,1,"{'id': 5, 'abbrev': 'ESS', 'name': 'Essendon'}",0,"{'id': 7, 'abbrev': 'GEE', 'name': 'Geelong'}",0,"{'id': 6, 'abbrev': 'FRE', 'name': 'Fremantle'}",1,Brisbane Cricket Ground,83.5417,"{'id': 13, 'name': 'Melbourne Cricket Ground', 'display_name': 'MCG', 'short_name': 'MCG', 'abbrev': 'MCG'}","{'id': 13, 'name': 'Melbourne Cricket Ground', 'display_name': 'MCG', 'short_name': 'MCG', 'abbrev': 'MCG'}","{'id': 53, 'name': 'Perth Stadium', 'display_name': 'Optus Stadium', 'short_name': 'Optus', 'abbrev': 'OS'}",54.7727,,0.7542213883677298,5429.10447761194,,21562,116970,Mark,Sheez Nutz
89,122,owner,118554.0,,295461,Adam,Saad,CAR,0,6,0,442400,435,0,5,0,-25800,83,0,0,516,2025-04-13T12:26:12+10:00,0,78,0,24,0,20,0,9,0,4,0,-1,0,0,0,0,0,1,87.0,3132,87.0,99.0,NTH,89.6923,1,"{'id': 7, 'abbrev': 'GEE', 'name': 'Geelong'}",0,"{'id': 1, 'abbrev': 'ADE', 'name': 'Adelaide'}",1,"{'id': 13, 'abbrev': 'STK', 'name': 'St Kilda'}",1,Docklands Stadium,80.1538,"{'id': 13, 'name': 'Melbourne Cricket Ground', 'display_name': 'MCG', 'short_name': 'MCG', 'abbrev': 'MCG'}","{'id': 1, 'name': 'Adelaide Oval', 'display_name': 'Adelaide Oval', 'short_name': 'Adelaide', 'abbrev': 'AO'}","{'id': 13, 'name': 'Melbourne Cricket Ground', 'display_name': 'MCG', 'short_name': 'MCG', 'abbrev': 'MCG'}",71.1818,,0.8430232558139535,5085.057471264367,,180650,118554,Jordan,Hornehub
90,307,owner,118706.0,,293845,Jeremy,Cameron,GEE,0,6,0,403200,387,0,5,0,-62900,122,0,0,578,2025-04-13T12:26:12+10:00,0,58,0,19,0,27,0,6,0,7,0,-3,0,0,0,11,0,4,77.4,3959,77.4,82.0,HAW,72.0769,0,"{'id': 3, 'abbrev': 'CAR', 'name': 'Carlton'}",1,"{'id': 4, 'abbrev': 'COL', 'name': 'Collingwood'}",1,"{'id': 18, 'abbrev': 'GWS', 'name': 'GWS Giants'}",0,Melbourne Cricket Ground,81.129,"{'id': 13, 'name': 'Melbourne Cricket Ground', 'display_name': 'MCG', 'short_name': 'MCG', 'abbrev': 'MCG'}","{'id': 13, 'name': 'Melbourne Cricket Ground', 'display_name': 'MCG', 'short_name': 'MCG', 'abbrev': 'MCG'}","{'id': 10, 'name': 'Kardinia Park', 'display_name': 'GMHBA Stadium', 'short_name': 'GMHBA', 'abbrev': 'GMS'}",89.9773,,0.6695501730103807,5209.302325581395,,8258,118706,Simon,Meeky Blinders
91,163,owner,116887.0,,260257,Scott,Pendlebury,COL,0,6,0,427900,375,0,5,0,-37900,136,0,0,425,2025-04-13T12:26:12+10:00,0,36,0,72,0,15,0,18,0,2,0,-5,0,0,0,0,0,1,75.0,2021,75.0,98.3333,BRL,103.826,1,"{'id': 5, 'abbrev': 'ESS', 'name': 'Essendon'}",0,"{'id': 7, 'abbrev': 'GEE', 'name': 'Geelong'}",0,"{'id': 6, 'abbrev': 'FRE', 'name': 'Fremantle'}",1,Brisbane Cricket Ground,111.947,"{'id': 13, 'name': 'Melbourne Cricket Ground', 'display_name': 'MCG', 'short_name': 'MCG', 'abbrev': 'MCG'}","{'id': 13, 'name': 'Melbourne Cricket Ground', 'display_name': 'MCG', 'short_name': 'MCG', 'abbrev': 'MCG'}","{'id': 53, 'name': 'Perth Stadium', 'display_name': 'Optus Stadium', 'short_name': 'Optus', 'abbrev': 'OS'}",45.9318,,0.8823529411764706,5705.333333333333,,10857,116887,Anthony,Work From Holmes
92,748,owner,116887.0,,298268,Liam,Duggan,WCE,0,6,0,393500,358,0,5,0,-70400,164,0,0,512,2025-04-13T12:26:12+10:00,0,66,0,26,0,26,0,11,0,3,0,-6,0,0,0,0,0,0,71.6,1925,71.6,71.0,ESS,83.7,0,"{'id': 8, 'abbrev': 'HAW', 'name': 'Hawthorn'}",1,"{'id': 10, 'abbrev': 'MEL', 'name': 'Melbourne'}",0,"{'id': 12, 'abbrev': 'RIC', 'name': 'Richmond'}",1,Perth Stadium,83.1884,"{'id': 7, 'name': 'Docklands Stadium', 'display_name': 'Marvel Stadium', 'short_name': 'Marvel', 'abbrev': 'MARV'}","{'id': 53, 'name': 'Perth Stadium', 'display_name': 'Optus Stadium', 'short_name': 'Optus', 'abbrev': 'OS'}","{'id': 13, 'name': 'Melbourne Cricket Ground', 'display_name': 'MCG', 'short_name': 'MCG', 'abbrev': 'MCG'}",43.75,,0.69921875,5495.810055865923,,10857,116887,Anthony,Work From Holmes
93,209,owner,117113.0,,998215,Will,Setterfield,ESS,0,6,0,462300,110,0,1,0,0,434,0,0,102,2025-04-13T12:26:14+10:00,0,13,0,8,0,3,0,10,0,0,0,0,0,0,0,0,0,0,110.0,2500,110.0,110.0,WCE,81.6667,1,"{'id': 4, 'abbrev': 'COL', 'name': 'Collingwood'}",1,"{'id': 9, 'abbrev': 'NTH', 'name': 'North Melbourne'}",0,"{'id': 14, 'abbrev': 'SYD', 'name': 'Sydney'}",0,Perth Stadium,67.6,"{'id': 13, 'name': 'Melbourne Cricket Ground', 'display_name': 'MCG', 'short_name': 'MCG', 'abbrev': 'MCG'}","{'id': 7, 'name': 'Docklands Stadium', 'display_name': 'Marvel Stadium', 'short_name': 'Marvel', 'abbrev': 'MARV'}","{'id': 7, 'name': 'Docklands Stadium', 'display_name': 'Marvel Stadium', 'short_name': 'Marvel', 'abbrev': 'MARV'}",56.8182,,1.0784313725490196,4202.727272727273,,71052,117113,James,Baker-Street Boys
94,516,owner,118554.0,,1023477,George,Wardlaw,NTH,0,6,0,461300,0,0,0,0,0,510,0,0,0,2025-04-13T12:26:16+10:00,0,0,0,0,0,0,0,0,0,0,0,0,0,0,0,0,0,0,0.0,2104,0.0,0.0,CAR,77.0,0,"{'id': 11, 'abbrev': 'PTA', 'name': 'Port Adelaide'}",1,"{'id': 5, 'abbrev': 'ESS', 'name': 'Essendon'}",1,"{'id': 2, 'abbrev': 'BRL', 'name': 'Brisbane'}",0,Docklands Stadium,77.3077,"{'id': 1, 'name': 'Adelaide Oval', 'display_name': 'Adelaide Oval', 'short_name': 'Adelaide', 'abbrev': 'AO'}","{'id': 7, 'name': 'Docklands Stadium', 'display_name': 'Marvel Stadium', 'short_name': 'Marvel', 'abbrev': 'MARV'}","{'id': 226, 'name': 'Ninja Stadium', 'display_name': 'Ninja Stadium', 'short_name': 'Ninja', 'abbrev': 'NIN'}",47.8182,,,,,180650,118554,Jordan,Hornehub
95,27,owner,116793.0,,296420,Alex,Neal-Bullen,ADE,0,6,0,398000,361,0,5,0,-60500,155,0,0,541,2025-04-13T12:26:12+10:00,0,41,0,42,0,17,0,18,0,3,0,-9,0,0,0,4,0,2,72.2,3409,72.2,67.3333,GWS,59.4444,0,"{'id': 6, 'abbrev': 'FRE', 'name': 'Fremantle'}",1,"{'id': 3, 'abbrev': 'CAR', 'name': 'Carlton'}",0,"{'id': 11, 'abbrev': 'PTA', 'name': 'Port Adelaide'}",1,Adelaide Oval,71.3571,"{'id': 53, 'name': 'Perth Stadium', 'display_name': 'Optus Stadium', 'short_name': 'Optus', 'abbrev': 'OS'}","{'id': 1, 'name': 'Adelaide Oval', 'display_name': 'Adelaide Oval', 'short_name': 'Adelaide', 'abbrev': 'AO'}","{'id': 1, 'name': 'Adelaide Oval', 'display_name': 'Adelaide Oval', 'short_name': 'Adelaide', 'abbrev': 'AO'}",77.4773,,0.66728280961183,5512.465373961219,,45168,116793,Luke,Duke Newcombe
96,368,owner,116698.0,,1008083,Connor,Idun,GWS,0,6,0,459900,444,0,5,0,1900,77,0,0,543,2025-04-13T12:26:12+10:00,0,44,0,44,0,33,0,13,0,2,0,-2,0,0,0,0,0,0,88.8,2464,88.8,98.3333,ADE,85.4,1,"{'id': 15, 'abbrev': 'WBD', 'name': 'Western Bulldogs'}",0,"{'id': 14, 'abbrev': 'SYD', 'name': 'Sydney'}",1,"{'id': 7, 'abbrev': 'GEE', 'name': 'Geelong'}",1,Adelaide Oval,86.2,"{'id': 11, 'name': 'Manuka Oval', 'display_name': 'Manuka Oval', 'short_name': 'Manuka', 'abbrev': 'MO'}","{'id': 16, 'name': 'Sydney Cricket Ground', 'display_name': 'SCG', 'short_name': 'SCG', 'abbrev': 'SCG'}","{'id': 10, 'name': 'Kardinia Park', 'display_name': 'GMHBA Stadium', 'short_name': 'GMHBA', 'abbrev': 'GMS'}",56.0,,0.8176795580110497,5179.054054054054,,300791,116698,Paul,SerongWayToTheTop
97,488,owner,117113.0,,999827,Zac,Fisher,NTH,0,6,0,458000,95,0,1,0,0,442,0,0,115,2025-04-13T12:26:14+10:00,0,12,0,15,0,0,0,0,0,0,0,0,0,0,0,0,0,0,95.0,2168,95.0,95.0,CAR,54.0,0,"{'id': 11, 'abbrev': 'PTA', 'name': 'Port Adelaide'}",1,"{'id': 5, 'abbrev': 'ESS', 'name': 'Essendon'}",1,"{'id': 2, 'abbrev': 'BRL', 'name': 'Brisbane'}",0,Docklands Stadium,74.4884,"{'id': 1, 'name': 'Adelaide Oval', 'display_name': 'Adelaide Oval', 'short_name': 'Adelaide', 'abbrev': 'AO'}","{'id': 7, 'name': 'Docklands Stadium', 'display_name': 'Marvel Stadium', 'short_name': 'Marvel', 'abbrev': 'MARV'}","{'id': 226, 'name': 'Ninja Stadium', 'display_name': 'Ninja Stadium', 'short_name': 'Ninja', 'abbrev': 'NIN'}",49.2727,,0.8260869565217391,4821.0526315789475,,71052,117113,James,Baker-Street Boys
98,348,owner,117113.0,,1009253,Lachie,Ash,GWS,0,6,0,512500,564,0,5,0,55800,12,0,0,533,2025-04-13T12:26:12+10:00,0,80,0,57,0,38,0,9,0,1,0,-3,0,0,0,0,0,0,112.8,3805,112.8,120.667,ADE,78.0,1,"{'id': 15, 'abbrev': 'WBD', 'name': 'Western Bulldogs'}",0,"{'id': 14, 'abbrev': 'SYD', 'name': 'Sydney'}",1,"{'id': 7, 'abbrev': 'GEE', 'name': 'Geelong'}",1,Adelaide Oval,81.8571,"{'id': 11, 'name': 'Manuka Oval', 'display_name': 'Manuka Oval', 'short_name': 'Manuka', 'abbrev': 'MO'}","{'id': 16, 'name': 'Sydney Cricket Ground', 'display_name': 'SCG', 'short_name': 'SCG', 'abbrev': 'SCG'}","{'id': 10, 'name': 'Kardinia Park', 'display_name': 'GMHBA Stadium', 'short_name': 'GMHBA', 'abbrev': 'GMS'}",86.4773,,1.0581613508442778,4543.439716312057,,71052,117113,James,Baker-Street Boys
99,312,owner,118706.0,,270917,Patrick,Dangerfield,GEE,0,6,0,452900,441,0,5,0,-1300,80,0,0,476,2025-04-13T12:26:12+10:00,0,49,0,33,0,14,0,15,0,9,0,-8,0,1,0,11,0,7,88.2,3077,88.2,95.6667,HAW,114.444,0,"{'id': 3, 'abbrev': 'CAR', 'name': 'Carlton'}",1,"{'id': 4, 'abbrev': 'COL', 'name': 'Collingwood'}",1,"{'id': 18, 'abbrev': 'GWS', 'name': 'GWS Giants'}",0,Melbourne Cricket Ground,101.8,"{'id': 13, 'name': 'Melbourne Cricket Ground', 'display_name': 'MCG', 'short_name': 'MCG', 'abbrev': 'MCG'}","{'id': 13, 'name': 'Melbourne Cricket Ground', 'display_name': 'MCG', 'short_name': 'MCG', 'abbrev': 'MCG'}","{'id': 10, 'name': 'Kardinia Park', 'display_name': 'GMHBA Stadium', 'short_name': 'GMHBA', 'abbrev': 'GMS'}",69.9318,,0.9264705882352942,5134.920634920635,,8258,118706,Simon,Meeky Blinders
100,251,owner,116793.0,,1012819,Josh,Treacy,FRE,0,6,0,507400,498,0,5,0,53400,40,0,0,570,2025-04-13T12:26:12+10:00,0,41,0,20,0,31,0,10,0,4,0,-9,0,10,0,17,0,6,99.6,3978,99.6,117.333,MEL,100.667,1,"{'id': 1, 'abbrev': 'ADE', 'name': 'Adelaide'}",0,"{'id': 13, 'abbrev': 'STK', 'name': 'St Kilda'}",1,"{'id': 4, 'abbrev': 'COL', 'name': 'Collingwood'}",0,Melbourne Cricket Ground,68.8333,"{'id': 53, 'name': 'Perth Stadium', 'display_name': 'Optus Stadium', 'short_name': 'Optus', 'abbrev': 'OS'}","{'id': 7, 'name': 'Docklands Stadium', 'display_name': 'Marvel Stadium', 'short_name': 'Marvel', 'abbrev': 'MARV'}","{'id': 53, 'name': 'Perth Stadium', 'display_name': 'Optus Stadium', 'short_name': 'Optus', 'abbrev': 'OS'}",90.4091,,0.8736842105263158,5094.377510040161,,45168,116793,Luke,Duke Newcombe
101,459,owner,118554.0,,996701,Clayton,Oliver,MEL,0,6,0,469600,487,0,5,0,18000,45,0,0,507,2025-04-13T12:26:12+10:00,0,59,0,87,0,20,0,25,0,4,0,-5,0,0,0,1,0,2,97.4,3986,97.4,88.0,FRE,105.111,0,"{'id': 12, 'abbrev': 'RIC', 'name': 'Richmond'}",0,"{'id': 16, 'abbrev': 'WCE', 'name': 'West Coast'}",1,"{'id': 8, 'abbrev': 'HAW', 'name': 'Hawthorn'}",0,Melbourne Cricket Ground,104.648,"{'id': 13, 'name': 'Melbourne Cricket Ground', 'display_name': 'MCG', 'short_name': 'MCG', 'abbrev': 'MCG'}","{'id': 53, 'name': 'Perth Stadium', 'display_name': 'Optus Stadium', 'short_name': 'Optus', 'abbrev': 'OS'}","{'id': 13, 'name': 'Melbourne Cricket Ground', 'display_name': 'MCG', 'short_name': 'MCG', 'abbrev': 'MCG'}",90.5909,,0.960552268244576,4821.3552361396305,,180650,118554,Jordan,Hornehub
102,318,owner,116793.0,,1004870,Zach,Guthrie,GEE,0,6,0,450400,464,0,5,0,-800,62,0,0,525,2025-04-13T12:26:12+10:00,0,86,0,22,0,39,0,9,0,6,0,-2,0,0,0,1,0,0,92.8,2982,92.8,92.3333,HAW,73.4,0,"{'id': 3, 'abbrev': 'CAR', 'name': 'Carlton'}",1,"{'id': 4, 'abbrev': 'COL', 'name': 'Collingwood'}",1,"{'id': 18, 'abbrev': 'GWS', 'name': 'GWS Giants'}",0,Melbourne Cricket Ground,66.6667,"{'id': 13, 'name': 'Melbourne Cricket Ground', 'display_name': 'MCG', 'short_name': 'MCG', 'abbrev': 'MCG'}","{'id': 13, 'name': 'Melbourne Cricket Ground', 'display_name': 'MCG', 'short_name': 'MCG', 'abbrev': 'MCG'}","{'id': 10, 'name': 'Kardinia Park', 'display_name': 'GMHBA Stadium', 'short_name': 'GMHBA', 'abbrev': 'GMS'}",67.7727,,0.8838095238095238,4853.448275862069,,45168,116793,Luke,Duke Newcombe
103,51,owner,118706.0,,998133,Jarrod,Berry,BRL,0,6,0,404800,388,0,5,0,-44500,121,0,0,519,2025-04-13T12:26:12+10:00,0,67,0,41,0,31,0,17,0,7,0,-4,0,0,0,2,0,0,77.6,1874,77.6,68.6667,COL,78.0,0,"{'id': 13, 'abbrev': 'STK', 'name': 'St Kilda'}",1,"{'id': 17, 'abbrev': 'GCS', 'name': 'Gold Coast'}",0,"{'id': 9, 'abbrev': 'NTH', 'name': 'North Melbourne'}",1,Brisbane Cricket Ground,81.6133,"{'id': 7, 'name': 'Docklands Stadium', 'display_name': 'Marvel Stadium', 'short_name': 'Marvel', 'abbrev': 'MARV'}","{'id': 4, 'name': 'Brisbane Cricket Ground', 'display_name': 'Gabba', 'short_name': 'Gabba', 'abbrev': 'G'}","{'id': 226, 'name': 'Ninja Stadium', 'display_name': 'Ninja Stadium', 'short_name': 'Ninja', 'abbrev': 'NIN'}",42.5909,,0.7475915221579962,5216.494845360825,,8258,118706,Simon,Meeky Blinders
104,85,owner,116698.0,,1017067,Darcy,Wilmot,BRL,0,6,0,430900,423,0,5,0,-18200,95,0,0,536,2025-04-13T12:26:12+10:00,0,71,0,30,0,25,0,12,0,6,0,-6,0,0,0,1,0,1,84.6,2649,84.6,74.0,COL,60.5,0,"{'id': 13, 'abbrev': 'STK', 'name': 'St Kilda'}",1,"{'id': 17, 'abbrev': 'GCS', 'name': 'Gold Coast'}",0,"{'id': 9, 'abbrev': 'NTH', 'name': 'North Melbourne'}",1,Brisbane Cricket Ground,84.75,"{'id': 7, 'name': 'Docklands Stadium', 'display_name': 'Marvel Stadium', 'short_name': 'Marvel', 'abbrev': 'MARV'}","{'id': 4, 'name': 'Brisbane Cricket Ground', 'display_name': 'Gabba', 'short_name': 'Gabba', 'abbrev': 'G'}","{'id': 226, 'name': 'Ninja Stadium', 'display_name': 'Ninja Stadium', 'short_name': 'Ninja', 'abbrev': 'NIN'}",60.2045,,0.789179104477612,5093.380614657211,,300791,116698,Paul,SerongWayToTheTop
105,37,owner,116859.0,,1017109,Jake,Soligo,ADE,0,6,0,500200,519,0,5,0,52300,29,0,0,518,2025-04-13T12:26:12+10:00,0,73,0,52,0,18,0,23,0,9,0,-6,0,0,0,4,0,1,103.8,3685,103.8,99.0,GWS,71.5,0,"{'id': 6, 'abbrev': 'FRE', 'name': 'Fremantle'}",1,"{'id': 3, 'abbrev': 'CAR', 'name': 'Carlton'}",0,"{'id': 11, 'abbrev': 'PTA', 'name': 'Port Adelaide'}",1,Adelaide Oval,81.3513,"{'id': 53, 'name': 'Perth Stadium', 'display_name': 'Optus Stadium', 'short_name': 'Optus', 'abbrev': 'OS'}","{'id': 1, 'name': 'Adelaide Oval', 'display_name': 'Adelaide Oval', 'short_name': 'Adelaide', 'abbrev': 'AO'}","{'id': 1, 'name': 'Adelaide Oval', 'display_name': 'Adelaide Oval', 'short_name': 'Adelaide', 'abbrev': 'AO'}",83.75,,1.001930501930502,4818.88246628131,,86078,116859,Lester,Grand Theft Zorko
106,93,owner,116698.0,,1002239,Adam,Cerra,CAR,0,6,0,494100,533,0,5,0,46400,22,0,0,491,2025-04-13T12:26:12+10:00,0,71,0,59,0,21,0,25,0,7,0,-7,0,0,0,1,0,0,106.6,3675,106.6,104.667,NTH,83.8571,1,"{'id': 7, 'abbrev': 'GEE', 'name': 'Geelong'}",0,"{'id': 1, 'abbrev': 'ADE', 'name': 'Adelaide'}",1,"{'id': 13, 'abbrev': 'STK', 'name': 'St Kilda'}",1,Docklands Stadium,80.68,"{'id': 13, 'name': 'Melbourne Cricket Ground', 'display_name': 'MCG', 'short_name': 'MCG', 'abbrev': 'MCG'}","{'id': 1, 'name': 'Adelaide Oval', 'display_name': 'Adelaide Oval', 'short_name': 'Adelaide', 'abbrev': 'AO'}","{'id': 13, 'name': 'Melbourne Cricket Ground', 'display_name': 'MCG', 'short_name': 'MCG', 'abbrev': 'MCG'}",83.5227,,1.0855397148676171,4635.084427767355,,300791,116698,Paul,SerongWayToTheTop
107,535,owner,118554.0,,1002253,Kane,Farrell,PTA,0,6,0,437600,444,0,5,0,-7400,77,0,0,527,2025-04-13T12:26:12+10:00,0,73,0,32,0,21,0,10,0,2,0,-3,0,0,0,1,0,2,88.8,2973,88.8,80.0,SYD,87.75,1,"{'id': 9, 'abbrev': 'NTH', 'name': 'North Melbourne'}",0,"{'id': 15, 'abbrev': 'WBD', 'name': 'Western Bulldogs'}",1,"{'id': 1, 'abbrev': 'ADE', 'name': 'Adelaide'}",0,Sydney Cricket Ground,72.5,"{'id': 1, 'name': 'Adelaide Oval', 'display_name': 'Adelaide Oval', 'short_name': 'Adelaide', 'abbrev': 'AO'}","{'id': 55, 'name': 'Eureka Stadium', 'display_name': 'Mars Stadium', 'short_name': 'Mars', 'abbrev': 'MARS'}","{'id': 1, 'name': 'Adelaide Oval', 'display_name': 'Adelaide Oval', 'short_name': 'Adelaide', 'abbrev': 'AO'}",67.5682,,0.8425047438330171,4927.927927927928,,180650,118554,Jordan,Hornehub
108,99,owner,116887.0,,996731,Charlie,Curnow,CAR,0,6,0,366300,217,0,4,0,-77900,340,0,0,435,2025-04-13T12:26:14+10:00,0,31,0,4,0,17,0,4,0,4,0,-4,0,0,0,6,0,6,54.25,3293,54.25,65.6667,NTH,96.4286,1,"{'id': 7, 'abbrev': 'GEE', 'name': 'Geelong'}",0,"{'id': 1, 'abbrev': 'ADE', 'name': 'Adelaide'}",1,"{'id': 13, 'abbrev': 'STK', 'name': 'St Kilda'}",1,Docklands Stadium,85.8043,"{'id': 13, 'name': 'Melbourne Cricket Ground', 'display_name': 'MCG', 'short_name': 'MCG', 'abbrev': 'MCG'}","{'id': 1, 'name': 'Adelaide Oval', 'display_name': 'Adelaide Oval', 'short_name': 'Adelaide', 'abbrev': 'AO'}","{'id': 13, 'name': 'Melbourne Cricket Ground', 'display_name': 'MCG', 'short_name': 'MCG', 'abbrev': 'MCG'}",74.8409,,0.49885057471264366,6752.0737327188945,,10857,116887,Anthony,Work From Holmes
109,738,owner,117113.0,,1000223,Liam,Baker,WCE,0,6,0,426700,419,0,5,0,-16900,98,0,0,528,2025-04-13T12:26:12+10:00,0,65,0,50,0,18,0,18,0,5,0,-9,0,0,0,0,0,3,83.8,3889,83.8,80.6667,ESS,83.125,0,"{'id': 8, 'abbrev': 'HAW', 'name': 'Hawthorn'}",1,"{'id': 10, 'abbrev': 'MEL', 'name': 'Melbourne'}",0,"{'id': 12, 'abbrev': 'RIC', 'name': 'Richmond'}",1,Perth Stadium,83.0,"{'id': 7, 'name': 'Docklands Stadium', 'display_name': 'Marvel Stadium', 'short_name': 'Marvel', 'abbrev': 'MARV'}","{'id': 53, 'name': 'Perth Stadium', 'display_name': 'Optus Stadium', 'short_name': 'Optus', 'abbrev': 'OS'}","{'id': 13, 'name': 'Melbourne Cricket Ground', 'display_name': 'MCG', 'short_name': 'MCG', 'abbrev': 'MCG'}",88.3864,,0.7935606060606061,5091.885441527446,,71052,117113,James,Baker-Street Boys
110,597,owner,117113.0,,992049,Jayden,Short,RIC,0,6,0,437500,432,0,5,0,-4800,86,0,0,536,2025-04-13T12:26:12+10:00,0,96,0,20,0,34,0,11,0,6,0,-3,0,0,0,0,0,0,86.4,3402,86.4,92.6667,GCS,94.0,0,"{'id': 10, 'abbrev': 'MEL', 'name': 'Melbourne'}",1,"{'id': 8, 'abbrev': 'HAW', 'name': 'Hawthorn'}",1,"{'id': 16, 'abbrev': 'WCE', 'name': 'West Coast'}",0,Docklands Stadium,84.4583,"{'id': 13, 'name': 'Melbourne Cricket Ground', 'display_name': 'MCG', 'short_name': 'MCG', 'abbrev': 'MCG'}","{'id': 13, 'name': 'Melbourne Cricket Ground', 'display_name': 'MCG', 'short_name': 'MCG', 'abbrev': 'MCG'}","{'id': 13, 'name': 'Melbourne Cricket Ground', 'display_name': 'MCG', 'short_name': 'MCG', 'abbrev': 'MCG'}",77.3182,,0.8059701492537313,5063.657407407407,,71052,117113,James,Baker-Street Boys
111,137,owner,117113.0,,994185,Jordan,De Goey,COL,0,6,0,441800,150,0,2,0,0,399,0,0,177,2025-04-13T12:26:14+10:00,0,16,0,7,0,7,0,5,0,2,0,-3,0,0,0,2,0,3,75.0,2106,75.0,75.0,BRL,86.0,1,"{'id': 5, 'abbrev': 'ESS', 'name': 'Essendon'}",0,"{'id': 7, 'abbrev': 'GEE', 'name': 'Geelong'}",0,"{'id': 6, 'abbrev': 'FRE', 'name': 'Fremantle'}",1,Brisbane Cricket Ground,87.4,"{'id': 13, 'name': 'Melbourne Cricket Ground', 'display_name': 'MCG', 'short_name': 'MCG', 'abbrev': 'MCG'}","{'id': 13, 'name': 'Melbourne Cricket Ground', 'display_name': 'MCG', 'short_name': 'MCG', 'abbrev': 'MCG'}","{'id': 53, 'name': 'Perth Stadium', 'display_name': 'Optus Stadium', 'short_name': 'Optus', 'abbrev': 'OS'}",47.8636,,0.847457627118644,5890.666666666667,,71052,117113,James,Baker-Street Boys
112,354,owner,116859.0,,1023266,Finn,Callaghan,GWS,0,6,0,416400,457,0,5,0,-25200,71,0,0,503,2025-04-13T12:26:12+10:00,0,60,0,74,0,12,0,14,0,2,0,-8,0,0,0,2,0,7,91.4,3734,91.4,69.6667,ADE,78.3333,1,"{'id': 15, 'abbrev': 'WBD', 'name': 'Western Bulldogs'}",0,"{'id': 14, 'abbrev': 'SYD', 'name': 'Sydney'}",1,"{'id': 7, 'abbrev': 'GEE', 'name': 'Geelong'}",1,Adelaide Oval,67.0,"{'id': 11, 'name': 'Manuka Oval', 'display_name': 'Manuka Oval', 'short_name': 'Manuka', 'abbrev': 'MO'}","{'id': 16, 'name': 'Sydney Cricket Ground', 'display_name': 'SCG', 'short_name': 'SCG', 'abbrev': 'SCG'}","{'id': 10, 'name': 'Kardinia Park', 'display_name': 'GMHBA Stadium', 'short_name': 'GMHBA', 'abbrev': 'GMS'}",84.8636,,0.9085487077534792,4555.798687089715,,86078,116859,Lester,Grand Theft Zorko
113,330,owner,116698.0,,1004938,Gryan,Miers,GEE,0,6,0,417400,377,0,5,0,-24000,131,0,0,552,2025-04-13T12:26:12+10:00,0,69,0,34,0,34,0,15,0,1,0,-2,0,0,0,1,0,2,75.4,3494,75.4,84.6667,HAW,78.875,0,"{'id': 3, 'abbrev': 'CAR', 'name': 'Carlton'}",1,"{'id': 4, 'abbrev': 'COL', 'name': 'Collingwood'}",1,"{'id': 18, 'abbrev': 'GWS', 'name': 'GWS Giants'}",0,Melbourne Cricket Ground,76.48,"{'id': 13, 'name': 'Melbourne Cricket Ground', 'display_name': 'MCG', 'short_name': 'MCG', 'abbrev': 'MCG'}","{'id': 13, 'name': 'Melbourne Cricket Ground', 'display_name': 'MCG', 'short_name': 'MCG', 'abbrev': 'MCG'}","{'id': 10, 'name': 'Kardinia Park', 'display_name': 'GMHBA Stadium', 'short_name': 'GMHBA', 'abbrev': 'GMS'}",79.4091,,0.6829710144927537,5535.809018567639,,300791,116698,Paul,SerongWayToTheTop
114,48,owner,116887.0,,1023517,Will,Ashcroft,BRL,0,6,0,538200,555,0,5,0,97000,15,0,0,531,2025-04-13T12:26:12+10:00,0,68,0,65,0,18,0,16,0,11,0,-3,0,0,0,3,0,1,111.0,3947,111.0,126.0,COL,83.5,0,"{'id': 13, 'abbrev': 'STK', 'name': 'St Kilda'}",1,"{'id': 17, 'abbrev': 'GCS', 'name': 'Gold Coast'}",0,"{'id': 9, 'abbrev': 'NTH', 'name': 'North Melbourne'}",1,Brisbane Cricket Ground,100.812,"{'id': 7, 'name': 'Docklands Stadium', 'display_name': 'Marvel Stadium', 'short_name': 'Marvel', 'abbrev': 'MARV'}","{'id': 4, 'name': 'Brisbane Cricket Ground', 'display_name': 'Gabba', 'short_name': 'Gabba', 'abbrev': 'G'}","{'id': 226, 'name': 'Ninja Stadium', 'display_name': 'Ninja Stadium', 'short_name': 'Ninja', 'abbrev': 'NIN'}",89.7045,,1.0451977401129944,4848.648648648648,,10857,116887,Anthony,Work From Holmes
115,19,owner,116887.0,,993946,Ben,Keays,ADE,0,6,0,455000,445,0,5,0,18300,75,0,0,572,2025-04-13T12:26:12+10:00,0,58,0,37,0,36,0,10,0,3,0,-2,0,0,0,11,0,2,89.0,3936,89.0,79.3333,GWS,87.7143,0,"{'id': 6, 'abbrev': 'FRE', 'name': 'Fremantle'}",1,"{'id': 3, 'abbrev': 'CAR', 'name': 'Carlton'}",0,"{'id': 11, 'abbrev': 'PTA', 'name': 'Port Adelaide'}",1,Adelaide Oval,86.5625,"{'id': 53, 'name': 'Perth Stadium', 'display_name': 'Optus Stadium', 'short_name': 'Optus', 'abbrev': 'OS'}","{'id': 1, 'name': 'Adelaide Oval', 'display_name': 'Adelaide Oval', 'short_name': 'Adelaide', 'abbrev': 'AO'}","{'id': 1, 'name': 'Adelaide Oval', 'display_name': 'Adelaide Oval', 'short_name': 'Adelaide', 'abbrev': 'AO'}",89.4545,,0.777972027972028,5112.359550561798,,10857,116887,Anthony,Work From Holmes
116,581,owner,116793.0,,993903,Jacob,Hopper,RIC,0,6,0,462200,469,0,5,0,26600,58,0,0,489,2025-04-13T12:26:12+10:00,0,47,0,89,0,16,0,18,0,3,0,-10,0,0,0,1,0,0,93.8,2768,93.8,109.667,GCS,100.889,0,"{'id': 10, 'abbrev': 'MEL', 'name': 'Melbourne'}",1,"{'id': 8, 'abbrev': 'HAW', 'name': 'Hawthorn'}",1,"{'id': 16, 'abbrev': 'WCE', 'name': 'West Coast'}",0,Docklands Stadium,79.2105,"{'id': 13, 'name': 'Melbourne Cricket Ground', 'display_name': 'MCG', 'short_name': 'MCG', 'abbrev': 'MCG'}","{'id': 13, 'name': 'Melbourne Cricket Ground', 'display_name': 'MCG', 'short_name': 'MCG', 'abbrev': 'MCG'}","{'id': 13, 'name': 'Melbourne Cricket Ground', 'display_name': 'MCG', 'short_name': 'MCG', 'abbrev': 'MCG'}",62.9091,,0.9591002044989775,4927.505330490405,,45168,116793,Luke,Duke Newcombe
117,687,owner,116859.0,,1012210,Matt,Roberts,SYD,0,6,0,470200,490,0,5,0,35400,44,0,0,569,2025-04-13T12:26:12+10:00,0,83,0,31,0,28,0,11,0,8,0,-3,0,0,0,1,0,0,98.0,3883,98.0,90.3333,PTA,85.0,0,"{'id': 17, 'abbrev': 'GCS', 'name': 'Gold Coast'}",1,"{'id': 18, 'abbrev': 'GWS', 'name': 'GWS Giants'}",0,"{'id': 5, 'abbrev': 'ESS', 'name': 'Essendon'}",1,Sydney Cricket Ground,80.8571,"{'id': 5, 'name': 'Carrara Stadium', 'display_name': 'People First Stadium', 'short_name': 'People First', 'abbrev': 'PFS'}","{'id': 16, 'name': 'Sydney Cricket Ground', 'display_name': 'SCG', 'short_name': 'SCG', 'abbrev': 'SCG'}","{'id': 7, 'name': 'Docklands Stadium', 'display_name': 'Marvel Stadium', 'short_name': 'Marvel', 'abbrev': 'MARV'}",88.25,,0.8611599297012302,4797.959183673469,,86078,116859,Lester,Grand Theft Zorko
118,771,owner,118706.0,,1023492,Harley,Reid,WCE,0,6,0,358300,303,0,5,0,-75700,249,0,0,527,2025-04-13T12:26:13+10:00,0,47,0,36,0,10,0,14,0,5,0,-10,0,0,0,2,0,2,60.6,2331,60.6,66.6667,ESS,59.0,0,"{'id': 8, 'abbrev': 'HAW', 'name': 'Hawthorn'}",1,"{'id': 10, 'abbrev': 'MEL', 'name': 'Melbourne'}",0,"{'id': 12, 'abbrev': 'RIC', 'name': 'Richmond'}",1,Perth Stadium,82.3077,"{'id': 7, 'name': 'Docklands Stadium', 'display_name': 'Marvel Stadium', 'short_name': 'Marvel', 'abbrev': 'MARV'}","{'id': 53, 'name': 'Perth Stadium', 'display_name': 'Optus Stadium', 'short_name': 'Optus', 'abbrev': 'OS'}","{'id': 13, 'name': 'Melbourne Cricket Ground', 'display_name': 'MCG', 'short_name': 'MCG', 'abbrev': 'MCG'}",52.9773,,0.5749525616698292,5912.541254125413,,8258,118706,Simon,Meeky Blinders
119,447,owner,117113.0,,298264,Ed,Langdon,MEL,0,6,0,454800,454,0,5,0,22500,72,0,0,599,2025-04-13T12:26:12+10:00,0,63,0,42,0,36,0,11,0,1,0,-1,0,0,0,2,0,2,90.8,2137,90.8,103.0,FRE,78.5,0,"{'id': 12, 'abbrev': 'RIC', 'name': 'Richmond'}",0,"{'id': 16, 'abbrev': 'WCE', 'name': 'West Coast'}",1,"{'id': 8, 'abbrev': 'HAW', 'name': 'Hawthorn'}",0,Melbourne Cricket Ground,79.9661,"{'id': 13, 'name': 'Melbourne Cricket Ground', 'display_name': 'MCG', 'short_name': 'MCG', 'abbrev': 'MCG'}","{'id': 53, 'name': 'Perth Stadium', 'display_name': 'Optus Stadium', 'short_name': 'Optus', 'abbrev': 'OS'}","{'id': 13, 'name': 'Melbourne Cricket Ground', 'display_name': 'MCG', 'short_name': 'MCG', 'abbrev': 'MCG'}",48.5682,,0.7579298831385642,5008.8105726872245,,71052,117113,James,Baker-Street Boys
120,507,owner,118554.0,,1011659,Tom,Powell,NTH,0,6,0,414200,427,0,5,0,-17800,89,0,0,490,2025-04-13T12:26:12+10:00,0,55,0,66,0,21,0,25,0,2,0,-2,0,0,0,1,0,2,85.4,2788,85.4,72.6667,CAR,58.6667,0,"{'id': 11, 'abbrev': 'PTA', 'name': 'Port Adelaide'}",1,"{'id': 5, 'abbrev': 'ESS', 'name': 'Essendon'}",1,"{'id': 2, 'abbrev': 'BRL', 'name': 'Brisbane'}",0,Docklands Stadium,67.6286,"{'id': 1, 'name': 'Adelaide Oval', 'display_name': 'Adelaide Oval', 'short_name': 'Adelaide', 'abbrev': 'AO'}","{'id': 7, 'name': 'Docklands Stadium', 'display_name': 'Marvel Stadium', 'short_name': 'Marvel', 'abbrev': 'MARV'}","{'id': 226, 'name': 'Ninja Stadium', 'display_name': 'Ninja Stadium', 'short_name': 'Ninja', 'abbrev': 'NIN'}",63.3636,,0.8714285714285714,4850.117096018735,,180650,118554,Jordan,Hornehub
121,649,owner,116970.0,,295340,Mason,Wood,STK,0,6,0,446100,433,0,5,0,14400,84,0,0,572,2025-04-13T12:26:12+10:00,0,59,0,27,0,36,0,9,0,1,0,-6,0,0,0,9,0,5,86.6,3507,86.6,88.0,WBD,73.0,1,"{'id': 2, 'abbrev': 'BRL', 'name': 'Brisbane'}",0,"{'id': 6, 'abbrev': 'FRE', 'name': 'Fremantle'}",0,"{'id': 3, 'abbrev': 'CAR', 'name': 'Carlton'}",0,Docklands Stadium,76.0429,"{'id': 7, 'name': 'Docklands Stadium', 'display_name': 'Marvel Stadium', 'short_name': 'Marvel', 'abbrev': 'MARV'}","{'id': 7, 'name': 'Docklands Stadium', 'display_name': 'Marvel Stadium', 'short_name': 'Marvel', 'abbrev': 'MARV'}","{'id': 13, 'name': 'Melbourne Cricket Ground', 'display_name': 'MCG', 'short_name': 'MCG', 'abbrev': 'MCG'}",79.7045,,0.756993006993007,5151.270207852194,,21562,116970,Mark,Sheez Nutz
122,301,owner,116698.0,,994386,Tom,Atkins,GEE,0,6,0,455600,459,0,5,0,24000,68,0,0,498,2025-04-13T12:26:12+10:00,0,33,0,51,0,7,0,53,0,4,0,-7,0,0,0,1,0,1,91.8,2489,91.8,92.6667,HAW,64.25,0,"{'id': 3, 'abbrev': 'CAR', 'name': 'Carlton'}",1,"{'id': 4, 'abbrev': 'COL', 'name': 'Collingwood'}",1,"{'id': 18, 'abbrev': 'GWS', 'name': 'GWS Giants'}",0,Melbourne Cricket Ground,74.2759,"{'id': 13, 'name': 'Melbourne Cricket Ground', 'display_name': 'MCG', 'short_name': 'MCG', 'abbrev': 'MCG'}","{'id': 13, 'name': 'Melbourne Cricket Ground', 'display_name': 'MCG', 'short_name': 'MCG', 'abbrev': 'MCG'}","{'id': 10, 'name': 'Kardinia Park', 'display_name': 'GMHBA Stadium', 'short_name': 'GMHBA', 'abbrev': 'GMS'}",56.5682,,0.9216867469879518,4962.9629629629635,,300791,116698,Paul,SerongWayToTheTop
123,464,owner,118554.0,,296359,Christian,Salem,MEL,0,6,0,429400,458,0,5,0,-1700,70,0,0,550,2025-04-13T12:26:12+10:00,0,82,0,31,0,42,0,11,0,3,0,-4,0,0,0,0,0,0,91.6,3200,91.6,78.3333,FRE,74.75,0,"{'id': 12, 'abbrev': 'RIC', 'name': 'Richmond'}",0,"{'id': 16, 'abbrev': 'WCE', 'name': 'West Coast'}",1,"{'id': 8, 'abbrev': 'HAW', 'name': 'Hawthorn'}",0,Melbourne Cricket Ground,78.4828,"{'id': 13, 'name': 'Melbourne Cricket Ground', 'display_name': 'MCG', 'short_name': 'MCG', 'abbrev': 'MCG'}","{'id': 53, 'name': 'Perth Stadium', 'display_name': 'Optus Stadium', 'short_name': 'Optus', 'abbrev': 'OS'}","{'id': 13, 'name': 'Melbourne Cricket Ground', 'display_name': 'MCG', 'short_name': 'MCG', 'abbrev': 'MCG'}",72.7273,,0.8327272727272728,4687.772925764192,,180650,118554,Jordan,Hornehub
124,527,owner,116970.0,,1013462,Jase,Burgoyne,PTA,0,6,0,440700,411,0,5,0,9900,105,0,0,594,2025-04-13T12:26:12+10:00,0,63,0,48,0,30,0,12,0,2,0,-2,0,0,0,2,0,1,82.2,2584,82.2,78.0,SYD,67.0,1,"{'id': 9, 'abbrev': 'NTH', 'name': 'North Melbourne'}",0,"{'id': 15, 'abbrev': 'WBD', 'name': 'Western Bulldogs'}",1,"{'id': 1, 'abbrev': 'ADE', 'name': 'Adelaide'}",0,Sydney Cricket Ground,0.0,"{'id': 1, 'name': 'Adelaide Oval', 'display_name': 'Adelaide Oval', 'short_name': 'Adelaide', 'abbrev': 'AO'}","{'id': 55, 'name': 'Eureka Stadium', 'display_name': 'Mars Stadium', 'short_name': 'Mars', 'abbrev': 'MARS'}","{'id': 1, 'name': 'Adelaide Oval', 'display_name': 'Adelaide Oval', 'short_name': 'Adelaide', 'abbrev': 'AO'}",58.7273,,0.6919191919191919,5361.313868613139,,21562,116970,Mark,Sheez Nutz
125,510,owner,116887.0,,993998,Jy,Simpkin,NTH,0,6,0,468500,499,0,5,0,39200,39,0,0,539,2025-04-13T12:26:12+10:00,0,76,0,55,0,27,0,18,0,7,0,-4,0,0,0,5,0,2,99.8,4175,99.8,94.0,CAR,72.0,0,"{'id': 11, 'abbrev': 'PTA', 'name': 'Port Adelaide'}",1,"{'id': 5, 'abbrev': 'ESS', 'name': 'Essendon'}",1,"{'id': 2, 'abbrev': 'BRL', 'name': 'Brisbane'}",0,Docklands Stadium,74.6986,"{'id': 1, 'name': 'Adelaide Oval', 'display_name': 'Adelaide Oval', 'short_name': 'Adelaide', 'abbrev': 'AO'}","{'id': 7, 'name': 'Docklands Stadium', 'display_name': 'Marvel Stadium', 'short_name': 'Marvel', 'abbrev': 'MARV'}","{'id': 226, 'name': 'Ninja Stadium', 'display_name': 'Ninja Stadium', 'short_name': 'Ninja', 'abbrev': 'NIN'}",94.8864,,0.9257884972170687,4694.38877755511,,10857,116887,Anthony,Work From Holmes
126,454,owner,118706.0,,291533,Tom,McDonald,MEL,0,6,0,427000,417,0,5,0,-1400,100,0,0,629,2025-04-13T12:26:12+10:00,0,51,0,29,0,29,0,7,0,5,0,-4,0,0,0,0,0,0,83.4,1633,83.4,84.6667,FRE,92.0714,0,"{'id': 12, 'abbrev': 'RIC', 'name': 'Richmond'}",0,"{'id': 16, 'abbrev': 'WCE', 'name': 'West Coast'}",1,"{'id': 8, 'abbrev': 'HAW', 'name': 'Hawthorn'}",0,Melbourne Cricket Ground,83.0248,"{'id': 13, 'name': 'Melbourne Cricket Ground', 'display_name': 'MCG', 'short_name': 'MCG', 'abbrev': 'MCG'}","{'id': 53, 'name': 'Perth Stadium', 'display_name': 'Optus Stadium', 'short_name': 'Optus', 'abbrev': 'OS'}","{'id': 13, 'name': 'Melbourne Cricket Ground', 'display_name': 'MCG', 'short_name': 'MCG', 'abbrev': 'MCG'}",37.1136,,0.6629570747217806,5119.904076738609,,8258,118706,Simon,Meeky Blinders
127,702,owner,118554.0,,1017126,Sam,Darcy,WBD,0,6,0,526900,546,0,5,0,99900,19,0,0,541,2025-04-13T12:26:12+10:00,0,56,0,25,0,41,0,7,0,9,0,-4,0,17,0,14,0,7,109.2,4181,109.2,117.667,STK,32.5,0,"{'id': 18, 'abbrev': 'GWS', 'name': 'GWS Giants'}",1,"{'id': 11, 'abbrev': 'PTA', 'name': 'Port Adelaide'}",0,"{'id': 17, 'abbrev': 'GCS', 'name': 'Gold Coast'}",1,Docklands Stadium,71.8667,"{'id': 11, 'name': 'Manuka Oval', 'display_name': 'Manuka Oval', 'short_name': 'Manuka', 'abbrev': 'MO'}","{'id': 55, 'name': 'Eureka Stadium', 'display_name': 'Mars Stadium', 'short_name': 'Mars', 'abbrev': 'MARS'}","{'id': 12, 'name': 'Marrara Oval', 'display_name': 'TIO Stadium', 'short_name': 'TIO', 'abbrev': 'TIO'}",95.0227,,1.009242144177449,4825.091575091575,,180650,118554,Jordan,Hornehub
128,363,owner,117113.0,,295344,Toby,Greene,GWS,0,6,0,501900,548,0,5,0,75500,18,0,0,577,2025-04-13T12:26:12+10:00,0,69,0,32,0,27,0,15,0,7,0,-3,0,0,0,14,0,7,109.6,4094,109.6,116.333,ADE,92.0,1,"{'id': 15, 'abbrev': 'WBD', 'name': 'Western Bulldogs'}",0,"{'id': 14, 'abbrev': 'SYD', 'name': 'Sydney'}",1,"{'id': 7, 'abbrev': 'GEE', 'name': 'Geelong'}",1,Adelaide Oval,86.3571,"{'id': 11, 'name': 'Manuka Oval', 'display_name': 'Manuka Oval', 'short_name': 'Manuka', 'abbrev': 'MO'}","{'id': 16, 'name': 'Sydney Cricket Ground', 'display_name': 'SCG', 'short_name': 'SCG', 'abbrev': 'SCG'}","{'id': 10, 'name': 'Kardinia Park', 'display_name': 'GMHBA Stadium', 'short_name': 'GMHBA', 'abbrev': 'GMS'}",93.0455,,0.949740034662045,4579.379562043796,,71052,117113,James,Baker-Street Boys
129,526,owner,118706.0,,250365,Travis,Boak,PTA,0,6,0,418000,343,0,4,0,-5500,189,0,0,396,2025-04-13T12:26:13+10:00,0,37,0,57,0,22,0,10,0,1,0,-4,0,0,0,2,0,2,85.75,1900,85.75,76.3333,SYD,85.7778,1,"{'id': 9, 'abbrev': 'NTH', 'name': 'North Melbourne'}",0,"{'id': 15, 'abbrev': 'WBD', 'name': 'Western Bulldogs'}",1,"{'id': 1, 'abbrev': 'ADE', 'name': 'Adelaide'}",0,Sydney Cricket Ground,78.3,"{'id': 1, 'name': 'Adelaide Oval', 'display_name': 'Adelaide Oval', 'short_name': 'Adelaide', 'abbrev': 'AO'}","{'id': 55, 'name': 'Eureka Stadium', 'display_name': 'Mars Stadium', 'short_name': 'Mars', 'abbrev': 'MARS'}","{'id': 1, 'name': 'Adelaide Oval', 'display_name': 'Adelaide Oval', 'short_name': 'Adelaide', 'abbrev': 'AO'}",43.1818,,0.8661616161616161,4874.635568513119,,8258,118706,Simon,Meeky Blinders
130,77,owner,116970.0,,1002235,Cam,Rayner,BRL,0,6,0,367600,310,0,5,0,-55000,241,0,0,536,2025-04-13T12:26:13+10:00,0,39,0,33,0,14,0,16,0,3,0,-7,0,0,0,3,0,5,62.0,2313,62.0,72.3333,COL,77.3333,0,"{'id': 13, 'abbrev': 'STK', 'name': 'St Kilda'}",1,"{'id': 17, 'abbrev': 'GCS', 'name': 'Gold Coast'}",0,"{'id': 9, 'abbrev': 'NTH', 'name': 'North Melbourne'}",1,Brisbane Cricket Ground,65.1231,"{'id': 7, 'name': 'Docklands Stadium', 'display_name': 'Marvel Stadium', 'short_name': 'Marvel', 'abbrev': 'MARV'}","{'id': 4, 'name': 'Brisbane Cricket Ground', 'display_name': 'Gabba', 'short_name': 'Gabba', 'abbrev': 'G'}","{'id': 226, 'name': 'Ninja Stadium', 'display_name': 'Ninja Stadium', 'short_name': 'Ninja', 'abbrev': 'NIN'}",52.5682,,0.5783582089552238,5929.032258064516,,21562,116970,Mark,Sheez Nutz
131,288,owner,116793.0,,1000072,John,Noble,GCS,0,6,0,441000,365,0,4,0,19600,147,0,0,440,2025-04-13T12:26:12+10:00,0,71,0,25,0,20,0,11,0,1,0,-6,0,0,0,2,0,1,91.25,2842,91.25,95.6667,RIC,65.0,1,"{'id': 14, 'abbrev': 'SYD', 'name': 'Sydney'}",0,"{'id': 2, 'abbrev': 'BRL', 'name': 'Brisbane'}",1,"{'id': 15, 'abbrev': 'WBD', 'name': 'Western Bulldogs'}",0,Docklands Stadium,71.7143,"{'id': 5, 'name': 'Carrara Stadium', 'display_name': 'People First Stadium', 'short_name': 'People First', 'abbrev': 'PFS'}","{'id': 4, 'name': 'Brisbane Cricket Ground', 'display_name': 'Gabba', 'short_name': 'Gabba', 'abbrev': 'G'}","{'id': 12, 'name': 'Marrara Oval', 'display_name': 'TIO Stadium', 'short_name': 'TIO', 'abbrev': 'TIO'}",64.5909,,0.8295454545454546,4832.876712328767,,45168,116793,Luke,Duke Newcombe
132,323,owner,116887.0,,1013464,Lawson,Humphries,GEE,0,6,0,431200,438,0,5,0,12700,81,0,0,550,2025-04-13T12:26:12+10:00,0,76,0,29,0,35,0,10,0,7,0,-1,0,0,0,0,0,1,87.6,2660,87.6,87.0,HAW,66.0,0,"{'id': 3, 'abbrev': 'CAR', 'name': 'Carlton'}",1,"{'id': 4, 'abbrev': 'COL', 'name': 'Collingwood'}",1,"{'id': 18, 'abbrev': 'GWS', 'name': 'GWS Giants'}",0,Melbourne Cricket Ground,99.5,"{'id': 13, 'name': 'Melbourne Cricket Ground', 'display_name': 'MCG', 'short_name': 'MCG', 'abbrev': 'MCG'}","{'id': 13, 'name': 'Melbourne Cricket Ground', 'display_name': 'MCG', 'short_name': 'MCG', 'abbrev': 'MCG'}","{'id': 10, 'name': 'Kardinia Park', 'display_name': 'GMHBA Stadium', 'short_name': 'GMHBA', 'abbrev': 'GMS'}",60.4545,,0.7963636363636364,4922.374429223744,,10857,116887,Anthony,Work From Holmes
133,524,owner,116859.0,,1009191,Miles,Bergman,PTA,0,6,0,437500,423,0,5,0,19300,95,0,0,495,2025-04-13T12:26:12+10:00,0,66,0,29,0,37,0,11,0,6,0,0,0,0,0,1,0,1,84.6,2665,84.6,90.0,SYD,69.3333,1,"{'id': 9, 'abbrev': 'NTH', 'name': 'North Melbourne'}",0,"{'id': 15, 'abbrev': 'WBD', 'name': 'Western Bulldogs'}",1,"{'id': 1, 'abbrev': 'ADE', 'name': 'Adelaide'}",0,Sydney Cricket Ground,49.0,"{'id': 1, 'name': 'Adelaide Oval', 'display_name': 'Adelaide Oval', 'short_name': 'Adelaide', 'abbrev': 'AO'}","{'id': 55, 'name': 'Eureka Stadium', 'display_name': 'Mars Stadium', 'short_name': 'Mars', 'abbrev': 'MARS'}","{'id': 1, 'name': 'Adelaide Oval', 'display_name': 'Adelaide Oval', 'short_name': 'Adelaide', 'abbrev': 'AO'}",60.5682,,0.8545454545454545,5171.394799054374,,86078,116859,Lester,Grand Theft Zorko
134,218,owner,116698.0,,993993,Shai,Bolton,FRE,0,6,0,421900,327,0,4,0,5800,214,0,0,392,2025-04-13T12:26:13+10:00,0,39,0,30,0,13,0,9,0,3,0,-8,0,0,0,4,0,6,81.75,3703,81.75,90.0,MEL,78.6667,1,"{'id': 1, 'abbrev': 'ADE', 'name': 'Adelaide'}",0,"{'id': 13, 'abbrev': 'STK', 'name': 'St Kilda'}",1,"{'id': 4, 'abbrev': 'COL', 'name': 'Collingwood'}",0,Melbourne Cricket Ground,79.3284,"{'id': 53, 'name': 'Perth Stadium', 'display_name': 'Optus Stadium', 'short_name': 'Optus', 'abbrev': 'OS'}","{'id': 7, 'name': 'Docklands Stadium', 'display_name': 'Marvel Stadium', 'short_name': 'Marvel', 'abbrev': 'MARV'}","{'id': 53, 'name': 'Perth Stadium', 'display_name': 'Optus Stadium', 'short_name': 'Optus', 'abbrev': 'OS'}",84.1591,,0.8341836734693877,5160.85626911315,,300791,116698,Paul,SerongWayToTheTop
135,126,owner,116887.0,,993832,Jacob,Weitering,CAR,0,6,0,397900,404,0,5,0,-17000,109,0,0,621,2025-04-13T12:26:12+10:00,0,54,0,21,0,41,0,5,0,5,0,-5,0,1,0,0,0,0,80.8,1748,80.8,77.3333,NTH,74.5,1,"{'id': 7, 'abbrev': 'GEE', 'name': 'Geelong'}",0,"{'id': 1, 'abbrev': 'ADE', 'name': 'Adelaide'}",1,"{'id': 13, 'abbrev': 'STK', 'name': 'St Kilda'}",1,Docklands Stadium,79.0175,"{'id': 13, 'name': 'Melbourne Cricket Ground', 'display_name': 'MCG', 'short_name': 'MCG', 'abbrev': 'MCG'}","{'id': 1, 'name': 'Adelaide Oval', 'display_name': 'Adelaide Oval', 'short_name': 'Adelaide', 'abbrev': 'AO'}","{'id': 13, 'name': 'Melbourne Cricket Ground', 'display_name': 'MCG', 'short_name': 'MCG', 'abbrev': 'MCG'}",39.7273,,0.6505636070853462,4924.504950495049,,10857,116887,Anthony,Work From Holmes
136,718,owner,118706.0,,1001398,Matthew,Kennedy,WBD,0,6,0,447700,459,0,5,0,33300,68,0,0,505,2025-04-13T12:26:12+10:00,0,67,0,52,0,18,0,20,0,3,0,-6,0,0,0,3,0,1,91.8,3801,91.8,88.3333,STK,76.0,0,"{'id': 18, 'abbrev': 'GWS', 'name': 'GWS Giants'}",1,"{'id': 11, 'abbrev': 'PTA', 'name': 'Port Adelaide'}",0,"{'id': 17, 'abbrev': 'GCS', 'name': 'Gold Coast'}",1,Docklands Stadium,81.4722,"{'id': 11, 'name': 'Manuka Oval', 'display_name': 'Manuka Oval', 'short_name': 'Manuka', 'abbrev': 'MO'}","{'id': 55, 'name': 'Eureka Stadium', 'display_name': 'Mars Stadium', 'short_name': 'Mars', 'abbrev': 'MARS'}","{'id': 12, 'name': 'Marrara Oval', 'display_name': 'TIO Stadium', 'short_name': 'TIO', 'abbrev': 'TIO'}",86.3864,,0.9089108910891089,4876.906318082789,,8258,118706,Simon,Meeky Blinders
137,210,owner,116970.0,,291783,Dylan,Shiel,ESS,0,6,0,404300,314,0,4,0,-9400,237,0,0,382,2025-04-13T12:26:13+10:00,0,49,0,50,0,12,0,10,0,1,0,-1,0,0,0,1,0,0,78.5,1726,78.5,80.0,WCE,84.25,1,"{'id': 4, 'abbrev': 'COL', 'name': 'Collingwood'}",1,"{'id': 9, 'abbrev': 'NTH', 'name': 'North Melbourne'}",0,"{'id': 14, 'abbrev': 'SYD', 'name': 'Sydney'}",0,Perth Stadium,97.0,"{'id': 13, 'name': 'Melbourne Cricket Ground', 'display_name': 'MCG', 'short_name': 'MCG', 'abbrev': 'MCG'}","{'id': 7, 'name': 'Docklands Stadium', 'display_name': 'Marvel Stadium', 'short_name': 'Marvel', 'abbrev': 'MARV'}","{'id': 7, 'name': 'Docklands Stadium', 'display_name': 'Marvel Stadium', 'short_name': 'Marvel', 'abbrev': 'MARV'}",39.2273,,0.8219895287958116,5150.3184713375795,,21562,116970,Mark,Sheez Nutz
138,180,owner,116970.0,,1005577,Sam,Draper,ESS,0,6,0,411700,353,0,4,0,2500,172,0,0,460,2025-04-13T12:26:13+10:00,0,32,0,21,0,12,0,10,0,8,0,-7,0,76,0,6,0,2,88.25,3120,88.25,83.3333,WCE,80.5,1,"{'id': 4, 'abbrev': 'COL', 'name': 'Collingwood'}",1,"{'id': 9, 'abbrev': 'NTH', 'name': 'North Melbourne'}",0,"{'id': 14, 'abbrev': 'SYD', 'name': 'Sydney'}",0,Perth Stadium,80.5,"{'id': 13, 'name': 'Melbourne Cricket Ground', 'display_name': 'MCG', 'short_name': 'MCG', 'abbrev': 'MCG'}","{'id': 7, 'name': 'Docklands Stadium', 'display_name': 'Marvel Stadium', 'short_name': 'Marvel', 'abbrev': 'MARV'}","{'id': 7, 'name': 'Docklands Stadium', 'display_name': 'Marvel Stadium', 'short_name': 'Marvel', 'abbrev': 'MARV'}",70.9091,,0.7673913043478261,4665.155807365439,,21562,116970,Mark,Sheez Nutz
139,150,owner,116887.0,,1003130,Patrick,Lipinski,COL,0,6,0,412600,414,0,5,0,5000,104,0,0,544,2025-04-13T12:26:12+10:00,0,55,0,52,0,18,0,7,0,4,0,-2,0,0,0,1,0,3,82.8,3360,82.8,81.6667,BRL,77.1429,1,"{'id': 5, 'abbrev': 'ESS', 'name': 'Essendon'}",0,"{'id': 7, 'abbrev': 'GEE', 'name': 'Geelong'}",0,"{'id': 6, 'abbrev': 'FRE', 'name': 'Fremantle'}",1,Brisbane Cricket Ground,80.5,"{'id': 13, 'name': 'Melbourne Cricket Ground', 'display_name': 'MCG', 'short_name': 'MCG', 'abbrev': 'MCG'}","{'id': 13, 'name': 'Melbourne Cricket Ground', 'display_name': 'MCG', 'short_name': 'MCG', 'abbrev': 'MCG'}","{'id': 53, 'name': 'Perth Stadium', 'display_name': 'Optus Stadium', 'short_name': 'Optus', 'abbrev': 'OS'}",76.3636,,0.7610294117647058,4983.091787439614,,10857,116887,Anthony,Work From Holmes
140,168,owner,117113.0,,280965,Steele,Sidebottom,COL,0,6,0,495700,521,0,5,0,89900,27,0,0,515,2025-04-13T12:26:12+10:00,0,68,0,52,0,12,0,26,0,5,0,-8,0,0,0,3,0,2,104.2,3065,104.2,114.667,BRL,91.6667,1,"{'id': 5, 'abbrev': 'ESS', 'name': 'Essendon'}",0,"{'id': 7, 'abbrev': 'GEE', 'name': 'Geelong'}",0,"{'id': 6, 'abbrev': 'FRE', 'name': 'Fremantle'}",1,Brisbane Cricket Ground,99.0,"{'id': 13, 'name': 'Melbourne Cricket Ground', 'display_name': 'MCG', 'short_name': 'MCG', 'abbrev': 'MCG'}","{'id': 13, 'name': 'Melbourne Cricket Ground', 'display_name': 'MCG', 'short_name': 'MCG', 'abbrev': 'MCG'}","{'id': 53, 'name': 'Perth Stadium', 'display_name': 'Optus Stadium', 'short_name': 'Optus', 'abbrev': 'OS'}",69.6591,,1.0116504854368933,4757.197696737044,,71052,117113,James,Baker-Street Boys
141,108,owner,116859.0,,1012862,Elijah,Hollands,CAR,0,6,0,404900,0,0,0,0,0,510,0,0,0,2025-04-13T12:26:15+10:00,0,0,0,0,0,0,0,0,0,0,0,0,0,0,0,0,0,0,0.0,949,0.0,0.0,NTH,77.3333,1,"{'id': 7, 'abbrev': 'GEE', 'name': 'Geelong'}",0,"{'id': 1, 'abbrev': 'ADE', 'name': 'Adelaide'}",1,"{'id': 13, 'abbrev': 'STK', 'name': 'St Kilda'}",1,Docklands Stadium,69.8182,"{'id': 13, 'name': 'Melbourne Cricket Ground', 'display_name': 'MCG', 'short_name': 'MCG', 'abbrev': 'MCG'}","{'id': 1, 'name': 'Adelaide Oval', 'display_name': 'Adelaide Oval', 'short_name': 'Adelaide', 'abbrev': 'AO'}","{'id': 13, 'name': 'Melbourne Cricket Ground', 'display_name': 'MCG', 'short_name': 'MCG', 'abbrev': 'MCG'}",21.5682,,,,,86078,116859,Lester,Grand Theft Zorko
142,410,owner,118554.0,,1017094,Connor,Macdonald,HAW,0,6,0,375100,168,0,3,0,-25500,383,0,0,231,2025-04-13T12:26:14+10:00,0,21,0,15,0,11,0,4,0,1,0,-1,0,0,0,2,0,0,56.0,1651,56.0,56.0,GEE,59.0,1,"{'id': 16, 'abbrev': 'WCE', 'name': 'West Coast'}",0,"{'id': 12, 'abbrev': 'RIC', 'name': 'Richmond'}",0,"{'id': 10, 'abbrev': 'MEL', 'name': 'Melbourne'}",1,Melbourne Cricket Ground,63.1852,"{'id': 7, 'name': 'Docklands Stadium', 'display_name': 'Marvel Stadium', 'short_name': 'Marvel', 'abbrev': 'MARV'}","{'id': 13, 'name': 'Melbourne Cricket Ground', 'display_name': 'MCG', 'short_name': 'MCG', 'abbrev': 'MCG'}","{'id': 13, 'name': 'Melbourne Cricket Ground', 'display_name': 'MCG', 'short_name': 'MCG', 'abbrev': 'MCG'}",37.5227,,0.7272727272727273,6698.214285714285,,180650,118554,Jordan,Hornehub
143,462,owner,116698.0,,1008541,Kysaiah,Pickett,MEL,0,6,0,395400,172,0,2,0,0,380,0,0,211,2025-04-13T12:26:14+10:00,0,30,0,15,0,11,0,5,0,1,0,-1,0,0,0,2,0,3,86.0,2699,86.0,86.0,FRE,66.8571,0,"{'id': 12, 'abbrev': 'RIC', 'name': 'Richmond'}",0,"{'id': 16, 'abbrev': 'WCE', 'name': 'West Coast'}",1,"{'id': 8, 'abbrev': 'HAW', 'name': 'Hawthorn'}",0,Melbourne Cricket Ground,68.1429,"{'id': 13, 'name': 'Melbourne Cricket Ground', 'display_name': 'MCG', 'short_name': 'MCG', 'abbrev': 'MCG'}","{'id': 53, 'name': 'Perth Stadium', 'display_name': 'Optus Stadium', 'short_name': 'Optus', 'abbrev': 'OS'}","{'id': 13, 'name': 'Melbourne Cricket Ground', 'display_name': 'MCG', 'short_name': 'MCG', 'abbrev': 'MCG'}",61.3409,,0.8151658767772512,4597.674418604651,,300791,116698,Paul,SerongWayToTheTop
144,630,owner,118554.0,,295467,Jack,Macrae,STK,0,6,0,506700,579,0,5,0,114500,10,0,0,550,2025-04-13T12:26:12+10:00,0,64,0,81,0,16,0,30,0,10,0,-5,0,0,0,0,0,1,115.8,4253,115.8,96.6667,WBD,0.0,1,"{'id': 2, 'abbrev': 'BRL', 'name': 'Brisbane'}",0,"{'id': 6, 'abbrev': 'FRE', 'name': 'Fremantle'}",0,"{'id': 3, 'abbrev': 'CAR', 'name': 'Carlton'}",0,Docklands Stadium,103.552,"{'id': 7, 'name': 'Docklands Stadium', 'display_name': 'Marvel Stadium', 'short_name': 'Marvel', 'abbrev': 'MARV'}","{'id': 7, 'name': 'Docklands Stadium', 'display_name': 'Marvel Stadium', 'short_name': 'Marvel', 'abbrev': 'MARV'}","{'id': 13, 'name': 'Melbourne Cricket Ground', 'display_name': 'MCG', 'short_name': 'MCG', 'abbrev': 'MCG'}",96.6591,,1.0527272727272727,4375.647668393783,,180650,118554,Jordan,Hornehub
145,339,owner,116859.0,,1006130,Bailey,Smith,GEE,0,6,0,458900,462,0,4,0,69700,65,0,0,412,2025-04-13T12:26:12+10:00,0,81,0,39,0,16,0,25,0,3,0,-6,0,0,0,2,0,1,115.5,4245,115.5,105.0,HAW,72.8333,0,"{'id': 3, 'abbrev': 'CAR', 'name': 'Carlton'}",1,"{'id': 4, 'abbrev': 'COL', 'name': 'Collingwood'}",1,"{'id': 18, 'abbrev': 'GWS', 'name': 'GWS Giants'}",0,Melbourne Cricket Ground,100.889,"{'id': 13, 'name': 'Melbourne Cricket Ground', 'display_name': 'MCG', 'short_name': 'MCG', 'abbrev': 'MCG'}","{'id': 13, 'name': 'Melbourne Cricket Ground', 'display_name': 'MCG', 'short_name': 'MCG', 'abbrev': 'MCG'}","{'id': 10, 'name': 'Kardinia Park', 'display_name': 'GMHBA Stadium', 'short_name': 'GMHBA', 'abbrev': 'GMS'}",96.4773,,1.1213592233009708,3973.160173160173,,86078,116859,Lester,Grand Theft Zorko
146,648,owner,118554.0,,1023270,Marcus,Windhager,STK,0,6,0,368600,389,0,5,0,-16500,119,0,0,511,2025-04-13T12:26:12+10:00,0,52,0,54,0,14,0,20,0,8,0,-7,0,0,0,2,0,2,77.8,978,77.8,68.3333,WBD,53.5,1,"{'id': 2, 'abbrev': 'BRL', 'name': 'Brisbane'}",0,"{'id': 6, 'abbrev': 'FRE', 'name': 'Fremantle'}",0,"{'id': 3, 'abbrev': 'CAR', 'name': 'Carlton'}",0,Docklands Stadium,58.9643,"{'id': 7, 'name': 'Docklands Stadium', 'display_name': 'Marvel Stadium', 'short_name': 'Marvel', 'abbrev': 'MARV'}","{'id': 7, 'name': 'Docklands Stadium', 'display_name': 'Marvel Stadium', 'short_name': 'Marvel', 'abbrev': 'MARV'}","{'id': 13, 'name': 'Melbourne Cricket Ground', 'display_name': 'MCG', 'short_name': 'MCG', 'abbrev': 'MCG'}",22.2273,,0.761252446183953,4737.789203084833,,180650,118554,Jordan,Hornehub
147,383,owner,116887.0,,1005247,Sam,Taylor,GWS,0,6,0,393900,427,0,5,0,9600,89,0,0,628,2025-04-13T12:26:12+10:00,0,48,0,31,0,36,0,7,0,4,0,-5,0,0,0,1,0,0,85.4,2471,85.4,75.0,ADE,81.6667,1,"{'id': 15, 'abbrev': 'WBD', 'name': 'Western Bulldogs'}",0,"{'id': 14, 'abbrev': 'SYD', 'name': 'Sydney'}",1,"{'id': 7, 'abbrev': 'GEE', 'name': 'Geelong'}",1,Adelaide Oval,74.5,"{'id': 11, 'name': 'Manuka Oval', 'display_name': 'Manuka Oval', 'short_name': 'Manuka', 'abbrev': 'MO'}","{'id': 16, 'name': 'Sydney Cricket Ground', 'display_name': 'SCG', 'short_name': 'SCG', 'abbrev': 'SCG'}","{'id': 10, 'name': 'Kardinia Park', 'display_name': 'GMHBA Stadium', 'short_name': 'GMHBA', 'abbrev': 'GMS'}",56.1591,,0.6799363057324841,4612.412177985948,,10857,116887,Anthony,Work From Holmes
148,49,owner,116698.0,,1002312,Zac,Bailey,BRL,0,6,0,433100,471,0,5,0,53200,55,0,0,546,2025-04-13T12:26:12+10:00,0,56,0,27,0,18,0,13,0,4,0,-2,0,0,0,12,0,7,94.2,3488,94.2,100.333,COL,79.4444,0,"{'id': 13, 'abbrev': 'STK', 'name': 'St Kilda'}",1,"{'id': 17, 'abbrev': 'GCS', 'name': 'Gold Coast'}",0,"{'id': 9, 'abbrev': 'NTH', 'name': 'North Melbourne'}",1,Brisbane Cricket Ground,72.6406,"{'id': 7, 'name': 'Docklands Stadium', 'display_name': 'Marvel Stadium', 'short_name': 'Marvel', 'abbrev': 'MARV'}","{'id': 4, 'name': 'Brisbane Cricket Ground', 'display_name': 'Gabba', 'short_name': 'Gabba', 'abbrev': 'G'}","{'id': 226, 'name': 'Ninja Stadium', 'display_name': 'Ninja Stadium', 'short_name': 'Ninja', 'abbrev': 'NIN'}",79.2727,,0.8626373626373627,4597.664543524416,,300791,116698,Paul,SerongWayToTheTop
149,340,owner,116970.0,,280317,Rhys,Stanley,GEE,0,6,0,379000,186,0,2,0,0,365,0,0,193,2025-04-13T12:26:14+10:00,0,13,0,10,0,8,0,4,0,3,0,-4,0,47,0,1,0,0,93.0,1323,93.0,93.0,HAW,73.4167,0,"{'id': 3, 'abbrev': 'CAR', 'name': 'Carlton'}",1,"{'id': 4, 'abbrev': 'COL', 'name': 'Collingwood'}",1,"{'id': 18, 'abbrev': 'GWS', 'name': 'GWS Giants'}",0,Melbourne Cricket Ground,72.9231,"{'id': 13, 'name': 'Melbourne Cricket Ground', 'display_name': 'MCG', 'short_name': 'MCG', 'abbrev': 'MCG'}","{'id': 13, 'name': 'Melbourne Cricket Ground', 'display_name': 'MCG', 'short_name': 'MCG', 'abbrev': 'MCG'}","{'id': 10, 'name': 'Kardinia Park', 'display_name': 'GMHBA Stadium', 'short_name': 'GMHBA', 'abbrev': 'GMS'}",30.0682,,0.9637305699481865,4075.2688172043013,,21562,116970,Mark,Sheez Nutz
150,752,owner,118706.0,,990827,Jack,Graham,WCE,0,6,0,406300,369,0,4,0,30300,143,0,0,423,2025-04-13T12:26:12+10:00,0,39,0,40,0,9,0,31,0,4,0,-9,0,0,0,0,0,2,92.25,3255,92.25,87.3333,ESS,79.2,0,"{'id': 8, 'abbrev': 'HAW', 'name': 'Hawthorn'}",1,"{'id': 10, 'abbrev': 'MEL', 'name': 'Melbourne'}",0,"{'id': 12, 'abbrev': 'RIC', 'name': 'Richmond'}",1,Perth Stadium,86.0909,"{'id': 7, 'name': 'Docklands Stadium', 'display_name': 'Marvel Stadium', 'short_name': 'Marvel', 'abbrev': 'MARV'}","{'id': 53, 'name': 'Perth Stadium', 'display_name': 'Optus Stadium', 'short_name': 'Optus', 'abbrev': 'OS'}","{'id': 13, 'name': 'Melbourne Cricket Ground', 'display_name': 'MCG', 'short_name': 'MCG', 'abbrev': 'MCG'}",73.9773,,0.8723404255319149,4404.336043360434,,8258,118706,Simon,Meeky Blinders
151,40,owner,116793.0,,1008384,Riley,Thilthorpe,ADE,0,6,0,453200,485,0,5,0,82600,47,0,0,533,2025-04-13T12:26:12+10:00,0,48,0,27,0,29,0,10,0,5,0,-4,0,33,0,15,0,6,97.0,3601,97.0,96.3333,GWS,53.0,0,"{'id': 6, 'abbrev': 'FRE', 'name': 'Fremantle'}",1,"{'id': 3, 'abbrev': 'CAR', 'name': 'Carlton'}",0,"{'id': 11, 'abbrev': 'PTA', 'name': 'Port Adelaide'}",1,Adelaide Oval,65.7941,"{'id': 53, 'name': 'Perth Stadium', 'display_name': 'Optus Stadium', 'short_name': 'Optus', 'abbrev': 'OS'}","{'id': 1, 'name': 'Adelaide Oval', 'display_name': 'Adelaide Oval', 'short_name': 'Adelaide', 'abbrev': 'AO'}","{'id': 1, 'name': 'Adelaide Oval', 'display_name': 'Adelaide Oval', 'short_name': 'Adelaide', 'abbrev': 'AO'}",81.8409,,0.9099437148217636,4672.164948453608,,45168,116793,Luke,Duke Newcombe
152,707,owner,118706.0,,1027704,Joel,Freijah,WBD,0,6,0,358600,376,0,5,0,-11800,133,0,0,536,2025-04-13T12:26:12+10:00,0,45,0,54,0,15,0,13,0,2,0,-6,0,0,0,3,0,4,75.2,2090,75.2,55.6667,STK,0.0,0,"{'id': 18, 'abbrev': 'GWS', 'name': 'GWS Giants'}",1,"{'id': 11, 'abbrev': 'PTA', 'name': 'Port Adelaide'}",0,"{'id': 17, 'abbrev': 'GCS', 'name': 'Gold Coast'}",1,Docklands Stadium,80.1111,"{'id': 11, 'name': 'Manuka Oval', 'display_name': 'Manuka Oval', 'short_name': 'Manuka', 'abbrev': 'MO'}","{'id': 55, 'name': 'Eureka Stadium', 'display_name': 'Mars Stadium', 'short_name': 'Mars', 'abbrev': 'MARS'}","{'id': 12, 'name': 'Marrara Oval', 'display_name': 'TIO Stadium', 'short_name': 'TIO', 'abbrev': 'TIO'}",47.5,,0.7014925373134329,4768.617021276596,,8258,118706,Simon,Meeky Blinders
153,303,owner,116970.0,,296733,Mark,Blicavs,GEE,0,6,0,393800,319,0,4,0,26400,231,0,0,428,2025-04-13T12:26:13+10:00,0,27,0,21,0,11,0,13,0,7,0,-4,0,45,0,2,0,1,79.75,1429,79.75,79.3333,HAW,78.4737,0,"{'id': 3, 'abbrev': 'CAR', 'name': 'Carlton'}",1,"{'id': 4, 'abbrev': 'COL', 'name': 'Collingwood'}",1,"{'id': 18, 'abbrev': 'GWS', 'name': 'GWS Giants'}",0,Melbourne Cricket Ground,75.625,"{'id': 13, 'name': 'Melbourne Cricket Ground', 'display_name': 'MCG', 'short_name': 'MCG', 'abbrev': 'MCG'}","{'id': 13, 'name': 'Melbourne Cricket Ground', 'display_name': 'MCG', 'short_name': 'MCG', 'abbrev': 'MCG'}","{'id': 10, 'name': 'Kardinia Park', 'display_name': 'GMHBA Stadium', 'short_name': 'GMHBA', 'abbrev': 'GMS'}",32.4773,,0.7453271028037384,4937.931034482759,,21562,116970,Mark,Sheez Nutz
154,319,owner,117113.0,,1000937,Jack,Henry,GEE,0,6,0,389700,332,0,4,0,29400,207,0,0,407,2025-04-13T12:26:13+10:00,0,51,0,10,0,34,0,2,0,7,0,-1,0,0,0,0,0,0,83.0,1195,83.0,77.6667,HAW,57.375,0,"{'id': 3, 'abbrev': 'CAR', 'name': 'Carlton'}",1,"{'id': 4, 'abbrev': 'COL', 'name': 'Collingwood'}",1,"{'id': 18, 'abbrev': 'GWS', 'name': 'GWS Giants'}",0,Melbourne Cricket Ground,58.3214,"{'id': 13, 'name': 'Melbourne Cricket Ground', 'display_name': 'MCG', 'short_name': 'MCG', 'abbrev': 'MCG'}","{'id': 13, 'name': 'Melbourne Cricket Ground', 'display_name': 'MCG', 'short_name': 'MCG', 'abbrev': 'MCG'}","{'id': 10, 'name': 'Kardinia Park', 'display_name': 'GMHBA Stadium', 'short_name': 'GMHBA', 'abbrev': 'GMS'}",27.1591,,0.8157248157248157,4695.180722891566,,71052,117113,James,Baker-Street Boys
155,682,owner,118554.0,,993905,Callum,Mills,SYD,0,6,0,357200,0,0,0,0,0,510,0,0,0,2025-04-13T12:26:16+10:00,0,0,0,0,0,0,0,0,0,0,0,0,0,0,0,0,0,0,0.0,2349,0.0,0.0,PTA,82.5556,0,"{'id': 17, 'abbrev': 'GCS', 'name': 'Gold Coast'}",1,"{'id': 18, 'abbrev': 'GWS', 'name': 'GWS Giants'}",0,"{'id': 5, 'abbrev': 'ESS', 'name': 'Essendon'}",1,Sydney Cricket Ground,90.1507,"{'id': 5, 'name': 'Carrara Stadium', 'display_name': 'People First Stadium', 'short_name': 'People First', 'abbrev': 'PFS'}","{'id': 16, 'name': 'Sydney Cricket Ground', 'display_name': 'SCG', 'short_name': 'SCG', 'abbrev': 'SCG'}","{'id': 7, 'name': 'Docklands Stadium', 'display_name': 'Marvel Stadium', 'short_name': 'Marvel', 'abbrev': 'MARV'}",53.3864,,,,,180650,118554,Jordan,Hornehub
156,258,owner,116859.0,,998130,Ben,Ainsworth,GCS,0,6,0,359300,221,0,3,0,3700,334,0,0,322,2025-04-13T12:26:14+10:00,0,31,0,25,0,14,0,8,0,2,0,-1,0,0,0,1,0,1,73.6667,599,73.6667,73.6667,RIC,70.5714,1,"{'id': 14, 'abbrev': 'SYD', 'name': 'Sydney'}",0,"{'id': 2, 'abbrev': 'BRL', 'name': 'Brisbane'}",1,"{'id': 15, 'abbrev': 'WBD', 'name': 'Western Bulldogs'}",0,Docklands Stadium,60.3333,"{'id': 5, 'name': 'Carrara Stadium', 'display_name': 'People First Stadium', 'short_name': 'People First', 'abbrev': 'PFS'}","{'id': 4, 'name': 'Brisbane Cricket Ground', 'display_name': 'Gabba', 'short_name': 'Gabba', 'abbrev': 'G'}","{'id': 12, 'name': 'Marrara Oval', 'display_name': 'TIO Stadium', 'short_name': 'TIO', 'abbrev': 'TIO'}",13.6136,,0.6863354037267081,4877.373358654589,,86078,116859,Lester,Grand Theft Zorko
157,29,owner,116859.0,,1006013,James,Peatling,ADE,0,6,0,411000,418,0,5,0,58200,99,0,0,535,2025-04-13T12:26:12+10:00,0,56,0,45,0,13,0,19,0,8,0,-5,0,0,0,2,0,2,83.6,2546,83.6,101.333,GWS,0.0,0,"{'id': 6, 'abbrev': 'FRE', 'name': 'Fremantle'}",1,"{'id': 3, 'abbrev': 'CAR', 'name': 'Carlton'}",0,"{'id': 11, 'abbrev': 'PTA', 'name': 'Port Adelaide'}",1,Adelaide Oval,67.5,"{'id': 53, 'name': 'Perth Stadium', 'display_name': 'Optus Stadium', 'short_name': 'Optus', 'abbrev': 'OS'}","{'id': 1, 'name': 'Adelaide Oval', 'display_name': 'Adelaide Oval', 'short_name': 'Adelaide', 'abbrev': 'AO'}","{'id': 1, 'name': 'Adelaide Oval', 'display_name': 'Adelaide Oval', 'short_name': 'Adelaide', 'abbrev': 'AO'}",57.8636,,0.7813084112149533,4916.267942583732,,86078,116859,Lester,Grand Theft Zorko
158,240,owner,118554.0,,294613,Jaeger,O'Meara,FRE,0,6,0,373000,322,0,4,0,21500,222,0,0,408,2025-04-13T12:26:13+10:00,0,32,0,67,0,12,0,12,0,4,0,-9,0,0,0,0,0,1,80.5,1302,80.5,81.0,MEL,92.5833,1,"{'id': 1, 'abbrev': 'ADE', 'name': 'Adelaide'}",0,"{'id': 13, 'abbrev': 'STK', 'name': 'St Kilda'}",1,"{'id': 4, 'abbrev': 'COL', 'name': 'Collingwood'}",0,Melbourne Cricket Ground,88.8261,"{'id': 53, 'name': 'Perth Stadium', 'display_name': 'Optus Stadium', 'short_name': 'Optus', 'abbrev': 'OS'}","{'id': 7, 'name': 'Docklands Stadium', 'display_name': 'Marvel Stadium', 'short_name': 'Marvel', 'abbrev': 'MARV'}","{'id': 53, 'name': 'Perth Stadium', 'display_name': 'Optus Stadium', 'short_name': 'Optus', 'abbrev': 'OS'}",29.5909,,0.7892156862745098,4633.540372670807,,180650,118554,Jordan,Hornehub
159,369,owner,116970.0,,1020650,Darcy,Jones,GWS,0,6,0,376900,390,0,5,0,25800,118,0,0,515,2025-04-13T12:26:12+10:00,0,43,0,31,0,13,0,18,0,3,0,-3,0,0,0,5,0,1,78.0,1617,78.0,91.3333,ADE,0.0,1,"{'id': 15, 'abbrev': 'WBD', 'name': 'Western Bulldogs'}",0,"{'id': 14, 'abbrev': 'SYD', 'name': 'Sydney'}",1,"{'id': 7, 'abbrev': 'GEE', 'name': 'Geelong'}",1,Adelaide Oval,0.0,"{'id': 11, 'name': 'Manuka Oval', 'display_name': 'Manuka Oval', 'short_name': 'Manuka', 'abbrev': 'MO'}","{'id': 16, 'name': 'Sydney Cricket Ground', 'display_name': 'SCG', 'short_name': 'SCG', 'abbrev': 'SCG'}","{'id': 10, 'name': 'Kardinia Park', 'display_name': 'GMHBA Stadium', 'short_name': 'GMHBA', 'abbrev': 'GMS'}",36.75,,0.7572815533980582,4832.051282051282,,21562,116970,Mark,Sheez Nutz
160,44,owner,116887.0,,298437,Callum,Ah Chee,BRL,0,6,0,377400,409,0,5,0,30100,108,0,0,513,2025-04-13T12:26:12+10:00,0,37,0,32,0,29,0,12,0,3,0,-7,0,0,0,7,0,4,81.8,1395,81.8,87.6667,COL,58.2222,0,"{'id': 13, 'abbrev': 'STK', 'name': 'St Kilda'}",1,"{'id': 17, 'abbrev': 'GCS', 'name': 'Gold Coast'}",0,"{'id': 9, 'abbrev': 'NTH', 'name': 'North Melbourne'}",1,Brisbane Cricket Ground,60.0625,"{'id': 7, 'name': 'Docklands Stadium', 'display_name': 'Marvel Stadium', 'short_name': 'Marvel', 'abbrev': 'MARV'}","{'id': 4, 'name': 'Brisbane Cricket Ground', 'display_name': 'Gabba', 'short_name': 'Gabba', 'abbrev': 'G'}","{'id': 226, 'name': 'Ninja Stadium', 'display_name': 'Ninja Stadium', 'short_name': 'Ninja', 'abbrev': 'NIN'}",31.7045,,0.797270955165692,4613.691931540342,,10857,116887,Anthony,Work From Holmes
161,41,owner,117113.0,,280506,Taylor,Walker,ADE,0,6,0,408300,426,0,5,0,61100,91,0,0,472,2025-04-13T12:26:12+10:00,0,44,0,20,0,27,0,10,0,0,0,-3,0,9,0,12,0,6,85.2,2160,85.2,85.6667,GWS,70.5,0,"{'id': 6, 'abbrev': 'FRE', 'name': 'Fremantle'}",1,"{'id': 3, 'abbrev': 'CAR', 'name': 'Carlton'}",0,"{'id': 11, 'abbrev': 'PTA', 'name': 'Port Adelaide'}",1,Adelaide Oval,80.4483,"{'id': 53, 'name': 'Perth Stadium', 'display_name': 'Optus Stadium', 'short_name': 'Optus', 'abbrev': 'OS'}","{'id': 1, 'name': 'Adelaide Oval', 'display_name': 'Adelaide Oval', 'short_name': 'Adelaide', 'abbrev': 'AO'}","{'id': 1, 'name': 'Adelaide Oval', 'display_name': 'Adelaide Oval', 'short_name': 'Adelaide', 'abbrev': 'AO'}",49.0909,,0.902542372881356,4792.2535211267605,,71052,117113,James,Baker-Street Boys
162,503,owner,117113.0,,290778,Luke,Parker,NTH,0,6,0,400000,416,0,5,0,56400,102,0,0,497,2025-04-13T12:26:12+10:00,0,50,0,65,0,16,0,23,0,4,0,-6,0,0,0,3,0,1,83.2,3155,83.2,89.3333,CAR,97.4667,0,"{'id': 11, 'abbrev': 'PTA', 'name': 'Port Adelaide'}",1,"{'id': 5, 'abbrev': 'ESS', 'name': 'Essendon'}",1,"{'id': 2, 'abbrev': 'BRL', 'name': 'Brisbane'}",0,Docklands Stadium,97.1622,"{'id': 1, 'name': 'Adelaide Oval', 'display_name': 'Adelaide Oval', 'short_name': 'Adelaide', 'abbrev': 'AO'}","{'id': 7, 'name': 'Docklands Stadium', 'display_name': 'Marvel Stadium', 'short_name': 'Marvel', 'abbrev': 'MARV'}","{'id': 226, 'name': 'Ninja Stadium', 'display_name': 'Ninja Stadium', 'short_name': 'Ninja', 'abbrev': 'NIN'}",71.7045,,0.8370221327967807,4807.692307692308,,71052,117113,James,Baker-Street Boys
163,727,owner,118706.0,,1017939,Ryley,Sanders,WBD,0,6,0,369600,374,0,5,0,30500,138,0,0,502,2025-04-13T12:26:12+10:00,0,35,0,62,0,15,0,21,0,3,0,-4,0,0,0,6,0,1,74.8,2714,74.8,82.6667,STK,15.0,0,"{'id': 18, 'abbrev': 'GWS', 'name': 'GWS Giants'}",1,"{'id': 11, 'abbrev': 'PTA', 'name': 'Port Adelaide'}",0,"{'id': 17, 'abbrev': 'GCS', 'name': 'Gold Coast'}",1,Docklands Stadium,63.1818,"{'id': 11, 'name': 'Manuka Oval', 'display_name': 'Manuka Oval', 'short_name': 'Manuka', 'abbrev': 'MO'}","{'id': 55, 'name': 'Eureka Stadium', 'display_name': 'Mars Stadium', 'short_name': 'Mars', 'abbrev': 'MARS'}","{'id': 12, 'name': 'Marrara Oval', 'display_name': 'TIO Stadium', 'short_name': 'TIO', 'abbrev': 'TIO'}",61.6818,,0.7450199203187251,4941.176470588235,,8258,118706,Simon,Meeky Blinders
164,208,owner,116859.0,,1023515,Archie,Roberts,ESS,0,6,0,366900,321,0,4,0,28500,227,0,0,432,2025-04-13T12:26:13+10:00,0,52,0,35,0,21,0,16,0,3,0,-4,0,0,0,1,0,0,80.25,1377,80.25,85.6667,WCE,0.0,1,"{'id': 4, 'abbrev': 'COL', 'name': 'Collingwood'}",1,"{'id': 9, 'abbrev': 'NTH', 'name': 'North Melbourne'}",0,"{'id': 14, 'abbrev': 'SYD', 'name': 'Sydney'}",0,Perth Stadium,0.0,"{'id': 13, 'name': 'Melbourne Cricket Ground', 'display_name': 'MCG', 'short_name': 'MCG', 'abbrev': 'MCG'}","{'id': 7, 'name': 'Docklands Stadium', 'display_name': 'Marvel Stadium', 'short_name': 'Marvel', 'abbrev': 'MARV'}","{'id': 7, 'name': 'Docklands Stadium', 'display_name': 'Marvel Stadium', 'short_name': 'Marvel', 'abbrev': 'MARV'}",31.2955,,0.7430555555555556,4571.9626168224295,,86078,116859,Lester,Grand Theft Zorko
165,435,owner,116970.0,,1012825,Jake,Bowey,MEL,0,6,0,429000,475,0,5,0,91100,51,0,0,505,2025-04-13T12:26:12+10:00,0,83,0,27,0,22,0,14,0,7,0,0,0,0,0,2,0,0,95.0,3083,95.0,94.0,FRE,70.75,0,"{'id': 12, 'abbrev': 'RIC', 'name': 'Richmond'}",0,"{'id': 16, 'abbrev': 'WCE', 'name': 'West Coast'}",1,"{'id': 8, 'abbrev': 'HAW', 'name': 'Hawthorn'}",0,Melbourne Cricket Ground,65.8485,"{'id': 13, 'name': 'Melbourne Cricket Ground', 'display_name': 'MCG', 'short_name': 'MCG', 'abbrev': 'MCG'}","{'id': 53, 'name': 'Perth Stadium', 'display_name': 'Optus Stadium', 'short_name': 'Optus', 'abbrev': 'OS'}","{'id': 13, 'name': 'Melbourne Cricket Ground', 'display_name': 'MCG', 'short_name': 'MCG', 'abbrev': 'MCG'}",70.0682,,0.9405940594059405,4515.789473684211,,21562,116970,Mark,Sheez Nutz
166,349,owner,118554.0,,1008139,Toby,Bedford,GWS,0,6,0,361800,352,0,5,0,31600,176,0,0,528,2025-04-13T12:26:13+10:00,0,25,0,32,0,8,0,35,0,4,0,-3,0,0,0,3,0,1,70.4,1157,70.4,74.3333,ADE,44.3333,1,"{'id': 15, 'abbrev': 'WBD', 'name': 'Western Bulldogs'}",0,"{'id': 14, 'abbrev': 'SYD', 'name': 'Sydney'}",1,"{'id': 7, 'abbrev': 'GEE', 'name': 'Geelong'}",1,Adelaide Oval,44.3333,"{'id': 11, 'name': 'Manuka Oval', 'display_name': 'Manuka Oval', 'short_name': 'Manuka', 'abbrev': 'MO'}","{'id': 16, 'name': 'Sydney Cricket Ground', 'display_name': 'SCG', 'short_name': 'SCG', 'abbrev': 'SCG'}","{'id': 10, 'name': 'Kardinia Park', 'display_name': 'GMHBA Stadium', 'short_name': 'GMHBA', 'abbrev': 'GMS'}",26.2955,,0.6666666666666666,5139.204545454545,,180650,118554,Jordan,Hornehub
167,411,owner,118706.0,,1023482,Cam,Mackenzie,HAW,0,6,0,389400,420,0,5,0,61500,97,0,0,445,2025-04-13T12:26:12+10:00,0,50,0,54,0,16,0,20,0,3,0,-4,0,0,0,0,0,0,84.0,2014,84.0,83.6667,GEE,66.6667,1,"{'id': 16, 'abbrev': 'WCE', 'name': 'West Coast'}",0,"{'id': 12, 'abbrev': 'RIC', 'name': 'Richmond'}",0,"{'id': 10, 'abbrev': 'MEL', 'name': 'Melbourne'}",1,Melbourne Cricket Ground,63.6667,"{'id': 7, 'name': 'Docklands Stadium', 'display_name': 'Marvel Stadium', 'short_name': 'Marvel', 'abbrev': 'MARV'}","{'id': 13, 'name': 'Melbourne Cricket Ground', 'display_name': 'MCG', 'short_name': 'MCG', 'abbrev': 'MCG'}","{'id': 13, 'name': 'Melbourne Cricket Ground', 'display_name': 'MCG', 'short_name': 'MCG', 'abbrev': 'MCG'}",45.7727,,0.9438202247191011,4635.714285714285,,8258,118706,Simon,Meeky Blinders
168,167,owner,116698.0,,1000860,Lachie,Schultz,COL,0,6,0,394800,349,0,4,0,67500,181,0,0,419,2025-04-13T12:26:13+10:00,0,35,0,27,0,23,0,24,0,6,0,-4,0,0,0,5,0,3,87.25,1767,87.25,104.333,BRL,48.75,1,"{'id': 5, 'abbrev': 'ESS', 'name': 'Essendon'}",0,"{'id': 7, 'abbrev': 'GEE', 'name': 'Geelong'}",0,"{'id': 6, 'abbrev': 'FRE', 'name': 'Fremantle'}",1,Brisbane Cricket Ground,37.0,"{'id': 13, 'name': 'Melbourne Cricket Ground', 'display_name': 'MCG', 'short_name': 'MCG', 'abbrev': 'MCG'}","{'id': 13, 'name': 'Melbourne Cricket Ground', 'display_name': 'MCG', 'short_name': 'MCG', 'abbrev': 'MCG'}","{'id': 53, 'name': 'Perth Stadium', 'display_name': 'Optus Stadium', 'short_name': 'Optus', 'abbrev': 'OS'}",40.1591,,0.8329355608591885,4524.928366762178,,300791,116698,Paul,SerongWayToTheTop
169,285,owner,118706.0,,993917,Ben,Long,GCS,0,6,0,357800,340,0,4,0,39300,195,0,0,427,2025-04-13T12:26:13+10:00,0,37,0,13,0,16,0,10,0,2,0,-1,0,0,0,10,0,4,85.0,1667,85.0,81.3333,RIC,66.0,1,"{'id': 14, 'abbrev': 'SYD', 'name': 'Sydney'}",0,"{'id': 2, 'abbrev': 'BRL', 'name': 'Brisbane'}",1,"{'id': 15, 'abbrev': 'WBD', 'name': 'Western Bulldogs'}",0,Docklands Stadium,58.6304,"{'id': 5, 'name': 'Carrara Stadium', 'display_name': 'People First Stadium', 'short_name': 'People First', 'abbrev': 'PFS'}","{'id': 4, 'name': 'Brisbane Cricket Ground', 'display_name': 'Gabba', 'short_name': 'Gabba', 'abbrev': 'G'}","{'id': 12, 'name': 'Marrara Oval', 'display_name': 'TIO Stadium', 'short_name': 'TIO', 'abbrev': 'TIO'}",37.8864,,0.7962529274004684,4209.411764705882,,8258,118706,Simon,Meeky Blinders
170,281,owner,116859.0,,1006144,Ben,King,GCS,0,6,0,345300,322,0,4,0,26900,222,0,0,442,2025-04-13T12:26:13+10:00,0,27,0,11,0,17,0,2,0,7,0,-1,0,0,0,17,0,7,80.5,2178,80.5,69.0,RIC,71.1667,1,"{'id': 14, 'abbrev': 'SYD', 'name': 'Sydney'}",0,"{'id': 2, 'abbrev': 'BRL', 'name': 'Brisbane'}",1,"{'id': 15, 'abbrev': 'WBD', 'name': 'Western Bulldogs'}",0,Docklands Stadium,55.0,"{'id': 5, 'name': 'Carrara Stadium', 'display_name': 'People First Stadium', 'short_name': 'People First', 'abbrev': 'PFS'}","{'id': 4, 'name': 'Brisbane Cricket Ground', 'display_name': 'Gabba', 'short_name': 'Gabba', 'abbrev': 'G'}","{'id': 12, 'name': 'Marrara Oval', 'display_name': 'TIO Stadium', 'short_name': 'TIO', 'abbrev': 'TIO'}",49.5,,0.7285067873303167,4289.4409937888195,,86078,116859,Lester,Grand Theft Zorko
171,481,owner,118706.0,,1002947,Paul,Curtis,NTH,0,6,0,402800,449,0,5,0,84700,74,0,0,540,2025-04-13T12:26:12+10:00,0,43,0,29,0,22,0,21,0,8,0,-11,0,0,0,12,0,4,89.8,2747,89.8,88.0,CAR,65.25,0,"{'id': 11, 'abbrev': 'PTA', 'name': 'Port Adelaide'}",1,"{'id': 5, 'abbrev': 'ESS', 'name': 'Essendon'}",1,"{'id': 2, 'abbrev': 'BRL', 'name': 'Brisbane'}",0,Docklands Stadium,58.6207,"{'id': 1, 'name': 'Adelaide Oval', 'display_name': 'Adelaide Oval', 'short_name': 'Adelaide', 'abbrev': 'AO'}","{'id': 7, 'name': 'Docklands Stadium', 'display_name': 'Marvel Stadium', 'short_name': 'Marvel', 'abbrev': 'MARV'}","{'id': 226, 'name': 'Ninja Stadium', 'display_name': 'Ninja Stadium', 'short_name': 'Ninja', 'abbrev': 'NIN'}",62.4318,,0.8314814814814815,4485.523385300668,,8258,118706,Simon,Meeky Blinders
172,635,owner,116793.0,,1020137,Mattaes,Phillipou,STK,0,6,0,313800,0,0,0,0,0,510,0,0,0,2025-04-13T12:26:16+10:00,0,0,0,0,0,0,0,0,0,0,0,0,0,0,0,0,0,0,0.0,1261,0.0,0.0,WBD,38.5,1,"{'id': 2, 'abbrev': 'BRL', 'name': 'Brisbane'}",0,"{'id': 6, 'abbrev': 'FRE', 'name': 'Fremantle'}",0,"{'id': 3, 'abbrev': 'CAR', 'name': 'Carlton'}",0,Docklands Stadium,52.6667,"{'id': 7, 'name': 'Docklands Stadium', 'display_name': 'Marvel Stadium', 'short_name': 'Marvel', 'abbrev': 'MARV'}","{'id': 7, 'name': 'Docklands Stadium', 'display_name': 'Marvel Stadium', 'short_name': 'Marvel', 'abbrev': 'MARV'}","{'id': 13, 'name': 'Melbourne Cricket Ground', 'display_name': 'MCG', 'short_name': 'MCG', 'abbrev': 'MCG'}",28.6591,,,,,45168,116793,Luke,Duke Newcombe
173,638,owner,118554.0,,1018018,Cooper,Sharman,STK,0,6,0,338200,260,0,3,0,34700,293,0,0,336,2025-04-13T12:26:13+10:00,0,27,0,10,0,14,0,7,0,6,0,-1,0,1,0,6,0,3,86.6667,969,86.6667,86.6667,WBD,62.0,1,"{'id': 2, 'abbrev': 'BRL', 'name': 'Brisbane'}",0,"{'id': 6, 'abbrev': 'FRE', 'name': 'Fremantle'}",0,"{'id': 3, 'abbrev': 'CAR', 'name': 'Carlton'}",0,Docklands Stadium,56.9286,"{'id': 7, 'name': 'Docklands Stadium', 'display_name': 'Marvel Stadium', 'short_name': 'Marvel', 'abbrev': 'MARV'}","{'id': 7, 'name': 'Docklands Stadium', 'display_name': 'Marvel Stadium', 'short_name': 'Marvel', 'abbrev': 'MARV'}","{'id': 13, 'name': 'Melbourne Cricket Ground', 'display_name': 'MCG', 'short_name': 'MCG', 'abbrev': 'MCG'}",22.0227,,0.7738095238095238,3902.3061914206955,,180650,118554,Jordan,Hornehub
174,429,owner,117113.0,,1017110,Josh,Ward,HAW,0,6,0,351500,326,0,4,0,67000,215,0,0,374,2025-04-13T12:26:13+10:00,0,49,0,37,0,10,0,12,0,2,0,-1,0,0,0,1,0,1,81.5,1480,81.5,80.6667,GEE,76.3333,1,"{'id': 16, 'abbrev': 'WCE', 'name': 'West Coast'}",0,"{'id': 12, 'abbrev': 'RIC', 'name': 'Richmond'}",0,"{'id': 10, 'abbrev': 'MEL', 'name': 'Melbourne'}",1,Melbourne Cricket Ground,70.6316,"{'id': 7, 'name': 'Docklands Stadium', 'display_name': 'Marvel Stadium', 'short_name': 'Marvel', 'abbrev': 'MARV'}","{'id': 13, 'name': 'Melbourne Cricket Ground', 'display_name': 'MCG', 'short_name': 'MCG', 'abbrev': 'MCG'}","{'id': 13, 'name': 'Melbourne Cricket Ground', 'display_name': 'MCG', 'short_name': 'MCG', 'abbrev': 'MCG'}",33.6364,,0.8716577540106952,4312.883435582822,,71052,117113,James,Baker-Street Boys
175,278,owner,116859.0,,1023500,Bailey,Humphrey,GCS,0,6,0,347000,353,0,4,0,76600,172,0,0,419,2025-04-13T12:26:13+10:00,0,30,0,40,0,11,0,19,0,4,0,-3,0,0,0,2,0,1,88.25,3075,88.25,83.0,RIC,24.0,1,"{'id': 14, 'abbrev': 'SYD', 'name': 'Sydney'}",0,"{'id': 2, 'abbrev': 'BRL', 'name': 'Brisbane'}",1,"{'id': 15, 'abbrev': 'WBD', 'name': 'Western Bulldogs'}",0,Docklands Stadium,31.0,"{'id': 5, 'name': 'Carrara Stadium', 'display_name': 'People First Stadium', 'short_name': 'People First', 'abbrev': 'PFS'}","{'id': 4, 'name': 'Brisbane Cricket Ground', 'display_name': 'Gabba', 'short_name': 'Gabba', 'abbrev': 'G'}","{'id': 12, 'name': 'Marrara Oval', 'display_name': 'TIO Stadium', 'short_name': 'TIO', 'abbrev': 'TIO'}",69.8864,,0.8424821002386634,3932.011331444759,,86078,116859,Lester,Grand Theft Zorko
176,482,owner,116970.0,,295136,Caleb,Daniel,NTH,0,6,0,430700,521,0,5,0,161600,27,0,0,536,2025-04-13T12:26:12+10:00,0,91,0,54,0,26,0,13,0,1,0,-2,0,0,0,0,0,0,104.2,4064,104.2,108.0,CAR,83.8182,0,"{'id': 11, 'abbrev': 'PTA', 'name': 'Port Adelaide'}",1,"{'id': 5, 'abbrev': 'ESS', 'name': 'Essendon'}",1,"{'id': 2, 'abbrev': 'BRL', 'name': 'Brisbane'}",0,Docklands Stadium,84.2418,"{'id': 1, 'name': 'Adelaide Oval', 'display_name': 'Adelaide Oval', 'short_name': 'Adelaide', 'abbrev': 'AO'}","{'id': 7, 'name': 'Docklands Stadium', 'display_name': 'Marvel Stadium', 'short_name': 'Marvel', 'abbrev': 'MARV'}","{'id': 226, 'name': 'Ninja Stadium', 'display_name': 'Ninja Stadium', 'short_name': 'Ninja', 'abbrev': 'NIN'}",92.3636,,0.9720149253731343,4133.397312859885,,21562,116970,Mark,Sheez Nutz
177,750,owner,116859.0,,993902,Matt,Flynn,WCE,0,6,0,261900,87,0,1,0,0,449,0,0,109,2025-04-13T12:26:14+10:00,0,7,0,6,0,4,0,3,0,0,0,-1,0,13,0,1,0,0,87.0,907,87.0,87.0,ESS,61.5,0,"{'id': 8, 'abbrev': 'HAW', 'name': 'Hawthorn'}",1,"{'id': 10, 'abbrev': 'MEL', 'name': 'Melbourne'}",0,"{'id': 12, 'abbrev': 'RIC', 'name': 'Richmond'}",1,Perth Stadium,80.0,"{'id': 7, 'name': 'Docklands Stadium', 'display_name': 'Marvel Stadium', 'short_name': 'Marvel', 'abbrev': 'MARV'}","{'id': 53, 'name': 'Perth Stadium', 'display_name': 'Optus Stadium', 'short_name': 'Optus', 'abbrev': 'OS'}","{'id': 13, 'name': 'Melbourne Cricket Ground', 'display_name': 'MCG', 'short_name': 'MCG', 'abbrev': 'MCG'}",20.6136,,0.7981651376146789,3010.344827586207,,86078,116859,Lester,Grand Theft Zorko
178,123,owner,117113.0,,1001028,Jack,Silvagni,CAR,0,6,0,339500,411,0,5,0,79700,105,0,0,565,2025-04-13T12:26:12+10:00,0,53,0,17,0,31,0,18,0,4,0,-4,0,0,0,2,0,4,82.2,2032,82.2,80.6667,NTH,59.5,1,"{'id': 7, 'abbrev': 'GEE', 'name': 'Geelong'}",0,"{'id': 1, 'abbrev': 'ADE', 'name': 'Adelaide'}",1,"{'id': 13, 'abbrev': 'STK', 'name': 'St Kilda'}",1,Docklands Stadium,62.7895,"{'id': 13, 'name': 'Melbourne Cricket Ground', 'display_name': 'MCG', 'short_name': 'MCG', 'abbrev': 'MCG'}","{'id': 1, 'name': 'Adelaide Oval', 'display_name': 'Adelaide Oval', 'short_name': 'Adelaide', 'abbrev': 'AO'}","{'id': 13, 'name': 'Melbourne Cricket Ground', 'display_name': 'MCG', 'short_name': 'MCG', 'abbrev': 'MCG'}",46.1818,,0.727433628318584,4130.170316301703,,71052,117113,James,Baker-Street Boys
179,619,owner,116970.0,,1027790,Hugo,Garcia,STK,0,6,0,303300,316,0,5,0,57500,234,0,0,383,2025-04-13T12:26:13+10:00,0,42,0,39,0,9,0,25,0,2,0,-7,0,0,0,1,0,2,63.2,1105,63.2,79.0,WBD,69.0,1,"{'id': 2, 'abbrev': 'BRL', 'name': 'Brisbane'}",0,"{'id': 6, 'abbrev': 'FRE', 'name': 'Fremantle'}",0,"{'id': 3, 'abbrev': 'CAR', 'name': 'Carlton'}",0,Docklands Stadium,48.7143,"{'id': 7, 'name': 'Docklands Stadium', 'display_name': 'Marvel Stadium', 'short_name': 'Marvel', 'abbrev': 'MARV'}","{'id': 7, 'name': 'Docklands Stadium', 'display_name': 'Marvel Stadium', 'short_name': 'Marvel', 'abbrev': 'MARV'}","{'id': 13, 'name': 'Melbourne Cricket Ground', 'display_name': 'MCG', 'short_name': 'MCG', 'abbrev': 'MCG'}",25.1136,,0.825065274151436,4799.050632911392,,21562,116970,Mark,Sheez Nutz
180,765,owner,116793.0,,1029416,Ryan,Maric,WCE,0,6,0,366000,400,0,5,0,142200,114,0,0,473,2025-04-13T12:26:12+10:00,0,82,0,24,0,16,0,5,0,1,0,-2,0,0,0,0,0,0,80.0,2704,80.0,98.3333,ESS,50.5,0,"{'id': 8, 'abbrev': 'HAW', 'name': 'Hawthorn'}",1,"{'id': 10, 'abbrev': 'MEL', 'name': 'Melbourne'}",0,"{'id': 12, 'abbrev': 'RIC', 'name': 'Richmond'}",1,Perth Stadium,49.375,"{'id': 7, 'name': 'Docklands Stadium', 'display_name': 'Marvel Stadium', 'short_name': 'Marvel', 'abbrev': 'MARV'}","{'id': 53, 'name': 'Perth Stadium', 'display_name': 'Optus Stadium', 'short_name': 'Optus', 'abbrev': 'OS'}","{'id': 13, 'name': 'Melbourne Cricket Ground', 'display_name': 'MCG', 'short_name': 'MCG', 'abbrev': 'MCG'}",61.4545,,0.8456659619450317,4575,,45168,116793,Luke,Duke Newcombe
181,151,owner,118554.0,,1017124,Ned,Long,COL,0,6,0,280600,340,0,5,0,79700,195,0,0,348,2025-04-13T12:26:13+10:00,0,36,0,45,0,9,0,25,0,4,0,-4,0,1,0,1,0,3,68.0,1301,68.0,65.6667,BRL,26.0,1,"{'id': 5, 'abbrev': 'ESS', 'name': 'Essendon'}",0,"{'id': 7, 'abbrev': 'GEE', 'name': 'Geelong'}",0,"{'id': 6, 'abbrev': 'FRE', 'name': 'Fremantle'}",1,Brisbane Cricket Ground,0.0,"{'id': 13, 'name': 'Melbourne Cricket Ground', 'display_name': 'MCG', 'short_name': 'MCG', 'abbrev': 'MCG'}","{'id': 13, 'name': 'Melbourne Cricket Ground', 'display_name': 'MCG', 'short_name': 'MCG', 'abbrev': 'MCG'}","{'id': 53, 'name': 'Perth Stadium', 'display_name': 'Optus Stadium', 'short_name': 'Optus', 'abbrev': 'OS'}",29.5682,,0.9770114942528736,4126.470588235294,,180650,118554,Jordan,Hornehub
182,47,owner,116698.0,,1028560,Levi,Ashcroft,BRL,0,6,0,277400,369,0,5,0,91900,143,0,0,495,2025-04-13T12:26:12+10:00,0,63,0,35,0,28,0,7,0,6,0,-1,0,0,0,3,0,4,73.8,2129,73.8,71.0,COL,0.0,0,"{'id': 13, 'abbrev': 'STK', 'name': 'St Kilda'}",1,"{'id': 17, 'abbrev': 'GCS', 'name': 'Gold Coast'}",0,"{'id': 9, 'abbrev': 'NTH', 'name': 'North Melbourne'}",1,Brisbane Cricket Ground,54.0,"{'id': 7, 'name': 'Docklands Stadium', 'display_name': 'Marvel Stadium', 'short_name': 'Marvel', 'abbrev': 'MARV'}","{'id': 4, 'name': 'Brisbane Cricket Ground', 'display_name': 'Gabba', 'short_name': 'Gabba', 'abbrev': 'G'}","{'id': 226, 'name': 'Ninja Stadium', 'display_name': 'Ninja Stadium', 'short_name': 'Ninja', 'abbrev': 'NIN'}",48.3864,,0.7454545454545455,3758.807588075881,,300791,116698,Paul,SerongWayToTheTop
183,653,owner,116859.0,,1008224,Riley,Bice,SYD,0,6,0,286100,361,0,4,0,172600,155,0,0,342,2025-04-13T12:26:12+10:00,0,53,0,20,0,27,0,10,0,1,0,-3,0,0,0,1,0,0,90.25,2550,90.25,103.0,PTA,0.0,0,"{'id': 17, 'abbrev': 'GCS', 'name': 'Gold Coast'}",1,"{'id': 18, 'abbrev': 'GWS', 'name': 'GWS Giants'}",0,"{'id': 5, 'abbrev': 'ESS', 'name': 'Essendon'}",1,Sydney Cricket Ground,52.0,"{'id': 5, 'name': 'Carrara Stadium', 'display_name': 'People First Stadium', 'short_name': 'People First', 'abbrev': 'PFS'}","{'id': 16, 'name': 'Sydney Cricket Ground', 'display_name': 'SCG', 'short_name': 'SCG', 'abbrev': 'SCG'}","{'id': 7, 'name': 'Docklands Stadium', 'display_name': 'Marvel Stadium', 'short_name': 'Marvel', 'abbrev': 'MARV'}",57.9545,,1.0555555555555556,3170.083102493075,,86078,116859,Lester,Grand Theft Zorko
