,Fanfooty Match ID,Fanfooty Match URL,Round,Year,Player ID,First Name,Surname,Team,null,DT,SC,null2,null3,null4,Kicks,Handballs,Marks,Tackles,Hitouts,Frees for,Frees against,Goals,Behinds,Not sure,Tag,Tag Notes,Tag 2,Tag 2 Notes,null5,null6,null7,null8,Position,Jumper Number,null9,null10,null11,DT own %,SC own %,AF own %,null12,AF Breakeven,null13,Contested Possessions,Clearances,Clangers,Disposal efficiency,Time on ground,Metres gained,Bench staus,Injured,Opposition_team_SC,My_team_SC,Round Order,match_identifier,80th_percentile,top_20,50th_percentile,top_50,3_rd_rolling_Kicks,15_rd_rolling_Kicks,3_rd_rolling_Handballs,15_rd_rolling_Handballs,3_rd_rolling_Marks,15_rd_rolling_Marks,3_rd_rolling_Tackles,15_rd_rolling_Tackles,3_rd_rolling_Hitouts,15_rd_rolling_Hitouts,3_rd_rolling_Frees for,15_rd_rolling_Frees for,3_rd_rolling_Frees against,15_rd_rolling_Frees against,3_rd_rolling_Goals,15_rd_rolling_Goals,3_rd_rolling_Behinds,15_rd_rolling_Behinds,3_rd_rolling_DT own %,15_rd_rolling_DT own %,3_rd_rolling_SC own %,15_rd_rolling_SC own %,3_rd_rolling_AF own %,15_rd_rolling_AF own %,3_rd_rolling_Contested Possessions,15_rd_rolling_Contested Possessions,3_rd_rolling_Clearances,15_rd_rolling_Clearances,3_rd_rolling_Clangers,15_rd_rolling_Clangers,3_rd_rolling_Disposal efficiency,15_rd_rolling_Disposal efficiency,3_rd_rolling_Time on ground,15_rd_rolling_Time on ground,3_rd_rolling_Metres gained,15_rd_rolling_Metres gained,3_rd_rolling_My_team_SC,15_rd_rolling_My_team_SC,3_rd_rolling_Opposition_team_SC,15_rd_rolling_Opposition_team_SC,rolling 20 round average,rolling 10 round average,rolling 5 round average,rolling 3 round average,recent_round_rank,previous_tag,predicted_prob_top20
49219,5381,http://live.fanfooty.com.au/game/matchcentre.html?id=5381,R22,2015,220105.0,Dane,Swan,CO,10.0,63.0,83,49.0,54.0,67.0,7.0,7.0,5.0,1.0,0.0,2.0,0.0,1.0,1.0,Full Time,injured,Racked up the stats in Q1 as the Pies got off to a flier... right knee and ankle twisted under him in a tackle by Selwood in Q2... likely ligament damage meaning his season is over... %O and %M plus %s,subbed,Subbed off at HT for Marsh,291800.0,60.0,599700.0,153.0,Midfielder,36.0,12.0,64.1,107.0,1.14,59.19,58.12,619000.0,100.0,,4.0,2.0,0.0,78.0,37.0,,,True,1360,1902,23.0,5381_CO,100.80000000000001,0,77.0,1,13.333333333333334,15.4,13.666666666666666,14.333333333333334,5.666666666666667,5.666666666666667,3.6666666666666665,4.0,0.0,0.0,1.3333333333333333,1.0666666666666667,0.6666666666666666,0.6666666666666666,1.3333333333333333,1.0,0.3333333333333333,0.7333333333333333,1.1499999999999997,1.6053333333333333,59.053333333333335,58.05733333333333,57.556666666666665,55.96333333333334,8.666666666666666,11.2,3.3333333333333335,6.066666666666666,3.0,2.8666666666666667,74.0,69.4,68.33333333333333,82.66666666666667,,,1632.0,1639.2666666666667,1637.6666666666667,1633.4666666666667,105.6,110.7,116.4,99.33333333333333,1,injured,0.5152360421568771
49494,5388,http://live.fanfooty.com.au/game/matchcentre.html?id=5388,R22,2015,220098.0,Adam,Schneider,SK,12.0,60.0,59,78.0,50.0,66.0,10.0,2.0,4.0,2.0,0.0,0.0,2.0,2.0,0.0,Full Time,news,Smith running with him... %s from %O and %M plus %T,,,124600.0,,380800.0,68.0,Forward,13.0,0.0,0.0,86.3,0.43,0.41,0.42,399000.0,93.0,,2.0,2.0,3.0,58.0,0.0,,,False,1754,1329,23.0,5388_SK,100.80000000000001,0,77.0,0,10.666666666666666,10.4,3.0,8.533333333333333,2.3333333333333335,4.666666666666667,5.0,4.2,0.0,0.0,1.6666666666666667,0.9333333333333333,1.0,0.9333333333333333,0.6666666666666666,0.6,0.6666666666666666,0.8,0.43666666666666654,0.486,0.4533333333333333,0.44599999999999995,0.6266666666666666,0.7653333333333333,5.666666666666667,7.133333333333334,2.6666666666666665,2.8,2.0,2.2666666666666666,60.333333333333336,67.46666666666667,53.0,75.4,,,1513.0,1618.2,1709.0,1637.2666666666667,78.85,77.6,70.0,75.0,1,news,0.18152933978737185
49532,5389,http://live.fanfooty.com.au/game/matchcentre.html?id=5389,R22,2015,200045.0,Luke,McPharlin,FR,20.0,94.0,83,120.0,79.0,102.0,11.0,10.0,11.0,2.0,0.0,0.0,0.0,0.0,0.0,Full Time,job,Takes the resting ruck which is mostly Gawn... %P and %M plus %T,,,114900.0,,326500.0,112.0,Back,18.0,0.0,0.0,67.1,0.31,0.63,1.22,329000.0,69.0,,3.0,0.0,0.0,100.0,91.0,,,False,1412,1875,23.0,5389_FR,100.80000000000001,0,77.0,1,7.666666666666667,9.0,5.666666666666667,6.8,7.0,6.8,1.6666666666666667,1.0,0.0,0.26666666666666666,0.0,0.3333333333333333,0.0,0.7333333333333333,0.0,0.0,0.0,0.0,0.31,0.2946666666666666,0.6366666666666667,0.632,1.2333333333333334,1.0613333333333332,1.6666666666666667,3.7333333333333334,0.0,0.26666666666666666,0.6666666666666666,1.6666666666666667,89.0,81.73333333333333,82.0,84.2,,,1738.6666666666667,1693.5333333333333,1541.6666666666667,1578.6666666666667,67.25,66.1,62.6,57.333333333333336,1,job,0.08073274666551311
49668,5392,http://live.fanfooty.com.au/game/matchcentre.html?id=5392,R23,2015,295162.0,Justin,Clarke,BL,4.0,55.0,73,71.0,43.0,57.0,10.0,4.0,4.0,1.0,0.0,1.0,0.0,0.0,0.0,Full Time,job,Stringer is his man... %O with %k by foot... also %M,,,312100.0,66.0,271800.0,88.0,Back,42.0,14.0,60.1,57.4,0.55,0.67,0.52,267000.0,75.0,,8.0,1.0,2.0,71.0,91.0,,,False,1412,1861,24.0,5392_BL,101.0,0,74.0,0,7.666666666666667,6.666666666666667,6.666666666666667,5.0,5.0,5.133333333333334,1.0,1.4666666666666666,0.0,0.06666666666666667,0.6666666666666666,0.26666666666666666,1.0,1.0,0.0,0.0,0.0,0.06666666666666667,0.5766666666666667,0.728,0.71,0.6886666666666666,0.6466666666666666,0.6226666666666667,4.333333333333333,4.133333333333334,0.3333333333333333,0.13333333333333333,1.6666666666666667,2.1333333333333333,73.66666666666667,77.93333333333334,92.33333333333333,96.13333333333334,,,1681.3333333333333,1561.2,1601.0,1701.6,59.7,59.9,58.2,57.0,1,job,0.07593503203843928
49722,5393,http://live.fanfooty.com.au/game/matchcentre.html?id=5393,R23,2015,240139.0,Paul,Duffield,FR,18.0,86.0,97,43.0,69.0,96.0,17.0,8.0,6.0,1.0,0.0,0.0,1.0,0.0,0.0,Full Time,news,%M and %P,guard,Got a fair bit of the ball playing halfback,256600.0,93.0,330100.0,96.0,Back,41.0,10.0,43.3,64.7,0.16,0.73,0.71,323000.0,68.0,,4.0,0.0,2.0,92.0,99.0,,,False,1844,1441,24.0,5393_FR,101.0,0,74.0,1,10.666666666666666,10.666666666666666,4.333333333333333,4.933333333333334,3.3333333333333335,4.266666666666667,3.3333333333333335,3.8,0.0,0.0,0.0,0.26666666666666666,0.6666666666666666,0.4666666666666667,0.0,0.0,0.3333333333333333,0.13333333333333333,0.1466666666666667,0.638,0.7999999999999999,1.0986666666666667,0.8333333333333334,1.1759999999999997,2.3333333333333335,3.066666666666667,0.0,0.5333333333333333,1.3333333333333333,1.3333333333333333,83.33333333333333,83.53333333333333,75.33333333333333,88.6,,,1548.3333333333333,1681.5333333333333,1736.3333333333333,1589.4,72.55,64.8,70.6,68.0,1,news,0.13878304107043574
49765,5394,http://live.fanfooty.com.au/game/matchcentre.html?id=5394,R23,2015,220015.0,Andrew,Carrazzo,CA,20.0,93.0,96,80.0,81.0,120.0,8.0,25.0,3.0,4.0,0.0,0.0,2.0,0.0,0.0,Full Time,magnet,His final game... %P with %b by hand... also %T and %M,,,380000.0,98.0,440300.0,115.0,Midfielder,44.0,15.0,73.3,86.1,0.3,0.23,2.51,383000.0,89.0,,14.0,10.0,3.0,90.0,74.0,,,False,1814,1471,24.0,5394_CA,101.0,0,74.0,1,7.333333333333333,7.933333333333334,15.0,15.2,2.0,2.533333333333333,4.666666666666667,4.066666666666666,0.0,0.0,0.3333333333333333,1.0,1.3333333333333333,1.2666666666666666,0.0,0.06666666666666667,0.0,0.2,0.29666666666666663,0.3346666666666667,0.23,0.258,2.52,2.716,10.666666666666666,11.4,5.666666666666667,5.933333333333334,2.0,2.2,74.33333333333333,78.46666666666667,72.33333333333333,72.33333333333333,,,1580.6666666666667,1584.8666666666666,1707.6666666666667,1691.4666666666667,86.9,89.8,91.4,83.66666666666667,1,magnet,0.3683235784929807
49780,5394,http://live.fanfooty.com.au/game/matchcentre.html?id=5394,R23,2015,240300.0,Cameron,Wood,CA,4.0,33.0,41,32.0,29.0,37.0,2.0,4.0,1.0,2.0,10.0,1.0,1.0,0.0,0.0,Full Time,news,Lake manning him when forward... %H... also %P and %T,,,221500.0,33.0,287500.0,97.0,Ruck,36.0,3.0,37.3,68.2,0.51,0.98,3.54,284000.0,85.0,,1.0,0.0,2.0,83.0,79.0,,,False,1814,1471,24.0,5394_CA,101.0,0,74.0,0,2.6666666666666665,6.4,3.6666666666666665,4.066666666666666,1.3333333333333333,1.8666666666666667,1.6666666666666667,2.0,11.666666666666666,18.066666666666666,0.3333333333333333,0.4666666666666667,0.6666666666666666,1.0,0.0,0.3333333333333333,0.0,0.13333333333333333,0.51,0.5966666666666666,1.02,1.3433333333333333,3.5766666666666667,4.237333333333334,2.3333333333333335,6.666666666666667,0.3333333333333333,3.6666666666666665,1.0,2.2,83.66666666666667,61.46666666666667,50.333333333333336,73.8,,,1442.0,1542.0666666666666,1833.6666666666667,1723.6666666666667,71.5,60.6,61.0,50.0,1,news,0.11583796105746764
49880,5397,http://live.fanfooty.com.au/game/matchcentre.html?id=5397,R23,2015,210049.0,Daniel,Cross,ME,15.0,77.0,105,91.0,67.0,94.0,6.0,19.0,4.0,2.0,1.0,0.0,0.0,0.0,0.0,Full Time,injured,Stretchered off after falling awkwardly in a marking contest in Q4... %P including %B... also %M and %T,,,276900.0,42.0,409900.0,88.0,Midfielder,18.0,6.0,45.5,90.4,0.2,0.31,1.13,408000.0,63.0,,9.0,0.0,0.0,96.0,78.0,,,True,1443,1853,24.0,5397_ME,101.0,1,74.0,1,9.333333333333334,8.933333333333334,17.333333333333332,13.933333333333334,5.0,5.133333333333334,2.6666666666666665,3.4,0.3333333333333333,1.0,1.3333333333333333,1.1333333333333333,0.6666666666666666,0.6666666666666666,0.0,0.0,0.0,0.0,0.2,0.19866666666666669,0.31,0.27599999999999997,1.0733333333333333,0.6300000000000001,9.333333333333334,8.866666666666667,1.0,1.8,3.0,1.7333333333333334,81.0,77.33333333333333,87.33333333333333,85.0,,,1566.6666666666667,1590.4666666666667,1723.0,1687.8666666666666,90.75,90.4,82.4,89.66666666666667,1,injured,0.36150416420619397
50093,5404,http://live.fanfooty.com.au/game/matchcentre.html?id=5404,EF,2015,210048.0,Chris,Newman,RI,11.0,61.0,67,75.0,51.0,61.0,10.0,2.0,4.0,0.0,0.0,2.0,0.0,2.0,1.0,Full Time,news,First goal... starting at half forward... %O including %K... also %M... and booted %s,,,429600.0,0.0,317700.0,0.0,Back,1.0,21.0,82.2,61.0,7.63,0.46,3.43,325000.0,43.0,,3.0,2.0,1.0,75.0,75.0,,,False,1760,1524,30.0,5404_RI,97.80000000000001,0,75.0,0,7.333333333333333,7.8,3.3333333333333335,4.666666666666667,2.3333333333333335,3.466666666666667,3.0,2.466666666666667,0.0,0.0,1.0,0.4666666666666667,0.3333333333333333,0.6666666666666666,1.0,0.7333333333333333,0.6666666666666666,0.5333333333333333,7.57,7.582666666666667,0.46,0.4546666666666666,3.4333333333333336,3.3860000000000006,3.3333333333333335,4.2,1.0,0.5333333333333333,1.3333333333333333,1.5333333333333334,72.33333333333333,66.86666666666666,68.33333333333333,58.333333333333336,,,1678.6666666666667,1688.8666666666666,1602.3333333333333,1570.4,60.75,62.7,67.8,62.333333333333336,1,news,0.07122798319479576
50173,5406,http://live.fanfooty.com.au/game/matchcentre.html?id=5406,SF,2015,980073.0,Adam,Goodes,SY,26.0,105.0,87,134.0,86.0,104.0,15.0,3.0,10.0,2.0,1.0,2.0,0.0,2.0,1.0,Full Time,hot,First goal... starting at half forward... %s from %O and %M plus %T,,,0.0,0.0,0.0,0.0,Forward,37.0,5.0,48.0,66.2,0.09,0.95,1.35,0.0,71.0,,8.0,1.0,2.0,61.0,93.0,,,False,1679,1600,32.0,5406_SY,103.0,0,77.0,1,11.666666666666666,10.733333333333333,7.666666666666667,5.933333333333334,7.0,6.533333333333333,3.0,2.1333333333333333,0.3333333333333333,0.06666666666666667,1.0,0.8,0.3333333333333333,0.8,1.0,1.4,1.0,0.6666666666666666,0.09,0.09066666666666666,0.95,0.9733333333333333,1.35,1.5433333333333332,6.666666666666667,5.933333333333334,0.6666666666666666,1.3333333333333333,2.3333333333333335,2.3333333333333335,62.333333333333336,67.46666666666667,92.33333333333333,77.33333333333333,,,1688.3333333333333,1696.2666666666667,1591.6666666666667,1558.9333333333334,70.2,74.4,77.4,76.33333333333333,1,hot,0.20102857020933132
50185,5406,http://live.fanfooty.com.au/game/matchcentre.html?id=5406,SF,2015,200023.0,Rhyce,Shaw,SY,4.0,43.0,54,57.0,33.0,48.0,6.0,5.0,2.0,3.0,0.0,0.0,1.0,0.0,0.0,Full Time,news,%O and %M plus %T,guard,Playing at halfback,0.0,0.0,0.0,0.0,Back,2.0,18.0,59.6,67.5,1.87,1.48,1.72,0.0,65.0,,0.0,0.0,1.0,90.0,85.0,,,False,1679,1600,32.0,5406_SY,103.0,0,77.0,0,11.333333333333334,11.533333333333333,9.0,7.733333333333333,5.666666666666667,4.0,1.3333333333333333,2.4,0.0,0.0,0.3333333333333333,0.4,1.3333333333333333,1.2,0.0,0.06666666666666667,0.0,0.06666666666666667,1.8633333333333342,1.8373333333333335,1.48,1.3726666666666667,1.7166666666666668,1.5453333333333332,4.0,3.2,0.3333333333333333,0.2,2.3333333333333335,2.1333333333333333,80.66666666666667,83.06666666666666,83.0,70.53333333333333,,,1688.3333333333333,1718.7333333333333,1591.6666666666667,1535.4,66.9,71.8,75.8,70.0,1,news,0.11675614438498957
50187,5406,http://live.fanfooty.com.au/game/matchcentre.html?id=5406,SF,2015,291206.0,Mike,Pyke,SY,9.0,42.0,33,52.0,45.0,61.0,3.0,6.0,3.0,2.0,19.0,0.0,5.0,0.0,0.0,Full Time,canada,Starting at FF on Thompson then interchanging in ruck with Tippett... %H... also %D and %T... conceded %F,,,0.0,0.0,0.0,0.0,Ruck,38.0,20.0,97.2,64.6,1.6,1.96,2.62,0.0,35.0,,2.0,1.0,6.0,66.0,78.0,,,False,1679,1600,32.0,5406_SY,103.0,0,77.0,0,2.3333333333333335,2.7333333333333334,6.0,5.466666666666667,3.6666666666666665,2.066666666666667,1.6666666666666667,2.6666666666666665,14.333333333333334,26.733333333333334,0.3333333333333333,0.6666666666666666,2.3333333333333335,2.0,0.0,0.26666666666666666,0.0,0.13333333333333333,1.6033333333333335,1.0006666666666666,1.9533333333333331,1.886,2.5933333333333333,2.2960000000000003,3.0,4.4,0.6666666666666666,1.3333333333333333,2.6666666666666665,2.533333333333333,72.0,74.86666666666666,83.0,71.53333333333333,,,1688.3333333333333,1737.8,1591.6666666666667,1515.5333333333333,63.45,57.2,56.8,43.666666666666664,1,canada,9.433015096949321e-05
50312,5409,http://live.fanfooty.com.au/game/matchcentre.html?id=5409,GF,2015,220039.0,Brian,Lake,HW,19.0,89.0,102,118.0,71.0,90.0,14.0,3.0,11.0,2.0,0.0,0.0,0.0,0.0,0.0,Full Time,news,%P including %K... also %M and %T,job,Standing Darling,0.0,0.0,0.0,0.0,Back,17.0,18.0,60.2,66.3,1.6,1.8,2.16,0.0,70.0,,7.0,0.0,3.0,82.0,79.0,,,False,1275,1996,34.0,5409_HW,106.2,0,74.0,1,12.666666666666666,9.066666666666666,6.333333333333333,5.4,10.666666666666666,6.866666666666666,0.6666666666666666,1.5333333333333334,0.0,0.06666666666666667,0.0,0.8666666666666667,0.3333333333333333,0.6,0.0,0.0,0.0,0.0,1.6,1.5180000000000002,1.8,1.8013333333333335,2.16,2.1559999999999997,6.666666666666667,5.4,0.0,0.13333333333333333,3.0,2.0,80.66666666666667,81.4,85.66666666666667,89.2,,,1870.6666666666667,1761.5333333333333,1408.0,1513.8,71.65,68.5,76.4,82.33333333333333,1,news,0.1463046989471482
50320,5409,http://live.fanfooty.com.au/game/matchcentre.html?id=5409,GF,2015,220036.0,David,Hale,HW,8.0,42.0,34,54.0,33.0,42.0,3.0,3.0,1.0,4.0,9.0,2.0,1.0,0.0,0.0,Full Time,news,Started at CHF on McGovern with stints in ruck... %D and %T,subbed,Subbed off in Q3 for Hale,0.0,0.0,0.0,0.0,Forward,20.0,18.0,78.8,69.1,1.1,2.47,2.95,0.0,45.0,,2.0,2.0,1.0,66.0,59.0,,,True,1275,1996,34.0,5409_HW,106.2,0,74.0,0,3.6666666666666665,3.8,2.0,5.6,1.3333333333333333,2.3333333333333335,2.3333333333333335,2.2,7.333333333333333,15.733333333333333,1.6666666666666667,1.3333333333333333,0.6666666666666666,1.2,0.3333333333333333,0.6666666666666666,0.0,0.3333333333333333,1.1,1.2826666666666668,2.47,2.376,2.95,2.530666666666667,3.0,5.266666666666667,2.0,2.2,1.0,1.8,70.66666666666667,74.86666666666666,63.666666666666664,73.4,,,1870.6666666666667,1788.0,1408.0,1487.7333333333333,66.2,56.6,45.6,36.666666666666664,1,news,0.07296784281592737
50809,5611,http://live.fanfooty.com.au/game/matchcentre.html?id=5611,R2,2016,250688.0,Alipate,Carlile,PA,3.0,41.0,39,31.0,32.0,46.0,5.0,7.0,1.0,2.0,0.0,0.0,0.0,0.0,1.0,Full Time,witcheshat,No touches in the first term... Largely responsible for Lynch... %D and %T plus %s,,,264200.0,,281000.0,,Back,27.0,0.0,0.0,0.0,0.0,0.0,0.0,252000.0,,,3.0,0.0,1.0,83.0,91.0,,,False,1935,1356,3.0,5611_PA,100.0,0,74.0,0,4.666666666666667,6.133333333333334,6.0,6.933333333333334,2.3333333333333335,3.1333333333333333,1.6666666666666667,1.8666666666666667,0.0,0.0,0.3333333333333333,0.4666666666666667,0.0,0.5333333333333333,0.0,0.0,0.3333333333333333,0.06666666666666667,0.4366666666666667,0.6880000000000001,0.2633333333333333,0.658,0.3033333333333334,0.772,2.6666666666666665,4.466666666666667,0.3333333333333333,0.3333333333333333,0.3333333333333333,1.8,84.33333333333333,77.4,83.0,88.53333333333333,,,1544.0,1629.5333333333333,1732.3333333333333,1641.0,52.7,49.7,42.4,40.0,1,witcheshat,0.023012186511411358
52333,5647,http://live.fanfooty.com.au/game/matchcentre.html?id=5647,R6,2016,240073.0,Heritier,Lumumba,ME,9.0,48.0,48,62.0,40.0,60.0,4.0,10.0,2.0,4.0,0.0,0.0,2.0,0.0,0.0,Full Time,news,%O including %B... also %T and %M,,,324600.0,0.0,326000.0,79.0,Back,8.0,3.0,56.67,54.67,0.48,0.76,0.84,309000.0,43.0,,5.0,0.0,3.0,71.0,87.0,,,False,1706,1384,7.0,5647_ME,99.0,0,73.0,0,8.0,7.466666666666667,9.0,7.6,5.333333333333333,3.466666666666667,2.3333333333333335,2.2666666666666666,0.0,0.26666666666666666,0.3333333333333333,0.5333333333333333,1.3333333333333333,0.9333333333333333,0.0,0.06666666666666667,0.0,0.06666666666666667,0.32,6.5153333333333325,0.5066666666666667,9.963333333333335,0.5466666666666667,14.449333333333332,4.0,3.8,1.0,0.6,1.6666666666666667,1.8666666666666667,83.33333333333333,80.6,89.0,89.4,,,1618.3333333333333,1581.6666666666667,1593.6666666666667,1685.6666666666667,60.0,51.6,56.6,60.333333333333336,1,news,0.08736238996113015
53327,5670,http://live.fanfooty.com.au/game/matchcentre.html?id=5670,R8,2016,261043.0,Michael,Jamison,CA,7.0,42.0,43,56.0,34.0,42.0,6.0,1.0,6.0,1.0,0.0,0.0,0.0,0.0,0.0,Full Time,job,%D with %k by foot... also %M... In defence on Westhoff,,,,0.0,234600.0,64.0,Back,40.0,4.0,31.75,41.25,0.32,0.43,0.36,192000.0,47.0,,0.0,0.0,1.0,100.0,84.0,,,False,1414,1885,9.0,5670_CA,101.0,0,72.0,0,4.333333333333333,5.2,4.0,4.666666666666667,3.6666666666666665,4.133333333333334,2.3333333333333335,1.3333333333333333,0.0,0.2,0.0,0.4,0.0,0.5333333333333333,0.0,0.0,0.0,0.0,0.10666666666666667,0.24666666666666665,0.14333333333333334,0.334,0.12,0.31666666666666665,1.0,3.0,0.0,0.13333333333333333,0.3333333333333333,1.2,83.0,85.4,83.33333333333333,78.6,,,1628.6666666666667,1529.8666666666666,1641.3333333333333,1724.3333333333333,49.8,54.1,48.8,45.0,1,job,0.03677753905880611
53665,5678,http://live.fanfooty.com.au/game/matchcentre.html?id=5678,R9,2016,280386.0,Clancee,Pearce,FR,9.0,54.0,53,73.0,37.0,51.0,7.0,3.0,2.0,5.0,0.0,1.0,0.0,0.0,0.0,Full Time,news,%O and %M plus %T,,,445400.0,0.0,402600.0,115.0,Back,46.0,3.0,78.67,69.33,0.33,0.34,0.44,426000.0,91.0,,4.0,2.0,0.0,60.0,57.0,,,False,1744,1542,10.0,5678_FR,96.0,0,73.0,0,7.333333333333333,8.8,10.0,8.8,3.6666666666666665,4.333333333333333,2.6666666666666665,2.6,0.0,0.0,0.6666666666666666,0.3333333333333333,0.3333333333333333,0.4666666666666667,0.0,0.13333333333333333,0.0,0.06666666666666667,0.22,9.451333333333332,0.22999999999999998,7.263333333333334,0.2833333333333333,9.708,6.666666666666667,6.0,2.6666666666666665,2.0,0.6666666666666666,1.6,75.66666666666667,79.26666666666667,68.33333333333333,69.0,,,1520.6666666666667,1594.1333333333334,1742.3333333333333,1673.1333333333334,74.9,57.3,54.6,59.0,1,news,0.16083735616149217
53929,5684,http://live.fanfooty.com.au/game/matchcentre.html?id=5684,R10,2016,270830.0,Colin,Garland,ME,4.0,44.0,65,56.0,35.0,48.0,5.0,6.0,3.0,2.0,0.0,0.0,0.0,0.0,0.0,Full Time,concussed,Accidental elbow by Dixon to his face in Q4 left him woozy... %O and %M plus %T,job,Starting at CHB on Westhoff,305000.0,0.0,316000.0,85.0,Back,20.0,4.0,47.5,48.5,0.12,0.15,0.08,292000.0,76.0,,4.0,0.0,0.0,81.0,70.0,,,True,1701,1556,11.0,5684_ME,96.0,0,73.0,0,6.0,7.866666666666666,5.333333333333333,4.733333333333333,3.3333333333333335,3.7333333333333334,3.3333333333333335,2.6,0.0,0.0,0.3333333333333333,0.4,0.6666666666666666,0.9333333333333333,0.0,0.0,0.0,0.06666666666666667,0.12,0.19933333333333333,0.15,0.37333333333333335,0.08,0.18733333333333332,4.0,3.4,0.3333333333333333,0.4,1.0,1.8,81.0,75.33333333333333,84.33333333333333,88.53333333333333,,,1608.0,1582.0666666666666,1597.3333333333333,1685.0666666666666,61.6,54.7,52.0,56.0,1,concussed,0.0538030830921136
54060,5687,http://live.fanfooty.com.au/game/matchcentre.html?id=5687,R10,2016,250118.0,Nathan,van Berlo,AD,2.0,24.0,40,34.0,19.0,30.0,3.0,3.0,1.0,3.0,0.0,0.0,2.0,0.0,0.0,Full Time,news,%P and %T,,,394500.0,0.0,350100.0,104.0,Midfielder,7.0,1.0,36.0,52.0,0.66,1.11,0.91,360000.0,95.0,,3.0,0.0,2.0,83.0,77.0,,,False,1561,1714,11.0,5687_AD,96.0,0,73.0,0,7.666666666666667,9.0,4.333333333333333,6.0,3.0,4.066666666666666,2.6666666666666665,3.3333333333333335,0.0,0.06666666666666667,0.6666666666666666,0.5333333333333333,1.3333333333333333,0.7333333333333333,0.0,0.13333333333333333,0.3333333333333333,0.2,0.44,0.48133333333333334,0.7400000000000001,15.78,0.6066666666666667,16.566,3.6666666666666665,4.933333333333334,0.0,0.9333333333333333,2.0,2.2,80.33333333333333,74.4,80.0,76.53333333333333,,,1642.6666666666667,1621.2,1584.3333333333333,1639.0666666666666,62.95,61.4,53.0,51.0,1,news,0.08142216387455328
54206,5690,http://live.fanfooty.com.au/game/matchcentre.html?id=5690,R10,2016,281025.0,Luke,Russell,GC,8.0,53.0,43,37.0,45.0,59.0,8.0,4.0,6.0,1.0,0.0,0.0,1.0,0.0,2.0,Full Time,wing,%s from %O and %M... Starting on a HFF,,,317200.0,0.0,266000.0,128.0,Forward,8.0,1.0,19.0,15.0,0.23,0.48,0.13,284000.0,82.0,,1.0,0.0,1.0,75.0,78.0,,,False,1808,1448,11.0,5690_GC,96.0,0,73.0,0,4.666666666666667,7.466666666666667,6.333333333333333,5.666666666666667,2.3333333333333335,2.933333333333333,2.3333333333333335,2.7333333333333334,0.0,0.06666666666666667,0.0,0.3333333333333333,0.3333333333333333,0.3333333333333333,0.0,0.4,0.6666666666666666,0.5333333333333333,0.24,8.097333333333333,0.5066666666666667,0.284,0.13333333333333333,0.15133333333333335,2.3333333333333335,3.4,0.3333333333333333,1.2,0.6666666666666666,1.4666666666666666,86.0,70.8,73.66666666666667,73.26666666666667,,,1472.3333333333333,1478.2666666666667,1754.6666666666667,1773.3333333333333,46.25,42.2,36.0,35.333333333333336,1,wing,0.03512275711005568
54249,5691,http://live.fanfooty.com.au/game/matchcentre.html?id=5691,R11,2016,240180.0,Troy,Chaplin,RI,4.0,43.0,44,30.0,34.0,45.0,7.0,2.0,4.0,2.0,0.0,1.0,1.0,0.0,0.0,Full Time,in,%P with %k by foot... also %M and %T... Late replacement for Dylan Grimes,,,318500.0,0.0,355400.0,72.0,Back,25.0,7.0,55.29,67.43,0.2,0.32,0.2,299000.0,58.0,,1.0,0.0,1.0,100.0,90.0,,,False,1865,1425,12.0,5691_RI,99.0,0,72.0,0,8.333333333333334,8.533333333333333,3.0,4.666666666666667,5.0,5.8,1.3333333333333333,1.8666666666666667,0.0,0.26666666666666666,1.3333333333333333,0.6666666666666666,0.6666666666666666,0.7333333333333333,0.0,0.06666666666666667,0.0,0.13333333333333333,0.21333333333333335,1.9066666666666665,0.3233333333333334,0.4026666666666667,0.21666666666666667,0.30533333333333335,3.6666666666666665,4.133333333333334,0.0,0.13333333333333333,1.0,1.2666666666666666,88.66666666666667,85.53333333333333,91.33333333333333,87.4,,,1653.6666666666667,1640.8666666666666,1624.3333333333333,1623.2,74.15,65.4,66.4,61.666666666666664,1,in,0.030196115478169985
54444,5697,http://live.fanfooty.com.au/game/matchcentre.html?id=5697,R11,2016,240419.0,Alan,Toovey,CO,3.0,36.0,48,47.0,28.0,39.0,6.0,4.0,1.0,2.0,0.0,2.0,1.0,0.0,0.0,Full Time,guard,%O and %T... Playing a BP role,,,246300.0,0.0,273300.0,99.0,Back,34.0,7.0,42.57,48.29,0.41,0.45,0.29,235000.0,75.0,,6.0,0.0,1.0,70.0,92.0,,,False,1693,1595,12.0,5697_CO,99.0,0,72.0,0,4.0,4.533333333333333,4.0,6.866666666666666,1.3333333333333333,1.9333333333333333,1.3333333333333333,3.466666666666667,0.0,0.0,1.0,0.4666666666666667,0.3333333333333333,0.8,0.0,0.0,0.0,0.06666666666666667,0.4033333333333333,0.2866666666666667,0.4366666666666667,0.7586666666666666,0.2833333333333334,0.6573333333333334,4.0,4.333333333333333,0.0,0.2,0.6666666666666666,1.6,82.0,73.8,70.33333333333333,82.06666666666666,,,1642.0,1635.4666666666667,1629.0,1635.0666666666666,50.95,45.1,45.2,37.666666666666664,1,guard,0.0392397978013077
54742,5704,http://live.fanfooty.com.au/game/matchcentre.html?id=5704,R12,2016,250257.0,Xavier,Ellis,WC,4.0,46.0,50,60.0,37.0,51.0,7.0,5.0,3.0,2.0,0.0,1.0,1.0,0.0,0.0,Full Time,in,%D and %M with %T... Late replacement for Sam Butler,,,358400.0,0.0,324700.0,101.0,Back,18.0,1.0,45.0,47.0,0.16,0.26,0.2,,79.0,,5.0,0.0,2.0,75.0,72.0,,,False,1760,1477,13.0,5704_WC,96.80000000000001,0,75.0,0,5.666666666666667,9.866666666666667,4.666666666666667,3.933333333333333,3.6666666666666665,4.533333333333333,2.0,1.5333333333333334,0.0,0.0,1.0,0.8666666666666667,0.6666666666666666,0.7333333333333333,0.3333333333333333,0.13333333333333333,0.0,0.0,0.37999999999999995,0.8186666666666667,0.17000000000000118,0.228,0.35000000000000003,0.8406666666666667,4.0,3.6,0.3333333333333333,0.7333333333333333,1.0,2.0,84.33333333333333,77.6,69.33333333333333,64.0,,,1558.0,1659.8666666666666,1699.3333333333333,1604.2,58.1,53.1,54.8,49.0,1,in,0.01242675917052835
55538,5722,http://live.fanfooty.com.au/game/matchcentre.html?id=5722,R15,2016,240546.0,Ivan,Maric,RI,19.0,51.0,51,54.0,48.0,54.0,1.0,1.0,0.0,3.0,39.0,1.0,2.0,0.0,0.0,Full Time,ruck,%H... also %D and %T... First ruck,,,476400.0,0.0,514900.0,208.0,Ruck,20.0,2.0,52.5,52.5,0.35,0.5,0.55,416000.0,130.0,,3.0,0.0,4.0,0.0,73.0,,,False,1696,1573,16.0,5722_RI,97.60000000000002,0,75.0,0,3.3333333333333335,5.6,3.0,4.933333333333334,1.3333333333333333,2.533333333333333,2.0,2.066666666666667,29.0,25.2,1.0,1.2666666666666666,2.0,0.9333333333333333,0.0,0.6,0.0,0.06666666666666667,0.42333333333333334,0.314,0.6,7.184666666666667,0.64,7.112,4.0,6.6,1.0,1.9333333333333333,2.6666666666666665,2.066666666666667,39.666666666666664,63.333333333333336,77.66666666666667,69.4,,,1546.3333333333333,1653.5333333333333,1724.0,1602.7333333333333,87.45,78.4,62.0,52.0,1,ruck,0.2962818465846809
56072,5735,http://live.fanfooty.com.au/game/matchcentre.html?id=5735,R16,2016,250703.0,James,Gwilt,ES,12.0,69.0,81,89.0,58.0,78.0,13.0,6.0,7.0,0.0,0.0,0.0,1.0,0.0,0.0,Full Time,job,%M and %O... Spending time on Membrey,,,394900.0,0.0,392500.0,54.0,Back,42.0,13.0,76.54,77.92,0.28,0.33,0.57,381000.0,74.0,,6.0,0.0,3.0,89.0,86.0,,,False,1636,1640,17.0,5735_ES,99.0,0,74.0,1,14.666666666666666,13.133333333333333,5.666666666666667,7.066666666666666,6.666666666666667,6.866666666666666,1.0,1.6,0.0,0.0,0.0,0.3333333333333333,1.6666666666666667,1.2666666666666666,0.0,0.0,0.0,0.0,0.2733333333333334,0.25666666666666665,0.32,0.22533333333333333,0.5466666666666667,0.38066666666666665,6.0,3.933333333333333,0.0,0.06666666666666667,3.0,3.3333333333333335,85.0,79.86666666666666,91.66666666666667,88.93333333333334,,,1569.6666666666667,1549.0,1691.6666666666667,1705.0666666666666,78.2,78.5,86.0,91.66666666666667,1,job,0.19652555961240073
56100,5735,http://live.fanfooty.com.au/game/matchcentre.html?id=5735,R16,2016,270303.0,Luke,Delaney,SK,5.0,44.0,48,40.0,38.0,51.0,4.0,7.0,4.0,2.0,0.0,1.0,1.0,0.0,0.0,Full Time,job,%D and %M with %T... Has Daniher,,,202800.0,0.0,244800.0,39.0,Back,21.0,3.0,32.33,43.67,0.26,0.24,0.16,184000.0,40.0,,4.0,1.0,1.0,90.0,98.0,,,False,1640,1636,17.0,5735_SK,99.0,0,74.0,0,3.0,3.2666666666666666,6.333333333333333,5.2,4.0,4.0,2.3333333333333335,1.7333333333333334,0.0,0.06666666666666667,1.3333333333333333,0.6,0.6666666666666666,1.0666666666666667,0.0,0.0,0.0,0.0,0.2333333333333333,0.21600000000000003,0.23333333333333336,1.3886666666666667,0.14333333333333334,0.82,4.333333333333333,2.8666666666666667,0.3333333333333333,0.13333333333333333,0.6666666666666666,1.3333333333333333,89.0,88.53333333333333,95.66666666666667,92.93333333333334,,,1541.3333333333333,1612.7333333333333,1725.0,1650.6,45.7,44.1,47.6,50.666666666666664,1,job,0.03253853960366511
56123,5736,http://live.fanfooty.com.au/game/matchcentre.html?id=5736,R17,2016,210027.0,Ted,Richards,SY,3.0,37.0,36,48.0,30.0,39.0,5.0,3.0,4.0,1.0,0.0,0.0,0.0,0.0,0.0,Full Time,spearhead,%M and %O... At FF on Frawley,,,279200.0,0.0,317500.0,129.0,Back,25.0,6.0,41.17,50.83,0.36,0.42,0.61,242000.0,63.0,,4.0,0.0,1.0,62.0,77.0,,,False,1655,1619,18.0,5736_SY,97.0,0,73.0,0,4.666666666666667,5.6,3.0,6.4,3.6666666666666665,3.6,1.0,1.4666666666666666,0.0,0.0,0.3333333333333333,0.7333333333333333,0.3333333333333333,0.4666666666666667,0.3333333333333333,0.13333333333333333,0.6666666666666666,0.2,0.3866666666666667,3.2706666666666666,0.45,0.7026666666666667,0.66,0.8826666666666667,3.0,5.6,0.0,0.06666666666666667,1.3333333333333333,1.4,74.0,78.4,81.0,81.53333333333333,,,1611.6666666666667,1682.9333333333334,1655.0,1575.2666666666667,61.5,59.7,56.8,41.666666666666664,1,spearhead,0.06698436794573442
56435,5743,http://live.fanfooty.com.au/game/matchcentre.html?id=5743,R17,2016,293431.0,Ben,Kennedy,ME,14.0,69.0,49,54.0,60.0,78.0,7.0,12.0,4.0,1.0,0.0,2.0,0.0,1.0,0.0,Full Time,wing,%s from %D and %M... Playing wing and half forward,,,356300.0,0.0,324900.0,72.0,Forward,35.0,14.0,67.71,69.93,6.19,15.61,11.75,337000.0,79.0,,9.0,0.0,4.0,57.0,65.0,,,False,1704,1565,18.0,5743_ME,97.0,0,73.0,0,7.0,8.533333333333333,9.333333333333334,8.733333333333333,2.6666666666666665,3.1333333333333333,1.6666666666666667,2.6,0.0,0.0,1.3333333333333333,0.7333333333333333,0.0,0.4666666666666667,0.6666666666666666,0.8666666666666667,0.6666666666666666,0.4,6.403333333333333,11.084666666666665,16.183333333333334,25.515333333333334,11.963333333333333,13.552,5.666666666666667,6.466666666666667,0.3333333333333333,1.2,2.3333333333333335,2.0,60.666666666666664,66.26666666666667,76.66666666666667,76.93333333333334,,,1706.0,1633.4666666666667,1563.3333333333333,1613.2666666666667,61.8,63.2,59.0,53.666666666666664,1,wing,0.07073652040425217
56511,5745,http://live.fanfooty.com.au/game/matchcentre.html?id=5745,R18,2016,291386.0,Ben,Sinclair,CO,0.0,0.0,0,0.0,0.0,0.0,0.0,0.0,0.0,0.0,0.0,0.0,0.0,0.0,0.0,Full Time,injured,Copped a heavy knock in Q1 in a clash with Anderson which lead to a concussion test... did not return,guard,Coming off halfback,333500.0,0.0,355300.0,45.0,Back,28.0,11.0,60.09,67.27,0.4,0.48,0.6,321000.0,48.0,,0.0,0.0,0.0,0.0,3.0,,,True,1722,1530,19.0,5745_CO,97.80000000000001,0,73.0,0,6.666666666666667,8.2,6.333333333333333,7.4,2.3333333333333335,2.933333333333333,1.0,2.2666666666666666,0.0,0.0,0.6666666666666666,0.7333333333333333,0.3333333333333333,0.3333333333333333,0.3333333333333333,0.13333333333333333,0.0,0.13333333333333333,0.3766666666666667,0.4793333333333333,0.4633333333333333,0.3233333333333333,0.5666666666666668,0.3506666666666666,4.666666666666667,4.266666666666667,2.0,0.4666666666666667,1.3333333333333333,1.3333333333333333,60.0,73.73333333333333,57.0,74.0,,,1636.3333333333333,1611.3333333333333,1616.6666666666667,1657.2666666666667,60.0,65.6,67.4,56.333333333333336,1,injured,0.07114601664485343
56907,5754,http://live.fanfooty.com.au/game/matchcentre.html?id=5754,R19,2016,240087.0,Jed,Adcock,WB,13.0,73.0,71,35.0,57.0,78.0,16.0,2.0,6.0,2.0,0.0,1.0,2.0,0.0,0.0,Full Time,wing,%P including %K... also %M and %T... Starting on a wing,,,277800.0,0.0,269700.0,52.0,Back,44.0,6.0,50.0,49.5,0.64,0.87,0.62,271000.0,60.0,,7.0,0.0,3.0,77.0,80.0,,,False,1754,1515,20.0,5754_WB,97.0,0,73.0,0,10.666666666666666,6.933333333333334,6.333333333333333,5.6,4.666666666666667,4.066666666666666,2.0,2.7333333333333334,0.0,0.0,0.3333333333333333,1.0666666666666667,0.6666666666666666,1.0,0.0,0.8666666666666667,0.0,0.5333333333333333,0.7166666666666668,0.9073333333333334,0.9933333333333333,1.0873333333333335,0.79,1.0779999999999998,4.333333333333333,3.2666666666666666,0.0,0.4666666666666667,1.6666666666666667,1.6,84.0,81.53333333333333,83.66666666666667,83.26666666666667,,,1576.0,1641.4,1692.3333333333333,1618.9333333333334,57.3,59.0,52.6,61.666666666666664,1,wing,0.07960356884356988
57153,5760,http://live.fanfooty.com.au/game/matchcentre.html?id=5760,R19,2016,260394.0,Chris,Dawes,ME,16.0,62.0,65,80.0,51.0,63.0,5.0,3.0,5.0,4.0,5.0,1.0,1.0,1.0,1.0,Full Time,spearhead,%s from %P and %M plus %T... Up forward on Thompson,,,307500.0,0.0,264700.0,81.0,Forward,6.0,4.0,51.5,49.4,0.07,0.09,0.08,285000.0,49.0,,2.0,1.0,1.0,87.0,80.0,,,False,1462,1782,20.0,5760_ME,97.0,0,73.0,0,6.0,7.266666666666667,3.6666666666666665,5.4,3.0,4.066666666666666,4.333333333333333,1.9333333333333333,2.6666666666666665,3.066666666666667,1.6666666666666667,1.3333333333333333,0.6666666666666666,0.8666666666666667,1.0,0.8,0.3333333333333333,0.8,0.07,3.3273333333333337,0.09666666666666668,0.20666666666666667,0.08,0.16266666666666665,4.333333333333333,5.4,0.3333333333333333,0.7333333333333333,3.6666666666666665,2.6666666666666665,57.333333333333336,67.4,82.0,81.46666666666667,,,1698.6666666666667,1595.6666666666667,1542.3333333333333,1670.3333333333333,56.35,58.9,52.8,48.0,1,spearhead,0.06446025051250907
57175,5760,http://live.fanfooty.com.au/game/matchcentre.html?id=5760,R19,2016,230132.0,Nick,Malceski,GC,9.0,45.0,50,32.0,37.0,48.0,6.0,4.0,3.0,1.0,0.0,0.0,0.0,1.0,0.0,Full Time,cactus,Looks set for the knackery at this rate... %D and %M plus %s,guard,Playing in defence,413700.0,0.0,362000.0,95.0,Back,7.0,15.0,78.0,73.24,3.38,5.16,4.93,401000.0,72.0,,2.0,0.0,1.0,90.0,67.0,,,False,1782,1462,20.0,5760_GC,97.0,0,73.0,0,11.666666666666666,12.266666666666667,5.666666666666667,7.4,6.666666666666667,5.4,1.0,2.6,0.0,0.26666666666666666,1.0,0.9333333333333333,1.3333333333333333,1.1333333333333333,0.3333333333333333,0.26666666666666666,0.0,0.26666666666666666,3.38,2.7359999999999998,5.259999999999999,4.715333333333334,4.953333333333333,4.328666666666666,3.0,5.066666666666666,0.6666666666666666,1.3333333333333333,3.0,3.3333333333333335,79.0,70.46666666666667,74.66666666666667,78.33333333333333,,,1536.3333333333333,1519.1333333333334,1725.3333333333333,1739.6,76.75,68.2,74.2,59.333333333333336,1,cactus,0.06596910382704245
57342,5764,http://live.fanfooty.com.au/game/matchcentre.html?id=5764,R20,2016,270779.0,Paul,Stewart,PA,10.0,55.0,64,37.0,43.0,63.0,10.0,3.0,4.0,4.0,0.0,0.0,3.0,0.0,0.0,Full Time,job,%D including %K... also %M and %T... not helped by %F... Spending time on Towers,,,217800.0,0.0,251900.0,27.0,Forward,14.0,13.0,45.38,50.62,0.09,0.09,0.2,210000.0,35.0,,5.0,0.0,4.0,84.0,79.0,,,False,1975,1293,21.0,5764_PA,98.0,0,75.0,0,9.0,7.266666666666667,4.333333333333333,4.2,3.6666666666666665,3.533333333333333,2.0,2.066666666666667,0.0,0.0,0.0,0.6,1.6666666666666667,0.9333333333333333,0.0,0.0,0.0,0.0,0.09,0.166,0.09,0.12733333333333333,0.19333333333333333,0.21666666666666667,4.666666666666667,4.2,0.3333333333333333,0.13333333333333333,2.6666666666666665,2.2666666666666666,82.0,75.33333333333333,83.0,80.6,,,1586.3333333333333,1615.5333333333333,1665.0,1639.8666666666666,51.0,54.1,55.6,64.33333333333333,1,job,0.049795564598172894
57406,5766,http://live.fanfooty.com.au/game/matchcentre.html?id=5766,R20,2016,290815.0,Tom,Nicholls,GC,21.0,73.0,66,88.0,60.0,75.0,3.0,7.0,2.0,5.0,18.0,0.0,0.0,1.0,0.0,Full Time,sore,Limping late Q2 and onwards with a left knee issue... %H... also %D and %M with %T... %s as well,ruck,,397600.0,0.0,412100.0,78.0,Ruck,22.0,14.0,77.57,83.71,0.76,0.51,1.01,384000.0,82.0,,8.0,1.0,1.0,40.0,78.0,,,True,1668,1592,21.0,5766_GC,98.0,0,75.0,0,3.6666666666666665,3.6,8.333333333333334,8.4,2.6666666666666665,2.3333333333333335,5.666666666666667,4.866666666666666,17.0,22.0,0.3333333333333333,0.6666666666666666,0.6666666666666666,1.4666666666666666,0.3333333333333333,0.13333333333333333,0.0,0.13333333333333333,0.7266666666666666,0.9206666666666666,0.5000000000000001,0.3739999999999995,1.01,0.7926666666666667,10.666666666666666,9.066666666666666,3.6666666666666665,3.4,1.3333333333333333,2.533333333333333,66.66666666666667,70.26666666666667,80.0,80.26666666666667,,,1615.3333333333333,1583.0666666666666,1644.0,1684.1333333333334,79.95,82.5,84.0,81.0,1,sore,0.19702334889148068
57542,5769,http://live.fanfooty.com.au/game/matchcentre.html?id=5769,R20,2016,240014.0,Andrew,Walker,CA,3.0,34.0,37,40.0,30.0,42.0,2.0,9.0,2.0,1.0,0.0,0.0,0.0,0.0,0.0,Full Time,spearhead,%O with %b by hand... also %M... Third tall forward on Gilbert,,,315900.0,0.0,290700.0,105.0,Back,1.0,10.0,56.1,54.0,0.66,1.21,7.72,299000.0,83.0,,4.0,0.0,1.0,54.0,83.0,,,False,1810,1456,21.0,5769_CA,98.0,0,75.0,0,4.666666666666667,7.466666666666667,7.333333333333333,4.2,2.3333333333333335,3.6,1.3333333333333333,2.0,0.0,0.26666666666666666,0.3333333333333333,1.1333333333333333,1.0,0.9333333333333333,0.0,1.3333333333333333,0.3333333333333333,0.7333333333333333,0.8633333333333327,0.7546666666666666,1.4000000000000001,0.9633333333333333,8.123333333333333,5.561999999999999,5.333333333333333,4.533333333333333,0.3333333333333333,0.26666666666666666,3.6666666666666665,2.6,58.333333333333336,60.6,82.0,76.46666666666667,,,1477.6666666666667,1567.0666666666666,1782.0,1682.3333333333333,54.1,52.5,46.4,37.333333333333336,1,spearhead,0.07254327660931935
57770,5774,http://live.fanfooty.com.au/game/matchcentre.html?id=5774,R21,2016,250623.0,Robbie,Nahas,NM,11.0,60.0,49,50.0,50.0,66.0,6.0,8.0,4.0,2.0,0.0,0.0,0.0,1.0,0.0,Full Time,lebanon,%s from %P and %M plus %T,wing,Rotating forward,270000.0,0.0,251600.0,99.0,Forward,28.0,7.0,45.57,47.43,0.11,0.17,0.07,259000.0,87.0,,5.0,1.0,4.0,64.0,68.0,,,False,1798,1476,22.0,5774_NM,97.0,0,73.0,0,6.666666666666667,6.733333333333333,4.666666666666667,4.466666666666667,3.0,3.7333333333333334,2.6666666666666665,3.4,0.0,0.0,0.0,0.6,0.3333333333333333,0.4,0.3333333333333333,1.0,1.0,0.8666666666666667,0.11333333333333333,0.2826666666666667,0.17,0.316,0.07333333333333335,0.21533333333333332,4.666666666666667,4.333333333333333,0.3333333333333333,0.4666666666666667,2.6666666666666665,1.7333333333333334,56.0,69.66666666666667,76.0,67.46666666666667,,,1601.0,1636.8,1684.6666666666667,1624.8666666666666,56.55,56.5,50.2,45.666666666666664,1,lebanon,0.15223661022531837
58090,5782,http://live.fanfooty.com.au/game/matchcentre.html?id=5782,R22,2016,291963.0,Brad,McKenzie,NM,14.0,74.0,75,95.0,58.0,78.0,12.0,6.0,3.0,3.0,0.0,2.0,1.0,1.0,0.0,Full Time,guard,%D and %M with %T... %s as well,,,307900.0,0.0,356100.0,88.0,Midfielder,2.0,11.0,59.45,69.54,0.36,0.86,0.9,319000.0,59.0,,5.0,0.0,6.0,77.0,80.0,,,False,1572,1693,23.0,5782_NM,94.0,0,69.0,1,10.666666666666666,10.8,4.0,4.533333333333333,4.333333333333333,3.6666666666666665,3.3333333333333335,2.3333333333333335,0.0,0.0,1.0,0.6,0.3333333333333333,0.4,0.3333333333333333,0.13333333333333333,0.0,0.13333333333333333,0.36,0.31933333333333336,0.8666666666666667,0.7773333333333333,0.91,0.7493333333333333,3.6666666666666665,3.6,0.3333333333333333,0.8,2.3333333333333335,1.9333333333333333,85.0,81.2,84.33333333333333,81.6,,,1623.6666666666667,1628.9333333333334,1643.0,1640.7333333333333,64.05,67.2,77.6,69.33333333333333,1,guard,0.09216566466072039
58307,5787,http://live.fanfooty.com.au/game/matchcentre.html?id=5787,R22,2016,261257.0,Andrejs,Everitt,CA,18.0,70.0,71,87.0,59.0,76.0,9.0,7.0,6.0,1.0,0.0,0.0,0.0,1.0,1.0,Full Time,in,%O and %M plus %s... Late replacement for Jack Silvagni,,,311600.0,0.0,290300.0,80.0,Midfielder,33.0,12.0,64.08,65.67,0.14,0.23,3.15,305000.0,75.0,,2.0,1.0,2.0,75.0,77.0,,,False,1571,1698,23.0,5787_CA,94.0,0,69.0,1,7.333333333333333,7.8,6.0,6.2,5.333333333333333,5.4,1.3333333333333333,1.2,0.0,0.4,0.3333333333333333,0.4666666666666667,0.0,0.26666666666666666,0.6666666666666666,1.3333333333333333,0.3333333333333333,0.7333333333333333,0.1533333333333334,0.12333333333333334,0.2466666666666667,0.35400000000000004,3.1933333333333334,3.542666666666667,2.3333333333333335,3.6666666666666665,0.6666666666666666,0.6666666666666666,0.6666666666666666,1.4,85.66666666666667,78.6,77.33333333333333,77.53333333333333,,,1577.3333333333333,1573.8666666666666,1679.3333333333333,1670.9333333333334,64.25,61.6,58.0,57.0,1,in,0.02220316126335256
58384,5789,http://live.fanfooty.com.au/game/matchcentre.html?id=5789,R22,2016,230214.0,Mathew,Stokes,ES,21.0,118.0,106,149.0,96.0,130.0,16.0,15.0,9.0,3.0,0.0,0.0,0.0,0.0,1.0,Full Time,hot,%P and %M plus %T... %s as well,pocket,Starting deep forward,337000.0,0.0,293300.0,39.0,Midfielder,48.0,9.0,71.0,64.0,0.67,1.05,0.94,342000.0,60.0,,8.0,3.0,3.0,77.0,85.0,,,False,1736,1531,23.0,5789_ES,94.0,1,69.0,1,11.666666666666666,9.066666666666666,12.0,10.066666666666666,7.0,5.333333333333333,2.6666666666666665,2.066666666666667,0.0,0.0,0.0,0.6,0.0,0.13333333333333333,0.0,0.5333333333333333,0.3333333333333333,0.4,0.6900000000000001,3.1060000000000003,1.0599999999999998,0.7373333333333334,0.9,0.7153333333333333,6.333333333333333,5.066666666666666,1.6666666666666667,1.0666666666666667,1.6666666666666667,1.6666666666666667,77.66666666666667,75.86666666666666,85.0,79.8,,,1567.3333333333333,1613.4666666666667,1691.3333333333333,1638.3333333333333,68.0,67.1,69.6,83.0,1,hot,0.21429562282990866
58387,5789,http://live.fanfooty.com.au/game/matchcentre.html?id=5789,R22,2016,230041.0,Adam,Cooney,ES,20.0,95.0,75,120.0,76.0,100.0,13.0,9.0,6.0,3.0,0.0,1.0,0.0,1.0,1.0,Full Time,shovel,%P and %M plus %T... %s as well... Playing in midfield,,,475100.0,0.0,405000.0,84.0,Midfielder,17.0,17.0,89.0,82.0,0.68,0.6,0.8,455000.0,92.0,,8.0,4.0,2.0,63.0,76.0,,,False,1736,1531,23.0,5789_ES,94.0,0,69.0,1,14.666666666666666,13.333333333333334,6.666666666666667,9.933333333333334,6.333333333333333,6.2,3.0,2.933333333333333,0.3333333333333333,0.3333333333333333,1.0,0.5333333333333333,0.3333333333333333,0.3333333333333333,0.6666666666666666,0.3333333333333333,1.3333333333333333,0.8,0.68,0.65,0.5933333333333334,0.6226666666666667,0.8066666666666666,0.8133333333333334,6.0,7.333333333333333,2.6666666666666665,3.0,2.6666666666666665,2.533333333333333,62.0,68.66666666666667,74.33333333333333,76.53333333333333,,,1594.3333333333333,1536.0666666666666,1667.0,1718.6,81.4,80.1,80.6,80.66666666666667,1,shovel,0.2812883564896752
58502,5791,http://live.fanfooty.com.au/game/matchcentre.html?id=5791,R23,2016,296027.0,Matt,Jones,ME,5.0,60.0,52,49.0,47.0,63.0,7.0,7.0,4.0,3.0,0.0,1.0,0.0,0.0,0.0,Full Time,wing,Just the one touch in the first term... %P and %M plus %T,in,Late inclusion for Dean Kent,405800.0,0.0,363700.0,34.0,Midfielder,45.0,9.0,79.78,76.33,0.17,0.33,0.32,385000.0,55.0,,3.0,0.0,0.0,85.0,79.0,,,False,1954,1317,24.0,5791_ME,99.0,0,72.0,0,8.666666666666666,8.866666666666667,10.0,8.933333333333334,4.333333333333333,4.066666666666666,5.333333333333333,3.466666666666667,0.0,0.0,1.0,0.5333333333333333,0.0,0.6666666666666666,0.3333333333333333,0.2,0.0,0.06666666666666667,0.14333333333333334,0.186,0.32666666666666666,0.21066666666666667,0.35999999999999993,0.14133333333333334,5.0,5.866666666666666,1.0,1.8,0.3333333333333333,1.9333333333333333,83.66666666666667,74.66666666666667,77.0,74.86666666666666,,,1596.3333333333333,1575.3333333333333,1645.6666666666667,1688.8666666666666,60.85,73.7,78.6,80.33333333333333,1,wing,0.07750077834842768
58526,5792,http://live.fanfooty.com.au/game/matchcentre.html?id=5792,R23,2016,240245.0,Courtenay,Dempsey,ES,14.0,61.0,46,77.0,51.0,64.0,10.0,3.0,6.0,0.0,0.0,0.0,0.0,1.0,1.0,Full Time,wing,%D including %K... also %M... and booted %s... Starting at half forward,,,280000.0,0.0,261300.0,77.0,Back,15.0,13.0,63.54,64.85,1.09,2.25,1.22,279000.0,79.0,,2.0,0.0,2.0,61.0,77.0,,,False,1482,1786,24.0,5792_ES,99.0,0,72.0,0,9.333333333333334,10.8,3.0,4.466666666666667,5.333333333333333,4.2,0.0,1.8,0.0,0.0,0.0,0.6,1.0,0.9333333333333333,0.3333333333333333,0.3333333333333333,0.6666666666666666,0.4,1.4100000000000001,1.3366666666666667,2.603333333333333,2.6026666666666665,1.6666666666666667,1.73,2.0,4.8,0.3333333333333333,0.9333333333333333,3.3333333333333335,3.0,76.33333333333333,73.2,80.33333333333333,81.2,,,1557.6666666666667,1523.6666666666667,1706.6666666666667,1730.8,59.75,53.6,44.0,43.666666666666664,1,wing,0.0694285712222465
58586,5793,http://live.fanfooty.com.au/game/matchcentre.html?id=5793,R23,2016,270737.0,Shaun,Hampson,RI,20.0,57.0,61,56.0,53.0,59.0,2.0,3.0,1.0,2.0,29.0,2.0,1.0,1.0,0.0,Full Time,ruck,%H... also %P and %T... and kicked %s,,,354800.0,0.0,359400.0,48.0,Ruck,16.0,19.0,64.79,72.26,1.02,1.28,3.01,346000.0,83.0,,4.0,2.0,2.0,80.0,85.0,,,False,1962,1328,24.0,5793_RI,99.0,0,72.0,0,3.6666666666666665,3.2666666666666666,4.0,4.6,2.6666666666666665,2.6666666666666665,2.0,1.9333333333333333,26.666666666666668,34.666666666666664,1.6666666666666667,1.4666666666666666,0.6666666666666666,1.6,0.6666666666666666,0.26666666666666666,0.0,0.06666666666666667,1.0066666666666666,0.9446666666666665,1.2633333333333334,1.164,3.0433333333333334,3.3493333333333335,6.0,5.2,2.0,1.2666666666666666,1.3333333333333333,2.6,90.0,73.73333333333333,82.66666666666667,80.46666666666667,,,1493.0,1630.4,1775.6666666666667,1639.0666666666666,74.0,78.5,67.8,78.66666666666667,1,ruck,0.2061609488263928
58632,5794,http://live.fanfooty.com.au/game/matchcentre.html?id=5794,R23,2016,230195.0,Jay,Schulz,PA,15.0,60.0,77,45.0,54.0,66.0,6.0,7.0,3.0,0.0,0.0,1.0,0.0,3.0,0.0,Full Time,spearhead,%s from %P and %M... Playing FF on Clurey,,,275400.0,0.0,306800.0,129.0,Forward,28.0,6.0,45.17,54.17,0.19,0.25,0.32,264000.0,86.0,,7.0,1.0,1.0,84.0,86.0,,,False,1646,1622,24.0,5794_PA,99.0,0,72.0,1,3.6666666666666665,5.6,4.666666666666667,3.933333333333333,2.3333333333333335,4.133333333333334,1.0,1.9333333333333333,0.0,0.0,0.6666666666666666,0.7333333333333333,0.3333333333333333,1.0666666666666667,1.3333333333333333,1.9333333333333333,0.6666666666666666,0.6,0.19,0.17666666666666667,0.25333333333333335,0.7646666666666666,0.32,0.8586666666666667,5.0,4.0,0.3333333333333333,0.13333333333333333,1.3333333333333333,1.7333333333333334,69.66666666666667,76.53333333333333,83.66666666666667,88.33333333333333,,,1581.6666666666667,1624.6666666666667,1672.0,1647.4666666666667,64.9,61.4,57.2,46.666666666666664,1,spearhead,0.09115987173536026
58634,5794,http://live.fanfooty.com.au/game/matchcentre.html?id=5794,R23,2016,261083.0,Nathan,Krakouer,PA,4.0,53.0,53,32.0,37.0,51.0,10.0,1.0,3.0,3.0,0.0,0.0,0.0,0.0,0.0,Full Time,guard,%D including %K... also %M and %T... Floating at halfback,,,325000.0,0.0,370900.0,111.0,Back,48.0,14.0,60.43,69.71,0.24,0.23,0.46,309000.0,82.0,,4.0,0.0,3.0,54.0,78.0,,,False,1646,1622,24.0,5794_PA,99.0,0,72.0,0,7.666666666666667,10.533333333333333,2.0,3.3333333333333335,2.6666666666666665,3.6,2.3333333333333335,2.4,0.0,0.0,0.3333333333333333,0.6,0.0,0.3333333333333333,0.3333333333333333,0.26666666666666666,0.0,0.06666666666666667,0.24666666666666667,0.24000000000000002,0.22333333333333336,0.194,0.47,0.4533333333333333,5.0,5.666666666666667,0.3333333333333333,0.4,1.0,2.2,69.33333333333333,72.4,76.0,77.4,,,1565.6666666666667,1615.6666666666667,1687.6666666666667,1645.0,68.15,73.0,71.6,57.333333333333336,1,guard,0.09384398857552512
58698,5796,http://live.fanfooty.com.au/game/matchcentre.html?id=5796,R23,2016,240708.0,Sam,Fisher,SK,12.0,64.0,72,79.0,56.0,73.0,8.0,9.0,7.0,0.0,0.0,0.0,0.0,0.0,1.0,Full Time,job,%O and %M plus %s... Standing Walker,,,305800.0,0.0,350700.0,119.0,Back,25.0,11.0,56.91,69.55,0.13,0.32,0.25,297000.0,88.0,,8.0,0.0,1.0,88.0,85.0,,,False,1449,1821,24.0,5796_SK,99.0,0,72.0,1,6.666666666666667,10.133333333333333,6.666666666666667,5.533333333333333,5.333333333333333,6.266666666666667,0.6666666666666666,1.6666666666666667,0.0,0.7333333333333333,0.3333333333333333,0.4666666666666667,0.6666666666666666,1.5333333333333334,0.0,0.0,0.3333333333333333,0.13333333333333333,0.13,0.15200000000000002,0.32,0.48466666666666663,0.25,0.40800000000000003,4.333333333333333,4.933333333333334,0.0,0.26666666666666666,1.6666666666666667,2.7333333333333334,81.33333333333333,79.73333333333333,75.0,82.6,,,1716.0,1619.6,1550.0,1622.2666666666667,71.85,69.0,65.6,56.666666666666664,1,job,0.10803718515192587
58700,5796,http://live.fanfooty.com.au/game/matchcentre.html?id=5796,R23,2016,230243.0,Sean,Dempster,SK,5.0,54.0,80,68.0,45.0,60.0,5.0,8.0,5.0,2.0,0.0,0.0,0.0,0.0,0.0,Full Time,job,%D and %M with %T... Has Clayton,,,326300.0,0.0,350700.0,53.0,Back,24.0,18.0,56.33,64.72,0.25,0.44,0.48,302000.0,37.0,,4.0,0.0,0.0,92.0,99.0,,,False,1449,1821,24.0,5796_SK,99.0,0,72.0,1,9.666666666666666,8.8,5.333333333333333,5.8,6.666666666666667,6.333333333333333,2.0,1.4,0.0,0.0,1.0,0.4666666666666667,0.6666666666666666,0.8,0.3333333333333333,0.06666666666666667,0.0,0.0,0.23,0.15,0.44000000000000017,0.31799999999999995,0.4599999999999998,0.3073333333333333,5.0,5.066666666666666,0.0,0.06666666666666667,1.0,1.5333333333333334,90.0,84.8,92.33333333333333,91.0,,,1688.6666666666667,1626.7333333333333,1579.0,1636.0,67.8,71.4,76.2,81.33333333333333,1,job,0.09752469440513599
58722,5796,http://live.fanfooty.com.au/game/matchcentre.html?id=5796,R23,2016,230147.0,Daniel,Merrett,BL,9.0,42.0,65,34.0,33.0,42.0,5.0,2.0,3.0,2.0,0.0,0.0,0.0,1.0,0.0,Full Time,switch,%D with %k by foot... also %M and %T... and booted %s... At FB on Bruce... switched forward in Q3,,,151700.0,0.0,236300.0,29.0,Back,21.0,18.0,33.89,52.83,0.66,0.48,2.04,148000.0,-3.0,,3.0,0.0,0.0,100.0,97.0,,,False,1821,1449,24.0,5796_BL,99.0,0,72.0,0,3.6666666666666665,5.0,1.6666666666666667,3.8666666666666667,2.3333333333333335,2.933333333333333,0.6666666666666666,1.4666666666666666,0.0,0.0,0.3333333333333333,1.2,1.0,2.0,0.3333333333333333,0.06666666666666667,0.0,0.0,0.54,0.37999999999999995,0.47,0.39399999999999996,1.7266666666666666,0.9979999999999999,3.3333333333333335,5.133333333333334,0.0,0.13333333333333333,1.6666666666666667,2.533333333333333,62.333333333333336,79.33333333333333,97.66666666666667,96.53333333333333,,,1029.0,1409.4,1143.3333333333333,1644.8666666666666,55.1,49.6,41.8,41.333333333333336,1,switch,0.04644013648149129
58775,5798,http://live.fanfooty.com.au/game/matchcentre.html?id=5798,R23,2016,200032.0,Matthew,Pavlich,FR,26.0,102.0,96,130.0,84.0,105.0,14.0,6.0,10.0,2.0,0.0,1.0,0.0,1.0,3.0,Full Time,superpav,%s from %O and %M plus %T,spearhead,His last game at FF on Hamling,389800.0,0.0,392400.0,75.0,Forward,29.0,17.0,71.41,77.35,0.39,0.46,0.7,372000.0,76.0,,7.0,0.0,1.0,60.0,95.0,,,False,1515,1744,24.0,5798_FR,99.0,0,72.0,1,10.333333333333334,8.666666666666666,5.0,5.4,6.666666666666667,4.8,3.3333333333333335,3.466666666666667,0.0,0.2,1.0,0.9333333333333333,0.6666666666666666,0.8,1.6666666666666667,1.6666666666666667,1.3333333333333333,1.4666666666666666,0.39,0.4033333333333333,0.46,0.45466666666666666,0.7133333333333333,0.7446666666666666,7.666666666666667,6.466666666666667,0.0,0.4,1.6666666666666667,1.6666666666666667,66.0,66.33333333333333,90.33333333333333,89.13333333333334,,,1594.6666666666667,1569.2,1668.0,1687.7333333333333,76.9,85.8,83.0,88.0,1,superpav,0.32077340865654
58967,5804,http://live.fanfooty.com.au/game/matchcentre.html?id=5804,EF,2016,960491.0,Brent,Harvey,NM,18.0,81.0,53,36.0,68.0,95.0,17.0,8.0,6.0,0.0,0.0,0.0,2.0,0.0,2.0,Full Time,pocket,%s from %D and %M... Starting in a FP,,,458000.0,0.0,427000.0,84.0,Forward,29.0,21.0,87.19,91.86,2.27,3.17,2.71,438000.0,60.0,,7.0,2.0,8.0,56.0,89.0,,,False,1808,1457,30.0,5804_NM,98.80000000000001,0,72.0,0,16.0,12.8,11.666666666666666,8.6,6.0,4.266666666666667,2.0,2.466666666666667,0.0,0.0,0.6666666666666666,0.7333333333333333,0.6666666666666666,0.6666666666666666,1.6666666666666667,1.5333333333333334,1.6666666666666667,1.0,2.2600000000000002,1.85,3.1999999999999997,2.695333333333333,2.6966666666666668,2.3333333333333335,8.0,6.066666666666666,1.3333333333333333,1.6,3.3333333333333335,2.2,68.0,70.8,93.33333333333333,89.66666666666667,,,1587.6666666666667,1619.2,1669.6666666666667,1647.8666666666666,88.75,90.4,87.0,105.0,1,pocket,0.3231168053991987
58969,5804,http://live.fanfooty.com.au/game/matchcentre.html?id=5804,EF,2016,220023.0,Nick,Dal Santo,NM,12.0,71.0,109,50.0,63.0,93.0,8.0,21.0,1.0,1.0,0.0,1.0,1.0,0.0,0.0,Full Time,wing,%B among %D... Playing outside midfield,,,456900.0,0.0,472200.0,98.0,Midfielder,15.0,20.0,87.8,89.7,0.62,0.91,1.13,441000.0,81.0,,12.0,6.0,2.0,86.0,92.0,,,False,1808,1457,30.0,5804_NM,98.80000000000001,1,72.0,1,11.0,11.2,17.333333333333332,15.266666666666667,3.6666666666666665,3.6,1.6666666666666667,3.3333333333333335,0.0,0.26666666666666666,0.3333333333333333,0.5333333333333333,0.3333333333333333,0.4,0.6666666666666666,0.2,0.0,0.13333333333333333,0.6333333333333332,0.6626666666666667,0.91,0.9033333333333334,1.1333333333333326,1.1320000000000001,9.0,8.266666666666667,2.3333333333333335,3.066666666666667,1.3333333333333333,1.8666666666666667,81.0,75.86666666666666,90.33333333333333,84.46666666666667,,,1587.6666666666667,1637.8666666666666,1669.6666666666667,1629.4,92.7,98.7,101.2,110.0,1,wing,0.3241998181647119
58973,5804,http://live.fanfooty.com.au/game/matchcentre.html?id=5804,EF,2016,230272.0,Michael,Firrito,NM,8.0,62.0,82,43.0,54.0,72.0,8.0,11.0,5.0,0.0,0.0,1.0,0.0,0.0,0.0,Full Time,job,%M and %P... Standing Jenkins at FB,,,226500.0,0.0,236400.0,52.0,Back,11.0,20.0,45.4,54.2,0.5,0.77,0.93,214000.0,41.0,,7.0,0.0,1.0,89.0,89.0,,,False,1808,1457,30.0,5804_NM,98.80000000000001,0,72.0,1,8.333333333333334,6.866666666666666,8.666666666666666,5.133333333333334,5.0,3.3333333333333335,0.3333333333333333,1.1333333333333333,0.0,0.0,0.6666666666666666,0.6,0.0,0.6666666666666666,0.0,0.0,0.0,0.0,0.5033333333333334,0.43533333333333335,0.7666666666666666,0.722,0.9266666666666667,0.7606666666666667,6.666666666666667,5.133333333333334,0.0,0.0,2.0,2.0,76.66666666666667,71.33333333333333,90.0,89.73333333333333,,,1587.6666666666667,1619.2,1669.6666666666667,1647.8666666666666,56.75,54.6,61.2,69.0,1,job,0.0726309187888242
59073,5807,http://live.fanfooty.com.au/game/matchcentre.html?id=5807,PF,2016,220007.0,Jimmy,Bartel,GE,20.0,88.0,86,108.0,70.0,97.0,14.0,12.0,2.0,2.0,0.0,1.0,0.0,1.0,1.0,Full Time,wing,%D and %M with %T... %s as well... Starting on a HFF,,,0.0,0.0,0.0,160.0,Back,3.0,19.0,87.53,92.05,22.22,18.15,16.37,0.0,112.0,,8.0,0.0,1.0,76.0,87.0,,,False,1794,1471,33.0,5807_GE,99.0,0,77.0,1,11.0,11.8,8.333333333333334,10.2,4.666666666666667,4.8,4.0,4.0,0.0,0.0,1.3333333333333333,1.0,1.0,0.8666666666666667,1.3333333333333333,0.5333333333333333,0.3333333333333333,0.3333333333333333,22.22,20.041999999999998,18.15,17.01066666666667,16.37,17.67,6.0,8.066666666666666,0.0,2.1333333333333333,2.6666666666666665,2.533333333333333,73.0,71.53333333333333,87.33333333333333,87.73333333333333,,,1689.3333333333333,1690.0,1581.3333333333333,1573.8666666666666,91.45,82.5,69.2,79.33333333333333,1,wing,0.2537831892342847
59074,5807,http://live.fanfooty.com.au/game/matchcentre.html?id=5807,PF,2016,200035.0,Corey,Enright,GE,19.0,83.0,99,105.0,67.0,99.0,10.0,16.0,2.0,5.0,0.0,1.0,2.0,0.0,0.0,Full Time,plusone,%D and %M with %T... Loose in defence,,,0.0,0.0,0.0,136.0,Back,44.0,20.0,90.7,102.05,5.9,5.83,4.36,0.0,91.0,,9.0,0.0,4.0,73.0,90.0,,,False,1794,1471,33.0,5807_GE,99.0,1,77.0,1,9.666666666666666,13.666666666666666,9.0,9.066666666666666,3.0,5.466666666666667,4.333333333333333,2.6,0.0,0.06666666666666667,0.3333333333333333,0.4666666666666667,1.3333333333333333,1.0,0.0,0.13333333333333333,0.3333333333333333,0.13333333333333333,5.9,3.5106666666666664,5.83,3.8126666666666664,4.36,3.0300000000000002,7.0,7.533333333333333,1.0,1.3333333333333333,2.6666666666666665,2.466666666666667,73.33333333333333,79.33333333333333,88.0,89.26666666666667,,,1689.3333333333333,1580.3333333333333,1581.3333333333333,1461.6666666666667,92.55,94.1,69.6,82.33333333333333,1,plusone,0.2741796982665654
59133,5808,http://live.fanfooty.com.au/game/matchcentre.html?id=5808,PF,2016,230170.0,Joel,Patfull,WS,7.0,29.0,40,42.0,20.0,33.0,3.0,3.0,0.0,5.0,0.0,0.0,2.0,0.0,0.0,Full Time,job,%P and %T... Responsible for Stringer,,,0.0,0.0,0.0,55.0,Back,24.0,19.0,46.16,48.26,0.6,0.92,0.69,0.0,32.0,,2.0,0.0,2.0,66.0,84.0,,,False,1702,1576,33.0,5808_WS,99.0,0,77.0,0,4.333333333333333,5.733333333333333,4.0,4.8,2.6666666666666665,3.8666666666666667,3.6666666666666665,2.8666666666666667,0.0,0.06666666666666667,0.3333333333333333,0.26666666666666666,0.6666666666666666,1.1333333333333333,0.0,0.0,0.0,0.0,0.6,0.4766666666666666,0.92,0.6986666666666667,0.69,0.5546666666666666,3.3333333333333335,3.533333333333333,0.3333333333333333,0.2,0.6666666666666666,1.7333333333333334,88.66666666666667,85.6,87.0,86.86666666666666,,,1637.3333333333333,1712.9333333333334,1623.6666666666667,1550.0666666666666,50.0,55.4,54.0,49.666666666666664,1,job,0.0340012162300757
59171,5809,http://live.fanfooty.com.au/game/matchcentre.html?id=5809,GF,2016,230140.0,Ben,McGlynn,SY,9.0,61.0,43,83.0,44.0,58.0,7.0,2.0,5.0,5.0,0.0,0.0,0.0,0.0,1.0,Full Time,wing,%D including %K... also %M and %T... and booted %s... Starting forward,,,0.0,0.0,0.0,52.0,Midfielder,21.0,13.0,65.69,65.69,0.15,0.18,0.3,0.0,63.0,,1.0,2.0,1.0,66.0,85.0,,,False,1639,1639,34.0,5809_SY,97.80000000000001,0,73.0,0,9.666666666666666,9.266666666666667,4.666666666666667,4.533333333333333,4.333333333333333,4.066666666666666,5.666666666666667,4.2,0.0,0.0,1.3333333333333333,1.2,1.0,0.8,1.3333333333333333,1.4,1.0,0.6,0.15,0.16066666666666668,0.18,0.17466666666666666,0.3,0.31933333333333336,5.666666666666667,4.466666666666667,1.6666666666666667,1.4,2.3333333333333335,2.2,73.0,72.86666666666666,81.66666666666667,76.8,,,1749.3333333333333,1715.0,1519.6666666666667,1548.1333333333334,67.15,70.7,83.0,82.66666666666667,1,wing,0.0915371637633113
59607,6010,http://live.fanfooty.com.au/game/matchcentre.html?id=6010,R2,2017,280747.0,Ben,Griffiths,RI,3.0,25.0,18,34.0,26.0,34.0,5.0,1.0,4.0,0.0,3.0,1.0,3.0,0.0,1.0,Full Time,concussed,Copped a heavy knock in Q3... Kicked %s from %G and %O... gave away %F,spearhead,Playing a ruck/forward role on Reid,,,,,Forward,24.0,0.0,0.0,0.0,0.0,0.0,0.0,403000.0,,,4.0,1.0,4.0,66.0,49.0,,,True,1611,1646,3.0,6010_RI,98.0,0,73.0,0,4.333333333333333,6.2,2.6666666666666665,4.066666666666666,3.6666666666666665,4.6,2.6666666666666665,2.8,7.0,7.266666666666667,0.6666666666666666,1.0,2.0,1.0,0.0,0.9333333333333333,0.3333333333333333,0.7333333333333333,0.06666666666666667,0.11933333333333333,0.09000000000000001,0.15066666666666664,1.17,2.6593333333333335,3.6666666666666665,5.4,0.6666666666666666,0.8666666666666667,2.6666666666666665,2.1333333333333333,84.66666666666667,73.33333333333333,69.66666666666667,76.0,,,1725.0,1658.8,1545.0,1588.5333333333333,60.85,61.6,61.4,45.0,1,concussed,0.04847984812845292
59779,6014,http://live.fanfooty.com.au/game/matchcentre.html?id=6014,R2,2017,290810.0,Jack,Frost,BL,1.0,22.0,40,27.0,18.0,24.0,2.0,4.0,1.0,1.0,0.0,1.0,0.0,0.0,0.0,Full Time,job,Manning Hooker... %O,,,,,,,Back,45.0,0.0,0.0,0.0,0.0,0.0,0.0,273000.0,,,4.0,0.0,0.0,66.0,82.0,,,False,1702,1558,3.0,6014_BL,98.0,0,73.0,0,3.0,4.2,4.0,4.733333333333333,1.6666666666666667,2.8,2.0,2.6,0.0,0.0,0.6666666666666666,0.3333333333333333,0.6666666666666666,0.3333333333333333,0.0,0.0,0.0,0.0,1.7466666666666668,1.532,1.2999999999999998,1.6026666666666667,1.9800000000000002,2.344666666666667,3.0,3.3333333333333335,0.0,0.06666666666666667,0.6666666666666666,0.8666666666666667,79.0,85.66666666666667,86.0,87.8,,,1522.6666666666667,1597.3333333333333,1750.0,1677.4666666666667,54.5,53.5,47.0,38.0,1,job,0.04387522872433255
59972,6018,http://live.fanfooty.com.au/game/matchcentre.html?id=6018,R2,2017,240552.0,Zac,Dawson,FR,2.0,22.0,28,25.0,17.0,21.0,1.0,2.0,2.0,2.0,0.0,1.0,0.0,0.0,0.0,Full Time,job,%D and %M with %T... Standing Dixon,,,,,,,Back,3.0,0.0,0.0,0.0,0.0,0.0,0.0,199000.0,,,3.0,0.0,0.0,66.0,89.0,,,False,1864,1423,3.0,6018_FR,98.0,0,73.0,0,1.3333333333333333,2.3333333333333335,2.0,5.8,0.6666666666666666,2.4,3.0,2.1333333333333333,0.0,0.8,1.0,0.8666666666666667,1.0,1.5333333333333334,0.0,0.0,0.0,0.0,0.63,1.5113333333333332,0.3566666666666667,0.8426666666666666,0.7566666666666667,1.7806666666666666,2.6666666666666665,4.4,0.3333333333333333,0.13333333333333333,1.0,2.3333333333333335,88.66666666666667,83.06666666666666,82.66666666666667,92.73333333333333,,,1575.6666666666667,1565.9333333333334,1690.6666666666667,1694.6666666666667,46.55,48.4,37.8,31.0,1,job,0.027720310860412028
60116,6022,http://live.fanfooty.com.au/game/matchcentre.html?id=6022,R3,2017,291473.0,Tom,Ruggles,GE,8.0,55.0,50,72.0,46.0,66.0,11.0,6.0,4.0,1.0,0.0,0.0,2.0,0.0,0.0,Full Time,job,%M and %O... Rotating on Kent and Garlett,,,,,,,Back,36.0,0.0,0.0,0.0,0.0,0.0,0.0,,,,3.0,0.0,3.0,64.0,80.0,,,False,1660,1627,4.0,6022_GE,99.0,0,73.0,0,9.333333333333334,9.466666666666667,7.666666666666667,5.8,2.3333333333333335,4.0,2.3333333333333335,2.2,0.0,0.13333333333333333,1.3333333333333333,1.1333333333333333,1.0,0.6666666666666666,0.0,0.0,0.0,0.06666666666666667,0.0,13.944666666666668,0.0,11.388666666666667,0.0,11.878000000000002,5.666666666666667,5.133333333333334,0.3333333333333333,0.7333333333333333,2.6666666666666665,1.9333333333333333,68.66666666666667,64.93333333333334,79.33333333333333,71.6,,,1631.3333333333333,1586.6,1632.6666666666667,1455.6,61.25,59.6,59.8,61.333333333333336,1,job,0.08811160952742524
60293,6026,http://live.fanfooty.com.au/game/matchcentre.html?id=6026,R3,2017,261231.0,Rhys,Palmer,CA,5.0,42.0,39,56.0,38.0,54.0,6.0,6.0,4.0,2.0,0.0,1.0,3.0,0.0,0.0,Full Time,in,Late inclusion for Charlie Curnow... %P and %M plus %T... conceded %F,,,,,,,Forward,24.0,0.0,0.0,0.0,0.0,0.0,0.0,,,,5.0,0.0,6.0,75.0,69.0,,,False,1514,1741,4.0,6026_CA,99.0,0,73.0,0,7.0,8.4,5.666666666666667,6.533333333333333,5.0,4.666666666666667,2.3333333333333335,2.3333333333333335,0.0,0.0,1.0,0.8,2.0,0.8666666666666667,0.0,0.9333333333333333,0.0,0.6,0.06666666666666667,0.9306666666666668,0.10333333333333333,0.12066666666666667,0.11333333333333333,0.162,4.333333333333333,5.8,0.0,0.6,4.333333333333333,2.6666666666666665,65.66666666666667,67.46666666666667,77.0,76.26666666666667,,,1599.6666666666667,1719.6666666666667,1664.0,1553.5333333333333,63.45,59.5,38.6,39.666666666666664,1,in,0.019797104635799135
60639,6034,http://live.fanfooty.com.au/game/matchcentre.html?id=6034,R4,2017,250212.0,Jesse,White,CO,8.0,24.0,38,29.0,25.0,33.0,3.0,3.0,2.0,0.0,2.0,0.0,2.0,1.0,1.0,Full Time,spearhead,%s from %O and %M... Playing forward,,,424200.0,0.0,379200.0,106.0,Forward,9.0,3.0,73.67,61.33,0.17,0.21,0.25,429000.0,70.0,,4.0,0.0,2.0,66.0,84.0,,,False,1718,1554,5.0,6034_CO,95.0,0,73.0,0,7.0,9.333333333333334,3.6666666666666665,3.4,3.6666666666666665,5.133333333333334,1.3333333333333333,1.9333333333333333,3.6666666666666665,3.533333333333333,0.6666666666666666,0.8666666666666667,1.6666666666666667,1.0,1.3333333333333333,1.4,1.3333333333333333,1.3333333333333333,0.05666666666666667,0.12466666666666666,0.06999999999999999,0.15533333333333335,0.08333333333333333,0.11800000000000001,5.0,5.533333333333333,1.0,0.8,2.6666666666666665,2.0,66.0,66.4,81.33333333333333,83.6,,,1630.6666666666667,1656.2,1634.3333333333333,1604.5333333333333,70.0,68.5,59.8,51.0,1,spearhead,0.1266555167872729
61255,6048,http://live.fanfooty.com.au/game/matchcentre.html?id=6048,R6,2017,270899.0,Jeremy,Laidler,SY,4.0,51.0,72,44.0,40.0,57.0,5.0,9.0,2.0,3.0,0.0,0.0,0.0,0.0,0.0,Full Time,plusone,%O and %M plus %T... Seventh defender,,,269200.0,0.0,316000.0,47.0,Back,11.0,2.0,62.5,69.0,0.38,0.24,0.43,292000.0,32.0,,7.0,0.0,1.0,85.0,75.0,,,False,1755,1529,7.0,6048_SY,98.0,0,72.0,1,7.0,5.866666666666666,7.333333333333333,6.866666666666666,3.3333333333333335,2.8,3.0,2.4,0.0,0.0,0.6666666666666666,0.6,0.6666666666666666,0.4,0.3333333333333333,0.06666666666666667,0.3333333333333333,0.06666666666666667,0.12666666666666668,0.46199999999999997,0.08,0.5346666666666666,0.14333333333333334,0.41466666666666663,4.666666666666667,4.733333333333333,0.3333333333333333,0.3333333333333333,1.3333333333333333,1.7333333333333334,75.66666666666667,77.13333333333334,77.0,74.6,,,1534.6666666666667,1656.0666666666666,1746.0,1608.1333333333334,61.15,54.9,64.4,70.0,1,plusone,0.07452266091304603
61516,6054,http://live.fanfooty.com.au/game/matchcentre.html?id=6054,R6,2017,260433.0,Steven,Morris,RI,13.0,49.0,40,47.0,32.0,45.0,5.0,3.0,1.0,6.0,0.0,1.0,0.0,0.0,0.0,Full Time,guard,%O and %T... Playing small defender,,,243900.0,0.0,292400.0,57.0,Back,38.0,0.0,0.0,0.0,0.1,0.12,0.21,233000.0,40.0,,3.0,0.0,5.0,62.0,76.0,,,False,1881,1380,7.0,6054_RI,98.0,0,72.0,0,8.0,4.866666666666666,5.666666666666667,5.866666666666666,2.3333333333333335,1.8666666666666667,3.6666666666666665,3.3333333333333335,0.0,0.0,1.0,1.0,0.3333333333333333,0.7333333333333333,0.3333333333333333,0.2,0.0,0.13333333333333333,0.5866666666666667,0.436,0.5133333333333333,0.97,0.9833333333333334,1.1300000000000001,5.666666666666667,4.666666666666667,0.3333333333333333,0.26666666666666666,3.0,1.8,80.0,76.8,80.33333333333333,81.46666666666667,,,1624.6666666666667,1671.9333333333334,1645.6666666666667,1580.7333333333333,51.8,56.7,68.0,71.33333333333333,1,guard,0.05636717235317715
62140,6069,http://live.fanfooty.com.au/game/matchcentre.html?id=6069,R8,2017,293154.0,Troy,Menzel,AD,5.0,52.0,46,69.0,41.0,55.0,7.0,4.0,4.0,3.0,0.0,1.0,1.0,0.0,1.0,Full Time,wing,%s from %P and %M plus %T... Rotating between forward and wing,,,220800.0,0.0,211900.0,35.0,Forward,32.0,3.0,53.33,56.67,1.23,1.88,2.32,246000.0,32.0,,4.0,0.0,3.0,72.0,61.0,,,False,1736,1535,9.0,6069_AD,99.0,0,74.0,0,5.0,5.866666666666666,3.0,3.2,2.3333333333333335,2.933333333333333,3.3333333333333335,2.1333333333333333,0.0,0.0,0.6666666666666666,0.8666666666666667,0.3333333333333333,0.4,1.0,0.8666666666666667,1.0,0.5333333333333333,1.2100000000000002,1.2246666666666668,1.9333333333333333,1.9746666666666666,2.2433333333333336,5.013333333333333,3.3333333333333335,4.0,0.6666666666666666,0.3333333333333333,1.3333333333333333,1.0666666666666667,75.66666666666667,73.2,70.0,65.26666666666667,,,1691.0,1619.6666666666667,1586.0,1652.0,48.45,46.8,53.2,45.0,1,wing,0.03218783667533633
62182,6070,http://live.fanfooty.com.au/game/matchcentre.html?id=6070,R8,2017,291437.0,Jake,Batchelor,RI,8.0,46.0,47,61.0,33.0,45.0,5.0,4.0,2.0,4.0,0.0,1.0,0.0,0.0,0.0,Full Time,job,%P and %M plus %T... Following Taberner,,,223900.0,0.0,221700.0,43.0,Back,11.0,0.0,0.0,0.0,0.26,0.49,0.05,295000.0,52.0,,3.0,0.0,1.0,55.0,75.0,,,False,1771,1492,9.0,6070_RI,99.0,0,74.0,0,7.333333333333333,8.466666666666667,4.0,4.733333333333333,3.0,4.6,1.3333333333333333,1.7333333333333334,0.0,0.06666666666666667,0.3333333333333333,0.4666666666666667,0.3333333333333333,0.6666666666666666,0.0,0.0,0.3333333333333333,0.06666666666666667,0.24000000000000002,0.52,0.49,0.792,0.15666666666666665,2.0946666666666665,3.0,3.6,0.0,0.13333333333333333,1.3333333333333333,1.6666666666666667,64.66666666666667,74.6,79.0,74.93333333333334,,,1593.0,1671.4666666666667,1682.3333333333333,1589.6,53.7,51.4,47.8,44.333333333333336,1,job,0.04525924330477551
62485,6077,http://live.fanfooty.com.au/game/matchcentre.html?id=6077,R9,2017,294291.0,Henry,Schade,CO,5.0,52.0,59,66.0,43.0,57.0,5.0,7.0,5.0,2.0,0.0,0.0,0.0,0.0,0.0,Full Time,witcheshat,%O and %M plus %T,job,Minding Sicily,298900.0,0.0,334800.0,69.0,Back,41.0,7.0,53.43,63.67,0.31,0.57,0.48,302000.0,62.0,,3.0,0.0,0.0,91.0,86.0,,,False,1515,1753,10.0,6077_CO,96.0,0,74.0,0,6.0,6.533333333333333,7.666666666666667,6.2,5.666666666666667,4.866666666666666,1.0,1.3333333333333333,0.0,0.0,0.0,0.5333333333333333,1.0,0.6,0.0,0.06666666666666667,0.0,0.0,0.38666666666666666,0.42133333333333334,0.6099999999999998,0.418,0.5299999999999999,0.8520000000000001,5.333333333333333,4.333333333333333,0.3333333333333333,0.4,1.6666666666666667,1.5333333333333334,79.66666666666667,82.73333333333333,87.33333333333333,88.0,,,1651.3333333333333,1523.8,1599.6666666666667,1734.8,56.85,59.5,67.2,65.0,1,witcheshat,0.032608230496492654
62883,6086,http://live.fanfooty.com.au/game/matchcentre.html?id=6086,R10,2017,250268.0,Garrick,Ibbotson,FR,8.0,63.0,56,36.0,50.0,66.0,11.0,6.0,4.0,1.0,0.0,2.0,0.0,0.0,0.0,Full Time,job,%M and %O,,,314200.0,0.0,326500.0,83.0,Back,5.0,9.0,53.89,62.44,0.3,0.27,0.33,320000.0,67.0,,7.0,0.0,6.0,64.0,87.0,,,False,1980,1307,11.0,6086_FR,96.80000000000001,0,73.0,0,10.333333333333334,10.533333333333333,4.0,5.466666666666667,5.0,5.0,0.6666666666666666,1.5333333333333334,0.0,0.06666666666666667,1.6666666666666667,0.8,0.3333333333333333,0.4,0.0,0.0,0.0,0.13333333333333333,0.3033333333333333,0.2313333333333333,0.27,0.23866666666666667,0.33333333333333276,0.39133333333333337,5.333333333333333,5.066666666666666,0.0,0.4,3.0,2.066666666666667,79.66666666666667,79.06666666666666,86.66666666666667,89.46666666666667,,,1588.0,1551.2,1695.6666666666667,1720.3333333333333,63.95,69.9,60.8,61.666666666666664,1,job,0.0864431635195001
63060,6090,http://live.fanfooty.com.au/game/matchcentre.html?id=6090,R11,2017,270941.0,Tyrone,Vickery,HW,5.0,64.0,68,48.0,50.0,59.0,8.0,3.0,2.0,3.0,9.0,5.0,0.0,0.0,2.0,Full Time,spearhead,%s from %O and %M plus %T... helped out by %4FF... Playing a ruck/forward role on Clurey,,,280000.0,0.0,259800.0,57.0,Forward,27.0,5.0,52.8,50.4,0.36,0.56,0.57,295000.0,58.0,,6.0,3.0,0.0,81.0,67.0,,,False,1854,1418,12.0,6090_HW,98.0,0,73.0,0,6.0,5.4,4.333333333333333,3.8666666666666667,3.0,3.7333333333333334,1.6666666666666667,2.1333333333333333,9.666666666666666,4.6,2.0,0.9333333333333333,0.3333333333333333,0.8,0.3333333333333333,1.0666666666666667,1.0,0.8,0.3666666666666667,0.302,0.57,0.35200000000000004,0.5433333333333333,0.38466666666666666,5.333333333333333,4.333333333333333,1.6666666666666667,0.8,0.6666666666666666,1.1333333333333333,69.0,70.86666666666666,71.33333333333333,73.86666666666666,,,1560.0,1613.3333333333333,1711.0,1654.6,59.05,56.6,50.0,54.666666666666664,1,spearhead,0.08264127860439636
63150,6092,http://live.fanfooty.com.au/game/matchcentre.html?id=6092,R11,2017,240159.0,Sam,Butler,WC,4.0,50.0,57,32.0,40.0,54.0,8.0,5.0,4.0,1.0,0.0,0.0,0.0,0.0,0.0,Full Time,guard,%M and %P... Playing small defender,,,314400.0,0.0,308300.0,60.0,Back,26.0,7.0,61.43,64.0,0.3,0.24,0.46,333000.0,69.0,,4.0,0.0,2.0,84.0,84.0,,,False,1768,1474,12.0,6092_WC,98.0,0,73.0,0,9.0,8.266666666666667,7.333333333333333,6.666666666666667,4.0,3.8666666666666667,1.0,2.2,0.0,0.0,0.0,0.2,0.0,0.3333333333333333,0.0,0.0,0.0,0.0,0.3033333333333333,0.21066666666666664,0.24,0.22133333333333333,0.45,0.3313333333333333,3.0,3.8666666666666667,0.3333333333333333,0.26666666666666666,2.0,1.3333333333333333,86.0,82.53333333333333,82.0,83.4,,,1481.3333333333333,1596.2666666666667,1772.0,1665.7333333333333,61.9,65.2,55.6,59.333333333333336,1,guard,0.09234540146692999
63185,6093,http://live.fanfooty.com.au/game/matchcentre.html?id=6093,R11,2017,240027.0,Brent,Stanton,ES,16.0,72.0,63,60.0,50.0,69.0,10.0,2.0,4.0,7.0,0.0,1.0,1.0,0.0,0.0,Full Time,plusone,%P including %K... also %T and %M... Seventh defender,,,438500.0,0.0,376300.0,118.0,Midfielder,5.0,6.0,72.17,63.5,0.18,0.15,0.14,449000.0,121.0,,3.0,0.0,3.0,83.0,86.0,,,False,1758,1494,12.0,6093_ES,98.0,0,73.0,0,8.666666666666666,15.8,4.666666666666667,7.733333333333333,3.3333333333333335,5.866666666666666,3.6666666666666665,3.3333333333333335,0.0,0.0,0.3333333333333333,0.6666666666666666,0.3333333333333333,0.2,0.0,0.4,0.3333333333333333,0.3333333333333333,0.3166666666666673,0.336,0.19333333333333333,0.4586666666666667,0.23333333333333342,0.6666666666666666,3.6666666666666665,5.266666666666667,1.3333333333333333,1.4666666666666666,2.6666666666666665,2.3333333333333335,74.0,73.2,79.66666666666667,79.0,,,1554.3333333333333,1598.7333333333333,1707.0,1661.9333333333334,91.45,75.7,64.4,55.333333333333336,1,plusone,0.20950986670984087
63391,6098,http://live.fanfooty.com.au/game/matchcentre.html?id=6098,R12,2017,250715.0,Josh,Gibson,HW,1.0,18.0,28,20.0,18.0,27.0,2.0,7.0,0.0,0.0,0.0,1.0,1.0,0.0,0.0,Full Time,injured,Right groin soreness in Q2... did not reappear after 3QT... %P including %B,job,At CHB on Wright,315400.0,0.0,309900.0,33.0,Back,6.0,11.0,56.82,58.91,0.86,1.36,2.09,327000.0,57.0,,2.0,0.0,1.0,100.0,66.0,,,True,1743,1500,13.0,6098_HW,98.0,0,74.0,0,7.0,7.466666666666667,7.0,8.8,4.666666666666667,4.2,2.0,1.7333333333333334,0.0,0.0,0.3333333333333333,0.7333333333333333,0.6666666666666666,1.0,0.0,0.0,0.0,0.0,0.79,4.862666666666667,1.3233333333333335,7.437333333333334,1.96,4.790666666666667,2.3333333333333335,3.6666666666666665,0.0,0.13333333333333333,1.0,2.1333333333333333,91.33333333333333,80.4,87.0,94.73333333333333,,,1555.0,1578.9333333333334,1707.6666666666667,1683.2666666666667,65.45,60.3,61.8,59.333333333333336,1,injured,0.10184813318757226
63431,6099,http://live.fanfooty.com.au/game/matchcentre.html?id=6099,R12,2017,281048.0,Ryan,Harwood,BL,9.0,53.0,65,69.0,40.0,54.0,5.0,6.0,3.0,4.0,0.0,1.0,0.0,0.0,0.0,Full Time,wing,%D and %M with %T... Playing small forward today,,,336300.0,0.0,296300.0,33.0,Back,2.0,7.0,54.57,50.57,0.16,0.11,0.15,323000.0,47.0,,4.0,0.0,0.0,90.0,67.0,,,False,1393,1905,13.0,6099_BL,98.0,0,74.0,0,7.333333333333333,7.133333333333334,6.0,6.6,4.333333333333333,4.066666666666666,3.6666666666666665,3.2,0.0,0.0,0.3333333333333333,0.4666666666666667,0.0,0.8,0.0,0.0,0.0,0.0,0.16666666666666666,2.7060000000000004,0.09666666666666668,0.7,0.15666666666666668,5.559333333333333,4.0,4.6,0.3333333333333333,0.4666666666666667,0.3333333333333333,1.7333333333333334,80.33333333333333,79.26666666666667,73.66666666666667,71.93333333333334,,,1630.0,1527.5333333333333,1643.6666666666667,1735.4666666666667,57.7,54.7,63.0,69.0,1,wing,0.06078177543695863
63494,6100,http://live.fanfooty.com.au/game/matchcentre.html?id=6100,R12,2017,293042.0,Jimmy,Toumpas,PA,4.0,52.0,46,33.0,39.0,57.0,9.0,5.0,2.0,3.0,0.0,0.0,1.0,0.0,0.0,Full Time,wing,%P and %M plus %T... Playing an outside game,,,368500.0,0.0,339400.0,79.0,Midfielder,18.0,1.0,98.0,61.0,0.13,0.1,0.59,352000.0,46.0,,3.0,0.0,1.0,85.0,54.0,,,False,1855,1411,13.0,6100_PA,98.0,0,74.0,0,11.666666666666666,8.466666666666667,4.666666666666667,8.666666666666666,3.3333333333333335,3.1333333333333333,1.6666666666666667,3.3333333333333335,0.0,0.0,0.3333333333333333,0.3333333333333333,0.3333333333333333,0.5333333333333333,0.3333333333333333,0.2,0.3333333333333333,0.2,0.16,3.936,0.25,0.5820000000000001,0.36999999999999994,1.0973333333333335,2.3333333333333335,4.866666666666666,0.0,1.4666666666666666,2.3333333333333335,2.2,75.66666666666667,75.73333333333333,60.333333333333336,68.26666666666667,,,1612.6666666666667,1606.4666666666667,1651.3333333333333,1653.2,55.75,60.6,53.8,48.333333333333336,1,wing,0.060454560866323025
63740,6106,http://live.fanfooty.com.au/game/matchcentre.html?id=6106,R13,2017,294618.0,Marco,Paparone,BL,13.0,80.0,82,49.0,62.0,81.0,14.0,4.0,7.0,2.0,0.0,1.0,0.0,0.0,0.0,Full Time,job,%P with %k by foot... also %M and %T... Zoning off Trengove,,,296800.0,0.0,290200.0,72.0,Back,22.0,5.0,66.4,58.6,1.65,0.32,0.66,358000.0,70.0,,6.0,1.0,1.0,61.0,90.0,,,False,1732,1539,14.0,6106_BL,99.20000000000005,0,72.5,1,13.0,10.866666666666667,4.0,6.333333333333333,7.333333333333333,5.2,1.0,1.2666666666666666,0.0,0.0,1.0,0.4666666666666667,0.0,0.6,0.0,0.0,0.0,0.13333333333333333,1.843333333333333,0.9186666666666667,0.3666666666666667,1.4773333333333334,0.7433333333333333,0.8846666666666667,3.3333333333333335,3.933333333333333,0.3333333333333333,0.7333333333333333,1.0,1.9333333333333333,69.0,70.46666666666667,84.33333333333333,87.06666666666666,,,1587.3333333333333,1556.4,1690.6666666666667,1714.4,66.75,59.9,56.0,60.0,1,job,0.10873267059178539
64073,6114,http://live.fanfooty.com.au/game/matchcentre.html?id=6114,R14,2017,261209.0,Josh,Hill,WC,14.0,57.0,60,73.0,42.0,54.0,5.0,3.0,1.0,5.0,0.0,1.0,0.0,2.0,0.0,Full Time,pocket,%s from %O and %T... Starting in a FP,,,303200.0,0.0,299600.0,46.0,Forward,33.0,10.0,60.6,63.7,0.32,0.3,0.36,322000.0,62.0,,3.0,0.0,2.0,75.0,66.0,,,False,1682,1603,15.0,6114_WC,98.0,0,74.0,0,6.0,6.333333333333333,6.0,4.533333333333333,3.0,2.8,3.0,2.7333333333333334,0.0,0.0,0.3333333333333333,0.7333333333333333,0.0,0.26666666666666666,1.3333333333333333,1.3333333333333333,0.0,0.6666666666666666,0.32,0.26466666666666666,0.27999999999999997,0.2853333333333333,0.38000000000000006,0.34400000000000003,4.333333333333333,4.066666666666666,0.3333333333333333,0.6666666666666666,2.0,1.4,64.66666666666667,66.93333333333334,73.0,77.73333333333333,,,1570.3333333333333,1645.7333333333333,1695.3333333333333,1622.4,57.9,63.6,57.8,62.666666666666664,1,pocket,0.05809598006330659
64637,6127,http://live.fanfooty.com.au/game/matchcentre.html?id=6127,R16,2017,210016.0,Scott,Thompson,AD,8.0,33.0,45,49.0,28.0,48.0,5.0,5.0,1.0,5.0,0.0,0.0,5.0,0.0,0.0,Full Time,shovel,%D and %T... not helped by %F... Matched up on Liberatore,,,567700.0,0.0,479300.0,95.0,Midfielder,5.0,0.0,0.0,0.0,0.14,0.13,0.08,578000.0,110.0,,5.0,1.0,5.0,80.0,72.0,,,False,1429,1832,17.0,6127_AD,99.0,0,73.0,0,10.333333333333334,10.933333333333334,7.666666666666667,10.666666666666666,3.0,3.066666666666667,7.333333333333333,7.333333333333333,0.0,0.06666666666666667,1.0,1.3333333333333333,2.0,1.2666666666666666,0.3333333333333333,0.13333333333333333,0.0,0.13333333333333333,1.4466666666666665,2.1559999999999997,0.8233333333333333,1.032,1.4133333333333333,2.2733333333333334,10.333333333333334,10.133333333333333,4.666666666666667,5.333333333333333,5.0,3.6,63.666666666666664,67.0,74.0,75.66666666666667,,,1696.3333333333333,1707.0666666666666,1567.0,1549.0666666666666,82.75,83.8,81.0,71.66666666666667,1,shovel,0.24283043170942967
64785,6130,http://live.fanfooty.com.au/game/matchcentre.html?id=6130,R16,2017,280497.0,Ryan,Davis,GC,5.0,56.0,63,34.0,44.0,60.0,10.0,4.0,4.0,2.0,0.0,1.0,1.0,0.0,0.0,Full Time,job,%P including %K... also %M and %T,,,372400.0,0.0,351600.0,95.0,Forward,39.0,1.0,60.0,57.0,0.03,0.03,0.03,375000.0,77.0,,5.0,0.0,3.0,78.0,72.0,,,False,1785,1491,17.0,6130_GC,99.0,0,73.0,0,6.666666666666667,8.666666666666666,3.3333333333333335,4.4,3.0,2.8666666666666667,2.0,3.8666666666666667,0.0,0.0,1.6666666666666667,1.0666666666666667,0.3333333333333333,0.5333333333333333,0.0,0.8,0.0,0.7333333333333333,4.583333333333333,19.634666666666668,3.7100000000000004,15.603333333333332,5.746666666666667,19.679333333333332,4.666666666666667,5.2,1.0,1.0,1.0,1.9333333333333333,86.0,72.0,60.666666666666664,74.26666666666667,,,1648.3333333333333,1557.4,1624.0,1702.0666666666666,63.1,68.5,56.2,51.0,1,job,0.07766418868402895
64830,6131,http://live.fanfooty.com.au/game/matchcentre.html?id=6131,R16,2017,280822.0,Taylor,Hunt,RI,3.0,33.0,53,28.0,28.0,39.0,3.0,7.0,2.0,1.0,0.0,0.0,0.0,0.0,0.0,Full Time,wing,%M and %D... Playing an outside role... On Billings,,,420500.0,0.0,378000.0,175.0,Back,28.0,1.0,16.0,25.0,0.11,0.21,3.91,399000.0,121.0,,5.0,0.0,1.0,90.0,86.0,,,False,1928,1350,17.0,6131_RI,99.0,0,73.0,0,8.333333333333334,9.733333333333333,10.0,9.066666666666666,5.0,6.0,1.6666666666666667,1.8666666666666667,0.0,0.0,0.0,0.26666666666666666,0.0,0.4666666666666667,0.0,0.06666666666666667,0.0,0.0,0.16333333333333333,0.16533333333333333,0.3933333333333333,0.43333333333333335,3.6500000000000004,3.5533333333333332,4.666666666666667,4.533333333333333,0.6666666666666666,0.6666666666666666,0.3333333333333333,1.4666666666666666,88.0,85.6,82.33333333333333,84.26666666666667,,,1407.0,1605.2,1872.6666666666667,1666.7333333333333,67.7,73.2,68.6,76.66666666666667,1,wing,0.1049765722895586
65195,6140,http://live.fanfooty.com.au/game/matchcentre.html?id=6140,R17,2017,280726.0,Tendai,Mzungu,WS,1.0,32.0,28,39.0,26.0,34.0,4.0,5.0,1.0,1.0,0.0,2.0,0.0,0.0,1.0,Full Time,in,%l Jeremy Cameron... %O and %s,wing,Playing an outside game,300000.0,0.0,245800.0,40.0,Back,25.0,2.0,48.5,53.0,0.31,0.9,0.32,314000.0,66.0,,3.0,1.0,1.0,66.0,78.0,,,False,1692,1587,18.0,6140_WS,98.0,0,76.0,0,6.666666666666667,8.133333333333333,9.333333333333334,7.733333333333333,3.0,3.4,4.0,4.0,0.0,0.0,1.0,0.9333333333333333,0.3333333333333333,0.9333333333333333,0.3333333333333333,0.2,0.6666666666666666,0.26666666666666666,0.2833333333333334,0.862,0.7166666666666668,0.32133333333333336,0.33666666666666667,0.2986666666666667,5.666666666666667,5.0,2.0,1.1333333333333333,1.6666666666666667,2.3333333333333335,69.0,69.8,78.0,81.8,,,1587.6666666666667,1593.8666666666666,1689.0,1667.7333333333333,63.65,61.1,55.2,58.333333333333336,1,in,0.021384136880496625
65320,6143,http://live.fanfooty.com.au/game/matchcentre.html?id=6143,R17,2017,271433.0,Alex,Silvagni,CA,15.0,54.0,62,75.0,40.0,54.0,4.0,3.0,5.0,6.0,0.0,0.0,1.0,0.0,0.0,Full Time,injured,Left knee injury midway through the fourth... %O and %M plus %T,job,Spending time on Stringer,330600.0,0.0,344300.0,114.0,Back,44.0,6.0,58.83,68.67,0.21,0.77,0.5,332000.0,90.0,,4.0,0.0,1.0,100.0,60.0,,,True,1750,1536,18.0,6143_CA,98.0,0,76.0,0,5.666666666666667,7.0,2.3333333333333335,4.4,2.6666666666666665,4.866666666666666,4.666666666666667,3.3333333333333335,0.0,0.0,1.0,1.0666666666666667,0.6666666666666666,1.4,0.0,0.0,0.0,0.0,0.28333333333333327,1.1566666666666667,1.24,0.8586666666666666,0.6866666666666665,0.7,4.333333333333333,5.0,0.3333333333333333,0.06666666666666667,2.0,2.6666666666666665,58.666666666666664,76.73333333333333,53.666666666666664,81.2,,,1615.3333333333333,1616.8,1642.0,1647.5333333333333,58.35,66.4,62.6,51.0,1,injured,0.06435406796709112
65326,6143,http://live.fanfooty.com.au/game/matchcentre.html?id=6143,R17,2017,293662.0,Liam,Sumner,CA,1.0,16.0,26,21.0,14.0,21.0,4.0,2.0,1.0,0.0,0.0,0.0,1.0,0.0,0.0,Full Time,in,%l Dale Thomas... %D,pocket,,250700.0,0.0,229000.0,79.0,Forward,19.0,3.0,34.67,28.0,0.13,0.16,0.05,247000.0,68.0,,3.0,0.0,1.0,100.0,69.0,,,False,1750,1536,18.0,6143_CA,98.0,0,76.0,0,4.333333333333333,5.266666666666667,2.0,3.3333333333333335,1.3333333333333333,2.1333333333333333,1.0,2.2,0.0,0.0,0.0,0.8666666666666667,1.0,0.3333333333333333,0.3333333333333333,0.3333333333333333,0.3333333333333333,0.3333333333333333,0.1366666666666667,3.798666666666667,0.16,3.0253333333333337,0.05,11.981333333333334,2.0,3.3333333333333335,0.0,0.3333333333333333,1.6666666666666667,1.2666666666666666,63.666666666666664,70.13333333333334,69.66666666666667,71.73333333333333,,,1632.3333333333333,1592.2666666666667,1641.0,1673.8666666666666,43.7,40.3,32.4,27.666666666666668,1,in,0.006179002926107567
65590,6149,http://live.fanfooty.com.au/game/matchcentre.html?id=6149,R18,2017,220075.0,Leigh,Montagna,SK,14.0,87.0,91,60.0,68.0,90.0,13.0,8.0,6.0,3.0,0.0,2.0,0.0,0.0,0.0,Full Time,injured,Right hamstring pulled in Q3... %O and %M plus %T,guard,Playing a half back role,533700.0,0.0,437900.0,99.0,Back,11.0,15.0,98.33,89.4,5.2,2.3,4.22,547000.0,113.0,,6.0,0.0,2.0,71.0,51.0,,,True,1681,1593,19.0,6149_SK,96.80000000000001,0,75.0,1,13.333333333333334,14.866666666666667,10.333333333333334,10.4,6.0,6.2,2.6666666666666665,3.7333333333333334,0.0,0.0,1.0,0.7333333333333333,0.0,0.8666666666666667,0.6666666666666666,0.26666666666666666,0.0,0.06666666666666667,4.633333333333333,2.5133333333333336,2.2399999999999998,1.47,4.010000000000001,2.850666666666667,4.333333333333333,4.933333333333334,0.3333333333333333,0.8666666666666667,3.0,2.8666666666666667,71.66666666666667,78.06666666666666,76.0,85.33333333333333,,,1651.6666666666667,1663.8666666666666,1618.3333333333333,1599.6666666666667,93.05,85.3,84.4,84.33333333333333,1,injured,0.34036513346212405
65624,6150,http://live.fanfooty.com.au/game/matchcentre.html?id=6150,R18,2017,240266.0,Lee,Spurr,FR,3.0,43.0,58,55.0,34.0,45.0,7.0,4.0,3.0,1.0,0.0,1.0,0.0,0.0,0.0,Full Time,cold,Just the one touch in the first term... %M and %D,guard,On Breust,398700.0,0.0,373700.0,69.0,Back,34.0,15.0,72.8,73.13,1.32,0.73,1.24,397000.0,61.0,,3.0,1.0,0.0,90.0,82.0,,,False,1794,1454,19.0,6150_FR,96.80000000000001,0,75.0,0,10.333333333333334,11.2,5.333333333333333,6.066666666666666,5.0,5.133333333333334,3.0,2.2,0.0,0.0,1.3333333333333333,0.7333333333333333,0.3333333333333333,0.8,0.0,0.0,0.0,0.0,1.1933333333333334,0.8473333333333334,0.7000000000000001,0.5666666666666667,1.1933333333333334,0.8906666666666667,4.333333333333333,4.333333333333333,0.6666666666666666,0.4666666666666667,1.6666666666666667,2.1333333333333333,84.33333333333333,84.0,88.0,88.8,,,1534.3333333333333,1551.9333333333334,1722.6666666666667,1724.2666666666667,74.1,69.3,71.6,70.66666666666667,1,cold,0.16225442626874656
65927,6157,http://live.fanfooty.com.au/game/matchcentre.html?id=6157,R19,2017,240389.0,Matt,White,PA,3.0,41.0,35,53.0,31.0,42.0,4.0,5.0,2.0,3.0,0.0,1.0,0.0,0.0,0.0,Full Time,wing,%O and %M plus %T... Providing drive from the wing,,,289000.0,0.0,277600.0,55.0,Midfielder,19.0,6.0,59.33,64.5,3.3,6.56,1.31,325000.0,86.0,,3.0,0.0,1.0,55.0,74.0,,,False,1717,1549,20.0,6157_PA,98.0,0,74.0,0,6.666666666666667,8.6,4.666666666666667,3.6666666666666665,1.3333333333333333,2.933333333333333,2.0,2.6666666666666665,0.0,0.0,0.6666666666666666,0.8666666666666667,0.6666666666666666,0.8666666666666667,0.3333333333333333,0.7333333333333333,0.0,0.5333333333333333,3.4933333333333336,3.525333333333333,6.82,2.4873333333333334,1.4033333333333333,1.01,4.0,3.933333333333333,0.3333333333333333,0.8666666666666667,1.6666666666666667,2.1333333333333333,68.33333333333333,71.06666666666666,73.0,72.26666666666667,,,1630.3333333333333,1648.5333333333333,1647.0,1626.8,58.45,60.2,52.0,48.666666666666664,1,wing,0.061350332609479176
65965,6158,http://live.fanfooty.com.au/game/matchcentre.html?id=6158,R19,2017,270637.0,Simon,White,CA,5.0,46.0,51,61.0,37.0,51.0,7.0,4.0,4.0,2.0,0.0,0.0,1.0,0.0,0.0,Full Time,guard,%O and %M plus %T... Starting at half back,,,312900.0,0.0,245400.0,75.0,Back,43.0,10.0,57.0,48.8,0.11,0.13,0.12,323000.0,78.0,,6.0,1.0,4.0,54.0,81.0,,,False,1857,1374,20.0,6158_CA,98.0,0,74.0,0,8.0,8.733333333333333,4.333333333333333,5.0,4.0,4.866666666666666,2.0,1.9333333333333333,0.0,0.06666666666666667,0.3333333333333333,0.5333333333333333,0.6666666666666666,0.6666666666666666,0.0,0.0,0.0,0.06666666666666667,0.12,0.17066666666666666,0.13,0.15533333333333335,0.12333333333333336,0.2,4.333333333333333,4.133333333333334,0.6666666666666666,0.4,3.0,2.3333333333333335,67.0,73.93333333333334,68.33333333333333,79.2,,,1623.3333333333333,1587.2,1643.0,1676.2666666666667,59.85,49.0,40.6,41.0,1,guard,0.0733729083522087
66334,6166,http://live.fanfooty.com.au/game/matchcentre.html?id=6166,R20,2017,293847.0,Clay,Smith,WB,11.0,54.0,54,39.0,46.0,61.0,8.0,3.0,5.0,2.0,0.0,0.0,2.0,1.0,1.0,Full Time,pocket,%s from %P and %M plus %T,,,345100.0,0.0,307500.0,104.0,Forward,14.0,7.0,63.43,58.86,0.13,0.27,0.29,357000.0,81.0,,3.0,1.0,2.0,63.0,82.0,,,False,1560,1733,21.0,6166_WB,97.0,0,76.0,0,7.0,7.266666666666667,3.6666666666666665,6.533333333333333,3.3333333333333335,3.2,3.6666666666666665,5.8,0.0,0.0,0.3333333333333333,0.4,1.3333333333333333,1.4,1.0,1.3333333333333333,0.6666666666666666,0.6,0.15333333333333335,3.9,0.29000000000000004,2.570666666666667,0.35999999999999993,4.728,2.3333333333333335,5.933333333333334,0.3333333333333333,1.4666666666666666,2.6666666666666665,2.8,57.0,66.26666666666667,79.0,77.8,,,1577.3333333333333,1645.0666666666666,1694.3333333333333,1624.7333333333333,68.45,68.4,55.0,44.0,1,pocket,0.0873949674208915
66416,6168,http://live.fanfooty.com.au/game/matchcentre.html?id=6168,R20,2017,261319.0,Jarrad,Grant,GC,13.0,60.0,64,59.0,50.0,70.0,4.0,12.0,3.0,4.0,0.0,1.0,1.0,0.0,1.0,Full Time,in,%l David Swallow... %s from %P and %M plus %T,spearhead,,329000.0,0.0,293000.0,59.0,Forward,2.0,0.0,0.0,0.0,0.04,0.08,0.02,334000.0,63.0,,5.0,0.0,1.0,68.0,77.0,,,False,1739,1520,21.0,6168_GC,97.0,0,76.0,0,5.333333333333333,6.533333333333333,8.666666666666666,6.666666666666667,4.0,4.066666666666666,3.6666666666666665,2.3333333333333335,0.0,0.26666666666666666,1.0,1.0666666666666667,1.0,0.8666666666666667,0.0,0.8,1.0,0.6,0.11,0.16666666666666666,0.16666666666666666,0.20866666666666667,0.10666666666666667,0.19066666666666665,4.666666666666667,4.2,1.0,0.6666666666666666,1.6666666666666667,1.8,63.333333333333336,74.26666666666667,80.33333333333333,79.53333333333333,,,1478.3333333333333,1482.1333333333334,1790.3333333333333,1770.0,60.2,57.3,53.4,50.0,1,in,0.020223260434965928
66551,6171,http://live.fanfooty.com.au/game/matchcentre.html?id=6171,R20,2017,240290.0,Angus,Monfries,PA,1.0,22.0,7,18.0,18.0,27.0,2.0,6.0,0.0,1.0,0.0,0.0,0.0,0.0,0.0,Full Time,tagger,%O including %B... Forward tag role on Smith,,,345000.0,0.0,325500.0,65.0,Forward,6.0,0.0,0.0,0.0,0.14,0.19,0.21,347000.0,65.0,,1.0,1.0,1.0,62.0,70.0,,,False,1999,1284,21.0,6171_PA,97.0,0,76.0,0,5.0,7.266666666666667,5.333333333333333,6.266666666666667,2.0,3.6666666666666665,2.3333333333333335,2.6666666666666665,0.0,0.0,1.3333333333333333,1.2666666666666666,1.3333333333333333,0.9333333333333333,1.0,1.3333333333333333,0.0,0.3333333333333333,0.16666666666666666,0.18133333333333335,0.7800000000000001,1.0979999999999999,0.7900000000000001,1.094,3.6666666666666665,5.066666666666666,0.3333333333333333,0.5333333333333333,3.3333333333333335,1.8,70.33333333333333,70.93333333333334,74.33333333333333,83.66666666666667,,,1596.6666666666667,1632.8666666666666,1689.3333333333333,1644.8,66.65,59.4,51.2,43.666666666666664,1,tagger,0.0805484483606705
66738,6176,http://live.fanfooty.com.au/game/matchcentre.html?id=6176,R21,2017,260073.0,Ben,Howlett,ES,15.0,56.0,43,78.0,42.0,60.0,4.0,5.0,4.0,7.0,0.0,0.0,2.0,0.0,0.0,Full Time,wing,%D and %M with %T... Rotating midfield and forward,,,329400.0,0.0,332700.0,92.0,Midfielder,40.0,6.0,55.83,62.6,0.17,0.26,0.16,332000.0,66.0,,2.0,1.0,3.0,66.0,72.0,,,False,1757,1494,22.0,6176_ES,98.80000000000001,0,75.0,0,4.333333333333333,6.8,8.0,7.666666666666667,2.3333333333333335,2.7333333333333334,6.333333333333333,5.0,0.0,0.06666666666666667,0.0,0.8,1.6666666666666667,1.2,0.3333333333333333,0.4666666666666667,0.0,0.26666666666666666,0.1633333333333339,7.706,0.26333333333333336,0.6506666666666666,0.15333333333333335,0.45466666666666666,4.333333333333333,6.8,1.0,2.066666666666667,2.6666666666666665,2.3333333333333335,69.66666666666667,72.6,76.33333333333333,76.6,,,1565.0,1628.6,1694.0,1640.8666666666666,69.95,66.9,54.6,55.0,1,wing,0.09977694102874911
66995,6182,http://live.fanfooty.com.au/game/matchcentre.html?id=6182,R22,2017,240366.0,Travis,Cloke,WB,10.0,56.0,65,69.0,44.0,56.0,6.0,4.0,1.0,3.0,1.0,1.0,0.0,2.0,1.0,Full Time,spearhead,%s from %P and %T... Clurey following him,,,350500.0,0.0,342400.0,10.0,Forward,13.0,9.0,64.56,69.44,0.29,0.74,0.43,362000.0,57.0,,5.0,0.0,0.0,80.0,83.0,,,False,1716,1571,23.0,6182_WB,95.80000000000001,0,73.0,0,8.0,9.533333333333333,5.0,3.0,3.6666666666666665,5.666666666666667,3.0,2.4,5.333333333333333,2.066666666666667,0.6666666666666666,1.0,0.0,0.6,1.3333333333333333,1.4,1.3333333333333333,1.0666666666666667,0.29,0.2886666666666667,0.7333333333333335,0.702,0.42333333333333334,0.418,5.666666666666667,5.933333333333334,0.6666666666666666,0.4666666666666667,0.3333333333333333,1.9333333333333333,73.33333333333333,62.266666666666666,78.0,84.6,,,1591.6666666666667,1627.6666666666667,1681.0,1635.4,71.4,72.0,72.8,87.33333333333333,1,spearhead,0.14714414214091515
67188,6186,http://live.fanfooty.com.au/game/matchcentre.html?id=6186,R22,2017,261212.0,Craig,Bird,ES,14.0,80.0,80,54.0,60.0,87.0,12.0,11.0,2.0,4.0,0.0,0.0,0.0,0.0,0.0,Full Time,wing,%D and %M with %T... Starting in midfield,,,488400.0,0.0,437100.0,132.0,Midfielder,24.0,1.0,66.0,66.0,0.05,0.06,0.03,486000.0,109.0,,7.0,3.0,3.0,73.0,79.0,,,False,1460,1781,23.0,6186_ES,95.80000000000001,0,73.0,1,9.666666666666666,8.066666666666666,11.333333333333334,12.266666666666667,3.0,2.466666666666667,4.333333333333333,6.533333333333333,0.0,0.0,0.6666666666666666,0.8,0.0,0.5333333333333333,0.0,0.13333333333333333,0.3333333333333333,0.13333333333333333,0.7766666666666667,2.138,0.52,1.3413333333333335,3.0700000000000003,8.33,6.666666666666667,9.066666666666666,4.0,4.2,2.0,2.2,82.33333333333333,74.66666666666667,71.33333333333333,70.46666666666667,,,1797.0,1584.0,1458.6666666666667,1679.3333333333333,79.55,84.7,79.8,80.66666666666667,1,wing,0.1758967070283453
67348,6190,http://live.fanfooty.com.au/game/matchcentre.html?id=6190,R23,2017,220010.0,Matthew,Boyd,WB,32.0,133.0,119,84.0,110.0,144.0,21.0,12.0,12.0,1.0,0.0,0.0,0.0,1.0,0.0,Full Time,magnet,A great DT career comes to an end... %O and %M plus %s,guard,In defence,435900.0,0.0,398000.0,74.0,Back,5.0,9.0,78.78,73.33,0.95,1.32,1.89,450000.0,87.0,,6.0,1.0,2.0,75.0,85.0,,,False,1855,1420,24.0,6190_WB,98.80000000000001,1,72.0,1,16.333333333333332,13.933333333333334,9.666666666666666,10.133333333333333,7.333333333333333,5.266666666666667,2.3333333333333335,1.6,0.0,0.0,1.0,1.0,0.6666666666666666,0.4666666666666667,0.3333333333333333,0.2,0.0,0.13333333333333333,1.2499999999999976,12.384666666666668,1.4666666666666668,6.6259999999999994,1.99,6.647333333333333,6.333333333333333,5.8,1.0,0.7333333333333333,3.0,2.2,67.66666666666667,73.06666666666666,84.66666666666667,83.33333333333333,,,1440.0,1633.5333333333333,1828.0,1638.2666666666667,86.7,77.9,83.8,95.33333333333333,1,magnet,0.42463107384504023
67351,6190,http://live.fanfooty.com.au/game/matchcentre.html?id=6190,R23,2017,271439.0,Liam,Picken,WB,26.0,86.0,84,74.0,72.0,92.0,8.0,8.0,4.0,4.0,0.0,1.0,1.0,3.0,2.0,Full Time,pocket,First goal... %D and %M with %T... %s as well... Up forward,,,376400.0,0.0,367400.0,100.0,Midfielder,42.0,21.0,75.71,74.71,1.27,1.87,2.05,395000.0,90.0,,8.0,0.0,4.0,56.0,80.0,,,False,1855,1420,24.0,6190_WB,98.80000000000001,0,72.0,1,6.333333333333333,8.266666666666667,9.666666666666666,10.0,3.3333333333333335,3.3333333333333335,3.3333333333333335,3.066666666666667,0.0,0.0,0.6666666666666666,0.6666666666666666,0.3333333333333333,0.7333333333333333,1.0,1.2,0.6666666666666666,0.5333333333333333,1.3,1.1726666666666667,1.8733333333333333,1.796,2.0533333333333332,1.5133333333333334,6.0,6.733333333333333,0.3333333333333333,0.8,2.3333333333333335,2.6666666666666665,65.0,66.2,80.33333333333333,83.2,,,1487.3333333333333,1603.4666666666667,1779.3333333333333,1662.5333333333333,72.85,74.3,72.0,68.66666666666667,1,pocket,0.11716634571531054
67356,6190,http://live.fanfooty.com.au/game/matchcentre.html?id=6190,R23,2017,200083.0,Robert,Murphy,WB,14.0,63.0,89,39.0,51.0,66.0,10.0,5.0,4.0,1.0,0.0,1.0,0.0,1.0,0.0,Full Time,guard,%D and %M plus %s... In defence,,,388100.0,0.0,369200.0,57.0,Back,2.0,16.0,78.38,75.81,2.15,4.77,6.28,401000.0,83.0,,6.0,1.0,1.0,86.0,77.0,,,False,1855,1420,24.0,6190_WB,98.80000000000001,0,72.0,1,9.666666666666666,11.8,5.666666666666667,7.8,3.3333333333333335,4.8,3.0,2.1333333333333333,0.0,0.0,1.0,0.5333333333333333,0.3333333333333333,0.8,0.6666666666666666,0.6,0.3333333333333333,0.4,2.126666666666667,4.522,4.75,7.963333333333334,6.226666666666667,8.031333333333333,6.333333333333333,4.466666666666667,1.6666666666666667,0.7333333333333333,1.0,2.3333333333333335,81.0,76.06666666666666,80.33333333333333,81.26666666666667,,,1487.3333333333333,1647.0,1779.3333333333333,1626.5333333333333,80.55,75.1,79.8,85.0,1,guard,0.18247383035629317
67421,6192,http://live.fanfooty.com.au/game/matchcentre.html?id=6192,R23,2017,292035.0,Claye,Beams,BL,18.0,73.0,68,91.0,62.0,79.0,11.0,6.0,7.0,0.0,0.0,0.0,0.0,1.0,1.0,Full Time,wing,%O and %M plus %s... Starting at half forward today,,,250100.0,0.0,241700.0,25.0,Back,17.0,8.0,56.12,55.25,0.42,0.49,0.37,285000.0,58.0,,3.0,1.0,1.0,70.0,61.0,,,False,1764,1487,24.0,6192_BL,98.80000000000001,0,72.0,0,8.0,7.733333333333333,7.333333333333333,5.0,5.333333333333333,4.066666666666666,1.6666666666666667,1.5333333333333334,0.0,0.0,0.3333333333333333,0.5333333333333333,0.6666666666666666,0.5333333333333333,0.6666666666666666,0.3333333333333333,0.6666666666666666,0.13333333333333333,0.4066666666666667,0.4873333333333333,0.4766666666666666,0.4633333333333333,0.32,0.43266666666666664,5.0,3.6666666666666665,2.0,0.7333333333333333,1.3333333333333333,1.6,71.33333333333333,73.4,64.33333333333333,71.4,,,1610.6666666666667,1540.0666666666666,1648.3333333333333,1728.0666666666666,51.85,57.7,45.0,63.0,1,wing,0.049899367049439335
67448,6192,http://live.fanfooty.com.au/game/matchcentre.html?id=6192,R23,2017,250373.0,Lachlan,Hansen,NM,18.0,72.0,67,49.0,65.0,84.0,11.0,7.0,10.0,0.0,0.0,1.0,2.0,0.0,0.0,Full Time,job,%M and %O... In defence,,,330700.0,0.0,310600.0,69.0,Back,6.0,12.0,60.58,62.75,0.23,0.22,0.32,336000.0,61.0,,4.0,0.0,2.0,94.0,86.0,,,False,1487,1764,24.0,6192_NM,98.80000000000001,0,72.0,0,8.333333333333334,7.866666666666666,6.333333333333333,6.133333333333334,7.333333333333333,6.333333333333333,1.6666666666666667,1.9333333333333333,0.0,0.0,0.3333333333333333,0.5333333333333333,1.6666666666666667,1.0,0.3333333333333333,0.3333333333333333,0.0,0.2,0.3333333333333333,0.24000000000000002,0.2799999999999999,0.20533333333333334,0.47000000000000003,0.336,3.6666666666666665,3.533333333333333,0.0,0.06666666666666667,2.6666666666666665,1.8,87.33333333333333,85.53333333333333,89.33333333333333,89.73333333333333,,,1596.0,1603.2,1657.6666666666667,1657.5333333333333,69.85,67.1,64.4,61.666666666666664,1,job,0.11515471403721322
67449,6192,http://live.fanfooty.com.au/game/matchcentre.html?id=6192,R23,2017,240417.0,Andrew,Swallow,NM,9.0,71.0,71,38.0,58.0,81.0,13.0,9.0,4.0,1.0,0.0,1.0,1.0,0.0,0.0,Full Time,shovel,%O and %M... Leading the inside midfield,,,465100.0,0.0,421100.0,101.0,Midfielder,9.0,15.0,81.27,80.6,0.28,0.49,0.38,476000.0,83.0,,10.0,8.0,3.0,68.0,67.0,,,False,1487,1764,24.0,6192_NM,98.80000000000001,0,72.0,0,11.0,8.066666666666666,9.333333333333334,11.266666666666667,2.6666666666666665,2.0,7.0,6.533333333333333,0.0,0.0,1.0,1.6,1.3333333333333333,1.0,0.0,0.26666666666666666,0.0,0.13333333333333333,0.2733333333333334,0.284,0.48333333333333334,0.44866666666666666,0.37333333333333335,0.33999999999999997,10.666666666666666,10.2,6.666666666666667,4.933333333333334,4.333333333333333,2.8,67.0,71.2,74.33333333333333,71.06666666666666,,,1584.3333333333333,1573.8,1689.6666666666667,1700.6,82.9,85.8,82.4,75.0,1,shovel,0.30041086340511863
67475,6193,http://live.fanfooty.com.au/game/matchcentre.html?id=6193,R23,2017,270742.0,Kurt,Tippett,SY,9.0,41.0,51,48.0,36.0,45.0,3.0,5.0,2.0,1.0,6.0,0.0,0.0,1.0,0.0,Full Time,injured,First goal... Left ankle injury midway through the first term... Struggled thereafter... Mothballed in the fourth... %H... also %D and %M... and booted %s,spearhead,Weitering on him when forward,401600.0,0.0,385100.0,41.0,Ruck,8.0,8.0,65.0,69.12,0.52,0.72,1.51,399000.0,55.0,,3.0,1.0,1.0,87.0,34.0,,,True,1441,1833,24.0,6193_SY,98.80000000000001,0,72.0,0,6.333333333333333,5.333333333333333,5.333333333333333,5.0,3.6666666666666665,2.6666666666666665,4.0,2.2666666666666666,11.333333333333334,15.466666666666667,1.0,0.8666666666666667,1.0,1.0666666666666667,1.3333333333333333,0.6,0.3333333333333333,0.5333333333333333,0.4666666666666666,1.8586666666666667,0.6833333333333332,1.859333333333333,1.3066666666666666,3.445333333333333,6.333333333333333,6.6,1.3333333333333333,1.2666666666666666,2.0,2.0,71.0,64.73333333333333,60.0,70.06666666666666,,,1803.3333333333333,1674.6,1468.6666666666667,1593.4,77.65,73.0,75.8,81.0,1,injured,0.16887425116143262
67483,6193,http://live.fanfooty.com.au/game/matchcentre.html?id=6193,R23,2017,295199.0,Blaine,Boekhorst,CA,25.0,92.0,85,60.0,80.0,102.0,14.0,5.0,8.0,1.0,0.0,0.0,2.0,3.0,0.0,Full Time,wing,%O with %k by foot... also %M... and kicked %s... Splitting time between forward and wing,,,360000.0,0.0,332600.0,24.0,Midfielder,12.0,6.0,70.83,69.83,0.25,0.2,0.4,359000.0,32.0,,5.0,1.0,4.0,78.0,81.0,,,False,1833,1441,24.0,6193_CA,98.80000000000001,0,72.0,1,13.333333333333334,9.0,6.333333333333333,5.6,6.666666666666667,3.933333333333333,2.3333333333333335,2.466666666666667,0.0,0.0,0.0,0.4,1.0,0.6666666666666666,1.3333333333333333,0.6666666666666666,0.0,0.26666666666666666,0.24333333333333332,0.22866666666666668,0.2,0.69,0.3433333333333333,2.360666666666667,4.0,4.133333333333334,1.0,0.6,3.0,2.1333333333333333,83.33333333333333,73.2,76.0,74.2,,,1594.6666666666667,1566.4666666666667,1678.0,1678.4,61.85,68.9,76.8,87.33333333333333,1,wing,0.10195028435764696
67487,6193,http://live.fanfooty.com.au/game/matchcentre.html?id=6193,R23,2017,260533.0,Dennis,Armfield,CA,12.0,63.0,37,38.0,50.0,66.0,11.0,4.0,6.0,1.0,0.0,0.0,0.0,0.0,0.0,Full Time,guard,%O with %k by foot... also %M,,,349000.0,0.0,307100.0,75.0,Forward,27.0,4.0,52.0,45.5,0.07,0.15,3.16,336000.0,74.0,,3.0,0.0,4.0,73.0,82.0,,,False,1833,1441,24.0,6193_CA,98.80000000000001,0,72.0,0,8.333333333333334,8.2,4.333333333333333,5.733333333333333,5.0,4.266666666666667,2.6666666666666665,2.3333333333333335,0.0,0.0,0.3333333333333333,0.4666666666666667,0.0,0.6,0.0,0.9333333333333333,0.0,0.4,0.06,0.06066666666666667,0.15,0.15666666666666668,3.1733333333333333,0.7520000000000001,3.0,3.7333333333333334,0.6666666666666666,0.7333333333333333,2.0,2.3333333333333335,69.0,74.06666666666666,73.33333333333333,81.0,,,1567.0,1574.2,1699.3333333333333,1691.5333333333333,60.8,50.9,43.8,49.333333333333336,1,guard,0.08439164089087067
67574,6195,http://live.fanfooty.com.au/game/matchcentre.html?id=6195,R23,2017,290781.0,Mitch,Hallahan,GC,9.0,67.0,68,56.0,54.0,72.0,7.0,10.0,4.0,3.0,0.0,2.0,0.0,0.0,0.0,Full Time,shovel,%O and %M plus %T... In the midfield,,,288500.0,0.0,279100.0,13.0,Midfielder,14.0,2.0,91.0,78.0,0.29,0.16,0.16,420000.0,56.0,,10.0,5.0,3.0,82.0,73.0,,,False,1899,1375,24.0,6195_GC,98.80000000000001,0,72.0,0,10.666666666666666,10.533333333333333,11.0,8.4,4.333333333333333,2.466666666666667,3.6666666666666665,3.6666666666666665,0.0,0.0,1.0,1.0666666666666667,0.6666666666666666,0.6666666666666666,0.3333333333333333,0.26666666666666666,0.3333333333333333,0.13333333333333333,0.23666666666666672,0.5593333333333333,0.15,0.6,0.1000000000000006,0.7766666666666667,9.666666666666666,10.133333333333333,4.666666666666667,5.133333333333334,2.3333333333333335,2.533333333333333,62.0,59.733333333333334,72.0,70.66666666666667,,,1451.6666666666667,1473.0,1806.3333333333333,1792.1333333333334,73.0,64.4,66.4,74.66666666666667,1,shovel,0.22388621283651208
67609,6196,http://live.fanfooty.com.au/game/matchcentre.html?id=6196,R23,2017,250088.0,Jonathon,Griffin,FR,27.0,85.0,90,79.0,72.0,83.0,5.0,3.0,1.0,4.0,32.0,1.0,0.0,2.0,0.0,Full Time,ruck,%H... also %D and %T... and booted %s... First ruck,,,401800.0,0.0,346300.0,67.0,Ruck,12.0,6.0,76.67,69.83,0.17,0.22,0.42,407000.0,55.0,,4.0,0.0,0.0,100.0,85.0,,,False,1828,1439,24.0,6196_FR,98.80000000000001,0,72.0,1,5.0,4.533333333333333,4.333333333333333,4.133333333333334,2.3333333333333335,2.2,4.0,3.933333333333333,34.0,24.6,0.3333333333333333,1.4,1.0,1.2666666666666666,1.0,0.4666666666666667,0.0,0.2,0.17,0.6726666666666666,0.22,0.5093333333333333,0.2966666666666667,1.1233333333333333,3.6666666666666665,3.8,0.3333333333333333,1.6,1.0,2.2666666666666666,92.66666666666667,76.46666666666667,86.0,84.73333333333333,,,1523.6666666666667,1496.7333333333333,1751.0,1762.6666666666667,65.35,65.6,74.6,77.33333333333333,1,ruck,0.15711364691243526
67612,6196,http://live.fanfooty.com.au/game/matchcentre.html?id=6196,R23,2017,270908.0,Nick,Suban,FR,22.0,70.0,65,78.0,52.0,72.0,4.0,8.0,4.0,8.0,0.0,1.0,1.0,0.0,0.0,Full Time,wing,%P and %M plus %T... Doing jobs in midfield,,,344500.0,0.0,322600.0,95.0,Midfielder,8.0,11.0,63.64,64.09,0.36,0.24,0.31,352000.0,70.0,,5.0,1.0,1.0,75.0,75.0,,,False,1828,1439,24.0,6196_FR,98.80000000000001,0,72.0,0,5.666666666666667,7.533333333333333,6.0,5.8,2.6666666666666665,2.533333333333333,6.333333333333333,5.533333333333333,0.0,0.2,0.6666666666666666,0.8666666666666667,1.3333333333333333,1.6666666666666667,0.0,0.3333333333333333,0.0,0.06666666666666667,0.3633333333333333,0.3413333333333333,0.23666666666666666,0.2806666666666667,0.32,0.33133333333333337,5.666666666666667,5.466666666666667,2.0,1.6666666666666667,2.3333333333333335,3.066666666666667,65.0,70.73333333333333,74.33333333333333,80.06666666666666,,,1337.0,1493.1333333333334,1925.0,1765.6,68.05,66.7,63.0,55.0,1,wing,0.10952105873633443
67658,6197,http://live.fanfooty.com.au/game/matchcentre.html?id=6197,R23,2017,210001.0,Nick,Riewoldt,SK,20.0,75.0,62,57.0,63.0,81.0,10.0,5.0,8.0,2.0,0.0,0.0,1.0,1.0,0.0,Full Time,heart,Playing his final game... %s from %P and %M plus %T,spearhead,Astbury following him,408700.0,0.0,386600.0,109.0,Forward,12.0,16.0,87.44,86.94,7.4,5.51,4.61,435000.0,96.0,,6.0,2.0,3.0,66.0,94.0,,,True,1743,1554,24.0,6197_SK,98.80000000000001,0,72.0,0,8.0,10.266666666666667,6.333333333333333,6.0,7.333333333333333,7.066666666666666,1.6666666666666667,2.2666666666666666,0.0,0.0,1.0,1.2,0.3333333333333333,0.4,1.3333333333333333,1.4666666666666666,0.0,0.6666666666666666,7.580000000000001,8.533333333333333,5.609999999999999,6.791333333333333,4.336666666666667,5.216666666666667,5.333333333333333,5.066666666666666,1.0,0.8,3.0,1.8,65.0,75.66666666666667,85.66666666666667,90.06666666666666,,,1740.0,1685.4,1550.3333333333333,1583.3333333333333,91.75,75.8,69.4,62.333333333333336,1,heart,0.2892251219330534
67769,6202,http://live.fanfooty.com.au/game/matchcentre.html?id=6202,EF,2017,230125.0,Tom,Lonergan,GE,8.0,58.0,72,74.0,47.0,66.0,7.0,9.0,3.0,3.0,0.0,1.0,1.0,0.0,0.0,Full Time,job,%D and %M with %T... At FB on Riewoldt,,,330100.0,0.0,347300.0,0.0,Back,13.0,21.0,54.95,61.05,0.69,1.43,0.95,337000.0,57.0,,5.0,0.0,2.0,62.0,85.0,,,False,1697,1568,30.0,6202_GE,100.80000000000001,0,73.0,0,7.333333333333333,7.4,7.333333333333333,7.066666666666666,5.0,4.733333333333333,2.3333333333333335,2.2666666666666666,0.0,0.0,1.0,0.7333333333333333,0.6666666666666666,0.6666666666666666,0.0,0.0,0.0,0.06666666666666667,0.6966666666666664,0.7333333333333333,1.4266666666666667,1.4426666666666665,0.95,0.9226666666666666,4.666666666666667,5.2,0.0,0.13333333333333333,1.3333333333333333,1.7333333333333334,77.0,79.93333333333334,87.33333333333333,88.8,,,1672.3333333333333,1674.0,1599.3333333333333,1594.9333333333334,63.35,64.1,71.2,60.0,1,job,0.07783486859974469
67831,6203,http://live.fanfooty.com.au/game/matchcentre.html?id=6203,EF,2017,220058.0,James,Kelly,ES,14.0,74.0,73,67.0,57.0,78.0,7.0,10.0,4.0,5.0,0.0,1.0,0.0,0.0,0.0,Full Time,plusone,%D and %M with %T... Lurking at half back,,,446300.0,0.0,358200.0,0.0,Back,47.0,19.0,81.05,72.47,1.44,0.94,1.34,458000.0,89.0,,6.0,2.0,0.0,94.0,74.0,,,False,1763,1497,30.0,6203_ES,100.80000000000001,0,73.0,1,9.333333333333334,9.8,11.333333333333334,10.0,6.333333333333333,6.133333333333334,5.0,4.133333333333334,0.0,0.0,0.3333333333333333,0.4666666666666667,1.3333333333333333,0.8666666666666667,0.0,0.0,0.0,0.0,1.42,1.2646666666666666,0.9300000000000003,0.8233333333333334,1.26,1.1046666666666667,5.333333333333333,5.466666666666667,1.3333333333333333,0.6,2.3333333333333335,2.6666666666666665,92.0,82.66666666666667,80.0,82.6,,,1702.0,1687.4666666666667,1554.0,1576.4666666666667,72.5,73.5,70.0,74.66666666666667,1,plusone,0.12786150575497116
67833,6203,http://live.fanfooty.com.au/game/matchcentre.html?id=6203,EF,2017,230231.0,Jobe,Watson,ES,9.0,69.0,65,57.0,56.0,78.0,7.0,13.0,3.0,3.0,0.0,1.0,0.0,0.0,0.0,Full Time,shovel,%O and %M plus %T... Rotating midfield and forward,,,386600.0,0.0,356800.0,0.0,Midfielder,4.0,19.0,88.95,83.37,6.03,4.97,5.59,422000.0,130.0,,10.0,5.0,4.0,60.0,75.0,,,False,1763,1497,30.0,6203_ES,100.80000000000001,0,73.0,0,8.0,8.6,12.666666666666666,13.933333333333334,2.3333333333333335,4.866666666666666,2.3333333333333335,4.0,0.0,0.0,2.3333333333333335,1.2666666666666666,0.3333333333333333,0.8,0.3333333333333333,0.13333333333333333,0.3333333333333333,0.4,6.420000000000001,10.413333333333334,5.163333333333334,7.351333333333334,5.736666666666665,8.297333333333333,13.0,10.266666666666667,5.333333333333333,4.8,2.3333333333333335,2.533333333333333,62.666666666666664,71.13333333333334,72.0,74.13333333333334,,,1606.3333333333333,1664.1333333333334,1653.0,1600.4666666666667,82.45,79.5,63.2,70.33333333333333,1,shovel,0.25807729072478935
67951,6206,http://live.fanfooty.com.au/game/matchcentre.html?id=6206,SF,2017,220073.0,Sam,Mitchell,WC,22.0,110.0,82,70.0,89.0,120.0,17.0,11.0,5.0,3.0,0.0,1.0,1.0,2.0,0.0,Full Time,gun,%P and %M plus %T... %s as well,shovel,Playing inside midfield,471700.0,0.0,460500.0,0.0,Midfielder,1.0,20.0,89.95,94.1,3.03,3.97,4.29,487000.0,87.0,,6.0,3.0,4.0,60.0,82.0,,,False,1830,1432,32.0,6206_WC,100.0,0,75.5,1,14.333333333333334,12.933333333333334,15.0,14.133333333333333,5.666666666666667,3.533333333333333,2.3333333333333335,2.8666666666666667,0.0,0.0,0.6666666666666666,1.2,1.6666666666666667,0.9333333333333333,0.6666666666666666,0.26666666666666666,0.0,0.2,3.033333333333333,3.4179999999999997,3.966666666666667,4.274,4.286666666666666,4.450666666666667,10.0,10.066666666666666,4.0,4.866666666666666,4.333333333333333,2.933333333333333,71.66666666666667,70.66666666666667,84.0,85.2,,,1583.0,1579.2666666666667,1685.6666666666667,1687.5333333333333,90.55,88.1,94.2,91.66666666666667,1,gun,0.4859368281440002
67953,6206,http://live.fanfooty.com.au/game/matchcentre.html?id=6206,SF,2017,240124.0,Matt,Priddis,WC,26.0,102.0,79,86.0,81.0,120.0,11.0,19.0,3.0,7.0,0.0,0.0,2.0,0.0,0.0,Full Time,magnet,%P and %M plus %T,shovel,Leading the inside midfield,480400.0,0.0,455700.0,0.0,Midfielder,11.0,19.0,92.95,93.42,1.46,1.85,1.84,496000.0,72.0,,23.0,12.0,6.0,60.0,74.0,,,False,1830,1432,32.0,6206_WC,100.0,0,75.5,1,12.333333333333334,8.8,15.333333333333334,14.733333333333333,3.0,2.2,8.333333333333334,7.866666666666666,0.0,0.0,0.0,1.0666666666666667,1.3333333333333333,1.1333333333333333,0.3333333333333333,0.26666666666666666,0.0,0.4,1.4433333333333334,1.9953333333333336,1.8433333333333335,2.555333333333334,1.8266666666666662,2.194666666666667,17.0,12.4,9.333333333333334,5.8,4.666666666666667,3.2,67.33333333333333,68.53333333333333,77.33333333333333,78.26666666666667,,,1583.0,1588.5333333333333,1685.6666666666667,1678.2,94.35,90.8,96.2,91.0,1,magnet,0.5503993708496117
67962,6206,http://live.fanfooty.com.au/game/matchcentre.html?id=6206,SF,2017,210023.0,Drew,Petrie,WC,15.0,60.0,52,58.0,55.0,63.0,3.0,4.0,5.0,1.0,18.0,0.0,0.0,1.0,0.0,Full Time,spearhead,Booted %s from %G and %P... Playing a forward/ruck role on Davis,,,376600.0,0.0,371700.0,0.0,Forward,21.0,14.0,74.0,78.93,0.47,0.35,0.53,400000.0,96.0,,2.0,0.0,0.0,85.0,82.0,,,False,1830,1432,32.0,6206_WC,100.0,0,75.5,0,7.666666666666667,8.333333333333334,3.0,4.066666666666666,4.666666666666667,5.0,4.333333333333333,3.4,15.333333333333334,12.333333333333334,2.3333333333333335,1.4666666666666666,0.6666666666666666,1.4,1.3333333333333333,1.0,0.0,0.2,0.46666666666666634,0.3973333333333333,0.34666666666666673,0.31733333333333336,0.53,0.4726666666666667,8.666666666666666,7.2,1.6666666666666667,1.8,1.6666666666666667,2.466666666666667,70.33333333333333,68.53333333333333,80.33333333333333,82.73333333333333,,,1583.0,1595.0,1685.6666666666667,1673.6,71.95,75.5,71.8,80.0,1,spearhead,0.13286852062681237
67964,6206,http://live.fanfooty.com.au/game/matchcentre.html?id=6206,SF,2017,261799.0,Sharrod,Wellingham,WC,4.0,57.0,59,34.0,45.0,60.0,10.0,4.0,5.0,1.0,0.0,0.0,0.0,0.0,0.0,Full Time,switch,%D with %k by foot... also %M... Starting on a HFF... switched back in Q4 to stem the bleeding,,,275900.0,0.0,273700.0,0.0,Back,12.0,12.0,64.33,63.33,1.4,1.17,3.47,304000.0,89.0,,3.0,0.0,0.0,71.0,81.0,,,False,1830,1432,32.0,6206_WC,100.0,0,75.5,0,8.333333333333334,10.733333333333333,5.0,7.333333333333333,3.6666666666666665,4.533333333333333,1.3333333333333333,2.2,0.0,0.0,0.3333333333333333,0.3333333333333333,1.3333333333333333,1.0666666666666667,0.0,0.0,0.6666666666666666,0.2,1.5333333333333332,2.726,1.24,1.5753333333333333,3.5766666666666667,3.9793333333333334,3.3333333333333335,5.066666666666666,1.0,0.5333333333333333,2.3333333333333335,3.2666666666666666,57.666666666666664,69.66666666666667,82.66666666666667,80.06666666666666,,,1516.6666666666667,1644.2666666666667,1744.0,1619.8666666666666,62.05,61.7,45.2,46.333333333333336,1,switch,0.06317486295285883
67965,6206,http://live.fanfooty.com.au/game/matchcentre.html?id=6206,SF,2017,250317.0,Eric,Mackenzie,WC,8.0,47.0,49,44.0,46.0,60.0,3.0,11.0,6.0,0.0,0.0,1.0,1.0,0.0,0.0,Full Time,job,%D with %b by hand... also %M... At FB on Patton,,,282700.0,0.0,300300.0,0.0,Back,16.0,11.0,49.82,57.45,0.21,0.14,0.25,288000.0,42.0,,2.0,0.0,1.0,92.0,85.0,,,False,1830,1432,32.0,6206_WC,100.0,0,75.5,0,6.333333333333333,6.4,6.333333333333333,5.533333333333333,5.666666666666667,5.333333333333333,1.6666666666666667,1.8666666666666667,0.0,0.0,1.0,0.6,1.6666666666666667,0.7333333333333333,0.0,0.0,0.0,0.0,0.21,1.3413333333333335,0.14,1.194,0.25,2.2173333333333334,4.0,3.0,0.0,0.13333333333333333,3.0,1.6666666666666667,79.33333333333333,84.86666666666666,92.33333333333333,95.2,,,1583.0,1576.3333333333333,1685.6666666666667,1689.0666666666666,58.0,56.1,53.8,49.0,1,job,0.06356322718142912
68001,6207,http://live.fanfooty.com.au/game/matchcentre.html?id=6207,PF,2017,230248.0,Andrew,Mackie,GE,9.0,71.0,64,53.0,58.0,78.0,9.0,10.0,5.0,2.0,0.0,1.0,0.0,0.0,0.0,Full Time,guard,%D and %M with %T... Lurking at half back,,,433300.0,0.0,370400.0,0.0,Back,4.0,20.0,80.0,76.9,0.65,2.69,0.99,448000.0,83.0,,7.0,0.0,4.0,68.0,86.0,,,False,1797,1463,33.0,6207_GE,110.0,0,69.5,0,12.0,13.866666666666667,7.666666666666667,7.4,7.0,5.333333333333333,1.6666666666666667,2.0,0.0,0.0,0.3333333333333333,1.0,0.3333333333333333,0.7333333333333333,0.0,0.06666666666666667,0.0,0.13333333333333333,0.65,0.662,2.69,2.9246666666666665,0.99,1.0066666666666666,4.666666666666667,5.066666666666666,0.0,0.4666666666666667,4.0,3.0,67.33333333333333,68.26666666666667,87.33333333333333,88.33333333333333,,,1656.6666666666667,1716.1333333333334,1616.0,1550.9333333333334,72.15,66.6,58.4,61.666666666666664,1,guard,0.1369322415704075
68054,6208,http://live.fanfooty.com.au/game/matchcentre.html?id=6208,PF,2017,220054.0,Steve,Johnson,WS,8.0,43.0,34,32.0,42.0,57.0,5.0,10.0,4.0,0.0,0.0,2.0,2.0,0.0,0.0,Full Time,cactus,His last game and it showed... %P and %M,pocket,Starting deep forward,358900.0,0.0,288400.0,0.0,Forward,17.0,16.0,68.88,60.06,0.36,0.64,0.52,373000.0,92.0,,5.0,0.0,6.0,66.0,80.0,,,False,1656,1630,33.0,6208_WS,110.0,0,69.5,0,6.333333333333333,8.866666666666667,7.333333333333333,6.8,4.333333333333333,4.6,2.0,2.8,0.0,0.0,1.3333333333333333,1.0,1.3333333333333333,1.5333333333333334,2.0,1.1333333333333333,0.3333333333333333,0.8,0.36333333333333445,0.47200000000000003,0.64,0.628,0.5233333333333324,0.5459999999999999,5.0,5.666666666666667,0.6666666666666666,1.0,2.6666666666666665,3.533333333333333,75.33333333333333,63.46666666666667,75.33333333333333,78.13333333333334,,,1742.3333333333333,1695.8666666666666,1519.6666666666667,1566.6666666666667,65.45,61.8,56.2,60.333333333333336,1,cactus,0.03044295050693724
68225,6503,http://live.fanfooty.com.au/game/matchcentre.html?id=6503,R1,2018,294691.0,Tom,Bell,BL,12.0,41.0,60,18.0,39.0,58.0,8.0,8.0,1.0,0.0,0.0,0.0,3.0,1.0,1.0,Full Time,news,%s from %O... conceded %F,,,428000.0,,428000.0,,Forward,7.0,0.0,0.0,0.0,0.0,0.0,0.0,428000.0,,,9.0,4.0,6.0,62.0,69.0,,,False,1803,1476,2.0,6503_BL,97.0,0,75.0,0,7.666666666666667,7.666666666666667,9.333333333333334,6.133333333333334,1.3333333333333333,2.3333333333333335,2.6666666666666665,2.6,0.0,0.0,0.0,0.4666666666666667,2.3333333333333335,1.2666666666666666,0.6666666666666666,0.8666666666666667,0.6666666666666666,0.4,0.08,0.2906666666666667,0.11333333333333363,0.308,0.08333333333333333,0.2793333333333333,8.666666666666666,6.333333333333333,2.6666666666666665,1.2,5.666666666666667,3.466666666666667,66.66666666666667,58.06666666666667,77.0,80.66666666666667,,,1487.0,1396.4,1780.3333333333333,1644.4,60.45,53.5,61.4,59.333333333333336,1,news,0.12216368246051845
68553,6511,http://live.fanfooty.com.au/game/matchcentre.html?id=6511,R2,2018,280946.0,Koby,Stevens,SK,30.0,98.0,62,94.0,75.0,103.0,9.0,10.0,7.0,8.0,0.0,0.0,1.0,0.0,1.0,Full Time,wing,%P and %M plus %T... %s as well... Drifting forward from midfield,,,589700.0,92.0,435100.0,93.0,Midfielder,25.0,1.0,82.0,72.0,0.35,0.24,0.17,598000.0,96.0,,2.0,0.0,5.0,57.0,79.0,,,False,1729,1553,3.0,6511_SK,104.0,0,72.0,0,8.0,7.6,14.0,14.666666666666666,5.333333333333333,5.2,5.333333333333333,5.733333333333333,0.0,0.0,0.6666666666666666,1.0666666666666667,1.3333333333333333,1.4666666666666666,0.0,0.26666666666666666,1.0,0.4,1.6433333333333333,3.3973333333333335,0.4566666666666666,1.0226666666666666,0.5399999999999999,2.432666666666667,7.666666666666667,7.533333333333333,1.6666666666666667,2.8666666666666667,3.6666666666666665,3.2,65.66666666666667,78.66666666666667,77.66666666666667,74.86666666666666,,,1636.6666666666667,1665.5333333333333,1649.3333333333333,1607.5333333333333,81.95,81.7,74.8,69.0,1,wing,0.20340717323322732
68637,6513,http://live.fanfooty.com.au/game/matchcentre.html?id=6513,R2,2018,293035.0,Tim,Broomhead,CO,0.0,0.0,0,0.0,0.0,0.0,0.0,0.0,0.0,0.0,0.0,0.0,0.0,0.0,0.0,Full Time,longterminjured,Broke his left leg on a goalpost throwing a boot at a loose ball in Q1,in,Late replacement for Ben Reid... starting at half forward,442300.0,64.0,350300.0,64.0,Forward,29.0,0.0,0.0,0.0,0.18,0.2,0.1,451000.0,71.0,,0.0,0.0,0.0,0.0,3.0,,,True,1645,1635,3.0,6513_CO,104.0,0,72.0,0,6.333333333333333,6.666666666666667,3.6666666666666665,8.6,3.3333333333333335,3.1333333333333333,1.3333333333333333,2.3333333333333335,0.0,0.0,0.6666666666666666,0.6666666666666666,0.0,0.26666666666666666,1.0,0.5333333333333333,0.0,0.7333333333333333,0.31666666666666665,0.4433333333333333,0.45,0.638,0.66,0.9199999999999999,3.0,5.533333333333333,0.3333333333333333,1.2666666666666666,1.6666666666666667,1.5333333333333334,51.333333333333336,70.6,51.666666666666664,72.46666666666667,,,1653.6666666666667,1646.8666666666666,1622.0,1618.2,58.85,53.9,50.8,40.0,1,longterminjured,0.04823631216093595
69375,6530,http://live.fanfooty.com.au/game/matchcentre.html?id=6530,R4,2018,281329.0,Rohan,Bewick,BL,14.0,79.0,69,54.0,65.0,87.0,12.0,8.0,7.0,2.0,0.0,1.0,1.0,0.0,0.0,Full Time,wing,%P and %M plus %T... Playing an outside game,,,431900.0,0.0,318900.0,72.0,Midfielder,8.0,2.0,67.67,70.67,0.0,0.0,0.2,455000.0,68.0,,7.0,2.0,4.0,70.0,77.0,,,False,1873,1411,5.0,6530_BL,98.80000000000001,0,74.0,0,12.333333333333334,9.333333333333334,6.0,5.6,4.666666666666667,4.2,2.0,2.066666666666667,0.0,0.0,0.6666666666666666,0.5333333333333333,0.6666666666666666,0.6,0.3333333333333333,0.6666666666666666,1.0,0.6666666666666666,0.1366666666666667,0.15466666666666665,0.13999999999999993,0.13733333333333334,0.1366666666666667,0.116,6.666666666666667,5.0,1.6666666666666667,0.8666666666666667,2.0,2.4,70.0,65.0,72.33333333333333,79.73333333333333,,,1505.6666666666667,1514.9333333333334,1763.3333333333333,1751.9333333333334,61.7,61.0,64.8,74.33333333333333,1,wing,0.10551375957769782
69409,6531,http://live.fanfooty.com.au/game/matchcentre.html?id=6531,R4,2018,292030.0,Jack,Redpath,WB,13.0,51.0,53,66.0,45.0,54.0,8.0,1.0,7.0,0.0,0.0,1.0,1.0,1.0,0.0,Full Time,switch,Moved to be the spare man in front of Buddy during a dominant Q3... Kicked %s from %G and %O,spearhead,At FF on Grundy,457600.0,0.0,326200.0,105.0,Forward,43.0,1.0,47.0,44.5,0.0,0.0,0.06,437000.0,85.0,,2.0,0.0,1.0,88.0,82.0,,,False,1543,1714,5.0,6531_WB,98.80000000000001,0,74.0,0,6.666666666666667,8.333333333333334,1.6666666666666667,2.1333333333333333,5.666666666666667,6.0,0.3333333333333333,1.0,0.0,0.8,0.3333333333333333,0.5333333333333333,0.6666666666666666,0.7333333333333333,0.6666666666666666,1.4666666666666666,0.3333333333333333,1.2666666666666666,0.03,0.3566666666666667,0.05000000000000007,0.27266666666666667,0.07666666666666695,0.7546666666666667,1.6666666666666667,2.6666666666666665,0.0,0.26666666666666666,1.6666666666666667,2.2,87.0,63.0,80.33333333333333,81.86666666666666,,,1703.6666666666667,1662.0,1545.6666666666667,1599.0,60.6,60.5,59.2,46.0,1,switch,0.061416073558502676
69583,6535,http://live.fanfooty.com.au/game/matchcentre.html?id=6535,R4,2018,260955.0,Cyril,Rioli,HW,2.0,27.0,45,36.0,18.0,27.0,3.0,3.0,0.0,3.0,0.0,0.0,0.0,0.0,0.0,Full Time,pocket,%O and %T... In the forward line,injured,Medial ligament in Q2 and didn't return,347000.0,0.0,311700.0,55.0,Forward,33.0,3.0,45.0,59.5,0.0,0.0,1.06,445000.0,107.0,,6.0,2.0,2.0,66.0,40.0,,,True,1494,1768,5.0,6535_HW,98.80000000000001,0,74.0,0,4.333333333333333,7.333333333333333,4.0,4.133333333333334,0.6666666666666666,2.6666666666666665,3.3333333333333335,3.6666666666666665,0.0,0.13333333333333333,0.0,0.7333333333333333,0.6666666666666666,0.9333333333333333,0.3333333333333333,0.8666666666666667,0.3333333333333333,0.8,0.7033333333333335,1.1380000000000001,2.0933333333333333,2.686666666666667,1.1066666666666667,2.284666666666667,5.666666666666667,5.533333333333333,1.3333333333333333,1.1333333333333333,2.3333333333333335,2.2,69.66666666666667,66.4,66.66666666666667,73.86666666666666,,,1634.3333333333333,1619.0666666666666,1631.3333333333333,1646.1333333333334,73.4,63.2,59.2,52.666666666666664,1,pocket,0.10500458774384516
69588,6535,http://live.fanfooty.com.au/game/matchcentre.html?id=6535,R4,2018,291802.0,Tomas,Bugg,ME,20.0,85.0,74,71.0,67.0,91.0,10.0,9.0,4.0,6.0,0.0,3.0,2.0,0.0,4.0,Full Time,pocket,%O and %M plus %T... %s as well... In defence... umps paid him %4FF,,,416700.0,0.0,334300.0,53.0,Midfielder,32.0,2.0,67.33,55.0,0.0,0.0,0.2,435000.0,52.0,,10.0,2.0,4.0,47.0,78.0,,,False,1768,1494,5.0,6535_ME,98.80000000000001,0,74.0,1,9.333333333333334,7.133333333333334,6.666666666666667,6.8,3.0,2.8,4.333333333333333,3.4,0.0,0.0,2.3333333333333335,1.2666666666666666,1.3333333333333333,0.8666666666666667,1.3333333333333333,0.8,2.3333333333333335,1.2666666666666666,0.07333333333333333,0.30666666666666664,0.1533333333333332,0.38999999999999996,0.18000000000000002,0.336,6.666666666666667,5.933333333333334,1.3333333333333333,0.9333333333333333,4.0,2.533333333333333,56.0,65.33333333333333,78.0,78.93333333333334,,,1684.3333333333333,1638.4,1583.0,1632.2666666666667,64.0,59.5,50.0,62.666666666666664,1,pocket,0.08957961552629017
69647,6536,http://live.fanfooty.com.au/game/matchcentre.html?id=6536,R4,2018,280933.0,Dylan,Roberton,SK,7.0,21.0,35,19.0,15.0,18.0,2.0,0.0,0.0,2.0,0.0,1.0,0.0,1.0,0.0,Full Time,injured,Collapsed without being touched in Q2 but ran off... complained of dizziness and sent to hospital... %P and %T plus %s,guard,Seventh defender,593100.0,0.0,480500.0,106.0,Back,17.0,3.0,79.75,81.75,0.0,0.0,1.73,605000.0,121.0,,1.0,0.0,0.0,50.0,28.0,,,True,1741,1511,5.0,6536_SK,98.80000000000001,0,74.0,0,8.0,14.2,4.333333333333333,5.133333333333334,4.0,5.333333333333333,1.3333333333333333,1.3333333333333333,0.0,0.0,0.6666666666666666,0.6666666666666666,1.0,0.6666666666666666,0.3333333333333333,0.13333333333333333,0.0,0.0,1.626666666666667,10.299333333333333,1.493333333333334,6.6146666666666665,1.8766666666666667,6.5040000000000004,3.3333333333333335,4.6,0.0,0.13333333333333333,2.0,2.6,64.66666666666667,74.26666666666667,66.0,82.0,,,1535.6666666666667,1658.3333333333333,1732.6666666666667,1614.7333333333333,82.55,74.1,61.0,61.333333333333336,1,injured,0.17563152216464115
70314,6552,http://live.fanfooty.com.au/game/matchcentre.html?id=6552,R6,2018,295285.0,Jackson,Merrett,ES,1.0,20.0,35,25.0,17.0,27.0,3.0,5.0,0.0,1.0,0.0,0.0,1.0,0.0,0.0,Full Time,pocket,%P... Starting deep forward,,,330700.0,7.0,242500.0,12.0,Midfielder,20.0,1.0,71.0,65.0,0.22,0.0,0.33,349000.0,39.0,,4.0,0.0,2.0,100.0,80.0,,,False,1615,1648,7.0,6552_ES,95.80000000000001,0,74.0,0,6.666666666666667,8.466666666666667,6.666666666666667,8.2,4.0,4.8,1.3333333333333333,1.8,0.0,0.0,0.6666666666666666,0.4,0.6666666666666666,0.4,0.0,0.26666666666666666,0.0,0.4666666666666667,0.13333333333333452,0.16933333333333336,0.14666666666666667,0.3473333333333333,0.32,0.29133333333333333,5.0,5.533333333333333,0.3333333333333333,1.2,1.3333333333333333,1.4,80.66666666666667,76.53333333333333,84.33333333333333,77.53333333333333,,,1672.3333333333333,1595.4,1603.3333333333333,1674.1333333333334,56.85,60.7,57.4,47.666666666666664,1,pocket,0.048776772527180025
70801,6563,http://live.fanfooty.com.au/game/matchcentre.html?id=6563,R7,2018,280104.0,Jarryd,Blair,CO,13.0,64.0,68,51.0,50.0,69.0,8.0,8.0,3.0,4.0,0.0,2.0,1.0,0.0,0.0,Full Time,wing,%D and %M with %T... Rotating forward and midfield,,,367400.0,18.0,328900.0,55.0,Forward,11.0,1.0,75.0,70.0,0.08,0.13,0.13,384000.0,45.0,,6.0,1.0,1.0,75.0,79.0,,,False,1603,1665,8.0,6563_CO,95.80000000000001,0,75.0,0,6.0,5.133333333333334,9.666666666666666,7.866666666666666,2.6666666666666665,2.2,3.6666666666666665,4.2,0.0,0.0,1.6666666666666667,0.9333333333333333,1.0,1.0666666666666667,0.3333333333333333,0.8666666666666667,0.0,0.4666666666666667,0.07333333333333335,0.10866666666666668,0.12333333333333336,0.21933333333333335,0.31,0.526,6.666666666666667,6.466666666666667,0.6666666666666666,1.2,1.6666666666666667,2.3333333333333335,74.0,70.8,75.33333333333333,78.66666666666667,,,1667.6666666666667,1712.8,1602.0,1548.2666666666667,63.25,62.9,64.4,67.0,1,wing,0.08738499682016246
71299,6575,http://live.fanfooty.com.au/game/matchcentre.html?id=6575,R9,2018,250111.0,Matt,Rosa,GC,7.0,30.0,37,37.0,26.0,36.0,4.0,4.0,1.0,1.0,0.0,0.0,1.0,1.0,0.0,Full Time,in,First goal... %l Jack Martin... and scored %s,wing,Playing an outside game,488500.0,93.0,368300.0,100.0,Midfielder,3.0,4.0,72.75,68.75,0.13,0.09,0.07,506000.0,85.0,,3.0,1.0,2.0,50.0,44.0,,,False,1726,1552,10.0,6575_GC,99.0,0,75.0,0,8.0,10.466666666666667,8.333333333333334,11.0,1.6666666666666667,4.0,2.0,2.6666666666666665,0.0,0.0,0.3333333333333333,0.8,0.3333333333333333,0.9333333333333333,0.3333333333333333,0.13333333333333333,0.3333333333333333,0.13333333333333333,0.14,0.15266666666666667,0.06333333333333334,0.18933333333333335,0.07666666666666666,0.16199999999999998,5.333333333333333,6.933333333333334,1.0,2.1333333333333333,1.6666666666666667,2.533333333333333,56.666666666666664,73.0,68.66666666666667,83.0,,,1480.3333333333333,1525.2666666666667,1785.0,1743.2,74.8,70.5,62.4,53.0,1,in,0.03398123561840034
71730,6585,http://live.fanfooty.com.au/game/matchcentre.html?id=6585,R10,2018,292503.0,Stewart,Crameri,GE,9.0,43.0,42,56.0,37.0,49.0,6.0,3.0,3.0,2.0,0.0,1.0,2.0,1.0,1.0,Full Time,spearhead,%s from %O and %M plus %T... Stood by O'Shea,,,292700.0,16.0,257300.0,25.0,Forward,36.0,2.0,60.5,65.0,0.3,0.48,0.55,356000.0,39.0,,4.0,0.0,2.0,44.0,90.0,,,False,1572,1700,11.0,6585_GE,101.0,0,75.0,0,6.333333333333333,8.066666666666666,5.333333333333333,6.0,5.333333333333333,4.533333333333333,2.0,2.6666666666666665,0.0,0.0,0.6666666666666666,0.8,2.0,1.5333333333333334,1.0,1.8666666666666667,1.0,1.2,0.28666666666666657,0.37733333333333335,0.47000000000000014,0.4726666666666667,0.45999999999999996,0.31933333333333336,4.666666666666667,6.066666666666666,0.0,0.6666666666666666,2.3333333333333335,2.6666666666666665,60.0,68.26666666666667,87.33333333333333,69.8,,,1558.0,1677.7333333333333,1713.6666666666667,1581.2,70.65,63.9,59.2,61.0,1,spearhead,0.13704260829171136
71775,6586,http://live.fanfooty.com.au/game/matchcentre.html?id=6586,R10,2018,291777.0,Dylan,Buckley,WS,9.0,31.0,29,40.0,33.0,45.0,6.0,2.0,3.0,0.0,0.0,0.0,4.0,2.0,0.0,Full Time,spud,%s from %O and %M... gave away %F,wing,Playing a forward role,155900.0,-1.0,158300.0,1.0,Forward,43.0,1.0,37.0,47.0,0.55,0.68,0.13,299000.0,53.0,,4.0,0.0,6.0,62.0,65.0,,,False,1619,1657,11.0,6586_WS,101.0,0,75.0,0,4.666666666666667,7.8,3.0,5.8,1.3333333333333333,3.0,1.6666666666666667,2.7333333333333334,0.0,0.0,0.6666666666666666,0.4666666666666667,1.3333333333333333,0.9333333333333333,0.6666666666666666,0.7333333333333333,0.0,0.6666666666666666,0.34,1.0313333333333332,0.48,0.6513333333333333,0.09666666666666668,1.8353333333333333,4.0,3.8,0.0,0.4666666666666667,2.3333333333333335,2.6666666666666665,65.0,69.8,63.0,72.73333333333333,,,1518.3333333333333,1552.2666666666667,1767.3333333333333,1715.5333333333333,57.55,55.5,47.2,36.0,1,spud,0.00011728089287190429
71896,6589,http://live.fanfooty.com.au/game/matchcentre.html?id=6589,R10,2018,250063.0,Danyle,Pearce,FR,9.0,60.0,55,78.0,45.0,63.0,5.0,8.0,3.0,5.0,0.0,0.0,0.0,0.0,0.0,Full Time,wing,%O and %M plus %T... Coming off a wing,,,420300.0,64.0,321600.0,83.0,Midfielder,6.0,2.0,66.5,55.5,0.03,0.07,0.05,490000.0,82.0,,7.0,4.0,1.0,92.0,68.0,,,False,1631,1642,11.0,6589_FR,101.0,0,75.0,0,7.666666666666667,11.666666666666666,6.666666666666667,7.333333333333333,3.6666666666666665,3.3333333333333335,3.6666666666666665,2.8666666666666667,0.0,0.0,0.3333333333333333,0.6,0.0,0.26666666666666666,0.3333333333333333,0.3333333333333333,0.0,0.06666666666666667,0.02,0.1913333333333333,0.04666666666666652,0.19799999999999998,0.03,0.19799999999999998,4.666666666666667,6.133333333333334,2.3333333333333335,1.4666666666666666,1.6666666666666667,2.2666666666666666,76.0,67.2,73.0,79.33333333333333,,,1595.6666666666667,1549.3333333333333,1668.6666666666667,1716.7333333333333,70.3,62.2,51.2,55.333333333333336,1,wing,0.09676904134181036
72526,6603,http://live.fanfooty.com.au/game/matchcentre.html?id=6603,R12,2018,290748.0,Josh,Green,ES,10.0,45.0,48,39.0,41.0,55.0,4.0,8.0,2.0,2.0,0.0,2.0,2.0,1.0,1.0,Full Time,pocket,%s from %O and %M plus %T... Playing a FP role,,,374100.0,106.0,328000.0,121.0,Forward,15.0,5.0,52.0,60.17,0.0,0.0,0.22,385000.0,93.0,,8.0,1.0,4.0,75.0,80.0,,,False,1611,1636,13.0,6603_ES,98.0,0,73.0,0,7.333333333333333,7.6,5.333333333333333,4.066666666666666,2.3333333333333335,2.1333333333333333,3.0,3.066666666666667,0.0,0.0,1.3333333333333333,0.9333333333333333,0.6666666666666666,0.6666666666666666,1.3333333333333333,1.2,0.6666666666666666,1.4666666666666666,0.0,0.17133333333333337,0.0,0.16333333333333336,0.37333333333333335,0.264,8.333333333333334,5.866666666666666,1.3333333333333333,0.6666666666666666,2.3333333333333335,2.0,73.66666666666667,63.733333333333334,78.33333333333333,75.13333333333334,,,1581.3333333333333,1657.3333333333333,1669.6666666666667,1600.8666666666666,59.8,61.6,69.8,69.33333333333333,1,pocket,0.07298338236629343
72654,6606,http://live.fanfooty.com.au/game/matchcentre.html?id=6606,R13,2018,298307.0,Lukas,Webb,WB,3.0,42.0,34,28.0,31.0,42.0,7.0,3.0,1.0,3.0,0.0,3.0,1.0,0.0,0.0,Full Time,wing,%D and %T... aided by %4FF... Starting forward,,,308500.0,46.0,257000.0,41.0,Midfielder,19.0,4.0,47.4,53.8,0.0,0.0,0.39,323000.0,53.0,,5.0,3.0,5.0,50.0,81.0,,,False,1912,1368,14.0,6606_WB,97.0,0,76.5,0,5.333333333333333,5.466666666666667,5.666666666666667,5.933333333333334,1.0,2.066666666666667,2.6666666666666665,3.2666666666666666,0.0,0.06666666666666667,1.3333333333333333,0.8,1.3333333333333333,0.6,0.3333333333333333,0.4,0.3333333333333333,0.4,0.15,0.498,0.35333333333333333,0.6246666666666667,0.39333333333333337,0.7333333333333333,5.0,4.8,1.3333333333333333,1.7333333333333334,2.6666666666666665,1.3333333333333333,64.0,72.8,75.33333333333333,75.13333333333334,,,1597.0,1601.4,1674.3333333333333,1667.8,50.4,54.9,51.0,44.333333333333336,1,wing,0.04095189501486641
72816,6610,http://live.fanfooty.com.au/game/matchcentre.html?id=6610,R13,2018,250557.0,Sam,Gibson,AD,9.0,78.0,82,49.0,64.0,87.0,12.0,11.0,5.0,1.0,0.0,1.0,0.0,0.0,0.0,Full Time,heart,Hamstring problem in Q2 but soldiered on... %D and %M,wing,Playing outside midfield,570100.0,87.0,429100.0,92.0,Midfielder,20.0,4.0,89.2,82.2,0.0,0.0,0.15,579000.0,85.0,,9.0,3.0,0.0,78.0,66.0,,,True,1841,1448,14.0,6610_AD,97.0,0,76.5,1,14.666666666666666,11.533333333333333,9.0,10.4,5.666666666666667,4.733333333333333,1.6666666666666667,2.933333333333333,0.0,0.0,1.3333333333333333,0.8,0.3333333333333333,0.6666666666666666,0.3333333333333333,0.26666666666666666,0.3333333333333333,0.26666666666666666,0.0,0.24866666666666667,0.0,0.218,0.13666666666666663,0.19399999999999998,9.0,7.6,2.3333333333333335,2.2,0.6666666666666666,2.066666666666667,69.0,70.0,76.66666666666667,84.46666666666667,,,1531.3333333333333,1536.5333333333333,1744.6666666666667,1741.6,81.75,82.6,82.2,87.33333333333333,1,heart,0.2783496325432028
72850,6611,http://live.fanfooty.com.au/game/matchcentre.html?id=6611,R13,2018,296161.0,Cory,Gregson,GE,1.0,19.0,25,24.0,19.0,29.0,4.0,4.0,1.0,0.0,0.0,0.0,2.0,0.0,2.0,Full Time,wing,%s from %D... Playing an outside game,,,298400.0,45.0,260800.0,51.0,Forward,28.0,9.0,47.8,50.9,0.0,0.0,0.39,311000.0,48.0,,4.0,1.0,2.0,75.0,67.0,,,False,1732,1545,14.0,6611_GE,97.0,0,76.5,0,4.333333333333333,5.8,3.0,4.733333333333333,1.0,2.6,4.333333333333333,3.8,0.0,0.0,0.6666666666666666,0.6,1.0,0.8666666666666667,0.0,0.3333333333333333,1.3333333333333333,0.5333333333333333,0.15333333333333335,0.19733333333333333,0.34,0.398,0.44,0.4366666666666667,3.0,3.8666666666666667,0.6666666666666666,0.4666666666666667,1.0,1.8,73.66666666666667,72.26666666666667,79.0,76.46666666666667,,,1546.3333333333333,1650.2,1721.3333333333333,1616.4666666666667,50.55,47.6,48.2,40.333333333333336,1,wing,0.03645369674847268
72979,6614,http://live.fanfooty.com.au/game/matchcentre.html?id=6614,R14,2018,290683.0,Will,Langford,HW,4.0,46.0,55,57.0,37.0,51.0,5.0,8.0,2.0,2.0,0.0,1.0,0.0,0.0,0.0,Full Time,wing,%D and %M with %T... Mostly forward,,,410200.0,82.0,287100.0,75.0,Midfielder,29.0,4.0,46.4,39.0,0.0,0.0,0.25,395000.0,83.0,,5.0,0.0,0.0,69.0,74.0,,,False,1389,1864,15.0,6614_HW,97.60000000000002,0,74.0,0,7.666666666666667,9.333333333333334,5.0,6.866666666666666,2.0,3.533333333333333,2.0,2.933333333333333,0.0,0.0,1.0,0.8,0.0,0.6666666666666666,0.0,0.4,0.3333333333333333,0.6666666666666666,0.05666666666666675,0.5619999999999999,0.13333333333333333,0.5413333333333334,0.2466666666666666,0.7193333333333333,4.0,6.866666666666666,0.3333333333333333,1.8666666666666667,2.3333333333333335,3.066666666666667,46.0,60.6,72.33333333333333,74.8,,,1755.3333333333333,1680.1333333333334,1516.3333333333333,1590.9333333333334,62.35,53.6,44.2,38.333333333333336,1,wing,0.07039923953699326
73087,6616,http://live.fanfooty.com.au/game/matchcentre.html?id=6616,R14,2018,296198.0,Billy,Hartung,NM,1.0,21.0,26,17.0,17.0,24.0,2.0,5.0,0.0,1.0,0.0,1.0,0.0,0.0,0.0,Full Time,in,%l Ben Jacobs... %O with %b by hand,injured,Playing outside midfield... left hamstring soreness in Q2 and iced up,431200.0,96.0,324600.0,95.0,Midfielder,39.0,12.0,69.31,66.85,0.0,0.0,0.57,446000.0,92.0,,3.0,0.0,0.0,100.0,29.0,,,True,1700,1566,15.0,6616_NM,97.60000000000002,0,74.0,0,4.666666666666667,9.666666666666666,10.0,10.133333333333333,4.0,4.333333333333333,2.0,2.2666666666666666,0.0,0.0,0.3333333333333333,0.3333333333333333,0.3333333333333333,0.6,0.3333333333333333,0.4666666666666667,0.0,0.3333333333333333,0.09333333333333334,0.19733333333333333,0.26333333333333336,0.46199999999999997,0.57,0.544,4.333333333333333,6.0,0.0,1.5333333333333334,0.3333333333333333,2.6,81.66666666666667,71.2,62.333333333333336,77.8,,,1653.3333333333333,1665.6666666666667,1626.0,1605.9333333333334,72.05,64.9,56.4,57.333333333333336,1,in,0.025469915101042184
73270,6621,http://live.fanfooty.com.au/game/matchcentre.html?id=6621,R15,2018,290306.0,Curtly,Hampton,AD,15.0,70.0,75,90.0,53.0,72.0,7.0,7.0,3.0,5.0,0.0,0.0,0.0,1.0,0.0,Full Time,wing,%P and %M plus %T... %s as well... Starting at half forward,,,440000.0,96.0,332300.0,111.0,Back,17.0,1.0,54.0,45.0,0.1,0.2,0.12,430000.0,77.0,,9.0,0.0,3.0,64.0,79.0,,,False,1580,1680,16.0,6621_AD,101.0,0,73.0,1,6.333333333333333,7.0,4.333333333333333,6.333333333333333,3.0,2.8,4.0,4.733333333333333,0.0,0.0,0.0,0.3333333333333333,0.0,0.9333333333333333,0.6666666666666666,0.26666666666666666,0.0,0.13333333333333333,15.71,26.649333333333335,17.13,21.663999999999998,13.56,18.28933333333333,4.666666666666667,5.666666666666667,1.3333333333333333,1.3333333333333333,1.6666666666666667,2.2666666666666666,72.66666666666667,68.26666666666667,61.666666666666664,63.333333333333336,,,1630.3333333333333,1681.8666666666666,1627.0,1593.6,55.55,61.4,54.0,57.0,1,wing,0.04657576956423511
73538,6627,http://live.fanfooty.com.au/game/matchcentre.html?id=6627,R16,2018,295695.0,Dean,Towers,SY,7.0,30.0,31,40.0,24.0,38.0,2.0,6.0,0.0,4.0,2.0,0.0,2.0,0.0,0.0,Full Time,wing,%O with %b by hand... also %T... Starting forward on Henry,,,381400.0,110.0,339600.0,119.0,Forward,22.0,7.0,54.71,63.29,0.07,0.1,0.05,394000.0,95.0,,4.0,0.0,3.0,62.0,85.0,,,False,1727,1538,17.0,6627_SY,101.0,0,73.0,0,4.666666666666667,7.066666666666666,7.0,6.8,2.3333333333333335,3.466666666666667,2.6666666666666665,3.533333333333333,2.3333333333333335,2.4,0.3333333333333333,0.9333333333333333,1.3333333333333333,1.0,0.6666666666666666,0.6,0.3333333333333333,0.5333333333333333,0.05666666666666667,0.08333333333333333,0.08333333333333333,0.11866666666666667,0.08333333333333341,0.096,6.333333333333333,6.8,1.3333333333333333,1.4666666666666666,2.6666666666666665,2.7333333333333334,72.66666666666667,70.0,75.33333333333333,74.93333333333334,,,1578.3333333333333,1644.8,1691.3333333333333,1626.2666666666667,67.15,67.7,62.6,56.333333333333336,1,wing,0.0896290006563062
73688,6630,http://live.fanfooty.com.au/game/matchcentre.html?id=6630,R16,2018,294317.0,Nathan,Wright,SK,2.0,20.0,34,19.0,23.0,33.0,1.0,8.0,2.0,0.0,0.0,1.0,2.0,0.0,0.0,Full Time,guard,%P with %b by hand... also %M... Playing small defender,,,246900.0,58.0,183300.0,48.0,Forward,34.0,1.0,29.0,32.0,0.06,0.24,0.11,252000.0,47.0,,7.0,0.0,3.0,77.0,72.0,,,False,1888,1415,17.0,6630_SK,101.0,0,73.0,0,1.6666666666666667,4.4,5.666666666666667,5.0,1.3333333333333333,1.7333333333333334,1.6666666666666667,3.466666666666667,0.0,0.0,0.6666666666666666,0.7333333333333333,0.6666666666666666,0.6,0.0,0.5333333333333333,0.3333333333333333,0.5333333333333333,0.08,0.08266666666666667,0.27,0.15,0.13333333333333333,0.09733333333333333,3.6666666666666665,4.133333333333334,0.0,0.4666666666666667,1.6666666666666667,1.1333333333333333,77.33333333333333,71.4,68.0,73.06666666666666,,,1481.0,1602.6,1797.6666666666667,1664.8666666666666,45.95,43.9,38.2,32.0,1,guard,0.034520776922330874
73782,6633,http://live.fanfooty.com.au/game/matchcentre.html?id=6633,R16,2018,290802.0,Ben,Jacobs,NM,25.0,95.0,102,117.0,76.0,106.0,11.0,15.0,3.0,4.0,0.0,0.0,0.0,1.0,1.0,Full Time,tagger,%P and %M plus %T... %s as well... Tagging Swallow,,,515000.0,104.0,427000.0,104.0,Midfielder,5.0,12.0,76.08,78.42,2.2,1.78,3.12,520000.0,83.0,,8.0,4.0,3.0,65.0,82.0,,,False,1424,1851,17.0,6633_NM,101.0,1,73.0,1,8.666666666666666,7.4,14.333333333333334,11.0,2.0,2.4,3.6666666666666665,6.6,0.0,0.0,1.6666666666666667,1.2,2.0,2.0,1.0,0.4,0.3333333333333333,0.13333333333333333,0.7333333333333334,1.8433333333333335,0.5933333333333334,0.9566666666666666,4.363333333333333,3.8973333333333335,9.0,8.133333333333333,3.3333333333333335,2.7333333333333334,3.3333333333333335,3.6,72.33333333333333,71.4,83.0,81.86666666666666,,,1678.3333333333333,1651.5333333333333,1602.6666666666667,1616.0,70.25,82.5,93.2,86.33333333333333,1,tagger,0.14224753148917343
74070,6639,http://live.fanfooty.com.au/game/matchcentre.html?id=6639,R17,2018,295608.0,Shane,Biggs,WB,12.0,62.0,66,49.0,44.0,63.0,8.0,7.0,1.0,5.0,0.0,1.0,0.0,0.0,0.0,Full Time,pocket,%D and %T... Playing a small forward role today,,,485400.0,128.0,366800.0,164.0,Back,24.0,3.0,54.67,35.33,0.09,0.13,0.11,484000.0,114.0,,5.0,0.0,1.0,80.0,78.0,,,False,1726,1532,18.0,6639_WB,96.80000000000001,0,74.0,0,7.333333333333333,12.6,4.666666666666667,6.266666666666667,2.0,4.733333333333333,4.333333333333333,2.1333333333333333,0.0,0.0,0.6666666666666666,0.3333333333333333,0.6666666666666666,0.4666666666666667,0.3333333333333333,0.06666666666666667,0.3333333333333333,0.06666666666666667,0.06,0.16999999999999998,0.08666666666666667,0.206,0.10666666666666667,0.26266666666666666,3.6666666666666665,4.0,0.3333333333333333,0.2,1.6666666666666667,1.5333333333333334,64.0,76.2,79.0,81.33333333333333,,,1483.3333333333333,1593.3333333333333,1780.0,1674.8666666666666,71.65,61.0,44.0,47.0,1,pocket,0.08440827939932664
74390,6647,http://live.fanfooty.com.au/game/matchcentre.html?id=6647,R18,2018,296840.0,Harry,Marsh,SY,13.0,68.0,74,91.0,54.0,72.0,12.0,3.0,7.0,2.0,0.0,0.0,1.0,0.0,0.0,Full Time,job,%D including %K... also %M and %T... In defence,,,332600.0,65.0,296400.0,82.0,Back,31.0,8.0,50.11,56.89,0.0,0.0,0.16,339000.0,53.0,,1.0,0.0,1.0,86.0,74.0,,,False,1626,1658,19.0,6647_SY,100.0,0,74.0,1,10.0,8.133333333333333,4.666666666666667,7.266666666666667,4.666666666666667,3.933333333333333,1.3333333333333333,1.4,0.0,0.0,0.3333333333333333,0.3333333333333333,0.6666666666666666,0.5333333333333333,0.0,0.0,0.0,0.13333333333333333,0.03666666666666667,0.5253333333333333,0.04333333333333341,0.33533333333333337,0.15,1.1786666666666668,3.0,4.066666666666666,0.0,0.06666666666666667,2.0,2.0,81.66666666666667,78.06666666666666,77.33333333333333,81.4,,,1709.0,1667.9333333333334,1567.3333333333333,1600.4666666666667,54.95,58.1,63.0,63.0,1,job,0.05370030544879556
74560,6651,http://live.fanfooty.com.au/game/matchcentre.html?id=6651,R18,2018,290790.0,Matt,Shaw,CA,13.0,76.0,65,94.0,65.0,87.0,9.0,12.0,7.0,1.0,0.0,0.0,0.0,0.0,0.0,Full Time,guard,%D and %M... In defence,,,304100.0,48.0,180300.0,39.0,Midfielder,37.0,1.0,48.0,35.5,0.0,0.0,0.12,368000.0,68.0,,3.0,0.0,1.0,81.0,91.0,,,False,1759,1497,19.0,6651_CA,100.0,0,74.0,0,9.666666666666666,10.266666666666667,8.333333333333334,7.466666666666667,4.333333333333333,5.066666666666666,0.6666666666666666,1.2666666666666666,0.0,0.13333333333333333,0.0,0.3333333333333333,0.3333333333333333,0.2,0.3333333333333333,0.13333333333333333,0.3333333333333333,0.06666666666666667,0.04333333333333348,0.106,0.13999999999999999,0.22466666666666668,0.08666666666666667,0.17266666666666666,2.6666666666666665,4.2,0.6666666666666666,0.8666666666666667,3.3333333333333335,1.9333333333333333,67.33333333333333,73.26666666666667,83.33333333333333,82.4,,,1494.0,1553.4,1766.6666666666667,1710.4666666666667,62.95,53.5,45.6,49.666666666666664,1,guard,0.09763106337419025
74632,6652,http://live.fanfooty.com.au/game/matchcentre.html?id=6652,R18,2018,296367.0,Tom,Boyd,WB,5.0,44.0,53,30.0,38.0,52.0,6.0,5.0,0.0,2.0,13.0,1.0,2.0,0.0,0.0,Full Time,ruck,%H... also %P and %T... In the ruck and up forward,,,417300.0,79.0,343500.0,70.0,Ruck,17.0,11.0,64.75,68.08,0.0,0.0,1.24,425000.0,58.0,,4.0,1.0,2.0,63.0,72.0,,,False,1830,1447,19.0,6652_WB,100.0,0,74.0,0,4.666666666666667,5.266666666666667,7.666666666666667,6.666666666666667,0.3333333333333333,2.2666666666666666,3.0,2.533333333333333,22.666666666666668,18.8,2.0,1.4,1.3333333333333333,1.0666666666666667,0.0,0.6666666666666666,0.0,0.3333333333333333,0.5466666666666667,1.9093333333333333,0.8666666666666667,2.832,1.3333333333333333,4.8453333333333335,7.0,6.6,2.0,1.7333333333333334,2.6666666666666665,2.466666666666667,56.666666666666664,63.86666666666667,77.66666666666667,82.73333333333333,,,1529.0,1586.6666666666667,1741.0,1676.5333333333333,68.35,67.5,68.0,72.66666666666667,1,ruck,0.18380347870056674
74655,6653,http://live.fanfooty.com.au/game/matchcentre.html?id=6653,R18,2018,261909.0,Lindsay,Thomas,PA,2.0,33.0,33,40.0,28.0,35.0,3.0,5.0,2.0,1.0,0.0,2.0,0.0,0.0,2.0,Full Time,pocket,%s from %O and %M... Starting deep forward,,,404400.0,72.0,297100.0,94.0,Forward,48.0,6.0,60.29,54.29,0.0,0.0,0.11,411000.0,62.0,,4.0,0.0,1.0,50.0,63.0,,,False,1726,1548,19.0,6653_PA,100.0,0,74.0,0,7.0,7.866666666666666,4.0,4.533333333333333,1.6666666666666667,2.8,3.6666666666666665,3.8,0.0,0.0,1.3333333333333333,1.1333333333333333,0.0,1.2,0.0,0.6,1.0,0.8666666666666667,0.06,0.078,0.10666666666666665,0.14933333333333332,0.10333333333333326,0.12266666666666667,4.0,4.866666666666666,0.3333333333333333,0.4666666666666667,2.0,2.6,46.0,60.46666666666667,73.33333333333333,73.33333333333333,,,1657.3333333333333,1653.4666666666667,1622.3333333333333,1616.7333333333333,56.1,55.9,51.6,41.333333333333336,1,pocket,0.05256456402985943
74804,6656,http://live.fanfooty.com.au/game/matchcentre.html?id=6656,R19,2018,296214.0,Jake,Barrett,BL,9.0,47.0,50,46.0,43.0,57.0,2.0,11.0,3.0,1.0,0.0,0.0,0.0,1.0,0.0,Full Time,pocket,%D with %b by hand... also %M... and booted %s... Playing a FP role,,,411500.0,111.0,329300.0,108.0,Midfielder,43.0,4.0,53.0,58.0,0.09,0.05,0.02,410000.0,86.0,,6.0,0.0,1.0,69.0,76.0,,,False,1775,1486,20.0,6656_BL,98.80000000000001,0,75.0,0,2.3333333333333335,5.4,8.666666666666666,9.066666666666666,3.0,3.066666666666667,2.3333333333333335,3.6,0.0,0.0,0.0,0.4,1.0,0.8,0.6666666666666666,0.9333333333333333,0.0,0.4666666666666667,0.056666666666666664,20.332,0.03333333333333333,14.148666666666667,0.02,14.7,4.0,5.333333333333333,0.0,0.5333333333333333,2.3333333333333335,2.1333333333333333,72.0,75.66666666666667,74.66666666666667,83.0,,,1595.0,1644.8,1670.3333333333333,1625.7333333333333,63.3,64.8,58.0,48.0,1,pocket,0.06243986166061489
74994,6661,http://live.fanfooty.com.au/game/matchcentre.html?id=6661,R19,2018,296369.0,Mitch,Honeychurch,WB,7.0,45.0,54,60.0,30.0,40.0,7.0,2.0,0.0,4.0,0.0,3.0,0.0,0.0,1.0,Full Time,wing,%O with %k by foot... also %T... and booted %s... helped out by %4FF... At half forward,,,414700.0,71.0,275800.0,69.0,Midfielder,22.0,12.0,66.92,60.17,0.07,0.12,0.16,436000.0,77.0,,6.0,1.0,0.0,55.0,79.0,,,False,1712,1540,20.0,6661_WB,98.80000000000001,0,75.0,0,6.666666666666667,8.2,5.0,6.733333333333333,2.0,4.066666666666666,4.333333333333333,4.133333333333334,0.0,0.0,2.6666666666666665,1.6666666666666667,0.0,1.2666666666666666,0.0,0.26666666666666666,0.6666666666666666,0.4666666666666667,0.05666666666666667,0.17600000000000002,0.08333333333333333,0.16533333333333336,0.16333333333333333,0.322,5.666666666666667,5.533333333333333,0.6666666666666666,1.3333333333333333,0.6666666666666666,2.7333333333333334,57.0,68.46666666666667,75.33333333333333,81.13333333333334,,,1506.3333333333333,1612.9333333333334,1756.0,1654.4,61.05,57.3,52.4,51.333333333333336,1,wing,0.07002795663218117
75129,6664,http://live.fanfooty.com.au/game/matchcentre.html?id=6664,R20,2018,261386.0,Brendan,Whitecross,HW,8.0,44.0,31,55.0,36.0,45.0,6.0,3.0,3.0,1.0,0.0,1.0,0.0,1.0,0.0,Full Time,wing,%D and %M plus %s... Starting on a HFF,,,420600.0,66.0,312900.0,73.0,Back,11.0,4.0,66.75,63.5,0.05,0.05,0.03,452000.0,83.0,,3.0,0.0,2.0,55.0,69.0,,,False,1540,1715,21.0,6664_HW,99.80000000000001,0,73.0,0,6.666666666666667,7.6,5.333333333333333,5.733333333333333,3.6666666666666665,4.8,2.6666666666666665,2.6,0.0,0.0,0.3333333333333333,0.4666666666666667,0.3333333333333333,0.6,0.3333333333333333,0.3333333333333333,0.3333333333333333,0.4666666666666667,0.03333333333333333,0.198,0.03333333333333333,0.404,0.03,0.4026666666666667,4.0,3.8666666666666667,0.3333333333333333,0.8666666666666667,2.6666666666666665,1.6,69.66666666666667,79.06666666666666,70.66666666666667,72.8,,,1764.0,1621.4666666666667,1481.3333333333333,1638.2,62.0,56.6,51.8,43.333333333333336,1,wing,0.06683238805805199
75292,6668,http://live.fanfooty.com.au/game/matchcentre.html?id=6668,R20,2018,250338.0,Nick,Smith,SY,13.0,77.0,70,100.0,61.0,78.0,10.0,6.0,7.0,3.0,0.0,2.0,0.0,0.0,0.0,Full Time,guard,%O and %M plus %T... Playing small defender,,,370500.0,75.0,301300.0,100.0,Back,40.0,17.0,61.47,64.82,1.13,1.36,1.47,376000.0,71.0,,3.0,0.0,1.0,75.0,85.0,,,False,1614,1659,21.0,6668_SY,99.80000000000001,0,73.0,0,6.0,6.8,5.333333333333333,7.8,5.0,4.6,3.3333333333333335,2.6666666666666665,0.0,0.0,1.6666666666666667,1.2666666666666666,0.6666666666666666,0.4,0.0,0.0,0.0,0.06666666666666667,0.37666666666666665,0.6153333333333334,0.45333333333333337,0.6853333333333332,1.49,1.4413333333333331,4.0,5.133333333333334,0.3333333333333333,0.3333333333333333,1.6666666666666667,1.5333333333333334,80.33333333333333,77.66666666666667,88.33333333333333,90.73333333333333,,,1586.3333333333333,1666.4,1689.0,1603.9333333333334,63.75,63.7,56.6,57.666666666666664,1,guard,0.07671615338808384
75344,6669,http://live.fanfooty.com.au/game/matchcentre.html?id=6669,R20,2018,290540.0,Cam,O'Shea,CA,2.0,29.0,13,40.0,19.0,27.0,4.0,1.0,1.0,3.0,0.0,0.0,0.0,0.0,0.0,Full Time,job,%P with %k by foot... also %T... Responsible for Himmelberg,,,326200.0,57.0,199800.0,68.0,Back,24.0,10.0,52.0,39.4,2.53,4.46,7.53,338000.0,60.0,,1.0,0.0,4.0,0.0,82.0,,,False,1986,1299,21.0,6669_CA,99.80000000000001,0,73.0,0,7.666666666666667,8.266666666666667,2.3333333333333335,4.133333333333334,3.6666666666666665,3.2,2.0,2.8666666666666667,0.0,0.13333333333333333,0.3333333333333333,0.7333333333333333,1.6666666666666667,1.8666666666666667,0.0,0.0,0.0,0.0,0.8433333333333336,2.4253333333333336,1.4866666666666666,2.5686666666666667,8.846666666666666,7.494666666666666,3.0,3.1333333333333333,0.0,0.3333333333333333,6.333333333333333,4.533333333333333,36.666666666666664,61.93333333333333,79.66666666666667,80.33333333333333,,,1433.6666666666667,1516.1333333333334,1832.0,1746.5333333333333,44.95,35.9,28.8,22.333333333333332,1,job,0.037744705813842754
75388,6670,http://live.fanfooty.com.au/game/matchcentre.html?id=6670,R20,2018,261142.0,Bernie,Vince,ME,9.0,52.0,57,68.0,38.0,54.0,4.0,7.0,2.0,5.0,0.0,0.0,0.0,0.0,0.0,Full Time,guard,%D and %M with %T... In defence,,,339100.0,45.0,276500.0,37.0,Back,23.0,15.0,60.53,66.13,0.53,1.08,1.14,349000.0,67.0,,5.0,1.0,1.0,72.0,85.0,,,False,1251,2036,21.0,6670_ME,99.80000000000001,0,73.0,0,8.333333333333334,9.933333333333334,6.666666666666667,6.333333333333333,2.3333333333333335,2.6666666666666665,2.0,2.4,0.0,0.0,0.3333333333333333,0.6,0.6666666666666666,0.8666666666666667,0.0,0.06666666666666667,0.0,0.06666666666666667,0.35333333333333306,0.3333333333333333,0.7200000000000001,0.5946666666666667,1.079999999999999,1.0806666666666667,4.0,5.133333333333334,0.6666666666666666,0.9333333333333333,2.3333333333333335,2.3333333333333335,69.66666666666667,72.4,80.33333333333333,83.8,,,1720.0,1708.5333333333333,1544.6666666666667,1559.4666666666667,64.25,52.8,53.0,56.0,1,guard,0.08456640876305026
75398,6670,http://live.fanfooty.com.au/game/matchcentre.html?id=6670,R20,2018,294583.0,Jesse,Lonergan,GC,15.0,62.0,62,61.0,48.0,69.0,6.0,7.0,3.0,7.0,0.0,2.0,3.0,0.0,0.0,Full Time,shovel,%D and %M with %T... gave away %F... In the midfield,,,421800.0,66.0,348000.0,64.0,Midfielder,7.0,3.0,63.33,73.0,0.04,0.11,0.08,455000.0,62.0,,9.0,5.0,4.0,69.0,78.0,,,False,2036,1251,21.0,6670_GC,99.80000000000001,0,73.0,0,7.0,6.266666666666667,9.333333333333334,10.2,1.3333333333333333,2.6,6.333333333333333,4.533333333333333,0.0,0.0,0.6666666666666666,0.7333333333333333,1.3333333333333333,1.0,0.0,0.13333333333333333,0.0,0.0,0.02666666666666667,0.35333333333333333,0.07333333333333333,0.22533333333333333,0.07333333333333335,0.21,10.333333333333334,7.533333333333333,5.333333333333333,3.0,3.3333333333333335,2.2,67.0,71.26666666666667,79.0,75.2,,,1455.0,1525.8666666666666,1825.0,1739.3333333333333,63.3,69.3,77.0,74.0,1,shovel,0.1251104888987448
75767,6679,http://live.fanfooty.com.au/game/matchcentre.html?id=6679,R21,2018,292029.0,Cameron,Pedersen,ME,11.0,53.0,57,67.0,43.0,55.0,6.0,4.0,4.0,2.0,1.0,0.0,0.0,1.0,0.0,Full Time,switch,%s from %O and %M plus %T... Moved forward in Q3,,,508100.0,159.0,421400.0,177.0,Forward,21.0,3.0,50.33,57.67,0.21,0.29,0.22,495000.0,127.0,,5.0,1.0,2.0,80.0,83.0,,,False,1738,1553,22.0,6679_ME,100.80000000000001,0,75.0,0,5.0,6.866666666666666,4.0,7.6,3.0,4.266666666666667,2.3333333333333335,3.066666666666667,3.0,5.733333333333333,0.6666666666666666,0.9333333333333333,0.6666666666666666,1.0,0.3333333333333333,0.8,0.0,0.4,0.57,2.558,0.5333333333333333,1.5539999999999998,0.44000000000000017,2.8173333333333335,4.333333333333333,6.133333333333334,1.0,0.8,2.6666666666666665,2.2666666666666666,69.66666666666667,74.86666666666666,81.0,84.73333333333333,,,1621.3333333333333,1617.7333333333333,1655.0,1654.7333333333333,78.4,67.4,55.8,46.0,1,switch,0.11880094331893717
75829,6680,http://live.fanfooty.com.au/game/matchcentre.html?id=6680,R21,2018,295445.0,Nick,Graham,CA,8.0,69.0,45,37.0,52.0,70.0,13.0,5.0,3.0,2.0,0.0,2.0,0.0,0.0,1.0,Full Time,in,%l Matthew Kreuzer... %D including %K... also %M and %T... and booted %s,wing,Playing an outside game,470400.0,90.0,329300.0,78.0,Midfielder,32.0,8.0,68.5,62.5,0.15,0.13,0.08,449000.0,106.0,,6.0,4.0,2.0,44.0,68.0,,,False,1761,1515,22.0,6680_CA,100.80000000000001,0,75.0,0,9.666666666666666,9.866666666666667,7.0,7.666666666666667,2.0,4.133333333333334,2.6666666666666665,3.2666666666666666,0.0,0.0,1.0,0.8666666666666667,1.3333333333333333,0.9333333333333333,0.0,0.2,0.3333333333333333,0.5333333333333333,0.09999999999999999,0.15866666666666668,0.08666666666666667,0.1593333333333333,0.08,0.13866666666666666,4.333333333333333,5.8,2.3333333333333335,2.2,2.6666666666666665,2.6,74.0,68.53333333333333,73.33333333333333,73.46666666666667,,,1437.0,1481.9333333333334,1835.3333333333333,1790.0666666666666,67.2,57.2,53.6,47.666666666666664,1,in,0.031149541433201092
75873,6681,http://live.fanfooty.com.au/game/matchcentre.html?id=6681,R22,2018,292025.0,Matt,Dea,ES,13.0,71.0,61,42.0,54.0,72.0,13.0,3.0,6.0,2.0,0.0,0.0,0.0,0.0,0.0,Full Time,job,%P including %K... also %M and %T... Responsible for Caddy,,,375200.0,97.0,338000.0,114.0,Back,49.0,11.0,53.67,61.83,0.0,0.0,0.09,382000.0,81.0,,0.0,0.0,2.0,87.0,90.0,,,False,1661,1614,23.0,6681_ES,97.0,0,75.0,0,9.0,8.933333333333334,4.333333333333333,5.733333333333333,4.666666666666667,5.0,1.0,1.6,0.0,0.0,0.3333333333333333,0.5333333333333333,0.3333333333333333,0.06666666666666667,0.0,0.06666666666666667,0.0,0.0,0.0,0.09933333333333334,0.0,0.086,0.10333333333333333,0.088,3.6666666666666665,4.666666666666667,0.0,0.13333333333333333,2.0,1.2666666666666666,84.0,85.06666666666666,65.33333333333333,79.13333333333334,,,1746.6666666666667,1718.9333333333334,1526.0,1548.0666666666666,71.65,63.8,61.4,52.666666666666664,1,job,0.10119947250192671
76033,6685,http://live.fanfooty.com.au/game/matchcentre.html?id=6685,R22,2018,296322.0,Jack,Leslie,GC,1.0,10.0,19,15.0,13.0,20.0,3.0,1.0,2.0,0.0,2.0,0.0,3.0,0.0,0.0,Full Time,job,%M and %O... conceded %F... In defence,,,307400.0,77.0,306900.0,77.0,Back,21.0,7.0,42.5,56.63,0.0,0.0,0.06,307000.0,65.0,,2.0,0.0,5.0,25.0,98.0,,,False,1764,1525,23.0,6685_GC,97.0,0,75.0,0,4.0,6.133333333333334,2.0,3.466666666666667,2.3333333333333335,4.8,1.0,1.8,3.3333333333333335,0.6666666666666666,0.0,0.3333333333333333,2.0,1.4,0.3333333333333333,0.06666666666666667,1.0,0.2,0.05333333333333334,0.318,0.04,0.25266666666666665,0.05333333333333334,0.44266666666666665,2.0,3.4,0.0,0.26666666666666666,3.0,2.6,58.333333333333336,77.66666666666667,99.33333333333333,94.46666666666667,,,1415.3333333333333,1503.3333333333333,1871.0,1763.0666666666666,57.15,49.5,50.4,35.333333333333336,1,job,0.054851712623019314
76205,6689,http://live.fanfooty.com.au/game/matchcentre.html?id=6689,R22,2018,270215.0,Kyle,Cheney,AD,2.0,38.0,33,50.0,29.0,39.0,7.0,2.0,3.0,1.0,0.0,0.0,0.0,0.0,0.0,Full Time,guard,%D including %K... also %M... Playing small defender,,,377300.0,66.0,320600.0,73.0,Back,25.0,7.0,60.25,66.13,0.0,0.0,0.43,382000.0,57.0,,2.0,0.0,1.0,77.0,83.0,,,False,1463,1797,23.0,6689_AD,97.0,0,75.0,0,10.0,9.133333333333333,3.3333333333333335,4.666666666666667,4.666666666666667,5.4,0.6666666666666666,1.0,0.0,0.0,0.3333333333333333,0.6,0.6666666666666666,0.4666666666666667,0.0,0.0,0.0,0.0,0.17333333333333334,0.3186666666666667,0.22666666666666668,0.29733333333333334,0.4633333333333334,0.43733333333333335,4.333333333333333,4.266666666666667,0.3333333333333333,0.2,2.0,1.2666666666666666,76.66666666666667,83.93333333333334,84.0,85.06666666666666,,,1678.6666666666667,1682.4,1585.3333333333333,1585.1333333333334,64.25,60.4,61.2,58.333333333333336,1,guard,0.08531683538295524
76247,6690,http://live.fanfooty.com.au/game/matchcentre.html?id=6690,R23,2018,294604.0,Jake,Neade,PA,1.0,26.0,28,34.0,23.0,32.0,5.0,3.0,1.0,1.0,0.0,2.0,2.0,0.0,2.0,Full Time,pocket,%s from %D... Starting in a FP,,,338600.0,74.0,306000.0,78.0,Forward,3.0,7.0,49.75,58.5,0.0,0.0,0.12,348000.0,68.0,,4.0,0.0,2.0,50.0,63.0,,,False,1707,1539,24.0,6690_PA,99.0,0,73.0,0,3.6666666666666665,6.0,5.0,6.333333333333333,2.0,2.066666666666667,3.3333333333333335,4.266666666666667,0.0,0.0,1.0,1.6666666666666667,1.0,0.8,0.0,0.8,0.6666666666666666,0.5333333333333333,0.0,0.06000000000000001,0.0,0.11866666666666667,0.13000000000000003,0.13,4.0,5.333333333333333,0.0,0.26666666666666666,1.3333333333333333,1.9333333333333333,68.0,69.06666666666666,65.66666666666667,71.13333333333334,,,1592.3333333333333,1691.4,1661.3333333333333,1574.3333333333333,58.75,64.5,55.6,41.666666666666664,1,pocket,0.048798041925694806
76251,6690,http://live.fanfooty.com.au/game/matchcentre.html?id=6690,R23,2018,230084.0,Brendon,Goddard,ES,26.0,116.0,100,81.0,95.0,123.0,17.0,10.0,12.0,2.0,0.0,1.0,0.0,0.0,0.0,Full Time,heart,%O and %M plus %T,plusone,Starting behind the ball,422100.0,115.0,341600.0,120.0,Midfielder,9.0,20.0,77.48,77.19,0.0,0.0,3.13,421000.0,91.0,,2.0,0.0,1.0,92.0,83.0,,,True,1539,1707,24.0,6690_ES,99.0,1,73.0,1,9.666666666666666,10.4,7.666666666666667,10.266666666666667,6.333333333333333,5.933333333333334,0.6666666666666666,1.3333333333333333,0.0,0.0,0.3333333333333333,0.6666666666666666,0.0,0.8,0.0,0.06666666666666667,0.0,0.0,0.13666666666666666,0.20533333333333334,0.13333333333333217,0.18733333333333332,3.28,2.418,2.0,4.866666666666666,0.0,1.2,1.3333333333333333,2.8666666666666667,82.66666666666667,81.93333333333334,56.0,80.93333333333334,,,1687.6666666666667,1699.2,1577.3333333333333,1569.6,77.7,71.6,64.4,57.666666666666664,1,heart,0.16986574071524804
76268,6690,http://live.fanfooty.com.au/game/matchcentre.html?id=6690,R23,2018,250335.0,Matthew,Leuenberger,ES,13.0,48.0,53,54.0,39.0,46.0,1.0,2.0,1.0,4.0,22.0,0.0,0.0,0.0,0.0,Full Time,injured,Knee knock early in Q3 and did not return... %H... also %D and %T,ruck,First ruck,511800.0,99.0,376800.0,83.0,Ruck,22.0,1.0,72.0,74.5,0.0,0.0,0.16,519000.0,90.0,,2.0,0.0,0.0,100.0,39.0,,,True,1539,1707,24.0,6690_ES,99.0,0,73.0,0,4.666666666666667,5.533333333333333,6.333333333333333,6.6,1.6666666666666667,1.7333333333333334,3.3333333333333335,3.466666666666667,24.666666666666668,30.866666666666667,0.3333333333333333,0.7333333333333333,2.0,1.3333333333333333,0.0,0.13333333333333333,0.0,0.13333333333333333,0.14666666666666667,2.756666666666667,0.14666666666666547,2.6420000000000003,0.2966666666666667,7.33,6.0,6.533333333333333,1.0,2.2,3.0,2.933333333333333,79.33333333333333,67.2,67.0,80.06666666666666,,,1616.3333333333333,1623.2666666666667,1637.0,1636.6,74.7,74.3,71.4,68.66666666666667,1,injured,0.15206111638412823
76292,6691,http://live.fanfooty.com.au/game/matchcentre.html?id=6691,R23,2018,292026.0,Michael,Barlow,GC,31.0,130.0,105,95.0,108.0,149.0,18.0,17.0,9.0,5.0,0.0,2.0,3.0,0.0,2.0,Full Time,atlas,%P and %M plus %T... %s as well... gave away %F,shovel,Playing inside midfield,654800.0,136.0,462700.0,127.0,Midfielder,20.0,1.0,87.5,79.0,0.0,0.0,2.56,626000.0,132.0,,14.0,6.0,7.0,71.0,88.0,,,False,1949,1344,24.0,6691_GC,99.0,1,73.0,1,12.333333333333334,11.2,13.666666666666666,14.333333333333334,7.0,4.933333333333334,2.6666666666666665,3.7333333333333334,0.0,0.0,1.3333333333333333,0.7333333333333333,2.6666666666666665,1.2,0.3333333333333333,0.7333333333333333,0.6666666666666666,0.6666666666666666,0.4366666666666667,1.6179999999999999,0.0,0.7066666666666667,2.5933333333333333,3.030666666666667,9.666666666666666,8.466666666666667,3.6666666666666665,3.0,4.0,3.4,77.66666666666667,68.4,83.66666666666667,83.73333333333333,,,1421.0,1588.4666666666667,1861.3333333333333,1674.2666666666667,91.25,83.3,88.0,87.33333333333333,1,atlas,0.5842183379779174
76368,6693,http://live.fanfooty.com.au/game/matchcentre.html?id=6693,R23,2018,230107.0,Michael,Johnson,FR,13.0,65.0,74,85.0,56.0,72.0,11.0,4.0,9.0,0.0,0.0,0.0,1.0,0.0,0.0,Full Time,job,%O including %K... also %M... Has big Cox,,,417200.0,61.0,355400.0,72.0,Back,37.0,11.0,63.75,67.92,0.0,0.0,0.24,410000.0,91.0,,5.0,0.0,2.0,93.0,85.0,,,False,1578,1685,24.0,6693_FR,99.0,0,73.0,1,9.333333333333334,9.066666666666666,3.3333333333333335,5.4,6.333333333333333,6.0,1.3333333333333333,1.7333333333333334,0.3333333333333333,0.4666666666666667,0.6666666666666666,0.6,1.0,0.9333333333333333,0.0,0.2,0.0,0.06666666666666667,0.08666666666666652,0.44133333333333336,0.05000000000000015,0.24799999999999997,0.22999999999999998,0.36733333333333335,3.6666666666666665,4.466666666666667,0.0,0.4,2.6666666666666665,2.2666666666666666,91.33333333333333,78.13333333333334,83.33333333333333,86.93333333333334,,,1579.3333333333333,1545.9333333333334,1692.6666666666667,1722.5333333333333,67.2,68.9,65.0,62.666666666666664,1,job,0.09814392796289244
76369,6693,http://live.fanfooty.com.au/game/matchcentre.html?id=6693,R23,2018,291949.0,Shane,Kersten,FR,9.0,63.0,42,87.0,47.0,63.0,12.0,0.0,6.0,3.0,0.0,0.0,1.0,0.0,0.0,Full Time,job,%P including %B... also %M and %T... In defence,,,390000.0,58.0,302500.0,65.0,Forward,22.0,7.0,58.88,58.5,0.0,0.0,0.11,403000.0,56.0,,0.0,0.0,2.0,66.0,80.0,,,False,1578,1685,24.0,6693_FR,99.0,0,73.0,0,11.0,8.4,3.3333333333333335,4.6,6.666666666666667,5.266666666666667,2.0,1.2,0.0,0.0,0.6666666666666666,0.6,0.6666666666666666,0.8,0.3333333333333333,0.8,0.0,0.4,0.02666666666666667,0.11999999999999998,0.06,0.14333333333333334,0.10333333333333454,0.1813333333333336,4.666666666666667,4.466666666666667,0.0,0.13333333333333333,2.6666666666666665,1.8666666666666667,74.0,74.2,85.66666666666667,87.0,,,1579.3333333333333,1534.0666666666666,1692.6666666666667,1731.6,55.3,58.6,61.2,65.33333333333333,1,job,0.06692016081116639
76396,6693,http://live.fanfooty.com.au/game/matchcentre.html?id=6693,R23,2018,292048.0,Adam,Oxley,CO,4.0,42.0,48,30.0,32.0,45.0,6.0,5.0,2.0,2.0,0.0,0.0,0.0,0.0,0.0,Full Time,guard,%D and %M with %T... In defence,,,337800.0,77.0,260100.0,94.0,Back,43.0,1.0,41.5,33.0,0.0,0.0,0.11,345000.0,42.0,,1.0,0.0,0.0,100.0,67.0,,,False,1685,1578,24.0,6693_CO,99.0,0,73.0,0,7.0,10.266666666666667,4.333333333333333,6.2,3.0,4.466666666666667,3.6666666666666665,2.533333333333333,0.0,0.06666666666666667,0.3333333333333333,0.4666666666666667,1.0,0.6666666666666666,0.3333333333333333,0.2,0.3333333333333333,0.2,0.01,0.4686666666666667,0.03333333333333333,1.1466666666666667,0.08333333333333333,0.8826666666666667,3.0,4.466666666666667,0.0,0.4666666666666667,2.6666666666666665,2.1333333333333333,77.0,79.06666666666666,76.0,81.93333333333334,,,1686.0,1675.7333333333333,1585.6666666666667,1594.5333333333333,64.2,55.3,44.2,46.333333333333336,1,guard,0.07201555049871913
76403,6694,http://live.fanfooty.com.au/game/matchcentre.html?id=6694,R23,2018,995121.0,Ciaran,Byrne,CA,10.0,82.0,74,106.0,63.0,87.0,13.0,8.0,5.0,3.0,0.0,0.0,0.0,0.0,0.0,Full Time,guard,%P and %M plus %T... Starting in defence,,,325600.0,54.0,245300.0,33.0,Back,38.0,5.0,53.83,53.83,0.0,0.0,2.51,376000.0,36.0,,4.0,0.0,0.0,81.0,88.0,,,False,1904,1343,24.0,6694_CA,99.0,0,73.0,1,10.0,9.266666666666667,9.666666666666666,7.333333333333333,3.6666666666666665,4.2,3.6666666666666665,2.3333333333333335,0.0,0.0,1.6666666666666667,1.0,0.6666666666666666,1.0,0.0,0.0,0.0,0.06666666666666667,0.08666666666666696,1.9426666666666668,0.16666666666666666,2.755333333333333,2.5,7.086666666666667,6.0,4.066666666666666,0.0,0.4,1.3333333333333333,2.2,81.66666666666667,77.6,81.66666666666667,78.13333333333334,,,1471.0,1581.0,1795.0,1695.2666666666667,65.05,63.0,68.6,82.0,1,guard,0.1228820512403275
76406,6694,http://live.fanfooty.com.au/game/matchcentre.html?id=6694,R23,2018,291806.0,Sam,Kerridge,CA,19.0,79.0,53,96.0,68.0,90.0,11.0,11.0,6.0,0.0,0.0,0.0,0.0,1.0,0.0,Full Time,wing,%D and %M plus %s... Starting forward,,,565400.0,90.0,446400.0,105.0,Midfielder,11.0,9.0,86.7,87.3,0.0,0.0,0.08,574000.0,83.0,,7.0,2.0,5.0,63.0,77.0,,,False,1904,1343,24.0,6694_CA,99.0,0,73.0,0,13.333333333333334,11.266666666666667,9.666666666666666,9.933333333333334,6.0,5.733333333333333,1.6666666666666667,3.8666666666666667,0.0,0.0,0.3333333333333333,1.3333333333333333,0.3333333333333333,1.4,0.6666666666666666,0.26666666666666666,0.0,0.26666666666666666,0.006666666666666667,0.04133333333333333,0.04,0.09866666666666667,0.09000000000000001,0.9806666666666666,7.0,8.4,2.3333333333333335,2.7333333333333334,5.0,3.6666666666666665,69.66666666666667,71.93333333333334,77.0,83.53333333333333,,,1460.0,1525.4666666666667,1805.3333333333333,1737.6,83.7,83.4,78.8,68.33333333333333,1,wing,0.27078280159925416
76408,6694,http://live.fanfooty.com.au/game/matchcentre.html?id=6694,R23,2018,291445.0,Aaron,Mullett,CA,13.0,69.0,71,88.0,53.0,70.0,16.0,2.0,3.0,0.0,0.0,1.0,0.0,1.0,1.0,Full Time,wing,%D including %K... also %M... and booted %s... Playing an outside game,,,410800.0,77.0,321500.0,75.0,Back,18.0,11.0,62.33,62.17,0.0,0.0,3.47,404000.0,88.0,,6.0,0.0,1.0,72.0,75.0,,,False,1904,1343,24.0,6694_CA,99.0,0,73.0,0,10.0,11.533333333333333,3.3333333333333335,4.2,2.6666666666666665,4.6,2.0,1.8,0.0,0.0,0.3333333333333333,0.2,1.0,0.5333333333333333,0.3333333333333333,0.13333333333333333,0.6666666666666666,0.26666666666666666,0.04999999999999998,0.17466666666666666,0.06666666666666667,0.16666666666666666,3.52,3.2086666666666663,3.3333333333333335,3.7333333333333334,0.0,0.6666666666666666,1.3333333333333333,2.0,69.33333333333333,73.4,72.66666666666667,78.93333333333334,,,1489.6666666666667,1522.2666666666667,1765.3333333333333,1741.6666666666667,70.0,61.7,62.0,55.666666666666664,1,wing,0.10973926489730312
76413,6694,http://live.fanfooty.com.au/game/matchcentre.html?id=6694,R23,2018,291544.0,Jed,Lamb,CA,7.0,53.0,45,68.0,42.0,61.0,11.0,6.0,2.0,1.0,0.0,0.0,1.0,0.0,1.0,Full Time,guard,%s from %P and %M... Starting in defence,,,395600.0,61.0,318400.0,58.0,Forward,13.0,16.0,57.0,60.35,0.0,0.0,0.1,414000.0,55.0,,5.0,1.0,3.0,64.0,89.0,,,False,1904,1343,24.0,6694_CA,99.0,0,73.0,0,13.666666666666666,10.466666666666667,4.333333333333333,4.6,2.6666666666666665,2.933333333333333,1.6666666666666667,2.3333333333333335,0.0,0.0,0.3333333333333333,0.9333333333333333,0.6666666666666666,1.0,0.0,0.4,0.3333333333333333,0.06666666666666667,0.04,0.060000000000000005,0.06,0.09533333333333334,0.1,0.08133333333333334,4.333333333333333,4.066666666666666,1.0,0.4,2.6666666666666665,2.6,71.66666666666667,76.8,81.0,83.26666666666667,,,1471.0,1510.4,1795.0,1757.6,59.55,65.0,63.2,62.666666666666664,1,guard,0.10282102576703596
76414,6694,http://live.fanfooty.com.au/game/matchcentre.html?id=6694,R23,2018,261384.0,Matthew,Wright,CA,4.0,48.0,34,62.0,38.0,53.0,8.0,5.0,2.0,2.0,0.0,1.0,1.0,0.0,2.0,Full Time,wing,%s from %O and %M plus %T... Starting on a HFF,,,422800.0,85.0,316600.0,68.0,Forward,46.0,19.0,63.65,66.8,0.0,0.0,3.34,420000.0,81.0,,6.0,1.0,2.0,30.0,91.0,,,False,1904,1343,24.0,6694_CA,99.0,0,73.0,0,7.0,8.6,3.3333333333333335,4.733333333333333,3.0,4.066666666666666,1.0,2.2666666666666666,0.0,0.0,1.0,1.0,0.6666666666666666,0.5333333333333333,1.0,0.8,1.0,0.6666666666666666,0.06666666666666667,0.12933333333333333,0.09000000000000001,0.17,3.35,3.4519999999999995,5.333333333333333,5.466666666666667,0.3333333333333333,1.0,1.3333333333333333,1.6666666666666667,54.0,66.4,83.0,84.73333333333333,,,1471.0,1500.2,1795.0,1764.3333333333333,63.65,60.4,60.2,51.0,1,wing,0.07866238596444147
76574,6698,http://live.fanfooty.com.au/game/matchcentre.html?id=6698,R23,2018,250134.0,Sam,Gilbert,SK,31.0,102.0,85,134.0,78.0,105.0,14.0,7.0,6.0,6.0,0.0,1.0,1.0,1.0,0.0,Full Time,hot,%O and %M plus %T... %s as well,job,Has Wood,311600.0,50.0,264100.0,66.0,Back,19.0,9.0,53.5,56.5,0.0,0.0,0.1,334000.0,53.0,,4.0,0.0,3.0,76.0,91.0,,,False,1710,1568,24.0,6698_SK,99.0,0,73.0,1,10.666666666666666,7.333333333333333,4.666666666666667,7.0,4.0,2.8,4.666666666666667,4.066666666666666,0.0,0.5333333333333333,0.6666666666666666,0.7333333333333333,1.3333333333333333,1.3333333333333333,0.3333333333333333,0.13333333333333333,0.0,0.06666666666666667,0.02666666666666667,0.17266666666666666,0.04333333333333341,0.19066666666666665,0.10333333333333333,0.18133333333333335,4.0,5.933333333333334,0.6666666666666666,0.5333333333333333,4.0,3.6666666666666665,64.0,67.6,89.0,81.8,,,1602.0,1605.8666666666666,1667.0,1667.8,61.25,59.7,56.2,61.333333333333336,1,hot,0.13923472048977467
76600,6698,http://live.fanfooty.com.au/game/matchcentre.html?id=6698,R23,2018,220110.0,Jarrad,Waite,NM,25.0,85.0,85,51.0,75.0,93.0,14.0,2.0,8.0,0.0,0.0,0.0,2.0,3.0,3.0,Full Time,vulture,Two of his goals in Q4 junk time... %s from %O and %M,spearhead,Playing CHF on Carlisle,526800.0,64.0,429500.0,99.0,Forward,30.0,11.0,82.92,83.08,0.0,0.0,0.45,555000.0,77.0,,4.0,1.0,4.0,62.0,85.0,,,False,1568,1710,24.0,6698_NM,99.0,0,73.0,1,13.0,11.266666666666667,3.6666666666666665,3.8666666666666667,10.0,6.066666666666666,1.3333333333333333,1.9333333333333333,0.0,0.6666666666666666,0.3333333333333333,0.9333333333333333,1.0,0.9333333333333333,2.6666666666666665,2.466666666666667,2.0,1.3333333333333333,0.07333333333333333,0.22599999999999995,0.08666666666666667,0.238,0.33666666666666667,0.35,6.0,6.333333333333333,0.3333333333333333,0.6,3.0,2.8666666666666667,59.666666666666664,60.8,86.66666666666667,87.0,,,1568.0,1613.8,1703.3333333333333,1657.0,81.6,89.1,86.0,94.66666666666667,1,vulture,0.20656368156312702
76708,6703,http://live.fanfooty.com.au/game/matchcentre.html?id=6703,EF,2018,294638.0,Daniel,Robinson,SY,10.0,70.0,60,92.0,56.0,72.0,10.0,4.0,8.0,2.0,0.0,0.0,0.0,0.0,0.0,Full Time,wing,%O with %k by foot... also %M and %T... Starting on a HFF,,,303300.0,30.0,248200.0,40.0,Midfielder,27.0,6.0,50.71,51.43,0.0,0.0,0.04,325000.0,56.0,,5.0,0.0,2.0,71.0,70.0,,,False,1799,1487,30.0,6703_SY,96.0,0,76.0,0,5.666666666666667,4.533333333333333,5.333333333333333,7.133333333333334,3.6666666666666665,2.533333333333333,2.6666666666666665,3.2,0.0,0.0,0.3333333333333333,0.7333333333333333,0.6666666666666666,0.6666666666666666,0.0,0.2,0.0,0.0,0.0,0.20666666666666667,0.0,0.18733333333333332,0.04,0.39599999999999996,4.0,5.466666666666667,0.3333333333333333,0.8,1.6666666666666667,1.9333333333333333,76.33333333333333,71.33333333333333,78.33333333333333,69.13333333333334,,,1617.0,1658.2666666666667,1650.6666666666667,1607.2666666666667,53.2,50.3,47.0,46.666666666666664,1,wing,0.045124280789620705
76806,6705,http://live.fanfooty.com.au/game/matchcentre.html?id=6705,SF,2018,281301.0,Ryan,Schoenmakers,HW,9.0,36.0,50,44.0,33.0,39.0,5.0,1.0,3.0,0.0,0.0,1.0,1.0,2.0,0.0,Full Time,spearhead,First goal... %s from %D and %M... Up forward on Frost,,,372500.0,61.0,286400.0,67.0,Forward,25.0,6.0,54.71,53.14,0.0,0.0,0.27,354000.0,76.0,,6.0,0.0,4.0,66.0,66.0,,,False,1647,1606,32.0,6705_HW,101.0,0,73.0,0,4.666666666666667,6.0,2.0,3.8,2.6666666666666665,3.533333333333333,0.6666666666666666,1.6666666666666667,0.3333333333333333,0.8666666666666667,0.6666666666666666,0.6,1.6666666666666667,0.9333333333333333,1.0,1.1333333333333333,0.3333333333333333,0.8,0.0,0.5766666666666665,0.0,1.458,0.27,0.44133333333333336,4.666666666666667,4.466666666666667,0.0,0.26666666666666666,3.0,2.066666666666667,69.33333333333333,66.53333333333333,73.66666666666667,77.73333333333333,,,1611.6666666666667,1708.6,1643.0,1552.8,52.65,48.3,43.4,39.333333333333336,1,spearhead,0.04957068559292598
76867,6706,http://live.fanfooty.com.au/game/matchcentre.html?id=6706,SF,2018,240156.0,Ryan,Griffen,WS,9.0,42.0,50,35.0,33.0,45.0,5.0,3.0,2.0,3.0,0.0,0.0,1.0,1.0,0.0,Full Time,pocket,%O and %M plus %T... %s as well... Starting forward,,,418100.0,81.0,325900.0,85.0,Midfielder,32.0,14.0,64.8,66.0,0.0,0.0,0.3,407000.0,92.0,,5.0,0.0,1.0,62.0,64.0,,,False,1822,1441,32.0,6706_WS,101.0,0,73.0,0,5.0,8.533333333333333,3.3333333333333335,6.733333333333333,1.6666666666666667,2.8,2.6666666666666665,2.2,0.0,0.0,0.0,0.5333333333333333,1.0,0.9333333333333333,0.6666666666666666,0.9333333333333333,0.6666666666666666,0.6,0.16999999999999882,0.36333333333333334,0.33666666666666784,0.6206666666666667,0.29666666666666547,0.326,3.6666666666666665,6.666666666666667,0.0,0.6666666666666666,2.0,2.6666666666666665,57.666666666666664,63.06666666666667,65.0,75.73333333333333,,,1568.6666666666667,1634.2,1698.6666666666667,1638.4,62.05,60.3,52.8,42.0,1,pocket,0.054691853276276244
76878,6707,http://live.fanfooty.com.au/game/matchcentre.html?id=6707,PF,2018,261362.0,Alex,Rance,RI,14.0,73.0,77,91.0,63.0,84.0,8.0,12.0,6.0,2.0,0.0,2.0,1.0,0.0,0.0,Full Time,witcheshat,%O and %M plus %T,job,Sitting on De Goey... dragged off him in Q3 after getting smashed,0.0,53.0,0.0,67.0,Back,18.0,20.0,60.76,82.33,0.0,0.0,10.02,0.0,57.0,,7.0,0.0,1.0,85.0,97.0,,,False,1870,1398,33.0,6707_RI,94.0,0,73.5,1,8.0,8.133333333333333,7.0,7.0,5.0,5.2,1.3333333333333333,1.6666666666666667,0.0,0.0,1.3333333333333333,1.6666666666666667,0.6666666666666666,1.2666666666666666,0.0,0.0,0.0,0.0,0.0,0.9086666666666666,0.0,4.6466666666666665,10.02,9.900666666666666,4.666666666666667,5.8,0.0,0.0,0.6666666666666666,2.6666666666666665,86.66666666666667,80.73333333333333,99.0,97.53333333333333,,,1549.3333333333333,1642.6666666666667,1721.3333333333333,1634.6666666666667,80.4,71.3,77.8,78.66666666666667,1,witcheshat,0.1037308032247725
76884,6707,http://live.fanfooty.com.au/game/matchcentre.html?id=6707,PF,2018,250298.0,Shaun,Grigg,RI,12.0,59.0,64,77.0,44.0,65.0,7.0,8.0,1.0,5.0,2.0,0.0,1.0,0.0,0.0,Full Time,wing,%D and %T... Running off a wing,,,0.0,67.0,0.0,59.0,Midfielder,6.0,18.0,77.26,81.11,0.0,0.0,3.56,0.0,83.0,,6.0,0.0,1.0,66.0,79.0,,,False,1870,1398,33.0,6707_RI,94.0,0,73.5,0,11.0,11.266666666666667,8.666666666666666,10.066666666666666,4.333333333333333,4.666666666666667,3.3333333333333335,2.933333333333333,1.0,1.3333333333333333,0.3333333333333333,0.6,1.3333333333333333,1.2,0.0,0.13333333333333333,0.3333333333333333,0.13333333333333333,0.0,0.084,0.0,0.148,3.56,3.548666666666667,6.666666666666667,7.666666666666667,1.0,2.533333333333333,2.6666666666666665,2.4,74.66666666666667,75.8,81.0,83.33333333333333,,,1549.3333333333333,1642.6666666666667,1721.3333333333333,1634.6666666666667,81.55,77.3,78.0,66.66666666666667,1,wing,0.18942006921415067
76914,6707,http://live.fanfooty.com.au/game/matchcentre.html?id=6707,PF,2018,260246.0,Tyson,Goldsack,CO,3.0,41.0,80,35.0,32.0,43.0,5.0,3.0,3.0,3.0,0.0,1.0,1.0,0.0,1.0,Full Time,job,%P and %M plus %T... %s as well... The big job on Riewoldt,,,0.0,60.0,0.0,90.0,Back,6.0,0.0,58.0,70.0,0.0,0.0,0.14,0.0,60.0,,5.0,1.0,1.0,87.0,95.0,,,False,1398,1870,33.0,6707_CO,94.0,0,73.5,1,3.3333333333333335,5.666666666666667,3.6666666666666665,6.333333333333333,1.6666666666666667,3.1333333333333333,2.0,2.533333333333333,0.0,0.06666666666666667,0.6666666666666666,0.8,0.6666666666666666,0.4,0.0,0.0,0.3333333333333333,0.3333333333333333,0.0,0.3893333333333333,0.0,0.9613333333333334,0.14,2.0613333333333332,4.666666666666667,5.666666666666667,0.3333333333333333,0.26666666666666666,1.0,1.0666666666666667,80.33333333333333,84.46666666666667,90.0,82.46666666666667,,,1776.6666666666667,1729.2666666666667,1489.0,1537.4,67.55,66.9,63.0,57.0,1,job,0.06696050542292446
76974,6709,http://live.fanfooty.com.au/game/matchcentre.html?id=6709,GF,2018,240119.0,Mark,LeCras,WC,9.0,54.0,55,72.0,39.0,54.0,5.0,5.0,3.0,5.0,0.0,0.0,0.0,0.0,0.0,Full Time,wing,%P and %M plus %T... His usual HFF role,,,0.0,38.0,0.0,64.0,Forward,2.0,18.0,72.58,70.26,0.0,0.0,0.93,0.0,72.0,,7.0,3.0,0.0,60.0,86.0,,,False,1618,1629,34.0,6709_WC,93.80000000000001,0,68.0,0,8.0,9.266666666666667,4.333333333333333,5.0,2.3333333333333335,4.2,3.3333333333333335,2.8,0.0,0.0,0.3333333333333333,0.7333333333333333,0.0,0.8666666666666667,1.0,1.1333333333333333,1.3333333333333333,0.8,0.0,0.17933333333333332,0.0,0.21133333333333332,0.93,0.8273333333333334,6.666666666666667,5.4,2.3333333333333335,1.5333333333333334,0.6666666666666666,2.3333333333333335,52.666666666666664,62.2,88.0,87.73333333333333,,,1720.3333333333333,1660.6,1522.6666666666667,1598.2666666666667,67.95,67.6,68.2,69.33333333333333,1,wing,0.0902668787957898
77213,6905,http://live.fanfooty.com.au/game/matchcentre.html?id=6905,R1,2019,240072.0,Heath,Grundy,SY,4.0,48.0,55,34.0,39.0,51.0,7.0,4.0,3.0,2.0,3.0,2.0,1.0,0.0,0.0,Full Time,job,In defence on Gowers... %D and %M with %T,,,389100.0,,407600.0,,Back,39.0,0.0,0.0,0.0,0.0,0.0,0.0,464000.0,,,6.0,2.0,3.0,72.0,70.0,,,False,1634,1614,2.0,6905_SY,96.0,0,76.0,0,9.333333333333334,9.666666666666666,6.666666666666667,7.866666666666666,5.333333333333333,6.8,0.6666666666666666,1.1333333333333333,1.0,0.2,2.3333333333333335,0.6666666666666666,0.3333333333333333,1.0,0.0,0.06666666666666667,0.0,0.0,0.0,0.16999999999999998,0.0,0.21533333333333335,0.36000000000000004,0.5653333333333334,8.666666666666666,5.6,0.6666666666666666,0.26666666666666666,1.3333333333333333,1.8666666666666667,80.66666666666667,81.93333333333334,77.0,86.93333333333334,,,1574.6666666666667,1651.6,1687.3333333333333,1615.8666666666666,76.85,77.4,70.2,80.33333333333333,1,job,0.14564320223487262
77399,6910,http://live.fanfooty.com.au/game/matchcentre.html?id=6910,R2,2019,281024.0,Maverick,Weller,RI,8.0,49.0,55,61.0,43.0,60.0,8.0,8.0,4.0,0.0,0.0,0.0,1.0,0.0,0.0,Full Time,pocket,%O and %M... Playing a defensive forward role,,,412700.0,,333900.0,,Forward,16.0,0.0,0.0,0.0,0.0,0.0,0.0,482000.0,,,7.0,0.0,5.0,68.0,78.0,,,False,2003,1255,3.0,6910_RI,97.0,0,76.0,0,6.666666666666667,7.0,6.666666666666667,8.4,2.3333333333333335,4.0,1.6666666666666667,3.4,0.0,0.0,0.0,0.8666666666666667,0.3333333333333333,0.8,0.3333333333333333,0.4,0.3333333333333333,0.5333333333333333,0.06333333333333334,0.15733333333333335,0.05666666666666667,0.07666666666666667,0.16,0.5493333333333333,4.333333333333333,4.666666666666667,0.3333333333333333,0.7333333333333333,2.3333333333333335,2.0,79.33333333333333,75.86666666666666,81.0,83.73333333333333,,,1470.0,1568.0666666666666,1793.6666666666667,1703.8,61.3,59.4,58.6,53.0,1,pocket,0.07020367557834323
77532,6913,http://live.fanfooty.com.au/game/matchcentre.html?id=6913,R2,2019,280972.0,Jack,Watts,PA,9.0,67.0,72,88.0,57.0,78.0,12.0,7.0,5.0,2.0,0.0,3.0,3.0,0.0,0.0,Full Time,injured,Left shin injured when Thomas fell on it in a tackle in Q4... looked very bad... %O and %M plus %T... helped out by %4FF... conceded %F,job,Has McGovern,401900.0,,362200.0,,Forward,23.0,0.0,0.0,0.0,0.0,0.0,0.0,460000.0,,,6.0,0.0,6.0,73.0,67.0,,,True,1432,1861,3.0,6913_PA,97.0,0,76.0,0,10.333333333333334,7.133333333333334,9.0,7.8,5.333333333333333,4.933333333333334,2.0,2.6,0.0,0.06666666666666667,1.0,0.5333333333333333,1.6666666666666667,1.0666666666666667,0.0,0.7333333333333333,0.0,0.2,0.0,0.6586666666666667,0.0,0.728,0.37999999999999995,1.358,7.0,5.2,0.3333333333333333,0.26666666666666666,4.333333333333333,2.066666666666667,80.66666666666667,80.0,79.0,77.0,,,1722.0,1680.0666666666666,1536.3333333333333,1588.2666666666667,69.45,70.6,72.6,76.66666666666667,1,injured,0.15054891283407085
77555,6913,http://live.fanfooty.com.au/game/matchcentre.html?id=6913,R2,2019,290821.0,Alex,Fasolo,CA,14.0,50.0,32,47.0,39.0,54.0,5.0,4.0,2.0,5.0,0.0,1.0,2.0,1.0,0.0,Full Time,pocket,%s from %D and %M with %T... Starting deep forward,,,152800.0,,161900.0,,Forward,32.0,0.0,0.0,0.0,0.0,0.0,0.0,378000.0,,,3.0,0.0,4.0,55.0,77.0,,,False,1861,1432,3.0,6913_CA,97.0,0,76.0,0,5.666666666666667,8.533333333333333,3.3333333333333335,4.0,2.6666666666666665,5.133333333333334,2.0,2.3333333333333335,0.0,0.0,1.0,1.2,1.3333333333333333,0.9333333333333333,1.0,1.4666666666666666,0.3333333333333333,1.0,0.22999999999999998,0.5920000000000001,0.3,0.7066666666666667,0.54,1.4633333333333336,3.0,4.533333333333333,0.3333333333333333,0.13333333333333333,2.6666666666666665,2.466666666666667,70.33333333333333,69.6,77.0,82.13333333333334,,,1657.0,1663.7333333333333,1621.3333333333333,1599.2666666666667,63.5,64.5,49.4,36.666666666666664,1,pocket,0.06668284737105207
77558,6913,http://live.fanfooty.com.au/game/matchcentre.html?id=6913,R2,2019,990424.0,Jarrod,Garlett,CA,4.0,45.0,45,32.0,36.0,54.0,7.0,6.0,2.0,3.0,0.0,0.0,2.0,0.0,0.0,Full Time,sore,Right knee strapped in Q2... %O and %M plus %T,guard,Starting on a HBF,332800.0,,245100.0,,Forward,21.0,0.0,0.0,0.0,0.0,0.0,0.0,394000.0,,,5.0,0.0,5.0,61.0,64.0,,,True,1861,1432,3.0,6913_CA,97.0,0,76.0,0,7.666666666666667,6.933333333333334,4.333333333333333,4.0,2.3333333333333335,3.0,3.3333333333333335,3.2666666666666666,0.0,0.0,0.3333333333333333,0.5333333333333333,1.3333333333333333,0.7333333333333333,0.0,0.3333333333333333,0.3333333333333333,0.4666666666666667,2.2933333333333334,8.209333333333335,4.87,11.986666666666668,3.203333333333333,8.109333333333334,5.333333333333333,4.2,1.0,1.2,3.6666666666666665,2.4,56.333333333333336,60.0,72.66666666666667,74.93333333333334,,,1518.3333333333333,1503.2666666666667,1761.0,1764.8666666666666,49.25,42.9,45.4,44.333333333333336,1,sore,0.06015434225237891
77830,6920,http://live.fanfooty.com.au/game/matchcentre.html?id=6920,R3,2019,296209.0,Kade,Kolodjashnij,ME,11.0,56.0,58,71.0,48.0,63.0,6.0,6.0,5.0,2.0,0.0,0.0,1.0,1.0,0.0,Full Time,guard,%O and %M plus %T... %s as well... In defence,,,,,,,Back,16.0,0.0,0.0,0.0,0.0,0.0,0.0,,,,3.0,1.0,1.0,66.0,71.0,,,False,1764,1537,4.0,6920_ME,101.0,0,74.0,0,6.0,11.666666666666666,3.6666666666666665,5.0,3.0,5.866666666666666,3.0,2.6,0.0,0.0,0.0,0.26666666666666666,0.3333333333333333,0.5333333333333333,0.3333333333333333,0.2,0.0,0.13333333333333333,0.06333333333333334,0.892,0.08333333333333333,0.6786666666666666,0.06999999999999999,1.0993333333333335,2.6666666666666665,3.8666666666666667,0.6666666666666666,0.4,1.3333333333333333,3.066666666666667,76.33333333333333,72.66666666666667,75.66666666666667,83.2,,,1484.6666666666667,1529.3333333333333,1796.6666666666667,1734.5333333333333,66.9,62.1,56.4,51.333333333333336,1,guard,0.08881886629788292
77964,6923,http://live.fanfooty.com.au/game/matchcentre.html?id=6923,R3,2019,280863.0,Ryan,Bastinac,BL,4.0,43.0,31,58.0,34.0,45.0,7.0,2.0,4.0,2.0,0.0,1.0,1.0,0.0,0.0,Full Time,wing,%O with %k by foot... also %M and %T... Playing in midfield,,,,,,,Midfielder,4.0,0.0,0.0,0.0,0.0,0.0,0.0,,,,3.0,0.0,2.0,66.0,72.0,,,False,1520,1733,4.0,6923_BL,101.0,0,74.0,0,9.0,10.333333333333334,2.3333333333333335,7.266666666666667,6.333333333333333,5.133333333333334,2.0,2.7333333333333334,0.0,0.0,0.3333333333333333,1.0,1.0,0.6,0.3333333333333333,1.0666666666666667,0.0,0.4,0.03,0.12533333333333335,0.023333333333333334,0.12000000000000001,0.013333333333333343,0.09933333333333333,2.3333333333333335,6.333333333333333,0.6666666666666666,2.2666666666666666,2.6666666666666665,2.4,72.0,73.06666666666666,78.66666666666667,83.53333333333333,,,1764.6666666666667,1633.3333333333333,1495.3333333333333,1631.1333333333334,72.95,67.6,49.4,42.0,1,wing,0.10055096891387406
78501,6935,http://live.fanfooty.com.au/game/matchcentre.html?id=6935,R4,2019,261230.0,Matthew,Lobbe,CA,20.0,58.0,38,58.0,48.0,65.0,4.0,4.0,0.0,6.0,23.0,0.0,3.0,0.0,0.0,Full Time,ruck,%H... also %D and %T... not helped by %F... In the ruck,,,,,,,Ruck,27.0,0.0,0.0,0.0,0.0,0.0,0.0,,,,5.0,0.0,7.0,12.0,84.0,,,False,1563,1705,5.0,6935_CA,98.0,0,74.0,0,3.6666666666666665,4.4,4.0,3.933333333333333,1.6666666666666667,1.8,5.333333333333333,4.533333333333333,30.0,30.533333333333335,1.0,1.2,2.3333333333333335,1.4666666666666666,0.0,0.06666666666666667,0.0,0.13333333333333333,0.0,0.7360000000000001,0.0,1.26,0.43333333333333335,1.962,5.333333333333333,5.133333333333334,1.3333333333333333,2.2666666666666666,4.0,3.1333333333333333,50.0,58.46666666666667,86.33333333333333,85.2,,,1488.0,1511.5333333333333,1770.0,1748.6,66.4,69.3,74.8,61.0,1,ruck,0.16290527867978677
79118,6950,http://live.fanfooty.com.au/game/matchcentre.html?id=6950,R6,2019,291828.0,Billy,Longer,SK,12.0,74.0,57,88.0,65.0,75.0,5.0,5.0,5.0,2.0,24.0,2.0,0.0,0.0,0.0,Full Time,in,%l Rowan Marshall... %H... also %P and %T,ruck,First ruck,,,,,Ruck,18.0,0.0,0.0,0.0,0.0,0.0,0.0,,,,6.0,3.0,1.0,80.0,84.0,,,False,1686,1575,7.0,6950_SK,97.80000000000001,0,75.0,0,4.666666666666667,2.2666666666666666,4.333333333333333,6.866666666666666,2.6666666666666665,1.8,1.6666666666666667,3.2666666666666666,24.666666666666668,34.333333333333336,1.0,1.5333333333333334,0.6666666666666666,1.1333333333333333,0.0,0.13333333333333333,0.3333333333333333,0.2,0.07666666666666666,1.5613333333333332,0.14666666666666667,1.3159999999999998,0.08666666666666667,4.772,4.333333333333333,5.733333333333333,2.6666666666666665,2.6,1.6666666666666667,2.2,61.666666666666664,72.26666666666667,86.0,85.06666666666666,,,1562.0,1688.0666666666666,1717.6666666666667,1588.3333333333333,75.45,80.0,61.2,59.333333333333336,1,in,0.03465197217414623
79982,6970,http://live.fanfooty.com.au/game/matchcentre.html?id=6970,R8,2019,280864.0,Sam,Wright,NM,9.0,62.0,63,77.0,51.0,69.0,7.0,10.0,4.0,2.0,0.0,1.0,0.0,0.0,0.0,Full Time,guard,%P and %M plus %T... Playing in defence,,,,,,,Back,19.0,0.0,0.0,0.0,0.0,0.0,0.0,,,,3.0,0.0,1.0,88.0,77.0,,,False,1693,1596,9.0,6970_NM,99.80000000000001,0,75.0,0,8.0,10.2,11.666666666666666,9.2,4.0,5.2,1.0,1.1333333333333333,0.0,0.0,1.3333333333333333,1.1333333333333333,1.0,0.4,0.0,0.13333333333333333,0.3333333333333333,0.06666666666666667,0.0,0.21133333333333332,0.0,0.2653333333333333,0.0,0.5493333333333332,4.666666666666667,5.133333333333334,0.3333333333333333,0.5333333333333333,2.3333333333333335,1.8666666666666667,81.0,79.66666666666667,78.33333333333333,81.73333333333333,,,1680.0,1613.3333333333333,1598.6666666666667,1661.4,64.75,66.9,70.4,61.333333333333336,1,guard,0.09625986723733974
80118,6973,http://live.fanfooty.com.au/game/matchcentre.html?id=6973,R9,2019,998414.0,Daniel,Venables,WC,1.0,9.0,9,13.0,7.0,12.0,0.0,2.0,0.0,2.0,0.0,0.0,1.0,0.0,0.0,Full Time,injured,Ran his head into the hip of Smith in Q2 and was KOed... stretchered off... %P and %T,wing,Starting forward,,,,,Midfielder,18.0,0.0,0.0,0.0,0.0,0.0,0.0,,,,1.0,0.0,1.0,50.0,27.0,,,True,1560,1701,10.0,6973_WC,99.80000000000001,0,73.0,0,4.333333333333333,5.133333333333334,4.333333333333333,4.533333333333333,3.0,2.8,2.6666666666666665,2.6666666666666665,0.0,0.0,0.3333333333333333,0.6666666666666666,0.6666666666666666,0.7333333333333333,0.3333333333333333,0.4666666666666667,0.3333333333333333,0.4,0.0,0.546,0.0,0.528,0.0,5.298666666666667,3.3333333333333335,5.333333333333333,0.0,0.8,1.3333333333333333,1.6,67.33333333333333,67.26666666666667,58.0,68.93333333333334,,,1737.0,1656.3333333333333,1529.3333333333333,1606.4,49.25,54.0,43.4,42.0,1,injured,0.04162325666675143
80160,6974,http://live.fanfooty.com.au/game/matchcentre.html?id=6974,R9,2019,295444.0,Tom,Langdon,CO,3.0,41.0,42,52.0,33.0,45.0,6.0,5.0,3.0,1.0,0.0,0.0,0.0,0.0,0.0,Full Time,injured,Needed his right knee strapped at quarter time... Looked worse at HT and did not return... %M and %P,guard,In defence...,,,,,Back,8.0,0.0,0.0,0.0,0.0,0.0,0.0,,,,4.0,0.0,2.0,81.0,41.0,,,True,1494,1776,10.0,6974_CO,99.80000000000001,0,73.0,0,8.0,8.4,9.666666666666666,9.8,4.666666666666667,5.8,1.3333333333333333,1.8666666666666667,0.0,0.0,0.0,0.6,0.3333333333333333,0.8666666666666667,0.0,0.0,0.3333333333333333,0.06666666666666667,0.0,0.03266666666666667,0.0,0.018000000000000002,0.0,0.2826666666666666,8.0,7.133333333333334,0.6666666666666666,0.26666666666666666,1.3333333333333333,1.8666666666666667,84.0,82.4,73.33333333333333,85.06666666666666,,,1755.0,1738.6,1514.6666666666667,1529.2666666666667,82.5,84.0,77.6,72.33333333333333,1,injured,0.20087903183709702
80266,6976,http://live.fanfooty.com.au/game/matchcentre.html?id=6976,R9,2019,291814.0,Fletcher,Roberts,WB,3.0,36.0,35,27.0,29.0,39.0,5.0,4.0,2.0,2.0,0.0,2.0,1.0,0.0,0.0,Full Time,tomahawk,%P and %M plus %T... The big job on Hawkins,,,,,,,Back,18.0,0.0,0.0,0.0,0.0,0.0,0.0,,,,3.0,0.0,2.0,77.0,97.0,,,False,1745,1532,10.0,6976_WB,99.80000000000001,0,73.0,0,5.333333333333333,5.733333333333333,3.3333333333333335,3.6666666666666665,2.3333333333333335,2.8,1.0,1.2666666666666666,0.0,0.06666666666666667,1.0,0.8666666666666667,0.6666666666666666,0.4,0.0,0.0,0.0,0.0,0.08333333333333304,0.5353333333333333,0.05333333333333334,0.3026666666666667,0.15000000000000008,0.514,2.3333333333333335,2.8666666666666667,0.3333333333333333,0.06666666666666667,2.0,1.2,72.0,83.13333333333334,91.33333333333333,93.73333333333333,,,1604.6666666666667,1633.8,1672.0,1641.3333333333333,50.35,49.7,41.6,38.333333333333336,1,tomahawk,0.04285788987142457
80517,6982,http://live.fanfooty.com.au/game/matchcentre.html?id=6982,R10,2019,230232.0,Daniel,Wells,CO,17.0,67.0,64,57.0,57.0,69.0,6.0,5.0,4.0,2.0,0.0,1.0,0.0,3.0,0.0,Full Time,injured,Left knee injury in Q3 under a Thurlow tackle... %D and %M with %T... %s as well,wing,Rotating forward and midfield,,,,,Midfielder,3.0,0.0,0.0,0.0,0.0,0.0,0.0,,,,4.0,0.0,1.0,90.0,37.0,,,True,1559,1719,11.0,6982_CO,98.0,0,73.0,0,6.0,9.933333333333334,4.666666666666667,8.866666666666667,3.3333333333333335,4.266666666666667,1.3333333333333333,2.533333333333333,0.0,0.0,0.6666666666666666,0.6666666666666666,0.6666666666666666,0.26666666666666666,1.0,1.0,0.3333333333333333,0.6666666666666666,0.0,4.629999999999999,0.0,5.6226666666666665,0.15333333333333335,3.94,3.6666666666666665,6.0,0.3333333333333333,2.6,2.0,2.0,78.0,79.73333333333333,51.0,69.2,,,1740.3333333333333,1701.1333333333334,1530.0,1563.4666666666667,82.2,73.6,62.4,44.666666666666664,1,injured,0.15863133349770991
80931,6992,http://live.fanfooty.com.au/game/matchcentre.html?id=6992,R11,2019,271001.0,Dayne,Beams,CO,9.0,54.0,34,69.0,43.0,57.0,11.0,3.0,2.0,1.0,0.0,2.0,1.0,1.0,0.0,Full Time,down,%O including %K... also %M... and kicked %s,shovel,Inside midfield...,,,,,Midfielder,11.0,0.0,0.0,0.0,0.0,0.0,0.0,,,,3.0,4.0,5.0,64.0,72.0,,,False,1623,1665,12.0,6992_CO,98.0,0,72.0,0,14.666666666666666,14.666666666666666,7.333333333333333,13.333333333333334,3.6666666666666665,4.333333333333333,1.6666666666666667,2.466666666666667,0.0,0.0,1.6666666666666667,1.6,1.0,0.6666666666666666,0.3333333333333333,0.6666666666666666,1.3333333333333333,0.6,0.0,1.6219999999999999,0.0,0.828,0.0,2.8560000000000003,7.0,10.2,6.0,5.333333333333333,3.3333333333333335,3.466666666666667,68.33333333333333,69.4,78.33333333333333,82.66666666666667,,,1720.0,1707.0666666666666,1558.6666666666667,1561.7333333333333,96.8,85.7,68.0,71.0,1,down,0.3202366752383899
81470,7004,http://live.fanfooty.com.au/game/matchcentre.html?id=7004,R12,2019,294650.0,Josh,Smith,WC,3.0,32.0,49,16.0,26.0,36.0,6.0,4.0,2.0,0.0,0.0,0.0,0.0,0.0,0.0,Full Time,wing,%M and %P... Playing an outside game,,,,,,,Back,45.0,0.0,0.0,0.0,0.0,0.0,0.0,,,,5.0,2.0,1.0,70.0,84.0,,,False,1893,1366,13.0,7004_WC,98.0,0,73.0,0,6.666666666666667,13.2,5.666666666666667,5.466666666666667,4.0,6.4,1.0,2.1333333333333333,0.0,0.0,0.3333333333333333,0.4666666666666667,0.6666666666666666,0.6666666666666666,0.3333333333333333,0.2,0.6666666666666666,0.13333333333333333,0.0,0.8626666666666668,0.0,0.5046666666666669,0.0,1.1773333333333333,3.6666666666666665,3.6666666666666665,0.6666666666666666,0.6666666666666666,1.3333333333333333,1.6,75.0,77.46666666666667,82.33333333333333,84.86666666666666,,,1544.0,1630.4,1715.3333333333333,1629.3333333333333,71.05,62.9,45.4,46.0,1,wing,0.08603067466192152
81509,7005,http://live.fanfooty.com.au/game/matchcentre.html?id=7005,R12,2019,270653.0,Jeff,Garlett,ME,14.0,52.0,45,49.0,39.0,53.0,5.0,3.0,2.0,5.0,0.0,0.0,1.0,1.0,2.0,Full Time,pocket,%s from %P and %M plus %T... His usual FP role,,,,,,,Forward,36.0,0.0,0.0,0.0,0.0,0.0,0.0,,,,3.0,1.0,2.0,62.0,92.0,,,False,1746,1549,13.0,7005_ME,98.0,0,73.0,0,6.0,6.6,2.0,4.333333333333333,3.0,2.4,3.3333333333333335,3.0,0.0,0.0,0.0,0.3333333333333333,0.3333333333333333,0.8,1.6666666666666667,1.2666666666666666,1.6666666666666667,1.0666666666666667,0.0,0.032,0.0,0.13,0.0,0.1366666666666667,3.0,4.866666666666666,0.3333333333333333,0.8,1.3333333333333333,2.0,57.333333333333336,58.666666666666664,87.66666666666667,81.86666666666666,,,1537.3333333333333,1634.2666666666667,1733.6666666666667,1630.6,63.8,57.9,52.6,47.333333333333336,1,pocket,0.06815414214542202
81915,7015,http://live.fanfooty.com.au/game/matchcentre.html?id=7015,R14,2019,250340.0,David,Armitage,SK,13.0,64.0,54,84.0,49.0,69.0,9.0,7.0,3.0,4.0,0.0,1.0,1.0,0.0,0.0,Full Time,guard,%P and %M plus %T... Mostly playing across half back,,,,,,,Midfielder,20.0,0.0,0.0,0.0,0.0,0.0,0.0,,,,4.0,0.0,6.0,56.0,82.0,,,False,1690,1570,15.0,7015_SK,101.0,0,72.0,0,8.333333333333334,10.133333333333333,6.0,8.533333333333333,4.666666666666667,4.466666666666667,2.6666666666666665,3.0,0.0,0.0,0.3333333333333333,1.1333333333333333,0.3333333333333333,1.2,0.0,0.5333333333333333,0.0,0.6666666666666666,0.0,2.7226666666666666,0.0,2.823333333333333,0.4800000000000006,1.6326666666666667,4.666666666666667,6.466666666666667,0.3333333333333333,1.4666666666666666,3.3333333333333335,3.2,70.66666666666667,70.2,78.66666666666667,77.93333333333334,,,1594.6666666666667,1602.0666666666666,1670.0,1673.1333333333334,77.7,88.7,71.0,57.666666666666664,1,guard,0.1728388308179741
82567,7030,http://live.fanfooty.com.au/game/matchcentre.html?id=7030,R16,2019,998106.0,Jordan,Gallucci,AD,0.0,20.0,18,27.0,14.0,19.0,4.0,0.0,1.0,1.0,0.0,0.0,0.0,0.0,1.0,Full Time,concussed,%D and %s,wing,Playing a HFF role... ruled out with concussion mid Q3 after running his head into Lycett's hip...,,,,,Midfielder,7.0,0.0,0.0,0.0,0.0,0.0,0.0,,,,0.0,0.0,0.0,50.0,36.0,,,True,1821,1439,17.0,7030_AD,99.0,0,74.0,0,8.666666666666666,9.133333333333333,1.0,3.1333333333333333,3.6666666666666665,3.6,1.3333333333333333,1.8666666666666667,0.0,0.0,0.6666666666666666,0.5333333333333333,0.0,0.13333333333333333,0.3333333333333333,0.6666666666666666,0.6666666666666666,0.4,0.0,0.256,0.0,0.186,0.0,0.9800000000000001,1.3333333333333333,3.8666666666666667,0.0,1.2,0.6666666666666666,1.1333333333333333,62.0,59.53333333333333,68.66666666666667,75.26666666666667,,,1578.6666666666667,1669.4666666666667,1684.0,1594.4666666666667,53.35,49.7,56.2,42.666666666666664,1,concussed,0.034414085677342915
83857,7060,http://live.fanfooty.com.au/game/matchcentre.html?id=7060,R19,2019,250712.0,Dale,Morris,WB,2.0,22.0,39,27.0,19.0,24.0,3.0,3.0,2.0,0.0,0.0,1.0,0.0,0.0,0.0,Full Time,longterminjured,Knock to his already-strapped left knee in Q1 after landing heavily... and again in Q3 which ended his day and was probably an ACL tear... %M and %O,guard,In defence,,,,,Back,38.0,0.0,0.0,0.0,0.0,0.0,0.0,,,,3.0,1.0,0.0,100.0,50.0,,,True,1404,1854,20.0,7060_WB,98.0,0,72.0,0,3.3333333333333335,3.8666666666666667,4.666666666666667,6.666666666666667,3.0,3.4,1.3333333333333333,2.0,0.0,0.0,0.6666666666666666,0.8,1.0,0.6,0.0,0.0,0.0,0.06666666666666667,0.18666666666666662,0.17,0.18666666666666668,0.19933333333333333,0.25,0.26866666666666666,2.3333333333333335,4.666666666666667,0.3333333333333333,0.2,1.6666666666666667,1.2666666666666666,93.33333333333333,86.06666666666666,80.66666666666667,85.93333333333334,,,1768.6666666666667,1609.9333333333334,1507.3333333333333,1662.5333333333333,53.5,55.5,49.0,42.0,1,longterminjured,0.03420435921372097
83910,7061,http://live.fanfooty.com.au/game/matchcentre.html?id=7061,R19,2019,993798.0,James,Parsons,GE,15.0,74.0,81,47.0,60.0,81.0,12.0,6.0,5.0,2.0,0.0,0.0,1.0,1.0,0.0,Full Time,pocket,%s from %O and %M plus %T,,,,,,,Forward,34.0,0.0,0.0,0.0,0.0,0.0,0.0,,,,6.0,2.0,1.0,83.0,85.0,,,False,1507,1759,20.0,7061_GE,98.0,0,72.0,1,11.0,7.666666666666667,4.666666666666667,5.4,5.0,3.2,1.6666666666666667,2.2,0.0,0.0,1.0,0.5333333333333333,1.6666666666666667,0.7333333333333333,0.3333333333333333,0.8,0.6666666666666666,0.6,0.0,0.15266666666666667,0.0,0.19733333333333333,0.0,0.3733333333333333,4.333333333333333,4.6,1.6666666666666667,1.0666666666666667,2.6666666666666665,1.8666666666666667,71.33333333333333,70.86666666666666,76.66666666666667,78.2,,,1661.3333333333333,1627.1333333333334,1617.3333333333333,1646.4666666666667,49.6,57.2,58.2,58.666666666666664,1,pocket,0.045668786690103984
83942,7062,http://live.fanfooty.com.au/game/matchcentre.html?id=7062,R19,2019,991953.0,Corey,Ellis,GC,3.0,37.0,49,44.0,32.0,45.0,3.0,9.0,2.0,1.0,0.0,0.0,0.0,0.0,0.0,Full Time,guard,%O including %B... also %M... Rotating in defence,,,,,,,Back,17.0,0.0,0.0,0.0,0.0,0.0,0.0,,,,5.0,0.0,0.0,83.0,85.0,,,False,1633,1637,20.0,7062_GC,98.0,0,72.0,0,8.0,6.733333333333333,9.666666666666666,7.066666666666666,2.3333333333333335,2.8666666666666667,2.3333333333333335,2.2666666666666666,0.0,0.0,0.0,0.2,0.0,0.13333333333333333,0.0,0.2,0.0,0.2,0.0,1.3046666666666666,0.0,1.3653333333333333,0.0,1.3766666666666665,6.0,5.066666666666666,1.3333333333333333,0.8,1.6666666666666667,1.6,73.0,73.0,83.0,74.0,,,1539.6666666666667,1600.4666666666667,1728.3333333333333,1673.8666666666666,57.45,56.1,60.6,64.0,1,guard,0.0829364548367694
83943,7062,http://live.fanfooty.com.au/game/matchcentre.html?id=7062,R19,2019,291964.0,Jack,Hombsch,GC,7.0,36.0,62,48.0,25.0,36.0,3.0,4.0,1.0,4.0,0.0,0.0,0.0,0.0,0.0,Full Time,job,%P and %T... At FB on McKernan,,,,,,,Back,20.0,0.0,0.0,0.0,0.0,0.0,0.0,,,,3.0,0.0,0.0,100.0,92.0,,,False,1633,1637,20.0,7062_GC,98.0,0,72.0,0,4.333333333333333,6.0,2.6666666666666665,3.066666666666667,3.0,3.6,2.6666666666666665,1.5333333333333334,0.0,0.0,0.3333333333333333,0.5333333333333333,0.3333333333333333,0.7333333333333333,0.0,0.0,0.0,0.0,0.0,0.0,0.0,0.0,0.0,0.0,2.3333333333333335,3.6666666666666665,0.0,0.2,0.3333333333333333,1.1333333333333333,96.0,79.53333333333333,89.33333333333333,89.6,,,1445.6666666666667,1485.8666666666666,1810.0,1780.0,51.0,52.4,50.6,51.333333333333336,1,job,0.04072818083798688
84121,7066,http://live.fanfooty.com.au/game/matchcentre.html?id=7066,R20,2019,270928.0,Scott,Selwood,GE,25.0,74.0,62,73.0,55.0,79.0,7.0,8.0,2.0,9.0,0.0,3.0,3.0,0.0,1.0,Full Time,wing,%P and %M plus %T... %s as well... umps paid him %4FF... not helped by %F... Supporting the midfield,,,,,,,Midfielder,16.0,0.0,0.0,0.0,0.0,0.0,0.0,,,,9.0,3.0,6.0,53.0,90.0,,,False,1738,1527,21.0,7066_GE,96.0,0,74.0,0,8.666666666666666,6.666666666666667,9.666666666666666,10.666666666666666,4.333333333333333,3.3333333333333335,4.666666666666667,5.533333333333333,0.0,0.0,1.3333333333333333,1.3333333333333333,1.6666666666666667,0.9333333333333333,0.3333333333333333,0.26666666666666666,0.3333333333333333,0.13333333333333333,0.0,1.0406666666666666,0.0,0.7180000000000001,0.13,0.6453333333333333,6.333333333333333,5.933333333333334,2.3333333333333335,1.8666666666666667,3.3333333333333335,2.7333333333333334,68.0,75.66666666666667,82.33333333333333,79.2,,,1570.0,1693.5333333333333,1688.3333333333333,1575.2,80.2,68.2,70.6,70.33333333333333,1,wing,0.18528144185047268
84515,7075,http://live.fanfooty.com.au/game/matchcentre.html?id=7075,R21,2019,290671.0,Anthony,Miles,GC,4.0,44.0,55,38.0,37.0,52.0,5.0,6.0,3.0,3.0,0.0,1.0,2.0,0.0,1.0,Full Time,injured,Soldiered on after right ankle concerns late Q1 but was eventually iced up in Q4... %O and %M plus %T... %s as well,shovel,Playing in central midfield,,,,,Midfielder,2.0,0.0,0.0,0.0,0.0,0.0,0.0,,,,8.0,2.0,4.0,63.0,49.0,,,True,1955,1314,22.0,7075_GC,99.0,0,74.0,0,12.333333333333334,13.8,6.0,7.533333333333333,3.6666666666666665,4.0,5.666666666666667,4.0,0.0,0.0,2.3333333333333335,2.1333333333333333,1.6666666666666667,1.2666666666666666,0.0,0.3333333333333333,0.6666666666666666,0.5333333333333333,0.0,0.0,0.0,0.0,0.0,0.0,9.0,10.333333333333334,4.333333333333333,5.066666666666666,4.333333333333333,3.4,63.333333333333336,62.86666666666667,66.0,73.86666666666666,,,1432.6666666666667,1466.3333333333333,1832.6666666666667,1799.6,83.7,89.8,82.2,78.66666666666667,1,injured,0.2767096002635926
84536,7076,http://live.fanfooty.com.au/game/matchcentre.html?id=7076,R21,2019,261314.0,David,Myers,ES,9.0,54.0,50,71.0,40.0,54.0,6.0,5.0,3.0,4.0,0.0,1.0,0.0,0.0,0.0,Full Time,wing,%D and %M with %T... Playing an outside game,,,,,,,Midfielder,23.0,0.0,0.0,0.0,0.0,0.0,0.0,,,,4.0,4.0,1.0,81.0,66.0,,,False,1939,1310,22.0,7076_ES,99.0,0,74.0,0,6.333333333333333,9.933333333333334,7.666666666666667,8.466666666666667,2.0,2.8,3.3333333333333335,3.6666666666666665,0.0,0.0,0.3333333333333333,0.6,0.6666666666666666,0.7333333333333333,0.0,0.6,0.3333333333333333,0.4,0.0,0.05466666666666667,0.0,0.12933333333333333,0.0,0.12733333333333335,7.666666666666667,8.933333333333334,4.333333333333333,4.466666666666667,1.6666666666666667,2.533333333333333,67.0,65.46666666666667,70.0,72.53333333333333,,,1554.3333333333333,1655.8666666666666,1712.6666666666667,1614.2666666666667,70.2,62.2,55.0,53.0,1,wing,0.09934674670902921
84537,7076,http://live.fanfooty.com.au/game/matchcentre.html?id=7076,R21,2019,294798.0,Mark,Baguley,ES,11.0,54.0,53,66.0,49.0,60.0,5.0,5.0,5.0,1.0,0.0,1.0,1.0,2.0,0.0,Full Time,garbage,All his goals deep in Q4 junk time... %O and %M plus %s,pocket,Starting forward,,,,,Back,12.0,0.0,0.0,0.0,0.0,0.0,0.0,,,,4.0,0.0,2.0,90.0,95.0,,,False,1939,1310,22.0,7076_ES,99.0,0,74.0,0,6.0,6.466666666666667,5.0,4.266666666666667,4.0,3.8,2.3333333333333335,3.0,0.0,0.0,0.6666666666666666,0.8,0.3333333333333333,1.2,1.3333333333333333,1.4666666666666666,0.3333333333333333,0.6,0.0,0.05,0.0,0.078,0.0,0.12333333333333334,4.666666666666667,4.066666666666666,0.6666666666666666,0.3333333333333333,1.0,2.0,75.66666666666667,75.4,92.0,87.06666666666666,,,1640.6666666666667,1668.6,1619.3333333333333,1601.0666666666666,58.55,55.6,60.0,58.666666666666664,1,garbage,0.08026617587126031
84730,7080,http://live.fanfooty.com.au/game/matchcentre.html?id=7080,R21,2019,270296.0,Andy,Otten,AD,9.0,68.0,73,48.0,54.0,72.0,10.0,6.0,4.0,3.0,3.0,2.0,1.0,0.0,0.0,Full Time,plusone,%O and %M plus %T... In defence,,,,,,,Back,22.0,0.0,0.0,0.0,0.0,0.0,0.0,,,,6.0,1.0,1.0,75.0,84.0,,,False,1653,1597,22.0,7080_AD,99.0,0,74.0,0,9.0,8.4,5.666666666666667,6.0,5.0,5.733333333333333,2.3333333333333335,1.6666666666666667,2.0,0.6666666666666666,2.0,1.0,0.3333333333333333,0.8,0.0,0.2,0.0,0.0,0.0,3.498666666666667,0.0,4.373333333333333,0.0,3.5566666666666666,5.666666666666667,4.533333333333333,0.6666666666666666,0.13333333333333333,0.6666666666666666,1.4666666666666666,81.66666666666667,80.73333333333333,79.0,82.93333333333334,,,1622.3333333333333,1672.8666666666666,1638.6666666666667,1594.1333333333334,63.05,69.1,73.6,69.66666666666667,1,plusone,0.07610033214381852
84959,7086,http://live.fanfooty.com.au/game/matchcentre.html?id=7086,R22,2019,220096.0,Aaron,Sandilands,FR,26.0,90.0,106,101.0,82.0,100.0,4.0,12.0,3.0,2.0,36.0,0.0,0.0,0.0,1.0,Full Time,ruck,%H... also %D and %M with %T... %s as well... Tandem ruck with Darcy,,,,,,,Ruck,31.0,0.0,0.0,0.0,0.0,0.0,0.0,,,,10.0,7.0,2.0,68.0,82.0,,,False,1579,1707,23.0,7086_FR,101.0,1,74.0,1,3.6666666666666665,3.533333333333333,10.666666666666666,7.866666666666666,2.6666666666666665,2.2,3.0,1.6,35.666666666666664,35.733333333333334,0.6666666666666666,1.2666666666666666,1.0,1.2,0.0,0.3333333333333333,0.3333333333333333,0.13333333333333333,0.0,2.0313333333333334,0.0,1.3613333333333335,0.0,3.329333333333333,9.333333333333334,7.866666666666666,5.0,3.3333333333333335,2.6666666666666665,2.466666666666667,60.0,69.26666666666667,82.0,79.6,,,1661.6666666666667,1603.7333333333333,1615.3333333333333,1663.2,90.1,91.4,95.2,97.66666666666667,1,ruck,0.40087980743107055
84970,7086,http://live.fanfooty.com.au/game/matchcentre.html?id=7086,R22,2019,260069.0,Hayden,Ballantyne,FR,9.0,62.0,58,82.0,44.0,61.0,8.0,5.0,2.0,5.0,0.0,1.0,0.0,0.0,1.0,Full Time,pocket,%s from %O and %M plus %T... Starting deep forward,,,,,,,Forward,1.0,0.0,0.0,0.0,0.0,0.0,0.0,,,,5.0,2.0,1.0,61.0,72.0,,,False,1579,1707,23.0,7086_FR,101.0,0,74.0,0,7.666666666666667,7.2,3.3333333333333335,3.3333333333333335,2.6666666666666665,3.2666666666666666,2.0,2.2,0.0,0.0,0.6666666666666666,0.5333333333333333,0.3333333333333333,1.0666666666666667,0.3333333333333333,1.1333333333333333,1.0,1.0,0.0,0.12533333333333335,0.0,0.27999999999999997,0.0,0.48799999999999993,4.0,3.2,0.6666666666666666,0.7333333333333333,1.3333333333333333,2.6,63.666666666666664,58.86666666666667,73.0,76.13333333333334,,,1612.0,1581.6,1669.0,1689.5333333333333,49.75,49.2,47.0,46.666666666666664,1,pocket,0.04417021169312075
84986,7086,http://live.fanfooty.com.au/game/matchcentre.html?id=7086,R22,2019,290251.0,Zac,Clarke,ES,15.0,69.0,72,69.0,59.0,80.0,4.0,10.0,2.0,5.0,16.0,0.0,2.0,0.0,1.0,Full Time,ruck,%O including %B... also %T and %M... and kicked %s... Tandem ruck with McKernan,,,,,,,Ruck,20.0,0.0,0.0,0.0,0.0,0.0,0.0,,,,7.0,2.0,3.0,71.0,89.0,,,False,1707,1579,23.0,7086_ES,101.0,0,74.0,0,4.333333333333333,3.3333333333333335,6.666666666666667,7.333333333333333,2.6666666666666665,3.2,3.0,2.466666666666667,23.333333333333332,20.266666666666666,0.6666666666666666,0.5333333333333333,1.6666666666666667,1.7333333333333334,0.0,0.0,0.6666666666666666,0.4666666666666667,0.0,0.2733333333333334,0.0,0.23,0.0,0.42000000000000004,5.333333333333333,4.8,2.6666666666666665,2.1333333333333333,3.0,2.6666666666666665,68.66666666666667,74.2,85.33333333333333,83.06666666666666,,,1439.0,1557.9333333333334,1832.6666666666667,1713.7333333333333,58.25,62.3,72.0,62.0,1,ruck,0.12462959722444081
85049,7088,http://live.fanfooty.com.au/game/matchcentre.html?id=7088,R22,2019,270340.0,Dawson,Simpson,WS,38.0,72.0,94,76.0,70.0,77.0,0.0,5.0,0.0,2.0,56.0,1.0,1.0,0.0,0.0,Full Time,in,%l Shane Mumford... %H... also %P and %T,ruck,First ruck...,,,,,Ruck,26.0,0.0,0.0,0.0,0.0,0.0,0.0,,,,6.0,3.0,3.0,80.0,83.0,,,False,1702,1556,23.0,7088_WS,101.0,0,74.0,1,2.3333333333333335,2.7333333333333334,4.333333333333333,5.266666666666667,2.3333333333333335,1.2666666666666666,2.6666666666666665,2.8,35.333333333333336,32.2,1.0,1.2,1.0,0.8666666666666667,0.0,0.06666666666666667,0.0,0.06666666666666667,0.0,0.3360000000000001,0.0,0.5126666666666666,0.0,0.3686666666666667,3.3333333333333335,5.733333333333333,1.6666666666666667,2.6666666666666665,2.3333333333333335,1.7333333333333334,78.66666666666667,78.26666666666667,84.0,73.93333333333334,,,1550.6666666666667,1663.4,1721.3333333333333,1609.6666666666667,83.4,78.7,73.4,77.0,1,in,0.044972777893806715
85086,7089,http://live.fanfooty.com.au/game/matchcentre.html?id=7089,R22,2019,240357.0,Jarryd,Roughead,HW,29.0,100.0,103,120.0,87.0,103.0,11.0,3.0,5.0,2.0,3.0,1.0,1.0,6.0,1.0,Full Time,heart,A huge bag of goals in his send off game... %s from %D and %M with %T,spearhead,Starting at FF on Burgess,,,,,Forward,2.0,0.0,0.0,0.0,0.0,0.0,0.0,,,,8.0,1.0,4.0,50.0,81.0,,,True,1517,1755,23.0,7089_HW,101.0,1,74.0,1,7.333333333333333,8.066666666666666,3.0,5.466666666666667,2.3333333333333335,3.6,3.0,2.6666666666666665,1.6666666666666667,3.7333333333333334,1.0,0.6666666666666666,1.0,0.6666666666666666,2.6666666666666665,1.6,0.6666666666666666,1.1333333333333333,0.0,0.19133333333333333,0.0,0.3266666666666667,0.0,0.5653333333333334,5.333333333333333,6.866666666666666,0.3333333333333333,1.7333333333333334,2.6666666666666665,2.3333333333333335,63.0,67.0,78.66666666666667,82.13333333333334,,,1590.3333333333333,1631.0,1673.3333333333333,1628.1333333333334,80.7,73.9,76.0,74.0,1,heart,0.19507990148455467
85124,7089,http://live.fanfooty.com.au/game/matchcentre.html?id=7089,R22,2019,293255.0,George,Horlin-Smith,GC,8.0,38.0,41,30.0,31.0,45.0,5.0,4.0,1.0,3.0,0.0,0.0,2.0,1.0,0.0,Full Time,tagger,%O and %T plus %s... Tagging Worpel,,,,,,,Midfielder,33.0,0.0,0.0,0.0,0.0,0.0,0.0,,,,5.0,2.0,3.0,88.0,80.0,,,False,1755,1517,23.0,7089_GC,101.0,0,74.0,0,4.333333333333333,8.066666666666666,3.6666666666666665,7.8,2.6666666666666665,2.2,2.3333333333333335,3.6666666666666665,0.0,0.0,0.0,1.0666666666666667,0.6666666666666666,0.6,0.6666666666666666,0.4666666666666667,0.6666666666666666,0.26666666666666666,0.0,4.252,0.0,1.7466666666666666,0.0,1.9533333333333334,3.0,6.466666666666667,1.0,2.933333333333333,1.3333333333333333,2.1333333333333333,69.0,69.73333333333333,75.33333333333333,70.13333333333334,,,1455.0,1526.4666666666667,1813.3333333333333,1739.9333333333334,64.85,54.0,45.2,38.0,1,tagger,0.06818233687341528
85187,7091,http://live.fanfooty.com.au/game/matchcentre.html?id=7091,R23,2019,240226.0,Kieren,Jack,SY,10.0,47.0,46,58.0,38.0,51.0,5.0,6.0,2.0,2.0,0.0,0.0,0.0,1.0,0.0,Full Time,wing,%D and %M with %T... %s as well... Playing a supportive midfield/forward role,,,0.0,,0.0,,Midfielder,15.0,0.0,0.0,0.0,0.0,0.0,0.0,0.0,,,5.0,0.0,3.0,81.0,77.0,,,False,1503,1771,24.0,7091_SY,98.0,0,72.0,0,6.0,7.533333333333333,5.0,3.466666666666667,1.6666666666666667,1.9333333333333333,3.0,3.533333333333333,0.0,0.0,1.0,0.6,0.0,0.4666666666666667,0.3333333333333333,0.4666666666666667,0.0,0.4,0.0,0.256,0.0,0.41933333333333334,0.0,0.762,4.666666666666667,4.066666666666666,1.3333333333333333,1.0,1.3333333333333333,2.066666666666667,78.66666666666667,61.8,77.0,68.06666666666666,,,1655.6666666666667,1629.6666666666667,1618.3333333333333,1644.4666666666667,50.85,52.6,45.2,49.0,1,wing,0.04243377766557281
85188,7091,http://live.fanfooty.com.au/game/matchcentre.html?id=7091,R23,2019,230253.0,Jarrad,McVeigh,SY,10.0,45.0,51,56.0,43.0,57.0,4.0,7.0,5.0,1.0,0.0,0.0,2.0,1.0,0.0,Full Time,guard,%D and %M plus %s... Playing in defence,,,0.0,,0.0,,Back,3.0,0.0,0.0,0.0,0.0,0.0,0.0,0.0,,,2.0,0.0,4.0,72.0,78.0,,,False,1503,1771,24.0,7091_SY,98.0,0,72.0,0,5.0,11.0,7.333333333333333,7.733333333333333,4.666666666666667,4.8,1.6666666666666667,2.066666666666667,0.0,0.0,0.6666666666666666,0.6666666666666666,0.6666666666666666,0.3333333333333333,0.3333333333333333,0.13333333333333333,0.0,0.0,0.0,0.10200000000000001,0.0,0.14333333333333334,0.0,0.5319999999999999,2.3333333333333335,4.266666666666667,0.3333333333333333,1.1333333333333333,1.3333333333333333,1.2666666666666666,85.33333333333333,83.4,64.66666666666667,78.4,,,1765.3333333333333,1680.6,1508.3333333333333,1584.7333333333333,85.55,78.3,70.2,54.666666666666664,1,guard,0.16138842849474425
85190,7091,http://live.fanfooty.com.au/game/matchcentre.html?id=7091,R23,2019,291307.0,Daniel,Menzel,SY,2.0,34.0,12,45.0,26.0,34.0,6.0,1.0,3.0,1.0,0.0,0.0,0.0,0.0,1.0,Full Time,sore,Corkie to the left thigh late Q3... %s from %P and %M,pocket,Small forward role...,0.0,,0.0,,Forward,2.0,0.0,0.0,0.0,0.0,0.0,0.0,0.0,,,1.0,0.0,2.0,28.0,67.0,,,True,1503,1771,24.0,7091_SY,98.0,0,72.0,0,7.333333333333333,6.333333333333333,1.6666666666666667,3.066666666666667,4.666666666666667,3.6,2.0,1.3333333333333333,0.0,0.0,0.6666666666666666,0.8,0.6666666666666666,0.6,1.3333333333333333,1.2666666666666666,1.6666666666666667,0.9333333333333333,0.0,0.03866666666666667,0.0,0.23933333333333331,0.0,0.3406666666666667,2.6666666666666665,3.8,0.0,0.26666666666666666,2.0,1.6666666666666667,36.0,64.6,72.33333333333333,76.8,,,1629.3333333333333,1691.6666666666667,1644.3333333333333,1577.9333333333334,58.75,51.4,47.8,40.666666666666664,1,sore,0.07324837273684072
85208,7091,http://live.fanfooty.com.au/game/matchcentre.html?id=7091,R23,2019,260278.0,Sam,Rowe,SK,3.0,39.0,46,29.0,35.0,42.0,4.0,5.0,2.0,0.0,8.0,2.0,0.0,0.0,1.0,Full Time,spearhead,%O and %M plus %s... Starting forward,,,0.0,,0.0,,Back,47.0,17.0,0.0,0.0,0.0,0.0,0.0,0.0,,,6.0,1.0,0.0,77.0,82.0,,,False,1771,1503,24.0,7091_SK,98.0,0,72.0,0,4.666666666666667,5.266666666666667,5.333333333333333,4.266666666666667,2.0,3.0,0.6666666666666666,1.5333333333333334,2.6666666666666665,2.066666666666667,1.6666666666666667,1.2666666666666666,0.6666666666666666,1.0666666666666667,0.0,0.06666666666666667,0.3333333333333333,0.06666666666666667,0.0,0.11866666666666667,0.0,0.11333333333333334,0.3666666666666667,0.47733333333333333,6.0,5.133333333333334,0.3333333333333333,0.2,1.0,2.4,79.66666666666667,72.06666666666666,93.0,94.2,,,1467.0,1501.8666666666666,1798.3333333333333,1766.0666666666666,52.4,53.1,56.4,53.333333333333336,1,spearhead,0.061473900898473564
85210,7091,http://live.fanfooty.com.au/game/matchcentre.html?id=7091,R23,2019,260310.0,Nathan,Brown,SK,3.0,33.0,63,24.0,26.0,36.0,5.0,3.0,2.0,2.0,0.0,1.0,1.0,0.0,0.0,Full Time,job,%P and %M plus %T... Down back on Franklin,,,0.0,,0.0,,Back,22.0,0.0,0.0,0.0,0.0,0.0,0.0,0.0,,,3.0,1.0,1.0,100.0,91.0,,,False,1771,1503,24.0,7091_SK,98.0,0,72.0,0,4.666666666666667,4.333333333333333,3.3333333333333335,3.8666666666666667,3.0,2.933333333333333,1.3333333333333333,1.7333333333333334,0.0,0.0,0.6666666666666666,0.7333333333333333,0.3333333333333333,0.4666666666666667,0.0,0.0,0.0,0.0,0.0,0.40599999999999997,0.0,0.328,0.0,1.76,3.0,3.2666666666666666,1.0,0.4666666666666667,0.3333333333333333,0.9333333333333333,91.33333333333333,86.2,88.33333333333333,89.26666666666667,,,1598.3333333333333,1596.7333333333333,1671.0,1671.4666666666667,51.65,53.7,51.2,53.0,1,job,0.04083660603820841
85226,7092,http://live.fanfooty.com.au/game/matchcentre.html?id=7092,R23,2019,281395.0,Scott D.,Thompson,NM,5.0,55.0,57,71.0,45.0,63.0,6.0,8.0,4.0,3.0,0.0,0.0,1.0,0.0,0.0,Full Time,job,%O and %M plus %T... At CHB on Fritsch,,,0.0,,0.0,,Back,16.0,0.0,0.0,0.0,0.0,0.0,0.0,0.0,,,3.0,0.0,3.0,85.0,86.0,,,False,1607,1653,24.0,7092_NM,98.0,0,72.0,0,11.0,10.333333333333334,7.0,4.933333333333334,5.666666666666667,4.6,1.6666666666666667,1.9333333333333333,0.0,0.0,0.3333333333333333,0.4,0.6666666666666666,1.2,0.0,0.0,0.0,0.0,0.0,0.0,0.0,0.0,0.0,0.0,5.666666666666667,4.866666666666666,0.3333333333333333,0.06666666666666667,2.0,2.1333333333333333,76.0,79.66666666666667,80.33333333333333,88.2,,,1731.3333333333333,1657.4,1546.6666666666667,1617.0666666666666,71.2,69.1,71.6,83.33333333333333,1,job,0.12689615457577508
85227,7092,http://live.fanfooty.com.au/game/matchcentre.html?id=7092,R23,2019,294556.0,Nathan,Hrovat,NM,8.0,55.0,62,66.0,46.0,64.0,5.0,12.0,2.0,2.0,0.0,1.0,0.0,0.0,1.0,Full Time,wing,%D including %B... also %M and %T... and booted %s... Coming off a wing,,,0.0,,0.0,,Midfielder,8.0,0.0,0.0,0.0,0.0,0.0,0.0,0.0,,,7.0,2.0,2.0,82.0,70.0,,,False,1607,1653,24.0,7092_NM,98.0,0,72.0,0,6.333333333333333,6.4,10.0,7.933333333333334,3.6666666666666665,2.533333333333333,1.0,2.2666666666666666,0.0,0.0,0.3333333333333333,0.4666666666666667,0.0,0.26666666666666666,0.0,0.4666666666666667,0.6666666666666666,0.3333333333333333,0.0,0.04733333333333334,0.0,0.06733333333333333,0.0,0.03933333333333333,6.0,5.8,1.0,0.6,1.3333333333333333,1.6,79.66666666666667,71.33333333333333,71.66666666666667,72.06666666666666,,,1774.0,1639.0666666666666,1493.0,1634.8666666666666,55.3,61.9,60.2,59.0,1,wing,0.05459906313279938
85239,7092,http://live.fanfooty.com.au/game/matchcentre.html?id=7092,R23,2019,250089.0,Jordan,Lewis,ME,10.0,87.0,85,44.0,66.0,91.0,17.0,7.0,4.0,2.0,0.0,1.0,0.0,0.0,1.0,Full Time,wing,%O with %k by foot... also %M and %T... and booted %s... Starting on a wing,,,0.0,,0.0,,Midfielder,6.0,0.0,0.0,0.0,0.0,0.0,0.0,0.0,,,3.0,3.0,1.0,75.0,82.0,,,False,1653,1607,24.0,7092_ME,98.0,0,72.0,1,14.0,9.8,6.0,6.933333333333334,4.333333333333333,3.533333333333333,3.0,1.6666666666666667,0.0,0.0,0.6666666666666666,0.8,0.0,0.6666666666666666,0.0,0.4,0.3333333333333333,0.2,0.0,0.0,0.0,0.0,0.0,0.23399999999999999,3.0,4.533333333333333,1.6666666666666667,1.4,1.3333333333333333,2.066666666666667,78.66666666666667,74.33333333333333,87.0,84.4,,,1583.3333333333333,1602.5333333333333,1671.0,1653.3333333333333,71.2,68.6,75.8,83.0,1,wing,0.14854993760446114
85243,7092,http://live.fanfooty.com.au/game/matchcentre.html?id=7092,R23,2019,297139.0,Billy,Stretch,ME,9.0,70.0,89,48.0,54.0,78.0,10.0,11.0,2.0,3.0,0.0,0.0,0.0,0.0,0.0,Full Time,wing,%D and %M with %T... Running off a wing,,,0.0,,0.0,,Midfielder,15.0,0.0,0.0,0.0,0.0,0.0,0.0,0.0,,,4.0,0.0,0.0,95.0,71.0,,,False,1653,1607,24.0,7092_ME,98.0,0,72.0,1,8.333333333333334,8.866666666666667,8.333333333333334,7.866666666666666,4.0,3.6666666666666665,2.6666666666666665,3.2,0.0,0.0,0.0,0.6,0.3333333333333333,0.3333333333333333,0.0,0.2,0.0,0.2,0.0,0.044666666666666674,0.0,0.10200000000000001,0.0,0.03933333333333334,3.0,6.066666666666666,0.6666666666666666,1.1333333333333333,0.6666666666666666,1.7333333333333334,94.0,74.0,74.66666666666667,75.33333333333333,,,1627.0,1606.6,1642.0,1657.8666666666666,71.85,73.7,71.8,70.66666666666667,1,wing,0.12177731677755796
85251,7092,http://live.fanfooty.com.au/game/matchcentre.html?id=7092,R23,2019,296343.0,Jay,Kennedy-Harris,ME,7.0,48.0,55,29.0,40.0,57.0,8.0,7.0,3.0,1.0,0.0,0.0,1.0,0.0,0.0,Full Time,wing,%O and %M... Playing mostly midfield,,,0.0,,0.0,,Forward,24.0,0.0,0.0,0.0,0.0,0.0,0.0,0.0,,,5.0,2.0,2.0,73.0,70.0,,,False,1653,1607,24.0,7092_ME,98.0,0,72.0,0,8.666666666666666,8.266666666666667,7.0,8.2,4.333333333333333,3.4,1.3333333333333333,3.6,0.0,0.0,0.6666666666666666,0.6666666666666666,0.3333333333333333,0.4666666666666667,0.0,0.06666666666666667,0.0,0.3333333333333333,0.0,0.5159999999999999,0.0,0.24533333333333335,0.0,2.3273333333333337,6.666666666666667,6.4,1.3333333333333333,1.3333333333333333,1.0,2.066666666666667,77.0,71.13333333333334,74.33333333333333,74.26666666666667,,,1583.3333333333333,1647.8666666666666,1671.0,1618.4,56.7,62.2,62.8,60.333333333333336,1,wing,0.06134729840057962
85281,7093,http://live.fanfooty.com.au/game/matchcentre.html?id=7093,R23,2019,261299.0,Matthew,Kreuzer,CA,16.0,79.0,82,54.0,65.0,76.0,10.0,1.0,1.0,2.0,34.0,2.0,0.0,0.0,0.0,Full Time,ruck,%H... also %D and %T... First ruck,,,0.0,,0.0,,Ruck,8.0,0.0,0.0,0.0,0.0,0.0,0.0,0.0,,,7.0,7.0,0.0,36.0,84.0,,,False,1886,1393,24.0,7093_CA,98.0,0,72.0,1,11.0,8.466666666666667,2.3333333333333335,4.6,2.0,1.9333333333333333,1.6666666666666667,2.2666666666666666,34.666666666666664,30.933333333333334,2.0,1.6,0.3333333333333333,0.5333333333333333,0.3333333333333333,0.3333333333333333,1.0,0.3333333333333333,0.0,0.0,0.0,0.0,0.0,0.0,8.666666666666666,9.133333333333333,6.333333333333333,5.533333333333333,1.3333333333333333,1.6,52.333333333333336,60.4,83.33333333333333,82.53333333333333,,,1532.3333333333333,1574.2,1738.6666666666667,1702.2666666666667,96.35,101.1,93.0,97.66666666666667,1,ruck,0.48144258491140884
85282,7093,http://live.fanfooty.com.au/game/matchcentre.html?id=7093,R23,2019,240359.0,Dale,Thomas,CA,22.0,77.0,91,67.0,55.0,78.0,10.0,4.0,4.0,8.0,0.0,1.0,2.0,0.0,0.0,Full Time,guard,%P including %K... also %T and %M... Coming off a HBF,,,0.0,,0.0,,Midfielder,39.0,0.0,0.0,0.0,0.0,0.0,0.0,0.0,,,5.0,0.0,2.0,85.0,79.0,,,False,1886,1393,24.0,7093_CA,98.0,0,72.0,1,14.666666666666666,13.666666666666666,7.0,5.866666666666666,4.0,5.266666666666667,6.0,3.2666666666666666,0.0,0.0,1.3333333333333333,0.8666666666666667,1.0,0.6666666666666666,0.0,0.13333333333333333,0.3333333333333333,0.2,0.0,0.0,0.0,0.0,0.0,0.0,8.0,5.133333333333334,1.3333333333333333,0.6,1.3333333333333333,1.7333333333333334,80.0,78.26666666666667,79.0,78.53333333333333,,,1532.3333333333333,1572.2,1738.6666666666667,1702.2,82.45,88.0,102.2,108.66666666666667,1,guard,0.25340786357906614
85311,7094,http://live.fanfooty.com.au/game/matchcentre.html?id=7094,R23,2019,290546.0,Aaron,Young,GC,10.0,54.0,60,69.0,41.0,54.0,7.0,4.0,2.0,3.0,0.0,1.0,0.0,1.0,0.0,Full Time,wing,%s from %O and %M plus %T... Starting forward,,,0.0,,0.0,,Forward,15.0,0.0,0.0,0.0,0.0,0.0,0.0,0.0,,,5.0,1.0,3.0,54.0,77.0,,,False,1796,1459,24.0,7094_GC,98.0,0,72.0,0,6.333333333333333,8.466666666666667,5.0,4.533333333333333,2.3333333333333335,3.0,2.3333333333333335,3.466666666666667,0.0,0.0,0.6666666666666666,1.0666666666666667,0.3333333333333333,1.2666666666666666,0.3333333333333333,0.8666666666666667,0.6666666666666666,0.6,0.0,0.6393333333333333,0.0,0.4646666666666667,0.4466666666666667,1.2906666666666666,3.3333333333333335,4.333333333333333,0.3333333333333333,0.6666666666666666,2.6666666666666665,2.8666666666666667,64.33333333333333,55.666666666666664,77.33333333333333,80.73333333333333,,,1414.6666666666667,1430.0,1860.0,1843.6,56.5,58.1,45.8,44.333333333333336,1,wing,0.06651437093366254
85313,7094,http://live.fanfooty.com.au/game/matchcentre.html?id=7094,R23,2019,295942.0,Jordan,Murdoch,GC,3.0,41.0,46,54.0,30.0,39.0,7.0,2.0,2.0,2.0,0.0,2.0,0.0,0.0,0.0,Full Time,wing,%P with %k by foot... also %M and %T... Playing a half forward role,,,0.0,,0.0,,Forward,31.0,0.0,0.0,0.0,0.0,0.0,0.0,0.0,,,4.0,4.0,1.0,66.0,85.0,,,False,1796,1459,24.0,7094_GC,98.0,0,72.0,0,8.666666666666666,8.933333333333334,2.6666666666666665,3.933333333333333,3.3333333333333335,3.1333333333333333,2.3333333333333335,2.533333333333333,0.0,0.0,1.6666666666666667,0.8666666666666667,0.3333333333333333,0.3333333333333333,0.3333333333333333,0.13333333333333333,0.0,0.2,0.0,0.0,0.0,0.0,0.0,0.03666666666666669,4.666666666666667,5.4,1.3333333333333333,0.6666666666666666,2.0,2.066666666666667,69.0,72.6,74.33333333333333,81.66666666666667,,,1505.6666666666667,1503.6,1767.0,1762.4666666666667,59.55,58.3,62.0,59.333333333333336,1,wing,0.06937080326172843
85317,7094,http://live.fanfooty.com.au/game/matchcentre.html?id=7094,R23,2019,240712.0,Michael,Rischitelli,GC,7.0,35.0,30,47.0,24.0,33.0,3.0,3.0,1.0,4.0,0.0,1.0,0.0,0.0,0.0,Full Time,wing,%O and %T... Playing a half forward role,,,0.0,,0.0,,Midfielder,35.0,0.0,0.0,0.0,0.0,0.0,0.0,0.0,,,5.0,3.0,1.0,66.0,74.0,,,False,1796,1459,24.0,7094_GC,98.0,0,72.0,0,4.333333333333333,5.933333333333334,3.6666666666666665,4.2,2.3333333333333335,2.6,2.6666666666666665,2.533333333333333,0.0,0.0,0.6666666666666666,0.6666666666666666,1.0,0.4,0.3333333333333333,0.2,0.3333333333333333,0.2,0.0,0.536,0.0,0.43733333333333335,0.0,0.6466666666666666,4.333333333333333,4.333333333333333,1.6666666666666667,0.6666666666666666,1.6666666666666667,1.3333333333333333,66.0,69.13333333333334,75.0,78.06666666666666,,,1430.0,1446.4666666666667,1835.3333333333333,1824.5333333333333,51.0,50.9,44.4,33.333333333333336,1,wing,0.041868291894212324
85414,7096,http://live.fanfooty.com.au/game/matchcentre.html?id=7096,R23,2019,240370.0,Richard,Douglas,AD,10.0,75.0,54,52.0,58.0,81.0,11.0,9.0,4.0,3.0,0.0,0.0,0.0,0.0,0.0,Full Time,wing,%O and %M plus %T... Playing a half forward role,,,0.0,,0.0,,Midfielder,26.0,0.0,0.0,0.0,0.0,0.0,0.0,0.0,,,3.0,0.0,1.0,70.0,84.0,,,False,1752,1519,24.0,7096_AD,98.0,0,72.0,0,10.333333333333334,10.266666666666667,6.0,6.266666666666667,4.333333333333333,3.533333333333333,2.6666666666666665,2.3333333333333335,0.0,0.0,0.6666666666666666,0.6,0.0,0.8666666666666667,0.3333333333333333,0.26666666666666666,0.0,0.3333333333333333,0.0,0.04733333333333333,0.0,0.07600000000000001,0.0,0.16266666666666668,4.0,5.933333333333334,0.3333333333333333,2.2,2.6666666666666665,2.7333333333333334,69.0,65.13333333333334,84.0,80.53333333333333,,,1521.3333333333333,1621.0666666666666,1732.3333333333333,1641.2666666666667,65.45,56.7,59.2,57.0,1,wing,0.10073989227016833
85487,7098,http://live.fanfooty.com.au/game/matchcentre.html?id=7098,R23,2019,271078.0,Matthew,Broadbent,PA,5.0,53.0,57,70.0,42.0,57.0,9.0,4.0,4.0,2.0,0.0,1.0,1.0,0.0,0.0,Full Time,guard,%D and %M with %T... Starting at half back,,,0.0,,0.0,,Back,5.0,0.0,0.0,0.0,0.0,0.0,0.0,0.0,,,3.0,1.0,1.0,92.0,81.0,,,False,1371,1901,24.0,7098_PA,98.0,0,72.0,0,11.0,12.933333333333334,2.6666666666666665,5.733333333333333,4.666666666666667,5.0,1.3333333333333333,1.1333333333333333,0.0,0.0,1.0,0.7333333333333333,0.6666666666666666,0.3333333333333333,0.0,0.0,0.0,0.0,0.0,0.31,0.0,0.2353333333333333,0.0,0.4053333333333333,3.6666666666666665,5.0,0.3333333333333333,1.0,1.0,2.2,79.0,74.53333333333333,83.66666666666667,83.13333333333334,,,1640.6666666666667,1648.4,1640.3333333333333,1623.7333333333333,69.5,69.2,66.8,63.0,1,guard,0.10131484231400702
85615,7103,http://live.fanfooty.com.au/game/matchcentre.html?id=7103,EF,2019,240336.0,Brett,Deledio,WS,10.0,51.0,56,68.0,42.0,57.0,5.0,6.0,4.0,4.0,0.0,2.0,2.0,0.0,0.0,Full Time,wing,%O and %M plus %T... Starting on a HFF,,,0.0,,0.0,,Forward,7.0,0.0,0.0,0.0,0.0,0.0,0.0,0.0,,,4.0,0.0,2.0,90.0,63.0,,,False,1456,1807,30.0,7103_WS,102.80000000000001,0,75.0,0,7.666666666666667,9.0,6.666666666666667,8.533333333333333,4.333333333333333,4.933333333333334,3.0,2.6666666666666665,0.0,0.0,1.3333333333333333,0.8,0.6666666666666666,0.4666666666666667,0.3333333333333333,0.4,0.6666666666666666,0.4,0.0,0.0,0.0,0.0,0.0,0.028666666666666667,5.666666666666667,7.133333333333334,1.3333333333333333,1.7333333333333334,1.0,1.4666666666666666,75.0,73.26666666666667,69.0,77.53333333333333,,,1689.3333333333333,1731.0,1582.3333333333333,1538.0666666666666,76.45,75.0,63.8,66.66666666666667,1,wing,0.12132975785394713
85715,7105,http://live.fanfooty.com.au/game/matchcentre.html?id=7105,SF,2019,261290.0,Chris,Masten,WC,15.0,63.0,77,54.0,54.0,72.0,7.0,6.0,6.0,3.0,0.0,0.0,2.0,1.0,0.0,Full Time,wing,%O and %M plus %T... %s as well... Playing outside midfield,,,0.0,,0.0,,Midfielder,7.0,0.0,0.0,0.0,0.0,0.0,0.0,0.0,,,7.0,2.0,2.0,76.0,94.0,,,False,1802,1484,32.0,7105_WC,96.0,0,71.5,1,10.0,9.866666666666667,7.666666666666667,6.8,6.666666666666667,5.4,2.0,1.7333333333333334,0.0,0.0,0.0,0.4,0.6666666666666666,0.5333333333333333,0.3333333333333333,0.2,0.3333333333333333,0.06666666666666667,0.0,0.0,0.0,0.0,0.0,0.0,6.0,4.066666666666666,1.0,0.5333333333333333,1.3333333333333333,1.8666666666666667,76.33333333333333,75.86666666666666,92.33333333333333,86.93333333333334,,,1648.0,1648.5333333333333,1631.3333333333333,1621.0666666666666,60.05,68.5,68.2,73.33333333333333,1,wing,0.07085451591774185
85733,7106,http://live.fanfooty.com.au/game/matchcentre.html?id=7106,SF,2019,220047.0,Luke,Hodge,BL,9.0,78.0,92,99.0,62.0,84.0,14.0,8.0,5.0,1.0,0.0,1.0,0.0,0.0,0.0,Full Time,guard,%M and %P... Starting in defence,,,0.0,,0.0,,Back,2.0,0.0,0.0,0.0,0.0,0.0,0.0,0.0,,,5.0,0.0,2.0,86.0,81.0,,,False,1586,1678,32.0,7106_BL,96.0,0,71.5,1,16.666666666666668,13.133333333333333,7.666666666666667,4.066666666666666,6.333333333333333,6.066666666666666,1.3333333333333333,1.6,0.0,0.0,0.6666666666666666,0.4666666666666667,0.3333333333333333,0.8,0.0,0.0,0.0,0.13333333333333333,0.0,0.0,0.0,0.0,0.0,0.0,6.333333333333333,3.466666666666667,0.6666666666666666,0.4666666666666667,2.0,1.8666666666666667,84.66666666666667,84.0,85.0,84.53333333333333,,,1653.3333333333333,1666.9333333333334,1619.3333333333333,1606.6666666666667,71.4,78.0,84.8,102.66666666666667,1,guard,0.18299125992016918
85737,7106,http://live.fanfooty.com.au/game/matchcentre.html?id=7106,SF,2019,297258.0,Nick,Robertson,BL,9.0,63.0,43,86.0,43.0,60.0,12.0,1.0,3.0,4.0,0.0,0.0,0.0,0.0,0.0,Full Time,tagger,%D with %k by foot... also %T and %M... Tagging Whitfield,,,0.0,,0.0,,Back,18.0,0.0,0.0,0.0,0.0,0.0,0.0,0.0,,,6.0,1.0,6.0,30.0,84.0,,,False,1586,1678,32.0,7106_BL,96.0,0,71.5,0,9.333333333333334,9.266666666666667,4.0,7.0,3.6666666666666665,5.466666666666667,2.3333333333333335,1.5333333333333334,0.0,0.0,0.3333333333333333,0.26666666666666666,0.6666666666666666,1.0666666666666667,0.0,0.13333333333333333,0.0,0.0,0.0,0.2460000000000001,0.0,0.138,0.0,0.5626666666666668,5.0,4.133333333333334,0.6666666666666666,0.4666666666666667,3.3333333333333335,2.7333333333333334,66.33333333333333,77.6,85.66666666666667,85.66666666666667,,,1638.3333333333333,1653.6666666666667,1634.0,1613.6666666666667,61.1,60.2,60.8,60.333333333333336,1,tagger,0.06857250101669836
85738,7106,http://live.fanfooty.com.au/game/matchcentre.html?id=7106,SF,2019,280918.0,Allen,Christensen,BL,11.0,61.0,75,79.0,49.0,63.0,8.0,4.0,4.0,3.0,0.0,2.0,1.0,1.0,0.0,Full Time,pocket,%P and %M plus %T... %s as well... Starting in attack,,,0.0,,0.0,,Midfielder,3.0,0.0,0.0,0.0,0.0,0.0,0.0,0.0,,,6.0,0.0,3.0,75.0,70.0,,,False,1586,1678,32.0,7106_BL,96.0,0,71.5,1,7.666666666666667,9.933333333333334,2.6666666666666665,4.933333333333334,3.6666666666666665,4.333333333333333,2.3333333333333335,3.0,0.0,0.0,1.0,0.8,1.0,0.8666666666666667,1.0,1.1333333333333333,0.0,0.6,0.0,0.0,0.0,0.0,0.0,1.4753333333333336,3.6666666666666665,5.4,0.0,0.8,1.6666666666666667,2.066666666666667,74.0,73.73333333333333,61.333333333333336,73.26666666666667,,,1699.0,1674.4,1563.3333333333333,1595.4666666666667,72.55,65.3,66.4,53.666666666666664,1,pocket,0.0930239227189143
86019,7303,http://live.fanfooty.com.au/game/matchcentre.html?id=7303,R1,2020,995192.0,Cameron,McCarthy,FR,3.0,45.0,51,26.0,35.0,46.0,8.0,3.0,3.0,1.0,0.0,1.0,0.0,0.0,1.0,Full Time,wing,%s from %P and %M... Starting on a wing,,,300300.0,,289200.0,,Forward,23.0,0.0,0.0,0.0,0.0,0.0,0.0,268100.0,,,4.0,0.0,2.0,63.0,69.0,195.0,,False,1809,1458,2.0,7303_FR,102.0,0,74.0,0,7.666666666666667,8.266666666666667,2.6666666666666665,3.2666666666666666,5.0,4.2,1.0,1.4,0.0,0.0,1.0,0.6666666666666666,0.6666666666666666,0.7333333333333333,1.0,1.4666666666666666,1.0,0.8,0.0,0.021333333333333333,0.0,0.037333333333333336,0.0,0.11533333333333333,3.0,4.266666666666667,0.0,0.26666666666666666,2.0,2.6,50.0,50.666666666666664,83.0,88.13333333333334,,,1512.0,1581.0666666666666,1763.0,1688.8,51.55,48.4,43.4,47.0,1,wing,0.04808145487324322
86126,7306,http://live.fanfooty.com.au/game/matchcentre.html?id=7306,R1,2020,996064.0,Jesse,Joyce,GC,3.0,50.0,64,64.0,39.0,54.0,9.0,5.0,3.0,1.0,0.0,0.0,0.0,0.0,0.0,Full Time,guard,%M and %O... Playing small defender,,,333400.0,,326800.0,,Back,38.0,0.0,0.0,0.0,0.0,0.0,0.0,401000.0,,,5.0,0.0,1.0,78.0,74.0,256.0,,False,1821,1440,2.0,7306_GC,102.0,0,74.0,0,7.0,9.2,5.333333333333333,5.733333333333333,2.6666666666666665,4.133333333333334,1.3333333333333333,2.066666666666667,0.0,0.0,0.3333333333333333,0.7333333333333333,0.3333333333333333,0.6,0.0,0.06666666666666667,0.0,0.0,0.0,0.0,0.0,0.0,0.0,0.0,4.333333333333333,4.933333333333334,0.0,0.4666666666666667,1.3333333333333333,2.3333333333333335,69.0,72.46666666666667,78.66666666666667,80.33333333333333,,,1518.0,1475.6666666666667,1745.3333333333333,1790.2,62.5,62.7,53.6,53.666666666666664,1,guard,0.08463344612188504
86435,7313,http://live.fanfooty.com.au/game/matchcentre.html?id=7313,R2,2020,296439.0,Darcy,Lang,CA,7.0,25.0,47,31.0,19.0,25.0,2.0,2.0,0.0,2.0,0.0,0.0,0.0,1.0,1.0,Full Time,wing,%s from %P and %T... Starting at half forward,,,405300.0,,,,Forward,16.0,0.0,0.0,0.0,0.0,0.0,0.0,466000.0,,,3.0,0.0,0.0,75.0,71.0,66.0,,False,1641,1600,3.0,7313_CA,99.0,0,72.0,0,4.0,6.533333333333333,1.6666666666666667,4.266666666666667,2.3333333333333335,3.466666666666667,2.6666666666666665,3.2666666666666666,0.0,0.0,0.3333333333333333,0.7333333333333333,0.0,0.6666666666666666,1.0,0.6,0.6666666666666666,0.4666666666666667,0.0,0.011333333333333334,0.0,0.021999999999999967,0.0,0.06133333333333334,2.6666666666666665,4.0,0.6666666666666666,0.9333333333333333,1.0,1.4,65.66666666666667,68.86666666666666,74.66666666666667,73.66666666666667,,,1626.0,1556.8666666666666,1626.3333333333333,1711.8,56.3,46.8,51.6,39.0,1,wing,0.04245455897694735
87596,7341,http://live.fanfooty.com.au/game/matchcentre.html?id=7341,R5,2020,295313.0,Lin,Jong,WB,4.0,39.0,67,48.0,38.0,54.0,3.0,10.0,4.0,1.0,0.0,0.0,2.0,0.0,0.0,Full Time,wing,%P including %B... also %M... Rotating midfield and attack,,,,,,,Midfielder,46.0,0.0,0.0,0.0,0.0,0.0,0.0,,,,5.0,0.0,2.0,92.0,74.0,66.0,,False,1475,1818,6.0,7341_WB,97.0,0,70.0,0,4.0,5.333333333333333,9.666666666666666,7.466666666666667,3.3333333333333335,3.3333333333333335,3.0,2.6666666666666665,0.3333333333333333,0.06666666666666667,0.6666666666666666,0.9333333333333333,1.6666666666666667,0.8666666666666667,0.0,0.4666666666666667,0.3333333333333333,0.3333333333333333,0.0,0.37399999999999994,0.0,0.4126666666666666,0.0,0.67,5.0,5.133333333333334,0.6666666666666666,1.2666666666666666,2.3333333333333335,1.9333333333333333,85.0,76.26666666666667,71.66666666666667,66.06666666666666,97.66666666666667,,1689.3333333333333,1667.8666666666666,1596.6666666666667,1600.0666666666666,63.7,64.1,75.6,74.0,1,wing,0.07797703027908219
87769,7345,http://live.fanfooty.com.au/game/matchcentre.html?id=7345,R5,2020,291792.0,Thomas,Sheridan,WS,2.0,26.0,17,35.0,22.0,30.0,4.0,2.0,3.0,1.0,0.0,0.0,1.0,0.0,0.0,Full Time,in,%l Callan Ward... %M and %P,utility,Mostly in attack,,,,,Back,11.0,13.0,0.0,0.0,0.0,0.0,0.0,,,,0.0,0.0,2.0,83.0,77.0,32.0,,False,1318,1966,6.0,7345_WS,97.0,0,70.0,0,4.0,7.6,5.333333333333333,7.466666666666667,3.3333333333333335,3.6666666666666665,1.3333333333333333,3.0,0.0,0.0,0.3333333333333333,0.7333333333333333,0.6666666666666666,0.6,0.0,0.6,0.3333333333333333,0.26666666666666666,0.0,0.11,0.0,0.15733333333333333,0.06999999999999999,0.142,1.0,3.7333333333333334,0.3333333333333333,0.8,1.6666666666666667,1.7333333333333334,89.33333333333333,78.0,58.0,71.0,,,1820.3333333333333,1607.9333333333334,1459.6666666666667,1659.3333333333333,58.45,56.4,44.8,28.333333333333332,1,in,0.011021599780874065
88437,7361,http://live.fanfooty.com.au/game/matchcentre.html?id=7361,R7,2020,291201.0,Ricky,Henderson,HW,15.0,95.0,109,122.0,77.0,102.0,14.0,9.0,9.0,2.0,0.0,0.0,0.0,0.0,0.0,Full Time,hot,%D and %M with %T,wing,Playing outside midfield,,,,,Back,31.0,0.0,0.0,0.0,0.0,0.0,0.0,,,,6.0,1.0,3.0,78.0,84.0,334.0,,False,1803,1456,8.0,7361_HW,101.80000000000001,1,76.0,1,10.0,10.933333333333334,8.0,7.866666666666666,6.0,5.933333333333334,1.3333333333333333,1.8666666666666667,0.0,0.0,0.3333333333333333,0.3333333333333333,0.0,0.3333333333333333,0.0,0.2,0.0,0.3333333333333333,0.0,0.0,0.0,0.0,0.0,0.0,3.6666666666666665,4.0,1.6666666666666667,1.4666666666666666,2.0,1.5333333333333334,77.66666666666667,73.0,80.66666666666667,79.33333333333333,223.66666666666666,,1441.6666666666667,1627.1333333333334,1837.3333333333333,1646.8666666666666,86.0,79.2,80.2,77.66666666666667,1,hot,0.346627257450675
88853,7370,http://live.fanfooty.com.au/game/matchcentre.html?id=7370,R8,2020,295012.0,Matthew,Scharenberg,CO,9.0,57.0,77,44.0,41.0,57.0,8.0,4.0,3.0,4.0,0.0,0.0,0.0,0.0,0.0,Full Time,job,%P and %M plus %T... In defence on Allen,,,,,,,Back,12.0,0.0,0.0,0.0,0.0,0.0,0.0,,,,4.0,0.0,0.0,83.0,81.0,153.0,,False,1863,1425,9.0,7370_CO,101.80000000000001,0,73.0,1,8.333333333333334,8.333333333333334,5.0,7.066666666666666,4.0,5.266666666666667,2.6666666666666665,1.6666666666666667,0.0,0.0,0.3333333333333333,0.7333333333333333,0.3333333333333333,1.0,0.0,0.0,0.0,0.0,0.0,0.19666666666666666,0.0,0.18866666666666668,0.0,0.312,3.3333333333333335,4.133333333333334,0.0,0.06666666666666667,0.6666666666666666,2.2,77.66666666666667,83.13333333333334,83.66666666666667,80.53333333333333,157.0,,1599.0,1679.2666666666667,1684.6666666666667,1592.9333333333334,73.5,61.8,65.4,75.0,1,job,0.11976755493457257
88880,7371,http://live.fanfooty.com.au/game/matchcentre.html?id=7371,R8,2020,291594.0,Harley,Bennell,ME,3.0,38.0,42,49.0,30.0,43.0,6.0,5.0,1.0,2.0,0.0,1.0,1.0,0.0,1.0,Full Time,wing,%P and %T plus %s... Playing a HFF role,,,,,,,Midfielder,13.0,0.0,0.0,0.0,0.0,0.0,0.0,,,,3.0,0.0,3.0,63.0,72.0,141.0,,False,1714,1556,9.0,7371_ME,101.80000000000001,0,73.0,0,6.0,11.333333333333334,5.666666666666667,7.0,1.3333333333333333,3.466666666666667,0.6666666666666666,3.1333333333333333,0.0,0.2,0.3333333333333333,0.8,0.3333333333333333,0.6666666666666666,0.6666666666666666,0.6666666666666666,0.6666666666666666,0.6666666666666666,0.0,1.870666666666667,0.0,4.096666666666667,0.0,3.1593333333333335,3.3333333333333335,6.866666666666666,0.6666666666666666,2.3333333333333335,1.6666666666666667,2.1333333333333333,68.33333333333333,71.2,75.66666666666667,80.33333333333333,177.66666666666666,,1666.6666666666667,1516.8666666666666,1595.0,1742.2,86.8,67.8,53.2,55.333333333333336,1,wing,0.1862082173298645
88966,7373,http://live.fanfooty.com.au/game/matchcentre.html?id=7373,R9,2020,280013.0,Jackson,Trengove,WB,7.0,39.0,63,50.0,31.0,42.0,2.0,6.0,1.0,4.0,3.0,2.0,1.0,0.0,0.0,Full Time,in,%l Cody Weightman... %P including %B... also %T,spearhead,Playing a forward/ruck role,,,,,Back,8.0,0.0,0.0,0.0,0.0,0.0,0.0,,,,2.0,1.0,1.0,87.0,68.0,16.0,,False,1781,1440,10.0,7373_WB,100.0,0,72.0,0,5.666666666666667,7.466666666666667,5.666666666666667,5.2,2.3333333333333335,3.6666666666666665,2.3333333333333335,2.7333333333333334,9.0,6.266666666666667,1.3333333333333333,1.2,0.6666666666666666,1.6666666666666667,0.0,0.06666666666666667,0.3333333333333333,0.06666666666666667,0.0,0.0,0.0,0.0,0.0,0.0,5.0,5.2,2.3333333333333335,1.3333333333333333,1.0,2.533333333333333,75.33333333333333,71.73333333333333,82.66666666666667,91.0,,,1693.6666666666667,1692.4,1549.0,1575.0666666666666,70.25,61.6,65.2,66.66666666666667,1,in,0.0241717611808036
88973,7373,http://live.fanfooty.com.au/game/matchcentre.html?id=7373,R9,2020,298277.0,Billy,Gowers,WB,1.0,10.0,-2,14.0,12.0,22.0,4.0,3.0,0.0,0.0,0.0,0.0,3.0,0.0,1.0,Full Time,spud,2 FA to HT... %D and %s... gave away %F,spearhead,Starting forward on Broad,,,,,Midfielder,26.0,0.0,0.0,0.0,0.0,0.0,0.0,,,,0.0,0.0,5.0,71.0,84.0,134.0,,False,1781,1440,10.0,7373_WB,100.0,0,72.0,0,4.0,5.866666666666666,3.0,3.7333333333333334,1.0,3.2666666666666666,1.0,1.7333333333333334,0.0,0.06666666666666667,0.3333333333333333,0.5333333333333333,1.3333333333333333,1.0666666666666667,0.0,1.0666666666666667,0.6666666666666666,1.1333333333333333,0.0,0.14400000000000002,0.0,0.09333333333333332,0.0,1.6906666666666665,2.3333333333333335,4.2,0.6666666666666666,0.6,3.0,2.6,59.666666666666664,66.2,74.0,79.0,93.0,,1520.6666666666667,1637.0,1735.6666666666667,1632.8,54.35,42.3,31.6,20.0,1,spud,0.00011395310593981843
89166,7377,http://live.fanfooty.com.au/game/matchcentre.html?id=7377,R9,2020,295103.0,Riley,Knight,AD,6.0,25.0,24,30.0,17.0,27.0,2.0,1.0,1.0,5.0,0.0,0.0,2.0,0.0,0.0,Full Time,penguin,One handball to HT... %D and %T,wing,Playing outside midfield,,,,,Forward,3.0,0.0,0.0,0.0,0.0,0.0,0.0,,,,1.0,0.0,2.0,100.0,77.0,74.0,,False,1937,1325,10.0,7377_AD,100.0,0,72.0,0,5.0,7.2,6.0,7.333333333333333,4.0,4.733333333333333,3.6666666666666665,4.066666666666666,0.0,0.0,0.0,0.4,1.0,0.8,1.0,0.6,0.3333333333333333,0.26666666666666666,0.0,0.0,0.0,0.0,0.0,0.0,3.3333333333333335,4.4,0.3333333333333333,1.0666666666666667,2.0,2.0,84.0,71.73333333333333,78.33333333333333,78.33333333333333,,,1480.3333333333333,1641.2,1780.6666666666667,1621.0,62.55,57.8,52.2,48.0,1,penguin,0.0001223538048335094
89207,7378,http://live.fanfooty.com.au/game/matchcentre.html?id=7378,R9,2020,290722.0,Sam,Gray,SY,3.0,37.0,45,27.0,28.0,40.0,5.0,5.0,1.0,2.0,0.0,0.0,0.0,0.0,1.0,Full Time,wing,%P and %T plus %s... Playing a HFF role,,,,,,,Midfielder,15.0,0.0,0.0,0.0,0.0,0.0,0.0,,,,7.0,3.0,2.0,60.0,72.0,116.0,,False,1796,1465,10.0,7378_SY,100.0,0,72.0,0,5.666666666666667,7.066666666666666,3.6666666666666665,6.666666666666667,2.6666666666666665,3.066666666666667,2.0,2.8,0.0,0.0,0.3333333333333333,0.8666666666666667,0.3333333333333333,0.2,0.0,0.4666666666666667,0.3333333333333333,0.6,0.0,0.0,0.0,0.0,0.0,0.0,4.333333333333333,5.066666666666666,1.3333333333333333,0.6,1.3333333333333333,1.6,72.33333333333333,66.46666666666667,79.0,81.0,123.33333333333333,,1638.6666666666667,1669.8666666666666,1641.0,1604.2,63.05,49.4,48.4,47.666666666666664,1,wing,0.06563514061391017
89265,7380,http://live.fanfooty.com.au/game/matchcentre.html?id=7380,R9,2020,270512.0,Pearce,Hanley,GC,5.0,47.0,52,63.0,40.0,54.0,7.0,4.0,5.0,2.0,0.0,1.0,2.0,0.0,0.0,Full Time,wing,%P and %M plus %T... Playing midfield,,,,,,,Midfielder,1.0,0.0,0.0,0.0,0.0,0.0,0.0,,,,4.0,0.0,3.0,72.0,73.0,192.0,,False,1864,1398,10.0,7380_GC,100.0,0,72.0,0,8.0,11.466666666666667,3.0,5.066666666666666,4.0,4.666666666666667,2.0,1.8,0.0,0.0,1.3333333333333333,0.6,1.0,0.8666666666666667,0.0,0.06666666666666667,0.3333333333333333,0.06666666666666667,0.0,0.0,0.0,0.0,0.0,0.0,4.666666666666667,4.733333333333333,0.3333333333333333,1.1333333333333333,3.0,2.8666666666666667,67.33333333333333,70.66666666666667,72.33333333333333,77.86666666666666,283.3333333333333,,1552.0,1546.4666666666667,1719.6666666666667,1722.6666666666667,71.0,67.4,54.4,58.666666666666664,1,wing,0.09930819866457619
89317,7381,http://live.fanfooty.com.au/game/matchcentre.html?id=7381,R9,2020,290817.0,Brandon,Matera,FR,2.0,25.0,33,34.0,16.0,24.0,5.0,1.0,0.0,2.0,0.0,0.0,0.0,0.0,0.0,Full Time,wing,%O with %k by foot... also %T... Coming off a HFF,,,,,,,Forward,3.0,0.0,0.0,0.0,0.0,0.0,0.0,,,,2.0,0.0,0.0,33.0,82.0,125.0,,False,1556,1714,10.0,7381_FR,100.0,0,72.0,0,5.0,7.466666666666667,1.0,2.8666666666666667,0.3333333333333333,2.6,2.6666666666666665,2.533333333333333,0.0,0.0,1.0,0.4666666666666667,0.6666666666666666,0.6666666666666666,0.3333333333333333,0.8,0.6666666666666666,1.1333333333333333,0.0,0.0,0.0,0.0,0.0,0.0,3.0,4.0,0.6666666666666666,0.3333333333333333,0.6666666666666666,1.5333333333333334,27.666666666666668,55.8,77.66666666666667,76.2,136.66666666666666,,1603.6666666666667,1562.9333333333334,1662.0,1704.0,54.9,52.1,43.6,37.666666666666664,1,wing,0.047689822631766486
89806,7392,http://live.fanfooty.com.au/game/matchcentre.html?id=7392,R11,2020,290156.0,Jasper,Pittard,NM,7.0,50.0,65,29.0,42.0,57.0,8.0,8.0,3.0,0.0,0.0,1.0,0.0,0.0,0.0,Full Time,wing,%M and %D... Playing a half forward role,,,,,,,Back,17.0,0.0,0.0,0.0,0.0,0.0,0.0,,,,6.0,0.0,2.0,68.0,84.0,204.0,,False,1679,1583,12.0,7392_NM,100.0,0,73.0,0,8.666666666666666,9.866666666666667,5.666666666666667,5.933333333333334,3.0,3.7333333333333334,1.0,1.5333333333333334,0.0,0.0,0.6666666666666666,1.1333333333333333,0.0,0.4666666666666667,0.6666666666666666,0.26666666666666666,0.0,0.0,0.0,0.0,0.0,0.0,0.0,0.0,4.666666666666667,4.0,0.0,0.0,2.0,2.6,63.0,69.2,86.33333333333333,86.26666666666667,231.0,,1684.3333333333333,1652.4,1590.0,1625.8666666666666,74.05,70.5,58.4,67.66666666666667,1,wing,0.1188851148908351
89807,7392,http://live.fanfooty.com.au/game/matchcentre.html?id=7392,R11,2020,290194.0,Jamie,Macmillan,NM,4.0,47.0,75,32.0,38.0,54.0,7.0,7.0,2.0,2.0,0.0,1.0,1.0,0.0,0.0,Full Time,guard,%D and %M with %T... Coming off a HBF,,,,,,,Back,34.0,0.0,0.0,0.0,0.0,0.0,0.0,,,,6.0,0.0,2.0,64.0,86.0,234.0,,False,1679,1583,12.0,7392_NM,100.0,0,73.0,1,5.333333333333333,8.4,8.666666666666666,6.8,2.6666666666666665,3.6,2.3333333333333335,2.2,0.0,0.0,1.0,1.2666666666666666,1.3333333333333333,0.7333333333333333,0.3333333333333333,0.06666666666666667,0.0,0.0,0.0,0.0,0.0,0.0,0.0,0.0,5.333333333333333,4.466666666666667,0.6666666666666666,0.6666666666666666,2.6666666666666665,1.8666666666666667,71.66666666666667,80.33333333333333,80.66666666666667,78.6,150.33333333333334,,1684.3333333333333,1635.7333333333333,1590.0,1641.7333333333333,73.25,69.1,68.0,71.33333333333333,1,guard,0.12144987525381742
90146,7400,http://live.fanfooty.com.au/game/matchcentre.html?id=7400,R12,2020,1001448.0,Rupert,Wills,CO,12.0,50.0,60,44.0,41.0,63.0,5.0,11.0,1.0,4.0,0.0,0.0,2.0,0.0,0.0,Full Time,shovel,%D and %T... Rotating in midfield,,,,,,,Midfielder,33.0,0.0,0.0,0.0,0.0,0.0,0.0,,,,6.0,2.0,5.0,62.0,63.0,34.0,,False,1833,1462,13.0,7400_CO,103.0,0,72.0,0,5.0,5.066666666666666,10.666666666666666,10.933333333333334,1.0,1.8,5.0,6.2,0.0,0.06666666666666667,1.0,1.0666666666666667,2.3333333333333335,1.0666666666666667,0.0,0.0,0.0,0.0,0.0,0.0,0.0,0.0,0.0,0.0,5.333333333333333,7.0,1.6666666666666667,2.8,4.666666666666667,2.466666666666667,70.0,72.4,67.66666666666667,63.8,58.0,,1543.6666666666667,1712.1333333333334,1743.6666666666667,1559.4666666666667,69.75,72.4,68.6,60.333333333333336,1,shovel,0.14579356876813346
90152,7400,http://live.fanfooty.com.au/game/matchcentre.html?id=7400,R12,2020,250548.0,Lynden,Dunn,CO,1.0,25.0,40,13.0,20.0,30.0,5.0,3.0,1.0,1.0,0.0,0.0,1.0,0.0,0.0,Full Time,job,%P... In defence on Tom McDonald,,,,,,,Back,15.0,0.0,0.0,0.0,0.0,0.0,0.0,,,,3.0,0.0,1.0,62.0,92.0,151.0,,False,1833,1462,13.0,7400_CO,103.0,0,72.0,0,6.333333333333333,8.4,4.0,4.266666666666667,2.6666666666666665,3.933333333333333,1.3333333333333333,2.0,0.0,0.0,0.3333333333333333,0.8,0.3333333333333333,1.2666666666666666,0.3333333333333333,0.06666666666666667,0.0,0.0,0.16333333333333336,0.13066666666666665,0.15666666666666673,0.11333333333333334,0.20333333333333334,0.3626666666666667,3.0,3.933333333333333,0.0,0.06666666666666667,1.0,2.2,76.0,78.66666666666667,83.0,87.73333333333333,,,1650.6666666666667,1712.6666666666667,1625.6666666666667,1562.8666666666666,65.4,62.7,60.6,59.0,1,job,0.07338107148353176
90154,7400,http://live.fanfooty.com.au/game/matchcentre.html?id=7400,R12,2020,240232.0,Ben,Reid,CO,7.0,23.0,41,20.0,21.0,24.0,2.0,0.0,1.0,1.0,0.0,1.0,1.0,2.0,0.0,Full Time,injured,Off in Q3 with a left hamstring injury... %O and %s,spearhead,Up forward on May,,,,,Back,20.0,0.0,0.0,0.0,0.0,0.0,0.0,,,,1.0,0.0,1.0,100.0,55.0,47.0,,True,1833,1462,13.0,7400_CO,103.0,0,72.0,0,3.3333333333333335,6.4,1.6666666666666667,3.3333333333333335,1.6666666666666667,3.8666666666666667,0.3333333333333333,0.9333333333333333,2.0,2.1333333333333333,1.6666666666666667,1.4666666666666666,1.0,0.6666666666666666,1.3333333333333333,1.4,0.3333333333333333,0.8666666666666667,0.0,0.1,0.0,0.1,0.0,0.184,4.0,5.0,0.6666666666666666,0.3333333333333333,1.6666666666666667,1.8,76.66666666666667,64.66666666666667,76.66666666666667,75.86666666666666,,,1635.6666666666667,1706.0,1646.3333333333333,1569.4,59.9,58.1,43.8,42.0,1,injured,0.06186771572937395
90452,7407,http://live.fanfooty.com.au/game/matchcentre.html?id=7407,R13,2020,298390.0,Jay,Lockhart,ME,3.0,41.0,43,32.0,29.0,39.0,6.0,1.0,3.0,3.0,0.0,0.0,0.0,0.0,0.0,Full Time,guard,%O including %K... also %M and %T... Starting in defence,,,,,,,Back,41.0,0.0,0.0,0.0,0.0,0.0,0.0,,,,1.0,0.0,2.0,71.0,77.0,207.0,,False,1797,1470,14.0,7407_ME,97.0,0,73.0,0,6.333333333333333,6.333333333333333,1.6666666666666667,4.0,3.3333333333333335,3.2666666666666666,2.6666666666666665,1.6,0.0,0.0,0.0,0.2,0.0,0.4666666666666667,0.0,0.26666666666666666,0.0,0.26666666666666666,0.0,0.0,0.0,0.0,0.0,0.0,2.3333333333333335,4.0,0.0,0.4,1.3333333333333333,1.6666666666666667,70.66666666666667,70.66666666666667,73.33333333333333,75.06666666666666,124.0,,1689.6666666666667,1593.8,1583.3333333333333,1675.5333333333333,54.7,51.7,56.2,50.666666666666664,1,guard,0.05154088651283951
90520,7409,http://live.fanfooty.com.au/game/matchcentre.html?id=7409,R13,2020,261320.0,Tom,Bellchambers,ES,1.0,15.0,5,16.0,17.0,21.0,0.0,3.0,1.0,0.0,9.0,0.0,1.0,0.0,0.0,Full Time,ruck,%H with %P... First ruck,,,,,,,Ruck,2.0,0.0,0.0,0.0,0.0,0.0,0.0,,,,3.0,0.0,4.0,66.0,76.0,-30.0,,False,1644,1615,14.0,7409_ES,97.0,0,73.0,0,2.6666666666666665,5.733333333333333,1.6666666666666667,3.1333333333333333,2.0,2.7333333333333334,0.6666666666666666,1.6666666666666667,13.333333333333334,23.266666666666666,0.6666666666666666,1.5333333333333334,0.6666666666666666,1.3333333333333333,0.3333333333333333,0.26666666666666666,0.0,0.13333333333333333,0.0,0.0,0.0,0.0,0.0,0.0,2.3333333333333335,5.333333333333333,0.6666666666666666,2.8,2.0,2.466666666666667,79.0,73.8,78.33333333333333,80.2,46.333333333333336,,1545.3333333333333,1608.0,1718.6666666666667,1662.0,76.65,61.3,50.8,39.0,1,ruck,0.19402717490375931
90604,7411,http://live.fanfooty.com.au/game/matchcentre.html?id=7411,R13,2020,993796.0,Ben,Crocker,AD,2.0,29.0,30,38.0,23.0,28.0,4.0,1.0,3.0,1.0,0.0,1.0,0.0,0.0,1.0,Full Time,pocket,Scored %s from %G and %D... Rotating in attack,,,,,,,Forward,20.0,0.0,0.0,0.0,0.0,0.0,0.0,,,,2.0,0.0,1.0,60.0,81.0,87.0,,False,1818,1451,14.0,7411_AD,97.0,0,73.0,0,5.0,6.6,1.0,2.1333333333333333,1.6666666666666667,3.533333333333333,3.6666666666666665,2.1333333333333333,0.0,0.0,0.6666666666666666,0.8666666666666667,0.3333333333333333,0.8666666666666667,0.3333333333333333,0.5333333333333333,0.6666666666666666,0.6,0.0,0.02866666666666667,0.0,0.2213333333333333,0.0,0.1,3.0,3.533333333333333,0.6666666666666666,0.6,1.6666666666666667,2.2666666666666666,70.66666666666667,66.2,82.66666666666667,80.6,111.66666666666667,,1492.3333333333333,1546.6,1776.0,1725.6666666666667,45.65,45.5,52.4,50.666666666666664,1,pocket,0.029563714229469105
90780,7415,http://live.fanfooty.com.au/game/matchcentre.html?id=7415,R14,2020,291821.0,Jonathon,Patton,HW,0.0,3.0,0,3.0,3.0,4.0,0.0,1.0,0.0,0.0,1.0,0.0,0.0,0.0,0.0,Full Time,injured,Limped off favouring his right leg in Q1... likely Achilles injury,spearhead,At FF on Hooker,,,,,Forward,12.0,0.0,0.0,0.0,0.0,0.0,0.0,,,,1.0,0.0,1.0,0.0,16.0,10.0,,True,1715,1560,15.0,7415_HW,96.40000000000003,0,69.5,0,2.6666666666666665,6.0,2.3333333333333335,4.933333333333334,1.6666666666666667,4.133333333333334,1.3333333333333333,2.066666666666667,1.3333333333333333,5.2,1.0,1.0666666666666667,1.0,0.9333333333333333,0.3333333333333333,0.7333333333333333,0.0,0.6,0.0,0.19333333333333336,0.0,0.178,0.0,0.38799999999999996,4.0,6.0,0.0,1.4666666666666666,1.3333333333333333,1.9333333333333333,66.66666666666667,72.06666666666666,63.0,79.33333333333333,47.333333333333336,,1590.6666666666667,1645.0,1671.0,1625.8666666666666,68.85,61.0,40.6,39.0,1,injured,0.09471668869993315
90865,7417,http://live.fanfooty.com.au/game/matchcentre.html?id=7417,R14,2020,295712.0,Tory,Dickson,WB,0.0,13.0,16,15.0,11.0,15.0,0.0,4.0,0.0,1.0,0.0,1.0,0.0,0.0,0.0,Full Time,wing,%D... Playing forward,,,,,,,Forward,29.0,0.0,0.0,0.0,0.0,0.0,0.0,,,,1.0,1.0,0.0,75.0,83.0,-6.0,,False,1704,1538,15.0,7417_WB,96.40000000000003,0,69.5,0,3.6666666666666665,5.666666666666667,4.666666666666667,5.266666666666667,1.6666666666666667,3.3333333333333335,3.6666666666666665,2.2666666666666666,0.0,0.0,0.3333333333333333,0.5333333333333333,1.0,0.4666666666666667,1.0,1.2666666666666666,0.0,0.4666666666666667,0.0,0.0,0.0,0.0,0.0,0.0,4.0,4.333333333333333,0.3333333333333333,0.26666666666666666,1.0,1.2666666666666666,63.0,71.33333333333333,79.33333333333333,79.33333333333333,,,1695.6666666666667,1680.8,1559.3333333333333,1589.5333333333333,57.9,61.9,55.2,49.333333333333336,1,wing,0.0477665414066554
90896,7418,http://live.fanfooty.com.au/game/matchcentre.html?id=7418,R14,2020,260750.0,Justin,Westhoff,PA,14.0,58.0,60,73.0,44.0,59.0,4.0,6.0,1.0,5.0,3.0,0.0,0.0,1.0,2.0,Full Time,spearhead,%s from %O and %T... Starting forward on Fox,,,,,,,Forward,39.0,0.0,0.0,0.0,0.0,0.0,0.0,,,,5.0,1.0,1.0,50.0,76.0,130.0,,False,1562,1688,15.0,7418_PA,96.40000000000003,0,69.5,0,4.666666666666667,8.4,4.666666666666667,5.0,2.6666666666666665,4.466666666666667,3.0,2.533333333333333,5.0,2.533333333333333,0.3333333333333333,0.5333333333333333,0.0,0.7333333333333333,0.3333333333333333,0.8,1.6666666666666667,0.5333333333333333,0.0,0.0,0.0,0.0,0.0,0.0,3.6666666666666665,5.733333333333333,0.6666666666666666,0.6666666666666666,1.0,2.2,60.666666666666664,72.93333333333334,79.66666666666667,83.6,95.33333333333333,,1752.3333333333333,1742.4666666666667,1513.3333333333333,1529.8,82.85,77.8,69.2,53.333333333333336,1,spearhead,0.16988785341086948
91092,7422,http://live.fanfooty.com.au/game/matchcentre.html?id=7422,R14,2020,298271.0,Paul,Ahern,NM,4.0,52.0,0,34.0,42.0,54.0,8.0,5.0,4.0,1.0,0.0,2.0,0.0,0.0,0.0,Full Time,wing,%D and %M... Playing an outside game,,,,,,,Midfielder,15.0,0.0,0.0,0.0,0.0,0.0,0.0,,,,8.0,2.0,7.0,38.0,70.0,262.0,,False,0,0,15.0,7422_NM,96.40000000000003,0,69.5,0,7.0,8.866666666666667,5.333333333333333,5.8,2.3333333333333335,2.466666666666667,2.3333333333333335,1.2,0.0,0.0,1.0,0.26666666666666666,0.0,0.3333333333333333,0.0,0.2,0.0,0.4666666666666667,0.0,3.1599999999999997,0.0,2.529333333333333,0.0,2.470666666666667,6.666666666666667,5.866666666666666,1.6666666666666667,1.4666666666666666,3.6666666666666665,2.2,49.333333333333336,61.266666666666666,62.666666666666664,66.73333333333333,203.66666666666666,,1005.0,1494.7333333333333,1170.3333333333333,1565.0666666666666,61.8,58.4,48.6,39.666666666666664,1,wing,0.0837309141018627
91099,7422,http://live.fanfooty.com.au/game/matchcentre.html?id=7422,R14,2020,290199.0,Majak,Daw,NM,2.0,32.0,0,31.0,28.0,38.0,2.0,7.0,1.0,2.0,2.0,2.0,1.0,0.0,0.0,Full Time,spearhead,%H... also %P and %T... In attack on Collins,,,,,,,Ruck,1.0,0.0,0.0,0.0,0.0,0.0,0.0,,,,7.0,1.0,4.0,77.0,71.0,-1.0,,False,0,0,15.0,7422_NM,96.40000000000003,0,69.5,0,3.6666666666666665,6.933333333333334,5.333333333333333,4.733333333333333,1.6666666666666667,5.0,1.3333333333333333,2.1333333333333333,5.0,4.466666666666667,0.6666666666666666,1.0666666666666667,1.0,0.7333333333333333,0.6666666666666666,0.8666666666666667,0.3333333333333333,0.3333333333333333,0.0,0.44,0.0,0.45933333333333337,0.0,1.8966666666666667,4.0,5.866666666666666,1.0,0.8,2.6666666666666665,2.066666666666667,70.66666666666667,79.0,76.0,85.0,105.33333333333333,,1038.6666666666667,1496.6666666666667,1148.3333333333333,1557.2666666666667,72.15,70.8,49.0,31.333333333333332,1,spearhead,0.1389809866835802
91115,7423,http://live.fanfooty.com.au/game/matchcentre.html?id=7423,R15,2020,296452.0,Darren,Minchington,HW,8.0,42.0,77,54.0,31.0,42.0,7.0,2.0,1.0,2.0,0.0,0.0,0.0,1.0,0.0,Full Time,pocket,%s from %O and %T... Rotating in attack,,,,,,,Forward,38.0,0.0,0.0,0.0,0.0,0.0,0.0,,,,4.0,1.0,1.0,77.0,68.0,251.0,,False,1809,1478,16.0,7423_HW,100.0,0,74.5,1,5.666666666666667,5.066666666666666,3.0,6.266666666666667,1.0,1.8,1.0,3.4,0.0,0.0,0.0,0.6666666666666666,0.3333333333333333,0.06666666666666667,0.6666666666666666,0.4666666666666667,0.3333333333333333,0.5333333333333333,0.0,0.06533333333333333,0.0,0.07466666666666667,0.0,0.12200000000000001,3.6666666666666665,5.2,0.3333333333333333,0.5333333333333333,2.0,1.2666666666666666,80.0,73.13333333333334,75.0,73.73333333333333,160.33333333333334,,1488.6666666666667,1584.6666666666667,1797.0,1683.2,55.15,54.8,53.4,53.666666666666664,1,pocket,0.046353326855499886
91120,7423,http://live.fanfooty.com.au/game/matchcentre.html?id=7423,R15,2020,1003547.0,Conor,Glass,HW,3.0,30.0,31,41.0,23.0,33.0,3.0,3.0,2.0,3.0,0.0,0.0,1.0,0.0,0.0,Full Time,sore,Sore after a Jones hit to the torso early in Q1... %O and %M plus %T,guard,Starting in defence,,,,,Back,13.0,0.0,0.0,0.0,0.0,0.0,0.0,,,,1.0,1.0,2.0,66.0,75.0,63.0,,True,1809,1478,16.0,7423_HW,100.0,0,74.5,0,6.0,7.6,4.0,4.733333333333333,2.0,3.2666666666666666,2.0,2.2,0.0,0.0,0.0,0.26666666666666666,0.3333333333333333,0.9333333333333333,0.0,0.13333333333333333,0.0,0.06666666666666667,0.0,0.008,0.0,0.014,0.0,0.05733333333333334,2.6666666666666665,3.1333333333333333,1.0,0.6,2.3333333333333335,2.6666666666666665,65.33333333333333,73.2,74.33333333333333,76.8,165.33333333333334,,1497.3333333333333,1551.3333333333333,1776.0,1717.8,48.4,50.2,45.2,48.0,1,sore,0.04677533472277809
91271,7426,http://live.fanfooty.com.au/game/matchcentre.html?id=7426,R15,2020,294675.0,Joshua,Wagner,ME,3.0,34.0,54,28.0,26.0,39.0,4.0,6.0,0.0,3.0,0.0,1.0,1.0,0.0,0.0,Full Time,guard,%O and %T... Rotating in defence,,,,,,,Back,42.0,0.0,0.0,0.0,0.0,0.0,0.0,,,,5.0,1.0,2.0,80.0,65.0,103.0,,False,1678,1612,16.0,7426_ME,100.0,0,74.5,0,7.333333333333333,8.066666666666666,6.0,6.466666666666667,2.0,2.8,1.6666666666666667,2.0,0.0,0.0,0.3333333333333333,0.4,0.3333333333333333,0.5333333333333333,0.0,0.0,0.3333333333333333,0.13333333333333333,0.0,0.0,0.0,0.0,0.0,0.006666666666666667,6.0,6.133333333333334,1.0,0.5333333333333333,1.6666666666666667,1.7333333333333334,71.0,73.53333333333333,68.0,79.26666666666667,,,1588.3333333333333,1600.0,1686.0,1666.8666666666666,62.8,61.5,63.4,65.0,1,guard,0.08342540740323734
91380,7429,http://live.fanfooty.com.au/game/matchcentre.html?id=7429,R16,2020,295256.0,Marley,Williams,NM,1.0,25.0,27,33.0,22.0,33.0,5.0,4.0,1.0,1.0,0.0,1.0,2.0,0.0,0.0,Full Time,guard,%P... Starting in defence,,,,,,,Back,2.0,0.0,0.0,0.0,0.0,0.0,0.0,,,,3.0,0.0,3.0,66.0,62.0,158.0,,False,1863,1430,17.0,7429_NM,104.40000000000003,0,73.0,0,9.0,9.266666666666667,3.6666666666666665,5.8,4.0,2.533333333333333,1.0,1.6666666666666667,0.0,0.0,0.3333333333333333,0.5333333333333333,1.0,0.3333333333333333,0.0,0.06666666666666667,0.0,0.06666666666666667,0.0,0.0,0.0,0.0,0.0,0.0,3.0,4.733333333333333,0.0,0.3333333333333333,1.3333333333333333,1.7333333333333334,74.33333333333333,74.53333333333333,72.0,79.4,159.33333333333334,,996.0,1510.8,1187.3333333333333,1549.9333333333334,62.0,63.2,56.6,37.333333333333336,1,guard,0.08976163616248255
91402,7429,http://live.fanfooty.com.au/game/matchcentre.html?id=7429,R16,2020,290733.0,Cameron,Sutcliffe,PA,2.0,25.0,54,22.0,16.0,24.0,3.0,2.0,0.0,3.0,0.0,0.0,0.0,0.0,0.0,Full Time,guard,%D and %T... Playing a role in defence,,,,,,,Back,50.0,4.0,0.0,0.0,0.0,0.0,0.0,,,,1.0,0.0,0.0,80.0,84.0,92.0,,False,1430,1863,17.0,7429_PA,104.40000000000003,0,73.0,0,4.666666666666667,6.066666666666666,4.0,4.733333333333333,0.6666666666666666,2.3333333333333335,2.0,2.4,0.0,0.0,0.0,0.6,0.0,0.7333333333333333,0.3333333333333333,0.4666666666666667,0.6666666666666666,0.4,0.0,0.02333333333333333,0.0,0.03066666666666667,0.0,0.03133333333333334,2.3333333333333335,3.533333333333333,0.0,0.5333333333333333,1.0,2.0,61.333333333333336,70.13333333333334,79.66666666666667,77.53333333333333,103.33333333333333,,1813.6666666666667,1620.5333333333333,1460.6666666666667,1648.4666666666667,52.45,46.5,43.4,47.666666666666664,1,guard,0.04306311298324892
91430,7430,http://live.fanfooty.com.au/game/matchcentre.html?id=7430,R16,2020,280969.0,Tom,Scully,HW,14.0,68.0,91,44.0,58.0,79.0,10.0,9.0,4.0,1.0,0.0,0.0,1.0,1.0,1.0,Full Time,wing,%P and %M plus %s... Running on the outside,,,,,,,Midfielder,21.0,0.0,0.0,0.0,0.0,0.0,0.0,,,,5.0,1.0,3.0,73.0,93.0,354.0,,False,1808,1474,17.0,7430_HW,104.40000000000003,0,73.0,1,8.333333333333334,7.2,9.0,6.0,2.0,2.3333333333333335,1.6666666666666667,1.2,0.0,0.0,0.3333333333333333,0.26666666666666666,0.3333333333333333,0.7333333333333333,1.0,0.26666666666666666,0.3333333333333333,0.13333333333333333,0.0,0.0,0.0,0.0,0.0,0.0,3.6666666666666665,3.8,0.6666666666666666,0.5333333333333333,2.3333333333333335,2.8666666666666667,68.33333333333333,57.86666666666667,90.0,83.86666666666666,271.6666666666667,,1504.0,1527.0666666666666,1777.3333333333333,1748.9333333333334,57.0,55.8,63.6,74.0,1,wing,0.07642044191882846
91500,7432,http://live.fanfooty.com.au/game/matchcentre.html?id=7432,R16,2020,290073.0,Sam,Lloyd,WB,10.0,51.0,69,64.0,42.0,55.0,7.0,5.0,2.0,2.0,0.0,2.0,1.0,1.0,1.0,Full Time,wing,%s from %P and %M plus %T... Playing at half forward,,,,,,,Forward,22.0,0.0,0.0,0.0,0.0,0.0,0.0,,,,5.0,2.0,1.0,66.0,75.0,285.0,,False,1574,1709,17.0,7432_WB,104.40000000000003,0,73.0,0,6.0,7.0,3.6666666666666665,3.8666666666666667,3.0,3.7333333333333334,2.0,1.9333333333333333,0.0,0.0,1.0,0.7333333333333333,1.0,0.4,1.3333333333333333,1.0666666666666667,0.3333333333333333,1.0,0.0,0.0,0.0,0.0,0.0,0.0,4.333333333333333,3.6666666666666665,1.3333333333333333,0.4666666666666667,1.3333333333333333,1.5333333333333334,78.66666666666667,65.8,75.66666666666667,77.0,190.33333333333334,,1757.0,1658.6,1523.6666666666667,1609.0,63.85,50.7,66.6,65.0,1,wing,0.07355088287666252
91516,7432,http://live.fanfooty.com.au/game/matchcentre.html?id=7432,R16,2020,281281.0,Lewis,Jetta,WC,14.0,65.0,94,47.0,49.0,69.0,10.0,5.0,4.0,4.0,0.0,0.0,1.0,0.0,0.0,Full Time,guard,%D and %M with %T... Starting at half back,,,,,,,Midfielder,23.0,0.0,0.0,0.0,0.0,0.0,0.0,,,,3.0,1.0,1.0,86.0,87.0,334.0,,False,1709,1574,17.0,7432_WC,104.40000000000003,0,73.0,1,9.0,12.333333333333334,5.0,3.8,2.6666666666666665,3.6,2.6666666666666665,2.0,0.0,0.0,0.0,0.26666666666666666,1.0,0.4666666666666667,0.0,0.06666666666666667,0.6666666666666666,0.13333333333333333,0.0,0.0,0.0,0.0,0.0,0.0,3.3333333333333335,3.1333333333333333,1.0,0.4,3.0,2.066666666666667,65.66666666666667,76.4,84.33333333333333,84.93333333333334,290.0,,1572.6666666666667,1614.0,1712.0,1662.0,71.75,74.0,61.6,58.0,1,guard,0.12206679680126949
91599,7434,http://live.fanfooty.com.au/game/matchcentre.html?id=7434,R16,2020,270811.0,Sam,Jacobs,WS,29.0,102.0,127,96.0,80.0,101.0,8.0,6.0,4.0,7.0,20.0,0.0,0.0,1.0,0.0,Full Time,hot,%H... also %D and %M with %T... %s as well,ruck,First ruck,,,,,Ruck,10.0,0.0,0.0,0.0,0.0,0.0,0.0,,,,11.0,2.0,1.0,57.0,81.0,144.0,,False,1699,1576,17.0,7434_WS,104.40000000000003,1,73.0,1,5.666666666666667,5.466666666666667,4.666666666666667,4.8,3.0,2.466666666666667,3.3333333333333335,2.4,21.0,31.266666666666666,0.6666666666666666,0.7333333333333333,0.3333333333333333,0.8,0.3333333333333333,0.13333333333333333,0.0,0.4,0.0,0.588,0.0,0.3686666666666667,0.0,2.2,8.0,6.2,2.3333333333333335,2.6,1.3333333333333333,1.9333333333333333,69.0,65.0,81.66666666666667,81.33333333333333,100.66666666666667,,1628.0,1638.0666666666666,1643.3333333333333,1622.5333333333333,86.55,94.1,96.8,105.0,1,hot,0.31975061520634007
91900,7442,http://live.fanfooty.com.au/game/matchcentre.html?id=7442,R17,2020,250417.0,Bryce,Gibbs,AD,18.0,90.0,106,50.0,74.0,103.0,16.0,11.0,6.0,1.0,0.0,0.0,1.0,0.0,1.0,Full Time,cherry,%D and %M plus %s,guard,Starting at half back,,,,,Midfielder,6.0,0.0,0.0,0.0,0.0,0.0,0.0,,,,6.0,1.0,3.0,77.0,79.0,549.0,,False,1533,1712,18.0,7442_AD,101.0,1,74.0,1,8.333333333333334,11.933333333333334,7.0,7.0,3.0,3.8,1.0,3.3333333333333335,0.0,0.0,0.3333333333333333,0.7333333333333333,1.3333333333333333,0.6,0.0,0.13333333333333333,0.3333333333333333,0.13333333333333333,0.0,0.0,0.0,0.0,0.0,0.0,3.6666666666666665,5.133333333333334,0.3333333333333333,1.9333333333333333,2.6666666666666665,2.2666666666666666,79.0,69.93333333333334,79.33333333333333,76.13333333333334,264.3333333333333,,1515.6666666666667,1606.2,1739.0,1655.2666666666667,76.35,66.5,54.8,60.0,1,cherry,0.2183763144327194
91962,7443,http://live.fanfooty.com.au/game/matchcentre.html?id=7443,R17,2020,270732.0,Matt,Suckling,WB,2.0,30.0,32,18.0,25.0,33.0,5.0,3.0,3.0,0.0,0.0,0.0,0.0,0.0,0.0,Full Time,wing,%M and %P... Coming off a HFF,,,,,,,Back,1.0,0.0,0.0,0.0,0.0,0.0,0.0,,,,2.0,0.0,1.0,75.0,69.0,69.0,,False,1417,1864,18.0,7443_WB,101.0,0,74.0,0,5.666666666666667,11.866666666666667,2.0,4.533333333333333,4.0,4.533333333333333,0.0,1.4,0.0,0.0,0.3333333333333333,0.6,0.6666666666666666,0.4666666666666667,0.6666666666666666,0.4,0.0,0.2,0.0,0.0,0.0,0.0,0.0,0.0,2.0,3.3333333333333335,0.0,0.06666666666666667,1.3333333333333333,1.7333333333333334,64.66666666666667,75.73333333333333,53.0,72.13333333333334,174.33333333333334,,1684.0,1645.8666666666666,1571.0,1620.3333333333333,71.7,73.7,49.4,48.0,1,wing,0.0756671490018081
92084,7446,http://live.fanfooty.com.au/game/matchcentre.html?id=7446,R18,2020,261214.0,Will,Schofield,WC,2.0,37.0,66,29.0,26.0,36.0,5.0,3.0,1.0,3.0,0.0,1.0,0.0,0.0,0.0,Full Time,job,%O and %T... In defence on Durdin,,,,,,,Back,31.0,0.0,0.0,0.0,0.0,0.0,0.0,,,,4.0,0.0,0.0,87.0,83.0,142.0,,False,1706,1556,19.0,7446_WC,100.0,0,73.0,0,4.333333333333333,6.0,2.3333333333333335,2.8,1.3333333333333333,3.466666666666667,2.0,1.8,0.0,0.4,1.3333333333333333,0.6666666666666666,1.0,0.9333333333333333,0.0,0.0,0.0,0.0,0.0,0.0,0.0,0.0,0.0,0.128,3.6666666666666665,3.4,0.0,0.2,1.0,1.4,95.66666666666667,83.6,87.33333333333333,89.53333333333333,,,1491.0,1645.9333333333334,1774.6666666666667,1614.5333333333333,52.5,50.3,51.4,51.666666666666664,1,job,0.040550049390197476
92119,7447,http://live.fanfooty.com.au/game/matchcentre.html?id=7447,R18,2020,240700.0,Heath,Shaw,WS,12.0,68.0,84,32.0,55.0,73.0,15.0,1.0,7.0,1.0,0.0,1.0,2.0,0.0,1.0,Full Time,guard,%O including %K... also %M... and scored %s... Playing small defender,,,,,,,Back,23.0,0.0,0.0,0.0,0.0,0.0,0.0,,,,2.0,1.0,3.0,81.0,82.0,339.0,,False,1649,1640,19.0,7447_WS,100.0,0,73.0,1,10.333333333333334,10.0,1.6666666666666667,2.8,4.333333333333333,4.666666666666667,3.0,2.2666666666666666,0.0,0.06666666666666667,0.3333333333333333,0.4666666666666667,1.6666666666666667,1.0,0.3333333333333333,0.2,0.3333333333333333,0.06666666666666667,0.0,0.0,0.0,0.0,0.0,0.0,2.6666666666666665,3.466666666666667,0.6666666666666666,0.4,2.0,2.3333333333333335,80.33333333333333,77.93333333333334,86.0,88.93333333333334,217.0,219.6,1622.6666666666667,1674.8,1652.3333333333333,1594.0666666666666,76.5,74.1,73.8,76.66666666666667,1,guard,0.15265122227974204
92197,7449,http://live.fanfooty.com.au/game/matchcentre.html?id=7449,R18,2020,280934.0,Daniel,Talia,AD,2.0,24.0,41,31.0,17.0,24.0,3.0,3.0,0.0,2.0,0.0,1.0,0.0,0.0,0.0,Full Time,job,%O and %T... At CHB on Chol,,,,,,,Back,12.0,0.0,0.0,0.0,0.0,0.0,0.0,,,,3.0,1.0,0.0,100.0,87.0,116.0,,False,1617,1634,19.0,7449_AD,100.0,0,73.0,0,4.0,6.6,4.333333333333333,3.2,2.0,4.0,1.0,1.2,0.0,0.0,0.3333333333333333,0.8666666666666667,0.0,0.6,0.0,0.0,0.0,0.0,0.0,0.0,0.0,0.0,0.0,0.0,3.0,3.933333333333333,0.3333333333333333,0.3333333333333333,0.6666666666666666,1.2,84.66666666666667,78.2,90.33333333333333,90.73333333333333,142.0,,1714.0,1525.5333333333333,1557.0,1742.8,72.3,72.7,59.4,51.333333333333336,1,job,0.10104357057246469
92248,7450,http://live.fanfooty.com.au/game/matchcentre.html?id=7450,R18,2020,230202.0,Kade,Simpson,CA,14.0,75.0,77,35.0,55.0,78.0,16.0,3.0,2.0,3.0,0.0,0.0,1.0,1.0,0.0,Full Time,heart,Ran his moosh into the head of McStay in Q1 leaving him sore... %P with %k by foot... also %T and %M... and booted %s,guard,Lurking at half back,,,,,Back,6.0,0.0,0.0,0.0,0.0,0.0,0.0,,,,2.0,1.0,4.0,63.0,90.0,523.0,,True,1749,1530,19.0,7450_CA,100.0,0,73.0,1,15.333333333333334,11.666666666666666,3.3333333333333335,3.6,4.0,3.8666666666666667,1.6666666666666667,1.2,0.0,0.0,1.0,0.6,1.0,0.4,0.3333333333333333,0.06666666666666667,0.0,0.0,0.0,0.0,0.0,0.0,0.0,0.0,3.6666666666666665,4.0,1.0,0.3333333333333333,3.0,1.8,78.33333333333333,77.2,85.0,81.8,455.0,286.3333333333333,1621.0,1506.6,1645.3333333333333,1545.8,72.75,72.7,87.0,91.0,1,heart,0.19963020681825855
92274,7451,http://live.fanfooty.com.au/game/matchcentre.html?id=7451,R18,2020,260710.0,Paul,Puopolo,HW,16.0,65.0,111,79.0,53.0,66.0,6.0,5.0,2.0,3.0,0.0,1.0,0.0,3.0,0.0,Full Time,heart,Quad problems at QT... %s from %P and %M plus %T,pocket,Starting deep forward,,,,,Forward,28.0,0.0,0.0,0.0,0.0,0.0,0.0,,,,7.0,1.0,0.0,81.0,79.0,200.0,,True,1334,1917,19.0,7451_HW,100.0,1,73.0,1,4.0,5.0,5.0,6.6,1.0,1.4666666666666666,3.0,3.933333333333333,0.0,0.0,0.6666666666666666,0.9333333333333333,0.6666666666666666,0.8,1.0,0.4666666666666667,0.0,0.4,0.0,0.0,0.0,0.0,0.0,0.0,5.666666666666667,6.6,1.0,0.6,1.0,1.8666666666666667,72.66666666666667,69.66666666666667,76.0,79.06666666666666,101.33333333333333,,1628.3333333333333,1622.0666666666666,1647.0,1651.8666666666666,64.1,60.0,60.2,68.0,1,heart,0.08634345992393153
92278,7451,http://live.fanfooty.com.au/game/matchcentre.html?id=7451,R18,2020,280471.0,Ben,Stratton,HW,11.0,60.0,65,74.0,51.0,66.0,5.0,8.0,5.0,2.0,0.0,0.0,0.0,1.0,0.0,Full Time,rock,%P and %M plus %T... %s as well,switch,In defence... switched forward in Q4 of his farewell game,,,,,Back,24.0,0.0,0.0,0.0,0.0,0.0,0.0,,,,1.0,0.0,0.0,84.0,94.0,135.0,,False,1334,1917,19.0,7451_HW,100.0,0,73.0,0,6.666666666666667,4.866666666666666,4.666666666666667,4.333333333333333,4.333333333333333,3.066666666666667,1.0,1.3333333333333333,0.0,0.0,0.6666666666666666,0.4666666666666667,1.0,0.9333333333333333,0.3333333333333333,0.06666666666666667,0.0,0.0,0.0,0.0,0.0,0.0,0.0,0.0,2.6666666666666665,3.6,0.0,0.0,2.0,2.533333333333333,72.33333333333333,70.53333333333333,94.33333333333333,92.46666666666667,142.0,,1616.3333333333333,1545.0666666666666,1649.0,1728.0666666666666,43.8,43.2,45.4,52.666666666666664,1,rock,0.05278025409620148
92327,7452,http://live.fanfooty.com.au/game/matchcentre.html?id=7452,R18,2020,294663.0,Jackson,Thurlow,SY,3.0,36.0,53,48.0,31.0,45.0,7.0,4.0,3.0,1.0,0.0,0.0,2.0,0.0,0.0,Full Time,guard,%M and %P... Playing on a HBF,,,,,,,Back,6.0,0.0,0.0,0.0,0.0,0.0,0.0,,,,3.0,0.0,2.0,63.0,69.0,204.0,,False,1613,1640,19.0,7452_SY,100.0,0,73.0,0,7.0,8.8,4.0,4.6,2.0,3.6666666666666665,1.6666666666666667,2.2666666666666666,0.0,0.0,0.0,0.4,0.6666666666666666,0.5333333333333333,0.0,0.2,0.0,0.13333333333333333,0.0,0.0,0.0,0.0,0.0,0.0,3.3333333333333335,4.0,0.0,0.6666666666666666,0.6666666666666666,1.9333333333333333,78.0,70.53333333333333,75.66666666666667,73.46666666666667,181.0,,1579.0,1609.4,1680.0,1660.3333333333333,65.45,68.6,66.2,66.33333333333333,1,guard,0.0892502927256608
92338,7452,http://live.fanfooty.com.au/game/matchcentre.html?id=7452,R18,2020,270912.0,Jack,Steven,GE,5.0,63.0,60,47.0,48.0,63.0,9.0,4.0,5.0,3.0,0.0,1.0,0.0,0.0,0.0,Full Time,wing,%D and %M with %T... Rotating midfield and forward,,,,,,,Midfielder,9.0,0.0,0.0,0.0,0.0,0.0,0.0,,,,4.0,1.0,0.0,61.0,65.0,176.0,,False,1640,1613,19.0,7452_GE,100.0,0,73.0,0,9.0,9.866666666666667,8.333333333333334,7.333333333333333,3.3333333333333335,3.3333333333333335,5.333333333333333,3.533333333333333,0.0,0.0,1.3333333333333333,1.6666666666666667,0.0,0.6666666666666666,0.0,0.4,0.3333333333333333,0.4,0.0,0.0,0.0,0.0,0.0,0.0,5.333333333333333,5.6,3.0,2.6,1.0,2.533333333333333,63.0,66.46666666666667,64.0,68.93333333333334,208.0,,1711.6666666666667,1679.8666666666666,1543.0,1584.8666666666666,76.15,70.3,83.8,76.0,1,wing,0.14780330134478903
92356,7453,http://live.fanfooty.com.au/game/matchcentre.html?id=7453,R18,2020,280336.0,Stephen,Hill,FR,7.0,65.0,75,83.0,50.0,69.0,13.0,6.0,3.0,1.0,0.0,1.0,0.0,0.0,0.0,Full Time,guard,%O and %M... Starting at half back,,,,,,,Midfielder,32.0,0.0,0.0,0.0,0.0,0.0,0.0,,,,3.0,0.0,2.0,68.0,88.0,344.0,,False,1729,1541,19.0,7453_FR,100.0,0,73.0,1,10.0,7.533333333333333,6.0,5.266666666666667,4.0,2.933333333333333,3.6666666666666665,1.7333333333333334,0.0,0.0,1.0,0.4666666666666667,0.0,0.6666666666666666,0.0,0.06666666666666667,0.0,0.0,0.0,0.0,0.0,0.0,0.0,0.0,3.0,3.933333333333333,0.6666666666666666,0.4,2.3333333333333335,2.0,64.33333333333333,69.13333333333334,86.0,76.93333333333334,292.6666666666667,,1802.0,1675.0,1466.6666666666667,1592.2,62.4,62.7,65.4,81.0,1,guard,0.08974956194632513
92414,7454,http://live.fanfooty.com.au/game/matchcentre.html?id=7454,R18,2020,250290.0,Travis,Varcoe,CO,1.0,19.0,32,24.0,15.0,21.0,4.0,2.0,1.0,0.0,0.0,0.0,0.0,0.0,0.0,Full Time,guard,%P... Starting at half back,,,,,,,Forward,18.0,0.0,0.0,0.0,0.0,0.0,0.0,,,,3.0,0.0,1.0,66.0,64.0,100.0,,False,1594,1681,19.0,7454_CO,100.0,0,73.0,0,5.666666666666667,6.266666666666667,3.3333333333333335,5.2,2.3333333333333335,3.3333333333333335,1.3333333333333333,1.8,0.0,0.0,0.0,0.0,0.0,0.3333333333333333,0.0,0.4666666666666667,0.3333333333333333,0.4,0.0,0.0,0.0,0.0,0.0,0.0,2.0,2.7333333333333334,0.0,0.2,1.3333333333333333,1.5333333333333334,74.0,78.13333333333334,75.66666666666667,78.26666666666667,170.33333333333334,,1730.0,1690.8,1548.0,1578.8666666666666,56.95,52.9,50.6,40.333333333333336,1,guard,0.054208435753840434
92636,7459,http://live.fanfooty.com.au/game/matchcentre.html?id=7459,R20,2020,280858.0,Shane,Savage,SK,14.0,69.0,93,36.0,54.0,72.0,13.0,4.0,4.0,1.0,0.0,0.0,0.0,1.0,0.0,Full Time,guard,%O with %k by foot... also %M... and kicked %s... Coming off half back,,,,,,,Back,5.0,0.0,0.0,0.0,0.0,0.0,0.0,,,,3.0,0.0,0.0,76.0,80.0,392.0,,False,1762,1495,21.0,7459_SK,103.0,0,71.5,1,13.0,12.333333333333334,3.0,5.133333333333334,3.3333333333333335,4.8,2.0,2.466666666666667,0.0,0.0,0.3333333333333333,0.4666666666666667,0.3333333333333333,0.3333333333333333,0.3333333333333333,0.06666666666666667,0.6666666666666666,0.26666666666666666,0.0,0.0,0.0,0.0,0.0,0.0,4.0,4.466666666666667,0.6666666666666666,0.7333333333333333,1.0,2.0,75.66666666666667,80.33333333333333,84.33333333333333,85.66666666666667,,,1598.0,1622.5333333333333,1666.0,1642.6,85.5,84.6,87.6,88.0,1,guard,0.2370928773147718
92645,7459,http://live.fanfooty.com.au/game/matchcentre.html?id=7459,R20,2020,990548.0,Jonathon,Marsh,SK,2.0,43.0,56,21.0,33.0,46.0,8.0,5.0,0.0,1.0,2.0,1.0,0.0,0.0,2.0,Full Time,spearhead,%s from %O... Playing a forward/ruck role on Astbury,,,,,,,Forward,43.0,0.0,0.0,0.0,0.0,0.0,0.0,,,,8.0,3.0,2.0,38.0,79.0,284.0,,False,1762,1495,21.0,7459_SK,103.0,0,71.5,0,4.0,5.6,3.6666666666666665,3.6,0.3333333333333333,2.6666666666666665,2.0,2.4,0.6666666666666666,0.13333333333333333,0.3333333333333333,0.7333333333333333,0.0,0.6,0.0,0.2,1.3333333333333333,0.4,0.0,0.5453333333333333,0.0,0.23333333333333334,0.0,0.44666666666666666,4.666666666666667,4.466666666666667,1.3333333333333333,0.3333333333333333,0.6666666666666666,1.7333333333333334,47.333333333333336,66.13333333333334,73.66666666666667,82.33333333333333,144.66666666666666,,1603.3333333333333,1505.8,1664.6666666666667,1539.8666666666666,52.6,44.8,40.4,43.0,1,spearhead,0.056999202787104346
92694,7461,http://live.fanfooty.com.au/game/matchcentre.html?id=7461,R21,2020,261911.0,Brad,Ebert,PA,20.0,88.0,109,118.0,62.0,87.0,12.0,6.0,4.0,7.0,0.0,0.0,0.0,0.0,0.0,Full Time,injured,Copped a Riewoldt elbow to the head in Q4 and had to come off groggy... %D and %M with %T,wing,Playing a HFF role,,,,,Midfielder,7.0,0.0,0.0,0.0,0.0,0.0,0.0,,,,4.0,3.0,1.0,66.0,76.0,399.0,,True,1540,1724,22.0,7461_PA,97.0,1,74.5,1,10.333333333333334,9.066666666666666,6.333333333333333,5.266666666666667,3.3333333333333335,3.466666666666667,4.0,3.7333333333333334,0.0,0.0,0.3333333333333333,1.0666666666666667,0.6666666666666666,0.6,1.3333333333333333,0.7333333333333333,1.3333333333333333,0.9333333333333333,0.0,0.0,0.0,0.0,0.0,0.0,6.666666666666667,6.0,1.3333333333333333,1.0,2.6666666666666665,2.8,55.333333333333336,59.733333333333334,82.33333333333333,81.06666666666666,326.6666666666667,,1651.0,1714.7333333333333,1612.0,1549.8666666666666,80.45,75.6,79.8,100.33333333333333,1,injured,0.22966207645827322
92752,7462,http://live.fanfooty.com.au/game/matchcentre.html?id=7462,R21,2020,293479.0,Cam,Ellis-Yolmen,BL,4.0,37.0,46,45.0,33.0,48.0,2.0,10.0,2.0,2.0,0.0,0.0,1.0,0.0,0.0,Full Time,switch,%D with %b by hand... also %M and %T... Playing an unfamiliar defensive forward role... switched to midfield in Q3,,,,,,,Midfielder,28.0,0.0,0.0,0.0,0.0,0.0,0.0,,,,8.0,3.0,3.0,58.0,81.0,58.0,,False,1820,1435,22.0,7462_BL,97.0,0,74.5,0,4.0,7.266666666666667,7.666666666666667,8.466666666666667,1.0,2.466666666666667,3.0,3.8,0.0,0.0,0.3333333333333333,0.7333333333333333,0.6666666666666666,0.6666666666666666,0.3333333333333333,0.3333333333333333,0.0,0.26666666666666666,0.0,0.0,0.0,0.0,0.0,0.0,8.0,8.8,2.0,3.933333333333333,1.6666666666666667,1.9333333333333333,56.0,66.06666666666666,74.0,70.4,101.33333333333333,,1603.6666666666667,1712.4666666666667,1657.3333333333333,1552.6,79.15,65.2,54.2,66.33333333333333,1,switch,0.12026843469983002
92817,7463,http://live.fanfooty.com.au/game/matchcentre.html?id=7463,R22,2020,220001.0,Gary,Ablett jnr,GE,2.0,35.0,54,26.0,29.0,42.0,4.0,8.0,1.0,1.0,0.0,0.0,0.0,0.0,0.0,Full Time,heart,Left shoulder injury under a tackle early in Q1... got a jab and returned... %P,wing,Rotating forward and midfield,,,,,Midfielder,4.0,0.0,0.0,0.0,0.0,0.0,0.0,,,,4.0,1.0,0.0,66.0,71.0,185.0,,True,1721,1539,23.0,7463_GE,99.6,0,68.0,0,5.333333333333333,8.4,6.666666666666667,7.0,2.3333333333333335,2.2,2.0,2.7333333333333334,0.0,0.0,0.0,0.5333333333333333,0.3333333333333333,1.2,0.6666666666666666,0.6666666666666666,1.0,0.6666666666666666,0.0,0.0,0.0,0.0,0.0,0.0,4.666666666666667,6.8,1.6666666666666667,1.3333333333333333,0.6666666666666666,2.933333333333333,73.33333333333333,67.93333333333334,73.66666666666667,83.66666666666667,203.66666666666666,,1838.3333333333333,1720.8666666666666,1424.0,1545.0,85.15,73.8,77.2,77.66666666666667,1,heart,0.20564499007791762
92822,7463,http://live.fanfooty.com.au/game/matchcentre.html?id=7463,R22,2020,261497.0,Harry,Taylor,GE,1.0,17.0,48,16.0,16.0,24.0,1.0,6.0,0.0,1.0,0.0,1.0,1.0,0.0,0.0,Full Time,job,%O with %b by hand... In defence on Lynch,,,,,,,Back,7.0,0.0,0.0,0.0,0.0,0.0,0.0,,,,6.0,0.0,3.0,57.0,92.0,36.0,,False,1721,1539,23.0,7463_GE,99.6,0,68.0,0,4.0,6.4,3.0,3.6666666666666665,2.3333333333333335,3.533333333333333,0.6666666666666666,1.5333333333333334,0.0,0.06666666666666667,0.6666666666666666,0.6666666666666666,0.6666666666666666,0.5333333333333333,0.0,0.06666666666666667,0.0,0.0,0.0,0.0,0.0,0.0,0.0,0.0,3.0,3.8,0.0,0.0,1.3333333333333333,1.4666666666666666,71.66666666666667,71.46666666666667,91.66666666666667,88.86666666666666,61.333333333333336,92.8,1838.3333333333333,1792.6666666666667,1424.0,1474.6,62.9,60.5,51.6,42.666666666666664,1,job,0.05295182401922436
93000,7604,http://live.fanfooty.com.au/game/matchcentre.html?id=7604,R1,2021,294828.0,Josh,Jenkins,GE,3.0,35.0,43,26.0,30.0,41.0,5.0,3.0,2.0,2.0,3.0,1.0,2.0,0.0,2.0,Full Time,spearhead,%s from %O and %M plus %T... Up forward on Kelly,,,471500.0,,371200.0,,Forward,11.0,0.0,0.0,0.0,0.0,0.0,0.0,561000.0,,,5.0,1.0,4.0,50.0,72.0,187.0,,False,1686,1596,2.0,7604_GE,97.0,0,72.0,0,6.0,9.0,3.3333333333333335,3.6666666666666665,2.6666666666666665,5.066666666666666,3.3333333333333335,1.7333333333333334,6.333333333333333,5.4,1.3333333333333333,1.3333333333333333,1.0,0.7333333333333333,0.3333333333333333,2.1333333333333333,1.3333333333333333,1.4666666666666666,0.0,0.0,0.0,0.0,0.0,0.19466666666666665,5.666666666666667,5.533333333333333,1.0,0.7333333333333333,1.6666666666666667,2.066666666666667,49.0,59.8,83.0,86.66666666666667,,,1687.0,1689.4666666666667,1586.3333333333333,1571.7333333333333,77.9,69.0,69.6,59.333333333333336,1,spearhead,0.17151685397478966
93385,7613,http://live.fanfooty.com.au/game/matchcentre.html?id=7613,R2,2021,270919.0,Tom,Rockliff,PA,0.0,0.0,0,0.0,0.0,0.0,0.0,0.0,0.0,0.0,0.0,0.0,0.0,0.0,0.0,Full Time,sub,Started as the medical sub,,,518400.0,,,,Midfielder,11.0,0.0,0.0,0.0,0.0,0.0,0.0,600000.0,,,0.0,0.0,0.0,0.0,0.0,0.0,,False,1385,1911,3.0,7613_PA,97.0,0,72.0,0,7.0,10.733333333333333,7.0,10.266666666666667,0.3333333333333333,2.0,4.666666666666667,5.866666666666666,0.0,0.0,1.3333333333333333,1.0666666666666667,0.3333333333333333,0.6,0.0,0.26666666666666666,0.0,0.2,0.0,0.0,0.0,0.0,0.0,0.0,7.666666666666667,8.6,3.0,3.8,1.6666666666666667,2.7333333333333334,41.0,63.6,52.666666666666664,74.26666666666667,172.33333333333334,213.33333333333334,1756.6666666666667,1725.9333333333334,1513.3333333333333,1543.3333333333333,96.3,104.6,101.4,73.66666666666667,1,sub,0.08592079705886112
93494,7615,http://live.fanfooty.com.au/game/matchcentre.html?id=7615,R2,2021,291784.0,Dom,Tyson,NM,4.0,47.0,41,28.0,41.0,54.0,8.0,5.0,5.0,0.0,0.0,1.0,1.0,0.0,0.0,Full Time,spud,Just not AFL standard... %P and %M,shovel,Playing midfield,487400.0,,,,Midfielder,21.0,0.0,0.0,0.0,0.0,0.0,0.0,556000.0,,,5.0,3.0,4.0,76.0,79.0,126.0,,False,1929,1366,3.0,7615_NM,97.0,0,72.0,0,7.333333333333333,7.8,8.333333333333334,11.333333333333334,5.666666666666667,3.7333333333333334,1.6666666666666667,2.933333333333333,0.0,0.0,0.3333333333333333,0.6666666666666666,1.3333333333333333,1.0,0.0,0.13333333333333333,0.0,0.26666666666666666,0.0,0.024,0.0,0.037333333333333336,0.0,0.09200000000000001,4.0,7.866666666666666,2.0,2.8,3.6666666666666665,3.2,76.66666666666667,71.73333333333333,70.0,68.46666666666667,,,1503.6666666666667,1600.2666666666667,1780.6666666666667,1666.3333333333333,69.25,65.6,59.4,48.666666666666664,1,spud,0.0002548848152032042
94514,7638,http://live.fanfooty.com.au/game/matchcentre.html?id=7638,R5,2021,270861.0,Levi,Greenwood,CO,13.0,74.0,77,47.0,53.0,78.0,13.0,6.0,2.0,5.0,0.0,0.0,1.0,0.0,0.0,Full Time,tagger,%D and %M with %T... Tagging Kelly,,,,,,,Midfielder,19.0,0.0,0.0,0.0,0.0,0.0,0.0,,,,5.0,1.0,2.0,73.0,81.0,282.0,,False,1876,1420,6.0,7638_CO,97.20000000000005,0,72.0,1,5.666666666666667,7.6,4.0,5.4,1.3333333333333333,2.6666666666666665,3.3333333333333335,2.8666666666666667,0.0,0.0,0.0,0.4666666666666667,1.3333333333333333,0.6,0.0,0.06666666666666667,0.0,0.0,0.0,0.0,0.0,0.0,0.0,0.0,2.3333333333333335,4.066666666666666,0.3333333333333333,0.5333333333333333,2.3333333333333335,2.066666666666667,60.333333333333336,70.33333333333333,64.66666666666667,73.46666666666667,136.0,,1338.6666666666667,1650.0,1951.0,1621.0666666666666,59.75,52.1,51.2,41.333333333333336,1,tagger,0.06362405873641719
95248,7654,http://live.fanfooty.com.au/game/matchcentre.html?id=7654,R6,2021,290641.0,Jake,Carlisle,SK,8.0,29.0,28,19.0,25.0,31.0,4.0,1.0,0.0,1.0,7.0,1.0,1.0,1.0,0.0,Full Time,sore,Right ankle strapped in Q3 after a knock... %K among %O... and scored %s,spearhead,Up forward on Aliir,,,,,Back,2.0,0.0,0.0,0.0,0.0,0.0,0.0,,,,1.0,0.0,2.0,100.0,66.0,78.0,,True,2007,1287,7.0,7654_SK,103.20000000000005,0,68.0,0,4.0,7.0,4.333333333333333,3.466666666666667,1.6666666666666667,4.8,3.0,1.6,10.666666666666666,3.7333333333333334,0.6666666666666666,0.6,2.0,0.6666666666666666,0.3333333333333333,0.06666666666666667,0.0,0.13333333333333333,0.0,0.0,0.0,0.0,0.0,0.0,3.6666666666666665,4.2,1.0,0.5333333333333333,3.6666666666666665,1.4666666666666666,80.0,76.8,77.0,86.73333333333333,74.0,122.4,1563.0,1492.2666666666667,1732.6666666666667,1565.5333333333333,64.95,61.8,66.0,50.0,1,sore,0.09968829738588211
95561,7661,http://live.fanfooty.com.au/game/matchcentre.html?id=7661,R7,2021,250222.0,Nathan,Jones,ME,5.0,58.0,48,46.0,47.0,63.0,7.0,7.0,5.0,2.0,0.0,0.0,0.0,0.0,0.0,Full Time,sub,Started as the medical sub... on in Q1... %O and %M plus %T,guard,In defence,,,,,Midfielder,2.0,0.0,0.0,0.0,0.0,0.0,0.0,,,,3.0,2.0,1.0,85.0,59.0,128.0,,False,1570,1730,8.0,7661_ME,99.0,0,73.0,0,5.666666666666667,6.666666666666667,7.0,6.6,3.3333333333333335,3.066666666666667,2.0,1.6666666666666667,0.0,0.0,0.6666666666666666,0.4666666666666667,0.3333333333333333,0.3333333333333333,0.0,0.2,0.3333333333333333,0.4,0.0,0.0,0.0,0.0,0.0,0.0,4.0,4.266666666666667,1.3333333333333333,0.6666666666666666,1.6666666666666667,1.8666666666666667,65.66666666666667,64.6,66.66666666666667,71.2,117.66666666666667,182.6,1819.0,1708.6,1468.6666666666667,1570.8666666666666,54.45,46.9,40.0,41.333333333333336,1,sub,0.013138796238304665
96169,7675,http://live.fanfooty.com.au/game/matchcentre.html?id=7675,R9,2021,294077.0,Michael,Hartley,HW,4.0,46.0,38,60.0,41.0,57.0,7.0,6.0,5.0,1.0,0.0,0.0,2.0,0.0,0.0,Full Time,job,%M and %P... In defence on Garner,,,,,,,Back,27.0,0.0,0.0,0.0,0.0,0.0,0.0,,,,3.0,0.0,4.0,69.0,81.0,206.0,,False,1668,1633,10.0,7675_HW,98.20000000000005,0,71.0,0,13.0,9.666666666666666,5.666666666666667,4.8,4.666666666666667,4.6,1.6666666666666667,1.8,0.0,0.26666666666666666,0.3333333333333333,0.4,1.0,1.0666666666666667,0.3333333333333333,0.06666666666666667,0.3333333333333333,0.06666666666666667,0.0,0.14933333333333335,0.0,0.08066666666666666,0.0,0.15133333333333335,4.333333333333333,4.4,0.6666666666666666,0.3333333333333333,2.3333333333333335,2.066666666666667,69.33333333333333,82.4,89.33333333333333,92.26666666666667,357.0,,1659.0,1625.1333333333334,1641.0,1648.2666666666667,71.45,75.6,79.0,75.33333333333333,1,job,0.14348875993964805
96643,7685,http://live.fanfooty.com.au/game/matchcentre.html?id=7685,R10,2021,281280.0,Neville,Jetta,ME,3.0,40.0,43,34.0,29.0,39.0,5.0,2.0,3.0,3.0,0.0,0.0,0.0,0.0,0.0,Full Time,in,%l Christian Salem... %D including %K... also %M and %T,guard,Driving from half back,,,,,Back,39.0,0.0,0.0,0.0,0.0,0.0,0.0,,,,2.0,0.0,1.0,85.0,65.0,86.0,,False,1674,1626,11.0,7685_ME,99.20000000000005,0,71.0,0,4.0,4.066666666666666,3.0,4.2,2.0,2.2,1.6666666666666667,1.7333333333333334,0.0,0.0,1.0,1.0,0.6666666666666666,0.9333333333333333,0.0,0.0,0.0,0.0,0.0,0.0,0.0,0.0,0.0,0.0,4.333333333333333,4.4,0.6666666666666666,0.13333333333333333,2.3333333333333335,1.7333333333333334,87.33333333333333,81.46666666666667,69.0,72.4,58.666666666666664,,1697.6666666666667,1629.5333333333333,1601.6666666666667,1648.6,43.0,36.3,43.0,36.666666666666664,1,in,0.005917729476441389
96681,7686,http://live.fanfooty.com.au/game/matchcentre.html?id=7686,R10,2021,280038.0,Shaun,McKernan,SK,11.0,60.0,36,39.0,51.0,64.0,9.0,2.0,4.0,1.0,9.0,0.0,1.0,1.0,1.0,Full Time,spearhead,%s from %P and %M... Playing a ruck/forward role... Cordy following him,,,,,,,Forward,27.0,0.0,0.0,0.0,0.0,0.0,0.0,,,,5.0,1.0,5.0,36.0,78.0,102.0,,False,1947,1350,11.0,7686_SK,99.20000000000005,0,71.0,0,6.333333333333333,6.533333333333333,3.6666666666666665,2.8666666666666667,2.6666666666666665,3.8666666666666667,1.3333333333333333,1.6,9.0,6.0,0.3333333333333333,0.5333333333333333,1.3333333333333333,1.9333333333333333,0.6666666666666666,0.6666666666666666,0.3333333333333333,0.5333333333333333,0.0,0.0,0.0,0.0,0.0,0.0,6.0,5.666666666666667,1.0,1.1333333333333333,5.0,4.2,47.666666666666664,53.266666666666666,77.33333333333333,78.93333333333334,95.66666666666667,,1397.0,1558.1333333333334,1895.6666666666667,1719.0666666666666,55.55,39.2,42.6,38.666666666666664,1,spearhead,0.08345483856613163
96687,7686,http://live.fanfooty.com.au/game/matchcentre.html?id=7686,R10,2021,260288.0,James,Frawley,SK,5.0,47.0,37,35.0,38.0,51.0,7.0,3.0,5.0,2.0,0.0,0.0,1.0,0.0,0.0,Full Time,sore,Shoulder soreness late in the second... %O and %M plus %T,job,On Naughton,,,,,Back,24.0,0.0,0.0,0.0,0.0,0.0,0.0,,,,2.0,0.0,2.0,70.0,77.0,155.0,,True,1947,1350,11.0,7686_SK,99.20000000000005,0,71.0,0,5.666666666666667,5.666666666666667,5.0,3.533333333333333,5.0,3.2,1.3333333333333333,0.8,0.0,0.0,0.0,0.4,1.0,0.8666666666666667,0.0,0.0,0.0,0.0,0.0,0.0,0.0,0.0,0.0,0.0,2.3333333333333335,3.2666666666666666,0.0,0.0,1.6666666666666667,1.4666666666666666,83.33333333333333,82.4,78.0,86.2,168.66666666666666,136.4,1595.0,1514.1333333333334,1687.3333333333333,1765.0666666666666,55.3,53.8,53.4,46.333333333333336,1,sore,0.06757946578363144
97045,7694,http://live.fanfooty.com.au/game/matchcentre.html?id=7694,R11,2021,992015.0,Connor,Menadue,NM,4.0,49.0,52,36.0,43.0,57.0,6.0,8.0,5.0,0.0,0.0,0.0,0.0,0.0,0.0,Full Time,guard,%P and %M... Rotating at half back,,,,,,,Midfielder,31.0,0.0,0.0,0.0,0.0,0.0,0.0,,,,4.0,1.0,2.0,78.0,78.0,152.0,,False,1766,1532,12.0,7694_NM,100.0,0,71.0,0,5.666666666666667,8.933333333333334,6.333333333333333,5.466666666666667,5.0,4.066666666666666,0.3333333333333333,1.6666666666666667,0.0,0.0,0.0,0.8,0.0,0.4666666666666667,0.0,0.0,0.0,0.13333333333333333,0.0,0.008,0.0,0.014666666666666666,0.0,0.024000000000000004,3.0,5.0,0.3333333333333333,0.5333333333333333,0.6666666666666666,1.6,88.33333333333333,79.13333333333334,74.0,74.73333333333333,130.33333333333334,,1543.3333333333333,1587.0,1754.6666666666667,1692.0,58.3,59.6,58.0,51.0,1,guard,0.06382104503175161
97196,7698,http://live.fanfooty.com.au/game/matchcentre.html?id=7698,R11,2021,294737.0,Callum,Sinclair,SY,11.0,73.0,86,86.0,63.0,75.0,6.0,6.0,3.0,2.0,24.0,2.0,0.0,0.0,0.0,Full Time,ruck,%H... also %D and %T... First ruck,,,,,,,Ruck,18.0,0.0,0.0,0.0,0.0,0.0,0.0,,,,8.0,5.0,1.0,83.0,85.0,138.0,,False,1423,1868,12.0,7698_SY,100.0,0,71.0,1,4.0,4.866666666666666,5.0,4.333333333333333,2.0,2.533333333333333,2.6666666666666665,2.6,15.0,23.066666666666666,1.3333333333333333,1.2666666666666666,0.6666666666666666,1.5333333333333334,0.3333333333333333,0.2,0.0,0.2,0.0,0.0,0.0,0.0,0.0,0.0,6.666666666666667,5.533333333333333,2.6666666666666665,2.3333333333333335,3.0,3.066666666666667,81.0,70.8,82.0,82.06666666666666,77.66666666666667,110.73333333333333,1698.3333333333333,1618.0,1585.6666666666667,1656.6,76.7,77.9,85.2,73.0,1,ruck,0.22693643380678158
97231,7698,http://live.fanfooty.com.au/game/matchcentre.html?id=7698,R11,2021,296200.0,Michael,Gibbons,CA,2.0,24.0,44,20.0,19.0,27.0,3.0,3.0,1.0,2.0,0.0,1.0,1.0,0.0,0.0,Full Time,injured,Right concern late in the second term... %P and %T,subbed,Subbed midway through the third,,,,,Midfielder,40.0,0.0,0.0,0.0,0.0,0.0,0.0,,,,4.0,0.0,1.0,100.0,47.0,35.0,,True,1868,1423,12.0,7698_CA,100.0,0,71.0,0,6.333333333333333,9.2,4.333333333333333,5.333333333333333,3.6666666666666665,3.8,2.3333333333333335,2.8,0.0,0.0,0.3333333333333333,0.6,0.6666666666666666,0.6666666666666666,0.6666666666666666,0.7333333333333333,0.0,0.4,0.0,0.0,0.0,0.0,0.0,0.0,2.6666666666666665,4.866666666666666,0.6666666666666666,1.6666666666666667,1.3333333333333333,2.2666666666666666,84.66666666666667,67.4,65.33333333333333,73.93333333333334,148.0,264.46666666666664,1544.6666666666667,1588.2666666666667,1751.0,1679.7333333333333,67.95,63.3,62.4,57.0,1,injured,0.10772524041713004
97356,7701,http://live.fanfooty.com.au/game/matchcentre.html?id=7701,R12,2021,260113.0,Jarryn,Geary,SK,13.0,64.0,50,50.0,52.0,69.0,8.0,7.0,6.0,2.0,0.0,0.0,0.0,0.0,0.0,Full Time,injured,Off in Q4 with a right shoulder injury... %P and %M plus %T,guard,Playing small defender,,,,,Back,14.0,0.0,0.0,0.0,0.0,0.0,0.0,,,,1.0,0.0,1.0,80.0,63.0,73.0,,True,1682,1603,13.0,7701_SK,98.20000000000002,0,71.0,0,7.333333333333333,5.733333333333333,6.0,5.533333333333333,5.0,3.7333333333333334,2.3333333333333335,1.8,0.0,0.0,0.0,0.4,1.3333333333333333,0.6666666666666666,0.3333333333333333,0.26666666666666666,0.3333333333333333,0.13333333333333333,0.0,0.0,0.0,0.0,0.0,0.0,3.3333333333333335,3.8,0.0,0.7333333333333333,1.6666666666666667,1.3333333333333333,69.33333333333333,77.93333333333334,71.0,79.66666666666667,125.66666666666667,105.33333333333333,1573.0,1628.1333333333334,1720.3333333333333,1647.7333333333333,58.1,67.0,69.0,55.333333333333336,1,injured,0.07806597580567301
97411,7702,http://live.fanfooty.com.au/game/matchcentre.html?id=7702,R12,2021,1003029.0,Brayden,Sier,CO,6.0,29.0,21,32.0,19.0,27.0,2.0,2.0,1.0,4.0,0.0,0.0,0.0,0.0,0.0,Full Time,injured,Jaw injury in Q2 and subbed off at HT... %O and %T,subbed,Rotating in midfield,,,,,Midfielder,36.0,0.0,0.0,0.0,0.0,0.0,0.0,,,,2.0,0.0,0.0,50.0,25.0,31.0,,True,1612,1675,13.0,7702_CO,98.20000000000002,0,71.0,0,5.333333333333333,4.8,6.333333333333333,8.6,4.333333333333333,1.4666666666666666,2.3333333333333335,2.8,0.0,0.0,0.3333333333333333,0.4,0.0,0.7333333333333333,0.0,0.26666666666666666,0.0,0.06666666666666667,0.0,0.0,0.0,0.0,0.0,0.0,5.666666666666667,6.8,1.6666666666666667,2.933333333333333,0.3333333333333333,2.2666666666666666,62.333333333333336,68.06666666666666,46.0,57.8,110.33333333333333,,1565.6666666666667,1607.6666666666667,1728.6666666666667,1677.4,55.6,53.1,43.6,39.0,1,injured,0.06348081743050545
97430,7703,http://live.fanfooty.com.au/game/matchcentre.html?id=7703,R12,2021,295599.0,Patrick,Ambrose,ES,2.0,21.0,22,26.0,16.0,22.0,1.0,4.0,0.0,2.0,0.0,1.0,0.0,0.0,1.0,Full Time,sub,Started as the medical sub... on in Q1... %D including %B... also %T... and booted %s,wing,Playing a forward role,,,,,Back,29.0,0.0,0.0,0.0,0.0,0.0,0.0,,,,4.0,0.0,0.0,60.0,56.0,50.0,,False,1756,1542,13.0,7703_ES,98.20000000000002,0,71.0,0,7.333333333333333,6.2,5.0,4.533333333333333,5.0,4.133333333333334,2.3333333333333335,2.4,0.0,0.0,1.0,0.8666666666666667,1.3333333333333333,1.1333333333333333,0.0,0.0,0.6666666666666666,0.26666666666666666,0.0,0.0,0.0,0.0,0.0,0.0,4.0,4.533333333333333,0.0,0.13333333333333333,2.0,2.066666666666667,75.66666666666667,78.2,80.0,87.6,,,1504.0,1574.0666666666666,1772.3333333333333,1697.4666666666667,52.75,52.0,55.2,56.333333333333336,1,sub,0.01571036557802669
97645,7708,http://live.fanfooty.com.au/game/matchcentre.html?id=7708,R13,2021,998115.0,Taylin,Duman,FR,14.0,87.0,91,112.0,73.0,96.0,14.0,8.0,9.0,1.0,0.0,1.0,1.0,0.0,0.0,Full Time,job,%M and %D... In defence on Burgess,,,,,,,Back,44.0,0.0,0.0,0.0,0.0,0.0,0.0,,,,5.0,0.0,2.0,81.0,83.0,160.0,0.0,False,1480,1824,14.0,7708_FR,99.0,0,72.0,1,9.0,8.133333333333333,6.333333333333333,5.266666666666667,5.333333333333333,3.533333333333333,2.3333333333333335,1.9333333333333333,0.0,0.0,0.3333333333333333,0.6,0.3333333333333333,0.6666666666666666,0.0,0.0,0.0,0.0,0.0,0.0,0.0,0.0,0.0,0.0,3.0,4.333333333333333,0.0,0.26666666666666666,1.0,1.8,76.33333333333333,71.13333333333334,79.33333333333333,77.46666666666667,118.0,170.53333333333333,1605.0,1669.4666666666667,1673.3333333333333,1608.4666666666667,64.5,62.8,65.4,68.66666666666667,1,job,0.09037063566898665
97647,7708,http://live.fanfooty.com.au/game/matchcentre.html?id=7708,R13,2021,290823.0,Reece,Conca,FR,19.0,85.0,68,115.0,67.0,90.0,12.0,5.0,8.0,5.0,0.0,1.0,2.0,0.0,0.0,Full Time,guard,%O including %K... also %M and %T... Starting at half back,,,,,,,Midfielder,6.0,0.0,0.0,0.0,0.0,0.0,0.0,,,,4.0,0.0,4.0,82.0,86.0,170.0,0.0,False,1480,1824,14.0,7708_FR,99.0,0,72.0,0,9.333333333333334,8.133333333333333,6.333333333333333,5.933333333333334,5.0,3.6666666666666665,3.3333333333333335,2.2,0.0,0.0,1.0,0.6,0.6666666666666666,1.0666666666666667,0.0,0.0,0.0,0.0,0.0,0.0,0.0,0.0,0.0,0.0,4.0,3.933333333333333,0.0,0.26666666666666666,2.0,2.533333333333333,82.33333333333333,79.4,82.0,83.0,193.33333333333334,183.66666666666666,1601.6666666666667,1634.2,1693.3333333333333,1640.8,64.75,59.3,57.8,61.0,1,guard,0.10529583491920252
97697,7709,http://live.fanfooty.com.au/game/matchcentre.html?id=7709,R13,2021,992000.0,Jack,Lonie,SK,8.0,57.0,33,75.0,40.0,53.0,9.0,3.0,1.0,4.0,0.0,3.0,0.0,0.0,2.0,Full Time,wing,%s from %D and %T... aided by %4FF... Starting on a HFF,,,,,,,Forward,13.0,0.0,0.0,0.0,0.0,0.0,0.0,,,,4.0,0.0,5.0,41.0,86.0,294.0,0.0,False,1519,1781,14.0,7709_SK,99.0,0,72.0,0,6.0,6.933333333333334,3.0,3.3333333333333335,0.6666666666666666,2.7333333333333334,2.0,1.8,0.0,0.0,1.0,1.0,0.0,0.13333333333333333,0.0,0.6666666666666666,0.6666666666666666,0.6,0.0,0.0,0.0,0.0,0.0,0.0,2.6666666666666665,3.066666666666667,0.3333333333333333,0.3333333333333333,2.6666666666666665,1.2,29.0,59.333333333333336,55.666666666666664,75.0,155.66666666666666,164.66666666666666,1632.3333333333333,1599.0666666666666,1666.0,1691.5333333333333,50.05,41.6,32.8,22.333333333333332,1,wing,0.038766173686019895
97747,7710,http://live.fanfooty.com.au/game/matchcentre.html?id=7710,R13,2021,296078.0,Taylor,Garner,NM,3.0,30.0,33,42.0,25.0,36.0,5.0,2.0,3.0,2.0,0.0,0.0,2.0,0.0,0.0,Full Time,injured,Carried off late in Q4 with a left leg injury... %P including %K... also %M and %T,wing,Starting forward,,,,,Forward,6.0,0.0,0.0,0.0,0.0,0.0,0.0,,,,1.0,0.0,3.0,57.0,79.0,112.0,1.0,True,1656,1645,14.0,7710_NM,99.0,0,72.0,0,8.333333333333334,7.266666666666667,5.333333333333333,5.666666666666667,5.333333333333333,3.8666666666666667,1.0,2.6,0.0,0.0,1.0,0.5333333333333333,1.0,0.7333333333333333,1.3333333333333333,0.8666666666666667,0.0,0.4666666666666667,0.0,0.0,0.0,0.0,0.0,0.0,4.333333333333333,5.333333333333333,0.0,0.4666666666666667,2.6666666666666665,2.4,75.66666666666667,65.93333333333334,80.33333333333333,75.33333333333333,181.33333333333334,,1535.6666666666667,1616.4,1762.3333333333333,1662.7333333333333,65.45,61.8,60.6,55.666666666666664,1,injured,0.11625920981497619
97857,7712,http://live.fanfooty.com.au/game/matchcentre.html?id=7712,R13,2021,290623.0,Josh,Caddy,RI,8.0,53.0,58,41.0,43.0,61.0,6.0,10.0,2.0,2.0,0.0,0.0,0.0,0.0,1.0,Full Time,wing,%D and %M with %T... %s as well... Playing a wing role,,,,,,,Midfielder,22.0,0.0,0.0,0.0,0.0,0.0,0.0,,,,7.0,4.0,2.0,68.0,77.0,243.0,1.0,False,1636,1666,14.0,7712_RI,99.0,0,72.0,0,11.0,9.333333333333334,7.333333333333333,6.133333333333334,6.333333333333333,5.066666666666666,1.3333333333333333,2.066666666666667,0.0,0.06666666666666667,0.3333333333333333,0.4,0.3333333333333333,0.6,0.3333333333333333,0.26666666666666666,0.3333333333333333,0.4666666666666667,0.0,0.0,0.0,0.0,0.0,0.0,6.0,4.533333333333333,1.6666666666666667,1.0666666666666667,2.0,1.8666666666666667,73.33333333333333,76.06666666666666,75.33333333333333,77.66666666666667,282.6666666666667,,1780.6666666666667,1656.9333333333334,1516.0,1619.3333333333333,71.1,63.9,73.8,74.33333333333333,1,wing,0.12821866819214894
97949,7714,http://live.fanfooty.com.au/game/matchcentre.html?id=7714,R14,2021,261892.0,Hamish,Hartlett,PA,4.0,45.0,29,26.0,39.0,51.0,8.0,4.0,5.0,0.0,0.0,1.0,1.0,0.0,0.0,Full Time,sub,Started as the medical sub... %M and %D,,,,,,,Back,8.0,0.0,0.0,0.0,0.0,0.0,0.0,,,,4.0,0.0,1.0,66.0,47.0,160.0,0.0,False,1392,1878,15.0,7714_PA,101.0,0,70.0,0,8.0,9.266666666666667,4.0,6.933333333333334,2.6666666666666665,3.6666666666666665,1.6666666666666667,2.4,0.0,0.0,1.3333333333333333,0.8666666666666667,1.3333333333333333,0.9333333333333333,0.3333333333333333,0.13333333333333333,0.0,0.13333333333333333,0.0,0.0,0.0,0.0,0.0,0.0,3.6666666666666665,4.8,0.3333333333333333,0.7333333333333333,2.3333333333333335,2.7333333333333334,58.666666666666664,69.2,68.0,78.26666666666667,236.33333333333334,258.06666666666666,1657.0,1718.7333333333333,1631.3333333333333,1562.0,69.0,61.7,47.8,37.0,1,sub,0.025925993103038475
98352,7723,http://live.fanfooty.com.au/game/matchcentre.html?id=7723,R15,2021,295156.0,Kaiden,Brand,SY,4.0,44.0,66,28.0,34.0,48.0,8.0,3.0,2.0,3.0,0.0,2.0,2.0,0.0,0.0,Full Time,job,%P including %K... also %T and %M... In defence on Marshall,,,,,,,Back,2.0,0.0,0.0,0.0,0.0,0.0,0.0,,,,5.0,0.0,3.0,81.0,78.0,127.0,1.0,False,1692,1609,16.0,7723_SY,100.0,0,71.0,0,7.333333333333333,7.266666666666667,5.333333333333333,4.666666666666667,3.3333333333333335,4.266666666666667,2.0,1.4666666666666666,0.0,0.0,1.3333333333333333,0.7333333333333333,0.6666666666666666,0.4,0.0,0.0,0.0,0.0,0.0,0.012,0.0,0.018000000000000002,0.0,0.018000000000000002,5.333333333333333,4.6,0.0,0.13333333333333333,1.6666666666666667,1.8,76.0,76.66666666666667,78.33333333333333,88.33333333333333,105.33333333333333,,1661.3333333333333,1653.6,1627.6666666666667,1611.6,59.6,59.8,62.0,65.33333333333333,1,job,0.06563161593456729
98606,7729,http://live.fanfooty.com.au/game/matchcentre.html?id=7729,R16,2021,250312.0,Bachar,Houli,RI,14.0,93.0,112,44.0,67.0,93.0,20.0,4.0,3.0,4.0,0.0,3.0,1.0,0.0,0.0,Full Time,guard,%P with %k by foot... also %T and %M... umps paid him %4FF... Starting on a HBF,,,,,,,Back,14.0,0.0,0.0,0.0,0.0,0.0,0.0,,,,6.0,0.0,5.0,70.0,91.0,499.0,0.0,False,1845,1449,17.0,7729_RI,98.0,1,72.0,1,17.0,12.6,6.666666666666667,9.6,7.0,5.533333333333333,3.0,3.0,0.0,0.0,1.0,0.7333333333333333,0.3333333333333333,0.5333333333333333,0.0,0.06666666666666667,0.0,0.0,0.0,0.0,0.0,0.0,0.0,0.0,4.666666666666667,4.866666666666666,0.3333333333333333,1.0666666666666667,2.6666666666666665,2.4,76.66666666666667,77.8,83.66666666666667,81.33333333333333,416.6666666666667,360.3333333333333,1561.0,1624.2,1714.6666666666667,1656.2,89.6,94.6,92.4,95.66666666666667,1,guard,0.3341691450456389
99269,7744,http://live.fanfooty.com.au/game/matchcentre.html?id=7744,R17,2021,291947.0,Brendon,Ah Chee,WC,5.0,58.0,69,75.0,45.0,61.0,7.0,6.0,4.0,3.0,0.0,0.0,0.0,0.0,1.0,Full Time,wing,%P and %M plus %T... %s as well... Rotating midfield and forward,,,,,,,Midfielder,41.0,0.0,0.0,0.0,0.0,0.0,0.0,,,,8.0,3.0,2.0,46.0,72.0,192.0,0.0,False,1759,1543,18.0,7744_WC,98.0,0,72.0,0,4.333333333333333,4.866666666666666,8.666666666666666,5.6,1.3333333333333333,2.466666666666667,1.6666666666666667,2.2666666666666666,0.0,0.0,0.3333333333333333,0.5333333333333333,0.3333333333333333,0.3333333333333333,0.3333333333333333,0.6,0.6666666666666666,0.3333333333333333,0.0,0.0,0.0,0.0,0.0,0.0,7.333333333333333,5.533333333333333,2.0,1.1333333333333333,3.6666666666666665,2.2,54.0,65.8,77.66666666666667,77.93333333333334,122.33333333333333,142.4,1496.0,1636.8666666666666,1804.6666666666667,1645.9333333333334,61.25,58.9,63.8,47.333333333333336,1,wing,0.07875581842893493
99921,7758,http://live.fanfooty.com.au/game/matchcentre.html?id=7758,R19,2021,1000959.0,James,Cousins,HW,13.0,64.0,60,55.0,51.0,76.0,7.0,11.0,2.0,5.0,0.0,0.0,2.0,0.0,1.0,Full Time,injured,Subbed off in Q4... %O and %M plus %T... %s as well,subbed,Rotating in midfield,,,,,Midfielder,24.0,0.0,0.0,0.0,0.0,0.0,0.0,,,,9.0,2.0,4.0,50.0,65.0,95.0,1.0,True,1664,1618,20.0,7758_HW,96.0,0,71.0,0,10.333333333333334,10.0,9.333333333333334,9.133333333333333,1.3333333333333333,2.933333333333333,4.666666666666667,3.4,0.0,0.0,0.6666666666666666,0.8666666666666667,0.6666666666666666,0.6666666666666666,0.0,0.2,0.3333333333333333,0.5333333333333333,0.0,0.0,0.0,0.0,0.0,0.0,10.0,6.733333333333333,2.0,2.466666666666667,3.6666666666666665,2.4,62.0,66.6,71.66666666666667,72.33333333333333,286.3333333333333,283.8,1649.3333333333333,1585.1333333333334,1647.0,1704.3333333333333,73.2,69.8,73.0,76.33333333333333,1,injured,0.17499700044799238
100079,7762,http://live.fanfooty.com.au/game/matchcentre.html?id=7762,R19,2021,270588.0,Cale,Hooker,ES,10.0,55.0,68,69.0,47.0,60.0,8.0,4.0,4.0,1.0,1.0,1.0,1.0,1.0,2.0,Full Time,sore,Right knee strapped in Q4... %O and %M plus %s,spearhead,In attack on Davis,,,,,Back,26.0,0.0,0.0,0.0,0.0,0.0,0.0,,,,8.0,0.0,3.0,41.0,81.0,117.0,0.0,True,1793,1507,20.0,7762_ES,96.0,0,71.0,0,6.666666666666667,6.4,5.0,5.933333333333334,3.6666666666666665,3.933333333333333,2.3333333333333335,1.6,1.0,0.6,0.6666666666666666,0.6666666666666666,1.3333333333333333,0.9333333333333333,1.0,2.066666666666667,2.3333333333333335,1.3333333333333333,0.0,0.0,0.0,0.0,0.0,0.0,6.0,6.533333333333333,0.3333333333333333,0.4666666666666667,3.3333333333333335,2.6666666666666665,50.666666666666664,54.53333333333333,82.33333333333333,84.26666666666667,111.0,138.66666666666666,1705.3333333333333,1646.1333333333334,1588.0,1647.4,66.7,63.1,54.0,69.0,1,sore,0.11535623913749586
100081,7762,http://live.fanfooty.com.au/game/matchcentre.html?id=7762,R19,2021,270951.0,David,Zaharakis,ES,10.0,51.0,48,66.0,39.0,51.0,8.0,2.0,3.0,2.0,0.0,0.0,0.0,1.0,0.0,Full Time,wing,%D including %K... also %M and %T... and scored %s... Playing a half forward role,,,,,,,Midfielder,11.0,0.0,0.0,0.0,0.0,0.0,0.0,,,,2.0,0.0,1.0,60.0,76.0,256.0,0.0,False,1793,1507,20.0,7762_ES,96.0,0,71.0,0,5.0,6.666666666666667,1.6666666666666667,6.533333333333333,2.0,2.533333333333333,1.3333333333333333,2.2,0.0,0.0,0.0,0.06666666666666667,0.0,0.4666666666666667,0.3333333333333333,0.6666666666666666,0.0,0.4,0.0,0.0,0.0,0.0,0.0,0.0,2.3333333333333335,4.066666666666666,0.6666666666666666,0.8666666666666667,0.3333333333333333,1.6,46.666666666666664,62.2,44.666666666666664,68.46666666666667,173.0,183.06666666666666,1539.0,1625.6,1759.6666666666667,1656.7333333333333,57.55,52.2,49.6,34.333333333333336,1,wing,0.046932132156735015
100560,7772,http://live.fanfooty.com.au/game/matchcentre.html?id=7772,R21,2021,291797.0,Matthew,Buntine,WS,8.0,29.0,35,24.0,24.0,31.0,3.0,3.0,0.0,2.0,0.0,2.0,1.0,1.0,1.0,Full Time,in,%l Josh Kelly... %P and %T plus %s,wing,Playing a forward role on Stewart,,,,,Back,21.0,0.0,0.0,0.0,0.0,0.0,0.0,,,,5.0,0.0,2.0,66.0,78.0,111.0,0.0,False,1615,1674,22.0,7772_WS,97.20000000000005,0,73.0,0,5.666666666666667,7.4,3.0,3.2,2.3333333333333335,3.2666666666666666,3.3333333333333335,2.0,0.0,0.0,0.6666666666666666,0.8666666666666667,1.0,0.9333333333333333,0.3333333333333333,0.2,0.3333333333333333,0.2,0.0,0.0,0.0,0.0,0.0,0.0,4.0,3.533333333333333,0.6666666666666666,0.4,3.0,2.4,66.33333333333333,66.0,83.0,77.6,112.0,,1693.6666666666667,1707.2,1603.0,1576.2,47.5,42.4,36.0,41.333333333333336,1,in,0.007439305761304013
101082,7784,http://live.fanfooty.com.au/game/matchcentre.html?id=7784,R22,2021,250105.0,Marc,Murphy,CA,15.0,92.0,88,64.0,70.0,99.0,14.0,10.0,4.0,5.0,0.0,1.0,1.0,0.0,0.0,Full Time,shovel,%P and %M plus %T... Starting in midfield,,,,,,,Midfielder,3.0,0.0,0.0,0.0,0.0,0.0,0.0,,,,10.0,3.0,5.0,54.0,85.0,323.0,0.0,False,1915,1384,23.0,7784_CA,100.0,0,70.0,1,5.666666666666667,7.866666666666666,3.6666666666666665,5.266666666666667,1.3333333333333333,3.3333333333333335,1.6666666666666667,2.0,0.0,0.0,0.6666666666666666,0.5333333333333333,0.3333333333333333,0.4,0.3333333333333333,0.6,0.0,0.26666666666666666,0.0,0.0,0.0,0.0,0.0,0.0,4.0,4.066666666666666,1.0,1.3333333333333333,2.0,1.6,43.0,62.333333333333336,42.0,64.0,122.0,200.13333333333333,1507.0,1588.9333333333334,1779.6666666666667,1685.9333333333334,62.95,47.7,26.0,34.333333333333336,1,shovel,0.09571155363393641
101214,7787,http://live.fanfooty.com.au/game/matchcentre.html?id=7787,R22,2021,297990.0,Aaron,Vandenberg,ME,0.0,0.0,0,0.0,0.0,0.0,0.0,0.0,0.0,0.0,0.0,0.0,0.0,0.0,0.0,Full Time,sub,Started as the medical sub,,,,,,,Forward,22.0,0.0,0.0,0.0,0.0,0.0,0.0,,,,0.0,0.0,0.0,0.0,0.0,0.0,1.0,False,1630,1666,23.0,7787_ME,100.0,0,70.0,0,6.0,6.0,3.0,4.8,1.0,2.466666666666667,2.6666666666666665,2.4,0.0,0.0,0.0,0.5333333333333333,1.3333333333333333,1.1333333333333333,0.0,0.06666666666666667,0.0,0.06666666666666667,0.0,0.0,0.0,0.0,0.0,0.0,2.0,4.0,1.0,1.7333333333333334,3.0,2.7333333333333334,43.0,56.06666666666667,41.0,59.86666666666667,186.33333333333334,173.33333333333334,1664.3333333333333,1660.0666666666666,1632.6666666666667,1613.4666666666667,52.7,47.3,30.4,30.333333333333332,1,sub,0.012305325908761794
101252,7788,http://live.fanfooty.com.au/game/matchcentre.html?id=7788,R22,2021,291891.0,Jacob,Townsend,GC,9.0,43.0,44,55.0,42.0,60.0,7.0,7.0,3.0,1.0,0.0,1.0,4.0,1.0,0.0,Full Time,spearhead,%O and %M plus %s... not helped by %F... Providing defensive pressure within the attacking arc,,,,,,,Midfielder,21.0,0.0,0.0,0.0,0.0,0.0,0.0,,,,7.0,1.0,10.0,85.0,84.0,245.0,0.0,False,1866,1436,23.0,7788_GC,100.0,0,70.0,0,6.666666666666667,4.8,3.6666666666666665,2.2666666666666666,3.0,2.066666666666667,2.6666666666666665,2.7333333333333334,1.0,0.26666666666666666,1.6666666666666667,0.9333333333333333,2.6666666666666665,1.7333333333333334,1.0,0.8666666666666667,0.0,0.3333333333333333,0.0,0.037333333333333336,0.0,0.084,0.0,0.04066666666666666,5.666666666666667,3.8,0.6666666666666666,0.2,5.333333333333333,3.0,77.33333333333333,55.46666666666667,78.33333333333333,73.26666666666667,149.66666666666666,,1541.3333333333333,1558.6666666666667,1734.6666666666667,1712.4,48.4,39.3,47.2,55.333333333333336,1,spearhead,0.057180787536305136
101304,7789,http://live.fanfooty.com.au/game/matchcentre.html?id=7789,R22,2021,298450.0,Connor,Blakely,FR,2.0,27.0,15,34.0,23.0,28.0,4.0,2.0,3.0,0.0,0.0,1.0,0.0,0.0,1.0,Full Time,injured,Subbed off at HT with a hamstring injury... %P and %M plus %s,subbed,Starting at half forward,,,,,Midfielder,19.0,0.0,0.0,0.0,0.0,0.0,0.0,,,,2.0,1.0,0.0,50.0,29.0,70.0,1.0,True,1627,1656,23.0,7789_FR,100.0,0,70.0,0,7.0,4.266666666666667,5.333333333333333,6.0,4.333333333333333,2.3333333333333335,1.0,1.2666666666666666,0.0,0.0,1.3333333333333333,0.7333333333333333,0.3333333333333333,0.4,0.0,0.06666666666666667,0.3333333333333333,0.13333333333333333,0.0,0.0,0.0,0.0,0.0,0.0,5.0,4.2,1.6666666666666667,1.3333333333333333,0.3333333333333333,1.0,76.33333333333333,73.53333333333333,49.333333333333336,42.4,139.0,103.46666666666667,1611.3333333333333,1614.6666666666667,1681.6666666666667,1671.2,48.05,39.8,42.0,63.0,1,injured,0.047565849721258026
101317,7789,http://live.fanfooty.com.au/game/matchcentre.html?id=7789,R22,2021,281080.0,Brad,Sheppard,WC,13.0,71.0,68,48.0,58.0,75.0,11.0,5.0,8.0,1.0,0.0,0.0,0.0,0.0,0.0,Full Time,job,%M and %D... Playing tall defender on Treacy,,,,,,,Back,5.0,0.0,0.0,0.0,0.0,0.0,0.0,,,,2.0,0.0,0.0,93.0,89.0,82.0,1.0,False,1656,1627,23.0,7789_WC,100.0,0,70.0,0,9.333333333333334,11.466666666666667,7.0,6.933333333333334,5.333333333333333,6.533333333333333,1.6666666666666667,1.7333333333333334,0.0,0.0,0.3333333333333333,0.7333333333333333,0.0,0.2,0.0,0.0,0.0,0.0,0.0,0.0,0.0,0.0,0.0,0.0,3.3333333333333335,4.866666666666666,0.3333333333333333,0.3333333333333333,1.0,1.4666666666666666,73.0,78.2,92.66666666666667,92.06666666666666,198.0,240.53333333333333,1556.0,1592.6666666666667,1735.3333333333333,1700.7333333333333,71.55,72.1,67.8,69.0,1,job,0.1134599875240092
101374,7791,http://live.fanfooty.com.au/game/matchcentre.html?id=7791,R23,2021,290198.0,David,Astbury,RI,21.0,94.0,82,123.0,82.0,105.0,12.0,8.0,13.0,2.0,0.0,1.0,2.0,0.0,0.0,Full Time,job,%O and %M plus %T... On the resting ruck mainly McEvoy,,,0.0,,0.0,,Back,12.0,0.0,0.0,0.0,0.0,0.0,0.0,0.0,,,5.0,0.0,3.0,95.0,98.0,144.0,0.0,False,1758,1536,24.0,7791_RI,98.0,0,69.0,1,10.333333333333334,8.133333333333333,6.333333333333333,5.666666666666667,10.0,5.533333333333333,2.0,1.2666666666666666,0.0,0.8,0.3333333333333333,0.6666666666666666,1.0,0.6,0.0,0.0,0.0,0.0,0.0,0.0,0.0,0.0,0.0,0.0,3.0,3.933333333333333,0.0,0.4,2.0,1.7333333333333334,90.0,81.53333333333333,95.66666666666667,91.2,214.0,175.73333333333332,1615.6666666666667,1553.8666666666666,1682.6666666666667,1738.1333333333334,59.7,62.1,75.2,72.0,1,job,0.08025992736684867
101411,7791,http://live.fanfooty.com.au/game/matchcentre.html?id=7791,R23,2021,210012.0,Shaun,Burgoyne,HW,8.0,62.0,64,32.0,51.0,72.0,11.0,10.0,3.0,0.0,0.0,0.0,0.0,0.0,0.0,Full Time,guard,%M and %O... Primarily responsible for Bolton,,,0.0,,0.0,,Back,9.0,0.0,0.0,0.0,0.0,0.0,0.0,0.0,,,5.0,0.0,3.0,76.0,78.0,372.0,0.0,False,1536,1758,24.0,7791_HW,98.0,0,69.0,0,11.333333333333334,8.533333333333333,6.666666666666667,5.066666666666666,6.0,3.066666666666667,1.3333333333333333,1.9333333333333333,0.0,0.0,0.3333333333333333,0.26666666666666666,0.3333333333333333,0.3333333333333333,0.3333333333333333,0.06666666666666667,0.0,0.06666666666666667,0.0,0.0,0.0,0.0,0.0,0.0,3.6666666666666665,3.1333333333333333,0.0,0.3333333333333333,1.6666666666666667,1.9333333333333333,90.0,81.86666666666666,80.0,76.33333333333333,284.0,245.46666666666667,1783.6666666666667,1654.4,1513.3333333333333,1643.0,59.75,55.2,68.0,75.66666666666667,1,guard,0.08558336415842127
101414,7791,http://live.fanfooty.com.au/game/matchcentre.html?id=7791,R23,2021,1001043.0,Oliver,Hanrahan,HW,9.0,47.0,61,28.0,40.0,51.0,7.0,6.0,2.0,0.0,0.0,2.0,0.0,1.0,0.0,Full Time,pocket,%D and %M plus %s... Has a rotation of opponents in the small forward role,,,0.0,,0.0,,Midfielder,13.0,0.0,0.0,0.0,0.0,0.0,0.0,0.0,,,6.0,0.0,1.0,69.0,69.0,108.0,1.0,False,1536,1758,24.0,7791_HW,98.0,0,69.0,0,6.666666666666667,5.466666666666667,6.333333333333333,5.133333333333334,2.3333333333333335,2.2,1.0,1.1333333333333333,0.0,0.0,1.0,0.6,0.0,0.3333333333333333,0.6666666666666666,0.5333333333333333,0.0,0.6,0.0,0.0,0.0,0.0,0.0,0.0,4.666666666666667,3.8666666666666667,0.3333333333333333,0.06666666666666667,1.3333333333333333,1.6,68.0,60.666666666666664,72.66666666666667,66.53333333333333,167.66666666666666,142.73333333333332,1783.6666666666667,1614.8,1513.3333333333333,1680.6666666666667,42.15,38.9,33.4,53.333333333333336,1,pocket,0.027560785804843602
101442,7792,http://live.fanfooty.com.au/game/matchcentre.html?id=7792,R23,2021,240254.0,Jarrod,Harbrow,GC,15.0,89.0,60,53.0,71.0,94.0,16.0,5.0,8.0,2.0,0.0,1.0,1.0,0.0,1.0,Full Time,injured,Knock to his already-strapped left shoulder in Q4 and subbed off... %D including %K... also %M and %T... and booted %s,subbed,Coming off a HBF,0.0,,0.0,,Back,5.0,0.0,0.0,0.0,0.0,0.0,0.0,0.0,,,3.0,0.0,5.0,61.0,77.0,256.0,1.0,True,1939,1356,24.0,7792_GC,98.0,0,69.0,0,12.0,10.266666666666667,2.6666666666666665,3.1333333333333333,6.333333333333333,4.266666666666667,2.0,1.0666666666666667,0.0,0.0,0.3333333333333333,0.4666666666666667,1.0,0.7333333333333333,0.0,0.0,0.3333333333333333,0.06666666666666667,0.0,0.0,0.0,0.0,0.0,0.0,2.3333333333333335,3.0,0.0,0.26666666666666666,2.6666666666666665,2.2,79.33333333333333,76.2,74.33333333333333,80.93333333333334,205.33333333333334,193.8,1484.6666666666667,1523.2,1808.6666666666667,1756.1333333333334,59.05,55.2,54.0,51.0,1,injured,0.09447385352925289
101448,7792,http://live.fanfooty.com.au/game/matchcentre.html?id=7792,R23,2021,280722.0,Zac,Smith,GC,20.0,66.0,82,69.0,57.0,71.0,3.0,5.0,2.0,5.0,26.0,1.0,2.0,0.0,0.0,Full Time,ruck,%H... also %P and %T... First ruck,,,0.0,,0.0,,Ruck,32.0,0.0,0.0,0.0,0.0,0.0,0.0,0.0,,,3.0,2.0,3.0,75.0,76.0,38.0,1.0,False,1939,1356,24.0,7792_GC,98.0,0,69.0,1,3.3333333333333335,3.466666666666667,4.333333333333333,6.333333333333333,1.3333333333333333,1.4666666666666666,2.3333333333333335,2.6,25.0,22.8,1.6666666666666667,1.3333333333333333,1.0,1.6,0.3333333333333333,0.26666666666666666,0.0,0.0,0.0,0.04133333333333333,0.0,0.05,0.0,0.04733333333333333,6.0,7.266666666666667,3.6666666666666665,3.466666666666667,1.6666666666666667,3.2,85.0,72.73333333333333,77.33333333333333,75.4,53.0,,1531.6666666666667,1545.6,1760.0,1739.6,76.75,72.0,75.2,79.66666666666667,1,ruck,0.2270700026238683
101499,7793,http://live.fanfooty.com.au/game/matchcentre.html?id=7793,R23,2021,281052.0,Mark,Hutchings,WC,3.0,46.0,36,30.0,37.0,51.0,7.0,6.0,3.0,1.0,0.0,0.0,0.0,0.0,0.0,Full Time,in,%l Luke Edwards... %P and %M,tagger,Tagging Zorko,0.0,,0.0,,Midfielder,34.0,0.0,0.0,0.0,0.0,0.0,0.0,0.0,,,3.0,2.0,3.0,76.0,81.0,155.0,0.0,False,1728,1557,24.0,7793_WC,98.0,0,69.0,0,7.666666666666667,7.533333333333333,5.0,4.866666666666666,3.0,3.0,2.6666666666666665,1.7333333333333334,0.0,0.0,0.3333333333333333,0.6666666666666666,0.0,0.13333333333333333,0.0,0.0,0.0,0.2,0.0,0.0,0.0,0.0,0.0,0.0,3.6666666666666665,4.333333333333333,1.6666666666666667,1.1333333333333333,2.3333333333333335,1.7333333333333334,68.0,64.93333333333334,80.0,79.53333333333333,159.0,,1646.6666666666667,1642.1333333333334,1645.0,1631.3333333333333,48.75,41.3,41.2,44.666666666666664,1,in,0.009590186916696143
101501,7793,http://live.fanfooty.com.au/game/matchcentre.html?id=7793,R23,2021,280959.0,Nathan,Vardy,WC,10.0,41.0,46,36.0,38.0,46.0,3.0,3.0,2.0,1.0,7.0,0.0,1.0,2.0,0.0,Full Time,spearhead,%H... also %P and %M... and booted %s... Playing a ruck/forward role on Lester,,,0.0,,0.0,,Ruck,19.0,0.0,0.0,0.0,0.0,0.0,0.0,0.0,,,2.0,0.0,2.0,66.0,62.0,91.0,0.0,False,1728,1557,24.0,7793_WC,98.0,0,69.0,0,1.6666666666666667,1.9333333333333333,2.6666666666666665,3.2,1.6666666666666667,1.4666666666666666,1.0,1.9333333333333333,9.666666666666666,16.933333333333334,0.3333333333333333,0.4666666666666667,1.3333333333333333,0.6666666666666666,0.6666666666666666,0.3333333333333333,0.0,0.0,0.0,0.0,0.0,0.0,0.0,0.0,2.6666666666666665,2.933333333333333,1.0,1.0,2.3333333333333335,1.2666666666666666,82.0,82.4,57.666666666666664,67.0,52.333333333333336,,1613.3333333333333,1627.0666666666666,1673.3333333333333,1652.6,51.4,45.9,43.6,37.0,1,spearhead,0.043028318449068334
101568,7795,http://live.fanfooty.com.au/game/matchcentre.html?id=7795,R23,2021,240060.0,Eddie,Betts,CA,9.0,41.0,56,49.0,37.0,48.0,4.0,5.0,2.0,1.0,0.0,0.0,1.0,2.0,0.0,Full Time,pocket,%s from %D and %M... Starting deep forward,,,0.0,,0.0,,Forward,19.0,0.0,0.0,0.0,0.0,0.0,0.0,0.0,,,4.0,0.0,2.0,77.0,84.0,88.0,0.0,False,1741,1542,24.0,7795_CA,98.0,0,69.0,0,3.3333333333333335,6.466666666666667,4.333333333333333,2.933333333333333,1.6666666666666667,2.2,0.6666666666666666,1.6,0.0,0.0,0.0,0.4666666666666667,0.6666666666666666,0.7333333333333333,1.0,1.6666666666666667,0.0,0.5333333333333333,0.0,0.0,0.0,0.0,0.0,0.0,3.0,4.133333333333334,0.0,0.5333333333333333,2.3333333333333335,2.0,61.0,61.733333333333334,80.33333333333333,78.73333333333333,68.66666666666667,152.33333333333334,1467.0,1566.8666666666666,1819.6666666666667,1726.2,55.9,48.6,42.8,35.333333333333336,1,pocket,0.0482123659412694
101635,7796,http://live.fanfooty.com.au/game/matchcentre.html?id=7796,R23,2021,296371.0,Brett,Bewley,FR,3.0,44.0,40,29.0,38.0,51.0,6.0,8.0,3.0,0.0,0.0,1.0,0.0,0.0,0.0,Full Time,pocket,%O and %M... Playing a forward role,,,0.0,,0.0,,Midfielder,17.0,0.0,0.0,0.0,0.0,0.0,0.0,0.0,,,3.0,0.0,3.0,71.0,80.0,133.0,1.0,False,1838,1428,24.0,7796_FR,98.0,0,69.0,0,6.0,7.333333333333333,4.666666666666667,5.733333333333333,2.6666666666666665,2.8,1.3333333333333333,1.9333333333333333,0.0,0.0,0.6666666666666666,0.6666666666666666,0.3333333333333333,0.26666666666666666,0.0,0.4666666666666667,0.0,0.0,0.0,0.0,0.0,0.0,0.0,0.0,2.6666666666666665,3.8,0.3333333333333333,0.8666666666666667,2.0,1.2666666666666666,71.33333333333333,74.93333333333334,47.666666666666664,74.33333333333333,126.0,194.2,1511.0,1613.3333333333333,1770.0,1661.1333333333334,63.55,55.6,44.6,32.0,1,pocket,0.06518026368990322
101659,7797,http://live.fanfooty.com.au/game/matchcentre.html?id=7797,R23,2021,998109.0,Dylan,Clarke,ES,9.0,57.0,55,71.0,47.0,63.0,6.0,9.0,4.0,2.0,0.0,1.0,0.0,0.0,0.0,Full Time,pocket,%P and %M plus %T... Has a number of opponents including Noble,,,0.0,,0.0,,Midfielder,37.0,0.0,0.0,0.0,0.0,0.0,0.0,0.0,,,3.0,1.0,2.0,86.0,79.0,102.0,0.0,False,1485,1820,24.0,7797_ES,98.0,0,69.0,0,6.666666666666667,4.933333333333334,9.666666666666666,7.866666666666666,4.333333333333333,2.533333333333333,2.6666666666666665,2.933333333333333,0.0,0.0,1.0,0.8666666666666667,1.0,1.0666666666666667,0.3333333333333333,0.4,0.0,0.06666666666666667,0.0,0.0,0.0,0.0,0.0,0.0,5.333333333333333,5.333333333333333,2.3333333333333335,1.5333333333333334,2.6666666666666665,2.066666666666667,81.33333333333333,75.6,82.0,78.13333333333334,153.33333333333334,,1779.6666666666667,1575.4,1522.3333333333333,1705.8,63.0,65.6,60.8,59.0,1,pocket,0.07862406659724819
101670,7797,http://live.fanfooty.com.au/game/matchcentre.html?id=7797,R23,2021,280416.0,Chris,Mayne,CO,10.0,76.0,110,69.0,66.0,93.0,6.0,17.0,5.0,3.0,0.0,0.0,1.0,0.0,0.0,Full Time,wing,Final game for the Pie... %D including %B... also %M and %T... Starting on a wing,,,0.0,,0.0,,Forward,16.0,0.0,0.0,0.0,0.0,0.0,0.0,0.0,,,10.0,0.0,1.0,100.0,96.0,134.0,0.0,False,1820,1485,24.0,7797_CO,98.0,1,69.0,1,9.666666666666666,13.866666666666667,14.333333333333334,10.666666666666666,6.0,7.8,2.6666666666666665,2.4,0.0,0.0,0.3333333333333333,0.7333333333333333,0.3333333333333333,0.6,0.0,0.0,0.0,0.0,0.0,0.0,0.0,0.0,0.0,0.0,5.333333333333333,4.6,0.3333333333333333,0.4666666666666667,2.3333333333333335,1.8666666666666667,88.66666666666667,90.33333333333333,87.33333333333333,84.26666666666667,178.33333333333334,237.73333333333332,1504.3333333333333,1632.3333333333333,1790.0,1660.6666666666667,88.75,97.3,92.6,82.33333333333333,1,wing,0.2552546996903875
101672,7797,http://live.fanfooty.com.au/game/matchcentre.html?id=7797,R23,2021,290289.0,Josh,Thomas,CO,15.0,73.0,75,55.0,60.0,76.0,9.0,7.0,5.0,2.0,0.0,2.0,0.0,1.0,1.0,Full Time,wing,%D and %M with %T... %s as well... Starting at half forward,,,0.0,,0.0,,Midfielder,24.0,0.0,0.0,0.0,0.0,0.0,0.0,0.0,,,6.0,1.0,1.0,62.0,76.0,202.0,0.0,False,1820,1485,24.0,7797_CO,98.0,0,69.0,1,7.333333333333333,7.866666666666666,7.666666666666667,6.066666666666666,4.333333333333333,3.7333333333333334,1.3333333333333333,2.533333333333333,0.0,0.0,0.6666666666666666,0.8666666666666667,0.0,0.2,1.0,0.6666666666666666,0.6666666666666666,0.4,0.0,0.0,0.0,0.0,0.0,0.0,4.333333333333333,4.933333333333334,0.6666666666666666,0.7333333333333333,1.3333333333333333,1.4,73.33333333333333,63.8,77.66666666666667,71.66666666666667,167.33333333333334,187.0,1504.3333333333333,1644.2666666666667,1790.0,1647.6,59.15,62.4,51.0,63.0,1,wing,0.0674901385852353
101693,7798,http://live.fanfooty.com.au/game/matchcentre.html?id=7798,R23,2021,270938.0,Tom T.,Lynch,AD,20.0,87.0,107,109.0,73.0,99.0,12.0,11.0,6.0,2.0,0.0,0.0,1.0,1.0,0.0,Full Time,wing,%s from %O and %M plus %T... Playing a high HFF role,,,0.0,,0.0,,Forward,27.0,0.0,0.0,0.0,0.0,0.0,0.0,0.0,,,8.0,2.0,2.0,87.0,87.0,168.0,0.0,False,1391,1892,24.0,7798_AD,98.0,1,69.0,1,12.666666666666666,11.2,12.0,7.6,6.333333333333333,5.266666666666667,1.0,1.4,0.0,0.0,0.3333333333333333,1.1333333333333333,1.0,0.7333333333333333,1.0,0.6,0.6666666666666666,0.6666666666666666,0.0,0.0,0.0,0.0,0.0,0.0,8.666666666666666,5.4,1.3333333333333333,0.9333333333333333,3.3333333333333335,2.066666666666667,78.66666666666667,77.6,85.0,77.4,237.66666666666666,246.33333333333334,1677.6666666666667,1615.1333333333334,1615.3333333333333,1666.4666666666667,80.4,78.2,88.0,96.66666666666667,1,wing,0.23074831910005025
101694,7798,http://live.fanfooty.com.au/game/matchcentre.html?id=7798,R23,2021,294733.0,Paul,Seedsman,AD,16.0,83.0,85,103.0,70.0,96.0,11.0,12.0,5.0,2.0,0.0,0.0,1.0,1.0,0.0,Full Time,tagged,Tagged by Turner... %D and %M with %T... %s as well,wing,Starting on a wing,0.0,,0.0,,Midfielder,11.0,0.0,0.0,0.0,0.0,0.0,0.0,0.0,,,5.0,2.0,3.0,78.0,87.0,462.0,0.0,False,1391,1892,24.0,7798_AD,98.0,0,69.0,1,16.0,16.0,14.0,10.533333333333333,3.3333333333333335,5.0,2.3333333333333335,2.466666666666667,0.0,0.0,0.3333333333333333,0.8666666666666667,0.3333333333333333,0.6,0.6666666666666666,0.6,0.3333333333333333,0.4666666666666667,0.0,0.0,0.0,0.0,0.0,0.0,7.666666666666667,6.8,2.6666666666666665,2.2666666666666666,1.6666666666666667,3.6,76.33333333333333,69.4,86.33333333333333,82.0,623.0,583.4666666666667,1677.6666666666667,1549.0,1615.3333333333333,1744.0,97.45,94.6,94.6,109.0,1,tagged,0.633187992464249
101697,7798,http://live.fanfooty.com.au/game/matchcentre.html?id=7798,R23,2021,250362.0,David,Mackay,AD,15.0,80.0,92,101.0,63.0,84.0,13.0,6.0,4.0,2.0,0.0,0.0,0.0,1.0,3.0,Full Time,spud,%D and %M with %T... %s as well,wing,Starting at half forward,0.0,,0.0,,Midfielder,14.0,0.0,0.0,0.0,0.0,0.0,0.0,0.0,,,8.0,2.0,2.0,52.0,85.0,424.0,0.0,False,1391,1892,24.0,7798_AD,98.0,0,69.0,1,10.333333333333334,9.0,6.333333333333333,5.8,3.3333333333333335,2.6666666666666665,3.3333333333333335,2.533333333333333,0.0,0.0,0.6666666666666666,1.0666666666666667,0.0,0.3333333333333333,1.0,0.4,1.6666666666666667,0.4,0.0,0.0,0.0,0.0,0.0,0.0,6.0,4.733333333333333,1.0,1.0,2.3333333333333335,1.8,63.0,77.06666666666666,88.0,77.13333333333334,286.3333333333333,252.86666666666667,1677.6666666666667,1546.2666666666667,1615.3333333333333,1746.0,66.05,61.0,61.6,82.33333333333333,1,spud,0.00022164304262772814
101722,7798,http://live.fanfooty.com.au/game/matchcentre.html?id=7798,R23,2021,290787.0,Shaun,Atley,NM,8.0,52.0,55,46.0,44.0,63.0,4.0,13.0,2.0,2.0,0.0,0.0,0.0,0.0,0.0,Full Time,guard,%O with %b by hand... also %M and %T... Playing a HBF role,,,0.0,,0.0,,Back,18.0,0.0,0.0,0.0,0.0,0.0,0.0,0.0,,,8.0,0.0,2.0,70.0,90.0,125.0,1.0,False,1892,1391,24.0,7798_NM,98.0,0,69.0,0,5.0,8.4,5.333333333333333,7.466666666666667,3.0,5.066666666666666,1.0,1.0,0.0,0.0,0.0,0.3333333333333333,0.0,0.2,0.0,0.06666666666666667,0.0,0.0,0.0,0.0,0.0,0.0,0.0,0.0,3.3333333333333335,2.933333333333333,0.0,0.2,0.6666666666666666,1.4666666666666666,54.0,76.8,59.666666666666664,78.53333333333333,116.33333333333333,196.6,1547.6666666666667,1595.7333333333333,1741.3333333333333,1699.1333333333334,64.45,49.8,44.4,39.666666666666664,1,guard,0.0730364261832272
101820,7802,http://live.fanfooty.com.au/game/matchcentre.html?id=7802,EF,2021,261374.0,Sam J.,Reid,WS,2.0,30.0,17,22.0,22.0,33.0,4.0,5.0,0.0,2.0,0.0,0.0,0.0,0.0,0.0,Full Time,guard,%O and %T... Minding Papley,,,0.0,,0.0,,Forward,50.0,0.0,0.0,0.0,0.0,0.0,0.0,0.0,,,4.0,0.0,4.0,33.0,76.0,98.0,1.0,False,1623,1663,30.0,7802_WS,97.0,0,72.0,0,4.333333333333333,4.266666666666667,3.3333333333333335,4.0,2.3333333333333335,1.5333333333333334,2.6666666666666665,2.466666666666667,0.0,0.0,0.6666666666666666,0.4,0.6666666666666666,1.0666666666666667,0.3333333333333333,0.26666666666666666,0.3333333333333333,0.26666666666666666,0.0,0.0,0.0,0.0,0.0,0.0,4.666666666666667,3.4,0.0,0.13333333333333333,2.3333333333333335,2.2666666666666666,73.33333333333333,73.4,75.66666666666667,80.8,92.33333333333333,111.46666666666667,1684.6666666666667,1666.8666666666666,1611.3333333333333,1626.1333333333334,41.55,42.8,35.8,43.666666666666664,1,guard,0.027271999877193896
101903,7804,http://live.fanfooty.com.au/game/matchcentre.html?id=7804,EF,2021,297438.0,Martin,Gleeson,ES,12.0,64.0,76,39.0,55.0,75.0,11.0,7.0,6.0,1.0,0.0,1.0,2.0,0.0,0.0,Full Time,guard,%M and %O... In defence,,,0.0,,0.0,,Back,8.0,0.0,0.0,0.0,0.0,0.0,0.0,0.0,,,4.0,0.0,3.0,77.0,80.0,233.0,0.0,False,1597,1704,30.0,7804_ES,97.0,0,72.0,1,8.0,6.266666666666667,5.666666666666667,5.666666666666667,5.333333333333333,3.8,3.0,1.7333333333333334,0.0,0.0,0.6666666666666666,0.26666666666666666,0.6666666666666666,0.6666666666666666,0.0,0.0,0.0,0.0,0.0,0.0,0.0,0.0,0.0,0.0,2.6666666666666665,3.066666666666667,0.3333333333333333,0.2,1.0,1.5333333333333334,86.0,85.2,83.0,82.86666666666666,187.66666666666666,148.73333333333332,1756.0,1588.5333333333333,1538.3333333333333,1690.0,61.15,58.6,67.8,76.0,1,guard,0.08012860481423915
101937,7805,http://live.fanfooty.com.au/game/matchcentre.html?id=7805,SF,2021,280762.0,Shane,Mumford,WS,45.0,104.0,98,110.0,84.0,101.0,4.0,6.0,2.0,8.0,35.0,1.0,0.0,1.0,0.0,Full Time,heart,Carried a sore back in the second half... %D and %M with %T... %s as well,ruck,First ruck,0.0,,0.0,,Ruck,41.0,0.0,0.0,0.0,0.0,0.0,0.0,0.0,,,10.0,8.0,5.0,50.0,88.0,93.0,0.0,True,1829,1471,32.0,7805_WS,104.0,0,70.0,1,4.0,2.933333333333333,5.666666666666667,6.866666666666666,1.3333333333333333,1.3333333333333333,5.0,4.666666666666667,33.0,25.066666666666666,2.0,1.8,0.6666666666666666,1.8,0.6666666666666666,0.26666666666666666,0.0,0.0,0.0,0.0,0.0,0.0,0.0,0.0,7.666666666666667,7.133333333333334,6.0,4.4,2.6666666666666665,2.6,76.0,83.0,83.0,78.2,80.0,55.2,1619.0,1683.2,1676.3333333333333,1610.6,90.85,87.2,88.2,98.0,1,heart,0.27864144844767524
101968,7806,http://live.fanfooty.com.au/game/matchcentre.html?id=7806,SF,2021,240302.0,Grant,Birchall,BL,8.0,64.0,62,82.0,50.0,69.0,12.0,6.0,4.0,1.0,0.0,0.0,0.0,0.0,0.0,Full Time,guard,%M and %P... Starting at half back,,,0.0,,0.0,,Back,14.0,0.0,0.0,0.0,0.0,0.0,0.0,0.0,,,1.0,1.0,1.0,88.0,79.0,438.0,1.0,False,1632,1644,32.0,7806_BL,104.0,0,70.0,0,12.666666666666666,13.066666666666666,4.0,5.2,5.333333333333333,6.466666666666667,1.3333333333333333,1.1333333333333333,0.0,0.0,0.3333333333333333,0.2,1.0,0.4,0.0,0.13333333333333333,0.0,0.0,0.0,0.0,0.0,0.0,0.0,0.0,3.3333333333333335,3.066666666666667,1.0,0.4666666666666667,1.6666666666666667,1.7333333333333334,83.66666666666667,82.86666666666666,75.0,77.93333333333334,337.3333333333333,331.26666666666665,1634.3333333333333,1695.9333333333334,1653.6666666666667,1597.9333333333334,72.15,70.2,74.6,69.0,1,guard,0.12690191713684376
102044,7807,http://live.fanfooty.com.au/game/matchcentre.html?id=7807,PF,2021,270326.0,Lachie,Henderson,GE,2.0,30.0,51,22.0,24.0,33.0,4.0,4.0,2.0,1.0,0.0,0.0,0.0,0.0,0.0,Full Time,cactus,%M and %P,job,In defence on McDonald,0.0,,0.0,,Back,25.0,0.0,0.0,0.0,0.0,0.0,0.0,0.0,,,3.0,1.0,1.0,87.0,100.0,160.0,0.0,False,1869,1422,33.0,7807_GE,97.00000000000001,0,67.5,0,6.333333333333333,11.066666666666666,3.0,4.4,3.0,7.066666666666666,1.3333333333333333,1.1333333333333333,0.0,0.0,0.6666666666666666,0.9333333333333333,0.3333333333333333,0.8666666666666667,0.0,0.06666666666666667,0.0,0.06666666666666667,0.0,0.0,0.0,0.0,0.0,0.0,4.666666666666667,4.333333333333333,0.6666666666666666,0.26666666666666666,2.0,2.2,91.66666666666667,81.2,100.0,100.0,213.0,294.1333333333333,1568.0,1735.4,1722.0,1557.4666666666667,78.2,71.6,72.2,61.0,1,cactus,0.0443867359388334
102130,7809,http://live.fanfooty.com.au/game/matchcentre.html?id=7809,GF,2021,281139.0,Easton,Wood,WB,4.0,43.0,36,41.0,35.0,48.0,4.0,5.0,4.0,3.0,0.0,0.0,1.0,0.0,0.0,Full Time,sore,Right wrist knock in Q2... %P and %M plus %T,guard,In defence on Fritsch,0.0,,0.0,,Back,10.0,0.0,0.0,0.0,0.0,0.0,0.0,0.0,,,2.0,0.0,2.0,66.0,83.0,142.0,0.0,True,1682,1617,34.0,7809_WB,103.40000000000003,0,69.0,0,8.333333333333334,7.666666666666667,4.0,4.6,4.333333333333333,4.866666666666666,2.0,1.6,0.0,0.0,0.3333333333333333,0.6666666666666666,0.3333333333333333,0.8,0.0,0.13333333333333333,0.0,0.0,0.0,0.0,0.0,0.0,0.0,0.0,3.6666666666666665,4.133333333333334,0.0,0.06666666666666667,2.6666666666666665,2.1333333333333333,66.33333333333333,79.6,82.66666666666667,81.93333333333334,199.0,172.8,1685.0,1683.6,1600.3333333333333,1607.3333333333333,54.35,52.9,46.4,48.0,1,sore,0.06000498816507685
102204,7902,http://live.fanfooty.com.au/game/matchcentre.html?id=7902,R1,2022,998167.0,Tom,Williamson,CA,0.0,0.0,0,0.0,0.0,0.0,0.0,0.0,0.0,0.0,0.0,0.0,0.0,0.0,0.0,Full Time,sub,Started as a sub,,,152800.0,,146300.0,,Back,31.0,0.0,0.0,0.0,0.0,0.0,0.0,260000.0,,,0.0,0.0,0.0,0.0,0.0,0.0,1.0,False,1445,1826,2.0,7902_CA,83.20000000000005,0,33.0,0,6.0,7.066666666666666,1.6666666666666667,3.466666666666667,2.3333333333333335,3.6,1.0,1.4,0.0,0.0,0.3333333333333333,0.26666666666666666,0.6666666666666666,0.6666666666666666,0.0,0.2,0.0,0.2,0.0,0.0,0.0,0.0,0.0,0.0,2.6666666666666665,2.8666666666666667,0.6666666666666666,0.6666666666666666,3.0,2.1333333333333333,46.0,66.0,53.333333333333336,74.26666666666667,166.33333333333334,206.93333333333334,1584.0,1583.2,1700.3333333333333,1696.2666666666667,50.2,41.8,39.8,27.0,1,sub,0.010839059493035852
102472,7908,http://live.fanfooty.com.au/game/matchcentre.html?id=7908,R1,2022,997206.0,Andrew,McPherson,AD,3.0,40.0,20,51.0,32.0,42.0,6.0,4.0,3.0,1.0,0.0,1.0,0.0,0.0,0.0,Full Time,injured,Left hamstring pull in Q2 and subbed off... %P and %M,subbed,Rotating in defence,152800.0,,123900.0,,Midfielder,36.0,0.0,0.0,0.0,0.0,0.0,0.0,170000.0,,,4.0,0.0,5.0,60.0,24.0,151.0,1.0,True,1601,1703,2.0,7908_AD,83.20000000000005,0,33.0,0,10.333333333333334,10.133333333333333,6.0,5.733333333333333,3.3333333333333335,3.533333333333333,2.3333333333333335,1.6666666666666667,0.0,0.0,0.6666666666666666,0.4666666666666667,0.0,0.3333333333333333,0.0,0.0,0.0,0.0,0.0,0.0,0.0,0.0,0.0,0.0,4.333333333333333,3.533333333333333,0.3333333333333333,0.4,3.0,2.466666666666667,68.0,78.2,65.33333333333333,75.0,266.0,265.0,1741.6666666666667,1600.4666666666667,1552.6666666666667,1689.8,57.25,61.5,64.6,56.333333333333336,1,injured,0.07461248699987288
103211,7924,http://live.fanfooty.com.au/game/matchcentre.html?id=7924,R3,2022,290738.0,Jared,Polec,NM,8.0,41.0,38,28.0,35.0,45.0,6.0,3.0,3.0,1.0,0.0,1.0,1.0,1.0,0.0,Full Time,ghost,%P and %M plus %s,wing,Running on the outside,,,,,Midfielder,13.0,0.0,0.0,0.0,0.0,0.0,0.0,,,,2.0,1.0,3.0,77.0,77.0,113.0,0.0,False,2018,1283,4.0,7924_NM,97.20000000000005,0,71.0,0,11.0,11.8,2.0,5.2,5.333333333333333,3.8,1.6666666666666667,2.2666666666666666,0.0,0.0,0.6666666666666666,1.0,0.3333333333333333,0.9333333333333333,0.3333333333333333,0.2,0.3333333333333333,0.26666666666666666,0.0,0.0,0.0,0.0,0.0,0.0,2.0,5.733333333333333,1.3333333333333333,1.8666666666666667,2.6666666666666665,3.066666666666667,76.66666666666667,70.13333333333334,78.0,80.33333333333333,223.33333333333334,254.06666666666666,1537.0,1508.2,1764.3333333333333,1778.4666666666667,80.65,68.8,54.2,54.0,1,ghost,0.11437326593653707
103801,7937,http://live.fanfooty.com.au/game/matchcentre.html?id=7937,R5,2022,280012.0,Jordan,Roughead,CO,2.0,25.0,24,16.0,21.0,27.0,4.0,2.0,3.0,0.0,0.0,0.0,0.0,0.0,0.0,Full Time,job,%O and %M... In defence on Daniher,,,,,,,Ruck,23.0,0.0,0.0,0.0,0.0,0.0,0.0,,,,2.0,0.0,2.0,50.0,90.0,132.0,0.0,False,1719,1560,6.0,7937_CO,97.0,0,73.0,0,8.0,9.333333333333334,2.6666666666666665,4.0,5.666666666666667,6.6,0.0,1.6,0.0,0.6,0.3333333333333333,0.6,0.0,0.6666666666666666,0.0,0.0,0.0,0.0,0.0,0.0,0.0,0.0,0.0,0.0,3.3333333333333335,4.066666666666666,0.0,0.13333333333333333,1.3333333333333333,1.7333333333333334,70.33333333333333,80.26666666666667,91.66666666666667,96.13333333333334,182.33333333333334,190.53333333333333,1523.0,1647.4666666666667,1765.3333333333333,1644.4,70.95,67.8,58.6,53.666666666666664,1,job,0.1023064452823912
104136,7945,http://live.fanfooty.com.au/game/matchcentre.html?id=7945,R5,2022,996487.0,Tom,Phillips,HW,7.0,39.0,43,52.0,29.0,42.0,4.0,5.0,1.0,4.0,0.0,1.0,1.0,0.0,0.0,Full Time,wing,%D and %T... Running through midfield,,,,,,,Midfielder,21.0,0.0,0.0,0.0,0.0,0.0,0.0,,,,3.0,0.0,3.0,88.0,76.0,66.0,0.0,False,1596,1689,6.0,7945_HW,97.0,0,73.0,0,6.666666666666667,9.666666666666666,5.666666666666667,6.533333333333333,3.6666666666666665,3.7333333333333334,4.333333333333333,2.7333333333333334,0.0,0.0,0.6666666666666666,1.1333333333333333,0.6666666666666666,0.26666666666666666,0.0,0.6666666666666666,0.0,0.2,0.0,0.0,0.0,0.0,0.0,0.0,3.6666666666666665,5.4,0.3333333333333333,1.2666666666666666,2.3333333333333335,2.066666666666667,75.66666666666667,73.2,62.666666666666664,76.46666666666667,146.66666666666666,227.46666666666667,1088.6666666666667,1552.2,1093.6666666666667,1518.7333333333333,62.3,55.4,41.4,25.666666666666668,1,wing,0.07284051371362232
104453,7952,http://live.fanfooty.com.au/game/matchcentre.html?id=7952,R6,2022,1000267.0,Matthew,Parker,RI,1.0,17.0,9,23.0,14.0,21.0,1.0,3.0,1.0,2.0,0.0,0.0,1.0,0.0,0.0,Full Time,sub,On in Q3 for Dow... %O and %T... Started as the sub,,,,,,,Forward,37.0,0.0,0.0,0.0,0.0,0.0,0.0,,,,2.0,0.0,3.0,75.0,34.0,16.0,0.0,False,1841,1462,7.0,7952_RI,101.20000000000005,0,72.0,0,6.0,7.466666666666667,4.0,4.133333333333334,3.3333333333333335,3.2666666666666666,2.0,3.2666666666666666,0.0,0.0,0.3333333333333333,0.6,1.0,0.9333333333333333,0.3333333333333333,0.6,0.6666666666666666,0.6666666666666666,0.0,0.0,0.0,0.0,0.0,0.0,4.0,4.066666666666666,0.6666666666666666,0.8,3.3333333333333335,2.8,58.333333333333336,65.26666666666667,66.0,77.0,198.0,,1541.0,1605.9333333333334,1753.6666666666667,1683.3333333333333,53.85,58.1,51.0,31.666666666666668,1,sub,0.014973007380330172
105084,7966,http://live.fanfooty.com.au/game/matchcentre.html?id=7966,R8,2022,1002583.0,Sydney,Stack,RI,0.0,0.0,0,0.0,0.0,0.0,0.0,0.0,0.0,0.0,0.0,0.0,0.0,0.0,0.0,Full Time,sub,Started as the sub,,,,,,,Forward,44.0,0.0,0.0,0.0,0.0,0.0,0.0,,,,0.0,0.0,0.0,0.0,0.0,0.0,1.0,False,1515,1784,9.0,7966_RI,98.0,0,72.0,0,4.0,5.4,2.6666666666666665,6.733333333333333,2.0,3.3333333333333335,1.6666666666666667,2.533333333333333,0.0,0.0,0.3333333333333333,0.4666666666666667,0.3333333333333333,0.9333333333333333,0.6666666666666666,0.26666666666666666,0.3333333333333333,0.26666666666666666,0.0,0.0,0.0,0.0,0.0,0.0,2.3333333333333335,4.266666666666667,0.3333333333333333,0.5333333333333333,1.6666666666666667,2.6,37.666666666666664,68.46666666666667,52.0,68.8,84.33333333333333,181.26666666666668,1724.3333333333333,1623.8666666666666,1566.6666666666667,1657.8666666666666,57.3,60.9,49.8,29.666666666666668,1,sub,0.01277944742954852
105397,7973,http://live.fanfooty.com.au/game/matchcentre.html?id=7973,R9,2022,1010841.0,Jack,Madgen,CO,1.0,14.0,19,18.0,10.0,15.0,0.0,3.0,0.0,2.0,0.0,0.0,0.0,0.0,0.0,Full Time,injured,Right shoulder dislocation in Q2 and subbed off at HT... %D and %T,subbed,Deep in defence on Khamis,,,,,Back,44.0,0.0,0.0,0.0,0.0,0.0,0.0,,,,0.0,0.0,0.0,100.0,27.0,0.0,1.0,True,1927,1375,10.0,7973_CO,101.0,0,70.0,0,2.6666666666666665,7.266666666666667,3.3333333333333335,7.0,1.6666666666666667,3.8666666666666667,1.6666666666666667,1.4666666666666666,0.0,0.0,0.0,0.6,0.6666666666666666,0.3333333333333333,0.3333333333333333,0.06666666666666667,0.0,0.0,0.0,0.0,0.0,0.0,0.0,0.0,2.0,4.533333333333333,0.0,0.2,0.6666666666666666,0.9333333333333333,96.0,87.8,58.666666666666664,81.53333333333333,75.66666666666667,154.46666666666667,1565.3333333333333,1637.0666666666666,1729.0,1653.7333333333333,65.4,61.0,48.0,42.333333333333336,1,injured,0.06648596775673693
105668,7979,http://live.fanfooty.com.au/game/matchcentre.html?id=7979,R9,2022,281075.0,Rory,Thompson,GC,3.0,25.0,51,36.0,20.0,30.0,3.0,2.0,2.0,3.0,0.0,0.0,2.0,0.0,0.0,Full Time,job,%D and %M with %T... In defence on Treacy,,,,,,,Back,16.0,0.0,0.0,0.0,0.0,0.0,0.0,,,,3.0,0.0,4.0,60.0,94.0,43.0,0.0,False,1604,1684,10.0,7979_GC,101.0,0,70.0,0,3.3333333333333335,5.266666666666667,2.3333333333333335,3.2,2.6666666666666665,2.6,2.6666666666666665,1.7333333333333334,0.0,0.0,0.0,0.3333333333333333,1.0,1.0666666666666667,0.0,0.0,0.3333333333333333,0.06666666666666667,0.2133333333333333,0.23199999999999996,0.14666666666666667,0.18466666666666667,0.53,0.626,2.3333333333333335,3.8,0.0,0.0,2.0,2.066666666666667,57.0,72.2,90.0,92.86666666666666,,,1618.3333333333333,1515.8666666666666,1645.0,1752.0,50.05,49.9,55.8,45.666666666666664,1,job,0.03573272821651394
105825,7982,http://live.fanfooty.com.au/game/matchcentre.html?id=7982,R10,2022,1002291.0,James,Bell,SY,2.0,38.0,22,25.0,30.0,40.0,6.0,3.0,3.0,1.0,0.0,0.0,0.0,0.0,1.0,Full Time,wing,%D and %M plus %s... Starting forward,,,,,,,Midfielder,32.0,0.0,0.0,0.0,0.0,0.0,0.0,,,,3.0,0.0,3.0,44.0,62.0,153.0,1.0,False,1831,1428,11.0,7982_SY,97.0,0,72.0,0,4.666666666666667,4.4,2.3333333333333335,2.933333333333333,2.0,2.466666666666667,2.0,2.066666666666667,0.0,0.0,1.0,0.6666666666666666,0.0,0.3333333333333333,0.3333333333333333,0.4,0.6666666666666666,0.3333333333333333,0.0,0.0,0.0,0.0,0.0,0.0,3.0,2.8666666666666667,0.0,0.26666666666666666,1.6666666666666667,1.4,51.333333333333336,58.86666666666667,51.333333333333336,59.266666666666666,101.33333333333333,100.93333333333334,1644.0,1729.0,1631.3333333333333,1560.2666666666667,34.45,34.2,35.6,28.333333333333332,1,wing,0.016168296949927143
106318,7993,http://live.fanfooty.com.au/game/matchcentre.html?id=7993,R11,2022,293193.0,Luke,Brown,AD,4.0,46.0,53,37.0,39.0,51.0,5.0,7.0,4.0,1.0,0.0,1.0,0.0,0.0,0.0,Full Time,guard,%M and %D... Playing small defender,,,,,,,Back,16.0,0.0,0.0,0.0,0.0,0.0,0.0,,,,7.0,2.0,1.0,91.0,81.0,106.0,0.0,False,1736,1537,12.0,7993_AD,100.20000000000005,0,72.0,0,6.0,8.333333333333334,5.0,4.8,4.0,3.4,1.0,1.8,0.0,0.0,1.3333333333333333,1.3333333333333333,0.3333333333333333,0.4,0.0,0.0,0.0,0.0,0.0,0.0,0.0,0.0,0.0,0.0,4.666666666666667,4.466666666666667,1.0,0.4666666666666667,1.0,1.5333333333333334,87.0,84.2,86.0,84.0,112.33333333333333,212.26666666666668,1590.3333333333333,1577.5333333333333,1700.3333333333333,1715.6666666666667,60.4,54.0,54.0,45.333333333333336,1,guard,0.06795484246325631
106587,7999,http://live.fanfooty.com.au/game/matchcentre.html?id=7999,R11,2022,291771.0,Devon,Smith,ES,2.0,37.0,41,32.0,27.0,38.0,4.0,4.0,1.0,3.0,0.0,0.0,0.0,0.0,2.0,Full Time,pocket,%s from %O and %T... Starting forward,,,,,,,Forward,5.0,0.0,0.0,0.0,0.0,0.0,0.0,,,,4.0,0.0,0.0,37.0,72.0,99.0,1.0,False,1665,1623,12.0,7999_ES,100.20000000000005,0,72.0,0,5.0,7.533333333333333,4.666666666666667,5.6,1.3333333333333333,2.2666666666666666,3.0,3.066666666666667,0.0,0.0,0.0,0.6,1.0,1.0,0.0,0.8,1.0,1.2666666666666666,0.0,0.0,0.0,0.0,0.0,0.0,3.6666666666666665,4.466666666666667,0.6666666666666666,0.7333333333333333,2.3333333333333335,2.066666666666667,50.333333333333336,63.333333333333336,78.33333333333333,78.13333333333334,97.0,190.4,1623.3333333333333,1663.0,1671.6666666666667,1633.4666666666667,59.55,69.1,64.6,46.333333333333336,1,pocket,0.05805573652537964
106614,8000,http://live.fanfooty.com.au/game/matchcentre.html?id=8000,R12,2022,291545.0,Mitch,Wallis,WB,0.0,0.0,0,0.0,0.0,0.0,0.0,0.0,0.0,0.0,0.0,0.0,0.0,0.0,0.0,Full Time,sub,Started as the sub,,,,,,,Midfielder,3.0,0.0,0.0,0.0,0.0,0.0,0.0,,,,0.0,0.0,0.0,0.0,0.0,0.0,1.0,False,1690,1576,13.0,8000_WB,98.0,0,71.0,0,4.666666666666667,4.466666666666667,1.3333333333333333,4.0,2.6666666666666665,2.533333333333333,2.0,1.2,0.0,0.0,0.3333333333333333,0.9333333333333333,0.3333333333333333,0.3333333333333333,1.0,0.8666666666666667,0.6666666666666666,0.8,0.0,0.0,0.0,0.0,0.0,0.0,1.0,4.0,0.0,0.3333333333333333,1.3333333333333333,1.4666666666666666,46.0,66.46666666666667,37.0,61.13333333333333,105.0,102.4,1750.6666666666667,1714.0666666666666,1525.3333333333333,1570.0,52.7,39.7,33.6,33.666666666666664,1,sub,0.010784315688755725
106771,8003,http://live.fanfooty.com.au/game/matchcentre.html?id=8003,R12,2022,1004880.0,Ben,Ronke,SY,0.0,12.0,19,10.0,11.0,15.0,1.0,3.0,1.0,0.0,0.0,0.0,0.0,0.0,0.0,Full Time,sub,On in Q1 for O'Riordan... %D... Started as the sub,,,,,,,Midfielder,25.0,0.0,0.0,0.0,0.0,0.0,0.0,,,,2.0,0.0,0.0,100.0,46.0,5.0,1.0,False,1614,1682,13.0,8003_SY,98.0,0,71.0,0,4.333333333333333,6.8,3.6666666666666665,4.0,1.6666666666666667,2.933333333333333,1.6666666666666667,2.4,0.0,0.0,1.0,0.6,0.0,0.3333333333333333,0.0,0.6666666666666666,0.3333333333333333,0.6666666666666666,0.0,0.0,0.0,0.0,0.0,0.0,5.333333333333333,4.4,0.0,0.26666666666666666,0.6666666666666666,1.6666666666666667,75.0,67.86666666666666,61.333333333333336,67.6,74.33333333333333,,1610.0,1649.2666666666667,1657.3333333333333,1623.5333333333333,52.6,54.7,56.8,38.333333333333336,1,sub,0.011974841042330039
106839,8005,http://live.fanfooty.com.au/game/matchcentre.html?id=8005,R12,2022,1002353.0,Mitch,Crowden,FR,0.0,0.0,0,0.0,0.0,0.0,0.0,0.0,0.0,0.0,0.0,0.0,0.0,0.0,0.0,Full Time,sub,Started as the sub,,,,,,,Midfielder,12.0,0.0,0.0,0.0,0.0,0.0,0.0,,,,0.0,0.0,0.0,0.0,0.0,0.0,1.0,False,1560,1721,13.0,8005_FR,98.0,0,71.0,0,5.0,4.133333333333334,7.333333333333333,5.733333333333333,0.6666666666666666,2.0,1.3333333333333333,1.6666666666666667,0.0,0.0,0.0,0.4666666666666667,0.3333333333333333,0.26666666666666666,0.3333333333333333,0.3333333333333333,0.6666666666666666,0.3333333333333333,0.0,0.0,0.0,0.0,0.0,0.0,6.0,3.8,1.6666666666666667,0.7333333333333333,0.6666666666666666,0.7333333333333333,48.0,68.46666666666667,52.666666666666664,63.13333333333333,163.33333333333334,115.0,1601.6666666666667,1575.1333333333334,1675.0,1710.7333333333333,43.25,40.9,47.0,53.333333333333336,1,sub,0.008774170149556226
106903,8006,http://live.fanfooty.com.au/game/matchcentre.html?id=8006,R13,2022,296035.0,Trent,Dumont,PA,6.0,38.0,36,28.0,32.0,48.0,4.0,11.0,0.0,1.0,0.0,0.0,0.0,0.0,0.0,Full Time,injured,Right calf problem in Q3 and subbed off... %O with %b by hand,subbed,On a wing on McIntosh,,,,,Midfielder,43.0,0.0,0.0,0.0,0.0,0.0,0.0,,,,4.0,2.0,3.0,60.0,57.0,114.0,1.0,True,1676,1616,14.0,8006_PA,99.0,0,70.0,0,9.333333333333334,9.933333333333334,8.333333333333334,6.933333333333334,4.0,4.533333333333333,1.6666666666666667,1.7333333333333334,0.0,0.0,0.0,0.2,0.0,0.4,0.3333333333333333,0.13333333333333333,0.6666666666666666,0.13333333333333333,0.0,0.0,0.0,0.0,0.0,0.0,4.0,3.7333333333333334,1.3333333333333333,1.2666666666666666,1.6666666666666667,2.066666666666667,63.0,72.33333333333333,73.66666666666667,76.0,237.0,236.93333333333334,1622.3333333333333,1640.8,1670.6666666666667,1648.0,65.05,60.2,69.8,63.666666666666664,1,injured,0.10738241678334919
106921,8007,http://live.fanfooty.com.au/game/matchcentre.html?id=8007,R13,2022,297406.0,Tom,Cutler,ES,9.0,59.0,43,79.0,49.0,66.0,10.0,4.0,6.0,2.0,0.0,1.0,2.0,0.0,0.0,Full Time,in,%l Andrew McGrath... %P with %k by foot... also %M and %T,wing,Playing an outside game,,,,,Midfielder,12.0,0.0,0.0,0.0,0.0,0.0,0.0,,,,2.0,0.0,4.0,78.0,80.0,309.0,0.0,False,1765,1527,14.0,8007_ES,99.0,0,70.0,0,12.0,12.066666666666666,4.666666666666667,5.6,4.666666666666667,5.533333333333333,1.6666666666666667,1.1333333333333333,0.0,0.0,0.3333333333333333,0.3333333333333333,1.3333333333333333,0.6666666666666666,0.0,0.4,0.0,0.4,0.0,0.0,0.0,0.0,0.0,0.0,4.333333333333333,4.4,0.3333333333333333,0.4666666666666667,3.0,2.1333333333333333,68.33333333333333,76.0,81.66666666666667,85.0,383.0,382.53333333333336,1482.6666666666667,1601.7333333333333,1812.3333333333333,1695.3333333333333,67.5,73.1,70.4,62.0,1,in,0.02886017527286436
106929,8007,http://live.fanfooty.com.au/game/matchcentre.html?id=8007,R13,2022,298445.0,Alec,Waterman,ES,1.0,16.0,17,20.0,12.0,18.0,0.0,4.0,0.0,2.0,0.0,0.0,0.0,0.0,0.0,Full Time,sub,On in Q3 for Parish... %O and %T... Started as the sub,,,,,,,Midfielder,45.0,0.0,0.0,0.0,0.0,0.0,0.0,,,,4.0,0.0,1.0,75.0,21.0,-6.0,0.0,False,1765,1527,14.0,8007_ES,99.0,0,70.0,0,3.6666666666666665,5.0,3.6666666666666665,4.266666666666667,2.3333333333333335,2.933333333333333,2.3333333333333335,1.8666666666666667,0.0,0.0,0.0,0.2,1.6666666666666667,0.6666666666666666,0.6666666666666666,1.2,0.6666666666666666,0.5333333333333333,0.0,0.0,0.0,0.0,0.0,0.0,4.333333333333333,4.533333333333333,0.0,0.13333333333333333,2.6666666666666665,2.2,69.0,67.06666666666666,59.666666666666664,68.26666666666667,113.0,134.4,1561.0,1649.8666666666666,1732.0,1645.8,49.55,50.0,45.6,38.0,1,sub,0.010357335265796118
106996,8008,http://live.fanfooty.com.au/game/matchcentre.html?id=8008,R13,2022,290228.0,Kyle,Hartigan,HW,2.0,21.0,27,11.0,20.0,30.0,5.0,1.0,3.0,1.0,0.0,0.0,3.0,0.0,0.0,Full Time,job,%O with %k by foot... also %M... conceded %F... In defence on Lobb,,,,,,,Back,28.0,0.0,0.0,0.0,0.0,0.0,0.0,,,,4.0,0.0,5.0,66.0,96.0,130.0,0.0,False,1909,1388,14.0,8008_HW,99.0,0,70.0,0,2.6666666666666665,4.733333333333333,1.6666666666666667,3.8666666666666667,1.6666666666666667,3.0,0.6666666666666666,0.8666666666666667,0.0,0.0,0.3333333333333333,0.7333333333333333,1.0,1.4666666666666666,0.0,0.0,0.0,0.0,0.0,0.0,0.0,0.0,0.0,0.0,3.0,3.8,0.0,0.13333333333333333,2.6666666666666665,2.7333333333333334,50.333333333333336,68.53333333333333,72.0,92.13333333333334,65.66666666666667,98.13333333333334,1508.6666666666667,1629.0666666666666,1782.6666666666667,1664.1333333333334,42.8,38.2,29.8,22.666666666666668,1,job,0.023989673592498675
107037,8009,http://live.fanfooty.com.au/game/matchcentre.html?id=8009,R13,2022,298265.0,Daniel,McKenzie,SK,10.0,39.0,56,35.0,33.0,42.0,4.0,2.0,4.0,2.0,0.0,0.0,1.0,1.0,0.0,Full Time,injured,Hit his head on the ground early in Q3 after flying for a mark and went off for concussion test... failed and did not return... %D and %M with %T... %s as well,wing,Playing an outside game,,,,,Back,36.0,0.0,0.0,0.0,0.0,0.0,0.0,,,,4.0,0.0,1.0,83.0,40.0,104.0,1.0,True,1734,1538,14.0,8009_SK,99.0,0,70.0,0,7.0,9.866666666666667,4.666666666666667,6.4,5.0,5.0,2.6666666666666665,1.7333333333333334,0.0,0.0,0.0,0.5333333333333333,1.0,0.8666666666666667,0.6666666666666666,0.2,0.0,0.2,0.0,0.0,0.0,0.0,0.0,0.0,4.333333333333333,6.2,0.3333333333333333,1.2,2.0,2.533333333333333,85.33333333333333,76.26666666666667,61.0,73.73333333333333,169.0,272.6666666666667,1682.0,1689.9333333333334,1607.6666666666667,1599.8666666666666,71.5,76.0,71.2,62.333333333333336,1,injured,0.11173286681351376
107085,8010,http://live.fanfooty.com.au/game/matchcentre.html?id=8010,R13,2022,271015.0,Matthew,de Boer,WS,8.0,33.0,68,29.0,28.0,36.0,3.0,4.0,1.0,2.0,0.0,2.0,1.0,1.0,0.0,Full Time,wing,%P and %T plus %s... Playing a pressure forward role,,,,,,,Midfielder,24.0,0.0,0.0,0.0,0.0,0.0,0.0,,,,4.0,0.0,1.0,100.0,74.0,74.0,1.0,False,1275,2013,14.0,8010_WS,99.0,0,70.0,0,4.666666666666667,5.066666666666666,6.0,6.2,2.3333333333333335,2.933333333333333,2.0,1.8666666666666667,0.0,0.0,1.0,0.6,0.6666666666666666,0.8,1.0,0.4666666666666667,0.3333333333333333,0.26666666666666666,0.0,0.0,0.0,0.0,0.0,0.0,2.6666666666666665,3.6,0.0,0.3333333333333333,1.6666666666666667,1.6666666666666667,82.66666666666667,66.73333333333333,80.66666666666667,67.46666666666667,103.66666666666667,142.8,1833.3333333333333,1552.4666666666667,1458.3333333333333,1520.6,48.1,40.6,42.0,61.0,1,wing,0.03497922694132939
107263,8014,http://live.fanfooty.com.au/game/matchcentre.html?id=8014,R14,2022,997842.0,Colin,O'Riordan,SY,2.0,32.0,48,18.0,26.0,36.0,6.0,3.0,2.0,1.0,0.0,1.0,1.0,0.0,0.0,Full Time,guard,%M and %P... Rotating in defence,,,,,,,Back,38.0,0.0,0.0,0.0,0.0,0.0,0.0,,,,5.0,1.0,2.0,77.0,77.0,101.0,0.0,False,1824,1477,15.0,8014_SY,100.0,0,72.0,0,7.333333333333333,6.066666666666666,3.3333333333333335,5.4,3.0,3.2666666666666666,0.6666666666666666,1.5333333333333334,0.0,0.0,1.3333333333333333,0.6666666666666666,0.3333333333333333,0.5333333333333333,0.0,0.0,0.0,0.0,0.0,0.0,0.0,0.0,0.0,0.0,4.666666666666667,4.266666666666667,0.3333333333333333,0.26666666666666666,2.0,1.6,76.66666666666667,77.33333333333333,76.66666666666667,73.26666666666667,126.66666666666667,,1578.0,1640.7333333333333,1718.3333333333333,1640.2,57.4,53.2,51.2,52.0,1,guard,0.06294645564009566
107326,8016,http://live.fanfooty.com.au/game/matchcentre.html?id=8016,R14,2022,1002300.0,Jarrod,Brander,WS,14.0,61.0,54,78.0,50.0,63.0,9.0,3.0,6.0,1.0,0.0,0.0,0.0,1.0,0.0,Full Time,sub,On in Q2 for Preuss... %D with %k by foot... also %M... and scored %s... Started as the sub,,,,,,,Back,31.0,0.0,0.0,0.0,0.0,0.0,0.0,,,,4.0,0.0,3.0,75.0,54.0,238.0,1.0,False,1755,1531,15.0,8016_WS,100.0,0,72.0,0,8.666666666666666,9.2,6.333333333333333,4.933333333333334,6.0,4.866666666666666,1.0,1.0666666666666667,0.0,0.0,0.6666666666666666,0.5333333333333333,0.6666666666666666,0.4666666666666667,0.6666666666666666,0.5333333333333333,0.3333333333333333,0.6,0.0,0.0,0.0,0.0,0.0,0.0,4.666666666666667,4.066666666666666,0.6666666666666666,0.7333333333333333,3.0,2.066666666666667,73.0,72.13333333333334,72.0,79.86666666666666,283.0,235.73333333333332,1672.6666666666667,1511.3333333333333,1618.3333333333333,1561.4666666666667,54.35,44.3,44.2,60.333333333333336,1,sub,0.018448843979808078
107649,8023,http://live.fanfooty.com.au/game/matchcentre.html?id=8023,R15,2022,296211.0,Lewis,Taylor,SY,0.0,0.0,0,0.0,0.0,0.0,0.0,0.0,0.0,0.0,0.0,0.0,0.0,0.0,0.0,Full Time,sub,Started as the sub,,,,,,,Forward,28.0,0.0,0.0,0.0,0.0,0.0,0.0,,,,0.0,0.0,0.0,0.0,0.0,0.0,1.0,False,1556,1744,16.0,8023_SY,100.0,0,72.0,0,2.0,6.2,0.0,3.2,1.3333333333333333,2.933333333333333,0.3333333333333333,1.6666666666666667,0.0,0.0,0.0,0.4,0.3333333333333333,0.2,0.0,0.5333333333333333,0.3333333333333333,0.6,0.0,0.0,0.0,0.0,0.0,0.0,1.0,3.2666666666666666,0.0,0.6,0.3333333333333333,1.3333333333333333,27.666666666666668,49.666666666666664,13.333333333333334,58.8,26.666666666666668,,1719.3333333333333,1646.7333333333333,1574.0,1630.8666666666666,54.0,35.9,20.2,10.333333333333334,1,sub,0.0093885761114377
107772,8026,http://live.fanfooty.com.au/game/matchcentre.html?id=8026,R15,2022,280990.0,Steven,Motlop,PA,10.0,70.0,53,93.0,52.0,67.0,8.0,4.0,5.0,5.0,0.0,2.0,0.0,0.0,1.0,Full Time,pocket,%s from %D and %M with %T... Starting forward,,,,,,,Forward,6.0,0.0,0.0,0.0,0.0,0.0,0.0,,,,3.0,0.0,1.0,75.0,76.0,188.0,0.0,False,1504,1781,16.0,8026_PA,100.0,0,72.0,0,5.666666666666667,7.4,3.3333333333333335,4.133333333333334,3.3333333333333335,3.6,3.3333333333333335,2.533333333333333,0.0,0.0,0.6666666666666666,0.6666666666666666,0.6666666666666666,0.8666666666666667,0.3333333333333333,0.8,0.3333333333333333,0.4,0.0,0.0,0.0,0.0,0.0,0.0,2.6666666666666665,3.6666666666666665,0.3333333333333333,0.2,1.6666666666666667,2.0,77.66666666666667,76.73333333333333,77.0,77.13333333333334,123.33333333333333,190.6,1687.3333333333333,1593.2,1601.0,1472.8666666666666,61.1,62.1,54.2,43.333333333333336,1,pocket,0.061700327405824894
107784,8026,http://live.fanfooty.com.au/game/matchcentre.html?id=8026,R15,2022,293603.0,Sam,Mayes,PA,0.0,0.0,0,0.0,0.0,0.0,0.0,0.0,0.0,0.0,0.0,0.0,0.0,0.0,0.0,Full Time,sub,Started as the sub,,,,,,,Back,32.0,0.0,0.0,0.0,0.0,0.0,0.0,,,,0.0,0.0,0.0,0.0,0.0,0.0,1.0,False,1504,1781,16.0,8026_PA,100.0,0,72.0,0,3.0,4.066666666666666,1.3333333333333333,2.933333333333333,1.6666666666666667,1.8,1.0,1.8666666666666667,0.0,0.0,0.3333333333333333,0.4666666666666667,1.0,0.3333333333333333,0.6666666666666666,0.4666666666666667,1.3333333333333333,0.5333333333333333,0.0,0.0,0.0,0.0,0.0,0.0,2.3333333333333335,2.6,0.0,0.4,1.3333333333333333,1.3333333333333333,47.333333333333336,49.8,56.666666666666664,51.53333333333333,84.0,102.93333333333334,1685.6666666666667,1727.0,1603.0,1561.4666666666667,44.9,30.3,17.2,24.0,1,sub,0.006654553067965706
107978,8030,http://live.fanfooty.com.au/game/matchcentre.html?id=8030,R16,2022,290622.0,Mitch W.,Brown,ME,11.0,54.0,48,45.0,46.0,56.0,6.0,1.0,5.0,2.0,2.0,0.0,1.0,2.0,0.0,Full Time,in,%l Luke Jackson... %O including %K... also %M and %T... and scored %s,spearhead,Playing a forward/ruck role on Butts,,,,,Back,38.0,0.0,0.0,0.0,0.0,0.0,0.0,,,,1.0,0.0,2.0,57.0,62.0,190.0,1.0,False,1563,1740,17.0,8030_ME,97.0,0,70.0,0,5.333333333333333,7.466666666666667,2.6666666666666665,3.3333333333333335,3.6666666666666665,5.266666666666667,2.3333333333333335,1.6666666666666667,0.6666666666666666,0.5333333333333333,0.3333333333333333,0.26666666666666666,0.3333333333333333,0.8,0.6666666666666666,0.8,0.0,0.6,0.0,0.0,0.0,0.0,0.0,0.0,1.3333333333333333,2.6,0.0,0.2,1.3333333333333333,1.6,69.66666666666667,71.53333333333333,70.66666666666667,83.13333333333334,129.66666666666666,,1663.3333333333333,1593.8,1634.0,1686.9333333333334,55.35,48.2,57.0,42.666666666666664,1,in,0.011589880105424848
108009,8031,http://live.fanfooty.com.au/game/matchcentre.html?id=8031,R16,2022,260227.0,Shaun,Higgins,GE,2.0,16.0,9,18.0,16.0,21.0,0.0,5.0,2.0,0.0,0.0,0.0,0.0,0.0,0.0,Full Time,sub,On in Q4 for Kolodjashnij... %D with %b by hand... also %M... Started as the sub,,,,,,,Forward,4.0,0.0,0.0,0.0,0.0,0.0,0.0,,,,1.0,0.0,0.0,100.0,20.0,-6.0,0.0,False,1396,1895,17.0,8031_GE,97.0,0,70.0,0,6.666666666666667,7.933333333333334,8.0,9.266666666666667,3.3333333333333335,3.933333333333333,4.0,2.8666666666666667,0.0,0.0,1.0,0.8666666666666667,0.3333333333333333,0.7333333333333333,0.0,0.2,0.0,0.3333333333333333,0.0,0.0,0.0,0.0,0.0,0.0,3.3333333333333335,4.466666666666667,1.3333333333333333,1.5333333333333334,1.6666666666666667,2.466666666666667,86.33333333333333,74.6,58.333333333333336,65.26666666666667,236.0,214.73333333333332,1821.0,1720.2666666666667,1475.6666666666667,1573.2,68.25,55.0,58.8,58.0,1,sub,0.02577399133940585
108099,8033,http://live.fanfooty.com.au/game/matchcentre.html?id=8033,R16,2022,290032.0,Kane,Lambert,RI,0.0,11.0,10,14.0,8.0,12.0,1.0,2.0,0.0,1.0,0.0,0.0,0.0,0.0,0.0,Full Time,sub,On in Q3 for Martin... %O... Started as the sub,,,,,,,Forward,23.0,0.0,0.0,0.0,0.0,0.0,0.0,,,,1.0,0.0,0.0,100.0,33.0,36.0,1.0,False,1552,1723,17.0,8033_RI,97.0,0,70.0,0,4.0,8.4,4.666666666666667,7.533333333333333,1.3333333333333333,3.0,1.0,2.6666666666666665,0.0,0.0,0.0,0.4666666666666667,0.0,0.5333333333333333,0.0,0.3333333333333333,0.3333333333333333,0.2,0.0,0.0,0.0,0.0,0.0,0.0,2.0,4.266666666666667,0.6666666666666666,1.1333333333333333,2.3333333333333335,2.6,52.0,62.666666666666664,39.0,68.4,101.66666666666667,193.26666666666668,1681.3333333333333,1657.0666666666666,1608.3333333333333,1631.8,64.3,48.9,31.8,20.333333333333332,1,sub,0.01726402676846904
108324,8038,http://live.fanfooty.com.au/game/matchcentre.html?id=8038,R17,2022,1008171.0,Tyler,Brown,CO,0.0,0.0,0,0.0,0.0,0.0,0.0,0.0,0.0,0.0,0.0,0.0,0.0,0.0,0.0,Full Time,sub,Started as the sub,,,,,,,Midfielder,6.0,0.0,0.0,0.0,0.0,0.0,0.0,,,,0.0,0.0,0.0,0.0,0.0,0.0,1.0,False,1637,1648,18.0,8038_CO,99.20000000000005,0,72.0,0,1.6666666666666667,3.466666666666667,0.3333333333333333,5.6,0.6666666666666666,0.8,0.0,2.6666666666666665,0.0,0.13333333333333333,0.0,0.26666666666666666,0.3333333333333333,0.8,0.3333333333333333,0.13333333333333333,0.0,0.0,0.0,0.0,0.0,0.0,0.0,0.0,1.0,4.2,0.0,1.4,1.0,2.0,22.0,52.333333333333336,21.333333333333332,52.46666666666667,37.0,79.06666666666666,1652.0,1628.6,1627.6666666666667,1659.7333333333333,41.65,31.6,26.2,13.0,1,sub,0.005007834954550312
108377,8039,http://live.fanfooty.com.au/game/matchcentre.html?id=8039,R17,2022,992786.0,Jake,Aarts,RI,21.0,71.0,72,69.0,53.0,73.0,6.0,7.0,2.0,7.0,0.0,1.0,1.0,1.0,1.0,Full Time,pocket,%s from %P and %M plus %T... Playing defensive forward,,,,,,,Forward,16.0,0.0,0.0,0.0,0.0,0.0,0.0,,,,10.0,3.0,3.0,61.0,83.0,171.0,0.0,False,1661,1636,18.0,8039_RI,99.20000000000005,0,72.0,1,3.6666666666666665,4.8,4.333333333333333,5.266666666666667,1.0,1.8666666666666667,3.6666666666666665,2.933333333333333,0.0,0.0,0.6666666666666666,1.1333333333333333,1.0,1.0,0.3333333333333333,0.3333333333333333,0.3333333333333333,0.5333333333333333,0.0,0.0,0.0,0.0,0.0,0.0,4.666666666666667,4.8,1.3333333333333333,0.7333333333333333,1.6666666666666667,2.3333333333333335,65.33333333333333,68.53333333333333,49.333333333333336,65.93333333333334,114.33333333333333,138.0,1650.6666666666667,1603.5333333333333,1640.3333333333333,1684.2666666666667,51.7,34.9,38.0,38.0,1,pocket,0.03774177228318267
108480,8041,http://live.fanfooty.com.au/game/matchcentre.html?id=8041,R17,2022,280804.0,Phil,Davis,WS,2.0,27.0,46,23.0,24.0,33.0,3.0,4.0,3.0,1.0,0.0,0.0,1.0,0.0,0.0,Full Time,injured,Bad hamstring strain in Q3... %M and %O,subbed,In defence on Dixon,,,,,Back,1.0,0.0,0.0,0.0,0.0,0.0,0.0,,,,2.0,0.0,1.0,85.0,45.0,88.0,1.0,True,1881,1413,18.0,8041_WS,99.20000000000005,0,72.0,0,6.666666666666667,6.2,5.0,4.4,4.333333333333333,4.4,1.3333333333333333,1.6,0.0,0.0,1.3333333333333333,1.0666666666666667,0.3333333333333333,1.2,0.0,0.0,0.0,0.0,0.0,0.0,0.0,0.0,0.0,0.0,4.666666666666667,4.133333333333334,0.0,0.0,1.3333333333333333,2.2,83.0,87.66666666666667,67.33333333333333,72.66666666666667,86.66666666666667,103.46666666666667,1609.6666666666667,1501.0,1686.3333333333333,1574.5333333333333,52.65,53.2,54.0,72.66666666666667,1,injured,0.06611758900423169
108563,8043,http://live.fanfooty.com.au/game/matchcentre.html?id=8043,R17,2022,999309.0,Jackson,Hately,AD,8.0,58.0,32,36.0,46.0,69.0,10.0,8.0,2.0,3.0,0.0,0.0,2.0,0.0,0.0,Full Time,shovel,%O and %M plus %T... Doing jobs in midfield,,,,,,,Midfielder,6.0,0.0,0.0,0.0,0.0,0.0,0.0,,,,3.0,1.0,6.0,55.0,84.0,180.0,0.0,False,1752,1546,18.0,8043_AD,99.20000000000005,0,72.0,0,9.0,8.4,8.333333333333334,9.266666666666667,3.3333333333333335,2.8,3.3333333333333335,4.466666666666667,0.0,0.0,0.3333333333333333,0.9333333333333333,1.0,0.7333333333333333,0.0,0.13333333333333333,0.3333333333333333,0.5333333333333333,0.0,0.0,0.0,0.0,0.0,0.0,4.0,5.266666666666667,1.3333333333333333,1.8,3.0,3.0,70.66666666666667,67.66666666666667,86.33333333333333,73.86666666666666,222.66666666666666,247.13333333333333,1611.0,1580.6666666666667,1683.3333333333333,1709.0,64.5,74.3,67.4,54.0,1,shovel,0.1370135043148173
108661,8045,http://live.fanfooty.com.au/game/matchcentre.html?id=8045,R18,2022,250267.0,Patrick,Ryder,SK,3.0,28.0,26,24.0,26.0,30.0,2.0,2.0,2.0,0.0,12.0,0.0,0.0,0.0,0.0,Full Time,injured,Subbed off in Q3 with a left calf injury... %H... also %P and %M,subbed,First ruck,,,,,Ruck,18.0,0.0,0.0,0.0,0.0,0.0,0.0,,,,2.0,1.0,1.0,75.0,53.0,31.0,1.0,True,1698,1580,19.0,8045_SK,98.20000000000005,0,72.0,0,4.666666666666667,5.666666666666667,2.0,2.066666666666667,1.6666666666666667,2.6666666666666665,2.0,2.4,22.0,22.666666666666668,1.3333333333333333,1.1333333333333333,0.6666666666666666,2.1333333333333333,0.6666666666666666,0.8666666666666667,0.3333333333333333,0.4666666666666667,0.0,0.0,0.0,0.0,0.0,0.0,4.0,5.0,1.3333333333333333,1.8666666666666667,2.0,3.6,56.333333333333336,66.66666666666667,70.66666666666667,71.26666666666667,103.0,110.4,1603.3333333333333,1662.0666666666666,1683.3333333333333,1628.9333333333334,71.75,66.6,60.2,58.666666666666664,1,injured,0.13221608098553236
108954,8052,http://live.fanfooty.com.au/game/matchcentre.html?id=8052,R18,2022,294429.0,Luke,Dunstan,ME,0.0,0.0,0,0.0,0.0,0.0,0.0,0.0,0.0,0.0,0.0,0.0,0.0,0.0,0.0,Full Time,sub,Started as the sub,,,,,,,Midfielder,27.0,0.0,0.0,0.0,0.0,0.0,0.0,,,,0.0,0.0,0.0,0.0,0.0,0.0,1.0,False,1671,1629,19.0,8052_ME,98.20000000000005,0,72.0,0,3.3333333333333335,10.666666666666666,8.0,10.933333333333334,1.0,3.2666666666666666,1.3333333333333333,3.533333333333333,0.0,0.0,0.0,1.0666666666666667,0.6666666666666666,1.2666666666666666,0.0,0.06666666666666667,0.3333333333333333,0.26666666666666666,0.0,0.0,0.0,0.0,0.0,0.0,5.666666666666667,10.0,2.3333333333333335,5.0,2.3333333333333335,3.2666666666666666,48.666666666666664,65.0,39.333333333333336,72.46666666666667,146.0,305.2,1558.0,1658.1333333333334,1725.6666666666667,1630.7333333333333,80.8,66.6,52.0,40.0,1,sub,0.03871347368129325
108999,8053,http://live.fanfooty.com.au/game/matchcentre.html?id=8053,R18,2022,1008190.0,Brayden,Ham,ES,0.0,0.0,0,0.0,0.0,0.0,0.0,0.0,0.0,0.0,0.0,0.0,0.0,0.0,0.0,Full Time,sub,Started as the sub,,,,,,,Midfielder,33.0,0.0,0.0,0.0,0.0,0.0,0.0,,,,0.0,0.0,0.0,0.0,0.0,0.0,1.0,False,1332,1969,19.0,8053_ES,98.20000000000005,0,72.0,0,3.0,4.666666666666667,4.666666666666667,5.0,3.0,2.466666666666667,0.6666666666666666,1.4,0.0,0.0,0.0,0.13333333333333333,0.0,0.6,0.0,0.26666666666666666,0.0,0.4,0.0,0.0,0.0,0.0,0.0,0.0,2.3333333333333335,2.933333333333333,0.3333333333333333,0.3333333333333333,1.0,1.7333333333333334,51.666666666666664,61.2,54.333333333333336,65.8,106.33333333333333,155.6,1834.6666666666667,1645.6,1465.6666666666667,1651.4666666666667,38.7,36.4,30.8,22.666666666666668,1,sub,0.005371165989026043
109448,8063,http://live.fanfooty.com.au/game/matchcentre.html?id=8063,R20,2022,280988.0,Travis,Colyer,FR,3.0,27.0,19,36.0,24.0,31.0,5.0,1.0,4.0,0.0,0.0,0.0,1.0,0.0,1.0,Full Time,wing,Kicked %s from %G and %O... Playing a forward role,,,,,,,Forward,33.0,0.0,0.0,0.0,0.0,0.0,0.0,,,,0.0,0.0,1.0,50.0,76.0,188.0,0.0,False,1688,1615,21.0,8063_FR,96.20000000000005,0,71.0,0,9.0,8.933333333333334,3.0,3.2,4.0,3.933333333333333,0.6666666666666666,1.8666666666666667,0.0,0.0,0.6666666666666666,0.8,0.6666666666666666,0.26666666666666666,0.0,0.4666666666666667,0.6666666666666666,0.4,0.0,0.0,0.0,0.0,0.0,0.0,3.3333333333333335,3.4,1.3333333333333333,0.6,1.0,1.0,71.0,73.86666666666666,76.66666666666667,81.0,269.3333333333333,276.26666666666665,1631.3333333333333,1700.5333333333333,1670.3333333333333,1591.6,60.25,49.7,42.8,47.666666666666664,1,wing,0.06420877486815227
109539,8065,http://live.fanfooty.com.au/game/matchcentre.html?id=8065,R20,2022,260382.0,Josh P.,Kennedy,SY,0.0,0.0,0,0.0,0.0,0.0,0.0,0.0,0.0,0.0,0.0,0.0,0.0,0.0,0.0,Full Time,sub,Started as the sub,,,,,,,Midfielder,12.0,0.0,0.0,0.0,0.0,0.0,0.0,,,,0.0,0.0,0.0,0.0,0.0,0.0,1.0,False,1333,1969,21.0,8065_SY,96.20000000000005,0,71.0,0,4.0,8.333333333333334,4.0,9.533333333333333,1.3333333333333333,3.2666666666666666,1.0,2.6666666666666665,0.0,0.0,0.0,0.3333333333333333,0.3333333333333333,0.7333333333333333,0.3333333333333333,0.2,0.0,0.2,0.0,0.0,0.0,0.0,0.0,0.0,2.6666666666666665,8.0,1.6666666666666667,3.533333333333333,1.3333333333333333,2.2666666666666666,62.666666666666664,69.33333333333333,37.0,63.4,56.666666666666664,197.66666666666666,1767.6666666666667,1596.7333333333333,1517.3333333333333,1465.2,73.8,55.7,52.8,34.0,1,sub,0.026834554382651803
109783,8070,http://live.fanfooty.com.au/game/matchcentre.html?id=8070,R20,2022,298336.0,Nakia,Cockatoo,BL,4.0,39.0,51,26.0,32.0,45.0,7.0,2.0,4.0,2.0,0.0,0.0,2.0,0.0,0.0,Full Time,in,%l Brandon Starcevich... %D including %K... also %M and %T,guard,Rotating at half back,,,,,Forward,12.0,0.0,0.0,0.0,0.0,0.0,0.0,,,,3.0,0.0,2.0,77.0,76.0,199.0,0.0,False,1604,1633,21.0,8070_BL,96.20000000000005,0,71.0,0,9.0,4.466666666666667,2.3333333333333335,3.4,3.3333333333333335,1.8,3.3333333333333335,2.933333333333333,0.0,0.0,0.3333333333333333,0.6666666666666666,0.6666666666666666,0.5333333333333333,0.0,0.4666666666666667,0.3333333333333333,0.2,0.0,0.0,0.0,0.0,0.0,0.0,4.0,3.6,1.0,0.4666666666666667,1.0,1.0,63.333333333333336,64.53333333333333,79.0,63.86666666666667,244.0,123.66666666666667,1611.3333333333333,1578.8,1666.3333333333333,1490.6666666666667,46.25,40.5,43.4,63.0,1,in,0.010390697332126385
109937,8074,http://live.fanfooty.com.au/game/matchcentre.html?id=8074,R21,2022,992644.0,Braydon,Preuss,WS,10.0,60.0,93,74.0,54.0,66.0,8.0,1.0,4.0,1.0,23.0,0.0,2.0,0.0,1.0,Full Time,ruck,%H... also %P and %M... and booted %s... First ruck,,,,,,,Ruck,11.0,0.0,0.0,0.0,0.0,0.0,0.0,,,,5.0,3.0,4.0,44.0,72.0,272.0,0.0,False,1462,1840,22.0,8074_WS,99.0,0,72.0,1,9.666666666666666,7.2,3.0,3.4,4.0,3.4,2.3333333333333335,1.8666666666666667,30.666666666666668,27.733333333333334,1.3333333333333333,1.7333333333333334,2.6666666666666665,1.8666666666666667,0.3333333333333333,0.13333333333333333,1.0,0.6,0.0,0.0,0.0,0.0,0.0,0.0,7.333333333333333,7.333333333333333,3.0,2.4,5.666666666666667,4.0,45.333333333333336,54.733333333333334,74.0,70.06666666666666,294.3333333333333,,1538.3333333333333,1597.3333333333333,1762.6666666666667,1689.8,78.95,91.9,75.8,80.66666666666667,1,ruck,0.31758777630023827
109959,8074,http://live.fanfooty.com.au/game/matchcentre.html?id=8074,R21,2022,294654.0,James,Stewart,ES,10.0,53.0,67,38.0,44.0,53.0,7.0,3.0,4.0,1.0,2.0,2.0,0.0,1.0,0.0,Full Time,spearhead,%s from %O and %M... In attack on Aleer,,,,,,,Forward,17.0,0.0,0.0,0.0,0.0,0.0,0.0,,,,4.0,3.0,3.0,80.0,72.0,138.0,0.0,False,1840,1462,22.0,8074_ES,99.0,0,72.0,0,6.666666666666667,7.533333333333333,3.6666666666666665,4.6,5.0,5.266666666666667,0.6666666666666666,1.0666666666666667,0.6666666666666666,0.13333333333333333,1.0,0.4,1.3333333333333333,1.2666666666666666,1.3333333333333333,0.26666666666666666,0.0,0.0,0.0,0.0,0.0,0.0,0.0,0.0,5.333333333333333,4.666666666666667,1.0,0.26666666666666666,3.3333333333333335,2.6666666666666665,68.66666666666667,76.0,78.33333333333333,86.66666666666667,138.66666666666666,188.86666666666667,1617.6666666666667,1649.8666666666666,1683.0,1648.8,59.45,59.3,57.8,63.0,1,spearhead,0.0696760666956138
110023,8076,http://live.fanfooty.com.au/game/matchcentre.html?id=8076,R21,2022,291526.0,Luke,Dahlhaus,GE,13.0,67.0,58,82.0,54.0,72.0,5.0,13.0,2.0,4.0,0.0,4.0,0.0,0.0,0.0,Full Time,in,%l Patrick Dangerfield... %D with %b by hand... also %T and %M... umps paid him %4FF,wing,Playing a forward role,,,,,Midfielder,40.0,0.0,0.0,0.0,0.0,0.0,0.0,,,,7.0,0.0,0.0,72.0,66.0,63.0,0.0,False,1481,1808,22.0,8076_GE,99.0,0,72.0,0,3.3333333333333335,4.8,8.333333333333334,7.6,1.0,2.4,3.3333333333333335,3.3333333333333335,0.0,0.0,2.3333333333333335,1.1333333333333333,0.0,0.3333333333333333,0.0,0.3333333333333333,0.0,0.5333333333333333,0.0,0.0,0.0,0.0,0.0,0.0,5.666666666666667,5.2,0.3333333333333333,0.8666666666666667,0.6666666666666666,1.4666666666666666,68.0,70.73333333333333,68.33333333333333,65.53333333333333,57.666666666666664,94.4,1744.0,1722.5333333333333,1541.3333333333333,1569.9333333333334,54.2,50.7,47.8,48.333333333333336,1,in,0.010976699188087448
110115,8078,http://live.fanfooty.com.au/game/matchcentre.html?id=8078,R21,2022,291550.0,Josh,Walker,NM,9.0,56.0,54,73.0,49.0,63.0,7.0,5.0,8.0,1.0,0.0,0.0,1.0,0.0,0.0,Full Time,job,%O and %M... Playing key defender on Reid,,,,,,,Forward,19.0,0.0,0.0,0.0,0.0,0.0,0.0,,,,5.0,0.0,4.0,83.0,88.0,264.0,0.0,False,1753,1545,22.0,8078_NM,99.0,0,72.0,0,8.0,7.0,4.666666666666667,4.866666666666666,7.0,5.266666666666667,1.0,1.0,0.0,0.0,1.0,0.9333333333333333,0.3333333333333333,0.7333333333333333,0.0,0.0,0.0,0.06666666666666667,0.0,0.0,0.0,0.0,0.0,0.0,6.666666666666667,5.066666666666666,0.3333333333333333,0.13333333333333333,2.3333333333333335,2.066666666666667,72.66666666666667,81.33333333333333,90.66666666666667,91.4,209.66666666666666,174.2,1499.6666666666667,1458.7333333333333,1790.6666666666667,1835.8666666666666,61.65,65.4,68.2,71.66666666666667,1,job,0.08578854612378913
110169,8079,http://live.fanfooty.com.au/game/matchcentre.html?id=8079,R21,2022,294168.0,Marcus,Adams,BL,1.0,16.0,28,22.0,12.0,15.0,2.0,0.0,2.0,1.0,0.0,0.0,0.0,0.0,0.0,Full Time,injured,Heavy knock in a contest in Q4 and did not return... %M and %O,job,In defence on Charlie Curnow,,,,,Back,24.0,0.0,0.0,0.0,0.0,0.0,0.0,,,,0.0,0.0,0.0,100.0,65.0,21.0,1.0,True,1577,1710,22.0,8079_BL,99.0,0,72.0,0,7.0,9.733333333333333,1.3333333333333333,2.933333333333333,2.6666666666666665,5.6,1.3333333333333333,1.4666666666666666,0.0,0.0,0.6666666666666666,0.8666666666666667,1.0,0.8666666666666667,0.0,0.06666666666666667,0.0,0.0,0.0,0.0,0.0,0.0,0.0,0.0,3.0,4.4,0.3333333333333333,0.2,2.3333333333333335,2.6,76.66666666666667,74.06666666666666,84.66666666666667,94.53333333333333,208.0,268.46666666666664,1684.6666666666667,1684.9333333333334,1576.3333333333333,1598.4,63.85,65.9,61.8,48.0,1,injured,0.07620228699948273
110192,8080,http://live.fanfooty.com.au/game/matchcentre.html?id=8080,R21,2022,240406.0,Josh J.,Kennedy,WC,49.0,120.0,156,141.0,107.0,122.0,11.0,4.0,8.0,1.0,0.0,1.0,0.0,8.0,2.0,Full Time,target,Three long set shot goals in Q1... Booted %s from %G and %P,spearhead,At FF on Butts then got Murray in Q2,,,,,Forward,17.0,0.0,0.0,0.0,0.0,0.0,0.0,,,,6.0,0.0,0.0,73.0,88.0,331.0,0.0,False,1541,1753,22.0,8080_WC,99.0,1,72.0,1,7.333333333333333,6.4,4.333333333333333,2.466666666666667,5.666666666666667,3.8666666666666667,1.6666666666666667,1.4,0.0,0.0,0.6666666666666666,0.7333333333333333,0.0,1.2,4.0,2.466666666666667,0.6666666666666666,0.8666666666666667,0.0,0.0,0.0,0.0,0.0,0.0,5.0,3.533333333333333,0.0,0.0,0.3333333333333333,2.3333333333333335,74.33333333333333,66.6,89.33333333333333,86.33333333333333,183.66666666666666,167.06666666666666,1626.3333333333333,1422.8,1672.0,1648.9333333333334,61.0,65.1,90.0,96.66666666666667,1,target,0.0924894682258214
110302,8082,http://live.fanfooty.com.au/game/matchcentre.html?id=8082,R22,2022,280763.0,Stefan,Martin,WB,3.0,32.0,29,38.0,28.0,35.0,2.0,4.0,2.0,1.0,8.0,0.0,0.0,0.0,0.0,Full Time,ruck,%H... also %P and %M... Tandem ruck with English,,,,,,,Ruck,8.0,0.0,0.0,0.0,0.0,0.0,0.0,,,,4.0,2.0,0.0,83.0,59.0,84.0,1.0,False,1733,1560,23.0,8082_WB,98.0,0,71.0,0,2.6666666666666665,3.466666666666667,7.0,6.8,1.3333333333333333,1.2,1.3333333333333333,2.0,14.666666666666666,16.8,1.6666666666666667,1.2,2.0,1.8666666666666667,0.0,0.06666666666666667,0.0,0.0,0.0,0.0,0.0,0.0,0.0,0.0,6.0,6.866666666666666,2.6666666666666665,2.8,3.3333333333333335,3.466666666666667,83.0,64.2,71.66666666666667,68.66666666666667,56.666666666666664,47.86666666666667,1566.3333333333333,1676.2666666666667,1712.0,1608.6,54.35,56.0,59.0,51.0,1,ruck,0.08719619470165053
110343,8083,http://live.fanfooty.com.au/game/matchcentre.html?id=8083,R22,2022,999316.0,James,Rowe,AD,14.0,58.0,77,69.0,49.0,64.0,9.0,6.0,2.0,0.0,0.0,0.0,0.0,2.0,1.0,Full Time,in,%l Wayne Milera... %s from %P and %M,wing,Playing a half forward role,,,,,Forward,31.0,0.0,0.0,0.0,0.0,0.0,0.0,,,,6.0,0.0,1.0,80.0,72.0,190.0,0.0,False,1535,1733,23.0,8083_AD,98.0,0,71.0,1,4.333333333333333,7.6,3.0,5.933333333333334,0.6666666666666666,3.4,1.0,1.6,0.0,0.0,0.6666666666666666,1.0666666666666667,0.0,0.5333333333333333,0.6666666666666666,0.8,0.3333333333333333,0.7333333333333333,0.0,0.0,0.0,0.0,0.0,0.0,4.0,4.733333333333333,0.3333333333333333,0.8666666666666667,0.3333333333333333,1.8,55.0,67.8,48.333333333333336,68.86666666666666,115.66666666666667,207.33333333333334,1617.6666666666667,1644.7333333333333,1672.0,1644.6666666666667,53.1,59.6,45.6,40.333333333333336,1,in,0.009187576237718119
110363,8083,http://live.fanfooty.com.au/game/matchcentre.html?id=8083,R22,2022,291861.0,Jed,Anderson,NM,9.0,59.0,56,54.0,48.0,66.0,5.0,10.0,4.0,3.0,0.0,0.0,0.0,0.0,0.0,Full Time,injured,Copped a boot to the face in Q3 and looked proppy but played on before being pulled at 3QT with concussion... %O and %M plus %T,shovel,Playing midfield,,,,,Forward,3.0,0.0,0.0,0.0,0.0,0.0,0.0,,,,4.0,1.0,1.0,80.0,47.0,185.0,1.0,True,1733,1535,23.0,8083_NM,98.0,0,71.0,0,9.333333333333334,10.866666666666667,11.333333333333334,11.0,4.666666666666667,3.8,3.0,4.2,0.0,0.0,1.3333333333333333,1.2666666666666666,0.6666666666666666,1.0,0.3333333333333333,0.26666666666666666,0.6666666666666666,0.2,0.0,0.0,0.0,0.0,0.0,0.0,7.666666666666667,8.8,3.3333333333333335,3.6,2.6666666666666665,4.0,66.33333333333333,63.4,63.0,72.53333333333333,289.3333333333333,290.0,1498.6666666666667,1487.4,1789.6666666666667,1802.6,78.6,81.2,71.0,70.66666666666667,1,injured,0.2236936100882228
110491,8086,http://live.fanfooty.com.au/game/matchcentre.html?id=8086,R22,2022,271045.0,Nic,Naitanui,WC,15.0,75.0,100,62.0,61.0,72.0,8.0,1.0,3.0,4.0,24.0,3.0,1.0,0.0,0.0,Full Time,ruck,%H... also %P and %T... helped out by %4FF... First ruck,,,,,,,Ruck,9.0,0.0,0.0,0.0,0.0,0.0,0.0,,,,7.0,7.0,3.0,66.0,66.0,186.0,1.0,False,1714,1580,23.0,8086_WC,98.0,1,71.0,1,4.666666666666667,6.266666666666667,8.333333333333334,8.133333333333333,2.0,1.6,4.0,2.0,29.666666666666668,30.866666666666667,1.6666666666666667,1.2,0.6666666666666666,1.4666666666666666,0.0,0.26666666666666666,0.0,0.13333333333333333,0.0,0.0,0.0,0.0,0.0,0.0,10.0,12.4,6.333333333333333,6.866666666666666,1.6666666666666667,3.066666666666667,68.33333333333333,63.0,70.33333333333333,69.0,129.0,178.13333333333333,1666.0,1490.4,1621.3333333333333,1579.0,109.3,101.3,100.6,105.33333333333333,1,ruck,0.6405422967215332
110529,8087,http://live.fanfooty.com.au/game/matchcentre.html?id=8087,R22,2022,991933.0,Jason,Castagna,RI,6.0,19.0,19,22.0,16.0,21.0,1.0,3.0,0.0,1.0,0.0,0.0,0.0,1.0,0.0,Full Time,sub,On in Q4 for Graham... %O and %s... Started as the sub,,,,,,,Back,11.0,0.0,0.0,0.0,0.0,0.0,0.0,,,,3.0,0.0,0.0,75.0,25.0,19.0,0.0,False,1465,1836,23.0,8087_RI,98.0,0,71.0,0,5.666666666666667,6.666666666666667,3.6666666666666665,5.4,3.0,3.933333333333333,2.0,2.2,0.0,0.0,0.6666666666666666,0.4666666666666667,0.0,0.5333333333333333,0.3333333333333333,0.8,0.6666666666666666,0.6,0.0,0.0,0.0,0.0,0.0,0.0,3.3333333333333335,4.6,0.0,0.06666666666666667,1.0,2.533333333333333,66.0,60.53333333333333,49.666666666666664,73.8,121.0,198.06666666666666,1713.6666666666667,1664.1333333333334,1575.3333333333333,1624.2666666666667,50.55,49.4,40.2,40.333333333333336,1,sub,0.010803521097830667
110590,8088,http://live.fanfooty.com.au/game/matchcentre.html?id=8088,R22,2022,1002770.0,Callum,Brown,CO,3.0,42.0,45,30.0,37.0,51.0,5.0,9.0,3.0,0.0,0.0,0.0,0.0,0.0,0.0,Full Time,sub,On after HT for Ginnivan... %D and %M... Started as the sub,,,,,,,Midfielder,17.0,0.0,0.0,0.0,0.0,0.0,0.0,,,,4.0,0.0,0.0,85.0,46.0,171.0,0.0,False,1886,1361,23.0,8088_CO,98.0,0,71.0,0,3.6666666666666665,4.133333333333334,7.0,7.8,1.3333333333333333,2.066666666666667,1.3333333333333333,3.2,0.0,0.0,1.3333333333333333,0.5333333333333333,0.3333333333333333,0.4666666666666667,0.3333333333333333,0.13333333333333333,0.0,0.2,0.0,0.0,0.0,0.0,0.0,0.0,3.6666666666666665,3.533333333333333,0.3333333333333333,0.8666666666666667,1.6666666666666667,1.7333333333333334,71.33333333333333,77.0,62.666666666666664,62.333333333333336,110.66666666666667,89.86666666666666,1487.6666666666667,1620.4,1790.6666666666667,1667.9333333333334,46.5,45.3,36.8,33.0,1,sub,0.009508275805301636
110773,8092,http://live.fanfooty.com.au/game/matchcentre.html?id=8092,R23,2022,1006087.0,Caleb,Graham,GC,4.0,41.0,62,24.0,34.0,45.0,7.0,4.0,4.0,0.0,0.0,0.0,0.0,0.0,0.0,Full Time,job,%M and %O... In defence on Comben,,,0.0,,0.0,,Back,46.0,0.0,0.0,0.0,0.0,0.0,0.0,0.0,,,2.0,0.0,0.0,90.0,92.0,122.0,0.0,False,1566,1729,24.0,8092_GC,96.0,0,73.0,0,7.666666666666667,6.333333333333333,4.0,2.533333333333333,5.333333333333333,3.466666666666667,1.6666666666666667,0.9333333333333333,0.0,0.13333333333333333,1.3333333333333333,0.8666666666666667,0.0,0.6,0.0,0.06666666666666667,0.0,0.0,0.0,0.0,0.0,0.0,0.0,0.0,3.6666666666666665,3.3333333333333335,0.6666666666666666,0.2,0.3333333333333333,1.7333333333333334,81.33333333333333,81.33333333333333,91.0,90.33333333333333,174.33333333333334,154.53333333333333,1607.6666666666667,1485.5333333333333,1682.3333333333333,1584.4666666666667,53.35,60.4,63.8,69.0,1,job,0.06093906853568589
110804,8093,http://live.fanfooty.com.au/game/matchcentre.html?id=8093,R23,2022,281373.0,Jack,Redden,WC,20.0,98.0,93,65.0,79.0,106.0,15.0,10.0,8.0,2.0,0.0,0.0,0.0,0.0,1.0,Full Time,wing,%D and %M with %T... %s as well... Playing a wing role,,,0.0,,0.0,,Midfielder,8.0,0.0,0.0,0.0,0.0,0.0,0.0,0.0,,,3.0,1.0,2.0,80.0,79.0,263.0,0.0,False,1762,1528,24.0,8093_WC,96.0,0,73.0,1,10.666666666666666,11.533333333333333,9.666666666666666,10.2,5.666666666666667,5.733333333333333,5.333333333333333,6.066666666666666,0.0,0.0,1.3333333333333333,1.2666666666666666,0.6666666666666666,0.4,0.3333333333333333,0.26666666666666666,0.3333333333333333,0.06666666666666667,0.0,0.0,0.0,0.0,0.0,0.0,6.666666666666667,8.4,2.3333333333333335,3.6,2.6666666666666665,1.8,74.66666666666667,76.53333333333333,83.33333333333333,83.0,185.0,214.33333333333334,1620.3333333333333,1547.9333333333334,1672.3333333333333,1744.1333333333334,93.15,95.5,95.4,86.66666666666667,1,wing,0.2886370216196909
110812,8093,http://live.fanfooty.com.au/game/matchcentre.html?id=8093,R23,2022,1004286.0,Zac,Langdon,WC,14.0,68.0,37,62.0,55.0,72.0,7.0,6.0,7.0,4.0,0.0,1.0,1.0,0.0,0.0,Full Time,pocket,%D and %M with %T... Playing a deep forward role,,,0.0,,0.0,,Forward,7.0,0.0,0.0,0.0,0.0,0.0,0.0,0.0,,,1.0,0.0,3.0,84.0,86.0,-13.0,0.0,False,1762,1528,24.0,8093_WC,96.0,0,73.0,0,5.0,5.0,5.666666666666667,6.733333333333333,3.0,3.3333333333333335,4.666666666666667,2.8,0.0,0.0,0.6666666666666666,0.6,0.6666666666666666,0.8666666666666667,0.3333333333333333,0.3333333333333333,0.0,0.26666666666666666,0.0,0.0,0.0,0.0,0.0,0.0,3.0,5.4,0.0,0.2,1.6666666666666667,1.9333333333333333,80.0,74.8,80.66666666666667,81.06666666666666,73.0,116.26666666666667,1620.3333333333333,1451.2666666666667,1672.3333333333333,1622.2666666666667,50.75,50.2,46.2,50.666666666666664,1,pocket,0.04340718044669419
110817,8093,http://live.fanfooty.com.au/game/matchcentre.html?id=8093,R23,2022,298298.0,Jackson,Nelson,WC,9.0,47.0,47,45.0,37.0,54.0,4.0,8.0,2.0,4.0,0.0,0.0,1.0,0.0,0.0,Full Time,shovel,%D and %M with %T... Doing jobs in midfield,,,0.0,,0.0,,Back,30.0,0.0,0.0,0.0,0.0,0.0,0.0,0.0,,,5.0,3.0,2.0,83.0,76.0,51.0,0.0,False,1762,1528,24.0,8093_WC,96.0,0,73.0,0,5.0,8.133333333333333,5.0,5.666666666666667,2.0,3.6,3.0,2.1333333333333333,0.0,0.0,1.0,0.6,1.0,0.7333333333333333,0.0,0.06666666666666667,0.0,0.0,0.0,0.0,0.0,0.0,0.0,0.0,4.666666666666667,4.466666666666667,2.3333333333333335,1.5333333333333334,1.3333333333333333,2.0,74.66666666666667,72.4,81.0,85.4,104.0,176.06666666666666,1558.3333333333333,1398.2,1736.6666666666667,1672.4,49.0,51.6,58.0,48.0,1,shovel,0.055922367690347495
110840,8094,http://live.fanfooty.com.au/game/matchcentre.html?id=8094,R23,2022,270935.0,Michael,Hurley,ES,8.0,31.0,35,38.0,26.0,30.0,5.0,1.0,2.0,0.0,0.0,2.0,0.0,1.0,0.0,Full Time,heart,First AFL game in 2 years... %D with %k by foot... also %M... and scored %s,spearhead,Up forward on Balta,0.0,,0.0,,Back,18.0,0.0,0.0,0.0,0.0,0.0,0.0,0.0,,,2.0,0.0,0.0,83.0,75.0,151.0,0.0,True,1838,1461,24.0,8094_ES,96.0,0,73.0,0,6.666666666666667,10.6,2.0,4.466666666666667,3.6666666666666665,5.866666666666666,0.3333333333333333,0.3333333333333333,0.0,0.0,0.6666666666666666,0.7333333333333333,0.6666666666666666,0.8,0.3333333333333333,0.06666666666666667,0.0,0.0,0.0,0.0,0.0,0.0,0.0,0.0,2.3333333333333335,3.2666666666666666,0.0,0.26666666666666666,1.0,2.2,82.0,82.86666666666666,84.0,91.66666666666667,137.66666666666666,267.2,1441.6666666666667,1563.6,1846.3333333333333,1709.2666666666667,73.4,74.5,55.8,42.666666666666664,1,heart,0.1262491647388173
110876,8095,http://live.fanfooty.com.au/game/matchcentre.html?id=8095,R23,2022,261396.0,Robbie,Gray,PA,15.0,68.0,86,84.0,58.0,71.0,8.0,4.0,6.0,1.0,0.0,0.0,0.0,2.0,2.0,Full Time,gun,%O and %M plus %s,pocket,Starting forward,0.0,,0.0,,Midfielder,9.0,0.0,0.0,0.0,0.0,0.0,0.0,0.0,,,5.0,0.0,2.0,50.0,91.0,116.0,0.0,False,1389,1883,24.0,8095_PA,96.0,0,73.0,1,8.0,6.333333333333333,6.666666666666667,8.466666666666667,3.3333333333333335,3.1333333333333333,2.6666666666666665,2.6,0.0,0.0,0.6666666666666666,0.4666666666666667,1.0,0.7333333333333333,1.0,0.9333333333333333,0.6666666666666666,0.4666666666666667,0.0,0.0,0.0,0.0,0.0,0.0,5.666666666666667,5.933333333333334,1.3333333333333333,1.3333333333333333,3.3333333333333335,2.6666666666666665,66.66666666666667,74.2,80.66666666666667,80.13333333333334,112.66666666666667,142.06666666666666,1732.6666666666667,1727.6666666666667,1548.0,1559.3333333333333,71.75,69.7,73.2,70.0,1,gun,0.19153236154245132
110928,8096,http://live.fanfooty.com.au/game/matchcentre.html?id=8096,R23,2022,261323.0,Ben,McEvoy,HW,16.0,50.0,56,55.0,49.0,54.0,3.0,2.0,2.0,0.0,21.0,1.0,1.0,2.0,0.0,Full Time,ruck,%H... also %P and %M... and scored %s... Tandem ruck with Lynch,,,0.0,,0.0,,Ruck,7.0,0.0,0.0,0.0,0.0,0.0,0.0,0.0,,,3.0,1.0,2.0,100.0,94.0,34.0,0.0,False,1738,1562,24.0,8096_HW,96.0,0,73.0,0,4.333333333333333,5.2,4.333333333333333,6.333333333333333,1.3333333333333333,3.4,4.666666666666667,3.0,27.0,18.466666666666665,2.6666666666666665,1.6,0.3333333333333333,0.5333333333333333,1.3333333333333333,0.6666666666666666,0.0,0.3333333333333333,0.0,0.0,0.0,0.0,0.0,0.0,6.0,6.8,2.0,1.9333333333333333,1.3333333333333333,1.9333333333333333,79.33333333333333,74.06666666666666,86.66666666666667,82.73333333333333,110.66666666666667,94.8,1552.0,1645.4,1747.6666666666667,1649.4666666666667,91.75,89.4,95.2,95.0,1,ruck,0.3595878793962108
110979,8097,http://live.fanfooty.com.au/game/matchcentre.html?id=8097,R23,2022,291773.0,Jack,Newnes,CA,0.0,0.0,0,0.0,0.0,0.0,0.0,0.0,0.0,0.0,0.0,0.0,0.0,0.0,0.0,Full Time,sub,Started as the sub,,,0.0,,0.0,,Midfielder,32.0,0.0,0.0,0.0,0.0,0.0,0.0,0.0,,,0.0,0.0,0.0,0.0,0.0,0.0,1.0,False,1573,1728,24.0,8097_CA,96.0,0,73.0,0,5.333333333333333,9.0,3.0,5.2,1.3333333333333333,4.0,2.0,1.8666666666666667,0.0,0.0,0.3333333333333333,0.3333333333333333,1.6666666666666667,1.0,0.3333333333333333,0.26666666666666666,0.0,0.26666666666666666,0.0,0.0,0.0,0.0,0.0,0.0,3.3333333333333335,3.8,0.3333333333333333,0.7333333333333333,2.0,2.1333333333333333,37.0,63.333333333333336,53.0,68.86666666666666,150.66666666666666,229.26666666666668,1635.3333333333333,1716.0,1661.6666666666667,1574.6,60.75,52.5,29.2,30.333333333333332,1,sub,0.015037428381757163
111004,8098,http://live.fanfooty.com.au/game/matchcentre.html?id=8098,R23,2022,290117.0,Dan,Hannebery,SK,26.0,107.0,109,139.0,79.0,114.0,18.0,12.0,2.0,6.0,0.0,2.0,1.0,0.0,0.0,Full Time,heart,Massive in his last game... %D and %M with %T,wing,Playing outside midfield,0.0,,0.0,,Midfielder,10.0,0.0,0.0,0.0,0.0,0.0,0.0,0.0,,,13.0,7.0,3.0,66.0,70.0,585.0,0.0,True,1606,1669,24.0,8098_SK,96.0,1,73.0,1,11.333333333333334,9.666666666666666,11.333333333333334,10.466666666666667,2.3333333333333335,2.4,2.6666666666666665,2.2,0.0,0.0,1.0,0.6,0.3333333333333333,0.6,0.3333333333333333,0.2,0.0,0.2,0.0,0.0,0.0,0.0,0.0,0.0,9.666666666666666,7.866666666666666,5.0,4.133333333333334,2.3333333333333335,2.6666666666666665,66.33333333333333,66.26666666666667,61.0,66.26666666666667,377.3333333333333,,1654.0,1513.9333333333334,1629.0,1542.6,74.3,65.1,75.2,80.66666666666667,1,heart,0.21663417848712718
111011,8098,http://live.fanfooty.com.au/game/matchcentre.html?id=8098,R23,2022,293987.0,Jarrod,Lienert,SK,14.0,76.0,86,102.0,65.0,87.0,17.0,3.0,9.0,0.0,0.0,1.0,3.0,0.0,0.0,Full Time,guard,%P including %K... also %M... gave away %F... Rotating in defence,,,0.0,,0.0,,Midfielder,31.0,0.0,0.0,0.0,0.0,0.0,0.0,0.0,,,4.0,1.0,4.0,80.0,71.0,456.0,0.0,False,1606,1669,24.0,8098_SK,96.0,0,73.0,1,12.0,10.533333333333333,4.0,4.133333333333334,6.666666666666667,4.6,3.3333333333333335,2.066666666666667,1.3333333333333333,0.4666666666666667,0.6666666666666666,0.4,2.0,1.0,0.0,0.0,0.3333333333333333,0.06666666666666667,0.0,0.0,0.0,0.0,0.0,0.0,3.3333333333333335,3.4,1.0,1.0,3.3333333333333335,2.7333333333333334,75.66666666666667,74.53333333333333,77.0,66.4,327.6666666666667,295.73333333333335,1712.3333333333333,1702.2666666666667,1573.6666666666667,1588.0,63.55,59.1,69.0,74.0,1,guard,0.09508700545034053
111023,8098,http://live.fanfooty.com.au/game/matchcentre.html?id=8098,R23,2022,294570.0,Dean,Kent,SK,6.0,29.0,40,40.0,19.0,27.0,2.0,2.0,1.0,4.0,0.0,0.0,0.0,0.0,0.0,Full Time,sub,On in Q3 for Clark... %O and %T... Started as the sub,,,0.0,,0.0,,Forward,25.0,0.0,0.0,0.0,0.0,0.0,0.0,0.0,,,0.0,0.0,0.0,100.0,38.0,87.0,0.0,False,1606,1669,24.0,8098_SK,96.0,0,73.0,0,4.333333333333333,6.6,4.0,4.2,2.3333333333333335,3.8666666666666667,2.3333333333333335,2.466666666666667,0.0,0.0,0.0,0.3333333333333333,0.6666666666666666,0.8,1.0,0.5333333333333333,0.0,0.4666666666666667,0.0,0.0,0.0,0.0,0.0,0.0,2.0,2.533333333333333,0.0,0.26666666666666666,2.0,2.3333333333333335,92.0,73.2,60.666666666666664,73.4,180.66666666666666,215.73333333333332,1703.0,1653.1333333333334,1577.3333333333333,1629.8666666666666,56.05,53.5,56.8,50.333333333333336,1,sub,0.013503606404095609
111228,8301,http://live.fanfooty.com.au/game/matchcentre.html?id=8301,EF,2022,290311.0,Mitch,Robinson,BL,2.0,26.0,37,33.0,21.0,33.0,5.0,5.0,0.0,1.0,0.0,0.0,1.0,0.0,0.0,Full Time,wing,%D... Starting in midfield,,,0.0,,0.0,,Midfielder,5.0,0.0,0.0,0.0,0.0,0.0,0.0,0.0,,,6.0,1.0,2.0,60.0,61.0,168.0,1.0,False,1573,1676,30.0,8301_BL,98.0,0,71.0,0,6.0,8.8,3.3333333333333335,5.2,2.3333333333333335,2.933333333333333,0.3333333333333333,2.066666666666667,0.0,0.0,0.3333333333333333,0.8,0.3333333333333333,0.6666666666666666,0.6666666666666666,0.6666666666666666,0.0,0.13333333333333333,0.0,0.0,0.0,0.0,0.0,0.0,3.3333333333333335,5.4,1.0,1.6666666666666667,0.6666666666666666,2.933333333333333,78.66666666666667,66.0,40.333333333333336,63.0,200.0,276.6,1639.6666666666667,1558.6,1637.3333333333333,1503.2,59.55,48.8,48.4,38.666666666666664,1,wing,0.06016090140875909
111248,8301,http://live.fanfooty.com.au/game/matchcentre.html?id=8301,EF,2022,270325.0,Robbie,Tarrant,RI,3.0,33.0,53,25.0,26.0,33.0,5.0,1.0,3.0,2.0,0.0,2.0,1.0,0.0,0.0,Full Time,job,%P including %K... also %M and %T... At FB on Daniher,,,0.0,,0.0,,Back,6.0,0.0,0.0,0.0,0.0,0.0,0.0,0.0,,,3.0,0.0,1.0,100.0,91.0,207.0,0.0,False,1676,1573,30.0,8301_RI,98.0,0,71.0,0,4.333333333333333,5.8,3.0,3.933333333333333,2.6666666666666665,4.466666666666667,1.0,1.2,0.0,0.0,1.0,0.6,1.3333333333333333,1.0666666666666667,0.0,0.0,0.0,0.0,0.0,0.0,0.0,0.0,0.0,0.0,2.0,4.133333333333334,0.0,0.06666666666666667,1.6666666666666667,1.8666666666666667,96.66666666666667,83.53333333333333,90.0,91.06666666666666,131.33333333333334,156.0,1749.0,1656.6,1534.0,1627.9333333333334,57.45,58.9,41.8,46.666666666666664,1,job,0.04713407025814343
111251,8301,http://live.fanfooty.com.au/game/matchcentre.html?id=8301,EF,2022,260930.0,Shane,Edwards,RI,1.0,22.0,42,12.0,16.0,21.0,4.0,2.0,0.0,1.0,0.0,2.0,0.0,0.0,0.0,Full Time,sub,On in Q2 for Prestia... %D... Started as the sub,,,0.0,,0.0,,Midfielder,10.0,0.0,0.0,0.0,0.0,0.0,0.0,0.0,,,5.0,2.0,1.0,83.0,44.0,45.0,0.0,False,1676,1573,30.0,8301_RI,98.0,0,71.0,0,7.333333333333333,7.266666666666667,3.0,5.666666666666667,2.3333333333333335,2.533333333333333,1.3333333333333333,1.4,0.0,0.0,0.6666666666666666,0.5333333333333333,0.6666666666666666,0.3333333333333333,1.6666666666666667,0.8666666666666667,0.0,0.4,0.0,0.0,0.0,0.0,0.0,0.0,3.3333333333333335,4.4,0.6666666666666666,0.6666666666666666,1.0,1.2,80.66666666666667,76.26666666666667,64.0,72.66666666666667,211.0,205.4,1749.0,1684.2,1534.0,1601.6,60.05,60.6,61.6,65.33333333333333,1,sub,0.01556293629301831
111379,8304,http://live.fanfooty.com.au/game/matchcentre.html?id=8304,EF,2022,992054.0,Roarke,Smith,WB,10.0,54.0,74,36.0,46.0,60.0,8.0,5.0,4.0,1.0,0.0,1.0,1.0,1.0,0.0,Full Time,wing,%D and %M plus %s... Playing a wing role,,,0.0,,0.0,,Back,37.0,0.0,0.0,0.0,0.0,0.0,0.0,0.0,,,10.0,2.0,3.0,69.0,75.0,169.0,0.0,False,1646,1658,30.0,8304_WB,98.0,0,71.0,1,6.333333333333333,6.066666666666666,4.333333333333333,5.133333333333334,2.3333333333333335,2.6,1.0,2.0,0.0,0.0,1.0,0.6,0.6666666666666666,0.6,1.3333333333333333,0.4666666666666667,0.0,0.2,0.0,0.0,0.0,0.0,0.0,0.0,6.0,5.2,1.3333333333333333,0.8,1.3333333333333333,2.066666666666667,49.0,56.8,49.666666666666664,62.666666666666664,134.66666666666666,145.13333333333333,1652.0,1641.5333333333333,1647.0,1645.4666666666667,49.4,51.6,42.6,58.333333333333336,1,wing,0.03678937676855314
111462,8306,http://live.fanfooty.com.au/game/matchcentre.html?id=8306,SF,2022,240052.0,David,Mundy,FR,15.0,72.0,86,49.0,59.0,81.0,11.0,7.0,4.0,3.0,0.0,1.0,2.0,1.0,0.0,Full Time,shovel,%D and %M with %T... %s as well... Playing central midfield,,,0.0,,0.0,,Midfielder,16.0,0.0,0.0,0.0,0.0,0.0,0.0,0.0,,,8.0,3.0,3.0,88.0,71.0,299.0,0.0,False,1657,1644,32.0,8306_FR,103.4,0,71.0,1,11.0,10.133333333333333,11.666666666666666,12.333333333333334,4.0,3.0,2.0,2.6666666666666665,0.0,0.0,0.3333333333333333,0.6666666666666666,1.6666666666666667,0.8,0.6666666666666666,0.26666666666666666,0.0,0.26666666666666666,0.0,0.0,0.0,0.0,0.0,0.0,9.333333333333334,8.266666666666667,5.0,4.133333333333334,3.3333333333333335,2.8,78.66666666666667,73.53333333333333,70.33333333333333,69.46666666666667,296.3333333333333,288.06666666666666,1665.3333333333333,1696.8,1635.3333333333333,1595.6666666666667,78.65,82.6,83.0,85.0,1,shovel,0.23655690215028863
111521,8307,http://live.fanfooty.com.au/game/matchcentre.html?id=8307,PF,2022,993828.0,Rhys,Mathieson,BL,3.0,37.0,34,29.0,33.0,48.0,4.0,9.0,2.0,1.0,0.0,0.0,1.0,0.0,0.0,Full Time,sub,On in Q3 for Rayner... %O and %M... Started as the sub,,,0.0,,0.0,,Midfielder,36.0,0.0,0.0,0.0,0.0,0.0,0.0,0.0,,,10.0,6.0,1.0,69.0,31.0,114.0,0.0,False,1859,1397,33.0,8307_BL,92.60000000000001,0,71.0,0,7.333333333333333,6.4,9.333333333333334,6.933333333333334,3.3333333333333335,2.4,1.3333333333333333,2.466666666666667,0.0,0.0,0.3333333333333333,1.4,0.3333333333333333,0.8,0.0,0.2,0.0,0.3333333333333333,0.0,0.0,0.0,0.0,0.0,0.0,10.333333333333334,7.2,4.333333333333333,3.8,1.3333333333333333,1.9333333333333333,71.0,56.333333333333336,57.666666666666664,51.93333333333333,185.66666666666666,178.26666666666668,1535.3333333333333,1636.3333333333333,1731.3333333333333,1646.2,56.55,68.7,69.2,59.0,1,sub,0.020559298981415196
111539,8308,http://live.fanfooty.com.au/game/matchcentre.html?id=8308,PF,2022,290188.0,Sam,Reid,SY,9.0,38.0,53,47.0,35.0,43.0,3.0,3.0,4.0,1.0,4.0,0.0,1.0,1.0,0.0,Full Time,injured,Right hamstring soreness in Q2... subbed off at HT... Scored %s from %G and %D,subbed,Up forward on Moore,0.0,,0.0,,Forward,20.0,0.0,0.0,0.0,0.0,0.0,0.0,0.0,,,4.0,1.0,1.0,83.0,33.0,72.0,1.0,True,1577,1716,33.0,8308_SY,92.60000000000001,0,71.0,0,5.333333333333333,6.466666666666667,4.333333333333333,5.133333333333334,4.666666666666667,4.333333333333333,3.0,4.466666666666667,4.0,7.533333333333333,0.0,1.0,1.6666666666666667,1.2666666666666666,1.0,1.1333333333333333,1.0,1.1333333333333333,0.0,0.0,0.0,0.0,0.0,0.0,6.666666666666667,7.0,1.6666666666666667,1.5333333333333334,2.3333333333333335,2.4,76.66666666666667,72.26666666666667,63.333333333333336,78.06666666666666,128.66666666666666,186.0,1652.3333333333333,1715.3333333333333,1637.6666666666667,1575.4,79.85,80.2,72.6,67.0,1,injured,0.18436858612958373
111569,8309,http://live.fanfooty.com.au/game/matchcentre.html?id=8309,GF,2022,250321.0,Joel,Selwood,GE,31.0,113.0,107,143.0,91.0,120.0,14.0,12.0,8.0,4.0,0.0,1.0,0.0,1.0,0.0,Full Time,gun,%O and %M plus %T... %s as well,shovel,Leading the inside mids,0.0,,0.0,,Midfielder,14.0,0.0,0.0,0.0,0.0,0.0,0.0,0.0,,,6.0,0.0,3.0,76.0,66.0,221.0,0.0,False,1320,1964,34.0,8309_GE,107.2,0,67.0,1,11.666666666666666,11.2,9.333333333333334,9.933333333333334,3.6666666666666665,3.466666666666667,4.666666666666667,4.4,0.0,0.0,1.6666666666666667,2.0,0.3333333333333333,1.4666666666666666,0.6666666666666666,0.4,0.0,0.2,0.0,0.0,0.0,0.0,0.0,0.0,9.0,9.2,3.6666666666666665,4.733333333333333,2.3333333333333335,3.533333333333333,71.66666666666667,70.73333333333333,66.66666666666667,71.46666666666667,309.0,271.0,1812.0,1718.0666666666666,1465.3333333333333,1567.6,86.7,84.4,94.6,95.0,1,gun,0.35748336852376905
112669,8424,http://live.fanfooty.com.au/game/matchcentre.html?id=8424,R3,2023,294504.0,Tom,Clurey,PA,1.0,16.0,29,23.0,12.0,18.0,2.0,1.0,1.0,2.0,0.0,0.0,1.0,0.0,0.0,Full Time,job,%O and %T... In defence on Thilthorpe,,,384400.0,0.0,,,Back,17.0,19.0,56.05,0.0,0.0,0.04,0.1,,,,2.0,1.0,1.0,100.0,93.0,30.0,0.0,False,1714,1544,4.0,8424_PA,97.0,0,72.0,0,4.0,7.333333333333333,1.6666666666666667,2.6,3.6666666666666665,5.0,1.0,1.0666666666666667,0.0,0.0,0.3333333333333333,0.26666666666666666,1.0,0.7333333333333333,0.0,0.0,0.0,0.0,0.0,0.0,0.013333333333333334,0.0026666666666666666,0.03333333333333333,0.006666666666666667,2.0,3.1333333333333333,0.3333333333333333,0.06666666666666667,1.3333333333333333,1.6,94.33333333333333,86.53333333333333,94.33333333333333,91.4,90.0,126.6,1652.3333333333333,1740.0666666666666,1627.6666666666667,1549.1333333333334,60.75,51.8,49.0,37.333333333333336,1,job,0.04967647311518883
112891,8429,http://live.fanfooty.com.au/game/matchcentre.html?id=8429,R4,2023,1004894.0,Aiden,Bonar,NM,3.0,28.0,39,36.0,26.0,39.0,2.0,7.0,2.0,2.0,0.0,0.0,2.0,0.0,0.0,Full Time,job,%P including %B... also %M and %T... On Silvagni,,,246600.0,0.0,,,Midfielder,16.0,3.0,62.67,0.0,0.0,0.56,1.42,,,,4.0,0.0,2.0,100.0,88.0,41.0,1.0,False,1750,1543,5.0,8429_NM,97.20000000000005,0,71.0,0,3.6666666666666665,4.733333333333333,9.0,4.866666666666666,3.3333333333333335,2.2,2.0,1.7333333333333334,0.0,0.0,0.3333333333333333,0.26666666666666666,1.0,0.8666666666666667,0.0,0.0,0.0,0.0,0.26,0.052000000000000005,0.37333333333333335,0.07466666666666667,0.9466666666666667,0.18933333333333333,5.0,3.0,0.0,0.3333333333333333,1.6666666666666667,1.8,90.33333333333333,80.2,85.33333333333333,74.46666666666667,80.0,103.0,1608.6666666666667,1568.2,1687.3333333333333,1722.3333333333333,51.4,49.7,58.0,56.666666666666664,1,job,0.047923335886123034
112956,8430,http://live.fanfooty.com.au/game/matchcentre.html?id=8430,R4,2023,294125.0,Nathan,Wilson,FR,3.0,42.0,43,16.0,30.0,39.0,10.0,0.0,2.0,1.0,0.0,2.0,0.0,0.0,0.0,Full Time,guard,%D including %B... also %M... Rotating at half back,,,444200.0,0.0,,,Back,14.0,20.0,71.75,0.0,0.0,0.38,0.2,,,,4.0,1.0,1.0,60.0,82.0,371.0,0.0,False,1784,1500,5.0,8430_FR,97.20000000000005,0,71.0,0,10.0,11.666666666666666,3.3333333333333335,4.533333333333333,4.666666666666667,4.533333333333333,0.6666666666666666,1.0,0.0,0.0,0.6666666666666666,0.7333333333333333,0.0,0.6666666666666666,0.0,0.0,0.0,0.13333333333333333,0.0,0.018000000000000002,0.38,0.10133333333333333,0.2,0.05333333333333334,2.3333333333333335,3.8666666666666667,0.3333333333333333,0.4,1.0,1.8666666666666667,73.33333333333333,81.73333333333333,81.0,80.8,332.3333333333333,381.93333333333334,1601.3333333333333,1577.6,1681.0,1708.5333333333333,68.8,65.3,56.4,49.0,1,guard,0.10786088396576148
113074,8433,http://live.fanfooty.com.au/game/matchcentre.html?id=8433,R4,2023,298312.0,Paddy,McCartin,SY,0.0,4.0,4,6.0,2.0,3.0,0.0,0.0,0.0,1.0,0.0,0.0,0.0,0.0,0.0,Full Time,injured,Concussed after his head hit the ground in a contest with Marshall in Q1,subbed,At FB on Dixon,,,,,Forward,39.0,0.0,0.0,0.0,0.66,0.79,0.87,,,,0.0,0.0,0.0,0.0,3.0,0.0,1.0,True,1579,1685,5.0,8433_SY,97.20000000000005,0,71.0,0,5.333333333333333,8.266666666666667,2.6666666666666665,2.8666666666666667,3.0,4.266666666666667,0.3333333333333333,1.0,0.0,0.0,0.0,1.0,0.3333333333333333,0.4666666666666667,0.0,0.06666666666666667,0.0,0.0,0.66,0.17600000000000002,0.79,0.21066666666666667,0.87,0.232,2.3333333333333335,4.8,0.0,0.2,0.6666666666666666,1.0666666666666667,58.0,76.86666666666666,54.333333333333336,73.26666666666667,119.0,147.26666666666668,1667.3333333333333,1716.9333333333334,1617.6666666666667,1569.6,63.1,53.0,48.2,46.666666666666664,1,injured,0.06939323485045847
113267,8437,http://live.fanfooty.com.au/game/matchcentre.html?id=8437,R5,2023,294624.0,Lachie,Plowman,CA,5.0,55.0,47,37.0,44.0,57.0,9.0,3.0,5.0,2.0,0.0,2.0,1.0,0.0,0.0,Full Time,in,%l Mitch McGovern... %D including %K... also %M and %T,job,In defence on Thilthorpe,302100.0,0.0,,,Back,20.0,13.0,48.38,0.0,0.0,0.07,0.08,,,,4.0,0.0,2.0,75.0,74.0,112.0,0.0,False,1887,1408,6.0,8437_CA,98.20000000000005,0,69.0,0,8.666666666666666,6.4,5.0,5.8,4.333333333333333,3.8,1.0,1.8666666666666667,0.0,0.0,2.0,0.9333333333333333,0.3333333333333333,0.5333333333333333,0.0,0.0,0.0,0.0,0.0,0.0,0.023333333333333334,0.004666666666666667,0.02666666666666667,0.005333333333333333,6.0,4.866666666666666,0.6666666666666666,0.3333333333333333,1.6666666666666667,1.5333333333333334,79.33333333333333,82.2,79.66666666666667,80.8,163.0,141.53333333333333,1625.6666666666667,1712.4,1663.6666666666667,1572.6666666666667,55.65,59.8,54.2,59.666666666666664,1,in,0.01361673665651628
113749,8448,http://live.fanfooty.com.au/game/matchcentre.html?id=8448,R6,2023,291509.0,Adam,Kennedy,WS,0.0,11.0,9,13.0,10.0,12.0,1.0,2.0,1.0,0.0,0.0,1.0,0.0,0.0,0.0,Full Time,injured,On in Q3 for Taylor... right knee injury in Q4 in a clash with Coleman and did not return... %P,sub,Started as the sub,,0.0,,,Back,40.0,6.0,69.83,0.0,0.0,0.04,0.06,,,,1.0,0.0,0.0,100.0,15.0,33.0,1.0,True,1538,1720,7.0,8448_WS,97.20000000000005,0,73.0,0,2.0,7.733333333333333,3.0,4.133333333333334,0.6666666666666666,4.266666666666667,0.3333333333333333,0.8666666666666667,0.0,0.0,0.3333333333333333,0.5333333333333333,0.3333333333333333,0.4666666666666667,0.0,0.0,0.0,0.0,0.0,0.012666666666666666,0.04,0.013333333333333334,0.06,0.02,2.0,2.466666666666667,0.0,0.3333333333333333,0.3333333333333333,1.1333333333333333,83.33333333333333,80.4,48.333333333333336,71.73333333333333,61.666666666666664,193.53333333333333,1652.3333333333333,1639.0,1627.3333333333333,1652.2,55.7,42.3,32.6,18.0,1,injured,0.04172498743676176
114117,8456,http://live.fanfooty.com.au/game/matchcentre.html?id=8456,R7,2023,998129.0,Will,Brodie,FR,8.0,72.0,64,47.0,60.0,84.0,10.0,14.0,3.0,1.0,0.0,1.0,0.0,0.0,0.0,Full Time,shovel,%O and %M... Rotating in midfield,,,,0.0,,,Midfielder,17.0,8.0,68.38,0.0,0.0,0.66,0.85,,,,12.0,5.0,6.0,62.0,73.0,312.0,0.0,False,1706,1590,8.0,8456_FR,100.0,0,71.5,0,8.0,9.933333333333334,14.0,13.733333333333333,1.0,2.4,2.6666666666666665,5.066666666666666,0.0,0.0,0.6666666666666666,1.1333333333333333,0.0,0.8666666666666667,0.0,0.3333333333333333,0.0,0.13333333333333333,0.0,0.03866666666666666,0.66,0.22000000000000003,0.85,0.2833333333333333,10.333333333333334,10.066666666666666,5.666666666666667,5.066666666666666,3.6666666666666665,4.0,63.0,68.86666666666666,62.666666666666664,66.86666666666666,260.6666666666667,271.0,1617.3333333333333,1674.0666666666666,1668.6666666666667,1616.9333333333334,91.95,79.9,71.2,70.33333333333333,1,shovel,0.37055954122564433
114960,8476,http://live.fanfooty.com.au/game/matchcentre.html?id=8476,R9,2023,1009189.0,Jack,Mahony,NM,2.0,32.0,32,40.0,25.0,36.0,3.0,6.0,1.0,2.0,0.0,0.0,0.0,0.0,0.0,Full Time,longterminjured,Probable dislocated shoulder in Q4... %O and %T,pocket,Playing small forward,,,,,Midfielder,1.0,0.0,0.0,0.0,0.12,0.05,0.03,,,,2.0,0.0,1.0,44.0,57.0,35.0,1.0,True,1767,1535,10.0,8476_NM,97.0,0,70.0,0,6.0,6.4,5.0,4.666666666666667,3.6666666666666665,3.2666666666666666,1.6666666666666667,2.933333333333333,0.0,0.0,0.0,0.9333333333333333,0.3333333333333333,0.8666666666666667,0.3333333333333333,0.5333333333333333,0.0,0.06666666666666667,0.08,0.016,0.03333333333333333,0.006666666666666667,0.02,0.004,1.6666666666666667,3.7333333333333334,0.3333333333333333,0.8666666666666667,1.3333333333333333,2.4,72.66666666666667,71.8,67.33333333333333,73.2,122.0,143.2,1558.3333333333333,1393.5333333333333,1738.3333333333333,1685.0,51.5,46.1,39.4,45.0,1,longterminjured,0.04739448566995626
111791,8404,http://live.fanfooty.com.au/game/matchcentre.html?id=8404,R10,2023,1004940.0,Sam,Simpson,GE,2.0,18.0,20,19.0,15.0,24.0,1.0,5.0,0.0,2.0,0.0,0.0,1.0,0.0,0.0,Full Time,wall,Subbed off in Q4 for Dempsey... %D with %b by hand... also %T,subbed,Rotating in attack,,0.0,,,Forward,37.0,1.0,31.0,0.0,0.0,0.85,0.51,,,,1.0,1.0,1.0,83.0,66.0,71.0,1.0,True,1887,1405,11.0,8404_GE,97.40000000000009,0,70.0,0,4.0,5.8,5.666666666666667,6.2,1.3333333333333333,2.533333333333333,1.6666666666666667,2.0,0.0,0.0,0.0,0.6,0.6666666666666666,0.7333333333333333,1.0,0.7333333333333333,0.3333333333333333,0.4666666666666667,0.0,0.0,0.85,0.2833333333333333,0.51,0.16999999999999998,3.6666666666666665,5.266666666666667,0.6666666666666666,1.4666666666666666,1.0,1.5333333333333334,80.66666666666667,71.86666666666666,76.33333333333333,71.26666666666667,139.33333333333334,138.93333333333334,1569.0,1743.0666666666666,1717.3333333333333,1538.3333333333333,62.8,59.4,57.8,50.333333333333336,1,wall,0.00017434550971204404
115592,8499,http://live.fanfooty.com.au/game/matchcentre.html?id=8499,R11,2023,1000932.0,Tom,Doedee,AD,2.0,34.0,54,45.0,26.0,39.0,4.0,5.0,1.0,3.0,0.0,0.0,1.0,0.0,0.0,Full Time,job,%O and %T... Starting at half back on Gunston,,,,0.0,,,Back,39.0,20.0,72.5,0.0,0.0,0.36,0.47,,,,4.0,2.0,3.0,66.0,85.0,73.0,1.0,False,1518,1778,12.0,8499_AD,98.0,0,73.0,0,6.666666666666667,8.066666666666666,7.666666666666667,7.266666666666667,4.0,4.133333333333334,1.3333333333333333,1.8,0.0,0.0,0.3333333333333333,0.6666666666666666,0.6666666666666666,0.8666666666666667,0.0,0.0,0.0,0.0,0.0,0.036000000000000004,0.36,0.23999999999999996,0.47,0.3133333333333333,4.333333333333333,4.8,1.0,0.3333333333333333,2.3333333333333335,2.2666666666666666,76.66666666666667,79.73333333333333,93.66666666666667,94.33333333333333,156.66666666666666,196.33333333333334,1733.6666666666667,1648.4,1551.3333333333333,1635.8,70.35,74.6,64.6,65.0,1,job,0.10154019466646157
115659,8500,http://live.fanfooty.com.au/game/matchcentre.html?id=8500,R12,2023,1002259.0,Lochie,O'Brien,CA,3.0,37.0,27,20.0,30.0,39.0,7.0,2.0,4.0,0.0,0.0,0.0,0.0,0.0,0.0,Full Time,wing,Matched up on Langdon... %O with %k by foot... also %M... Playing an outside game,,,,0.0,,,Back,4.0,17.0,53.59,0.0,0.0,0.13,0.06,,,,1.0,0.0,2.0,66.0,73.0,202.0,0.0,False,1793,1495,13.0,8500_CA,96.0,0,73.0,0,7.0,9.933333333333334,2.6666666666666665,4.066666666666666,4.0,4.4,1.3333333333333333,1.4666666666666666,0.0,0.0,0.0,0.6,0.6666666666666666,0.4666666666666667,0.0,0.2,0.0,0.2,0.0,0.0,0.13,0.043333333333333335,0.06,0.02,2.0,3.066666666666667,0.6666666666666666,0.6666666666666666,3.0,2.7333333333333334,73.0,69.2,59.333333333333336,70.53333333333333,180.66666666666666,293.46666666666664,1680.3333333333333,1703.8666666666666,1611.3333333333333,1587.2,54.65,43.7,26.0,30.333333333333332,1,wing,0.04256246720065277
115728,8502,http://live.fanfooty.com.au/game/matchcentre.html?id=8502,R12,2023,1003192.0,Connor,West,WC,1.0,11.0,6,16.0,6.0,9.0,1.0,0.0,0.0,2.0,0.0,0.0,0.0,0.0,0.0,Full Time,injured,Left knee injury when Long fell across it in Q1... subbed off for Clark... %T,subbed,Starting forward,,,,,Midfielder,36.0,0.0,0.0,0.0,0.08,0.13,0.33,,,,0.0,0.0,1.0,0.0,7.0,19.0,1.0,True,1725,1572,13.0,8502_WC,96.0,0,73.0,0,3.6666666666666665,4.733333333333333,4.333333333333333,6.0,1.3333333333333333,1.8666666666666667,1.6666666666666667,2.4,0.0,0.0,2.0,0.8666666666666667,0.0,0.9333333333333333,0.0,0.4,0.6666666666666666,0.4666666666666667,0.08,0.042666666666666665,0.13,0.06933333333333333,0.33,0.17600000000000002,4.0,4.666666666666667,1.3333333333333333,1.1333333333333333,1.0,2.466666666666667,46.333333333333336,61.733333333333334,57.0,69.2,68.0,134.66666666666666,1438.0,1497.8666666666666,1847.3333333333333,1785.8,52.2,42.1,44.0,29.333333333333332,1,injured,0.05672666931946217
115786,8503,http://live.fanfooty.com.au/game/matchcentre.html?id=8503,R12,2023,291327.0,Jonathon,Ceglar,GE,10.0,60.0,45,51.0,53.0,60.0,5.0,2.0,4.0,1.0,24.0,1.0,0.0,0.0,0.0,Full Time,subbed,Subbed off in Q4... %H... also %D and %M... First ruck,,,,0.0,,,Ruck,15.0,10.0,62.9,0.0,0.0,0.22,0.14,,,,3.0,3.0,0.0,71.0,55.0,76.0,1.0,True,1721,1578,13.0,8503_GE,96.0,0,73.0,0,5.333333333333333,5.666666666666667,6.666666666666667,8.6,3.6666666666666665,3.6666666666666665,1.0,1.4666666666666666,23.333333333333332,23.333333333333332,1.0,0.5333333333333333,0.3333333333333333,1.2666666666666666,0.0,0.0,0.0,0.06666666666666667,0.0,0.0,0.22,0.08800000000000001,0.14,0.05600000000000001,8.666666666666666,9.333333333333334,4.333333333333333,4.933333333333334,1.6666666666666667,2.7333333333333334,65.66666666666667,67.06666666666666,62.666666666666664,66.2,73.0,131.26666666666668,1534.6666666666667,1660.4,1759.3333333333333,1629.4,82.25,74.9,81.4,69.0,1,subbed,0.2288476091945493
116060,8509,http://live.fanfooty.com.au/game/matchcentre.html?id=8509,R13,2023,271072.0,Daniel,Rich,BL,4.0,52.0,52,27.0,42.0,54.0,10.0,3.0,5.0,0.0,0.0,1.0,0.0,0.0,0.0,Full Time,injured,Subbed off at 3QT for Coleman with ice on left shin... %D including %K... also %M,subbed,Starting at half back,,0.0,,,Back,10.0,17.0,71.35,0.0,0.0,1.01,1.13,,,,1.0,0.0,0.0,84.0,61.0,203.0,0.0,True,1757,1518,14.0,8509_BL,96.19999999999999,0,72.0,0,16.333333333333332,16.266666666666666,2.6666666666666665,3.1333333333333333,7.333333333333333,4.333333333333333,0.3333333333333333,0.8,0.0,0.0,0.3333333333333333,0.8666666666666667,1.0,0.6,0.3333333333333333,0.13333333333333333,0.0,0.06666666666666667,0.0,0.09866666666666667,1.01,0.4713333333333333,1.13,0.5273333333333333,2.3333333333333335,4.0,1.6666666666666667,1.4666666666666666,2.3333333333333335,2.1333333333333333,81.33333333333333,81.6,66.33333333333333,74.6,498.0,508.73333333333335,1580.6666666666667,1621.4,1708.3333333333333,1660.6666666666667,89.75,83.2,77.6,75.66666666666667,1,injured,0.3143038350006802
116158,8512,http://live.fanfooty.com.au/game/matchcentre.html?id=8512,R13,2023,296735.0,Aaron,Hall,NM,26.0,105.0,120,138.0,77.0,108.0,16.0,9.0,5.0,6.0,0.0,0.0,0.0,0.0,0.0,Full Time,seagull,%O and %M plus %T,guard,Floating from half back,,0.0,,,Midfielder,43.0,6.0,71.67,0.0,0.0,1.53,3.59,,,,5.0,0.0,0.0,80.0,84.0,410.0,0.0,False,1684,1612,14.0,8512_NM,96.19999999999999,1,72.0,1,15.333333333333334,17.333333333333332,7.0,5.466666666666667,4.666666666666667,4.8,3.3333333333333335,2.6666666666666665,0.0,0.0,0.3333333333333333,0.4,0.3333333333333333,0.3333333333333333,0.0,0.13333333333333333,0.0,0.2,0.0,0.0,1.53,0.612,3.59,1.436,4.0,4.266666666666667,0.0,0.5333333333333333,2.0,2.7333333333333334,79.0,76.73333333333333,82.33333333333333,73.8,431.6666666666667,523.9333333333333,1591.3333333333333,1493.1333333333334,1698.3333333333333,1796.6666666666667,92.95,86.9,93.4,87.33333333333333,1,seagull,0.4535141634990052
116561,8520,http://live.fanfooty.com.au/game/matchcentre.html?id=8520,R14,2023,296041.0,Tim,O'Brien,WB,2.0,21.0,44,11.0,17.0,21.0,4.0,1.0,2.0,0.0,0.0,1.0,0.0,0.0,0.0,Full Time,injured,Mothballed at HT with a hamstring injury... %O with %k by foot... also %M,job,Starting in defence on Coleman-Jones,,0.0,,,Forward,22.0,12.0,48.5,0.0,0.0,0.05,0.04,,,,2.0,0.0,0.0,100.0,42.0,122.0,1.0,True,1471,1824,15.0,8520_WB,98.0,0,72.0,0,8.666666666666666,8.133333333333333,3.0,2.6666666666666665,4.666666666666667,5.333333333333333,1.0,1.0,0.0,0.0,0.3333333333333333,0.7333333333333333,0.0,0.4,0.0,0.06666666666666667,0.0,0.0,0.0,0.0,0.05,0.020000000000000004,0.04,0.016000000000000028,2.3333333333333335,3.6,0.0,0.2,0.6666666666666666,1.1333333333333333,84.33333333333333,83.13333333333334,69.0,80.4,212.33333333333334,189.33333333333334,1753.6666666666667,1709.8,1540.3333333333333,1577.6,65.9,58.4,53.4,58.333333333333336,1,injured,0.09505520048784562
116984,8530,http://live.fanfooty.com.au/game/matchcentre.html?id=8530,R16,2023,1001449.0,Mitch,Hannan,WB,8.0,40.0,49,52.0,29.0,39.0,5.0,2.0,1.0,3.0,0.0,0.0,0.0,1.0,0.0,Full Time,subbed,Subbed off at 3QT for West... %s from %O and %T... Starting forward,,,,0.0,,,Forward,29.0,12.0,59.92,0.0,0.0,0.12,0.06,,,,3.0,0.0,1.0,85.0,61.0,188.0,1.0,True,1723,1581,17.0,8530_WB,100.0,0,72.0,0,6.333333333333333,6.866666666666666,2.3333333333333335,2.8,3.3333333333333335,3.066666666666667,2.6666666666666665,1.9333333333333333,0.0,0.26666666666666666,1.0,0.8666666666666667,1.0,0.7333333333333333,0.6666666666666666,0.7333333333333333,0.6666666666666666,0.5333333333333333,0.0,0.0,0.12,0.04,0.06,0.02,4.0,4.4,0.0,0.13333333333333333,1.6666666666666667,2.2666666666666666,60.666666666666664,69.73333333333333,71.0,75.33333333333333,220.33333333333334,205.53333333333333,1671.0,1636.5333333333333,1626.0,1653.8666666666666,52.45,48.0,45.6,50.333333333333336,1,subbed,0.06013342143921595
117325,8537,http://live.fanfooty.com.au/game/matchcentre.html?id=8537,R17,2023,1009186.0,Trent,Bianco,CO,2.0,34.0,20,16.0,27.0,36.0,7.0,2.0,3.0,0.0,0.0,0.0,0.0,0.0,0.0,Full Time,wing,On in Q3 for Hoskin-Elliott... %P with %k by foot... also %M,sub,Started as the sub,,,,,Midfielder,8.0,0.0,0.0,0.0,0.16,0.65,0.24,,,,1.0,0.0,3.0,44.0,40.0,177.0,0.0,False,1552,1731,18.0,8537_CO,96.20000000000005,0,73.0,0,7.666666666666667,7.466666666666667,3.3333333333333335,3.4,3.0,3.6,1.6666666666666667,2.2,0.0,0.0,0.3333333333333333,0.5333333333333333,0.6666666666666666,0.6,0.3333333333333333,0.26666666666666666,0.0,0.13333333333333333,0.05333333333333334,0.010666666666666666,0.21666666666666667,0.043333333333333335,0.08,0.016,3.6666666666666665,3.066666666666667,0.6666666666666666,0.6666666666666666,2.3333333333333335,2.6666666666666665,73.0,64.53333333333333,54.666666666666664,64.06666666666666,167.0,192.53333333333333,1655.0,1605.4,1637.3333333333333,1684.5333333333333,43.25,44.1,43.0,44.666666666666664,1,wing,0.030159663811425513
118260,8558,http://live.fanfooty.com.au/game/matchcentre.html?id=8558,R19,2023,240399.0,Lance,Franklin,SY,21.0,72.0,93,66.0,64.0,79.0,6.0,5.0,6.0,3.0,0.0,1.0,2.0,3.0,1.0,Full Time,x-factor,Can still be the difference in a game... %s from %O and %M plus %T,moose,Up forward on Pearce,,,,,Forward,23.0,0.0,0.0,0.0,0.23,0.26,0.36,,,,5.0,0.0,4.0,81.0,90.0,213.0,0.0,False,1588,1712,20.0,8558_SY,98.0,0,72.0,1,8.333333333333334,6.466666666666667,4.333333333333333,3.0,5.333333333333333,4.066666666666666,3.6666666666666665,2.3333333333333335,0.0,0.0,2.3333333333333335,1.3333333333333333,1.6666666666666667,2.0,2.3333333333333335,1.4,1.3333333333333333,1.0,0.23,0.18400000000000002,0.26,0.20800000000000002,0.36,0.28800000000000003,5.666666666666667,4.466666666666667,0.3333333333333333,0.13333333333333333,3.6666666666666665,3.8,65.66666666666667,65.26666666666667,88.33333333333333,89.53333333333333,228.33333333333334,150.2,1656.3333333333333,1619.1333333333334,1618.0,1660.7333333333333,63.9,61.0,64.6,87.0,1,x-factor,0.14972863187484486
118562,8565,http://live.fanfooty.com.au/game/matchcentre.html?id=8565,R20,2023,997501.0,Ryan,Gardner,WB,2.0,22.0,23,29.0,19.0,27.0,5.0,2.0,2.0,0.0,0.0,0.0,1.0,0.0,0.0,Full Time,spud,Gone to grab donuts with Riccardi in Q1... %D including %K... also %M,job,In defence on Riccardi,,0.0,,,Back,43.0,0.0,0.0,0.0,0.0,0.12,0.09,,,,3.0,0.0,4.0,42.0,100.0,107.0,0.0,False,1680,1607,21.0,8565_WB,100.20000000000005,0,71.0,0,6.333333333333333,6.666666666666667,2.0,3.4,3.0,4.466666666666667,0.6666666666666666,1.1333333333333333,0.0,0.0,0.0,0.6666666666666666,0.3333333333333333,0.7333333333333333,0.0,0.06666666666666667,0.0,0.0,0.0,0.0,0.12,0.07200000000000001,0.09,0.054,2.0,4.0,0.3333333333333333,0.13333333333333333,3.0,1.8,61.666666666666664,76.13333333333334,98.66666666666667,97.93333333333334,153.33333333333334,149.93333333333334,1590.3333333333333,1661.3333333333333,1692.3333333333333,1630.9333333333334,62.8,59.9,51.6,40.0,1,spud,0.00014691593964268995
118563,8565,http://live.fanfooty.com.au/game/matchcentre.html?id=8565,R20,2023,291492.0,Josh,Bruce,WB,1.0,21.0,26,28.0,15.0,18.0,2.0,1.0,1.0,2.0,0.0,2.0,0.0,0.0,0.0,Full Time,injured,Right knee injury in Q3 and in a lot of pain... %O and %T,job,In defence on Cadman,,,,,Forward,17.0,0.0,0.0,0.0,7.18,12.52,0.3,,,,4.0,0.0,1.0,100.0,53.0,115.0,1.0,True,1680,1607,21.0,8565_WB,100.20000000000005,0,71.0,0,3.0,5.133333333333334,3.3333333333333335,4.2,2.6666666666666665,4.133333333333334,1.0,1.6666666666666667,0.0,1.1333333333333333,1.0,0.5333333333333333,1.0,1.4666666666666666,0.0,0.4,0.0,0.3333333333333333,7.18,3.829333333333333,12.52,6.677333333333333,0.3,0.16,3.0,3.933333333333333,0.0,0.2,2.3333333333333335,2.8666666666666667,90.0,77.8,81.66666666666667,85.33333333333333,102.0,107.6,1642.0,1648.4666666666667,1645.3333333333333,1642.0,48.6,48.1,42.0,35.333333333333336,1,injured,0.04029371080832938
118842,8571,http://live.fanfooty.com.au/game/matchcentre.html?id=8571,R20,2023,1004909.0,Lachie,Young,NM,16.0,71.0,76,67.0,52.0,69.0,7.0,5.0,5.0,6.0,0.0,1.0,0.0,0.0,0.0,Full Time,guard,%D and %M with %T... In defence,,,,,,,Back,17.0,0.0,0.0,0.0,0.04,0.1,0.1,,,,5.0,0.0,3.0,83.0,85.0,278.0,0.0,False,1810,1465,21.0,8571_NM,100.20000000000005,0,71.0,1,6.666666666666667,8.466666666666667,5.0,5.4,4.0,5.466666666666667,3.6666666666666665,2.933333333333333,0.0,0.0,0.6666666666666666,0.8,0.0,0.8,0.0,0.06666666666666667,0.0,0.06666666666666667,0.04,0.010666666666666666,0.1,0.02666666666666667,0.1,0.02666666666666667,4.0,3.6,0.0,0.13333333333333333,3.0,2.466666666666667,78.33333333333333,82.13333333333334,82.66666666666667,85.6,238.33333333333334,258.1333333333333,1524.6666666666667,1522.4666666666667,1756.0,1764.4,68.0,70.0,63.8,58.333333333333336,1,guard,0.10828452417866692
119236,8580,http://live.fanfooty.com.au/game/matchcentre.html?id=8580,R21,2023,1005547.0,Josh,Corbett,FR,7.0,31.0,27,39.0,26.0,31.0,3.0,1.0,3.0,1.0,0.0,0.0,0.0,1.0,1.0,Full Time,froggy,%s from %P and %M... Starting forward on Lester,,,,,,,Forward,19.0,0.0,0.0,0.0,0.7,0.56,0.2,,,,1.0,0.0,1.0,50.0,75.0,-1.0,1.0,False,1636,1649,22.0,8580_FR,95.20000000000005,0,71.0,0,5.333333333333333,5.666666666666667,2.0,3.2666666666666666,5.0,4.866666666666666,0.3333333333333333,0.6666666666666666,0.0,0.0,0.3333333333333333,0.4666666666666667,0.3333333333333333,0.4666666666666667,1.0,1.2,1.0,0.6666666666666666,0.7,0.18666666666666665,0.56,0.14933333333333335,0.2,0.05333333333333334,2.3333333333333335,3.6,0.0,0.0,0.6666666666666666,1.6666666666666667,70.33333333333333,72.06666666666666,76.66666666666667,73.8,71.66666666666667,137.66666666666666,1645.0,1582.0,1647.0,1706.0666666666666,48.15,43.1,29.2,41.666666666666664,1,froggy,0.05799614562054081
119313,8582,http://live.fanfooty.com.au/game/matchcentre.html?id=8582,R22,2023,280921.0,Ben,Cunnington,NM,15.0,80.0,95,95.0,68.0,96.0,8.0,16.0,1.0,3.0,0.0,0.0,1.0,2.0,0.0,Full Time,heart,Last game for the old man... %P and %T plus %s,shovel,Playing inside midfield,,0.0,,,Midfielder,10.0,21.0,94.29,0.0,0.0,9.97,3.85,,,,16.0,10.0,4.0,83.0,63.0,41.0,0.0,True,1730,1555,23.0,8582_NM,95.0,1,72.0,1,6.0,9.0,13.333333333333334,12.0,2.3333333333333335,3.6,2.3333333333333335,3.0,0.0,0.0,0.3333333333333333,1.0,0.3333333333333333,1.2,1.0,0.4,0.0,0.3333333333333333,0.0,0.7346666666666667,9.97,5.982,3.85,2.31,13.0,11.266666666666667,7.0,5.4,2.0,3.3333333333333335,91.66666666666667,74.73333333333333,63.333333333333336,69.8,128.33333333333334,222.13333333333333,1508.6666666666667,1576.8,1781.3333333333333,1710.6666666666667,91.45,68.2,78.2,79.0,1,heart,0.33087337425841934
119393,8583,http://live.fanfooty.com.au/game/matchcentre.html?id=8583,R22,2023,999715.0,Jy,Farrar,GC,3.0,39.0,47,20.0,33.0,45.0,8.0,3.0,3.0,1.0,0.0,2.0,2.0,0.0,0.0,Full Time,guard,%P with %k by foot... also %M... Starting at half back,,,,,,,Midfielder,50.0,0.0,0.0,0.0,0.12,0.05,0.05,,,,4.0,0.0,3.0,81.0,74.0,173.0,0.0,False,1774,1502,23.0,8583_GC,95.0,0,72.0,0,5.0,6.866666666666666,1.3333333333333333,3.0,3.0,3.2,3.0,1.7333333333333334,0.0,0.0,1.0,0.6666666666666666,0.6666666666666666,0.6,0.3333333333333333,0.06666666666666667,0.0,0.06666666666666667,0.12,0.07200000000000001,0.05,0.030000000000000002,0.05,0.030000000000000002,3.0,3.8,0.0,0.2,1.6666666666666667,1.9333333333333333,77.0,68.53333333333333,54.666666666666664,64.13333333333334,133.33333333333334,211.66666666666666,1565.3333333333333,1575.9333333333334,1718.6666666666667,1707.9333333333334,52.4,36.8,27.0,35.333333333333336,1,guard,0.043444670886533907
119464,8585,http://live.fanfooty.com.au/game/matchcentre.html?id=8585,R22,2023,270146.0,Ed,Curnow,CA,1.0,17.0,21,24.0,10.0,15.0,1.0,1.0,0.0,3.0,0.0,0.0,0.0,0.0,0.0,Full Time,wing,On in Q4 for Docherty... %P and %T,sub,Started as the sub,,0.0,,,Midfielder,35.0,20.0,102.5,0.0,0.0,0.44,0.52,,,,1.0,1.0,0.0,50.0,17.0,28.0,0.0,False,1562,1717,23.0,8585_CA,95.0,0,72.0,0,5.0,9.0,6.0,5.266666666666667,2.3333333333333335,3.0,3.0,2.8666666666666667,0.0,0.0,0.3333333333333333,0.26666666666666666,0.0,0.7333333333333333,0.3333333333333333,0.2,0.3333333333333333,0.4,0.0,0.03866666666666666,0.44,0.44,0.52,0.52,3.6666666666666665,4.333333333333333,0.3333333333333333,1.2666666666666666,0.3333333333333333,2.0,70.33333333333333,65.4,65.66666666666667,72.13333333333334,77.66666666666667,181.53333333333333,1796.0,1698.2,1482.6666666666667,1586.6,63.65,46.0,46.2,51.333333333333336,1,wing,0.062307003536487576
119491,8586,http://live.fanfooty.com.au/game/matchcentre.html?id=8586,R22,2023,1005599.0,Luke,Foley,WC,18.0,76.0,75,100.0,58.0,78.0,10.0,6.0,6.0,4.0,0.0,0.0,0.0,0.0,0.0,Full Time,in,%l Jack Petruccelle... %D and %M with %T,guard,Starting in defence,,,,,Midfielder,29.0,0.0,0.0,0.0,0.04,0.05,0.04,,,,3.0,1.0,3.0,68.0,93.0,257.0,0.0,False,1856,1419,23.0,8586_WC,95.0,0,72.0,1,9.0,7.666666666666667,3.6666666666666665,4.266666666666667,4.333333333333333,4.133333333333334,3.3333333333333335,2.2666666666666666,0.0,0.0,0.6666666666666666,0.7333333333333333,0.6666666666666666,0.4666666666666667,0.0,0.0,0.0,0.0,0.04,0.024,0.05,0.030000000000000002,0.04,0.024,3.3333333333333335,3.4,0.6666666666666666,0.6666666666666666,3.0,2.0,63.0,71.33333333333333,80.66666666666667,83.93333333333334,214.33333333333334,172.33333333333334,1405.6666666666667,1495.9333333333334,1880.6666666666667,1788.8666666666666,52.3,53.4,64.4,59.333333333333336,1,in,0.013651714826356104
119493,8586,http://live.fanfooty.com.au/game/matchcentre.html?id=8586,R22,2023,1008282.0,Xavier,O'Neill,WC,25.0,75.0,59,101.0,55.0,81.0,8.0,9.0,2.0,8.0,0.0,1.0,2.0,0.0,0.0,Full Time,tagger,%D and %M with %T... Tagging Brayshaw,,,,,,,Midfielder,24.0,0.0,0.0,0.0,0.12,0.06,0.07,,,,7.0,3.0,6.0,64.0,71.0,130.0,0.0,False,1856,1419,23.0,8586_WC,95.0,0,72.0,0,6.333333333333333,6.666666666666667,5.666666666666667,5.466666666666667,2.3333333333333335,2.466666666666667,6.0,4.0,0.0,0.0,0.6666666666666666,0.8,1.3333333333333333,1.0666666666666667,0.3333333333333333,0.26666666666666666,0.3333333333333333,0.3333333333333333,0.12,0.12,0.06,0.06,0.07,0.07,4.666666666666667,4.266666666666667,2.0,1.6,4.0,2.4,63.666666666666664,72.13333333333334,69.0,75.06666666666666,153.33333333333334,177.33333333333334,1586.6666666666667,1471.8,1698.3333333333333,1813.3333333333333,54.45,47.7,45.2,50.333333333333336,1,tagger,0.05793628373885096
119554,8587,http://live.fanfooty.com.au/game/matchcentre.html?id=8587,R22,2023,291962.0,Chad,Wingard,HW,0.0,0.0,0,0.0,0.0,0.0,0.0,0.0,0.0,0.0,0.0,0.0,0.0,0.0,0.0,Full Time,longterminjured,Nasty-looking left Achilles injury very early in Q1 and carried off... subbed off for Bailey Macdonald,subbed,Rotating midfield and attack,,0.0,,,Forward,20.0,20.0,81.65,0.0,0.0,0.33,0.93,,,,0.0,0.0,0.0,0.0,3.0,0.0,1.0,True,1441,1843,23.0,8587_HW,95.0,0,72.0,0,8.0,8.466666666666667,9.333333333333334,6.066666666666666,4.333333333333333,3.6666666666666665,2.3333333333333335,2.066666666666667,0.0,0.0,1.0,1.0,0.6666666666666666,0.6666666666666666,0.6666666666666666,0.9333333333333333,0.0,0.4666666666666667,0.0,0.04133333333333333,0.33,0.264,0.93,0.744,6.0,4.8,1.0,0.8666666666666667,3.0,2.8666666666666667,49.666666666666664,56.93333333333333,53.333333333333336,70.86666666666666,174.33333333333334,228.0,1731.0,1551.4,1557.0,1733.3333333333333,60.65,60.9,68.0,65.0,1,longterminjured,0.07552574804793062
119724,8591,http://live.fanfooty.com.au/game/matchcentre.html?id=8591,R23,2023,270896.0,Trent,Cotchin,RI,8.0,70.0,69,89.0,56.0,73.0,12.0,6.0,5.0,1.0,0.0,2.0,0.0,0.0,1.0,Full Time,heart,Fine career captain... %P and %M plus %s,shovel,On ball,,0.0,,,Midfielder,9.0,19.0,81.26,0.0,0.0,0.08,0.07,,,,8.0,4.0,2.0,77.0,77.0,191.0,0.0,True,1519,1768,24.0,8591_RI,99.0,0,70.0,0,9.666666666666666,8.466666666666667,5.333333333333333,7.6,2.3333333333333335,2.933333333333333,2.0,2.3333333333333335,0.0,0.0,0.6666666666666666,0.4,0.0,0.5333333333333333,0.0,0.4,1.3333333333333333,0.5333333333333333,0.0,0.0,0.08,0.08,0.07,0.07,6.333333333333333,6.933333333333334,3.0,2.533333333333333,2.6666666666666665,2.8,53.0,64.8,74.0,69.06666666666666,186.33333333333334,226.8,1689.0,1621.9333333333334,1602.6666666666667,1661.6666666666667,61.45,66.3,54.6,48.666666666666664,1,heart,0.09356361599004258
119725,8591,http://live.fanfooty.com.au/game/matchcentre.html?id=8591,R23,2023,250395.0,Jack,Riewoldt,RI,15.0,63.0,54,81.0,51.0,63.0,8.0,2.0,6.0,2.0,0.0,0.0,0.0,1.0,3.0,Full Time,heart,Happy retirement champion... %s from %O and %M plus %T,spearhead,At FF on McKay,,,,,Forward,8.0,0.0,0.0,0.0,0.16,0.28,0.25,,,,4.0,0.0,1.0,40.0,76.0,233.0,0.0,True,1519,1768,24.0,8591_RI,99.0,0,70.0,0,6.666666666666667,6.933333333333334,1.3333333333333333,2.1333333333333333,5.666666666666667,4.8,1.0,2.1333333333333333,0.0,0.06666666666666667,0.0,0.3333333333333333,0.6666666666666666,0.7333333333333333,1.6666666666666667,1.2666666666666666,2.0,1.4666666666666666,0.16,0.16,0.28,0.28,0.25,0.25,2.6666666666666665,4.6,0.3333333333333333,0.2,1.3333333333333333,2.6,66.0,51.666666666666664,80.33333333333333,86.46666666666667,160.33333333333334,173.46666666666667,1524.3333333333333,1627.4666666666667,1764.3333333333333,1658.1333333333334,59.95,62.1,51.2,53.0,1,heart,0.08763292493674708
119739,8591,http://live.fanfooty.com.au/game/matchcentre.html?id=8591,R23,2023,280944.0,Jack,Ziebell,NM,10.0,88.0,95,48.0,67.0,94.0,17.0,6.0,5.0,3.0,0.0,0.0,1.0,0.0,1.0,Full Time,heart,Bon voyage Jay-Z... %O including %K... also %M and %T... and scored %s,switch,Starting at half back... Balta moved forward onto him in Q2... switched forward himself in Q4,,0.0,,,Midfielder,7.0,21.0,82.48,0.0,0.0,0.81,0.41,,,,4.0,1.0,3.0,87.0,76.0,447.0,0.0,True,1768,1519,24.0,8591_NM,99.0,0,70.0,1,19.333333333333332,16.533333333333335,8.0,4.866666666666666,7.333333333333333,6.4,2.6666666666666665,2.1333333333333333,0.0,0.0,0.3333333333333333,0.7333333333333333,0.6666666666666666,0.5333333333333333,0.0,0.06666666666666667,0.3333333333333333,0.2,0.0,0.0,0.81,0.81,0.41,0.41,5.0,4.866666666666666,0.3333333333333333,0.3333333333333333,5.0,3.1333333333333333,80.66666666666667,75.53333333333333,82.0,70.53333333333333,516.0,383.26666666666665,1548.3333333333333,1547.4666666666667,1734.6666666666667,1739.7333333333333,87.3,74.8,76.0,104.0,1,heart,0.395982551254882
119907,8595,http://live.fanfooty.com.au/game/matchcentre.html?id=8595,R23,2023,270963.0,Rory,Sloane,AD,13.0,50.0,51,67.0,33.0,48.0,3.0,6.0,0.0,7.0,0.0,1.0,0.0,0.0,0.0,Full Time,injured,Subbed off in Q3 with a right eye injury for Pedlar after Murphy poked him accidentally... %P and %T,subbed,Starting on a wing,,0.0,,,Midfielder,9.0,12.0,89.92,0.0,0.0,1.95,1.05,,,,6.0,2.0,1.0,77.0,34.0,126.0,1.0,True,1592,1687,24.0,8595_AD,99.0,0,70.0,0,5.666666666666667,9.266666666666667,5.666666666666667,7.733333333333333,1.3333333333333333,3.066666666666667,5.666666666666667,5.533333333333333,0.0,0.06666666666666667,1.3333333333333333,0.8666666666666667,0.0,1.4,0.0,0.3333333333333333,0.3333333333333333,0.06666666666666667,0.0,0.0,1.95,1.95,1.05,1.05,6.333333333333333,8.333333333333334,4.0,4.066666666666666,1.0,2.933333333333333,76.33333333333333,71.13333333333334,44.333333333333336,61.733333333333334,166.0,258.6666666666667,1746.3333333333333,1707.0666666666666,1539.3333333333333,1580.2666666666667,77.7,70.6,59.0,55.333333333333336,1,injured,0.13711111893860478
120022,8597,http://live.fanfooty.com.au/game/matchcentre.html?id=8597,R23,2023,1013093.0,Denver,Grainger-Barras,HW,13.0,46.0,52,38.0,43.0,51.0,5.0,3.0,7.0,0.0,0.0,1.0,1.0,1.0,0.0,Full Time,spearhead,%D and %M plus %s... In attack on Tomlinson,,,,,,,Back,24.0,0.0,0.0,0.0,0.62,0.32,1.01,,,,4.0,0.0,1.0,87.0,70.0,220.0,1.0,False,1705,1567,24.0,8597_HW,99.0,0,70.0,0,5.0,4.8,2.6666666666666665,3.0,5.0,2.933333333333333,0.3333333333333333,1.0,0.0,0.0,1.0,0.8666666666666667,1.3333333333333333,1.7333333333333334,1.0,0.26666666666666666,0.3333333333333333,0.06666666666666667,0.62,0.24799999999999997,0.32,0.128,1.01,0.404,3.3333333333333335,3.2666666666666666,0.0,0.13333333333333333,2.3333333333333335,2.7333333333333334,71.33333333333333,80.53333333333333,57.0,75.2,152.0,116.8,1708.0,1621.4,1571.0,1670.6,41.65,34.4,31.2,38.333333333333336,1,spearhead,0.029756129599058722
120088,8599,http://live.fanfooty.com.au/game/matchcentre.html?id=8599,R24,2023,294068.0,Andrew,Phillips,ES,14.0,56.0,46,71.0,45.0,55.0,5.0,2.0,2.0,4.0,15.0,2.0,1.0,0.0,1.0,Full Time,ruck,%H... also %D and %M with %T... %s as well... First ruck in his farewell game,,,,0.0,,,Ruck,34.0,5.0,57.6,0.0,0.0,0.09,0.05,,,,4.0,2.0,2.0,57.0,77.0,114.0,0.0,False,1753,1505,25.0,8599_ES,97.0,0,69.0,0,5.333333333333333,4.533333333333333,2.6666666666666665,3.4,2.3333333333333335,2.2,4.0,2.7333333333333334,15.0,21.866666666666667,1.6666666666666667,0.9333333333333333,1.0,0.9333333333333333,0.3333333333333333,0.13333333333333333,0.6666666666666666,0.4,0.0,0.0,0.09,0.09,0.05,0.05,6.0,5.0,2.6666666666666665,2.2,2.0,2.4,51.0,69.06666666666666,74.33333333333333,69.4,160.0,108.8,1508.3333333333333,1636.3333333333333,1767.3333333333333,1649.4666666666667,61.9,64.4,60.2,57.0,1,ruck,0.12938608588974299
120090,8599,http://live.fanfooty.com.au/game/matchcentre.html?id=8599,R24,2023,990606.0,Will,Snelling,ES,3.0,40.0,42,49.0,34.0,46.0,4.0,7.0,3.0,1.0,0.0,0.0,0.0,0.0,1.0,Full Time,wing,%P and %M plus %s... Rotating in midfield,,,,0.0,,,Midfielder,11.0,0.0,0.0,0.0,0.0,0.07,0.06,,,,5.0,1.0,2.0,63.0,82.0,80.0,0.0,False,1753,1505,25.0,8599_ES,97.0,0,69.0,0,5.0,6.0,4.333333333333333,5.933333333333334,3.6666666666666665,3.066666666666667,1.3333333333333333,3.3333333333333335,0.0,0.0,0.0,0.6666666666666666,0.3333333333333333,0.2,0.0,0.4,0.3333333333333333,0.2,0.0,0.0,0.07,0.06533333333333334,0.06,0.056,2.3333333333333335,3.933333333333333,0.6666666666666666,0.8666666666666667,1.6666666666666667,1.7333333333333334,60.0,75.66666666666667,64.0,69.8,151.0,155.53333333333333,1586.6666666666667,1641.7333333333333,1690.3333333333333,1643.6,55.7,50.2,40.0,33.666666666666664,1,wing,0.04721084597250174
120093,8599,http://live.fanfooty.com.au/game/matchcentre.html?id=8599,R24,2023,294092.0,Anthony,McDonald-Tipungwuti,ES,0.0,14.0,10,18.0,10.0,15.0,2.0,2.0,0.0,1.0,0.0,0.0,0.0,0.0,0.0,Full Time,wing,On in Q1 for Baldwin... %D,sub,Started as the sub,,0.0,,,Back,43.0,21.0,65.95,0.0,0.0,2.77,2.06,,,,1.0,0.0,0.0,25.0,62.0,37.0,0.0,False,1753,1505,25.0,8599_ES,97.0,0,69.0,0,3.3333333333333335,4.066666666666666,3.6666666666666665,3.2,1.6666666666666667,2.066666666666667,2.6666666666666665,2.3333333333333335,0.0,0.0,0.0,0.26666666666666666,1.3333333333333333,0.6666666666666666,0.3333333333333333,0.7333333333333333,0.3333333333333333,0.5333333333333333,0.0,0.10600000000000001,2.77,1.108,2.06,0.824,2.6666666666666665,2.533333333333333,0.0,0.2,1.6666666666666667,1.3333333333333333,55.333333333333336,67.33333333333333,67.66666666666667,71.73333333333333,85.0,99.4,1587.3333333333333,1609.3333333333333,1688.6666666666667,1680.8666666666666,51.7,34.1,42.6,31.666666666666668,1,wing,0.04159492008392153
120137,8600,http://live.fanfooty.com.au/game/matchcentre.html?id=8600,R24,2023,1011839.0,James,Blanck,HW,2.0,22.0,44,29.0,22.0,30.0,4.0,3.0,3.0,0.0,0.0,1.0,2.0,0.0,0.0,Full Time,job,%M and %O... In defence on Cox,,,,,,,Back,36.0,0.0,0.0,0.0,0.12,0.11,0.24,,,,5.0,0.0,2.0,100.0,94.0,39.0,0.0,False,1734,1554,25.0,8600_HW,97.0,0,69.0,0,3.0,3.8666666666666667,2.6666666666666665,2.6666666666666665,2.3333333333333335,2.0,1.3333333333333333,2.0,0.0,0.0,1.0,0.7333333333333333,1.6666666666666667,1.2666666666666666,0.0,0.0,0.0,0.0,0.12,0.10400000000000001,0.11,0.09533333333333333,0.24,0.20800000000000002,3.3333333333333335,3.4,0.3333333333333333,0.2,2.0,2.2,73.33333333333333,82.53333333333333,89.0,82.8,27.666666666666668,49.06666666666667,1740.3333333333333,1602.7333333333333,1545.0,1681.6,38.55,39.2,35.4,31.0,1,job,0.01997146567886932
120166,8601,http://live.fanfooty.com.au/game/matchcentre.html?id=8601,R24,2023,1005729.0,Tarryn,Thomas,NM,25.0,94.0,107,124.0,67.0,97.0,11.0,11.0,1.0,9.0,0.0,2.0,1.0,0.0,1.0,Full Time,x-factor,%2 Anderson... %P and %T plus %s,wing,Rotating midfield and half forward,,,,,Midfielder,26.0,0.0,0.0,0.0,5.9,7.07,7.14,,,,15.0,10.0,1.0,72.0,83.0,370.0,0.0,False,1530,1741,25.0,8601_NM,97.0,1,69.0,1,12.666666666666666,9.933333333333334,10.333333333333334,8.0,3.6666666666666665,2.3333333333333335,5.333333333333333,4.4,0.0,0.0,1.3333333333333333,0.9333333333333333,1.3333333333333333,1.1333333333333333,0.6666666666666666,0.7333333333333333,1.0,0.26666666666666666,5.9,4.720000000000001,7.07,5.656000000000001,7.14,5.712,12.666666666666666,8.4,6.666666666666667,3.8666666666666667,3.3333333333333335,2.8,66.33333333333333,73.26666666666667,83.0,80.93333333333334,448.0,351.46666666666664,1605.0,1535.7333333333333,1676.0,1749.8,76.1,88.2,93.6,102.33333333333333,1,x-factor,0.28140120780888783
120172,8601,http://live.fanfooty.com.au/game/matchcentre.html?id=8601,R24,2023,992499.0,Kayne,Turner,NM,15.0,74.0,65,98.0,58.0,75.0,6.0,6.0,8.0,5.0,0.0,0.0,0.0,0.0,0.0,Full Time,wing,%D and %M with %T... Playing a half forward role,,,,0.0,,,Forward,28.0,21.0,47.86,0.0,0.0,0.15,0.06,,,,1.0,0.0,1.0,83.0,84.0,115.0,0.0,False,1530,1741,25.0,8601_NM,97.0,0,69.0,0,6.0,5.333333333333333,6.666666666666667,4.266666666666667,4.333333333333333,3.466666666666667,4.0,2.8666666666666667,0.0,0.0,0.3333333333333333,0.4,0.3333333333333333,0.26666666666666666,0.0,0.2,0.0,0.13333333333333333,0.0,0.015333333333333334,0.15,0.11,0.06,0.04399999999999996,3.3333333333333335,3.6,0.0,0.4,1.3333333333333333,1.1333333333333333,76.66666666666667,71.13333333333334,79.33333333333333,67.8,170.66666666666666,127.4,1605.0,1529.8,1676.0,1755.5333333333333,50.4,52.0,63.8,60.666666666666664,1,wing,0.046578046404102506
120182,8601,http://live.fanfooty.com.au/game/matchcentre.html?id=8601,R24,2023,992462.0,Daniel,Howe,NM,9.0,39.0,23,50.0,31.0,39.0,4.0,2.0,3.0,2.0,0.0,0.0,0.0,1.0,0.0,Full Time,wing,On in Q3 for Taylor... %P and %M plus %T... %s as well,sub,Started as the sub,,0.0,,,Back,15.0,15.0,77.2,0.0,0.0,0.12,0.1,,,,1.0,0.0,1.0,66.0,37.0,89.0,0.0,False,1530,1741,25.0,8601_NM,97.0,0,69.0,0,8.0,9.733333333333333,4.666666666666667,5.2,3.3333333333333335,4.066666666666666,3.6666666666666665,1.9333333333333333,0.0,0.0,1.0,0.6666666666666666,0.3333333333333333,0.8,0.3333333333333333,0.2,0.0,0.06666666666666667,0.0,0.0,0.12,0.08800000000000002,0.1,0.0733333333333333,4.0,4.133333333333334,1.3333333333333333,1.3333333333333333,3.0,2.533333333333333,59.666666666666664,64.93333333333334,64.0,66.06666666666666,160.0,229.0,1600.6666666666667,1525.4666666666667,1680.6666666666667,1760.4,57.3,58.1,50.8,43.0,1,wing,0.05776243045688742
120183,8601,http://live.fanfooty.com.au/game/matchcentre.html?id=8601,R24,2023,1011771.0,Flynn,Perez,NM,3.0,38.0,29,50.0,31.0,42.0,7.0,3.0,3.0,1.0,0.0,1.0,1.0,0.0,0.0,Full Time,guard,%D and %M... Rotating at half back,,,,,,,Midfielder,39.0,0.0,0.0,0.0,0.08,0.48,0.27,,,,2.0,0.0,4.0,70.0,84.0,138.0,0.0,False,1530,1741,25.0,8601_NM,97.0,0,69.0,0,5.666666666666667,7.2,4.333333333333333,4.933333333333334,3.0,3.2,1.3333333333333333,2.0,0.0,0.0,0.3333333333333333,0.5333333333333333,0.3333333333333333,0.6,0.3333333333333333,0.06666666666666667,0.0,0.0,0.08,0.02666666666666667,0.48,0.16,0.27,0.09000000000000001,1.3333333333333333,3.0,0.0,0.5333333333333333,2.6666666666666665,2.6666666666666665,69.0,64.33333333333333,81.33333333333333,72.13333333333334,138.0,195.2,1574.6666666666667,1550.6,1705.6666666666667,1738.5333333333333,43.9,44.4,37.4,31.666666666666668,1,guard,0.032398689138762385
120252,8603,http://live.fanfooty.com.au/game/matchcentre.html?id=8603,R24,2023,294877.0,Isaac,Smith,GE,42.0,160.0,122,208.0,123.0,163.0,27.0,9.0,11.0,5.0,0.0,1.0,0.0,1.0,1.0,Full Time,snout,First goal... %O including %K... also %M and %T... and scored %s,wing,Starting on wing,,0.0,,,Midfielder,7.0,21.0,90.81,0.0,0.0,0.68,0.8,,,,6.0,2.0,3.0,69.0,88.0,947.0,0.0,False,1663,1630,25.0,8603_GE,97.0,1,69.0,1,18.666666666666668,15.266666666666667,6.333333333333333,5.933333333333334,9.0,6.266666666666667,3.6666666666666665,1.6,0.0,0.0,0.3333333333333333,0.4,0.0,0.3333333333333333,0.3333333333333333,0.5333333333333333,0.3333333333333333,0.6,0.0,0.0,0.68,0.68,0.8,0.8,3.3333333333333335,3.466666666666667,1.0,1.1333333333333333,2.6666666666666665,2.6666666666666665,77.0,73.26666666666667,85.66666666666667,83.66666666666667,563.0,471.8,1516.0,1590.0,1770.0,1696.2666666666667,78.4,74.1,83.6,86.33333333333333,1,snout,0.41074937832910074
120256,8603,http://live.fanfooty.com.au/game/matchcentre.html?id=8603,R24,2023,294199.0,Sam,Menegola,GE,19.0,99.0,60,128.0,78.0,109.0,17.0,10.0,6.0,3.0,0.0,0.0,1.0,0.0,1.0,Full Time,wing,%P and %M plus %T... %s as well... Playing an outside game,,,,0.0,,,Midfielder,27.0,21.0,98.43,0.0,0.0,0.64,0.12,,,,6.0,3.0,10.0,51.0,81.0,486.0,0.0,False,1663,1630,25.0,8603_GE,97.0,0,69.0,0,16.0,15.266666666666667,7.666666666666667,7.8,5.0,5.4,2.0,2.466666666666667,0.0,0.0,0.3333333333333333,0.3333333333333333,0.6666666666666666,1.1333333333333333,0.6666666666666666,0.5333333333333333,0.6666666666666666,0.7333333333333333,0.0,0.0,0.21333333333333335,0.042666666666666665,0.04,0.008,5.333333333333333,6.466666666666667,1.6666666666666667,1.8666666666666667,6.333333333333333,4.133333333333334,64.0,65.53333333333333,80.33333333333333,78.53333333333333,448.6666666666667,439.8666666666667,1763.3333333333333,1729.0,1523.0,1563.5333333333333,86.7,81.3,76.8,77.33333333333333,1,wing,0.2681367974049972
120285,8603,http://live.fanfooty.com.au/game/matchcentre.html?id=8603,R24,2023,293651.0,Hayden,Crozier,WB,13.0,70.0,61,50.0,56.0,75.0,10.0,7.0,6.0,2.0,0.0,0.0,0.0,0.0,0.0,Full Time,guard,%D and %M with %T... Starting on a HBF,,,,,,,Back,9.0,0.0,0.0,0.0,0.5,0.47,0.09,,,,4.0,1.0,2.0,76.0,74.0,233.0,0.0,False,1630,1663,25.0,8603_WB,97.0,0,69.0,0,6.666666666666667,9.6,4.0,4.466666666666667,3.0,4.866666666666666,1.3333333333333333,1.2,0.0,0.0,0.3333333333333333,0.7333333333333333,0.3333333333333333,0.6,0.0,0.06666666666666667,0.0,0.06666666666666667,0.5,0.13333333333333333,0.47,0.12533333333333332,0.09,0.024,2.6666666666666665,3.7333333333333334,0.3333333333333333,0.2,2.0,1.8666666666666667,78.66666666666667,79.66666666666667,60.666666666666664,68.13333333333334,172.66666666666666,267.26666666666665,1698.6666666666667,1655.0,1586.6666666666667,1634.7333333333333,63.95,52.6,54.6,44.666666666666664,1,guard,0.07350072759967634
120290,8603,http://live.fanfooty.com.au/game/matchcentre.html?id=8603,R24,2023,996483.0,Toby,McLean,WB,18.0,56.0,50,56.0,42.0,63.0,4.0,11.0,0.0,6.0,0.0,1.0,1.0,0.0,0.0,Full Time,wing,%O including %B... also %T... Playing a forward role,,,,,,,Forward,16.0,0.0,0.0,0.0,52.37,55.06,30.96,,,,6.0,4.0,2.0,80.0,76.0,106.0,0.0,False,1630,1663,25.0,8603_WB,97.0,0,69.0,0,3.0,4.266666666666667,11.666666666666666,9.0,2.3333333333333335,1.8666666666666667,3.6666666666666665,4.0,0.0,0.0,0.3333333333333333,0.8,1.3333333333333333,0.7333333333333333,0.0,0.4666666666666667,0.0,0.4,52.37,13.965333333333332,55.06,14.682666666666668,30.96,8.256,5.333333333333333,5.266666666666667,2.6666666666666665,1.8,2.6666666666666665,1.7333333333333334,74.0,71.66666666666667,70.66666666666667,70.33333333333333,98.66666666666667,124.53333333333333,1660.6666666666667,1649.4,1627.0,1634.0,63.15,56.7,54.0,49.666666666666664,1,wing,0.07941248573701565
120300,8604,http://live.fanfooty.com.au/game/matchcentre.html?id=8604,R24,2023,280078.0,Luke,Shuey,WC,26.0,101.0,94,131.0,77.0,105.0,18.0,7.0,4.0,4.0,0.0,2.0,1.0,1.0,0.0,Full Time,hot,%P with %k by foot... also %M and %T... and scored %s,shovel,Starting in midfield,,,,,Midfielder,13.0,0.0,0.0,0.0,0.19,0.18,0.14,,,,10.0,5.0,5.0,68.0,64.0,544.0,0.0,False,1659,1589,25.0,8604_WC,97.0,0,69.0,1,14.0,11.266666666666667,10.666666666666666,9.733333333333333,2.3333333333333335,2.4,5.333333333333333,5.733333333333333,0.0,0.0,1.6666666666666667,1.8,1.3333333333333333,1.4666666666666666,0.3333333333333333,0.26666666666666666,0.0,0.13333333333333333,0.19,0.114,0.18,0.108,0.14,0.08400000000000002,10.666666666666666,8.466666666666667,5.666666666666667,4.666666666666667,3.6666666666666665,3.2,70.0,73.6,68.66666666666667,65.93333333333334,363.3333333333333,272.53333333333336,1609.3333333333333,1561.6,1669.6666666666667,1725.1333333333334,84.85,85.8,95.2,94.33333333333333,1,hot,0.39775551229044165
120302,8604,http://live.fanfooty.com.au/game/matchcentre.html?id=8604,R24,2023,240283.0,Shannon,Hurn,WC,14.0,89.0,88,117.0,67.0,90.0,18.0,4.0,6.0,2.0,0.0,1.0,0.0,0.0,0.0,Full Time,fog,%P including %K... also %M and %T... Has Fogarty,,,,,,,Back,25.0,0.0,0.0,0.0,0.23,0.24,0.3,,,,2.0,1.0,2.0,95.0,83.0,506.0,0.0,False,1659,1589,25.0,8604_WC,97.0,0,69.0,1,18.333333333333332,16.666666666666668,4.0,5.466666666666667,7.333333333333333,5.733333333333333,2.0,2.0,0.0,0.0,0.3333333333333333,0.3333333333333333,0.6666666666666666,0.5333333333333333,0.0,0.0,0.0,0.0,0.23,0.19933333333333333,0.24,0.20800000000000002,0.3,0.26,3.0,3.8,0.6666666666666666,0.3333333333333333,1.6666666666666667,1.8,92.66666666666667,88.86666666666666,79.66666666666667,74.8,397.0,425.6,1623.6666666666667,1556.2,1647.3333333333333,1726.8,99.95,90.0,99.2,97.66666666666667,1,fog,0.6116450971332145
120307,8604,http://live.fanfooty.com.au/game/matchcentre.html?id=8604,R24,2023,994539.0,Sam,Petrevski-Seton,WC,8.0,64.0,67,79.0,52.0,72.0,6.0,12.0,3.0,3.0,0.0,1.0,0.0,0.0,0.0,Full Time,wing,%O and %M plus %T... Playing a half forward role,,,,0.0,,,Midfielder,10.0,21.0,69.33,0.0,0.0,0.07,0.05,,,,6.0,0.0,3.0,83.0,61.0,87.0,1.0,False,1659,1589,25.0,8604_WC,97.0,0,69.0,0,7.666666666666667,7.133333333333334,9.333333333333334,6.333333333333333,2.0,2.8666666666666667,5.0,3.2,0.0,0.0,0.3333333333333333,0.4,0.0,0.26666666666666666,0.0,0.2,0.3333333333333333,0.2,0.0,0.0,0.07,0.060666666666666674,0.05,0.043333333333333335,6.333333333333333,5.4,1.6666666666666667,1.0,1.6666666666666667,1.2,73.66666666666667,78.33333333333333,67.0,72.8,179.0,144.73333333333332,1542.6666666666667,1479.0,1718.3333333333333,1798.4666666666667,60.8,60.8,75.6,73.0,1,wing,0.0858143132938795
120362,8605,http://live.fanfooty.com.au/game/matchcentre.html?id=8605,R24,2023,292145.0,Tom,Jonas,PA,3.0,31.0,41,40.0,27.0,33.0,4.0,2.0,5.0,0.0,0.0,0.0,0.0,0.0,0.0,Full Time,job,%M and %D... In defence on Bauer,,,,0.0,,,Back,1.0,17.0,75.53,0.0,0.0,0.2,0.17,,,,0.0,0.0,2.0,83.0,94.0,75.0,0.0,False,1547,1747,25.0,8605_PA,97.0,0,69.0,0,5.333333333333333,5.133333333333334,3.3333333333333335,3.0,4.333333333333333,3.8,1.6666666666666667,1.9333333333333333,0.0,0.0,1.0,0.6666666666666666,0.0,0.5333333333333333,0.0,0.06666666666666667,0.0,0.0,0.0,0.010666666666666666,0.2,0.16000000000000003,0.17,0.136,3.3333333333333335,2.6666666666666665,0.3333333333333333,0.13333333333333333,1.3333333333333333,1.9333333333333333,87.0,77.86666666666666,83.0,90.13333333333334,70.33333333333333,107.93333333333334,1709.0,1699.8,1564.0,1578.8666666666666,53.8,47.4,50.0,56.666666666666664,1,job,0.04481082858781318
120407,8606,http://live.fanfooty.com.au/game/matchcentre.html?id=8606,R24,2023,996442.0,Ryan,Clarke,SY,1.0,25.0,40,28.0,23.0,33.0,0.0,9.0,1.0,1.0,0.0,0.0,0.0,0.0,0.0,Full Time,in,%l Tom Papley... %O including %B,tagger,Playing a forward role on Salem,,0.0,,,Midfielder,4.0,18.0,69.83,0.0,0.0,0.02,0.04,,,,4.0,0.0,0.0,88.0,68.0,31.0,1.0,False,1615,1643,25.0,8606_SY,97.0,0,69.0,0,2.0,3.6,5.333333333333333,5.4,0.3333333333333333,1.7333333333333334,1.3333333333333333,2.1333333333333333,0.0,0.0,0.0,0.4,0.3333333333333333,0.6666666666666666,0.0,0.3333333333333333,0.0,0.2,0.0,0.0,0.02,0.018666666666666668,0.04,0.037333333333333336,3.0,3.2666666666666666,0.0,0.26666666666666666,0.6666666666666666,1.9333333333333333,87.66666666666667,72.8,50.666666666666664,63.06666666666667,54.666666666666664,81.93333333333334,1672.3333333333333,1635.4,1592.6666666666667,1640.6,42.15,33.2,25.0,31.666666666666668,1,in,0.005693466281812646
120415,8606,http://live.fanfooty.com.au/game/matchcentre.html?id=8606,R24,2023,298279.0,Angus,Brayshaw,ME,19.0,86.0,77,64.0,65.0,91.0,11.0,11.0,1.0,5.0,0.0,1.0,0.0,1.0,1.0,Full Time,shovel,%D and %T plus %s... Starting on ball,,,,0.0,,,Midfielder,10.0,18.0,104.11,0.0,0.0,7.63,14.93,,,,9.0,5.0,4.0,59.0,75.0,315.0,0.0,False,1643,1615,25.0,8606_ME,97.0,0,69.0,1,11.0,12.266666666666667,13.333333333333334,12.8,2.6666666666666665,3.2666666666666666,6.333333333333333,4.066666666666666,0.0,0.0,0.6666666666666666,0.8,0.0,0.2,0.6666666666666666,0.13333333333333333,0.3333333333333333,0.26666666666666666,0.0,0.0,7.63,7.63,14.93,14.93,9.333333333333334,10.066666666666666,5.0,4.666666666666667,3.0,2.8,67.66666666666667,68.06666666666666,76.0,77.4,273.0,328.8,1627.3333333333333,1668.5333333333333,1642.3333333333333,1614.0,91.55,97.6,92.6,94.66666666666667,1,shovel,0.3689655805907453
120921,8626,http://live.fanfooty.com.au/game/matchcentre.html?id=8626,EF,2023,290160.0,Michael,Hibberd,ME,4.0,45.0,78,34.0,35.0,45.0,6.0,4.0,3.0,2.0,0.0,2.0,0.0,0.0,0.0,Full Time,guard,%P and %M plus %T... Minding Elliott,,,,0.0,,,Back,14.0,17.0,68.82,0.0,0.0,0.07,0.07,,,,5.0,0.0,0.0,100.0,93.0,193.0,0.0,False,1684,1604,30.0,8626_ME,99.20000000000002,0,69.0,1,6.666666666666667,7.933333333333334,3.3333333333333335,5.066666666666666,3.3333333333333335,3.2666666666666666,1.3333333333333333,1.2666666666666666,0.0,0.0,0.6666666666666666,0.5333333333333333,0.3333333333333333,0.6,0.0,0.0,0.0,0.0,0.0,0.0,0.07,0.04200000000000001,0.07,0.04200000000000001,5.0,5.266666666666667,0.0,0.06666666666666667,1.3333333333333333,1.6666666666666667,84.33333333333333,82.13333333333334,91.66666666666667,88.26666666666667,211.33333333333334,258.1333333333333,1654.6666666666667,1695.8,1639.6666666666667,1597.6,63.95,69.1,62.8,67.66666666666667,1,guard,0.07348339935087785
120969,8627,http://live.fanfooty.com.au/game/matchcentre.html?id=8627,EF,2023,294266.0,Tom,Hickey,SY,10.0,50.0,88,51.0,51.0,63.0,1.0,9.0,2.0,1.0,24.0,1.0,2.0,0.0,0.0,Full Time,ruck,%H... also %D and %M... In ruck,,,,,,,Ruck,31.0,0.0,0.0,0.0,0.82,0.73,1.18,,,,9.0,2.0,2.0,80.0,75.0,52.0,0.0,False,1696,1583,30.0,8627_SY,99.20000000000002,0,69.0,1,4.333333333333333,5.866666666666666,7.666666666666667,6.866666666666666,2.6666666666666665,2.533333333333333,1.6666666666666667,2.3333333333333335,20.666666666666668,23.733333333333334,1.3333333333333333,1.0666666666666667,2.0,1.6666666666666667,0.0,0.06666666666666667,0.3333333333333333,0.2,0.82,0.656,0.73,0.584,1.18,0.9440000000000001,9.0,8.4,2.6666666666666665,3.3333333333333335,2.6666666666666665,2.7333333333333334,70.66666666666667,72.86666666666666,74.66666666666667,75.4,129.66666666666666,158.93333333333334,1606.0,1640.7333333333333,1666.0,1634.0,83.9,73.8,71.0,78.33333333333333,1,ruck,0.30191503225596955
121078,8630,http://live.fanfooty.com.au/game/matchcentre.html?id=8630,SF,2023,1003546.0,Joel,Smith,ME,16.0,52.0,59,64.0,46.0,54.0,4.0,2.0,4.0,2.0,0.0,1.0,1.0,3.0,0.0,Full Time,spearhead,%D and %M with %T... %s as well... Playing tall forward on Kemp,,,,0.0,,,Back,29.0,7.0,55.29,0.0,0.0,0.11,0.29,,,,3.0,0.0,1.0,100.0,78.0,102.0,0.0,False,1641,1634,32.0,8630_ME,102.2,0,70.0,0,5.666666666666667,3.933333333333333,2.3333333333333335,1.8666666666666667,4.0,2.466666666666667,2.6666666666666665,2.1333333333333333,0.3333333333333333,0.06666666666666667,0.3333333333333333,0.3333333333333333,0.3333333333333333,0.5333333333333333,1.3333333333333333,0.7333333333333333,0.0,0.26666666666666666,0.0,0.0,0.11,0.09533333333333345,0.29,0.2513333333333333,3.6666666666666665,2.8666666666666667,0.6666666666666666,0.13333333333333333,0.6666666666666666,1.0666666666666667,63.666666666666664,65.0,79.33333333333333,60.2,166.0,89.93333333333334,1617.6666666666667,1665.0,1656.0,1620.2,45.25,47.4,55.6,58.333333333333336,1,spearhead,0.03781725212617501
121126,8631,http://live.fanfooty.com.au/game/matchcentre.html?id=8631,SF,2023,290746.0,Scott,Lycett,PA,3.0,32.0,24,38.0,29.0,37.0,3.0,3.0,1.0,1.0,13.0,0.0,1.0,0.0,0.0,Full Time,injured,Right ankle knock in Q2... subbed off in Q3... %H with %P,subbed,First ruck,,,,,Ruck,29.0,0.0,0.0,0.0,8.15,2.93,5.1,,,,2.0,1.0,1.0,66.0,43.0,109.0,1.0,True,1892,1408,32.0,8631_PA,102.2,0,70.0,0,2.3333333333333335,3.533333333333333,5.0,7.066666666666666,0.6666666666666666,1.1333333333333333,4.666666666666667,3.533333333333333,24.0,24.533333333333335,1.0,1.8,2.0,1.8666666666666667,0.0,0.0,0.3333333333333333,0.06666666666666667,8.15,7.606666666666667,2.93,2.734666666666667,5.1,4.76,5.333333333333333,6.666666666666667,2.6666666666666665,3.8666666666666667,3.0,3.1333333333333333,69.66666666666667,74.4,61.666666666666664,69.86666666666666,65.66666666666667,101.4,1552.3333333333333,1628.2,1729.6666666666667,1653.0,74.2,74.4,71.0,59.666666666666664,1,injured,0.13388190527520194
121128,8631,http://live.fanfooty.com.au/game/matchcentre.html?id=8631,SF,2023,290527.0,Trent,McKenzie,PA,2.0,23.0,34,33.0,22.0,33.0,7.0,1.0,3.0,0.0,0.0,0.0,3.0,0.0,0.0,Full Time,witcheshat,Limping in Q2 and was obviously not fit... %D with %k by foot... also %M... conceded %F,sore,Starting in defence on Hogan,,0.0,,,Back,12.0,1.0,41.0,0.0,0.0,0.08,0.03,,,,2.0,0.0,3.0,75.0,90.0,214.0,1.0,True,1892,1408,32.0,8631_PA,102.2,0,70.0,0,7.666666666666667,8.4,0.6666666666666666,1.3333333333333333,2.6666666666666665,3.8,1.3333333333333333,1.2666666666666666,0.0,0.0,0.0,0.3333333333333333,1.3333333333333333,0.6,0.0,0.0,0.0,0.0,0.0,0.0,0.08,0.08,0.03,0.03,2.3333333333333335,2.7333333333333334,0.3333333333333333,0.13333333333333333,2.3333333333333335,1.5333333333333334,76.0,82.73333333333333,90.66666666666667,86.46666666666667,252.33333333333334,244.33333333333334,1504.3333333333333,1643.4666666666667,1785.6666666666667,1643.2666666666667,55.85,48.9,41.0,41.333333333333336,1,witcheshat,0.02773073272124067
121179,8632,http://live.fanfooty.com.au/game/matchcentre.html?id=8632,PF,2023,290675.0,Daniel,Lloyd,WS,21.0,87.0,67,67.0,67.0,85.0,12.0,2.0,8.0,4.0,0.0,0.0,0.0,1.0,1.0,Full Time,wing,%D with %k by foot... also %M and %T... and kicked %s... Playing a HFF role,,,0.0,0.0,0.0,,Midfielder,38.0,13.0,60.08,0.0,0.0,0.09,0.04,0.0,,,3.0,0.0,1.0,57.0,88.0,322.0,0.0,False,1661,1619,33.0,8632_WS,96.2,0,75.0,0,9.0,7.4,3.0,5.533333333333333,4.0,3.0,3.0,3.533333333333333,0.0,0.0,0.3333333333333333,0.3333333333333333,0.0,0.2,0.6666666666666666,0.6,0.6666666666666666,0.6,0.0,0.0,0.09,0.09,0.04,0.04,3.6666666666666665,5.533333333333333,0.0,0.2,1.3333333333333333,2.1333333333333333,73.33333333333333,68.8,83.33333333333333,82.0,222.33333333333334,225.6,1747.0,1714.1333333333334,1543.0,1570.0,62.8,63.1,64.0,64.66666666666667,1,wing,0.07247161828264022
121263,8634,http://live.fanfooty.com.au/game/matchcentre.html?id=8634,GF,2023,1005107.0,Nathan,Murphy,CO,0.0,16.0,19,21.0,12.0,15.0,4.0,0.0,1.0,0.0,0.0,1.0,0.0,0.0,0.0,Full Time,injured,High contact in a clash with the shoulder of McCarthy meant he came off for a HIA... failed and subbed off in Q2 for Lipinski... %D,subbed,Playing key defender on Hipwood,0.0,0.0,0.0,,Back,28.0,1.0,46.0,0.0,0.0,0.08,0.32,0.0,,,1.0,0.0,1.0,100.0,20.0,73.0,1.0,True,1517,1761,34.0,8634_CO,110.4,0,66.0,0,5.333333333333333,5.666666666666667,2.6666666666666665,3.933333333333333,1.6666666666666667,3.6666666666666665,1.3333333333333333,1.8,0.0,0.0,0.6666666666666666,0.8,1.0,0.8666666666666667,0.0,0.0,0.0,0.0,0.0,0.0,0.08,0.08,0.32,0.32,2.6666666666666665,4.066666666666666,0.0,0.06666666666666667,2.3333333333333335,2.2,80.0,82.46666666666667,73.33333333333333,87.66666666666667,117.0,115.33333333333333,1702.0,1684.1333333333334,1580.0,1602.2666666666667,58.3,55.2,41.8,38.0,1,injured,0.062394682075980416
121329,8800,http://live.fanfooty.com.au/game/matchcentre.html?id=8800,R0,2024,1002282.0,Charlie,Spargo,ME,3.0,36.0,36,26.0,31.0,46.0,5.0,7.0,1.0,2.0,0.0,1.0,2.0,0.0,1.0,Full Time,pocket,%s from %O and %T... Starting forward,,,419600.0,,261400.0,,Forward,9.0,0.0,0.0,0.0,0.09,0.09,0.13,411000.0,,,2.0,0.0,3.0,75.0,77.0,134.0,0.0,False,1737,1555,1.0,8800_ME,101.0,0,73.0,0,7.666666666666667,7.4,4.666666666666667,4.066666666666666,3.6666666666666665,3.2,2.3333333333333335,2.066666666666667,0.0,0.0,1.0,0.8666666666666667,1.3333333333333333,0.8,0.3333333333333333,0.8,1.0,0.4666666666666667,0.03,0.011333333333333332,0.17,0.174,0.11666666666666665,0.09666666666666666,2.6666666666666665,3.0,0.0,0.13333333333333333,2.6666666666666665,1.9333333333333333,70.33333333333333,74.86666666666666,65.33333333333333,69.4,186.33333333333334,168.2,1613.0,1674.1333333333334,1666.6666666666667,1613.7333333333333,51.35,50.4,44.2,47.333333333333336,1,pocket,0.04148134112456596
121330,8800,http://live.fanfooty.com.au/game/matchcentre.html?id=8800,R0,2024,993841.0,Josh,Schache,ME,2.0,29.0,27,26.0,22.0,27.0,3.0,1.0,2.0,2.0,1.0,1.0,0.0,0.0,2.0,Full Time,lizard,%s from %D and %M with %T... Starting forward on Blakey,,,207700.0,,123900.0,,Forward,19.0,0.0,0.0,0.0,0.13,0.33,0.05,355000.0,,,2.0,0.0,1.0,25.0,76.0,62.0,0.0,False,1737,1555,1.0,8800_ME,101.0,0,73.0,0,1.3333333333333333,5.8,0.3333333333333333,2.2,1.0,3.7333333333333334,0.6666666666666666,1.5333333333333334,0.6666666666666666,1.1333333333333333,0.3333333333333333,0.4,0.0,0.6666666666666666,0.0,0.6666666666666666,1.0,0.8,0.06999999999999999,0.016666666666666666,0.20333333333333337,0.05,0.043333333333333335,0.011333333333333334,0.6666666666666666,2.7333333333333334,0.0,0.26666666666666666,0.3333333333333333,1.4666666666666666,8.333333333333334,52.06666666666667,31.0,64.4,31.0,130.86666666666667,1631.3333333333333,1662.5333333333333,1648.3333333333333,1625.6666666666667,42.9,35.7,26.0,11.0,1,lizard,4.223526605052589e-05
121351,8801,http://live.fanfooty.com.au/game/matchcentre.html?id=8801,R0,2024,1006059.0,Keidean,Coleman,BL,3.0,34.0,37,44.0,28.0,36.0,6.0,2.0,4.0,0.0,0.0,0.0,0.0,0.0,0.0,Full Time,longterminjured,Left knee bent wrong way while kicking under a Fogarty challenge very late in Q2... carried off at HT and subbed off for Lohmann... later confirmed ACL rupture... %O with %k by foot... also %M,subbed,Starting at half back,639600.0,,398800.0,,Back,18.0,0.0,0.0,0.0,18.6,18.05,26.11,628000.0,,,2.0,0.0,0.0,87.0,44.0,141.0,0.0,True,1671,1593,1.0,8801_BL,101.0,0,73.0,0,15.666666666666666,14.266666666666667,2.6666666666666665,3.8,7.333333333333333,6.066666666666666,3.3333333333333335,2.6666666666666665,0.0,0.0,1.0,1.2,0.0,0.4,0.0,0.13333333333333333,0.3333333333333333,0.26666666666666666,7.5200000000000005,3.088,6.763333333333333,2.248666666666667,10.17,3.7939999999999996,4.0,4.8,1.0,0.8,0.6666666666666666,2.3333333333333335,84.0,74.2,68.0,73.2,509.6666666666667,427.73333333333335,1607.6666666666667,1687.9333333333334,1669.0,1593.0,79.4,87.4,87.4,97.0,1,longterminjured,0.16841973158242735
121682,8808,http://live.fanfooty.com.au/game/matchcentre.html?id=8808,R1,2024,294307.0,Brad,Crouch,SK,13.0,59.0,56,51.0,45.0,63.0,6.0,9.0,2.0,4.0,0.0,1.0,0.0,0.0,0.0,Full Time,shovel,%P and %M plus %T... Playing inside midfield,,,953000.0,0.0,545000.0,,Midfielder,5.0,0.0,0.0,0.0,0.0,0.17,0.49,932000.0,,,6.0,5.0,2.0,66.0,63.0,126.0,0.0,False,1679,1618,2.0,8808_SK,98.60000000000014,0,69.0,0,7.666666666666667,11.933333333333334,13.0,14.533333333333333,3.0,3.533333333333333,3.6666666666666665,6.133333333333334,0.0,0.0,0.3333333333333333,1.1333333333333333,0.6666666666666666,0.6666666666666666,0.3333333333333333,0.4,0.3333333333333333,0.3333333333333333,0.0,0.0,0.19000000000000003,0.198,0.42333333333333334,0.39666666666666667,7.333333333333333,11.066666666666666,3.0,5.533333333333333,3.3333333333333335,4.066666666666666,64.33333333333333,69.53333333333333,71.33333333333333,77.46666666666667,159.66666666666666,262.1333333333333,1594.3333333333333,1648.3333333333333,1690.3333333333333,1632.0,92.05,87.6,73.6,64.33333333333333,1,shovel,0.34169696235490926
121714,8809,http://live.fanfooty.com.au/game/matchcentre.html?id=8809,R1,2024,996464.0,Darcy,Macpherson,GC,0.0,3.0,1,4.0,2.0,3.0,1.0,0.0,0.0,0.0,0.0,0.0,0.0,0.0,0.0,Full Time,guard,On in Q4 for Ellis,sub,Started as the sub,702600.0,0.0,398500.0,,Back,44.0,5.0,71.4,0.0,0.0,0.22,0.12,687000.0,,,0.0,0.0,0.0,0.0,17.0,34.0,0.0,False,1607,1677,2.0,8809_GC,98.60000000000014,0,69.0,0,5.0,9.8,2.6666666666666665,4.8,2.3333333333333335,3.933333333333333,1.3333333333333333,1.7333333333333334,0.0,0.0,0.0,0.7333333333333333,0.3333333333333333,0.5333333333333333,0.0,0.2,0.0,0.06666666666666667,0.10333333333333333,0.020666666666666667,0.17000000000000004,0.09000000000000001,0.10333333333333333,0.07666666666666667,1.6666666666666667,4.466666666666667,0.3333333333333333,0.7333333333333333,1.3333333333333333,2.2666666666666666,60.0,66.53333333333333,37.333333333333336,67.06666666666666,100.66666666666667,209.0,1708.3333333333333,1610.9333333333334,1571.3333333333333,1675.6,63.05,47.9,33.2,31.666666666666668,1,guard,0.06179733670566128
121845,8812,http://live.fanfooty.com.au/game/matchcentre.html?id=8812,R1,2024,992472.0,Oscar,McDonald,FR,3.0,38.0,27,51.0,30.0,42.0,8.0,2.0,3.0,1.0,0.0,0.0,1.0,0.0,0.0,Full Time,injured,Left knee hyperextension landing after spoiling late in Q3... looked nasty and iced up at 3QT... %P with %k by foot... also %M,job,In defence on Hipwood,195400.0,0.0,123900.0,,Back,21.0,21.0,42.52,0.0,0.0,1.34,0.18,313000.0,,,1.0,0.0,4.0,50.0,58.0,197.0,1.0,True,1505,1753,2.0,8812_FR,98.60000000000014,0,69.0,0,8.666666666666666,6.066666666666666,2.6666666666666665,2.933333333333333,4.333333333333333,2.6,0.3333333333333333,0.9333333333333333,0.0,0.2,1.0,0.5333333333333333,0.3333333333333333,0.8,0.0,0.2,0.0,0.06666666666666667,0.0,0.0,0.44666666666666677,0.08933333333333333,0.06,0.012,3.6666666666666665,3.1333333333333333,0.0,0.06666666666666667,2.6666666666666665,2.2,63.0,59.13333333333333,68.0,71.66666666666667,150.33333333333334,,1777.3333333333333,1637.0,1494.0,1619.2666666666667,49.15,35.4,27.6,46.0,1,injured,0.050066451543254634
122134,8818,http://live.fanfooty.com.au/game/matchcentre.html?id=8818,R2,2024,281124.0,Levi,Casboult,GC,8.0,49.0,68,46.0,42.0,53.0,3.0,5.0,0.0,3.0,19.0,1.0,1.0,0.0,1.0,Full Time,ruckfwd,%s from %O and %T... Playing a forward/ruck role,,,324600.0,0.0,,,Forward,30.0,10.0,52.8,0.0,0.0,0.06,0.09,,,,8.0,1.0,3.0,25.0,82.0,13.0,0.0,False,1830,1435,3.0,8818_GC,99.0,0,70.5,0,5.0,6.6,4.0,2.8,2.0,4.666666666666667,2.0,1.8666666666666667,7.666666666666667,5.666666666666667,1.0,0.6,1.0,1.2,0.0,1.2,0.3333333333333333,0.6,0.043333333333333335,0.008666666666666666,0.06,0.356,0.09,0.306,5.333333333333333,4.533333333333333,0.6666666666666666,0.8,2.3333333333333335,2.933333333333333,50.0,60.333333333333336,81.66666666666667,87.13333333333334,107.33333333333333,165.4,1676.6666666666667,1601.8,1601.0,1683.2,55.35,52.5,42.6,47.333333333333336,1,ruckfwd,0.04219937864949273
122140,8818,http://live.fanfooty.com.au/game/matchcentre.html?id=8818,R2,2024,293713.0,Brandon,Ellis,GC,1.0,26.0,35,12.0,21.0,28.0,5.0,3.0,1.0,0.0,0.0,1.0,0.0,0.0,1.0,Full Time,wing,%P and %s... On the outside,,,482800.0,0.0,,,Back,4.0,17.0,74.35,0.0,0.0,0.05,0.11,,,,4.0,0.0,0.0,50.0,84.0,69.0,0.0,False,1830,1435,3.0,8818_GC,99.0,0,70.5,0,8.0,11.533333333333333,3.6666666666666665,5.133333333333334,2.6666666666666665,4.666666666666667,1.6666666666666667,2.4,0.0,0.0,0.3333333333333333,0.2,0.3333333333333333,0.4,0.0,0.3333333333333333,0.6666666666666666,0.5333333333333333,0.013333333333333185,0.0026666666666666666,0.05,0.402,0.11,1.1099999999999999,4.333333333333333,5.266666666666667,0.3333333333333333,1.5333333333333334,2.3333333333333335,2.0,51.0,71.46666666666667,76.0,83.86666666666666,188.66666666666666,280.06666666666666,1676.6666666666667,1607.0,1601.0,1675.0666666666666,75.4,76.8,60.2,46.666666666666664,1,wing,0.11735166374253798
122251,8821,http://live.fanfooty.com.au/game/matchcentre.html?id=8821,R3,2024,1009385.0,Deven,Robertson,BL,3.0,28.0,26,35.0,23.0,36.0,3.0,7.0,0.0,2.0,0.0,0.0,1.0,0.0,0.0,Full Time,wing,Subbed off in Q4 for Lohmann... %D and %T,subbed,Playing a half forward role,,,,,Midfielder,2.0,0.0,0.0,0.0,1.64,1.16,4.59,,,,6.0,1.0,6.0,60.0,61.0,54.0,1.0,True,1659,1615,4.0,8821_BL,97.0,0,72.0,0,4.0,4.733333333333333,5.666666666666667,5.066666666666666,1.3333333333333333,2.1333333333333333,1.3333333333333333,2.6666666666666665,0.0,0.0,0.0,0.6,0.3333333333333333,0.8,0.3333333333333333,0.2,0.0,0.13333333333333333,1.2233333333333334,0.5566666666666666,0.8966666666666665,0.47533333333333333,3.1466666666666665,0.8373333333333334,3.6666666666666665,4.8,1.0,1.6,2.3333333333333335,2.1333333333333333,70.0,60.53333333333333,67.66666666666667,64.73333333333333,90.0,109.33333333333333,1545.6666666666667,1672.1333333333334,1724.3333333333333,1608.6666666666667,48.95,49.3,35.6,36.0,1,wing,0.03693638338572351
122299,8822,http://live.fanfooty.com.au/game/matchcentre.html?id=8822,R3,2024,1000061.0,Callum,Coleman-Jones,NM,0.0,12.0,14,13.0,12.0,14.0,0.0,3.0,1.0,0.0,2.0,1.0,0.0,0.0,0.0,Full Time,longterminjured,Went down as if shot without contact in Q2 clutching his right ankle... looked very much like an Achilles rupture... subbed off for Ford... %H with %D,subbed,Playing a forward/ruck role on Marchbank,147500.0,0.0,,,Ruck,21.0,0.0,0.0,0.0,0.0,0.12,0.07,,,,2.0,0.0,0.0,66.0,25.0,-8.0,1.0,True,1889,1388,4.0,8822_NM,97.0,0,72.0,0,2.0,4.4,4.0,4.666666666666667,2.3333333333333335,2.8,0.3333333333333333,1.9333333333333333,3.6666666666666665,6.8,1.0,0.8,0.3333333333333333,0.9333333333333333,0.0,0.4666666666666667,0.0,0.26666666666666666,0.0,0.0,0.12,0.23999999999999996,0.07,0.302,3.3333333333333335,4.6,0.0,1.0666666666666667,0.6666666666666666,3.066666666666667,81.0,67.73333333333333,49.666666666666664,68.93333333333334,49.333333333333336,120.53333333333333,1465.3333333333333,1516.0,1821.3333333333333,1772.0,48.4,39.1,29.6,34.0,1,longterminjured,0.03290512886939649
122366,8823,http://live.fanfooty.com.au/game/matchcentre.html?id=8823,R3,2024,1012218.0,Luke,Pedlar,AD,2.0,19.0,10,16.0,16.0,24.0,3.0,1.0,2.0,2.0,0.0,0.0,2.0,0.0,0.0,Full Time,wing,Subbed off in Q3 for Murphy... %O and %M plus %T,subbed,Playing a half forward role,,,,,Forward,10.0,0.0,0.0,0.0,1.55,0.95,0.9,,,,1.0,1.0,2.0,50.0,40.0,47.0,1.0,True,1779,1507,4.0,8823_AD,97.0,0,72.0,0,6.333333333333333,7.666666666666667,1.0,3.066666666666667,2.0,2.4,1.0,2.6666666666666665,0.0,0.0,0.0,1.1333333333333333,1.3333333333333333,1.2666666666666666,0.0,0.8666666666666667,0.6666666666666666,0.7333333333333333,1.55,18.758,0.95,2.2060000000000004,0.9,14.148,4.0,5.466666666666667,1.3333333333333333,1.6666666666666667,2.0,3.0,47.333333333333336,54.333333333333336,58.666666666666664,70.33333333333333,210.33333333333334,216.8,1577.0,1689.8666666666666,1712.6666666666667,1596.5333333333333,50.5,42.5,39.0,30.0,1,wing,0.03988100528313685
123555,8850,http://live.fanfooty.com.au/game/matchcentre.html?id=8850,R6,2024,293716.0,Jarryd,Lyons,BL,3.0,40.0,41,52.0,31.0,45.0,5.0,6.0,1.0,3.0,0.0,1.0,1.0,0.0,0.0,Full Time,wing,On in Q3 for McINerney... %O and %T,sub,Started as the sub,,0.0,,,Midfielder,17.0,18.0,94.89,0.0,0.0,0.66,0.04,,,,6.0,1.0,1.0,54.0,43.0,139.0,0.0,False,1609,1678,7.0,8850_BL,98.0,0,70.0,0,9.666666666666666,8.4,8.666666666666666,6.2,4.0,3.0,5.0,3.8666666666666667,0.0,0.0,1.0,0.8666666666666667,1.6666666666666667,0.5333333333333333,0.0,0.13333333333333333,0.0,0.2,0.19333333333333302,0.03866666666666666,0.66,0.3506666666666666,0.04,0.10933333333333334,6.666666666666667,6.333333333333333,2.0,2.466666666666667,2.3333333333333335,1.4666666666666666,70.66666666666667,73.13333333333334,61.0,53.06666666666667,198.66666666666666,192.8,1592.0,1665.2,1677.6666666666667,1609.1333333333334,65.35,56.9,48.2,76.0,1,wing,0.10275620864565457
123616,8851,http://live.fanfooty.com.au/game/matchcentre.html?id=8851,R6,2024,996580.0,Ethan,Hughes,FR,9.0,60.0,49,43.0,49.0,66.0,9.0,5.0,6.0,2.0,0.0,0.0,1.0,0.0,0.0,Full Time,guard,%D and %M with %T... Starting in defence,,,,0.0,,,Back,15.0,4.0,48.5,0.0,0.0,0.04,0.07,,,,1.0,0.0,1.0,92.0,84.0,120.0,0.0,False,1753,1548,7.0,8851_FR,98.0,0,70.0,0,7.0,7.866666666666666,5.666666666666667,4.6,4.333333333333333,4.533333333333333,1.0,1.8666666666666667,0.0,0.0,0.6666666666666666,0.4666666666666667,1.3333333333333333,0.6666666666666666,0.0,0.0,0.0,0.06666666666666667,0.0,0.0,0.04,0.23800000000000002,0.07,0.262,2.3333333333333335,3.1333333333333333,0.3333333333333333,0.13333333333333333,1.6666666666666667,1.6666666666666667,91.33333333333333,83.8,76.0,78.26666666666667,149.66666666666666,174.8,1567.6666666666667,1628.0,1726.6666666666667,1660.0666666666666,56.75,53.1,52.8,43.666666666666664,1,guard,0.06406511809123172
123798,8855,http://live.fanfooty.com.au/game/matchcentre.html?id=8855,R7,2024,291856.0,Tom,Mitchell,CO,7.0,58.0,49,50.0,47.0,69.0,5.0,14.0,1.0,3.0,0.0,0.0,0.0,0.0,0.0,Full Time,shovel,Subbed off at 3QT for Harrison... %P with %b by hand... also %T,subbed,Rotating midfield and forward,,0.0,,,Midfielder,6.0,21.0,130.52,0.0,0.0,0.31,0.49,,,,5.0,2.0,0.0,57.0,56.0,110.0,1.0,True,1775,1478,8.0,8855_CO,98.0,0,70.0,0,5.666666666666667,7.066666666666666,17.666666666666668,14.533333333333333,2.0,2.3333333333333335,7.666666666666667,6.533333333333333,0.0,0.0,1.6666666666666667,1.4,1.6666666666666667,1.0666666666666667,0.0,0.13333333333333333,0.3333333333333333,0.06666666666666667,0.0,0.029333333333333333,0.31,16.15,0.49,20.014000000000003,12.333333333333334,10.133333333333333,5.333333333333333,4.2,4.0,3.2666666666666666,59.333333333333336,70.26666666666667,68.0,67.86666666666666,149.33333333333334,170.46666666666667,1665.6666666666667,1640.1333333333334,1616.0,1639.6666666666667,88.25,94.9,86.0,87.0,1,shovel,0.3379298826638206
124411,8869,http://live.fanfooty.com.au/game/matchcentre.html?id=8869,R8,2024,280819.0,Dylan,Grimes,RI,3.0,32.0,44,42.0,29.0,42.0,5.0,5.0,3.0,1.0,0.0,0.0,2.0,0.0,0.0,Full Time,job,%M and %O... In defence on Amiss,,,,,,,Back,2.0,0.0,0.0,0.0,0.27,0.54,0.75,,,,2.0,0.0,3.0,100.0,75.0,32.0,0.0,False,1846,1436,9.0,8869_RI,98.0,0,71.0,0,4.666666666666667,4.4,4.666666666666667,4.0,4.0,2.466666666666667,0.3333333333333333,1.5333333333333334,0.0,0.0,0.0,0.4666666666666667,1.6666666666666667,1.4,0.0,0.0,0.3333333333333333,0.06666666666666667,0.27,0.2966666666666667,0.54,0.39333333333333337,0.75,0.7433333333333333,3.3333333333333335,3.7333333333333334,0.0,0.13333333333333333,2.6666666666666665,2.6,84.0,74.46666666666667,77.66666666666667,79.6,66.66666666666667,88.6,1494.3333333333333,1571.0666666666666,1791.6666666666667,1712.8666666666666,45.5,39.9,40.8,46.0,1,job,0.03613404101756347
124412,8869,http://live.fanfooty.com.au/game/matchcentre.html?id=8869,R8,2024,298144.0,Sam,Naismith,RI,2.0,30.0,45,36.0,27.0,34.0,1.0,5.0,3.0,1.0,4.0,0.0,0.0,0.0,0.0,Full Time,ruckfwd,Subbed off in Q3 for McIntosh... %H... also %D and %M,subbed,Playing a forward/ruck role on Draper,,,,,Ruck,24.0,0.0,0.0,0.0,7.75,11.69,0.23,,,,2.0,1.0,0.0,100.0,45.0,0.0,1.0,True,1846,1436,9.0,8869_RI,98.0,0,71.0,0,3.0,3.8666666666666667,5.666666666666667,5.0,2.6666666666666665,1.8,2.0,2.6666666666666665,12.666666666666666,25.4,1.6666666666666667,1.0666666666666667,1.0,1.2,0.0,0.0,0.0,0.13333333333333333,7.75,2.005333333333333,11.69,2.68,0.23,0.7200000000000001,5.666666666666667,5.133333333333334,3.3333333333333335,2.3333333333333335,1.6666666666666667,1.8666666666666667,69.0,66.4,67.33333333333333,70.46666666666667,65.33333333333333,,1462.3333333333333,1629.0666666666666,1825.0,1647.1333333333334,70.2,70.8,76.4,60.666666666666664,1,ruckfwd,0.08169757708902765
124502,8871,http://live.fanfooty.com.au/game/matchcentre.html?id=8871,R8,2024,296269.0,Darcy,Gardiner,BL,7.0,22.0,43,25.0,19.0,21.0,3.0,0.0,0.0,0.0,0.0,1.0,0.0,2.0,0.0,Full Time,longterminjured,Went down clutching right knee in big pain in Q2... carried off with what looked like a serious ligament injury... %P and %s,spearhead,Playing tall forward,,0.0,,,Back,27.0,20.0,59.85,0.0,0.0,0.39,0.22,,,,2.0,0.0,0.0,66.0,29.0,53.0,1.0,True,1361,1904,9.0,8871_BL,98.0,0,71.0,0,4.333333333333333,6.6,1.6666666666666667,3.1333333333333333,1.3333333333333333,3.933333333333333,2.3333333333333335,2.1333333333333333,0.0,0.0,1.0,1.0,0.3333333333333333,0.6666666666666666,0.6666666666666666,0.2,0.3333333333333333,0.13333333333333333,0.0,0.008666666666666727,0.39,0.2093333333333333,0.22,0.11466666666666667,2.6666666666666665,4.333333333333333,0.0,0.4,0.3333333333333333,1.4666666666666666,65.33333333333333,75.66666666666667,63.0,82.26666666666667,103.66666666666667,138.46666666666667,1672.6666666666667,1637.6666666666667,1604.6666666666667,1644.1333333333334,57.65,53.6,50.2,48.666666666666664,1,longterminjured,0.03950022881223545
124504,8871,http://live.fanfooty.com.au/game/matchcentre.html?id=8871,R8,2024,293581.0,Lincoln,McCarthy,BL,0.0,0.0,0,0.0,0.0,0.0,0.0,0.0,0.0,0.0,0.0,0.0,0.0,0.0,0.0,Full Time,injured,Went down as if shot clutching right knee in a marking contest against Ballard early in Q1... subbed off for Morris,subbed,Starting on a HFF,,0.0,,,Forward,11.0,2.0,49.0,0.0,0.0,0.24,0.17,,,,0.0,0.0,0.0,0.0,5.0,0.0,1.0,True,1361,1904,9.0,8871_BL,98.0,0,71.0,0,6.666666666666667,8.666666666666666,2.0,3.466666666666667,1.3333333333333333,3.533333333333333,2.6666666666666665,3.066666666666667,0.0,0.0,0.6666666666666666,0.8,0.0,0.9333333333333333,0.6666666666666666,1.2,1.0,0.8666666666666667,0.0,0.018000000000000002,0.24,0.24933333333333335,0.17,0.17933333333333337,5.0,5.466666666666667,1.0,0.8,1.0,2.466666666666667,37.666666666666664,57.4,55.666666666666664,73.06666666666666,117.33333333333333,228.86666666666667,1672.6666666666667,1656.8666666666666,1604.6666666666667,1623.5333333333333,66.65,67.0,61.6,47.333333333333336,1,injured,0.09814339876448747
124510,8871,http://live.fanfooty.com.au/game/matchcentre.html?id=8871,R8,2024,294472.0,Rory,Atkins,GC,8.0,67.0,68,33.0,52.0,73.0,13.0,7.0,3.0,1.0,0.0,0.0,0.0,0.0,1.0,Full Time,guard,%P and %M plus %s... At half back on Jarrod Berry the mostly on Rayner after HT,,,,0.0,,,Back,2.0,19.0,77.47,0.0,0.0,0.08,0.21,,,,3.0,0.0,1.0,85.0,79.0,533.0,0.0,False,1904,1361,9.0,8871_GC,98.0,0,71.0,0,7.666666666666667,13.0,4.666666666666667,6.4,3.0,4.133333333333334,0.3333333333333333,0.8666666666666667,0.0,0.0,0.0,0.4666666666666667,0.3333333333333333,0.5333333333333333,0.0,0.2,0.3333333333333333,0.2,0.0,0.0,0.08,1.168,0.21,0.6259999999999999,1.3333333333333333,3.533333333333333,0.0,1.0666666666666667,1.0,1.6666666666666667,78.33333333333333,78.73333333333333,62.333333333333336,68.0,316.3333333333333,459.8,1542.3333333333333,1574.9333333333334,1723.3333333333333,1707.6666666666667,67.15,70.1,44.4,38.0,1,guard,0.08467063002119408
124788,8877,http://live.fanfooty.com.au/game/matchcentre.html?id=8877,R9,2024,294101.0,Jason,Johannisen,WB,9.0,63.0,49,39.0,50.0,69.0,11.0,5.0,5.0,2.0,0.0,0.0,1.0,0.0,0.0,Full Time,guard,%P and %M plus %T... Playing a half back role,,,,,,,Forward,39.0,0.0,0.0,0.0,0.09,0.06,0.15,,,,3.0,1.0,3.0,81.0,70.0,191.0,1.0,False,1345,1936,10.0,8877_WB,97.20000000000005,0,71.0,0,14.0,14.933333333333334,4.0,5.666666666666667,5.666666666666667,5.866666666666666,1.0,1.5333333333333334,0.0,0.0,0.3333333333333333,0.26666666666666666,0.3333333333333333,0.4666666666666667,0.0,0.2,0.3333333333333333,0.13333333333333333,0.09,0.08600000000000001,0.06,0.112,0.15,0.12199999999999998,2.0,3.3333333333333335,0.3333333333333333,0.4666666666666667,2.6666666666666665,1.9333333333333333,74.0,77.33333333333333,78.0,75.8,308.6666666666667,358.26666666666665,1688.0,1736.9333333333334,1597.6666666666667,1547.8666666666666,74.25,77.8,74.8,52.0,1,guard,0.1360144358500188
124837,8878,http://live.fanfooty.com.au/game/matchcentre.html?id=8878,R9,2024,281091.0,Hugh,Greenwood,NM,9.0,51.0,58,59.0,40.0,56.0,1.0,10.0,1.0,5.0,5.0,0.0,0.0,0.0,0.0,Full Time,ruckfwd,%P including %B... also %T... Playing a forward/ruck role on Andrew,,,,0.0,,,Midfielder,1.0,21.0,82.14,0.0,0.0,0.13,0.18,,,,7.0,0.0,1.0,72.0,72.0,22.0,0.0,False,1717,1562,10.0,8878_NM,97.20000000000005,0,71.0,0,3.0,4.4,6.333333333333333,9.4,1.0,1.8666666666666667,6.333333333333333,5.466666666666667,3.6666666666666665,0.8666666666666667,0.3333333333333333,0.4666666666666667,0.3333333333333333,1.0,0.3333333333333333,0.26666666666666666,0.3333333333333333,0.26666666666666666,0.0,0.0,0.13,0.19399999999999953,0.18,0.18,6.666666666666667,9.333333333333334,2.0,3.1333333333333333,0.6666666666666666,2.466666666666667,62.333333333333336,70.66666666666667,78.66666666666667,69.4,40.333333333333336,74.46666666666667,1533.6666666666667,1548.0666666666666,1754.0,1737.7333333333333,66.6,70.7,62.2,58.0,1,ruckfwd,0.06303131504245854
124975,8881,http://live.fanfooty.com.au/game/matchcentre.html?id=8881,R10,2024,290550.0,Cameron,Guthrie,GE,3.0,39.0,41,38.0,30.0,42.0,3.0,6.0,2.0,3.0,0.0,0.0,0.0,0.0,0.0,Full Time,shovel,Subbed off in Q3 for Clark... %P and %M plus %T,subbed,Doing jobs in midfield,,0.0,,,Midfielder,29.0,11.0,59.18,0.0,0.0,8.29,3.93,,,,3.0,2.0,0.0,77.0,38.0,104.0,1.0,True,1944,1313,11.0,8881_GE,100.0,0,67.0,0,6.666666666666667,11.666666666666666,6.666666666666667,8.333333333333334,2.0,3.6,3.0,3.933333333333333,0.0,0.0,0.3333333333333333,0.7333333333333333,0.6666666666666666,0.8666666666666667,0.0,0.26666666666666666,0.0,0.13333333333333333,0.0,0.07266666666666761,8.29,2.4426666666666668,3.93,1.284,7.0,7.266666666666667,3.3333333333333335,2.933333333333333,1.6666666666666667,3.466666666666667,64.33333333333333,66.66666666666667,52.0,64.0,191.0,238.6,1479.0,1688.8,1801.3333333333333,1592.6,83.35,76.0,71.2,58.666666666666664,1,shovel,0.22574892520848067
125191,8886,http://live.fanfooty.com.au/game/matchcentre.html?id=8886,R10,2024,1018433.0,Tylar,Young,RI,8.0,50.0,30,32.0,43.0,57.0,9.0,2.0,7.0,1.0,0.0,0.0,2.0,0.0,0.0,Full Time,job,%P with %k by foot... also %M... In defence on Daniher,,,,,,,Back,45.0,0.0,0.0,0.0,0.04,0.11,0.17,,,,1.0,0.0,5.0,63.0,90.0,345.0,1.0,False,2053,1235,11.0,8886_RI,100.0,0,67.0,0,7.666666666666667,7.666666666666667,4.333333333333333,2.533333333333333,6.0,4.4,0.6666666666666666,1.0,0.0,0.0,0.3333333333333333,0.4,1.0,1.0,0.0,0.0,0.0,0.0,0.04,0.348,0.11,0.5813333333333334,0.17,0.17466666666666666,3.0,3.2666666666666666,0.0,0.06666666666666667,2.6666666666666665,2.533333333333333,76.33333333333333,73.4,88.33333333333333,89.13333333333334,221.66666666666666,232.4,1338.6666666666667,1523.8666666666666,1945.0,1765.2,51.2,50.1,54.2,53.333333333333336,1,job,0.055523532484110946
125336,8889,http://live.fanfooty.com.au/game/matchcentre.html?id=8889,R10,2024,291867.0,Ben,Brown,ME,6.0,20.0,28,16.0,16.0,20.0,2.0,1.0,0.0,1.0,1.0,0.0,0.0,1.0,1.0,Full Time,spearhead,%s from %P... Up forward on Barrass,,,,0.0,,,Forward,50.0,21.0,68.19,0.0,0.0,0.08,0.08,,,,1.0,0.0,0.0,66.0,80.0,53.0,1.0,False,1813,1481,11.0,8889_ME,100.0,0,67.0,0,2.6666666666666665,5.4,1.3333333333333333,2.6,1.3333333333333333,3.466666666666667,0.6666666666666666,0.7333333333333333,0.3333333333333333,0.8,0.0,0.7333333333333333,0.0,0.26666666666666666,0.6666666666666666,1.2666666666666666,0.3333333333333333,0.5333333333333333,0.0,0.008,0.08,0.10666666666666667,0.08,0.14866666666666667,1.3333333333333333,3.7333333333333334,0.0,0.0,0.6666666666666666,1.0,75.33333333333333,75.46666666666667,75.66666666666667,76.53333333333333,76.33333333333333,131.2,1510.3333333333333,1650.8666666666666,1787.0,1641.5333333333333,57.1,42.9,33.8,21.333333333333332,1,spearhead,0.055325332171769895
125447,8892,http://live.fanfooty.com.au/game/matchcentre.html?id=8892,R11,2024,1012852.0,Charlie,Lazzaro,NM,1.0,22.0,4,28.0,17.0,24.0,3.0,3.0,1.0,1.0,0.0,0.0,0.0,0.0,0.0,Full Time,wing,On in Q3 for Duursma... %P,sub,Started as the sub,,,,,Forward,35.0,0.0,0.0,0.0,0.84,1.32,1.79,,,,0.0,0.0,2.0,50.0,35.0,50.0,0.0,False,1719,1580,12.0,8892_NM,98.0,0,72.0,0,3.0,3.8,3.3333333333333335,6.333333333333333,0.6666666666666666,1.5333333333333334,1.6666666666666667,2.466666666666667,0.0,0.0,0.0,0.26666666666666666,0.0,0.4,0.0,0.13333333333333333,0.0,0.0,0.84,0.568,1.32,0.8160000000000001,1.79,1.082,1.3333333333333333,3.7333333333333334,0.3333333333333333,1.0666666666666667,1.6666666666666667,1.2666666666666666,72.66666666666667,74.93333333333334,38.666666666666664,54.333333333333336,66.33333333333333,81.0,1544.6666666666667,1528.4,1737.3333333333333,1755.2666666666667,36.15,43.4,24.8,16.333333333333332,1,wing,0.01706725323800171
125808,8900,http://live.fanfooty.com.au/game/matchcentre.html?id=8900,R12,2024,997974.0,Ash,Johnson,CO,2.0,26.0,27,38.0,21.0,30.0,3.0,1.0,3.0,3.0,0.0,0.0,2.0,0.0,0.0,Full Time,chief,Donuts in Q1... %P and %M plus %T... Starting forward on Keath,,,,,,,Forward,40.0,0.0,0.0,0.0,0.44,0.39,0.31,,,,3.0,0.0,3.0,75.0,63.0,63.0,1.0,False,1724,1572,13.0,8900_CO,99.0,0,73.0,0,3.6666666666666665,5.2,0.6666666666666666,2.1333333333333333,2.3333333333333335,3.533333333333333,1.6666666666666667,1.6666666666666667,0.0,0.8,0.3333333333333333,0.6666666666666666,0.6666666666666666,1.0666666666666667,0.0,1.3333333333333333,0.6666666666666666,0.5333333333333333,0.3833333333333333,0.2926666666666667,0.36000000000000004,0.312,0.36000000000000004,0.44000000000000006,3.0,4.0,0.0,0.13333333333333333,2.3333333333333335,2.0,52.666666666666664,66.93333333333334,56.666666666666664,70.6,66.0,108.2,1510.6666666666667,1659.4666666666667,1780.0,1629.7333333333333,48.15,44.6,38.6,22.0,1,chief,0.20655147465671309
125983,8904,http://live.fanfooty.com.au/game/matchcentre.html?id=8904,R12,2024,298470.0,Shane,McAdam,ME,4.0,43.0,43,54.0,36.0,48.0,5.0,6.0,4.0,1.0,0.0,0.0,0.0,0.0,0.0,Full Time,sore,Right shoulder stinger in Q3... %P and %M,wing,Starting forward,,,,,Forward,23.0,0.0,0.0,0.0,0.18,0.14,0.18,,,,2.0,1.0,1.0,63.0,68.0,158.0,0.0,True,1914,1367,13.0,8904_ME,99.0,0,73.0,0,4.0,5.6,4.666666666666667,4.6,3.3333333333333335,4.2,3.0,2.933333333333333,0.0,0.0,0.3333333333333333,0.6666666666666666,0.6666666666666666,1.0666666666666667,0.3333333333333333,1.3333333333333333,0.6666666666666666,0.6666666666666666,0.18,0.218,0.14,0.084,0.18,0.078,2.3333333333333335,3.7333333333333334,0.6666666666666666,0.26666666666666666,1.3333333333333333,1.8666666666666667,58.666666666666664,67.13333333333334,72.33333333333333,74.26666666666667,97.66666666666667,140.73333333333332,1557.6666666666667,1654.9333333333334,1733.0,1631.4666666666667,63.15,59.6,55.6,42.0,1,sore,0.08883679935429044
125988,8904,http://live.fanfooty.com.au/game/matchcentre.html?id=8904,R12,2024,294557.0,Lachie,Hunter,ME,1.0,18.0,16,22.0,14.0,21.0,4.0,3.0,0.0,0.0,0.0,0.0,0.0,0.0,0.0,Full Time,injured,Matched up on O'Meara... subbed off at HT for Woewoedin with ice on left calf... %P,subbed,Playing outside midfield,,,,,Midfielder,12.0,0.0,0.0,0.0,0.13,0.09,0.07,,,,2.0,0.0,2.0,42.0,36.0,129.0,1.0,True,1914,1367,13.0,8904_ME,99.0,0,73.0,0,10.0,12.733333333333333,7.333333333333333,9.466666666666667,3.3333333333333335,4.2,0.6666666666666666,1.6,0.0,0.0,0.0,0.6666666666666666,0.0,0.3333333333333333,0.3333333333333333,0.2,0.0,0.2,0.36000000000000004,0.728,0.3733333333333333,0.8266666666666665,0.16666666666666563,0.3213333333333333,4.0,6.933333333333334,1.0,2.0,2.0,3.066666666666667,58.666666666666664,61.46666666666667,71.0,87.6,257.0,361.26666666666665,1608.6666666666667,1650.4,1675.6666666666667,1633.6,74.45,66.8,61.0,63.666666666666664,1,injured,0.1478955611570997
126078,8906,http://live.fanfooty.com.au/game/matchcentre.html?id=8906,R13,2024,1000068.0,Chris,Burgess,AD,2.0,31.0,34,39.0,24.0,29.0,3.0,1.0,1.0,2.0,8.0,1.0,0.0,0.0,0.0,Full Time,switch,%P and %T... Playing a key forward role on Miller... switched to ruck in Q4,,,,,,,Back,21.0,0.0,0.0,0.0,8.99,4.48,18.22,,,,1.0,0.0,1.0,50.0,77.0,71.0,1.0,False,1601,1667,14.0,8906_AD,98.0,0,70.0,0,5.333333333333333,4.133333333333334,2.0,2.933333333333333,3.6666666666666665,2.6666666666666665,1.6666666666666667,1.7333333333333334,5.666666666666667,4.666666666666667,1.0,0.4666666666666667,0.6666666666666666,0.3333333333333333,1.3333333333333333,0.5333333333333333,0.6666666666666666,0.6666666666666666,8.99,4.294,4.48,2.176666666666667,18.22,8.511333333333333,3.3333333333333335,3.7333333333333334,0.6666666666666666,0.6,1.3333333333333333,1.0666666666666667,68.0,69.26666666666667,78.66666666666667,78.86666666666666,137.66666666666666,108.2,1763.0,1585.1333333333334,1516.0,1699.2,54.7,44.8,51.0,56.0,1,switch,0.04177591467674913
126079,8906,http://live.fanfooty.com.au/game/matchcentre.html?id=8906,R13,2024,1008185.0,Ned,McHenry,AD,1.0,16.0,23,18.0,16.0,24.0,2.0,6.0,0.0,0.0,0.0,1.0,1.0,0.0,0.0,Full Time,wing,On in Q4 for Strachan... %P including %B,sub,Started as the sub,,,,,Forward,25.0,0.0,0.0,0.0,0.0,0.15,0.09,,,,4.0,1.0,2.0,87.0,26.0,147.0,0.0,False,1601,1667,14.0,8906_AD,98.0,0,70.0,0,5.333333333333333,6.8,5.333333333333333,4.4,2.6666666666666665,3.6666666666666665,1.0,1.8666666666666667,0.0,0.0,0.3333333333333333,0.6666666666666666,1.3333333333333333,0.9333333333333333,0.3333333333333333,0.3333333333333333,0.3333333333333333,0.13333333333333333,0.0,0.13999999999999999,0.15,0.13799999999999998,0.09,0.082,3.6666666666666665,3.6666666666666665,0.6666666666666666,0.4666666666666667,2.0,2.2,84.33333333333333,76.06666666666666,52.666666666666664,57.733333333333334,115.33333333333333,174.66666666666666,1679.6666666666667,1669.2666666666667,1597.3333333333333,1614.8666666666666,44.3,40.7,42.2,44.333333333333336,1,wing,0.027812335457505433
126117,8907,http://live.fanfooty.com.au/game/matchcentre.html?id=8907,R13,2024,290797.0,Alex,Keath,WB,5.0,46.0,63,57.0,39.0,51.0,3.0,8.0,4.0,2.0,0.0,1.0,0.0,0.0,0.0,Full Time,concussed,Off in Q1 for a concussion test after a clash with Hipwood... returned in Q2... %P including %B... also %M and %T,job,In defence on Hipwood,,0.0,,,Back,42.0,5.0,50.8,0.0,0.0,0.08,0.09,,,,5.0,0.0,0.0,72.0,78.0,113.0,1.0,True,1792,1499,14.0,8907_WB,98.0,0,70.0,0,5.666666666666667,6.8,7.0,5.0,5.0,5.2,1.0,1.4,0.0,0.0,1.6666666666666667,0.8,0.3333333333333333,0.6,0.0,0.0,0.0,0.0,0.0,0.0,0.08,0.1,0.09,0.07666666666666667,5.0,3.933333333333333,0.0,0.0,0.3333333333333333,1.6,88.33333333333333,84.4,89.33333333333333,88.66666666666667,66.33333333333333,152.2,1629.6666666666667,1647.0,1656.3333333333333,1638.2,57.3,53.4,56.2,64.66666666666667,1,concussed,0.04524791175172124
126168,8908,http://live.fanfooty.com.au/game/matchcentre.html?id=8908,R13,2024,1001024.0,Ned,Reeves,HW,8.0,28.0,35,31.0,31.0,38.0,1.0,4.0,2.0,0.0,17.0,0.0,2.0,0.0,0.0,Full Time,injured,Off with a back injury in Q3 and subbed off for Breust... %H... also %P and %M,subbed,In ruck,,,,,Ruck,7.0,0.0,0.0,0.0,0.58,0.73,0.59,,,,3.0,1.0,3.0,80.0,38.0,-2.0,0.0,True,1640,1656,14.0,8908_HW,98.0,0,70.0,0,2.6666666666666665,3.466666666666667,5.666666666666667,5.2,2.0,1.5333333333333334,2.3333333333333335,2.933333333333333,21.0,26.733333333333334,1.0,0.8,2.0,1.5333333333333334,0.3333333333333333,0.13333333333333333,0.0,0.06666666666666667,0.58,0.6679999999999999,0.73,0.7006666666666667,0.59,0.612,5.333333333333333,5.533333333333333,2.3333333333333335,2.8,2.6666666666666665,3.2,76.66666666666667,65.0,63.0,73.93333333333334,12.333333333333334,54.86666666666667,1642.6666666666667,1624.7333333333333,1645.6666666666667,1659.2,67.8,65.1,58.6,57.666666666666664,1,injured,0.10771873229702053
126203,8909,http://live.fanfooty.com.au/game/matchcentre.html?id=8909,R13,2024,296296.0,Dom,Sheed,WC,7.0,51.0,45,66.0,41.0,58.0,10.0,6.0,1.0,2.0,0.0,3.0,2.0,0.0,1.0,Full Time,shovel,%P and %T plus %s... aided by %4FF... Tagged Davies-Uniacke in Q1 then freed up,,,,,,,Midfielder,4.0,0.0,0.0,0.0,0.18,0.06,0.11,,,,9.0,6.0,6.0,56.0,75.0,232.0,1.0,False,1790,1510,14.0,8909_WC,98.0,0,70.0,0,8.333333333333334,8.533333333333333,5.666666666666667,8.133333333333333,1.0,3.6,3.0,3.066666666666667,0.0,0.0,1.6666666666666667,0.7333333333333333,0.6666666666666666,1.0666666666666667,0.0,0.06666666666666667,0.3333333333333333,0.13333333333333333,0.18,10.26,0.06,3.6113333333333335,0.11,10.852666666666666,8.0,6.2,4.0,2.6666666666666665,2.6666666666666665,3.466666666666667,60.666666666666664,68.66666666666667,75.33333333333333,72.46666666666667,181.0,205.0,1430.3333333333333,1502.3333333333333,1858.3333333333333,1785.2666666666667,67.75,50.9,56.6,52.666666666666664,1,shovel,0.14996742386470951
126313,8911,http://live.fanfooty.com.au/game/matchcentre.html?id=8911,R13,2024,261510.0,Tom,Hawkins,GE,12.0,67.0,53,57.0,54.0,67.0,7.0,3.0,5.0,3.0,5.0,0.0,0.0,1.0,2.0,Full Time,spearhead,%s from %P and %M plus %T... Up forward on Melican then got McCartin in Q3,,,,0.0,,,Forward,26.0,19.0,86.74,0.0,0.0,0.21,0.31,,,,6.0,0.0,4.0,50.0,93.0,189.0,0.0,False,1836,1456,14.0,8911_GE,98.0,0,70.0,0,7.333333333333333,6.0,4.0,3.3333333333333335,4.333333333333333,3.466666666666667,1.6666666666666667,1.4666666666666666,4.0,4.533333333333333,0.0,0.26666666666666666,0.0,0.26666666666666666,1.6666666666666667,1.6,1.0,1.0,0.0,0.0,0.21,0.4126666666666666,0.31,0.4646666666666667,5.333333333333333,4.933333333333334,0.3333333333333333,0.7333333333333333,2.6666666666666665,2.3333333333333335,55.333333333333336,60.0,89.33333333333333,89.73333333333333,169.0,139.6,1645.3333333333333,1626.2666666666667,1642.6666666666667,1660.0,63.75,62.0,61.4,69.33333333333333,1,spearhead,0.10786131969837837
126334,8912,http://live.fanfooty.com.au/game/matchcentre.html?id=8912,R13,2024,998215.0,Will,Setterfield,ES,14.0,86.0,111,114.0,62.0,85.0,14.0,5.0,4.0,5.0,0.0,1.0,0.0,0.0,1.0,Full Time,cloud,Visibly struggled in Q4 with the knee problem he has been carrying... subbed off for Tsatas... %P including %K... also %T and %M... and kicked %s,subbed,Starting in various positions and mostly following the ball,,0.0,,,Midfielder,12.0,0.0,0.0,0.0,0.0,0.16,0.11,,,,5.0,2.0,1.0,84.0,65.0,353.0,1.0,True,1598,1682,14.0,8912_ES,98.0,1,70.0,1,11.333333333333334,12.0,11.0,9.533333333333333,3.6666666666666665,4.4,6.333333333333333,6.066666666666666,0.0,0.0,1.0,0.9333333333333333,0.0,0.3333333333333333,0.0,0.13333333333333333,0.3333333333333333,0.4,0.0,0.04133333333333333,0.16,0.4893333333333334,0.11,0.46266666666666667,10.0,8.133333333333333,4.666666666666667,3.8,2.6666666666666665,2.8,74.0,68.86666666666666,77.66666666666667,78.53333333333333,287.0,360.1333333333333,1591.3333333333333,1635.0666666666666,1692.3333333333333,1647.8,84.05,86.4,97.6,103.33333333333333,1,cloud,0.2657521858695387
126455,8914,http://live.fanfooty.com.au/game/matchcentre.html?id=8914,R14,2024,293846.0,Sebastian,Ross,SK,4.0,47.0,52,38.0,35.0,48.0,6.0,4.0,3.0,3.0,0.0,0.0,0.0,0.0,0.0,Full Time,switch,%P and %M plus %T... Playing half back... got more CBAs in the second half,,,,,,,Midfielder,6.0,0.0,0.0,0.0,0.09,0.07,0.1,,,,5.0,1.0,1.0,60.0,80.0,131.0,1.0,False,1809,1481,15.0,8914_SK,97.0,0,69.5,0,5.666666666666667,9.4,2.3333333333333335,7.0,2.6666666666666665,2.6,2.6666666666666665,3.8,0.0,0.0,0.3333333333333333,0.4,0.0,0.5333333333333333,0.3333333333333333,0.2,0.0,0.26666666666666666,0.09,0.094,0.07,0.07,0.1,0.10266666666666667,3.0,5.866666666666666,0.3333333333333333,2.466666666666667,0.3333333333333333,1.8,47.666666666666664,65.66666666666667,74.33333333333333,68.2,108.0,242.2,1597.3333333333333,1612.4666666666667,1687.6666666666667,1674.9333333333334,66.45,65.1,44.4,42.0,1,switch,0.05962273371658715
126478,8915,http://live.fanfooty.com.au/game/matchcentre.html?id=8915,R14,2024,992048.0,Anthony,Scott,WB,8.0,50.0,53,65.0,41.0,52.0,7.0,3.0,6.0,1.0,0.0,0.0,0.0,0.0,1.0,Full Time,wing,Subbed off at 3QT for Daniel... %P and %M plus %s,subbed,Playing a half forward role,,,,,Midfielder,28.0,0.0,0.0,0.0,0.84,0.73,0.26,,,,4.0,2.0,0.0,60.0,53.0,175.0,1.0,True,1371,1907,15.0,8915_WB,97.0,0,69.5,0,4.333333333333333,5.533333333333333,3.3333333333333335,4.066666666666666,3.0,2.2,0.6666666666666666,2.4,0.0,0.0,0.3333333333333333,0.5333333333333333,0.0,0.13333333333333333,0.0,0.4,0.3333333333333333,0.26666666666666666,0.5866666666666666,0.18133333333333332,0.51,0.158,0.19666666666666668,0.09533333333333333,3.3333333333333335,3.533333333333333,0.6666666666666666,0.9333333333333333,0.0,0.8666666666666667,48.0,72.33333333333333,42.666666666666664,65.6,125.0,171.6,1745.3333333333333,1712.7333333333333,1535.3333333333333,1572.4666666666667,47.05,41.3,35.4,37.333333333333336,1,wing,0.027219202449501788
126572,8917,http://live.fanfooty.com.au/game/matchcentre.html?id=8917,R14,2024,1008543.0,Harry,Schoenberg,AD,2.0,29.0,38,36.0,22.0,33.0,3.0,6.0,0.0,2.0,0.0,0.0,0.0,0.0,0.0,Full Time,wing,Subbed off in Q3 for Berry... %P and %T,subbed,Starting at half forward,,,,,Midfielder,26.0,0.0,0.0,0.0,0.04,0.25,0.25,,,,5.0,0.0,1.0,55.0,45.0,123.0,1.0,True,1705,1587,15.0,8917_AD,97.0,0,69.5,0,3.6666666666666665,6.2,5.666666666666667,6.6,0.6666666666666666,2.533333333333333,1.3333333333333333,2.1333333333333333,0.0,0.0,0.6666666666666666,0.5333333333333333,0.0,0.8,0.6666666666666666,0.3333333333333333,0.0,0.26666666666666666,0.04,0.2673333333333333,0.25,0.2866666666666667,0.25,0.24266666666666664,4.333333333333333,4.733333333333333,0.6666666666666666,2.0,1.0,1.9333333333333333,67.66666666666667,70.26666666666667,61.0,60.86666666666667,110.33333333333333,186.93333333333334,1606.0,1696.4666666666667,1675.3333333333333,1586.2666666666667,54.05,60.8,45.2,39.0,1,wing,0.04049981124473463
126684,8919,http://live.fanfooty.com.au/game/matchcentre.html?id=8919,R14,2024,998529.0,Ivan,Soldo,PA,8.0,35.0,54,28.0,36.0,44.0,3.0,3.0,2.0,0.0,19.0,0.0,2.0,0.0,1.0,Full Time,ruck,%H... also %P and %M... and scored %s... In ruck,,,,,,,Ruck,13.0,0.0,0.0,0.0,1.06,1.16,1.61,,,,3.0,3.0,2.0,50.0,75.0,85.0,0.0,False,1791,1498,15.0,8919_PA,97.0,0,69.5,0,4.333333333333333,6.066666666666666,4.666666666666667,4.0,2.3333333333333335,2.933333333333333,2.3333333333333335,3.3333333333333335,23.0,26.133333333333333,1.0,1.4,3.3333333333333335,1.6666666666666667,0.3333333333333333,0.7333333333333333,0.6666666666666666,0.5333333333333333,1.06,0.9106666666666666,1.16,1.0153333333333334,1.61,1.2786666666666666,5.0,5.6,3.3333333333333335,3.3333333333333335,4.333333333333333,3.1333333333333333,61.0,65.73333333333333,84.66666666666667,79.73333333333333,64.33333333333333,118.46666666666667,1537.3333333333333,1638.3333333333333,1756.3333333333333,1650.5333333333333,77.1,85.3,76.8,65.33333333333333,1,ruck,0.24085725764806168
127045,8927,http://live.fanfooty.com.au/game/matchcentre.html?id=8927,R16,2024,1008855.0,Oskar,Baker,WB,3.0,40.0,20,26.0,31.0,39.0,7.0,0.0,5.0,1.0,0.0,0.0,0.0,0.0,0.0,Full Time,wing,On in Q3 for Duryea... %P including %B... also %M,sub,Started as the sub,,0.0,,,Midfielder,13.0,0.0,0.0,0.0,0.0,0.19,0.1,,,,0.0,0.0,0.0,100.0,29.0,199.0,0.0,False,1602,1644,17.0,8927_WB,96.20000000000005,0,71.0,0,8.0,9.6,2.3333333333333335,4.333333333333333,3.3333333333333335,4.533333333333333,1.0,1.0,0.0,0.0,0.0,0.26666666666666666,1.0,0.7333333333333333,0.0,0.4,0.3333333333333333,0.5333333333333333,0.0,0.0,0.19,6.412000000000001,0.1,0.082,1.3333333333333333,2.933333333333333,0.6666666666666666,1.0666666666666667,2.3333333333333335,2.3333333333333335,77.0,67.8,46.333333333333336,64.53333333333333,213.66666666666666,333.53333333333336,1580.0,1696.4,1690.3333333333333,1585.4,51.55,50.6,46.0,29.0,1,wing,0.041136774323305994
127154,8930,http://live.fanfooty.com.au/game/matchcentre.html?id=8930,R16,2024,1008159.0,Will,Hamill,AD,4.0,46.0,60,60.0,37.0,51.0,7.0,5.0,3.0,2.0,0.0,1.0,1.0,0.0,0.0,Full Time,guard,%P and %M plus %T... Responsible for Daniels,,,,,,,Back,17.0,0.0,0.0,0.0,0.4,0.33,0.45,,,,7.0,1.0,1.0,83.0,83.0,221.0,0.0,False,1604,1685,17.0,8930_AD,96.20000000000005,0,71.0,0,9.0,6.133333333333334,4.666666666666667,4.533333333333333,4.0,2.2,2.6666666666666665,2.3333333333333335,0.0,0.0,1.3333333333333333,0.8666666666666667,0.6666666666666666,0.6,0.0,0.06666666666666667,0.0,0.0,0.4,0.18666666666666668,0.33,0.154,0.45,0.21,4.333333333333333,4.333333333333333,1.0,0.4,1.3333333333333333,1.4666666666666666,82.33333333333333,84.86666666666666,84.0,76.46666666666667,262.6666666666667,168.33333333333334,1646.3333333333333,1637.9333333333334,1636.6666666666667,1644.4,53.35,54.3,59.8,65.0,1,guard,0.05955383595663018
127245,8932,http://live.fanfooty.com.au/game/matchcentre.html?id=8932,R16,2024,290246.0,Tom,Campbell,SK,3.0,36.0,26,44.0,31.0,38.0,3.0,3.0,3.0,1.0,8.0,0.0,0.0,0.0,0.0,Full Time,in,%l Sebastian Ross... subbed off in Q3 for Sharman... %H... also %P and %M,subbed,Playing a forward/ruck role,,,,,Ruck,38.0,0.0,0.0,0.0,0.27,0.31,0.1,,,,2.0,0.0,1.0,50.0,40.0,94.0,1.0,True,1645,1621,17.0,8932_SK,96.20000000000005,0,71.0,0,4.666666666666667,5.066666666666666,4.333333333333333,4.933333333333334,3.0,3.2666666666666666,2.6666666666666665,1.6666666666666667,12.333333333333334,10.4,2.0,1.0,0.3333333333333333,1.2,0.0,0.4,0.0,0.2,0.18000000000000002,0.036000000000000004,0.20666666666666653,0.04133333333333333,0.06666666666666667,0.013333333333333334,6.333333333333333,6.333333333333333,2.3333333333333335,1.8666666666666667,1.3333333333333333,3.0,60.0,63.4,57.666666666666664,69.66666666666667,124.66666666666667,,1590.3333333333333,1552.1333333333334,1686.6666666666667,1733.6666666666667,61.45,65.3,55.4,60.666666666666664,1,in,0.018158724254162366
127246,8932,http://live.fanfooty.com.au/game/matchcentre.html?id=8932,R16,2024,1006143.0,Max,King,SK,3.0,30.0,33,37.0,30.0,41.0,4.0,6.0,3.0,0.0,0.0,1.0,2.0,0.0,2.0,Full Time,spearhead,Donuts in Q1... %s from %P and %M... Up forward on Zerk-Thatcher,,,,,,,Forward,12.0,0.0,0.0,0.0,0.53,0.62,0.54,,,,4.0,0.0,4.0,80.0,89.0,84.0,0.0,False,1645,1621,17.0,8932_SK,96.20000000000005,0,71.0,0,6.666666666666667,7.066666666666666,2.6666666666666665,3.4,4.333333333333333,4.333333333333333,0.6666666666666666,0.6666666666666666,0.0,0.0,1.0,1.6666666666666667,2.0,1.2666666666666666,1.6666666666666667,2.066666666666667,1.0,1.1333333333333333,0.53,0.47000000000000003,0.62,0.5939999999999999,0.54,0.5160000000000001,3.3333333333333335,5.066666666666666,0.0,0.06666666666666667,3.0,2.6666666666666665,71.66666666666667,63.86666666666667,85.33333333333333,86.13333333333334,185.0,214.93333333333334,1562.0,1659.6,1718.0,1628.1333333333334,55.85,44.4,52.8,47.0,1,spearhead,0.06927273675876554
127436,8936,http://live.fanfooty.com.au/game/matchcentre.html?id=8936,R17,2024,291753.0,Sam,Day,GC,17.0,69.0,77,53.0,63.0,75.0,8.0,3.0,8.0,0.0,5.0,0.0,1.0,2.0,1.0,Full Time,injured,Limped off at 3QT with a left foot injury and started Q4 on the back row of the bench... Booted %s from %G and %P,ruckfwd,Starting forward on Comben with ruck support,,0.0,,,Forward,12.0,12.0,52.5,0.0,0.0,0.15,0.2,,,,7.0,0.0,2.0,81.0,54.0,224.0,1.0,True,1792,1488,18.0,8936_GC,96.0,0,70.0,1,5.666666666666667,5.133333333333334,4.666666666666667,3.1333333333333333,6.666666666666667,4.2,1.0,2.2666666666666666,2.0,3.8666666666666667,0.0,0.6,0.6666666666666666,0.5333333333333333,2.0,1.3333333333333333,0.6666666666666666,0.5333333333333333,0.0,0.0,0.15,0.058666666666666666,0.2,0.06933333333333333,6.666666666666667,5.0,0.0,0.4666666666666667,2.0,1.8666666666666667,71.33333333333333,66.66666666666667,66.33333333333333,69.13333333333334,141.33333333333334,139.4,1610.6666666666667,1671.6666666666667,1667.6666666666667,1612.8666666666666,55.25,63.5,70.2,68.33333333333333,1,injured,0.06325172223284772
127534,8938,http://live.fanfooty.com.au/game/matchcentre.html?id=8938,R17,2024,1018016.0,Seamus,Mitchell,HW,5.0,48.0,39,35.0,39.0,54.0,7.0,5.0,4.0,2.0,0.0,0.0,1.0,0.0,0.0,Full Time,guard,%P and %M plus %T... Rotating at half back,,,,,,,Back,40.0,0.0,0.0,0.0,0.13,0.1,0.2,,,,5.0,0.0,6.0,50.0,77.0,148.0,0.0,False,1854,1437,18.0,8938_HW,96.0,0,70.0,0,5.666666666666667,5.733333333333333,4.0,4.333333333333333,4.0,3.066666666666667,1.6666666666666667,1.6,0.0,0.0,0.0,0.13333333333333333,1.3333333333333333,0.6666666666666666,0.0,0.0,0.0,0.0,0.13,0.19,0.1,0.2033333333333333,0.2,0.5000000000000001,1.6666666666666667,2.6666666666666665,0.0,0.13333333333333333,3.6666666666666665,2.3333333333333335,72.33333333333333,75.2,75.0,70.86666666666666,100.33333333333333,150.0,1604.3333333333333,1585.2666666666667,1686.0,1701.9333333333334,50.3,37.5,30.6,31.0,1,guard,0.04570428525125657
127537,8938,http://live.fanfooty.com.au/game/matchcentre.html?id=8938,R17,2024,1000887.0,Mitch,Lewis,HW,10.0,43.0,53,37.0,39.0,48.0,4.0,3.0,4.0,1.0,0.0,0.0,1.0,2.0,0.0,Full Time,injured,Copped a heavy elbow from Kolodjashnij to the head in Q4 that had him out before he hit the ground... Booted %s from %G and %P,spearhead,Starting forward on Jack Henry,,0.0,,,Forward,2.0,2.0,25.5,0.0,0.0,0.43,0.44,,,,5.0,1.0,2.0,57.0,70.0,68.0,1.0,True,1854,1437,18.0,8938_HW,96.0,0,70.0,0,4.666666666666667,7.266666666666667,2.6666666666666665,3.8666666666666667,3.3333333333333335,5.0,1.0,1.4666666666666666,0.0,0.4,0.0,0.4,0.6666666666666666,0.8,1.3333333333333333,2.066666666666667,0.0,1.0,0.0,0.0,0.43,0.27599999999999997,0.44,0.396,3.3333333333333335,4.066666666666666,0.3333333333333333,0.13333333333333333,1.3333333333333333,2.3333333333333335,59.333333333333336,69.0,76.66666666666667,87.53333333333333,96.66666666666667,187.06666666666666,1535.3333333333333,1613.7333333333333,1739.0,1668.8,63.25,56.8,43.0,42.666666666666664,1,injured,0.08802560848133076
127631,8940,http://live.fanfooty.com.au/game/matchcentre.html?id=8940,R17,2024,1009308.0,Noah,Cumberland,RI,2.0,19.0,23,17.0,16.0,27.0,3.0,2.0,1.0,3.0,0.0,0.0,3.0,0.0,0.0,Full Time,wing,%P and %T... gave away %F... Starting forward,,,,,,,Forward,38.0,0.0,0.0,0.0,0.09,0.31,0.07,,,,2.0,0.0,4.0,60.0,76.0,124.0,0.0,False,1751,1532,18.0,8940_RI,96.0,0,70.0,0,3.3333333333333335,4.866666666666666,1.3333333333333333,2.933333333333333,1.0,2.3333333333333335,1.6666666666666667,2.4,0.0,0.0,0.6666666666666666,0.8666666666666667,1.6666666666666667,1.3333333333333333,1.0,0.9333333333333333,0.0,0.6,0.09,0.29266666666666663,0.31,0.422,0.07,0.326,2.6666666666666665,3.8666666666666667,0.3333333333333333,0.4666666666666667,2.6666666666666665,3.6,61.666666666666664,62.0,70.33333333333333,68.8,89.33333333333333,144.73333333333332,1570.0,1501.8666666666666,1708.3333333333333,1783.6,42.25,28.3,32.0,26.0,1,wing,0.02739951884233708
127901,8946,http://live.fanfooty.com.au/game/matchcentre.html?id=8946,R18,2024,1006137.0,Curtis,Taylor,NM,1.0,17.0,10,13.0,15.0,18.0,2.0,2.0,2.0,0.0,0.0,1.0,0.0,0.0,0.0,Full Time,wing,On in Q3 for Shiels... %P and %M,sub,Started as the sub,,,,,Midfielder,5.0,0.0,0.0,0.0,1.02,0.2,0.21,,,,2.0,1.0,1.0,100.0,32.0,105.0,0.0,False,1859,1432,19.0,8946_NM,98.20000000000005,0,72.0,0,3.6666666666666665,7.533333333333333,2.3333333333333335,4.6,2.3333333333333335,3.7333333333333334,0.3333333333333333,2.2,0.0,0.0,0.6666666666666666,0.6,0.6666666666666666,0.3333333333333333,0.3333333333333333,0.4,0.0,0.06666666666666667,1.02,0.6326666666666667,0.2,0.256,0.21,0.21,1.3333333333333333,3.7333333333333334,0.3333333333333333,0.4666666666666667,1.3333333333333333,1.8666666666666667,94.33333333333333,77.66666666666667,38.666666666666664,71.06666666666666,120.33333333333333,178.86666666666667,1608.6666666666667,1612.0,1663.6666666666667,1668.2,55.6,53.4,47.6,25.0,1,wing,0.03886245206279609
127946,8947,http://live.fanfooty.com.au/game/matchcentre.html?id=8947,R18,2024,298302.0,Caleb,Marchbank,CA,2.0,30.0,41,17.0,25.0,33.0,5.0,4.0,2.0,0.0,0.0,1.0,0.0,0.0,0.0,Full Time,guard,%M and %P... In defence,,,,0.0,,,Back,22.0,11.0,55.45,0.0,0.0,0.31,0.3,,,,4.0,1.0,2.0,77.0,84.0,129.0,0.0,False,1594,1698,19.0,8947_CA,98.20000000000005,0,72.0,0,7.666666666666667,7.6,5.666666666666667,4.266666666666667,3.3333333333333335,4.333333333333333,0.6666666666666666,1.7333333333333334,0.0,0.0,1.0,1.0,0.3333333333333333,0.8666666666666667,0.0,0.0,0.0,0.0,0.0,0.0,0.6533333333333333,0.756,1.0133333333333334,1.3413333333333335,5.666666666666667,4.133333333333334,0.3333333333333333,0.06666666666666667,2.0,2.533333333333333,77.66666666666667,73.2,88.33333333333333,81.66666666666667,211.33333333333334,,1584.0,1645.0,1704.0,1642.4,59.95,57.6,63.6,60.666666666666664,1,guard,0.07999751780548614
128036,8949,http://live.fanfooty.com.au/game/matchcentre.html?id=8949,R18,2024,297452.0,Nick,Hind,ES,1.0,29.0,19,14.0,21.0,30.0,6.0,2.0,1.0,1.0,0.0,0.0,0.0,0.0,0.0,Full Time,guard,Subbed on late in Q3 for Wright... %P including %K,sub,Started as the sub,,,,,Back,19.0,0.0,0.0,0.0,0.04,0.23,0.13,,,,1.0,0.0,1.0,75.0,27.0,66.0,0.0,False,1638,1616,19.0,8949_ES,98.20000000000005,0,72.0,0,7.666666666666667,9.4,2.6666666666666665,3.3333333333333335,0.6666666666666666,3.0,2.3333333333333335,1.9333333333333333,0.0,0.0,0.3333333333333333,0.6,0.3333333333333333,0.4666666666666667,0.6666666666666666,0.4,0.0,0.26666666666666666,0.04,0.05,0.23,0.22666666666666668,0.13,0.13866666666666666,4.0,3.8666666666666667,1.3333333333333333,0.6666666666666666,2.3333333333333335,1.8,67.66666666666667,62.2,59.666666666666664,59.46666666666667,143.66666666666666,228.13333333333333,1636.6666666666667,1674.6666666666667,1643.3333333333333,1604.6666666666667,64.2,67.0,56.2,43.333333333333336,1,guard,0.07949423139765849
128191,8953,http://live.fanfooty.com.au/game/matchcentre.html?id=8953,R19,2024,271129.0,Todd,Goldstein,ES,8.0,39.0,39,45.0,35.0,43.0,0.0,5.0,0.0,3.0,19.0,1.0,1.0,0.0,0.0,Full Time,ruck,%H... also %P and %T... First ruck,,,,0.0,,,Ruck,17.0,21.0,92.19,0.0,0.0,0.43,0.51,,,,4.0,3.0,1.0,100.0,59.0,-12.0,1.0,False,1555,1745,20.0,8953_ES,99.0,0,70.0,0,3.6666666666666665,3.2666666666666666,8.666666666666666,6.8,0.3333333333333333,1.8,2.3333333333333335,1.7333333333333334,29.0,24.133333333333333,2.6666666666666665,1.8,1.3333333333333333,1.2,0.0,0.13333333333333333,0.0,0.06666666666666667,0.0,0.0,0.43,0.4393333333333333,0.51,0.5233333333333333,8.0,5.666666666666667,5.666666666666667,2.8666666666666667,2.0,2.0,79.0,80.4,66.66666666666667,72.13333333333334,112.33333333333333,104.0,1637.0,1700.2666666666667,1654.0,1582.4,71.75,77.2,77.6,78.33333333333333,1,ruck,0.19337260256543268
128193,8953,http://live.fanfooty.com.au/game/matchcentre.html?id=8953,R19,2024,996232.0,Matt,Guelfi,ES,2.0,30.0,32,39.0,22.0,30.0,2.0,4.0,1.0,3.0,0.0,1.0,0.0,0.0,0.0,Full Time,pocket,%P and %T... Playing a forward role,,,,0.0,,,Forward,35.0,14.0,64.36,0.0,0.0,0.03,0.06,,,,3.0,0.0,0.0,83.0,59.0,32.0,1.0,False,1555,1745,20.0,8953_ES,99.0,0,70.0,0,4.333333333333333,5.666666666666667,6.333333333333333,5.666666666666667,1.0,2.3333333333333335,3.3333333333333335,3.6666666666666665,0.0,0.0,0.3333333333333333,1.0,1.0,0.8,0.3333333333333333,1.0666666666666667,0.3333333333333333,0.7333333333333333,0.0,0.0,0.03,0.052000000000000005,0.06,0.07200000000000001,3.6666666666666665,5.2,0.6666666666666666,0.8666666666666667,1.6666666666666667,1.9333333333333333,76.66666666666667,68.8,74.0,74.8,90.33333333333333,146.73333333333332,1738.3333333333333,1694.3333333333333,1545.3333333333333,1593.6,64.95,78.8,73.0,45.333333333333336,1,pocket,0.07196504813382949
128208,8953,http://live.fanfooty.com.au/game/matchcentre.html?id=8953,R19,2024,291748.0,Brodie,Smith,AD,8.0,60.0,46,42.0,45.0,63.0,9.0,6.0,3.0,3.0,0.0,0.0,0.0,0.0,0.0,Full Time,guard,%P and %M plus %T... Playing a half back role,,,,0.0,,,Back,33.0,2.0,77.5,0.0,0.0,0.35,0.25,,,,5.0,0.0,4.0,66.0,80.0,317.0,0.0,False,1745,1555,20.0,8953_AD,99.0,0,70.0,0,9.666666666666666,11.133333333333333,7.0,6.466666666666667,2.6666666666666665,3.533333333333333,3.0,2.066666666666667,0.0,0.0,0.6666666666666666,0.7333333333333333,0.6666666666666666,0.6666666666666666,0.0,0.0,0.0,0.13333333333333333,0.0,0.0,0.35,0.35,0.25,0.25,5.333333333333333,4.733333333333333,0.6666666666666666,0.4666666666666667,3.6666666666666665,2.466666666666667,66.33333333333333,71.93333333333334,81.66666666666667,78.93333333333334,339.6666666666667,370.6666666666667,1619.6666666666667,1650.3333333333333,1670.3333333333333,1633.4666666666667,67.35,56.0,60.6,55.666666666666664,1,guard,0.10929688393078707
128215,8953,http://live.fanfooty.com.au/game/matchcentre.html?id=8953,R19,2024,1004995.0,Jordon,Butts,AD,3.0,32.0,25,25.0,30.0,39.0,4.0,4.0,5.0,0.0,0.0,0.0,1.0,0.0,0.0,Full Time,injured,Off in Q3 with a left lower leg injury and did not return... %M and %P,job,In defence on Jones,,,,,Back,41.0,0.0,0.0,0.0,0.31,0.49,0.54,,,,0.0,0.0,2.0,100.0,56.0,44.0,1.0,True,1745,1555,20.0,8953_AD,99.0,0,70.0,0,4.666666666666667,5.533333333333333,3.3333333333333335,4.533333333333333,3.3333333333333335,4.266666666666667,1.0,1.0,0.0,0.0,1.0,0.7333333333333333,0.3333333333333333,0.4,0.0,0.0,0.0,0.0,0.31,0.31,0.49,0.49,0.54,0.54,2.0,3.2666666666666666,0.0,0.26666666666666666,1.3333333333333333,1.1333333333333333,90.0,88.13333333333334,78.0,85.06666666666666,138.0,129.73333333333332,1619.6666666666667,1664.2,1670.3333333333333,1621.2,49.1,53.5,40.6,37.333333333333336,1,injured,0.03888851242131768
128282,8955,http://live.fanfooty.com.au/game/matchcentre.html?id=8955,R19,2024,1005988.0,Liam,Henry,SK,5.0,44.0,42,57.0,37.0,51.0,5.0,6.0,4.0,2.0,0.0,0.0,1.0,0.0,0.0,Full Time,injured,Knee on knee contact in Q3 saw him carried off and soon subbed late in Q3... %P and %M plus %T,subbed,Playing a HFF role,,,,,Midfielder,23.0,0.0,0.0,0.0,0.35,0.44,1.0,,,,3.0,1.0,3.0,63.0,50.0,118.0,1.0,True,1430,1854,20.0,8955_SK,99.0,0,70.0,0,8.0,9.533333333333333,6.666666666666667,5.933333333333334,3.0,3.3333333333333335,3.0,2.533333333333333,0.0,0.0,0.6666666666666666,0.6666666666666666,0.6666666666666666,0.6666666666666666,0.3333333333333333,0.4666666666666667,0.0,0.6,0.35,0.512,0.44,0.56,1.0,1.078,7.333333333333333,5.6,2.0,1.4666666666666666,3.3333333333333335,2.4,60.333333333333336,68.46666666666667,74.33333333333333,79.73333333333333,149.33333333333334,231.06666666666666,1709.0,1653.8666666666666,1569.6666666666667,1627.8,68.25,59.8,63.6,61.0,1,injured,0.12090497590240397
128302,8955,http://live.fanfooty.com.au/game/matchcentre.html?id=8955,R19,2024,998791.0,Jamaine,Jones,WC,4.0,49.0,36,32.0,39.0,51.0,8.0,3.0,5.0,1.0,0.0,0.0,0.0,0.0,0.0,Full Time,guard,%P including %K... also %M... Coming off half back,,,,0.0,,,Back,31.0,7.0,42.86,0.0,0.0,0.1,0.19,,,,2.0,0.0,3.0,81.0,82.0,137.0,1.0,False,1854,1430,20.0,8955_WC,99.0,0,70.0,0,5.333333333333333,8.066666666666666,3.3333333333333335,3.7333333333333334,4.333333333333333,3.8666666666666667,1.6666666666666667,2.1333333333333333,0.0,0.0,0.0,0.6,0.3333333333333333,0.8,0.0,0.2,0.3333333333333333,0.13333333333333333,0.0,0.0,0.1,0.1,0.19,0.1873333333333333,2.0,3.2666666666666666,0.0,0.26666666666666666,2.0,2.466666666666667,73.0,73.86666666666666,81.66666666666667,74.46666666666667,127.66666666666667,198.33333333333334,1474.3333333333333,1468.8666666666666,1814.3333333333333,1813.0,55.85,46.8,44.6,33.0,1,guard,0.05965194621014913
128342,8956,http://live.fanfooty.com.au/game/matchcentre.html?id=8956,R19,2024,298358.0,Oleg,Markov,CO,14.0,48.0,45,55.0,33.0,48.0,3.0,4.0,2.0,7.0,0.0,0.0,1.0,0.0,0.0,Full Time,mare,Extremely unsuited to a wet day... %P and %M plus %T,guard,Running off half back,,,,,Back,37.0,0.0,0.0,0.0,0.44,0.56,0.98,,,,3.0,0.0,2.0,57.0,88.0,53.0,0.0,False,1936,1343,20.0,8956_CO,99.0,0,70.0,0,7.0,5.4,5.333333333333333,5.266666666666667,3.6666666666666665,3.2666666666666666,4.333333333333333,2.8,0.0,0.0,0.6666666666666666,0.26666666666666666,0.6666666666666666,0.4,0.0,0.06666666666666667,0.0,0.0,0.44,0.35200000000000004,0.56,0.44800000000000006,0.98,0.784,4.333333333333333,3.066666666666667,0.3333333333333333,0.4,2.0,1.8666666666666667,74.33333333333333,80.2,85.33333333333333,78.46666666666667,130.33333333333334,162.2,1428.0,1586.0666666666666,1852.3333333333333,1695.4666666666667,53.6,45.6,54.0,63.333333333333336,1,mare,0.08888496422858574
128374,8957,http://live.fanfooty.com.au/game/matchcentre.html?id=8957,R19,2024,298419.0,Brandan,Parfitt,GE,2.0,25.0,35,32.0,18.0,25.0,3.0,3.0,0.0,2.0,0.0,1.0,0.0,0.0,1.0,Full Time,in,%l Tom Atkins and subbed off at 3QT for Clohesy... %P and %T plus %s,subbed,Rotating in midfield,,0.0,,,Midfielder,3.0,17.0,75.59,0.0,0.0,0.2,0.08,,,,4.0,1.0,0.0,50.0,40.0,10.0,1.0,True,1872,1417,20.0,8957_GE,99.0,0,70.0,0,7.666666666666667,8.2,5.333333333333333,7.733333333333333,1.0,1.2,5.333333333333333,6.333333333333333,0.0,0.0,0.6666666666666666,0.4666666666666667,1.3333333333333333,0.8,0.0,0.13333333333333333,0.6666666666666666,0.2,0.0,0.0,0.2,0.20800000000000002,0.08,0.096,7.333333333333333,7.533333333333333,4.0,3.8666666666666667,3.0,2.933333333333333,55.333333333333336,59.06666666666667,57.0,58.86666666666667,210.66666666666666,229.4,1423.3333333333333,1561.2,1858.0,1724.1333333333334,61.4,76.2,56.2,55.0,1,in,0.01903381190653973
128416,8958,http://live.fanfooty.com.au/game/matchcentre.html?id=8958,R19,2024,1009195.0,Dylan,Williams,PA,4.0,46.0,44,61.0,38.0,51.0,10.0,2.0,5.0,0.0,0.0,0.0,1.0,0.0,0.0,Full Time,guard,%P including %K... also %M... Rotating in defence,,,,,,,Forward,23.0,0.0,0.0,0.0,0.04,0.06,0.15,,,,3.0,0.0,2.0,75.0,70.0,414.0,1.0,False,1467,1828,20.0,8958_PA,99.0,0,70.0,0,9.666666666666666,10.666666666666666,1.6666666666666667,2.2666666666666666,4.333333333333333,4.666666666666667,0.3333333333333333,0.6,0.0,0.0,0.0,0.13333333333333333,0.3333333333333333,0.4666666666666667,0.0,0.0,0.0,0.0,0.04,0.010666666666666666,0.06,0.06733333333333333,0.15,0.5606666666666666,2.3333333333333335,3.1333333333333333,0.0,0.26666666666666666,1.3333333333333333,1.3333333333333333,73.33333333333333,78.4,70.33333333333333,65.8,355.0,365.3333333333333,1616.3333333333333,1642.4666666666667,1675.3333333333333,1640.6666666666667,62.55,57.3,48.0,47.0,1,guard,0.07655604882531458
128553,8961,http://live.fanfooty.com.au/game/matchcentre.html?id=8961,R19,2024,297767.0,Sam,Durdin,CA,1.0,15.0,33,20.0,13.0,18.0,4.0,1.0,1.0,0.0,0.0,1.0,1.0,0.0,0.0,Full Time,in,%l Caleb Marchbank... off in Q1 after a knock but returned in Q2... %P including %K,sore,In defence on Comben,,0.0,,,Back,38.0,1.0,22.0,0.0,0.0,0.62,1.33,,,,3.0,0.0,3.0,80.0,76.0,129.0,0.0,True,1603,1675,20.0,8961_CA,99.0,0,70.0,0,3.3333333333333335,5.533333333333333,3.3333333333333335,3.533333333333333,1.0,3.0,1.0,1.5333333333333334,0.0,0.0,1.0,0.6,1.3333333333333333,0.7333333333333333,0.0,0.06666666666666667,0.3333333333333333,0.06666666666666667,0.0,0.06466666666666666,0.20666666666666667,0.22733333333333333,0.44333333333333336,0.3413333333333333,4.666666666666667,3.6,0.3333333333333333,0.13333333333333333,3.0,1.5333333333333334,72.66666666666667,79.8,80.0,82.93333333333334,94.66666666666667,,1679.3333333333333,1686.8666666666666,1601.3333333333333,1587.1333333333334,51.25,46.5,39.8,38.333333333333336,1,in,0.0081302101456956
128599,8962,http://live.fanfooty.com.au/game/matchcentre.html?id=8962,R20,2024,993795.0,David,Cuningham,CA,0.0,0.0,0,0.0,0.0,0.0,0.0,0.0,0.0,0.0,0.0,0.0,0.0,0.0,0.0,Full Time,injured,Dislocated left shoulder in a clash with Rioli in Q1... subbed off for Carroll,subbed,Playing a HFF role,,0.0,,,Midfielder,28.0,5.0,42.4,0.0,0.0,0.15,0.03,,,,0.0,0.0,0.0,0.0,6.0,0.0,1.0,True,1721,1577,21.0,8962_CA,98.0,0,72.0,0,2.3333333333333335,4.733333333333333,2.6666666666666665,7.133333333333334,1.0,1.8,0.6666666666666666,3.2,0.0,0.0,0.3333333333333333,0.4666666666666667,1.0,0.4,0.0,0.3333333333333333,0.0,0.4,0.0,0.024,0.15,1.3966666666666667,0.03,0.5166666666666667,2.3333333333333335,4.333333333333333,0.3333333333333333,1.2666666666666666,1.3333333333333333,1.7333333333333334,59.333333333333336,69.86666666666666,29.666666666666668,64.53333333333333,104.0,160.13333333333333,1642.0,1697.2666666666667,1633.6666666666667,1582.6,57.15,45.1,39.6,21.0,1,injured,0.04986681107067716
128688,8964,http://live.fanfooty.com.au/game/matchcentre.html?id=8964,R20,2024,1005986.0,Malcolm,Rosas,GC,8.0,19.0,17,26.0,20.0,30.0,5.0,0.0,0.0,1.0,0.0,0.0,4.0,2.0,0.0,Full Time,pocket,%s from %P... gave away %F... Rotating forward,,,,,,,Forward,41.0,0.0,0.0,0.0,0.04,0.05,0.07,,,,2.0,0.0,6.0,40.0,72.0,116.0,0.0,False,1838,1445,21.0,8964_GC,98.0,0,72.0,0,5.333333333333333,6.4,1.0,3.066666666666667,0.6666666666666666,2.3333333333333335,1.3333333333333333,2.2666666666666666,0.0,0.0,0.6666666666666666,0.6,2.0,0.8666666666666667,1.6666666666666667,1.5333333333333334,0.6666666666666666,0.8666666666666667,0.04,0.04,0.05,0.044000000000000004,0.07,0.082,2.6666666666666665,4.133333333333334,0.6666666666666666,0.7333333333333333,3.6666666666666665,2.3333333333333335,58.666666666666664,62.266666666666666,65.0,70.33333333333333,128.0,181.2,1669.3333333333333,1624.9333333333334,1615.0,1661.8666666666666,53.85,56.1,44.6,33.666666666666664,1,pocket,0.03950585353167139
128689,8964,http://live.fanfooty.com.au/game/matchcentre.html?id=8964,R20,2024,1006100.0,Thomas,Berry,GC,1.0,18.0,12,22.0,15.0,21.0,3.0,3.0,1.0,0.0,0.0,0.0,0.0,0.0,0.0,Full Time,wing,On after 3QT for Moyle... %P,sub,Started as the sub,,,,,Forward,16.0,0.0,0.0,0.0,0.13,0.23,0.07,,,,4.0,0.0,4.0,66.0,20.0,141.0,1.0,False,1838,1445,21.0,8964_GC,98.0,0,72.0,0,4.0,6.066666666666666,3.6666666666666665,5.466666666666667,2.3333333333333335,2.466666666666667,1.0,2.466666666666667,0.0,0.0,0.0,1.0,0.3333333333333333,0.3333333333333333,0.0,0.13333333333333333,0.0,0.26666666666666666,0.13,0.13,0.23,0.23,0.07,0.07,3.6666666666666665,4.4,0.3333333333333333,0.6,3.0,2.8,64.33333333333333,64.66666666666667,54.333333333333336,72.46666666666667,127.33333333333333,188.93333333333334,1571.3333333333333,1628.6,1709.3333333333333,1650.4,48.2,43.2,38.8,26.666666666666668,1,wing,0.03325483240665066
128753,8965,http://live.fanfooty.com.au/game/matchcentre.html?id=8965,R20,2024,298289.0,Peter,Wright,ES,4.0,39.0,42,38.0,33.0,41.0,2.0,5.0,1.0,2.0,11.0,1.0,0.0,0.0,0.0,Full Time,spearhead,%P including %B... also %T... Up forward on Howard,,,,0.0,,,Forward,20.0,7.0,58.14,0.0,0.0,0.31,0.28,,,,3.0,1.0,2.0,71.0,60.0,44.0,0.0,False,1856,1435,21.0,8965_ES,98.0,0,72.0,0,6.0,6.866666666666666,5.666666666666667,4.666666666666667,4.666666666666667,4.733333333333333,2.0,1.4666666666666666,7.666666666666667,7.6,0.3333333333333333,0.8,0.6666666666666666,0.3333333333333333,1.3333333333333333,1.4666666666666666,0.3333333333333333,0.7333333333333333,0.0,0.0,0.31,0.3393333333333333,0.28,0.30666666666666664,6.0,5.066666666666666,0.3333333333333333,0.8666666666666667,3.6666666666666665,2.066666666666667,59.333333333333336,70.26666666666667,74.66666666666667,83.4,173.33333333333334,180.8,1591.0,1698.8666666666666,1702.6666666666667,1589.3333333333333,72.45,75.8,64.0,64.33333333333333,1,spearhead,0.14272607520752148
128756,8965,http://live.fanfooty.com.au/game/matchcentre.html?id=8965,R20,2024,1001026.0,Jordan,Ridley,ES,2.0,25.0,33,22.0,18.0,24.0,3.0,1.0,2.0,2.0,0.0,0.0,0.0,0.0,0.0,Full Time,injured,Off in Q2 with a hip issue and subbed at Half Time... %P and %M plus %T,subbed,In defence on Membrey,,0.0,,,Back,14.0,3.0,54.0,0.0,0.0,7.6,1.67,,,,1.0,0.0,0.0,75.0,42.0,37.0,1.0,True,1856,1435,21.0,8965_ES,98.0,0,72.0,0,13.333333333333334,15.666666666666666,5.0,5.466666666666667,6.0,8.0,1.3333333333333333,1.2666666666666666,0.0,0.0,0.0,0.4666666666666667,0.0,0.4,0.0,0.06666666666666667,0.0,0.0,0.0,0.0,7.6,5.239999999999999,1.67,1.302,4.333333333333333,4.4,0.0,0.0,0.3333333333333333,1.2666666666666666,84.66666666666667,88.86666666666666,77.33333333333333,83.4,296.6666666666667,350.93333333333334,1598.6666666666667,1670.2666666666667,1683.0,1616.9333333333334,100.1,106.1,90.8,87.33333333333333,1,injured,0.3860616877074137
128797,8966,http://live.fanfooty.com.au/game/matchcentre.html?id=8966,R20,2024,1008123.0,Jake,Riccardi,WS,4.0,43.0,23,36.0,36.0,48.0,5.0,4.0,4.0,2.0,2.0,0.0,1.0,0.0,1.0,Full Time,ruckfwd,%s from %P and %M plus %T... Starting forward on May with ruck support,,,,,,,Forward,26.0,0.0,0.0,0.0,0.13,0.21,0.21,,,,1.0,0.0,3.0,55.0,72.0,121.0,1.0,False,1500,1800,21.0,8966_WS,98.0,0,72.0,0,7.666666666666667,7.2,4.333333333333333,3.8666666666666667,5.333333333333333,5.133333333333334,1.3333333333333333,1.6,4.333333333333333,4.333333333333333,0.0,0.26666666666666666,1.0,0.8,0.6666666666666666,1.3333333333333333,1.0,0.6666666666666666,0.13,0.13,0.21,0.21,0.21,0.21,2.6666666666666665,3.933333333333333,0.3333333333333333,0.8666666666666667,2.3333333333333335,2.7333333333333334,66.0,66.2,72.0,74.13333333333334,195.0,172.26666666666668,1803.3333333333333,1699.6,1485.3333333333333,1586.8666666666666,54.95,61.8,50.4,50.0,1,ruckfwd,0.04047394453663166
128841,8967,http://live.fanfooty.com.au/game/matchcentre.html?id=8967,R20,2024,1006576.0,Luke,Edwards,WC,3.0,41.0,46,31.0,32.0,45.0,5.0,7.0,1.0,2.0,0.0,1.0,0.0,0.0,0.0,Full Time,sore,Came off in Q4 with a problem... %P and %T,wing,Playing an outside game,,,,,Midfielder,16.0,0.0,0.0,0.0,0.09,0.1,0.08,,,,4.0,1.0,3.0,83.0,68.0,125.0,1.0,True,1801,1495,21.0,8967_WC,98.0,0,72.0,0,8.666666666666666,6.133333333333334,5.666666666666667,4.6,4.666666666666667,3.2,1.3333333333333333,1.9333333333333333,0.0,0.0,0.3333333333333333,0.26666666666666666,1.0,0.5333333333333333,0.3333333333333333,0.13333333333333333,0.0,0.06666666666666667,0.09,0.096,0.1,0.13,0.08,0.09800000000000002,3.6666666666666665,2.6,1.0,1.0,2.6666666666666665,1.7333333333333334,81.33333333333333,75.0,77.33333333333333,67.2,197.66666666666666,124.33333333333333,1501.3333333333333,1517.2,1790.0,1764.4666666666667,40.65,39.9,45.6,52.0,1,sore,0.040898021817968346
128845,8967,http://live.fanfooty.com.au/game/matchcentre.html?id=8967,R20,2024,997823.0,Josh,Rotham,WC,3.0,33.0,26,24.0,26.0,33.0,5.0,1.0,4.0,1.0,0.0,0.0,0.0,0.0,0.0,Full Time,dogga,%P including %K... also %M... In defence on Jackson,,,,,,,Back,35.0,0.0,0.0,0.0,0.0,0.05,0.09,,,,1.0,0.0,1.0,66.0,86.0,97.0,0.0,False,1801,1495,21.0,8967_WC,98.0,0,72.0,0,6.0,7.466666666666667,1.6666666666666667,1.6666666666666667,3.3333333333333335,5.2,1.3333333333333333,1.2,0.0,0.2,0.3333333333333333,0.4,0.0,0.6,0.0,0.0,0.0,0.0,0.0,0.016,0.05,0.05,0.09,0.082,1.6666666666666667,2.2,0.0,0.0,1.3333333333333333,1.8,71.0,73.26666666666667,88.66666666666667,84.33333333333333,112.33333333333333,179.73333333333332,1414.0,1521.2666666666667,1878.3333333333333,1763.2666666666667,48.4,42.7,36.8,41.0,1,dogga,0.18066905913526163
128957,8970,http://live.fanfooty.com.au/game/matchcentre.html?id=8970,R20,2024,1018335.0,Brayden,Cook,AD,2.0,29.0,39,36.0,24.0,33.0,3.0,5.0,2.0,1.0,0.0,0.0,0.0,0.0,0.0,Full Time,wing,%P and %M... Starting on a HFF,,,,,,,Midfielder,15.0,0.0,0.0,0.0,0.27,0.58,0.32,,,,3.0,0.0,0.0,75.0,78.0,84.0,1.0,False,1782,1505,21.0,8970_AD,98.0,0,72.0,0,5.0,5.533333333333333,5.333333333333333,3.7333333333333334,2.0,2.2,1.3333333333333333,1.4666666666666666,0.0,0.0,0.3333333333333333,0.2,0.6666666666666666,0.13333333333333333,0.0,0.8,0.3333333333333333,0.3333333333333333,0.27,0.27,0.58,0.58,0.32,0.32,4.333333333333333,3.1333333333333333,1.0,0.6666666666666666,1.6666666666666667,0.9333333333333333,71.0,80.06666666666666,76.66666666666667,70.8,190.33333333333334,172.6,1583.0,1664.6666666666667,1707.0,1619.6666666666667,47.4,46.8,37.8,45.0,1,wing,0.03497760468441675
128959,8970,http://live.fanfooty.com.au/game/matchcentre.html?id=8970,R20,2024,1005199.0,Elliott,Himmelberg,AD,1.0,13.0,15,16.0,13.0,17.0,2.0,1.0,1.0,0.0,5.0,0.0,1.0,0.0,0.0,Full Time,ruckfwd,Subbed off in Q3 for Curtin... %P,subbed,Playing a forward/ruck role on Scrimshaw,,0.0,,,Forward,34.0,0.0,0.0,0.0,0.0,0.23,0.24,,,,1.0,0.0,1.0,66.0,50.0,44.0,1.0,True,1782,1505,21.0,8970_AD,98.0,0,72.0,0,3.0,5.8,2.6666666666666665,3.7333333333333334,1.0,3.066666666666667,1.0,1.7333333333333334,3.6666666666666665,4.133333333333334,0.3333333333333333,0.8666666666666667,0.6666666666666666,0.6,0.3333333333333333,0.8,0.0,0.4666666666666667,0.0,0.012666666666666666,0.23,0.16,0.24,0.158,3.3333333333333335,5.2,0.3333333333333333,0.5333333333333333,1.0,1.6666666666666667,84.66666666666667,70.0,68.33333333333333,77.4,73.0,133.6,1583.0,1620.2,1707.0,1664.3333333333333,56.95,53.8,46.8,34.666666666666664,1,ruckfwd,0.03664581963507036
129023,8971,http://live.fanfooty.com.au/game/matchcentre.html?id=8971,R21,2024,281085.0,Steven,May,ME,3.0,39.0,68,12.0,29.0,39.0,10.0,0.0,3.0,0.0,0.0,0.0,0.0,0.0,0.0,Full Time,injured,Came off in Q2 with back soreness... subbed off at HT for Turner... %P including %B... also %M,subbed,Playing FB on Ugle-Hagan,,0.0,,,Back,1.0,16.0,76.13,0.0,0.0,0.3,0.53,,,,2.0,0.0,3.0,80.0,40.0,292.0,1.0,True,1860,1425,22.0,8971_ME,101.0,0,70.0,0,16.666666666666668,16.066666666666666,1.6666666666666667,2.466666666666667,5.666666666666667,6.866666666666666,1.0,0.7333333333333333,0.0,0.0,0.6666666666666666,0.5333333333333333,0.3333333333333333,0.6,0.0,0.06666666666666667,0.0,0.0,0.0,0.0,0.3,0.3,0.53,0.53,4.666666666666667,3.933333333333333,0.0,0.06666666666666667,3.6666666666666665,2.466666666666667,76.0,82.4,76.0,90.86666666666666,441.0,382.8,1475.3333333333333,1575.3333333333333,1812.6666666666667,1709.4666666666667,96.2,95.0,99.8,97.0,1,injured,0.4093340697098875
129057,8972,http://live.fanfooty.com.au/game/matchcentre.html?id=8972,R21,2024,993799.0,Brayden,Fiorini,GC,14.0,66.0,87,50.0,52.0,67.0,8.0,7.0,2.0,3.0,0.0,3.0,0.0,1.0,1.0,Full Time,wing,%P and %M plus %T... %s as well... umps paid him %4FF... Playing on a wing,,,,0.0,,,Midfielder,8.0,10.0,92.3,0.0,0.0,0.07,0.15,,,,3.0,1.0,0.0,93.0,82.0,203.0,0.0,False,1722,1570,22.0,8972_GC,101.0,0,70.0,1,7.0,10.133333333333333,9.333333333333334,8.4,4.666666666666667,4.533333333333333,1.3333333333333333,2.2,0.0,0.0,1.0,0.5333333333333333,0.0,0.2,0.3333333333333333,0.4666666666666667,0.3333333333333333,0.3333333333333333,0.0,0.008666666666666727,0.07,0.08000000000000002,0.15,0.156,2.3333333333333335,4.533333333333333,0.3333333333333333,1.0666666666666667,1.6666666666666667,1.8666666666666667,82.0,72.73333333333333,72.66666666666667,77.6,256.3333333333333,293.1333333333333,1636.0,1671.1333333333334,1655.0,1605.8666666666666,73.05,66.8,61.0,59.666666666666664,1,wing,0.11397261663630603
129078,8973,http://live.fanfooty.com.au/game/matchcentre.html?id=8973,R21,2024,1002240.0,Jaidyn,Stephenson,NM,25.0,99.0,104,131.0,75.0,96.0,14.0,3.0,8.0,5.0,0.0,1.0,0.0,1.0,0.0,Full Time,guard,%s from %P and %M plus %T... Starting at half back,,,,0.0,,,Forward,2.0,21.0,66.14,0.0,0.0,0.23,0.17,,,,4.0,0.0,2.0,70.0,78.0,459.0,0.0,False,1443,1835,22.0,8973_NM,101.0,1,70.0,1,11.333333333333334,8.533333333333333,4.666666666666667,3.6666666666666665,4.666666666666667,3.933333333333333,3.0,1.8666666666666667,0.0,0.0,0.6666666666666666,0.4,0.6666666666666666,0.5333333333333333,0.3333333333333333,0.6666666666666666,0.0,0.13333333333333333,0.0,0.0,0.23,0.222,0.17,0.17800000000000002,4.0,2.933333333333333,0.0,0.26666666666666666,2.3333333333333335,1.8,66.0,64.46666666666667,57.333333333333336,74.66666666666667,293.0,262.8,1744.6666666666667,1568.6,1540.0,1716.4,50.15,55.2,59.0,70.33333333333333,1,guard,0.05558097495019034
129109,8973,http://live.fanfooty.com.au/game/matchcentre.html?id=8973,R21,2024,290847.0,Dustin,Martin,RI,7.0,47.0,54,28.0,40.0,56.0,7.0,9.0,2.0,0.0,0.0,0.0,0.0,0.0,2.0,Full Time,cobweb,Looked underdone... %P and %M plus %s,pocket,Mostly forward,,,,,Midfielder,4.0,0.0,0.0,0.0,9.61,4.85,7.69,,,,8.0,1.0,1.0,68.0,75.0,24.0,0.0,False,1835,1443,22.0,8973_RI,101.0,0,70.0,0,6.0,10.933333333333334,6.0,8.4,1.6666666666666667,3.933333333333333,0.0,1.6,0.0,0.06666666666666667,0.0,0.26666666666666666,1.0,0.8666666666666667,0.3333333333333333,0.9333333333333333,0.6666666666666666,0.6,9.61,9.923333333333336,4.85,5.568666666666666,7.69,7.499333333333334,4.333333333333333,5.6,1.0,1.2,1.3333333333333333,2.7333333333333334,81.66666666666667,71.13333333333334,67.0,80.46666666666667,111.0,263.93333333333334,1482.6666666666667,1491.6,1801.6666666666667,1796.0666666666666,82.6,58.6,56.0,44.666666666666664,1,cobweb,0.04555721770669638
129173,8975,http://live.fanfooty.com.au/game/matchcentre.html?id=8975,R21,2024,994185.0,Jordan,De Goey,CO,11.0,57.0,73,69.0,50.0,64.0,5.0,7.0,3.0,2.0,0.0,1.0,1.0,2.0,1.0,Full Time,injured,First goal... Hobbled off following a nasty looking hamstring tear in Q3... %P and %M plus %T... %s as well,subbed,Playing in attack today on McGovern,,0.0,,,Midfielder,2.0,16.0,82.69,0.0,0.0,2.46,2.13,,,,6.0,0.0,1.0,83.0,54.0,178.0,1.0,True,1716,1554,22.0,8975_CO,101.0,0,70.0,1,11.333333333333334,11.466666666666667,6.0,10.066666666666666,2.3333333333333335,4.066666666666666,2.6666666666666665,3.466666666666667,0.0,0.0,1.3333333333333333,1.1333333333333333,0.3333333333333333,1.6,1.3333333333333333,0.8,0.6666666666666666,0.6,0.0,0.21866666666666665,2.46,2.3613333333333335,2.13,2.1006666666666662,9.0,9.4,4.333333333333333,4.666666666666667,2.6666666666666665,4.466666666666667,67.66666666666667,67.06666666666666,72.0,81.6,406.0,383.46666666666664,1465.0,1569.5333333333333,1806.3333333333333,1711.0,83.95,88.8,83.8,82.0,1,injured,0.26033219343880404
129247,8976,http://live.fanfooty.com.au/game/matchcentre.html?id=8976,R21,2024,997142.0,Peter,Ladhams,SY,5.0,37.0,38,34.0,32.0,41.0,3.0,3.0,2.0,2.0,10.0,0.0,1.0,0.0,1.0,Full Time,in,%l Joel Amartey... %H... also %P and %M plus %T... %s as well,ruckfwd,Playing a forward/ruck role on Zerk-Thatcher,,0.0,,,Ruck,19.0,0.0,0.0,0.0,0.0,0.04,0.06,,,,4.0,1.0,4.0,33.0,79.0,104.0,0.0,False,2067,1232,22.0,8976_SY,101.0,0,70.0,0,4.333333333333333,7.266666666666667,3.3333333333333335,6.066666666666666,1.6666666666666667,2.3333333333333335,1.0,1.6666666666666667,8.666666666666666,18.466666666666665,0.3333333333333333,1.6666666666666667,0.6666666666666666,1.8666666666666667,0.6666666666666666,0.3333333333333333,0.6666666666666666,0.13333333333333333,0.0,0.010666666666666666,0.08666666666666667,0.06866666666666667,0.16,0.13,4.0,7.8,0.6666666666666666,3.8,3.6666666666666665,4.4,40.0,58.8,60.666666666666664,69.06666666666666,65.33333333333333,163.4,1503.6666666666667,1605.7333333333333,1790.0,1679.3333333333333,73.0,66.5,57.8,37.666666666666664,1,in,0.02737283448326196
129296,8977,http://live.fanfooty.com.au/game/matchcentre.html?id=8977,R21,2024,998390.0,Changkuoth,Jiath,HW,3.0,33.0,39,26.0,27.0,39.0,4.0,6.0,1.0,2.0,0.0,1.0,1.0,0.0,0.0,Full Time,wing,%P and %T... Starting on a wing on Ward,,,,0.0,,,Back,9.0,0.0,0.0,0.0,0.0,1.55,1.16,,,,4.0,1.0,1.0,80.0,76.0,138.0,0.0,False,1729,1549,22.0,8977_HW,101.0,0,70.0,0,7.666666666666667,7.466666666666667,6.666666666666667,5.533333333333333,2.6666666666666665,3.0,2.0,1.8666666666666667,0.0,0.0,0.3333333333333333,1.0,2.0,1.0,0.0,0.2,0.3333333333333333,0.26666666666666666,0.0,0.0,1.55,1.4273333333333333,1.16,1.392,5.333333333333333,4.6,0.6666666666666666,0.6,2.3333333333333335,2.3333333333333335,70.33333333333333,76.0,77.33333333333333,74.8,230.66666666666666,245.13333333333333,1755.6666666666667,1653.4666666666667,1525.6666666666667,1633.6,61.1,60.0,61.0,58.666666666666664,1,wing,0.07228932429268085
129329,8978,http://live.fanfooty.com.au/game/matchcentre.html?id=8978,R21,2024,998145.0,Sean,Darcy,FR,16.0,64.0,72,62.0,64.0,79.0,2.0,10.0,2.0,1.0,33.0,0.0,2.0,0.0,1.0,Full Time,ruck,%H... also %P and %M... and kicked %s... First ruck with support from Jackson,,,,0.0,,,Ruck,4.0,6.0,73.67,0.0,0.0,0.74,1.63,,,,10.0,2.0,6.0,58.0,87.0,40.0,0.0,False,1682,1587,22.0,8978_FR,101.0,0,70.0,1,4.666666666666667,5.266666666666667,8.666666666666666,7.4,2.3333333333333335,2.066666666666667,1.0,3.2666666666666666,38.333333333333336,33.733333333333334,1.3333333333333333,1.4,2.3333333333333335,1.4,0.0,0.4666666666666667,0.3333333333333333,0.2,0.0,0.0,0.74,1.6239999999999999,1.63,1.978,10.666666666666666,8.8,4.666666666666667,4.533333333333333,4.666666666666667,2.466666666666667,72.33333333333333,69.86666666666666,83.33333333333333,70.53333333333333,134.66666666666666,150.66666666666666,1722.0,1677.0,1559.3333333333333,1608.5333333333333,99.0,97.0,88.0,102.66666666666667,1,ruck,0.4787175696477728
129340,8978,http://live.fanfooty.com.au/game/matchcentre.html?id=8978,R21,2024,295067.0,James,Aish,FR,2.0,29.0,21,30.0,21.0,30.0,2.0,4.0,1.0,3.0,0.0,0.0,0.0,0.0,0.0,Full Time,wing,Subbed on in Q3... %P and %T,sub,Started as the sub,,0.0,,,Midfielder,11.0,8.0,72.88,0.0,0.0,0.13,0.17,,,,1.0,0.0,0.0,66.0,25.0,-6.0,1.0,False,1682,1587,22.0,8978_FR,101.0,0,70.0,0,3.0,8.466666666666667,4.333333333333333,7.0,1.6666666666666667,4.733333333333333,1.0,1.5333333333333334,0.0,0.0,0.0,0.26666666666666666,0.0,0.3333333333333333,0.0,0.0,0.0,0.13333333333333333,0.0,0.0,0.13,0.13,0.17,0.17,1.6666666666666667,3.1333333333333333,1.0,1.0666666666666667,0.3333333333333333,1.6,77.33333333333333,79.2,25.333333333333332,70.8,51.333333333333336,212.2,1722.0,1684.7333333333333,1559.3333333333333,1600.9333333333334,64.4,44.9,37.6,18.0,1,wing,0.05209302195090215
129357,8979,http://live.fanfooty.com.au/game/matchcentre.html?id=8979,R21,2024,994599.0,Riley,Bonner,SK,8.0,53.0,55,68.0,44.0,57.0,7.0,5.0,6.0,1.0,0.0,0.0,0.0,0.0,0.0,Full Time,astronaut,Subbed off at HT for Dow after a series of poor defensive efforts... %M and %P,subbed,Starting on a wing against Berry,,0.0,,,Back,36.0,19.0,60.37,0.0,0.0,0.2,0.14,,,,4.0,1.0,1.0,66.0,37.0,210.0,1.0,True,1751,1520,22.0,8979_SK,101.0,0,70.0,0,12.333333333333334,14.866666666666667,6.333333333333333,5.133333333333334,5.333333333333333,5.4,0.6666666666666666,1.2666666666666666,0.0,0.0,0.3333333333333333,0.13333333333333333,0.0,0.5333333333333333,0.0,0.0,0.0,0.26666666666666666,0.0,0.0,0.2,0.2,0.14,0.14,3.3333333333333335,3.0,0.3333333333333333,0.5333333333333333,1.3333333333333333,2.4,79.33333333333333,77.66666666666667,63.0,74.6,356.3333333333333,415.0,1743.3333333333333,1600.4666666666667,1538.6666666666667,1683.4,74.65,66.3,64.4,67.0,1,astronaut,0.15439378744298743
129542,8983,http://live.fanfooty.com.au/game/matchcentre.html?id=8983,R22,2024,293854.0,Matt,Taberner,FR,2.0,25.0,39,32.0,20.0,27.0,3.0,3.0,2.0,1.0,0.0,0.0,0.0,0.0,0.0,Full Time,crab,Looks well short of a gallop... subbed off in Q4 for Worner... %P and %M,subbed,Playing a forward/ruck role on Kolodjashnij,,0.0,,,Forward,20.0,8.0,68.88,0.0,0.0,1.55,0.09,,,,3.0,1.0,0.0,66.0,77.0,84.0,1.0,True,1520,1756,23.0,8983_FR,97.0,0,74.0,0,2.6666666666666665,5.466666666666667,1.6666666666666667,2.7333333333333334,1.6666666666666667,4.0,2.0,1.1333333333333333,0.0,0.0,0.3333333333333333,0.6,1.0,0.9333333333333333,0.6666666666666666,1.0666666666666667,0.0,0.4666666666666667,0.0,0.010666666666666666,1.55,0.5459999999999999,0.09,0.08066666666666666,2.6666666666666665,3.2666666666666666,0.3333333333333333,0.06666666666666667,2.3333333333333335,1.8,60.666666666666664,69.66666666666667,81.0,75.13333333333334,66.66666666666667,124.46666666666667,1637.0,1674.4666666666667,1649.0,1612.4,48.85,39.7,37.8,28.0,1,crab,0.024433819175798056
129588,8984,http://live.fanfooty.com.au/game/matchcentre.html?id=8984,R22,2024,1015827.0,Nik,Cox,ES,3.0,26.0,17,35.0,21.0,30.0,3.0,3.0,2.0,2.0,0.0,0.0,1.0,0.0,0.0,Full Time,injured,Looked in a bad way after a heavy contest in Q2 and subbed off quickly... %P and %M plus %T,subbed,In defence on Andrew,,,,,,13.0,0.0,0.0,0.0,1.2,2.32,2.32,,,,1.0,0.0,2.0,66.0,36.0,110.0,1.0,True,1580,1711,23.0,8984_ES,97.0,0,74.0,0,5.333333333333333,6.866666666666666,4.666666666666667,5.6,3.6666666666666665,3.8666666666666667,1.6666666666666667,2.7333333333333334,0.0,0.7333333333333333,0.6666666666666666,0.7333333333333333,1.3333333333333333,0.6,0.0,0.4666666666666667,0.0,0.13333333333333333,1.2,1.2,2.32,2.32,2.32,2.32,3.0,4.666666666666667,0.0,1.0666666666666667,1.6666666666666667,2.2,81.66666666666667,68.93333333333334,69.66666666666667,77.2,117.66666666666667,170.86666666666667,1609.3333333333333,1698.7333333333333,1674.3333333333333,1584.2666666666667,53.15,52.7,47.0,36.666666666666664,1,injured,0.05070741150986114
129676,8986,http://live.fanfooty.com.au/game/matchcentre.html?id=8986,R22,2024,996731.0,Charlie,Curnow,CA,7.0,13.0,17,17.0,15.0,18.0,2.0,0.0,2.0,0.0,0.0,1.0,2.0,1.0,0.0,Full Time,injured,Painful left ankle injury early in Q3 and did not return... %s from %P and %M,spearhead,Starting at CHF on Sicily then got Scrimshaw in Q2,,0.0,,,Forward,30.0,19.0,76.47,0.0,0.0,4.45,4.69,,,,1.0,0.0,3.0,50.0,49.0,80.0,1.0,True,1828,1456,23.0,8986_CA,97.0,0,74.0,0,9.333333333333334,9.8,0.6666666666666666,1.9333333333333333,5.333333333333333,5.6,1.3333333333333333,1.0,0.0,0.0,2.3333333333333335,1.4666666666666666,1.0,0.5333333333333333,1.3333333333333333,2.466666666666667,1.0,1.8666666666666667,0.0,0.0,4.45,4.45,4.69,4.69,4.333333333333333,5.533333333333333,0.0,0.13333333333333333,2.6666666666666665,1.9333333333333333,48.666666666666664,61.93333333333333,77.33333333333333,89.13333333333334,289.3333333333333,282.0,1583.0,1662.1333333333334,1701.0,1623.1333333333334,82.8,73.0,72.8,56.333333333333336,1,injured,0.24160318923464927
129677,8986,http://live.fanfooty.com.au/game/matchcentre.html?id=8986,R22,2024,296190.0,Jack,Martin,CA,0.0,6.0,12,8.0,5.0,6.0,1.0,0.0,1.0,0.0,0.0,0.0,0.0,0.0,0.0,Full Time,injured,Subbed off at QT with a hamstring injury,subbed,Playing a half forward role on Weddle,,0.0,,,Forward,21.0,15.0,83.8,0.0,0.0,0.19,0.24,,,,0.0,0.0,0.0,100.0,5.0,23.0,1.0,True,1828,1456,23.0,8986_CA,97.0,0,74.0,0,4.0,5.6,2.6666666666666665,4.8,2.3333333333333335,3.466666666666667,0.6666666666666666,2.0,0.0,0.0,1.0,0.9333333333333333,1.0,1.0666666666666667,1.0,1.3333333333333333,0.0,0.6,0.0,0.0,0.19,0.318,0.24,0.1760000000000001,4.0,4.733333333333333,0.6666666666666666,0.6,2.0,2.4,80.66666666666667,75.4,53.0,68.2,70.33333333333333,126.73333333333333,1623.0,1683.0666666666666,1653.6666666666667,1600.1333333333334,55.6,57.4,47.4,40.0,1,injured,0.054934599095445465
129679,8986,http://live.fanfooty.com.au/game/matchcentre.html?id=8986,R22,2024,1002795.0,Jordan,Boyd,CA,0.0,0.0,3,0.0,0.0,0.0,0.0,0.0,0.0,0.0,0.0,0.0,0.0,0.0,0.0,Full Time,injured,Hip knock in Q1 then slipped over in Q2 and came off looking even worse with a twisted left knee... struggled on until a last knock in Q4 saw him trudge off and not return,switch,Rotating in defence... switched forward in Q3 as he could not run,,,,,Back,37.0,0.0,0.0,0.0,0.49,0.32,0.11,,,,0.0,0.0,0.0,0.0,50.0,0.0,1.0,True,1828,1456,23.0,8986_CA,97.0,0,74.0,0,8.0,10.533333333333333,1.6666666666666667,3.066666666666667,4.0,3.933333333333333,1.0,1.9333333333333333,0.0,0.0,0.0,0.5333333333333333,0.6666666666666666,0.7333333333333333,0.0,0.06666666666666667,0.3333333333333333,0.13333333333333333,0.49,0.49,0.32,0.32,0.11,0.11,1.0,2.933333333333333,0.0,0.3333333333333333,2.6666666666666665,2.1333333333333333,43.333333333333336,71.93333333333334,63.333333333333336,79.0,210.33333333333334,289.93333333333334,1623.3333333333333,1671.7333333333333,1658.6666666666667,1611.2666666666667,61.7,50.6,35.8,29.666666666666668,1,injured,0.07297715558276947
129722,8987,http://live.fanfooty.com.au/game/matchcentre.html?id=8987,R22,2024,1012386.0,Samson,Ryan,RI,2.0,27.0,28,33.0,23.0,28.0,4.0,2.0,2.0,0.0,3.0,1.0,0.0,0.0,1.0,Full Time,bench,Subbed off at 3QT... %H... also %P and %M... and booted %s,subbed,Playing a ruck/forward role on Howard,,,,,Ruck,32.0,0.0,0.0,0.0,0.8,0.9,0.94,,,,1.0,1.0,1.0,66.0,56.0,26.0,1.0,True,1806,1451,23.0,8987_RI,97.0,0,74.0,0,4.333333333333333,4.533333333333333,3.3333333333333335,2.466666666666667,3.0,2.7333333333333334,1.6666666666666667,0.6666666666666666,8.333333333333334,10.933333333333334,1.0,0.8,2.0,0.8,0.0,0.4666666666666667,0.6666666666666666,0.3333333333333333,0.8,2.4853333333333336,0.9,1.4439999999999997,0.94,12.508,2.6666666666666665,3.2,2.0,1.3333333333333333,3.0,1.7333333333333334,67.66666666666667,71.33333333333333,72.33333333333333,70.33333333333333,87.66666666666667,128.8,1490.6666666666667,1574.2666666666667,1785.6666666666667,1707.2,53.45,40.5,45.4,42.0,1,bench,0.04205809063165931
129776,8988,http://live.fanfooty.com.au/game/matchcentre.html?id=8988,R22,2024,1006533.0,Riley,Garcia,WB,25.0,76.0,78,75.0,55.0,79.0,7.0,8.0,2.0,9.0,0.0,2.0,2.0,0.0,1.0,Full Time,switch,%s from %P and %M plus %T... Rotating forward... switched to mids in Q3,,,,,,,Forward,38.0,0.0,0.0,0.0,0.0,0.22,0.07,,,,7.0,4.0,2.0,66.0,74.0,150.0,0.0,False,1810,1464,23.0,8988_WB,97.0,0,74.0,1,7.0,6.733333333333333,9.0,7.8,2.0,1.2666666666666666,6.0,3.533333333333333,0.0,0.0,1.0,0.7333333333333333,2.0,1.2666666666666666,0.0,0.4,0.6666666666666666,0.4666666666666667,0.0,0.008,0.22,0.19,0.07,0.07800000000000001,5.333333333333333,6.133333333333334,2.6666666666666665,1.9333333333333333,2.3333333333333335,2.6666666666666665,70.0,61.93333333333333,74.33333333333333,68.26666666666667,192.66666666666666,164.4,1664.6666666666667,1670.8,1617.0,1613.0666666666666,54.1,60.6,53.6,62.666666666666664,1,switch,0.051029273549385044
129777,8988,http://live.fanfooty.com.au/game/matchcentre.html?id=8988,R22,2024,1011589.0,Caleb,Poulter,WB,9.0,72.0,58,31.0,56.0,78.0,16.0,4.0,5.0,1.0,0.0,0.0,1.0,0.0,0.0,Full Time,wing,%P including %K... also %M... Starting on a wing on Hinge,,,,,,,Midfielder,25.0,0.0,0.0,0.0,0.31,0.09,0.45,,,,7.0,1.0,5.0,60.0,82.0,460.0,0.0,False,1810,1464,23.0,8988_WB,97.0,0,74.0,0,13.333333333333334,8.8,5.0,6.0,5.0,3.2,3.0,2.6666666666666665,0.0,0.0,0.3333333333333333,0.5333333333333333,0.3333333333333333,0.4666666666666667,0.6666666666666666,0.4,0.0,0.26666666666666666,0.31,0.14466666666666667,0.09,0.042,0.45,0.21,4.333333333333333,4.666666666666667,1.3333333333333333,0.8666666666666667,2.3333333333333335,2.2,65.0,65.0,84.33333333333333,74.66666666666667,447.6666666666667,288.8,1664.6666666666667,1691.0666666666666,1617.0,1590.2,54.5,57.3,75.2,74.66666666666667,1,wing,0.06439306843771785
129782,8988,http://live.fanfooty.com.au/game/matchcentre.html?id=8988,R22,2024,1005717.0,Nick,Coffield,WB,8.0,52.0,43,28.0,42.0,54.0,10.0,2.0,6.0,0.0,0.0,0.0,0.0,0.0,0.0,Full Time,guard,%P including %K... also %M... Rotating in defence,,,,,,,,17.0,0.0,0.0,0.0,50.89,58.39,17.0,,,,1.0,0.0,2.0,75.0,83.0,279.0,0.0,False,1810,1464,23.0,8988_WB,97.0,0,74.0,0,7.666666666666667,8.066666666666666,3.3333333333333335,3.066666666666667,4.333333333333333,4.4,0.0,1.3333333333333333,0.0,0.0,0.6666666666666666,0.8,1.0,0.6,0.0,0.0,0.0,0.0,50.89,27.141333333333332,58.39,31.141333333333332,17.0,9.066666666666666,3.0,2.6666666666666665,0.0,0.13333333333333333,2.6666666666666665,1.4666666666666666,71.0,80.66666666666667,75.33333333333333,70.66666666666667,172.33333333333334,174.93333333333334,1664.6666666666667,1660.5333333333333,1617.0,1621.9333333333334,56.6,47.9,42.4,41.666666666666664,1,guard,0.05817219809022565
129813,8989,http://live.fanfooty.com.au/game/matchcentre.html?id=8989,R23,2024,993806.0,Sam,Weideman,ES,2.0,28.0,33,34.0,24.0,33.0,4.0,5.0,2.0,0.0,0.0,0.0,0.0,0.0,0.0,Full Time,job,%P and %M... In defence on McDonald,,,,0.0,,,Forward,10.0,6.0,49.0,0.0,0.0,0.11,0.05,,,,2.0,0.0,1.0,66.0,90.0,70.0,0.0,False,1586,1712,24.0,8989_ES,97.0,0,71.0,0,5.666666666666667,5.2,3.0,3.6666666666666665,3.6666666666666665,4.0,0.3333333333333333,0.8,0.0,0.5333333333333333,0.3333333333333333,0.4666666666666667,0.6666666666666666,0.3333333333333333,0.6666666666666666,0.8666666666666667,0.0,0.9333333333333333,0.0,0.0,0.22333333333333336,0.26866666666666666,0.21666666666666676,0.2833333333333333,2.3333333333333335,3.6,0.0,0.26666666666666666,2.3333333333333335,1.6,72.33333333333333,66.13333333333334,87.33333333333333,83.06666666666666,97.66666666666667,116.26666666666667,1527.0,1642.7333333333333,1750.6666666666667,1641.3333333333333,49.05,42.0,36.4,35.0,1,job,0.04308745542190353
129814,8989,http://live.fanfooty.com.au/game/matchcentre.html?id=8989,R23,2024,1013201.0,Jye,Menzie,ES,0.0,9.0,1,12.0,7.0,9.0,2.0,0.0,1.0,0.0,0.0,0.0,0.0,0.0,0.0,Full Time,wing,On in Q4 for Bryan... %P,sub,Started as the sub,,,,,Forward,47.0,0.0,0.0,0.0,0.31,0.2,0.2,,,,0.0,0.0,1.0,50.0,17.0,56.0,0.0,False,1586,1712,24.0,8989_ES,97.0,0,71.0,0,5.0,5.333333333333333,3.0,4.2,2.6666666666666665,2.933333333333333,2.0,1.8,0.0,0.0,0.0,0.2,0.6666666666666666,0.2,0.3333333333333333,0.4,0.3333333333333333,0.4,0.31,0.418,0.2,0.48800000000000004,0.2,0.27599999999999997,2.0,3.3333333333333335,0.0,0.13333333333333333,3.3333333333333335,1.7333333333333334,58.333333333333336,53.4,56.666666666666664,68.0,137.33333333333334,137.53333333333333,1701.6666666666667,1629.4666666666667,1584.3333333333333,1657.6,40.25,35.9,30.0,24.333333333333332,1,wing,0.02231140974124142
129859,8990,http://live.fanfooty.com.au/game/matchcentre.html?id=8990,R23,2024,290832.0,David,Swallow,GC,0.0,13.0,13,16.0,11.0,15.0,2.0,2.0,1.0,0.0,0.0,0.0,0.0,0.0,0.0,Full Time,shovel,On in Q4 for Long to play midfield... %P,sub,Started as the sub,,0.0,,,Midfielder,24.0,19.0,84.42,0.0,0.0,0.06,0.12,,,,3.0,0.0,0.0,75.0,23.0,7.0,0.0,False,1825,1462,24.0,8990_GC,97.0,0,71.0,0,5.333333333333333,5.0,5.0,5.333333333333333,1.3333333333333333,2.466666666666667,2.0,1.8666666666666667,0.0,0.0,0.3333333333333333,0.26666666666666666,0.3333333333333333,0.3333333333333333,0.0,0.5333333333333333,0.3333333333333333,0.13333333333333333,0.0,0.0,0.06,0.06,0.12,0.12,4.333333333333333,4.4,0.6666666666666666,0.6,2.0,1.5333333333333334,71.33333333333333,72.86666666666666,57.0,54.0,133.66666666666666,147.33333333333334,1492.3333333333333,1616.9333333333334,1795.0,1663.3333333333333,50.2,51.4,57.4,39.333333333333336,1,shovel,0.058821577176847564
129948,8992,http://live.fanfooty.com.au/game/matchcentre.html?id=8992,R23,2024,1002922.0,Jack,Bytel,CO,2.0,21.0,15,25.0,19.0,30.0,4.0,6.0,0.0,0.0,0.0,0.0,1.0,0.0,0.0,Full Time,wing,Subbed off in Q3 for Long... %P,subbed,Starting on a wing on Fletcher,,,,,Midfielder,27.0,13.0,49.1538,48.0,0.0,0.0,0.0,,,,1.0,0.0,3.0,60.0,54.0,96.0,1.0,True,1605,1682,24.0,8992_CO,97.0,0,71.0,0,9.0,5.866666666666666,5.333333333333333,4.4,4.0,2.933333333333333,1.0,2.2,0.0,0.0,0.0,0.3333333333333333,1.0,0.7333333333333333,0.3333333333333333,0.26666666666666666,0.0,0.06666666666666667,0.0,0.39466666666666667,0.0,0.5973333333333334,0.0,0.13866666666666666,2.0,2.533333333333333,0.3333333333333333,0.8,3.3333333333333335,2.533333333333333,66.0,71.4,69.66666666666667,52.86666666666667,279.6666666666667,169.4,1615.6666666666667,1687.3333333333333,1670.0,1597.9333333333334,41.45,32.3,39.8,43.666666666666664,1,wing,0.03229369723018814
129949,8992,http://live.fanfooty.com.au/game/matchcentre.html?id=8992,R23,2024,991773.0,Billy,Frampton,CO,1.0,14.0,35,20.0,14.0,21.0,2.0,2.0,2.0,1.0,0.0,0.0,2.0,0.0,0.0,Full Time,job,%M and %P... At fb on Daniher,,,,0.0,,,Back,17.0,0.0,0.0,0.0,0.0,0.11,0.12,,,,2.0,0.0,2.0,100.0,96.0,87.0,0.0,False,1605,1682,24.0,8992_CO,97.0,0,71.0,0,2.6666666666666665,5.466666666666667,2.6666666666666665,2.7333333333333334,2.3333333333333335,3.1333333333333333,1.0,1.1333333333333333,0.0,1.0,0.3333333333333333,0.5333333333333333,1.6666666666666667,0.9333333333333333,0.0,0.06666666666666667,0.0,0.26666666666666666,0.0,0.0,0.11,0.11,0.12,0.12,3.6666666666666665,3.4,0.0,0.2,2.6666666666666665,2.4,86.66666666666667,72.73333333333333,92.33333333333333,91.86666666666666,89.0,165.26666666666668,1615.6666666666667,1608.3333333333333,1670.0,1674.7333333333333,49.35,39.2,45.2,42.666666666666664,1,job,0.03452011489087463
130061,8994,http://live.fanfooty.com.au/game/matchcentre.html?id=8994,R23,2024,291357.0,Gary,Rohan,GE,8.0,25.0,17,18.0,22.0,27.0,3.0,2.0,2.0,0.0,0.0,0.0,0.0,1.0,0.0,Full Time,wing,Subbed off in Q3 for Duncan... %s from %P and %M,subbed,Rotating forward,,,,,Forward,23.0,0.0,0.0,0.0,0.27,0.11,0.17,,,,3.0,0.0,2.0,60.0,48.0,57.0,1.0,True,1837,1430,24.0,8994_GE,97.0,0,71.0,0,6.333333333333333,6.733333333333333,2.0,2.8666666666666667,2.3333333333333335,3.2,0.6666666666666666,1.7333333333333334,0.6666666666666666,0.13333333333333333,0.3333333333333333,0.6,0.6666666666666666,0.4666666666666667,0.3333333333333333,0.9333333333333333,0.0,0.4,0.27,0.21,0.11,0.13,0.17,0.19400000000000003,4.0,4.266666666666667,0.0,0.3333333333333333,2.6666666666666665,2.0,56.666666666666664,69.86666666666666,68.0,74.0,176.33333333333334,206.6,1538.0,1637.0666666666666,1735.6666666666667,1646.4,56.8,45.3,46.2,30.0,1,wing,0.05554580864441079
130078,8995,http://live.fanfooty.com.au/game/matchcentre.html?id=8995,R23,2024,998782.0,Buku,Khamis,WB,5.0,61.0,52,80.0,46.0,61.0,9.0,4.0,4.0,3.0,1.0,1.0,0.0,0.0,0.0,Full Time,job,%P and %M plus %T... Playing key defender on Ford,,,,,,,Back,24.0,0.0,0.0,0.0,0.18,0.5,0.18,,,,2.0,0.0,2.0,84.0,89.0,126.0,0.0,False,1360,1926,24.0,8995_WB,97.0,0,71.0,0,4.333333333333333,6.133333333333334,3.6666666666666665,3.8,3.0,4.666666666666667,2.3333333333333335,1.1333333333333333,0.3333333333333333,0.13333333333333333,0.3333333333333333,0.5333333333333333,0.3333333333333333,0.6,0.0,0.0,0.0,0.0,0.18,0.18,0.5,0.5,0.18,0.18,1.0,2.8666666666666667,0.0,0.0,1.0,1.3333333333333333,89.0,81.4,88.33333333333333,84.46666666666667,60.666666666666664,105.6,1750.0,1700.9333333333334,1531.6666666666667,1586.0,52.6,44.4,44.8,38.666666666666664,1,job,0.036244491790441244
130100,8995,http://live.fanfooty.com.au/game/matchcentre.html?id=8995,R23,2024,1012833.0,Eddie,Ford,NM,3.0,43.0,26,24.0,33.0,43.0,8.0,2.0,3.0,1.0,0.0,1.0,0.0,0.0,1.0,Full Time,spearhead,%s from %P and %M... Playing lead-up forward on Khamis,,,,,,,Forward,40.0,0.0,0.0,0.0,0.13,0.11,0.07,,,,4.0,1.0,3.0,50.0,82.0,157.0,0.0,False,1926,1360,24.0,8995_NM,97.0,0,71.0,0,7.333333333333333,7.2,6.0,5.266666666666667,4.333333333333333,4.266666666666667,1.3333333333333333,2.1333333333333333,0.0,0.0,1.0,0.4,0.0,0.6,0.3333333333333333,0.8,0.6666666666666666,0.6666666666666666,0.13,0.13,0.11,0.11,0.07,0.07,4.666666666666667,4.866666666666666,0.3333333333333333,0.2,1.6666666666666667,1.6666666666666667,72.0,73.0,72.66666666666667,68.13333333333334,185.66666666666666,145.8,1656.3333333333333,1617.1333333333334,1623.3333333333333,1664.3333333333333,55.55,63.2,56.4,49.333333333333336,1,spearhead,0.0706116362963291
130155,8997,http://live.fanfooty.com.au/game/matchcentre.html?id=8997,R23,2024,290801.0,Andrew,Gaff,WC,19.0,95.0,84,121.0,76.0,102.0,15.0,10.0,7.0,2.0,0.0,1.0,0.0,0.0,0.0,Full Time,wing,%P and %M plus %T... Playing a wing role on Acres,,,,,,,Midfielder,3.0,0.0,0.0,0.0,0.27,0.28,0.21,,,,6.0,0.0,3.0,68.0,84.0,371.0,0.0,False,1856,1426,24.0,8997_WC,97.0,0,71.0,1,9.333333333333334,8.6,8.333333333333334,10.0,4.0,4.266666666666667,1.6666666666666667,2.2,0.0,0.0,0.3333333333333333,0.6666666666666666,0.6666666666666666,0.4,0.0,0.2,0.0,0.06666666666666667,0.27,0.3233333333333333,0.28,0.24666666666666667,0.21,0.4099999999999998,6.666666666666667,5.533333333333333,1.3333333333333333,1.0666666666666667,2.6666666666666665,1.8,63.666666666666664,76.73333333333333,64.66666666666667,76.66666666666667,265.6666666666667,216.06666666666666,1479.0,1506.3333333333333,1806.6666666666667,1774.8666666666666,64.55,65.9,52.6,61.333333333333336,1,wing,0.09502393802626898
130158,8997,http://live.fanfooty.com.au/game/matchcentre.html?id=8997,R23,2024,1004364.0,Liam,Ryan,WC,13.0,81.0,62,106.0,63.0,82.0,14.0,4.0,7.0,2.0,0.0,1.0,0.0,0.0,1.0,Full Time,sore,Limped off favouring left leg in Q2 after a corkie delivered by a Patrick Cripps tackle... %s from %P and %M plus %T,pocket,Starting deep forward on Cowan,,,,,Forward,1.0,0.0,0.0,0.0,0.27,0.45,0.5,,,,5.0,0.0,6.0,50.0,78.0,362.0,0.0,True,1856,1426,24.0,8997_WC,97.0,0,71.0,0,10.0,9.266666666666667,3.6666666666666665,3.7333333333333334,4.666666666666667,4.4,1.6666666666666667,1.6666666666666667,0.0,0.0,1.3333333333333333,0.8,0.0,0.4,0.3333333333333333,0.8,0.3333333333333333,0.7333333333333333,0.27,0.27,0.45,0.45,0.5,0.5,4.0,3.933333333333333,0.0,1.0,3.0,2.1333333333333333,66.33333333333333,63.733333333333334,80.33333333333333,80.0,280.6666666666667,273.3333333333333,1549.6666666666667,1493.8666666666666,1733.3333333333333,1795.2666666666667,60.4,61.1,55.6,59.333333333333336,1,sore,0.10387375708029507
130161,8997,http://live.fanfooty.com.au/game/matchcentre.html?id=8997,R23,2024,998128.0,Alex,Witherden,WC,13.0,70.0,86,93.0,50.0,69.0,12.0,4.0,3.0,4.0,0.0,1.0,0.0,0.0,0.0,Full Time,guard,%P including %K... also %T and %M... Coming off a HBF,,,,0.0,,,Back,23.0,21.0,88.0,0.0,0.0,1.13,1.72,,,,3.0,0.0,2.0,87.0,81.0,385.0,0.0,False,1856,1426,24.0,8997_WC,97.0,0,71.0,1,9.666666666666666,11.0,7.0,6.533333333333333,3.3333333333333335,4.2,3.3333333333333335,2.066666666666667,0.0,0.0,1.0,0.6,1.0,1.1333333333333333,0.0,0.06666666666666667,0.0,0.0,0.0,0.0,1.13,1.13,1.72,1.72,3.6666666666666665,4.6,0.3333333333333333,0.4,3.0,2.8,82.0,78.66666666666667,78.66666666666667,79.0,310.6666666666667,293.93333333333334,1549.6666666666667,1489.9333333333334,1733.3333333333333,1797.2666666666667,69.2,72.0,73.6,71.66666666666667,1,guard,0.1291990555932848
130218,8998,http://live.fanfooty.com.au/game/matchcentre.html?id=8998,R24,2024,1003520.0,Darragh,Joyce,BL,1.0,22.0,28,30.0,15.0,21.0,5.0,0.0,1.0,1.0,0.0,0.0,0.0,0.0,0.0,Full Time,job,Donuts to QT... %P including %B... Playing key defender on Draper,,,,,,,Back,41.0,0.0,0.0,0.0,0.49,0.12,0.19,,,,0.0,0.0,0.0,80.0,95.0,81.0,0.0,False,1569,1720,25.0,8998_BL,100.0,0,70.0,0,7.333333333333333,7.466666666666667,2.3333333333333335,2.466666666666667,4.666666666666667,4.133333333333334,0.6666666666666666,0.5333333333333333,0.0,0.26666666666666666,0.0,0.5333333333333333,0.6666666666666666,1.1333333333333333,0.0,0.0,0.0,0.0,0.49,0.3626666666666667,0.12,0.12133333333333332,0.19,0.12266666666666667,3.3333333333333335,3.3333333333333335,0.0,0.06666666666666667,2.6666666666666665,2.2666666666666666,78.33333333333333,77.2,95.0,87.6,187.33333333333334,164.46666666666667,1646.0,1645.7333333333333,1642.0,1640.7333333333333,46.7,47.4,51.2,45.666666666666664,1,job,0.03391784495712476
130223,8998,http://live.fanfooty.com.au/game/matchcentre.html?id=8998,R24,2024,290629.0,Dyson,Heppell,ES,15.0,102.0,116,55.0,84.0,120.0,18.0,16.0,5.0,1.0,0.0,0.0,1.0,0.0,0.0,Full Time,magnet,%M and %P,wing,Rotating in midfield,,0.0,,,Back,21.0,21.0,102.76,0.0,0.0,0.07,0.17,,,,9.0,1.0,1.0,85.0,86.0,475.0,0.0,False,1720,1569,25.0,8998_ES,100.0,1,70.0,1,11.333333333333334,9.933333333333334,12.333333333333334,10.8,4.0,5.2,1.3333333333333333,1.7333333333333334,0.0,0.0,0.3333333333333333,0.7333333333333333,1.6666666666666667,0.6666666666666666,0.0,0.06666666666666667,0.0,0.0,0.0,0.0,0.07,0.07,0.17,0.17,7.0,6.533333333333333,0.3333333333333333,0.8666666666666667,2.0,1.6666666666666667,78.0,83.13333333333334,80.33333333333333,79.8,315.0,229.66666666666666,1540.0,1674.0,1738.0,1607.7333333333333,86.7,82.9,82.8,85.33333333333333,1,magnet,0.3889642642067579
130224,8998,http://live.fanfooty.com.au/game/matchcentre.html?id=8998,R24,2024,993817.0,Darcy,Parish,ES,24.0,100.0,81,78.0,80.0,109.0,12.0,14.0,6.0,4.0,0.0,1.0,0.0,0.0,1.0,Full Time,hot,%P and %M plus %T... %s as well,shovel,Playing in central midfield,,0.0,,,Midfielder,3.0,14.0,73.64,0.0,0.0,1.51,1.1,,,,9.0,6.0,4.0,53.0,80.0,374.0,0.0,False,1720,1569,25.0,8998_ES,100.0,0,70.0,1,13.333333333333334,12.466666666666667,13.0,13.0,5.666666666666667,4.466666666666667,4.0,4.733333333333333,0.0,0.0,0.3333333333333333,0.5333333333333333,0.3333333333333333,0.9333333333333333,0.0,0.13333333333333333,0.3333333333333333,0.3333333333333333,0.0,0.0,1.51,1.73,1.1,1.4460000000000004,10.0,9.533333333333333,4.666666666666667,4.466666666666667,3.3333333333333335,3.2666666666666666,65.33333333333333,68.26666666666667,75.33333333333333,77.86666666666666,409.3333333333333,366.2,1664.0,1645.2666666666667,1628.6666666666667,1636.0,96.95,92.0,87.8,91.33333333333333,1,hot,0.5216131790782218
130228,8998,http://live.fanfooty.com.au/game/matchcentre.html?id=8998,R24,2024,298280.0,Jayden,Laverde,ES,13.0,87.0,74,54.0,71.0,93.0,14.0,9.0,7.0,1.0,0.0,2.0,0.0,0.0,0.0,Full Time,job,%M and %P... In defence on Hipwood,,,,0.0,,,Back,15.0,6.0,55.5,0.0,0.0,0.07,0.08,,,,5.0,0.0,3.0,82.0,97.0,263.0,0.0,False,1720,1569,25.0,8998_ES,100.0,0,70.0,1,11.333333333333334,10.0,10.333333333333334,7.066666666666666,8.333333333333334,6.533333333333333,2.0,1.6,0.0,0.0,1.6666666666666667,1.0,0.0,0.8666666666666667,0.0,0.0,0.0,0.0,0.0,0.0,0.07,0.07,0.08,0.08,6.333333333333333,5.133333333333334,0.3333333333333333,0.13333333333333333,2.6666666666666665,2.8,89.0,81.6,93.33333333333333,92.13333333333334,188.33333333333334,215.26666666666668,1664.0,1692.2666666666667,1628.6666666666667,1597.1333333333334,67.95,70.8,70.2,91.66666666666667,1,job,0.1254652352263816
130233,8998,http://live.fanfooty.com.au/game/matchcentre.html?id=8998,R24,2024,297473.0,Jake,Kelly,ES,10.0,66.0,67,44.0,56.0,81.0,10.0,11.0,4.0,2.0,0.0,0.0,2.0,0.0,0.0,Full Time,guard,%P and %M plus %T... Playing small defender,,,,0.0,,,Back,29.0,18.0,64.72,0.0,0.0,0.09,0.11,,,,4.0,0.0,6.0,85.0,87.0,238.0,0.0,False,1720,1569,25.0,8998_ES,100.0,0,70.0,0,7.333333333333333,9.933333333333334,6.666666666666667,5.133333333333334,4.0,5.866666666666666,1.0,1.3333333333333333,0.0,0.0,0.3333333333333333,0.3333333333333333,1.0,0.5333333333333333,0.0,0.06666666666666667,0.0,0.0,0.0,0.0,0.09,0.09,0.11,0.11,2.3333333333333335,2.933333333333333,0.0,0.2,3.0,2.066666666666667,81.66666666666667,80.13333333333334,85.33333333333333,88.86666666666666,149.33333333333334,205.4,1664.0,1723.7333333333333,1628.6666666666667,1560.5333333333333,62.95,55.6,51.0,44.333333333333336,1,guard,0.07726247977650806
130239,8998,http://live.fanfooty.com.au/game/matchcentre.html?id=8998,R24,2024,293884.0,Jake,Stringer,ES,10.0,39.0,33,31.0,35.0,40.0,4.0,1.0,4.0,0.0,0.0,0.0,0.0,2.0,1.0,Full Time,wing,Booted %s from %G and %P... Mostly forward with stints in midfield,,,,0.0,,,Forward,25.0,19.0,70.26,0.0,0.0,0.41,0.26,,,,1.0,0.0,1.0,60.0,65.0,179.0,0.0,False,1720,1569,25.0,8998_ES,100.0,0,70.0,0,7.333333333333333,8.533333333333333,2.3333333333333335,4.466666666666667,3.6666666666666665,3.6666666666666665,1.6666666666666667,2.7333333333333334,0.0,0.0,0.0,0.3333333333333333,0.3333333333333333,0.8,1.3333333333333333,1.7333333333333334,2.0,0.9333333333333333,0.0,0.0,0.41,0.41,0.26,0.26,3.6666666666666665,5.866666666666666,1.0,2.3333333333333335,2.6666666666666665,2.933333333333333,47.666666666666664,56.6,73.66666666666667,76.8,212.33333333333334,287.06666666666666,1664.0,1682.8,1628.6666666666667,1604.0,63.15,63.1,62.2,47.0,1,wing,0.06892078579027809
130256,8999,http://live.fanfooty.com.au/game/matchcentre.html?id=8999,R24,2024,1016268.0,Alex,Cincotta,CA,13.0,58.0,47,73.0,51.0,69.0,5.0,10.0,6.0,2.0,0.0,0.0,1.0,0.0,0.0,Full Time,guard,%P and %M plus %T... Playing a half back role,,,,,,,Back,39.0,0.0,0.0,0.0,0.09,0.3,0.36,,,,3.0,1.0,3.0,80.0,79.0,164.0,1.0,False,1539,1703,25.0,8999_CA,100.0,0,70.0,0,4.666666666666667,4.533333333333333,8.0,5.533333333333333,2.6666666666666665,1.7333333333333334,2.3333333333333335,2.8666666666666667,0.0,0.0,0.6666666666666666,0.4,0.3333333333333333,0.5333333333333333,0.0,0.5333333333333333,0.0,0.06666666666666667,0.09,0.09,0.3,0.3,0.36,0.36,4.0,4.466666666666667,1.3333333333333333,1.1333333333333333,1.6666666666666667,1.5333333333333334,84.33333333333333,73.8,79.66666666666667,85.66666666666667,130.0,131.26666666666668,1671.6666666666667,1674.2666666666667,1597.6666666666667,1608.2,45.8,52.1,52.8,52.0,1,guard,0.037509313690591746
130262,8999,http://live.fanfooty.com.au/game/matchcentre.html?id=8999,R24,2024,1008510.0,Corey,Durdin,CA,2.0,29.0,26,39.0,22.0,28.0,3.0,1.0,3.0,2.0,0.0,0.0,0.0,0.0,1.0,Full Time,pocket,%s from %P and %M plus %T... Rotating forward,,,,,,,Forward,19.0,0.0,0.0,0.0,0.09,0.05,0.05,,,,0.0,0.0,0.0,75.0,64.0,45.0,1.0,False,1539,1703,25.0,8999_CA,100.0,0,70.0,0,3.6666666666666665,4.4,2.6666666666666665,2.8666666666666667,2.0,1.6,1.3333333333333333,2.466666666666667,0.0,0.0,0.3333333333333333,0.4,0.0,0.13333333333333333,0.3333333333333333,0.5333333333333333,0.3333333333333333,0.4,0.09,0.19133333333333333,0.05,0.14866666666666667,0.05,0.1406666666666667,2.3333333333333335,3.0,0.3333333333333333,0.5333333333333333,0.6666666666666666,0.7333333333333333,82.0,72.2,44.666666666666664,61.4,68.0,101.73333333333333,1798.0,1704.4,1476.0,1574.9333333333334,46.35,45.3,38.4,41.333333333333336,1,pocket,0.024196574757458303
130265,8999,http://live.fanfooty.com.au/game/matchcentre.html?id=8999,R24,2024,1020137.0,Mattaes,Phillipou,SK,37.0,119.0,80,105.0,88.0,116.0,13.0,7.0,7.0,9.0,0.0,1.0,0.0,1.0,2.0,Full Time,hot,%P and %M plus %T... %s as well,midfwd,Rotating in midfield and half forward,,,,,Midfielder,25.0,0.0,0.0,0.0,0.62,1.15,1.23,,,,7.0,2.0,3.0,45.0,89.0,343.0,0.0,False,1703,1539,25.0,8999_SK,100.0,0,70.0,1,13.333333333333334,7.8,8.0,6.0,4.333333333333333,2.7333333333333334,7.0,3.3333333333333335,0.0,0.0,0.6666666666666666,0.6666666666666666,0.6666666666666666,0.5333333333333333,1.0,0.6,1.0,0.5333333333333333,0.62,6.593333333333334,1.15,5.459333333333333,1.23,7.207333333333334,9.666666666666666,5.466666666666667,4.0,2.2,3.6666666666666665,2.7333333333333334,58.0,62.333333333333336,81.66666666666667,75.0,328.0,229.4,1551.0,1593.1333333333334,1714.3333333333333,1688.1333333333334,54.6,58.3,79.2,88.66666666666667,1,hot,0.13627798691604243
130272,8999,http://live.fanfooty.com.au/game/matchcentre.html?id=8999,R24,2024,1002264.0,Hunter,Clark,SK,19.0,86.0,85,64.0,70.0,99.0,12.0,11.0,6.0,4.0,0.0,0.0,2.0,0.0,0.0,Full Time,tagger,%P and %M plus %T... Starting in midfield... moved to tag Cripps in Q3,,,,,,,Back,11.0,0.0,0.0,0.0,0.22,0.19,0.12,,,,7.0,5.0,3.0,69.0,56.0,283.0,0.0,False,1703,1539,25.0,8999_SK,100.0,0,70.0,1,13.666666666666666,10.733333333333333,9.0,7.066666666666666,4.666666666666667,2.533333333333333,3.0,3.8666666666666667,0.0,0.0,0.3333333333333333,0.5333333333333333,1.0,0.9333333333333333,0.0,0.06666666666666667,0.0,0.13333333333333333,0.22,0.8226666666666667,0.19,1.07,0.12,0.32266666666666666,7.666666666666667,8.466666666666667,4.0,3.4,2.3333333333333335,3.3333333333333335,74.33333333333333,64.0,58.666666666666664,57.2,321.6666666666667,259.3333333333333,1727.3333333333333,1694.4,1528.0,1581.5333333333333,63.95,75.0,83.4,90.0,1,tagger,0.11298969705425611
130274,8999,http://live.fanfooty.com.au/game/matchcentre.html?id=8999,R24,2024,1002256.0,Paddy,Dow,SK,14.0,65.0,61,55.0,55.0,75.0,6.0,12.0,2.0,3.0,0.0,2.0,1.0,1.0,0.0,Full Time,shovel,%P and %M plus %T... %s as well... Rotating in midfield,,,,0.0,,,Midfielder,15.0,20.0,55.5,0.0,0.0,3.29,4.03,,,,9.0,3.0,2.0,55.0,67.0,179.0,1.0,False,1703,1539,25.0,8999_SK,100.0,0,70.0,0,8.0,8.8,10.0,8.6,4.0,2.2666666666666666,4.0,3.6,0.0,0.0,1.0,1.2,0.6666666666666666,0.5333333333333333,0.6666666666666666,0.26666666666666666,0.3333333333333333,0.26666666666666666,0.0,0.0,3.29,2.386666666666667,4.03,3.0066666666666673,7.333333333333333,7.933333333333334,3.0,4.533333333333333,1.3333333333333333,1.7333333333333334,62.0,65.46666666666667,69.0,63.266666666666666,263.6666666666667,289.4,1727.3333333333333,1634.1333333333334,1528.0,1643.0666666666666,57.85,60.7,56.8,72.33333333333333,1,shovel,0.08546059547106868
130276,8999,http://live.fanfooty.com.au/game/matchcentre.html?id=8999,R24,2024,1018018.0,Cooper,Sharman,SK,5.0,64.0,64,51.0,50.0,63.0,8.0,3.0,5.0,3.0,4.0,1.0,0.0,0.0,2.0,Full Time,spearhead,%P including %K... also %M and %T... and booted %s... Playing forward on Young,,,,,,,Back,43.0,0.0,0.0,0.0,0.09,0.07,0.09,,,,7.0,1.0,1.0,63.0,83.0,114.0,0.0,False,1703,1539,25.0,8999_SK,100.0,0,70.0,0,7.666666666666667,6.866666666666666,2.6666666666666665,3.2666666666666666,5.333333333333333,4.133333333333334,1.3333333333333333,2.066666666666667,1.6666666666666667,0.3333333333333333,0.3333333333333333,0.6666666666666666,0.6666666666666666,0.5333333333333333,1.3333333333333333,1.0666666666666667,0.6666666666666666,0.7333333333333333,0.09,0.09,0.07,0.07,0.09,0.09,5.666666666666667,5.333333333333333,0.3333333333333333,0.4666666666666667,1.6666666666666667,1.8,74.33333333333333,59.266666666666666,81.66666666666667,72.33333333333333,149.66666666666666,178.26666666666668,1727.3333333333333,1656.7333333333333,1528.0,1621.3333333333333,62.3,68.0,74.0,71.33333333333333,1,spearhead,0.0868190600204968
130282,8999,http://live.fanfooty.com.au/game/matchcentre.html?id=8999,R24,2024,1023272.0,Mitch,Owens,SK,4.0,49.0,50,28.0,38.0,52.0,9.0,4.0,2.0,2.0,0.0,2.0,1.0,0.0,1.0,Full Time,ruckfwd,%s from %P and %M plus %T... Starting forward on Cowan with ruck support,,,,,,,Forward,10.0,0.0,0.0,0.0,1.99,2.48,1.9,,,,6.0,0.0,3.0,61.0,89.0,292.0,0.0,False,1703,1539,25.0,8999_SK,100.0,0,70.0,0,8.333333333333334,7.2,4.666666666666667,4.533333333333333,2.6666666666666665,3.3333333333333335,2.0,2.533333333333333,0.0,0.5333333333333333,2.0,1.4666666666666666,1.0,0.7333333333333333,1.0,0.8666666666666667,0.3333333333333333,0.6,1.99,1.99,2.48,2.48,1.9,1.9,5.666666666666667,5.666666666666667,0.3333333333333333,0.6666666666666666,2.6666666666666665,2.933333333333333,65.66666666666667,62.4,87.33333333333333,85.26666666666667,202.66666666666666,198.66666666666666,1727.3333333333333,1648.2,1528.0,1628.6666666666667,62.15,60.8,68.4,63.0,1,ruckfwd,0.0625674459032312
130283,8999,http://live.fanfooty.com.au/game/matchcentre.html?id=8999,R24,2024,992374.0,Dan,Butler,SK,9.0,44.0,31,47.0,37.0,51.0,3.0,6.0,4.0,4.0,0.0,1.0,2.0,0.0,0.0,Full Time,pocket,%P and %M plus %T... Starting deep forward,,,,0.0,,,Forward,16.0,15.0,56.93,0.0,0.0,0.09,0.11,,,,5.0,0.0,4.0,66.0,66.0,76.0,1.0,False,1703,1539,25.0,8999_SK,100.0,0,70.0,0,4.333333333333333,5.533333333333333,5.333333333333333,3.466666666666667,2.3333333333333335,2.466666666666667,3.0,3.8,0.0,0.0,0.3333333333333333,1.1333333333333333,2.0,1.1333333333333333,1.0,0.8666666666666667,0.3333333333333333,0.26666666666666666,0.0,0.0,0.09,0.10333333333333333,0.11,0.11066666666666666,3.6666666666666665,3.8,0.0,0.4,4.0,2.7333333333333334,59.0,58.733333333333334,74.33333333333333,72.8,82.33333333333333,124.86666666666666,1727.3333333333333,1640.4,1528.0,1637.1333333333334,48.7,47.6,38.6,32.0,1,pocket,0.03281507572486662
130284,8999,http://live.fanfooty.com.au/game/matchcentre.html?id=8999,R24,2024,1008312.0,Liam,Stocker,SK,3.0,40.0,36,37.0,32.0,45.0,4.0,5.0,3.0,3.0,0.0,0.0,1.0,0.0,0.0,Full Time,injured,Subbed off in Q3 for Garcia with a groin injury... %P and %M plus %T,subbed,Tagging Cripps,,,,,Back,14.0,0.0,0.0,0.0,0.04,0.15,0.13,,,,2.0,0.0,1.0,77.0,58.0,113.0,1.0,True,1703,1539,25.0,8999_SK,100.0,0,70.0,0,5.666666666666667,6.666666666666667,6.0,5.4,4.0,4.2,3.0,2.3333333333333335,0.0,0.0,0.3333333333333333,0.6,0.3333333333333333,0.8,0.0,0.0,0.6666666666666666,0.13333333333333333,0.04,0.04,0.15,0.15,0.13,0.13,2.6666666666666665,4.8,0.6666666666666666,1.0666666666666667,0.3333333333333333,2.066666666666667,82.33333333333333,78.6,75.0,77.2,139.66666666666666,158.33333333333334,1727.3333333333333,1651.2666666666667,1528.0,1628.7333333333333,54.9,50.4,53.4,52.666666666666664,1,injured,0.05667441808381327
130285,8999,http://live.fanfooty.com.au/game/matchcentre.html?id=8999,R24,2024,993480.0,Dougal,Howard,SK,7.0,36.0,39,22.0,33.0,42.0,7.0,0.0,7.0,0.0,0.0,0.0,2.0,0.0,0.0,Full Time,job,%P including %B... also %M... In defence on Kennedy,,,,0.0,,,Back,20.0,19.0,48.74,0.0,0.0,0.07,0.08,,,,2.0,0.0,3.0,85.0,92.0,116.0,0.0,False,1703,1539,25.0,8999_SK,100.0,0,70.0,0,8.666666666666666,7.8,2.3333333333333335,3.6666666666666665,8.0,6.466666666666667,0.3333333333333333,0.6666666666666666,0.0,0.0,0.0,0.5333333333333333,1.0,1.0666666666666667,0.0,0.0,0.0,0.0,0.0,0.0,0.07,0.07,0.08,0.08,1.3333333333333333,3.2666666666666666,0.0,0.13333333333333333,1.6666666666666667,2.2,92.33333333333333,84.26666666666667,88.66666666666667,84.46666666666667,152.66666666666666,136.13333333333333,1727.3333333333333,1657.2,1528.0,1619.8666666666666,63.45,62.1,62.0,63.0,1,job,0.07459654269627886
130303,9000,http://live.fanfooty.com.au/game/matchcentre.html?id=9000,R24,2024,292511.0,Zach,Tuohy,GE,13.0,53.0,61,64.0,44.0,60.0,9.0,7.0,2.0,0.0,0.0,0.0,0.0,1.0,0.0,Full Time,news,%P and %M plus %s,,,,0.0,,,Back,2.0,21.0,80.52,0.0,0.0,0.18,0.46,,,,4.0,1.0,0.0,81.0,82.0,530.0,0.0,False,1275,1866,25.0,9000_GE,100.0,0,70.0,0,9.666666666666666,10.933333333333334,6.0,5.2,2.3333333333333335,3.2,0.0,1.1333333333333333,0.0,0.0,0.3333333333333333,0.5333333333333333,0.3333333333333333,0.4666666666666667,0.3333333333333333,0.4666666666666667,0.0,0.2,0.0,0.0,0.18,0.18,0.46,0.46,4.666666666666667,5.2,2.0,1.6666666666666667,2.3333333333333335,2.466666666666667,74.33333333333333,68.93333333333334,82.33333333333333,82.33333333333333,371.6666666666667,343.53333333333336,1662.3333333333333,1642.0,1575.3333333333333,1634.0,66.7,63.6,59.8,56.666666666666664,1,news,0.10868677490549865
130310,9000,http://live.fanfooty.com.au/game/matchcentre.html?id=9000,R24,2024,1006114.0,Bailey J.,Williams,WC,22.0,78.0,99,68.0,69.0,88.0,7.0,5.0,3.0,4.0,31.0,0.0,3.0,0.0,0.0,Full Time,news,%H... also %P and %T... gave away %F,,,,,,,Ruck,32.0,0.0,0.0,0.0,0.58,0.24,0.42,,,,10.0,6.0,4.0,75.0,78.0,315.0,0.0,False,1866,1275,25.0,9000_WC,100.0,0,70.0,1,7.0,5.533333333333333,6.0,4.733333333333333,2.0,1.8666666666666667,3.3333333333333335,3.2,31.0,22.4,1.3333333333333333,1.0666666666666667,2.3333333333333335,1.3333333333333333,0.0,0.13333333333333333,0.0,0.13333333333333333,0.58,0.58,0.24,0.24,0.42,0.42,8.666666666666666,6.4,5.0,3.2,3.3333333333333335,2.6,64.0,64.13333333333334,77.0,76.4,202.0,148.6,1400.6666666666667,1476.5333333333333,1832.0,1802.4666666666667,68.05,68.2,75.6,79.66666666666667,1,news,0.14479295825862168
130315,9000,http://live.fanfooty.com.au/game/matchcentre.html?id=9000,R24,2024,292128.0,Elliot,Yeo,WC,14.0,68.0,77,49.0,56.0,84.0,10.0,11.0,3.0,4.0,0.0,0.0,3.0,0.0,0.0,Full Time,news,%P and %M plus %T... not helped by %F,,,,,,,Back,6.0,0.0,0.0,0.0,5.93,1.82,9.37,,,,10.0,6.0,4.0,66.0,68.0,377.0,0.0,False,1866,1275,25.0,9000_WC,100.0,0,70.0,1,11.0,12.266666666666667,11.0,9.0,2.0,2.066666666666667,5.333333333333333,6.6,0.0,0.0,1.3333333333333333,1.7333333333333334,1.6666666666666667,1.1333333333333333,0.6666666666666666,0.5333333333333333,0.3333333333333333,0.4,5.93,5.93,1.82,1.82,9.37,9.37,11.0,11.533333333333333,5.0,5.866666666666666,3.0,2.8666666666666667,66.33333333333333,64.13333333333334,72.33333333333333,70.53333333333333,439.6666666666667,405.53333333333336,1400.6666666666667,1482.8666666666666,1832.0,1795.8666666666666,104.8,103.6,101.2,94.33333333333333,1,news,0.5368622615037424
130319,9000,http://live.fanfooty.com.au/game/matchcentre.html?id=9000,R24,2024,1006550.0,Jack,Petruccelle,WC,8.0,58.0,56,36.0,46.0,67.0,10.0,7.0,2.0,3.0,0.0,1.0,2.0,0.0,1.0,Full Time,news,%s from %P and %M plus %T,,,,,,,Forward,21.0,0.0,0.0,0.0,0.09,0.03,0.08,,,,6.0,3.0,3.0,70.0,75.0,268.0,0.0,False,1866,1275,25.0,9000_WC,100.0,0,70.0,0,6.666666666666667,7.133333333333334,3.6666666666666665,4.133333333333334,1.3333333333333333,3.2666666666666666,2.0,2.2666666666666666,0.0,0.0,0.3333333333333333,0.8,1.6666666666666667,1.0666666666666667,0.6666666666666666,0.7333333333333333,0.3333333333333333,0.6666666666666666,0.09,0.09,0.03,0.03,0.08,0.08,4.666666666666667,4.4,1.6666666666666667,1.1333333333333333,2.0,2.2,80.66666666666667,71.4,61.333333333333336,74.53333333333333,235.66666666666666,228.06666666666666,1398.6666666666667,1490.2,1841.0,1787.4666666666667,52.4,49.1,45.6,44.0,1,news,0.06287004195344423
130323,9000,http://live.fanfooty.com.au/game/matchcentre.html?id=9000,R24,2024,1020371.0,Jack,Williams,WC,5.0,53.0,50,34.0,49.0,64.0,8.0,6.0,5.0,0.0,7.0,1.0,2.0,0.0,0.0,Full Time,news,%H... also %P and %M,,,,,,,Ruck,34.0,0.0,0.0,0.0,0.04,0.04,0.06,,,,4.0,2.0,2.0,78.0,76.0,196.0,0.0,False,1866,1275,25.0,9000_WC,100.0,0,70.0,0,5.0,4.933333333333334,3.3333333333333335,4.333333333333333,2.6666666666666665,2.533333333333333,2.6666666666666665,2.466666666666667,6.666666666666667,4.8,0.6666666666666666,0.8666666666666667,1.3333333333333333,0.8666666666666667,0.3333333333333333,0.9333333333333333,0.3333333333333333,0.2,0.04,0.04,0.04,0.04,0.06,0.06,3.6666666666666665,4.666666666666667,1.6666666666666667,1.6666666666666667,1.6666666666666667,1.2666666666666666,67.66666666666667,73.33333333333333,61.0,67.0,122.66666666666667,134.93333333333334,1400.6666666666667,1524.2,1832.0,1753.1333333333334,52.75,56.8,64.6,45.666666666666664,1,news,0.054864469031027804
130324,9000,http://live.fanfooty.com.au/game/matchcentre.html?id=9000,R24,2024,1017057.0,Campbell,Chesser,WC,8.0,45.0,47,41.0,32.0,48.0,5.0,5.0,1.0,5.0,0.0,0.0,1.0,0.0,0.0,Full Time,news,%P and %T,,,,,,,Back,18.0,0.0,0.0,0.0,0.93,1.05,1.16,,,,2.0,1.0,3.0,70.0,78.0,234.0,0.0,False,1866,1275,25.0,9000_WC,100.0,0,70.0,0,4.0,6.133333333333334,6.0,5.4,1.0,2.1333333333333333,2.6666666666666665,2.0,0.0,0.0,0.0,0.3333333333333333,0.6666666666666666,0.5333333333333333,0.0,0.26666666666666666,0.3333333333333333,0.26666666666666666,0.93,0.93,1.05,1.05,1.16,1.16,1.6666666666666667,3.8666666666666667,0.6666666666666666,0.7333333333333333,2.0,1.8,73.0,68.33333333333333,70.33333333333333,76.4,185.66666666666666,202.8,1373.0,1500.4,1864.6666666666667,1780.2,45.5,46.6,38.0,36.333333333333336,1,news,0.04031272610423164
130357,9001,http://live.fanfooty.com.au/game/matchcentre.html?id=9001,R24,2024,1023477.0,George,Wardlaw,NM,25.0,80.0,100,69.0,62.0,87.0,8.0,12.0,1.0,6.0,0.0,2.0,1.0,1.0,0.0,Full Time,news,%P and %T plus %s,,,,,,,Midfielder,6.0,0.0,0.0,0.0,8.33,7.77,8.94,,,,11.0,4.0,4.0,55.0,73.0,221.0,1.0,False,1957,1328,25.0,9001_NM,100.0,1,70.0,1,9.333333333333334,11.666666666666666,10.0,7.466666666666667,1.0,3.066666666666667,5.0,4.333333333333333,0.0,0.0,2.0,1.6,0.6666666666666666,0.7333333333333333,0.6666666666666666,0.3333333333333333,0.0,0.4,8.33,8.33,7.77,7.77,8.94,8.94,11.0,9.733333333333333,4.0,4.8,3.6666666666666665,3.0,57.666666666666664,64.66666666666667,72.66666666666667,73.86666666666666,267.6666666666667,314.73333333333335,1441.0,1548.2666666666667,1845.6666666666667,1737.2,82.9,89.9,74.8,83.33333333333333,1,news,0.25927068143949655
130359,9001,http://live.fanfooty.com.au/game/matchcentre.html?id=9001,R24,2024,999827.0,Zac,Fisher,NM,9.0,73.0,73,33.0,60.0,84.0,15.0,8.0,5.0,0.0,0.0,0.0,1.0,0.0,0.0,Full Time,news,%P and %M,,,,0.0,,,Forward,16.0,17.0,69.47,0.0,0.0,9.0,9.07,,,,6.0,0.0,4.0,69.0,74.0,446.0,0.0,False,1957,1328,25.0,9001_NM,100.0,0,70.0,1,15.0,17.066666666666666,7.333333333333333,7.4,3.3333333333333335,5.066666666666666,1.3333333333333333,0.8666666666666667,0.0,0.0,1.0,0.6666666666666666,1.3333333333333333,0.6,0.0,0.0,0.0,0.13333333333333333,0.0,0.0,9.0,9.0,9.07,9.07,5.0,5.4,0.0,0.4666666666666667,4.333333333333333,2.6,67.33333333333333,76.73333333333333,70.33333333333333,72.6,380.6666666666667,400.53333333333336,1430.3333333333333,1545.6666666666667,1852.6666666666667,1736.2,84.35,96.4,80.8,71.0,1,news,0.2701007466624235
130364,9001,http://live.fanfooty.com.au/game/matchcentre.html?id=9001,R24,2024,280737.0,Liam,Shiels,NM,8.0,48.0,55,34.0,32.0,48.0,8.0,3.0,0.0,5.0,0.0,1.0,1.0,0.0,0.0,Full Time,news,%P including %K... also %T,,,,0.0,,,Midfielder,14.0,20.0,97.45,0.0,0.0,0.08,0.09,,,,8.0,3.0,2.0,63.0,88.0,221.0,0.0,False,1957,1328,25.0,9001_NM,100.0,0,70.0,0,6.666666666666667,7.0,5.333333333333333,5.933333333333334,2.3333333333333335,2.6,3.3333333333333335,3.0,0.0,0.0,0.3333333333333333,0.8,0.6666666666666666,1.0,0.3333333333333333,0.13333333333333333,0.0,0.26666666666666666,0.0,0.0,0.08,0.08,0.09,0.09,5.333333333333333,5.0,1.6666666666666667,1.5333333333333334,2.0,2.533333333333333,71.66666666666667,70.73333333333333,83.66666666666667,75.4,133.66666666666666,167.26666666666668,1487.3333333333333,1584.2,1794.6666666666667,1698.0,56.2,58.1,48.0,51.666666666666664,1,news,0.06985716901059981
130365,9001,http://live.fanfooty.com.au/game/matchcentre.html?id=9001,R24,2024,1004848.0,Dylan,Stephens,NM,4.0,45.0,61,28.0,40.0,54.0,7.0,7.0,4.0,0.0,0.0,1.0,1.0,0.0,0.0,Full Time,news,%P and %M,,,,,,,Midfielder,15.0,0.0,0.0,0.0,1.33,0.94,2.11,,,,6.0,2.0,2.0,78.0,71.0,191.0,1.0,False,1957,1328,25.0,9001_NM,100.0,0,70.0,0,5.666666666666667,8.2,5.0,4.466666666666667,3.0,2.7333333333333334,0.3333333333333333,1.2666666666666666,0.0,0.0,0.3333333333333333,0.8,1.0,0.3333333333333333,0.0,0.0,0.0,0.06666666666666667,1.33,1.33,0.94,0.94,2.11,2.11,3.6666666666666665,3.6666666666666665,1.3333333333333333,1.0666666666666667,1.6666666666666667,1.8666666666666667,81.33333333333333,75.6,68.66666666666667,69.8,153.0,260.06666666666666,1507.6666666666667,1547.0,1775.3333333333333,1733.6666666666667,50.2,46.1,53.0,44.333333333333336,1,news,0.04675945334752429
130367,9001,http://live.fanfooty.com.au/game/matchcentre.html?id=9001,R24,2024,993816.0,Darcy,Tucker,NM,8.0,43.0,31,37.0,31.0,45.0,6.0,2.0,2.0,5.0,0.0,1.0,2.0,0.0,0.0,Full Time,news,%P including %K... also %T and %M,,,,0.0,,,Midfielder,13.0,16.0,61.0,0.0,0.0,0.07,0.1,,,,2.0,0.0,4.0,50.0,88.0,56.0,0.0,False,1957,1328,25.0,9001_NM,100.0,0,70.0,0,7.666666666666667,11.866666666666667,5.666666666666667,7.0,2.3333333333333335,4.6,3.6666666666666665,2.8,0.0,0.0,1.0,0.6666666666666666,0.6666666666666666,0.6,0.0,0.06666666666666667,0.0,0.06666666666666667,0.0,0.0,0.07,0.07,0.1,0.1,2.3333333333333335,4.133333333333334,0.0,0.7333333333333333,2.6666666666666665,2.2,68.0,77.0,84.33333333333333,82.86666666666666,206.0,320.46666666666664,1487.3333333333333,1621.1333333333334,1794.6666666666667,1659.6,69.3,62.6,55.0,48.666666666666664,1,news,0.1055782351127227
130378,9002,http://live.fanfooty.com.au/game/matchcentre.html?id=9002,R24,2024,296351.0,Jack,Billings,ME,19.0,81.0,85,103.0,65.0,85.0,12.0,6.0,6.0,2.0,0.0,0.0,0.0,1.0,1.0,Full Time,wing,%P and %M plus %T... %s as well... Playing a half forward role,,,,,,,Midfielder,14.0,0.0,0.0,0.0,24.45,23.11,3.23,,,,5.0,1.0,3.0,66.0,90.0,272.0,0.0,False,1845,1417,25.0,9002_ME,100.0,0,70.0,1,12.0,10.133333333333333,8.666666666666666,6.8,5.0,5.2,1.6666666666666667,1.8666666666666667,0.0,0.0,0.3333333333333333,0.6666666666666666,0.0,0.26666666666666666,0.3333333333333333,0.26666666666666666,0.6666666666666666,0.5333333333333333,24.45,22.84333333333333,23.11,21.586,3.23,3.028,5.666666666666667,4.533333333333333,1.3333333333333333,0.8,2.3333333333333335,1.9333333333333333,75.0,68.53333333333333,85.66666666666667,72.6,313.3333333333333,259.2,1616.0,1619.4,1661.0,1667.0666666666666,67.55,61.0,62.0,79.0,1,wing,0.12437270322393199
130383,9002,http://live.fanfooty.com.au/game/matchcentre.html?id=9002,R24,2024,1008541.0,Kysaiah,Pickett,ME,15.0,73.0,111,94.0,56.0,74.0,13.0,2.0,2.0,3.0,0.0,1.0,1.0,2.0,2.0,Full Time,mrp,First goal... a high bump in Q2 that saw Moore subbed off with concussion will probably cop a suspension... %s from %P and %M plus %T,midfwd,Starting forward with mid rotations,,,,,Forward,36.0,0.0,0.0,0.0,0.58,0.45,0.89,,,,8.0,2.0,2.0,60.0,63.0,309.0,0.0,False,1845,1417,25.0,9002_ME,100.0,1,70.0,1,11.0,10.066666666666666,2.3333333333333335,2.533333333333333,2.0,2.3333333333333335,3.3333333333333335,3.7333333333333334,0.0,0.0,1.0,0.8,1.6666666666666667,1.0,2.0,1.6,1.0,1.2,0.58,0.58,0.45,0.45,0.89,0.89,7.0,5.6,1.6666666666666667,1.7333333333333334,3.0,2.533333333333333,64.0,64.4,74.66666666666667,82.2,293.0,283.6666666666667,1616.0,1577.3333333333333,1661.0,1703.9333333333334,73.3,76.2,76.4,85.0,1,mrp,0.22039228825686016
130384,9002,http://live.fanfooty.com.au/game/matchcentre.html?id=9002,R24,2024,291819.0,Adam,Tomlinson,ME,12.0,61.0,86,78.0,51.0,66.0,10.0,5.0,7.0,0.0,0.0,0.0,0.0,0.0,0.0,Full Time,job,%M and %P... Third tall defender on Hoskin-Elliott,,,,0.0,,,Back,20.0,21.0,73.71,0.0,0.0,0.04,0.06,,,,4.0,0.0,0.0,73.0,100.0,331.0,0.0,False,1845,1417,25.0,9002_ME,100.0,0,70.0,1,10.0,10.2,4.333333333333333,4.066666666666666,5.0,4.6,1.0,1.6666666666666667,0.0,0.0,0.6666666666666666,1.0,0.6666666666666666,1.0666666666666667,0.0,0.0,0.0,0.06666666666666667,0.0,0.0,0.04,0.068,0.06,0.06933333333333333,3.6666666666666665,4.866666666666666,0.0,0.13333333333333333,0.6666666666666666,2.0,81.66666666666667,77.86666666666666,100.0,97.53333333333333,314.3333333333333,272.6,1616.0,1612.2666666666667,1661.0,1673.2,69.4,74.8,66.8,75.66666666666667,1,job,0.10981253120968056
130387,9002,http://live.fanfooty.com.au/game/matchcentre.html?id=9002,R24,2024,280824.0,Jake,Melksham,ME,4.0,55.0,60,74.0,43.0,58.0,12.0,1.0,5.0,1.0,0.0,0.0,1.0,0.0,1.0,Full Time,wing,%s from %P and %M... Starting at half forward,,,,0.0,,,Forward,18.0,19.0,69.53,0.0,0.0,0.11,0.09,,,,4.0,1.0,2.0,69.0,84.0,408.0,0.0,False,1845,1417,25.0,9002_ME,100.0,0,70.0,0,6.333333333333333,7.6,1.6666666666666667,1.8666666666666667,3.0,4.533333333333333,0.6666666666666666,1.4,0.0,0.0,0.3333333333333333,0.6666666666666666,0.3333333333333333,0.5333333333333333,0.6666666666666666,1.5333333333333334,0.3333333333333333,0.8666666666666667,0.0,0.0,0.11,0.06733333333333333,0.09,0.06333333333333334,1.6666666666666667,3.4,0.6666666666666666,0.13333333333333333,0.6666666666666666,2.066666666666667,83.0,63.8,52.333333333333336,74.73333333333333,189.33333333333334,215.2,1616.0,1641.3333333333333,1661.0,1637.6666666666667,48.15,56.2,47.4,42.333333333333336,1,wing,0.03687740850640428
130397,9002,http://live.fanfooty.com.au/game/matchcentre.html?id=9002,R24,2024,1017703.0,Judd,McVee,ME,2.0,24.0,29,36.0,21.0,36.0,5.0,3.0,1.0,3.0,0.0,0.0,4.0,0.0,0.0,Full Time,macedonian,%P and %T... not helped by %F... Rotating at half back... moved to tag Nick Daicos in Q2,,,,,,,Back,4.0,0.0,0.0,0.0,0.31,0.27,0.45,,,,3.0,1.0,6.0,37.0,80.0,203.0,0.0,False,1845,1417,25.0,9002_ME,100.0,0,70.0,0,9.666666666666666,10.4,3.6666666666666665,5.666666666666667,1.6666666666666667,3.466666666666667,1.3333333333333333,1.0666666666666667,0.0,0.0,1.0,0.7333333333333333,1.3333333333333333,0.4666666666666667,0.3333333333333333,0.06666666666666667,0.3333333333333333,0.13333333333333333,0.31,0.31,0.27,0.27,0.45,0.45,6.0,6.0,2.3333333333333335,1.1333333333333333,3.6666666666666665,1.8666666666666667,56.666666666666664,73.2,77.0,80.2,276.3333333333333,257.6666666666667,1616.0,1577.3333333333333,1661.0,1703.9333333333334,69.1,72.2,56.2,47.0,1,macedonian,0.14362068617734433
130418,9002,http://live.fanfooty.com.au/game/matchcentre.html?id=9002,R24,2024,998647.0,Mason,Cox,CO,3.0,38.0,56,30.0,32.0,39.0,4.0,3.0,2.0,1.0,9.0,1.0,0.0,0.0,0.0,Full Time,spearhead,%H... also %P and %M... Playing a ruck/forward role on McDonald,,,,0.0,,,Ruck,46.0,19.0,57.68,0.0,0.0,0.95,1.48,,,,3.0,0.0,1.0,71.0,60.0,71.0,0.0,False,1417,1845,25.0,9002_CO,100.0,0,70.0,0,4.666666666666667,4.466666666666667,2.6666666666666665,3.2,3.6666666666666665,3.0,2.3333333333333335,2.0,15.0,14.533333333333333,0.6666666666666666,1.8,1.0,1.4,0.3333333333333333,0.4,0.0,0.4,0.0,0.02333333333333333,0.95,0.95,1.48,1.48,5.333333333333333,5.733333333333333,0.6666666666666666,1.6,3.0,2.8,63.333333333333336,62.4,65.66666666666667,67.0,92.33333333333333,94.33333333333333,1712.6666666666667,1644.7333333333333,1570.3333333333333,1634.2,58.5,53.2,64.6,60.333333333333336,1,spearhead,0.07195617935712234
130423,9003,http://live.fanfooty.com.au/game/matchcentre.html?id=9003,R24,2024,290627.0,Dion,Prestia,RI,20.0,101.0,103,122.0,90.0,123.0,13.0,20.0,8.0,0.0,0.0,1.0,1.0,0.0,0.0,Full Time,hot,%P and %M,shovel,Playing inside midfield,,,,,Midfielder,3.0,0.0,0.0,0.0,0.18,0.21,0.33,,,,13.0,5.0,5.0,75.0,81.0,418.0,0.0,False,1650,1511,25.0,9003_RI,100.0,1,70.0,1,10.0,10.2,14.666666666666666,11.733333333333333,5.333333333333333,3.466666666666667,1.3333333333333333,1.7333333333333334,0.0,0.0,1.3333333333333333,0.8,0.6666666666666666,0.6,0.0,0.26666666666666666,0.6666666666666666,0.26666666666666666,0.18,0.192,0.21,0.21533333333333332,0.33,0.3446666666666667,10.333333333333334,7.933333333333334,4.666666666666667,4.066666666666666,3.6666666666666665,2.8,73.66666666666667,71.4,80.0,74.73333333333333,336.3333333333333,279.8666666666667,1465.3333333333333,1477.8666666666666,1771.6666666666667,1796.2,83.2,83.3,88.0,87.0,1,hot,0.3762476888049526
130429,9003,http://live.fanfooty.com.au/game/matchcentre.html?id=9003,R24,2024,993993.0,Shai,Bolton,RI,15.0,66.0,49,85.0,58.0,76.0,6.0,7.0,7.0,3.0,0.0,0.0,2.0,1.0,1.0,Full Time,sore,Corked right calf in Q1... %P and %M plus %T... %s as well,pocket,Mostly starting forward on Lemmens,,0.0,,,Midfielder,29.0,3.0,30.67,0.0,0.0,7.66,3.61,,,,4.0,0.0,6.0,53.0,89.0,107.0,0.0,True,1650,1511,25.0,9003_RI,100.0,0,70.0,0,6.666666666666667,8.733333333333333,5.333333333333333,7.133333333333334,3.0,3.0,2.6666666666666665,2.7333333333333334,0.0,0.0,0.6666666666666666,0.7333333333333333,2.0,1.1333333333333333,2.0,1.2666666666666666,0.6666666666666666,1.3333333333333333,0.0,0.0,7.66,7.66,3.61,3.61,4.0,6.866666666666666,0.3333333333333333,3.066666666666667,4.0,3.6666666666666665,60.666666666666664,64.46666666666667,87.66666666666667,86.73333333333333,189.0,274.8666666666667,1465.3333333333333,1468.2666666666667,1771.6666666666667,1805.7333333333333,78.35,68.2,60.2,60.0,1,sore,0.21077967012012605
130431,9003,http://live.fanfooty.com.au/game/matchcentre.html?id=9003,R24,2024,1009551.0,Maurice,Rioli jnr,RI,14.0,54.0,55,70.0,40.0,52.0,6.0,3.0,2.0,4.0,0.0,1.0,0.0,1.0,1.0,Full Time,pocket,%P and %M plus %T... %s as well... Starting deep forward,,,,,,,,10.0,0.0,0.0,0.0,0.31,0.46,0.99,,,,2.0,0.0,0.0,66.0,68.0,223.0,0.0,False,1650,1511,25.0,9003_RI,100.0,0,70.0,0,5.333333333333333,4.8,3.3333333333333335,3.2,1.0,1.9333333333333333,2.3333333333333335,2.6666666666666665,0.0,0.0,0.6666666666666666,0.6666666666666666,1.3333333333333333,0.6666666666666666,0.6666666666666666,0.5333333333333333,0.6666666666666666,0.8,0.31,0.402,0.46,0.524,0.99,1.046,4.333333333333333,3.7333333333333334,0.0,0.13333333333333333,3.3333333333333335,1.7333333333333334,65.33333333333333,68.06666666666666,70.33333333333333,64.06666666666666,156.33333333333334,127.66666666666667,1430.6666666666667,1563.4,1810.6666666666667,1712.0,43.95,52.0,49.6,37.666666666666664,1,pocket,0.031927351099675844
130434,9003,http://live.fanfooty.com.au/game/matchcentre.html?id=9003,R24,2024,1002245.0,Noah,Balta,RI,4.0,48.0,52,62.0,39.0,51.0,7.0,4.0,5.0,1.0,0.0,0.0,0.0,0.0,0.0,Full Time,job,%M and %P... In defence on King,,,,0.0,,,Back,21.0,0.0,0.0,0.0,0.0,0.18,0.33,,,,4.0,0.0,3.0,72.0,85.0,193.0,0.0,False,1650,1511,25.0,9003_RI,100.0,0,70.0,0,8.333333333333334,9.466666666666667,2.6666666666666665,2.466666666666667,5.333333333333333,6.133333333333334,0.6666666666666666,0.9333333333333333,1.3333333333333333,0.7333333333333333,0.0,0.5333333333333333,0.3333333333333333,0.4666666666666667,0.6666666666666666,0.4666666666666667,0.3333333333333333,0.06666666666666667,0.0,0.0,0.18,0.18,0.33,0.33,4.0,3.8,0.3333333333333333,0.3333333333333333,2.0,2.7333333333333334,65.33333333333333,72.93333333333334,84.33333333333333,85.26666666666667,243.33333333333334,300.4,1465.3333333333333,1471.6,1771.6666666666667,1803.2,61.75,53.4,48.6,55.333333333333336,1,job,0.07939692732877197
130436,9003,http://live.fanfooty.com.au/game/matchcentre.html?id=9003,R24,2024,1011985.0,Hugo,Ralphsmith,RI,3.0,44.0,40,56.0,35.0,48.0,7.0,5.0,3.0,1.0,0.0,0.0,0.0,0.0,0.0,Full Time,wing,%M and %P... Playing a wing role,,,,,,,Back,13.0,0.0,0.0,0.0,0.13,0.44,0.43,,,,3.0,1.0,3.0,83.0,88.0,154.0,0.0,False,1650,1511,25.0,9003_RI,100.0,0,70.0,0,7.666666666666667,7.733333333333333,4.333333333333333,5.6,3.3333333333333335,3.4,0.6666666666666666,1.4666666666666666,0.0,0.0,0.3333333333333333,0.4,0.3333333333333333,0.7333333333333333,1.0,0.3333333333333333,0.0,0.13333333333333333,0.13,0.13,0.44,0.44,0.43,0.43,3.3333333333333335,3.3333333333333335,1.0,0.6666666666666666,3.0,2.8666666666666667,63.0,70.73333333333333,85.33333333333333,89.2,219.66666666666666,293.1333333333333,1465.3333333333333,1471.6,1771.6666666666667,1803.2,48.8,49.8,46.8,44.333333333333336,1,wing,0.042753249427167545
130438,9003,http://live.fanfooty.com.au/game/matchcentre.html?id=9003,R24,2024,993771.0,Marlion,Pickett,RI,10.0,43.0,43,56.0,38.0,51.0,7.0,3.0,4.0,1.0,0.0,0.0,2.0,1.0,0.0,Full Time,wing,On in Q3 for Banks... %P and %M plus %s,sub,Started as the sub,,,,,Midfielder,50.0,0.0,0.0,0.0,0.93,0.35,0.81,,,,6.0,2.0,4.0,60.0,32.0,319.0,0.0,False,1650,1511,25.0,9003_RI,100.0,0,70.0,0,8.0,6.8,6.666666666666667,6.733333333333333,4.0,3.533333333333333,1.0,2.3333333333333335,0.0,0.13333333333333333,0.0,0.4,2.6666666666666665,1.8666666666666667,0.6666666666666666,0.26666666666666666,1.3333333333333333,0.6,0.93,0.8273333333333334,0.35,0.3393333333333333,0.81,0.7633333333333334,5.666666666666667,5.533333333333333,1.0,0.9333333333333333,5.666666666666667,4.6,56.333333333333336,66.06666666666666,59.333333333333336,76.73333333333333,263.6666666666667,254.0,1497.6666666666667,1494.9333333333334,1750.0,1783.3333333333333,53.95,53.8,49.6,50.333333333333336,1,wing,0.06784767218327602
130442,9003,http://live.fanfooty.com.au/game/matchcentre.html?id=9003,R24,2024,1006030.0,Jacob,Koschitzke,RI,1.0,28.0,31,32.0,25.0,34.0,3.0,6.0,1.0,0.0,4.0,0.0,0.0,0.0,0.0,Full Time,sergeant,%P... Starting forward on Collins,,,,,,,Forward,20.0,0.0,0.0,0.0,0.09,0.19,0.15,,,,3.0,0.0,1.0,88.0,81.0,90.0,0.0,False,1650,1511,25.0,9003_RI,100.0,0,70.0,0,4.0,4.533333333333333,5.333333333333333,4.4,2.0,3.066666666666667,0.3333333333333333,1.2,2.6666666666666665,4.333333333333333,0.3333333333333333,1.0666666666666667,0.0,0.3333333333333333,0.3333333333333333,0.8666666666666667,0.6666666666666666,0.4,0.09,0.08666666666666667,0.19,0.18533333333333332,0.15,0.146,3.6666666666666665,5.0,0.3333333333333333,0.6,0.6666666666666666,1.8666666666666667,71.0,63.733333333333334,82.0,82.8,84.66666666666667,106.53333333333333,1465.3333333333333,1499.2666666666667,1771.6666666666667,1776.2,54.35,54.0,52.0,36.0,1,sergeant,5.174489023892334e-05
130445,9003,http://live.fanfooty.com.au/game/matchcentre.html?id=9003,R24,2024,1009260.0,Sam,Flanders,GC,32.0,111.0,161,102.0,93.0,128.0,8.0,21.0,3.0,6.0,0.0,1.0,1.0,2.0,2.0,Full Time,star,%P including %B... also %T and %M... and booted %s,midfwd,Coming off a HFF to join mids,,,,,Midfielder,3.0,0.0,0.0,0.0,40.12,36.37,39.15,,,,14.0,6.0,3.0,86.0,82.0,318.0,0.0,False,1511,1650,25.0,9003_GC,100.0,1,70.0,1,11.666666666666666,16.266666666666666,14.666666666666666,15.333333333333334,3.0,5.0,2.6666666666666665,2.2,0.0,0.0,1.0,1.6,0.6666666666666666,0.6666666666666666,2.0,0.6666666666666666,1.0,0.3333333333333333,40.12,40.12,36.37,36.37,39.15,39.15,9.666666666666666,10.066666666666666,5.0,4.4,2.6666666666666665,3.0,78.0,79.4,85.66666666666667,82.93333333333334,404.6666666666667,454.6666666666667,1564.0,1595.8666666666666,1682.3333333333333,1677.9333333333334,118.35,117.5,121.2,124.66666666666667,1,star,0.7398879489328517
130451,9003,http://live.fanfooty.com.au/game/matchcentre.html?id=9003,R24,2024,294013.0,Sean,Lemmens,GC,13.0,75.0,60,52.0,53.0,69.0,12.0,3.0,3.0,5.0,0.0,4.0,0.0,0.0,0.0,Full Time,guard,%P including %K... also %T and %M... umps paid him %4FF... Minding Bolton,,,,0.0,,,Back,23.0,9.0,47.0,0.0,0.0,0.08,0.13,,,,7.0,1.0,4.0,66.0,89.0,362.0,0.0,False,1511,1650,25.0,9003_GC,100.0,0,70.0,0,8.0,8.0,4.333333333333333,2.7333333333333334,2.0,3.2,3.0,2.4,0.0,0.0,1.6666666666666667,1.1333333333333333,0.0,0.8,0.0,0.0,0.0,0.06666666666666667,0.0,0.0,0.08,0.10933333333333334,0.13,0.07266666666666667,5.0,4.266666666666667,0.6666666666666666,0.7333333333333333,2.0,1.8666666666666667,63.333333333333336,78.2,80.66666666666667,74.6,250.66666666666666,205.06666666666666,1564.0,1599.8666666666666,1682.3333333333333,1674.8666666666666,52.85,49.0,55.0,55.0,1,guard,0.057211709225225796
130452,9003,http://live.fanfooty.com.au/game/matchcentre.html?id=9003,R24,2024,294643.0,Alex,Sexton,GC,12.0,72.0,69,35.0,57.0,78.0,15.0,4.0,6.0,1.0,0.0,0.0,1.0,0.0,0.0,Full Time,switch,%P including %K... also %M... Playing a HBF role... switched forward in Q3,,,,0.0,,,Forward,6.0,21.0,60.71,0.0,0.0,0.49,0.64,,,,1.0,1.0,2.0,84.0,79.0,561.0,1.0,False,1511,1650,25.0,9003_GC,100.0,0,70.0,0,9.333333333333334,12.866666666666667,4.333333333333333,6.466666666666667,3.6666666666666665,5.8,2.3333333333333335,1.9333333333333333,0.0,0.0,0.0,0.4666666666666667,0.6666666666666666,0.6,0.0,0.13333333333333333,0.3333333333333333,0.2,0.0,0.02333333333333333,0.49,0.49,0.64,0.64,2.3333333333333335,3.066666666666667,1.0,0.7333333333333333,1.3333333333333333,1.9333333333333333,81.33333333333333,77.73333333333333,83.66666666666667,80.0,330.0,473.1333333333333,1600.0,1636.0666666666666,1648.0,1638.0,62.15,73.6,59.4,59.666666666666664,1,switch,0.05682123974530408
130457,9003,http://live.fanfooty.com.au/game/matchcentre.html?id=9003,R24,2024,1017396.0,Mac,Andrew,GC,10.0,51.0,53,38.0,45.0,55.0,6.0,2.0,3.0,1.0,12.0,0.0,1.0,1.0,1.0,Full Time,ruckfwd,%P including %K... also %M... and scored %s... Playing a forward/ruck role on Miller,,,,,,,Back,31.0,0.0,0.0,0.0,0.04,0.17,0.32,,,,2.0,1.0,3.0,62.0,85.0,181.0,0.0,False,1511,1650,25.0,9003_GC,100.0,0,70.0,0,7.333333333333333,9.333333333333334,2.0,4.266666666666667,3.0,5.666666666666667,1.0,1.8,6.0,2.3333333333333335,0.3333333333333333,1.2,1.0,1.5333333333333334,1.6666666666666667,0.6,1.0,0.2,0.04,0.04,0.17,0.17,0.32,0.32,3.3333333333333335,4.266666666666667,1.6666666666666667,0.7333333333333333,3.6666666666666665,3.2666666666666666,53.0,76.66666666666667,85.0,86.0,197.0,287.8666666666667,1564.0,1601.0,1682.3333333333333,1675.1333333333334,73.65,61.7,55.2,49.0,1,ruckfwd,0.08383946650261717
130458,9003,http://live.fanfooty.com.au/game/matchcentre.html?id=9003,R24,2024,1013268.0,Alex,Davies,GC,12.0,50.0,58,44.0,41.0,63.0,5.0,11.0,1.0,4.0,0.0,0.0,2.0,0.0,0.0,Full Time,shovel,Subbed off in Q3 for Rogers... %P and %T,subbed,Rotating in midfield,,,,,Midfielder,5.0,0.0,0.0,0.0,0.31,0.11,0.35,,,,7.0,4.0,3.0,75.0,52.0,45.0,1.0,True,1511,1650,25.0,9003_GC,100.0,0,70.0,0,4.666666666666667,5.933333333333334,12.333333333333334,8.866666666666667,1.6666666666666667,1.4,4.0,5.866666666666666,0.0,0.06666666666666667,0.3333333333333333,0.9333333333333333,1.6666666666666667,1.3333333333333333,0.3333333333333333,0.13333333333333333,0.0,0.26666666666666666,0.31,0.5606666666666666,0.11,0.34466666666666673,0.35,0.6326666666666666,7.0,7.933333333333334,2.3333333333333335,3.1333333333333333,3.6666666666666665,3.2,76.66666666666667,67.33333333333333,64.33333333333333,64.66666666666667,131.0,170.66666666666666,1564.0,1623.5333333333333,1682.3333333333333,1653.5333333333333,60.4,69.6,69.8,60.333333333333336,1,shovel,0.1119654267039933
130481,9004,http://live.fanfooty.com.au/game/matchcentre.html?id=9004,R24,2024,990816.0,Aaron,Francis,SY,8.0,55.0,37,74.0,43.0,54.0,8.0,1.0,7.0,2.0,0.0,0.0,0.0,0.0,0.0,Full Time,texan,%P including %K... also %M and %T... Standing Walker,,,,0.0,,,Back,10.0,4.0,57.75,0.0,0.0,0.1,0.08,,,,1.0,0.0,2.0,77.0,90.0,225.0,0.0,False,1449,1808,25.0,9004_SY,100.0,0,70.0,0,5.666666666666667,6.066666666666666,3.6666666666666665,4.066666666666666,4.666666666666667,4.333333333333333,1.3333333333333333,1.2666666666666666,0.0,0.0,0.6666666666666666,0.8666666666666667,0.0,0.7333333333333333,0.0,0.06666666666666667,0.0,0.06666666666666667,0.0,0.0,0.1,3.9333333333333327,0.08,0.9599999999999999,2.6666666666666665,3.3333333333333335,0.0,0.0,1.3333333333333333,2.2,74.33333333333333,71.4,84.66666666666667,76.06666666666666,133.66666666666666,136.66666666666666,1548.3333333333333,1666.0666666666666,1727.3333333333333,1606.4666666666667,48.95,46.0,49.6,41.666666666666664,1,texan,0.04620115547540767
130495,9004,http://live.fanfooty.com.au/game/matchcentre.html?id=9004,R24,2024,1012807.0,Sam,Berry,AD,19.0,73.0,83,57.0,59.0,84.0,8.0,14.0,0.0,4.0,0.0,2.0,1.0,1.0,0.0,Full Time,shovel,%P and %T plus %s... Rotating through midfield,,,,,,,Midfielder,3.0,0.0,0.0,0.0,0.49,0.74,0.09,,,,7.0,6.0,4.0,81.0,73.0,303.0,0.0,False,1808,1449,25.0,9004_AD,100.0,0,70.0,1,8.666666666666666,7.066666666666666,10.333333333333334,7.466666666666667,0.3333333333333333,1.6,5.666666666666667,5.266666666666667,0.0,0.0,2.0,1.3333333333333333,0.6666666666666666,1.1333333333333333,0.3333333333333333,0.2,0.0,0.13333333333333333,0.49,0.49,0.74,0.74,0.09,0.09,8.666666666666666,7.466666666666667,4.666666666666667,3.8666666666666667,4.666666666666667,2.8,71.0,74.93333333333334,72.0,57.333333333333336,264.6666666666667,193.4,1609.3333333333333,1640.0,1660.3333333333333,1641.8666666666666,62.0,74.2,71.2,81.66666666666667,1,shovel,0.13020583932456906
130496,9004,http://live.fanfooty.com.au/game/matchcentre.html?id=9004,R24,2024,1021031.0,Luke,Nankervis,AD,14.0,72.0,77,43.0,60.0,81.0,12.0,7.0,5.0,1.0,0.0,0.0,1.0,1.0,0.0,Full Time,guard,%P and %M plus %s... Rotating in defence,,,,,,,Midfielder,27.0,0.0,0.0,0.0,0.18,0.14,0.38,,,,2.0,0.0,4.0,84.0,81.0,366.0,0.0,False,1808,1449,25.0,9004_AD,100.0,0,70.0,1,10.0,9.6,6.0,7.533333333333333,3.0,4.533333333333333,2.0,1.8666666666666667,0.0,0.0,0.6666666666666666,0.7333333333333333,1.0,0.6666666666666666,0.3333333333333333,0.06666666666666667,0.0,0.0,0.18,0.18,0.14,0.14,0.38,0.38,5.333333333333333,5.6,0.3333333333333333,0.6666666666666666,2.6666666666666665,2.2666666666666666,81.0,77.2,82.66666666666667,76.93333333333334,272.6666666666667,225.73333333333332,1609.3333333333333,1650.2,1660.3333333333333,1631.5333333333333,71.0,70.1,70.0,74.0,1,guard,0.12450583836372595
130503,9004,http://live.fanfooty.com.au/game/matchcentre.html?id=9004,R24,2024,1000998.0,Lachlan,Murphy,AD,4.0,49.0,44,41.0,40.0,54.0,5.0,8.0,3.0,2.0,0.0,1.0,0.0,0.0,0.0,Full Time,pocket,%P and %M plus %T... Playing defensive forward,,,,0.0,,,Forward,4.0,11.0,49.36,0.0,0.0,0.15,0.07,,,,5.0,3.0,1.0,61.0,81.0,121.0,0.0,False,1808,1449,25.0,9004_AD,100.0,0,70.0,0,7.0,5.866666666666666,7.333333333333333,6.2,3.3333333333333335,3.0,3.3333333333333335,3.6666666666666665,0.0,0.0,1.6666666666666667,1.1333333333333333,0.0,0.6,0.0,0.4666666666666667,0.3333333333333333,0.4,0.0,0.0,0.15,0.15,0.07,0.07,7.0,5.933333333333334,2.6666666666666665,0.9333333333333333,1.6666666666666667,2.0,65.0,74.73333333333333,73.66666666666667,74.33333333333333,147.0,184.86666666666667,1609.3333333333333,1651.0666666666666,1660.3333333333333,1632.4666666666667,62.55,58.2,57.8,57.666666666666664,1,pocket,0.07825457530600821
130508,9004,http://live.fanfooty.com.au/game/matchcentre.html?id=9004,R24,2024,1006203.0,Chayce,Jones,AD,3.0,36.0,27,32.0,26.0,34.0,4.0,2.0,2.0,3.0,0.0,1.0,0.0,0.0,1.0,Full Time,wing,On in Q3 for Worrell... %P and %M plus %T... %s as well,sub,Started as the sub,,,,,Back,1.0,0.0,0.0,0.0,0.13,0.43,0.3,,,,3.0,1.0,0.0,66.0,29.0,110.0,0.0,False,1808,1449,25.0,9004_AD,100.0,0,70.0,0,8.0,9.333333333333334,2.3333333333333335,5.066666666666666,3.0,3.1333333333333333,4.0,2.8666666666666667,0.0,0.0,1.3333333333333333,0.8,0.3333333333333333,0.5333333333333333,0.0,0.4,0.6666666666666666,0.26666666666666666,0.13,0.13,0.43,0.43,0.3,0.3,3.3333333333333335,5.2,1.0,1.9333333333333333,2.0,2.4,61.666666666666664,63.93333333333333,63.333333333333336,80.53333333333333,159.33333333333334,276.53333333333336,1513.6666666666667,1644.4,1765.0,1636.6666666666667,59.5,56.6,53.6,47.333333333333336,1,wing,0.05952481276342769
130554,9005,http://live.fanfooty.com.au/game/matchcentre.html?id=9005,R24,2024,1027925.0,Harvey,Thomas,WS,1.0,18.0,18,20.0,13.0,18.0,1.0,2.0,1.0,2.0,0.0,0.0,0.0,0.0,0.0,Full Time,pocket,Subbed off in Q3 for Brown... %P and %T,subbed,Starting forward,,,,,Midfielder,28.0,0.0,0.0,0.0,0.53,0.43,0.37,,,,2.0,0.0,1.0,66.0,49.0,23.0,1.0,True,1687,1603,25.0,9005_WS,100.0,0,70.0,0,1.6666666666666667,4.666666666666667,2.6666666666666665,6.733333333333333,1.3333333333333333,2.2,1.6666666666666667,2.8,0.0,0.0,0.0,0.2,0.3333333333333333,0.3333333333333333,0.0,0.4666666666666667,0.3333333333333333,0.13333333333333333,0.53,0.53,0.43,0.43,0.37,0.37,1.3333333333333333,4.8,0.0,0.6666666666666666,0.6666666666666666,1.6666666666666667,75.33333333333333,74.8,58.333333333333336,68.86666666666666,36.666666666666664,136.0,1669.0,1708.9333333333334,1616.3333333333333,1577.7333333333333,55.05,51.3,32.8,18.666666666666668,1,pocket,0.03089586416874531
130564,9006,http://live.fanfooty.com.au/game/matchcentre.html?id=9006,R24,2024,1013224.0,Heath,Chapman,FR,13.0,71.0,78,90.0,60.0,81.0,11.0,9.0,6.0,1.0,0.0,1.0,1.0,0.0,0.0,Full Time,guard,%M and %P... In defence,,,,,,,Back,5.0,0.0,0.0,0.0,26.48,16.11,9.18,,,,10.0,1.0,3.0,75.0,76.0,241.0,0.0,False,1631,1640,25.0,9006_FR,100.0,0,70.0,1,12.0,9.8,7.666666666666667,6.466666666666667,7.333333333333333,5.8,1.6666666666666667,1.8,0.0,0.0,0.3333333333333333,0.4,1.0,0.5333333333333333,0.0,0.06666666666666667,0.0,0.0,26.48,26.48,16.11,16.11,9.18,9.18,6.666666666666667,4.133333333333334,0.6666666666666666,0.4,2.0,1.9333333333333333,83.0,80.4,80.0,77.8,380.0,276.0,1623.3333333333333,1706.3333333333333,1656.6666666666667,1575.6666666666667,69.45,69.9,73.4,90.33333333333333,1,guard,0.13651579538550918
130565,9006,http://live.fanfooty.com.au/game/matchcentre.html?id=9006,R24,2024,1009256.0,Hayden,Young,FR,7.0,65.0,94,84.0,49.0,70.0,12.0,7.0,1.0,3.0,0.0,2.0,1.0,0.0,1.0,Full Time,injured,Corked right calf in Q4 but strapped up to return and play forward... then iced up with five minutes to go... %P and %T plus %s,switch,Doing jobs in midfield,,,,,Back,26.0,0.0,0.0,0.0,39.42,37.62,34.33,,,,10.0,6.0,2.0,73.0,66.0,361.0,1.0,True,1631,1640,25.0,9006_FR,100.0,0,70.0,1,11.666666666666666,13.0,8.333333333333334,9.933333333333334,1.6666666666666667,2.3333333333333335,3.3333333333333335,4.866666666666666,0.0,0.0,1.0,0.8666666666666667,1.0,1.0666666666666667,0.3333333333333333,0.6666666666666666,1.0,0.6666666666666666,39.42,39.42,37.62,37.62,34.33,34.33,11.0,10.133333333333333,5.666666666666667,5.2,2.3333333333333335,3.3333333333333335,72.66666666666667,69.8,69.33333333333333,73.4,359.3333333333333,442.6666666666667,1623.3333333333333,1674.6666666666667,1656.6666666666667,1607.0666666666666,103.35,105.7,104.2,93.0,1,injured,0.4664696509555063
130567,9006,http://live.fanfooty.com.au/game/matchcentre.html?id=9006,R24,2024,291570.0,Nat,Fyfe,FR,14.0,55.0,74,67.0,51.0,75.0,4.0,14.0,2.0,3.0,0.0,0.0,3.0,1.0,0.0,Full Time,shovel,%P including %B... also %T and %M... and booted %s... conceded %F... Rotating in midfield,,,,0.0,,,Midfielder,7.0,14.0,105.36,0.0,0.0,24.67,16.13,,,,8.0,0.0,5.0,77.0,77.0,156.0,0.0,False,1631,1640,25.0,9006_FR,100.0,0,70.0,1,4.333333333333333,5.4,12.333333333333334,11.933333333333334,1.0,2.1333333333333333,1.3333333333333333,1.8666666666666667,0.0,0.0,0.3333333333333333,0.5333333333333333,1.6666666666666667,1.6,0.6666666666666666,0.2,0.3333333333333333,0.2,0.0,0.0,24.67,24.67,16.13,16.13,7.333333333333333,7.933333333333334,2.0,3.466666666666667,3.0,3.0,71.0,73.73333333333333,67.66666666666667,67.8,147.33333333333334,141.86666666666667,1623.3333333333333,1691.9333333333334,1656.6666666666667,1590.6666666666667,67.5,59.0,58.0,59.0,1,shovel,0.12983183740761922
130569,9006,http://live.fanfooty.com.au/game/matchcentre.html?id=9006,R24,2024,1013611.0,Sam,Sturt,FR,10.0,50.0,51,60.0,47.0,61.0,5.0,8.0,5.0,0.0,0.0,0.0,1.0,1.0,1.0,Full Time,wing,%s from %P and %M... Rotating at half forward,,,,,,,Forward,1.0,0.0,0.0,0.0,0.04,0.08,0.2,,,,4.0,0.0,3.0,69.0,81.0,85.0,1.0,False,1631,1640,25.0,9006_FR,100.0,0,70.0,0,5.666666666666667,5.133333333333334,5.0,4.466666666666667,3.6666666666666665,2.8666666666666667,1.0,1.3333333333333333,0.0,0.0,0.3333333333333333,0.5333333333333333,0.6666666666666666,0.8,1.3333333333333333,1.4666666666666666,0.3333333333333333,0.5333333333333333,0.04,0.2826666666666667,0.08,0.22,0.2,0.6933333333333334,4.333333333333333,3.6,1.0,0.3333333333333333,1.6666666666666667,1.7333333333333334,79.33333333333333,72.93333333333334,80.33333333333333,77.73333333333333,142.66666666666666,140.4,1623.3333333333333,1668.0666666666666,1656.6666666666667,1612.7333333333333,53.55,55.1,55.6,56.0,1,wing,0.048188974967472126
130577,9006,http://live.fanfooty.com.au/game/matchcentre.html?id=9006,R24,2024,281007.0,Michael,Walters,FR,0.0,16.0,17,20.0,12.0,16.0,2.0,2.0,0.0,1.0,0.0,1.0,0.0,0.0,1.0,Full Time,wing,On after 3QT for Johnson... %s from %P,sub,Started as the sub,,0.0,,,Forward,10.0,18.0,80.0,0.0,0.0,0.11,0.29,,,,2.0,0.0,0.0,50.0,25.0,45.0,0.0,False,1631,1640,25.0,9006_FR,100.0,0,70.0,0,4.666666666666667,5.866666666666666,3.3333333333333335,3.7333333333333334,2.0,2.8666666666666667,1.0,2.0,0.0,0.0,1.3333333333333333,0.7333333333333333,0.0,0.3333333333333333,2.0,1.1333333333333333,0.6666666666666666,0.8666666666666667,0.0,0.0,0.11,0.11,0.29,0.29,3.6666666666666665,2.7333333333333334,0.3333333333333333,0.4,0.6666666666666666,1.6,56.0,66.8,48.333333333333336,72.06666666666666,132.0,142.86666666666667,1723.0,1709.7333333333333,1554.6666666666667,1574.7333333333333,47.5,44.9,50.2,47.666666666666664,1,wing,0.02998606963591668
130617,9007,http://live.fanfooty.com.au/game/matchcentre.html?id=9007,EF,2024,1004819.0,Jed,McEntee,PA,9.0,32.0,38,42.0,29.0,39.0,3.0,3.0,3.0,2.0,0.0,0.0,2.0,1.0,0.0,Full Time,pocket,%s from %P and %M plus %T... Playing a pressure forward role,,,,,,,Forward,41.0,0.0,0.0,0.0,0.18,0.13,0.17,,,,3.0,0.0,4.0,83.0,67.0,95.0,1.0,False,1877,1412,30.0,9007_PA,97.0,0,73.0,0,4.0,3.8666666666666667,3.0,4.2,1.6666666666666667,1.8,2.6666666666666665,3.2666666666666666,0.0,0.0,0.3333333333333333,0.13333333333333333,1.0,0.8,1.0,0.4666666666666667,0.0,0.3333333333333333,0.18,0.16133333333333333,0.13,0.11666666666666667,0.17,0.15133333333333338,2.6666666666666665,3.1333333333333333,0.0,0.26666666666666666,2.3333333333333335,1.6,72.66666666666667,73.53333333333333,70.33333333333333,72.86666666666666,90.33333333333333,95.8,1507.6666666666667,1615.2666666666667,1777.6666666666667,1672.6666666666667,41.8,41.2,42.4,39.666666666666664,1,pocket,0.023327153736738115
130645,9008,http://live.fanfooty.com.au/game/matchcentre.html?id=9008,EF,2024,291790.0,Adam,Treloar,WB,26.0,106.0,110,133.0,83.0,114.0,15.0,13.0,4.0,4.0,0.0,1.0,0.0,1.0,0.0,Full Time,hot,%P and %M plus %T... %s as well,shovel,Playing midfield,,0.0,,,Midfielder,1.0,13.0,108.46,0.0,0.0,0.17,0.45,,,,9.0,6.0,2.0,67.0,84.0,447.0,0.0,False,1914,1381,30.0,9008_WB,97.0,1,73.0,1,13.0,15.8,15.333333333333334,15.8,4.0,3.7333333333333334,5.666666666666667,4.4,0.0,0.0,0.6666666666666666,0.9333333333333333,0.6666666666666666,0.9333333333333333,0.3333333333333333,0.8666666666666667,0.0,0.2,0.0,0.0,0.17,0.17,0.45,0.45,9.333333333333334,12.0,5.0,5.466666666666667,3.0,3.6666666666666665,69.33333333333333,71.73333333333333,80.66666666666667,82.53333333333333,369.6666666666667,426.0,1664.6666666666667,1688.4,1625.6666666666667,1595.6666666666667,118.0,117.3,113.4,104.66666666666667,1,hot,0.7272428620541785
130651,9008,http://live.fanfooty.com.au/game/matchcentre.html?id=9008,EF,2024,297373.0,Marcus,Bontempelli,WB,15.0,72.0,63,92.0,61.0,84.0,9.0,9.0,5.0,3.0,0.0,0.0,2.0,1.0,0.0,Full Time,tagged,Tagged out of it by Nash... %P and %M plus %T... %s as well,midfwd,Leading the inside midfield then resting forward,,,,,Midfielder,4.0,0.0,0.0,0.0,25.47,30.45,26.24,,,,8.0,8.0,6.0,66.0,81.0,329.0,0.0,False,1914,1381,30.0,9008_WB,97.0,0,73.0,0,10.666666666666666,13.933333333333334,12.333333333333334,11.666666666666666,4.333333333333333,4.533333333333333,5.0,5.266666666666667,0.0,0.0,1.3333333333333333,1.2666666666666666,0.6666666666666666,0.7333333333333333,0.6666666666666666,1.2,0.6666666666666666,1.0666666666666667,25.47,25.47,30.45,30.45,26.24,26.24,13.0,13.133333333333333,8.333333333333334,6.466666666666667,4.666666666666667,3.3333333333333335,69.0,65.46666666666667,82.66666666666667,83.73333333333333,367.6666666666667,458.8,1664.6666666666667,1665.6,1625.6666666666667,1619.2,122.85,120.5,120.6,100.66666666666667,1,tagged,0.8194193959907791
130662,9008,http://live.fanfooty.com.au/game/matchcentre.html?id=9008,EF,2024,1011803.0,Cody,Weightman,WB,13.0,36.0,27,50.0,26.0,40.0,2.0,5.0,0.0,6.0,0.0,1.0,2.0,0.0,1.0,Full Time,cold,Well beaten on the night... %s from %P and %T,pocket,Starting deep forward on Hardwick,,,,,Forward,3.0,0.0,0.0,0.0,0.31,0.22,0.41,,,,3.0,1.0,4.0,57.0,81.0,54.0,1.0,False,1914,1381,30.0,9008_WB,97.0,0,73.0,0,7.0,7.133333333333334,6.0,4.066666666666666,1.3333333333333333,2.4,5.0,3.8666666666666667,0.0,0.0,1.3333333333333333,1.4666666666666666,1.0,0.7333333333333333,1.0,1.7333333333333334,1.6666666666666667,1.0,0.31,0.31,0.22,0.22,0.41,0.41,5.333333333333333,5.6,1.0,1.0,3.0,2.533333333333333,55.333333333333336,61.4,81.33333333333333,81.33333333333333,227.66666666666666,199.53333333333333,1664.6666666666667,1730.9333333333334,1625.6666666666667,1551.2,69.5,68.7,65.8,66.33333333333333,1,cold,0.13453889045822454
130664,9008,http://live.fanfooty.com.au/game/matchcentre.html?id=9008,EF,2024,281078.0,Liam,Jones,WB,3.0,28.0,32,36.0,24.0,30.0,4.0,2.0,4.0,0.0,0.0,0.0,0.0,0.0,0.0,Full Time,job,%M and %P... At FB on Gunston,,,,0.0,,,Back,19.0,17.0,52.06,0.0,0.0,0.24,0.55,,,,2.0,0.0,2.0,66.0,82.0,54.0,1.0,False,1914,1381,30.0,9008_WB,97.0,0,73.0,0,4.333333333333333,8.933333333333334,2.6666666666666665,2.6,4.0,5.4,0.0,0.6,0.0,0.0,0.0,0.8,0.3333333333333333,0.6666666666666666,0.0,0.0,0.0,0.06666666666666667,0.0,0.0,0.24,0.24,0.55,0.55,2.6666666666666665,4.066666666666666,0.0,0.13333333333333333,1.3333333333333333,2.0,75.33333333333333,82.33333333333333,88.0,94.86666666666666,88.33333333333333,196.0,1664.6666666666667,1674.4666666666667,1625.6666666666667,1608.6666666666667,69.75,64.1,50.4,43.666666666666664,1,job,0.0802347382993489
130667,9008,http://live.fanfooty.com.au/game/matchcentre.html?id=9008,EF,2024,1009301.0,Jamarra,Ugle-Hagan,WB,1.0,18.0,18,24.0,16.0,22.0,2.0,2.0,2.0,1.0,0.0,0.0,1.0,0.0,1.0,Full Time,missing,Largely unsighted... %s from %P and %M,spearhead,Up forward on Scrimshaw,,,,,Forward,2.0,0.0,0.0,0.0,0.62,1.28,1.64,,,,1.0,0.0,1.0,75.0,82.0,62.0,0.0,False,1914,1381,30.0,9008_WB,97.0,0,73.0,0,7.0,8.333333333333334,2.0,3.2,3.0,3.8666666666666667,2.3333333333333335,1.6,0.0,0.0,0.6666666666666666,0.7333333333333333,2.3333333333333335,1.4,1.0,2.066666666666667,1.0,1.6,0.62,0.62,1.28,1.28,1.64,1.64,3.0,5.666666666666667,0.3333333333333333,0.4,4.0,2.933333333333333,58.333333333333336,55.86666666666667,83.0,83.66666666666667,205.0,243.6,1664.6666666666667,1665.6,1625.6666666666667,1619.2,63.7,68.9,57.6,42.0,1,missing,0.0831448897329093
130688,9008,http://live.fanfooty.com.au/game/matchcentre.html?id=9008,EF,2024,291351.0,Jack,Gunston,HW,7.0,26.0,43,24.0,22.0,27.0,2.0,2.0,2.0,1.0,0.0,0.0,0.0,1.0,0.0,Full Time,spearhead,%s from %P and %M... Starting forward on Liam Jones,,,,0.0,,,Forward,19.0,20.0,87.3,0.0,0.0,0.24,0.13,,,,2.0,0.0,0.0,100.0,66.0,53.0,1.0,False,1381,1914,30.0,9008_HW,97.0,0,73.0,0,7.333333333333333,7.666666666666667,3.0,2.6,4.666666666666667,5.2,1.3333333333333333,1.4,0.0,0.0,0.0,0.4,0.6666666666666666,0.7333333333333333,2.3333333333333335,1.9333333333333333,0.3333333333333333,1.1333333333333333,0.0,0.0,0.24,0.24,0.13,0.13,2.6666666666666665,3.066666666666667,0.0,0.13333333333333333,0.6666666666666666,1.6666666666666667,86.0,69.06666666666666,75.0,79.93333333333334,219.33333333333334,190.06666666666666,1910.0,1720.8,1381.0,1565.9333333333334,59.1,71.5,74.2,75.33333333333333,1,spearhead,0.06922754659235376
130698,9009,http://live.fanfooty.com.au/game/matchcentre.html?id=9009,EF,2024,993905.0,Callum,Mills,SY,13.0,75.0,79,99.0,62.0,84.0,13.0,6.0,7.0,2.0,0.0,1.0,2.0,0.0,0.0,Full Time,guard,%P and %M plus %T... Playing half back,,,,,,,Midfielder,14.0,0.0,0.0,0.0,1.11,1.08,1.02,,,,6.0,2.0,3.0,73.0,78.0,239.0,0.0,False,1624,1650,30.0,9009_SY,97.0,0,73.0,1,15.0,10.666666666666666,9.0,7.8,8.333333333333334,5.133333333333334,1.3333333333333333,3.8666666666666667,0.0,0.0,0.6666666666666666,0.8666666666666667,1.0,0.5333333333333333,0.0,0.3333333333333333,0.0,0.3333333333333333,1.11,4.47,1.08,3.933333333333333,1.02,2.726666666666666,7.333333333333333,6.133333333333334,1.0,1.0666666666666667,2.0,2.466666666666667,82.0,76.06666666666666,83.33333333333333,80.0,290.3333333333333,270.26666666666665,1681.3333333333333,1645.8666666666666,1595.0,1635.4,79.05,77.7,79.4,91.33333333333333,1,guard,0.24764175741401853
130759,9010,http://live.fanfooty.com.au/game/matchcentre.html?id=9010,EF,2024,297907.0,Nic,Newman,CA,15.0,92.0,110,60.0,71.0,99.0,15.0,9.0,5.0,4.0,0.0,1.0,1.0,0.0,0.0,Full Time,reported,Reported for rough conduct on Neale in Q4... %P and %M plus %T,guard,Coming off a HBF,,,,,Back,24.0,0.0,0.0,0.0,6.16,1.18,3.32,,,,3.0,0.0,2.0,83.0,92.0,526.0,0.0,False,1762,1503,30.0,9010_CA,97.0,1,73.0,1,21.333333333333332,17.866666666666667,6.666666666666667,7.066666666666666,10.666666666666666,9.133333333333333,3.3333333333333335,3.8666666666666667,0.0,0.0,1.3333333333333333,0.9333333333333333,1.0,1.1333333333333333,0.0,0.06666666666666667,0.0,0.2,6.16,6.16,1.18,1.18,3.32,3.32,3.3333333333333335,4.866666666666666,0.3333333333333333,0.6,2.6666666666666665,2.6666666666666665,84.0,80.26666666666667,93.0,90.4,603.0,492.8,1687.3333333333333,1664.1333333333334,1575.6666666666667,1618.8666666666666,105.6,107.4,119.2,115.0,1,reported,0.5122679016942107
130763,9010,http://live.fanfooty.com.au/game/matchcentre.html?id=9010,EF,2024,997316.0,Lewis,Young,CA,13.0,78.0,100,50.0,63.0,79.0,13.0,3.0,9.0,1.0,0.0,1.0,0.0,0.0,1.0,Full Time,job,%P including %K... also %M... and booted %s... At CHB on Hipwood,,,,,,,Back,33.0,0.0,0.0,0.0,0.27,0.09,0.11,,,,6.0,0.0,0.0,87.0,100.0,422.0,0.0,False,1762,1503,30.0,9010_CA,97.0,1,73.0,1,10.0,7.466666666666667,4.0,4.733333333333333,8.0,5.333333333333333,1.3333333333333333,1.3333333333333333,0.3333333333333333,3.0,0.6666666666666666,0.5333333333333333,0.6666666666666666,0.8,0.0,0.06666666666666667,0.3333333333333333,0.2,0.27,0.17800000000000002,0.09,0.114,0.11,0.17400000000000002,2.3333333333333335,4.2,0.0,0.5333333333333333,1.0,1.7333333333333334,75.0,73.33333333333333,100.0,91.33333333333333,275.0,175.86666666666667,1687.3333333333333,1676.3333333333333,1575.6666666666667,1601.6666666666667,64.65,63.3,66.0,67.33333333333333,1,job,0.0897026442421734
130765,9010,http://live.fanfooty.com.au/game/matchcentre.html?id=9010,EF,2024,298290.0,Marc,Pittonet,CA,17.0,69.0,75,52.0,64.0,75.0,7.0,4.0,4.0,0.0,18.0,1.0,1.0,2.0,0.0,Full Time,sore,Went down hard in Q2 after copping a Berry knee to the guts... %H... also %P and %M... and scored %s,ruck,First ruck,,0.0,,,Ruck,27.0,2.0,52.5,0.0,0.0,0.17,0.43,,,,11.0,3.0,5.0,63.0,67.0,176.0,0.0,True,1762,1503,30.0,9010_CA,97.0,0,73.0,1,6.666666666666667,6.8,7.333333333333333,6.666666666666667,2.0,1.4666666666666666,3.0,1.4,24.333333333333332,24.866666666666667,1.0,1.5333333333333334,1.6666666666666667,2.0,1.0,0.3333333333333333,0.3333333333333333,0.2,0.0,0.0,0.17,0.22333333333333333,0.43,0.43466666666666665,11.0,10.0,6.0,5.666666666666667,4.333333333333333,3.8666666666666667,66.66666666666667,63.266666666666666,75.33333333333333,71.13333333333334,154.66666666666666,140.66666666666666,1687.3333333333333,1656.9333333333334,1575.6666666666667,1620.4666666666667,79.6,86.7,92.0,97.33333333333333,1,sore,0.20021235686390149
130766,9010,http://live.fanfooty.com.au/game/matchcentre.html?id=9010,EF,2024,1012862.0,Elijah,Hollands,CA,13.0,68.0,72,43.0,56.0,76.0,10.0,9.0,3.0,1.0,0.0,0.0,0.0,1.0,1.0,Full Time,midfwd,%P and %M plus %s... Starting at half forward with mid rotations,,,,,,,Midfielder,20.0,0.0,0.0,0.0,0.53,0.67,0.21,,,,6.0,2.0,1.0,68.0,80.0,365.0,0.0,False,1762,1503,30.0,9010_CA,97.0,0,73.0,0,14.0,12.466666666666667,8.0,6.8,5.333333333333333,5.2,1.6666666666666667,2.8,0.0,0.0,0.3333333333333333,0.3333333333333333,0.3333333333333333,0.8,0.3333333333333333,0.7333333333333333,1.3333333333333333,0.6,0.53,0.53,0.67,0.67,0.21,0.21,5.666666666666667,5.533333333333333,1.3333333333333333,1.6,1.6666666666666667,2.7333333333333334,72.33333333333333,69.66666666666667,81.33333333333333,82.8,363.3333333333333,311.6666666666667,1687.3333333333333,1664.1333333333334,1575.6666666666667,1618.8666666666666,75.75,78.9,78.8,83.66666666666667,1,midfwd,0.19438629263588947
130775,9010,http://live.fanfooty.com.au/game/matchcentre.html?id=9010,EF,2024,296334.0,Orazio,Fantasia,CA,9.0,43.0,47,32.0,36.0,48.0,5.0,6.0,2.0,1.0,0.0,0.0,0.0,1.0,0.0,Full Time,wing,%s from %P and %M... Starting at half forward,,,,0.0,,,Forward,14.0,13.0,79.46,0.0,0.0,3.04,5.76,,,,6.0,0.0,1.0,63.0,75.0,149.0,0.0,False,1762,1503,30.0,9010_CA,97.0,0,73.0,0,5.333333333333333,4.4,3.3333333333333335,3.6666666666666665,1.0,1.9333333333333333,1.3333333333333333,1.4666666666666666,0.0,0.0,0.3333333333333333,0.4666666666666667,1.0,0.6666666666666666,1.0,0.6666666666666666,0.0,0.4666666666666667,0.0,0.4313333333333333,3.04,2.97,5.76,5.421333333333333,3.3333333333333335,3.3333333333333335,0.0,0.2,2.3333333333333335,1.5333333333333334,64.33333333333333,69.33333333333333,62.0,59.6,168.0,143.46666666666667,1551.0,1689.2666666666667,1713.6666666666667,1587.6,43.5,44.1,47.0,38.333333333333336,1,wing,0.029172545318064676
130800,9011,http://live.fanfooty.com.au/game/matchcentre.html?id=9011,SF,2024,1004998.0,Todd,Marshall,PA,9.0,37.0,38,47.0,29.0,36.0,2.0,3.0,2.0,3.0,0.0,1.0,0.0,1.0,0.0,Full Time,concussed,Copped a Georgiades knee to the back of the head in Q1 but played on... subbed off at 3QT for Lorenz... %s from %P and %M plus %T,subbed,Starting at CHF on Scrimshaw,,0.0,,,Forward,4.0,7.0,46.57,0.0,0.0,0.16,0.21,,,,4.0,0.0,1.0,60.0,38.0,40.0,1.0,True,1681,1613,32.0,9011_PA,101.2,0,71.5,0,5.666666666666667,6.866666666666666,3.6666666666666665,2.0,3.3333333333333335,4.466666666666667,1.6666666666666667,1.7333333333333334,0.0,0.3333333333333333,0.6666666666666666,0.4666666666666667,0.3333333333333333,0.6,0.3333333333333333,1.0666666666666667,0.3333333333333333,0.8666666666666667,0.0,0.0,0.16,0.16,0.21,0.21,4.0,2.7333333333333334,0.0,0.06666666666666667,2.3333333333333335,2.2,65.0,55.0,49.333333333333336,72.0,161.66666666666666,180.13333333333333,1708.3333333333333,1656.2666666666667,1584.0,1633.2666666666667,56.6,53.4,41.0,41.666666666666664,1,concussed,0.046474371783631604
130801,9011,http://live.fanfooty.com.au/game/matchcentre.html?id=9011,SF,2024,1017255.0,Francis,Evans,PA,3.0,29.0,23,39.0,21.0,27.0,4.0,1.0,2.0,2.0,0.0,1.0,0.0,0.0,0.0,Full Time,pocket,%P including %K... also %M and %T... Playing deep forward,,,,,,,Forward,31.0,0.0,0.0,0.0,0.04,0.05,0.09,,,,3.0,1.0,2.0,20.0,63.0,70.0,1.0,False,1681,1613,32.0,9011_PA,101.2,0,71.5,0,3.6666666666666665,5.8,1.6666666666666667,2.8666666666666667,1.6666666666666667,2.466666666666667,4.333333333333333,2.6666666666666665,0.0,0.0,0.6666666666666666,0.8,0.6666666666666666,0.6,0.3333333333333333,0.8,0.0,0.4666666666666667,0.04,0.07066666666666667,0.05,0.112,0.09,0.096,3.3333333333333335,4.133333333333334,0.3333333333333333,0.4,2.3333333333333335,1.6,43.333333333333336,60.86666666666667,58.666666666666664,59.13333333333333,69.33333333333333,159.13333333333333,1552.0,1716.0666666666666,1732.6666666666667,1572.7333333333333,48.3,48.7,47.8,34.0,1,pocket,0.028273200332213387
130824,9011,http://live.fanfooty.com.au/game/matchcentre.html?id=9011,SF,2024,280744.0,Luke,Breust,HW,9.0,34.0,41,28.0,28.0,36.0,4.0,2.0,2.0,2.0,0.0,1.0,1.0,1.0,0.0,Full Time,pocket,On in Q3 for Gunston... %s from %P and %M plus %T,sub,Started as the sub,,0.0,,,Forward,22.0,21.0,85.48,0.0,0.0,0.14,0.26,,,,2.0,0.0,1.0,83.0,39.0,99.0,0.0,False,1613,1681,32.0,9011_HW,101.2,0,71.5,0,5.333333333333333,4.866666666666666,2.0,2.6666666666666665,2.0,1.9333333333333333,1.3333333333333333,1.2,0.0,0.0,1.0,0.8666666666666667,0.3333333333333333,0.6666666666666666,1.0,1.3333333333333333,0.3333333333333333,0.3333333333333333,0.0,0.0,0.14,0.14,0.26,0.26,3.6666666666666665,3.066666666666667,0.3333333333333333,0.3333333333333333,1.3333333333333333,1.4666666666666666,79.0,75.73333333333333,46.333333333333336,48.2,150.0,128.93333333333334,1832.3333333333333,1710.4666666666667,1458.3333333333333,1574.0,46.35,46.4,40.6,41.333333333333336,1,pocket,0.025273544921318256
130828,9012,http://live.fanfooty.com.au/game/matchcentre.html?id=9012,SF,2024,296324.0,Jesse,Hogan,WS,28.0,102.0,138,128.0,86.0,103.0,12.0,1.0,8.0,3.0,0.0,0.0,1.0,5.0,1.0,Full Time,target,%s from %P and %M plus %T,spearhead,Starting at FF on Payne,,0.0,,,Forward,23.0,20.0,89.05,0.0,0.0,0.19,0.44,,,,8.0,0.0,2.0,84.0,91.0,295.0,0.0,False,1563,1728,32.0,9012_WS,101.2,1,71.5,1,10.0,8.933333333333334,2.3333333333333335,3.1333333333333333,7.333333333333333,6.933333333333334,1.6666666666666667,1.4666666666666666,0.0,0.0,0.0,0.7333333333333333,0.3333333333333333,0.4,3.3333333333333335,3.2,1.0,1.0,0.0,0.0,0.19,0.19,0.44,0.44,6.666666666666667,6.466666666666667,0.0,0.13333333333333333,1.6666666666666667,1.6666666666666667,75.0,69.86666666666666,90.66666666666667,89.53333333333333,201.33333333333334,203.4,1651.6666666666667,1713.6,1633.3333333333333,1572.5333333333333,92.85,111.9,109.4,103.0,1,target,0.2801239813818423
130900,9013,http://live.fanfooty.com.au/game/matchcentre.html?id=9013,PF,2024,1006121.0,Zak,Butters,PA,10.0,68.0,53,47.0,58.0,81.0,10.0,10.0,5.0,2.0,0.0,1.0,2.0,0.0,0.0,Full Time,shovel,%P and %M plus %T... In midfield,,,,,,,Midfielder,9.0,0.0,0.0,0.0,23.47,31.02,26.92,,,,5.0,2.0,4.0,60.0,74.0,380.0,0.0,False,1925,1372,33.0,9013_PA,97.0,0,75.5,0,7.666666666666667,13.933333333333334,7.333333333333333,12.133333333333333,2.3333333333333335,4.4,3.6666666666666665,3.933333333333333,0.0,0.0,0.6666666666666666,1.2,1.0,1.0,0.0,0.4,0.3333333333333333,0.6666666666666666,23.47,23.47,31.02,31.02,26.92,26.92,6.0,10.2,3.0,4.733333333333333,3.0,3.2,72.66666666666667,70.2,59.333333333333336,75.8,274.6666666666667,392.8666666666667,1465.6666666666667,1652.3333333333333,1827.6666666666667,1637.2,108.5,100.7,87.4,55.333333333333336,1,shovel,0.5009160280327164
130906,9013,http://live.fanfooty.com.au/game/matchcentre.html?id=9013,PF,2024,280711.0,Charlie,Dixon,PA,9.0,46.0,59,37.0,42.0,53.0,4.0,8.0,3.0,0.0,2.0,1.0,0.0,1.0,0.0,Full Time,pelican,%s from %P and %M... At FF on Melican with ruck support,,,,0.0,,,Forward,22.0,20.0,71.25,0.0,0.0,0.1,0.17,,,,9.0,4.0,4.0,58.0,77.0,85.0,0.0,False,1925,1372,33.0,9013_PA,97.0,0,75.5,0,4.333333333333333,5.2,5.666666666666667,4.6,2.0,3.2666666666666666,1.3333333333333333,1.6,6.666666666666667,7.0,1.0,1.0,0.6666666666666666,0.9333333333333333,0.3333333333333333,1.2,0.6666666666666666,0.6666666666666666,0.0,0.0,0.1,0.1,0.17,0.17,6.333333333333333,6.8,2.3333333333333335,1.1333333333333333,2.3333333333333335,2.3333333333333335,50.333333333333336,63.93333333333333,79.66666666666667,81.8,118.0,108.0,1497.6666666666667,1689.6666666666667,1790.3333333333333,1600.3333333333333,70.6,65.8,70.6,56.0,1,pelican,0.09829125692558285
130908,9013,http://live.fanfooty.com.au/game/matchcentre.html?id=9013,PF,2024,1011583.0,Lachie,Jones,PA,3.0,33.0,46,28.0,28.0,39.0,3.0,7.0,2.0,1.0,0.0,0.0,0.0,0.0,0.0,Full Time,guard,%P and %M... Minding Papley,,,,,,,,34.0,0.0,0.0,0.0,0.0,0.06,0.28,,,,4.0,0.0,1.0,80.0,83.0,218.0,1.0,False,1925,1372,33.0,9013_PA,97.0,0,75.5,0,5.0,5.666666666666667,4.333333333333333,5.333333333333333,2.0,3.2,2.3333333333333335,1.8666666666666667,0.0,0.0,0.3333333333333333,0.7333333333333333,1.0,0.4,0.0,0.0,0.0,0.0,0.0,0.0,0.06,0.06,0.28,0.28,4.0,4.8,0.0,0.26666666666666666,3.3333333333333335,1.9333333333333333,82.0,80.86666666666666,78.0,68.6,229.0,156.06666666666666,1465.6666666666667,1674.2,1827.6666666666667,1614.0,51.75,48.8,44.2,45.666666666666664,1,guard,0.04639319393652662
130910,9013,http://live.fanfooty.com.au/game/matchcentre.html?id=9013,PF,2024,999824.0,Quinton,Narkle,PA,2.0,27.0,48,13.0,21.0,30.0,6.0,1.0,2.0,1.0,0.0,0.0,1.0,0.0,0.0,Full Time,wing,%P including %K... also %M... Mostly forward,,,,0.0,,,Midfielder,42.0,6.0,50.17,0.0,0.0,0.28,0.13,,,,4.0,1.0,1.0,71.0,63.0,148.0,1.0,False,1925,1372,33.0,9013_PA,97.0,0,75.5,0,7.333333333333333,5.866666666666666,0.6666666666666666,2.2,2.0,3.066666666666667,1.0,1.2,0.0,0.0,0.3333333333333333,0.13333333333333333,0.6666666666666666,0.3333333333333333,0.0,0.5333333333333333,0.3333333333333333,0.6666666666666666,0.0,0.0,0.28,0.20533333333333334,0.13,0.09533333333333334,4.333333333333333,2.2,0.6666666666666666,0.2,1.3333333333333333,1.4,53.0,57.0,54.333333333333336,51.46666666666667,227.66666666666666,166.6,1465.6666666666667,1670.8,1827.6666666666667,1619.6666666666667,36.35,33.2,31.4,35.333333333333336,1,wing,0.022460600308973986
130913,9013,http://live.fanfooty.com.au/game/matchcentre.html?id=9013,PF,2024,1002220.0,Esava,Ratugolea,PA,1.0,22.0,32,23.0,16.0,22.0,2.0,1.0,1.0,3.0,0.0,1.0,1.0,0.0,1.0,Full Time,switch,%P and %T plus %s... In attack on McCartin... switched back in Q4,,,,0.0,,,Ruck,27.0,8.0,49.25,0.0,0.0,1.05,2.35,,,,3.0,0.0,2.0,33.0,87.0,26.0,0.0,False,1925,1372,33.0,9013_PA,97.0,0,75.5,0,4.0,5.4,3.6666666666666665,3.6666666666666665,1.3333333333333333,4.066666666666666,1.6666666666666667,2.4,1.0,0.26666666666666666,1.3333333333333333,0.9333333333333333,1.3333333333333333,1.2,0.0,0.26666666666666666,0.3333333333333333,0.4,0.0,0.0,1.05,1.05,2.35,2.35,6.666666666666667,5.066666666666666,1.0,0.3333333333333333,2.3333333333333335,2.466666666666667,57.666666666666664,72.6,85.66666666666667,88.86666666666666,122.66666666666667,135.46666666666667,1465.6666666666667,1648.8666666666666,1827.6666666666667,1642.4666666666667,57.15,49.4,47.8,45.666666666666664,1,switch,0.051489857452934586
130914,9013,http://live.fanfooty.com.au/game/matchcentre.html?id=9013,PF,2024,1004034.0,Brandon,Zerk-Thatcher,PA,1.0,10.0,25,11.0,9.0,15.0,1.0,2.0,0.0,2.0,0.0,1.0,2.0,0.0,0.0,Full Time,job,%P and %T... At FB on Amartey,,,,0.0,,,Back,25.0,0.0,0.0,0.0,0.0,0.29,0.57,,,,3.0,0.0,3.0,66.0,97.0,-5.0,1.0,False,1925,1372,33.0,9013_PA,97.0,0,75.5,0,7.333333333333333,7.4,3.6666666666666665,4.2,5.666666666666667,5.666666666666667,0.6666666666666666,1.4,0.0,0.0,1.0,0.4666666666666667,1.0,0.7333333333333333,0.0,0.0,0.0,0.0,0.0,0.0,0.29,0.29,0.57,0.57,4.666666666666667,4.733333333333333,0.0,0.26666666666666666,3.0,1.8,72.66666666666667,78.46666666666667,99.0,93.26666666666667,186.33333333333334,187.33333333333334,1465.6666666666667,1652.3333333333333,1827.6666666666667,1637.2,62.75,66.3,58.6,53.0,1,job,0.07689715551324049
130916,9014,http://live.fanfooty.com.au/game/matchcentre.html?id=9014,PF,2024,280317.0,Rhys,Stanley,GE,34.0,95.0,87,111.0,82.0,94.0,7.0,3.0,3.0,3.0,45.0,1.0,0.0,0.0,1.0,Full Time,ruck,%H... also %P and %M plus %T... %s as well... First ruck,,,,0.0,,,Ruck,1.0,15.0,81.33,0.0,0.0,0.34,0.17,,,,7.0,4.0,0.0,50.0,82.0,185.0,0.0,False,1738,1541,33.0,9014_GE,97.0,0,75.5,1,8.0,5.933333333333334,4.333333333333333,4.0,3.3333333333333335,2.466666666666667,2.0,2.3333333333333335,35.333333333333336,26.133333333333333,1.3333333333333333,1.3333333333333333,1.0,1.6666666666666667,0.6666666666666666,0.26666666666666666,0.3333333333333333,0.2,0.0,0.0,0.34,0.33533333333333337,0.17,0.17933333333333337,7.0,5.466666666666667,4.333333333333333,2.466666666666667,1.6666666666666667,3.4,64.33333333333333,65.66666666666667,83.66666666666667,76.06666666666666,209.0,161.46666666666667,1761.3333333333333,1624.1333333333334,1475.0,1655.1333333333334,70.8,68.3,88.0,90.66666666666667,1,ruck,0.199582680098158
130932,9014,http://live.fanfooty.com.au/game/matchcentre.html?id=9014,PF,2024,1012805.0,Tanner,Bruhn,GE,9.0,37.0,50,51.0,31.0,48.0,4.0,6.0,2.0,4.0,0.0,0.0,3.0,0.0,0.0,Full Time,shovel,%P and %M plus %T... gave away %F... Starting in midfield,,,,,,,Midfielder,4.0,0.0,0.0,0.0,0.35,0.48,0.61,,,,4.0,4.0,3.0,90.0,60.0,141.0,0.0,False,1738,1541,33.0,9014_GE,97.0,0,75.5,0,8.333333333333334,9.733333333333333,8.666666666666666,6.933333333333334,4.333333333333333,2.466666666666667,3.6666666666666665,3.933333333333333,0.0,0.0,1.3333333333333333,1.7333333333333334,1.6666666666666667,1.2,0.3333333333333333,0.3333333333333333,0.0,0.26666666666666666,0.35,0.35,0.48,0.48,0.61,0.61,5.666666666666667,7.466666666666667,4.333333333333333,4.8,2.0,2.8666666666666667,86.66666666666667,73.06666666666666,68.66666666666667,60.733333333333334,271.0,292.0,1761.3333333333333,1630.4666666666667,1475.0,1645.5333333333333,71.75,70.7,69.6,75.33333333333333,1,shovel,0.1643101401800728
130934,9014,http://live.fanfooty.com.au/game/matchcentre.html?id=9014,PF,2024,296291.0,Jake,Kolodjashnij,GE,3.0,34.0,41,42.0,29.0,39.0,5.0,5.0,3.0,0.0,0.0,0.0,0.0,0.0,0.0,Full Time,job,%M and %P... Playing tween defender on Hipwood,,,,0.0,,,Back,8.0,21.0,50.57,0.0,0.0,0.07,0.06,,,,2.0,0.0,2.0,70.0,89.0,220.0,0.0,False,1738,1541,33.0,9014_GE,97.0,0,75.5,0,6.333333333333333,8.4,6.0,5.133333333333334,5.0,5.933333333333334,1.0,2.0,0.0,0.0,0.3333333333333333,0.5333333333333333,0.0,0.6666666666666666,0.0,0.06666666666666667,0.0,0.0,0.0,0.0,0.07,0.07,0.06,0.06,4.333333333333333,4.666666666666667,0.0,0.4,2.0,2.1333333333333333,73.66666666666667,79.0,87.0,90.73333333333333,174.66666666666666,193.6,1761.3333333333333,1649.0,1475.0,1626.8,67.35,68.4,70.4,64.0,1,job,0.08356074550108739
130935,9014,http://live.fanfooty.com.au/game/matchcentre.html?id=9014,PF,2024,293883.0,Jed,Bews,GE,2.0,33.0,38,41.0,27.0,36.0,4.0,5.0,2.0,1.0,0.0,1.0,0.0,0.0,0.0,Full Time,harley,%M and %P... Minding Cameron,,,,0.0,,,Back,24.0,19.0,43.47,0.0,0.0,0.42,0.22,,,,6.0,0.0,1.0,77.0,82.0,157.0,1.0,False,1738,1541,33.0,9014_GE,97.0,0,75.5,0,5.0,5.666666666666667,3.3333333333333335,4.933333333333334,3.0,3.0,0.3333333333333333,1.8666666666666667,0.0,0.0,0.3333333333333333,0.26666666666666666,0.0,0.5333333333333333,0.0,0.0,0.0,0.06666666666666667,0.0,0.0,0.42,0.5399999999999999,0.22,0.28,3.0,4.266666666666667,0.0,0.4666666666666667,0.3333333333333333,1.8,83.66666666666667,75.53333333333333,71.66666666666667,79.06666666666666,156.33333333333334,161.33333333333334,1761.3333333333333,1608.5333333333333,1475.0,1669.0666666666666,44.05,45.7,41.6,34.0,1,harley,0.03319598305828807
130937,9014,http://live.fanfooty.com.au/game/matchcentre.html?id=9014,PF,2024,281065.0,Mitch,Duncan,GE,0.0,7.0,10,9.0,8.0,12.0,1.0,2.0,1.0,0.0,0.0,0.0,1.0,0.0,0.0,Full Time,wing,On early in Q4 for Holmes... %P,sub,Started as the sub,,0.0,,,Back,22.0,19.0,100.05,0.0,0.0,0.29,0.37,,,,1.0,0.0,2.0,66.0,16.0,30.0,0.0,False,1738,1541,33.0,9014_GE,97.0,0,75.5,0,6.666666666666667,12.6,5.333333333333333,5.866666666666666,2.3333333333333335,5.666666666666667,2.3333333333333335,2.2666666666666666,0.0,0.0,0.6666666666666666,0.4,0.3333333333333333,0.5333333333333333,0.0,0.13333333333333333,0.0,0.3333333333333333,0.0,0.0,0.29,0.29,0.37,0.37,3.0,3.533333333333333,1.0,0.5333333333333333,1.6666666666666667,2.066666666666667,69.33333333333333,75.73333333333333,54.333333333333336,71.26666666666667,235.0,346.4,1761.3333333333333,1655.2,1475.0,1622.0,77.65,75.7,49.0,45.333333333333336,1,wing,0.11395272869532624
130961,9015,http://live.fanfooty.com.au/game/matchcentre.html?id=9015,GF,2024,1013128.0,Errol,Gulden,SY,15.0,92.0,75,123.0,70.0,99.0,18.0,6.0,5.0,4.0,0.0,1.0,2.0,0.0,0.0,Full Time,wing,%P including %K... also %M and %T... Starting on a wing on Fletcher,,,,,,,Midfielder,21.0,0.0,0.0,0.0,19.26,21.91,16.05,,,,7.0,2.0,5.0,70.0,92.0,443.0,0.0,False,1986,1301,34.0,9015_SY,110.0,0,74.0,1,17.333333333333332,19.533333333333335,7.333333333333333,8.4,4.666666666666667,5.133333333333334,3.6666666666666665,3.7333333333333334,0.0,0.0,1.3333333333333333,1.2666666666666666,1.0,0.8,0.0,0.4666666666666667,0.0,0.6666666666666666,19.26,19.26,21.91,21.91,16.05,16.05,8.666666666666666,9.6,3.6666666666666665,4.2,4.666666666666667,4.2,66.66666666666667,64.06666666666666,89.0,89.26666666666667,454.0,535.8,1625.3333333333333,1648.4666666666667,1660.6666666666667,1636.4666666666667,106.65,102.4,97.2,94.66666666666667,1,wing,0.5039790032157487
130962,9015,http://live.fanfooty.com.au/game/matchcentre.html?id=9015,GF,2024,291848.0,Robbie,Fox,SY,20.0,88.0,124,113.0,71.0,96.0,13.0,8.0,6.0,3.0,0.0,0.0,1.0,1.0,0.0,Full Time,switch,%P and %M plus %T... %s as well... Starting in attack... switched back late in Q2 after the horse had bolted,,,,,,,Back,42.0,0.0,0.0,0.0,0.44,0.1,0.17,,,,10.0,2.0,2.0,95.0,93.0,335.0,0.0,False,1986,1301,34.0,9015_SY,110.0,1,74.0,1,5.0,6.666666666666667,3.6666666666666665,5.266666666666667,2.6666666666666665,3.8666666666666667,1.0,2.066666666666667,0.0,0.0,0.0,0.4666666666666667,0.3333333333333333,0.4,0.3333333333333333,0.26666666666666666,0.0,0.06666666666666667,0.44,0.44,0.1,0.1,0.17,0.17,3.6666666666666665,3.7333333333333334,0.6666666666666666,0.3333333333333333,0.6666666666666666,1.6666666666666667,76.0,76.13333333333334,44.333333333333336,73.06666666666666,118.66666666666667,150.8,1678.0,1679.2,1602.3333333333333,1607.0,53.85,50.6,38.6,44.666666666666664,1,switch,0.034939217300069735
130973,9015,http://live.fanfooty.com.au/game/matchcentre.html?id=9015,GF,2024,1003203.0,Hayden,McLean,SY,5.0,43.0,30,55.0,37.0,46.0,4.0,3.0,4.0,2.0,6.0,1.0,1.0,0.0,1.0,Full Time,ruckfwd,%s from %P and %M plus %T... Playing a forward/ruck role on Andrews,,,,,,,Forward,2.0,0.0,0.0,0.0,1.15,0.71,0.62,,,,2.0,2.0,2.0,71.0,77.0,94.0,0.0,False,1986,1301,34.0,9015_SY,110.0,0,74.0,0,5.333333333333333,6.666666666666667,5.0,4.266666666666667,4.666666666666667,4.4,1.3333333333333333,2.2,4.666666666666667,6.333333333333333,1.0,1.0666666666666667,1.6666666666666667,0.8666666666666667,0.3333333333333333,0.9333333333333333,0.6666666666666666,0.6,1.15,1.15,0.71,0.71,0.62,0.62,4.0,5.133333333333334,1.3333333333333333,0.8,3.0,2.2666666666666666,82.0,72.53333333333333,72.0,76.6,149.33333333333334,135.2,1625.3333333333333,1648.4666666666667,1660.6666666666667,1636.4666666666667,67.35,64.2,59.0,51.333333333333336,1,ruckfwd,0.07191501525092284
130976,9015,http://live.fanfooty.com.au/game/matchcentre.html?id=9015,GF,2024,291978.0,Harry,Cunningham,SY,3.0,33.0,32,44.0,31.0,42.0,4.0,4.0,5.0,1.0,0.0,0.0,2.0,0.0,0.0,Full Time,harley,%M and %P... The big job on Cameron,,,,,,,Back,7.0,0.0,0.0,0.0,0.35,0.15,0.13,,,,2.0,0.0,2.0,87.0,85.0,27.0,0.0,False,1986,1301,34.0,9015_SY,110.0,0,74.0,0,8.0,7.866666666666666,4.0,3.6,7.0,5.0,4.333333333333333,2.1333333333333333,0.0,0.0,0.3333333333333333,0.2,0.6666666666666666,0.7333333333333333,0.0,0.06666666666666667,0.0,0.0,0.35,0.35,0.15,0.15,0.13,0.13,2.0,2.6666666666666665,0.0,0.2,0.6666666666666666,1.2666666666666666,90.66666666666667,81.4,92.0,82.46666666666667,144.0,159.26666666666668,1625.3333333333333,1645.8666666666666,1660.6666666666667,1638.7333333333333,55.35,56.4,64.8,64.0,1,harley,0.0672744310819869
130982,9015,http://live.fanfooty.com.au/game/matchcentre.html?id=9015,GF,2024,1013230.0,Logan,McDonald,SY,0.0,6.0,6,8.0,5.0,6.0,1.0,0.0,1.0,0.0,0.0,0.0,0.0,0.0,0.0,Full Time,injured,Limping on the left ankle he injured last week to start Q3... quickly subbed off for Campbell,subbed,Starting forward on Lester,,,,,Forward,6.0,0.0,0.0,0.0,0.35,0.19,0.33,,,,0.0,0.0,0.0,100.0,32.0,6.0,1.0,True,1986,1301,34.0,9015_SY,110.0,0,74.0,0,6.0,7.266666666666667,1.3333333333333333,2.8666666666666667,4.0,4.666666666666667,0.6666666666666666,1.4666666666666666,0.0,0.2,1.0,0.6,0.3333333333333333,0.3333333333333333,1.0,1.2,0.6666666666666666,0.6666666666666666,0.35,0.35,0.19,0.19,0.33,0.33,2.6666666666666665,3.4,0.6666666666666666,0.26666666666666666,1.0,1.5333333333333334,84.0,73.73333333333333,58.333333333333336,81.0,134.0,182.8,1625.3333333333333,1648.4666666666667,1660.6666666666667,1636.4666666666667,59.6,58.2,56.4,49.0,1,injured,0.06756570446257007
130989,9015,http://live.fanfooty.com.au/game/matchcentre.html?id=9015,GF,2024,1014026.0,Kai,Lohmann,BL,27.0,93.0,110,82.0,77.0,96.0,8.0,7.0,5.0,4.0,0.0,0.0,0.0,4.0,0.0,Full Time,x-factor,His early goals busted the game open... %s from %P and %M plus %T,wing,Starting at half forward,,,,,Forward,1.0,0.0,0.0,0.0,0.53,0.8,1.08,,,,6.0,0.0,1.0,80.0,75.0,209.0,1.0,False,1301,1986,34.0,9015_BL,110.0,1,74.0,1,9.666666666666666,7.466666666666667,3.6666666666666665,5.0,4.0,3.933333333333333,3.3333333333333335,3.0,0.0,0.0,0.6666666666666666,0.4666666666666667,1.0,1.0666666666666667,2.3333333333333335,1.4,1.0,1.1333333333333333,0.53,0.53,0.8,0.8,1.08,1.08,5.0,5.4,0.6666666666666666,0.8,2.3333333333333335,2.4,67.33333333333333,72.0,74.0,76.26666666666667,238.33333333333334,201.66666666666666,1762.3333333333333,1728.7333333333333,1523.3333333333333,1555.4666666666667,79.6,78.1,81.8,80.33333333333333,1,x-factor,0.24579809984293227
130993,9015,http://live.fanfooty.com.au/game/matchcentre.html?id=9015,GF,2024,294518.0,Joe,Daniher,BL,20.0,83.0,116,48.0,72.0,92.0,15.0,1.0,8.0,1.0,1.0,0.0,3.0,2.0,4.0,Full Time,pelican,%s from %P and %M... gave away %F... Playing a forward/ruck role on Melican,,,,0.0,,,Forward,3.0,7.0,63.86,0.0,0.0,0.54,0.75,,,,9.0,4.0,4.0,56.0,100.0,394.0,0.0,False,1301,1986,34.0,9015_BL,110.0,1,74.0,1,11.666666666666666,11.266666666666667,2.3333333333333335,3.533333333333333,6.333333333333333,6.133333333333334,1.3333333333333333,0.9333333333333333,3.3333333333333335,1.5333333333333334,1.0,0.8,1.6666666666666667,1.1333333333333333,2.0,2.4,1.6666666666666667,1.8,0.0,0.0,0.54,0.54,0.75,0.75,7.0,5.533333333333333,2.3333333333333335,1.3333333333333333,4.666666666666667,3.1333333333333333,57.0,57.86666666666667,100.0,99.2,301.3333333333333,340.8,1762.3333333333333,1728.7333333333333,1523.3333333333333,1555.4666666666667,85.7,80.1,85.2,93.33333333333333,1,pelican,0.2051366331367319
130995,9015,http://live.fanfooty.com.au/game/matchcentre.html?id=9015,GF,2024,990609.0,Charlie,Cameron,BL,15.0,78.0,62,49.0,61.0,74.0,13.0,1.0,6.0,2.0,0.0,3.0,0.0,1.0,2.0,Full Time,pocket,%s from %P and %M plus %T... aided by %4FF... Starting forward on Cunningham,,,,0.0,,,Forward,23.0,11.0,65.09,0.0,0.0,0.75,1.45,,,,5.0,0.0,5.0,50.0,83.0,171.0,0.0,False,1301,1986,34.0,9015_BL,110.0,0,74.0,0,10.666666666666666,8.733333333333333,1.6666666666666667,1.8666666666666667,4.666666666666667,3.8666666666666667,2.0,1.6666666666666667,0.0,0.0,1.3333333333333333,0.6666666666666666,0.3333333333333333,0.5333333333333333,1.6666666666666667,1.7333333333333334,1.0,0.8666666666666667,0.0,0.0,0.75,0.75,1.45,1.45,3.0,2.933333333333333,1.0,0.4,2.6666666666666665,2.2666666666666666,53.666666666666664,61.266666666666666,84.0,80.26666666666667,196.66666666666666,203.66666666666666,1762.3333333333333,1728.7333333333333,1523.3333333333333,1555.4666666666667,59.0,60.2,64.6,61.666666666666664,1,pocket,0.06095241045723713
131026,9202,http://live.fanfooty.com.au/game/matchcentre.html?id=9202,R0,2025,291776.0,Taylor,Adams,SY,8.0,32.0,36,39.0,30.0,39.0,4.0,4.0,3.0,0.0,0.0,0.0,1.0,1.0,0.0,Full Time,sore,Right hamstring tightness after a Scrimshaw tackle in Q4... %P and %M plus %s,pocket,Starting forward,706000.0,0.0,437200.0,,Midfielder,3.0,18.0,95.17,0.0,0.0,14.21,28.01,691000.0,,,3.0,1.0,3.0,75.0,54.0,106.0,1.0,True,1700,1586,1.0,9202_SY,97.60000000000001,0,66.0,0,4.666666666666667,7.933333333333334,8.333333333333334,9.133333333333333,2.6666666666666665,3.0,2.6666666666666665,3.4,0.0,0.0,0.3333333333333333,0.8,0.6666666666666666,0.9333333333333333,0.3333333333333333,0.5333333333333333,0.0,0.26666666666666666,0.0,0.0,14.21,14.21,28.01,28.01,5.666666666666667,7.2,2.0,2.4,2.3333333333333335,3.066666666666667,73.66666666666667,66.33333333333333,57.0,69.26666666666667,69.66666666666667,190.93333333333334,1660.0,1667.3333333333333,1620.3333333333333,1617.7333333333333,68.6,61.3,49.2,53.666666666666664,1,sore,0.10660688171045896
131043,9202,http://live.fanfooty.com.au/game/matchcentre.html?id=9202,R0,2025,1002222.0,James,Worpel,HW,4.0,49.0,52,36.0,36.0,49.0,7.0,4.0,2.0,3.0,0.0,1.0,0.0,0.0,1.0,Full Time,injured,Came off injured just before HT and was subbed off for Frost... moon boot on right foot... %P and %M plus %T... %s as well,subbed,Playing inside midfield,796100.0,0.0,502700.0,,Midfielder,5.0,8.0,67.38,0.0,0.0,0.25,0.46,779000.0,,,6.0,5.0,2.0,45.0,44.0,268.0,1.0,True,1586,1700,1.0,9202_HW,97.60000000000001,0,66.0,0,9.666666666666666,10.866666666666667,6.666666666666667,10.333333333333334,2.3333333333333335,2.2,4.666666666666667,4.4,0.0,0.0,1.0,0.5333333333333333,1.3333333333333333,1.2666666666666666,0.0,0.26666666666666666,1.0,0.6,0.0,0.0,0.25,0.25,0.46,0.46,8.666666666666666,9.733333333333333,5.333333333333333,5.066666666666666,3.6666666666666665,3.533333333333333,53.333333333333336,62.2,65.33333333333333,73.33333333333333,334.3333333333333,336.53333333333336,1765.0,1753.8,1526.6666666666667,1533.7333333333333,83.3,76.3,72.8,68.33333333333333,1,injured,0.20624792493405492
131095,9205,http://live.fanfooty.com.au/game/matchcentre.html?id=9205,R1,2025,298174.0,Toby,Nankervis,RI,46.0,123.0,114,152.0,108.0,140.0,13.0,8.0,4.0,6.0,35.0,0.0,5.0,2.0,0.0,Full Time,hot,%H... also %P and %M plus %T... %s as well... not helped by %F,ruck,First ruck,943800.0,,583100.0,,Ruck,25.0,0.0,0.0,0.0,0.22,0.31,1.1,923000.0,,,13.0,7.0,7.0,71.0,85.0,329.0,0.0,False,1657,1619,2.0,9205_RI,98.0,1,73.0,1,9.0,7.866666666666666,9.0,8.533333333333333,4.666666666666667,3.466666666666667,6.0,5.2,28.333333333333332,35.8,1.0,1.4666666666666666,2.6666666666666665,1.5333333333333334,0.6666666666666666,0.26666666666666666,0.0,0.26666666666666666,0.22,0.22,0.31,0.31,1.1,1.1,10.0,10.133333333333333,4.333333333333333,4.533333333333333,5.333333333333333,4.066666666666666,72.0,66.8,81.33333333333333,79.86666666666666,189.66666666666666,165.4,1521.3333333333333,1475.9333333333334,1722.0,1798.8,109.8,113.2,111.2,106.33333333333333,1,hot,0.6834151628885469
131096,9205,http://live.fanfooty.com.au/game/matchcentre.html?id=9205,R1,2025,1006133.0,Jack,Ross,RI,27.0,114.0,134,141.0,92.0,123.0,14.0,14.0,5.0,4.0,0.0,1.0,0.0,2.0,0.0,Full Time,hot,Sensational Q3 as the Tigers surged... %P and %M plus %T... %s as well,shovel,Starting on ball,660600.0,,417400.0,,Midfielder,5.0,0.0,0.0,0.0,0.04,0.07,0.09,646000.0,,,11.0,7.0,1.0,82.0,79.0,591.0,0.0,False,1657,1619,2.0,9205_RI,98.0,1,73.0,1,9.666666666666666,9.4,10.666666666666666,9.666666666666666,4.666666666666667,4.266666666666667,3.6666666666666665,2.066666666666667,0.0,0.0,0.6666666666666666,0.4,0.0,0.13333333333333333,0.6666666666666666,0.4,0.0,0.06666666666666667,0.04,0.096,0.07,0.084,0.09,0.09466666666666668,8.333333333333334,7.133333333333334,5.0,2.8666666666666667,1.6666666666666667,1.8,69.66666666666667,75.66666666666667,76.33333333333333,77.66666666666667,400.3333333333333,356.53333333333336,1521.3333333333333,1549.0,1722.0,1730.6,77.5,75.1,82.4,84.66666666666667,1,hot,0.26355131187258557
131097,9205,http://live.fanfooty.com.au/game/matchcentre.html?id=9205,R1,2025,1009226.0,Thomson,Dow,RI,25.0,95.0,100,123.0,68.0,97.0,9.0,13.0,1.0,9.0,0.0,2.0,0.0,0.0,1.0,Full Time,shovel,%P and %T plus %s... Rotating in midfield,,,406100.0,,254800.0,,Midfielder,27.0,0.0,0.0,0.0,0.22,0.82,0.58,407000.0,,,11.0,4.0,5.0,59.0,79.0,297.0,0.0,False,1657,1619,2.0,9205_RI,98.0,1,73.0,1,5.333333333333333,5.733333333333333,10.333333333333334,11.2,1.6666666666666667,1.8666666666666667,3.6666666666666665,2.933333333333333,0.0,0.0,1.3333333333333333,0.9333333333333333,0.0,0.3333333333333333,0.0,0.0,0.3333333333333333,0.13333333333333333,0.22,0.22,0.82,0.82,0.58,0.58,7.333333333333333,8.466666666666667,2.6666666666666665,3.6666666666666665,3.0,2.3333333333333335,66.66666666666667,70.93333333333334,57.333333333333336,68.66666666666667,137.66666666666666,160.0,1541.3333333333333,1506.8666666666666,1728.6666666666667,1776.4,62.05,64.5,57.2,58.333333333333336,1,shovel,0.10958453068648241
131098,9205,http://live.fanfooty.com.au/game/matchcentre.html?id=9205,R1,2025,998172.0,Tim,Taranto,RI,14.0,89.0,69,110.0,69.0,102.0,14.0,16.0,1.0,3.0,0.0,0.0,0.0,0.0,0.0,Full Time,shovel,%P and %T... Starting in midfield,,,1036900.0,0.0,596100.0,,Midfielder,14.0,20.0,91.15,0.0,0.0,1.95,3.16,1015000.0,,,13.0,8.0,7.0,50.0,88.0,389.0,0.0,False,1657,1619,2.0,9205_RI,98.0,0,73.0,0,11.333333333333334,12.4,13.0,12.6,1.6666666666666667,3.066666666666667,2.6666666666666665,4.6,0.0,0.0,0.3333333333333333,1.1333333333333333,0.0,0.8,0.0,0.4,1.0,0.6666666666666666,0.0,0.384,1.95,1.95,3.16,3.16,10.666666666666666,11.533333333333333,7.333333333333333,5.866666666666666,4.333333333333333,4.2,58.666666666666664,63.6,80.33333333333333,80.6,272.3333333333333,325.93333333333334,1501.3333333333333,1512.2666666666667,1774.0,1768.6,90.0,90.8,73.6,71.0,1,shovel,0.41465963534292943
131099,9205,http://live.fanfooty.com.au/game/matchcentre.html?id=9205,R1,2025,294674.0,Nick,Vlastuin,RI,15.0,85.0,101,115.0,69.0,93.0,18.0,3.0,8.0,2.0,0.0,2.0,3.0,0.0,0.0,Full Time,guard,%P including %K... also %M and %T... not helped by %F... Starting in defence,,,749300.0,,514700.0,,Back,1.0,0.0,0.0,0.0,0.09,0.11,0.2,733000.0,,,5.0,0.0,4.0,81.0,87.0,521.0,0.0,False,1657,1619,2.0,9205_RI,98.0,1,73.0,1,19.666666666666668,13.8,4.0,5.733333333333333,8.666666666666666,6.4,1.3333333333333333,2.1333333333333333,0.0,0.0,1.3333333333333333,1.2666666666666666,1.3333333333333333,1.4666666666666666,0.0,0.0,0.0,0.0,0.09,0.09,0.11,0.11,0.2,0.2,5.333333333333333,5.666666666666667,0.3333333333333333,0.4,2.6666666666666665,3.2666666666666666,86.66666666666667,81.73333333333333,88.0,86.8,494.6666666666667,387.1333333333333,1521.3333333333333,1481.7333333333333,1722.0,1791.8,89.35,93.1,91.8,102.66666666666667,1,guard,0.38665005451274276
131100,9205,http://live.fanfooty.com.au/game/matchcentre.html?id=9205,R1,2025,992049.0,Jayden,Short,RI,14.0,85.0,83,114.0,61.0,84.0,16.0,3.0,5.0,4.0,0.0,0.0,0.0,0.0,0.0,Full Time,guard,%P including %K... also %M and %T... Starting on a HBF,,,853700.0,,551200.0,,Midfielder,15.0,0.0,0.0,0.0,4.96,0.98,1.64,835000.0,,,3.0,2.0,0.0,89.0,91.0,589.0,0.0,False,1657,1619,2.0,9205_RI,98.0,0,73.0,1,20.0,17.8,4.333333333333333,5.2,5.333333333333333,4.933333333333334,2.3333333333333335,1.2,0.0,0.0,0.3333333333333333,0.4666666666666667,0.0,0.26666666666666666,0.0,0.0,0.0,0.06666666666666667,4.96,4.96,0.98,0.98,1.64,1.64,4.0,3.533333333333333,1.0,0.7333333333333333,1.0,2.3333333333333335,90.33333333333333,81.53333333333333,83.0,79.0,477.6666666666667,475.8666666666667,1521.3333333333333,1489.8666666666666,1722.0,1784.6,82.8,86.4,90.6,95.66666666666667,1,guard,0.2804521627626927
131101,9205,http://live.fanfooty.com.au/game/matchcentre.html?id=9205,R1,2025,993903.0,Jacob,Hopper,RI,26.0,81.0,82,102.0,66.0,96.0,7.0,15.0,2.0,6.0,0.0,0.0,2.0,1.0,0.0,Full Time,shovel,%P and %M plus %T... %s as well... Starting in midfield,,,745200.0,0.0,439400.0,,Midfielder,2.0,18.0,80.56,0.0,0.0,0.54,0.61,729000.0,,,7.0,3.0,4.0,72.0,79.0,186.0,0.0,False,1657,1619,2.0,9205_RI,98.0,0,73.0,1,9.333333333333334,10.466666666666667,12.0,12.933333333333334,2.6666666666666665,3.7333333333333334,5.333333333333333,3.466666666666667,0.0,0.0,1.0,1.0666666666666667,2.6666666666666665,1.2666666666666666,0.6666666666666666,0.26666666666666666,0.6666666666666666,0.26666666666666666,0.0,0.06533333333333333,0.54,6.773333333333334,0.61,0.9166666666666666,9.333333333333334,9.333333333333334,6.0,3.8,4.666666666666667,4.0,64.33333333333333,64.0,77.66666666666667,75.0,259.0,292.1333333333333,1521.3333333333333,1515.2,1722.0,1760.7333333333333,80.4,80.9,75.2,77.33333333333333,1,shovel,0.26298856516017477
131102,9205,http://live.fanfooty.com.au/game/matchcentre.html?id=9205,R1,2025,294592.0,Kamdyn,McIntosh,RI,13.0,70.0,64,91.0,52.0,73.0,8.0,8.0,3.0,5.0,1.0,0.0,0.0,0.0,0.0,Full Time,tagger,%P and %M plus %T... Tagging Cripps,,,551200.0,,307900.0,,Midfielder,33.0,0.0,0.0,0.0,0.27,0.25,0.2,539000.0,,,8.0,4.0,3.0,68.0,79.0,304.0,0.0,False,1657,1619,2.0,9205_RI,98.0,0,73.0,0,8.0,8.333333333333334,5.333333333333333,4.0,3.0,3.533333333333333,3.0,1.9333333333333333,0.3333333333333333,0.06666666666666667,0.3333333333333333,0.4666666666666667,1.0,0.8,0.0,0.4,0.0,0.4,0.27,0.27,0.25,0.25,0.2,0.2,5.0,3.8666666666666667,1.6666666666666667,1.1333333333333333,3.0,2.3333333333333335,72.0,71.26666666666667,65.66666666666667,74.86666666666666,262.6666666666667,237.2,1521.3333333333333,1489.4,1722.0,1785.3333333333333,47.75,52.3,51.6,51.0,1,tagger,0.04676567034463463
131104,9205,http://live.fanfooty.com.au/game/matchcentre.html?id=9205,R1,2025,1013197.0,Sam,Banks,RI,8.0,64.0,75,79.0,50.0,72.0,10.0,11.0,1.0,2.0,0.0,1.0,0.0,0.0,0.0,Full Time,wing,%P and %T... Running on the outside against Acres,,,429100.0,,271600.0,,Back,41.0,0.0,0.0,0.0,0.09,0.13,0.23,411000.0,,,6.0,2.0,1.0,71.0,80.0,232.0,0.0,False,1657,1619,2.0,9205_RI,98.0,0,73.0,1,8.0,7.866666666666666,7.333333333333333,5.133333333333334,1.6666666666666667,2.3333333333333335,1.6666666666666667,1.5333333333333334,0.0,0.0,1.0,0.5333333333333333,0.0,0.4666666666666667,0.0,0.06666666666666667,0.0,0.13333333333333333,0.09,0.09,0.13,0.13,0.23,0.23,5.0,3.933333333333333,1.6666666666666667,1.4,1.0,1.5333333333333334,74.66666666666667,75.33333333333333,70.33333333333333,65.86666666666666,198.66666666666666,237.6,1521.3333333333333,1487.2666666666667,1722.0,1786.6666666666667,52.35,58.2,66.6,57.666666666666664,1,wing,0.055749727287378044
131107,9205,http://live.fanfooty.com.au/game/matchcentre.html?id=9205,R1,2025,1002403.0,Ben,Miller,RI,8.0,59.0,99,77.0,47.0,60.0,10.0,3.0,6.0,1.0,0.0,1.0,0.0,0.0,0.0,Full Time,job,%P including %K... also %M... In defence on Kemp then moved to McKay in Q3,,,418900.0,,328900.0,,Back,12.0,0.0,0.0,0.0,0.31,0.21,0.36,410000.0,,,7.0,0.0,0.0,84.0,100.0,333.0,0.0,False,1657,1619,2.0,9205_RI,98.0,1,73.0,1,8.333333333333334,8.4,3.3333333333333335,3.7333333333333334,5.666666666666667,5.533333333333333,1.0,1.4,0.0,0.0,0.6666666666666666,0.4666666666666667,0.3333333333333333,0.7333333333333333,0.0,0.0,0.0,0.0,0.31,0.31,0.21,0.21,0.36,0.36,4.0,3.2,0.0,0.06666666666666667,0.3333333333333333,1.4666666666666666,88.0,86.33333333333333,97.66666666666667,95.6,267.6666666666667,243.46666666666667,1521.3333333333333,1489.8666666666666,1722.0,1784.6,72.85,69.3,61.8,71.66666666666667,1,job,0.12736419587793874
131108,9205,http://live.fanfooty.com.au/game/matchcentre.html?id=9205,R1,2025,1023275.0,Seth,Campbell,RI,20.0,59.0,68,76.0,42.0,57.0,3.0,5.0,0.0,7.0,0.0,0.0,0.0,2.0,0.0,Full Time,pocket,%s from %P and %T... Rotating forward,,,195400.0,,123900.0,,Forward,44.0,0.0,0.0,0.0,0.09,0.08,0.19,200000.0,,,3.0,1.0,2.0,87.0,75.0,86.0,0.0,False,1657,1619,2.0,9205_RI,98.0,0,73.0,0,5.666666666666667,6.333333333333333,5.0,4.533333333333333,1.0,2.6666666666666665,3.3333333333333335,2.4,0.0,0.0,0.6666666666666666,0.4666666666666667,0.3333333333333333,0.4666666666666667,0.6666666666666666,0.6,0.3333333333333333,0.6666666666666666,0.09,0.09,0.08,0.08,0.19,0.19,5.0,4.0,1.0,0.8,1.6666666666666667,1.8666666666666667,73.0,68.13333333333334,77.0,80.4,180.66666666666666,189.53333333333333,1521.3333333333333,1492.0,1722.0,1781.8666666666666,51.1,49.7,52.8,58.666666666666664,1,pocket,0.04429743103544785
131110,9205,http://live.fanfooty.com.au/game/matchcentre.html?id=9205,R1,2025,1017086.0,Tom,Brown,RI,15.0,55.0,84,72.0,40.0,54.0,7.0,3.0,2.0,4.0,0.0,0.0,0.0,1.0,0.0,Full Time,guard,%P and %M plus %T... %s as well... In defence,,,228900.0,,154200.0,,Back,30.0,0.0,0.0,0.0,1.55,1.54,0.25,409000.0,,,4.0,0.0,2.0,90.0,80.0,328.0,0.0,False,1657,1619,2.0,9205_RI,98.0,0,73.0,1,6.666666666666667,8.266666666666667,2.0,4.2,3.3333333333333335,3.8666666666666667,1.3333333333333333,0.8666666666666667,0.0,0.0,0.0,0.13333333333333333,0.0,0.3333333333333333,1.6666666666666667,0.3333333333333333,0.6666666666666666,0.26666666666666666,1.55,1.55,1.54,1.54,0.25,0.25,3.0,4.533333333333333,0.0,0.3333333333333333,2.3333333333333335,2.0,63.333333333333336,73.13333333333334,77.33333333333333,79.6,217.0,248.26666666666668,1538.6666666666667,1487.8666666666666,1738.3333333333333,1796.4666666666667,58.1,54.9,51.8,55.666666666666664,1,guard,0.05975191830623714
131111,9205,http://live.fanfooty.com.au/game/matchcentre.html?id=9205,R1,2025,293813.0,Tom J.,Lynch,RI,10.0,51.0,61,62.0,46.0,60.0,5.0,8.0,4.0,1.0,0.0,1.0,1.0,1.0,0.0,Full Time,mrp,High bump on De Koning in Q2 will be assessed... %s from %P and %M,spearhead,Up forward on Weitering,382100.0,0.0,287300.0,,Forward,19.0,10.0,67.1,0.0,0.0,16.28,1.3,563000.0,,,8.0,0.0,3.0,69.0,87.0,162.0,0.0,False,1657,1619,2.0,9205_RI,98.0,0,73.0,0,5.666666666666667,8.4,3.6666666666666665,2.7333333333333334,4.0,5.466666666666667,0.3333333333333333,0.8666666666666667,0.3333333333333333,0.2,1.3333333333333333,1.5333333333333334,0.6666666666666666,1.2666666666666666,1.3333333333333333,2.8,0.6666666666666666,1.1333333333333333,0.0,0.604,16.28,5.666666666666667,1.3,0.7373333333333334,5.333333333333333,6.8,0.0,0.26666666666666666,2.0,3.1333333333333333,69.0,64.33333333333333,80.0,86.0,178.0,211.86666666666667,1630.0,1637.7333333333333,1648.0,1637.6,83.9,56.8,46.2,52.333333333333336,1,mrp,0.2868006186513899
131112,9205,http://live.fanfooty.com.au/game/matchcentre.html?id=9205,R1,2025,295203.0,Nathan,Broad,RI,4.0,44.0,51,60.0,34.0,48.0,8.0,3.0,2.0,3.0,0.0,2.0,2.0,0.0,0.0,Full Time,guard,%P including %K... also %T and %M... Minding Williams,,,617400.0,0.0,445600.0,,Back,35.0,15.0,47.93,0.0,0.0,0.05,0.1,604000.0,,,5.0,0.0,5.0,81.0,88.0,191.0,0.0,False,1657,1619,2.0,9205_RI,98.0,0,73.0,0,9.333333333333334,9.8,5.0,5.0,5.0,6.466666666666667,2.0,1.2,0.0,0.0,1.0,0.5333333333333333,0.6666666666666666,0.8,0.0,0.06666666666666667,0.0,0.0,0.0,0.0,0.05,0.05,0.1,0.1,3.3333333333333335,3.4,0.0,0.26666666666666666,2.3333333333333335,2.1333333333333333,76.0,81.46666666666667,89.33333333333333,91.66666666666667,184.66666666666666,198.4,1521.3333333333333,1489.8666666666666,1722.0,1784.6,67.35,69.8,65.0,63.666666666666664,1,guard,0.11561619565509833
131113,9205,http://live.fanfooty.com.au/game/matchcentre.html?id=9205,R1,2025,1008478.0,Rhyan,Mansell,RI,9.0,42.0,69,52.0,33.0,45.0,5.0,5.0,1.0,2.0,0.0,0.0,0.0,1.0,0.0,Full Time,wing,%P and %T plus %s... Playing a pressure forward role,,,380600.0,,226200.0,,Back,7.0,0.0,0.0,0.0,0.09,0.19,0.12,372000.0,,,6.0,0.0,0.0,100.0,79.0,186.0,0.0,False,1657,1619,2.0,9205_RI,98.0,0,73.0,0,5.666666666666667,7.133333333333334,4.0,3.066666666666667,2.0,3.066666666666667,2.6666666666666665,3.3333333333333335,0.0,0.0,1.0,0.7333333333333333,0.3333333333333333,0.5333333333333333,1.3333333333333333,1.2666666666666666,0.0,0.4666666666666667,0.09,0.09,0.19,0.19,0.12,0.12,5.0,4.266666666666667,0.3333333333333333,0.2,2.3333333333333335,1.8666666666666667,74.33333333333333,68.66666666666667,79.66666666666667,78.2,165.33333333333334,208.66666666666666,1521.3333333333333,1471.9333333333334,1722.0,1802.4,62.55,63.7,57.6,57.0,1,wing,0.07759378560993872
131116,9205,http://live.fanfooty.com.au/game/matchcentre.html?id=9205,R1,2025,1017114.0,Tyler,Sonsie,RI,2.0,28.0,30,35.0,24.0,30.0,4.0,3.0,3.0,0.0,0.0,1.0,0.0,0.0,0.0,Full Time,wing,On in Q3 for Blight... %P and %M,sub,Started as the sub,263300.0,,150900.0,,Midfielder,40.0,0.0,0.0,0.0,0.4,0.88,0.05,447000.0,,,3.0,0.0,1.0,85.0,26.0,98.0,1.0,False,1657,1619,2.0,9205_RI,98.0,0,73.0,0,5.666666666666667,6.666666666666667,3.6666666666666665,4.8,2.0,2.7333333333333334,1.3333333333333333,1.0666666666666667,0.0,0.0,0.3333333333333333,0.4,0.0,0.3333333333333333,0.0,0.26666666666666666,0.6666666666666666,0.5333333333333333,0.4,0.39133333333333337,0.88,0.8466666666666668,0.05,0.08333333333333333,3.6666666666666665,3.6666666666666665,0.6666666666666666,1.0666666666666667,2.0,2.1333333333333333,67.0,66.0,54.333333333333336,70.33333333333333,130.66666666666666,172.53333333333333,1555.0,1501.2666666666667,1726.0,1784.2666666666667,42.4,38.4,33.8,29.666666666666668,1,wing,0.028922420997987353
131118,9205,http://live.fanfooty.com.au/game/matchcentre.html?id=9205,R1,2025,1004912.0,Tom,De Koning,CA,32.0,132.0,148,106.0,109.0,138.0,13.0,15.0,3.0,5.0,30.0,4.0,0.0,0.0,0.0,Full Time,hot,%H... also %P and %T... aided by %4FF,ruck,First ruck,611400.0,0.0,411800.0,,Ruck,12.0,1.0,58.0,0.0,0.0,1.56,2.06,598000.0,,,18.0,8.0,2.0,60.0,81.0,509.0,0.0,False,1619,1657,2.0,9205_CA,98.0,1,73.0,1,9.666666666666666,9.333333333333334,8.333333333333334,8.333333333333334,2.3333333333333335,3.533333333333333,3.0,3.1333333333333333,19.666666666666668,18.266666666666666,2.6666666666666665,1.2666666666666666,1.0,0.8666666666666667,0.0,0.5333333333333333,0.0,0.4666666666666667,0.0,0.0,1.56,1.56,2.06,2.06,12.0,11.533333333333333,6.333333333333333,5.733333333333333,2.3333333333333335,2.933333333333333,64.66666666666667,62.333333333333336,66.66666666666667,74.2,383.3333333333333,307.1333333333333,1611.6666666666667,1658.4,1661.3333333333333,1622.8666666666666,99.35,112.8,101.4,94.66666666666667,1,hot,0.521867294231215
131119,9205,http://live.fanfooty.com.au/game/matchcentre.html?id=9205,R1,2025,990704.0,Patrick,Cripps,CA,20.0,102.0,120,84.0,84.0,120.0,10.0,22.0,2.0,5.0,2.0,2.0,1.0,0.0,1.0,Full Time,hot,Tagged by McIntosh... %P and %M plus %T... %s as well,shovel,Playing inside midfield,814800.0,0.0,545000.0,,Midfielder,9.0,21.0,108.81,0.0,0.0,1.77,2.39,798000.0,,,15.0,9.0,3.0,71.0,80.0,216.0,0.0,False,1619,1657,2.0,9205_CA,98.0,1,73.0,1,11.0,11.4,20.0,18.666666666666668,2.3333333333333335,2.3333333333333335,5.666666666666667,5.333333333333333,1.0,1.2,2.0,1.8666666666666667,1.6666666666666667,2.4,0.3333333333333333,0.6666666666666666,0.3333333333333333,0.3333333333333333,0.0,0.0,1.77,1.77,2.39,2.39,16.333333333333332,16.133333333333333,7.666666666666667,9.2,5.666666666666667,5.133333333333334,71.66666666666667,69.8,85.33333333333333,84.0,245.0,363.46666666666664,1621.0,1676.0,1640.0,1606.4666666666667,112.95,116.6,116.4,118.0,1,hot,0.7296111685822907
131120,9205,http://live.fanfooty.com.au/game/matchcentre.html?id=9205,R1,2025,294036.0,George,Hewett,CA,31.0,101.0,94,83.0,73.0,105.0,12.0,13.0,2.0,8.0,0.0,1.0,0.0,0.0,0.0,Full Time,hot,%P and %M plus %T,shovel,Doing jobs in midfield,683400.0,,440000.0,,Midfielder,29.0,0.0,0.0,0.0,0.93,0.47,1.27,669000.0,,,10.0,3.0,4.0,56.0,69.0,333.0,1.0,False,1619,1657,2.0,9205_CA,98.0,0,73.0,1,15.0,11.4,15.0,13.0,4.0,3.1333333333333333,5.666666666666667,4.733333333333333,0.0,0.0,1.0,1.2,1.3333333333333333,1.1333333333333333,0.6666666666666666,0.4,0.0,0.06666666666666667,0.93,0.93,0.47,0.47,1.27,1.27,9.0,10.733333333333333,3.3333333333333335,5.066666666666666,3.3333333333333335,3.4,74.66666666666667,70.13333333333334,77.66666666666667,74.6,469.3333333333333,282.3333333333333,1621.0,1665.4666666666667,1640.0,1613.0666666666666,98.15,109.6,106.0,114.66666666666667,1,hot,0.5812313982409252
131121,9205,http://live.fanfooty.com.au/game/matchcentre.html?id=9205,R1,2025,1002239.0,Adam,Cerra,CA,25.0,97.0,106,70.0,73.0,105.0,14.0,12.0,3.0,6.0,0.0,1.0,1.0,0.0,0.0,Full Time,shovel,%P and %M plus %T... Starting on ball,,,891800.0,0.0,605400.0,,Midfielder,5.0,20.0,59.5,0.0,0.0,0.8,0.65,872000.0,,,12.0,5.0,3.0,65.0,83.0,379.0,0.0,False,1619,1657,2.0,9205_CA,98.0,1,73.0,1,10.0,10.733333333333333,7.0,9.133333333333333,3.0,2.466666666666667,3.6666666666666665,3.8666666666666667,0.0,0.0,0.6666666666666666,0.9333333333333333,0.3333333333333333,0.6666666666666666,0.0,0.26666666666666666,0.0,0.26666666666666666,0.0,0.1,0.8,0.8119999999999999,0.65,0.802,5.0,7.733333333333333,3.3333333333333335,3.2,1.0,2.466666666666667,76.0,72.06666666666666,58.333333333333336,70.2,314.3333333333333,302.73333333333335,1625.3333333333333,1672.8,1645.0,1605.6666666666667,87.15,79.4,70.0,73.33333333333333,1,shovel,0.2909177106592126
131122,9205,http://live.fanfooty.com.au/game/matchcentre.html?id=9205,R1,2025,1001028.0,Jack,Silvagni,CA,25.0,93.0,100,67.0,71.0,91.0,14.0,2.0,8.0,4.0,0.0,0.0,0.0,1.0,1.0,Full Time,switch,%s from %P and %M plus %T... A new role in defence on Armstrong... switched forward in Q4,,,584900.0,0.0,384900.0,,Forward,1.0,14.0,48.93,0.0,0.0,0.05,0.11,572000.0,,,5.0,0.0,1.0,68.0,89.0,296.0,0.0,False,1619,1657,2.0,9205_CA,98.0,1,73.0,1,8.333333333333334,9.2,5.333333333333333,5.733333333333333,4.666666666666667,4.533333333333333,2.6666666666666665,2.933333333333333,3.3333333333333335,3.0,0.3333333333333333,0.9333333333333333,0.3333333333333333,1.4,2.0,0.9333333333333333,0.6666666666666666,0.8,0.0,0.0,0.15,0.19,0.1766666666666655,0.2033333333333331,6.0,6.466666666666667,2.0,1.7333333333333334,1.3333333333333333,3.2,65.33333333333333,65.93333333333334,63.0,74.8,198.66666666666666,254.66666666666666,1746.3333333333333,1716.8666666666666,1538.0,1569.4,74.25,79.8,91.2,93.66666666666667,1,switch,0.11260149727407323
131123,9205,http://live.fanfooty.com.au/game/matchcentre.html?id=9205,R1,2025,296294.0,Blake,Acres,CA,21.0,92.0,60,69.0,72.0,96.0,12.0,9.0,5.0,4.0,0.0,1.0,0.0,1.0,0.0,Full Time,wing,First goal... %P and %M plus %T... %s as well... Starting on a wing on Banks,,,810100.0,,489000.0,,Midfielder,13.0,0.0,0.0,0.0,0.22,0.44,0.4,793000.0,,,5.0,0.0,6.0,52.0,78.0,354.0,0.0,False,1619,1657,2.0,9205_CA,98.0,0,73.0,0,14.0,12.266666666666667,7.666666666666667,9.8,6.333333333333333,5.866666666666666,2.0,2.4,0.0,0.0,0.6666666666666666,0.5333333333333333,0.6666666666666666,0.6666666666666666,1.3333333333333333,0.6666666666666666,0.6666666666666666,0.4,0.22,0.22,0.44,0.44,0.4,0.4,6.666666666666667,7.133333333333334,1.0,1.3333333333333333,4.0,3.2666666666666666,64.0,67.53333333333333,83.0,85.33333333333333,474.6666666666667,395.6,1621.0,1669.4666666666667,1640.0,1612.0666666666666,90.9,85.9,83.2,83.33333333333333,1,wing,0.29036940876233325
131124,9205,http://live.fanfooty.com.au/game/matchcentre.html?id=9205,R1,2025,993832.0,Jacob,Weitering,CA,19.0,86.0,90,58.0,75.0,97.0,13.0,8.0,11.0,0.0,1.0,0.0,1.0,0.0,0.0,Full Time,job,%M and %P... Standing Lynch,,,649600.0,0.0,475500.0,,Back,23.0,13.0,54.85,0.0,0.0,0.33,0.79,635000.0,,,8.0,0.0,3.0,81.0,97.0,249.0,0.0,False,1619,1657,2.0,9205_CA,98.0,0,73.0,1,12.0,11.0,4.0,3.6666666666666665,8.0,6.333333333333333,0.3333333333333333,1.0666666666666667,0.3333333333333333,0.2,0.0,0.7333333333333333,0.6666666666666666,0.7333333333333333,0.0,0.0,0.0,0.0,0.0,0.0,0.33,0.33,0.79,0.79,5.0,6.0,0.0,0.26666666666666666,2.6666666666666665,2.3333333333333335,76.66666666666667,77.2,99.0,98.73333333333333,204.0,189.4,1621.0,1676.0,1640.0,1606.4666666666667,75.25,81.6,72.8,72.0,1,job,0.14961831818557855
131125,9205,http://live.fanfooty.com.au/game/matchcentre.html?id=9205,R1,2025,1006094.0,Sam,Walsh,CA,24.0,84.0,81,74.0,69.0,99.0,7.0,18.0,1.0,5.0,0.0,1.0,1.0,1.0,0.0,Full Time,wing,%P including %B... also %T... and booted %s... Mostly starting on a HFF then joining mids,,,873100.0,,576800.0,,Midfielder,18.0,0.0,0.0,0.0,32.37,35.39,25.83,854000.0,,,12.0,2.0,5.0,60.0,81.0,246.0,0.0,False,1619,1657,2.0,9205_CA,98.0,0,73.0,1,10.333333333333334,12.0,18.0,15.066666666666666,2.3333333333333335,3.4,6.0,6.6,0.0,0.0,0.6666666666666666,0.8,0.6666666666666666,1.2666666666666666,0.3333333333333333,0.26666666666666666,0.0,0.3333333333333333,32.37,32.37,35.39,35.39,25.83,25.83,12.0,10.4,5.0,4.533333333333333,4.0,3.933333333333333,67.33333333333333,66.0,81.66666666666667,81.2,305.3333333333333,367.4,1621.0,1676.0,1640.0,1606.4666666666667,103.05,96.2,98.8,102.33333333333333,1,wing,0.4654242014135122
131126,9205,http://live.fanfooty.com.au/game/matchcentre.html?id=9205,R1,2025,1021353.0,Lachlan,Cowan,CA,20.0,84.0,81,55.0,64.0,87.0,14.0,4.0,5.0,4.0,0.0,0.0,1.0,1.0,0.0,Full Time,guard,%P including %K... also %M and %T... and kicked %s... Rotating in defence,,,337000.0,,212700.0,,,2.0,0.0,0.0,0.0,0.0,0.19,0.43,333000.0,,,5.0,0.0,2.0,72.0,85.0,348.0,0.0,False,1619,1657,2.0,9205_CA,98.0,0,73.0,1,11.0,8.533333333333333,3.3333333333333335,4.266666666666667,3.0,4.0,2.0,3.4,0.0,0.0,0.6666666666666666,0.6,1.3333333333333333,0.7333333333333333,0.3333333333333333,0.13333333333333333,0.0,0.0,0.0,0.0,0.19,0.19,0.43,0.43,4.0,4.066666666666666,0.0,0.5333333333333333,3.0,1.6666666666666667,63.666666666666664,76.26666666666667,82.0,81.86666666666666,269.3333333333333,211.4,1621.0,1674.7333333333333,1640.0,1608.1333333333334,58.8,66.5,70.0,59.666666666666664,1,guard,0.074353004964528
131128,9205,http://live.fanfooty.com.au/game/matchcentre.html?id=9205,R1,2025,1023495.0,Oliver,Hollands,CA,9.0,72.0,79,38.0,54.0,75.0,14.0,5.0,4.0,2.0,0.0,0.0,0.0,0.0,0.0,Full Time,guard,%P including %K... also %M and %T... Starting on a HBF,,,536900.0,,322800.0,,Midfielder,4.0,0.0,0.0,0.0,0.44,0.45,0.86,525000.0,,,5.0,1.0,2.0,73.0,85.0,400.0,0.0,False,1619,1657,2.0,9205_CA,98.0,0,73.0,1,12.0,9.933333333333334,4.666666666666667,5.466666666666667,4.666666666666667,4.066666666666666,4.0,3.8666666666666667,0.0,0.0,0.6666666666666666,0.6666666666666666,0.6666666666666666,0.4,0.0,0.2,0.0,0.2,0.44,0.44,0.45,0.45,0.86,0.86,4.333333333333333,4.0,1.0,1.0,1.6666666666666667,1.7333333333333334,78.0,76.46666666666667,86.33333333333333,84.73333333333333,308.6666666666667,238.73333333333332,1621.0,1676.0,1640.0,1606.4666666666667,64.7,75.2,85.4,79.66666666666667,1,guard,0.1042373516777586
131129,9205,http://live.fanfooty.com.au/game/matchcentre.html?id=9205,R1,2025,295461.0,Adam,Saad,CA,8.0,72.0,91,32.0,55.0,75.0,15.0,6.0,3.0,1.0,0.0,2.0,0.0,0.0,0.0,Full Time,guard,%P including %K... also %M... Running from defence,,,682100.0,0.0,500700.0,,Back,42.0,21.0,58.14,0.0,0.0,0.7,1.51,667000.0,,,9.0,1.0,3.0,85.0,82.0,414.0,0.0,False,1619,1657,2.0,9205_CA,98.0,0,73.0,1,12.0,11.866666666666667,7.333333333333333,6.066666666666666,2.0,3.2,1.3333333333333333,2.2,0.0,0.0,1.0,0.6666666666666666,0.0,0.13333333333333333,0.0,0.06666666666666667,0.0,0.06666666666666667,0.0,0.0,0.7,0.7,1.51,1.51,7.333333333333333,5.933333333333334,1.3333333333333333,1.2,1.6666666666666667,1.2666666666666666,85.0,83.93333333333334,79.33333333333333,75.86666666666666,291.0,308.73333333333335,1621.0,1664.4,1640.0,1617.7333333333333,84.9,91.5,87.4,88.0,1,guard,0.23946401386549498
131131,9205,http://live.fanfooty.com.au/game/matchcentre.html?id=9205,R1,2025,295265.0,Nick,Haynes,CA,12.0,67.0,59,34.0,54.0,72.0,13.0,5.0,6.0,0.0,0.0,0.0,0.0,0.0,0.0,Full Time,guard,%P including %K... also %M... Playing a half back role,,,613500.0,0.0,408000.0,,Back,26.0,21.0,71.9,0.0,0.0,0.09,0.14,600000.0,,,4.0,0.0,4.0,66.0,82.0,286.0,1.0,False,1619,1657,2.0,9205_CA,98.0,0,73.0,0,13.0,10.133333333333333,3.6666666666666665,4.6,5.333333333333333,5.266666666666667,0.3333333333333333,1.2,0.0,0.0,0.3333333333333333,0.26666666666666666,0.6666666666666666,0.5333333333333333,0.0,0.06666666666666667,0.0,0.2,0.0,0.008666666666666666,0.09,0.38199999999999995,0.14,0.33999999999999997,3.3333333333333335,3.466666666666667,0.0,0.7333333333333333,5.666666666666667,2.4,68.0,75.46666666666667,75.66666666666667,65.66666666666667,364.3333333333333,283.73333333333335,1683.6666666666667,1676.6,1601.3333333333333,1608.5333333333333,62.55,64.3,64.4,56.666666666666664,1,guard,0.09870471553846083
131132,9205,http://live.fanfooty.com.au/game/matchcentre.html?id=9205,R1,2025,1000953.0,Harry,McKay,CA,14.0,65.0,75,47.0,58.0,75.0,9.0,5.0,7.0,1.0,2.0,0.0,2.0,1.0,1.0,Full Time,spearhead,%s from %P and %M... Starting forward on Blight then got Miller in Q3,,,642600.0,0.0,398000.0,,Forward,10.0,12.0,62.17,0.0,0.0,0.3,0.31,628000.0,,,7.0,2.0,3.0,71.0,96.0,297.0,0.0,False,1619,1657,2.0,9205_CA,98.0,0,73.0,1,9.0,9.466666666666667,4.0,2.8,6.666666666666667,6.266666666666667,1.3333333333333333,1.8666666666666667,1.0,1.4666666666666666,0.3333333333333333,1.0666666666666667,1.3333333333333333,1.0666666666666667,1.6666666666666667,2.1333333333333333,1.0,0.8666666666666667,0.0,0.0,0.3,0.3,0.31,0.31,5.666666666666667,5.066666666666666,0.6666666666666666,0.8666666666666667,4.0,3.066666666666667,69.0,73.0,93.33333333333333,88.4,241.0,254.0,1538.6666666666667,1656.9333333333334,1736.3333333333333,1624.8,80.4,72.7,68.0,64.0,1,spearhead,0.22233926427193498
131133,9205,http://live.fanfooty.com.au/game/matchcentre.html?id=9205,R1,2025,1008154.0,Matthew,Cottrell,CA,10.0,58.0,64,46.0,45.0,59.0,7.0,4.0,3.0,3.0,0.0,0.0,0.0,1.0,2.0,Full Time,wing,%P and %M plus %T... %s as well... Rotating in attack,,,574800.0,,335300.0,,Midfielder,46.0,0.0,0.0,0.0,0.62,0.57,0.54,562000.0,,,6.0,1.0,1.0,54.0,90.0,141.0,0.0,False,1619,1657,2.0,9205_CA,98.0,0,73.0,0,5.333333333333333,7.133333333333334,4.333333333333333,3.7333333333333334,3.6666666666666665,3.2,2.0,2.0,0.0,0.0,0.3333333333333333,0.4666666666666667,0.0,0.3333333333333333,0.6666666666666666,0.6666666666666666,1.0,0.4666666666666667,0.62,0.62,0.57,0.57,0.54,0.54,4.0,3.8,0.3333333333333333,0.5333333333333333,0.6666666666666666,1.0,55.333333333333336,66.2,70.33333333333333,83.86666666666666,123.66666666666667,216.53333333333333,1650.0,1680.5333333333333,1631.3333333333333,1597.5333333333333,56.9,51.8,50.2,47.0,1,wing,0.0482348172800837
131134,9205,http://live.fanfooty.com.au/game/matchcentre.html?id=9205,R1,2025,295518.0,Sam,Docherty,CA,4.0,56.0,67,40.0,42.0,59.0,8.0,6.0,2.0,3.0,0.0,0.0,0.0,0.0,2.0,Full Time,shovel,On in Q4 for Lord and straight to the guts... %P and %M plus %T... %s as well,sub,Started as the sub,964000.0,0.0,562200.0,,Back,15.0,0.0,0.0,0.0,0.0,0.34,0.61,943000.0,,,6.0,2.0,1.0,50.0,27.0,239.0,0.0,False,1619,1657,2.0,9205_CA,98.0,0,73.0,0,9.666666666666666,14.133333333333333,3.6666666666666665,7.933333333333334,3.3333333333333335,5.066666666666666,2.0,3.933333333333333,0.0,0.0,0.0,0.4666666666666667,0.0,0.4,0.3333333333333333,0.4,0.6666666666666666,0.6,0.24999999999999764,0.05,0.34,12.148,0.61,20.09,4.666666666666667,5.933333333333334,1.3333333333333333,2.2666666666666666,2.6666666666666665,3.0,57.333333333333336,70.2,45.333333333333336,74.93333333333334,274.6666666666667,393.73333333333335,1610.3333333333333,1705.6666666666667,1658.0,1574.3333333333333,93.5,77.0,64.4,50.0,1,shovel,0.3108642054250093
131135,9205,http://live.fanfooty.com.au/game/matchcentre.html?id=9205,R1,2025,297255.0,Mitch,McGovern,CA,4.0,52.0,45,25.0,41.0,57.0,11.0,3.0,4.0,1.0,0.0,0.0,1.0,0.0,0.0,Full Time,mare,Plenty of back half turnovers resulting in oppo goals... %P including %K... also %M,job,In defence on Bauer,652800.0,0.0,448900.0,,Back,11.0,11.0,70.91,0.0,0.0,0.16,0.18,638000.0,,,3.0,0.0,6.0,64.0,81.0,357.0,0.0,False,1619,1657,2.0,9205_CA,98.0,0,73.0,0,9.0,13.133333333333333,4.0,2.7333333333333334,3.3333333333333335,4.333333333333333,0.6666666666666666,1.3333333333333333,0.0,0.0,0.6666666666666666,1.1333333333333333,0.3333333333333333,0.26666666666666666,0.0,0.2,0.0,0.13333333333333333,0.0,0.0,0.16,0.16,0.18,0.18,4.0,4.0,1.0,0.4666666666666667,3.0,2.3333333333333335,76.66666666666667,80.93333333333334,73.33333333333333,75.13333333333334,327.6666666666667,399.46666666666664,1672.0,1661.4666666666667,1602.3333333333333,1622.6666666666667,76.5,69.2,63.0,55.333333333333336,1,mare,0.19263965241182596
131136,9205,http://live.fanfooty.com.au/game/matchcentre.html?id=9205,R1,2025,294685.0,Zac,Williams,CA,10.0,49.0,51,37.0,41.0,52.0,6.0,4.0,4.0,1.0,0.0,0.0,0.0,1.0,1.0,Full Time,pocket,%P and %M plus %s... Playing a forward role on Broad,,,322500.0,0.0,216100.0,,Back,6.0,0.0,0.0,0.0,0.0,61.49,37.7,442000.0,,,2.0,0.0,0.0,60.0,65.0,282.0,1.0,False,1619,1657,2.0,9205_CA,98.0,0,73.0,0,6.333333333333333,9.066666666666666,4.333333333333333,3.533333333333333,2.6666666666666665,3.7333333333333334,2.3333333333333335,2.1333333333333333,0.0,0.0,0.6666666666666666,0.4,0.3333333333333333,0.4,0.6666666666666666,1.0666666666666667,0.6666666666666666,0.4666666666666667,0.0,0.0,61.49,61.49,37.7,37.7,4.333333333333333,4.533333333333333,0.3333333333333333,0.6,1.6666666666666667,1.4,60.0,73.53333333333333,66.33333333333333,71.86666666666666,157.0,229.4,1672.0,1665.4,1602.3333333333333,1616.6,69.6,70.9,64.2,56.666666666666664,1,pocket,0.08227491472964622
131137,9205,http://live.fanfooty.com.au/game/matchcentre.html?id=9205,R1,2025,1002228.0,Lachie,Fogarty,CA,4.0,46.0,55,43.0,38.0,54.0,4.0,8.0,3.0,3.0,0.0,0.0,1.0,0.0,0.0,Full Time,wing,%P and %M plus %T... Playing a forward pressure role,,,565000.0,0.0,348400.0,,,8.0,15.0,57.73,0.0,0.0,0.04,0.08,536000.0,,,5.0,1.0,2.0,83.0,73.0,135.0,0.0,False,1619,1657,2.0,9205_CA,98.0,0,73.0,0,3.0,6.2,4.0,5.4,1.3333333333333333,1.8666666666666667,2.0,2.6,0.0,0.0,0.3333333333333333,0.5333333333333333,0.3333333333333333,0.3333333333333333,0.6666666666666666,0.5333333333333333,0.0,0.26666666666666666,0.0,0.002666666666666726,0.04,0.04,0.08,0.08,3.0,4.733333333333333,0.3333333333333333,0.6666666666666666,1.0,1.4666666666666666,89.33333333333333,75.46666666666667,59.0,72.46666666666667,87.66666666666667,156.8,1609.6666666666667,1694.4666666666667,1667.0,1591.4666666666667,58.35,58.4,56.6,45.333333333333336,1,wing,0.045308660494688596
131138,9205,http://live.fanfooty.com.au/game/matchcentre.html?id=9205,R1,2025,1017700.0,Jesse,Motlop,CA,4.0,39.0,40,24.0,32.0,44.0,7.0,3.0,2.0,2.0,0.0,2.0,2.0,0.0,2.0,Full Time,wing,%s from %P and %M plus %T... Playing a high forward role with some CBAs,,,458900.0,,304900.0,,Forward,3.0,0.0,0.0,0.0,0.18,0.17,0.3,449000.0,,,7.0,1.0,4.0,50.0,75.0,185.0,0.0,False,1619,1657,2.0,9205_CA,98.0,0,73.0,0,5.0,4.666666666666667,3.0,3.8666666666666667,2.0,2.0,2.6666666666666665,2.2666666666666666,0.0,0.0,1.0,0.4,1.0,0.9333333333333333,0.3333333333333333,0.9333333333333333,1.3333333333333333,0.6,0.18,0.25933333333333336,0.17,0.422,0.3,0.5193333333333333,4.666666666666667,3.8,1.0,0.4,3.0,2.2,53.333333333333336,62.333333333333336,79.0,72.33333333333333,134.66666666666666,129.8,1621.0,1656.6,1640.0,1620.7333333333333,47.3,40.1,35.8,35.333333333333336,1,wing,0.03402713950240108
131139,9205,http://live.fanfooty.com.au/game/matchcentre.html?id=9205,R1,2025,1009241.0,Brodie,Kemp,CA,8.0,35.0,39,19.0,31.0,38.0,6.0,2.0,2.0,0.0,0.0,2.0,1.0,1.0,2.0,Full Time,spearhead,%P including %K... also %M... and kicked %s... Starting forward on Miller then got Trainor in Q3,,,647300.0,,408400.0,,Back,17.0,0.0,0.0,0.0,0.18,0.08,0.13,633000.0,,,5.0,0.0,1.0,62.0,83.0,102.0,0.0,False,1619,1657,2.0,9205_CA,98.0,0,73.0,0,5.0,8.666666666666666,2.3333333333333335,4.133333333333334,2.3333333333333335,5.733333333333333,0.6666666666666666,2.1333333333333333,0.0,0.0,1.3333333333333333,0.3333333333333333,1.0,0.8666666666666667,0.6666666666666666,0.4666666666666667,1.3333333333333333,0.3333333333333333,0.18,0.18,0.08,0.08,0.13,0.13,3.3333333333333335,3.933333333333333,0.0,0.0,2.0,2.1333333333333333,63.0,75.06666666666666,89.66666666666667,92.86666666666666,107.33333333333333,190.66666666666666,1621.0,1662.9333333333334,1640.0,1619.9333333333334,65.9,61.0,51.8,35.0,1,spearhead,0.07893545046276125
131140,9206,http://live.fanfooty.com.au/game/matchcentre.html?id=9206,R1,2025,297354.0,Karl,Amon,HW,25.0,111.0,122,146.0,90.0,120.0,21.0,7.0,10.0,2.0,0.0,2.0,2.0,0.0,0.0,Full Time,star,%P including %K... also %M and %T,guard,Coming off a HBF,801200.0,0.0,483300.0,,Midfielder,10.0,6.0,50.5,0.0,0.0,2.8,4.76,783000.0,,,3.0,1.0,3.0,92.0,84.0,643.0,0.0,False,1555,1702,2.0,9206_HW,98.0,1,73.0,1,19.666666666666668,17.0,5.666666666666667,5.4,6.333333333333333,5.4,1.6666666666666667,1.9333333333333333,0.0,0.0,1.6666666666666667,0.7333333333333333,1.0,0.5333333333333333,0.3333333333333333,0.13333333333333333,0.6666666666666666,0.2,0.0,0.0,2.8,2.8,4.76,4.76,3.3333333333333335,3.533333333333333,1.0,1.2,4.0,2.466666666666667,79.33333333333333,81.26666666666667,82.0,81.06666666666666,634.0,551.2,1694.3333333333333,1752.6,1584.6666666666667,1533.1333333333334,94.75,98.4,95.6,100.33333333333333,1,star,0.535299926719022
131141,9206,http://live.fanfooty.com.au/game/matchcentre.html?id=9206,R1,2025,1007124.0,Conor,Nash,HW,45.0,102.0,84,135.0,75.0,108.0,9.0,13.0,4.0,10.0,0.0,0.0,1.0,0.0,0.0,Full Time,hot,%P and %M plus %T,shovel,Playing defensive inside midfield,757200.0,0.0,480600.0,,Midfielder,11.0,2.0,67.5,0.0,0.0,0.14,0.19,740000.0,,,8.0,3.0,4.0,68.0,75.0,261.0,0.0,False,1555,1702,2.0,9206_HW,98.0,0,73.0,1,8.666666666666666,8.266666666666667,11.666666666666666,11.266666666666667,2.6666666666666665,2.533333333333333,8.0,5.333333333333333,0.3333333333333333,1.4,1.0,1.0666666666666667,1.6666666666666667,1.3333333333333333,0.3333333333333333,0.06666666666666667,0.0,0.13333333333333333,0.0,0.0,0.14,0.14,0.19,0.19,10.0,8.6,4.333333333333333,4.866666666666666,3.3333333333333335,3.3333333333333335,63.333333333333336,72.0,79.33333333333333,73.46666666666667,284.3333333333333,223.6,1694.3333333333333,1752.6,1584.6666666666667,1533.1333333333334,78.75,82.1,78.2,91.66666666666667,1,hot,0.2599331249942626
131142,9206,http://live.fanfooty.com.au/game/matchcentre.html?id=9206,R1,2025,1006314.0,Dylan,Moore,HW,25.0,97.0,94,120.0,82.0,100.0,17.0,4.0,6.0,0.0,0.0,4.0,1.0,3.0,1.0,Full Time,wing,%s from %P and %M... umps paid him %4FF... Starting on a HFF,,,812600.0,0.0,508600.0,,Forward,13.0,0.0,0.0,0.0,0.0,3.82,5.5,794000.0,,,5.0,1.0,2.0,85.0,94.0,219.0,0.0,False,1555,1702,2.0,9206_HW,98.0,0,73.0,1,11.666666666666666,12.733333333333333,6.666666666666667,7.933333333333334,5.0,6.0,2.0,3.6,0.0,0.0,3.0,2.066666666666667,0.6666666666666666,0.4,2.0,1.3333333333333333,1.0,1.1333333333333333,0.0,0.0,3.82,3.82,5.5,5.5,7.0,7.2,2.0,2.0,1.3333333333333333,2.2666666666666666,77.33333333333333,69.4,86.33333333333333,88.46666666666667,220.66666666666666,306.6,1694.3333333333333,1752.6,1584.6666666666667,1533.1333333333334,99.15,98.6,91.0,91.66666666666667,1,wing,0.34260653045367473
131143,9206,http://live.fanfooty.com.au/game/matchcentre.html?id=9206,R1,2025,1017094.0,Connor,Macdonald,HW,20.0,94.0,104,117.0,79.0,102.0,13.0,10.0,8.0,1.0,0.0,1.0,0.0,1.0,0.0,Full Time,wing,%s from %P and %M... Starting at half forward on McGrath,,,652600.0,,381400.0,,Forward,31.0,0.0,0.0,0.0,7.62,1.3,4.88,638000.0,,,9.0,1.0,0.0,82.0,81.0,281.0,0.0,False,1555,1702,2.0,9206_HW,98.0,1,73.0,1,7.666666666666667,10.533333333333333,6.0,8.066666666666666,4.333333333333333,5.666666666666667,1.3333333333333333,2.8666666666666667,0.0,0.0,0.6666666666666666,0.4666666666666667,0.3333333333333333,0.9333333333333333,0.6666666666666666,1.3333333333333333,0.0,0.4666666666666667,7.62,7.62,1.3,1.3,4.88,4.88,4.333333333333333,5.0,0.3333333333333333,0.9333333333333333,0.6666666666666666,2.7333333333333334,83.0,74.6,76.66666666666667,81.2,204.0,267.0,1694.3333333333333,1752.6,1584.6666666666667,1533.1333333333334,79.85,86.9,85.4,65.66666666666667,1,wing,0.13988291732953637
131144,9206,http://live.fanfooty.com.au/game/matchcentre.html?id=9206,R1,2025,1017110.0,Josh,Ward,HW,10.0,88.0,84,115.0,66.0,91.0,16.0,6.0,5.0,3.0,0.0,0.0,0.0,0.0,1.0,Full Time,wing,%P including %K... also %M and %T... and scored %s... Playing third wingman,,,691000.0,,407600.0,,Midfielder,25.0,0.0,0.0,0.0,0.53,0.34,0.64,676000.0,,,9.0,3.0,2.0,72.0,81.0,536.0,0.0,False,1555,1702,2.0,9206_HW,98.0,0,73.0,1,11.666666666666666,8.266666666666667,7.666666666666667,6.933333333333334,4.0,4.133333333333334,4.333333333333333,2.2,0.0,0.0,0.3333333333333333,0.2,0.0,0.3333333333333333,0.0,0.06666666666666667,0.3333333333333333,0.26666666666666666,0.53,0.5473333333333333,0.34,0.388,0.64,0.7200000000000001,7.333333333333333,4.4,3.6666666666666665,1.8,1.6666666666666667,1.8,63.333333333333336,72.66666666666667,71.33333333333333,75.0,345.3333333333333,258.26666666666665,1765.6666666666667,1641.9333333333334,1516.3333333333333,1638.0666666666666,60.5,57.7,66.8,78.0,1,wing,0.08361279987444771
131145,9206,http://live.fanfooty.com.au/game/matchcentre.html?id=9206,R1,2025,1020895.0,Jai,Newcombe,HW,14.0,88.0,81,117.0,66.0,95.0,20.0,5.0,3.0,3.0,0.0,1.0,2.0,0.0,2.0,Full Time,reddog,%P including %K... also %M and %T... and kicked %s... Playing inside midfield on Redman,,,861200.0,,549200.0,,Midfielder,3.0,0.0,0.0,0.0,6.95,5.23,6.1,842000.0,,,12.0,7.0,5.0,52.0,83.0,449.0,0.0,False,1555,1702,2.0,9206_HW,98.0,0,73.0,1,12.0,10.733333333333333,13.0,15.0,2.3333333333333335,4.333333333333333,5.333333333333333,4.2,0.0,0.0,0.6666666666666666,1.2,2.0,1.6,0.3333333333333333,0.6,0.6666666666666666,0.26666666666666666,6.95,6.95,5.23,5.23,6.1,6.1,12.666666666666666,11.733333333333333,7.333333333333333,6.066666666666666,4.333333333333333,3.4,69.0,76.0,86.33333333333333,83.4,317.6666666666667,315.0,1694.3333333333333,1752.6,1584.6666666666667,1533.1333333333334,106.45,112.5,118.2,100.66666666666667,1,reddog,0.6524278751560247
131146,9206,http://live.fanfooty.com.au/game/matchcentre.html?id=9206,R1,2025,297566.0,James,Sicily,HW,13.0,88.0,109,113.0,70.0,93.0,18.0,6.0,7.0,0.0,0.0,1.0,0.0,0.0,0.0,Full Time,sore,Right ankle restrapped in Q1 after a knock... %P including %K... also %M,job,In defence,964700.0,0.0,637400.0,,Back,6.0,14.0,95.57,0.0,0.0,39.81,21.29,943000.0,,,4.0,1.0,1.0,91.0,96.0,620.0,0.0,True,1555,1702,2.0,9206_HW,98.0,1,73.0,1,14.666666666666666,16.466666666666665,6.333333333333333,5.733333333333333,7.0,8.066666666666666,0.6666666666666666,1.2666666666666666,0.0,0.0,1.0,1.3333333333333333,1.0,0.7333333333333333,0.6666666666666666,0.6,0.6666666666666666,0.4666666666666667,0.0,0.0,39.81,39.81,21.29,21.29,8.333333333333334,5.933333333333334,1.0,0.3333333333333333,2.0,2.933333333333333,74.66666666666667,78.8,94.33333333333333,90.33333333333333,490.3333333333333,513.6,1694.3333333333333,1771.4666666666667,1584.6666666666667,1513.8,102.75,95.8,105.8,106.66666666666667,1,sore,0.4528376289800376
131147,9206,http://live.fanfooty.com.au/game/matchcentre.html?id=9206,R1,2025,998134.0,Josh,Battle,HW,13.0,82.0,83,108.0,62.0,84.0,14.0,5.0,6.0,3.0,0.0,0.0,0.0,0.0,0.0,Full Time,job,%P including %K... also %M and %T... Responsible for Langford,,,572200.0,,356900.0,,Back,24.0,0.0,0.0,0.0,0.18,0.12,0.09,560000.0,,,1.0,0.0,3.0,73.0,89.0,400.0,0.0,False,1555,1702,2.0,9206_HW,98.0,0,73.0,1,11.333333333333334,10.666666666666666,3.6666666666666665,6.666666666666667,6.0,6.8,1.6666666666666667,1.4,0.0,0.0,0.0,0.4666666666666667,0.6666666666666666,0.7333333333333333,0.0,0.06666666666666667,0.3333333333333333,0.2,0.18,0.18,0.12,0.12,0.09,0.09,2.6666666666666665,5.266666666666667,0.0,0.13333333333333333,3.3333333333333335,2.066666666666667,72.66666666666667,82.4,88.33333333333333,89.33333333333333,317.3333333333333,278.6,1647.0,1664.8,1614.6666666666667,1610.2,82.85,90.0,76.0,65.66666666666667,1,job,0.18516630228998174
131148,9206,http://live.fanfooty.com.au/game/matchcentre.html?id=9206,R1,2025,1008550.0,Will,Day,HW,20.0,77.0,77,99.0,62.0,82.0,9.0,7.0,5.0,4.0,0.0,1.0,1.0,1.0,1.0,Full Time,tagged,Tagged by Durham... %P and %M plus %T... %s as well,midfwd,In central midfield then resting forward,879800.0,,544500.0,,Back,12.0,0.0,0.0,0.0,0.49,0.77,1.16,860000.0,,,7.0,2.0,3.0,75.0,81.0,214.0,1.0,False,1555,1702,2.0,9206_HW,98.0,0,73.0,1,9.0,9.733333333333333,5.666666666666667,10.666666666666666,3.3333333333333335,2.933333333333333,3.3333333333333335,4.8,0.0,0.0,2.3333333333333335,1.2666666666666666,0.3333333333333333,0.9333333333333333,1.3333333333333333,0.4666666666666667,0.3333333333333333,0.26666666666666666,0.49,0.49,0.77,0.77,1.16,1.16,6.666666666666667,8.066666666666666,3.6666666666666665,3.8,1.3333333333333333,2.066666666666667,85.0,77.73333333333333,53.0,70.93333333333334,226.33333333333334,299.3333333333333,1753.6666666666667,1716.8666666666666,1525.0,1568.9333333333334,94.1,86.7,65.6,78.33333333333333,1,tagged,0.402496630785027
131149,9206,http://live.fanfooty.com.au/game/matchcentre.html?id=9206,R1,2025,1000963.0,Harry,Morrison,HW,10.0,73.0,64,98.0,61.0,78.0,10.0,4.0,9.0,3.0,0.0,2.0,2.0,0.0,0.0,Full Time,wing,%P including %K... also %M and %T... Playing an outside game,,,705700.0,0.0,371000.0,,Midfielder,1.0,18.0,64.72,0.0,0.0,0.18,0.06,691000.0,,,4.0,0.0,3.0,100.0,84.0,151.0,0.0,False,1555,1702,2.0,9206_HW,98.0,0,73.0,0,11.0,10.066666666666666,6.333333333333333,5.2,6.0,4.733333333333333,3.3333333333333335,2.1333333333333333,0.0,0.0,1.0,0.5333333333333333,1.3333333333333333,0.5333333333333333,0.0,0.13333333333333333,0.0,0.06666666666666667,0.0,0.0,0.18,0.17933333333333332,0.06,0.06,6.0,4.4,0.6666666666666666,1.1333333333333333,2.0,2.2,86.0,75.66666666666667,80.33333333333333,70.73333333333333,264.0,242.26666666666668,1694.3333333333333,1718.8,1584.6666666666667,1563.6,64.8,64.8,80.8,82.66666666666667,1,wing,0.09087232549372765
131150,9206,http://live.fanfooty.com.au/game/matchcentre.html?id=9206,R1,2025,1012857.0,Jack,Ginnivan,HW,15.0,70.0,62,86.0,58.0,73.0,10.0,5.0,4.0,1.0,0.0,1.0,0.0,2.0,1.0,Full Time,pocket,%s from %P and %M... Playing a FP role,,,422000.0,,294200.0,,Forward,33.0,0.0,0.0,0.0,0.89,1.63,2.22,413000.0,,,4.0,1.0,1.0,53.0,83.0,261.0,0.0,False,1555,1702,2.0,9206_HW,98.0,0,73.0,0,8.333333333333334,10.866666666666667,5.0,6.933333333333334,2.6666666666666665,3.6,2.6666666666666665,2.6666666666666665,0.0,0.0,0.6666666666666666,1.3333333333333333,0.3333333333333333,0.8,1.3333333333333333,1.2666666666666666,0.6666666666666666,1.0666666666666667,0.89,0.89,1.63,1.63,2.22,2.22,4.0,5.8,1.0,1.6666666666666667,2.3333333333333335,3.2,54.666666666666664,62.733333333333334,76.33333333333333,81.4,219.33333333333334,310.46666666666664,1694.3333333333333,1773.6666666666667,1584.6666666666667,1512.6666666666667,73.2,76.4,78.4,61.333333333333336,1,pocket,0.1041009511532299
131152,9206,http://live.fanfooty.com.au/game/matchcentre.html?id=9206,R1,2025,993794.0,Blake,Hardwick,HW,12.0,69.0,77,86.0,57.0,72.0,8.0,5.0,5.0,2.0,0.0,0.0,0.0,2.0,0.0,Full Time,switch,%P and %M plus %T... %s as well... In attack on McKay... switched back in Q2 to cover Scrimshaw injury then again in Q3 to stop a Dons run,,,747500.0,0.0,481600.0,,Back,15.0,21.0,66.67,0.0,0.0,0.1,0.18,731000.0,,,3.0,0.0,0.0,76.0,94.0,312.0,0.0,False,1555,1702,2.0,9206_HW,98.0,0,73.0,1,7.666666666666667,9.866666666666667,5.0,5.4,4.0,5.0,3.6666666666666665,2.8,0.0,0.0,0.6666666666666666,0.5333333333333333,0.3333333333333333,0.6666666666666666,0.6666666666666666,0.2,0.0,0.13333333333333333,0.0,0.0,0.1,0.1,0.18,0.18,5.0,5.0,0.3333333333333333,0.3333333333333333,1.0,1.4666666666666666,72.33333333333333,84.2,94.33333333333333,91.46666666666667,260.3333333333333,255.0,1694.3333333333333,1752.6,1584.6666666666667,1533.1333333333334,83.55,86.3,82.4,74.0,1,switch,0.14358045763662639
131153,9206,http://live.fanfooty.com.au/game/matchcentre.html?id=9206,R1,2025,1023482.0,Cam,Mackenzie,HW,9.0,68.0,72,85.0,55.0,78.0,9.0,12.0,2.0,3.0,0.0,2.0,1.0,0.0,0.0,Full Time,shovel,%P and %M plus %T... Rotating in midfield,,,448900.0,,271500.0,,Midfielder,28.0,0.0,0.0,0.0,0.75,0.76,1.45,439000.0,,,9.0,4.0,2.0,61.0,73.0,173.0,0.0,False,1555,1702,2.0,9206_HW,98.0,0,73.0,0,8.333333333333334,7.533333333333333,11.666666666666666,7.866666666666666,3.3333333333333335,2.8666666666666667,5.0,2.8,0.0,0.0,0.6666666666666666,0.6,1.3333333333333333,0.4666666666666667,0.0,0.4666666666666667,0.0,0.06666666666666667,0.75,0.75,0.76,0.76,1.45,1.45,10.333333333333334,5.666666666666667,4.666666666666667,2.4,2.3333333333333335,1.7333333333333334,72.0,74.33333333333333,73.66666666666667,70.13333333333334,248.33333333333334,218.26666666666668,1786.3333333333333,1721.5333333333333,1489.6666666666667,1564.1333333333334,65.25,62.1,77.0,88.66666666666667,1,shovel,0.13104489699435654
131154,9206,http://live.fanfooty.com.au/game/matchcentre.html?id=9206,R1,2025,1009421.0,Finn,Maginness,HW,18.0,64.0,61,78.0,56.0,72.0,6.0,9.0,6.0,1.0,0.0,0.0,0.0,1.0,0.0,Full Time,wing,%P and %M plus %s... Playing a forward role,,,396800.0,,210700.0,,Midfielder,20.0,0.0,0.0,0.0,0.4,0.87,0.98,388000.0,,,9.0,1.0,1.0,73.0,76.0,260.0,0.0,False,1555,1702,2.0,9206_HW,98.0,0,73.0,0,8.0,7.666666666666667,8.666666666666666,7.066666666666666,4.666666666666667,3.1333333333333333,1.6666666666666667,1.8,0.0,0.0,0.0,0.06666666666666667,0.3333333333333333,0.3333333333333333,1.0,0.5333333333333333,0.6666666666666666,0.4666666666666667,0.4,0.38266666666666665,0.87,0.8273333333333334,0.98,0.8786666666666666,6.333333333333333,4.933333333333334,1.0,0.8666666666666667,1.3333333333333333,1.6666666666666667,61.0,65.93333333333334,80.33333333333333,81.06666666666666,234.0,200.73333333333332,1694.3333333333333,1669.1333333333334,1584.6666666666667,1612.9333333333334,53.2,59.0,70.4,70.0,1,wing,0.05065517525283407
131155,9206,http://live.fanfooty.com.au/game/matchcentre.html?id=9206,R1,2025,296254.0,Jarman,Impey,HW,10.0,64.0,65,87.0,45.0,60.0,9.0,2.0,4.0,5.0,0.0,1.0,0.0,0.0,0.0,Full Time,guard,%P including %K... also %T and %M... Playing a half back role,,,744200.0,0.0,434700.0,,Back,4.0,21.0,69.76,0.0,0.0,0.09,0.17,728000.0,,,2.0,1.0,1.0,100.0,78.0,246.0,0.0,False,1555,1702,2.0,9206_HW,98.0,0,73.0,0,9.0,11.666666666666666,3.3333333333333335,6.533333333333333,4.333333333333333,5.0,3.3333333333333335,2.3333333333333335,0.0,0.0,1.3333333333333333,1.1333333333333333,1.0,0.6666666666666666,0.0,0.13333333333333333,0.0,0.06666666666666667,0.0,0.0,0.09,0.09,0.17,0.17,2.0,4.4,0.3333333333333333,0.8666666666666667,2.6666666666666665,2.533333333333333,84.33333333333333,80.66666666666667,80.66666666666667,81.13333333333334,245.66666666666666,316.26666666666665,1694.3333333333333,1752.6,1584.6666666666667,1533.1333333333334,80.4,70.8,62.2,56.0,1,guard,0.14843673109166108
131156,9206,http://live.fanfooty.com.au/game/matchcentre.html?id=9206,R1,2025,1000980.0,Lloyd,Meek,HW,16.0,63.0,78,71.0,60.0,75.0,3.0,8.0,1.0,2.0,33.0,0.0,2.0,0.0,0.0,Full Time,ruck,%H... also %P and %T... First ruck,,,548000.0,0.0,357300.0,,Ruck,17.0,0.0,0.0,0.0,0.0,0.17,0.21,536000.0,,,9.0,2.0,5.0,36.0,86.0,39.0,0.0,False,1555,1702,2.0,9206_HW,98.0,0,73.0,1,5.333333333333333,5.533333333333333,8.0,8.733333333333333,2.6666666666666665,2.6,2.6666666666666665,3.3333333333333335,32.666666666666664,36.46666666666667,1.3333333333333333,1.3333333333333333,0.6666666666666666,1.8666666666666667,0.6666666666666666,0.3333333333333333,0.0,0.3333333333333333,0.0,0.0,0.17,0.17,0.21,0.21,9.333333333333334,8.4,4.333333333333333,3.466666666666667,3.0,3.6,57.666666666666664,66.26666666666667,82.66666666666667,82.2,165.0,156.4,1694.3333333333333,1752.4666666666667,1584.6666666666667,1533.5333333333333,104.95,104.1,108.8,101.66666666666667,1,ruck,0.5540087537668293
131157,9206,http://live.fanfooty.com.au/game/matchcentre.html?id=9206,R1,2025,994077.0,Mabior,Chol,HW,14.0,61.0,70,77.0,51.0,60.0,8.0,0.0,6.0,1.0,1.0,0.0,0.0,2.0,2.0,Full Time,ruckfwd,Booted %s from %G and %P... Playing a forward/ruck role on Reid,,,452200.0,0.0,273200.0,,Forward,18.0,0.0,0.0,0.0,0.0,0.48,0.45,456000.0,,,4.0,1.0,1.0,75.0,80.0,248.0,0.0,False,1555,1702,2.0,9206_HW,98.0,0,73.0,0,6.0,7.466666666666667,2.0,1.8666666666666667,4.333333333333333,4.266666666666667,2.0,1.9333333333333333,1.3333333333333333,1.2666666666666666,0.3333333333333333,0.8,1.3333333333333333,1.4,1.3333333333333333,1.7333333333333334,0.6666666666666666,1.0,0.0,0.0,0.48,0.48,0.45,0.45,4.333333333333333,4.333333333333333,0.6666666666666666,0.6666666666666666,1.6666666666666667,3.0,75.33333333333333,66.46666666666667,88.0,84.26666666666667,177.66666666666666,186.73333333333332,1694.3333333333333,1752.6,1584.6666666666667,1533.1333333333334,60.8,59.7,55.2,59.666666666666664,1,ruckfwd,0.04998476229340381
131158,9206,http://live.fanfooty.com.au/game/matchcentre.html?id=9206,R1,2025,990290.0,Tom,Barrass,HW,4.0,54.0,69,71.0,40.0,54.0,8.0,4.0,3.0,3.0,0.0,1.0,0.0,0.0,0.0,Full Time,job,%P and %M plus %T... At FB on Caddy,,,497000.0,,447500.0,,Back,37.0,0.0,0.0,0.0,0.66,0.18,0.95,487000.0,,,5.0,0.0,1.0,91.0,87.0,183.0,1.0,False,1555,1702,2.0,9206_HW,98.0,0,73.0,0,9.0,9.933333333333334,3.3333333333333335,4.133333333333334,6.0,7.333333333333333,2.3333333333333335,1.0666666666666667,0.0,0.2,1.3333333333333333,0.8666666666666667,0.6666666666666666,0.6666666666666666,0.0,0.0,0.0,0.0,0.66,0.66,0.18,0.18,0.95,0.95,4.0,5.533333333333333,0.0,0.13333333333333333,1.3333333333333333,1.6,85.0,85.13333333333334,90.0,92.93333333333334,160.0,216.46666666666667,1632.3333333333333,1527.6,1647.3333333333333,1761.2,85.1,79.0,80.0,75.0,1,job,0.19868084374460881
131159,9206,http://live.fanfooty.com.au/game/matchcentre.html?id=9206,R1,2025,1005144.0,Massimo,D'Ambrosio,HW,9.0,45.0,47,58.0,37.0,48.0,6.0,3.0,3.0,2.0,0.0,1.0,1.0,1.0,0.0,Full Time,wing,%P and %M plus %T... %s as well... Starting on a wing on Jones,,,385300.0,,224900.0,,Back,16.0,0.0,0.0,0.0,1.11,2.1,0.76,467000.0,,,5.0,1.0,2.0,88.0,66.0,105.0,1.0,False,1555,1702,2.0,9206_HW,98.0,0,73.0,0,11.333333333333334,12.533333333333333,4.0,8.466666666666667,4.333333333333333,5.466666666666667,2.6666666666666665,2.1333333333333333,0.0,0.0,0.3333333333333333,0.6,1.6666666666666667,0.8666666666666667,0.3333333333333333,0.5333333333333333,0.0,0.3333333333333333,1.11,1.11,2.1,2.1,0.76,0.76,5.666666666666667,6.466666666666667,1.3333333333333333,1.8,3.6666666666666665,2.2,72.33333333333333,78.8,73.66666666666667,77.13333333333334,328.3333333333333,355.26666666666665,1694.3333333333333,1752.6,1584.6666666666667,1533.1333333333334,88.55,95.3,94.0,71.66666666666667,1,wing,0.20297573058254098
131160,9206,http://live.fanfooty.com.au/game/matchcentre.html?id=9206,R1,2025,1027935.0,Josh,Weddle,HW,14.0,44.0,62,57.0,33.0,42.0,3.0,3.0,2.0,4.0,0.0,1.0,0.0,1.0,0.0,Full Time,guard,%P and %M plus %T... %s as well... In defence,,,595000.0,,373800.0,,Back,23.0,0.0,0.0,0.0,2.21,4.75,2.68,582000.0,,,4.0,0.0,0.0,100.0,79.0,103.0,0.0,False,1555,1702,2.0,9206_HW,98.0,0,73.0,0,5.666666666666667,7.533333333333333,5.0,6.066666666666666,2.3333333333333335,3.8,3.0,1.8,1.0,1.4666666666666666,1.0,0.9333333333333333,0.3333333333333333,0.26666666666666666,0.3333333333333333,0.5333333333333333,0.0,0.2,2.21,2.21,4.75,4.75,2.68,2.68,4.666666666666667,4.666666666666667,0.3333333333333333,0.5333333333333333,2.0,1.6,76.66666666666667,86.06666666666666,83.66666666666667,84.2,136.0,275.6666666666667,1694.3333333333333,1752.6,1584.6666666666667,1533.1333333333334,71.85,73.7,71.6,63.333333333333336,1,guard,0.10291026739516619
131161,9206,http://live.fanfooty.com.au/game/matchcentre.html?id=9206,R1,2025,293738.0,Sam,Frost,HW,2.0,17.0,19,25.0,13.0,21.0,4.0,1.0,0.0,2.0,0.0,1.0,2.0,0.0,0.0,Full Time,job,On in Q2 for Scrimshaw... %P including %K... also %T,sub,Started as the sub,457900.0,0.0,317000.0,,Back,8.0,9.0,48.11,0.0,0.0,0.1,0.12,448000.0,,,4.0,1.0,4.0,80.0,49.0,106.0,0.0,False,1555,1702,2.0,9206_HW,98.0,0,73.0,0,5.666666666666667,4.8,2.3333333333333335,3.1333333333333333,2.0,2.8666666666666667,1.0,1.3333333333333333,0.0,0.13333333333333333,0.3333333333333333,0.2,1.0,0.8666666666666667,0.0,0.0,0.0,0.0,0.0,0.0,0.1,0.1,0.12,0.12,4.0,3.4,0.3333333333333333,0.4,2.3333333333333335,1.6,79.33333333333333,81.46666666666667,78.0,94.46666666666667,151.66666666666666,111.06666666666666,1857.6666666666667,1739.7333333333333,1421.3333333333333,1546.7333333333333,45.3,43.2,49.6,39.666666666666664,1,job,0.026628928546844795
131162,9206,http://live.fanfooty.com.au/game/matchcentre.html?id=9206,R1,2025,998114.0,Jack,Scrimshaw,HW,0.0,13.0,18,17.0,12.0,18.0,1.0,3.0,1.0,1.0,0.0,0.0,1.0,0.0,0.0,Full Time,injured,Clothesline on Ridley in Q2 might earn a week of rest... broken nose after headclash with Battle in Q2 and subbed off for Frost... %P,subbed,Not needed to play on talls this year,613700.0,0.0,419500.0,,Back,14.0,0.0,0.0,0.0,0.0,0.13,0.16,600000.0,,,1.0,0.0,1.0,75.0,27.0,-24.0,1.0,True,1555,1702,2.0,9206_HW,98.0,0,73.0,0,10.333333333333334,11.4,4.333333333333333,6.266666666666667,5.0,5.866666666666666,2.0,1.3333333333333333,0.0,0.0,0.6666666666666666,0.26666666666666666,0.6666666666666666,0.4666666666666667,0.0,0.0,0.0,0.0,0.0,0.0,0.13,0.13,0.16,0.16,4.333333333333333,5.4,0.6666666666666666,0.4666666666666667,1.3333333333333333,2.066666666666667,82.0,83.4,64.0,77.26666666666667,212.66666666666666,274.2,1694.3333333333333,1752.6,1584.6666666666667,1533.1333333333334,82.1,83.6,81.6,82.66666666666667,1,injured,0.18653097230978527
131163,9206,http://live.fanfooty.com.au/game/matchcentre.html?id=9206,R1,2025,1006103.0,Jye,Caldwell,ES,62.0,146.0,129,118.0,112.0,160.0,18.0,18.0,4.0,11.0,0.0,2.0,3.0,1.0,1.0,Full Time,magnet,15 of his touches in Q1... %P and %M plus %T... %s as well... gave away %F,shovel,Playing inside midfield,693500.0,,437000.0,,Midfielder,6.0,0.0,0.0,0.0,0.84,0.56,0.89,678000.0,,,17.0,10.0,7.0,61.0,75.0,476.0,1.0,False,1702,1555,2.0,9206_ES,98.0,1,73.0,1,13.666666666666666,12.6,15.666666666666666,12.533333333333333,5.333333333333333,4.266666666666667,6.666666666666667,7.2,0.0,0.0,1.3333333333333333,1.6,3.0,1.6666666666666667,0.6666666666666666,0.4666666666666667,0.6666666666666666,0.5333333333333333,0.84,0.84,0.56,0.56,0.89,0.89,12.0,10.266666666666667,6.333333333333333,5.2,6.666666666666667,4.266666666666667,67.66666666666667,70.46666666666667,76.33333333333333,78.2,362.0,354.6666666666667,1612.0,1672.1333333333334,1669.3333333333333,1612.2,97.65,101.3,90.0,94.66666666666667,1,magnet,0.5897014044742739
131164,9206,http://live.fanfooty.com.au/game/matchcentre.html?id=9206,R1,2025,1012013.0,Nic,Martin,ES,20.0,106.0,74,74.0,86.0,112.0,16.0,8.0,10.0,3.0,0.0,2.0,1.0,0.0,1.0,Full Time,hot,%P and %M plus %T... %s as well,wing,Playing a HFF role,786100.0,,492800.0,,,37.0,0.0,0.0,0.0,1.15,1.22,0.0,,,,5.0,0.0,4.0,70.0,95.0,425.0,0.0,False,1702,1555,2.0,9206_ES,98.0,0,73.0,1,15.666666666666666,16.133333333333333,12.333333333333334,10.066666666666666,8.666666666666666,7.0,2.6666666666666665,2.7333333333333334,0.0,0.0,0.6666666666666666,0.6666666666666666,0.6666666666666666,0.6,1.3333333333333333,0.8,0.6666666666666666,0.5333333333333333,1.15,1.15,1.22,1.22,0.0,0.0,6.0,6.2,0.6666666666666666,0.9333333333333333,3.6666666666666665,3.533333333333333,77.33333333333333,75.06666666666666,98.33333333333333,94.53333333333333,347.6666666666667,408.06666666666666,1612.0,1672.1333333333334,1669.3333333333333,1612.2,103.25,104.1,108.0,102.0,1,hot,0.6107850908699326
131165,9206,http://live.fanfooty.com.au/game/matchcentre.html?id=9206,R1,2025,998102.0,Andrew,McGrath,ES,25.0,106.0,74,78.0,87.0,120.0,15.0,12.0,9.0,4.0,0.0,0.0,2.0,0.0,0.0,Full Time,hot,%P and %M plus %T,guard,Playing half back on Connor Macdonald,755200.0,0.0,485500.0,,Back,1.0,19.0,72.74,0.0,0.0,0.35,0.52,738000.0,,,2.0,1.0,6.0,77.0,85.0,450.0,0.0,False,1702,1555,2.0,9206_ES,98.0,0,73.0,1,17.333333333333332,12.466666666666667,12.666666666666666,9.333333333333334,7.333333333333333,4.733333333333333,1.6666666666666667,2.533333333333333,0.0,0.0,0.0,0.6666666666666666,0.6666666666666666,0.2,0.0,0.0,0.0,0.0,0.0,0.0,0.35,0.35,0.52,0.52,5.0,5.2,0.6666666666666666,0.6666666666666666,3.3333333333333335,1.6666666666666667,78.33333333333333,81.33333333333333,83.33333333333333,82.13333333333334,469.0,352.4,1612.0,1672.1333333333334,1669.3333333333333,1612.2,93.15,90.0,100.0,101.0,1,hot,0.5299999946465447
131166,9206,http://live.fanfooty.com.au/game/matchcentre.html?id=9206,R1,2025,1006096.0,Xavier,Duursma,ES,27.0,103.0,113,91.0,79.0,102.0,10.0,9.0,4.0,7.0,0.0,3.0,0.0,2.0,0.0,Full Time,hot,%P and %M plus %T... %s as well... aided by %4FF,wing,Playing an outside game,611800.0,,373200.0,,Midfielder,28.0,0.0,0.0,0.0,0.89,1.49,1.72,598000.0,,,8.0,1.0,0.0,84.0,83.0,167.0,0.0,False,1702,1555,2.0,9206_ES,98.0,1,73.0,1,12.666666666666666,11.4,5.666666666666667,7.6,5.333333333333333,6.333333333333333,4.0,3.066666666666667,0.0,0.0,1.6666666666666667,0.8666666666666667,0.3333333333333333,0.13333333333333333,1.0,0.7333333333333333,0.0,0.0,0.89,0.89,1.49,1.49,1.72,1.72,5.333333333333333,4.6,0.3333333333333333,0.8,1.6666666666666667,1.6,72.0,77.8,81.0,81.4,278.0,267.53333333333336,1557.3333333333333,1668.0,1715.0,1612.8,78.5,83.1,82.2,88.0,1,hot,0.24590620803421598
131167,9206,http://live.fanfooty.com.au/game/matchcentre.html?id=9206,R1,2025,992016.0,Zach,Merrett,ES,21.0,96.0,89,63.0,78.0,108.0,14.0,12.0,3.0,3.0,0.0,0.0,1.0,2.0,0.0,Full Time,shovel,%P and %M plus %T... %s as well... Playing inside midfield,,,1041600.0,0.0,650100.0,,Midfielder,7.0,21.0,100.91,0.0,0.0,8.69,10.17,1019000.0,,,4.0,4.0,4.0,57.0,90.0,472.0,0.0,False,1702,1555,2.0,9206_ES,98.0,0,73.0,1,15.0,15.266666666666667,11.666666666666666,11.933333333333334,5.0,4.4,3.3333333333333335,4.6,0.0,0.0,0.6666666666666666,1.3333333333333333,0.3333333333333333,0.6666666666666666,1.0,0.6666666666666666,0.6666666666666666,0.7333333333333333,0.0,0.0,8.69,8.69,10.17,10.17,5.666666666666667,8.533333333333333,2.3333333333333335,3.7333333333333334,3.0,3.533333333333333,71.33333333333333,68.4,86.0,85.13333333333334,398.3333333333333,435.53333333333336,1612.0,1672.1333333333334,1669.3333333333333,1612.2,110.7,107.8,111.8,99.33333333333333,1,shovel,0.6468498846930015
131168,9206,http://live.fanfooty.com.au/game/matchcentre.html?id=9206,R1,2025,1005577.0,Sam,Draper,ES,27.0,88.0,103,73.0,73.0,90.0,9.0,3.0,2.0,5.0,25.0,2.0,2.0,1.0,2.0,Full Time,ruck,%H... also %P and %M plus %T... %s as well... First ruck,,,614400.0,0.0,422400.0,,Ruck,2.0,0.0,0.0,0.0,0.0,0.85,1.65,601000.0,,,14.0,5.0,5.0,50.0,82.0,293.0,0.0,False,1702,1555,2.0,9206_ES,98.0,1,73.0,1,7.666666666666667,7.6,3.0,3.6666666666666665,2.3333333333333335,3.1333333333333333,2.6666666666666665,2.2666666666666666,15.666666666666666,20.0,1.0,1.2,1.3333333333333333,1.8,1.0,0.7333333333333333,1.0,0.7333333333333333,0.0,0.0,0.85,0.85,1.65,1.65,9.333333333333334,7.2,3.6666666666666665,3.466666666666667,2.6666666666666665,3.8666666666666667,57.333333333333336,59.2,81.0,78.66666666666667,193.33333333333334,209.73333333333332,1612.0,1665.8,1669.3333333333333,1615.4,74.7,87.1,88.8,85.33333333333333,1,ruck,0.23174809328789964
131169,9206,http://live.fanfooty.com.au/game/matchcentre.html?id=9206,R1,2025,1015873.0,Archie,Perkins,ES,16.0,85.0,79,55.0,70.0,95.0,13.0,9.0,5.0,2.0,0.0,0.0,1.0,1.0,2.0,Full Time,yinyang,Woke up for the second half after a quiet start... %s from %P and %M plus %T,wing,Starting forward,621200.0,,368900.0,,Forward,16.0,0.0,0.0,0.0,0.58,0.37,0.37,607000.0,,,8.0,4.0,2.0,77.0,85.0,344.0,0.0,False,1702,1555,2.0,9206_ES,98.0,0,73.0,1,12.0,9.6,4.666666666666667,5.733333333333333,5.0,3.6,1.6666666666666667,3.3333333333333335,0.0,0.0,0.6666666666666666,0.6,0.3333333333333333,0.6,0.3333333333333333,0.26666666666666666,1.0,0.5333333333333333,0.58,0.58,0.37,0.37,0.37,0.37,6.0,5.533333333333333,1.6666666666666667,1.8,1.0,2.2,67.66666666666667,65.73333333333333,74.0,65.13333333333334,316.0,267.8,1612.0,1687.3333333333333,1669.3333333333333,1597.6,65.85,59.4,60.0,70.33333333333333,1,yinyang,0.1775774251464957
131170,9206,http://live.fanfooty.com.au/game/matchcentre.html?id=9206,R1,2025,997078.0,Mason,Redman,ES,19.0,82.0,82,62.0,60.0,86.0,12.0,7.0,2.0,7.0,0.0,2.0,2.0,0.0,2.0,Full Time,shovel,%P and %M plus %T... %s as well... In midfield starting on Newcombe,,,792100.0,0.0,507800.0,,Back,27.0,2.0,81.5,0.0,0.0,0.92,1.21,774000.0,,,6.0,2.0,2.0,89.0,92.0,374.0,0.0,False,1702,1555,2.0,9206_ES,98.0,0,73.0,1,14.333333333333334,16.2,5.666666666666667,5.266666666666667,5.333333333333333,6.6,4.333333333333333,2.066666666666667,0.0,0.0,1.3333333333333333,0.9333333333333333,1.0,0.4666666666666667,0.0,0.13333333333333333,0.6666666666666666,0.2,0.0,0.0,0.92,0.92,1.21,1.21,3.6666666666666665,4.066666666666666,0.6666666666666666,0.5333333333333333,2.0,1.8,88.0,83.6,84.33333333333333,83.0,381.3333333333333,416.8666666666667,1612.0,1674.3333333333333,1669.3333333333333,1610.9333333333334,88.05,84.0,99.8,87.33333333333333,1,shovel,0.3092980102583965
131171,9206,http://live.fanfooty.com.au/game/matchcentre.html?id=9206,R1,2025,1011954.0,Nick,Bryan,ES,17.0,81.0,69,67.0,67.0,80.0,8.0,2.0,4.0,3.0,29.0,0.0,0.0,0.0,0.0,Full Time,ruckfwd,%H... also %P and %T... Playing a forward/ruck role,,,506400.0,,371000.0,,Ruck,24.0,0.0,0.0,0.0,0.13,0.08,0.26,466000.0,,,2.0,2.0,0.0,70.0,63.0,179.0,0.0,False,1702,1555,2.0,9206_ES,98.0,0,73.0,0,6.333333333333333,5.866666666666666,4.666666666666667,4.0,3.0,2.4,3.0,2.066666666666667,25.0,19.133333333333333,0.3333333333333333,0.7333333333333333,0.0,0.13333333333333333,0.0,0.06666666666666667,0.0,0.13333333333333333,0.13,0.3026666666666667,0.08,0.45333333333333337,0.26,0.15733333333333335,4.0,4.4,2.6666666666666665,1.8666666666666667,0.3333333333333333,1.2,81.33333333333333,70.93333333333334,69.66666666666667,59.13333333333333,197.33333333333334,152.26666666666668,1612.0,1624.6666666666667,1669.3333333333333,1660.2666666666667,61.6,74.3,68.4,72.33333333333333,1,ruckfwd,0.0551999710088055
131172,9206,http://live.fanfooty.com.au/game/matchcentre.html?id=9206,R1,2025,291783.0,Dylan,Shiel,ES,9.0,78.0,74,43.0,60.0,84.0,14.0,9.0,3.0,2.0,0.0,1.0,0.0,0.0,0.0,Full Time,guard,%P and %M plus %T... Playing half back,,,636800.0,0.0,388000.0,,Midfielder,9.0,20.0,89.5,0.0,0.0,0.3,0.29,623000.0,,,7.0,2.0,2.0,65.0,85.0,371.0,0.0,False,1702,1555,2.0,9206_ES,98.0,0,73.0,1,12.0,8.466666666666667,12.0,9.333333333333334,4.333333333333333,3.0,1.3333333333333333,3.0,0.0,0.0,0.3333333333333333,0.4,0.3333333333333333,0.4,0.0,0.13333333333333333,0.0,0.0,0.0,0.0,0.3,0.31333333333333335,0.29,0.3733333333333333,8.333333333333334,6.333333333333333,4.0,3.1333333333333333,2.0,1.6,76.33333333333333,72.46666666666667,73.33333333333333,59.6,316.0,214.33333333333334,1612.0,1662.5333333333333,1669.3333333333333,1620.8,70.65,76.5,81.4,78.0,1,guard,0.16422349831114974
131173,9206,http://live.fanfooty.com.au/game/matchcentre.html?id=9206,R1,2025,1015810.0,Sam,Durham,ES,14.0,75.0,92,62.0,63.0,90.0,8.0,15.0,3.0,4.0,0.0,2.0,2.0,0.0,0.0,Full Time,daysy,%P and %M plus %T... Tagging Day,,,581400.0,,364500.0,,Midfielder,22.0,0.0,0.0,0.0,0.35,0.99,0.54,569000.0,,,17.0,4.0,4.0,73.0,83.0,210.0,0.0,False,1702,1555,2.0,9206_ES,98.0,0,73.0,1,8.666666666666666,11.466666666666667,11.666666666666666,10.733333333333333,4.0,4.4,3.6666666666666665,4.4,0.0,0.0,1.0,1.1333333333333333,0.6666666666666666,1.4666666666666666,0.0,0.4666666666666667,0.0,0.2,0.35,0.35,0.99,0.99,0.54,0.54,7.666666666666667,8.866666666666667,2.3333333333333335,4.066666666666666,2.6666666666666665,3.7333333333333334,86.33333333333333,74.66666666666667,81.66666666666667,77.2,225.0,382.2,1612.0,1672.1333333333334,1669.3333333333333,1612.2,92.45,90.9,87.6,76.0,1,daysy,0.39995484607158416
131175,9206,http://live.fanfooty.com.au/game/matchcentre.html?id=9206,R1,2025,1011755.0,Harrison,Jones,ES,15.0,72.0,74,51.0,57.0,75.0,11.0,3.0,6.0,3.0,0.0,0.0,1.0,1.0,0.0,Full Time,wing,%s from %P and %M plus %T... Starting on a wing on D'Ambrosio,,,316000.0,,244500.0,,Forward,23.0,0.0,0.0,0.0,0.22,0.47,0.41,328000.0,,,7.0,2.0,2.0,71.0,79.0,209.0,0.0,False,1702,1555,2.0,9206_ES,98.0,0,73.0,1,6.333333333333333,7.2,4.666666666666667,4.2,4.0,4.933333333333334,2.3333333333333335,1.5333333333333334,0.0,0.0,0.3333333333333333,0.4666666666666667,0.6666666666666666,0.26666666666666666,0.6666666666666666,0.7333333333333333,0.0,0.4666666666666667,0.22,0.22,0.47,0.47,0.41,0.41,5.666666666666667,4.0,1.0,0.6,2.6666666666666665,1.9333333333333333,69.66666666666667,72.6,80.0,75.4,155.0,165.6,1612.0,1667.0,1669.3333333333333,1617.7333333333333,58.35,63.9,57.2,52.0,1,wing,0.06007188722915485
131177,9206,http://live.fanfooty.com.au/game/matchcentre.html?id=9206,R1,2025,1009386.0,Jaxon,Prior,ES,9.0,62.0,50,43.0,48.0,60.0,10.0,1.0,7.0,2.0,0.0,1.0,0.0,0.0,0.0,Full Time,guard,%P including %K... also %M and %T... Playing a half back role,,,396800.0,,173500.0,,Midfielder,25.0,0.0,0.0,0.0,0.09,0.26,0.03,422000.0,,,1.0,0.0,0.0,90.0,92.0,195.0,0.0,False,1702,1555,2.0,9206_ES,98.0,0,73.0,0,6.0,9.2,1.0,2.466666666666667,3.3333333333333335,4.333333333333333,1.3333333333333333,2.3333333333333335,0.0,0.0,0.3333333333333333,0.8,0.0,0.4,0.0,0.06666666666666667,0.0,0.2,0.09,0.10200000000000001,0.26,0.13733333333333334,0.03,0.03666666666666667,0.6666666666666666,3.466666666666667,0.0,0.6,0.0,2.2666666666666666,80.33333333333333,66.06666666666666,62.0,72.2,153.0,245.4,1639.6666666666667,1647.4666666666667,1632.3333333333333,1634.6666666666667,50.8,44.9,41.4,33.666666666666664,1,guard,0.03852118308845456
131178,9206,http://live.fanfooty.com.au/game/matchcentre.html?id=9206,R1,2025,1017088.0,Ben,Hobbs,ES,14.0,57.0,60,63.0,42.0,63.0,3.0,10.0,1.0,7.0,0.0,0.0,1.0,0.0,0.0,Full Time,wing,%P including %B... also %T... Playing a half forward role,,,706000.0,,413900.0,,Forward,8.0,0.0,0.0,0.0,0.35,0.43,0.56,691000.0,,,5.0,1.0,2.0,84.0,64.0,60.0,1.0,False,1702,1555,2.0,9206_ES,98.0,0,73.0,0,3.6666666666666665,6.733333333333333,7.0,6.733333333333333,1.6666666666666667,2.3333333333333335,3.3333333333333335,3.533333333333333,0.0,0.0,0.3333333333333333,0.8,1.0,1.0,0.3333333333333333,0.13333333333333333,0.3333333333333333,0.2,0.35,0.35533333333333333,0.43,0.43533333333333335,0.56,0.552,3.6666666666666665,4.666666666666667,0.6666666666666666,1.2666666666666666,1.3333333333333333,2.3333333333333335,81.33333333333333,69.53333333333333,55.333333333333336,60.53333333333333,87.66666666666667,193.6,1612.0,1644.8,1669.3333333333333,1635.0,55.95,47.3,41.4,43.0,1,wing,0.04710658213926192
131182,9206,http://live.fanfooty.com.au/game/matchcentre.html?id=9206,R1,2025,298421.0,Jade,Gresham,ES,9.0,44.0,48,27.0,37.0,51.0,7.0,5.0,2.0,1.0,0.0,0.0,1.0,1.0,0.0,Full Time,wing,On after HT for Ridley... %P and %M plus %s,sub,Started as the sub,679200.0,,373200.0,,Midfielder,11.0,0.0,0.0,0.0,1.06,1.47,1.24,664000.0,,,6.0,1.0,1.0,75.0,50.0,162.0,0.0,False,1702,1555,2.0,9206_ES,98.0,0,73.0,0,5.666666666666667,6.733333333333333,6.333333333333333,6.666666666666667,2.6666666666666665,2.533333333333333,0.6666666666666666,2.4,0.0,0.0,0.3333333333333333,0.3333333333333333,1.0,0.9333333333333333,0.6666666666666666,0.7333333333333333,0.6666666666666666,0.5333333333333333,1.06,1.06,1.47,1.47,1.24,1.24,5.666666666666667,4.533333333333333,0.6666666666666666,1.2666666666666666,1.3333333333333333,2.6666666666666665,71.33333333333333,65.66666666666667,71.66666666666667,77.93333333333334,131.0,151.6,1612.0,1665.8,1669.3333333333333,1618.6,57.1,53.2,51.0,50.333333333333336,1,wing,0.05644945772401465
131183,9206,http://live.fanfooty.com.au/game/matchcentre.html?id=9206,R1,2025,1002143.0,Ben,McKay,ES,4.0,42.0,36,36.0,33.0,42.0,5.0,2.0,5.0,2.0,0.0,0.0,0.0,0.0,0.0,Full Time,job,%P including %K... also %M and %T... Has to stand the smaller Hardwick today,,,485700.0,0.0,353300.0,,Back,32.0,0.0,0.0,0.0,0.0,0.55,0.86,475000.0,,,3.0,0.0,2.0,85.0,96.0,71.0,0.0,False,1702,1555,2.0,9206_ES,98.0,0,73.0,0,6.666666666666667,6.933333333333334,5.0,5.466666666666667,5.0,4.866666666666666,1.6666666666666667,1.2,0.0,0.0,0.3333333333333333,1.0,0.0,0.4,0.0,0.0,0.0,0.0,0.0,0.0,0.55,0.55,0.86,0.86,3.3333333333333335,5.533333333333333,0.0,0.06666666666666667,1.6666666666666667,1.8,82.0,85.73333333333333,96.0,98.93333333333334,128.66666666666666,129.73333333333332,1612.0,1672.1333333333334,1669.3333333333333,1612.2,64.85,69.4,60.4,51.666666666666664,1,job,0.07918223426993844
131184,9206,http://live.fanfooty.com.au/game/matchcentre.html?id=9206,R1,2025,298630.0,Kyle,Langford,ES,9.0,41.0,53,28.0,36.0,48.0,5.0,6.0,0.0,1.0,0.0,1.0,1.0,2.0,0.0,Full Time,injured,Right hamstring pull in Q3... %P and %s,spearhead,Playing tall forward,673700.0,0.0,442000.0,,Midfielder,4.0,15.0,77.6,0.0,0.0,0.45,0.69,659000.0,,,5.0,1.0,2.0,72.0,62.0,159.0,1.0,True,1702,1555,2.0,9206_ES,98.0,0,73.0,0,9.333333333333334,8.266666666666667,7.333333333333333,4.6,4.0,5.066666666666666,2.6666666666666665,2.533333333333333,0.0,0.06666666666666667,1.3333333333333333,0.6666666666666666,0.6666666666666666,0.5333333333333333,2.0,1.4,0.6666666666666666,0.9333333333333333,0.0,0.0,0.45,0.45,0.69,0.69,6.666666666666667,4.8,0.3333333333333333,0.2,2.3333333333333335,2.066666666666667,71.66666666666667,66.4,78.33333333333333,87.53333333333333,277.6666666666667,250.33333333333334,1612.0,1672.1333333333334,1669.3333333333333,1612.2,78.6,79.1,80.6,83.0,1,injured,0.21834330347188624
131185,9207,http://live.fanfooty.com.au/game/matchcentre.html?id=9207,R1,2025,1006130.0,Bailey,Smith,GE,27.0,126.0,147,160.0,97.0,133.0,19.0,13.0,5.0,5.0,0.0,1.0,0.0,1.0,1.0,Full Time,zombie,%P and %M plus %T... %s as well,shovel,Starting at half forward and joining midfield,768400.0,,448600.0,,Midfielder,3.0,0.0,0.0,0.0,1.42,0.84,1.14,752000.0,,,15.0,7.0,3.0,71.0,80.0,693.0,1.0,False,1445,1844,2.0,9207_GE,98.0,1,73.0,1,12.666666666666666,11.666666666666666,11.0,12.133333333333333,2.3333333333333335,2.8,5.333333333333333,3.8,0.0,0.0,0.6666666666666666,0.4666666666666667,0.0,0.5333333333333333,0.3333333333333333,0.3333333333333333,0.3333333333333333,0.4666666666666667,4.746666666666667,6.077333333333333,2.393333333333333,3.0146666666666664,4.4,5.704,8.0,8.133333333333333,4.0,3.466666666666667,2.6666666666666665,2.8666666666666667,69.33333333333333,67.13333333333334,79.66666666666667,81.93333333333334,406.0,334.53333333333336,1641.6666666666667,1694.6666666666667,1636.0,1594.0,83.15,77.8,78.2,92.33333333333333,1,zombie,0.07729069930657435
131186,9207,http://live.fanfooty.com.au/game/matchcentre.html?id=9207,R1,2025,1009229.0,Sam,De Koning,GE,36.0,124.0,109,153.0,103.0,129.0,15.0,10.0,6.0,4.0,18.0,4.0,1.0,1.0,0.0,Full Time,cherry,%P and %M plus %T... %s as well... umps paid him %4FF,ruck,In ruck,442500.0,,343600.0,,Back,16.0,0.0,0.0,0.0,0.4,0.6,1.03,432000.0,,,7.0,3.0,5.0,64.0,78.0,481.0,1.0,False,1445,1844,2.0,9207_GE,98.0,1,73.0,1,8.0,6.866666666666666,7.333333333333333,8.933333333333334,4.333333333333333,3.466666666666667,1.3333333333333333,1.6666666666666667,6.0,7.666666666666667,1.6666666666666667,1.0,1.0,1.1333333333333333,0.3333333333333333,0.26666666666666666,0.0,0.0,0.4,0.4,0.6,0.6,1.03,1.03,5.666666666666667,7.2,1.0,1.8666666666666667,3.0,2.8,75.0,72.86666666666666,70.0,81.66666666666667,223.0,197.0,1699.6666666666667,1647.5333333333333,1591.6666666666667,1641.8666666666666,69.25,77.3,69.2,64.33333333333333,1,cherry,0.16953776244455854
131187,9207,http://live.fanfooty.com.au/game/matchcentre.html?id=9207,R1,2025,1000937.0,Jack,Henry,GE,25.0,117.0,99,153.0,95.0,117.0,20.0,4.0,14.0,1.0,0.0,3.0,0.0,0.0,0.0,Full Time,heart,Copped a heavy Treacy knee to the torso in Q2 and came off sore... %P including %K... also %M... aided by %4FF,job,At FB on Amiss,457300.0,0.0,370400.0,,Back,38.0,20.0,54.75,0.0,0.0,0.2,0.29,447000.0,,,10.0,0.0,6.0,79.0,95.0,236.0,0.0,True,1445,1844,2.0,9207_GE,98.0,1,73.0,1,12.0,10.266666666666667,2.6666666666666665,2.8666666666666667,7.0,7.066666666666666,1.0,1.6,0.0,0.0,2.3333333333333335,1.0666666666666667,0.3333333333333333,0.26666666666666666,0.0,0.0,0.0,0.0,0.0,0.0,0.2,0.2,0.29,0.29,7.0,5.866666666666666,0.0,0.13333333333333333,3.0,1.5333333333333334,73.0,81.33333333333333,90.33333333333333,93.33333333333333,190.0,167.46666666666667,1754.0,1660.4666666666667,1531.6666666666667,1616.0666666666666,70.15,78.3,76.8,68.33333333333333,1,heart,0.13270345348503157
131188,9207,http://live.fanfooty.com.au/game/matchcentre.html?id=9207,R1,2025,1015889.0,Max,Holmes,GE,22.0,106.0,125,136.0,82.0,111.0,16.0,8.0,4.0,5.0,0.0,1.0,1.0,2.0,0.0,Full Time,star,%P and %M plus %T... %s as well,shovel,On ball,700100.0,,446000.0,,Midfielder,9.0,0.0,0.0,0.0,0.44,0.52,0.49,685000.0,,,11.0,7.0,3.0,75.0,74.0,406.0,1.0,False,1445,1844,2.0,9207_GE,98.0,1,73.0,1,16.333333333333332,14.6,7.666666666666667,8.6,5.333333333333333,5.533333333333333,3.3333333333333335,2.933333333333333,0.0,0.0,1.3333333333333333,1.0,1.0,0.8,0.6666666666666666,0.5333333333333333,0.6666666666666666,0.26666666666666666,0.44,0.44,0.52,0.52,0.49,0.49,9.0,8.2,5.0,4.066666666666666,2.3333333333333335,3.2666666666666666,71.66666666666667,67.2,67.66666666666667,76.0,560.0,529.0,1754.0,1660.4666666666667,1531.6666666666667,1616.0666666666666,102.95,98.9,109.4,117.66666666666667,1,star,0.62137804854666
131190,9207,http://live.fanfooty.com.au/game/matchcentre.html?id=9207,R1,2025,293845.0,Jeremy,Cameron,GE,27.0,101.0,79,127.0,85.0,103.0,12.0,3.0,8.0,3.0,0.0,1.0,1.0,4.0,1.0,Full Time,vulture,Most of his goals in late garbage time... %s from %P and %M plus %T,spearhead,At CHF on Draper,765500.0,0.0,462700.0,,Forward,5.0,15.0,78.87,0.0,0.0,3.32,2.41,749000.0,,,8.0,2.0,3.0,60.0,89.0,285.0,0.0,False,1445,1844,2.0,9207_GE,98.0,0,73.0,1,12.666666666666666,11.133333333333333,4.333333333333333,4.4,5.333333333333333,5.466666666666667,1.3333333333333333,2.2,0.0,0.0,1.3333333333333333,0.6666666666666666,0.3333333333333333,0.8666666666666667,3.3333333333333335,2.6,2.3333333333333335,1.8,0.0,0.0,3.32,3.32,2.41,2.41,6.666666666666667,4.933333333333334,1.6666666666666667,0.6,3.0,2.7333333333333334,63.666666666666664,63.733333333333334,90.66666666666667,94.13333333333334,359.0,337.4,1754.0,1647.5333333333333,1531.6666666666667,1638.1333333333334,84.2,82.8,81.8,87.66666666666667,1,vulture,0.21798726322797526
131191,9207,http://live.fanfooty.com.au/game/matchcentre.html?id=9207,R1,2025,291800.0,Tom,Stewart,GE,19.0,95.0,100,128.0,79.0,105.0,20.0,3.0,11.0,1.0,0.0,1.0,3.0,0.0,0.0,Full Time,heart,Ran his head into the torso of Jackson at a centre bounce early in Q1 and came off with sore neck... returned just before QT... %P including %K... also %M... conceded %F,plusone,Loose behind the ball,888900.0,0.0,635300.0,,Back,44.0,20.0,77.8,0.0,0.0,27.62,18.38,869000.0,,,5.0,0.0,4.0,91.0,77.0,535.0,0.0,True,1445,1844,2.0,9207_GE,98.0,1,73.0,1,14.0,16.0,4.666666666666667,6.0,6.0,6.933333333333334,1.0,3.2,0.0,0.0,1.0,1.0666666666666667,2.0,0.9333333333333333,0.0,0.06666666666666667,0.0,0.13333333333333333,0.0,0.0,27.62,27.62,18.38,18.38,6.333333333333333,8.2,0.6666666666666666,2.466666666666667,3.6666666666666665,2.933333333333333,84.33333333333333,74.86666666666666,61.666666666666664,75.26666666666667,405.0,405.1333333333333,1750.3333333333333,1646.8,1486.0,1629.0,96.25,102.6,85.2,82.0,1,heart,0.3559803273871034
131192,9207,http://live.fanfooty.com.au/game/matchcentre.html?id=9207,R1,2025,1004938.0,Gryan,Miers,GE,27.0,94.0,70,128.0,70.0,91.0,14.0,0.0,8.0,6.0,0.0,0.0,1.0,1.0,1.0,Full Time,wing,First goal... %s from %P and %M plus %T... Playing a half forward role,,,696600.0,0.0,451500.0,,Forward,32.0,0.0,0.0,0.0,0.0,0.32,0.5,681000.0,,,3.0,2.0,2.0,50.0,89.0,260.0,0.0,False,1445,1844,2.0,9207_GE,98.0,0,73.0,0,14.333333333333334,11.4,4.0,7.066666666666666,6.0,4.4,5.666666666666667,4.8,0.0,0.0,0.0,0.4666666666666667,0.3333333333333333,0.4,2.0,0.8,0.3333333333333333,0.6666666666666666,0.0,0.0,0.32,0.32,0.5,0.5,6.0,6.333333333333333,2.3333333333333335,2.0,3.0,3.0,65.33333333333333,61.93333333333333,80.0,84.46666666666667,321.6666666666667,279.53333333333336,1754.0,1660.4666666666667,1531.6666666666667,1616.0666666666666,83.3,82.1,92.8,101.0,1,wing,0.21113829696220218
131193,9207,http://live.fanfooty.com.au/game/matchcentre.html?id=9207,R1,2025,1004870.0,Zach,Guthrie,GE,14.0,93.0,102,123.0,72.0,93.0,19.0,2.0,9.0,1.0,0.0,1.0,0.0,0.0,0.0,Full Time,guard,%P including %K... also %M... Starting at half back,,,647200.0,0.0,411400.0,,Back,39.0,7.0,45.86,0.0,0.0,0.25,0.27,633000.0,,,3.0,0.0,1.0,90.0,80.0,491.0,0.0,False,1445,1844,2.0,9207_GE,98.0,1,73.0,1,18.0,13.733333333333333,4.0,4.533333333333333,8.333333333333334,6.333333333333333,2.3333333333333335,2.0,0.0,0.0,2.0,0.7333333333333333,0.0,0.4,0.0,0.06666666666666667,0.3333333333333333,0.06666666666666667,0.0,0.0,0.25,0.25,0.27,0.27,6.333333333333333,5.466666666666667,0.3333333333333333,0.4666666666666667,1.0,1.5333333333333334,86.0,82.2,81.33333333333333,82.8,482.6666666666667,348.8,1754.0,1660.4666666666667,1531.6666666666667,1616.0666666666666,88.2,94.5,100.8,110.66666666666667,1,guard,0.30208555947737986
131195,9207,http://live.fanfooty.com.au/game/matchcentre.html?id=9207,R1,2025,1025034.0,Oliver,Dempsey,GE,21.0,81.0,80,103.0,65.0,85.0,8.0,7.0,4.0,5.0,0.0,1.0,1.0,2.0,1.0,Full Time,wing,%s from %P and %M plus %T... Starting on a wing on Worner,,,242200.0,,148400.0,,Forward,28.0,0.0,0.0,0.0,0.27,0.22,0.57,252000.0,,,6.0,0.0,2.0,80.0,88.0,177.0,0.0,False,1445,1844,2.0,9207_GE,98.0,0,73.0,1,9.0,9.466666666666667,6.0,9.066666666666666,4.666666666666667,4.466666666666667,3.0,2.6,0.0,0.0,0.3333333333333333,0.6,0.3333333333333333,0.26666666666666666,1.0,1.1333333333333333,1.0,0.5333333333333333,0.27,0.27,0.22,0.22,0.57,0.57,5.666666666666667,6.666666666666667,1.3333333333333333,1.2,2.6666666666666665,2.4,66.66666666666667,70.4,90.0,89.86666666666666,209.33333333333334,266.1333333333333,1754.0,1660.4666666666667,1531.6666666666667,1616.0666666666666,76.45,77.4,78.0,72.33333333333333,1,wing,0.12725630800541543
131196,9207,http://live.fanfooty.com.au/game/matchcentre.html?id=9207,R1,2025,994386.0,Tom,Atkins,GE,44.0,80.0,85,110.0,53.0,75.0,5.0,5.0,1.0,12.0,0.0,1.0,1.0,1.0,0.0,Full Time,shovel,%P and %T plus %s... Starting in midfield,,,737500.0,,486500.0,,Back,30.0,0.0,0.0,0.0,0.22,0.19,0.2,721000.0,,,7.0,2.0,2.0,50.0,80.0,199.0,0.0,False,1445,1844,2.0,9207_GE,98.0,0,73.0,1,6.666666666666667,8.8,6.666666666666667,8.8,1.3333333333333333,1.8,7.333333333333333,6.333333333333333,0.0,0.0,1.0,1.4666666666666666,0.6666666666666666,1.2666666666666666,0.3333333333333333,0.06666666666666667,0.3333333333333333,0.13333333333333333,0.22,0.22,0.19,0.19,0.2,0.2,7.0,9.133333333333333,3.3333333333333335,3.8666666666666667,2.3333333333333335,3.6,61.0,67.53333333333333,77.66666666666667,73.6,219.0,237.4,1754.0,1654.7333333333333,1531.6666666666667,1618.9333333333334,80.55,73.2,73.2,75.33333333333333,1,shovel,0.2003931116506595
131197,9207,http://live.fanfooty.com.au/game/matchcentre.html?id=9207,R1,2025,296733.0,Mark,Blicavs,GE,7.0,68.0,81,87.0,53.0,67.0,9.0,3.0,4.0,3.0,10.0,1.0,0.0,0.0,0.0,Full Time,cyclone,%P including %K... also %M and %T... Following Treacy,,,751900.0,0.0,511800.0,,Midfielder,46.0,21.0,61.24,0.0,0.0,0.59,0.82,736000.0,,,5.0,3.0,1.0,75.0,80.0,173.0,0.0,False,1445,1844,2.0,9207_GE,98.0,0,73.0,1,8.333333333333334,7.4,3.6666666666666665,6.933333333333334,4.333333333333333,3.7333333333333334,2.0,3.1333333333333333,8.666666666666666,9.733333333333333,1.0,0.8666666666666667,0.3333333333333333,0.8,0.3333333333333333,0.2,0.3333333333333333,0.3333333333333333,0.0,0.0,0.59,0.59,0.82,0.82,6.333333333333333,6.733333333333333,2.3333333333333335,2.2666666666666666,2.0,3.0,78.66666666666667,64.93333333333334,82.66666666666667,82.2,215.33333333333334,211.73333333333332,1754.0,1651.4,1531.6666666666667,1624.0666666666666,68.05,74.4,78.4,78.66666666666667,1,cyclone,0.30897842896461575
131198,9207,http://live.fanfooty.com.au/game/matchcentre.html?id=9207,R1,2025,997230.0,Tyson,Stengle,GE,21.0,67.0,79,87.0,58.0,78.0,7.0,5.0,3.0,5.0,0.0,1.0,4.0,3.0,0.0,Full Time,pocket,%s from %P and %M plus %T... not helped by %F... Playing a FP role,,,497900.0,,321800.0,,Forward,18.0,0.0,0.0,0.0,0.18,0.23,0.51,487000.0,,,8.0,1.0,5.0,75.0,79.0,193.0,0.0,False,1445,1844,2.0,9207_GE,98.0,0,73.0,1,8.0,8.4,4.0,4.666666666666667,2.6666666666666665,2.4,3.0,2.7333333333333334,0.0,0.0,0.3333333333333333,0.6,2.0,0.7333333333333333,2.3333333333333335,1.7333333333333334,0.6666666666666666,0.6666666666666666,0.18,0.18,0.23,0.23,0.51,0.51,5.666666666666667,5.866666666666666,0.6666666666666666,1.4,3.6666666666666665,2.533333333333333,62.333333333333336,60.333333333333336,79.66666666666667,82.8,176.0,210.53333333333333,1754.0,1660.4666666666667,1531.6666666666667,1616.0666666666666,71.1,73.5,73.2,71.66666666666667,1,pocket,0.09469670513712823
131199,9207,http://live.fanfooty.com.au/game/matchcentre.html?id=9207,R1,2025,998260.0,Jack,Bowes,GE,20.0,64.0,62,86.0,44.0,60.0,6.0,3.0,2.0,7.0,0.0,0.0,0.0,1.0,0.0,Full Time,shovel,%P and %M plus %T... %s as well... Rotating in midfield,,,560300.0,0.0,341900.0,,Back,12.0,15.0,62.33,0.0,0.0,0.28,0.4,548000.0,,,2.0,0.0,0.0,44.0,80.0,152.0,0.0,False,1445,1844,2.0,9207_GE,98.0,0,73.0,0,9.666666666666666,11.866666666666667,3.6666666666666665,6.666666666666667,3.6666666666666665,3.4,4.333333333333333,4.933333333333334,0.0,0.0,0.3333333333333333,0.9333333333333333,1.3333333333333333,1.0,1.0,0.6,0.0,0.26666666666666666,0.0,0.0,0.28,0.28,0.4,0.4,5.333333333333333,7.733333333333333,1.6666666666666667,3.6666666666666665,3.0,3.3333333333333335,56.0,63.53333333333333,80.66666666666667,73.46666666666667,285.6666666666667,364.06666666666666,1754.0,1660.4666666666667,1531.6666666666667,1616.0666666666666,82.65,81.7,90.0,71.66666666666667,1,shovel,0.21615432820286967
131200,9207,http://live.fanfooty.com.au/game/matchcentre.html?id=9207,R1,2025,999326.0,Brad,Close,GE,13.0,61.0,76,77.0,46.0,63.0,9.0,6.0,1.0,3.0,0.0,1.0,0.0,1.0,0.0,Full Time,pocket,%P and %T plus %s... Playing a forward role,,,515500.0,,372600.0,,,45.0,0.0,0.0,0.0,0.22,0.09,0.16,505000.0,,,6.0,0.0,3.0,66.0,75.0,132.0,0.0,False,1445,1844,2.0,9207_GE,98.0,0,73.0,1,8.0,6.666666666666667,8.333333333333334,5.866666666666666,1.6666666666666667,2.8666666666666667,1.6666666666666667,2.3333333333333335,0.0,0.0,1.0,0.7333333333333333,0.0,0.26666666666666666,0.3333333333333333,0.8,1.0,0.4666666666666667,0.22,0.22,0.09,0.09,0.16,0.16,5.333333333333333,3.1333333333333333,0.0,0.4,2.6666666666666665,1.8,72.0,72.46666666666667,80.0,83.53333333333333,211.33333333333334,170.46666666666667,1754.0,1660.4666666666667,1531.6666666666667,1616.0666666666666,58.75,51.7,53.4,66.66666666666667,1,pocket,0.0647616745634925
131201,9207,http://live.fanfooty.com.au/game/matchcentre.html?id=9207,R1,2025,270917.0,Patrick,Dangerfield,GE,10.0,59.0,80,71.0,47.0,60.0,6.0,6.0,0.0,3.0,1.0,2.0,0.0,2.0,2.0,Full Time,midfwd,%P and %T plus %s... Mostly starting forward with centre rotations,,,737300.0,0.0,490300.0,,Midfielder,35.0,20.0,103.8,0.0,0.0,0.56,0.41,721000.0,,,8.0,1.0,1.0,66.0,70.0,215.0,1.0,False,1445,1844,2.0,9207_GE,98.0,0,73.0,1,8.333333333333334,11.333333333333334,11.666666666666666,7.733333333333333,2.0,3.0,2.3333333333333335,3.466666666666667,0.3333333333333333,0.13333333333333333,1.0,1.2666666666666666,1.6666666666666667,1.3333333333333333,1.0,0.6,0.6666666666666666,0.4,0.0,0.0,0.56,0.56,0.41,0.41,11.0,10.8,3.3333333333333335,4.8,5.333333333333333,4.0,69.0,62.666666666666664,71.33333333333333,70.33333333333333,306.3333333333333,411.93333333333334,1754.0,1659.1333333333334,1531.6666666666667,1617.2,83.85,83.6,88.2,83.33333333333333,1,midfwd,0.23552829837209568
131202,9207,http://live.fanfooty.com.au/game/matchcentre.html?id=9207,R1,2025,1016433.0,Shannon,Neale,GE,11.0,57.0,70,75.0,50.0,64.0,7.0,2.0,5.0,3.0,6.0,1.0,3.0,1.0,1.0,Full Time,x-factor,His Q4 work was crucial in icing the game... %s from %P and %M plus %T... conceded %F,moose,Starting at FF on Pearce with ruck support,354400.0,,201200.0,,Forward,33.0,0.0,0.0,0.0,0.04,0.09,0.17,342000.0,,,5.0,0.0,3.0,88.0,84.0,264.0,0.0,False,1445,1844,2.0,9207_GE,98.0,0,73.0,0,6.666666666666667,5.933333333333334,2.3333333333333335,3.2666666666666666,6.0,4.133333333333334,1.3333333333333333,1.8666666666666667,2.0,3.6666666666666665,0.3333333333333333,0.8,2.0,1.2666666666666666,1.0,1.4,1.0,0.7333333333333333,0.04,0.04,0.09,0.09,0.17,0.17,4.333333333333333,4.666666666666667,0.0,0.4,4.0,3.066666666666667,62.333333333333336,64.66666666666667,84.33333333333333,79.33333333333333,234.0,157.73333333333332,1754.0,1667.4666666666667,1531.6666666666667,1605.6,53.3,58.9,54.8,47.0,1,x-factor,0.07441552441924619
131203,9207,http://live.fanfooty.com.au/game/matchcentre.html?id=9207,R1,2025,1012860.0,Oliver,Henry,GE,15.0,56.0,48,68.0,46.0,57.0,6.0,3.0,2.0,2.0,0.0,0.0,0.0,3.0,0.0,Full Time,spearhead,%s from %P and %M plus %T... Starting forward on Cox,,,515600.0,,332800.0,,Forward,36.0,0.0,0.0,0.0,0.31,0.24,0.31,505000.0,,,4.0,1.0,4.0,55.0,85.0,146.0,0.0,False,1445,1844,2.0,9207_GE,98.0,0,73.0,0,8.333333333333334,5.866666666666666,3.6666666666666665,3.066666666666667,3.0,2.8,2.0,1.4666666666666666,0.0,0.0,0.6666666666666666,0.6666666666666666,0.3333333333333333,0.3333333333333333,2.6666666666666665,1.4,1.0,0.8,0.31,0.31,0.24,0.24,0.31,0.31,6.666666666666667,4.4,0.3333333333333333,0.26666666666666666,3.0,2.0,60.333333333333336,59.733333333333334,89.0,77.6,198.33333333333334,166.0,1754.0,1626.6666666666667,1531.6666666666667,1648.7333333333333,54.8,61.6,76.6,83.33333333333333,1,spearhead,0.06700031309841893
131205,9207,http://live.fanfooty.com.au/game/matchcentre.html?id=9207,R1,2025,1007102.0,Mark,O'Connor,GE,3.0,49.0,70,63.0,38.0,51.0,9.0,4.0,3.0,1.0,0.0,1.0,0.0,0.0,0.0,Full Time,injured,Subbed off in Q4 for Clark with a corked left thigh... %M and %P,subbed,Tagging Brayshaw,571400.0,0.0,372900.0,,Back,42.0,3.0,45.0,0.0,0.0,0.32,0.3,559000.0,,,6.0,2.0,1.0,84.0,73.0,271.0,1.0,True,1445,1844,2.0,9207_GE,98.0,0,73.0,0,7.333333333333333,7.866666666666666,2.0,5.533333333333333,3.0,4.333333333333333,1.3333333333333333,3.2,0.0,0.0,0.3333333333333333,0.8666666666666667,0.3333333333333333,0.5333333333333333,0.0,0.13333333333333333,0.0,0.2,0.0,0.0,0.32,0.2946666666666667,0.3,0.2733333333333333,3.6666666666666665,5.533333333333333,1.3333333333333333,1.3333333333333333,1.3333333333333333,1.5333333333333334,85.0,77.26666666666667,60.333333333333336,73.2,173.33333333333334,208.26666666666668,1705.3333333333333,1615.2666666666667,1588.0,1672.4666666666667,62.65,55.1,49.2,39.333333333333336,1,injured,0.07567934067811534
131208,9207,http://live.fanfooty.com.au/game/matchcentre.html?id=9207,R1,2025,294613.0,Jaeger,O'Meara,FR,20.0,99.0,79,84.0,86.0,121.0,9.0,22.0,6.0,3.0,0.0,0.0,1.0,0.0,1.0,Full Time,shovel,%P including %B... also %M and %T... and kicked %s... Rotating midfield and forward,,,696100.0,0.0,449200.0,,Midfielder,2.0,19.0,96.79,0.0,0.0,0.08,0.23,681000.0,,,12.0,6.0,5.0,74.0,82.0,332.0,0.0,False,1844,1445,2.0,9207_FR,98.0,0,73.0,1,10.666666666666666,9.866666666666667,11.0,8.2,5.0,4.533333333333333,4.0,3.4,0.0,0.0,0.3333333333333333,0.4666666666666667,1.3333333333333333,0.8,0.0,0.5333333333333333,0.3333333333333333,0.3333333333333333,0.0,0.0,0.08,0.08,0.23,0.23,7.0,5.2,3.3333333333333335,2.2666666666666666,3.3333333333333335,2.066666666666667,76.0,76.06666666666666,77.66666666666667,78.2,365.3333333333333,289.53333333333336,1519.6666666666667,1668.6666666666667,1764.6666666666667,1613.1333333333334,72.1,70.1,64.6,76.0,1,shovel,0.2058621366615028
131209,9207,http://live.fanfooty.com.au/game/matchcentre.html?id=9207,R1,2025,1002232.0,Andrew,Brayshaw,FR,30.0,95.0,101,84.0,75.0,106.0,8.0,18.0,1.0,6.0,0.0,1.0,0.0,1.0,1.0,Full Time,tagged,Tagged by O'Connor... %P and %T plus %s,wing,Playing in midfield,1017600.0,0.0,608900.0,,Midfielder,8.0,17.0,66.76,0.0,0.0,9.63,12.05,996000.0,,,11.0,6.0,3.0,76.0,85.0,361.0,0.0,False,1844,1445,2.0,9207_FR,98.0,1,73.0,1,10.666666666666666,13.133333333333333,22.666666666666668,16.666666666666668,3.6666666666666665,3.933333333333333,5.666666666666667,5.133333333333334,0.0,0.0,1.6666666666666667,1.4666666666666666,0.3333333333333333,1.4,0.3333333333333333,0.4,0.3333333333333333,0.5333333333333333,0.0,0.0,9.63,9.63,12.05,12.05,15.666666666666666,11.866666666666667,6.666666666666667,5.6,3.6666666666666665,4.133333333333334,71.33333333333333,69.53333333333333,85.33333333333333,83.73333333333333,400.6666666666667,375.2,1519.6666666666667,1668.6666666666667,1764.6666666666667,1613.1333333333334,109.05,117.6,117.8,125.0,1,tagged,0.7619188498950116
131210,9207,http://live.fanfooty.com.au/game/matchcentre.html?id=9207,R1,2025,1009399.0,Luke,Jackson,FR,26.0,93.0,91,80.0,84.0,102.0,7.0,9.0,2.0,3.0,39.0,3.0,2.0,0.0,0.0,Full Time,ruckfwd,%H... also %P and %T... umps paid him %4FF... Playing a ruck/forward role on O'Sullivan,,,781700.0,,547000.0,,Ruck,9.0,0.0,0.0,0.0,21.12,18.93,7.06,765000.0,,,6.0,4.0,3.0,81.0,86.0,294.0,0.0,False,1844,1445,2.0,9207_FR,98.0,0,73.0,1,5.666666666666667,5.533333333333333,9.0,9.266666666666667,1.6666666666666667,2.8,2.6666666666666665,3.8,19.333333333333332,16.733333333333334,2.6666666666666665,1.4,2.3333333333333335,1.5333333333333334,0.6666666666666666,0.8666666666666667,0.3333333333333333,0.6666666666666666,21.12,21.12,18.93,18.93,7.06,7.06,8.666666666666666,8.666666666666666,3.0,2.8,3.0,2.8666666666666667,78.66666666666667,69.26666666666667,83.66666666666667,81.8,185.0,171.93333333333334,1519.6666666666667,1668.6666666666667,1764.6666666666667,1613.1333333333334,89.25,87.2,78.8,88.33333333333333,1,ruckfwd,0.21486339752362338
131211,9207,http://live.fanfooty.com.au/game/matchcentre.html?id=9207,R1,2025,1016825.0,Matthew,Johnson,FR,19.0,89.0,98,64.0,71.0,102.0,12.0,15.0,3.0,4.0,0.0,1.0,1.0,0.0,0.0,Full Time,shovel,%P and %M plus %T... Playing central midfield,,,523500.0,,301800.0,,Midfielder,44.0,0.0,0.0,0.0,1.28,0.61,1.43,512000.0,,,9.0,3.0,4.0,70.0,80.0,369.0,0.0,False,1844,1445,2.0,9207_FR,98.0,1,73.0,1,8.0,8.666666666666666,7.0,8.333333333333334,1.3333333333333333,3.3333333333333335,1.6666666666666667,3.066666666666667,0.0,0.0,0.6666666666666666,0.6666666666666666,1.0,0.8666666666666667,0.0,0.2,1.0,0.5333333333333333,1.28,1.28,0.61,0.61,1.43,1.43,5.0,5.8,2.0,2.6,2.6666666666666665,2.1333333333333333,66.66666666666667,75.33333333333333,63.333333333333336,68.06666666666666,311.0,275.6666666666667,1519.6666666666667,1640.0,1764.6666666666667,1644.8666666666666,65.1,65.2,59.6,51.666666666666664,1,shovel,0.12289365112470457
131212,9207,http://live.fanfooty.com.au/game/matchcentre.html?id=9207,R1,2025,1009420.0,Caleb,Serong,FR,13.0,85.0,102,50.0,65.0,93.0,14.0,13.0,1.0,3.0,0.0,2.0,0.0,0.0,0.0,Full Time,shovel,%P and %T... In central midfield,,,997600.0,,621600.0,,Midfielder,3.0,0.0,0.0,0.0,10.27,9.92,5.58,976000.0,,,16.0,11.0,2.0,77.0,77.0,551.0,1.0,False,1844,1445,2.0,9207_FR,98.0,1,73.0,1,12.0,12.733333333333333,11.333333333333334,14.133333333333333,0.6666666666666666,1.7333333333333334,5.666666666666667,4.866666666666666,0.0,0.0,2.0,1.3333333333333333,0.0,0.5333333333333333,0.6666666666666666,0.7333333333333333,1.0,0.4,10.27,10.27,9.92,9.92,5.58,5.58,12.333333333333334,12.933333333333334,8.666666666666666,7.666666666666667,1.6666666666666667,2.4,68.66666666666667,67.73333333333333,82.66666666666667,82.13333333333334,403.0,396.8,1519.6666666666667,1668.6666666666667,1764.6666666666667,1613.1333333333334,111.65,105.1,106.4,105.33333333333333,1,shovel,0.6036947029259916
131213,9207,http://live.fanfooty.com.au/game/matchcentre.html?id=9207,R1,2025,1013220.0,Nathan,O'Driscoll,FR,19.0,85.0,91,62.0,66.0,93.0,11.0,14.0,2.0,4.0,0.0,2.0,0.0,0.0,0.0,Full Time,wing,%P and %M plus %T... Playing a wing role,,,521400.0,,278900.0,,Midfielder,30.0,0.0,0.0,0.0,0.18,0.13,0.18,510000.0,,,8.0,2.0,3.0,64.0,76.0,361.0,0.0,False,1844,1445,2.0,9207_FR,98.0,0,73.0,1,7.333333333333333,8.6,9.333333333333334,5.333333333333333,2.3333333333333335,3.7333333333333334,3.0,2.066666666666667,0.0,0.0,1.0,0.9333333333333333,0.3333333333333333,0.6666666666666666,0.3333333333333333,0.2,0.3333333333333333,0.2,0.18,0.24266666666666667,0.13,0.186,0.18,0.5226666666666666,5.0,4.0,1.6666666666666667,1.4,2.3333333333333335,2.466666666666667,73.0,68.33333333333333,56.333333333333336,69.6,283.6666666666667,227.0,1519.6666666666667,1621.3333333333333,1764.6666666666667,1665.9333333333334,55.25,57.0,51.8,65.33333333333333,1,wing,0.06300236395460075
131214,9207,http://live.fanfooty.com.au/game/matchcentre.html?id=9207,R1,2025,1006152.0,Jordan,Clark,FR,10.0,81.0,107,57.0,66.0,90.0,11.0,12.0,5.0,2.0,0.0,1.0,0.0,0.0,0.0,Full Time,guard,%P and %M plus %T... Starting at half back,,,705800.0,,461000.0,,Back,6.0,0.0,0.0,0.0,0.27,0.23,2.1,691000.0,,,6.0,1.0,1.0,91.0,87.0,262.0,0.0,False,1844,1445,2.0,9207_FR,98.0,1,73.0,1,10.333333333333334,16.333333333333332,9.0,8.6,3.3333333333333335,6.8,5.0,3.6,0.0,0.0,0.6666666666666666,1.1333333333333333,1.3333333333333333,0.8,0.0,0.2,0.0,0.0,0.27,0.27,0.23,0.23,2.1,2.1,5.333333333333333,5.733333333333333,2.6666666666666665,1.5333333333333334,3.6666666666666665,2.1333333333333333,75.66666666666667,81.26666666666667,88.0,86.26666666666667,295.6666666666667,406.3333333333333,1519.6666666666667,1668.6666666666667,1764.6666666666667,1613.1333333333334,104.15,103.6,99.8,83.33333333333333,1,guard,0.4017049358654618
131215,9207,http://live.fanfooty.com.au/game/matchcentre.html?id=9207,R1,2025,999321.0,Michael,Frederick,FR,17.0,76.0,60,58.0,58.0,75.0,10.0,3.0,4.0,4.0,0.0,0.0,0.0,2.0,0.0,Full Time,wing,%s from %P and %M plus %T... Running off a HFF,,,536300.0,,337700.0,,Forward,32.0,0.0,0.0,0.0,0.35,0.18,0.42,524000.0,,,2.0,0.0,3.0,76.0,81.0,270.0,0.0,False,1844,1445,2.0,9207_FR,98.0,0,73.0,0,7.666666666666667,7.133333333333334,3.0,3.2,3.6666666666666665,3.8,2.3333333333333335,1.6,0.0,0.0,0.6666666666666666,0.3333333333333333,0.6666666666666666,0.2,2.0,1.3333333333333333,0.0,0.8,0.35,0.35,0.18,0.18,0.42,0.42,3.3333333333333335,3.066666666666667,0.3333333333333333,0.3333333333333333,3.3333333333333335,1.6,73.0,70.0,76.0,70.6,237.33333333333334,206.2,1519.6666666666667,1670.1333333333334,1764.6666666666667,1613.9333333333334,54.85,55.2,62.6,54.0,1,wing,0.054376410595922194
131216,9207,http://live.fanfooty.com.au/game/matchcentre.html?id=9207,R1,2025,993940.0,Corey,Wagner,FR,8.0,71.0,77,40.0,55.0,81.0,12.0,12.0,1.0,2.0,0.0,0.0,0.0,0.0,0.0,Full Time,guard,%P and %T... Rotating at half back,,,671700.0,,410500.0,,Back,34.0,0.0,0.0,0.0,0.13,0.1,0.21,637000.0,,,6.0,0.0,4.0,75.0,85.0,466.0,0.0,False,1844,1445,2.0,9207_FR,98.0,0,73.0,1,11.0,11.266666666666667,7.666666666666667,6.066666666666666,1.6666666666666667,3.533333333333333,2.0,2.533333333333333,0.0,0.0,1.3333333333333333,0.6666666666666666,0.0,0.5333333333333333,0.0,0.0,0.0,0.0,0.13,7.363999999999999,0.1,7.53,0.21,1.7160000000000002,5.333333333333333,3.8,0.3333333333333333,0.8,3.0,2.2666666666666666,75.66666666666667,79.66666666666667,78.66666666666667,76.33333333333333,445.0,385.06666666666666,1519.6666666666667,1681.1333333333334,1764.6666666666667,1598.4,71.95,71.8,74.0,71.33333333333333,1,guard,0.14754406147301108
131218,9207,http://live.fanfooty.com.au/game/matchcentre.html?id=9207,R1,2025,998659.0,Luke,Ryan,FR,9.0,66.0,66,35.0,51.0,72.0,13.0,5.0,4.0,2.0,0.0,0.0,1.0,0.0,0.0,Full Time,plusone,%P including %K... also %M and %T... Loose behind the ball,,,917700.0,0.0,611800.0,,Back,13.0,20.0,76.9,0.0,0.0,3.0,2.55,897000.0,,,3.0,1.0,1.0,83.0,88.0,390.0,0.0,False,1844,1445,2.0,9207_FR,98.0,0,73.0,0,15.0,19.333333333333332,4.0,3.8,5.333333333333333,8.333333333333334,3.0,2.1333333333333333,0.0,0.0,0.6666666666666666,0.3333333333333333,0.6666666666666666,0.4,0.0,0.0,0.0,0.06666666666666667,0.0,0.0,3.0,3.0,2.55,2.55,4.333333333333333,3.4,0.6666666666666666,0.2,2.0,1.6666666666666667,80.0,85.26666666666667,87.33333333333333,92.33333333333333,492.3333333333333,496.6666666666667,1519.6666666666667,1668.6666666666667,1764.6666666666667,1613.1333333333334,110.75,101.7,106.0,82.66666666666667,1,plusone,0.47388103929791275
131219,9207,http://live.fanfooty.com.au/game/matchcentre.html?id=9207,R1,2025,1009380.0,Jeremy,Sharp,FR,8.0,61.0,67,46.0,51.0,75.0,8.0,11.0,3.0,3.0,0.0,0.0,2.0,0.0,0.0,Full Time,wing,%P and %M plus %T... Starting on a wing,,,207200.0,,123900.0,,Midfielder,14.0,0.0,0.0,0.0,51.2,50.96,35.35,284000.0,,,5.0,4.0,4.0,78.0,92.0,228.0,0.0,False,1844,1445,2.0,9207_FR,98.0,0,73.0,0,10.666666666666666,11.866666666666667,8.0,6.2,4.666666666666667,5.0,2.0,1.2666666666666666,0.0,0.0,0.0,0.26666666666666666,1.0,0.4666666666666667,0.3333333333333333,0.26666666666666666,0.6666666666666666,0.6666666666666666,51.2,51.2,50.96,50.96,35.35,35.35,3.6666666666666665,3.2,2.0,1.2666666666666666,3.3333333333333335,2.2,76.33333333333333,75.8,93.0,90.46666666666667,324.3333333333333,384.6666666666667,1519.6666666666667,1668.6666666666667,1764.6666666666667,1613.1333333333334,67.3,69.3,72.4,67.66666666666667,1,wing,0.11210963428041561
131220,9207,http://live.fanfooty.com.au/game/matchcentre.html?id=9207,R1,2025,1009410.0,Brandon,Walker,FR,8.0,56.0,71,46.0,41.0,57.0,7.0,6.0,1.0,5.0,0.0,3.0,1.0,0.0,0.0,Full Time,guard,%P and %T... aided by %4FF... Playing back pocket,,,356600.0,,257100.0,,Back,31.0,0.0,0.0,0.0,0.49,0.1,0.39,348000.0,,,7.0,1.0,3.0,92.0,77.0,98.0,1.0,False,1844,1445,2.0,9207_FR,98.0,0,73.0,0,5.666666666666667,9.133333333333333,4.666666666666667,5.8,1.0,3.8,4.666666666666667,2.2666666666666666,0.0,0.0,1.6666666666666667,0.9333333333333333,0.6666666666666666,0.8,0.0,0.06666666666666667,0.0,0.0,0.49,0.49,0.1,0.1,0.39,0.39,5.0,5.133333333333334,1.0,0.8,2.0,2.466666666666667,74.66666666666667,75.6,85.0,84.06666666666666,147.33333333333334,204.66666666666666,1519.6666666666667,1667.0,1764.6666666666667,1616.6,61.6,65.3,72.6,62.333333333333336,1,guard,0.06792822465023234
131221,9207,http://live.fanfooty.com.au/game/matchcentre.html?id=9207,R1,2025,298409.0,Alex,Pearce,FR,5.0,48.0,82,29.0,39.0,51.0,9.0,2.0,4.0,2.0,0.0,3.0,2.0,0.0,0.0,Full Time,job,%P including %K... also %M and %T... helped out by %4FF... At FB on Neale,,,407700.0,0.0,328800.0,,Back,25.0,20.0,40.1,0.0,0.0,0.23,0.53,399000.0,,,6.0,0.0,3.0,90.0,93.0,336.0,0.0,False,1844,1445,2.0,9207_FR,98.0,0,73.0,1,4.333333333333333,6.066666666666666,3.3333333333333335,5.133333333333334,2.6666666666666665,4.4,1.3333333333333333,1.7333333333333334,0.0,0.0,1.3333333333333333,1.3333333333333333,0.6666666666666666,0.8,0.0,0.06666666666666667,0.0,0.0,0.0,0.0,0.23,0.23,0.53,0.53,4.333333333333333,5.333333333333333,0.0,0.06666666666666667,1.6666666666666667,1.7333333333333334,66.66666666666667,82.26666666666667,76.0,91.26666666666667,156.66666666666666,166.33333333333334,1645.3333333333333,1668.7333333333333,1636.0,1617.8,65.1,65.1,60.8,53.0,1,job,0.06757726094366309
131223,9207,http://live.fanfooty.com.au/game/matchcentre.html?id=9207,R1,2025,1020668.0,Joshua,Draper,FR,4.0,43.0,50,37.0,36.0,48.0,5.0,4.0,5.0,2.0,0.0,0.0,1.0,0.0,0.0,Full Time,job,%P and %M plus %T... Following Cameron,,,195400.0,,123900.0,,,37.0,0.0,0.0,0.0,0.04,0.1,0.47,200000.0,,,2.0,0.0,1.0,88.0,74.0,73.0,1.0,False,1844,1445,2.0,9207_FR,98.0,0,73.0,0,6.666666666666667,5.8,7.0,4.666666666666667,4.666666666666667,4.4,1.0,0.8666666666666667,0.0,0.0,0.6666666666666666,0.3333333333333333,0.3333333333333333,0.7333333333333333,0.0,0.0,0.0,0.0,0.04,0.04,0.1,0.1,0.47,0.47,6.0,3.533333333333333,0.0,0.0,1.3333333333333333,1.1333333333333333,82.0,86.6,85.66666666666667,78.33333333333333,119.0,118.6,1613.6666666666667,1677.8,1665.0,1605.4666666666667,51.65,64.3,63.0,67.66666666666667,1,job,0.047390226250411734
131224,9207,http://live.fanfooty.com.au/game/matchcentre.html?id=9207,R1,2025,998180.0,Bailey,Banfield,FR,9.0,43.0,45,29.0,33.0,46.0,6.0,5.0,0.0,2.0,0.0,0.0,0.0,1.0,1.0,Full Time,wing,%s from %P and %T... Playing a defensive forward role,,,438400.0,0.0,314600.0,,Forward,41.0,20.0,64.15,0.0,0.0,0.08,0.07,429000.0,,,4.0,0.0,2.0,54.0,79.0,77.0,1.0,False,1844,1445,2.0,9207_FR,98.0,0,73.0,0,4.666666666666667,7.733333333333333,7.666666666666667,5.6,0.6666666666666666,3.2666666666666666,2.0,2.466666666666667,0.0,0.0,0.3333333333333333,0.6666666666666666,0.3333333333333333,0.4,0.3333333333333333,0.7333333333333333,0.6666666666666666,0.5333333333333333,0.0,0.0,0.08,0.08,0.07,0.07,3.6666666666666665,3.6666666666666665,0.0,0.4666666666666667,3.0,2.066666666666667,66.0,67.4,77.0,78.06666666666666,85.66666666666667,217.13333333333333,1558.3333333333333,1661.6666666666667,1727.6666666666667,1621.2666666666667,58.65,52.3,51.2,38.666666666666664,1,wing,0.060560045517958815
131226,9207,http://live.fanfooty.com.au/game/matchcentre.html?id=9207,R1,2025,997033.0,Brennan,Cox,FR,8.0,35.0,32,19.0,32.0,45.0,7.0,2.0,3.0,1.0,0.0,0.0,3.0,1.0,0.0,Full Time,switch,%P including %K... also %M... and kicked %s... conceded %F... Starting in defence on Oliver Henry... switched forward in Q4 when it was all over,,,645100.0,0.0,491000.0,,Back,36.0,15.0,60.13,0.0,0.0,0.07,0.19,631000.0,,,5.0,1.0,6.0,55.0,74.0,135.0,0.0,False,1844,1445,2.0,9207_FR,98.0,0,73.0,0,7.0,7.8,4.0,4.266666666666667,4.0,6.066666666666666,0.3333333333333333,1.3333333333333333,0.0,0.0,0.0,0.4,1.3333333333333333,0.6,0.3333333333333333,0.2,0.0,0.0,0.0,0.0,0.07,0.09333333333333332,0.19,0.25,5.0,4.266666666666667,0.6666666666666666,0.3333333333333333,2.6666666666666665,1.7333333333333334,76.33333333333333,82.33333333333333,83.33333333333333,83.66666666666667,108.66666666666667,144.66666666666666,1519.6666666666667,1669.6666666666667,1764.6666666666667,1608.8666666666666,72.15,61.8,66.0,51.0,1,switch,0.09898510224367439
131227,9207,http://live.fanfooty.com.au/game/matchcentre.html?id=9207,R1,2025,1020594.0,Jye,Amiss,FR,3.0,30.0,29,24.0,24.0,33.0,4.0,3.0,2.0,2.0,0.0,1.0,1.0,0.0,0.0,Full Time,spearhead,%P and %M plus %T... Starting at FF on Jack Henry,,,441700.0,,300800.0,,Forward,24.0,0.0,0.0,0.0,0.58,0.54,1.22,432000.0,,,4.0,0.0,3.0,42.0,86.0,64.0,0.0,False,1844,1445,2.0,9207_FR,98.0,0,73.0,0,5.666666666666667,6.066666666666666,2.6666666666666665,2.533333333333333,3.3333333333333335,4.0,0.6666666666666666,1.2666666666666666,0.0,0.0,1.0,1.3333333333333333,0.6666666666666666,0.7333333333333333,0.6666666666666666,1.6,0.6666666666666666,1.2666666666666666,0.58,0.58,0.54,0.54,1.22,1.22,4.333333333333333,4.333333333333333,0.0,0.0,2.6666666666666665,1.9333333333333333,58.333333333333336,63.733333333333334,90.33333333333333,90.73333333333333,154.33333333333334,143.53333333333333,1519.6666666666667,1668.6666666666667,1764.6666666666667,1613.1333333333334,55.9,60.0,52.2,37.333333333333336,1,spearhead,0.07334737304299961
131228,9207,http://live.fanfooty.com.au/game/matchcentre.html?id=9207,R1,2025,1012819.0,Josh,Treacy,FR,8.0,28.0,34,18.0,31.0,46.0,5.0,4.0,3.0,1.0,0.0,0.0,5.0,1.0,1.0,Full Time,blitz,%s from %P and %M... gave away %F... Playing key forward on Blicavs,,,482600.0,,315900.0,,Forward,35.0,0.0,0.0,0.0,0.31,0.06,0.08,472000.0,,,3.0,0.0,7.0,66.0,90.0,132.0,0.0,False,1844,1445,2.0,9207_FR,98.0,0,73.0,0,6.0,7.733333333333333,3.6666666666666665,4.133333333333334,4.333333333333333,6.2,1.0,2.0,0.0,1.6,0.0,0.7333333333333333,1.6666666666666667,0.7333333333333333,2.3333333333333335,2.3333333333333335,1.0,0.8666666666666667,0.31,0.31,0.06,0.06,0.08,0.08,5.0,4.666666666666667,0.0,0.13333333333333333,3.3333333333333335,2.1333333333333333,68.0,70.33333333333333,90.33333333333333,88.73333333333333,195.0,232.86666666666667,1611.0,1684.1333333333334,1673.6666666666667,1599.6666666666667,82.2,86.8,77.8,68.0,1,blitz,0.2116322467177168
131229,9207,http://live.fanfooty.com.au/game/matchcentre.html?id=9207,R1,2025,992059.0,Sam,Switkowski,FR,1.0,25.0,34,16.0,19.0,27.0,4.0,3.0,1.0,1.0,0.0,0.0,0.0,0.0,0.0,Full Time,injured,Groin tweak in Q3 in a contest with Oliver Henry... subbed off for Chapman... %P,subbed,Starting forward,582700.0,0.0,378300.0,,,39.0,1.0,47.0,0.0,0.0,0.08,0.15,570000.0,,,4.0,0.0,1.0,57.0,42.0,154.0,1.0,True,1844,1445,2.0,9207_FR,98.0,0,73.0,0,5.333333333333333,6.666666666666667,8.666666666666666,8.333333333333334,1.6666666666666667,3.2666666666666666,3.6666666666666665,4.333333333333333,0.0,0.0,1.3333333333333333,1.2,0.0,0.3333333333333333,0.6666666666666666,0.6,0.3333333333333333,0.3333333333333333,0.0,0.0,0.08,0.08,0.15,0.15,7.0,5.933333333333334,1.0,1.2666666666666666,1.0,1.2666666666666666,64.66666666666667,77.13333333333334,71.0,77.06666666666666,228.0,206.0,1519.6666666666667,1668.6666666666667,1764.6666666666667,1613.1333333333334,74.9,78.3,74.8,80.33333333333333,1,injured,0.1496951227528527
131230,9208,http://live.fanfooty.com.au/game/matchcentre.html?id=9208,R1,2025,298539.0,Isaac,Heeney,SY,21.0,103.0,103,128.0,85.0,108.0,14.0,9.0,7.0,2.0,0.0,2.0,0.0,2.0,0.0,Full Time,gun,%2 Dunkley... %s from %P and %M plus %T,shovel,Playing pure midfield,738300.0,,483700.0,,Forward,5.0,0.0,0.0,0.0,1.73,1.87,1.46,722000.0,,,10.0,5.0,4.0,60.0,88.0,393.0,0.0,False,1633,1660,2.0,9208_SY,98.0,1,73.0,1,10.333333333333334,13.0,9.0,10.733333333333333,4.0,4.266666666666667,3.3333333333333335,4.2,0.0,0.0,1.0,1.8,0.3333333333333333,1.0,1.0,1.2666666666666666,0.0,0.8666666666666667,1.73,1.73,1.87,1.87,1.46,1.46,9.666666666666666,11.666666666666666,6.0,5.533333333333333,3.3333333333333335,3.533333333333333,57.666666666666664,62.86666666666667,77.33333333333333,81.8,262.6666666666667,339.6666666666667,1515.6666666666667,1620.4,1773.0,1666.6,107.5,100.7,103.4,79.33333333333333,1,gun,0.6315579595519158
131231,9208,http://live.fanfooty.com.au/game/matchcentre.html?id=9208,R1,2025,293957.0,Brodie,Grundy,SY,27.0,95.0,87,111.0,85.0,104.0,6.0,10.0,4.0,3.0,35.0,1.0,1.0,0.0,0.0,Full Time,ruck,%H... also %P and %T... Lead ruck,,,692200.0,0.0,481900.0,,Ruck,4.0,21.0,119.71,0.0,0.0,68.21,52.49,677000.0,,,5.0,1.0,4.0,87.0,81.0,108.0,0.0,False,1633,1660,2.0,9208_SY,98.0,0,73.0,1,5.666666666666667,6.066666666666666,10.666666666666666,9.8,3.0,2.2,2.0,3.6666666666666665,37.0,32.53333333333333,1.0,1.4666666666666666,1.6666666666666667,1.9333333333333333,0.0,0.06666666666666667,0.0,0.0,0.0,0.0,68.21,68.21,52.49,52.49,10.0,10.0,3.0,4.066666666666666,5.0,4.666666666666667,66.66666666666667,64.66666666666667,78.66666666666667,77.46666666666667,124.66666666666667,140.0,1515.6666666666667,1628.8,1773.0,1655.8,101.7,92.9,96.4,101.0,1,ruck,0.5708905336009391
131232,9208,http://live.fanfooty.com.au/game/matchcentre.html?id=9208,R1,2025,1006028.0,Nick,Blakey,SY,9.0,86.0,105,111.0,65.0,87.0,19.0,5.0,4.0,1.0,0.0,3.0,0.0,0.0,0.0,Full Time,heart,Plenty of kick ins to add to being the defensive distributor... landed on his back in a contest with Ah Chee in Q2 leaving him sore... %P including %K... also %M... helped out by %4FF,job,In defence on Morris,658900.0,,499600.0,,Back,22.0,0.0,0.0,0.0,1.24,1.04,1.87,644000.0,,,4.0,0.0,1.0,75.0,88.0,652.0,0.0,True,1633,1660,2.0,9208_SY,98.0,1,73.0,1,18.0,16.733333333333334,4.333333333333333,5.133333333333334,5.0,5.666666666666667,0.6666666666666666,0.9333333333333333,0.0,0.0,2.0,0.9333333333333333,0.0,0.7333333333333333,0.3333333333333333,0.26666666666666666,0.3333333333333333,0.2,1.24,1.24,1.04,1.04,1.87,1.87,4.666666666666667,4.266666666666667,0.0,0.26666666666666666,3.3333333333333335,2.933333333333333,73.0,75.13333333333334,88.0,86.66666666666667,649.0,546.1333333333333,1515.6666666666667,1628.8,1773.0,1655.8,96.55,94.5,94.4,97.0,1,heart,0.43731430092177986
131233,9208,http://live.fanfooty.com.au/game/matchcentre.html?id=9208,R1,2025,1012210.0,Matt,Roberts,SY,13.0,81.0,95,106.0,59.0,78.0,14.0,5.0,3.0,4.0,0.0,4.0,0.0,0.0,0.0,Full Time,muppet,His turnover late in Q4 from a kick in ended up being the difference... %P including %K... also %T and %M... umps paid him %4FF,guard,Starting at half back,284600.0,,156800.0,,Midfielder,34.0,0.0,0.0,0.0,5.36,4.19,6.99,245000.0,,,7.0,1.0,3.0,78.0,89.0,379.0,1.0,False,1633,1660,2.0,9208_SY,98.0,0,73.0,1,15.0,14.6,6.333333333333333,5.733333333333333,5.666666666666667,5.866666666666666,3.0,2.6,0.0,0.0,1.3333333333333333,0.4666666666666667,0.6666666666666666,0.4,0.0,0.06666666666666667,0.0,0.06666666666666667,5.36,5.36,4.19,4.19,6.99,6.99,6.333333333333333,5.066666666666666,0.3333333333333333,1.0666666666666667,2.0,2.066666666666667,81.0,81.0,87.0,79.33333333333333,399.6666666666667,368.53333333333336,1515.6666666666667,1649.4666666666667,1773.0,1636.6,88.65,99.8,86.0,102.0,1,muppet,0.3429531979931578
131234,9208,http://live.fanfooty.com.au/game/matchcentre.html?id=9208,R1,2025,1013133.0,Braeden,Campbell,SY,21.0,81.0,89,105.0,58.0,75.0,9.0,4.0,1.0,7.0,0.0,3.0,0.0,2.0,0.0,Full Time,graph,%P and %T plus %s... aided by %4FF,wing,Playing a HFF role,602000.0,,386600.0,,Back,16.0,0.0,0.0,0.0,1.55,1.12,1.01,589000.0,,,7.0,1.0,1.0,76.0,78.0,183.0,0.0,False,1633,1660,2.0,9208_SY,98.0,0,73.0,1,6.0,7.133333333333334,2.3333333333333335,3.6,1.6666666666666667,3.066666666666667,4.666666666666667,3.2666666666666666,0.0,0.0,1.0,0.6,0.0,0.26666666666666666,0.6666666666666666,0.4666666666666667,0.0,0.2,1.55,1.55,1.12,1.12,1.01,1.01,3.0,4.133333333333334,0.3333333333333333,0.8,0.6666666666666666,1.4666666666666666,79.33333333333333,73.86666666666666,67.0,67.86666666666666,168.66666666666666,211.46666666666667,1515.6666666666667,1660.3333333333333,1773.0,1623.8,49.1,58.7,49.2,50.333333333333336,1,graph,0.1110568093613573
131235,9208,http://live.fanfooty.com.au/game/matchcentre.html?id=9208,R1,2025,1006126.0,James,Rowbottom,SY,38.0,75.0,88,104.0,48.0,66.0,7.0,4.0,0.0,11.0,0.0,5.0,1.0,0.0,0.0,Full Time,shovel,%P and %T... helped out by %4FF... Doing jobs in midfield,,,731500.0,,467500.0,,Midfielder,8.0,0.0,0.0,0.0,0.22,0.15,0.22,716000.0,,,11.0,7.0,2.0,63.0,61.0,193.0,1.0,False,1633,1660,2.0,9208_SY,98.0,0,73.0,1,11.0,10.466666666666667,4.0,8.933333333333334,1.6666666666666667,1.6,5.666666666666667,6.4,0.0,0.0,3.0,2.066666666666667,0.3333333333333333,0.9333333333333333,0.6666666666666666,0.26666666666666666,0.3333333333333333,0.26666666666666666,0.22,0.22,0.15,0.15,0.22,0.22,9.0,10.8,6.666666666666667,6.133333333333334,1.6666666666666667,3.066666666666667,73.66666666666667,68.86666666666666,71.66666666666667,77.8,245.66666666666666,275.26666666666665,1515.6666666666667,1647.0666666666666,1773.0,1639.1333333333334,94.05,86.9,94.4,95.66666666666667,1,shovel,0.3678400776969343
131237,9208,http://live.fanfooty.com.au/game/matchcentre.html?id=9208,R1,2025,1013409.0,James,Jordon,SY,19.0,73.0,69,96.0,59.0,87.0,6.0,13.0,3.0,7.0,0.0,1.0,3.0,0.0,0.0,Full Time,tagger,%P and %M plus %T... conceded %F... Tagging Neale,,,464200.0,,275500.0,,Midfielder,17.0,0.0,0.0,0.0,20.06,21.07,14.05,454000.0,,,7.0,2.0,4.0,63.0,81.0,207.0,0.0,False,1633,1660,2.0,9208_SY,98.0,0,73.0,0,8.666666666666666,6.866666666666666,8.666666666666666,6.866666666666666,2.6666666666666665,2.8666666666666667,5.0,3.2666666666666666,0.0,0.0,1.0,0.6,2.3333333333333335,0.8,0.0,0.2,0.0,0.3333333333333333,20.06,20.06,21.07,21.07,14.05,14.05,7.333333333333333,4.6,3.0,1.5333333333333334,4.333333333333333,1.8666666666666667,64.66666666666667,75.0,84.33333333333333,83.6,197.33333333333334,181.66666666666666,1515.6666666666667,1628.8,1773.0,1655.8,62.6,56.4,60.4,57.0,1,tagger,0.09952022824855808
131238,9208,http://live.fanfooty.com.au/game/matchcentre.html?id=9208,R1,2025,295342.0,Jake,Lloyd,SY,15.0,71.0,84,88.0,60.0,82.0,9.0,10.0,4.0,2.0,0.0,0.0,1.0,1.0,1.0,Full Time,wing,%P and %M plus %T... %s as well... Starting on a wing,,,827700.0,,535300.0,,Back,44.0,0.0,0.0,0.0,0.89,0.75,0.6,810000.0,,,8.0,1.0,1.0,73.0,90.0,273.0,0.0,False,1633,1660,2.0,9208_SY,98.0,0,73.0,1,10.666666666666666,11.6,8.333333333333334,7.533333333333333,4.666666666666667,6.0,2.6666666666666665,2.066666666666667,0.0,0.0,1.0,0.3333333333333333,0.3333333333333333,0.2,0.3333333333333333,0.3333333333333333,0.3333333333333333,0.2,0.89,0.89,0.75,0.75,0.6,0.6,5.666666666666667,4.4,1.0,1.0,2.3333333333333335,1.5333333333333334,71.33333333333333,79.53333333333333,87.66666666666667,85.06666666666666,291.3333333333333,357.2,1515.6666666666667,1628.8,1773.0,1655.8,85.85,86.7,89.6,78.66666666666667,1,wing,0.2262646917341231
131239,9208,http://live.fanfooty.com.au/game/matchcentre.html?id=9208,R1,2025,1008198.0,Tom,McCartin,SY,14.0,69.0,71,89.0,56.0,68.0,11.0,1.0,7.0,1.0,2.0,1.0,0.0,1.0,0.0,Full Time,spearhead,%P including %K... also %M... and booted %s... Starting forward on Andrews,,,421900.0,,398800.0,,Back,30.0,0.0,0.0,0.0,0.04,0.07,0.26,413000.0,,,4.0,0.0,3.0,50.0,85.0,316.0,0.0,False,1633,1660,2.0,9208_SY,98.0,0,73.0,0,7.0,7.8,1.6666666666666667,3.533333333333333,5.0,5.2,1.0,0.6666666666666666,0.6666666666666666,0.13333333333333333,0.6666666666666666,0.5333333333333333,0.3333333333333333,0.9333333333333333,0.6666666666666666,0.13333333333333333,0.3333333333333333,0.06666666666666667,0.04,0.04,0.07,0.07,0.26,0.26,3.3333333333333335,4.466666666666667,0.0,0.13333333333333333,1.6666666666666667,2.2,59.333333333333336,73.26666666666667,87.33333333333333,92.93333333333334,168.0,169.46666666666667,1515.6666666666667,1621.9333333333334,1773.0,1665.0,60.75,57.6,52.8,53.0,1,spearhead,0.0751857537083977
131240,9208,http://live.fanfooty.com.au/game/matchcentre.html?id=9208,R1,2025,1011936.0,Justin,McInerney,SY,9.0,66.0,87,80.0,60.0,84.0,8.0,15.0,4.0,1.0,0.0,2.0,2.0,0.0,0.0,Full Time,wing,%P and %M... Playing a half forward role,,,653200.0,,403300.0,,Midfielder,27.0,0.0,0.0,0.0,0.18,0.07,0.21,639000.0,,,10.0,5.0,3.0,78.0,78.0,226.0,0.0,False,1633,1660,2.0,9208_SY,98.0,0,73.0,1,8.0,10.066666666666666,8.333333333333334,7.733333333333333,4.666666666666667,5.133333333333334,1.3333333333333333,1.9333333333333333,0.0,0.0,1.0,1.0666666666666667,2.0,1.0,0.0,0.26666666666666666,0.3333333333333333,0.4666666666666667,0.18,0.18,0.07,0.07,0.21,0.21,7.0,5.733333333333333,2.0,1.4,2.6666666666666665,2.2,73.0,74.8,78.33333333333333,78.66666666666667,168.66666666666666,239.6,1515.6666666666667,1683.8666666666666,1773.0,1601.2,77.75,72.8,63.6,70.33333333333333,1,wing,0.15714887833446023
131241,9208,http://live.fanfooty.com.au/game/matchcentre.html?id=9208,R1,2025,1012014.0,Chad,Warner,SY,16.0,66.0,78,84.0,62.0,87.0,12.0,8.0,4.0,1.0,0.0,1.0,5.0,2.0,0.0,Full Time,yinyang,One handball in Q1 but serviceable after HT... %P and %M plus %s... conceded %F,midfwd,Starting in midfield then resting forward,855500.0,,560300.0,,Midfielder,1.0,0.0,0.0,0.0,1.02,1.19,1.05,837000.0,,,7.0,5.0,9.0,70.0,83.0,571.0,0.0,False,1633,1660,2.0,9208_SY,98.0,0,73.0,1,15.333333333333334,14.333333333333334,5.333333333333333,7.8,4.666666666666667,3.7333333333333334,1.3333333333333333,2.6,0.0,0.0,0.6666666666666666,0.6,2.0,1.6,1.6666666666666667,1.2,0.6666666666666666,0.8,1.02,1.02,1.19,1.19,1.05,1.05,6.0,7.4,3.0,4.066666666666666,4.666666666666667,3.8666666666666667,66.0,67.93333333333334,82.33333333333333,81.93333333333334,609.6666666666666,481.26666666666665,1515.6666666666667,1636.7333333333333,1773.0,1647.4666666666667,102.3,97.5,98.2,90.0,1,yinyang,0.6071800047026423
131242,9208,http://live.fanfooty.com.au/game/matchcentre.html?id=9208,R1,2025,290307.0,Dane,Rampe,SY,9.0,66.0,109,82.0,56.0,78.0,10.0,11.0,4.0,1.0,0.0,1.0,1.0,0.0,0.0,Full Time,guard,%M and %P... Starting at half back,,,549800.0,,417600.0,,Back,24.0,0.0,0.0,0.0,0.31,0.18,0.3,538000.0,,,7.0,1.0,1.0,95.0,81.0,352.0,0.0,False,1633,1660,2.0,9208_SY,98.0,1,73.0,1,9.666666666666666,8.0,5.333333333333333,2.8,4.333333333333333,4.666666666666667,1.6666666666666667,1.8666666666666667,0.0,0.0,0.6666666666666666,0.5333333333333333,0.6666666666666666,0.5333333333333333,0.0,0.13333333333333333,0.0,0.0,0.31,0.31,0.18,0.18,0.3,0.3,4.666666666666667,2.533333333333333,1.0,0.2,1.6666666666666667,1.5333333333333334,83.0,83.4,83.66666666666667,79.0,318.0,239.93333333333334,1515.6666666666667,1675.0,1773.0,1609.5333333333333,62.0,59.7,77.4,78.33333333333333,1,guard,0.09660142969553667
131243,9208,http://live.fanfooty.com.au/game/matchcentre.html?id=9208,R1,2025,998103.0,Oliver,Florent,SY,8.0,65.0,84,84.0,48.0,67.0,11.0,6.0,2.0,3.0,0.0,1.0,0.0,0.0,1.0,Full Time,wing,%P and %M plus %T... %s as well... Coming off a wing on Berry then got Zorko in Q3,,,654900.0,,421300.0,,Back,13.0,0.0,0.0,0.0,0.93,0.39,0.27,641000.0,,,9.0,1.0,3.0,58.0,86.0,253.0,0.0,False,1633,1660,2.0,9208_SY,98.0,0,73.0,1,11.333333333333334,11.933333333333334,7.666666666666667,7.466666666666667,3.3333333333333335,4.6,2.0,2.0,0.0,0.0,1.0,0.6666666666666666,1.0,0.8,0.0,0.26666666666666666,1.0,0.6,0.93,0.93,0.39,0.39,0.27,0.27,6.0,6.0,0.6666666666666666,1.3333333333333333,4.333333333333333,2.933333333333333,66.33333333333333,69.26666666666667,84.33333333333333,84.73333333333333,329.3333333333333,324.0,1515.6666666666667,1628.8,1773.0,1655.8,73.7,75.6,72.2,62.0,1,wing,0.1523572768699948
131245,9208,http://live.fanfooty.com.au/game/matchcentre.html?id=9208,R1,2025,996743.0,Lewis,Melican,SY,8.0,57.0,73,74.0,46.0,60.0,9.0,4.0,6.0,1.0,0.0,0.0,0.0,0.0,0.0,Full Time,job,%M and %P... Deep in defence on Hipwood,,,339400.0,,293200.0,,Back,43.0,0.0,0.0,0.0,0.09,0.05,0.18,336000.0,,,3.0,1.0,1.0,84.0,80.0,266.0,1.0,False,1633,1660,2.0,9208_SY,98.0,0,73.0,1,7.0,6.6,3.0,2.6666666666666665,4.666666666666667,3.8666666666666667,0.6666666666666666,1.5333333333333334,0.0,0.0,0.3333333333333333,0.4666666666666667,0.3333333333333333,0.4,0.0,0.06666666666666667,0.0,0.0,0.09,0.09,0.05,0.05,0.18,0.18,4.333333333333333,3.466666666666667,0.3333333333333333,0.2,1.6666666666666667,1.3333333333333333,88.33333333333333,81.2,84.33333333333333,81.2,157.0,153.06666666666666,1515.6666666666667,1667.9333333333334,1773.0,1615.5333333333333,58.7,61.2,66.2,61.666666666666664,1,job,0.06251364541461289
131246,9208,http://live.fanfooty.com.au/game/matchcentre.html?id=9208,R1,2025,997100.0,Will,Hayward,SY,9.0,51.0,55,65.0,40.0,51.0,9.0,2.0,3.0,1.0,0.0,1.0,0.0,1.0,0.0,Full Time,froggy,%s from %P and %M... Starting at half forward on Lester,,,581400.0,,373700.0,,Forward,9.0,0.0,0.0,0.0,0.04,0.1,0.11,569000.0,,,5.0,1.0,3.0,45.0,83.0,195.0,1.0,False,1633,1660,2.0,9208_SY,98.0,0,73.0,0,5.333333333333333,7.2,2.0,4.2,1.3333333333333333,4.066666666666666,2.3333333333333335,1.8666666666666667,0.0,0.0,0.6666666666666666,0.9333333333333333,0.6666666666666666,0.4,1.0,1.3333333333333333,0.0,0.6,0.04,0.04,0.1,0.1,0.11,0.11,2.6666666666666665,4.133333333333334,0.3333333333333333,0.2,2.3333333333333335,1.6666666666666667,58.333333333333336,68.13333333333334,79.33333333333333,81.2,119.0,182.26666666666668,1515.6666666666667,1628.8,1773.0,1655.8,61.8,55.0,55.2,41.0,1,froggy,0.10595459340838775
131247,9208,http://live.fanfooty.com.au/game/matchcentre.html?id=9208,R1,2025,295222.0,Joel,Hamling,SY,4.0,44.0,76,55.0,37.0,48.0,5.0,6.0,4.0,1.0,0.0,1.0,0.0,0.0,0.0,Full Time,job,%M and %P... In defence on Fort,,,323000.0,0.0,264900.0,,Back,29.0,17.0,54.47,0.0,0.0,0.49,0.74,324000.0,,,6.0,0.0,1.0,81.0,86.0,140.0,0.0,False,1633,1660,2.0,9208_SY,98.0,0,73.0,1,6.0,6.933333333333334,6.333333333333333,5.066666666666666,5.666666666666667,5.266666666666667,1.0,0.8,0.0,0.13333333333333333,1.0,1.2,0.3333333333333333,0.5333333333333333,0.0,0.0,0.0,0.0,0.0,0.0,1.0433333333333332,0.3846666666666667,1.78,0.6626666666666666,4.666666666666667,4.533333333333333,0.0,0.13333333333333333,0.6666666666666666,1.4666666666666666,80.33333333333333,81.33333333333333,87.33333333333333,92.26666666666667,121.0,,1697.3333333333333,1592.2666666666667,1593.3333333333333,1689.0666666666666,65.3,63.4,62.6,69.66666666666667,1,job,0.08203821455924193
131248,9208,http://live.fanfooty.com.au/game/matchcentre.html?id=9208,R1,2025,1006232.0,Sam,Wicks,SY,4.0,43.0,26,59.0,37.0,57.0,8.0,6.0,2.0,3.0,0.0,1.0,4.0,0.0,0.0,Full Time,guard,%P and %M plus %T... conceded %F... Playing half back,,,524200.0,,328100.0,,Forward,15.0,0.0,0.0,0.0,0.44,0.06,0.05,513000.0,,,4.0,0.0,9.0,57.0,80.0,374.0,0.0,False,1633,1660,2.0,9208_SY,98.0,0,73.0,0,8.0,5.733333333333333,4.666666666666667,5.4,2.0,1.9333333333333333,3.6666666666666665,2.2,0.0,0.0,1.3333333333333333,0.5333333333333333,2.0,1.3333333333333333,0.0,0.5333333333333333,0.3333333333333333,0.4,0.44,0.44,0.06,0.06,0.05,0.05,3.6666666666666665,4.733333333333333,0.0,0.4,5.0,3.066666666666667,52.0,65.13333333333334,85.33333333333333,76.93333333333334,248.33333333333334,164.33333333333334,1492.6666666666667,1672.2666666666667,1800.0,1613.9333333333334,48.55,44.2,43.2,41.666666666666664,1,guard,0.05262940291560249
131249,9208,http://live.fanfooty.com.au/game/matchcentre.html?id=9208,R1,2025,1004985.0,Ben,Paton,SY,4.0,42.0,43,57.0,31.0,45.0,7.0,3.0,2.0,3.0,0.0,0.0,1.0,0.0,0.0,Full Time,guard,Subbed off in Q3 for Bice... %P and %M plus %T,subbed,Playing back pocket,502200.0,,275200.0,,Back,25.0,0.0,0.0,0.0,0.09,0.04,0.03,491000.0,,,0.0,0.0,2.0,90.0,53.0,121.0,1.0,True,1633,1660,2.0,9208_SY,98.0,0,73.0,0,5.0,6.333333333333333,4.666666666666667,5.466666666666667,1.6666666666666667,3.3333333333333335,1.6666666666666667,1.6,0.0,0.0,0.0,0.6,1.0,0.26666666666666666,0.0,0.0,0.0,0.0,0.09,0.060000000000000005,0.04,0.064,0.03,0.036000000000000004,3.0,3.533333333333333,0.0,0.26666666666666666,1.3333333333333333,1.5333333333333334,93.66666666666667,77.0,50.666666666666664,62.266666666666666,139.0,159.6,1613.3333333333333,1615.0,1674.0,1667.4,49.35,42.4,39.8,46.333333333333336,1,guard,0.03864197357471968
131250,9208,http://live.fanfooty.com.au/game/matchcentre.html?id=9208,R1,2025,1008091.0,Joel,Amartey,SY,5.0,42.0,32,56.0,38.0,51.0,6.0,2.0,4.0,2.0,7.0,0.0,3.0,0.0,2.0,Full Time,crab,Not the answer for Sydney as a marquee forward... %s from %P and %M plus %T... conceded %F,spearhead,Playing FF on Payne,468700.0,,315000.0,,Forward,36.0,0.0,0.0,0.0,0.18,0.17,0.27,459000.0,,,2.0,0.0,4.0,25.0,78.0,154.0,0.0,False,1633,1660,2.0,9208_SY,98.0,0,73.0,0,5.333333333333333,6.066666666666666,3.3333333333333335,2.6666666666666665,3.6666666666666665,3.4,1.3333333333333333,2.3333333333333335,2.6666666666666665,0.9333333333333333,1.0,1.2666666666666666,1.0,1.0,1.0,1.6,1.0,1.1333333333333333,0.18,0.18,0.17,0.17,0.27,0.27,3.3333333333333335,4.533333333333333,0.0,0.2,2.0,2.2666666666666666,46.333333333333336,63.666666666666664,80.0,75.33333333333333,148.0,155.33333333333334,1515.6666666666667,1660.3333333333333,1773.0,1623.8,60.85,58.4,57.8,45.666666666666664,1,crab,0.0615134829488586
131252,9208,http://live.fanfooty.com.au/game/matchcentre.html?id=9208,R1,2025,996765.0,Tom,Papley,SY,1.0,19.0,35,25.0,17.0,27.0,4.0,4.0,0.0,1.0,0.0,1.0,2.0,0.0,0.0,Full Time,missing,Well held... %P,pocket,Starting deep forward on Starcevich,611200.0,,405400.0,,Forward,11.0,0.0,0.0,0.0,0.44,0.3,0.9,598000.0,,,7.0,1.0,3.0,87.0,83.0,95.0,0.0,False,1633,1660,2.0,9208_SY,98.0,0,73.0,0,5.666666666666667,10.6,4.666666666666667,3.466666666666667,1.6666666666666667,3.3333333333333335,0.6666666666666666,1.1333333333333333,0.0,0.0,1.0,0.7333333333333333,2.0,0.9333333333333333,0.6666666666666666,1.7333333333333334,0.6666666666666666,1.3333333333333333,0.44,0.44,0.3,0.3,0.9,0.9,6.0,6.133333333333334,1.0,1.8666666666666667,4.333333333333333,2.533333333333333,65.33333333333333,61.733333333333334,83.0,81.53333333333333,143.66666666666666,270.2,1515.6666666666667,1683.8666666666666,1773.0,1601.2,76.35,77.4,59.8,41.333333333333336,1,missing,0.13967138104152602
131253,9208,http://live.fanfooty.com.au/game/matchcentre.html?id=9208,R1,2025,993834.0,Josh,Dunkley,BL,56.0,130.0,173,104.0,97.0,132.0,17.0,10.0,5.0,10.0,0.0,4.0,2.0,1.0,0.0,Full Time,magnet,%2 Heeney... %P and %M plus %T... %s as well... aided by %4FF,shovel,Playing inside midfield,963300.0,,644000.0,,Midfielder,5.0,0.0,0.0,0.0,2.26,4.93,2.31,942000.0,,,16.0,6.0,4.0,70.0,92.0,614.0,0.0,False,1660,1633,2.0,9208_BL,98.0,1,73.0,1,15.666666666666666,12.8,9.666666666666666,12.733333333333333,6.333333333333333,5.466666666666667,8.333333333333334,6.133333333333334,0.0,0.0,2.6666666666666665,1.6,0.6666666666666666,0.7333333333333333,0.3333333333333333,0.26666666666666666,0.0,0.26666666666666666,2.26,2.26,4.93,4.93,2.31,2.31,12.0,11.4,3.6666666666666665,4.8,2.6666666666666665,3.2,70.33333333333333,69.33333333333333,87.0,84.6,423.6666666666667,331.3333333333333,1785.6666666666667,1717.0,1500.6666666666667,1567.4,109.8,110.0,112.0,130.33333333333334,1,magnet,0.6631677198263329
131254,9208,http://live.fanfooty.com.au/game/matchcentre.html?id=9208,R1,2025,261224.0,Dayne,Zorko,BL,21.0,112.0,139,64.0,86.0,111.0,20.0,4.0,6.0,3.0,0.0,2.0,0.0,2.0,0.0,Full Time,x-factor,Prolific in Q3 to get the Lions in front... %s from %P and %M plus %T,switch,At half back... switched to a wing in Q3,782800.0,0.0,480600.0,,Forward,15.0,21.0,97.62,0.0,0.0,0.84,0.82,765000.0,,,5.0,0.0,1.0,75.0,80.0,555.0,0.0,False,1660,1633,2.0,9208_BL,98.0,1,73.0,1,22.666666666666668,21.466666666666665,4.666666666666667,4.866666666666666,8.0,7.466666666666667,4.0,2.8,0.0,0.0,1.3333333333333333,0.7333333333333333,0.3333333333333333,0.5333333333333333,0.6666666666666666,0.26666666666666666,0.0,0.13333333333333333,0.0,0.0,0.84,0.84,0.82,0.82,5.666666666666667,5.0,0.0,0.7333333333333333,3.0,2.466666666666667,79.66666666666667,78.33333333333333,85.0,84.13333333333334,592.0,518.4666666666667,1785.6666666666667,1717.0,1500.6666666666667,1567.4,112.5,114.5,115.6,120.33333333333333,1,x-factor,0.6769192186683927
131255,9208,http://live.fanfooty.com.au/game/matchcentre.html?id=9208,R1,2025,998133.0,Jarrod,Berry,BL,24.0,104.0,88,68.0,86.0,114.0,16.0,11.0,10.0,1.0,0.0,0.0,0.0,0.0,0.0,Full Time,hot,%P and %M,switch,Starting on a wing on Florent... switched to half back in Q3,680800.0,0.0,427500.0,,Midfielder,7.0,20.0,76.15,0.0,0.0,0.31,0.27,666000.0,,,6.0,2.0,7.0,70.0,85.0,425.0,0.0,False,1660,1633,2.0,9208_BL,98.0,0,73.0,1,13.0,11.666666666666666,9.333333333333334,8.666666666666666,7.333333333333333,6.8,2.6666666666666665,3.066666666666667,0.0,0.0,1.0,0.8,0.6666666666666666,0.5333333333333333,0.3333333333333333,0.13333333333333333,0.0,0.2,0.0,0.0,0.31,0.31,0.27,0.27,6.666666666666667,6.266666666666667,2.3333333333333335,2.4,3.6666666666666665,2.2666666666666666,78.33333333333333,78.2,78.0,75.13333333333334,339.0,350.4,1785.6666666666667,1730.6,1500.6666666666667,1554.0,91.1,88.9,101.0,95.33333333333333,1,hot,0.4056020299649943
131256,9208,http://live.fanfooty.com.au/game/matchcentre.html?id=9208,R1,2025,1017067.0,Darcy,Wilmot,BL,20.0,88.0,100,49.0,71.0,100.0,17.0,8.0,4.0,4.0,0.0,4.0,4.0,0.0,1.0,Full Time,guard,%P and %M plus %T... %s as well... helped out by %4FF... conceded %F... Sprinting off half back,,,560200.0,,397300.0,,Back,44.0,0.0,0.0,0.0,0.58,0.52,0.64,548000.0,,,9.0,0.0,6.0,76.0,85.0,379.0,0.0,False,1660,1633,2.0,9208_BL,98.0,1,73.0,1,14.333333333333334,13.333333333333334,7.0,6.533333333333333,6.666666666666667,5.2,2.0,1.3333333333333333,0.0,0.0,1.3333333333333333,0.7333333333333333,1.3333333333333333,0.8,0.0,0.0,0.3333333333333333,0.26666666666666666,0.58,0.58,0.52,0.52,0.64,0.64,7.333333333333333,6.466666666666667,0.3333333333333333,1.0,3.0,2.6,74.0,75.86666666666666,79.66666666666667,80.86666666666666,310.6666666666667,347.6666666666667,1785.6666666666667,1717.0,1500.6666666666667,1567.4,82.1,78.2,74.2,83.33333333333333,1,guard,0.22396551019109892
131257,9208,http://live.fanfooty.com.au/game/matchcentre.html?id=9208,R1,2025,1005521.0,Oscar,McInerney,BL,20.0,85.0,110,56.0,75.0,95.0,12.0,6.0,5.0,1.0,16.0,1.0,2.0,1.0,1.0,Full Time,ruck,%H... also %P and %M... and scored %s... First ruck,,,763500.0,0.0,527400.0,,Ruck,46.0,15.0,53.2,0.0,0.0,0.5,0.51,746000.0,,,12.0,7.0,4.0,55.0,79.0,348.0,0.0,False,1660,1633,2.0,9208_BL,98.0,1,73.0,1,9.0,8.2,2.6666666666666665,5.133333333333334,3.0,2.533333333333333,1.6666666666666667,2.466666666666667,24.0,31.066666666666666,1.3333333333333333,1.5333333333333334,1.0,0.6666666666666666,0.6666666666666666,0.5333333333333333,0.6666666666666666,0.3333333333333333,0.0,0.0,0.5,0.5,0.51,0.51,8.0,10.133333333333333,4.666666666666667,5.133333333333334,3.0,2.7333333333333334,50.333333333333336,53.53333333333333,71.0,81.0,293.3333333333333,250.2,1644.6666666666667,1705.2,1643.0,1579.4,99.3,96.2,89.6,77.33333333333333,1,ruck,0.47763300184149327
131259,9208,http://live.fanfooty.com.au/game/matchcentre.html?id=9208,R1,2025,1002312.0,Zac,Bailey,BL,19.0,68.0,106,42.0,61.0,79.0,9.0,8.0,1.0,0.0,0.0,0.0,1.0,4.0,1.0,Full Time,star,%P and %s,wing,Starting at half forward,668400.0,0.0,434300.0,,Midfielder,33.0,11.0,48.91,0.0,0.0,1.65,2.51,654000.0,,,8.0,1.0,2.0,88.0,84.0,300.0,0.0,False,1660,1633,2.0,9208_BL,98.0,1,73.0,1,11.333333333333334,9.933333333333334,6.333333333333333,6.266666666666667,3.6666666666666665,3.8,1.0,2.0,0.0,0.0,0.3333333333333333,0.6666666666666666,0.6666666666666666,0.5333333333333333,2.0,1.1333333333333333,1.0,0.7333333333333333,0.0,0.0,1.65,1.65,2.51,2.51,4.666666666666667,5.0,1.0,1.3333333333333333,1.3333333333333333,2.066666666666667,81.66666666666667,71.86666666666666,81.0,77.06666666666666,366.6666666666667,308.26666666666665,1785.6666666666667,1717.0,1500.6666666666667,1567.4,73.25,78.9,83.2,93.66666666666667,1,star,0.23358949450083366
131260,9208,http://live.fanfooty.com.au/game/matchcentre.html?id=9208,R1,2025,1023517.0,Will,Ashcroft,BL,13.0,66.0,73,41.0,51.0,76.0,11.0,10.0,0.0,4.0,0.0,2.0,2.0,0.0,1.0,Full Time,shovel,%P and %T plus %s... Playing central midfield,,,765000.0,,472300.0,,Midfielder,8.0,0.0,0.0,0.0,1.68,1.62,1.94,748000.0,,,12.0,8.0,4.0,71.0,87.0,200.0,0.0,False,1660,1633,2.0,9208_BL,98.0,0,73.0,1,11.666666666666666,12.466666666666667,12.666666666666666,9.8,2.6666666666666665,4.733333333333333,2.6666666666666665,2.6,0.0,0.0,2.0,1.2,0.6666666666666666,0.3333333333333333,0.3333333333333333,0.2,0.6666666666666666,0.6666666666666666,1.68,5.703333333333333,1.62,5.982666666666668,1.94,5.858,10.333333333333334,7.666666666666667,5.333333333333333,3.4,2.3333333333333335,2.3333333333333335,75.0,70.2,84.33333333333333,77.66666666666667,300.0,305.46666666666664,1785.6666666666667,1710.9333333333334,1500.6666666666667,1572.8,89.45,94.6,97.2,91.66666666666667,1,shovel,0.35846802062504124
131261,9208,http://live.fanfooty.com.au/game/matchcentre.html?id=9208,R1,2025,298211.0,Darcy,Fort,BL,12.0,66.0,76,42.0,58.0,75.0,10.0,4.0,4.0,1.0,12.0,0.0,2.0,1.0,0.0,Full Time,spearhead,%H... also %P and %M... and scored %s... Playing a forward/ruck role on Hamling,,,376100.0,,272300.0,,Ruck,32.0,0.0,0.0,0.0,1.55,1.38,0.29,467000.0,,,9.0,3.0,3.0,64.0,73.0,150.0,1.0,False,1660,1633,2.0,9208_BL,98.0,0,73.0,1,9.0,6.866666666666666,3.3333333333333335,3.2,3.0,1.8,3.3333333333333335,2.4,19.333333333333332,16.0,1.0,0.9333333333333333,2.0,1.5333333333333334,0.6666666666666666,0.3333333333333333,0.6666666666666666,0.3333333333333333,1.55,2.013333333333333,1.38,0.676,0.29,0.21333333333333335,8.0,6.933333333333334,4.0,2.7333333333333334,2.3333333333333335,2.8666666666666667,55.666666666666664,52.333333333333336,75.66666666666667,64.6,167.0,152.73333333333332,1685.0,1688.8,1601.6666666666667,1592.0666666666666,61.9,60.8,65.6,71.33333333333333,1,spearhead,0.09592744783615342
131262,9208,http://live.fanfooty.com.au/game/matchcentre.html?id=9208,R1,2025,1000978.0,Hugh,McCluggage,BL,8.0,60.0,80,31.0,51.0,72.0,11.0,10.0,2.0,1.0,0.0,3.0,2.0,0.0,0.0,Full Time,shovel,%P and %M... aided by %4FF... Playing in midfield,,,824300.0,0.0,523800.0,,Midfielder,6.0,21.0,76.95,0.0,0.0,0.83,0.81,806000.0,,,10.0,5.0,6.0,61.0,76.0,374.0,0.0,False,1660,1633,2.0,9208_BL,98.0,0,73.0,1,10.0,13.133333333333333,13.0,10.733333333333333,4.0,4.733333333333333,4.666666666666667,4.066666666666666,0.0,0.0,1.6666666666666667,1.0666666666666667,1.6666666666666667,0.8,0.6666666666666666,0.7333333333333333,0.0,0.4666666666666667,0.0,0.0,0.83,0.83,0.81,0.81,9.666666666666666,8.8,4.666666666666667,4.6,4.0,3.1333333333333333,69.66666666666667,68.66666666666667,79.66666666666667,81.13333333333334,320.0,398.06666666666666,1785.6666666666667,1717.0,1500.6666666666667,1567.4,98.75,103.5,111.0,101.66666666666667,1,shovel,0.4397105960336548
131263,9208,http://live.fanfooty.com.au/game/matchcentre.html?id=9208,R1,2025,1005053.0,Noah,Answerth,BL,15.0,58.0,75,49.0,42.0,60.0,8.0,3.0,3.0,6.0,0.0,1.0,2.0,0.0,0.0,Full Time,guard,%P including %K... also %T and %M... Playing small defender,,,282400.0,,176000.0,,Back,43.0,0.0,0.0,0.0,0.13,0.23,0.02,453000.0,,,3.0,0.0,4.0,90.0,86.0,246.0,0.0,False,1660,1633,2.0,9208_BL,98.0,0,73.0,1,11.333333333333334,7.8,4.0,4.866666666666666,5.666666666666667,3.066666666666667,5.666666666666667,4.4,0.0,0.0,0.3333333333333333,0.3333333333333333,1.3333333333333333,0.6,0.0,0.0,0.0,0.0,0.13,0.13,0.23,0.23,0.02,0.02,4.0,4.533333333333333,0.3333333333333333,0.9333333333333333,3.0,2.2,83.66666666666667,75.73333333333333,84.0,74.2,321.6666666666667,237.93333333333334,1785.6666666666667,1751.6666666666667,1500.6666666666667,1533.6,60.1,60.0,74.8,82.0,1,guard,0.07899065691740269
131264,9208,http://live.fanfooty.com.au/game/matchcentre.html?id=9208,R1,2025,291548.0,Ryan,Lester,BL,9.0,57.0,73,35.0,45.0,63.0,10.0,5.0,4.0,2.0,0.0,0.0,1.0,0.0,0.0,Full Time,guard,%P and %M plus %T... Responsible for Hayward,,,582600.0,0.0,405500.0,,Back,35.0,14.0,63.93,0.0,0.0,0.13,0.03,570000.0,,,8.0,0.0,3.0,66.0,89.0,308.0,0.0,False,1660,1633,2.0,9208_BL,98.0,0,73.0,1,12.0,10.4,4.666666666666667,3.8,6.666666666666667,6.0,3.0,2.2666666666666666,0.0,0.0,0.3333333333333333,0.6666666666666666,1.0,0.4666666666666667,0.0,0.0,0.0,0.06666666666666667,0.0,0.0,0.13,0.13,0.03,0.03,5.333333333333333,4.6,0.0,0.3333333333333333,2.6666666666666665,1.6,75.33333333333333,80.2,85.66666666666667,84.86666666666666,322.0,217.0,1785.6666666666667,1717.0,1500.6666666666667,1567.4,70.75,68.5,74.2,84.66666666666667,1,guard,0.12736655898126914
131265,9208,http://live.fanfooty.com.au/game/matchcentre.html?id=9208,R1,2025,1002401.0,Brandon,Starcevich,BL,4.0,50.0,64,39.0,40.0,54.0,6.0,7.0,3.0,2.0,0.0,1.0,0.0,0.0,0.0,Full Time,injured,Headclash with Justin McInerney in Q4 left him groggy... failed HIA and did not return... %P and %M plus %T,guard,Playing back pocket on Papley,455000.0,0.0,304500.0,,Back,37.0,3.0,37.33,0.0,0.0,0.37,0.29,445000.0,,,7.0,2.0,0.0,84.0,66.0,105.0,1.0,True,1660,1633,2.0,9208_BL,98.0,0,73.0,0,10.0,8.866666666666667,4.666666666666667,2.933333333333333,6.0,4.733333333333333,2.3333333333333335,1.8666666666666667,0.0,0.0,0.6666666666666666,0.9333333333333333,0.0,0.7333333333333333,0.0,0.06666666666666667,0.0,0.06666666666666667,0.0,0.0,0.37,0.37,0.29,0.29,5.666666666666667,3.933333333333333,1.0,0.4666666666666667,1.3333333333333333,1.6666666666666667,77.33333333333333,76.93333333333334,80.0,80.66666666666667,254.0,238.0,1785.6666666666667,1728.0666666666666,1500.6666666666667,1556.2,59.3,65.8,74.0,76.0,1,injured,0.07892320646437584
131266,9208,http://live.fanfooty.com.au/game/matchcentre.html?id=9208,R1,2025,298437.0,Callum,Ah Chee,BL,9.0,46.0,54,30.0,45.0,62.0,7.0,7.0,3.0,1.0,0.0,2.0,4.0,1.0,2.0,Full Time,sore,Limped off favouring left ankle in Q4 but returned... %P and %M plus %s... not helped by %F,wing,Starting at half forward,469700.0,0.0,326000.0,,Midfielder,4.0,13.0,58.08,0.0,0.0,0.26,0.75,446000.0,,,9.0,0.0,7.0,64.0,75.0,125.0,1.0,True,1660,1633,2.0,9208_BL,98.0,0,73.0,0,7.333333333333333,8.8,5.666666666666667,4.933333333333334,4.0,4.6,1.6666666666666667,1.6,0.0,0.0,1.0,0.6,2.0,0.9333333333333333,2.6666666666666665,1.4,1.0,0.8666666666666667,0.0,0.0,0.26,0.26,0.75,0.75,5.666666666666667,5.733333333333333,0.0,0.5333333333333333,3.6666666666666665,2.7333333333333334,74.33333333333333,69.73333333333333,81.33333333333333,79.33333333333333,182.33333333333334,242.06666666666666,1785.6666666666667,1717.0,1500.6666666666667,1567.4,71.25,68.9,75.2,81.0,1,sore,0.12345247530456063
131268,9208,http://live.fanfooty.com.au/game/matchcentre.html?id=9208,R1,2025,293535.0,Lachie,Neale,BL,3.0,37.0,41,28.0,28.0,39.0,5.0,5.0,0.0,3.0,0.0,3.0,1.0,0.0,0.0,Full Time,tagged,Tagged by Jordon... %P and %T... aided by %4FF,shovel,Playing inside midfield,895200.0,0.0,617000.0,,Midfielder,9.0,21.0,99.62,0.0,0.0,4.05,2.65,876000.0,,,8.0,2.0,3.0,50.0,84.0,136.0,0.0,False,1660,1633,2.0,9208_BL,98.0,0,73.0,0,12.333333333333334,14.0,13.0,14.666666666666666,4.666666666666667,4.733333333333333,3.6666666666666665,3.4,0.0,0.0,2.0,1.5333333333333334,0.6666666666666666,0.8666666666666667,0.0,0.6666666666666666,0.0,0.3333333333333333,0.0,0.0,4.05,4.05,2.65,2.65,14.0,14.066666666666666,7.666666666666667,8.4,3.6666666666666665,3.3333333333333335,64.33333333333333,72.33333333333333,86.66666666666667,87.33333333333333,311.6666666666667,331.73333333333335,1785.6666666666667,1717.0,1500.6666666666667,1567.4,113.95,106.1,93.0,99.0,1,tagged,0.7208748879622292
131269,9208,http://live.fanfooty.com.au/game/matchcentre.html?id=9208,R1,2025,1002235.0,Cam,Rayner,BL,3.0,36.0,41,14.0,32.0,47.0,8.0,5.0,2.0,0.0,0.0,0.0,2.0,0.0,2.0,Full Time,midfwd,%P and %M plus %s... Rotating from half forward to mids,,,587800.0,0.0,385100.0,,,16.0,21.0,58.81,0.0,0.0,0.75,0.8,575000.0,,,6.0,0.0,4.0,61.0,90.0,353.0,0.0,False,1660,1633,2.0,9208_BL,98.0,0,73.0,0,10.333333333333334,9.2,5.333333333333333,6.6,5.333333333333333,3.533333333333333,2.0,2.6666666666666665,0.0,0.0,0.0,0.7333333333333333,1.0,1.1333333333333333,1.0,1.4,1.3333333333333333,0.9333333333333333,0.0,0.0,0.75,0.75,0.8,0.8,5.0,7.2,0.6666666666666666,2.066666666666667,4.666666666666667,3.7333333333333334,61.333333333333336,62.86666666666667,84.0,80.2,407.0,310.3333333333333,1785.6666666666667,1717.0,1500.6666666666667,1567.4,74.6,69.4,56.4,61.333333333333336,1,midfwd,0.16006534858889038
131270,9208,http://live.fanfooty.com.au/game/matchcentre.html?id=9208,R1,2025,1023708.0,Jaspa,Fletcher,BL,3.0,36.0,52,22.0,28.0,42.0,6.0,6.0,0.0,2.0,0.0,1.0,1.0,0.0,0.0,Full Time,wing,%P and %T... Starting on a wing,,,464000.0,,288100.0,,Midfielder,3.0,0.0,0.0,0.0,1.02,1.09,1.23,454000.0,,,5.0,2.0,1.0,75.0,75.0,167.0,0.0,False,1660,1633,2.0,9208_BL,98.0,0,73.0,0,10.666666666666666,7.8,5.0,6.2,4.666666666666667,4.4,1.3333333333333333,1.6,0.0,0.0,0.3333333333333333,0.4,0.6666666666666666,0.4666666666666667,0.0,0.13333333333333333,0.3333333333333333,0.26666666666666666,1.02,1.02,1.09,1.09,1.23,1.23,3.6666666666666665,5.6,1.3333333333333333,1.7333333333333334,1.0,1.5333333333333334,72.0,77.4,71.33333333333333,71.4,317.0,234.6,1785.6666666666667,1717.0,1500.6666666666667,1567.4,62.6,62.4,61.0,62.666666666666664,1,wing,0.07750056328449255
131271,9208,http://live.fanfooty.com.au/game/matchcentre.html?id=9208,R1,2025,997846.0,Conor,McKenna,BL,2.0,32.0,45,12.0,25.0,34.0,7.0,3.0,1.0,0.0,0.0,1.0,0.0,0.0,1.0,Full Time,wing,%l Charlie Cameron... on in Q1 for Lohmann... %P and %s,inandsub,Started as the sub,600700.0,0.0,353100.0,,Back,26.0,17.0,65.0,0.0,0.0,0.43,0.23,588000.0,,,5.0,0.0,0.0,50.0,65.0,237.0,1.0,False,1660,1633,2.0,9208_BL,98.0,0,73.0,0,6.0,12.6,1.6666666666666667,2.066666666666667,1.3333333333333333,4.666666666666667,1.0,0.6666666666666666,0.0,0.0,0.3333333333333333,0.3333333333333333,0.0,0.3333333333333333,0.0,0.0,0.3333333333333333,0.2,0.0,0.0,0.43,0.43,0.23,0.23,2.6666666666666665,3.066666666666667,0.3333333333333333,0.4,0.6666666666666666,2.4,64.0,68.53333333333333,42.0,71.06666666666666,215.33333333333334,317.6,1652.6666666666667,1727.2666666666667,1630.3333333333333,1558.2666666666667,56.05,44.8,35.6,30.333333333333332,1,wing,0.03844025763895075
131272,9208,http://live.fanfooty.com.au/game/matchcentre.html?id=9208,R1,2025,1002347.0,Jack,Payne,BL,2.0,30.0,46,22.0,24.0,33.0,4.0,4.0,2.0,1.0,0.0,0.0,0.0,0.0,0.0,Full Time,job,%M and %P... In defence on Amartey,,,429600.0,0.0,318600.0,,Back,40.0,0.0,0.0,0.0,0.0,0.21,0.19,420000.0,,,4.0,0.0,0.0,50.0,95.0,61.0,0.0,False,1660,1633,2.0,9208_BL,98.0,0,73.0,0,7.333333333333333,8.4,2.6666666666666665,2.3333333333333335,4.666666666666667,5.866666666666666,1.6666666666666667,1.2666666666666666,0.0,0.13333333333333333,0.6666666666666666,0.4666666666666667,0.0,0.4,0.0,0.0,0.0,0.0,0.0,0.0,0.21,0.21,0.19,0.19,4.0,3.6666666666666665,0.6666666666666666,0.2,0.6666666666666666,1.6,70.66666666666667,80.73333333333333,92.0,88.6,115.0,139.6,1785.6666666666667,1743.7333333333333,1500.6666666666667,1541.0,58.05,60.6,51.0,60.666666666666664,1,job,0.050651417459412706
131273,9208,http://live.fanfooty.com.au/game/matchcentre.html?id=9208,R1,2025,993953.0,Eric,Hipwood,BL,8.0,27.0,33,20.0,27.0,36.0,4.0,1.0,3.0,1.0,1.0,0.0,3.0,1.0,2.0,Full Time,pelican,Booted %s from %G and %P... conceded %F... Up forward on Melican,,,546900.0,0.0,348900.0,,Forward,30.0,21.0,56.33,0.0,0.0,0.27,0.15,535000.0,,,1.0,0.0,3.0,40.0,75.0,127.0,0.0,False,1660,1633,2.0,9208_BL,98.0,0,73.0,0,5.333333333333333,8.4,2.6666666666666665,2.8,3.6666666666666665,6.2,1.0,1.2,0.3333333333333333,0.26666666666666666,0.0,0.5333333333333333,2.3333333333333335,1.0,1.0,1.5333333333333334,0.6666666666666666,0.8666666666666667,0.0,0.0,0.27,0.27,0.15,0.15,1.0,2.8,0.0,0.0,3.0,2.7333333333333334,69.33333333333333,65.13333333333334,75.66666666666667,77.2,173.33333333333334,235.66666666666666,1785.6666666666667,1732.8,1500.6666666666667,1553.0666666666666,60.2,48.9,43.2,43.0,1,pelican,0.04785334321797504
131274,9208,http://live.fanfooty.com.au/game/matchcentre.html?id=9208,R1,2025,996059.0,Harris,Andrews,BL,2.0,19.0,29,6.0,18.0,27.0,5.0,2.0,2.0,0.0,0.0,0.0,2.0,0.0,0.0,Full Time,job,%P including %K... also %M... In defence on McCartin,,,634800.0,0.0,497900.0,,Back,31.0,17.0,67.0,0.0,0.0,0.69,0.55,621000.0,,,1.0,0.0,4.0,57.0,97.0,189.0,0.0,False,1660,1633,2.0,9208_BL,98.0,0,73.0,0,8.333333333333334,8.8,3.3333333333333335,3.3333333333333335,5.666666666666667,6.866666666666666,0.3333333333333333,1.0,0.0,0.0,0.6666666666666666,0.4666666666666667,1.3333333333333333,1.2,0.0,0.0,0.0,0.0,0.0,0.0,0.69,0.69,0.55,0.55,3.0,4.066666666666666,0.0,0.13333333333333333,2.6666666666666665,1.9333333333333333,80.0,84.06666666666666,93.33333333333333,94.2,99.66666666666667,153.13333333333333,1785.6666666666667,1715.0666666666666,1500.6666666666667,1569.8,75.55,74.3,70.6,60.0,1,job,0.12175089046758243
131275,9209,http://live.fanfooty.com.au/game/matchcentre.html?id=9209,R1,2025,290799.0,Tom,Liberatore,WB,31.0,108.0,120,140.0,81.0,118.0,13.0,15.0,3.0,8.0,0.0,0.0,1.0,0.0,1.0,Full Time,gun,%P and %M plus %T... %s as well,shovel,Pure midfield,953700.0,,648600.0,,Midfielder,21.0,0.0,0.0,0.0,1.42,4.15,1.11,932000.0,,,15.0,9.0,4.0,75.0,81.0,354.0,0.0,False,1664,1630,2.0,9209_WB,98.0,1,73.0,1,10.0,10.266666666666667,15.666666666666666,13.133333333333333,2.0,2.8666666666666667,5.666666666666667,5.6,0.0,0.0,0.3333333333333333,0.8,1.3333333333333333,1.5333333333333334,0.3333333333333333,0.13333333333333333,1.0,0.6,1.42,1.42,4.15,4.15,1.11,1.11,15.333333333333334,13.2,8.0,7.266666666666667,4.333333333333333,3.7333333333333334,72.66666666666667,71.73333333333333,80.66666666666667,78.13333333333334,258.6666666666667,294.0,1566.0,1646.3333333333333,1727.0,1638.4666666666667,104.6,100.5,105.2,102.66666666666667,1,gun,0.6490388363956384
131276,9209,http://live.fanfooty.com.au/game/matchcentre.html?id=9209,R1,2025,996708.0,Bailey,Dale,WB,20.0,104.0,127,131.0,82.0,112.0,22.0,7.0,3.0,1.0,0.0,1.0,1.0,2.0,1.0,Full Time,hot,%P including %K... also %M... and booted %s,guard,In defence,786900.0,,507600.0,,Back,31.0,0.0,0.0,0.0,0.27,0.49,0.55,770000.0,,,5.0,1.0,1.0,89.0,87.0,558.0,0.0,False,1664,1630,2.0,9209_WB,98.0,1,73.0,1,18.333333333333332,18.133333333333333,7.0,7.6,3.3333333333333335,5.333333333333333,1.3333333333333333,1.5333333333333334,0.0,0.0,1.0,0.5333333333333333,1.0,0.7333333333333333,1.0,0.26666666666666666,0.3333333333333333,0.4,0.27,0.27,0.49,0.49,0.55,0.55,4.666666666666667,5.533333333333333,1.3333333333333333,1.1333333333333333,2.0,2.6666666666666665,84.0,79.6,85.0,85.8,537.0,493.0,1566.0,1665.9333333333334,1727.0,1619.0,105.3,94.2,88.4,106.66666666666667,1,hot,0.6152020672449318
131278,9209,http://live.fanfooty.com.au/game/matchcentre.html?id=9209,R1,2025,1008280.0,Ed,Richards,WB,21.0,95.0,119,119.0,75.0,108.0,18.0,12.0,2.0,2.0,0.0,0.0,1.0,1.0,0.0,Full Time,shovel,First goal... matched up on Simpkin... %P and %M plus %T... %s as well... Starting on ball,,,736900.0,,481800.0,,Back,20.0,0.0,0.0,0.0,0.4,0.45,0.45,720000.0,,,13.0,7.0,4.0,56.0,79.0,611.0,0.0,False,1664,1630,2.0,9209_WB,98.0,1,73.0,1,14.333333333333334,13.933333333333334,13.0,9.0,3.0,4.133333333333334,2.0,4.2,0.0,0.0,0.0,0.6666666666666666,1.6666666666666667,1.0666666666666667,1.0,0.7333333333333333,0.3333333333333333,0.7333333333333333,0.4,0.4,0.45,0.45,0.45,0.45,12.666666666666666,10.066666666666666,5.333333333333333,5.333333333333333,6.333333333333333,3.2,57.0,66.26666666666667,82.33333333333333,79.53333333333333,522.0,462.8,1566.0,1688.4666666666667,1727.0,1595.5333333333333,99.95,99.7,100.6,99.0,1,shovel,0.5578409392346665
131279,9209,http://live.fanfooty.com.au/game/matchcentre.html?id=9209,R1,2025,1001398.0,Matthew,Kennedy,WB,19.0,92.0,115,117.0,73.0,99.0,11.0,12.0,6.0,4.0,0.0,1.0,0.0,0.0,0.0,Full Time,star,%P and %M plus %T,shovel,Playing in midfield,688200.0,0.0,420000.0,,Midfielder,8.0,12.0,64.42,0.0,0.0,0.1,0.2,673000.0,,,7.0,3.0,0.0,87.0,74.0,259.0,0.0,False,1664,1630,2.0,9209_WB,98.0,1,73.0,1,7.333333333333333,10.533333333333333,6.666666666666667,8.133333333333333,4.666666666666667,4.733333333333333,2.3333333333333335,3.2666666666666666,0.0,0.6,0.6666666666666666,0.8666666666666667,0.3333333333333333,1.2,0.0,0.6,0.3333333333333333,0.5333333333333333,0.0,0.0,0.1,0.1,0.2,0.2,5.666666666666667,7.066666666666666,1.3333333333333333,2.2666666666666666,1.6666666666666667,3.533333333333333,77.0,68.66666666666667,65.0,72.4,161.33333333333334,260.3333333333333,1612.0,1674.2,1655.0,1609.4666666666667,77.05,77.0,86.2,71.0,1,star,0.2530769245631057
131280,9209,http://live.fanfooty.com.au/game/matchcentre.html?id=9209,R1,2025,1002404.0,Aaron,Naughton,WB,25.0,89.0,103,107.0,79.0,97.0,8.0,9.0,8.0,1.0,0.0,0.0,0.0,3.0,1.0,Full Time,apples,%s from %P and %M... Starting deep forward on Corr,,,617100.0,,419900.0,,Forward,33.0,0.0,0.0,0.0,0.31,0.37,0.5,604000.0,,,9.0,0.0,0.0,64.0,88.0,264.0,0.0,False,1664,1630,2.0,9209_WB,98.0,1,73.0,1,5.666666666666667,8.466666666666667,6.0,3.8666666666666667,5.0,5.933333333333334,1.0,0.9333333333333333,1.0,0.2,0.0,0.8666666666666667,1.0,0.7333333333333333,2.6666666666666665,2.2666666666666666,0.3333333333333333,0.7333333333333333,0.31,0.31,0.37,0.37,0.5,0.5,6.333333333333333,5.333333333333333,0.0,0.0,2.6666666666666665,2.0,71.33333333333333,70.26666666666667,81.0,79.0,166.33333333333334,240.26666666666668,1566.0,1700.5333333333333,1727.0,1583.9333333333334,77.0,66.9,69.8,65.0,1,apples,0.00014205973457964827
131281,9209,http://live.fanfooty.com.au/game/matchcentre.html?id=9209,R1,2025,1005000.0,Laitham,Vandermeer,WB,20.0,81.0,115,100.0,67.0,85.0,10.0,6.0,3.0,3.0,0.0,2.0,1.0,3.0,1.0,Full Time,wing,%s from %P and %M plus %T... Rotating at half forward,,,490000.0,,291600.0,,Forward,23.0,0.0,0.0,0.0,0.18,0.07,0.1,479000.0,,,10.0,0.0,1.0,68.0,79.0,231.0,1.0,False,1664,1630,2.0,9209_WB,98.0,1,73.0,1,6.0,5.4,3.3333333333333335,4.4,2.6666666666666665,3.0,2.6666666666666665,1.7333333333333334,0.0,0.0,0.6666666666666666,0.4666666666666667,0.6666666666666666,0.6,1.3333333333333333,0.4666666666666667,0.3333333333333333,0.4,0.18,0.18,0.07,0.07,0.1,0.1,5.666666666666667,3.3333333333333335,0.0,0.13333333333333333,1.0,1.6666666666666667,80.0,73.93333333333334,52.666666666666664,67.2,143.33333333333334,175.6,1566.0,1665.9333333333334,1727.0,1619.0,50.1,51.2,60.8,64.33333333333333,1,wing,0.03855020803973598
131282,9209,http://live.fanfooty.com.au/game/matchcentre.html?id=9209,R1,2025,1000864.0,Lachlan,Bramble,WB,10.0,77.0,86,98.0,60.0,81.0,13.0,8.0,4.0,2.0,0.0,2.0,0.0,0.0,0.0,Full Time,wing,%P and %M plus %T... Starting on a wing,,,573900.0,,292100.0,,Back,29.0,0.0,0.0,0.0,0.31,0.26,0.14,561000.0,,,5.0,1.0,1.0,90.0,86.0,296.0,0.0,False,1664,1630,2.0,9209_WB,98.0,0,73.0,1,12.666666666666666,12.733333333333333,5.666666666666667,5.933333333333334,3.0,4.266666666666667,1.0,1.5333333333333334,0.0,0.0,1.0,0.6,0.3333333333333333,0.4,0.0,0.06666666666666667,0.3333333333333333,0.06666666666666667,0.31,0.31,0.26,0.26,0.14,0.14,3.3333333333333335,3.8666666666666667,0.6666666666666666,0.6,1.6666666666666667,1.6666666666666667,74.66666666666667,80.8,84.66666666666667,83.73333333333333,377.6666666666667,391.6,1566.0,1665.9333333333334,1727.0,1619.0,70.8,74.6,66.6,60.333333333333336,1,wing,0.11744419018062069
131283,9209,http://live.fanfooty.com.au/game/matchcentre.html?id=9209,R1,2025,1004592.0,Tim,English,WB,17.0,73.0,58,87.0,65.0,80.0,4.0,7.0,4.0,3.0,25.0,0.0,1.0,0.0,1.0,Full Time,ruck,%H... also %P and %M plus %T... %s as well... First ruck,,,1095400.0,,715100.0,,Ruck,44.0,0.0,0.0,0.0,11.65,9.21,14.71,1071000.0,,,3.0,3.0,3.0,63.0,79.0,95.0,0.0,False,1664,1630,2.0,9209_WB,98.0,0,73.0,0,6.666666666666667,8.266666666666667,7.666666666666667,7.0,4.333333333333333,5.6,3.3333333333333335,3.6,21.333333333333332,27.2,0.3333333333333333,1.2666666666666666,1.0,1.2,0.3333333333333333,0.5333333333333333,0.3333333333333333,0.26666666666666666,11.65,11.65,9.21,9.21,14.71,14.71,6.0,6.666666666666667,3.3333333333333335,2.8666666666666667,4.0,2.933333333333333,64.33333333333333,73.33333333333333,79.66666666666667,84.26666666666667,183.33333333333334,202.93333333333334,1566.0,1645.8666666666666,1727.0,1639.4666666666667,101.15,94.9,87.0,82.66666666666667,1,ruck,0.5240151494331586
131284,9209,http://live.fanfooty.com.au/game/matchcentre.html?id=9209,R1,2025,1006127.0,Rhylee,West,WB,14.0,72.0,74,94.0,60.0,85.0,8.0,11.0,4.0,5.0,0.0,2.0,3.0,0.0,1.0,Full Time,pocket,%s from %P and %M plus %T... conceded %F... Playing a forward role,,,477600.0,,320000.0,,Forward,14.0,0.0,0.0,0.0,0.09,0.04,0.08,467000.0,,,9.0,3.0,5.0,73.0,82.0,213.0,0.0,False,1664,1630,2.0,9209_WB,98.0,0,73.0,1,5.666666666666667,6.733333333333333,6.666666666666667,5.333333333333333,2.3333333333333335,2.466666666666667,3.6666666666666665,3.4,0.0,0.0,1.0,0.7333333333333333,1.3333333333333333,0.8,0.0,1.1333333333333333,0.3333333333333333,0.8666666666666667,0.09,0.09,0.04,0.04,0.08,0.08,5.666666666666667,5.6,1.6666666666666667,1.6,2.6666666666666665,1.8666666666666667,62.0,59.86666666666667,66.33333333333333,76.26666666666667,131.0,201.26666666666668,1673.3333333333333,1698.8,1611.3333333333333,1585.3333333333333,66.7,66.2,58.2,51.0,1,pocket,0.08723902855342518
131286,9209,http://live.fanfooty.com.au/game/matchcentre.html?id=9209,R1,2025,992351.0,Bailey,Williams,WB,10.0,70.0,49,92.0,56.0,72.0,10.0,4.0,8.0,2.0,0.0,0.0,0.0,0.0,0.0,Full Time,switch,%P including %K... also %M and %T... Playing a wing role... switched back in Q3 to cover injury,,,644400.0,,391500.0,,Back,34.0,0.0,0.0,0.0,0.27,0.12,0.11,631000.0,,,2.0,0.0,2.0,78.0,90.0,297.0,0.0,False,1664,1630,2.0,9209_WB,98.0,0,73.0,0,12.0,10.4,7.333333333333333,7.666666666666667,6.666666666666667,6.2,2.0,1.9333333333333333,0.0,0.0,0.0,0.26666666666666666,0.6666666666666666,0.4666666666666667,0.6666666666666666,0.4,0.0,0.06666666666666667,0.27,0.27,0.12,0.12,0.11,0.11,4.666666666666667,4.8,0.0,1.2,4.0,2.1333333333333333,72.66666666666667,79.06666666666666,89.0,86.06666666666666,385.3333333333333,344.53333333333336,1566.0,1665.9333333333334,1727.0,1619.0,74.75,63.6,67.0,66.0,1,switch,0.1368477793594643
131287,9209,http://live.fanfooty.com.au/game/matchcentre.html?id=9209,R1,2025,1017126.0,Sam,Darcy,WB,15.0,65.0,76,81.0,57.0,70.0,8.0,4.0,6.0,1.0,6.0,1.0,1.0,1.0,1.0,Full Time,ruckfwd,%P and %M plus %s... Playing a forward/ruck role on Comben,,,195400.0,,123900.0,,Back,10.0,0.0,0.0,0.0,15.85,25.57,0.35,444000.0,,,7.0,2.0,2.0,58.0,82.0,231.0,0.0,False,1664,1630,2.0,9209_WB,98.0,0,73.0,1,8.0,7.8,4.333333333333333,5.0,3.6666666666666665,4.866666666666666,1.6666666666666667,2.533333333333333,8.0,6.333333333333333,1.3333333333333333,1.4666666666666666,1.3333333333333333,1.2666666666666666,1.3333333333333333,1.8,0.6666666666666666,1.1333333333333333,15.85,15.85,25.57,25.57,0.35,0.35,8.333333333333334,8.266666666666667,3.0,1.8666666666666667,2.6666666666666665,2.6666666666666665,50.666666666666664,64.0,78.66666666666667,76.73333333333333,209.66666666666666,203.33333333333334,1566.0,1676.2666666666667,1727.0,1608.9333333333334,78.65,83.0,91.0,77.0,1,ruckfwd,0.13745210728666432
131288,9209,http://live.fanfooty.com.au/game/matchcentre.html?id=9209,R1,2025,1017087.0,Harvey,Gallagher,WB,9.0,63.0,51,81.0,49.0,66.0,10.0,6.0,4.0,2.0,0.0,1.0,0.0,0.0,0.0,Full Time,shovel,%P and %M plus %T... Doing jobs in midfield,,,195400.0,,123900.0,,Back,12.0,0.0,0.0,0.0,0.04,0.14,0.4,200000.0,,,2.0,1.0,5.0,68.0,82.0,327.0,0.0,False,1664,1630,2.0,9209_WB,98.0,0,73.0,0,7.333333333333333,8.2,4.0,4.333333333333333,2.3333333333333335,2.3333333333333335,4.333333333333333,3.1333333333333333,0.0,0.0,1.0,0.7333333333333333,1.0,1.2666666666666666,0.3333333333333333,0.26666666666666666,0.3333333333333333,0.6,0.04,0.04,0.14,0.14,0.4,0.4,3.0,3.8666666666666667,1.6666666666666667,1.8666666666666667,3.6666666666666665,3.533333333333333,67.0,58.86666666666667,70.33333333333333,74.93333333333334,244.66666666666666,205.0,1566.0,1654.1333333333334,1727.0,1631.8,45.5,46.0,46.6,50.333333333333336,1,shovel,0.05152745694183176
131289,9209,http://live.fanfooty.com.au/game/matchcentre.html?id=9209,R1,2025,297899.0,James,Harmes,WB,14.0,63.0,79,78.0,50.0,69.0,7.0,9.0,2.0,3.0,0.0,0.0,0.0,1.0,0.0,Full Time,midfwd,%P and %M plus %T... %s as well... Starting at half forward then joining midfield,,,431700.0,0.0,258300.0,,Midfielder,22.0,21.0,81.05,0.0,0.0,9.8,1.04,637000.0,,,6.0,0.0,2.0,62.0,74.0,268.0,0.0,False,1664,1630,2.0,9209_WB,98.0,0,73.0,1,7.0,7.6,8.333333333333334,7.933333333333334,3.0,3.1333333333333333,2.3333333333333335,3.466666666666667,0.0,0.0,0.0,0.6666666666666666,0.6666666666666666,0.8666666666666667,0.6666666666666666,0.6,0.0,0.4,0.0,0.0,9.8,5.936000000000001,1.04,0.7080000000000001,5.333333333333333,5.733333333333333,1.3333333333333333,1.7333333333333334,2.3333333333333335,2.7333333333333334,70.66666666666667,70.73333333333333,78.66666666666667,67.66666666666667,228.66666666666666,214.46666666666667,1559.0,1679.6,1727.6666666666667,1606.2,66.1,73.6,86.2,69.0,1,midfwd,0.10825259239334861
131291,9209,http://live.fanfooty.com.au/game/matchcentre.html?id=9209,R1,2025,1009015.0,Lachlan,McNeil,WB,9.0,37.0,48,41.0,33.0,42.0,4.0,6.0,0.0,0.0,0.0,1.0,0.0,2.0,0.0,Full Time,wing,%P and %s... Rotating at half forward,,,253400.0,,159100.0,,Midfielder,30.0,0.0,0.0,0.0,0.27,0.19,0.3,248000.0,,,4.0,0.0,2.0,90.0,88.0,68.0,0.0,False,1664,1630,2.0,9209_WB,98.0,0,73.0,0,4.666666666666667,5.533333333333333,5.0,5.666666666666667,1.3333333333333333,1.3333333333333333,1.6666666666666667,3.2,0.0,0.0,0.6666666666666666,1.0666666666666667,0.0,0.5333333333333333,0.6666666666666666,0.5333333333333333,0.6666666666666666,0.7333333333333333,0.27,0.29133333333333333,0.19,0.218,0.3,0.284,5.0,5.666666666666667,0.6666666666666666,1.0666666666666667,1.0,1.5333333333333334,61.666666666666664,68.0,81.66666666666667,76.06666666666666,107.33333333333333,157.4,1566.0,1635.9333333333334,1727.0,1649.2666666666667,51.5,61.4,66.0,47.0,1,wing,0.04211636583065043
131292,9209,http://live.fanfooty.com.au/game/matchcentre.html?id=9209,R1,2025,290085.0,Taylor,Duryea,WB,3.0,35.0,37,45.0,30.0,42.0,5.0,5.0,3.0,1.0,0.0,0.0,1.0,0.0,0.0,Full Time,job,%M and %P... Playing a half back role... went to Darling in Q3 to cover injury,,,466100.0,0.0,286400.0,,Back,15.0,16.0,61.69,0.0,0.0,0.3,0.09,456000.0,,,3.0,0.0,3.0,80.0,76.0,221.0,0.0,False,1664,1630,2.0,9209_WB,98.0,0,73.0,0,7.666666666666667,8.8,5.333333333333333,4.8,3.6666666666666665,4.933333333333334,2.6666666666666665,2.4,0.0,0.0,1.0,0.7333333333333333,0.6666666666666666,0.4,0.0,0.0,0.0,0.13333333333333333,0.0,0.0,0.3,0.3,0.09,0.09,4.333333333333333,2.933333333333333,1.0,0.4666666666666667,3.0,1.7333333333333334,74.66666666666667,77.33333333333333,76.0,80.93333333333334,241.0,253.53333333333333,1566.0,1664.6666666666667,1727.0,1623.3333333333333,57.9,58.4,56.2,55.333333333333336,1,job,0.060549206656372576
131293,9209,http://live.fanfooty.com.au/game/matchcentre.html?id=9209,R1,2025,990740.0,Rory,Lobb,WB,3.0,35.0,55,44.0,30.0,42.0,5.0,6.0,2.0,1.0,0.0,1.0,1.0,0.0,0.0,Full Time,sore,Landed on Darling late in Q2 and was in big pain clutching his torso... %P and %M,job,In defence on Darling,539400.0,0.0,374700.0,,Forward,7.0,16.0,66.81,0.0,0.0,0.07,0.12,528000.0,,,7.0,1.0,2.0,72.0,100.0,126.0,0.0,True,1664,1630,2.0,9209_WB,98.0,0,73.0,0,6.666666666666667,8.466666666666667,4.666666666666667,5.333333333333333,4.0,5.333333333333333,1.6666666666666667,2.0,0.0,2.533333333333333,1.0,1.1333333333333333,0.3333333333333333,0.3333333333333333,0.0,0.26666666666666666,0.0,0.2,0.0,0.0,0.07,0.07,0.12,0.12,6.666666666666667,6.333333333333333,0.3333333333333333,0.6666666666666666,1.0,1.6666666666666667,78.0,72.86666666666666,100.0,92.4,159.0,204.26666666666668,1566.0,1660.1333333333334,1727.0,1626.7333333333333,79.2,75.9,67.8,70.66666666666667,1,sore,0.17479936988038788
131295,9209,http://live.fanfooty.com.au/game/matchcentre.html?id=9209,R1,2025,1032966.0,James,O'Donnell,WB,3.0,32.0,45,41.0,29.0,39.0,5.0,4.0,4.0,0.0,0.0,0.0,1.0,0.0,0.0,Full Time,injured,Ran his jaw into the shoulder of Curtis in Q3... subbed off at 3QT for Arthur Jones... %M and %P,subbed,Standing Larkey,305300.0,,208600.0,,Back,18.0,0.0,0.0,0.0,0.18,0.39,0.85,299000.0,,,3.0,0.0,3.0,66.0,61.0,141.0,1.0,True,1664,1630,2.0,9209_WB,98.0,0,73.0,0,7.333333333333333,8.0,3.0,3.066666666666667,3.6666666666666665,4.4,1.0,0.9333333333333333,0.0,0.0,1.0,0.3333333333333333,1.3333333333333333,0.8666666666666667,0.0,0.13333333333333333,0.0,0.06666666666666667,0.18,0.18,0.39,0.39,0.85,0.85,4.333333333333333,3.466666666666667,0.3333333333333333,0.06666666666666667,3.6666666666666665,2.2,67.0,70.13333333333334,82.0,84.86666666666666,239.66666666666666,198.66666666666666,1566.0,1669.0,1727.0,1617.8,52.65,53.0,45.2,48.333333333333336,1,injured,0.05464960589530334
131298,9209,http://live.fanfooty.com.au/game/matchcentre.html?id=9209,R1,2025,1004965.0,Tristan,Xerri,NM,56.0,129.0,122,135.0,111.0,135.0,4.0,13.0,4.0,7.0,51.0,0.0,0.0,0.0,0.0,Full Time,superman,Cramped up late but did a mountain of work in Q4... %H... also %P and %T,ruck,First ruck,609100.0,0.0,407400.0,,Ruck,38.0,0.0,0.0,0.0,0.0,4.43,14.38,580000.0,,,13.0,5.0,2.0,64.0,83.0,5.0,1.0,False,1630,1664,2.0,9209_NM,98.0,1,73.0,1,9.0,9.533333333333333,10.666666666666666,10.0,3.6666666666666665,3.6666666666666665,5.333333333333333,7.4,43.333333333333336,36.53333333333333,2.0,2.3333333333333335,2.6666666666666665,2.4,0.3333333333333333,0.4,0.0,0.2,0.0,0.0,4.43,4.43,14.38,14.38,13.666666666666666,13.133333333333333,7.333333333333333,6.533333333333333,4.666666666666667,4.933333333333334,69.33333333333333,65.86666666666666,83.0,84.33333333333333,188.33333333333334,214.33333333333334,1450.6666666666667,1627.9333333333334,1837.6666666666667,1653.8,122.95,134.6,143.0,128.66666666666666,1,superman,0.7629699109669148
131299,9209,http://live.fanfooty.com.au/game/matchcentre.html?id=9209,R1,2025,993998.0,Jy,Simpkin,NM,33.0,125.0,115,86.0,94.0,130.0,19.0,11.0,4.0,7.0,0.0,2.0,1.0,1.0,1.0,Full Time,cloud,Survived pre-game injury scare... matched up on Richards... %P and %M plus %T... %s as well,shovel,Starting on ball,699400.0,0.0,443400.0,,Midfielder,12.0,21.0,59.76,0.0,0.0,1.06,3.34,684000.0,,,12.0,4.0,3.0,60.0,76.0,407.0,0.0,False,1630,1664,2.0,9209_NM,98.0,1,73.0,1,13.666666666666666,13.4,12.0,9.6,3.0,3.1333333333333333,6.666666666666667,3.6666666666666665,0.0,0.0,2.3333333333333335,1.4666666666666666,1.6666666666666667,1.7333333333333334,1.3333333333333333,0.7333333333333333,0.6666666666666666,0.2,0.0,0.0,1.06,1.06,3.34,3.34,12.0,10.0,4.666666666666667,4.533333333333333,3.6666666666666665,3.7333333333333334,66.66666666666667,67.46666666666667,81.33333333333333,83.8,299.6666666666667,347.73333333333335,1450.6666666666667,1592.0,1837.6666666666667,1689.2,81.95,90.1,94.8,108.0,1,cloud,0.27533716534133207
131300,9209,http://live.fanfooty.com.au/game/matchcentre.html?id=9209,R1,2025,1011659.0,Tom,Powell,NM,36.0,121.0,85,105.0,92.0,127.0,13.0,14.0,7.0,8.0,0.0,0.0,0.0,0.0,1.0,Full Time,hot,Lots of the footy in Q1... %P and %M plus %T... %s as well,shovel,Playing on ball,529300.0,,312200.0,,Midfielder,24.0,0.0,0.0,0.0,0.04,0.16,0.21,518000.0,,,4.0,3.0,3.0,70.0,81.0,298.0,1.0,False,1630,1664,2.0,9209_NM,98.0,0,73.0,1,7.0,8.933333333333334,11.333333333333334,10.666666666666666,3.0,4.066666666666666,6.333333333333333,4.333333333333333,0.0,0.0,0.3333333333333333,0.3333333333333333,0.3333333333333333,0.5333333333333333,0.0,0.26666666666666666,0.3333333333333333,0.06666666666666667,0.04,0.04,0.16,0.16,0.21,0.21,6.333333333333333,6.333333333333333,2.3333333333333335,3.066666666666667,2.0,2.0,69.0,79.26666666666667,80.66666666666667,77.06666666666666,147.0,230.26666666666668,1450.6666666666667,1627.9333333333334,1837.6666666666667,1653.8,77.0,81.3,87.8,70.33333333333333,1,hot,0.23606169367247784
131301,9209,http://live.fanfooty.com.au/game/matchcentre.html?id=9209,R1,2025,1023518.0,Harry,Sheezel,NM,25.0,114.0,106,83.0,91.0,125.0,15.0,16.0,6.0,4.0,0.0,1.0,0.0,0.0,2.0,Full Time,hot,%s from %P and %M plus %T,midfwd,Playing midfield and resting forward,898400.0,,556200.0,,Forward,3.0,0.0,0.0,0.0,16.16,11.99,14.59,878000.0,,,9.0,6.0,1.0,67.0,85.0,347.0,0.0,False,1630,1664,2.0,9209_NM,98.0,1,73.0,1,15.666666666666666,13.933333333333334,14.666666666666666,14.733333333333333,4.333333333333333,5.066666666666666,4.666666666666667,4.0,0.0,0.0,1.3333333333333333,0.6,0.6666666666666666,0.8,0.6666666666666666,0.8666666666666667,1.0,0.2,16.16,16.16,11.99,11.99,14.59,14.59,9.666666666666666,11.2,5.333333333333333,4.533333333333333,2.6666666666666665,2.8,65.66666666666667,71.0,83.66666666666667,84.26666666666667,366.0,364.3333333333333,1757.6666666666667,1648.2,1524.6666666666667,1633.3333333333333,117.0,118.7,126.2,111.0,1,hot,0.7430056473422281
131302,9209,http://live.fanfooty.com.au/game/matchcentre.html?id=9209,R1,2025,998484.0,Cameron,Zurhaar,NM,26.0,102.0,87,74.0,84.0,106.0,14.0,6.0,10.0,2.0,0.0,0.0,0.0,1.0,4.0,Full Time,butcher,%s from %P and %M plus %T,pocket,Mostly forward,595300.0,0.0,387400.0,,Forward,44.0,5.0,42.2,0.0,0.0,0.49,0.4,582000.0,,,6.0,1.0,4.0,60.0,85.0,434.0,0.0,False,1630,1664,2.0,9209_NM,98.0,0,73.0,1,9.666666666666666,9.533333333333333,6.666666666666667,5.533333333333333,6.666666666666667,5.2,1.6666666666666667,2.533333333333333,0.0,0.06666666666666667,0.0,0.8666666666666667,0.3333333333333333,0.9333333333333333,0.6666666666666666,1.2666666666666666,1.3333333333333333,0.8666666666666667,0.0,0.0,0.49,0.49,0.4,0.4,4.333333333333333,5.6,0.3333333333333333,0.6666666666666666,4.333333333333333,3.4,72.33333333333333,68.53333333333333,85.66666666666667,85.8,353.3333333333333,294.2,1450.6666666666667,1627.9333333333334,1837.6666666666667,1653.8,69.1,69.5,58.4,62.0,1,butcher,0.16816864385509744
131303,9209,http://live.fanfooty.com.au/game/matchcentre.html?id=9209,R1,2025,295136.0,Caleb,Daniel,NM,20.0,91.0,81,67.0,68.0,99.0,13.0,11.0,3.0,6.0,0.0,0.0,1.0,0.0,0.0,Full Time,guard,%P and %M plus %T... Starting at half back,,,829400.0,,518800.0,,Back,5.0,0.0,0.0,0.0,7.26,4.61,4.98,811000.0,,,4.0,1.0,5.0,79.0,83.0,410.0,0.0,False,1630,1664,2.0,9209_NM,98.0,0,73.0,1,13.333333333333334,8.933333333333334,10.0,7.066666666666666,4.333333333333333,3.066666666666667,4.333333333333333,2.3333333333333335,0.0,0.0,0.3333333333333333,0.4666666666666667,0.6666666666666666,0.26666666666666666,0.3333333333333333,0.13333333333333333,0.3333333333333333,0.26666666666666666,7.26,7.26,4.61,4.61,4.98,4.98,6.333333333333333,4.8,2.0,1.5333333333333334,3.3333333333333335,1.6666666666666667,78.33333333333333,78.0,83.66666666666667,64.6,384.0,226.0,1577.3333333333333,1688.8,1715.6666666666667,1595.7333333333333,62.2,62.9,84.0,95.33333333333333,1,guard,0.12154448138502029
131304,9209,http://live.fanfooty.com.au/game/matchcentre.html?id=9209,R1,2025,290778.0,Luke,Parker,NM,15.0,85.0,69,68.0,67.0,91.0,10.0,11.0,5.0,4.0,0.0,1.0,0.0,0.0,1.0,Full Time,shovel,%P and %M plus %T... %s as well... Starting on ball,,,829400.0,,541300.0,,Midfielder,26.0,0.0,0.0,0.0,0.22,0.1,0.13,811000.0,,,6.0,1.0,2.0,61.0,80.0,296.0,0.0,False,1630,1664,2.0,9209_NM,98.0,0,73.0,0,8.333333333333334,8.8,6.0,6.933333333333334,3.6666666666666665,3.2666666666666666,3.6666666666666665,3.4,0.0,0.0,0.6666666666666666,0.8,0.3333333333333333,0.6,1.0,1.0666666666666667,0.6666666666666666,0.4666666666666667,0.22,0.3266666666666666,0.1,0.204,0.13,0.2926666666666667,5.0,7.6,1.0,2.933333333333333,2.6666666666666665,2.2,57.666666666666664,61.86666666666667,90.0,75.86666666666666,181.0,194.26666666666668,1630.0,1638.2,1662.6666666666667,1645.0666666666666,74.3,65.1,62.6,55.0,1,shovel,0.1734029410965363
131305,9209,http://live.fanfooty.com.au/game/matchcentre.html?id=9209,R1,2025,1002267.0,Luke,Davies-Uniacke,NM,17.0,84.0,88,56.0,70.0,90.0,12.0,8.0,4.0,2.0,0.0,3.0,1.0,2.0,0.0,Full Time,shovel,%P and %M plus %T... %s as well... aided by %4FF... Playing central midfield,,,899200.0,0.0,635100.0,,Midfielder,9.0,7.0,40.29,0.0,0.0,16.81,12.55,879000.0,,,8.0,5.0,2.0,90.0,86.0,438.0,0.0,False,1630,1664,2.0,9209_NM,98.0,0,73.0,1,15.333333333333334,13.6,10.0,13.866666666666667,5.0,4.133333333333334,3.6666666666666665,4.0,0.0,0.0,1.0,1.4,1.3333333333333333,1.5333333333333334,0.6666666666666666,0.6666666666666666,0.0,0.2,0.0,0.0,16.81,16.81,12.55,12.55,10.666666666666666,12.533333333333333,4.333333333333333,6.466666666666667,2.6666666666666665,3.533333333333333,73.33333333333333,75.53333333333333,86.0,86.66666666666667,443.3333333333333,373.26666666666665,1450.6666666666667,1627.9333333333334,1837.6666666666667,1653.8,110.85,104.0,106.4,94.0,1,shovel,0.6469792893268868
131306,9209,http://live.fanfooty.com.au/game/matchcentre.html?id=9209,R1,2025,294508.0,Aidan,Corr,NM,14.0,82.0,89,57.0,59.0,81.0,13.0,5.0,4.0,5.0,0.0,1.0,0.0,0.0,0.0,Full Time,job,%P including %K... also %T and %M... Playing key defender on Naughton,,,543100.0,0.0,388000.0,,Back,4.0,16.0,43.56,0.0,0.0,0.06,0.06,531000.0,,,5.0,0.0,0.0,72.0,94.0,277.0,0.0,False,1630,1664,2.0,9209_NM,98.0,0,73.0,1,9.0,8.8,4.0,3.533333333333333,4.333333333333333,5.0,2.0,1.5333333333333334,0.0,0.0,0.6666666666666666,0.5333333333333333,0.3333333333333333,0.6666666666666666,0.0,0.0,0.0,0.0,0.0,0.0,0.06,0.06,0.06,0.06,5.333333333333333,3.533333333333333,0.3333333333333333,0.26666666666666666,1.0,1.4666666666666666,81.0,85.0,96.33333333333333,93.86666666666666,208.0,188.2,1450.6666666666667,1627.9333333333334,1837.6666666666667,1653.8,69.65,63.8,70.8,68.33333333333333,1,job,0.11358040530070557
131307,9209,http://live.fanfooty.com.au/game/matchcentre.html?id=9209,R1,2025,1006058.0,Bailey,Scott,NM,19.0,79.0,98,61.0,59.0,81.0,10.0,8.0,2.0,5.0,0.0,1.0,0.0,1.0,0.0,Full Time,wing,%P and %M plus %T... %s as well... Starting on a wing,,,790100.0,,423800.0,,Back,8.0,0.0,0.0,0.0,0.35,0.16,0.44,773000.0,,,7.0,0.0,0.0,72.0,81.0,392.0,0.0,False,1630,1664,2.0,9209_NM,98.0,1,73.0,1,13.333333333333334,13.266666666666667,5.333333333333333,6.8,3.6666666666666665,4.2,3.3333333333333335,2.8666666666666667,0.0,0.0,0.6666666666666666,0.6666666666666666,0.6666666666666666,0.26666666666666666,0.6666666666666666,0.3333333333333333,0.0,0.13333333333333333,0.35,0.35,0.16,0.16,0.44,0.44,6.0,6.2,0.6666666666666666,1.3333333333333333,3.3333333333333335,2.6,66.33333333333333,68.6,82.66666666666667,82.66666666666667,463.3333333333333,434.6,1450.6666666666667,1627.9333333333334,1837.6666666666667,1653.8,76.6,82.6,84.4,71.33333333333333,1,wing,0.1628652522576677
131309,9209,http://live.fanfooty.com.au/game/matchcentre.html?id=9209,R1,2025,1002947.0,Paul,Curtis,NM,22.0,71.0,71,59.0,61.0,81.0,8.0,5.0,4.0,4.0,0.0,0.0,3.0,3.0,0.0,Full Time,superman,Three goals in Q4... %s from %P and %M plus %T... gave away %F,pocket,Playing a small forward role,405200.0,,259700.0,,Forward,25.0,0.0,0.0,0.0,0.18,0.18,0.39,396000.0,,,5.0,0.0,4.0,69.0,88.0,179.0,0.0,False,1630,1664,2.0,9209_NM,98.0,0,73.0,0,5.333333333333333,6.866666666666666,4.333333333333333,5.266666666666667,3.0,3.8666666666666667,3.0,3.7333333333333334,0.0,0.0,0.6666666666666666,0.7333333333333333,1.6666666666666667,1.6666666666666667,1.3333333333333333,1.2,0.6666666666666666,0.6666666666666666,0.18,0.18,0.18,0.18,0.39,0.39,4.666666666666667,5.6,0.3333333333333333,0.2,3.0,3.466666666666667,64.0,64.53333333333333,84.33333333333333,80.86666666666666,122.0,177.26666666666668,1450.6666666666667,1627.9333333333334,1837.6666666666667,1653.8,60.65,65.7,64.0,48.0,1,superman,0.0938057380408635
131310,9209,http://live.fanfooty.com.au/game/matchcentre.html?id=9209,R1,2025,296355.0,Luke,McDonald,NM,10.0,71.0,79,47.0,58.0,81.0,11.0,9.0,5.0,2.0,0.0,0.0,1.0,0.0,0.0,Full Time,guard,%P and %M plus %T... Starting at half back,,,693900.0,0.0,435400.0,,Back,11.0,21.0,71.24,0.0,0.0,0.11,0.16,679000.0,,,6.0,1.0,3.0,85.0,84.0,381.0,0.0,False,1630,1664,2.0,9209_NM,98.0,0,73.0,1,11.666666666666666,10.066666666666666,4.666666666666667,4.666666666666667,3.6666666666666665,4.866666666666666,2.0,1.9333333333333333,0.0,0.0,0.0,0.4,0.6666666666666666,0.5333333333333333,0.0,0.0,0.0,0.0,0.0,0.0,0.11,0.11,0.16,0.16,4.333333333333333,3.933333333333333,0.3333333333333333,0.26666666666666666,1.6666666666666667,1.8666666666666667,83.33333333333333,81.26666666666667,89.0,84.33333333333333,350.6666666666667,285.06666666666666,1450.6666666666667,1627.9333333333334,1837.6666666666667,1653.8,67.8,67.5,68.4,73.66666666666667,1,guard,0.1273160907646336
131311,9209,http://live.fanfooty.com.au/game/matchcentre.html?id=9209,R1,2025,290838.0,Jack,Darling,NM,15.0,68.0,80,50.0,57.0,73.0,9.0,6.0,5.0,2.0,1.0,2.0,1.0,1.0,0.0,Full Time,spearhead,%s from %P and %M plus %T... Up forward on Lobb then got Duryea in Q3,,,538500.0,,342600.0,,Forward,28.0,0.0,0.0,0.0,0.04,0.05,0.09,527000.0,,,10.0,1.0,5.0,60.0,93.0,278.0,0.0,False,1630,1664,2.0,9209_NM,98.0,0,73.0,1,6.333333333333333,6.533333333333333,4.333333333333333,3.8,4.333333333333333,3.6666666666666665,2.6666666666666665,2.8666666666666667,0.6666666666666666,1.0,1.0,1.0666666666666667,2.0,1.0666666666666667,1.0,1.1333333333333333,0.0,0.5333333333333333,0.04,0.04,0.05,0.05,0.09,0.09,5.666666666666667,5.066666666666666,0.3333333333333333,0.3333333333333333,4.333333333333333,2.533333333333333,68.33333333333333,61.46666666666667,90.66666666666667,91.93333333333334,194.66666666666666,198.6,1455.0,1489.2,1784.0,1790.4,58.8,52.8,62.2,48.0,1,spearhead,0.08947910125441098
131312,9209,http://live.fanfooty.com.au/game/matchcentre.html?id=9209,R1,2025,1001017.0,Nick,Larkey,NM,20.0,65.0,85,49.0,58.0,67.0,7.0,1.0,3.0,1.0,0.0,1.0,1.0,5.0,1.0,Full Time,lobster,%s from %P and %M... Starting forward on O'Donnell then got Lobb in Q4,,,553700.0,0.0,388100.0,,Forward,20.0,0.0,0.0,0.0,0.0,1.53,1.88,542000.0,,,5.0,0.0,1.0,75.0,89.0,168.0,0.0,False,1630,1664,2.0,9209_NM,98.0,0,73.0,1,5.666666666666667,6.533333333333333,3.3333333333333335,3.066666666666667,3.3333333333333335,4.6,1.0,1.0,1.3333333333333333,0.5333333333333333,0.6666666666666666,0.7333333333333333,1.6666666666666667,0.7333333333333333,2.0,2.2,0.3333333333333333,0.4666666666666667,0.0,0.0,1.53,1.53,1.88,1.88,5.333333333333333,3.8666666666666667,0.0,0.0,3.0,1.6,78.0,80.26666666666667,91.0,93.8,163.66666666666666,160.73333333333332,1450.6666666666667,1627.9333333333334,1837.6666666666667,1653.8,63.85,63.5,65.2,54.333333333333336,1,lobster,0.05047257704164995
131315,9209,http://live.fanfooty.com.au/game/matchcentre.html?id=9209,R1,2025,1012829.0,Will,Phillips,NM,4.0,44.0,47,44.0,37.0,51.0,3.0,8.0,3.0,3.0,0.0,1.0,1.0,0.0,0.0,Full Time,shovel,Subbed off in Q3 for Tucker... %P including %B... also %M and %T,subbed,Rotating in midfield,616600.0,,408000.0,,Midfielder,29.0,0.0,0.0,0.0,0.04,0.13,0.16,603000.0,,,6.0,4.0,1.0,90.0,49.0,94.0,1.0,True,1630,1664,2.0,9209_NM,98.0,0,73.0,0,4.666666666666667,5.866666666666666,8.333333333333334,9.066666666666666,2.6666666666666665,2.2666666666666666,6.666666666666667,5.066666666666666,0.0,0.0,0.6666666666666666,0.8,0.3333333333333333,0.6,0.0,0.13333333333333333,0.0,0.06666666666666667,0.04,9.668,0.13,9.925999999999998,0.16,7.782,6.666666666666667,5.666666666666667,2.6666666666666665,2.6666666666666665,0.3333333333333333,1.8666666666666667,84.0,77.06666666666666,62.666666666666664,67.8,100.0,165.4,1588.6666666666667,1628.1333333333334,1696.0,1650.2,64.85,64.7,73.2,74.66666666666667,1,shovel,0.10804666991423513
131316,9209,http://live.fanfooty.com.au/game/matchcentre.html?id=9209,R1,2025,1020968.0,Jackson,Archer,NM,3.0,39.0,35,23.0,32.0,45.0,7.0,4.0,3.0,1.0,0.0,0.0,1.0,0.0,0.0,Full Time,job,%M and %P... Third tall defender,,,242200.0,,143100.0,,Back,34.0,0.0,0.0,0.0,0.13,0.67,0.19,343000.0,,,1.0,0.0,1.0,90.0,74.0,62.0,0.0,False,1630,1664,2.0,9209_NM,98.0,0,73.0,0,7.0,6.066666666666666,3.6666666666666665,4.733333333333333,5.0,3.6,1.6666666666666667,2.6666666666666665,0.0,0.0,1.0,1.2,1.0,0.8666666666666667,0.0,0.0,0.0,0.0,0.13,0.14733333333333334,0.67,0.6679999999999999,0.19,0.25466666666666665,1.3333333333333333,3.933333333333333,0.0,0.3333333333333333,1.3333333333333333,2.066666666666667,80.33333333333333,81.66666666666667,77.0,78.86666666666666,95.0,90.6,1599.3333333333333,1647.6,1685.6666666666667,1634.7333333333333,45.3,54.3,58.8,42.666666666666664,1,job,0.03268490551065384
131318,9209,http://live.fanfooty.com.au/game/matchcentre.html?id=9209,R1,2025,997933.0,Griffin,Logue,NM,1.0,20.0,45,9.0,16.0,21.0,4.0,2.0,1.0,0.0,0.0,1.0,0.0,0.0,0.0,Full Time,injured,Hamstring injury in Q4... %P,job,In defence,478700.0,0.0,371800.0,,Back,19.0,0.0,0.0,0.0,0.0,0.15,0.14,468000.0,,,2.0,0.0,0.0,100.0,71.0,155.0,1.0,True,1630,1664,2.0,9209_NM,98.0,0,73.0,0,6.333333333333333,7.2,3.6666666666666665,5.666666666666667,3.3333333333333335,4.933333333333334,1.0,1.0,0.0,1.4666666666666666,0.3333333333333333,0.4,0.3333333333333333,0.4,0.0,0.06666666666666667,0.0,0.06666666666666667,0.0,0.0,0.15,0.67,0.14,1.02,4.666666666666667,5.0,0.0,0.06666666666666667,1.6666666666666667,1.8,77.33333333333333,78.0,88.66666666666667,92.4,106.66666666666667,151.8,1634.0,1539.8666666666666,1653.0,1746.6666666666667,66.25,65.8,60.8,58.333333333333336,1,injured,0.09666911819081836
131319,9209,http://live.fanfooty.com.au/game/matchcentre.html?id=9209,R1,2025,1015781.0,Charlie,Comben,NM,2.0,18.0,20,10.0,20.0,33.0,4.0,4.0,2.0,1.0,0.0,0.0,4.0,0.0,0.0,Full Time,sore,Hobbled off favouring left ankle late in Q4... %P and %M... gave away %F,unicorn,In defence on Darcy,341700.0,,227100.0,,Forward,30.0,0.0,0.0,0.0,0.13,0.55,0.53,338000.0,,,2.0,0.0,5.0,75.0,88.0,14.0,1.0,True,1630,1664,2.0,9209_NM,98.0,0,73.0,0,4.333333333333333,8.4,3.0,4.466666666666667,3.0,6.2,0.6666666666666666,1.2,0.0,0.0,0.0,0.8666666666666667,1.6666666666666667,0.9333333333333333,0.0,0.2,0.0,0.06666666666666667,0.13,0.13,0.55,0.55,0.53,0.53,2.3333333333333335,5.2,0.0,0.13333333333333333,2.6666666666666665,2.0,83.33333333333333,80.53333333333333,68.0,87.13333333333334,62.0,165.0,1599.3333333333333,1643.5333333333333,1685.6666666666667,1637.8,73.35,72.0,48.6,35.333333333333336,1,sore,0.11482508369529272
131320,9210,http://live.fanfooty.com.au/game/matchcentre.html?id=9210,R1,2025,297504.0,Daniel,McStay,CO,33.0,124.0,118,151.0,104.0,129.0,10.0,11.0,7.0,5.0,10.0,1.0,0.0,3.0,2.0,Full Time,snout,%s from %P and %M plus %T,ruckfwd,Playing a forward/ruck role on Bergman,496100.0,0.0,327400.0,,Forward,11.0,18.0,52.44,0.0,0.0,0.1,0.16,486000.0,,,10.0,3.0,1.0,66.0,82.0,252.0,0.0,False,1440,1840,2.0,9210_CO,98.0,1,73.0,1,9.0,6.266666666666667,5.333333333333333,3.4,7.0,4.733333333333333,2.0,2.0,3.6666666666666665,1.4,1.3333333333333333,0.6666666666666666,0.3333333333333333,0.4,2.0,1.8666666666666667,1.3333333333333333,0.6666666666666666,0.0,0.0,0.1,0.304,0.16,0.292,6.666666666666667,4.4,1.3333333333333333,0.6,0.6666666666666666,2.0,69.33333333333333,66.46666666666667,82.66666666666667,85.26666666666667,237.33333333333334,159.06666666666666,1711.0,1643.6666666666667,1578.0,1637.0,61.65,66.0,74.4,87.33333333333333,1,snout,0.16557109603619105
131321,9210,http://live.fanfooty.com.au/game/matchcentre.html?id=9210,R1,2025,280965.0,Steele,Sidebottom,CO,26.0,106.0,109,135.0,86.0,123.0,16.0,15.0,3.0,5.0,0.0,2.0,3.0,1.0,0.0,Full Time,zombie,%P and %M plus %T... %s as well... gave away %F,shovel,Playing inside midfield,727500.0,0.0,476700.0,,Midfielder,22.0,21.0,102.43,0.0,0.0,0.18,0.31,711000.0,,,11.0,3.0,4.0,74.0,85.0,415.0,0.0,False,1440,1840,2.0,9210_CO,98.0,1,73.0,1,16.666666666666668,13.066666666666666,9.666666666666666,7.6,4.0,4.2,6.0,3.7333333333333334,0.0,0.0,1.3333333333333333,0.7333333333333333,2.6666666666666665,1.2,0.6666666666666666,0.3333333333333333,0.3333333333333333,0.4,0.0,0.0,0.18,0.18,0.31,0.31,8.0,6.8,3.0,2.1333333333333333,6.333333333333333,3.6666666666666665,69.33333333333333,63.86666666666667,84.66666666666667,86.46666666666667,436.0,356.4,1789.0,1598.5333333333333,1487.3333333333333,1682.2666666666667,79.1,85.0,89.6,101.33333333333333,1,zombie,0.08223694526375164
131322,9210,http://live.fanfooty.com.au/game/matchcentre.html?id=9210,R1,2025,294596.0,Tim,Membrey,CO,31.0,106.0,121,130.0,92.0,110.0,12.0,5.0,10.0,1.0,1.0,0.0,0.0,4.0,1.0,Full Time,zombie,3 goals in Q1... Booted %s from %G and %P,dorsal,Starting forward on Finlayson,452100.0,,278800.0,,Forward,28.0,0.0,0.0,0.0,0.18,0.16,0.06,591000.0,,,6.0,0.0,1.0,70.0,78.0,263.0,0.0,False,1440,1840,2.0,9210_CO,98.0,1,73.0,1,10.333333333333334,8.466666666666667,4.666666666666667,4.133333333333334,7.666666666666667,6.066666666666666,1.3333333333333333,1.7333333333333334,0.3333333333333333,0.3333333333333333,0.3333333333333333,0.3333333333333333,0.0,0.5333333333333333,2.3333333333333335,1.8666666666666667,0.6666666666666666,0.4666666666666667,0.18,0.18,0.16,0.16,0.06,0.06,6.333333333333333,4.6,0.0,0.2,1.6666666666666667,2.4,71.66666666666667,70.4,77.33333333333333,80.0,230.66666666666666,204.0,1738.6666666666667,1667.6666666666667,1524.3333333333333,1608.8,68.95,78.8,89.8,89.66666666666667,1,zombie,0.03334850324637978
131323,9210,http://live.fanfooty.com.au/game/matchcentre.html?id=9210,R1,2025,293871.0,Jack,Crisp,CO,25.0,101.0,107,129.0,76.0,108.0,11.0,15.0,3.0,7.0,0.0,1.0,0.0,0.0,0.0,Full Time,hot,%P and %M plus %T,wing,Starting on a wing,765200.0,0.0,498600.0,,Midfielder,25.0,21.0,87.62,0.0,0.0,0.39,0.52,748000.0,,,12.0,4.0,3.0,76.0,87.0,470.0,0.0,False,1440,1840,2.0,9210_CO,98.0,1,73.0,1,8.333333333333334,11.4,12.666666666666666,10.133333333333333,3.0,3.1333333333333333,3.0,5.533333333333333,0.0,0.0,0.6666666666666666,0.8,0.0,1.0,0.3333333333333333,0.7333333333333333,0.3333333333333333,0.3333333333333333,0.0,0.0,0.39,0.39,0.52,0.52,9.666666666666666,9.866666666666667,3.3333333333333335,4.2,3.0,4.0,66.66666666666667,62.4,74.66666666666667,79.26666666666667,325.3333333333333,388.93333333333334,1789.0,1598.5333333333333,1487.3333333333333,1682.2666666666667,92.15,81.3,89.2,82.66666666666667,1,hot,0.4127040572098947
131324,9210,http://live.fanfooty.com.au/game/matchcentre.html?id=9210,R1,2025,1005054.0,Josh,Daicos,CO,20.0,99.0,88,125.0,78.0,108.0,11.0,15.0,5.0,5.0,0.0,1.0,0.0,0.0,0.0,Full Time,garbage,%P and %M plus %T,guard,Starting on a HBF,873500.0,0.0,553800.0,,Midfielder,7.0,10.0,68.3,0.0,0.0,1.01,1.66,855000.0,,,7.0,2.0,3.0,73.0,88.0,309.0,0.0,False,1440,1840,2.0,9210_CO,98.0,0,73.0,1,16.333333333333332,14.466666666666667,14.333333333333334,11.4,8.0,5.4,2.0,3.066666666666667,0.0,0.0,1.0,1.2,0.0,0.4666666666666667,0.0,0.26666666666666666,0.3333333333333333,0.4666666666666667,0.0,0.0,1.01,1.01,1.66,1.66,5.666666666666667,7.066666666666666,2.6666666666666665,2.6666666666666665,2.6666666666666665,3.1333333333333333,77.0,67.4,89.0,87.6,449.0,429.73333333333335,1789.0,1598.5333333333333,1487.3333333333333,1682.2666666666667,89.85,94.4,96.2,107.0,1,garbage,0.4194803603370886
131325,9210,http://live.fanfooty.com.au/game/matchcentre.html?id=9210,R1,2025,1003130.0,Patrick,Lipinski,CO,20.0,97.0,95,123.0,81.0,106.0,16.0,8.0,8.0,1.0,0.0,1.0,1.0,1.0,1.0,Full Time,wing,%P and %M plus %s... Starting on a wing,,,643500.0,,389700.0,,Midfielder,1.0,0.0,0.0,0.0,0.31,0.25,0.4,629000.0,,,4.0,1.0,3.0,79.0,88.0,487.0,0.0,False,1440,1840,2.0,9210_CO,98.0,0,73.0,1,14.0,8.333333333333334,9.333333333333334,9.0,7.333333333333333,3.7333333333333334,3.3333333333333335,3.0,0.0,0.0,1.3333333333333333,0.4666666666666667,1.0,0.5333333333333333,1.0,0.6666666666666666,0.3333333333333333,0.4666666666666667,0.31,0.31,0.25,0.25,0.4,0.4,5.666666666666667,5.866666666666666,1.3333333333333333,1.5333333333333334,4.333333333333333,2.8,72.33333333333333,68.06666666666666,88.66666666666667,80.73333333333333,426.0,246.4,1789.0,1598.5333333333333,1487.3333333333333,1682.2666666666667,76.25,68.5,73.2,99.66666666666667,1,wing,0.19793748214191437
131326,9210,http://live.fanfooty.com.au/game/matchcentre.html?id=9210,R1,2025,1023261.0,Nick,Daicos,CO,24.0,95.0,98,122.0,78.0,106.0,19.0,7.0,6.0,1.0,0.0,1.0,2.0,1.0,1.0,Full Time,hulk,Tagged by Drew... %P including %K... also %M... and booted %s,shovel,Starting on ball,1003700.0,,650000.0,,Back,35.0,0.0,0.0,0.0,49.25,61.75,49.27,982000.0,,,6.0,4.0,4.0,80.0,75.0,610.0,0.0,False,1440,1840,2.0,9210_CO,98.0,1,73.0,1,19.0,16.866666666666667,11.333333333333334,13.6,7.666666666666667,3.066666666666667,2.3333333333333335,3.466666666666667,0.0,0.0,1.6666666666666667,2.2,0.6666666666666666,1.6666666666666667,1.6666666666666667,0.9333333333333333,1.0,0.7333333333333333,49.25,49.25,61.75,61.75,49.27,49.27,8.333333333333334,14.4,5.666666666666667,8.733333333333333,2.6666666666666665,5.4,72.33333333333333,63.2,83.0,84.86666666666666,540.6666666666666,475.6,1789.0,1598.5333333333333,1487.3333333333333,1682.2666666666667,118.05,111.7,113.4,133.33333333333334,1,hulk,0.7524551426310366
131327,9210,http://live.fanfooty.com.au/game/matchcentre.html?id=9210,R1,2025,994295.0,Dan,Houston,CO,19.0,92.0,132,118.0,70.0,102.0,14.0,13.0,2.0,5.0,0.0,1.0,1.0,0.0,0.0,Full Time,star,%P and %M plus %T,spitter,Spitting from half back,855100.0,0.0,593100.0,,Back,9.0,21.0,72.71,0.0,0.0,4.45,1.96,837000.0,,,8.0,1.0,3.0,88.0,78.0,287.0,0.0,False,1440,1840,2.0,9210_CO,98.0,1,73.0,1,16.666666666666668,16.8,7.666666666666667,6.533333333333333,4.333333333333333,5.333333333333333,4.666666666666667,3.8,0.0,0.0,1.3333333333333333,0.9333333333333333,0.3333333333333333,0.6,0.0,0.3333333333333333,0.0,0.13333333333333333,0.0,0.0,4.45,4.45,1.96,1.96,7.333333333333333,5.6,1.0,1.2,1.3333333333333333,2.4,78.33333333333333,79.8,83.0,83.53333333333333,382.6666666666667,454.8,1741.6666666666667,1714.8666666666666,1538.3333333333333,1575.8,107.75,100.1,110.8,119.33333333333333,1,star,0.6660252774064104
131329,9210,http://live.fanfooty.com.au/game/matchcentre.html?id=9210,R1,2025,1000860.0,Lachie,Schultz,CO,26.0,81.0,89,104.0,66.0,90.0,5.0,12.0,4.0,7.0,0.0,2.0,2.0,1.0,0.0,Full Time,skier,%P including %B... also %T and %M... and booted %s,wing,Playing a half forward role,724700.0,,442200.0,,,8.0,0.0,0.0,0.0,1.11,1.21,1.47,709000.0,,,9.0,0.0,3.0,82.0,84.0,74.0,0.0,False,1440,1840,2.0,9210_CO,98.0,0,73.0,1,7.0,6.866666666666666,9.0,5.866666666666666,3.3333333333333335,3.066666666666667,4.666666666666667,4.133333333333334,0.0,0.0,1.0,0.7333333333333333,1.3333333333333333,1.0,1.0,1.2,0.6666666666666666,0.9333333333333333,1.11,1.11,1.21,1.21,1.47,1.47,6.0,4.6,0.6666666666666666,0.8666666666666667,3.6666666666666665,2.8666666666666667,67.66666666666667,62.13333333333333,75.0,80.46666666666667,199.0,190.33333333333334,1789.0,1612.8,1487.3333333333333,1664.4,61.7,62.9,67.4,76.33333333333333,1,skier,0.08923808160493261
131330,9210,http://live.fanfooty.com.au/game/matchcentre.html?id=9210,R1,2025,992010.0,Brayden,Maynard,CO,11.0,73.0,87,94.0,55.0,72.0,12.0,2.0,3.0,3.0,0.0,0.0,0.0,2.0,0.0,Full Time,guard,%P including %K... also %M and %T... and kicked %s... Starting at half back,,,688800.0,0.0,449400.0,,Back,4.0,17.0,74.35,0.0,0.0,0.36,1.25,673000.0,,,5.0,1.0,2.0,64.0,82.0,522.0,0.0,False,1440,1840,2.0,9210_CO,98.0,0,73.0,1,12.666666666666666,12.533333333333333,3.0,3.7333333333333334,5.333333333333333,4.666666666666667,1.6666666666666667,2.1333333333333333,0.0,0.0,0.3333333333333333,0.6666666666666666,0.3333333333333333,0.8666666666666667,0.6666666666666666,0.2,0.0,0.0,0.0,0.0,0.36,0.36,1.25,1.25,5.0,4.866666666666666,0.3333333333333333,0.6,3.3333333333333335,3.3333333333333335,75.66666666666667,68.0,83.66666666666667,82.33333333333333,448.3333333333333,413.3333333333333,1789.0,1598.5333333333333,1487.3333333333333,1682.2666666666667,73.55,61.8,68.4,78.33333333333333,1,guard,0.14225299831878857
131331,9210,http://live.fanfooty.com.au/game/matchcentre.html?id=9210,R1,2025,990291.0,Darcy,Cameron,CO,10.0,69.0,74,85.0,58.0,76.0,9.0,5.0,1.0,3.0,22.0,1.0,2.0,0.0,0.0,Full Time,ruck,%H... also %P and %T... In ruck,,,775200.0,,515200.0,,Ruck,14.0,0.0,0.0,0.0,0.4,0.7,0.65,758000.0,,,10.0,7.0,4.0,42.0,72.0,202.0,1.0,False,1440,1840,2.0,9210_CO,98.0,0,73.0,1,9.333333333333334,10.4,4.666666666666667,5.0,3.6666666666666665,4.733333333333333,3.0,2.8666666666666667,22.666666666666668,32.0,1.6666666666666667,2.1333333333333333,2.3333333333333335,1.4,1.0,0.4666666666666667,0.0,0.0,0.4,0.4,0.7,0.7,0.65,0.65,8.0,10.133333333333333,5.0,4.066666666666666,4.0,3.6,63.666666666666664,61.8,78.66666666666667,81.4,207.66666666666666,175.13333333333333,1789.0,1598.5333333333333,1487.3333333333333,1682.2666666666667,106.65,113.0,114.8,103.33333333333333,1,ruck,0.5712315994152213
131332,9210,http://live.fanfooty.com.au/game/matchcentre.html?id=9210,R1,2025,298288.0,Darcy,Moore,CO,9.0,59.0,85,78.0,47.0,57.0,8.0,2.0,7.0,2.0,0.0,2.0,0.0,0.0,0.0,Full Time,job,%P including %K... also %M and %T... In defence on Georgiades,,,585400.0,0.0,505900.0,,Back,30.0,7.0,41.71,0.0,0.0,0.65,1.93,572000.0,,,3.0,0.0,0.0,90.0,89.0,238.0,0.0,False,1440,1840,2.0,9210_CO,98.0,0,73.0,1,7.333333333333333,7.266666666666667,3.6666666666666665,5.266666666666667,5.666666666666667,4.066666666666666,1.3333333333333333,1.4,0.0,0.06666666666666667,0.6666666666666666,0.2,1.0,0.8666666666666667,0.0,0.0,0.0,0.0,0.0,0.0,0.65,0.65,1.93,1.93,4.333333333333333,4.666666666666667,0.3333333333333333,0.13333333333333333,1.0,1.6,93.33333333333333,86.86666666666666,91.33333333333333,94.8,229.66666666666666,214.0,1711.0,1602.2666666666667,1578.0,1680.2,76.4,76.7,88.6,78.66666666666667,1,job,0.1289508108202574
131333,9210,http://live.fanfooty.com.au/game/matchcentre.html?id=9210,R1,2025,1008089.0,Isaac,Quaynor,CO,8.0,57.0,54,72.0,47.0,63.0,10.0,6.0,5.0,0.0,0.0,0.0,0.0,0.0,0.0,Full Time,guard,%M and %P... Playing back pocket,,,632400.0,,417200.0,,Back,3.0,0.0,0.0,0.0,0.58,0.97,1.93,618000.0,,,1.0,0.0,1.0,93.0,87.0,313.0,0.0,False,1440,1840,2.0,9210_CO,98.0,0,73.0,0,9.0,7.733333333333333,4.333333333333333,5.0,5.0,4.266666666666667,2.6666666666666665,2.4,0.0,0.0,0.6666666666666666,0.5333333333333333,0.6666666666666666,0.6666666666666666,0.3333333333333333,0.13333333333333333,0.0,0.0,0.58,0.58,0.97,0.97,1.93,1.93,3.0,3.7333333333333334,0.3333333333333333,0.6,1.3333333333333333,2.066666666666667,89.0,76.33333333333333,84.0,82.4,219.66666666666666,220.73333333333332,1789.0,1598.5333333333333,1487.3333333333333,1682.2666666666667,56.35,57.3,59.4,68.0,1,guard,0.06144358043936276
131334,9210,http://live.fanfooty.com.au/game/matchcentre.html?id=9210,R1,2025,291849.0,Brody,Mihocek,CO,15.0,57.0,69,68.0,49.0,60.0,4.0,5.0,3.0,2.0,0.0,0.0,0.0,3.0,0.0,Full Time,spearhead,%s from %P and %M plus %T... Playing CHF on Aliir,,,556400.0,0.0,365400.0,,Forward,41.0,11.0,61.91,0.0,0.0,0.25,0.36,544000.0,,,5.0,0.0,0.0,66.0,86.0,91.0,0.0,False,1440,1840,2.0,9210_CO,98.0,0,73.0,0,3.6666666666666665,6.933333333333334,5.0,3.466666666666667,2.3333333333333335,3.933333333333333,0.6666666666666666,2.7333333333333334,0.6666666666666666,0.13333333333333333,0.3333333333333333,1.0666666666666667,0.3333333333333333,1.2,2.0,1.6666666666666667,0.3333333333333333,1.0666666666666667,0.0,0.012,0.25,0.266,0.36,0.366,5.333333333333333,5.2,0.3333333333333333,0.13333333333333333,0.6666666666666666,2.066666666666667,76.33333333333333,66.86666666666666,81.33333333333333,87.4,89.33333333333333,203.73333333333332,1593.6666666666667,1615.0,1691.6666666666667,1666.0666666666666,63.0,63.2,52.8,56.333333333333336,1,spearhead,0.08811215253125432
131335,9210,http://live.fanfooty.com.au/game/matchcentre.html?id=9210,R1,2025,1004757.0,Beau,McCreery,CO,5.0,56.0,46,73.0,44.0,58.0,8.0,4.0,5.0,2.0,0.0,0.0,0.0,0.0,1.0,Full Time,wing,%s from %P and %M plus %T... Starting at half forward with stints in midfield,,,483300.0,,300500.0,,Forward,31.0,0.0,0.0,0.0,0.13,0.32,0.81,473000.0,,,0.0,0.0,2.0,66.0,73.0,224.0,1.0,False,1440,1840,2.0,9210_CO,98.0,0,73.0,0,6.333333333333333,6.466666666666667,6.0,3.8,2.0,1.6,2.3333333333333335,4.6,0.0,0.0,1.0,0.8666666666666667,0.6666666666666666,1.1333333333333333,0.6666666666666666,0.5333333333333333,0.3333333333333333,0.6,0.13,0.13,0.32,0.32,0.81,0.81,5.0,3.8666666666666667,1.3333333333333333,1.6666666666666667,2.0,2.6,75.0,69.66666666666667,76.33333333333333,71.8,223.33333333333334,226.0,1789.0,1642.0666666666666,1487.3333333333333,1637.2666666666667,53.9,54.6,62.4,65.33333333333333,1,wing,0.05247850160860046
131336,9210,http://live.fanfooty.com.au/game/matchcentre.html?id=9210,R1,2025,293801.0,Jamie,Elliott,CO,11.0,55.0,80,69.0,46.0,58.0,7.0,3.0,3.0,2.0,0.0,1.0,1.0,2.0,1.0,Full Time,pocket,%s from %P and %M plus %T... Starting deep forward,,,616100.0,0.0,410400.0,,Forward,5.0,0.0,0.0,0.0,0.0,0.26,0.75,603000.0,,,3.0,0.0,1.0,80.0,83.0,193.0,0.0,False,1440,1840,2.0,9210_CO,98.0,0,73.0,1,7.0,8.2,4.333333333333333,4.533333333333333,4.666666666666667,3.933333333333333,3.3333333333333335,2.3333333333333335,0.0,0.0,0.6666666666666666,0.7333333333333333,0.3333333333333333,0.6666666666666666,1.0,1.5333333333333334,1.3333333333333333,1.0,0.0,0.020666666666666667,0.26,0.26,0.75,0.75,2.6666666666666665,4.2,0.0,0.4,0.6666666666666666,2.8666666666666667,76.0,61.266666666666666,85.0,83.33333333333333,163.33333333333334,174.93333333333334,1789.0,1621.9333333333334,1487.3333333333333,1656.0666666666666,63.7,63.8,62.8,73.33333333333333,1,pocket,0.0714090748596261
131339,9210,http://live.fanfooty.com.au/game/matchcentre.html?id=9210,R1,2025,998205.0,Harry,Perryman,CO,8.0,49.0,62,65.0,36.0,54.0,7.0,6.0,1.0,4.0,0.0,0.0,1.0,0.0,0.0,Full Time,down,Not what we expect... %P and %T,shovel,Playing defensive midfield,650900.0,0.0,411500.0,,Midfielder,12.0,7.0,52.43,0.0,0.0,0.11,0.18,636000.0,,,5.0,2.0,1.0,92.0,78.0,210.0,1.0,False,1440,1840,2.0,9210_CO,98.0,0,73.0,0,9.666666666666666,10.6,4.333333333333333,7.066666666666666,4.0,4.666666666666667,3.0,2.933333333333333,0.0,0.0,0.0,0.06666666666666667,0.3333333333333333,0.4666666666666667,0.0,0.06666666666666667,0.3333333333333333,0.06666666666666667,0.0,0.0,0.11,0.11,0.18,0.18,3.6666666666666665,4.666666666666667,1.3333333333333333,0.9333333333333333,1.6666666666666667,2.0,78.66666666666667,77.53333333333333,76.66666666666667,78.13333333333334,309.0,325.2,1730.6666666666667,1714.9333333333334,1551.0,1571.7333333333333,74.9,75.7,63.8,58.666666666666664,1,down,0.11307568010993373
131340,9210,http://live.fanfooty.com.au/game/matchcentre.html?id=9210,R1,2025,291313.0,Jeremy,Howe,CO,3.0,38.0,44,50.0,29.0,39.0,9.0,1.0,3.0,0.0,0.0,0.0,0.0,0.0,0.0,Full Time,bench,Subbed off late in Q3... %P including %K... also %M,subbed,Loose in defence,580600.0,0.0,398300.0,,Back,38.0,17.0,82.29,0.0,0.0,0.56,0.59,568000.0,,,0.0,0.0,2.0,60.0,60.0,222.0,1.0,True,1440,1840,2.0,9210_CO,98.0,0,73.0,0,13.666666666666666,12.266666666666667,2.3333333333333335,2.6,6.666666666666667,5.133333333333334,0.6666666666666666,1.4,0.0,0.0,0.0,0.6666666666666666,0.3333333333333333,0.5333333333333333,0.0,0.3333333333333333,0.0,0.06666666666666667,0.0,0.0,0.56,0.56,0.59,0.59,1.6666666666666667,2.933333333333333,0.0,0.0,2.3333333333333335,2.066666666666667,75.0,79.06666666666666,81.66666666666667,83.13333333333334,317.3333333333333,320.3333333333333,1789.0,1620.9333333333334,1487.3333333333333,1658.2,79.2,81.7,91.8,79.0,1,bench,0.14610902703459655
131341,9210,http://live.fanfooty.com.au/game/matchcentre.html?id=9210,R1,2025,1006148.0,Bobby,Hill,CO,10.0,35.0,45,43.0,35.0,48.0,6.0,4.0,2.0,0.0,0.0,0.0,3.0,2.0,0.0,Full Time,vulture,%s from %P and %M... gave away %F,pocket,Playing small forward,462800.0,,319400.0,,Forward,23.0,0.0,0.0,0.0,0.58,0.86,1.73,452000.0,,,1.0,0.0,5.0,90.0,76.0,230.0,1.0,False,1440,1840,2.0,9210_CO,98.0,0,73.0,0,8.0,8.533333333333333,5.0,2.933333333333333,4.0,3.7333333333333334,1.3333333333333333,2.4,0.0,0.0,0.3333333333333333,0.26666666666666666,1.0,1.1333333333333333,1.3333333333333333,1.3333333333333333,1.0,1.1333333333333333,0.58,0.58,0.86,0.86,1.73,1.73,3.3333333333333335,3.8,1.0,0.4666666666666667,3.3333333333333335,2.933333333333333,69.0,63.93333333333333,79.33333333333333,80.4,226.0,213.06666666666666,1789.0,1598.5333333333333,1487.3333333333333,1682.2666666666667,62.15,61.1,69.0,59.666666666666664,1,vulture,0.07816610020962404
131342,9210,http://live.fanfooty.com.au/game/matchcentre.html?id=9210,R1,2025,260257.0,Scott,Pendlebury,CO,2.0,30.0,19,37.0,25.0,34.0,3.0,5.0,2.0,1.0,0.0,0.0,0.0,0.0,1.0,Full Time,guard,Subbed on late in Q3... %P and %M plus %s,sub,Started as the sub,812200.0,0.0,525100.0,,Midfielder,10.0,20.0,100.95,0.0,0.0,0.18,0.57,794000.0,,,2.0,1.0,1.0,75.0,28.0,121.0,0.0,False,1440,1840,2.0,9210_CO,98.0,0,73.0,0,8.333333333333334,11.0,6.666666666666667,9.866666666666667,3.6666666666666665,3.066666666666667,3.0,4.133333333333334,0.0,0.0,0.0,0.8,0.6666666666666666,0.4666666666666667,0.0,0.4,0.3333333333333333,0.26666666666666666,0.0,0.0,0.18,0.18,0.57,0.57,4.333333333333333,8.066666666666666,2.0,4.133333333333334,2.0,2.533333333333333,68.33333333333333,69.06666666666666,60.666666666666664,72.4,179.0,290.26666666666665,1789.0,1607.6666666666667,1487.3333333333333,1668.2,84.35,79.9,71.8,59.666666666666664,1,guard,0.18679122186697328
131343,9210,http://live.fanfooty.com.au/game/matchcentre.html?id=9210,R1,2025,250365.0,Travis,Boak,PA,37.0,115.0,114,108.0,98.0,133.0,9.0,19.0,8.0,6.0,0.0,1.0,2.0,1.0,1.0,Full Time,cherry,%P and %M plus %T... %s as well,wing,Playing a HFF role,573700.0,0.0,366800.0,,Midfielder,10.0,21.0,87.33,0.0,0.0,0.42,0.48,561000.0,,,12.0,3.0,5.0,67.0,72.0,297.0,0.0,False,1840,1440,2.0,9210_PA,98.0,1,73.0,1,10.333333333333334,10.4,10.666666666666666,8.533333333333333,6.0,5.133333333333334,4.0,2.4,0.0,0.0,0.3333333333333333,0.26666666666666666,1.6666666666666667,0.6,0.6666666666666666,0.4,0.6666666666666666,0.5333333333333333,0.0,0.0,0.42,0.42,0.48,0.48,6.666666666666667,5.4,1.6666666666666667,1.4666666666666666,5.0,2.0,73.0,76.2,78.66666666666667,79.6,357.3333333333333,288.26666666666665,1475.0,1649.6666666666667,1815.3333333333333,1638.8,82.5,83.7,84.4,89.0,1,cherry,0.3403773639844315
131344,9210,http://live.fanfooty.com.au/game/matchcentre.html?id=9210,R1,2025,1001299.0,Connor,Rozee,PA,25.0,112.0,128,66.0,87.0,126.0,19.0,16.0,3.0,4.0,0.0,1.0,1.0,0.0,0.0,Full Time,gun,%P and %M plus %T,shovel,Playing pure midfield,977100.0,,601200.0,,Midfielder,1.0,0.0,0.0,0.0,10.85,6.93,6.89,956000.0,,,11.0,5.0,6.0,68.0,84.0,680.0,0.0,False,1840,1440,2.0,9210_PA,98.0,1,73.0,1,13.666666666666666,15.533333333333333,10.333333333333334,9.133333333333333,2.6666666666666665,4.4,5.666666666666667,5.066666666666666,0.0,0.0,1.0,0.9333333333333333,0.6666666666666666,0.9333333333333333,1.0,0.5333333333333333,0.0,0.4666666666666667,10.85,10.85,6.93,6.93,6.89,6.89,7.0,7.933333333333334,3.3333333333333335,4.666666666666667,3.6666666666666665,3.4,74.33333333333333,70.2,84.66666666666667,82.93333333333334,473.0,410.06666666666666,1475.0,1641.6666666666667,1815.3333333333333,1646.9333333333334,94.55,95.6,92.4,108.0,1,gun,0.5060444036379073
131345,9210,http://live.fanfooty.com.au/game/matchcentre.html?id=9210,R1,2025,294318.0,Ollie,Wines,PA,20.0,97.0,100,84.0,85.0,124.0,8.0,26.0,3.0,4.0,1.0,1.0,2.0,0.0,0.0,Full Time,shovel,%P including %B... also %T and %M... Playing inside midfield,,,716700.0,0.0,463600.0,,Midfielder,16.0,21.0,94.52,0.0,0.0,1.37,2.09,701000.0,,,18.0,10.0,5.0,64.0,70.0,296.0,0.0,False,1840,1440,2.0,9210_PA,98.0,1,73.0,1,9.0,10.533333333333333,16.0,13.866666666666667,3.3333333333333335,4.266666666666667,5.333333333333333,4.466666666666667,0.3333333333333333,0.2,1.3333333333333333,0.9333333333333333,2.0,0.8,0.0,0.2,1.0,0.4,0.0,0.0,1.37,1.37,2.09,2.09,14.0,12.133333333333333,5.666666666666667,5.266666666666667,4.666666666666667,3.3333333333333335,62.666666666666664,67.06666666666666,73.66666666666667,72.06666666666666,277.6666666666667,288.0,1475.0,1641.6666666666667,1815.3333333333333,1646.9333333333334,98.75,104.4,96.6,90.33333333333333,1,shovel,0.49561923269842056
131346,9210,http://live.fanfooty.com.au/game/matchcentre.html?id=9210,R1,2025,992330.0,Jordon,Sweet,PA,28.0,96.0,90,87.0,86.0,102.0,6.0,8.0,3.0,3.0,36.0,2.0,1.0,1.0,0.0,Full Time,ruck,%H... also %P and %M plus %T... %s as well... Playing ruck,,,226400.0,,158700.0,,Ruck,24.0,0.0,0.0,0.0,19.0,15.16,11.17,387000.0,,,4.0,1.0,3.0,64.0,81.0,230.0,1.0,False,1840,1440,2.0,9210_PA,98.0,0,73.0,1,6.666666666666667,4.2,6.666666666666667,6.0,1.0,1.9333333333333333,4.333333333333333,4.733333333333333,39.0,36.53333333333333,2.6666666666666665,1.2,1.0,1.8,0.3333333333333333,0.3333333333333333,0.0,0.26666666666666666,19.0,19.0,15.16,15.16,11.17,11.17,9.333333333333334,6.133333333333334,4.333333333333333,2.8,3.0,2.6,57.0,65.93333333333334,82.66666666666667,80.93333333333334,208.0,137.0,1475.0,1656.4,1815.3333333333333,1632.8666666666666,87.45,93.5,93.6,94.66666666666667,1,ruck,0.3975378990112172
131347,9210,http://live.fanfooty.com.au/game/matchcentre.html?id=9210,R1,2025,1002253.0,Kane,Farrell,PA,14.0,88.0,100,58.0,70.0,96.0,14.0,9.0,6.0,3.0,0.0,1.0,1.0,0.0,0.0,Full Time,guard,%P and %M plus %T... Playing a HBF role,,,595300.0,0.0,431500.0,,Midfielder,6.0,4.0,48.25,0.0,0.0,0.07,0.16,582000.0,,,6.0,1.0,2.0,78.0,80.0,417.0,0.0,False,1840,1440,2.0,9210_PA,98.0,1,73.0,1,11.0,14.466666666666667,4.666666666666667,5.533333333333333,4.0,4.8,3.3333333333333335,2.533333333333333,0.0,0.0,0.6666666666666666,0.6666666666666666,1.0,0.6,0.0,0.26666666666666666,0.3333333333333333,0.2,0.0,0.0,0.07,0.07,0.16,0.16,4.333333333333333,4.133333333333334,0.3333333333333333,0.8,2.3333333333333335,2.1333333333333333,75.33333333333333,82.2,65.66666666666667,78.93333333333334,399.6666666666667,486.73333333333335,1593.3333333333333,1675.0666666666666,1683.0,1614.0,83.9,85.3,79.4,69.33333333333333,1,guard,0.19647965520685706
131348,9210,http://live.fanfooty.com.au/game/matchcentre.html?id=9210,R1,2025,298111.0,Jeremy,Finlayson,PA,18.0,84.0,85,46.0,68.0,87.0,16.0,3.0,10.0,0.0,0.0,0.0,0.0,0.0,0.0,Full Time,skunk,%P including %K... also %M... Playing tall defender on Membrey,,,670000.0,0.0,475600.0,,Ruck,11.0,13.0,57.31,0.0,0.0,0.38,0.23,655000.0,,,3.0,0.0,2.0,68.0,99.0,348.0,0.0,False,1840,1440,2.0,9210_PA,98.0,0,73.0,1,10.0,8.2,4.0,3.533333333333333,4.666666666666667,3.6666666666666665,0.3333333333333333,1.4666666666666666,2.0,2.466666666666667,0.3333333333333333,0.3333333333333333,0.6666666666666666,0.8666666666666667,0.0,0.8,1.0,1.2,0.0,0.0,0.38,0.40800000000000003,0.23,0.30333333333333334,3.6666666666666665,4.533333333333333,1.0,1.2,2.3333333333333335,2.8666666666666667,65.66666666666667,54.93333333333333,87.0,76.6,248.33333333333334,215.4,1657.6666666666667,1656.6666666666667,1634.0,1629.9333333333334,60.0,52.7,63.8,56.666666666666664,1,skunk,9.062886086949894e-05
131349,9210,http://live.fanfooty.com.au/game/matchcentre.html?id=9210,R1,2025,1011640.0,Jason,Horne-Francis,PA,18.0,82.0,83,28.0,63.0,87.0,19.0,6.0,1.0,1.0,0.0,3.0,1.0,1.0,0.0,Full Time,midfwd,%P including %K... and scored %s... aided by %4FF... Rotating midfield and attack,,,628000.0,,433900.0,,Midfielder,18.0,0.0,0.0,0.0,4.83,3.57,5.31,614000.0,,,8.0,7.0,5.0,68.0,75.0,330.0,1.0,False,1840,1440,2.0,9210_PA,98.0,0,73.0,1,16.0,15.6,6.333333333333333,5.733333333333333,3.0,4.6,1.0,2.933333333333333,0.0,0.0,3.0,1.8,2.0,2.533333333333333,0.6666666666666666,1.1333333333333333,0.3333333333333333,1.0,4.83,4.83,3.57,3.57,5.31,5.31,9.333333333333334,9.933333333333334,6.333333333333333,5.0,4.333333333333333,4.733333333333333,78.0,65.13333333333334,80.0,79.46666666666667,368.3333333333333,372.3333333333333,1475.0,1641.6666666666667,1815.3333333333333,1646.9333333333334,95.95,97.3,88.0,84.66666666666667,1,midfwd,0.4613950347355943
131350,9210,http://live.fanfooty.com.au/game/matchcentre.html?id=9210,R1,2025,1009191.0,Miles,Bergman,PA,9.0,69.0,76,50.0,53.0,69.0,10.0,5.0,5.0,3.0,0.0,2.0,0.0,0.0,0.0,Full Time,job,%P and %M plus %T... In defence on McStay,,,553700.0,,368100.0,,Midfielder,14.0,0.0,0.0,0.0,0.4,0.4,0.76,542000.0,,,6.0,0.0,3.0,66.0,89.0,340.0,0.0,False,1840,1440,2.0,9210_PA,98.0,0,73.0,1,8.666666666666666,11.2,6.333333333333333,4.866666666666666,4.333333333333333,7.133333333333334,1.6666666666666667,2.2666666666666666,0.0,0.0,1.3333333333333333,1.0,1.3333333333333333,0.8,0.0,0.06666666666666667,0.0,0.13333333333333333,0.4,0.4,0.4,0.4,0.76,0.76,4.666666666666667,5.666666666666667,0.3333333333333333,0.26666666666666666,3.3333333333333335,2.6666666666666665,75.33333333333333,78.2,83.66666666666667,85.2,339.3333333333333,379.8666666666667,1475.0,1641.6666666666667,1815.3333333333333,1646.9333333333334,75.0,77.1,69.6,60.666666666666664,1,job,0.14411243838250015
131352,9210,http://live.fanfooty.com.au/game/matchcentre.html?id=9210,R1,2025,1005326.0,Jackson,Mead,PA,9.0,59.0,63,50.0,51.0,69.0,6.0,10.0,5.0,2.0,0.0,1.0,1.0,0.0,0.0,Full Time,wing,%P and %M plus %T... Rotating at half forward,,,297800.0,,199800.0,,Midfielder,44.0,0.0,0.0,0.0,0.89,0.43,0.39,393000.0,,,6.0,2.0,2.0,81.0,83.0,201.0,0.0,False,1840,1440,2.0,9210_PA,98.0,0,73.0,0,4.333333333333333,7.666666666666667,6.333333333333333,6.333333333333333,2.6666666666666665,3.2666666666666666,2.3333333333333335,2.8666666666666667,0.0,0.0,1.0,0.7333333333333333,1.0,0.6,0.0,0.26666666666666666,0.0,0.2,0.89,0.89,0.43,0.43,0.39,0.39,4.333333333333333,4.733333333333333,1.3333333333333333,1.6,1.6666666666666667,2.066666666666667,68.66666666666667,67.66666666666667,74.33333333333333,77.26666666666667,116.0,204.6,1475.0,1641.6666666666667,1815.3333333333333,1646.9333333333334,62.65,50.2,45.8,41.333333333333336,1,wing,0.06823240832572172
131353,9210,http://live.fanfooty.com.au/game/matchcentre.html?id=9210,R1,2025,1000972.0,Willem,Drew,PA,12.0,58.0,69,50.0,44.0,64.0,6.0,10.0,0.0,5.0,0.0,2.0,1.0,0.0,1.0,Full Time,tagger,%P and %T plus %s... Tagging Nick Daicos,,,709800.0,0.0,477000.0,,Midfielder,28.0,0.0,0.0,0.0,0.0,0.25,0.22,694000.0,,,8.0,4.0,3.0,68.0,79.0,119.0,0.0,False,1840,1440,2.0,9210_PA,98.0,0,73.0,0,9.333333333333334,11.066666666666666,7.666666666666667,7.4,1.6666666666666667,3.1333333333333333,5.333333333333333,6.0,0.0,0.0,2.0,1.2666666666666666,1.3333333333333333,1.2,0.0,0.06666666666666667,0.6666666666666666,0.4666666666666667,0.0,0.0,0.25,0.25,0.22,0.22,9.333333333333334,8.2,4.666666666666667,4.0,2.6666666666666665,3.2666666666666666,68.0,67.26666666666667,83.0,82.8,252.33333333333334,296.2,1475.0,1641.6666666666667,1815.3333333333333,1646.9333333333334,84.35,91.0,77.6,85.0,1,tagger,0.2287223389581198
131355,9210,http://live.fanfooty.com.au/game/matchcentre.html?id=9210,R1,2025,294469.0,Aliir,Aliir,PA,4.0,49.0,78,32.0,37.0,51.0,8.0,4.0,3.0,2.0,0.0,0.0,0.0,0.0,0.0,Full Time,empty,%P and %M plus %T,checkers,In defence on Mihocek,469800.0,,416600.0,,Back,21.0,0.0,0.0,0.0,0.4,0.43,1.71,459000.0,,,6.0,1.0,1.0,66.0,100.0,247.0,0.0,False,1840,1440,2.0,9210_PA,98.0,0,73.0,1,8.333333333333334,11.0,4.333333333333333,3.933333333333333,5.0,6.733333333333333,1.3333333333333333,1.2666666666666666,0.0,0.0,0.0,0.8,1.0,1.0666666666666667,0.0,0.0,0.0,0.0,0.4,0.4,0.43,0.43,1.71,1.71,8.0,6.4,0.3333333333333333,0.2,2.3333333333333335,3.0,78.66666666666667,77.06666666666666,100.0,98.2,234.66666666666666,245.4,1475.0,1641.6666666666667,1815.3333333333333,1646.9333333333334,78.0,77.1,79.0,84.0,1,empty,0.1439475710118405
131356,9210,http://live.fanfooty.com.au/game/matchcentre.html?id=9210,R1,2025,1013462.0,Jase,Burgoyne,PA,8.0,48.0,50,39.0,41.0,60.0,5.0,11.0,2.0,2.0,0.0,0.0,1.0,0.0,0.0,Full Time,wing,%P and %M plus %T... Starting on a wing,,,264300.0,,179700.0,,Back,7.0,0.0,0.0,0.0,0.93,0.69,0.18,463000.0,,,6.0,2.0,4.0,81.0,80.0,114.0,0.0,False,1840,1440,2.0,9210_PA,98.0,0,73.0,0,10.333333333333334,11.066666666666666,9.666666666666666,7.333333333333333,5.0,4.8,2.6666666666666665,3.466666666666667,0.0,0.0,0.6666666666666666,0.9333333333333333,0.6666666666666666,0.6,0.6666666666666666,0.3333333333333333,0.0,0.3333333333333333,0.93,0.93,0.69,0.69,0.18,0.18,7.0,6.333333333333333,1.3333333333333333,1.4,3.3333333333333335,1.7333333333333334,80.33333333333333,78.06666666666666,88.33333333333333,88.33333333333333,255.66666666666666,307.53333333333336,1475.0,1638.6666666666667,1815.3333333333333,1651.8,86.05,93.7,85.8,90.0,1,wing,0.24720299453939146
131357,9210,http://live.fanfooty.com.au/game/matchcentre.html?id=9210,R1,2025,296225.0,Willie,Rioli,PA,9.0,48.0,65,31.0,39.0,52.0,7.0,5.0,2.0,1.0,0.0,0.0,0.0,1.0,1.0,Full Time,pocket,%s from %P and %M... Starting forward,,,505400.0,,367900.0,,Forward,15.0,0.0,0.0,0.0,0.31,0.07,0.35,495000.0,,,7.0,1.0,2.0,58.0,89.0,174.0,0.0,False,1840,1440,2.0,9210_PA,98.0,0,73.0,0,8.0,7.533333333333333,3.3333333333333335,2.6,2.6666666666666665,2.466666666666667,2.3333333333333335,3.3333333333333335,0.0,0.0,0.3333333333333333,0.5333333333333333,0.0,0.8666666666666667,1.3333333333333333,1.8,0.6666666666666666,1.0666666666666667,0.31,0.31,0.07,0.07,0.35,0.35,5.333333333333333,4.6,1.0,0.5333333333333333,1.6666666666666667,2.2,58.333333333333336,60.93333333333333,93.0,88.4,170.66666666666666,159.66666666666666,1475.0,1653.6666666666667,1815.3333333333333,1635.0666666666666,65.3,65.9,67.6,75.0,1,pocket,0.09314196552854781
131358,9210,http://live.fanfooty.com.au/game/matchcentre.html?id=9210,R1,2025,1004095.0,Jack,Lukosius,PA,10.0,46.0,43,28.0,40.0,54.0,8.0,3.0,4.0,1.0,0.0,0.0,2.0,1.0,0.0,Full Time,spearhead,First goal... %s from %P and %M... In attack on McInnes,,,665300.0,,425000.0,,Forward,12.0,0.0,0.0,0.0,0.71,0.37,0.65,651000.0,,,3.0,0.0,4.0,72.0,85.0,281.0,0.0,False,1840,1440,2.0,9210_PA,98.0,0,73.0,0,7.0,8.0,2.3333333333333335,3.1333333333333333,3.0,3.8,1.3333333333333333,1.4,0.0,1.1333333333333333,0.0,0.5333333333333333,1.6666666666666667,0.6666666666666666,1.0,1.3333333333333333,0.3333333333333333,1.0,0.71,0.71,0.37,0.37,0.65,0.65,3.0,3.8666666666666667,0.0,0.2,2.6666666666666665,2.466666666666667,67.66666666666667,68.33333333333333,75.33333333333333,79.93333333333334,197.33333333333334,231.4,1553.3333333333333,1584.9333333333334,1691.0,1689.0,66.4,58.7,51.0,49.0,1,spearhead,0.11542276123487827
131359,9210,http://live.fanfooty.com.au/game/matchcentre.html?id=9210,R1,2025,992128.0,Ryan,Burton,PA,3.0,45.0,29,21.0,36.0,48.0,9.0,4.0,3.0,0.0,0.0,1.0,0.0,0.0,0.0,Full Time,garbage,Subbed on late in Q3... %M and %P,sub,Started as the sub,592500.0,0.0,426400.0,,Back,3.0,20.0,61.9,0.0,0.0,0.03,0.12,579000.0,,,4.0,1.0,0.0,61.0,29.0,207.0,0.0,False,1840,1440,2.0,9210_PA,98.0,0,73.0,0,14.666666666666666,13.2,4.333333333333333,4.066666666666666,4.666666666666667,4.266666666666667,1.3333333333333333,1.4666666666666666,0.0,0.0,1.0,0.6,1.0,0.7333333333333333,0.6666666666666666,0.2,0.0,0.2,0.0,0.0,0.03,0.03,0.12,0.12,3.6666666666666665,3.3333333333333335,0.6666666666666666,0.7333333333333333,2.0,2.2,68.33333333333333,74.06666666666666,67.33333333333333,78.86666666666666,480.6666666666667,425.06666666666666,1408.0,1615.1333333333334,1880.6666666666667,1673.0666666666666,70.75,67.5,69.4,70.33333333333333,1,garbage,0.18374970760684908
131361,9210,http://live.fanfooty.com.au/game/matchcentre.html?id=9210,R1,2025,991930.0,Darcy,Byrne-Jones,PA,8.0,40.0,48,30.0,35.0,46.0,5.0,4.0,3.0,1.0,0.0,0.0,1.0,1.0,1.0,Full Time,pocket,%P and %M plus %s... Playing small forward,,,565200.0,0.0,389900.0,,Back,33.0,20.0,72.75,0.0,0.0,0.13,0.11,552000.0,,,2.0,0.0,2.0,66.0,83.0,108.0,0.0,False,1840,1440,2.0,9210_PA,98.0,0,73.0,0,6.333333333333333,7.466666666666667,2.3333333333333335,3.2,2.0,2.7333333333333334,1.6666666666666667,2.6666666666666665,0.0,0.0,0.6666666666666666,0.8666666666666667,0.6666666666666666,0.6,1.0,0.8666666666666667,0.3333333333333333,0.5333333333333333,0.0,0.0,0.13,0.13,0.11,0.11,3.0,4.666666666666667,0.3333333333333333,0.6666666666666666,1.3333333333333333,2.1333333333333333,62.0,62.333333333333336,79.66666666666667,76.86666666666666,173.0,191.2,1475.0,1641.6666666666667,1815.3333333333333,1646.9333333333334,60.3,62.8,63.2,46.666666666666664,1,pocket,0.0600106294249177
131362,9210,http://live.fanfooty.com.au/game/matchcentre.html?id=9210,R1,2025,1010174.0,Mitch,Georgiades,PA,3.0,32.0,23,26.0,28.0,37.0,4.0,3.0,4.0,1.0,0.0,0.0,1.0,0.0,1.0,Full Time,missing,Booted %s from %G and %P,spearhead,Up forward on Moore,397300.0,,230800.0,,Forward,19.0,0.0,0.0,0.0,0.97,0.92,0.58,422000.0,,,0.0,0.0,1.0,57.0,82.0,71.0,0.0,False,1840,1440,2.0,9210_PA,98.0,0,73.0,0,6.0,7.2,2.0,3.2,4.333333333333333,5.4,2.0,1.8,0.0,0.0,0.3333333333333333,0.6,1.6666666666666667,1.3333333333333333,1.3333333333333333,2.2666666666666666,1.3333333333333333,1.2666666666666666,0.97,0.97,0.92,0.92,0.58,0.58,1.3333333333333333,3.6666666666666665,0.0,0.13333333333333333,2.3333333333333335,2.533333333333333,57.666666666666664,63.0,82.0,82.46666666666667,173.0,186.06666666666666,1475.0,1634.0666666666666,1815.3333333333333,1656.5333333333333,65.75,73.1,59.0,49.333333333333336,1,missing,0.08931841690616096
131363,9210,http://live.fanfooty.com.au/game/matchcentre.html?id=9210,R1,2025,993979.0,Sam,Powell-Pepper,PA,2.0,27.0,18,18.0,25.0,34.0,4.0,4.0,3.0,0.0,0.0,0.0,1.0,0.0,1.0,Full Time,crab,%s from %P and %M,pocket,Playing a forward role,566600.0,0.0,374400.0,,Forward,2.0,15.0,76.13,0.0,0.0,0.31,0.72,554000.0,,,1.0,0.0,1.0,75.0,78.0,41.0,0.0,False,1840,1440,2.0,9210_PA,98.0,0,73.0,0,6.333333333333333,7.6,2.0,4.2,3.3333333333333335,2.8,3.3333333333333335,3.2666666666666666,0.0,0.0,0.6666666666666666,0.7333333333333333,0.6666666666666666,1.8,1.0,1.1333333333333333,1.0,1.3333333333333333,0.0,0.0,0.31,0.2,0.72,0.42666666666666664,3.3333333333333335,5.0,1.0,1.4,1.6666666666666667,3.6,54.333333333333336,58.4,69.33333333333333,82.33333333333333,186.66666666666666,209.6,1615.3333333333333,1607.7333333333333,1667.3333333333333,1676.7333333333333,58.0,53.3,38.8,46.666666666666664,1,crab,0.05250891812636824
131365,9211,http://live.fanfooty.com.au/game/matchcentre.html?id=9211,R1,2025,992242.0,Jordan,Dawson,AD,32.0,126.0,103,167.0,100.0,134.0,24.0,3.0,9.0,4.0,0.0,0.0,3.0,2.0,2.0,Full Time,cherry,%2 Steele to start... copped Windhager tag in Q2 then freed up in Q3... %P including %K... also %M and %T... and booted %s... conceded %F,midfwd,Starting in midfield and resting forward,1046900.0,,647600.0,,Back,12.0,0.0,0.0,0.0,17.4,17.76,12.23,1024000.0,,,4.0,2.0,6.0,63.0,83.0,648.0,0.0,False,1434,1862,2.0,9211_AD,98.0,1,73.0,1,18.0,16.333333333333332,8.0,8.333333333333334,5.666666666666667,5.266666666666667,7.0,5.8,0.0,0.0,0.6666666666666666,1.0,1.0,1.3333333333333333,1.0,0.4666666666666667,1.0,0.4,17.4,17.4,17.76,17.76,12.23,12.23,7.333333333333333,7.133333333333334,3.3333333333333335,2.933333333333333,4.333333333333333,4.6,68.0,72.6,85.0,84.13333333333334,529.0,490.0,1626.6666666666667,1674.0,1650.3333333333333,1608.3333333333333,105.2,97.3,110.2,116.0,1,cherry,0.6482750931361794
131366,9211,http://live.fanfooty.com.au/game/matchcentre.html?id=9211,R1,2025,1017109.0,Jake,Soligo,AD,37.0,125.0,114,160.0,93.0,126.0,16.0,13.0,3.0,8.0,0.0,4.0,0.0,1.0,0.0,Full Time,magnet,%P and %M plus %T... %s as well... aided by %4FF,shovel,Playing central midfield,623600.0,,408500.0,,Midfielder,14.0,0.0,0.0,0.0,0.4,0.39,0.57,610000.0,,,13.0,5.0,4.0,65.0,77.0,549.0,0.0,False,1434,1862,2.0,9211_AD,98.0,1,73.0,1,12.333333333333334,10.6,11.666666666666666,11.2,3.6666666666666665,2.8,5.333333333333333,3.6666666666666665,0.0,0.0,1.3333333333333333,1.1333333333333333,1.0,1.0666666666666667,0.3333333333333333,0.3333333333333333,0.3333333333333333,0.4666666666666667,0.4,0.4,0.39,0.39,0.57,0.57,10.666666666666666,9.6,3.3333333333333335,3.7333333333333334,4.0,3.466666666666667,64.66666666666667,69.66666666666667,78.66666666666667,73.53333333333333,366.3333333333333,290.4,1626.6666666666667,1667.4,1650.3333333333333,1615.9333333333334,87.55,81.6,85.0,88.66666666666667,1,magnet,0.42412197677667907
131367,9211,http://live.fanfooty.com.au/game/matchcentre.html?id=9211,R1,2025,1001195.0,Izak,Rankine,AD,26.0,107.0,128,130.0,89.0,121.0,10.0,18.0,3.0,5.0,0.0,2.0,1.0,2.0,1.0,Full Time,gun,%s from %P and %M plus %T,midfwd,Rotating from mids to attack,684800.0,,461600.0,,Forward,23.0,0.0,0.0,0.0,0.84,1.06,1.62,670000.0,,,16.0,7.0,1.0,67.0,76.0,332.0,0.0,False,1434,1862,2.0,9211_AD,98.0,1,73.0,1,7.666666666666667,11.266666666666667,9.333333333333334,7.333333333333333,1.6666666666666667,3.3333333333333335,3.0,3.3333333333333335,0.0,0.0,1.3333333333333333,1.0,1.3333333333333333,1.2666666666666666,1.6666666666666667,1.9333333333333333,0.3333333333333333,0.6666666666666666,0.84,0.84,1.06,1.06,1.62,1.62,10.333333333333334,9.933333333333334,4.0,3.8666666666666667,3.6666666666666665,3.2,61.0,68.66666666666667,67.0,83.0,246.66666666666666,356.6,1747.0,1664.2666666666667,1535.6666666666667,1619.6666666666667,95.3,104.0,94.2,84.33333333333333,1,gun,0.4371040284884243
131368,9211,http://live.fanfooty.com.au/game/matchcentre.html?id=9211,R1,2025,293222.0,Rory,Laird,AD,24.0,107.0,101,134.0,87.0,120.0,12.0,17.0,7.0,4.0,0.0,0.0,0.0,0.0,0.0,Full Time,hot,%P and %M plus %T,guard,At half back,1008100.0,0.0,653100.0,,Midfielder,29.0,19.0,106.16,0.0,0.0,9.53,11.99,986000.0,,,4.0,1.0,0.0,82.0,83.0,237.0,0.0,False,1434,1862,2.0,9211_AD,98.0,1,73.0,1,9.0,12.4,18.0,15.733333333333333,5.0,4.0,3.0,5.133333333333334,0.0,0.0,0.3333333333333333,0.9333333333333333,0.6666666666666666,1.2666666666666666,0.0,0.0,0.0,0.0,0.0,0.0,9.53,9.53,11.99,11.99,5.666666666666667,10.2,0.6666666666666666,4.4,1.6666666666666667,3.6,83.33333333333333,75.06666666666666,83.33333333333333,80.13333333333334,188.66666666666666,299.2,1626.6666666666667,1667.4,1650.3333333333333,1615.9333333333334,101.25,100.7,97.8,93.33333333333333,1,hot,0.5355855517842715
131369,9211,http://live.fanfooty.com.au/game/matchcentre.html?id=9211,R1,2025,297523.0,Reilly,O'Brien,AD,39.0,98.0,82,115.0,85.0,101.0,7.0,5.0,2.0,4.0,47.0,1.0,1.0,0.0,0.0,Full Time,ruck,%H... also %P and %T... First ruck,,,816200.0,0.0,535300.0,,Ruck,43.0,0.0,0.0,0.0,0.0,0.62,0.82,798000.0,,,4.0,5.0,5.0,75.0,85.0,166.0,0.0,False,1434,1862,2.0,9211_AD,98.0,0,73.0,1,5.0,6.466666666666667,4.666666666666667,5.066666666666666,2.0,2.533333333333333,2.0,3.8,42.0,44.53333333333333,1.0,0.8666666666666667,0.6666666666666666,1.2,0.0,0.06666666666666667,0.3333333333333333,0.2,0.0,0.0,0.62,0.62,0.82,0.82,5.0,5.933333333333334,4.333333333333333,2.8,2.6666666666666665,3.2666666666666666,65.0,60.6,83.66666666666667,84.8,117.66666666666667,121.73333333333333,1626.6666666666667,1675.2666666666667,1650.3333333333333,1608.2666666666667,92.5,97.2,94.2,79.0,1,ruck,0.38713708538429664
131370,9211,http://live.fanfooty.com.au/game/matchcentre.html?id=9211,R1,2025,1011981.0,Josh,Worrell,AD,19.0,96.0,106,124.0,74.0,102.0,16.0,9.0,6.0,3.0,0.0,0.0,0.0,0.0,0.0,Full Time,job,%P and %M plus %T... Playing key defender on Caminiti,,,545300.0,,416400.0,,,24.0,0.0,0.0,0.0,0.04,0.16,0.19,533000.0,,,8.0,0.0,1.0,84.0,86.0,422.0,1.0,False,1434,1862,2.0,9211_AD,98.0,1,73.0,1,13.0,11.933333333333334,6.0,6.333333333333333,4.666666666666667,5.066666666666666,1.3333333333333333,1.4666666666666666,0.0,0.0,0.6666666666666666,1.0666666666666667,0.3333333333333333,0.5333333333333333,0.0,0.0,0.0,0.0,0.04,0.07066666666666667,0.16,0.18133333333333335,0.19,0.196,5.333333333333333,5.733333333333333,0.0,0.13333333333333333,1.0,1.8666666666666667,79.66666666666667,80.86666666666666,74.66666666666667,80.46666666666667,376.6666666666667,336.2,1626.6666666666667,1652.4,1650.3333333333333,1627.7333333333333,81.4,86.8,86.2,87.66666666666667,1,job,0.19586435821078033
131371,9211,http://live.fanfooty.com.au/game/matchcentre.html?id=9211,R1,2025,297401.0,Matt,Crouch,AD,25.0,89.0,84,106.0,77.0,114.0,8.0,23.0,1.0,4.0,0.0,0.0,2.0,1.0,0.0,Full Time,shovel,%P including %B... also %T... and booted %s... Playing inside midfield,,,741600.0,0.0,490800.0,,Midfielder,5.0,17.0,105.47,0.0,0.0,6.2,8.61,734000.0,,,12.0,7.0,5.0,71.0,75.0,218.0,1.0,False,1434,1862,2.0,9211_AD,98.0,0,73.0,1,10.666666666666666,10.0,18.666666666666668,19.8,1.6666666666666667,4.0,4.666666666666667,5.133333333333334,0.0,0.0,1.3333333333333333,1.4666666666666666,1.3333333333333333,1.2666666666666666,0.3333333333333333,0.06666666666666667,0.0,0.13333333333333333,0.0,0.0,6.2,6.2,8.61,8.61,12.0,12.266666666666667,4.666666666666667,5.933333333333334,5.0,3.466666666666667,69.0,76.2,74.0,71.53333333333333,304.3333333333333,224.93333333333334,1626.6666666666667,1685.7333333333333,1650.3333333333333,1597.0666666666666,104.25,104.2,93.0,94.33333333333333,1,shovel,0.5533309991611997
131372,9211,http://live.fanfooty.com.au/game/matchcentre.html?id=9211,R1,2025,1017051.0,Josh,Rachele,AD,16.0,84.0,107,103.0,72.0,95.0,12.0,9.0,5.0,1.0,0.0,0.0,1.0,2.0,2.0,Full Time,star,%s from %P and %M,midfwd,Rotating forward and midfield,663200.0,,413300.0,,Forward,8.0,0.0,0.0,0.0,6.69,1.44,4.71,649000.0,,,7.0,2.0,3.0,76.0,75.0,396.0,0.0,False,1434,1862,2.0,9211_AD,98.0,1,73.0,1,10.0,8.733333333333333,3.6666666666666665,4.4,4.0,3.0,2.3333333333333335,2.8666666666666667,0.0,0.0,0.3333333333333333,0.4666666666666667,0.6666666666666666,0.8,1.6666666666666667,1.5333333333333334,1.0,0.8666666666666667,6.69,6.69,1.44,1.44,4.71,4.71,4.333333333333333,5.066666666666666,1.0,0.9333333333333333,2.6666666666666665,2.8,62.0,68.33333333333333,78.0,81.6,311.3333333333333,256.4,1747.0,1677.7333333333333,1535.6666666666667,1606.6,66.35,71.6,76.8,69.66666666666667,1,star,0.17949951971828543
131373,9211,http://live.fanfooty.com.au/game/matchcentre.html?id=9211,R1,2025,1008384.0,Riley,Thilthorpe,AD,18.0,82.0,99,102.0,69.0,86.0,9.0,4.0,5.0,3.0,5.0,0.0,1.0,3.0,0.0,Full Time,ruckfwd,%s from %P and %M plus %T... Playing a forward/ruck role on Cordy,,,487800.0,,332100.0,,Forward,7.0,0.0,0.0,0.0,0.18,0.27,0.34,477000.0,,,8.0,1.0,6.0,69.0,76.0,282.0,0.0,False,1434,1862,2.0,9211_AD,98.0,1,73.0,1,10.333333333333334,6.666666666666667,3.0,3.6666666666666665,5.666666666666667,3.8666666666666667,3.0,1.6,4.333333333333333,5.0,0.3333333333333333,0.6666666666666666,0.3333333333333333,0.6,2.3333333333333335,1.3333333333333333,1.3333333333333333,0.8,0.18,0.17066666666666663,0.27,0.24666666666666667,0.34,0.24666666666666667,7.333333333333333,5.866666666666666,1.6666666666666667,1.1333333333333333,3.6666666666666665,2.4,62.666666666666664,63.733333333333334,81.0,69.6,306.6666666666667,195.8,1626.6666666666667,1679.0,1650.3333333333333,1603.5333333333333,65.0,67.6,95.2,93.33333333333333,1,ruckfwd,0.07500472156156135
131374,9211,http://live.fanfooty.com.au/game/matchcentre.html?id=9211,R1,2025,999331.0,Darcy,Fogarty,AD,21.0,81.0,73,100.0,68.0,81.0,11.0,1.0,6.0,1.0,0.0,0.0,0.0,4.0,0.0,Full Time,spearhead,First goal... %s from %P and %M... Starting forward on Wilkie,,,557300.0,0.0,380600.0,,Forward,32.0,10.0,42.0,0.0,0.0,0.25,0.36,545000.0,,,2.0,0.0,1.0,75.0,84.0,284.0,0.0,False,1434,1862,2.0,9211_AD,98.0,0,73.0,1,8.666666666666666,7.4,1.3333333333333333,3.533333333333333,4.333333333333333,5.066666666666666,0.6666666666666666,1.0666666666666667,0.0,0.0,0.6666666666666666,0.5333333333333333,0.6666666666666666,1.0666666666666667,2.0,2.2,0.3333333333333333,0.5333333333333333,0.0,0.0,0.25,0.25,0.36,0.36,3.3333333333333335,4.6,0.0,0.06666666666666667,1.6666666666666667,2.1333333333333333,71.33333333333333,74.8,88.33333333333333,86.33333333333333,229.33333333333334,211.26666666666668,1626.6666666666667,1667.4,1650.3333333333333,1615.9333333333334,71.7,65.6,65.6,52.333333333333336,1,spearhead,0.13058334780188843
131375,9211,http://live.fanfooty.com.au/game/matchcentre.html?id=9211,R1,2025,1004863.0,Mitchell,Hinge,AD,13.0,79.0,76,101.0,63.0,85.0,10.0,9.0,6.0,3.0,0.0,0.0,0.0,0.0,1.0,Full Time,guard,%P and %M plus %T... %s as well... Rotating in defence,,,698900.0,0.0,474300.0,,,20.0,0.0,0.0,0.0,0.0,0.74,1.35,683000.0,,,3.0,1.0,0.0,78.0,73.0,205.0,0.0,False,1434,1862,2.0,9211_AD,98.0,0,73.0,1,11.333333333333334,14.0,7.0,7.8,4.0,5.266666666666667,2.6666666666666665,2.066666666666667,0.0,0.0,0.6666666666666666,0.6,1.0,0.6,0.3333333333333333,0.13333333333333333,0.6666666666666666,0.26666666666666666,0.0,0.0,0.74,0.74,1.35,1.35,5.333333333333333,5.733333333333333,1.6666666666666667,1.2666666666666666,2.3333333333333335,2.1333333333333333,66.66666666666667,78.4,81.0,80.66666666666667,296.0,391.93333333333334,1626.6666666666667,1661.7333333333333,1650.3333333333333,1620.8666666666666,93.0,89.3,75.6,71.66666666666667,1,guard,0.2891523536421005
131376,9211,http://live.fanfooty.com.au/game/matchcentre.html?id=9211,R1,2025,1006136.0,Lachlan,Sholl,AD,10.0,78.0,86,99.0,61.0,84.0,13.0,9.0,4.0,2.0,0.0,1.0,0.0,0.0,0.0,Full Time,wing,%P and %M plus %T... Starting on a wing against Wilson,,,625300.0,,376900.0,,Midfielder,38.0,0.0,0.0,0.0,0.04,0.19,0.06,612000.0,,,7.0,5.0,1.0,81.0,90.0,200.0,0.0,False,1434,1862,2.0,9211_AD,98.0,0,73.0,1,11.666666666666666,15.333333333333334,7.333333333333333,7.466666666666667,3.0,5.066666666666666,2.3333333333333335,2.4,0.0,0.0,1.0,0.6666666666666666,0.3333333333333333,0.6,0.0,0.5333333333333333,0.3333333333333333,0.26666666666666666,0.04,0.04,0.19,0.19,0.06,0.06,6.0,6.4,2.6666666666666665,1.8666666666666667,2.3333333333333335,3.066666666666667,66.66666666666667,72.8,86.0,83.46666666666667,253.33333333333334,368.1333333333333,1626.6666666666667,1667.4,1650.3333333333333,1615.9333333333334,85.0,83.8,79.8,67.0,1,wing,0.20280962153064858
131377,9211,http://live.fanfooty.com.au/game/matchcentre.html?id=9211,R1,2025,296420.0,Alex,Neal-Bullen,AD,20.0,78.0,81,99.0,64.0,91.0,10.0,11.0,3.0,4.0,0.0,0.0,2.0,1.0,1.0,Full Time,wing,%s from %P and %M plus %T... Playing a HFF role,,,670900.0,0.0,402600.0,,Forward,28.0,21.0,78.38,0.0,0.0,0.09,0.09,656000.0,,,5.0,1.0,4.0,76.0,79.0,338.0,0.0,False,1434,1862,2.0,9211_AD,98.0,0,73.0,1,11.666666666666666,10.133333333333333,9.0,9.066666666666666,5.0,3.8666666666666667,5.0,4.933333333333334,0.0,0.0,0.3333333333333333,0.8666666666666667,1.3333333333333333,1.0666666666666667,0.3333333333333333,0.3333333333333333,0.3333333333333333,0.2,0.0,0.0,0.09,0.09,0.09,0.09,5.333333333333333,7.066666666666666,2.0,2.8,2.3333333333333335,2.8666666666666667,77.66666666666667,70.73333333333333,80.0,81.26666666666667,385.6666666666667,288.93333333333334,1701.3333333333333,1596.2,1580.3333333333333,1686.4,83.2,84.0,90.6,90.66666666666667,1,wing,0.22120962106098999
131378,9211,http://live.fanfooty.com.au/game/matchcentre.html?id=9211,R1,2025,1013974.0,Mark,Keane,AD,13.0,75.0,83,95.0,61.0,81.0,14.0,7.0,6.0,0.0,0.0,1.0,0.0,0.0,0.0,Full Time,job,%M and %P... At FB on the resting ruck which is mostly Marshall,,,378000.0,,289700.0,,Back,48.0,0.0,0.0,0.0,0.18,0.2,0.24,393000.0,,,5.0,0.0,3.0,71.0,100.0,371.0,0.0,False,1434,1862,2.0,9211_AD,98.0,0,73.0,1,15.666666666666666,12.8,4.0,3.933333333333333,5.333333333333333,4.8,0.0,1.0666666666666667,0.0,0.0,1.0,0.9333333333333333,2.0,1.4666666666666666,0.0,0.0,0.0,0.0,0.18,0.18,0.2,0.2,0.24,0.24,5.333333333333333,5.333333333333333,0.0,0.26666666666666666,4.0,3.3333333333333335,84.66666666666667,78.8,93.33333333333333,93.2,433.6666666666667,326.8,1747.0,1677.7333333333333,1535.6666666666667,1606.6,76.75,75.8,81.4,87.0,1,job,0.17954302627091814
131379,9211,http://live.fanfooty.com.au/game/matchcentre.html?id=9211,R1,2025,993946.0,Ben,Keays,AD,18.0,75.0,72,93.0,64.0,81.0,11.0,7.0,7.0,0.0,0.0,1.0,0.0,1.0,0.0,Full Time,pocket,%P and %M plus %s... Mostly starting forward on Webster,,,713400.0,0.0,450500.0,,Midfielder,2.0,2.0,60.0,0.0,0.0,1.05,1.69,698000.0,,,7.0,3.0,2.0,72.0,85.0,296.0,1.0,False,1434,1862,2.0,9211_AD,98.0,0,73.0,0,10.0,10.133333333333333,9.0,7.266666666666667,3.6666666666666665,3.6666666666666665,1.6666666666666667,3.933333333333333,0.0,0.0,1.3333333333333333,1.4666666666666666,1.3333333333333333,0.8,1.0,1.5333333333333334,1.3333333333333333,1.0,0.0,0.0,1.05,1.05,1.69,1.69,8.666666666666666,8.333333333333334,3.0,2.533333333333333,3.0,2.2666666666666666,62.666666666666664,66.0,87.66666666666667,87.93333333333334,271.0,273.6666666666667,1626.6666666666667,1667.4,1650.3333333333333,1615.9333333333334,85.55,103.0,92.6,82.0,1,pocket,0.22618043677048857
131380,9211,http://live.fanfooty.com.au/game/matchcentre.html?id=9211,R1,2025,1001396.0,Isaac,Cumming,AD,15.0,72.0,79,89.0,59.0,75.0,11.0,5.0,4.0,1.0,0.0,1.0,0.0,2.0,0.0,Full Time,wing,%P and %M plus %s... Coming off a wing,,,630300.0,0.0,387600.0,,Back,44.0,2.0,37.0,0.0,0.0,0.93,0.85,616000.0,,,5.0,1.0,2.0,68.0,77.0,321.0,0.0,False,1434,1862,2.0,9211_AD,98.0,0,73.0,1,9.666666666666666,8.733333333333333,6.333333333333333,5.0,3.6666666666666665,4.133333333333334,4.333333333333333,3.4,0.0,0.0,1.3333333333333333,0.6,1.3333333333333333,0.7333333333333333,0.6666666666666666,0.6,0.3333333333333333,0.06666666666666667,0.0,0.0,0.93,0.9566666666666667,0.85,1.0686666666666664,6.333333333333333,4.4,2.3333333333333335,1.2666666666666666,2.6666666666666665,2.3333333333333335,76.66666666666667,75.73333333333333,79.33333333333333,74.2,272.0,257.26666666666665,1738.0,1735.0666666666666,1549.0,1549.4666666666667,66.8,70.0,69.4,82.0,1,wing,0.09293299265115507
131381,9211,http://live.fanfooty.com.au/game/matchcentre.html?id=9211,R1,2025,1006013.0,James,Peatling,AD,14.0,72.0,67,91.0,57.0,79.0,11.0,8.0,2.0,3.0,0.0,1.0,1.0,1.0,1.0,Full Time,shovel,%s from %P and %M plus %T... Playing defensive midfield,,,443000.0,,274400.0,,Forward,25.0,0.0,0.0,0.0,0.09,0.03,0.02,433000.0,,,9.0,2.0,4.0,57.0,79.0,258.0,1.0,False,1434,1862,2.0,9211_AD,98.0,0,73.0,0,9.333333333333334,9.933333333333334,5.333333333333333,6.4,1.3333333333333333,2.066666666666667,7.333333333333333,5.933333333333334,0.0,0.0,1.3333333333333333,2.2666666666666666,0.6666666666666666,0.6666666666666666,1.3333333333333333,0.4,0.6666666666666666,0.26666666666666666,0.09,0.09,0.03,0.03,0.02,0.02,6.666666666666667,8.4,2.3333333333333335,4.0,2.6666666666666665,2.533333333333333,66.66666666666667,71.93333333333334,81.0,68.66666666666667,272.6666666666667,268.53333333333336,1738.0,1722.3333333333333,1549.0,1564.3333333333333,68.7,80.2,73.8,77.33333333333333,1,shovel,0.12385707626562678
131382,9211,http://live.fanfooty.com.au/game/matchcentre.html?id=9211,R1,2025,1008230.0,Nick,Murray,AD,9.0,61.0,78,79.0,52.0,69.0,7.0,7.0,7.0,2.0,0.0,0.0,1.0,0.0,0.0,Full Time,wood,%P and %M plus %T... In defence and has Wood,,,368600.0,,336000.0,,,9.0,0.0,0.0,0.0,0.04,0.15,0.17,360000.0,,,3.0,0.0,3.0,92.0,95.0,191.0,0.0,False,1434,1862,2.0,9211_AD,98.0,0,73.0,1,6.0,7.533333333333333,4.0,3.8,4.333333333333333,4.933333333333334,2.0,1.2666666666666666,0.0,0.0,0.3333333333333333,0.4,1.0,0.8666666666666667,0.0,0.0,0.0,0.13333333333333333,0.04,0.224,0.15,0.198,0.17,0.26999999999999996,3.6666666666666665,3.8,0.3333333333333333,0.2,2.6666666666666665,2.2,81.0,80.8,88.66666666666667,84.0,221.0,254.26666666666668,1626.6666666666667,1678.3333333333333,1650.3333333333333,1607.0,65.7,62.5,55.8,56.333333333333336,1,wood,0.13842123890444236
131383,9211,http://live.fanfooty.com.au/game/matchcentre.html?id=9211,R1,2025,1015370.0,Max,Michalanney,AD,3.0,50.0,68,64.0,39.0,51.0,11.0,3.0,3.0,0.0,0.0,2.0,0.0,0.0,0.0,Full Time,guard,%P including %K... also %M... Takes the best small forward,,,483300.0,,313700.0,,Back,16.0,0.0,0.0,0.0,0.4,0.45,0.58,473000.0,,,5.0,0.0,0.0,71.0,90.0,332.0,0.0,False,1434,1862,2.0,9211_AD,98.0,0,73.0,0,9.0,9.466666666666667,4.666666666666667,6.2,3.6666666666666665,5.6,2.3333333333333335,2.533333333333333,0.0,0.0,1.0,0.6666666666666666,0.6666666666666666,0.9333333333333333,0.0,0.0,0.0,0.06666666666666667,0.4,0.4,0.45,0.45,0.58,0.58,3.3333333333333335,4.133333333333334,0.0,0.8666666666666667,2.0,2.2,72.66666666666667,76.93333333333334,83.33333333333333,86.0,315.0,261.6666666666667,1626.6666666666667,1667.4,1650.3333333333333,1615.9333333333334,65.8,67.4,68.2,62.333333333333336,1,guard,0.09303122681093082
131384,9211,http://live.fanfooty.com.au/game/matchcentre.html?id=9211,R1,2025,280506.0,Taylor,Walker,AD,15.0,49.0,64,62.0,40.0,55.0,3.0,7.0,2.0,4.0,1.0,0.0,1.0,1.0,0.0,Full Time,spearhead,Subbed off in Q3 for Draper... %s from %P and %M plus %T,subbed,In attack on Schoenmaker,741700.0,0.0,500400.0,,Forward,13.0,14.0,61.86,0.0,0.0,0.74,1.33,726000.0,,,3.0,0.0,3.0,70.0,55.0,170.0,1.0,True,1434,1862,2.0,9211_AD,98.0,0,73.0,0,4.333333333333333,7.533333333333333,3.3333333333333335,3.2,4.333333333333333,5.4,2.0,1.6666666666666667,0.3333333333333333,0.8,0.0,0.4,0.3333333333333333,0.6,1.3333333333333333,1.8,0.3333333333333333,0.8666666666666667,0.0,0.0,0.74,0.74,1.33,1.33,2.3333333333333335,4.066666666666666,0.0,0.26666666666666666,1.6666666666666667,1.9333333333333333,68.33333333333333,69.73333333333333,63.0,81.0,185.33333333333334,254.06666666666666,1707.0,1695.2666666666667,1568.6666666666667,1585.8,72.6,61.2,52.8,52.333333333333336,1,spearhead,0.11936030523338712
131385,9211,http://live.fanfooty.com.au/game/matchcentre.html?id=9211,R1,2025,990882.0,Wayne,Milera,AD,4.0,48.0,58,60.0,40.0,54.0,6.0,7.0,4.0,1.0,0.0,0.0,0.0,0.0,0.0,Full Time,guard,%P and %M... Floating across half back,,,659000.0,0.0,433100.0,,Forward,30.0,18.0,73.83,0.0,0.0,0.28,0.32,644000.0,,,5.0,1.0,0.0,92.0,74.0,78.0,0.0,False,1434,1862,2.0,9211_AD,98.0,0,73.0,0,9.333333333333334,11.8,4.0,7.6,4.333333333333333,4.266666666666667,1.3333333333333333,2.1333333333333333,0.0,0.0,0.3333333333333333,0.6,0.3333333333333333,0.5333333333333333,0.0,0.06666666666666667,0.0,0.0,0.0,0.0,0.28,0.9106666666666665,0.32,2.1093333333333333,3.0,4.933333333333334,0.6666666666666666,0.8,1.3333333333333333,2.4,87.0,81.0,70.33333333333333,80.2,270.0,343.6,1662.0,1711.9333333333334,1631.6666666666667,1573.5333333333333,77.5,76.2,68.6,58.0,1,guard,0.1339945904102442
131388,9211,http://live.fanfooty.com.au/game/matchcentre.html?id=9211,R1,2025,1015507.0,Nasiah,Wanganeen-Milera,SK,25.0,113.0,96,62.0,86.0,115.0,21.0,6.0,6.0,3.0,0.0,1.0,0.0,1.0,1.0,Full Time,hot,Particularly prolific in Q2... %P including %K... also %M and %T... and scored %s,guard,Loping from half back,843000.0,,475800.0,,Back,7.0,0.0,0.0,0.0,10.36,5.14,11.9,824000.0,,,5.0,0.0,5.0,51.0,83.0,571.0,1.0,False,1862,1434,2.0,9211_SK,98.0,0,73.0,1,17.666666666666668,20.333333333333332,6.666666666666667,6.066666666666666,6.333333333333333,6.466666666666667,2.0,1.8,0.0,0.0,0.6666666666666666,0.6666666666666666,0.0,0.4,0.3333333333333333,0.13333333333333333,0.3333333333333333,0.4,10.36,10.36,5.14,5.14,11.9,11.9,5.333333333333333,5.533333333333333,0.3333333333333333,0.7333333333333333,3.6666666666666665,3.3333333333333335,68.0,72.73333333333333,83.33333333333333,82.26666666666667,419.6666666666667,534.2,1603.3333333333333,1645.0666666666666,1665.0,1632.2,100.2,99.4,95.6,93.33333333333333,1,hot,0.5412698804098374
131389,9211,http://live.fanfooty.com.au/game/matchcentre.html?id=9211,R1,2025,295467.0,Jack,Macrae,SK,20.0,109.0,127,83.0,88.0,126.0,13.0,21.0,3.0,5.0,0.0,2.0,1.0,0.0,0.0,Full Time,hot,%P and %M plus %T,shovel,Playing central midfield,847400.0,,558400.0,,Midfielder,6.0,0.0,0.0,0.0,51.64,52.14,35.68,829000.0,,,23.0,12.0,5.0,61.0,84.0,360.0,0.0,False,1862,1434,2.0,9211_SK,98.0,1,73.0,1,8.0,8.333333333333334,13.333333333333334,11.6,2.0,3.3333333333333335,5.333333333333333,3.4,0.0,0.0,1.0,0.7333333333333333,0.6666666666666666,0.26666666666666666,0.0,0.26666666666666666,0.0,0.13333333333333333,51.64,51.64,52.14,52.14,35.68,35.68,12.0,7.666666666666667,5.333333333333333,3.3333333333333335,2.3333333333333335,1.4666666666666666,61.666666666666664,72.2,64.33333333333333,73.2,222.66666666666666,204.46666666666667,1500.6666666666667,1641.0666666666666,1793.0,1645.0,74.7,74.1,77.6,85.0,1,hot,0.23509272305743106
131390,9211,http://live.fanfooty.com.au/game/matchcentre.html?id=9211,R1,2025,1027875.0,Darcy,Wilson,SK,15.0,97.0,91,73.0,74.0,101.0,13.0,10.0,5.0,5.0,0.0,1.0,0.0,0.0,2.0,Full Time,wing,%P and %M plus %T... %s as well... Starting on a wing against Sholl,,,202800.0,,130800.0,,Midfielder,22.0,0.0,0.0,0.0,39.02,42.88,15.74,249000.0,,,9.0,2.0,1.0,52.0,87.0,535.0,0.0,False,1862,1434,2.0,9211_SK,98.0,0,73.0,1,14.0,8.8,9.333333333333334,6.533333333333333,5.0,4.133333333333334,3.3333333333333335,2.2,0.0,0.0,0.6666666666666666,0.8666666666666667,0.0,0.3333333333333333,0.6666666666666666,0.4666666666666667,2.3333333333333335,0.5333333333333333,39.02,39.02,42.88,42.88,15.74,15.74,8.333333333333334,5.066666666666666,2.3333333333333335,1.0,2.6666666666666665,2.0,53.0,71.33333333333333,82.33333333333333,78.86666666666666,420.6666666666667,264.73333333333335,1603.3333333333333,1635.2666666666667,1665.0,1642.6,69.25,64.6,76.2,88.33333333333333,1,wing,0.15156099882425098
131391,9211,http://live.fanfooty.com.au/game/matchcentre.html?id=9211,R1,2025,994389.0,Jack,Sinclair,SK,14.0,90.0,95,52.0,72.0,93.0,16.0,6.0,8.0,1.0,0.0,2.0,0.0,0.0,0.0,Full Time,shovel,%P including %K... also %M... Starting on ball,,,943400.0,,596300.0,,Back,35.0,0.0,0.0,0.0,22.1,14.73,21.89,922000.0,,,7.0,1.0,1.0,63.0,85.0,449.0,0.0,False,1862,1434,2.0,9211_SK,98.0,0,73.0,1,18.333333333333332,19.0,7.0,8.866666666666667,7.0,6.133333333333334,2.3333333333333335,2.8666666666666667,0.0,0.0,1.3333333333333333,0.6,0.0,0.06666666666666667,0.0,0.13333333333333333,0.0,0.06666666666666667,22.1,22.1,14.73,14.73,21.89,21.89,7.666666666666667,8.133333333333333,2.0,2.6,2.3333333333333335,2.3333333333333335,69.0,75.46666666666667,87.0,85.86666666666666,410.6666666666667,447.93333333333334,1603.3333333333333,1635.2666666666667,1665.0,1642.6,111.1,113.7,111.4,97.33333333333333,1,shovel,0.6188293238311541
131392,9211,http://live.fanfooty.com.au/game/matchcentre.html?id=9211,R1,2025,296422.0,Callum,Wilkie,SK,18.0,87.0,63,54.0,70.0,90.0,15.0,4.0,10.0,1.0,0.0,0.0,0.0,0.0,0.0,Full Time,fog,%P including %K... also %M... Standing Fogarty,,,804500.0,,526600.0,,Back,44.0,0.0,0.0,0.0,0.31,0.31,0.4,787000.0,,,2.0,0.0,4.0,68.0,100.0,427.0,0.0,False,1862,1434,2.0,9211_SK,98.0,0,73.0,0,17.333333333333332,13.133333333333333,6.0,5.533333333333333,12.0,9.0,2.0,1.5333333333333334,0.0,0.0,0.0,0.3333333333333333,0.3333333333333333,0.5333333333333333,0.0,0.0,0.0,0.0,0.31,0.31,0.31,0.31,0.4,0.4,5.333333333333333,5.466666666666667,0.0,0.2,2.6666666666666665,1.9333333333333333,84.0,84.46666666666667,100.0,99.6,381.3333333333333,262.0,1692.3333333333333,1641.2,1581.0,1639.2666666666667,93.35,104.2,102.4,112.66666666666667,1,fog,0.5564979768250787
131394,9211,http://live.fanfooty.com.au/game/matchcentre.html?id=9211,R1,2025,295340.0,Mason,Wood,SK,20.0,77.0,71,57.0,65.0,82.0,10.0,5.0,6.0,2.0,0.0,1.0,1.0,2.0,1.0,Full Time,spearhead,%P and %M plus %T... %s as well... Playing target forward today on Murray,,,845500.0,0.0,519500.0,,Midfielder,32.0,12.0,67.83,0.0,0.0,0.17,0.18,827000.0,,,6.0,0.0,2.0,66.0,92.0,260.0,0.0,False,1862,1434,2.0,9211_SK,98.0,0,73.0,0,10.666666666666666,12.266666666666667,5.333333333333333,6.8,7.666666666666667,7.0,1.6666666666666667,2.0,0.0,0.0,0.3333333333333333,0.4,0.6666666666666666,0.7333333333333333,1.6666666666666667,1.1333333333333333,0.3333333333333333,0.6,0.0,0.0,0.17,0.17,0.18,0.18,4.666666666666667,5.466666666666667,0.3333333333333333,0.6,3.0,3.7333333333333334,74.0,66.46666666666667,90.0,88.13333333333334,299.0,326.8666666666667,1603.3333333333333,1635.2666666666667,1665.0,1642.6,78.4,73.2,68.4,77.33333333333333,1,spearhead,0.1919548335019938
131395,9211,http://live.fanfooty.com.au/game/matchcentre.html?id=9211,R1,2025,296205.0,Jack,Steele,SK,19.0,77.0,80,68.0,59.0,84.0,8.0,11.0,3.0,6.0,0.0,1.0,1.0,0.0,0.0,Full Time,shovel,%2 Dawson in Q1 then moved off him... %P and %M plus %T... Playing inside midfield,,,903100.0,,529500.0,,Midfielder,9.0,0.0,0.0,0.0,18.02,11.54,14.91,884000.0,,,10.0,5.0,1.0,78.0,80.0,192.0,0.0,False,1862,1434,2.0,9211_SK,98.0,0,73.0,1,11.333333333333334,11.533333333333333,10.666666666666666,11.066666666666666,6.0,5.933333333333334,7.333333333333333,6.733333333333333,0.0,0.0,1.0,1.2,1.0,1.1333333333333333,0.6666666666666666,0.4666666666666667,0.3333333333333333,0.2,18.02,18.02,11.54,11.54,14.91,14.91,10.666666666666666,10.333333333333334,5.0,4.666666666666667,2.3333333333333335,2.8,73.0,73.6,85.66666666666667,84.4,336.3333333333333,308.73333333333335,1603.3333333333333,1635.2666666666667,1665.0,1642.6,103.55,105.4,100.8,101.66666666666667,1,shovel,0.518773163804192
131396,9211,http://live.fanfooty.com.au/game/matchcentre.html?id=9211,R1,2025,1023270.0,Marcus,Windhager,SK,13.0,72.0,80,55.0,55.0,75.0,9.0,10.0,2.0,4.0,0.0,3.0,0.0,0.0,0.0,Full Time,shovel,%P and %M plus %T... aided by %4FF... Doing jobs in midfield,,,583500.0,,323200.0,,Midfielder,2.0,0.0,0.0,0.0,12.8,5.86,7.62,570000.0,,,14.0,5.0,4.0,73.0,79.0,184.0,0.0,False,1862,1434,2.0,9211_SK,98.0,0,73.0,1,5.666666666666667,8.866666666666667,7.666666666666667,9.2,1.6666666666666667,2.2666666666666666,4.0,5.333333333333333,0.0,0.0,1.0,1.2666666666666666,0.6666666666666666,1.2666666666666666,0.0,0.0,0.0,0.13333333333333333,12.8,12.8,5.86,5.86,7.62,7.62,7.666666666666667,9.333333333333334,2.6666666666666665,3.6,3.0,4.133333333333334,81.33333333333333,66.26666666666667,72.66666666666667,79.06666666666666,131.0,225.66666666666666,1578.0,1573.8,1699.0,1710.4,72.4,68.7,58.8,62.666666666666664,1,shovel,0.15784278503885854
131398,9211,http://live.fanfooty.com.au/game/matchcentre.html?id=9211,R1,2025,992468.0,Rowan,Marshall,SK,11.0,64.0,82,64.0,52.0,67.0,4.0,7.0,4.0,4.0,9.0,0.0,0.0,0.0,1.0,Full Time,injured,Right knee iced up late in Q4... %H... also %P and %M plus %T... %s as well,spearhead,Playing FF on Keane,1069000.0,,639100.0,,Ruck,19.0,0.0,0.0,0.0,9.26,6.77,7.64,1045000.0,,,7.0,2.0,0.0,81.0,83.0,131.0,1.0,True,1862,1434,2.0,9211_SK,98.0,0,73.0,1,12.0,14.533333333333333,7.333333333333333,5.8,4.666666666666667,6.066666666666666,3.0,4.266666666666667,22.333333333333332,25.4,1.3333333333333333,1.8666666666666667,1.0,2.3333333333333335,0.6666666666666666,0.8666666666666667,0.3333333333333333,0.4666666666666667,9.26,9.26,6.77,6.77,7.64,7.64,11.0,10.0,5.333333333333333,5.2,3.0,4.8,68.0,63.6,86.33333333333333,87.93333333333334,259.3333333333333,321.73333333333335,1603.3333333333333,1635.2666666666667,1665.0,1642.6,109.95,115.5,120.0,116.0,1,injured,0.5786196268656838
131399,9211,http://live.fanfooty.com.au/game/matchcentre.html?id=9211,R1,2025,1011994.0,Ryan,Byrnes,SK,9.0,62.0,59,40.0,50.0,70.0,10.0,7.0,4.0,2.0,0.0,0.0,1.0,0.0,1.0,Full Time,guard,%P and %M plus %T... %s as well... Playing a half back role,,,572200.0,,347300.0,,Midfielder,13.0,0.0,0.0,0.0,0.13,0.08,0.06,560000.0,,,5.0,1.0,3.0,64.0,84.0,300.0,0.0,False,1862,1434,2.0,9211_SK,98.0,0,73.0,0,11.0,10.533333333333333,4.666666666666667,5.733333333333333,5.333333333333333,4.666666666666667,1.3333333333333333,2.3333333333333335,0.0,0.0,0.6666666666666666,0.6666666666666666,0.6666666666666666,0.3333333333333333,0.3333333333333333,0.06666666666666667,0.3333333333333333,0.06666666666666667,0.13,0.13,0.08,0.08,0.06,0.06,4.666666666666667,4.2,1.0,1.0,2.0,2.0,73.0,67.66666666666667,77.0,78.2,254.66666666666666,277.1333333333333,1603.3333333333333,1657.0666666666666,1665.0,1622.8666666666666,59.55,59.5,64.6,60.0,1,guard,0.07446291288413365
131401,9211,http://live.fanfooty.com.au/game/matchcentre.html?id=9211,R1,2025,1002227.0,Jack,Higgins,SK,11.0,56.0,63,49.0,47.0,62.0,5.0,6.0,2.0,3.0,0.0,0.0,1.0,2.0,2.0,Full Time,pocket,%s from %P and %M plus %T... Starting forward,,,587600.0,,372900.0,,Forward,1.0,0.0,0.0,0.0,0.04,0.08,0.09,575000.0,,,5.0,1.0,2.0,63.0,78.0,181.0,0.0,False,1862,1434,2.0,9211_SK,98.0,0,73.0,0,8.666666666666666,6.6,5.0,5.066666666666666,4.333333333333333,3.2666666666666666,2.0,2.7333333333333334,0.0,0.0,0.6666666666666666,0.6666666666666666,1.0,0.5333333333333333,2.3333333333333335,1.7333333333333334,1.6666666666666667,1.1333333333333333,0.04,0.04,0.08,0.08,0.09,0.09,5.0,4.8,1.0,0.5333333333333333,1.6666666666666667,1.8666666666666667,71.66666666666667,67.13333333333334,83.66666666666667,82.8,212.33333333333334,159.46666666666667,1603.3333333333333,1595.1333333333334,1665.0,1683.4,71.95,65.4,65.6,81.66666666666667,1,pocket,0.12207925777998362
131403,9211,http://live.fanfooty.com.au/game/matchcentre.html?id=9211,R1,2025,1023784.0,Anthony,Caminiti,SK,5.0,53.0,56,43.0,43.0,57.0,6.0,7.0,4.0,2.0,0.0,1.0,0.0,0.0,0.0,Full Time,switch,%P and %M plus %T... Up forward on Worrell... switched back late in Q4,,,464700.0,,290900.0,,Forward,47.0,0.0,0.0,0.0,0.18,0.1,0.1,455000.0,,,7.0,0.0,3.0,69.0,91.0,250.0,0.0,False,1862,1434,2.0,9211_SK,98.0,0,73.0,0,4.0,4.466666666666667,5.666666666666667,4.533333333333333,2.3333333333333335,3.466666666666667,2.6666666666666665,2.2666666666666666,1.3333333333333333,1.6,1.3333333333333333,0.6,0.0,0.7333333333333333,0.3333333333333333,0.8666666666666667,0.6666666666666666,0.5333333333333333,0.18,0.18,0.1,0.1,0.1,0.1,6.333333333333333,4.933333333333334,0.3333333333333333,0.26666666666666666,1.6666666666666667,2.0,70.0,70.6,76.66666666666667,80.53333333333333,128.66666666666666,115.06666666666666,1692.3333333333333,1596.6666666666667,1581.0,1686.1333333333334,52.95,54.8,60.4,58.0,1,switch,0.04207499801685973
131405,9211,http://live.fanfooty.com.au/game/matchcentre.html?id=9211,R1,2025,290757.0,Jimmy,Webster,SK,3.0,34.0,42,12.0,26.0,36.0,8.0,2.0,2.0,0.0,0.0,0.0,0.0,0.0,0.0,Full Time,pidgeot,%P including %K... also %M... Minding Keays,,,582600.0,,362200.0,,Back,29.0,0.0,0.0,0.0,0.04,0.06,0.05,570000.0,,,3.0,0.0,1.0,80.0,86.0,187.0,0.0,False,1862,1434,2.0,9211_SK,98.0,0,73.0,0,8.333333333333334,8.466666666666667,3.6666666666666665,4.4,3.6666666666666665,4.2,2.3333333333333335,2.3333333333333335,0.0,0.0,0.6666666666666666,0.6666666666666666,0.0,0.2,0.0,0.0,0.0,0.0,0.04,0.04,0.06,0.06,0.05,0.05,4.333333333333333,3.533333333333333,0.3333333333333333,0.06666666666666667,0.6666666666666666,0.7333333333333333,69.33333333333333,78.0,80.66666666666667,77.13333333333334,187.0,180.2,1603.3333333333333,1645.0666666666666,1665.0,1632.2,59.55,58.7,51.8,53.666666666666664,1,pidgeot,0.45348165989130196
131406,9211,http://live.fanfooty.com.au/game/matchcentre.html?id=9211,R1,2025,991988.0,Zak,Jones,SK,2.0,34.0,42,12.0,24.0,36.0,8.0,3.0,0.0,1.0,0.0,0.0,0.0,0.0,0.0,Full Time,wing,%P including %K... Mostly coming off a wing today,,,402400.0,,249300.0,,Midfielder,3.0,0.0,0.0,0.0,0.84,0.77,0.41,484000.0,,,0.0,0.0,0.0,63.0,73.0,206.0,0.0,False,1862,1434,2.0,9211_SK,98.0,0,73.0,0,9.333333333333334,8.066666666666666,7.666666666666667,7.6,2.3333333333333335,3.0,2.0,2.6,0.0,0.0,0.6666666666666666,0.8,0.6666666666666666,1.2,0.3333333333333333,0.13333333333333333,0.0,0.13333333333333333,0.84,0.7966666666666666,0.77,0.7326666666666667,0.41,0.39933333333333326,4.333333333333333,5.066666666666666,2.3333333333333335,2.2666666666666666,1.6666666666666667,2.2666666666666666,74.33333333333333,73.4,77.33333333333333,60.93333333333333,265.3333333333333,176.26666666666668,1603.3333333333333,1643.5333333333333,1665.0,1637.4,62.85,66.0,70.0,66.0,1,wing,0.08568071408887425
131408,9211,http://live.fanfooty.com.au/game/matchcentre.html?id=9211,R1,2025,991939.0,Zaine,Cordy,SK,7.0,26.0,31,24.0,22.0,27.0,2.0,2.0,2.0,1.0,0.0,0.0,0.0,1.0,0.0,Full Time,switch,%P and %M plus %s... In defence on Thilthorpe... switched forward late in Q4,,,361400.0,,258800.0,,Back,21.0,0.0,0.0,0.0,0.35,0.37,0.44,354000.0,,,1.0,0.0,1.0,75.0,82.0,74.0,0.0,False,1862,1434,2.0,9211_SK,98.0,0,73.0,0,3.6666666666666665,4.866666666666666,2.0,3.533333333333333,2.6666666666666665,3.6,0.6666666666666666,1.6,0.0,0.4,0.0,0.3333333333333333,0.6666666666666666,0.6,0.6666666666666666,0.2,0.0,0.0,0.35,0.40599999999999997,0.37,0.4166666666666667,0.44,0.4586666666666666,1.3333333333333333,2.933333333333333,0.0,0.26666666666666666,1.3333333333333333,1.6,79.33333333333333,74.93333333333334,89.66666666666667,85.0,120.66666666666667,112.93333333333334,1387.6666666666667,1618.8,1896.6666666666667,1669.2666666666667,45.35,47.7,50.2,42.666666666666664,1,switch,0.025264663066136075
131409,9211,http://live.fanfooty.com.au/game/matchcentre.html?id=9211,R1,2025,295584.0,Bradley,Hill,SK,7.0,25.0,18,14.0,21.0,27.0,4.0,2.0,1.0,0.0,0.0,0.0,0.0,1.0,0.0,Full Time,cold,Donuts in Q1 and barely sighted... %P and %s,wing,Playing a HFF role,687300.0,0.0,380300.0,,Back,8.0,9.0,76.89,0.0,0.0,0.68,0.84,672000.0,,,3.0,2.0,1.0,50.0,82.0,138.0,1.0,False,1862,1434,2.0,9211_SK,98.0,0,73.0,0,8.333333333333334,10.466666666666667,1.6666666666666667,6.066666666666666,4.333333333333333,4.533333333333333,1.0,1.6,0.0,0.0,0.0,0.2,0.6666666666666666,0.6,0.6666666666666666,0.2,0.0,0.0,0.0,0.0,0.68,0.68,0.84,0.84,2.3333333333333335,3.533333333333333,0.6666666666666666,1.4,2.0,2.0,65.0,75.0,78.0,83.06666666666666,246.0,339.93333333333334,1603.3333333333333,1637.5333333333333,1665.0,1640.2,70.5,58.5,52.6,43.0,1,cold,0.10263670709518831
131410,9212,http://live.fanfooty.com.au/game/matchcentre.html?id=9212,R1,2025,290528.0,Max,Gawn,ME,39.0,127.0,129,146.0,113.0,134.0,12.0,12.0,3.0,2.0,46.0,6.0,1.0,0.0,1.0,Full Time,gun,%H... also %P and %M plus %T... %s as well... aided by %4FF,ruck,Lead ruck,850000.0,0.0,583700.0,,Ruck,11.0,21.0,110.91,0.0,0.0,53.16,31.71,831000.0,,,14.0,7.0,5.0,62.0,83.0,313.0,0.0,False,1620,1679,2.0,9212_ME,98.0,1,73.0,1,11.0,10.6,9.0,8.533333333333333,4.0,4.666666666666667,2.3333333333333335,1.9333333333333333,34.666666666666664,33.13333333333333,3.0,2.466666666666667,1.6666666666666667,0.9333333333333333,0.0,0.5333333333333333,0.6666666666666666,0.4,0.0,0.0,53.16,53.16,31.71,31.71,12.666666666666666,11.8,6.0,5.066666666666666,4.0,3.466666666666667,66.33333333333333,63.6,86.33333333333333,84.4,266.0,254.8,1640.3333333333333,1593.4666666666667,1642.3333333333333,1691.2666666666667,125.1,117.7,131.0,116.0,1,gun,0.8214249567864762
131411,9212,http://live.fanfooty.com.au/game/matchcentre.html?id=9212,R1,2025,296359.0,Christian,Salem,ME,21.0,124.0,113,165.0,91.0,123.0,27.0,3.0,8.0,3.0,0.0,1.0,0.0,0.0,0.0,Full Time,hot,%P including %K... also %M and %T,guard,Starting at half back,715200.0,0.0,420800.0,,Back,3.0,20.0,78.15,0.0,0.0,0.51,0.5,700000.0,,,6.0,1.0,2.0,66.0,90.0,616.0,0.0,False,1620,1679,2.0,9212_ME,98.0,1,73.0,1,21.666666666666668,13.666666666666666,5.666666666666667,6.533333333333333,6.333333333333333,5.8,2.3333333333333335,2.466666666666667,0.0,0.0,0.6666666666666666,0.6,0.0,0.6666666666666666,0.0,0.0,0.0,0.13333333333333333,0.0,0.0,0.51,0.51,0.5,0.5,5.666666666666667,5.133333333333334,1.3333333333333333,1.3333333333333333,2.0,2.1333333333333333,75.33333333333333,72.2,81.0,74.2,493.0,337.53333333333336,1640.3333333333333,1597.6666666666667,1642.3333333333333,1686.0666666666666,80.9,87.3,93.2,107.33333333333333,1,hot,0.3955278895602905
131412,9212,http://live.fanfooty.com.au/game/matchcentre.html?id=9212,R1,2025,999391.0,Tom,Sparrow,ME,21.0,96.0,84,124.0,72.0,97.0,14.0,7.0,4.0,5.0,0.0,1.0,0.0,1.0,1.0,Full Time,wing,%P and %M plus %T... %s as well... Starting forward,,,614800.0,,375200.0,,Midfielder,32.0,0.0,0.0,0.0,0.27,0.21,0.19,601000.0,,,6.0,3.0,2.0,57.0,84.0,382.0,0.0,False,1620,1679,2.0,9212_ME,98.0,0,73.0,1,11.666666666666666,10.266666666666667,8.333333333333334,5.733333333333333,3.6666666666666665,4.0,4.0,3.4,0.0,0.0,0.6666666666666666,0.6666666666666666,0.3333333333333333,0.4,1.0,0.26666666666666666,0.3333333333333333,0.4666666666666667,0.27,0.27,0.21,0.21,0.19,0.19,7.0,5.866666666666666,3.3333333333333335,2.2,3.0,2.6,68.0,64.26666666666667,76.66666666666667,75.6,349.3333333333333,287.6666666666667,1570.0,1600.6666666666667,1718.6666666666667,1682.7333333333333,67.75,65.7,70.8,84.66666666666667,1,wing,0.12904711365175728
131413,9212,http://live.fanfooty.com.au/game/matchcentre.html?id=9212,R1,2025,298210.0,Christian,Petracca,ME,21.0,95.0,98,116.0,78.0,109.0,13.0,14.0,2.0,3.0,0.0,0.0,1.0,2.0,1.0,Full Time,midfwd,Tagged by Bedford then freed up in Q4... %P and %M plus %T... %s as well... Starting in midfield and rotating forward,,,978700.0,0.0,667700.0,,Midfielder,5.0,20.0,79.8,0.0,0.0,22.41,5.56,957000.0,,,12.0,4.0,4.0,51.0,88.0,518.0,0.0,False,1620,1679,2.0,9212_ME,98.0,1,73.0,1,9.333333333333334,11.866666666666667,12.666666666666666,11.8,4.333333333333333,4.333333333333333,2.6666666666666665,2.8666666666666667,0.0,0.06666666666666667,0.6666666666666666,0.6,0.3333333333333333,0.6,1.0,1.1333333333333333,0.3333333333333333,0.8666666666666667,0.0,0.6466666666666666,22.41,21.258666666666667,5.56,5.426666666666666,8.333333333333334,11.066666666666666,2.6666666666666665,4.4,2.3333333333333335,3.0,71.66666666666667,70.0,71.0,78.86666666666666,387.3333333333333,416.2,1534.6666666666667,1619.3333333333333,1752.6666666666667,1668.4666666666667,105.35,97.0,90.0,82.33333333333333,1,midfwd,0.5024862773618279
131415,9212,http://live.fanfooty.com.au/game/matchcentre.html?id=9212,R1,2025,298281.0,Jake,Lever,ME,15.0,93.0,111,121.0,76.0,102.0,13.0,9.0,9.0,3.0,0.0,0.0,1.0,0.0,0.0,Full Time,plusone,%P and %M plus %T... Loose in defence,,,504700.0,0.0,419700.0,,Back,8.0,11.0,59.82,0.0,0.0,0.29,0.78,494000.0,,,3.0,0.0,1.0,90.0,89.0,218.0,0.0,False,1620,1679,2.0,9212_ME,98.0,1,73.0,1,8.666666666666666,9.8,5.0,5.6,6.666666666666667,6.666666666666667,2.0,1.2666666666666666,0.0,0.0,0.6666666666666666,0.8,1.6666666666666667,1.2,0.0,0.06666666666666667,0.0,0.0,0.0,0.0,0.29,0.29,0.78,0.78,2.3333333333333335,5.333333333333333,0.0,0.2,2.0,2.2,85.33333333333333,82.26666666666667,88.0,94.26666666666667,163.33333333333334,247.73333333333332,1703.3333333333333,1619.6,1586.0,1666.7333333333333,74.9,68.8,68.6,65.0,1,plusone,0.12282321246222043
131416,9212,http://live.fanfooty.com.au/game/matchcentre.html?id=9212,R1,2025,1012825.0,Jake,Bowey,ME,19.0,87.0,96,114.0,63.0,84.0,16.0,3.0,3.0,4.0,0.0,2.0,0.0,1.0,0.0,Full Time,guard,%P including %K... also %T and %M... and booted %s... Starting at half back,,,574800.0,,389400.0,,Back,17.0,0.0,0.0,0.0,0.13,0.1,0.15,562000.0,,,4.0,0.0,0.0,89.0,73.0,341.0,1.0,False,1620,1679,2.0,9212_ME,98.0,0,73.0,1,13.0,11.733333333333333,3.6666666666666665,4.466666666666667,3.0,4.533333333333333,2.0,1.6,0.0,0.0,0.6666666666666666,0.4666666666666667,0.0,0.3333333333333333,0.3333333333333333,0.06666666666666667,0.3333333333333333,0.13333333333333333,0.13,0.13,0.1,0.1,0.15,0.15,3.0,4.0,0.3333333333333333,0.26666666666666666,0.6666666666666666,1.6666666666666667,81.66666666666667,77.53333333333333,61.0,70.73333333333333,362.6666666666667,264.06666666666666,1640.3333333333333,1581.7333333333333,1642.3333333333333,1701.3333333333333,66.2,65.2,75.6,75.33333333333333,1,guard,0.1092144428561996
131417,9212,http://live.fanfooty.com.au/game/matchcentre.html?id=9212,R1,2025,996701.0,Clayton,Oliver,ME,20.0,84.0,93,109.0,72.0,105.0,10.0,15.0,5.0,5.0,0.0,1.0,4.0,0.0,0.0,Full Time,shovel,%P and %M plus %T... not helped by %F... Playing inside midfield,,,1049300.0,0.0,674100.0,,Midfielder,13.0,21.0,109.62,0.0,0.0,1.07,2.37,1027000.0,,,16.0,5.0,6.0,72.0,83.0,204.0,0.0,False,1620,1679,2.0,9212_ME,98.0,0,73.0,1,7.333333333333333,9.933333333333334,13.666666666666666,12.933333333333334,2.3333333333333335,3.0,3.3333333333333335,4.466666666666667,0.0,0.0,1.3333333333333333,1.0,2.6666666666666665,2.2,0.0,0.13333333333333333,0.0,0.13333333333333333,0.0,0.0,1.07,1.07,2.37,2.37,14.0,11.933333333333334,4.666666666666667,4.266666666666667,6.333333333333333,4.666666666666667,61.666666666666664,66.53333333333333,79.0,78.73333333333333,191.66666666666666,286.53333333333336,1570.0,1586.6,1718.6666666666667,1697.0666666666666,82.9,75.8,75.4,68.66666666666667,1,shovel,0.28471582999198763
131418,9212,http://live.fanfooty.com.au/game/matchcentre.html?id=9212,R1,2025,1009378.0,Trent,Rivers,ME,13.0,83.0,73,105.0,70.0,96.0,13.0,11.0,7.0,1.0,0.0,0.0,1.0,0.0,0.0,Full Time,shovel,%M and %P... Playing midfield,,,705800.0,,474100.0,,Back,24.0,0.0,0.0,0.0,0.97,1.0,1.02,691000.0,,,8.0,1.0,4.0,62.0,72.0,351.0,0.0,False,1620,1679,2.0,9212_ME,98.0,0,73.0,1,13.0,13.333333333333334,11.666666666666666,9.533333333333333,5.0,5.0,1.6666666666666667,3.0,0.0,0.0,0.3333333333333333,0.6666666666666666,0.6666666666666666,0.5333333333333333,0.0,0.13333333333333333,0.0,0.13333333333333333,0.97,0.97,1.0,1.0,1.02,1.02,8.333333333333334,8.133333333333333,3.0,3.2666666666666666,4.0,3.466666666666667,64.33333333333333,70.26666666666667,77.66666666666667,75.06666666666666,385.3333333333333,420.06666666666666,1640.3333333333333,1584.0,1642.3333333333333,1698.8,86.85,87.1,76.8,83.0,1,shovel,0.35853665341981866
131419,9212,http://live.fanfooty.com.au/game/matchcentre.html?id=9212,R1,2025,298264.0,Ed,Langdon,ME,14.0,83.0,74,108.0,66.0,87.0,13.0,6.0,8.0,2.0,0.0,0.0,0.0,0.0,0.0,Full Time,wing,%P and %M plus %T... Running off a wing on Wehr,,,668500.0,0.0,405100.0,,Midfielder,15.0,20.0,86.9,0.0,0.0,0.2,0.3,654000.0,,,3.0,2.0,1.0,89.0,100.0,407.0,0.0,False,1620,1679,2.0,9212_ME,98.0,0,73.0,1,14.0,11.466666666666667,10.0,9.466666666666667,7.333333333333333,5.533333333333333,2.0,2.1333333333333333,0.0,0.0,0.3333333333333333,0.6666666666666666,0.3333333333333333,0.5333333333333333,0.3333333333333333,0.4,0.3333333333333333,0.5333333333333333,0.0,0.0,0.2,0.2,0.3,0.3,7.0,6.466666666666667,2.6666666666666665,2.066666666666667,1.6666666666666667,2.8,79.0,71.53333333333333,98.33333333333333,96.06666666666666,391.6666666666667,298.53333333333336,1640.3333333333333,1590.5333333333333,1642.3333333333333,1691.0666666666666,79.3,87.9,89.2,97.66666666666667,1,wing,0.22165598277692733
131420,9212,http://live.fanfooty.com.au/game/matchcentre.html?id=9212,R1,2025,291902.0,Jack,Viney,ME,14.0,82.0,58,103.0,67.0,96.0,15.0,12.0,4.0,1.0,0.0,0.0,1.0,0.0,0.0,Full Time,shovel,%P and %M... In central midfield,,,923300.0,0.0,559600.0,,Midfielder,7.0,7.0,91.43,0.0,0.0,0.41,0.69,903000.0,,,9.0,5.0,7.0,59.0,77.0,320.0,0.0,False,1620,1679,2.0,9212_ME,98.0,0,73.0,0,10.666666666666666,10.733333333333333,12.0,10.533333333333333,3.6666666666666665,2.8666666666666667,5.333333333333333,5.733333333333333,0.0,0.0,0.6666666666666666,0.8666666666666667,0.3333333333333333,0.7333333333333333,0.6666666666666666,0.4,0.3333333333333333,0.13333333333333333,0.0,0.0,0.41,0.41,0.69,0.69,8.666666666666666,10.133333333333333,5.0,4.2,6.0,4.2,66.0,54.666666666666664,81.33333333333333,78.26666666666667,255.33333333333334,307.06666666666666,1640.3333333333333,1584.0,1642.3333333333333,1698.8,82.5,76.7,71.6,76.0,1,shovel,0.29819766239969764
131421,9212,http://live.fanfooty.com.au/game/matchcentre.html?id=9212,R1,2025,1008893.0,Harrison,Petty,ME,14.0,76.0,86,102.0,62.0,81.0,12.0,4.0,8.0,3.0,0.0,2.0,2.0,0.0,0.0,Full Time,job,%P including %K... also %M and %T... Playing key defender on Cadman,,,477900.0,0.0,338900.0,,Back,35.0,1.0,44.0,0.0,0.0,0.45,0.53,468000.0,,,8.0,0.0,3.0,81.0,95.0,358.0,0.0,False,1620,1679,2.0,9212_ME,98.0,0,73.0,1,6.333333333333333,5.2,5.0,4.133333333333334,6.666666666666667,4.666666666666667,2.0,3.2,0.3333333333333333,2.6,1.3333333333333333,0.8666666666666667,1.3333333333333333,1.1333333333333333,1.0,0.4666666666666667,0.0,0.6,0.0,0.0,0.45,0.45,0.53,0.53,5.333333333333333,4.533333333333333,0.0,0.2,2.0,2.0,86.0,72.33333333333333,87.0,79.86666666666666,196.33333333333334,158.46666666666667,1640.3333333333333,1564.3333333333333,1642.3333333333333,1717.6666666666667,55.8,66.3,66.2,65.33333333333333,1,job,0.06253427298005802
131422,9212,http://live.fanfooty.com.au/game/matchcentre.html?id=9212,R1,2025,291533.0,Tom,McDonald,ME,8.0,67.0,103,84.0,55.0,72.0,10.0,8.0,5.0,1.0,0.0,2.0,0.0,0.0,0.0,Full Time,in,%l Steven May... %P and %M,job,In defence on Brown,436100.0,0.0,302600.0,,Forward,25.0,16.0,90.38,0.0,0.0,0.1,0.09,447000.0,,,6.0,0.0,1.0,88.0,100.0,313.0,0.0,False,1620,1679,2.0,9212_ME,98.0,1,73.0,1,12.333333333333334,11.2,5.333333333333333,4.4,7.0,5.733333333333333,1.3333333333333333,1.4,0.0,0.0,1.3333333333333333,0.6666666666666666,0.3333333333333333,0.6666666666666666,0.0,0.2,0.0,0.0,0.0,0.0,0.1,0.1,0.09,0.09,5.333333333333333,4.933333333333334,0.0,0.06666666666666667,2.0,2.3333333333333335,80.0,75.33333333333333,97.33333333333333,96.8,349.6666666666667,298.2,1640.3333333333333,1584.0,1642.3333333333333,1698.8,81.75,84.2,83.6,97.66666666666667,1,in,0.05799033144667327
131423,9212,http://live.fanfooty.com.au/game/matchcentre.html?id=9212,R1,2025,1027821.0,Caleb,Windsor,ME,13.0,55.0,57,66.0,47.0,63.0,8.0,8.0,3.0,0.0,0.0,0.0,0.0,1.0,0.0,Full Time,wing,%P and %M plus %s... Rotating on a wing,,,268800.0,,180300.0,,Midfielder,6.0,0.0,0.0,0.0,7.57,3.51,5.33,282000.0,,,3.0,0.0,2.0,68.0,83.0,371.0,0.0,False,1620,1679,2.0,9212_ME,98.0,0,73.0,0,7.0,9.066666666666666,5.333333333333333,5.466666666666667,4.0,3.2,2.0,2.6,0.0,0.0,0.0,0.4666666666666667,0.6666666666666666,0.4,0.6666666666666666,0.5333333333333333,0.3333333333333333,0.3333333333333333,7.57,7.57,3.51,3.51,5.33,5.33,2.3333333333333335,4.333333333333333,0.0,1.4666666666666666,2.3333333333333335,2.4,66.66666666666667,65.53333333333333,82.33333333333333,79.53333333333333,250.33333333333334,290.8,1560.0,1592.2666666666667,1732.6666666666667,1693.4666666666667,59.5,57.0,70.4,52.333333333333336,1,wing,0.06343569974783517
131424,9212,http://live.fanfooty.com.au/game/matchcentre.html?id=9212,R1,2025,1005330.0,Kade,Chandler,ME,10.0,54.0,71,73.0,41.0,57.0,7.0,4.0,4.0,4.0,0.0,0.0,1.0,0.0,0.0,Full Time,wing,%P and %M plus %T... Playing a high forward role,,,544500.0,,359300.0,,Forward,37.0,0.0,0.0,0.0,0.18,0.1,0.15,533000.0,,,8.0,2.0,2.0,72.0,81.0,246.0,0.0,False,1620,1679,2.0,9212_ME,98.0,0,73.0,0,9.666666666666666,7.266666666666667,6.666666666666667,5.266666666666667,4.0,2.933333333333333,2.6666666666666665,3.8666666666666667,0.0,0.0,0.0,0.4666666666666667,1.0,0.8,0.3333333333333333,0.6666666666666666,0.3333333333333333,0.26666666666666666,0.18,0.18,0.1,0.1,0.15,0.15,5.333333333333333,4.2,1.0,0.6666666666666666,3.0,2.0,75.33333333333333,75.13333333333334,82.0,80.66666666666667,259.3333333333333,196.33333333333334,1640.3333333333333,1584.0,1642.3333333333333,1698.8,61.1,65.9,64.2,68.0,1,wing,0.08613129764607635
131425,9212,http://live.fanfooty.com.au/game/matchcentre.html?id=9212,R1,2025,1001438.0,Bayley,Fritsch,ME,4.0,50.0,59,65.0,37.0,51.0,7.0,5.0,2.0,3.0,0.0,1.0,0.0,0.0,0.0,Full Time,spearhead,%P and %M plus %T... Playing third tall forward on Buckley,,,582700.0,0.0,396400.0,,Forward,31.0,20.0,75.45,0.0,0.0,0.25,0.42,570000.0,,,7.0,0.0,3.0,58.0,89.0,178.0,0.0,False,1620,1679,2.0,9212_ME,98.0,0,73.0,0,7.0,7.266666666666667,3.6666666666666665,3.066666666666667,4.0,3.4,1.3333333333333333,1.2666666666666666,0.0,0.0,0.3333333333333333,0.4666666666666667,0.3333333333333333,0.8666666666666667,0.3333333333333333,1.2666666666666666,0.3333333333333333,0.8666666666666667,0.0,0.0,0.25,0.25,0.42,0.42,4.333333333333333,4.266666666666667,0.3333333333333333,0.13333333333333333,1.6666666666666667,2.2666666666666666,68.33333333333333,60.8,75.0,83.73333333333333,215.66666666666666,216.6,1640.3333333333333,1584.0,1642.3333333333333,1698.8,54.2,54.3,53.6,51.666666666666664,1,spearhead,0.06899052486864202
131431,9212,http://live.fanfooty.com.au/game/matchcentre.html?id=9212,R1,2025,1017720.0,Jacob,van Rooyen,ME,8.0,29.0,45,35.0,23.0,30.0,2.0,4.0,0.0,2.0,0.0,1.0,0.0,1.0,0.0,Full Time,spearhead,%s from %P and %T... Playing key forward on Taylor,,,476500.0,,363900.0,,Forward,2.0,0.0,0.0,0.0,0.31,0.36,0.59,466000.0,,,4.0,0.0,0.0,83.0,83.0,-10.0,0.0,False,1620,1679,2.0,9212_ME,98.0,0,73.0,0,3.6666666666666665,6.2,3.6666666666666665,4.266666666666667,1.0,4.133333333333334,1.3333333333333333,1.6666666666666667,2.6666666666666665,4.266666666666667,0.6666666666666666,0.8,0.6666666666666666,0.8666666666666667,1.6666666666666667,1.4666666666666666,0.3333333333333333,0.9333333333333333,0.31,0.31,0.36,0.36,0.59,0.59,3.3333333333333335,4.866666666666666,0.3333333333333333,0.8,1.3333333333333333,1.9333333333333333,78.33333333333333,67.53333333333333,78.33333333333333,74.66666666666667,53.333333333333336,157.33333333333334,1640.3333333333333,1612.8666666666666,1642.3333333333333,1669.0666666666666,62.45,65.5,50.4,50.0,1,spearhead,0.07932278099029404
131433,9212,http://live.fanfooty.com.au/game/matchcentre.html?id=9212,R1,2025,295344.0,Toby,Greene,WS,27.0,112.0,124,77.0,90.0,117.0,16.0,7.0,5.0,4.0,0.0,1.0,1.0,3.0,3.0,Full Time,star,His Q4 turned the game... %s from %P and %M plus %T,switch,Starting on a HFF on Howes... switched to mids in Q4,816500.0,0.0,508600.0,,Forward,4.0,7.0,67.43,0.0,0.0,8.12,9.02,799000.0,,,13.0,5.0,4.0,52.0,98.0,472.0,0.0,False,1679,1620,2.0,9212_WS,98.0,1,73.0,1,11.333333333333334,10.466666666666667,4.333333333333333,4.0,2.6666666666666665,3.8,3.0,3.066666666666667,0.0,0.0,1.3333333333333333,1.2666666666666666,0.6666666666666666,1.5333333333333334,2.0,2.066666666666667,2.0,1.6666666666666667,0.0,0.0,8.12,8.12,9.02,9.02,6.666666666666667,6.4,3.0,1.6666666666666667,3.6666666666666665,3.466666666666667,58.666666666666664,63.8,92.0,90.93333333333334,332.0,306.06666666666666,1657.3333333333333,1714.5333333333333,1630.6666666666667,1573.0,78.8,83.3,76.4,78.0,1,star,0.33185154566785363
131434,9212,http://live.fanfooty.com.au/game/matchcentre.html?id=9212,R1,2025,294305.0,Lachie,Whitfield,WS,21.0,111.0,128,67.0,90.0,129.0,19.0,15.0,5.0,4.0,0.0,2.0,3.0,0.0,0.0,Full Time,hot,%P and %M plus %T... not helped by %F,guard,Starting at half back,874100.0,0.0,519000.0,,Midfielder,6.0,21.0,102.43,0.0,0.0,2.21,2.98,855000.0,,,10.0,3.0,6.0,76.0,82.0,455.0,0.0,False,1679,1620,2.0,9212_WS,98.0,1,73.0,1,16.333333333333332,20.333333333333332,9.333333333333334,11.133333333333333,4.666666666666667,7.8,4.666666666666667,3.8,0.0,0.0,1.0,0.8,2.3333333333333335,1.4666666666666666,0.0,0.0,0.0,0.0,0.0,0.0,2.21,2.21,2.98,2.98,6.666666666666667,6.133333333333334,2.3333333333333335,1.4,4.333333333333333,3.8,82.66666666666667,82.6,83.66666666666667,82.8,382.0,496.26666666666665,1657.3333333333333,1714.5333333333333,1630.6666666666667,1573.0,111.95,120.8,115.2,105.66666666666667,1,hot,0.6363908760532611
131435,9212,http://live.fanfooty.com.au/game/matchcentre.html?id=9212,R1,2025,1009528.0,Tom,Green,WS,30.0,104.0,115,71.0,86.0,127.0,14.0,21.0,1.0,4.0,0.0,0.0,2.0,1.0,1.0,Full Time,yinyang,Much better after HT... %P and %T plus %s,shovel,Starting in midfield,1021000.0,,621500.0,,Midfielder,12.0,0.0,0.0,0.0,17.54,23.3,21.03,998000.0,,,11.0,9.0,4.0,65.0,76.0,545.0,0.0,False,1679,1620,2.0,9212_WS,98.0,1,73.0,1,15.666666666666666,14.2,17.666666666666668,18.866666666666667,1.0,3.1333333333333333,3.0,3.466666666666667,0.0,0.0,0.3333333333333333,0.5333333333333333,0.6666666666666666,1.0666666666666667,0.6666666666666666,0.4,0.3333333333333333,0.06666666666666667,17.54,17.54,23.3,23.3,21.03,21.03,17.0,15.133333333333333,9.666666666666666,6.8,4.666666666666667,5.533333333333333,53.333333333333336,62.8,80.0,82.53333333333333,527.0,436.1333333333333,1657.3333333333333,1714.5333333333333,1630.6666666666667,1573.0,107.9,110.3,110.6,104.66666666666667,1,yinyang,0.6977913795006391
131436,9212,http://live.fanfooty.com.au/game/matchcentre.html?id=9212,R1,2025,296347.0,Josh,Kelly,WS,43.0,98.0,90,85.0,67.0,100.0,11.0,12.0,0.0,10.0,0.0,0.0,0.0,0.0,1.0,Full Time,wing,%P and %T plus %s... Playing midfield,,,903500.0,0.0,568000.0,,Midfielder,22.0,14.0,111.36,0.0,0.0,1.85,1.16,884000.0,,,6.0,3.0,3.0,69.0,84.0,412.0,0.0,False,1679,1620,2.0,9212_WS,98.0,0,73.0,1,10.0,12.266666666666667,13.333333333333334,11.2,2.3333333333333335,4.0,5.333333333333333,4.066666666666666,0.0,0.0,0.0,0.26666666666666666,0.3333333333333333,0.6,0.0,0.7333333333333333,0.3333333333333333,0.4,0.0,0.0,1.85,1.85,1.16,1.16,8.333333333333334,7.666666666666667,4.0,3.2666666666666666,3.0,2.2,66.66666666666667,71.93333333333334,84.0,83.66666666666667,324.0,421.8,1657.3333333333333,1670.2666666666667,1630.6666666666667,1615.8666666666666,96.65,88.4,80.6,77.33333333333333,1,wing,0.3424368881427623
131437,9212,http://live.fanfooty.com.au/game/matchcentre.html?id=9212,R1,2025,993107.0,Harry,Himmelberg,WS,15.0,96.0,110,64.0,77.0,99.0,15.0,7.0,9.0,2.0,0.0,2.0,0.0,0.0,0.0,Full Time,job,%P and %M plus %T... In defence on Jefferson,,,667400.0,0.0,450400.0,,,27.0,21.0,57.81,0.0,0.0,2.86,2.07,653000.0,,,4.0,0.0,2.0,77.0,93.0,428.0,0.0,False,1679,1620,2.0,9212_WS,98.0,1,73.0,1,13.333333333333334,13.533333333333333,7.0,7.2,6.666666666666667,6.066666666666666,4.333333333333333,2.6666666666666665,0.0,0.0,1.6666666666666667,0.9333333333333333,0.3333333333333333,0.5333333333333333,0.0,0.0,0.0,0.06666666666666667,0.0,0.0,2.86,2.86,2.07,2.07,5.0,4.466666666666667,1.3333333333333333,0.5333333333333333,2.0,2.2666666666666666,75.66666666666667,81.33333333333333,83.0,83.6,402.6666666666667,398.26666666666665,1657.3333333333333,1714.5333333333333,1630.6666666666667,1573.0,95.2,94.0,93.8,96.66666666666667,1,job,0.3196598993770183
131438,9212,http://live.fanfooty.com.au/game/matchcentre.html?id=9212,R1,2025,1023266.0,Finn,Callaghan,WS,14.0,92.0,104,63.0,74.0,106.0,12.0,19.0,1.0,3.0,0.0,2.0,0.0,0.0,1.0,Full Time,shovel,%P and %T plus %s... Running through midfield,,,699900.0,,408600.0,,Midfielder,17.0,0.0,0.0,0.0,1.59,1.14,1.36,684000.0,,,6.0,3.0,2.0,74.0,78.0,596.0,0.0,False,1679,1620,2.0,9212_WS,98.0,1,73.0,1,10.666666666666666,9.866666666666667,14.333333333333334,14.733333333333333,3.3333333333333335,2.8666666666666667,2.3333333333333335,2.933333333333333,0.0,0.0,0.6666666666666666,0.9333333333333333,1.3333333333333333,0.9333333333333333,0.0,0.06666666666666667,0.6666666666666666,0.4,1.59,1.59,1.14,1.14,1.36,1.36,5.333333333333333,8.066666666666666,2.0,3.7333333333333334,4.0,3.2,70.0,74.93333333333334,77.33333333333333,80.8,442.0,380.1333333333333,1657.3333333333333,1714.5333333333333,1630.6666666666667,1573.0,84.4,85.0,79.4,75.0,1,shovel,0.3071020194519256
131439,9212,http://live.fanfooty.com.au/game/matchcentre.html?id=9212,R1,2025,291969.0,Stephen,Coniglio,WS,16.0,71.0,82,55.0,57.0,72.0,8.0,5.0,2.0,3.0,0.0,1.0,0.0,3.0,0.0,Full Time,wing,%P and %M plus %T... %s as well... Mostly starting as half forward,,,937700.0,0.0,568400.0,,Midfielder,3.0,20.0,108.3,0.0,0.0,0.77,0.84,917000.0,,,4.0,2.0,1.0,84.0,87.0,144.0,0.0,False,1679,1620,2.0,9212_WS,98.0,0,73.0,1,6.0,11.0,3.6666666666666665,9.066666666666666,1.6666666666666667,1.6666666666666667,2.6666666666666665,3.4,0.0,0.0,0.6666666666666666,0.9333333333333333,0.0,1.2,1.0,0.4666666666666667,0.3333333333333333,0.3333333333333333,0.0,0.0,0.77,0.77,0.84,0.84,3.3333333333333335,6.8,1.3333333333333333,3.8666666666666667,1.0,3.6,63.666666666666664,65.06666666666666,61.333333333333336,73.93333333333334,130.66666666666666,294.6666666666667,1657.3333333333333,1699.8,1630.6666666666667,1588.1333333333334,82.55,58.7,53.6,48.666666666666664,1,wing,0.1307728661829478
131440,9212,http://live.fanfooty.com.au/game/matchcentre.html?id=9212,R1,2025,1014038.0,Callum M.,Brown,WS,10.0,66.0,83,58.0,52.0,69.0,6.0,8.0,0.0,5.0,12.0,3.0,1.0,0.0,0.0,Full Time,ruckfwd,%P and %T... umps paid him %4FF... Playing key forward on McDonald with ruck support,,,486800.0,,325500.0,,Back,46.0,0.0,0.0,0.0,0.0,0.08,0.24,477000.0,,,10.0,5.0,3.0,71.0,82.0,139.0,0.0,False,1679,1620,2.0,9212_WS,98.0,0,73.0,1,7.333333333333333,5.533333333333333,4.666666666666667,4.4,2.0,3.066666666666667,3.0,2.1333333333333333,4.666666666666667,0.9333333333333333,1.3333333333333333,0.7333333333333333,0.3333333333333333,0.5333333333333333,0.6666666666666666,1.4666666666666666,0.0,0.6666666666666666,0.0,0.013333333333333334,0.08,0.08,0.24,0.19,6.333333333333333,4.6,2.0,0.6666666666666666,2.0,1.6,85.0,77.26666666666667,79.66666666666667,81.33333333333333,209.33333333333334,159.13333333333333,1682.0,1744.4666666666667,1605.0,1543.1333333333334,64.9,66.2,68.6,72.66666666666667,1,ruckfwd,0.06848849910709275
131441,9212,http://live.fanfooty.com.au/game/matchcentre.html?id=9212,R1,2025,290314.0,Lachlan,Keeffe,WS,22.0,66.0,84,49.0,56.0,80.0,10.0,3.0,1.0,6.0,14.0,1.0,6.0,1.0,0.0,Full Time,x-factor,Kicked the winning goal with a minute to spare... %P including %K... also %T... and scored %s... not helped by %F,ruck,First ruck,297800.0,0.0,208300.0,,Back,25.0,6.0,42.5,0.0,0.0,0.09,0.15,292000.0,,,7.0,4.0,7.0,53.0,79.0,257.0,0.0,False,1679,1620,2.0,9212_WS,98.0,0,73.0,1,6.333333333333333,3.3333333333333335,3.6666666666666665,3.466666666666667,1.6666666666666667,1.5333333333333334,4.0,2.4,13.333333333333334,11.6,1.3333333333333333,0.5333333333333333,2.3333333333333335,1.1333333333333333,0.6666666666666666,0.2,1.0,0.4,0.0,0.0,0.09,0.2219999999999999,0.15,0.11399999999999975,7.0,4.2,2.6666666666666665,1.1333333333333333,3.3333333333333335,2.1333333333333333,53.666666666666664,59.733333333333334,66.33333333333333,65.26666666666667,137.33333333333334,85.66666666666667,1657.3333333333333,1705.7333333333333,1630.6666666666667,1580.9333333333334,46.3,55.1,65.4,74.0,1,x-factor,0.05675737411293424
131442,9212,http://live.fanfooty.com.au/game/matchcentre.html?id=9212,R1,2025,1004530.0,Jacob,Wehr,WS,18.0,63.0,64,45.0,50.0,70.0,9.0,7.0,1.0,4.0,0.0,2.0,2.0,1.0,1.0,Full Time,wing,%P and %T plus %s... Starting on a wing on Langdon,,,212300.0,,123900.0,,Midfielder,10.0,0.0,0.0,0.0,1.11,4.06,0.11,436000.0,,,5.0,3.0,4.0,75.0,81.0,300.0,1.0,False,1679,1620,2.0,9212_WS,98.0,0,73.0,0,8.333333333333334,7.666666666666667,5.666666666666667,5.133333333333334,2.0,3.066666666666667,3.3333333333333335,2.2,0.0,0.0,2.3333333333333335,0.8666666666666667,0.6666666666666666,0.6,0.3333333333333333,0.06666666666666667,0.3333333333333333,0.2,1.11,0.8960000000000001,4.06,3.2599999999999993,0.11,0.10400000000000001,4.666666666666667,3.8666666666666667,2.0,0.9333333333333333,3.3333333333333335,2.2666666666666666,73.33333333333333,73.66666666666667,79.66666666666667,79.13333333333334,303.0,246.8,1622.0,1680.9333333333334,1669.0,1603.8666666666666,54.05,57.9,55.8,56.666666666666664,1,wing,0.052791988571020555
131443,9212,http://live.fanfooty.com.au/game/matchcentre.html?id=9212,R1,2025,1009253.0,Lachie,Ash,WS,12.0,63.0,80,39.0,55.0,75.0,10.0,9.0,6.0,0.0,0.0,0.0,1.0,0.0,0.0,Full Time,guard,%P and %M... Roaming from half back,,,778400.0,,468500.0,,,7.0,0.0,0.0,0.0,0.66,0.5,0.59,761000.0,,,6.0,2.0,1.0,89.0,82.0,145.0,0.0,False,1679,1620,2.0,9212_WS,98.0,0,73.0,1,9.666666666666666,13.333333333333334,7.333333333333333,7.266666666666667,4.0,5.4,1.6666666666666667,1.6666666666666667,0.0,0.0,0.3333333333333333,0.3333333333333333,0.6666666666666666,0.4666666666666667,0.3333333333333333,0.06666666666666667,0.0,0.0,0.66,0.66,0.5,0.5,0.59,0.59,5.0,4.6,1.0,0.8666666666666667,1.6666666666666667,2.1333333333333333,75.33333333333333,80.4,78.0,78.4,241.0,355.26666666666665,1657.3333333333333,1693.8666666666666,1630.6666666666667,1591.7333333333333,85.7,83.8,84.2,71.33333333333333,1,guard,0.20430636964858803
131444,9212,http://live.fanfooty.com.au/game/matchcentre.html?id=9212,R1,2025,1008139.0,Toby,Bedford,WS,19.0,56.0,62,63.0,36.0,54.0,4.0,4.0,1.0,9.0,0.0,0.0,1.0,0.0,0.0,Full Time,switch,%P and %T... Tagging Petracca until Q4 when shifted forward,,,587800.0,,335000.0,,Forward,14.0,0.0,0.0,0.0,0.09,0.15,0.36,575000.0,,,5.0,2.0,1.0,50.0,89.0,160.0,0.0,False,1679,1620,2.0,9212_WS,98.0,0,73.0,0,4.0,5.0,6.333333333333333,8.266666666666667,1.3333333333333333,1.4666666666666666,9.666666666666666,7.733333333333333,0.0,0.0,0.3333333333333333,0.6666666666666666,2.0,1.2666666666666666,0.0,0.3333333333333333,0.3333333333333333,0.26666666666666666,0.09,0.09,0.15,0.15,0.36,0.36,5.0,4.466666666666667,2.6666666666666665,1.8666666666666667,2.6666666666666665,2.6,66.33333333333333,75.4,88.66666666666667,86.53333333333333,135.66666666666666,187.4,1722.3333333333333,1715.8,1572.0,1573.2,65.0,68.7,59.6,68.33333333333333,1,switch,0.06407352538312687
131445,9212,http://live.fanfooty.com.au/game/matchcentre.html?id=9212,R1,2025,1006135.0,Xavier,O'Halloran,WS,8.0,55.0,38,28.0,42.0,61.0,11.0,5.0,2.0,2.0,0.0,0.0,1.0,0.0,1.0,Full Time,wing,%P and %M plus %T... %s as well... Rotating at half forward,,,562200.0,,335800.0,,Midfielder,33.0,0.0,0.0,0.0,0.04,0.05,0.09,550000.0,,,5.0,0.0,6.0,31.0,78.0,283.0,0.0,False,1679,1620,2.0,9212_WS,98.0,0,73.0,0,8.0,7.0,2.6666666666666665,3.466666666666667,2.3333333333333335,2.2666666666666666,1.6666666666666667,2.466666666666667,0.0,0.0,0.3333333333333333,0.5333333333333333,0.6666666666666666,0.9333333333333333,0.3333333333333333,0.4666666666666667,0.6666666666666666,0.5333333333333333,0.04,0.04,0.05,0.05,0.09,0.09,3.3333333333333335,4.0,0.3333333333333333,0.5333333333333333,3.0,2.3333333333333335,55.666666666666664,63.53333333333333,53.666666666666664,68.86666666666666,225.66666666666666,235.8,1657.3333333333333,1690.2,1630.6666666666667,1594.8,51.0,43.8,38.6,44.0,1,wing,0.04387525610701126
131446,9212,http://live.fanfooty.com.au/game/matchcentre.html?id=9212,R1,2025,1009708.0,Jack,Buckley,WS,5.0,48.0,77,40.0,38.0,51.0,6.0,4.0,4.0,3.0,0.0,1.0,1.0,0.0,0.0,Full Time,job,%P and %M plus %T... At FB on Fritsch,,,527700.0,0.0,440300.0,,Back,44.0,0.0,0.0,0.0,0.0,0.1,0.19,516000.0,,,7.0,2.0,3.0,90.0,92.0,101.0,0.0,False,1679,1620,2.0,9212_WS,98.0,0,73.0,1,7.333333333333333,7.933333333333334,5.333333333333333,5.2,4.666666666666667,5.266666666666667,2.6666666666666665,2.1333333333333333,0.0,0.0,1.0,0.8,0.6666666666666666,0.8,0.0,0.0,0.0,0.0,0.0,0.0,0.1,0.1,0.19,0.19,7.666666666666667,5.266666666666667,0.6666666666666666,0.2,2.3333333333333335,1.8,77.0,79.73333333333333,93.33333333333333,94.53333333333333,165.0,212.13333333333333,1657.3333333333333,1716.3333333333333,1630.6666666666667,1570.9333333333334,76.7,78.6,70.8,73.0,1,job,0.13336483914221153
131447,9212,http://live.fanfooty.com.au/game/matchcentre.html?id=9212,R1,2025,1005247.0,Sam,Taylor,WS,8.0,47.0,63,27.0,41.0,57.0,8.0,7.0,4.0,0.0,0.0,0.0,1.0,0.0,0.0,Full Time,roo,%M and %P... Standing van Rooyen,,,516200.0,0.0,468000.0,,Back,15.0,8.0,38.38,0.0,0.0,0.58,0.81,505000.0,,,4.0,0.0,2.0,73.0,97.0,281.0,0.0,False,1679,1620,2.0,9212_WS,98.0,0,73.0,0,6.0,5.6,7.0,6.266666666666667,4.333333333333333,4.2,1.0,1.8,0.0,0.0,0.3333333333333333,0.8666666666666667,1.6666666666666667,0.6666666666666666,0.0,0.0,0.0,0.0,0.0,0.0,0.58,0.58,0.81,0.81,5.333333333333333,5.666666666666667,0.0,0.06666666666666667,3.3333333333333335,2.3333333333333335,82.33333333333333,78.0,99.0,92.8,194.33333333333334,117.8,1657.3333333333333,1680.5333333333333,1630.6666666666667,1609.4666666666667,73.0,63.6,75.4,68.66666666666667,1,roo,0.17668870494208722
131448,9212,http://live.fanfooty.com.au/game/matchcentre.html?id=9212,R1,2025,1008083.0,Connor,Idun,WS,4.0,47.0,70,32.0,38.0,51.0,7.0,5.0,4.0,1.0,0.0,0.0,0.0,0.0,0.0,Full Time,guard,%M and %P... In defence,,,617900.0,,453900.0,,Back,39.0,0.0,0.0,0.0,0.31,0.25,0.34,605000.0,,,5.0,1.0,1.0,75.0,81.0,184.0,0.0,False,1679,1620,2.0,9212_WS,98.0,0,73.0,0,7.0,9.2,8.0,10.266666666666667,5.666666666666667,7.133333333333334,2.6666666666666665,1.5333333333333334,0.0,0.0,0.0,0.26666666666666666,0.0,0.26666666666666666,0.0,0.0,0.0,0.0,0.31,0.31,0.25,0.25,0.34,0.34,6.333333333333333,5.866666666666666,0.6666666666666666,0.3333333333333333,1.0,1.2,79.33333333333333,85.26666666666667,88.33333333333333,91.13333333333334,238.33333333333334,259.2,1657.3333333333333,1714.5333333333333,1630.6666666666667,1573.0,85.8,87.4,79.0,83.66666666666667,1,guard,0.1888709386281449
131449,9212,http://live.fanfooty.com.au/game/matchcentre.html?id=9212,R1,2025,280109.0,Callan,Ward,WS,7.0,46.0,60,32.0,40.0,57.0,6.0,10.0,2.0,1.0,0.0,1.0,1.0,0.0,0.0,Full Time,wing,%P and %M... Starting on a wing on Lindsay,,,663200.0,0.0,418900.0,,Midfielder,8.0,21.0,96.86,0.0,0.0,0.1,0.2,649000.0,,,6.0,1.0,1.0,81.0,81.0,225.0,0.0,False,1679,1620,2.0,9212_WS,98.0,0,73.0,0,8.333333333333334,9.866666666666667,10.666666666666666,8.933333333333334,5.0,4.8,2.0,1.8666666666666667,0.0,0.0,0.3333333333333333,0.7333333333333333,0.3333333333333333,0.4666666666666667,0.6666666666666666,0.8666666666666667,0.0,0.13333333333333333,0.0,0.0,0.1,0.1,0.2,0.2,7.333333333333333,6.2,2.3333333333333335,2.1333333333333333,1.3333333333333333,1.8666666666666667,84.0,78.26666666666667,84.66666666666667,82.4,239.33333333333334,248.13333333333333,1657.3333333333333,1714.5333333333333,1630.6666666666667,1573.0,81.1,76.3,79.4,87.66666666666667,1,wing,0.17077562869053114
131450,9212,http://live.fanfooty.com.au/game/matchcentre.html?id=9212,R1,2025,1019038.0,Aaron,Cadman,WS,10.0,45.0,60,36.0,42.0,54.0,5.0,4.0,4.0,1.0,0.0,0.0,2.0,2.0,0.0,Full Time,spearhead,%s from %P and %M... In attack on Petty,,,226100.0,,127600.0,,Forward,5.0,0.0,0.0,0.0,8.37,17.1,8.95,221000.0,,,4.0,0.0,3.0,77.0,83.0,116.0,0.0,False,1679,1620,2.0,9212_WS,98.0,0,73.0,0,6.0,4.733333333333333,3.0,2.533333333333333,3.6666666666666665,2.533333333333333,3.6666666666666665,2.6,0.0,0.3333333333333333,1.6666666666666667,0.6,1.0,0.8,2.0,1.2666666666666666,0.0,0.4,8.37,8.37,17.1,17.1,8.95,8.95,4.333333333333333,2.8666666666666667,0.0,0.0,1.6666666666666667,2.0,69.0,62.666666666666664,75.33333333333333,66.66666666666667,184.0,138.86666666666667,1657.3333333333333,1716.8,1630.6666666666667,1571.2666666666667,46.6,53.2,58.4,65.66666666666667,1,spearhead,0.04039546882473852
131453,9212,http://live.fanfooty.com.au/game/matchcentre.html?id=9212,R1,2025,1002251.0,Brent,Daniels,WS,1.0,27.0,28,21.0,22.0,30.0,3.0,5.0,1.0,1.0,0.0,1.0,0.0,0.0,0.0,Full Time,injured,Left hip knock in a clash with McDonald in Q2... lined up for Q3 but could not run and quickley subbed off for Gruzewski... %P,subbed,Starting forward,647700.0,0.0,419500.0,,Forward,16.0,7.0,41.86,0.0,0.0,0.12,0.18,634000.0,,,3.0,2.0,1.0,87.0,33.0,107.0,1.0,True,1679,1620,2.0,9212_WS,98.0,0,73.0,0,8.0,10.666666666666666,4.666666666666667,8.0,0.6666666666666666,3.0,3.3333333333333335,5.133333333333334,0.0,0.0,0.3333333333333333,0.9333333333333333,0.3333333333333333,0.6666666666666666,0.0,0.8666666666666667,0.3333333333333333,0.6,0.0,0.0,0.12,0.12,0.18,0.18,5.0,7.6,3.0,3.066666666666667,2.6666666666666665,3.6,69.0,68.93333333333334,68.0,80.53333333333333,227.0,337.2,1657.3333333333333,1714.7333333333333,1630.6666666666667,1572.0,82.2,93.9,91.0,55.666666666666664,1,injured,0.19457420458015484
131455,9213,http://live.fanfooty.com.au/game/matchcentre.html?id=9213,R1,2025,990827.0,Jack,Graham,WC,44.0,97.0,107,131.0,72.0,108.0,11.0,12.0,3.0,10.0,0.0,0.0,3.0,0.0,0.0,Full Time,atlas,%P and %M plus %T... gave away %F,shovel,On ball,562500.0,0.0,370800.0,,Midfielder,17.0,15.0,62.67,0.0,0.0,0.2,0.16,551000.0,,,5.0,2.0,3.0,87.0,81.0,401.0,0.0,False,1915,1367,2.0,9213_WC,98.0,1,73.0,1,8.666666666666666,7.533333333333333,10.333333333333334,10.2,3.3333333333333335,2.2,5.0,4.733333333333333,0.0,0.0,0.3333333333333333,0.4,1.6666666666666667,1.0666666666666667,0.6666666666666666,0.13333333333333333,0.0,0.13333333333333333,0.0,0.0,0.2,0.2,0.16,0.16,5.333333333333333,6.4,2.3333333333333335,2.533333333333333,3.6666666666666665,2.2666666666666666,75.33333333333333,72.86666666666666,77.0,71.8,302.6666666666667,222.46666666666667,1437.3333333333333,1488.7333333333333,1808.0,1787.3333333333333,69.5,74.0,77.6,77.66666666666667,1,atlas,0.2779572156109854
131456,9213,http://live.fanfooty.com.au/game/matchcentre.html?id=9213,R1,2025,993820.0,Tom,Cole,WC,19.0,89.0,97,115.0,71.0,93.0,10.0,9.0,8.0,4.0,0.0,1.0,0.0,0.0,0.0,Full Time,guard,%P and %M plus %T... Starting in defence,,,608300.0,,362800.0,,Back,28.0,0.0,0.0,0.0,0.0,0.03,0.1,595000.0,,,5.0,1.0,1.0,73.0,79.0,311.0,0.0,False,1915,1367,2.0,9213_WC,98.0,0,73.0,1,9.0,9.4,5.666666666666667,5.866666666666666,5.333333333333333,4.333333333333333,3.6666666666666665,2.933333333333333,0.0,0.0,0.6666666666666666,0.7333333333333333,0.3333333333333333,0.7333333333333333,0.0,0.0,0.0,0.0,0.0,0.0,0.03,0.03,0.1,0.1,4.666666666666667,4.666666666666667,0.3333333333333333,0.6666666666666666,1.0,2.2666666666666666,82.66666666666667,82.0,80.66666666666667,81.4,295.3333333333333,209.4,1356.0,1475.2666666666667,1879.0,1803.4,70.4,71.3,69.2,71.0,1,guard,0.14122851819465565
131457,9213,http://live.fanfooty.com.au/game/matchcentre.html?id=9213,R1,2025,993902.0,Matt,Flynn,WC,13.0,73.0,87,90.0,62.0,79.0,7.0,6.0,4.0,3.0,13.0,0.0,1.0,1.0,0.0,Full Time,sergeant,In ruck... %P and %M plus %T... %s as well,switch,Shifted forward in Q3 onto Collins,680900.0,0.0,491800.0,,,25.0,0.0,0.0,0.0,0.0,1.68,1.81,646000.0,,,8.0,4.0,1.0,69.0,85.0,141.0,0.0,False,1915,1367,2.0,9213_WC,98.0,0,73.0,1,3.3333333333333335,4.666666666666667,5.333333333333333,5.866666666666666,2.0,1.9333333333333333,3.3333333333333335,3.066666666666667,16.666666666666668,26.066666666666666,0.6666666666666666,1.0666666666666667,1.0,1.3333333333333333,0.3333333333333333,0.2,0.0,0.2,0.0,0.010666666666666666,1.68,0.608,1.81,0.7173333333333333,5.333333333333333,6.533333333333333,2.0,3.0,1.3333333333333333,2.2666666666666666,74.33333333333333,72.0,62.333333333333336,73.46666666666667,100.0,113.53333333333333,1394.3333333333333,1566.7333333333333,1895.0,1719.7333333333333,81.95,74.3,66.0,63.0,1,sergeant,0.00019295737755922125
131459,9213,http://live.fanfooty.com.au/game/matchcentre.html?id=9213,R1,2025,298268.0,Liam,Duggan,WC,10.0,71.0,70,92.0,58.0,81.0,11.0,9.0,4.0,3.0,0.0,2.0,2.0,0.0,0.0,Full Time,sore,Left ankle restrapped after a knock in Q4... %P and %M plus %T,quarterback,Mostly on ball but skulking behind the play a lot,888500.0,,503500.0,,Back,14.0,0.0,0.0,0.0,2.61,0.65,4.41,869000.0,,,6.0,3.0,5.0,70.0,67.0,236.0,1.0,True,1915,1367,2.0,9213_WC,98.0,0,73.0,0,11.666666666666666,15.2,5.666666666666667,5.2,4.333333333333333,5.933333333333334,3.0,2.8666666666666667,0.0,0.0,1.0,0.5333333333333333,2.0,0.8666666666666667,0.0,0.06666666666666667,0.6666666666666666,0.2,2.61,2.61,0.65,0.65,4.41,4.41,4.0,4.2,1.6666666666666667,1.6666666666666667,4.333333333333333,3.0,71.66666666666667,68.93333333333334,72.0,79.93333333333334,329.6666666666667,472.2,1356.0,1475.0,1879.0,1803.6666666666667,85.95,73.9,68.0,64.0,1,sore,0.28320516209469926
131460,9213,http://live.fanfooty.com.au/game/matchcentre.html?id=9213,R1,2025,1023025.0,Reuben,Ginbey,WC,13.0,68.0,82,89.0,50.0,69.0,10.0,6.0,3.0,4.0,0.0,1.0,0.0,0.0,0.0,Full Time,guard,%P and %M plus %T... Starting at half back,,,534700.0,,354700.0,,Back,7.0,0.0,0.0,0.0,2.52,1.85,4.98,523000.0,,,4.0,1.0,1.0,81.0,93.0,344.0,0.0,False,1915,1367,2.0,9213_WC,98.0,0,73.0,1,7.0,7.733333333333333,6.333333333333333,8.066666666666666,1.6666666666666667,2.6666666666666665,1.6666666666666667,3.466666666666667,0.0,0.0,0.6666666666666666,0.6666666666666666,0.3333333333333333,0.5333333333333333,0.0,0.06666666666666667,0.0,0.0,2.52,2.52,1.85,1.85,4.98,4.98,4.666666666666667,6.466666666666667,0.6666666666666666,1.9333333333333333,2.3333333333333335,1.7333333333333334,75.66666666666667,76.8,91.66666666666667,86.0,241.0,235.73333333333332,1356.0,1475.2666666666667,1879.0,1803.4,71.4,71.7,69.8,55.333333333333336,1,guard,0.1329639787114236
131461,9213,http://live.fanfooty.com.au/game/matchcentre.html?id=9213,R1,2025,295898.0,Tim,Kelly,WC,15.0,63.0,56,84.0,46.0,67.0,7.0,7.0,2.0,6.0,0.0,0.0,1.0,0.0,1.0,Full Time,empty,%2 Miller and did not look right all game... %P and %M plus %T... %s as well,shovel,Playing midfield,911200.0,0.0,574100.0,,Midfielder,11.0,21.0,86.0,0.0,0.0,0.46,0.95,891000.0,,,6.0,4.0,4.0,50.0,74.0,232.0,0.0,False,1915,1367,2.0,9213_WC,98.0,0,73.0,0,10.333333333333334,11.866666666666667,10.666666666666666,11.8,3.3333333333333335,2.7333333333333334,4.333333333333333,4.4,0.0,0.0,0.6666666666666666,1.0,1.6666666666666667,1.6,0.0,0.13333333333333333,0.3333333333333333,0.4666666666666667,0.0,0.0,0.46,0.46,0.95,0.95,10.333333333333334,11.4,4.0,5.4,4.666666666666667,4.2,58.666666666666664,66.73333333333333,76.66666666666667,81.0,317.6666666666667,351.1333333333333,1356.0,1462.6,1879.0,1814.2666666666667,94.1,91.0,82.4,75.33333333333333,1,empty,0.3524557025845721
131462,9213,http://live.fanfooty.com.au/game/matchcentre.html?id=9213,R1,2025,1000223.0,Liam,Baker,WC,8.0,61.0,102,80.0,51.0,76.0,14.0,7.0,3.0,1.0,0.0,0.0,3.0,0.0,1.0,Full Time,guard,%P and %M plus %s... gave away %F... Starting at half back,,,644400.0,0.0,445600.0,,Back,3.0,3.0,38.0,0.0,0.0,1.32,2.21,630000.0,,,9.0,2.0,3.0,71.0,82.0,534.0,0.0,False,1915,1367,2.0,9213_WC,98.0,1,73.0,1,11.666666666666666,11.266666666666667,7.666666666666667,8.8,3.3333333333333335,3.0,3.0,3.7333333333333334,0.0,0.0,0.3333333333333333,0.8666666666666667,3.0,1.7333333333333334,1.0,0.5333333333333333,1.3333333333333333,0.8,0.0,0.0,1.32,1.32,2.21,2.21,8.333333333333334,8.8,2.0,3.2,3.3333333333333335,4.266666666666667,70.66666666666667,64.8,82.33333333333333,81.53333333333333,373.6666666666667,294.2,1440.3333333333333,1503.6,1800.0,1773.1333333333334,81.45,82.7,95.2,97.0,1,guard,0.25654925914778054
131463,9213,http://live.fanfooty.com.au/game/matchcentre.html?id=9213,R1,2025,294859.0,Jeremy,McGovern,WC,7.0,61.0,86,80.0,45.0,66.0,14.0,5.0,1.0,2.0,0.0,1.0,1.0,0.0,0.0,Full Time,job,%P including %K... also %T... Holding down CHB on Read,,,649100.0,,470700.0,,Back,20.0,0.0,0.0,0.0,0.35,0.34,0.44,616000.0,,,3.0,0.0,3.0,73.0,87.0,426.0,0.0,False,1915,1367,2.0,9213_WC,98.0,0,73.0,1,15.0,14.8,6.0,5.266666666666667,3.6666666666666665,5.4,2.6666666666666665,1.4,0.0,0.13333333333333333,0.6666666666666666,0.8666666666666667,0.3333333333333333,0.5333333333333333,0.0,0.06666666666666667,0.0,0.13333333333333333,0.35,0.35,0.34,0.34,0.44,0.44,6.0,6.066666666666666,0.0,0.26666666666666666,2.0,1.9333333333333333,76.66666666666667,83.8,88.66666666666667,84.33333333333333,477.6666666666667,477.8,1431.3333333333333,1497.3333333333333,1848.3333333333333,1790.2,109.05,110.2,111.2,111.0,1,job,0.5490153751103806
131464,9213,http://live.fanfooty.com.au/game/matchcentre.html?id=9213,R1,2025,1023167.0,Brady,Hough,WC,9.0,60.0,75,76.0,48.0,66.0,8.0,8.0,4.0,2.0,0.0,0.0,0.0,0.0,0.0,Full Time,job,%P and %M plus %T... Responsible for Long,,,567300.0,,350600.0,,Back,19.0,0.0,0.0,0.0,0.44,0.14,0.6,555000.0,,,6.0,1.0,3.0,68.0,88.0,242.0,1.0,False,1915,1367,2.0,9213_WC,98.0,0,73.0,1,7.666666666666667,8.4,6.0,6.4,5.0,5.133333333333334,3.6666666666666665,2.466666666666667,0.0,0.0,0.3333333333333333,0.3333333333333333,0.3333333333333333,0.3333333333333333,0.0,0.0,0.0,0.06666666666666667,0.44,0.44,0.14,0.14,0.6,0.6,4.333333333333333,4.466666666666667,0.6666666666666666,0.4666666666666667,3.0,1.5333333333333334,70.33333333333333,77.66666666666667,89.0,86.8,216.0,218.26666666666668,1431.3333333333333,1482.6666666666667,1848.3333333333333,1805.7333333333333,66.85,70.8,65.6,65.33333333333333,1,job,0.10151008288053401
131465,9213,http://live.fanfooty.com.au/game/matchcentre.html?id=9213,R1,2025,1004385.0,Oscar,Allen,WC,11.0,59.0,63,76.0,49.0,60.0,6.0,2.0,5.0,3.0,0.0,1.0,1.0,2.0,0.0,Full Time,spearhead,%s from %P and %M plus %T... At FF on Ballard then got Uwland in Q3,,,591500.0,,388500.0,,Forward,12.0,0.0,0.0,0.0,1.11,1.2,1.87,579000.0,,,4.0,0.0,3.0,62.0,93.0,164.0,0.0,False,1915,1367,2.0,9213_WC,98.0,0,73.0,0,5.0,7.4,2.0,2.7333333333333334,3.3333333333333335,4.933333333333334,1.3333333333333333,1.5333333333333334,0.0,0.0,1.0,0.5333333333333333,0.3333333333333333,0.5333333333333333,1.0,2.0,0.6666666666666666,1.4666666666666666,1.11,3.372,1.2,4.54,1.87,2.7720000000000002,4.0,4.266666666666667,0.3333333333333333,0.13333333333333333,1.0,1.6,63.0,62.13333333333333,87.0,87.46666666666667,138.33333333333334,163.46666666666667,1356.0,1466.8666666666666,1879.0,1804.8666666666666,61.15,56.3,67.0,43.666666666666664,1,spearhead,0.09600174442770407
131466,9213,http://live.fanfooty.com.au/game/matchcentre.html?id=9213,R1,2025,1013973.0,Matthew,Owies,WC,11.0,57.0,52,73.0,48.0,63.0,5.0,6.0,5.0,3.0,0.0,0.0,1.0,1.0,0.0,Full Time,wing,%s from %P and %M plus %T... Playing small forward,,,466600.0,,303900.0,,Forward,16.0,0.0,0.0,0.0,0.13,0.04,0.11,457000.0,,,1.0,0.0,3.0,63.0,84.0,210.0,0.0,False,1915,1367,2.0,9213_WC,98.0,0,73.0,0,6.0,6.333333333333333,5.0,3.2,3.3333333333333335,3.4,2.3333333333333335,2.6,0.0,0.0,0.3333333333333333,0.4,0.6666666666666666,0.6666666666666666,1.6666666666666667,1.5333333333333334,0.0,0.4666666666666667,0.13,0.13,0.04,0.04,0.11,0.11,5.0,3.466666666666667,0.0,0.06666666666666667,3.0,1.6666666666666667,57.0,64.6,78.33333333333333,77.0,194.33333333333334,182.33333333333334,1642.0,1671.7333333333333,1626.6666666666667,1611.6666666666667,56.05,58.0,54.0,59.0,1,wing,0.053439738815229794
131467,9213,http://live.fanfooty.com.au/game/matchcentre.html?id=9213,R1,2025,290826.0,Jamie,Cripps,WC,4.0,51.0,55,66.0,40.0,54.0,11.0,3.0,4.0,0.0,0.0,0.0,0.0,0.0,0.0,Full Time,wing,%P including %K... also %M... Starting at half forward,,,640600.0,,386600.0,,Forward,15.0,0.0,0.0,0.0,0.09,0.07,0.14,626000.0,,,3.0,0.0,2.0,64.0,90.0,458.0,0.0,False,1915,1367,2.0,9213_WC,98.0,0,73.0,0,9.333333333333334,9.266666666666667,3.0,5.133333333333334,3.0,4.266666666666667,4.0,3.2666666666666666,0.0,0.0,0.0,0.4666666666666667,0.6666666666666666,0.5333333333333333,1.0,1.1333333333333333,0.3333333333333333,1.1333333333333333,0.09,0.09,0.07,0.07,0.14,0.14,3.3333333333333335,4.8,0.0,0.8666666666666667,2.3333333333333335,2.6666666666666665,62.333333333333336,57.13333333333333,90.0,88.53333333333333,358.6666666666667,301.8666666666667,1356.0,1475.2666666666667,1879.0,1803.4,73.6,63.6,73.8,66.0,1,wing,0.1583522995460991
131470,9213,http://live.fanfooty.com.au/game/matchcentre.html?id=9213,R1,2025,1023492.0,Harley,Reid,WC,8.0,44.0,44,53.0,36.0,49.0,6.0,6.0,1.0,1.0,0.0,0.0,0.0,1.0,1.0,Full Time,mare,Lots of chats but few stats... %P and %s,shovel,On ball,304800.0,,207300.0,,Midfielder,9.0,0.0,0.0,0.0,67.94,75.17,66.61,300000.0,,,4.0,1.0,2.0,66.0,78.0,257.0,0.0,False,1915,1367,2.0,9213_WC,98.0,0,73.0,0,9.333333333333334,8.933333333333334,8.333333333333334,9.266666666666667,2.6666666666666665,2.1333333333333333,4.0,4.2,0.0,0.0,0.6666666666666666,1.8,1.3333333333333333,2.533333333333333,1.0,0.4,1.3333333333333333,0.5333333333333333,67.94,67.94,75.17,75.17,66.61,66.61,9.0,9.666666666666666,3.3333333333333335,4.6,4.0,5.066666666666666,60.666666666666664,69.06666666666666,82.0,83.66666666666667,305.3333333333333,290.26666666666665,1356.0,1470.4666666666667,1879.0,1807.3333333333333,78.85,71.4,66.6,73.0,1,mare,0.3072019460359511
131471,9213,http://live.fanfooty.com.au/game/matchcentre.html?id=9213,R1,2025,1013511.0,Tyler,Brockman,WC,7.0,43.0,45,53.0,38.0,58.0,3.0,12.0,1.0,3.0,0.0,0.0,2.0,0.0,1.0,Full Time,pocket,%s from %P and %T... Rotating forward,,,475000.0,,305100.0,,Forward,10.0,0.0,0.0,0.0,0.35,0.15,0.42,465000.0,,,7.0,2.0,5.0,66.0,84.0,111.0,0.0,False,1915,1367,2.0,9213_WC,98.0,0,73.0,0,2.3333333333333335,4.133333333333334,5.666666666666667,5.2,0.6666666666666666,2.066666666666667,1.3333333333333333,2.7333333333333334,0.0,0.0,0.3333333333333333,0.6,0.6666666666666666,0.6,0.3333333333333333,0.26666666666666666,0.3333333333333333,0.4666666666666667,0.35,0.4753333333333333,0.15,0.286,0.42,0.43599999999999994,4.666666666666667,4.133333333333334,1.0,0.8,2.0,2.0,60.333333333333336,67.46666666666667,51.333333333333336,66.33333333333333,77.33333333333333,135.06666666666666,1453.3333333333333,1509.0,1834.6666666666667,1778.1333333333334,48.3,42.6,38.6,32.333333333333336,1,pocket,0.035246087271844
131472,9213,http://live.fanfooty.com.au/game/matchcentre.html?id=9213,R1,2025,996554.0,Jake,Waterman,WC,9.0,33.0,38,38.0,31.0,36.0,2.0,3.0,3.0,0.0,0.0,0.0,0.0,2.0,0.0,Full Time,injured,Carried a calf problem into the game and was subbed off in Q3 with a fresh injury for Maric... Booted %s from %G and %P,subbed,Starting forward on Collins,683800.0,,361200.0,,Forward,2.0,0.0,0.0,0.0,0.18,0.03,0.17,669000.0,,,0.0,0.0,0.0,80.0,58.0,107.0,1.0,True,1915,1367,2.0,9213_WC,98.0,0,73.0,0,6.0,8.6,3.0,2.933333333333333,5.0,6.4,0.6666666666666666,0.9333333333333333,0.0,0.0,0.3333333333333333,0.4666666666666667,0.0,0.2,2.0,2.533333333333333,0.6666666666666666,0.9333333333333333,0.18,0.18,0.03,0.03,0.17,0.17,2.3333333333333335,3.533333333333333,0.0,0.06666666666666667,0.3333333333333333,1.1333333333333333,68.33333333333333,71.6,78.33333333333333,89.6,200.33333333333334,206.66666666666666,1356.0,1474.4,1879.0,1803.9333333333334,81.35,63.9,62.4,58.666666666666664,1,injured,0.20710167609217525
131474,9213,http://live.fanfooty.com.au/game/matchcentre.html?id=9213,R1,2025,1029416.0,Ryan,Maric,WC,2.0,31.0,33,40.0,22.0,33.0,5.0,4.0,0.0,2.0,0.0,0.0,0.0,0.0,0.0,Full Time,spearhead,On in Q3 for Waterman... %P and %T,sub,Started as the sub,455000.0,,306300.0,,Forward,23.0,0.0,0.0,0.0,0.04,0.05,0.15,445000.0,,,5.0,0.0,1.0,88.0,33.0,100.0,0.0,False,1915,1367,2.0,9213_WC,98.0,0,73.0,0,7.0,6.133333333333334,4.666666666666667,4.4,3.0,3.2,1.6666666666666667,1.2666666666666666,0.0,0.0,0.0,0.26666666666666666,0.3333333333333333,0.5333333333333333,0.0,0.3333333333333333,0.0,0.26666666666666666,0.04,0.04,0.05,0.05,0.15,0.15,5.0,3.6666666666666665,2.0,0.8666666666666667,1.3333333333333333,1.6,72.0,68.6,47.333333333333336,65.33333333333333,151.33333333333334,164.66666666666666,1381.0,1474.0666666666666,1851.6666666666667,1803.5333333333333,41.1,43.5,43.2,41.333333333333336,1,spearhead,0.040035190492830296
131475,9213,http://live.fanfooty.com.au/game/matchcentre.html?id=9213,R1,2025,994385.0,Jayden,Hunt,WC,1.0,26.0,32,32.0,21.0,30.0,3.0,5.0,1.0,1.0,0.0,0.0,0.0,0.0,0.0,Full Time,wing,%P... Starting on a wing on Clohesy,,,707400.0,0.0,426900.0,,Back,5.0,6.0,46.83,0.0,0.0,0.07,0.41,692000.0,,,4.0,3.0,2.0,75.0,82.0,60.0,0.0,False,1915,1367,2.0,9213_WC,98.0,0,73.0,0,9.666666666666666,10.0,6.0,5.6,3.0,3.8,1.6666666666666667,1.6666666666666667,0.0,0.0,0.0,0.4666666666666667,0.6666666666666666,0.5333333333333333,0.0,0.06666666666666667,0.0,0.13333333333333333,0.0,0.0,0.07,0.07,0.41,0.41,6.0,5.266666666666667,3.3333333333333335,2.1333333333333333,2.6666666666666665,2.2666666666666666,76.0,72.33333333333333,85.0,84.0,322.0,306.93333333333334,1356.0,1459.1333333333334,1879.0,1817.7333333333333,63.6,72.7,55.6,60.333333333333336,1,wing,0.09948259713699978
131476,9213,http://live.fanfooty.com.au/game/matchcentre.html?id=9213,R1,2025,1011437.0,Harry,Edwards,WC,1.0,20.0,46,27.0,14.0,18.0,2.0,1.0,1.0,2.0,0.0,1.0,0.0,0.0,0.0,Full Time,job,%P and %T... In defence on King,,,247300.0,,196700.0,,Back,42.0,0.0,0.0,0.0,0.13,0.11,0.14,318000.0,,,3.0,0.0,0.0,66.0,85.0,90.0,0.0,False,1915,1367,2.0,9213_WC,98.0,0,73.0,0,5.0,6.066666666666666,1.3333333333333333,2.2666666666666666,4.0,4.4,0.6666666666666666,1.2666666666666666,0.0,0.0,1.0,0.5333333333333333,0.3333333333333333,0.6,0.0,0.0,0.0,0.0,0.13,0.09733333333333333,0.11,0.07866666666666666,0.14,0.09866666666666668,2.3333333333333335,3.6666666666666665,0.0,0.0,1.6666666666666667,1.7333333333333334,81.0,81.33333333333333,89.66666666666667,81.8,149.66666666666666,144.4,1356.0,1496.2,1879.0,1779.6,55.35,54.9,44.0,47.333333333333336,1,job,0.05318128503389065
131477,9213,http://live.fanfooty.com.au/game/matchcentre.html?id=9213,R1,2025,1023496.0,Noah,Long,WC,1.0,15.0,16,18.0,15.0,22.0,2.0,4.0,1.0,0.0,0.0,0.0,1.0,0.0,1.0,Full Time,wing,%P and %s... Playing a half forward role,,,428900.0,,289700.0,,Midfielder,13.0,0.0,0.0,0.0,0.22,0.14,0.32,420000.0,,,3.0,1.0,3.0,66.0,87.0,53.0,0.0,False,1915,1367,2.0,9213_WC,98.0,0,73.0,0,4.333333333333333,5.266666666666667,3.3333333333333335,5.4,2.0,2.6666666666666665,0.0,2.2,0.0,0.0,0.3333333333333333,0.4,0.3333333333333333,0.5333333333333333,0.3333333333333333,0.3333333333333333,0.6666666666666666,0.7333333333333333,0.22,0.7520000000000001,0.14,0.8026666666666668,0.32,0.9873333333333334,1.6666666666666667,4.2,0.3333333333333333,0.7333333333333333,1.0,1.4666666666666666,73.0,72.93333333333334,72.0,78.0,149.33333333333334,140.13333333333333,1551.6666666666667,1541.6666666666667,1740.3333333333333,1741.6666666666667,49.15,47.6,46.6,33.666666666666664,1,wing,0.037113091842819926
131478,9213,http://live.fanfooty.com.au/game/matchcentre.html?id=9213,R1,2025,291975.0,Jarrod,Witts,GC,45.0,125.0,144,117.0,111.0,125.0,6.0,7.0,2.0,4.0,68.0,3.0,0.0,0.0,0.0,Full Time,gun,%H... also %P and %T... helped out by %4FF,ruck,First ruck,838100.0,0.0,593200.0,,Ruck,28.0,21.0,94.33,0.0,0.0,1.82,0.91,820000.0,,,9.0,5.0,1.0,61.0,83.0,203.0,0.0,False,1367,1915,2.0,9213_GC,98.0,1,73.0,1,5.666666666666667,6.866666666666666,7.666666666666667,7.266666666666667,1.6666666666666667,2.466666666666667,3.6666666666666665,3.8666666666666667,47.0,40.666666666666664,2.3333333333333335,1.7333333333333334,0.6666666666666666,1.2666666666666666,1.0,0.5333333333333333,0.0,0.13333333333333333,0.0,0.0,1.82,1.82,0.91,0.91,7.333333333333333,9.2,4.0,4.466666666666667,2.6666666666666665,2.8666666666666667,70.33333333333333,62.0,82.33333333333333,81.66666666666667,141.33333333333334,169.6,1675.6666666666667,1626.7333333333333,1567.6666666666667,1647.6,105.0,113.9,125.8,120.0,1,gun,0.5492813273997023
131479,9213,http://live.fanfooty.com.au/game/matchcentre.html?id=9213,R1,2025,1009199.0,Noah,Anderson,GC,25.0,117.0,136,82.0,91.0,132.0,16.0,20.0,3.0,5.0,0.0,0.0,0.0,0.0,0.0,Full Time,magnet,%P and %M plus %T,shovel,Starting in midfield,927700.0,,586300.0,,Midfielder,15.0,0.0,0.0,0.0,1.95,2.67,2.28,907000.0,,,14.0,9.0,5.0,66.0,80.0,723.0,1.0,False,1367,1915,2.0,9213_GC,98.0,1,73.0,1,18.0,16.266666666666666,15.0,13.8,6.666666666666667,4.866666666666666,3.6666666666666665,2.7333333333333334,0.0,0.0,0.3333333333333333,1.0,0.3333333333333333,0.26666666666666666,0.3333333333333333,0.4,0.3333333333333333,0.26666666666666666,1.95,1.95,2.67,2.67,2.28,2.28,11.0,11.0,6.333333333333333,5.266666666666667,2.3333333333333335,3.8,70.66666666666667,69.46666666666667,82.66666666666667,86.4,682.0,533.5333333333333,1675.6666666666667,1614.2,1567.6666666666667,1662.1333333333334,107.6,108.2,115.0,128.66666666666666,1,magnet,0.7037271504933116
131480,9213,http://live.fanfooty.com.au/game/matchcentre.html?id=9213,R1,2025,1009208.0,Matt,Rowell,GC,31.0,108.0,137,73.0,77.0,114.0,17.0,13.0,0.0,8.0,0.0,2.0,1.0,0.0,0.0,Full Time,star,Reported for striking Duggan late in Q3... %P and %T,reported,Starting in midfield,849100.0,,571800.0,,,18.0,0.0,0.0,0.0,2.13,1.73,1.08,830000.0,,,15.0,10.0,3.0,70.0,79.0,465.0,1.0,False,1367,1915,2.0,9213_GC,98.0,1,73.0,1,13.0,10.6,12.0,13.133333333333333,1.6666666666666667,1.4666666666666666,7.666666666666667,7.8,0.0,0.0,2.6666666666666665,2.0,0.6666666666666666,1.3333333333333333,0.0,0.2,0.0,0.13333333333333333,2.13,2.13,1.73,1.73,1.08,1.08,14.0,13.0,7.666666666666667,6.8,3.0,4.466666666666667,67.0,65.4,83.0,80.66666666666667,377.6666666666667,341.6,1675.6666666666667,1614.2,1567.6666666666667,1662.1333333333334,98.3,92.4,110.6,107.0,1,star,0.5971807151419578
131481,9213,http://live.fanfooty.com.au/game/matchcentre.html?id=9213,R1,2025,298272.0,Touk,Miller,GC,22.0,95.0,128,67.0,81.0,109.0,12.0,14.0,4.0,2.0,0.0,1.0,1.0,2.0,1.0,Full Time,zombie,%2 Kelly... %P and %M plus %T... %s as well,shovel,Starting on ball,887400.0,0.0,545500.0,,Midfielder,11.0,21.0,86.0,0.0,0.0,27.09,15.14,868000.0,,,17.0,10.0,4.0,69.0,73.0,272.0,1.0,False,1367,1915,2.0,9213_GC,98.0,1,73.0,1,14.333333333333334,11.533333333333333,14.0,14.466666666666667,4.666666666666667,3.2666666666666666,2.0,4.266666666666667,0.0,0.0,1.0,1.3333333333333333,1.6666666666666667,1.0666666666666667,0.6666666666666666,0.4,0.6666666666666666,0.4666666666666667,0.0,0.0,27.09,27.09,15.14,15.14,11.333333333333334,10.4,6.333333333333333,4.733333333333333,4.333333333333333,4.266666666666667,73.66666666666667,69.26666666666667,76.33333333333333,77.2,397.3333333333333,399.8666666666667,1675.6666666666667,1663.4,1567.6666666666667,1609.1333333333334,103.0,93.2,95.8,108.33333333333333,1,zombie,0.2189245538854641
131482,9213,http://live.fanfooty.com.au/game/matchcentre.html?id=9213,R1,2025,1006144.0,Ben,King,GC,33.0,92.0,115,76.0,84.0,95.0,8.0,3.0,8.0,0.0,0.0,0.0,0.0,6.0,2.0,Full Time,target,A personal best goal tally... Booted %s from %G and %P,spearhead,In attack on Harry Edwards,420400.0,,316300.0,,Forward,34.0,0.0,0.0,0.0,0.71,0.58,0.63,412000.0,,,4.0,0.0,1.0,72.0,87.0,117.0,0.0,False,1367,1915,2.0,9213_GC,98.0,1,73.0,1,6.333333333333333,7.066666666666666,3.3333333333333335,1.6666666666666667,6.333333333333333,5.133333333333334,0.3333333333333333,0.6666666666666666,0.0,0.0,0.6666666666666666,1.0666666666666667,0.3333333333333333,0.5333333333333333,3.6666666666666665,2.7333333333333334,1.0,1.3333333333333333,0.71,0.71,0.58,0.58,0.63,0.63,4.0,4.2,0.0,0.06666666666666667,1.6666666666666667,1.6666666666666667,74.66666666666667,61.0,85.66666666666667,85.6,136.0,196.0,1652.3333333333333,1605.2,1634.3333333333333,1678.2666666666667,63.3,61.9,68.8,73.33333333333333,1,target,0.0830471725634371
131483,9213,http://live.fanfooty.com.au/game/matchcentre.html?id=9213,R1,2025,298524.0,Lachie,Weller,GC,20.0,81.0,79,68.0,62.0,87.0,9.0,12.0,2.0,6.0,0.0,3.0,1.0,0.0,0.0,Full Time,wing,%P and %M plus %T... umps paid him %4FF... Starting on a wing,,,773200.0,0.0,465700.0,,Midfielder,14.0,21.0,75.05,0.0,0.0,0.16,0.28,734000.0,,,5.0,3.0,4.0,76.0,71.0,316.0,0.0,False,1367,1915,2.0,9213_GC,98.0,0,73.0,1,7.666666666666667,12.733333333333333,8.0,6.666666666666667,0.6666666666666666,4.933333333333334,4.0,2.6,0.0,0.0,1.3333333333333333,0.6666666666666666,0.3333333333333333,0.7333333333333333,0.3333333333333333,0.13333333333333333,0.0,0.26666666666666666,0.0,0.0,0.16,0.13333333333333333,0.28,0.21066666666666667,5.333333333333333,4.533333333333333,2.6666666666666665,1.1333333333333333,3.6666666666666665,3.1333333333333333,59.0,72.2,74.66666666666667,78.0,364.3333333333333,467.93333333333334,1675.6666666666667,1609.0,1567.6666666666667,1669.2,77.15,64.3,63.4,61.333333333333336,1,wing,0.13628167453598003
131484,9213,http://live.fanfooty.com.au/game/matchcentre.html?id=9213,R1,2025,1005992.0,Joel,Jeffrey,GC,10.0,80.0,95,48.0,60.0,81.0,14.0,6.0,4.0,3.0,0.0,2.0,0.0,0.0,0.0,Full Time,guard,%P and %M plus %T... Playing a half back role,,,427200.0,,296000.0,,Forward,40.0,0.0,0.0,0.0,0.13,0.28,0.23,457000.0,,,4.0,0.0,1.0,90.0,79.0,525.0,0.0,False,1367,1915,2.0,9213_GC,98.0,0,73.0,1,9.666666666666666,11.6,5.333333333333333,4.866666666666666,3.0,3.933333333333333,1.3333333333333333,1.6,0.0,0.0,0.6666666666666666,0.26666666666666666,0.3333333333333333,0.5333333333333333,0.0,0.13333333333333333,0.3333333333333333,0.13333333333333333,0.13,0.136,0.28,0.24800000000000003,0.23,0.202,3.6666666666666665,3.6,0.3333333333333333,0.4666666666666667,1.3333333333333333,1.8666666666666667,74.0,79.46666666666667,72.0,74.93333333333334,324.3333333333333,374.4,1643.3333333333333,1635.4666666666667,1642.3333333333333,1650.9333333333334,67.0,74.1,71.0,62.666666666666664,1,guard,0.0995824398336373
131485,9213,http://live.fanfooty.com.au/game/matchcentre.html?id=9213,R1,2025,1000981.0,Daniel,Rioli,GC,16.0,78.0,91,47.0,68.0,90.0,12.0,9.0,5.0,0.0,0.0,0.0,1.0,2.0,0.0,Full Time,guard,%P and %M plus %s... Starting at half back,,,741100.0,,485700.0,,Back,17.0,0.0,0.0,0.0,0.53,0.61,0.86,725000.0,,,5.0,1.0,5.0,71.0,82.0,396.0,1.0,False,1367,1915,2.0,9213_GC,98.0,0,73.0,1,13.666666666666666,12.6,10.333333333333334,12.066666666666666,5.666666666666667,4.466666666666667,2.3333333333333335,2.2666666666666666,0.0,0.0,0.3333333333333333,0.4666666666666667,0.6666666666666666,0.5333333333333333,1.3333333333333333,0.4666666666666667,0.0,0.06666666666666667,0.53,0.53,0.61,0.61,0.86,0.86,5.0,5.933333333333334,0.6666666666666666,1.2666666666666666,3.6666666666666665,3.0,74.66666666666667,75.26666666666667,82.0,83.66666666666667,369.0,382.6666666666667,1620.0,1509.6,1625.3333333333333,1765.2666666666667,94.25,101.2,97.0,96.33333333333333,1,guard,0.3624033233332649
131486,9213,http://live.fanfooty.com.au/game/matchcentre.html?id=9213,R1,2025,993917.0,Ben,Long,GC,17.0,73.0,96,51.0,64.0,76.0,9.0,3.0,5.0,0.0,0.0,0.0,0.0,4.0,1.0,Full Time,spearhead,%P including %K... also %M... and kicked %s... Starting at half forward on Hough,,,404200.0,,280200.0,,Back,22.0,0.0,0.0,0.0,0.04,0.19,0.11,395000.0,,,7.0,0.0,1.0,83.0,79.0,282.0,0.0,False,1367,1915,2.0,9213_GC,98.0,0,73.0,1,6.333333333333333,7.866666666666666,3.3333333333333335,3.066666666666667,3.6666666666666665,4.2,2.6666666666666665,2.533333333333333,0.0,0.0,0.0,0.4666666666666667,0.6666666666666666,1.2666666666666666,2.3333333333333335,1.8,1.0,1.0666666666666667,0.04,0.04,0.19,0.19,0.11,0.11,5.0,5.266666666666667,0.0,0.5333333333333333,1.6666666666666667,3.066666666666667,67.0,59.53333333333333,73.0,83.93333333333334,195.66666666666666,209.46666666666667,1675.6666666666667,1614.2,1567.6666666666667,1662.1333333333334,59.9,65.4,71.6,70.66666666666667,1,spearhead,0.07915378654764543
131487,9213,http://live.fanfooty.com.au/game/matchcentre.html?id=9213,R1,2025,998130.0,Ben,Ainsworth,GC,9.0,69.0,56,51.0,56.0,75.0,9.0,9.0,5.0,2.0,0.0,1.0,0.0,0.0,0.0,Full Time,wing,%P and %M plus %T... Starting forward,,,683800.0,0.0,426900.0,,Forward,9.0,16.0,60.88,0.0,0.0,0.46,0.47,669000.0,,,4.0,1.0,3.0,55.0,82.0,260.0,0.0,False,1367,1915,2.0,9213_GC,98.0,0,73.0,0,8.333333333333334,10.0,6.0,5.733333333333333,5.333333333333333,4.933333333333334,1.3333333333333333,1.2,0.0,0.0,0.3333333333333333,0.4,0.3333333333333333,0.6,0.6666666666666666,0.8666666666666667,0.3333333333333333,0.4666666666666667,0.0,0.0,0.46,0.46,0.47,0.47,3.0,3.466666666666667,1.0,0.4666666666666667,1.6666666666666667,2.1333333333333333,65.66666666666667,73.8,84.0,80.66666666666667,201.33333333333334,288.8666666666667,1666.6666666666667,1670.7333333333333,1618.6666666666667,1610.1333333333334,69.0,61.9,60.6,54.0,1,wing,0.09803551069015604
131488,9213,http://live.fanfooty.com.au/game/matchcentre.html?id=9213,R1,2025,1000072.0,John,Noble,GC,8.0,66.0,78,30.0,48.0,69.0,14.0,5.0,2.0,2.0,0.0,0.0,0.0,0.0,0.0,Full Time,guard,%P including %K... also %M and %T... Running off smalls,,,747100.0,,446900.0,,Back,2.0,0.0,0.0,0.0,0.18,0.1,0.44,731000.0,,,3.0,0.0,0.0,73.0,83.0,329.0,0.0,False,1367,1915,2.0,9213_GC,98.0,0,73.0,1,12.333333333333334,12.066666666666666,7.333333333333333,6.8,4.333333333333333,4.6,2.6666666666666665,2.6,0.0,0.0,0.6666666666666666,0.6666666666666666,0.3333333333333333,0.2,0.0,0.06666666666666667,0.0,0.06666666666666667,0.18,0.18,0.1,0.1,0.44,0.44,5.0,3.4,0.3333333333333333,0.7333333333333333,0.6666666666666666,1.9333333333333333,82.66666666666667,79.46666666666667,75.66666666666667,79.26666666666667,373.3333333333333,367.06666666666666,1814.0,1634.0666666666666,1463.0,1646.2,80.85,73.9,80.2,92.33333333333333,1,guard,0.19788784011119046
131489,9213,http://live.fanfooty.com.au/game/matchcentre.html?id=9213,R1,2025,1008454.0,Connor,Budarick,GC,9.0,66.0,71,52.0,52.0,72.0,8.0,9.0,4.0,3.0,0.0,0.0,0.0,0.0,0.0,Full Time,guard,%P and %M plus %T... Playing small defender,,,474800.0,,301200.0,,Back,35.0,0.0,0.0,0.0,2.44,1.15,1.12,504000.0,,,3.0,0.0,0.0,82.0,77.0,315.0,0.0,False,1367,1915,2.0,9213_GC,98.0,0,73.0,0,10.333333333333334,11.266666666666667,5.333333333333333,4.866666666666666,5.666666666666667,4.466666666666667,3.0,2.066666666666667,0.0,0.0,0.3333333333333333,0.9333333333333333,0.3333333333333333,0.6,0.0,0.0,0.0,0.0,2.44,1.5053333333333332,1.15,0.702,1.12,0.6786666666666668,3.0,4.8,0.0,0.13333333333333333,0.6666666666666666,2.533333333333333,76.33333333333333,74.0,77.66666666666667,78.66666666666667,317.0,320.1333333333333,1675.6666666666667,1649.4,1567.6666666666667,1626.8666666666666,66.25,66.1,74.0,70.66666666666667,1,guard,0.1008604332338556
131490,9213,http://live.fanfooty.com.au/game/matchcentre.html?id=9213,R1,2025,1023500.0,Bailey,Humphrey,GC,10.0,66.0,104,50.0,56.0,78.0,8.0,12.0,4.0,2.0,0.0,1.0,1.0,0.0,0.0,Full Time,mrp,Swinging arm to the moosh of Harry Edwards in Q3 could be trouble... %P and %M plus %T,wing,Starting in attack,473600.0,,331200.0,,Midfielder,19.0,0.0,0.0,0.0,2.04,2.33,2.91,463000.0,,,11.0,5.0,4.0,70.0,86.0,269.0,0.0,False,1367,1915,2.0,9213_GC,98.0,1,73.0,1,6.0,6.533333333333333,6.666666666666667,4.733333333333333,3.3333333333333335,2.2666666666666666,1.6666666666666667,2.6666666666666665,0.0,0.0,0.6666666666666666,0.7333333333333333,0.3333333333333333,0.5333333333333333,0.0,0.8,0.3333333333333333,0.9333333333333333,2.04,2.04,2.33,2.33,2.91,2.91,6.333333333333333,5.266666666666667,1.6666666666666667,1.6666666666666667,2.3333333333333335,2.066666666666667,60.0,62.8,82.66666666666667,69.66666666666667,193.66666666666666,208.46666666666667,1675.6666666666667,1638.2,1567.6666666666667,1636.9333333333334,56.0,51.1,54.0,61.0,1,mrp,0.0990523652163984
131494,9213,http://live.fanfooty.com.au/game/matchcentre.html?id=9213,R1,2025,1007881.0,Wil,Powell,GC,5.0,61.0,54,48.0,47.0,63.0,8.0,5.0,5.0,3.0,0.0,0.0,0.0,0.0,0.0,Full Time,guard,%P and %M plus %T... Playing a half back role,,,757800.0,0.0,513500.0,,Back,27.0,7.0,40.43,0.0,0.0,0.24,0.49,741000.0,,,4.0,0.0,5.0,76.0,85.0,319.0,0.0,False,1367,1915,2.0,9213_GC,98.0,0,73.0,0,8.0,11.4,6.333333333333333,6.133333333333334,4.333333333333333,5.533333333333333,2.6666666666666665,2.2666666666666666,0.0,0.0,0.3333333333333333,0.6666666666666666,0.3333333333333333,0.4,0.0,0.13333333333333333,0.0,0.2,0.0,0.0,0.24,0.24,0.49,0.49,3.0,3.933333333333333,0.0,0.13333333333333333,2.6666666666666665,2.0,76.33333333333333,81.66666666666667,83.33333333333333,83.26666666666667,276.0,440.3333333333333,1675.6666666666667,1609.8666666666666,1567.6666666666667,1664.3333333333333,87.1,78.7,78.8,62.0,1,guard,0.22210277691730076
131495,9213,http://live.fanfooty.com.au/game/matchcentre.html?id=9213,R1,2025,295446.0,Sam,Collins,GC,9.0,61.0,73,48.0,49.0,63.0,8.0,4.0,7.0,2.0,0.0,0.0,0.0,0.0,0.0,Full Time,job,%P and %M plus %T... Standing Waterman then got FLynn in Q3,,,502400.0,,408000.0,,Back,25.0,0.0,0.0,0.0,0.27,0.07,0.21,491000.0,,,5.0,1.0,1.0,75.0,88.0,300.0,0.0,False,1367,1915,2.0,9213_GC,98.0,0,73.0,1,6.0,6.933333333333334,3.3333333333333335,4.8,5.0,5.4,0.6666666666666666,1.4666666666666666,0.0,0.0,0.3333333333333333,0.9333333333333333,0.0,0.26666666666666666,0.0,0.0,0.0,0.0,0.27,0.27,0.07,0.07,0.21,0.21,4.666666666666667,6.066666666666666,0.6666666666666666,0.3333333333333333,1.0,1.1333333333333333,83.33333333333333,82.8,91.33333333333333,95.4,157.0,171.33333333333334,1675.6666666666667,1614.2,1567.6666666666667,1662.1333333333334,76.75,75.6,64.6,58.0,1,job,0.12124352508438527
131496,9213,http://live.fanfooty.com.au/game/matchcentre.html?id=9213,R1,2025,297456.0,Nick,Holman,GC,8.0,61.0,61,51.0,44.0,61.0,7.0,7.0,1.0,5.0,0.0,2.0,0.0,0.0,1.0,Full Time,wing,%s from %P and %T... Starting forward,,,526100.0,0.0,369200.0,,Forward,7.0,21.0,64.62,0.0,0.0,0.08,0.06,514000.0,,,6.0,2.0,1.0,64.0,77.0,133.0,0.0,False,1367,1915,2.0,9213_GC,98.0,0,73.0,0,5.666666666666667,5.0,7.333333333333333,7.266666666666667,1.0,1.7333333333333334,4.0,4.133333333333334,0.0,0.0,1.3333333333333333,0.8,0.3333333333333333,0.8,0.3333333333333333,0.4,0.3333333333333333,0.3333333333333333,0.0,0.0,0.08,0.08,0.06,0.06,5.666666666666667,4.6,0.6666666666666666,0.8,2.3333333333333335,1.9333333333333333,61.333333333333336,75.86666666666666,82.0,81.26666666666667,140.66666666666666,166.33333333333334,1675.6666666666667,1585.6,1567.6666666666667,1691.4666666666667,54.05,63.9,63.6,58.0,1,wing,0.05136029136865822
131497,9213,http://live.fanfooty.com.au/game/matchcentre.html?id=9213,R1,2025,1017665.0,Bodhi,Uwland,GC,8.0,50.0,59,37.0,41.0,60.0,7.0,8.0,2.0,3.0,0.0,1.0,2.0,0.0,0.0,Full Time,job,%P and %M plus %T... Playing key defender on the much taller Archer Reid... then moved to Allen in Q3,,,226400.0,,137100.0,,Back,32.0,0.0,0.0,0.0,0.31,0.32,1.93,219000.0,,,6.0,1.0,4.0,60.0,92.0,164.0,0.0,False,1367,1915,2.0,9213_GC,98.0,0,73.0,0,10.666666666666666,10.866666666666667,7.333333333333333,5.733333333333333,5.666666666666667,5.533333333333333,1.6666666666666667,1.8666666666666667,0.0,0.0,0.6666666666666666,0.7333333333333333,1.0,0.6,0.0,0.0,0.3333333333333333,0.2,0.31,0.31,0.32,0.32,1.93,1.93,5.333333333333333,3.8,1.0,0.4,2.6666666666666665,1.7333333333333334,71.33333333333333,76.6,87.33333333333333,84.46666666666667,251.66666666666666,322.73333333333335,1675.6666666666667,1614.2,1567.6666666666667,1662.1333333333334,74.65,73.7,74.2,76.0,1,job,0.1455642755917675
131498,9213,http://live.fanfooty.com.au/game/matchcentre.html?id=9213,R1,2025,1013257.0,Sam,Clohesy,GC,1.0,33.0,39,15.0,24.0,34.0,7.0,2.0,1.0,1.0,0.0,0.0,0.0,0.0,1.0,Full Time,wing,%P including %K... and booted %s... On the outside against Hunt,,,161400.0,,102400.0,,Back,33.0,0.0,0.0,0.0,6.51,3.44,1.56,200000.0,,,3.0,0.0,0.0,55.0,93.0,187.0,0.0,False,1367,1915,2.0,9213_GC,98.0,0,73.0,0,10.333333333333334,9.4,5.333333333333333,5.4,3.6666666666666665,3.3333333333333335,2.0,2.2,0.0,0.0,0.6666666666666666,0.7333333333333333,0.0,0.4,0.0,0.0,0.6666666666666666,0.13333333333333333,6.51,6.51,3.44,3.44,1.56,1.56,4.333333333333333,4.266666666666667,1.3333333333333333,1.0,1.3333333333333333,1.7333333333333334,66.66666666666667,76.2,88.33333333333333,82.0,303.6666666666667,301.93333333333334,1675.6666666666667,1614.2,1567.6666666666667,1662.1333333333334,66.25,61.4,61.2,61.333333333333336,1,wing,0.09306136569639467
131499,9213,http://live.fanfooty.com.au/game/matchcentre.html?id=9213,R1,2025,1008882.0,Charlie,Ballard,GC,2.0,30.0,48,20.0,23.0,30.0,5.0,1.0,3.0,1.0,0.0,0.0,0.0,0.0,0.0,Full Time,injured,Subbed off at HT for Sexton after injuring a knee when landing after a mark late in Q2... %P including %K... also %M,subbed,In defence on Allen,528900.0,0.0,401900.0,,Back,10.0,11.0,43.45,0.0,0.0,0.12,0.2,517000.0,,,1.0,0.0,0.0,83.0,45.0,80.0,0.0,True,1367,1915,2.0,9213_GC,98.0,0,73.0,0,6.666666666666667,7.266666666666667,2.3333333333333335,4.333333333333333,4.0,4.466666666666667,0.6666666666666666,1.2,0.0,0.0,0.6666666666666666,0.26666666666666666,0.3333333333333333,0.8,0.3333333333333333,0.06666666666666667,0.0,0.0,0.0,0.0,0.12,0.12,0.2,0.2,2.6666666666666665,4.2,0.0,0.13333333333333333,1.0,1.9333333333333333,84.33333333333333,79.73333333333333,77.0,88.13333333333334,135.33333333333334,173.93333333333334,1675.6666666666667,1614.2,1567.6666666666667,1662.1333333333334,60.3,58.2,55.6,58.666666666666664,1,injured,0.06875235488949924
131072,9204,http://live.fanfooty.com.au/game/matchcentre.html?id=9204,,2025,1008436.0,Kieren,Briggs,WS,1.0,8.0,5,10.0,9.0,11.0,1.0,0.0,1.0,0.0,5.0,0.0,1.0,0.0,0.0,Full Time,injured,Went down hard after a marking contest in Q1 in which Taylor fell on him... subbed off for Wehr and off to hospital in a neck brace... %H,subbed,In ruck,868200.0,,608800.0,,Ruck,32.0,0.0,0.0,0.0,0.97,1.8,2.06,849000.0,,,0.0,0.0,1.0,100.0,12.0,46.0,1.0,True,1482,1789,,9204_WS,,0,,0,5.333333333333333,7.133333333333334,4.0,7.2,2.0,2.2,3.3333333333333335,5.066666666666666,30.0,33.46666666666667,1.3333333333333333,1.2666666666666666,2.0,1.2666666666666666,0.3333333333333333,0.2,0.0,0.4,0.97,0.97,1.8,1.8,2.06,2.06,6.333333333333333,9.066666666666666,3.3333333333333335,5.533333333333333,4.333333333333333,4.133333333333334,72.66666666666667,63.733333333333334,54.333333333333336,71.13333333333334,85.0,172.53333333333333,1713.6666666666667,1721.2,1565.0,1563.8,91.65,94.8,78.6,58.0,1,injured,0.268545226970966
131091,9204,http://live.fanfooty.com.au/game/matchcentre.html?id=9204,,2025,291720.0,Will,Hoskin-Elliott,CO,3.0,45.0,54,29.0,36.0,48.0,7.0,4.0,3.0,1.0,0.0,0.0,0.0,0.0,3.0,Full Time,wing,Subbed off in Q3 for Long... %s from %P and %M,subbed,Starting at half forward,511700.0,0.0,317700.0,,Forward,32.0,21.0,68.05,0.0,0.0,0.44,0.6,501000.0,,,5.0,0.0,1.0,54.0,57.0,196.0,1.0,True,1789,1482,,9204_CO,,0,,0,6.666666666666667,9.0,2.0,2.8666666666666667,4.0,4.133333333333334,0.6666666666666666,1.3333333333333333,0.0,0.0,0.6666666666666666,0.4,0.0,0.26666666666666666,0.6666666666666666,0.8666666666666667,2.0,0.8666666666666667,0.0,0.0,0.44,0.44,0.6,0.6,3.3333333333333335,4.333333333333333,0.0,0.26666666666666666,1.0,2.1333333333333333,54.0,65.0,80.0,78.46666666666667,157.66666666666666,231.13333333333333,1669.6666666666667,1598.4666666666667,1603.6666666666667,1679.4,65.8,65.7,62.4,52.0,1,wing,0.07701119601254615
