Traceback (most recent call last):
  File "g:\My Drive\projects\sc-player-data\run_waiver_newsletter.py", line 401, in <module>
    result = run_pipeline(round_override=args.round_num, dry_run=args.dry_run)
  File "g:\My Drive\projects\sc-player-data\run_waiver_newsletter.py", line 144, in run_pipeline
    from waiver.config import LADDER_LEAGUE_ID, SC_API_TOKEN, SEASON_YEAR
  File "g:\My Drive\projects\sc-player-data\waiver\config.py", line 8, in <module>
    from dotenv import load_dotenv
ModuleNotFoundError: No module named 'dotenv'
Traceback (most recent call last):
  File "g:\My Drive\projects\sc-player-data\run_waiver_newsletter.py", line 406, in <module>
    result = run_pipeline(round_override=args.round_num, dry_run=args.dry_run)
  File "g:\My Drive\projects\sc-player-data\run_waiver_newsletter.py", line 144, in run_pipeline
    from waiver.config import LADDER_LEAGUE_ID, SC_API_TOKEN, SEASON_YEAR
  File "g:\My Drive\projects\sc-player-data\waiver\config.py", line 8, in <module>
    from dotenv import load_dotenv
ModuleNotFoundError: No module named 'dotenv'
Traceback (most recent call last):
  File "g:\My Drive\projects\sc-player-data\run_waiver_newsletter.py", line 406, in <module>
    result = run_pipeline(round_override=args.round_num, dry_run=args.dry_run)
  File "g:\My Drive\projects\sc-player-data\run_waiver_newsletter.py", line 144, in run_pipeline
    from waiver.config import LADDER_LEAGUE_ID, SC_API_TOKEN, SEASON_YEAR
  File "g:\My Drive\projects\sc-player-data\waiver\config.py", line 8, in <module>
    from dotenv import load_dotenv
ModuleNotFoundError: No module named 'dotenv'
2026-03-30 18:11:37 [INFO] waiver — ============================================================
2026-03-30 18:11:37 [INFO] waiver — Waiver Newsletter Pipeline — Season 2026
2026-03-30 18:11:37 [INFO] waiver — ============================================================
2026-03-30 18:11:37 [INFO] waiver.league_api — Refreshing SC bearer token via Auth0...
2026-03-30 18:11:38 [INFO] waiver.league_api — SC token refreshed successfully.
2026-03-30 18:11:38 [INFO] waiver — [1/9] Fetching player ownership from SC in-season league API...
2026-03-30 18:11:38 [INFO] waiver.league_api — Fetching player status from https://www.supercoach.com.au/2026/api/afl/draft/v1/leagues/14889/playersStatus
2026-03-30 18:11:38 [INFO] waiver.league_api — Fetched status for 792 players; 608 are available (waiver).
2026-03-30 18:11:38 [INFO] waiver — [2/9] Fetching live injury and suspension data...
2026-03-30 18:11:38 [INFO] waiver.league_api — Fetching live player injury data from SC API...
2026-03-30 18:11:40 [INFO] waiver.league_api — Fetched injury data for 792 players; 197 have active injury/suspension.
2026-03-30 18:11:40 [INFO] waiver — [3/9] Loading SC player list...
2026-03-30 18:11:40 [INFO] waiver.data_loader — Loaded 781 players from player list.
2026-03-30 18:11:40 [INFO] waiver — [4/9] Loading current-season scores...
2026-03-30 18:11:40 [INFO] waiver.data_loader — Loaded 2026 scores: 658 players, max rounds played = 23.
2026-03-30 18:11:40 [INFO] waiver — Using round: 2
2026-03-30 18:11:40 [INFO] waiver — [4b] Ensuring fanfooty data exists for 2026 R1–R2...
2026-03-30 18:11:40 [INFO] waiver — [4c] Fetching lineup for round 3...
2026-03-30 18:11:40 [INFO] waiver.league_api — Fetching lineup from https://www.supercoach.com.au/2026/api/afl/draft/v1/userteams/136934/statsPlayers?round=3
2026-03-30 18:11:41 [INFO] waiver.league_api — Lineup fetched: 19 on field, 4 bench (23 total).
2026-03-30 18:11:41 [INFO] waiver — [4d] Refreshing coach list from SC API ladder...
2026-03-30 18:11:41 [INFO] waiver.league_api — Refreshing SC bearer token via Auth0...
2026-03-30 18:11:41 [INFO] waiver.league_api — SC token refreshed successfully.
2026-03-30 18:11:41 [INFO] waiver.league_api — Fetching league teams from https://www.supercoach.com.au/2026/api/afl/draft/v1/leagues/14889/ladderAndFixtures?round=2&scores=true
2026-03-30 18:11:42 [INFO] waiver.league_api — Fetched 8 teams from ladder league 14889 (round 2).
2026-03-30 18:11:42 [INFO] waiver — coach_list.csv refreshed with 8 teams \u2192 G:\My Drive\projects\sc-player-data\inputs\coach_list.csv
2026-03-30 18:11:42 [INFO] waiver — [5/9] Building player table...
2026-03-30 18:11:42 [INFO] waiver.data_loader — Player table built: 781 total, 598 free agents, 23 on my roster, 0 on my roster with injury/suspension.
2026-03-30 18:11:42 [INFO] waiver — [6/9] Loading historical fanfooty data and computing metrics...
2026-03-30 18:11:54 [INFO] waiver.data_loader — Loaded 133017 historical game records across 16 seasons.
2026-03-30 18:11:57 [INFO] waiver.metrics — Metrics computed for 781 players. Replacement levels: {'DEF': '84.5', 'MID': '103.1', 'RUC': '95.5', 'FWD': '102.5', 'FLEX': '103.1'}
2026-03-30 18:11:57 [INFO] waiver — [7/9] Loading model predictions...
2026-03-30 18:11:57 [INFO] waiver.data_loader — Loaded Round 3 predictions: 596 players, avg projected score = 62.2.
2026-03-30 18:11:57 [INFO] waiver — Predictions for Round 3 merged: 596 players have projected scores.
2026-03-30 18:11:57 [INFO] waiver — [7b] Applying historical sanity checks to model predictions...
2026-03-30 18:11:57 [INFO] waiver — P(100+) corrected for 10 players based on historical ceiling.
2026-03-30 18:11:57 [INFO] waiver — Metrics ready: 781 players total, 598 free agents, 23 on my roster, 0 injured on-field.
2026-03-30 18:11:57 [INFO] waiver — [8/9] Scanning recent fanfooty rounds for role changes...
2026-03-30 18:11:57 [INFO] waiver.role_watch — Role Watch: detected 14 notable role changes (13 positive, 1 negative).
2026-03-30 18:11:57 [INFO] waiver — [8b] Refreshing AFL fixture schedule...
2026-03-30 18:12:00 [INFO] waiver.fixture_schedule — AFL fixture loaded: 207 games across rounds 0–24.
2026-03-30 18:12:00 [INFO] waiver.fixture_schedule — waiver_schedule.bat updated — 21 future rounds scheduled. Run as Administrator: G:\My Drive\projects\sc-player-data\waiver_schedule.bat
2026-03-30 18:12:00 [INFO] waiver — waiver_schedule.bat updated — newsletter will prompt re-registration.
2026-03-30 18:12:00 [INFO] waiver — [9/9] Generating newsletter...
2026-03-30 18:12:00 [INFO] waiver.newsletter — Newsletter written to G:\My Drive\projects\sc-player-data\reports\waiver_2026_rd02_2026-03-30.md
2026-03-30 18:12:00 [INFO] waiver — Uploading to Google Sheets...
2026-03-30 18:12:05 [INFO] waiver.gsheet_updater — Google Sheets updated successfully: 'SuperCoach Weekly Predictions' \u2192 'Waiver Targets'
2026-03-30 18:12:06 [INFO] waiver — Emailing newsletter to richardsmark@outlook.com...
2026-03-30 18:12:13 [INFO] waiver.emailer — Newsletter emailed to richardsmark@outlook.com.
2026-03-30 18:12:13 [INFO] waiver — Done. Newsletter saved to: G:\My Drive\projects\sc-player-data\reports\waiver_2026_rd02_2026-03-30.md
2026-04-01 11:54:01 [INFO] waiver — ============================================================
2026-04-01 11:54:01 [INFO] waiver — Waiver Newsletter Pipeline — Season 2026
2026-04-01 11:54:01 [INFO] waiver — ============================================================
2026-04-01 11:54:01 [INFO] waiver.league_api — Refreshing SC bearer token via Auth0...
2026-04-01 11:54:02 [INFO] waiver.league_api — SC token refreshed successfully.
2026-04-01 11:54:02 [INFO] waiver — [1/9] Fetching player ownership from SC in-season league API...
2026-04-01 11:54:02 [INFO] waiver.league_api — Fetching player status from https://www.supercoach.com.au/2026/api/afl/draft/v1/leagues/14889/playersStatus
2026-04-01 11:54:02 [INFO] waiver.league_api — Fetched status for 792 players; 2 are available (waiver).
2026-04-01 11:54:02 [INFO] waiver — [2/9] Fetching live injury and suspension data...
2026-04-01 11:54:02 [INFO] waiver.league_api — Fetching live player injury data from SC API...
2026-04-01 11:54:04 [INFO] waiver.league_api — Fetched injury data for 792 players; 213 have active injury/suspension.
2026-04-01 11:54:04 [INFO] waiver — [3/9] Loading SC player list...
2026-04-01 11:54:04 [INFO] waiver.data_loader — Loaded 781 players from player list.
2026-04-01 11:54:04 [INFO] waiver — [4/9] Loading current-season scores...
2026-04-01 11:54:04 [INFO] waiver.data_loader — Loaded 2026 scores: 658 players, max rounds played = 23.
2026-04-01 11:54:07 [INFO] waiver — Using round: 3
2026-04-01 11:54:07 [INFO] waiver — [4b] Scraping/processing fanfooty data for 2026 R1–R4 (probing +1)...
2026-04-01 11:54:08 [INFO] waiver — Scraping FanFooty raw data for 2026 R4...
2026-04-01 11:54:08 [INFO] root — Fetching fixture data from: https://www.fanfooty.com.au/game/archive.php?year=2026
2026-04-01 11:54:09 [WARNING] root — Could not find header for 'Round 4' for 2026.
2026-04-01 11:54:09 [WARNING] waiver — FanFooty scrape failed: no match IDs found for 2026 R4.
2026-04-01 11:54:09 [INFO] waiver — Round confirmed after scrape: 3
2026-04-01 11:54:09 [INFO] waiver — [4c] Fetching lineup for round 4...
2026-04-01 11:54:09 [INFO] waiver.league_api — Fetching lineup from https://www.supercoach.com.au/2026/api/afl/draft/v1/userteams/136934/statsPlayers?round=4
2026-04-01 11:54:09 [INFO] waiver.league_api — Lineup fetched: 19 on field, 4 bench (23 total).
2026-04-01 11:54:09 [INFO] waiver — [4d] Refreshing coach list from SC API ladder...
2026-04-01 11:54:09 [INFO] waiver.league_api — Refreshing SC bearer token via Auth0...
2026-04-01 11:54:10 [INFO] waiver.league_api — SC token refreshed successfully.
2026-04-01 11:54:10 [INFO] waiver.league_api — Fetching league teams from https://www.supercoach.com.au/2026/api/afl/draft/v1/leagues/14889/ladderAndFixtures?round=3&scores=true
2026-04-01 11:54:10 [INFO] waiver.league_api — Fetched 8 teams from ladder league 14889 (round 3).
2026-04-01 11:54:11 [INFO] waiver — coach_list.csv refreshed with 8 teams \u2192 G:\My Drive\projects\sc-player-data\inputs\coach_list.csv
2026-04-01 11:54:11 [INFO] waiver — [5/9] Building player table...
2026-04-01 11:54:11 [INFO] waiver.data_loader — Player table built: 781 total, 599 free agents, 23 on my roster, 0 on my roster with injury/suspension.
2026-04-01 11:54:11 [INFO] waiver — [6/9] Loading historical fanfooty data and computing metrics...
2026-04-01 11:54:38 [INFO] waiver.data_loader — Loaded 133339 historical game records across 16 seasons.
2026-04-01 11:54:41 [INFO] waiver.metrics — Metrics computed for 781 players. Replacement levels: {'DEF': '84.5', 'MID': '103.1', 'RUC': '95.5', 'FWD': '102.5', 'FLEX': '103.1'}
2026-04-01 11:54:41 [INFO] waiver — [7/9] Loading model predictions...
2026-04-01 11:54:41 [INFO] waiver.data_loader — Loaded Round 4 predictions: 596 players, avg projected score = 62.5.
2026-04-01 11:54:41 [INFO] waiver — Predictions for Round 4 merged: 596 players have projected scores.
2026-04-01 11:54:41 [INFO] waiver — [7b] Applying historical sanity checks to model predictions...
2026-04-01 11:54:41 [INFO] waiver — P(100+) corrected for 35 players based on historical ceiling.
2026-04-01 11:54:41 [INFO] waiver — Metrics ready: 781 players total, 599 free agents, 23 on my roster, 0 injured on-field.
2026-04-01 11:54:41 [INFO] waiver — [8/9] Scanning recent fanfooty rounds for role changes...
2026-04-01 11:54:42 [INFO] waiver.role_watch — Role Watch: detected 23 notable role changes (20 positive, 3 negative).
2026-04-01 11:54:42 [INFO] waiver — [8b] Refreshing AFL fixture schedule...
2026-04-01 11:54:45 [INFO] waiver.fixture_schedule — AFL fixture loaded: 207 games across rounds 0–24.
2026-04-01 11:54:46 [INFO] waiver.fixture_schedule — waiver_schedule.bat updated — 21 future rounds scheduled. Run as Administrator: G:\My Drive\projects\sc-player-data\waiver_schedule.bat
2026-04-01 11:54:46 [INFO] waiver — waiver_schedule.bat updated — newsletter will prompt re-registration.
2026-04-01 11:54:46 [INFO] waiver — [9/9] Generating newsletter...
2026-04-01 11:54:46 [INFO] waiver.newsletter — Newsletter written to G:\My Drive\projects\sc-player-data\reports\waiver_2026_rd03_2026-04-01.md
2026-04-01 11:54:46 [INFO] waiver — Uploading to Google Sheets...
2026-04-01 11:54:52 [INFO] waiver.gsheet_updater — Google Sheets updated successfully: 'SuperCoach Weekly Predictions' \u2192 'Waiver Targets'
2026-04-01 11:54:52 [INFO] waiver — Emailing newsletter to richardsmark@outlook.com...
2026-04-01 11:55:01 [INFO] waiver.emailer — Newsletter emailed to richardsmark@outlook.com.
2026-04-01 11:55:01 [INFO] waiver — Done. Newsletter saved to: G:\My Drive\projects\sc-player-data\reports\waiver_2026_rd03_2026-04-01.md
2026-04-06 19:41:16 [INFO] waiver — ============================================================
2026-04-06 19:41:16 [INFO] waiver — Waiver Newsletter Pipeline — Season 2026
2026-04-06 19:41:16 [INFO] waiver — ============================================================
2026-04-06 19:41:16 [INFO] waiver.league_api — Refreshing SC bearer token via Auth0...
2026-04-06 19:41:16 [INFO] waiver.league_api — SC token refreshed successfully.
2026-04-06 19:41:16 [INFO] waiver — [1/9] Fetching player ownership from SC in-season league API...
2026-04-06 19:41:16 [INFO] waiver.league_api — Fetching player status from https://www.supercoach.com.au/2026/api/afl/draft/v1/leagues/14889/playersStatus
2026-04-06 19:41:17 [INFO] waiver.league_api — Fetched status for 792 players; 608 are available (waiver).
2026-04-06 19:41:17 [INFO] waiver — [2/9] Fetching live injury and suspension data...
2026-04-06 19:41:17 [INFO] waiver.league_api — Fetching live player injury data from SC API...
2026-04-06 19:41:18 [INFO] waiver.league_api — Fetched injury data for 792 players; 134 have active injury/suspension.
2026-04-06 19:41:18 [INFO] waiver — [3/9] Loading SC player list...
2026-04-06 19:41:19 [INFO] waiver.data_loader — Loaded 781 players from player list.
2026-04-06 19:41:19 [INFO] waiver — [4/9] Loading current-season scores...
2026-04-06 19:41:19 [INFO] waiver.data_loader — Loaded 2026 scores: 658 players, max rounds played = 23.
2026-04-06 19:41:19 [INFO] waiver — Using round: 3
2026-04-06 19:41:19 [INFO] waiver — [4b] Scraping/processing fanfooty data for 2026 R1–R4 (probing +1)...
2026-04-06 19:41:19 [INFO] waiver — Scraping FanFooty raw data for 2026 R4...
2026-04-06 19:41:19 [INFO] root — Fetching fixture data from: https://www.fanfooty.com.au/game/archive.php?year=2026
2026-04-06 19:41:20 [INFO] root — Found 8 unique matches for Round 4: ['9729', '9730', '9731', '9732', '9733', '9734', '9735', '9736']
2026-04-06 19:41:21 [INFO] root — Successfully saved: 9729.txt
2026-04-06 19:41:22 [INFO] root — Successfully saved: 9730.txt
2026-04-06 19:41:22 [INFO] root — Successfully saved: 9731.txt
2026-04-06 19:41:24 [INFO] root — Successfully saved: 9732.txt
2026-04-06 19:41:24 [INFO] root — Successfully saved: 9733.txt
2026-04-06 19:41:26 [INFO] root — Successfully saved: 9734.txt
2026-04-06 19:41:26 [INFO] root — Successfully saved: 9735.txt
2026-04-06 19:41:27 [INFO] root — Successfully saved: 9736.txt
2026-04-06 19:41:27 [INFO] waiver — Processing FanFooty data for 2026 R4...
2026-04-06 19:41:27 [INFO] waiver — Saved G:\My Drive\projects\sc-player-data\data\processed\2026_round_4_fanfooty_data.csv
2026-04-06 19:41:27 [INFO] waiver — Round confirmed after scrape: 4
2026-04-06 19:41:27 [INFO] waiver — [4c] Fetching lineup for round 5...
2026-04-06 19:41:27 [INFO] waiver.league_api — Fetching lineup from https://www.supercoach.com.au/2026/api/afl/draft/v1/userteams/136934/statsPlayers?round=5
2026-04-06 19:41:27 [INFO] waiver.league_api — Lineup fetched: 19 on field, 4 bench (23 total).
2026-04-06 19:41:27 [INFO] waiver — [4d] Refreshing coach list from SC API ladder...
2026-04-06 19:41:27 [INFO] waiver.league_api — Refreshing SC bearer token via Auth0...
2026-04-06 19:41:28 [INFO] waiver.league_api — SC token refreshed successfully.
2026-04-06 19:41:28 [INFO] waiver.league_api — Fetching league teams from https://www.supercoach.com.au/2026/api/afl/draft/v1/leagues/14889/ladderAndFixtures?round=4&scores=true
2026-04-06 19:41:29 [INFO] waiver.league_api — Fetched 8 teams from ladder league 14889 (round 4).
2026-04-06 19:41:29 [INFO] waiver — coach_list.csv refreshed with 8 teams \u2192 G:\My Drive\projects\sc-player-data\inputs\coach_list.csv
2026-04-06 19:41:29 [INFO] waiver — [5/9] Building player table...
2026-04-06 19:41:29 [INFO] waiver.data_loader — Player table built: 781 total, 598 free agents, 23 on my roster, 0 on my roster with injury/suspension.
2026-04-06 19:41:29 [INFO] waiver — [6/9] Loading historical fanfooty data and computing metrics...
2026-04-06 19:41:46 [INFO] waiver.data_loader — Loaded 133707 historical game records across 16 seasons.
2026-04-06 19:41:49 [INFO] waiver.metrics — Metrics computed for 781 players. Replacement levels: {'DEF': '91.4', 'MID': '105.7', 'RUC': '92.0', 'FWD': '102.5', 'FLEX': '105.7'}
2026-04-06 19:41:49 [INFO] waiver — [7/9] Loading model predictions...
2026-04-06 19:41:49 [INFO] waiver.data_loader — Loaded Round 5 predictions: 596 players, avg projected score = 62.2.
2026-04-06 19:41:49 [INFO] waiver — Predictions for Round 5 merged: 596 players have projected scores.
2026-04-06 19:41:49 [INFO] waiver — [7b] Applying historical sanity checks to model predictions...
2026-04-06 19:41:49 [INFO] waiver — P(100+) corrected for 9 players based on historical ceiling.
2026-04-06 19:41:49 [INFO] waiver — Metrics ready: 781 players total, 598 free agents, 23 on my roster, 0 injured on-field.
2026-04-06 19:41:49 [INFO] waiver — [8/9] Scanning recent fanfooty rounds for role changes...
2026-04-06 19:41:49 [INFO] waiver.role_watch — Role Watch: detected 19 notable role changes (15 positive, 4 negative).
2026-04-06 19:41:49 [INFO] waiver — [8b] Refreshing AFL fixture schedule...
2026-04-06 19:41:53 [INFO] waiver.fixture_schedule — AFL fixture loaded: 207 games across rounds 0–24.
2026-04-06 19:41:53 [INFO] waiver.fixture_schedule — waiver_schedule.bat updated — 21 future rounds scheduled. Run as Administrator: G:\My Drive\projects\sc-player-data\waiver_schedule.bat
2026-04-06 19:41:53 [INFO] waiver — waiver_schedule.bat updated — newsletter will prompt re-registration.
2026-04-06 19:41:53 [INFO] waiver — [9/9] Generating newsletter...
2026-04-06 19:41:53 [INFO] waiver.newsletter — Newsletter written to G:\My Drive\projects\sc-player-data\reports\waiver_2026_rd04_2026-04-06.md
2026-04-06 19:41:53 [INFO] waiver — Uploading to Google Sheets...
2026-04-06 19:41:58 [INFO] waiver.gsheet_updater — Google Sheets updated successfully: 'SuperCoach Weekly Predictions' \u2192 'Waiver Targets'
2026-04-06 19:41:58 [INFO] waiver — Emailing newsletter to richardsmark@outlook.com...
2026-04-06 19:42:06 [INFO] waiver.emailer — Newsletter emailed to richardsmark@outlook.com.
2026-04-06 19:42:06 [INFO] waiver — Done. Newsletter saved to: G:\My Drive\projects\sc-player-data\reports\waiver_2026_rd04_2026-04-06.md
2026-04-07 07:00:07 [INFO] waiver — ============================================================
2026-04-07 07:00:07 [INFO] waiver — Waiver Newsletter Pipeline — Season 2026
2026-04-07 07:00:07 [INFO] waiver — ============================================================
2026-04-07 07:00:07 [INFO] waiver.league_api — Refreshing SC bearer token via Auth0...
2026-04-07 07:00:08 [INFO] waiver.league_api — SC token refreshed successfully.
2026-04-07 07:00:08 [INFO] waiver — [1/9] Fetching player ownership from SC in-season league API...
2026-04-07 07:00:08 [INFO] waiver.league_api — Fetching player status from https://www.supercoach.com.au/2026/api/afl/draft/v1/leagues/14889/playersStatus
2026-04-07 07:00:08 [INFO] waiver.league_api — Fetched status for 792 players; 608 are available (waiver).
2026-04-07 07:00:08 [INFO] waiver — [2/9] Fetching live injury and suspension data...
2026-04-07 07:00:08 [INFO] waiver.league_api — Fetching live player injury data from SC API...
2026-04-07 07:00:09 [INFO] waiver.league_api — Fetched injury data for 792 players; 0 have active injury/suspension.
2026-04-07 07:00:09 [INFO] waiver — [3/9] Loading SC player list...
2026-04-07 07:00:10 [INFO] waiver.data_loader — Loaded 781 players from player list.
2026-04-07 07:00:10 [INFO] waiver — [4/9] Loading current-season scores...
2026-04-07 07:00:10 [INFO] waiver.data_loader — Loaded 2026 scores: 658 players, max rounds played = 23.
2026-04-07 07:00:10 [INFO] waiver — Using round: 4
2026-04-07 07:00:10 [INFO] waiver — [4b] Scraping/processing fanfooty data for 2026 R1–R5 (probing +1)...
2026-04-07 07:00:10 [INFO] waiver — Scraping FanFooty raw data for 2026 R5...
2026-04-07 07:00:10 [INFO] root — Fetching fixture data from: https://www.fanfooty.com.au/game/archive.php?year=2026
2026-04-07 07:00:11 [WARNING] root — Could not find header for 'Round 5' for 2026.
2026-04-07 07:00:11 [WARNING] waiver — FanFooty scrape failed: no match IDs found for 2026 R5.
2026-04-07 07:00:11 [INFO] waiver — Round confirmed after scrape: 4
2026-04-07 07:00:11 [INFO] waiver — [4c] Fetching lineup for round 5...
2026-04-07 07:00:11 [INFO] waiver.league_api — Fetching lineup from https://www.supercoach.com.au/2026/api/afl/draft/v1/userteams/136934/statsPlayers?round=5
2026-04-07 07:00:11 [INFO] waiver.league_api — Lineup fetched: 19 on field, 4 bench (23 total).
2026-04-07 07:00:11 [INFO] waiver — [4d] Refreshing coach list from SC API ladder...
2026-04-07 07:00:11 [INFO] waiver.league_api — Refreshing SC bearer token via Auth0...
2026-04-07 07:00:12 [INFO] waiver.league_api — SC token refreshed successfully.
2026-04-07 07:00:12 [INFO] waiver.league_api — Fetching league teams from https://www.supercoach.com.au/2026/api/afl/draft/v1/leagues/14889/ladderAndFixtures?round=4&scores=true
2026-04-07 07:00:12 [INFO] waiver.league_api — Fetched 8 teams from ladder league 14889 (round 4).
2026-04-07 07:00:13 [INFO] waiver — coach_list.csv refreshed with 8 teams \u2192 G:\My Drive\projects\sc-player-data\inputs\coach_list.csv
2026-04-07 07:00:13 [INFO] waiver — [5/9] Building player table...
2026-04-07 07:00:13 [INFO] waiver.data_loader — Player table built: 781 total, 598 free agents, 23 on my roster, 0 on my roster with injury/suspension.
2026-04-07 07:00:13 [INFO] waiver — [6/9] Loading historical fanfooty data and computing metrics...
2026-04-07 07:00:25 [INFO] waiver.data_loader — Loaded 133707 historical game records across 16 seasons.
2026-04-07 07:00:28 [INFO] waiver.metrics — Metrics computed for 781 players. Replacement levels: {'DEF': '84.5', 'MID': '105.7', 'RUC': '95.1', 'FWD': '102.5', 'FLEX': '105.7'}
2026-04-07 07:00:28 [INFO] waiver — [7/9] Loading model predictions...
2026-04-07 07:00:28 [INFO] waiver.data_loader — Loaded Round 5 predictions: 596 players, avg projected score = 62.2.
2026-04-07 07:00:29 [INFO] waiver — Predictions for Round 5 merged: 596 players have projected scores.
2026-04-07 07:00:29 [INFO] waiver — [7b] Applying historical sanity checks to model predictions...
2026-04-07 07:00:29 [INFO] waiver — P(100+) corrected for 9 players based on historical ceiling.
2026-04-07 07:00:29 [INFO] waiver — Metrics ready: 781 players total, 598 free agents, 23 on my roster, 0 injured on-field.
2026-04-07 07:00:29 [INFO] waiver — [8/9] Scanning recent fanfooty rounds for role changes...
2026-04-07 07:00:29 [INFO] waiver.role_watch — Role Watch: detected 20 notable role changes (16 positive, 4 negative).
2026-04-07 07:00:29 [INFO] waiver — [8b] Refreshing AFL fixture schedule...
2026-04-07 07:00:32 [INFO] waiver.fixture_schedule — AFL fixture loaded: 207 games across rounds 0–24.
2026-04-07 07:00:32 [INFO] waiver.fixture_schedule — waiver_schedule.bat updated — 20 future rounds scheduled. Run as Administrator: G:\My Drive\projects\sc-player-data\waiver_schedule.bat
2026-04-07 07:00:32 [INFO] waiver — waiver_schedule.bat updated — newsletter will prompt re-registration.
2026-04-07 07:00:32 [INFO] waiver — [9/9] Generating newsletter...
2026-04-07 07:00:32 [INFO] waiver.newsletter — Newsletter written to G:\My Drive\projects\sc-player-data\reports\waiver_2026_rd04_2026-04-07.md
2026-04-07 07:00:32 [INFO] waiver — Uploading to Google Sheets...
2026-04-07 07:00:37 [INFO] waiver.gsheet_updater — Google Sheets updated successfully: 'SuperCoach Weekly Predictions' \u2192 'Waiver Targets'
2026-04-07 07:00:37 [INFO] waiver — Emailing newsletter to richardsmark@outlook.com...
2026-04-07 07:00:46 [INFO] waiver.emailer — Newsletter emailed to richardsmark@outlook.com.
2026-04-07 07:00:46 [INFO] waiver — Done. Newsletter saved to: G:\My Drive\projects\sc-player-data\reports\waiver_2026_rd04_2026-04-07.md
2026-04-10 12:57:51 [INFO] waiver — ============================================================
2026-04-10 12:57:51 [INFO] waiver — Waiver Newsletter Pipeline — Season 2026
2026-04-10 12:57:51 [INFO] waiver — ============================================================
2026-04-10 12:57:51 [INFO] waiver.league_api — Refreshing SC bearer token via Auth0...
2026-04-10 12:57:52 [INFO] waiver.league_api — SC token refreshed successfully.
2026-04-10 12:57:52 [INFO] waiver — [1/9] Fetching player ownership from SC in-season league API...
2026-04-10 12:57:52 [INFO] waiver.league_api — Fetching player status from https://www.supercoach.com.au/2026/api/afl/draft/v1/leagues/14889/playersStatus
2026-04-10 12:57:52 [INFO] waiver.league_api — Fetched status for 792 players; 3 are available (waiver).
2026-04-10 12:57:52 [INFO] waiver — [2/9] Fetching live injury and suspension data...
2026-04-10 12:57:52 [INFO] waiver.league_api — Fetching live player injury data from SC API...
2026-04-10 12:57:54 [INFO] waiver.league_api — Fetched injury data for 792 players; 789 have active injury/suspension.
2026-04-10 12:57:54 [INFO] waiver — [3/9] Loading SC player list...
2026-04-10 12:57:54 [INFO] waiver.data_loader — Loaded 781 players from player list.
2026-04-10 12:57:54 [INFO] waiver — [4/9] Loading current-season scores...
2026-04-10 12:57:54 [INFO] waiver.data_loader — Loaded 2026 scores: 228 players, max rounds played = 4.
2026-04-10 12:57:54 [INFO] waiver — Using round: 4
2026-04-10 12:57:54 [INFO] waiver — [4b] Scraping/processing fanfooty data for 2026 R1–R5 (probing +1)...
2026-04-10 12:57:54 [INFO] waiver — Scraping FanFooty raw data for 2026 R5...
2026-04-10 12:57:54 [INFO] root — Fetching fixture data from: https://www.fanfooty.com.au/game/archive.php?year=2026
2026-04-10 12:57:55 [INFO] root — Found 1 unique matches for Round 5: ['9737']
2026-04-10 12:57:56 [INFO] root — Successfully saved: 9737.txt
2026-04-10 12:57:56 [INFO] waiver — Processing FanFooty data for 2026 R5...
2026-04-10 12:57:56 [INFO] waiver — Saved G:\My Drive\projects\sc-player-data\data\processed\2026_round_5_fanfooty_data.csv
2026-04-10 12:57:56 [INFO] waiver — Round confirmed after scrape: 5
2026-04-10 12:57:56 [INFO] waiver — [4c] Fetching lineup for round 6...
2026-04-10 12:57:56 [INFO] waiver.league_api — Fetching lineup from https://www.supercoach.com.au/2026/api/afl/draft/v1/userteams/136934/statsPlayers?round=6
2026-04-10 12:57:56 [INFO] waiver.league_api — Lineup fetched: 19 on field, 4 bench (23 total).
2026-04-10 12:57:56 [INFO] waiver — [4d] Refreshing coach list from SC API ladder...
2026-04-10 12:57:56 [INFO] waiver.league_api — Refreshing SC bearer token via Auth0...
2026-04-10 12:57:57 [INFO] waiver.league_api — SC token refreshed successfully.
2026-04-10 12:57:57 [INFO] waiver.league_api — Fetching league teams from https://www.supercoach.com.au/2026/api/afl/draft/v1/leagues/14889/ladderAndFixtures?round=5&scores=true
2026-04-10 12:57:58 [INFO] waiver.league_api — Fetched 8 teams from ladder league 14889 (round 5).
2026-04-10 12:57:58 [INFO] waiver — coach_list.csv refreshed with 8 teams \u2192 G:\My Drive\projects\sc-player-data\inputs\coach_list.csv
2026-04-10 12:57:58 [INFO] waiver — [4e] Refreshing website outputs (ladder, fixtures, player match results)...
2026-04-10 12:57:58 [INFO] waiver.league_api — Refreshing SC bearer token via Auth0...
2026-04-10 12:57:59 [INFO] waiver.league_api — SC token refreshed successfully.
2026-04-10 12:57:59 [WARNING] waiver — Website data refresh failed (non-fatal): [Errno 22] Invalid argument: 'G:\\My Drive\\projects\\sc-player-data\\fantasy_banter_data\\2026\\raw\\leagues_14889_ladderAndFixtures?round=22&scores=true.json'
2026-04-10 12:57:59 [INFO] waiver — [5/9] Building player table...
2026-04-10 12:57:59 [INFO] waiver.data_loader — Player table built: 781 total, 597 free agents, 23 on my roster, 0 on my roster with injury/suspension.
2026-04-10 12:57:59 [INFO] waiver — [6/9] Loading historical fanfooty data and computing metrics...
2026-04-10 12:58:08 [INFO] waiver.data_loader — Loaded 133753 historical game records across 16 seasons.
2026-04-10 12:58:11 [INFO] waiver.metrics — Metrics computed for 781 players. Replacement levels: {'DEF': '101.5', 'MID': '103.1', 'RUC': '95.1', 'FWD': '102.5', 'FLEX': '103.1'}
2026-04-10 12:58:11 [INFO] waiver — [7/9] Loading model predictions...
2026-04-10 12:58:11 [INFO] waiver.data_loader — Loaded Round 6 predictions: 596 players, avg projected score = 62.1.
2026-04-10 12:58:11 [INFO] waiver — Predictions for Round 6 merged: 596 players have projected scores.
2026-04-10 12:58:11 [INFO] waiver — [7b] Applying historical sanity checks to model predictions...
2026-04-10 12:58:11 [INFO] waiver — P(100+) corrected for 8 players based on historical ceiling.
2026-04-10 12:58:11 [INFO] waiver — Metrics ready: 781 players total, 597 free agents, 23 on my roster, 0 injured on-field.
2026-04-10 12:58:11 [INFO] waiver — [8/9] Scanning recent fanfooty rounds for role changes...
2026-04-10 12:58:11 [INFO] waiver.role_watch — Role Watch: detected 19 notable role changes (16 positive, 3 negative).
2026-04-10 12:58:11 [INFO] waiver — [8b] Refreshing AFL fixture schedule...
2026-04-10 12:58:14 [INFO] waiver.fixture_schedule — AFL fixture loaded: 207 games across rounds 0–24.
2026-04-10 12:58:14 [INFO] waiver.fixture_schedule — waiver_schedule.bat updated — 20 future rounds scheduled. Run as Administrator: G:\My Drive\projects\sc-player-data\waiver_schedule.bat
2026-04-10 12:58:14 [INFO] waiver — waiver_schedule.bat updated — newsletter will prompt re-registration.
2026-04-10 12:58:14 [INFO] waiver — [9/9] Generating newsletter...
2026-04-10 12:58:14 [INFO] waiver.newsletter — Newsletter written to G:\My Drive\projects\sc-player-data\reports\waiver_2026_rd05_2026-04-10.md
2026-04-10 12:58:14 [INFO] waiver — Uploading to Google Sheets...
2026-04-10 12:58:19 [INFO] waiver.gsheet_updater — Google Sheets updated successfully: 'SuperCoach Weekly Predictions' \u2192 'Waiver Targets'
2026-04-10 12:58:19 [INFO] waiver — Emailing newsletter to richardsmark@outlook.com...
2026-04-10 12:58:27 [INFO] waiver.emailer — Newsletter emailed to richardsmark@outlook.com.
2026-04-10 12:58:27 [INFO] waiver — Done. Newsletter saved to: G:\My Drive\projects\sc-player-data\reports\waiver_2026_rd05_2026-04-10.md
2026-04-13 07:00:20 [INFO] waiver — ============================================================
2026-04-13 07:00:20 [INFO] waiver — Waiver Newsletter Pipeline — Season 2026
2026-04-13 07:00:20 [INFO] waiver — ============================================================
2026-04-13 07:00:20 [INFO] waiver.league_api — Refreshing SC bearer token via Auth0...
2026-04-13 07:00:21 [INFO] waiver.league_api — SC token refreshed successfully.
2026-04-13 07:00:21 [INFO] waiver — [1/9] Fetching player ownership from SC in-season league API...
2026-04-13 07:00:21 [INFO] waiver.league_api — Fetching player status from https://www.supercoach.com.au/2026/api/afl/draft/v1/leagues/14889/playersStatus
2026-04-13 07:00:21 [INFO] waiver.league_api — Fetched status for 792 players; 607 are available (waiver).
2026-04-13 07:00:21 [INFO] waiver — [2/9] Fetching live injury and suspension data...
2026-04-13 07:00:21 [INFO] waiver.league_api — Fetching live player injury data from SC API...
2026-04-13 07:00:24 [INFO] waiver.league_api — Fetched injury data for 792 players; 120 have active injury/suspension.
2026-04-13 07:00:24 [INFO] waiver — [3/9] Loading SC player list...
2026-04-13 07:00:24 [INFO] waiver.data_loader — Loaded 781 players from player list.
2026-04-13 07:00:24 [INFO] waiver — [4/9] Loading current-season scores...
2026-04-13 07:00:24 [INFO] waiver.data_loader — Loaded 2026 scores: 228 players, max rounds played = 4.
2026-04-13 07:00:24 [INFO] waiver — Using round: 5
2026-04-13 07:00:24 [INFO] waiver — [4b] Scraping/processing fanfooty data for 2026 R1–R6 (probing +1)...
2026-04-13 07:00:25 [INFO] waiver — Scraping FanFooty raw data for 2026 R6...
2026-04-13 07:00:25 [INFO] root — Fetching fixture data from: https://www.fanfooty.com.au/game/archive.php?year=2026
2026-04-13 07:00:27 [WARNING] root — Could not find header for 'Round 6' for 2026.
2026-04-13 07:00:27 [WARNING] waiver — FanFooty scrape failed: no match IDs found for 2026 R6.
2026-04-13 07:00:27 [INFO] waiver — Round confirmed after scrape: 5
2026-04-13 07:00:27 [WARNING] waiver — DATA WARNING: player_stats_current.csv is 4.4 days old (threshold: 4 days).
2026-04-13 07:00:27 [WARNING] waiver — DATA WARNING: ladder.csv is 4.4 days old (threshold: 4 days).
2026-04-13 07:00:27 [INFO] waiver — [4c] Fetching lineup for round 6...
2026-04-13 07:00:27 [INFO] waiver.league_api — Fetching lineup from https://www.supercoach.com.au/2026/api/afl/draft/v1/userteams/136934/statsPlayers?round=6
2026-04-13 07:00:27 [INFO] waiver.league_api — Lineup fetched: 19 on field, 4 bench (23 total).
2026-04-13 07:00:27 [INFO] waiver — [4d] Refreshing coach list from SC API ladder...
2026-04-13 07:00:27 [INFO] waiver.league_api — Refreshing SC bearer token via Auth0...
2026-04-13 07:00:27 [INFO] waiver.league_api — SC token refreshed successfully.
2026-04-13 07:00:27 [INFO] waiver.league_api — Fetching league teams from https://www.supercoach.com.au/2026/api/afl/draft/v1/leagues/14889/ladderAndFixtures?round=5&scores=true
2026-04-13 07:00:28 [INFO] waiver.league_api — Fetched 8 teams from ladder league 14889 (round 5).
2026-04-13 07:00:28 [INFO] waiver — coach_list.csv refreshed with 8 teams \u2192 G:\My Drive\projects\sc-player-data\data\live\coach_list.csv
2026-04-13 07:00:28 [INFO] waiver — [4e] Refreshing website outputs (ladder, fixtures, player match results)...
2026-04-13 07:00:29 [INFO] waiver.league_api — Refreshing SC bearer token via Auth0...
2026-04-13 07:00:29 [INFO] waiver.league_api — SC token refreshed successfully.
2026-04-13 07:00:31 [WARNING] waiver — Website data refresh failed (non-fatal): [Errno 22] Invalid argument: 'G:\\My Drive\\projects\\sc-player-data\\data\\raw\\supercoach\\2026\\leagues_14889_ladderAndFixtures?round=22&scores=true.json'
2026-04-13 07:00:31 [INFO] waiver — [4f] Updating master_player_data.csv with 2026 current-season data...
2026-04-13 07:00:35 [INFO] root — update_current_season: added 736 rows for 2026 \u2192 data\processed\master_player_data.csv
2026-04-13 07:00:35 [INFO] waiver — [4f] master_player_data.csv: 736 rows added for 2026.
2026-04-13 07:00:35 [INFO] waiver — [5/9] Building player table...
2026-04-13 07:00:35 [INFO] waiver.data_loader — Player table built: 781 total, 597 free agents, 24 on my roster, 1 on my roster with injury/suspension.
2026-04-13 07:00:35 [WARNING] waiver.data_loader — ROSTER INJURY: Sam Powell-Pepper — Injury: Knee. Expected to be available for round 11 - 13.
2026-04-13 07:00:35 [INFO] waiver — [6/9] Loading historical fanfooty data and computing metrics...
2026-04-13 07:00:55 [INFO] waiver.data_loader — Loaded 133753 historical game records across 16 seasons.
2026-04-13 07:01:00 [INFO] waiver.metrics — Metrics computed for 781 players. Replacement levels: {'DEF': '101.5', 'MID': '103.1', 'RUC': '95.1', 'FWD': '102.5', 'FLEX': '103.1'}
2026-04-13 07:01:00 [INFO] waiver — [7/9] Loading model predictions...
2026-04-13 07:01:00 [INFO] waiver.data_loader — Loaded Round 6 predictions: 596 players, avg projected score = 62.1.
2026-04-13 07:01:00 [INFO] waiver — Predictions for Round 6 merged: 596 players have projected scores.
2026-04-13 07:01:00 [INFO] waiver — [7b] Applying historical sanity checks to model predictions...
2026-04-13 07:01:00 [INFO] waiver — P(100+) corrected for 8 players based on historical ceiling.
2026-04-13 07:01:00 [INFO] waiver — Metrics ready: 781 players total, 597 free agents, 24 on my roster, 1 injured on-field.
2026-04-13 07:01:00 [INFO] waiver — [8/9] Scanning recent fanfooty rounds for role changes...
2026-04-13 07:01:00 [INFO] waiver.role_watch — Role Watch: detected 18 notable role changes (15 positive, 3 negative).
2026-04-13 07:01:00 [INFO] waiver — [8b] Refreshing AFL fixture schedule...
2026-04-13 07:01:04 [INFO] waiver.fixture_schedule — AFL fixture loaded: 207 games across rounds 0–24.
2026-04-13 07:01:04 [INFO] waiver.fixture_schedule — waiver_schedule.bat updated — 19 future rounds scheduled. Run as Administrator: G:\My Drive\projects\sc-player-data\waiver_schedule.bat
2026-04-13 07:01:04 [INFO] waiver — waiver_schedule.bat updated — newsletter will prompt re-registration.
2026-04-13 07:01:04 [INFO] waiver — [9/9] Generating newsletter...
2026-04-13 07:01:04 [INFO] waiver.newsletter — Newsletter written to G:\My Drive\projects\sc-player-data\reports\waiver_2026_rd05_2026-04-13.md
2026-04-13 07:01:04 [INFO] waiver — Uploading to Google Sheets...
2026-04-13 07:01:10 [INFO] waiver.gsheet_updater — Google Sheets updated successfully: 'SuperCoach Weekly Predictions' \u2192 'Waiver Targets'
2026-04-13 07:01:10 [INFO] waiver — Emailing newsletter to richardsmark@outlook.com...
2026-04-13 07:01:18 [INFO] waiver.emailer — Newsletter emailed to richardsmark@outlook.com.
2026-04-13 07:01:18 [INFO] waiver — Done. Newsletter saved to: G:\My Drive\projects\sc-player-data\reports\waiver_2026_rd05_2026-04-13.md
2026-04-13 11:59:37 [INFO] waiver — ============================================================
2026-04-13 11:59:37 [INFO] waiver — Waiver Newsletter Pipeline — Season 2026
2026-04-13 11:59:37 [INFO] waiver — ============================================================
2026-04-13 11:59:37 [INFO] waiver.league_api — Refreshing SC bearer token via Auth0...
2026-04-13 11:59:38 [INFO] waiver.league_api — SC token refreshed successfully.
2026-04-13 11:59:38 [INFO] waiver — [1/9] Fetching player ownership from SC in-season league API...
2026-04-13 11:59:38 [INFO] waiver.league_api — Fetching player status from https://www.supercoach.com.au/2026/api/afl/draft/v1/leagues/14889/playersStatus
2026-04-13 11:59:39 [INFO] waiver.league_api — Fetched status for 792 players; 607 are available (waiver).
2026-04-13 11:59:39 [INFO] waiver — [2/9] Fetching live injury and suspension data...
2026-04-13 11:59:39 [INFO] waiver.league_api — Fetching live player injury data from SC API...
2026-04-13 11:59:40 [INFO] waiver.league_api — Fetched injury data for 792 players; 120 have active injury/suspension.
2026-04-13 11:59:40 [INFO] waiver — [3/9] Loading SC player list...
2026-04-13 11:59:41 [INFO] waiver.data_loader — Loaded 781 players from player list.
2026-04-13 11:59:41 [INFO] waiver — [4/9] Loading current-season scores...
2026-04-13 11:59:41 [INFO] waiver.data_loader — Loaded 2026 scores: 235 players, max rounds played = 5.
2026-04-13 11:59:41 [INFO] waiver — Using round: 5
2026-04-13 11:59:41 [INFO] waiver — [4b] Scraping/processing fanfooty data for 2026 R1–R6 (probing +1)...
2026-04-13 11:59:41 [INFO] waiver — Scraping FanFooty raw data for 2026 R6...
2026-04-13 11:59:41 [INFO] root — Fetching fixture data from: https://www.fanfooty.com.au/game/archive.php?year=2026
2026-04-13 11:59:41 [WARNING] root — Could not find header for 'Round 6' for 2026.
2026-04-13 11:59:41 [WARNING] waiver — FanFooty scrape failed: no match IDs found for 2026 R6.
2026-04-13 11:59:41 [INFO] waiver — Round confirmed after scrape: 5
2026-04-13 11:59:41 [INFO] waiver — [4b-validate] Validating round 5 data coverage...
2026-04-13 11:59:41 [INFO] root — Fetching fixture data from: https://www.fanfooty.com.au/game/archive.php?year=2026
2026-04-13 11:59:43 [INFO] root — Found 9 unique matches for Round 5: ['9737', '9738', '9739', '9740', '9741', '9742', '9743', '9744', '9745']
2026-04-13 11:59:43 [INFO] waiver — [4c] Fetching lineup for round 6...
2026-04-13 11:59:43 [INFO] waiver.league_api — Fetching lineup from https://www.supercoach.com.au/2026/api/afl/draft/v1/userteams/136934/statsPlayers?round=6
2026-04-13 11:59:43 [INFO] waiver.league_api — Lineup fetched: 19 on field, 4 bench (23 total).
2026-04-13 11:59:43 [INFO] waiver — [4d] Refreshing coach list from SC API ladder...
2026-04-13 11:59:43 [INFO] waiver.league_api — Refreshing SC bearer token via Auth0...
2026-04-13 11:59:44 [INFO] waiver.league_api — SC token refreshed successfully.
2026-04-13 11:59:44 [INFO] waiver.league_api — Fetching league teams from https://www.supercoach.com.au/2026/api/afl/draft/v1/leagues/14889/ladderAndFixtures?round=5&scores=true
2026-04-13 11:59:45 [INFO] waiver.league_api — Fetched 8 teams from ladder league 14889 (round 5).
2026-04-13 11:59:45 [INFO] waiver — coach_list.csv refreshed with 8 teams \u2192 G:\My Drive\projects\sc-player-data\data\live\coach_list.csv
2026-04-13 11:59:45 [INFO] waiver — [4e] Refreshing website outputs (ladder, fixtures, player match results)...
2026-04-13 11:59:45 [INFO] waiver.league_api — Refreshing SC bearer token via Auth0...
2026-04-13 11:59:46 [INFO] waiver.league_api — SC token refreshed successfully.
2026-04-13 12:00:01 [INFO] website.data.api_ingest — Detected current round: 5
2026-04-13 12:00:06 [INFO] website.data.api_ingest — Processing 2026 data for rounds 1..5
2026-04-13 12:00:06 [INFO] website.data.api_ingest — ladder.csv: 40 rows
2026-04-13 12:00:06 [INFO] website.data.api_ingest — fixture_results_by_team.csv: 40 rows
2026-04-13 12:00:06 [INFO] website.data.api_ingest — player_match_results.csv: 920 rows
2026-04-13 12:00:06 [INFO] website.data.api_ingest — player_stats_current.csv: 920 rows
2026-04-13 12:00:06 [INFO] waiver.league_api — Fetching player status from https://www.supercoach.com.au/2026/api/afl/draft/v1/leagues/14889/playersStatus
2026-04-13 12:00:07 [INFO] waiver.league_api — Fetched status for 792 players; 607 are available (waiver).
2026-04-13 12:00:07 [INFO] website.data.api_ingest — current_teams.csv: 184 players
2026-04-13 12:00:07 [INFO] website.data.api_ingest — Saved league_fixtures.json (21 rounds)
2026-04-13 12:00:08 [INFO] website.data.api_ingest — fixture_schedule_2026.csv: 84 matchups
2026-04-13 12:00:09 [INFO] website.data.api_ingest — processedWaivers: 67 rows
2026-04-13 12:00:09 [INFO] website.data.api_ingest — Free Agent pickups (/trades): 45 rows
2026-04-13 12:00:09 [INFO] website.data.api_ingest — Team trades (/teamtrades): 6 rows from 3 approved trades
2026-04-13 12:00:09 [INFO] website.data.api_ingest — transactions.csv: 118 rows \u2192 G:\My Drive\projects\sc-player-data\data\live\transactions.csv
2026-04-13 12:00:10 [INFO] website.data.api_ingest — Saved processedWaivers \u2192 G:\My Drive\projects\sc-player-data\data\raw\supercoach\2026\leagues_14889_processedWaivers.json
2026-04-13 12:00:10 [INFO] website.data.api_ingest — Saved teamtrades \u2192 G:\My Drive\projects\sc-player-data\data\raw\supercoach\2026\leagues_14889_teamtrades.json
2026-04-13 12:00:10 [INFO] website.data.api_ingest — Saved trades \u2192 G:\My Drive\projects\sc-player-data\data\raw\supercoach\2026\leagues_14889_trades.json
2026-04-13 12:00:11 [INFO] website.data.api_ingest — Saved playersStatus \u2192 G:\My Drive\projects\sc-player-data\data\raw\supercoach\2026\leagues_4199_playersStatus.json
2026-04-13 12:00:11 [INFO] website.data.api_ingest — Saved recap \u2192 G:\My Drive\projects\sc-player-data\data\raw\supercoach\2026\leagues_14889_recap.json
2026-04-13 12:00:11 [INFO] website.data.api_ingest — Saved me \u2192 me.json
2026-04-13 12:00:12 [INFO] website.data.api_ingest — Saved real_fixture \u2192 real_fixture.json
2026-04-13 12:00:12 [INFO] website.data.api_ingest — Saved players \u2192 players_cf_embed=notes,odds,player_stats,positions,player_match_stats&round=1.json
2026-04-13 12:00:13 [INFO] website.data.api_ingest — Saved players \u2192 players_cf_embed=notes,odds,player_stats,positions,player_match_stats&round=2.json
2026-04-13 12:00:14 [INFO] website.data.api_ingest — Saved players \u2192 players_cf_embed=notes,odds,player_stats,positions,player_match_stats&round=3.json
2026-04-13 12:00:14 [INFO] website.data.api_ingest — Saved players \u2192 players_cf_embed=notes,odds,player_stats,positions,player_match_stats&round=4.json
2026-04-13 12:00:15 [INFO] website.data.api_ingest — Saved players \u2192 players_cf_embed=notes,odds,player_stats,positions,player_match_stats&round=5.json
2026-04-13 12:00:15 [INFO] website.data.api_ingest — Refresh complete: 40 ladder, 40 fixture, 920 player-match rows (rounds 1–5).
2026-04-13 12:00:17 [INFO] waiver — [4e] Website cache cleared.
2026-04-13 12:00:17 [INFO] waiver — [4f] Updating master_player_data.csv with 2026 current-season data...
2026-04-13 12:00:21 [INFO] root — update_current_season: added 920 rows for 2026 \u2192 data\processed\master_player_data.csv
2026-04-13 12:00:21 [INFO] waiver — [4f] master_player_data.csv: 920 rows added for 2026.
2026-04-13 12:00:21 [INFO] waiver — [5/9] Building player table...
2026-04-13 12:00:21 [INFO] waiver.data_loader — Player table built: 781 total, 597 free agents, 24 on my roster, 1 on my roster with injury/suspension.
2026-04-13 12:00:21 [WARNING] waiver.data_loader — ROSTER INJURY: Sam Powell-Pepper — Injury: Knee. Expected to be available for round 11 - 13.
2026-04-13 12:00:21 [INFO] waiver — [6/9] Loading historical fanfooty data and computing metrics...
2026-04-13 12:00:30 [INFO] waiver.data_loader — Loaded 134121 historical game records across 16 seasons.
2026-04-13 12:00:33 [INFO] waiver.metrics — Metrics computed for 781 players. Replacement levels: {'DEF': '101.6', 'MID': '103.1', 'RUC': '95.1', 'FWD': '102.5', 'FLEX': '103.1'}
2026-04-13 12:00:33 [INFO] waiver — [7/9] Loading model predictions...
2026-04-13 12:00:33 [INFO] waiver.data_loader — Loaded Round 6 predictions: 596 players, avg projected score = 62.1.
2026-04-13 12:00:33 [INFO] waiver — Predictions for Round 6 merged: 596 players have projected scores.
2026-04-13 12:00:33 [INFO] waiver — [7b] Applying historical sanity checks to model predictions...
2026-04-13 12:00:33 [INFO] waiver — P(100+) corrected for 7 players based on historical ceiling.
2026-04-13 12:00:33 [INFO] waiver — Metrics ready: 781 players total, 597 free agents, 24 on my roster, 1 injured on-field.
2026-04-13 12:00:33 [INFO] waiver — [8/9] Scanning recent fanfooty rounds for role changes...
2026-04-13 12:00:33 [INFO] waiver.role_watch — Role Watch: detected 21 notable role changes (19 positive, 2 negative).
2026-04-13 12:00:33 [INFO] waiver — [8b] Refreshing AFL fixture schedule...
2026-04-13 12:00:37 [INFO] waiver.fixture_schedule — AFL fixture loaded: 207 games across rounds 0–24.
2026-04-13 12:00:37 [INFO] waiver.fixture_schedule — waiver_schedule.bat updated — 19 future rounds scheduled. Run as Administrator: G:\My Drive\projects\sc-player-data\waiver_schedule.bat
2026-04-13 12:00:37 [INFO] waiver — waiver_schedule.bat updated — newsletter will prompt re-registration.
2026-04-13 12:00:37 [INFO] waiver — [9/9] Generating newsletter...
2026-04-13 12:00:37 [INFO] waiver.newsletter — Newsletter written to G:\My Drive\projects\sc-player-data\reports\waiver_2026_rd05_2026-04-13.md
2026-04-13 12:00:37 [INFO] waiver — Uploading to Google Sheets...
2026-04-13 12:00:42 [INFO] waiver.gsheet_updater — Google Sheets updated successfully: 'SuperCoach Weekly Predictions' \u2192 'Waiver Targets'
2026-04-13 12:00:42 [INFO] waiver — Emailing newsletter to richardsmark@outlook.com...
2026-04-13 12:00:50 [INFO] waiver.emailer — Newsletter emailed to richardsmark@outlook.com.
2026-04-13 12:00:50 [INFO] waiver — Done. Newsletter saved to: G:\My Drive\projects\sc-player-data\reports\waiver_2026_rd05_2026-04-13.md
2026-04-20 07:00:07 [INFO] waiver — ============================================================
2026-04-20 07:00:07 [INFO] waiver — Waiver Newsletter Pipeline — Season 2026
2026-04-20 07:00:07 [INFO] waiver — ============================================================
2026-04-20 07:00:07 [INFO] waiver.league_api — Refreshing SC bearer token via Auth0...
2026-04-20 07:00:08 [INFO] waiver.league_api — SC token refreshed successfully.
2026-04-20 07:00:08 [INFO] waiver — [1/9] Fetching player ownership from SC in-season league API...
2026-04-20 07:00:08 [INFO] waiver.league_api — Fetching player status from https://www.supercoach.com.au/2026/api/afl/draft/v1/leagues/14889/playersStatus
2026-04-20 07:00:08 [INFO] waiver.league_api — Fetched status for 792 players; 607 are available (waiver).
2026-04-20 07:00:08 [INFO] waiver — [2/9] Fetching live injury and suspension data...
2026-04-20 07:00:08 [INFO] waiver.league_api — Fetching live player injury data from SC API...
2026-04-20 07:00:10 [INFO] waiver.league_api — Fetched injury data for 792 players; 126 have active injury/suspension.
2026-04-20 07:00:10 [INFO] waiver — [3/9] Loading SC player list...
2026-04-20 07:00:10 [INFO] waiver.data_loader — Loaded 781 players from player list.
2026-04-20 07:00:10 [INFO] waiver — [4/9] Loading current-season scores...
2026-04-20 07:00:10 [INFO] waiver.data_loader — Loaded 2026 scores: 246 players, max rounds played = 6.
2026-04-20 07:00:10 [INFO] waiver — Using round: 6
2026-04-20 07:00:10 [INFO] waiver — [4b] Scraping/processing fanfooty data for 2026 R1–R7 (probing +1)...
2026-04-20 07:00:10 [INFO] waiver — Scraping FanFooty raw data for 2026 R7...
2026-04-20 07:00:10 [INFO] root — Fetching fixture data from: https://www.fanfooty.com.au/game/archive.php?year=2026
2026-04-20 07:00:11 [WARNING] root — Could not find header for 'Round 7' for 2026.
2026-04-20 07:00:11 [WARNING] waiver — FanFooty scrape failed: no match IDs found for 2026 R7.
2026-04-20 07:00:11 [INFO] waiver — Round confirmed after scrape: 6
2026-04-20 07:00:11 [INFO] waiver — [4b-validate] Validating round 6 data coverage...
2026-04-20 07:00:11 [INFO] root — Fetching fixture data from: https://www.fanfooty.com.au/game/archive.php?year=2026
2026-04-20 07:00:12 [INFO] root — Found 9 unique matches for Round 6: ['9746', '9747', '9748', '9749', '9750', '9751', '9752', '9753', '9754']
2026-04-20 07:00:12 [WARNING] waiver — VALIDATION: FanFooty R6 has 8/9 raw files. Incomplete scrape — will re-download.
2026-04-20 07:00:12 [INFO] waiver — Re-scraping FanFooty for 2026 R6 (9 games)...
2026-04-20 07:00:13 [INFO] root — Successfully saved: 9746.txt
2026-04-20 07:00:13 [INFO] root — Successfully saved: 9747.txt
2026-04-20 07:00:14 [INFO] root — Successfully saved: 9748.txt
2026-04-20 07:00:14 [INFO] root — Successfully saved: 9749.txt
2026-04-20 07:00:15 [INFO] root — Successfully saved: 9750.txt
2026-04-20 07:00:15 [INFO] root — Successfully saved: 9751.txt
2026-04-20 07:00:16 [INFO] root — Successfully saved: 9752.txt
2026-04-20 07:00:16 [INFO] root — Successfully saved: 9753.txt
2026-04-20 07:00:17 [INFO] root — Successfully saved: 9754.txt
2026-04-20 07:00:17 [INFO] waiver — Repaired: saved G:\My Drive\projects\sc-player-data\data\processed\2026_round_6_fanfooty_data.csv (414 rows)
2026-04-20 07:00:17 [INFO] waiver — [4c] Fetching lineup for round 7...
2026-04-20 07:00:17 [INFO] waiver.league_api — Fetching lineup from https://www.supercoach.com.au/2026/api/afl/draft/v1/userteams/136934/statsPlayers?round=7
2026-04-20 07:00:17 [INFO] waiver.league_api — Lineup fetched: 19 on field, 4 bench (23 total).
2026-04-20 07:00:17 [INFO] waiver — [4d] Refreshing coach list from SC API ladder...
2026-04-20 07:00:17 [INFO] waiver.league_api — Refreshing SC bearer token via Auth0...
2026-04-20 07:00:18 [INFO] waiver.league_api — SC token refreshed successfully.
2026-04-20 07:00:18 [INFO] waiver.league_api — Fetching league teams from https://www.supercoach.com.au/2026/api/afl/draft/v1/leagues/14889/ladderAndFixtures?round=6&scores=true
2026-04-20 07:00:19 [INFO] waiver.league_api — Fetched 8 teams from ladder league 14889 (round 6).
2026-04-20 07:00:19 [INFO] waiver — coach_list.csv refreshed with 8 teams \u2192 G:\My Drive\projects\sc-player-data\data\live\coach_list.csv
2026-04-20 07:00:22 [INFO] waiver.fixture_schedule — AFL fixture loaded: 207 games across rounds 0–24.
2026-04-20 07:00:22 [INFO] waiver — [4e] Refreshing website outputs (ladder, fixtures, player match results)...
2026-04-20 07:00:22 [INFO] waiver.league_api — Refreshing SC bearer token via Auth0...
2026-04-20 07:00:23 [INFO] waiver.league_api — SC token refreshed successfully.
2026-04-20 07:00:39 [INFO] website.data.api_ingest — Detected current round: 6
2026-04-20 07:00:44 [INFO] website.data.api_ingest — Processing 2026 data for rounds 1..6
2026-04-20 07:00:44 [INFO] website.data.api_ingest — ladder.csv: 48 rows
2026-04-20 07:00:44 [INFO] website.data.api_ingest — fixture_results_by_team.csv: 48 rows
2026-04-20 07:00:44 [INFO] website.data.api_ingest — player_match_results.csv: 1104 rows
2026-04-20 07:00:45 [INFO] website.data.api_ingest — player_stats_current.csv: 1104 rows
2026-04-20 07:00:45 [INFO] waiver.league_api — Fetching player status from https://www.supercoach.com.au/2026/api/afl/draft/v1/leagues/14889/playersStatus
2026-04-20 07:00:45 [INFO] waiver.league_api — Fetched status for 792 players; 607 are available (waiver).
2026-04-20 07:00:45 [INFO] website.data.api_ingest — current_teams.csv: 184 players
2026-04-20 07:00:45 [INFO] website.data.api_ingest — Saved league_fixtures.json (21 rounds)
2026-04-20 07:00:46 [INFO] website.data.api_ingest — fixture_schedule_2026.csv: 84 matchups
2026-04-20 07:00:47 [INFO] website.data.api_ingest — processedWaivers: 85 rows
2026-04-20 07:00:47 [INFO] website.data.api_ingest — Free Agent pickups (/trades): 55 rows
2026-04-20 07:00:48 [INFO] website.data.api_ingest — Team trades (/teamtrades): 6 rows from 3 approved trades
2026-04-20 07:00:48 [INFO] website.data.api_ingest — transactions.csv: 146 rows \u2192 G:\My Drive\projects\sc-player-data\data\live\transactions.csv
2026-04-20 07:00:48 [INFO] website.data.api_ingest — Saved processedWaivers \u2192 G:\My Drive\projects\sc-player-data\data\raw\supercoach\2026\leagues_14889_processedWaivers.json
2026-04-20 07:00:49 [INFO] website.data.api_ingest — Saved teamtrades \u2192 G:\My Drive\projects\sc-player-data\data\raw\supercoach\2026\leagues_14889_teamtrades.json
2026-04-20 07:00:50 [INFO] website.data.api_ingest — Saved trades \u2192 G:\My Drive\projects\sc-player-data\data\raw\supercoach\2026\leagues_14889_trades.json
2026-04-20 07:00:50 [INFO] website.data.api_ingest — Saved playersStatus \u2192 G:\My Drive\projects\sc-player-data\data\raw\supercoach\2026\leagues_4199_playersStatus.json
2026-04-20 07:00:50 [INFO] website.data.api_ingest — Saved recap \u2192 G:\My Drive\projects\sc-player-data\data\raw\supercoach\2026\leagues_14889_recap.json
2026-04-20 07:00:51 [INFO] website.data.api_ingest — Saved me \u2192 me.json
2026-04-20 07:00:51 [INFO] website.data.api_ingest — Saved real_fixture \u2192 real_fixture.json
2026-04-20 07:00:52 [INFO] website.data.api_ingest — Saved players \u2192 players_cf_embed=notes,odds,player_stats,positions,player_match_stats&round=1.json
2026-04-20 07:00:52 [INFO] website.data.api_ingest — Saved players \u2192 players_cf_embed=notes,odds,player_stats,positions,player_match_stats&round=2.json
2026-04-20 07:00:53 [INFO] website.data.api_ingest — Saved players \u2192 players_cf_embed=notes,odds,player_stats,positions,player_match_stats&round=3.json
2026-04-20 07:00:54 [INFO] website.data.api_ingest — Saved players \u2192 players_cf_embed=notes,odds,player_stats,positions,player_match_stats&round=4.json
2026-04-20 07:00:54 [INFO] website.data.api_ingest — Saved players \u2192 players_cf_embed=notes,odds,player_stats,positions,player_match_stats&round=5.json
2026-04-20 07:00:55 [INFO] website.data.api_ingest — Saved players \u2192 players_cf_embed=notes,odds,player_stats,positions,player_match_stats&round=6.json
2026-04-20 07:00:55 [INFO] website.data.api_ingest — Refresh complete: 48 ladder, 48 fixture, 1104 player-match rows (rounds 1–6).
2026-04-20 07:00:57 [INFO] waiver — [4e] Website cache cleared.
2026-04-20 07:00:57 [INFO] waiver — [4f] Updating master_player_data.csv with 2026 current-season data...
2026-04-20 07:01:01 [INFO] root — update_current_season: added 1104 rows for 2026 \u2192 data\processed\master_player_data.csv
2026-04-20 07:01:01 [INFO] waiver — [4f] master_player_data.csv: 1104 rows added for 2026.
2026-04-20 07:01:01 [INFO] waiver — [5/9] Building player table...
2026-04-20 07:01:01 [INFO] waiver.data_loader — Player table built: 781 total, 598 free agents, 24 on my roster, 1 on my roster with injury/suspension.
2026-04-20 07:01:01 [WARNING] waiver.data_loader — ROSTER INJURY: Deven Robertson — Injury: Knee. Out for season.
2026-04-20 07:01:01 [INFO] waiver — [6/9] Loading historical fanfooty data and computing metrics...
2026-04-20 07:01:15 [INFO] waiver.data_loader — Loaded 134535 historical game records across 16 seasons.
2026-04-20 07:01:18 [INFO] waiver.metrics — Metrics computed for 781 players. Replacement levels: {'DEF': '101.7', 'MID': '103.1', 'RUC': '95.1', 'FWD': '102.5', 'FLEX': '103.1'}
2026-04-20 07:01:18 [INFO] waiver — [7/9] Loading model predictions...
2026-04-20 07:01:18 [INFO] waiver.data_loader — Round 7 predictions not found; falling back to Round 6 predictions.
2026-04-20 07:01:18 [INFO] waiver.data_loader — Loaded Round 6 predictions: 596 players, avg projected score = 62.1.
2026-04-20 07:01:18 [INFO] waiver — Predictions for Round 6 merged: 596 players have projected scores.
2026-04-20 07:01:18 [INFO] waiver — [7b] Applying historical sanity checks to model predictions...
2026-04-20 07:01:18 [INFO] waiver — P(100+) corrected for 7 players based on historical ceiling.
2026-04-20 07:01:18 [INFO] waiver — Metrics ready: 781 players total, 598 free agents, 24 on my roster, 0 injured on-field.
2026-04-20 07:01:18 [INFO] waiver — [8/9] Scanning recent fanfooty rounds for role changes...
2026-04-20 07:01:18 [INFO] waiver.role_watch — Role Watch: detected 18 notable role changes (16 positive, 2 negative).
2026-04-20 07:01:18 [INFO] waiver — [8b] Refreshing AFL fixture schedule...
2026-04-20 07:01:19 [INFO] waiver.fixture_schedule — AFL fixture loaded: 207 games across rounds 0–24.
2026-04-20 07:01:19 [INFO] waiver.fixture_schedule — waiver_schedule.bat updated — 18 future rounds scheduled. Run as Administrator: G:\My Drive\projects\sc-player-data\waiver_schedule.bat
2026-04-20 07:01:19 [INFO] waiver — waiver_schedule.bat updated — newsletter will prompt re-registration.
2026-04-20 07:01:19 [INFO] waiver — [9/9] Generating newsletter...
2026-04-20 07:01:19 [INFO] waiver.newsletter — Newsletter written to G:\My Drive\projects\sc-player-data\reports\waiver_2026_rd06_2026-04-20.md
2026-04-20 07:01:19 [INFO] waiver — Uploading to Google Sheets...
2026-04-20 07:01:24 [INFO] waiver.gsheet_updater — Google Sheets updated successfully: 'SuperCoach Weekly Predictions' \u2192 'Waiver Targets'
2026-04-20 07:01:24 [INFO] waiver — Emailing newsletter to richardsmark@outlook.com...
2026-04-20 07:01:33 [INFO] waiver.emailer — Newsletter emailed to richardsmark@outlook.com.
2026-04-20 07:01:33 [INFO] waiver — Done. Newsletter saved to: G:\My Drive\projects\sc-player-data\reports\waiver_2026_rd06_2026-04-20.md
2026-04-27 07:00:04 [INFO] waiver — ============================================================
2026-04-27 07:00:04 [INFO] waiver — Waiver Newsletter Pipeline — Season 2026
2026-04-27 07:00:04 [INFO] waiver — ============================================================
2026-04-27 07:00:04 [INFO] waiver.league_api — Refreshing SC bearer token via Auth0...
2026-04-27 07:00:05 [INFO] waiver.league_api — SC token refreshed successfully.
2026-04-27 07:00:05 [INFO] waiver — [1/9] Fetching player ownership from SC in-season league API...
2026-04-27 07:00:05 [INFO] waiver.league_api — Fetching player status from https://www.supercoach.com.au/2026/api/afl/draft/v1/leagues/14889/playersStatus
2026-04-27 07:00:05 [INFO] waiver.league_api — Fetched status for 792 players; 607 are available (waiver).
2026-04-27 07:00:05 [INFO] waiver — [2/9] Fetching live injury and suspension data...
2026-04-27 07:00:05 [INFO] waiver.league_api — Fetching live player injury data from SC API...
2026-04-27 07:00:07 [INFO] waiver.league_api — Fetched injury data for 792 players; 0 have active injury/suspension.
2026-04-27 07:00:07 [INFO] waiver — [3/9] Loading SC player list...
2026-04-27 07:00:07 [INFO] waiver.data_loader — Loaded 781 players from player list.
2026-04-27 07:00:07 [INFO] waiver — [4/9] Loading current-season scores...
2026-04-27 07:00:07 [INFO] waiver.data_loader — Loaded 2026 scores: 246 players, max rounds played = 6.
2026-04-27 07:00:07 [INFO] waiver — Using round: 6
2026-04-27 07:00:07 [INFO] waiver — [4b] Scraping/processing fanfooty data for 2026 R1–R7 (probing +1)...
2026-04-27 07:00:07 [INFO] waiver — Scraping FanFooty raw data for 2026 R7...
2026-04-27 07:00:07 [INFO] root — Fetching fixture data from: https://www.fanfooty.com.au/game/archive.php?year=2026
2026-04-27 07:00:08 [INFO] root — Found 9 unique matches for Round 7: ['9755', '9756', '9757', '9758', '9759', '9760', '9761', '9762', '9763']
2026-04-27 07:00:08 [INFO] root — Successfully saved: 9755.txt
2026-04-27 07:00:09 [INFO] root — Successfully saved: 9756.txt
2026-04-27 07:00:09 [INFO] root — Successfully saved: 9757.txt
2026-04-27 07:00:09 [INFO] root — Successfully saved: 9758.txt
2026-04-27 07:00:10 [INFO] root — Successfully saved: 9759.txt
2026-04-27 07:00:10 [INFO] root — Successfully saved: 9760.txt
2026-04-27 07:00:10 [INFO] root — Successfully saved: 9761.txt
2026-04-27 07:00:11 [INFO] root — Successfully saved: 9762.txt
2026-04-27 07:00:11 [INFO] root — Successfully saved: 9763.txt
2026-04-27 07:00:11 [INFO] waiver — Processing FanFooty data for 2026 R7...
2026-04-27 07:00:11 [INFO] waiver — Saved G:\My Drive\projects\sc-player-data\data\processed\2026_round_7_fanfooty_data.csv
2026-04-27 07:00:11 [INFO] waiver — Round confirmed after scrape: 7
2026-04-27 07:00:18 [INFO] waiver — master_fanfooty_data.csv: appended 414 new rows for 2026 R1–R7
2026-04-27 07:00:18 [INFO] waiver — [4b-validate] Validating round 7 data coverage...
2026-04-27 07:00:18 [INFO] root — Fetching fixture data from: https://www.fanfooty.com.au/game/archive.php?year=2026
2026-04-27 07:00:19 [INFO] root — Found 9 unique matches for Round 7: ['9755', '9756', '9757', '9758', '9759', '9760', '9761', '9762', '9763']
2026-04-27 07:00:19 [WARNING] waiver — VALIDATION: SC player_match_results R7 has 0 rows — expected \u2265152 (8 teams × 19 on-field). Re-run refresh_2026_data() if the round is complete.
2026-04-27 07:00:19 [WARNING] waiver — DATA WARNING: player_stats_current.csv is 5.5 days old (threshold: 4 days).
2026-04-27 07:00:19 [WARNING] waiver — DATA WARNING: ladder.csv is 5.5 days old (threshold: 4 days).
2026-04-27 07:00:19 [WARNING] waiver — DATA WARNING: master_player_data.csv is 6.3 days old (threshold: 4 days).
2026-04-27 07:00:19 [INFO] waiver — [4c] Fetching lineup for round 8...
2026-04-27 07:00:19 [INFO] waiver.league_api — Fetching lineup from https://www.supercoach.com.au/2026/api/afl/draft/v1/userteams/136934/statsPlayers?round=8
2026-04-27 07:00:19 [INFO] waiver.league_api — Lineup fetched: 19 on field, 4 bench (23 total).
2026-04-27 07:00:19 [INFO] waiver — [4d] Refreshing coach list from SC API ladder...
2026-04-27 07:00:19 [INFO] waiver.league_api — Refreshing SC bearer token via Auth0...
2026-04-27 07:00:20 [INFO] waiver.league_api — SC token refreshed successfully.
2026-04-27 07:00:20 [INFO] waiver.league_api — Fetching league teams from https://www.supercoach.com.au/2026/api/afl/draft/v1/leagues/14889/ladderAndFixtures?round=7&scores=true
2026-04-27 07:00:20 [INFO] waiver.league_api — Fetched 8 teams from ladder league 14889 (round 7).
2026-04-27 07:00:20 [INFO] waiver — coach_list.csv refreshed with 8 teams \u2192 G:\My Drive\projects\sc-player-data\data\live\coach_list.csv
2026-04-27 07:00:23 [INFO] waiver.fixture_schedule — AFL fixture loaded: 207 games across rounds 0–24.
2026-04-27 07:00:23 [INFO] waiver — [4e] Refreshing website outputs (ladder, fixtures, player match results)...
2026-04-27 07:00:23 [INFO] waiver.league_api — Refreshing SC bearer token via Auth0...
2026-04-27 07:00:24 [INFO] waiver.league_api — SC token refreshed successfully.
2026-04-27 07:00:37 [INFO] website.data.api_ingest — Detected current round: 7
2026-04-27 07:00:44 [INFO] website.data.api_ingest — Processing 2026 data for rounds 1..7
2026-04-27 07:00:44 [INFO] website.data.api_ingest — ladder.csv: 56 rows
2026-04-27 07:00:44 [INFO] website.data.api_ingest — fixture_results_by_team.csv: 56 rows
2026-04-27 07:00:44 [INFO] website.data.api_ingest — player_match_results.csv: 1288 rows
2026-04-27 07:00:44 [INFO] website.data.api_ingest — player_stats_current.csv: 1288 rows
2026-04-27 07:00:44 [INFO] waiver.league_api — Fetching player status from https://www.supercoach.com.au/2026/api/afl/draft/v1/leagues/14889/playersStatus
2026-04-27 07:00:45 [INFO] waiver.league_api — Fetched status for 792 players; 607 are available (waiver).
2026-04-27 07:00:45 [INFO] website.data.api_ingest — current_teams.csv: 184 players
2026-04-27 07:00:45 [INFO] website.data.api_ingest — Saved league_fixtures.json (21 rounds)
2026-04-27 07:00:46 [INFO] website.data.api_ingest — fixture_schedule_2026.csv: 84 matchups
2026-04-27 07:00:47 [INFO] website.data.api_ingest — processedWaivers: 104 rows
2026-04-27 07:00:47 [INFO] website.data.api_ingest — Free Agent pickups (/trades): 67 rows
2026-04-27 07:00:47 [INFO] website.data.api_ingest — Team trades (/teamtrades): 6 rows from 3 approved trades
2026-04-27 07:00:47 [INFO] website.data.api_ingest — transactions.csv: 177 rows \u2192 G:\My Drive\projects\sc-player-data\data\live\transactions.csv
2026-04-27 07:00:48 [INFO] website.data.api_ingest — Saved processedWaivers \u2192 G:\My Drive\projects\sc-player-data\data\raw\supercoach\2026\leagues_14889_processedWaivers.json
2026-04-27 07:00:48 [INFO] website.data.api_ingest — Saved teamtrades \u2192 G:\My Drive\projects\sc-player-data\data\raw\supercoach\2026\leagues_14889_teamtrades.json
2026-04-27 07:00:49 [INFO] website.data.api_ingest — Saved trades \u2192 G:\My Drive\projects\sc-player-data\data\raw\supercoach\2026\leagues_14889_trades.json
2026-04-27 07:00:49 [INFO] website.data.api_ingest — Saved playersStatus \u2192 G:\My Drive\projects\sc-player-data\data\raw\supercoach\2026\leagues_4199_playersStatus.json
2026-04-27 07:00:50 [INFO] website.data.api_ingest — Saved recap \u2192 G:\My Drive\projects\sc-player-data\data\raw\supercoach\2026\leagues_14889_recap.json
2026-04-27 07:00:50 [INFO] website.data.api_ingest — Saved me \u2192 me.json
2026-04-27 07:00:50 [INFO] website.data.api_ingest — Saved real_fixture \u2192 real_fixture.json
2026-04-27 07:00:51 [INFO] website.data.api_ingest — Saved players \u2192 players_cf_embed=notes,odds,player_stats,positions,player_match_stats&round=1.json
2026-04-27 07:00:51 [INFO] website.data.api_ingest — Saved players \u2192 players_cf_embed=notes,odds,player_stats,positions,player_match_stats&round=2.json
2026-04-27 07:00:52 [INFO] website.data.api_ingest — Saved players \u2192 players_cf_embed=notes,odds,player_stats,positions,player_match_stats&round=3.json
2026-04-27 07:00:52 [INFO] website.data.api_ingest — Saved players \u2192 players_cf_embed=notes,odds,player_stats,positions,player_match_stats&round=4.json
2026-04-27 07:00:53 [INFO] website.data.api_ingest — Saved players \u2192 players_cf_embed=notes,odds,player_stats,positions,player_match_stats&round=5.json
2026-04-27 07:00:54 [INFO] website.data.api_ingest — Saved players \u2192 players_cf_embed=notes,odds,player_stats,positions,player_match_stats&round=6.json
2026-04-27 07:00:54 [INFO] website.data.api_ingest — Saved players \u2192 players_cf_embed=notes,odds,player_stats,positions,player_match_stats&round=7.json
2026-04-27 07:00:54 [INFO] website.data.api_ingest — Refresh complete: 56 ladder, 56 fixture, 1288 player-match rows (rounds 1–7).
2026-04-27 07:00:58 [INFO] waiver — [4f] Updating master_player_data.csv with 2026 current-season data...
2026-04-27 07:00:58 [INFO] root — Step 3: Preparing fanfooty enrichment data...
2026-04-27 07:00:59 [INFO] root —   Loaded 135363 fanfooty records
2026-04-27 07:00:59 [INFO] root —   Prepared 131652 unique fanfooty enrichment records
2026-04-27 07:00:59 [INFO] root — update_current_season: fanfooty enrichment matched 1086/1288 rows
2026-04-27 07:01:02 [INFO] root — update_current_season: added 1288 rows for 2026 \u2192 data\processed\master_player_data.csv
2026-04-27 07:01:02 [INFO] waiver — [4f] master_player_data.csv: 1288 rows added for 2026.
2026-04-27 07:01:02 [INFO] waiver — [5/9] Building player table...
2026-04-27 07:01:02 [INFO] waiver.data_loader — Player table built: 781 total, 598 free agents, 23 on my roster, 0 on my roster with injury/suspension.
2026-04-27 07:01:02 [INFO] waiver — [6/9] Loading historical fanfooty data and computing metrics...
2026-04-27 07:01:13 [INFO] waiver.data_loader — Loaded 134949 historical game records across 16 seasons.
2026-04-27 07:01:16 [INFO] waiver.metrics — Metrics computed for 781 players. Replacement levels: {'DEF': '95.4', 'MID': '103.6', 'RUC': '95.1', 'FWD': '85.2', 'FLEX': '103.6'}
2026-04-27 07:01:16 [INFO] waiver — [7/9] Loading model predictions...
2026-04-27 07:01:16 [INFO] waiver.data_loader — Round 8 predictions not found; falling back to Round 7 predictions.
2026-04-27 07:01:16 [INFO] waiver.data_loader — Loaded Round 7 predictions: 609 players, avg projected score = 64.3.
2026-04-27 07:01:16 [INFO] waiver — Predictions for Round 7 merged: 607 players have projected scores.
2026-04-27 07:01:16 [INFO] waiver — [7b] Applying historical sanity checks to model predictions...
2026-04-27 07:01:16 [INFO] waiver — P(100+) corrected for 23 players based on historical ceiling.
2026-04-27 07:01:16 [INFO] waiver — Metrics ready: 781 players total, 598 free agents, 23 on my roster, 0 injured on-field.
2026-04-27 07:01:16 [INFO] waiver — [8/9] Scanning recent fanfooty rounds for role changes...
2026-04-27 07:01:16 [INFO] waiver.role_watch — Role Watch: detected 25 notable role changes (20 positive, 6 negative).
2026-04-27 07:01:16 [INFO] waiver — [8b] Refreshing AFL fixture schedule...
2026-04-27 07:01:17 [INFO] waiver.fixture_schedule — AFL fixture loaded: 207 games across rounds 0–24.
2026-04-27 07:01:17 [INFO] waiver.fixture_schedule — waiver_schedule.bat updated — 17 future rounds scheduled. Run as Administrator: G:\My Drive\projects\sc-player-data\waiver_schedule.bat
2026-04-27 07:01:17 [INFO] waiver — waiver_schedule.bat updated — newsletter will prompt re-registration.
2026-04-27 07:01:17 [INFO] waiver — [9/9] Generating newsletter...
2026-04-27 07:01:17 [INFO] waiver.newsletter — Newsletter written to G:\My Drive\projects\sc-player-data\reports\waiver_2026_rd07_2026-04-27.md
2026-04-27 07:01:17 [INFO] waiver — Uploading to Google Sheets...
2026-04-27 07:01:22 [INFO] waiver.gsheet_updater — Google Sheets updated successfully: 'SuperCoach Weekly Predictions' \u2192 'Waiver Targets'
2026-04-27 07:01:22 [INFO] waiver — Emailing newsletter to richardsmark@outlook.com...
2026-04-27 07:01:29 [INFO] waiver.emailer — Newsletter emailed to richardsmark@outlook.com.
2026-04-27 07:01:29 [INFO] waiver — Done. Newsletter saved to: G:\My Drive\projects\sc-player-data\reports\waiver_2026_rd07_2026-04-27.md
2026-04-27 19:36:18 [INFO] waiver — ============================================================
2026-04-27 19:36:18 [INFO] waiver — Waiver Newsletter Pipeline — Season 2026
2026-04-27 19:36:18 [INFO] waiver — ============================================================
2026-04-27 19:36:18 [INFO] waiver.league_api — Refreshing SC bearer token via Auth0...
2026-04-27 19:36:19 [INFO] waiver.league_api — SC token refreshed successfully.
2026-04-27 19:36:19 [INFO] waiver — [1/9] Fetching player ownership from SC in-season league API...
2026-04-27 19:36:19 [INFO] waiver.league_api — Fetching player status from https://www.supercoach.com.au/2026/api/afl/draft/v1/leagues/14889/playersStatus
2026-04-27 19:36:19 [INFO] waiver.league_api — Fetched status for 792 players; 607 are available (waiver).
2026-04-27 19:36:19 [INFO] waiver — [2/9] Fetching live injury and suspension data...
2026-04-27 19:36:19 [INFO] waiver.league_api — Fetching live player injury data from SC API...
2026-04-27 19:36:21 [INFO] waiver.league_api — Fetched injury data for 792 players; 0 have active injury/suspension.
2026-04-27 19:36:21 [INFO] waiver — [3/9] Loading SC player list...
2026-04-27 19:36:21 [INFO] waiver.data_loader — Loaded 781 players from player list.
2026-04-27 19:36:21 [INFO] waiver — [4/9] Loading current-season scores...
2026-04-27 19:36:21 [INFO] waiver.data_loader — Loaded 2026 scores: 256 players, max rounds played = 7.
2026-04-27 19:36:21 [INFO] waiver — Using round: 7
2026-04-27 19:36:21 [INFO] waiver — [4b] Scraping/processing fanfooty data for 2026 R1–R8 (probing +1)...
2026-04-27 19:36:21 [INFO] waiver — Scraping FanFooty raw data for 2026 R8...
2026-04-27 19:36:21 [INFO] root — Fetching fixture data from: https://www.fanfooty.com.au/game/archive.php?year=2026
2026-04-27 19:36:22 [WARNING] root — Could not find header for 'Round 8' for 2026.
2026-04-27 19:36:22 [INFO] waiver — No match IDs for 2026 R8 — round not yet played, skipping.
2026-04-27 19:36:22 [INFO] waiver — Round confirmed after scrape: 7
2026-04-27 19:36:23 [INFO] waiver — master_fanfooty_data.csv already up to date for 2026 R1–R7
2026-04-27 19:36:26 [INFO] waiver.fixture_schedule — AFL fixture loaded: 207 games across rounds 0–24.
2026-04-27 19:36:26 [INFO] waiver — [4e] Refreshing website outputs (ladder, fixtures, player match results)...
2026-04-27 19:36:26 [INFO] waiver.league_api — Refreshing SC bearer token via Auth0...
2026-04-27 19:36:27 [INFO] waiver.league_api — SC token refreshed successfully.
2026-04-27 19:36:40 [INFO] website.data.api_ingest — Detected current round: 7
2026-04-27 19:36:47 [INFO] website.data.api_ingest — Processing 2026 data for rounds 1..7
2026-04-27 19:36:47 [INFO] website.data.api_ingest — ladder.csv: 56 rows
2026-04-27 19:36:47 [INFO] website.data.api_ingest — fixture_results_by_team.csv: 56 rows
2026-04-27 19:36:47 [INFO] website.data.api_ingest — player_match_results.csv: 1288 rows
2026-04-27 19:36:47 [INFO] website.data.api_ingest — player_stats_current.csv: 1288 rows
2026-04-27 19:36:47 [INFO] waiver.league_api — Fetching player status from https://www.supercoach.com.au/2026/api/afl/draft/v1/leagues/14889/playersStatus
2026-04-27 19:36:47 [INFO] waiver.league_api — Fetched status for 792 players; 607 are available (waiver).
2026-04-27 19:36:47 [INFO] website.data.api_ingest — current_teams.csv: 184 players
2026-04-27 19:36:48 [INFO] website.data.api_ingest — Saved league_fixtures.json (21 rounds)
2026-04-27 19:36:49 [INFO] website.data.api_ingest — fixture_schedule_2026.csv: 84 matchups
2026-04-27 19:36:50 [INFO] website.data.api_ingest — processedWaivers: 104 rows
2026-04-27 19:36:50 [INFO] website.data.api_ingest — Free Agent pickups (/trades): 67 rows
2026-04-27 19:36:50 [INFO] website.data.api_ingest — Team trades (/teamtrades): 6 rows from 3 approved trades
2026-04-27 19:36:50 [INFO] website.data.api_ingest — transactions.csv: 177 rows \u2192 G:\My Drive\projects\sc-player-data\data\live\transactions.csv
2026-04-27 19:36:51 [INFO] website.data.api_ingest — Saved processedWaivers \u2192 G:\My Drive\projects\sc-player-data\data\raw\supercoach\2026\leagues_14889_processedWaivers.json
2026-04-27 19:36:52 [INFO] website.data.api_ingest — Saved teamtrades \u2192 G:\My Drive\projects\sc-player-data\data\raw\supercoach\2026\leagues_14889_teamtrades.json
2026-04-27 19:36:52 [INFO] website.data.api_ingest — Saved trades \u2192 G:\My Drive\projects\sc-player-data\data\raw\supercoach\2026\leagues_14889_trades.json
2026-04-27 19:36:52 [INFO] website.data.api_ingest — Saved playersStatus \u2192 G:\My Drive\projects\sc-player-data\data\raw\supercoach\2026\leagues_4199_playersStatus.json
2026-04-27 19:36:53 [INFO] website.data.api_ingest — Saved recap \u2192 G:\My Drive\projects\sc-player-data\data\raw\supercoach\2026\leagues_14889_recap.json
2026-04-27 19:36:53 [INFO] website.data.api_ingest — Saved me \u2192 me.json
2026-04-27 19:36:53 [INFO] website.data.api_ingest — Saved real_fixture \u2192 real_fixture.json
2026-04-27 19:36:54 [INFO] website.data.api_ingest — Saved players \u2192 players_cf_embed=notes,odds,player_stats,positions,player_match_stats&round=1.json
2026-04-27 19:36:54 [INFO] website.data.api_ingest — Saved players \u2192 players_cf_embed=notes,odds,player_stats,positions,player_match_stats&round=2.json
2026-04-27 19:36:55 [INFO] website.data.api_ingest — Saved players \u2192 players_cf_embed=notes,odds,player_stats,positions,player_match_stats&round=3.json
2026-04-27 19:36:55 [INFO] website.data.api_ingest — Saved players \u2192 players_cf_embed=notes,odds,player_stats,positions,player_match_stats&round=4.json
2026-04-27 19:36:56 [INFO] website.data.api_ingest — Saved players \u2192 players_cf_embed=notes,odds,player_stats,positions,player_match_stats&round=5.json
2026-04-27 19:36:57 [INFO] website.data.api_ingest — Saved players \u2192 players_cf_embed=notes,odds,player_stats,positions,player_match_stats&round=6.json
2026-04-27 19:36:57 [INFO] website.data.api_ingest — Saved players \u2192 players_cf_embed=notes,odds,player_stats,positions,player_match_stats&round=7.json
2026-04-27 19:36:57 [INFO] website.data.api_ingest — Refresh complete: 56 ladder, 56 fixture, 1288 player-match rows (rounds 1–7).
2026-04-27 19:37:01 [INFO] waiver — [4f] Updating master_player_data.csv with 2026 current-season data...
2026-04-27 19:37:01 [INFO] root — Step 3: Preparing fanfooty enrichment data...
2026-04-27 19:37:02 [INFO] root —   Loaded 135363 fanfooty records
2026-04-27 19:37:03 [INFO] root —   Prepared 131652 unique fanfooty enrichment records
2026-04-27 19:37:03 [INFO] root — update_current_season: fanfooty enrichment matched 1086/1288 rows
2026-04-27 19:37:06 [INFO] root — update_current_season: added 1288 rows for 2026 \u2192 data\processed\master_player_data.csv
2026-04-27 19:37:06 [INFO] waiver — [4f] master_player_data.csv: 1288 rows added for 2026.
2026-04-27 19:37:06 [INFO] waiver — [4b-validate] Validating round 7 data coverage...
2026-04-27 19:37:06 [INFO] root — Fetching fixture data from: https://www.fanfooty.com.au/game/archive.php?year=2026
2026-04-27 19:37:06 [INFO] root — Found 9 unique matches for Round 7: ['9755', '9756', '9757', '9758', '9759', '9760', '9761', '9762', '9763']
2026-04-27 19:37:06 [INFO] waiver — [4c] Fetching lineup for round 8...
2026-04-27 19:37:06 [INFO] waiver.league_api — Fetching lineup from https://www.supercoach.com.au/2026/api/afl/draft/v1/userteams/136934/statsPlayers?round=8
2026-04-27 19:37:07 [INFO] waiver.league_api — Lineup fetched: 19 on field, 4 bench (23 total).
2026-04-27 19:37:07 [INFO] waiver — [4d] Refreshing coach list from SC API ladder...
2026-04-27 19:37:07 [INFO] waiver.league_api — Refreshing SC bearer token via Auth0...
2026-04-27 19:37:07 [INFO] waiver.league_api — SC token refreshed successfully.
2026-04-27 19:37:07 [INFO] waiver.league_api — Fetching league teams from https://www.supercoach.com.au/2026/api/afl/draft/v1/leagues/14889/ladderAndFixtures?round=7&scores=true
2026-04-27 19:37:08 [INFO] waiver.league_api — Fetched 8 teams from ladder league 14889 (round 7).
2026-04-27 19:37:08 [INFO] waiver — coach_list.csv refreshed with 8 teams \u2192 G:\My Drive\projects\sc-player-data\data\live\coach_list.csv
2026-04-27 19:37:08 [INFO] waiver — [5/9] Building player table...
2026-04-27 19:37:08 [INFO] waiver.data_loader — Player table built: 781 total, 598 free agents, 23 on my roster, 0 on my roster with injury/suspension.
2026-04-27 19:37:08 [INFO] waiver — [6/9] Loading historical fanfooty data and computing metrics...
2026-04-27 19:37:20 [INFO] waiver.data_loader — Loaded 134949 historical game records across 16 seasons.
2026-04-27 19:37:23 [INFO] waiver.metrics — Metrics computed for 781 players. Replacement levels: {'DEF': '95.4', 'MID': '103.6', 'RUC': '95.1', 'FWD': '85.2', 'FLEX': '103.6'}
2026-04-27 19:37:23 [INFO] waiver — [7/9] Loading model predictions...
2026-04-27 19:37:23 [INFO] waiver.data_loader — Round 8 predictions not found; falling back to Round 7 predictions.
2026-04-27 19:37:23 [INFO] waiver.data_loader — Loaded Round 7 predictions: 609 players, avg projected score = 64.3.
2026-04-27 19:37:23 [INFO] waiver — Predictions for Round 7 merged: 607 players have projected scores.
2026-04-27 19:37:23 [INFO] waiver — [7b] Applying historical sanity checks to model predictions...
2026-04-27 19:37:23 [INFO] waiver — P(100+) corrected for 23 players based on historical ceiling.
2026-04-27 19:37:23 [INFO] waiver — Metrics ready: 781 players total, 598 free agents, 23 on my roster, 0 injured on-field.
2026-04-27 19:37:23 [INFO] waiver — [8/9] Scanning recent fanfooty rounds for role changes...
2026-04-27 19:37:23 [INFO] waiver.role_watch — Role Watch: detected 25 notable role changes (20 positive, 6 negative).
2026-04-27 19:37:23 [INFO] waiver — [8b] Refreshing AFL fixture schedule...
2026-04-27 19:37:24 [INFO] waiver.fixture_schedule — AFL fixture loaded: 207 games across rounds 0–24.
2026-04-27 19:37:24 [INFO] waiver.fixture_schedule — waiver_schedule.bat updated — 17 future rounds scheduled. Run as Administrator: G:\My Drive\projects\sc-player-data\waiver_schedule.bat
2026-04-27 19:37:24 [INFO] waiver — waiver_schedule.bat updated — newsletter will prompt re-registration.
2026-04-27 19:37:24 [INFO] waiver — [9/9] Generating newsletter...
2026-04-27 19:37:24 [INFO] waiver.newsletter — Newsletter written to G:\My Drive\projects\sc-player-data\reports\waiver_2026_rd07_2026-04-27.md
2026-04-27 19:37:24 [INFO] waiver — Uploading to Google Sheets...
2026-04-27 19:37:29 [INFO] waiver.gsheet_updater — Google Sheets updated successfully: 'SuperCoach Weekly Predictions' \u2192 'Waiver Targets'
2026-04-27 19:37:29 [INFO] waiver — Emailing newsletter to richardsmark@outlook.com...
2026-04-27 19:37:38 [INFO] waiver.emailer — Newsletter emailed to richardsmark@outlook.com.
2026-04-27 19:37:38 [INFO] waiver — Done. Newsletter saved to: G:\My Drive\projects\sc-player-data\reports\waiver_2026_rd07_2026-04-27.md
2026-04-27 19:43:58 [INFO] waiver — ============================================================
2026-04-27 19:43:58 [INFO] waiver — Waiver Newsletter Pipeline — Season 2026
2026-04-27 19:43:58 [INFO] waiver — ============================================================
2026-04-27 19:43:58 [INFO] waiver.league_api — Refreshing SC bearer token via Auth0...
2026-04-27 19:43:58 [INFO] waiver.league_api — SC token refreshed successfully.
2026-04-27 19:43:58 [INFO] waiver — [1/9] Fetching player ownership from SC in-season league API...
2026-04-27 19:43:58 [INFO] waiver.league_api — Fetching player status from https://www.supercoach.com.au/2026/api/afl/draft/v1/leagues/14889/playersStatus
2026-04-27 19:43:59 [INFO] waiver.league_api — Fetched status for 792 players; 607 are available (waiver).
2026-04-27 19:43:59 [INFO] waiver — [2/9] Fetching live injury and suspension data...
2026-04-27 19:43:59 [INFO] waiver.league_api — Fetching live player injury data from SC API...
2026-04-27 19:44:00 [INFO] waiver.league_api — Fetched injury data for 792 players; 0 have active injury/suspension.
2026-04-27 19:44:00 [INFO] waiver — [3/9] Loading SC player list...
2026-04-27 19:44:00 [INFO] waiver.data_loader — Loaded 781 players from player list.
2026-04-27 19:44:00 [INFO] waiver — Using round: 7
2026-04-27 19:44:00 [INFO] waiver — [4b] Scraping/processing fanfooty data for 2026 R1–R8 (probing +1)...
2026-04-27 19:44:00 [INFO] waiver — Scraping FanFooty raw data for 2026 R8...
2026-04-27 19:44:00 [INFO] root — Fetching fixture data from: https://www.fanfooty.com.au/game/archive.php?year=2026
2026-04-27 19:44:01 [WARNING] root — Could not find header for 'Round 8' for 2026.
2026-04-27 19:44:01 [INFO] waiver — No match IDs for 2026 R8 — round not yet played, skipping.
2026-04-27 19:44:01 [INFO] waiver — Round confirmed after scrape: 7
2026-04-27 19:44:03 [INFO] waiver — master_fanfooty_data.csv already up to date for 2026 R1–R7
2026-04-27 19:44:04 [INFO] waiver.fixture_schedule — AFL fixture loaded: 207 games across rounds 0–24.
2026-04-27 19:44:04 [INFO] waiver — [4e] Refreshing website outputs (ladder, fixtures, player match results)...
2026-04-27 19:44:04 [INFO] waiver.league_api — Refreshing SC bearer token via Auth0...
2026-04-27 19:44:04 [INFO] waiver.league_api — SC token refreshed successfully.
^C2026-04-27 19:44:41 [INFO] waiver — ============================================================
2026-04-27 19:44:41 [INFO] waiver — Waiver Newsletter Pipeline — Season 2026
2026-04-27 19:44:41 [INFO] waiver — ============================================================
2026-04-27 19:44:41 [INFO] waiver.league_api — Refreshing SC bearer token via Auth0...
2026-04-27 19:44:41 [INFO] waiver.league_api — SC token refreshed successfully.
2026-04-27 19:44:41 [INFO] waiver — [1/9] Fetching player ownership from SC in-season league API...
2026-04-27 19:44:41 [INFO] waiver.league_api — Fetching player status from https://www.supercoach.com.au/2026/api/afl/draft/v1/leagues/14889/playersStatus
2026-04-27 19:44:42 [INFO] waiver.league_api — Fetched status for 792 players; 607 are available (waiver).
2026-04-27 19:44:42 [INFO] waiver — [2/9] Fetching live injury and suspension data...
2026-04-27 19:44:42 [INFO] waiver.league_api — Fetching live player injury data from SC API...
2026-04-27 19:44:43 [INFO] waiver.league_api — Fetched injury data for 792 players; 0 have active injury/suspension.
2026-04-27 19:44:43 [INFO] waiver — [3/9] Loading SC player list...
2026-04-27 19:44:43 [INFO] waiver.data_loader — Loaded 781 players from player list.
2026-04-27 19:44:43 [INFO] waiver — Using round: 7
2026-04-27 19:44:43 [INFO] waiver — [4b] Scraping/processing fanfooty data for 2026 R1–R8 (probing +1)...
2026-04-27 19:44:43 [INFO] waiver — Scraping FanFooty raw data for 2026 R8...
2026-04-27 19:44:43 [INFO] root — Fetching fixture data from: https://www.fanfooty.com.au/game/archive.php?year=2026
2026-04-27 19:44:44 [WARNING] root — Could not find header for 'Round 8' for 2026.
2026-04-27 19:44:44 [INFO] waiver — No match IDs for 2026 R8 — round not yet played, skipping.
2026-04-27 19:44:44 [INFO] waiver — Round confirmed after scrape: 7
2026-04-27 19:44:45 [INFO] waiver — master_fanfooty_data.csv already up to date for 2026 R1–R7
2026-04-27 19:44:46 [INFO] waiver.fixture_schedule — AFL fixture loaded: 207 games across rounds 0–24.
2026-04-27 19:44:46 [INFO] waiver — [4e] Refreshing website outputs (ladder, fixtures, player match results)...
2026-04-27 19:44:46 [INFO] waiver.league_api — Refreshing SC bearer token via Auth0...
2026-04-27 19:44:47 [INFO] waiver.league_api — SC token refreshed successfully.
2026-04-27 19:45:01 [INFO] website.data.api_ingest — Detected current round: 7
2026-04-27 19:45:07 [INFO] website.data.api_ingest — Processing 2026 data for rounds 1..7
2026-04-27 19:45:07 [INFO] website.data.api_ingest — ladder.csv: 56 rows
2026-04-27 19:45:07 [INFO] website.data.api_ingest — fixture_results_by_team.csv: 56 rows
2026-04-27 19:45:07 [INFO] website.data.api_ingest — player_match_results.csv: 1288 rows
2026-04-27 19:45:08 [INFO] website.data.api_ingest — player_stats_current.csv: 1288 rows
2026-04-27 19:45:08 [INFO] waiver.league_api — Fetching player status from https://www.supercoach.com.au/2026/api/afl/draft/v1/leagues/14889/playersStatus
2026-04-27 19:45:08 [INFO] waiver.league_api — Fetched status for 792 players; 607 are available (waiver).
2026-04-27 19:45:08 [INFO] website.data.api_ingest — current_teams.csv: 184 players
2026-04-27 19:45:09 [INFO] website.data.api_ingest — Saved league_fixtures.json (21 rounds)
2026-04-27 19:45:09 [INFO] website.data.api_ingest — fixture_schedule_2026.csv: 84 matchups
2026-04-27 19:45:10 [INFO] website.data.api_ingest — processedWaivers: 104 rows
2026-04-27 19:45:10 [INFO] website.data.api_ingest — Free Agent pickups (/trades): 67 rows
2026-04-27 19:45:11 [INFO] website.data.api_ingest — Team trades (/teamtrades): 6 rows from 3 approved trades
2026-04-27 19:45:11 [INFO] website.data.api_ingest — transactions.csv: 177 rows \u2192 G:\My Drive\projects\sc-player-data\data\live\transactions.csv
2026-04-27 19:45:12 [INFO] website.data.api_ingest — Saved processedWaivers \u2192 G:\My Drive\projects\sc-player-data\data\raw\supercoach\2026\leagues_14889_processedWaivers.json
2026-04-27 19:45:12 [INFO] website.data.api_ingest — Saved teamtrades \u2192 G:\My Drive\projects\sc-player-data\data\raw\supercoach\2026\leagues_14889_teamtrades.json
2026-04-27 19:45:12 [INFO] website.data.api_ingest — Saved trades \u2192 G:\My Drive\projects\sc-player-data\data\raw\supercoach\2026\leagues_14889_trades.json
2026-04-27 19:45:13 [INFO] website.data.api_ingest — Saved playersStatus \u2192 G:\My Drive\projects\sc-player-data\data\raw\supercoach\2026\leagues_4199_playersStatus.json
2026-04-27 19:45:13 [INFO] website.data.api_ingest — Saved recap \u2192 G:\My Drive\projects\sc-player-data\data\raw\supercoach\2026\leagues_14889_recap.json
2026-04-27 19:45:13 [INFO] website.data.api_ingest — Saved me \u2192 me.json
2026-04-27 19:45:13 [INFO] website.data.api_ingest — Saved real_fixture \u2192 real_fixture.json
2026-04-27 19:45:14 [INFO] website.data.api_ingest — Saved players \u2192 players_cf_embed=notes,odds,player_stats,positions,player_match_stats&round=1.json
2026-04-27 19:45:15 [INFO] website.data.api_ingest — Saved players \u2192 players_cf_embed=notes,odds,player_stats,positions,player_match_stats&round=2.json
2026-04-27 19:45:15 [INFO] website.data.api_ingest — Saved players \u2192 players_cf_embed=notes,odds,player_stats,positions,player_match_stats&round=3.json
2026-04-27 19:45:16 [INFO] website.data.api_ingest — Saved players \u2192 players_cf_embed=notes,odds,player_stats,positions,player_match_stats&round=4.json
2026-04-27 19:45:16 [INFO] website.data.api_ingest — Saved players \u2192 players_cf_embed=notes,odds,player_stats,positions,player_match_stats&round=5.json
2026-04-27 19:45:17 [INFO] website.data.api_ingest — Saved players \u2192 players_cf_embed=notes,odds,player_stats,positions,player_match_stats&round=6.json
2026-04-27 19:45:18 [INFO] website.data.api_ingest — Saved players \u2192 players_cf_embed=notes,odds,player_stats,positions,player_match_stats&round=7.json
2026-04-27 19:45:18 [INFO] website.data.api_ingest — Refresh complete: 56 ladder, 56 fixture, 1288 player-match rows (rounds 1–7).
2026-04-27 19:45:22 [INFO] waiver — [4f] Updating master_player_data.csv with 2026 current-season data...
2026-04-27 19:45:22 [INFO] root — Step 3: Preparing fanfooty enrichment data...
2026-04-27 19:45:23 [INFO] root —   Loaded 135363 fanfooty records
2026-04-27 19:45:23 [INFO] root —   Prepared 131652 unique fanfooty enrichment records
2026-04-27 19:45:23 [INFO] root — update_current_season: fanfooty enrichment matched 1086/1288 rows
2026-04-27 19:45:26 [INFO] root — update_current_season: added 1288 rows for 2026 \u2192 data\processed\master_player_data.csv
2026-04-27 19:45:26 [INFO] waiver — [4f] master_player_data.csv: 1288 rows added for 2026.
2026-04-27 19:45:26 [INFO] waiver — [4/9] Loading current-season scores...
2026-04-27 19:45:26 [INFO] waiver.data_loader — Loaded 2026 scores: 256 players, max rounds played = 7.
2026-04-27 19:45:26 [INFO] waiver — [4b-validate] Validating round 7 data coverage...
2026-04-27 19:45:26 [INFO] root — Fetching fixture data from: https://www.fanfooty.com.au/game/archive.php?year=2026
2026-04-27 19:45:27 [INFO] root — Found 9 unique matches for Round 7: ['9755', '9756', '9757', '9758', '9759', '9760', '9761', '9762', '9763']
2026-04-27 19:45:27 [INFO] waiver — [4c] Fetching lineup for round 8...
2026-04-27 19:45:27 [INFO] waiver.league_api — Fetching lineup from https://www.supercoach.com.au/2026/api/afl/draft/v1/userteams/136934/statsPlayers?round=8
2026-04-27 19:45:27 [INFO] waiver.league_api — Lineup fetched: 19 on field, 4 bench (23 total).
2026-04-27 19:45:27 [INFO] waiver — [4d] Refreshing coach list from SC API ladder...
2026-04-27 19:45:27 [INFO] waiver.league_api — Refreshing SC bearer token via Auth0...
2026-04-27 19:45:28 [INFO] waiver.league_api — SC token refreshed successfully.
2026-04-27 19:45:28 [INFO] waiver.league_api — Fetching league teams from https://www.supercoach.com.au/2026/api/afl/draft/v1/leagues/14889/ladderAndFixtures?round=7&scores=true
2026-04-27 19:45:28 [INFO] waiver.league_api — Fetched 8 teams from ladder league 14889 (round 7).
2026-04-27 19:45:28 [INFO] waiver — coach_list.csv refreshed with 8 teams \u2192 G:\My Drive\projects\sc-player-data\data\live\coach_list.csv
2026-04-27 19:45:28 [INFO] waiver — [5/9] Building player table...
2026-04-27 19:45:28 [INFO] waiver.data_loader — Player table built: 781 total, 598 free agents, 23 on my roster, 0 on my roster with injury/suspension.
2026-04-27 19:45:28 [INFO] waiver — [6/9] Loading historical fanfooty data and computing metrics...
2026-04-27 19:45:36 [INFO] waiver.data_loader — Loaded 134949 historical game records across 16 seasons.
2026-04-27 19:45:40 [INFO] waiver.metrics — Metrics computed for 781 players. Replacement levels: {'DEF': '95.4', 'MID': '103.6', 'RUC': '95.1', 'FWD': '85.2', 'FLEX': '103.6'}
2026-04-27 19:45:40 [INFO] waiver — [7/9] Loading model predictions...
2026-04-27 19:45:40 [INFO] waiver.data_loader — Round 8 predictions not found; falling back to Round 7 predictions.
2026-04-27 19:45:40 [INFO] waiver.data_loader — Loaded Round 7 predictions: 609 players, avg projected score = 64.3.
2026-04-27 19:45:40 [INFO] waiver — Predictions for Round 7 merged: 607 players have projected scores.
2026-04-27 19:45:40 [INFO] waiver — [7b] Applying historical sanity checks to model predictions...
2026-04-27 19:45:40 [INFO] waiver — P(100+) corrected for 23 players based on historical ceiling.
2026-04-27 19:45:40 [INFO] waiver — Metrics ready: 781 players total, 598 free agents, 23 on my roster, 0 injured on-field.
2026-04-27 19:45:40 [INFO] waiver — [8/9] Scanning recent fanfooty rounds for role changes...
2026-04-27 19:45:40 [INFO] waiver.role_watch — Role Watch: detected 25 notable role changes (20 positive, 6 negative).
2026-04-27 19:45:40 [INFO] waiver — [8b] Refreshing AFL fixture schedule...
2026-04-27 19:45:40 [INFO] waiver.fixture_schedule — AFL fixture loaded: 207 games across rounds 0–24.
2026-04-27 19:45:41 [INFO] waiver.fixture_schedule — waiver_schedule.bat updated — 17 future rounds scheduled. Run as Administrator: G:\My Drive\projects\sc-player-data\waiver_schedule.bat
2026-04-27 19:45:41 [INFO] waiver — waiver_schedule.bat updated — newsletter will prompt re-registration.
2026-04-27 19:45:41 [INFO] waiver — [9/9] Generating newsletter...
2026-04-27 19:45:41 [INFO] waiver.newsletter — Newsletter written to G:\My Drive\projects\sc-player-data\reports\waiver_2026_rd07_2026-04-27.md
2026-04-27 19:45:41 [INFO] waiver — Uploading to Google Sheets...
2026-04-27 19:45:46 [INFO] waiver.gsheet_updater — Google Sheets updated successfully: 'SuperCoach Weekly Predictions' \u2192 'Waiver Targets'
2026-04-27 19:45:46 [INFO] waiver — Emailing newsletter to richardsmark@outlook.com...
2026-04-27 19:45:52 [INFO] waiver.emailer — Newsletter emailed to richardsmark@outlook.com.
2026-04-27 19:45:52 [INFO] waiver — Done. Newsletter saved to: G:\My Drive\projects\sc-player-data\reports\waiver_2026_rd07_2026-04-27.md
2026-04-27 20:08:23 [INFO] waiver — ============================================================
2026-04-27 20:08:23 [INFO] waiver — Waiver Newsletter Pipeline — Season 2026
2026-04-27 20:08:23 [INFO] waiver — ============================================================
2026-04-27 20:08:23 [INFO] waiver.league_api — Refreshing SC bearer token via Auth0...
2026-04-27 20:08:24 [INFO] waiver.league_api — SC token refreshed successfully.
2026-04-27 20:08:24 [INFO] waiver — [1/9] Fetching player ownership from SC in-season league API...
2026-04-27 20:08:24 [INFO] waiver.league_api — Fetching player status from https://www.supercoach.com.au/2026/api/afl/draft/v1/leagues/14889/playersStatus
2026-04-27 20:08:24 [INFO] waiver.league_api — Fetched status for 792 players; 607 are available (waiver).
2026-04-27 20:08:24 [INFO] waiver — [2/9] Fetching live injury and suspension data...
2026-04-27 20:08:24 [INFO] waiver.league_api — Fetching live player injury data from SC API...
2026-04-27 20:08:26 [INFO] waiver.league_api — Fetched injury data for 792 players; 0 have active injury/suspension.
2026-04-27 20:08:26 [INFO] waiver — [3/9] Loading SC player list...
2026-04-27 20:08:26 [INFO] waiver.data_loader — Loaded 781 players from player list.
2026-04-27 20:08:26 [INFO] waiver — Using round: 7
2026-04-27 20:08:26 [INFO] waiver — [4b] Scraping/processing fanfooty data for 2026 R1–R8 (probing +1)...
2026-04-27 20:08:26 [INFO] waiver — Scraping FanFooty raw data for 2026 R8...
2026-04-27 20:08:26 [INFO] root — Fetching fixture data from: https://www.fanfooty.com.au/game/archive.php?year=2026
2026-04-27 20:08:27 [WARNING] root — Could not find header for 'Round 8' for 2026.
2026-04-27 20:08:27 [INFO] waiver — No match IDs for 2026 R8 — round not yet played, skipping.
2026-04-27 20:08:27 [INFO] waiver — Round confirmed after scrape: 7
2026-04-27 20:08:28 [INFO] waiver — master_fanfooty_data.csv already up to date for 2026 R1–R7
2026-04-27 20:08:28 [INFO] waiver.fixture_schedule — AFL fixture loaded: 207 games across rounds 0–24.
2026-04-27 20:08:29 [INFO] waiver — [4e] Refreshing website outputs (ladder, fixtures, player match results)...
2026-04-27 20:08:29 [INFO] waiver.league_api — Refreshing SC bearer token via Auth0...
2026-04-27 20:08:29 [INFO] waiver.league_api — SC token refreshed successfully.
2026-04-27 20:08:42 [INFO] website.data.api_ingest — Detected current round: 7
2026-04-27 20:08:49 [INFO] website.data.api_ingest — Processing 2026 data for rounds 1..7
2026-04-27 20:08:49 [INFO] website.data.api_ingest — ladder.csv: 56 rows
2026-04-27 20:08:49 [INFO] website.data.api_ingest — fixture_results_by_team.csv: 56 rows
2026-04-27 20:08:49 [INFO] website.data.api_ingest — player_match_results.csv: 1288 rows
2026-04-27 20:08:49 [INFO] website.data.api_ingest — player_stats_current.csv: 1288 rows
2026-04-27 20:08:49 [INFO] waiver.league_api — Fetching player status from https://www.supercoach.com.au/2026/api/afl/draft/v1/leagues/14889/playersStatus
2026-04-27 20:08:49 [INFO] waiver.league_api — Fetched status for 792 players; 607 are available (waiver).
2026-04-27 20:08:49 [INFO] website.data.api_ingest — current_teams.csv: 184 players
2026-04-27 20:08:50 [INFO] website.data.api_ingest — Saved league_fixtures.json (21 rounds)
2026-04-27 20:08:50 [INFO] website.data.api_ingest — fixture_schedule_2026.csv: 84 matchups
2026-04-27 20:08:51 [INFO] website.data.api_ingest — processedWaivers: 104 rows
2026-04-27 20:08:51 [INFO] website.data.api_ingest — Free Agent pickups (/trades): 67 rows
2026-04-27 20:08:51 [INFO] website.data.api_ingest — Team trades (/teamtrades): 6 rows from 3 approved trades
2026-04-27 20:08:51 [INFO] website.data.api_ingest — transactions.csv: 177 rows \u2192 G:\My Drive\projects\sc-player-data\data\live\transactions.csv
2026-04-27 20:08:52 [INFO] website.data.api_ingest — Saved processedWaivers \u2192 G:\My Drive\projects\sc-player-data\data\raw\supercoach\2026\leagues_14889_processedWaivers.json
2026-04-27 20:08:53 [INFO] website.data.api_ingest — Saved teamtrades \u2192 G:\My Drive\projects\sc-player-data\data\raw\supercoach\2026\leagues_14889_teamtrades.json
2026-04-27 20:08:53 [INFO] website.data.api_ingest — Saved trades \u2192 G:\My Drive\projects\sc-player-data\data\raw\supercoach\2026\leagues_14889_trades.json
2026-04-27 20:08:53 [INFO] website.data.api_ingest — Saved playersStatus \u2192 G:\My Drive\projects\sc-player-data\data\raw\supercoach\2026\leagues_4199_playersStatus.json
2026-04-27 20:08:54 [INFO] website.data.api_ingest — Saved recap \u2192 G:\My Drive\projects\sc-player-data\data\raw\supercoach\2026\leagues_14889_recap.json
2026-04-27 20:08:54 [INFO] website.data.api_ingest — Saved me \u2192 me.json
2026-04-27 20:08:54 [INFO] website.data.api_ingest — Saved real_fixture \u2192 real_fixture.json
2026-04-27 20:08:55 [INFO] website.data.api_ingest — Saved players \u2192 players_cf_embed=notes,odds,player_stats,positions,player_match_stats&round=1.json
2026-04-27 20:08:55 [INFO] website.data.api_ingest — Saved players \u2192 players_cf_embed=notes,odds,player_stats,positions,player_match_stats&round=2.json
2026-04-27 20:08:56 [INFO] website.data.api_ingest — Saved players \u2192 players_cf_embed=notes,odds,player_stats,positions,player_match_stats&round=3.json
2026-04-27 20:08:57 [INFO] website.data.api_ingest — Saved players \u2192 players_cf_embed=notes,odds,player_stats,positions,player_match_stats&round=4.json
2026-04-27 20:08:57 [INFO] website.data.api_ingest — Saved players \u2192 players_cf_embed=notes,odds,player_stats,positions,player_match_stats&round=5.json
2026-04-27 20:08:58 [INFO] website.data.api_ingest — Saved players \u2192 players_cf_embed=notes,odds,player_stats,positions,player_match_stats&round=6.json
2026-04-27 20:08:58 [INFO] website.data.api_ingest — Saved players \u2192 players_cf_embed=notes,odds,player_stats,positions,player_match_stats&round=7.json
2026-04-27 20:08:58 [INFO] website.data.api_ingest — Refresh complete: 56 ladder, 56 fixture, 1288 player-match rows (rounds 1–7).
2026-04-27 20:09:02 [INFO] waiver — [4f] Updating master_player_data.csv with 2026 current-season data...
2026-04-27 20:09:02 [INFO] root — Step 3: Preparing fanfooty enrichment data...
2026-04-27 20:09:03 [INFO] root —   Loaded 135363 fanfooty records
2026-04-27 20:09:03 [INFO] root —   Prepared 131652 unique fanfooty enrichment records
2026-04-27 20:09:04 [INFO] root — update_current_season: fanfooty enrichment matched 1086/1288 rows
2026-04-27 20:09:06 [INFO] root — update_current_season: added 1288 rows for 2026 \u2192 data\processed\master_player_data.csv
2026-04-27 20:09:06 [INFO] waiver — [4f] master_player_data.csv: 1288 rows added for 2026.
2026-04-27 20:09:06 [INFO] waiver — [4/9] Loading current-season scores...
2026-04-27 20:09:06 [INFO] waiver.data_loader — Loaded 2026 scores: 256 players, max rounds played = 7.
2026-04-27 20:09:06 [INFO] waiver — [4b-validate] Validating round 7 data coverage...
2026-04-27 20:09:06 [INFO] root — Fetching fixture data from: https://www.fanfooty.com.au/game/archive.php?year=2026
2026-04-27 20:09:07 [INFO] root — Found 9 unique matches for Round 7: ['9755', '9756', '9757', '9758', '9759', '9760', '9761', '9762', '9763']
2026-04-27 20:09:07 [INFO] waiver — [4c] Fetching lineup for round 8...
2026-04-27 20:09:07 [INFO] waiver.league_api — Fetching lineup from https://www.supercoach.com.au/2026/api/afl/draft/v1/userteams/136934/statsPlayers?round=8
2026-04-27 20:09:07 [INFO] waiver.league_api — Lineup fetched: 19 on field, 4 bench (23 total).
2026-04-27 20:09:07 [INFO] waiver — [4d] Refreshing coach list from SC API ladder...
2026-04-27 20:09:07 [INFO] waiver.league_api — Refreshing SC bearer token via Auth0...
2026-04-27 20:09:08 [INFO] waiver.league_api — SC token refreshed successfully.
2026-04-27 20:09:08 [INFO] waiver.league_api — Fetching league teams from https://www.supercoach.com.au/2026/api/afl/draft/v1/leagues/14889/ladderAndFixtures?round=7&scores=true
2026-04-27 20:09:09 [INFO] waiver.league_api — Fetched 8 teams from ladder league 14889 (round 7).
2026-04-27 20:09:09 [INFO] waiver — coach_list.csv refreshed with 8 teams \u2192 G:\My Drive\projects\sc-player-data\data\live\coach_list.csv
2026-04-27 20:09:09 [INFO] waiver — [5/9] Building player table...
2026-04-27 20:09:09 [INFO] waiver.data_loader — Player table built: 781 total, 598 free agents, 23 on my roster, 0 on my roster with injury/suspension.
2026-04-27 20:09:09 [INFO] waiver — [6/9] Loading historical fanfooty data and computing metrics...
2026-04-27 20:09:17 [INFO] waiver.data_loader — Loaded 134949 historical game records across 16 seasons.
2026-04-27 20:09:20 [INFO] waiver.metrics — Metrics computed for 781 players. Replacement levels: {'DEF': '91.0', 'MID': '93.9', 'RUC': '91.6', 'FWD': '82.2', 'FLEX': '93.9'}
2026-04-27 20:09:20 [INFO] waiver — [7/9] Loading model predictions...
2026-04-27 20:09:20 [INFO] waiver.data_loader — Round 8 predictions not found; falling back to Round 7 predictions.
2026-04-27 20:09:20 [INFO] waiver.data_loader — Loaded Round 7 predictions: 609 players, avg projected score = 64.3.
2026-04-27 20:09:20 [INFO] waiver — Predictions for Round 7 merged: 607 players have projected scores.
2026-04-27 20:09:20 [INFO] waiver — [7b] Applying historical sanity checks to model predictions...
2026-04-27 20:09:20 [INFO] waiver — P(100+) corrected for 23 players based on historical ceiling.
2026-04-27 20:09:20 [INFO] waiver — Metrics ready: 781 players total, 598 free agents, 23 on my roster, 0 injured on-field.
2026-04-27 20:09:20 [INFO] waiver — [8/9] Scanning recent fanfooty rounds for role changes...
2026-04-27 20:09:20 [INFO] waiver.role_watch — Role Watch: detected 25 notable role changes (20 positive, 6 negative).
2026-04-27 20:09:20 [INFO] waiver — [8b] Refreshing AFL fixture schedule...
2026-04-27 20:09:21 [INFO] waiver.fixture_schedule — AFL fixture loaded: 207 games across rounds 0–24.
2026-04-27 20:09:21 [INFO] waiver.fixture_schedule — waiver_schedule.bat updated — 17 future rounds scheduled. Run as Administrator: G:\My Drive\projects\sc-player-data\waiver_schedule.bat
2026-04-27 20:09:21 [INFO] waiver — waiver_schedule.bat updated — newsletter will prompt re-registration.
2026-04-27 20:09:21 [INFO] waiver — [9/9] Generating newsletter...
2026-04-27 20:09:21 [INFO] waiver.newsletter — Newsletter written to G:\My Drive\projects\sc-player-data\reports\waiver_2026_rd07_2026-04-27.md
2026-04-27 20:09:21 [INFO] waiver — Uploading to Google Sheets...
2026-04-27 20:09:26 [INFO] waiver.gsheet_updater — Google Sheets updated successfully: 'SuperCoach Weekly Predictions' \u2192 'Waiver Targets'
2026-04-27 20:09:26 [INFO] waiver — Emailing newsletter to richardsmark@outlook.com...
2026-04-27 20:09:32 [INFO] waiver.emailer — Newsletter emailed to richardsmark@outlook.com.
2026-04-27 20:09:32 [INFO] waiver — Done. Newsletter saved to: G:\My Drive\projects\sc-player-data\reports\waiver_2026_rd07_2026-04-27.md
2026-04-27 20:52:05 [INFO] waiver — ============================================================
2026-04-27 20:52:05 [INFO] waiver — Waiver Newsletter Pipeline — Season 2026
2026-04-27 20:52:05 [INFO] waiver — ============================================================
2026-04-27 20:52:05 [INFO] waiver.league_api — Refreshing SC bearer token via Auth0...
2026-04-27 20:52:06 [INFO] waiver.league_api — SC token refreshed successfully.
2026-04-27 20:52:06 [INFO] waiver — [1/9] Fetching player ownership from SC in-season league API...
2026-04-27 20:52:06 [INFO] waiver.league_api — Fetching player status from https://www.supercoach.com.au/2026/api/afl/draft/v1/leagues/14889/playersStatus
2026-04-27 20:52:06 [INFO] waiver.league_api — Fetched status for 792 players; 607 are available (waiver).
2026-04-27 20:52:06 [INFO] waiver — [2/9] Fetching live injury and suspension data...
2026-04-27 20:52:06 [INFO] waiver.league_api — Fetching live player injury data from SC API...
2026-04-27 20:52:08 [INFO] waiver.league_api — Fetched injury data for 792 players; 0 have active injury/suspension.
2026-04-27 20:52:08 [INFO] waiver — [3/9] Loading SC player list...
2026-04-27 20:52:08 [INFO] waiver.data_loader — Loaded 781 players from player list.
2026-04-27 20:52:08 [INFO] waiver — Using round: 7
2026-04-27 20:52:08 [INFO] waiver — [4b] Scraping/processing fanfooty data for 2026 R1–R8 (probing +1)...
2026-04-27 20:52:08 [INFO] waiver — Scraping FanFooty raw data for 2026 R8...
2026-04-27 20:52:08 [INFO] root — Fetching fixture data from: https://www.fanfooty.com.au/game/archive.php?year=2026
2026-04-27 20:52:09 [WARNING] root — Could not find header for 'Round 8' for 2026.
2026-04-27 20:52:09 [INFO] waiver — No match IDs for 2026 R8 — round not yet played, skipping.
2026-04-27 20:52:09 [INFO] waiver — Round confirmed after scrape: 7
2026-04-27 20:52:10 [INFO] waiver — master_fanfooty_data.csv already up to date for 2026 R1–R7
2026-04-27 20:52:14 [INFO] waiver.fixture_schedule — AFL fixture loaded: 207 games across rounds 0–24.
2026-04-27 20:52:14 [INFO] waiver — [4e] Refreshing website outputs (ladder, fixtures, player match results)...
2026-04-27 20:52:14 [INFO] waiver.league_api — Refreshing SC bearer token via Auth0...
2026-04-27 20:52:15 [INFO] waiver.league_api — SC token refreshed successfully.
2026-04-27 20:52:29 [INFO] website.data.api_ingest — Detected current round: 7
2026-04-27 20:52:35 [INFO] website.data.api_ingest — Processing 2026 data for rounds 1..7
2026-04-27 20:52:35 [INFO] website.data.api_ingest — ladder.csv: 56 rows
2026-04-27 20:52:35 [INFO] website.data.api_ingest — fixture_results_by_team.csv: 56 rows
2026-04-27 20:52:35 [INFO] website.data.api_ingest — player_match_results.csv: 1288 rows
2026-04-27 20:52:35 [INFO] website.data.api_ingest — player_stats_current.csv: 1288 rows
2026-04-27 20:52:35 [INFO] waiver.league_api — Fetching player status from https://www.supercoach.com.au/2026/api/afl/draft/v1/leagues/14889/playersStatus
2026-04-27 20:52:36 [INFO] waiver.league_api — Fetched status for 792 players; 607 are available (waiver).
2026-04-27 20:52:36 [INFO] website.data.api_ingest — current_teams.csv: 184 players
2026-04-27 20:52:36 [INFO] website.data.api_ingest — Saved league_fixtures.json (21 rounds)
2026-04-27 20:52:37 [INFO] website.data.api_ingest — fixture_schedule_2026.csv: 84 matchups
2026-04-27 20:52:38 [INFO] website.data.api_ingest — processedWaivers: 104 rows
2026-04-27 20:52:38 [INFO] website.data.api_ingest — Free Agent pickups (/trades): 67 rows
2026-04-27 20:52:38 [INFO] website.data.api_ingest — Team trades (/teamtrades): 6 rows from 3 approved trades
2026-04-27 20:52:38 [INFO] website.data.api_ingest — transactions.csv: 177 rows \u2192 G:\My Drive\projects\sc-player-data\data\live\transactions.csv
2026-04-27 20:52:39 [INFO] website.data.api_ingest — Saved processedWaivers \u2192 G:\My Drive\projects\sc-player-data\data\raw\supercoach\2026\leagues_14889_processedWaivers.json
2026-04-27 20:52:39 [INFO] website.data.api_ingest — Saved teamtrades \u2192 G:\My Drive\projects\sc-player-data\data\raw\supercoach\2026\leagues_14889_teamtrades.json
2026-04-27 20:52:40 [INFO] website.data.api_ingest — Saved trades \u2192 G:\My Drive\projects\sc-player-data\data\raw\supercoach\2026\leagues_14889_trades.json
2026-04-27 20:52:40 [INFO] website.data.api_ingest — Saved playersStatus \u2192 G:\My Drive\projects\sc-player-data\data\raw\supercoach\2026\leagues_4199_playersStatus.json
2026-04-27 20:52:40 [INFO] website.data.api_ingest — Saved recap \u2192 G:\My Drive\projects\sc-player-data\data\raw\supercoach\2026\leagues_14889_recap.json
2026-04-27 20:52:40 [INFO] website.data.api_ingest — Saved me \u2192 me.json
2026-04-27 20:52:41 [INFO] website.data.api_ingest — Saved real_fixture \u2192 real_fixture.json
2026-04-27 20:52:41 [INFO] website.data.api_ingest — Saved players \u2192 players_cf_embed=notes,odds,player_stats,positions,player_match_stats&round=1.json
2026-04-27 20:52:42 [INFO] website.data.api_ingest — Saved players \u2192 players_cf_embed=notes,odds,player_stats,positions,player_match_stats&round=2.json
2026-04-27 20:52:43 [INFO] website.data.api_ingest — Saved players \u2192 players_cf_embed=notes,odds,player_stats,positions,player_match_stats&round=3.json
2026-04-27 20:52:43 [INFO] website.data.api_ingest — Saved players \u2192 players_cf_embed=notes,odds,player_stats,positions,player_match_stats&round=4.json
2026-04-27 20:52:44 [INFO] website.data.api_ingest — Saved players \u2192 players_cf_embed=notes,odds,player_stats,positions,player_match_stats&round=5.json
2026-04-27 20:52:45 [INFO] website.data.api_ingest — Saved players \u2192 players_cf_embed=notes,odds,player_stats,positions,player_match_stats&round=6.json
2026-04-27 20:52:45 [INFO] website.data.api_ingest — Saved players \u2192 players_cf_embed=notes,odds,player_stats,positions,player_match_stats&round=7.json
2026-04-27 20:52:45 [INFO] website.data.api_ingest — Refresh complete: 56 ladder, 56 fixture, 1288 player-match rows (rounds 1–7).
2026-04-27 20:52:49 [INFO] waiver — [4f] Updating master_player_data.csv with 2026 current-season data...
2026-04-27 20:52:49 [INFO] root — Step 3: Preparing fanfooty enrichment data...
2026-04-27 20:52:50 [INFO] root —   Loaded 135363 fanfooty records
2026-04-27 20:52:51 [INFO] root —   Prepared 131652 unique fanfooty enrichment records
2026-04-27 20:52:51 [INFO] root — update_current_season: fanfooty enrichment matched 1086/1288 rows
2026-04-27 20:52:54 [INFO] root — update_current_season: added 1288 rows for 2026 \u2192 data\processed\master_player_data.csv
2026-04-27 20:52:54 [INFO] waiver — [4f] master_player_data.csv: 1288 rows added for 2026.
2026-04-27 20:52:54 [INFO] waiver — [4g] Round 8 predictions already exist — skipping generation.
2026-04-27 20:52:54 [INFO] waiver — [4/9] Loading current-season scores...
2026-04-27 20:52:54 [INFO] waiver.data_loader — Loaded 2026 scores: 256 players, max rounds played = 7.
2026-04-27 20:52:54 [INFO] waiver — [4b-validate] Validating round 7 data coverage...
2026-04-27 20:52:54 [INFO] root — Fetching fixture data from: https://www.fanfooty.com.au/game/archive.php?year=2026
2026-04-27 20:52:54 [INFO] root — Found 9 unique matches for Round 7: ['9755', '9756', '9757', '9758', '9759', '9760', '9761', '9762', '9763']
2026-04-27 20:52:54 [INFO] waiver — [4c] Fetching lineup for round 8...
2026-04-27 20:52:54 [INFO] waiver.league_api — Fetching lineup from https://www.supercoach.com.au/2026/api/afl/draft/v1/userteams/136934/statsPlayers?round=8
2026-04-27 20:52:55 [INFO] waiver.league_api — Lineup fetched: 19 on field, 4 bench (23 total).
2026-04-27 20:52:55 [INFO] waiver — [4d] Refreshing coach list from SC API ladder...
2026-04-27 20:52:55 [INFO] waiver.league_api — Refreshing SC bearer token via Auth0...
2026-04-27 20:52:55 [INFO] waiver.league_api — SC token refreshed successfully.
2026-04-27 20:52:55 [INFO] waiver.league_api — Fetching league teams from https://www.supercoach.com.au/2026/api/afl/draft/v1/leagues/14889/ladderAndFixtures?round=7&scores=true
2026-04-27 20:52:56 [INFO] waiver.league_api — Fetched 8 teams from ladder league 14889 (round 7).
2026-04-27 20:52:56 [INFO] waiver — coach_list.csv refreshed with 8 teams \u2192 G:\My Drive\projects\sc-player-data\data\live\coach_list.csv
2026-04-27 20:52:56 [INFO] waiver — [5/9] Building player table...
2026-04-27 20:52:56 [INFO] waiver.data_loader — Player table built: 781 total, 598 free agents, 23 on my roster, 0 on my roster with injury/suspension.
2026-04-27 20:52:56 [INFO] waiver — [6/9] Loading historical fanfooty data and computing metrics...
2026-04-27 20:53:08 [INFO] waiver.data_loader — Loaded 134949 historical game records across 16 seasons.
2026-04-27 20:53:11 [INFO] waiver.metrics — Metrics computed for 781 players. Replacement levels: {'DEF': '91.0', 'MID': '93.9', 'RUC': '91.6', 'FWD': '82.2', 'FLEX': '93.9'}
2026-04-27 20:53:11 [INFO] waiver — [7/9] Loading model predictions...
2026-04-27 20:53:11 [INFO] waiver.data_loader — Loaded Round 8 predictions: 611 players, avg projected score = 64.8.
2026-04-27 20:53:11 [INFO] waiver — Predictions for Round 8 merged: 609 players have projected scores.
2026-04-27 20:53:11 [INFO] waiver — [7b] Applying historical sanity checks to model predictions...
2026-04-27 20:53:11 [INFO] waiver — P(100+) corrected for 23 players based on historical ceiling.
2026-04-27 20:53:11 [INFO] waiver — P(80+) sanity cap applied to players with 2026 actual data.
2026-04-27 20:53:11 [INFO] waiver — Metrics ready: 781 players total, 598 free agents, 23 on my roster, 0 injured on-field.
2026-04-27 20:53:11 [INFO] waiver — [8b] Refreshing AFL fixture schedule...
2026-04-27 20:53:12 [INFO] waiver.fixture_schedule — AFL fixture loaded: 207 games across rounds 0–24.
2026-04-27 20:53:12 [INFO] waiver.fixture_schedule — waiver_schedule.bat updated — 17 future rounds scheduled. Run as Administrator: G:\My Drive\projects\sc-player-data\waiver_schedule.bat
2026-04-27 20:53:12 [INFO] waiver — waiver_schedule.bat updated — newsletter will prompt re-registration.
2026-04-27 20:53:12 [INFO] waiver — [9/9] Generating newsletter...
2026-04-27 20:53:12 [INFO] waiver.newsletter — Newsletter written to G:\My Drive\projects\sc-player-data\reports\waiver_2026_rd07_2026-04-27.md
2026-04-27 20:53:12 [INFO] waiver — Uploading to Google Sheets...
2026-04-27 20:53:17 [INFO] waiver.gsheet_updater — Google Sheets updated successfully: 'SuperCoach Weekly Predictions' \u2192 'Waiver Targets'
2026-04-27 20:53:17 [INFO] waiver — Emailing newsletter to richardsmark@outlook.com...
2026-04-27 20:53:25 [INFO] waiver.emailer — Newsletter emailed to richardsmark@outlook.com.
2026-04-27 20:53:25 [INFO] waiver — Done. Newsletter saved to: G:\My Drive\projects\sc-player-data\reports\waiver_2026_rd07_2026-04-27.md
2026-05-04 07:00:04 [INFO] waiver — ============================================================
2026-05-04 07:00:04 [INFO] waiver — Waiver Newsletter Pipeline — Season 2026
2026-05-04 07:00:04 [INFO] waiver — ============================================================
2026-05-04 07:00:04 [INFO] waiver.league_api — Refreshing SC bearer token via Auth0...
2026-05-04 07:00:04 [INFO] waiver.league_api — SC token refreshed successfully.
2026-05-04 07:00:04 [INFO] waiver — [1/9] Fetching player ownership from SC in-season league API...
2026-05-04 07:00:04 [INFO] waiver.league_api — Fetching player status from https://www.supercoach.com.au/2026/api/afl/draft/v1/leagues/14889/playersStatus
2026-05-04 07:00:05 [INFO] waiver.league_api — Fetched status for 794 players; 607 are available (waiver).
2026-05-04 07:00:05 [INFO] waiver — [2/9] Fetching live injury and suspension data...
2026-05-04 07:00:05 [INFO] waiver.league_api — Fetching live player injury data from SC API...
2026-05-04 07:00:06 [INFO] waiver.league_api — Fetched injury data for 794 players; 129 have active injury/suspension.
2026-05-04 07:00:06 [INFO] waiver — Injury cache updated: 129 active injuries.
2026-05-04 07:00:06 [INFO] waiver — [3/9] Loading SC player list...
2026-05-04 07:00:06 [INFO] waiver.data_loader — Loaded 781 players from player list.
2026-05-04 07:00:06 [INFO] waiver — Using round: 7
2026-05-04 07:00:06 [INFO] waiver — [4b] Scraping/processing fanfooty data for 2026 R1–R8 (probing +1)...
2026-05-04 07:00:06 [INFO] waiver — Scraping FanFooty raw data for 2026 R8...
2026-05-04 07:00:06 [INFO] root — Fetching fixture data from: https://www.fanfooty.com.au/game/archive.php?year=2026
2026-05-04 07:00:07 [INFO] root — Found 9 unique matches for Round 8: ['9764', '9765', '9766', '9767', '9768', '9769', '9770', '9771', '9772']
2026-05-04 07:00:07 [INFO] root — Successfully saved: 9764.txt
2026-05-04 07:00:08 [INFO] root — Successfully saved: 9765.txt
2026-05-04 07:00:08 [INFO] root — Successfully saved: 9766.txt
2026-05-04 07:00:08 [INFO] root — Successfully saved: 9767.txt
2026-05-04 07:00:09 [INFO] root — Successfully saved: 9768.txt
2026-05-04 07:00:09 [INFO] root — Successfully saved: 9769.txt
2026-05-04 07:00:10 [INFO] root — Successfully saved: 9770.txt
2026-05-04 07:00:10 [INFO] root — Successfully saved: 9771.txt
2026-05-04 07:00:10 [INFO] root — Successfully saved: 9772.txt
2026-05-04 07:00:10 [INFO] waiver — Processing FanFooty data for 2026 R8...
2026-05-04 07:00:10 [INFO] waiver — Saved G:\My Drive\projects\sc-player-data\data\processed\2026_round_8_fanfooty_data.csv
2026-05-04 07:00:10 [INFO] waiver — Round confirmed after scrape: 8
2026-05-04 07:00:17 [INFO] waiver — master_fanfooty_data.csv: appended 414 new rows for 2026 R1–R8
2026-05-04 07:00:33 [WARNING] waiver.fixture_schedule — Could not fetch AFL fixture: HTTPSConnectionPool(host='fixturedownload.com', port=443): Read timed out. (read timeout=15)
2026-05-04 07:00:33 [INFO] waiver — [4e] Refreshing website outputs (ladder, fixtures, player match results)...
2026-05-04 07:00:33 [INFO] waiver.league_api — Refreshing SC bearer token via Auth0...
2026-05-04 07:00:33 [INFO] waiver.league_api — SC token refreshed successfully.
2026-05-04 07:00:46 [INFO] website.data.api_ingest — Detected current round: 8
2026-05-04 07:00:53 [INFO] website.data.api_ingest — Processing 2026 data for rounds 1..8
2026-05-04 07:00:53 [INFO] website.data.api_ingest — ladder.csv: 64 rows
2026-05-04 07:00:53 [INFO] website.data.api_ingest — fixture_results_by_team.csv: 64 rows
2026-05-04 07:00:53 [INFO] website.data.api_ingest — player_match_results.csv: 1472 rows
2026-05-04 07:00:53 [INFO] website.data.api_ingest — player_stats_current.csv: 1472 rows
2026-05-04 07:00:53 [INFO] waiver.league_api — Fetching player status from https://www.supercoach.com.au/2026/api/afl/draft/v1/leagues/14889/playersStatus
2026-05-04 07:00:54 [INFO] waiver.league_api — Fetched status for 794 players; 607 are available (waiver).
2026-05-04 07:00:54 [INFO] website.data.api_ingest — current_teams.csv: 184 players
2026-05-04 07:00:55 [INFO] website.data.api_ingest — Saved league_fixtures.json (21 rounds)
2026-05-04 07:00:55 [INFO] website.data.api_ingest — fixture_schedule_2026.csv: 84 matchups
2026-05-04 07:00:56 [INFO] website.data.api_ingest — processedWaivers: 116 rows
2026-05-04 07:00:57 [INFO] website.data.api_ingest — Free Agent pickups (/trades): 85 rows
2026-05-04 07:00:57 [INFO] website.data.api_ingest — Team trades (/teamtrades): 6 rows from 3 approved trades
2026-05-04 07:00:57 [INFO] website.data.api_ingest — transactions.csv: 207 rows \u2192 G:\My Drive\projects\sc-player-data\data\live\transactions.csv
2026-05-04 07:00:58 [INFO] website.data.api_ingest — Saved processedWaivers \u2192 G:\My Drive\projects\sc-player-data\data\raw\supercoach\2026\leagues_14889_processedWaivers.json
2026-05-04 07:00:58 [INFO] website.data.api_ingest — Saved teamtrades \u2192 G:\My Drive\projects\sc-player-data\data\raw\supercoach\2026\leagues_14889_teamtrades.json
2026-05-04 07:00:58 [INFO] website.data.api_ingest — Saved trades \u2192 G:\My Drive\projects\sc-player-data\data\raw\supercoach\2026\leagues_14889_trades.json
2026-05-04 07:00:59 [INFO] website.data.api_ingest — Saved playersStatus \u2192 G:\My Drive\projects\sc-player-data\data\raw\supercoach\2026\leagues_4199_playersStatus.json
2026-05-04 07:00:59 [INFO] website.data.api_ingest — Saved recap \u2192 G:\My Drive\projects\sc-player-data\data\raw\supercoach\2026\leagues_14889_recap.json
2026-05-04 07:00:59 [INFO] website.data.api_ingest — Saved me \u2192 me.json
2026-05-04 07:01:00 [INFO] website.data.api_ingest — Saved real_fixture \u2192 real_fixture.json
2026-05-04 07:01:00 [INFO] website.data.api_ingest — Saved players \u2192 players_cf_embed=notes,odds,player_stats,positions,player_match_stats&round=1.json
2026-05-04 07:01:01 [INFO] website.data.api_ingest — Saved players \u2192 players_cf_embed=notes,odds,player_stats,positions,player_match_stats&round=2.json
2026-05-04 07:01:01 [INFO] website.data.api_ingest — Saved players \u2192 players_cf_embed=notes,odds,player_stats,positions,player_match_stats&round=3.json
2026-05-04 07:01:02 [INFO] website.data.api_ingest — Saved players \u2192 players_cf_embed=notes,odds,player_stats,positions,player_match_stats&round=4.json
2026-05-04 07:01:03 [INFO] website.data.api_ingest — Saved players \u2192 players_cf_embed=notes,odds,player_stats,positions,player_match_stats&round=5.json
2026-05-04 07:01:03 [INFO] website.data.api_ingest — Saved players \u2192 players_cf_embed=notes,odds,player_stats,positions,player_match_stats&round=6.json
2026-05-04 07:01:04 [INFO] website.data.api_ingest — Saved players \u2192 players_cf_embed=notes,odds,player_stats,positions,player_match_stats&round=7.json
2026-05-04 07:01:04 [INFO] website.data.api_ingest — Saved players \u2192 players_cf_embed=notes,odds,player_stats,positions,player_match_stats&round=8.json
2026-05-04 07:01:04 [INFO] website.data.api_ingest — Refresh complete: 64 ladder, 64 fixture, 1472 player-match rows (rounds 1–8).
2026-05-04 07:01:09 [INFO] waiver — [4f] Updating master_player_data.csv with 2026 current-season data...
2026-05-04 07:01:09 [INFO] root — Step 3: Preparing fanfooty enrichment data...
2026-05-04 07:01:09 [INFO] root —   Loaded 135777 fanfooty records
2026-05-04 07:01:10 [INFO] root —   Prepared 132066 unique fanfooty enrichment records
2026-05-04 07:01:10 [INFO] root — update_current_season: fanfooty enrichment matched 1250/1472 rows
2026-05-04 07:01:12 [INFO] root — update_current_season: added 1472 rows for 2026 \u2192 data\processed\master_player_data.csv
2026-05-04 07:01:12 [INFO] waiver — [4f] master_player_data.csv: 1472 rows added for 2026.
2026-05-04 07:01:12 [INFO] waiver — [4g] Generating Round 9 predictions...
2026-05-04 07:01:20 [WARNING] waiver — Predictions generation failed (non-fatal): Traceback (most recent call last):
  File "G:\My Drive\projects\sc-player-data\run_predictions.py", line 21, in <module>
    from train_model_v2 import add_extended_features
  File "G:\My Drive\projects\sc-player-data\train_model_v2.py", line 30, in <module>
    import lightgbm as lgb
ModuleNotFoundError: No module named 'lightgbm'

2026-05-04 07:01:20 [INFO] waiver — [4/9] Loading current-season scores...
2026-05-04 07:01:21 [INFO] waiver.data_loader — Loaded 2026 scores: 265 players, max rounds played = 8.
2026-05-04 07:01:21 [INFO] waiver — [4b-validate] Validating round 8 data coverage...
2026-05-04 07:01:21 [INFO] root — Fetching fixture data from: https://www.fanfooty.com.au/game/archive.php?year=2026
2026-05-04 07:01:21 [INFO] root — Found 9 unique matches for Round 8: ['9764', '9765', '9766', '9767', '9768', '9769', '9770', '9771', '9772']
2026-05-04 07:01:21 [INFO] waiver — [4c] Fetching lineup for round 9...
2026-05-04 07:01:21 [INFO] waiver.league_api — Fetching lineup from https://www.supercoach.com.au/2026/api/afl/draft/v1/userteams/136934/statsPlayers?round=9
2026-05-04 07:01:21 [INFO] waiver.league_api — Lineup fetched: 19 on field, 4 bench (23 total).
2026-05-04 07:01:21 [INFO] waiver — [4d] Refreshing coach list from SC API ladder...
2026-05-04 07:01:21 [INFO] waiver.league_api — Refreshing SC bearer token via Auth0...
2026-05-04 07:01:22 [INFO] waiver.league_api — SC token refreshed successfully.
2026-05-04 07:01:22 [INFO] waiver.league_api — Fetching league teams from https://www.supercoach.com.au/2026/api/afl/draft/v1/leagues/14889/ladderAndFixtures?round=8&scores=true
2026-05-04 07:01:23 [INFO] waiver.league_api — Fetched 8 teams from ladder league 14889 (round 8).
2026-05-04 07:01:23 [INFO] waiver — coach_list.csv refreshed with 8 teams \u2192 G:\My Drive\projects\sc-player-data\data\live\coach_list.csv
2026-05-04 07:01:23 [INFO] waiver — [5/9] Building player table...
2026-05-04 07:01:23 [INFO] waiver.data_loader — Player table built: 781 total, 598 free agents, 23 on my roster, 1 on my roster with injury/suspension.
2026-05-04 07:01:23 [WARNING] waiver.data_loader — ROSTER INJURY: Darcy Parish — Injury: Managed. Expected recovery time is to be confirmed.
2026-05-04 07:01:23 [INFO] waiver — [6/9] Loading historical fanfooty data and computing metrics...
2026-05-04 07:01:34 [INFO] waiver.data_loader — Loaded 135363 historical game records across 16 seasons.
2026-05-04 07:01:37 [INFO] waiver.metrics — Metrics computed for 781 players. Replacement levels: {'DEF': '91.0', 'MID': '93.8', 'RUC': '85.5', 'FWD': '102.1', 'FLEX': '102.1'}
2026-05-04 07:01:37 [INFO] waiver — [7/9] Loading model predictions...
2026-05-04 07:01:37 [WARNING] waiver.data_loader — Round 9 predictions not found; falling back to Round 8 predictions.
2026-05-04 07:01:37 [INFO] waiver.data_loader — Loaded Round 8 predictions: 611 players, avg projected score = 64.8.
2026-05-04 07:01:37 [INFO] waiver — Predictions for Round 8 merged: 609 players have projected scores.
2026-05-04 07:01:37 [INFO] waiver — [7b] Applying historical sanity checks to model predictions...
2026-05-04 07:01:37 [INFO] waiver — P(100+) corrected for 23 players based on historical ceiling.
2026-05-04 07:01:37 [INFO] waiver — P(80+) sanity cap applied to players with 2026 actual data.
2026-05-04 07:01:37 [INFO] waiver — Metrics ready: 781 players total, 598 free agents, 23 on my roster, 0 injured on-field.
2026-05-04 07:01:37 [INFO] waiver — [8b] Refreshing AFL fixture schedule...
2026-05-04 07:01:52 [WARNING] waiver.fixture_schedule — Could not fetch AFL fixture: HTTPSConnectionPool(host='fixturedownload.com', port=443): Read timed out. (read timeout=15)
2026-05-04 07:01:52 [WARNING] waiver.fixture_schedule — Fixture fetch failed — waiver_schedule.bat not updated.
2026-05-04 07:01:52 [INFO] waiver — [9/9] Generating newsletter...
2026-05-04 07:01:52 [INFO] waiver.newsletter — Newsletter written to G:\My Drive\projects\sc-player-data\reports\waiver_2026_rd08_2026-05-04.md
2026-05-04 07:01:52 [INFO] waiver — Uploading to Google Sheets...
2026-05-04 07:01:57 [INFO] waiver.gsheet_updater — Google Sheets updated successfully: 'SuperCoach Weekly Predictions' \u2192 'Waiver Targets'
2026-05-04 07:01:57 [INFO] waiver — Emailing newsletter to richardsmark@outlook.com...
2026-05-04 07:02:05 [INFO] waiver.emailer — Newsletter emailed to richardsmark@outlook.com.
2026-05-04 07:02:05 [INFO] waiver — Done. Newsletter saved to: G:\My Drive\projects\sc-player-data\reports\waiver_2026_rd08_2026-05-04.md
Traceback (most recent call last):
  File "g:\My Drive\projects\sc-player-data\build_static.py", line 4, in <module>
    from website.app import create_app
  File "g:\My Drive\projects\sc-player-data\website\app.py", line 13, in <module>
    from flask import Flask, jsonify
ModuleNotFoundError: No module named 'flask'
docs\index.html
docs\static\css\custom.css
docs\static\images\afl_field.png
docs\static\images\afl_teams_sprite.svg
docs\static\images\coaches\Anthony_2022.png
docs\static\images\coaches\James_2022.png
docs\static\images\coaches\Jordan_2022.png
docs\static\images\coaches\Lester_2022.png
docs\static\images\coaches\Luke_2022.png
docs\static\images\coaches\Mark_2022.png
docs\static\images\coaches\Paul_2022.png
docs\static\images\coaches\Simon_2022.png
docs\records\index.html
docs\power-rankings\index.html
docs\draft-heat-map\index.html
docs\acquisition\index.html
docs\coach\Anthony\index.html
docs\coach\James\index.html
docs\coach\Jordan\index.html
docs\coach\Lester\index.html
docs\coach\Luke\index.html
docs\coach\Mark\index.html
docs\coach\Paul\index.html
docs\coach\Simon\index.html
24 File(s) copied
warning: in the working copy of 'static/css/custom.css', LF will be replaced by CRLF the next time Git touches it
warning: in the working copy of 'static/images/afl_teams_sprite.svg', LF will be replaced by CRLF the next time Git touches it
On branch main
Your branch is up to date with 'origin/main'.

nothing to commit, working tree clean
fatal: Unable to persist credentials with the 'wincredman' credential store.
See https://aka.ms/gcm/credstores for more information.
bash: line 1: /dev/tty: No such device or address
error: failed to execute prompt script (exit code 1)
fatal: could not read Username for 'https://github.com': No such file or directory
2026-05-10 19:26:02 [INFO] waiver — ============================================================
2026-05-10 19:26:02 [INFO] waiver — Waiver Newsletter Pipeline — Season 2026
2026-05-10 19:26:02 [INFO] waiver — ============================================================
2026-05-10 19:26:02 [INFO] waiver.league_api — Refreshing SC bearer token via Auth0...
2026-05-10 19:26:03 [INFO] waiver.league_api — SC token refreshed successfully.
2026-05-10 19:26:03 [INFO] waiver — [1/9] Fetching player ownership from SC in-season league API...
2026-05-10 19:26:03 [INFO] waiver.league_api — Fetching player status from https://www.supercoach.com.au/2026/api/afl/draft/v1/leagues/14889/playersStatus
2026-05-10 19:26:03 [INFO] waiver.league_api — Fetched status for 794 players; 610 are available (waiver).
2026-05-10 19:26:03 [INFO] waiver — [2/9] Fetching live injury and suspension data...
2026-05-10 19:26:03 [INFO] waiver.league_api — Fetching live player injury data from SC API...
2026-05-10 19:26:04 [INFO] waiver.league_api — Fetched injury data for 794 players; 138 have active injury/suspension.
2026-05-10 19:26:04 [INFO] waiver — Injury cache updated: 138 active injuries.
2026-05-10 19:26:04 [INFO] waiver — [3/9] Loading SC player list...
2026-05-10 19:26:05 [INFO] waiver.data_loader — Loaded 781 players from player list.
2026-05-10 19:26:05 [INFO] waiver — Using round: 9
2026-05-10 19:26:05 [INFO] waiver — [4b] Scraping/processing fanfooty data for 2026 R1–R10 (probing +1)...
2026-05-10 19:26:05 [INFO] waiver — Scraping FanFooty raw data for 2026 R10...
2026-05-10 19:26:05 [INFO] root — Fetching fixture data from: https://www.fanfooty.com.au/game/archive.php?year=2026
2026-05-10 19:26:06 [WARNING] root — Could not find header for 'Round 10' for 2026.
2026-05-10 19:26:06 [INFO] waiver — No match IDs for 2026 R10 — round not yet played, skipping.
2026-05-10 19:26:06 [INFO] waiver — Round confirmed after scrape: 9
2026-05-10 19:26:08 [INFO] waiver — master_fanfooty_data.csv already up to date for 2026 R1–R9
2026-05-10 19:26:12 [INFO] waiver.fixture_schedule — AFL fixture loaded: 207 games across rounds 0–24.
2026-05-10 19:26:12 [INFO] waiver — [4e] Refreshing website outputs (ladder, fixtures, player match results)...
2026-05-10 19:26:12 [INFO] waiver.league_api — Refreshing SC bearer token via Auth0...
2026-05-10 19:26:13 [INFO] waiver.league_api — SC token refreshed successfully.
2026-05-10 19:26:28 [INFO] website.data.api_ingest — Detected current round: 9
2026-05-10 19:26:41 [INFO] website.data.api_ingest — Processing 2026 data for rounds 1..9
2026-05-10 19:26:41 [INFO] website.data.api_ingest — ladder.csv: 72 rows
2026-05-10 19:26:41 [INFO] website.data.api_ingest — fixture_results_by_team.csv: 72 rows
2026-05-10 19:26:41 [INFO] website.data.api_ingest — player_match_results.csv: 1656 rows
2026-05-10 19:26:41 [INFO] website.data.api_ingest — player_stats_current.csv: 1656 rows
2026-05-10 19:26:41 [INFO] waiver.league_api — Fetching player status from https://www.supercoach.com.au/2026/api/afl/draft/v1/leagues/14889/playersStatus
2026-05-10 19:26:42 [INFO] waiver.league_api — Fetched status for 794 players; 610 are available (waiver).
2026-05-10 19:26:42 [INFO] website.data.api_ingest — current_teams.csv: 184 players
2026-05-10 19:26:42 [INFO] website.data.api_ingest — Saved league_fixtures.json (21 rounds)
2026-05-10 19:26:43 [INFO] website.data.api_ingest — fixture_schedule_2026.csv: 84 matchups
2026-05-10 19:26:44 [INFO] website.data.api_ingest — processedWaivers: 127 rows
2026-05-10 19:26:45 [INFO] website.data.api_ingest — Free Agent pickups (/trades): 96 rows
2026-05-10 19:26:45 [INFO] website.data.api_ingest — Team trades (/teamtrades): 6 rows from 3 approved trades
2026-05-10 19:26:45 [INFO] website.data.api_ingest — transactions.csv: 229 rows \u2192 G:\My Drive\projects\sc-player-data\data\live\transactions.csv
2026-05-10 19:26:46 [INFO] website.data.api_ingest — Saved processedWaivers \u2192 G:\My Drive\projects\sc-player-data\data\raw\supercoach\2026\leagues_14889_processedWaivers.json
2026-05-10 19:26:46 [INFO] website.data.api_ingest — Saved teamtrades \u2192 G:\My Drive\projects\sc-player-data\data\raw\supercoach\2026\leagues_14889_teamtrades.json
2026-05-10 19:26:46 [INFO] website.data.api_ingest — Saved trades \u2192 G:\My Drive\projects\sc-player-data\data\raw\supercoach\2026\leagues_14889_trades.json
2026-05-10 19:26:47 [INFO] website.data.api_ingest — Saved playersStatus \u2192 G:\My Drive\projects\sc-player-data\data\raw\supercoach\2026\leagues_4199_playersStatus.json
2026-05-10 19:26:47 [INFO] website.data.api_ingest — Saved recap \u2192 G:\My Drive\projects\sc-player-data\data\raw\supercoach\2026\leagues_14889_recap.json
2026-05-10 19:26:48 [INFO] website.data.api_ingest — Saved me \u2192 me.json
2026-05-10 19:26:48 [INFO] website.data.api_ingest — Saved real_fixture \u2192 real_fixture.json
2026-05-10 19:26:49 [INFO] website.data.api_ingest — Saved players \u2192 players_cf_embed=notes,odds,player_stats,positions,player_match_stats&round=1.json
2026-05-10 19:26:49 [INFO] website.data.api_ingest — Saved players \u2192 players_cf_embed=notes,odds,player_stats,positions,player_match_stats&round=2.json
2026-05-10 19:26:50 [INFO] website.data.api_ingest — Saved players \u2192 players_cf_embed=notes,odds,player_stats,positions,player_match_stats&round=3.json
2026-05-10 19:26:51 [INFO] website.data.api_ingest — Saved players \u2192 players_cf_embed=notes,odds,player_stats,positions,player_match_stats&round=4.json
2026-05-10 19:26:51 [INFO] website.data.api_ingest — Saved players \u2192 players_cf_embed=notes,odds,player_stats,positions,player_match_stats&round=5.json
2026-05-10 19:26:52 [INFO] website.data.api_ingest — Saved players \u2192 players_cf_embed=notes,odds,player_stats,positions,player_match_stats&round=6.json
2026-05-10 19:26:52 [INFO] website.data.api_ingest — Saved players \u2192 players_cf_embed=notes,odds,player_stats,positions,player_match_stats&round=7.json
2026-05-10 19:26:53 [INFO] website.data.api_ingest — Saved players \u2192 players_cf_embed=notes,odds,player_stats,positions,player_match_stats&round=8.json
2026-05-10 19:26:54 [INFO] website.data.api_ingest — Saved players \u2192 players_cf_embed=notes,odds,player_stats,positions,player_match_stats&round=9.json
2026-05-10 19:26:54 [INFO] website.data.api_ingest — Refresh complete: 72 ladder, 72 fixture, 1656 player-match rows (rounds 1–9).
2026-05-10 19:26:58 [INFO] waiver — [4f] Updating master_player_data.csv with 2026 current-season data...
2026-05-10 19:26:58 [INFO] root — Step 3: Preparing fanfooty enrichment data...
2026-05-10 19:26:59 [INFO] root —   Loaded 135915 fanfooty records
2026-05-10 19:26:59 [INFO] root —   Prepared 132204 unique fanfooty enrichment records
2026-05-10 19:26:59 [INFO] root — update_current_season: fanfooty enrichment matched 1316/1656 rows
2026-05-10 19:26:59 [INFO] root — Loading DFS Australia data...
2026-05-10 19:27:00 [INFO] root —   Loaded 2274 DFS rows across 1 seasons
2026-05-10 19:27:00 [INFO] root — Merging DFS Australia data...
2026-05-10 19:27:00 [INFO] root —   DFS merge: 798/1656 rows matched on CBA%
2026-05-10 19:27:05 [INFO] root — update_current_season: added 1656 rows for 2026 \u2192 data\processed\master_player_data.csv
2026-05-10 19:27:05 [INFO] waiver — [4f] master_player_data.csv: 1656 rows added for 2026.
2026-05-10 19:27:05 [INFO] waiver — [4g] Round 10 predictions already exist — skipping generation.
2026-05-10 19:27:05 [INFO] waiver — [4/9] Loading current-season scores...
2026-05-10 19:27:05 [INFO] waiver.data_loader — Loaded 2026 scores: 274 players, max rounds played = 9.
2026-05-10 19:27:05 [INFO] waiver — [4b-validate] Validating round 9 data coverage...
2026-05-10 19:27:05 [INFO] root — Fetching fixture data from: https://www.fanfooty.com.au/game/archive.php?year=2026
2026-05-10 19:27:06 [INFO] root — Found 9 unique matches for Round 9: ['9773', '9774', '9775', '9776', '9777', '9778', '9779', '9780', '9781']
2026-05-10 19:27:06 [WARNING] waiver — VALIDATION: FanFooty R9 has 3/9 raw files. Incomplete scrape — will re-download.
2026-05-10 19:27:06 [INFO] waiver — Re-scraping FanFooty for 2026 R9 (9 games)...
2026-05-10 19:27:07 [INFO] root — Successfully saved: 9773.txt
2026-05-10 19:27:07 [INFO] root — Successfully saved: 9774.txt
2026-05-10 19:27:08 [INFO] root — Successfully saved: 9775.txt
2026-05-10 19:27:08 [INFO] root — Successfully saved: 9776.txt
2026-05-10 19:27:09 [INFO] root — Successfully saved: 9777.txt
2026-05-10 19:27:09 [INFO] root — Successfully saved: 9778.txt
2026-05-10 19:27:10 [INFO] root — Successfully saved: 9779.txt
2026-05-10 19:27:11 [INFO] root — Successfully saved: 9780.txt
2026-05-10 19:27:11 [INFO] root — Successfully saved: 9781.txt
2026-05-10 19:27:11 [INFO] waiver — Repaired: saved G:\My Drive\projects\sc-player-data\data\processed\2026_round_9_fanfooty_data.csv (414 rows)
2026-05-10 19:27:11 [INFO] waiver — [4c] Fetching lineup for round 10...
2026-05-10 19:27:11 [INFO] waiver.league_api — Fetching lineup from https://www.supercoach.com.au/2026/api/afl/draft/v1/userteams/136934/statsPlayers?round=10
2026-05-10 19:27:12 [INFO] waiver.league_api — Lineup fetched: 19 on field, 4 bench (23 total).
2026-05-10 19:27:12 [INFO] waiver — [4d] Refreshing coach list from SC API ladder...
2026-05-10 19:27:12 [INFO] waiver.league_api — Refreshing SC bearer token via Auth0...
2026-05-10 19:27:13 [INFO] waiver.league_api — SC token refreshed successfully.
2026-05-10 19:27:13 [INFO] waiver.league_api — Fetching league teams from https://www.supercoach.com.au/2026/api/afl/draft/v1/leagues/14889/ladderAndFixtures?round=9&scores=true
2026-05-10 19:27:13 [INFO] waiver.league_api — Fetched 8 teams from ladder league 14889 (round 9).
2026-05-10 19:27:13 [INFO] waiver — coach_list.csv refreshed with 8 teams \u2192 G:\My Drive\projects\sc-player-data\data\live\coach_list.csv
2026-05-10 19:27:13 [INFO] waiver — [5/9] Building player table...
2026-05-10 19:27:13 [INFO] waiver.data_loader — Player table built: 781 total, 597 free agents, 23 on my roster, 0 on my roster with injury/suspension.
2026-05-10 19:27:13 [INFO] waiver — [6/9] Loading historical fanfooty data and computing metrics...
2026-05-10 19:27:31 [INFO] waiver.data_loader — Loaded 135777 historical game records across 16 seasons.
2026-05-10 19:27:36 [INFO] waiver.metrics — Metrics computed for 781 players. Replacement levels: {'DEF': '85.0', 'MID': '93.7', 'RUC': '90.9', 'FWD': '102.1', 'FLEX': '102.1'}
2026-05-10 19:27:36 [INFO] waiver — [7/9] Loading model predictions...
2026-05-10 19:27:36 [INFO] waiver.data_loader — Loaded Round 10 predictions: 612 players, avg projected score = 57.3.
2026-05-10 19:27:36 [INFO] waiver — Predictions for Round 10 merged: 610 players have projected scores.
2026-05-10 19:27:36 [INFO] waiver — [7b] Applying historical sanity checks to model predictions...
2026-05-10 19:27:36 [INFO] waiver — P(100+) corrected for 15 players based on historical ceiling.
2026-05-10 19:27:36 [INFO] waiver — P(80+) sanity cap applied to players with 2026 actual data.
2026-05-10 19:27:36 [INFO] waiver — Metrics ready: 781 players total, 597 free agents, 23 on my roster, 0 injured on-field.
2026-05-10 19:27:36 [INFO] waiver — [7c] Scoring mid-year jumper and streamer candidates...
2026-05-10 19:27:36 [INFO] waiver.jumper_scorer — Loaded 3496 2026 fanfooty rows across 9 rounds.
2026-05-10 19:27:36 [INFO] waiver.jumper_scorer — Loaded 2026 CBA data: 1511 rows, max round 7.
2026-05-10 19:27:36 [INFO] waiver.jumper_scorer — Scoring 236 FA candidates (avg < 80, games >= 5) for R9 jumper/streamer signals.
2026-05-10 19:27:37 [INFO] waiver.jumper_scorer — Jumper candidates: 22 (score >= 0.55, career/avg3 ceiling) | Streamer candidates: 4 (signals >= 2, avg3 >= 80)
2026-05-10 19:27:37 [INFO] waiver — Jumper/streamer scoring done: 5 mover candidates, 4 streamer candidates.
2026-05-10 19:27:37 [INFO] waiver — [8b] Refreshing AFL fixture schedule...
2026-05-10 19:27:38 [INFO] waiver.fixture_schedule — AFL fixture loaded: 207 games across rounds 0–24.
2026-05-10 19:27:38 [INFO] waiver.fixture_schedule — waiver_schedule.bat updated — 16 future rounds scheduled. Run as Administrator: G:\My Drive\projects\sc-player-data\waiver_schedule.bat
2026-05-10 19:27:38 [INFO] waiver — waiver_schedule.bat updated — newsletter will prompt re-registration.
2026-05-10 19:27:38 [INFO] waiver — [9/9] Generating newsletter...
2026-05-10 19:27:38 [INFO] waiver.newsletter — Newsletter written to G:\My Drive\projects\sc-player-data\reports\waiver_2026_rd09_2026-05-10.md
2026-05-10 19:27:38 [INFO] waiver — Emailing newsletter to richardsmark@outlook.com...
2026-05-10 19:27:47 [INFO] waiver.emailer — Newsletter emailed to richardsmark@outlook.com.
2026-05-10 19:27:47 [INFO] waiver — [10/10] Deploying static site to GitHub Pages...
2026-05-10 19:27:47 [INFO] deploy_github_pages — Building static site...
2026-05-10 19:27:47 [ERROR] deploy_github_pages — build_static.py failed (rc=1): Traceback (most recent call last):
  File "G:\My Drive\projects\sc-player-data\build_static.py", line 4, in <module>
    from website.app import create_app
  File "G:\My Drive\projects\sc-player-data\website\app.py", line 13, in <module>
    from flask import Flask, jsonify
ModuleNotFoundError: No module named 'flask'
2026-05-10 19:27:47 [WARNING] waiver — GitHub Pages deploy failed — site may be stale. Run: py deploy_github_pages.py
2026-05-10 19:27:47 [INFO] waiver — Done. Newsletter saved to: G:\My Drive\projects\sc-player-data\reports\waiver_2026_rd09_2026-05-10.md
Traceback (most recent call last):
  File "g:\My Drive\projects\sc-player-data\build_static.py", line 4, in <module>
    from website.app import create_app
  File "g:\My Drive\projects\sc-player-data\website\app.py", line 13, in <module>
    from flask import Flask, jsonify
ModuleNotFoundError: No module named 'flask'
docs\index.html
docs\static\css\custom.css
docs\static\images\afl_field.png
docs\static\images\afl_teams_sprite.svg
docs\static\images\coaches\Anthony_2022.png
docs\static\images\coaches\James_2022.png
docs\static\images\coaches\Jordan_2022.png
docs\static\images\coaches\Lester_2022.png
docs\static\images\coaches\Luke_2022.png
docs\static\images\coaches\Mark_2022.png
docs\static\images\coaches\Paul_2022.png
docs\static\images\coaches\Simon_2022.png
docs\records\index.html
docs\power-rankings\index.html
docs\draft-heat-map\index.html
docs\acquisition\index.html
docs\coach\Anthony\index.html
docs\coach\James\index.html
docs\coach\Jordan\index.html
docs\coach\Lester\index.html
docs\coach\Luke\index.html
docs\coach\Mark\index.html
docs\coach\Paul\index.html
docs\coach\Simon\index.html
24 File(s) copied
[main 8b5fc33] Weekly update
 12 files changed, 7728 insertions(+), 7137 deletions(-)
To https://github.com/mark-richards/asl-hub.git
 ! [rejected]        main -> main (fetch first)
error: failed to push some refs to 'https://github.com/mark-richards/asl-hub.git'
hint: Updates were rejected because the remote contains work that you do not
hint: have locally. This is usually caused by another repository pushing to
hint: the same ref. If you want to integrate the remote changes, use
hint: 'git pull' before pushing again.
hint: See the 'Note about fast-forwards' in 'git push --help' for details.
2026-05-11 07:00:10 [INFO] waiver — ============================================================
2026-05-11 07:00:10 [INFO] waiver — Waiver Newsletter Pipeline — Season 2026
2026-05-11 07:00:10 [INFO] waiver — ============================================================
2026-05-11 07:00:10 [INFO] waiver.league_api — Refreshing SC bearer token via Auth0...
2026-05-11 07:00:10 [INFO] waiver.league_api — SC token refreshed successfully.
2026-05-11 07:00:10 [INFO] waiver — [1/9] Fetching player ownership from SC in-season league API...
2026-05-11 07:00:10 [INFO] waiver.league_api — Fetching player status from https://www.supercoach.com.au/2026/api/afl/draft/v1/leagues/14889/playersStatus
2026-05-11 07:00:11 [INFO] waiver.league_api — Fetched status for 794 players; 610 are available (waiver).
2026-05-11 07:00:11 [INFO] waiver — [2/9] Fetching live injury and suspension data...
2026-05-11 07:00:11 [INFO] waiver.league_api — Fetching live player injury data from SC API...
2026-05-11 07:00:12 [INFO] waiver.league_api — Fetched injury data for 794 players; 138 have active injury/suspension.
2026-05-11 07:00:12 [INFO] waiver — Injury cache updated: 138 active injuries.
2026-05-11 07:00:12 [INFO] waiver — [3/9] Loading SC player list...
2026-05-11 07:00:12 [INFO] waiver.data_loader — Loaded 781 players from player list.
2026-05-11 07:00:12 [INFO] waiver — Using round: 9
2026-05-11 07:00:12 [INFO] waiver — [4b] Scraping/processing fanfooty data for 2026 R1–R10 (probing +1)...
2026-05-11 07:00:12 [INFO] waiver — Scraping FanFooty raw data for 2026 R10...
2026-05-11 07:00:12 [INFO] root — Fetching fixture data from: https://www.fanfooty.com.au/game/archive.php?year=2026
2026-05-11 07:00:13 [WARNING] root — Could not find header for 'Round 10' for 2026.
2026-05-11 07:00:13 [INFO] waiver — No match IDs for 2026 R10 — round not yet played, skipping.
2026-05-11 07:00:13 [INFO] waiver — Round confirmed after scrape: 9
2026-05-11 07:00:20 [INFO] waiver — master_fanfooty_data.csv: appended 276 new rows for 2026 R1–R9
2026-05-11 07:00:23 [INFO] waiver.fixture_schedule — AFL fixture loaded: 207 games across rounds 0–24.
2026-05-11 07:00:23 [INFO] waiver — [4e] Refreshing website outputs (ladder, fixtures, player match results)...
2026-05-11 07:00:23 [INFO] waiver.league_api — Refreshing SC bearer token via Auth0...
2026-05-11 07:00:24 [INFO] waiver.league_api — SC token refreshed successfully.
2026-05-11 07:00:38 [INFO] website.data.api_ingest — Detected current round: 9
2026-05-11 07:00:48 [INFO] website.data.api_ingest — Processing 2026 data for rounds 1..9
2026-05-11 07:00:48 [INFO] website.data.api_ingest — ladder.csv: 72 rows
2026-05-11 07:00:48 [INFO] website.data.api_ingest — fixture_results_by_team.csv: 72 rows
2026-05-11 07:00:48 [INFO] website.data.api_ingest — player_match_results.csv: 1656 rows
2026-05-11 07:00:48 [INFO] website.data.api_ingest — player_stats_current.csv: 1656 rows
2026-05-11 07:00:48 [INFO] waiver.league_api — Fetching player status from https://www.supercoach.com.au/2026/api/afl/draft/v1/leagues/14889/playersStatus
2026-05-11 07:00:48 [INFO] waiver.league_api — Fetched status for 794 players; 610 are available (waiver).
2026-05-11 07:00:48 [INFO] website.data.api_ingest — current_teams.csv: 184 players
2026-05-11 07:00:49 [INFO] website.data.api_ingest — Saved league_fixtures.json (21 rounds)
2026-05-11 07:00:50 [INFO] website.data.api_ingest — fixture_schedule_2026.csv: 84 matchups
2026-05-11 07:00:51 [INFO] website.data.api_ingest — processedWaivers: 130 rows
2026-05-11 07:00:51 [INFO] website.data.api_ingest — Free Agent pickups (/trades): 96 rows
2026-05-11 07:00:51 [INFO] website.data.api_ingest — Team trades (/teamtrades): 6 rows from 3 approved trades
2026-05-11 07:00:51 [INFO] website.data.api_ingest — transactions.csv: 232 rows \u2192 G:\My Drive\projects\sc-player-data\data\live\transactions.csv
2026-05-11 07:00:52 [INFO] website.data.api_ingest — Saved processedWaivers \u2192 G:\My Drive\projects\sc-player-data\data\raw\supercoach\2026\leagues_14889_processedWaivers.json
2026-05-11 07:00:53 [INFO] website.data.api_ingest — Saved teamtrades \u2192 G:\My Drive\projects\sc-player-data\data\raw\supercoach\2026\leagues_14889_teamtrades.json
2026-05-11 07:00:53 [INFO] website.data.api_ingest — Saved trades \u2192 G:\My Drive\projects\sc-player-data\data\raw\supercoach\2026\leagues_14889_trades.json
2026-05-11 07:00:53 [INFO] website.data.api_ingest — Saved playersStatus \u2192 G:\My Drive\projects\sc-player-data\data\raw\supercoach\2026\leagues_4199_playersStatus.json
2026-05-11 07:00:54 [INFO] website.data.api_ingest — Saved recap \u2192 G:\My Drive\projects\sc-player-data\data\raw\supercoach\2026\leagues_14889_recap.json
2026-05-11 07:00:54 [INFO] website.data.api_ingest — Saved me \u2192 me.json
2026-05-11 07:00:54 [INFO] website.data.api_ingest — Saved real_fixture \u2192 real_fixture.json
2026-05-11 07:00:55 [INFO] website.data.api_ingest — Saved players \u2192 players_cf_embed=notes,odds,player_stats,positions,player_match_stats&round=1.json
2026-05-11 07:00:56 [INFO] website.data.api_ingest — Saved players \u2192 players_cf_embed=notes,odds,player_stats,positions,player_match_stats&round=2.json
2026-05-11 07:00:56 [INFO] website.data.api_ingest — Saved players \u2192 players_cf_embed=notes,odds,player_stats,positions,player_match_stats&round=3.json
2026-05-11 07:00:57 [INFO] website.data.api_ingest — Saved players \u2192 players_cf_embed=notes,odds,player_stats,positions,player_match_stats&round=4.json
2026-05-11 07:00:58 [INFO] website.data.api_ingest — Saved players \u2192 players_cf_embed=notes,odds,player_stats,positions,player_match_stats&round=5.json
2026-05-11 07:00:58 [INFO] website.data.api_ingest — Saved players \u2192 players_cf_embed=notes,odds,player_stats,positions,player_match_stats&round=6.json
2026-05-11 07:00:59 [INFO] website.data.api_ingest — Saved players \u2192 players_cf_embed=notes,odds,player_stats,positions,player_match_stats&round=7.json
2026-05-11 07:00:59 [INFO] website.data.api_ingest — Saved players \u2192 players_cf_embed=notes,odds,player_stats,positions,player_match_stats&round=8.json
2026-05-11 07:01:00 [INFO] website.data.api_ingest — Saved players \u2192 players_cf_embed=notes,odds,player_stats,positions,player_match_stats&round=9.json
2026-05-11 07:01:00 [INFO] website.data.api_ingest — Refresh complete: 72 ladder, 72 fixture, 1656 player-match rows (rounds 1–9).
2026-05-11 07:01:04 [INFO] waiver — [4f] Updating master_player_data.csv with 2026 current-season data...
2026-05-11 07:01:04 [INFO] root — Step 3: Preparing fanfooty enrichment data...
2026-05-11 07:01:05 [INFO] root —   Loaded 136191 fanfooty records
2026-05-11 07:01:05 [INFO] root —   Prepared 132480 unique fanfooty enrichment records
2026-05-11 07:01:05 [INFO] root — update_current_season: fanfooty enrichment matched 1421/1656 rows
2026-05-11 07:01:05 [INFO] root — Loading DFS Australia data...
2026-05-11 07:01:05 [INFO] root —   Loaded 2274 DFS rows across 1 seasons
2026-05-11 07:01:05 [INFO] root — Merging DFS Australia data...
2026-05-11 07:01:05 [INFO] root —   DFS merge: 798/1656 rows matched on CBA%
2026-05-11 07:01:09 [INFO] root — update_current_season: added 1656 rows for 2026 \u2192 data\processed\master_player_data.csv
2026-05-11 07:01:09 [INFO] waiver — [4f] master_player_data.csv: 1656 rows added for 2026.
2026-05-11 07:01:09 [INFO] waiver — [4g] Round 10 predictions already exist — skipping generation.
2026-05-11 07:01:09 [INFO] waiver — [4/9] Loading current-season scores...
2026-05-11 07:01:09 [INFO] waiver.data_loader — Loaded 2026 scores: 274 players, max rounds played = 9.
2026-05-11 07:01:09 [INFO] waiver — [4b-validate] Validating round 9 data coverage...
2026-05-11 07:01:09 [INFO] root — Fetching fixture data from: https://www.fanfooty.com.au/game/archive.php?year=2026
2026-05-11 07:01:09 [INFO] root — Found 9 unique matches for Round 9: ['9773', '9774', '9775', '9776', '9777', '9778', '9779', '9780', '9781']
2026-05-11 07:01:09 [INFO] waiver — [4c] Fetching lineup for round 10...
2026-05-11 07:01:09 [INFO] waiver.league_api — Fetching lineup from https://www.supercoach.com.au/2026/api/afl/draft/v1/userteams/136934/statsPlayers?round=10
2026-05-11 07:01:10 [INFO] waiver.league_api — Lineup fetched: 19 on field, 4 bench (23 total).
2026-05-11 07:01:10 [INFO] waiver — [4d] Refreshing coach list from SC API ladder...
2026-05-11 07:01:10 [INFO] waiver.league_api — Refreshing SC bearer token via Auth0...
2026-05-11 07:01:10 [INFO] waiver.league_api — SC token refreshed successfully.
2026-05-11 07:01:10 [INFO] waiver.league_api — Fetching league teams from https://www.supercoach.com.au/2026/api/afl/draft/v1/leagues/14889/ladderAndFixtures?round=9&scores=true
2026-05-11 07:01:11 [INFO] waiver.league_api — Fetched 8 teams from ladder league 14889 (round 9).
2026-05-11 07:01:11 [INFO] waiver — coach_list.csv refreshed with 8 teams \u2192 G:\My Drive\projects\sc-player-data\data\live\coach_list.csv
2026-05-11 07:01:11 [INFO] waiver — [5/9] Building player table...
2026-05-11 07:01:11 [INFO] waiver.data_loader — Player table built: 781 total, 597 free agents, 23 on my roster, 0 on my roster with injury/suspension.
2026-05-11 07:01:11 [INFO] waiver — [6/9] Loading historical fanfooty data and computing metrics...
2026-05-11 07:01:23 [INFO] waiver.data_loader — Loaded 135777 historical game records across 16 seasons.
2026-05-11 07:01:26 [INFO] waiver.metrics — Metrics computed for 781 players. Replacement levels: {'DEF': '85.0', 'MID': '93.7', 'RUC': '90.9', 'FWD': '102.1', 'FLEX': '102.1'}
2026-05-11 07:01:26 [INFO] waiver — [7/9] Loading model predictions...
2026-05-11 07:01:26 [INFO] waiver.data_loader — Loaded Round 10 predictions: 612 players, avg projected score = 57.3.
2026-05-11 07:01:26 [INFO] waiver — Predictions for Round 10 merged: 610 players have projected scores.
2026-05-11 07:01:26 [INFO] waiver — [7b] Applying historical sanity checks to model predictions...
2026-05-11 07:01:26 [INFO] waiver — P(100+) corrected for 15 players based on historical ceiling.
2026-05-11 07:01:26 [INFO] waiver — P(80+) sanity cap applied to players with 2026 actual data.
2026-05-11 07:01:26 [INFO] waiver — Metrics ready: 781 players total, 597 free agents, 23 on my roster, 0 injured on-field.
2026-05-11 07:01:26 [INFO] waiver — [7c] Scoring mid-year jumper and streamer candidates...
2026-05-11 07:01:26 [INFO] waiver.jumper_scorer — Loaded 3496 2026 fanfooty rows across 9 rounds.
2026-05-11 07:01:26 [INFO] waiver.jumper_scorer — Loaded 2026 CBA data: 1511 rows, max round 7.
2026-05-11 07:01:26 [INFO] waiver.jumper_scorer — Scoring 236 FA candidates (avg < 80, games >= 5) for R9 jumper/streamer signals.
2026-05-11 07:01:26 [INFO] waiver.jumper_scorer — Jumper candidates: 21 (score >= 0.55, career/avg3 ceiling) | Streamer candidates: 4 (signals >= 2, avg3 >= 80)
2026-05-11 07:01:26 [INFO] waiver — Jumper/streamer scoring done: 5 mover candidates, 4 streamer candidates.
2026-05-11 07:01:26 [INFO] waiver — [8b] Refreshing AFL fixture schedule...
2026-05-11 07:01:27 [INFO] waiver.fixture_schedule — AFL fixture loaded: 207 games across rounds 0–24.
2026-05-11 07:01:27 [INFO] waiver.fixture_schedule — waiver_schedule.bat updated — 15 future rounds scheduled. Run as Administrator: G:\My Drive\projects\sc-player-data\waiver_schedule.bat
2026-05-11 07:01:27 [INFO] waiver — waiver_schedule.bat updated — newsletter will prompt re-registration.
2026-05-11 07:01:27 [INFO] waiver — [9/9] Generating newsletter...
2026-05-11 07:01:28 [INFO] waiver.newsletter — Newsletter written to G:\My Drive\projects\sc-player-data\reports\waiver_2026_rd09_2026-05-11.md
2026-05-11 07:01:28 [INFO] waiver — Emailing newsletter to richardsmark@outlook.com...
2026-05-11 07:01:35 [INFO] waiver.emailer — Newsletter emailed to richardsmark@outlook.com.
2026-05-11 07:01:35 [INFO] waiver — [10/10] Deploying static site to GitHub Pages...
2026-05-11 07:01:35 [INFO] deploy_github_pages — Building static site...
2026-05-11 07:01:35 [ERROR] deploy_github_pages — build_static.py failed (rc=1): Traceback (most recent call last):
  File "G:\My Drive\projects\sc-player-data\build_static.py", line 4, in <module>
    from website.app import create_app
  File "G:\My Drive\projects\sc-player-data\website\app.py", line 14, in <module>
    from flask_caching import Cache
ModuleNotFoundError: No module named 'flask_caching'
2026-05-11 07:01:35 [WARNING] waiver — GitHub Pages deploy failed — site may be stale. Run: py deploy_github_pages.py
2026-05-11 07:01:35 [INFO] waiver — Done. Newsletter saved to: G:\My Drive\projects\sc-player-data\reports\waiver_2026_rd09_2026-05-11.md
Traceback (most recent call last):
  File "g:\My Drive\projects\sc-player-data\build_static.py", line 4, in <module>
    from website.app import create_app
  File "g:\My Drive\projects\sc-player-data\website\app.py", line 14, in <module>
    from flask_caching import Cache
ModuleNotFoundError: No module named 'flask_caching'
docs\index.html
docs\static\css\custom.css
docs\static\images\afl_field.png
docs\static\images\afl_teams_sprite.svg
docs\static\images\coaches\Anthony_2022.png
docs\static\images\coaches\James_2022.png
docs\static\images\coaches\Jordan_2022.png
docs\static\images\coaches\Lester_2022.png
docs\static\images\coaches\Luke_2022.png
docs\static\images\coaches\Mark_2022.png
docs\static\images\coaches\Paul_2022.png
docs\static\images\coaches\Simon_2022.png
docs\records\index.html
docs\power-rankings\index.html
docs\draft-heat-map\index.html
docs\acquisition\index.html
docs\coach\Anthony\index.html
docs\coach\James\index.html
docs\coach\Jordan\index.html
docs\coach\Lester\index.html
docs\coach\Luke\index.html
docs\coach\Mark\index.html
docs\coach\Paul\index.html
docs\coach\Simon\index.html
24 File(s) copied
On branch main
Your branch is up to date with 'origin/main'.

nothing to commit, working tree clean
fatal: Unable to persist credentials with the 'wincredman' credential store.
See https://aka.ms/gcm/credstores for more information.
bash: line 1: /dev/tty: No such device or address
error: failed to execute prompt script (exit code 1)
fatal: could not read Username for 'https://github.com': No such file or directory
2026-05-18 07:00:09 [INFO] waiver — ============================================================
2026-05-18 07:00:09 [INFO] waiver — Waiver Newsletter Pipeline — Season 2026
2026-05-18 07:00:09 [INFO] waiver — ============================================================
2026-05-18 07:00:09 [INFO] waiver.league_api — Refreshing SC bearer token via Auth0...
2026-05-18 07:00:10 [INFO] waiver.league_api — SC token refreshed successfully.
2026-05-18 07:00:10 [INFO] waiver — [1/9] Fetching player ownership from SC in-season league API...
2026-05-18 07:00:10 [INFO] waiver.league_api — Fetching player status from https://www.supercoach.com.au/2026/api/afl/draft/v1/leagues/14889/playersStatus
2026-05-18 07:00:10 [INFO] waiver.league_api — Fetched status for 794 players; 608 are available (waiver).
2026-05-18 07:00:10 [INFO] waiver — [2/9] Fetching live injury and suspension data...
2026-05-18 07:00:10 [INFO] waiver.league_api — Fetching live player injury data from SC API...
2026-05-18 07:00:12 [INFO] waiver.league_api — Fetched injury data for 794 players; 0 have active injury/suspension.
2026-05-18 07:00:12 [WARNING] waiver — SC returned 0 injuries — likely a data lag. Using cached injury data (138 active) from last run.
2026-05-18 07:00:12 [INFO] waiver — [3/9] Loading SC player list...
2026-05-18 07:00:12 [INFO] waiver.data_loader — Loaded 781 players from player list.
2026-05-18 07:00:12 [INFO] waiver — Using round: 9
2026-05-18 07:00:12 [INFO] waiver — [4b] Scraping/processing fanfooty data for 2026 R1–R10 (probing +1)...
2026-05-18 07:00:13 [INFO] waiver — Scraping FanFooty raw data for 2026 R10...
2026-05-18 07:00:13 [INFO] root — Fetching fixture data from: https://www.fanfooty.com.au/game/archive.php?year=2026
2026-05-18 07:00:13 [INFO] root — Found 9 unique matches for Round 10: ['9782', '9783', '9784', '9785', '9786', '9787', '9788', '9789', '9790']
2026-05-18 07:00:14 [INFO] root — Successfully saved: 9782.txt
2026-05-18 07:00:14 [INFO] root — Successfully saved: 9783.txt
2026-05-18 07:00:14 [INFO] root — Successfully saved: 9784.txt
2026-05-18 07:00:15 [INFO] root — Successfully saved: 9785.txt
2026-05-18 07:00:15 [INFO] root — Successfully saved: 9786.txt
2026-05-18 07:00:15 [INFO] root — Successfully saved: 9787.txt
2026-05-18 07:00:16 [INFO] root — Successfully saved: 9788.txt
2026-05-18 07:00:16 [INFO] root — Successfully saved: 9789.txt
2026-05-18 07:00:17 [INFO] root — Successfully saved: 9790.txt
2026-05-18 07:00:17 [INFO] waiver — Processing FanFooty data for 2026 R10...
2026-05-18 07:00:17 [INFO] waiver — Saved G:\My Drive\projects\sc-player-data\data\processed\2026_round_10_fanfooty_data.csv
2026-05-18 07:00:17 [INFO] waiver — Round confirmed after scrape: 10
2026-05-18 07:00:24 [INFO] waiver — master_fanfooty_data.csv: appended 414 new rows for 2026 R1–R10
2026-05-18 07:00:24 [INFO] waiver — [4d-pre] Downloading SC player-round data for 2026 R1–R10...
2026-05-18 07:00:25 [INFO] download_2026_statspacks —   Round 1: 794 players saved \u2192 players_round_1.json
2026-05-18 07:00:27 [INFO] download_2026_statspacks —   Round 2: 794 players saved \u2192 players_round_2.json
2026-05-18 07:00:29 [INFO] download_2026_statspacks —   Round 3: 794 players saved \u2192 players_round_3.json
2026-05-18 07:00:31 [INFO] download_2026_statspacks —   Round 4: 794 players saved \u2192 players_round_4.json
2026-05-18 07:00:33 [INFO] download_2026_statspacks —   Round 5: 794 players saved \u2192 players_round_5.json
2026-05-18 07:00:35 [INFO] download_2026_statspacks —   Round 6: 794 players saved \u2192 players_round_6.json
2026-05-18 07:00:38 [INFO] download_2026_statspacks —   Round 7: 794 players saved \u2192 players_round_7.json
2026-05-18 07:00:39 [INFO] download_2026_statspacks —   Round 8: 794 players saved \u2192 players_round_8.json
2026-05-18 07:00:41 [INFO] download_2026_statspacks —   Round 9: 794 players saved \u2192 players_round_9.json
2026-05-18 07:00:43 [INFO] download_2026_statspacks —   Round 10: 794 players saved \u2192 players_round_10.json
2026-05-18 07:00:44 [INFO] download_2026_statspacks — Player rounds download complete: 10 downloaded, 0 skipped, 0 errors
2026-05-18 07:00:46 [INFO] waiver.fixture_schedule — AFL fixture loaded: 207 games across rounds 0–24.
2026-05-18 07:00:46 [INFO] waiver — [4e] Refreshing website outputs (ladder, fixtures, player match results)...
2026-05-18 07:00:46 [INFO] waiver.league_api — Refreshing SC bearer token via Auth0...
2026-05-18 07:00:47 [INFO] waiver.league_api — SC token refreshed successfully.
2026-05-18 07:00:59 [INFO] website.data.api_ingest — Detected current round: 10
2026-05-18 07:01:10 [INFO] website.data.api_ingest — Processing 2026 data for rounds 1..10
2026-05-18 07:01:10 [INFO] website.data.api_ingest — ladder.csv: 80 rows
2026-05-18 07:01:10 [INFO] website.data.api_ingest — fixture_results_by_team.csv: 80 rows
2026-05-18 07:01:10 [INFO] website.data.api_ingest — player_match_results.csv: 1840 rows
2026-05-18 07:01:10 [INFO] website.data.api_ingest — player_stats_current.csv: 1840 rows
2026-05-18 07:01:10 [INFO] waiver.league_api — Fetching player status from https://www.supercoach.com.au/2026/api/afl/draft/v1/leagues/14889/playersStatus
2026-05-18 07:01:11 [INFO] waiver.league_api — Fetched status for 794 players; 608 are available (waiver).
2026-05-18 07:01:11 [INFO] website.data.api_ingest — current_teams.csv: 184 players
2026-05-18 07:01:12 [INFO] website.data.api_ingest — Saved league_fixtures.json (21 rounds)
2026-05-18 07:01:12 [INFO] website.data.api_ingest — fixture_schedule_2026.csv: 84 matchups
2026-05-18 07:01:14 [INFO] website.data.api_ingest — processedWaivers: 143 rows
2026-05-18 07:01:14 [INFO] website.data.api_ingest — Free Agent pickups (/trades): 118 rows
2026-05-18 07:01:14 [INFO] website.data.api_ingest — Team trades (/teamtrades): 6 rows from 3 approved trades
2026-05-18 07:01:14 [INFO] website.data.api_ingest — transactions.csv: 267 rows \u2192 G:\My Drive\projects\sc-player-data\data\live\transactions.csv
2026-05-18 07:01:16 [INFO] website.data.api_ingest — Saved processedWaivers \u2192 G:\My Drive\projects\sc-player-data\data\raw\supercoach\2026\leagues_14889_processedWaivers.json
2026-05-18 07:01:16 [INFO] website.data.api_ingest — Saved teamtrades \u2192 G:\My Drive\projects\sc-player-data\data\raw\supercoach\2026\leagues_14889_teamtrades.json
2026-05-18 07:01:16 [INFO] website.data.api_ingest — Saved trades \u2192 G:\My Drive\projects\sc-player-data\data\raw\supercoach\2026\leagues_14889_trades.json
2026-05-18 07:01:17 [INFO] website.data.api_ingest — Saved playersStatus \u2192 G:\My Drive\projects\sc-player-data\data\raw\supercoach\2026\leagues_4199_playersStatus.json
2026-05-18 07:01:17 [INFO] website.data.api_ingest — Saved recap \u2192 G:\My Drive\projects\sc-player-data\data\raw\supercoach\2026\leagues_14889_recap.json
2026-05-18 07:01:17 [INFO] website.data.api_ingest — Saved me \u2192 me.json
2026-05-18 07:01:18 [INFO] website.data.api_ingest — Saved real_fixture \u2192 real_fixture.json
2026-05-18 07:01:19 [INFO] website.data.api_ingest — Saved players \u2192 players_cf_embed=notes,odds,player_stats,positions,player_match_stats&round=1.json
2026-05-18 07:01:19 [INFO] website.data.api_ingest — Saved players \u2192 players_cf_embed=notes,odds,player_stats,positions,player_match_stats&round=2.json
2026-05-18 07:01:20 [INFO] website.data.api_ingest — Saved players \u2192 players_cf_embed=notes,odds,player_stats,positions,player_match_stats&round=3.json
2026-05-18 07:01:21 [INFO] website.data.api_ingest — Saved players \u2192 players_cf_embed=notes,odds,player_stats,positions,player_match_stats&round=4.json
2026-05-18 07:01:21 [INFO] website.data.api_ingest — Saved players \u2192 players_cf_embed=notes,odds,player_stats,positions,player_match_stats&round=5.json
2026-05-18 07:01:22 [INFO] website.data.api_ingest — Saved players \u2192 players_cf_embed=notes,odds,player_stats,positions,player_match_stats&round=6.json
2026-05-18 07:01:23 [INFO] website.data.api_ingest — Saved players \u2192 players_cf_embed=notes,odds,player_stats,positions,player_match_stats&round=7.json
2026-05-18 07:01:24 [INFO] website.data.api_ingest — Saved players \u2192 players_cf_embed=notes,odds,player_stats,positions,player_match_stats&round=8.json
2026-05-18 07:01:24 [INFO] website.data.api_ingest — Saved players \u2192 players_cf_embed=notes,odds,player_stats,positions,player_match_stats&round=9.json
2026-05-18 07:01:25 [INFO] website.data.api_ingest — Saved players \u2192 players_cf_embed=notes,odds,player_stats,positions,player_match_stats&round=10.json
2026-05-18 07:01:25 [INFO] website.data.api_ingest — Refresh complete: 80 ladder, 80 fixture, 1840 player-match rows (rounds 1–10).
2026-05-18 07:01:29 [INFO] waiver — [4f] Updating master_player_data.csv with 2026 current-season data...
2026-05-18 07:01:29 [INFO] root — Step 3: Preparing fanfooty enrichment data...
2026-05-18 07:01:30 [INFO] root —   Loaded 136605 fanfooty records
2026-05-18 07:01:30 [INFO] root —   Prepared 132894 unique fanfooty enrichment records
2026-05-18 07:01:30 [INFO] root — update_current_season: fanfooty enrichment matched 1585/1840 rows
2026-05-18 07:01:30 [INFO] root — Loading DFS Australia data...
2026-05-18 07:01:30 [INFO] root —   Loaded 2274 DFS rows across 1 seasons
2026-05-18 07:01:30 [INFO] root — Merging DFS Australia data...
2026-05-18 07:01:30 [INFO] root —   DFS merge: 798/1840 rows matched on CBA%
2026-05-18 07:01:33 [INFO] root — update_current_season: added 1840 rows for 2026 \u2192 data\processed\master_player_data.csv
2026-05-18 07:01:33 [INFO] waiver — [4f] master_player_data.csv: 1840 rows added for 2026.
2026-05-18 07:01:33 [INFO] waiver — [4g] Generating Round 11 predictions...
2026-05-18 07:01:38 [WARNING] waiver — Predictions generation failed (non-fatal): Traceback (most recent call last):
  File "G:\My Drive\projects\sc-player-data\run_predictions.py", line 21, in <module>
    from train_model_v2 import add_extended_features
  File "G:\My Drive\projects\sc-player-data\train_model_v2.py", line 30, in <module>
    import lightgbm as lgb
ModuleNotFoundError: No module named 'lightgbm'

2026-05-18 07:01:38 [INFO] waiver — [4/9] Loading current-season scores...
2026-05-18 07:01:38 [INFO] waiver.data_loader — Loaded 2026 season scores from SC API (10 rounds) + fanfooty supplement: 586 players.
2026-05-18 07:01:38 [INFO] waiver — [4b-validate] Validating round 10 data coverage...
2026-05-18 07:01:38 [INFO] root — Fetching fixture data from: https://www.fanfooty.com.au/game/archive.php?year=2026
2026-05-18 07:01:39 [INFO] root — Found 9 unique matches for Round 10: ['9782', '9783', '9784', '9785', '9786', '9787', '9788', '9789', '9790']
2026-05-18 07:01:39 [INFO] waiver — [4c] Fetching lineup for round 11...
2026-05-18 07:01:39 [INFO] waiver.league_api — Fetching lineup from https://www.supercoach.com.au/2026/api/afl/draft/v1/userteams/136934/statsPlayers?round=11
2026-05-18 07:01:39 [INFO] waiver.league_api — Lineup fetched: 19 on field, 4 bench (23 total).
2026-05-18 07:01:39 [INFO] waiver — [4d] Refreshing coach list from SC API ladder...
2026-05-18 07:01:39 [INFO] waiver.league_api — Refreshing SC bearer token via Auth0...
2026-05-18 07:01:40 [INFO] waiver.league_api — SC token refreshed successfully.
2026-05-18 07:01:40 [INFO] waiver.league_api — Fetching league teams from https://www.supercoach.com.au/2026/api/afl/draft/v1/leagues/14889/ladderAndFixtures?round=10&scores=true
2026-05-18 07:01:41 [INFO] waiver.league_api — Fetched 8 teams from ladder league 14889 (round 10).
2026-05-18 07:01:41 [INFO] waiver — coach_list.csv refreshed with 8 teams \u2192 G:\My Drive\projects\sc-player-data\data\live\coach_list.csv
2026-05-18 07:01:41 [INFO] waiver — [5/9] Building player table...
2026-05-18 07:01:41 [INFO] waiver.data_loader — Player table built: 781 total, 597 free agents, 23 on my roster, 1 on my roster with injury/suspension.
2026-05-18 07:01:41 [WARNING] waiver.data_loader — ROSTER INJURY: Jack Graham — Injury: Shoulder. Expected to be available for round 17 - 18.
2026-05-18 07:01:41 [INFO] waiver — [6/9] Loading historical fanfooty data and computing metrics...
2026-05-18 07:01:53 [INFO] waiver.data_loader — Loaded 136191 historical game records across 16 seasons.
2026-05-18 07:01:56 [INFO] waiver.metrics — Metrics computed for 781 players. Replacement levels: {'DEF': '85.1', 'MID': '103.4', 'RUC': '64.8', 'FWD': '101.9', 'FLEX': '103.4'}
2026-05-18 07:01:56 [INFO] waiver — [7/9] Loading model predictions...
2026-05-18 07:01:56 [WARNING] waiver.data_loader — Round 11 predictions not found; falling back to Round 10 predictions.
2026-05-18 07:01:56 [INFO] waiver.data_loader — Loaded Round 10 predictions: 612 players, avg projected score = 57.3.
2026-05-18 07:01:56 [INFO] waiver — Predictions for Round 10 merged: 610 players have projected scores.
2026-05-18 07:01:56 [INFO] waiver — [7b] Applying historical sanity checks to model predictions...
2026-05-18 07:01:56 [INFO] waiver — P(100+) corrected for 15 players based on historical ceiling.
2026-05-18 07:01:56 [INFO] waiver — P(80+) sanity cap applied to players with 2026 actual data.
2026-05-18 07:01:56 [INFO] waiver — Metrics ready: 781 players total, 597 free agents, 23 on my roster, 1 injured on-field.
2026-05-18 07:01:56 [INFO] waiver — [7c] Scoring mid-year jumper and streamer candidates...
2026-05-18 07:01:56 [INFO] waiver.jumper_scorer — Loaded 3910 2026 fanfooty rows across 10 rounds.
2026-05-18 07:01:56 [INFO] waiver.jumper_scorer — Loaded 2026 CBA data: 1511 rows, max round 7.
2026-05-18 07:01:56 [INFO] waiver.jumper_scorer — Scoring 259 FA candidates (avg < 80, games >= 5) for R10 jumper/streamer signals.
2026-05-18 07:01:57 [INFO] waiver.jumper_scorer — Jumper candidates: 32 (score >= 0.55, career/avg3 ceiling) | Streamer candidates: 7 (signals >= 2, avg3 >= 80)
2026-05-18 07:01:57 [INFO] waiver — Jumper/streamer scoring done: 5 mover candidates, 5 streamer candidates.
2026-05-18 07:01:57 [INFO] waiver — [8b] Refreshing AFL fixture schedule...
2026-05-18 07:01:58 [INFO] waiver.fixture_schedule — AFL fixture loaded: 207 games across rounds 0–24.
2026-05-18 07:01:58 [INFO] waiver.fixture_schedule — waiver_schedule.bat updated — 14 future rounds scheduled. Run as Administrator: G:\My Drive\projects\sc-player-data\waiver_schedule.bat
2026-05-18 07:01:58 [INFO] waiver — waiver_schedule.bat updated — newsletter will prompt re-registration.
2026-05-18 07:01:58 [INFO] waiver — [9/9] Generating newsletter...
2026-05-18 07:01:58 [INFO] waiver.newsletter — Newsletter written to G:\My Drive\projects\sc-player-data\reports\waiver_2026_rd10_2026-05-18.md
2026-05-18 07:01:58 [INFO] waiver — Emailing newsletter to richardsmark@outlook.com...
2026-05-18 07:02:06 [INFO] waiver.emailer — Newsletter emailed to richardsmark@outlook.com.
2026-05-18 07:02:06 [INFO] waiver — [10/10] Deploying static site to GitHub Pages...
2026-05-18 07:02:06 [INFO] deploy_github_pages — Building static site...
2026-05-18 07:02:06 [ERROR] deploy_github_pages — build_static.py failed (rc=1): Traceback (most recent call last):
  File "G:\My Drive\projects\sc-player-data\build_static.py", line 4, in <module>
    from website.app import create_app
  File "G:\My Drive\projects\sc-player-data\website\app.py", line 14, in <module>
    from flask_caching import Cache
ModuleNotFoundError: No module named 'flask_caching'
2026-05-18 07:02:06 [WARNING] waiver — GitHub Pages deploy failed — site may be stale. Run: py deploy_github_pages.py
2026-05-18 07:02:06 [INFO] waiver — Done. Newsletter saved to: G:\My Drive\projects\sc-player-data\reports\waiver_2026_rd10_2026-05-18.md
Traceback (most recent call last):
  File "g:\My Drive\projects\sc-player-data\build_static.py", line 4, in <module>
    from website.app import create_app
  File "g:\My Drive\projects\sc-player-data\website\app.py", line 14, in <module>
    from flask_caching import Cache
ModuleNotFoundError: No module named 'flask_caching'
docs\index.html
docs\static\css\custom.css
docs\static\images\afl_field.png
docs\static\images\afl_teams_sprite.svg
docs\static\images\coaches\Anthony_2022.png
docs\static\images\coaches\James_2022.png
docs\static\images\coaches\Jordan_2022.png
docs\static\images\coaches\Lester_2022.png
docs\static\images\coaches\Luke_2022.png
docs\static\images\coaches\Mark_2022.png
docs\static\images\coaches\Paul_2022.png
docs\static\images\coaches\Simon_2022.png
docs\records\index.html
docs\power-rankings\index.html
docs\draft-heat-map\index.html
docs\acquisition\index.html
docs\coach\Anthony\index.html
docs\coach\James\index.html
docs\coach\Jordan\index.html
docs\coach\Lester\index.html
docs\coach\Luke\index.html
docs\coach\Mark\index.html
docs\coach\Paul\index.html
docs\coach\Simon\index.html
24 File(s) copied
[main c618fc0] Weekly update
 8 files changed, 324 insertions(+), 277 deletions(-)
To https://github.com/mark-richards/asl-hub.git
 ! [rejected]        main -> main (fetch first)
error: failed to push some refs to 'https://github.com/mark-richards/asl-hub.git'
hint: Updates were rejected because the remote contains work that you do not
hint: have locally. This is usually caused by another repository pushing to
hint: the same ref. If you want to integrate the remote changes, use
hint: 'git pull' before pushing again.
hint: See the 'Note about fast-forwards' in 'git push --help' for details.
2026-05-18 17:54:20 [INFO] waiver — ============================================================
2026-05-18 17:54:20 [INFO] waiver — Waiver Newsletter Pipeline — Season 2026
2026-05-18 17:54:20 [INFO] waiver — ============================================================
2026-05-18 17:54:20 [INFO] waiver.league_api — Refreshing SC bearer token via Auth0...
2026-05-18 17:54:21 [INFO] waiver.league_api — SC token refreshed successfully.
2026-05-18 17:54:21 [INFO] waiver — [1/9] Fetching player ownership from SC in-season league API...
2026-05-18 17:54:21 [INFO] waiver.league_api — Fetching player status from https://www.supercoach.com.au/2026/api/afl/draft/v1/leagues/14889/playersStatus
2026-05-18 17:54:21 [INFO] waiver.league_api — Fetched status for 794 players; 609 are available (waiver).
2026-05-18 17:54:21 [INFO] waiver — [2/9] Fetching live injury and suspension data...
2026-05-18 17:54:21 [INFO] waiver.league_api — Fetching live player injury data from SC API...
2026-05-18 17:54:22 [INFO] waiver.league_api — Fetched injury data for 794 players; 153 have active injury/suspension.
2026-05-18 17:54:22 [INFO] waiver — Injury cache updated: 153 active injuries.
2026-05-18 17:54:22 [INFO] waiver — [3/9] Loading SC player list...
2026-05-18 17:54:23 [INFO] waiver.data_loader — Loaded 781 players from player list.
2026-05-18 17:54:23 [INFO] waiver — Using round: 10
2026-05-18 17:54:23 [INFO] waiver — [4b] Scraping/processing fanfooty data for 2026 R1–R11 (probing +1)...
2026-05-18 17:54:23 [INFO] waiver — Scraping FanFooty raw data for 2026 R11...
2026-05-18 17:54:23 [INFO] root — Fetching fixture data from: https://www.fanfooty.com.au/game/archive.php?year=2026
2026-05-18 17:54:23 [WARNING] root — Could not find header for 'Round 11' for 2026.
2026-05-18 17:54:23 [INFO] waiver — No match IDs for 2026 R11 — round not yet played, skipping.
2026-05-18 17:54:23 [INFO] waiver — Round confirmed after scrape: 10
2026-05-18 17:54:25 [INFO] waiver — master_fanfooty_data.csv already up to date for 2026 R1–R10
2026-05-18 17:54:25 [INFO] waiver — [4d-pre] Downloading SC player-round data for 2026 R1–R10...
2026-05-18 17:54:26 [INFO] download_2026_statspacks —   Round 1: 794 players saved \u2192 players_round_1.json
2026-05-18 17:54:28 [INFO] download_2026_statspacks —   Round 2: 794 players saved \u2192 players_round_2.json
2026-05-18 17:54:30 [INFO] download_2026_statspacks —   Round 3: 794 players saved \u2192 players_round_3.json
2026-05-18 17:54:31 [INFO] download_2026_statspacks —   Round 4: 794 players saved \u2192 players_round_4.json
2026-05-18 17:54:33 [INFO] download_2026_statspacks —   Round 5: 794 players saved \u2192 players_round_5.json
2026-05-18 17:54:35 [INFO] download_2026_statspacks —   Round 6: 794 players saved \u2192 players_round_6.json
2026-05-18 17:54:37 [INFO] download_2026_statspacks —   Round 7: 794 players saved \u2192 players_round_7.json
2026-05-18 17:54:39 [INFO] download_2026_statspacks —   Round 8: 794 players saved \u2192 players_round_8.json
2026-05-18 17:54:41 [INFO] download_2026_statspacks —   Round 9: 794 players saved \u2192 players_round_9.json
2026-05-18 17:54:43 [INFO] download_2026_statspacks —   Round 10: 794 players saved \u2192 players_round_10.json
2026-05-18 17:54:44 [INFO] download_2026_statspacks — Player rounds download complete: 10 downloaded, 0 skipped, 0 errors
2026-05-18 17:54:45 [INFO] waiver.fixture_schedule — AFL fixture loaded: 207 games across rounds 0–24.
2026-05-18 17:54:45 [INFO] waiver — [4e] Refreshing website outputs (ladder, fixtures, player match results)...
2026-05-18 17:54:45 [INFO] waiver.league_api — Refreshing SC bearer token via Auth0...
2026-05-18 17:54:46 [INFO] waiver.league_api — SC token refreshed successfully.
2026-05-18 17:54:57 [INFO] website.data.api_ingest — Detected current round: 10
2026-05-18 17:55:08 [INFO] website.data.api_ingest — Processing 2026 data for rounds 1..10
2026-05-18 17:55:08 [INFO] website.data.api_ingest — ladder.csv: 80 rows
2026-05-18 17:55:08 [INFO] website.data.api_ingest — fixture_results_by_team.csv: 80 rows
2026-05-18 17:55:08 [INFO] website.data.api_ingest — player_match_results.csv: 1840 rows
2026-05-18 17:55:08 [INFO] website.data.api_ingest — player_stats_current.csv: 1840 rows
2026-05-18 17:55:08 [INFO] waiver.league_api — Fetching player status from https://www.supercoach.com.au/2026/api/afl/draft/v1/leagues/14889/playersStatus
2026-05-18 17:55:08 [INFO] waiver.league_api — Fetched status for 794 players; 609 are available (waiver).
2026-05-18 17:55:08 [INFO] website.data.api_ingest — current_teams.csv: 184 players
2026-05-18 17:55:09 [INFO] website.data.api_ingest — Saved league_fixtures.json (21 rounds)
2026-05-18 17:55:10 [INFO] website.data.api_ingest — fixture_schedule_2026.csv: 84 matchups
2026-05-18 17:55:10 [INFO] website.data.api_ingest — processedWaivers: 143 rows
2026-05-18 17:55:11 [INFO] website.data.api_ingest — Free Agent pickups (/trades): 119 rows
2026-05-18 17:55:11 [INFO] website.data.api_ingest — Team trades (/teamtrades): 6 rows from 3 approved trades
2026-05-18 17:55:11 [INFO] website.data.api_ingest — transactions.csv: 268 rows \u2192 G:\My Drive\projects\sc-player-data\data\live\transactions.csv
2026-05-18 17:55:12 [INFO] website.data.api_ingest — Saved processedWaivers \u2192 G:\My Drive\projects\sc-player-data\data\raw\supercoach\2026\leagues_14889_processedWaivers.json
2026-05-18 17:55:12 [INFO] website.data.api_ingest — Saved teamtrades \u2192 G:\My Drive\projects\sc-player-data\data\raw\supercoach\2026\leagues_14889_teamtrades.json
2026-05-18 17:55:13 [INFO] website.data.api_ingest — Saved trades \u2192 G:\My Drive\projects\sc-player-data\data\raw\supercoach\2026\leagues_14889_trades.json
2026-05-18 17:55:13 [INFO] website.data.api_ingest — Saved playersStatus \u2192 G:\My Drive\projects\sc-player-data\data\raw\supercoach\2026\leagues_4199_playersStatus.json
2026-05-18 17:55:13 [INFO] website.data.api_ingest — Saved recap \u2192 G:\My Drive\projects\sc-player-data\data\raw\supercoach\2026\leagues_14889_recap.json
2026-05-18 17:55:14 [INFO] website.data.api_ingest — Saved me \u2192 me.json
2026-05-18 17:55:14 [INFO] website.data.api_ingest — Saved real_fixture \u2192 real_fixture.json
2026-05-18 17:55:15 [INFO] website.data.api_ingest — Saved players \u2192 players_cf_embed=notes,odds,player_stats,positions,player_match_stats&round=1.json
2026-05-18 17:55:15 [INFO] website.data.api_ingest — Saved players \u2192 players_cf_embed=notes,odds,player_stats,positions,player_match_stats&round=2.json
2026-05-18 17:55:16 [INFO] website.data.api_ingest — Saved players \u2192 players_cf_embed=notes,odds,player_stats,positions,player_match_stats&round=3.json
2026-05-18 17:55:17 [INFO] website.data.api_ingest — Saved players \u2192 players_cf_embed=notes,odds,player_stats,positions,player_match_stats&round=4.json
2026-05-18 17:55:17 [INFO] website.data.api_ingest — Saved players \u2192 players_cf_embed=notes,odds,player_stats,positions,player_match_stats&round=5.json
2026-05-18 17:55:18 [INFO] website.data.api_ingest — Saved players \u2192 players_cf_embed=notes,odds,player_stats,positions,player_match_stats&round=6.json
2026-05-18 17:55:18 [INFO] website.data.api_ingest — Saved players \u2192 players_cf_embed=notes,odds,player_stats,positions,player_match_stats&round=7.json
2026-05-18 17:55:19 [INFO] website.data.api_ingest — Saved players \u2192 players_cf_embed=notes,odds,player_stats,positions,player_match_stats&round=8.json
2026-05-18 17:55:20 [INFO] website.data.api_ingest — Saved players \u2192 players_cf_embed=notes,odds,player_stats,positions,player_match_stats&round=9.json
2026-05-18 17:55:21 [INFO] website.data.api_ingest — Saved players \u2192 players_cf_embed=notes,odds,player_stats,positions,player_match_stats&round=10.json
2026-05-18 17:55:21 [INFO] website.data.api_ingest — Refresh complete: 80 ladder, 80 fixture, 1840 player-match rows (rounds 1–10).
2026-05-18 17:55:25 [INFO] waiver — [4f] Updating master_player_data.csv with 2026 current-season data...
2026-05-18 17:55:25 [INFO] root — Step 3: Preparing fanfooty enrichment data...
2026-05-18 17:55:25 [INFO] root —   Loaded 136605 fanfooty records
2026-05-18 17:55:26 [INFO] root —   Prepared 132894 unique fanfooty enrichment records
2026-05-18 17:55:26 [INFO] root — update_current_season: fanfooty enrichment matched 1585/1840 rows
2026-05-18 17:55:26 [INFO] root — Loading DFS Australia data...
2026-05-18 17:55:26 [INFO] root —   Loaded 2274 DFS rows across 1 seasons
2026-05-18 17:55:26 [INFO] root — Merging DFS Australia data...
2026-05-18 17:55:26 [INFO] root —   DFS merge: 798/1840 rows matched on CBA%
2026-05-18 17:55:29 [INFO] root — update_current_season: added 1840 rows for 2026 \u2192 data\processed\master_player_data.csv
2026-05-18 17:55:29 [INFO] waiver — [4f] master_player_data.csv: 1840 rows added for 2026.
2026-05-18 17:55:29 [INFO] waiver — [4g] Generating Round 11 predictions...
2026-05-18 17:55:33 [WARNING] waiver — Predictions generation failed (non-fatal): Traceback (most recent call last):
  File "G:\My Drive\projects\sc-player-data\run_predictions.py", line 21, in <module>
    from train_model_v2 import add_extended_features
  File "G:\My Drive\projects\sc-player-data\train_model_v2.py", line 30, in <module>
    import lightgbm as lgb
ModuleNotFoundError: No module named 'lightgbm'

2026-05-18 17:55:33 [INFO] waiver — [4/9] Loading current-season scores...
2026-05-18 17:55:34 [INFO] waiver.data_loader — Loaded 2026 season scores from SC API (10 rounds) + fanfooty supplement: 586 players.
2026-05-18 17:55:34 [INFO] waiver — [4b-validate] Validating round 10 data coverage...
2026-05-18 17:55:34 [INFO] root — Fetching fixture data from: https://www.fanfooty.com.au/game/archive.php?year=2026
2026-05-18 17:55:34 [INFO] root — Found 9 unique matches for Round 10: ['9782', '9783', '9784', '9785', '9786', '9787', '9788', '9789', '9790']
2026-05-18 17:55:34 [INFO] waiver — [4c] Fetching lineup for round 11...
2026-05-18 17:55:34 [INFO] waiver.league_api — Fetching lineup from https://www.supercoach.com.au/2026/api/afl/draft/v1/userteams/136934/statsPlayers?round=11
2026-05-18 17:55:35 [INFO] waiver.league_api — Lineup fetched: 19 on field, 4 bench (23 total).
2026-05-18 17:55:35 [INFO] waiver — [4d] Refreshing coach list from SC API ladder...
2026-05-18 17:55:35 [INFO] waiver.league_api — Refreshing SC bearer token via Auth0...
2026-05-18 17:55:35 [INFO] waiver.league_api — SC token refreshed successfully.
2026-05-18 17:55:35 [INFO] waiver.league_api — Fetching league teams from https://www.supercoach.com.au/2026/api/afl/draft/v1/leagues/14889/ladderAndFixtures?round=10&scores=true
2026-05-18 17:55:36 [INFO] waiver.league_api — Fetched 8 teams from ladder league 14889 (round 10).
2026-05-18 17:55:36 [INFO] waiver — coach_list.csv refreshed with 8 teams \u2192 G:\My Drive\projects\sc-player-data\data\live\coach_list.csv
2026-05-18 17:55:36 [INFO] waiver — [5/9] Building player table...
2026-05-18 17:55:36 [INFO] waiver.data_loader — Player table built: 781 total, 597 free agents, 23 on my roster, 1 on my roster with injury/suspension.
2026-05-18 17:55:36 [WARNING] waiver.data_loader — ROSTER INJURY: Jack Graham — Injury: Shoulder. Expected to be available for round 16 - 17.
2026-05-18 17:55:36 [INFO] waiver — [6/9] Loading historical fanfooty data and computing metrics...
2026-05-18 17:55:48 [INFO] waiver.data_loader — Loaded 136191 historical game records across 16 seasons.
2026-05-18 17:55:51 [INFO] waiver.metrics — Metrics computed for 781 players. Replacement levels: {'DEF': '85.1', 'MID': '103.4', 'RUC': '64.8', 'FWD': '101.9', 'FLEX': '103.4'}
2026-05-18 17:55:51 [INFO] waiver — [7/9] Loading model predictions...
2026-05-18 17:55:51 [WARNING] waiver.data_loader — Round 11 predictions not found; falling back to Round 10 predictions.
2026-05-18 17:55:51 [INFO] waiver.data_loader — Loaded Round 10 predictions: 612 players, avg projected score = 57.3.
2026-05-18 17:55:51 [INFO] waiver — Predictions for Round 10 merged: 610 players have projected scores.
2026-05-18 17:55:51 [INFO] waiver — [7b] Applying historical sanity checks to model predictions...
2026-05-18 17:55:51 [INFO] waiver — P(100+) corrected for 15 players based on historical ceiling.
2026-05-18 17:55:51 [INFO] waiver — P(80+) sanity cap applied to players with 2026 actual data.
2026-05-18 17:55:51 [INFO] waiver — Metrics ready: 781 players total, 597 free agents, 23 on my roster, 0 injured on-field.
2026-05-18 17:55:51 [INFO] waiver — [7c] Scoring mid-year jumper and streamer candidates...
2026-05-18 17:55:51 [INFO] waiver.jumper_scorer — Loaded 3910 2026 fanfooty rows across 10 rounds.
2026-05-18 17:55:51 [INFO] waiver.jumper_scorer — Loaded 2026 CBA data: 1511 rows, max round 7.
2026-05-18 17:55:51 [INFO] waiver.jumper_scorer — Scoring 259 FA candidates (avg < 80, games >= 5) for R10 jumper/streamer signals.
2026-05-18 17:55:52 [INFO] waiver.jumper_scorer — Jumper candidates: 33 (score >= 0.55, career/avg3 ceiling) | Streamer candidates: 7 (signals >= 2, avg3 >= 80)
2026-05-18 17:55:52 [INFO] waiver — Jumper/streamer scoring done: 5 mover candidates, 5 streamer candidates.
2026-05-18 17:55:52 [INFO] waiver — [8b] Refreshing AFL fixture schedule...
2026-05-18 17:55:53 [INFO] waiver.fixture_schedule — AFL fixture loaded: 207 games across rounds 0–24.
2026-05-18 17:55:53 [INFO] waiver.fixture_schedule — waiver_schedule.bat updated — 14 future rounds scheduled. Run as Administrator: G:\My Drive\projects\sc-player-data\waiver_schedule.bat
2026-05-18 17:55:53 [INFO] waiver — waiver_schedule.bat updated — newsletter will prompt re-registration.
2026-05-18 17:55:53 [INFO] waiver — [9/9] Generating newsletter...
2026-05-18 17:55:53 [INFO] waiver.newsletter — Newsletter written to G:\My Drive\projects\sc-player-data\reports\waiver_2026_rd10_2026-05-18.md
2026-05-18 17:55:53 [INFO] waiver — Emailing newsletter to richardsmark@outlook.com...
2026-05-18 17:56:00 [INFO] waiver.emailer — Newsletter emailed to richardsmark@outlook.com.
2026-05-18 17:56:00 [INFO] waiver — [10/10] Deploying static site to GitHub Pages...
2026-05-18 17:56:00 [INFO] deploy_github_pages — Building static site...
2026-05-18 17:56:00 [ERROR] deploy_github_pages — build_static.py failed (rc=1): Traceback (most recent call last):
  File "G:\My Drive\projects\sc-player-data\build_static.py", line 4, in <module>
    from website.app import create_app
  File "G:\My Drive\projects\sc-player-data\website\app.py", line 14, in <module>
    from flask_caching import Cache
ModuleNotFoundError: No module named 'flask_caching'
2026-05-18 17:56:00 [WARNING] waiver — GitHub Pages deploy failed — site may be stale. Run: py deploy_github_pages.py
2026-05-18 17:56:00 [INFO] waiver — Done. Newsletter saved to: G:\My Drive\projects\sc-player-data\reports\waiver_2026_rd10_2026-05-18.md
Traceback (most recent call last):
  File "g:\My Drive\projects\sc-player-data\build_static.py", line 4, in <module>
    from website.app import create_app
  File "g:\My Drive\projects\sc-player-data\website\app.py", line 14, in <module>
    from flask_caching import Cache
ModuleNotFoundError: No module named 'flask_caching'
docs\index.html
docs\static\css\custom.css
docs\static\images\afl_field.png
docs\static\images\afl_teams_sprite.svg
docs\static\images\coaches\Anthony_2022.png
docs\static\images\coaches\James_2022.png
docs\static\images\coaches\Jordan_2022.png
docs\static\images\coaches\Lester_2022.png
docs\static\images\coaches\Luke_2022.png
docs\static\images\coaches\Mark_2022.png
docs\static\images\coaches\Paul_2022.png
docs\static\images\coaches\Simon_2022.png
docs\records\index.html
docs\power-rankings\index.html
docs\draft-heat-map\index.html
docs\acquisition\index.html
docs\coach\Anthony\index.html
docs\coach\James\index.html
docs\coach\Jordan\index.html
docs\coach\Lester\index.html
docs\coach\Luke\index.html
docs\coach\Mark\index.html
docs\coach\Paul\index.html
docs\coach\Simon\index.html
24 File(s) copied
[main 7100457] Weekly update
 12 files changed, 6116 insertions(+), 5619 deletions(-)
To https://github.com/mark-richards/asl-hub.git
 ! [rejected]        main -> main (fetch first)
error: failed to push some refs to 'https://github.com/mark-richards/asl-hub.git'
hint: Updates were rejected because the remote contains work that you do not
hint: have locally. This is usually caused by another repository pushing to
hint: the same ref. If you want to integrate the remote changes, use
hint: 'git pull' before pushing again.
hint: See the 'Note about fast-forwards' in 'git push --help' for details.
2026-05-18 18:14:53 [INFO] waiver — ============================================================
2026-05-18 18:14:53 [INFO] waiver — Waiver Newsletter Pipeline — Season 2026
2026-05-18 18:14:53 [INFO] waiver — ============================================================
2026-05-18 18:14:53 [INFO] waiver.league_api — Refreshing SC bearer token via Auth0...
2026-05-18 18:14:54 [INFO] waiver.league_api — SC token refreshed successfully.
2026-05-18 18:14:54 [INFO] waiver — [1/9] Fetching player ownership from SC in-season league API...
2026-05-18 18:14:54 [INFO] waiver.league_api — Fetching player status from https://www.supercoach.com.au/2026/api/afl/draft/v1/leagues/14889/playersStatus
2026-05-18 18:14:54 [INFO] waiver.league_api — Fetched status for 794 players; 609 are available (waiver).
2026-05-18 18:14:54 [INFO] waiver — [2/9] Fetching live injury and suspension data...
2026-05-18 18:14:54 [INFO] waiver.league_api — Fetching live player injury data from SC API...
2026-05-18 18:14:56 [INFO] waiver.league_api — Fetched injury data for 794 players; 153 have active injury/suspension.
2026-05-18 18:14:56 [INFO] waiver — Injury cache updated: 153 active injuries.
2026-05-18 18:14:56 [INFO] waiver — [3/9] Loading SC player list...
2026-05-18 18:14:56 [INFO] waiver.data_loader — Loaded 781 players from player list.
2026-05-18 18:14:56 [INFO] waiver — Using round: 10
2026-05-18 18:14:56 [INFO] waiver — [4b] Scraping/processing fanfooty data for 2026 R1–R11 (probing +1)...
2026-05-18 18:14:57 [INFO] waiver — Scraping FanFooty raw data for 2026 R11...
2026-05-18 18:14:57 [INFO] root — Fetching fixture data from: https://www.fanfooty.com.au/game/archive.php?year=2026
2026-05-18 18:14:57 [WARNING] root — Could not find header for 'Round 11' for 2026.
2026-05-18 18:14:57 [INFO] waiver — No match IDs for 2026 R11 — round not yet played, skipping.
2026-05-18 18:14:57 [INFO] waiver — Round confirmed after scrape: 10
2026-05-18 18:14:59 [INFO] waiver — master_fanfooty_data.csv already up to date for 2026 R1–R10
2026-05-18 18:14:59 [INFO] waiver — [4d-pre] Downloading SC player-round data for 2026 R1–R10...
2026-05-18 18:15:01 [INFO] download_2026_statspacks —   Round 1: 794 players saved \u2192 players_round_1.json
2026-05-18 18:15:03 [INFO] download_2026_statspacks —   Round 2: 794 players saved \u2192 players_round_2.json
2026-05-18 18:15:05 [INFO] download_2026_statspacks —   Round 3: 794 players saved \u2192 players_round_3.json
2026-05-18 18:15:07 [INFO] download_2026_statspacks —   Round 4: 794 players saved \u2192 players_round_4.json
2026-05-18 18:15:09 [INFO] download_2026_statspacks —   Round 5: 794 players saved \u2192 players_round_5.json
2026-05-18 18:15:10 [INFO] download_2026_statspacks —   Round 6: 794 players saved \u2192 players_round_6.json
2026-05-18 18:15:12 [INFO] download_2026_statspacks —   Round 7: 794 players saved \u2192 players_round_7.json
2026-05-18 18:15:14 [INFO] download_2026_statspacks —   Round 8: 794 players saved \u2192 players_round_8.json
2026-05-18 18:15:15 [INFO] download_2026_statspacks —   Round 9: 794 players saved \u2192 players_round_9.json
2026-05-18 18:15:17 [INFO] download_2026_statspacks —   Round 10: 794 players saved \u2192 players_round_10.json
2026-05-18 18:15:18 [INFO] download_2026_statspacks — Player rounds download complete: 10 downloaded, 0 skipped, 0 errors
2026-05-18 18:15:21 [INFO] waiver.fixture_schedule — AFL fixture loaded: 207 games across rounds 0–24.
2026-05-18 18:15:21 [INFO] waiver — [4e] Refreshing website outputs (ladder, fixtures, player match results)...
2026-05-18 18:15:21 [INFO] waiver.league_api — Refreshing SC bearer token via Auth0...
2026-05-18 18:15:22 [INFO] waiver.league_api — SC token refreshed successfully.
2026-05-18 18:15:33 [INFO] website.data.api_ingest — Detected current round: 10
2026-05-18 18:15:42 [INFO] website.data.api_ingest — Processing 2026 data for rounds 1..10
2026-05-18 18:15:42 [INFO] website.data.api_ingest — ladder.csv: 80 rows
2026-05-18 18:15:42 [INFO] website.data.api_ingest — fixture_results_by_team.csv: 80 rows
2026-05-18 18:15:42 [INFO] website.data.api_ingest — player_match_results.csv: 1840 rows
2026-05-18 18:15:42 [INFO] website.data.api_ingest — player_stats_current.csv: 1840 rows
2026-05-18 18:15:42 [INFO] waiver.league_api — Fetching player status from https://www.supercoach.com.au/2026/api/afl/draft/v1/leagues/14889/playersStatus
2026-05-18 18:15:42 [INFO] waiver.league_api — Fetched status for 794 players; 609 are available (waiver).
2026-05-18 18:15:42 [INFO] website.data.api_ingest — current_teams.csv: 184 players
2026-05-18 18:15:43 [INFO] website.data.api_ingest — Saved league_fixtures.json (21 rounds)
2026-05-18 18:15:44 [INFO] website.data.api_ingest — fixture_schedule_2026.csv: 84 matchups
2026-05-18 18:15:44 [INFO] website.data.api_ingest — processedWaivers: 143 rows
2026-05-18 18:15:45 [INFO] website.data.api_ingest — Free Agent pickups (/trades): 119 rows
2026-05-18 18:15:45 [INFO] website.data.api_ingest — Team trades (/teamtrades): 6 rows from 3 approved trades
2026-05-18 18:15:45 [INFO] website.data.api_ingest — transactions.csv: 268 rows \u2192 G:\My Drive\projects\sc-player-data\data\live\transactions.csv
2026-05-18 18:15:46 [INFO] website.data.api_ingest — Saved processedWaivers \u2192 G:\My Drive\projects\sc-player-data\data\raw\supercoach\2026\leagues_14889_processedWaivers.json
2026-05-18 18:15:46 [INFO] website.data.api_ingest — Saved teamtrades \u2192 G:\My Drive\projects\sc-player-data\data\raw\supercoach\2026\leagues_14889_teamtrades.json
2026-05-18 18:15:46 [INFO] website.data.api_ingest — Saved trades \u2192 G:\My Drive\projects\sc-player-data\data\raw\supercoach\2026\leagues_14889_trades.json
2026-05-18 18:15:47 [INFO] website.data.api_ingest — Saved playersStatus \u2192 G:\My Drive\projects\sc-player-data\data\raw\supercoach\2026\leagues_4199_playersStatus.json
2026-05-18 18:15:47 [INFO] website.data.api_ingest — Saved recap \u2192 G:\My Drive\projects\sc-player-data\data\raw\supercoach\2026\leagues_14889_recap.json
2026-05-18 18:15:47 [INFO] website.data.api_ingest — Saved me \u2192 me.json
2026-05-18 18:15:47 [INFO] website.data.api_ingest — Saved real_fixture \u2192 real_fixture.json
2026-05-18 18:15:48 [INFO] website.data.api_ingest — Saved players \u2192 players_cf_embed=notes,odds,player_stats,positions,player_match_stats&round=1.json
2026-05-18 18:15:49 [INFO] website.data.api_ingest — Saved players \u2192 players_cf_embed=notes,odds,player_stats,positions,player_match_stats&round=2.json
2026-05-18 18:15:49 [INFO] website.data.api_ingest — Saved players \u2192 players_cf_embed=notes,odds,player_stats,positions,player_match_stats&round=3.json
2026-05-18 18:15:50 [INFO] website.data.api_ingest — Saved players \u2192 players_cf_embed=notes,odds,player_stats,positions,player_match_stats&round=4.json
2026-05-18 18:15:50 [INFO] website.data.api_ingest — Saved players \u2192 players_cf_embed=notes,odds,player_stats,positions,player_match_stats&round=5.json
2026-05-18 18:15:51 [INFO] website.data.api_ingest — Saved players \u2192 players_cf_embed=notes,odds,player_stats,positions,player_match_stats&round=6.json
2026-05-18 18:15:52 [INFO] website.data.api_ingest — Saved players \u2192 players_cf_embed=notes,odds,player_stats,positions,player_match_stats&round=7.json
2026-05-18 18:15:52 [INFO] website.data.api_ingest — Saved players \u2192 players_cf_embed=notes,odds,player_stats,positions,player_match_stats&round=8.json
2026-05-18 18:15:53 [INFO] website.data.api_ingest — Saved players \u2192 players_cf_embed=notes,odds,player_stats,positions,player_match_stats&round=9.json
2026-05-18 18:15:53 [INFO] website.data.api_ingest — Saved players \u2192 players_cf_embed=notes,odds,player_stats,positions,player_match_stats&round=10.json
2026-05-18 18:15:53 [INFO] website.data.api_ingest — Refresh complete: 80 ladder, 80 fixture, 1840 player-match rows (rounds 1–10).
2026-05-18 18:15:57 [INFO] waiver — [4f] Updating master_player_data.csv with 2026 current-season data...
2026-05-18 18:15:57 [INFO] root — Step 3: Preparing fanfooty enrichment data...
2026-05-18 18:15:58 [INFO] root —   Loaded 136605 fanfooty records
2026-05-18 18:15:58 [INFO] root —   Prepared 132894 unique fanfooty enrichment records
2026-05-18 18:15:58 [INFO] root — update_current_season: fanfooty enrichment matched 1585/1840 rows
2026-05-18 18:15:58 [INFO] root — Loading DFS Australia data...
2026-05-18 18:15:58 [INFO] root —   Loaded 2274 DFS rows across 1 seasons
2026-05-18 18:15:58 [INFO] root — Merging DFS Australia data...
2026-05-18 18:15:58 [INFO] root —   DFS merge: 798/1840 rows matched on CBA%
2026-05-18 18:16:02 [INFO] root — update_current_season: added 1840 rows for 2026 \u2192 data\processed\master_player_data.csv
2026-05-18 18:16:02 [INFO] waiver — [4f] master_player_data.csv: 1840 rows added for 2026.
2026-05-18 18:16:02 [INFO] waiver — [4g] Generating Round 11 predictions...
2026-05-18 18:17:22 [INFO] waiver — [4g] Round 11 predictions generated.
2026-05-18 18:17:22 [INFO] waiver — [4/9] Loading current-season scores...
2026-05-18 18:17:23 [INFO] waiver.data_loader — Loaded 2026 season scores from SC API (10 rounds) + fanfooty supplement: 586 players.
2026-05-18 18:17:23 [INFO] waiver — [4b-validate] Validating round 10 data coverage...
2026-05-18 18:17:23 [INFO] root — Fetching fixture data from: https://www.fanfooty.com.au/game/archive.php?year=2026
2026-05-18 18:17:23 [INFO] root — Found 9 unique matches for Round 10: ['9782', '9783', '9784', '9785', '9786', '9787', '9788', '9789', '9790']
2026-05-18 18:17:23 [INFO] waiver — [4c] Fetching lineup for round 11...
2026-05-18 18:17:23 [INFO] waiver.league_api — Fetching lineup from https://www.supercoach.com.au/2026/api/afl/draft/v1/userteams/136934/statsPlayers?round=11
2026-05-18 18:17:24 [INFO] waiver.league_api — Lineup fetched: 19 on field, 4 bench (23 total).
2026-05-18 18:17:24 [INFO] waiver — [4d] Refreshing coach list from SC API ladder...
2026-05-18 18:17:24 [INFO] waiver.league_api — Refreshing SC bearer token via Auth0...
2026-05-18 18:17:24 [INFO] waiver.league_api — SC token refreshed successfully.
2026-05-18 18:17:24 [INFO] waiver.league_api — Fetching league teams from https://www.supercoach.com.au/2026/api/afl/draft/v1/leagues/14889/ladderAndFixtures?round=10&scores=true
2026-05-18 18:17:25 [INFO] waiver.league_api — Fetched 8 teams from ladder league 14889 (round 10).
2026-05-18 18:17:25 [INFO] waiver — coach_list.csv refreshed with 8 teams \u2192 G:\My Drive\projects\sc-player-data\data\live\coach_list.csv
2026-05-18 18:17:25 [INFO] waiver — [5/9] Building player table...
2026-05-18 18:17:25 [INFO] waiver.data_loader — Player table built: 781 total, 597 free agents, 23 on my roster, 1 on my roster with injury/suspension.
2026-05-18 18:17:25 [WARNING] waiver.data_loader — ROSTER INJURY: Jack Graham — Injury: Shoulder. Expected to be available for round 16 - 17.
2026-05-18 18:17:25 [INFO] waiver — [6/9] Loading historical fanfooty data and computing metrics...
2026-05-18 18:17:33 [INFO] waiver.data_loader — Loaded 136191 historical game records across 16 seasons.
2026-05-18 18:17:36 [INFO] waiver.metrics — Metrics computed for 781 players. Replacement levels: {'DEF': '85.1', 'MID': '103.4', 'RUC': '64.8', 'FWD': '101.9', 'FLEX': '103.4'}
2026-05-18 18:17:36 [INFO] waiver — [7/9] Loading model predictions...
2026-05-18 18:17:36 [INFO] waiver.data_loader — Loaded Round 11 predictions: 612 players, avg projected score = 57.4.
2026-05-18 18:17:36 [INFO] waiver — Predictions for Round 11 merged: 610 players have projected scores.
2026-05-18 18:17:36 [INFO] waiver — [7b] Applying historical sanity checks to model predictions...
2026-05-18 18:17:36 [INFO] waiver — P(100+) corrected for 15 players based on historical ceiling.
2026-05-18 18:17:36 [INFO] waiver — P(80+) sanity cap applied to players with 2026 actual data.
2026-05-18 18:17:36 [INFO] waiver — Metrics ready: 781 players total, 597 free agents, 23 on my roster, 0 injured on-field.
2026-05-18 18:17:36 [INFO] waiver — [7c] Scoring mid-year jumper and streamer candidates...
2026-05-18 18:17:36 [INFO] waiver.jumper_scorer — Loaded 3910 2026 fanfooty rows across 10 rounds.
2026-05-18 18:17:36 [INFO] waiver.jumper_scorer — Loaded 2026 CBA data: 1511 rows, max round 7.
2026-05-18 18:17:36 [INFO] waiver.jumper_scorer — Scoring 259 FA candidates (avg < 80, games >= 5) for R10 jumper/streamer signals.
2026-05-18 18:17:37 [INFO] waiver.jumper_scorer — Jumper candidates: 33 (score >= 0.55, career/avg3 ceiling) | Streamer candidates: 7 (signals >= 2, avg3 >= 80)
2026-05-18 18:17:37 [INFO] waiver — Jumper/streamer scoring done: 5 mover candidates, 5 streamer candidates.
2026-05-18 18:17:37 [INFO] waiver — [8b] Refreshing AFL fixture schedule...
2026-05-18 18:17:37 [INFO] waiver.fixture_schedule — AFL fixture loaded: 207 games across rounds 0–24.
2026-05-18 18:17:37 [INFO] waiver.fixture_schedule — waiver_schedule.bat updated — 14 future rounds scheduled. Run as Administrator: G:\My Drive\projects\sc-player-data\waiver_schedule.bat
2026-05-18 18:17:37 [INFO] waiver — waiver_schedule.bat updated — newsletter will prompt re-registration.
2026-05-18 18:17:37 [INFO] waiver — [9/9] Generating newsletter...
2026-05-18 18:17:37 [INFO] waiver.newsletter — Newsletter written to G:\My Drive\projects\sc-player-data\reports\waiver_2026_rd10_2026-05-18.md
2026-05-18 18:17:37 [INFO] waiver — Emailing newsletter to richardsmark@outlook.com...
2026-05-18 18:17:45 [INFO] waiver.emailer — Newsletter emailed to richardsmark@outlook.com.
2026-05-18 18:17:45 [INFO] waiver — [10/10] Deploying static site to GitHub Pages...
2026-05-18 18:17:45 [INFO] deploy_github_pages — Building static site...
2026-05-18 18:18:25 [INFO] deploy_github_pages — Static site built.
2026-05-18 18:18:25 [INFO] deploy_github_pages — Updating existing clone in C:\Users\Richa\AppData\Local\Temp\asl-hub-deploy...
2026-05-18 18:18:26 [INFO] deploy_github_pages — Pushing to https://github.com/mark-richards/asl-hub.git (main)...
2026-05-18 18:18:29 [INFO] deploy_github_pages — GitHub Pages updated: https://mark-richards.github.io/asl-hub/
2026-05-18 18:18:29 [INFO] waiver — Done. Newsletter saved to: G:\My Drive\projects\sc-player-data\reports\waiver_2026_rd10_2026-05-18.md
  / -> docs/index.html
  /records -> docs/records/index.html
  /power-rankings -> docs/power-rankings/index.html
  /draft-heat-map -> docs/draft-heat-map/index.html
  /acquisition -> docs/acquisition/index.html
  /coach/Anthony -> docs/coach/Anthony/index.html
  /coach/James -> docs/coach/James/index.html
  /coach/Jordan -> docs/coach/Jordan/index.html
  /coach/Lester -> docs/coach/Lester/index.html
  /coach/Luke -> docs/coach/Luke/index.html
  /coach/Mark -> docs/coach/Mark/index.html
  /coach/Paul -> docs/coach/Paul/index.html
  /coach/Simon -> docs/coach/Simon/index.html

Static site built -> docs/  (13 pages)
docs\index.html
docs\static\css\custom.css
docs\static\images\afl_field.png
docs\static\images\afl_teams_sprite.svg
docs\static\images\coaches\Anthony_2022.png
docs\static\images\coaches\James_2022.png
docs\static\images\coaches\Jordan_2022.png
docs\static\images\coaches\Lester_2022.png
docs\static\images\coaches\Luke_2022.png
docs\static\images\coaches\Mark_2022.png
docs\static\images\coaches\Paul_2022.png
docs\static\images\coaches\Simon_2022.png
docs\records\index.html
docs\power-rankings\index.html
docs\draft-heat-map\index.html
docs\acquisition\index.html
docs\coach\Anthony\index.html
docs\coach\James\index.html
docs\coach\Jordan\index.html
docs\coach\Lester\index.html
docs\coach\Luke\index.html
docs\coach\Mark\index.html
docs\coach\Paul\index.html
docs\coach\Simon\index.html
24 File(s) copied
[main ef4321a] Weekly update
 2 files changed, 15 insertions(+), 15 deletions(-)
To https://github.com/mark-richards/asl-hub.git
 ! [rejected]        main -> main (fetch first)
error: failed to push some refs to 'https://github.com/mark-richards/asl-hub.git'
hint: Updates were rejected because the remote contains work that you do not
hint: have locally. This is usually caused by another repository pushing to
hint: the same ref. If you want to integrate the remote changes, use
hint: 'git pull' before pushing again.
hint: See the 'Note about fast-forwards' in 'git push --help' for details.
2026-05-25 07:00:37 [INFO] waiver — ============================================================
2026-05-25 07:00:37 [INFO] waiver — Waiver Newsletter Pipeline — Season 2026
2026-05-25 07:00:37 [INFO] waiver — ============================================================
2026-05-25 07:00:37 [INFO] waiver.league_api — Refreshing SC bearer token via Auth0...
2026-05-25 07:00:38 [INFO] waiver.league_api — SC token refreshed successfully.
2026-05-25 07:00:38 [INFO] waiver — [1/9] Fetching player ownership from SC in-season league API...
2026-05-25 07:00:38 [INFO] waiver.league_api — Fetching player status from https://www.supercoach.com.au/2026/api/afl/draft/v1/leagues/14889/playersStatus
2026-05-25 07:00:39 [INFO] waiver.league_api — Fetched status for 794 players; 605 are available (waiver).
2026-05-25 07:00:39 [INFO] waiver — [2/9] Fetching live injury and suspension data...
2026-05-25 07:00:39 [INFO] waiver.league_api — Fetching live player injury data from SC API...
2026-05-25 07:00:40 [INFO] waiver.league_api — Fetched injury data for 794 players; 174 have active injury/suspension.
2026-05-25 07:00:40 [INFO] waiver — Injury cache updated: 174 active injuries.
2026-05-25 07:00:40 [INFO] waiver — [3/9] Loading SC player list...
2026-05-25 07:00:40 [INFO] waiver.data_loader — Loaded 781 players from player list.
2026-05-25 07:00:40 [INFO] waiver — Using round: 10
2026-05-25 07:00:40 [INFO] waiver — [4b] Scraping/processing fanfooty data for 2026 R1–R11 (probing +1)...
2026-05-25 07:00:41 [INFO] waiver — Scraping FanFooty raw data for 2026 R11...
2026-05-25 07:00:41 [INFO] root — Fetching fixture data from: https://www.fanfooty.com.au/game/archive.php?year=2026
2026-05-25 07:00:41 [INFO] root — Found 9 unique matches for Round 11: ['9791', '9792', '9793', '9794', '9795', '9796', '9797', '9798', '9799']
2026-05-25 07:00:41 [INFO] root — Successfully saved: 9791.txt
2026-05-25 07:00:41 [INFO] root — Successfully saved: 9792.txt
2026-05-25 07:00:41 [INFO] root — Successfully saved: 9793.txt
2026-05-25 07:00:41 [INFO] root — Successfully saved: 9794.txt
2026-05-25 07:00:42 [INFO] root — Successfully saved: 9795.txt
2026-05-25 07:00:42 [INFO] root — Successfully saved: 9796.txt
2026-05-25 07:00:42 [INFO] root — Successfully saved: 9797.txt
2026-05-25 07:00:42 [INFO] root — Successfully saved: 9798.txt
2026-05-25 07:00:42 [INFO] root — Successfully saved: 9799.txt
2026-05-25 07:00:42 [INFO] waiver — Processing FanFooty data for 2026 R11...
2026-05-25 07:00:42 [INFO] waiver — Saved G:\My Drive\projects\sc-player-data\data\processed\2026_round_11_fanfooty_data.csv
2026-05-25 07:00:42 [INFO] waiver — Round confirmed after scrape: 11
2026-05-25 07:00:49 [INFO] waiver — master_fanfooty_data.csv: appended 414 new rows for 2026 R1–R11
2026-05-25 07:00:49 [INFO] waiver — [4d-pre] Downloading SC player-round data for 2026 R1–R11...
2026-05-25 07:00:51 [INFO] download_2026_statspacks —   Round 1: 794 players saved \u2192 players_round_1.json
2026-05-25 07:00:53 [INFO] download_2026_statspacks —   Round 2: 794 players saved \u2192 players_round_2.json
2026-05-25 07:00:54 [INFO] download_2026_statspacks —   Round 3: 794 players saved \u2192 players_round_3.json
2026-05-25 07:00:56 [INFO] download_2026_statspacks —   Round 4: 794 players saved \u2192 players_round_4.json
2026-05-25 07:00:58 [INFO] download_2026_statspacks —   Round 5: 794 players saved \u2192 players_round_5.json
2026-05-25 07:01:00 [INFO] download_2026_statspacks —   Round 6: 794 players saved \u2192 players_round_6.json
2026-05-25 07:01:02 [INFO] download_2026_statspacks —   Round 7: 794 players saved \u2192 players_round_7.json
2026-05-25 07:01:04 [INFO] download_2026_statspacks —   Round 8: 794 players saved \u2192 players_round_8.json
2026-05-25 07:01:06 [INFO] download_2026_statspacks —   Round 9: 794 players saved \u2192 players_round_9.json
2026-05-25 07:01:07 [INFO] download_2026_statspacks —   Round 10: 794 players saved \u2192 players_round_10.json
2026-05-25 07:01:09 [INFO] download_2026_statspacks —   Round 11: 794 players saved \u2192 players_round_11.json
2026-05-25 07:01:10 [INFO] download_2026_statspacks — Player rounds download complete: 11 downloaded, 0 skipped, 0 errors
2026-05-25 07:01:14 [INFO] waiver.fixture_schedule — AFL fixture loaded: 207 games across rounds 0–24.
2026-05-25 07:01:14 [INFO] waiver — [4e] Refreshing website outputs (ladder, fixtures, player match results)...
2026-05-25 07:01:14 [INFO] waiver.league_api — Refreshing SC bearer token via Auth0...
2026-05-25 07:01:15 [INFO] waiver.league_api — SC token refreshed successfully.
2026-05-25 07:01:26 [INFO] website.data.api_ingest — Detected current round: 11
2026-05-25 07:01:38 [INFO] website.data.api_ingest — Processing 2026 data for rounds 1..11
2026-05-25 07:01:38 [INFO] website.data.api_ingest — ladder.csv: 88 rows
2026-05-25 07:01:38 [INFO] website.data.api_ingest — fixture_results_by_team.csv: 88 rows
2026-05-25 07:01:38 [INFO] website.data.api_ingest — player_match_results.csv: 2024 rows
2026-05-25 07:01:38 [INFO] website.data.api_ingest — player_stats_current.csv: 2024 rows
2026-05-25 07:01:38 [INFO] waiver.league_api — Fetching player status from https://www.supercoach.com.au/2026/api/afl/draft/v1/leagues/14889/playersStatus
2026-05-25 07:01:39 [INFO] waiver.league_api — Fetched status for 794 players; 605 are available (waiver).
2026-05-25 07:01:39 [INFO] website.data.api_ingest — current_teams.csv: 184 players
2026-05-25 07:01:39 [INFO] website.data.api_ingest — Saved league_fixtures.json (21 rounds)
2026-05-25 07:01:40 [INFO] website.data.api_ingest — fixture_schedule_2026.csv: 84 matchups
2026-05-25 07:01:41 [INFO] website.data.api_ingest — processedWaivers: 154 rows
2026-05-25 07:01:41 [INFO] website.data.api_ingest — Free Agent pickups (/trades): 137 rows
2026-05-25 07:01:41 [INFO] website.data.api_ingest — Team trades (/teamtrades): 16 rows from 6 approved trades
2026-05-25 07:01:41 [INFO] website.data.api_ingest — transactions.csv: 307 rows \u2192 G:\My Drive\projects\sc-player-data\data\live\transactions.csv
2026-05-25 07:01:42 [INFO] website.data.api_ingest — Saved processedWaivers \u2192 G:\My Drive\projects\sc-player-data\data\raw\supercoach\2026\leagues_14889_processedWaivers.json
2026-05-25 07:01:43 [INFO] website.data.api_ingest — Saved teamtrades \u2192 G:\My Drive\projects\sc-player-data\data\raw\supercoach\2026\leagues_14889_teamtrades.json
2026-05-25 07:01:43 [INFO] website.data.api_ingest — Saved trades \u2192 G:\My Drive\projects\sc-player-data\data\raw\supercoach\2026\leagues_14889_trades.json
2026-05-25 07:01:44 [INFO] website.data.api_ingest — Saved playersStatus \u2192 G:\My Drive\projects\sc-player-data\data\raw\supercoach\2026\leagues_4199_playersStatus.json
2026-05-25 07:01:44 [INFO] website.data.api_ingest — Saved recap \u2192 G:\My Drive\projects\sc-player-data\data\raw\supercoach\2026\leagues_14889_recap.json
2026-05-25 07:01:44 [INFO] website.data.api_ingest — Saved me \u2192 me.json
2026-05-25 07:01:45 [INFO] website.data.api_ingest — Saved real_fixture \u2192 real_fixture.json
2026-05-25 07:01:45 [INFO] website.data.api_ingest — Saved players \u2192 players_cf_embed=notes,odds,player_stats,positions,player_match_stats&round=1.json
2026-05-25 07:01:46 [INFO] website.data.api_ingest — Saved players \u2192 players_cf_embed=notes,odds,player_stats,positions,player_match_stats&round=2.json
2026-05-25 07:01:47 [INFO] website.data.api_ingest — Saved players \u2192 players_cf_embed=notes,odds,player_stats,positions,player_match_stats&round=3.json
2026-05-25 07:01:47 [INFO] website.data.api_ingest — Saved players \u2192 players_cf_embed=notes,odds,player_stats,positions,player_match_stats&round=4.json
2026-05-25 07:01:48 [INFO] website.data.api_ingest — Saved players \u2192 players_cf_embed=notes,odds,player_stats,positions,player_match_stats&round=5.json
2026-05-25 07:01:49 [INFO] website.data.api_ingest — Saved players \u2192 players_cf_embed=notes,odds,player_stats,positions,player_match_stats&round=6.json
2026-05-25 07:01:49 [INFO] website.data.api_ingest — Saved players \u2192 players_cf_embed=notes,odds,player_stats,positions,player_match_stats&round=7.json
2026-05-25 07:01:50 [INFO] website.data.api_ingest — Saved players \u2192 players_cf_embed=notes,odds,player_stats,positions,player_match_stats&round=8.json
2026-05-25 07:01:50 [INFO] website.data.api_ingest — Saved players \u2192 players_cf_embed=notes,odds,player_stats,positions,player_match_stats&round=9.json
2026-05-25 07:01:51 [INFO] website.data.api_ingest — Saved players \u2192 players_cf_embed=notes,odds,player_stats,positions,player_match_stats&round=10.json
2026-05-25 07:01:52 [INFO] website.data.api_ingest — Saved players \u2192 players_cf_embed=notes,odds,player_stats,positions,player_match_stats&round=11.json
2026-05-25 07:01:52 [INFO] website.data.api_ingest — Refresh complete: 88 ladder, 88 fixture, 2024 player-match rows (rounds 1–11).
2026-05-25 07:01:56 [INFO] waiver — [4f] Updating master_player_data.csv with 2026 current-season data...
2026-05-25 07:01:56 [INFO] root — Step 3: Preparing fanfooty enrichment data...
2026-05-25 07:01:57 [INFO] root —   Loaded 137019 fanfooty records
2026-05-25 07:01:57 [INFO] root —   Prepared 133308 unique fanfooty enrichment records
2026-05-25 07:01:57 [INFO] root — update_current_season: fanfooty enrichment matched 1753/2024 rows
2026-05-25 07:01:57 [INFO] root — Loading DFS Australia data...
2026-05-25 07:01:57 [INFO] root —   Loaded 2274 DFS rows across 1 seasons
2026-05-25 07:01:57 [INFO] root — Merging DFS Australia data...
2026-05-25 07:01:57 [INFO] root —   DFS merge: 798/2024 rows matched on CBA%
2026-05-25 07:02:01 [INFO] root — update_current_season: added 2024 rows for 2026 \u2192 data\processed\master_player_data.csv
2026-05-25 07:02:01 [INFO] waiver — [4f] master_player_data.csv: 2024 rows added for 2026.
2026-05-25 07:02:01 [INFO] waiver — [4g] Generating Round 12 predictions...
2026-05-25 07:03:19 [INFO] waiver — [4g] Round 12 predictions generated.
2026-05-25 07:03:19 [INFO] waiver — [4/9] Loading current-season scores...
2026-05-25 07:03:19 [INFO] waiver.data_loader — Loaded 2026 season scores from SC API (11 rounds) + fanfooty supplement: 594 players.
2026-05-25 07:03:19 [INFO] waiver — [4b-validate] Validating round 11 data coverage...
2026-05-25 07:03:19 [INFO] root — Fetching fixture data from: https://www.fanfooty.com.au/game/archive.php?year=2026
2026-05-25 07:03:20 [INFO] root — Found 9 unique matches for Round 11: ['9791', '9792', '9793', '9794', '9795', '9796', '9797', '9798', '9799']
2026-05-25 07:03:20 [INFO] waiver — [4c] Fetching lineup for round 12...
2026-05-25 07:03:20 [INFO] waiver.league_api — Fetching lineup from https://www.supercoach.com.au/2026/api/afl/draft/v1/userteams/136934/statsPlayers?round=12
2026-05-25 07:03:20 [INFO] waiver.league_api — Lineup fetched: 19 on field, 4 bench (23 total).
2026-05-25 07:03:20 [INFO] waiver — [4d] Refreshing coach list from SC API ladder...
2026-05-25 07:03:20 [INFO] waiver.league_api — Refreshing SC bearer token via Auth0...
2026-05-25 07:03:21 [INFO] waiver.league_api — SC token refreshed successfully.
2026-05-25 07:03:21 [INFO] waiver.league_api — Fetching league teams from https://www.supercoach.com.au/2026/api/afl/draft/v1/leagues/14889/ladderAndFixtures?round=11&scores=true
2026-05-25 07:03:22 [INFO] waiver.league_api — Fetched 8 teams from ladder league 14889 (round 11).
2026-05-25 07:03:22 [INFO] waiver — coach_list.csv refreshed with 8 teams \u2192 G:\My Drive\projects\sc-player-data\data\live\coach_list.csv
2026-05-25 07:03:22 [INFO] waiver — [5/9] Building player table...
2026-05-25 07:03:22 [INFO] waiver.data_loader — Player table built: 781 total, 597 free agents, 23 on my roster, 0 on my roster with injury/suspension.
2026-05-25 07:03:22 [INFO] waiver — [6/9] Loading historical fanfooty data and computing metrics...
2026-05-25 07:03:33 [INFO] waiver.data_loader — Loaded 136605 historical game records across 16 seasons.
2026-05-25 07:03:36 [INFO] waiver.metrics — Metrics computed for 781 players. Replacement levels: {'DEF': '84.4', 'MID': '93.5', 'RUC': '59.1', 'FWD': '101.9', 'FLEX': '101.9'}
2026-05-25 07:03:36 [INFO] waiver — [7/9] Loading model predictions...
2026-05-25 07:03:36 [INFO] waiver.data_loader — Loaded Round 12 predictions: 612 players, avg projected score = 57.6.
2026-05-25 07:03:36 [INFO] waiver — Predictions for Round 12 merged: 610 players have projected scores.
2026-05-25 07:03:36 [INFO] waiver — [7b] Applying historical sanity checks to model predictions...
2026-05-25 07:03:36 [INFO] waiver — P(100+) corrected for 16 players based on historical ceiling.
2026-05-25 07:03:36 [INFO] waiver — P(80+) sanity cap applied to players with 2026 actual data.
2026-05-25 07:03:36 [INFO] waiver — Metrics ready: 781 players total, 597 free agents, 23 on my roster, 0 injured on-field.
2026-05-25 07:03:36 [INFO] waiver — [7c] Scoring mid-year jumper and streamer candidates...
2026-05-25 07:03:36 [INFO] waiver.jumper_scorer — Loaded 4324 2026 fanfooty rows across 11 rounds.
2026-05-25 07:03:36 [INFO] waiver.jumper_scorer — Loaded 2026 CBA data: 1511 rows, max round 7.
2026-05-25 07:03:36 [INFO] waiver.jumper_scorer — Scoring 273 FA candidates (avg < 80, games >= 5) for R11 jumper/streamer signals.
2026-05-25 07:03:37 [INFO] waiver.jumper_scorer — Jumper candidates: 33 (score >= 0.55, career/avg3 ceiling) | Streamer candidates: 6 (signals >= 2, avg3 >= 80)
2026-05-25 07:03:37 [INFO] waiver — Jumper/streamer scoring done: 5 mover candidates, 5 streamer candidates.
2026-05-25 07:03:37 [INFO] waiver — [8b] Refreshing AFL fixture schedule...
2026-05-25 07:03:37 [INFO] waiver.fixture_schedule — AFL fixture loaded: 207 games across rounds 0–24.
2026-05-25 07:03:37 [INFO] waiver.fixture_schedule — waiver_schedule.bat updated — 13 future rounds scheduled. Run as Administrator: G:\My Drive\projects\sc-player-data\waiver_schedule.bat
2026-05-25 07:03:37 [INFO] waiver — waiver_schedule.bat updated — newsletter will prompt re-registration.
2026-05-25 07:03:37 [INFO] waiver — [9/9] Generating newsletter...
2026-05-25 07:03:37 [INFO] waiver.newsletter — Newsletter written to G:\My Drive\projects\sc-player-data\reports\waiver_2026_rd11_2026-05-25.md
2026-05-25 07:03:37 [INFO] waiver — Emailing newsletter to richardsmark@outlook.com...
2026-05-25 07:03:45 [INFO] waiver.emailer — Newsletter emailed to richardsmark@outlook.com.
2026-05-25 07:03:45 [INFO] waiver — [10/10] Deploying static site to GitHub Pages...
2026-05-25 07:03:45 [INFO] deploy_github_pages — Building static site...
2026-05-25 07:04:28 [INFO] deploy_github_pages — Static site built.
2026-05-25 07:04:28 [INFO] deploy_github_pages — Updating existing clone in C:\Users\Richa\AppData\Local\Temp\asl-hub-deploy...
2026-05-25 07:04:28 [WARNING] deploy_github_pages — git fetch failed (fatal: not a git repository (or any of the parent directories): .git) — removing stale cache and re-cloning.
2026-05-25 07:04:29 [INFO] deploy_github_pages — asl-hub unchanged — nothing to push.
2026-05-25 07:04:29 [INFO] waiver — Done. Newsletter saved to: G:\My Drive\projects\sc-player-data\reports\waiver_2026_rd11_2026-05-25.md
  / -> docs/index.html
  /records -> docs/records/index.html
  /power-rankings -> docs/power-rankings/index.html
  /draft-heat-map -> docs/draft-heat-map/index.html
  /acquisition -> docs/acquisition/index.html
  /coach/Anthony -> docs/coach/Anthony/index.html
  /coach/James -> docs/coach/James/index.html
  /coach/Jordan -> docs/coach/Jordan/index.html
  /coach/Lester -> docs/coach/Lester/index.html
  /coach/Luke -> docs/coach/Luke/index.html
  /coach/Mark -> docs/coach/Mark/index.html
  /coach/Paul -> docs/coach/Paul/index.html
  /coach/Simon -> docs/coach/Simon/index.html

Static site built -> docs/  (13 pages)
docs\index.html
docs\static\css\custom.css
docs\static\images\afl_field.png
docs\static\images\afl_teams_sprite.svg
docs\static\images\coaches\Anthony_2022.png
docs\static\images\coaches\James_2022.png
docs\static\images\coaches\Jordan_2022.png
docs\static\images\coaches\Lester_2022.png
docs\static\images\coaches\Luke_2022.png
docs\static\images\coaches\Mark_2022.png
docs\static\images\coaches\Paul_2022.png
docs\static\images\coaches\Simon_2022.png
docs\records\index.html
docs\power-rankings\index.html
docs\draft-heat-map\index.html
docs\acquisition\index.html
docs\coach\Anthony\index.html
docs\coach\James\index.html
docs\coach\Jordan\index.html
docs\coach\Lester\index.html
docs\coach\Luke\index.html
docs\coach\Mark\index.html
docs\coach\Paul\index.html
docs\coach\Simon\index.html
24 File(s) copied
[main 6fd30f0] Weekly update
 12 files changed, 6214 insertions(+), 5783 deletions(-)
fatal: Unable to persist credentials with the 'wincredman' credential store.
See https://aka.ms/gcm/credstores for more information.
bash: line 1: /dev/tty: No such device or address
error: failed to execute prompt script (exit code 1)
fatal: could not read Username for 'https://github.com': No such file or directory
2026-05-26 17:52:17 [INFO] waiver — ============================================================
2026-05-26 17:52:17 [INFO] waiver — Waiver Newsletter Pipeline — Season 2026
2026-05-26 17:52:17 [INFO] waiver — ============================================================
2026-05-26 17:52:17 [INFO] waiver.league_api — Refreshing SC bearer token via Auth0...
2026-05-26 17:52:18 [INFO] waiver.league_api — SC token refreshed successfully.
2026-05-26 17:52:18 [INFO] waiver — [1/9] Fetching player ownership from SC in-season league API...
2026-05-26 17:52:18 [INFO] waiver.league_api — Fetching player status from https://www.supercoach.com.au/2026/api/afl/draft/v1/leagues/14889/playersStatus
2026-05-26 17:52:18 [INFO] waiver.league_api — Fetched status for 794 players; 16 are available (waiver).
2026-05-26 17:52:18 [INFO] waiver — [2/9] Fetching live injury and suspension data...
2026-05-26 17:52:18 [INFO] waiver.league_api — Fetching live player injury data from SC API...
2026-05-26 17:52:20 [INFO] waiver.league_api — Fetched injury data for 794 players; 174 have active injury/suspension.
2026-05-26 17:52:20 [INFO] waiver — Injury cache updated: 174 active injuries.
2026-05-26 17:52:20 [INFO] waiver — [3/9] Loading SC player list...
2026-05-26 17:52:20 [INFO] waiver.data_loader — Loaded 781 players from player list.
2026-05-26 17:52:20 [INFO] waiver — Using round: 11
2026-05-26 17:52:20 [INFO] waiver — [4b] Scraping/processing fanfooty data for 2026 R1–R12 (probing +1)...
2026-05-26 17:52:20 [INFO] waiver — Scraping FanFooty raw data for 2026 R12...
2026-05-26 17:52:20 [INFO] root — Fetching fixture data from: https://www.fanfooty.com.au/game/archive.php?year=2026
2026-05-26 17:52:20 [WARNING] root — Could not find header for 'Round 12' for 2026.
2026-05-26 17:52:20 [INFO] waiver — No match IDs for 2026 R12 — round not yet played, skipping.
2026-05-26 17:52:20 [INFO] waiver — Round confirmed after scrape: 11
2026-05-26 17:52:22 [INFO] waiver — master_fanfooty_data.csv already up to date for 2026 R1–R11
2026-05-26 17:52:22 [INFO] waiver — [4d-pre] Downloading SC player-round data for 2026 R1–R11...
2026-05-26 17:52:23 [INFO] download_2026_statspacks —   Round 1: 794 players saved \u2192 players_round_1.json
2026-05-26 17:52:25 [INFO] download_2026_statspacks —   Round 2: 794 players saved \u2192 players_round_2.json
2026-05-26 17:52:27 [INFO] download_2026_statspacks —   Round 3: 794 players saved \u2192 players_round_3.json
2026-05-26 17:52:29 [INFO] download_2026_statspacks —   Round 4: 794 players saved \u2192 players_round_4.json
2026-05-26 17:52:31 [INFO] download_2026_statspacks —   Round 5: 794 players saved \u2192 players_round_5.json
2026-05-26 17:52:33 [INFO] download_2026_statspacks —   Round 6: 794 players saved \u2192 players_round_6.json
2026-05-26 17:52:34 [INFO] download_2026_statspacks —   Round 7: 794 players saved \u2192 players_round_7.json
2026-05-26 17:52:36 [INFO] download_2026_statspacks —   Round 8: 794 players saved \u2192 players_round_8.json
2026-05-26 17:52:38 [INFO] download_2026_statspacks —   Round 9: 794 players saved \u2192 players_round_9.json
2026-05-26 17:52:40 [INFO] download_2026_statspacks —   Round 10: 794 players saved \u2192 players_round_10.json
2026-05-26 17:52:41 [INFO] download_2026_statspacks —   Round 11: 794 players saved \u2192 players_round_11.json
2026-05-26 17:52:42 [INFO] download_2026_statspacks — Player rounds download complete: 11 downloaded, 0 skipped, 0 errors
2026-05-26 17:52:45 [INFO] waiver.fixture_schedule — AFL fixture loaded: 207 games across rounds 0–24.
2026-05-26 17:52:45 [INFO] waiver — [4e] Refreshing website outputs (ladder, fixtures, player match results)...
2026-05-26 17:52:45 [INFO] waiver.league_api — Refreshing SC bearer token via Auth0...
2026-05-26 17:52:46 [INFO] waiver.league_api — SC token refreshed successfully.
2026-05-26 17:52:56 [INFO] website.data.api_ingest — Detected current round: 11
2026-05-26 17:53:08 [INFO] website.data.api_ingest — Processing 2026 data for rounds 1..11
2026-05-26 17:53:08 [INFO] website.data.api_ingest — ladder.csv: 88 rows
2026-05-26 17:53:08 [INFO] website.data.api_ingest — fixture_results_by_team.csv: 88 rows
2026-05-26 17:53:08 [INFO] website.data.api_ingest — player_match_results.csv: 2024 rows
2026-05-26 17:53:08 [INFO] website.data.api_ingest — player_stats_current.csv: 2024 rows
2026-05-26 17:53:08 [INFO] waiver.league_api — Fetching player status from https://www.supercoach.com.au/2026/api/afl/draft/v1/leagues/14889/playersStatus
2026-05-26 17:53:09 [INFO] waiver.league_api — Fetched status for 794 players; 16 are available (waiver).
2026-05-26 17:53:09 [INFO] website.data.api_ingest — current_teams.csv: 184 players
2026-05-26 17:53:09 [INFO] website.data.api_ingest — Saved league_fixtures.json (21 rounds)
2026-05-26 17:53:10 [INFO] website.data.api_ingest — fixture_schedule_2026.csv: 84 matchups
2026-05-26 17:53:11 [INFO] website.data.api_ingest — processedWaivers: 164 rows
2026-05-26 17:53:11 [INFO] website.data.api_ingest — Free Agent pickups (/trades): 143 rows
2026-05-26 17:53:12 [INFO] website.data.api_ingest — Team trades (/teamtrades): 16 rows from 6 approved trades
2026-05-26 17:53:12 [INFO] website.data.api_ingest — transactions.csv: 323 rows \u2192 G:\My Drive\projects\sc-player-data\data\live\transactions.csv
2026-05-26 17:53:13 [INFO] website.data.api_ingest — Saved processedWaivers \u2192 G:\My Drive\projects\sc-player-data\data\raw\supercoach\2026\leagues_14889_processedWaivers.json
2026-05-26 17:53:14 [INFO] website.data.api_ingest — Saved teamtrades \u2192 G:\My Drive\projects\sc-player-data\data\raw\supercoach\2026\leagues_14889_teamtrades.json
2026-05-26 17:53:14 [INFO] website.data.api_ingest — Saved trades \u2192 G:\My Drive\projects\sc-player-data\data\raw\supercoach\2026\leagues_14889_trades.json
2026-05-26 17:53:14 [INFO] website.data.api_ingest — Saved playersStatus \u2192 G:\My Drive\projects\sc-player-data\data\raw\supercoach\2026\leagues_4199_playersStatus.json
2026-05-26 17:53:15 [INFO] website.data.api_ingest — Saved recap \u2192 G:\My Drive\projects\sc-player-data\data\raw\supercoach\2026\leagues_14889_recap.json
2026-05-26 17:53:15 [INFO] website.data.api_ingest — Saved me \u2192 me.json
2026-05-26 17:53:16 [INFO] website.data.api_ingest — Saved real_fixture \u2192 real_fixture.json
2026-05-26 17:53:16 [INFO] website.data.api_ingest — Saved players \u2192 players_cf_embed=notes,odds,player_stats,positions,player_match_stats&round=1.json
2026-05-26 17:53:17 [INFO] website.data.api_ingest — Saved players \u2192 players_cf_embed=notes,odds,player_stats,positions,player_match_stats&round=2.json
2026-05-26 17:53:17 [INFO] website.data.api_ingest — Saved players \u2192 players_cf_embed=notes,odds,player_stats,positions,player_match_stats&round=3.json
2026-05-26 17:53:18 [INFO] website.data.api_ingest — Saved players \u2192 players_cf_embed=notes,odds,player_stats,positions,player_match_stats&round=4.json
2026-05-26 17:53:19 [INFO] website.data.api_ingest — Saved players \u2192 players_cf_embed=notes,odds,player_stats,positions,player_match_stats&round=5.json
2026-05-26 17:53:19 [INFO] website.data.api_ingest — Saved players \u2192 players_cf_embed=notes,odds,player_stats,positions,player_match_stats&round=6.json
2026-05-26 17:53:20 [INFO] website.data.api_ingest — Saved players \u2192 players_cf_embed=notes,odds,player_stats,positions,player_match_stats&round=7.json
2026-05-26 17:53:20 [INFO] website.data.api_ingest — Saved players \u2192 players_cf_embed=notes,odds,player_stats,positions,player_match_stats&round=8.json
2026-05-26 17:53:21 [INFO] website.data.api_ingest — Saved players \u2192 players_cf_embed=notes,odds,player_stats,positions,player_match_stats&round=9.json
2026-05-26 17:53:22 [INFO] website.data.api_ingest — Saved players \u2192 players_cf_embed=notes,odds,player_stats,positions,player_match_stats&round=10.json
2026-05-26 17:53:22 [INFO] website.data.api_ingest — Saved players \u2192 players_cf_embed=notes,odds,player_stats,positions,player_match_stats&round=11.json
2026-05-26 17:53:22 [INFO] website.data.api_ingest — Refresh complete: 88 ladder, 88 fixture, 2024 player-match rows (rounds 1–11).
2026-05-26 17:53:26 [INFO] waiver — [4f] Updating master_player_data.csv with 2026 current-season data...
2026-05-26 17:53:27 [INFO] root — Step 3: Preparing fanfooty enrichment data...
2026-05-26 17:53:27 [INFO] root —   Loaded 137019 fanfooty records
2026-05-26 17:53:28 [INFO] root —   Prepared 133308 unique fanfooty enrichment records
2026-05-26 17:53:28 [INFO] root — update_current_season: fanfooty enrichment matched 1753/2024 rows
2026-05-26 17:53:28 [INFO] root — Loading DFS Australia data...
2026-05-26 17:53:28 [INFO] root —   Loaded 2274 DFS rows across 1 seasons
2026-05-26 17:53:28 [INFO] root — Merging DFS Australia data...
2026-05-26 17:53:28 [INFO] root —   DFS merge: 798/2024 rows matched on CBA%
2026-05-26 17:53:32 [INFO] root — update_current_season: added 2024 rows for 2026 \u2192 data\processed\master_player_data.csv
2026-05-26 17:53:32 [INFO] waiver — [4f] master_player_data.csv: 2024 rows added for 2026.
2026-05-26 17:53:32 [INFO] waiver — [4g] Round 12 predictions already exist — skipping generation.
2026-05-26 17:53:32 [INFO] waiver — [4/9] Loading current-season scores...
2026-05-26 17:53:33 [INFO] waiver.data_loader — Loaded 2026 season scores from SC API (11 rounds) + fanfooty supplement: 594 players.
2026-05-26 17:53:33 [INFO] waiver — [4b-validate] Validating round 11 data coverage...
2026-05-26 17:53:33 [INFO] root — Fetching fixture data from: https://www.fanfooty.com.au/game/archive.php?year=2026
2026-05-26 17:53:33 [INFO] root — Found 9 unique matches for Round 11: ['9791', '9792', '9793', '9794', '9795', '9796', '9797', '9798', '9799']
2026-05-26 17:53:33 [INFO] waiver — [4c] Fetching lineup for round 12...
2026-05-26 17:53:33 [INFO] waiver.league_api — Fetching lineup from https://www.supercoach.com.au/2026/api/afl/draft/v1/userteams/136934/statsPlayers?round=12
2026-05-26 17:53:33 [INFO] waiver.league_api — Lineup fetched: 19 on field, 4 bench (23 total).
2026-05-26 17:53:33 [INFO] waiver — [4d] Refreshing coach list from SC API ladder...
2026-05-26 17:53:33 [INFO] waiver.league_api — Refreshing SC bearer token via Auth0...
2026-05-26 17:53:34 [INFO] waiver.league_api — SC token refreshed successfully.
2026-05-26 17:53:34 [INFO] waiver.league_api — Fetching league teams from https://www.supercoach.com.au/2026/api/afl/draft/v1/leagues/14889/ladderAndFixtures?round=11&scores=true
2026-05-26 17:53:35 [INFO] waiver.league_api — Fetched 8 teams from ladder league 14889 (round 11).
2026-05-26 17:53:35 [INFO] waiver — coach_list.csv refreshed with 8 teams \u2192 G:\My Drive\projects\sc-player-data\data\live\coach_list.csv
2026-05-26 17:53:35 [INFO] waiver — [5/9] Building player table...
2026-05-26 17:53:35 [INFO] waiver.data_loader — Player table built: 781 total, 598 free agents, 25 on my roster, 0 on my roster with injury/suspension.
2026-05-26 17:53:35 [INFO] waiver — [6/9] Loading historical fanfooty data and computing metrics...
2026-05-26 17:53:43 [INFO] waiver.data_loader — Loaded 136605 historical game records across 16 seasons.
2026-05-26 17:53:47 [INFO] waiver.metrics — Metrics computed for 781 players. Replacement levels: {'DEF': '84.4', 'MID': '94.1', 'RUC': '59.1', 'FWD': '101.9', 'FLEX': '101.9'}
2026-05-26 17:53:47 [INFO] waiver — [7/9] Loading model predictions...
2026-05-26 17:53:47 [INFO] waiver.data_loader — Loaded Round 12 predictions: 612 players, avg projected score = 57.6.
2026-05-26 17:53:47 [INFO] waiver — Predictions for Round 12 merged: 610 players have projected scores.
2026-05-26 17:53:47 [INFO] waiver — [7b] Applying historical sanity checks to model predictions...
2026-05-26 17:53:47 [INFO] waiver — P(100+) corrected for 16 players based on historical ceiling.
2026-05-26 17:53:47 [INFO] waiver — P(80+) sanity cap applied to players with 2026 actual data.
2026-05-26 17:53:47 [INFO] waiver — Metrics ready: 781 players total, 598 free agents, 25 on my roster, 0 injured on-field.
2026-05-26 17:53:53 [INFO] waiver.dvp — DVP table built: 72 team-position entries from last 6 rounds
2026-05-26 17:53:53 [INFO] root — Fetching fixture for 2026 Round 12 from JSON feed...
2026-05-26 17:53:54 [INFO] root — Successfully built fixture map for 14 teams.
2026-05-26 17:53:54 [INFO] waiver — [7b-pre] DVP table ready (72 entries), 611 player ranks computed.
2026-05-26 17:53:54 [INFO] waiver — [7c] Scoring mid-year jumper and streamer candidates...
2026-05-26 17:53:54 [INFO] waiver.jumper_scorer — Loaded 4324 2026 fanfooty rows across 11 rounds.
2026-05-26 17:53:54 [INFO] waiver.jumper_scorer — Loaded 2026 CBA data: 1511 rows, max round 7.
2026-05-26 17:53:54 [INFO] waiver.jumper_scorer — Scoring 274 FA candidates (avg < 80, games >= 5) for R11 jumper/streamer signals.
2026-05-26 17:53:55 [INFO] waiver.jumper_scorer — Jumper candidates: 33 (score >= 0.55, career/avg3 ceiling) | Streamer candidates: 7 (signals >= 2, avg3 >= 80)
2026-05-26 17:53:55 [INFO] waiver — Jumper/streamer scoring done: 5 mover candidates, 5 streamer candidates.
2026-05-26 17:53:55 [INFO] waiver — [8b] Refreshing AFL fixture schedule...
2026-05-26 17:53:55 [INFO] waiver.fixture_schedule — AFL fixture loaded: 207 games across rounds 0–24.
2026-05-26 17:53:55 [INFO] waiver.fixture_schedule — waiver_schedule.bat updated — 13 future rounds scheduled. Run as Administrator: G:\My Drive\projects\sc-player-data\waiver_schedule.bat
2026-05-26 17:53:55 [INFO] waiver — waiver_schedule.bat updated — newsletter will prompt re-registration.
2026-05-26 17:53:55 [INFO] waiver — [8c] Computing DVP matchup intel (reusing pre-built table)...
2026-05-26 17:53:55 [INFO] root — Fetching fixture for 2026 Round 12 from JSON feed...
2026-05-26 17:53:56 [INFO] root — Successfully built fixture map for 14 teams.
2026-05-26 17:53:56 [INFO] root — Fetching fixture for 2026 Round 13 from JSON feed...
2026-05-26 17:53:56 [INFO] root — Successfully built fixture map for 16 teams.
2026-05-26 17:53:56 [INFO] root — Fetching fixture for 2026 Round 14 from JSON feed...
2026-05-26 17:53:56 [INFO] root — Successfully built fixture map for 14 teams.
2026-05-26 17:53:56 [INFO] waiver — DVP done: 11 matchup targets, 5 schedule streamers.
2026-05-26 17:53:56 [INFO] waiver — [9/9] Generating newsletter...
2026-05-26 17:54:26 [INFO] httpx — HTTP Request: POST https://api.anthropic.com/v1/messages "HTTP/1.1 200 OK"
2026-05-26 17:54:30 [INFO] httpx — HTTP Request: POST https://api.anthropic.com/v1/messages "HTTP/1.1 200 OK"
2026-05-26 17:54:36 [INFO] httpx — HTTP Request: POST https://api.anthropic.com/v1/messages "HTTP/1.1 200 OK"
2026-05-26 17:54:40 [INFO] httpx — HTTP Request: POST https://api.anthropic.com/v1/messages "HTTP/1.1 200 OK"
2026-05-26 17:54:40 [INFO] waiver.newsletter — Newsletter written to G:\My Drive\projects\sc-player-data\reports\waiver_2026_rd11_2026-05-26.md
2026-05-26 17:54:40 [INFO] waiver — Emailing newsletter to richardsmark@outlook.com...
2026-05-26 17:54:48 [INFO] waiver.emailer — Newsletter emailed to richardsmark@outlook.com.
2026-05-26 17:54:48 [INFO] waiver — [10/10] Deploying static site to GitHub Pages...
2026-05-26 17:54:48 [INFO] deploy_github_pages — Building static site...
2026-05-26 17:55:35 [INFO] deploy_github_pages — Static site built.
2026-05-26 17:55:35 [INFO] deploy_github_pages — Updating existing clone in C:\Users\Richa\AppData\Local\Temp\asl-hub-deploy...
2026-05-26 17:55:37 [INFO] deploy_github_pages — Pushing to https://github.com/mark-richards/asl-hub.git (main)...
2026-05-26 17:55:39 [INFO] deploy_github_pages — GitHub Pages updated: https://mark-richards.github.io/asl-hub/
2026-05-26 17:55:39 [INFO] waiver — Done. Newsletter saved to: G:\My Drive\projects\sc-player-data\reports\waiver_2026_rd11_2026-05-26.md
  / -> docs/index.html
  /records -> docs/records/index.html
  /power-rankings -> docs/power-rankings/index.html
  /draft-heat-map -> docs/draft-heat-map/index.html
  /acquisition -> docs/acquisition/index.html
  /coach/Anthony -> docs/coach/Anthony/index.html
  /coach/James -> docs/coach/James/index.html
  /coach/Jordan -> docs/coach/Jordan/index.html
  /coach/Lester -> docs/coach/Lester/index.html
  /coach/Luke -> docs/coach/Luke/index.html
  /coach/Mark -> docs/coach/Mark/index.html
  /coach/Paul -> docs/coach/Paul/index.html
  /coach/Simon -> docs/coach/Simon/index.html

Static site built -> docs/  (13 pages)
docs\index.html
docs\static\css\custom.css
docs\static\images\afl_field.png
docs\static\images\afl_teams_sprite.svg
docs\static\images\coaches\Anthony_2022.png
docs\static\images\coaches\James_2022.png
docs\static\images\coaches\Jordan_2022.png
docs\static\images\coaches\Lester_2022.png
docs\static\images\coaches\Luke_2022.png
docs\static\images\coaches\Mark_2022.png
docs\static\images\coaches\Paul_2022.png
docs\static\images\coaches\Simon_2022.png
docs\records\index.html
docs\power-rankings\index.html
docs\draft-heat-map\index.html
docs\acquisition\index.html
docs\coach\Anthony\index.html
docs\coach\James\index.html
docs\coach\Jordan\index.html
docs\coach\Lester\index.html
docs\coach\Luke\index.html
docs\coach\Mark\index.html
docs\coach\Paul\index.html
docs\coach\Simon\index.html
24 File(s) copied
[main 347b707] Weekly update
 9 files changed, 732 insertions(+), 461 deletions(-)
To https://github.com/mark-richards/asl-hub.git
 ! [rejected]        main -> main (fetch first)
error: failed to push some refs to 'https://github.com/mark-richards/asl-hub.git'
hint: Updates were rejected because the remote contains work that you do not
hint: have locally. This is usually caused by another repository pushing to
hint: the same ref. If you want to integrate the remote changes, use
hint: 'git pull' before pushing again.
hint: See the 'Note about fast-forwards' in 'git push --help' for details.
2026-06-01 07:00:37 [INFO] waiver — ============================================================
2026-06-01 07:00:37 [INFO] waiver — Waiver Newsletter Pipeline — Season 2026
2026-06-01 07:00:37 [INFO] waiver — ============================================================
2026-06-01 07:00:37 [INFO] waiver.league_api — Refreshing SC bearer token via Auth0...
2026-06-01 07:00:37 [INFO] waiver.league_api — SC token refreshed successfully.
2026-06-01 07:00:37 [INFO] waiver — [1/9] Fetching player ownership from SC in-season league API...
2026-06-01 07:00:37 [INFO] waiver.league_api — Fetching player status from https://www.supercoach.com.au/2026/api/afl/draft/v1/leagues/14889/playersStatus
2026-06-01 07:00:38 [INFO] waiver.league_api — Fetched status for 812 players; 627 are available (waiver).
2026-06-01 07:00:38 [INFO] waiver — [2/9] Fetching live injury and suspension data...
2026-06-01 07:00:38 [INFO] waiver.league_api — Fetching live player injury data from SC API...
2026-06-01 07:00:39 [INFO] waiver.league_api — Fetched injury data for 812 players; 214 have active injury/suspension.
2026-06-01 07:00:39 [INFO] waiver — Injury cache updated: 214 active injuries.
2026-06-01 07:00:39 [INFO] waiver — [3/9] Loading SC player list...
2026-06-01 07:00:40 [INFO] waiver.data_loader — Loaded 781 players from player list.
2026-06-01 07:00:40 [INFO] waiver — Using round: 12
2026-06-01 07:00:40 [INFO] waiver — [4b] Scraping/processing fanfooty data for 2026 R1–R13 (probing +1)...
2026-06-01 07:00:40 [INFO] waiver — Scraping FanFooty raw data for 2026 R13...
2026-06-01 07:00:40 [INFO] root — Fetching fixture data from: https://www.fanfooty.com.au/game/archive.php?year=2026
2026-06-01 07:00:40 [WARNING] root — Could not find header for 'Round 13' for 2026.
2026-06-01 07:00:40 [INFO] waiver — No match IDs for 2026 R13 — round not yet played, skipping.
2026-06-01 07:00:40 [INFO] waiver — Round confirmed after scrape: 12
2026-06-01 07:00:42 [INFO] waiver — master_fanfooty_data.csv already up to date for 2026 R1–R12
2026-06-01 07:00:42 [INFO] waiver — [4d-pre] Downloading SC player-round data for 2026 R1–R12...
2026-06-01 07:00:43 [INFO] download_2026_statspacks —   Round 1: 812 players saved \u2192 players_round_1.json
2026-06-01 07:00:45 [INFO] download_2026_statspacks —   Round 2: 812 players saved \u2192 players_round_2.json
2026-06-01 07:00:47 [INFO] download_2026_statspacks —   Round 3: 812 players saved \u2192 players_round_3.json
2026-06-01 07:00:49 [INFO] download_2026_statspacks —   Round 4: 812 players saved \u2192 players_round_4.json
2026-06-01 07:00:51 [INFO] download_2026_statspacks —   Round 5: 812 players saved \u2192 players_round_5.json
2026-06-01 07:00:53 [INFO] download_2026_statspacks —   Round 6: 812 players saved \u2192 players_round_6.json
2026-06-01 07:00:54 [INFO] download_2026_statspacks —   Round 7: 812 players saved \u2192 players_round_7.json
2026-06-01 07:00:56 [INFO] download_2026_statspacks —   Round 8: 812 players saved \u2192 players_round_8.json
2026-06-01 07:00:58 [INFO] download_2026_statspacks —   Round 9: 812 players saved \u2192 players_round_9.json
2026-06-01 07:01:00 [INFO] download_2026_statspacks —   Round 10: 812 players saved \u2192 players_round_10.json
2026-06-01 07:01:02 [INFO] download_2026_statspacks —   Round 11: 812 players saved \u2192 players_round_11.json
2026-06-01 07:01:04 [INFO] download_2026_statspacks —   Round 12: 812 players saved \u2192 players_round_12.json
2026-06-01 07:01:05 [INFO] download_2026_statspacks — Player rounds download complete: 12 downloaded, 0 skipped, 0 errors
2026-06-01 07:01:09 [INFO] waiver.fixture_schedule — AFL fixture loaded: 207 games across rounds 0–24.
2026-06-01 07:01:09 [INFO] waiver — [4e] Refreshing website outputs (ladder, fixtures, player match results)...
2026-06-01 07:01:09 [INFO] waiver.league_api — Refreshing SC bearer token via Auth0...
2026-06-01 07:01:10 [INFO] waiver.league_api — SC token refreshed successfully.
2026-06-01 07:01:20 [INFO] website.data.api_ingest — Detected current round: 12
2026-06-01 07:01:34 [INFO] website.data.api_ingest — Processing 2026 data for rounds 1..12
2026-06-01 07:01:34 [INFO] website.data.api_ingest — ladder.csv: 96 rows
2026-06-01 07:01:34 [INFO] website.data.api_ingest — fixture_results_by_team.csv: 96 rows
2026-06-01 07:01:34 [INFO] website.data.api_ingest — player_match_results.csv: 2208 rows
2026-06-01 07:01:34 [INFO] website.data.api_ingest — player_stats_current.csv: 2208 rows
2026-06-01 07:01:34 [INFO] waiver.league_api — Fetching player status from https://www.supercoach.com.au/2026/api/afl/draft/v1/leagues/14889/playersStatus
2026-06-01 07:01:34 [INFO] waiver.league_api — Fetched status for 812 players; 627 are available (waiver).
2026-06-01 07:01:34 [INFO] website.data.api_ingest — current_teams.csv: 184 players
2026-06-01 07:01:35 [INFO] website.data.api_ingest — Saved league_fixtures.json (21 rounds)
2026-06-01 07:01:36 [INFO] website.data.api_ingest — fixture_schedule_2026.csv: 84 matchups
2026-06-01 07:01:37 [INFO] website.data.api_ingest — processedWaivers: 165 rows
2026-06-01 07:01:37 [INFO] website.data.api_ingest — Free Agent pickups (/trades): 158 rows
2026-06-01 07:01:38 [INFO] website.data.api_ingest — Team trades (/teamtrades): 16 rows from 6 approved trades
2026-06-01 07:01:38 [INFO] website.data.api_ingest — transactions.csv: 339 rows \u2192 G:\My Drive\projects\sc-player-data\data\live\transactions.csv
2026-06-01 07:01:39 [INFO] website.data.api_ingest — Saved processedWaivers \u2192 G:\My Drive\projects\sc-player-data\data\raw\supercoach\2026\leagues_14889_processedWaivers.json
2026-06-01 07:01:39 [INFO] website.data.api_ingest — Saved teamtrades \u2192 G:\My Drive\projects\sc-player-data\data\raw\supercoach\2026\leagues_14889_teamtrades.json
2026-06-01 07:01:39 [INFO] website.data.api_ingest — Saved trades \u2192 G:\My Drive\projects\sc-player-data\data\raw\supercoach\2026\leagues_14889_trades.json
2026-06-01 07:01:40 [INFO] website.data.api_ingest — Saved playersStatus \u2192 G:\My Drive\projects\sc-player-data\data\raw\supercoach\2026\leagues_4199_playersStatus.json
2026-06-01 07:01:40 [INFO] website.data.api_ingest — Saved recap \u2192 G:\My Drive\projects\sc-player-data\data\raw\supercoach\2026\leagues_14889_recap.json
2026-06-01 07:01:40 [INFO] website.data.api_ingest — Saved me \u2192 me.json
2026-06-01 07:01:41 [INFO] website.data.api_ingest — Saved real_fixture \u2192 real_fixture.json
2026-06-01 07:01:42 [INFO] website.data.api_ingest — Saved players \u2192 players_cf_embed=notes,odds,player_stats,positions,player_match_stats&round=1.json
2026-06-01 07:01:42 [INFO] website.data.api_ingest — Saved players \u2192 players_cf_embed=notes,odds,player_stats,positions,player_match_stats&round=2.json
2026-06-01 07:01:43 [INFO] website.data.api_ingest — Saved players \u2192 players_cf_embed=notes,odds,player_stats,positions,player_match_stats&round=3.json
2026-06-01 07:01:44 [INFO] website.data.api_ingest — Saved players \u2192 players_cf_embed=notes,odds,player_stats,positions,player_match_stats&round=4.json
2026-06-01 07:01:44 [INFO] website.data.api_ingest — Saved players \u2192 players_cf_embed=notes,odds,player_stats,positions,player_match_stats&round=5.json
2026-06-01 07:01:45 [INFO] website.data.api_ingest — Saved players \u2192 players_cf_embed=notes,odds,player_stats,positions,player_match_stats&round=6.json
2026-06-01 07:01:46 [INFO] website.data.api_ingest — Saved players \u2192 players_cf_embed=notes,odds,player_stats,positions,player_match_stats&round=7.json
2026-06-01 07:01:47 [INFO] website.data.api_ingest — Saved players \u2192 players_cf_embed=notes,odds,player_stats,positions,player_match_stats&round=8.json
2026-06-01 07:01:47 [INFO] website.data.api_ingest — Saved players \u2192 players_cf_embed=notes,odds,player_stats,positions,player_match_stats&round=9.json
2026-06-01 07:01:48 [INFO] website.data.api_ingest — Saved players \u2192 players_cf_embed=notes,odds,player_stats,positions,player_match_stats&round=10.json
2026-06-01 07:01:49 [INFO] website.data.api_ingest — Saved players \u2192 players_cf_embed=notes,odds,player_stats,positions,player_match_stats&round=11.json
2026-06-01 07:01:50 [INFO] website.data.api_ingest — Saved players \u2192 players_cf_embed=notes,odds,player_stats,positions,player_match_stats&round=12.json
2026-06-01 07:01:50 [INFO] website.data.api_ingest — Refresh complete: 96 ladder, 96 fixture, 2208 player-match rows (rounds 1–12).
2026-06-01 07:01:54 [INFO] waiver — [4f] Updating master_player_data.csv with 2026 current-season data...
2026-06-01 07:01:54 [INFO] root — Step 3: Preparing fanfooty enrichment data...
2026-06-01 07:01:55 [INFO] root —   Loaded 137065 fanfooty records
2026-06-01 07:01:55 [INFO] root —   Prepared 133354 unique fanfooty enrichment records
2026-06-01 07:01:55 [INFO] root — update_current_season: fanfooty enrichment matched 1781/2208 rows
2026-06-01 07:01:55 [INFO] root — Loading DFS Australia data...
2026-06-01 07:01:55 [INFO] root —   Loaded 2274 DFS rows across 1 seasons
2026-06-01 07:01:55 [INFO] root — Merging DFS Australia data...
2026-06-01 07:01:55 [INFO] root —   DFS merge: 798/2208 rows matched on CBA%
2026-06-01 07:01:58 [INFO] root — update_current_season: added 2208 rows for 2026 \u2192 data\processed\master_player_data.csv
2026-06-01 07:01:58 [INFO] waiver — [4f] master_player_data.csv: 2208 rows added for 2026.
2026-06-01 07:01:58 [INFO] waiver — [4g] Round 13 predictions already exist — skipping generation.
2026-06-01 07:01:58 [INFO] waiver — [4/9] Loading current-season scores...
2026-06-01 07:01:59 [INFO] waiver.data_loader — Loaded 2026 season scores from SC API (12 rounds) + fanfooty supplement: 600 players.
2026-06-01 07:01:59 [INFO] waiver — [4b-validate] Validating round 12 data coverage...
2026-06-01 07:01:59 [INFO] root — Fetching fixture data from: https://www.fanfooty.com.au/game/archive.php?year=2026
2026-06-01 07:02:00 [INFO] root — Found 7 unique matches for Round 12: ['9800', '9801', '9802', '9803', '9804', '9805', '9806']
2026-06-01 07:02:00 [WARNING] waiver — VALIDATION: FanFooty R12 has 1/7 raw files. Incomplete scrape — will re-download.
2026-06-01 07:02:00 [INFO] waiver — Re-scraping FanFooty for 2026 R12 (7 games)...
2026-06-01 07:02:00 [INFO] root — Successfully saved: 9800.txt
2026-06-01 07:02:00 [INFO] root — Successfully saved: 9801.txt
2026-06-01 07:02:00 [INFO] root — Successfully saved: 9802.txt
2026-06-01 07:02:00 [INFO] root — Successfully saved: 9803.txt
2026-06-01 07:02:00 [INFO] root — Successfully saved: 9804.txt
2026-06-01 07:02:00 [INFO] root — Successfully saved: 9805.txt
2026-06-01 07:02:00 [INFO] root — Successfully saved: 9806.txt
2026-06-01 07:02:00 [INFO] waiver — Repaired: saved G:\My Drive\projects\sc-player-data\data\processed\2026_round_12_fanfooty_data.csv (322 rows)
2026-06-01 07:02:01 [INFO] waiver — [4c] Fetching lineup for round 13...
2026-06-01 07:02:01 [INFO] waiver.league_api — Fetching lineup from https://www.supercoach.com.au/2026/api/afl/draft/v1/userteams/136934/statsPlayers?round=13
2026-06-01 07:02:01 [ERROR] waiver.league_api — statsPlayers API request failed: 502 Server Error: Bad Gateway for url: https://www.supercoach.com.au/2026/api/afl/draft/v1/userteams/136934/statsPlayers?round=13
2026-06-01 07:02:01 [WARNING] waiver — Could not fetch lineup — on-field/bench split will be inaccurate.
2026-06-01 07:02:01 [INFO] waiver — [4d] Refreshing coach list from SC API ladder...
2026-06-01 07:02:01 [INFO] waiver.league_api — Refreshing SC bearer token via Auth0...
2026-06-01 07:02:01 [INFO] waiver.league_api — SC token refreshed successfully.
2026-06-01 07:02:01 [INFO] waiver.league_api — Fetching league teams from https://www.supercoach.com.au/2026/api/afl/draft/v1/leagues/14889/ladderAndFixtures?round=12&scores=true
2026-06-01 07:02:02 [INFO] waiver.league_api — Fetched 8 teams from ladder league 14889 (round 12).
2026-06-01 07:02:02 [INFO] waiver — coach_list.csv refreshed with 8 teams \u2192 G:\My Drive\projects\sc-player-data\data\live\coach_list.csv
2026-06-01 07:02:02 [INFO] waiver — [5/9] Building player table...
2026-06-01 07:02:02 [WARNING] waiver.data_loader — No lineup data — treating all roster players as on field.
2026-06-01 07:02:02 [INFO] waiver.data_loader — Player table built: 781 total, 598 free agents, 23 on my roster, 0 on my roster with injury/suspension.
2026-06-01 07:02:02 [INFO] waiver — [6/9] Loading historical fanfooty data and computing metrics...
2026-06-01 07:02:14 [INFO] waiver.data_loader — Loaded 136927 historical game records across 16 seasons.
2026-06-01 07:02:17 [INFO] waiver.metrics — Metrics computed for 781 players. Replacement levels: {'DEF': '82.5', 'MID': '94.1', 'RUC': '82.3', 'FWD': '101.7', 'FLEX': '101.7'}
2026-06-01 07:02:17 [INFO] waiver — [7/9] Loading model predictions...
2026-06-01 07:02:17 [INFO] waiver.data_loader — Loaded Round 13 predictions: 612 players, avg projected score = 57.6.
2026-06-01 07:02:17 [INFO] waiver — Predictions for Round 13 merged: 610 players have projected scores.
2026-06-01 07:02:17 [INFO] waiver — [7b] Applying historical sanity checks to model predictions...
2026-06-01 07:02:17 [INFO] waiver — P(100+) corrected for 15 players based on historical ceiling.
2026-06-01 07:02:17 [INFO] waiver — P(80+) sanity cap applied to players with 2026 actual data.
2026-06-01 07:02:17 [INFO] waiver — Metrics ready: 781 players total, 598 free agents, 23 on my roster, 0 injured on-field.
2026-06-01 07:02:29 [INFO] waiver.dvp — DVP table built: 72 team-position entries from last 6 rounds
2026-06-01 07:02:29 [INFO] root — Fetching fixture for 2026 Round 13 from JSON feed...
2026-06-01 07:02:30 [INFO] root — Successfully built fixture map for 16 teams.
2026-06-01 07:02:30 [INFO] waiver — [7b-pre] DVP table ready (72 entries), 695 player ranks computed.
2026-06-01 07:02:30 [INFO] waiver — [7c] Scoring mid-year jumper and streamer candidates...
2026-06-01 07:02:30 [INFO] waiver.jumper_scorer — Loaded 4646 2026 fanfooty rows across 12 rounds.
2026-06-01 07:02:30 [INFO] waiver.jumper_scorer — Loaded 2026 CBA data: 1511 rows, max round 7.
2026-06-01 07:02:30 [INFO] waiver.jumper_scorer — Scoring 287 FA candidates (avg < 85, games >= 5) for R12 jumper/streamer signals.
2026-06-01 07:02:30 [INFO] waiver.jumper_scorer — Jumper candidates: 33 (score >= 0.55, career/avg3 ceiling) | Streamer candidates: 9 (signals >= 2, avg3 >= 80)
2026-06-01 07:02:30 [INFO] waiver — Jumper/streamer scoring done: 5 mover candidates, 5 streamer candidates.
2026-06-01 07:02:30 [INFO] waiver — [8b] Refreshing AFL fixture schedule...
2026-06-01 07:02:31 [INFO] waiver.fixture_schedule — AFL fixture loaded: 207 games across rounds 0–24.
2026-06-01 07:02:31 [INFO] waiver.fixture_schedule — waiver_schedule.bat updated — 12 future rounds scheduled. Run as Administrator: G:\My Drive\projects\sc-player-data\waiver_schedule.bat
2026-06-01 07:02:31 [INFO] waiver — waiver_schedule.bat updated — newsletter will prompt re-registration.
2026-06-01 07:02:31 [INFO] waiver — [8c] Computing DVP matchup intel (reusing pre-built table)...
2026-06-01 07:02:31 [INFO] root — Fetching fixture for 2026 Round 13 from JSON feed...
2026-06-01 07:02:31 [INFO] root — Successfully built fixture map for 16 teams.
2026-06-01 07:02:31 [INFO] root — Fetching fixture for 2026 Round 14 from JSON feed...
2026-06-01 07:02:31 [INFO] root — Successfully built fixture map for 14 teams.
2026-06-01 07:02:31 [INFO] root — Fetching fixture for 2026 Round 15 from JSON feed...
2026-06-01 07:02:31 [INFO] root — Successfully built fixture map for 14 teams.
2026-06-01 07:02:31 [INFO] waiver — DVP done: 10 matchup targets, 5 schedule streamers.
2026-06-01 07:02:31 [INFO] waiver — [9/9] Generating newsletter...
2026-06-01 07:03:04 [INFO] httpx — HTTP Request: POST https://api.anthropic.com/v1/messages "HTTP/1.1 200 OK"
2026-06-01 07:03:08 [INFO] httpx — HTTP Request: POST https://api.anthropic.com/v1/messages "HTTP/1.1 200 OK"
2026-06-01 07:03:13 [INFO] httpx — HTTP Request: POST https://api.anthropic.com/v1/messages "HTTP/1.1 200 OK"
2026-06-01 07:03:19 [INFO] httpx — HTTP Request: POST https://api.anthropic.com/v1/messages "HTTP/1.1 200 OK"
2026-06-01 07:03:19 [INFO] waiver.newsletter — Newsletter written to G:\My Drive\projects\sc-player-data\reports\waiver_2026_rd12_2026-06-01.md
2026-06-01 07:03:19 [INFO] waiver — Emailing newsletter to richardsmark@outlook.com...
2026-06-01 07:03:26 [INFO] waiver.emailer — Newsletter emailed to richardsmark@outlook.com.
2026-06-01 07:03:26 [INFO] waiver — [10/10] Deploying static site to GitHub Pages...
2026-06-01 07:03:26 [INFO] deploy_github_pages — Building static site...
2026-06-01 07:04:09 [INFO] deploy_github_pages — Static site built.
2026-06-01 07:04:09 [INFO] deploy_github_pages — Updating existing clone in C:\Users\Richa\AppData\Local\Temp\asl-hub-deploy...
2026-06-01 07:04:10 [WARNING] deploy_github_pages — git fetch failed (fatal: not a git repository (or any of the parent directories): .git) — removing stale cache and re-cloning.
2026-06-01 07:04:10 [INFO] deploy_github_pages — Cloning https://github.com/mark-richards/asl-hub.git to C:\Users\Richa\AppData\Local\Temp\asl-hub-deploy...
2026-06-01 07:04:10 [ERROR] deploy_github_pages — git clone failed: fatal: destination path 'C:\Users\Richa\AppData\Local\Temp\asl-hub-deploy' already exists and is not an empty directory.
2026-06-01 07:04:10 [WARNING] waiver — GitHub Pages deploy failed — site may be stale. Run: py deploy_github_pages.py
2026-06-01 07:04:10 [INFO] waiver — Done. Newsletter saved to: G:\My Drive\projects\sc-player-data\reports\waiver_2026_rd12_2026-06-01.md
  / -> docs/index.html
  /records -> docs/records/index.html
  /power-rankings -> docs/power-rankings/index.html
  /draft-heat-map -> docs/draft-heat-map/index.html
  /acquisition -> docs/acquisition/index.html
  /coach/Anthony -> docs/coach/Anthony/index.html
  /coach/James -> docs/coach/James/index.html
  /coach/Jordan -> docs/coach/Jordan/index.html
  /coach/Lester -> docs/coach/Lester/index.html
  /coach/Luke -> docs/coach/Luke/index.html
  /coach/Mark -> docs/coach/Mark/index.html
  /coach/Paul -> docs/coach/Paul/index.html
  /coach/Simon -> docs/coach/Simon/index.html

Static site built -> docs/  (13 pages)
docs\index.html
docs\static\css\custom.css
docs\static\images\afl_field.png
docs\static\images\afl_teams_sprite.svg
docs\static\images\coaches\Anthony_2022.png
docs\static\images\coaches\James_2022.png
docs\static\images\coaches\Jordan_2022.png
docs\static\images\coaches\Lester_2022.png
docs\static\images\coaches\Luke_2022.png
docs\static\images\coaches\Mark_2022.png
docs\static\images\coaches\Paul_2022.png
docs\static\images\coaches\Simon_2022.png
docs\records\index.html
docs\power-rankings\index.html
docs\draft-heat-map\index.html
docs\acquisition\index.html
docs\coach\Anthony\index.html
docs\coach\James\index.html
docs\coach\Jordan\index.html
docs\coach\Lester\index.html
docs\coach\Luke\index.html
docs\coach\Mark\index.html
docs\coach\Paul\index.html
docs\coach\Simon\index.html
24 File(s) copied
[main aa7b133] Weekly update
 12 files changed, 8018 insertions(+), 5359 deletions(-)
fatal: Unable to persist credentials with the 'wincredman' credential store.
See https://aka.ms/gcm/credstores for more information.
bash: line 1: /dev/tty: No such device or address
error: failed to execute prompt script (exit code 1)
fatal: could not read Username for 'https://github.com': No such file or directory
2026-06-09 11:53:52 [INFO] waiver — ============================================================
2026-06-09 11:53:52 [INFO] waiver — Waiver Newsletter Pipeline — Season 2026
2026-06-09 11:53:52 [INFO] waiver — ============================================================
2026-06-09 11:53:55 [INFO] afl_news_scraper — News DB is stale — running scraper...
2026-06-09 11:53:55 [INFO] afl_news_scraper — Database ready: data\afl_news.db
2026-06-09 11:53:55 [INFO] afl_news_scraper — Loaded 780 players from draft_prep\SC 2026\2026_SC_Player_list.csv
2026-06-09 11:54:11 [INFO] afl_news_scraper — === Scraping 3 pages from AFL.com.au/news ===
2026-06-09 11:54:11 [INFO] afl_news_scraper — Fetching listing: https://www.afl.com.au/news/all-news
2026-06-09 11:54:41 [WARNING] afl_news_scraper — Timeout waiting for networkidle — proceeding with DOM as-is
2026-06-09 11:54:41 [INFO] afl_news_scraper —   Found 12 article links
2026-06-09 11:54:41 [INFO] afl_news_scraper — Loading page 2 of 3…
2026-06-09 11:54:49 [WARNING] afl_news_scraper —   No 'Load more' button found — trying URL param ?page=2
2026-06-09 11:54:49 [INFO] afl_news_scraper — Fetching listing: https://www.afl.com.au/news/all-news?page=2
2026-06-09 11:54:52 [INFO] afl_news_scraper —   Found 12 article links
2026-06-09 11:54:54 [INFO] afl_news_scraper — Loading page 3 of 3…
2026-06-09 11:54:54 [INFO] afl_news_scraper —   Clicked 'button:has-text("Show more")'
2026-06-09 11:54:55 [INFO] afl_news_scraper —   Total articles after page 3: 24
2026-06-09 11:54:55 [INFO] afl_news_scraper — Total article links collected: 24
2026-06-09 11:55:00 [INFO] afl_news_scraper —   Fetching article: https://www.afl.com.au/news/1537749/he-ignites-the-group-harris-andrews-relishin…
2026-06-09 11:55:01 [INFO] afl_news_scraper —   Bold candidates: []
2026-06-09 11:55:06 [INFO] afl_news_scraper —   Fetching article: https://www.afl.com.au/news/1536285/team-whispers-all-the-latest-selection-news-…
2026-06-09 11:55:06 [INFO] afl_news_scraper —   Bold candidates: []
2026-06-09 11:55:11 [INFO] afl_news_scraper —   Fetching article: https://www.afl.com.au/news/1537731/r14-preview-all-eyes-on-high-stakes-clashes-…
2026-06-09 11:55:11 [INFO] afl_news_scraper —   Bold candidates: ['What it means', 'Game shapers', 'Tim English', 'Daniel Curtin', 'What it means']…
2026-06-09 11:55:12 [INFO] afl_news_scraper —     What it means             [UNRESOLVED] \u2192 UNRESOLVED | tags=[]
2026-06-09 11:55:12 [INFO] afl_news_scraper —     Game shapers              [UNRESOLVED] \u2192 UNRESOLVED | tags=[]
2026-06-09 11:55:12 [INFO] afl_news_scraper —     Tim English               [EXACT] \u2192 English | tags=[]
2026-06-09 11:55:12 [INFO] afl_news_scraper —     Daniel Curtin             [EXACT] \u2192 Curtin | tags=[]
2026-06-09 11:55:12 [INFO] afl_news_scraper —     Gryan Miers               [EXACT] \u2192 Miers | tags=['injury']
2026-06-09 11:55:12 [INFO] afl_news_scraper —     John Noble                [EXACT] \u2192 Noble | tags=['role_change']
2026-06-09 11:55:12 [INFO] afl_news_scraper —     Bayley Fritsch            [EXACT] \u2192 Fritsch | tags=[]
2026-06-09 11:55:12 [INFO] afl_news_scraper —     Mason Redman              [EXACT] \u2192 Redman | tags=[]
2026-06-09 11:55:12 [INFO] afl_news_scraper —     Luke Davies-Uniacke       [EXACT] \u2192 Davies-Uniacke | tags=['form']
2026-06-09 11:55:12 [INFO] afl_news_scraper —     Jake Waterman             [EXACT] \u2192 Waterman | tags=['role_change']
2026-06-09 11:55:12 [INFO] afl_news_scraper —     Esava Ratugolea           [EXACT] \u2192 Ratugolea | tags=['form']
2026-06-09 11:55:12 [INFO] afl_news_scraper —     Jai Serong                [EXACT] \u2192 Serong | tags=['selection']
2026-06-09 11:55:12 [INFO] afl_news_scraper —     Jacob Hopper              [EXACT] \u2192 Hopper | tags=['role_change']
2026-06-09 11:55:12 [INFO] afl_news_scraper —     Harris Andrews            [EXACT] \u2192 Andrews | tags=[]
2026-06-09 11:55:12 [INFO] afl_news_scraper —     Liam Ryan                 [EXACT] \u2192 Ryan | tags=[]
2026-06-09 11:55:13 [INFO] afl_news_scraper —     Finn Callaghan            [EXACT] \u2192 Callaghan | tags=[]
2026-06-09 11:55:16 [INFO] afl_news_scraper —   Fetching article: https://www.afl.com.au/aflw/news/1536920/around-the-state-leagues…
2026-06-09 11:55:17 [INFO] afl_news_scraper —   Bold candidates: ['Stevie-Lee Thompson', 'Iilish Ross', 'Aprille Crooks', 'Hope Taylor', 'Nikki Nield']…
2026-06-09 11:55:17 [INFO] afl_news_scraper —     Stevie-Lee Thompson       [UNRESOLVED] \u2192 UNRESOLVED | tags=[]
2026-06-09 11:55:17 [INFO] afl_news_scraper —     Iilish Ross               [SURNAME] \u2192 Ross | tags=[]
2026-06-09 11:55:17 [INFO] afl_news_scraper —     Aprille Crooks            [UNRESOLVED] \u2192 UNRESOLVED | tags=[]
2026-06-09 11:55:17 [INFO] afl_news_scraper —     Hope Taylor               [SURNAME] \u2192 Taylor | tags=[]
2026-06-09 11:55:17 [INFO] afl_news_scraper —     Nikki Nield               [UNRESOLVED] \u2192 UNRESOLVED | tags=[]
2026-06-09 11:55:17 [INFO] afl_news_scraper —     Isla Wiencke              [UNRESOLVED] \u2192 UNRESOLVED | tags=['selection']
2026-06-09 11:55:17 [INFO] afl_news_scraper —     Kiana Lee                 [UNRESOLVED] \u2192 UNRESOLVED | tags=['selection']
2026-06-09 11:55:17 [INFO] afl_news_scraper —     Julia Faulkner            [UNRESOLVED] \u2192 UNRESOLVED | tags=[]
2026-06-09 11:55:17 [INFO] afl_news_scraper —     Cheryllee Waters          [UNRESOLVED] \u2192 UNRESOLVED | tags=[]
2026-06-09 11:55:17 [INFO] afl_news_scraper —     Lauren Breguet            [UNRESOLVED] \u2192 UNRESOLVED | tags=[]
2026-06-09 11:55:17 [INFO] afl_news_scraper —     Annelise Lovell           [UNRESOLVED] \u2192 UNRESOLVED | tags=[]
2026-06-09 11:55:17 [INFO] afl_news_scraper —     Kirra Tonkin              [UNRESOLVED] \u2192 UNRESOLVED | tags=[]
2026-06-09 11:55:17 [INFO] afl_news_scraper —     Isobel Kuiper             [UNRESOLVED] \u2192 UNRESOLVED | tags=[]
2026-06-09 11:55:17 [INFO] afl_news_scraper —     Amelia Rusden             [UNRESOLVED] \u2192 UNRESOLVED | tags=[]
2026-06-09 11:55:18 [INFO] afl_news_scraper —     Lucy Schneider            [UNRESOLVED] \u2192 UNRESOLVED | tags=[]
2026-06-09 11:55:18 [INFO] afl_news_scraper —     Tilayna Nissen            [UNRESOLVED] \u2192 UNRESOLVED | tags=['role_change']
2026-06-09 11:55:18 [INFO] afl_news_scraper —     Zimmorlei Farquharson     [UNRESOLVED] \u2192 UNRESOLVED | tags=['role_change']
2026-06-09 11:55:18 [INFO] afl_news_scraper —     Layla Collins             [SURNAME] \u2192 Collins | tags=['role_change']
2026-06-09 11:55:18 [INFO] afl_news_scraper —     Emmerson Brady            [UNRESOLVED] \u2192 UNRESOLVED | tags=[]
2026-06-09 11:55:18 [INFO] afl_news_scraper —     Jade Brazier              [UNRESOLVED] \u2192 UNRESOLVED | tags=[]
2026-06-09 11:55:18 [INFO] afl_news_scraper —     Stella Scott              [SURNAME] \u2192 Scott | tags=[]
2026-06-09 11:55:18 [INFO] afl_news_scraper —     Laura Roy                 [UNRESOLVED] \u2192 UNRESOLVED | tags=[]
2026-06-09 11:55:18 [INFO] afl_news_scraper —     Asia Single               [UNRESOLVED] \u2192 UNRESOLVED | tags=['form']
2026-06-09 11:55:18 [INFO] afl_news_scraper —     Maddy Baldwin             [UNRESOLVED] \u2192 UNRESOLVED | tags=['form']
2026-06-09 11:55:18 [INFO] afl_news_scraper —     Tayla Christensen         [UNRESOLVED] \u2192 UNRESOLVED | tags=[]
2026-06-09 11:55:18 [INFO] afl_news_scraper —     Stephanie O'Brien         [UNRESOLVED] \u2192 UNRESOLVED | tags=[]
2026-06-09 11:55:18 [INFO] afl_news_scraper —     Kendra Blattman           [UNRESOLVED] \u2192 UNRESOLVED | tags=[]
2026-06-09 11:55:18 [INFO] afl_news_scraper —     Ella Smith                [UNRESOLVED] \u2192 UNRESOLVED | tags=[]
2026-06-09 11:55:18 [INFO] afl_news_scraper —     Jessica Stallard          [UNRESOLVED] \u2192 UNRESOLVED | tags=['selection']
2026-06-09 11:55:18 [INFO] afl_news_scraper —     Luka Yoshida-Martin       [UNRESOLVED] \u2192 UNRESOLVED | tags=['selection']
2026-06-09 11:55:19 [INFO] afl_news_scraper —     Eva Sartor                [UNRESOLVED] \u2192 UNRESOLVED | tags=[]
2026-06-09 11:55:19 [INFO] afl_news_scraper —     Sabreena McKinnon         [UNRESOLVED] \u2192 UNRESOLVED | tags=[]
2026-06-09 11:55:19 [INFO] afl_news_scraper —     Ellee McEvoy              [UNRESOLVED] \u2192 UNRESOLVED | tags=['role_change']
2026-06-09 11:55:19 [INFO] afl_news_scraper —     Ashlee Atkins             [SURNAME] \u2192 Atkins | tags=['role_change', 'selection']
2026-06-09 11:55:19 [INFO] afl_news_scraper —     Matilda Husband           [UNRESOLVED] \u2192 UNRESOLVED | tags=['role_change', 'form', 'selection']
2026-06-09 11:55:19 [INFO] afl_news_scraper —     Paige Sheppard            [UNRESOLVED] \u2192 UNRESOLVED | tags=['role_change', 'form']
2026-06-09 11:55:19 [INFO] afl_news_scraper —     Lisa Steane               [UNRESOLVED] \u2192 UNRESOLVED | tags=[]
2026-06-09 11:55:19 [INFO] afl_news_scraper —     Ashley Sharp              [SURNAME] \u2192 Sharp | tags=[]
2026-06-09 11:55:19 [INFO] afl_news_scraper —     Summer Yarran             [UNRESOLVED] \u2192 UNRESOLVED | tags=[]
2026-06-09 11:55:19 [INFO] afl_news_scraper —     Taylah Edwards            [UNRESOLVED] \u2192 UNRESOLVED | tags=[]
2026-06-09 11:55:19 [INFO] afl_news_scraper —     Jaime Henry               [UNRESOLVED] \u2192 UNRESOLVED | tags=[]
2026-06-09 11:55:19 [INFO] afl_news_scraper —     Rebekah Cornwill          [UNRESOLVED] \u2192 UNRESOLVED | tags=[]
2026-06-09 11:55:19 [INFO] afl_news_scraper —     Natasha Entwistle         [UNRESOLVED] \u2192 UNRESOLVED | tags=[]
2026-06-09 11:55:19 [INFO] afl_news_scraper —     Jessica Watts             [UNRESOLVED] \u2192 UNRESOLVED | tags=['selection']
2026-06-09 11:55:19 [INFO] afl_news_scraper —     Elissa Price              [UNRESOLVED] \u2192 UNRESOLVED | tags=['selection']
2026-06-09 11:55:19 [INFO] afl_news_scraper —     Courtney Aughtie          [UNRESOLVED] \u2192 UNRESOLVED | tags=[]
2026-06-09 11:55:19 [INFO] afl_news_scraper —     Grace Hodder              [UNRESOLVED] \u2192 UNRESOLVED | tags=['selection']
2026-06-09 11:55:20 [INFO] afl_news_scraper —     Lucy Marescuk             [UNRESOLVED] \u2192 UNRESOLVED | tags=['form', 'selection']
2026-06-09 11:55:20 [INFO] afl_news_scraper —     Erica Fowler              [UNRESOLVED] \u2192 UNRESOLVED | tags=[]
2026-06-09 11:55:20 [INFO] afl_news_scraper —     Sarah Sansonetti          [UNRESOLVED] \u2192 UNRESOLVED | tags=[]
2026-06-09 11:55:20 [INFO] afl_news_scraper —     Caitlin Bunker            [UNRESOLVED] \u2192 UNRESOLVED | tags=['form', 'selection']
2026-06-09 11:55:20 [INFO] afl_news_scraper —     Dom Carbone               [UNRESOLVED] \u2192 UNRESOLVED | tags=[]
2026-06-09 11:55:20 [INFO] afl_news_scraper —     Felicity Mahoney          [UNRESOLVED] \u2192 UNRESOLVED | tags=[]
2026-06-09 11:55:20 [INFO] afl_news_scraper —     Meg Macdonald             [UNRESOLVED] \u2192 UNRESOLVED | tags=['role_change', 'form']
2026-06-09 11:55:20 [INFO] afl_news_scraper —     Brooke Sheridan           [UNRESOLVED] \u2192 UNRESOLVED | tags=[]
2026-06-09 11:55:20 [INFO] afl_news_scraper —     Renee Tierney             [UNRESOLVED] \u2192 UNRESOLVED | tags=['form']
2026-06-09 11:55:20 [INFO] afl_news_scraper —     Ava Read                  [SURNAME] \u2192 Read | tags=['form']
2026-06-09 11:55:20 [INFO] afl_news_scraper —     Tia Davidge               [UNRESOLVED] \u2192 UNRESOLVED | tags=[]
2026-06-09 11:55:20 [INFO] afl_news_scraper —     Christina Bernardi        [UNRESOLVED] \u2192 UNRESOLVED | tags=[]
2026-06-09 11:55:20 [INFO] afl_news_scraper —     Amelia Gladman            [UNRESOLVED] \u2192 UNRESOLVED | tags=[]
2026-06-09 11:55:20 [INFO] afl_news_scraper —     Ashlea Melnikas           [UNRESOLVED] \u2192 UNRESOLVED | tags=[]
2026-06-09 11:55:20 [INFO] afl_news_scraper —     Hannah Scott              [SURNAME] \u2192 Scott | tags=[]
2026-06-09 11:55:20 [INFO] afl_news_scraper —     Nell Morris-Dalton        [UNRESOLVED] \u2192 UNRESOLVED | tags=[]
2026-06-09 11:55:21 [INFO] afl_news_scraper —     Naomi Ferres              [UNRESOLVED] \u2192 UNRESOLVED | tags=[]
2026-06-09 11:55:21 [INFO] afl_news_scraper —     Mia Zielinski             [UNRESOLVED] \u2192 UNRESOLVED | tags=[]
2026-06-09 11:55:21 [INFO] afl_news_scraper —     Ellen Williams            [UNRESOLVED] \u2192 UNRESOLVED | tags=[]
2026-06-09 11:55:21 [INFO] afl_news_scraper —     Mia Caffrey               [UNRESOLVED] \u2192 UNRESOLVED | tags=[]
2026-06-09 11:55:21 [INFO] afl_news_scraper —   Fetching article: https://www.afl.com.au/news/1536396/the-fremantle-dockers-are-flying-but-what-do…
2026-06-09 11:55:22 [INFO] afl_news_scraper —   Bold candidates: []
2026-06-09 11:55:26 [INFO] afl_news_scraper —   Fetching article: https://www.afl.com.au/aflw/news/1484464/aflw-pocket-profile-heidi-woodley…
2026-06-09 11:55:27 [INFO] afl_news_scraper —   Bold candidates: []
2026-06-09 11:55:30 [INFO] afl_news_scraper —   Fetching article: https://www.afl.com.au/news/1537277/hopes-star-west-coast-eagle-reuben-ginbey-co…
2026-06-09 11:55:31 [INFO] afl_news_scraper —   Bold candidates: []
2026-06-09 11:55:34 [INFO] afl_news_scraper —   Fetching article: https://www.afl.com.au/news/1536387/listen-moves-to-make-after-first-bye-giant-t…
2026-06-09 11:55:35 [INFO] afl_news_scraper —   Bold candidates: ['FANTASY LATEST']
2026-06-09 11:55:35 [INFO] afl_news_scraper —     FANTASY LATEST            [UNRESOLVED] \u2192 UNRESOLVED | tags=[]
2026-06-09 11:55:39 [INFO] afl_news_scraper —   Fetching article: https://www.afl.com.au/news/1536318/the-verdict-is-in-crows-veteran-learns-fate-…
2026-06-09 11:55:40 [INFO] afl_news_scraper —   Bold candidates: []
2026-06-09 11:55:45 [INFO] afl_news_scraper —   Fetching article: https://www.afl.com.au/news/1532736/six-things-we-learned-antagonising-the-key-h…
2026-06-09 11:55:46 [INFO] afl_news_scraper —   Bold candidates: []
2026-06-09 11:55:51 [INFO] afl_news_scraper —   Fetching article: https://www.afl.com.au/news/1536324/reaction-time-your-clubs-urgency-index-after…
2026-06-09 11:55:52 [INFO] afl_news_scraper —   Bold candidates: []
2026-06-09 11:55:55 [INFO] afl_news_scraper —   Fetching article: https://www.afl.com.au/news/1536298/melbourne-demons-unclear-on-severity-of-brod…
2026-06-09 11:55:56 [INFO] afl_news_scraper —   Bold candidates: []
2026-06-09 11:55:56 [INFO] afl_news_scraper —   Already scraped: https://www.afl.com.au/news/1537749/he-ignites-the-group-har…
2026-06-09 11:55:56 [INFO] afl_news_scraper —   Already scraped: https://www.afl.com.au/news/1536285/team-whispers-all-the-la…
2026-06-09 11:55:56 [INFO] afl_news_scraper —   Already scraped: https://www.afl.com.au/news/1537731/r14-preview-all-eyes-on-…
2026-06-09 11:55:56 [INFO] afl_news_scraper —   Already scraped: https://www.afl.com.au/aflw/news/1536920/around-the-state-le…
2026-06-09 11:55:56 [INFO] afl_news_scraper —   Already scraped: https://www.afl.com.au/news/1536396/the-fremantle-dockers-ar…
2026-06-09 11:55:56 [INFO] afl_news_scraper —   Already scraped: https://www.afl.com.au/aflw/news/1484464/aflw-pocket-profile…
2026-06-09 11:55:56 [INFO] afl_news_scraper —   Already scraped: https://www.afl.com.au/news/1537277/hopes-star-west-coast-ea…
2026-06-09 11:55:56 [INFO] afl_news_scraper —   Already scraped: https://www.afl.com.au/news/1536387/listen-moves-to-make-aft…
2026-06-09 11:55:56 [INFO] afl_news_scraper —   Already scraped: https://www.afl.com.au/news/1536318/the-verdict-is-in-crows-…
2026-06-09 11:55:56 [INFO] afl_news_scraper —   Already scraped: https://www.afl.com.au/news/1532736/six-things-we-learned-an…
2026-06-09 11:55:56 [INFO] afl_news_scraper —   Already scraped: https://www.afl.com.au/news/1536324/reaction-time-your-clubs…
2026-06-09 11:55:56 [INFO] afl_news_scraper —   Already scraped: https://www.afl.com.au/news/1536298/melbourne-demons-unclear…
2026-06-09 11:56:00 [INFO] waiver.league_api — Refreshing SC bearer token via Auth0...
2026-06-09 11:56:01 [INFO] waiver.league_api — SC token refreshed successfully.
2026-06-09 11:56:01 [INFO] waiver — [1/9] Fetching player ownership from SC in-season league API...
2026-06-09 11:56:01 [INFO] waiver.league_api — Fetching player status from https://www.supercoach.com.au/2026/api/afl/draft/v1/leagues/14889/playersStatus
2026-06-09 11:56:01 [INFO] waiver.league_api — Fetched status for 812 players; 628 are available (waiver).
2026-06-09 11:56:01 [INFO] waiver — [2/9] Fetching live injury and suspension data...
2026-06-09 11:56:01 [INFO] waiver.league_api — Fetching live player injury data from SC API...
2026-06-09 11:56:03 [INFO] waiver.league_api — Fetched injury data for 812 players; 181 have active injury/suspension.
2026-06-09 11:56:03 [INFO] waiver — Injury cache updated: 181 active injuries.
2026-06-09 11:56:03 [INFO] waiver — [3/9] Loading SC player list...
2026-06-09 11:56:03 [INFO] waiver.data_loader — Loaded 781 players from player list.
2026-06-09 11:56:03 [INFO] waiver — Using round: 12
2026-06-09 11:56:03 [INFO] waiver — [4b] Scraping/processing fanfooty data for 2026 R1–R13 (probing +1)...
2026-06-09 11:56:03 [INFO] waiver — Scraping FanFooty raw data for 2026 R13...
2026-06-09 11:56:03 [INFO] root — Fetching fixture data from: https://www.fanfooty.com.au/game/archive.php?year=2026
2026-06-09 11:56:03 [INFO] root — Found 8 unique matches for Round 13: ['9807', '9808', '9809', '9810', '9811', '9812', '9813', '9814']
2026-06-09 11:56:04 [INFO] root — Successfully saved: 9807.txt
2026-06-09 11:56:04 [INFO] root — Successfully saved: 9808.txt
2026-06-09 11:56:04 [INFO] root — Successfully saved: 9809.txt
2026-06-09 11:56:04 [INFO] root — Successfully saved: 9810.txt
2026-06-09 11:56:04 [INFO] root — Successfully saved: 9811.txt
2026-06-09 11:56:04 [INFO] root — Successfully saved: 9812.txt
2026-06-09 11:56:04 [INFO] root — Successfully saved: 9813.txt
2026-06-09 11:56:04 [INFO] root — Successfully saved: 9814.txt
2026-06-09 11:56:04 [INFO] waiver — Processing FanFooty data for 2026 R13...
2026-06-09 11:56:05 [INFO] waiver — Saved G:\My Drive\projects\sc-player-data\data\processed\2026_round_13_fanfooty_data.csv
2026-06-09 11:56:05 [INFO] waiver — Round confirmed after scrape: 13
2026-06-09 11:56:22 [INFO] waiver — master_fanfooty_data.csv: appended 368 new rows for 2026 R1–R13
2026-06-09 11:56:22 [INFO] waiver — [4d-pre] Downloading SC player-round data for 2026 R1–R13...
2026-06-09 11:56:24 [INFO] download_2026_statspacks —   Round 1: 812 players saved \u2192 players_round_1.json
2026-06-09 11:56:25 [INFO] download_2026_statspacks —   Round 2: 812 players saved \u2192 players_round_2.json
2026-06-09 11:56:27 [INFO] download_2026_statspacks —   Round 3: 812 players saved \u2192 players_round_3.json
2026-06-09 11:56:30 [INFO] download_2026_statspacks —   Round 4: 812 players saved \u2192 players_round_4.json
2026-06-09 11:56:32 [INFO] download_2026_statspacks —   Round 5: 812 players saved \u2192 players_round_5.json
2026-06-09 11:56:34 [INFO] download_2026_statspacks —   Round 6: 812 players saved \u2192 players_round_6.json
2026-06-09 11:56:36 [INFO] download_2026_statspacks —   Round 7: 812 players saved \u2192 players_round_7.json
2026-06-09 11:56:38 [INFO] download_2026_statspacks —   Round 8: 812 players saved \u2192 players_round_8.json
2026-06-09 11:56:40 [INFO] download_2026_statspacks —   Round 9: 812 players saved \u2192 players_round_9.json
2026-06-09 11:56:42 [INFO] download_2026_statspacks —   Round 10: 812 players saved \u2192 players_round_10.json
2026-06-09 11:56:44 [INFO] download_2026_statspacks —   Round 11: 812 players saved \u2192 players_round_11.json
2026-06-09 11:56:46 [INFO] download_2026_statspacks —   Round 12: 812 players saved \u2192 players_round_12.json
2026-06-09 11:56:48 [INFO] download_2026_statspacks —   Round 13: 812 players saved \u2192 players_round_13.json
2026-06-09 11:56:48 [INFO] download_2026_statspacks — Player rounds download complete: 13 downloaded, 0 skipped, 0 errors
2026-06-09 11:56:54 [INFO] waiver.fixture_schedule — AFL fixture loaded: 207 games across rounds 0–24.
2026-06-09 11:56:54 [INFO] waiver — [4e] Refreshing website outputs (ladder, fixtures, player match results)...
2026-06-09 11:56:54 [INFO] waiver.league_api — Refreshing SC bearer token via Auth0...
2026-06-09 11:56:55 [INFO] waiver.league_api — SC token refreshed successfully.
2026-06-09 11:57:03 [INFO] website.data.api_ingest — Detected current round: 13
2026-06-09 11:57:17 [INFO] website.data.api_ingest — Processing 2026 data for rounds 1..13
2026-06-09 11:57:17 [INFO] website.data.api_ingest — ladder.csv: 104 rows
2026-06-09 11:57:17 [INFO] website.data.api_ingest — fixture_results_by_team.csv: 104 rows
2026-06-09 11:57:17 [INFO] website.data.api_ingest — player_match_results.csv: 2392 rows
2026-06-09 11:57:17 [INFO] website.data.api_ingest — player_stats_current.csv: 2392 rows
2026-06-09 11:57:17 [INFO] waiver.league_api — Fetching player status from https://www.supercoach.com.au/2026/api/afl/draft/v1/leagues/14889/playersStatus
2026-06-09 11:57:17 [INFO] waiver.league_api — Fetched status for 812 players; 628 are available (waiver).
2026-06-09 11:57:17 [INFO] website.data.api_ingest — current_teams.csv: 184 players
2026-06-09 11:57:18 [INFO] website.data.api_ingest — Saved league_fixtures.json (21 rounds)
2026-06-09 11:57:19 [INFO] website.data.api_ingest — fixture_schedule_2026.csv: 84 matchups
2026-06-09 11:57:20 [INFO] website.data.api_ingest — processedWaivers: 178 rows
2026-06-09 11:57:20 [INFO] website.data.api_ingest — Free Agent pickups (/trades): 168 rows
2026-06-09 11:57:20 [INFO] website.data.api_ingest — Team trades (/teamtrades): 16 rows from 6 approved trades
2026-06-09 11:57:20 [INFO] website.data.api_ingest — transactions.csv: 362 rows \u2192 G:\My Drive\projects\sc-player-data\data\live\transactions.csv
2026-06-09 11:57:22 [INFO] website.data.api_ingest — Saved processedWaivers \u2192 G:\My Drive\projects\sc-player-data\data\raw\supercoach\2026\leagues_14889_processedWaivers.json
2026-06-09 11:57:22 [INFO] website.data.api_ingest — Saved teamtrades \u2192 G:\My Drive\projects\sc-player-data\data\raw\supercoach\2026\leagues_14889_teamtrades.json
2026-06-09 11:57:22 [INFO] website.data.api_ingest — Saved trades \u2192 G:\My Drive\projects\sc-player-data\data\raw\supercoach\2026\leagues_14889_trades.json
2026-06-09 11:57:23 [INFO] website.data.api_ingest — Saved playersStatus \u2192 G:\My Drive\projects\sc-player-data\data\raw\supercoach\2026\leagues_4199_playersStatus.json
2026-06-09 11:57:23 [INFO] website.data.api_ingest — Saved recap \u2192 G:\My Drive\projects\sc-player-data\data\raw\supercoach\2026\leagues_14889_recap.json
2026-06-09 11:57:23 [INFO] website.data.api_ingest — Saved me \u2192 me.json
2026-06-09 11:57:24 [INFO] website.data.api_ingest — Saved real_fixture \u2192 real_fixture.json
2026-06-09 11:57:24 [INFO] website.data.api_ingest — Saved players \u2192 players_cf_embed=notes,odds,player_stats,positions,player_match_stats&round=1.json
2026-06-09 11:57:25 [INFO] website.data.api_ingest — Saved players \u2192 players_cf_embed=notes,odds,player_stats,positions,player_match_stats&round=2.json
2026-06-09 11:57:26 [INFO] website.data.api_ingest — Saved players \u2192 players_cf_embed=notes,odds,player_stats,positions,player_match_stats&round=3.json
2026-06-09 11:57:26 [INFO] website.data.api_ingest — Saved players \u2192 players_cf_embed=notes,odds,player_stats,positions,player_match_stats&round=4.json
2026-06-09 11:57:27 [INFO] website.data.api_ingest — Saved players \u2192 players_cf_embed=notes,odds,player_stats,positions,player_match_stats&round=5.json
2026-06-09 11:57:27 [INFO] website.data.api_ingest — Saved players \u2192 players_cf_embed=notes,odds,player_stats,positions,player_match_stats&round=6.json
2026-06-09 11:57:28 [INFO] website.data.api_ingest — Saved players \u2192 players_cf_embed=notes,odds,player_stats,positions,player_match_stats&round=7.json
2026-06-09 11:57:28 [INFO] website.data.api_ingest — Saved players \u2192 players_cf_embed=notes,odds,player_stats,positions,player_match_stats&round=8.json
2026-06-09 11:57:29 [INFO] website.data.api_ingest — Saved players \u2192 players_cf_embed=notes,odds,player_stats,positions,player_match_stats&round=9.json
2026-06-09 11:57:29 [INFO] website.data.api_ingest — Saved players \u2192 players_cf_embed=notes,odds,player_stats,positions,player_match_stats&round=10.json
2026-06-09 11:57:30 [INFO] website.data.api_ingest — Saved players \u2192 players_cf_embed=notes,odds,player_stats,positions,player_match_stats&round=11.json
2026-06-09 11:57:31 [INFO] website.data.api_ingest — Saved players \u2192 players_cf_embed=notes,odds,player_stats,positions,player_match_stats&round=12.json
2026-06-09 11:57:31 [INFO] website.data.api_ingest — Saved players \u2192 players_cf_embed=notes,odds,player_stats,positions,player_match_stats&round=13.json
2026-06-09 11:57:31 [INFO] website.data.api_ingest — Refresh complete: 104 ladder, 104 fixture, 2392 player-match rows (rounds 1–13).
2026-06-09 11:57:35 [INFO] waiver — [4f] Updating master_player_data.csv with 2026 current-season data...
2026-06-09 11:57:36 [INFO] root — Step 3: Preparing fanfooty enrichment data...
2026-06-09 11:57:37 [INFO] root —   Loaded 137709 fanfooty records
2026-06-09 11:57:37 [INFO] root —   Prepared 133998 unique fanfooty enrichment records
2026-06-09 11:57:37 [INFO] root — update_current_season: fanfooty enrichment matched 2052/2392 rows
2026-06-09 11:57:37 [INFO] root — Loading DFS Australia data...
2026-06-09 11:57:37 [INFO] root —   Loaded 2274 DFS rows across 1 seasons
2026-06-09 11:57:37 [INFO] root — Merging DFS Australia data...
2026-06-09 11:57:37 [INFO] root —   DFS merge: 798/2392 rows matched on CBA%
2026-06-09 11:57:41 [INFO] root — update_current_season: added 2392 rows for 2026 \u2192 data\processed\master_player_data.csv
2026-06-09 11:57:41 [INFO] waiver — [4f] master_player_data.csv: 2392 rows added for 2026.
2026-06-09 11:57:41 [INFO] waiver — [4g] Generating Round 14 predictions...
2026-06-09 11:59:18 [INFO] waiver — [4g] Round 14 predictions generated.
2026-06-09 11:59:18 [INFO] waiver — [4/9] Loading current-season scores...
2026-06-09 11:59:19 [INFO] waiver.data_loader — Loaded 2026 season scores from SC API (13 rounds) + fanfooty supplement: 612 players.
2026-06-09 11:59:19 [INFO] waiver — [4b-validate] Validating round 13 data coverage...
2026-06-09 11:59:19 [INFO] root — Fetching fixture data from: https://www.fanfooty.com.au/game/archive.php?year=2026
2026-06-09 11:59:19 [INFO] root — Found 8 unique matches for Round 13: ['9807', '9808', '9809', '9810', '9811', '9812', '9813', '9814']
2026-06-09 11:59:19 [INFO] waiver — [4c] Fetching lineup for round 14...
2026-06-09 11:59:19 [INFO] waiver.league_api — Fetching lineup from https://www.supercoach.com.au/2026/api/afl/draft/v1/userteams/136934/statsPlayers?round=14
2026-06-09 11:59:19 [INFO] waiver.league_api — Lineup fetched: 19 on field, 4 bench (23 total).
2026-06-09 11:59:19 [INFO] waiver — [4d] Refreshing coach list from SC API ladder...
2026-06-09 11:59:19 [INFO] waiver.league_api — Refreshing SC bearer token via Auth0...
2026-06-09 11:59:20 [INFO] waiver.league_api — SC token refreshed successfully.
2026-06-09 11:59:20 [INFO] waiver.league_api — Fetching league teams from https://www.supercoach.com.au/2026/api/afl/draft/v1/leagues/14889/ladderAndFixtures?round=13&scores=true
2026-06-09 11:59:21 [INFO] waiver.league_api — Fetched 8 teams from ladder league 14889 (round 13).
2026-06-09 11:59:21 [INFO] waiver — coach_list.csv refreshed with 8 teams \u2192 G:\My Drive\projects\sc-player-data\data\live\coach_list.csv
2026-06-09 11:59:21 [INFO] waiver — [5/9] Building player table...
2026-06-09 11:59:21 [INFO] waiver.data_loader — Player table built: 781 total, 598 free agents, 23 on my roster, 0 on my roster with injury/suspension.
2026-06-09 11:59:21 [INFO] waiver — [6/9] Loading historical fanfooty data and computing metrics...
2026-06-09 11:59:34 [INFO] waiver.data_loader — Loaded 137295 historical game records across 16 seasons.
2026-06-09 11:59:38 [INFO] waiver.metrics — Metrics computed for 781 players. Replacement levels: {'DEF': '85.0', 'MID': '103.4', 'RUC': '82.2', 'FWD': '101.7', 'FLEX': '103.4'}
2026-06-09 11:59:38 [INFO] waiver — [7/9] Loading model predictions...
2026-06-09 11:59:38 [INFO] waiver.data_loader — Loaded Round 14 predictions: 613 players, avg projected score = 57.0.
2026-06-09 11:59:38 [INFO] waiver — Predictions for Round 14 merged: 611 players have projected scores.
2026-06-09 11:59:38 [INFO] waiver — [7b] Applying historical sanity checks to model predictions...
2026-06-09 11:59:38 [INFO] waiver — P(100+) corrected for 14 players based on historical ceiling.
2026-06-09 11:59:38 [INFO] waiver — P(80+) sanity cap applied to players with 2026 actual data.
2026-06-09 11:59:38 [INFO] waiver — Metrics ready: 781 players total, 598 free agents, 23 on my roster, 0 injured on-field.
2026-06-09 11:59:44 [INFO] waiver.dvp — DVP table built: 72 team-position entries from last 6 rounds
2026-06-09 11:59:44 [INFO] root — Fetching fixture for 2026 Round 14 from JSON feed...
2026-06-09 11:59:45 [INFO] root — Successfully built fixture map for 14 teams.
2026-06-09 11:59:45 [INFO] waiver — [7b-pre] DVP table ready (72 entries), 609 player ranks computed.
2026-06-09 11:59:45 [INFO] waiver — [7c] Scoring mid-year jumper and streamer candidates...
2026-06-09 11:59:45 [INFO] waiver.jumper_scorer — Loaded 5014 2026 fanfooty rows across 13 rounds.
2026-06-09 11:59:45 [INFO] waiver.jumper_scorer — Loaded 2026 CBA data: 1511 rows, max round 7.
2026-06-09 11:59:45 [INFO] waiver.jumper_scorer — Scoring 295 FA candidates (avg < 85, games >= 5) for R13 jumper/streamer signals.
2026-06-09 11:59:46 [INFO] waiver.jumper_scorer — Jumper candidates: 42 (score >= 0.55, career/avg3 ceiling) | Streamer candidates: 7 (signals >= 2, avg3 >= 80)
2026-06-09 11:59:46 [INFO] waiver — Jumper/streamer scoring done: 5 mover candidates, 5 streamer candidates.
2026-06-09 11:59:46 [INFO] waiver — [8b] Refreshing AFL fixture schedule...
2026-06-09 11:59:46 [INFO] waiver.fixture_schedule — AFL fixture loaded: 207 games across rounds 0–24.
2026-06-09 11:59:46 [INFO] waiver.fixture_schedule — waiver_schedule.bat updated — 11 future rounds scheduled. Run as Administrator: G:\My Drive\projects\sc-player-data\waiver_schedule.bat
2026-06-09 11:59:46 [INFO] waiver — waiver_schedule.bat updated — newsletter will prompt re-registration.
2026-06-09 11:59:46 [INFO] waiver — [8c] Computing DVP matchup intel (reusing pre-built table)...
2026-06-09 11:59:46 [INFO] root — Fetching fixture for 2026 Round 14 from JSON feed...
2026-06-09 11:59:47 [INFO] root — Successfully built fixture map for 14 teams.
2026-06-09 11:59:47 [INFO] root — Fetching fixture for 2026 Round 15 from JSON feed...
2026-06-09 11:59:47 [INFO] root — Successfully built fixture map for 14 teams.
2026-06-09 11:59:47 [INFO] root — Fetching fixture for 2026 Round 16 from JSON feed...
2026-06-09 11:59:47 [INFO] root — Successfully built fixture map for 14 teams.
2026-06-09 11:59:47 [INFO] waiver — DVP done: 10 matchup targets, 5 schedule streamers.
2026-06-09 11:59:47 [INFO] waiver — [9/9] Generating newsletter...
2026-06-09 11:59:47 [INFO] waiver.data_loader — Loaded 125 news mentions (last 7 days)
2026-06-09 11:59:47 [INFO] waiver.newsletter — News sentiment loaded: 113 players with recent mentions.
2026-06-09 12:00:28 [INFO] httpx — HTTP Request: POST https://api.anthropic.com/v1/messages "HTTP/1.1 200 OK"
2026-06-09 12:00:32 [INFO] httpx — HTTP Request: POST https://api.anthropic.com/v1/messages "HTTP/1.1 200 OK"
2026-06-09 12:00:39 [INFO] httpx — HTTP Request: POST https://api.anthropic.com/v1/messages "HTTP/1.1 200 OK"
2026-06-09 12:00:43 [INFO] httpx — HTTP Request: POST https://api.anthropic.com/v1/messages "HTTP/1.1 200 OK"
2026-06-09 12:00:43 [INFO] waiver.newsletter — Newsletter written to G:\My Drive\projects\sc-player-data\reports\waiver_2026_rd13_2026-06-09.md
2026-06-09 12:00:43 [INFO] waiver — Emailing newsletter to richardsmark@outlook.com...
2026-06-09 12:00:51 [INFO] waiver.emailer — Newsletter emailed to richardsmark@outlook.com.
2026-06-09 12:00:51 [INFO] waiver — [10/10] Deploying static site to GitHub Pages...
2026-06-09 12:00:51 [INFO] deploy_github_pages — Building static site...
2026-06-09 12:01:41 [INFO] deploy_github_pages — Static site built.
2026-06-09 12:01:41 [INFO] deploy_github_pages — Cloning https://github.com/mark-richards/asl-hub.git to C:\Users\Richa\AppData\Local\Temp\asl-hub-deploy-v9xgyqlm...
2026-06-09 12:01:44 [INFO] deploy_github_pages — Pushing to https://github.com/mark-richards/asl-hub.git (main)...
2026-06-09 12:01:46 [INFO] deploy_github_pages — GitHub Pages updated: https://mark-richards.github.io/asl-hub/
2026-06-09 12:01:46 [INFO] waiver — Done. Newsletter saved to: G:\My Drive\projects\sc-player-data\reports\waiver_2026_rd13_2026-06-09.md

======================================================================
SCRAPE COMPLETE
======================================================================
  Articles stored:   12
  Player mentions:   84

Name                      FeedID     Tier   Tags                           Headline
----------------------------------------------------------------------------------------------------
  What it means           NULL       UNRES                                 R14 preview: All eyes on high-stakes clashes 
  Game shapers            NULL       UNRES                                 R14 preview: All eyes on high-stakes clashes 
  Tim English             1004592    EXACT                                 R14 preview: All eyes on high-stakes clashes 
  Daniel Curtin           1024023    EXACT                                 R14 preview: All eyes on high-stakes clashes 
  Gryan Miers             1004938    EXACT  injury                         R14 preview: All eyes on high-stakes clashes 
  John Noble              1000072    EXACT  role_change                    R14 preview: All eyes on high-stakes clashes 
  Bayley Fritsch          1001438    EXACT                                 R14 preview: All eyes on high-stakes clashes 
  Mason Redman            997078     EXACT                                 R14 preview: All eyes on high-stakes clashes 
  Luke Davies-Uniacke     1002267    EXACT  form                           R14 preview: All eyes on high-stakes clashes 
  Jake Waterman           996554     EXACT  role_change                    R14 preview: All eyes on high-stakes clashes 
  Esava Ratugolea         1002220    EXACT  form                           R14 preview: All eyes on high-stakes clashes 
  Jai Serong              1017091    EXACT  selection                      R14 preview: All eyes on high-stakes clashes 
  Jacob Hopper            993903     EXACT  role_change                    R14 preview: All eyes on high-stakes clashes 
  Harris Andrews          996059     EXACT                                 R14 preview: All eyes on high-stakes clashes 
  Liam Ryan               1004364    EXACT                                 R14 preview: All eyes on high-stakes clashes 
  Finn Callaghan          1023266    EXACT                                 R14 preview: All eyes on high-stakes clashes 
  Stevie-Lee Thompson     NULL       UNRES                                 Around the state leagues: Father-daughter pro
  Iilish Ross             1006133    SNAME                                 Around the state leagues: Father-daughter pro
  Aprille Crooks          NULL       UNRES                                 Around the state leagues: Father-daughter pro
  Hope Taylor             1017065    SNAME                                 Around the state leagues: Father-daughter pro

Database: G:\My Drive\projects\sc-player-data\data\afl_news.db
2026-06-15 07:00:34 [INFO] waiver — ============================================================
2026-06-15 07:00:34 [INFO] waiver — Waiver Newsletter Pipeline — Season 2026
2026-06-15 07:00:34 [INFO] waiver — ============================================================
2026-06-15 07:00:36 [INFO] afl_news_scraper — News DB is stale — running scraper...
2026-06-15 07:00:36 [INFO] afl_news_scraper — Database ready: data\afl_news.db
2026-06-15 07:00:36 [INFO] afl_news_scraper — Loaded 780 players from draft_prep\SC 2026\2026_SC_Player_list.csv
2026-06-15 07:00:50 [INFO] afl_news_scraper — === Scraping 3 pages from AFL.com.au/news ===
2026-06-15 07:00:50 [INFO] afl_news_scraper — Fetching listing: https://www.afl.com.au/news/all-news
2026-06-15 07:00:57 [INFO] afl_news_scraper —   Found 12 article links
2026-06-15 07:00:57 [INFO] afl_news_scraper — Loading page 2 of 3…
2026-06-15 07:00:57 [INFO] afl_news_scraper —   Clicked 'button:has-text("Show more")'
2026-06-15 07:00:57 [INFO] afl_news_scraper —   Total articles after page 2: 12
2026-06-15 07:01:02 [INFO] afl_news_scraper — Loading page 3 of 3…
2026-06-15 07:01:02 [WARNING] afl_news_scraper —   No 'Load more' button found — trying URL param ?page=3
2026-06-15 07:01:06 [INFO] afl_news_scraper — Fetching listing: https://www.afl.com.au/news/all-news?page=3
2026-06-15 07:01:08 [INFO] afl_news_scraper —   Found 12 article links
2026-06-15 07:01:08 [INFO] afl_news_scraper — Total article links collected: 24
2026-06-15 07:01:10 [INFO] afl_news_scraper —   Fetching article: https://www.afl.com.au/aflw/news/1538823/oval-stadium-park-how-aflw-venues-impac…
2026-06-15 07:01:11 [INFO] afl_news_scraper —   Bold candidates: ['Surface area', 'Avg combined score']
2026-06-15 07:01:11 [INFO] afl_news_scraper —     Surface area              [UNRESOLVED] \u2192 UNRESOLVED | tags=[]
2026-06-15 07:01:11 [INFO] afl_news_scraper —     Avg combined score        [UNRESOLVED] \u2192 UNRESOLVED | tags=[]
2026-06-15 07:01:15 [INFO] afl_news_scraper —   Fetching article: https://www.afl.com.au/news/1541909/st-kilda-saints-forward-campbell-lake-lappin…
2026-06-15 07:01:16 [INFO] afl_news_scraper —   Bold candidates: []
2026-06-15 07:01:20 [INFO] afl_news_scraper —   Fetching article: https://www.afl.com.au/news/1541127/greater-western-sydney-giants-coach-adam-kin…
2026-06-15 07:01:20 [INFO] afl_news_scraper —   Bold candidates: []
2026-06-15 07:01:25 [INFO] afl_news_scraper —   Fetching article: https://www.afl.com.au/news/1541883/afl-daily-listen-liam-ryan-does-it-again-mel…
2026-06-15 07:01:26 [INFO] afl_news_scraper —   Bold candidates: []
2026-06-15 07:01:31 [INFO] afl_news_scraper —   Fetching article: https://www.afl.com.au/news/1541098/st-kilda-saints-steady-the-ship-with-giant-s…
2026-06-15 07:01:32 [INFO] afl_news_scraper —   Bold candidates: ['Laverde in hot water', "Sharman's hot patch", 'ST KILDA', 'GREATER WESTERN SYDNEY']
2026-06-15 07:01:32 [INFO] afl_news_scraper —     Laverde in hot water      [UNRESOLVED] \u2192 UNRESOLVED | tags=[]
2026-06-15 07:01:32 [INFO] afl_news_scraper —     Sharman's hot patch       [UNRESOLVED] \u2192 UNRESOLVED | tags=[]
2026-06-15 07:01:32 [INFO] afl_news_scraper —     ST KILDA                  [UNRESOLVED] \u2192 UNRESOLVED | tags=[]
2026-06-15 07:01:32 [INFO] afl_news_scraper —     GREATER WESTERN SYDNEY    [UNRESOLVED] \u2192 UNRESOLVED | tags=[]
2026-06-15 07:01:36 [INFO] afl_news_scraper —   Fetching article: https://www.afl.com.au/news/1540906/cal-culations-the-month-that-will-define-and…
2026-06-15 07:01:37 [INFO] afl_news_scraper —   Bold candidates: []
2026-06-15 07:01:41 [INFO] afl_news_scraper —   Fetching article: https://www.afl.com.au/news/1537917/seven-things-we-learned-young-west-coast-eag…
2026-06-15 07:01:41 [INFO] afl_news_scraper —   Bold candidates: []
2026-06-15 07:01:46 [INFO] afl_news_scraper —   Fetching article: https://www.afl.com.au/news/1537923/around-the-state-leagues-cat-back-in-style-s…
2026-06-15 07:01:47 [INFO] afl_news_scraper —   Bold candidates: ['Finnbar Maley', "Reilly O'Brien", 'Mark Keane', 'Billy Dowling', 'Charlie Edwards']…
2026-06-15 07:01:47 [INFO] afl_news_scraper —     Finnbar Maley             [EXACT] \u2192 Maley | tags=[]
2026-06-15 07:01:47 [INFO] afl_news_scraper —     Reilly O'Brien            [EXACT] \u2192 O'Brien | tags=[]
2026-06-15 07:01:47 [INFO] afl_news_scraper —     Mark Keane                [EXACT] \u2192 Keane | tags=['return']
2026-06-15 07:01:47 [INFO] afl_news_scraper —     Billy Dowling             [EXACT] \u2192 Dowling | tags=['return']
2026-06-15 07:01:47 [INFO] afl_news_scraper —     Charlie Edwards           [EXACT] \u2192 Edwards | tags=['return']
2026-06-15 07:01:47 [INFO] afl_news_scraper —     Mitchell Marsh            [EXACT] \u2192 Marsh | tags=[]
2026-06-15 07:01:47 [INFO] afl_news_scraper —     Oscar Ryan                [EXACT] \u2192 Ryan | tags=[]
2026-06-15 07:01:47 [INFO] afl_news_scraper —     Hugh Bond                 [EXACT] \u2192 Bond | tags=[]
2026-06-15 07:01:47 [INFO] afl_news_scraper —     Archie Ludowyke           [EXACT] \u2192 Ludowyke | tags=[]
2026-06-15 07:01:47 [INFO] afl_news_scraper —     Lachlan Sholl             [EXACT] \u2192 Sholl | tags=[]
2026-06-15 07:01:47 [INFO] afl_news_scraper —     Sid Draper                [EXACT] \u2192 Draper | tags=[]
2026-06-15 07:01:47 [INFO] afl_news_scraper —     Sam Marshall              [EXACT] \u2192 Marshall | tags=[]
2026-06-15 07:01:47 [INFO] afl_news_scraper —     Zane Zakostelsky          [EXACT] \u2192 Zakostelsky | tags=['role_change']
2026-06-15 07:01:47 [INFO] afl_news_scraper —     Luke Lloyd                [EXACT] \u2192 Lloyd | tags=['role_change']
2026-06-15 07:01:48 [INFO] afl_news_scraper —     Darragh Joyce             [EXACT] \u2192 Joyce | tags=['role_change']
2026-06-15 07:01:48 [INFO] afl_news_scraper —     Cody Curtin               [EXACT] \u2192 Curtin | tags=['role_change']
2026-06-15 07:01:48 [INFO] afl_news_scraper —     Koby Evans                [EXACT] \u2192 Evans | tags=[]
2026-06-15 07:01:48 [INFO] afl_news_scraper —     Ben Murphy                [EXACT] \u2192 Murphy | tags=[]
2026-06-15 07:01:48 [INFO] afl_news_scraper —     Saad El-Hawli             [EXACT] \u2192 El-Hawli | tags=['role_change']
2026-06-15 07:01:48 [INFO] afl_news_scraper —     Max Kondogiannis          [EXACT] \u2192 Kondogiannis | tags=['selection']
2026-06-15 07:01:48 [INFO] afl_news_scraper —     Tom Edwards               [SURNAME] \u2192 Edwards | tags=['selection']
2026-06-15 07:01:48 [INFO] afl_news_scraper —     Jade Gresham              [EXACT] \u2192 Gresham | tags=[]
2026-06-15 07:01:48 [INFO] afl_news_scraper —     Kayle Gerreyn             [EXACT] \u2192 Gerreyn | tags=[]
2026-06-15 07:01:48 [INFO] afl_news_scraper —     Tyson Stengle             [EXACT] \u2192 Stengle | tags=['return', 'role_change', 'form']
2026-06-15 07:01:48 [INFO] afl_news_scraper —     James Worpel              [EXACT] \u2192 Worpel | tags=['form', 'selection']
2026-06-15 07:01:48 [INFO] afl_news_scraper —     Jhye Clark                [EXACT] \u2192 Clark | tags=['selection']
2026-06-15 07:01:48 [INFO] afl_news_scraper —     Mitch Knevitt             [EXACT] \u2192 Knevitt | tags=[]
2026-06-15 07:01:48 [INFO] afl_news_scraper —     Hunter Holmes             [EXACT] \u2192 Holmes | tags=[]
2026-06-15 07:01:48 [INFO] afl_news_scraper —     Jay Polkinghorne          [EXACT] \u2192 Polkinghorne | tags=[]
2026-06-15 07:01:48 [INFO] afl_news_scraper —     Nick Driscoll             [SURNAME] \u2192 Driscoll | tags=['contract']
2026-06-15 07:01:48 [INFO] afl_news_scraper —     Lennox Hoffman            [FUZZY] \u2192 Hofmann | tags=['contract']
2026-06-15 07:01:48 [INFO] afl_news_scraper —     Jed Bews                  [EXACT] \u2192 Bews | tags=['contract']
2026-06-15 07:01:48 [INFO] afl_news_scraper —     Jesse Mellor              [EXACT] \u2192 Mellor | tags=['contract']
2026-06-15 07:01:49 [INFO] afl_news_scraper —     Cillian Burke             [EXACT] \u2192 Burke | tags=['contract']
2026-06-15 07:01:49 [INFO] afl_news_scraper —     Joe Pike                  [EXACT] \u2192 Pike | tags=[]
2026-06-15 07:01:49 [INFO] afl_news_scraper —     Jamarra Ugle-Hagan        [EXACT] \u2192 Ugle-Hagan | tags=[]
2026-06-15 07:01:49 [INFO] afl_news_scraper —     Jarrod Witts              [EXACT] \u2192 Witts | tags=[]
2026-06-15 07:01:49 [INFO] afl_news_scraper —     Nick Holman               [EXACT] \u2192 Holman | tags=['selection']
2026-06-15 07:01:49 [INFO] afl_news_scraper —     Beau Addinsall            [EXACT] \u2192 Addinsall | tags=['selection']
2026-06-15 07:01:49 [INFO] afl_news_scraper —     Dylan Patterson           [EXACT] \u2192 Patterson | tags=['role_change', 'contract']
2026-06-15 07:01:49 [INFO] afl_news_scraper —     Caleb Lewis               [EXACT] \u2192 Lewis | tags=['role_change', 'contract']
2026-06-15 07:01:49 [INFO] afl_news_scraper —     Zak Evans                 [EXACT] \u2192 Evans | tags=['role_change', 'contract']
2026-06-15 07:01:49 [INFO] afl_news_scraper —     Elliott Himmelberg        [EXACT] \u2192 Himmelberg | tags=['contract']
2026-06-15 07:01:49 [INFO] afl_news_scraper —     Caleb Graham              [EXACT] \u2192 Graham | tags=['contract']
2026-06-15 07:01:49 [INFO] afl_news_scraper —     Asher Eastham             [EXACT] \u2192 Eastham | tags=[]
2026-06-15 07:01:49 [INFO] afl_news_scraper —     Avery Thomas              [EXACT] \u2192 Thomas | tags=[]
2026-06-15 07:01:49 [INFO] afl_news_scraper —     Cooper Bell               [EXACT] \u2192 Bell | tags=[]
2026-06-15 07:01:49 [INFO] afl_news_scraper —     Koby Coulson              [EXACT] \u2192 Coulson | tags=[]
2026-06-15 07:01:49 [INFO] afl_news_scraper —     Max Gruzewski             [EXACT] \u2192 Gruzewski | tags=[]
2026-06-15 07:01:49 [INFO] afl_news_scraper —     Jack Ough                 [EXACT] \u2192 Ough | tags=[]
2026-06-15 07:01:49 [INFO] afl_news_scraper —     Harry Rowston             [EXACT] \u2192 Rowston | tags=[]
2026-06-15 07:01:49 [INFO] afl_news_scraper —     Harrison Oliver           [EXACT] \u2192 Oliver | tags=[]
2026-06-15 07:01:49 [INFO] afl_news_scraper —     James Leake               [EXACT] \u2192 Leake | tags=[]
2026-06-15 07:01:50 [INFO] afl_news_scraper —     Oskar Taylor              [EXACT] \u2192 Taylor | tags=[]
2026-06-15 07:01:50 [INFO] afl_news_scraper —     Riley Hamilton            [EXACT] \u2192 Hamilton | tags=[]
2026-06-15 07:01:50 [INFO] afl_news_scraper —     Cody Angove               [EXACT] \u2192 Angove | tags=[]
2026-06-15 07:01:50 [INFO] afl_news_scraper —     Matt Jefferson            [SURNAME] \u2192 Jefferson | tags=[]
2026-06-15 07:01:50 [INFO] afl_news_scraper —     Jack Henderson            [EXACT] \u2192 Henderson | tags=['form']
2026-06-15 07:01:50 [INFO] afl_news_scraper —     Changkuoth Jiath          [EXACT] \u2192 Jiath | tags=['form']
2026-06-15 07:01:50 [INFO] afl_news_scraper —     Tom McDonald              [EXACT] \u2192 McDonald | tags=[]
2026-06-15 07:01:50 [INFO] afl_news_scraper —     Kalani White              [EXACT] \u2192 White | tags=[]
2026-06-15 07:01:50 [INFO] afl_news_scraper —     Xavier Taylor             [EXACT] \u2192 Taylor | tags=[]
2026-06-15 07:01:50 [INFO] afl_news_scraper —     Max Heath                 [EXACT] \u2192 Heath | tags=[]
2026-06-15 07:01:50 [INFO] afl_news_scraper —     Latrelle Pickett          [EXACT] \u2192 Pickett | tags=[]
2026-06-15 07:01:50 [INFO] afl_news_scraper —     Max Mapley                [UNRESOLVED] \u2192 UNRESOLVED | tags=[]
2026-06-15 07:01:50 [INFO] afl_news_scraper —     Ricky Mentha              [EXACT] \u2192 Mentha | tags=[]
2026-06-15 07:01:50 [INFO] afl_news_scraper —     Oscar Berry               [EXACT] \u2192 Berry | tags=[]
2026-06-15 07:01:50 [INFO] afl_news_scraper —     Riley Onley               [EXACT] \u2192 Onley | tags=[]
2026-06-15 07:01:50 [INFO] afl_news_scraper —     Tom Matthews              [SURNAME] \u2192 Matthews | tags=[]
2026-06-15 07:01:50 [INFO] afl_news_scraper —     Callum Coleman-Jones      [EXACT] \u2192 Coleman-Jones | tags=['role_change']
2026-06-15 07:01:50 [INFO] afl_news_scraper —     Robert Hansen jnr         [FUZZY] \u2192 Hansen Jr | tags=['role_change']
2026-06-15 07:01:50 [INFO] afl_news_scraper —     Zac Fisher                [EXACT] \u2192 Fisher | tags=['role_change']
2026-06-15 07:01:50 [INFO] afl_news_scraper —     Wil Dawson                [EXACT] \u2192 Dawson | tags=['role_change']
2026-06-15 07:01:50 [INFO] afl_news_scraper —     Oliver Griffin            [UNRESOLVED] \u2192 UNRESOLVED | tags=['role_change']
2026-06-15 07:01:51 [INFO] afl_news_scraper —     Lachy Dovaston            [EXACT] \u2192 Dovaston | tags=['role_change']
2026-06-15 07:01:51 [INFO] afl_news_scraper —     Aidan Corr                [EXACT] \u2192 Corr | tags=[]
2026-06-15 07:01:51 [INFO] afl_news_scraper —     Josh Goater               [EXACT] \u2192 Goater | tags=[]
2026-06-15 07:01:51 [INFO] afl_news_scraper —     Bailey Scott              [EXACT] \u2192 Scott | tags=[]
2026-06-15 07:01:51 [INFO] afl_news_scraper —     Hugo Mikunda              [EXACT] \u2192 Mikunda | tags=[]
2026-06-15 07:01:51 [INFO] afl_news_scraper —     Brayden George            [EXACT] \u2192 George | tags=[]
2026-06-15 07:01:51 [INFO] afl_news_scraper —     Matt Whitlock             [EXACT] \u2192 Whitlock | tags=[]
2026-06-15 07:01:51 [INFO] afl_news_scraper —     Zac Banch                 [EXACT] \u2192 Banch | tags=[]
2026-06-15 07:01:51 [INFO] afl_news_scraper —     River Stevens             [EXACT] \u2192 Stevens | tags=[]
2026-06-15 07:01:51 [INFO] afl_news_scraper —     Dante Visentini           [EXACT] \u2192 Visentini | tags=[]
2026-06-15 07:01:51 [INFO] afl_news_scraper —     Jack Lukosius             [EXACT] \u2192 Lukosius | tags=['return', 'selection']
2026-06-15 07:01:51 [INFO] afl_news_scraper —     Jack Watkins              [EXACT] \u2192 Watkins | tags=['role_change']
2026-06-15 07:01:51 [INFO] afl_news_scraper —     Will Brodie               [EXACT] \u2192 Brodie | tags=['role_change']
2026-06-15 07:01:51 [INFO] afl_news_scraper —     Will Zadow                [UNRESOLVED] \u2192 UNRESOLVED | tags=['role_change']
2026-06-15 07:01:51 [INFO] afl_news_scraper —     Xavier Walsh              [EXACT] \u2192 Walsh | tags=['role_change']
2026-06-15 07:01:51 [INFO] afl_news_scraper —     Jacob Wehr                [EXACT] \u2192 Wehr | tags=['role_change']
2026-06-15 07:01:51 [INFO] afl_news_scraper —     Taj Hotton                [EXACT] \u2192 Hotton | tags=['pre_season_buzz']
2026-06-15 07:01:51 [INFO] afl_news_scraper —     Zane Peucker              [EXACT] \u2192 Peucker | tags=['pre_season_buzz']
2026-06-15 07:01:51 [INFO] afl_news_scraper —     Noah Roberts-Thomson      [EXACT] \u2192 Roberts-Thomson | tags=['return', 'role_change']
2026-06-15 07:01:51 [INFO] afl_news_scraper —     Samson Ryan               [EXACT] \u2192 Ryan | tags=['return', 'role_change']
2026-06-15 07:01:51 [INFO] afl_news_scraper —     Kaleb Smith               [EXACT] \u2192 Smith | tags=['role_change']
2026-06-15 07:01:52 [INFO] afl_news_scraper —     Tom Burton                [FUZZY] \u2192 Brown | tags=[]
2026-06-15 07:01:52 [INFO] afl_news_scraper —     Isaac Keeler              [EXACT] \u2192 Keeler | tags=['role_change']
2026-06-15 07:01:52 [INFO] afl_news_scraper —     Mattaes Philippou         [FUZZY] \u2192 Phillipou | tags=[]
2026-06-15 07:01:52 [INFO] afl_news_scraper —     Liam Henry                [EXACT] \u2192 Henry | tags=[]
2026-06-15 07:01:52 [INFO] afl_news_scraper —     Paddy Dow                 [EXACT] \u2192 Dow | tags=['form']
2026-06-15 07:01:52 [INFO] afl_news_scraper —     Charlie Banfield          [EXACT] \u2192 Banfield | tags=['form']
2026-06-15 07:01:52 [INFO] afl_news_scraper —     Tobie Travaglia           [EXACT] \u2192 Travaglia | tags=['selection']
2026-06-15 07:01:52 [INFO] afl_news_scraper —     Jack Carroll              [EXACT] \u2192 Carroll | tags=['selection']
2026-06-15 07:01:52 [INFO] afl_news_scraper —     Lance Collard             [EXACT] \u2192 Collard | tags=['role_change']
2026-06-15 07:01:52 [INFO] afl_news_scraper —     Taylor Adams              [EXACT] \u2192 Adams | tags=['injury']
2026-06-15 07:01:52 [INFO] afl_news_scraper —     Peter Ladhams             [EXACT] \u2192 Ladhams | tags=['return']
2026-06-15 07:01:52 [INFO] afl_news_scraper —     Jesse Dattoli             [EXACT] \u2192 Dattoli | tags=['role_change', 'form']
2026-06-15 07:01:52 [INFO] afl_news_scraper —     Jevan Phillipou           [EXACT] \u2192 Phillipou | tags=['role_change', 'form']
2026-06-15 07:01:52 [INFO] afl_news_scraper —     Billy Cootee              [EXACT] \u2192 Cootee | tags=[]
2026-06-15 07:01:52 [INFO] afl_news_scraper —     Patrick Snell             [EXACT] \u2192 Snell | tags=[]
2026-06-15 07:01:52 [INFO] afl_news_scraper —     Tyrell Dewar              [EXACT] \u2192 Dewar | tags=[]
2026-06-15 07:01:52 [INFO] afl_news_scraper —     Jack Williams             [EXACT] \u2192 Williams | tags=[]
2026-06-15 07:01:52 [INFO] afl_news_scraper —     Finlay Macrae             [EXACT] \u2192 Macrae | tags=[]
2026-06-15 07:01:52 [INFO] afl_news_scraper —     Lucca Grego               [EXACT] \u2192 Grego | tags=[]
2026-06-15 07:01:52 [INFO] afl_news_scraper —     Harry Schoenberg          [EXACT] \u2192 Schoenberg | tags=[]
2026-06-15 07:01:53 [INFO] afl_news_scraper —     Fred Rodriguez            [EXACT] \u2192 Rodriguez | tags=[]
2026-06-15 07:01:53 [INFO] afl_news_scraper —     Oliver Francou            [UNRESOLVED] \u2192 UNRESOLVED | tags=[]
2026-06-15 07:01:53 [INFO] afl_news_scraper —     Sandy Brock               [EXACT] \u2192 Brock | tags=[]
2026-06-15 07:01:53 [INFO] afl_news_scraper —     Clay Hall                 [EXACT] \u2192 Hall | tags=[]
2026-06-15 07:01:53 [INFO] afl_news_scraper —     Malakai Champion          [EXACT] \u2192 Champion | tags=[]
2026-06-15 07:01:53 [INFO] afl_news_scraper —     Matt Flynn                [EXACT] \u2192 Flynn | tags=[]
2026-06-15 07:01:53 [INFO] afl_news_scraper —     Sam Davidson              [EXACT] \u2192 Davidson | tags=['form']
2026-06-15 07:01:53 [INFO] afl_news_scraper —     Luke Cleary               [EXACT] \u2192 Cleary | tags=[]
2026-06-15 07:01:53 [INFO] afl_news_scraper —     Lachlan Carmichael        [EXACT] \u2192 Carmichael | tags=[]
2026-06-15 07:01:53 [INFO] afl_news_scraper —     Harvey Gallagher          [EXACT] \u2192 Gallagher | tags=[]
2026-06-15 07:01:53 [INFO] afl_news_scraper —     Lachie Jaques             [EXACT] \u2192 Jaques | tags=[]
2026-06-15 07:01:53 [INFO] afl_news_scraper —     Jedd Busslinger           [EXACT] \u2192 Busslinger | tags=[]
2026-06-15 07:01:53 [INFO] afl_news_scraper —     Louis Emmett              [EXACT] \u2192 Emmett | tags=['role_change']
2026-06-15 07:01:53 [INFO] afl_news_scraper —     Lachlan Smith             [EXACT] \u2192 Smith | tags=['role_change']
2026-06-15 07:01:53 [INFO] afl_news_scraper —     Josh Dolan                [EXACT] \u2192 Dolan | tags=['role_change']
2026-06-15 07:01:53 [INFO] afl_news_scraper —     Oskar Baker               [EXACT] \u2192 Baker | tags=['role_change']
2026-06-15 07:01:53 [INFO] afl_news_scraper —     Ryan Gardner              [EXACT] \u2192 Gardner | tags=['role_change']
2026-06-15 07:01:53 [INFO] afl_news_scraper —     Caleb May                 [UNRESOLVED] \u2192 UNRESOLVED | tags=['role_change']
2026-06-15 07:01:53 [INFO] afl_news_scraper —   Fetching article: https://www.afl.com.au/news/1541014/match-review-north-melbourne-kangaroos-forwa…
2026-06-15 07:01:54 [INFO] afl_news_scraper —   Bold candidates: []
2026-06-15 07:01:58 [INFO] afl_news_scraper —   Fetching article: https://www.afl.com.au/news/1538637/cody-walker-suffers-injury-scare-in-vic-coun…
2026-06-15 07:01:58 [INFO] afl_news_scraper —   Bold candidates: ['VIC COUNTRY']
2026-06-15 07:01:58 [INFO] afl_news_scraper —     VIC COUNTRY               [UNRESOLVED] \u2192 UNRESOLVED | tags=['injury']
2026-06-15 07:02:02 [INFO] afl_news_scraper —   Fetching article: https://www.afl.com.au/news/1540969/will-ashcroft-inspires-brisbane-lions-to-har…
2026-06-15 07:02:03 [INFO] afl_news_scraper —   Bold candidates: ['Happy Hippy returns', "Tiger Tim's hot start"]
2026-06-15 07:02:03 [INFO] afl_news_scraper —     Happy Hippy returns       [UNRESOLVED] \u2192 UNRESOLVED | tags=['injury', 'role_change']
2026-06-15 07:02:03 [INFO] afl_news_scraper —     Tiger Tim's hot start     [UNRESOLVED] \u2192 UNRESOLVED | tags=['return']
2026-06-15 07:02:08 [INFO] afl_news_scraper —   Fetching article: https://www.afl.com.au/news/1537737/follow-it-live-richmond-tigers-v-brisbane-li…
2026-06-15 07:02:09 [INFO] afl_news_scraper —   Bold candidates: []
2026-06-15 07:02:09 [INFO] afl_news_scraper —   Already scraped: https://www.afl.com.au/aflw/news/1538823/oval-stadium-park-h…
2026-06-15 07:02:09 [INFO] afl_news_scraper —   Already scraped: https://www.afl.com.au/news/1541909/st-kilda-saints-forward-…
2026-06-15 07:02:09 [INFO] afl_news_scraper —   Already scraped: https://www.afl.com.au/news/1541127/greater-western-sydney-g…
2026-06-15 07:02:09 [INFO] afl_news_scraper —   Already scraped: https://www.afl.com.au/news/1541883/afl-daily-listen-liam-ry…
2026-06-15 07:02:09 [INFO] afl_news_scraper —   Already scraped: https://www.afl.com.au/news/1541098/st-kilda-saints-steady-t…
2026-06-15 07:02:09 [INFO] afl_news_scraper —   Already scraped: https://www.afl.com.au/news/1540906/cal-culations-the-month-…
2026-06-15 07:02:09 [INFO] afl_news_scraper —   Already scraped: https://www.afl.com.au/news/1537917/seven-things-we-learned-…
2026-06-15 07:02:09 [INFO] afl_news_scraper —   Already scraped: https://www.afl.com.au/news/1537923/around-the-state-leagues…
2026-06-15 07:02:09 [INFO] afl_news_scraper —   Already scraped: https://www.afl.com.au/news/1541014/match-review-north-melbo…
2026-06-15 07:02:09 [INFO] afl_news_scraper —   Already scraped: https://www.afl.com.au/news/1538637/cody-walker-suffers-inju…
2026-06-15 07:02:09 [INFO] afl_news_scraper —   Already scraped: https://www.afl.com.au/news/1540969/will-ashcroft-inspires-b…
2026-06-15 07:02:09 [INFO] afl_news_scraper —   Already scraped: https://www.afl.com.au/news/1537737/follow-it-live-richmond-…
2026-06-15 07:02:12 [INFO] waiver.league_api — Refreshing SC bearer token via Auth0...
2026-06-15 07:02:13 [INFO] waiver.league_api — SC token refreshed successfully.
2026-06-15 07:02:13 [INFO] waiver — [1/9] Fetching player ownership from SC in-season league API...
2026-06-15 07:02:13 [INFO] waiver.league_api — Fetching player status from https://www.supercoach.com.au/2026/api/afl/draft/v1/leagues/14889/playersStatus
2026-06-15 07:02:13 [INFO] waiver.league_api — Fetched status for 812 players; 626 are available (waiver).
2026-06-15 07:02:13 [INFO] waiver — [2/9] Fetching live injury and suspension data...
2026-06-15 07:02:13 [INFO] waiver.league_api — Fetching live player injury data from SC API...
2026-06-15 07:02:15 [INFO] waiver.league_api — Fetched injury data for 812 players; 185 have active injury/suspension.
2026-06-15 07:02:15 [INFO] waiver — Injury cache updated: 185 active injuries.
2026-06-15 07:02:15 [INFO] waiver — [3/9] Loading SC player list...
2026-06-15 07:02:15 [INFO] waiver.data_loader — Loaded 781 players from player list.
2026-06-15 07:02:15 [INFO] waiver — Using round: 13
2026-06-15 07:02:15 [INFO] waiver — [4b] Scraping/processing fanfooty data for 2026 R1–R14 (probing +1)...
2026-06-15 07:02:15 [INFO] waiver — Scraping FanFooty raw data for 2026 R14...
2026-06-15 07:02:15 [INFO] root — Fetching fixture data from: https://www.fanfooty.com.au/game/archive.php?year=2026
2026-06-15 07:02:15 [INFO] root — Found 7 unique matches for Round 14: ['9815', '9816', '9817', '9818', '9819', '9820', '9821']
2026-06-15 07:02:15 [INFO] root — Successfully saved: 9815.txt
2026-06-15 07:02:15 [INFO] root — Successfully saved: 9816.txt
2026-06-15 07:02:16 [INFO] root — Successfully saved: 9817.txt
2026-06-15 07:02:16 [INFO] root — Successfully saved: 9818.txt
2026-06-15 07:02:16 [INFO] root — Successfully saved: 9819.txt
2026-06-15 07:02:16 [INFO] root — Successfully saved: 9820.txt
2026-06-15 07:02:16 [INFO] root — Successfully saved: 9821.txt
2026-06-15 07:02:16 [INFO] waiver — Processing FanFooty data for 2026 R14...
2026-06-15 07:02:16 [INFO] waiver — Saved G:\My Drive\projects\sc-player-data\data\processed\2026_round_14_fanfooty_data.csv
2026-06-15 07:02:16 [INFO] waiver — Round confirmed after scrape: 14
2026-06-15 07:02:33 [INFO] waiver — master_fanfooty_data.csv: appended 322 new rows for 2026 R1–R14
2026-06-15 07:02:33 [INFO] waiver — [4d-pre] Downloading SC player-round data for 2026 R1–R14...
2026-06-15 07:02:34 [INFO] download_2026_statspacks —   Round 1: 812 players saved \u2192 players_round_1.json
2026-06-15 07:02:35 [INFO] download_2026_statspacks —   Round 2: 812 players saved \u2192 players_round_2.json
2026-06-15 07:02:37 [INFO] download_2026_statspacks —   Round 3: 812 players saved \u2192 players_round_3.json
2026-06-15 07:02:39 [INFO] download_2026_statspacks —   Round 4: 812 players saved \u2192 players_round_4.json
2026-06-15 07:02:41 [INFO] download_2026_statspacks —   Round 5: 812 players saved \u2192 players_round_5.json
2026-06-15 07:02:43 [INFO] download_2026_statspacks —   Round 6: 812 players saved \u2192 players_round_6.json
2026-06-15 07:02:45 [INFO] download_2026_statspacks —   Round 7: 812 players saved \u2192 players_round_7.json
2026-06-15 07:02:46 [INFO] download_2026_statspacks —   Round 8: 812 players saved \u2192 players_round_8.json
2026-06-15 07:02:48 [INFO] download_2026_statspacks —   Round 9: 812 players saved \u2192 players_round_9.json
2026-06-15 07:02:51 [INFO] download_2026_statspacks —   Round 10: 812 players saved \u2192 players_round_10.json
2026-06-15 07:02:53 [INFO] download_2026_statspacks —   Round 11: 812 players saved \u2192 players_round_11.json
2026-06-15 07:02:55 [INFO] download_2026_statspacks —   Round 12: 812 players saved \u2192 players_round_12.json
2026-06-15 07:02:56 [INFO] download_2026_statspacks —   Round 13: 812 players saved \u2192 players_round_13.json
2026-06-15 07:02:58 [INFO] download_2026_statspacks —   Round 14: 812 players saved \u2192 players_round_14.json
2026-06-15 07:02:59 [INFO] download_2026_statspacks — Player rounds download complete: 14 downloaded, 0 skipped, 0 errors
2026-06-15 07:03:03 [INFO] waiver.fixture_schedule — AFL fixture loaded: 207 games across rounds 0–24.
2026-06-15 07:03:03 [INFO] waiver — [4e] Refreshing website outputs (ladder, fixtures, player match results)...
2026-06-15 07:03:03 [INFO] waiver.league_api — Refreshing SC bearer token via Auth0...
2026-06-15 07:03:04 [INFO] waiver.league_api — SC token refreshed successfully.
2026-06-15 07:03:11 [INFO] website.data.api_ingest — Detected current round: 14
2026-06-15 07:03:26 [INFO] website.data.api_ingest — Processing 2026 data for rounds 1..14
2026-06-15 07:03:26 [INFO] website.data.api_ingest — ladder.csv: 112 rows
2026-06-15 07:03:26 [INFO] website.data.api_ingest — fixture_results_by_team.csv: 112 rows
2026-06-15 07:03:26 [INFO] website.data.api_ingest — player_match_results.csv: 2576 rows
2026-06-15 07:03:26 [INFO] website.data.api_ingest — player_stats_current.csv: 2576 rows
2026-06-15 07:03:26 [INFO] waiver.league_api — Fetching player status from https://www.supercoach.com.au/2026/api/afl/draft/v1/leagues/14889/playersStatus
2026-06-15 07:03:26 [INFO] waiver.league_api — Fetched status for 812 players; 626 are available (waiver).
2026-06-15 07:03:26 [INFO] website.data.api_ingest — current_teams.csv: 184 players
2026-06-15 07:03:27 [INFO] website.data.api_ingest — Saved league_fixtures.json (21 rounds)
2026-06-15 07:03:28 [INFO] website.data.api_ingest — fixture_schedule_2026.csv: 84 matchups
2026-06-15 07:03:29 [INFO] website.data.api_ingest — processedWaivers: 189 rows
2026-06-15 07:03:29 [INFO] website.data.api_ingest — Free Agent pickups (/trades): 182 rows
2026-06-15 07:03:30 [INFO] website.data.api_ingest — Team trades (/teamtrades): 16 rows from 6 approved trades
2026-06-15 07:03:30 [INFO] website.data.api_ingest — transactions.csv: 387 rows \u2192 G:\My Drive\projects\sc-player-data\data\live\transactions.csv
2026-06-15 07:03:31 [INFO] website.data.api_ingest — Saved processedWaivers \u2192 G:\My Drive\projects\sc-player-data\data\raw\supercoach\2026\leagues_14889_processedWaivers.json
2026-06-15 07:03:31 [INFO] website.data.api_ingest — Saved teamtrades \u2192 G:\My Drive\projects\sc-player-data\data\raw\supercoach\2026\leagues_14889_teamtrades.json
2026-06-15 07:03:31 [INFO] website.data.api_ingest — Saved trades \u2192 G:\My Drive\projects\sc-player-data\data\raw\supercoach\2026\leagues_14889_trades.json
2026-06-15 07:03:32 [INFO] website.data.api_ingest — Saved playersStatus \u2192 G:\My Drive\projects\sc-player-data\data\raw\supercoach\2026\leagues_4199_playersStatus.json
2026-06-15 07:03:32 [INFO] website.data.api_ingest — Saved recap \u2192 G:\My Drive\projects\sc-player-data\data\raw\supercoach\2026\leagues_14889_recap.json
2026-06-15 07:03:32 [INFO] website.data.api_ingest — Saved me \u2192 me.json
2026-06-15 07:03:33 [INFO] website.data.api_ingest — Saved real_fixture \u2192 real_fixture.json
2026-06-15 07:03:33 [INFO] website.data.api_ingest — Saved players \u2192 players_cf_embed=notes,odds,player_stats,positions,player_match_stats&round=1.json
2026-06-15 07:03:34 [INFO] website.data.api_ingest — Saved players \u2192 players_cf_embed=notes,odds,player_stats,positions,player_match_stats&round=2.json
2026-06-15 07:03:35 [INFO] website.data.api_ingest — Saved players \u2192 players_cf_embed=notes,odds,player_stats,positions,player_match_stats&round=3.json
2026-06-15 07:03:35 [INFO] website.data.api_ingest — Saved players \u2192 players_cf_embed=notes,odds,player_stats,positions,player_match_stats&round=4.json
2026-06-15 07:03:36 [INFO] website.data.api_ingest — Saved players \u2192 players_cf_embed=notes,odds,player_stats,positions,player_match_stats&round=5.json
2026-06-15 07:03:36 [INFO] website.data.api_ingest — Saved players \u2192 players_cf_embed=notes,odds,player_stats,positions,player_match_stats&round=6.json
2026-06-15 07:03:37 [INFO] website.data.api_ingest — Saved players \u2192 players_cf_embed=notes,odds,player_stats,positions,player_match_stats&round=7.json
2026-06-15 07:03:38 [INFO] website.data.api_ingest — Saved players \u2192 players_cf_embed=notes,odds,player_stats,positions,player_match_stats&round=8.json
2026-06-15 07:03:38 [INFO] website.data.api_ingest — Saved players \u2192 players_cf_embed=notes,odds,player_stats,positions,player_match_stats&round=9.json
2026-06-15 07:03:39 [INFO] website.data.api_ingest — Saved players \u2192 players_cf_embed=notes,odds,player_stats,positions,player_match_stats&round=10.json
2026-06-15 07:03:39 [INFO] website.data.api_ingest — Saved players \u2192 players_cf_embed=notes,odds,player_stats,positions,player_match_stats&round=11.json
2026-06-15 07:03:40 [INFO] website.data.api_ingest — Saved players \u2192 players_cf_embed=notes,odds,player_stats,positions,player_match_stats&round=12.json
2026-06-15 07:03:40 [INFO] website.data.api_ingest — Saved players \u2192 players_cf_embed=notes,odds,player_stats,positions,player_match_stats&round=13.json
2026-06-15 07:03:41 [INFO] website.data.api_ingest — Saved players \u2192 players_cf_embed=notes,odds,player_stats,positions,player_match_stats&round=14.json
2026-06-15 07:03:41 [INFO] website.data.api_ingest — Refresh complete: 112 ladder, 112 fixture, 2576 player-match rows (rounds 1–14).
2026-06-15 07:03:45 [INFO] waiver — [4f] Updating master_player_data.csv with 2026 current-season data...
2026-06-15 07:03:45 [INFO] root — Step 3: Preparing fanfooty enrichment data...
2026-06-15 07:03:46 [INFO] root —   Loaded 138031 fanfooty records
2026-06-15 07:03:46 [INFO] root —   Prepared 134320 unique fanfooty enrichment records
2026-06-15 07:03:46 [INFO] root — update_current_season: fanfooty enrichment matched 2182/2576 rows
2026-06-15 07:03:46 [INFO] root — Loading DFS Australia data...
2026-06-15 07:03:46 [INFO] root —   Loaded 2274 DFS rows across 1 seasons
2026-06-15 07:03:46 [INFO] root — Merging DFS Australia data...
2026-06-15 07:03:46 [INFO] root —   DFS merge: 798/2576 rows matched on CBA%
2026-06-15 07:03:50 [INFO] root — update_current_season: added 2576 rows for 2026 \u2192 data\processed\master_player_data.csv
2026-06-15 07:03:50 [INFO] waiver — [4f] master_player_data.csv: 2576 rows added for 2026.
2026-06-15 07:03:50 [INFO] waiver — [4g] Generating Round 15 predictions...
2026-06-15 07:05:07 [INFO] waiver — [4g] Round 15 predictions generated.
2026-06-15 07:05:07 [INFO] waiver — [4/9] Loading current-season scores...
2026-06-15 07:05:08 [INFO] waiver.data_loader — Loaded 2026 season scores from SC API (14 rounds) + fanfooty supplement: 624 players.
2026-06-15 07:05:08 [INFO] waiver — [4b-validate] Validating round 14 data coverage...
2026-06-15 07:05:08 [INFO] root — Fetching fixture data from: https://www.fanfooty.com.au/game/archive.php?year=2026
2026-06-15 07:05:09 [INFO] root — Found 7 unique matches for Round 14: ['9815', '9816', '9817', '9818', '9819', '9820', '9821']
2026-06-15 07:05:09 [INFO] waiver — [4c] Fetching lineup for round 15...
2026-06-15 07:05:09 [INFO] waiver.league_api — Fetching lineup from https://www.supercoach.com.au/2026/api/afl/draft/v1/userteams/136934/statsPlayers?round=15
2026-06-15 07:05:09 [INFO] waiver.league_api — Lineup fetched: 19 on field, 4 bench (23 total).
2026-06-15 07:05:09 [INFO] waiver — [4d] Refreshing coach list from SC API ladder...
2026-06-15 07:05:09 [INFO] waiver.league_api — Refreshing SC bearer token via Auth0...
2026-06-15 07:05:10 [INFO] waiver.league_api — SC token refreshed successfully.
2026-06-15 07:05:10 [INFO] waiver.league_api — Fetching league teams from https://www.supercoach.com.au/2026/api/afl/draft/v1/leagues/14889/ladderAndFixtures?round=14&scores=true
2026-06-15 07:05:10 [INFO] waiver.league_api — Fetched 8 teams from ladder league 14889 (round 14).
2026-06-15 07:05:10 [INFO] waiver — coach_list.csv refreshed with 8 teams \u2192 G:\My Drive\projects\sc-player-data\data\live\coach_list.csv
2026-06-15 07:05:10 [INFO] waiver — [5/9] Building player table...
2026-06-15 07:05:10 [INFO] waiver.data_loader — Player table built: 781 total, 598 free agents, 23 on my roster, 0 on my roster with injury/suspension.
2026-06-15 07:05:10 [INFO] waiver — [6/9] Loading historical fanfooty data and computing metrics...
2026-06-15 07:05:21 [INFO] waiver.data_loader — Loaded 137617 historical game records across 16 seasons.
2026-06-15 07:05:24 [INFO] waiver.metrics — Metrics computed for 781 players. Replacement levels: {'DEF': '84.9', 'MID': '103.0', 'RUC': '82.2', 'FWD': '85.2', 'FLEX': '103.0'}
2026-06-15 07:05:24 [INFO] waiver — [7/9] Loading model predictions...
2026-06-15 07:05:24 [INFO] waiver.data_loader — Loaded Round 15 predictions: 614 players, avg projected score = 56.4.
2026-06-15 07:05:24 [INFO] waiver — Predictions for Round 15 merged: 612 players have projected scores.
2026-06-15 07:05:24 [INFO] waiver — [7b] Applying historical sanity checks to model predictions...
2026-06-15 07:05:24 [INFO] waiver — P(100+) corrected for 13 players based on historical ceiling.
2026-06-15 07:05:24 [INFO] waiver — P(80+) sanity cap applied to players with 2026 actual data.
2026-06-15 07:05:24 [INFO] waiver — Metrics ready: 781 players total, 598 free agents, 23 on my roster, 0 injured on-field.
2026-06-15 07:05:29 [INFO] waiver.dvp — DVP table built: 72 team-position entries from last 6 rounds
2026-06-15 07:05:29 [INFO] root — Fetching fixture for 2026 Round 15 from JSON feed...
2026-06-15 07:05:29 [INFO] root — Successfully built fixture map for 14 teams.
2026-06-15 07:05:29 [INFO] waiver — [7b-pre] DVP table ready (72 entries), 601 player ranks computed.
2026-06-15 07:05:29 [INFO] waiver — [7c] Scoring mid-year jumper and streamer candidates...
2026-06-15 07:05:29 [INFO] waiver.jumper_scorer — Loaded 5336 2026 fanfooty rows across 14 rounds.
2026-06-15 07:05:29 [INFO] waiver.jumper_scorer — Loaded 2026 CBA data: 1511 rows, max round 7.
2026-06-15 07:05:29 [INFO] waiver.jumper_scorer — Scoring 302 FA candidates (avg < 85, games >= 5) for R14 jumper/streamer signals.
2026-06-15 07:05:30 [INFO] waiver.jumper_scorer — Jumper candidates: 34 (score >= 0.55, career/avg3 ceiling) | Streamer candidates: 8 (signals >= 2, avg3 >= 80)
2026-06-15 07:05:30 [INFO] waiver — Jumper/streamer scoring done: 5 mover candidates, 5 streamer candidates.
2026-06-15 07:05:30 [INFO] waiver — [8b] Refreshing AFL fixture schedule...
2026-06-15 07:05:30 [INFO] waiver.fixture_schedule — AFL fixture loaded: 207 games across rounds 0–24.
2026-06-15 07:05:30 [INFO] waiver.fixture_schedule — waiver_schedule.bat updated — 10 future rounds scheduled. Run as Administrator: G:\My Drive\projects\sc-player-data\waiver_schedule.bat
2026-06-15 07:05:30 [INFO] waiver — waiver_schedule.bat updated — newsletter will prompt re-registration.
2026-06-15 07:05:30 [INFO] waiver — [8c] Computing DVP matchup intel (reusing pre-built table)...
2026-06-15 07:05:30 [INFO] root — Fetching fixture for 2026 Round 15 from JSON feed...
2026-06-15 07:05:30 [INFO] root — Successfully built fixture map for 14 teams.
2026-06-15 07:05:30 [INFO] root — Fetching fixture for 2026 Round 16 from JSON feed...
2026-06-15 07:05:31 [INFO] root — Successfully built fixture map for 14 teams.
2026-06-15 07:05:31 [INFO] root — Fetching fixture for 2026 Round 17 from JSON feed...
2026-06-15 07:05:31 [INFO] root — Successfully built fixture map for 18 teams.
2026-06-15 07:05:31 [INFO] waiver — DVP done: 12 matchup targets, 5 schedule streamers.
2026-06-15 07:05:31 [INFO] waiver — [9/9] Generating newsletter...
2026-06-15 07:05:31 [INFO] waiver.data_loader — Loaded 201 news mentions (last 7 days)
2026-06-15 07:05:31 [INFO] waiver.newsletter — News sentiment loaded: 175 players with recent mentions.
2026-06-15 07:06:03 [INFO] httpx — HTTP Request: POST https://api.anthropic.com/v1/messages "HTTP/1.1 200 OK"
2026-06-15 07:06:07 [INFO] httpx — HTTP Request: POST https://api.anthropic.com/v1/messages "HTTP/1.1 200 OK"
2026-06-15 07:06:11 [INFO] httpx — HTTP Request: POST https://api.anthropic.com/v1/messages "HTTP/1.1 200 OK"
2026-06-15 07:06:15 [INFO] httpx — HTTP Request: POST https://api.anthropic.com/v1/messages "HTTP/1.1 200 OK"
2026-06-15 07:06:15 [INFO] waiver.newsletter — Newsletter written to G:\My Drive\projects\sc-player-data\reports\waiver_2026_rd14_2026-06-15.md
2026-06-15 07:06:15 [INFO] waiver — Emailing newsletter to richardsmark@outlook.com...
2026-06-15 07:06:23 [INFO] waiver.emailer — Newsletter emailed to richardsmark@outlook.com.
2026-06-15 07:06:23 [INFO] waiver — [10/10] Deploying static site to GitHub Pages...
2026-06-15 07:06:23 [INFO] deploy_github_pages — Building static site...
2026-06-15 07:07:04 [INFO] deploy_github_pages — Static site built.
2026-06-15 07:07:04 [INFO] deploy_github_pages — Cloning https://github.com/mark-richards/asl-hub.git to C:\Users\Richa\AppData\Local\Temp\asl-hub-deploy-o2p5fjpg...
2026-06-15 07:07:06 [INFO] deploy_github_pages — Pushing to https://github.com/mark-richards/asl-hub.git (main)...
2026-06-15 07:07:08 [INFO] deploy_github_pages — GitHub Pages updated: https://mark-richards.github.io/asl-hub/
2026-06-15 07:07:08 [INFO] waiver — Done. Newsletter saved to: G:\My Drive\projects\sc-player-data\reports\waiver_2026_rd14_2026-06-15.md

======================================================================
SCRAPE COMPLETE
======================================================================
  Articles stored:   12
  Player mentions:   142

Name                      FeedID     Tier   Tags                           Headline
----------------------------------------------------------------------------------------------------
  Surface area            NULL       UNRES                                 Oval, stadium, park: How AFLW venues impact g
  Avg combined score      NULL       UNRES                                 Oval, stadium, park: How AFLW venues impact g
  Laverde in hot water    NULL       UNRES                                 Saints steady the ship with giant scalp over 
  Sharman's hot patch     NULL       UNRES                                 Saints steady the ship with giant scalp over 
  ST KILDA                NULL       UNRES                                 Saints steady the ship with giant scalp over 
  GREATER WESTERN SYDNEY  NULL       UNRES                                 Saints steady the ship with giant scalp over 
  Finnbar Maley           1031792    EXACT                                 Around the state leagues: Saint responds, Dem
  Reilly O'Brien          297523     EXACT                                 Around the state leagues: Saint responds, Dem
  Mark Keane              1013974    EXACT  return                         Around the state leagues: Saint responds, Dem
  Billy Dowling           1015329    EXACT  return                         Around the state leagues: Saint responds, Dem
  Charlie Edwards         1028671    EXACT  return                         Around the state leagues: Saint responds, Dem
  Mitchell Marsh          1031747    EXACT                                 Around the state leagues: Saint responds, Dem
  Oscar Ryan              1027893    EXACT                                 Around the state leagues: Saint responds, Dem
  Hugh Bond               1023534    EXACT                                 Around the state leagues: Saint responds, Dem
  Archie Ludowyke         1033053    EXACT                                 Around the state leagues: Saint responds, Dem
  Lachlan Sholl           1006136    EXACT                                 Around the state leagues: Saint responds, Dem
  Sid Draper              1022607    EXACT                                 Around the state leagues: Saint responds, Dem
  Sam Marshall            1028520    EXACT                                 Around the state leagues: Saint responds, Dem
  Zane Zakostelsky        1032650    EXACT  role_change                    Around the state leagues: Saint responds, Dem
  Luke Lloyd              1027985    EXACT  role_change                    Around the state leagues: Saint responds, Dem

Database: G:\My Drive\projects\sc-player-data\data\afl_news.db
2026-06-22 07:00:39 [INFO] waiver — ============================================================
2026-06-22 07:00:39 [INFO] waiver — Waiver Newsletter Pipeline — Season 2026
2026-06-22 07:00:39 [INFO] waiver — ============================================================
2026-06-22 07:00:41 [INFO] afl_news_scraper — News DB is stale — running scraper...
2026-06-22 07:00:41 [INFO] afl_news_scraper — Database ready: data\afl_news.db
2026-06-22 07:00:41 [INFO] afl_news_scraper — Loaded 780 players from draft_prep\SC 2026\2026_SC_Player_list.csv
2026-06-22 07:00:55 [INFO] afl_news_scraper — === Scraping 3 pages from AFL.com.au/news ===
2026-06-22 07:00:55 [INFO] afl_news_scraper — Fetching listing: https://www.afl.com.au/news/all-news
2026-06-22 07:01:25 [WARNING] afl_news_scraper — Timeout waiting for networkidle — proceeding with DOM as-is
2026-06-22 07:01:26 [INFO] afl_news_scraper —   Found 12 article links
2026-06-22 07:01:26 [INFO] afl_news_scraper — Loading page 2 of 3…
2026-06-22 07:01:34 [WARNING] afl_news_scraper —   No 'Load more' button found — trying URL param ?page=2
2026-06-22 07:01:34 [INFO] afl_news_scraper — Fetching listing: https://www.afl.com.au/news/all-news?page=2
2026-06-22 07:01:36 [INFO] afl_news_scraper —   Found 12 article links
2026-06-22 07:01:39 [INFO] afl_news_scraper — Loading page 3 of 3…
2026-06-22 07:01:39 [INFO] afl_news_scraper —   Clicked 'button:has-text("Show more")'
2026-06-22 07:01:40 [INFO] afl_news_scraper —   Total articles after page 3: 24
2026-06-22 07:01:40 [INFO] afl_news_scraper — Total article links collected: 24
2026-06-22 07:01:45 [INFO] afl_news_scraper —   Fetching article: https://www.afl.com.au/aflw/news/1538539/carlton-blues-recruit-brooke-boileau-a-…
2026-06-22 07:01:46 [INFO] afl_news_scraper —   Bold candidates: ['AFLW VIDEOS', 'AFLW NEWS']
2026-06-22 07:01:46 [INFO] afl_news_scraper —     AFLW VIDEOS               [UNRESOLVED] \u2192 UNRESOLVED | tags=['form']
2026-06-22 07:01:46 [INFO] afl_news_scraper —     AFLW NEWS                 [UNRESOLVED] \u2192 UNRESOLVED | tags=[]
2026-06-22 07:01:49 [INFO] afl_news_scraper —   Fetching article: https://www.afl.com.au/news/1545185/st-kilda-saints-trio-jack-sinclair-tom-de-ko…
2026-06-22 07:01:50 [INFO] afl_news_scraper —   Bold candidates: []
2026-06-22 07:01:55 [INFO] afl_news_scraper —   Fetching article: https://www.afl.com.au/news/1546066/afl-daily-listen-dogs-gritty-win-injury-conc…
2026-06-22 07:01:56 [INFO] afl_news_scraper —   Bold candidates: []
2026-06-22 07:01:59 [INFO] afl_news_scraper —   Fetching article: https://www.afl.com.au/news/1542273/around-the-state-leagues-hawks-mids-burn-sun…
2026-06-22 07:02:00 [INFO] afl_news_scraper —   Bold candidates: ['Billy Dowling', 'Finnbar Maley', 'Lachie Sholl', 'Sid Draper', 'Oscar Ryan']…
2026-06-22 07:02:00 [INFO] afl_news_scraper —     Billy Dowling             [EXACT] \u2192 Dowling | tags=[]
2026-06-22 07:02:00 [INFO] afl_news_scraper —     Finnbar Maley             [EXACT] \u2192 Maley | tags=[]
2026-06-22 07:02:00 [INFO] afl_news_scraper —     Lachie Sholl              [SURNAME] \u2192 Sholl | tags=[]
2026-06-22 07:02:00 [INFO] afl_news_scraper —     Sid Draper                [EXACT] \u2192 Draper | tags=[]
2026-06-22 07:02:00 [INFO] afl_news_scraper —     Oscar Ryan                [EXACT] \u2192 Ryan | tags=[]
2026-06-22 07:02:00 [INFO] afl_news_scraper —     Chayce Jones              [EXACT] \u2192 Jones | tags=[]
2026-06-22 07:02:00 [INFO] afl_news_scraper —     Reilly O'Brien            [EXACT] \u2192 O'Brien | tags=[]
2026-06-22 07:02:00 [INFO] afl_news_scraper —     Hugh Bond                 [EXACT] \u2192 Bond | tags=[]
2026-06-22 07:02:00 [INFO] afl_news_scraper —     Charlie Edwards           [EXACT] \u2192 Edwards | tags=[]
2026-06-22 07:02:01 [INFO] afl_news_scraper —     Mitch Marsh               [SURNAME] \u2192 Marsh | tags=['role_change']
2026-06-22 07:02:01 [INFO] afl_news_scraper —     Archie Ludowyke           [EXACT] \u2192 Ludowyke | tags=['role_change']
2026-06-22 07:02:01 [INFO] afl_news_scraper —     Oliver Hollands           [EXACT] \u2192 Hollands | tags=[]
2026-06-22 07:02:01 [INFO] afl_news_scraper —     Jordan Boyd               [EXACT] \u2192 Boyd | tags=[]
2026-06-22 07:02:01 [INFO] afl_news_scraper —     Flynn Riley               [UNRESOLVED] \u2192 UNRESOLVED | tags=['role_change', 'form']
2026-06-22 07:02:01 [INFO] afl_news_scraper —     Harry Charleson           [EXACT] \u2192 Charleson | tags=['role_change', 'form']
2026-06-22 07:02:01 [INFO] afl_news_scraper —     Cooper Lord               [EXACT] \u2192 Lord | tags=[]
2026-06-22 07:02:01 [INFO] afl_news_scraper —     Flynn Young               [EXACT] \u2192 Young | tags=[]
2026-06-22 07:02:01 [INFO] afl_news_scraper —     Zac Williams              [EXACT] \u2192 Williams | tags=[]
2026-06-22 07:02:01 [INFO] afl_news_scraper —     Ashton Moir               [EXACT] \u2192 Moir | tags=[]
2026-06-22 07:02:01 [INFO] afl_news_scraper —     Adam Saad                 [EXACT] \u2192 Saad | tags=[]
2026-06-22 07:02:01 [INFO] afl_news_scraper —     Lewis Young               [EXACT] \u2192 Young | tags=[]
2026-06-22 07:02:01 [INFO] afl_news_scraper —     Lucas Camporeale          [EXACT] \u2192 Camporeale | tags=[]
2026-06-22 07:02:01 [INFO] afl_news_scraper —     Hudson O'Keeffe           [EXACT] \u2192 O'Keeffe | tags=[]
2026-06-22 07:02:01 [INFO] afl_news_scraper —     Campbell Chesser          [EXACT] \u2192 Chesser | tags=[]
2026-06-22 07:02:01 [INFO] afl_news_scraper —     Charlie West              [EXACT] \u2192 West | tags=['role_change']
2026-06-22 07:02:01 [INFO] afl_news_scraper —     Jakob Ryan                [EXACT] \u2192 Ryan | tags=['selection']
2026-06-22 07:02:01 [INFO] afl_news_scraper —     Angus Anderson            [EXACT] \u2192 Anderson | tags=['selection']
2026-06-22 07:02:01 [INFO] afl_news_scraper —     Harry DeMattia            [EXACT] \u2192 DeMattia | tags=['selection']
2026-06-22 07:02:02 [INFO] afl_news_scraper —     Iliro Smit                [EXACT] \u2192 Smit | tags=['selection']
2026-06-22 07:02:02 [INFO] afl_news_scraper —     Harrison Coe              [UNRESOLVED] \u2192 UNRESOLVED | tags=[]
2026-06-22 07:02:02 [INFO] afl_news_scraper —     Lachlan Sullivan          [EXACT] \u2192 Sullivan | tags=[]
2026-06-22 07:02:02 [INFO] afl_news_scraper —     Tew Jiath                 [EXACT] \u2192 Jiath | tags=[]
2026-06-22 07:02:02 [INFO] afl_news_scraper —     Wil Parker                [EXACT] \u2192 Parker | tags=[]
2026-06-22 07:02:02 [INFO] afl_news_scraper —     Liam Puncher              [UNRESOLVED] \u2192 UNRESOLVED | tags=[]
2026-06-22 07:02:02 [INFO] afl_news_scraper —     Joel Cochran              [EXACT] \u2192 Cochran | tags=[]
2026-06-22 07:02:02 [INFO] afl_news_scraper —     Jai Saxena                [EXACT] \u2192 Saxena | tags=[]
2026-06-22 07:02:02 [INFO] afl_news_scraper —     Jeremy Sharp              [EXACT] \u2192 Sharp | tags=['form']
2026-06-22 07:02:02 [INFO] afl_news_scraper —     Bailey Banfield           [EXACT] \u2192 Banfield | tags=[]
2026-06-22 07:02:02 [INFO] afl_news_scraper —     Cooper Simpson            [EXACT] \u2192 Simpson | tags=[]
2026-06-22 07:02:02 [INFO] afl_news_scraper —     Sean Darcy                [EXACT] \u2192 Darcy | tags=['return', 'selection']
2026-06-22 07:02:02 [INFO] afl_news_scraper —     Corey Wagner              [EXACT] \u2192 Wagner | tags=['return', 'selection']
2026-06-22 07:02:02 [INFO] afl_news_scraper —     Jaeger O'Meara            [EXACT] \u2192 O'Meara | tags=['return', 'selection']
2026-06-22 07:02:02 [INFO] afl_news_scraper —     Oscar McDonald            [EXACT] \u2192 McDonald | tags=['return', 'selection']
2026-06-22 07:02:02 [INFO] afl_news_scraper —     Tobyn Murray              [EXACT] \u2192 Murray | tags=['selection']
2026-06-22 07:02:02 [INFO] afl_news_scraper —     Charlie Nicholls          [EXACT] \u2192 Nicholls | tags=[]
2026-06-22 07:02:02 [INFO] afl_news_scraper —     Hugh Davies               [EXACT] \u2192 Davies | tags=[]
2026-06-22 07:02:03 [INFO] afl_news_scraper —     Jaren Carr                [EXACT] \u2192 Carr | tags=[]
2026-06-22 07:02:03 [INFO] afl_news_scraper —     Chris Scerri              [UNRESOLVED] \u2192 UNRESOLVED | tags=[]
2026-06-22 07:02:03 [INFO] afl_news_scraper —     RookieJesse Mellor        [SURNAME] \u2192 Mellor | tags=[]
2026-06-22 07:02:03 [INFO] afl_news_scraper —     Lennox Hoffman            [FUZZY] \u2192 Hofmann | tags=[]
2026-06-22 07:02:03 [INFO] afl_news_scraper —     Young ruckJoe Pike        [SURNAME] \u2192 Pike | tags=[]
2026-06-22 07:02:03 [INFO] afl_news_scraper —     Nick Driscoll             [SURNAME] \u2192 Driscoll | tags=[]
2026-06-22 07:02:03 [INFO] afl_news_scraper —     Exciting prospectDylan Patterson [SURNAME] \u2192 Patterson | tags=[]
2026-06-22 07:02:03 [INFO] afl_news_scraper —     Lachlan Gulbin            [EXACT] \u2192 Gulbin | tags=['contract', 'selection']
2026-06-22 07:02:03 [INFO] afl_news_scraper —     Charlie Ballard           [EXACT] \u2192 Ballard | tags=[]
2026-06-22 07:02:03 [INFO] afl_news_scraper —     Ethan Read                [EXACT] \u2192 Read | tags=['injury', 'return']
2026-06-22 07:02:03 [INFO] afl_news_scraper —     Jamarra Ugle-Hagan        [EXACT] \u2192 Ugle-Hagan | tags=['injury', 'return']
2026-06-22 07:02:03 [INFO] afl_news_scraper —     Elliott Himmelberg        [EXACT] \u2192 Himmelberg | tags=[]
2026-06-22 07:02:03 [INFO] afl_news_scraper —     Riley Hamilton            [EXACT] \u2192 Hamilton | tags=['role_change', 'contract']
2026-06-22 07:02:03 [INFO] afl_news_scraper —     Jack Ough                 [EXACT] \u2192 Ough | tags=[]
2026-06-22 07:02:03 [INFO] afl_news_scraper —     Josaia Delana             [EXACT] \u2192 Delana | tags=['role_change']
2026-06-22 07:02:03 [INFO] afl_news_scraper —     Cody Angove               [EXACT] \u2192 Angove | tags=['role_change']
2026-06-22 07:02:03 [INFO] afl_news_scraper —     James Leake               [EXACT] \u2192 Leake | tags=[]
2026-06-22 07:02:03 [INFO] afl_news_scraper —     Oskar Taylor              [EXACT] \u2192 Taylor | tags=[]
2026-06-22 07:02:03 [INFO] afl_news_scraper —     Harrison Oliver           [EXACT] \u2192 Oliver | tags=[]
2026-06-22 07:02:03 [INFO] afl_news_scraper —     Finnegan Davis            [EXACT] \u2192 Davis | tags=[]
2026-06-22 07:02:04 [INFO] afl_news_scraper —     Sam Butler                [EXACT] \u2192 Butler | tags=['role_change', 'form']
2026-06-22 07:02:04 [INFO] afl_news_scraper —     Henry Hustwaite           [EXACT] \u2192 Hustwaite | tags=['role_change', 'form']
2026-06-22 07:02:04 [INFO] afl_news_scraper —     Finn Maginness            [EXACT] \u2192 Maginness | tags=['role_change', 'form']
2026-06-22 07:02:04 [INFO] afl_news_scraper —     Oliver Greeves            [EXACT] \u2192 Greeves | tags=[]
2026-06-22 07:02:04 [INFO] afl_news_scraper —     Jack Dalton               [EXACT] \u2192 Dalton | tags=[]
2026-06-22 07:02:04 [INFO] afl_news_scraper —     Will McCabe               [SURNAME] \u2192 McCabe | tags=[]
2026-06-22 07:02:04 [INFO] afl_news_scraper —     Calsher Dear              [EXACT] \u2192 Dear | tags=[]
2026-06-22 07:02:04 [INFO] afl_news_scraper —     Aidan Schubert            [EXACT] \u2192 Schubert | tags=[]
2026-06-22 07:02:04 [INFO] afl_news_scraper —     Bodie Ryan                [EXACT] \u2192 Ryan | tags=[]
2026-06-22 07:02:04 [INFO] afl_news_scraper —     Max Ramsden               [EXACT] \u2192 Ramsden | tags=[]
2026-06-22 07:02:04 [INFO] afl_news_scraper —     James Blanck              [EXACT] \u2192 Blanck | tags=[]
2026-06-22 07:02:04 [INFO] afl_news_scraper —     Cody Anderson             [EXACT] \u2192 Anderson | tags=[]
2026-06-22 07:02:04 [INFO] afl_news_scraper —     Matt Hill                 [EXACT] \u2192 Hill | tags=[]
2026-06-22 07:02:04 [INFO] afl_news_scraper —     Noah Mraz                 [EXACT] \u2192 Mraz | tags=[]
2026-06-22 07:02:04 [INFO] afl_news_scraper —     Latrelle Pickett          [EXACT] \u2192 Pickett | tags=[]
2026-06-22 07:02:04 [INFO] afl_news_scraper —     Bailey Laurie             [EXACT] \u2192 Laurie | tags=[]
2026-06-22 07:02:04 [INFO] afl_news_scraper —     Mid-season pickupMax Mapley [UNRESOLVED] \u2192 UNRESOLVED | tags=[]
2026-06-22 07:02:04 [INFO] afl_news_scraper —     Xavier Taylor             [EXACT] \u2192 Taylor | tags=[]
2026-06-22 07:02:04 [INFO] afl_news_scraper —     Bailey Scott              [EXACT] \u2192 Scott | tags=[]
2026-06-22 07:02:04 [INFO] afl_news_scraper —     Zac Fisher                [EXACT] \u2192 Fisher | tags=['form']
2026-06-22 07:02:05 [INFO] afl_news_scraper —     Oliver Griffin            [UNRESOLVED] \u2192 UNRESOLVED | tags=['role_change']
2026-06-22 07:02:05 [INFO] afl_news_scraper —     Brayden George            [EXACT] \u2192 George | tags=['role_change']
2026-06-22 07:02:05 [INFO] afl_news_scraper —     Zac Banch                 [EXACT] \u2192 Banch | tags=['role_change']
2026-06-22 07:02:05 [INFO] afl_news_scraper —     Matt Whitlock             [EXACT] \u2192 Whitlock | tags=[]
2026-06-22 07:02:05 [INFO] afl_news_scraper —     Griffin Logue             [EXACT] \u2192 Logue | tags=['selection']
2026-06-22 07:02:05 [INFO] afl_news_scraper —     Wil Dawson                [EXACT] \u2192 Dawson | tags=['selection']
2026-06-22 07:02:05 [INFO] afl_news_scraper —     Callum Coleman-Jones      [EXACT] \u2192 Coleman-Jones | tags=[]
2026-06-22 07:02:05 [INFO] afl_news_scraper —     Lachy Dovaston            [EXACT] \u2192 Dovaston | tags=[]
2026-06-22 07:02:05 [INFO] afl_news_scraper —     Riley Hardeman            [EXACT] \u2192 Hardeman | tags=[]
2026-06-22 07:02:05 [INFO] afl_news_scraper —     Josh Goater               [EXACT] \u2192 Goater | tags=[]
2026-06-22 07:02:05 [INFO] afl_news_scraper —     River Stevens             [EXACT] \u2192 Stevens | tags=[]
2026-06-22 07:02:05 [INFO] afl_news_scraper —     Robert Hansen jnr         [FUZZY] \u2192 Hansen Jr | tags=[]
2026-06-22 07:02:05 [INFO] afl_news_scraper —     Hugo Mikunda              [EXACT] \u2192 Mikunda | tags=[]
2026-06-22 07:02:05 [INFO] afl_news_scraper —     Will Brodie               [EXACT] \u2192 Brodie | tags=['role_change']
2026-06-22 07:02:05 [INFO] afl_news_scraper —     Will Lorenz               [EXACT] \u2192 Lorenz | tags=['role_change']
2026-06-22 07:02:05 [INFO] afl_news_scraper —     Alex Van Wyk              [UNRESOLVED] \u2192 UNRESOLVED | tags=['role_change', 'form']
2026-06-22 07:02:05 [INFO] afl_news_scraper —     Christian Moraes          [EXACT] \u2192 Moraes | tags=['role_change']
2026-06-22 07:02:05 [INFO] afl_news_scraper —     Mitch Zadow               [UNRESOLVED] \u2192 UNRESOLVED | tags=[]
2026-06-22 07:02:05 [INFO] afl_news_scraper —     Jack Watkins              [EXACT] \u2192 Watkins | tags=[]
2026-06-22 07:02:06 [INFO] afl_news_scraper —     Dante Visentini           [EXACT] \u2192 Visentini | tags=[]
2026-06-22 07:02:06 [INFO] afl_news_scraper —     Jacob Wehr                [EXACT] \u2192 Wehr | tags=[]
2026-06-22 07:02:06 [INFO] afl_news_scraper —     Tom Anastasopoulos        [EXACT] \u2192 Anastasopoulos | tags=[]
2026-06-22 07:02:06 [INFO] afl_news_scraper —     Benny Barrett             [EXACT] \u2192 Barrett | tags=[]
2026-06-22 07:02:06 [INFO] afl_news_scraper —     Jacob Moss                [EXACT] \u2192 Moss | tags=[]
2026-06-22 07:02:06 [INFO] afl_news_scraper —     Mani Liddy                [EXACT] \u2192 Liddy | tags=[]
2026-06-22 07:02:06 [INFO] afl_news_scraper —     Xavier Walsh              [EXACT] \u2192 Walsh | tags=[]
2026-06-22 07:02:06 [INFO] afl_news_scraper —     Rhyan Mansell             [EXACT] \u2192 Mansell | tags=[]
2026-06-22 07:02:06 [INFO] afl_news_scraper —     Zane Peucker              [EXACT] \u2192 Peucker | tags=[]
2026-06-22 07:02:06 [INFO] afl_news_scraper —     Tom Burton                [FUZZY] \u2192 Brown | tags=[]
2026-06-22 07:02:06 [INFO] afl_news_scraper —     Kaleb Smith               [EXACT] \u2192 Smith | tags=['role_change', 'form', 'selection']
2026-06-22 07:02:06 [INFO] afl_news_scraper —     Ollie Hayes-Brown         [FUZZY] \u2192 Hayes-Brown | tags=['role_change', 'form', 'selection']
2026-06-22 07:02:06 [INFO] afl_news_scraper —     Samson Ryan               [EXACT] \u2192 Ryan | tags=['role_change', 'selection']
2026-06-22 07:02:06 [INFO] afl_news_scraper —     Kane McAuliffe            [EXACT] \u2192 McAuliffe | tags=['role_change']
2026-06-22 07:02:06 [INFO] afl_news_scraper —     Noah Roberts-Thomson      [EXACT] \u2192 Roberts-Thomson | tags=['role_change']
2026-06-22 07:02:06 [INFO] afl_news_scraper —     Alix Tauru                [SURNAME] \u2192 Tauru | tags=[]
2026-06-22 07:02:06 [INFO] afl_news_scraper —     Mattaes Phillipou         [EXACT] \u2192 Phillipou | tags=['form']
2026-06-22 07:02:06 [INFO] afl_news_scraper —     Jack Carroll              [EXACT] \u2192 Carroll | tags=[]
2026-06-22 07:02:07 [INFO] afl_news_scraper —     Lance Collard             [EXACT] \u2192 Collard | tags=['selection']
2026-06-22 07:02:07 [INFO] afl_news_scraper —     Tobie Travaglia           [EXACT] \u2192 Travaglia | tags=['selection']
2026-06-22 07:02:07 [INFO] afl_news_scraper —     Liam Henry                [EXACT] \u2192 Henry | tags=['selection']
2026-06-22 07:02:07 [INFO] afl_news_scraper —     Isaac Keeler              [EXACT] \u2192 Keeler | tags=[]
2026-06-22 07:02:07 [INFO] afl_news_scraper —     Hugh Boxshall             [EXACT] \u2192 Boxshall | tags=[]
2026-06-22 07:02:07 [INFO] afl_news_scraper —     Eamonn Armstrong          [EXACT] \u2192 Armstrong | tags=[]
2026-06-22 07:02:07 [INFO] afl_news_scraper —     Kye Fincher               [EXACT] \u2192 Fincher | tags=[]
2026-06-22 07:02:07 [INFO] afl_news_scraper —     Liam O'Connell            [EXACT] \u2192 O'Connell | tags=[]
2026-06-22 07:02:07 [INFO] afl_news_scraper —     Josh Dolan                [EXACT] \u2192 Dolan | tags=['selection']
2026-06-22 07:02:07 [INFO] afl_news_scraper —     Jedd Busslinger           [EXACT] \u2192 Busslinger | tags=['selection']
2026-06-22 07:02:07 [INFO] afl_news_scraper —     Luke Cleary               [EXACT] \u2192 Cleary | tags=['role_change']
2026-06-22 07:02:07 [INFO] afl_news_scraper —     Lachie Smith              [UNRESOLVED] \u2192 UNRESOLVED | tags=['role_change', 'selection']
2026-06-22 07:02:07 [INFO] afl_news_scraper —     Caleb May                 [UNRESOLVED] \u2192 UNRESOLVED | tags=['role_change']
2026-06-22 07:02:07 [INFO] afl_news_scraper —     Lachie Carmichael         [SURNAME] \u2192 Carmichael | tags=[]
2026-06-22 07:02:07 [INFO] afl_news_scraper —     Laitham Vandermeer        [EXACT] \u2192 Vandermeer | tags=[]
2026-06-22 07:02:07 [INFO] afl_news_scraper —     Sam Davidson              [EXACT] \u2192 Davidson | tags=[]
2026-06-22 07:02:07 [INFO] afl_news_scraper —   Fetching article: https://www.afl.com.au/news/1545180/north-melbourne-kangaroos-still-with-a-lot-o…
2026-06-22 07:02:08 [INFO] afl_news_scraper —   Bold candidates: []
2026-06-22 07:02:11 [INFO] afl_news_scraper —   Fetching article: https://www.afl.com.au/news/1542263/seven-things-we-learned-hawthorn-hawks-midfi…
2026-06-22 07:02:12 [INFO] afl_news_scraper —   Bold candidates: []
2026-06-22 07:02:16 [INFO] afl_news_scraper —   Fetching article: https://www.afl.com.au/news/1545182/western-bulldogs-grind-out-crucial-win-over-…
2026-06-22 07:02:16 [INFO] afl_news_scraper —   Bold candidates: ["Fears for Saints' co-captain", 'ST KILDA', 'WESTERN BULLDOGS']
2026-06-22 07:02:16 [INFO] afl_news_scraper —     Fears for Saints' co-captain [UNRESOLVED] \u2192 UNRESOLVED | tags=[]
2026-06-22 07:02:16 [INFO] afl_news_scraper —     ST KILDA                  [UNRESOLVED] \u2192 UNRESOLVED | tags=[]
2026-06-22 07:02:16 [INFO] afl_news_scraper —     WESTERN BULLDOGS          [UNRESOLVED] \u2192 UNRESOLVED | tags=[]
2026-06-22 07:02:20 [INFO] afl_news_scraper —   Fetching article: https://www.afl.com.au/news/1545194/cal-culations-carltons-huge-josh-fraser-call…
2026-06-22 07:02:21 [INFO] afl_news_scraper —   Bold candidates: []
2026-06-22 07:02:25 [INFO] afl_news_scraper —   Fetching article: https://www.afl.com.au/news/1542353/south-australian-pair-jack-slattery-and-char…
2026-06-22 07:02:26 [INFO] afl_news_scraper —   Bold candidates: ['Jack Slattery', 'Charlie Bradford', 'Anthony Long', 'Kodah Edwards', 'Jacob McNicol']…
2026-06-22 07:02:26 [INFO] afl_news_scraper —     Jack Slattery             [UNRESOLVED] \u2192 UNRESOLVED | tags=[]
2026-06-22 07:02:26 [INFO] afl_news_scraper —     Charlie Bradford          [UNRESOLVED] \u2192 UNRESOLVED | tags=['role_change']
2026-06-22 07:02:26 [INFO] afl_news_scraper —     Anthony Long              [UNRESOLVED] \u2192 UNRESOLVED | tags=[]
2026-06-22 07:02:26 [INFO] afl_news_scraper —     Kodah Edwards             [UNRESOLVED] \u2192 UNRESOLVED | tags=['form']
2026-06-22 07:02:26 [INFO] afl_news_scraper —     Jacob McNicol             [UNRESOLVED] \u2192 UNRESOLVED | tags=[]
2026-06-22 07:02:26 [INFO] afl_news_scraper —     Memphis Webb              [UNRESOLVED] \u2192 UNRESOLVED | tags=[]
2026-06-22 07:02:26 [INFO] afl_news_scraper —     Jake Eime                 [UNRESOLVED] \u2192 UNRESOLVED | tags=[]
2026-06-22 07:02:26 [INFO] afl_news_scraper —     Kale Matthews-Hampton     [UNRESOLVED] \u2192 UNRESOLVED | tags=[]
2026-06-22 07:02:26 [INFO] afl_news_scraper —     Sam Tassone               [UNRESOLVED] \u2192 UNRESOLVED | tags=[]
2026-06-22 07:02:26 [INFO] afl_news_scraper —     Ethan Herbert             [UNRESOLVED] \u2192 UNRESOLVED | tags=['role_change']
2026-06-22 07:02:26 [INFO] afl_news_scraper —     Caylen Murray             [SURNAME] \u2192 Murray | tags=['form']
2026-06-22 07:02:26 [INFO] afl_news_scraper —     SOUTH AUSTRALIA           [UNRESOLVED] \u2192 UNRESOLVED | tags=[]
2026-06-22 07:02:31 [INFO] afl_news_scraper —   Fetching article: https://www.afl.com.au/news/1545719/match-review-tobys-fines-tally-reaches-eye-w…
2026-06-22 07:02:31 [INFO] afl_news_scraper —   Bold candidates: []
2026-06-22 07:02:36 [INFO] afl_news_scraper —   Fetching article: https://www.afl.com.au/news/1545179/cooper-trembath-stars-as-north-melbourne-kan…
2026-06-22 07:02:36 [INFO] afl_news_scraper —   Bold candidates: ["Not Duursma's day", 'Saving Big X', 'NORTH MELBOURNE']
2026-06-22 07:02:37 [INFO] afl_news_scraper —     Not Duursma's day         [SURNAME] \u2192 Day | tags=[]
2026-06-22 07:02:37 [INFO] afl_news_scraper —     Saving Big X              [UNRESOLVED] \u2192 UNRESOLVED | tags=['role_change']
2026-06-22 07:02:37 [INFO] afl_news_scraper —     NORTH MELBOURNE           [UNRESOLVED] \u2192 UNRESOLVED | tags=[]
2026-06-22 07:02:41 [INFO] afl_news_scraper —   Fetching article: https://www.afl.com.au/news/1542198/follow-it-live-tigers-v-kangaroos-saints-v-b…
2026-06-22 07:02:42 [INFO] afl_news_scraper —   Bold candidates: []
2026-06-22 07:02:42 [INFO] afl_news_scraper —   Already scraped: https://www.afl.com.au/aflw/news/1538539/carlton-blues-recru…
2026-06-22 07:02:42 [INFO] afl_news_scraper —   Already scraped: https://www.afl.com.au/news/1545185/st-kilda-saints-trio-jac…
2026-06-22 07:02:42 [INFO] afl_news_scraper —   Already scraped: https://www.afl.com.au/news/1546066/afl-daily-listen-dogs-gr…
2026-06-22 07:02:42 [INFO] afl_news_scraper —   Already scraped: https://www.afl.com.au/news/1542273/around-the-state-leagues…
2026-06-22 07:02:42 [INFO] afl_news_scraper —   Already scraped: https://www.afl.com.au/news/1545180/north-melbourne-kangaroo…
2026-06-22 07:02:42 [INFO] afl_news_scraper —   Already scraped: https://www.afl.com.au/news/1542263/seven-things-we-learned-…
2026-06-22 07:02:42 [INFO] afl_news_scraper —   Already scraped: https://www.afl.com.au/news/1545182/western-bulldogs-grind-o…
2026-06-22 07:02:42 [INFO] afl_news_scraper —   Already scraped: https://www.afl.com.au/news/1545194/cal-culations-carltons-h…
2026-06-22 07:02:42 [INFO] afl_news_scraper —   Already scraped: https://www.afl.com.au/news/1542353/south-australian-pair-ja…
2026-06-22 07:02:42 [INFO] afl_news_scraper —   Already scraped: https://www.afl.com.au/news/1545719/match-review-tobys-fines…
2026-06-22 07:02:42 [INFO] afl_news_scraper —   Already scraped: https://www.afl.com.au/news/1545179/cooper-trembath-stars-as…
2026-06-22 07:02:42 [INFO] afl_news_scraper —   Already scraped: https://www.afl.com.au/news/1542198/follow-it-live-tigers-v-…
2026-06-22 07:02:45 [INFO] waiver.league_api — Refreshing SC bearer token via Auth0...
2026-06-22 07:02:46 [INFO] waiver.league_api — SC token refreshed successfully.
2026-06-22 07:02:46 [INFO] waiver — [1/9] Fetching player ownership from SC in-season league API...
2026-06-22 07:02:46 [INFO] waiver.league_api — Fetching player status from https://www.supercoach.com.au/2026/api/afl/draft/v1/leagues/14889/playersStatus
2026-06-22 07:02:47 [INFO] waiver.league_api — Fetched status for 812 players; 628 are available (waiver).
2026-06-22 07:02:47 [INFO] waiver — [2/9] Fetching live injury and suspension data...
2026-06-22 07:02:47 [INFO] waiver.league_api — Fetching live player injury data from SC API...
2026-06-22 07:02:48 [INFO] waiver.league_api — Fetched injury data for 812 players; 180 have active injury/suspension.
2026-06-22 07:02:48 [INFO] waiver — Injury cache updated: 180 active injuries.
2026-06-22 07:02:48 [INFO] waiver — [3/9] Loading SC player list...
2026-06-22 07:02:48 [INFO] waiver.data_loader — Loaded 781 players from player list.
2026-06-22 07:02:48 [INFO] waiver — Using round: 14
2026-06-22 07:02:48 [INFO] waiver — [4b] Scraping/processing fanfooty data for 2026 R1–R15 (probing +1)...
2026-06-22 07:02:48 [INFO] waiver — Scraping FanFooty raw data for 2026 R15...
2026-06-22 07:02:48 [INFO] root — Fetching fixture data from: https://www.fanfooty.com.au/game/archive.php?year=2026
2026-06-22 07:02:49 [INFO] root — Found 7 unique matches for Round 15: ['9822', '9823', '9824', '9825', '9826', '9827', '9828']
2026-06-22 07:02:49 [INFO] root — Successfully saved: 9822.txt
2026-06-22 07:02:49 [INFO] root — Successfully saved: 9823.txt
2026-06-22 07:02:49 [INFO] root — Successfully saved: 9824.txt
2026-06-22 07:02:49 [INFO] root — Successfully saved: 9825.txt
2026-06-22 07:02:50 [INFO] root — Successfully saved: 9826.txt
2026-06-22 07:02:50 [INFO] root — Successfully saved: 9827.txt
2026-06-22 07:02:50 [INFO] root — Successfully saved: 9828.txt
2026-06-22 07:02:50 [INFO] waiver — Processing FanFooty data for 2026 R15...
2026-06-22 07:02:50 [INFO] waiver — Saved G:\My Drive\projects\sc-player-data\data\processed\2026_round_15_fanfooty_data.csv
2026-06-22 07:02:50 [INFO] waiver — Round confirmed after scrape: 15
2026-06-22 07:03:07 [INFO] waiver — master_fanfooty_data.csv: appended 322 new rows for 2026 R1–R15
2026-06-22 07:03:07 [INFO] waiver — [4d-pre] Downloading SC player-round data for 2026 R1–R15...
2026-06-22 07:03:09 [INFO] download_2026_statspacks —   Round 1: 812 players saved \u2192 players_round_1.json
2026-06-22 07:03:10 [INFO] download_2026_statspacks —   Round 2: 812 players saved \u2192 players_round_2.json
2026-06-22 07:03:12 [INFO] download_2026_statspacks —   Round 3: 812 players saved \u2192 players_round_3.json
2026-06-22 07:03:14 [INFO] download_2026_statspacks —   Round 4: 812 players saved \u2192 players_round_4.json
2026-06-22 07:03:17 [INFO] download_2026_statspacks —   Round 5: 812 players saved \u2192 players_round_5.json
2026-06-22 07:03:19 [INFO] download_2026_statspacks —   Round 6: 812 players saved \u2192 players_round_6.json
2026-06-22 07:03:20 [INFO] download_2026_statspacks —   Round 7: 812 players saved \u2192 players_round_7.json
2026-06-22 07:03:22 [INFO] download_2026_statspacks —   Round 8: 812 players saved \u2192 players_round_8.json
2026-06-22 07:03:24 [INFO] download_2026_statspacks —   Round 9: 812 players saved \u2192 players_round_9.json
2026-06-22 07:03:26 [INFO] download_2026_statspacks —   Round 10: 812 players saved \u2192 players_round_10.json
2026-06-22 07:03:29 [INFO] download_2026_statspacks —   Round 11: 812 players saved \u2192 players_round_11.json
2026-06-22 07:03:31 [INFO] download_2026_statspacks —   Round 12: 812 players saved \u2192 players_round_12.json
2026-06-22 07:03:33 [INFO] download_2026_statspacks —   Round 13: 812 players saved \u2192 players_round_13.json
2026-06-22 07:03:35 [INFO] download_2026_statspacks —   Round 14: 812 players saved \u2192 players_round_14.json
2026-06-22 07:03:37 [INFO] download_2026_statspacks —   Round 15: 812 players saved \u2192 players_round_15.json
2026-06-22 07:03:37 [INFO] download_2026_statspacks — Player rounds download complete: 15 downloaded, 0 skipped, 0 errors
2026-06-22 07:03:43 [INFO] waiver.fixture_schedule — AFL fixture loaded: 207 games across rounds 0–24.
2026-06-22 07:03:43 [INFO] waiver — [4e] Refreshing website outputs (ladder, fixtures, player match results)...
2026-06-22 07:03:44 [INFO] waiver.league_api — Refreshing SC bearer token via Auth0...
2026-06-22 07:03:44 [INFO] waiver.league_api — SC token refreshed successfully.
2026-06-22 07:03:52 [INFO] website.data.api_ingest — Detected current round: 15
2026-06-22 07:04:11 [INFO] website.data.api_ingest — Processing 2026 data for rounds 1..15
2026-06-22 07:04:11 [INFO] website.data.api_ingest — ladder.csv: 120 rows
2026-06-22 07:04:11 [INFO] website.data.api_ingest — fixture_results_by_team.csv: 120 rows
2026-06-22 07:04:11 [INFO] website.data.api_ingest — player_match_results.csv: 2760 rows
2026-06-22 07:04:11 [INFO] website.data.api_ingest — player_stats_current.csv: 2760 rows
2026-06-22 07:04:11 [INFO] waiver.league_api — Fetching player status from https://www.supercoach.com.au/2026/api/afl/draft/v1/leagues/14889/playersStatus
2026-06-22 07:04:11 [INFO] waiver.league_api — Fetched status for 812 players; 628 are available (waiver).
2026-06-22 07:04:11 [INFO] website.data.api_ingest — current_teams.csv: 184 players
2026-06-22 07:04:12 [INFO] website.data.api_ingest — Saved league_fixtures.json (21 rounds)
2026-06-22 07:04:13 [INFO] website.data.api_ingest — fixture_schedule_2026.csv: 84 matchups
2026-06-22 07:04:14 [INFO] website.data.api_ingest — processedWaivers: 197 rows
2026-06-22 07:04:15 [INFO] website.data.api_ingest — Free Agent pickups (/trades): 196 rows
2026-06-22 07:04:16 [INFO] website.data.api_ingest — Team trades (/teamtrades): 18 rows from 7 approved trades
2026-06-22 07:04:16 [INFO] website.data.api_ingest — transactions.csv: 411 rows \u2192 G:\My Drive\projects\sc-player-data\data\live\transactions.csv
2026-06-22 07:04:17 [INFO] website.data.api_ingest — Saved processedWaivers \u2192 G:\My Drive\projects\sc-player-data\data\raw\supercoach\2026\leagues_14889_processedWaivers.json
2026-06-22 07:04:17 [INFO] website.data.api_ingest — Saved teamtrades \u2192 G:\My Drive\projects\sc-player-data\data\raw\supercoach\2026\leagues_14889_teamtrades.json
2026-06-22 07:04:17 [INFO] website.data.api_ingest — Saved trades \u2192 G:\My Drive\projects\sc-player-data\data\raw\supercoach\2026\leagues_14889_trades.json
2026-06-22 07:04:18 [INFO] website.data.api_ingest — Saved playersStatus \u2192 G:\My Drive\projects\sc-player-data\data\raw\supercoach\2026\leagues_4199_playersStatus.json
2026-06-22 07:04:18 [INFO] website.data.api_ingest — Saved recap \u2192 G:\My Drive\projects\sc-player-data\data\raw\supercoach\2026\leagues_14889_recap.json
2026-06-22 07:04:18 [INFO] website.data.api_ingest — Saved me \u2192 me.json
2026-06-22 07:04:19 [INFO] website.data.api_ingest — Saved real_fixture \u2192 real_fixture.json
2026-06-22 07:04:19 [INFO] website.data.api_ingest — Saved players \u2192 players_cf_embed=notes,odds,player_stats,positions,player_match_stats&round=1.json
2026-06-22 07:04:20 [INFO] website.data.api_ingest — Saved players \u2192 players_cf_embed=notes,odds,player_stats,positions,player_match_stats&round=2.json
2026-06-22 07:04:21 [INFO] website.data.api_ingest — Saved players \u2192 players_cf_embed=notes,odds,player_stats,positions,player_match_stats&round=3.json
2026-06-22 07:04:21 [INFO] website.data.api_ingest — Saved players \u2192 players_cf_embed=notes,odds,player_stats,positions,player_match_stats&round=4.json
2026-06-22 07:04:22 [INFO] website.data.api_ingest — Saved players \u2192 players_cf_embed=notes,odds,player_stats,positions,player_match_stats&round=5.json
2026-06-22 07:04:22 [WARNING] website.data.api_ingest — Endpoint 'players?cf_embed=notes,odds,player_stats,positions,player_match_stats&round=6' fetch failed: 502 Server Error: Bad Gateway for url: https://www.supercoach.com.au/2026/api/afl/draft/v1/players-cf?cf_embed=notes%2Codds%2Cplayer_stats%2Cpositions%2Cplayer_match_stats&round=6&subid=8&subkey=31029ec0c63ce4cdafda71b172ee7e88
2026-06-22 07:04:23 [INFO] website.data.api_ingest — Saved players \u2192 players_cf_embed=notes,odds,player_stats,positions,player_match_stats&round=7.json
2026-06-22 07:04:23 [INFO] website.data.api_ingest — Saved players \u2192 players_cf_embed=notes,odds,player_stats,positions,player_match_stats&round=8.json
2026-06-22 07:04:24 [WARNING] website.data.api_ingest — Endpoint 'players?cf_embed=notes,odds,player_stats,positions,player_match_stats&round=9' fetch failed: 502 Server Error: Bad Gateway for url: https://www.supercoach.com.au/2026/api/afl/draft/v1/players?cf_embed=notes,odds,player_stats,positions,player_match_stats&round=9
2026-06-22 07:04:24 [INFO] website.data.api_ingest — Saved players \u2192 players_cf_embed=notes,odds,player_stats,positions,player_match_stats&round=10.json
2026-06-22 07:04:25 [INFO] website.data.api_ingest — Saved players \u2192 players_cf_embed=notes,odds,player_stats,positions,player_match_stats&round=11.json
2026-06-22 07:04:25 [INFO] website.data.api_ingest — Saved players \u2192 players_cf_embed=notes,odds,player_stats,positions,player_match_stats&round=12.json
2026-06-22 07:04:26 [INFO] website.data.api_ingest — Saved players \u2192 players_cf_embed=notes,odds,player_stats,positions,player_match_stats&round=13.json
2026-06-22 07:04:27 [INFO] website.data.api_ingest — Saved players \u2192 players_cf_embed=notes,odds,player_stats,positions,player_match_stats&round=14.json
2026-06-22 07:04:27 [INFO] website.data.api_ingest — Saved players \u2192 players_cf_embed=notes,odds,player_stats,positions,player_match_stats&round=15.json
2026-06-22 07:04:27 [INFO] website.data.api_ingest — Refresh complete: 120 ladder, 120 fixture, 2760 player-match rows (rounds 1–15).
2026-06-22 07:04:31 [INFO] waiver — [4f] Updating master_player_data.csv with 2026 current-season data...
2026-06-22 07:04:31 [INFO] root — Step 3: Preparing fanfooty enrichment data...
2026-06-22 07:04:32 [INFO] root —   Loaded 138353 fanfooty records
2026-06-22 07:04:32 [INFO] root —   Prepared 134642 unique fanfooty enrichment records
2026-06-22 07:04:32 [INFO] root — update_current_season: fanfooty enrichment matched 2325/2760 rows
2026-06-22 07:04:32 [INFO] root — Loading DFS Australia data...
2026-06-22 07:04:33 [INFO] root —   Loaded 2274 DFS rows across 1 seasons
2026-06-22 07:04:33 [INFO] root — Merging DFS Australia data...
2026-06-22 07:04:33 [INFO] root —   DFS merge: 798/2760 rows matched on CBA%
2026-06-22 07:04:36 [INFO] root — update_current_season: added 2760 rows for 2026 \u2192 data\processed\master_player_data.csv
2026-06-22 07:04:36 [INFO] waiver — [4f] master_player_data.csv: 2760 rows added for 2026.
2026-06-22 07:04:36 [INFO] waiver — [4g] Generating Round 16 predictions...
2026-06-22 07:06:00 [INFO] waiver — [4g] Round 16 predictions generated.
2026-06-22 07:06:00 [INFO] waiver — [4/9] Loading current-season scores...
2026-06-22 07:06:01 [INFO] waiver.data_loader — Loaded 2026 season scores from SC API (15 rounds) + fanfooty supplement: 628 players.
2026-06-22 07:06:01 [INFO] waiver — [4b-validate] Validating round 15 data coverage...
2026-06-22 07:06:01 [INFO] root — Fetching fixture data from: https://www.fanfooty.com.au/game/archive.php?year=2026
2026-06-22 07:06:02 [INFO] root — Found 7 unique matches for Round 15: ['9822', '9823', '9824', '9825', '9826', '9827', '9828']
2026-06-22 07:06:02 [INFO] waiver — [4c] Fetching lineup for round 16...
2026-06-22 07:06:02 [INFO] waiver.league_api — Fetching lineup from https://www.supercoach.com.au/2026/api/afl/draft/v1/userteams/136934/statsPlayers?round=16
2026-06-22 07:06:02 [INFO] waiver.league_api — Lineup fetched: 19 on field, 4 bench (23 total).
2026-06-22 07:06:02 [INFO] waiver — [4d] Refreshing coach list from SC API ladder...
2026-06-22 07:06:02 [INFO] waiver.league_api — Refreshing SC bearer token via Auth0...
2026-06-22 07:06:03 [INFO] waiver.league_api — SC token refreshed successfully.
2026-06-22 07:06:03 [INFO] waiver.league_api — Fetching league teams from https://www.supercoach.com.au/2026/api/afl/draft/v1/leagues/14889/ladderAndFixtures?round=15&scores=true
2026-06-22 07:06:03 [INFO] waiver.league_api — Fetched 8 teams from ladder league 14889 (round 15).
2026-06-22 07:06:03 [INFO] waiver — coach_list.csv refreshed with 8 teams \u2192 G:\My Drive\projects\sc-player-data\data\live\coach_list.csv
2026-06-22 07:06:03 [INFO] waiver — [5/9] Building player table...
2026-06-22 07:06:03 [INFO] waiver.data_loader — Player table built: 781 total, 598 free agents, 23 on my roster, 0 on my roster with injury/suspension.
2026-06-22 07:06:03 [INFO] waiver — [6/9] Loading historical fanfooty data and computing metrics...
2026-06-22 07:06:15 [INFO] waiver.data_loader — Loaded 135772 historical game records across 16 seasons.
2026-06-22 07:06:18 [INFO] waiver.metrics — Metrics computed for 781 players. Replacement levels: {'DEF': '90.7', 'MID': '103.2', 'RUC': '69.1', 'FWD': '82.4', 'FLEX': '103.2'}
2026-06-22 07:06:18 [INFO] waiver — [7/9] Loading model predictions...
2026-06-22 07:06:18 [INFO] waiver.data_loader — Loaded Round 16 predictions: 615 players, avg projected score = 55.6.
2026-06-22 07:06:18 [INFO] waiver — Predictions for Round 16 merged: 612 players have projected scores.
2026-06-22 07:06:18 [INFO] waiver — [7b] Applying historical sanity checks to model predictions...
2026-06-22 07:06:18 [INFO] waiver — P(100+) corrected for 11 players based on historical ceiling.
2026-06-22 07:06:18 [INFO] waiver — P(80+) sanity cap applied to players with 2026 actual data.
2026-06-22 07:06:18 [INFO] waiver — Metrics ready: 781 players total, 598 free agents, 23 on my roster, 0 injured on-field.
2026-06-22 07:06:23 [INFO] waiver.dvp — DVP table built: 72 team-position entries from last 6 rounds
2026-06-22 07:06:23 [INFO] root — Fetching fixture for 2026 Round 16 from JSON feed...
2026-06-22 07:06:24 [INFO] root — Successfully built fixture map for 14 teams.
2026-06-22 07:06:24 [INFO] waiver — [7b-pre] DVP table ready (72 entries), 608 player ranks computed.
2026-06-22 07:06:24 [INFO] waiver — [7c] Scoring mid-year jumper and streamer candidates...
2026-06-22 07:06:24 [INFO] waiver.jumper_scorer — Loaded 5658 2026 fanfooty rows across 15 rounds.
2026-06-22 07:06:25 [INFO] waiver.jumper_scorer — Loaded 2026 CBA data: 1511 rows, max round 7.
2026-06-22 07:06:25 [INFO] waiver.jumper_scorer — Scoring 308 FA candidates (avg < 85, games >= 5) for R15 jumper/streamer signals.
2026-06-22 07:06:25 [INFO] waiver.jumper_scorer — Jumper candidates: 32 (score >= 0.55, career/avg3 ceiling) | Streamer candidates: 6 (signals >= 2, avg3 >= 80)
2026-06-22 07:06:25 [INFO] waiver — Jumper/streamer scoring done: 5 mover candidates, 5 streamer candidates.
2026-06-22 07:06:25 [INFO] waiver — [8b] Refreshing AFL fixture schedule...
2026-06-22 07:06:26 [INFO] waiver.fixture_schedule — AFL fixture loaded: 207 games across rounds 0–24.
2026-06-22 07:06:26 [INFO] waiver.fixture_schedule — waiver_schedule.bat updated — 9 future rounds scheduled. Run as Administrator: G:\My Drive\projects\sc-player-data\waiver_schedule.bat
2026-06-22 07:06:26 [INFO] waiver — waiver_schedule.bat updated — newsletter will prompt re-registration.
2026-06-22 07:06:26 [INFO] waiver — [8c] Computing DVP matchup intel (reusing pre-built table)...
2026-06-22 07:06:26 [INFO] root — Fetching fixture for 2026 Round 16 from JSON feed...
2026-06-22 07:06:27 [INFO] root — Successfully built fixture map for 14 teams.
2026-06-22 07:06:27 [INFO] root — Fetching fixture for 2026 Round 17 from JSON feed...
2026-06-22 07:06:27 [INFO] root — Successfully built fixture map for 18 teams.
2026-06-22 07:06:27 [INFO] root — Fetching fixture for 2026 Round 18 from JSON feed...
2026-06-22 07:06:28 [INFO] root — Successfully built fixture map for 18 teams.
2026-06-22 07:06:28 [INFO] waiver — DVP done: 11 matchup targets, 5 schedule streamers.
2026-06-22 07:06:28 [INFO] waiver — [8b] Fetching AFL official injury list...
2026-06-22 07:06:28 [INFO] ingest_afl_injuries — Fetching AFL injury list...
2026-06-22 07:06:28 [INFO] ingest_afl_injuries — Found 167 injured players across 18 teams
2026-06-22 07:06:28 [INFO] ingest_afl_injuries — Saved 167 entries to data\live\afl_injury_list.csv

======================================================================
SCRAPE COMPLETE
======================================================================
  Articles stored:   12
  Player mentions:   159

Name                      FeedID     Tier   Tags                           Headline
----------------------------------------------------------------------------------------------------
  AFLW VIDEOS             NULL       UNRES  form                           Recruit a key piece of the puzzle as Blues lo
  AFLW NEWS               NULL       UNRES                                 Recruit a key piece of the puzzle as Blues lo
  Billy Dowling           1015329    EXACT                                 Around the state leagues: Saint in MRO strife
  Finnbar Maley           1031792    EXACT                                 Around the state leagues: Saint in MRO strife
  Lachie Sholl            1006136    SNAME                                 Around the state leagues: Saint in MRO strife
  Sid Draper              1022607    EXACT                                 Around the state leagues: Saint in MRO strife
  Oscar Ryan              1027893    EXACT                                 Around the state leagues: Saint in MRO strife
  Chayce Jones            1006203    EXACT                                 Around the state leagues: Saint in MRO strife
  Reilly O'Brien          297523     EXACT                                 Around the state leagues: Saint in MRO strife
  Hugh Bond               1023534    EXACT                                 Around the state leagues: Saint in MRO strife
  Charlie Edwards         1028671    EXACT                                 Around the state leagues: Saint in MRO strife
  Mitch Marsh             1031747    SNAME  role_change                    Around the state leagues: Saint in MRO strife
  Archie Ludowyke         1033053    EXACT  role_change                    Around the state leagues: Saint in MRO strife
  Oliver Hollands         1023495    EXACT                                 Around the state leagues: Saint in MRO strife
  Jordan Boyd             1002795    EXACT                                 Around the state leagues: Saint in MRO strife
  Flynn Riley             NULL       UNRES  role_change, form              Around the state leagues: Saint in MRO strife
  Harry Charleson         1028496    EXACT  role_change, form              Around the state leagues: Saint in MRO strife
  Cooper Lord             1032108    EXACT                                 Around the state leagues: Saint in MRO strife
  Flynn Young             1020877    EXACT                                 Around the state leagues: Saint in MRO strife
  Zac Williams            294685     EXACT                                 Around the state leagues: Saint in MRO strife

Database: G:\My Drive\projects\sc-player-data\data\afl_news.db

======================================================================
AFL INJURY LIST — 167 players
======================================================================

!!! NO_MATCH (2) — requires review !!!
  AFL: 'Max Beattie' (Hawthorn)
       injury=Ankle, return=4-6 weeks
  AFL: 'Lukas Cooke' (Melbourne)
       injury=Face, return=4 weeks

--- Matched players by confidence ---
match_confidence
exact         151
fuzzy           8
fuzzy+team      4
no_match        2
exact+team      2

--- All matched players ---
               afl_name          afl_team          injury est_return                    name team_abbrev match_confidence ambiguous_matches
         Callum Ah Chee    Adelaide Crows       Hamstring  2-3 weeks          Callum Ah Chee         ADE            exact                  
           Jordon Butts    Adelaide Crows            Calf  1-2 weeks            Jordon Butts         ADE            exact                  
          Isaac Cumming    Adelaide Crows       Hamstring     1 week           Isaac Cumming         ADE            exact                  
            Mitch Hinge    Adelaide Crows           Ankle     1 week          Mitchell Hinge         ADE            fuzzy                  
            Luke Pedlar    Adelaide Crows       Hamstring  3-4 weeks             Luke Pedlar         ADE            exact                  
           Izak Rankine    Adelaide Crows            Calf       Test            Izak Rankine         ADE            exact                  
            Tyler Welsh    Adelaide Crows       Hamstring  2-3 weeks             Tyler Welsh         ADE            exact                  
            Oscar Allen          Brisbane            Foot  4-5 weeks             Oscar Allen         BRL            exact                  
            Dan Annable          Brisbane        Shoulder     1 week          Daniel Annable         BRL            fuzzy                  
        Keidean Coleman          Brisbane       Hamstring    3 weeks         Keidean Coleman         BRL            exact                  
             Tom Doedee          Brisbane            Calf  3-4 weeks              Tom Doedee         BRL            exact                  
              Tai Hayes          Brisbane            Shin    2 weeks               Tai Hayes         BRL            exact                  
            Ryan Lester          Brisbane            Calf     1 week             Ryan Lester         BRL            exact                  
       Lincoln McCarthy          Brisbane            Calf  2-3 weeks        Lincoln McCarthy         BRL            exact                  
        Hugh McCluggage          Brisbane       Hamstring    3 weeks         Hugh McCluggage         BRL            exact                  
         Will McLachlan          Brisbane            Quad  6-8 weeks          Will McLachlan         BRL            exact                  
             Jack Payne          Brisbane            Knee        TBC              Jack Payne         BRL            exact                  
            Henry Smith          Brisbane            Foot     1 week             Henry Smith         BRL            exact                  
          Reece Torrent          Brisbane           Ankle  1-2 weeks           Reece Torrent         BRL            exact                  
            Dayne Zorko          Brisbane            Quad    3 weeks             Dayne Zorko         BRL            exact                  
         Ben Camporeale           Carlton       Hamstring  2-3 weeks          Ben Camporeale         CAR            exact                  
           Matt Carroll           Carlton            Knee     Season         Matthew Carroll         CAR       fuzzy+team                  
            Rob Monahan           Carlton        Shoulder     Season             Rob Monahan         CAR            exact                  
           Jesse Motlop           Carlton            Knee     Season            Jesse Motlop         CAR            exact                  
        Harry O'Farrell           Carlton            Knee        TBC         Harry O'Farrell         CAR            exact                  
             Liam Reidy           Carlton           Ankle  1-2 weeks              Liam Reidy         CAR            exact                  
        Jacob Weitering           Carlton            Calf     1 week         Jacob Weitering         CAR            exact                  
          Jamie Elliott       Collingwood            Knee     Season           Jamie Elliott         COL            exact                  
             Will Hayes       Collingwood        Shoulder  1-2 weeks           William Hayes         COL       fuzzy+team                  
             Noah Howes       Collingwood        Shoulder    2 weeks              Noah Howes         COL            exact                  
        Brayden Maynard       Collingwood        Shoulder        TBC         Brayden Maynard         COL            exact                  
           Reef McInnes       Collingwood            Knee     Season            Reef McInnes         COL            exact                  
            Darcy Moore       Collingwood       Hamstring        TBC             Darcy Moore         COL            exact                  
           Oscar Steene       Collingwood            Knee     Season            Oscar Steene         COL            exact                  
           Jye Caldwell          Essendon           Ankle     1 week            Jye Caldwell         ESS            exact                  
           Angus Clarke          Essendon            Foot       Test            Angus Clarke         ESS            exact                  
        Brayden Fiorini          Essendon            Back     Season         Brayden Fiorini         ESS            exact                  
            Matt Guelfi          Essendon       Hamstring       Test             Matt Guelfi         ESS            exact                  
            Lewis Hayes          Essendon            Knee     Season             Lewis Hayes         ESS            exact                  
            Zak Johnson          Essendon            Foot  4-5 weeks             Zak Johnson         ESS            exact                  
             Isaac Kako          Essendon            Back       Test              Isaac Kako         ESS            exact                  
          Kyle Langford          Essendon            Quad        TBC           Kyle Langford         ESS            exact                  
             Nic Martin          Essendon            Knee     Season              Nic Martin         ESS            exact                  
             Archie May          Essendon        Shoulder     Season              Archer May         ESS       fuzzy+team                  
         Andrew McGrath          Essendon             Jaw       Test          Andrew McGrath         ESS            exact                  
           Liam McMahon          Essendon           Ankle  2-3 weeks            Liam McMahon         ESS            exact                  
          Jayden Nguyen          Essendon      Suspension   Round 16           Jayden Nguyen         ESS            exact                  
           Darcy Parish          Essendon   Knee soreness       Test            Darcy Parish         ESS            exact                  
         Archie Roberts          Essendon        Shoulder        TBC          Archie Roberts         ESS            exact                  
             Rhys Unwin          Essendon       Hamstring       Test              Rhys Unwin         ESS            exact                  
         Vigo Visentini          Essendon       Hamstring     1 week          Vigo Visentini         ESS            exact                  
           Peter Wright          Essendon            Knee  3-4 weeks            Peter Wright         ESS            exact                  
            Brennan Cox         Fremantle            Knee       Test             Brennan Cox         FRE            exact                  
        Matthew Johnson         Fremantle       Hamstring       Test         Matthew Johnson         FRE            exact                  
           Ollie Murphy         Fremantle            Knee       Test            Ollie Murphy         FRE            exact                  
           Caleb Serong         Fremantle            Calf       Test            Caleb Serong         FRE            exact                  
              Sam Sturt         Fremantle       Knee/quad  1-2 weeks               Sam Sturt         FRE            exact                  
         Brandon Walker         Fremantle      Concussion       Test          Brandon Walker         FRE            exact                  
          Harley Barker           Geelong            Knee Indefinite           Harley Barker         GEE            exact                  
             Jack Bowes           Geelong       Hamstring       Test              Jack Bowes         GEE            exact                  
             Brad Close           Geelong           Ankle       Test              Brad Close         GEE            exact                  
            Toby Conway           Geelong       Foot/Knee        TBC             Toby Conway         GEE            exact                  
          Nick Driscoll           Geelong      Concussion        TBC       Nicholas Driscoll         GEE            fuzzy                  
Keighton Matofai-Forbes           Geelong            Foot       Test Keighton Matofai-Forbes         GEE            exact                  
           Jacob Molier           Geelong            Quad    3 weeks            Jacob Molier         GEE            exact                  
           Rhys Stanley           Geelong            Knee       Test            Rhys Stanley         GEE            exact                  
            Tom Stewart           Geelong      Concussion        TBC             Tom Stewart         GEE            exact                  
            Alex Davies   Gold Coast SUNS            Foot  4-6 weeks             Alex Davies         GCS            exact                  
              Jy Farrar   Gold Coast SUNS           Ankle  4-6 weeks               Jy Farrar         GCS            exact                  
            Will Graham   Gold Coast SUNS       Hamstring  4-6 weeks             Will Graham         GCS            exact                  
             Wil Powell   Gold Coast SUNS        Shoulder  1-3 weeks              Wil Powell         GCS            exact                  
             Ethan Read   Gold Coast SUNS            Knee       Test              Ethan Read         GCS            exact                  
            Jake Rogers   Gold Coast SUNS       Hamstring  4-6 weeks             Jake Rogers         GCS            exact                  
           Avery Thomas   Gold Coast SUNS            Knee  4-6 weeks            Avery Thomas         GCS            exact                  
          Lachie Weller   Gold Coast SUNS       Hamstring  4-6 weeks           Lachie Weller         GCS            exact                  
           Jack Buckley        GWS GIANTS       Hamstring  2-3 weeks            Jack Buckley         GWS            exact                  
       Stephen Coniglio        GWS GIANTS       Hamstring       Test        Stephen Coniglio         GWS            exact                  
              Tom Green        GWS GIANTS            Knee     Season               Tom Green         GWS            exact                  
          Max Gruzewski        GWS GIANTS            Hand  2-3 weeks           Max Gruzewski         GWS            exact                  
        Ollie Hannaford        GWS GIANTS            Foot  4-6 weeks        Oliver Hannaford         GWS            fuzzy                  
            Darcy Jones        GWS GIANTS            Knee  3-4 weeks             Darcy Jones         GWS            exact                  
             Josh Kelly        GWS GIANTS             Hip        TBC              Josh Kelly         GWS            exact                  
            Nick Madden        GWS GIANTS            Knee  3-4 weeks         Nicholas Madden         GWS            fuzzy                  
      Xavier O'Halloran        GWS GIANTS           Ankle  3-4 weeks       Xavier O'Halloran         GWS            exact                  
          Jake Riccardi        GWS GIANTS           Ankle  6-7 weeks           Jake Riccardi         GWS            exact                  
            Logan Smith        GWS GIANTS            Knee        TBC             Logan Smith         GWS            exact                  
         Nathan Wardius        GWS GIANTS            Knee        TBC          Nathan Wardius         GWS            exact                  
            Max Beattie          Hawthorn           Ankle  4-6 weeks                    None         HAW         no_match                  
           Jack Gunston          Hawthorn            Foot       Test            Jack Gunston         HAW            exact                  
             Matt LeRay          Hawthorn      Concussion  1-2 weeks           Matthew LeRay         HAW            fuzzy                  
             Conor Nash          Hawthorn            Neck        TBC              Conor Nash         HAW            exact                  
         Jack Scrimshaw          Hawthorn            Knee  1-2 weeks          Jack Scrimshaw         HAW            exact                  
              Jed Adams         Melbourne            Knee  3-4 weeks               Jed Adams         MEL            exact                  
            Lukas Cooke         Melbourne            Face    4 weeks                    None         MEL         no_match                  
             Jai Culley         Melbourne            Knee     Season              Jai Culley         MEL            exact                  
          Aidan Johnson         Melbourne       Hip/groin       Test           Aidan Johnson         MEL            exact                  
         Xavier Lindsay         Melbourne       Hip/groin  4-5 weeks          Xavier Lindsay         MEL            exact                  
          Brody Mihocek         Melbourne            Neck     Season           Brody Mihocek         MEL            exact                  
   Andy Moniz-Wakefield         Melbourne            Knee     Season    Andy Moniz-Wakefield         MEL            exact                  
         Harrison Petty         Melbourne       Hamstring  2-4 weeks          Harrison Petty         MEL            exact                  
        Christian Salem         Melbourne            Foot  2-3 weeks         Christian Salem         MEL            exact                  
             Jack Viney         Melbourne        Achilles        TBC              Jack Viney         MEL            exact                  
          Caleb Windsor         Melbourne             Toe       Test           Caleb Windsor         MEL            exact                  
         Jackson Archer   North Melbourne            Knee     Season          Jackson Archer         NTH            exact                  
            Paul Curtis   North Melbourne      Suspension   Round 18             Paul Curtis         NTH            exact                  
         Riley Hardeman   North Melbourne      Concussion       Test          Riley Hardeman         NTH            exact                  
        Finn O'Sullivan   North Melbourne      Concussion       Test         Finn O'Sullivan         NTH            exact                  
             Tom Powell   North Melbourne           Groin    2 weeks              Tom Powell         NTH            exact                  
        Blake Thredgold   North Melbourne            Foot     Season         Blake Thredgold         NTH            exact                  
          Luke Urquhart   North Melbourne            Knee        TBC           Luke Urquhart         NTH            exact                  
          Miles Bergman     Port Adelaide             Toe  3-5 weeks           Miles Bergman         PTA            exact                  
               Josh Lai     Port Adelaide      Concussion       Test                Josh Lai         PTA            exact                  
             Ollie Lord     Port Adelaide            Knee     Season              Ollie Lord         PTA            exact                  
      Sam Powell-Pepper     Port Adelaide            Knee  2-3 weeks       Sam Powell-Pepper         PTA            exact                  
           Connor Rozee     Port Adelaide       Hamstring     Season            Connor Rozee         PTA            exact                  
              Josh Sinn     Port Adelaide        Shoulder     Season               Josh Sinn         PTA            exact                  
        Harry Armstrong          Richmond            Foot  1-3 weeks         Harry Armstrong         RIC            exact                  
          Judson Clarke          Richmond             ACL  1-3 weeks           Judson Clarke         RIC            exact                  
            Jonty Faull          Richmond            Back     Season             Jonty Faull         RIC            exact                  
            Josh Gibcus          Richmond      ACL strain     Season             Josh Gibcus         RIC            exact                  
          Campbell Gray          Richmond       Hamstring  4-8 weeks           Campbell Gray         RIC            exact                  
              Sam Lalor          Richmond        Achilles  1-5 weeks               Sam Lalor         RIC            exact                  
              Tom Lynch          Richmond          Larynx    2 weeks               Tom Lynch         RIC            exact                  
        Hugo Ralphsmith          Richmond      Suspension   Round 16         Hugo Ralphsmith         RIC            exact                  
              Jack Ross          Richmond      Concussion        TBC               Jack Ross         RIC            exact                  
               Tom Sims          Richmond             MCL  3-5 weeks             Thomas Sims         RIC            fuzzy                  
           Josh Smillie          Richmond            Quad        TBC            Josh Smillie         RIC            exact                  
           Luke Trainor          Richmond             Hip       Test            Luke Trainor         RIC            exact                  
           Hunter Clark          St Kilda            Knee  1-2 weeks            Hunter Clark         STK            exact                  
            Alex Dodson          St Kilda        Adductor       Test             Alex Dodson         STK            exact                  
            Kye Fincher          St Kilda            Foot       Test             Kye Fincher         STK            exact                  
           Sam Flanders          St Kilda        Achilles     Season            Sam Flanders         STK            exact                  
           Jack Higgins          St Kilda            Knee       Test            Jack Higgins         STK            exact                  
          Dougal Howard          St Kilda            Calf  2-4 weeks           Dougal Howard         STK            exact                  
               Max King          St Kilda    Conditioning        TBC                Max King         STK       exact+team                  
           Taylor Adams      Sydney Swans       Hamstring        TBC            Taylor Adams         SYD            exact                  
            Riak Andrew      Sydney Swans            Quad  4-5 weeks             Riak Andrew         SYD            exact                  
       Braeden Campbell      Sydney Swans             Leg  3-4 weeks        Braeden Campbell         SYD            exact                  
       Noah Chamberlain      Sydney Swans       Hamstring        TBC        Noah Chamberlain         SYD            exact                  
             Will Green      Sydney Swans            Foot       Test           William Green         SYD       fuzzy+team                  
           Errol Gulden      Sydney Swans        Shoulder       Test            Errol Gulden         SYD            exact                  
             Tom Hanily      Sydney Swans      Concussion        TBC              Tom Hanily         SYD            exact                  
         Liam Hetherton      Sydney Swans            Back 4-5 months          Liam Hetherton         SYD            exact                  
               Max King      Sydney Swans            Back    7 weeks                Max King         SYD       exact+team                  
           Tom McCartin      Sydney Swans      Concussion        TBC            Tom McCartin         SYD            exact                  
       Justin McInerney      Sydney Swans       Hamstring  7-9 weeks        Justin McInerney         SYD            exact                  
          Lewis Melican      Sydney Swans       Hamstring       Test           Lewis Melican         SYD            exact                  
             Tom Papley      Sydney Swans            Calf  2-3 weeks              Tom Papley         SYD            exact                  
             Dane Rampe      Sydney Swans            Calf       Test              Dane Rampe         SYD            exact                  
              Sam Allen West Coast Eagles  Knee/hamstring  8-9 weeks               Sam Allen         WCE            exact                  
           Jamie Cripps West Coast Eagles            Knee        TBC            Jamie Cripps         WCE            exact                  
           Hamish Davis West Coast Eagles      Concussion        TBC            Hamish Davis         WCE            exact                  
         Willem Duursma West Coast Eagles            Calf       Test          Willem Duursma         WCE            exact                  
          Harry Edwards West Coast Eagles      Concussion        TBC           Harry Edwards         WCE            exact                  
          Reuben Ginbey West Coast Eagles            Quad        TBC           Reuben Ginbey         WCE            exact                  
            Jack Graham West Coast Eagles        Shoulder       Test             Jack Graham         WCE            exact                  
        Jack Hutchinson West Coast Eagles       Hamstring       Test         Jack Hutchinson         WCE            exact                  
              Noah Long West Coast Eagles            Knee     Season               Noah Long         WCE            exact                  
           Tom McCarthy West Coast Eagles       Hamstring       Test            Tom McCarthy         WCE            exact                  
           Jacob Newton West Coast Eagles            Foot     Season            Jacob Newton         WCE            exact                  
        Deven Robertson West Coast Eagles            Knee     Season         Deven Robertson         WCE            exact                  
              Sam Darcy  Western Bulldogs            Knee     Season               Sam Darcy         WBD            exact                  
           Riley Garcia  Western Bulldogs            Knee  3-5 weeks            Riley Garcia         WBD            exact                  
         Tom Liberatore  Western Bulldogs Concussion/knee       Test          Tom Liberatore         WBD            exact                  
          Lachie McNeil  Western Bulldogs      Concussion        TBC          Lachlan McNeil         WBD            fuzzy                  
     Laitham Vandermeer  Western Bulldogs       Hamstring       Test      Laitham Vandermeer         WBD            exact                  
        Bailey Williams  Western Bulldogs       Hamstring  3-5 weeks         Bailey Williams         WBD            exact                  2026-06-22 07:06:28 [INFO] waiver — AFL injury list loaded: 167 players
2026-06-22 07:06:28 [INFO] waiver — [9/9] Generating newsletter...
2026-06-22 07:06:28 [INFO] waiver.data_loader — Loaded 210 news mentions (last 7 days)
2026-06-22 07:06:28 [INFO] waiver.newsletter — News sentiment loaded: 188 players with recent mentions.
2026-06-22 07:06:28 [INFO] waiver.newsletter — AFL injury list: flagged 165 additional injured players
2026-06-22 07:07:05 [INFO] httpx — HTTP Request: POST https://api.anthropic.com/v1/messages "HTTP/1.1 200 OK"
2026-06-22 07:07:09 [INFO] httpx — HTTP Request: POST https://api.anthropic.com/v1/messages "HTTP/1.1 200 OK"
2026-06-22 07:07:13 [INFO] httpx — HTTP Request: POST https://api.anthropic.com/v1/messages "HTTP/1.1 200 OK"
2026-06-22 07:07:17 [INFO] httpx — HTTP Request: POST https://api.anthropic.com/v1/messages "HTTP/1.1 200 OK"
2026-06-22 07:07:17 [INFO] waiver.data_loader — Loaded 0 news mentions (last 7 days)
2026-06-22 07:07:17 [INFO] waiver.newsletter — Newsletter written to G:\My Drive\projects\sc-player-data\reports\waiver_2026_rd15_2026-06-22.md
2026-06-22 07:07:17 [INFO] waiver — Emailing newsletter to richardsmark@outlook.com...
2026-06-22 07:07:26 [INFO] waiver.emailer — Newsletter emailed to richardsmark@outlook.com.
2026-06-22 07:07:26 [INFO] waiver — [10/10] Deploying static site to GitHub Pages...
2026-06-22 07:07:26 [INFO] deploy_github_pages — Building static site...
2026-06-22 07:08:11 [INFO] deploy_github_pages — Static site built.
2026-06-22 07:08:11 [INFO] deploy_github_pages — Cloning https://github.com/mark-richards/asl-hub.git to C:\Users\Richa\AppData\Local\Temp\asl-hub-deploy-1wkh0eel...
2026-06-22 07:08:13 [INFO] deploy_github_pages — Pushing to https://github.com/mark-richards/asl-hub.git (main)...
2026-06-22 07:08:14 [ERROR] deploy_github_pages — git push failed: fatal: Unable to persist credentials with the 'wincredman' credential store.
See https://aka.ms/gcm/credstores for more information.
bash: line 1: /dev/tty: No such device or address
error: failed to execute prompt script (exit code 1)
fatal: could not read Username for 'https://github.com': No such file or directory
2026-06-22 07:08:14 [WARNING] waiver — GitHub Pages deploy failed — site may be stale. Run: py deploy_github_pages.py
2026-06-22 07:08:14 [INFO] waiver — Done. Newsletter saved to: G:\My Drive\projects\sc-player-data\reports\waiver_2026_rd15_2026-06-22.md

2026-06-28 07:00:38 [INFO] waiver — ============================================================
2026-06-28 07:00:38 [INFO] waiver — Waiver Newsletter Pipeline — Season 2026
2026-06-28 07:00:38 [INFO] waiver — ============================================================
2026-06-28 07:00:40 [INFO] afl_news_scraper — News DB is stale — running scraper...
2026-06-28 07:00:40 [INFO] afl_news_scraper — Database ready: data\afl_news.db
2026-06-28 07:00:40 [INFO] afl_news_scraper — Loaded 780 players from draft_prep\SC 2026\2026_SC_Player_list.csv
2026-06-28 07:00:54 [INFO] afl_news_scraper — === Scraping 3 pages from AFL.com.au/news ===
2026-06-28 07:00:54 [INFO] afl_news_scraper — Fetching listing: https://www.afl.com.au/news/all-news
2026-06-28 07:01:25 [WARNING] afl_news_scraper — Timeout waiting for networkidle — proceeding with DOM as-is
2026-06-28 07:01:25 [INFO] afl_news_scraper —   Found 12 article links
2026-06-28 07:01:25 [INFO] afl_news_scraper — Loading page 2 of 3…
2026-06-28 07:01:33 [WARNING] afl_news_scraper —   No 'Load more' button found — trying URL param ?page=2
2026-06-28 07:01:33 [INFO] afl_news_scraper — Fetching listing: https://www.afl.com.au/news/all-news?page=2
2026-06-28 07:01:35 [INFO] afl_news_scraper —   Found 12 article links
2026-06-28 07:01:39 [INFO] afl_news_scraper — Loading page 3 of 3…
2026-06-28 07:01:39 [INFO] afl_news_scraper —   Clicked 'button:has-text("Show more")'
2026-06-28 07:01:39 [INFO] afl_news_scraper —   Total articles after page 3: 36
2026-06-28 07:01:39 [INFO] afl_news_scraper — Total article links collected: 36
2026-06-28 07:01:44 [INFO] afl_news_scraper —   Fetching article: https://www.afl.com.au/aflw/news/1547669/i-was-quite-emotional-north-melbourne-r…
2026-06-28 07:01:45 [INFO] afl_news_scraper —   Bold candidates: []
2026-06-28 07:01:48 [INFO] afl_news_scraper —   Fetching article: https://www.afl.com.au/news/1547186/inside-justin-longmuir-coaching-philosophy-p…
2026-06-28 07:01:48 [INFO] afl_news_scraper —   Bold candidates: ['Players taking ownership', 'Commitment to improving', 'Selfless players reflect coach']
2026-06-28 07:01:49 [INFO] afl_news_scraper —     Players taking ownership  [UNRESOLVED] \u2192 UNRESOLVED | tags=[]
2026-06-28 07:01:49 [INFO] afl_news_scraper —     Commitment to improving   [UNRESOLVED] \u2192 UNRESOLVED | tags=['form']
2026-06-28 07:01:49 [INFO] afl_news_scraper —     Selfless players reflect coach [UNRESOLVED] \u2192 UNRESOLVED | tags=[]
2026-06-28 07:01:54 [INFO] afl_news_scraper —   Fetching article: https://www.afl.com.au/news/1548254/power-dent-crows-top-four-hopes-with-shock-s…
2026-06-28 07:01:54 [INFO] afl_news_scraper —   Bold candidates: ['Durdin the destroyer', 'Fogarty fires - finally', 'PORT ADELAIDE']
2026-06-28 07:01:54 [INFO] afl_news_scraper —     Durdin the destroyer      [UNRESOLVED] \u2192 UNRESOLVED | tags=['role_change']
2026-06-28 07:01:54 [INFO] afl_news_scraper —     Fogarty fires - finally   [UNRESOLVED] \u2192 UNRESOLVED | tags=['role_change']
2026-06-28 07:01:55 [INFO] afl_news_scraper —     PORT ADELAIDE             [UNRESOLVED] \u2192 UNRESOLVED | tags=[]
2026-06-28 07:01:59 [INFO] afl_news_scraper —   Fetching article: https://www.afl.com.au/news/1548244/key-tiger-set-to-return-amid-horror-injury-r…
2026-06-28 07:02:00 [INFO] afl_news_scraper —   Bold candidates: []
2026-06-28 07:02:05 [INFO] afl_news_scraper —   Fetching article: https://www.afl.com.au/news/1546789/around-the-state-leagues-swans-huge-day-youn…
2026-06-28 07:02:05 [INFO] afl_news_scraper —   Bold candidates: ['Tyler Welsh', 'Toby Murray', 'Finnbar Maley', 'Lachie Sholl', 'Chayce Jones']…
2026-06-28 07:02:05 [INFO] afl_news_scraper —     Tyler Welsh               [EXACT] \u2192 Welsh | tags=['injury', 'role_change']
2026-06-28 07:02:05 [INFO] afl_news_scraper —     Toby Murray               [EXACT] \u2192 Murray | tags=['pre_season_buzz']
2026-06-28 07:02:06 [INFO] afl_news_scraper —     Finnbar Maley             [EXACT] \u2192 Maley | tags=['form']
2026-06-28 07:02:06 [INFO] afl_news_scraper —     Lachie Sholl              [SURNAME] \u2192 Sholl | tags=['form']
2026-06-28 07:02:06 [INFO] afl_news_scraper —     Chayce Jones              [EXACT] \u2192 Jones | tags=['form']
2026-06-28 07:02:06 [INFO] afl_news_scraper —     Mitchell Marsh            [EXACT] \u2192 Marsh | tags=[]
2026-06-28 07:02:06 [INFO] afl_news_scraper —     Sid Draper                [EXACT] \u2192 Draper | tags=['form']
2026-06-28 07:02:06 [INFO] afl_news_scraper —     Billy Dowling             [EXACT] \u2192 Dowling | tags=['form']
2026-06-28 07:02:06 [INFO] afl_news_scraper —     Nick Murray               [EXACT] \u2192 Murray | tags=['role_change']
2026-06-28 07:02:06 [INFO] afl_news_scraper —     Reilly O'Brien            [EXACT] \u2192 O'Brien | tags=['role_change']
2026-06-28 07:02:06 [INFO] afl_news_scraper —     Indy Cotton               [EXACT] \u2192 Cotton | tags=['role_change']
2026-06-28 07:02:06 [INFO] afl_news_scraper —     Archie Ludowyke           [EXACT] \u2192 Ludowyke | tags=['role_change']
2026-06-28 07:02:06 [INFO] afl_news_scraper —     Hugh Bond                 [EXACT] \u2192 Bond | tags=['role_change']
2026-06-28 07:02:06 [INFO] afl_news_scraper —     Mitch Hinge               [SURNAME] \u2192 Hinge | tags=[]
2026-06-28 07:02:06 [INFO] afl_news_scraper —     Cody Curtin               [EXACT] \u2192 Curtin | tags=['role_change']
2026-06-28 07:02:06 [INFO] afl_news_scraper —     Sam Marshall              [EXACT] \u2192 Marshall | tags=[]
2026-06-28 07:02:06 [INFO] afl_news_scraper —     Luke Beecken              [EXACT] \u2192 Beecken | tags=[]
2026-06-28 07:02:06 [INFO] afl_news_scraper —     Henry Smith               [EXACT] \u2192 Smith | tags=[]
2026-06-28 07:02:06 [INFO] afl_news_scraper —     Luke Lloyd                [EXACT] \u2192 Lloyd | tags=[]
2026-06-28 07:02:06 [INFO] afl_news_scraper —     Darragh Joyce             [EXACT] \u2192 Joyce | tags=['selection']
2026-06-28 07:02:07 [INFO] afl_news_scraper —     Shadeau Brain             [EXACT] \u2192 Brain | tags=['selection']
2026-06-28 07:02:07 [INFO] afl_news_scraper —     Reece Torrent             [EXACT] \u2192 Torrent | tags=['selection']
2026-06-28 07:02:07 [INFO] afl_news_scraper —     Ben Murphy                [EXACT] \u2192 Murphy | tags=[]
2026-06-28 07:02:07 [INFO] afl_news_scraper —     Zane Zakostelsky          [EXACT] \u2192 Zakostelsky | tags=[]
2026-06-28 07:02:07 [INFO] afl_news_scraper —     Koby Evans                [EXACT] \u2192 Evans | tags=[]
2026-06-28 07:02:07 [INFO] afl_news_scraper —     Jordan Boyd               [EXACT] \u2192 Boyd | tags=[]
2026-06-28 07:02:07 [INFO] afl_news_scraper —     Ollie Hollands            [SURNAME] \u2192 Hollands | tags=[]
2026-06-28 07:02:07 [INFO] afl_news_scraper —     Cooper Lord               [EXACT] \u2192 Lord | tags=[]
2026-06-28 07:02:07 [INFO] afl_news_scraper —     Flynn Riley               [UNRESOLVED] \u2192 UNRESOLVED | tags=['role_change', 'selection']
2026-06-28 07:02:07 [INFO] afl_news_scraper —     Ashton Moir               [EXACT] \u2192 Moir | tags=['role_change', 'selection']
2026-06-28 07:02:07 [INFO] afl_news_scraper —     Flynn Young               [EXACT] \u2192 Young | tags=[]
2026-06-28 07:02:07 [INFO] afl_news_scraper —     Adam Saad                 [EXACT] \u2192 Saad | tags=[]
2026-06-28 07:02:07 [INFO] afl_news_scraper —     Lewis Young               [EXACT] \u2192 Young | tags=[]
2026-06-28 07:02:07 [INFO] afl_news_scraper —     Lachie Fogarty            [EXACT] \u2192 Fogarty | tags=[]
2026-06-28 07:02:07 [INFO] afl_news_scraper —     Lucas Camporeale          [EXACT] \u2192 Camporeale | tags=[]
2026-06-28 07:02:07 [INFO] afl_news_scraper —     Campbell Chesser          [EXACT] \u2192 Chesser | tags=[]
2026-06-28 07:02:07 [INFO] afl_news_scraper —     Harry Charleson           [EXACT] \u2192 Charleson | tags=[]
2026-06-28 07:02:07 [INFO] afl_news_scraper —     Hudson O'Keefe            [FUZZY] \u2192 O'Keeffe | tags=[]
2026-06-28 07:02:07 [INFO] afl_news_scraper —     Matt Duffy                [EXACT] \u2192 Duffy | tags=[]
2026-06-28 07:02:08 [INFO] afl_news_scraper —     Angus Anderson            [EXACT] \u2192 Anderson | tags=[]
2026-06-28 07:02:08 [INFO] afl_news_scraper —     Lachlan Sullivan          [EXACT] \u2192 Sullivan | tags=['role_change']
2026-06-28 07:02:08 [INFO] afl_news_scraper —     Jakob Ryan                [EXACT] \u2192 Ryan | tags=['role_change']
2026-06-28 07:02:08 [INFO] afl_news_scraper —     Mitch Podhajski           [UNRESOLVED] \u2192 UNRESOLVED | tags=['role_change']
2026-06-28 07:02:08 [INFO] afl_news_scraper —     Charlie West              [EXACT] \u2192 West | tags=['role_change']
2026-06-28 07:02:08 [INFO] afl_news_scraper —     Harrison Coe              [UNRESOLVED] \u2192 UNRESOLVED | tags=['role_change']
2026-06-28 07:02:08 [INFO] afl_news_scraper —     Tyan Prindable            [EXACT] \u2192 Prindable | tags=[]
2026-06-28 07:02:08 [INFO] afl_news_scraper —     Bailey Banfield           [EXACT] \u2192 Banfield | tags=[]
2026-06-28 07:02:08 [INFO] afl_news_scraper —     Jaren Carr                [EXACT] \u2192 Carr | tags=['selection']
2026-06-28 07:02:08 [INFO] afl_news_scraper —     Jeremy Sharp              [EXACT] \u2192 Sharp | tags=['selection']
2026-06-28 07:02:08 [INFO] afl_news_scraper —     Mason Cox                 [EXACT] \u2192 Cox | tags=['selection']
2026-06-28 07:02:08 [INFO] afl_news_scraper —     Jaeger O'Meara            [EXACT] \u2192 O'Meara | tags=['selection']
2026-06-28 07:02:08 [INFO] afl_news_scraper —     Oscar McDonald            [EXACT] \u2192 McDonald | tags=[]
2026-06-28 07:02:08 [INFO] afl_news_scraper —     Hugh Davies               [EXACT] \u2192 Davies | tags=[]
2026-06-28 07:02:08 [INFO] afl_news_scraper —     Cooper Simpson            [EXACT] \u2192 Simpson | tags=[]
2026-06-28 07:02:08 [INFO] afl_news_scraper —     Brandon Walker            [EXACT] \u2192 Walker | tags=[]
2026-06-28 07:02:08 [INFO] afl_news_scraper —     Charlie Nicholls          [EXACT] \u2192 Nicholls | tags=['contract']
2026-06-28 07:02:08 [INFO] afl_news_scraper —     Chris Scerri              [UNRESOLVED] \u2192 UNRESOLVED | tags=['contract']
2026-06-28 07:02:09 [INFO] afl_news_scraper —     Toby Whan                 [EXACT] \u2192 Whan | tags=['contract']
2026-06-28 07:02:09 [INFO] afl_news_scraper —     Aiden Riddle              [EXACT] \u2192 Riddle | tags=['contract']
2026-06-28 07:02:09 [INFO] afl_news_scraper —     Josh Draper               [FUZZY] \u2192 Draper | tags=['contract']
2026-06-28 07:02:09 [INFO] afl_news_scraper —     Josaia Delana             [EXACT] \u2192 Delana | tags=[]
2026-06-28 07:02:09 [INFO] afl_news_scraper —     Jack Ough                 [EXACT] \u2192 Ough | tags=['role_change', 'form']
2026-06-28 07:02:09 [INFO] afl_news_scraper —     Harry Rowston             [EXACT] \u2192 Rowston | tags=['role_change']
2026-06-28 07:02:09 [INFO] afl_news_scraper —     James Leake               [EXACT] \u2192 Leake | tags=[]
2026-06-28 07:02:09 [INFO] afl_news_scraper —     Oskar Taylor              [EXACT] \u2192 Taylor | tags=[]
2026-06-28 07:02:09 [INFO] afl_news_scraper —     Riley Hamilton            [EXACT] \u2192 Hamilton | tags=[]
2026-06-28 07:02:09 [INFO] afl_news_scraper —     Cody Angove               [EXACT] \u2192 Angove | tags=[]
2026-06-28 07:02:09 [INFO] afl_news_scraper —     Logan Smith               [EXACT] \u2192 Smith | tags=[]
2026-06-28 07:02:09 [INFO] afl_news_scraper —     Finnegan Davis            [EXACT] \u2192 Davis | tags=[]
2026-06-28 07:02:09 [INFO] afl_news_scraper —     Matt Hill                 [EXACT] \u2192 Hill | tags=['role_change', 'contract']
2026-06-28 07:02:09 [INFO] afl_news_scraper —     Sam Butler                [EXACT] \u2192 Butler | tags=['role_change', 'contract']
2026-06-28 07:02:09 [INFO] afl_news_scraper —     Henry Hustwaite           [EXACT] \u2192 Hustwaite | tags=[]
2026-06-28 07:02:09 [INFO] afl_news_scraper —     Bodie Ryan                [EXACT] \u2192 Ryan | tags=[]
2026-06-28 07:02:09 [INFO] afl_news_scraper —     Noah Mraz                 [EXACT] \u2192 Mraz | tags=[]
2026-06-28 07:02:09 [INFO] afl_news_scraper —     Max Ramsden               [EXACT] \u2192 Ramsden | tags=['role_change']
2026-06-28 07:02:09 [INFO] afl_news_scraper —     Jaime Uhr-Henry           [EXACT] \u2192 Uhr-Henry | tags=['role_change']
2026-06-28 07:02:10 [INFO] afl_news_scraper —     Cody Anderson             [EXACT] \u2192 Anderson | tags=['role_change']
2026-06-28 07:02:10 [INFO] afl_news_scraper —     Cam Nairn                 [SURNAME] \u2192 Nairn | tags=['role_change']
2026-06-28 07:02:10 [INFO] afl_news_scraper —     Oliver Greeves            [EXACT] \u2192 Greeves | tags=[]
2026-06-28 07:02:10 [INFO] afl_news_scraper —     Aidan Schubert            [EXACT] \u2192 Schubert | tags=[]
2026-06-28 07:02:10 [INFO] afl_news_scraper —     William McCabe            [EXACT] \u2192 McCabe | tags=[]
2026-06-28 07:02:10 [INFO] afl_news_scraper —     Sam Powell-Pepper         [EXACT] \u2192 Powell-Pepper | tags=[]
2026-06-28 07:02:10 [INFO] afl_news_scraper —     Will Brodie               [EXACT] \u2192 Brodie | tags=['return', 'role_change', 'form']
2026-06-28 07:02:10 [INFO] afl_news_scraper —     Todd Marshall             [EXACT] \u2192 Marshall | tags=['form', 'selection']
2026-06-28 07:02:10 [INFO] afl_news_scraper —     Alex Van Wyk              [UNRESOLVED] \u2192 UNRESOLVED | tags=['role_change', 'contract', 'selection']
2026-06-28 07:02:10 [INFO] afl_news_scraper —     Christian Moraes          [EXACT] \u2192 Moraes | tags=['role_change', 'contract']
2026-06-28 07:02:10 [INFO] afl_news_scraper —     Will Lorenz               [EXACT] \u2192 Lorenz | tags=['role_change']
2026-06-28 07:02:10 [INFO] afl_news_scraper —     Tom Cochrane              [EXACT] \u2192 Cochrane | tags=['role_change']
2026-06-28 07:02:10 [INFO] afl_news_scraper —     Harrison Ramm             [EXACT] \u2192 Ramm | tags=['selection']
2026-06-28 07:02:10 [INFO] afl_news_scraper —     Benny Barrett             [EXACT] \u2192 Barrett | tags=['selection']
2026-06-28 07:02:10 [INFO] afl_news_scraper —     Tom Anastasopoulos        [EXACT] \u2192 Anastasopoulos | tags=['selection']
2026-06-28 07:02:10 [INFO] afl_news_scraper —     Xavier Walsh              [EXACT] \u2192 Walsh | tags=['selection']
2026-06-28 07:02:10 [INFO] afl_news_scraper —     Kaleb Smith               [EXACT] \u2192 Smith | tags=['role_change']
2026-06-28 07:02:10 [INFO] afl_news_scraper —     Luke Trainor              [EXACT] \u2192 Trainor | tags=['role_change']
2026-06-28 07:02:10 [INFO] afl_news_scraper —     Sampson Ryan              [SURNAME] \u2192 Ryan | tags=['role_change']
2026-06-28 07:02:10 [INFO] afl_news_scraper —     Noah Roberts-Thompson     [FUZZY] \u2192 Roberts-Thomson | tags=['role_change']
2026-06-28 07:02:11 [INFO] afl_news_scraper —     Kane McAuliffe            [EXACT] \u2192 McAuliffe | tags=['role_change']
2026-06-28 07:02:11 [INFO] afl_news_scraper —     Tom Burton                [FUZZY] \u2192 Brown | tags=['role_change']
2026-06-28 07:02:11 [INFO] afl_news_scraper —     Hugo Ralphsmith           [EXACT] \u2192 Ralphsmith | tags=['role_change']
2026-06-28 07:02:11 [INFO] afl_news_scraper —     Zane Peucker              [EXACT] \u2192 Peucker | tags=['role_change']
2026-06-28 07:02:11 [INFO] afl_news_scraper —     Hayden McLean             [EXACT] \u2192 McLean | tags=[]
2026-06-28 07:02:11 [INFO] afl_news_scraper —     Jevan Phillipou           [EXACT] \u2192 Phillipou | tags=[]
2026-06-28 07:02:11 [INFO] afl_news_scraper —     Dane Rampe                [EXACT] \u2192 Rampe | tags=['return']
2026-06-28 07:02:11 [INFO] afl_news_scraper —     Matt Roberts              [EXACT] \u2192 Roberts | tags=['return', 'form', 'selection']
2026-06-28 07:02:11 [INFO] afl_news_scraper —     Billy Cootee              [EXACT] \u2192 Cootee | tags=[]
2026-06-28 07:02:11 [INFO] afl_news_scraper —     Corey Warner              [EXACT] \u2192 Warner | tags=['form']
2026-06-28 07:02:11 [INFO] afl_news_scraper —     Tom Hanily                [EXACT] \u2192 Hanily | tags=[]
2026-06-28 07:02:11 [INFO] afl_news_scraper —     Harry Kyle                [EXACT] \u2192 Kyle | tags=[]
2026-06-28 07:02:11 [INFO] afl_news_scraper —     Lewis Melican             [EXACT] \u2192 Melican | tags=[]
2026-06-28 07:02:11 [INFO] afl_news_scraper —     Ned Bowman                [EXACT] \u2192 Bowman | tags=[]
2026-06-28 07:02:11 [INFO] afl_news_scraper —     Will Green                [SURNAME] \u2192 Green | tags=[]
2026-06-28 07:02:11 [INFO] afl_news_scraper —     Patrick Snell             [EXACT] \u2192 Snell | tags=[]
2026-06-28 07:02:11 [INFO] afl_news_scraper —     Oliver Francou            [UNRESOLVED] \u2192 UNRESOLVED | tags=[]
2026-06-28 07:02:11 [INFO] afl_news_scraper —     Finlay Macrae             [EXACT] \u2192 Macrae | tags=['form']
2026-06-28 07:02:11 [INFO] afl_news_scraper —     Lucca Grego               [EXACT] \u2192 Grego | tags=['form']
2026-06-28 07:02:11 [INFO] afl_news_scraper —     Harry Schoenberg          [EXACT] \u2192 Schoenberg | tags=['role_change', 'form']
2026-06-28 07:02:12 [INFO] afl_news_scraper —     Matt Flynn                [EXACT] \u2192 Flynn | tags=['role_change']
2026-06-28 07:02:12 [INFO] afl_news_scraper —     Harry Barnett             [EXACT] \u2192 Barnett | tags=['role_change']
2026-06-28 07:02:12 [INFO] afl_news_scraper —     Tom Gross                 [EXACT] \u2192 Gross | tags=[]
2026-06-28 07:02:12 [INFO] afl_news_scraper —     Clay Hall                 [EXACT] \u2192 Hall | tags=[]
2026-06-28 07:02:12 [INFO] afl_news_scraper —     Harvey Johnston           [EXACT] \u2192 Johnston | tags=[]
2026-06-28 07:02:12 [INFO] afl_news_scraper —     Sandy Brock               [EXACT] \u2192 Brock | tags=['role_change']
2026-06-28 07:02:12 [INFO] afl_news_scraper —     Malakai Champion          [EXACT] \u2192 Champion | tags=['role_change']
2026-06-28 07:02:12 [INFO] afl_news_scraper —     Tyrell Dewar              [EXACT] \u2192 Dewar | tags=['role_change']
2026-06-28 07:02:12 [INFO] afl_news_scraper —     Tylah Williams            [EXACT] \u2192 Williams | tags=['role_change']
2026-06-28 07:02:12 [INFO] afl_news_scraper —     Jack Williams             [EXACT] \u2192 Williams | tags=['role_change']
2026-06-28 07:02:12 [INFO] afl_news_scraper —     Fred Rodriguez            [EXACT] \u2192 Rodriguez | tags=[]
2026-06-28 07:02:12 [INFO] afl_news_scraper —     Matt Owies                [SURNAME] \u2192 Owies | tags=[]
2026-06-28 07:02:12 [INFO] afl_news_scraper —   Fetching article: https://www.afl.com.au/news/1548237/collingwood-magpies-move-into-wildcard-mix-w…
2026-06-28 07:02:13 [INFO] afl_news_scraper —   Bold candidates: ['Mansell back in action', 'Veteran forward impacts again']
2026-06-28 07:02:13 [INFO] afl_news_scraper —     Mansell back in action    [UNRESOLVED] \u2192 UNRESOLVED | tags=['return']
2026-06-28 07:02:13 [INFO] afl_news_scraper —     Veteran forward impacts again [UNRESOLVED] \u2192 UNRESOLVED | tags=['role_change', 'contract']
2026-06-28 07:02:17 [INFO] afl_news_scraper —   Fetching article: https://www.afl.com.au/news/1546635/follow-it-live-carlton-v-west-coast-collingw…
2026-06-28 07:02:17 [INFO] afl_news_scraper —   Bold candidates: []
2026-06-28 07:02:22 [INFO] afl_news_scraper —   Fetching article: https://www.afl.com.au/news/1548231/west-coast-coach-andrew-mcqualter-concedes-e…
2026-06-28 07:02:23 [INFO] afl_news_scraper —   Bold candidates: []
2026-06-28 07:02:27 [INFO] afl_news_scraper —   Fetching article: https://www.afl.com.au/news/1548258/match-review-veteran-hawthorn-hawk-blake-har…
2026-06-28 07:02:28 [INFO] afl_news_scraper —   Bold candidates: []
2026-06-28 07:02:32 [INFO] afl_news_scraper —   Fetching article: https://www.afl.com.au/news/1548222/resurgent-carlton-blues-make-it-six-straight…
2026-06-28 07:02:32 [INFO] afl_news_scraper —   Bold candidates: ['Cripps v Reid', 'McKay the back-up ruck', 'WEST COAST']
2026-06-28 07:02:32 [INFO] afl_news_scraper —     Cripps v Reid             [UNRESOLVED] \u2192 UNRESOLVED | tags=[]
2026-06-28 07:02:32 [INFO] afl_news_scraper —     McKay the back-up ruck    [UNRESOLVED] \u2192 UNRESOLVED | tags=['role_change', 'contract']
2026-06-28 07:02:32 [INFO] afl_news_scraper —     WEST COAST                [UNRESOLVED] \u2192 UNRESOLVED | tags=['selection']
2026-06-28 07:02:37 [INFO] afl_news_scraper —   Fetching article: https://www.afl.com.au/news/1546792/stream-your-team-watch-all-vfl-and-vflw-game…
2026-06-28 07:02:37 [INFO] afl_news_scraper —   Bold candidates: []
2026-06-28 07:02:42 [INFO] afl_news_scraper —   Fetching article: https://www.afl.com.au/news/1546967/how-tony-modra-shook-adelaide-and-the-crows-…
2026-06-28 07:02:42 [INFO] afl_news_scraper —   Bold candidates: []
2026-06-28 07:02:42 [INFO] afl_news_scraper —   Already scraped: https://www.afl.com.au/aflw/news/1547669/i-was-quite-emotion…
2026-06-28 07:02:42 [INFO] afl_news_scraper —   Already scraped: https://www.afl.com.au/news/1547186/inside-justin-longmuir-c…
2026-06-28 07:02:42 [INFO] afl_news_scraper —   Already scraped: https://www.afl.com.au/news/1548254/power-dent-crows-top-fou…
2026-06-28 07:02:42 [INFO] afl_news_scraper —   Already scraped: https://www.afl.com.au/news/1548244/key-tiger-set-to-return-…
2026-06-28 07:02:43 [INFO] afl_news_scraper —   Already scraped: https://www.afl.com.au/news/1546789/around-the-state-leagues…
2026-06-28 07:02:43 [INFO] afl_news_scraper —   Already scraped: https://www.afl.com.au/news/1548237/collingwood-magpies-move…
2026-06-28 07:02:43 [INFO] afl_news_scraper —   Already scraped: https://www.afl.com.au/news/1546635/follow-it-live-carlton-v…
2026-06-28 07:02:43 [INFO] afl_news_scraper —   Already scraped: https://www.afl.com.au/news/1548231/west-coast-coach-andrew-…
2026-06-28 07:02:43 [INFO] afl_news_scraper —   Already scraped: https://www.afl.com.au/news/1548258/match-review-veteran-haw…
2026-06-28 07:02:43 [INFO] afl_news_scraper —   Already scraped: https://www.afl.com.au/news/1548222/resurgent-carlton-blues-…
2026-06-28 07:02:43 [INFO] afl_news_scraper —   Already scraped: https://www.afl.com.au/news/1546792/stream-your-team-watch-a…
2026-06-28 07:02:43 [INFO] afl_news_scraper —   Already scraped: https://www.afl.com.au/news/1546967/how-tony-modra-shook-ade…
2026-06-28 07:02:47 [INFO] afl_news_scraper —   Fetching article: https://www.afl.com.au//www.afl.com.au/aflw/news/1546686/settling-in-sydney-meet…
2026-06-28 07:02:47 [INFO] afl_news_scraper —   Bold candidates: []
2026-06-28 07:02:52 [INFO] afl_news_scraper —   Fetching article: https://www.afl.com.au//www.afl.com.au/news/1547655/greater-western-sydney-giant…
2026-06-28 07:02:53 [INFO] afl_news_scraper —   Bold candidates: []
2026-06-28 07:02:56 [INFO] afl_news_scraper —   Fetching article: https://www.afl.com.au//www.afl.com.au/news/1547654/hawthorn-hawks-overcome-guts…
2026-06-28 07:02:57 [INFO] afl_news_scraper —   Bold candidates: []
2026-06-28 07:03:01 [INFO] afl_news_scraper —   Fetching article: https://www.afl.com.au//www.afl.com.au/news/1546634/follow-it-live-hawthorn-hawk…
2026-06-28 07:03:02 [INFO] afl_news_scraper —   Bold candidates: []
2026-06-28 07:03:06 [INFO] afl_news_scraper —   Fetching article: https://www.afl.com.au//www.afl.com.au/news/1547111/high-five-where-carlton-blue…
2026-06-28 07:03:06 [INFO] afl_news_scraper —   Bold candidates: []
2026-06-28 07:03:11 [INFO] afl_news_scraper —   Fetching article: https://www.afl.com.au//www.afl.com.au/news/1547656/teams-bombers-load-up-roos-r…
2026-06-28 07:03:12 [INFO] afl_news_scraper —   Bold candidates: []
2026-06-28 07:03:16 [INFO] afl_news_scraper —   Fetching article: https://www.afl.com.au//www.afl.com.au/news/1547779/match-review-swans-star-slap…
2026-06-28 07:03:17 [INFO] afl_news_scraper —   Bold candidates: []
2026-06-28 07:03:22 [INFO] afl_news_scraper —   Fetching article: https://www.afl.com.au//www.afl.com.au/news/1547659/richmond-tigers-taking-final…
2026-06-28 07:03:23 [INFO] afl_news_scraper —   Bold candidates: []
2026-06-28 07:03:28 [INFO] afl_news_scraper —   Fetching article: https://www.afl.com.au//www.afl.com.au/news/1547657/damien-dimma-hardwick-makes-…
2026-06-28 07:03:28 [INFO] afl_news_scraper —   Bold candidates: []
2026-06-28 07:03:32 [INFO] afl_news_scraper —   Fetching article: https://www.afl.com.au//www.afl.com.au/news/1546665/team-whispers-live-all-the-l…
2026-06-28 07:03:33 [INFO] afl_news_scraper —   Bold candidates: []
2026-06-28 07:03:37 [INFO] afl_news_scraper —   Fetching article: https://www.afl.com.au//www.afl.com.au/news/1547662/league-concedes-umpire-error…
2026-06-28 07:03:37 [INFO] afl_news_scraper —   Bold candidates: []
2026-06-28 07:03:42 [INFO] afl_news_scraper —   Fetching article: https://www.afl.com.au//www.afl.com.au/news/1547661/matthew-nicks-suggests-rule-…
2026-06-28 07:03:43 [INFO] afl_news_scraper —   Bold candidates: []
2026-06-28 07:03:47 [INFO] waiver.league_api — Refreshing SC bearer token via Auth0...
2026-06-28 07:03:47 [ERROR] waiver.league_api — Token refresh request failed: 401 Client Error: Unauthorized for url: https://supercoach.heraldsun.com.au/2026/api/afl/classic/v1/access_token
2026-06-28 07:03:47 [WARNING] waiver.league_api — Auto-refresh failed; falling back to static SC_API_TOKEN.
2026-06-28 07:03:47 [INFO] waiver — [1/9] Fetching player ownership from SC in-season league API...
2026-06-28 07:03:47 [INFO] waiver.league_api — Fetching player status from https://www.supercoach.com.au/2026/api/afl/draft/v1/leagues/14889/playersStatus
2026-06-28 07:03:47 [ERROR] waiver.league_api — SC API request failed: 401 Client Error: Unauthorized for url: https://www.supercoach.com.au/2026/api/afl/draft/v1/leagues/14889/playersStatus
2026-06-28 07:03:47 [WARNING] waiver — SC API unavailable — free agent identification may be inaccurate. Check SC_API_TOKEN.
2026-06-28 07:03:47 [INFO] waiver — [2/9] Fetching live injury and suspension data...
2026-06-28 07:03:47 [INFO] waiver.league_api — Fetching live player injury data from SC API...
2026-06-28 07:03:49 [INFO] waiver.league_api — Fetched injury data for 812 players; 180 have active injury/suspension.
2026-06-28 07:03:49 [INFO] waiver — Injury cache updated: 180 active injuries.
2026-06-28 07:03:49 [INFO] waiver — [3/9] Loading SC player list...
2026-06-28 07:03:49 [INFO] waiver.data_loader — Loaded 781 players from player list.
2026-06-28 07:03:49 [INFO] waiver — Using round: 15
2026-06-28 07:03:49 [INFO] waiver — [4b] Scraping/processing fanfooty data for 2026 R1–R16 (probing +1)...
2026-06-28 07:03:49 [INFO] waiver — Scraping FanFooty raw data for 2026 R16...
2026-06-28 07:03:49 [INFO] root — Fetching fixture data from: https://www.fanfooty.com.au/game/archive.php?year=2026
2026-06-28 07:03:49 [INFO] root — Found 5 unique matches for Round 16: ['9829', '9830', '9831', '9832', '9833']
2026-06-28 07:03:49 [INFO] root — Successfully saved: 9829.txt
2026-06-28 07:03:49 [INFO] root — Successfully saved: 9830.txt
2026-06-28 07:03:49 [INFO] root — Successfully saved: 9831.txt
2026-06-28 07:03:50 [INFO] root — Successfully saved: 9832.txt
2026-06-28 07:03:50 [INFO] root — Successfully saved: 9833.txt
2026-06-28 07:03:50 [INFO] waiver — Processing FanFooty data for 2026 R16...
2026-06-28 07:03:50 [INFO] waiver — Saved G:\My Drive\projects\sc-player-data\data\processed\2026_round_16_fanfooty_data.csv
2026-06-28 07:03:50 [INFO] waiver — Round confirmed after scrape: 16
2026-06-28 07:04:08 [INFO] waiver — master_fanfooty_data.csv: appended 230 new rows for 2026 R1–R16
2026-06-28 07:04:08 [INFO] waiver — [4d-pre] Downloading SC player-round data for 2026 R1–R16...
2026-06-28 07:04:10 [INFO] download_2026_statspacks —   Round 1: 812 players saved \u2192 players_round_1.json
2026-06-28 07:04:12 [INFO] download_2026_statspacks —   Round 2: 812 players saved \u2192 players_round_2.json
2026-06-28 07:04:14 [INFO] download_2026_statspacks —   Round 3: 812 players saved \u2192 players_round_3.json
2026-06-28 07:04:15 [INFO] download_2026_statspacks —   Round 4: 812 players saved \u2192 players_round_4.json
2026-06-28 07:04:17 [INFO] download_2026_statspacks —   Round 5: 812 players saved \u2192 players_round_5.json
2026-06-28 07:04:19 [INFO] download_2026_statspacks —   Round 6: 812 players saved \u2192 players_round_6.json
2026-06-28 07:04:21 [INFO] download_2026_statspacks —   Round 7: 812 players saved \u2192 players_round_7.json
2026-06-28 07:04:24 [INFO] download_2026_statspacks —   Round 8: 812 players saved \u2192 players_round_8.json
2026-06-28 07:04:26 [INFO] download_2026_statspacks —   Round 9: 812 players saved \u2192 players_round_9.json
2026-06-28 07:04:29 [INFO] download_2026_statspacks —   Round 10: 812 players saved \u2192 players_round_10.json
2026-06-28 07:04:31 [INFO] download_2026_statspacks —   Round 11: 812 players saved \u2192 players_round_11.json
2026-06-28 07:04:33 [INFO] download_2026_statspacks —   Round 12: 812 players saved \u2192 players_round_12.json
2026-06-28 07:04:36 [INFO] download_2026_statspacks —   Round 13: 812 players saved \u2192 players_round_13.json
2026-06-28 07:04:37 [INFO] download_2026_statspacks —   Round 14: 812 players saved \u2192 players_round_14.json
2026-06-28 07:04:39 [INFO] download_2026_statspacks —   Round 15: 812 players saved \u2192 players_round_15.json
2026-06-28 07:04:41 [INFO] download_2026_statspacks —   Round 16: 812 players saved \u2192 players_round_16.json
2026-06-28 07:04:42 [INFO] download_2026_statspacks — Player rounds download complete: 16 downloaded, 0 skipped, 0 errors
2026-06-28 07:04:46 [INFO] waiver.fixture_schedule — AFL fixture loaded: 207 games across rounds 0–24.
2026-06-28 07:04:46 [INFO] waiver — [4e/4f] Round 16 still in progress — skipping data refresh.
2026-06-28 07:04:46 [INFO] waiver — [4g] Generating Round 17 predictions...
2026-06-28 07:06:07 [INFO] waiver — [4g] Round 17 predictions generated.
2026-06-28 07:06:07 [INFO] waiver — [4/9] Loading current-season scores...
2026-06-28 07:06:08 [INFO] waiver.data_loader — Loaded 2026 season scores from SC API (16 rounds) + fanfooty supplement: 629 players.
2026-06-28 07:06:08 [INFO] waiver — [4b-validate] Validating round 16 data coverage...
2026-06-28 07:06:08 [INFO] root — Fetching fixture data from: https://www.fanfooty.com.au/game/archive.php?year=2026
2026-06-28 07:06:08 [INFO] root — Found 5 unique matches for Round 16: ['9829', '9830', '9831', '9832', '9833']
2026-06-28 07:06:08 [WARNING] waiver — VALIDATION: SC player_match_results R16 has 0 rows — expected \u2265152 (8 teams × 19 on-field). Re-run refresh_2026_data() if the round is complete.
2026-06-28 07:06:08 [WARNING] waiver — DATA WARNING: player_stats_current.csv is 6.0 days old (threshold: 4 days).
2026-06-28 07:06:08 [WARNING] waiver — DATA WARNING: ladder.csv is 6.0 days old (threshold: 4 days).
2026-06-28 07:06:08 [WARNING] waiver — DATA WARNING: master_player_data.csv is 4.8 days old (threshold: 4 days).
2026-06-28 07:06:08 [INFO] waiver — [4c] Fetching lineup for round 17...
2026-06-28 07:06:08 [INFO] waiver.league_api — Fetching lineup from https://www.supercoach.com.au/2026/api/afl/draft/v1/userteams/136934/statsPlayers?round=17
2026-06-28 07:06:08 [ERROR] waiver.league_api — statsPlayers API request failed: 401 Client Error: Unauthorized for url: https://www.supercoach.com.au/2026/api/afl/draft/v1/userteams/136934/statsPlayers?round=17
2026-06-28 07:06:08 [WARNING] waiver — Could not fetch lineup — on-field/bench split will be inaccurate.
2026-06-28 07:06:08 [INFO] waiver — [4d] Refreshing coach list from SC API ladder...
2026-06-28 07:06:08 [INFO] waiver.league_api — Refreshing SC bearer token via Auth0...
2026-06-28 07:06:09 [ERROR] waiver.league_api — Token refresh request failed: 401 Client Error: Unauthorized for url: https://supercoach.heraldsun.com.au/2026/api/afl/classic/v1/access_token
2026-06-28 07:06:09 [WARNING] waiver.league_api — Auto-refresh failed; falling back to static SC_API_TOKEN.
2026-06-28 07:06:09 [INFO] waiver.league_api — Fetching league teams from https://www.supercoach.com.au/2026/api/afl/draft/v1/leagues/14889/ladderAndFixtures?round=16&scores=true
2026-06-28 07:06:09 [ERROR] waiver.league_api — SC league teams API request failed: 403 Client Error: Forbidden for url: https://www.supercoach.com.au/2026/api/afl/draft/v1/leagues/14889/ladderAndFixtures?round=16&scores=true
2026-06-28 07:06:09 [WARNING] waiver — Could not refresh coach_list.csv from API — cached file will be used.
2026-06-28 07:06:09 [INFO] waiver — [5/9] Building player table...
2026-06-28 07:06:09 [WARNING] waiver.data_loader — No lineup data — treating all roster players as on field.
2026-06-28 07:06:09 [INFO] waiver.data_loader — Player table built: 781 total, 0 free agents, 0 on my roster, 0 on my roster with injury/suspension.
2026-06-28 07:06:09 [INFO] waiver — [6/9] Loading historical fanfooty data and computing metrics...
2026-06-28 07:06:20 [INFO] waiver.data_loader — Loaded 136002 historical game records across 16 seasons.
2026-06-28 07:06:24 [WARNING] waiver.metrics — No free agents found; replacement levels set to 0.
2026-06-28 07:06:24 [INFO] waiver.metrics — Metrics computed for 781 players. Replacement levels: {'DEF': '0.0', 'MID': '0.0', 'RUC': '0.0', 'FWD': '0.0', 'FLEX': '0.0'}
2026-06-28 07:06:24 [INFO] waiver — [7/9] Loading model predictions...
2026-06-28 07:06:24 [INFO] waiver.data_loader — Loaded Round 17 predictions: 617 players, avg projected score = 66.2.
2026-06-28 07:06:24 [INFO] waiver — Predictions for Round 17 merged: 614 players have projected scores.
2026-06-28 07:06:24 [INFO] waiver — [7b] Applying historical sanity checks to model predictions...
2026-06-28 07:06:24 [INFO] waiver — P(100+) corrected for 25 players based on historical ceiling.
2026-06-28 07:06:24 [INFO] waiver — P(80+) sanity cap applied to players with 2026 actual data.
2026-06-28 07:06:24 [INFO] waiver — Metrics ready: 781 players total, 0 free agents, 0 on my roster, 0 injured on-field.
2026-06-28 07:06:29 [INFO] waiver.dvp — DVP table built: 72 team-position entries from last 6 rounds
2026-06-28 07:06:29 [INFO] root — Fetching fixture for 2026 Round 17 from JSON feed...
2026-06-28 07:06:29 [INFO] root — Successfully built fixture map for 18 teams.
2026-06-28 07:06:29 [INFO] waiver — [7b-pre] DVP table ready (72 entries), 781 player ranks computed.
2026-06-28 07:06:29 [INFO] waiver — [7c] Scoring mid-year jumper and streamer candidates...
2026-06-28 07:06:30 [INFO] waiver.jumper_scorer — Loaded 5888 2026 fanfooty rows across 16 rounds.
2026-06-28 07:06:30 [INFO] waiver.jumper_scorer — Loaded 2026 CBA data: 1511 rows, max round 7.
2026-06-28 07:06:30 [INFO] waiver.jumper_scorer — No FA candidates (avg < 85, games >= 5). No jumper/streamer sections will be generated.
2026-06-28 07:06:30 [INFO] waiver — Jumper/streamer scoring done: 0 mover candidates, 0 streamer candidates.
2026-06-28 07:06:30 [INFO] waiver — [8b] Refreshing AFL fixture schedule...
2026-06-28 07:06:30 [INFO] waiver.fixture_schedule — AFL fixture loaded: 207 games across rounds 0–24.
2026-06-28 07:06:30 [INFO] waiver.fixture_schedule — waiver_schedule.bat updated — 9 future rounds scheduled. Run as Administrator: G:\My Drive\projects\sc-player-data\waiver_schedule.bat
2026-06-28 07:06:30 [INFO] waiver — waiver_schedule.bat updated — newsletter will prompt re-registration.
2026-06-28 07:06:30 [INFO] waiver — [8c] Computing DVP matchup intel (reusing pre-built table)...
2026-06-28 07:06:30 [INFO] root — Fetching fixture for 2026 Round 17 from JSON feed...
2026-06-28 07:06:30 [INFO] root — Successfully built fixture map for 18 teams.
2026-06-28 07:06:30 [INFO] root — Fetching fixture for 2026 Round 18 from JSON feed...
2026-06-28 07:06:31 [INFO] root — Successfully built fixture map for 18 teams.
2026-06-28 07:06:31 [INFO] root — Fetching fixture for 2026 Round 19 from JSON feed...
2026-06-28 07:06:31 [INFO] root — Successfully built fixture map for 18 teams.
2026-06-28 07:06:31 [INFO] waiver — DVP done: 0 matchup targets, 0 schedule streamers.
2026-06-28 07:06:31 [INFO] waiver — [8b] Fetching AFL official injury list...
2026-06-28 07:06:31 [INFO] ingest_afl_injuries — Fetching AFL injury list...
2026-06-28 07:06:32 [INFO] ingest_afl_injuries — Found 159 injured players across 18 teams
2026-06-28 07:06:32 [INFO] ingest_afl_injuries — Saved 159 entries to data\live\afl_injury_list.csv

======================================================================
SCRAPE COMPLETE
======================================================================
  Articles stored:   24
  Player mentions:   139

Name                      FeedID     Tier   Tags                           Headline
----------------------------------------------------------------------------------------------------
  Players taking ownership NULL       UNRES                                 Inside the coaching philosophy powering Frema
  Commitment to improving NULL       UNRES  form                           Inside the coaching philosophy powering Frema
  Selfless players reflect coach NULL       UNRES                                 Inside the coaching philosophy powering Frema
  Durdin the destroyer    NULL       UNRES  role_change                    Power dent Crows' top-four hopes with shock S
  Fogarty fires - finally NULL       UNRES  role_change                    Power dent Crows' top-four hopes with shock S
  PORT ADELAIDE           NULL       UNRES                                 Power dent Crows' top-four hopes with shock S
  Tyler Welsh             1022447    EXACT  injury, role_change            Around the state leagues: Swan's huge day, yo
  Toby Murray             1020950    EXACT  pre_season_buzz                Around the state leagues: Swan's huge day, yo
  Finnbar Maley           1031792    EXACT  form                           Around the state leagues: Swan's huge day, yo
  Lachie Sholl            1006136    SNAME  form                           Around the state leagues: Swan's huge day, yo
  Chayce Jones            1006203    EXACT  form                           Around the state leagues: Swan's huge day, yo
  Mitchell Marsh          1031747    EXACT                                 Around the state leagues: Swan's huge day, yo
  Sid Draper              1022607    EXACT  form                           Around the state leagues: Swan's huge day, yo
  Billy Dowling           1015329    EXACT  form                           Around the state leagues: Swan's huge day, yo
  Nick Murray             1008230    EXACT  role_change                    Around the state leagues: Swan's huge day, yo
  Reilly O'Brien          297523     EXACT  role_change                    Around the state leagues: Swan's huge day, yo
  Indy Cotton             1044595    EXACT  role_change                    Around the state leagues: Swan's huge day, yo
  Archie Ludowyke         1033053    EXACT  role_change                    Around the state leagues: Swan's huge day, yo
  Hugh Bond               1023534    EXACT  role_change                    Around the state leagues: Swan's huge day, yo
  Mitch Hinge             1004863    SNAME                                 Around the state leagues: Swan's huge day, yo

Database: G:\My Drive\projects\sc-player-data\data\afl_news.db

======================================================================
AFL INJURY LIST — 159 players
======================================================================

!!! NO_MATCH (2) — requires review !!!
  AFL: 'Max Beattie' (Hawthorn)
       injury=Ankle, return=3-5 weeks
  AFL: 'Lukas Cooke' (Melbourne)
       injury=Face, return=3 weeks

--- Matched players by confidence ---
match_confidence
exact         142
fuzzy           9
fuzzy+team      4
no_match        2
exact+team      2

--- All matched players ---
            afl_name          afl_team         injury est_return                 name team_abbrev match_confidence ambiguous_matches
      Callum Ah Chee    Adelaide Crows      Hamstring  1-2 weeks       Callum Ah Chee         ADE            exact                  
        Jordon Butts    Adelaide Crows           Calf       Test         Jordon Butts         ADE            exact                  
       Isaac Cumming    Adelaide Crows      Hamstring       Test        Isaac Cumming         ADE            exact                  
         Mitch Hinge    Adelaide Crows          Ankle       Test       Mitchell Hinge         ADE            fuzzy                  
         Luke Pedlar    Adelaide Crows      Hamstring  2-3 weeks          Luke Pedlar         ADE            exact                  
         Tyler Welsh    Adelaide Crows      Hamstring       Test          Tyler Welsh         ADE            exact                  
         Oscar Allen          Brisbane           Foot  3-5 weeks          Oscar Allen         BRL            exact                  
         Dan Annable          Brisbane       Shoulder     1 week       Daniel Annable         BRL            fuzzy                  
     Keidean Coleman          Brisbane      Hamstring     1 week      Keidean Coleman         BRL            exact                  
          Tom Doedee          Brisbane           Calf  1-2 weeks           Tom Doedee         BRL            exact                  
           Tai Hayes          Brisbane           Shin     1 week            Tai Hayes         BRL            exact                  
         Ryan Lester          Brisbane           Calf       Test          Ryan Lester         BRL            exact                  
    Lincoln McCarthy          Brisbane           Calf  3-4 weeks     Lincoln McCarthy         BRL            exact                  
     Hugh McCluggage          Brisbane      Hamstring    2 weeks      Hugh McCluggage         BRL            exact                  
      Will McLachlan          Brisbane           Quad  2-3 weeks       Will McLachlan         BRL            exact                  
          Jack Payne          Brisbane           Knee        TBC           Jack Payne         BRL            exact                  
         Henry Smith          Brisbane           Foot       Test          Henry Smith         BRL            exact                  
       Reece Torrent          Brisbane          Ankle       Test        Reece Torrent         BRL            exact                  
         Dayne Zorko          Brisbane           Quad    2 weeks          Dayne Zorko         BRL            exact                  
         Jordan Boyd           Carlton       Shoulder       Test          Jordan Boyd         CAR            exact                  
      Ben Camporeale           Carlton      Hamstring  1-2 weeks       Ben Camporeale         CAR            exact                  
        Matt Carroll           Carlton           Knee     Season      Matthew Carroll         CAR       fuzzy+team                  
         Rob Monahan           Carlton       Shoulder     Season          Rob Monahan         CAR            exact                  
        Jesse Motlop           Carlton           Knee     Season         Jesse Motlop         CAR            exact                  
     Harry O'Farrell           Carlton           Knee        TBC      Harry O'Farrell         CAR            exact                  
          Liam Reidy           Carlton          Ankle     1 week           Liam Reidy         CAR            exact                  
     Jacob Weitering           Carlton           Calf       Test      Jacob Weitering         CAR            exact                  
       Jamie Elliott       Collingwood           Knee     Season        Jamie Elliott         COL            exact                  
          Will Hayes       Collingwood       Shoulder  1-2 weeks        William Hayes         COL       fuzzy+team                  
          Noah Howes       Collingwood       Shoulder  1-2 weeks           Noah Howes         COL            exact                  
     Brayden Maynard       Collingwood       Shoulder  1-2 weeks      Brayden Maynard         COL            exact                  
        Reef McInnes       Collingwood           Knee     Season         Reef McInnes         COL            exact                  
         Darcy Moore       Collingwood      Hamstring        TBC          Darcy Moore         COL            exact                  
        Oscar Steene       Collingwood           Knee     Season         Oscar Steene         COL            exact                  
     Brayden Fiorini          Essendon           Back     Season      Brayden Fiorini         ESS            exact                  
         Lewis Hayes          Essendon           Knee     Season          Lewis Hayes         ESS            exact                  
         Zak Johnson          Essendon           Foot    2 weeks          Zak Johnson         ESS            exact                  
          Isaac Kako          Essendon           Back       Test           Isaac Kako         ESS            exact                  
       Kyle Langford          Essendon           Quad    3 weeks        Kyle Langford         ESS            exact                  
          Nic Martin          Essendon           Knee     Season           Nic Martin         ESS            exact                  
          Archie May          Essendon       Shoulder     Season           Archer May         ESS       fuzzy+team                  
        Liam McMahon          Essendon          Ankle    2 weeks         Liam McMahon         ESS            exact                  
        Darcy Parish          Essendon  Knee soreness       Test         Darcy Parish         ESS            exact                  
      Archie Roberts          Essendon       Shoulder        TBC       Archie Roberts         ESS            exact                  
          Rhys Unwin          Essendon      Hamstring    2 weeks           Rhys Unwin         ESS            exact                  
        Peter Wright          Essendon           Knee    2 weeks         Peter Wright         ESS            exact                  
           Sam Sturt         Fremantle      Knee/quad       Test            Sam Sturt         FRE            exact                  
       Harley Barker           Geelong           Knee Indefinite        Harley Barker         GEE            exact                  
         Toby Conway           Geelong      Foot/Knee        TBC          Toby Conway         GEE            exact                  
        Jacob Molier           Geelong           Quad     1 week         Jacob Molier         GEE            exact                  
         Tom Stewart           Geelong     Concussion        TBC          Tom Stewart         GEE            exact                  
         Sam Clohesy   Gold Coast SUNS     Suspension   Round 18          Sam Clohesy         GCS            exact                  
        Koby Coulson   Gold Coast SUNS           Quad       Test         Koby Coulson         GCS            exact                  
         Alex Davies   Gold Coast SUNS           Foot  4-6 weeks          Alex Davies         GCS            exact                  
           Jy Farrar   Gold Coast SUNS          Ankle  4-6 weeks            Jy Farrar         GCS            exact                  
         Will Graham   Gold Coast SUNS      Hamstring  1-3 weeks          Will Graham         GCS            exact                  
       Lachie Gulbin   Gold Coast SUNS           Hand  4-6 weeks       Lachlan Gulbin         GCS            fuzzy                  
          Wil Powell   Gold Coast SUNS       Shoulder       Test           Wil Powell         GCS            exact                  
        Daniel Rioli   Gold Coast SUNS            Jaw  4-6 weeks         Daniel Rioli         GCS            exact                  
         Jake Rogers   Gold Coast SUNS      Hamstring  4-6 weeks          Jake Rogers         GCS            exact                  
        Avery Thomas   Gold Coast SUNS           Knee  1-3 weeks         Avery Thomas         GCS            exact                  
       Lachie Weller   Gold Coast SUNS      Hamstring  1-3 weeks        Lachie Weller         GCS            exact                  
        Jack Buckley        GWS GIANTS      Hamstring  1-2 weeks         Jack Buckley         GWS            exact                  
           Tom Green        GWS GIANTS           Knee     Season            Tom Green         GWS            exact                  
       Max Gruzewski        GWS GIANTS           Hand       Test        Max Gruzewski         GWS            exact                  
     Ollie Hannaford        GWS GIANTS           Foot  4-5 weeks     Oliver Hannaford         GWS            fuzzy                  
         Jesse Hogan        GWS GIANTS         Finger        TBC          Jesse Hogan         GWS            exact                  
         Darcy Jones        GWS GIANTS           Knee  3-4 weeks          Darcy Jones         GWS            exact                  
          Josh Kelly        GWS GIANTS            Hip        TBC           Josh Kelly         GWS            exact                  
      Jayden Laverde        GWS GIANTS      Hamstring  3-4 weeks       Jayden Laverde         GWS            exact                  
         Nick Madden        GWS GIANTS           Knee    3 weeks      Nicholas Madden         GWS            fuzzy                  
       Toby McMullin        GWS GIANTS      Hamstring  2-3 weeks        Toby McMullin         GWS            exact                  
   Xavier O'Halloran        GWS GIANTS          Ankle    3 weeks    Xavier O'Halloran         GWS            exact                  
       Jake Riccardi        GWS GIANTS          Ankle    6 weeks        Jake Riccardi         GWS            exact                  
         Logan Smith        GWS GIANTS           Knee       Test          Logan Smith         GWS            exact                  
      Nathan Wardius        GWS GIANTS           Knee     Season       Nathan Wardius         GWS            exact                  
         Max Beattie          Hawthorn          Ankle  3-5 weeks                 None         HAW         no_match                  
        James Blanck          Hawthorn      Hamstring        TBC         James Blanck         HAW            exact                  
        Jack Gunston          Hawthorn           Foot     1 week         Jack Gunston         HAW            exact                  
        Jarman Impey          Hawthorn      Hamstring  2-3 weeks         Jarman Impey         HAW            exact                  
          Matt LeRay          Hawthorn     Concussion     1 week        Matthew LeRay         HAW            fuzzy                  
          Conor Nash          Hawthorn           Neck        TBC           Conor Nash         HAW            exact                  
      Jack Scrimshaw          Hawthorn           Knee     1 week       Jack Scrimshaw         HAW            exact                  
         Josh Weddle          Hawthorn     Suspension   Round 19          Josh Weddle         HAW            exact                  
           Jed Adams         Melbourne           Knee  2-3 weeks            Jed Adams         MEL            exact                  
         Lukas Cooke         Melbourne           Face    3 weeks                 None         MEL         no_match                  
          Jai Culley         Melbourne           Knee     Season           Jai Culley         MEL            exact                  
      Xavier Lindsay         Melbourne      Hip/groin  4-5 weeks       Xavier Lindsay         MEL            exact                  
       Brody Mihocek         Melbourne           Neck     Season        Brody Mihocek         MEL            exact                  
Andy Moniz-Wakefield         Melbourne           Knee     Season Andy Moniz-Wakefield         MEL            exact                  
      Harrison Petty         Melbourne      Hamstring  2-3 weeks       Harrison Petty         MEL            exact                  
     Christian Salem         Melbourne           Foot  2-3 weeks      Christian Salem         MEL            exact                  
          Jack Viney         Melbourne       Achilles        TBC           Jack Viney         MEL            exact                  
      Jackson Archer   North Melbourne           Knee     Season       Jackson Archer         NTH            exact                  
         Paul Curtis   North Melbourne     Suspension   Round 18          Paul Curtis         NTH            exact                  
           Toby Pink   North Melbourne       Shoulder     Season            Toby Pink         NTH            exact                  
          Tom Powell   North Melbourne          Groin       Test           Tom Powell         NTH            exact                  
     Blake Thredgold   North Melbourne           Foot     Season      Blake Thredgold         NTH            exact                  
       Luke Urquhart   North Melbourne           Knee    3 weeks        Luke Urquhart         NTH            exact                  
       Tristan Xerri   North Melbourne            Jaw  1-2 weeks        Tristan Xerri         NTH            exact                  
       Miles Bergman     Port Adelaide            Toe  1-2 weeks        Miles Bergman         PTA            exact                  
        Kane Farrell     Port Adelaide          Groin  3-4 weeks         Kane Farrell         PTA            exact                  
          Ollie Lord     Port Adelaide           Knee     Season           Ollie Lord         PTA            exact                  
       Jack Lukosius     Port Adelaide           Knee       Test        Jack Lukosius         PTA            exact                  
      Ewan Mackinlay     Port Adelaide           Knee     Season       Ewan Mackinlay         PTA            exact                  
     Esava Ratugolea     Port Adelaide           Knee     Season      Esava Ratugolea         PTA            exact                  
        Connor Rozee     Port Adelaide      Hamstring     Season         Connor Rozee         PTA            exact                  
           Josh Sinn     Port Adelaide       Shoulder     Season            Josh Sinn         PTA            exact                  
     Harry Armstrong          Richmond           Foot  1-2 weeks      Harry Armstrong         RIC            exact                  
       Judson Clarke          Richmond            ACL  1-2 weeks        Judson Clarke         RIC            exact                  
         Jonty Faull          Richmond           Back     Season          Jonty Faull         RIC            exact                  
         Josh Gibcus          Richmond     ACL strain     Season          Josh Gibcus         RIC            exact                  
       Campbell Gray          Richmond      Hamstring  3-7 weeks        Campbell Gray         RIC            exact                  
        Jacob Hopper          Richmond          Ankle        TBC         Jacob Hopper         RIC            exact                  
           Sam Lalor          Richmond       Achilles  1-4 weeks            Sam Lalor         RIC            exact                  
           Tom Lynch          Richmond         Larynx     1 week            Tom Lynch         RIC            exact                  
           Jack Ross          Richmond     Concussion       Test            Jack Ross         RIC            exact                  
            Tom Sims          Richmond            MCL  2-4 weeks          Thomas Sims         RIC            fuzzy                  
        Josh Smillie          Richmond           Quad        TBC         Josh Smillie         RIC            exact                  
        Luke Trainor          Richmond            Hip       Test         Luke Trainor         RIC            exact                  
        James Barrat          St Kilda           Foot        TBC         James Barrat         STK            exact                  
        Hunter Clark          St Kilda           Knee     1 week         Hunter Clark         STK            exact                  
       Tom De Koning          St Kilda      Ribs/lung        TBC        Tom De Koning         STK            exact                  
         Alex Dodson          St Kilda       Adductor     1 week          Alex Dodson         STK            exact                  
        Sam Flanders          St Kilda       Achilles     Season         Sam Flanders         STK            exact                  
       Dougal Howard          St Kilda           Calf  1-2 weeks        Dougal Howard         STK            exact                  
            Max King          St Kilda      Hamstring        TBC             Max King         STK       exact+team                  
       Jack Sinclair          St Kilda           Calf        TBC        Jack Sinclair         STK            exact                  
          Alix Tauru          St Kilda     Suspension   Round 21     Alixzander Tauru         STK            fuzzy                  
         Riak Andrew      Sydney Swans           Quad  2-3 weeks          Riak Andrew         SYD            exact                  
    Braeden Campbell      Sydney Swans           Shin  2-3 weeks     Braeden Campbell         SYD            exact                  
    Noah Chamberlain      Sydney Swans      Hamstring 8-10 weeks     Noah Chamberlain         SYD            exact                  
          Will Green      Sydney Swans           Foot       Test        William Green         SYD       fuzzy+team                  
        Errol Gulden      Sydney Swans       Shoulder       Test         Errol Gulden         SYD            exact                  
          Tom Hanily      Sydney Swans     Concussion       Test           Tom Hanily         SYD            exact                  
      Liam Hetherton      Sydney Swans           Back     Season       Liam Hetherton         SYD            exact                  
            Max King      Sydney Swans           Back     Season             Max King         SYD       exact+team                  
        Tom McCartin      Sydney Swans     Concussion       Test         Tom McCartin         SYD            exact                  
    Justin McInerney      Sydney Swans      Hamstring  6-8 weeks     Justin McInerney         SYD            exact                  
       Lewis Melican      Sydney Swans      Hamstring       Test        Lewis Melican         SYD            exact                  
          Tom Papley      Sydney Swans           Calf  1-2 weeks           Tom Papley         SYD            exact                  
          Dane Rampe      Sydney Swans           Calf       Test           Dane Rampe         SYD            exact                  
           Sam Allen West Coast Eagles Knee/hamstring    8 weeks            Sam Allen         WCE            exact                  
        Jamie Cripps West Coast Eagles           Knee        TBC         Jamie Cripps         WCE            exact                  
        Hamish Davis West Coast Eagles     Concussion       Test         Hamish Davis         WCE            exact                  
      Willem Duursma West Coast Eagles           Calf       Test       Willem Duursma         WCE            exact                  
       Harry Edwards West Coast Eagles     Concussion        TBC        Harry Edwards         WCE            exact                  
       Reuben Ginbey West Coast Eagles           Quad    8 weeks        Reuben Ginbey         WCE            exact                  
         Jack Graham West Coast Eagles       Shoulder       Test          Jack Graham         WCE            exact                  
     Jack Hutchinson West Coast Eagles      Hamstring       Test      Jack Hutchinson         WCE            exact                  
           Noah Long West Coast Eagles           Knee     Season            Noah Long         WCE            exact                  
        Tom McCarthy West Coast Eagles      Hamstring       Test         Tom McCarthy         WCE            exact                  
        Jacob Newton West Coast Eagles           Foot     Season         Jacob Newton         WCE            exact                  
          Matt Owies West Coast Eagles     Concussion       Test        Matthew Owies         WCE            fuzzy                  
         Archer Reid West Coast Eagles           Knee        TBC          Archer Reid         WCE            exact                  
     Deven Robertson West Coast Eagles           Knee     Season      Deven Robertson         WCE            exact                  
           Sam Darcy  Western Bulldogs           Knee     Season            Sam Darcy         WBD            exact                  
        Riley Garcia  Western Bulldogs           Knee  3-5 weeks         Riley Garcia         WBD            exact                  
     Bailey Williams  Western Bulldogs      Hamstring  3-5 weeks      Bailey Williams         WBD            exact                  2026-06-28 07:06:32 [INFO] waiver — AFL injury list loaded: 159 players
2026-06-28 07:06:32 [INFO] waiver — [9/9] Generating newsletter...
2026-06-28 07:06:32 [INFO] waiver.data_loader — Loaded 253 news mentions (last 7 days)
2026-06-28 07:06:32 [INFO] waiver.newsletter — News sentiment loaded: 191 players with recent mentions.
2026-06-28 07:06:32 [INFO] waiver.newsletter — AFL injury list: flagged 157 additional injured players
2026-06-28 07:07:03 [INFO] waiver.newsletter — Newsletter written to G:\My Drive\projects\sc-player-data\reports\waiver_2026_rd16_2026-06-28.md
2026-06-28 07:07:03 [INFO] waiver — Emailing newsletter to richardsmark@outlook.com...
2026-06-28 07:07:11 [INFO] waiver.emailer — Newsletter emailed to richardsmark@outlook.com.
2026-06-28 07:07:11 [INFO] waiver — [10/10] Deploying static site to GitHub Pages...
2026-06-28 07:07:11 [INFO] deploy_github_pages — Building static site...
2026-06-28 07:07:47 [INFO] deploy_github_pages — Static site built.
2026-06-28 07:07:47 [INFO] deploy_github_pages — Cloning https://github.com/mark-richards/asl-hub.git to C:\Users\Richa\AppData\Local\Temp\asl-hub-deploy-ojv46j0e...
2026-06-28 07:07:50 [INFO] deploy_github_pages — Pushing to https://github.com/mark-richards/asl-hub.git (main)...
2026-06-28 07:07:51 [INFO] deploy_github_pages — GitHub Pages updated: https://mark-richards.github.io/asl-hub/
2026-06-28 07:07:51 [INFO] waiver — Done. Newsletter saved to: G:\My Drive\projects\sc-player-data\reports\waiver_2026_rd16_2026-06-28.md

2026-06-29 07:00:37 [INFO] waiver — ============================================================
2026-06-29 07:00:37 [INFO] waiver — Waiver Newsletter Pipeline — Season 2026
2026-06-29 07:00:37 [INFO] waiver — ============================================================
2026-06-29 07:00:38 [INFO] afl_news_scraper — News DB is stale — running scraper...
2026-06-29 07:00:38 [INFO] afl_news_scraper — Database ready: data\afl_news.db
2026-06-29 07:00:38 [INFO] afl_news_scraper — Loaded 780 players from draft_prep\SC 2026\2026_SC_Player_list.csv
2026-06-29 07:00:52 [INFO] afl_news_scraper — === Scraping 3 pages from AFL.com.au/news ===
2026-06-29 07:00:52 [INFO] afl_news_scraper — Fetching listing: https://www.afl.com.au/news/all-news
2026-06-29 07:00:59 [INFO] afl_news_scraper —   Found 12 article links
2026-06-29 07:00:59 [INFO] afl_news_scraper — Loading page 2 of 3…
2026-06-29 07:00:59 [INFO] afl_news_scraper —   Clicked 'button:has-text("Show more")'
2026-06-29 07:00:59 [INFO] afl_news_scraper —   Total articles after page 2: 12
2026-06-29 07:01:03 [INFO] afl_news_scraper — Loading page 3 of 3…
2026-06-29 07:01:03 [WARNING] afl_news_scraper —   No 'Load more' button found — trying URL param ?page=3
2026-06-29 07:01:09 [INFO] afl_news_scraper — Fetching listing: https://www.afl.com.au/news/all-news?page=3
2026-06-29 07:01:12 [INFO] afl_news_scraper —   Found 12 article links
2026-06-29 07:01:12 [INFO] afl_news_scraper — Total article links collected: 24
2026-06-29 07:01:15 [INFO] afl_news_scraper —   Fetching article: https://www.afl.com.au/aflw/news/1547044/one-club-one-message-why-aflw-stars-are…
2026-06-29 07:01:15 [INFO] afl_news_scraper —   Bold candidates: []
2026-06-29 07:01:21 [INFO] afl_news_scraper —   Fetching article: https://www.afl.com.au/news/1550046/damien-hardwick-says-gold-coast-suns-a-middl…
2026-06-29 07:01:21 [INFO] afl_news_scraper —   Bold candidates: []
2026-06-29 07:01:25 [INFO] afl_news_scraper —   Fetching article: https://www.afl.com.au/news/1550670/afl-daily-listen-embarrassing-suns-dockers-c…
2026-06-29 07:01:26 [INFO] afl_news_scraper —   Bold candidates: []
2026-06-29 07:01:30 [INFO] afl_news_scraper —   Fetching article: https://www.afl.com.au/news/1550044/fremantle-dockers-extend-winning-record-with…
2026-06-29 07:01:30 [INFO] afl_news_scraper —   Bold candidates: ['Powerful pair go missing', 'GOLD COAST']
2026-06-29 07:01:30 [INFO] afl_news_scraper —     Powerful pair go missing  [UNRESOLVED] \u2192 UNRESOLVED | tags=['return']
2026-06-29 07:01:30 [INFO] afl_news_scraper —     GOLD COAST                [UNRESOLVED] \u2192 UNRESOLVED | tags=[]
2026-06-29 07:01:34 [INFO] afl_news_scraper —   Fetching article: https://www.afl.com.au/news/1549949/dean-solomon-vows-to-be-at-essendon-bombers-…
2026-06-29 07:01:35 [INFO] afl_news_scraper —   Bold candidates: []
2026-06-29 07:01:38 [INFO] afl_news_scraper —   Fetching article: https://www.afl.com.au/news/1549948/north-melbourne-kangaroos-survive-late-essen…
2026-06-29 07:01:39 [INFO] afl_news_scraper —   Bold candidates: ['Review underway', 'NORTH MELBOURNE']
2026-06-29 07:01:39 [INFO] afl_news_scraper —     Review underway           [UNRESOLVED] \u2192 UNRESOLVED | tags=['role_change']
2026-06-29 07:01:39 [INFO] afl_news_scraper —     NORTH MELBOURNE           [UNRESOLVED] \u2192 UNRESOLVED | tags=[]
2026-06-29 07:01:43 [INFO] afl_news_scraper —   Fetching article: https://www.afl.com.au/news/1546787/seven-things-we-learned-hawthorns-midfield-i…
2026-06-29 07:01:43 [INFO] afl_news_scraper —   Bold candidates: []
2026-06-29 07:01:48 [INFO] afl_news_scraper —   Fetching article: https://www.afl.com.au/news/1550005/mitch-georgiades-and-max-michalanney-cited-f…
2026-06-29 07:01:49 [INFO] afl_news_scraper —   Bold candidates: []
2026-06-29 07:01:49 [INFO] afl_news_scraper —   Already scraped: https://www.afl.com.au/news/1546789/around-the-state-leagues…
2026-06-29 07:01:53 [INFO] afl_news_scraper —   Fetching article: https://www.afl.com.au/news/1546636/follow-it-live-north-melbourne-kangaroos-v-e…
2026-06-29 07:01:53 [INFO] afl_news_scraper —   Bold candidates: []
2026-06-29 07:01:58 [INFO] afl_news_scraper —   Fetching article: https://www.afl.com.au/news/1546966/top-midfield-prospects-gus-teixeira-and-arki…
2026-06-29 07:01:59 [INFO] afl_news_scraper —   Bold candidates: ['VIC METRO']
2026-06-29 07:01:59 [INFO] afl_news_scraper —     VIC METRO                 [UNRESOLVED] \u2192 UNRESOLVED | tags=['role_change']
2026-06-29 07:02:03 [INFO] afl_news_scraper —   Fetching article: https://www.afl.com.au/news/1549806/essendon-bombers-great-matthew-lloyd-rules-h…
2026-06-29 07:02:04 [INFO] afl_news_scraper —   Bold candidates: []
2026-06-29 07:02:04 [INFO] afl_news_scraper —   Already scraped: https://www.afl.com.au/aflw/news/1547044/one-club-one-messag…
2026-06-29 07:02:04 [INFO] afl_news_scraper —   Already scraped: https://www.afl.com.au/news/1550046/damien-hardwick-says-gol…
2026-06-29 07:02:04 [INFO] afl_news_scraper —   Already scraped: https://www.afl.com.au/news/1550670/afl-daily-listen-embarra…
2026-06-29 07:02:04 [INFO] afl_news_scraper —   Already scraped: https://www.afl.com.au/news/1550044/fremantle-dockers-extend…
2026-06-29 07:02:04 [INFO] afl_news_scraper —   Already scraped: https://www.afl.com.au/news/1549949/dean-solomon-vows-to-be-…
2026-06-29 07:02:04 [INFO] afl_news_scraper —   Already scraped: https://www.afl.com.au/news/1549948/north-melbourne-kangaroo…
2026-06-29 07:02:04 [INFO] afl_news_scraper —   Already scraped: https://www.afl.com.au/news/1546787/seven-things-we-learned-…
2026-06-29 07:02:04 [INFO] afl_news_scraper —   Already scraped: https://www.afl.com.au/news/1550005/mitch-georgiades-and-max…
2026-06-29 07:02:04 [INFO] afl_news_scraper —   Already scraped: https://www.afl.com.au/news/1546789/around-the-state-leagues…
2026-06-29 07:02:04 [INFO] afl_news_scraper —   Already scraped: https://www.afl.com.au/news/1546636/follow-it-live-north-mel…
2026-06-29 07:02:04 [INFO] afl_news_scraper —   Already scraped: https://www.afl.com.au/news/1546966/top-midfield-prospects-g…
2026-06-29 07:02:04 [INFO] afl_news_scraper —   Already scraped: https://www.afl.com.au/news/1549806/essendon-bombers-great-m…
2026-06-29 07:02:08 [INFO] waiver.league_api — Refreshing SC bearer token via Auth0...
2026-06-29 07:02:08 [ERROR] waiver.league_api — Token refresh request failed: 401 Client Error: Unauthorized for url: https://supercoach.heraldsun.com.au/2026/api/afl/classic/v1/access_token
2026-06-29 07:02:08 [WARNING] waiver.league_api — Auto-refresh failed; falling back to static SC_API_TOKEN.
2026-06-29 07:02:08 [INFO] waiver — [1/9] Fetching player ownership from SC in-season league API...
2026-06-29 07:02:08 [INFO] waiver.league_api — Fetching player status from https://www.supercoach.com.au/2026/api/afl/draft/v1/leagues/14889/playersStatus
2026-06-29 07:02:08 [ERROR] waiver.league_api — SC API request failed: 401 Client Error: Unauthorized for url: https://www.supercoach.com.au/2026/api/afl/draft/v1/leagues/14889/playersStatus
2026-06-29 07:02:08 [WARNING] waiver — SC API unavailable — free agent identification may be inaccurate. Check SC_API_TOKEN.
2026-06-29 07:02:08 [INFO] waiver — [2/9] Fetching live injury and suspension data...
2026-06-29 07:02:08 [INFO] waiver.league_api — Fetching live player injury data from SC API...
2026-06-29 07:02:10 [INFO] waiver.league_api — Fetched injury data for 812 players; 0 have active injury/suspension.
2026-06-29 07:02:10 [WARNING] waiver — SC returned 0 injuries — likely a data lag. Using cached injury data (180 active) from last run.
2026-06-29 07:02:10 [INFO] waiver — [3/9] Loading SC player list...
2026-06-29 07:02:10 [INFO] waiver.data_loader — Loaded 781 players from player list.
2026-06-29 07:02:10 [INFO] waiver — Using round: 15
2026-06-29 07:02:10 [INFO] waiver — [4b] Scraping/processing fanfooty data for 2026 R1–R16 (probing +1)...
2026-06-29 07:02:10 [INFO] waiver — Scraping FanFooty raw data for 2026 R16...
2026-06-29 07:02:10 [INFO] root — Fetching fixture data from: https://www.fanfooty.com.au/game/archive.php?year=2026
2026-06-29 07:02:10 [INFO] root — Found 7 unique matches for Round 16: ['9829', '9830', '9831', '9832', '9833', '9834', '9835']
2026-06-29 07:02:10 [INFO] root — Successfully saved: 9829.txt
2026-06-29 07:02:10 [INFO] root — Successfully saved: 9830.txt
2026-06-29 07:02:10 [INFO] root — Successfully saved: 9831.txt
2026-06-29 07:02:11 [INFO] root — Successfully saved: 9832.txt
2026-06-29 07:02:11 [INFO] root — Successfully saved: 9833.txt
2026-06-29 07:02:11 [INFO] root — Successfully saved: 9834.txt
2026-06-29 07:02:11 [INFO] root — Successfully saved: 9835.txt
2026-06-29 07:02:11 [INFO] waiver — Processing FanFooty data for 2026 R16...
2026-06-29 07:02:11 [INFO] waiver — Saved G:\My Drive\projects\sc-player-data\data\processed\2026_round_16_fanfooty_data.csv
2026-06-29 07:02:11 [INFO] waiver — Round confirmed after scrape: 16
2026-06-29 07:02:23 [INFO] waiver — master_fanfooty_data.csv: appended 92 new rows for 2026 R1–R16
2026-06-29 07:02:23 [INFO] waiver — [4d-pre] Downloading SC player-round data for 2026 R1–R16...
2026-06-29 07:02:25 [INFO] download_2026_statspacks —   Round 1: 812 players saved \u2192 players_round_1.json
2026-06-29 07:02:27 [INFO] download_2026_statspacks —   Round 2: 812 players saved \u2192 players_round_2.json
2026-06-29 07:02:29 [INFO] download_2026_statspacks —   Round 3: 812 players saved \u2192 players_round_3.json
2026-06-29 07:02:31 [INFO] download_2026_statspacks —   Round 4: 812 players saved \u2192 players_round_4.json
2026-06-29 07:02:33 [INFO] download_2026_statspacks —   Round 5: 812 players saved \u2192 players_round_5.json
2026-06-29 07:02:35 [INFO] download_2026_statspacks —   Round 6: 812 players saved \u2192 players_round_6.json
2026-06-29 07:02:37 [INFO] download_2026_statspacks —   Round 7: 812 players saved \u2192 players_round_7.json
2026-06-29 07:02:39 [INFO] download_2026_statspacks —   Round 8: 812 players saved \u2192 players_round_8.json
2026-06-29 07:02:41 [INFO] download_2026_statspacks —   Round 9: 812 players saved \u2192 players_round_9.json
2026-06-29 07:02:43 [INFO] download_2026_statspacks —   Round 10: 812 players saved \u2192 players_round_10.json
2026-06-29 07:02:45 [INFO] download_2026_statspacks —   Round 11: 812 players saved \u2192 players_round_11.json
2026-06-29 07:02:47 [INFO] download_2026_statspacks —   Round 12: 812 players saved \u2192 players_round_12.json
2026-06-29 07:02:49 [INFO] download_2026_statspacks —   Round 13: 812 players saved \u2192 players_round_13.json
2026-06-29 07:02:51 [INFO] download_2026_statspacks —   Round 14: 812 players saved \u2192 players_round_14.json
2026-06-29 07:02:53 [INFO] download_2026_statspacks —   Round 15: 812 players saved \u2192 players_round_15.json
2026-06-29 07:02:55 [INFO] download_2026_statspacks —   Round 16: 812 players saved \u2192 players_round_16.json
2026-06-29 07:02:55 [INFO] download_2026_statspacks — Player rounds download complete: 16 downloaded, 0 skipped, 0 errors
2026-06-29 07:03:10 [WARNING] waiver.fixture_schedule — Could not fetch AFL fixture: HTTPSConnectionPool(host='fixturedownload.com', port=443): Read timed out. (read timeout=15)
2026-06-29 07:03:10 [INFO] waiver — [4e] Refreshing website outputs (ladder, fixtures, player match results)...
2026-06-29 07:03:10 [INFO] waiver.league_api — Refreshing SC bearer token via Auth0...
2026-06-29 07:03:11 [ERROR] waiver.league_api — Token refresh request failed: 401 Client Error: Unauthorized for url: https://supercoach.heraldsun.com.au/2026/api/afl/classic/v1/access_token
2026-06-29 07:03:11 [WARNING] waiver.league_api — Auto-refresh failed; falling back to static SC_API_TOKEN.
2026-06-29 07:03:11 [WARNING] website.data.api_ingest — Round 22 API fetch failed: 403 Client Error: Forbidden for url: https://www.supercoach.com.au/2026/api/afl/draft/v1/leagues/14889/ladderAndFixtures?round=22&scores=true
2026-06-29 07:03:11 [WARNING] website.data.api_ingest — Round 21 API fetch failed: 403 Client Error: Forbidden for url: https://www.supercoach.com.au/2026/api/afl/draft/v1/leagues/14889/ladderAndFixtures?round=21&scores=true
2026-06-29 07:03:11 [WARNING] website.data.api_ingest — Round 20 API fetch failed: 403 Client Error: Forbidden for url: https://www.supercoach.com.au/2026/api/afl/draft/v1/leagues/14889/ladderAndFixtures?round=20&scores=true
2026-06-29 07:03:11 [WARNING] website.data.api_ingest — Round 19 API fetch failed: 403 Client Error: Forbidden for url: https://www.supercoach.com.au/2026/api/afl/draft/v1/leagues/14889/ladderAndFixtures?round=19&scores=true
2026-06-29 07:03:12 [WARNING] website.data.api_ingest — Round 18 API fetch failed: 403 Client Error: Forbidden for url: https://www.supercoach.com.au/2026/api/afl/draft/v1/leagues/14889/ladderAndFixtures?round=18&scores=true
2026-06-29 07:03:12 [WARNING] website.data.api_ingest — Round 17 API fetch failed: 403 Client Error: Forbidden for url: https://www.supercoach.com.au/2026/api/afl/draft/v1/leagues/14889/ladderAndFixtures?round=17&scores=true
2026-06-29 07:03:12 [WARNING] website.data.api_ingest — Round 16 API fetch failed: 403 Client Error: Forbidden for url: https://www.supercoach.com.au/2026/api/afl/draft/v1/leagues/14889/ladderAndFixtures?round=16&scores=true
2026-06-29 07:03:12 [WARNING] website.data.api_ingest — Round 15 API fetch failed: 403 Client Error: Forbidden for url: https://www.supercoach.com.au/2026/api/afl/draft/v1/leagues/14889/ladderAndFixtures?round=15&scores=true
2026-06-29 07:03:12 [WARNING] website.data.api_ingest — Round 14 API fetch failed: 403 Client Error: Forbidden for url: https://www.supercoach.com.au/2026/api/afl/draft/v1/leagues/14889/ladderAndFixtures?round=14&scores=true
2026-06-29 07:03:13 [WARNING] website.data.api_ingest — Round 13 API fetch failed: 403 Client Error: Forbidden for url: https://www.supercoach.com.au/2026/api/afl/draft/v1/leagues/14889/ladderAndFixtures?round=13&scores=true
2026-06-29 07:03:13 [WARNING] website.data.api_ingest — Round 12 API fetch failed: 403 Client Error: Forbidden for url: https://www.supercoach.com.au/2026/api/afl/draft/v1/leagues/14889/ladderAndFixtures?round=12&scores=true
2026-06-29 07:03:13 [WARNING] website.data.api_ingest — Round 11 API fetch failed: 403 Client Error: Forbidden for url: https://www.supercoach.com.au/2026/api/afl/draft/v1/leagues/14889/ladderAndFixtures?round=11&scores=true
2026-06-29 07:03:13 [WARNING] website.data.api_ingest — Round 10 API fetch failed: 403 Client Error: Forbidden for url: https://www.supercoach.com.au/2026/api/afl/draft/v1/leagues/14889/ladderAndFixtures?round=10&scores=true
2026-06-29 07:03:13 [WARNING] website.data.api_ingest — Round 9 API fetch failed: 403 Client Error: Forbidden for url: https://www.supercoach.com.au/2026/api/afl/draft/v1/leagues/14889/ladderAndFixtures?round=9&scores=true
2026-06-29 07:03:13 [WARNING] website.data.api_ingest — Round 8 API fetch failed: 403 Client Error: Forbidden for url: https://www.supercoach.com.au/2026/api/afl/draft/v1/leagues/14889/ladderAndFixtures?round=8&scores=true
2026-06-29 07:03:14 [WARNING] website.data.api_ingest — Round 7 API fetch failed: 403 Client Error: Forbidden for url: https://www.supercoach.com.au/2026/api/afl/draft/v1/leagues/14889/ladderAndFixtures?round=7&scores=true
2026-06-29 07:03:14 [WARNING] website.data.api_ingest — Round 6 API fetch failed: 403 Client Error: Forbidden for url: https://www.supercoach.com.au/2026/api/afl/draft/v1/leagues/14889/ladderAndFixtures?round=6&scores=true
2026-06-29 07:03:14 [WARNING] website.data.api_ingest — Round 5 API fetch failed: 403 Client Error: Forbidden for url: https://www.supercoach.com.au/2026/api/afl/draft/v1/leagues/14889/ladderAndFixtures?round=5&scores=true
2026-06-29 07:03:14 [WARNING] website.data.api_ingest — Round 4 API fetch failed: 403 Client Error: Forbidden for url: https://www.supercoach.com.au/2026/api/afl/draft/v1/leagues/14889/ladderAndFixtures?round=4&scores=true
2026-06-29 07:03:14 [WARNING] website.data.api_ingest — Round 3 API fetch failed: 403 Client Error: Forbidden for url: https://www.supercoach.com.au/2026/api/afl/draft/v1/leagues/14889/ladderAndFixtures?round=3&scores=true
2026-06-29 07:03:15 [WARNING] website.data.api_ingest — Round 2 API fetch failed: 403 Client Error: Forbidden for url: https://www.supercoach.com.au/2026/api/afl/draft/v1/leagues/14889/ladderAndFixtures?round=2&scores=true
2026-06-29 07:03:15 [WARNING] website.data.api_ingest — Round 1 API fetch failed: 403 Client Error: Forbidden for url: https://www.supercoach.com.au/2026/api/afl/draft/v1/leagues/14889/ladderAndFixtures?round=1&scores=true
2026-06-29 07:03:15 [WARNING] website.data.api_ingest — No completed rounds detected; defaulting to round 1
2026-06-29 07:03:15 [ERROR] website.data.api_ingest — No scored rounds returned from API — outputs left unchanged.
2026-06-29 07:03:15 [ERROR] waiver — DATA ERROR (step 4e): player_stats_current.csv is 10079 min old after refresh — refresh likely failed silently.
2026-06-29 07:03:15 [ERROR] waiver — DATA ERROR (step 4e): player_match_results.csv is 10079 min old after refresh — refresh likely failed silently.
2026-06-29 07:03:15 [ERROR] waiver — DATA ERROR (step 4e): ladder.csv is 10079 min old after refresh — refresh likely failed silently.
2026-06-29 07:03:19 [INFO] waiver — [4f] Updating master_player_data.csv with 2026 current-season data...
2026-06-29 07:03:19 [INFO] root — Step 3: Preparing fanfooty enrichment data...
2026-06-29 07:03:20 [INFO] root —   Loaded 138675 fanfooty records
2026-06-29 07:03:20 [INFO] root —   Prepared 134964 unique fanfooty enrichment records
2026-06-29 07:03:20 [INFO] root — update_current_season: fanfooty enrichment matched 2325/2760 rows
2026-06-29 07:03:20 [INFO] root — Loading DFS Australia data...
2026-06-29 07:03:20 [INFO] root —   Loaded 2274 DFS rows across 1 seasons
2026-06-29 07:03:20 [INFO] root — Merging DFS Australia data...
2026-06-29 07:03:20 [INFO] root —   DFS merge: 798/2760 rows matched on CBA%
2026-06-29 07:03:24 [INFO] root — update_current_season: added 2760 rows for 2026 \u2192 data\processed\master_player_data.csv
2026-06-29 07:03:24 [INFO] waiver — [4f] master_player_data.csv: 2760 rows added for 2026.
2026-06-29 07:03:24 [INFO] waiver — [4g] Generating Round 17 predictions...
2026-06-29 07:05:24 [WARNING] waiver — Predictions generation error (non-fatal): Command '['g:\\My Drive\\projects\\sc-player-data\\.venv\\Scripts\\python.exe', 'run_predictions.py', '--year', '2026', '--round', '17']' timed out after 120 seconds
2026-06-29 07:05:24 [INFO] waiver — [4/9] Loading current-season scores...
2026-06-29 07:05:25 [INFO] waiver.data_loader — Loaded 2026 season scores from SC API (16 rounds) + fanfooty supplement: 630 players.
2026-06-29 07:05:25 [INFO] waiver — [4b-validate] Validating round 16 data coverage...
2026-06-29 07:05:25 [INFO] root — Fetching fixture data from: https://www.fanfooty.com.au/game/archive.php?year=2026
2026-06-29 07:05:25 [INFO] root — Found 7 unique matches for Round 16: ['9829', '9830', '9831', '9832', '9833', '9834', '9835']
2026-06-29 07:05:25 [WARNING] waiver — VALIDATION: SC player_match_results R16 has 0 rows — expected \u2265152 (8 teams × 19 on-field). Re-run refresh_2026_data() if the round is complete.
2026-06-29 07:05:25 [WARNING] waiver — DATA WARNING: player_stats_current.csv is 7.0 days old (threshold: 4 days).
2026-06-29 07:05:25 [WARNING] waiver — DATA WARNING: ladder.csv is 7.0 days old (threshold: 4 days).
2026-06-29 07:05:25 [INFO] waiver — [4c] Fetching lineup for round 17...
2026-06-29 07:05:25 [INFO] waiver.league_api — Fetching lineup from https://www.supercoach.com.au/2026/api/afl/draft/v1/userteams/136934/statsPlayers?round=17
2026-06-29 07:05:26 [ERROR] waiver.league_api — statsPlayers API request failed: 401 Client Error: Unauthorized for url: https://www.supercoach.com.au/2026/api/afl/draft/v1/userteams/136934/statsPlayers?round=17
2026-06-29 07:05:26 [WARNING] waiver — Could not fetch lineup — on-field/bench split will be inaccurate.
2026-06-29 07:05:26 [INFO] waiver — [4d] Refreshing coach list from SC API ladder...
2026-06-29 07:05:26 [INFO] waiver.league_api — Refreshing SC bearer token via Auth0...
2026-06-29 07:05:26 [ERROR] waiver.league_api — Token refresh request failed: 401 Client Error: Unauthorized for url: https://supercoach.heraldsun.com.au/2026/api/afl/classic/v1/access_token
2026-06-29 07:05:26 [WARNING] waiver.league_api — Auto-refresh failed; falling back to static SC_API_TOKEN.
2026-06-29 07:05:26 [INFO] waiver.league_api — Fetching league teams from https://www.supercoach.com.au/2026/api/afl/draft/v1/leagues/14889/ladderAndFixtures?round=16&scores=true
2026-06-29 07:05:26 [ERROR] waiver.league_api — SC league teams API request failed: 403 Client Error: Forbidden for url: https://www.supercoach.com.au/2026/api/afl/draft/v1/leagues/14889/ladderAndFixtures?round=16&scores=true
2026-06-29 07:05:26 [WARNING] waiver — Could not refresh coach_list.csv from API — cached file will be used.
2026-06-29 07:05:26 [INFO] waiver — [5/9] Building player table...
2026-06-29 07:05:26 [WARNING] waiver.data_loader — No lineup data — treating all roster players as on field.
2026-06-29 07:05:26 [INFO] waiver.data_loader — Player table built: 781 total, 0 free agents, 0 on my roster, 0 on my roster with injury/suspension.
2026-06-29 07:05:26 [INFO] waiver — [6/9] Loading historical fanfooty data and computing metrics...
2026-06-29 07:05:37 [INFO] waiver.data_loader — Loaded 136094 historical game records across 16 seasons.
2026-06-29 07:05:40 [WARNING] waiver.metrics — No free agents found; replacement levels set to 0.
2026-06-29 07:05:40 [INFO] waiver.metrics — Metrics computed for 781 players. Replacement levels: {'DEF': '0.0', 'MID': '0.0', 'RUC': '0.0', 'FWD': '0.0', 'FLEX': '0.0'}
2026-06-29 07:05:40 [INFO] waiver — [7/9] Loading model predictions...
2026-06-29 07:05:40 [INFO] waiver.data_loader — Loaded Round 17 predictions: 617 players, avg projected score = 66.2.
2026-06-29 07:05:40 [INFO] waiver — Predictions for Round 17 merged: 614 players have projected scores.
2026-06-29 07:05:40 [INFO] waiver — [7b] Applying historical sanity checks to model predictions...
2026-06-29 07:05:40 [INFO] waiver — P(100+) corrected for 25 players based on historical ceiling.
2026-06-29 07:05:40 [INFO] waiver — P(80+) sanity cap applied to players with 2026 actual data.
2026-06-29 07:05:40 [INFO] waiver — Metrics ready: 781 players total, 0 free agents, 0 on my roster, 0 injured on-field.
2026-06-29 07:05:45 [INFO] waiver.dvp — DVP table built: 72 team-position entries from last 6 rounds
2026-06-29 07:05:45 [INFO] root — Fetching fixture for 2026 Round 17 from JSON feed...
2026-06-29 07:05:51 [INFO] root — Successfully built fixture map for 18 teams.
2026-06-29 07:05:51 [INFO] waiver — [7b-pre] DVP table ready (72 entries), 781 player ranks computed.
2026-06-29 07:05:51 [INFO] waiver — [7c] Scoring mid-year jumper and streamer candidates...
2026-06-29 07:05:51 [INFO] waiver.jumper_scorer — Loaded 5980 2026 fanfooty rows across 16 rounds.
2026-06-29 07:05:51 [INFO] waiver.jumper_scorer — Loaded 2026 CBA data: 1511 rows, max round 7.
2026-06-29 07:05:52 [INFO] waiver.jumper_scorer — No FA candidates (avg < 85, games >= 5). No jumper/streamer sections will be generated.
2026-06-29 07:05:52 [INFO] waiver — Jumper/streamer scoring done: 0 mover candidates, 0 streamer candidates.
2026-06-29 07:05:52 [INFO] waiver — [8b] Refreshing AFL fixture schedule...
2026-06-29 07:05:58 [INFO] waiver.fixture_schedule — AFL fixture loaded: 207 games across rounds 0–24.
2026-06-29 07:05:58 [INFO] waiver.fixture_schedule — waiver_schedule.bat updated — 8 future rounds scheduled. Run as Administrator: G:\My Drive\projects\sc-player-data\waiver_schedule.bat
2026-06-29 07:05:58 [INFO] waiver — waiver_schedule.bat updated — newsletter will prompt re-registration.
2026-06-29 07:05:58 [INFO] waiver — [8c] Computing DVP matchup intel (reusing pre-built table)...
2026-06-29 07:05:58 [INFO] root — Fetching fixture for 2026 Round 17 from JSON feed...
2026-06-29 07:06:17 [INFO] root — Successfully built fixture map for 18 teams.
2026-06-29 07:06:17 [INFO] root — Fetching fixture for 2026 Round 18 from JSON feed...
2026-06-29 07:06:31 [INFO] root — Successfully built fixture map for 18 teams.
2026-06-29 07:06:31 [INFO] root — Fetching fixture for 2026 Round 19 from JSON feed...
2026-06-29 07:06:44 [INFO] root — Successfully built fixture map for 18 teams.
2026-06-29 07:06:44 [INFO] waiver — DVP done: 0 matchup targets, 0 schedule streamers.
2026-06-29 07:06:44 [INFO] waiver — [8b] Fetching AFL official injury list...
2026-06-29 07:06:44 [INFO] ingest_afl_injuries — Fetching AFL injury list...
2026-06-29 07:06:44 [INFO] ingest_afl_injuries — Found 159 injured players across 18 teams
2026-06-29 07:06:44 [INFO] ingest_afl_injuries — Saved 159 entries to data\live\afl_injury_list.csv

======================================================================
SCRAPE COMPLETE
======================================================================
  Articles stored:   11
  Player mentions:   5

Name                      FeedID     Tier   Tags                           Headline
----------------------------------------------------------------------------------------------------
  Powerful pair go missing NULL       UNRES  return                         Dockers extend winning record with total ecli
  GOLD COAST              NULL       UNRES                                 Dockers extend winning record with total ecli
  Review underway         NULL       UNRES  role_change                    Kangas survive late Bombers scare to break se
  NORTH MELBOURNE         NULL       UNRES                                 Kangas survive late Bombers scare to break se
  VIC METRO               NULL       UNRES  role_change                    Top midfield prospects dominate as Vic Metro 
  Players taking ownership NULL       UNRES                                 Inside the coaching philosophy powering Frema
  Commitment to improving NULL       UNRES  form                           Inside the coaching philosophy powering Frema
  Selfless players reflect coach NULL       UNRES                                 Inside the coaching philosophy powering Frema
  Durdin the destroyer    NULL       UNRES  role_change                    Power dent Crows' top-four hopes with shock S
  Fogarty fires - finally NULL       UNRES  role_change                    Power dent Crows' top-four hopes with shock S
  PORT ADELAIDE           NULL       UNRES                                 Power dent Crows' top-four hopes with shock S
  Tyler Welsh             1022447    EXACT  injury, role_change            Around the state leagues: Swan's huge day, yo
  Toby Murray             1020950    EXACT  pre_season_buzz                Around the state leagues: Swan's huge day, yo
  Finnbar Maley           1031792    EXACT  form                           Around the state leagues: Swan's huge day, yo
  Lachie Sholl            1006136    SNAME  form                           Around the state leagues: Swan's huge day, yo
  Chayce Jones            1006203    EXACT  form                           Around the state leagues: Swan's huge day, yo
  Mitchell Marsh          1031747    EXACT                                 Around the state leagues: Swan's huge day, yo
  Sid Draper              1022607    EXACT  form                           Around the state leagues: Swan's huge day, yo
  Billy Dowling           1015329    EXACT  form                           Around the state leagues: Swan's huge day, yo
  Nick Murray             1008230    EXACT  role_change                    Around the state leagues: Swan's huge day, yo

Database: G:\My Drive\projects\sc-player-data\data\afl_news.db

======================================================================
AFL INJURY LIST — 159 players
======================================================================

!!! NO_MATCH (2) — requires review !!!
  AFL: 'Max Beattie' (Hawthorn)
       injury=Ankle, return=3-5 weeks
  AFL: 'Lukas Cooke' (Melbourne)
       injury=Face, return=3 weeks

--- Matched players by confidence ---
match_confidence
exact         142
fuzzy           9
fuzzy+team      4
no_match        2
exact+team      2

--- All matched players ---
            afl_name          afl_team         injury est_return                 name team_abbrev match_confidence ambiguous_matches
      Callum Ah Chee    Adelaide Crows      Hamstring  1-2 weeks       Callum Ah Chee         ADE            exact                  
        Jordon Butts    Adelaide Crows           Calf       Test         Jordon Butts         ADE            exact                  
       Isaac Cumming    Adelaide Crows      Hamstring       Test        Isaac Cumming         ADE            exact                  
         Mitch Hinge    Adelaide Crows          Ankle       Test       Mitchell Hinge         ADE            fuzzy                  
         Luke Pedlar    Adelaide Crows      Hamstring  2-3 weeks          Luke Pedlar         ADE            exact                  
         Tyler Welsh    Adelaide Crows      Hamstring       Test          Tyler Welsh         ADE            exact                  
         Oscar Allen          Brisbane           Foot  3-5 weeks          Oscar Allen         BRL            exact                  
         Dan Annable          Brisbane       Shoulder     1 week       Daniel Annable         BRL            fuzzy                  
     Keidean Coleman          Brisbane      Hamstring     1 week      Keidean Coleman         BRL            exact                  
          Tom Doedee          Brisbane           Calf  1-2 weeks           Tom Doedee         BRL            exact                  
           Tai Hayes          Brisbane           Shin     1 week            Tai Hayes         BRL            exact                  
         Ryan Lester          Brisbane           Calf       Test          Ryan Lester         BRL            exact                  
    Lincoln McCarthy          Brisbane           Calf  3-4 weeks     Lincoln McCarthy         BRL            exact                  
     Hugh McCluggage          Brisbane      Hamstring    2 weeks      Hugh McCluggage         BRL            exact                  
      Will McLachlan          Brisbane           Quad  2-3 weeks       Will McLachlan         BRL            exact                  
          Jack Payne          Brisbane           Knee        TBC           Jack Payne         BRL            exact                  
         Henry Smith          Brisbane           Foot       Test          Henry Smith         BRL            exact                  
       Reece Torrent          Brisbane          Ankle       Test        Reece Torrent         BRL            exact                  
         Dayne Zorko          Brisbane           Quad    2 weeks          Dayne Zorko         BRL            exact                  
         Jordan Boyd           Carlton       Shoulder       Test          Jordan Boyd         CAR            exact                  
      Ben Camporeale           Carlton      Hamstring  1-2 weeks       Ben Camporeale         CAR            exact                  
        Matt Carroll           Carlton           Knee     Season      Matthew Carroll         CAR       fuzzy+team                  
         Rob Monahan           Carlton       Shoulder     Season          Rob Monahan         CAR            exact                  
        Jesse Motlop           Carlton           Knee     Season         Jesse Motlop         CAR            exact                  
     Harry O'Farrell           Carlton           Knee        TBC      Harry O'Farrell         CAR            exact                  
          Liam Reidy           Carlton          Ankle     1 week           Liam Reidy         CAR            exact                  
     Jacob Weitering           Carlton           Calf       Test      Jacob Weitering         CAR            exact                  
       Jamie Elliott       Collingwood           Knee     Season        Jamie Elliott         COL            exact                  
          Will Hayes       Collingwood       Shoulder  1-2 weeks        William Hayes         COL       fuzzy+team                  
          Noah Howes       Collingwood       Shoulder  1-2 weeks           Noah Howes         COL            exact                  
     Brayden Maynard       Collingwood       Shoulder  1-2 weeks      Brayden Maynard         COL            exact                  
        Reef McInnes       Collingwood           Knee     Season         Reef McInnes         COL            exact                  
         Darcy Moore       Collingwood      Hamstring        TBC          Darcy Moore         COL            exact                  
        Oscar Steene       Collingwood           Knee     Season         Oscar Steene         COL            exact                  
     Brayden Fiorini          Essendon           Back     Season      Brayden Fiorini         ESS            exact                  
         Lewis Hayes          Essendon           Knee     Season          Lewis Hayes         ESS            exact                  
         Zak Johnson          Essendon           Foot    2 weeks          Zak Johnson         ESS            exact                  
          Isaac Kako          Essendon           Back       Test           Isaac Kako         ESS            exact                  
       Kyle Langford          Essendon           Quad    3 weeks        Kyle Langford         ESS            exact                  
          Nic Martin          Essendon           Knee     Season           Nic Martin         ESS            exact                  
          Archie May          Essendon       Shoulder     Season           Archer May         ESS       fuzzy+team                  
        Liam McMahon          Essendon          Ankle    2 weeks         Liam McMahon         ESS            exact                  
        Darcy Parish          Essendon  Knee soreness       Test         Darcy Parish         ESS            exact                  
      Archie Roberts          Essendon       Shoulder        TBC       Archie Roberts         ESS            exact                  
          Rhys Unwin          Essendon      Hamstring    2 weeks           Rhys Unwin         ESS            exact                  
        Peter Wright          Essendon           Knee    2 weeks         Peter Wright         ESS            exact                  
           Sam Sturt         Fremantle      Knee/quad       Test            Sam Sturt         FRE            exact                  
       Harley Barker           Geelong           Knee Indefinite        Harley Barker         GEE            exact                  
         Toby Conway           Geelong      Foot/Knee        TBC          Toby Conway         GEE            exact                  
        Jacob Molier           Geelong           Quad     1 week         Jacob Molier         GEE            exact                  
         Tom Stewart           Geelong     Concussion        TBC          Tom Stewart         GEE            exact                  
         Sam Clohesy   Gold Coast SUNS     Suspension   Round 18          Sam Clohesy         GCS            exact                  
        Koby Coulson   Gold Coast SUNS           Quad       Test         Koby Coulson         GCS            exact                  
         Alex Davies   Gold Coast SUNS           Foot  4-6 weeks          Alex Davies         GCS            exact                  
           Jy Farrar   Gold Coast SUNS          Ankle  4-6 weeks            Jy Farrar         GCS            exact                  
         Will Graham   Gold Coast SUNS      Hamstring  1-3 weeks          Will Graham         GCS            exact                  
       Lachie Gulbin   Gold Coast SUNS           Hand  4-6 weeks       Lachlan Gulbin         GCS            fuzzy                  
          Wil Powell   Gold Coast SUNS       Shoulder       Test           Wil Powell         GCS            exact                  
        Daniel Rioli   Gold Coast SUNS            Jaw  4-6 weeks         Daniel Rioli         GCS            exact                  
         Jake Rogers   Gold Coast SUNS      Hamstring  4-6 weeks          Jake Rogers         GCS            exact                  
        Avery Thomas   Gold Coast SUNS           Knee  1-3 weeks         Avery Thomas         GCS            exact                  
       Lachie Weller   Gold Coast SUNS      Hamstring  1-3 weeks        Lachie Weller         GCS            exact                  
        Jack Buckley        GWS GIANTS      Hamstring  1-2 weeks         Jack Buckley         GWS            exact                  
           Tom Green        GWS GIANTS           Knee     Season            Tom Green         GWS            exact                  
       Max Gruzewski        GWS GIANTS           Hand       Test        Max Gruzewski         GWS            exact                  
     Ollie Hannaford        GWS GIANTS           Foot  4-5 weeks     Oliver Hannaford         GWS            fuzzy                  
         Jesse Hogan        GWS GIANTS         Finger        TBC          Jesse Hogan         GWS            exact                  
         Darcy Jones        GWS GIANTS           Knee  3-4 weeks          Darcy Jones         GWS            exact                  
          Josh Kelly        GWS GIANTS            Hip        TBC           Josh Kelly         GWS            exact                  
      Jayden Laverde        GWS GIANTS      Hamstring  3-4 weeks       Jayden Laverde         GWS            exact                  
         Nick Madden        GWS GIANTS           Knee    3 weeks      Nicholas Madden         GWS            fuzzy                  
       Toby McMullin        GWS GIANTS      Hamstring  2-3 weeks        Toby McMullin         GWS            exact                  
   Xavier O'Halloran        GWS GIANTS          Ankle    3 weeks    Xavier O'Halloran         GWS            exact                  
       Jake Riccardi        GWS GIANTS          Ankle    6 weeks        Jake Riccardi         GWS            exact                  
         Logan Smith        GWS GIANTS           Knee       Test          Logan Smith         GWS            exact                  
      Nathan Wardius        GWS GIANTS           Knee     Season       Nathan Wardius         GWS            exact                  
         Max Beattie          Hawthorn          Ankle  3-5 weeks                 None         HAW         no_match                  
        James Blanck          Hawthorn      Hamstring        TBC         James Blanck         HAW            exact                  
        Jack Gunston          Hawthorn           Foot     1 week         Jack Gunston         HAW            exact                  
        Jarman Impey          Hawthorn      Hamstring  2-3 weeks         Jarman Impey         HAW            exact                  
          Matt LeRay          Hawthorn     Concussion     1 week        Matthew LeRay         HAW            fuzzy                  
          Conor Nash          Hawthorn           Neck        TBC           Conor Nash         HAW            exact                  
      Jack Scrimshaw          Hawthorn           Knee     1 week       Jack Scrimshaw         HAW            exact                  
         Josh Weddle          Hawthorn     Suspension   Round 19          Josh Weddle         HAW            exact                  
           Jed Adams         Melbourne           Knee  2-3 weeks            Jed Adams         MEL            exact                  
         Lukas Cooke         Melbourne           Face    3 weeks                 None         MEL         no_match                  
          Jai Culley         Melbourne           Knee     Season           Jai Culley         MEL            exact                  
      Xavier Lindsay         Melbourne      Hip/groin  4-5 weeks       Xavier Lindsay         MEL            exact                  
       Brody Mihocek         Melbourne           Neck     Season        Brody Mihocek         MEL            exact                  
Andy Moniz-Wakefield         Melbourne           Knee     Season Andy Moniz-Wakefield         MEL            exact                  
      Harrison Petty         Melbourne      Hamstring  2-3 weeks       Harrison Petty         MEL            exact                  
     Christian Salem         Melbourne           Foot  2-3 weeks      Christian Salem         MEL            exact                  
          Jack Viney         Melbourne       Achilles        TBC           Jack Viney         MEL            exact                  
      Jackson Archer   North Melbourne           Knee     Season       Jackson Archer         NTH            exact                  
         Paul Curtis   North Melbourne     Suspension   Round 18          Paul Curtis         NTH            exact                  
           Toby Pink   North Melbourne       Shoulder     Season            Toby Pink         NTH            exact                  
          Tom Powell   North Melbourne          Groin       Test           Tom Powell         NTH            exact                  
     Blake Thredgold   North Melbourne           Foot     Season      Blake Thredgold         NTH            exact                  
       Luke Urquhart   North Melbourne           Knee    3 weeks        Luke Urquhart         NTH            exact                  
       Tristan Xerri   North Melbourne            Jaw  1-2 weeks        Tristan Xerri         NTH            exact                  
       Miles Bergman     Port Adelaide            Toe  1-2 weeks        Miles Bergman         PTA            exact                  
        Kane Farrell     Port Adelaide          Groin  3-4 weeks         Kane Farrell         PTA            exact                  
          Ollie Lord     Port Adelaide           Knee     Season           Ollie Lord         PTA            exact                  
       Jack Lukosius     Port Adelaide           Knee       Test        Jack Lukosius         PTA            exact                  
      Ewan Mackinlay     Port Adelaide           Knee     Season       Ewan Mackinlay         PTA            exact                  
     Esava Ratugolea     Port Adelaide           Knee     Season      Esava Ratugolea         PTA            exact                  
        Connor Rozee     Port Adelaide      Hamstring     Season         Connor Rozee         PTA            exact                  
           Josh Sinn     Port Adelaide       Shoulder     Season            Josh Sinn         PTA            exact                  
     Harry Armstrong          Richmond           Foot  1-2 weeks      Harry Armstrong         RIC            exact                  
       Judson Clarke          Richmond            ACL  1-2 weeks        Judson Clarke         RIC            exact                  
         Jonty Faull          Richmond           Back     Season          Jonty Faull         RIC            exact                  
         Josh Gibcus          Richmond     ACL strain     Season          Josh Gibcus         RIC            exact                  
       Campbell Gray          Richmond      Hamstring  3-7 weeks        Campbell Gray         RIC            exact                  
        Jacob Hopper          Richmond          Ankle        TBC         Jacob Hopper         RIC            exact                  
           Sam Lalor          Richmond       Achilles  1-4 weeks            Sam Lalor         RIC            exact                  
           Tom Lynch          Richmond         Larynx     1 week            Tom Lynch         RIC            exact                  
           Jack Ross          Richmond     Concussion       Test            Jack Ross         RIC            exact                  
            Tom Sims          Richmond            MCL  2-4 weeks          Thomas Sims         RIC            fuzzy                  
        Josh Smillie          Richmond           Quad        TBC         Josh Smillie         RIC            exact                  
        Luke Trainor          Richmond            Hip       Test         Luke Trainor         RIC            exact                  
        James Barrat          St Kilda           Foot        TBC         James Barrat         STK            exact                  
        Hunter Clark          St Kilda           Knee     1 week         Hunter Clark         STK            exact                  
       Tom De Koning          St Kilda      Ribs/lung        TBC        Tom De Koning         STK            exact                  
         Alex Dodson          St Kilda       Adductor     1 week          Alex Dodson         STK            exact                  
        Sam Flanders          St Kilda       Achilles     Season         Sam Flanders         STK            exact                  
       Dougal Howard          St Kilda           Calf  1-2 weeks        Dougal Howard         STK            exact                  
            Max King          St Kilda      Hamstring        TBC             Max King         STK       exact+team                  
       Jack Sinclair          St Kilda           Calf        TBC        Jack Sinclair         STK            exact                  
          Alix Tauru          St Kilda     Suspension   Round 21     Alixzander Tauru         STK            fuzzy                  
         Riak Andrew      Sydney Swans           Quad  2-3 weeks          Riak Andrew         SYD            exact                  
    Braeden Campbell      Sydney Swans           Shin  2-3 weeks     Braeden Campbell         SYD            exact                  
    Noah Chamberlain      Sydney Swans      Hamstring 8-10 weeks     Noah Chamberlain         SYD            exact                  
          Will Green      Sydney Swans           Foot       Test        William Green         SYD       fuzzy+team                  
        Errol Gulden      Sydney Swans       Shoulder       Test         Errol Gulden         SYD            exact                  
          Tom Hanily      Sydney Swans     Concussion       Test           Tom Hanily         SYD            exact                  
      Liam Hetherton      Sydney Swans           Back     Season       Liam Hetherton         SYD            exact                  
            Max King      Sydney Swans           Back     Season             Max King         SYD       exact+team                  
        Tom McCartin      Sydney Swans     Concussion       Test         Tom McCartin         SYD            exact                  
    Justin McInerney      Sydney Swans      Hamstring  6-8 weeks     Justin McInerney         SYD            exact                  
       Lewis Melican      Sydney Swans      Hamstring       Test        Lewis Melican         SYD            exact                  
          Tom Papley      Sydney Swans           Calf  1-2 weeks           Tom Papley         SYD            exact                  
          Dane Rampe      Sydney Swans           Calf       Test           Dane Rampe         SYD            exact                  
           Sam Allen West Coast Eagles Knee/hamstring    8 weeks            Sam Allen         WCE            exact                  
        Jamie Cripps West Coast Eagles           Knee        TBC         Jamie Cripps         WCE            exact                  
        Hamish Davis West Coast Eagles     Concussion       Test         Hamish Davis         WCE            exact                  
      Willem Duursma West Coast Eagles           Calf       Test       Willem Duursma         WCE            exact                  
       Harry Edwards West Coast Eagles     Concussion        TBC        Harry Edwards         WCE            exact                  
       Reuben Ginbey West Coast Eagles           Quad    8 weeks        Reuben Ginbey         WCE            exact                  
         Jack Graham West Coast Eagles       Shoulder       Test          Jack Graham         WCE            exact                  
     Jack Hutchinson West Coast Eagles      Hamstring       Test      Jack Hutchinson         WCE            exact                  
           Noah Long West Coast Eagles           Knee     Season            Noah Long         WCE            exact                  
        Tom McCarthy West Coast Eagles      Hamstring       Test         Tom McCarthy         WCE            exact                  
        Jacob Newton West Coast Eagles           Foot     Season         Jacob Newton         WCE            exact                  
          Matt Owies West Coast Eagles     Concussion       Test        Matthew Owies         WCE            fuzzy                  
         Archer Reid West Coast Eagles           Knee        TBC          Archer Reid         WCE            exact                  
     Deven Robertson West Coast Eagles           Knee     Season      Deven Robertson         WCE            exact                  
           Sam Darcy  Western Bulldogs           Knee     Season            Sam Darcy         WBD            exact                  
        Riley Garcia  Western Bulldogs           Knee  3-5 weeks         Riley Garcia         WBD            exact                  
     Bailey Williams  Western Bulldogs      Hamstring  3-5 weeks      Bailey Williams         WBD            exact                  2026-06-29 07:06:44 [INFO] waiver — AFL injury list loaded: 159 players
2026-06-29 07:06:44 [INFO] waiver — [9/9] Generating newsletter...
2026-06-29 07:06:44 [INFO] waiver.data_loader — Loaded 122 news mentions (last 7 days)
2026-06-29 07:06:44 [INFO] waiver.newsletter — News sentiment loaded: 122 players with recent mentions.
2026-06-29 07:06:44 [INFO] waiver.newsletter — AFL injury list: flagged 157 additional injured players
2026-06-29 07:07:14 [INFO] waiver.newsletter — Newsletter written to G:\My Drive\projects\sc-player-data\reports\waiver_2026_rd16_2026-06-29.md
2026-06-29 07:07:14 [INFO] waiver — Emailing newsletter to richardsmark@outlook.com...
2026-06-29 07:07:22 [INFO] waiver.emailer — Newsletter emailed to richardsmark@outlook.com.
2026-06-29 07:07:22 [INFO] waiver — [10/10] Deploying static site to GitHub Pages...
2026-06-29 07:07:22 [INFO] deploy_github_pages — Building static site...
2026-06-29 07:08:15 [INFO] deploy_github_pages — Static site built.
2026-06-29 07:08:15 [INFO] deploy_github_pages — Cloning https://github.com/mark-richards/asl-hub.git to C:\Users\Richa\AppData\Local\Temp\asl-hub-deploy-edv6l4wl...
2026-06-29 07:08:17 [INFO] deploy_github_pages — asl-hub unchanged — nothing to push.
2026-06-29 07:08:17 [INFO] waiver — Done. Newsletter saved to: G:\My Drive\projects\sc-player-data\reports\waiver_2026_rd16_2026-06-29.md

2026-07-06 07:00:35 [INFO] waiver — ============================================================
2026-07-06 07:00:35 [INFO] waiver — Waiver Newsletter Pipeline — Season 2026
2026-07-06 07:00:35 [INFO] waiver — ============================================================
2026-07-06 07:00:37 [INFO] afl_news_scraper — News DB is stale — running scraper...
2026-07-06 07:00:37 [INFO] afl_news_scraper — Database ready: data\afl_news.db
2026-07-06 07:00:37 [INFO] afl_news_scraper — Loaded 780 players from draft_prep\SC 2026\2026_SC_Player_list.csv
2026-07-06 07:00:50 [INFO] afl_news_scraper — === Scraping 3 pages from AFL.com.au/news ===
2026-07-06 07:00:50 [INFO] afl_news_scraper — Fetching listing: https://www.afl.com.au/news/all-news
2026-07-06 07:00:58 [INFO] afl_news_scraper —   Found 12 article links
2026-07-06 07:00:58 [INFO] afl_news_scraper — Loading page 2 of 3…
2026-07-06 07:00:58 [INFO] afl_news_scraper —   Clicked 'button:has-text("Show more")'
2026-07-06 07:00:58 [INFO] afl_news_scraper —   Total articles after page 2: 12
2026-07-06 07:01:04 [INFO] afl_news_scraper — Loading page 3 of 3…
2026-07-06 07:01:04 [WARNING] afl_news_scraper —   No 'Load more' button found — trying URL param ?page=3
2026-07-06 07:01:09 [INFO] afl_news_scraper — Fetching listing: https://www.afl.com.au/news/all-news?page=3
2026-07-06 07:01:11 [INFO] afl_news_scraper —   Found 12 article links
2026-07-06 07:01:11 [INFO] afl_news_scraper — Total article links collected: 24
2026-07-06 07:01:14 [INFO] afl_news_scraper —   Fetching article: https://www.afl.com.au/aflw/news/1550888/an-all-australian-squad-member-and-best…
2026-07-06 07:01:15 [INFO] afl_news_scraper —   Bold candidates: []
2026-07-06 07:01:19 [INFO] afl_news_scraper —   Fetching article: https://www.afl.com.au/news/1555227/george-wardlaw-hamstring-injury-set-to-cloud…
2026-07-06 07:01:20 [INFO] afl_news_scraper —   Bold candidates: ['POWER v KANGAROOS']
2026-07-06 07:01:20 [INFO] afl_news_scraper —     POWER v KANGAROOS         [UNRESOLVED] \u2192 UNRESOLVED | tags=['injury']
2026-07-06 07:01:25 [INFO] afl_news_scraper —   Fetching article: https://www.afl.com.au/news/1555647/afl-daily-listen-why-damian-barrett-thinks-t…
2026-07-06 07:01:25 [INFO] afl_news_scraper —   Bold candidates: []
2026-07-06 07:01:30 [INFO] afl_news_scraper —   Fetching article: https://www.afl.com.au/news/1550901/fantasy-tppsdpps-revealed-check-out-the-posi…
2026-07-06 07:01:30 [INFO] afl_news_scraper —   Bold candidates: []
2026-07-06 07:01:35 [INFO] afl_news_scraper —   Fetching article: https://www.afl.com.au/news/1555177/its-difficult-right-now-dean-solomon-vows-to…
2026-07-06 07:01:35 [INFO] afl_news_scraper —   Bold candidates: ['BOMBERS v SAINTS', 'Follow it LIVE']
2026-07-06 07:01:35 [INFO] afl_news_scraper —     BOMBERS v SAINTS          [UNRESOLVED] \u2192 UNRESOLVED | tags=[]
2026-07-06 07:01:35 [INFO] afl_news_scraper —     Follow it LIVE            [UNRESOLVED] \u2192 UNRESOLVED | tags=[]
2026-07-06 07:01:39 [INFO] afl_news_scraper —   Fetching article: https://www.afl.com.au/news/1550882/nine-things-we-learned-the-geelong-cats-need…
2026-07-06 07:01:40 [INFO] afl_news_scraper —   Bold candidates: []
2026-07-06 07:01:45 [INFO] afl_news_scraper —   Fetching article: https://www.afl.com.au/news/1555219/port-adelaide-power-surge-derails-north-melb…
2026-07-06 07:01:45 [INFO] afl_news_scraper —   Bold candidates: ['POWER v KANGAROOS', 'New free kick record', 'McKercher mowed down', 'PORT ADELAIDE', 'NORTH MELBOURNE']…
2026-07-06 07:01:45 [INFO] afl_news_scraper —     POWER v KANGAROOS         [UNRESOLVED] \u2192 UNRESOLVED | tags=[]
2026-07-06 07:01:45 [INFO] afl_news_scraper —     New free kick record      [UNRESOLVED] \u2192 UNRESOLVED | tags=[]
2026-07-06 07:01:45 [INFO] afl_news_scraper —     McKercher mowed down      [UNRESOLVED] \u2192 UNRESOLVED | tags=['selection']
2026-07-06 07:01:45 [INFO] afl_news_scraper —     PORT ADELAIDE             [UNRESOLVED] \u2192 UNRESOLVED | tags=['selection']
2026-07-06 07:01:46 [INFO] afl_news_scraper —     NORTH MELBOURNE           [UNRESOLVED] \u2192 UNRESOLVED | tags=[]
2026-07-06 07:01:46 [INFO] afl_news_scraper —     LATE CHANGES              [UNRESOLVED] \u2192 UNRESOLVED | tags=['injury']
2026-07-06 07:01:49 [INFO] afl_news_scraper —   Fetching article: https://www.afl.com.au/news/1555020/cal-culations-dean-solomon-cant-be-the-answe…
2026-07-06 07:01:49 [INFO] afl_news_scraper —   Bold candidates: []
2026-07-06 07:01:54 [INFO] afl_news_scraper —   Fetching article: https://www.afl.com.au/news/1555066/st-kilda-saints-breeze-to-thumping-win-as-be…
2026-07-06 07:01:55 [INFO] afl_news_scraper —   Bold candidates: ['BOMBERS v SAINTS', 'Follow it LIVE', 'ST KILDA']
2026-07-06 07:01:55 [INFO] afl_news_scraper —     BOMBERS v SAINTS          [UNRESOLVED] \u2192 UNRESOLVED | tags=[]
2026-07-06 07:01:55 [INFO] afl_news_scraper —     Follow it LIVE            [UNRESOLVED] \u2192 UNRESOLVED | tags=[]
2026-07-06 07:01:55 [INFO] afl_news_scraper —     ST KILDA                  [UNRESOLVED] \u2192 UNRESOLVED | tags=[]
2026-07-06 07:01:59 [INFO] afl_news_scraper —   Fetching article: https://www.afl.com.au/news/1555021/match-review-brayden-maynard-touk-miller-and…
2026-07-06 07:01:59 [INFO] afl_news_scraper —   Bold candidates: []
2026-07-06 07:02:04 [INFO] afl_news_scraper —   Fetching article: https://www.afl.com.au/news/1550887/around-the-state-leagues-lions-strong-return…
2026-07-06 07:02:04 [INFO] afl_news_scraper —   Bold candidates: ['Chayce Jones', 'Lachie Sholl', 'Charlie Edwards', 'Tyler Welsh', 'Finnbar Maley']…
2026-07-06 07:02:05 [INFO] afl_news_scraper —     Chayce Jones              [EXACT] \u2192 Jones | tags=[]
2026-07-06 07:02:05 [INFO] afl_news_scraper —     Lachie Sholl              [SURNAME] \u2192 Sholl | tags=['contract']
2026-07-06 07:02:05 [INFO] afl_news_scraper —     Charlie Edwards           [EXACT] \u2192 Edwards | tags=['contract']
2026-07-06 07:02:05 [INFO] afl_news_scraper —     Tyler Welsh               [EXACT] \u2192 Welsh | tags=['contract']
2026-07-06 07:02:05 [INFO] afl_news_scraper —     Finnbar Maley             [EXACT] \u2192 Maley | tags=['contract']
2026-07-06 07:02:05 [INFO] afl_news_scraper —     Isaac Cumming             [EXACT] \u2192 Cumming | tags=['selection']
2026-07-06 07:02:05 [INFO] afl_news_scraper —     Nick Murray               [EXACT] \u2192 Murray | tags=['selection']
2026-07-06 07:02:05 [INFO] afl_news_scraper —     Oscar Ryan                [EXACT] \u2192 Ryan | tags=['return', 'selection']
2026-07-06 07:02:05 [INFO] afl_news_scraper —     Sid Draper                [EXACT] \u2192 Draper | tags=['return', 'selection']
2026-07-06 07:02:05 [INFO] afl_news_scraper —     Jordon Butts              [EXACT] \u2192 Butts | tags=['return', 'selection']
2026-07-06 07:02:05 [INFO] afl_news_scraper —     Mitchell Marsh            [EXACT] \u2192 Marsh | tags=['return']
2026-07-06 07:02:05 [INFO] afl_news_scraper —     Archie Ludowyke           [EXACT] \u2192 Ludowyke | tags=['return']
2026-07-06 07:02:05 [INFO] afl_news_scraper —     Reilly O'Brien            [EXACT] \u2192 O'Brien | tags=[]
2026-07-06 07:02:05 [INFO] afl_news_scraper —     Keidean Coleman           [EXACT] \u2192 Coleman | tags=['form']
2026-07-06 07:02:05 [INFO] afl_news_scraper —     Daniel Annable            [EXACT] \u2192 Annable | tags=['form']
2026-07-06 07:02:05 [INFO] afl_news_scraper —     Sam Marshall              [EXACT] \u2192 Marshall | tags=['injury', 'contract', 'selection']
2026-07-06 07:02:05 [INFO] afl_news_scraper —     Zane Zakostelsky          [EXACT] \u2192 Zakostelsky | tags=['selection']
2026-07-06 07:02:05 [INFO] afl_news_scraper —     Luke Lloyd                [EXACT] \u2192 Lloyd | tags=['selection']
2026-07-06 07:02:05 [INFO] afl_news_scraper —     Darragh Joyce             [EXACT] \u2192 Joyce | tags=['selection']
2026-07-06 07:02:06 [INFO] afl_news_scraper —     Reece Torrent             [EXACT] \u2192 Torrent | tags=[]
2026-07-06 07:02:06 [INFO] afl_news_scraper —     Luke Beecken              [EXACT] \u2192 Beecken | tags=[]
2026-07-06 07:02:06 [INFO] afl_news_scraper —     Shadeau Brain             [EXACT] \u2192 Brain | tags=['role_change']
2026-07-06 07:02:06 [INFO] afl_news_scraper —     Ben Murphy                [EXACT] \u2192 Murphy | tags=['role_change']
2026-07-06 07:02:06 [INFO] afl_news_scraper —     Koby Evans                [EXACT] \u2192 Evans | tags=['role_change']
2026-07-06 07:02:06 [INFO] afl_news_scraper —     Henry Smith               [EXACT] \u2192 Smith | tags=['role_change']
2026-07-06 07:02:06 [INFO] afl_news_scraper —     Cooper Lord               [EXACT] \u2192 Lord | tags=[]
2026-07-06 07:02:06 [INFO] afl_news_scraper —     Ben Camporeale            [EXACT] \u2192 Camporeale | tags=[]
2026-07-06 07:02:06 [INFO] afl_news_scraper —     Lucas Camporeale          [EXACT] \u2192 Camporeale | tags=['role_change']
2026-07-06 07:02:06 [INFO] afl_news_scraper —     Ashton Moir               [EXACT] \u2192 Moir | tags=['role_change']
2026-07-06 07:02:06 [INFO] afl_news_scraper —     Lachie Fogarty            [EXACT] \u2192 Fogarty | tags=[]
2026-07-06 07:02:06 [INFO] afl_news_scraper —     Campbell Chesser          [EXACT] \u2192 Chesser | tags=[]
2026-07-06 07:02:06 [INFO] afl_news_scraper —     Zac Williams              [EXACT] \u2192 Williams | tags=[]
2026-07-06 07:02:06 [INFO] afl_news_scraper —     Jordan Boyd               [EXACT] \u2192 Boyd | tags=[]
2026-07-06 07:02:06 [INFO] afl_news_scraper —     Flynn Young               [EXACT] \u2192 Young | tags=[]
2026-07-06 07:02:06 [INFO] afl_news_scraper —     Hudson O'Keeffe           [EXACT] \u2192 O'Keeffe | tags=[]
2026-07-06 07:02:06 [INFO] afl_news_scraper —     Harry Charleson           [EXACT] \u2192 Charleson | tags=[]
2026-07-06 07:02:06 [INFO] afl_news_scraper —     Adam Saad                 [EXACT] \u2192 Saad | tags=[]
2026-07-06 07:02:06 [INFO] afl_news_scraper —     Matt Duffy                [EXACT] \u2192 Duffy | tags=[]
2026-07-06 07:02:06 [INFO] afl_news_scraper —     Lachie Sullivan           [SURNAME] \u2192 Sullivan | tags=[]
2026-07-06 07:02:06 [INFO] afl_news_scraper —     Jakob Ryan                [EXACT] \u2192 Ryan | tags=[]
2026-07-06 07:02:07 [INFO] afl_news_scraper —     Tyan Prindable            [EXACT] \u2192 Prindable | tags=['role_change', 'form']
2026-07-06 07:02:07 [INFO] afl_news_scraper —     Noah Howes                [EXACT] \u2192 Howes | tags=['role_change', 'form']
2026-07-06 07:02:07 [INFO] afl_news_scraper —     Fergus McFadyen           [UNRESOLVED] \u2192 UNRESOLVED | tags=['role_change', 'form']
2026-07-06 07:02:07 [INFO] afl_news_scraper —     Joel Cochran              [EXACT] \u2192 Cochran | tags=['role_change', 'form']
2026-07-06 07:02:07 [INFO] afl_news_scraper —     Harry DeMattia            [EXACT] \u2192 DeMattia | tags=[]
2026-07-06 07:02:07 [INFO] afl_news_scraper —     Will Hayes                [SURNAME] \u2192 Hayes | tags=['injury', 'return']
2026-07-06 07:02:07 [INFO] afl_news_scraper —     Harrison Coe              [UNRESOLVED] \u2192 UNRESOLVED | tags=['injury', 'return']
2026-07-06 07:02:07 [INFO] afl_news_scraper —     Jai Saxena                [EXACT] \u2192 Saxena | tags=[]
2026-07-06 07:02:07 [INFO] afl_news_scraper —     Charlie West              [EXACT] \u2192 West | tags=['return']
2026-07-06 07:02:07 [INFO] afl_news_scraper —     Mitch Podhajski           [UNRESOLVED] \u2192 UNRESOLVED | tags=['return', 'role_change']
2026-07-06 07:02:07 [INFO] afl_news_scraper —     Iliro Smit                [EXACT] \u2192 Smit | tags=['injury', 'return', 'role_change']
2026-07-06 07:02:07 [INFO] afl_news_scraper —     Elijah Tsatas             [EXACT] \u2192 Tsatas | tags=[]
2026-07-06 07:02:07 [INFO] afl_news_scraper —     Angus Clarke              [EXACT] \u2192 Clarke | tags=['role_change']
2026-07-06 07:02:07 [INFO] afl_news_scraper —     Liam McMahon              [EXACT] \u2192 McMahon | tags=['injury', 'return', 'role_change']
2026-07-06 07:02:07 [INFO] afl_news_scraper —     Harry Jones               [SURNAME] \u2192 Jones | tags=['role_change']
2026-07-06 07:02:07 [INFO] afl_news_scraper —     Lachlan Blakiston         [EXACT] \u2192 Blakiston | tags=['role_change']
2026-07-06 07:02:07 [INFO] afl_news_scraper —     Vigo Visentini            [EXACT] \u2192 Visentini | tags=['role_change']
2026-07-06 07:02:07 [INFO] afl_news_scraper —     Jade Gresham              [EXACT] \u2192 Gresham | tags=['role_change', 'selection']
2026-07-06 07:02:07 [INFO] afl_news_scraper —     Hussein El Achkar         [FUZZY] \u2192 El Achkar | tags=['role_change', 'selection']
2026-07-06 07:02:07 [INFO] afl_news_scraper —     Matt Guelfi               [EXACT] \u2192 Guelfi | tags=['selection']
2026-07-06 07:02:07 [INFO] afl_news_scraper —     Jayden Nguyen             [EXACT] \u2192 Nguyen | tags=[]
2026-07-06 07:02:08 [INFO] afl_news_scraper —     Cillian Bourke            [EXACT] \u2192 Bourke | tags=[]
2026-07-06 07:02:08 [INFO] afl_news_scraper —     Corey Wagner              [EXACT] \u2192 Wagner | tags=[]
2026-07-06 07:02:08 [INFO] afl_news_scraper —     Hugh Davies               [EXACT] \u2192 Davies | tags=['selection']
2026-07-06 07:02:08 [INFO] afl_news_scraper —     Bailey Banfield           [EXACT] \u2192 Banfield | tags=['selection']
2026-07-06 07:02:08 [INFO] afl_news_scraper —     Jaren Carr                [EXACT] \u2192 Carr | tags=[]
2026-07-06 07:02:08 [INFO] afl_news_scraper —     Adam Sweid                [EXACT] \u2192 Sweid | tags=[]
2026-07-06 07:02:08 [INFO] afl_news_scraper —     Toby Whan                 [EXACT] \u2192 Whan | tags=[]
2026-07-06 07:02:08 [INFO] afl_news_scraper —     Cooper Simpson            [EXACT] \u2192 Simpson | tags=[]
2026-07-06 07:02:08 [INFO] afl_news_scraper —     Josh Draper               [SURNAME] \u2192 Draper | tags=[]
2026-07-06 07:02:08 [INFO] afl_news_scraper —     Oscar McDonald            [EXACT] \u2192 McDonald | tags=[]
2026-07-06 07:02:08 [INFO] afl_news_scraper —     Brandon Walker            [EXACT] \u2192 Walker | tags=[]
2026-07-06 07:02:08 [INFO] afl_news_scraper —     Mason Cox                 [EXACT] \u2192 Cox | tags=['role_change']
2026-07-06 07:02:08 [INFO] afl_news_scraper —     Aiden Riddle              [EXACT] \u2192 Riddle | tags=['role_change']
2026-07-06 07:02:08 [INFO] afl_news_scraper —     Gryan Miers               [EXACT] \u2192 Miers | tags=['injury']
2026-07-06 07:02:08 [INFO] afl_news_scraper —     Jhye Clark                [EXACT] \u2192 Clark | tags=['injury', 'form']
2026-07-06 07:02:08 [INFO] afl_news_scraper —     Mitch Knevitt             [EXACT] \u2192 Knevitt | tags=['form']
2026-07-06 07:02:08 [INFO] afl_news_scraper —     Jay Polkinghorne          [EXACT] \u2192 Polkinghorne | tags=[]
2026-07-06 07:02:08 [INFO] afl_news_scraper —     Keighton Matofair-Forbes  [FUZZY] \u2192 Matofai-Forbes | tags=[]
2026-07-06 07:02:08 [INFO] afl_news_scraper —     Jack Bowes                [EXACT] \u2192 Bowes | tags=[]
2026-07-06 07:02:08 [INFO] afl_news_scraper —     George Stevens            [EXACT] \u2192 Stevens | tags=['role_change']
2026-07-06 07:02:09 [INFO] afl_news_scraper —     James Worpel              [EXACT] \u2192 Worpel | tags=['role_change']
2026-07-06 07:02:09 [INFO] afl_news_scraper —     Rhys Stanley              [EXACT] \u2192 Stanley | tags=['role_change']
2026-07-06 07:02:09 [INFO] afl_news_scraper —     Brad Close                [EXACT] \u2192 Close | tags=['role_change']
2026-07-06 07:02:09 [INFO] afl_news_scraper —     Lennox Hofman             [FUZZY] \u2192 Hofmann | tags=['role_change']
2026-07-06 07:02:09 [INFO] afl_news_scraper —     Caleb Lewis               [EXACT] \u2192 Lewis | tags=['role_change', 'form']
2026-07-06 07:02:09 [INFO] afl_news_scraper —     Zak Evans                 [EXACT] \u2192 Evans | tags=['contract']
2026-07-06 07:02:09 [INFO] afl_news_scraper —     Caleb Graham              [EXACT] \u2192 Graham | tags=['contract']
2026-07-06 07:02:09 [INFO] afl_news_scraper —     Asher Eastham             [EXACT] \u2192 Eastham | tags=[]
2026-07-06 07:02:09 [INFO] afl_news_scraper —     Jarrod Witts              [EXACT] \u2192 Witts | tags=['role_change']
2026-07-06 07:02:09 [INFO] afl_news_scraper —     Cooper Bell               [EXACT] \u2192 Bell | tags=['role_change']
2026-07-06 07:02:09 [INFO] afl_news_scraper —     Jamarra Ugle-Hagan        [EXACT] \u2192 Ugle-Hagan | tags=['role_change']
2026-07-06 07:02:09 [INFO] afl_news_scraper —     Elliott Himmelberg        [EXACT] \u2192 Himmelberg | tags=[]
2026-07-06 07:02:09 [INFO] afl_news_scraper —     Avery Thomas              [EXACT] \u2192 Thomas | tags=[]
2026-07-06 07:02:09 [INFO] afl_news_scraper —     Nicholas Madden           [EXACT] \u2192 Madden | tags=['return']
2026-07-06 07:02:09 [INFO] afl_news_scraper —     Toby McMullin             [EXACT] \u2192 McMullin | tags=['injury']
2026-07-06 07:02:09 [INFO] afl_news_scraper —     Cody Angove               [EXACT] \u2192 Angove | tags=['role_change']
2026-07-06 07:02:09 [INFO] afl_news_scraper —     Oskar Taylor              [EXACT] \u2192 Taylor | tags=['role_change']
2026-07-06 07:02:09 [INFO] afl_news_scraper —     James Leake               [EXACT] \u2192 Leake | tags=['role_change']
2026-07-06 07:02:09 [INFO] afl_news_scraper —     Logan Smith               [EXACT] \u2192 Smith | tags=['role_change']
2026-07-06 07:02:09 [INFO] afl_news_scraper —     Aidan Schubert            [EXACT] \u2192 Schubert | tags=['role_change']
2026-07-06 07:02:09 [INFO] afl_news_scraper —     Cody Anderson             [EXACT] \u2192 Anderson | tags=[]
2026-07-06 07:02:10 [INFO] afl_news_scraper —     Henry Hustwaite           [EXACT] \u2192 Hustwaite | tags=['selection']
2026-07-06 07:02:10 [INFO] afl_news_scraper —     Max Ramsden               [EXACT] \u2192 Ramsden | tags=['contract', 'selection']
2026-07-06 07:02:10 [INFO] afl_news_scraper —     Oliver Greeves            [EXACT] \u2192 Greeves | tags=['contract']
2026-07-06 07:02:10 [INFO] afl_news_scraper —     Cameron Nairn             [EXACT] \u2192 Nairn | tags=[]
2026-07-06 07:02:10 [INFO] afl_news_scraper —     Matthew LeRay             [EXACT] \u2192 LeRay | tags=[]
2026-07-06 07:02:10 [INFO] afl_news_scraper —     Jack Henderson            [EXACT] \u2192 Henderson | tags=[]
2026-07-06 07:02:10 [INFO] afl_news_scraper —     Tom McDonald              [EXACT] \u2192 McDonald | tags=[]
2026-07-06 07:02:10 [INFO] afl_news_scraper —     Xavier Taylor             [EXACT] \u2192 Taylor | tags=['role_change']
2026-07-06 07:02:10 [INFO] afl_news_scraper —     Ricky Mentha              [EXACT] \u2192 Mentha | tags=['role_change']
2026-07-06 07:02:10 [INFO] afl_news_scraper —     Aidan Johnson             [EXACT] \u2192 Johnson | tags=['role_change']
2026-07-06 07:02:10 [INFO] afl_news_scraper —     Kalani White              [EXACT] \u2192 White | tags=['role_change']
2026-07-06 07:02:10 [INFO] afl_news_scraper —     Jake Melksham             [EXACT] \u2192 Melksham | tags=['role_change']
2026-07-06 07:02:10 [INFO] afl_news_scraper —     Luker Kentfield           [EXACT] \u2192 Kentfield | tags=['role_change']
2026-07-06 07:02:10 [INFO] afl_news_scraper —     Max Mapley                [UNRESOLVED] \u2192 UNRESOLVED | tags=['role_change']
2026-07-06 07:02:10 [INFO] afl_news_scraper —     Will Brodie               [EXACT] \u2192 Brodie | tags=[]
2026-07-06 07:02:10 [INFO] afl_news_scraper —     Jack Watkins              [EXACT] \u2192 Watkins | tags=['form']
2026-07-06 07:02:10 [INFO] afl_news_scraper —     Christian Moraes          [EXACT] \u2192 Moraes | tags=[]
2026-07-06 07:02:10 [INFO] afl_news_scraper —     Alex Van Wyk              [UNRESOLVED] \u2192 UNRESOLVED | tags=['role_change']
2026-07-06 07:02:10 [INFO] afl_news_scraper —     Will Lorenz               [EXACT] \u2192 Lorenz | tags=['role_change']
2026-07-06 07:02:11 [INFO] afl_news_scraper —     Tom Anastasopoulos        [EXACT] \u2192 Anastasopoulos | tags=['role_change', 'selection']
2026-07-06 07:02:11 [INFO] afl_news_scraper —     Benny Barrett             [EXACT] \u2192 Barrett | tags=['role_change', 'selection']
2026-07-06 07:02:11 [INFO] afl_news_scraper —     Harrison Ramm             [EXACT] \u2192 Ramm | tags=['role_change', 'selection']
2026-07-06 07:02:11 [INFO] afl_news_scraper —     Todd Marshall             [EXACT] \u2192 Marshall | tags=['injury', 'return', 'selection']
2026-07-06 07:02:11 [INFO] afl_news_scraper —     Sam Powell-Pepper         [EXACT] \u2192 Powell-Pepper | tags=['injury', 'return', 'selection']
2026-07-06 07:02:11 [INFO] afl_news_scraper —     Harry Armstrong           [EXACT] \u2192 Armstrong | tags=[]
2026-07-06 07:02:11 [INFO] afl_news_scraper —     Judson Clarke             [EXACT] \u2192 Clarke | tags=[]
2026-07-06 07:02:11 [INFO] afl_news_scraper —     Kaleb Smith               [EXACT] \u2192 Smith | tags=['injury', 'role_change']
2026-07-06 07:02:11 [INFO] afl_news_scraper —     Samson Ryan               [EXACT] \u2192 Ryan | tags=['role_change']
2026-07-06 07:02:11 [INFO] afl_news_scraper —     Zane Peucker              [EXACT] \u2192 Peucker | tags=['role_change']
2026-07-06 07:02:11 [INFO] afl_news_scraper —     Liam Fawcett              [EXACT] \u2192 Fawcett | tags=['role_change']
2026-07-06 07:02:11 [INFO] afl_news_scraper —     Tom Burton                [FUZZY] \u2192 Brown | tags=[]
2026-07-06 07:02:11 [INFO] afl_news_scraper —     Tyler Sonsie              [EXACT] \u2192 Sonsie | tags=[]
2026-07-06 07:02:11 [INFO] afl_news_scraper —     Hugh Boxshall             [EXACT] \u2192 Boxshall | tags=[]
2026-07-06 07:02:11 [INFO] afl_news_scraper —     Paddy Dow                 [EXACT] \u2192 Dow | tags=[]
2026-07-06 07:02:11 [INFO] afl_news_scraper —     Hunter Clark              [EXACT] \u2192 Clark | tags=['injury', 'selection']
2026-07-06 07:02:11 [INFO] afl_news_scraper —     Lance Collard             [EXACT] \u2192 Collard | tags=[]
2026-07-06 07:02:11 [INFO] afl_news_scraper —     Jack Carroll              [EXACT] \u2192 Carroll | tags=[]
2026-07-06 07:02:11 [INFO] afl_news_scraper —     Charlie Banfield          [EXACT] \u2192 Banfield | tags=['contract', 'selection']
2026-07-06 07:02:11 [INFO] afl_news_scraper —     Kye Fincher               [EXACT] \u2192 Fincher | tags=['role_change', 'contract', 'selection']
2026-07-06 07:02:11 [INFO] afl_news_scraper —     Dan Butler                [EXACT] \u2192 Butler | tags=[]
2026-07-06 07:02:12 [INFO] afl_news_scraper —     Alex Dodson               [EXACT] \u2192 Dodson | tags=['role_change']
2026-07-06 07:02:12 [INFO] afl_news_scraper —     Dougal Howard             [EXACT] \u2192 Howard | tags=['role_change']
2026-07-06 07:02:12 [INFO] afl_news_scraper —     Riley Bice                [EXACT] \u2192 Bice | tags=['selection']
2026-07-06 07:02:12 [INFO] afl_news_scraper —     Billy Cootee              [EXACT] \u2192 Cootee | tags=['selection']
2026-07-06 07:02:12 [INFO] afl_news_scraper —     Malcolm Rosas jnr         [FUZZY] \u2192 Rosas | tags=['role_change']
2026-07-06 07:02:12 [INFO] afl_news_scraper —     Jevan Phillipou           [EXACT] \u2192 Phillipou | tags=['role_change']
2026-07-06 07:02:12 [INFO] afl_news_scraper —     Jesse Dattoli             [EXACT] \u2192 Dattoli | tags=['role_change']
2026-07-06 07:02:12 [INFO] afl_news_scraper —     Lewis Melican             [EXACT] \u2192 Melican | tags=['role_change']
2026-07-06 07:02:12 [INFO] afl_news_scraper —     Ned Bowman                [EXACT] \u2192 Bowman | tags=['role_change']
2026-07-06 07:02:12 [INFO] afl_news_scraper —     Will Green                [SURNAME] \u2192 Green | tags=['role_change']
2026-07-06 07:02:12 [INFO] afl_news_scraper —     Patrick Snell             [EXACT] \u2192 Snell | tags=['role_change']
2026-07-06 07:02:12 [INFO] afl_news_scraper —     Ryan Maric                [EXACT] \u2192 Maric | tags=[]
2026-07-06 07:02:12 [INFO] afl_news_scraper —     Elijah Hewett             [EXACT] \u2192 Hewett | tags=[]
2026-07-06 07:02:12 [INFO] afl_news_scraper —     Finlay Macrae             [EXACT] \u2192 Macrae | tags=[]
2026-07-06 07:02:12 [INFO] afl_news_scraper —     Clay Hall                 [EXACT] \u2192 Hall | tags=[]
2026-07-06 07:02:12 [INFO] afl_news_scraper —     Lucca Grego               [EXACT] \u2192 Grego | tags=['role_change', 'form']
2026-07-06 07:02:12 [INFO] afl_news_scraper —     Matt Flynn                [EXACT] \u2192 Flynn | tags=['role_change', 'form']
2026-07-06 07:02:12 [INFO] afl_news_scraper —     Harry Barnett             [EXACT] \u2192 Barnett | tags=['role_change', 'form']
2026-07-06 07:02:12 [INFO] afl_news_scraper —     Harvey Johnston           [EXACT] \u2192 Johnston | tags=[]
2026-07-06 07:02:12 [INFO] afl_news_scraper —     Malakai Champion          [EXACT] \u2192 Champion | tags=[]
2026-07-06 07:02:13 [INFO] afl_news_scraper —     Harry Schoenberg          [EXACT] \u2192 Schoenberg | tags=[]
2026-07-06 07:02:13 [INFO] afl_news_scraper —     Matt Owies                [SURNAME] \u2192 Owies | tags=[]
2026-07-06 07:02:13 [INFO] afl_news_scraper —     Tyler Brockman            [EXACT] \u2192 Brockman | tags=[]
2026-07-06 07:02:13 [INFO] afl_news_scraper —     Josh Lindsay              [EXACT] \u2192 Lindsay | tags=[]
2026-07-06 07:02:13 [INFO] afl_news_scraper —     Fred Rodriguez            [EXACT] \u2192 Rodriguez | tags=[]
2026-07-06 07:02:13 [INFO] afl_news_scraper —     Tyrell Dewar              [EXACT] \u2192 Dewar | tags=[]
2026-07-06 07:02:13 [INFO] afl_news_scraper —     Tom Gross                 [EXACT] \u2192 Gross | tags=[]
2026-07-06 07:02:13 [INFO] afl_news_scraper —     Tylah Williams            [EXACT] \u2192 Williams | tags=[]
2026-07-06 07:02:13 [INFO] afl_news_scraper —     Sandy Brock               [EXACT] \u2192 Brock | tags=[]
2026-07-06 07:02:13 [INFO] afl_news_scraper —     Rhylee West               [EXACT] \u2192 West | tags=[]
2026-07-06 07:02:13 [INFO] afl_news_scraper —     Sam Davidson              [EXACT] \u2192 Davidson | tags=['selection']
2026-07-06 07:02:13 [INFO] afl_news_scraper —     Oskar Baker               [EXACT] \u2192 Baker | tags=['role_change']
2026-07-06 07:02:13 [INFO] afl_news_scraper —     Lachie Smith              [UNRESOLVED] \u2192 UNRESOLVED | tags=['role_change']
2026-07-06 07:02:13 [INFO] afl_news_scraper —     Louis Emmett              [EXACT] \u2192 Emmett | tags=['role_change']
2026-07-06 07:02:13 [INFO] afl_news_scraper —     Jedd Busslinger           [EXACT] \u2192 Busslinger | tags=[]
2026-07-06 07:02:13 [INFO] afl_news_scraper —     Josh Dolan                [EXACT] \u2192 Dolan | tags=[]
2026-07-06 07:02:13 [INFO] afl_news_scraper —     Laitham Vandermeer        [EXACT] \u2192 Vandermeer | tags=[]
2026-07-06 07:02:13 [INFO] afl_news_scraper —     Luke Cleary               [EXACT] \u2192 Cleary | tags=[]
2026-07-06 07:02:13 [INFO] afl_news_scraper —     Ryan Gardner              [EXACT] \u2192 Gardner | tags=[]
2026-07-06 07:02:13 [INFO] afl_news_scraper —     Zac Walker                [EXACT] \u2192 Walker | tags=[]
2026-07-06 07:02:14 [INFO] afl_news_scraper —     Caleb May                 [UNRESOLVED] \u2192 UNRESOLVED | tags=[]
2026-07-06 07:02:14 [INFO] afl_news_scraper —   Fetching article: https://www.afl.com.au/news/1550782/follow-it-live-essendon-bombers-v-st-kilda-s…
2026-07-06 07:02:14 [INFO] afl_news_scraper —   Bold candidates: ['Luke McDonald']
2026-07-06 07:02:14 [INFO] afl_news_scraper —     Luke McDonald             [EXACT] \u2192 McDonald | tags=['injury', 'role_change']
2026-07-06 07:02:14 [INFO] afl_news_scraper —   Already scraped: https://www.afl.com.au/aflw/news/1550888/an-all-australian-s…
2026-07-06 07:02:14 [INFO] afl_news_scraper —   Already scraped: https://www.afl.com.au/news/1555227/george-wardlaw-hamstring…
2026-07-06 07:02:14 [INFO] afl_news_scraper —   Already scraped: https://www.afl.com.au/news/1555647/afl-daily-listen-why-dam…
2026-07-06 07:02:14 [INFO] afl_news_scraper —   Already scraped: https://www.afl.com.au/news/1550901/fantasy-tppsdpps-reveale…
2026-07-06 07:02:14 [INFO] afl_news_scraper —   Already scraped: https://www.afl.com.au/news/1555177/its-difficult-right-now-…
2026-07-06 07:02:14 [INFO] afl_news_scraper —   Already scraped: https://www.afl.com.au/news/1550882/nine-things-we-learned-t…
2026-07-06 07:02:14 [INFO] afl_news_scraper —   Already scraped: https://www.afl.com.au/news/1555219/port-adelaide-power-surg…
2026-07-06 07:02:14 [INFO] afl_news_scraper —   Already scraped: https://www.afl.com.au/news/1555020/cal-culations-dean-solom…
2026-07-06 07:02:14 [INFO] afl_news_scraper —   Already scraped: https://www.afl.com.au/news/1555066/st-kilda-saints-breeze-t…
2026-07-06 07:02:14 [INFO] afl_news_scraper —   Already scraped: https://www.afl.com.au/news/1555021/match-review-brayden-may…
2026-07-06 07:02:14 [INFO] afl_news_scraper —   Already scraped: https://www.afl.com.au/news/1550887/around-the-state-leagues…
2026-07-06 07:02:14 [INFO] afl_news_scraper —   Already scraped: https://www.afl.com.au/news/1550782/follow-it-live-essendon-…
2026-07-06 07:02:18 [INFO] waiver.league_api — Refreshing SC bearer token via Auth0...
2026-07-06 07:02:18 [ERROR] waiver.league_api — Token refresh request failed: 401 Client Error: Unauthorized for url: https://supercoach.heraldsun.com.au/2026/api/afl/classic/v1/access_token
2026-07-06 07:02:18 [WARNING] waiver.league_api — Auto-refresh failed; falling back to static SC_API_TOKEN.
2026-07-06 07:02:18 [INFO] waiver — [1/9] Fetching player ownership from SC in-season league API...
2026-07-06 07:02:18 [INFO] waiver.league_api — Fetching player status from https://www.supercoach.com.au/2026/api/afl/draft/v1/leagues/14889/playersStatus
2026-07-06 07:02:18 [INFO] waiver.league_api — Fetched status for 812 players; 628 are available (waiver).
2026-07-06 07:02:18 [INFO] waiver — [2/9] Fetching live injury and suspension data...
2026-07-06 07:02:18 [INFO] waiver.league_api — Fetching live player injury data from SC API...
2026-07-06 07:02:20 [INFO] waiver.league_api — Fetched injury data for 812 players; 155 have active injury/suspension.
2026-07-06 07:02:20 [INFO] waiver — Injury cache updated: 155 active injuries.
2026-07-06 07:02:20 [INFO] waiver — [3/9] Loading SC player list...
2026-07-06 07:02:20 [INFO] waiver.data_loader — Loaded 781 players from player list.
2026-07-06 07:02:20 [INFO] waiver — Using round: 16
2026-07-06 07:02:20 [INFO] waiver — [4b] Scraping/processing fanfooty data for 2026 R1–R17 (probing +1)...
2026-07-06 07:02:20 [INFO] waiver — Scraping FanFooty raw data for 2026 R17...
2026-07-06 07:02:20 [INFO] root — Fetching fixture data from: https://www.fanfooty.com.au/game/archive.php?year=2026
2026-07-06 07:02:21 [INFO] root — Found 9 unique matches for Round 17: ['9836', '9837', '9838', '9839', '9840', '9841', '9842', '9843', '9844']
2026-07-06 07:02:21 [INFO] root — Successfully saved: 9836.txt
2026-07-06 07:02:21 [INFO] root — Successfully saved: 9837.txt
2026-07-06 07:02:21 [INFO] root — Successfully saved: 9838.txt
2026-07-06 07:02:21 [INFO] root — Successfully saved: 9839.txt
2026-07-06 07:02:21 [INFO] root — Successfully saved: 9840.txt
2026-07-06 07:02:21 [INFO] root — Successfully saved: 9841.txt
2026-07-06 07:02:21 [INFO] root — Successfully saved: 9842.txt
2026-07-06 07:02:22 [INFO] root — Successfully saved: 9843.txt
2026-07-06 07:02:22 [INFO] root — Successfully saved: 9844.txt
2026-07-06 07:02:22 [INFO] waiver — Processing FanFooty data for 2026 R17...
2026-07-06 07:02:22 [INFO] waiver — Saved G:\My Drive\projects\sc-player-data\data\processed\2026_round_17_fanfooty_data.csv
2026-07-06 07:02:22 [INFO] waiver — Round confirmed after scrape: 17
2026-07-06 07:02:39 [INFO] waiver — master_fanfooty_data.csv: appended 414 new rows for 2026 R1–R17
2026-07-06 07:02:39 [INFO] waiver — [4d-pre] Downloading SC player-round data for 2026 R1–R17...
2026-07-06 07:02:40 [INFO] download_2026_statspacks —   Round 1: 812 players saved \u2192 players_round_1.json
2026-07-06 07:02:42 [INFO] download_2026_statspacks —   Round 2: 812 players saved \u2192 players_round_2.json
2026-07-06 07:02:44 [INFO] download_2026_statspacks —   Round 3: 812 players saved \u2192 players_round_3.json
2026-07-06 07:02:46 [INFO] download_2026_statspacks —   Round 4: 812 players saved \u2192 players_round_4.json
2026-07-06 07:02:48 [INFO] download_2026_statspacks —   Round 5: 812 players saved \u2192 players_round_5.json
2026-07-06 07:02:50 [INFO] download_2026_statspacks —   Round 6: 812 players saved \u2192 players_round_6.json
2026-07-06 07:02:52 [INFO] download_2026_statspacks —   Round 7: 812 players saved \u2192 players_round_7.json
2026-07-06 07:02:54 [INFO] download_2026_statspacks —   Round 8: 812 players saved \u2192 players_round_8.json
2026-07-06 07:02:55 [INFO] download_2026_statspacks —   Round 9: 812 players saved \u2192 players_round_9.json
2026-07-06 07:02:58 [INFO] download_2026_statspacks —   Round 10: 812 players saved \u2192 players_round_10.json
2026-07-06 07:03:00 [INFO] download_2026_statspacks —   Round 11: 812 players saved \u2192 players_round_11.json
2026-07-06 07:03:03 [INFO] download_2026_statspacks —   Round 12: 812 players saved \u2192 players_round_12.json
2026-07-06 07:03:05 [INFO] download_2026_statspacks —   Round 13: 812 players saved \u2192 players_round_13.json
2026-07-06 07:03:07 [INFO] download_2026_statspacks —   Round 14: 812 players saved \u2192 players_round_14.json
2026-07-06 07:03:09 [INFO] download_2026_statspacks —   Round 15: 812 players saved \u2192 players_round_15.json
2026-07-06 07:03:11 [INFO] download_2026_statspacks —   Round 16: 812 players saved \u2192 players_round_16.json
2026-07-06 07:03:12 [INFO] download_2026_statspacks —   Round 17: 812 players saved \u2192 players_round_17.json
2026-07-06 07:03:13 [INFO] download_2026_statspacks — Player rounds download complete: 17 downloaded, 0 skipped, 0 errors
2026-07-06 07:03:17 [INFO] waiver.fixture_schedule — AFL fixture loaded: 207 games across rounds 0–24.
2026-07-06 07:03:17 [INFO] waiver — [4e] Refreshing website outputs (ladder, fixtures, player match results)...
2026-07-06 07:03:17 [INFO] waiver.league_api — Refreshing SC bearer token via Auth0...
2026-07-06 07:03:18 [ERROR] waiver.league_api — Token refresh request failed: 401 Client Error: Unauthorized for url: https://supercoach.heraldsun.com.au/2026/api/afl/classic/v1/access_token
2026-07-06 07:03:18 [WARNING] waiver.league_api — Auto-refresh failed; falling back to static SC_API_TOKEN.
2026-07-06 07:03:24 [INFO] website.data.api_ingest — Detected current round: 17
2026-07-06 07:03:43 [INFO] website.data.api_ingest — Processing 2026 data for rounds 1..17
2026-07-06 07:03:43 [INFO] website.data.api_ingest — ladder.csv: 136 rows
2026-07-06 07:03:43 [INFO] website.data.api_ingest — fixture_results_by_team.csv: 136 rows
2026-07-06 07:03:43 [INFO] website.data.api_ingest — player_match_results.csv: 3128 rows
2026-07-06 07:03:43 [INFO] website.data.api_ingest — player_stats_current.csv: 3128 rows
2026-07-06 07:03:43 [INFO] waiver.league_api — Fetching player status from https://www.supercoach.com.au/2026/api/afl/draft/v1/leagues/14889/playersStatus
2026-07-06 07:03:44 [INFO] waiver.league_api — Fetched status for 812 players; 628 are available (waiver).
2026-07-06 07:03:44 [INFO] website.data.api_ingest — current_teams.csv: 184 players
2026-07-06 07:03:44 [INFO] website.data.api_ingest — Saved league_fixtures.json (21 rounds)
2026-07-06 07:03:45 [INFO] website.data.api_ingest — fixture_schedule_2026.csv: 84 matchups
2026-07-06 07:03:46 [INFO] website.data.api_ingest — processedWaivers: 223 rows
2026-07-06 07:03:47 [INFO] website.data.api_ingest — Free Agent pickups (/trades): 218 rows
2026-07-06 07:03:47 [INFO] website.data.api_ingest — Team trades (/teamtrades): 18 rows from 7 approved trades
2026-07-06 07:03:47 [INFO] website.data.api_ingest — transactions.csv: 459 rows \u2192 G:\My Drive\projects\sc-player-data\data\live\transactions.csv
2026-07-06 07:03:48 [INFO] website.data.api_ingest — Saved processedWaivers \u2192 G:\My Drive\projects\sc-player-data\data\raw\supercoach\2026\leagues_14889_processedWaivers.json
2026-07-06 07:03:49 [INFO] website.data.api_ingest — Saved teamtrades \u2192 G:\My Drive\projects\sc-player-data\data\raw\supercoach\2026\leagues_14889_teamtrades.json
2026-07-06 07:03:49 [INFO] website.data.api_ingest — Saved trades \u2192 G:\My Drive\projects\sc-player-data\data\raw\supercoach\2026\leagues_14889_trades.json
2026-07-06 07:03:50 [INFO] website.data.api_ingest — Saved playersStatus \u2192 G:\My Drive\projects\sc-player-data\data\raw\supercoach\2026\leagues_4199_playersStatus.json
2026-07-06 07:03:50 [INFO] website.data.api_ingest — Saved recap \u2192 G:\My Drive\projects\sc-player-data\data\raw\supercoach\2026\leagues_14889_recap.json
2026-07-06 07:03:50 [INFO] website.data.api_ingest — Saved me \u2192 me.json
2026-07-06 07:03:50 [INFO] website.data.api_ingest — Saved real_fixture \u2192 real_fixture.json
2026-07-06 07:03:51 [INFO] website.data.api_ingest — Saved players \u2192 players_cf_embed=notes,odds,player_stats,positions,player_match_stats&round=1.json
2026-07-06 07:03:52 [INFO] website.data.api_ingest — Saved players \u2192 players_cf_embed=notes,odds,player_stats,positions,player_match_stats&round=2.json
2026-07-06 07:03:52 [INFO] website.data.api_ingest — Saved players \u2192 players_cf_embed=notes,odds,player_stats,positions,player_match_stats&round=3.json
2026-07-06 07:03:53 [INFO] website.data.api_ingest — Saved players \u2192 players_cf_embed=notes,odds,player_stats,positions,player_match_stats&round=4.json
2026-07-06 07:03:54 [INFO] website.data.api_ingest — Saved players \u2192 players_cf_embed=notes,odds,player_stats,positions,player_match_stats&round=5.json
2026-07-06 07:03:54 [INFO] website.data.api_ingest — Saved players \u2192 players_cf_embed=notes,odds,player_stats,positions,player_match_stats&round=6.json
2026-07-06 07:03:55 [INFO] website.data.api_ingest — Saved players \u2192 players_cf_embed=notes,odds,player_stats,positions,player_match_stats&round=7.json
2026-07-06 07:03:55 [INFO] website.data.api_ingest — Saved players \u2192 players_cf_embed=notes,odds,player_stats,positions,player_match_stats&round=8.json
2026-07-06 07:03:56 [INFO] website.data.api_ingest — Saved players \u2192 players_cf_embed=notes,odds,player_stats,positions,player_match_stats&round=9.json
2026-07-06 07:03:57 [INFO] website.data.api_ingest — Saved players \u2192 players_cf_embed=notes,odds,player_stats,positions,player_match_stats&round=10.json
2026-07-06 07:03:58 [INFO] website.data.api_ingest — Saved players \u2192 players_cf_embed=notes,odds,player_stats,positions,player_match_stats&round=11.json
2026-07-06 07:03:58 [INFO] website.data.api_ingest — Saved players \u2192 players_cf_embed=notes,odds,player_stats,positions,player_match_stats&round=12.json
2026-07-06 07:03:59 [INFO] website.data.api_ingest — Saved players \u2192 players_cf_embed=notes,odds,player_stats,positions,player_match_stats&round=13.json
2026-07-06 07:04:00 [INFO] website.data.api_ingest — Saved players \u2192 players_cf_embed=notes,odds,player_stats,positions,player_match_stats&round=14.json
2026-07-06 07:04:01 [INFO] website.data.api_ingest — Saved players \u2192 players_cf_embed=notes,odds,player_stats,positions,player_match_stats&round=15.json
2026-07-06 07:04:02 [INFO] website.data.api_ingest — Saved players \u2192 players_cf_embed=notes,odds,player_stats,positions,player_match_stats&round=16.json
2026-07-06 07:04:03 [INFO] website.data.api_ingest — Saved players \u2192 players_cf_embed=notes,odds,player_stats,positions,player_match_stats&round=17.json
2026-07-06 07:04:03 [INFO] website.data.api_ingest — Refresh complete: 136 ladder, 136 fixture, 3128 player-match rows (rounds 1–17).
2026-07-06 07:04:07 [INFO] waiver — [4f] Updating master_player_data.csv with 2026 current-season data...
2026-07-06 07:04:07 [INFO] root — Step 3: Preparing fanfooty enrichment data...
2026-07-06 07:04:08 [INFO] root —   Loaded 139089 fanfooty records
2026-07-06 07:04:08 [INFO] root —   Prepared 135378 unique fanfooty enrichment records
2026-07-06 07:04:08 [INFO] root — update_current_season: fanfooty enrichment matched 2638/3128 rows
2026-07-06 07:04:08 [INFO] root — Loading DFS Australia data...
2026-07-06 07:04:08 [INFO] root —   Loaded 2274 DFS rows across 1 seasons
2026-07-06 07:04:08 [INFO] root — Merging DFS Australia data...
2026-07-06 07:04:08 [INFO] root —   DFS merge: 798/3128 rows matched on CBA%
2026-07-06 07:04:12 [INFO] root — update_current_season: added 3128 rows for 2026 \u2192 data\processed\master_player_data.csv
2026-07-06 07:04:12 [INFO] waiver — [4f] master_player_data.csv: 3128 rows added for 2026.
2026-07-06 07:04:12 [INFO] waiver — [4g] Generating Round 18 predictions...
2026-07-06 07:05:29 [INFO] waiver — [4g] Round 18 predictions generated.
2026-07-06 07:05:29 [INFO] waiver — [4/9] Loading current-season scores...
2026-07-06 07:05:30 [INFO] waiver.data_loader — Loaded 2026 season scores from SC API (17 rounds) + fanfooty supplement: 639 players.
2026-07-06 07:05:30 [INFO] waiver — [4b-validate] Validating round 17 data coverage...
2026-07-06 07:05:30 [INFO] root — Fetching fixture data from: https://www.fanfooty.com.au/game/archive.php?year=2026
2026-07-06 07:05:30 [INFO] root — Found 9 unique matches for Round 17: ['9836', '9837', '9838', '9839', '9840', '9841', '9842', '9843', '9844']
2026-07-06 07:05:30 [INFO] waiver — [4c] Fetching lineup for round 18...
2026-07-06 07:05:30 [INFO] waiver.league_api — Fetching lineup from https://www.supercoach.com.au/2026/api/afl/draft/v1/userteams/136934/statsPlayers?round=18
2026-07-06 07:05:31 [INFO] waiver.league_api — Lineup fetched: 19 on field, 4 bench (23 total).
2026-07-06 07:05:31 [INFO] waiver — [4d] Refreshing coach list from SC API ladder...
2026-07-06 07:05:31 [INFO] waiver.league_api — Refreshing SC bearer token via Auth0...
2026-07-06 07:05:31 [ERROR] waiver.league_api — Token refresh request failed: 401 Client Error: Unauthorized for url: https://supercoach.heraldsun.com.au/2026/api/afl/classic/v1/access_token
2026-07-06 07:05:31 [WARNING] waiver.league_api — Auto-refresh failed; falling back to static SC_API_TOKEN.
2026-07-06 07:05:31 [INFO] waiver.league_api — Fetching league teams from https://www.supercoach.com.au/2026/api/afl/draft/v1/leagues/14889/ladderAndFixtures?round=17&scores=true
2026-07-06 07:05:32 [INFO] waiver.league_api — Fetched 8 teams from ladder league 14889 (round 17).
2026-07-06 07:05:32 [INFO] waiver — coach_list.csv refreshed with 8 teams \u2192 G:\My Drive\projects\sc-player-data\data\live\coach_list.csv
2026-07-06 07:05:32 [INFO] waiver — [5/9] Building player table...
2026-07-06 07:05:32 [INFO] waiver.data_loader — Player table built: 781 total, 597 free agents, 23 on my roster, 1 on my roster with injury/suspension.
2026-07-06 07:05:32 [WARNING] waiver.data_loader — ROSTER INJURY: Kane Farrell — Injury: Groin. Expected to be available for round 21.
2026-07-06 07:05:32 [INFO] waiver — [6/9] Loading historical fanfooty data and computing metrics...
2026-07-06 07:05:42 [INFO] waiver.data_loader — Loaded 136508 historical game records across 16 seasons.
2026-07-06 07:05:45 [INFO] waiver.metrics — Metrics computed for 781 players. Replacement levels: {'DEF': '96.3', 'MID': '100.6', 'RUC': '86.4', 'FWD': '98.6', 'FLEX': '100.6'}
2026-07-06 07:05:45 [INFO] waiver — [7/9] Loading model predictions...
2026-07-06 07:05:46 [INFO] waiver.data_loader — Loaded Round 18 predictions: 620 players, avg projected score = 65.9.
2026-07-06 07:05:46 [INFO] waiver — Predictions for Round 18 merged: 616 players have projected scores.
2026-07-06 07:05:46 [INFO] waiver — [7b] Applying historical sanity checks to model predictions...
2026-07-06 07:05:46 [INFO] waiver — P(100+) corrected for 19 players based on historical ceiling.
2026-07-06 07:05:46 [INFO] waiver — P(80+) sanity cap applied to players with 2026 actual data.
2026-07-06 07:05:46 [INFO] waiver — Metrics ready: 781 players total, 597 free agents, 23 on my roster, 0 injured on-field.
2026-07-06 07:05:50 [INFO] waiver.dvp — DVP table built: 72 team-position entries from last 6 rounds
2026-07-06 07:05:50 [INFO] root — Fetching fixture for 2026 Round 18 from JSON feed...
2026-07-06 07:05:51 [INFO] root — Successfully built fixture map for 18 teams.
2026-07-06 07:05:51 [INFO] waiver — [7b-pre] DVP table ready (72 entries), 781 player ranks computed.
2026-07-06 07:05:51 [INFO] waiver — [7c] Scoring mid-year jumper and streamer candidates...
2026-07-06 07:05:51 [INFO] waiver.jumper_scorer — Loaded 6394 2026 fanfooty rows across 17 rounds.
2026-07-06 07:05:51 [INFO] waiver.jumper_scorer — Loaded 2026 CBA data: 1511 rows, max round 7.
2026-07-06 07:05:51 [INFO] waiver.jumper_scorer — Scoring 324 FA candidates (avg < 85, games >= 5) for R17 jumper/streamer signals.
2026-07-06 07:05:52 [INFO] waiver.jumper_scorer — Jumper candidates: 34 (score >= 0.55, career/avg3 ceiling) | Streamer candidates: 8 (signals >= 2, avg3 >= 80)
2026-07-06 07:05:52 [INFO] waiver — Jumper/streamer scoring done: 5 mover candidates, 5 streamer candidates.
2026-07-06 07:05:52 [INFO] waiver — [8b] Refreshing AFL fixture schedule...
2026-07-06 07:05:52 [INFO] waiver.fixture_schedule — AFL fixture loaded: 207 games across rounds 0–24.
2026-07-06 07:05:52 [INFO] waiver.fixture_schedule — waiver_schedule.bat updated — 7 future rounds scheduled. Run as Administrator: G:\My Drive\projects\sc-player-data\waiver_schedule.bat
2026-07-06 07:05:52 [INFO] waiver — waiver_schedule.bat updated — newsletter will prompt re-registration.
2026-07-06 07:05:52 [INFO] waiver — [8c] Computing DVP matchup intel (reusing pre-built table)...
2026-07-06 07:05:52 [INFO] root — Fetching fixture for 2026 Round 18 from JSON feed...
2026-07-06 07:05:52 [INFO] root — Successfully built fixture map for 18 teams.
2026-07-06 07:05:52 [INFO] root — Fetching fixture for 2026 Round 19 from JSON feed...
2026-07-06 07:05:53 [INFO] root — Successfully built fixture map for 18 teams.
2026-07-06 07:05:53 [INFO] root — Fetching fixture for 2026 Round 20 from JSON feed...
2026-07-06 07:05:53 [INFO] root — Successfully built fixture map for 18 teams.
2026-07-06 07:05:53 [INFO] waiver — DVP done: 12 matchup targets, 5 schedule streamers.
2026-07-06 07:05:53 [INFO] waiver — [8b] Fetching AFL official injury list...
2026-07-06 07:05:53 [INFO] ingest_afl_injuries — Fetching AFL injury list...
2026-07-06 07:05:53 [INFO] ingest_afl_injuries — Found 145 injured players across 18 teams
2026-07-06 07:05:53 [INFO] ingest_afl_injuries — Saved 145 entries to data\live\afl_injury_list.csv

======================================================================
SCRAPE COMPLETE
======================================================================
  Articles stored:   12
  Player mentions:   196

Name                      FeedID     Tier   Tags                           Headline
----------------------------------------------------------------------------------------------------
  POWER v KANGAROOS       NULL       UNRES  injury                         Wardlaw injury set to cloud Roos' week as Bur
  BOMBERS v SAINTS        NULL       UNRES                                 'It's difficult right now': Solomon vows to f
  Follow it LIVE          NULL       UNRES                                 'It's difficult right now': Solomon vows to f
  BOMBERS v SAINTS        NULL       UNRES                                 Saints breeze to thumping win as beaten Bombe
  Follow it LIVE          NULL       UNRES                                 Saints breeze to thumping win as beaten Bombe
  ST KILDA                NULL       UNRES                                 Saints breeze to thumping win as beaten Bombe
  Chayce Jones            1006203    EXACT                                 Around the state leagues: Giant returns, Bomb
  Lachie Sholl            1006136    SNAME  contract                       Around the state leagues: Giant returns, Bomb
  Charlie Edwards         1028671    EXACT  contract                       Around the state leagues: Giant returns, Bomb
  Tyler Welsh             1022447    EXACT  contract                       Around the state leagues: Giant returns, Bomb
  Finnbar Maley           1031792    EXACT  contract                       Around the state leagues: Giant returns, Bomb
  Isaac Cumming           1001396    EXACT  selection                      Around the state leagues: Giant returns, Bomb
  Nick Murray             1008230    EXACT  selection                      Around the state leagues: Giant returns, Bomb
  Oscar Ryan              1027893    EXACT  return, selection              Around the state leagues: Giant returns, Bomb
  Sid Draper              1022607    EXACT  return, selection              Around the state leagues: Giant returns, Bomb
  Jordon Butts            1004995    EXACT  return, selection              Around the state leagues: Giant returns, Bomb
  Mitchell Marsh          1031747    EXACT  return                         Around the state leagues: Giant returns, Bomb
  Archie Ludowyke         1033053    EXACT  return                         Around the state leagues: Giant returns, Bomb
  Reilly O'Brien          297523     EXACT                                 Around the state leagues: Giant returns, Bomb
  Keidean Coleman         1006059    EXACT  form                           Around the state leagues: Giant returns, Bomb

Database: G:\My Drive\projects\sc-player-data\data\afl_news.db

======================================================================
AFL INJURY LIST — 145 players
======================================================================

!!! NO_MATCH (3) — requires review !!!
  AFL: 'Jaxon Artemis' (Essendon)
       injury=Hamstring, return=Test
  AFL: 'Max Beattie' (Hawthorn)
       injury=Ankle, return=1-2 weeks
  AFL: 'Lukas Cooke' (Melbourne)
       injury=Face, return=1 week

--- Matched players by confidence ---
match_confidence
exact         128
fuzzy           7
fuzzy+team      5
no_match        3
exact+team      2

--- All matched players ---
            afl_name          afl_team         injury est_return                 name team_abbrev match_confidence ambiguous_matches
      Callum Ah Chee    Adelaide Crows      Hamstring     1 week       Callum Ah Chee         ADE            exact                  
         Mitch Hinge    Adelaide Crows          Ankle        TBC       Mitchell Hinge         ADE            fuzzy                  
         Luke Pedlar    Adelaide Crows      Hamstring  1-2 weeks          Luke Pedlar         ADE            exact                  
        Wayne Milera    Adelaide Crows      Hamstring     1 week         Wayne Milera         ADE            exact                  
         Oscar Allen          Brisbane           Foot  2-3 weeks          Oscar Allen         BRL            exact                  
          Tom Doedee          Brisbane           Calf     1 week           Tom Doedee         BRL            exact                  
    Lincoln McCarthy          Brisbane           Calf  2-3 weeks     Lincoln McCarthy         BRL            exact                  
     Hugh McCluggage          Brisbane      Hamstring     1 week      Hugh McCluggage         BRL            exact                  
      Will McLachlan          Brisbane           Quad     1 week       Will McLachlan         BRL            exact                  
          Jack Payne          Brisbane           Knee        TBC           Jack Payne         BRL            exact                  
         Dayne Zorko          Brisbane           Quad     1 week          Dayne Zorko         BRL            exact                  
      Ben Camporeale           Carlton      Hamstring       Test       Ben Camporeale         CAR            exact                  
        Matt Carroll           Carlton           Knee     Season      Matthew Carroll         CAR       fuzzy+team                  
         Rob Monahan           Carlton       Shoulder     Season          Rob Monahan         CAR            exact                  
        Jesse Motlop           Carlton           Knee     Season         Jesse Motlop         CAR            exact                  
     Harry O'Farrell           Carlton           Knee        TBC      Harry O'Farrell         CAR            exact                  
          Liam Reidy           Carlton          Ankle  1-2 weeks           Liam Reidy         CAR            exact                  
     Jacob Weitering           Carlton           Calf        TBC      Jacob Weitering         CAR            exact                  
       Jamie Elliott       Collingwood           Knee     Season        Jamie Elliott         COL            exact                  
          Will Hayes       Collingwood       Shoulder       Test        William Hayes         COL       fuzzy+team                  
          Noah Howes       Collingwood       Shoulder       Test           Noah Howes         COL            exact                  
     Brayden Maynard       Collingwood       Shoulder       Test      Brayden Maynard         COL            exact                  
        Reef McInnes       Collingwood           Knee     Season         Reef McInnes         COL            exact                  
         Darcy Moore       Collingwood      Hamstring        TBC          Darcy Moore         COL            exact                  
       Isaac Quaynor       Collingwood          Ankle       Test        Isaac Quaynor         COL            exact                  
        Oscar Steene       Collingwood           Knee     Season         Oscar Steene         COL            exact                  
       Jaxon Artemis          Essendon      Hamstring       Test                 None         ESS         no_match                  
         Tom Edwards          Essendon      Hamstring  3-4 weeks       Thomas Edwards         ESS       fuzzy+team                  
     Brayden Fiorini          Essendon           Back     Season      Brayden Fiorini         ESS            exact                  
       Kayle Gerreyn          Essendon           Knee     1 week        Kayle Gerreyn         ESS            exact                  
         Lewis Hayes          Essendon           Knee     Season          Lewis Hayes         ESS            exact                  
         Zak Johnson          Essendon           Foot     1 week          Zak Johnson         ESS            exact                  
       Kyle Langford          Essendon           Quad    2 weeks        Kyle Langford         ESS            exact                  
          Nic Martin          Essendon           Knee     Season           Nic Martin         ESS            exact                  
          Archie May          Essendon       Shoulder     Season           Archer May         ESS       fuzzy+team                  
        Liam McMahon          Essendon          Ankle       Test         Liam McMahon         ESS            exact                  
      Archie Roberts          Essendon       Shoulder     1 week       Archie Roberts         ESS            exact                  
          Rhys Unwin          Essendon      Hamstring    2 weeks           Rhys Unwin         ESS            exact                  
        Peter Wright          Essendon           Knee       Test         Peter Wright         ESS            exact                  
        Tobyn Murray         Fremantle           Calf       Test         Tobyn Murray         FRE            exact                  
           Sam Sturt         Fremantle      Knee/quad        TBA            Sam Sturt         FRE            exact                  
          Adam Sweid         Fremantle           Knee       Test           Adam Sweid         FRE            exact                  
       Harley Barker           Geelong           Knee Indefinite        Harley Barker         GEE            exact                  
         Toby Conway           Geelong      Foot/Knee        TBC          Toby Conway         GEE            exact                  
        Jacob Molier           Geelong           Quad       Test         Jacob Molier         GEE            exact                  
         Tom Stewart           Geelong     Concussion        TBC          Tom Stewart         GEE            exact                  
         Sam Clohesy   Gold Coast SUNS     Suspension   Round 18          Sam Clohesy         GCS            exact                  
        Koby Coulson   Gold Coast SUNS           Quad       Test         Koby Coulson         GCS            exact                  
         Alex Davies   Gold Coast SUNS           Foot  1-3 weeks          Alex Davies         GCS            exact                  
           Jy Farrar   Gold Coast SUNS          Ankle  1-3 weeks            Jy Farrar         GCS            exact                  
         Will Graham   Gold Coast SUNS      Hamstring  1-3 weeks          Will Graham         GCS            exact                  
       Lachie Gulbin   Gold Coast SUNS           Hand  1-3 weeks       Lachlan Gulbin         GCS            fuzzy                  
        Daniel Rioli   Gold Coast SUNS            Jaw  4-6 weeks         Daniel Rioli         GCS            exact                  
         Jake Rogers   Gold Coast SUNS      Hamstring  1-3 weeks          Jake Rogers         GCS            exact                  
        Avery Thomas   Gold Coast SUNS           Knee       Test         Avery Thomas         GCS            exact                  
       Lachie Weller   Gold Coast SUNS      Hamstring  1-3 weeks        Lachie Weller         GCS            exact                  
        Jack Buckley        GWS GIANTS      Hamstring       Test         Jack Buckley         GWS            exact                  
       Brent Daniels        GWS GIANTS           Calf        TBC        Brent Daniels         GWS            exact                  
          Finn Davis        GWS GIANTS           Quad  2-3 weeks       Finnegan Davis         GWS       fuzzy+team                  
           Tom Green        GWS GIANTS           Knee     Season            Tom Green         GWS            exact                  
       Max Gruzewski        GWS GIANTS           Knee    4 weeks        Max Gruzewski         GWS            exact                  
     Ollie Hannaford        GWS GIANTS           Foot    4 weeks     Oliver Hannaford         GWS            fuzzy                  
         Jesse Hogan        GWS GIANTS         Finger        TBC          Jesse Hogan         GWS            exact                  
         Darcy Jones        GWS GIANTS           Knee  3-4 weeks          Darcy Jones         GWS            exact                  
          Josh Kelly        GWS GIANTS            Hip        TBC           Josh Kelly         GWS            exact                  
      Jayden Laverde        GWS GIANTS      Hamstring  1-2 weeks       Jayden Laverde         GWS            exact                  
         Nick Madden        GWS GIANTS           Knee       Test      Nicholas Madden         GWS            fuzzy                  
       Toby McMullin        GWS GIANTS      Hamstring       Test        Toby McMullin         GWS            exact                  
   Xavier O'Halloran        GWS GIANTS          Ankle  2-3 weeks    Xavier O'Halloran         GWS            exact                  
       Jake Riccardi        GWS GIANTS          Ankle  5-6 weeks        Jake Riccardi         GWS            exact                  
      Nathan Wardius        GWS GIANTS           Knee     Season       Nathan Wardius         GWS            exact                  
         Max Beattie          Hawthorn          Ankle  1-2 weeks                 None         HAW         no_match                  
        James Blanck          Hawthorn      Hamstring  1-2 weeks         James Blanck         HAW            exact                  
        Jack Gunston          Hawthorn           Foot       Test         Jack Gunston         HAW            exact                  
        Jarman Impey          Hawthorn      Hamstring  1-2 weeks         Jarman Impey         HAW            exact                  
          Matt LeRay          Hawthorn     Concussion       Test        Matthew LeRay         HAW            fuzzy                  
      Finn Maginness          Hawthorn           Back       Test       Finn Maginness         HAW            exact                  
          Conor Nash          Hawthorn           Neck        TBC           Conor Nash         HAW            exact                  
      Jack Scrimshaw          Hawthorn           Knee        TBC       Jack Scrimshaw         HAW            exact                  
         Nick Watson          Hawthorn      Hamstring     1 week          Nick Watson         HAW            exact                  
         Josh Weddle          Hawthorn     Suspension   Round 19          Josh Weddle         HAW            exact                  
           Jed Adams         Melbourne           Knee  1-2 weeks            Jed Adams         MEL            exact                  
         Lukas Cooke         Melbourne           Face     1 week                 None         MEL         no_match                  
          Jai Culley         Melbourne           Knee     Season           Jai Culley         MEL            exact                  
           Max Heath         Melbourne       Shoulder       Test            Max Heath         MEL            exact                  
      Xavier Lindsay         Melbourne      Hip/groin  3-4 weeks       Xavier Lindsay         MEL            exact                  
       Brody Mihocek         Melbourne           Neck     Season        Brody Mihocek         MEL            exact                  
Andy Moniz-Wakefield         Melbourne           Knee     Season Andy Moniz-Wakefield         MEL            exact                  
      Harrison Petty         Melbourne      Hamstring       Test       Harrison Petty         MEL            exact                  
     Christian Salem         Melbourne           Foot  1-2 weeks      Christian Salem         MEL            exact                  
          Jack Viney         Melbourne       Achilles        TBC           Jack Viney         MEL            exact                  
      Jackson Archer   North Melbourne           Knee     Season       Jackson Archer         NTH            exact                  
         Paul Curtis   North Melbourne     Suspension   Round 18          Paul Curtis         NTH            exact                  
           Toby Pink   North Melbourne       Shoulder     Season            Toby Pink         NTH            exact                  
     Blake Thredgold   North Melbourne           Foot     Season      Blake Thredgold         NTH            exact                  
       Luke Urquhart   North Melbourne           Knee     1 week        Luke Urquhart         NTH            exact                  
       Miles Bergman     Port Adelaide            Toe       Test        Miles Bergman         PTA            exact                  
        Kane Farrell     Port Adelaide          Groin  2-3 weeks         Kane Farrell         PTA            exact                  
          Mani Liddy     Port Adelaide            Hip     Season           Mani Liddy         PTA            exact                  
          Ollie Lord     Port Adelaide           Knee     Season           Ollie Lord         PTA            exact                  
      Ewan Mackinlay     Port Adelaide           Knee     Season       Ewan Mackinlay         PTA            exact                  
     Esava Ratugolea     Port Adelaide           Knee     Season      Esava Ratugolea         PTA            exact                  
        Connor Rozee     Port Adelaide      Hamstring     Season         Connor Rozee         PTA            exact                  
           Josh Sinn     Port Adelaide       Shoulder     Season            Josh Sinn         PTA            exact                  
     Harry Armstrong          Richmond           Foot       Test      Harry Armstrong         RIC            exact                  
         Jonty Faull          Richmond           Back     Season          Jonty Faull         RIC            exact                  
         Josh Gibcus          Richmond     ACL strain     Season          Josh Gibcus         RIC            exact                  
       Campbell Gray          Richmond      Hamstring  2-6 weeks        Campbell Gray         RIC            exact                  
        Jacob Hopper          Richmond          Ankle        TBC         Jacob Hopper         RIC            exact                  
           Sam Lalor          Richmond       Achilles  1-3 weeks            Sam Lalor         RIC            exact                  
           Tom Lynch          Richmond         Larynx       Test            Tom Lynch         RIC            exact                  
        Dion Prestia          Richmond        Managed     1 week         Dion Prestia         RIC            exact                  
            Tom Sims          Richmond            MCL  1-3 weeks          Thomas Sims         RIC            fuzzy                  
        Josh Smillie          Richmond           Quad  3-5 weeks         Josh Smillie         RIC            exact                  
        James Barrat          St Kilda           Foot        TBC         James Barrat         STK            exact                  
        Hunter Clark          St Kilda           Knee       Test         Hunter Clark         STK            exact                  
       Tom De Koning          St Kilda      Ribs/lung        TBC        Tom De Koning         STK            exact                  
         Alex Dodson          St Kilda       Adductor       Test          Alex Dodson         STK            exact                  
        Sam Flanders          St Kilda       Achilles     Season         Sam Flanders         STK            exact                  
       Dougal Howard          St Kilda           Calf       Test        Dougal Howard         STK            exact                  
            Max King          St Kilda      Hamstring        TBC             Max King         STK       exact+team                  
       Jack Sinclair          St Kilda           Calf        TBC        Jack Sinclair         STK            exact                  
          Alix Tauru          St Kilda     Suspension   Round 21     Alixzander Tauru         STK            fuzzy                  
        Joel Amartey      Sydney Swans       Achilles   10 weeks         Joel Amartey         SYD            exact                  
         Riak Andrew      Sydney Swans           Quad    2 weeks          Riak Andrew         SYD            exact                  
    Braeden Campbell      Sydney Swans           Shin     1 week     Braeden Campbell         SYD            exact                  
    Noah Chamberlain      Sydney Swans      Hamstring 8-10 weeks     Noah Chamberlain         SYD            exact                  
      Liam Hetherton      Sydney Swans           Back     Season       Liam Hetherton         SYD            exact                  
            Max King      Sydney Swans           Back     Season             Max King         SYD       exact+team                  
    Justin McInerney      Sydney Swans      Hamstring  6-7 weeks     Justin McInerney         SYD            exact                  
          Tom Papley      Sydney Swans           Calf     1 week           Tom Papley         SYD            exact                  
           Sam Wicks      Sydney Swans      Hamstring  4-6 weeks            Sam Wicks         SYD            exact                  
           Sam Allen West Coast Eagles Knee/hamstring    7 weeks            Sam Allen         WCE            exact                  
      Tyler Brockman West Coast Eagles      Hamstring       Test       Tyler Brockman         WCE            exact                  
  Cooper Duff-Tytler West Coast Eagles           Calf        TBC   Cooper Duff-Tytler         WCE            exact                  
       Harry Edwards West Coast Eagles     Concussion     Season        Harry Edwards         WCE            exact                  
       Reuben Ginbey West Coast Eagles           Quad    7 weeks        Reuben Ginbey         WCE            exact                  
           Tim Kelly West Coast Eagles      Hamstring       Test            Tim Kelly         WCE            exact                  
           Noah Long West Coast Eagles           Knee     Season            Noah Long         WCE            exact                  
        Jacob Newton West Coast Eagles           Foot     Season         Jacob Newton         WCE            exact                  
         Archer Reid West Coast Eagles           Knee        TBC          Archer Reid         WCE            exact                  
     Deven Robertson West Coast Eagles           Knee     Season      Deven Robertson         WCE            exact                  
           Sam Darcy  Western Bulldogs           Knee     Season            Sam Darcy         WBD            exact                  
        Riley Garcia  Western Bulldogs           Knee  1-3 weeks         Riley Garcia         WBD            exact                  
     Bailey Williams  Western Bulldogs      Hamstring  1-3 weeks      Bailey Williams         WBD            exact                  2026-07-06 07:05:53 [INFO] waiver — AFL injury list loaded: 145 players
2026-07-06 07:05:53 [INFO] waiver — [9/9] Generating newsletter...
2026-07-06 07:05:53 [INFO] waiver.data_loader — Loaded 177 news mentions (last 7 days)
2026-07-06 07:05:53 [INFO] waiver.newsletter — News sentiment loaded: 177 players with recent mentions.
2026-07-06 07:05:53 [INFO] waiver.newsletter — AFL injury list: flagged 142 additional injured players
2026-07-06 07:06:25 [INFO] httpx — HTTP Request: POST https://api.anthropic.com/v1/messages "HTTP/1.1 200 OK"
2026-07-06 07:06:30 [INFO] httpx — HTTP Request: POST https://api.anthropic.com/v1/messages "HTTP/1.1 200 OK"
2026-07-06 07:06:35 [INFO] httpx — HTTP Request: POST https://api.anthropic.com/v1/messages "HTTP/1.1 200 OK"
2026-07-06 07:06:39 [INFO] httpx — HTTP Request: POST https://api.anthropic.com/v1/messages "HTTP/1.1 200 OK"
2026-07-06 07:06:39 [INFO] waiver.data_loader — Loaded 0 news mentions (last 7 days)
2026-07-06 07:06:39 [INFO] waiver.newsletter — Newsletter written to G:\My Drive\projects\sc-player-data\reports\waiver_2026_rd17_2026-07-06.md
2026-07-06 07:06:39 [INFO] waiver — Emailing newsletter to richardsmark@outlook.com...
2026-07-06 07:06:48 [INFO] waiver.emailer — Newsletter emailed to richardsmark@outlook.com.
2026-07-06 07:06:48 [INFO] waiver — [10/10] Deploying static site to GitHub Pages...
2026-07-06 07:06:48 [INFO] deploy_github_pages — Building static site...
2026-07-06 07:07:27 [INFO] deploy_github_pages — Static site built.
2026-07-06 07:07:27 [INFO] deploy_github_pages — Cloning https://github.com/mark-richards/asl-hub.git to C:\Users\Richa\AppData\Local\Temp\asl-hub-deploy-uy_6oode...
2026-07-06 07:07:30 [INFO] deploy_github_pages — Pushing to https://github.com/mark-richards/asl-hub.git (main)...
2026-07-06 07:07:31 [INFO] deploy_github_pages — GitHub Pages updated: https://mark-richards.github.io/asl-hub/
2026-07-06 07:07:31 [INFO] waiver — Done. Newsletter saved to: G:\My Drive\projects\sc-player-data\reports\waiver_2026_rd17_2026-07-06.md

2026-07-13 07:00:36 [INFO] waiver — ============================================================
2026-07-13 07:00:36 [INFO] waiver — Waiver Newsletter Pipeline — Season 2026
2026-07-13 07:00:36 [INFO] waiver — ============================================================
2026-07-13 07:00:38 [INFO] afl_news_scraper — News DB is stale — running scraper...
2026-07-13 07:00:38 [INFO] afl_news_scraper — Database ready: data\afl_news.db
2026-07-13 07:00:38 [INFO] afl_news_scraper — Loaded 780 players from draft_prep\SC 2026\2026_SC_Player_list.csv
2026-07-13 07:00:52 [INFO] afl_news_scraper — === Scraping 3 pages from AFL.com.au/news ===
2026-07-13 07:00:52 [INFO] afl_news_scraper — Fetching listing: https://www.afl.com.au/news/all-news
2026-07-13 07:01:22 [WARNING] afl_news_scraper — Timeout waiting for networkidle — proceeding with DOM as-is
2026-07-13 07:01:22 [INFO] afl_news_scraper —   Found 12 article links
2026-07-13 07:01:22 [INFO] afl_news_scraper — Loading page 2 of 3…
2026-07-13 07:01:30 [WARNING] afl_news_scraper —   No 'Load more' button found — trying URL param ?page=2
2026-07-13 07:01:30 [INFO] afl_news_scraper — Fetching listing: https://www.afl.com.au/news/all-news?page=2
2026-07-13 07:01:32 [INFO] afl_news_scraper —   Found 12 article links
2026-07-13 07:01:35 [INFO] afl_news_scraper — Loading page 3 of 3…
2026-07-13 07:01:35 [INFO] afl_news_scraper —   Clicked 'button:has-text("Show more")'
2026-07-13 07:01:36 [INFO] afl_news_scraper —   Total articles after page 3: 24
2026-07-13 07:01:36 [INFO] afl_news_scraper — Total article links collected: 24
2026-07-13 07:01:40 [INFO] afl_news_scraper —   Fetching article: https://www.afl.com.au/news/1555828/every-clubs-run-home-ranked-from-hardest-to-…
2026-07-13 07:01:41 [INFO] afl_news_scraper —   Bold candidates: []
2026-07-13 07:01:45 [INFO] afl_news_scraper —   Fetching article: https://www.afl.com.au/aflw/news/1557332/aflw-fantasy-defenders-premiums-mid-pri…
2026-07-13 07:01:45 [INFO] afl_news_scraper —   Bold candidates: ['Zipporah Fish', 'Maddison Gay', 'Tarni White', 'Ella Heads', 'Britney Gutknecht']…
2026-07-13 07:01:45 [INFO] afl_news_scraper —     Zipporah Fish             [UNRESOLVED] \u2192 UNRESOLVED | tags=[]
2026-07-13 07:01:45 [INFO] afl_news_scraper —     Maddison Gay              [UNRESOLVED] \u2192 UNRESOLVED | tags=[]
2026-07-13 07:01:45 [INFO] afl_news_scraper —     Tarni White               [SURNAME] \u2192 White | tags=[]
2026-07-13 07:01:45 [INFO] afl_news_scraper —     Ella Heads                [UNRESOLVED] \u2192 UNRESOLVED | tags=[]
2026-07-13 07:01:46 [INFO] afl_news_scraper —     Britney Gutknecht         [UNRESOLVED] \u2192 UNRESOLVED | tags=['return']
2026-07-13 07:01:46 [INFO] afl_news_scraper —     Others to consider        [UNRESOLVED] \u2192 UNRESOLVED | tags=[]
2026-07-13 07:01:46 [INFO] afl_news_scraper —     Daisy D'Arcy              [UNRESOLVED] \u2192 UNRESOLVED | tags=['injury']
2026-07-13 07:01:46 [INFO] afl_news_scraper —     Chantel Emonson           [UNRESOLVED] \u2192 UNRESOLVED | tags=['return', 'form']
2026-07-13 07:01:46 [INFO] afl_news_scraper —     Nicole Bresnehan          [UNRESOLVED] \u2192 UNRESOLVED | tags=[]
2026-07-13 07:01:46 [INFO] afl_news_scraper —     Scarlett Johnson          [UNRESOLVED] \u2192 UNRESOLVED | tags=['form']
2026-07-13 07:01:46 [INFO] afl_news_scraper —     Georgia Stubs             [UNRESOLVED] \u2192 UNRESOLVED | tags=['form', 'selection']
2026-07-13 07:01:46 [INFO] afl_news_scraper —     Mizuki Brothwell          [UNRESOLVED] \u2192 UNRESOLVED | tags=['form']
2026-07-13 07:01:49 [INFO] afl_news_scraper —   Fetching article: https://www.afl.com.au/aflw/news/1556272/i-just-love-footy-north-melbourne-kanga…
2026-07-13 07:01:50 [INFO] afl_news_scraper —   Bold candidates: []
2026-07-13 07:01:55 [INFO] afl_news_scraper —   Fetching article: https://www.afl.com.au/news/1559525/ill-protect-zach-merrett-dean-solomon-defend…
2026-07-13 07:01:55 [INFO] afl_news_scraper —   Bold candidates: []
2026-07-13 07:01:59 [INFO] afl_news_scraper —   Fetching article: https://www.afl.com.au/news/1560558/afl-daily-listen-gold-coast-suns-coach-damie…
2026-07-13 07:02:00 [INFO] afl_news_scraper —   Bold candidates: []
2026-07-13 07:02:04 [INFO] afl_news_scraper —   Fetching article: https://www.afl.com.au/news/1559518/adem-yze-insists-struggling-richmond-tigers-…
2026-07-13 07:02:05 [INFO] afl_news_scraper —   Bold candidates: []
2026-07-13 07:02:10 [INFO] afl_news_scraper —   Fetching article: https://www.afl.com.au/news/1559519/brisbane-lions-maul-essendon-bombers-to-cont…
2026-07-13 07:02:11 [INFO] afl_news_scraper —   Bold candidates: ["Draper's dynamic goal"]
2026-07-13 07:02:11 [INFO] afl_news_scraper —     Draper's dynamic goal     [UNRESOLVED] \u2192 UNRESOLVED | tags=[]
2026-07-13 07:02:16 [INFO] afl_news_scraper —   Fetching article: https://www.afl.com.au/news/1555767/nine-things-we-learned-the-giants-exposed-ge…
2026-07-13 07:02:16 [INFO] afl_news_scraper —   Bold candidates: []
2026-07-13 07:02:21 [INFO] afl_news_scraper —   Fetching article: https://www.afl.com.au/news/1555774/around-the-state-leagues-cats-gun-stars-swan…
2026-07-13 07:02:22 [INFO] afl_news_scraper —   Bold candidates: ['Billy Dowling', 'Nick Murray', 'Lachie Sholl', 'Oscar Ryan', 'Charlie Edwards']…
2026-07-13 07:02:22 [INFO] afl_news_scraper —     Billy Dowling             [EXACT] \u2192 Dowling | tags=['form']
2026-07-13 07:02:22 [INFO] afl_news_scraper —     Nick Murray               [EXACT] \u2192 Murray | tags=['form']
2026-07-13 07:02:22 [INFO] afl_news_scraper —     Lachie Sholl              [SURNAME] \u2192 Sholl | tags=[]
2026-07-13 07:02:22 [INFO] afl_news_scraper —     Oscar Ryan                [EXACT] \u2192 Ryan | tags=[]
2026-07-13 07:02:23 [INFO] afl_news_scraper —     Charlie Edwards           [EXACT] \u2192 Edwards | tags=[]
2026-07-13 07:02:23 [INFO] afl_news_scraper —     Hugh Bond                 [EXACT] \u2192 Bond | tags=[]
2026-07-13 07:02:23 [INFO] afl_news_scraper —     Cal Ah Chee               [FUZZY] \u2192 Ah Chee | tags=['injury', 'return', 'selection']
2026-07-13 07:02:23 [INFO] afl_news_scraper —     Luke Pedlar               [EXACT] \u2192 Pedlar | tags=['injury', 'selection']
2026-07-13 07:02:23 [INFO] afl_news_scraper —     Isaac Cumming             [EXACT] \u2192 Cumming | tags=['selection']
2026-07-13 07:02:23 [INFO] afl_news_scraper —     Jordon Butts              [EXACT] \u2192 Butts | tags=[]
2026-07-13 07:02:23 [INFO] afl_news_scraper —     Mitch Marsh               [SURNAME] \u2192 Marsh | tags=['role_change']
2026-07-13 07:02:23 [INFO] afl_news_scraper —     Sid Draper                [EXACT] \u2192 Draper | tags=['role_change']
2026-07-13 07:02:23 [INFO] afl_news_scraper —     Archie Ludowyke           [EXACT] \u2192 Ludowyke | tags=['role_change']
2026-07-13 07:02:23 [INFO] afl_news_scraper —     Finnbar Maley             [EXACT] \u2192 Maley | tags=['role_change', 'contract']
2026-07-13 07:02:23 [INFO] afl_news_scraper —     Tyler Welsh               [EXACT] \u2192 Welsh | tags=['contract']
2026-07-13 07:02:23 [INFO] afl_news_scraper —     Dan Annable               [SURNAME] \u2192 Annable | tags=[]
2026-07-13 07:02:23 [INFO] afl_news_scraper —     Sam Marshall              [EXACT] \u2192 Marshall | tags=[]
2026-07-13 07:02:23 [INFO] afl_news_scraper —     Keidean Coleman           [EXACT] \u2192 Coleman | tags=[]
2026-07-13 07:02:23 [INFO] afl_news_scraper —     Will McLachlan            [EXACT] \u2192 McLachlan | tags=['role_change']
2026-07-13 07:02:23 [INFO] afl_news_scraper —     Tom Doedee                [EXACT] \u2192 Doedee | tags=['return']
2026-07-13 07:02:23 [INFO] afl_news_scraper —     Luke Beecken              [EXACT] \u2192 Beecken | tags=['return']
2026-07-13 07:02:23 [INFO] afl_news_scraper —     Shadeau Brain             [EXACT] \u2192 Brain | tags=['role_change', 'contract']
2026-07-13 07:02:23 [INFO] afl_news_scraper —     Reece Torrent             [EXACT] \u2192 Torrent | tags=['role_change', 'contract']
2026-07-13 07:02:24 [INFO] afl_news_scraper —     Koby Evans                [EXACT] \u2192 Evans | tags=['role_change', 'contract']
2026-07-13 07:02:24 [INFO] afl_news_scraper —     Cody Curtin               [EXACT] \u2192 Curtin | tags=['role_change', 'contract']
2026-07-13 07:02:24 [INFO] afl_news_scraper —     Henry Smith               [EXACT] \u2192 Smith | tags=['role_change', 'contract']
2026-07-13 07:02:24 [INFO] afl_news_scraper —     Darragh Joyce             [EXACT] \u2192 Joyce | tags=['role_change', 'selection']
2026-07-13 07:02:24 [INFO] afl_news_scraper —     Zane Zakostelsky          [EXACT] \u2192 Zakostelsky | tags=['role_change']
2026-07-13 07:02:24 [INFO] afl_news_scraper —     Lachie Fogarty            [EXACT] \u2192 Fogarty | tags=[]
2026-07-13 07:02:24 [INFO] afl_news_scraper —     Blake Acres               [EXACT] \u2192 Acres | tags=[]
2026-07-13 07:02:24 [INFO] afl_news_scraper —     Flynn Young               [EXACT] \u2192 Young | tags=[]
2026-07-13 07:02:24 [INFO] afl_news_scraper —     Liam Reidy                [EXACT] \u2192 Reidy | tags=['role_change']
2026-07-13 07:02:24 [INFO] afl_news_scraper —     Zac Williams              [EXACT] \u2192 Williams | tags=[]
2026-07-13 07:02:24 [INFO] afl_news_scraper —     Adam Saad                 [EXACT] \u2192 Saad | tags=[]
2026-07-13 07:02:24 [INFO] afl_news_scraper —     Jordan Boyd               [EXACT] \u2192 Boyd | tags=[]
2026-07-13 07:02:24 [INFO] afl_news_scraper —     Campbell Chesser          [EXACT] \u2192 Chesser | tags=[]
2026-07-13 07:02:24 [INFO] afl_news_scraper —     Harry Charleson           [EXACT] \u2192 Charleson | tags=[]
2026-07-13 07:02:24 [INFO] afl_news_scraper —     Roan Steele               [EXACT] \u2192 Steele | tags=['role_change']
2026-07-13 07:02:24 [INFO] afl_news_scraper —     Mitch Podhajski           [UNRESOLVED] \u2192 UNRESOLVED | tags=['role_change', 'form']
2026-07-13 07:02:24 [INFO] afl_news_scraper —     Harrison Coe              [UNRESOLVED] \u2192 UNRESOLVED | tags=['role_change', 'form']
2026-07-13 07:02:24 [INFO] afl_news_scraper —     Tyan Prindable            [EXACT] \u2192 Prindable | tags=['role_change']
2026-07-13 07:02:25 [INFO] afl_news_scraper —     Jakob Ryan                [EXACT] \u2192 Ryan | tags=[]
2026-07-13 07:02:25 [INFO] afl_news_scraper —     Joel Cochran              [EXACT] \u2192 Cochran | tags=[]
2026-07-13 07:02:25 [INFO] afl_news_scraper —     Wil Parker                [EXACT] \u2192 Parker | tags=[]
2026-07-13 07:02:25 [INFO] afl_news_scraper —     Zac McCarthy              [EXACT] \u2192 McCarthy | tags=[]
2026-07-13 07:02:25 [INFO] afl_news_scraper —     Lachie Sullivan           [SURNAME] \u2192 Sullivan | tags=[]
2026-07-13 07:02:25 [INFO] afl_news_scraper —     Will Hayes                [SURNAME] \u2192 Hayes | tags=[]
2026-07-13 07:02:25 [INFO] afl_news_scraper —     Charlie West              [EXACT] \u2192 West | tags=[]
2026-07-13 07:02:25 [INFO] afl_news_scraper —     Jai Saxena                [EXACT] \u2192 Saxena | tags=[]
2026-07-13 07:02:25 [INFO] afl_news_scraper —     Noah Howes                [EXACT] \u2192 Howes | tags=[]
2026-07-13 07:02:25 [INFO] afl_news_scraper —     Liam McMahon              [EXACT] \u2192 McMahon | tags=['role_change', 'form']
2026-07-13 07:02:25 [INFO] afl_news_scraper —     Hussein El-Achkar         [UNRESOLVED] \u2192 UNRESOLVED | tags=[]
2026-07-13 07:02:25 [INFO] afl_news_scraper —     Jayden Nguyen             [EXACT] \u2192 Nguyen | tags=[]
2026-07-13 07:02:25 [INFO] afl_news_scraper —     Ben McKay                 [EXACT] \u2192 McKay | tags=[]
2026-07-13 07:02:25 [INFO] afl_news_scraper —     Elijah Tsatas             [EXACT] \u2192 Tsatas | tags=['role_change', 'selection']
2026-07-13 07:02:25 [INFO] afl_news_scraper —     Will Setterfield          [EXACT] \u2192 Setterfield | tags=['return', 'selection']
2026-07-13 07:02:25 [INFO] afl_news_scraper —     Zak Johnson               [EXACT] \u2192 Johnson | tags=['return', 'selection']
2026-07-13 07:02:25 [INFO] afl_news_scraper —     Jaxon Artemis             [UNRESOLVED] \u2192 UNRESOLVED | tags=['return', 'role_change']
2026-07-13 07:02:25 [INFO] afl_news_scraper —     Jade Gresham              [EXACT] \u2192 Gresham | tags=['role_change']
2026-07-13 07:02:25 [INFO] afl_news_scraper —     Matt Guelfi               [EXACT] \u2192 Guelfi | tags=['role_change']
2026-07-13 07:02:26 [INFO] afl_news_scraper —     Oscar McDonald            [EXACT] \u2192 McDonald | tags=[]
2026-07-13 07:02:26 [INFO] afl_news_scraper —     Jeremy Sharp              [EXACT] \u2192 Sharp | tags=['form']
2026-07-13 07:02:26 [INFO] afl_news_scraper —     Bailey Banfield           [EXACT] \u2192 Banfield | tags=['form']
2026-07-13 07:02:26 [INFO] afl_news_scraper —     Jaren Carr                [EXACT] \u2192 Carr | tags=['form']
2026-07-13 07:02:26 [INFO] afl_news_scraper —     Cooper Simpson            [EXACT] \u2192 Simpson | tags=[]
2026-07-13 07:02:26 [INFO] afl_news_scraper —     Hugh Davies               [EXACT] \u2192 Davies | tags=[]
2026-07-13 07:02:26 [INFO] afl_news_scraper —     Toby Whan                 [EXACT] \u2192 Whan | tags=[]
2026-07-13 07:02:26 [INFO] afl_news_scraper —     Adam Sweid                [EXACT] \u2192 Sweid | tags=[]
2026-07-13 07:02:26 [INFO] afl_news_scraper —     Josh Draper               [FUZZY] \u2192 Draper | tags=[]
2026-07-13 07:02:26 [INFO] afl_news_scraper —     Tobyn Murray              [EXACT] \u2192 Murray | tags=[]
2026-07-13 07:02:26 [INFO] afl_news_scraper —     Brandon Walker            [EXACT] \u2192 Walker | tags=[]
2026-07-13 07:02:26 [INFO] afl_news_scraper —     Chris Scerri              [UNRESOLVED] \u2192 UNRESOLVED | tags=[]
2026-07-13 07:02:26 [INFO] afl_news_scraper —     Gryan Miers               [EXACT] \u2192 Miers | tags=[]
2026-07-13 07:02:26 [INFO] afl_news_scraper —     Jesse Mellor              [EXACT] \u2192 Mellor | tags=[]
2026-07-13 07:02:26 [INFO] afl_news_scraper —     Joe Pike                  [EXACT] \u2192 Pike | tags=['role_change']
2026-07-13 07:02:26 [INFO] afl_news_scraper —     Hunter Holmes             [EXACT] \u2192 Holmes | tags=['selection']
2026-07-13 07:02:26 [INFO] afl_news_scraper —     James Worpel              [EXACT] \u2192 Worpel | tags=[]
2026-07-13 07:02:26 [INFO] afl_news_scraper —     Jed Bews                  [EXACT] \u2192 Bews | tags=[]
2026-07-13 07:02:26 [INFO] afl_news_scraper —     Brad Close                [EXACT] \u2192 Close | tags=[]
2026-07-13 07:02:26 [INFO] afl_news_scraper —     Lennox Hofmann            [EXACT] \u2192 Hofmann | tags=[]
2026-07-13 07:02:27 [INFO] afl_news_scraper —     George Stevens            [EXACT] \u2192 Stevens | tags=[]
2026-07-13 07:02:27 [INFO] afl_news_scraper —     Sam Clohesy               [EXACT] \u2192 Clohesy | tags=['form']
2026-07-13 07:02:27 [INFO] afl_news_scraper —     Caleb Lewis               [EXACT] \u2192 Lewis | tags=[]
2026-07-13 07:02:27 [INFO] afl_news_scraper —     Zak Evans                 [EXACT] \u2192 Evans | tags=['role_change', 'form', 'selection']
2026-07-13 07:02:27 [INFO] afl_news_scraper —     Jarrod Witts              [EXACT] \u2192 Witts | tags=['role_change', 'form', 'selection']
2026-07-13 07:02:27 [INFO] afl_news_scraper —     Max Knobel                [EXACT] \u2192 Knobel | tags=['form']
2026-07-13 07:02:27 [INFO] afl_news_scraper —     Caleb Graham              [EXACT] \u2192 Graham | tags=['role_change']
2026-07-13 07:02:27 [INFO] afl_news_scraper —     Jake Rogers               [EXACT] \u2192 Rogers | tags=['role_change']
2026-07-13 07:02:27 [INFO] afl_news_scraper —     Charlie Ballard           [EXACT] \u2192 Ballard | tags=['role_change']
2026-07-13 07:02:27 [INFO] afl_news_scraper —     Finn Maginness            [EXACT] \u2192 Maginness | tags=['selection']
2026-07-13 07:02:27 [INFO] afl_news_scraper —     Flynn Perez               [UNRESOLVED] \u2192 UNRESOLVED | tags=['selection']
2026-07-13 07:02:27 [INFO] afl_news_scraper —     Max Ramsden               [EXACT] \u2192 Ramsden | tags=[]
2026-07-13 07:02:27 [INFO] afl_news_scraper —     Jaime Uhr-Henry           [EXACT] \u2192 Uhr-Henry | tags=[]
2026-07-13 07:02:27 [INFO] afl_news_scraper —     Cody Anderson             [EXACT] \u2192 Anderson | tags=[]
2026-07-13 07:02:27 [INFO] afl_news_scraper —     Calsher Dear              [EXACT] \u2192 Dear | tags=[]
2026-07-13 07:02:27 [INFO] afl_news_scraper —     Cam Nairn                 [SURNAME] \u2192 Nairn | tags=[]
2026-07-13 07:02:27 [INFO] afl_news_scraper —     Bodie Ryan                [EXACT] \u2192 Ryan | tags=['role_change']
2026-07-13 07:02:27 [INFO] afl_news_scraper —     Aiden Schubert            [SURNAME] \u2192 Schubert | tags=['role_change']
2026-07-13 07:02:27 [INFO] afl_news_scraper —     Christian Salem           [EXACT] \u2192 Salem | tags=[]
2026-07-13 07:02:27 [INFO] afl_news_scraper —     Luker Kentfield           [EXACT] \u2192 Kentfield | tags=['return', 'role_change']
2026-07-13 07:02:28 [INFO] afl_news_scraper —     Tom Matthews              [SURNAME] \u2192 Matthews | tags=['return', 'role_change']
2026-07-13 07:02:28 [INFO] afl_news_scraper —     Riley Onley               [EXACT] \u2192 Onley | tags=['contract']
2026-07-13 07:02:28 [INFO] afl_news_scraper —     Lucas Cooke               [UNRESOLVED] \u2192 UNRESOLVED | tags=['contract']
2026-07-13 07:02:28 [INFO] afl_news_scraper —     Max Mapley                [UNRESOLVED] \u2192 UNRESOLVED | tags=['pre_season_buzz']
2026-07-13 07:02:28 [INFO] afl_news_scraper —     Paddy Cross               [UNRESOLVED] \u2192 UNRESOLVED | tags=['pre_season_buzz']
2026-07-13 07:02:28 [INFO] afl_news_scraper —     Ricky Mentha              [EXACT] \u2192 Mentha | tags=['pre_season_buzz']
2026-07-13 07:02:28 [INFO] afl_news_scraper —     Jack Henderson            [EXACT] \u2192 Henderson | tags=[]
2026-07-13 07:02:28 [INFO] afl_news_scraper —     Oscar Berry               [EXACT] \u2192 Berry | tags=[]
2026-07-13 07:02:28 [INFO] afl_news_scraper —     Xavier Taylor             [EXACT] \u2192 Taylor | tags=[]
2026-07-13 07:02:28 [INFO] afl_news_scraper —     Jed Adams                 [EXACT] \u2192 Adams | tags=[]
2026-07-13 07:02:28 [INFO] afl_news_scraper —     Tom McDonald              [EXACT] \u2192 McDonald | tags=[]
2026-07-13 07:02:28 [INFO] afl_news_scraper —     Kalani White              [EXACT] \u2192 White | tags=[]
2026-07-13 07:02:28 [INFO] afl_news_scraper —     Bailey Scott              [EXACT] \u2192 Scott | tags=['selection']
2026-07-13 07:02:28 [INFO] afl_news_scraper —     Oliver Griffin            [UNRESOLVED] \u2192 UNRESOLVED | tags=['role_change', 'selection']
2026-07-13 07:02:28 [INFO] afl_news_scraper —     Zane Duursma              [EXACT] \u2192 Duursma | tags=['role_change', 'selection']
2026-07-13 07:02:28 [INFO] afl_news_scraper —     Taylor Goad               [EXACT] \u2192 Goad | tags=['role_change']
2026-07-13 07:02:28 [INFO] afl_news_scraper —     Robert Hansen jnr         [FUZZY] \u2192 Hansen Jr | tags=['role_change']
2026-07-13 07:02:28 [INFO] afl_news_scraper —     Hugo Mikunda              [EXACT] \u2192 Mikunda | tags=[]
2026-07-13 07:02:28 [INFO] afl_news_scraper —     Brayden George            [EXACT] \u2192 George | tags=[]
2026-07-13 07:02:28 [INFO] afl_news_scraper —     Callum Coleman-Jones      [EXACT] \u2192 Coleman-Jones | tags=[]
2026-07-13 07:02:29 [INFO] afl_news_scraper —     River Stevens             [EXACT] \u2192 Stevens | tags=[]
2026-07-13 07:02:29 [INFO] afl_news_scraper —     Zac Fisher                [EXACT] \u2192 Fisher | tags=[]
2026-07-13 07:02:29 [INFO] afl_news_scraper —     Griffin Logue             [EXACT] \u2192 Logue | tags=[]
2026-07-13 07:02:29 [INFO] afl_news_scraper —     Wil Dawson                [EXACT] \u2192 Dawson | tags=[]
2026-07-13 07:02:29 [INFO] afl_news_scraper —     Lachy Dovaston            [EXACT] \u2192 Dovaston | tags=[]
2026-07-13 07:02:29 [INFO] afl_news_scraper —     Jack Watkins              [EXACT] \u2192 Watkins | tags=[]
2026-07-13 07:02:29 [INFO] afl_news_scraper —     Will Lorenz               [EXACT] \u2192 Lorenz | tags=[]
2026-07-13 07:02:29 [INFO] afl_news_scraper —     Tom Anastasopoulos        [EXACT] \u2192 Anastasopoulos | tags=[]
2026-07-13 07:02:29 [INFO] afl_news_scraper —     Xavier Walsh              [EXACT] \u2192 Walsh | tags=[]
2026-07-13 07:02:29 [INFO] afl_news_scraper —     Brandon Zerk-Thatcher     [EXACT] \u2192 Zerk-Thatcher | tags=[]
2026-07-13 07:02:29 [INFO] afl_news_scraper —     Will Brodie               [EXACT] \u2192 Brodie | tags=[]
2026-07-13 07:02:29 [INFO] afl_news_scraper —     Christian Moreas          [FUZZY] \u2192 Moraes | tags=['role_change']
2026-07-13 07:02:29 [INFO] afl_news_scraper —     Alex Van Wyk              [UNRESOLVED] \u2192 UNRESOLVED | tags=['role_change']
2026-07-13 07:02:30 [INFO] afl_news_scraper —     Benny Barrrett            [FUZZY] \u2192 Barrett | tags=['role_change']
2026-07-13 07:02:30 [INFO] afl_news_scraper —     Harrison Ramm             [EXACT] \u2192 Ramm | tags=['role_change']
2026-07-13 07:02:30 [INFO] afl_news_scraper —     Tyler Sonsie              [EXACT] \u2192 Sonsie | tags=[]
2026-07-13 07:02:30 [INFO] afl_news_scraper —     Samson Ryan               [EXACT] \u2192 Ryan | tags=['role_change']
2026-07-13 07:02:30 [INFO] afl_news_scraper —     Liam Fawcett              [EXACT] \u2192 Fawcett | tags=['role_change', 'form']
2026-07-13 07:02:30 [INFO] afl_news_scraper —     Tom Burton                [FUZZY] \u2192 Brown | tags=['form']
2026-07-13 07:02:30 [INFO] afl_news_scraper —     Judson Clarke             [EXACT] \u2192 Clarke | tags=[]
2026-07-13 07:02:30 [INFO] afl_news_scraper —     Harry Armstrong           [EXACT] \u2192 Armstrong | tags=[]
2026-07-13 07:02:30 [INFO] afl_news_scraper —     Jack Macrae               [EXACT] \u2192 Macrae | tags=['role_change', 'selection']
2026-07-13 07:02:30 [INFO] afl_news_scraper —     Patrick Said              [EXACT] \u2192 Said | tags=['role_change']
2026-07-13 07:02:30 [INFO] afl_news_scraper —     Hunter Clark              [EXACT] \u2192 Clark | tags=['role_change']
2026-07-13 07:02:30 [INFO] afl_news_scraper —     Alex Dodson               [EXACT] \u2192 Dodson | tags=['role_change']
2026-07-13 07:02:30 [INFO] afl_news_scraper —     Jack Carroll              [EXACT] \u2192 Carroll | tags=['role_change']
2026-07-13 07:02:30 [INFO] afl_news_scraper —     Dan Butler                [EXACT] \u2192 Butler | tags=['role_change']
2026-07-13 07:02:30 [INFO] afl_news_scraper —     Hugh Boxshall             [EXACT] \u2192 Boxshall | tags=['role_change', 'form']
2026-07-13 07:02:30 [INFO] afl_news_scraper —     Lance Collard             [EXACT] \u2192 Collard | tags=['role_change', 'form']
2026-07-13 07:02:30 [INFO] afl_news_scraper —     Isaac Keeler              [EXACT] \u2192 Keeler | tags=['role_change']
2026-07-13 07:02:30 [INFO] afl_news_scraper —     Dougal Howard             [EXACT] \u2192 Howard | tags=['role_change']
2026-07-13 07:02:30 [INFO] afl_news_scraper —     Kye Fincher               [EXACT] \u2192 Fincher | tags=['role_change']
2026-07-13 07:02:30 [INFO] afl_news_scraper —     Charlie Banfield          [EXACT] \u2192 Banfield | tags=[]
2026-07-13 07:02:31 [INFO] afl_news_scraper —     Paddy Dow                 [EXACT] \u2192 Dow | tags=[]
2026-07-13 07:02:31 [INFO] afl_news_scraper —     Eamonn Armstrong          [EXACT] \u2192 Armstrong | tags=[]
2026-07-13 07:02:31 [INFO] afl_news_scraper —     Riley Bice                [EXACT] \u2192 Bice | tags=['contract']
2026-07-13 07:02:31 [INFO] afl_news_scraper —     Braeden Campbell          [EXACT] \u2192 Campbell | tags=[]
2026-07-13 07:02:31 [INFO] afl_news_scraper —     Patrick Snell             [EXACT] \u2192 Snell | tags=[]
2026-07-13 07:02:31 [INFO] afl_news_scraper —     Lewis Melican             [EXACT] \u2192 Melican | tags=[]
2026-07-13 07:02:31 [INFO] afl_news_scraper —     William Green             [EXACT] \u2192 Green | tags=[]
2026-07-13 07:02:31 [INFO] afl_news_scraper —     Billy Cootee              [EXACT] \u2192 Cootee | tags=['selection']
2026-07-13 07:02:31 [INFO] afl_news_scraper —     Malcolm Rosas             [EXACT] \u2192 Rosas | tags=['selection']
2026-07-13 07:02:31 [INFO] afl_news_scraper —     Elijah Hewett             [EXACT] \u2192 Hewett | tags=['contract']
2026-07-13 07:02:31 [INFO] afl_news_scraper —     Harry Schoenberg          [EXACT] \u2192 Schoenberg | tags=[]
2026-07-13 07:02:31 [INFO] afl_news_scraper —     Fin Macrae                [FUZZY] \u2192 Macrae | tags=[]
2026-07-13 07:02:31 [INFO] afl_news_scraper —     Tom Gross                 [EXACT] \u2192 Gross | tags=['role_change']
2026-07-13 07:02:31 [INFO] afl_news_scraper —     Fred Rodriguez            [EXACT] \u2192 Rodriguez | tags=['role_change']
2026-07-13 07:02:31 [INFO] afl_news_scraper —     Matt Owies                [SURNAME] \u2192 Owies | tags=['role_change']
2026-07-13 07:02:31 [INFO] afl_news_scraper —     Matt Flynn                [EXACT] \u2192 Flynn | tags=['role_change']
2026-07-13 07:02:31 [INFO] afl_news_scraper —     Tyrell Dewar              [EXACT] \u2192 Dewar | tags=[]
2026-07-13 07:02:31 [INFO] afl_news_scraper —     Clay Hall                 [EXACT] \u2192 Hall | tags=[]
2026-07-13 07:02:31 [INFO] afl_news_scraper —     Tylah Turner              [SURNAME] \u2192 Turner | tags=[]
2026-07-13 07:02:32 [INFO] afl_news_scraper —     Adam Treloar              [EXACT] \u2192 Treloar | tags=[]
2026-07-13 07:02:32 [INFO] afl_news_scraper —     Riley Garcia              [EXACT] \u2192 Garcia | tags=[]
2026-07-13 07:02:32 [INFO] afl_news_scraper —     Lachie Jaques             [EXACT] \u2192 Jaques | tags=[]
2026-07-13 07:02:32 [INFO] afl_news_scraper —     Lachie McNeil             [SURNAME] \u2192 McNeil | tags=[]
2026-07-13 07:02:32 [INFO] afl_news_scraper —     Louis Emmett              [EXACT] \u2192 Emmett | tags=[]
2026-07-13 07:02:32 [INFO] afl_news_scraper —     Will Darcy                [EXACT] \u2192 Darcy | tags=[]
2026-07-13 07:02:32 [INFO] afl_news_scraper —     Lachie Smith              [SURNAME] \u2192 Smith | tags=[]
2026-07-13 07:02:32 [INFO] afl_news_scraper —     Caleb May                 [UNRESOLVED] \u2192 UNRESOLVED | tags=[]
2026-07-13 07:02:32 [INFO] afl_news_scraper —     Lachie Carmichael         [SURNAME] \u2192 Carmichael | tags=[]
2026-07-13 07:02:32 [INFO] afl_news_scraper —     Harvey Gallagher          [EXACT] \u2192 Gallagher | tags=[]
2026-07-13 07:02:32 [INFO] afl_news_scraper —   Fetching article: https://www.afl.com.au/news/1559514/western-bulldogs-coach-luke-beveridge-sings-…
2026-07-13 07:02:32 [INFO] afl_news_scraper —   Bold candidates: []
2026-07-13 07:02:37 [INFO] afl_news_scraper —   Fetching article: https://www.afl.com.au/news/1559517/match-report-melbourne-demons-keep-the-good-…
2026-07-13 07:02:37 [INFO] afl_news_scraper —   Bold candidates: ['Vale Nathan Fitzgerald', 'LATE CHANGES']
2026-07-13 07:02:37 [INFO] afl_news_scraper —     Vale Nathan Fitzgerald    [UNRESOLVED] \u2192 UNRESOLVED | tags=[]
2026-07-13 07:02:37 [INFO] afl_news_scraper —     LATE CHANGES              [UNRESOLVED] \u2192 UNRESOLVED | tags=['injury', 'selection']
2026-07-13 07:02:43 [INFO] afl_news_scraper —   Fetching article: https://www.afl.com.au/news/1559478/cal-culations-fremantle-dockers-forward-josh…
2026-07-13 07:02:43 [INFO] afl_news_scraper —   Bold candidates: []
2026-07-13 07:02:43 [INFO] afl_news_scraper —   Already scraped: https://www.afl.com.au/news/1555828/every-clubs-run-home-ran…
2026-07-13 07:02:43 [INFO] afl_news_scraper —   Already scraped: https://www.afl.com.au/aflw/news/1557332/aflw-fantasy-defend…
2026-07-13 07:02:43 [INFO] afl_news_scraper —   Already scraped: https://www.afl.com.au/aflw/news/1556272/i-just-love-footy-n…
2026-07-13 07:02:43 [INFO] afl_news_scraper —   Already scraped: https://www.afl.com.au/news/1559525/ill-protect-zach-merrett…
2026-07-13 07:02:43 [INFO] afl_news_scraper —   Already scraped: https://www.afl.com.au/news/1560558/afl-daily-listen-gold-co…
2026-07-13 07:02:43 [INFO] afl_news_scraper —   Already scraped: https://www.afl.com.au/news/1559518/adem-yze-insists-struggl…
2026-07-13 07:02:43 [INFO] afl_news_scraper —   Already scraped: https://www.afl.com.au/news/1559519/brisbane-lions-maul-esse…
2026-07-13 07:02:43 [INFO] afl_news_scraper —   Already scraped: https://www.afl.com.au/news/1555767/nine-things-we-learned-t…
2026-07-13 07:02:43 [INFO] afl_news_scraper —   Already scraped: https://www.afl.com.au/news/1555774/around-the-state-leagues…
2026-07-13 07:02:43 [INFO] afl_news_scraper —   Already scraped: https://www.afl.com.au/news/1559514/western-bulldogs-coach-l…
2026-07-13 07:02:43 [INFO] afl_news_scraper —   Already scraped: https://www.afl.com.au/news/1559517/match-report-melbourne-d…
2026-07-13 07:02:43 [INFO] afl_news_scraper —   Already scraped: https://www.afl.com.au/news/1559478/cal-culations-fremantle-…
2026-07-13 07:02:47 [WARNING] waiver.league_api — TOKEN HEALTH: SC_SOCIAL_TOKEN expired 20 days ago (2026-06-23) — auto-refresh is broken. Update SC_SOCIAL_TOKEN in .env from browser localStorage.
2026-07-13 07:02:47 [WARNING] waiver.league_api — TOKEN HEALTH: SC_API_TOKEN is expired (401) — update SC_API_TOKEN in .env from browser DevTools \u2192 Network \u2192 any supercoach.com.au request \u2192 Authorization header.
2026-07-13 07:02:47 [INFO] waiver.league_api — Refreshing SC bearer token via Auth0...
2026-07-13 07:02:47 [ERROR] waiver.league_api — Token refresh request failed: 401 Client Error: Unauthorized for url: https://supercoach.heraldsun.com.au/2026/api/afl/classic/v1/access_token
2026-07-13 07:02:47 [WARNING] waiver.league_api — Auto-refresh failed; falling back to static SC_API_TOKEN.
2026-07-13 07:02:47 [INFO] waiver — [1/9] Fetching player ownership from SC in-season league API...
2026-07-13 07:02:47 [INFO] waiver.league_api — Fetching player status from https://www.supercoach.com.au/2026/api/afl/draft/v1/leagues/14889/playersStatus
2026-07-13 07:02:47 [ERROR] waiver.league_api — SC API request failed: 401 Client Error: Unauthorized for url: https://www.supercoach.com.au/2026/api/afl/draft/v1/leagues/14889/playersStatus
2026-07-13 07:02:47 [WARNING] waiver — SC API unavailable — free agent identification may be inaccurate. Check SC_API_TOKEN.
2026-07-13 07:02:47 [INFO] waiver — [2/9] Fetching live injury and suspension data...
2026-07-13 07:02:47 [INFO] waiver.league_api — Fetching live player injury data from SC API...
2026-07-13 07:02:49 [INFO] waiver.league_api — Fetched injury data for 812 players; 0 have active injury/suspension.
2026-07-13 07:02:49 [WARNING] waiver — SC returned 0 injuries — likely a data lag. Using cached injury data (155 active) from last run.
2026-07-13 07:02:49 [INFO] waiver — [3/9] Loading SC player list...
2026-07-13 07:02:49 [INFO] waiver.data_loader — Loaded 781 players from player list.
2026-07-13 07:02:49 [INFO] waiver — Using round: 17
2026-07-13 07:02:49 [INFO] waiver — [4b] Scraping/processing fanfooty data for 2026 R1–R18 (probing +1)...
2026-07-13 07:02:49 [INFO] waiver — Scraping FanFooty raw data for 2026 R18...
2026-07-13 07:02:49 [INFO] root — Fetching fixture data from: https://www.fanfooty.com.au/game/archive.php?year=2026
2026-07-13 07:02:49 [INFO] root — Found 9 unique matches for Round 18: ['9845', '9846', '9847', '9848', '9849', '9850', '9851', '9852', '9853']
2026-07-13 07:02:49 [INFO] root — Successfully saved: 9845.txt
2026-07-13 07:02:49 [INFO] root — Successfully saved: 9846.txt
2026-07-13 07:02:50 [INFO] root — Successfully saved: 9847.txt
2026-07-13 07:02:50 [INFO] root — Successfully saved: 9848.txt
2026-07-13 07:02:50 [INFO] root — Successfully saved: 9849.txt
2026-07-13 07:02:50 [INFO] root — Successfully saved: 9850.txt
2026-07-13 07:02:50 [INFO] root — Successfully saved: 9851.txt
2026-07-13 07:02:50 [INFO] root — Successfully saved: 9852.txt
2026-07-13 07:02:50 [INFO] root — Successfully saved: 9853.txt
2026-07-13 07:02:50 [INFO] waiver — Processing FanFooty data for 2026 R18...
2026-07-13 07:02:50 [INFO] waiver — Saved G:\My Drive\projects\sc-player-data\data\processed\2026_round_18_fanfooty_data.csv
2026-07-13 07:02:50 [INFO] waiver — Round confirmed after scrape: 18
2026-07-13 07:03:07 [INFO] waiver — master_fanfooty_data.csv: appended 414 new rows for 2026 R1–R18
2026-07-13 07:03:07 [INFO] waiver — [4d-pre] Downloading SC player-round data for 2026 R1–R18...
2026-07-13 07:03:09 [INFO] download_2026_statspacks —   Round 1: 812 players saved \u2192 players_round_1.json
2026-07-13 07:03:11 [INFO] download_2026_statspacks —   Round 2: 812 players saved \u2192 players_round_2.json
2026-07-13 07:03:13 [INFO] download_2026_statspacks —   Round 3: 812 players saved \u2192 players_round_3.json
2026-07-13 07:03:14 [INFO] download_2026_statspacks —   Round 4: 812 players saved \u2192 players_round_4.json
2026-07-13 07:03:16 [INFO] download_2026_statspacks —   Round 5: 812 players saved \u2192 players_round_5.json
2026-07-13 07:03:18 [INFO] download_2026_statspacks —   Round 6: 812 players saved \u2192 players_round_6.json
2026-07-13 07:03:21 [INFO] download_2026_statspacks —   Round 7: 812 players saved \u2192 players_round_7.json
2026-07-13 07:03:22 [INFO] download_2026_statspacks —   Round 8: 812 players saved \u2192 players_round_8.json
2026-07-13 07:03:24 [INFO] download_2026_statspacks —   Round 9: 812 players saved \u2192 players_round_9.json
2026-07-13 07:03:26 [INFO] download_2026_statspacks —   Round 10: 812 players saved \u2192 players_round_10.json
2026-07-13 07:03:29 [INFO] download_2026_statspacks —   Round 11: 812 players saved \u2192 players_round_11.json
2026-07-13 07:03:31 [INFO] download_2026_statspacks —   Round 12: 812 players saved \u2192 players_round_12.json
2026-07-13 07:03:33 [INFO] download_2026_statspacks —   Round 13: 812 players saved \u2192 players_round_13.json
2026-07-13 07:03:35 [INFO] download_2026_statspacks —   Round 14: 812 players saved \u2192 players_round_14.json
2026-07-13 07:03:37 [INFO] download_2026_statspacks —   Round 15: 812 players saved \u2192 players_round_15.json
2026-07-13 07:03:39 [INFO] download_2026_statspacks —   Round 16: 812 players saved \u2192 players_round_16.json
2026-07-13 07:03:41 [INFO] download_2026_statspacks —   Round 17: 812 players saved \u2192 players_round_17.json
2026-07-13 07:03:43 [INFO] download_2026_statspacks —   Round 18: 812 players saved \u2192 players_round_18.json
2026-07-13 07:03:44 [INFO] download_2026_statspacks — Player rounds download complete: 18 downloaded, 0 skipped, 0 errors
2026-07-13 07:03:48 [INFO] waiver.fixture_schedule — AFL fixture loaded: 207 games across rounds 0–24.
2026-07-13 07:03:49 [INFO] waiver — [4e] Refreshing website outputs (ladder, fixtures, player match results)...
2026-07-13 07:03:49 [INFO] waiver.league_api — Refreshing SC bearer token via Auth0...
2026-07-13 07:03:49 [ERROR] waiver.league_api — Token refresh request failed: 401 Client Error: Unauthorized for url: https://supercoach.heraldsun.com.au/2026/api/afl/classic/v1/access_token
2026-07-13 07:03:49 [WARNING] waiver.league_api — Auto-refresh failed; falling back to static SC_API_TOKEN.
2026-07-13 07:03:49 [WARNING] website.data.api_ingest — Round 22 API fetch failed: 403 Client Error: Forbidden for url: https://www.supercoach.com.au/2026/api/afl/draft/v1/leagues/14889/ladderAndFixtures?round=22&scores=true
2026-07-13 07:03:49 [WARNING] website.data.api_ingest — Round 21 API fetch failed: 403 Client Error: Forbidden for url: https://www.supercoach.com.au/2026/api/afl/draft/v1/leagues/14889/ladderAndFixtures?round=21&scores=true
2026-07-13 07:03:49 [WARNING] website.data.api_ingest — Round 20 API fetch failed: 403 Client Error: Forbidden for url: https://www.supercoach.com.au/2026/api/afl/draft/v1/leagues/14889/ladderAndFixtures?round=20&scores=true
2026-07-13 07:03:50 [WARNING] website.data.api_ingest — Round 19 API fetch failed: 403 Client Error: Forbidden for url: https://www.supercoach.com.au/2026/api/afl/draft/v1/leagues/14889/ladderAndFixtures?round=19&scores=true
2026-07-13 07:03:50 [WARNING] website.data.api_ingest — Round 18 API fetch failed: 403 Client Error: Forbidden for url: https://www.supercoach.com.au/2026/api/afl/draft/v1/leagues/14889/ladderAndFixtures?round=18&scores=true
2026-07-13 07:03:50 [WARNING] website.data.api_ingest — Round 17 API fetch failed: 403 Client Error: Forbidden for url: https://www.supercoach.com.au/2026/api/afl/draft/v1/leagues/14889/ladderAndFixtures?round=17&scores=true
2026-07-13 07:03:50 [WARNING] website.data.api_ingest — Round 16 API fetch failed: 403 Client Error: Forbidden for url: https://www.supercoach.com.au/2026/api/afl/draft/v1/leagues/14889/ladderAndFixtures?round=16&scores=true
2026-07-13 07:03:50 [WARNING] website.data.api_ingest — Round 15 API fetch failed: 403 Client Error: Forbidden for url: https://www.supercoach.com.au/2026/api/afl/draft/v1/leagues/14889/ladderAndFixtures?round=15&scores=true
2026-07-13 07:03:51 [WARNING] website.data.api_ingest — Round 14 API fetch failed: 403 Client Error: Forbidden for url: https://www.supercoach.com.au/2026/api/afl/draft/v1/leagues/14889/ladderAndFixtures?round=14&scores=true
2026-07-13 07:03:51 [WARNING] website.data.api_ingest — Round 13 API fetch failed: 403 Client Error: Forbidden for url: https://www.supercoach.com.au/2026/api/afl/draft/v1/leagues/14889/ladderAndFixtures?round=13&scores=true
2026-07-13 07:03:51 [WARNING] website.data.api_ingest — Round 12 API fetch failed: 403 Client Error: Forbidden for url: https://www.supercoach.com.au/2026/api/afl/draft/v1/leagues/14889/ladderAndFixtures?round=12&scores=true
2026-07-13 07:03:51 [WARNING] website.data.api_ingest — Round 11 API fetch failed: 403 Client Error: Forbidden for url: https://www.supercoach.com.au/2026/api/afl/draft/v1/leagues/14889/ladderAndFixtures?round=11&scores=true
2026-07-13 07:03:51 [WARNING] website.data.api_ingest — Round 10 API fetch failed: 403 Client Error: Forbidden for url: https://www.supercoach.com.au/2026/api/afl/draft/v1/leagues/14889/ladderAndFixtures?round=10&scores=true
2026-07-13 07:03:52 [WARNING] website.data.api_ingest — Round 9 API fetch failed: 403 Client Error: Forbidden for url: https://www.supercoach.com.au/2026/api/afl/draft/v1/leagues/14889/ladderAndFixtures?round=9&scores=true
2026-07-13 07:03:52 [WARNING] website.data.api_ingest — Round 8 API fetch failed: 403 Client Error: Forbidden for url: https://www.supercoach.com.au/2026/api/afl/draft/v1/leagues/14889/ladderAndFixtures?round=8&scores=true
2026-07-13 07:03:52 [WARNING] website.data.api_ingest — Round 7 API fetch failed: 403 Client Error: Forbidden for url: https://www.supercoach.com.au/2026/api/afl/draft/v1/leagues/14889/ladderAndFixtures?round=7&scores=true
2026-07-13 07:03:52 [WARNING] website.data.api_ingest — Round 6 API fetch failed: 403 Client Error: Forbidden for url: https://www.supercoach.com.au/2026/api/afl/draft/v1/leagues/14889/ladderAndFixtures?round=6&scores=true
2026-07-13 07:03:52 [WARNING] website.data.api_ingest — Round 5 API fetch failed: 403 Client Error: Forbidden for url: https://www.supercoach.com.au/2026/api/afl/draft/v1/leagues/14889/ladderAndFixtures?round=5&scores=true
2026-07-13 07:03:52 [WARNING] website.data.api_ingest — Round 4 API fetch failed: 403 Client Error: Forbidden for url: https://www.supercoach.com.au/2026/api/afl/draft/v1/leagues/14889/ladderAndFixtures?round=4&scores=true
2026-07-13 07:03:53 [WARNING] website.data.api_ingest — Round 3 API fetch failed: 403 Client Error: Forbidden for url: https://www.supercoach.com.au/2026/api/afl/draft/v1/leagues/14889/ladderAndFixtures?round=3&scores=true
2026-07-13 07:03:53 [WARNING] website.data.api_ingest — Round 2 API fetch failed: 403 Client Error: Forbidden for url: https://www.supercoach.com.au/2026/api/afl/draft/v1/leagues/14889/ladderAndFixtures?round=2&scores=true
2026-07-13 07:03:53 [WARNING] website.data.api_ingest — Round 1 API fetch failed: 403 Client Error: Forbidden for url: https://www.supercoach.com.au/2026/api/afl/draft/v1/leagues/14889/ladderAndFixtures?round=1&scores=true
2026-07-13 07:03:53 [WARNING] website.data.api_ingest — No completed rounds detected; defaulting to round 1
2026-07-13 07:03:53 [ERROR] website.data.api_ingest — No scored rounds returned from API — outputs left unchanged.
2026-07-13 07:03:53 [ERROR] waiver — DATA ERROR (step 4e): player_stats_current.csv is 10080 min old after refresh — refresh likely failed silently.
2026-07-13 07:03:53 [ERROR] waiver — DATA ERROR (step 4e): player_match_results.csv is 10080 min old after refresh — refresh likely failed silently.
2026-07-13 07:03:53 [ERROR] waiver — DATA ERROR (step 4e): ladder.csv is 10080 min old after refresh — refresh likely failed silently.
2026-07-13 07:03:57 [INFO] waiver — [4f] Updating master_player_data.csv with 2026 current-season data...
2026-07-13 07:03:57 [INFO] root — Step 3: Preparing fanfooty enrichment data...
2026-07-13 07:03:58 [INFO] root —   Loaded 139503 fanfooty records
2026-07-13 07:03:58 [INFO] root —   Prepared 135792 unique fanfooty enrichment records
2026-07-13 07:03:58 [INFO] root — update_current_season: fanfooty enrichment matched 2638/3128 rows
2026-07-13 07:03:58 [INFO] root — Loading DFS Australia data...
2026-07-13 07:03:58 [INFO] root —   Loaded 2274 DFS rows across 1 seasons
2026-07-13 07:03:58 [INFO] root — Merging DFS Australia data...
2026-07-13 07:03:58 [INFO] root —   DFS merge: 798/3128 rows matched on CBA%
2026-07-13 07:04:02 [INFO] root — update_current_season: added 3128 rows for 2026 \u2192 data\processed\master_player_data.csv
2026-07-13 07:04:02 [INFO] waiver — [4f] master_player_data.csv: 3128 rows added for 2026.
2026-07-13 07:04:02 [INFO] waiver — [4g] Generating Round 19 predictions...
2026-07-13 07:05:20 [INFO] waiver — [4g] Round 19 predictions generated.
2026-07-13 07:05:20 [INFO] waiver — [4/9] Loading current-season scores...
2026-07-13 07:05:21 [INFO] waiver.data_loader — Loaded 2026 season scores from SC API (18 rounds) + fanfooty supplement: 646 players.
2026-07-13 07:05:21 [INFO] waiver — [4b-validate] Validating round 18 data coverage...
2026-07-13 07:05:21 [INFO] root — Fetching fixture data from: https://www.fanfooty.com.au/game/archive.php?year=2026
2026-07-13 07:05:21 [INFO] root — Found 9 unique matches for Round 18: ['9845', '9846', '9847', '9848', '9849', '9850', '9851', '9852', '9853']
2026-07-13 07:05:21 [WARNING] waiver — VALIDATION: SC player_match_results R18 has 0 rows — expected \u2265152 (8 teams × 19 on-field). Re-run refresh_2026_data() if the round is complete.
2026-07-13 07:05:21 [WARNING] waiver — DATA WARNING: player_stats_current.csv is 7.0 days old (threshold: 4 days).
2026-07-13 07:05:21 [WARNING] waiver — DATA WARNING: ladder.csv is 7.0 days old (threshold: 4 days).
2026-07-13 07:05:21 [INFO] waiver — [4c] Fetching lineup for round 19...
2026-07-13 07:05:21 [INFO] waiver.league_api — Fetching lineup from https://www.supercoach.com.au/2026/api/afl/draft/v1/userteams/136934/statsPlayers?round=19
2026-07-13 07:05:22 [ERROR] waiver.league_api — statsPlayers API request failed: 401 Client Error: Unauthorized for url: https://www.supercoach.com.au/2026/api/afl/draft/v1/userteams/136934/statsPlayers?round=19
2026-07-13 07:05:22 [WARNING] waiver — Could not fetch lineup — on-field/bench split will be inaccurate.
2026-07-13 07:05:22 [INFO] waiver — [4d] Refreshing coach list from SC API ladder...
2026-07-13 07:05:22 [INFO] waiver.league_api — Refreshing SC bearer token via Auth0...
2026-07-13 07:05:22 [ERROR] waiver.league_api — Token refresh request failed: 401 Client Error: Unauthorized for url: https://supercoach.heraldsun.com.au/2026/api/afl/classic/v1/access_token
2026-07-13 07:05:22 [WARNING] waiver.league_api — Auto-refresh failed; falling back to static SC_API_TOKEN.
2026-07-13 07:05:22 [INFO] waiver.league_api — Fetching league teams from https://www.supercoach.com.au/2026/api/afl/draft/v1/leagues/14889/ladderAndFixtures?round=18&scores=true
2026-07-13 07:05:22 [ERROR] waiver.league_api — SC league teams API request failed: 403 Client Error: Forbidden for url: https://www.supercoach.com.au/2026/api/afl/draft/v1/leagues/14889/ladderAndFixtures?round=18&scores=true
2026-07-13 07:05:22 [WARNING] waiver — Could not refresh coach_list.csv from API — cached file will be used.
2026-07-13 07:05:22 [INFO] waiver — [5/9] Building player table...
2026-07-13 07:05:22 [WARNING] waiver.data_loader — No lineup data — treating all roster players as on field.
2026-07-13 07:05:22 [INFO] waiver.data_loader — Player table built: 781 total, 0 free agents, 0 on my roster, 0 on my roster with injury/suspension.
2026-07-13 07:05:22 [INFO] waiver — [6/9] Loading historical fanfooty data and computing metrics...
2026-07-13 07:05:33 [INFO] waiver.data_loader — Loaded 136922 historical game records across 16 seasons.
2026-07-13 07:05:36 [WARNING] waiver.metrics — No free agents found; replacement levels set to 0.
2026-07-13 07:05:36 [INFO] waiver.metrics — Metrics computed for 781 players. Replacement levels: {'DEF': '0.0', 'MID': '0.0', 'RUC': '0.0', 'FWD': '0.0', 'FLEX': '0.0'}
2026-07-13 07:05:36 [INFO] waiver — [7/9] Loading model predictions...
2026-07-13 07:05:36 [INFO] waiver.data_loader — Loaded Round 19 predictions: 620 players, avg projected score = 65.9.
2026-07-13 07:05:36 [INFO] waiver — Predictions for Round 19 merged: 616 players have projected scores.
2026-07-13 07:05:36 [INFO] waiver — [7b] Applying historical sanity checks to model predictions...
2026-07-13 07:05:36 [INFO] waiver — P(100+) corrected for 21 players based on historical ceiling.
2026-07-13 07:05:36 [INFO] waiver — P(80+) sanity cap applied to players with 2026 actual data.
2026-07-13 07:05:36 [INFO] waiver — Metrics ready: 781 players total, 0 free agents, 0 on my roster, 0 injured on-field.
2026-07-13 07:05:41 [INFO] waiver.dvp — DVP table built: 72 team-position entries from last 6 rounds
2026-07-13 07:05:41 [INFO] root — Fetching fixture for 2026 Round 19 from JSON feed...
2026-07-13 07:05:41 [INFO] root — Successfully built fixture map for 18 teams.
2026-07-13 07:05:41 [INFO] waiver — [7b-pre] DVP table ready (72 entries), 781 player ranks computed.
2026-07-13 07:05:41 [INFO] waiver — [7c] Scoring mid-year jumper and streamer candidates...
2026-07-13 07:05:42 [INFO] waiver.jumper_scorer — Loaded 6808 2026 fanfooty rows across 18 rounds.
2026-07-13 07:05:42 [INFO] waiver.jumper_scorer — Loaded 2026 CBA data: 1511 rows, max round 7.
2026-07-13 07:05:42 [INFO] waiver.jumper_scorer — No FA candidates (avg < 85, games >= 5). No jumper/streamer sections will be generated.
2026-07-13 07:05:42 [INFO] waiver — Jumper/streamer scoring done: 0 mover candidates, 0 streamer candidates.
2026-07-13 07:05:42 [INFO] waiver — [8b] Refreshing AFL fixture schedule...
2026-07-13 07:05:42 [INFO] waiver.fixture_schedule — AFL fixture loaded: 207 games across rounds 0–24.
2026-07-13 07:05:42 [INFO] waiver.fixture_schedule — waiver_schedule.bat updated — 6 future rounds scheduled. Run as Administrator: G:\My Drive\projects\sc-player-data\waiver_schedule.bat
2026-07-13 07:05:42 [INFO] waiver — waiver_schedule.bat updated — newsletter will prompt re-registration.
2026-07-13 07:05:42 [INFO] waiver — [8c] Computing DVP matchup intel (reusing pre-built table)...
2026-07-13 07:05:42 [INFO] root — Fetching fixture for 2026 Round 19 from JSON feed...
2026-07-13 07:05:42 [INFO] root — Successfully built fixture map for 18 teams.
2026-07-13 07:05:42 [INFO] root — Fetching fixture for 2026 Round 20 from JSON feed...
2026-07-13 07:05:42 [INFO] root — Successfully built fixture map for 18 teams.
2026-07-13 07:05:42 [INFO] root — Fetching fixture for 2026 Round 21 from JSON feed...
2026-07-13 07:05:43 [INFO] root — Successfully built fixture map for 18 teams.
2026-07-13 07:05:43 [INFO] waiver — DVP done: 0 matchup targets, 0 schedule streamers.
2026-07-13 07:05:43 [INFO] waiver — [8b] Fetching AFL official injury list...
2026-07-13 07:05:43 [INFO] ingest_afl_injuries — Fetching AFL injury list...
2026-07-13 07:05:43 [INFO] ingest_afl_injuries — Found 140 injured players across 18 teams
2026-07-13 07:05:43 [INFO] ingest_afl_injuries — Saved 140 entries to data\live\afl_injury_list.csv

======================================================================
SCRAPE COMPLETE
======================================================================
  Articles stored:   12
  Player mentions:   197

Name                      FeedID     Tier   Tags                           Headline
----------------------------------------------------------------------------------------------------
  Zipporah Fish           NULL       UNRES                                 AFLW Fantasy defenders: Premiums, mid-priced 
  Maddison Gay            NULL       UNRES                                 AFLW Fantasy defenders: Premiums, mid-priced 
  Tarni White             1033572    SNAME                                 AFLW Fantasy defenders: Premiums, mid-priced 
  Ella Heads              NULL       UNRES                                 AFLW Fantasy defenders: Premiums, mid-priced 
  Britney Gutknecht       NULL       UNRES  return                         AFLW Fantasy defenders: Premiums, mid-priced 
  Others to consider      NULL       UNRES                                 AFLW Fantasy defenders: Premiums, mid-priced 
  Daisy D'Arcy            NULL       UNRES  injury                         AFLW Fantasy defenders: Premiums, mid-priced 
  Chantel Emonson         NULL       UNRES  return, form                   AFLW Fantasy defenders: Premiums, mid-priced 
  Nicole Bresnehan        NULL       UNRES                                 AFLW Fantasy defenders: Premiums, mid-priced 
  Scarlett Johnson        NULL       UNRES  form                           AFLW Fantasy defenders: Premiums, mid-priced 
  Georgia Stubs           NULL       UNRES  form, selection                AFLW Fantasy defenders: Premiums, mid-priced 
  Mizuki Brothwell        NULL       UNRES  form                           AFLW Fantasy defenders: Premiums, mid-priced 
  Draper's dynamic goal   NULL       UNRES                                 Lions maul Bombers to continue tune up to Sep
  Billy Dowling           1015329    EXACT  form                           Around the state leagues: Bomber has just two
  Nick Murray             1008230    EXACT  form                           Around the state leagues: Bomber has just two
  Lachie Sholl            1006136    SNAME                                 Around the state leagues: Bomber has just two
  Oscar Ryan              1027893    EXACT                                 Around the state leagues: Bomber has just two
  Charlie Edwards         1028671    EXACT                                 Around the state leagues: Bomber has just two
  Hugh Bond               1023534    EXACT                                 Around the state leagues: Bomber has just two
  Cal Ah Chee             298437     FUZZY  injury, return, selection      Around the state leagues: Bomber has just two

Database: G:\My Drive\projects\sc-player-data\data\afl_news.db

======================================================================
AFL INJURY LIST — 140 players
======================================================================

!!! NO_MATCH (1) — requires review !!!
  AFL: 'Max Beattie' (Hawthorn)
       injury=Ankle, return=Test

--- Matched players by confidence ---
match_confidence
exact         127
fuzzy           6
fuzzy+team      4
exact+team      2
no_match        1

--- All matched players ---
            afl_name          afl_team         injury           est_return                 name team_abbrev match_confidence ambiguous_matches
      Callum Ah Chee    Adelaide Crows      Hamstring                 Test       Callum Ah Chee         ADE            exact                  
         Mitch Hinge    Adelaide Crows          Ankle            3-4 weeks       Mitchell Hinge         ADE            fuzzy                  
         Luke Pedlar    Adelaide Crows      Hamstring                 Test          Luke Pedlar         ADE            exact                  
        Wayne Milera    Adelaide Crows      Hamstring                 Test         Wayne Milera         ADE            exact                  
         Oscar Allen          Brisbane           Foot            1-2 weeks          Oscar Allen         BRL            exact                  
      Darcy Gardiner          Brisbane      Hamstring            4-6 weeks       Darcy Gardiner         BRL            exact                  
    Lincoln McCarthy          Brisbane           Calf            1-2 weeks     Lincoln McCarthy         BRL            exact                  
          Jack Payne          Brisbane           Knee               Season           Jack Payne         BRL            exact                  
        Matt Carroll           Carlton           Knee               Season      Matthew Carroll         CAR       fuzzy+team                  
          Harry Dean           Carlton           Hand                 Test           Harry Dean         CAR            exact                  
         Rob Monahan           Carlton       Shoulder               Season          Rob Monahan         CAR            exact                  
        Jesse Motlop           Carlton           Knee               Season         Jesse Motlop         CAR            exact                  
     Harry O'Farrell           Carlton           Knee                  TBC      Harry O'Farrell         CAR            exact                  
          Liam Reidy           Carlton          Ankle                 Test           Liam Reidy         CAR            exact                  
     Jacob Weitering           Carlton           Calf                  TBC      Jacob Weitering         CAR            exact                  
         Lewis Young           Carlton     Concussion            1-2 weeks          Lewis Young         CAR            exact                  
       Jamie Elliott       Collingwood           Knee               Season        Jamie Elliott         COL            exact                  
           Tew Jiath       Collingwood      Hamstring               1 week            Tew Jiath         COL            exact                  
        Reef McInnes       Collingwood           Knee               Season         Reef McInnes         COL            exact                  
         Darcy Moore       Collingwood      Hamstring               Season          Darcy Moore         COL            exact                  
       Isaac Quaynor       Collingwood          Ankle               1 week        Isaac Quaynor         COL            exact                  
          Iliro Smit       Collingwood     Concussion Concussion protocols           Iliro Smit         COL            exact                  
        Oscar Steene       Collingwood           Knee               Season         Oscar Steene         COL            exact                  
         Tom Edwards          Essendon      Hamstring              3 weeks       Thomas Edwards         ESS       fuzzy+team                  
     Brayden Fiorini          Essendon           Back               Season      Brayden Fiorini         ESS            exact                  
       Kayle Gerreyn          Essendon           Knee               1 week        Kayle Gerreyn         ESS            exact                  
         Lewis Hayes          Essendon           Knee               Season          Lewis Hayes         ESS            exact                  
         Zak Johnson          Essendon           Foot                 Test          Zak Johnson         ESS            exact                  
       Kyle Langford          Essendon           Quad               1 week        Kyle Langford         ESS            exact                  
          Nic Martin          Essendon           Knee               Season           Nic Martin         ESS            exact                  
          Archie May          Essendon       Shoulder               Season           Archer May         ESS       fuzzy+team                  
      Archie Roberts          Essendon       Shoulder                 Test       Archie Roberts         ESS            exact                  
          Rhys Unwin          Essendon      Hamstring               1 week           Rhys Unwin         ESS            exact                  
        Tobyn Murray         Fremantle           Calf                 Test         Tobyn Murray         FRE            exact                  
    Charlie Nicholls         Fremantle         Finger                  TBA     Charlie Nicholls         FRE            exact                  
           Sam Sturt         Fremantle           Quad                  TBA            Sam Sturt         FRE            exact                  
        Hayden Young         Fremantle          Groin                 Test         Hayden Young         FRE            exact                  
       Harley Barker           Geelong           Knee           Indefinite        Harley Barker         GEE            exact                  
         Toby Conway           Geelong      Foot/Knee                  TBC          Toby Conway         GEE            exact                  
        Jacob Molier           Geelong           Quad                 Test         Jacob Molier         GEE            exact                  
         Alex Davies   Gold Coast SUNS           Foot            1-3 weeks          Alex Davies         GCS            exact                  
           Jy Farrar   Gold Coast SUNS          Ankle            1-3 weeks            Jy Farrar         GCS            exact                  
         Will Graham   Gold Coast SUNS      Hamstring                 Test          Will Graham         GCS            exact                  
       Lachie Gulbin   Gold Coast SUNS           Hand            1-3 weeks       Lachlan Gulbin         GCS            fuzzy                  
  Elliott Himmelberg   Gold Coast SUNS           Knee               Season   Elliott Himmelberg         GCS            exact                  
            Ben Long   Gold Coast SUNS     Suspension             Round 19             Ben Long         GCS            exact                  
        Daniel Rioli   Gold Coast SUNS            Jaw            1-3 weeks         Daniel Rioli         GCS            exact                  
         Jake Rogers   Gold Coast SUNS      Hamstring                 Test          Jake Rogers         GCS            exact                  
       Lachie Weller   Gold Coast SUNS      Hamstring            1-3 weeks        Lachie Weller         GCS            exact                  
          Leek Aleer        GWS GIANTS          Groin               1 week           Leek Aleer         GWS            exact                  
        Jack Buckley        GWS GIANTS           Calf                  TBC         Jack Buckley         GWS            exact                  
       Brent Daniels        GWS GIANTS           Calf                  TBC        Brent Daniels         GWS            exact                  
          Finn Davis        GWS GIANTS           Quad               1 week       Finnegan Davis         GWS       fuzzy+team                  
           Tom Green        GWS GIANTS           Knee               Season            Tom Green         GWS            exact                  
       Max Gruzewski        GWS GIANTS           Knee            3-4 weeks        Max Gruzewski         GWS            exact                  
     Ollie Hannaford        GWS GIANTS           Foot            3-4 weeks     Oliver Hannaford         GWS            fuzzy                  
         Jesse Hogan        GWS GIANTS         Finger                  TBC          Jesse Hogan         GWS            exact                  
         Darcy Jones        GWS GIANTS           Knee            3-4 weeks          Darcy Jones         GWS            exact                  
          Josh Kelly        GWS GIANTS            Hip                  TBC           Josh Kelly         GWS            exact                  
      Jayden Laverde        GWS GIANTS      Hamstring                 Test       Jayden Laverde         GWS            exact                  
   Xavier O'Halloran        GWS GIANTS          Ankle                 Test    Xavier O'Halloran         GWS            exact                  
       Jake Riccardi        GWS GIANTS          Ankle            4-5 weeks        Jake Riccardi         GWS            exact                  
      Nathan Wardius        GWS GIANTS           Knee               Season       Nathan Wardius         GWS            exact                  
    Lachie Whitfield        GWS GIANTS     Concussion                  TBC     Lachie Whitfield         GWS            exact                  
           Karl Amon          Hawthorn           Knee                 Test            Karl Amon         HAW            exact                  
         Josh Battle          Hawthorn       Appendix            1-2 weeks          Josh Battle         HAW            exact                  
         Max Beattie          Hawthorn          Ankle                 Test                 None         HAW         no_match                  
        James Blanck          Hawthorn      Hamstring                 Test         James Blanck         HAW            exact                  
          Sam Butler          Hawthorn            Leg            1-2 weeks           Sam Butler         HAW            exact                  
     Henry Hustwaite          Hawthorn           Face              4 weeks      Henry Hustwaite         HAW            exact                  
        Jarman Impey          Hawthorn      Hamstring                 Test         Jarman Impey         HAW            exact                  
          Conor Nash          Hawthorn           Neck                  TBC           Conor Nash         HAW            exact                  
          Ned Reeves          Hawthorn           Knee            1-3 weeks           Ned Reeves         HAW            exact                  
      Jack Scrimshaw          Hawthorn           Knee            4-6 weeks       Jack Scrimshaw         HAW            exact                  
         Nick Watson          Hawthorn      Hamstring                 Test          Nick Watson         HAW            exact                  
         Josh Weddle          Hawthorn     Suspension             Round 19          Josh Weddle         HAW            exact                  
           Jed Adams         Melbourne           Knee                 Test            Jed Adams         MEL            exact                  
          Jai Culley         Melbourne           Knee               Season           Jai Culley         MEL            exact                  
      Bayley Fritsch         Melbourne         Finger                 Test       Bayley Fritsch         MEL            exact                  
           Max Heath         Melbourne       Shoulder                 Test            Max Heath         MEL            exact                  
      Xavier Lindsay         Melbourne      Hip/groin            3-4 weeks       Xavier Lindsay         MEL            exact                  
       Brody Mihocek         Melbourne           Neck               Season        Brody Mihocek         MEL            exact                  
Andy Moniz-Wakefield         Melbourne           Knee               Season Andy Moniz-Wakefield         MEL            exact                  
     Christian Salem         Melbourne           Foot                 Test      Christian Salem         MEL            exact                  
          Jack Viney         Melbourne       Achilles                  TBC           Jack Viney         MEL            exact                  
      Jackson Archer   North Melbourne           Knee               Season       Jackson Archer         NTH            exact                  
           Toby Pink   North Melbourne       Shoulder               Season            Toby Pink         NTH            exact                  
     Blake Thredgold   North Melbourne           Foot               Season      Blake Thredgold         NTH            exact                  
      George Wardlaw   North Melbourne      Hamstring            3-4 weeks       George Wardlaw         NTH            exact                  
        Kane Farrell     Port Adelaide          Groin                 Test         Kane Farrell         PTA            exact                  
          Mani Liddy     Port Adelaide            Hip               Season           Mani Liddy         PTA            exact                  
          Ollie Lord     Port Adelaide           Knee               Season           Ollie Lord         PTA            exact                  
      Ewan Mackinlay     Port Adelaide           Knee               Season       Ewan Mackinlay         PTA            exact                  
   Sam Powell-Pepper     Port Adelaide Training block                  TBC    Sam Powell-Pepper         PTA            exact                  
     Esava Ratugolea     Port Adelaide           Knee               Season      Esava Ratugolea         PTA            exact                  
        Connor Rozee     Port Adelaide      Hamstring               Season         Connor Rozee         PTA            exact                  
           Josh Sinn     Port Adelaide       Shoulder               Season            Josh Sinn         PTA            exact                  
         Jonty Faull          Richmond           Back               Season          Jonty Faull         RIC            exact                  
         Josh Gibcus          Richmond     ACL strain               Season          Josh Gibcus         RIC            exact                  
       Campbell Gray          Richmond      Hamstring            2-6 weeks        Campbell Gray         RIC            exact                  
   Ollie Hayes-Brown          Richmond           Knee                 Test   Oliver Hayes-Brown         RIC            fuzzy                  
        Jacob Hopper          Richmond          Ankle                  TBC         Jacob Hopper         RIC            exact                  
           Sam Lalor          Richmond       Achilles              2 weeks            Sam Lalor         RIC            exact                  
        Dion Prestia          Richmond      Hamstring                 Test         Dion Prestia         RIC            exact                  
            Tom Sims          Richmond            MCL                 Test          Thomas Sims         RIC            fuzzy                  
        Josh Smillie          Richmond           Quad            2-4 weeks         Josh Smillie         RIC            exact                  
         Kaleb Smith          Richmond     Concussion                  TBC          Kaleb Smith         RIC            exact                  
        Luke Trainor          Richmond     Concussion                  TBC         Luke Trainor         RIC            exact                  
        James Barrat          St Kilda           Foot                  TBC         James Barrat         STK            exact                  
       Tom De Koning          St Kilda           Ribs                  TBC        Tom De Koning         STK            exact                  
        Sam Flanders          St Kilda       Achilles               Season         Sam Flanders         STK            exact                  
            Max King          St Kilda   Conditioning                  TBC             Max King         STK       exact+team                  
       Jack Sinclair          St Kilda           Calf               Season        Jack Sinclair         STK            exact                  
          Alix Tauru          St Kilda     Suspension             Round 21     Alixzander Tauru         STK            fuzzy                  
        Joel Amartey      Sydney Swans       Achilles              9 weeks         Joel Amartey         SYD            exact                  
         Riak Andrew      Sydney Swans           Quad                 Test          Riak Andrew         SYD            exact                  
    Braeden Campbell      Sydney Swans           Shin                 Test     Braeden Campbell         SYD            exact                  
    Noah Chamberlain      Sydney Swans      Hamstring            7-9 weeks     Noah Chamberlain         SYD            exact                  
      Liam Hetherton      Sydney Swans           Back               Season       Liam Hetherton         SYD            exact                  
            Max King      Sydney Swans           Back               Season             Max King         SYD       exact+team                  
       Peter Ladhams      Sydney Swans          Groin            2-3 weeks        Peter Ladhams         SYD            exact                  
    Justin McInerney      Sydney Swans      Hamstring            5-6 weeks     Justin McInerney         SYD            exact                  
      Logan McDonald      Sydney Swans           Quad               1 week       Logan McDonald         SYD            exact                  
          Tom Papley      Sydney Swans           Calf                 Test           Tom Papley         SYD            exact                  
           Sam Wicks      Sydney Swans      Hamstring            3-5 weeks            Sam Wicks         SYD            exact                  
           Sam Allen West Coast Eagles Knee/hamstring              6 weeks            Sam Allen         WCE            exact                  
      Tyler Brockman West Coast Eagles      Hamstring                  TBC       Tyler Brockman         WCE            exact                  
    Malakai Champion West Coast Eagles           Hand                  TBC     Malakai Champion         WCE            exact                  
  Cooper Duff-Tytler West Coast Eagles           Calf            2-4 weeks   Cooper Duff-Tytler         WCE            exact                  
       Harry Edwards West Coast Eagles     Concussion               Season        Harry Edwards         WCE            exact                  
       Reuben Ginbey West Coast Eagles           Quad              6 weeks        Reuben Ginbey         WCE            exact                  
           Noah Long West Coast Eagles           Knee               Season            Noah Long         WCE            exact                  
        Jacob Newton West Coast Eagles           Foot               Season         Jacob Newton         WCE            exact                  
         Archer Reid West Coast Eagles           Knee                  TBC          Archer Reid         WCE            exact                  
     Deven Robertson West Coast Eagles           Knee               Season      Deven Robertson         WCE            exact                  
     Connor Budarick  Western Bulldogs          Ankle                  TBC      Connor Budarick         WBD            exact                  
       Nick Coffield  Western Bulldogs     Concussion Concussion protocols        Nick Coffield         WBD            exact                  
           Sam Darcy  Western Bulldogs           Knee               Season            Sam Darcy         WBD            exact                  
        Riley Garcia  Western Bulldogs           Knee                 Test         Riley Garcia         WBD            exact                  
     Bailey Williams  Western Bulldogs      Hamstring                 Test      Bailey Williams         WBD            exact                  2026-07-13 07:05:43 [INFO] waiver — AFL injury list loaded: 140 players
2026-07-13 07:05:43 [INFO] waiver — [9/9] Generating newsletter...
2026-07-13 07:05:43 [INFO] waiver.data_loader — Loaded 171 news mentions (last 7 days)
2026-07-13 07:05:43 [INFO] waiver.newsletter — News sentiment loaded: 170 players with recent mentions.
2026-07-13 07:05:43 [INFO] waiver.newsletter — AFL injury list: flagged 139 additional injured players
2026-07-13 07:06:12 [INFO] waiver.newsletter — Newsletter written to G:\My Drive\projects\sc-player-data\reports\waiver_2026_rd18_2026-07-13.md
2026-07-13 07:06:12 [INFO] waiver — Emailing newsletter to richardsmark@outlook.com...
2026-07-13 07:06:20 [INFO] waiver.emailer — Newsletter emailed to richardsmark@outlook.com.
2026-07-13 07:06:20 [INFO] waiver — [10/10] Deploying static site to GitHub Pages...
2026-07-13 07:06:20 [INFO] deploy_github_pages — Building static site...
2026-07-13 07:06:54 [INFO] deploy_github_pages — Static site built.
2026-07-13 07:06:54 [INFO] deploy_github_pages — Cloning https://github.com/mark-richards/asl-hub.git to C:\Users\Richa\AppData\Local\Temp\asl-hub-deploy-ass9di6g...
2026-07-13 07:06:56 [INFO] deploy_github_pages — asl-hub unchanged — nothing to push.
2026-07-13 07:06:57 [INFO] waiver — Done. Newsletter saved to: G:\My Drive\projects\sc-player-data\reports\waiver_2026_rd18_2026-07-13.md

2026-07-13 21:40:57 [INFO] waiver — ============================================================
2026-07-13 21:40:57 [INFO] waiver — Waiver Newsletter Pipeline — Season 2026
2026-07-13 21:40:57 [INFO] waiver — ============================================================
2026-07-13 21:40:58 [INFO] afl_news_scraper — News DB is fresh (latest article 15.6h ago) — skipping scrape.
2026-07-13 21:40:59 [WARNING] waiver.league_api — TOKEN HEALTH: SC_SOCIAL_TOKEN expired 21 days ago (2026-06-23) — auto-refresh is broken. Update SC_SOCIAL_TOKEN in .env from browser localStorage.
2026-07-13 21:40:59 [WARNING] waiver.league_api — TOKEN HEALTH: SC_API_TOKEN is expired (401) — update SC_API_TOKEN in .env from browser DevTools \u2192 Network \u2192 any supercoach.com.au request \u2192 Authorization header.
2026-07-13 21:40:59 [INFO] waiver.league_api — Refreshing SC token via refresh_token grant...
2026-07-13 21:40:59 [ERROR] waiver.league_api — refresh_token grant failed: 401 Client Error: Unauthorized for url: https://supercoach.heraldsun.com.au/2026/api/afl/classic/v1/access_token
2026-07-13 21:40:59 [WARNING] waiver.league_api — refresh_token grant failed; trying social token...
2026-07-13 21:40:59 [INFO] waiver.league_api — Refreshing SC bearer token via Auth0...
2026-07-13 21:40:59 [ERROR] waiver.league_api — Token refresh request failed: 401 Client Error: Unauthorized for url: https://supercoach.heraldsun.com.au/2026/api/afl/classic/v1/access_token
2026-07-13 21:40:59 [WARNING] waiver.league_api — Social token refresh failed; falling back to static SC_API_TOKEN.
2026-07-13 21:40:59 [INFO] waiver — [1/9] Fetching player ownership from SC in-season league API...
2026-07-13 21:40:59 [INFO] waiver.league_api — Fetching player status from https://www.supercoach.com.au/2026/api/afl/draft/v1/leagues/14889/playersStatus
2026-07-13 21:40:59 [ERROR] waiver.league_api — SC API request failed: 401 Client Error: Unauthorized for url: https://www.supercoach.com.au/2026/api/afl/draft/v1/leagues/14889/playersStatus
2026-07-13 21:40:59 [WARNING] waiver — SC API unavailable — free agent identification may be inaccurate. Check SC_API_TOKEN.
2026-07-13 21:40:59 [INFO] waiver — [2/9] Fetching live injury and suspension data...
2026-07-13 21:40:59 [INFO] waiver.league_api — Fetching live player injury data from SC API...
2026-07-13 21:41:01 [INFO] waiver.league_api — Fetched injury data for 812 players; 0 have active injury/suspension.
2026-07-13 21:41:01 [WARNING] waiver — SC returned 0 injuries — likely a data lag. Using cached injury data (157 active) from last run.
2026-07-13 21:41:01 [INFO] waiver — [3/9] Loading SC player list...
2026-07-13 21:41:01 [INFO] waiver.data_loader — Loaded 781 players from player list.
2026-07-13 21:41:01 [INFO] waiver — Using round: 18
2026-07-13 21:41:01 [INFO] waiver — [4b] Scraping/processing fanfooty data for 2026 R1–R19 (probing +1)...
2026-07-13 21:41:01 [INFO] waiver — Scraping FanFooty raw data for 2026 R19...
2026-07-13 21:41:01 [INFO] root — Fetching fixture data from: https://www.fanfooty.com.au/game/archive.php?year=2026
2026-07-13 21:41:01 [WARNING] root — Could not find header for 'Round 19' for 2026.
2026-07-13 21:41:01 [INFO] waiver — No match IDs for 2026 R19 — round not yet played, skipping.
2026-07-13 21:41:01 [INFO] waiver — Round confirmed after scrape: 18
2026-07-13 21:41:03 [INFO] waiver — master_fanfooty_data.csv already up to date for 2026 R1–R18
2026-07-13 21:41:03 [INFO] waiver — [4d-pre] Downloading SC player-round data for 2026 R1–R18...
2026-07-13 21:41:04 [INFO] download_2026_statspacks —   Round 1: 812 players saved \u2192 players_round_1.json
2026-07-13 21:41:05 [INFO] download_2026_statspacks —   Round 2: 812 players saved \u2192 players_round_2.json
2026-07-13 21:41:06 [INFO] download_2026_statspacks —   Round 3: 812 players saved \u2192 players_round_3.json
2026-07-13 21:41:08 [INFO] download_2026_statspacks —   Round 4: 812 players saved \u2192 players_round_4.json
2026-07-13 21:41:09 [INFO] download_2026_statspacks —   Round 5: 812 players saved \u2192 players_round_5.json
2026-07-13 21:41:10 [INFO] download_2026_statspacks —   Round 6: 812 players saved \u2192 players_round_6.json
2026-07-13 21:41:11 [INFO] download_2026_statspacks —   Round 7: 812 players saved \u2192 players_round_7.json
2026-07-13 21:41:12 [INFO] download_2026_statspacks —   Round 8: 812 players saved \u2192 players_round_8.json
2026-07-13 21:41:13 [INFO] download_2026_statspacks —   Round 9: 812 players saved \u2192 players_round_9.json
2026-07-13 21:41:14 [INFO] download_2026_statspacks —   Round 10: 812 players saved \u2192 players_round_10.json
2026-07-13 21:41:15 [INFO] download_2026_statspacks —   Round 11: 812 players saved \u2192 players_round_11.json
2026-07-13 21:41:16 [INFO] download_2026_statspacks —   Round 12: 812 players saved \u2192 players_round_12.json
2026-07-13 21:41:17 [INFO] download_2026_statspacks —   Round 13: 812 players saved \u2192 players_round_13.json
2026-07-13 21:41:18 [INFO] download_2026_statspacks —   Round 14: 812 players saved \u2192 players_round_14.json
2026-07-13 21:41:20 [INFO] download_2026_statspacks —   Round 15: 812 players saved \u2192 players_round_15.json
2026-07-13 21:41:21 [INFO] download_2026_statspacks —   Round 16: 812 players saved \u2192 players_round_16.json
2026-07-13 21:41:22 [INFO] download_2026_statspacks —   Round 17: 812 players saved \u2192 players_round_17.json
2026-07-13 21:41:23 [INFO] download_2026_statspacks —   Round 18: 812 players saved \u2192 players_round_18.json
2026-07-13 21:41:23 [INFO] download_2026_statspacks — Player rounds download complete: 18 downloaded, 0 skipped, 0 errors
2026-07-13 21:41:26 [INFO] waiver.fixture_schedule — AFL fixture loaded: 207 games across rounds 0–24.
2026-07-13 21:41:26 [INFO] waiver — [4e] Refreshing website outputs (ladder, fixtures, player match results)...
2026-07-13 21:41:26 [INFO] waiver.league_api — Refreshing SC token via refresh_token grant...
2026-07-13 21:41:27 [ERROR] waiver.league_api — refresh_token grant failed: 401 Client Error: Unauthorized for url: https://supercoach.heraldsun.com.au/2026/api/afl/classic/v1/access_token
2026-07-13 21:41:27 [WARNING] waiver.league_api — refresh_token grant failed; trying social token...
2026-07-13 21:41:27 [INFO] waiver.league_api — Refreshing SC bearer token via Auth0...
2026-07-13 21:41:27 [ERROR] waiver.league_api — Token refresh request failed: 401 Client Error: Unauthorized for url: https://supercoach.heraldsun.com.au/2026/api/afl/classic/v1/access_token
2026-07-13 21:41:27 [WARNING] waiver.league_api — Social token refresh failed; falling back to static SC_API_TOKEN.
2026-07-13 21:41:27 [WARNING] website.data.api_ingest — Round 22 API fetch failed: 403 Client Error: Forbidden for url: https://www.supercoach.com.au/2026/api/afl/draft/v1/leagues/14889/ladderAndFixtures?round=22&scores=true
2026-07-13 21:41:27 [WARNING] website.data.api_ingest — Round 21 API fetch failed: 403 Client Error: Forbidden for url: https://www.supercoach.com.au/2026/api/afl/draft/v1/leagues/14889/ladderAndFixtures?round=21&scores=true
2026-07-13 21:41:28 [WARNING] website.data.api_ingest — Round 20 API fetch failed: 403 Client Error: Forbidden for url: https://www.supercoach.com.au/2026/api/afl/draft/v1/leagues/14889/ladderAndFixtures?round=20&scores=true
2026-07-13 21:41:28 [WARNING] website.data.api_ingest — Round 19 API fetch failed: 403 Client Error: Forbidden for url: https://www.supercoach.com.au/2026/api/afl/draft/v1/leagues/14889/ladderAndFixtures?round=19&scores=true
2026-07-13 21:41:28 [WARNING] website.data.api_ingest — Round 18 API fetch failed: 403 Client Error: Forbidden for url: https://www.supercoach.com.au/2026/api/afl/draft/v1/leagues/14889/ladderAndFixtures?round=18&scores=true
2026-07-13 21:41:28 [WARNING] website.data.api_ingest — Round 17 API fetch failed: 403 Client Error: Forbidden for url: https://www.supercoach.com.au/2026/api/afl/draft/v1/leagues/14889/ladderAndFixtures?round=17&scores=true
2026-07-13 21:41:28 [WARNING] website.data.api_ingest — Round 16 API fetch failed: 403 Client Error: Forbidden for url: https://www.supercoach.com.au/2026/api/afl/draft/v1/leagues/14889/ladderAndFixtures?round=16&scores=true
2026-07-13 21:41:28 [WARNING] website.data.api_ingest — Round 15 API fetch failed: 403 Client Error: Forbidden for url: https://www.supercoach.com.au/2026/api/afl/draft/v1/leagues/14889/ladderAndFixtures?round=15&scores=true
2026-07-13 21:41:29 [WARNING] website.data.api_ingest — Round 14 API fetch failed: 403 Client Error: Forbidden for url: https://www.supercoach.com.au/2026/api/afl/draft/v1/leagues/14889/ladderAndFixtures?round=14&scores=true
2026-07-13 21:41:29 [WARNING] website.data.api_ingest — Round 13 API fetch failed: 403 Client Error: Forbidden for url: https://www.supercoach.com.au/2026/api/afl/draft/v1/leagues/14889/ladderAndFixtures?round=13&scores=true
2026-07-13 21:41:29 [WARNING] website.data.api_ingest — Round 12 API fetch failed: 403 Client Error: Forbidden for url: https://www.supercoach.com.au/2026/api/afl/draft/v1/leagues/14889/ladderAndFixtures?round=12&scores=true
2026-07-13 21:41:29 [WARNING] website.data.api_ingest — Round 11 API fetch failed: 403 Client Error: Forbidden for url: https://www.supercoach.com.au/2026/api/afl/draft/v1/leagues/14889/ladderAndFixtures?round=11&scores=true
2026-07-13 21:41:30 [WARNING] website.data.api_ingest — Round 10 API fetch failed: 403 Client Error: Forbidden for url: https://www.supercoach.com.au/2026/api/afl/draft/v1/leagues/14889/ladderAndFixtures?round=10&scores=true
2026-07-13 21:41:30 [WARNING] website.data.api_ingest — Round 9 API fetch failed: 403 Client Error: Forbidden for url: https://www.supercoach.com.au/2026/api/afl/draft/v1/leagues/14889/ladderAndFixtures?round=9&scores=true
2026-07-13 21:41:30 [WARNING] website.data.api_ingest — Round 8 API fetch failed: 403 Client Error: Forbidden for url: https://www.supercoach.com.au/2026/api/afl/draft/v1/leagues/14889/ladderAndFixtures?round=8&scores=true
2026-07-13 21:41:30 [WARNING] website.data.api_ingest — Round 7 API fetch failed: 403 Client Error: Forbidden for url: https://www.supercoach.com.au/2026/api/afl/draft/v1/leagues/14889/ladderAndFixtures?round=7&scores=true
2026-07-13 21:41:30 [WARNING] website.data.api_ingest — Round 6 API fetch failed: 403 Client Error: Forbidden for url: https://www.supercoach.com.au/2026/api/afl/draft/v1/leagues/14889/ladderAndFixtures?round=6&scores=true
2026-07-13 21:41:30 [WARNING] website.data.api_ingest — Round 5 API fetch failed: 403 Client Error: Forbidden for url: https://www.supercoach.com.au/2026/api/afl/draft/v1/leagues/14889/ladderAndFixtures?round=5&scores=true
2026-07-13 21:41:31 [WARNING] website.data.api_ingest — Round 4 API fetch failed: 403 Client Error: Forbidden for url: https://www.supercoach.com.au/2026/api/afl/draft/v1/leagues/14889/ladderAndFixtures?round=4&scores=true
2026-07-13 21:41:31 [WARNING] website.data.api_ingest — Round 3 API fetch failed: 403 Client Error: Forbidden for url: https://www.supercoach.com.au/2026/api/afl/draft/v1/leagues/14889/ladderAndFixtures?round=3&scores=true
2026-07-13 21:41:31 [WARNING] website.data.api_ingest — Round 2 API fetch failed: 403 Client Error: Forbidden for url: https://www.supercoach.com.au/2026/api/afl/draft/v1/leagues/14889/ladderAndFixtures?round=2&scores=true
2026-07-13 21:41:31 [WARNING] website.data.api_ingest — Round 1 API fetch failed: 403 Client Error: Forbidden for url: https://www.supercoach.com.au/2026/api/afl/draft/v1/leagues/14889/ladderAndFixtures?round=1&scores=true
2026-07-13 21:41:31 [WARNING] website.data.api_ingest — No completed rounds detected; defaulting to round 1
2026-07-13 21:41:31 [ERROR] website.data.api_ingest — No scored rounds returned from API — outputs left unchanged.
2026-07-13 21:41:35 [INFO] waiver — [4f] Updating master_player_data.csv with 2026 current-season data...
2026-07-13 21:41:35 [INFO] root — Step 3: Preparing fanfooty enrichment data...
2026-07-13 21:41:37 [INFO] root —   Loaded 139503 fanfooty records
2026-07-13 21:41:37 [INFO] root —   Prepared 135792 unique fanfooty enrichment records
2026-07-13 21:41:37 [INFO] root — update_current_season: fanfooty enrichment matched 2805/3312 rows
2026-07-13 21:41:37 [INFO] root — Loading DFS Australia data...
2026-07-13 21:41:37 [INFO] root —   Loaded 2274 DFS rows across 1 seasons
2026-07-13 21:41:37 [INFO] root — Merging DFS Australia data...
2026-07-13 21:41:37 [INFO] root —   DFS merge: 798/3312 rows matched on CBA%
2026-07-13 21:41:42 [INFO] root — update_current_season: added 3312 rows for 2026 \u2192 data\processed\master_player_data.csv
2026-07-13 21:41:42 [INFO] waiver — [4f] master_player_data.csv: 3312 rows added for 2026.
2026-07-13 21:41:42 [INFO] waiver — [4g] Round 19 predictions already exist — skipping generation.
2026-07-13 21:41:42 [INFO] waiver — [4/9] Loading current-season scores...
2026-07-13 21:41:43 [INFO] waiver.data_loader — Loaded 2026 season scores from SC API (18 rounds) + fanfooty supplement: 646 players.
2026-07-13 21:41:43 [INFO] waiver — [4b-validate] Validating round 18 data coverage...
2026-07-13 21:41:43 [INFO] root — Fetching fixture data from: https://www.fanfooty.com.au/game/archive.php?year=2026
2026-07-13 21:41:44 [INFO] root — Found 9 unique matches for Round 18: ['9845', '9846', '9847', '9848', '9849', '9850', '9851', '9852', '9853']
2026-07-13 21:41:44 [INFO] waiver — [4c] Fetching lineup for round 19...
2026-07-13 21:41:44 [INFO] waiver.league_api — Fetching lineup from https://www.supercoach.com.au/2026/api/afl/draft/v1/userteams/136934/statsPlayers?round=19
2026-07-13 21:41:44 [ERROR] waiver.league_api — statsPlayers API request failed: 401 Client Error: Unauthorized for url: https://www.supercoach.com.au/2026/api/afl/draft/v1/userteams/136934/statsPlayers?round=19
2026-07-13 21:41:44 [WARNING] waiver — Could not fetch lineup — on-field/bench split will be inaccurate.
2026-07-13 21:41:44 [INFO] waiver — [4d] Refreshing coach list from SC API ladder...
2026-07-13 21:41:44 [INFO] waiver.league_api — Refreshing SC token via refresh_token grant...
2026-07-13 21:41:44 [ERROR] waiver.league_api — refresh_token grant failed: 401 Client Error: Unauthorized for url: https://supercoach.heraldsun.com.au/2026/api/afl/classic/v1/access_token
2026-07-13 21:41:44 [WARNING] waiver.league_api — refresh_token grant failed; trying social token...
2026-07-13 21:41:44 [INFO] waiver.league_api — Refreshing SC bearer token via Auth0...
2026-07-13 21:41:44 [ERROR] waiver.league_api — Token refresh request failed: 401 Client Error: Unauthorized for url: https://supercoach.heraldsun.com.au/2026/api/afl/classic/v1/access_token
2026-07-13 21:41:44 [WARNING] waiver.league_api — Social token refresh failed; falling back to static SC_API_TOKEN.
2026-07-13 21:41:44 [INFO] waiver.league_api — Fetching league teams from https://www.supercoach.com.au/2026/api/afl/draft/v1/leagues/14889/ladderAndFixtures?round=18&scores=true
2026-07-13 21:41:44 [ERROR] waiver.league_api — SC league teams API request failed: 403 Client Error: Forbidden for url: https://www.supercoach.com.au/2026/api/afl/draft/v1/leagues/14889/ladderAndFixtures?round=18&scores=true
2026-07-13 21:41:44 [WARNING] waiver — Could not refresh coach_list.csv from API — cached file will be used.
2026-07-13 21:41:44 [INFO] waiver — [5/9] Building player table...
2026-07-13 21:41:44 [WARNING] waiver.data_loader — No lineup data — treating all roster players as on field.
2026-07-13 21:41:44 [INFO] waiver.data_loader — Player table built: 781 total, 0 free agents, 0 on my roster, 0 on my roster with injury/suspension.
2026-07-13 21:41:44 [INFO] waiver — [6/9] Loading historical fanfooty data and computing metrics...
2026-07-13 21:41:53 [INFO] waiver.data_loader — Loaded 136922 historical game records across 16 seasons.
2026-07-13 21:41:57 [WARNING] waiver.metrics — No free agents found; replacement levels set to 0.
2026-07-13 21:41:57 [INFO] waiver.metrics — Metrics computed for 781 players. Replacement levels: {'DEF': '0.0', 'MID': '0.0', 'RUC': '0.0', 'FWD': '0.0', 'FLEX': '0.0'}
2026-07-13 21:41:57 [INFO] waiver — [7/9] Loading model predictions...
2026-07-13 21:41:58 [INFO] waiver.data_loader — Loaded Round 19 predictions: 620 players, avg projected score = 65.9.
2026-07-13 21:41:58 [INFO] waiver — Predictions for Round 19 merged: 616 players have projected scores.
2026-07-13 21:41:58 [INFO] waiver — [7b] Applying historical sanity checks to model predictions...
2026-07-13 21:41:58 [INFO] waiver — P(100+) corrected for 21 players based on historical ceiling.
2026-07-13 21:41:58 [INFO] waiver — P(80+) sanity cap applied to players with 2026 actual data.
2026-07-13 21:41:58 [INFO] waiver — Metrics ready: 781 players total, 0 free agents, 0 on my roster, 0 injured on-field.
2026-07-13 21:42:05 [INFO] waiver.dvp — DVP table built: 72 team-position entries from last 6 rounds
2026-07-13 21:42:05 [INFO] root — Fetching fixture for 2026 Round 19 from JSON feed...
2026-07-13 21:42:05 [INFO] root — Successfully built fixture map for 18 teams.
2026-07-13 21:42:05 [INFO] waiver — [7b-pre] DVP table ready (72 entries), 781 player ranks computed.
2026-07-13 21:42:05 [INFO] waiver — [7c] Scoring mid-year jumper and streamer candidates...
2026-07-13 21:42:06 [INFO] waiver.jumper_scorer — Loaded 6808 2026 fanfooty rows across 18 rounds.
2026-07-13 21:42:06 [INFO] waiver.jumper_scorer — Loaded 2026 CBA data: 1511 rows, max round 7.
2026-07-13 21:42:06 [INFO] waiver.jumper_scorer — No FA candidates (avg < 85, games >= 5). No jumper/streamer sections will be generated.
2026-07-13 21:42:06 [INFO] waiver — Jumper/streamer scoring done: 0 mover candidates, 0 streamer candidates.
2026-07-13 21:42:06 [INFO] waiver — [8b] Refreshing AFL fixture schedule...
2026-07-13 21:42:06 [INFO] waiver.fixture_schedule — AFL fixture loaded: 207 games across rounds 0–24.
2026-07-13 21:42:06 [INFO] waiver.fixture_schedule — waiver_schedule.bat updated — 6 future rounds scheduled. Run as Administrator: G:\My Drive\projects\sc-player-data\waiver_schedule.bat
2026-07-13 21:42:06 [INFO] waiver — waiver_schedule.bat updated — newsletter will prompt re-registration.
2026-07-13 21:42:06 [INFO] waiver — [8c] Computing DVP matchup intel (reusing pre-built table)...
2026-07-13 21:42:06 [INFO] root — Fetching fixture for 2026 Round 19 from JSON feed...
2026-07-13 21:42:07 [INFO] root — Successfully built fixture map for 18 teams.
2026-07-13 21:42:07 [INFO] root — Fetching fixture for 2026 Round 20 from JSON feed...
2026-07-13 21:42:07 [INFO] root — Successfully built fixture map for 18 teams.
2026-07-13 21:42:07 [INFO] root — Fetching fixture for 2026 Round 21 from JSON feed...
2026-07-13 21:42:07 [INFO] root — Successfully built fixture map for 18 teams.
2026-07-13 21:42:07 [INFO] waiver — DVP done: 0 matchup targets, 0 schedule streamers.
2026-07-13 21:42:07 [INFO] waiver — [8b] Fetching AFL official injury list...
2026-07-13 21:42:07 [INFO] ingest_afl_injuries — Fetching AFL injury list...
2026-07-13 21:42:07 [INFO] ingest_afl_injuries — Found 140 injured players across 18 teams
2026-07-13 21:42:07 [INFO] ingest_afl_injuries — Saved 140 entries to data\live\afl_injury_list.csv

======================================================================
AFL INJURY LIST — 140 players
======================================================================

!!! NO_MATCH (1) — requires review !!!
  AFL: 'Max Beattie' (Hawthorn)
       injury=Ankle, return=Test

--- Matched players by confidence ---
match_confidence
exact         127
fuzzy           6
fuzzy+team      4
exact+team      2
no_match        1

--- All matched players ---
            afl_name          afl_team         injury           est_return                 name team_abbrev match_confidence ambiguous_matches
      Callum Ah Chee    Adelaide Crows      Hamstring                 Test       Callum Ah Chee         ADE            exact                  
         Mitch Hinge    Adelaide Crows          Ankle            3-4 weeks       Mitchell Hinge         ADE            fuzzy                  
         Luke Pedlar    Adelaide Crows      Hamstring                 Test          Luke Pedlar         ADE            exact                  
        Wayne Milera    Adelaide Crows      Hamstring                 Test         Wayne Milera         ADE            exact                  
         Oscar Allen          Brisbane           Foot            1-2 weeks          Oscar Allen         BRL            exact                  
      Darcy Gardiner          Brisbane      Hamstring            4-6 weeks       Darcy Gardiner         BRL            exact                  
    Lincoln McCarthy          Brisbane           Calf            1-2 weeks     Lincoln McCarthy         BRL            exact                  
          Jack Payne          Brisbane           Knee               Season           Jack Payne         BRL            exact                  
        Matt Carroll           Carlton           Knee               Season      Matthew Carroll         CAR       fuzzy+team                  
          Harry Dean           Carlton           Hand                 Test           Harry Dean         CAR            exact                  
         Rob Monahan           Carlton       Shoulder               Season          Rob Monahan         CAR            exact                  
        Jesse Motlop           Carlton           Knee               Season         Jesse Motlop         CAR            exact                  
     Harry O'Farrell           Carlton           Knee                  TBC      Harry O'Farrell         CAR            exact                  
          Liam Reidy           Carlton          Ankle                 Test           Liam Reidy         CAR            exact                  
     Jacob Weitering           Carlton           Calf                  TBC      Jacob Weitering         CAR            exact                  
         Lewis Young           Carlton     Concussion            1-2 weeks          Lewis Young         CAR            exact                  
       Jamie Elliott       Collingwood           Knee               Season        Jamie Elliott         COL            exact                  
           Tew Jiath       Collingwood      Hamstring               1 week            Tew Jiath         COL            exact                  
        Reef McInnes       Collingwood           Knee               Season         Reef McInnes         COL            exact                  
         Darcy Moore       Collingwood      Hamstring               Season          Darcy Moore         COL            exact                  
       Isaac Quaynor       Collingwood          Ankle               1 week        Isaac Quaynor         COL            exact                  
          Iliro Smit       Collingwood     Concussion Concussion protocols           Iliro Smit         COL            exact                  
        Oscar Steene       Collingwood           Knee               Season         Oscar Steene         COL            exact                  
         Tom Edwards          Essendon      Hamstring              3 weeks       Thomas Edwards         ESS       fuzzy+team                  
     Brayden Fiorini          Essendon           Back               Season      Brayden Fiorini         ESS            exact                  
       Kayle Gerreyn          Essendon           Knee               1 week        Kayle Gerreyn         ESS            exact                  
         Lewis Hayes          Essendon           Knee               Season          Lewis Hayes         ESS            exact                  
         Zak Johnson          Essendon           Foot                 Test          Zak Johnson         ESS            exact                  
       Kyle Langford          Essendon           Quad               1 week        Kyle Langford         ESS            exact                  
          Nic Martin          Essendon           Knee               Season           Nic Martin         ESS            exact                  
          Archie May          Essendon       Shoulder               Season           Archer May         ESS       fuzzy+team                  
      Archie Roberts          Essendon       Shoulder                 Test       Archie Roberts         ESS            exact                  
          Rhys Unwin          Essendon      Hamstring               1 week           Rhys Unwin         ESS            exact                  
        Tobyn Murray         Fremantle           Calf                 Test         Tobyn Murray         FRE            exact                  
    Charlie Nicholls         Fremantle         Finger                  TBA     Charlie Nicholls         FRE            exact                  
           Sam Sturt         Fremantle           Quad                  TBA            Sam Sturt         FRE            exact                  
        Hayden Young         Fremantle          Groin                 Test         Hayden Young         FRE            exact                  
       Harley Barker           Geelong           Knee           Indefinite        Harley Barker         GEE            exact                  
         Toby Conway           Geelong      Foot/Knee                  TBC          Toby Conway         GEE            exact                  
        Jacob Molier           Geelong           Quad                 Test         Jacob Molier         GEE            exact                  
         Alex Davies   Gold Coast SUNS           Foot            1-3 weeks          Alex Davies         GCS            exact                  
           Jy Farrar   Gold Coast SUNS          Ankle            1-3 weeks            Jy Farrar         GCS            exact                  
         Will Graham   Gold Coast SUNS      Hamstring                 Test          Will Graham         GCS            exact                  
       Lachie Gulbin   Gold Coast SUNS           Hand            1-3 weeks       Lachlan Gulbin         GCS            fuzzy                  
  Elliott Himmelberg   Gold Coast SUNS           Knee               Season   Elliott Himmelberg         GCS            exact                  
            Ben Long   Gold Coast SUNS     Suspension             Round 19             Ben Long         GCS            exact                  
        Daniel Rioli   Gold Coast SUNS            Jaw            1-3 weeks         Daniel Rioli         GCS            exact                  
         Jake Rogers   Gold Coast SUNS      Hamstring                 Test          Jake Rogers         GCS            exact                  
       Lachie Weller   Gold Coast SUNS      Hamstring            1-3 weeks        Lachie Weller         GCS            exact                  
          Leek Aleer        GWS GIANTS          Groin               1 week           Leek Aleer         GWS            exact                  
        Jack Buckley        GWS GIANTS           Calf                  TBC         Jack Buckley         GWS            exact                  
       Brent Daniels        GWS GIANTS           Calf                  TBC        Brent Daniels         GWS            exact                  
          Finn Davis        GWS GIANTS           Quad               1 week       Finnegan Davis         GWS       fuzzy+team                  
           Tom Green        GWS GIANTS           Knee               Season            Tom Green         GWS            exact                  
       Max Gruzewski        GWS GIANTS           Knee            3-4 weeks        Max Gruzewski         GWS            exact                  
     Ollie Hannaford        GWS GIANTS           Foot            3-4 weeks     Oliver Hannaford         GWS            fuzzy                  
         Jesse Hogan        GWS GIANTS         Finger                  TBC          Jesse Hogan         GWS            exact                  
         Darcy Jones        GWS GIANTS           Knee            3-4 weeks          Darcy Jones         GWS            exact                  
          Josh Kelly        GWS GIANTS            Hip                  TBC           Josh Kelly         GWS            exact                  
      Jayden Laverde        GWS GIANTS      Hamstring                 Test       Jayden Laverde         GWS            exact                  
   Xavier O'Halloran        GWS GIANTS          Ankle                 Test    Xavier O'Halloran         GWS            exact                  
       Jake Riccardi        GWS GIANTS          Ankle            4-5 weeks        Jake Riccardi         GWS            exact                  
      Nathan Wardius        GWS GIANTS           Knee               Season       Nathan Wardius         GWS            exact                  
    Lachie Whitfield        GWS GIANTS     Concussion                  TBC     Lachie Whitfield         GWS            exact                  
           Karl Amon          Hawthorn           Knee                 Test            Karl Amon         HAW            exact                  
         Josh Battle          Hawthorn       Appendix            1-2 weeks          Josh Battle         HAW            exact                  
         Max Beattie          Hawthorn          Ankle                 Test                 None         HAW         no_match                  
        James Blanck          Hawthorn      Hamstring                 Test         James Blanck         HAW            exact                  
          Sam Butler          Hawthorn            Leg            1-2 weeks           Sam Butler         HAW            exact                  
     Henry Hustwaite          Hawthorn           Face              4 weeks      Henry Hustwaite         HAW            exact                  
        Jarman Impey          Hawthorn      Hamstring                 Test         Jarman Impey         HAW            exact                  
          Conor Nash          Hawthorn           Neck                  TBC           Conor Nash         HAW            exact                  
          Ned Reeves          Hawthorn           Knee            1-3 weeks           Ned Reeves         HAW            exact                  
      Jack Scrimshaw          Hawthorn           Knee            4-6 weeks       Jack Scrimshaw         HAW            exact                  
         Nick Watson          Hawthorn      Hamstring                 Test          Nick Watson         HAW            exact                  
         Josh Weddle          Hawthorn     Suspension             Round 19          Josh Weddle         HAW            exact                  
           Jed Adams         Melbourne           Knee                 Test            Jed Adams         MEL            exact                  
          Jai Culley         Melbourne           Knee               Season           Jai Culley         MEL            exact                  
      Bayley Fritsch         Melbourne         Finger                 Test       Bayley Fritsch         MEL            exact                  
           Max Heath         Melbourne       Shoulder                 Test            Max Heath         MEL            exact                  
      Xavier Lindsay         Melbourne      Hip/groin            3-4 weeks       Xavier Lindsay         MEL            exact                  
       Brody Mihocek         Melbourne           Neck               Season        Brody Mihocek         MEL            exact                  
Andy Moniz-Wakefield         Melbourne           Knee               Season Andy Moniz-Wakefield         MEL            exact                  
     Christian Salem         Melbourne           Foot                 Test      Christian Salem         MEL            exact                  
          Jack Viney         Melbourne       Achilles                  TBC           Jack Viney         MEL            exact                  
      Jackson Archer   North Melbourne           Knee               Season       Jackson Archer         NTH            exact                  
           Toby Pink   North Melbourne       Shoulder               Season            Toby Pink         NTH            exact                  
     Blake Thredgold   North Melbourne           Foot               Season      Blake Thredgold         NTH            exact                  
      George Wardlaw   North Melbourne      Hamstring            3-4 weeks       George Wardlaw         NTH            exact                  
        Kane Farrell     Port Adelaide          Groin                 Test         Kane Farrell         PTA            exact                  
          Mani Liddy     Port Adelaide            Hip               Season           Mani Liddy         PTA            exact                  
          Ollie Lord     Port Adelaide           Knee               Season           Ollie Lord         PTA            exact                  
      Ewan Mackinlay     Port Adelaide           Knee               Season       Ewan Mackinlay         PTA            exact                  
   Sam Powell-Pepper     Port Adelaide Training block                  TBC    Sam Powell-Pepper         PTA            exact                  
     Esava Ratugolea     Port Adelaide           Knee               Season      Esava Ratugolea         PTA            exact                  
        Connor Rozee     Port Adelaide      Hamstring               Season         Connor Rozee         PTA            exact                  
           Josh Sinn     Port Adelaide       Shoulder               Season            Josh Sinn         PTA            exact                  
         Jonty Faull          Richmond           Back               Season          Jonty Faull         RIC            exact                  
         Josh Gibcus          Richmond     ACL strain               Season          Josh Gibcus         RIC            exact                  
       Campbell Gray          Richmond      Hamstring            2-6 weeks        Campbell Gray         RIC            exact                  
   Ollie Hayes-Brown          Richmond           Knee                 Test   Oliver Hayes-Brown         RIC            fuzzy                  
        Jacob Hopper          Richmond          Ankle                  TBC         Jacob Hopper         RIC            exact                  
           Sam Lalor          Richmond       Achilles              2 weeks            Sam Lalor         RIC            exact                  
        Dion Prestia          Richmond      Hamstring                 Test         Dion Prestia         RIC            exact                  
            Tom Sims          Richmond            MCL                 Test          Thomas Sims         RIC            fuzzy                  
        Josh Smillie          Richmond           Quad            2-4 weeks         Josh Smillie         RIC            exact                  
         Kaleb Smith          Richmond     Concussion                  TBC          Kaleb Smith         RIC            exact                  
        Luke Trainor          Richmond     Concussion                  TBC         Luke Trainor         RIC            exact                  
        James Barrat          St Kilda           Foot                  TBC         James Barrat         STK            exact                  
       Tom De Koning          St Kilda           Ribs                  TBC        Tom De Koning         STK            exact                  
        Sam Flanders          St Kilda       Achilles               Season         Sam Flanders         STK            exact                  
            Max King          St Kilda   Conditioning                  TBC             Max King         STK       exact+team                  
       Jack Sinclair          St Kilda           Calf               Season        Jack Sinclair         STK            exact                  
          Alix Tauru          St Kilda     Suspension             Round 21     Alixzander Tauru         STK            fuzzy                  
        Joel Amartey      Sydney Swans       Achilles              9 weeks         Joel Amartey         SYD            exact                  
         Riak Andrew      Sydney Swans           Quad                 Test          Riak Andrew         SYD            exact                  
    Braeden Campbell      Sydney Swans           Shin                 Test     Braeden Campbell         SYD            exact                  
    Noah Chamberlain      Sydney Swans      Hamstring            7-9 weeks     Noah Chamberlain         SYD            exact                  
      Liam Hetherton      Sydney Swans           Back               Season       Liam Hetherton         SYD            exact                  
            Max King      Sydney Swans           Back               Season             Max King         SYD       exact+team                  
       Peter Ladhams      Sydney Swans          Groin            2-3 weeks        Peter Ladhams         SYD            exact                  
    Justin McInerney      Sydney Swans      Hamstring            5-6 weeks     Justin McInerney         SYD            exact                  
      Logan McDonald      Sydney Swans           Quad               1 week       Logan McDonald         SYD            exact                  
          Tom Papley      Sydney Swans           Calf                 Test           Tom Papley         SYD            exact                  
           Sam Wicks      Sydney Swans      Hamstring            3-5 weeks            Sam Wicks         SYD            exact                  
           Sam Allen West Coast Eagles Knee/hamstring              6 weeks            Sam Allen         WCE            exact                  
      Tyler Brockman West Coast Eagles      Hamstring                  TBC       Tyler Brockman         WCE            exact                  
    Malakai Champion West Coast Eagles           Hand                  TBC     Malakai Champion         WCE            exact                  
  Cooper Duff-Tytler West Coast Eagles           Calf            2-4 weeks   Cooper Duff-Tytler         WCE            exact                  
       Harry Edwards West Coast Eagles     Concussion               Season        Harry Edwards         WCE            exact                  
       Reuben Ginbey West Coast Eagles           Quad              6 weeks        Reuben Ginbey         WCE            exact                  
           Noah Long West Coast Eagles           Knee               Season            Noah Long         WCE            exact                  
        Jacob Newton West Coast Eagles           Foot               Season         Jacob Newton         WCE            exact                  
         Archer Reid West Coast Eagles           Knee                  TBC          Archer Reid         WCE            exact                  
     Deven Robertson West Coast Eagles           Knee               Season      Deven Robertson         WCE            exact                  
     Connor Budarick  Western Bulldogs          Ankle                  TBC      Connor Budarick         WBD            exact                  
       Nick Coffield  Western Bulldogs     Concussion Concussion protocols        Nick Coffield         WBD            exact                  
           Sam Darcy  Western Bulldogs           Knee               Season            Sam Darcy         WBD            exact                  
        Riley Garcia  Western Bulldogs           Knee                 Test         Riley Garcia         WBD            exact                  
     Bailey Williams  Western Bulldogs      Hamstring                 Test      Bailey Williams         WBD            exact                  2026-07-13 21:42:07 [INFO] waiver — AFL injury list loaded: 140 players
2026-07-13 21:42:07 [INFO] waiver — [9/9] Generating newsletter...
2026-07-13 21:42:07 [INFO] waiver.data_loader — Loaded 171 news mentions (last 7 days)
2026-07-13 21:42:07 [INFO] waiver.newsletter — News sentiment loaded: 170 players with recent mentions.
2026-07-13 21:42:07 [INFO] waiver.newsletter — AFL injury list: flagged 139 additional injured players
2026-07-13 21:42:39 [INFO] waiver.newsletter — Newsletter written to G:\My Drive\projects\sc-player-data\reports\waiver_2026_rd18_2026-07-13.md
2026-07-13 21:42:39 [INFO] waiver — Emailing newsletter to richardsmark@outlook.com...
2026-07-13 21:42:47 [INFO] waiver.emailer — Newsletter emailed to richardsmark@outlook.com.
2026-07-13 21:42:47 [INFO] waiver — [10/10] Deploying static site to GitHub Pages...
2026-07-13 21:42:47 [INFO] deploy_github_pages — Building static site...
2026-07-13 21:43:42 [INFO] deploy_github_pages — Static site built.
2026-07-13 21:43:42 [INFO] deploy_github_pages — Cloning https://github.com/mark-richards/asl-hub.git to C:\Users\Richa\AppData\Local\Temp\asl-hub-deploy-2uchfwqy...
2026-07-13 21:43:44 [INFO] deploy_github_pages — Pushing to https://github.com/mark-richards/asl-hub.git (main)...
2026-07-13 21:43:46 [INFO] deploy_github_pages — GitHub Pages updated: https://mark-richards.github.io/asl-hub/
2026-07-13 21:43:46 [INFO] waiver — Done. Newsletter saved to: G:\My Drive\projects\sc-player-data\reports\waiver_2026_rd18_2026-07-13.md

2026-07-20 07:00:38 [INFO] waiver — ============================================================
2026-07-20 07:00:38 [INFO] waiver — Waiver Newsletter Pipeline — Season 2026
2026-07-20 07:00:38 [INFO] waiver — ============================================================
2026-07-20 07:00:41 [INFO] afl_news_scraper — News DB is stale — running scraper...
2026-07-20 07:00:41 [INFO] afl_news_scraper — Database ready: data\afl_news.db
2026-07-20 07:00:41 [INFO] afl_news_scraper — Loaded 780 players from draft_prep\SC 2026\2026_SC_Player_list.csv
2026-07-20 07:00:55 [INFO] afl_news_scraper — === Scraping 3 pages from AFL.com.au/news ===
2026-07-20 07:00:55 [INFO] afl_news_scraper — Fetching listing: https://www.afl.com.au/news/all-news
2026-07-20 07:01:02 [INFO] afl_news_scraper —   Found 12 article links
2026-07-20 07:01:02 [INFO] afl_news_scraper — Loading page 2 of 3…
2026-07-20 07:01:02 [INFO] afl_news_scraper —   Clicked 'button:has-text("Show more")'
2026-07-20 07:01:03 [INFO] afl_news_scraper —   Total articles after page 2: 12
2026-07-20 07:01:08 [INFO] afl_news_scraper — Loading page 3 of 3…
2026-07-20 07:01:08 [WARNING] afl_news_scraper —   No 'Load more' button found — trying URL param ?page=3
2026-07-20 07:01:12 [INFO] afl_news_scraper — Fetching listing: https://www.afl.com.au/news/all-news?page=3
2026-07-20 07:01:15 [INFO] afl_news_scraper —   Found 12 article links
2026-07-20 07:01:15 [INFO] afl_news_scraper — Total article links collected: 24
2026-07-20 07:01:18 [INFO] afl_news_scraper —   Fetching article: https://www.afl.com.au/aflw/news/1564784/aflw-fantasy-midfielders-premiums-mid-p…
2026-07-20 07:01:18 [INFO] afl_news_scraper —   Bold candidates: ['AFLW FANTASY', 'Pick your team now', 'Ebony Marinoff', 'Laura Gardiner', 'Jasmine Garner']…
2026-07-20 07:01:18 [INFO] afl_news_scraper —     AFLW FANTASY              [UNRESOLVED] \u2192 UNRESOLVED | tags=['role_change', 'form', 'selection']
2026-07-20 07:01:18 [INFO] afl_news_scraper —     Pick your team now        [UNRESOLVED] \u2192 UNRESOLVED | tags=['role_change', 'form', 'selection']
2026-07-20 07:01:18 [INFO] afl_news_scraper —     Ebony Marinoff            [UNRESOLVED] \u2192 UNRESOLVED | tags=[]
2026-07-20 07:01:18 [INFO] afl_news_scraper —     Laura Gardiner            [SURNAME] \u2192 Gardiner | tags=[]
2026-07-20 07:01:18 [INFO] afl_news_scraper —     Jasmine Garner            [UNRESOLVED] \u2192 UNRESOLVED | tags=[]
2026-07-20 07:01:19 [INFO] afl_news_scraper —     Ash Riddell               [UNRESOLVED] \u2192 UNRESOLVED | tags=[]
2026-07-20 07:01:19 [INFO] afl_news_scraper —     Kiara Bowers              [UNRESOLVED] \u2192 UNRESOLVED | tags=[]
2026-07-20 07:01:19 [INFO] afl_news_scraper —     Ella Roberts              [UNRESOLVED] \u2192 UNRESOLVED | tags=[]
2026-07-20 07:01:19 [INFO] afl_news_scraper —     Charlie Rowbottom         [SURNAME] \u2192 Rowbottom | tags=[]
2026-07-20 07:01:19 [INFO] afl_news_scraper —     Gabby Newton              [SURNAME] \u2192 Newton | tags=[]
2026-07-20 07:01:19 [INFO] afl_news_scraper —     Others to consider        [UNRESOLVED] \u2192 UNRESOLVED | tags=['role_change', 'pre_season_buzz']
2026-07-20 07:01:22 [INFO] afl_news_scraper —   Fetching article: https://www.afl.com.au/news/1561041/every-clubs-run-home-ranked-from-hardest-to-…
2026-07-20 07:01:23 [INFO] afl_news_scraper —   Bold candidates: []
2026-07-20 07:01:27 [INFO] afl_news_scraper —   Fetching article: https://www.afl.com.au/news/1565626/mental-block-still-haunting-greater-western-…
2026-07-20 07:01:28 [INFO] afl_news_scraper —   Bold candidates: []
2026-07-20 07:01:32 [INFO] afl_news_scraper —   Fetching article: https://www.afl.com.au/news/1564355/my-job-to-get-them-better-gold-coast-suns-co…
2026-07-20 07:01:32 [INFO] afl_news_scraper —   Bold candidates: []
2026-07-20 07:01:37 [INFO] afl_news_scraper —   Fetching article: https://www.afl.com.au/news/1565126/afl-daily-listen-dont-write-off-the-pies-hin…
2026-07-20 07:01:38 [INFO] afl_news_scraper —   Bold candidates: []
2026-07-20 07:01:42 [INFO] afl_news_scraper —   Fetching article: https://www.afl.com.au/news/1561120/around-the-state-leagues-swans-high-five-cat…
2026-07-20 07:01:43 [INFO] afl_news_scraper —   Bold candidates: ["Sid Draper's", 'Finnbar Maley', 'Luke Pedlar', 'Tyler Welsh', 'Archie Ludowyke']…
2026-07-20 07:01:43 [INFO] afl_news_scraper —     Sid Draper's              [EXACT] \u2192 Draper | tags=['contract', 'selection']
2026-07-20 07:01:43 [INFO] afl_news_scraper —     Finnbar Maley             [EXACT] \u2192 Maley | tags=[]
2026-07-20 07:01:43 [INFO] afl_news_scraper —     Luke Pedlar               [EXACT] \u2192 Pedlar | tags=['role_change']
2026-07-20 07:01:43 [INFO] afl_news_scraper —     Tyler Welsh               [EXACT] \u2192 Welsh | tags=['role_change']
2026-07-20 07:01:43 [INFO] afl_news_scraper —     Archie Ludowyke           [EXACT] \u2192 Ludowyke | tags=['role_change']
2026-07-20 07:01:43 [INFO] afl_news_scraper —     Lachlan Sholl             [EXACT] \u2192 Sholl | tags=['role_change']
2026-07-20 07:01:43 [INFO] afl_news_scraper —     Chayce Jones              [EXACT] \u2192 Jones | tags=['role_change']
2026-07-20 07:01:43 [INFO] afl_news_scraper —     Reilly O'Brien            [EXACT] \u2192 O'Brien | tags=['role_change']
2026-07-20 07:01:43 [INFO] afl_news_scraper —     Billy Dowling             [EXACT] \u2192 Dowling | tags=[]
2026-07-20 07:01:43 [INFO] afl_news_scraper —     Nick Murray               [EXACT] \u2192 Murray | tags=[]
2026-07-20 07:01:43 [INFO] afl_news_scraper —     Hugh Bond                 [EXACT] \u2192 Bond | tags=[]
2026-07-20 07:01:43 [INFO] afl_news_scraper —     Jordan Butts              [SURNAME] \u2192 Butts | tags=[]
2026-07-20 07:01:44 [INFO] afl_news_scraper —     Callum Ah Chee            [EXACT] \u2192 Ah Chee | tags=[]
2026-07-20 07:01:44 [INFO] afl_news_scraper —     Oscar Allen               [EXACT] \u2192 Allen | tags=['role_change']
2026-07-20 07:01:44 [INFO] afl_news_scraper —     Lincoln McCarthy          [EXACT] \u2192 McCarthy | tags=['role_change']
2026-07-20 07:01:44 [INFO] afl_news_scraper —     Keidean Coleman           [EXACT] \u2192 Coleman | tags=['injury', 'return']
2026-07-20 07:01:44 [INFO] afl_news_scraper —     Sam Marshall              [EXACT] \u2192 Marshall | tags=['injury', 'return', 'form']
2026-07-20 07:01:44 [INFO] afl_news_scraper —     Dan Annable               [SURNAME] \u2192 Annable | tags=['form']
2026-07-20 07:01:44 [INFO] afl_news_scraper —     Henry Smith               [EXACT] \u2192 Smith | tags=['role_change']
2026-07-20 07:01:44 [INFO] afl_news_scraper —     Reece Torrent             [EXACT] \u2192 Torrent | tags=['role_change']
2026-07-20 07:01:44 [INFO] afl_news_scraper —     Koby Evans                [EXACT] \u2192 Evans | tags=['role_change']
2026-07-20 07:01:44 [INFO] afl_news_scraper —     Darragh Joyce             [EXACT] \u2192 Joyce | tags=[]
2026-07-20 07:01:44 [INFO] afl_news_scraper —     Zane Zakostelsky          [EXACT] \u2192 Zakostelsky | tags=[]
2026-07-20 07:01:44 [INFO] afl_news_scraper —     Luke Beecken              [EXACT] \u2192 Beecken | tags=[]
2026-07-20 07:01:44 [INFO] afl_news_scraper —     Tom Doedee                [EXACT] \u2192 Doedee | tags=[]
2026-07-20 07:01:44 [INFO] afl_news_scraper —     Luke Lloyd                [EXACT] \u2192 Lloyd | tags=[]
2026-07-20 07:01:44 [INFO] afl_news_scraper —     Tai Hayes                 [EXACT] \u2192 Hayes | tags=[]
2026-07-20 07:01:44 [INFO] afl_news_scraper —     Nik Cox                   [EXACT] \u2192 Cox | tags=[]
2026-07-20 07:01:44 [INFO] afl_news_scraper —     Ben McKay                 [EXACT] \u2192 McKay | tags=[]
2026-07-20 07:01:44 [INFO] afl_news_scraper —     Elijah Tsatas             [EXACT] \u2192 Tsatas | tags=['role_change']
2026-07-20 07:01:44 [INFO] afl_news_scraper —     Zak Johnson               [EXACT] \u2192 Johnson | tags=['role_change']
2026-07-20 07:01:45 [INFO] afl_news_scraper —     Saad El-Hawli             [EXACT] \u2192 El-Hawli | tags=['role_change']
2026-07-20 07:01:45 [INFO] afl_news_scraper —     Matt Guelfi               [EXACT] \u2192 Guelfi | tags=[]
2026-07-20 07:01:45 [INFO] afl_news_scraper —     Jayden Nguyen             [EXACT] \u2192 Nguyen | tags=['injury', 'role_change']
2026-07-20 07:01:45 [INFO] afl_news_scraper —     Jade Gresham              [EXACT] \u2192 Gresham | tags=['injury', 'role_change']
2026-07-20 07:01:45 [INFO] afl_news_scraper —     Liam McMahon              [EXACT] \u2192 McMahon | tags=['injury', 'role_change']
2026-07-20 07:01:45 [INFO] afl_news_scraper —     Blake Justice             [UNRESOLVED] \u2192 UNRESOLVED | tags=[]
2026-07-20 07:01:45 [INFO] afl_news_scraper —     Joe Pike                  [EXACT] \u2192 Pike | tags=['role_change', 'selection']
2026-07-20 07:01:45 [INFO] afl_news_scraper —     Mitch Knevitt             [EXACT] \u2192 Knevitt | tags=['selection']
2026-07-20 07:01:45 [INFO] afl_news_scraper —     Jack Bowes                [EXACT] \u2192 Bowes | tags=['selection']
2026-07-20 07:01:45 [INFO] afl_news_scraper —     Jesse Mellor              [EXACT] \u2192 Mellor | tags=['selection']
2026-07-20 07:01:45 [INFO] afl_news_scraper —     Jacob Molier              [EXACT] \u2192 Molier | tags=['role_change']
2026-07-20 07:01:45 [INFO] afl_news_scraper —     Nick Driscoll             [SURNAME] \u2192 Driscoll | tags=['role_change']
2026-07-20 07:01:45 [INFO] afl_news_scraper —     Lennox Hofmann            [EXACT] \u2192 Hofmann | tags=[]
2026-07-20 07:01:45 [INFO] afl_news_scraper —     Hunter Holmes             [EXACT] \u2192 Holmes | tags=[]
2026-07-20 07:01:45 [INFO] afl_news_scraper —     George Stevens            [EXACT] \u2192 Stevens | tags=[]
2026-07-20 07:01:45 [INFO] afl_news_scraper —     Cillian Burke             [EXACT] \u2192 Burke | tags=[]
2026-07-20 07:01:45 [INFO] afl_news_scraper —     Keighton Matofai-Forbes   [EXACT] \u2192 Matofai-Forbes | tags=[]
2026-07-20 07:01:45 [INFO] afl_news_scraper —     Sam Clohesy               [EXACT] \u2192 Clohesy | tags=['role_change']
2026-07-20 07:01:45 [INFO] afl_news_scraper —     Ben Jepson                [EXACT] \u2192 Jepson | tags=['role_change']
2026-07-20 07:01:46 [INFO] afl_news_scraper —     Zak Evans                 [EXACT] \u2192 Evans | tags=[]
2026-07-20 07:01:46 [INFO] afl_news_scraper —     Alex Davies               [EXACT] \u2192 Davies | tags=[]
2026-07-20 07:01:46 [INFO] afl_news_scraper —     Caleb Graham              [EXACT] \u2192 Graham | tags=[]
2026-07-20 07:01:46 [INFO] afl_news_scraper —     Archie Hill               [UNRESOLVED] \u2192 UNRESOLVED | tags=[]
2026-07-20 07:01:46 [INFO] afl_news_scraper —     Charlie Ballard           [EXACT] \u2192 Ballard | tags=[]
2026-07-20 07:01:46 [INFO] afl_news_scraper —     Max Knobel                [EXACT] \u2192 Knobel | tags=[]
2026-07-20 07:01:46 [INFO] afl_news_scraper —     Ethan Read                [EXACT] \u2192 Read | tags=[]
2026-07-20 07:01:46 [INFO] afl_news_scraper —     Asher Eastham             [EXACT] \u2192 Eastham | tags=[]
2026-07-20 07:01:46 [INFO] afl_news_scraper —     Cooper Bell               [EXACT] \u2192 Bell | tags=[]
2026-07-20 07:01:46 [INFO] afl_news_scraper —     Avery Thomas              [EXACT] \u2192 Thomas | tags=[]
2026-07-20 07:01:46 [INFO] afl_news_scraper —     Jy Farrar                 [EXACT] \u2192 Farrar | tags=[]
2026-07-20 07:01:46 [INFO] afl_news_scraper —     James Leake               [EXACT] \u2192 Leake | tags=[]
2026-07-20 07:01:46 [INFO] afl_news_scraper —     Toby McMullin             [EXACT] \u2192 McMullin | tags=[]
2026-07-20 07:01:46 [INFO] afl_news_scraper —     Harrison Oliver           [EXACT] \u2192 Oliver | tags=[]
2026-07-20 07:01:46 [INFO] afl_news_scraper —     Finnegan Davis            [EXACT] \u2192 Davis | tags=[]
2026-07-20 07:01:46 [INFO] afl_news_scraper —     Oskar Taylor              [EXACT] \u2192 Taylor | tags=[]
2026-07-20 07:01:46 [INFO] afl_news_scraper —     Cody Angove               [EXACT] \u2192 Angove | tags=[]
2026-07-20 07:01:46 [INFO] afl_news_scraper —     Finn Maginness            [EXACT] \u2192 Maginness | tags=[]
2026-07-20 07:01:46 [INFO] afl_news_scraper —     Sam Butler                [EXACT] \u2192 Butler | tags=[]
2026-07-20 07:01:46 [INFO] afl_news_scraper —     Calsher Dear              [EXACT] \u2192 Dear | tags=[]
2026-07-20 07:01:47 [INFO] afl_news_scraper —     Aidan Schubert            [EXACT] \u2192 Schubert | tags=[]
2026-07-20 07:01:47 [INFO] afl_news_scraper —     Cameron Nairn             [EXACT] \u2192 Nairn | tags=[]
2026-07-20 07:01:47 [INFO] afl_news_scraper —     Bodie Ryan                [EXACT] \u2192 Ryan | tags=[]
2026-07-20 07:01:47 [INFO] afl_news_scraper —     Matthew LeRay             [EXACT] \u2192 LeRay | tags=['role_change']
2026-07-20 07:01:47 [INFO] afl_news_scraper —     Cody Anderson             [EXACT] \u2192 Anderson | tags=['role_change']
2026-07-20 07:01:47 [INFO] afl_news_scraper —     Jaime Uhr-Henry           [EXACT] \u2192 Uhr-Henry | tags=['role_change']
2026-07-20 07:01:47 [INFO] afl_news_scraper —     Matt Hill                 [EXACT] \u2192 Hill | tags=['role_change']
2026-07-20 07:01:47 [INFO] afl_news_scraper —     James Blanck              [EXACT] \u2192 Blanck | tags=[]
2026-07-20 07:01:47 [INFO] afl_news_scraper —     Max Beattie               [UNRESOLVED] \u2192 UNRESOLVED | tags=[]
2026-07-20 07:01:47 [INFO] afl_news_scraper —     Paddy Cross               [UNRESOLVED] \u2192 UNRESOLVED | tags=[]
2026-07-20 07:01:47 [INFO] afl_news_scraper —     Christian Salem           [EXACT] \u2192 Salem | tags=[]
2026-07-20 07:01:47 [INFO] afl_news_scraper —     Tom McDonald              [EXACT] \u2192 McDonald | tags=[]
2026-07-20 07:01:47 [INFO] afl_news_scraper —     Ricky Mentha              [EXACT] \u2192 Mentha | tags=[]
2026-07-20 07:01:47 [INFO] afl_news_scraper —     Xavier Taylor             [EXACT] \u2192 Taylor | tags=[]
2026-07-20 07:01:47 [INFO] afl_news_scraper —     Lukas Cooke               [UNRESOLVED] \u2192 UNRESOLVED | tags=[]
2026-07-20 07:01:47 [INFO] afl_news_scraper —     Riley Onley               [EXACT] \u2192 Onley | tags=[]
2026-07-20 07:01:47 [INFO] afl_news_scraper —     Jack Henderson            [EXACT] \u2192 Henderson | tags=[]
2026-07-20 07:01:47 [INFO] afl_news_scraper —     Aidan Johnson             [EXACT] \u2192 Johnson | tags=[]
2026-07-20 07:01:48 [INFO] afl_news_scraper —     Max Mapley                [UNRESOLVED] \u2192 UNRESOLVED | tags=[]
2026-07-20 07:01:48 [INFO] afl_news_scraper —     Oscar Berry               [EXACT] \u2192 Berry | tags=[]
2026-07-20 07:01:48 [INFO] afl_news_scraper —     Lachy Dovaston            [EXACT] \u2192 Dovaston | tags=['role_change']
2026-07-20 07:01:48 [INFO] afl_news_scraper —     Jacob Konstanty           [EXACT] \u2192 Konstanty | tags=['role_change']
2026-07-20 07:01:48 [INFO] afl_news_scraper —     Robert Hansen jnr         [FUZZY] \u2192 Hansen Jr | tags=['role_change']
2026-07-20 07:01:48 [INFO] afl_news_scraper —     Griffin Logue             [EXACT] \u2192 Logue | tags=[]
2026-07-20 07:01:48 [INFO] afl_news_scraper —     Luke Urquhart             [EXACT] \u2192 Urquhart | tags=[]
2026-07-20 07:01:48 [INFO] afl_news_scraper —     Oliver Griffin            [UNRESOLVED] \u2192 UNRESOLVED | tags=[]
2026-07-20 07:01:48 [INFO] afl_news_scraper —     Hugo Mikunda              [EXACT] \u2192 Mikunda | tags=[]
2026-07-20 07:01:48 [INFO] afl_news_scraper —     Zac Fisher                [EXACT] \u2192 Fisher | tags=[]
2026-07-20 07:01:48 [INFO] afl_news_scraper —     Brayden George            [EXACT] \u2192 George | tags=[]
2026-07-20 07:01:48 [INFO] afl_news_scraper —     Zane Duursma              [EXACT] \u2192 Duursma | tags=[]
2026-07-20 07:01:48 [INFO] afl_news_scraper —     Jack Watkins              [EXACT] \u2192 Watkins | tags=[]
2026-07-20 07:01:48 [INFO] afl_news_scraper —     Will Brodie               [EXACT] \u2192 Brodie | tags=['role_change']
2026-07-20 07:01:48 [INFO] afl_news_scraper —     Will Lorenz               [EXACT] \u2192 Lorenz | tags=['role_change']
2026-07-20 07:01:48 [INFO] afl_news_scraper —     Alex Van Wyk              [UNRESOLVED] \u2192 UNRESOLVED | tags=['role_change']
2026-07-20 07:01:48 [INFO] afl_news_scraper —     Tom Anastasopoulos        [EXACT] \u2192 Anastasopoulos | tags=['role_change']
2026-07-20 07:01:48 [INFO] afl_news_scraper —     Benny Barrett             [EXACT] \u2192 Barrett | tags=['role_change']
2026-07-20 07:01:48 [INFO] afl_news_scraper —     Jacob Moss                [EXACT] \u2192 Moss | tags=['role_change']
2026-07-20 07:01:49 [INFO] afl_news_scraper —     Tom Cochrane              [EXACT] \u2192 Cochrane | tags=['role_change']
2026-07-20 07:01:49 [INFO] afl_news_scraper —     Zane Peucker              [EXACT] \u2192 Peucker | tags=['role_change']
2026-07-20 07:01:49 [INFO] afl_news_scraper —     Jasper Alger              [EXACT] \u2192 Alger | tags=['role_change', 'selection']
2026-07-20 07:01:49 [INFO] afl_news_scraper —     Tyler Sonsie              [EXACT] \u2192 Sonsie | tags=['return', 'role_change']
2026-07-20 07:01:49 [INFO] afl_news_scraper —     Luke Trainor              [EXACT] \u2192 Trainor | tags=['return', 'role_change']
2026-07-20 07:01:49 [INFO] afl_news_scraper —     Samson Ryan               [EXACT] \u2192 Ryan | tags=['return', 'role_change']
2026-07-20 07:01:49 [INFO] afl_news_scraper —     Oliver Hayes-Brown        [EXACT] \u2192 Hayes-Brown | tags=['role_change']
2026-07-20 07:01:49 [INFO] afl_news_scraper —     Judson Clarke             [EXACT] \u2192 Clarke | tags=[]
2026-07-20 07:01:49 [INFO] afl_news_scraper —     Liam Fawcett              [EXACT] \u2192 Fawcett | tags=[]
2026-07-20 07:01:49 [INFO] afl_news_scraper —     Harry Armstrong           [EXACT] \u2192 Armstrong | tags=[]
2026-07-20 07:01:49 [INFO] afl_news_scraper —     Noah Roberts-Thomson      [EXACT] \u2192 Roberts-Thomson | tags=[]
2026-07-20 07:01:49 [INFO] afl_news_scraper —     Maurice Rioli             [EXACT] \u2192 Rioli | tags=[]
2026-07-20 07:01:49 [INFO] afl_news_scraper —     Kaleb Smith               [EXACT] \u2192 Smith | tags=[]
2026-07-20 07:01:49 [INFO] afl_news_scraper —     Jack Macrae               [EXACT] \u2192 Macrae | tags=['selection']
2026-07-20 07:01:49 [INFO] afl_news_scraper —     Paddy Dow                 [EXACT] \u2192 Dow | tags=[]
2026-07-20 07:01:49 [INFO] afl_news_scraper —     Angus Hastie              [EXACT] \u2192 Hastie | tags=[]
2026-07-20 07:01:49 [INFO] afl_news_scraper —     Alex Dodson               [EXACT] \u2192 Dodson | tags=[]
2026-07-20 07:01:49 [INFO] afl_news_scraper —     Isaac Keeler              [EXACT] \u2192 Keeler | tags=['role_change']
2026-07-20 07:01:49 [INFO] afl_news_scraper —     Hugh Boxshall             [EXACT] \u2192 Boxshall | tags=[]
2026-07-20 07:01:50 [INFO] afl_news_scraper —     Kye Fincher               [EXACT] \u2192 Fincher | tags=[]
2026-07-20 07:01:50 [INFO] afl_news_scraper —     Dougal Howard             [EXACT] \u2192 Howard | tags=[]
2026-07-20 07:01:50 [INFO] afl_news_scraper —     Dan Butler                [EXACT] \u2192 Butler | tags=[]
2026-07-20 07:01:50 [INFO] afl_news_scraper —     Charlie Banfield          [EXACT] \u2192 Banfield | tags=[]
2026-07-20 07:01:50 [INFO] afl_news_scraper —     Eamonn Armstrong          [EXACT] \u2192 Armstrong | tags=[]
2026-07-20 07:01:50 [INFO] afl_news_scraper —     Jack Carroll              [EXACT] \u2192 Carroll | tags=[]
2026-07-20 07:01:50 [INFO] afl_news_scraper —     Lance Collard             [EXACT] \u2192 Collard | tags=[]
2026-07-20 07:01:50 [INFO] afl_news_scraper —     Billy Cootee              [EXACT] \u2192 Cootee | tags=[]
2026-07-20 07:01:50 [INFO] afl_news_scraper —     Jesse Dattoli             [EXACT] \u2192 Dattoli | tags=['role_change']
2026-07-20 07:01:50 [INFO] afl_news_scraper —     Harry Kyle                [EXACT] \u2192 Kyle | tags=['selection']
2026-07-20 07:01:50 [INFO] afl_news_scraper —     Tom Hanily                [EXACT] \u2192 Hanily | tags=['selection']
2026-07-20 07:01:50 [INFO] afl_news_scraper —     Caiden Cleary             [EXACT] \u2192 Cleary | tags=[]
2026-07-20 07:01:50 [INFO] afl_news_scraper —     Ned Bowman                [EXACT] \u2192 Bowman | tags=[]
2026-07-20 07:01:50 [INFO] afl_news_scraper —     Corey Warner              [EXACT] \u2192 Warner | tags=[]
2026-07-20 07:01:50 [INFO] afl_news_scraper —     Will Green                [FUZZY] \u2192 Green | tags=[]
2026-07-20 07:01:50 [INFO] afl_news_scraper —     Joel Hamling              [EXACT] \u2192 Hamling | tags=[]
2026-07-20 07:01:50 [INFO] afl_news_scraper —     Patrick Snell             [EXACT] \u2192 Snell | tags=[]
2026-07-20 07:01:50 [INFO] afl_news_scraper —     Riak Andrew               [EXACT] \u2192 Andrew | tags=[]
2026-07-20 07:01:50 [INFO] afl_news_scraper —     Lachie Jaques             [EXACT] \u2192 Jaques | tags=[]
2026-07-20 07:01:50 [INFO] afl_news_scraper —     Oskar Baker               [EXACT] \u2192 Baker | tags=['form']
2026-07-20 07:01:51 [INFO] afl_news_scraper —     Luke Kennedy              [EXACT] \u2192 Kennedy | tags=['form']
2026-07-20 07:01:51 [INFO] afl_news_scraper —     Luke Cleary               [EXACT] \u2192 Cleary | tags=['form', 'selection']
2026-07-20 07:01:51 [INFO] afl_news_scraper —     Will Darcy                [EXACT] \u2192 Darcy | tags=['selection']
2026-07-20 07:01:51 [INFO] afl_news_scraper —     Harvey Gallagher          [EXACT] \u2192 Gallagher | tags=['selection']
2026-07-20 07:01:51 [INFO] afl_news_scraper —     Louis Emmett              [EXACT] \u2192 Emmett | tags=[]
2026-07-20 07:01:51 [INFO] afl_news_scraper —     Caleb May                 [UNRESOLVED] \u2192 UNRESOLVED | tags=['role_change']
2026-07-20 07:01:51 [INFO] afl_news_scraper —     Lachlan Smith             [EXACT] \u2192 Smith | tags=['role_change']
2026-07-20 07:01:51 [INFO] afl_news_scraper —     Lachlan Carmichael        [EXACT] \u2192 Carmichael | tags=[]
2026-07-20 07:01:51 [INFO] afl_news_scraper —     Will Lewis                [UNRESOLVED] \u2192 UNRESOLVED | tags=[]
2026-07-20 07:01:51 [INFO] afl_news_scraper —     Zac Walker                [EXACT] \u2192 Walker | tags=[]
2026-07-20 07:01:51 [INFO] afl_news_scraper —   Fetching article: https://www.afl.com.au/news/1564362/the-drought-is-over-essendon-bombers-stun-gr…
2026-07-20 07:01:52 [INFO] afl_news_scraper —   Bold candidates: ['Bombers bring the heat', 'GREATER WESTERN SYDNEY']
2026-07-20 07:01:52 [INFO] afl_news_scraper —     Bombers bring the heat    [UNRESOLVED] \u2192 UNRESOLVED | tags=[]
2026-07-20 07:01:52 [INFO] afl_news_scraper —     GREATER WESTERN SYDNEY    [UNRESOLVED] \u2192 UNRESOLVED | tags=[]
2026-07-20 07:01:56 [INFO] afl_news_scraper —   Fetching article: https://www.afl.com.au/news/1561103/nine-things-we-learned-adelaide-crows-forwar…
2026-07-20 07:01:57 [INFO] afl_news_scraper —   Bold candidates: []
2026-07-20 07:02:01 [INFO] afl_news_scraper —   Fetching article: https://www.afl.com.au/news/1564341/luckless-young-richmond-tiger-avoids-serious…
2026-07-20 07:02:02 [INFO] afl_news_scraper —   Bold candidates: []
2026-07-20 07:02:05 [INFO] afl_news_scraper —   Fetching article: https://www.afl.com.au/news/1564367/essendon-bombers-young-gun-nate-caddy-taken-…
2026-07-20 07:02:06 [INFO] afl_news_scraper —   Bold candidates: []
2026-07-20 07:02:10 [INFO] afl_news_scraper —   Fetching article: https://www.afl.com.au/news/1564342/gold-coast-suns-on-the-brink-as-western-bull…
2026-07-20 07:02:10 [INFO] afl_news_scraper —   Bold candidates: ['GOLD COAST', 'WESTERN BULLDOGS']
2026-07-20 07:02:11 [INFO] afl_news_scraper —     GOLD COAST                [UNRESOLVED] \u2192 UNRESOLVED | tags=[]
2026-07-20 07:02:11 [INFO] afl_news_scraper —     WESTERN BULLDOGS          [UNRESOLVED] \u2192 UNRESOLVED | tags=[]
2026-07-20 07:02:16 [INFO] afl_news_scraper —   Fetching article: https://www.afl.com.au/news/1564404/match-review-baker-cops-ban-freo-at-risk-of-…
2026-07-20 07:02:16 [INFO] afl_news_scraper —   Bold candidates: []
2026-07-20 07:02:16 [INFO] afl_news_scraper —   Already scraped: https://www.afl.com.au/aflw/news/1564784/aflw-fantasy-midfie…
2026-07-20 07:02:16 [INFO] afl_news_scraper —   Already scraped: https://www.afl.com.au/news/1561041/every-clubs-run-home-ran…
2026-07-20 07:02:16 [INFO] afl_news_scraper —   Already scraped: https://www.afl.com.au/news/1565626/mental-block-still-haunt…
2026-07-20 07:02:16 [INFO] afl_news_scraper —   Already scraped: https://www.afl.com.au/news/1564355/my-job-to-get-them-bette…
2026-07-20 07:02:16 [INFO] afl_news_scraper —   Already scraped: https://www.afl.com.au/news/1565126/afl-daily-listen-dont-wr…
2026-07-20 07:02:16 [INFO] afl_news_scraper —   Already scraped: https://www.afl.com.au/news/1561120/around-the-state-leagues…
2026-07-20 07:02:16 [INFO] afl_news_scraper —   Already scraped: https://www.afl.com.au/news/1564362/the-drought-is-over-esse…
2026-07-20 07:02:16 [INFO] afl_news_scraper —   Already scraped: https://www.afl.com.au/news/1561103/nine-things-we-learned-a…
2026-07-20 07:02:16 [INFO] afl_news_scraper —   Already scraped: https://www.afl.com.au/news/1564341/luckless-young-richmond-…
2026-07-20 07:02:16 [INFO] afl_news_scraper —   Already scraped: https://www.afl.com.au/news/1564367/essendon-bombers-young-g…
2026-07-20 07:02:16 [INFO] afl_news_scraper —   Already scraped: https://www.afl.com.au/news/1564342/gold-coast-suns-on-the-b…
2026-07-20 07:02:16 [INFO] afl_news_scraper —   Already scraped: https://www.afl.com.au/news/1564404/match-review-baker-cops-…
2026-07-20 07:02:21 [WARNING] waiver.league_api — TOKEN HEALTH: SC_SOCIAL_TOKEN expired 27 days ago (2026-06-23) — auto-refresh is broken. Update SC_SOCIAL_TOKEN in .env from browser localStorage.
2026-07-20 07:02:21 [INFO] waiver.league_api — Refreshing SC token via refresh_token grant...
2026-07-20 07:02:21 [INFO] waiver.league_api — SC token refreshed via refresh_token (expires in 604800s).
2026-07-20 07:02:21 [INFO] waiver.league_api — SC tokens persisted to .env (access + refresh).
2026-07-20 07:02:21 [INFO] waiver — [1/9] Fetching player ownership from SC in-season league API...
2026-07-20 07:02:21 [INFO] waiver.league_api — Fetching player status from https://www.supercoach.com.au/2026/api/afl/draft/v1/leagues/14889/playersStatus
2026-07-20 07:02:21 [INFO] waiver.league_api — Fetched status for 812 players; 628 are available (waiver).
2026-07-20 07:02:21 [INFO] waiver — [2/9] Fetching live injury and suspension data...
2026-07-20 07:02:21 [INFO] waiver.league_api — Fetching live player injury data from SC API...
2026-07-20 07:02:23 [INFO] waiver.league_api — Fetched injury data for 812 players; 151 have active injury/suspension.
2026-07-20 07:02:23 [INFO] waiver — Injury cache updated: 151 active injuries.
2026-07-20 07:02:23 [INFO] waiver — [3/9] Loading SC player list...
2026-07-20 07:02:23 [INFO] waiver.data_loader — Loaded 781 players from player list.
2026-07-20 07:02:23 [INFO] waiver — Using round: 19
2026-07-20 07:02:23 [INFO] waiver — [4b] Scraping/processing fanfooty data for 2026 R1–R20 (probing +1)...
2026-07-20 07:02:23 [INFO] waiver — Scraping FanFooty raw data for 2026 R20...
2026-07-20 07:02:23 [INFO] root — Fetching fixture data from: https://www.fanfooty.com.au/game/archive.php?year=2026
2026-07-20 07:02:24 [WARNING] root — Could not find header for 'Round 20' for 2026.
2026-07-20 07:02:24 [INFO] waiver — No match IDs for 2026 R20 — round not yet played, skipping.
2026-07-20 07:02:24 [INFO] waiver — Round confirmed after scrape: 19
2026-07-20 07:02:32 [INFO] waiver — master_fanfooty_data.csv already up to date for 2026 R1–R19
2026-07-20 07:02:32 [INFO] waiver — [4d-pre] Downloading SC player-round data for 2026 R1–R19...
2026-07-20 07:02:34 [INFO] download_2026_statspacks —   Round 1: 812 players saved \u2192 players_round_1.json
2026-07-20 07:02:35 [INFO] download_2026_statspacks —   Round 2: 812 players saved \u2192 players_round_2.json
2026-07-20 07:02:37 [INFO] download_2026_statspacks —   Round 3: 812 players saved \u2192 players_round_3.json
2026-07-20 07:02:39 [INFO] download_2026_statspacks —   Round 4: 812 players saved \u2192 players_round_4.json
2026-07-20 07:02:41 [INFO] download_2026_statspacks —   Round 5: 812 players saved \u2192 players_round_5.json
2026-07-20 07:02:43 [INFO] download_2026_statspacks —   Round 6: 812 players saved \u2192 players_round_6.json
2026-07-20 07:02:46 [INFO] download_2026_statspacks —   Round 7: 812 players saved \u2192 players_round_7.json
2026-07-20 07:02:47 [INFO] download_2026_statspacks —   Round 8: 812 players saved \u2192 players_round_8.json
2026-07-20 07:02:49 [INFO] download_2026_statspacks —   Round 9: 812 players saved \u2192 players_round_9.json
2026-07-20 07:02:51 [INFO] download_2026_statspacks —   Round 10: 812 players saved \u2192 players_round_10.json
2026-07-20 07:02:53 [INFO] download_2026_statspacks —   Round 11: 812 players saved \u2192 players_round_11.json
2026-07-20 07:02:55 [INFO] download_2026_statspacks —   Round 12: 812 players saved \u2192 players_round_12.json
2026-07-20 07:02:57 [INFO] download_2026_statspacks —   Round 13: 812 players saved \u2192 players_round_13.json
2026-07-20 07:02:58 [INFO] download_2026_statspacks —   Round 14: 812 players saved \u2192 players_round_14.json
2026-07-20 07:03:00 [INFO] download_2026_statspacks —   Round 15: 812 players saved \u2192 players_round_15.json
2026-07-20 07:03:02 [INFO] download_2026_statspacks —   Round 16: 812 players saved \u2192 players_round_16.json
2026-07-20 07:03:04 [INFO] download_2026_statspacks —   Round 17: 812 players saved \u2192 players_round_17.json
2026-07-20 07:03:07 [INFO] download_2026_statspacks —   Round 18: 812 players saved \u2192 players_round_18.json
2026-07-20 07:03:08 [INFO] download_2026_statspacks —   Round 19: 812 players saved \u2192 players_round_19.json
2026-07-20 07:03:09 [INFO] download_2026_statspacks — Player rounds download complete: 19 downloaded, 0 skipped, 0 errors
2026-07-20 07:03:14 [INFO] waiver.fixture_schedule — AFL fixture loaded: 207 games across rounds 0–24.
2026-07-20 07:03:14 [INFO] waiver — [4e] Refreshing website outputs (ladder, fixtures, player match results)...
2026-07-20 07:03:18 [INFO] website.data.api_ingest — Detected current round: 19
2026-07-20 07:03:40 [INFO] website.data.api_ingest — Processing 2026 data for rounds 1..19
2026-07-20 07:03:40 [INFO] website.data.api_ingest — ladder.csv: 152 rows
2026-07-20 07:03:40 [INFO] website.data.api_ingest — fixture_results_by_team.csv: 152 rows
2026-07-20 07:03:40 [INFO] website.data.api_ingest — player_match_results.csv: 3496 rows
2026-07-20 07:03:41 [INFO] website.data.api_ingest — player_stats_current.csv: 3496 rows
2026-07-20 07:03:41 [INFO] waiver.league_api — Fetching player status from https://www.supercoach.com.au/2026/api/afl/draft/v1/leagues/14889/playersStatus
2026-07-20 07:03:41 [INFO] waiver.league_api — Fetched status for 812 players; 628 are available (waiver).
2026-07-20 07:03:41 [INFO] website.data.api_ingest — current_teams.csv: 184 players
2026-07-20 07:03:41 [INFO] website.data.api_ingest — Saved league_fixtures.json (21 rounds)
2026-07-20 07:03:42 [INFO] website.data.api_ingest — fixture_schedule_2026.csv: 84 matchups
2026-07-20 07:03:44 [INFO] website.data.api_ingest — processedWaivers: 246 rows
2026-07-20 07:03:44 [INFO] website.data.api_ingest — Free Agent pickups (/trades): 262 rows
2026-07-20 07:03:45 [INFO] website.data.api_ingest — Team trades (/teamtrades): 18 rows from 7 approved trades
2026-07-20 07:03:45 [INFO] website.data.api_ingest — transactions.csv: 526 rows \u2192 G:\My Drive\projects\sc-player-data\data\live\transactions.csv
2026-07-20 07:03:46 [INFO] website.data.api_ingest — Saved processedWaivers \u2192 G:\My Drive\projects\sc-player-data\data\raw\supercoach\2026\leagues_14889_processedWaivers.json
2026-07-20 07:03:47 [INFO] website.data.api_ingest — Saved teamtrades \u2192 G:\My Drive\projects\sc-player-data\data\raw\supercoach\2026\leagues_14889_teamtrades.json
2026-07-20 07:03:48 [INFO] website.data.api_ingest — Saved trades \u2192 G:\My Drive\projects\sc-player-data\data\raw\supercoach\2026\leagues_14889_trades.json
2026-07-20 07:03:48 [INFO] website.data.api_ingest — Saved playersStatus \u2192 G:\My Drive\projects\sc-player-data\data\raw\supercoach\2026\leagues_4199_playersStatus.json
2026-07-20 07:03:49 [INFO] website.data.api_ingest — Saved recap \u2192 G:\My Drive\projects\sc-player-data\data\raw\supercoach\2026\leagues_14889_recap.json
2026-07-20 07:03:49 [INFO] website.data.api_ingest — Saved me \u2192 me.json
2026-07-20 07:03:49 [INFO] website.data.api_ingest — Saved real_fixture \u2192 real_fixture.json
2026-07-20 07:03:50 [INFO] website.data.api_ingest — Saved players \u2192 players_cf_embed=notes,odds,player_stats,positions,player_match_stats&round=1.json
2026-07-20 07:03:51 [INFO] website.data.api_ingest — Saved players \u2192 players_cf_embed=notes,odds,player_stats,positions,player_match_stats&round=2.json
2026-07-20 07:03:52 [INFO] website.data.api_ingest — Saved players \u2192 players_cf_embed=notes,odds,player_stats,positions,player_match_stats&round=3.json
2026-07-20 07:03:52 [INFO] website.data.api_ingest — Saved players \u2192 players_cf_embed=notes,odds,player_stats,positions,player_match_stats&round=4.json
2026-07-20 07:03:53 [INFO] website.data.api_ingest — Saved players \u2192 players_cf_embed=notes,odds,player_stats,positions,player_match_stats&round=5.json
2026-07-20 07:03:54 [INFO] website.data.api_ingest — Saved players \u2192 players_cf_embed=notes,odds,player_stats,positions,player_match_stats&round=6.json
2026-07-20 07:03:55 [INFO] website.data.api_ingest — Saved players \u2192 players_cf_embed=notes,odds,player_stats,positions,player_match_stats&round=7.json
2026-07-20 07:03:56 [INFO] website.data.api_ingest — Saved players \u2192 players_cf_embed=notes,odds,player_stats,positions,player_match_stats&round=8.json
2026-07-20 07:03:56 [INFO] website.data.api_ingest — Saved players \u2192 players_cf_embed=notes,odds,player_stats,positions,player_match_stats&round=9.json
2026-07-20 07:03:57 [INFO] website.data.api_ingest — Saved players \u2192 players_cf_embed=notes,odds,player_stats,positions,player_match_stats&round=10.json
2026-07-20 07:03:58 [INFO] website.data.api_ingest — Saved players \u2192 players_cf_embed=notes,odds,player_stats,positions,player_match_stats&round=11.json
2026-07-20 07:03:59 [INFO] website.data.api_ingest — Saved players \u2192 players_cf_embed=notes,odds,player_stats,positions,player_match_stats&round=12.json
2026-07-20 07:03:59 [INFO] website.data.api_ingest — Saved players \u2192 players_cf_embed=notes,odds,player_stats,positions,player_match_stats&round=13.json
2026-07-20 07:04:00 [INFO] website.data.api_ingest — Saved players \u2192 players_cf_embed=notes,odds,player_stats,positions,player_match_stats&round=14.json
2026-07-20 07:04:01 [INFO] website.data.api_ingest — Saved players \u2192 players_cf_embed=notes,odds,player_stats,positions,player_match_stats&round=15.json
2026-07-20 07:04:02 [INFO] website.data.api_ingest — Saved players \u2192 players_cf_embed=notes,odds,player_stats,positions,player_match_stats&round=16.json
2026-07-20 07:04:03 [INFO] website.data.api_ingest — Saved players \u2192 players_cf_embed=notes,odds,player_stats,positions,player_match_stats&round=17.json
2026-07-20 07:04:03 [INFO] website.data.api_ingest — Saved players \u2192 players_cf_embed=notes,odds,player_stats,positions,player_match_stats&round=18.json
2026-07-20 07:04:04 [INFO] website.data.api_ingest — Saved players \u2192 players_cf_embed=notes,odds,player_stats,positions,player_match_stats&round=19.json
2026-07-20 07:04:04 [INFO] website.data.api_ingest — Refresh complete: 152 ladder, 152 fixture, 3496 player-match rows (rounds 1–19).
2026-07-20 07:04:08 [INFO] waiver — [4f] Updating master_player_data.csv with 2026 current-season data...
2026-07-20 07:04:08 [INFO] root — Step 3: Preparing fanfooty enrichment data...
2026-07-20 07:04:09 [INFO] root —   Loaded 139595 fanfooty records
2026-07-20 07:04:09 [INFO] root —   Prepared 135884 unique fanfooty enrichment records
2026-07-20 07:04:09 [INFO] root — update_current_season: fanfooty enrichment matched 2845/3496 rows
2026-07-20 07:04:09 [INFO] root — Loading DFS Australia data...
2026-07-20 07:04:09 [INFO] root —   Loaded 2274 DFS rows across 1 seasons
2026-07-20 07:04:09 [INFO] root — Merging DFS Australia data...
2026-07-20 07:04:09 [INFO] root —   DFS merge: 798/3496 rows matched on CBA%
2026-07-20 07:04:13 [INFO] root — update_current_season: added 3496 rows for 2026 \u2192 data\processed\master_player_data.csv
2026-07-20 07:04:13 [INFO] waiver — [4f] master_player_data.csv: 3496 rows added for 2026.
2026-07-20 07:04:13 [INFO] waiver — [4g] Round 20 predictions already exist — skipping generation.
2026-07-20 07:04:13 [INFO] waiver — [4/9] Loading current-season scores...
2026-07-20 07:04:17 [INFO] waiver.data_loader — Loaded 2026 season scores from SC API (19 rounds) + fanfooty supplement: 652 players.
2026-07-20 07:04:17 [INFO] waiver — [4b-validate] Validating round 19 data coverage...
2026-07-20 07:04:17 [INFO] root — Fetching fixture data from: https://www.fanfooty.com.au/game/archive.php?year=2026
2026-07-20 07:04:18 [INFO] root — Found 9 unique matches for Round 19: ['9854', '9855', '9856', '9857', '9858', '9859', '9860', '9861', '9862']
2026-07-20 07:04:18 [WARNING] waiver — VALIDATION: FanFooty R19 has 2/9 raw files. Incomplete scrape — will re-download.
2026-07-20 07:04:18 [INFO] waiver — Re-scraping FanFooty for 2026 R19 (9 games)...
2026-07-20 07:04:18 [INFO] root — Successfully saved: 9854.txt
2026-07-20 07:04:19 [INFO] root — Successfully saved: 9855.txt
2026-07-20 07:04:19 [INFO] root — Successfully saved: 9856.txt
2026-07-20 07:04:19 [INFO] root — Successfully saved: 9857.txt
2026-07-20 07:04:19 [INFO] root — Successfully saved: 9858.txt
2026-07-20 07:04:19 [INFO] root — Successfully saved: 9859.txt
2026-07-20 07:04:19 [INFO] root — Successfully saved: 9860.txt
2026-07-20 07:04:19 [INFO] root — Successfully saved: 9861.txt
2026-07-20 07:04:19 [INFO] root — Successfully saved: 9862.txt
2026-07-20 07:04:20 [INFO] waiver — Repaired: saved G:\My Drive\projects\sc-player-data\data\processed\2026_round_19_fanfooty_data.csv (414 rows)
2026-07-20 07:04:20 [INFO] waiver — [4c] Fetching lineup for round 20...
2026-07-20 07:04:20 [INFO] waiver.league_api — Fetching lineup from https://www.supercoach.com.au/2026/api/afl/draft/v1/userteams/136934/statsPlayers?round=20
2026-07-20 07:04:20 [INFO] waiver.league_api — Lineup fetched: 19 on field, 4 bench (23 total).
2026-07-20 07:04:20 [INFO] waiver — [4d] Refreshing coach list from SC API ladder...
2026-07-20 07:04:20 [INFO] waiver.league_api — Fetching league teams from https://www.supercoach.com.au/2026/api/afl/draft/v1/leagues/14889/ladderAndFixtures?round=19&scores=true
2026-07-20 07:04:21 [INFO] waiver.league_api — Fetched 8 teams from ladder league 14889 (round 19).
2026-07-20 07:04:21 [INFO] waiver — coach_list.csv refreshed with 8 teams \u2192 G:\My Drive\projects\sc-player-data\data\live\coach_list.csv
2026-07-20 07:04:21 [INFO] waiver — [5/9] Building player table...
2026-07-20 07:04:21 [INFO] waiver.data_loader — Player table built: 781 total, 597 free agents, 23 on my roster, 1 on my roster with injury/suspension.
2026-07-20 07:04:21 [WARNING] waiver.data_loader — ROSTER INJURY: Bailey Dale — Injury: Shoulder. Expected to be available for Finals.
2026-07-20 07:04:21 [INFO] waiver — [6/9] Loading historical fanfooty data and computing metrics...
2026-07-20 07:04:35 [INFO] waiver.data_loader — Loaded 137335 historical game records across 16 seasons.
2026-07-20 07:04:40 [INFO] waiver.metrics — Metrics computed for 781 players. Replacement levels: {'DEF': '86.9', 'MID': '92.4', 'RUC': '86.4', 'FWD': '97.7', 'FLEX': '97.7'}
2026-07-20 07:04:40 [INFO] waiver — [7/9] Loading model predictions...
2026-07-20 07:04:40 [INFO] waiver.data_loader — Loaded Round 20 predictions: 620 players, avg projected score = 66.1.
2026-07-20 07:04:40 [INFO] waiver — Predictions for Round 20 merged: 616 players have projected scores.
2026-07-20 07:04:40 [INFO] waiver — [7b] Applying historical sanity checks to model predictions...
2026-07-20 07:04:40 [INFO] waiver — P(100+) corrected for 25 players based on historical ceiling.
2026-07-20 07:04:40 [INFO] waiver — P(80+) sanity cap applied to players with 2026 actual data.
2026-07-20 07:04:40 [INFO] waiver — Metrics ready: 781 players total, 597 free agents, 23 on my roster, 0 injured on-field.
2026-07-20 07:04:54 [INFO] waiver.dvp — DVP table built: 72 team-position entries from last 6 rounds
2026-07-20 07:04:54 [INFO] root — Fetching fixture for 2026 Round 20 from JSON feed...
2026-07-20 07:04:54 [INFO] root — Successfully built fixture map for 18 teams.
2026-07-20 07:04:54 [INFO] waiver — [7b-pre] DVP table ready (72 entries), 781 player ranks computed.
2026-07-20 07:04:54 [INFO] waiver — [7c] Scoring mid-year jumper and streamer candidates...
2026-07-20 07:04:58 [INFO] waiver.jumper_scorer — Loaded 7222 2026 fanfooty rows across 19 rounds.
2026-07-20 07:04:58 [INFO] waiver.jumper_scorer — Loaded 2026 CBA data: 1511 rows, max round 7.
2026-07-20 07:04:58 [INFO] waiver.jumper_scorer — Scoring 342 FA candidates (avg < 85, games >= 5) for R19 jumper/streamer signals.
2026-07-20 07:04:58 [INFO] waiver.jumper_scorer — Jumper candidates: 39 (score >= 0.55, career/avg3 ceiling) | Streamer candidates: 9 (signals >= 2, avg3 >= 80)
2026-07-20 07:04:58 [INFO] waiver — Jumper/streamer scoring done: 5 mover candidates, 5 streamer candidates.
2026-07-20 07:04:58 [INFO] waiver — [8b] Refreshing AFL fixture schedule...
2026-07-20 07:04:59 [INFO] waiver.fixture_schedule — AFL fixture loaded: 207 games across rounds 0–24.
2026-07-20 07:04:59 [INFO] waiver.fixture_schedule — waiver_schedule.bat updated — 5 future rounds scheduled. Run as Administrator: G:\My Drive\projects\sc-player-data\waiver_schedule.bat
2026-07-20 07:04:59 [INFO] waiver — waiver_schedule.bat updated — newsletter will prompt re-registration.
2026-07-20 07:04:59 [INFO] waiver — [8c] Computing DVP matchup intel (reusing pre-built table)...
2026-07-20 07:04:59 [INFO] root — Fetching fixture for 2026 Round 20 from JSON feed...
2026-07-20 07:04:59 [INFO] root — Successfully built fixture map for 18 teams.
2026-07-20 07:04:59 [INFO] root — Fetching fixture for 2026 Round 21 from JSON feed...
2026-07-20 07:04:59 [INFO] root — Successfully built fixture map for 18 teams.
2026-07-20 07:04:59 [INFO] root — Fetching fixture for 2026 Round 22 from JSON feed...
2026-07-20 07:04:59 [INFO] root — Successfully built fixture map for 18 teams.
2026-07-20 07:04:59 [INFO] waiver — DVP done: 12 matchup targets, 5 schedule streamers.
2026-07-20 07:04:59 [INFO] waiver — [8b] Fetching AFL official injury list...
2026-07-20 07:04:59 [INFO] ingest_afl_injuries — Fetching AFL injury list...
2026-07-20 07:05:00 [INFO] ingest_afl_injuries — Found 139 injured players across 18 teams
2026-07-20 07:05:00 [INFO] ingest_afl_injuries — Saved 139 entries to data\live\afl_injury_list.csv

======================================================================
SCRAPE COMPLETE
======================================================================
  Articles stored:   12
  Player mentions:   171

Name                      FeedID     Tier   Tags                           Headline
----------------------------------------------------------------------------------------------------
  AFLW FANTASY            NULL       UNRES  role_change, form, selection   AFLW Fantasy midfielders: Premiums, mid-price
  Pick your team now      NULL       UNRES  role_change, form, selection   AFLW Fantasy midfielders: Premiums, mid-price
  Ebony Marinoff          NULL       UNRES                                 AFLW Fantasy midfielders: Premiums, mid-price
  Laura Gardiner          296269     SNAME                                 AFLW Fantasy midfielders: Premiums, mid-price
  Jasmine Garner          NULL       UNRES                                 AFLW Fantasy midfielders: Premiums, mid-price
  Ash Riddell             NULL       UNRES                                 AFLW Fantasy midfielders: Premiums, mid-price
  Kiara Bowers            NULL       UNRES                                 AFLW Fantasy midfielders: Premiums, mid-price
  Ella Roberts            NULL       UNRES                                 AFLW Fantasy midfielders: Premiums, mid-price
  Charlie Rowbottom       1006126    SNAME                                 AFLW Fantasy midfielders: Premiums, mid-price
  Gabby Newton            1022486    SNAME                                 AFLW Fantasy midfielders: Premiums, mid-price
  Others to consider      NULL       UNRES  role_change, pre_season_buzz   AFLW Fantasy midfielders: Premiums, mid-price
  Sid Draper's            1022607    EXACT  contract, selection            Around the state leagues: Bomber bags seven, 
  Finnbar Maley           1031792    EXACT                                 Around the state leagues: Bomber bags seven, 
  Luke Pedlar             1012218    EXACT  role_change                    Around the state leagues: Bomber bags seven, 
  Tyler Welsh             1022447    EXACT  role_change                    Around the state leagues: Bomber bags seven, 
  Archie Ludowyke         1033053    EXACT  role_change                    Around the state leagues: Bomber bags seven, 
  Lachlan Sholl           1006136    EXACT  role_change                    Around the state leagues: Bomber bags seven, 
  Chayce Jones            1006203    EXACT  role_change                    Around the state leagues: Bomber bags seven, 
  Reilly O'Brien          297523     EXACT  role_change                    Around the state leagues: Bomber bags seven, 
  Billy Dowling           1015329    EXACT                                 Around the state leagues: Bomber bags seven, 

Database: G:\My Drive\projects\sc-player-data\data\afl_news.db

======================================================================
AFL INJURY LIST — 139 players
======================================================================

!!! NO_MATCH (1) — requires review !!!
  AFL: 'Tom Blamires' (North Melbourne)
       injury=Concussion, return=1 week

--- Matched players by confidence ---
match_confidence
exact         126
fuzzy           6
fuzzy+team      4
exact+team      2
no_match        1

--- All matched players ---
            afl_name          afl_team          injury           est_return                 name team_abbrev match_confidence ambiguous_matches
         Mitch Hinge    Adelaide Crows           Ankle            2-3 weeks       Mitchell Hinge         ADE            fuzzy                  
          Rory Laird    Adelaide Crows           Ankle                  TBC           Rory Laird         ADE            exact                  
      Darcy Gardiner          Brisbane       Hamstring            3-5 weeks       Darcy Gardiner         BRL            exact                  
          Jack Payne          Brisbane            Knee               Season           Jack Payne         BRL            exact                  
        Matt Carroll           Carlton            Knee               Season      Matthew Carroll         CAR       fuzzy+team                  
       George Hewett           Carlton            Back                 Test        George Hewett         CAR            exact                  
         Rob Monahan           Carlton        Shoulder               Season          Rob Monahan         CAR            exact                  
        Jesse Motlop           Carlton            Knee               Season         Jesse Motlop         CAR            exact                  
     Harry O'Farrell           Carlton            Knee               Season      Harry O'Farrell         CAR            exact                  
       Marc Pittonet           Carlton       Hamstring               1 week        Marc Pittonet         CAR            exact                  
     Jacob Weitering           Carlton            Calf            4-5 weeks      Jacob Weitering         CAR            exact                  
         Lewis Young           Carlton      Concussion                 Test          Lewis Young         CAR            exact                  
       Jamie Elliott       Collingwood            Knee               Season        Jamie Elliott         COL            exact                  
         Jeremy Howe       Collingwood            Calf                 Test          Jeremy Howe         COL            exact                  
           Tew Jiath       Collingwood       Hamstring                 Test            Tew Jiath         COL            exact                  
        Reef McInnes       Collingwood            Knee               Season         Reef McInnes         COL            exact                  
         Darcy Moore       Collingwood       Hamstring               Season          Darcy Moore         COL            exact                  
       Isaac Quaynor       Collingwood           Ankle                 Test        Isaac Quaynor         COL            exact                  
      Lachie Schultz       Collingwood           Ankle            2-4 weeks       Lachie Schultz         COL            exact                  
          Iliro Smit       Collingwood      Concussion Concussion protocols           Iliro Smit         COL            exact                  
        Oscar Steene       Collingwood            Knee               Season         Oscar Steene         COL            exact                  
         Tom Edwards          Essendon       Hamstring              2 weeks       Thomas Edwards         ESS       fuzzy+team                  
     Brayden Fiorini          Essendon            Back               Season      Brayden Fiorini         ESS            exact                  
       Kayle Gerreyn          Essendon            Knee              2 weeks        Kayle Gerreyn         ESS            exact                  
         Lewis Hayes          Essendon            Knee               Season          Lewis Hayes         ESS            exact                  
          Nic Martin          Essendon            Knee               Season           Nic Martin         ESS            exact                  
          Archie May          Essendon        Shoulder               Season           Archer May         ESS       fuzzy+team                  
    Charlie Nicholls         Fremantle          Finger              3 weeks     Charlie Nicholls         FRE            exact                  
           Sam Sturt         Fremantle            Quad              3 weeks            Sam Sturt         FRE            exact                  
        Corey Wagner         Fremantle            Calf                 Test         Corey Wagner         FRE            exact                  
        Hayden Young         Fremantle           Groin                 Test         Hayden Young         FRE            exact                  
       Harley Barker           Geelong            Knee                  TBC        Harley Barker         GEE            exact                  
        Tanner Bruhn           Geelong            Neck                 Test         Tanner Bruhn         GEE            exact                  
      Jeremy Cameron           Geelong        Shoulder            4-6 weeks       Jeremy Cameron         GEE            exact                  
         Toby Conway           Geelong       Foot/Knee                  TBC          Toby Conway         GEE            exact                  
          Jack Henry           Geelong          Throat                 Test           Jack Henry         GEE            exact                  
       Mark O’Connor           Geelong            Quad                 Test        Mark O'Connor         GEE            fuzzy                  
        Rhys Stanley           Geelong       Hamstring                 Test         Rhys Stanley         GEE            exact                  
         Alex Davies   Gold Coast SUNS            Foot                 Test          Alex Davies         GCS            exact                  
           Jy Farrar   Gold Coast SUNS           Ankle                 Test            Jy Farrar         GCS            exact                  
         Will Graham   Gold Coast SUNS        Shoulder                  TBC          Will Graham         GCS            exact                  
       Lachie Gulbin   Gold Coast SUNS            Hand            1-3 weeks       Lachlan Gulbin         GCS            fuzzy                  
  Elliott Himmelberg   Gold Coast SUNS            Knee               Season   Elliott Himmelberg         GCS            exact                  
        Daniel Rioli   Gold Coast SUNS             Jaw            1-3 weeks         Daniel Rioli         GCS            exact                  
       Lachie Weller   Gold Coast SUNS       Hamstring            1-3 weeks        Lachie Weller         GCS            exact                  
          Leek Aleer        GWS GIANTS           Groin                  TBC           Leek Aleer         GWS            exact                  
        Jack Buckley        GWS GIANTS            Calf                  TBC         Jack Buckley         GWS            exact                  
       Brent Daniels        GWS GIANTS            Calf                  TBC        Brent Daniels         GWS            exact                  
          Finn Davis        GWS GIANTS            Quad                 Test       Finnegan Davis         GWS       fuzzy+team                  
     Phoenix Gothard        GWS GIANTS        Shoulder                  TBC      Phoenix Gothard         GWS            exact                  
           Tom Green        GWS GIANTS            Knee               Season            Tom Green         GWS            exact                  
       Max Gruzewski        GWS GIANTS            Knee                 Test        Max Gruzewski         GWS            exact                  
     Ollie Hannaford        GWS GIANTS            Foot            2-3 weeks     Oliver Hannaford         GWS            fuzzy                  
         Jesse Hogan        GWS GIANTS          Finger                  TBC          Jesse Hogan         GWS            exact                  
         Darcy Jones        GWS GIANTS            Knee              3 weeks          Darcy Jones         GWS            exact                  
          Josh Kelly        GWS GIANTS             Hip               Season           Josh Kelly         GWS            exact                  
       Jake Riccardi        GWS GIANTS           Ankle            2-3 weeks        Jake Riccardi         GWS            exact                  
      Nathan Wardius        GWS GIANTS            Knee               Season       Nathan Wardius         GWS            exact                  
    Lachie Whitfield        GWS GIANTS      Concussion                 Test     Lachie Whitfield         GWS            exact                  
           Karl Amon          Hawthorn            Knee                  TBC            Karl Amon         HAW            exact                  
         Josh Battle          Hawthorn        Appendix                 Test          Josh Battle         HAW            exact                  
          Sam Butler          Hawthorn             Leg                 Test           Sam Butler         HAW            exact                  
         Jack Dalton          Hawthorn            Knee            5-6 weeks          Jack Dalton         HAW            exact                  
     Henry Hustwaite          Hawthorn            Face            3-4 weeks      Henry Hustwaite         HAW            exact                  
          Conor Nash          Hawthorn            Neck                  TBC           Conor Nash         HAW            exact                  
          Ned Reeves          Hawthorn            Knee            1-2 weeks           Ned Reeves         HAW            exact                  
      Jack Scrimshaw          Hawthorn            Knee            3-5 weeks       Jack Scrimshaw         HAW            exact                  
         Nick Watson          Hawthorn       Hamstring                 Test          Nick Watson         HAW            exact                  
          Jai Culley         Melbourne            Knee               Season           Jai Culley         MEL            exact                  
      Bayley Fritsch         Melbourne          Finger                 Test       Bayley Fritsch         MEL            exact                  
           Max Heath         Melbourne        Shoulder                 Test            Max Heath         MEL            exact                  
      Xavier Lindsay         Melbourne       Hip/groin            2-3 weeks       Xavier Lindsay         MEL            exact                  
       Brody Mihocek         Melbourne            Neck               Season        Brody Mihocek         MEL            exact                  
Andy Moniz-Wakefield         Melbourne            Knee               Season Andy Moniz-Wakefield         MEL            exact                  
      Harrison Petty         Melbourne       Hamstring                 Test       Harrison Petty         MEL            exact                  
          Jack Viney         Melbourne        Achilles                  TBC           Jack Viney         MEL            exact                  
      Jackson Archer   North Melbourne            Knee               Season       Jackson Archer         NTH            exact                  
        Tom Blamires   North Melbourne      Concussion               1 week                 None         NTH         no_match                  
           Toby Pink   North Melbourne        Shoulder               Season            Toby Pink         NTH            exact                  
          Tom Powell   North Melbourne           Groin            1-2 weeks           Tom Powell         NTH            exact                  
     Blake Thredgold   North Melbourne            Foot               Season      Blake Thredgold         NTH            exact                  
      George Wardlaw   North Melbourne       Hamstring            3-4 weeks       George Wardlaw         NTH            exact                  
         Zak Butters     Port Adelaide           Ankle                  TBC          Zak Butters         PTA            exact                  
        Tom Cochrane     Port Adelaide       Hamstring                 Test         Tom Cochrane         PTA            exact                  
    Mitch Georgiades     Port Adelaide      Concussion Concussion protocols     Mitch Georgiades         PTA            exact                  
 Jason Horne-Francis     Port Adelaide      Suspension             Round 20  Jason Horne-Francis         PTA            exact                  
        Lachie Jones     Port Adelaide            Ribs                 Test         Lachie Jones         PTA            exact                  
          Mani Liddy     Port Adelaide             Hip               Season           Mani Liddy         PTA            exact                  
          Ollie Lord     Port Adelaide            Knee               Season           Ollie Lord         PTA            exact                  
       Jack Lukosius     Port Adelaide            Calf                  TBC        Jack Lukosius         PTA            exact                  
      Ewan Mackinlay     Port Adelaide            Knee               Season       Ewan Mackinlay         PTA            exact                  
   Sam Powell-Pepper     Port Adelaide            Knee               Season    Sam Powell-Pepper         PTA            exact                  
     Esava Ratugolea     Port Adelaide            Knee               Season      Esava Ratugolea         PTA            exact                  
        Connor Rozee     Port Adelaide       Hamstring               Season         Connor Rozee         PTA            exact                  
           Josh Sinn     Port Adelaide        Shoulder               Season            Josh Sinn         PTA            exact                  
         Jonty Faull          Richmond            Back               Season          Jonty Faull         RIC            exact                  
         Josh Gibcus          Richmond      ACL strain               Season          Josh Gibcus         RIC            exact                  
       Campbell Gray          Richmond       Hamstring              3 weeks        Campbell Gray         RIC            exact                  
        Jacob Hopper          Richmond           Ankle                  TBC         Jacob Hopper         RIC            exact                  
           Sam Lalor          Richmond        Achilles                 Test            Sam Lalor         RIC            exact                  
          Ben Miller          Richmond            Heel                  TBC           Ben Miller         RIC            exact                  
           Jack Ross          Richmond      Concussion                  TBC            Jack Ross         RIC            exact                  
        Jayden Short          Richmond     Corked quad                 Test         Jayden Short         RIC            exact                  
        Josh Smillie          Richmond            Quad            1-3 weeks         Josh Smillie         RIC            exact                  
         Kaleb Smith          Richmond      Concussion                 Test          Kaleb Smith         RIC            exact                  
        Luke Trainor          Richmond      Concussion                 Test         Luke Trainor         RIC            exact                  
        James Barrat          St Kilda            Foot             6+ weeks         James Barrat         STK            exact                  
       Tom De Koning          St Kilda            Ribs            1-3 weeks        Tom De Koning         STK            exact                  
        Sam Flanders          St Kilda        Achilles               Season         Sam Flanders         STK            exact                  
            Max King          St Kilda    Conditioning            1-3 weeks             Max King         STK       exact+team                  
       Jack Sinclair          St Kilda            Calf               Season        Jack Sinclair         STK            exact                  
          Alix Tauru          St Kilda      Suspension             Round 21     Alixzander Tauru         STK            fuzzy                  
        Joel Amartey      Sydney Swans        Achilles              8 weeks         Joel Amartey         SYD            exact                  
    Noah Chamberlain      Sydney Swans       Hamstring              8 weeks     Noah Chamberlain         SYD            exact                  
      Liam Hetherton      Sydney Swans            Back               Season       Liam Hetherton         SYD            exact                  
            Max King      Sydney Swans            Back               Season             Max King         SYD       exact+team                  
       Peter Ladhams      Sydney Swans           Groin                  TBC        Peter Ladhams         SYD            exact                  
    Justin McInerney      Sydney Swans       Hamstring            4-5 weeks     Justin McInerney         SYD            exact                  
      Logan McDonald      Sydney Swans            Quad                 Test       Logan McDonald         SYD            exact                  
           Sam Wicks      Sydney Swans       Hamstring            2-3 weeks            Sam Wicks         SYD            exact                  
           Sam Allen West Coast Eagles  Knee/hamstring              5 weeks            Sam Allen         WCE            exact                  
       Harry Barnett West Coast Eagles Abdominal/groin               1 week        Harry Barnett         WCE            exact                  
      Tyler Brockman West Coast Eagles       Hamstring               Season       Tyler Brockman         WCE            exact                  
    Malakai Champion West Coast Eagles            Hand               1 week     Malakai Champion         WCE            exact                  
  Cooper Duff-Tytler West Coast Eagles            Calf            1-2 weeks   Cooper Duff-Tytler         WCE            exact                  
       Harry Edwards West Coast Eagles      Concussion               Season        Harry Edwards         WCE            exact                  
       Reuben Ginbey West Coast Eagles            Quad              5 weeks        Reuben Ginbey         WCE            exact                  
        Josh Lindsay West Coast Eagles            Quad               1 week         Josh Lindsay         WCE            exact                  
           Noah Long West Coast Eagles            Knee               Season            Noah Long         WCE            exact                  
        Jacob Newton West Coast Eagles            Foot               Season         Jacob Newton         WCE            exact                  
         Archer Reid West Coast Eagles            Knee               Season          Archer Reid         WCE            exact                  
     Deven Robertson West Coast Eagles            Knee               Season      Deven Robertson         WCE            exact                  
     Connor Budarick  Western Bulldogs           Ankle            5-7 weeks      Connor Budarick         WBD            exact                  
       Nick Coffield  Western Bulldogs      Concussion Concussion protocols        Nick Coffield         WBD            exact                  
         Bailey Dale  Western Bulldogs        Shoulder            5-7 weeks          Bailey Dale         WBD            exact                  
           Sam Darcy  Western Bulldogs            Knee               Season            Sam Darcy         WBD            exact                  
         Tim English  Western Bulldogs            Back                 Test          Tim English         WBD            exact                  
       Ryley Sanders  Western Bulldogs            Hand                 Test        Ryley Sanders         WBD            exact                  
    Laith Vandermeer  Western Bulldogs       Hamstring                 Test   Laitham Vandermeer         WBD            fuzzy                  2026-07-20 07:05:00 [INFO] waiver — AFL injury list loaded: 139 players
2026-07-20 07:05:00 [INFO] waiver — [9/9] Generating newsletter...
2026-07-20 07:05:00 [INFO] waiver.data_loader — Loaded 185 news mentions (last 7 days)
2026-07-20 07:05:00 [INFO] waiver.newsletter — News sentiment loaded: 181 players with recent mentions.
2026-07-20 07:05:00 [INFO] waiver.newsletter — AFL injury list: flagged 138 additional injured players
2026-07-20 07:05:33 [INFO] httpx — HTTP Request: POST https://api.anthropic.com/v1/messages "HTTP/1.1 200 OK"
2026-07-20 07:05:38 [INFO] httpx — HTTP Request: POST https://api.anthropic.com/v1/messages "HTTP/1.1 200 OK"
2026-07-20 07:05:43 [INFO] httpx — HTTP Request: POST https://api.anthropic.com/v1/messages "HTTP/1.1 200 OK"
2026-07-20 07:05:48 [INFO] httpx — HTTP Request: POST https://api.anthropic.com/v1/messages "HTTP/1.1 200 OK"
2026-07-20 07:05:51 [INFO] waiver.data_loader — Loaded 2 news mentions (last 7 days)
2026-07-20 07:05:51 [INFO] waiver.newsletter — Newsletter written to G:\My Drive\projects\sc-player-data\reports\waiver_2026_rd19_2026-07-20.md
2026-07-20 07:05:51 [INFO] waiver — Emailing newsletter to richardsmark@outlook.com...
2026-07-20 07:05:59 [INFO] waiver.emailer — Newsletter emailed to richardsmark@outlook.com.
2026-07-20 07:05:59 [INFO] waiver — [10/10] Deploying static site to GitHub Pages...
2026-07-20 07:05:59 [INFO] deploy_github_pages — Building static site...
2026-07-20 07:06:40 [INFO] deploy_github_pages — Static site built.
2026-07-20 07:06:40 [INFO] deploy_github_pages — Cloning https://github.com/mark-richards/asl-hub.git to C:\Users\Richa\AppData\Local\Temp\asl-hub-deploy-r_8tfr14...
2026-07-20 07:07:01 [INFO] deploy_github_pages — Pushing to https://github.com/mark-richards/asl-hub.git (main)...
2026-07-20 07:07:03 [INFO] deploy_github_pages — GitHub Pages updated: https://mark-richards.github.io/asl-hub/
2026-07-20 07:07:03 [INFO] waiver — Done. Newsletter saved to: G:\My Drive\projects\sc-player-data\reports\waiver_2026_rd19_2026-07-20.md

2026-07-27 07:00:41 [INFO] waiver — ============================================================
2026-07-27 07:00:41 [INFO] waiver — Waiver Newsletter Pipeline — Season 2026
2026-07-27 07:00:41 [INFO] waiver — ============================================================
2026-07-27 07:00:44 [INFO] afl_news_scraper — News DB is stale — running scraper...
2026-07-27 07:00:44 [INFO] afl_news_scraper — Database ready: data\afl_news.db
2026-07-27 07:00:44 [INFO] afl_news_scraper — Loaded 780 players from draft_prep\SC 2026\2026_SC_Player_list.csv
2026-07-27 07:00:59 [INFO] afl_news_scraper — === Scraping 3 pages from AFL.com.au/news ===
2026-07-27 07:00:59 [INFO] afl_news_scraper — Fetching listing: https://www.afl.com.au/news/all-news
2026-07-27 07:01:06 [INFO] afl_news_scraper —   Found 12 article links
2026-07-27 07:01:06 [INFO] afl_news_scraper — Loading page 2 of 3…
2026-07-27 07:01:06 [INFO] afl_news_scraper —   Clicked 'button:has-text("Show more")'
2026-07-27 07:01:06 [INFO] afl_news_scraper —   Total articles after page 2: 12
2026-07-27 07:01:11 [INFO] afl_news_scraper — Loading page 3 of 3…
2026-07-27 07:01:11 [WARNING] afl_news_scraper —   No 'Load more' button found — trying URL param ?page=3
2026-07-27 07:01:15 [INFO] afl_news_scraper — Fetching listing: https://www.afl.com.au/news/all-news?page=3
2026-07-27 07:01:17 [INFO] afl_news_scraper —   Found 12 article links
2026-07-27 07:01:17 [INFO] afl_news_scraper — Total article links collected: 24
2026-07-27 07:01:21 [INFO] afl_news_scraper —   Fetching article: https://www.afl.com.au/aflw/news/1566281/aflw-fantasy-cheat-sheet-full-scores-fr…
2026-07-27 07:01:22 [INFO] afl_news_scraper —   Bold candidates: ['AFLW FANTASY', 'Pick your team now', 'WEST COAST', 'NORTH MELBOURNE', 'PORT ADELAIDE']…
2026-07-27 07:01:22 [INFO] afl_news_scraper —     AFLW FANTASY              [UNRESOLVED] \u2192 UNRESOLVED | tags=['pre_season_buzz', 'selection']
2026-07-27 07:01:22 [INFO] afl_news_scraper —     Pick your team now        [UNRESOLVED] \u2192 UNRESOLVED | tags=['pre_season_buzz', 'selection']
2026-07-27 07:01:22 [INFO] afl_news_scraper —     WEST COAST                [UNRESOLVED] \u2192 UNRESOLVED | tags=[]
2026-07-27 07:01:22 [INFO] afl_news_scraper —     NORTH MELBOURNE           [UNRESOLVED] \u2192 UNRESOLVED | tags=['pre_season_buzz']
2026-07-27 07:01:22 [INFO] afl_news_scraper —     PORT ADELAIDE             [UNRESOLVED] \u2192 UNRESOLVED | tags=['pre_season_buzz']
2026-07-27 07:01:22 [INFO] afl_news_scraper —     GOLD COAST                [UNRESOLVED] \u2192 UNRESOLVED | tags=['pre_season_buzz']
2026-07-27 07:01:22 [INFO] afl_news_scraper —     ST KILDA                  [UNRESOLVED] \u2192 UNRESOLVED | tags=[]
2026-07-27 07:01:22 [INFO] afl_news_scraper —     GREATER WESTERN SYDNEY    [UNRESOLVED] \u2192 UNRESOLVED | tags=['pre_season_buzz']
2026-07-27 07:01:23 [INFO] afl_news_scraper —     WESTERN BULLDOGS          [UNRESOLVED] \u2192 UNRESOLVED | tags=[]
2026-07-27 07:01:26 [INFO] afl_news_scraper —   Fetching article: https://www.afl.com.au/news/1566142/every-clubs-run-home-ranked-from-hardest-to-…
2026-07-27 07:01:27 [INFO] afl_news_scraper —   Bold candidates: []
2026-07-27 07:01:32 [INFO] afl_news_scraper —   Fetching article: https://www.afl.com.au/news/1570531/st-kilda-saints-defend-king-decision-as-nort…
2026-07-27 07:01:32 [INFO] afl_news_scraper —   Bold candidates: []
2026-07-27 07:01:37 [INFO] afl_news_scraper —   Fetching article: https://www.afl.com.au/news/1571152/afl-daily-listen-listen-nas-does-nas-things-…
2026-07-27 07:01:37 [INFO] afl_news_scraper —   Bold candidates: []
2026-07-27 07:01:42 [INFO] afl_news_scraper —   Fetching article: https://www.afl.com.au/news/1570598/cal-culations-the-time-has-come-for-this-gia…
2026-07-27 07:01:42 [INFO] afl_news_scraper —   Bold candidates: []
2026-07-27 07:01:46 [INFO] afl_news_scraper —   Fetching article: https://www.afl.com.au/news/1570529/coaches-josh-carr-and-chris-fagan-clash-over…
2026-07-27 07:01:47 [INFO] afl_news_scraper —   Bold candidates: []
2026-07-27 07:01:51 [INFO] afl_news_scraper —   Fetching article: https://www.afl.com.au/news/1566213/nine-things-we-learned-the-final-piece-of-br…
2026-07-27 07:01:51 [INFO] afl_news_scraper —   Bold candidates: []
2026-07-27 07:01:56 [INFO] afl_news_scraper —   Fetching article: https://www.afl.com.au/news/1570530/st-kilda-saints-stomp-on-north-melbourne-kan…
2026-07-27 07:01:57 [INFO] afl_news_scraper —   Bold candidates: ["Nasiah Wanganeen-Milera's match-winning masterclass", "North Melbourne's inaccurate goalkicking", 'NORTH MELBOURNE', 'ST KILDA']
2026-07-27 07:01:57 [INFO] afl_news_scraper —     Nasiah Wanganeen-Milera's match-winning masterclass [UNRESOLVED] \u2192 UNRESOLVED | tags=[]
2026-07-27 07:01:57 [INFO] afl_news_scraper —     North Melbourne's inaccurate goalkicking [UNRESOLVED] \u2192 UNRESOLVED | tags=[]
2026-07-27 07:01:57 [INFO] afl_news_scraper —     NORTH MELBOURNE           [UNRESOLVED] \u2192 UNRESOLVED | tags=[]
2026-07-27 07:01:57 [INFO] afl_news_scraper —     ST KILDA                  [UNRESOLVED] \u2192 UNRESOLVED | tags=[]
2026-07-27 07:02:02 [INFO] afl_news_scraper —   Fetching article: https://www.afl.com.au/news/1570579/match-review-essendon-bombers-facing-yet-ano…
2026-07-27 07:02:02 [INFO] afl_news_scraper —   Bold candidates: []
2026-07-27 07:02:06 [INFO] afl_news_scraper —   Fetching article: https://www.afl.com.au/news/1570528/brisbane-lions-unleash-late-avalanche-to-bur…
2026-07-27 07:02:07 [INFO] afl_news_scraper —   Bold candidates: ['Gallop MRO moment', 'McCluggage bounces back', 'PORT ADELAIDE']
2026-07-27 07:02:07 [INFO] afl_news_scraper —     Gallop MRO moment         [UNRESOLVED] \u2192 UNRESOLVED | tags=[]
2026-07-27 07:02:07 [INFO] afl_news_scraper —     McCluggage bounces back   [UNRESOLVED] \u2192 UNRESOLVED | tags=[]
2026-07-27 07:02:07 [INFO] afl_news_scraper —     PORT ADELAIDE             [UNRESOLVED] \u2192 UNRESOLVED | tags=[]
2026-07-27 07:02:12 [INFO] afl_news_scraper —   Fetching article: https://www.afl.com.au/news/1566080/follow-it-live-brisbane-lions-v-port-adelaid…
2026-07-27 07:02:13 [INFO] afl_news_scraper —   Bold candidates: []
2026-07-27 07:02:17 [INFO] afl_news_scraper —   Fetching article: https://www.afl.com.au/aflw/news/1567705/aflw-practice-match-recaps…
2026-07-27 07:02:19 [INFO] afl_news_scraper —   Bold candidates: ['Ruby Schleicher', 'Ash Centra', 'Brianna Davey', 'Mattea Breed', 'Tarni White']…
2026-07-27 07:02:19 [INFO] afl_news_scraper —     Ruby Schleicher           [UNRESOLVED] \u2192 UNRESOLVED | tags=['selection']
2026-07-27 07:02:19 [INFO] afl_news_scraper —     Ash Centra                [UNRESOLVED] \u2192 UNRESOLVED | tags=['role_change', 'selection']
2026-07-27 07:02:19 [INFO] afl_news_scraper —     Brianna Davey             [UNRESOLVED] \u2192 UNRESOLVED | tags=['return', 'role_change', 'pre_season_buzz']
2026-07-27 07:02:19 [INFO] afl_news_scraper —     Mattea Breed              [UNRESOLVED] \u2192 UNRESOLVED | tags=[]
2026-07-27 07:02:19 [INFO] afl_news_scraper —     Tarni White               [SURNAME] \u2192 White | tags=[]
2026-07-27 07:02:19 [INFO] afl_news_scraper —     Violet Patterson          [SURNAME] \u2192 Patterson | tags=['pre_season_buzz']
2026-07-27 07:02:19 [INFO] afl_news_scraper —     Sabrina Frederick         [SURNAME] \u2192 Frederick | tags=['role_change', 'pre_season_buzz']
2026-07-27 07:02:19 [INFO] afl_news_scraper —     Imogen Barnett            [SURNAME] \u2192 Barnett | tags=['return', 'role_change', 'pre_season_buzz']
2026-07-27 07:02:19 [INFO] afl_news_scraper —     Maisie Nankivell          [UNRESOLVED] \u2192 UNRESOLVED | tags=['return', 'role_change']
2026-07-27 07:02:19 [INFO] afl_news_scraper —     Liv Lewis                 [UNRESOLVED] \u2192 UNRESOLVED | tags=['injury', 'return', 'role_change']
2026-07-27 07:02:19 [INFO] afl_news_scraper —     Ariana Hetherington       [UNRESOLVED] \u2192 UNRESOLVED | tags=['injury']
2026-07-27 07:02:19 [INFO] afl_news_scraper —     Lucy Cronin               [UNRESOLVED] \u2192 UNRESOLVED | tags=[]
2026-07-27 07:02:19 [INFO] afl_news_scraper —     Jemma Rigoni              [UNRESOLVED] \u2192 UNRESOLVED | tags=['role_change', 'selection']
2026-07-27 07:02:20 [INFO] afl_news_scraper —     Charlie Thomas            [UNRESOLVED] \u2192 UNRESOLVED | tags=['role_change', 'selection']
2026-07-27 07:02:20 [INFO] afl_news_scraper —     Zoe Wakfer                [UNRESOLVED] \u2192 UNRESOLVED | tags=['pre_season_buzz']
2026-07-27 07:02:20 [INFO] afl_news_scraper —     Ella Roberts              [UNRESOLVED] \u2192 UNRESOLVED | tags=['pre_season_buzz', 'form']
2026-07-27 07:02:20 [INFO] afl_news_scraper —     Charlotte Riggs           [UNRESOLVED] \u2192 UNRESOLVED | tags=['role_change']
2026-07-27 07:02:20 [INFO] afl_news_scraper —     Jovie Skewes-Clinton      [UNRESOLVED] \u2192 UNRESOLVED | tags=['role_change']
2026-07-27 07:02:20 [INFO] afl_news_scraper —     Mia Russo                 [UNRESOLVED] \u2192 UNRESOLVED | tags=['role_change']
2026-07-27 07:02:20 [INFO] afl_news_scraper —     Keeley Skepper            [UNRESOLVED] \u2192 UNRESOLVED | tags=['injury', 'role_change']
2026-07-27 07:02:20 [INFO] afl_news_scraper —     Brit Bonnici              [UNRESOLVED] \u2192 UNRESOLVED | tags=['injury', 'role_change']
2026-07-27 07:02:20 [INFO] afl_news_scraper —     Amy Smith                 [UNRESOLVED] \u2192 UNRESOLVED | tags=['injury']
2026-07-27 07:02:20 [INFO] afl_news_scraper —     WEST COAST                [UNRESOLVED] \u2192 UNRESOLVED | tags=['injury']
2026-07-27 07:02:20 [INFO] afl_news_scraper —     Jac Dupuy                 [UNRESOLVED] \u2192 UNRESOLVED | tags=['role_change', 'form']
2026-07-27 07:02:20 [INFO] afl_news_scraper —     Aine McDonagh             [UNRESOLVED] \u2192 UNRESOLVED | tags=['role_change', 'pre_season_buzz']
2026-07-27 07:02:20 [INFO] afl_news_scraper —     Kaitlyn Ashmore           [UNRESOLVED] \u2192 UNRESOLVED | tags=['pre_season_buzz']
2026-07-27 07:02:20 [INFO] afl_news_scraper —     Casey Sherriff            [UNRESOLVED] \u2192 UNRESOLVED | tags=[]
2026-07-27 07:02:20 [INFO] afl_news_scraper —     Grace Baba                [UNRESOLVED] \u2192 UNRESOLVED | tags=['pre_season_buzz']
2026-07-27 07:02:20 [INFO] afl_news_scraper —     Emily Everist             [UNRESOLVED] \u2192 UNRESOLVED | tags=[]
2026-07-27 07:02:20 [INFO] afl_news_scraper —     Lucy Wales                [UNRESOLVED] \u2192 UNRESOLVED | tags=['injury', 'return']
2026-07-27 07:02:20 [INFO] afl_news_scraper —     Sofia Hurley              [UNRESOLVED] \u2192 UNRESOLVED | tags=['injury', 'return', 'form']
2026-07-27 07:02:20 [INFO] afl_news_scraper —     Chloe Molloy              [UNRESOLVED] \u2192 UNRESOLVED | tags=['return', 'form']
2026-07-27 07:02:20 [INFO] afl_news_scraper —     Taylor Smith              [UNRESOLVED] \u2192 UNRESOLVED | tags=['selection']
2026-07-27 07:02:21 [INFO] afl_news_scraper —     Maddie Quinn              [UNRESOLVED] \u2192 UNRESOLVED | tags=['selection']
2026-07-27 07:02:21 [INFO] afl_news_scraper —     Alice Mitchell            [UNRESOLVED] \u2192 UNRESOLVED | tags=['injury', 'selection']
2026-07-27 07:02:21 [INFO] afl_news_scraper —     Lexi Hamilton             [SURNAME] \u2192 Hamilton | tags=['injury', 'selection']
2026-07-27 07:02:21 [INFO] afl_news_scraper —     Indiana Williams          [UNRESOLVED] \u2192 UNRESOLVED | tags=['injury', 'role_change']
2026-07-27 07:02:21 [INFO] afl_news_scraper —     Ally Morphett             [UNRESOLVED] \u2192 UNRESOLVED | tags=['role_change', 'form']
2026-07-27 07:02:21 [INFO] afl_news_scraper —     Lara Hausegger            [UNRESOLVED] \u2192 UNRESOLVED | tags=['role_change', 'form']
2026-07-27 07:02:21 [INFO] afl_news_scraper —     Ash Van Loon              [UNRESOLVED] \u2192 UNRESOLVED | tags=['form']
2026-07-27 07:02:21 [INFO] afl_news_scraper —     Kim Rennie                [UNRESOLVED] \u2192 UNRESOLVED | tags=['injury', 'role_change']
2026-07-27 07:02:21 [INFO] afl_news_scraper —     Georgia Clarke            [SURNAME] \u2192 Clarke | tags=['injury', 'role_change']
2026-07-27 07:02:21 [INFO] afl_news_scraper —     Tahlia Randall            [UNRESOLVED] \u2192 UNRESOLVED | tags=['injury', 'pre_season_buzz']
2026-07-27 07:02:21 [INFO] afl_news_scraper —     Maggie MacLachlan         [UNRESOLVED] \u2192 UNRESOLVED | tags=['injury']
2026-07-27 07:02:21 [INFO] afl_news_scraper —     Kristie-Lee Weston-Turner [UNRESOLVED] \u2192 UNRESOLVED | tags=['injury']
2026-07-27 07:02:21 [INFO] afl_news_scraper —     Amy Gavin                 [UNRESOLVED] \u2192 UNRESOLVED | tags=['injury', 'pre_season_buzz']
2026-07-27 07:02:21 [INFO] afl_news_scraper —     Abbey Favell              [UNRESOLVED] \u2192 UNRESOLVED | tags=['injury', 'pre_season_buzz']
2026-07-27 07:02:21 [INFO] afl_news_scraper —     Zoe Prowse                [UNRESOLVED] \u2192 UNRESOLVED | tags=['injury']
2026-07-27 07:02:21 [INFO] afl_news_scraper —     Bonnie Toogood            [UNRESOLVED] \u2192 UNRESOLVED | tags=['injury', 'role_change']
2026-07-27 07:02:21 [INFO] afl_news_scraper —     Georgia Nanscawen         [UNRESOLVED] \u2192 UNRESOLVED | tags=['role_change', 'pre_season_buzz']
2026-07-27 07:02:21 [INFO] afl_news_scraper —     Maddy Prespakis           [UNRESOLVED] \u2192 UNRESOLVED | tags=['pre_season_buzz']
2026-07-27 07:02:21 [INFO] afl_news_scraper —     Matilda Dyke              [UNRESOLVED] \u2192 UNRESOLVED | tags=['role_change', 'pre_season_buzz']
2026-07-27 07:02:21 [INFO] afl_news_scraper —     Nalu Brothwell            [UNRESOLVED] \u2192 UNRESOLVED | tags=['role_change']
2026-07-27 07:02:21 [INFO] afl_news_scraper —     Maggie Johnstone          [UNRESOLVED] \u2192 UNRESOLVED | tags=['role_change', 'pre_season_buzz']
2026-07-27 07:02:21 [INFO] afl_news_scraper —     Ash Riddell               [UNRESOLVED] \u2192 UNRESOLVED | tags=['role_change', 'pre_season_buzz']
2026-07-27 07:02:22 [INFO] afl_news_scraper —     Mia King                  [FUZZY] \u2192 King | tags=['role_change', 'pre_season_buzz', 'form']
2026-07-27 07:02:22 [INFO] afl_news_scraper —     Eilish Sheerin            [UNRESOLVED] \u2192 UNRESOLVED | tags=['role_change', 'pre_season_buzz', 'form']
2026-07-27 07:02:22 [INFO] afl_news_scraper —     NORTH MELBOURNE           [UNRESOLVED] \u2192 UNRESOLVED | tags=['pre_season_buzz']
2026-07-27 07:02:22 [INFO] afl_news_scraper —     NOTABLE ABSENCES          [UNRESOLVED] \u2192 UNRESOLVED | tags=[]
2026-07-27 07:02:22 [INFO] afl_news_scraper —     Havana Harris             [UNRESOLVED] \u2192 UNRESOLVED | tags=['pre_season_buzz']
2026-07-27 07:02:22 [INFO] afl_news_scraper —     Lily Quigley              [UNRESOLVED] \u2192 UNRESOLVED | tags=['role_change', 'pre_season_buzz']
2026-07-27 07:02:22 [INFO] afl_news_scraper —     Dekota Baron              [UNRESOLVED] \u2192 UNRESOLVED | tags=['role_change', 'pre_season_buzz']
2026-07-27 07:02:22 [INFO] afl_news_scraper —     Daisy D'Arcy              [UNRESOLVED] \u2192 UNRESOLVED | tags=['injury', 'return', 'pre_season_buzz']
2026-07-27 07:02:22 [INFO] afl_news_scraper —     Paige Price               [UNRESOLVED] \u2192 UNRESOLVED | tags=['injury']
2026-07-27 07:02:22 [INFO] afl_news_scraper —     Darcie Davies             [UNRESOLVED] \u2192 UNRESOLVED | tags=[]
2026-07-27 07:02:22 [INFO] afl_news_scraper —     Mikayla Nurse             [UNRESOLVED] \u2192 UNRESOLVED | tags=[]
2026-07-27 07:02:22 [INFO] afl_news_scraper —     Dayna Finn                [UNRESOLVED] \u2192 UNRESOLVED | tags=[]
2026-07-27 07:02:22 [INFO] afl_news_scraper —     Georja Davies             [UNRESOLVED] \u2192 UNRESOLVED | tags=[]
2026-07-27 07:02:22 [INFO] afl_news_scraper —     Anne Hatchard             [UNRESOLVED] \u2192 UNRESOLVED | tags=['role_change']
2026-07-27 07:02:22 [INFO] afl_news_scraper —     Ava Usher                 [UNRESOLVED] \u2192 UNRESOLVED | tags=['role_change', 'pre_season_buzz', 'form']
2026-07-27 07:02:22 [INFO] afl_news_scraper —     Lauren Bella              [UNRESOLVED] \u2192 UNRESOLVED | tags=[]
2026-07-27 07:02:22 [INFO] afl_news_scraper —     Claudia Whitfort          [UNRESOLVED] \u2192 UNRESOLVED | tags=[]
2026-07-27 07:02:22 [INFO] afl_news_scraper —     Brooke Boileau            [UNRESOLVED] \u2192 UNRESOLVED | tags=['role_change']
2026-07-27 07:02:22 [INFO] afl_news_scraper —     Darcy Vescio              [UNRESOLVED] \u2192 UNRESOLVED | tags=['role_change']
2026-07-27 07:02:23 [INFO] afl_news_scraper —     Erone Fitzpatrick         [UNRESOLVED] \u2192 UNRESOLVED | tags=['role_change', 'pre_season_buzz']
2026-07-27 07:02:23 [INFO] afl_news_scraper —     Poppy Scholz              [UNRESOLVED] \u2192 UNRESOLVED | tags=['role_change', 'pre_season_buzz']
2026-07-27 07:02:23 [INFO] afl_news_scraper —     Tara Bohanna              [UNRESOLVED] \u2192 UNRESOLVED | tags=['role_change']
2026-07-27 07:02:23 [INFO] afl_news_scraper —     Harriet Cordner           [UNRESOLVED] \u2192 UNRESOLVED | tags=['role_change']
2026-07-27 07:02:23 [INFO] afl_news_scraper —     GOLD COAST                [UNRESOLVED] \u2192 UNRESOLVED | tags=[]
2026-07-27 07:02:23 [INFO] afl_news_scraper —     NOTABLE ABSENTEES         [UNRESOLVED] \u2192 UNRESOLVED | tags=[]
2026-07-27 07:02:23 [INFO] afl_news_scraper —     Caitlin Greiser           [UNRESOLVED] \u2192 UNRESOLVED | tags=['pre_season_buzz']
2026-07-27 07:02:23 [INFO] afl_news_scraper —     Olivia Wolmarans          [UNRESOLVED] \u2192 UNRESOLVED | tags=['role_change']
2026-07-27 07:02:23 [INFO] afl_news_scraper —     Gabby Seymour             [UNRESOLVED] \u2192 UNRESOLVED | tags=['role_change']
2026-07-27 07:02:23 [INFO] afl_news_scraper —     Ellie McKenzie            [UNRESOLVED] \u2192 UNRESOLVED | tags=['return', 'role_change']
2026-07-27 07:02:23 [INFO] afl_news_scraper —     Mon Conti                 [UNRESOLVED] \u2192 UNRESOLVED | tags=['role_change']
2026-07-27 07:02:23 [INFO] afl_news_scraper —     Sierra Grieves            [UNRESOLVED] \u2192 UNRESOLVED | tags=['return']
2026-07-27 07:02:23 [INFO] afl_news_scraper —     Mim Strom                 [UNRESOLVED] \u2192 UNRESOLVED | tags=['injury', 'role_change']
2026-07-27 07:02:23 [INFO] afl_news_scraper —     Eden Zanker               [UNRESOLVED] \u2192 UNRESOLVED | tags=['injury', 'role_change']
2026-07-27 07:02:23 [INFO] afl_news_scraper —     Tunisha Kikoak            [UNRESOLVED] \u2192 UNRESOLVED | tags=['injury', 'role_change', 'pre_season_buzz']
2026-07-27 07:02:23 [INFO] afl_news_scraper —     Bella Smith               [SURNAME] \u2192 Smith | tags=['role_change', 'pre_season_buzz']
2026-07-27 07:02:23 [INFO] afl_news_scraper —     Ash Brazill               [UNRESOLVED] \u2192 UNRESOLVED | tags=['role_change']
2026-07-27 07:02:23 [INFO] afl_news_scraper —     Lily Johnson              [SURNAME] \u2192 Johnson | tags=['role_change', 'pre_season_buzz']
2026-07-27 07:02:23 [INFO] afl_news_scraper —     Monique Bessen            [UNRESOLVED] \u2192 UNRESOLVED | tags=['role_change', 'pre_season_buzz']
2026-07-27 07:02:24 [INFO] afl_news_scraper —     Mia Anderson              [UNRESOLVED] \u2192 UNRESOLVED | tags=['role_change', 'pre_season_buzz']
2026-07-27 07:02:24 [INFO] afl_news_scraper —     Kayleigh Cronin           [UNRESOLVED] \u2192 UNRESOLVED | tags=['role_change']
2026-07-27 07:02:24 [INFO] afl_news_scraper —     Grace Egan                [UNRESOLVED] \u2192 UNRESOLVED | tags=['role_change']
2026-07-27 07:02:24 [INFO] afl_news_scraper —     Chloe Bown                [UNRESOLVED] \u2192 UNRESOLVED | tags=['role_change']
2026-07-27 07:02:24 [INFO] afl_news_scraper —     Ebony Marinoff            [UNRESOLVED] \u2192 UNRESOLVED | tags=['role_change']
2026-07-27 07:02:24 [INFO] afl_news_scraper —     Sarah Goodwin             [UNRESOLVED] \u2192 UNRESOLVED | tags=['role_change']
2026-07-27 07:02:24 [INFO] afl_news_scraper —     Teah Charlton             [UNRESOLVED] \u2192 UNRESOLVED | tags=['role_change']
2026-07-27 07:02:24 [INFO] afl_news_scraper —     Juliet Kelly              [UNRESOLVED] \u2192 UNRESOLVED | tags=['pre_season_buzz']
2026-07-27 07:02:24 [INFO] afl_news_scraper —     Christina Leuzzi          [UNRESOLVED] \u2192 UNRESOLVED | tags=['role_change', 'pre_season_buzz']
2026-07-27 07:02:24 [INFO] afl_news_scraper —     Jaimee Lambert            [UNRESOLVED] \u2192 UNRESOLVED | tags=['role_change']
2026-07-27 07:02:24 [INFO] afl_news_scraper —     Hannah Priest             [UNRESOLVED] \u2192 UNRESOLVED | tags=['role_change', 'form']
2026-07-27 07:02:24 [INFO] afl_news_scraper —     Tyanna Smith              [SURNAME] \u2192 Smith | tags=['role_change', 'form']
2026-07-27 07:02:24 [INFO] afl_news_scraper —     Emmelie Fiedler           [UNRESOLVED] \u2192 UNRESOLVED | tags=['injury', 'return', 'role_change', 'form']
2026-07-27 07:02:24 [INFO] afl_news_scraper —     J'Noemi Anderson          [UNRESOLVED] \u2192 UNRESOLVED | tags=['selection']
2026-07-27 07:02:24 [INFO] afl_news_scraper —     Eloise Jones              [SURNAME] \u2192 Jones | tags=[]
2026-07-27 07:02:24 [INFO] afl_news_scraper —     Alice Tentye              [UNRESOLVED] \u2192 UNRESOLVED | tags=[]
2026-07-27 07:02:24 [INFO] afl_news_scraper —     ST KILDA                  [UNRESOLVED] \u2192 UNRESOLVED | tags=['pre_season_buzz']
2026-07-27 07:02:24 [INFO] afl_news_scraper —     St Kilda                  [UNRESOLVED] \u2192 UNRESOLVED | tags=[]
2026-07-27 07:02:24 [INFO] afl_news_scraper —   Already scraped: https://www.afl.com.au/aflw/news/1566281/aflw-fantasy-cheat-…
2026-07-27 07:02:24 [INFO] afl_news_scraper —   Already scraped: https://www.afl.com.au/news/1566142/every-clubs-run-home-ran…
2026-07-27 07:02:24 [INFO] afl_news_scraper —   Already scraped: https://www.afl.com.au/news/1570531/st-kilda-saints-defend-k…
2026-07-27 07:02:24 [INFO] afl_news_scraper —   Already scraped: https://www.afl.com.au/news/1571152/afl-daily-listen-listen-…
2026-07-27 07:02:24 [INFO] afl_news_scraper —   Already scraped: https://www.afl.com.au/news/1570598/cal-culations-the-time-h…
2026-07-27 07:02:24 [INFO] afl_news_scraper —   Already scraped: https://www.afl.com.au/news/1570529/coaches-josh-carr-and-ch…
2026-07-27 07:02:24 [INFO] afl_news_scraper —   Already scraped: https://www.afl.com.au/news/1566213/nine-things-we-learned-t…
2026-07-27 07:02:24 [INFO] afl_news_scraper —   Already scraped: https://www.afl.com.au/news/1570530/st-kilda-saints-stomp-on…
2026-07-27 07:02:24 [INFO] afl_news_scraper —   Already scraped: https://www.afl.com.au/news/1570579/match-review-essendon-bo…
2026-07-27 07:02:24 [INFO] afl_news_scraper —   Already scraped: https://www.afl.com.au/news/1570528/brisbane-lions-unleash-l…
2026-07-27 07:02:24 [INFO] afl_news_scraper —   Already scraped: https://www.afl.com.au/news/1566080/follow-it-live-brisbane-…
2026-07-27 07:02:24 [INFO] afl_news_scraper —   Already scraped: https://www.afl.com.au/aflw/news/1567705/aflw-practice-match…
2026-07-27 07:02:29 [WARNING] waiver.league_api — TOKEN HEALTH: SC_SOCIAL_TOKEN expired 34 days ago (2026-06-23) — auto-refresh is broken. Update SC_SOCIAL_TOKEN in .env from browser localStorage.
2026-07-27 07:02:29 [WARNING] waiver.league_api — TOKEN HEALTH: SC_API_TOKEN is expired (401) — update SC_API_TOKEN in .env from browser DevTools \u2192 Network \u2192 any supercoach.com.au request \u2192 Authorization header.
2026-07-27 07:02:29 [INFO] waiver.league_api — Refreshing SC token via refresh_token grant...
2026-07-27 07:02:29 [INFO] waiver.league_api — SC token refreshed via refresh_token (expires in 604800s).
2026-07-27 07:02:29 [INFO] waiver.league_api — SC tokens persisted to .env (access + refresh).
2026-07-27 07:02:29 [INFO] waiver — [1/9] Fetching player ownership from SC in-season league API...
2026-07-27 07:02:29 [INFO] waiver.league_api — Fetching player status from https://www.supercoach.com.au/2026/api/afl/draft/v1/leagues/14889/playersStatus
2026-07-27 07:02:30 [INFO] waiver.league_api — Fetched status for 812 players; 625 are available (waiver).
2026-07-27 07:02:30 [INFO] waiver — [2/9] Fetching live injury and suspension data...
2026-07-27 07:02:30 [INFO] waiver.league_api — Fetching live player injury data from SC API...
2026-07-27 07:02:32 [INFO] waiver.league_api — Fetched injury data for 812 players; 148 have active injury/suspension.
2026-07-27 07:02:32 [INFO] waiver — Injury cache updated: 148 active injuries.
2026-07-27 07:02:32 [INFO] waiver — [3/9] Loading SC player list...
2026-07-27 07:02:32 [INFO] waiver.data_loader — Loaded 781 players from player list.
2026-07-27 07:02:32 [INFO] waiver — Using round: 19
2026-07-27 07:02:32 [INFO] waiver — [4b] Scraping/processing fanfooty data for 2026 R1–R20 (probing +1)...
2026-07-27 07:02:32 [INFO] waiver — Scraping FanFooty raw data for 2026 R20...
2026-07-27 07:02:32 [INFO] root — Fetching fixture data from: https://www.fanfooty.com.au/game/archive.php?year=2026
2026-07-27 07:02:32 [INFO] root — Found 9 unique matches for Round 20: ['9863', '9864', '9865', '9866', '9867', '9868', '9869', '9870', '9871']
2026-07-27 07:02:32 [INFO] root — Successfully saved: 9863.txt
2026-07-27 07:02:33 [INFO] root — Successfully saved: 9864.txt
2026-07-27 07:02:33 [INFO] root — Successfully saved: 9865.txt
2026-07-27 07:02:33 [INFO] root — Successfully saved: 9866.txt
2026-07-27 07:02:33 [INFO] root — Successfully saved: 9867.txt
2026-07-27 07:02:33 [INFO] root — Successfully saved: 9868.txt
2026-07-27 07:02:33 [INFO] root — Successfully saved: 9869.txt
2026-07-27 07:02:33 [INFO] root — Successfully saved: 9870.txt
2026-07-27 07:02:33 [INFO] root — Successfully saved: 9871.txt
2026-07-27 07:02:33 [INFO] waiver — Processing FanFooty data for 2026 R20...
2026-07-27 07:02:34 [INFO] waiver — Saved G:\My Drive\projects\sc-player-data\data\processed\2026_round_20_fanfooty_data.csv
2026-07-27 07:02:34 [INFO] waiver — Round confirmed after scrape: 20
2026-07-27 07:02:53 [INFO] waiver — master_fanfooty_data.csv: appended 736 new rows for 2026 R1–R20
2026-07-27 07:02:53 [INFO] waiver — [4d-pre] Downloading SC player-round data for 2026 R1–R20...
2026-07-27 07:02:55 [INFO] download_2026_statspacks —   Round 1: 812 players saved \u2192 players_round_1.json
2026-07-27 07:02:57 [INFO] download_2026_statspacks —   Round 2: 812 players saved \u2192 players_round_2.json
2026-07-27 07:02:59 [INFO] download_2026_statspacks —   Round 3: 812 players saved \u2192 players_round_3.json
2026-07-27 07:03:01 [INFO] download_2026_statspacks —   Round 4: 812 players saved \u2192 players_round_4.json
2026-07-27 07:03:03 [INFO] download_2026_statspacks —   Round 5: 812 players saved \u2192 players_round_5.json
2026-07-27 07:03:05 [INFO] download_2026_statspacks —   Round 6: 812 players saved \u2192 players_round_6.json
2026-07-27 07:03:07 [INFO] download_2026_statspacks —   Round 7: 812 players saved \u2192 players_round_7.json
2026-07-27 07:03:09 [INFO] download_2026_statspacks —   Round 8: 812 players saved \u2192 players_round_8.json
2026-07-27 07:03:11 [INFO] download_2026_statspacks —   Round 9: 812 players saved \u2192 players_round_9.json
2026-07-27 07:03:13 [INFO] download_2026_statspacks —   Round 10: 812 players saved \u2192 players_round_10.json
2026-07-27 07:03:16 [INFO] download_2026_statspacks —   Round 11: 812 players saved \u2192 players_round_11.json
2026-07-27 07:03:18 [INFO] download_2026_statspacks —   Round 12: 812 players saved \u2192 players_round_12.json
2026-07-27 07:03:19 [INFO] download_2026_statspacks —   Round 13: 812 players saved \u2192 players_round_13.json
2026-07-27 07:03:21 [INFO] download_2026_statspacks —   Round 14: 812 players saved \u2192 players_round_14.json
2026-07-27 07:03:23 [INFO] download_2026_statspacks —   Round 15: 812 players saved \u2192 players_round_15.json
2026-07-27 07:03:26 [INFO] download_2026_statspacks —   Round 16: 812 players saved \u2192 players_round_16.json
2026-07-27 07:03:28 [INFO] download_2026_statspacks —   Round 17: 812 players saved \u2192 players_round_17.json
2026-07-27 07:03:31 [INFO] download_2026_statspacks —   Round 18: 812 players saved \u2192 players_round_18.json
2026-07-27 07:03:32 [INFO] download_2026_statspacks —   Round 19: 812 players saved \u2192 players_round_19.json
2026-07-27 07:03:34 [INFO] download_2026_statspacks —   Round 20: 812 players saved \u2192 players_round_20.json
2026-07-27 07:03:35 [INFO] download_2026_statspacks — Player rounds download complete: 20 downloaded, 0 skipped, 0 errors
2026-07-27 07:03:40 [INFO] waiver.fixture_schedule — AFL fixture loaded: 207 games across rounds 0–24.
2026-07-27 07:03:40 [INFO] waiver — [4e] Refreshing website outputs (ladder, fixtures, player match results)...
2026-07-27 07:03:43 [INFO] website.data.api_ingest — Detected current round: 20
2026-07-27 07:04:07 [INFO] website.data.api_ingest — Processing 2026 data for rounds 1..20
2026-07-27 07:04:07 [INFO] website.data.api_ingest — ladder.csv: 160 rows
2026-07-27 07:04:07 [INFO] website.data.api_ingest — fixture_results_by_team.csv: 160 rows
2026-07-27 07:04:07 [INFO] website.data.api_ingest — player_match_results.csv: 3680 rows
2026-07-27 07:04:07 [INFO] website.data.api_ingest — player_stats_current.csv: 3680 rows
2026-07-27 07:04:07 [INFO] waiver.league_api — Fetching player status from https://www.supercoach.com.au/2026/api/afl/draft/v1/leagues/14889/playersStatus
2026-07-27 07:04:08 [INFO] waiver.league_api — Fetched status for 812 players; 625 are available (waiver).
2026-07-27 07:04:08 [INFO] website.data.api_ingest — current_teams.csv: 184 players
2026-07-27 07:04:09 [INFO] website.data.api_ingest — Saved league_fixtures.json (21 rounds)
2026-07-27 07:04:09 [INFO] website.data.api_ingest — fixture_schedule_2026.csv: 84 matchups
2026-07-27 07:04:11 [INFO] website.data.api_ingest — processedWaivers: 255 rows
2026-07-27 07:04:12 [INFO] website.data.api_ingest — Free Agent pickups (/trades): 275 rows
2026-07-27 07:04:12 [INFO] website.data.api_ingest — Team trades (/teamtrades): 18 rows from 7 approved trades
2026-07-27 07:04:12 [INFO] website.data.api_ingest — transactions.csv: 548 rows \u2192 G:\My Drive\projects\sc-player-data\data\live\transactions.csv
2026-07-27 07:04:14 [INFO] website.data.api_ingest — Saved processedWaivers \u2192 G:\My Drive\projects\sc-player-data\data\raw\supercoach\2026\leagues_14889_processedWaivers.json
2026-07-27 07:04:14 [INFO] website.data.api_ingest — Saved teamtrades \u2192 G:\My Drive\projects\sc-player-data\data\raw\supercoach\2026\leagues_14889_teamtrades.json
2026-07-27 07:04:15 [INFO] website.data.api_ingest — Saved trades \u2192 G:\My Drive\projects\sc-player-data\data\raw\supercoach\2026\leagues_14889_trades.json
2026-07-27 07:04:15 [INFO] website.data.api_ingest — Saved playersStatus \u2192 G:\My Drive\projects\sc-player-data\data\raw\supercoach\2026\leagues_4199_playersStatus.json
2026-07-27 07:04:16 [INFO] website.data.api_ingest — Saved recap \u2192 G:\My Drive\projects\sc-player-data\data\raw\supercoach\2026\leagues_14889_recap.json
2026-07-27 07:04:16 [INFO] website.data.api_ingest — Saved me \u2192 me.json
2026-07-27 07:04:16 [INFO] website.data.api_ingest — Saved real_fixture \u2192 real_fixture.json
2026-07-27 07:04:17 [INFO] website.data.api_ingest — Saved players \u2192 players_cf_embed=notes,odds,player_stats,positions,player_match_stats&round=1.json
2026-07-27 07:04:17 [INFO] website.data.api_ingest — Saved players \u2192 players_cf_embed=notes,odds,player_stats,positions,player_match_stats&round=2.json
2026-07-27 07:04:18 [INFO] website.data.api_ingest — Saved players \u2192 players_cf_embed=notes,odds,player_stats,positions,player_match_stats&round=3.json
2026-07-27 07:04:18 [INFO] website.data.api_ingest — Saved players \u2192 players_cf_embed=notes,odds,player_stats,positions,player_match_stats&round=4.json
2026-07-27 07:04:19 [INFO] website.data.api_ingest — Saved players \u2192 players_cf_embed=notes,odds,player_stats,positions,player_match_stats&round=5.json
2026-07-27 07:04:20 [INFO] website.data.api_ingest — Saved players \u2192 players_cf_embed=notes,odds,player_stats,positions,player_match_stats&round=6.json
2026-07-27 07:04:20 [INFO] website.data.api_ingest — Saved players \u2192 players_cf_embed=notes,odds,player_stats,positions,player_match_stats&round=7.json
2026-07-27 07:04:21 [INFO] website.data.api_ingest — Saved players \u2192 players_cf_embed=notes,odds,player_stats,positions,player_match_stats&round=8.json
2026-07-27 07:04:22 [INFO] website.data.api_ingest — Saved players \u2192 players_cf_embed=notes,odds,player_stats,positions,player_match_stats&round=9.json
2026-07-27 07:04:22 [INFO] website.data.api_ingest — Saved players \u2192 players_cf_embed=notes,odds,player_stats,positions,player_match_stats&round=10.json
2026-07-27 07:04:23 [INFO] website.data.api_ingest — Saved players \u2192 players_cf_embed=notes,odds,player_stats,positions,player_match_stats&round=11.json
2026-07-27 07:04:24 [INFO] website.data.api_ingest — Saved players \u2192 players_cf_embed=notes,odds,player_stats,positions,player_match_stats&round=12.json
2026-07-27 07:04:25 [INFO] website.data.api_ingest — Saved players \u2192 players_cf_embed=notes,odds,player_stats,positions,player_match_stats&round=13.json
2026-07-27 07:04:25 [INFO] website.data.api_ingest — Saved players \u2192 players_cf_embed=notes,odds,player_stats,positions,player_match_stats&round=14.json
2026-07-27 07:04:26 [INFO] website.data.api_ingest — Saved players \u2192 players_cf_embed=notes,odds,player_stats,positions,player_match_stats&round=15.json
2026-07-27 07:04:26 [INFO] website.data.api_ingest — Saved players \u2192 players_cf_embed=notes,odds,player_stats,positions,player_match_stats&round=16.json
2026-07-27 07:04:27 [INFO] website.data.api_ingest — Saved players \u2192 players_cf_embed=notes,odds,player_stats,positions,player_match_stats&round=17.json
2026-07-27 07:04:28 [INFO] website.data.api_ingest — Saved players \u2192 players_cf_embed=notes,odds,player_stats,positions,player_match_stats&round=18.json
2026-07-27 07:04:29 [INFO] website.data.api_ingest — Saved players \u2192 players_cf_embed=notes,odds,player_stats,positions,player_match_stats&round=19.json
2026-07-27 07:04:30 [INFO] website.data.api_ingest — Saved players \u2192 players_cf_embed=notes,odds,player_stats,positions,player_match_stats&round=20.json
2026-07-27 07:04:30 [INFO] website.data.api_ingest — Refresh complete: 160 ladder, 160 fixture, 3680 player-match rows (rounds 1–20).
2026-07-27 07:04:34 [INFO] waiver — [4f] Updating master_player_data.csv with 2026 current-season data...
2026-07-27 07:04:34 [INFO] root — Step 3: Preparing fanfooty enrichment data...
2026-07-27 07:04:35 [INFO] root —   Loaded 140331 fanfooty records
2026-07-27 07:04:35 [INFO] root —   Prepared 136620 unique fanfooty enrichment records
2026-07-27 07:04:35 [INFO] root — update_current_season: fanfooty enrichment matched 3142/3680 rows
2026-07-27 07:04:35 [INFO] root — Loading DFS Australia data...
2026-07-27 07:04:35 [INFO] root —   Loaded 2274 DFS rows across 1 seasons
2026-07-27 07:04:35 [INFO] root — Merging DFS Australia data...
2026-07-27 07:04:35 [INFO] root —   DFS merge: 798/3680 rows matched on CBA%
2026-07-27 07:04:39 [INFO] root — update_current_season: added 3680 rows for 2026 \u2192 data\processed\master_player_data.csv
2026-07-27 07:04:39 [INFO] waiver — [4f] master_player_data.csv: 3680 rows added for 2026.
2026-07-27 07:04:39 [INFO] waiver — [4g] Generating Round 21 predictions...
2026-07-27 07:05:58 [INFO] waiver — [4g] Round 21 predictions generated.
2026-07-27 07:05:58 [INFO] waiver — [4/9] Loading current-season scores...
2026-07-27 07:05:59 [INFO] waiver.data_loader — Loaded 2026 season scores from SC API (20 rounds) + fanfooty supplement: 653 players.
2026-07-27 07:05:59 [INFO] waiver — [4b-validate] Validating round 20 data coverage...
2026-07-27 07:05:59 [INFO] root — Fetching fixture data from: https://www.fanfooty.com.au/game/archive.php?year=2026
2026-07-27 07:06:00 [INFO] root — Found 9 unique matches for Round 20: ['9863', '9864', '9865', '9866', '9867', '9868', '9869', '9870', '9871']
2026-07-27 07:06:00 [INFO] waiver — [4c] Fetching lineup for round 21...
2026-07-27 07:06:00 [INFO] waiver.league_api — Fetching lineup from https://www.supercoach.com.au/2026/api/afl/draft/v1/userteams/136934/statsPlayers?round=21
2026-07-27 07:06:00 [INFO] waiver.league_api — Lineup fetched: 19 on field, 4 bench (23 total).
2026-07-27 07:06:00 [INFO] waiver — [4d] Refreshing coach list from SC API ladder...
2026-07-27 07:06:00 [INFO] waiver.league_api — Fetching league teams from https://www.supercoach.com.au/2026/api/afl/draft/v1/leagues/14889/ladderAndFixtures?round=20&scores=true
2026-07-27 07:06:01 [INFO] waiver.league_api — Fetched 8 teams from ladder league 14889 (round 20).
2026-07-27 07:06:01 [INFO] waiver — coach_list.csv refreshed with 8 teams \u2192 G:\My Drive\projects\sc-player-data\data\live\coach_list.csv
2026-07-27 07:06:01 [INFO] waiver — [5/9] Building player table...
2026-07-27 07:06:01 [INFO] waiver.data_loader — Player table built: 781 total, 597 free agents, 23 on my roster, 0 on my roster with injury/suspension.
2026-07-27 07:06:01 [INFO] waiver — [6/9] Loading historical fanfooty data and computing metrics...
2026-07-27 07:06:13 [INFO] waiver.data_loader — Loaded 137749 historical game records across 16 seasons.
2026-07-27 07:06:18 [INFO] waiver.metrics — Metrics computed for 781 players. Replacement levels: {'DEF': '91.9', 'MID': '99.9', 'RUC': '80.0', 'FWD': '97.2', 'FLEX': '99.9'}
2026-07-27 07:06:18 [INFO] waiver — [7/9] Loading model predictions...
2026-07-27 07:06:18 [INFO] waiver.data_loader — Loaded Round 21 predictions: 620 players, avg projected score = 66.6.
2026-07-27 07:06:18 [INFO] waiver — Predictions for Round 21 merged: 616 players have projected scores.
2026-07-27 07:06:18 [INFO] waiver — [7b] Applying historical sanity checks to model predictions...
2026-07-27 07:06:18 [INFO] waiver — P(100+) corrected for 25 players based on historical ceiling.
2026-07-27 07:06:18 [INFO] waiver — P(80+) sanity cap applied to players with 2026 actual data.
2026-07-27 07:06:18 [INFO] waiver — Metrics ready: 781 players total, 597 free agents, 23 on my roster, 0 injured on-field.
2026-07-27 07:06:23 [INFO] waiver.dvp — DVP table built: 72 team-position entries from last 6 rounds
2026-07-27 07:06:23 [INFO] root — Fetching fixture for 2026 Round 21 from JSON feed...
2026-07-27 07:06:23 [INFO] root — Successfully built fixture map for 18 teams.
2026-07-27 07:06:23 [INFO] waiver — [7b-pre] DVP table ready (72 entries), 781 player ranks computed.
2026-07-27 07:06:23 [INFO] waiver — [7c] Scoring mid-year jumper and streamer candidates...
2026-07-27 07:06:23 [INFO] waiver.jumper_scorer — Loaded 7636 2026 fanfooty rows across 20 rounds.
2026-07-27 07:06:23 [INFO] waiver.jumper_scorer — Loaded 2026 CBA data: 1511 rows, max round 7.
2026-07-27 07:06:23 [INFO] waiver.jumper_scorer — Scoring 346 FA candidates (avg < 85, games >= 5) for R20 jumper/streamer signals.
2026-07-27 07:06:24 [INFO] waiver.jumper_scorer — Jumper candidates: 32 (score >= 0.55, career/avg3 ceiling) | Streamer candidates: 3 (signals >= 2, avg3 >= 80)
2026-07-27 07:06:24 [INFO] waiver — Jumper/streamer scoring done: 5 mover candidates, 3 streamer candidates.
2026-07-27 07:06:24 [INFO] waiver — [8b] Refreshing AFL fixture schedule...
2026-07-27 07:06:24 [INFO] waiver.fixture_schedule — AFL fixture loaded: 207 games across rounds 0–24.
2026-07-27 07:06:24 [INFO] waiver.fixture_schedule — waiver_schedule.bat updated — 4 future rounds scheduled. Run as Administrator: G:\My Drive\projects\sc-player-data\waiver_schedule.bat
2026-07-27 07:06:24 [INFO] waiver — waiver_schedule.bat updated — newsletter will prompt re-registration.
2026-07-27 07:06:24 [INFO] waiver — [8c] Computing DVP matchup intel (reusing pre-built table)...
2026-07-27 07:06:24 [INFO] root — Fetching fixture for 2026 Round 21 from JSON feed...
2026-07-27 07:06:25 [INFO] root — Successfully built fixture map for 18 teams.
2026-07-27 07:06:25 [INFO] root — Fetching fixture for 2026 Round 22 from JSON feed...
2026-07-27 07:06:25 [INFO] root — Successfully built fixture map for 18 teams.
2026-07-27 07:06:25 [INFO] root — Fetching fixture for 2026 Round 23 from JSON feed...
2026-07-27 07:06:26 [INFO] root — Successfully built fixture map for 18 teams.
2026-07-27 07:06:26 [INFO] waiver — DVP done: 12 matchup targets, 5 schedule streamers.
2026-07-27 07:06:26 [INFO] waiver — [8b] Fetching AFL official injury list...
2026-07-27 07:06:26 [INFO] ingest_afl_injuries — Fetching AFL injury list...
2026-07-27 07:06:26 [INFO] ingest_afl_injuries — Found 143 injured players across 18 teams
2026-07-27 07:06:26 [INFO] ingest_afl_injuries — Saved 143 entries to data\live\afl_injury_list.csv

======================================================================
SCRAPE COMPLETE
======================================================================
  Articles stored:   12
  Player mentions:   127

Name                      FeedID     Tier   Tags                           Headline
----------------------------------------------------------------------------------------------------
  AFLW FANTASY            NULL       UNRES  pre_season_buzz, selection     AFLW Fantasy cheat sheet: Full scores from pr
  Pick your team now      NULL       UNRES  pre_season_buzz, selection     AFLW Fantasy cheat sheet: Full scores from pr
  WEST COAST              NULL       UNRES                                 AFLW Fantasy cheat sheet: Full scores from pr
  NORTH MELBOURNE         NULL       UNRES  pre_season_buzz                AFLW Fantasy cheat sheet: Full scores from pr
  PORT ADELAIDE           NULL       UNRES  pre_season_buzz                AFLW Fantasy cheat sheet: Full scores from pr
  GOLD COAST              NULL       UNRES  pre_season_buzz                AFLW Fantasy cheat sheet: Full scores from pr
  ST KILDA                NULL       UNRES                                 AFLW Fantasy cheat sheet: Full scores from pr
  GREATER WESTERN SYDNEY  NULL       UNRES  pre_season_buzz                AFLW Fantasy cheat sheet: Full scores from pr
  WESTERN BULLDOGS        NULL       UNRES                                 AFLW Fantasy cheat sheet: Full scores from pr
  Nasiah Wanganeen-Milera's match-winning masterclass NULL       UNRES                                 Saints stomp on Roos' wildcard hopes behind N
  North Melbourne's inaccurate goalkicking NULL       UNRES                                 Saints stomp on Roos' wildcard hopes behind N
  NORTH MELBOURNE         NULL       UNRES                                 Saints stomp on Roos' wildcard hopes behind N
  ST KILDA                NULL       UNRES                                 Saints stomp on Roos' wildcard hopes behind N
  Gallop MRO moment       NULL       UNRES                                 Lions unleash late avalanche to bury Power an
  McCluggage bounces back NULL       UNRES                                 Lions unleash late avalanche to bury Power an
  PORT ADELAIDE           NULL       UNRES                                 Lions unleash late avalanche to bury Power an
  Ruby Schleicher         NULL       UNRES  selection                      Practice match recaps: Speedy Tigers make sta
  Ash Centra              NULL       UNRES  role_change, selection         Practice match recaps: Speedy Tigers make sta
  Brianna Davey           NULL       UNRES  return, role_change, pre_sea   Practice match recaps: Speedy Tigers make sta
  Mattea Breed            NULL       UNRES                                 Practice match recaps: Speedy Tigers make sta

Database: G:\My Drive\projects\sc-player-data\data\afl_news.db

======================================================================
AFL INJURY LIST — 143 players
======================================================================

!!! NO_MATCH (2) — requires review !!!
  AFL: 'Flynn Perez' (Hawthorn)
       injury=Abdominal, return=Test
  AFL: 'Tom Burton' (Richmond)
       injury=Groin, return=2 weeks

--- Matched players by confidence ---
match_confidence
exact         130
fuzzy           6
fuzzy+team      3
no_match        2
exact+team      2

--- All matched players ---
            afl_name          afl_team           injury est_return                 name team_abbrev match_confidence ambiguous_matches
           Hugh Bond    Adelaide Crows        Hamstring  3-4 weeks            Hugh Bond         ADE            exact                  
       Darcy Fogarty    Adelaide Crows       Suspension   Round 23        Darcy Fogarty         ADE            exact                  
         Mitch Hinge    Adelaide Crows        Hamstring  1-2 weeks       Mitchell Hinge         ADE            fuzzy                  
          Rory Laird    Adelaide Crows            Ankle    3 weeks           Rory Laird         ADE            exact                  
         Luke Pedlar    Adelaide Crows        Hamstring        TBC          Luke Pedlar         ADE            exact                  
      Darcy Gardiner          Brisbane        Hamstring  2-3 weeks       Darcy Gardiner         BRL            exact                  
          Jack Payne          Brisbane             Knee     Season           Jack Payne         BRL            exact                  
         Henry Smith          Brisbane             Foot     Season          Henry Smith         BRL            exact                  
        Matt Carroll           Carlton             Knee     Season      Matthew Carroll         CAR       fuzzy+team                  
         Harry McKay           Carlton             Knee       Test          Harry McKay         CAR            exact                  
         Rob Monahan           Carlton         Shoulder     Season          Rob Monahan         CAR            exact                  
        Jesse Motlop           Carlton             Knee     Season         Jesse Motlop         CAR            exact                  
     Harry O'Farrell           Carlton             Knee     Season      Harry O'Farrell         CAR            exact                  
       Marc Pittonet           Carlton        Hamstring       Test        Marc Pittonet         CAR            exact                  
     Jacob Weitering           Carlton             Calf  3-4 weeks      Jacob Weitering         CAR            exact                  
         Josh Daicos       Collingwood            Ankle       Test          Josh Daicos         COL            exact                  
       Jamie Elliott       Collingwood             Knee     Season        Jamie Elliott         COL            exact                  
        Reef McInnes       Collingwood             Knee     Season         Reef McInnes         COL            exact                  
         Darcy Moore       Collingwood        Hamstring     Season          Darcy Moore         COL            exact                  
      Lachie Schultz       Collingwood            Ankle  1-3 weeks       Lachie Schultz         COL            exact                  
        Oscar Steene       Collingwood             Knee     Season         Oscar Steene         COL            exact                  
      Xavier Duursma          Essendon        Hamstring     Season       Xavier Duursma         ESS            exact                  
         Tom Edwards          Essendon        Hamstring     1 week       Thomas Edwards         ESS       fuzzy+team                  
     Brayden Fiorini          Essendon             Back     Season      Brayden Fiorini         ESS            exact                  
       Kayle Gerreyn          Essendon             Knee    2 weeks        Kayle Gerreyn         ESS            exact                  
         Lewis Hayes          Essendon             Knee     Season          Lewis Hayes         ESS            exact                  
       Kyle Langford          Essendon       Suspension   Round 21        Kyle Langford         ESS            exact                  
          Nic Martin          Essendon             Knee     Season           Nic Martin         ESS            exact                  
          Archie May          Essendon         Shoulder     Season           Archer May         ESS       fuzzy+team                  
    Charlie Nicholls         Fremantle           Finger  2-3 weeks     Charlie Nicholls         FRE            exact                  
      Jaeger O'Meara         Fremantle            Ankle        TBC       Jaeger O'Meara         FRE            exact                  
           Sam Sturt         Fremantle             Quad     1 week            Sam Sturt         FRE            exact                  
       Harley Barker           Geelong             Knee        TBC        Harley Barker         GEE            exact                  
        Tanner Bruhn           Geelong             Neck       Test         Tanner Bruhn         GEE            exact                  
      Jeremy Cameron           Geelong         Shoulder  3-5 weeks       Jeremy Cameron         GEE            exact                  
         Toby Conway           Geelong        Foot/Knee        TBC          Toby Conway         GEE            exact                  
          Max Holmes           Geelong            Ankle 8-10 weeks           Max Holmes         GEE            exact                  
       Shaun Mannagh           Geelong        Hamstring       Test        Shaun Mannagh         GEE            exact                  
        Rhys Stanley           Geelong        Hamstring       Test         Rhys Stanley         GEE            exact                  
        Koby Coulson   Gold Coast SUNS        Hamstring       Test         Koby Coulson         GCS            exact                  
         Will Graham   Gold Coast SUNS         Shoulder     Season          Will Graham         GCS            exact                  
       Lachie Gulbin   Gold Coast SUNS             Hand       Test       Lachlan Gulbin         GCS            fuzzy                  
  Elliott Himmelberg   Gold Coast SUNS             Knee     Season   Elliott Himmelberg         GCS            exact                  
         Jake Rogers   Gold Coast SUNS            Ankle       Test          Jake Rogers         GCS            exact                  
       Lachie Weller   Gold Coast SUNS        Hamstring  1-3 weeks        Lachie Weller         GCS            exact                  
          Leek Aleer        GWS GIANTS            Groin        TBC           Leek Aleer         GWS            exact                  
       Kieren Briggs        GWS GIANTS              Leg     1 week        Kieren Briggs         GWS            exact                  
        Jack Buckley        GWS GIANTS             Calf        TBC         Jack Buckley         GWS            exact                  
       Brent Daniels        GWS GIANTS             Calf        TBC        Brent Daniels         GWS            exact                  
     Phoenix Gothard        GWS GIANTS         Shoulder     Season      Phoenix Gothard         GWS            exact                  
           Tom Green        GWS GIANTS             Knee     Season            Tom Green         GWS            exact                  
         Toby Greene        GWS GIANTS             Quad  3-4 weeks          Toby Greene         GWS            exact                  
     Ollie Hannaford        GWS GIANTS             Foot       Test     Oliver Hannaford         GWS            fuzzy                  
         Jesse Hogan        GWS GIANTS           Finger        TBC          Jesse Hogan         GWS            exact                  
         Darcy Jones        GWS GIANTS             Knee    2 weeks          Darcy Jones         GWS            exact                  
          Josh Kelly        GWS GIANTS              Hip     Season           Josh Kelly         GWS            exact                  
       Jake Riccardi        GWS GIANTS            Ankle  1-2 weeks        Jake Riccardi         GWS            exact                  
      Nathan Wardius        GWS GIANTS             Knee     Season       Nathan Wardius         GWS            exact                  
           Karl Amon          Hawthorn             Knee  2-3 weeks            Karl Amon         HAW            exact                  
         Jack Dalton          Hawthorn             Knee  4-5 weeks          Jack Dalton         HAW            exact                  
     Henry Hustwaite          Hawthorn             Face    3 weeks      Henry Hustwaite         HAW            exact                  
          Conor Nash          Hawthorn             Neck        TBC           Conor Nash         HAW            exact                  
         Flynn Perez          Hawthorn        Abdominal       Test                 None         HAW         no_match                  
          Ned Reeves          Hawthorn             Knee  1-2 weeks           Ned Reeves         HAW            exact                  
      Jack Scrimshaw          Hawthorn             Knee  3-4 weeks       Jack Scrimshaw         HAW            exact                  
          Jai Culley         Melbourne             Knee     Season           Jai Culley         MEL            exact                  
    Changkuoth Jiath         Melbourne              Leg       Test     Changkuoth Jiath         MEL            exact                  
      Jack Henderson         Melbourne             Knee       Test       Jack Henderson         MEL            exact                  
      Xavier Lindsay         Melbourne        Hip/groin     1 week       Xavier Lindsay         MEL            exact                  
       Brody Mihocek         Melbourne             Neck     Season        Brody Mihocek         MEL            exact                  
Andy Moniz-Wakefield         Melbourne             Knee     Season Andy Moniz-Wakefield         MEL            exact                  
       Daniel Turner         Melbourne             Ribs  2-4 weeks        Daniel Turner         MEL            exact                  
          Jack Viney         Melbourne    Achilles/back        TBC           Jack Viney         MEL            exact                  
      Jackson Archer   North Melbourne             Knee     Season       Jackson Archer         NTH            exact                  
           Zac Banch   North Melbourne        Hamstring       Test            Zac Banch         NTH            exact                  
Callum Coleman-Jones   North Melbourne            Ankle       Test Callum Coleman-Jones         NTH            exact                  
        Zane Duursma   North Melbourne         Shoulder        TBC         Zane Duursma         NTH            exact                  
       Luke McDonald   North Melbourne             Calf       Test        Luke McDonald         NTH            exact                  
           Toby Pink   North Melbourne         Shoulder     Season            Toby Pink         NTH            exact                  
          Tom Powell   North Melbourne            Groin       Test           Tom Powell         NTH            exact                  
     Blake Thredgold   North Melbourne             Foot     Season      Blake Thredgold         NTH            exact                  
      George Wardlaw   North Melbourne        Hamstring  1-2 weeks       George Wardlaw         NTH            exact                  
         Zak Butters     Port Adelaide            Ankle  4-5 weeks          Zak Butters         PTA            exact                  
        Kane Farrell     Port Adelaide            Groin        TBC         Kane Farrell         PTA            exact                  
    Mitch Georgiades     Port Adelaide       Concussion       Test     Mitch Georgiades         PTA            exact                  
          Mani Liddy     Port Adelaide              Hip     Season           Mani Liddy         PTA            exact                  
          Ollie Lord     Port Adelaide             Knee     Season           Ollie Lord         PTA            exact                  
       Jack Lukosius     Port Adelaide     Baker's cyst  1-2 weeks        Jack Lukosius         PTA            exact                  
      Ewan Mackinlay     Port Adelaide             Knee     Season       Ewan Mackinlay         PTA            exact                  
   Sam Powell-Pepper     Port Adelaide   Training block     Season    Sam Powell-Pepper         PTA            exact                  
     Esava Ratugolea     Port Adelaide             Knee     Season      Esava Ratugolea         PTA            exact                  
        Joe Richards     Port Adelaide           Finger  3-4 weeks         Joe Richards         PTA            exact                  
        Connor Rozee     Port Adelaide        Hamstring     Season         Connor Rozee         PTA            exact                  
           Josh Sinn     Port Adelaide         Shoulder     Season            Josh Sinn         PTA            exact                  
        Jasper Alger          Richmond            Ankle    2 weeks         Jasper Alger         RIC            exact                  
     Harry Armstrong          Richmond    Foot soreness     1 week      Harry Armstrong         RIC            exact                  
          Noah Balta          Richmond              Toe        TBC           Noah Balta         RIC            exact                  
          Tom Burton          Richmond            Groin    2 weeks                 None         RIC         no_match                  
         Jonty Faull          Richmond             Back     Season          Jonty Faull         RIC            exact                  
         Josh Gibcus          Richmond       ACL strain     Season          Josh Gibcus         RIC            exact                  
       Campbell Gray          Richmond        Hamstring    2 weeks        Campbell Gray         RIC            exact                  
        Steely Green          Richmond       Concussion        TBC         Steely Green         RIC            exact                  
        Jacob Hopper          Richmond            Ankle     Season         Jacob Hopper         RIC            exact                  
          Ben Miller          Richmond             Heel     1 week           Ben Miller         RIC            exact                  
            Tom Sims          Richmond              Toe        TBC          Thomas Sims         RIC            fuzzy                  
        Josh Smillie          Richmond             Quad     Season         Josh Smillie         RIC            exact                  
         Kaleb Smith          Richmond             Quad     Season          Kaleb Smith         RIC            exact                  
        James Barrat          St Kilda             Foot   6+ weeks         James Barrat         STK            exact                  
       Tom De Koning          St Kilda             Ribs       Test        Tom De Koning         STK            exact                  
        Sam Flanders          St Kilda         Achilles     Season         Sam Flanders         STK            exact                  
            Max King          St Kilda     Conditioning       Test             Max King         STK       exact+team                  
       Jack Sinclair          St Kilda             Calf     Season        Jack Sinclair         STK            exact                  
          Alix Tauru          St Kilda       Suspension   Round 21     Alixzander Tauru         STK            fuzzy                  
        Joel Amartey      Sydney Swans         Achilles    7 weeks         Joel Amartey         SYD            exact                  
    Noah Chamberlain      Sydney Swans        Hamstring  6-7 weeks     Noah Chamberlain         SYD            exact                  
    Harry Cunningham      Sydney Swans       Concussion        TBC     Harry Cunningham         SYD            exact                  
      Liam Hetherton      Sydney Swans             Back     Season       Liam Hetherton         SYD            exact                  
            Max King      Sydney Swans             Back     Season             Max King         SYD       exact+team                  
       Peter Ladhams      Sydney Swans            Groin        TBC        Peter Ladhams         SYD            exact                  
    Justin McInerney      Sydney Swans        Hamstring  3-4 weeks     Justin McInerney         SYD            exact                  
       Lewis Melican      Sydney Swans         Adductor       Test        Lewis Melican         SYD            exact                  
           Sam Wicks      Sydney Swans        Hamstring  1-2 weeks            Sam Wicks         SYD            exact                  
           Sam Allen West Coast Eagles   Knee/hamstring    5 weeks            Sam Allen         WCE            exact                  
          Liam Baker West Coast Eagles       Suspension   Round 21           Liam Baker         WCE            exact                  
       Harry Barnett West Coast Eagles  Abdominal/groin       Test        Harry Barnett         WCE            exact                  
      Tyler Brockman West Coast Eagles        Hamstring     Season       Tyler Brockman         WCE            exact                  
    Malakai Champion West Coast Eagles             Hand       Test     Malakai Champion         WCE            exact                  
  Cooper Duff-Tytler West Coast Eagles             Calf       Test   Cooper Duff-Tytler         WCE            exact                  
       Harry Edwards West Coast Eagles       Concussion     Season        Harry Edwards         WCE            exact                  
       Reuben Ginbey West Coast Eagles             Quad  4-5 weeks        Reuben Ginbey         WCE            exact                  
     Jack Hutchinson West Coast Eagles        Hamstring  2-3 weeks      Jack Hutchinson         WCE            exact                  
        Josh Lindsay West Coast Eagles             Quad       Test         Josh Lindsay         WCE            exact                  
           Noah Long West Coast Eagles             Knee     Season            Noah Long         WCE            exact                  
        Jacob Newton West Coast Eagles             Foot     Season         Jacob Newton         WCE            exact                  
         Archer Reid West Coast Eagles             Knee     Season          Archer Reid         WCE            exact                  
     Deven Robertson West Coast Eagles             Knee     Season      Deven Robertson         WCE            exact                  
     Connor Budarick  Western Bulldogs            Ankle  4-6 weeks      Connor Budarick         WBD            exact                  
         Bailey Dale  Western Bulldogs         Shoulder  4-6 weeks          Bailey Dale         WBD            exact                  
           Sam Darcy  Western Bulldogs             Knee     Season            Sam Darcy         WBD            exact                  
        Riley Garcia  Western Bulldogs        Hamstring Indefinite         Riley Garcia         WBD            exact                  
      Tom Liberatore  Western Bulldogs General soreness       Test       Tom Liberatore         WBD            exact                  
        Adam Treloar  Western Bulldogs             Calf  4-6 weeks         Adam Treloar         WBD            exact                  
    Laith Vandermeer  Western Bulldogs        Hamstring       Test   Laitham Vandermeer         WBD            fuzzy                  2026-07-27 07:06:26 [INFO] waiver — AFL injury list loaded: 143 players
2026-07-27 07:06:26 [INFO] waiver — [9/9] Generating newsletter...
2026-07-27 07:06:26 [INFO] waiver.data_loader — Loaded 11 news mentions (last 7 days)
2026-07-27 07:06:26 [INFO] waiver.newsletter — News sentiment loaded: 10 players with recent mentions.
2026-07-27 07:06:26 [INFO] waiver.newsletter — AFL injury list: flagged 141 additional injured players
2026-07-27 07:07:00 [INFO] httpx — HTTP Request: POST https://api.anthropic.com/v1/messages "HTTP/1.1 200 OK"
2026-07-27 07:07:04 [INFO] httpx — HTTP Request: POST https://api.anthropic.com/v1/messages "HTTP/1.1 200 OK"
2026-07-27 07:07:11 [INFO] httpx — HTTP Request: POST https://api.anthropic.com/v1/messages "HTTP/1.1 200 OK"
2026-07-27 07:07:19 [INFO] httpx — HTTP Request: POST https://api.anthropic.com/v1/messages "HTTP/1.1 529 <none>"
2026-07-27 07:07:19 [INFO] anthropic._base_client — Retrying request to /v1/messages in 0.491995 seconds
2026-07-27 07:07:27 [INFO] httpx — HTTP Request: POST https://api.anthropic.com/v1/messages "HTTP/1.1 200 OK"
2026-07-27 07:07:28 [INFO] waiver.newsletter — Newsletter written to G:\My Drive\projects\sc-player-data\reports\waiver_2026_rd20_2026-07-27.md
2026-07-27 07:07:28 [INFO] waiver — Emailing newsletter to richardsmark@outlook.com...
2026-07-27 07:07:38 [INFO] waiver.emailer — Newsletter emailed to richardsmark@outlook.com.
2026-07-27 07:07:38 [INFO] waiver — [10/10] Deploying static site to GitHub Pages...
2026-07-27 07:07:38 [INFO] deploy_github_pages — Building static site...
2026-07-27 07:08:16 [INFO] deploy_github_pages — Static site built.
2026-07-27 07:08:16 [INFO] deploy_github_pages — Cloning https://github.com/mark-richards/asl-hub.git to C:\Users\Richa\AppData\Local\Temp\asl-hub-deploy-4doy2_0i...
2026-07-27 07:08:18 [INFO] deploy_github_pages — Pushing to https://github.com/mark-richards/asl-hub.git (main)...
2026-07-27 07:08:20 [INFO] deploy_github_pages — GitHub Pages updated: https://mark-richards.github.io/asl-hub/
2026-07-27 07:08:20 [INFO] waiver — Done. Newsletter saved to: G:\My Drive\projects\sc-player-data\reports\waiver_2026_rd20_2026-07-27.md

