,player_id,name,team_abbrev,played,points,round_number,avg,weight,scr,scr_wgt,scr_pos,avg_adj,round_rank_by_pos_all_players,round_rank_by_pos_drafted_players
9382,662,B.Grundy,SYD,1,139,0,139.0,0.105,3.415,3.0833049999999997,RUC,77.8,1.0,1.0
9451,666,I.Heeney,SYD,1,144,0,144.0,0.368,3.819,2.935064,MID,78.0,1.0,1.0
9452,666,I.Heeney,SYD,1,144,0,144.0,0.263,3.819,3.603603,FWD,78.0,1.0,1.0
612,138,N.Daicos,COL,1,131,0,131.0,0.263,2.768,2.5925789999999997,DEF,77.4,1.5,1.5
4130,348,L.Ash,GWS,1,131,0,131.0,0.263,2.768,1.7054799999999997,DEF,77.4,1.5,1.5
271,115,H.McKay,CAR,1,130,0,130.0,0.263,2.687,2.02161,FWD,77.4,2.0,2.0
488,133,D.Cameron,COL,1,133,0,133.0,0.105,2.93,2.6329550000000004,RUC,77.5,2.0,2.0
6161,474,J.Viney,MEL,1,138,0,138.0,0.368,3.334,1.5480960000000001,MID,77.7,2.0,2.0
2902,273,S.Flanders,GCS,1,124,0,124.0,0.263,2.202,2.4686820000000003,FWD,77.1,3.0,3.0
3228,293,M.Rowell,GCS,1,137,0,137.0,0.368,3.253,2.0275600000000003,MID,77.7,3.0,3.0
3394,301,J.Witts,GCS,1,110,0,110.0,0.105,1.07,0.9983900000000001,RUC,76.5,3.0,3.0
8319,598,J.Short,RIC,1,130,0,130.0,0.263,2.687,1.5726689999999999,DEF,77.4,3.0,3.0
3182,289,W.Powell,GCS,1,123,0,123.0,0.263,2.121,1.332526,DEF,77.1,4.0,4.0
4169,350,K.Briggs,GWS,1,109,0,109.0,0.105,0.989,0.793595,RUC,76.5,4.0,4.0
4329,362,T.Green,GWS,1,132,0,132.0,0.368,2.849,1.9389360000000002,MID,77.5,4.0,4.0
9784,681,T.Papley,SYD,1,120,0,120.0,0.263,1.879,1.2596349999999998,FWD,77.0,4.0,
613,138,N.Daicos,COL,1,131,0,131.0,0.368,2.768,2.286288,MID,77.4,5.0,5.0
4409,368,J.Hogan,GWS,1,113,0,113.0,0.263,1.313,1.150729,FWD,76.7,5.0,4.0
8159,589,S.Naismith,RIC,1,93,0,93.0,0.105,-0.305,-0.750095,RUC,75.8,5.0,
5565,44,H.Andrews,BRL,1,118,0,118.0,0.263,1.717,0.8938100000000001,DEF,76.9,5.5,5.5
8411,603,N.Vlastuin,RIC,1,118,0,118.0,0.263,1.717,1.110259,DEF,76.9,5.5,5.5
2901,273,S.Flanders,GCS,1,124,0,124.0,0.368,2.202,1.998864,MID,77.1,6.0,6.0
3053,280,B.King,GCS,1,107,0,107.0,0.263,0.827,-0.035640000000000005,FWD,76.4,6.0,
9758,68,O.McInerney,BRL,1,77,0,77.0,0.105,-1.598,-1.519775,RUC,75.1,6.0,5.0
2645,257,N.Anderson,GCS,1,122,0,122.0,0.368,2.04,1.432432,MID,77.0,7.0,7.0
5610,443,M.Gawn,MEL,1,72,0,72.0,0.105,-2.003,-1.57355,RUC,72.0,7.0,6.0
9226,652,N.Blakey,SYD,1,117,0,117.0,0.263,1.636,1.2191449999999997,DEF,76.8,7.0,7.0
11591,86,D.Zorko,BRL,1,105,0,105.0,0.263,0.666,1.122568,FWD,76.3,7.0,5.0
36,100,T.De Koning,CAR,1,64,0,64.0,0.105,-2.65,-2.4006250000000002,RUC,64.0,8.0,7.0
4191,351,C.Brown,GWS,1,103,0,103.0,0.263,0.504,-0.520911,FWD,76.2,8.0,
5725,451,S.May,MEL,1,115,0,115.0,0.263,1.474,0.9080239999999999,DEF,76.7,8.0,8.0
9902,690,C.Warner,SYD,1,118,0,118.0,0.368,1.717,1.121944,MID,76.9,8.0,8.0
3113,283,J.Lukosius,GCS,1,93,0,93.0,0.263,-0.305,-0.663732,FWD,75.8,9.0,
3156,286,T.Miller,GCS,1,116,0,116.0,0.368,1.555,0.9706159999999999,MID,76.8,9.0,9.0
4722,389,L.Whitfield,GWS,1,108,0,108.0,0.263,0.908,1.05265,DEF,76.4,9.0,9.0
9685,677,H.McLean,SYD,1,44,0,44.0,0.105,-4.267,-4.210825000000001,RUC,44.0,9.0,8.0
512,135,M.Cox,COL,1,36,0,36.0,0.105,-4.914,-4.914,RUC,36.0,10.0,
838,151,P.Lipinski,COL,1,87,0,87.0,0.263,-0.79,-0.8155110000000001,FWD,75.5,10.0,6.0
2822,266,S.Collins,GCS,1,102,0,102.0,0.263,0.423,-0.17927000000000004,DEF,76.2,10.0,
10404,72,L.Neale,BRL,1,112,0,112.0,0.368,1.232,1.4163679999999998,MID,76.6,10.0,10.0
4268,355,S.Coniglio,GWS,1,111,0,111.0,0.368,1.151,-0.15503200000000006,MID,76.6,11.0,11.0
4386,367,H.Himmelberg,GWS,1,101,0,101.0,0.263,0.342,0.095306,DEF,76.1,11.0,10.0
8303,597,S.Ryan,RIC,1,15,0,15.0,0.105,-6.612,-6.5776650000000005,RUC,15.0,11.0,
9428,665,W.Hayward,SYD,1,83,0,83.0,0.263,-1.113,-1.260017,FWD,75.3,11.0,
589,137,J.Daicos,COL,1,109,0,109.0,0.368,0.989,0.12493600000000005,MID,76.5,12.0,12.0
2731,260,C.Ballard,GCS,1,97,0,97.0,0.263,0.019,-0.8933470000000001,DEF,76.0,12.0,
6066,47,Z.Bailey,BRL,1,81,0,81.0,0.263,-1.275,-1.301037,FWD,75.3,12.5,7.5
9493,667,J.Jordon,SYD,1,81,0,81.0,0.263,-1.275,-1.366524,FWD,75.3,12.5,7.5
5791,454,J.McVee,MEL,1,95,0,95.0,0.263,-0.143,-0.8223290000000001,DEF,75.9,13.0,
5872,459,C.Petracca,MEL,1,108,0,108.0,0.368,0.908,0.5871040000000001,MID,76.4,13.0,13.0
82,105,L.Fogarty,CAR,1,80,0,80.0,0.263,-1.356,-1.5905960000000001,FWD,75.2,14.5,
97,106,G.Hewett,CAR,1,106,0,106.0,0.368,0.747,0.068776,MID,76.3,14.5,14.0
254,114,M.McGovern,CAR,1,94,0,94.0,0.263,-0.224,-0.728171,DEF,75.8,14.5,
2771,263,C.Budarick,GCS,1,94,0,94.0,0.263,-0.224,-1.084799,DEF,75.8,14.5,11.0
5828,457,A.Neal-Bullen,MEL,1,80,0,80.0,0.263,-1.356,-0.9980570000000001,FWD,75.2,14.5,9.0
8952,64,J.Lyons,BRL,1,106,0,106.0,0.368,0.747,-0.5373199999999998,MID,76.3,14.5,
4289,357,B.Daniels,GWS,1,77,0,77.0,0.263,-1.598,-1.054379,FWD,75.1,16.0,10.0
11592,86,D.Zorko,BRL,1,105,0,105.0,0.368,0.666,0.7046399999999999,MID,76.3,16.0,15.0
322,120,N.Newman,CAR,1,93,0,93.0,0.263,-0.305,-0.10170099999999997,DEF,75.8,17.5,13.0
914,154,B.Maynard,COL,1,93,0,93.0,0.263,-0.305,-0.74421,DEF,75.8,17.5,13.0
3112,283,J.Lukosius,GCS,1,93,0,93.0,0.263,-0.305,-1.034825,DEF,75.8,17.5,
3221,292,M.Rosas,GCS,1,76,0,76.0,0.263,-1.679,-2.264964,FWD,75.0,17.5,
5978,463,C.Salem,MEL,1,93,0,93.0,0.263,-0.305,-0.689506,DEF,75.8,17.5,13.0
9652,676,J.McInerney,SYD,1,76,0,76.0,0.263,-1.679,-1.304225,FWD,75.0,17.5,
2889,272,B.Fiorini,GCS,1,101,0,101.0,0.368,0.342,-0.9029439999999999,MID,76.1,18.0,
7424,54,J.Dunkley,BRL,1,101,0,101.0,0.368,0.342,0.550656,MID,76.1,18.0,16.5
11637,87,B.Acres,CAR,1,101,0,101.0,0.368,0.342,-0.15847999999999998,MID,76.1,18.0,16.5
2979,276,N.Holman,GCS,1,75,0,75.0,0.263,-1.76,-2.073759,FWD,75.0,19.5,
11833,99,C.Curnow,CAR,1,75,0,75.0,0.263,-1.76,-1.361818,FWD,75.0,19.5,11.0
5637,445,B.Howes,MEL,1,91,0,91.0,0.263,-0.466,-1.408592,DEF,75.7,20.0,
4493,372,J.Kelly,GWS,1,97,0,97.0,0.368,0.019,-0.09875999999999999,MID,76.0,20.5,18.5
8022,581,J.Hopper,RIC,1,97,0,97.0,0.368,0.019,-0.8159919999999999,MID,76.0,20.5,18.5
478,130,L.Young,CAR,1,90,0,90.0,0.263,-0.547,-1.329688,DEF,75.7,21.0,
5397,43,C.Ah Chee,BRL,1,74,0,74.0,0.263,-1.841,-1.868615,FWD,74.0,22.0,
7745,563,N.Balta,RIC,1,74,0,74.0,0.263,-1.841,-1.9256859999999998,FWD,74.0,22.0,
8215,592,D.Prestia,RIC,1,96,0,96.0,0.368,-0.062,-0.9330559999999999,MID,75.9,22.0,
11828,98,D.Cuningham,CAR,1,74,0,74.0,0.263,-1.841,-2.4866650000000003,FWD,74.0,22.0,
4378,366,N.Haynes,GWS,1,87,0,87.0,0.263,-0.79,-1.3241530000000001,DEF,75.5,22.5,
11684,90,J.Boyd,CAR,1,87,0,87.0,0.263,-0.79,-1.5755810000000001,DEF,75.5,22.5,
9867,686,J.Rowbottom,SYD,1,94,0,94.0,0.368,-0.224,-0.455472,MID,75.8,23.0,20.0
5979,463,C.Salem,MEL,1,93,0,93.0,0.368,-0.305,-1.0520399999999999,MID,75.8,24.0,21.0
438,128,Z.Williams,CAR,1,73,0,73.0,0.263,-1.922,-1.840207,FWD,73.0,24.5,12.5
3251,295,A.Sexton,GCS,1,73,0,73.0,0.263,-1.922,-1.676095,FWD,73.0,24.5,12.5
6102,470,A.Tomlinson,MEL,1,86,0,86.0,0.263,-0.871,-1.236833,DEF,75.5,24.5,
9294,656,H.Cunningham,SYD,1,86,0,86.0,0.263,-0.871,-1.8101730000000003,DEF,75.5,24.5,
11733,93,A.Cerra,CAR,1,92,0,92.0,0.368,-0.386,-0.9876799999999999,MID,75.7,25.0,22.0
5851,458,C.Oliver,MEL,1,90,0,90.0,0.368,-0.547,-1.0618319999999999,MID,75.7,26.0,23.0
7815,566,S.Bolton,RIC,1,72,0,72.0,0.263,-2.003,-1.6703050000000002,FWD,72.0,26.0,14.0
9809,683,D.Rampe,SYD,1,83,0,83.0,0.263,-1.113,-1.919095,DEF,75.3,26.0,
1122,168,S.Sidebottom,COL,1,88,0,88.0,0.368,-0.709,-1.4832720000000001,MID,75.6,27.0,
1070,164,I.Quaynor,COL,1,82,0,82.0,0.263,-1.194,-1.932504,DEF,75.3,27.5,15.5
4432,369,C.Idun,GWS,1,82,0,82.0,0.263,-1.194,-1.207939,DEF,75.3,27.5,15.5
839,151,P.Lipinski,COL,1,87,0,87.0,0.368,-0.79,-1.521952,MID,75.5,28.0,24.0
1102,167,L.Schultz,COL,1,70,0,70.0,0.263,-2.164,-2.198716,FWD,70.0,28.0,15.0
6014,468,T.Sparrow,MEL,1,70,0,70.0,0.263,-2.164,-2.1027210000000003,FWD,70.0,28.0,
7899,569,S.Campbell,RIC,1,70,0,70.0,0.263,-2.164,-2.460138,FWD,70.0,28.0,
543,136,J.Crisp,COL,1,77,0,77.0,0.263,-1.598,-1.4462490000000001,DEF,75.1,29.0,17.0
11805,97,P.Cripps,CAR,1,84,0,84.0,0.368,-1.032,-0.36665600000000004,MID,75.4,29.0,25.0
9539,67,H.McCluggage,BRL,1,83,0,83.0,0.368,-1.113,-0.883368,MID,75.3,30.0,26.0
968,158,B.Mihocek,COL,1,69,0,69.0,0.263,-2.245,-2.2681440000000004,FWD,69.0,30.5,
2611,256,B.Ainsworth,GCS,1,69,0,69.0,0.263,-2.245,-2.127965,FWD,69.0,30.5,16.0
7961,576,J.Gibcus,RIC,1,76,0,76.0,0.263,-1.679,-2.59161,DEF,75.0,31.0,
9827,685,M.Roberts,SYD,1,76,0,76.0,0.263,-1.679,-1.683208,DEF,75.0,31.0,
11568,84,D.Wilmot,BRL,1,76,0,76.0,0.263,-1.679,-1.61062,DEF,75.0,31.0,
6067,47,Z.Bailey,BRL,1,81,0,81.0,0.368,-1.275,-2.02204,MID,75.3,31.5,27.5
9494,667,J.Jordon,SYD,1,81,0,81.0,0.368,-1.275,-2.120664,MID,75.3,31.5,27.5
5587,441,B.Fritsch,MEL,1,68,0,68.0,0.263,-2.326,-2.470913,FWD,68.0,32.5,
10876,75,C.Rayner,BRL,1,68,0,68.0,0.263,-2.326,-1.878374,FWD,68.0,32.5,17.0
544,136,J.Crisp,COL,1,77,0,77.0,0.368,-1.598,-1.5998400000000002,MID,75.1,33.5,29.5
9405,663,E.Gulden,SYD,1,77,0,77.0,0.368,-1.598,-0.8174720000000002,MID,75.1,33.5,29.5
1007,160,D.Moore,COL,1,75,0,75.0,0.263,-1.76,-1.9035980000000001,DEF,75.0,34.0,18.5
4633,384,S.Taylor,GWS,1,75,0,75.0,0.263,-1.76,-1.999593,DEF,75.0,34.0,18.5
9314,658,O.Florent,SYD,1,75,0,75.0,0.263,-1.76,-1.79156,DEF,75.0,34.0,
11703,91,J.Carroll,CAR,1,65,0,65.0,0.263,-2.569,-2.971916,FWD,65.0,34.0,
6586,50,C.Cameron,BRL,1,64,0,64.0,0.263,-2.65,-2.6168620000000002,FWD,64.0,35.0,
9651,676,J.McInerney,SYD,1,76,0,76.0,0.368,-1.679,-1.8320880000000002,MID,75.0,35.5,
9828,685,M.Roberts,SYD,1,76,0,76.0,0.368,-1.679,-1.89428,MID,75.0,35.5,
7744,563,N.Balta,RIC,1,74,0,74.0,0.263,-1.841,-2.309929,DEF,74.0,36.0,
4352,363,T.Greene,GWS,1,63,0,63.0,0.263,-2.731,-2.159501,FWD,63.0,36.5,18.0
9369,66,L.McCarthy,BRL,1,63,0,63.0,0.263,-2.731,-2.560839,FWD,63.0,36.5,
5396,43,C.Ah Chee,BRL,1,74,0,74.0,0.368,-1.841,-2.606808,MID,74.0,37.0,
439,128,Z.Williams,CAR,1,73,0,73.0,0.263,-1.922,-2.2097219999999997,DEF,73.0,38.0,20.5
3252,295,A.Sexton,GCS,1,73,0,73.0,0.263,-1.922,-2.029041,DEF,73.0,38.0,20.5
7816,566,S.Bolton,RIC,1,72,0,72.0,0.368,-2.003,-2.22932,MID,72.0,38.0,31.0
8534,61,R.Lester,BRL,1,73,0,73.0,0.263,-1.922,-2.1168829999999996,DEF,73.0,38.0,
2754,261,T.Berry,GCS,1,62,0,62.0,0.263,-2.811,-2.913833,FWD,62.0,38.5,
11761,95,M.Cottrell,CAR,1,62,0,62.0,0.263,-2.811,-2.82941,FWD,62.0,38.5,
6015,468,T.Sparrow,MEL,1,70,0,70.0,0.368,-2.164,-2.804688,MID,70.0,39.5,
9564,671,J.Lloyd,SYD,1,70,0,70.0,0.368,-2.164,-2.133824,MID,70.0,39.5,32.0
8189,591,M.Pickett,RIC,1,61,0,61.0,0.263,-2.892,-2.878324,FWD,61.0,40.0,
182,109,B.Kemp,CAR,1,70,0,70.0,0.263,-2.164,-2.3115430000000003,DEF,70.0,40.5,
9563,671,J.Lloyd,SYD,1,70,0,70.0,0.263,-2.164,-1.9919980000000002,DEF,70.0,40.5,22.0
202,110,M.Kennedy,CAR,1,59,0,59.0,0.263,-3.054,-2.4527819999999996,FWD,59.0,41.0,
2612,256,B.Ainsworth,GCS,1,69,0,69.0,0.368,-2.245,-2.803992,MID,69.0,41.0,33.0
381,124,A.Saad,CAR,1,69,0,69.0,0.263,-2.245,-1.930978,DEF,69.0,42.0,23.0
6185,475,C.Windsor,MEL,1,58,0,58.0,0.263,-3.135,-2.942221,FWD,58.0,42.0,
10877,75,C.Rayner,BRL,1,68,0,68.0,0.368,-2.326,-2.388192,MID,68.0,42.0,34.0
5655,448,E.Langdon,MEL,1,67,0,67.0,0.368,-2.407,-2.37204,MID,67.0,43.0,
8264,594,D.Rioli,RIC,1,68,0,68.0,0.263,-2.326,-1.826826,DEF,68.0,43.0,24.0
3282,296,D.Swallow,GCS,1,57,0,57.0,0.263,-3.216,-3.4069380000000002,FWD,57.0,44.0,
7029,52,J.Daniher,BRL,1,57,0,57.0,0.263,-3.216,-2.39807,FWD,57.0,44.0,19.0
7920,57,D.Gardiner,BRL,1,57,0,57.0,0.263,-3.216,-3.663889,DEF,57.0,44.0,
7921,57,D.Gardiner,BRL,1,57,0,57.0,0.263,-3.216,-3.2486120000000005,FWD,57.0,44.0,
11704,91,J.Carroll,CAR,1,65,0,65.0,0.368,-2.569,-3.922872,MID,65.0,44.0,
902,153,O.Markov,COL,1,56,0,56.0,0.263,-3.297,-3.797752,DEF,56.0,45.0,
11762,95,M.Cottrell,CAR,1,62,0,62.0,0.368,-2.811,-3.59116,MID,62.0,45.0,
678,140,C.Dean,COL,1,55,0,55.0,0.263,-3.377,-3.6344769999999995,DEF,55.0,46.0,
4225,353,A.Cadman,GWS,1,55,0,55.0,0.263,-3.377,-3.4169759999999996,FWD,55.0,46.0,
1050,163,S.Pendlebury,COL,1,61,0,61.0,0.368,-2.892,-2.44488,MID,61.0,46.5,35.0
8190,591,M.Pickett,RIC,1,61,0,61.0,0.368,-2.892,-3.6261599999999996,MID,61.0,46.5,
937,155,B.McCreery,COL,1,54,0,54.0,0.263,-3.458,-3.323344,FWD,54.0,47.0,
5707,450,J.Lever,MEL,1,54,0,54.0,0.263,-3.458,-3.281001,DEF,54.0,47.0,25.0
4147,349,T.Bedford,GWS,1,53,0,53.0,0.263,-3.539,-3.199204,FWD,53.0,48.0,
203,110,M.Kennedy,CAR,1,59,0,59.0,0.368,-3.054,-2.905328,MID,59.0,48.5,
979,159,T.Mitchell,COL,1,59,0,59.0,0.368,-3.054,-2.733104,MID,59.0,48.5,36.0
5518,435,J.Bowey,MEL,1,53,0,53.0,0.263,-3.539,-3.5461009999999997,DEF,53.0,48.5,
9250,654,B.Campbell,SYD,1,53,0,53.0,0.263,-3.539,-3.892735,DEF,53.0,48.5,
686,142,J.Elliott,COL,1,52,0,52.0,0.263,-3.62,-3.2026190000000003,FWD,52.0,49.5,
5542,439,K.Chandler,MEL,1,52,0,52.0,0.263,-3.62,-3.210509,FWD,52.0,49.5,
6184,475,C.Windsor,MEL,1,58,0,58.0,0.368,-3.135,-3.6056719999999998,MID,58.0,50.0,
755,146,W.Hoskin-Elliott,COL,1,50,0,50.0,0.263,-3.782,-3.646292,DEF,50.0,50.5,
9337,659,R.Fox,SYD,1,50,0,50.0,0.263,-3.782,-4.088658000000001,DEF,50.0,50.5,
3281,296,D.Swallow,GCS,1,57,0,57.0,0.368,-3.216,-4.26848,MID,57.0,51.0,
731,145,B.Hill,COL,1,51,0,51.0,0.263,-3.701,-3.283093,FWD,51.0,51.5,
8002,58,E.Hipwood,BRL,1,51,0,51.0,0.263,-3.701,-3.2407500000000002,FWD,51.0,51.5,
4204,352,J.Buckley,GWS,1,49,0,49.0,0.263,-3.863,-3.366456,DEF,49.0,52.0,
9249,654,B.Campbell,SYD,1,53,0,53.0,0.368,-3.539,-4.220904,MID,53.0,52.0,
754,146,W.Hoskin-Elliott,COL,1,50,0,50.0,0.368,-3.782,-3.790464,MID,50.0,53.0,
5955,462,T.Rivers,MEL,1,48,0,48.0,0.263,-3.943,-3.2089670000000003,DEF,48.0,53.0,26.0
9338,659,R.Fox,SYD,1,50,0,50.0,0.263,-3.782,-3.672592,FWD,50.0,53.0,
8287,595,M.Rioli,RIC,1,46,0,46.0,0.263,-4.105,-3.7807210000000007,FWD,46.0,54.0,
9609,674,T.McCartin,SYD,1,47,0,47.0,0.263,-4.024,-3.884084,DEF,47.0,54.0,
8095,587,K.McIntosh,RIC,1,49,0,49.0,0.368,-3.863,-4.579496,MID,49.0,54.5,
8389,601,T.Taranto,RIC,1,49,0,49.0,0.368,-3.863,-2.754952,MID,49.0,54.5,37.0
7709,562,L.Baker,RIC,1,45,0,45.0,0.263,-4.186,-3.152147,FWD,45.0,55.0,20.0
7783,564,S.Banks,RIC,1,46,0,46.0,0.263,-4.105,-4.39693,DEF,46.0,55.0,
7708,562,L.Baker,RIC,1,45,0,45.0,0.263,-4.186,-3.486157,DEF,45.0,56.0,27.0
9686,677,H.McLean,SYD,1,44,0,44.0,0.263,-4.267,-3.5576890000000003,FWD,44.0,56.0,21.0
2864,269,B.*** Ellis,GCS,1,48,0,48.0,0.368,-3.943,-4.8066960000000005,MID,48.0,56.5,
4711,388,J.Wehr,GWS,1,48,0,48.0,0.368,-3.943,-4.276776,MID,48.0,56.5,
4650,385,H.Thomas,GWS,1,40,0,40.0,0.263,-4.59,-4.198656,FWD,40.0,57.0,
3321,298,B.Uwland,GCS,1,41,0,41.0,0.263,-4.509,-3.9808960000000004,DEF,41.0,58.0,
7782,564,S.Banks,RIC,1,46,0,46.0,0.368,-4.105,-4.698216,MID,46.0,58.0,
7859,567,N.Broad,RIC,1,41,0,41.0,0.263,-4.509,-4.140011,DEF,41.0,58.0,
11548,81,B.Starcevich,BRL,1,41,0,41.0,0.263,-4.509,-4.467183,DEF,41.0,58.0,
2779,264,L.Casboult,GCS,1,38,0,38.0,0.263,-4.752,-4.439819,FWD,38.0,58.5,
3000,277,B.Humphrey,GCS,1,38,0,38.0,0.263,-4.752,-4.368809,FWD,38.0,58.5,22.0
6275,48,J.Berry,BRL,1,44,0,44.0,0.368,-4.267,-3.4286960000000004,MID,44.0,59.0,
6822,51,K.Coleman,BRL,1,37,0,37.0,0.263,-4.833,-5.203567,DEF,37.0,60.0,28.0
345,122,M.Owies,CAR,1,37,0,37.0,0.263,-4.833,-4.346713,FWD,37.0,60.5,
658,139,J.De Goey,COL,1,43,0,43.0,0.368,-4.348,-3.532144,MID,43.0,60.5,38.0
7545,55,J.Fletcher,BRL,1,43,0,43.0,0.368,-4.348,-4.198592,MID,43.0,60.5,
9930,692,S.Wicks,SYD,1,37,0,37.0,0.263,-4.833,-4.56211,FWD,37.0,60.5,
7997,579,D.Grimes,RIC,1,34,0,34.0,0.263,-5.076,-5.27851,DEF,34.0,61.0,
160,108,O.Hollands,CAR,1,41,0,41.0,0.368,-4.509,-4.390136,MID,41.0,62.0,
9731,678,L.Melican,SYD,1,30,0,30.0,0.263,-5.399,-5.198331,DEF,30.0,62.0,
511,135,M.Cox,COL,1,36,0,36.0,0.263,-4.914,-4.315675,FWD,36.0,62.5,
6013,467,C.Spargo,MEL,1,36,0,36.0,0.263,-4.914,-4.841149,FWD,36.0,62.5,
4649,385,H.Thomas,GWS,1,40,0,40.0,0.368,-4.59,-4.80344,MID,40.0,63.0,
10548,73,J.Payne,BRL,1,29,0,29.0,0.263,-5.48,-4.976618,DEF,29.0,63.0,
68,104,O.Fantasia,CAR,1,35,0,35.0,0.263,-4.995,-4.8030100000000004,FWD,35.0,64.0,
1030,162,J.Noble,COL,1,25,0,25.0,0.263,-5.803,-4.790976,DEF,25.0,64.0,
4693,386,C.Ward,GWS,1,34,0,34.0,0.368,-5.076,-4.1655679999999995,MID,34.0,64.5,39.0
8296,596,J.Ross,RIC,1,34,0,34.0,0.368,-5.076,-4.6682559999999995,MID,34.0,64.5,
6140,472,J.van Rooyen,MEL,1,34,0,34.0,0.263,-5.076,-4.328028,FWD,34.0,65.0,
8433,604,T.Young,RIC,1,21,0,21.0,0.263,-6.127,-5.971567,DEF,21.0,65.0,
3154,284,D.Macpherson,GCS,1,15,0,15.0,0.263,-6.612,-7.308161,DEF,15.0,66.0,
4521,377,X.O'Halloran,GWS,1,28,0,28.0,0.368,-5.561,-5.416744,MID,28.0,66.0,
8789,63,K.Lohmann,BRL,1,33,0,33.0,0.263,-5.156,-4.16186,FWD,33.0,66.0,
53,101,S.Docherty,CAR,1,25,0,25.0,0.368,-5.803,-6.592727999999999,MID,25.0,67.0,40.0
4508,376,T.McMullin,GWS,1,32,0,32.0,0.263,-5.237,-4.885895,FWD,32.0,67.0,
7944,574,T.Dow,RIC,1,23,0,23.0,0.368,-5.965,-5.393496,MID,23.0,68.0,
9628,675,L.McDonald,SYD,1,30,0,30.0,0.263,-5.399,-4.533467,FWD,30.0,68.0,
4522,377,X.O'Halloran,GWS,1,28,0,28.0,0.263,-5.561,-4.914283,FWD,28.0,69.0,
5486,434,J.Billings,MEL,1,11,0,11.0,0.368,-6.935,-6.082711999999999,MID,11.0,69.0,41.0
6012,464,J.Schache,MEL,1,27,0,27.0,0.263,-5.642,-5.601498000000001,FWD,27.0,70.0,
8034,582,J.Koschitzke,RIC,1,23,0,23.0,0.263,-5.965,-5.253322,FWD,23.0,71.0,
5677,449,B.Laurie,MEL,1,20,0,20.0,0.263,-6.208,-5.9066019999999995,FWD,20.0,72.0,
8304,597,S.Ryan,RIC,1,15,0,15.0,0.263,-6.612,-5.893484,FWD,15.0,73.0,
814,149,A.Johnson,COL,1,12,0,12.0,0.263,-6.854,-6.726708,FWD,12.0,74.0,
5487,434,J.Billings,MEL,1,11,0,11.0,0.263,-6.935,-5.792790999999999,FWD,11.0,75.0,23.0
9204,650,J.Amartey,SYD,1,7,0,7.0,0.263,-7.259,-6.0833900000000005,FWD,7.0,76.0,
4610,381,J.Riccardi,GWS,1,3,0,3.0,0.263,-7.582,-6.275942,FWD,3.0,77.0,
2373,241,L.Ryan,FRE,1,165,1,165.0,0.263,5.517,4.6030750000000005,DEF,78.9,1.0,1.0
2396,242,C.Serong,FRE,1,170,1,170.0,0.368,5.922,4.224048,MID,79.1,1.0,1.0
4410,368,J.Hogan,GWS,2,165,1,139.0,0.263,3.415,2.699903,FWD,80.6,1.0,1.0
5611,443,M.Gawn,MEL,2,162,1,117.0,0.105,1.636,1.683355,RUC,78.7,1.0,1.0
614,138,N.Daicos,COL,2,135,1,133.0,0.263,2.93,2.7119730000000004,DEF,80.0,2.0,2.0
3229,293,M.Rowell,GCS,2,155,1,146.0,0.368,3.981,2.487656,MID,81.2,2.0,2.0
8168,590,T.Nankervis,RIC,1,137,1,137.0,0.105,3.253,2.97811,RUC,77.7,2.0,2.0
9454,666,I.Heeney,SYD,2,136,1,140.0,0.263,3.496,3.365552,FWD,80.7,2.0,2.0
4330,362,T.Green,GWS,2,152,1,142.0,0.368,3.658,2.450224,MID,80.8,3.0,3.0
8412,603,N.Vlastuin,RIC,2,134,1,126.0,0.263,2.364,1.587098,DEF,79.4,3.0,3.0
8766,629,R.Marshall,STK,1,127,1,127.0,0.105,2.445,2.27427,RUC,77.3,3.0,3.0
2904,273,S.Flanders,GCS,2,128,1,126.0,0.263,2.364,2.588076,FWD,79.4,4.0,3.0
7629,555,I.Soldo,PTA,1,125,1,125.0,0.105,2.283,1.812495,RUC,77.2,4.0,4.0
7747,563,N.Balta,RIC,2,128,1,101.0,0.263,0.342,-0.31681499999999996,FWD,77.3,4.0,
9629,675,L.McDonald,SYD,2,128,1,79.0,0.263,-1.437,-1.613473,FWD,75.3,4.0,
9868,686,J.Rowbottom,SYD,2,142,1,118.0,0.368,1.717,0.7712400000000001,MID,78.7,4.0,4.0
915,154,B.Maynard,COL,2,131,1,112.0,0.263,1.232,0.388559,DEF,78.2,4.5,4.5
1672,194,A.McGrath,ESS,1,131,1,131.0,0.263,2.768,1.9963579999999996,DEF,77.4,4.5,4.5
3157,286,T.Miller,GCS,2,137,1,126.5,0.368,2.404,1.507184,MID,79.5,5.0,5.0
10141,706,T.English,WBD,1,119,1,119.0,0.105,1.798,1.651315,RUC,76.9,5.0,5.0
37,100,T.De Koning,CAR,2,118,1,91.0,0.105,-0.466,-0.44594500000000004,RUC,76.4,6.0,6.0
1768,199,A.Perkins,ESS,1,124,1,124.0,0.263,2.202,1.115021,FWD,77.1,6.0,
6801,509,H.Sheezel,NTH,1,130,1,130.0,0.263,2.687,2.554185,DEF,77.4,6.0,6.0
9453,666,I.Heeney,SYD,2,136,1,140.0,0.368,3.496,2.730928,MID,80.7,6.0,6.0
2249,230,L.Jackson,FRE,1,113,1,113.0,0.105,1.313,1.0694000000000001,RUC,76.7,7.0,7.0
3552,307,J.Cameron,GEE,1,120,1,120.0,0.263,1.879,1.4213799999999999,FWD,77.0,7.0,4.0
7746,563,N.Balta,RIC,2,128,1,101.0,0.263,0.342,-0.7010580000000001,DEF,77.3,7.0,
615,138,N.Daicos,COL,2,135,1,133.0,0.368,2.93,2.388672,MID,80.0,7.5,7.5
11806,97,P.Cripps,CAR,2,135,1,109.5,0.368,1.03,0.936528,MID,78.0,7.5,7.5
4841,396,M.D'Ambrosio,HAW,1,122,1,122.0,0.263,2.04,1.248896,DEF,77.0,8.0,
5489,434,J.Billings,MEL,2,119,1,65.0,0.263,-2.569,-2.575049,FWD,65.0,8.0,5.0
6984,518,T.Xerri,NTH,1,107,1,107.0,0.105,0.827,0.9124699999999999,RUC,76.4,8.0,8.0
489,133,D.Cameron,COL,2,94,1,113.5,0.105,1.353,1.22154,RUC,78.3,9.0,9.0
3634,312,P.Dangerfield,GEE,1,134,1,134.0,0.368,3.011,1.2044880000000002,MID,77.6,9.0,9.0
5566,44,H.Andrews,BRL,2,120,1,119.0,0.263,1.798,0.953507,DEF,78.8,9.0,7.0
8754,628,M.King,STK,1,115,1,115.0,0.263,1.474,0.35809099999999994,FWD,76.7,9.0,
255,114,M.McGovern,CAR,2,119,1,106.5,0.263,0.787,0.016936000000000062,DEF,77.7,10.0,
2250,230,L.Jackson,FRE,1,113,1,113.0,0.263,1.313,1.203592,FWD,76.7,10.0,6.0
2646,257,N.Anderson,GCS,2,129,1,125.5,0.368,2.323,1.6112879999999998,MID,79.4,10.0,10.0
11310,776,B.Williams,WCE,1,92,1,92.0,0.105,-0.386,-0.73544,RUC,75.7,10.0,
272,115,H.McKay,CAR,2,112,1,121.0,0.263,1.959,1.485074,FWD,79.0,11.0,7.0
2903,273,S.Flanders,GCS,2,128,1,126.0,0.368,2.364,2.101248,MID,79.4,11.0,11.0
3453,304,M.Blicavs,GEE,1,91,1,91.0,0.105,-0.466,-0.8117650000000001,RUC,75.7,11.0,10.0
3183,289,W.Powell,GCS,2,118,1,120.5,0.263,1.919,1.1836520000000001,DEF,79.0,11.5,8.5
4723,389,L.Whitfield,GWS,2,118,1,113.0,0.263,1.313,1.351135,DEF,78.3,11.5,8.5
1732,197,Z.Merrett,ESS,1,127,1,127.0,0.368,2.445,2.010392,MID,77.3,12.0,12.0
3395,301,J.Witts,GCS,2,81,1,95.5,0.105,-0.103,-0.051445000000000005,RUC,76.8,12.0,11.0
7259,530,C.Dixon,PTA,1,110,1,110.0,0.263,1.07,0.551364,FWD,76.5,12.0,8.0
2868,27,R.O'Brien,ADE,1,75,1,75.0,0.105,-1.76,-1.69448,RUC,75.0,13.0,12.0
7384,537,D.Houston,PTA,1,114,1,114.0,0.263,1.393,1.29569,DEF,76.7,13.0,10.0
9952,695,M.Bontempelli,WBD,1,126,1,126.0,0.368,2.364,2.377248,MID,77.2,13.0,13.0
7030,52,J.Daniher,BRL,2,105,1,81.0,0.263,-1.275,-0.9675529999999999,FWD,75.5,13.5,9.0
7455,543,T.Marshall,PTA,1,105,1,105.0,0.263,0.666,-0.264494,FWD,76.3,13.5,
3817,325,M.Holmes,GEE,1,112,1,112.0,0.263,1.232,0.965581,DEF,76.6,14.0,11.0
9759,68,O.McInerney,BRL,2,74,1,75.5,0.105,-1.72,-1.628965,RUC,75.0,14.0,13.0
9903,690,C.Warner,SYD,2,125,1,121.5,0.368,2.0,1.3008,MID,79.0,14.0,14.0
9383,662,B.Grundy,SYD,2,71,1,105.0,0.105,0.666,0.6229500000000001,RUC,77.6,15.0,14.0
11165,766,J.McGovern,WCE,1,109,1,109.0,0.263,0.989,1.092359,DEF,76.5,15.0,
1767,199,A.Perkins,ESS,1,124,1,124.0,0.368,2.202,-0.04574400000000001,MID,77.1,15.5,
1810,20,R.Laird,ADE,1,124,1,124.0,0.368,2.202,1.438768,MID,77.1,15.5,15.0
2755,261,T.Berry,GCS,2,104,1,83.0,0.263,-1.113,-1.662407,FWD,75.7,15.5,
5209,415,D.Moore,HAW,1,104,1,104.0,0.263,0.585,0.7470079999999999,FWD,76.3,15.5,10.0
514,135,M.Cox,COL,2,69,1,52.5,0.105,-3.58,-3.7200699999999998,RUC,52.5,16.0,
2066,218,J.Clark,FRE,1,108,1,108.0,0.263,0.908,0.8777550000000001,DEF,76.4,16.5,12.0
2339,239,A.Pearce,FRE,1,108,1,108.0,0.263,0.908,-0.11480699999999999,DEF,76.4,16.5,
2197,228,N.Fyfe,FRE,1,103,1,103.0,0.263,0.504,-0.02278900000000006,FWD,76.2,17.0,11.0
4840,396,M.D'Ambrosio,HAW,1,122,1,122.0,0.368,2.04,0.718512,MID,77.0,17.0,
9687,677,H.McLean,SYD,2,65,1,54.5,0.105,-3.418,-3.45097,RUC,54.5,17.0,15.0
1377,180,T.Goldstein,ESS,1,64,1,64.0,0.105,-2.65,-2.746495,RUC,64.0,18.0,16.0
5748,453,T.McDonald,MEL,1,101,1,101.0,0.263,0.342,0.114505,FWD,76.1,18.0,
6382,483,L.Davies-Uniacke,NTH,1,121,1,121.0,0.368,1.959,1.4728720000000002,MID,77.0,18.0,16.0
323,120,N.Newman,CAR,2,107,1,100.0,0.263,0.261,0.315441,DEF,77.2,18.5,13.0
9976,696,L.Bramble,WBD,1,107,1,107.0,0.263,0.827,-0.05405000000000004,DEF,76.4,18.5,
3591,31,I.Rankine,ADE,1,97,1,97.0,0.263,0.019,0.30645900000000004,FWD,76.0,19.0,12.0
4170,350,K.Briggs,GWS,2,57,1,83.0,0.105,-1.113,-1.087695,RUC,75.7,19.0,17.0
1426,184,D.Heppell,ESS,1,106,1,106.0,0.263,0.747,0.30463399999999996,DEF,76.3,20.0,
3667,314,O.Dempsey,GEE,1,96,1,96.0,0.263,-0.062,-0.27687100000000003,FWD,75.9,20.0,
5304,421,N.Reeves,HAW,1,54,1,54.0,0.105,-3.458,-3.6149750000000003,RUC,54.0,20.0,
1868,204,W.Setterfield,ESS,1,119,1,119.0,0.368,1.798,1.300464,MID,76.9,20.5,18.5
5488,434,J.Billings,MEL,2,119,1,65.0,0.368,-2.569,-3.3234,MID,65.0,20.5,18.5
5873,459,C.Petracca,MEL,2,119,1,113.5,0.368,1.353,0.868344,MID,78.3,20.5,18.5
8955,640,J.Steele,STK,1,119,1,119.0,0.368,1.798,1.351616,MID,76.9,20.5,18.5
4024,339,R.Stanley,GEE,1,38,1,38.0,0.105,-4.752,-4.624109999999999,RUC,38.0,21.0,
2613,256,B.Ainsworth,GCS,2,95,1,82.0,0.263,-1.194,-1.353378,FWD,75.6,21.5,13.5
6709,507,T.Powell,NTH,1,95,1,95.0,0.263,-0.143,-0.226371,FWD,75.9,21.5,13.5
4079,342,T.Stewart,GEE,1,105,1,105.0,0.263,0.666,0.482426,DEF,76.3,22.0,14.5
4205,352,J.Buckley,GWS,2,105,1,77.0,0.263,-1.598,-1.697151,DEF,75.2,22.0,
7312,533,K.Farrell,PTA,1,105,1,105.0,0.263,0.666,0.09686800000000001,DEF,76.3,22.0,14.5
4611,381,J.Riccardi,GWS,2,93,1,48.0,0.263,-3.943,-3.593999,FWD,48.0,23.0,
7213,526,Z.Butters,PTA,1,117,1,117.0,0.368,1.636,1.693408,MID,76.8,23.0,21.0
4494,372,J.Kelly,GWS,2,116,1,106.5,0.368,0.787,0.38661600000000007,MID,77.7,24.0,22.0
4952,400,J.Ginnivan,HAW,1,91,1,91.0,0.263,-0.466,-0.672455,FWD,75.7,24.0,
5726,451,S.May,MEL,2,103,1,109.0,0.263,0.989,0.5505789999999999,DEF,78.0,24.0,16.0
7605,552,C.Rozee,PTA,1,114,1,114.0,0.368,1.393,0.706312,MID,76.7,25.5,23.5
10024,7,M.Crouch,ADE,1,114,1,114.0,0.368,1.393,0.9801040000000001,MID,76.7,25.5,23.5
985,16,M.Hinge,ADE,1,102,1,102.0,0.263,0.423,0.21523,DEF,76.2,26.0,17.5
1943,212,J.Aish,FRE,1,102,1,102.0,0.263,0.423,-0.651092,DEF,76.2,26.0,
7121,523,T.Boak,PTA,1,90,1,90.0,0.263,-0.547,-0.563043,FWD,75.7,26.0,
8466,607,R.Bonner,STK,1,102,1,102.0,0.263,0.423,-0.28131399999999995,DEF,76.2,26.0,17.5
10584,731,J.Ugle-Hagan,WBD,1,90,1,90.0,0.263,-0.547,-0.877591,FWD,75.7,26.0,
11834,99,C.Curnow,CAR,2,90,1,82.5,0.263,-1.154,-0.915196,FWD,75.7,26.0,15.0
4269,355,S.Coniglio,GWS,2,113,1,112.0,0.368,1.232,-0.10384000000000004,MID,78.2,27.5,25.5
7425,54,J.Dunkley,BRL,2,113,1,107.0,0.368,0.827,0.857176,MID,77.8,27.5,25.5
5747,453,T.McDonald,MEL,1,101,1,101.0,0.263,0.342,-0.22634300000000002,DEF,76.1,28.5,
8994,643,N.Wanganeen-Milera,STK,1,101,1,101.0,0.263,0.342,0.359358,DEF,76.1,28.5,19.0
9131,648,M.Wood,STK,1,87,1,87.0,0.263,-0.79,-0.7047880000000001,FWD,75.5,28.5,16.0
9654,676,J.McInerney,SYD,2,87,1,81.5,0.263,-1.235,-0.9769970000000001,FWD,75.6,28.5,
3816,325,M.Holmes,GEE,1,112,1,112.0,0.368,1.232,0.636208,MID,76.6,30.0,28.0
5288,42,J.Worrell,ADE,1,98,1,98.0,0.263,0.1,-0.25426100000000007,DEF,76.0,30.0,
5463,432,J.Worpel,HAW,1,112,1,112.0,0.368,1.232,0.193504,MID,76.6,30.0,28.0
7363,536,J.Horne-Francis,PTA,1,112,1,112.0,0.368,1.232,0.65792,MID,76.6,30.0,28.0
1582,190,K.Langford,ESS,1,86,1,86.0,0.263,-0.871,-0.8081430000000001,FWD,75.5,31.0,17.5
4290,357,B.Daniels,GWS,2,86,1,81.5,0.263,-1.235,-0.7868480000000001,FWD,75.6,31.0,17.5
10798,745,J.Cripps,WCE,1,86,1,86.0,0.263,-0.871,-0.910976,FWD,75.5,31.0,
10267,712,J.Johannisen,WBD,1,96,1,96.0,0.263,-0.062,-0.531718,DEF,75.9,31.5,
11387,779,E.Yeo,WCE,1,96,1,96.0,0.263,-0.062,0.16812499999999997,DEF,75.9,31.5,20.0
9406,663,E.Gulden,SYD,2,109,1,93.0,0.368,-0.305,-0.0002959999999999907,MID,76.6,32.0,30.0
183,109,B.Kemp,CAR,2,95,1,82.5,0.263,-1.154,-1.567173,DEF,75.7,33.0,
2890,272,B.Fiorini,GCS,2,108,1,104.5,0.368,0.625,-0.7240879999999998,MID,77.6,33.0,
9495,667,J.Jordon,SYD,2,84,1,82.5,0.263,-1.154,-1.277347,FWD,75.7,33.0,19.0
9975,696,L.Bramble,WBD,1,107,1,107.0,0.368,0.827,-0.6093040000000001,MID,76.4,34.0,
2459,247,S.Switkowski,FRE,1,82,1,82.0,0.263,-1.194,-1.072231,FWD,75.3,34.5,
5440,430,J.Weddle,HAW,1,94,1,94.0,0.263,-0.224,-0.8168020000000001,DEF,75.8,34.5,
7200,525,R.Burton,PTA,1,94,1,94.0,0.263,-0.224,-0.8509920000000001,DEF,75.8,34.5,21.0
7588,551,W.Rioli,PTA,1,82,1,82.0,0.263,-1.194,-1.486456,FWD,75.3,34.5,
5852,458,C.Oliver,MEL,2,105,1,97.5,0.368,0.059,-0.67884,MID,77.0,35.5,31.5
8390,601,T.Taranto,RIC,2,105,1,77.0,0.368,-1.598,-1.3234720000000002,MID,75.2,35.5,31.5
5543,439,K.Chandler,MEL,2,81,1,66.5,0.263,-2.448,-2.3467450000000003,FWD,66.5,36.0,
2196,228,N.Fyfe,FRE,1,103,1,103.0,0.368,0.504,-0.9470240000000001,MID,76.2,37.0,33.0
4634,384,S.Taylor,GWS,2,93,1,84.0,0.263,-1.032,-1.463057,DEF,75.8,37.0,22.0
5039,405,J.Impey,HAW,1,93,1,93.0,0.263,-0.305,-0.593248,DEF,75.8,37.0,
11013,758,J.Hunt,WCE,1,93,1,93.0,0.263,-0.305,-1.054813,DEF,75.8,37.0,
1881,206,J.Stringer,ESS,1,80,1,80.0,0.263,-1.356,-1.5440450000000001,FWD,75.2,37.5,
5684,45,N.Answerth,BRL,1,80,1,80.0,0.263,-1.356,-1.698689,FWD,75.2,37.5,
1944,212,J.Aish,FRE,1,102,1,102.0,0.368,0.423,-1.2756879999999997,MID,76.2,39.0,
2027,215,A.Brayshaw,FRE,1,102,1,102.0,0.368,0.423,0.528248,MID,76.2,39.0,34.5
8003,58,E.Hipwood,BRL,2,79,1,65.0,0.263,-2.569,-2.406466,FWD,65.0,39.0,
8465,607,R.Bonner,STK,1,102,1,102.0,0.368,0.423,-0.7678480000000001,MID,76.2,39.0,34.5
479,130,L.Young,CAR,2,92,1,91.0,0.263,-0.466,-1.269991,DEF,76.4,39.5,
7685,561,B.Zerk-Thatcher,PTA,1,92,1,92.0,0.263,-0.386,-1.1847310000000002,DEF,75.7,39.5,
1051,163,S.Pendlebury,COL,2,98,1,79.5,0.368,-1.396,-1.4994079999999999,MID,75.4,41.0,36.0
3366,30,J.Rachele,ADE,1,78,1,78.0,0.263,-1.518,-1.646344,FWD,75.1,41.5,21.0
3884,329,J.Kolodjashnij,GEE,1,91,1,91.0,0.263,-0.466,-1.096937,DEF,75.7,41.5,
4192,351,C.Brown,GWS,2,78,1,90.5,0.263,-0.507,-1.266018,FWD,76.3,41.5,
9227,652,N.Blakey,SYD,2,91,1,104.0,0.263,0.585,0.44455799999999995,DEF,77.5,41.5,23.0
11207,770,H.Reid,WCE,1,78,1,78.0,0.263,-1.518,-1.230278,FWD,75.1,41.5,21.0
11593,86,D.Zorko,BRL,2,78,1,91.5,0.263,-0.426,0.31776400000000005,FWD,76.4,41.5,21.0
659,139,J.De Goey,COL,2,96,1,69.5,0.368,-2.205,-2.177768,MID,69.5,43.0,37.5
3668,314,O.Dempsey,GEE,1,96,1,96.0,0.368,-0.062,-1.0585440000000002,MID,75.9,43.0,
11388,779,E.Yeo,WCE,1,96,1,96.0,0.368,-0.062,0.032943999999999994,MID,75.9,43.0,37.5
382,124,A.Saad,CAR,2,90,1,79.5,0.263,-1.396,-1.305265,DEF,75.4,43.5,24.5
3411,302,T.Atkins,GEE,1,90,1,90.0,0.263,-0.547,-0.8652299999999999,DEF,75.7,43.5,24.5
7236,527,D.Byrne-Jones,PTA,1,76,1,76.0,0.263,-1.679,-1.767105,FWD,75.0,45.0,
8073,585,D.*** Martin,RIC,1,76,1,76.0,0.263,-1.679,-1.773943,FWD,75.0,45.0,23.0
8191,591,M.Pickett,RIC,2,76,1,68.5,0.263,-2.286,-2.431702,FWD,68.5,45.0,
2614,256,B.Ainsworth,GCS,2,95,1,82.0,0.368,-1.194,-2.13976,MID,75.6,45.5,39.5
4755,390,K.Amon,HAW,1,89,1,89.0,0.263,-0.628,-0.6088009999999999,DEF,75.6,45.5,26.0
6710,507,T.Powell,NTH,1,95,1,95.0,0.368,-0.143,-0.9430320000000001,MID,75.9,45.5,39.5
7860,567,N.Broad,RIC,2,89,1,65.0,0.263,-2.569,-2.710231,DEF,65.0,45.5,
7663,560,O.Wines,PTA,1,94,1,94.0,0.368,-0.224,-0.27368,MID,75.8,47.0,41.0
2484,249,J.Treacy,FRE,1,75,1,75.0,0.263,-1.76,-1.3165820000000001,FWD,75.0,48.0,
4819,395,M.Chol,HAW,1,75,1,75.0,0.263,-1.76,-1.834429,FWD,75.0,48.0,
5934,461,K.Pickett,MEL,1,75,1,75.0,0.263,-1.76,-1.5869460000000002,FWD,75.0,48.0,24.0
3976,335,M.O'Connor,GEE,1,88,1,88.0,0.263,-0.709,-1.6295,DEF,75.6,48.5,
6162,474,J.Viney,MEL,2,93,1,115.5,0.368,1.515,0.39848800000000006,MID,78.5,48.5,42.0
6633,503,C.McKercher,NTH,1,88,1,88.0,0.263,-0.709,-0.7547619999999999,DEF,75.6,48.5,27.5
7074,522,M.Bergman,PTA,1,88,1,88.0,0.263,-0.709,-1.052741,DEF,75.6,48.5,
8320,598,J.Short,RIC,2,88,1,109.0,0.263,0.989,0.321243,DEF,78.0,48.5,27.5
11014,758,J.Hunt,WCE,1,93,1,93.0,0.368,-0.305,-1.553624,MID,75.8,48.5,
10336,717,T.Liberatore,WBD,1,92,1,92.0,0.368,-0.386,-0.193168,MID,75.7,50.0,43.0
4973,402,J.Gunston,HAW,1,74,1,74.0,0.263,-1.841,-2.004323,FWD,74.0,50.5,
11705,91,J.Carroll,CAR,2,74,1,69.5,0.263,-2.205,-2.7036480000000003,FWD,69.5,50.5,
3454,304,M.Blicavs,GEE,1,91,1,91.0,0.368,-0.466,-1.5976,MID,75.7,51.5,44.5
4433,369,C.Idun,GWS,2,87,1,84.5,0.263,-0.992,-1.059065,DEF,75.8,51.5,29.5
10047,702,B.Dale,WBD,1,87,1,87.0,0.263,-0.79,-0.5543520000000001,DEF,75.5,51.5,29.5
10562,730,A.Treloar,WBD,1,91,1,91.0,0.368,-0.466,0.22031999999999996,MID,75.7,51.5,44.5
4990,403,B.Hardwick,HAW,1,73,1,73.0,0.263,-1.922,-1.6553179999999998,FWD,73.0,52.5,
11290,775,J.Waterman,WCE,1,73,1,73.0,0.263,-1.922,-1.464643,FWD,73.0,52.5,
3410,302,T.Atkins,GEE,1,90,1,90.0,0.368,-0.547,-1.201304,MID,75.7,53.5,46.0
7120,523,T.Boak,PTA,1,90,1,90.0,0.368,-0.547,-1.257608,MID,75.7,53.5,
2246,23,W.Milera,ADE,1,86,1,86.0,0.263,-0.871,-1.4532820000000002,DEF,75.5,54.0,31.5
2732,260,C.Ballard,GCS,2,86,1,91.5,0.263,-0.426,-1.2213120000000002,DEF,76.4,54.0,
5980,463,C.Salem,MEL,2,86,1,89.5,0.263,-0.588,-0.898077,DEF,76.3,54.0,31.5
4226,353,A.Cadman,GWS,2,72,1,63.5,0.263,-2.69,-2.910657,FWD,63.5,54.5,
6187,475,C.Windsor,MEL,2,72,1,65.0,0.263,-2.569,-2.525079,FWD,65.0,54.5,
1319,178,S.Durham,ESS,1,89,1,89.0,0.368,-0.628,-0.899584,MID,75.6,56.0,
4754,390,K.Amon,HAW,1,89,1,89.0,0.368,-0.628,-0.818624,MID,75.6,56.0,47.5
9540,67,H.McCluggage,BRL,2,89,1,86.0,0.368,-0.871,-0.730424,MID,76.0,56.0,47.5
1833,200,M.Redman,ESS,1,85,1,85.0,0.263,-0.952,-0.9396389999999999,DEF,75.4,56.5,33.0
9295,656,H.Cunningham,SYD,2,85,1,85.5,0.263,-0.911,-1.8396530000000002,DEF,75.9,56.5,
1983,213,J.Amiss,FRE,1,71,1,71.0,0.263,-2.084,-2.300975,FWD,71.0,57.5,
6428,487,Z.Duursma,NTH,1,71,1,71.0,0.263,-2.084,-2.753335,FWD,71.0,57.5,
7007,519,C.Zurhaar,NTH,1,71,1,71.0,0.263,-2.084,-1.9346160000000001,FWD,71.0,57.5,
7334,534,J.Finlayson,PTA,1,71,1,71.0,0.263,-2.084,-2.239433,FWD,71.0,57.5,25.0
9315,658,O.Florent,SYD,2,84,1,79.5,0.263,-1.396,-1.5232919999999999,DEF,75.4,58.0,
5708,450,J.Lever,MEL,2,82,1,68.0,0.263,-2.326,-2.446717,DEF,68.0,59.0,34.0
3977,335,M.O'Connor,GEE,1,88,1,88.0,0.368,-0.709,-2.1887280000000002,MID,75.6,59.5,
4036,34,L.Sholl,ADE,1,88,1,88.0,0.368,-0.709,-1.116008,MID,75.6,59.5,
6634,503,C.McKercher,NTH,1,88,1,88.0,0.368,-0.709,-0.9883119999999999,MID,75.6,59.5,49.0
7075,522,M.Bergman,PTA,1,88,1,88.0,0.368,-0.709,-1.39716,MID,75.6,59.5,
11549,81,B.Starcevich,BRL,2,81,1,61.0,0.263,-2.892,-3.275454,DEF,61.0,60.0,
938,155,B.McCreery,COL,2,70,1,62.0,0.263,-2.811,-2.846505,FWD,62.0,61.0,
1559,19,B.Keays,ADE,1,70,1,70.0,0.263,-2.164,-1.6940190000000002,FWD,70.0,61.0,26.5
4353,363,T.Greene,GWS,2,70,1,66.5,0.263,-2.448,-1.95093,FWD,66.5,61.0,26.5
9130,648,M.Wood,STK,1,87,1,87.0,0.368,-0.79,-1.354512,MID,75.5,62.5,50.0
9653,676,J.McInerney,SYD,2,87,1,81.5,0.368,-1.235,-1.5514800000000002,MID,75.6,62.5,
513,135,M.Cox,COL,2,69,1,52.5,0.263,-3.58,-3.3325169999999997,FWD,52.5,63.5,
1008,160,D.Moore,COL,2,80,1,77.5,0.263,-1.558,-1.7547240000000002,DEF,75.2,63.5,35.5
2089,22,M.Michalanney,ADE,1,80,1,80.0,0.263,-1.356,-1.848599,DEF,75.2,63.5,
2823,266,S.Collins,GCS,2,80,1,91.0,0.263,-0.466,-0.8344630000000001,DEF,76.4,63.5,
3356,3,J.Borlase,ADE,1,80,1,80.0,0.263,-1.356,-1.948539,DEF,75.2,63.5,
3713,315,M.Duncan,GEE,1,80,1,80.0,0.263,-1.356,-1.503806,DEF,75.2,63.5,35.5
5683,45,N.Answerth,BRL,1,80,1,80.0,0.263,-1.356,-2.095819,DEF,75.2,63.5,
8662,622,J.Higgins,STK,1,69,1,69.0,0.263,-2.245,-2.008563,FWD,69.0,63.5,
5981,463,C.Salem,MEL,2,86,1,89.5,0.368,-0.588,-1.230896,MID,76.3,64.0,51.0
1413,182,M.Guelfi,ESS,1,68,1,68.0,0.263,-2.326,-2.053795,FWD,68.0,66.5,
3537,306,T.Bruhn,GEE,1,84,1,84.0,0.368,-1.032,-1.7720479999999998,MID,75.4,66.5,
3930,331,G.Miers,GEE,1,68,1,68.0,0.263,-2.326,-1.791847,FWD,68.0,66.5,28.5
6068,47,Z.Bailey,BRL,2,68,1,74.5,0.263,-1.801,-1.6886990000000002,FWD,74.5,66.5,28.5
7275,531,W.Drew,PTA,1,84,1,84.0,0.368,-1.032,-1.116272,MID,75.4,66.5,
9496,667,J.Jordon,SYD,2,84,1,82.5,0.368,-1.154,-2.044192,MID,75.7,66.5,52.5
10667,734,R.West,WBD,1,68,1,68.0,0.263,-2.326,-2.208965,FWD,68.0,66.5,
11734,93,A.Cerra,CAR,2,84,1,88.0,0.368,-0.709,-1.191816,MID,76.1,66.5,52.5
7052,520,A.Aliir,PTA,1,79,1,79.0,0.263,-1.437,-1.652134,DEF,75.2,67.5,
8442,606,J.Battle,STK,1,79,1,79.0,0.263,-1.437,-1.4062290000000002,DEF,75.2,67.5,
1191,173,J.Caldwell,ESS,1,67,1,67.0,0.263,-2.407,-1.551987,FWD,67.0,69.0,30.0
9031,645,C.Wilkie,STK,1,78,1,78.0,0.263,-1.518,-1.2623639999999998,DEF,75.1,69.0,37.0
8023,581,J.Hopper,RIC,2,83,1,90.0,0.368,-0.547,-1.1737039999999999,MID,76.3,69.5,54.5
11119,762,T.Kelly,WCE,1,83,1,83.0,0.368,-1.113,-0.9823600000000001,MID,75.3,69.5,54.5
1695,195,B.McKay,ESS,1,77,1,77.0,0.263,-1.598,-1.9780350000000002,DEF,75.1,70.5,
9610,674,T.McCartin,SYD,2,77,1,62.0,0.263,-2.811,-2.990103,DEF,62.0,70.5,
2005,214,B.Banfield,FRE,1,66,1,66.0,0.263,-2.488,-2.394109,FWD,66.0,71.0,
8814,631,T.Membrey,STK,1,66,1,66.0,0.263,-2.488,-2.371228,FWD,66.0,71.0,
9054,646,D.Wilson,STK,1,66,1,66.0,0.263,-2.488,-2.324414,FWD,66.0,71.0,
11662,9,J.Dawson,ADE,1,82,1,82.0,0.368,-1.194,-0.7825759999999999,MID,75.3,71.0,56.0
3737,320,Z.Guthrie,GEE,1,76,1,76.0,0.263,-1.679,-1.599837,DEF,75.0,72.0,
8519,609,R.Byrnes,STK,1,81,1,81.0,0.368,-1.275,-2.4014480000000002,MID,75.3,73.0,
8953,64,J.Lyons,BRL,2,81,1,93.5,0.368,-0.264,-1.176272,MID,76.6,73.0,
11569,84,D.Wilmot,BRL,2,74,1,75.0,0.263,-1.76,-1.670317,DEF,75.0,73.0,
11638,87,B.Acres,CAR,2,81,1,91.0,0.368,-0.466,-0.669136,MID,76.4,73.0,57.0
9688,677,H.McLean,SYD,2,65,1,54.5,0.263,-3.418,-2.931976,FWD,54.5,73.5,31.0
9785,681,T.Papley,SYD,2,65,1,92.5,0.263,-0.345,-0.37945299999999993,FWD,76.5,73.5,
4989,403,B.Hardwick,HAW,1,73,1,73.0,0.263,-1.922,-2.00616,DEF,73.0,74.0,
0,1,S.Berry,ADE,1,80,1,80.0,0.368,-1.356,-2.3319360000000002,MID,75.2,75.0,
6756,508,B.Scott,NTH,1,72,1,72.0,0.263,-2.003,-2.1134600000000003,DEF,72.0,75.0,
5242,417,C.Nash,HAW,1,79,1,79.0,0.368,-1.437,-1.9014159999999998,MID,75.2,76.0,58.0
10476,725,E.Richards,WBD,1,71,1,71.0,0.263,-2.084,-1.493039,DEF,71.0,76.0,38.0
2565,255,H.Young,FRE,1,70,1,70.0,0.263,-2.164,-1.4754660000000002,DEF,70.0,77.0,39.0
3253,295,A.Sexton,GCS,2,63,1,68.0,0.263,-2.326,-1.973843,FWD,68.0,77.0,32.0
3795,324,O.Henry,GEE,1,63,1,63.0,0.263,-2.731,-2.834359,FWD,63.0,77.0,
4800,393,L.Breust,HAW,1,63,1,63.0,0.263,-2.731,-3.110772,FWD,63.0,77.0,
8048,583,T.Lynch,RIC,1,63,1,63.0,0.263,-2.731,-3.070533,FWD,63.0,77.0,
11054,759,C.Jamieson,WCE,1,63,1,63.0,0.263,-2.731,-2.660253,FWD,63.0,77.0,
5656,448,E.Langdon,MEL,2,78,1,72.5,0.368,-1.962,-2.0907999999999998,MID,72.5,78.0,
11206,770,H.Reid,WCE,1,78,1,78.0,0.368,-1.518,-1.798048,MID,75.1,78.0,59.5
11594,86,D.Zorko,BRL,2,78,1,91.5,0.368,-0.426,0.014496000000000009,MID,76.4,78.0,59.5
5792,454,J.McVee,MEL,2,69,1,82.0,0.263,-1.194,-1.596916,DEF,75.6,79.0,
5956,462,T.Rivers,MEL,2,69,1,58.5,0.263,-3.094,-2.583254,DEF,58.5,79.0,40.0
9829,685,M.Roberts,SYD,2,69,1,72.5,0.263,-1.962,-1.891779,DEF,72.5,79.0,
1905,207,E.Tsatas,ESS,1,62,1,62.0,0.263,-2.811,-3.205763,FWD,62.0,80.0,
98,106,G.Hewett,CAR,2,76,1,91.0,0.368,-0.466,-0.69784,MID,76.4,80.5,61.0
8192,591,M.Pickett,RIC,2,76,1,68.5,0.368,-2.286,-3.243168,MID,68.5,80.5,
11829,98,D.Cuningham,CAR,2,61,1,67.5,0.263,-2.367,-2.874327,FWD,67.5,81.0,
4310,36,B.Smith,ADE,1,68,1,68.0,0.263,-2.326,-2.626083,DEF,68.0,81.5,
4589,379,H.Perryman,GWS,1,68,1,68.0,0.263,-2.326,-2.248152,DEF,68.0,81.5,
4101,343,Z.Tuohy,GEE,1,74,1,74.0,0.368,-1.841,-2.550872,MID,74.0,82.5,
11706,91,J.Carroll,CAR,2,74,1,69.5,0.368,-2.205,-3.692824,MID,69.5,82.5,
794,147,J.Howe,COL,1,65,1,65.0,0.263,-2.569,-2.329407,DEF,65.0,83.0,
1718,196,J.Menzie,ESS,1,60,1,60.0,0.263,-2.973,-3.46218,FWD,60.0,83.5,
7817,566,S.Bolton,RIC,2,60,1,66.0,0.263,-2.488,-2.02775,FWD,66.0,83.5,34.0
8833,633,M.Owens,STK,1,60,1,60.0,0.263,-2.973,-2.7184159999999995,FWD,60.0,83.5,34.0
10878,75,C.Rayner,BRL,2,60,1,64.0,0.263,-2.65,-2.117162,FWD,64.0,83.5,34.0
6186,475,C.Windsor,MEL,2,72,1,65.0,0.368,-2.569,-3.24796,MID,65.0,84.5,
6755,508,B.Scott,NTH,1,72,1,72.0,0.368,-2.003,-2.362168,MID,72.0,84.5,
5638,445,B.Howes,MEL,2,64,1,77.5,0.263,-1.558,-2.2133960000000004,DEF,75.2,85.0,
6405,484,K.Dawson,NTH,1,64,1,64.0,0.263,-2.65,-3.171792,DEF,64.0,85.0,
9101,647,M.Windhager,STK,1,64,1,64.0,0.263,-2.65,-2.651315,DEF,64.0,85.0,
6429,487,Z.Duursma,NTH,1,71,1,71.0,0.368,-2.084,-3.8261119999999997,MID,71.0,86.5,
10477,725,E.Richards,WBD,1,71,1,71.0,0.368,-2.084,-1.479744,MID,71.0,86.5,62.0
2419,243,J.Sharp,FRE,1,70,1,70.0,0.368,-2.164,-2.604128,MID,70.0,88.5,
2566,255,H.Young,FRE,1,70,1,70.0,0.368,-2.164,-1.425056,MID,70.0,88.5,63.0
1103,167,L.Schultz,COL,2,59,1,64.5,0.263,-2.609,-2.526681,FWD,64.5,89.0,36.5
1929,211,P.Wright,ESS,1,59,1,59.0,0.263,-3.054,-2.619261,FWD,59.0,89.0,
3001,277,B.Humphrey,GCS,2,59,1,48.5,0.263,-3.903,-3.743096,FWD,48.5,89.0,36.5
3606,310,B.Close,GEE,1,59,1,59.0,0.263,-3.054,-2.8496489999999994,FWD,59.0,89.0,
5399,43,C.Ah Chee,BRL,2,59,1,66.5,0.263,-2.448,-2.3159739999999998,FWD,66.5,89.0,
5532,437,B.Brown,MEL,1,59,1,59.0,0.263,-3.054,-3.420622,FWD,59.0,89.0,
6530,498,N.Larkey,NTH,1,59,1,59.0,0.263,-3.054,-2.8496489999999994,FWD,59.0,89.0,
1627,193,N.Martin,ESS,1,63,1,63.0,0.263,-2.731,-1.792353,DEF,63.0,90.5,42.0
2561,254,K.Worner,FRE,1,63,1,63.0,0.263,-2.731,-3.490018,DEF,63.0,90.5,
3254,295,A.Sexton,GCS,2,63,1,68.0,0.263,-2.326,-2.3267889999999998,DEF,68.0,90.5,42.0
7406,539,L.Jones,PTA,1,63,1,63.0,0.263,-2.731,-3.205715,DEF,63.0,90.5,
9565,671,J.Lloyd,SYD,2,63,1,66.5,0.263,-2.448,-2.201306,DEF,66.5,90.5,42.0
9732,678,L.Melican,SYD,2,63,1,46.5,0.263,-4.065,-4.215173,DEF,46.5,90.5,
9810,683,D.Rampe,SYD,2,63,1,73.0,0.263,-1.922,-2.515328,DEF,73.0,90.5,
11053,759,C.Jamieson,WCE,1,63,1,63.0,0.263,-2.731,-3.0523860000000003,DEF,63.0,90.5,
6966,517,G.Wardlaw,NTH,1,69,1,69.0,0.368,-2.245,-2.067624,MID,69.0,91.0,64.0
7546,55,J.Fletcher,BRL,2,69,1,56.0,0.368,-3.297,-3.53436,MID,56.0,91.0,
9830,685,M.Roberts,SYD,2,69,1,72.5,0.368,-1.962,-2.073136,MID,72.5,91.0,
6069,47,Z.Bailey,BRL,2,68,1,74.5,0.368,-1.801,-2.354472,MID,74.5,93.0,65.0
8860,635,M.Phillipou,STK,1,58,1,58.0,0.263,-3.135,-2.9772,FWD,58.0,93.0,38.0
1192,173,J.Caldwell,ESS,1,67,1,67.0,0.368,-2.407,-1.8564720000000001,MID,67.0,95.0,66.0
1519,189,J.Kelly,ESS,1,62,1,62.0,0.263,-2.811,-3.00299,DEF,62.0,95.0,
7945,574,T.Dow,RIC,2,67,1,45.0,0.368,-4.186,-4.269168,MID,45.0,95.0,
10688,735,B.Williams,WBD,1,67,1,67.0,0.368,-2.407,-2.494952,MID,67.0,95.0,
204,110,M.Kennedy,CAR,2,57,1,58.0,0.263,-3.135,-2.512479,FWD,58.0,95.5,
3200,29,L.Pedlar,ADE,1,57,1,57.0,0.263,-3.216,-3.7948630000000003,FWD,57.0,95.5,
5118,410,C.Mackenzie,HAW,1,57,1,57.0,0.263,-3.216,-2.9716730000000005,FWD,57.0,95.5,39.0
10651,733,C.Weightman,WBD,1,57,1,57.0,0.263,-3.216,-2.7486490000000003,FWD,57.0,95.5,
5631,444,M.Hore,MEL,1,60,1,60.0,0.263,-2.973,-3.4358799999999996,DEF,60.0,96.0,
4387,367,H.Himmelberg,GWS,2,59,1,80.0,0.263,-1.356,-1.15612,DEF,75.4,97.0,44.0
5265,418,J.Newcombe,HAW,1,66,1,66.0,0.368,-2.488,-1.744272,MID,66.0,97.5,67.0
9055,646,D.Wilson,STK,1,66,1,66.0,0.368,-2.488,-2.983696,MID,66.0,97.5,
1071,164,I.Quaynor,COL,2,58,1,70.0,0.263,-2.164,-2.6473940000000002,DEF,70.0,98.0,45.0
840,151,P.Lipinski,COL,2,56,1,71.5,0.263,-2.043,-1.7389720000000002,FWD,71.5,99.0,40.5
1391,181,J.Gresham,ESS,1,56,1,56.0,0.263,-3.297,-3.075028,FWD,56.0,99.0,40.5
6359,482,P.Curtis,NTH,1,56,1,56.0,0.263,-3.297,-3.0763430000000005,FWD,56.0,99.0,
9100,647,M.Windhager,STK,1,64,1,64.0,0.368,-2.65,-2.854608,MID,64.0,99.0,
679,140,C.Dean,COL,2,57,1,56.0,0.263,-3.297,-3.5755170000000005,DEF,56.0,100.5,
3322,298,B.Uwland,GCS,2,57,1,49.0,0.263,-3.863,-3.504794,DEF,49.0,100.5,
6571,5,J.Butts,ADE,1,57,1,57.0,0.263,-3.216,-3.5502730000000007,DEF,57.0,100.5,
10775,744,T.Cole,WCE,1,57,1,57.0,0.263,-3.216,-3.1873330000000006,DEF,57.0,100.5,
1626,193,N.Martin,ESS,1,63,1,63.0,0.368,-2.731,-1.644664,MID,63.0,101.0,69.0
4246,354,F.Callaghan,GWS,1,63,1,63.0,0.368,-2.731,-2.51204,MID,63.0,101.0,69.0
9566,671,J.Lloyd,SYD,2,63,1,66.5,0.368,-2.448,-2.313312,MID,66.5,101.0,69.0
83,105,L.Fogarty,CAR,2,55,1,67.5,0.263,-2.367,-2.335703,FWD,67.5,102.0,
8288,595,M.Rioli,RIC,2,55,1,50.5,0.263,-3.741,-3.512453,FWD,50.5,102.0,
8890,638,C.Sharman,STK,1,55,1,55.0,0.263,-3.377,-3.202631,FWD,55.0,102.0,
161,108,O.Hollands,CAR,2,62,1,51.5,0.368,-3.66,-3.853568,MID,51.5,104.0,
757,146,W.Hoskin-Elliott,COL,2,56,1,53.0,0.263,-3.539,-3.4672009999999998,DEF,53.0,104.0,
1520,189,J.Kelly,ESS,1,62,1,62.0,0.368,-2.811,-3.2761519999999997,MID,62.0,104.0,
1904,207,E.Tsatas,ESS,1,62,1,62.0,0.368,-2.811,-4.15972,MID,62.0,104.0,
4915,399,S.Frost,HAW,1,56,1,56.0,0.263,-3.297,-3.7501490000000004,DEF,56.0,104.0,
11685,90,J.Boyd,CAR,2,56,1,71.5,0.263,-2.043,-2.499042,DEF,71.5,104.0,
8265,594,D.Rioli,RIC,2,54,1,61.0,0.263,-2.892,-2.2439679999999997,DEF,61.0,106.0,46.0
10964,754,R.Ginbey,WCE,1,61,1,61.0,0.368,-2.892,-3.0855680000000003,MID,61.0,106.0,
346,122,M.Owies,CAR,2,53,1,45.0,0.263,-4.186,-3.869874,FWD,45.0,106.5,
4524,377,X.O'Halloran,GWS,2,53,1,40.5,0.263,-4.55,-4.169176,FWD,40.5,106.5,
5077,409,C.Macdonald,HAW,1,53,1,53.0,0.263,-3.539,-2.874136,FWD,53.0,106.5,42.0
6892,513,J.Stephenson,NTH,1,53,1,53.0,0.263,-3.539,-3.398821,FWD,53.0,106.5,
9370,66,L.McCarthy,BRL,2,53,1,58.0,0.263,-3.135,-2.858587,FWD,58.0,106.5,
11184,767,J.Petruccelle,WCE,1,53,1,53.0,0.263,-3.539,-3.464045,FWD,53.0,106.5,
1238,174,N.Cox,ESS,1,53,1,53.0,0.263,-3.539,-3.900888,DEF,53.0,108.0,
6876,512,D.Stephens,NTH,1,60,1,60.0,0.368,-2.973,-3.940104,MID,60.0,108.0,
7818,566,S.Bolton,RIC,2,60,1,66.0,0.368,-2.488,-2.53584,MID,66.0,108.0,71.5
10879,75,C.Rayner,BRL,2,60,1,64.0,0.368,-2.65,-2.59296,MID,64.0,108.0,71.5
10990,757,B.Hough,WCE,1,53,1,53.0,0.263,-3.539,-3.550309,DEF,53.0,108.0,
11369,778,A.Witherden,WCE,1,53,1,53.0,0.263,-3.539,-3.370943,DEF,53.0,108.0,47.0
5398,43,C.Ah Chee,BRL,2,59,1,66.5,0.368,-2.448,-2.990432,MID,66.5,110.0,
903,153,O.Markov,COL,2,52,1,54.0,0.263,-3.458,-3.916409,DEF,54.0,110.5,
2240,229,E.Hughes,FRE,1,52,1,52.0,0.263,-3.62,-3.8808960000000003,DEF,52.0,110.5,
6141,472,J.van Rooyen,MEL,2,52,1,43.0,0.263,-4.348,-3.791492,FWD,43.0,110.5,
11763,95,M.Cottrell,CAR,2,52,1,57.0,0.263,-3.216,-3.1278950000000005,FWD,57.0,110.5,
205,110,M.Kennedy,CAR,2,57,1,58.0,0.368,-3.135,-2.95652,MID,58.0,112.0,
2865,269,B.*** Ellis,GCS,2,57,1,52.5,0.368,-3.58,-4.57728,MID,52.5,112.0,
5119,410,C.Mackenzie,HAW,1,57,1,57.0,0.368,-3.216,-3.611232,MID,57.0,112.0,73.0
441,128,Z.Williams,CAR,2,51,1,62.0,0.263,-2.811,-2.864915,DEF,62.0,113.0,48.5
7710,562,L.Baker,RIC,2,51,1,48.0,0.263,-3.943,-3.3070660000000003,DEF,48.0,113.0,48.5
10303,716,B.Khamis,WBD,1,51,1,51.0,0.263,-3.701,-4.002135,DEF,51.0,113.0,
440,128,Z.Williams,CAR,2,51,1,62.0,0.263,-2.811,-2.4954,FWD,62.0,114.0,44.0
3284,296,D.Swallow,GCS,2,51,1,54.0,0.263,-3.458,-3.585292,FWD,54.0,114.0,
5829,457,A.Neal-Bullen,MEL,2,51,1,65.5,0.263,-2.528,-1.861821,FWD,65.5,114.0,44.0
7711,562,L.Baker,RIC,2,51,1,48.0,0.263,-3.943,-2.973056,FWD,48.0,114.0,44.0
10302,716,B.Khamis,WBD,1,51,1,51.0,0.263,-3.701,-3.588699,FWD,51.0,114.0,
756,146,W.Hoskin-Elliott,COL,2,56,1,53.0,0.368,-3.539,-3.636888,MID,53.0,115.0,
841,151,P.Lipinski,COL,2,56,1,71.5,0.368,-2.043,-2.313848,MID,71.5,115.0,74.5
8604,615,B.Crouch,STK,1,56,1,56.0,0.368,-3.297,-3.8445840000000002,MID,56.0,115.0,74.5
545,136,J.Crisp,COL,2,50,1,63.5,0.263,-2.69,-2.2510529999999997,DEF,63.5,116.5,50.5
6454,488,Z.Fisher,NTH,1,50,1,50.0,0.263,-3.782,-3.115295,DEF,50.0,116.5,50.5
6921,516,D.Tucker,NTH,1,50,1,50.0,0.263,-3.782,-3.636561,DEF,50.0,116.5,
8978,641,L.Stocker,STK,1,50,1,50.0,0.263,-3.782,-4.001342,DEF,50.0,116.5,
6276,48,J.Berry,BRL,2,55,1,49.5,0.368,-3.822,-3.147456,MID,49.5,117.5,
8873,636,S.Ross,STK,1,55,1,55.0,0.368,-3.377,-3.389512,MID,55.0,117.5,
3760,322,T.Hawkins,GEE,1,50,1,50.0,0.263,-3.782,-3.509532,FWD,50.0,118.0,
6455,488,Z.Fisher,NTH,1,50,1,50.0,0.263,-3.782,-2.788123,FWD,50.0,118.0,46.0
10932,751,L.Edwards,WCE,1,50,1,50.0,0.263,-3.782,-3.84512,FWD,50.0,118.0,
590,137,J.Daicos,COL,2,54,1,81.5,0.368,-1.235,-1.2806320000000002,MID,75.6,119.0,76.0
9339,659,R.Fox,SYD,2,49,1,49.5,0.263,-3.822,-4.118138,DEF,49.5,120.5,
9888,69,C.McKenna,BRL,1,49,1,49.0,0.263,-3.863,-3.9687259999999998,DEF,49.0,120.5,
10039,700,N.Coffield,WBD,1,49,1,49.0,0.263,-3.863,-4.392945,DEF,49.0,120.5,
10855,749,L.Duggan,WCE,1,49,1,49.0,0.263,-3.863,-3.14501,DEF,49.0,120.5,52.0
1237,174,N.Cox,ESS,1,53,1,53.0,0.368,-3.539,-4.232312,MID,53.0,121.0,
1341,179,X.Duursma,ESS,1,53,1,53.0,0.368,-3.539,-3.158488,MID,53.0,121.0,
4523,377,X.O'Halloran,GWS,2,53,1,40.5,0.368,-4.55,-4.777792,MID,40.5,121.0,
732,145,B.Hill,COL,2,49,1,50.0,0.263,-3.782,-3.34279,FWD,50.0,121.5,
9205,650,J.Amartey,SYD,2,49,1,28.0,0.263,-5.561,-4.831964,FWD,28.0,121.5,
9340,659,R.Fox,SYD,2,49,1,49.5,0.263,-3.822,-3.7020720000000003,FWD,49.5,121.5,
10188,708,H.Gallagher,WBD,1,49,1,49.0,0.263,-3.863,-3.815134,FWD,49.0,121.5,
11764,95,M.Cottrell,CAR,2,52,1,57.0,0.368,-3.216,-3.8471200000000003,MID,57.0,123.0,
3772,323,J.Henry,GEE,1,48,1,48.0,0.263,-3.943,-3.730233,DEF,48.0,123.5,
8589,614,Z.Cordy,STK,1,48,1,48.0,0.263,-3.943,-4.284111,DEF,48.0,123.5,
3283,296,D.Swallow,GCS,2,51,1,54.0,0.368,-3.458,-4.421424,MID,54.0,125.0,
4131,348,L.Ash,GWS,2,47,1,89.0,0.263,-0.628,-0.797372,DEF,76.2,125.0,53.0
5354,428,J.Ward,HAW,1,51,1,51.0,0.368,-3.701,-4.21988,MID,51.0,125.0,
8096,587,K.McIntosh,RIC,2,51,1,50.0,0.368,-3.782,-4.528304,MID,50.0,125.0,
7486,547,J.Mead,PTA,1,48,1,48.0,0.263,-3.943,-3.5027380000000004,FWD,48.0,125.5,
8052,584,R.Mansell,RIC,1,48,1,48.0,0.263,-3.943,-3.534561,FWD,48.0,125.5,
8588,614,Z.Cordy,STK,1,48,1,48.0,0.263,-3.943,-3.8612070000000003,FWD,48.0,125.5,
8639,621,L.Henry,STK,1,48,1,48.0,0.263,-3.943,-3.4788050000000004,FWD,48.0,125.5,
5308,423,J.Scrimshaw,HAW,1,45,1,45.0,0.263,-4.186,-3.4950989999999997,DEF,45.0,126.0,54.0
3648,313,S.De Koning,GEE,1,44,1,44.0,0.263,-4.267,-3.9611310000000004,DEF,44.0,127.5,
6679,506,T.Pink,NTH,1,44,1,44.0,0.263,-4.267,-4.73514,DEF,44.0,127.5,
546,136,J.Crisp,COL,2,50,1,63.5,0.368,-2.69,-2.289984,MID,63.5,128.5,77.0
1123,168,S.Sidebottom,COL,2,50,1,69.0,0.368,-2.245,-2.4540240000000004,MID,69.0,128.5,
6920,516,D.Tucker,NTH,1,50,1,50.0,0.368,-3.782,-3.777216,MID,50.0,128.5,
10931,751,L.Edwards,WCE,1,50,1,50.0,0.368,-3.782,-4.658208,MID,50.0,128.5,
687,142,J.Elliott,COL,2,47,1,49.5,0.263,-3.822,-3.351493,FWD,49.5,129.0,
2544,252,M.Walters,FRE,1,47,1,47.0,0.263,-4.024,-3.987706,FWD,47.0,129.0,
6490,489,E.Ford,NTH,1,47,1,47.0,0.263,-4.024,-3.7746760000000004,FWD,47.0,129.0,
5334,425,J.Sicily,HAW,1,43,1,43.0,0.263,-4.348,-3.1521389999999996,DEF,43.0,129.5,55.0
10277,714,L.Jones,WBD,1,43,1,43.0,0.263,-4.348,-3.934827,DEF,43.0,129.5,
299,12,D.Fogarty,ADE,1,46,1,46.0,0.263,-4.105,-3.4609130000000006,FWD,46.0,131.0,
6517,493,J.Goater,NTH,1,42,1,42.0,0.263,-4.429,-4.768796,DEF,42.0,131.5,
8297,596,J.Ross,RIC,2,49,1,41.5,0.368,-4.469,-4.284632,MID,41.5,131.5,
9252,654,B.Campbell,SYD,2,42,1,47.5,0.263,-3.984,-4.220700000000001,DEF,47.5,131.5,
10187,708,H.Gallagher,WBD,1,49,1,49.0,0.368,-3.863,-4.573976,MID,49.0,131.5,
4652,385,H.Thomas,GWS,2,45,1,42.5,0.263,-4.388,-4.049782,FWD,42.5,133.0,
9429,665,W.Hayward,SYD,2,45,1,64.0,0.263,-2.65,-2.392786,FWD,64.0,133.0,
10071,703,C.Daniel,WBD,1,45,1,45.0,0.263,-4.186,-3.957979,FWD,45.0,133.0,47.0
7487,547,J.Mead,PTA,1,48,1,48.0,0.368,-3.943,-4.063336,MID,48.0,133.5,
7922,57,D.Gardiner,BRL,2,40,1,48.5,0.263,-3.903,-4.170208,DEF,48.5,133.5,
8535,61,R.Lester,BRL,2,40,1,56.5,0.263,-3.256,-3.100041,DEF,56.5,133.5,
8638,621,L.Henry,STK,1,48,1,48.0,0.368,-3.943,-4.027272,MID,48.0,133.5,
4712,388,J.Wehr,GWS,2,46,1,47.0,0.368,-4.024,-4.327968,MID,47.0,135.0,
6680,506,T.Pink,NTH,1,44,1,44.0,0.263,-4.267,-4.293037,FWD,44.0,135.0,
7568,550,E.Ratugolea,PTA,1,39,1,39.0,0.263,-4.671,-4.494264,DEF,39.0,135.0,
2112,220,B.Cox,FRE,1,37,1,37.0,0.263,-4.833,-4.434292,DEF,37.0,136.5,56.0
3114,283,J.Lukosius,GCS,2,37,1,65.0,0.263,-2.569,-2.703393,DEF,65.0,136.5,
4651,385,H.Thomas,GWS,2,45,1,42.5,0.368,-4.388,-4.675776,MID,42.5,136.5,
10070,703,C.Daniel,WBD,1,45,1,45.0,0.368,-4.186,-4.634224,MID,45.0,136.5,78.0
2354,24,L.Murphy,ADE,1,43,1,43.0,0.263,-4.348,-3.9266739999999998,FWD,43.0,137.0,
10517,726,R.Sanders,WBD,1,43,1,43.0,0.263,-4.348,-3.7541459999999995,FWD,43.0,137.0,48.0
10711,736,O.Allen,WCE,1,43,1,43.0,0.263,-4.348,-3.9400869999999997,FWD,43.0,137.0,
6336,481,A.Corr,NTH,1,34,1,34.0,0.263,-5.076,-4.63416,DEF,34.0,138.0,
10516,726,R.Sanders,WBD,1,43,1,43.0,0.368,-4.348,-4.24864,MID,43.0,138.0,79.0
6553,499,C.Lazzaro,NTH,1,42,1,42.0,0.263,-4.429,-4.420058,FWD,42.0,139.0,
6554,499,C.Lazzaro,NTH,1,42,1,42.0,0.368,-4.429,-5.215048,MID,42.0,139.5,
7998,579,D.Grimes,RIC,2,32,1,33.0,0.263,-5.156,-5.33747,DEF,33.0,139.5,
9251,654,B.Campbell,SYD,2,42,1,47.5,0.368,-3.984,-4.502144,MID,47.5,139.5,
10605,732,L.Vandermeer,WBD,1,32,1,32.0,0.263,-5.237,-5.195446,DEF,32.0,139.5,
4148,349,T.Bedford,GWS,2,41,1,47.0,0.263,-4.024,-3.556649,FWD,47.0,140.5,
10426,720,L.McNeil,WBD,1,41,1,41.0,0.263,-4.509,-3.905152,FWD,41.0,140.5,
1144,17,C.Jones,ADE,1,30,1,30.0,0.263,-5.399,-4.997925,DEF,30.0,141.0,
6017,468,T.Sparrow,MEL,2,39,1,54.5,0.368,-3.418,-3.5972160000000004,MID,54.5,141.0,
10757,743,C.Chesser,WCE,1,38,1,38.0,0.368,-4.752,-5.2002239999999995,MID,38.0,142.0,
2314,235,O.McDonald,FRE,1,27,1,27.0,0.263,-5.642,-6.073320000000001,DEF,27.0,142.5,
10724,739,T.Barrass,WCE,1,27,1,27.0,0.263,-5.642,-4.516623000000001,DEF,27.0,142.5,
7923,57,D.Gardiner,BRL,2,40,1,48.5,0.263,-3.903,-3.754931,FWD,48.5,143.0,
10252,711,J.Harmes,WBD,1,35,1,35.0,0.368,-4.995,-4.368296,MID,35.0,143.0,80.0
10437,721,A.Naughton,WBD,1,40,1,40.0,0.263,-4.59,-3.7423509999999998,FWD,40.0,143.0,49.0
10747,741,T.Brockman,WCE,1,40,1,40.0,0.263,-4.59,-4.450609999999999,FWD,40.0,143.0,
7962,576,J.Gibcus,RIC,2,19,1,47.5,0.263,-3.984,-4.290395,DEF,47.5,144.0,
8683,623,B.Hill,STK,1,34,1,34.0,0.368,-5.076,-4.364288,MID,34.0,144.0,
2295,231,M.Johnson,FRE,1,32,1,32.0,0.368,-5.237,-4.793928,MID,32.0,145.0,
2772,263,C.Budarick,GCS,2,17,1,55.5,0.263,-3.337,-3.37908,DEF,55.5,145.0,57.0
69,104,O.Fantasia,CAR,2,39,1,37.0,0.263,-4.833,-4.683616,FWD,37.0,145.5,
6016,468,T.Sparrow,MEL,2,39,1,54.5,0.263,-3.418,-3.026919,FWD,54.5,145.5,
1145,17,C.Jones,ADE,1,30,1,30.0,0.368,-5.399,-5.032104,MID,30.0,146.0,
8434,604,T.Young,RIC,2,16,1,18.5,0.263,-6.329,-6.120441,DEF,18.5,146.0,
3911,330,S.Mannagh,GEE,1,29,1,29.0,0.368,-5.48,-4.50296,MID,29.0,147.0,
1854,201,Z.Reid,ESS,1,15,1,15.0,0.263,-6.612,-7.116697,DEF,15.0,147.5,
4379,366,N.Haynes,GWS,2,15,1,51.0,0.263,-3.701,-3.4695600000000004,DEF,51.0,147.5,
885,152,F.Macrae,COL,1,28,1,28.0,0.368,-5.561,-5.7218160000000005,MID,28.0,148.0,
2155,225,T.Emmett,FRE,1,38,1,38.0,0.263,-4.752,-4.639436,FWD,38.0,148.0,
5073,407,M.Lewis,HAW,1,38,1,38.0,0.263,-4.752,-4.584995,FWD,38.0,148.0,
11139,764,N.Long,WCE,1,38,1,38.0,0.263,-4.752,-4.409048,FWD,38.0,148.0,
5364,429,N.Watson,HAW,1,26,1,26.0,0.368,-5.722,-5.020224000000001,MID,26.0,149.0,
6223,476,T.Woewodin,MEL,1,8,1,8.0,0.263,-7.178,-7.169584,DEF,8.0,149.0,
3155,284,D.Macpherson,GCS,2,1,1,8.0,0.263,-7.178,-7.725303,DEF,8.0,150.0,
11203,77,D.Robertson,BRL,1,24,1,24.0,0.368,-5.884,-6.64392,MID,24.0,150.0,
2176,227,M.Frederick,FRE,1,37,1,37.0,0.263,-4.833,-4.423246,FWD,37.0,151.0,
3115,283,J.Lukosius,GCS,2,37,1,65.0,0.263,-2.569,-2.3323,FWD,65.0,151.0,
4455,37,J.Soligo,ADE,1,18,1,18.0,0.368,-6.369,-4.7670960000000004,MID,18.0,151.0,
6587,50,C.Cameron,BRL,2,37,1,50.5,0.263,-3.741,-3.420929,FWD,50.5,151.0,
2168,226,N.Erasmus,FRE,1,15,1,15.0,0.368,-6.612,-7.179088,MID,15.0,152.0,
2780,264,L.Casboult,GCS,2,36,1,37.0,0.263,-4.833,-4.499516,FWD,37.0,153.0,
3574,308,J.Clark,GEE,1,13,1,13.0,0.368,-6.774,-6.490272,MID,13.0,154.0,
8216,592,D.Prestia,RIC,2,13,1,54.5,0.368,-3.418,-3.0540480000000003,MID,54.5,154.0,
10959,753,A.Gaff,WCE,1,13,1,13.0,0.368,-6.774,-6.169744,MID,13.0,154.0,
2980,276,N.Holman,GCS,2,35,1,55.0,0.263,-3.377,-3.2654879999999995,FWD,55.0,155.0,
3222,292,M.Rosas,GCS,2,35,1,55.5,0.263,-3.337,-3.48691,FWD,55.5,155.0,
10251,711,J.Harmes,WBD,1,35,1,35.0,0.263,-4.995,-4.039784,FWD,35.0,155.0,50.0
5158,411,F.Maginness,HAW,1,11,1,11.0,0.368,-6.935,-6.444087999999999,MID,11.0,156.0,
6823,510,L.Shiels,NTH,1,7,1,7.0,0.368,-7.259,-6.675352,MID,7.0,157.0,
4938,4,C.Burgess,ADE,1,34,1,34.0,0.263,-5.076,-4.637053,FWD,34.0,157.5,
8682,623,B.Hill,STK,1,34,1,34.0,0.263,-5.076,-4.062924,FWD,34.0,157.5,
969,158,B.Mihocek,COL,2,32,1,50.5,0.263,-3.741,-3.370696,FWD,50.5,159.5,
10606,732,L.Vandermeer,WBD,1,32,1,32.0,0.263,-5.237,-4.7764869999999995,FWD,32.0,159.5,
7900,569,S.Campbell,RIC,2,31,1,50.5,0.263,-3.741,-3.6223870000000002,FWD,50.5,161.0,
3910,330,S.Mannagh,GEE,1,29,1,29.0,0.263,-5.48,-4.2833499999999995,FWD,29.0,162.5,
10827,747,J.Darling,WCE,1,29,1,29.0,0.263,-5.48,-4.771478,FWD,29.0,162.5,
884,152,F.Macrae,COL,1,28,1,28.0,0.263,-5.561,-5.116267,FWD,28.0,164.5,
10353,718,R.Lobb,WBD,1,28,1,28.0,0.263,-5.561,-4.474021,FWD,28.0,164.5,
5588,441,B.Fritsch,MEL,2,27,1,47.5,0.263,-3.984,-3.6928590000000003,FWD,47.5,166.5,
6272,479,C.Coleman-Jones,NTH,1,27,1,27.0,0.263,-5.642,-5.427392,FWD,27.0,166.5,
4056,340,T.Stengle,GEE,1,26,1,26.0,0.263,-5.722,-4.521931,FWD,26.0,168.5,
5365,429,N.Watson,HAW,1,26,1,26.0,0.263,-5.722,-4.702875000000001,FWD,26.0,168.5,
1498,188,H.Jones,ESS,1,24,1,24.0,0.263,-5.884,-5.036088,FWD,24.0,170.5,
11202,77,D.Robertson,BRL,1,24,1,24.0,0.263,-5.884,-5.829559,FWD,24.0,170.5,
8790,63,K.Lohmann,BRL,2,17,1,25.0,0.263,-5.803,-4.638698999999999,FWD,25.0,172.0,
54,102,C.Durdin,CAR,1,15,1,15.0,0.263,-6.612,-6.023669,FWD,15.0,173.5,
2169,226,N.Erasmus,FRE,1,15,1,15.0,0.263,-6.612,-6.415802,FWD,15.0,173.5,
474,13,L.Gollant,ADE,1,14,1,14.0,0.263,-6.693,-6.531518,FWD,14.0,175.5,
815,149,A.Johnson,COL,2,14,1,13.0,0.263,-6.774,-6.667748,FWD,13.0,175.5,
5159,411,F.Maginness,HAW,1,11,1,11.0,0.263,-6.935,-6.032121,FWD,11.0,177.5,
7473,545,J.McEntee,PTA,1,11,1,11.0,0.263,-6.935,-6.299855,FWD,11.0,177.5,
7298,532,F.Evans,PTA,1,10,1,10.0,0.263,-7.016,-6.209116,FWD,10.0,179.0,
3054,280,B.King,GCS,2,8,1,57.5,0.263,-3.175,-2.985114,FWD,57.5,180.5,
6222,476,T.Woewodin,MEL,1,8,1,8.0,0.263,-7.178,-6.700918000000001,FWD,8.0,180.5,
9931,692,S.Wicks,SYD,2,7,1,22.0,0.263,-6.046,-5.456091,FWD,22.0,182.0,
8585,613,L.Collard,STK,1,4,1,4.0,0.263,-7.501,-7.485483,FWD,4.0,183.0,
2251,230,L.Jackson,FRE,2,178,2,145.5,0.105,3.941,3.4214599999999997,RUC,81.1,1.0,1.0
2252,230,L.Jackson,FRE,2,178,2,145.5,0.263,3.941,3.140428,FWD,81.1,1.0,1.0
7214,526,Z.Butters,PTA,2,175,2,146.0,0.368,3.981,3.175448,MID,81.2,1.0,1.0
11166,766,J.McGovern,WCE,2,144,2,126.5,0.263,2.404,2.135214,DEF,79.5,1.0,
4171,350,K.Briggs,GWS,3,139,2,101.667,0.105,0.396,0.26286,RUC,78.5,2.0,2.0
7712,562,L.Baker,RIC,3,140,2,78.6667,0.263,-1.464,-1.480043,DEF,75.5,2.0,1.0
9407,663,E.Gulden,SYD,3,149,2,111.667,0.368,1.205,0.954024,MID,79.8,2.0,2.0
9786,681,T.Papley,SYD,3,155,2,113.333,0.263,1.34,0.862392,FWD,80.0,2.0,
4080,342,T.Stewart,GEE,2,134,2,119.5,0.263,1.838,1.34619,DEF,78.9,3.0,2.0
5874,459,C.Petracca,MEL,3,146,2,124.333,0.368,2.229,1.421976,MID,81.4,3.0,3.0
7713,562,L.Baker,RIC,3,140,2,78.6667,0.263,-1.464,-1.1460329999999999,FWD,75.5,3.0,2.0
10142,706,T.English,WBD,2,138,2,128.5,0.105,2.566,2.338675,RUC,79.7,3.0,3.0
2869,27,R.O'Brien,ADE,2,116,2,95.5,0.105,-0.103,-0.211465,RUC,76.8,4.0,4.0
7276,531,W.Drew,PTA,2,144,2,114.0,0.368,1.393,0.4163280000000001,MID,78.4,4.0,
10652,733,C.Weightman,WBD,2,135,2,96.0,0.263,-0.062,-0.42415100000000006,FWD,76.8,4.0,
2374,241,L.Ryan,FRE,2,127,2,146.0,0.263,3.981,3.471043,DEF,81.2,4.5,3.5
4635,384,S.Taylor,GWS,3,127,2,98.3333,0.263,0.127,-0.608874,DEF,78.0,4.5,3.5
490,133,D.Cameron,COL,3,114,2,113.667,0.105,1.367,1.23407,RUC,80.0,5.0,5.0
2397,242,C.Serong,FRE,2,141,2,155.5,0.368,4.749,3.482712,MID,82.0,5.0,4.0
6711,507,T.Powell,NTH,2,129,2,112.0,0.263,1.232,0.787004,FWD,78.2,5.0,3.0
4331,362,T.Green,GWS,3,137,2,140.333,0.368,3.523,2.364904,MID,83.5,6.0,5.0
4724,389,L.Whitfield,GWS,3,124,2,116.667,0.263,1.609,1.5692869999999999,DEF,80.4,6.0,5.0
5612,443,M.Gawn,MEL,3,113,2,115.667,0.105,1.528,1.5866950000000002,RUC,80.3,6.0,6.0
9456,666,I.Heeney,SYD,3,128,2,136.0,0.263,3.172,3.126764,FWD,83.0,6.0,4.0
1392,181,J.Gresham,ESS,2,121,2,88.5,0.263,-0.669,-1.138192,FWD,76.2,7.0,5.0
5335,425,J.Sicily,HAW,2,123,2,83.0,0.263,-1.113,-0.767944,DEF,75.7,7.0,6.0
6985,518,T.Xerri,NTH,2,108,2,107.5,0.105,0.868,0.949165,RUC,77.8,7.0,7.0
9953,695,M.Bontempelli,WBD,2,136,2,131.0,0.368,2.768,2.632576,MID,79.9,7.0,6.0
1733,197,Z.Merrett,ESS,2,132,2,129.5,0.368,2.647,2.1380559999999997,MID,79.7,8.0,7.0
3931,331,G.Miers,GEE,2,116,2,92.0,0.263,-0.386,-0.362067,FWD,76.5,8.0,6.0
8767,629,R.Marshall,STK,2,106,2,116.5,0.105,1.596,1.514415,RUC,78.6,8.0,8.0
8995,643,N.Wanganeen-Milera,STK,2,120,2,110.5,0.263,1.11,0.925374,DEF,78.1,8.0,7.0
2067,218,J.Clark,FRE,2,119,2,113.5,0.263,1.353,1.20572,DEF,78.3,9.0,8.0
3761,322,T.Hawkins,GEE,2,113,2,81.5,0.263,-1.235,-1.632393,FWD,75.6,9.0,
6712,507,T.Powell,NTH,2,129,2,112.0,0.368,1.232,-0.0740320000000001,MID,78.2,9.0,8.0
9384,662,B.Grundy,SYD,3,99,2,103.0,0.105,0.504,0.47796000000000005,RUC,78.7,9.0,9.0
8169,590,T.Nankervis,RIC,2,96,2,116.5,0.105,1.596,1.495095,RUC,78.6,10.0,10.0
8663,622,J.Higgins,STK,2,111,2,90.0,0.263,-0.547,-0.7571370000000001,FWD,76.3,10.0,
5309,423,J.Scrimshaw,HAW,2,113,2,79.0,0.263,-1.437,-1.4690860000000001,DEF,75.3,10.5,9.5
6802,509,H.Sheezel,NTH,2,113,2,121.5,0.263,2.0,2.047866,DEF,79.0,10.5,9.5
9455,666,I.Heeney,SYD,3,128,2,136.0,0.368,3.172,2.5261600000000004,MID,83.0,10.5,9.5
10025,7,M.Crouch,ADE,2,128,2,121.0,0.368,1.959,1.3378160000000001,MID,79.0,10.5,9.5
3455,304,M.Blicavs,GEE,2,93,2,92.0,0.105,-0.386,-0.740165,RUC,76.5,11.0,11.0
8755,628,M.King,STK,2,110,2,112.5,0.263,1.272,0.20921699999999988,FWD,78.3,11.0,
1869,204,W.Setterfield,ESS,2,126,2,122.5,0.368,2.081,1.47932,MID,79.1,12.0,11.0
3174,287,N.Moyle,GCS,1,90,2,90.0,0.105,-0.547,-0.69148,RUC,75.7,12.0,
5830,457,A.Neal-Bullen,MEL,3,109,2,80.0,0.263,-1.356,-0.9980570000000001,FWD,75.7,12.5,7.0
10100,704,S.Darcy,WBD,1,109,2,109.0,0.263,0.989,0.585032,FWD,76.5,12.5,
10856,749,L.Duggan,WCE,2,110,2,79.5,0.263,-1.396,-1.3268309999999999,DEF,75.4,12.5,11.5
11389,779,E.Yeo,WCE,2,110,2,103.0,0.263,0.504,0.585267,DEF,77.4,12.5,11.5
2028,215,A.Brayshaw,FRE,2,123,2,112.5,0.368,1.272,1.064816,MID,78.3,13.0,12.0
9689,677,H.McLean,SYD,3,80,2,63.0,0.105,-2.731,-2.836105,RUC,63.0,13.0,12.0
516,135,M.Cox,COL,3,77,2,60.6667,0.105,-2.919,-3.128475,RUC,60.7,14.0,
7385,537,D.Houston,PTA,2,108,2,111.0,0.263,1.151,1.1173359999999999,DEF,78.1,14.0,13.0
8834,633,M.Owens,STK,2,108,2,84.0,0.263,-1.032,-1.287899,FWD,75.8,14.0,8.0
1811,20,R.Laird,ADE,2,120,2,122.0,0.368,2.04,1.336384,MID,79.1,14.5,13.5
8956,640,J.Steele,STK,2,120,2,119.5,0.368,1.838,1.376896,MID,78.9,14.5,13.5
4654,385,H.Thomas,GWS,3,107,2,64.0,0.263,-2.65,-2.768876,FWD,64.0,15.0,
8118,588,B.Miller,RIC,1,68,2,68.0,0.105,-2.326,-2.4256450000000003,RUC,68.0,15.0,
9103,647,M.Windhager,STK,2,104,2,84.0,0.263,-1.032,-1.458849,DEF,75.8,15.0,
1287,177,S.Draper,ESS,1,55,2,55.0,0.105,-3.377,-3.3319550000000002,RUC,55.0,16.0,13.0
2906,273,S.Flanders,GCS,3,102,2,118.0,0.263,1.717,2.111237,FWD,80.6,16.0,9.0
3158,286,T.Miller,GCS,3,115,2,122.667,0.368,2.094,1.311264,MID,81.2,16.5,15.5
8266,594,D.Rioli,RIC,3,103,2,75.0,0.263,-1.76,-1.409684,DEF,75.0,16.5,14.5
10048,702,B.Dale,WBD,2,103,2,95.0,0.263,-0.143,-0.07751299999999998,DEF,76.7,16.5,14.5
10337,717,T.Liberatore,WBD,2,115,2,103.5,0.368,0.544,0.394592,MID,77.5,16.5,15.5
5305,421,N.Reeves,HAW,2,49,2,51.5,0.105,-3.66,-3.7957650000000003,RUC,51.5,17.0,
6457,488,Z.Fisher,NTH,2,101,2,75.5,0.263,-1.72,-1.2684289999999998,FWD,75.0,17.0,10.0
842,151,P.Lipinski,COL,3,100,2,81.0,0.263,-1.275,-1.1729559999999999,FWD,75.8,18.0,11.0
1378,180,T.Goldstein,ESS,2,48,2,56.0,0.105,-3.297,-3.3255600000000003,RUC,56.0,18.0,14.0
11390,779,E.Yeo,WCE,2,110,2,103.0,0.368,0.504,0.390656,MID,77.4,18.0,17.0
2824,266,S.Collins,GCS,3,102,2,94.6667,0.263,-0.17,-0.616311,DEF,77.6,18.5,
4434,369,C.Idun,GWS,3,102,2,90.3333,0.263,-0.52,-0.7112010000000001,DEF,77.0,18.5,16.0
5657,448,E.Langdon,MEL,3,108,2,84.3333,0.368,-1.005,-1.485976,MID,76.2,19.0,
7630,555,I.Soldo,PTA,2,44,2,84.5,0.105,-0.992,-1.11863,RUC,75.8,19.0,15.0
2006,214,B.Banfield,FRE,2,99,2,82.5,0.263,-1.154,-1.4109509999999998,FWD,75.7,19.5,
10519,726,R.Sanders,WBD,2,99,2,71.0,0.263,-2.084,-2.085578,FWD,71.0,19.5,12.0
4025,339,R.Stanley,GEE,2,42,2,40.0,0.105,-4.59,-4.479119999999999,RUC,40.0,20.0,
4653,385,H.Thomas,GWS,3,107,2,64.0,0.368,-2.65,-3.57736,MID,64.0,20.5,
6163,474,J.Viney,MEL,3,107,2,112.667,0.368,1.286,0.2537600000000001,MID,79.9,20.5,18.0
6456,488,Z.Fisher,NTH,2,101,2,75.5,0.263,-1.72,-1.5956009999999998,DEF,75.0,21.0,17.5
7313,533,K.Farrell,PTA,2,101,2,103.0,0.263,0.504,-0.02252599999999999,DEF,77.4,21.0,17.5
8443,606,J.Battle,STK,2,101,2,90.0,0.263,-0.547,-0.750299,DEF,76.3,21.0,
8641,621,L.Henry,STK,2,98,2,73.0,0.263,-1.922,-1.989328,FWD,73.0,21.0,
11311,776,B.Williams,WCE,2,40,2,66.0,0.105,-2.488,-2.61673,RUC,66.0,21.0,
6383,483,L.Davies-Uniacke,NTH,2,105,2,113.0,0.368,1.313,1.0646,MID,78.3,22.0,19.0
10723,738,H.Barnett,WCE,1,22,2,22.0,0.105,-6.046,-6.312385,RUC,22.0,22.0,
9102,647,M.Windhager,STK,2,104,2,84.0,0.368,-1.032,-1.8320319999999999,MID,75.8,23.0,
10268,712,J.Johannisen,WBD,2,98,2,97.0,0.263,0.019,-0.4720210000000001,DEF,76.9,23.0,
5935,461,K.Pickett,MEL,2,97,2,86.0,0.263,-0.871,-0.931753,FWD,76.0,23.5,13.5
6018,468,T.Sparrow,MEL,3,97,2,68.6667,0.263,-2.272,-2.182317,FWD,68.7,23.5,
7335,534,J.Finlayson,PTA,2,97,2,84.0,0.263,-1.032,-1.464109,FWD,75.8,23.5,13.5
7456,543,T.Marshall,PTA,2,97,2,101.0,0.263,0.342,-0.503282,FWD,77.3,23.5,
7201,525,R.Burton,PTA,2,97,2,95.5,0.263,-0.103,-0.761815,DEF,76.8,24.0,19.0
6758,508,B.Scott,NTH,2,96,2,84.0,0.263,-1.032,-1.397833,DEF,75.8,25.0,
2905,273,S.Flanders,GCS,3,102,2,118.0,0.368,1.717,1.692344,MID,80.6,25.5,21.0
4003,337,B.Parfitt,GEE,1,102,2,102.0,0.368,0.423,-0.9216719999999998,MID,76.2,25.5,
6967,517,G.Wardlaw,NTH,2,102,2,85.5,0.368,-0.911,-1.224536,MID,75.9,25.5,21.0
9904,690,C.Warner,SYD,3,102,2,115.0,0.368,1.474,0.9683679999999999,MID,80.2,25.5,21.0
7260,530,C.Dixon,PTA,2,96,2,103.0,0.263,0.504,0.13422199999999998,FWD,77.4,26.0,15.0
1673,194,A.McGrath,ESS,2,95,2,113.0,0.263,1.313,0.9240229999999999,DEF,78.3,27.0,21.0
3819,325,M.Holmes,GEE,2,95,2,103.5,0.263,0.544,0.458525,DEF,77.5,27.0,21.0
6142,472,J.van Rooyen,MEL,3,92,2,59.3333,0.263,-3.027,-2.817915,FWD,59.3,27.0,
6635,503,C.McKercher,NTH,2,95,2,91.5,0.263,-0.426,-0.546191,DEF,76.4,27.0,21.0
4227,353,A.Cadman,GWS,3,90,2,72.3333,0.263,-1.976,-2.384439,FWD,72.3,28.5,
5589,441,B.Fritsch,MEL,3,90,2,61.6667,0.263,-2.838,-2.8482570000000003,FWD,61.7,28.5,
843,151,P.Lipinski,COL,3,100,2,81.0,0.368,-1.275,-1.828472,MID,75.8,29.5,24.5
1052,163,S.Pendlebury,COL,3,100,2,86.3333,0.368,-0.844,-1.150544,MID,76.5,29.5,24.5
8391,601,T.Taranto,RIC,3,100,2,84.6667,0.368,-0.979,-0.932264,MID,76.3,29.5,24.5
10563,730,A.Treloar,WBD,2,100,2,95.5,0.368,-0.103,0.44973599999999997,MID,76.8,29.5,24.5
986,16,M.Hinge,ADE,2,94,2,98.0,0.263,0.1,-0.022820999999999994,DEF,77.0,30.0,23.0
1945,212,J.Aish,FRE,2,94,2,98.0,0.263,0.1,-0.889143,DEF,77.0,30.0,
9497,667,J.Jordon,SYD,3,88,2,84.3333,0.263,-1.005,-1.1675339999999998,FWD,76.2,30.0,16.0
9831,685,M.Roberts,SYD,3,94,2,79.6667,0.263,-1.383,-1.4650560000000001,DEF,75.6,30.0,
3117,283,J.Lukosius,GCS,3,87,2,72.3333,0.263,-1.976,-1.895259,FWD,72.3,31.0,
1629,193,N.Martin,ESS,2,93,2,78.0,0.263,-1.518,-0.898372,DEF,75.3,32.0,24.0
7819,566,S.Bolton,RIC,3,86,2,72.6667,0.263,-1.949,-1.630507,FWD,72.7,32.0,17.0
10438,721,A.Naughton,WBD,2,85,2,62.5,0.263,-2.771,-2.401748,FWD,62.5,33.0,18.0
591,137,J.Daicos,COL,3,99,2,87.3333,0.368,-0.763,-0.9823280000000001,MID,76.6,33.5,28.5
916,154,B.Maynard,COL,3,92,2,105.333,0.263,0.693,-0.008684000000000025,DEF,79.0,33.5,25.5
3184,289,W.Powell,GCS,3,92,2,111.0,0.263,1.151,0.617636,DEF,79.7,33.5,25.5
3230,293,M.Rowell,GCS,3,99,2,130.333,0.368,2.714,1.6869120000000002,MID,82.2,33.5,28.5
7664,560,O.Wines,PTA,2,99,2,96.5,0.368,-0.022,-0.14601599999999998,MID,76.9,33.5,28.5
10518,726,R.Sanders,WBD,2,99,2,71.0,0.368,-2.084,-2.817792,MID,71.0,33.5,28.5
5120,410,C.Mackenzie,HAW,2,82,2,69.5,0.263,-2.205,-2.226566,FWD,69.5,34.5,19.0
9656,676,J.McInerney,SYD,3,82,2,81.6667,0.263,-1.221,-0.9666790000000001,FWD,75.9,34.5,
5441,430,J.Weddle,HAW,2,91,2,92.5,0.263,-0.345,-0.9059790000000001,DEF,76.5,35.5,
10478,725,E.Richards,WBD,2,91,2,81.0,0.263,-1.275,-0.8968059999999999,DEF,75.5,35.5,27.0
3592,31,I.Rankine,ADE,2,81,2,89.0,0.263,-0.628,-0.17037999999999992,FWD,76.2,36.0,20.0
2647,257,N.Anderson,GCS,3,98,2,116.333,0.368,1.582,1.142976,MID,80.4,36.5,31.0
8640,621,L.Henry,STK,2,98,2,73.0,0.368,-1.922,-2.75,MID,73.0,36.5,
3978,335,M.O'Connor,GEE,2,90,2,89.0,0.263,-0.628,-1.569803,DEF,76.2,37.5,
7076,522,M.Bergman,PTA,2,90,2,89.0,0.263,-0.628,-0.993044,DEF,76.2,37.5,
6019,468,T.Sparrow,MEL,3,97,2,68.6667,0.368,-2.272,-2.8729439999999995,MID,68.7,38.0,
5544,439,K.Chandler,MEL,3,80,2,71.0,0.263,-2.084,-2.0784770000000004,FWD,71.0,38.5,
7901,569,S.Campbell,RIC,3,80,2,60.3333,0.263,-2.946,-3.0364720000000003,FWD,60.3,38.5,
8053,584,R.Mansell,RIC,2,80,2,64.0,0.263,-2.65,-2.58162,FWD,64.0,38.5,
9690,677,H.McLean,SYD,3,80,2,63.0,0.263,-2.731,-2.425657,FWD,63.0,38.5,21.0
5957,462,T.Rivers,MEL,3,88,2,68.3333,0.263,-2.299,-1.9973389999999998,DEF,68.3,39.0,28.0
6757,508,B.Scott,NTH,2,96,2,84.0,0.368,-1.032,-1.7484959999999998,MID,75.8,39.5,
11663,9,J.Dawson,ADE,2,96,2,89.0,0.368,-0.628,-0.424864,MID,76.2,39.5,32.0
3116,283,J.Lukosius,GCS,3,87,2,72.3333,0.263,-1.976,-2.2663520000000004,DEF,72.3,41.0,
4843,396,M.D'Ambrosio,HAW,2,87,2,104.5,0.263,0.625,0.20604100000000003,DEF,77.6,41.0,
9316,658,O.Florent,SYD,3,87,2,82.0,0.263,-1.194,-1.374418,DEF,75.9,41.0,
3818,325,M.Holmes,GEE,2,95,2,103.5,0.368,0.544,0.201392,MID,77.5,41.5,33.5
6636,503,C.McKercher,NTH,2,95,2,91.5,0.368,-0.426,-0.809456,MID,76.4,41.5,33.5
4291,357,B.Daniels,GWS,3,79,2,80.6667,0.263,-1.302,-0.836227,FWD,75.7,42.0,22.0
4992,403,B.Hardwick,HAW,2,79,2,76.0,0.263,-1.679,-1.476227,FWD,75.1,42.0,
7237,527,D.Byrne-Jones,PTA,2,79,2,77.5,0.263,-1.558,-1.677928,FWD,75.2,42.0,
1946,212,J.Aish,FRE,2,94,2,98.0,0.368,0.1,-1.4798239999999998,MID,77.0,44.0,
5464,432,J.Worpel,HAW,2,94,2,103.0,0.368,0.504,-0.266592,MID,77.4,44.0,35.0
8074,585,D.*** Martin,RIC,2,78,2,77.0,0.263,-1.598,-1.7142460000000002,FWD,75.2,44.0,23.0
9832,685,M.Roberts,SYD,3,94,2,79.6667,0.368,-1.383,-1.707208,MID,75.6,44.0,
1427,184,D.Heppell,ESS,2,86,2,96.0,0.263,-0.062,-0.291599,DEF,76.8,44.5,
3773,323,J.Henry,GEE,2,86,2,67.0,0.263,-2.407,-2.598201,DEF,67.0,44.5,
9032,645,C.Wilkie,STK,2,86,2,82.0,0.263,-1.194,-1.0235759999999998,DEF,75.6,44.5,29.5
9228,652,N.Blakey,SYD,3,86,2,98.0,0.263,0.1,0.087113,DEF,78.0,44.5,29.5
515,135,M.Cox,COL,3,77,2,60.6667,0.263,-2.919,-2.84536,FWD,60.7,45.5,
1583,190,K.Langford,ESS,2,77,2,81.5,0.263,-1.235,-1.076411,FWD,75.6,45.5,24.0
1628,193,N.Martin,ESS,2,93,2,78.0,0.368,-1.518,-0.878048,MID,75.3,47.0,37.0
3456,304,M.Blicavs,GEE,2,93,2,92.0,0.368,-0.386,-1.54704,MID,76.5,47.0,37.0
4270,355,S.Coniglio,GWS,3,93,2,105.667,0.368,0.72,-0.427424,MID,79.0,47.0,37.0
9978,696,L.Bramble,WBD,2,84,2,95.5,0.263,-0.103,-0.73946,DEF,76.8,47.5,
10725,739,T.Barrass,WCE,2,84,2,55.5,0.263,-3.337,-2.817838,DEF,55.5,47.5,
3607,310,B.Close,GEE,2,76,2,67.5,0.263,-2.367,-2.34333,FWD,67.5,48.5,
7299,532,F.Evans,PTA,2,76,2,43.0,0.263,-4.348,-4.2428,FWD,43.0,48.5,
7488,547,J.Mead,PTA,2,76,2,62.0,0.263,-2.811,-2.668454,FWD,62.0,48.5,
10799,745,J.Cripps,WCE,2,76,2,81.0,0.263,-1.275,-1.208724,FWD,75.5,48.5,
10479,725,E.Richards,WBD,2,91,2,81.0,0.368,-1.275,-0.968456,MID,75.5,49.0,39.0
1009,160,D.Moore,COL,3,83,2,79.3333,0.263,-1.41,-1.645648,DEF,75.6,49.5,31.0
5289,42,J.Worrell,ADE,2,83,2,90.5,0.263,-0.507,-0.7016200000000001,DEF,76.3,49.5,
3979,335,M.O'Connor,GEE,2,90,2,89.0,0.368,-0.628,-2.1375360000000003,MID,76.2,51.0,
7077,522,M.Bergman,PTA,2,90,2,89.0,0.368,-0.628,-1.345968,MID,76.2,51.0,
7606,552,C.Rozee,PTA,2,90,2,102.0,0.368,0.423,0.09327200000000002,MID,77.3,51.0,40.0
300,12,D.Fogarty,ADE,2,74,2,60.0,0.263,-2.973,-2.626629,FWD,60.0,51.5,
970,158,B.Mihocek,COL,3,74,2,58.3333,0.263,-3.108,-2.904175,FWD,58.3,51.5,
4206,352,J.Buckley,GWS,3,82,2,78.6667,0.263,-1.464,-1.598393,DEF,75.5,52.5,
4590,379,H.Perryman,GWS,2,82,2,75.0,0.263,-1.76,-1.83101,DEF,75.0,52.5,
4757,390,K.Amon,HAW,2,82,2,85.5,0.263,-0.911,-0.817372,DEF,75.9,52.5,32.0
5793,454,J.McVee,MEL,3,82,2,82.0,0.263,-1.194,-1.596916,DEF,75.9,52.5,
9498,667,J.Jordon,SYD,3,88,2,84.3333,0.368,-1.005,-1.950024,MID,76.2,54.0,41.5
9946,693,O.Baker,WBD,1,88,2,88.0,0.368,-0.709,-2.321576,MID,75.6,54.0,
11120,762,T.Kelly,WCE,2,88,2,85.5,0.368,-0.911,-0.8546960000000001,MID,75.9,54.0,41.5
1770,199,A.Perkins,ESS,2,73,2,98.5,0.263,0.14,-0.404673,FWD,77.0,54.5,
2460,247,S.Switkowski,FRE,2,73,2,77.5,0.263,-1.558,-1.340499,FWD,75.2,54.5,
4354,363,T.Greene,GWS,3,73,2,68.6667,0.263,-2.272,-1.8212179999999998,FWD,68.7,54.5,25.0
9430,665,W.Hayward,SYD,3,73,2,67.0,0.263,-2.407,-2.213695,FWD,67.0,54.5,
7686,561,B.Zerk-Thatcher,PTA,2,81,2,86.5,0.263,-0.83,-1.511959,DEF,76.0,55.5,
9567,671,J.Lloyd,SYD,3,81,2,71.3333,0.263,-2.057,-1.913139,DEF,71.3,55.5,33.0
2891,272,B.Fiorini,GCS,3,87,2,98.6667,0.368,0.154,-1.0217599999999998,MID,78.1,57.0,
4842,396,M.D'Ambrosio,HAW,2,87,2,104.5,0.368,0.625,-0.17576799999999992,MID,77.6,57.0,
8298,596,J.Ross,RIC,3,87,2,56.6667,0.368,-3.243,-3.5098000000000003,MID,56.7,57.0,
954,156,R.McInnes,COL,1,72,2,72.0,0.263,-2.003,-2.665234,FWD,72.0,58.0,
1193,173,J.Caldwell,ESS,2,72,2,69.5,0.263,-2.205,-1.403113,FWD,69.5,58.0,26.0
8684,623,B.Hill,STK,2,72,2,53.0,0.263,-3.539,-2.930155,FWD,53.0,58.0,
3885,329,J.Kolodjashnij,GEE,2,79,2,85.0,0.263,-0.952,-1.455119,DEF,75.9,58.5,
4388,367,H.Himmelberg,GWS,3,79,2,79.6667,0.263,-1.383,-1.1760190000000001,DEF,75.6,58.5,34.0
4991,403,B.Hardwick,HAW,2,79,2,76.0,0.263,-1.679,-1.8270689999999998,DEF,75.1,58.5,
11015,758,J.Hunt,WCE,2,79,2,86.0,0.263,-0.871,-1.4719550000000001,DEF,76.0,58.5,
7820,566,S.Bolton,RIC,3,86,2,72.6667,0.368,-1.949,-2.195192,MID,72.7,59.0,43.0
8874,636,S.Ross,STK,2,85,2,70.0,0.368,-2.164,-2.622896,MID,70.0,60.0,
10073,703,C.Daniel,WBD,2,70,2,57.5,0.263,-3.175,-3.212872,FWD,57.5,60.0,27.0
701,143,B.Frampton,COL,1,78,2,78.0,0.263,-1.518,-2.3711719999999996,DEF,75.1,61.5,
1320,178,S.Durham,ESS,2,84,2,86.5,0.368,-0.83,-1.0272480000000002,MID,76.0,61.5,
2199,228,N.Fyfe,FRE,2,69,2,86.0,0.263,-0.871,-1.036164,FWD,76.0,61.5,28.5
5491,434,J.Billings,MEL,3,69,2,66.3333,0.263,-2.461,-2.495453,FWD,66.3,61.5,28.5
8908,639,J.Sinclair,STK,1,78,2,78.0,0.263,-1.518,-0.7650309999999999,DEF,75.1,61.5,35.0
9977,696,L.Bramble,WBD,2,84,2,95.5,0.368,-0.103,-1.1970640000000001,MID,76.8,61.5,
5982,463,C.Salem,MEL,3,77,2,85.3333,0.263,-0.925,-1.146446,DEF,76.3,63.0,36.0
2247,23,W.Milera,ADE,2,75,2,80.5,0.263,-1.315,-1.78051,DEF,75.5,64.0,37.0
2781,264,L.Casboult,GCS,3,68,2,47.3333,0.263,-3.997,-3.883384,FWD,47.3,64.0,
4149,349,T.Bedford,GWS,3,68,2,54.0,0.263,-3.458,-3.139507,FWD,54.0,64.0,
8117,588,B.Miller,RIC,1,68,2,68.0,0.263,-2.326,-2.01829,FWD,68.0,64.0,
4756,390,K.Amon,HAW,2,82,2,85.5,0.368,-0.911,-0.9974799999999999,MID,75.9,64.5,45.0
5121,410,C.Mackenzie,HAW,2,82,2,69.5,0.368,-2.205,-2.97228,MID,69.5,64.5,45.0
5853,458,C.Oliver,MEL,3,82,2,92.3333,0.368,-0.359,-0.943016,MID,77.3,64.5,45.0
9655,676,J.McInerney,SYD,3,82,2,81.6667,0.368,-1.221,-1.5426320000000002,MID,75.9,64.5,
6572,5,J.Butts,ADE,2,74,2,65.5,0.263,-2.528,-3.0432170000000003,DEF,65.5,65.5,
9254,654,B.Campbell,SYD,3,74,2,56.3333,0.263,-3.27,-3.6944820000000003,DEF,56.3,65.5,
3055,280,B.King,GCS,3,67,2,60.6667,0.263,-2.919,-2.796442,FWD,60.7,66.0,
5040,405,J.Impey,HAW,2,73,2,83.0,0.263,-1.113,-1.188744,DEF,75.7,67.0,
9568,671,J.Lloyd,SYD,3,81,2,71.3333,0.368,-2.057,-2.0662000000000003,MID,71.3,67.0,47.0
2485,249,J.Treacy,FRE,2,66,2,70.5,0.263,-2.124,-1.58485,FWD,70.5,68.0,
4411,368,J.Hogan,GWS,3,66,2,114.667,0.263,1.447,1.2494870000000002,FWD,80.2,68.0,30.0
6555,499,C.Lazzaro,NTH,2,66,2,54.0,0.263,-3.458,-3.7044309999999996,FWD,54.0,68.0,
8413,603,N.Vlastuin,RIC,3,71,2,107.667,0.263,0.881,0.494127,DEF,79.3,68.0,38.0
11016,758,J.Hunt,WCE,2,79,2,86.0,0.368,-0.871,-1.911336,MID,76.0,68.0,
2733,260,C.Ballard,GCS,3,69,2,84.0,0.263,-1.032,-1.6679340000000002,DEF,76.2,69.5,
4495,372,J.Kelly,GWS,3,78,2,97.0,0.368,0.019,-0.09875999999999999,MID,77.9,69.5,48.5
8404,602,J.Trezise,RIC,1,69,2,69.0,0.263,-2.245,-2.7565350000000004,DEF,69.0,69.5,
8909,639,J.Sinclair,STK,1,78,2,78.0,0.368,-1.518,-0.69552,MID,75.1,69.5,48.5
5639,445,B.Howes,MEL,3,68,2,74.3333,0.263,-1.814,-2.402068,DEF,74.3,71.0,
4102,343,Z.Tuohy,GEE,2,77,2,75.5,0.368,-1.72,-2.4744,MID,75.0,71.5,
5983,463,C.Salem,MEL,3,77,2,85.3333,0.368,-0.925,-1.44388,MID,76.3,71.5,50.0
4820,395,M.Chol,HAW,2,65,2,70.0,0.263,-2.164,-2.1321770000000004,FWD,70.0,72.0,
4953,400,J.Ginnivan,HAW,2,65,2,78.0,0.263,-1.518,-1.447779,FWD,75.3,72.0,
5100,41,T.Walker,ADE,1,65,2,65.0,0.263,-2.569,-2.405414,FWD,65.0,72.0,31.0
8891,638,C.Sharman,STK,2,65,2,60.0,0.263,-2.973,-2.904883,FWD,60.0,72.0,
10304,716,B.Khamis,WBD,2,65,2,58.0,0.263,-3.135,-3.171557,FWD,58.0,72.0,
1072,164,I.Quaynor,COL,3,67,2,69.0,0.263,-2.245,-2.707091,DEF,69.0,73.0,39.0
2525,251,B.Walker,FRE,1,67,2,67.0,0.263,-2.407,-2.755738,DEF,67.0,73.0,
7489,547,J.Mead,PTA,2,76,2,62.0,0.368,-2.811,-3.347912,MID,62.0,73.0,
9611,674,T.McCartin,SYD,3,67,2,63.6667,0.263,-2.677,-2.8913450000000003,DEF,63.7,73.0,
9253,654,B.Campbell,SYD,3,74,2,56.3333,0.368,-3.27,-4.050896,MID,56.3,74.5,
10965,754,R.Ginbey,WCE,2,74,2,67.5,0.368,-2.367,-2.753768,MID,67.5,74.5,
4057,340,T.Stengle,GEE,2,64,2,45.0,0.263,-4.186,-3.3898989999999998,FWD,45.0,75.0,
547,136,J.Crisp,COL,3,66,2,64.3333,0.263,-2.623,-2.201674,DEF,64.3,76.0,40.0
1356,18,M.Keane,ADE,1,66,2,66.0,0.263,-2.488,-2.355711,DEF,66.0,76.0,
10278,714,L.Jones,WBD,2,66,2,54.5,0.263,-3.418,-3.249417,DEF,54.5,76.0,
1769,199,A.Perkins,ESS,2,73,2,98.5,0.368,0.14,-1.348928,MID,77.0,77.0,
3635,312,P.Dangerfield,GEE,2,73,2,103.5,0.368,0.544,-0.35465599999999997,MID,77.5,77.0,51.5
5243,417,C.Nash,HAW,2,73,2,76.0,0.368,-1.679,-2.05436,MID,75.1,77.0,51.5
10305,716,B.Khamis,WBD,2,65,2,58.0,0.263,-3.135,-3.584993,DEF,58.0,78.0,
733,145,B.Hill,COL,3,63,2,54.3333,0.263,-3.431,-3.084103,FWD,54.3,78.5,
2177,227,M.Frederick,FRE,2,63,2,50.0,0.263,-3.782,-3.648659,FWD,50.0,78.5,
7123,523,T.Boak,PTA,2,63,2,76.5,0.263,-1.639,-1.367847,FWD,75.1,78.5,
9932,692,S.Wicks,SYD,3,63,2,35.6667,0.263,-4.941,-4.641706,FWD,35.7,78.5,
10748,741,T.Brockman,WCE,2,63,2,51.5,0.263,-3.66,-3.7652,FWD,51.5,78.5,
11209,770,H.Reid,WCE,2,63,2,70.5,0.263,-2.124,-1.6769,FWD,70.5,78.5,32.0
1194,173,J.Caldwell,ESS,2,72,2,69.5,0.368,-2.205,-1.7288080000000001,MID,69.5,80.0,53.0
2241,229,E.Hughes,FRE,2,64,2,58.0,0.263,-3.135,-3.523451,DEF,58.0,80.0,
2296,231,M.Johnson,FRE,2,72,2,52.0,0.368,-3.62,-3.7719840000000002,MID,52.0,80.0,
3323,298,B.Uwland,GCS,3,64,2,54.0,0.263,-3.458,-3.206309,DEF,54.0,80.0,
8321,598,J.Short,RIC,3,64,2,94.0,0.263,-0.224,-0.572738,DEF,77.5,80.0,41.0
8685,623,B.Hill,STK,2,72,2,53.0,0.368,-3.539,-3.392904,MID,53.0,80.0,
4456,37,J.Soligo,ADE,2,71,2,44.5,0.368,-4.226,-3.4127199999999998,MID,44.5,82.0,
7881,568,T.Brown,RIC,1,63,2,63.0,0.263,-2.731,-3.132864,DEF,63.0,82.0,
1930,211,P.Wright,ESS,2,62,2,60.5,0.263,-2.933,-2.530084,FWD,60.5,82.5,
11291,775,J.Waterman,WCE,2,62,2,67.5,0.263,-2.367,-1.792608,FWD,67.5,82.5,
4713,388,J.Wehr,GWS,3,70,2,54.6667,0.368,-3.404,-3.936128,MID,54.7,83.5,
10072,703,C.Daniel,WBD,2,70,2,57.5,0.368,-3.175,-3.995272,MID,57.5,83.5,54.0
2567,255,H.Young,FRE,2,62,2,66.0,0.263,-2.488,-1.714254,DEF,66.0,84.5,42.0
4916,399,S.Frost,HAW,2,62,2,59.0,0.263,-3.054,-3.571058,DEF,59.0,84.5,
10776,744,T.Cole,WCE,2,62,2,59.5,0.263,-3.014,-3.0384589999999996,DEF,59.5,84.5,
10991,757,B.Hough,WCE,2,62,2,57.5,0.263,-3.175,-3.282041,DEF,57.5,84.5,
2198,228,N.Fyfe,FRE,2,69,2,86.0,0.368,-0.871,-1.816024,MID,76.0,85.5,55.5
5490,434,J.Billings,MEL,3,69,2,66.3333,0.368,-2.461,-3.2551439999999996,MID,66.3,85.5,55.5
6273,479,C.Coleman-Jones,NTH,2,61,2,44.0,0.263,-4.267,-4.414017,FWD,44.0,86.0,
6360,482,P.Curtis,NTH,2,61,2,58.5,0.263,-3.094,-2.9267320000000003,FWD,58.5,86.0,
7008,519,C.Zurhaar,NTH,2,61,2,66.0,0.263,-2.488,-2.232364,FWD,66.0,86.0,
8815,631,T.Membrey,STK,2,61,2,63.5,0.263,-2.69,-2.520102,FWD,63.5,86.0,
10934,751,L.Edwards,WCE,2,61,2,55.5,0.263,-3.337,-3.5171550000000003,FWD,55.5,86.0,
1146,17,C.Jones,ADE,2,61,2,45.5,0.263,-4.146,-4.074464,DEF,45.5,87.0,
548,136,J.Crisp,COL,3,66,2,64.3333,0.368,-2.623,-2.24764,MID,64.3,88.5,57.5
5266,418,J.Newcombe,HAW,2,66,2,66.0,0.368,-2.488,-1.744272,MID,66.0,88.5,57.5
5355,428,J.Ward,HAW,2,66,2,58.5,0.368,-3.094,-3.8362559999999997,MID,58.5,88.5,
6556,499,C.Lazzaro,NTH,2,66,2,54.0,0.368,-3.458,-4.601376,MID,54.0,88.5,
3649,313,S.De Koning,GEE,2,60,2,52.0,0.263,-3.62,-3.4842920000000004,DEF,52.0,89.0,
3738,320,Z.Guthrie,GEE,2,60,2,68.0,0.263,-2.326,-2.076676,DEF,68.0,89.0,
7053,520,A.Aliir,PTA,2,60,2,69.5,0.263,-2.205,-2.21815,DEF,69.5,89.0,
1104,167,L.Schultz,COL,3,60,2,63.0,0.263,-2.731,-2.6165950000000002,FWD,63.0,91.0,34.0
3367,30,J.Rachele,ADE,2,60,2,69.0,0.263,-2.245,-2.182143,FWD,69.0,91.0,34.0
3796,324,O.Henry,GEE,2,60,2,61.5,0.263,-2.852,-2.923536,FWD,61.5,91.0,
4526,377,X.O'Halloran,GWS,3,60,2,47.0,0.263,-4.024,-3.781514,FWD,47.0,91.0,
6840,511,J.Simpkin,NTH,1,60,2,60.0,0.263,-2.973,-2.324705,FWD,60.0,91.0,34.0
8520,609,R.Byrnes,STK,2,65,2,73.0,0.368,-1.922,-2.810352,MID,73.0,91.0,
4311,36,B.Smith,ADE,2,58,2,63.0,0.263,-2.731,-2.9245680000000003,DEF,63.0,92.0,
6681,506,T.Pink,NTH,2,58,2,51.0,0.263,-3.701,-4.317998,DEF,51.0,92.0,
8979,641,L.Stocker,STK,2,58,2,54.0,0.263,-3.458,-3.7625539999999997,DEF,54.0,92.0,
2420,243,J.Sharp,FRE,2,63,2,66.5,0.368,-2.448,-2.7836160000000003,MID,66.5,93.5,
7122,523,T.Boak,PTA,2,63,2,76.5,0.368,-1.639,-1.9477520000000001,MID,75.1,93.5,
10689,735,B.Williams,WBD,2,63,2,65.0,0.368,-2.569,-2.597336,MID,65.0,93.5,
11208,770,H.Reid,WCE,2,63,2,70.5,0.368,-2.124,-2.18104,MID,70.5,93.5,59.0
3669,314,O.Dempsey,GEE,2,59,2,77.5,0.263,-1.558,-1.379423,FWD,75.2,94.5,
6337,481,A.Corr,NTH,2,57,2,45.5,0.263,-4.146,-3.94875,DEF,45.5,94.5,
7161,524,J.Burgoyne,PTA,1,57,2,57.0,0.263,-3.216,-2.8364910000000005,DEF,57.0,94.5,
9056,646,D.Wilson,STK,2,59,2,62.5,0.263,-2.771,-2.532985,FWD,62.5,94.5,
1605,191,J.Laverde,ESS,1,55,2,55.0,0.263,-3.377,-3.300204,DEF,55.0,96.0,
2568,255,H.Young,FRE,2,62,2,66.0,0.368,-2.488,-1.629824,MID,66.0,96.0,60.0
6682,506,T.Pink,NTH,2,58,2,51.0,0.263,-3.701,-3.875895,FWD,51.0,96.5,
11185,767,J.Petruccelle,WCE,2,58,2,55.5,0.263,-3.337,-3.3151710000000003,FWD,55.5,96.5,
1147,17,C.Jones,ADE,2,61,2,45.5,0.368,-4.146,-4.240208,MID,45.5,97.5,
10933,751,L.Edwards,WCE,2,61,2,55.5,0.368,-3.337,-4.376968,MID,55.5,97.5,
616,138,N.Daicos,COL,3,54,2,106.667,0.263,0.8,1.142163,DEF,79.1,98.0,43.0
795,147,J.Howe,COL,2,54,2,59.5,0.263,-3.014,-2.6573719999999996,DEF,59.5,98.0,
2090,22,M.Michalanney,ADE,2,54,2,67.0,0.263,-2.407,-2.623186,DEF,67.0,98.0,
3553,307,J.Cameron,GEE,2,57,2,88.5,0.263,-0.669,-0.456496,FWD,76.2,98.5,36.0
3912,330,S.Mannagh,GEE,2,57,2,43.0,0.263,-4.348,-3.4490659999999997,FWD,43.0,98.5,
5709,450,J.Lever,MEL,3,52,2,62.6667,0.263,-2.757,-2.7643640000000005,DEF,62.7,100.0,44.0
1342,179,X.Duursma,ESS,2,60,2,56.5,0.368,-3.256,-2.979632,MID,56.5,100.5,
3575,308,J.Clark,GEE,2,60,2,36.5,0.368,-4.873,-5.28884,MID,36.5,100.5,
4525,377,X.O'Halloran,GWS,3,60,2,47.0,0.368,-4.024,-4.44536,MID,47.0,100.5,
6841,511,J.Simpkin,NTH,1,60,2,60.0,0.368,-2.973,-2.750728,MID,60.0,100.5,61.0
939,155,B.McCreery,COL,3,56,2,60.0,0.263,-2.973,-2.965899,FWD,60.0,101.0,
5078,409,C.Macdonald,HAW,2,56,2,54.5,0.263,-3.418,-2.784959,FWD,54.5,101.0,37.0
5367,429,N.Watson,HAW,2,56,2,41.0,0.263,-4.509,-3.8088940000000004,FWD,41.0,101.0,
5895,460,H.Petty,MEL,1,50,2,50.0,0.263,-3.782,-4.02396,DEF,50.0,101.5,
9733,678,L.Melican,SYD,3,50,2,47.6667,0.263,-3.97,-4.145158,DEF,47.7,101.5,
3670,314,O.Dempsey,GEE,2,59,2,77.5,0.368,-1.558,-2.004016,MID,75.2,103.5,
9057,646,D.Wilson,STK,2,59,2,62.5,0.368,-2.771,-3.162552,MID,62.5,103.5,
688,142,J.Elliott,COL,3,55,2,51.3333,0.263,-3.674,-3.242417,FWD,51.3,104.0,
1288,177,S.Draper,ESS,1,55,2,55.0,0.263,-3.377,-2.7150289999999995,FWD,55.0,104.0,38.0
2545,252,M.Walters,FRE,2,55,2,51.0,0.263,-3.701,-3.749655,FWD,51.0,104.0,
6923,516,D.Tucker,NTH,2,49,2,49.5,0.263,-3.822,-3.666041,DEF,49.5,104.5,
7748,563,N.Balta,RIC,3,49,2,83.6667,0.263,-1.059,-1.733595,DEF,76.1,104.5,
8468,607,R.Bonner,STK,2,49,2,75.5,0.263,-1.72,-1.8607049999999998,DEF,75.0,104.5,45.0
11098,761,J.Jones,WCE,1,49,2,49.0,0.263,-3.863,-4.214894,DEF,49.0,104.5,
3913,330,S.Mannagh,GEE,2,57,2,43.0,0.368,-4.348,-3.7875360000000002,MID,43.0,105.5,
7160,524,J.Burgoyne,PTA,1,57,2,57.0,0.368,-3.216,-2.893632,MID,57.0,105.5,
4612,381,J.Riccardi,GWS,3,54,2,50.0,0.263,-3.782,-3.475342,FWD,50.0,106.5,
4939,4,C.Burgess,ADE,2,54,2,44.0,0.263,-4.267,-4.04082,FWD,44.0,106.5,
3256,295,A.Sexton,GCS,3,47,2,61.0,0.263,-2.892,-2.743931,DEF,61.0,107.0,46.0
4247,354,F.Callaghan,GWS,2,56,2,59.5,0.368,-3.014,-2.690896,MID,59.5,107.5,62.0
5366,429,N.Watson,HAW,2,56,2,41.0,0.368,-4.509,-4.253608000000001,MID,41.0,107.5,
2773,263,C.Budarick,GCS,3,46,2,52.3333,0.263,-3.593,-3.567752,DEF,52.3,108.5,47.0
6430,487,Z.Duursma,NTH,2,53,2,62.0,0.263,-2.811,-3.289134,FWD,62.0,108.5,
9630,675,L.McDonald,SYD,3,53,2,70.3333,0.263,-2.138,-2.1301099999999997,FWD,70.3,108.5,
11055,759,C.Jamieson,WCE,2,46,2,54.5,0.263,-3.418,-3.558705,DEF,54.5,108.5,
617,138,N.Daicos,COL,3,54,2,106.667,0.368,0.8,1.042512,MID,79.1,109.0,63.0
6431,487,Z.Duursma,NTH,2,53,2,62.0,0.368,-2.811,-4.285576,MID,62.0,110.0,
1,1,S.Berry,ADE,2,52,2,66.0,0.368,-2.488,-3.0473600000000003,MID,66.0,111.0,
1240,174,N.Cox,ESS,2,44,2,48.5,0.263,-3.903,-4.169156,DEF,48.5,111.0,
1882,206,J.Stringer,ESS,2,52,2,66.0,0.263,-2.488,-2.378329,FWD,66.0,111.0,
2479,248,M.Taberner,FRE,1,52,2,52.0,0.263,-3.62,-3.8424980000000004,FWD,52.0,111.0,
6611,502,L.McDonald,NTH,1,44,2,44.0,0.263,-4.267,-3.9826970000000004,DEF,44.0,111.0,
7999,579,D.Grimes,RIC,3,44,2,36.6667,0.263,-4.86,-5.119318,DEF,36.7,111.0,
9206,650,J.Amartey,SYD,3,52,2,36.0,0.263,-4.914,-4.355125,FWD,36.0,111.0,
9869,686,J.Rowbottom,SYD,3,51,2,95.6667,0.368,-0.089,-0.370152,MID,77.7,112.0,64.0
5894,460,H.Petty,MEL,1,50,2,50.0,0.263,-3.782,-3.613943,FWD,50.0,113.0,
6406,484,K.Dawson,NTH,2,42,2,53.0,0.263,-3.539,-3.826985,DEF,53.0,113.5,
10607,732,L.Vandermeer,WBD,2,42,2,37.0,0.263,-4.833,-4.897698,DEF,37.0,113.5,
6922,516,D.Tucker,NTH,2,49,2,49.5,0.368,-3.822,-3.8024959999999997,MID,49.5,114.0,
7946,574,T.Dow,RIC,3,49,2,46.3333,0.368,-4.078,-4.200912,MID,46.3,114.0,
8467,607,R.Bonner,STK,2,49,2,75.5,0.368,-1.72,-2.122224,MID,75.0,114.0,65.0
7749,563,N.Balta,RIC,3,49,2,83.6667,0.263,-1.059,-1.3493519999999999,FWD,76.1,114.5,
11097,761,J.Jones,WCE,1,49,2,49.0,0.263,-3.863,-3.793042,FWD,49.0,114.5,
2340,239,A.Pearce,FRE,2,38,2,73.0,0.263,-1.922,-2.2005169999999996,DEF,73.0,115.0,
980,159,T.Mitchell,COL,2,48,2,53.5,0.368,-3.499,-3.0143440000000004,MID,53.5,116.0,66.0
3255,295,A.Sexton,GCS,3,47,2,61.0,0.263,-2.892,-2.3909849999999997,FWD,61.0,116.0,39.0
5749,453,T.McDonald,MEL,2,37,2,69.0,0.263,-2.245,-2.132962,DEF,69.0,116.5,
8591,614,Z.Cordy,STK,2,37,2,42.5,0.263,-4.388,-4.612076,DEF,42.5,116.5,
1906,207,E.Tsatas,ESS,2,46,2,54.0,0.368,-3.458,-4.568624,MID,54.0,117.0,
1907,207,E.Tsatas,ESS,2,46,2,54.0,0.263,-3.458,-3.682602,FWD,54.0,117.5,
11056,759,C.Jamieson,WCE,2,46,2,54.5,0.263,-3.418,-3.166572,FWD,54.5,117.5,
1239,174,N.Cox,ESS,2,44,2,48.5,0.368,-3.903,-4.46236,MID,48.5,118.0,
2135,224,J.Draper,FRE,1,35,2,35.0,0.263,-4.995,-4.97659,DEF,35.0,118.5,
9811,683,D.Rampe,SYD,3,35,2,60.3333,0.263,-2.946,-3.270016,DEF,60.3,118.5,
1475,186,B.Hobbs,ESS,1,43,2,43.0,0.368,-4.348,-4.781136,MID,43.0,119.0,
4801,393,L.Breust,HAW,2,45,2,54.0,0.263,-3.458,-3.646571,FWD,54.0,119.5,
8861,635,M.Phillipou,STK,2,45,2,51.5,0.263,-3.66,-3.3641250000000005,FWD,51.5,119.5,40.0
7407,539,L.Jones,PTA,2,34,2,48.5,0.263,-3.903,-4.069478999999999,DEF,48.5,120.0,
8741,626,Z.Jones,STK,1,42,2,42.0,0.368,-4.429,-4.374904,MID,42.0,120.0,
1444,185,N.Hind,ESS,1,33,2,33.0,0.263,-5.156,-5.052904,DEF,33.0,121.0,
5210,415,D.Moore,HAW,2,44,2,74.0,0.263,-1.841,-1.040954,FWD,74.0,121.0,41.0
1474,186,B.Hobbs,ESS,1,43,2,43.0,0.263,-4.348,-4.106828999999999,FWD,43.0,122.0,
5160,411,F.Maginness,HAW,2,40,2,25.5,0.368,-5.763,-5.703384,MID,25.5,122.0,
6188,475,C.Windsor,MEL,3,40,2,56.6667,0.368,-3.243,-3.673928,MID,56.7,122.0,
7569,550,E.Ratugolea,PTA,2,32,2,35.5,0.263,-4.954,-4.702835,DEF,35.5,122.0,
8194,591,M.Pickett,RIC,3,40,2,59.0,0.368,-3.054,-3.7285439999999994,MID,59.0,122.0,
1696,195,B.McKay,ESS,2,31,2,54.0,0.263,-3.458,-3.348855,DEF,54.0,123.0,
10608,732,L.Vandermeer,WBD,2,42,2,37.0,0.263,-4.833,-4.478739,FWD,37.0,123.5,
10828,747,J.Darling,WCE,2,42,2,35.5,0.263,-4.954,-4.3838159999999995,FWD,35.5,123.5,
3953,332,O.Mullin,GEE,1,29,2,29.0,0.263,-5.48,-5.614656,DEF,29.0,124.0,
660,139,J.De Goey,COL,3,39,2,59.3333,0.368,-3.027,-2.697272,MID,59.3,125.0,67.5
904,153,O.Markov,COL,3,23,2,43.6667,0.263,-4.294,-4.532540999999999,DEF,43.7,125.0,
2616,256,B.Ainsworth,GCS,3,39,2,67.6667,0.368,-2.353,-2.872248,MID,67.7,125.0,67.5
10189,708,H.Gallagher,WBD,2,39,2,44.0,0.368,-4.267,-4.8293040000000005,MID,44.0,125.0,
4132,348,L.Ash,GWS,3,21,2,66.3333,0.263,-2.461,-2.148293,DEF,66.3,126.0,48.0
3285,296,D.Swallow,GCS,3,38,2,48.6667,0.368,-3.89,-4.6944479999999995,MID,48.7,127.0,
7785,564,S.Banks,RIC,2,19,2,32.5,0.263,-5.197,-5.201734,DEF,32.5,127.0,
2355,24,L.Murphy,ADE,2,40,2,41.5,0.263,-4.469,-4.0158510000000005,FWD,41.5,127.5,
5161,411,F.Maginness,HAW,2,40,2,25.5,0.263,-5.763,-5.168357,FWD,25.5,127.5,
6189,475,C.Windsor,MEL,3,40,2,56.6667,0.263,-3.243,-3.021817,FWD,56.7,127.5,
8193,591,M.Pickett,RIC,3,40,2,59.0,0.263,-3.054,-2.997718,FWD,59.0,127.5,
9924,691,C.Warner,SYD,1,40,2,40.0,0.263,-4.59,-4.734913,FWD,40.0,127.5,
10668,734,R.West,WBD,2,40,2,54.0,0.263,-3.458,-3.043249,FWD,54.0,127.5,
2866,269,B.*** Ellis,GCS,3,35,2,46.6667,0.368,-4.051,-4.874952,MID,46.7,128.0,
7654,559,D.Williams,PTA,1,18,2,18.0,0.263,-6.369,-6.18227,DEF,18.0,128.0,
2688,259,R.Atkins,GCS,1,16,2,16.0,0.263,-6.531,-6.4276409999999995,DEF,16.0,129.0,
8097,587,K.McIntosh,RIC,3,31,2,43.6667,0.368,-4.294,-4.851888,MID,43.7,129.0,
10758,743,C.Chesser,WCE,2,30,2,34.0,0.368,-5.076,-5.404992,MID,34.0,130.0,
5632,444,M.Hore,MEL,2,12,2,36.0,0.263,-4.914,-4.866396999999999,DEF,36.0,130.5,
5727,451,S.May,MEL,3,12,2,76.6667,0.263,-1.625,-1.375939,DEF,75.2,130.5,49.0
6877,512,D.Stephens,NTH,2,28,2,44.0,0.368,-4.267,-4.757912,MID,44.0,131.0,
3078,282,B.Long,GCS,1,11,2,11.0,0.263,-6.935,-6.147315,DEF,11.0,132.0,
1124,168,S.Sidebottom,COL,3,26,2,54.6667,0.368,-3.404,-3.186512,MID,54.7,132.5,
4555,378,J.Peatling,GWS,1,26,2,26.0,0.368,-5.722,-5.0213280000000005,MID,26.0,132.5,
2156,225,T.Emmett,FRE,2,39,2,38.5,0.263,-4.712,-4.6099559999999995,FWD,38.5,133.0,
2615,256,B.Ainsworth,GCS,3,39,2,67.6667,0.263,-2.353,-2.207561,FWD,67.7,133.0,42.0
2981,276,N.Holman,GCS,3,39,2,49.6667,0.263,-3.809,-3.583872,FWD,49.7,133.0,
10040,700,N.Coffield,WBD,2,3,2,26.0,0.263,-5.722,-5.763028,DEF,26.0,133.0,
10190,708,H.Gallagher,WBD,2,39,2,44.0,0.263,-4.267,-4.112882,FWD,44.0,133.0,
10585,731,J.Ugle-Hagan,WBD,2,39,2,64.5,0.263,-2.609,-2.397285,FWD,64.5,133.0,
9296,656,H.Cunningham,SYD,3,0,2,57.0,0.263,-3.216,-3.538438,DEF,57.0,134.0,
10469,724,C.Poulter,WBD,1,22,2,22.0,0.368,-6.046,-5.506880000000001,MID,22.0,134.0,
7784,564,S.Banks,RIC,2,19,2,32.5,0.368,-5.197,-5.3883600000000005,MID,32.5,135.0,
887,152,F.Macrae,COL,2,12,2,20.0,0.368,-6.208,-6.13072,MID,20.0,136.0,
3286,296,D.Swallow,GCS,3,38,2,48.6667,0.263,-3.89,-3.903676,FWD,48.7,136.0,
2317,238,J.O'Meara,FRE,1,9,2,9.0,0.368,-7.097,-5.899528,MID,9.0,137.0,
9132,648,M.Wood,STK,2,8,2,47.5,0.368,-3.984,-3.37312,MID,47.5,138.0,69.0
1918,21,N.McHenry,ADE,1,37,2,37.0,0.263,-4.833,-4.6470590000000005,FWD,37.0,139.0,
3342,299,J.Walter,GCS,1,37,2,37.0,0.263,-4.833,-4.797232,FWD,37.0,139.0,
3880,328,M.Knevitt,GEE,1,0,2,0.0,0.368,-7.825,-7.504472,MID,0.0,139.0,
5533,437,B.Brown,MEL,2,37,2,48.0,0.263,-3.943,-4.075815,FWD,48.0,139.0,
5750,453,T.McDonald,MEL,2,37,2,69.0,0.263,-2.245,-1.792114,FWD,69.0,139.0,
8590,614,Z.Cordy,STK,2,37,2,42.5,0.263,-4.388,-4.189172,FWD,42.5,139.0,
11140,764,N.Long,WCE,2,36,2,37.0,0.263,-4.833,-4.468745,FWD,37.0,142.0,
1560,19,B.Keays,ADE,2,35,2,52.5,0.263,-3.58,-2.737611,FWD,52.5,143.0,43.0
1984,213,J.Amiss,FRE,2,34,2,52.5,0.263,-3.58,-3.4035269999999995,FWD,52.5,145.0,
5074,407,M.Lewis,HAW,2,34,2,36.0,0.263,-4.914,-4.704389,FWD,36.0,145.0,
6893,513,J.Stephenson,NTH,2,34,2,43.5,0.263,-4.307,-3.964837,FWD,43.5,145.0,
1445,185,N.Hind,ESS,1,33,2,33.0,0.263,-5.156,-4.641309,FWD,33.0,147.0,
6531,498,N.Larkey,NTH,2,27,2,43.0,0.263,-4.348,-3.8033269999999995,FWD,43.0,148.0,
4556,378,J.Peatling,GWS,1,26,2,26.0,0.263,-5.722,-4.703664000000001,FWD,26.0,149.5,
11463,786,M.Lefau,RIC,1,26,2,26.0,0.263,-5.722,-4.9813920000000005,FWD,26.0,149.5,
2756,261,T.Berry,GCS,3,24,2,63.3333,0.263,-2.704,-2.8349740000000003,FWD,63.3,151.0,
3201,29,L.Pedlar,ADE,2,23,2,40.0,0.263,-4.59,-4.807501,FWD,40.0,152.0,
7589,551,W.Rioli,PTA,2,22,2,52.0,0.263,-3.62,-3.2744180000000003,FWD,52.0,153.5,
10722,738,H.Barnett,WCE,1,22,2,22.0,0.263,-6.046,-6.023645,FWD,22.0,153.5,
1719,196,J.Menzie,ESS,2,21,2,40.5,0.263,-4.55,-4.624429,FWD,40.5,155.0,
11146,765,R.Maric,WCE,1,16,2,16.0,0.263,-6.531,-5.895328999999999,FWD,16.0,156.0,
886,152,F.Macrae,COL,2,12,2,20.0,0.263,-6.208,-5.593106,FWD,20.0,157.5,
4193,351,C.Brown,GWS,3,12,2,64.3333,0.263,-2.623,-2.82551,FWD,64.3,157.5,
3079,282,B.Long,GCS,1,11,2,11.0,0.263,-6.935,-5.755707999999999,FWD,11.0,159.5,
8049,583,T.Lynch,RIC,2,11,2,37.0,0.263,-4.833,-4.619707,FWD,37.0,159.5,
7934,570,J.Clarke,RIC,1,8,2,8.0,0.263,-7.178,-7.205878,FWD,8.0,161.5,
9133,648,M.Wood,STK,2,8,2,47.5,0.263,-3.984,-3.0587660000000003,FWD,47.5,161.5,44.0
4974,402,J.Gunston,HAW,2,7,2,40.5,0.263,-4.55,-4.000856,FWD,40.5,163.0,
6491,489,E.Ford,NTH,2,6,2,26.5,0.263,-5.682,-4.996622,FWD,26.5,164.0,
1277,176,A.Davey Jnr,ESS,1,4,2,4.0,0.263,-7.501,-6.966584,FWD,4.0,165.0,
5465,432,J.Worpel,HAW,3,150,3,118.667,0.368,1.771,0.5341520000000001,MID,80.7,1.0,1.0
5613,443,M.Gawn,MEL,4,177,3,131.0,0.105,2.768,2.696495,RUC,84.7,1.0,1.0
8414,603,N.Vlastuin,RIC,4,167,3,122.5,0.263,2.081,1.3785269999999998,DEF,83.3,1.0,1.0
9458,666,I.Heeney,SYD,4,148,3,139.0,0.263,3.415,3.305855,FWD,86.1,1.0,1.0
273,115,H.McKay,CAR,3,137,3,126.333,0.263,2.391,1.803458,FWD,81.7,2.0,2.0
1428,184,D.Heppell,ESS,3,139,3,110.333,0.263,1.097,0.562584,DEF,79.6,2.0,
9457,666,I.Heeney,SYD,4,148,3,139.0,0.368,3.415,2.679736,MID,86.1,2.0,2.0
10143,706,T.English,WBD,3,124,3,127.0,0.105,2.445,2.23038,RUC,81.8,2.0,2.0
1630,193,N.Martin,ESS,3,136,3,97.3333,0.368,0.046,0.1104,MID,77.9,3.0,3.0
1631,193,N.Martin,ESS,3,136,3,97.3333,0.263,0.046,0.254296,DEF,77.9,3.0,2.0
5831,457,A.Neal-Bullen,MEL,4,134,3,93.5,0.263,-0.264,-0.193253,FWD,78.2,3.0,3.0
9385,662,B.Grundy,SYD,4,114,3,105.75,0.105,0.726,0.67665,RUC,80.3,3.0,3.0
2569,255,H.Young,FRE,3,132,3,88.0,0.263,-0.709,-0.4031309999999999,DEF,76.7,4.0,3.0
7277,531,W.Drew,PTA,3,135,3,121.0,0.368,1.959,0.7740400000000001,MID,81.0,4.0,
7631,555,I.Soldo,PTA,3,112,3,93.6667,0.105,-0.251,-0.45543500000000003,RUC,77.4,4.0,4.0
11595,86,D.Zorko,BRL,3,127,3,103.333,0.263,0.531,1.0230730000000001,FWD,78.7,4.0,4.0
2375,241,L.Ryan,FRE,3,130,3,140.667,0.263,3.55,3.153396,DEF,83.6,5.0,4.0
2570,255,H.Young,FRE,3,132,3,88.0,0.368,-0.709,-0.505496,MID,76.7,5.0,4.0
9760,68,O.McInerney,BRL,3,107,3,86.0,0.105,-0.871,-0.86911,RUC,76.4,5.0,5.0
10610,732,L.Vandermeer,WBD,3,122,3,65.3333,0.263,-2.542,-2.790272,FWD,65.3,5.5,
11835,99,C.Curnow,CAR,3,122,3,95.6667,0.263,-0.089,-0.130291,FWD,77.7,5.5,5.0
1734,197,Z.Merrett,ESS,3,131,3,130.0,0.368,2.687,2.163336,MID,82.2,6.0,5.0
6803,509,H.Sheezel,NTH,3,128,3,123.667,0.263,2.175,2.1768409999999996,DEF,81.3,6.0,5.0
8120,588,B.Miller,RIC,2,103,3,85.5,0.105,-0.911,-1.1592200000000001,RUC,75.9,6.0,
689,142,J.Elliott,COL,4,120,3,68.5,0.263,-2.286,-2.219461,FWD,68.5,7.0,
2253,230,L.Jackson,FRE,3,98,3,129.667,0.105,2.66,2.274965,RUC,82.1,7.0,6.0
9569,671,J.Lloyd,SYD,4,125,3,84.75,0.263,-0.972,-1.113494,DEF,76.7,7.0,6.0
10405,72,L.Neale,BRL,2,129,3,120.5,0.368,1.919,1.850552,MID,79.0,7.0,6.0
38,100,T.De Koning,CAR,3,96,3,92.6667,0.105,-0.332,-0.326015,RUC,77.3,8.0,7.0
7821,566,S.Bolton,RIC,4,119,3,84.25,0.263,-1.012,-0.9399379999999999,FWD,76.6,8.0,6.0
10609,732,L.Vandermeer,WBD,3,122,3,65.3333,0.263,-2.542,-3.209231,DEF,65.3,8.0,
8392,601,T.Taranto,RIC,4,128,3,95.5,0.368,-0.103,-0.37863199999999997,MID,78.6,8.5,7.5
11735,93,A.Cerra,CAR,3,128,3,101.333,0.368,0.369,-0.51052,MID,78.4,8.5,7.5
118,107,E.Hollands,CAR,1,116,3,116.0,0.263,1.555,0.9001299999999999,FWD,76.8,9.0,
6986,518,T.Xerri,NTH,3,90,3,101.667,0.105,0.396,0.526725,RUC,78.5,9.0,8.0
11167,766,J.McGovern,WCE,3,120,3,124.333,0.263,2.229,2.006239,DEF,81.4,9.0,
2068,218,J.Clark,FRE,3,119,3,115.333,0.263,1.501,1.3147959999999999,DEF,80.3,10.0,7.0
5180,413,L.Meek,HAW,1,88,3,88.0,0.105,-0.709,-0.642115,RUC,75.6,10.0,
10880,75,C.Rayner,BRL,3,112,3,80.0,0.263,-1.356,-1.163484,FWD,75.7,10.0,7.0
11596,86,D.Zorko,BRL,3,127,3,103.333,0.368,0.531,0.61932,MID,78.7,10.0,9.0
1357,18,M.Keane,ADE,2,118,3,92.0,0.263,-0.386,-0.8065370000000001,DEF,76.5,11.0,
8957,640,J.Steele,STK,3,126,3,121.667,0.368,2.013,1.487496,MID,81.1,11.0,10.0
11312,776,B.Williams,WCE,3,85,3,72.3333,0.105,-1.976,-2.15849,RUC,72.3,11.0,
8054,584,R.Mansell,RIC,3,110,3,79.3333,0.263,-1.41,-1.66774,FWD,75.6,11.5,
10439,721,A.Naughton,WBD,3,110,3,78.3333,0.263,-1.491,-1.458388,FWD,75.4,11.5,8.0
3629,311,T.Conway,GEE,1,83,3,83.0,0.105,-1.113,-1.265565,RUC,75.3,12.0,
8267,594,D.Rioli,RIC,4,117,3,85.5,0.263,-0.911,-0.783971,DEF,76.8,12.0,8.0
2398,242,C.Serong,FRE,3,125,3,145.333,0.368,3.927,2.963208,MID,84.2,12.5,11.5
9570,671,J.Lloyd,SYD,4,125,3,84.75,0.368,-0.972,-1.38048,MID,76.7,12.5,11.5
618,138,N.Daicos,COL,4,112,3,108.0,0.263,0.908,1.221759,DEF,80.7,13.0,9.0
8119,588,B.Miller,RIC,2,103,3,85.5,0.263,-0.911,-0.9754349999999999,FWD,75.9,13.0,
8768,629,R.Marshall,STK,3,79,3,104.0,0.105,0.585,0.60957,RUC,78.8,13.0,9.0
1195,173,J.Caldwell,ESS,3,99,3,79.3333,0.263,-1.41,-0.8171979999999999,FWD,75.6,14.0,9.0
1674,194,A.McGrath,ESS,3,110,3,112.0,0.263,1.232,0.864326,DEF,79.8,14.0,10.0
8170,590,T.Nankervis,RIC,3,73,3,102.0,0.105,0.423,0.44526,RUC,78.5,14.0,10.0
99,106,G.Hewett,CAR,3,124,3,102.0,0.368,0.423,-0.135992,MID,78.5,14.5,13.5
10564,730,A.Treloar,WBD,3,124,3,105.0,0.368,0.666,0.9357439999999999,MID,78.9,14.5,13.5
1289,177,S.Draper,ESS,2,72,3,63.5,0.105,-2.69,-2.7170900000000002,RUC,63.5,15.0,11.0
2254,230,L.Jackson,FRE,3,98,3,129.667,0.263,2.66,2.1963310000000003,FWD,82.1,15.0,10.0
5958,462,T.Rivers,MEL,4,107,3,78.0,0.263,-1.518,-1.4217419999999998,DEF,75.5,15.0,11.0
981,159,T.Mitchell,COL,3,121,3,76.0,0.368,-1.679,-1.864104,MID,75.1,16.0,15.0
2546,252,M.Walters,FRE,3,97,3,66.3333,0.263,-2.461,-2.835775,FWD,66.3,16.0,
2870,27,R.O'Brien,ADE,3,60,3,83.6667,0.105,-1.059,-1.067085,RUC,76.1,16.0,12.0
1031,162,J.Noble,COL,2,105,3,65.0,0.263,-2.569,-2.407518,DEF,65.0,16.5,
7386,537,D.Houston,PTA,3,105,3,109.0,0.263,0.989,0.997942,DEF,79.4,16.5,12.0
206,110,M.Kennedy,CAR,3,96,3,70.6667,0.263,-2.111,-1.757791,FWD,70.7,17.0,
518,135,M.Cox,COL,4,59,3,60.25,0.105,-2.953,-3.158905,RUC,60.2,17.0,
7822,566,S.Bolton,RIC,4,119,3,84.25,0.368,-1.012,-1.603008,MID,76.6,17.0,16.0
3457,304,M.Blicavs,GEE,3,58,3,80.6667,0.105,-1.302,-1.5599850000000002,RUC,75.7,18.0,13.0
119,107,E.Hollands,CAR,1,116,3,116.0,0.368,1.555,-0.0590480000000001,MID,76.8,18.5,
4821,395,M.Chol,HAW,3,93,3,77.6667,0.263,-1.545,-1.675974,FWD,75.3,18.5,
7715,562,L.Baker,RIC,4,93,3,82.25,0.263,-1.174,-0.932303,FWD,76.3,18.5,11.0
10690,735,B.Williams,WBD,3,116,3,82.0,0.368,-1.194,-1.7283359999999999,MID,75.9,18.5,
1379,180,T.Goldstein,ESS,3,46,3,52.6667,0.105,-3.566,-3.566315,RUC,52.7,19.0,14.0
8470,607,R.Bonner,STK,3,104,3,85.0,0.263,-0.952,-1.294689,DEF,76.3,19.0,13.5
10269,712,J.Johannisen,WBD,3,104,3,99.3333,0.263,0.207,-0.33346500000000007,DEF,78.2,19.0,
10857,749,L.Duggan,WCE,3,104,3,87.6667,0.263,-0.736,-0.840411,DEF,76.7,19.0,13.5
9691,677,H.McLean,SYD,4,34,3,55.75,0.105,-3.317,-3.360575,RUC,55.8,20.0,15.0
3797,324,O.Henry,GEE,3,92,3,71.6667,0.263,-2.03,-2.317722,FWD,71.7,20.5,
6713,507,T.Powell,NTH,3,92,3,105.333,0.263,0.693,0.389761,FWD,79.0,20.5,12.0
619,138,N.Daicos,COL,4,112,3,108.0,0.368,0.908,1.1107680000000002,MID,80.7,21.0,17.5
5710,450,J.Lever,MEL,4,103,3,72.75,0.263,-1.942,-2.163709,DEF,72.8,21.0,15.0
7660,56,D.Fort,BRL,1,31,3,31.0,0.105,-5.318,-5.34824,RUC,31.0,21.0,
8875,636,S.Ross,STK,3,112,3,84.0,0.368,-1.032,-1.9074719999999998,MID,76.2,21.0,
10881,75,C.Rayner,BRL,3,112,3,80.0,0.368,-1.356,-1.775152,MID,75.7,21.0,17.5
491,133,D.Cameron,COL,4,18,3,89.75,0.105,-0.567,-0.49685999999999997,RUC,77.6,22.0,16.0
3714,315,M.Duncan,GEE,2,99,3,89.5,0.263,-0.588,-0.93779,DEF,76.3,22.5,16.5
4081,342,T.Stewart,GEE,3,99,3,112.667,0.263,1.286,0.939366,DEF,79.9,22.5,16.5
7009,519,C.Zurhaar,NTH,3,91,3,74.3333,0.263,-1.814,-1.7356260000000001,FWD,74.3,22.5,
11292,775,J.Waterman,WCE,3,91,3,75.3333,0.263,-1.733,-1.32535,FWD,75.0,22.5,
1812,20,R.Laird,ADE,3,111,3,118.333,0.368,1.744,1.1493120000000001,MID,80.7,23.0,19.0
11334,777,J.Williams,WCE,1,15,3,15.0,0.105,-6.612,-6.4734,RUC,15.0,23.0,
84,105,L.Fogarty,CAR,3,90,3,75.0,0.263,-1.76,-1.888344,FWD,75.0,24.5,
5545,439,K.Chandler,MEL,4,90,3,75.75,0.263,-1.7,-1.795469,FWD,75.1,24.5,
9541,67,H.McCluggage,BRL,3,110,3,94.0,0.368,-0.224,-0.32152000000000003,MID,77.5,25.0,21.0
9954,695,M.Bontempelli,WBD,3,110,3,124.0,0.368,2.202,2.274864,MID,81.4,25.0,21.0
10026,7,M.Crouch,ADE,3,110,3,117.333,0.368,1.663,1.150744,MID,80.5,25.0,21.0
383,124,A.Saad,CAR,3,98,3,85.6667,0.263,-0.898,-0.938239,DEF,76.4,26.0,18.5
1697,195,B.McKay,ESS,3,98,3,68.6667,0.263,-2.272,-2.474773,DEF,68.7,26.0,
9229,652,N.Blakey,SYD,4,98,3,98.0,0.263,0.1,0.087113,DEF,79.0,26.0,18.5
9833,685,M.Roberts,SYD,4,98,3,84.25,0.263,-1.012,-1.191629,DEF,76.6,26.0,
9980,696,L.Bramble,WBD,3,98,3,96.3333,0.263,-0.035,-0.6893440000000001,DEF,77.8,26.0,
10192,708,H.Gallagher,WBD,3,89,3,59.0,0.263,-3.054,-3.218901,FWD,59.0,26.0,
5244,417,C.Nash,HAW,3,106,3,86.0,0.368,-0.871,-1.543704,MID,76.4,27.0,23.0
8686,623,B.Hill,STK,3,88,3,64.6667,0.263,-2.596,-2.235164,FWD,64.7,27.0,
971,158,B.Mihocek,COL,4,87,3,65.5,0.263,-2.528,-2.476715,FWD,65.5,28.5,
6361,482,P.Curtis,NTH,3,87,3,68.0,0.263,-2.326,-2.360716,FWD,68.0,28.5,
8469,607,R.Bonner,STK,3,104,3,85.0,0.368,-0.952,-1.636848,MID,76.3,28.5,24.5
11121,762,T.Kelly,WCE,3,104,3,91.6667,0.368,-0.412,-0.539328,MID,77.2,28.5,24.5
3739,320,Z.Guthrie,GEE,3,97,3,77.6667,0.263,-1.545,-1.501079,DEF,75.3,29.0,
7607,552,C.Rozee,PTA,3,102,3,102.0,0.368,0.423,0.09327200000000002,MID,78.5,30.0,26.0
917,154,B.Maynard,COL,4,94,3,102.5,0.263,0.464,-0.17745700000000003,DEF,79.8,31.0,20.0
7570,550,E.Ratugolea,PTA,3,94,3,55.0,0.263,-3.377,-3.540586,DEF,55.0,31.0,
11686,90,J.Boyd,CAR,3,94,3,79.0,0.263,-1.437,-2.05242,DEF,75.5,31.0,
11807,97,P.Cripps,CAR,3,100,3,106.333,0.368,0.773,0.774104,MID,79.1,31.0,27.0
3671,314,O.Dempsey,GEE,3,86,3,80.3333,0.263,-1.329,-1.21065,FWD,75.7,31.5,
4058,340,T.Stengle,GEE,3,86,3,58.6667,0.263,-3.081,-2.5755139999999996,FWD,58.7,31.5,
7125,523,T.Boak,PTA,3,86,3,79.6667,0.263,-1.383,-1.179175,FWD,75.6,31.5,
8664,622,J.Higgins,STK,3,86,3,88.6667,0.263,-0.655,-0.8367330000000001,FWD,76.8,31.5,
1196,173,J.Caldwell,ESS,3,99,3,79.3333,0.368,-1.41,-1.226368,MID,75.6,32.0,28.0
7714,562,L.Baker,RIC,4,93,3,82.25,0.263,-1.174,-1.266313,DEF,76.3,33.5,21.5
10049,702,B.Dale,WBD,3,93,3,94.3333,0.263,-0.197,-0.11731100000000001,DEF,77.5,33.5,21.5
10669,734,R.West,WBD,3,85,3,64.3333,0.263,-2.623,-2.427854,FWD,64.3,34.0,
7215,526,Z.Butters,PTA,3,98,3,130.0,0.368,2.687,2.35764,MID,82.2,34.5,29.5
9834,685,M.Roberts,SYD,4,98,3,84.25,0.368,-1.012,-1.4727359999999998,MID,76.6,34.5,
9979,696,L.Bramble,WBD,3,98,3,96.3333,0.368,-0.035,-1.154088,MID,77.8,34.5,
10338,717,T.Liberatore,WBD,3,98,3,101.667,0.368,0.396,0.301056,MID,78.5,34.5,29.5
5122,410,C.Mackenzie,HAW,3,84,3,74.3333,0.263,-1.814,-1.938399,FWD,74.3,35.0,13.0
8996,643,N.Wanganeen-Milera,STK,3,91,3,104.0,0.263,0.585,0.538449,DEF,78.8,35.0,23.0
8195,591,M.Pickett,RIC,4,83,3,65.0,0.263,-2.569,-2.6402729999999996,FWD,65.0,36.0,
796,147,J.Howe,COL,3,90,3,69.6667,0.263,-2.191,-2.050821,DEF,69.7,36.5,
1834,200,M.Redman,ESS,2,90,3,87.5,0.263,-0.749,-0.790028,DEF,76.1,36.5,24.0
2029,215,A.Brayshaw,FRE,3,97,3,107.333,0.368,0.854,0.80064,MID,79.2,37.5,31.5
5875,459,C.Petracca,MEL,4,97,3,117.5,0.368,1.676,1.0724799999999999,MID,82.4,37.5,31.5
2007,214,B.Banfield,FRE,3,82,3,82.3333,0.263,-1.167,-1.4205320000000001,FWD,76.0,38.0,
9658,676,J.McInerney,SYD,4,82,3,81.75,0.263,-1.214,-0.96152,FWD,76.2,38.0,
10306,716,B.Khamis,WBD,3,82,3,66.0,0.263,-2.488,-2.694718,FWD,66.0,38.0,
5336,425,J.Sicily,HAW,3,89,3,85.0,0.263,-0.952,-0.649287,DEF,76.3,38.5,25.5
8910,639,J.Sinclair,STK,2,89,3,83.5,0.263,-1.073,-0.43706599999999995,DEF,75.7,38.5,25.5
734,145,B.Hill,COL,4,81,3,61.0,0.263,-2.892,-2.68686,FWD,61.0,40.0,
207,110,M.Kennedy,CAR,3,96,3,70.6667,0.368,-2.111,-2.309352,MID,70.7,40.5,
1947,212,J.Aish,FRE,3,88,3,94.6667,0.263,-0.17,-1.088133,DEF,77.6,40.5,
4312,36,B.Smith,ADE,3,88,3,71.3333,0.263,-2.057,-2.42783,DEF,71.3,40.5,
7426,54,J.Dunkley,BRL,3,96,3,103.333,0.368,0.531,0.670104,MID,78.7,40.5,34.0
7665,560,O.Wines,PTA,3,96,3,96.3333,0.368,-0.035,-0.15423199999999998,MID,77.8,40.5,34.0
11639,87,B.Acres,CAR,3,96,3,92.6667,0.368,-0.332,-0.5844480000000001,MID,77.3,40.5,34.0
9371,66,L.McCarthy,BRL,3,80,3,65.3333,0.263,-2.542,-2.4215459999999998,FWD,65.3,41.0,
417,127,J.Weitering,CAR,1,87,3,87.0,0.263,-0.79,-1.12927,DEF,75.5,42.0,
5752,453,T.McDonald,MEL,3,79,3,72.3333,0.263,-1.976,-1.593861,FWD,72.3,42.5,
8289,595,M.Rioli,RIC,3,79,3,60.0,0.263,-2.973,-2.9464369999999995,FWD,60.0,42.5,
702,143,B.Frampton,COL,2,86,3,82.0,0.263,-1.194,-2.132384,DEF,75.6,43.0,
6164,474,J.Viney,MEL,4,94,3,108.0,0.368,0.908,0.0148640000000001,MID,80.7,43.0,36.0
4917,399,S.Frost,HAW,3,85,3,67.6667,0.263,-2.353,-3.054421,DEF,67.7,44.0,
1499,188,H.Jones,ESS,2,78,3,51.0,0.263,-3.701,-3.427217,FWD,51.0,44.5,
5854,458,C.Oliver,MEL,4,92,3,92.25,0.368,-0.365,-0.946808,MID,78.0,44.5,37.5
6714,507,T.Powell,NTH,3,92,3,105.333,0.368,0.693,-0.4146800000000001,MID,79.0,44.5,37.5
7261,530,C.Dixon,PTA,3,78,3,94.6667,0.263,-0.17,-0.36251600000000006,FWD,77.6,44.5,14.0
4004,337,B.Parfitt,GEE,2,90,3,96.0,0.368,-0.062,-1.228192,MID,76.8,46.0,
10521,726,R.Sanders,WBD,3,77,3,73.0,0.263,-1.922,-1.9661839999999997,FWD,73.0,46.0,15.0
2341,239,A.Pearce,FRE,3,84,3,76.6667,0.263,-1.625,-1.981628,DEF,75.2,46.5,
3821,325,M.Holmes,GEE,3,84,3,97.0,0.263,0.019,0.0716,DEF,77.9,46.5,27.5
9033,645,C.Wilkie,STK,3,84,3,82.6667,0.263,-1.14,-0.9837779999999999,DEF,76.0,46.5,27.5
10120,705,T.Duryea,WBD,1,84,3,84.0,0.263,-1.032,-1.767611,DEF,75.4,46.5,
1584,190,K.Langford,ESS,3,75,3,79.3333,0.263,-1.41,-1.2053859999999998,FWD,75.6,47.5,16.0
6532,498,N.Larkey,NTH,3,75,3,53.6667,0.263,-3.485,-3.1672960000000003,FWD,53.7,47.5,
592,137,J.Daicos,COL,4,89,3,87.75,0.368,-0.729,-0.9608399999999999,MID,77.2,48.5,39.5
6277,48,J.Berry,BRL,3,89,3,62.6667,0.368,-2.757,-2.4743760000000004,MID,62.7,48.5,
8911,639,J.Sinclair,STK,2,89,3,83.5,0.368,-1.073,-0.41428,MID,75.7,48.5,39.5
10191,708,H.Gallagher,WBD,3,89,3,59.0,0.368,-3.054,-4.062688,MID,59.0,48.5,
256,114,M.McGovern,CAR,3,83,3,98.6667,0.263,0.154,-0.449585,DEF,78.1,49.0,
10075,703,C.Daniel,WBD,3,73,3,62.6667,0.263,-2.757,-2.904806,FWD,62.7,49.0,17.0
10307,716,B.Khamis,WBD,3,82,3,66.0,0.263,-2.488,-3.108154,DEF,66.0,50.5,
11391,779,E.Yeo,WCE,3,82,3,96.0,0.263,-0.062,0.16812499999999997,DEF,77.7,50.5,29.0
1948,212,J.Aish,FRE,3,88,3,94.6667,0.368,-0.17,-1.6504639999999997,MID,77.6,51.5,
8687,623,B.Hill,STK,3,88,3,64.6667,0.368,-2.596,-2.7969280000000003,MID,64.7,51.5,
1290,177,S.Draper,ESS,2,72,3,63.5,0.263,-2.69,-2.20871,FWD,63.5,53.0,18.0
1476,186,B.Hobbs,ESS,2,72,3,57.5,0.263,-3.175,-3.242328,FWD,57.5,53.0,
1985,213,J.Amiss,FRE,3,72,3,59.0,0.263,-3.054,-3.015865,FWD,59.0,53.0,
3357,3,J.Borlase,ADE,2,81,3,80.5,0.263,-1.315,-1.9183219999999999,DEF,75.5,53.0,
4940,4,C.Burgess,ADE,3,72,3,53.3333,0.263,-3.512,-3.4843849999999996,FWD,53.3,53.0,
5369,429,N.Watson,HAW,3,72,3,51.3333,0.263,-3.674,-3.193499,FWD,51.3,53.0,
5401,43,C.Ah Chee,BRL,3,72,3,68.3333,0.263,-2.299,-2.206161,FWD,68.3,53.0,
8444,606,J.Battle,STK,3,81,3,87.0,0.263,-0.79,-0.92939,DEF,76.6,53.0,
9342,659,R.Fox,SYD,3,72,3,57.0,0.263,-3.216,-3.2554500000000006,FWD,57.0,53.0,
10726,739,T.Barrass,WCE,3,81,3,64.0,0.263,-2.65,-2.311519,DEF,64.0,53.0,
3538,306,T.Bruhn,GEE,2,86,3,85.0,0.368,-0.952,-1.721488,MID,75.9,54.5,
3672,314,O.Dempsey,GEE,3,86,3,80.3333,0.368,-1.329,-1.859288,MID,75.7,54.5,
7124,523,T.Boak,PTA,3,86,3,79.6667,0.368,-1.383,-1.7859600000000002,MID,75.6,54.5,
9870,686,J.Rowbottom,SYD,4,86,3,93.25,0.368,-0.284,-0.49339199999999994,MID,78.2,54.5,41.0
6612,502,L.McDonald,NTH,2,80,3,62.0,0.263,-2.811,-2.909625,DEF,62.0,55.0,
5751,453,T.McDonald,MEL,3,79,3,72.3333,0.263,-1.976,-1.934709,DEF,72.3,56.5,
9256,654,B.Campbell,SYD,4,79,3,62.0,0.263,-2.811,-3.356199,DEF,62.0,56.5,
3820,325,M.Holmes,GEE,3,84,3,97.0,0.368,0.019,-0.13040800000000002,MID,77.9,58.0,43.0
5123,410,C.Mackenzie,HAW,3,84,3,74.3333,0.368,-1.814,-2.725168,MID,74.3,58.0,43.0
5267,418,J.Newcombe,HAW,3,84,3,72.0,0.368,-2.003,-1.4377520000000001,MID,72.0,58.0,43.0
6070,47,Z.Bailey,BRL,3,71,3,73.3333,0.263,-1.895,-1.757977,FWD,73.3,58.0,20.0
7336,534,J.Finlayson,PTA,3,71,3,79.6667,0.263,-1.383,-1.722796,FWD,75.6,58.0,20.0
8862,635,M.Phillipou,STK,3,71,3,58.0,0.263,-3.135,-2.9772,FWD,58.0,58.0,20.0
11570,84,D.Wilmot,BRL,3,78,3,76.0,0.263,-1.679,-1.61062,DEF,75.1,58.0,
2091,22,M.Michalanney,ADE,3,77,3,70.3333,0.263,-2.138,-2.424933,DEF,70.3,59.0,
8196,591,M.Pickett,RIC,4,83,3,65.0,0.368,-2.569,-3.4220239999999995,MID,65.0,60.0,
549,136,J.Crisp,COL,4,76,3,67.25,0.263,-2.387,-2.027742,DEF,67.2,61.0,31.0
987,16,M.Hinge,ADE,3,76,3,90.6667,0.263,-0.493,-0.459862,DEF,77.0,61.0,31.0
5567,44,H.Andrews,BRL,3,76,3,104.667,0.263,0.639,0.09932399999999997,DEF,78.9,61.0,31.0
442,128,Z.Williams,CAR,3,70,3,64.6667,0.263,-2.596,-2.336945,FWD,64.7,61.5,22.5
3762,322,T.Hawkins,GEE,3,70,3,77.6667,0.263,-1.545,-1.8608630000000002,FWD,75.3,61.5,
6459,488,Z.Fisher,NTH,3,70,3,73.6667,0.263,-1.868,-1.377505,FWD,73.7,61.5,22.5
7457,543,T.Marshall,PTA,3,70,3,90.6667,0.263,-0.493,-1.118677,FWD,77.0,61.5,
1343,179,X.Duursma,ESS,3,82,3,65.0,0.368,-2.569,-2.545448,MID,65.0,62.0,
9657,676,J.McInerney,SYD,4,82,3,81.75,0.368,-1.214,-1.538208,MID,76.2,62.0,
11392,779,E.Yeo,WCE,3,82,3,96.0,0.368,-0.062,0.032943999999999994,MID,77.7,62.0,45.0
1148,17,C.Jones,ADE,3,75,3,55.3333,0.263,-3.35,-3.487812,DEF,55.3,63.0,
940,155,B.McCreery,COL,4,69,3,62.25,0.263,-2.791,-2.831765,FWD,62.2,64.5,
2201,228,N.Fyfe,FRE,3,69,3,80.3333,0.263,-1.329,-1.37371,FWD,75.7,64.5,24.0
5290,42,J.Worrell,ADE,3,74,3,85.0,0.263,-0.952,-1.029585,DEF,76.3,64.5,
6637,503,C.McKercher,NTH,3,74,3,85.6667,0.263,-0.898,-0.894055,DEF,76.4,64.5,33.0
1755,198,D.Parish,ESS,1,80,3,80.0,0.368,-1.356,-1.365936,MID,75.2,65.0,46.0
7947,574,T.Dow,RIC,4,80,3,54.75,0.368,-3.398,-3.771152,MID,54.8,65.0,
9947,693,O.Baker,WBD,2,80,3,84.0,0.368,-1.032,-2.525712,MID,75.8,65.0,
4759,390,K.Amon,HAW,3,73,3,81.3333,0.263,-1.248,-1.065741,DEF,75.8,66.0,34.0
3593,31,I.Rankine,ADE,3,68,3,82.0,0.263,-1.194,-0.5875219999999999,FWD,75.9,66.5,25.0
5534,437,B.Brown,MEL,3,68,3,54.6667,0.263,-3.404,-3.678572,FWD,54.7,66.5,
6968,517,G.Wardlaw,NTH,3,79,3,83.3333,0.368,-1.086,-1.3351359999999999,MID,76.1,67.5,47.0
8536,61,R.Lester,BRL,3,72,3,61.6667,0.263,-2.838,-2.791975,DEF,61.7,67.5,
9255,654,B.Campbell,SYD,4,79,3,62.0,0.368,-2.811,-3.760808,MID,62.0,67.5,
9341,659,R.Fox,SYD,3,72,3,57.0,0.263,-3.216,-3.6715160000000004,DEF,57.0,67.5,
844,151,P.Lipinski,COL,4,67,3,77.5,0.263,-1.558,-1.3815270000000002,FWD,75.4,68.0,26.0
3774,323,J.Henry,GEE,3,71,3,68.3333,0.263,-2.299,-2.518605,DEF,68.3,69.0,
7547,55,J.Fletcher,BRL,3,78,3,63.3333,0.368,-2.704,-3.159584,MID,63.3,69.0,
10520,726,R.Sanders,WBD,3,77,3,73.0,0.368,-1.922,-2.715408,MID,73.0,70.0,48.0
1561,19,B.Keays,ADE,3,66,3,57.0,0.263,-3.216,-2.4693430000000003,FWD,57.0,70.5,27.5
1772,199,A.Perkins,ESS,3,66,3,87.6667,0.263,-0.736,-1.0502850000000001,FWD,76.7,70.5,
5079,409,C.Macdonald,HAW,3,66,3,58.3333,0.263,-3.108,-2.556489,FWD,58.3,70.5,27.5
9787,681,T.Papley,SYD,4,66,3,101.5,0.263,0.383,0.157083,FWD,79.6,70.5,
550,136,J.Crisp,COL,4,76,3,67.25,0.368,-2.387,-2.0984879999999997,MID,67.2,71.0,49.0
443,128,Z.Williams,CAR,3,70,3,64.6667,0.263,-2.596,-2.70646,DEF,64.7,71.5,36.5
5984,463,C.Salem,MEL,4,70,3,81.5,0.263,-1.235,-1.374916,DEF,76.1,71.5,36.5
6458,488,Z.Fisher,NTH,3,70,3,73.6667,0.263,-1.868,-1.7046770000000002,DEF,73.7,71.5,36.5
7202,525,R.Burton,PTA,3,70,3,87.0,0.263,-0.79,-1.268134,DEF,76.6,71.5,36.5
1053,163,S.Pendlebury,COL,4,75,3,83.5,0.368,-1.073,-1.295272,MID,76.5,73.0,50.0
1149,17,C.Jones,ADE,3,75,3,55.3333,0.368,-3.35,-3.737136,MID,55.3,73.0,
6878,512,D.Stephens,NTH,3,75,3,54.3333,0.368,-3.431,-4.229559999999999,MID,54.3,73.0,
2178,227,M.Frederick,FRE,3,65,3,55.0,0.263,-3.377,-3.3501739999999995,FWD,55.0,74.5,
3932,331,G.Miers,GEE,3,65,3,83.0,0.263,-1.113,-0.8978659999999999,FWD,76.0,74.5,29.5
9499,667,J.Jordon,SYD,4,65,3,79.5,0.263,-1.396,-1.455701,FWD,75.8,74.5,29.5
11707,91,J.Carroll,CAR,3,65,3,68.0,0.263,-2.326,-2.7928249999999997,FWD,68.0,74.5,
1606,191,J.Laverde,ESS,2,69,3,62.0,0.263,-2.811,-2.883062,DEF,62.0,75.0,
2242,229,E.Hughes,FRE,3,69,3,61.6667,0.263,-2.838,-3.304562,DEF,61.7,75.0,
5310,423,J.Scrimshaw,HAW,3,69,3,75.6667,0.263,-1.706,-1.6673390000000001,DEF,75.1,75.0,39.0
4037,34,L.Sholl,ADE,2,74,3,81.0,0.368,-1.275,-1.47372,MID,75.5,75.5,
6638,503,C.McKercher,NTH,3,74,3,85.6667,0.368,-0.898,-1.1077599999999999,MID,76.4,75.5,51.0
2136,224,J.Draper,FRE,2,68,3,51.5,0.263,-3.66,-3.9926950000000003,DEF,51.5,77.5,
4845,396,M.D'Ambrosio,HAW,3,68,3,92.3333,0.263,-0.359,-0.5191669999999999,DEF,77.3,77.5,
6557,499,C.Lazzaro,NTH,3,64,3,57.3333,0.263,-3.189,-3.5061780000000002,FWD,57.3,77.5,
8050,583,T.Lynch,RIC,3,64,3,46.0,0.263,-4.105,-4.083171,FWD,46.0,77.5,
4758,390,K.Amon,HAW,3,73,3,81.3333,0.368,-1.248,-1.210464,MID,75.8,78.5,53.5
9408,663,E.Gulden,SYD,4,73,3,102.0,0.368,0.423,0.4598,MID,79.7,78.5,53.5
9905,690,C.Warner,SYD,4,73,3,104.5,0.368,0.625,0.4318,MID,80.1,78.5,53.5
10074,703,C.Daniel,WBD,3,73,3,62.6667,0.368,-2.757,-3.731096,MID,62.7,78.5,53.5
1242,174,N.Cox,ESS,3,67,3,54.6667,0.263,-3.404,-3.801393,DEF,54.7,80.0,
1521,189,J.Kelly,ESS,2,67,3,64.5,0.263,-2.609,-2.854116,DEF,64.5,80.0,
3650,313,S.De Koning,GEE,3,67,3,57.0,0.263,-3.216,-3.1865440000000005,DEF,57.0,80.0,
6020,468,T.Sparrow,MEL,4,62,3,67.0,0.263,-2.407,-2.281812,FWD,67.0,80.0,
10653,733,C.Weightman,WBD,3,62,3,84.6667,0.263,-0.979,-1.09998,FWD,76.3,80.0,
11058,759,C.Jamieson,WCE,3,62,3,57.0,0.263,-3.216,-3.017698,FWD,57.0,80.0,
3554,307,J.Cameron,GEE,3,61,3,79.3333,0.263,-1.41,-1.002613,FWD,75.6,82.0,31.0
1073,164,I.Quaynor,COL,4,66,3,68.25,0.263,-2.306,-2.7520480000000003,DEF,68.2,82.5,40.0
5041,405,J.Impey,HAW,3,66,3,77.3333,0.263,-1.572,-1.527027,DEF,75.3,82.5,
5896,460,H.Petty,MEL,2,60,3,55.0,0.263,-3.377,-3.3154579999999996,FWD,55.0,83.0,
162,108,O.Hollands,CAR,3,72,3,58.3333,0.368,-3.108,-3.5047040000000003,MID,58.3,83.5,
1477,186,B.Hobbs,ESS,2,72,3,57.5,0.368,-3.175,-4.0398,MID,57.5,83.5,
2297,231,M.Johnson,FRE,3,72,3,58.6667,0.368,-3.081,-3.431336,MID,58.7,83.5,
5368,429,N.Watson,HAW,3,72,3,51.3333,0.368,-3.674,-3.7258880000000003,MID,51.3,83.5,
5400,43,C.Ah Chee,BRL,3,72,3,68.3333,0.368,-2.299,-2.8962640000000004,MID,68.3,83.5,
5658,448,E.Langdon,MEL,4,72,3,81.25,0.368,-1.255,-1.6439759999999999,MID,76.1,83.5,
9317,658,O.Florent,SYD,4,65,3,77.75,0.263,-1.538,-1.627946,DEF,75.5,84.5,
10279,714,L.Jones,WBD,3,65,3,58.0,0.263,-3.135,-3.040846,DEF,58.0,84.5,
517,135,M.Cox,COL,4,59,3,60.25,0.263,-2.953,-2.870418,FWD,60.2,86.0,
5211,415,D.Moore,HAW,3,59,3,69.0,0.263,-2.245,-1.338702,FWD,69.0,86.0,32.5
7490,547,J.Mead,PTA,3,59,3,61.0,0.263,-2.892,-2.728151,FWD,61.0,86.0,
9631,675,L.McDonald,SYD,4,59,3,67.5,0.263,-2.367,-2.298883,FWD,67.5,86.0,
10369,719,J.Macrae,WBD,1,59,3,59.0,0.263,-3.054,-2.5556149999999995,FWD,59.0,86.0,32.5
9612,674,T.McCartin,SYD,4,63,3,63.5,0.263,-2.69,-2.900926,DEF,63.5,86.5,
11017,758,J.Hunt,WCE,3,63,3,78.3333,0.263,-1.491,-1.9288950000000002,DEF,75.4,86.5,
2421,243,J.Sharp,FRE,3,71,3,68.0,0.368,-2.326,-2.706512,MID,68.0,87.5,
6071,47,Z.Bailey,BRL,3,71,3,73.3333,0.368,-1.895,-2.41388,MID,73.3,87.5,56.0
7408,539,L.Jones,PTA,3,62,3,53.0,0.263,-3.539,-3.801211,DEF,53.0,88.5,
11057,759,C.Jamieson,WCE,3,62,3,57.0,0.263,-3.216,-3.4098310000000005,DEF,57.0,88.5,
5985,463,C.Salem,MEL,4,70,3,81.5,0.368,-1.235,-1.6398000000000001,MID,76.1,89.0,57.0
347,122,M.Owies,CAR,3,58,3,49.3333,0.263,-3.836,-3.6119239999999997,FWD,49.3,90.0,
1919,21,N.McHenry,ADE,2,58,3,47.5,0.263,-3.984,-4.021346,FWD,47.5,90.0,
2200,228,N.Fyfe,FRE,3,69,3,80.3333,0.368,-1.329,-2.10548,MID,75.7,90.0,58.0
8557,610,A.Caminiti,STK,1,58,3,58.0,0.263,-3.135,-3.093972,FWD,58.0,90.0,
11550,81,B.Starcevich,BRL,3,61,3,61.0,0.263,-2.892,-3.275454,DEF,61.0,90.0,
3576,308,J.Clark,GEE,3,68,3,47.0,0.368,-4.024,-4.752272,MID,47.0,92.5,
4844,396,M.D'Ambrosio,HAW,3,68,3,92.3333,0.368,-0.359,-0.7976559999999999,MID,77.3,92.5,
5356,428,J.Ward,HAW,3,68,3,61.6667,0.368,-2.838,-3.674464,MID,61.7,92.5,
11664,9,J.Dawson,ADE,3,68,3,82.0,0.368,-1.194,-0.7825759999999999,MID,75.9,92.5,59.0
759,146,W.Hoskin-Elliott,COL,3,60,3,55.3333,0.263,-3.35,-3.327908,DEF,55.3,93.5,
1883,206,J.Stringer,ESS,3,57,3,63.0,0.263,-2.731,-2.55742,FWD,63.0,93.5,
3608,310,B.Close,GEE,3,57,3,64.0,0.263,-2.65,-2.551901,FWD,64.0,93.5,
5897,460,H.Petty,MEL,2,60,3,55.0,0.263,-3.377,-3.7254749999999994,DEF,55.0,93.5,
7054,520,A.Aliir,PTA,3,60,3,66.3333,0.263,-2.461,-2.406822,DEF,66.3,93.5,
7687,561,B.Zerk-Thatcher,PTA,3,60,3,77.6667,0.263,-1.545,-2.038914,DEF,75.3,93.5,
7882,568,T.Brown,RIC,2,60,3,61.5,0.263,-2.852,-3.222041,DEF,61.5,93.5,
8322,598,J.Short,RIC,4,60,3,85.5,0.263,-0.911,-1.079057,DEF,76.8,93.5,41.0
8835,633,M.Owens,STK,3,57,3,75.0,0.263,-1.76,-1.824435,FWD,75.0,93.5,34.0
10800,745,J.Cripps,WCE,3,57,3,73.0,0.263,-1.922,-1.6855629999999997,FWD,73.0,93.5,
845,151,P.Lipinski,COL,4,67,3,77.5,0.368,-1.558,-2.0073280000000002,MID,75.4,96.5,60.5
1241,174,N.Cox,ESS,3,67,3,54.6667,0.368,-3.404,-4.146992,MID,54.7,96.5,
1522,189,J.Kelly,ESS,2,67,3,64.5,0.368,-2.609,-3.148488,MID,64.5,96.5,
6191,475,C.Windsor,MEL,4,56,3,56.5,0.263,-3.256,-3.031398,FWD,56.5,96.5,
6384,483,L.Davies-Uniacke,NTH,3,67,3,97.6667,0.368,0.073,0.28092,MID,78.0,96.5,60.5
6588,50,C.Cameron,BRL,3,56,3,52.3333,0.263,-3.593,-3.311853,FWD,52.3,96.5,
3954,332,O.Mullin,GEE,2,59,3,44.0,0.263,-4.267,-4.720675,DEF,44.0,97.5,
3980,335,M.O'Connor,GEE,3,59,3,79.0,0.263,-1.437,-2.166036,DEF,75.5,97.5,
1771,199,A.Perkins,ESS,3,66,3,87.6667,0.368,-0.736,-1.90256,MID,76.7,99.0,
3413,302,T.Atkins,GEE,2,58,3,74.0,0.263,-1.841,-1.818908,DEF,74.0,99.0,42.0
2486,249,J.Treacy,FRE,3,55,3,65.3333,0.263,-2.542,-1.8929159999999998,FWD,65.3,99.5,
7238,527,D.Byrne-Jones,PTA,3,55,3,70.0,0.263,-2.164,-2.12455,FWD,70.0,99.5,
7590,551,W.Rioli,PTA,3,55,3,53.0,0.263,-3.539,-3.214721,FWD,53.0,99.5,
10586,731,J.Ugle-Hagan,WBD,3,55,3,61.3333,0.263,-2.865,-2.585957,FWD,61.3,99.5,
324,120,N.Newman,CAR,3,56,3,85.3333,0.263,-0.925,-0.558641,DEF,76.3,100.5,43.0
3886,329,J.Kolodjashnij,GEE,3,56,3,75.3333,0.263,-1.733,-2.030716,DEF,75.0,100.5,
9500,667,J.Jordon,SYD,4,65,3,79.5,0.368,-1.396,-2.197136,MID,75.8,100.5,62.0
11708,91,J.Carroll,CAR,3,65,3,68.0,0.368,-2.326,-3.7692959999999998,MID,68.0,100.5,
5442,430,J.Weddle,HAW,3,55,3,80.0,0.263,-1.356,-1.6510860000000003,DEF,75.7,102.0,
6558,499,C.Lazzaro,NTH,3,64,3,57.3333,0.368,-3.189,-4.431368000000001,MID,57.3,102.0,
8592,614,Z.Cordy,STK,3,54,3,46.3333,0.263,-4.078,-3.9607020000000004,FWD,46.3,103.0,
10101,704,S.Darcy,WBD,2,54,3,81.5,0.263,-1.235,-1.054056,FWD,75.6,103.0,
11018,758,J.Hunt,WCE,3,63,3,78.3333,0.368,-1.491,-2.3031759999999997,MID,75.4,103.0,
11211,770,H.Reid,WCE,3,54,3,65.0,0.263,-2.569,-2.0048649999999997,FWD,65.0,103.0,35.0
6021,468,T.Sparrow,MEL,4,62,3,67.0,0.368,-2.407,-2.958264,MID,67.0,104.0,
758,146,W.Hoskin-Elliott,COL,3,60,3,55.3333,0.368,-3.35,-3.5174399999999997,MID,55.3,105.0,
1010,160,D.Moore,COL,4,54,3,73.0,0.263,-1.922,-2.022992,DEF,73.0,105.0,44.0
2480,248,M.Taberner,FRE,2,53,3,52.5,0.263,-3.58,-3.813018,FWD,52.5,105.0,
2526,251,B.Walker,FRE,2,54,3,60.5,0.263,-2.933,-3.1433999999999997,DEF,60.5,105.0,
6760,508,B.Scott,NTH,3,54,3,74.0,0.263,-1.841,-1.9940660000000001,DEF,74.0,105.0,
8593,614,Z.Cordy,STK,3,54,3,46.3333,0.263,-4.078,-4.383606,DEF,46.3,105.0,
9105,647,M.Windhager,STK,3,54,3,74.0,0.263,-1.841,-2.055082,DEF,74.0,105.0,
8816,631,T.Membrey,STK,3,51,3,59.3333,0.263,-3.027,-2.768471,FWD,59.3,106.0,
3981,335,M.O'Connor,GEE,3,59,3,79.0,0.368,-1.437,-2.6488240000000003,MID,75.5,107.0,
7491,547,J.Mead,PTA,3,59,3,61.0,0.368,-2.892,-3.399104,MID,61.0,107.0,
10368,719,J.Macrae,WBD,1,59,3,59.0,0.368,-3.054,-3.060624,MID,59.0,107.0,63.0
10829,747,J.Darling,WCE,3,50,3,40.3333,0.263,-4.563,-4.095649,FWD,40.3,107.0,
5633,444,M.Hore,MEL,3,52,3,41.3333,0.263,-4.483,-4.54875,DEF,41.3,108.5,
7031,52,J.Daniher,BRL,3,49,3,70.3333,0.263,-2.138,-1.603584,FWD,70.3,108.5,36.0
9734,678,L.Melican,SYD,4,52,3,48.75,0.263,-3.883,-4.0810390000000005,DEF,48.8,108.5,
11141,764,N.Long,WCE,3,49,3,41.0,0.263,-4.509,-4.229957000000001,FWD,41.0,108.5,
3412,302,T.Atkins,GEE,2,58,3,74.0,0.368,-1.841,-2.0191120000000002,MID,74.0,110.0,64.5
3458,304,M.Blicavs,GEE,3,58,3,80.6667,0.368,-1.302,-2.125952,MID,75.7,110.0,64.5
4457,37,J.Soligo,ADE,3,58,3,49.0,0.368,-3.863,-3.1833039999999997,MID,49.0,110.0,
7861,567,N.Broad,RIC,3,51,3,60.3333,0.263,-2.946,-2.98808,DEF,60.3,110.0,
301,12,D.Fogarty,ADE,3,47,3,55.6667,0.263,-3.324,-2.885316,FWD,55.7,110.5,
4994,403,B.Hardwick,HAW,3,47,3,66.3333,0.263,-2.461,-2.052561,FWD,66.3,110.5,
7078,522,M.Bergman,PTA,3,50,3,76.0,0.263,-1.679,-1.767631,DEF,75.1,111.0,
5794,454,J.McVee,MEL,4,49,3,73.75,0.263,-1.861,-2.088495,DEF,73.8,112.0,
3368,30,J.Rachele,ADE,3,46,3,61.3333,0.263,-2.865,-2.6390830000000003,FWD,61.3,112.5,37.0
5590,441,B.Fritsch,MEL,4,46,3,57.75,0.263,-3.155,-3.081886,FWD,57.8,112.5,
8299,596,J.Ross,RIC,4,57,3,56.75,0.368,-3.236,-3.505376,MID,56.8,112.5,
8742,626,Z.Jones,STK,2,57,3,49.5,0.368,-3.822,-3.9912799999999997,MID,49.5,112.5,
4993,403,B.Hardwick,HAW,3,47,3,66.3333,0.263,-2.461,-2.403403,DEF,66.3,113.0,
6190,475,C.Windsor,MEL,4,56,3,56.5,0.368,-3.256,-3.682144,MID,56.5,114.0,
1105,167,L.Schultz,COL,4,45,3,58.5,0.263,-3.094,-2.884126,FWD,58.5,114.5,38.0
4954,400,J.Ginnivan,HAW,3,45,3,67.0,0.263,-2.407,-2.1029720000000003,FWD,67.0,114.5,
8980,641,L.Stocker,STK,3,44,3,50.6667,0.263,-3.728,-3.961544,DEF,50.7,114.5,
10992,757,B.Hough,WCE,3,44,3,53.0,0.263,-3.539,-3.550309,DEF,53.0,114.5,
661,139,J.De Goey,COL,4,55,3,58.25,0.368,-3.115,-2.752888,MID,58.2,115.0,66.0
2248,23,W.Milera,ADE,3,41,3,67.3333,0.263,-2.38,-2.565415,DEF,67.3,116.0,45.0
55,102,C.Durdin,CAR,2,44,3,29.5,0.263,-5.439,-5.159168,FWD,29.5,116.5,
11186,767,J.Petruccelle,WCE,3,44,3,51.6667,0.263,-3.647,-3.543641,FWD,51.7,116.5,
6759,508,B.Scott,NTH,3,54,3,74.0,0.368,-1.841,-2.259784,MID,74.0,117.0,
8435,604,T.Young,RIC,3,39,3,25.3333,0.263,-5.776,-5.71288,DEF,25.3,117.0,
9104,647,M.Windhager,STK,3,54,3,74.0,0.368,-1.841,-2.3433200000000003,MID,74.0,117.0,
11210,770,H.Reid,WCE,3,54,3,65.0,0.368,-2.569,-2.46228,MID,65.0,117.0,67.0
10777,744,T.Cole,WCE,3,38,3,52.3333,0.263,-3.593,-3.4651820000000004,DEF,52.3,118.0,
6842,511,J.Simpkin,NTH,2,43,3,51.5,0.263,-3.66,-2.831024,FWD,51.5,118.5,39.0
7902,569,S.Campbell,RIC,4,43,3,56.0,0.263,-3.297,-3.2951590000000004,FWD,56.0,118.5,
5685,45,N.Answerth,BRL,2,37,3,58.5,0.263,-3.094,-3.376725,DEF,58.5,119.0,
10966,754,R.Ginbey,WCE,3,53,3,62.6667,0.368,-2.757,-3.000248,MID,62.7,119.0,
7079,522,M.Bergman,PTA,3,50,3,76.0,0.368,-1.679,-2.0102,MID,75.1,120.0,
3498,305,J.Bowes,GEE,1,35,3,35.0,0.263,-4.995,-4.054512,DEF,35.0,120.5,
6407,484,K.Dawson,NTH,3,35,3,47.0,0.263,-4.024,-4.184430000000001,DEF,47.0,120.5,
8521,609,R.Byrnes,STK,3,47,3,64.3333,0.368,-2.623,-3.2533840000000005,MID,64.3,121.0,
4802,393,L.Breust,HAW,3,42,3,50.0,0.263,-3.782,-3.8853590000000002,FWD,50.0,121.5,
5493,434,J.Billings,MEL,4,42,3,60.25,0.263,-2.953,-2.858057,FWD,60.2,121.5,40.5
5936,461,K.Pickett,MEL,3,42,3,71.3333,0.263,-2.057,-1.805835,FWD,71.3,121.5,40.5
9431,665,W.Hayward,SYD,4,42,3,60.75,0.263,-2.912,-2.58588,FWD,60.8,121.5,
5035,404,H.Hustwaite,HAW,1,46,3,46.0,0.368,-4.105,-5.519592,MID,46.0,122.0,
7314,533,K.Farrell,PTA,3,33,3,79.6667,0.263,-1.383,-1.413245,DEF,75.6,122.5,46.0
7750,563,N.Balta,RIC,4,33,3,71.0,0.263,-2.084,-2.48902,DEF,71.0,122.5,
6843,511,J.Simpkin,NTH,2,43,3,51.5,0.368,-3.66,-3.184912,MID,51.5,123.0,68.0
5492,434,J.Billings,MEL,4,42,3,60.25,0.368,-2.953,-3.5660879999999997,MID,60.2,124.0,69.0
2461,247,S.Switkowski,FRE,3,41,3,65.3333,0.263,-2.542,-2.0657069999999997,FWD,65.3,124.5,
5075,407,M.Lewis,HAW,3,41,3,37.6667,0.263,-4.779,-4.604894,FWD,37.7,124.5,
6925,516,D.Tucker,NTH,3,32,3,43.6667,0.263,-4.294,-4.013904999999999,DEF,43.7,124.5,
7163,524,J.Burgoyne,PTA,2,32,3,44.5,0.263,-4.226,-3.5808609999999996,DEF,44.5,124.5,
1321,178,S.Durham,ESS,3,39,3,70.6667,0.368,-2.111,-1.8368400000000003,MID,70.7,125.5,
11766,95,M.Cottrell,CAR,3,39,3,51.0,0.368,-3.701,-4.15364,MID,51.0,125.5,
1446,185,N.Hind,ESS,2,30,3,31.5,0.263,-5.278,-5.142818,DEF,31.5,126.5,
11100,761,J.Jones,WCE,2,30,3,39.5,0.263,-4.631,-4.78091,DEF,39.5,126.5,
11464,786,M.Lefau,RIC,2,39,3,32.5,0.263,-5.197,-4.594467,FWD,32.5,126.5,
11765,95,M.Cottrell,CAR,3,39,3,51.0,0.263,-3.701,-3.48534,FWD,51.0,126.5,
8098,587,K.McIntosh,RIC,4,38,3,42.25,0.368,-4.408,-4.923936,MID,42.2,127.0,
3497,305,J.Bowes,GEE,1,35,3,35.0,0.368,-4.995,-3.890264,MID,35.0,128.0,
6338,481,A.Corr,NTH,3,29,3,40.0,0.263,-4.59,-4.275978,DEF,40.0,128.0,
7474,545,J.McEntee,PTA,2,38,3,24.5,0.263,-5.844,-5.495788,FWD,24.5,128.5,
8503,608,D.Butler,STK,1,38,3,38.0,0.263,-4.752,-4.617607,FWD,38.0,128.5,
6924,516,D.Tucker,NTH,3,32,3,43.6667,0.368,-4.294,-4.1008,MID,43.7,129.5,
7162,524,J.Burgoyne,PTA,2,32,3,44.5,0.368,-4.226,-3.5319519999999995,MID,44.5,129.5,
9780,680,C.Mitchell,SYD,1,28,3,28.0,0.263,-5.561,-6.369462,DEF,28.0,129.5,
10549,73,J.Payne,BRL,2,28,3,28.5,0.263,-5.52,-5.006098,DEF,28.5,129.5,
5686,45,N.Answerth,BRL,2,37,3,58.5,0.263,-3.094,-2.9795949999999998,FWD,58.5,130.5,
6894,513,J.Stephenson,NTH,3,37,3,41.3333,0.263,-4.483,-4.094549,FWD,41.3,130.5,
889,152,F.Macrae,COL,3,30,3,23.3333,0.368,-5.938,-5.96008,MID,23.3,131.0,
5640,445,B.Howes,MEL,4,26,3,62.25,0.263,-2.791,-3.122117,DEF,62.2,131.0,
6433,487,Z.Duursma,NTH,3,29,3,51.0,0.368,-3.701,-4.848056,MID,51.0,132.0,
7787,564,S.Banks,RIC,3,25,3,30.0,0.263,-5.399,-5.350608,DEF,30.0,132.0,
9207,650,J.Amartey,SYD,4,35,3,35.75,0.263,-4.934,-4.369865,FWD,35.8,132.0,
9692,677,H.McLean,SYD,4,34,3,55.75,0.263,-3.317,-2.857539,FWD,55.8,133.0,42.0
9781,680,C.Mitchell,SYD,1,28,3,28.0,0.368,-5.561,-6.852679999999999,MID,28.0,133.0,
9812,683,D.Rampe,SYD,4,24,3,51.25,0.263,-3.681,-3.811711,DEF,51.2,133.0,
248,112,C.Marchbank,CAR,1,22,3,22.0,0.263,-6.046,-6.070196,DEF,22.0,134.0,
7751,563,N.Balta,RIC,4,33,3,71.0,0.263,-2.084,-2.104777,FWD,71.0,134.5,
8375,600,T.Sonsie,RIC,1,33,3,33.0,0.263,-5.156,-4.9306090000000005,FWD,33.0,134.5,
10935,751,L.Edwards,WCE,3,26,3,45.6667,0.368,-4.132,-4.879408,MID,45.7,134.5,
11205,77,D.Robertson,BRL,2,26,3,25.0,0.368,-5.803,-6.592727999999999,MID,25.0,134.5,
6225,476,T.Woewodin,MEL,2,19,3,13.5,0.263,-6.733,-6.841619,DEF,13.5,135.5,
6683,506,T.Pink,NTH,3,19,3,40.3333,0.263,-4.563,-4.953291999999999,DEF,40.3,135.5,
10749,741,T.Brockman,WCE,3,32,3,45.0,0.263,-4.186,-4.152862,FWD,45.0,136.0,
7786,564,S.Banks,RIC,3,25,3,30.0,0.368,-5.399,-5.516024,MID,30.0,136.5,
9059,646,D.Wilson,STK,3,25,3,50.0,0.368,-3.782,-3.8015039999999996,MID,50.0,136.5,
7659,56,D.Fort,BRL,1,31,3,31.0,0.263,-5.318,-4.778324,FWD,31.0,137.0,
8631,618,A.Hastie,STK,1,18,3,18.0,0.263,-6.369,-6.7898,DEF,18.0,137.0,
5232,416,H.Morrison,HAW,1,21,3,21.0,0.368,-6.127,-5.704536,MID,21.0,138.0,
888,152,F.Macrae,COL,3,30,3,23.3333,0.263,-5.938,-5.3941159999999995,FWD,23.3,139.0,
1447,185,N.Hind,ESS,2,30,3,31.5,0.263,-5.278,-4.731223,FWD,31.5,139.0,
2318,238,J.O'Meara,FRE,2,20,3,14.5,0.368,-6.652,-5.618288,MID,14.5,139.0,
11099,761,J.Jones,WCE,2,30,3,39.5,0.263,-4.631,-4.359058,FWD,39.5,139.0,
10759,743,C.Chesser,WCE,3,17,3,28.3333,0.368,-5.534,-5.6944479999999995,MID,28.3,140.0,
10470,724,C.Poulter,WBD,2,8,3,15.0,0.368,-6.612,-5.864592,MID,15.0,141.0,
1393,181,J.Gresham,ESS,3,29,3,68.6667,0.263,-2.272,-2.319603,FWD,68.7,142.5,43.5
5101,41,T.Walker,ADE,2,29,3,47.0,0.263,-4.024,-3.477749,FWD,47.0,142.5,43.5
6432,487,Z.Duursma,NTH,3,29,3,51.0,0.263,-3.701,-3.9450640000000003,FWD,51.0,142.5,
11147,765,R.Maric,WCE,2,29,3,22.5,0.263,-6.005,-5.507667,FWD,22.5,142.5,
955,156,R.McInnes,COL,2,28,3,50.0,0.263,-3.782,-3.976357,FWD,50.0,145.0,
8892,638,C.Sharman,STK,3,27,3,49.0,0.263,-3.863,-3.560813,FWD,49.0,146.0,
1720,196,J.Menzie,ESS,3,26,3,35.6667,0.263,-4.941,-4.912596,FWD,35.7,148.0,
10936,751,L.Edwards,WCE,3,26,3,45.6667,0.263,-4.132,-4.10307,FWD,45.7,148.0,
11204,77,D.Robertson,BRL,2,26,3,25.0,0.263,-5.803,-5.769862,FWD,25.0,148.0,
9058,646,D.Wilson,STK,3,25,3,50.0,0.263,-3.782,-3.278092,FWD,50.0,150.0,
6143,472,J.van Rooyen,MEL,4,24,3,50.5,0.263,-3.741,-3.3441330000000002,FWD,50.5,151.5,
6492,489,E.Ford,NTH,3,24,3,25.6667,0.263,-5.749,-5.0460009999999995,FWD,25.7,151.5,
9925,691,C.Warner,SYD,2,23,3,31.5,0.263,-5.278,-5.241969,FWD,31.5,153.0,
7300,532,F.Evans,PTA,3,20,3,35.3333,0.263,-4.968,-4.69974,FWD,35.3,154.0,
6224,476,T.Woewodin,MEL,2,19,3,13.5,0.263,-6.733,-6.372953,FWD,13.5,155.5,
6684,506,T.Pink,NTH,3,19,3,40.3333,0.263,-4.563,-4.511189,FWD,40.3,155.5,
70,104,O.Fantasia,CAR,3,18,3,30.6667,0.263,-5.345,-5.06096,FWD,30.7,158.0,
2157,225,T.Emmett,FRE,3,18,3,31.6667,0.263,-5.264,-5.01678,FWD,31.7,158.0,
8791,63,K.Lohmann,BRL,3,18,3,22.6667,0.263,-5.992,-4.777991999999999,FWD,22.7,158.0,
2356,24,L.Murphy,ADE,3,15,3,32.6667,0.263,-5.183,-4.542069,FWD,32.7,160.5,
11333,777,J.Williams,WCE,1,15,3,15.0,0.263,-6.612,-5.657310000000001,FWD,15.0,160.5,
6274,479,C.Coleman-Jones,NTH,3,14,3,34.0,0.263,-5.076,-5.010249999999999,FWD,34.0,162.0,
8004,58,E.Hipwood,BRL,3,12,3,47.3333,0.263,-3.997,-3.458902,FWD,47.3,163.0,
3202,29,L.Pedlar,ADE,3,10,3,30.0,0.263,-5.399,-5.403734,FWD,30.0,164.0,
8769,629,R.Marshall,STK,4,147,4,114.75,0.105,1.454,1.3873250000000001,RUC,81.9,1.0,1.0
9230,652,N.Blakey,SYD,5,138,4,106.0,0.263,0.747,0.563952,DEF,81.7,1.0,1.0
9459,666,I.Heeney,SYD,5,165,4,144.2,0.368,3.835,2.945176,MID,90.0,1.0,1.0
9460,666,I.Heeney,SYD,5,165,4,144.2,0.263,3.835,3.615395,FWD,90.0,1.0,1.0
7032,52,J.Daniher,BRL,4,148,4,89.75,0.263,-0.567,-0.44575699999999996,FWD,77.6,2.0,2.0
8171,590,T.Nankervis,RIC,4,133,4,109.75,0.105,1.05,1.0064250000000001,RUC,81.0,2.0,2.0
10339,717,T.Liberatore,WBD,4,155,4,115.0,0.368,1.474,0.982352,MID,82.0,2.0,2.0
10858,749,L.Duggan,WCE,4,134,4,99.25,0.263,0.201,-0.14984199999999998,DEF,79.2,2.0,2.0
1633,193,N.Martin,ESS,4,133,4,106.25,0.263,0.767,0.785673,DEF,80.4,3.0,3.0
5181,413,L.Meek,HAW,2,130,4,109.0,0.105,0.989,0.877595,RUC,78.0,3.0,
7608,552,C.Rozee,PTA,4,152,4,114.5,0.368,1.434,0.732224,MID,81.9,3.0,3.0
7823,566,S.Bolton,RIC,5,133,4,94.0,0.263,-0.224,-0.359182,FWD,79.1,3.0,3.0
5614,443,M.Gawn,MEL,5,129,4,130.6,0.105,2.736,2.6678550000000003,RUC,87.1,4.0,3.0
6299,480,C.Comben,NTH,1,129,4,129.0,0.263,2.606,1.6999649999999997,FWD,77.3,4.0,
8958,640,J.Steele,STK,4,142,4,126.75,0.368,2.424,1.747248,MID,84.0,4.0,4.0
11393,779,E.Yeo,WCE,4,130,4,104.5,0.263,0.625,0.674444,DEF,80.1,4.0,4.0
2908,273,S.Flanders,GCS,4,125,4,119.75,0.263,1.858,2.215154,FWD,82.8,5.0,4.0
6298,480,C.Comben,NTH,1,129,4,129.0,0.263,2.606,1.350701,DEF,77.3,5.0,
9955,695,M.Bontempelli,WBD,4,141,4,128.25,0.368,2.546,2.492272,MID,84.3,5.0,5.0
10144,706,T.English,WBD,4,117,4,124.5,0.105,2.243,2.04959,RUC,83.6,5.0,4.0
5876,459,C.Petracca,MEL,5,140,4,122.0,0.368,2.04,1.302528,MID,85.2,6.0,6.0
6987,518,T.Xerri,NTH,4,115,4,105.0,0.105,0.666,0.768375,RUC,80.2,6.0,5.0
8005,58,E.Hipwood,BRL,4,107,4,62.25,0.263,-2.791,-2.57008,FWD,62.2,6.0,
6804,509,H.Sheezel,NTH,4,124,4,123.75,0.263,2.182,2.182,DEF,83.5,6.5,5.5
8912,639,J.Sinclair,STK,3,124,4,97.0,0.263,0.019,0.367738,DEF,77.9,6.5,5.5
492,133,D.Cameron,COL,5,110,4,93.8,0.105,-0.24,-0.204195,RUC,79.1,7.0,6.0
662,139,J.De Goey,COL,5,138,4,74.2,0.368,-1.825,-1.937608,MID,74.2,7.0,7.0
3933,331,G.Miers,GEE,4,105,4,88.5,0.263,-0.669,-0.570638,FWD,77.3,7.0,5.0
1735,197,Z.Merrett,ESS,4,136,4,131.5,0.368,2.809,2.2404400000000004,MID,84.8,8.0,8.0
2203,228,N.Fyfe,FRE,4,102,4,85.75,0.263,-0.891,-1.050904,FWD,76.9,8.0,6.0
4026,339,R.Stanley,GEE,3,103,4,61.0,0.105,-2.892,-2.95941,RUC,61.0,8.0,
39,100,T.De Koning,CAR,4,100,4,94.5,0.105,-0.183,-0.19266,RUC,78.4,9.0,7.0
988,16,M.Hinge,ADE,4,119,4,97.75,0.263,0.079,-0.038298,DEF,79.0,9.0,7.5
2571,255,H.Young,FRE,4,119,4,95.75,0.263,-0.082,0.058968000000000007,DEF,78.6,9.0,7.5
3555,307,J.Cameron,GEE,4,101,4,84.75,0.263,-0.972,-0.679807,FWD,76.7,9.0,7.0
5795,454,J.McVee,MEL,5,119,4,82.8,0.263,-1.129,-1.5490110000000001,DEF,76.7,9.0,
1632,193,N.Martin,ESS,4,133,4,106.25,0.368,0.767,0.566072,MID,80.4,9.5,9.5
7824,566,S.Bolton,RIC,5,133,4,94.0,0.368,-0.224,-1.104992,MID,79.1,9.5,9.5
3396,301,J.Witts,GCS,3,98,4,96.3333,0.105,-0.035,0.009414999999999993,RUC,77.8,10.0,8.0
4059,340,T.Stengle,GEE,4,100,4,69.0,0.263,-2.245,-1.9593820000000002,FWD,69.0,11.0,
4355,363,T.Greene,GWS,4,100,4,76.5,0.263,-1.639,-1.354697,FWD,75.3,11.0,8.0
7364,536,J.Horne-Francis,PTA,2,132,4,122.0,0.368,2.04,1.168576,MID,79.1,11.0,11.0
8997,643,N.Wanganeen-Milera,STK,4,114,4,106.5,0.263,0.787,0.687323,DEF,80.5,11.0,9.0
9372,66,L.McCarthy,BRL,4,100,4,74.0,0.263,-1.841,-1.904909,FWD,74.0,11.0,
9386,662,B.Grundy,SYD,5,93,4,103.2,0.105,0.52,0.49228000000000005,RUC,81.1,11.0,9.0
7632,555,I.Soldo,PTA,4,92,4,93.25,0.105,-0.284,-0.48496999999999996,RUC,78.2,12.0,10.0
11168,766,J.McGovern,WCE,4,113,4,121.5,0.263,2.0,1.837466,DEF,83.1,12.0,
11394,779,E.Yeo,WCE,4,130,4,104.5,0.368,0.625,0.467128,MID,80.1,12.0,12.0
2255,230,L.Jackson,FRE,4,91,4,120.0,0.105,1.879,1.57597,RUC,82.8,13.0,11.0
4761,390,K.Amon,HAW,4,112,4,89.0,0.263,-0.628,-0.6088009999999999,DEF,77.4,13.0,10.0
1197,173,J.Caldwell,ESS,4,99,4,84.25,0.263,-1.012,-0.5238719999999999,FWD,76.6,13.5,9.0
3231,293,M.Rowell,GCS,4,129,4,130.0,0.368,2.687,1.669848,MID,84.6,13.5,13.5
7346,535,M.Georgiades,PTA,1,99,4,99.0,0.263,0.181,-0.23611800000000005,FWD,76.0,13.5,
9409,663,E.Gulden,SYD,5,129,4,107.4,0.368,0.86,0.735984,MID,82.0,13.5,13.5
2376,241,L.Ryan,FRE,4,111,4,133.25,0.263,2.95,2.711196,DEF,85.1,14.0,11.0
9693,677,H.McLean,SYD,5,88,4,62.2,0.105,-2.795,-2.893385,RUC,62.2,14.0,12.0
4172,350,K.Briggs,GWS,4,78,4,95.75,0.105,-0.082,-0.16495,RUC,78.6,15.0,13.0
4458,37,J.Soligo,ADE,4,128,4,68.75,0.368,-2.266,-2.174,MID,68.8,15.0,
5212,415,D.Moore,HAW,4,98,4,76.25,0.263,-1.659,-0.90682,FWD,75.2,15.0,10.0
384,124,A.Saad,CAR,4,108,4,91.25,0.263,-0.446,-0.6051150000000001,DEF,77.8,15.5,12.0
2783,265,S.Clohesy,GCS,1,108,4,108.0,0.263,0.908,-0.077461,DEF,76.4,15.5,
2422,243,J.Sharp,FRE,4,126,4,82.5,0.368,-1.154,-1.965808,MID,76.3,16.0,
9167,649,T.Adams,SYD,1,97,4,97.0,0.263,0.019,-0.392595,FWD,76.0,16.0,11.0
11313,776,B.Williams,WCE,4,75,4,73.0,0.105,-1.922,-2.11016,RUC,73.0,16.0,
4313,36,B.Smith,ADE,4,107,4,80.25,0.263,-1.336,-1.8964530000000002,DEF,75.9,17.0,
9761,68,O.McInerney,BRL,4,73,4,82.75,0.105,-1.133,-1.1036,RUC,76.3,17.0,14.0
11597,86,D.Zorko,BRL,4,96,4,101.5,0.263,0.383,0.913997,FWD,79.6,17.5,12.5
11836,99,C.Curnow,CAR,4,96,4,95.75,0.263,-0.082,-0.12513200000000002,FWD,78.6,17.5,12.5
2907,273,S.Flanders,GCS,4,125,4,119.75,0.368,1.858,1.781456,MID,82.8,18.0,16.0
3459,304,M.Blicavs,GEE,4,68,4,77.5,0.105,-1.558,-1.7891050000000002,RUC,75.4,18.0,15.0
9542,67,H.McCluggage,BRL,4,125,4,101.75,0.368,0.403,0.07474400000000003,MID,79.7,18.0,16.0
10406,72,L.Neale,BRL,3,125,4,122.0,0.368,2.04,1.9270239999999998,MID,81.1,18.0,16.0
3740,320,Z.Guthrie,GEE,4,106,4,84.75,0.263,-0.972,-1.078778,DEF,76.7,18.5,
7387,537,D.Houston,PTA,4,106,4,108.25,0.263,0.928,0.952985,DEF,80.8,18.5,13.0
2871,27,R.O'Brien,ADE,4,62,4,78.25,0.105,-1.497,-1.4590950000000003,RUC,75.6,19.0,16.0
3119,283,J.Lukosius,GCS,4,95,4,78.0,0.263,-1.518,-1.557713,FWD,75.5,19.0,
1774,199,A.Perkins,ESS,4,93,4,89.0,0.263,-0.628,-0.9706889999999999,FWD,77.4,20.0,
1949,212,J.Aish,FRE,4,105,4,97.25,0.263,0.039,-0.9341,DEF,78.9,20.0,
1380,180,T.Goldstein,ESS,4,50,4,52.0,0.105,-3.62,-3.614645,RUC,52.0,20.5,17.0
2030,215,A.Brayshaw,FRE,4,124,4,111.5,0.368,1.191,1.013624,MID,81.3,20.5,18.5
8122,588,B.Miller,RIC,3,50,4,73.6667,0.105,-1.868,-2.0157350000000003,RUC,73.7,20.5,
8913,639,J.Sinclair,STK,3,124,4,97.0,0.368,0.019,0.275864,MID,77.9,20.5,18.5
620,138,N.Daicos,COL,5,102,4,106.8,0.263,0.811,1.15027,DEF,81.9,21.5,14.5
2256,230,L.Jackson,FRE,4,91,4,120.0,0.263,1.879,1.620734,FWD,82.8,21.5,14.5
9034,645,C.Wilkie,STK,4,102,4,87.5,0.263,-0.749,-0.695611,DEF,77.2,21.5,14.5
11213,770,H.Reid,WCE,4,91,4,71.5,0.263,-2.043,-1.6172030000000002,FWD,71.5,21.5,14.5
520,135,M.Cox,COL,5,47,4,57.6,0.105,-3.167,-3.3504349999999996,RUC,57.6,22.0,
7427,54,J.Dunkley,BRL,4,122,4,108.0,0.368,0.908,0.9083680000000001,MID,80.7,22.0,20.0
6022,468,T.Sparrow,MEL,5,90,4,71.6,0.263,-2.035,-2.007648,FWD,71.6,23.0,
551,136,J.Crisp,COL,5,101,4,74.0,0.263,-1.841,-1.62534,DEF,74.0,23.5,16.0
2668,258,M.Andrew,GCS,1,101,4,101.0,0.263,0.342,-0.38651,DEF,76.1,23.5,
3205,290,E.Read,GCS,1,44,4,44.0,0.105,-4.267,-4.53097,RUC,44.0,23.5,
11336,777,J.Williams,WCE,2,44,4,29.5,0.105,-5.439,-5.423565,RUC,29.5,23.5,
982,159,T.Mitchell,COL,4,119,4,86.75,0.368,-0.81,-1.314896,MID,77.0,24.0,22.0
2572,255,H.Young,FRE,4,119,4,95.75,0.368,-0.082,-0.109232,MID,78.6,24.0,22.0
4292,357,B.Daniels,GWS,4,89,4,82.75,0.263,-1.133,-0.711674,FWD,76.3,24.0,16.0
7216,526,Z.Butters,PTA,4,119,4,127.25,0.368,2.465,2.217336,MID,84.1,24.0,22.0
1291,177,S.Draper,ESS,3,15,4,47.3333,0.105,-3.997,-3.886855,RUC,47.3,25.0,18.0
11571,84,D.Wilmot,BRL,4,99,4,81.75,0.263,-1.214,-1.267915,DEF,76.2,25.0,
1344,179,X.Duursma,ESS,4,116,4,77.75,0.368,-1.538,-1.893856,MID,75.5,26.5,
1813,20,R.Laird,ADE,4,116,4,117.75,0.368,1.697,1.1196080000000002,MID,82.4,26.5,24.0
5728,451,S.May,MEL,4,98,4,82.0,0.263,-1.194,-1.058292,DEF,76.2,26.5,17.5
8268,594,D.Rioli,RIC,5,98,4,88.0,0.263,-0.709,-0.6350969999999999,DEF,77.8,26.5,17.5
3594,31,I.Rankine,ADE,4,88,4,83.5,0.263,-1.073,-0.4983449999999999,FWD,76.5,28.0,18.0
3823,325,M.Holmes,GEE,4,97,4,97.0,0.263,0.019,0.0716,DEF,78.8,28.0,19.0
6072,47,Z.Bailey,BRL,4,88,4,77.0,0.263,-1.598,-1.539088,FWD,75.3,28.0,18.0
6144,472,J.van Rooyen,MEL,5,88,4,58.0,0.263,-3.135,-2.897511,FWD,58.0,28.0,
7239,527,D.Byrne-Jones,PTA,4,88,4,74.5,0.263,-1.801,-1.857019,FWD,74.5,28.0,
8792,63,K.Lohmann,BRL,4,88,4,39.0,0.263,-4.671,-3.804415,FWD,39.0,28.0,
9694,677,H.McLean,SYD,5,88,4,62.2,0.263,-2.795,-2.472825,FWD,62.2,28.0,18.0
10565,730,A.Treloar,WBD,4,113,4,107.0,0.368,0.827,1.037496,MID,80.6,28.0,25.0
11767,95,M.Cottrell,CAR,4,88,4,60.25,0.263,-2.953,-2.9340640000000002,FWD,60.2,28.0,
4760,390,K.Amon,HAW,4,112,4,89.0,0.368,-0.628,-0.818624,MID,77.4,29.0,26.0
1429,184,D.Heppell,ESS,4,96,4,106.75,0.263,0.807,0.348854,DEF,80.5,29.5,
5311,423,J.Scrimshaw,HAW,4,96,4,80.75,0.263,-1.295,-1.3644319999999999,DEF,76.0,29.5,20.0
4271,355,S.Coniglio,GWS,4,111,4,107.0,0.368,0.827,-0.3598,MID,80.6,30.0,27.0
5268,418,J.Newcombe,HAW,4,110,4,81.5,0.368,-1.235,-0.9523760000000001,MID,76.1,31.0,28.0
4332,362,T.Green,GWS,4,109,4,132.5,0.368,2.889,1.964216,MID,85.0,32.0,29.0
3223,292,M.Rosas,GCS,3,87,4,66.0,0.263,-2.488,-2.8611969999999998,FWD,66.0,32.5,
8836,633,M.Owens,STK,4,87,4,78.0,0.263,-1.518,-1.646081,FWD,75.5,32.5,20.0
418,127,J.Weitering,CAR,2,95,4,91.0,0.263,-0.466,-0.8904820000000001,DEF,76.4,33.0,
2782,265,S.Clohesy,GCS,1,108,4,108.0,0.368,0.908,-0.672192,MID,76.4,33.0,
3118,283,J.Lukosius,GCS,4,95,4,78.0,0.263,-1.518,-1.928806,DEF,75.5,33.0,
5337,425,J.Sicily,HAW,4,95,4,87.5,0.263,-0.749,-0.49967599999999995,DEF,77.2,33.0,21.0
7883,568,T.Brown,RIC,3,95,4,72.6667,0.263,-1.949,-2.55653,DEF,72.7,33.0,
8445,606,J.Battle,STK,4,95,4,89.0,0.263,-0.628,-0.8099959999999999,DEF,77.4,33.0,
1950,212,J.Aish,FRE,4,105,4,97.25,0.368,0.039,-1.5183759999999997,MID,78.9,34.0,
4412,368,J.Hogan,GWS,4,86,4,107.5,0.263,0.868,0.8227639999999999,FWD,80.7,34.0,21.0
7278,531,W.Drew,PTA,4,104,4,116.75,0.368,1.616,0.557264,MID,82.3,35.0,
8075,585,D.*** Martin,RIC,3,85,4,79.6667,0.263,-1.383,-1.5557910000000001,FWD,75.6,35.0,22.0
100,106,G.Hewett,CAR,4,103,4,102.25,0.368,0.443,-0.12335200000000002,MID,79.7,36.0,30.0
4389,367,H.Himmelberg,GWS,4,93,4,83.0,0.263,-1.113,-0.9770289999999999,DEF,76.4,36.0,22.0
10102,704,S.Darcy,WBD,3,84,4,82.3333,0.263,-1.167,-1.00394,FWD,76.0,36.0,
10523,726,R.Sanders,WBD,4,82,4,75.25,0.263,-1.74,-1.8320500000000002,FWD,75.0,37.0,23.0
184,109,B.Kemp,CAR,3,92,4,85.6667,0.263,-0.898,-1.378501,DEF,76.4,37.5,
11019,758,J.Hunt,WCE,4,92,4,81.75,0.263,-1.214,-1.7247460000000001,DEF,76.2,37.5,
593,137,J.Daicos,COL,5,102,4,90.6,0.368,-0.499,-0.81548,MID,78.4,38.0,32.0
621,138,N.Daicos,COL,5,102,4,106.8,0.368,0.811,1.049464,MID,81.9,38.0,32.0
2202,228,N.Fyfe,FRE,4,102,4,85.75,0.368,-0.891,-1.828664,MID,76.9,38.0,32.0
444,128,Z.Williams,CAR,4,81,4,68.75,0.263,-2.266,-2.093735,FWD,68.8,39.0,24.5
1106,167,L.Schultz,COL,5,81,4,63.0,0.263,-2.731,-2.6165950000000002,FWD,63.0,39.0,24.5
1698,195,B.McKay,ESS,4,91,4,74.25,0.263,-1.821,-2.142386,DEF,74.2,39.0,
9432,665,W.Hayward,SYD,5,81,4,64.8,0.263,-2.585,-2.344881,FWD,64.8,39.0,
552,136,J.Crisp,COL,5,101,4,74.0,0.368,-1.841,-1.753416,MID,74.0,41.0,34.5
1358,18,M.Keane,ADE,3,90,4,91.3333,0.263,-0.439,-0.8455980000000001,DEF,77.1,41.0,
3500,305,J.Bowes,GEE,2,90,4,62.5,0.263,-2.771,-2.415424,DEF,62.5,41.0,
8300,596,J.Ross,RIC,5,101,4,65.6,0.368,-2.52,-3.052864,MID,65.6,41.0,
9318,658,O.Florent,SYD,5,90,4,80.2,0.263,-1.34,-1.48202,DEF,76.1,41.0,
11808,97,P.Cripps,CAR,4,101,4,105.0,0.368,0.666,0.70648,MID,80.2,41.0,34.5
3673,314,O.Dempsey,GEE,4,80,4,80.25,0.263,-1.336,-1.2158090000000001,FWD,75.9,42.5,
4996,403,B.Hardwick,HAW,4,80,4,69.75,0.263,-2.185,-1.849149,FWD,69.8,42.5,
8893,638,C.Sharman,STK,4,80,4,56.75,0.263,-3.236,-3.098714,FWD,56.8,42.5,
9632,675,L.McDonald,SYD,5,80,4,70.0,0.263,-2.164,-2.1492720000000003,FWD,70.0,42.5,
797,147,J.Howe,COL,4,89,4,74.5,0.263,-1.801,-1.763391,DEF,74.5,43.0,
1198,173,J.Caldwell,ESS,4,99,4,84.25,0.368,-1.012,-0.974832,MID,76.6,43.5,36.5
11665,9,J.Dawson,ADE,4,99,4,86.25,0.368,-0.85,-0.565168,MID,77.0,43.5,36.5
5291,42,J.Worrell,ADE,4,88,4,85.75,0.263,-0.891,-0.9846280000000001,DEF,76.9,44.5,
8472,607,R.Bonner,STK,4,88,4,85.75,0.263,-0.891,-1.2497319999999998,DEF,76.9,44.5,23.0
11122,762,T.Kelly,WCE,4,98,4,93.25,0.368,-0.284,-0.458432,MID,78.2,45.0,38.0
972,158,B.Mihocek,COL,5,79,4,68.2,0.263,-2.31,-2.316049,FWD,68.2,45.5,
5546,439,K.Chandler,MEL,5,79,4,76.4,0.263,-1.647,-1.756408,FWD,75.3,45.5,
4207,352,J.Buckley,GWS,4,87,4,80.75,0.263,-1.295,-1.47384,DEF,76.0,46.5,
4725,389,L.Whitfield,GWS,4,87,4,109.25,0.263,1.009,1.127087,DEF,81.0,46.5,24.0
3822,325,M.Holmes,GEE,4,97,4,97.0,0.368,0.019,-0.13040800000000002,MID,78.8,47.0,40.0
9166,649,T.Adams,SYD,1,97,4,97.0,0.368,0.019,-1.272312,MID,76.0,47.0,40.0
10027,7,M.Crouch,ADE,4,97,4,112.25,0.368,1.252,0.890992,MID,81.5,47.0,40.0
10670,734,R.West,WBD,4,78,4,67.75,0.263,-2.346,-2.223705,FWD,67.8,47.0,
703,143,B.Frampton,COL,3,85,4,83.0,0.263,-1.113,-2.0726869999999997,DEF,76.0,48.5,
1523,189,J.Kelly,ESS,3,85,4,71.3333,0.263,-2.057,-2.447292,DEF,71.3,48.5,
208,110,M.Kennedy,CAR,4,77,4,72.25,0.263,-1.983,-1.663455,FWD,72.2,49.0,
5102,41,T.Walker,ADE,3,77,4,57.0,0.263,-3.216,-2.8822530000000004,FWD,57.0,49.0,26.0
8756,628,M.King,STK,3,77,4,100.667,0.263,0.315,-0.4960920000000001,FWD,78.3,49.0,
9906,690,C.Warner,SYD,5,96,4,102.8,0.368,0.488,0.345216,MID,81.0,49.5,42.5
11598,86,D.Zorko,BRL,4,96,4,101.5,0.368,0.383,0.525784,MID,79.6,49.5,42.5
2069,218,J.Clark,FRE,4,84,4,107.5,0.263,0.868,0.848275,DEF,80.7,51.0,26.0
4133,348,L.Ash,GWS,4,84,4,70.75,0.263,-2.104,-1.885184,DEF,70.8,51.0,26.0
4636,384,S.Taylor,GWS,4,84,4,94.75,0.263,-0.163,-0.822604,DEF,78.4,51.0,26.0
302,12,D.Fogarty,ADE,4,76,4,60.75,0.263,-2.912,-2.581672,FWD,60.8,52.0,
2008,214,B.Banfield,FRE,4,76,4,80.75,0.263,-1.295,-1.5148679999999999,FWD,76.0,52.0,
4496,372,J.Kelly,GWS,4,95,4,96.5,0.368,-0.022,-0.12467199999999999,MID,78.7,52.0,44.5
5898,460,H.Petty,MEL,3,76,4,62.0,0.263,-2.811,-2.898316,FWD,62.0,52.0,
8876,636,S.Ross,STK,4,95,4,86.75,0.368,-0.81,-1.7671679999999999,MID,77.0,52.0,
9871,686,J.Rowbottom,SYD,5,95,4,93.6,0.368,-0.256,-0.47569599999999995,MID,79.0,52.0,44.5
5042,405,J.Impey,HAW,4,83,4,78.75,0.263,-1.457,-1.442272,DEF,75.7,53.5,
11687,90,J.Boyd,CAR,4,83,4,80.0,0.263,-1.356,-1.9927230000000002,DEF,75.9,53.5,
2399,242,C.Serong,FRE,4,94,4,132.5,0.368,2.889,2.3071919999999997,MID,85.0,54.5,46.0
6278,48,J.Berry,BRL,4,94,4,70.5,0.368,-2.124,-2.07432,MID,70.5,54.5,
7055,520,A.Aliir,PTA,4,82,4,70.25,0.263,-2.144,-2.173193,DEF,70.2,55.0,
274,115,H.McKay,CAR,4,75,4,113.5,0.263,1.353,1.038452,FWD,81.7,55.5,28.0
5937,461,K.Pickett,MEL,4,75,4,72.25,0.263,-1.983,-1.751297,FWD,72.2,55.5,28.0
6461,488,Z.Fisher,NTH,4,75,4,74.0,0.263,-1.841,-1.3576059999999999,FWD,74.0,55.5,28.0
8688,623,B.Hill,STK,4,75,4,67.25,0.263,-2.387,-2.081131,FWD,67.2,55.5,
445,128,Z.Williams,CAR,4,81,4,68.75,0.263,-2.266,-2.46325,DEF,68.8,56.0,28.0
1773,199,A.Perkins,ESS,4,93,4,89.0,0.368,-0.628,-1.834304,MID,77.4,56.0,
4995,403,B.Hardwick,HAW,4,80,4,69.75,0.263,-2.185,-2.199991,DEF,69.8,57.5,
8393,601,T.Taranto,RIC,5,92,4,94.8,0.368,-0.159,-0.414024,MID,79.3,57.5,47.0
9835,685,M.Roberts,SYD,5,80,4,83.4,0.263,-1.081,-1.242482,DEF,76.8,57.5,
11020,758,J.Hunt,WCE,4,92,4,81.75,0.368,-1.214,-2.128112,MID,76.2,57.5,
5163,411,F.Maginness,HAW,3,74,4,41.6667,0.263,-4.456,-4.2050980000000004,FWD,41.7,59.0,
5832,457,A.Neal-Bullen,MEL,5,74,4,89.6,0.263,-0.58,-0.42614499999999994,FWD,78.2,59.0,30.0
10480,725,E.Richards,WBD,3,79,4,80.3333,0.263,-1.329,-0.9366039999999999,DEF,75.7,59.0,29.0
11142,764,N.Long,WCE,4,74,4,49.25,0.263,-3.842,-3.738378,FWD,49.2,59.0,
11212,770,H.Reid,WCE,4,91,4,71.5,0.368,-2.043,-2.129848,MID,71.5,59.0,48.0
4082,342,T.Stewart,GEE,4,77,4,103.75,0.263,0.565,0.407989,DEF,80.0,60.0,30.0
3499,305,J.Bowes,GEE,2,90,4,62.5,0.368,-2.771,-2.484696,MID,62.5,60.5,
6023,468,T.Sparrow,MEL,5,90,4,71.6,0.368,-2.035,-2.72316,MID,71.6,60.5,
4194,351,C.Brown,GWS,4,73,4,66.5,0.263,-2.448,-2.696535,FWD,66.5,62.0,
6715,507,T.Powell,NTH,4,73,4,97.25,0.263,0.039,-0.092237,FWD,78.9,62.0,31.0
7964,577,J.Graham,RIC,1,73,4,73.0,0.263,-1.922,-1.7957599999999998,FWD,73.0,62.0,
325,120,N.Newman,CAR,4,76,4,83.0,0.263,-1.113,-0.697197,DEF,76.4,62.5,31.0
2648,257,N.Anderson,GCS,4,89,4,109.5,0.368,1.03,0.7941119999999999,MID,81.0,62.5,49.5
3159,286,T.Miller,GCS,4,89,4,114.25,0.368,1.414,0.881504,MID,81.8,62.5,49.5
5899,460,H.Petty,MEL,3,76,4,62.0,0.263,-2.811,-3.308333,DEF,62.0,62.5,
6408,484,K.Dawson,NTH,4,76,4,54.25,0.263,-3.438,-3.7525480000000004,DEF,54.2,62.5,
10778,744,T.Cole,WCE,4,76,4,58.25,0.263,-3.115,-3.112896,DEF,58.2,62.5,
5403,43,C.Ah Chee,BRL,4,72,4,69.25,0.263,-2.225,-2.151623,FWD,69.2,65.0,
8665,622,J.Higgins,STK,4,72,4,84.5,0.263,-0.992,-1.085102,FWD,76.7,65.0,
10440,721,A.Naughton,WBD,4,72,4,76.75,0.263,-1.619,-1.552724,FWD,75.3,65.0,32.0
6073,47,Z.Bailey,BRL,4,88,4,77.0,0.368,-1.598,-2.226176,MID,75.3,66.0,52.5
6385,483,L.Davies-Uniacke,NTH,4,88,4,95.25,0.368,-0.123,0.157048,MID,78.5,66.0,52.5
8471,607,R.Bonner,STK,4,88,4,85.75,0.368,-0.891,-1.5982960000000002,MID,76.9,66.0,52.5
11640,87,B.Acres,CAR,4,88,4,91.5,0.368,-0.426,-0.643856,MID,77.9,66.0,52.5
11768,95,M.Cottrell,CAR,4,88,4,60.25,0.368,-2.953,-3.680904,MID,60.2,66.0,
918,154,B.Maynard,COL,5,75,4,97.0,0.263,0.019,-0.505422,DEF,79.8,67.0,32.5
3651,313,S.De Koning,GEE,4,75,4,61.5,0.263,-2.852,-2.918276,DEF,61.5,67.0,
6460,488,Z.Fisher,NTH,4,75,4,74.0,0.263,-1.841,-1.684778,DEF,74.0,67.0,32.5
9613,674,T.McCartin,SYD,5,75,4,65.8,0.263,-2.504,-2.7638439999999997,DEF,65.8,67.0,
10727,739,T.Barrass,WCE,4,75,4,66.75,0.263,-2.427,-2.147168,DEF,66.8,67.0,
3002,277,B.Humphrey,GCS,3,71,4,56.0,0.263,-3.297,-3.2964740000000003,FWD,56.0,68.0,33.0
5301,420,M.Ramsden,HAW,1,71,4,71.0,0.263,-2.084,-2.8051459999999997,FWD,71.0,68.0,
10801,745,J.Cripps,WCE,4,71,4,72.5,0.263,-1.962,-1.715043,FWD,72.5,68.0,
1524,189,J.Kelly,ESS,3,85,4,71.3333,0.368,-2.057,-2.799624,MID,71.3,69.0,
10522,726,R.Sanders,WBD,4,82,4,75.25,0.368,-1.74,-2.600384,MID,75.0,70.0,55.0
761,146,W.Hoskin-Elliott,COL,4,74,4,60.0,0.263,-2.973,-3.0500589999999996,DEF,60.0,70.5,
5959,462,T.Rivers,MEL,5,74,4,77.2,0.263,-1.582,-1.46891,DEF,75.5,70.5,34.0
2462,247,S.Switkowski,FRE,4,70,4,66.5,0.263,-2.448,-1.996429,FWD,66.5,71.5,
6165,474,J.Viney,MEL,5,81,4,102.6,0.368,0.472,-0.2606879999999999,MID,81.0,71.5,56.5
8594,614,Z.Cordy,STK,4,70,4,52.25,0.263,-3.6,-3.608416,FWD,52.2,71.5,
8817,631,T.Membrey,STK,4,70,4,62.0,0.263,-2.811,-2.609279,FWD,62.0,71.5,
9344,659,R.Fox,SYD,4,70,4,60.25,0.263,-2.953,-3.0616190000000003,FWD,60.2,71.5,
11736,93,A.Cerra,CAR,4,81,4,96.25,0.368,-0.042,-0.770272,MID,78.7,71.5,56.5
1011,160,D.Moore,COL,5,73,4,73.0,0.263,-1.922,-2.022992,DEF,73.0,72.5,35.0
1032,162,J.Noble,COL,3,73,4,67.6667,0.263,-2.353,-2.248326,DEF,67.7,72.5,
690,142,J.Elliott,COL,5,69,4,68.6,0.263,-2.278,-2.213565,FWD,68.6,74.5,
2825,266,S.Collins,GCS,4,72,4,89.0,0.263,-0.628,-0.953857,DEF,77.4,74.5,
3674,314,O.Dempsey,GEE,4,80,4,80.25,0.368,-1.336,-1.863712,MID,75.9,74.5,
4248,354,F.Callaghan,GWS,3,80,4,66.3333,0.368,-2.461,-2.3414,MID,66.3,74.5,58.0
5591,441,B.Fritsch,MEL,5,69,4,60.0,0.263,-2.973,-2.9477519999999995,FWD,60.0,74.5,
7862,567,N.Broad,RIC,4,72,4,63.25,0.263,-2.71,-2.814148,DEF,63.2,74.5,
9836,685,M.Roberts,SYD,5,80,4,83.4,0.368,-1.081,-1.516344,MID,76.8,74.5,
10691,735,B.Williams,WBD,4,80,4,81.5,0.368,-1.235,-1.754248,MID,76.1,74.5,
1150,17,C.Jones,ADE,4,71,4,59.25,0.263,-3.034,-3.2549200000000003,DEF,59.2,76.5,
7203,525,R.Burton,PTA,4,71,4,83.0,0.263,-1.113,-1.5061849999999999,DEF,76.4,76.5,36.0
5754,453,T.McDonald,MEL,4,68,4,71.25,0.263,-2.063,-1.65798,FWD,71.2,77.0,
7337,534,J.Finlayson,PTA,4,68,4,76.75,0.263,-1.619,-1.896728,FWD,75.3,77.0,34.0
10481,725,E.Richards,WBD,3,79,4,80.3333,0.368,-1.329,-1.002584,MID,75.7,77.0,59.0
10654,733,C.Weightman,WBD,4,68,4,80.5,0.263,-1.315,-1.347612,FWD,76.0,77.0,
6969,517,G.Wardlaw,NTH,4,78,4,82.0,0.368,-1.194,-1.4033919999999998,MID,76.2,78.0,60.0
8595,614,Z.Cordy,STK,4,70,4,52.25,0.263,-3.6,-4.03132,DEF,52.2,78.5,
9343,659,R.Fox,SYD,4,70,4,60.25,0.263,-2.953,-3.477685,DEF,60.2,78.5,
209,110,M.Kennedy,CAR,4,77,4,72.25,0.368,-1.983,-2.228456,MID,72.2,79.5,
4613,381,J.Riccardi,GWS,4,67,4,54.25,0.263,-3.438,-3.221814,FWD,54.2,79.5,
5357,428,J.Ward,HAW,4,77,4,65.5,0.368,-2.528,-3.478544,MID,65.5,79.5,
7591,551,W.Rioli,PTA,4,67,4,56.5,0.263,-3.256,-3.00615,FWD,56.5,79.5,
1675,194,A.McGrath,ESS,4,69,4,101.25,0.263,0.362,0.22313599999999997,DEF,79.6,80.5,37.5
3415,302,T.Atkins,GEE,3,69,4,72.3333,0.263,-1.976,-1.918403,DEF,72.3,80.5,37.5
5466,432,J.Worpel,HAW,4,76,4,108.0,0.368,0.908,-0.01126399999999994,MID,80.7,81.0,61.0
11709,91,J.Carroll,CAR,4,66,4,67.5,0.263,-2.367,-2.823042,FWD,67.5,81.0,
8689,623,B.Hill,STK,4,75,4,67.25,0.368,-2.387,-2.66484,MID,67.2,82.0,
2487,249,J.Treacy,FRE,4,65,4,65.25,0.263,-2.549,-1.898075,FWD,65.2,82.5,
11060,759,C.Jamieson,WCE,4,65,4,59.0,0.263,-3.054,-2.8983039999999995,FWD,59.0,82.5,
760,146,W.Hoskin-Elliott,COL,4,74,4,60.0,0.368,-2.973,-3.2791759999999996,MID,60.0,84.0,
5162,411,F.Maginness,HAW,3,74,4,41.6667,0.368,-4.456,-4.87736,MID,41.7,84.0,
6518,494,H.Greenwood,NTH,1,74,4,74.0,0.368,-1.841,-2.8493200000000005,MID,74.0,84.0,
1074,164,I.Quaynor,COL,5,68,4,68.2,0.263,-2.31,-2.7549960000000002,DEF,68.2,84.5,39.5
2691,26,L.Nankervis,ADE,1,68,4,68.0,0.263,-2.326,-2.425414,DEF,68.0,84.5,
5568,44,H.Andrews,BRL,4,68,4,95.5,0.263,-0.103,-0.44753000000000004,DEF,78.6,84.5,39.5
5753,453,T.McDonald,MEL,4,68,4,71.25,0.263,-2.063,-1.998828,DEF,71.2,84.5,
6844,511,J.Simpkin,NTH,3,64,4,55.6667,0.263,-3.324,-2.583392,FWD,55.7,84.5,35.0
8290,595,M.Rioli,RIC,4,64,4,61.0,0.263,-2.892,-2.8867399999999996,FWD,61.0,84.5,
8537,61,R.Lester,BRL,4,68,4,63.25,0.263,-2.71,-2.6976389999999997,DEF,63.2,84.5,
8981,641,L.Stocker,STK,4,68,4,55.0,0.263,-3.377,-3.702857,DEF,55.0,84.5,
8863,635,M.Phillipou,STK,4,63,4,59.25,0.263,-3.034,-2.902763,FWD,59.2,86.5,36.0
10612,732,L.Vandermeer,WBD,4,63,4,64.75,0.263,-2.589,-2.824911,FWD,64.8,86.5,
1870,204,W.Setterfield,ESS,3,73,4,106.0,0.368,0.747,0.636232,MID,79.0,87.0,62.5
6716,507,T.Powell,NTH,4,73,4,97.25,0.368,0.039,-0.8280080000000001,MID,78.9,87.0,62.5
7963,577,J.Graham,RIC,1,73,4,73.0,0.368,-1.922,-2.457808,MID,73.0,87.0,
2617,256,B.Ainsworth,GCS,4,62,4,66.25,0.263,-2.468,-2.292316,FWD,66.2,88.5,37.0
2946,275,W.Graham,GCS,1,67,4,67.0,0.263,-2.407,-2.692618,DEF,67.0,88.5,
5688,45,N.Answerth,BRL,3,62,4,59.6667,0.263,-3.0,-2.910317,FWD,59.7,88.5,
7571,550,E.Ratugolea,PTA,4,67,4,58.0,0.263,-3.135,-3.362232,DEF,58.0,88.5,
1756,198,D.Parish,ESS,2,72,4,76.0,0.368,-1.679,-1.5700720000000001,MID,75.1,89.5,64.0
5402,43,C.Ah Chee,BRL,4,72,4,69.25,0.368,-2.225,-2.8494960000000003,MID,69.2,89.5,
8323,598,J.Short,RIC,5,66,4,81.6,0.263,-1.226,-1.311212,DEF,76.4,90.5,41.0
10121,705,T.Duryea,WBD,2,66,4,75.0,0.263,-1.76,-2.3041470000000004,DEF,75.0,90.5,
1151,17,C.Jones,ADE,4,71,4,59.25,0.368,-3.034,-3.5374239999999997,MID,59.2,91.0,
1500,188,H.Jones,ESS,3,61,4,54.3333,0.263,-3.431,-3.228227,FWD,54.3,91.5,
6193,475,C.Windsor,MEL,5,61,4,57.4,0.263,-3.183,-2.977597,FWD,57.4,91.5,
8035,582,J.Koschitzke,RIC,2,61,4,42.0,0.263,-4.429,-4.12129,FWD,42.0,91.5,
10830,747,J.Darling,WCE,4,61,4,45.5,0.263,-4.146,-3.78832,FWD,45.5,91.5,
4005,337,B.Parfitt,GEE,3,70,4,87.3333,0.368,-0.763,-1.6712239999999998,MID,76.6,92.0,
10280,714,L.Jones,WBD,4,65,4,59.75,0.263,-2.993,-2.936192,DEF,59.8,92.5,
11059,759,C.Jamieson,WCE,4,65,4,59.0,0.263,-3.054,-3.290437,DEF,59.0,92.5,
3414,302,T.Atkins,GEE,3,69,4,72.3333,0.368,-1.976,-2.104432,MID,72.3,93.5,65.0
4714,388,J.Wehr,GWS,4,69,4,58.25,0.368,-3.115,-3.75348,MID,58.2,93.5,
6927,516,D.Tucker,NTH,4,64,4,48.75,0.263,-3.883,-3.710998,DEF,48.8,94.0,
1394,181,J.Gresham,ESS,4,60,4,66.5,0.263,-2.448,-2.449315,FWD,66.5,94.5,38.0
4955,400,J.Ginnivan,HAW,4,60,4,65.25,0.263,-2.549,-2.207626,FWD,65.2,94.5,
3775,323,J.Henry,GEE,4,63,4,67.0,0.263,-2.407,-2.598201,DEF,67.0,96.0,
4847,396,M.D'Ambrosio,HAW,4,63,4,85.0,0.263,-0.952,-0.956208,DEF,76.7,96.0,
9060,646,D.Wilson,STK,4,58,4,52.0,0.263,-3.62,-3.1586980000000002,FWD,52.0,96.0,
10611,732,L.Vandermeer,WBD,4,63,4,64.75,0.263,-2.589,-3.2438700000000003,DEF,64.8,96.0,
2692,26,L.Nankervis,ADE,1,68,4,68.0,0.368,-2.326,-2.667504,MID,68.0,96.5,
3460,304,M.Blicavs,GEE,4,68,4,77.5,0.368,-1.558,-2.287744,MID,75.4,96.5,66.0
3539,306,T.Bruhn,GEE,3,68,4,79.3333,0.368,-1.41,-2.010944,MID,75.6,96.5,
4103,343,Z.Tuohy,GEE,3,68,4,73.0,0.368,-1.922,-2.602064,MID,73.0,96.5,
5687,45,N.Answerth,BRL,3,62,4,59.6667,0.263,-3.0,-3.307447,DEF,59.7,98.0,
1478,186,B.Hobbs,ESS,3,57,4,57.3333,0.263,-3.189,-3.2526460000000004,FWD,57.3,98.5,
1884,206,J.Stringer,ESS,4,57,4,61.5,0.263,-2.852,-2.646597,FWD,61.5,98.5,
7903,569,S.Campbell,RIC,5,57,4,56.2,0.263,-3.28,-3.28263,FWD,56.2,98.5,
9501,667,J.Jordon,SYD,5,57,4,75.0,0.263,-1.76,-1.723969,FWD,75.0,98.5,39.0
2945,275,W.Graham,GCS,1,67,4,67.0,0.368,-2.407,-3.003528,MID,67.0,99.0,
3887,329,J.Kolodjashnij,GEE,4,61,4,71.75,0.263,-2.023,-2.2444460000000004,DEF,71.8,99.5,
4918,399,S.Frost,HAW,4,61,4,66.0,0.263,-2.488,-3.1539159999999997,DEF,66.0,99.5,
11710,91,J.Carroll,CAR,4,66,4,67.5,0.368,-2.367,-3.7952079999999997,MID,67.5,100.0,
4591,379,H.Perryman,GWS,3,60,4,70.0,0.263,-2.164,-2.1287580000000004,DEF,70.0,101.0,
846,151,P.Lipinski,COL,5,56,4,73.2,0.263,-1.906,-1.638003,FWD,73.2,101.5,40.0
6845,511,J.Simpkin,NTH,3,64,4,55.6667,0.368,-3.324,-2.97256,MID,55.7,101.5,67.0
6926,516,D.Tucker,NTH,4,64,4,48.75,0.368,-3.883,-3.841048,MID,48.8,101.5,
7475,545,J.McEntee,PTA,3,56,4,35.0,0.263,-4.995,-4.870075,FWD,35.0,101.5,
1607,191,J.Laverde,ESS,3,59,4,61.0,0.263,-2.892,-2.9427589999999997,DEF,61.0,103.0,
3185,289,W.Powell,GCS,4,59,4,98.0,0.263,0.1,-0.156951,DEF,79.0,103.0,42.0
6613,502,L.McDonald,NTH,3,59,4,61.0,0.263,-2.892,-2.969322,DEF,61.0,103.0,
4846,396,M.D'Ambrosio,HAW,4,63,4,85.0,0.368,-0.952,-1.172432,MID,76.7,103.5,
9948,693,O.Baker,WBD,3,63,4,77.0,0.368,-1.598,-2.883424,MID,75.3,103.5,
2092,22,M.Michalanney,ADE,4,58,4,67.25,0.263,-2.387,-2.6084460000000003,DEF,67.2,105.5,
2158,225,T.Emmett,FRE,4,55,4,37.5,0.263,-4.793,-4.669653,FWD,37.5,105.5,
2734,260,C.Ballard,GCS,4,58,4,77.5,0.263,-1.558,-2.0555960000000004,DEF,75.4,105.5,
4528,377,X.O'Halloran,GWS,4,55,4,49.0,0.263,-3.863,-3.662857,FWD,49.0,105.5,
7492,547,J.Mead,PTA,4,55,4,59.5,0.263,-3.014,-2.818065,FWD,59.5,105.5,
9208,650,J.Amartey,SYD,5,55,4,39.6,0.263,-4.623,-4.140658,FWD,39.6,105.5,
9660,676,J.McInerney,SYD,5,55,4,76.4,0.263,-1.647,-1.280641,FWD,75.3,105.5,
11187,767,J.Petruccelle,WCE,4,55,4,52.5,0.263,-3.58,-3.494262,FWD,52.5,105.5,
2618,256,B.Ainsworth,GCS,4,62,4,66.25,0.368,-2.468,-2.944928,MID,66.2,106.0,68.5
5855,458,C.Oliver,MEL,5,62,4,86.2,0.368,-0.855,-1.256488,MID,77.4,106.0,68.5
10967,754,R.Ginbey,WCE,4,62,4,62.5,0.368,-2.771,-3.009096,MID,62.5,106.0,
7080,522,M.Bergman,PTA,4,57,4,71.25,0.263,-2.063,-2.0506390000000003,DEF,71.2,107.0,
6192,475,C.Windsor,MEL,5,61,4,57.4,0.368,-3.183,-3.6360079999999995,MID,57.4,108.0,
6339,481,A.Corr,NTH,4,56,4,44.0,0.263,-4.267,-4.037927,DEF,44.0,108.5,
7315,533,K.Farrell,PTA,4,56,4,73.75,0.263,-1.861,-1.765531,DEF,73.8,108.5,43.0
8522,609,R.Byrnes,STK,4,58,4,62.75,0.368,-2.751,-3.33428,MID,62.8,109.5,
9061,646,D.Wilson,STK,4,58,4,52.0,0.368,-3.62,-3.6991199999999997,MID,52.0,109.5,
1562,19,B.Keays,ADE,4,54,4,56.25,0.263,-3.276,-2.513563,FWD,56.2,110.0,41.5
5495,434,J.Billings,MEL,5,54,4,59.0,0.263,-3.054,-2.9324939999999997,FWD,59.0,110.0,41.5
11293,775,J.Waterman,WCE,4,54,4,70.0,0.263,-2.164,-1.6429970000000003,FWD,70.0,110.0,
1835,200,M.Redman,ESS,3,55,4,76.6667,0.263,-1.625,-1.43564,DEF,75.2,110.5,44.0
10993,757,B.Hough,WCE,4,55,4,53.5,0.263,-3.499,-3.520829,DEF,53.5,110.5,
6639,503,C.McKercher,NTH,4,54,4,77.75,0.263,-1.538,-1.365735,DEF,75.5,112.0,45.0
1479,186,B.Hobbs,ESS,3,57,4,57.3333,0.368,-3.189,-4.048648,MID,57.3,112.5,
5124,410,C.Mackenzie,HAW,4,53,4,69.0,0.263,-2.245,-2.256046,FWD,69.0,112.5,43.0
5245,417,C.Nash,HAW,4,57,4,78.75,0.368,-1.457,-1.914056,MID,75.7,112.5,70.5
7081,522,M.Bergman,PTA,4,57,4,71.25,0.368,-2.063,-2.252888,MID,71.2,112.5,
9502,667,J.Jordon,SYD,5,57,4,75.0,0.368,-1.76,-2.427184,MID,75.0,112.5,70.5
10308,716,B.Khamis,WBD,4,53,4,62.75,0.263,-2.751,-2.888549,FWD,62.8,112.5,
5711,450,J.Lever,MEL,5,53,4,68.8,0.263,-2.262,-2.3995490000000004,DEF,68.8,114.0,46.5
9571,671,J.Lloyd,SYD,5,53,4,78.4,0.263,-1.485,-1.491575,DEF,75.7,114.0,46.5
10309,716,B.Khamis,WBD,4,53,4,62.75,0.263,-2.751,-3.301985,DEF,62.8,114.0,
10587,731,J.Ugle-Hagan,WBD,4,52,4,59.0,0.263,-3.054,-2.7252499999999995,FWD,59.0,114.0,
847,151,P.Lipinski,COL,5,56,4,73.2,0.368,-1.906,-2.227264,MID,73.2,115.0,72.0
3609,310,B.Close,GEE,4,51,4,60.75,0.263,-2.912,-2.7449950000000003,FWD,60.8,115.0,
3715,315,M.Duncan,GEE,3,52,4,77.0,0.263,-1.598,-1.68216,DEF,75.3,116.0,48.0
1920,21,N.McHenry,ADE,3,50,4,48.3333,0.263,-3.917,-3.971967,FWD,48.3,117.0,
4228,353,A.Cadman,GWS,4,50,4,66.75,0.263,-2.427,-2.716826,FWD,66.8,117.0,
4527,377,X.O'Halloran,GWS,4,55,4,49.0,0.368,-3.863,-4.343608,MID,49.0,117.0,
7493,547,J.Mead,PTA,4,55,4,59.5,0.368,-3.014,-3.4762079999999997,MID,59.5,117.0,
8121,588,B.Miller,RIC,3,50,4,73.6667,0.263,-1.868,-1.680744,FWD,73.7,117.0,
9659,676,J.McInerney,SYD,5,55,4,76.4,0.368,-1.647,-1.8118640000000001,MID,75.3,117.0,
2243,229,E.Hughes,FRE,4,51,4,59.0,0.263,-3.054,-3.4637539999999998,DEF,59.0,118.0,
5986,463,C.Salem,MEL,5,51,4,75.4,0.263,-1.728,-1.738257,DEF,75.1,118.0,49.0
11551,81,B.Starcevich,BRL,4,51,4,58.5,0.263,-3.094,-3.424328,DEF,58.5,118.0,
5494,434,J.Billings,MEL,5,54,4,59.0,0.368,-3.054,-3.62992,MID,59.0,119.5,73.5
6640,503,C.McKercher,NTH,4,54,4,77.75,0.368,-1.538,-1.5122399999999998,MID,75.5,119.5,73.5
257,114,M.McGovern,CAR,4,50,4,86.5,0.263,-0.83,-1.174793,DEF,77.0,120.5,
5443,430,J.Weddle,HAW,4,50,4,72.5,0.263,-1.962,-2.097708,DEF,72.5,120.5,
3369,30,J.Rachele,ADE,4,49,4,58.25,0.263,-3.115,-2.8233330000000003,FWD,58.2,121.0,44.0
3798,324,O.Henry,GEE,4,49,4,66.0,0.263,-2.488,-2.655268,FWD,66.0,121.0,
6533,498,N.Larkey,NTH,4,49,4,52.5,0.263,-3.58,-3.237311,FWD,52.5,121.0,
8345,6,B.Cook,ADE,1,49,4,49.0,0.263,-3.863,-3.736497,FWD,49.0,121.0,
11465,786,M.Lefau,RIC,3,49,4,38.0,0.263,-4.752,-4.266502,FWD,38.0,121.0,
2342,239,A.Pearce,FRE,4,48,4,69.5,0.263,-2.205,-2.409088,DEF,69.5,122.0,
2892,272,B.Fiorini,GCS,4,53,4,87.25,0.368,-0.77,-1.6057279999999998,MID,77.1,122.0,
5125,410,C.Mackenzie,HAW,4,53,4,69.0,0.368,-2.245,-2.99756,MID,69.0,122.0,75.5
9572,671,J.Lloyd,SYD,5,53,4,78.4,0.368,-1.485,-1.704696,MID,75.7,122.0,75.5
5987,463,C.Salem,MEL,5,51,4,75.4,0.368,-1.728,-1.9513759999999998,MID,75.1,124.0,77.0
348,122,M.Owies,CAR,4,48,4,49.0,0.263,-3.863,-3.631823,FWD,49.0,124.5,
3324,298,B.Uwland,GCS,4,47,4,52.25,0.263,-3.6,-3.310963,DEF,52.2,124.5,
7010,519,C.Zurhaar,NTH,4,48,4,67.75,0.263,-2.346,-2.12771,FWD,67.8,124.5,
8436,604,T.Young,RIC,4,47,4,30.75,0.263,-5.338,-5.390074,DEF,30.8,124.5,
10050,702,B.Dale,WBD,4,47,4,82.5,0.263,-1.154,-0.82262,DEF,76.3,124.5,50.0
10550,73,J.Payne,BRL,3,47,4,34.6667,0.263,-5.022,-4.6390720000000005,DEF,34.7,124.5,
7548,55,J.Fletcher,BRL,4,50,4,60.0,0.368,-2.973,-3.329592,MID,60.0,125.0,
8346,6,B.Cook,ADE,1,49,4,49.0,0.368,-3.863,-4.455112,MID,49.0,126.0,
8743,626,Z.Jones,STK,3,48,4,49.0,0.368,-3.863,-4.017192,MID,49.0,127.0,
5641,445,B.Howes,MEL,5,46,4,59.0,0.263,-3.054,-3.3159479999999997,DEF,59.0,127.5,
9258,654,B.Campbell,SYD,5,46,4,58.8,0.263,-3.07,-3.547082,DEF,58.8,127.5,
56,102,C.Durdin,CAR,3,47,4,35.3333,0.263,-4.968,-4.812041,FWD,35.3,128.0,
519,135,M.Cox,COL,5,47,4,57.6,0.263,-3.167,-3.028136,FWD,57.6,128.0,
941,155,B.McCreery,COL,5,47,4,59.2,0.263,-3.038,-3.013804,FWD,59.2,128.0,
6493,489,E.Ford,NTH,4,47,4,31.0,0.263,-5.318,-4.7283539999999995,FWD,31.0,128.0,
6589,50,C.Cameron,BRL,4,47,4,51.0,0.263,-3.701,-3.391449,FWD,51.0,128.0,
9257,654,B.Campbell,SYD,5,46,4,58.8,0.368,-3.07,-3.924496,MID,58.8,128.5,
10193,708,H.Gallagher,WBD,4,46,4,55.75,0.368,-3.317,-4.228904,MID,55.8,128.5,
8415,603,N.Vlastuin,RIC,5,45,4,107.0,0.263,0.827,0.454329,DEF,82.0,129.0,51.0
10760,743,C.Chesser,WCE,4,45,4,32.5,0.368,-5.197,-5.481464,MID,32.5,130.0,
1244,174,N.Cox,ESS,4,42,4,51.5,0.263,-3.66,-3.9900650000000004,DEF,51.5,131.0,
2298,231,M.Johnson,FRE,4,44,4,55.0,0.368,-3.377,-3.618408,MID,55.0,131.0,
7688,561,B.Zerk-Thatcher,PTA,4,42,4,68.75,0.263,-2.266,-2.570291,DEF,68.8,131.0,
7924,57,D.Gardiner,BRL,3,42,4,46.3333,0.263,-4.078,-4.299183,DEF,46.3,131.0,
10194,708,H.Gallagher,WBD,4,46,4,55.75,0.263,-3.317,-3.412732,FWD,55.8,131.0,
2319,238,J.O'Meara,FRE,3,43,4,24.0,0.368,-5.884,-5.132912,MID,24.0,132.5,
6435,487,Z.Duursma,NTH,4,43,4,49.0,0.368,-3.863,-4.9504399999999995,MID,49.0,132.5,
85,105,L.Fogarty,CAR,4,45,4,67.5,0.263,-2.367,-2.335703,FWD,67.5,133.5,
956,156,R.McInnes,COL,3,45,4,48.3333,0.263,-3.917,-4.075851999999999,FWD,48.3,133.5,
1585,190,K.Langford,ESS,4,45,4,70.75,0.263,-2.104,-1.716864,FWD,70.8,133.5,45.0
7458,543,T.Marshall,PTA,4,45,4,79.25,0.263,-1.417,-1.799665,FWD,75.7,133.5,
2527,251,B.Walker,FRE,3,41,4,54.0,0.263,-3.458,-3.530325,DEF,54.0,134.0,
7409,539,L.Jones,PTA,4,41,4,50.0,0.263,-3.782,-3.980302,DEF,50.0,134.0,
10270,712,J.Johannisen,WBD,4,41,4,84.75,0.263,-0.972,-1.202388,DEF,76.7,134.0,
1243,174,N.Cox,ESS,4,42,4,51.5,0.368,-3.66,-4.308784,MID,51.5,134.5,
10883,75,C.Rayner,BRL,4,42,4,70.5,0.368,-2.124,-2.260528,MID,70.5,134.5,78.0
1125,168,S.Sidebottom,COL,4,40,4,51.0,0.368,-3.701,-3.374216,MID,51.0,136.5,
4435,369,C.Idun,GWS,4,39,4,77.5,0.263,-1.558,-1.476207,DEF,75.4,136.5,52.0
6762,508,B.Scott,NTH,4,39,4,65.25,0.263,-2.549,-2.515862,DEF,65.2,136.5,
10076,703,C.Daniel,WBD,4,40,4,57.0,0.368,-3.216,-4.021184,MID,57.0,136.5,79.0
3056,280,B.King,GCS,4,44,4,56.5,0.263,-3.256,-3.0448109999999997,FWD,56.5,137.5,
3204,290,E.Read,GCS,1,44,4,44.0,0.263,-4.267,-4.2833060000000005,FWD,44.0,137.5,
8376,600,T.Sonsie,RIC,2,44,4,38.5,0.263,-4.712,-4.603381,FWD,38.5,137.5,
11335,777,J.Williams,WCE,2,44,4,29.5,0.263,-5.439,-4.792809,FWD,29.5,137.5,
9735,678,L.Melican,SYD,5,36,4,46.2,0.263,-4.089,-4.232861,DEF,46.2,138.0,
5659,448,E.Langdon,MEL,5,39,4,72.8,0.368,-1.938,-2.0756319999999997,MID,72.8,138.5,
6761,508,B.Scott,NTH,4,39,4,65.25,0.368,-2.549,-2.7072399999999996,MID,65.2,138.5,
9982,696,L.Bramble,WBD,4,32,4,80.25,0.263,-1.336,-1.6481810000000001,DEF,75.9,139.5,
11246,771,J.Rotham,WCE,1,32,4,32.0,0.263,-5.237,-5.3579799999999995,DEF,32.0,139.5,
6434,487,Z.Duursma,NTH,4,43,4,49.0,0.263,-3.863,-4.064458,FWD,49.0,140.0,
10370,719,J.Macrae,WBD,2,37,4,48.0,0.368,-3.943,-3.622472,MID,48.0,140.0,80.0
163,108,O.Hollands,CAR,4,35,4,52.5,0.368,-3.58,-3.803008,MID,52.5,141.0,
5199,414,S.Mitchell,HAW,1,30,4,30.0,0.263,-5.399,-5.607033,DEF,30.0,141.5,
6573,5,J.Butts,ADE,3,30,4,53.6667,0.263,-3.485,-3.748526,DEF,53.7,141.5,
3343,299,J.Walter,GCS,2,42,4,39.5,0.263,-4.631,-4.648358,FWD,39.5,142.0,
7925,57,D.Gardiner,BRL,3,42,4,46.3333,0.263,-4.078,-3.8839060000000005,FWD,46.3,142.0,
10882,75,C.Rayner,BRL,4,42,4,70.5,0.263,-2.124,-1.7295,FWD,70.5,142.0,46.0
7948,574,T.Dow,RIC,5,34,4,50.6,0.368,-3.733,-3.9828720000000004,MID,50.6,142.5,
10937,751,L.Edwards,WCE,4,34,4,42.75,0.368,-4.368,-5.028560000000001,MID,42.8,142.5,
7165,524,J.Burgoyne,PTA,3,29,4,39.3333,0.263,-4.644,-3.888927,DEF,39.3,143.0,
2,1,S.Berry,ADE,3,33,4,55.0,0.368,-3.377,-3.6092079999999997,MID,55.0,144.0,
3052,28,P.Parnell,ADE,1,27,4,27.0,0.263,-5.642,-6.073320000000001,DEF,27.0,144.0,
71,104,O.Fantasia,CAR,4,41,4,33.25,0.263,-5.136,-4.906927,FWD,33.2,145.0,
1986,213,J.Amiss,FRE,4,41,4,54.5,0.263,-3.418,-3.2841329999999997,FWD,54.5,145.0,
2757,261,T.Berry,GCS,4,41,4,57.75,0.263,-3.155,-3.1673609999999996,FWD,57.8,145.0,
9297,656,H.Cunningham,SYD,4,24,4,48.75,0.263,-3.883,-4.030017,DEF,48.8,145.0,
6824,510,L.Shiels,NTH,2,32,4,19.5,0.368,-6.248,-6.0364,MID,19.5,145.5,
9981,696,L.Bramble,WBD,4,32,4,80.25,0.368,-1.336,-1.9763200000000003,MID,75.9,145.5,
2137,224,J.Draper,FRE,3,21,4,41.3333,0.263,-4.483,-4.599246,DEF,41.3,146.0,
1448,185,N.Hind,ESS,3,19,4,27.3333,0.263,-5.615,-5.391187,DEF,27.3,147.0,
6879,512,D.Stephens,NTH,4,30,4,48.25,0.368,-3.923,-4.540504,MID,48.2,147.0,
4150,349,T.Bedford,GWS,4,40,4,50.5,0.263,-3.741,-3.348078,FWD,50.5,147.5,
10077,703,C.Daniel,WBD,4,40,4,57.0,0.263,-3.216,-3.2430890000000003,FWD,57.0,147.5,47.0
3982,335,M.O'Connor,GEE,4,17,4,63.5,0.263,-2.69,-3.0894969999999997,DEF,63.5,148.0,
735,145,B.Hill,COL,5,39,4,56.6,0.263,-3.248,-2.949232,FWD,56.6,149.0,
6227,476,T.Woewodin,MEL,3,4,4,10.3333,0.263,-6.989,-7.030291,DEF,10.3,149.0,
7126,523,T.Boak,PTA,4,29,4,67.0,0.368,-2.407,-2.433128,MID,67.0,149.0,
7164,524,J.Burgoyne,PTA,3,29,4,39.3333,0.368,-4.644,-3.7961280000000004,MID,39.3,149.0,
8198,591,M.Pickett,RIC,5,29,4,57.8,0.368,-3.151,-3.7898479999999997,MID,57.8,149.0,
8632,618,A.Hastie,STK,2,1,4,9.5,0.263,-7.057,-7.296856,DEF,9.5,150.0,
11148,765,R.Maric,WCE,3,38,4,27.6667,0.263,-5.588,-5.200338,FWD,27.7,150.0,
3577,308,J.Clark,GEE,4,28,4,42.25,0.368,-4.408,-4.994960000000001,MID,42.2,151.0,
9782,680,C.Mitchell,SYD,2,0,4,14.0,0.263,-6.693,-7.203746000000001,DEF,14.0,151.0,
6895,513,J.Stephenson,NTH,4,37,4,40.25,0.263,-4.57,-4.1586680000000005,FWD,40.2,151.5,
10371,719,J.Macrae,WBD,2,37,4,48.0,0.263,-3.943,-3.210808,FWD,48.0,151.5,48.0
8099,587,K.McIntosh,RIC,5,25,4,38.8,0.368,-4.687,-5.100264,MID,38.8,152.0,
1054,163,S.Pendlebury,COL,5,23,4,71.4,0.368,-2.051,-1.9133680000000002,MID,71.4,153.0,81.0
5080,409,C.Macdonald,HAW,4,35,4,52.5,0.263,-3.58,-2.904353,FWD,52.5,153.5,49.0
8558,610,A.Caminiti,STK,2,35,4,46.5,0.263,-4.065,-3.779382,FWD,46.5,153.5,
121,107,E.Hollands,CAR,2,19,4,67.5,0.368,-2.367,-2.5377520000000002,MID,67.5,154.0,
2547,252,M.Walters,FRE,4,34,4,58.25,0.263,-3.115,-3.3177730000000003,FWD,58.2,155.5,
4557,378,J.Peatling,GWS,2,18,4,22.0,0.368,-6.046,-5.226096,MID,22.0,155.5,
4655,385,H.Thomas,GWS,4,18,4,52.5,0.368,-3.58,-4.16512,MID,52.5,155.5,
10938,751,L.Edwards,WCE,4,34,4,42.75,0.263,-4.368,-4.277002,FWD,42.8,155.5,
3983,335,M.O'Connor,GEE,4,17,4,63.5,0.368,-2.69,-3.4407200000000002,MID,63.5,157.0,
7262,530,C.Dixon,PTA,4,33,4,79.25,0.263,-1.417,-1.281555,FWD,75.7,157.5,50.0
8504,608,D.Butler,STK,2,33,4,35.5,0.263,-4.954,-4.766481,FWD,35.5,157.5,
8086,586,K.McAuliffe,RIC,1,16,4,16.0,0.368,-6.531,-6.288856,MID,16.0,158.0,
3287,296,D.Swallow,GCS,4,14,4,40.0,0.368,-4.59,-5.136848,MID,40.0,159.0,
2179,227,M.Frederick,FRE,4,31,4,49.0,0.263,-3.863,-3.7083559999999998,FWD,49.0,159.5,
8055,584,R.Mansell,RIC,4,31,4,67.25,0.263,-2.387,-2.387789,FWD,67.2,159.5,
11200,768,L.Rawlinson,WCE,1,11,4,11.0,0.368,-6.935,-7.834023999999999,MID,11.0,160.0,
5036,404,H.Hustwaite,HAW,2,4,4,25.0,0.368,-5.803,-6.592727999999999,MID,25.0,161.0,
2982,276,N.Holman,GCS,4,30,4,44.75,0.263,-4.206,-3.876461,FWD,44.8,161.5,
3763,322,T.Hawkins,GEE,4,30,4,65.75,0.263,-2.508,-2.570594,FWD,65.8,161.5,
9783,680,C.Mitchell,SYD,2,0,4,14.0,0.368,-6.693,-7.568104,MID,14.0,162.0,
2481,248,M.Taberner,FRE,3,29,4,44.6667,0.263,-4.213,-4.279539,FWD,44.7,164.0,
7127,523,T.Boak,PTA,4,29,4,67.0,0.263,-2.407,-1.933863,FWD,67.0,164.0,
8197,591,M.Pickett,RIC,5,29,4,57.8,0.263,-3.151,-3.0692069999999996,FWD,57.8,164.0,
4822,395,M.Chol,HAW,4,27,4,65.0,0.263,-2.569,-2.430662,FWD,65.0,166.0,
1721,196,J.Menzie,ESS,4,26,4,33.25,0.263,-5.136,-5.056311,FWD,33.2,167.0,
4817,394,S.Butler,HAW,1,21,4,21.0,0.263,-6.127,-6.045996,FWD,21.0,168.5,
11565,83,J.Tunstill,BRL,1,21,4,21.0,0.263,-6.127,-5.842697,FWD,21.0,168.5,
120,107,E.Hollands,CAR,2,19,4,67.5,0.263,-2.367,-1.990384,FWD,67.5,171.0,
1449,185,N.Hind,ESS,3,19,4,27.3333,0.263,-5.615,-4.979592,FWD,27.3,171.0,
5535,437,B.Brown,MEL,4,19,4,45.75,0.263,-4.125,-4.209949,FWD,45.8,171.0,
4558,378,J.Peatling,GWS,2,18,4,22.0,0.263,-6.046,-4.942452,FWD,22.0,173.5,
4656,385,H.Thomas,GWS,4,18,4,52.5,0.263,-3.58,-3.4542859999999997,FWD,52.5,173.5,
1292,177,S.Draper,ESS,3,15,4,47.3333,0.263,-3.997,-3.171969,FWD,47.3,175.5,51.0
4941,4,C.Burgess,ADE,4,15,4,43.75,0.263,-4.287,-4.05556,FWD,43.8,175.5,
3288,296,D.Swallow,GCS,4,14,4,40.0,0.263,-4.59,-4.419576,FWD,40.0,177.0,
6362,482,P.Curtis,NTH,4,12,4,54.0,0.263,-3.458,-3.1950000000000003,FWD,54.0,178.5,
9788,681,T.Papley,SYD,5,12,4,83.6,0.263,-1.065,-0.9100929999999999,FWD,76.9,178.5,
11201,768,L.Rawlinson,WCE,1,11,4,11.0,0.263,-6.935,-6.952358,FWD,11.0,180.0,
6226,476,T.Woewodin,MEL,3,4,4,10.3333,0.263,-6.989,-6.561625,FWD,10.3,181.0,
398,126,S.Walsh,CAR,1,166,5,166.0,0.368,5.598,3.744016,MID,79.0,1.0,1.0
5615,443,M.Gawn,MEL,6,138,5,131.833,0.105,2.835,2.75646,RUC,89.8,1.0,1.0
6805,509,H.Sheezel,NTH,5,159,5,130.8,0.263,2.752,2.6020899999999996,DEF,87.1,1.0,1.0
11294,775,J.Waterman,WCE,5,176,5,91.2,0.263,-0.45,-0.379779,FWD,78.5,1.0,
3556,307,J.Cameron,GEE,5,140,5,95.8,0.263,-0.078,-0.020928999999999996,FWD,79.5,2.0,1.0
8770,629,R.Marshall,STK,5,120,5,115.8,0.105,1.539,1.4634,RUC,83.9,2.0,2.0
11395,779,E.Yeo,WCE,5,157,5,115.0,0.263,1.474,1.300157,DEF,83.7,2.0,2.0
11396,779,E.Yeo,WCE,5,157,5,115.0,0.368,1.474,1.003696,MID,83.7,2.0,2.0
2377,241,L.Ryan,FRE,5,145,5,135.6,0.263,3.14,2.851226,DEF,88.2,3.0,3.0
2649,257,N.Anderson,GCS,5,155,5,118.6,0.368,1.765,1.258632,MID,84.5,3.0,3.0
3397,301,J.Witts,GCS,4,112,5,100.25,0.105,0.282,0.29313,RUC,79.4,3.0,3.0
10884,75,C.Rayner,BRL,5,137,5,83.8,0.263,-1.049,-0.937225,FWD,76.9,3.0,2.0
2488,249,J.Treacy,FRE,5,135,5,79.2,0.263,-1.421,-1.066739,FWD,75.9,4.0,
2785,265,S.Clohesy,GCS,2,124,5,116.0,0.263,1.555,0.3993779999999999,DEF,78.6,4.0,
4027,339,R.Stanley,GEE,4,106,5,72.25,0.105,-1.983,-2.145855,RUC,72.2,4.0,
8959,640,J.Steele,STK,5,143,5,130.0,0.368,2.687,1.9134639999999998,MID,87.0,4.0,4.0
4134,348,L.Ash,GWS,5,122,5,81.0,0.263,-1.275,-1.274211,DEF,76.3,5.0,4.0
8124,588,B.Miller,RIC,4,103,5,81.0,0.105,-1.275,-1.4849999999999999,RUC,76.0,5.0,
8690,623,B.Hill,STK,5,132,5,80.2,0.263,-1.34,-1.309492,FWD,76.1,5.0,
10885,75,C.Rayner,BRL,5,137,5,83.8,0.368,-1.049,-1.581128,MID,76.9,5.0,5.0
2872,27,R.O'Brien,ADE,5,99,5,82.4,0.105,-1.162,-1.15927,RUC,76.6,6.0,4.0
3232,293,M.Rowell,GCS,5,135,5,131.0,0.368,2.768,1.72104,MID,87.2,6.0,6.0
7388,537,D.Houston,PTA,5,121,5,110.8,0.263,1.135,1.105544,DEF,82.8,6.0,5.0
7825,566,S.Bolton,RIC,6,129,5,99.8333,0.263,0.248,-0.011318000000000022,FWD,81.5,6.0,3.0
1381,180,T.Goldstein,ESS,5,98,5,61.2,0.105,-2.876,-2.948765,RUC,61.2,7.0,5.0
3160,286,T.Miller,GCS,5,133,5,118.0,0.368,1.717,1.0730000000000002,MID,84.3,7.0,7.0
3595,31,I.Rankine,ADE,5,121,5,91.0,0.263,-0.466,-0.050985999999999976,FWD,78.5,7.0,4.0
8269,594,D.Rioli,RIC,6,116,5,92.6667,0.263,-0.332,-0.357248,DEF,79.6,7.0,6.0
7316,533,K.Farrell,PTA,5,115,5,82.0,0.263,-1.194,-1.273952,DEF,76.5,8.0,7.0
7633,555,I.Soldo,PTA,5,96,5,93.8,0.105,-0.24,-0.44559,RUC,79.1,8.0,6.0
8691,623,B.Hill,STK,5,132,5,80.2,0.368,-1.34,-2.003136,MID,76.1,8.0,
2910,273,S.Flanders,GCS,5,116,5,119.0,0.263,1.798,2.170934,FWD,84.6,8.5,5.5
11599,86,D.Zorko,BRL,5,116,5,104.4,0.263,0.617,1.086455,FWD,81.4,8.5,5.5
2573,255,H.Young,FRE,5,114,5,99.4,0.263,0.213,0.276383,DEF,80.3,9.0,8.0
7217,526,Z.Butters,PTA,5,130,5,127.8,0.368,2.509,2.245144,MID,86.5,9.0,8.0
1293,177,S.Draper,ESS,4,91,5,58.25,0.105,-3.115,-3.0974650000000006,RUC,58.2,10.0,8.0
6988,518,T.Xerri,NTH,5,91,5,102.2,0.105,0.439,0.56521,RUC,80.9,10.0,8.0
8416,603,N.Vlastuin,RIC,6,111,5,107.667,0.263,0.881,0.494127,DEF,83.5,10.0,9.0
9762,68,O.McInerney,BRL,5,91,5,84.4,0.105,-1.0,-0.984565,RUC,77.0,10.0,8.0
11837,99,C.Curnow,CAR,5,109,5,98.4,0.263,0.132,0.032586000000000004,FWD,80.1,10.0,7.0
7826,566,S.Bolton,RIC,6,129,5,99.8333,0.368,0.248,-0.806688,MID,81.5,10.5,9.5
11123,762,T.Kelly,WCE,5,129,5,100.4,0.368,0.294,-0.09313600000000002,MID,80.5,10.5,9.5
4726,389,L.Whitfield,GWS,5,109,5,109.2,0.263,1.005,1.124139,DEF,82.4,11.0,10.0
11215,770,H.Reid,WCE,5,108,5,78.8,0.263,-1.453,-1.1823730000000001,FWD,75.8,11.5,8.0
11466,786,M.Lefau,RIC,4,108,5,55.5,0.263,-3.337,-3.223647,FWD,55.5,11.5,
7609,552,C.Rozee,PTA,5,125,5,116.6,0.368,1.604,0.839664,MID,84.0,12.0,11.0
8172,590,T.Nankervis,RIC,5,87,5,105.2,0.105,0.682,0.6770650000000001,RUC,81.6,12.0,10.0
4083,342,T.Stewart,GEE,5,108,5,104.6,0.263,0.633,0.45810500000000004,DEF,81.4,12.5,11.5
5569,44,H.Andrews,BRL,5,108,5,98.0,0.263,0.1,-0.29791900000000004,DEF,80.0,12.5,11.5
2784,265,S.Clohesy,GCS,2,124,5,116.0,0.368,1.555,-0.2632880000000001,MID,78.6,13.0,
8123,588,B.Miller,RIC,4,103,5,81.0,0.263,-1.275,-1.243703,FWD,76.0,13.0,
11314,776,B.Williams,WCE,5,85,5,75.4,0.105,-1.728,-1.9365299999999999,RUC,75.1,13.0,
2619,256,B.Ainsworth,GCS,5,101,5,73.2,0.263,-1.906,-1.878122,FWD,73.2,14.0,9.0
4763,390,K.Amon,HAW,5,106,5,92.4,0.263,-0.353,-0.406126,DEF,78.8,14.0,13.0
5182,413,L.Meek,HAW,3,81,5,99.6667,0.105,0.234,0.20187,RUC,78.2,14.0,
7428,54,J.Dunkley,BRL,5,122,5,110.8,0.368,1.135,1.051832,MID,82.8,14.0,12.0
2257,230,L.Jackson,FRE,5,72,5,110.4,0.105,1.102,0.8805550000000001,RUC,82.7,15.0,11.0
1586,190,K.Langford,ESS,5,100,5,76.6,0.263,-1.631,-1.368263,FWD,75.3,15.5,10.0
6590,50,C.Cameron,BRL,5,100,5,60.8,0.263,-2.908,-2.807008,FWD,60.8,15.5,
40,100,T.De Koning,CAR,5,67,5,89.0,0.105,-0.628,-0.590935,RUC,78.0,16.0,12.0
989,16,M.Hinge,ADE,5,105,5,99.2,0.263,0.197,0.04866800000000002,DEF,80.3,16.0,15.0
1836,200,M.Redman,ESS,4,105,5,83.75,0.263,-1.053,-1.014076,DEF,76.5,16.0,15.0
2909,273,S.Flanders,GCS,5,116,5,119.0,0.368,1.798,1.743536,MID,84.6,16.0,14.0
4436,369,C.Idun,GWS,5,105,5,83.0,0.263,-1.113,-1.148242,DEF,76.7,16.0,15.0
11600,86,D.Zorko,BRL,5,116,5,104.4,0.368,0.617,0.673672,MID,81.4,16.0,14.0
11641,87,B.Acres,CAR,5,116,5,96.4,0.368,-0.03,-0.393584,MID,79.7,16.0,14.0
4173,350,K.Briggs,GWS,5,66,5,89.8,0.105,-0.563,-0.5954449999999999,RUC,78.2,17.0,13.0
6494,489,E.Ford,NTH,5,99,5,44.6,0.263,-4.218,-3.9176539999999997,FWD,44.6,17.5,
11188,767,J.Petruccelle,WCE,5,99,5,61.8,0.263,-2.828,-2.940038,FWD,61.8,17.5,
2574,255,H.Young,FRE,5,114,5,99.4,0.368,0.213,0.07720799999999998,MID,80.3,18.0,16.0
3461,304,M.Blicavs,GEE,5,65,5,75.0,0.105,-1.76,-1.969895,RUC,75.0,18.0,14.0
3502,305,J.Bowes,GEE,3,104,5,76.3333,0.263,-1.652,-1.5907209999999998,DEF,75.2,18.0,
9543,67,H.McCluggage,BRL,5,113,5,104.0,0.368,0.585,0.189768,MID,81.3,19.0,17.0
10271,712,J.Johannisen,WBD,5,103,5,88.4,0.263,-0.677,-0.9849730000000001,DEF,77.9,19.0,
5103,41,T.Walker,ADE,4,98,5,67.25,0.263,-2.387,-2.27128,FWD,67.2,19.5,11.5
6717,507,T.Powell,NTH,5,98,5,97.4,0.263,0.051,-0.08339300000000001,FWD,79.9,19.5,11.5
10145,706,T.English,WBD,5,58,5,111.2,0.105,1.167,1.08657,RUC,82.9,19.5,15.0
11338,777,J.Williams,WCE,3,58,5,39.0,0.105,-4.671,-4.736205,RUC,39.0,19.5,
2031,215,A.Brayshaw,FRE,5,111,5,111.4,0.368,1.183,1.008568,MID,82.9,20.0,18.0
5960,462,T.Rivers,MEL,6,101,5,81.1667,0.263,-1.262,-1.2330699999999999,DEF,76.6,20.5,17.0
7082,522,M.Bergman,PTA,5,101,5,77.2,0.263,-1.582,-1.696142,DEF,75.5,20.5,
3207,290,E.Read,GCS,2,54,5,49.0,0.105,-3.863,-4.16939,RUC,49.0,21.0,
7717,562,L.Baker,RIC,5,97,5,85.2,0.263,-0.935,-0.75616,FWD,77.2,21.0,13.0
2400,242,C.Serong,FRE,5,110,5,128.0,0.368,2.526,2.077776,MID,86.5,21.5,19.5
11809,97,P.Cripps,CAR,5,110,5,106.0,0.368,0.747,0.757672,MID,81.7,21.5,19.5
368,123,M.Pittonet,CAR,1,49,5,49.0,0.105,-3.863,-3.61436,RUC,49.0,22.0,16.0
7966,577,J.Graham,RIC,2,95,5,84.0,0.263,-1.032,-1.1398300000000001,FWD,75.8,22.0,
1152,17,C.Jones,ADE,5,100,5,67.4,0.263,-2.375,-2.7692370000000004,DEF,67.4,22.5,
1635,193,N.Martin,ESS,5,100,5,105.0,0.263,0.666,0.711236,DEF,81.5,22.5,18.0
1563,19,B.Keays,ADE,5,93,5,63.6,0.263,-2.682,-2.075785,FWD,63.6,23.5,14.5
4356,363,T.Greene,GWS,5,93,5,79.8,0.263,-1.372,-1.1579180000000002,FWD,76.0,23.5,14.5
7666,560,O.Wines,PTA,4,109,5,99.5,0.368,0.221,0.007560000000000011,MID,79.3,23.5,21.5
10407,72,L.Neale,BRL,4,109,5,118.75,0.368,1.778,1.76144,MID,82.6,23.5,21.5
1676,194,A.McGrath,ESS,5,99,5,100.8,0.263,0.326,0.196604,DEF,80.6,24.0,19.0
1736,197,Z.Merrett,ESS,5,108,5,126.8,0.368,2.428,1.999648,MID,86.3,25.5,23.5
11214,770,H.Reid,WCE,5,108,5,78.8,0.368,-1.453,-1.756968,MID,75.8,25.5,23.5
446,128,Z.Williams,CAR,5,92,5,73.4,0.263,-1.89,-1.816623,FWD,73.4,26.0,16.0
2343,239,A.Pearce,FRE,5,98,5,75.2,0.263,-1.744,-2.069331,DEF,75.0,26.0,
3610,310,B.Close,GEE,5,92,5,67.0,0.263,-2.407,-2.3728100000000003,FWD,67.0,26.0,
5712,450,J.Lever,MEL,6,98,5,73.6667,0.263,-1.868,-2.109171,DEF,73.7,26.0,20.5
5756,453,T.McDonald,MEL,5,92,5,75.4,0.263,-1.728,-1.411085,FWD,75.1,26.0,
10482,725,E.Richards,WBD,4,98,5,84.75,0.263,-0.972,-0.673495,DEF,76.7,26.0,20.5
4762,390,K.Amon,HAW,5,106,5,92.4,0.368,-0.353,-0.644824,MID,78.8,27.5,25.0
6279,48,J.Berry,BRL,5,106,5,77.6,0.368,-1.55,-1.7115520000000002,MID,75.6,27.5,
1294,177,S.Draper,ESS,4,91,5,58.25,0.263,-3.115,-2.521935,FWD,58.2,28.0,17.0
7716,562,L.Baker,RIC,5,97,5,85.2,0.263,-0.935,-1.09017,DEF,77.2,28.0,22.0
101,106,G.Hewett,CAR,5,105,5,102.8,0.368,0.488,-0.094912,MID,81.0,29.0,26.0
1501,188,H.Jones,ESS,4,90,5,63.25,0.263,-2.71,-2.69685,FWD,63.2,29.0,
6764,508,B.Scott,NTH,5,95,5,71.2,0.263,-2.067,-2.160628,DEF,71.2,29.0,
4849,396,M.D'Ambrosio,HAW,5,94,5,86.8,0.263,-0.806,-0.848606,DEF,77.6,30.0,
6665,504,B.Nyuon,NTH,1,89,5,89.0,0.263,-0.628,-1.077204,FWD,75.6,30.0,
3501,305,J.Bowes,GEE,3,104,5,76.3333,0.368,-1.652,-1.777488,MID,75.2,30.5,
4497,372,J.Kelly,GWS,5,104,5,98.0,0.368,0.1,-0.047567999999999985,MID,80.0,30.5,27.0
2758,261,T.Berry,GCS,5,88,5,63.8,0.263,-2.666,-2.806968,FWD,63.8,31.5,
3963,334,S.Neale,GEE,1,88,5,88.0,0.263,-0.709,-1.189238,FWD,75.6,31.5,
210,110,M.Kennedy,CAR,5,87,5,75.2,0.263,-1.744,-1.487312,FWD,75.0,33.5,
3417,302,T.Atkins,GEE,4,93,5,77.5,0.263,-1.558,-1.6103370000000001,DEF,75.4,33.5,23.5
4592,379,H.Perryman,GWS,4,93,5,75.75,0.263,-1.7,-1.7867899999999999,DEF,75.1,33.5,
7167,524,J.Burgoyne,PTA,4,93,5,52.75,0.263,-3.559,-3.089282,DEF,52.8,33.5,
8538,61,R.Lester,BRL,5,93,5,69.2,0.263,-2.229,-2.3431420000000003,DEF,69.2,33.5,
8998,643,N.Wanganeen-Milera,STK,5,93,5,103.8,0.263,0.569,0.5266569999999999,DEF,81.3,33.5,23.5
10122,705,T.Duryea,WBD,3,93,5,81.0,0.263,-1.275,-1.9467020000000002,DEF,75.8,33.5,
10373,719,J.Macrae,WBD,3,87,5,61.0,0.263,-2.892,-2.4362209999999997,FWD,61.0,33.5,18.0
1322,178,S.Durham,ESS,4,101,5,78.25,0.368,-1.497,-1.448792,MID,75.6,34.0,
1345,179,X.Duursma,ESS,5,101,5,82.4,0.368,-1.162,-1.656224,MID,76.6,34.0,
2620,256,B.Ainsworth,GCS,5,101,5,73.2,0.368,-1.906,-2.5897439999999996,MID,73.2,34.0,28.5
7083,522,M.Bergman,PTA,5,101,5,77.2,0.368,-1.582,-1.948896,MID,75.5,34.0,
10340,717,T.Liberatore,WBD,5,101,5,112.2,0.368,1.248,0.83952,MID,83.1,34.0,28.5
3934,331,G.Miers,GEE,5,86,5,88.0,0.263,-0.709,-0.6001179999999999,FWD,77.8,35.5,19.0
4658,385,H.Thomas,GWS,5,86,5,59.2,0.263,-3.038,-3.0548319999999998,FWD,59.2,35.5,
7263,530,C.Dixon,PTA,5,85,5,80.4,0.263,-1.324,-1.213014,FWD,76.2,37.0,20.0
1153,17,C.Jones,ADE,5,100,5,67.4,0.368,-2.375,-3.1209360000000004,MID,67.4,37.5,
1634,193,N.Martin,ESS,5,100,5,105.0,0.368,0.666,0.50224,MID,81.5,37.5,30.0
3057,280,B.King,GCS,5,84,5,62.0,0.263,-2.811,-2.716846,FWD,62.0,39.0,
5165,411,F.Maginness,HAW,4,84,5,52.25,0.263,-3.6,-3.574226,FWD,52.2,39.0,
6463,488,Z.Fisher,NTH,5,84,5,76.0,0.263,-1.679,-1.2382119999999999,FWD,75.2,39.0,21.0
10566,730,A.Treloar,WBD,5,99,5,105.4,0.368,0.698,0.9559679999999999,MID,81.6,39.0,31.0
447,128,Z.Williams,CAR,5,92,5,73.4,0.263,-1.89,-2.186138,DEF,73.4,39.5,25.5
2669,258,M.Andrew,GCS,2,92,5,96.5,0.263,-0.022,-0.654778,DEF,76.9,39.5,
5338,425,J.Sicily,HAW,5,92,5,88.4,0.263,-0.677,-0.446612,DEF,77.9,39.5,25.5
5444,430,J.Weddle,HAW,5,92,5,76.4,0.263,-1.647,-1.865553,DEF,75.3,39.5,
5755,453,T.McDonald,MEL,5,92,5,75.4,0.263,-1.728,-1.751933,DEF,75.1,39.5,
7863,567,N.Broad,RIC,5,92,5,69.0,0.263,-2.245,-2.471443,DEF,69.0,39.5,
4006,337,B.Parfitt,GEE,4,98,5,90.0,0.368,-0.547,-1.5347119999999999,MID,77.6,41.5,
4459,37,J.Soligo,ADE,5,98,5,74.6,0.368,-1.793,-1.875064,MID,74.6,41.5,
6718,507,T.Powell,NTH,5,98,5,97.4,0.368,0.051,-0.820424,MID,79.9,41.5,32.5
10483,725,E.Richards,WBD,4,98,5,84.75,0.368,-0.972,-0.77696,MID,76.7,41.5,32.5
1199,173,J.Caldwell,ESS,5,83,5,84.0,0.263,-1.032,-0.5386120000000001,FWD,77.0,42.0,22.0
6024,468,T.Sparrow,MEL,6,83,5,73.5,0.263,-1.881,-1.8941499999999998,FWD,73.5,42.0,
8559,610,A.Caminiti,STK,3,83,5,58.6667,0.263,-3.081,-3.0541739999999997,FWD,58.7,42.0,
2948,275,W.Graham,GCS,2,91,5,79.0,0.263,-1.437,-1.977728,DEF,75.3,43.5,
7056,520,A.Aliir,PTA,5,91,5,74.4,0.263,-1.809,-1.9262979999999998,DEF,74.4,43.5,
6763,508,B.Scott,NTH,5,95,5,71.2,0.368,-2.067,-2.402616,MID,71.2,44.5,
7965,577,J.Graham,RIC,2,95,5,84.0,0.368,-1.032,-1.8953280000000001,MID,75.8,44.5,
4293,357,B.Daniels,GWS,5,82,5,82.6,0.263,-1.146,-0.721255,FWD,76.7,45.0,23.0
10103,704,S.Darcy,WBD,4,82,5,82.25,0.263,-1.174,-1.009099,FWD,76.3,45.0,
10831,747,J.Darling,WCE,5,82,5,52.8,0.263,-3.555,-3.3527530000000003,FWD,52.8,45.0,
8914,639,J.Sinclair,STK,4,89,5,95.0,0.263,-0.143,0.24834400000000004,DEF,78.5,45.5,27.0
11688,90,J.Boyd,CAR,5,89,5,81.8,0.263,-1.21,-1.885121,DEF,76.5,45.5,
4848,396,M.D'Ambrosio,HAW,5,94,5,86.8,0.368,-0.806,-1.08016,MID,77.6,46.0,
326,120,N.Newman,CAR,5,88,5,84.0,0.263,-1.032,-0.6375000000000001,DEF,77.0,47.5,28.0
1430,184,D.Heppell,ESS,5,88,5,103.0,0.263,0.504,0.125543,DEF,81.1,47.5,
3416,302,T.Atkins,GEE,4,93,5,77.5,0.368,-1.558,-1.8402560000000001,MID,75.4,48.0,34.5
7166,524,J.Burgoyne,PTA,4,93,5,52.75,0.368,-3.559,-3.1104079999999996,MID,52.8,48.0,
7365,536,J.Horne-Francis,PTA,3,93,5,112.333,0.368,1.259,0.6749839999999999,MID,79.9,48.0,34.5
1480,186,B.Hobbs,ESS,4,81,5,63.25,0.263,-2.71,-2.899623,FWD,63.2,48.5,
2205,228,N.Fyfe,FRE,5,81,5,84.8,0.263,-0.968,-1.107653,FWD,77.1,48.5,24.0
8793,63,K.Lohmann,BRL,5,81,5,47.4,0.263,-3.992,-3.303992,FWD,47.4,48.5,
10588,731,J.Ugle-Hagan,WBD,5,81,5,63.4,0.263,-2.698,-2.462878,FWD,63.4,48.5,
3825,325,M.Holmes,GEE,5,87,5,95.0,0.263,-0.143,-0.04779399999999998,DEF,79.3,49.0,29.0
5660,448,E.Langdon,MEL,6,92,5,76.0,0.368,-1.679,-1.911944,MID,75.3,50.0,
2070,218,J.Clark,FRE,5,84,5,102.8,0.263,0.488,0.568215,DEF,81.0,51.0,30.5
2983,276,N.Holman,GCS,5,79,5,51.6,0.263,-3.652,-3.468163,FWD,51.6,51.0,
6340,481,A.Corr,NTH,5,84,5,52.0,0.263,-3.62,-3.5610880000000003,DEF,52.0,51.0,
6462,488,Z.Fisher,NTH,5,84,5,76.0,0.263,-1.679,-1.5653839999999999,DEF,75.2,51.0,30.5
2947,275,W.Graham,GCS,2,91,5,79.0,0.368,-1.437,-2.390488,MID,75.3,51.5,
10028,7,M.Crouch,ADE,5,91,5,108.0,0.368,0.908,0.6735840000000001,MID,82.2,51.5,36.0
4060,340,T.Stengle,GEE,5,78,5,70.8,0.263,-2.1,-1.8525170000000002,FWD,70.8,52.5,
6422,486,B.Drury,NTH,1,78,5,78.0,0.263,-1.518,-2.267813,FWD,75.1,52.5,
3984,335,M.O'Connor,GEE,5,83,5,67.4,0.263,-2.375,-2.857342,DEF,67.4,53.5,
8877,636,S.Ross,STK,5,89,5,87.2,0.368,-0.774,-1.744416,MID,77.7,53.5,
8915,639,J.Sinclair,STK,4,89,5,95.0,0.368,-0.143,0.17347999999999997,MID,78.5,53.5,37.0
10281,714,L.Jones,WBD,5,83,5,64.4,0.263,-2.617,-2.65908,DEF,64.4,53.5,
5690,45,N.Answerth,BRL,4,77,5,64.0,0.263,-2.65,-2.652367,FWD,64.0,54.5,
8056,584,R.Mansell,RIC,5,77,5,69.2,0.263,-2.229,-2.271343,FWD,69.2,54.5,
3716,315,M.Duncan,GEE,4,82,5,78.25,0.263,-1.497,-1.607723,DEF,75.6,55.0,32.0
1699,195,B.McKay,ESS,5,81,5,75.6,0.263,-1.712,-2.062053,DEF,75.1,56.0,
211,110,M.Kennedy,CAR,5,87,5,75.2,0.368,-1.744,-2.077408,MID,75.0,57.0,
2009,214,B.Banfield,FRE,5,75,5,79.6,0.263,-1.388,-1.583409,FWD,76.0,57.0,
3003,277,B.Humphrey,GCS,4,75,5,60.75,0.263,-2.912,-3.012729,FWD,60.8,57.0,25.0
3824,325,M.Holmes,GEE,5,87,5,95.0,0.368,-0.143,-0.232792,MID,79.3,57.0,39.0
6301,480,C.Comben,NTH,2,75,5,102.0,0.263,0.423,0.09109400000000001,FWD,77.3,57.0,
6386,483,L.Davies-Uniacke,NTH,5,87,5,93.6,0.368,-0.256,0.072992,MID,79.0,57.0,39.0
7279,531,W.Drew,PTA,5,87,5,110.8,0.368,1.135,0.253272,MID,82.8,57.0,
10372,719,J.Macrae,WBD,3,87,5,61.0,0.368,-2.892,-2.95824,MID,61.0,57.0,39.0
3325,298,B.Uwland,GCS,5,80,5,57.8,0.263,-3.151,-2.98005,DEF,57.8,57.5,
6614,502,L.McDonald,NTH,4,80,5,65.75,0.263,-2.508,-2.686314,DEF,65.8,57.5,
2826,266,S.Collins,GCS,5,79,5,87.0,0.263,-0.79,-1.073251,DEF,77.6,59.5,
5729,451,S.May,MEL,5,79,5,81.4,0.263,-1.243,-1.094405,DEF,76.4,59.5,33.0
275,115,H.McKay,CAR,5,73,5,105.4,0.263,0.698,0.5557169999999999,FWD,81.6,60.0,26.5
4657,385,H.Thomas,GWS,5,86,5,59.2,0.368,-3.038,-3.8225759999999998,MID,59.2,60.0,
8837,633,M.Owens,STK,5,73,5,77.0,0.263,-1.598,-1.705041,FWD,75.4,60.0,26.5
10802,745,J.Cripps,WCE,5,73,5,72.6,0.263,-1.954,-1.7091469999999997,FWD,72.6,60.0,
7549,55,J.Fletcher,BRL,5,85,5,65.0,0.368,-2.569,-3.074264,MID,65.0,61.0,
5164,411,F.Maginness,HAW,4,84,5,52.25,0.368,-3.6,-4.336368,MID,52.2,62.0,
5689,45,N.Answerth,BRL,4,77,5,64.0,0.263,-2.65,-3.0494969999999997,DEF,64.0,62.5,
6929,516,D.Tucker,NTH,5,77,5,54.4,0.263,-3.426,-3.374189,DEF,54.4,62.5,
9984,696,L.Bramble,WBD,5,77,5,79.6,0.263,-1.388,-1.686505,DEF,76.0,62.5,
11552,81,B.Starcevich,BRL,5,77,5,62.2,0.263,-2.795,-3.2039649999999997,DEF,62.2,62.5,
2258,230,L.Jackson,FRE,5,72,5,110.4,0.263,1.102,1.0480850000000002,FWD,82.7,63.0,28.0
4560,378,J.Peatling,GWS,3,72,5,38.6667,0.263,-4.698,-3.948976,FWD,38.7,63.0,
5547,439,K.Chandler,MEL,6,72,5,75.6667,0.263,-1.706,-1.7998910000000001,FWD,75.2,63.0,
1200,173,J.Caldwell,ESS,5,83,5,84.0,0.368,-1.032,-0.987472,MID,77.0,64.0,41.0
3985,335,M.O'Connor,GEE,5,83,5,67.4,0.368,-2.375,-3.2416400000000003,MID,67.4,64.0,
6025,468,T.Sparrow,MEL,6,83,5,73.5,0.368,-1.881,-2.625832,MID,73.5,64.0,
1395,181,J.Gresham,ESS,5,71,5,67.4,0.263,-2.375,-2.395514,FWD,67.4,66.0,29.0
4530,377,X.O'Halloran,GWS,5,71,5,53.4,0.263,-3.507,-3.400485,FWD,53.4,66.0,
10671,734,R.West,WBD,5,71,5,68.4,0.263,-2.294,-2.185381,FWD,68.4,66.0,
1481,186,B.Hobbs,ESS,4,81,5,63.25,0.368,-2.71,-3.74592,MID,63.2,66.5,
2204,228,N.Fyfe,FRE,5,81,5,84.8,0.368,-0.968,-1.8773279999999999,MID,77.1,66.5,42.0
3186,289,W.Powell,GCS,5,75,5,93.4,0.263,-0.272,-0.431115,DEF,79.0,66.5,34.5
4390,367,H.Himmelberg,GWS,5,75,5,81.4,0.263,-1.243,-1.072839,DEF,76.4,66.5,34.5
6300,480,C.Comben,NTH,2,75,5,102.0,0.263,0.423,-0.25817,DEF,77.3,66.5,
10551,73,J.Payne,BRL,4,75,5,44.75,0.263,-4.206,-4.03768,DEF,44.8,66.5,
1814,20,R.Laird,ADE,5,80,5,110.2,0.368,1.086,0.7334560000000001,MID,82.7,68.0,43.0
5497,434,J.Billings,MEL,6,70,5,60.8333,0.263,-2.906,-2.823418,FWD,60.8,68.0,30.0
4314,36,B.Smith,ADE,5,74,5,79.0,0.263,-1.437,-1.9708900000000003,DEF,75.9,69.0,
4413,368,J.Hogan,GWS,5,69,5,99.8,0.263,0.245,0.36361299999999996,FWD,80.4,69.5,31.0
6928,516,D.Tucker,NTH,5,77,5,54.4,0.368,-3.426,-3.552224,MID,54.4,69.5,
9983,696,L.Bramble,WBD,5,77,5,79.6,0.368,-1.388,-2.0091840000000003,MID,76.0,69.5,
11769,95,M.Cottrell,CAR,5,69,5,62.0,0.263,-2.811,-2.82941,FWD,62.0,69.5,
2693,26,L.Nankervis,ADE,2,73,5,70.5,0.263,-2.124,-2.2765400000000002,DEF,70.5,70.5,
11247,771,J.Rotham,WCE,2,73,5,52.5,0.263,-3.58,-4.1367709999999995,DEF,52.5,70.5,
6166,474,J.Viney,MEL,6,76,5,98.1667,0.368,0.113,-0.4875759999999999,MID,81.0,71.0,44.0
1885,206,J.Stringer,ESS,5,68,5,62.8,0.263,-2.747,-2.569212,FWD,62.8,72.5,
1987,213,J.Amiss,FRE,5,68,5,57.2,0.263,-3.2,-3.1234669999999998,FWD,57.2,72.5,
6074,47,Z.Bailey,BRL,5,68,5,75.2,0.263,-1.744,-1.64669,FWD,75.0,72.5,32.5
10441,721,A.Naughton,WBD,5,68,5,75.0,0.263,-1.76,-1.656641,FWD,75.0,72.5,32.5
2694,26,L.Nankervis,ADE,2,73,5,70.5,0.368,-2.124,-2.53984,MID,70.5,73.0,
9956,695,M.Bontempelli,WBD,5,73,5,117.2,0.368,1.652,1.9272639999999999,MID,84.2,73.0,45.0
10761,743,C.Chesser,WCE,5,73,5,40.6,0.368,-4.542,-5.067504,MID,40.6,73.0,
5043,405,J.Impey,HAW,5,72,5,77.4,0.263,-1.566,-1.522605,DEF,75.5,73.5,
8474,607,R.Bonner,STK,5,72,5,83.0,0.263,-1.113,-1.4133459999999998,DEF,76.7,73.5,36.0
10779,744,T.Cole,WCE,5,72,5,61.0,0.263,-2.892,-2.948545,DEF,61.0,73.5,
11169,766,J.McGovern,WCE,5,72,5,111.6,0.263,1.199,1.2471290000000002,DEF,83.0,73.5,
9373,66,L.McCarthy,BRL,5,66,5,72.4,0.263,-1.97,-1.999982,FWD,72.4,75.0,
5312,423,J.Scrimshaw,HAW,5,71,5,78.8,0.263,-1.453,-1.4808780000000001,DEF,75.8,76.0,37.0
8666,622,J.Higgins,STK,5,65,5,80.6,0.263,-1.307,-1.3172570000000001,FWD,76.2,76.0,
4249,354,F.Callaghan,GWS,4,72,5,67.75,0.368,-2.346,-2.26872,MID,67.8,76.5,47.0
4333,362,T.Green,GWS,5,72,5,120.4,0.368,1.911,1.34612,MID,84.9,76.5,47.0
4559,378,J.Peatling,GWS,3,72,5,38.6667,0.368,-4.698,-4.37416,MID,38.7,76.5,
8473,607,R.Bonner,STK,5,72,5,83.0,0.368,-1.113,-1.7386000000000001,MID,76.7,76.5,47.0
419,127,J.Weitering,CAR,3,70,5,84.0,0.263,-1.032,-1.3076240000000001,DEF,76.2,77.0,
4151,349,T.Bedford,GWS,5,64,5,53.2,0.263,-3.523,-3.187412,FWD,53.2,78.0,
4229,353,A.Cadman,GWS,5,64,5,66.2,0.263,-2.472,-2.749991,FWD,66.2,78.0,
10310,716,B.Khamis,WBD,5,64,5,63.0,0.263,-2.731,-2.873809,FWD,63.0,78.0,
1359,18,M.Keane,ADE,4,69,5,85.75,0.263,-0.891,-1.178722,DEF,76.9,78.5,
10859,749,L.Duggan,WCE,5,69,5,93.2,0.263,-0.288,-0.510235,DEF,79.0,78.5,38.0
4529,377,X.O'Halloran,GWS,5,71,5,53.4,0.368,-3.507,-4.118615999999999,MID,53.4,79.0,
5496,434,J.Billings,MEL,6,70,5,60.8333,0.368,-2.906,-3.536384,MID,60.8,80.0,49.0
4208,352,J.Buckley,GWS,5,68,5,78.2,0.263,-1.501,-1.625662,DEF,75.7,81.0,
7347,535,M.Georgiades,PTA,2,63,5,81.0,0.263,-1.275,-1.30919,FWD,75.5,81.0,
7592,551,W.Rioli,PTA,5,63,5,57.8,0.263,-3.151,-2.928765,FWD,57.8,81.0,
7927,57,D.Gardiner,BRL,4,63,5,50.5,0.263,-3.741,-3.6355370000000002,FWD,50.5,81.0,
9107,647,M.Windhager,STK,4,68,5,72.5,0.263,-1.962,-2.144259,DEF,72.5,81.0,
11572,84,D.Wilmot,BRL,5,68,5,79.0,0.263,-1.437,-1.432266,DEF,75.9,81.0,
11770,95,M.Cottrell,CAR,5,69,5,62.0,0.368,-2.811,-3.59116,MID,62.0,81.0,
6075,47,Z.Bailey,BRL,5,68,5,75.2,0.368,-1.744,-2.318448,MID,75.0,82.5,50.0
9106,647,M.Windhager,STK,4,68,5,72.5,0.368,-1.962,-2.419792,MID,72.5,82.5,
8982,641,L.Stocker,STK,5,67,5,57.4,0.263,-3.183,-3.5598789999999996,DEF,57.4,83.0,
1525,189,J.Kelly,ESS,4,66,5,70.0,0.263,-2.164,-2.526151,DEF,70.0,84.0,
122,107,E.Hollands,CAR,3,62,5,65.6667,0.263,-2.515,-2.09946,FWD,65.7,84.5,
1526,189,J.Kelly,ESS,4,66,5,70.0,0.368,-2.164,-2.867248,MID,70.0,84.5,
2893,272,B.Fiorini,GCS,5,66,5,83.0,0.368,-1.113,-1.822504,MID,76.7,84.5,
4956,400,J.Ginnivan,HAW,5,62,5,64.6,0.263,-2.601,-2.2459499999999997,FWD,64.6,84.5,
5081,409,C.Macdonald,HAW,5,62,5,54.4,0.263,-3.426,-2.790855,FWD,54.4,84.5,34.0
10750,741,T.Brockman,WCE,4,62,5,49.25,0.263,-3.842,-3.899334,FWD,49.2,84.5,
7572,550,E.Ratugolea,PTA,5,64,5,59.2,0.263,-3.038,-3.290743,DEF,59.2,85.5,
10311,716,B.Khamis,WBD,5,64,5,63.0,0.263,-2.731,-3.2872450000000004,DEF,63.0,85.5,
3462,304,M.Blicavs,GEE,5,65,5,75.0,0.368,-1.76,-2.415408,MID,75.0,87.5,52.0
4272,355,S.Coniglio,GWS,5,65,5,98.6,0.368,0.148,-0.7889280000000001,MID,80.1,87.5,52.0
5856,458,C.Oliver,MEL,6,65,5,82.6667,0.368,-1.14,-1.4366079999999999,MID,77.0,87.5,52.0
7926,57,D.Gardiner,BRL,4,63,5,50.5,0.263,-3.741,-4.050814,DEF,50.5,87.5,
8446,606,J.Battle,STK,5,63,5,83.8,0.263,-1.049,-1.120273,DEF,76.9,87.5,
10968,754,R.Ginbey,WCE,5,65,5,63.0,0.368,-2.731,-2.983816,MID,63.0,87.5,
2463,247,S.Switkowski,FRE,5,61,5,65.4,0.263,-2.536,-2.061285,FWD,65.4,88.0,
3370,30,J.Rachele,ADE,5,61,5,58.8,0.263,-3.07,-2.790168,FWD,58.8,88.0,35.0
9062,646,D.Wilson,STK,5,61,5,53.8,0.263,-3.474,-3.0510960000000003,FWD,53.8,88.0,
5642,445,B.Howes,MEL,6,62,5,59.5,0.263,-3.014,-3.2864679999999997,DEF,59.5,89.5,
9035,645,C.Wilkie,STK,5,62,5,82.4,0.263,-1.162,-0.9999919999999999,DEF,76.6,89.5,39.0
11666,9,J.Dawson,ADE,5,64,5,81.8,0.368,-1.21,-0.792688,MID,76.5,90.0,54.0
3121,283,J.Lukosius,GCS,5,60,5,74.4,0.263,-1.809,-1.7721799999999999,FWD,74.4,90.5,
3799,324,O.Henry,GEE,5,60,5,64.8,0.263,-2.585,-2.726757,FWD,64.8,90.5,
2735,260,C.Ballard,GCS,5,61,5,74.2,0.263,-1.825,-2.252375,DEF,74.2,91.5,
5292,42,J.Worrell,ADE,5,61,5,80.8,0.263,-1.291,-1.279428,DEF,76.3,91.5,
2320,238,J.O'Meara,FRE,4,63,5,33.75,0.368,-5.096,-4.6348959999999995,MID,33.8,92.0,
3540,306,T.Bruhn,GEE,4,63,5,75.25,0.368,-1.74,-2.2195039999999997,MID,75.0,92.0,
5467,432,J.Worpel,HAW,5,63,5,99.0,0.368,0.181,-0.470728,MID,80.2,92.0,55.0
4614,381,J.Riccardi,GWS,5,59,5,55.2,0.263,-3.361,-3.1650650000000002,FWD,55.2,92.5,
7033,52,J.Daniher,BRL,5,59,5,83.6,0.263,-1.065,-0.8127829999999999,FWD,76.9,92.5,36.0
3120,283,J.Lukosius,GCS,5,60,5,74.4,0.263,-1.809,-2.1432729999999998,DEF,74.4,93.0,
123,107,E.Hollands,CAR,3,62,5,65.6667,0.368,-2.515,-2.631288,MID,65.7,94.0,
258,114,M.McGovern,CAR,5,59,5,81.0,0.263,-1.275,-1.502758,DEF,76.3,94.0,
5796,454,J.McVee,MEL,6,58,5,78.6667,0.263,-1.464,-1.795906,DEF,76.0,95.5,
10613,732,L.Vandermeer,WBD,5,58,5,63.4,0.263,-2.698,-3.324203,DEF,63.4,95.5,
1757,198,D.Parish,ESS,3,61,5,71.0,0.368,-2.084,-1.826032,MID,71.0,96.0,56.5
5269,418,J.Newcombe,HAW,5,61,5,77.4,0.368,-1.566,-1.161568,MID,75.5,96.0,56.5
5833,457,A.Neal-Bullen,MEL,6,58,5,84.3333,0.263,-1.005,-0.73937,FWD,77.4,96.0,37.5
6846,511,J.Simpkin,NTH,4,58,5,56.25,0.263,-3.276,-2.548016,FWD,56.2,96.0,37.5
9063,646,D.Wilson,STK,5,61,5,53.8,0.368,-3.474,-3.6068480000000003,MID,53.8,96.0,
10614,732,L.Vandermeer,WBD,5,58,5,63.4,0.263,-2.698,-2.905244,FWD,63.4,96.0,
11143,764,N.Long,WCE,5,58,5,51.0,0.263,-3.701,-3.634461,FWD,51.0,96.0,
11337,777,J.Williams,WCE,3,58,5,39.0,0.263,-4.671,-4.226793000000001,FWD,39.0,96.0,
2093,22,M.Michalanney,ADE,5,57,5,65.2,0.263,-2.553,-2.730788,DEF,65.2,97.5,
3741,320,Z.Guthrie,GEE,5,57,5,79.2,0.263,-1.421,-1.409691,DEF,75.9,97.5,
4715,388,J.Wehr,GWS,5,60,5,58.6,0.368,-3.086,-3.735152,MID,58.6,98.5,
7949,574,T.Dow,RIC,6,60,5,52.1667,0.368,-3.607,-3.9032400000000003,MID,52.2,98.5,
8199,591,M.Pickett,RIC,6,57,5,57.6667,0.263,-3.162,-3.0773140000000003,FWD,57.7,99.0,
1246,174,N.Cox,ESS,5,54,5,52.0,0.263,-3.62,-3.960585,DEF,52.0,99.5,
7204,525,R.Burton,PTA,5,54,5,77.2,0.263,-1.582,-1.851838,DEF,75.5,99.5,40.0
5877,459,C.Petracca,MEL,6,59,5,111.5,0.368,1.191,0.7659600000000001,MID,84.5,100.0,58.0
3675,314,O.Dempsey,GEE,5,56,5,75.4,0.263,-1.728,-1.504713,FWD,75.1,101.5,
5213,415,D.Moore,HAW,5,56,5,72.2,0.263,-1.987,-1.1485560000000001,FWD,72.2,101.5,39.5
6847,511,J.Simpkin,NTH,4,58,5,56.25,0.368,-3.276,-2.942224,MID,56.2,101.5,59.0
8076,585,D.*** Martin,RIC,4,56,5,73.75,0.263,-1.861,-1.908077,FWD,73.8,101.5,39.5
8087,586,K.McAuliffe,RIC,2,58,5,37.0,0.368,-4.833,-5.21572,MID,37.0,101.5,
8818,631,T.Membrey,STK,5,56,5,60.8,0.263,-2.908,-2.680768,FWD,60.8,101.5,
1951,212,J.Aish,FRE,5,53,5,88.4,0.263,-0.677,-1.461792,DEF,77.9,102.0,
7410,539,L.Jones,PTA,5,53,5,50.6,0.263,-3.733,-3.944189,DEF,50.6,102.0,
8597,614,Z.Cordy,STK,5,53,5,52.4,0.263,-3.588,-4.022476,DEF,52.4,102.0,
6363,482,P.Curtis,NTH,5,55,5,54.2,0.263,-3.442,-3.1832080000000005,FWD,54.2,104.0,
8200,591,M.Pickett,RIC,6,57,5,57.6667,0.368,-3.162,-3.7967999999999997,MID,57.7,104.0,
8523,609,R.Byrnes,STK,5,57,5,61.6,0.368,-2.844,-3.393056,MID,61.6,104.0,
10692,735,B.Williams,WBD,5,57,5,76.6,0.368,-1.631,-2.00452,MID,75.3,104.0,
185,109,B.Kemp,CAR,4,52,5,77.25,0.263,-1.578,-1.879661,DEF,75.4,105.0,
2528,251,B.Walker,FRE,4,52,5,53.5,0.263,-3.499,-3.560542,DEF,53.5,105.0,
3206,290,E.Read,GCS,2,54,5,49.0,0.263,-3.863,-3.985558,FWD,49.0,105.0,
5200,414,S.Mitchell,HAW,2,52,5,41.0,0.263,-4.509,-4.951103000000001,DEF,41.0,105.0,
4195,351,C.Brown,GWS,5,53,5,63.8,0.263,-2.666,-2.857201,FWD,63.8,106.5,
8596,614,Z.Cordy,STK,5,53,5,52.4,0.263,-3.588,-3.599572,FWD,52.4,106.5,
3,1,S.Berry,ADE,4,56,5,55.25,0.368,-3.357,-3.5965680000000004,MID,55.2,107.0,
3676,314,O.Dempsey,GEE,5,56,5,75.4,0.368,-1.728,-2.111456,MID,75.1,107.0,
6880,512,D.Stephens,NTH,5,56,5,49.8,0.368,-3.798,-4.461504,MID,49.8,107.0,
10456,722,J.O'Donnell,WBD,1,51,5,51.0,0.263,-3.701,-3.967156,DEF,51.0,107.0,
6574,5,J.Butts,ADE,4,50,5,52.75,0.263,-3.559,-3.803064,DEF,52.8,108.0,
6559,499,C.Lazzaro,NTH,4,51,5,55.75,0.263,-3.317,-3.6005139999999995,FWD,55.8,108.5,
8006,58,E.Hipwood,BRL,5,51,5,60.0,0.263,-2.973,-2.704214,FWD,60.0,108.5,
8437,604,T.Young,RIC,5,49,5,34.4,0.263,-5.043,-5.1726589999999995,DEF,34.4,109.0,
1245,174,N.Cox,ESS,5,54,5,52.0,0.368,-3.62,-4.283504,MID,52.0,109.5,
2423,243,J.Sharp,FRE,5,54,5,76.8,0.368,-1.615,-2.25716,MID,75.4,109.5,
57,102,C.Durdin,CAR,4,50,5,39.0,0.263,-4.671,-4.593152,FWD,39.0,110.0,
4919,399,S.Frost,HAW,5,47,5,62.2,0.263,-2.795,-3.3801749999999995,DEF,62.2,110.5,
11370,778,A.Witherden,WCE,2,47,5,50.0,0.263,-3.782,-3.550034,DEF,50.0,110.5,41.0
1952,212,J.Aish,FRE,5,53,5,88.4,0.368,-0.677,-1.9708879999999998,MID,77.9,111.0,
4823,395,M.Chol,HAW,5,49,5,61.8,0.263,-2.828,-2.621545,FWD,61.8,111.5,
6534,498,N.Larkey,NTH,5,49,5,51.8,0.263,-3.636,-3.2785830000000002,FWD,51.8,111.5,
6560,499,C.Lazzaro,NTH,4,51,5,55.75,0.368,-3.317,-4.512264,MID,55.8,112.0,
4002,336,C.O'Sullivan,GEE,1,46,5,46.0,0.263,-4.105,-4.4206,DEF,46.0,112.5,
10728,739,T.Barrass,WCE,5,46,5,62.6,0.263,-2.763,-2.3948,DEF,62.6,112.5,
10524,726,R.Sanders,WBD,5,46,5,69.4,0.368,-2.213,-2.8993200000000003,MID,69.4,113.0,60.0
10525,726,R.Sanders,WBD,5,46,5,69.4,0.263,-2.213,-2.180651,FWD,69.4,113.0,41.0
349,122,M.Owies,CAR,5,45,5,48.2,0.263,-3.927,-3.678991,FWD,48.2,114.5,
8229,593,H.Ralphsmith,RIC,1,45,5,45.0,0.368,-4.186,-4.5275039999999995,MID,45.0,114.5,
8347,6,B.Cook,ADE,2,45,5,47.0,0.263,-4.024,-3.855154,FWD,47.0,114.5,
8348,6,B.Cook,ADE,2,45,5,47.0,0.368,-4.024,-4.556864,MID,47.0,114.5,
3652,313,S.De Koning,GEE,5,45,5,58.2,0.263,-3.119,-3.1150550000000004,DEF,58.2,115.0,
7689,561,B.Zerk-Thatcher,PTA,5,45,5,64.0,0.263,-2.65,-2.853299,DEF,64.0,115.0,
8228,593,H.Ralphsmith,RIC,1,45,5,45.0,0.263,-4.186,-4.294881999999999,DEF,45.0,115.0,
6970,517,G.Wardlaw,NTH,5,43,5,74.2,0.368,-1.825,-1.802184,MID,74.2,116.5,61.0
8616,617,H.Garcia,STK,1,43,5,43.0,0.368,-4.348,-4.898528000000001,MID,43.0,116.5,
10994,757,B.Hough,WCE,5,44,5,51.6,0.263,-3.652,-3.6335900000000003,DEF,51.6,117.0,
6228,476,T.Woewodin,MEL,4,43,5,18.5,0.263,-6.329,-6.075205,FWD,18.5,118.0,
6519,494,H.Greenwood,NTH,2,42,5,58.0,0.368,-3.135,-3.667128,MID,58.0,118.0,
7240,527,D.Byrne-Jones,PTA,5,43,5,68.2,0.263,-2.31,-2.232152,FWD,68.2,118.0,
7904,569,S.Campbell,RIC,6,43,5,54.0,0.263,-3.458,-3.413816,FWD,54.0,118.0,
8615,617,H.Garcia,STK,1,43,5,43.0,0.263,-4.348,-4.184677,FWD,43.0,118.0,
8864,635,M.Phillipou,STK,5,43,5,56.0,0.263,-3.297,-3.0965940000000005,FWD,56.0,118.0,42.0
1608,191,J.Laverde,ESS,4,43,5,56.5,0.263,-3.256,-3.2110269999999996,DEF,56.5,118.5,
6229,476,T.Woewodin,MEL,4,43,5,18.5,0.263,-6.329,-6.543871,DEF,18.5,118.5,
164,108,O.Hollands,CAR,5,40,5,50.0,0.368,-3.782,-3.930672,MID,50.0,119.5,
4104,343,Z.Tuohy,GEE,4,40,5,64.75,0.368,-2.589,-3.023608,MID,64.8,119.5,
2138,224,J.Draper,FRE,4,42,5,41.5,0.263,-4.469,-4.588928,DEF,41.5,120.0,
4997,403,B.Hardwick,HAW,5,41,5,64.0,0.263,-2.65,-2.542696,DEF,64.0,121.0,
2159,225,T.Emmett,FRE,5,42,5,38.4,0.263,-4.72,-4.615852,FWD,38.4,121.5,
6194,475,C.Windsor,MEL,6,38,5,54.1667,0.368,-3.445,-3.8015919999999994,MID,54.2,121.5,
7459,543,T.Marshall,PTA,5,42,5,71.8,0.263,-2.019,-2.2433389999999997,FWD,71.8,121.5,
11022,758,J.Hunt,WCE,5,38,5,73.0,0.368,-1.922,-2.5755679999999996,MID,73.0,121.5,
11021,758,J.Hunt,WCE,5,38,5,73.0,0.263,-1.922,-2.246542,DEF,73.0,122.0,
671,14,W.Hamill,ADE,1,36,5,36.0,0.263,-4.914,-4.794072,DEF,36.0,123.0,
3289,296,D.Swallow,GCS,5,35,5,39.0,0.368,-4.671,-5.18804,MID,39.0,123.0,
1278,176,A.Davey Jnr,ESS,2,41,5,22.5,0.263,-6.005,-5.864032,FWD,22.5,123.5,
4998,403,B.Hardwick,HAW,5,41,5,64.0,0.263,-2.65,-2.191854,FWD,64.0,123.5,
2244,229,E.Hughes,FRE,5,31,5,53.4,0.263,-3.507,-3.7976150000000004,DEF,53.4,124.5,
3776,323,J.Henry,GEE,5,31,5,59.8,0.263,-2.989,-3.027135,DEF,59.8,124.5,
5404,43,C.Ah Chee,BRL,5,32,5,61.8,0.368,-2.828,-3.230592,MID,61.8,125.5,
6437,487,Z.Duursma,NTH,5,32,5,45.6,0.368,-4.138,-5.1242399999999995,MID,45.6,125.5,
8036,582,J.Koschitzke,RIC,3,39,5,41.0,0.263,-4.509,-4.18025,FWD,41.0,125.5,
8100,587,K.McIntosh,RIC,6,32,5,37.6667,0.368,-4.779,-5.158408,MID,37.7,125.5,
8291,595,M.Rioli,RIC,5,39,5,56.6,0.263,-3.248,-3.1491119999999997,FWD,56.6,125.5,
9949,693,O.Baker,WBD,4,32,5,65.75,0.368,-2.508,-3.458544,MID,65.8,125.5,
7884,568,T.Brown,RIC,4,29,5,61.75,0.263,-2.832,-3.2073009999999997,DEF,61.8,126.0,
385,124,A.Saad,CAR,5,26,5,78.2,0.263,-1.501,-1.38265,DEF,75.7,127.0,42.0
3344,299,J.Walter,GCS,3,38,5,39.0,0.263,-4.671,-4.677838,FWD,39.0,127.5,
6195,475,C.Windsor,MEL,6,38,5,54.1667,0.263,-3.445,-3.1706909999999997,FWD,54.2,127.5,
5037,404,H.Hustwaite,HAW,3,30,5,26.6667,0.368,-5.669,-6.508039999999999,MID,26.7,128.0,
8324,598,J.Short,RIC,6,15,5,70.5,0.263,-2.124,-1.973038,DEF,70.5,128.0,43.0
4637,384,S.Taylor,GWS,5,13,5,78.4,0.263,-1.485,-1.7969180000000002,DEF,75.7,129.0,44.0
5246,417,C.Nash,HAW,5,28,5,68.6,0.368,-2.278,-2.432928,MID,68.6,129.0,62.0
7542,549,S.Powell-Pepper,PTA,1,36,5,36.0,0.263,-4.914,-4.426661,FWD,36.0,129.0,
11712,91,J.Carroll,CAR,5,26,5,59.2,0.368,-3.038,-4.2192799999999995,MID,59.2,130.0,
1450,185,N.Hind,ESS,4,12,5,23.5,0.263,-5.925,-5.619657,DEF,23.5,130.5,
3290,296,D.Swallow,GCS,5,35,5,39.0,0.263,-4.671,-4.479273,FWD,39.0,130.5,
8377,600,T.Sonsie,RIC,3,35,5,37.3333,0.263,-4.806,-4.6726589999999995,FWD,37.3,130.5,
10051,702,B.Dale,WBD,5,12,5,68.4,0.263,-2.294,-1.6627999999999998,DEF,68.4,130.5,45.0
5127,410,C.Mackenzie,HAW,5,24,5,60.0,0.368,-2.973,-3.457656,MID,60.0,131.0,63.0
6641,503,C.McKercher,NTH,5,6,5,63.4,0.263,-2.698,-2.220655,DEF,63.4,132.0,46.0
10939,751,L.Edwards,WCE,5,22,5,38.6,0.368,-4.704,-5.240912,MID,38.6,132.0,
475,13,L.Gollant,ADE,2,34,5,24.0,0.263,-5.884,-5.935285,FWD,24.0,133.0,
2299,231,M.Johnson,FRE,5,20,5,48.0,0.368,-3.943,-3.9761200000000003,MID,48.0,133.0,
5901,460,H.Petty,MEL,4,5,5,47.75,0.263,-3.964,-4.158094,DEF,47.8,133.0,
6056,469,K.Tholstrup,MEL,1,34,5,34.0,0.263,-5.076,-4.41324,FWD,34.0,133.0,
10655,733,C.Weightman,WBD,5,34,5,71.2,0.263,-2.067,-1.901836,FWD,71.2,133.0,
5988,463,C.Salem,MEL,6,3,5,63.3333,0.263,-2.704,-2.4575690000000003,DEF,63.3,134.0,47.0
7495,547,J.Mead,PTA,5,19,5,51.4,0.368,-3.669,-3.890168,MID,51.4,134.5,
10195,708,H.Gallagher,WBD,5,19,5,48.4,0.368,-3.911,-4.604312,MID,48.4,134.5,
3224,292,M.Rosas,GCS,4,33,5,57.75,0.263,-3.155,-3.3527759999999995,FWD,57.8,135.0,
5358,428,J.Ward,HAW,5,16,5,55.6,0.368,-3.329,-3.984776,MID,55.6,136.0,
6642,503,C.McKercher,NTH,5,6,5,63.4,0.368,-2.698,-2.24536,MID,63.4,137.0,64.0
72,104,O.Fantasia,CAR,5,32,5,33.0,0.263,-5.156,-4.921666999999999,FWD,33.0,137.5,
5405,43,C.Ah Chee,BRL,5,32,5,61.8,0.263,-2.828,-2.5960339999999995,FWD,61.8,137.5,
5592,441,B.Fritsch,MEL,6,32,5,55.3333,0.263,-3.35,-3.225601,FWD,55.3,137.5,
6436,487,Z.Duursma,NTH,5,32,5,45.6,0.263,-4.138,-4.267133,FWD,45.6,137.5,
5989,463,C.Salem,MEL,6,3,5,63.3333,0.368,-2.704,-2.5682080000000003,MID,63.3,138.0,65.0
2170,226,N.Erasmus,FRE,2,2,5,8.5,0.368,-7.138,-7.511520000000001,MID,8.5,139.5,
3578,308,J.Clark,GEE,5,2,5,34.2,0.368,-5.059,-5.406392,MID,34.2,139.5,
1921,21,N.McHenry,ADE,4,30,5,43.75,0.263,-4.287,-4.244657,FWD,43.8,140.5,
6145,472,J.van Rooyen,MEL,6,30,5,53.3333,0.263,-3.512,-3.17536,FWD,53.3,140.5,
4818,394,S.Butler,HAW,2,26,5,23.5,0.263,-5.925,-5.8971219999999995,FWD,23.5,142.5,
11711,91,J.Carroll,CAR,5,26,5,59.2,0.263,-3.038,-3.3175689999999998,FWD,59.2,142.5,
303,12,D.Fogarty,ADE,5,25,5,53.6,0.263,-3.491,-3.008395,FWD,53.6,144.5,
5302,420,M.Ramsden,HAW,2,25,5,48.0,0.263,-3.943,-4.175229,FWD,48.0,144.5,
5126,410,C.Mackenzie,HAW,5,24,5,60.0,0.263,-2.973,-2.792582,FWD,60.0,146.0,43.0
2548,252,M.Walters,FRE,5,23,5,51.2,0.263,-3.685,-3.737863,FWD,51.2,148.0,
7476,545,J.McEntee,PTA,4,23,5,32.0,0.263,-5.237,-5.048429,FWD,32.0,148.0,
11149,765,R.Maric,WCE,4,23,5,26.5,0.263,-5.682,-5.269616,FWD,26.5,148.0,
10940,751,L.Edwards,WCE,5,22,5,38.6,0.263,-4.704,-4.524634,FWD,38.6,150.0,
7494,547,J.Mead,PTA,5,19,5,51.4,0.263,-3.669,-3.3008,FWD,51.4,151.5,
10196,708,H.Gallagher,WBD,5,19,5,48.4,0.263,-3.911,-3.8505100000000003,FWD,48.4,151.5,
5536,437,B.Brown,MEL,5,17,5,40.0,0.263,-4.59,-4.552654,FWD,40.0,153.0,
2482,248,M.Taberner,FRE,4,16,5,37.5,0.263,-4.793,-4.706999,FWD,37.5,154.5,
8894,638,C.Sharman,STK,5,16,5,48.6,0.263,-3.895,-3.584397,FWD,48.6,154.5,
1451,185,N.Hind,ESS,4,12,5,23.5,0.263,-5.925,-5.208062,FWD,23.5,156.0,
1722,196,J.Menzie,ESS,5,9,5,28.4,0.263,-5.528,-5.345215,FWD,28.4,158.0,
8505,608,D.Butler,STK,3,9,5,26.6667,0.263,-5.669,-5.293436,FWD,26.7,158.0,
8757,628,M.King,STK,4,9,5,77.75,0.263,-1.538,-1.861753,FWD,75.5,158.0,
5900,460,H.Petty,MEL,4,5,5,47.75,0.263,-3.964,-3.748077,FWD,47.8,160.0,
11473,787,T.Sellers,NTH,1,3,5,3.0,0.263,-7.582,-7.590679,FWD,3.0,161.0,
2171,226,N.Erasmus,FRE,2,2,5,8.5,0.263,-7.138,-6.803464,FWD,8.5,162.0,
9387,662,B.Grundy,SYD,6,158,6,112.333,0.105,1.259,1.1536849999999998,RUC,84.7,1.0,1.0
10052,702,B.Dale,WBD,6,175,6,86.1667,0.263,-0.857,-0.603731,DEF,77.9,1.0,1.0
11217,770,H.Reid,WCE,6,147,6,90.1667,0.263,-0.534,-0.50507,FWD,79.0,1.0,1.0
11667,9,J.Dawson,ADE,6,168,6,96.1667,0.368,-0.049,-0.058936,MID,80.5,1.0,1.0
6989,518,T.Xerri,NTH,6,144,6,109.167,0.105,1.003,1.06999,RUC,83.9,2.0,2.0
7389,537,D.Houston,PTA,6,141,6,115.833,0.263,1.542,1.405503,DEF,85.7,2.0,2.0
10567,730,A.Treloar,WBD,6,151,6,113.0,0.368,1.313,1.3446479999999998,MID,84.9,2.0,2.0
11601,86,D.Zorko,BRL,6,130,6,108.667,0.263,0.962,1.3407200000000001,FWD,83.8,2.0,2.0
41,100,T.De Koning,CAR,6,122,6,94.5,0.105,-0.183,-0.19266,RUC,80.1,3.0,3.0
622,138,N.Daicos,COL,6,133,6,111.167,0.263,1.164,1.410431,DEF,84.4,3.0,3.0
1201,173,J.Caldwell,ESS,6,129,6,91.5,0.263,-0.426,-0.09198999999999996,FWD,79.3,3.0,3.0
11216,770,H.Reid,WCE,6,147,6,90.1667,0.368,-0.534,-1.1761599999999999,MID,79.0,3.0,3.0
3504,305,J.Bowes,GEE,4,124,6,88.25,0.263,-0.689,-0.8809899999999999,DEF,77.3,4.0,
10146,706,T.English,WBD,6,114,6,111.667,0.105,1.205,1.1205800000000001,RUC,84.6,4.0,4.0
10442,721,A.Naughton,WBD,6,124,6,83.1667,0.263,-1.1,-1.1702210000000002,FWD,77.1,4.0,4.0
11810,97,P.Cripps,CAR,6,142,6,112.0,0.368,1.232,1.064192,MID,84.7,4.0,4.0
623,138,N.Daicos,COL,6,133,6,111.167,0.368,1.164,1.27256,MID,84.4,5.0,5.0
3398,301,J.Witts,GCS,5,113,6,102.8,0.105,0.488,0.4775,RUC,81.0,5.0,5.0
5293,42,J.Worrell,ADE,6,122,6,87.6667,0.263,-0.736,-0.8703930000000001,DEF,78.3,5.0,
10375,719,J.Macrae,WBD,4,123,6,76.5,0.263,-1.639,-1.51276,FWD,75.3,5.0,5.0
493,133,D.Cameron,COL,6,110,6,96.5,0.105,-0.022,-0.009085,RUC,80.6,6.0,6.0
4498,372,J.Kelly,GWS,6,132,6,103.667,0.368,0.558,0.24188800000000005,MID,82.5,6.0,6.0
9837,685,M.Roberts,SYD,6,117,6,89.0,0.263,-0.628,-0.908621,DEF,78.7,6.0,
5214,415,D.Moore,HAW,6,116,6,79.5,0.263,-1.396,-0.7129889999999999,FWD,76.2,6.5,6.0
5692,45,N.Answerth,BRL,5,116,6,74.4,0.263,-1.809,-2.0325499999999996,FWD,74.4,6.5,
2121,221,S.Darcy,FRE,1,102,6,102.0,0.105,0.423,0.313695,RUC,76.2,7.0,7.0
399,126,S.Walsh,CAR,2,130,6,148.0,0.368,4.143,2.824456,MID,81.3,7.5,7.5
11602,86,D.Zorko,BRL,6,130,6,108.667,0.368,0.962,0.891712,MID,83.8,7.5,7.5
327,120,N.Newman,CAR,6,116,6,89.3333,0.263,-0.601,-0.31985299999999994,DEF,78.7,8.0,4.0
369,123,M.Pittonet,CAR,2,99,6,74.0,0.105,-1.841,-1.80467,RUC,74.0,8.0,8.0
763,146,W.Hoskin-Elliott,COL,5,116,6,71.2,0.263,-2.067,-2.382337,DEF,71.2,8.0,
848,151,P.Lipinski,COL,6,114,6,80.0,0.263,-1.356,-1.232653,FWD,76.3,8.0,7.0
5691,45,N.Answerth,BRL,5,116,6,74.4,0.263,-1.809,-2.42968,DEF,74.4,8.0,
4061,340,T.Stengle,GEE,6,113,6,77.8333,0.263,-1.531,-1.433164,FWD,75.7,9.0,
5183,413,L.Meek,HAW,4,97,6,99.0,0.105,0.181,0.154435,RUC,79.2,9.0,
1202,173,J.Caldwell,ESS,6,129,6,91.5,0.368,-0.426,-0.6044799999999999,MID,79.3,9.5,9.5
5270,418,J.Newcombe,HAW,6,129,6,86.0,0.368,-0.871,-0.722328,MID,77.9,9.5,9.5
522,135,M.Cox,COL,6,94,6,63.6667,0.105,-2.677,-2.911885,RUC,63.7,10.0,
2912,273,S.Flanders,GCS,6,110,6,117.5,0.263,1.676,2.08102,FWD,86.1,10.0,8.0
2071,218,J.Clark,FRE,6,115,6,104.833,0.263,0.652,0.689083,DEF,82.8,10.5,5.0
10272,712,J.Johannisen,WBD,6,115,6,92.8333,0.263,-0.318,-0.7203900000000001,DEF,79.7,10.5,
2259,230,L.Jackson,FRE,6,90,6,107.0,0.105,0.827,0.6344299999999999,RUC,83.3,11.0,9.0
5082,409,C.Macdonald,HAW,6,108,6,63.3333,0.263,-2.704,-2.258741,FWD,63.3,11.0,9.0
7218,526,Z.Butters,PTA,6,127,6,127.667,0.368,2.499,2.238824,MID,88.7,11.0,11.0
1637,193,N.Martin,ESS,6,114,6,106.5,0.263,0.787,0.800413,DEF,83.2,12.0,6.0
2873,27,R.O'Brien,ADE,6,88,6,83.3333,0.105,-1.086,-1.09125,RUC,77.2,12.0,10.0
3233,293,M.Rowell,GCS,6,126,6,130.167,0.368,2.701,1.6786960000000002,MID,89.4,12.0,12.0
11295,775,J.Waterman,WCE,6,107,6,93.8333,0.263,-0.237,-0.222798,FWD,79.9,12.0,
4174,350,K.Briggs,GWS,6,87,6,89.3333,0.105,-0.601,-0.629455,RUC,78.7,13.0,11.0
4414,368,J.Hogan,GWS,6,105,6,100.667,0.263,0.315,0.415203,FWD,81.7,13.0,10.0
9957,695,M.Bontempelli,WBD,6,125,6,118.5,0.368,1.757,1.9936239999999998,MID,86.3,13.0,13.0
9231,652,N.Blakey,SYD,6,112,6,107.0,0.263,0.827,0.622912,DEF,83.3,13.5,7.5
11397,779,E.Yeo,WCE,6,112,6,114.5,0.263,1.434,1.2706769999999998,DEF,85.3,13.5,7.5
212,110,M.Kennedy,CAR,6,103,6,79.8333,0.263,-1.369,-1.210937,FWD,76.3,14.0,
3503,305,J.Bowes,GEE,4,124,6,88.25,0.368,-0.689,-1.168872,MID,77.3,14.0,
11315,776,B.Williams,WCE,6,85,6,77.0,0.105,-1.598,-1.8201800000000001,RUC,75.5,14.0,
1382,180,T.Goldstein,ESS,6,76,6,63.6667,0.105,-2.677,-2.77066,RUC,63.7,15.0,12.0
6806,509,H.Sheezel,NTH,6,110,6,127.333,0.263,2.472,2.39573,DEF,88.7,15.0,9.0
10374,719,J.Macrae,WBD,4,123,6,76.5,0.368,-1.639,-2.166344,MID,75.3,15.0,14.0
276,115,H.McKay,CAR,6,101,6,104.667,0.263,0.639,0.512234,FWD,82.7,15.5,11.0
8692,623,B.Hill,STK,6,101,6,83.6667,0.263,-1.059,-1.102395,FWD,77.3,15.5,
990,16,M.Hinge,ADE,6,109,6,100.833,0.263,0.329,0.145952,DEF,81.7,16.0,10.0
5247,417,C.Nash,HAW,6,121,6,77.3333,0.368,-1.572,-1.986736,MID,75.6,16.0,15.0
9695,677,H.McLean,SYD,6,70,6,63.5,0.105,-2.69,-2.79941,RUC,63.5,16.0,13.0
5313,423,J.Scrimshaw,HAW,6,108,6,83.6667,0.263,-1.059,-1.1905,DEF,77.3,17.0,11.0
7637,556,J.Sweet,PTA,1,68,6,68.0,0.105,-2.326,-2.2504,RUC,68.0,17.0,
2401,242,C.Serong,FRE,6,117,6,126.167,0.368,2.377,1.9836079999999998,MID,88.3,17.5,16.0
9838,685,M.Roberts,SYD,6,117,6,89.0,0.368,-0.628,-1.230048,MID,78.7,17.5,
10656,733,C.Weightman,WBD,6,99,6,75.8333,0.263,-1.693,-1.626198,FWD,75.2,17.5,
10832,747,J.Darling,WCE,6,99,6,60.5,0.263,-2.933,-2.894339,FWD,60.5,17.5,
3630,311,T.Conway,GEE,2,64,6,73.5,0.105,-1.881,-1.952925,RUC,73.5,18.0,
2670,258,M.Andrew,GCS,3,103,6,98.6667,0.263,0.154,-0.525066,DEF,78.1,18.5,
5044,405,J.Impey,HAW,6,103,6,81.6667,0.263,-1.221,-1.26834,DEF,76.7,18.5,
762,146,W.Hoskin-Elliott,COL,5,116,6,71.2,0.368,-2.067,-2.7065840000000003,MID,71.2,19.0,
3463,304,M.Blicavs,GEE,6,56,6,71.8333,0.105,-2.016,-2.199015,RUC,71.8,19.0,14.0
3123,283,J.Lukosius,GCS,6,98,6,78.3333,0.263,-1.491,-1.537814,FWD,75.9,19.5,
9462,666,I.Heeney,SYD,6,98,6,136.5,0.263,3.213,3.156981,FWD,91.0,19.5,12.0
4135,348,L.Ash,GWS,6,101,6,84.3333,0.263,-1.005,-1.075221,DEF,77.4,20.0,12.0
9763,68,O.McInerney,BRL,6,53,6,79.1667,0.105,-1.423,-1.3631499999999999,RUC,76.1,20.0,15.0
849,151,P.Lipinski,COL,6,114,6,80.0,0.368,-1.356,-1.879664,MID,76.3,21.0,17.5
1482,186,B.Hobbs,ESS,5,95,6,69.6,0.263,-2.197,-2.521542,FWD,69.6,21.0,
1636,193,N.Martin,ESS,6,114,6,106.5,0.368,0.787,0.578712,MID,83.2,21.0,17.5
5233,416,H.Morrison,HAW,2,114,6,67.5,0.368,-2.367,-3.328216,MID,67.5,21.0,
8771,629,R.Marshall,STK,6,51,6,105.0,0.105,0.666,0.6820650000000001,RUC,82.8,21.0,16.0
5339,425,J.Sicily,HAW,6,100,6,90.3333,0.263,-0.52,-0.330903,DEF,79.0,22.0,13.0
9319,658,O.Florent,SYD,6,100,6,83.5,0.263,-1.073,-1.285241,DEF,77.2,22.0,
11170,766,J.McGovern,WCE,6,100,6,109.667,0.263,1.043,1.1321569999999999,DEF,84.0,22.0,
7634,555,I.Soldo,PTA,6,50,6,86.5,0.105,-0.83,-0.9736400000000001,RUC,78.0,22.5,17.0
11340,777,J.Williams,WCE,4,50,6,41.75,0.105,-4.449,-4.537515,RUC,41.8,22.5,
521,135,M.Cox,COL,6,94,6,63.6667,0.263,-2.677,-2.6670059999999998,FWD,63.7,23.0,
1396,181,J.Gresham,ESS,6,94,6,71.8333,0.263,-2.016,-2.130931,FWD,71.8,23.0,13.5
4294,357,B.Daniels,GWS,6,94,6,84.5,0.263,-0.992,-0.607757,FWD,77.5,23.0,13.5
11398,779,E.Yeo,WCE,6,112,6,114.5,0.368,1.434,0.978416,MID,85.3,23.0,19.0
1295,177,S.Draper,ESS,5,46,6,55.8,0.105,-3.313,-3.2746750000000002,RUC,55.8,24.0,18.0
102,106,G.Hewett,CAR,6,110,6,104.0,0.368,0.585,-0.03360800000000003,MID,82.6,24.5,20.5
2911,273,S.Flanders,GCS,6,110,6,117.5,0.368,1.676,1.666432,MID,86.1,24.5,20.5
919,154,B.Maynard,COL,6,99,6,97.3333,0.263,0.046,-0.48552300000000004,DEF,80.8,25.0,14.0
3209,290,E.Read,GCS,3,27,6,41.6667,0.105,-4.456,-4.700125,RUC,41.7,25.0,
9109,647,M.Windhager,STK,5,99,6,77.8,0.263,-1.534,-1.8288229999999999,DEF,75.6,25.0,
10729,739,T.Barrass,WCE,6,99,6,68.6667,0.263,-2.272,-2.032933,DEF,68.7,25.0,
3611,310,B.Close,GEE,6,92,6,71.1667,0.263,-2.07,-2.124441,FWD,71.2,25.5,
4975,402,J.Gunston,HAW,3,92,6,57.6667,0.263,-3.162,-2.9779,FWD,57.7,25.5,
1737,197,Z.Merrett,ESS,6,109,6,123.833,0.368,2.189,1.8486,MID,87.7,27.0,22.5
6280,48,J.Berry,BRL,6,109,6,82.8333,0.368,-1.127,-1.444216,MID,77.0,27.0,
10408,72,L.Neale,BRL,5,109,6,116.8,0.368,1.62,1.661584,MID,84.1,27.0,22.5
5104,41,T.Walker,ADE,5,91,6,72.0,0.263,-2.003,-1.9882720000000003,FWD,72.0,27.5,15.0
9662,676,J.McInerney,SYD,6,91,6,78.8333,0.263,-1.45,-1.135452,FWD,76.0,27.5,
3122,283,J.Lukosius,GCS,6,98,6,78.3333,0.263,-1.491,-1.9089070000000001,DEF,75.9,28.0,
3742,320,Z.Guthrie,GEE,6,98,6,82.3333,0.263,-1.167,-1.222493,DEF,76.9,28.0,
3827,325,M.Holmes,GEE,6,98,6,95.5,0.263,-0.103,-0.01831399999999999,DEF,80.3,28.0,15.0
9872,686,J.Rowbottom,SYD,6,108,6,96.0,0.368,-0.062,-0.35308799999999996,MID,80.5,29.0,24.0
2260,230,L.Jackson,FRE,6,90,6,107.0,0.263,0.827,0.84541,FWD,83.3,29.5,16.0
4824,395,M.Chol,HAW,6,90,6,66.5,0.263,-2.448,-2.341485,FWD,66.5,29.5,
663,139,J.De Goey,COL,6,105,6,79.3333,0.368,-1.41,-1.675328,MID,76.1,30.0,25.0
1677,194,A.McGrath,ESS,6,96,6,100.0,0.263,0.261,0.148699,DEF,81.5,30.0,16.0
3717,315,M.Duncan,GEE,5,95,6,81.6,0.263,-1.226,-1.407996,DEF,76.4,31.0,17.0
213,110,M.Kennedy,CAR,6,103,6,79.8333,0.368,-1.369,-1.840408,MID,76.3,31.5,
9544,67,H.McCluggage,BRL,6,103,6,103.833,0.368,0.571,0.18091999999999997,MID,82.5,31.5,26.0
2207,228,N.Fyfe,FRE,6,89,6,85.5,0.263,-0.911,-1.065644,FWD,77.7,32.0,17.0
2489,249,J.Treacy,FRE,6,89,6,80.8333,0.263,-1.288,-0.968718,FWD,76.5,32.0,
6341,481,A.Corr,NTH,6,94,6,59.0,0.263,-3.054,-3.1439459999999997,DEF,59.0,32.0,
10803,745,J.Cripps,WCE,6,89,6,75.3333,0.263,-1.733,-1.5462699999999998,FWD,75.1,32.0,
10860,749,L.Duggan,WCE,6,92,6,93.0,0.263,-0.305,-0.522764,DEF,79.7,33.0,18.0
6387,483,L.Davies-Uniacke,NTH,6,101,6,94.8333,0.368,-0.156,0.13619199999999998,MID,80.2,33.5,27.0
8693,623,B.Hill,STK,6,101,6,83.6667,0.368,-1.059,-1.8255439999999998,MID,77.3,33.5,
1837,200,M.Redman,ESS,5,91,6,85.2,0.263,-0.935,-0.92711,DEF,77.2,34.0,19.0
9503,667,J.Jordon,SYD,6,88,6,77.1667,0.263,-1.585,-1.594994,FWD,75.6,34.0,18.0
9108,647,M.Windhager,STK,5,99,6,77.8,0.368,-1.534,-2.149296,MID,75.6,35.0,
9169,649,T.Adams,SYD,2,87,6,92.0,0.263,-0.386,-0.69108,FWD,76.5,35.0,19.0
2378,241,L.Ryan,FRE,6,89,6,127.833,0.263,2.512,2.38839,DEF,88.8,35.5,20.0
11573,84,D.Wilmot,BRL,6,89,6,80.6667,0.263,-1.302,-1.3327710000000002,DEF,76.5,35.5,
9374,66,L.McCarthy,BRL,6,86,6,74.6667,0.263,-1.787,-1.865111,FWD,74.7,36.5,
9789,681,T.Papley,SYD,6,86,6,84.0,0.263,-1.032,-0.885772,FWD,77.3,36.5,
1323,178,S.Durham,ESS,5,98,6,82.2,0.368,-1.178,-1.2471839999999998,MID,76.6,38.0,
3596,31,I.Rankine,ADE,6,85,6,90.0,0.263,-0.547,-0.11068299999999998,FWD,78.9,38.0,20.0
3826,325,M.Holmes,GEE,6,98,6,95.5,0.368,-0.103,-0.20751200000000003,MID,80.3,38.0,29.5
5570,44,H.Andrews,BRL,6,88,6,96.3333,0.263,-0.035,-0.39741400000000004,DEF,80.6,38.0,21.0
7169,524,J.Burgoyne,PTA,5,88,6,59.8,0.263,-2.989,-2.669192,DEF,59.8,38.0,
7429,54,J.Dunkley,BRL,6,98,6,108.667,0.368,0.962,0.942496,MID,83.8,38.0,29.5
9410,663,E.Gulden,SYD,6,98,6,105.833,0.368,0.733,0.65572,MID,83.0,38.0,29.5
9461,666,I.Heeney,SYD,6,98,6,136.5,0.368,3.213,2.5520720000000003,MID,91.0,38.0,29.5
10282,714,L.Jones,WBD,6,88,6,68.3333,0.263,-2.299,-2.424714,DEF,68.3,38.0,
1502,188,H.Jones,ESS,5,84,6,67.4,0.263,-2.375,-2.449955,FWD,67.4,39.5,
10672,734,R.West,WBD,6,84,6,71.0,0.263,-2.084,-2.030611,FWD,71.0,39.5,
4727,389,L.Whitfield,GWS,6,85,6,105.167,0.263,0.679,0.883877,DEF,82.9,40.5,22.5
7205,525,R.Burton,PTA,6,85,6,78.5,0.263,-1.477,-1.774453,DEF,75.9,40.5,22.5
4460,37,J.Soligo,ADE,6,97,6,78.3333,0.368,-1.491,-1.6842000000000001,MID,75.9,41.0,
11771,95,M.Cottrell,CAR,6,83,6,65.5,0.263,-2.528,-2.620839,FWD,65.5,41.0,
3419,302,T.Atkins,GEE,5,83,6,78.6,0.263,-1.469,-1.5447440000000001,DEF,75.8,42.0,24.0
10225,709,R.Garcia,WBD,1,82,6,82.0,0.263,-1.194,-1.294466,FWD,75.3,42.0,
10969,754,R.Ginbey,WCE,6,96,6,68.5,0.368,-2.286,-2.702576,MID,68.5,42.0,
1483,186,B.Hobbs,ESS,5,95,6,69.6,0.368,-2.197,-3.421704,MID,69.6,43.0,
3935,331,G.Miers,GEE,6,81,6,86.8333,0.263,-0.803,-0.669396,FWD,78.1,43.5,21.0
7543,549,S.Powell-Pepper,PTA,2,81,6,58.5,0.263,-3.094,-3.085321,FWD,58.5,43.5,
10123,705,T.Duryea,WBD,4,82,6,81.25,0.263,-1.255,-1.931962,DEF,76.1,43.5,
10780,744,T.Cole,WCE,6,82,6,64.5,0.263,-2.609,-2.739974,DEF,64.5,43.5,
2894,272,B.Fiorini,GCS,6,94,6,84.8333,0.368,-0.965,-1.7289679999999998,MID,77.6,44.5,
11124,762,T.Kelly,WCE,6,94,6,99.3333,0.368,0.207,-0.14812000000000003,MID,81.3,44.5,32.0
736,145,B.Hill,COL,6,80,6,60.5,0.263,-2.933,-2.7170769999999997,FWD,60.5,45.0,
983,159,T.Mitchell,COL,5,93,6,88.0,0.368,-0.709,-1.251064,MID,77.8,46.0,33.0
4920,399,S.Frost,HAW,6,81,6,65.3333,0.263,-2.542,-3.193714,DEF,65.3,46.0,
6931,516,D.Tucker,NTH,6,81,6,58.8333,0.263,-3.067,-3.109606,DEF,58.8,46.0,
8476,607,R.Bonner,STK,6,81,6,82.6667,0.263,-1.14,-1.4332449999999999,DEF,77.0,46.0,25.0
5128,410,C.Mackenzie,HAW,6,79,6,63.1667,0.263,-2.717,-2.6039100000000004,FWD,63.2,47.0,23.0
7034,52,J.Daniher,BRL,6,79,6,82.8333,0.263,-1.127,-0.8584769999999999,FWD,77.0,47.0,23.0
9661,676,J.McInerney,SYD,6,91,6,78.8333,0.368,-1.45,-1.68736,MID,76.0,47.0,
10253,711,J.Harmes,WBD,2,79,6,57.0,0.263,-3.216,-2.7286610000000002,FWD,57.0,47.0,23.0
2206,228,N.Fyfe,FRE,6,89,6,85.5,0.368,-0.911,-1.841304,MID,77.7,48.0,34.0
2344,239,A.Pearce,FRE,6,80,6,76.0,0.263,-1.679,-2.021426,DEF,75.3,48.0,
2575,255,H.Young,FRE,6,79,6,96.0,0.263,-0.062,0.07370800000000001,DEF,80.5,49.0,26.0
11838,99,C.Curnow,CAR,6,78,6,95.0,0.263,-0.143,-0.170089,FWD,80.2,49.0,25.0
3161,286,T.Miller,GCS,6,88,6,113.0,0.368,1.313,0.817672,MID,84.9,50.0,35.5
4391,367,H.Himmelberg,GWS,6,78,6,80.8333,0.263,-1.288,-1.106004,DEF,76.5,50.0,27.0
4957,400,J.Ginnivan,HAW,6,76,6,66.5,0.263,-2.448,-2.133189,FWD,66.5,50.0,
7168,524,J.Burgoyne,PTA,5,88,6,59.8,0.368,-2.989,-2.7501679999999995,MID,59.8,50.0,
9504,667,J.Jordon,SYD,6,88,6,77.1667,0.368,-1.585,-2.3165839999999998,MID,75.6,50.0,35.5
1033,162,J.Noble,COL,4,77,6,70.0,0.263,-2.164,-2.109033,DEF,70.0,51.5,
2759,261,T.Berry,GCS,6,74,6,65.5,0.263,-2.528,-2.705262,FWD,65.5,51.5,
6364,482,P.Curtis,NTH,6,74,6,57.5,0.263,-3.175,-2.9864290000000002,FWD,57.5,51.5,
6766,508,B.Scott,NTH,6,77,6,72.1667,0.263,-1.989,-2.103142,DEF,72.2,51.5,
9168,649,T.Adams,SYD,2,87,6,92.0,0.368,-0.386,-1.528272,MID,76.5,52.0,37.0
7366,536,J.Horne-Francis,PTA,4,86,6,105.75,0.368,0.726,0.338128,MID,80.3,53.0,38.0
3764,322,T.Hawkins,GEE,5,73,6,67.2,0.263,-2.391,-2.484365,FWD,67.2,53.5,
6719,507,T.Powell,NTH,6,73,6,93.3333,0.263,-0.278,-0.325866,FWD,79.8,53.5,26.0
1758,198,D.Parish,ESS,4,84,6,74.25,0.368,-1.821,-1.6598159999999997,MID,74.2,54.5,39.5
8960,640,J.Steele,STK,6,84,6,122.333,0.368,2.067,1.521624,MID,87.3,54.5,39.5
4152,349,T.Bedford,GWS,6,71,6,56.1667,0.263,-3.283,-3.010532,FWD,56.2,55.5,
6465,488,Z.Fisher,NTH,6,71,6,75.1667,0.263,-1.747,-1.288328,FWD,75.0,55.5,27.0
1360,18,M.Keane,ADE,5,75,6,83.6,0.263,-1.065,-1.3069600000000001,DEF,76.9,56.5,
2787,265,S.Clohesy,GCS,3,75,6,102.333,0.263,0.45,-0.415007,DEF,78.6,56.5,
3986,335,M.O'Connor,GEE,6,75,6,68.6667,0.263,-2.272,-2.7814309999999995,DEF,68.7,56.5,
4437,369,C.Idun,GWS,6,75,6,81.6667,0.263,-1.221,-1.2278380000000002,DEF,76.7,56.5,28.5
4593,379,H.Perryman,GWS,5,75,6,75.6,0.263,-1.712,-1.795634,DEF,75.1,56.5,
5445,430,J.Weddle,HAW,6,75,6,76.1667,0.263,-1.666,-1.879556,DEF,75.3,56.5,
7084,522,M.Bergman,PTA,6,75,6,76.8333,0.263,-1.612,-1.7182520000000001,DEF,75.5,56.5,
10484,725,E.Richards,WBD,5,75,6,82.8,0.263,-1.129,-0.7892039999999999,DEF,76.7,56.5,28.5
9696,677,H.McLean,SYD,6,70,6,63.5,0.263,-2.69,-2.39544,FWD,63.5,57.0,28.0
2032,215,A.Brayshaw,FRE,6,83,6,106.667,0.368,0.8,0.7665120000000001,MID,83.3,57.5,42.0
3418,302,T.Atkins,GEE,5,83,6,78.6,0.368,-1.469,-1.784008,MID,75.8,57.5,42.0
11642,87,B.Acres,CAR,6,83,6,94.1667,0.368,-0.21,-0.507344,MID,80.0,57.5,42.0
11772,95,M.Cottrell,CAR,6,83,6,65.5,0.368,-2.528,-3.412304,MID,65.5,57.5,
5167,411,F.Maginness,HAW,5,69,6,55.6,0.263,-3.329,-3.374499,FWD,55.6,59.5,
7348,535,M.Georgiades,PTA,3,69,6,77.0,0.263,-1.598,-1.547241,FWD,75.3,59.5,
8617,617,H.Garcia,STK,2,69,6,56.0,0.263,-3.297,-3.4100900000000003,FWD,56.0,59.5,
9064,646,D.Wilson,STK,6,69,6,56.3333,0.263,-3.27,-2.900748,FWD,56.3,59.5,
1126,168,S.Sidebottom,COL,5,82,6,57.2,0.368,-3.2,-3.0575840000000003,MID,57.2,61.0,
4334,362,T.Green,GWS,6,82,6,114.0,0.368,1.393,1.018744,MID,85.2,61.0,44.0
7550,55,J.Fletcher,BRL,6,82,6,67.8333,0.368,-2.34,-2.9295359999999997,MID,67.8,61.0,
4765,390,K.Amon,HAW,6,74,6,89.3333,0.263,-0.601,-0.588902,DEF,78.7,61.5,30.0
11248,771,J.Rotham,WCE,3,74,6,59.6667,0.263,-3.0,-3.709311,DEF,59.7,61.5,
7241,527,D.Byrne-Jones,PTA,6,68,6,68.1667,0.263,-2.313,-2.234363,FWD,68.2,62.0,
6848,511,J.Simpkin,NTH,5,67,6,58.4,0.263,-3.102,-2.419778,FWD,58.4,63.0,29.0
1012,160,D.Moore,COL,6,73,6,73.0,0.263,-1.922,-2.022992,DEF,73.0,63.5,31.5
8916,639,J.Sinclair,STK,5,73,6,90.6,0.263,-0.499,-0.014027999999999985,DEF,78.4,63.5,31.5
6930,516,D.Tucker,NTH,6,81,6,58.8333,0.368,-3.067,-3.325336,MID,58.8,64.0,
8475,607,R.Bonner,STK,6,81,6,82.6667,0.368,-1.14,-1.755664,MID,77.0,64.0,45.5
9907,690,C.Warner,SYD,6,81,6,99.1667,0.368,0.194,0.159408,MID,81.3,64.0,45.5
973,158,B.Mihocek,COL,6,66,6,67.8333,0.263,-2.34,-2.338159,FWD,67.8,65.5,
2160,225,T.Emmett,FRE,6,66,6,43.0,0.263,-4.348,-4.3416879999999995,FWD,43.0,65.5,
8819,631,T.Membrey,STK,6,66,6,61.6667,0.263,-2.838,-2.629178,FWD,61.7,65.5,
11150,765,R.Maric,WCE,5,66,6,34.4,0.263,-5.043,-4.798673,FWD,34.4,65.5,
3541,306,T.Bruhn,GEE,5,80,6,76.2,0.368,-1.663,-2.17084,MID,75.3,66.0,
6464,488,Z.Fisher,NTH,6,71,6,75.1667,0.263,-1.747,-1.6155,DEF,75.0,66.5,34.0
7317,533,K.Farrell,PTA,6,71,6,80.1667,0.263,-1.342,-1.3830280000000001,DEF,76.3,66.5,34.0
9036,645,C.Wilkie,STK,6,71,6,80.5,0.263,-1.315,-1.112753,DEF,76.4,66.5,34.0
9298,656,H.Cunningham,SYD,5,71,6,53.2,0.263,-3.523,-3.764697,DEF,53.2,66.5,
2576,255,H.Young,FRE,6,79,6,96.0,0.368,-0.062,-0.09659200000000001,MID,80.5,68.0,48.0
5129,410,C.Mackenzie,HAW,6,79,6,63.1667,0.368,-2.717,-3.295864,MID,63.2,68.0,48.0
10254,711,J.Harmes,WBD,2,79,6,57.0,0.368,-3.216,-3.2439679999999997,MID,57.0,68.0,48.0
1564,19,B.Keays,ADE,6,64,6,63.6667,0.263,-2.677,-2.0721000000000003,FWD,63.7,69.0,30.5
1587,190,K.Langford,ESS,6,64,6,74.5,0.263,-1.801,-1.493553,FWD,74.5,69.0,30.5
10354,718,R.Lobb,WBD,2,64,6,46.0,0.263,-4.105,-3.4009490000000007,FWD,46.0,69.0,
553,136,J.Crisp,COL,6,70,6,73.3333,0.263,-1.895,-1.665138,DEF,73.3,69.5,36.0
4209,352,J.Buckley,GWS,6,70,6,76.8333,0.263,-1.612,-1.7074690000000001,DEF,75.5,69.5,
594,137,J.Daicos,COL,6,78,6,88.5,0.368,-0.669,-0.92292,MID,78.5,70.0,50.0
6765,508,B.Scott,NTH,6,77,6,72.1667,0.368,-1.989,-2.35332,MID,72.2,71.0,
8999,643,N.Wanganeen-Milera,STK,6,69,6,98.0,0.263,0.1,0.181004,DEF,81.0,71.0,37.0
58,102,C.Durdin,CAR,5,62,6,43.6,0.263,-4.299,-4.318988,FWD,43.6,71.5,
8794,63,K.Lohmann,BRL,6,62,6,49.8333,0.263,-3.795,-3.158803,FWD,49.8,71.5,
3187,289,W.Powell,GCS,6,68,6,89.1667,0.263,-0.615,-0.683906,DEF,78.7,72.5,38.5
9573,671,J.Lloyd,SYD,6,68,6,76.6667,0.263,-1.625,-1.594755,DEF,75.4,72.5,38.5
2786,265,S.Clohesy,GCS,3,75,6,102.333,0.368,0.45,-0.9616480000000001,MID,78.6,73.5,
3987,335,M.O'Connor,GEE,6,75,6,68.6667,0.368,-2.272,-3.176544,MID,68.7,73.5,
7085,522,M.Bergman,PTA,6,75,6,76.8333,0.368,-1.612,-1.9678560000000003,MID,75.5,73.5,
10485,725,E.Richards,WBD,5,75,6,82.8,0.368,-1.129,-0.8761840000000001,MID,76.7,73.5,51.0
1609,191,J.Laverde,ESS,5,67,6,58.6,0.263,-3.086,-3.085737,DEF,58.6,74.0,
1248,174,N.Cox,ESS,6,66,6,54.3333,0.263,-3.431,-3.8212919999999997,DEF,54.3,75.0,
3371,30,J.Rachele,ADE,6,61,6,59.1667,0.263,-3.04,-2.768058,FWD,59.2,75.0,32.5
4357,363,T.Greene,GWS,6,61,6,76.6667,0.263,-1.625,-1.344379,FWD,75.4,75.0,32.5
8895,638,C.Sharman,STK,6,61,6,50.6667,0.263,-3.728,-3.4613180000000003,FWD,50.7,75.0,
9209,650,J.Amartey,SYD,6,61,6,43.1667,0.263,-4.334,-3.9276649999999997,FWD,43.2,75.0,
11566,83,J.Tunstill,BRL,2,61,6,41.0,0.263,-4.509,-4.650231000000001,FWD,41.0,75.0,
10995,757,B.Hough,WCE,6,65,6,53.8333,0.263,-3.472,-3.50093,DEF,53.8,76.0,
1815,20,R.Laird,ADE,6,74,6,104.167,0.368,0.598,0.42504,MID,82.6,76.5,52.5
4764,390,K.Amon,HAW,6,74,6,89.3333,0.368,-0.601,-0.8015599999999999,MID,78.7,76.5,52.5
798,147,J.Howe,COL,5,64,6,72.4,0.263,-1.97,-1.8879439999999998,DEF,72.4,78.5,
1431,184,D.Heppell,ESS,6,64,6,96.5,0.263,-0.022,-0.262119,DEF,80.6,78.5,
1700,195,B.McKay,ESS,6,64,6,73.6667,0.263,-1.868,-2.177025,DEF,73.7,78.5,
4230,353,A.Cadman,GWS,6,60,6,65.1667,0.263,-2.555,-2.811162,FWD,65.2,78.5,
6535,498,N.Larkey,NTH,6,60,6,53.1667,0.263,-3.526,-3.197513,FWD,53.2,78.5,
9736,678,L.Melican,SYD,6,64,6,49.1667,0.263,-3.849,-4.055981,DEF,49.2,78.5,
2300,231,M.Johnson,FRE,6,73,6,52.1667,0.368,-3.607,-3.7637680000000002,MID,52.2,79.5,
6720,507,T.Powell,NTH,6,73,6,93.3333,0.368,-0.278,-1.0283520000000002,MID,79.8,79.5,54.5
8878,636,S.Ross,STK,6,73,6,84.8333,0.368,-0.965,-1.865128,MID,77.6,79.5,
8917,639,J.Sinclair,STK,5,73,6,90.6,0.368,-0.499,-0.051512,MID,78.4,79.5,54.5
1886,206,J.Stringer,ESS,6,59,6,62.1667,0.263,-2.798,-2.606799,FWD,62.2,80.5,
3557,307,J.Cameron,GEE,6,59,6,89.6667,0.263,-0.574,-0.38648099999999996,FWD,78.8,80.5,34.0
1527,189,J.Kelly,ESS,5,63,6,68.6,0.263,-2.278,-2.610169,DEF,68.6,82.0,
3653,313,S.De Koning,GEE,6,63,6,59.0,0.263,-3.054,-3.06715,DEF,59.0,82.0,
9986,696,L.Bramble,WBD,6,63,6,76.8333,0.263,-1.612,-1.8515930000000003,DEF,75.5,82.0,
554,136,J.Crisp,COL,6,70,6,73.3333,0.368,-1.895,-1.787544,MID,73.3,82.5,56.5
7667,560,O.Wines,PTA,5,70,6,93.6,0.368,-0.256,-0.29390399999999994,MID,79.0,82.5,56.5
124,107,E.Hollands,CAR,4,58,6,63.75,0.263,-2.67,-2.213695,FWD,63.8,83.0,
7929,57,D.Gardiner,BRL,5,58,6,52.0,0.263,-3.62,-3.54636,FWD,52.0,83.0,
10886,75,C.Rayner,BRL,6,58,6,79.5,0.263,-1.396,-1.192964,FWD,76.2,83.0,35.0
1453,185,N.Hind,ESS,5,57,6,30.2,0.263,-5.383,-4.8086079999999995,FWD,30.2,85.5,
4250,354,F.Callaghan,GWS,5,69,6,68.0,0.368,-2.326,-2.25608,MID,68.0,85.5,58.0
5166,411,F.Maginness,HAW,5,69,6,55.6,0.368,-3.329,-4.165096,MID,55.6,85.5,
8618,617,H.Garcia,STK,2,69,6,56.0,0.368,-3.297,-4.2342960000000005,MID,56.0,85.5,
8838,633,M.Owens,STK,6,57,6,73.6667,0.263,-1.868,-1.904031,FWD,73.7,85.5,36.0
9065,646,D.Wilson,STK,6,69,6,56.3333,0.368,-3.27,-3.47792,MID,56.3,85.5,
186,109,B.Kemp,CAR,5,62,6,74.2,0.263,-1.825,-2.0617,DEF,74.2,86.0,
2529,251,B.Walker,FRE,5,62,6,55.2,0.263,-3.361,-3.4588360000000002,DEF,55.2,86.0,
2736,260,C.Ballard,GCS,6,62,6,72.1667,0.263,-1.989,-2.3732430000000004,DEF,72.2,86.0,
2827,266,S.Collins,GCS,6,62,6,82.8333,0.263,-1.127,-1.32162,DEF,77.0,86.0,
4084,342,T.Stewart,GEE,6,62,6,97.5,0.263,0.059,0.035066999999999994,DEF,80.9,86.0,40.0
1107,167,L.Schultz,COL,6,55,6,61.6667,0.263,-2.838,-2.695454,FWD,61.7,88.0,37.0
2010,214,B.Banfield,FRE,6,55,6,75.5,0.263,-1.72,-1.828093,FWD,75.1,88.0,
6303,480,C.Comben,NTH,3,55,6,86.3333,0.263,-0.844,-0.842685,FWD,76.5,88.0,
9574,671,J.Lloyd,SYD,6,68,6,76.6667,0.368,-1.625,-1.7931759999999999,MID,75.4,88.0,59.0
2424,243,J.Sharp,FRE,6,67,6,75.1667,0.368,-1.747,-2.3405839999999998,MID,75.0,90.0,
2695,26,L.Nankervis,ADE,3,61,6,67.3333,0.263,-2.38,-2.465212,DEF,67.3,90.0,
2950,275,W.Graham,GCS,3,61,6,73.0,0.263,-1.922,-2.3351729999999997,DEF,73.0,90.0,
4694,386,C.Ward,GWS,2,67,6,50.5,0.368,-3.741,-3.321848,MID,50.5,90.0,60.5
5201,414,S.Mitchell,HAW,3,61,6,47.6667,0.263,-3.97,-4.55386,DEF,47.7,90.0,
6849,511,J.Simpkin,NTH,5,67,6,58.4,0.368,-3.102,-2.832256,MID,58.4,90.0,60.5
304,12,D.Fogarty,ADE,6,54,6,53.6667,0.263,-3.485,-3.0039730000000002,FWD,53.7,90.5,
8667,622,J.Higgins,STK,6,54,6,76.1667,0.263,-1.666,-1.58184,FWD,75.3,90.5,
1247,174,N.Cox,ESS,6,66,6,54.3333,0.368,-3.431,-4.1640559999999995,MID,54.3,92.5,
4007,337,B.Parfitt,GEE,5,66,6,85.2,0.368,-0.935,-1.779928,MID,77.2,92.5,
4851,396,M.D'Ambrosio,HAW,6,60,6,82.3333,0.263,-1.167,-1.114663,DEF,76.9,93.0,
11371,778,A.Witherden,WCE,3,60,6,53.3333,0.263,-3.512,-3.351044,DEF,53.3,93.0,41.0
11789,96,L.Cowan,CAR,1,60,6,60.0,0.263,-2.973,-3.1741949999999997,DEF,60.0,93.0,
3345,299,J.Walter,GCS,4,53,6,42.5,0.263,-4.388,-4.469267,FWD,42.5,93.5,
3677,314,O.Dempsey,GEE,6,53,6,71.6667,0.263,-2.03,-1.7272869999999998,FWD,71.7,93.5,
4615,381,J.Riccardi,GWS,6,53,6,54.8333,0.263,-3.391,-3.187175,FWD,54.8,93.5,
10312,716,B.Khamis,WBD,6,53,6,61.3333,0.263,-2.865,-2.972567,FWD,61.3,93.5,
7610,552,C.Rozee,PTA,6,65,6,108.0,0.368,0.908,0.39979200000000004,MID,83.6,94.0,62.0
3358,3,J.Borlase,ADE,3,59,6,73.3333,0.263,-1.895,-2.345782,DEF,73.3,95.5,
8539,61,R.Lester,BRL,6,59,6,67.5,0.263,-2.367,-2.444848,DEF,67.5,95.5,
691,142,J.Elliott,COL,6,52,6,65.8333,0.263,-2.501,-2.377916,FWD,65.8,96.0,
1528,189,J.Kelly,ESS,5,63,6,68.6,0.368,-2.278,-2.939296,MID,68.6,96.0,
7280,531,W.Drew,PTA,6,63,6,102.833,0.368,0.49,-0.15436799999999995,MID,82.3,96.0,
9985,696,L.Bramble,WBD,6,63,6,76.8333,0.368,-1.612,-2.150752,MID,75.5,96.0,
2984,276,N.Holman,GCS,6,51,6,51.5,0.263,-3.66,-3.474059,FWD,51.5,97.5,
3058,280,B.King,GCS,6,51,6,60.1667,0.263,-2.96,-2.826659,FWD,60.2,97.5,
3636,312,P.Dangerfield,GEE,3,62,6,89.6667,0.368,-0.574,-1.061232,MID,76.9,99.0,63.0
8524,609,R.Byrnes,STK,6,62,6,61.6667,0.368,-2.838,-3.3892640000000003,MID,61.7,99.0,
10693,735,B.Williams,WBD,6,62,6,74.1667,0.368,-1.828,-2.1290240000000002,MID,74.2,99.0,
2139,224,J.Draper,FRE,5,58,6,44.8,0.263,-4.202,-4.392149,DEF,44.8,100.0,
7057,520,A.Aliir,PTA,6,58,6,71.6667,0.263,-2.03,-2.089175,DEF,71.7,100.0,
7496,547,J.Mead,PTA,6,50,6,51.1667,0.263,-3.687,-3.314066,FWD,51.2,100.0,
7573,550,E.Ratugolea,PTA,6,58,6,59.0,0.263,-3.054,-3.3025349999999998,DEF,59.0,100.0,
7690,561,B.Zerk-Thatcher,PTA,6,58,6,63.0,0.263,-2.731,-2.912996,DEF,63.0,100.0,
7928,57,D.Gardiner,BRL,5,58,6,52.0,0.263,-3.62,-3.961637,DEF,52.0,100.0,
9614,674,T.McCartin,SYD,6,58,6,64.5,0.263,-2.609,-2.8412290000000002,DEF,64.5,100.0,
10198,708,H.Gallagher,WBD,6,50,6,48.6667,0.263,-3.89,-3.835033,FWD,48.7,100.0,
11023,758,J.Hunt,WCE,6,58,6,70.5,0.263,-2.124,-2.395416,DEF,70.5,100.0,
11339,777,J.Williams,WCE,4,50,6,41.75,0.263,-4.449,-4.063179,FWD,41.8,100.0,
1055,163,S.Pendlebury,COL,6,61,6,69.6667,0.368,-2.191,-2.001848,MID,69.7,102.0,64.0
2696,26,L.Nankervis,ADE,3,61,6,67.3333,0.368,-2.38,-2.701632,MID,67.3,102.0,
2949,275,W.Graham,GCS,3,61,6,73.0,0.368,-1.922,-2.697008,MID,73.0,102.0,
1279,176,A.Davey Jnr,ESS,3,49,6,31.3333,0.263,-5.291,-5.337814,FWD,31.3,104.0,
1452,185,N.Hind,ESS,5,57,6,30.2,0.263,-5.383,-5.220203,DEF,30.2,104.0,
4850,396,M.D'Ambrosio,HAW,6,60,6,82.3333,0.368,-1.167,-1.308312,MID,76.9,104.0,
7011,519,C.Zurhaar,NTH,5,49,6,64.0,0.263,-2.65,-2.351758,FWD,64.0,104.0,
9346,659,R.Fox,SYD,5,49,6,58.0,0.263,-3.135,-3.195753,FWD,58.0,104.0,
10104,704,S.Darcy,WBD,5,49,6,75.6,0.263,-1.712,-1.405605,FWD,75.1,104.0,
10751,741,T.Brockman,WCE,5,49,6,49.2,0.263,-3.846,-3.902282,FWD,49.2,104.0,
165,108,O.Hollands,CAR,6,59,6,51.5,0.368,-3.66,-3.853568,MID,51.5,105.0,
4315,36,B.Smith,ADE,6,55,6,75.0,0.263,-1.76,-2.2089410000000003,DEF,75.0,105.5,
6302,480,C.Comben,NTH,3,55,6,86.3333,0.263,-0.844,-1.1919490000000001,DEF,76.5,105.5,
125,107,E.Hollands,CAR,4,58,6,63.75,0.368,-2.67,-2.729248,MID,63.8,107.5,
6881,512,D.Stephens,NTH,6,58,6,51.1667,0.368,-3.687,-4.3913519999999995,MID,51.2,107.5,
10887,75,C.Rayner,BRL,6,58,6,79.5,0.368,-1.396,-1.8004319999999998,MID,76.2,107.5,65.0
11024,758,J.Hunt,WCE,6,58,6,70.5,0.368,-2.124,-2.703232,MID,70.5,107.5,
942,155,B.McCreery,COL,6,48,6,57.3333,0.263,-3.189,-3.1250910000000003,FWD,57.3,108.0,
2549,252,M.Walters,FRE,6,48,6,50.6667,0.263,-3.728,-3.7695540000000003,FWD,50.7,108.0,
9633,675,L.McDonald,SYD,6,48,6,66.3333,0.263,-2.461,-2.3681609999999997,FWD,66.3,108.0,
704,143,B.Frampton,COL,4,53,6,75.5,0.263,-1.72,-2.520046,DEF,75.1,108.5,
1154,17,C.Jones,ADE,6,53,6,65.0,0.263,-2.569,-2.9122149999999998,DEF,65.0,108.5,
4118,346,L.Aleer,GWS,1,53,6,53.0,0.263,-3.539,-3.6373619999999995,DEF,53.0,108.5,
10313,716,B.Khamis,WBD,6,53,6,61.3333,0.263,-2.865,-3.3860030000000005,DEF,61.3,108.5,
3464,304,M.Blicavs,GEE,6,56,6,71.8333,0.368,-2.016,-2.5772,MID,71.8,110.0,66.0
9433,665,W.Hayward,SYD,6,47,6,61.8333,0.263,-2.825,-2.521761,FWD,61.8,110.0,
8983,641,L.Stocker,STK,6,51,6,56.3333,0.263,-3.27,-3.6239980000000003,DEF,56.3,111.0,
1155,17,C.Jones,ADE,6,53,6,65.0,0.368,-2.569,-3.243544,MID,65.0,111.5,
1296,177,S.Draper,ESS,5,46,6,55.8,0.263,-3.313,-2.667861,FWD,55.8,111.5,38.0
3678,314,O.Dempsey,GEE,6,53,6,71.6667,0.368,-2.03,-2.30232,MID,71.7,111.5,
6666,504,B.Nyuon,NTH,2,46,6,67.5,0.263,-2.367,-2.358847,FWD,67.5,111.5,
1075,164,I.Quaynor,COL,6,50,6,65.1667,0.263,-2.555,-2.935561,DEF,65.2,112.0,42.0
2245,229,E.Hughes,FRE,6,49,6,52.6667,0.263,-3.566,-3.841098,DEF,52.7,113.5,
3004,277,B.Humphrey,GCS,5,45,6,57.6,0.263,-3.167,-3.200664,FWD,57.6,113.5,39.0
9345,659,R.Fox,SYD,5,49,6,58.0,0.263,-3.135,-3.611819,DEF,58.0,113.5,
11144,764,N.Long,WCE,6,45,6,50.0,0.263,-3.782,-3.694158,FWD,50.0,113.5,
4716,388,J.Wehr,GWS,6,52,6,57.5,0.368,-3.175,-3.7913999999999994,MID,57.5,114.0,
5468,432,J.Worpel,HAW,6,52,6,91.1667,0.368,-0.453,-0.871416,MID,79.2,114.0,67.0
6668,505,W.Phillips,NTH,1,52,6,52.0,0.368,-3.62,-3.8062080000000003,MID,52.0,114.0,
2621,256,B.Ainsworth,GCS,6,43,6,68.1667,0.263,-2.313,-2.178081,FWD,68.2,115.0,40.0
3777,323,J.Henry,GEE,6,46,6,57.5,0.263,-3.175,-3.164217,DEF,57.5,115.0,
420,127,J.Weitering,CAR,4,45,6,74.25,0.263,-1.821,-1.8891170000000002,DEF,74.2,116.0,
8007,58,E.Hipwood,BRL,6,42,6,57.0,0.263,-3.216,-2.8833050000000005,FWD,57.0,116.0,
350,122,M.Owies,CAR,6,41,6,47.0,0.263,-4.024,-3.75048,FWD,47.0,117.0,
2650,257,N.Anderson,GCS,6,50,6,107.167,0.368,0.841,0.6746639999999999,MID,83.4,117.0,68.0
7497,547,J.Mead,PTA,6,50,6,51.1667,0.368,-3.687,-3.901544,MID,51.2,117.0,
10197,708,H.Gallagher,WBD,6,50,6,48.6667,0.368,-3.89,-4.59104,MID,48.7,117.0,
672,14,W.Hamill,ADE,2,44,6,40.0,0.263,-4.59,-4.555284,DEF,40.0,117.5,
11553,81,B.Starcevich,BRL,6,44,6,59.1667,0.263,-3.04,-3.38453,DEF,59.2,117.5,
6591,50,C.Cameron,BRL,6,40,6,57.3333,0.263,-3.189,-3.0141050000000003,FWD,57.3,118.5,
9933,692,S.Wicks,SYD,4,40,6,36.75,0.263,-4.853,-4.576849999999999,FWD,36.8,118.5,
2321,238,J.O'Meara,FRE,5,47,6,36.4,0.368,-4.881,-4.499016,MID,36.4,119.0,
10457,722,J.O'Donnell,WBD,2,42,6,46.5,0.263,-4.065,-4.235424,DEF,46.5,119.0,
1346,179,X.Duursma,ESS,6,45,6,76.1667,0.368,-1.666,-1.974752,MID,75.3,120.0,
2094,22,M.Michalanney,ADE,6,41,6,61.1667,0.263,-2.879,-2.97105,DEF,61.2,120.0,
6423,486,B.Drury,NTH,2,39,6,58.5,0.263,-3.094,-3.429325,FWD,58.5,120.0,
10762,743,C.Chesser,WCE,6,44,6,41.1667,0.368,-4.496,-5.038432,MID,41.2,121.0,
4196,351,C.Brown,GWS,6,38,6,59.5,0.263,-3.014,-3.1136769999999996,FWD,59.5,121.5,
5407,43,C.Ah Chee,BRL,6,38,6,57.8333,0.263,-3.148,-2.831874,FWD,57.8,121.5,
2622,256,B.Ainsworth,GCS,6,43,6,68.1667,0.368,-2.313,-2.8469680000000004,MID,68.2,122.0,69.0
5330,424,J.Serong,HAW,1,39,6,39.0,0.263,-4.671,-4.919798,DEF,39.0,122.0,
6615,502,L.McDonald,NTH,5,39,6,60.4,0.263,-2.941,-3.005435,DEF,60.4,122.0,
8447,606,J.Battle,STK,6,39,6,76.3333,0.263,-1.652,-1.5646839999999997,DEF,75.3,122.0,
8954,64,J.Lyons,BRL,3,41,6,76.0,0.368,-1.679,-2.070552,MID,75.1,123.0,
73,104,O.Fantasia,CAR,6,37,6,33.6667,0.263,-5.102,-4.881869,FWD,33.7,124.0,
1922,21,N.McHenry,ADE,5,37,6,42.4,0.263,-4.396,-4.32499,FWD,42.4,124.0,
4038,34,L.Sholl,ADE,3,40,6,67.3333,0.368,-2.38,-2.17208,MID,67.3,124.0,
10615,732,L.Vandermeer,WBD,6,37,6,59.0,0.263,-3.054,-3.586575,DEF,59.0,124.0,
10616,732,L.Vandermeer,WBD,6,37,6,59.0,0.263,-3.054,-3.1676159999999998,FWD,59.0,124.0,
5406,43,C.Ah Chee,BRL,6,38,6,57.8333,0.368,-3.148,-3.4328320000000003,MID,57.8,125.0,
11689,90,J.Boyd,CAR,6,36,6,74.1667,0.263,-1.828,-2.340587,DEF,74.2,125.0,
6643,503,C.McKercher,NTH,6,34,6,58.5,0.263,-3.094,-2.5125070000000003,DEF,58.5,126.0,43.0
6644,503,C.McKercher,NTH,6,34,6,58.5,0.368,-3.094,-2.495632,MID,58.5,126.0,70.0
6495,489,E.Ford,NTH,6,36,6,43.1667,0.263,-4.334,-4.003146,FWD,43.2,126.5,
11189,767,J.Petruccelle,WCE,6,36,6,57.5,0.263,-3.175,-3.195777,FWD,57.5,126.5,
6562,499,C.Lazzaro,NTH,5,33,6,51.2,0.368,-3.685,-4.74484,MID,51.2,127.5,
8350,6,B.Cook,ADE,3,33,6,42.3333,0.368,-4.402,-4.79576,MID,42.3,127.5,
449,128,Z.Williams,CAR,6,33,6,66.6667,0.263,-2.434,-2.587066,DEF,66.7,128.0,44.0
3888,329,J.Kolodjashnij,GEE,5,33,6,64.0,0.263,-2.65,-2.706545,DEF,64.0,128.0,
7460,543,T.Marshall,PTA,6,35,6,65.6667,0.263,-2.515,-2.608891,FWD,65.7,128.0,
10552,73,J.Payne,BRL,5,33,6,42.4,0.263,-4.396,-4.17771,DEF,42.4,128.0,
4,1,S.Berry,ADE,5,31,6,50.4,0.368,-3.749,-3.8443120000000004,MID,50.4,129.0,
8560,610,A.Caminiti,STK,4,34,6,52.5,0.263,-3.58,-3.421937,FWD,52.5,129.0,
1954,212,J.Aish,FRE,6,29,6,78.5,0.368,-1.477,-2.476488,MID,75.9,130.5,
4659,385,H.Thomas,GWS,6,29,6,54.1667,0.368,-3.445,-4.0798,MID,54.2,130.5,
7411,539,L.Jones,PTA,6,32,6,47.5,0.263,-3.984,-4.129176,DEF,47.5,130.5,
8599,614,Z.Cordy,STK,6,32,6,49.0,0.263,-3.863,-4.225151,DEF,49.0,130.5,
448,128,Z.Williams,CAR,6,33,6,66.6667,0.263,-2.434,-2.2175510000000003,FWD,66.7,132.0,41.0
1953,212,J.Aish,FRE,6,29,6,78.5,0.263,-1.477,-2.051392,DEF,75.9,132.0,
2446,246,S.Sturt,FRE,1,33,6,33.0,0.263,-5.156,-4.596598999999999,FWD,33.0,132.0,
3800,324,O.Henry,GEE,6,33,6,59.5,0.263,-3.014,-3.0429299999999997,FWD,59.5,132.0,
6561,499,C.Lazzaro,NTH,5,33,6,51.2,0.263,-3.685,-3.8717299999999994,FWD,51.2,132.0,
8349,6,B.Cook,ADE,3,33,6,42.3333,0.263,-4.402,-4.1337399999999995,FWD,42.3,132.0,
480,130,L.Young,CAR,3,28,6,70.0,0.263,-2.164,-2.5214170000000005,DEF,70.0,133.0,
1908,207,E.Tsatas,ESS,3,28,6,45.3333,0.368,-4.159,-5.011656,MID,45.3,133.0,
2172,226,N.Erasmus,FRE,3,28,6,15.0,0.368,-6.612,-7.179088,MID,15.0,133.0,
3212,291,J.Rogers,GCS,1,28,6,28.0,0.368,-5.561,-5.913912,MID,28.0,133.0,
3326,298,B.Uwland,GCS,6,15,6,50.6667,0.263,-3.728,-3.4052990000000003,DEF,50.7,134.0,
4999,403,B.Hardwick,HAW,6,10,6,55.0,0.263,-3.377,-3.0784949999999998,DEF,55.0,135.0,
8598,614,Z.Cordy,STK,6,32,6,49.0,0.263,-3.863,-3.802247,FWD,49.0,135.0,
4561,378,J.Peatling,GWS,4,27,6,35.75,0.368,-4.934,-4.523312000000001,MID,35.8,136.0,
4660,385,H.Thomas,GWS,6,29,6,54.1667,0.263,-3.445,-3.3547909999999996,FWD,54.2,136.0,
6439,487,Z.Duursma,NTH,6,27,6,42.5,0.368,-4.388,-5.28224,MID,42.5,136.0,
8744,626,Z.Jones,STK,4,27,6,43.5,0.368,-4.307,-4.2978000000000005,MID,43.5,136.0,
9260,654,B.Campbell,SYD,6,1,6,49.1667,0.263,-3.849,-4.121205,DEF,49.2,136.0,
1909,207,E.Tsatas,ESS,3,28,6,45.3333,0.263,-4.159,-4.199239,FWD,45.3,137.5,
2173,226,N.Erasmus,FRE,3,28,6,15.0,0.263,-6.612,-6.415802,FWD,15.0,137.5,
11714,91,J.Carroll,CAR,6,26,6,53.6667,0.368,-3.485,-4.501784,MID,53.7,138.0,
4531,377,X.O'Halloran,GWS,6,25,6,48.6667,0.368,-3.89,-4.360672,MID,48.7,139.0,
3208,290,E.Read,GCS,3,27,6,41.6667,0.263,-4.456,-4.422599,FWD,41.7,140.0,
4562,378,J.Peatling,GWS,4,27,6,35.75,0.263,-4.934,-4.122908,FWD,35.8,140.0,
5038,404,H.Hustwaite,HAW,4,20,6,25.0,0.368,-5.803,-6.592727999999999,MID,25.0,140.0,
6438,487,Z.Duursma,NTH,6,27,6,42.5,0.263,-4.388,-4.451383,FWD,42.5,140.0,
10526,726,R.Sanders,WBD,6,15,6,60.3333,0.368,-2.946,-3.3625760000000002,MID,60.3,141.0,71.0
3579,308,J.Clark,GEE,6,11,6,30.3333,0.368,-5.372,-5.604208,MID,30.3,142.0,
11713,91,J.Carroll,CAR,6,26,6,53.6667,0.263,-3.485,-3.647008,FWD,53.7,142.0,
3291,296,D.Swallow,GCS,6,7,6,33.6667,0.368,-5.102,-5.460432,MID,33.7,143.0,
4532,377,X.O'Halloran,GWS,6,25,6,48.6667,0.263,-3.89,-3.682756,FWD,48.7,143.0,
8865,635,M.Phillipou,STK,6,18,6,49.6667,0.263,-3.809,-3.4739380000000004,FWD,49.7,144.0,42.0
11275,773,D.Sheed,WCE,1,4,6,4.0,0.368,-7.501,-6.942744000000001,MID,4.0,144.0,72.0
7593,551,W.Rioli,PTA,6,16,6,50.8333,0.263,-3.714,-3.343696,FWD,50.8,145.0,
9259,654,B.Campbell,SYD,6,1,6,49.1667,0.368,-3.849,-4.416824,MID,49.2,145.0,
476,13,L.Gollant,ADE,3,15,6,21.0,0.263,-6.127,-6.114376,FWD,21.0,146.5,
10527,726,R.Sanders,WBD,6,15,6,60.3333,0.263,-2.946,-2.720872,FWD,60.3,146.5,43.0
957,156,R.McInnes,COL,4,11,6,39.0,0.263,-4.671,-4.63155,FWD,39.0,148.0,
5000,403,B.Hardwick,HAW,6,10,6,55.0,0.263,-3.377,-2.7276529999999997,FWD,55.0,149.5,
8506,608,D.Butler,STK,4,10,6,22.5,0.263,-6.005,-5.541067999999999,FWD,22.5,149.5,
3292,296,D.Swallow,GCS,6,7,6,33.6667,0.263,-5.102,-4.79692,FWD,33.7,151.0,
11474,787,T.Sellers,NTH,2,6,6,4.5,0.263,-7.461,-7.501502,FWD,4.5,152.0,
7477,545,J.McEntee,PTA,5,5,6,26.6,0.263,-5.674,-5.370498,FWD,26.6,153.0,
1988,213,J.Amiss,FRE,6,0,6,47.6667,0.263,-3.97,-3.690957,FWD,47.7,154.0,
1678,194,A.McGrath,ESS,7,146,7,106.571,0.263,0.793,0.540783,DEF,84.6,1.0,1.0
4335,362,T.Green,GWS,7,159,7,120.429,0.368,1.913,1.3473840000000001,MID,88.8,1.0,1.0
5215,415,D.Moore,HAW,7,136,7,87.5714,0.263,-0.744,-0.23246500000000003,FWD,78.8,1.0,1.0
5616,443,M.Gawn,MEL,7,162,7,136.143,0.105,3.184,3.0688150000000003,RUC,93.6,1.0,1.0
2651,257,N.Anderson,GCS,7,151,7,113.429,0.368,1.347,0.994456,MID,86.7,2.0,2.0
3399,301,J.Witts,GCS,6,155,7,111.5,0.105,1.191,1.1066850000000001,RUC,84.5,2.0,2.0
3558,307,J.Cameron,GEE,7,126,7,94.8571,0.263,-0.154,-0.076941,FWD,81.0,2.0,2.0
9320,658,O.Florent,SYD,7,140,7,91.5714,0.263,-0.42,-0.8039799999999999,DEF,80.0,2.0,
3936,331,G.Miers,GEE,7,125,7,92.2857,0.263,-0.362,-0.344379,FWD,80.3,3.0,3.0
7638,556,J.Sweet,PTA,2,136,7,102.0,0.105,0.423,0.209955,RUC,77.3,3.0,
11399,779,E.Yeo,WCE,7,138,7,117.857,0.263,1.705,1.470404,DEF,88.0,3.0,2.0
1816,20,R.Laird,ADE,7,149,7,110.571,0.368,1.116,0.7524160000000001,MID,85.8,3.5,3.5
3162,286,T.Miller,GCS,7,149,7,118.143,0.368,1.728,1.079952,MID,88.1,3.5,3.5
9464,666,I.Heeney,SYD,7,120,7,134.143,0.263,3.022,3.016214,FWD,93.0,4.0,4.0
10053,702,B.Dale,WBD,7,132,7,92.7143,0.263,-0.328,-0.213858,DEF,80.4,4.0,3.0
10147,706,T.English,WBD,7,134,7,114.857,0.105,1.463,1.35149,RUC,87.1,4.0,3.0
624,138,N.Daicos,COL,7,128,7,113.571,0.263,1.359,1.5541459999999998,DEF,86.7,5.0,4.0
2209,228,N.Fyfe,FRE,7,119,7,90.2857,0.263,-0.524,-0.7804250000000001,FWD,79.7,5.0,5.0
2402,242,C.Serong,FRE,7,140,7,128.143,0.368,2.537,2.084728,MID,91.2,5.0,5.0
8173,590,T.Nankervis,RIC,6,120,7,107.667,0.105,0.881,0.8551700000000001,RUC,83.5,5.0,4.0
370,123,M.Pittonet,CAR,3,112,7,86.6667,0.105,-0.817,-0.8881899999999999,RUC,76.5,6.0,5.0
4728,389,L.Whitfield,GWS,7,125,7,108.0,0.263,0.908,1.05265,DEF,85.0,6.0,5.0
11296,775,J.Waterman,WCE,7,116,7,97.0,0.263,0.019,-0.034126,FWD,81.7,6.0,
11400,779,E.Yeo,WCE,7,138,7,117.857,0.368,1.705,1.149688,MID,88.0,6.0,6.0
1639,193,N.Martin,ESS,7,124,7,109.0,0.263,0.989,0.949287,DEF,85.3,7.0,6.0
2122,221,S.Darcy,FRE,2,107,7,104.5,0.105,0.625,0.49448499999999995,RUC,77.6,7.0,6.0
3234,293,M.Rowell,GCS,7,136,7,131.0,0.368,2.768,1.72104,MID,92.0,7.0,7.0
3597,31,I.Rankine,ADE,7,113,7,93.2857,0.263,-0.282,0.08462200000000009,FWD,80.6,7.0,6.0
1588,190,K.Langford,ESS,7,106,7,79.0,0.263,-1.437,-1.225285,FWD,76.2,8.0,7.0
1955,212,J.Aish,FRE,7,122,7,84.7143,0.263,-0.975,-1.6814179999999999,DEF,78.0,8.0,
5184,413,L.Meek,HAW,5,106,7,100.4,0.105,0.294,0.25556999999999996,RUC,80.5,8.0,
9908,690,C.Warner,SYD,7,135,7,104.286,0.368,0.608,0.421056,MID,83.9,8.0,8.0
2914,273,S.Flanders,GCS,7,105,7,115.714,0.263,1.532,1.974892,FWD,87.4,9.0,8.0
4499,372,J.Kelly,GWS,7,130,7,107.429,0.368,0.862,0.43401600000000007,MID,84.9,9.0,9.0
5713,450,J.Lever,MEL,7,121,7,80.4286,0.263,-1.321,-1.706032,DEF,76.7,9.0,7.0
6990,518,T.Xerri,NTH,7,103,7,108.286,0.105,0.931,1.00555,RUC,85.1,9.0,7.0
9697,677,H.McLean,SYD,7,97,7,68.2857,0.105,-2.303,-2.453045,RUC,68.3,10.0,8.0
10861,749,L.Duggan,WCE,7,119,7,96.7143,0.263,-0.004,-0.300927,DEF,81.6,10.0,8.0
11643,87,B.Acres,CAR,7,129,7,99.1429,0.368,0.192,-0.25328,MID,82.3,10.0,10.0
2011,214,B.Banfield,FRE,7,104,7,79.5714,0.263,-1.391,-1.58562,FWD,76.4,10.5,
8351,6,B.Cook,ADE,4,104,7,57.75,0.263,-3.155,-3.214701,FWD,57.8,10.5,
625,138,N.Daicos,COL,7,128,7,113.571,0.368,1.359,1.3958,MID,86.7,11.0,11.0
4175,350,K.Briggs,GWS,7,85,7,88.7143,0.105,-0.651,-0.674205,RUC,79.2,11.0,9.0
7171,524,J.Burgoyne,PTA,6,117,7,69.3333,0.263,-2.218,-2.100965,DEF,69.3,11.0,
9388,662,B.Grundy,SYD,7,83,7,108.143,0.105,0.92,0.85028,RUC,85.1,12.0,10.0
11839,99,C.Curnow,CAR,7,103,7,96.1429,0.263,-0.051,-0.102285,FWD,81.4,12.0,9.0
1738,197,Z.Merrett,ESS,7,127,7,124.286,0.368,2.225,1.8713520000000001,MID,90.0,12.5,12.5
4392,367,H.Himmelberg,GWS,7,116,7,85.8571,0.263,-0.882,-0.806782,DEF,78.3,12.5,9.5
5730,451,S.May,MEL,6,116,7,87.1667,0.263,-0.776,-0.7502260000000001,DEF,78.2,12.5,9.5
11668,9,J.Dawson,ADE,7,127,7,100.571,0.368,0.308,0.166688,MID,82.8,12.5,12.5
42,100,T.De Koning,CAR,7,82,7,92.7143,0.105,-0.328,-0.322435,RUC,80.4,13.0,11.0
5105,41,T.Walker,ADE,6,102,7,77.0,0.263,-1.598,-1.689787,FWD,75.5,13.5,10.0
9664,676,J.McInerney,SYD,7,102,7,82.1429,0.263,-1.183,-0.9386730000000001,FWD,77.2,13.5,
1759,198,D.Parish,ESS,5,125,7,84.4,0.368,-1.0,-1.140944,MID,77.0,14.0,14.0
2874,27,R.O'Brien,ADE,7,77,7,82.4286,0.105,-1.159,-1.1565850000000002,RUC,77.3,14.0,12.0
8918,639,J.Sinclair,STK,6,113,7,94.3333,0.263,-0.197,0.208546,DEF,80.0,14.0,11.0
1638,193,N.Martin,ESS,7,124,7,109.0,0.368,0.989,0.706376,MID,85.3,15.0,15.0
2261,230,L.Jackson,FRE,7,76,7,102.571,0.105,0.469,0.31402,RUC,83.4,15.0,13.0
3829,325,M.Holmes,GEE,7,109,7,97.4286,0.263,0.053,0.096658,DEF,81.8,15.0,12.0
6111,471,D.Turner,MEL,1,101,7,101.0,0.263,0.342,-0.7799579999999999,FWD,76.1,15.0,
1203,173,J.Caldwell,ESS,7,100,7,92.7143,0.263,-0.328,-0.019764000000000004,FWD,80.4,16.0,11.0
1956,212,J.Aish,FRE,7,122,7,84.7143,0.368,-0.975,-2.1592239999999996,MID,78.0,16.0,
6807,509,H.Sheezel,NTH,7,108,7,124.571,0.263,2.248,2.230642,DEF,90.1,16.0,13.0
8126,588,B.Miller,RIC,5,75,7,79.8,0.105,-1.372,-1.571815,RUC,76.0,16.0,
817,15,E.Himmelberg,ADE,1,98,7,98.0,0.263,0.1,-0.6787430000000001,FWD,76.0,17.0,
1297,177,S.Draper,ESS,6,71,7,58.3333,0.105,-3.108,-3.0912,RUC,58.3,17.0,14.0
1432,184,D.Heppell,ESS,7,107,7,98.0,0.263,0.1,-0.172205,DEF,82.0,17.5,
7390,537,D.Houston,PTA,7,107,7,114.571,0.263,1.44,1.3303289999999999,DEF,87.0,17.5,14.0
7430,54,J.Dunkley,BRL,7,120,7,110.286,0.368,1.093,1.025288,MID,85.7,17.5,16.5
9463,666,I.Heeney,SYD,7,120,7,134.143,0.368,3.022,2.4313599999999997,MID,93.0,17.5,16.5
7662,56,D.Fort,BRL,2,70,7,50.5,0.105,-3.741,-3.936825,RUC,50.5,18.0,
9698,677,H.McLean,SYD,7,97,7,68.2857,0.263,-2.303,-2.110221,FWD,68.3,18.0,12.0
2208,228,N.Fyfe,FRE,7,119,7,90.2857,0.368,-0.524,-1.59672,MID,79.7,19.0,18.0
2379,241,L.Ryan,FRE,7,106,7,124.714,0.263,2.26,2.202666,DEF,90.1,19.0,15.0
8292,595,M.Rioli,RIC,6,96,7,63.1667,0.263,-2.717,-2.757765,FWD,63.2,19.0,
8772,629,R.Marshall,STK,7,63,7,99.0,0.105,0.181,0.24799,RUC,82.3,19.0,15.0
494,133,D.Cameron,COL,7,54,7,90.4286,0.105,-0.513,-0.44853000000000004,RUC,79.7,20.0,16.0
5340,425,J.Sicily,HAW,7,105,7,92.4286,0.263,-0.351,-0.20635,DEF,80.3,20.0,16.0
7170,524,J.Burgoyne,PTA,6,117,7,69.3333,0.368,-2.218,-2.2628959999999996,MID,69.3,20.0,
7719,562,L.Baker,RIC,6,95,7,86.8333,0.263,-0.803,-0.658876,FWD,78.1,20.0,13.0
4028,339,R.Stanley,GEE,5,52,7,68.2,0.105,-2.31,-2.43852,RUC,68.2,21.0,
11811,97,P.Cripps,CAR,7,116,7,112.571,0.368,1.278,1.093264,MID,86.4,21.0,19.0
421,127,J.Weitering,CAR,5,104,7,80.2,0.263,-1.34,-1.53462,DEF,76.1,21.5,
1013,160,D.Moore,COL,7,104,7,77.4286,0.263,-1.564,-1.759146,DEF,75.7,21.5,17.0
1565,19,B.Keays,ADE,7,94,7,68.0,0.263,-2.326,-1.813413,FWD,68.0,21.5,14.0
1887,206,J.Stringer,ESS,7,94,7,66.7143,0.263,-2.43,-2.335583,FWD,66.7,21.5,
3465,304,M.Blicavs,GEE,7,49,7,68.5714,0.105,-2.28,-2.435295,RUC,68.6,22.5,17.0
11342,777,J.Williams,WCE,5,49,7,43.2,0.105,-4.332,-4.432799999999999,RUC,43.2,22.5,
277,115,H.McKay,CAR,7,93,7,103.0,0.263,0.504,0.412739,FWD,83.5,23.0,15.0
3188,289,W.Powell,GCS,7,103,7,91.1429,0.263,-0.455,-0.565986,DEF,79.9,23.0,18.0
4251,354,F.Callaghan,GWS,6,114,7,75.6667,0.368,-1.706,-1.8642400000000001,MID,75.2,23.0,20.5
7281,531,W.Drew,PTA,7,114,7,104.429,0.368,0.62,-0.07220799999999994,MID,84.0,23.0,
9411,663,E.Gulden,SYD,7,114,7,107.0,0.368,0.827,0.715128,MID,84.7,23.0,20.5
7594,551,W.Rioli,PTA,7,91,7,56.5714,0.263,-3.25,-3.001728,FWD,56.6,24.0,
8160,589,S.Naismith,RIC,2,44,7,68.5,0.105,-2.286,-2.52309,RUC,68.5,24.0,
6645,503,C.McKercher,NTH,7,102,7,64.7143,0.263,-2.592,-2.1425330000000002,DEF,64.7,24.5,19.5
9037,645,C.Wilkie,STK,7,102,7,83.5714,0.263,-1.067,-0.9299769999999999,DEF,77.6,24.5,19.5
524,135,M.Cox,COL,7,41,7,60.4286,0.105,-2.938,-3.14548,RUC,60.4,25.0,
8919,639,J.Sinclair,STK,6,113,7,94.3333,0.368,-0.197,0.13935199999999998,MID,80.0,25.0,22.0
4062,340,T.Stengle,GEE,7,90,7,79.5714,0.263,-1.391,-1.329984,FWD,76.4,25.5,
7264,530,C.Dixon,PTA,6,90,7,82.0,0.263,-1.194,-1.1172039999999999,FWD,76.8,25.5,16.0
1383,180,T.Goldstein,ESS,7,36,7,59.7143,0.105,-2.996,-3.056165,RUC,59.7,26.0,18.0
6388,483,L.Davies-Uniacke,NTH,7,112,7,97.2857,0.368,0.042,0.261328,MID,81.8,26.0,23.0
5294,42,J.Worrell,ADE,7,101,7,89.5714,0.263,-0.582,-0.7568950000000001,DEF,79.4,26.5,
6110,471,D.Turner,MEL,1,101,7,101.0,0.263,0.342,-1.210752,DEF,76.1,26.5,
214,110,M.Kennedy,CAR,7,89,7,81.1429,0.263,-1.263,-1.132815,FWD,76.9,27.0,
11316,776,B.Williams,WCE,7,23,7,69.2857,0.105,-2.222,-2.37866,RUC,69.3,27.0,
7668,560,O.Wines,PTA,6,110,7,96.3333,0.368,-0.035,-0.15423199999999998,MID,80.6,27.5,24.0
7950,574,T.Dow,RIC,7,110,7,60.4286,0.368,-2.938,-3.480432,MID,60.4,27.5,
5571,44,H.Andrews,BRL,7,99,7,96.7143,0.263,-0.004,-0.37456700000000004,DEF,81.6,28.5,21.5
7318,533,K.Farrell,PTA,7,99,7,82.8571,0.263,-1.125,-1.223099,DEF,77.4,28.5,21.5
9066,646,D.Wilson,STK,7,88,7,60.8571,0.263,-2.904,-2.6310059999999997,FWD,60.9,28.5,
10105,704,S.Darcy,WBD,6,88,7,77.6667,0.263,-1.545,-1.282526,FWD,75.7,28.5,
3828,325,M.Holmes,GEE,7,109,7,97.4286,0.368,0.053,-0.10892000000000002,MID,81.8,29.5,25.0
4039,34,L.Sholl,ADE,4,109,7,77.75,0.368,-1.538,-1.639936,MID,75.5,29.5,
9232,652,N.Blakey,SYD,7,98,7,105.714,0.263,0.723,0.546264,DEF,84.3,30.0,23.0
11190,767,J.Petruccelle,WCE,7,86,7,61.5714,0.263,-2.846,-2.953304,FWD,61.6,30.0,
1056,163,S.Pendlebury,COL,7,106,7,74.8571,0.368,-1.772,-1.73704,MID,74.9,31.0,26.0
9575,671,J.Lloyd,SYD,7,97,7,79.5714,0.263,-1.391,-1.422297,DEF,76.4,31.0,24.0
126,107,E.Hollands,CAR,5,85,7,68.0,0.263,-2.326,-1.960167,FWD,68.0,31.5,
4197,351,C.Brown,GWS,7,85,7,63.1429,0.263,-2.719,-2.8962619999999997,FWD,63.1,31.5,
2913,273,S.Flanders,GCS,7,105,7,115.714,0.368,1.532,1.575424,MID,87.4,32.0,27.0
7086,522,M.Bergman,PTA,7,96,7,79.5714,0.263,-1.391,-1.555375,DEF,76.4,32.5,
8540,61,R.Lester,BRL,7,96,7,71.5714,0.263,-2.037,-2.201638,DEF,71.6,32.5,
400,126,S.Walsh,CAR,3,104,7,133.333,0.368,2.957,2.0749039999999996,MID,82.6,34.0,28.0
3542,306,T.Bruhn,GEE,6,104,7,80.8333,0.368,-1.288,-1.93384,MID,76.5,34.0,
3801,324,O.Henry,GEE,7,84,7,63.0,0.263,-2.731,-2.834359,FWD,63.0,34.0,
7129,523,T.Boak,PTA,5,84,7,70.4,0.263,-2.132,-1.7311880000000002,FWD,70.4,34.0,
8352,6,B.Cook,ADE,4,104,7,57.75,0.368,-3.155,-4.007656,MID,57.8,34.0,
8839,633,M.Owens,STK,7,84,7,75.1429,0.263,-1.749,-1.816328,FWD,75.0,34.0,17.0
7718,562,L.Baker,RIC,6,95,7,86.8333,0.263,-0.803,-0.9928859999999999,DEF,78.1,34.5,25.5
8417,603,N.Vlastuin,RIC,7,95,7,105.857,0.263,0.735,0.3865249999999999,DEF,84.4,34.5,25.5
2033,215,A.Brayshaw,FRE,7,103,7,106.143,0.368,0.758,0.739968,MID,84.5,36.0,29.0
4564,378,J.Peatling,GWS,5,83,7,45.2,0.263,-4.17,-3.5598400000000003,FWD,45.2,36.0,
2577,255,H.Young,FRE,7,94,7,95.7143,0.263,-0.085,0.056757,DEF,81.3,36.5,27.5
5961,462,T.Rivers,MEL,7,94,7,83.0,0.263,-1.113,-1.123257,DEF,77.4,36.5,27.5
2490,249,J.Treacy,FRE,7,81,7,80.8571,0.263,-1.287,-0.9679809999999999,FWD,76.8,38.0,
3059,280,B.King,GCS,7,81,7,63.1429,0.263,-2.719,-2.6490419999999997,FWD,63.1,38.0,
6646,503,C.McKercher,NTH,7,102,7,64.7143,0.368,-2.592,-2.178368,MID,64.7,38.0,30.5
7242,527,D.Byrne-Jones,PTA,7,81,7,70.0,0.263,-2.164,-2.12455,FWD,70.0,38.0,
9663,676,J.McInerney,SYD,7,102,7,82.1429,0.368,-1.183,-1.5186160000000002,MID,77.2,38.0,
9958,695,M.Bontempelli,WBD,7,102,7,116.143,0.368,1.567,1.8735439999999999,MID,87.5,38.0,30.5
10283,714,L.Jones,WBD,7,93,7,71.8571,0.263,-2.014,-2.2146689999999998,DEF,71.9,38.0,
799,147,J.Howe,COL,6,92,7,75.6667,0.263,-1.706,-1.693376,DEF,75.2,40.0,
1034,162,J.Noble,COL,5,92,7,74.4,0.263,-1.809,-1.847398,DEF,74.4,40.0,
1204,173,J.Caldwell,ESS,7,100,7,92.7143,0.368,-0.328,-0.542544,MID,80.4,40.0,32.0
7864,567,N.Broad,RIC,6,92,7,72.8333,0.263,-1.935,-2.242973,DEF,72.8,40.0,
3213,291,J.Rogers,GCS,2,98,7,63.0,0.368,-2.731,-4.1253519999999995,MID,63.0,41.0,
4534,377,X.O'Halloran,GWS,7,80,7,53.1429,0.263,-3.528,-3.415962,FWD,53.1,41.0,
6440,487,Z.Duursma,NTH,7,80,7,47.8571,0.263,-3.955,-4.132262,FWD,47.9,41.0,
9934,692,S.Wicks,SYD,5,80,7,45.4,0.263,-4.154,-4.061687,FWD,45.4,41.0,
3743,320,Z.Guthrie,GEE,7,91,7,83.5714,0.263,-1.067,-1.148793,DEF,77.6,42.5,
7367,536,J.Horne-Francis,PTA,5,97,7,104.0,0.368,0.585,0.249016,MID,81.3,42.5,33.5
7574,550,E.Ratugolea,PTA,7,91,7,63.5714,0.263,-2.684,-3.0298450000000003,DEF,63.6,42.5,
9576,671,J.Lloyd,SYD,7,97,7,79.5714,0.368,-1.391,-1.6452879999999999,MID,76.4,42.5,33.5
5314,423,J.Scrimshaw,HAW,7,90,7,84.5714,0.263,-0.986,-1.136699,DEF,77.9,44.0,29.0
5469,432,J.Worpel,HAW,7,96,7,91.8571,0.368,-0.397,-0.836024,MID,80.1,44.5,35.0
7035,52,J.Daniher,BRL,7,79,7,82.2857,0.263,-1.171,-0.890905,FWD,77.2,44.5,19.0
7087,522,M.Bergman,PTA,7,96,7,79.5714,0.368,-1.391,-1.828184,MID,76.4,44.5,
9505,667,J.Jordon,SYD,7,79,7,77.4286,0.263,-1.564,-1.579517,FWD,75.7,44.5,19.0
9634,675,L.McDonald,SYD,7,79,7,68.1429,0.263,-2.315,-2.2605589999999998,FWD,68.1,44.5,
10377,719,J.Macrae,WBD,5,79,7,77.0,0.263,-1.598,-1.4825430000000002,FWD,75.4,44.5,19.0
4210,352,J.Buckley,GWS,7,89,7,78.5714,0.263,-1.471,-1.603552,DEF,76.1,45.5,
11171,766,J.McGovern,WCE,7,89,7,106.714,0.263,0.804,0.9560140000000001,DEF,84.7,45.5,
2578,255,H.Young,FRE,7,94,7,95.7143,0.368,-0.085,-0.111128,MID,81.3,46.5,36.5
10568,730,A.Treloar,WBD,7,94,7,110.286,0.368,1.093,1.2056079999999998,MID,85.7,46.5,36.5
450,128,Z.Williams,CAR,7,78,7,68.2857,0.263,-2.303,-2.121004,FWD,68.3,47.5,21.5
5130,410,C.Mackenzie,HAW,7,78,7,65.2857,0.263,-2.546,-2.477883,FWD,65.3,47.5,21.5
2952,275,W.Graham,GCS,4,87,7,76.5,0.263,-1.639,-2.126602,DEF,75.3,48.0,
3718,315,M.Duncan,GEE,6,87,7,82.5,0.263,-1.154,-1.354932,DEF,77.0,48.0,30.0
5643,445,B.Howes,MEL,7,87,7,63.4286,0.263,-2.696,-3.052102,DEF,63.4,48.0,
5878,459,C.Petracca,MEL,7,93,7,108.857,0.368,0.978,0.631344,MID,85.3,48.0,38.0
10443,721,A.Naughton,WBD,7,77,7,82.2857,0.263,-1.171,-1.222548,FWD,77.2,49.0,23.0
4105,343,Z.Tuohy,GEE,5,92,7,70.2,0.368,-2.148,-2.744896,MID,70.2,49.5,
5661,448,E.Langdon,MEL,7,92,7,78.2857,0.368,-1.494,-1.795024,MID,76.0,49.5,
8270,594,D.Rioli,RIC,7,86,7,91.7143,0.263,-0.409,-0.41399699999999995,DEF,80.1,50.5,31.0
9737,678,L.Melican,SYD,7,86,7,54.4286,0.263,-3.424,-3.742756,DEF,54.4,50.5,
305,12,D.Fogarty,ADE,7,76,7,56.8571,0.263,-3.227,-2.813827,FWD,56.9,51.0,
2262,230,L.Jackson,FRE,7,76,7,102.571,0.263,0.469,0.581564,FWD,83.4,51.0,24.0
4662,385,H.Thomas,GWS,7,76,7,57.2857,0.263,-3.193,-3.169067,FWD,57.3,51.0,
4461,37,J.Soligo,ADE,7,91,7,80.1429,0.368,-1.344,-1.591296,MID,76.6,52.0,
6281,48,J.Berry,BRL,7,91,7,84.0,0.368,-1.032,-1.384176,MID,77.7,52.0,
7611,552,C.Rozee,PTA,7,91,7,105.571,0.368,0.712,0.27592,MID,84.3,52.0,39.0
10781,744,T.Cole,WCE,7,85,7,67.4286,0.263,-2.372,-2.565305,DEF,67.4,52.0,
2072,218,J.Clark,FRE,7,83,7,101.714,0.263,0.4,0.503359,DEF,83.1,53.5,32.0
10922,750,H.Edwards,WCE,1,83,7,83.0,0.263,-1.113,-1.9448689999999997,DEF,75.3,53.5,
3125,283,J.Lukosius,GCS,7,75,7,77.8571,0.263,-1.529,-1.56582,FWD,75.9,54.5,
4478,370,D.Jones,GWS,1,75,7,75.0,0.263,-1.76,-1.7912970000000001,FWD,75.0,54.5,
5694,45,N.Answerth,BRL,6,75,7,74.5,0.263,-1.801,-2.0266539999999997,FWD,74.5,54.5,
8125,588,B.Miller,RIC,5,75,7,79.8,0.263,-1.372,-1.3151920000000001,FWD,76.0,54.5,
215,110,M.Kennedy,CAR,7,89,7,81.1429,0.368,-1.263,-1.7734159999999999,MID,76.9,55.0,
6971,517,G.Wardlaw,NTH,6,89,7,76.6667,0.368,-1.625,-1.6757839999999997,MID,75.4,55.0,40.5
9873,686,J.Rowbottom,SYD,7,89,7,95.0,0.368,-0.143,-0.40428,MID,81.1,55.0,40.5
328,120,N.Newman,CAR,7,82,7,88.2857,0.263,-0.686,-0.38249800000000006,DEF,79.0,56.0,33.5
8230,593,H.Ralphsmith,RIC,2,82,7,63.5,0.263,-2.69,-3.19233,DEF,63.5,56.0,
9000,643,N.Wanganeen-Milera,STK,7,82,7,95.7143,0.263,-0.085,0.04465899999999999,DEF,81.3,56.0,33.5
9067,646,D.Wilson,STK,7,88,7,60.8571,0.368,-2.904,-3.246608,MID,60.9,57.5,
10694,735,B.Williams,WBD,7,88,7,76.1429,0.368,-1.668,-2.027904,MID,75.3,57.5,
920,154,B.Maynard,COL,7,81,7,95.0,0.263,-0.143,-0.624816,DEF,81.1,58.0,35.0
3372,30,J.Rachele,ADE,7,73,7,61.1429,0.263,-2.881,-2.650875,FWD,61.1,58.5,26.0
5938,461,K.Pickett,MEL,5,73,7,72.4,0.263,-1.97,-1.7417159999999998,FWD,72.4,58.5,26.0
9434,665,W.Hayward,SYD,7,73,7,63.4286,0.263,-2.696,-2.426688,FWD,63.4,58.5,
10888,75,C.Rayner,BRL,7,73,7,78.5714,0.263,-1.471,-1.248239,FWD,76.1,58.5,26.0
2951,275,W.Graham,GCS,4,87,7,76.5,0.368,-1.639,-2.5181519999999997,MID,75.3,59.0,
3506,305,J.Bowes,GEE,5,80,7,86.6,0.263,-0.822,-0.979011,DEF,77.5,60.0,
4767,390,K.Amon,HAW,7,80,7,88.0,0.263,-0.709,-0.6684979999999999,DEF,79.0,60.0,36.0
9839,685,M.Roberts,SYD,7,80,7,87.7143,0.263,-0.732,-0.985269,DEF,78.9,60.0,
127,107,E.Hollands,CAR,5,85,7,68.0,0.368,-2.326,-2.5118400000000003,MID,68.0,61.0,
1347,179,X.Duursma,ESS,7,85,7,77.4286,0.368,-1.564,-1.910288,MID,75.7,61.0,
10029,7,M.Crouch,ADE,6,85,7,104.167,0.368,0.598,0.477664,MID,82.6,61.0,42.0
1298,177,S.Draper,ESS,6,71,7,58.3333,0.263,-3.108,-2.5167759999999997,FWD,58.3,62.0,28.0
2859,268,S.Day,GCS,1,71,7,71.0,0.263,-2.084,-1.904897,FWD,71.0,62.0,
4616,381,J.Riccardi,GWS,7,71,7,57.1429,0.263,-3.204,-3.049356,FWD,57.1,62.0,
10486,725,E.Richards,WBD,6,79,7,82.1667,0.263,-1.181,-0.8275279999999999,DEF,76.9,62.0,37.0
7128,523,T.Boak,PTA,5,84,7,70.4,0.368,-2.132,-2.259328,MID,70.4,63.0,
451,128,Z.Williams,CAR,7,78,7,68.2857,0.263,-2.303,-2.490519,DEF,68.3,64.0,38.0
2828,266,S.Collins,GCS,7,78,7,82.1429,0.263,-1.183,-1.362892,DEF,77.2,64.0,
7412,539,L.Jones,PTA,7,78,7,51.8571,0.263,-3.632,-3.869752,DEF,51.9,64.0,
4563,378,J.Peatling,GWS,5,83,7,45.2,0.368,-4.17,-4.040464,MID,45.2,64.5,
4695,386,C.Ward,GWS,3,83,7,61.3333,0.368,-2.865,-2.768216,MID,61.3,64.5,43.0
5834,457,A.Neal-Bullen,MEL,7,70,7,82.2857,0.263,-1.171,-0.861712,FWD,77.2,64.5,29.0
7661,56,D.Fort,BRL,2,70,7,50.5,0.263,-3.741,-3.616075,FWD,50.5,64.5,
11690,90,J.Boyd,CAR,7,77,7,74.5714,0.263,-1.795,-2.3162659999999997,DEF,74.6,66.0,
3005,277,B.Humphrey,GCS,6,69,7,59.5,0.263,-3.014,-3.087903,FWD,59.5,67.5,30.0
3733,319,C.Guthrie,GEE,1,82,7,82.0,0.368,-1.194,-2.196064,MID,75.3,67.5,
5002,403,B.Hardwick,HAW,7,69,7,57.0,0.263,-3.216,-2.6089960000000003,FWD,57.0,67.5,
5857,458,C.Oliver,MEL,7,82,7,82.5714,0.368,-1.148,-1.4416639999999998,MID,77.3,67.5,44.5
6197,475,C.Windsor,MEL,7,69,7,56.2857,0.263,-3.273,-3.043927,FWD,56.3,67.5,
7012,519,C.Zurhaar,NTH,6,69,7,64.8333,0.263,-2.582,-2.3016419999999997,FWD,64.8,67.5,
7219,526,Z.Butters,PTA,7,82,7,121.143,0.368,1.971,1.9051280000000002,MID,89.0,67.5,44.5
8231,593,H.Ralphsmith,RIC,2,82,7,63.5,0.368,-2.69,-3.582032,MID,63.5,67.5,
9111,647,M.Windhager,STK,6,76,7,77.5,0.263,-1.558,-1.846511,DEF,75.7,67.5,
10996,757,B.Hough,WCE,7,76,7,57.0,0.263,-3.216,-3.3122580000000004,DEF,57.0,67.5,
3124,283,J.Lukosius,GCS,7,75,7,77.8571,0.263,-1.529,-1.936913,DEF,75.9,70.0,
3637,312,P.Dangerfield,GEE,4,81,7,87.5,0.368,-0.749,-1.171832,MID,77.2,70.0,46.0
4594,379,H.Perryman,GWS,6,75,7,75.5,0.263,-1.72,-1.8015299999999999,DEF,75.1,70.0,
5693,45,N.Answerth,BRL,6,75,7,74.5,0.263,-1.801,-2.423784,DEF,74.5,70.0,
850,151,P.Lipinski,COL,7,68,7,78.2857,0.263,-1.494,-1.334359,FWD,76.0,70.5,31.5
9171,649,T.Adams,SYD,3,68,7,84.0,0.263,-1.032,-1.167182,FWD,76.2,70.5,31.5
7691,561,B.Zerk-Thatcher,PTA,7,73,7,64.4286,0.263,-2.615,-2.8275040000000002,DEF,64.4,72.0,
3505,305,J.Bowes,GEE,5,80,7,86.6,0.368,-0.822,-1.252928,MID,77.5,73.0,
4533,377,X.O'Halloran,GWS,7,80,7,53.1429,0.368,-3.528,-4.131888,MID,53.1,73.0,
4766,390,K.Amon,HAW,7,80,7,88.0,0.368,-0.709,-0.8698159999999999,MID,79.0,73.0,47.0
6441,487,Z.Duursma,NTH,7,80,7,47.8571,0.368,-3.955,-5.008584,MID,47.9,73.0,
9615,674,T.McCartin,SYD,7,72,7,65.5714,0.263,-2.523,-2.777847,DEF,65.6,73.0,
9840,685,M.Roberts,SYD,7,80,7,87.7143,0.368,-0.732,-1.2957759999999998,MID,78.9,73.0,
5593,441,B.Fritsch,MEL,7,67,7,57.0,0.263,-3.216,-3.126843,FWD,57.0,74.0,
6026,468,T.Sparrow,MEL,7,67,7,72.5714,0.263,-1.957,-1.9501620000000002,FWD,72.6,74.0,
6536,498,N.Larkey,NTH,7,67,7,55.1429,0.263,-3.366,-3.079593,FWD,55.1,74.0,
7827,566,S.Bolton,RIC,7,67,7,95.1429,0.263,-0.131,-0.29064100000000004,FWD,81.1,74.0,33.0
10673,734,R.West,WBD,7,67,7,70.4286,0.263,-2.13,-2.064513,FWD,70.4,74.0,
555,136,J.Crisp,COL,7,71,7,73.0,0.263,-1.922,-1.685037,DEF,73.0,75.5,39.0
2095,22,M.Michalanney,ADE,7,71,7,62.5714,0.263,-2.765,-2.887032,DEF,62.6,75.5,
2345,239,A.Pearce,FRE,7,71,7,75.2857,0.263,-1.737,-2.064172,DEF,75.1,75.5,
2671,258,M.Andrew,GCS,4,71,7,91.75,0.263,-0.406,-0.937786,DEF,77.9,75.5,
9506,667,J.Jordon,SYD,7,79,7,77.4286,0.368,-1.564,-2.303312,MID,75.7,77.0,49.0
10376,719,J.Macrae,WBD,5,79,7,77.0,0.368,-1.598,-2.140432,MID,75.4,77.0,49.0
10487,725,E.Richards,WBD,6,79,7,82.1667,0.368,-1.181,-0.9090480000000001,MID,76.9,77.0,49.0
1397,181,J.Gresham,ESS,7,65,7,70.8571,0.263,-2.095,-2.1891540000000003,FWD,70.9,79.0,34.5
2623,256,B.Ainsworth,GCS,7,65,7,67.7143,0.263,-2.349,-2.204613,FWD,67.7,79.0,34.5
4136,348,L.Ash,GWS,7,70,7,82.2857,0.263,-1.171,-1.197563,DEF,77.2,79.0,40.5
5131,410,C.Mackenzie,HAW,7,78,7,65.2857,0.368,-2.546,-3.187792,MID,65.3,79.0,51.0
6146,472,J.van Rooyen,MEL,7,65,7,55.0,0.263,-3.377,-3.075865,FWD,55.0,79.0,
6342,481,A.Corr,NTH,7,70,7,60.5714,0.263,-2.927,-3.050347,DEF,60.6,79.0,
8600,614,Z.Cordy,STK,7,65,7,51.2857,0.263,-3.678,-3.665902,FWD,51.3,79.0,
10618,732,L.Vandermeer,WBD,7,65,7,59.8571,0.263,-2.985,-3.116763,FWD,59.9,79.0,
11372,778,A.Witherden,WCE,4,70,7,57.5,0.263,-3.175,-3.102675,DEF,57.5,79.0,40.5
1324,178,S.Durham,ESS,6,77,7,81.3333,0.368,-1.248,-1.2914240000000001,MID,76.7,80.0,
1361,18,M.Keane,ADE,6,69,7,81.1667,0.263,-1.262,-1.452149,DEF,76.6,81.5,
4661,385,H.Thomas,GWS,7,76,7,57.2857,0.368,-3.193,-3.9205360000000002,MID,57.3,81.5,
5001,403,B.Hardwick,HAW,7,69,7,57.0,0.263,-3.216,-2.9598380000000004,DEF,57.0,81.5,
9110,647,M.Windhager,STK,6,76,7,77.5,0.368,-1.558,-2.164464,MID,75.7,81.5,
10226,709,R.Garcia,WBD,2,64,7,73.0,0.263,-1.922,-1.8310019999999998,FWD,73.0,82.0,
991,16,M.Hinge,ADE,7,68,7,96.1429,0.263,-0.051,-0.134108,DEF,81.4,83.0,42.0
103,106,G.Hewett,CAR,7,75,7,99.8571,0.368,0.25,-0.24532800000000002,MID,82.6,83.5,52.5
664,139,J.De Goey,COL,7,75,7,78.7143,0.368,-1.46,-1.706928,MID,76.1,83.5,52.5
692,142,J.Elliott,COL,7,63,7,65.4286,0.263,-2.534,-2.402237,FWD,65.4,84.5,
8668,622,J.Higgins,STK,7,63,7,74.2857,0.263,-1.818,-1.693864,FWD,74.3,84.5,
8694,623,B.Hill,STK,7,63,7,80.7143,0.263,-1.298,-1.278538,FWD,76.7,84.5,
11467,786,M.Lefau,RIC,5,63,7,57.0,0.263,-3.216,-3.1344700000000003,FWD,57.0,84.5,
9545,67,H.McCluggage,BRL,7,74,7,99.5714,0.368,0.227,-0.03648799999999999,MID,82.5,85.0,54.0
1250,174,N.Cox,ESS,7,66,7,56.0,0.263,-3.297,-3.7225340000000005,DEF,56.0,86.0,
2050,217,H.Chapman,FRE,1,66,7,66.0,0.263,-2.488,-2.553224,DEF,66.0,86.0,
4438,369,C.Idun,GWS,7,66,7,79.4286,0.263,-1.402,-1.3612350000000002,DEF,76.3,86.0,43.5
8478,607,R.Bonner,STK,7,66,7,80.2857,0.263,-1.333,-1.575486,DEF,76.6,86.0,43.5
9299,656,H.Cunningham,SYD,6,66,7,55.3333,0.263,-3.35,-3.6371960000000003,DEF,55.3,86.0,
10889,75,C.Rayner,BRL,7,73,7,78.5714,0.368,-1.471,-1.847832,MID,76.1,86.0,55.0
556,136,J.Crisp,COL,7,71,7,73.0,0.368,-1.922,-1.804608,MID,73.0,87.5,56.5
974,158,B.Mihocek,COL,7,62,7,67.0,0.263,-2.407,-2.387538,FWD,67.0,87.5,
6592,50,C.Cameron,BRL,7,62,7,58.0,0.263,-3.135,-2.974307,FWD,58.0,87.5,
10409,72,L.Neale,BRL,6,71,7,109.167,0.368,1.003,1.2716399999999999,MID,83.9,87.5,56.5
8879,636,S.Ross,STK,7,70,7,82.7143,0.368,-1.136,-1.9731999999999998,MID,77.3,89.5,
8961,640,J.Steele,STK,7,70,7,114.857,0.368,1.463,1.139896,MID,87.1,89.5,58.0
5758,453,T.McDonald,MEL,6,61,7,73.0,0.263,-1.922,-1.5540629999999998,FWD,73.0,90.5,
6305,480,C.Comben,NTH,4,61,7,80.0,0.263,-1.356,-1.220029,FWD,75.9,90.5,
6850,511,J.Simpkin,NTH,6,61,7,58.8333,0.263,-3.067,-2.393983,FWD,58.8,90.5,36.0
10833,747,J.Darling,WCE,7,61,7,60.5714,0.263,-2.927,-2.889917,FWD,60.6,90.5,
481,130,L.Young,CAR,4,65,7,68.75,0.263,-2.266,-2.596591,DEF,68.8,91.0,
1838,200,M.Redman,ESS,6,65,7,81.8333,0.263,-1.208,-1.128311,DEF,76.8,91.0,45.0
2789,265,S.Clohesy,GCS,4,65,7,93.0,0.263,-0.305,-0.971442,DEF,78.1,91.0,
6196,475,C.Windsor,MEL,7,69,7,56.2857,0.368,-3.273,-3.692888,MID,56.3,91.0,
8601,614,Z.Cordy,STK,7,65,7,51.2857,0.263,-3.678,-4.088806,DEF,51.3,91.0,
10617,732,L.Vandermeer,WBD,7,65,7,59.8571,0.263,-2.985,-3.535722,DEF,59.9,91.0,
851,151,P.Lipinski,COL,7,68,7,78.2857,0.368,-1.494,-1.9668800000000002,MID,76.0,92.5,59.5
9170,649,T.Adams,SYD,3,68,7,84.0,0.368,-1.032,-1.936544,MID,76.2,92.5,59.5
1931,211,P.Wright,ESS,3,60,7,60.3333,0.263,-2.946,-2.5396650000000003,FWD,60.3,94.0,
8077,585,D.*** Martin,RIC,5,60,7,71.0,0.263,-2.084,-2.072428,FWD,71.0,94.0,37.0
9790,681,T.Papley,SYD,7,60,7,80.5714,0.263,-1.31,-1.0906580000000001,FWD,76.7,94.0,
11574,84,D.Wilmot,BRL,7,64,7,78.2857,0.263,-1.494,-1.474275,DEF,76.0,94.0,
8438,604,T.Young,RIC,6,62,7,39.0,0.263,-4.671,-4.8984950000000005,DEF,39.0,95.0,
4884,397,W.Day,HAW,1,67,7,67.0,0.368,-2.407,-1.9602480000000002,MID,67.0,96.0,62.5
5271,418,J.Newcombe,HAW,7,67,7,83.2857,0.368,-1.09,-0.8607360000000001,MID,77.5,96.0,62.5
6027,468,T.Sparrow,MEL,7,67,7,72.5714,0.368,-1.957,-2.673864,MID,72.6,96.0,
6167,474,J.Viney,MEL,7,67,7,93.7143,0.368,-0.247,-0.715096,MID,80.7,96.0,62.5
7828,566,S.Bolton,RIC,7,67,7,95.1429,0.368,-0.131,-1.046216,MID,81.1,96.0,62.5
705,143,B.Frampton,COL,5,61,7,72.6,0.263,-1.954,-2.6925039999999996,DEF,72.6,97.5,
4119,346,L.Aleer,GWS,2,61,7,57.0,0.263,-3.216,-3.399311,DEF,57.0,97.5,
5757,453,T.McDonald,MEL,6,61,7,73.0,0.263,-1.922,-1.8949109999999998,DEF,73.0,97.5,
6304,480,C.Comben,NTH,4,61,7,80.0,0.263,-1.356,-1.569293,DEF,75.9,97.5,
4415,368,J.Hogan,GWS,7,59,7,94.7143,0.263,-0.166,0.06070599999999998,FWD,81.0,98.0,38.5
5499,434,J.Billings,MEL,7,59,7,60.5714,0.263,-2.927,-2.838895,FWD,60.6,98.0,38.5
8201,591,M.Pickett,RIC,7,59,7,57.8571,0.263,-3.146,-3.0655219999999996,FWD,57.9,98.0,
9348,659,R.Fox,SYD,6,59,7,58.1667,0.263,-3.121,-3.185435,FWD,58.2,98.0,
11455,784,P.Voss,FRE,1,59,7,59.0,0.263,-3.054,-3.2181119999999996,FWD,59.0,98.0,
595,137,J.Daicos,COL,7,66,7,85.2857,0.368,-0.928,-1.086608,MID,78.1,100.0,65.5
1249,174,N.Cox,ESS,7,66,7,56.0,0.368,-3.297,-4.079368,MID,56.0,100.0,
8448,606,J.Battle,STK,7,60,7,74.0,0.263,-1.841,-1.703977,DEF,74.0,100.0,
8477,607,R.Bonner,STK,7,66,7,80.2857,0.368,-1.333,-1.87764,MID,76.6,100.0,65.5
59,102,C.Durdin,CAR,6,58,7,46.0,0.263,-4.105,-4.176010000000001,FWD,46.0,101.0,
1529,189,J.Kelly,ESS,6,59,7,67.0,0.263,-2.407,-2.705242,DEF,67.0,102.0,
9347,659,R.Fox,SYD,6,59,7,58.1667,0.263,-3.121,-3.6015010000000003,DEF,58.2,102.0,
10458,722,J.O'Donnell,WBD,3,59,7,50.6667,0.263,-3.728,-3.9870550000000002,DEF,50.7,102.0,
2624,256,B.Ainsworth,GCS,7,65,7,67.7143,0.368,-2.349,-2.86972,MID,67.7,102.5,67.0
2788,265,S.Clohesy,GCS,4,65,7,93.0,0.368,-0.305,-1.438808,MID,78.1,102.5,
2443,244,C.Simpson,FRE,1,57,7,57.0,0.263,-3.216,-3.564738,FWD,57.0,103.5,
6230,476,T.Woewodin,MEL,5,57,7,26.2,0.263,-5.706,-5.616054000000001,FWD,26.2,103.5,
8820,631,T.Membrey,STK,7,57,7,61.0,0.263,-2.892,-2.668976,FWD,61.0,103.5,
10804,745,J.Cripps,WCE,7,57,7,72.7143,0.263,-1.945,-1.7025139999999999,FWD,72.7,103.5,
2895,272,B.Fiorini,GCS,7,63,7,81.7143,0.368,-1.217,-1.888232,MID,77.0,105.0,
6231,476,T.Woewodin,MEL,5,57,7,26.2,0.263,-5.706,-6.084720000000001,DEF,26.2,105.0,
8024,581,J.Hopper,RIC,3,63,7,81.0,0.368,-1.275,-1.6338,MID,75.8,105.0,68.0
8695,623,B.Hill,STK,7,63,7,80.7143,0.368,-1.298,-1.9765920000000001,MID,76.7,105.0,
9988,696,L.Bramble,WBD,7,57,7,74.0,0.263,-1.841,-2.020366,DEF,74.0,105.0,
11249,771,J.Rotham,WCE,4,57,7,59.0,0.263,-3.054,-3.749109,DEF,59.0,105.0,
9375,66,L.McCarthy,BRL,7,56,7,72.0,0.263,-2.003,-2.024303,FWD,72.0,106.5,
11603,86,D.Zorko,BRL,7,56,7,101.143,0.263,0.354,0.892624,FWD,83.0,106.5,40.0
6768,508,B.Scott,NTH,7,56,7,69.8571,0.263,-2.176,-2.240961,DEF,69.9,107.0,
6851,511,J.Simpkin,NTH,6,61,7,58.8333,0.368,-3.067,-2.810136,MID,58.8,107.0,69.0
1484,186,B.Hobbs,ESS,6,55,7,67.1667,0.263,-2.394,-2.666731,FWD,67.2,108.5,
2550,252,M.Walters,FRE,7,55,7,51.2857,0.263,-3.678,-3.732704,FWD,51.3,108.5,
1530,189,J.Kelly,ESS,6,59,7,67.0,0.368,-2.407,-3.020824,MID,67.0,109.0,
5498,434,J.Billings,MEL,7,59,7,60.5714,0.368,-2.927,-3.5496559999999997,MID,60.6,109.0,70.0
8202,591,M.Pickett,RIC,7,59,7,57.8571,0.368,-3.146,-3.786688,MID,57.9,109.0,
1610,191,J.Laverde,ESS,6,55,7,58.0,0.263,-3.135,-3.1218500000000002,DEF,58.0,109.5,
7789,564,S.Banks,RIC,4,55,7,36.25,0.263,-4.894,-4.978423,DEF,36.2,109.5,
7885,568,T.Brown,RIC,5,55,7,60.4,0.263,-2.941,-3.2876339999999997,DEF,60.4,109.5,
10553,73,J.Payne,BRL,6,55,7,44.5,0.263,-4.226,-4.05242,DEF,44.5,109.5,
7349,535,M.Georgiades,PTA,4,54,7,71.25,0.263,-2.063,-1.8899460000000001,FWD,71.2,110.5,
10942,751,L.Edwards,WCE,6,54,7,41.1667,0.263,-4.496,-4.371338,FWD,41.2,110.5,
2442,244,C.Simpson,FRE,1,57,7,57.0,0.368,-3.216,-4.506944000000001,MID,57.0,112.0,
5248,417,C.Nash,HAW,7,57,7,74.4286,0.368,-1.806,-2.1346239999999996,MID,74.4,112.0,71.0
7655,559,D.Williams,PTA,2,54,7,36.0,0.263,-4.914,-5.109935,DEF,36.0,112.0,
9987,696,L.Bramble,WBD,7,57,7,74.0,0.368,-1.841,-2.2954800000000004,MID,74.0,112.0,
3612,310,B.Close,GEE,7,53,7,68.5714,0.263,-2.28,-2.279211,FWD,68.6,112.5,
4231,353,A.Cadman,GWS,7,53,7,63.4286,0.263,-2.696,-2.915079,FWD,63.4,112.5,
4825,395,M.Chol,HAW,7,52,7,64.4286,0.263,-2.615,-2.464564,FWD,64.4,114.0,
6767,508,B.Scott,NTH,7,56,7,69.8571,0.368,-2.176,-2.471504,MID,69.9,114.5,
11604,86,D.Zorko,BRL,7,56,7,101.143,0.368,0.354,0.5074559999999999,MID,83.0,114.5,72.0
943,155,B.McCreery,COL,7,51,7,56.4286,0.263,-3.262,-3.1788920000000003,FWD,56.4,115.0,
1701,195,B.McKay,ESS,7,53,7,70.7143,0.263,-2.107,-2.353168,DEF,70.7,115.5,
2737,260,C.Ballard,GCS,7,53,7,69.4286,0.263,-2.211,-2.536857,DEF,69.4,115.5,
3889,329,J.Kolodjashnij,GEE,6,53,7,62.1667,0.263,-2.798,-2.815621,DEF,62.2,115.5,
5797,454,J.McVee,MEL,7,53,7,75.0,0.263,-1.76,-2.0140580000000003,DEF,75.0,115.5,
6616,502,L.McDonald,NTH,6,53,7,59.1667,0.263,-3.04,-3.078398,DEF,59.2,115.5,
10273,712,J.Johannisen,WBD,7,53,7,87.1429,0.263,-0.778,-1.0594100000000002,DEF,78.7,115.5,
1485,186,B.Hobbs,ESS,6,55,7,67.1667,0.368,-2.394,-3.546208,MID,67.2,116.5,
2180,227,M.Frederick,FRE,5,50,7,49.2,0.263,-3.846,-3.695827,FWD,49.2,116.5,
6424,486,B.Drury,NTH,3,50,7,55.6667,0.263,-3.324,-3.598835,FWD,55.7,116.5,
7788,564,S.Banks,RIC,4,55,7,36.25,0.368,-4.894,-5.196864,MID,36.2,116.5,
5234,416,H.Morrison,HAW,3,54,7,63.0,0.368,-2.731,-3.558264,MID,63.0,118.5,
10941,751,L.Edwards,WCE,6,54,7,41.1667,0.368,-4.496,-5.109456000000001,MID,41.2,118.5,
2697,26,L.Nankervis,ADE,4,52,7,63.5,0.263,-2.69,-2.693682,DEF,63.5,119.5,
3359,3,J.Borlase,ADE,4,52,7,68.0,0.263,-2.326,-2.663429,DEF,68.0,119.5,
2301,231,M.Johnson,FRE,7,53,7,52.2857,0.368,-3.597,-3.757448,MID,52.3,120.5,
11125,762,T.Kelly,WCE,7,53,7,92.7143,0.368,-0.328,-0.48624,MID,80.4,120.5,73.0
1503,188,H.Jones,ESS,6,49,7,64.3333,0.263,-2.623,-2.632731,FWD,64.3,121.0,
3679,314,O.Dempsey,GEE,7,49,7,68.4286,0.263,-2.292,-1.920381,FWD,68.4,121.0,
5083,409,C.Macdonald,HAW,7,49,7,61.2857,0.263,-2.869,-2.3803460000000003,FWD,61.3,121.0,42.0
6721,507,T.Powell,NTH,7,49,7,87.0,0.263,-0.79,-0.70321,FWD,78.7,121.0,42.0
10255,711,J.Harmes,WBD,3,49,7,54.3333,0.263,-3.431,-2.887116,FWD,54.3,121.0,42.0
11341,777,J.Williams,WCE,5,49,7,43.2,0.263,-4.332,-3.97695,FWD,43.2,121.0,
11773,95,M.Cottrell,CAR,7,49,7,63.1429,0.263,-2.719,-2.7616059999999996,FWD,63.1,121.0,
187,109,B.Kemp,CAR,6,50,7,70.1667,0.263,-2.151,-2.301962,DEF,70.2,122.5,
2322,238,J.O'Meara,FRE,6,52,7,39.0,0.368,-4.671,-4.366296,MID,39.0,122.5,
2698,26,L.Nankervis,ADE,4,52,7,63.5,0.368,-2.69,-2.897552,MID,63.5,122.5,
6527,496,R.Hardeman,NTH,1,50,7,50.0,0.263,-3.782,-4.228311,DEF,50.0,122.5,
8000,579,D.Grimes,RIC,4,50,7,40.0,0.263,-4.59,-4.920328,DEF,40.0,122.5,
9889,69,C.McKenna,BRL,2,50,7,49.5,0.263,-3.822,-3.938509,DEF,49.5,122.5,
4008,337,B.Parfitt,GEE,6,50,7,79.3333,0.368,-1.41,-2.0801279999999998,MID,76.1,124.5,
7551,55,J.Fletcher,BRL,7,50,7,65.2857,0.368,-2.546,-3.059728,MID,65.3,124.5,
719,144,H.Harrison,COL,1,48,7,48.0,0.263,-3.943,-3.8622590000000003,FWD,48.0,126.0,
1108,167,L.Schultz,COL,7,48,7,59.7143,0.263,-2.996,-2.8118999999999996,FWD,59.7,126.0,44.0
5045,405,J.Impey,HAW,7,49,7,77.0,0.263,-1.598,-1.546189,DEF,75.6,126.0,
6933,516,D.Tucker,NTH,7,49,7,57.4286,0.263,-3.181,-3.193624,DEF,57.4,126.0,
7498,547,J.Mead,PTA,7,48,7,50.7143,0.263,-3.724,-3.3413350000000004,FWD,50.7,126.0,
11554,81,B.Starcevich,BRL,7,49,7,57.7143,0.263,-3.158,-3.4714959999999997,DEF,57.7,126.0,
1156,17,C.Jones,ADE,7,48,7,62.5714,0.263,-2.765,-3.056667,DEF,62.6,128.0,
10079,703,C.Daniel,WBD,5,47,7,55.0,0.263,-3.377,-3.3617459999999997,FWD,55.0,128.0,45.0
984,159,T.Mitchell,COL,6,49,7,81.5,0.368,-1.235,-1.583496,MID,76.7,129.5,75.5
1076,164,I.Quaynor,COL,7,47,7,62.5714,0.263,-2.765,-3.090331,DEF,62.6,129.5,46.5
3421,302,T.Atkins,GEE,6,47,7,73.3333,0.263,-1.895,-1.858706,DEF,73.3,129.5,46.5
3466,304,M.Blicavs,GEE,7,49,7,68.5714,0.368,-2.28,-2.744048,MID,68.6,129.5,75.5
3680,314,O.Dempsey,GEE,7,49,7,68.4286,0.368,-2.292,-2.467904,MID,68.4,129.5,
4717,388,J.Wehr,GWS,7,49,7,56.2857,0.368,-3.273,-3.8533359999999997,MID,56.3,129.5,
6722,507,T.Powell,NTH,7,49,7,87.0,0.368,-0.79,-1.351936,MID,78.7,129.5,75.5
6932,516,D.Tucker,NTH,7,49,7,57.4286,0.368,-3.181,-3.3973839999999997,MID,57.4,129.5,
10256,711,J.Harmes,WBD,3,49,7,54.3333,0.368,-3.431,-3.379848,MID,54.3,129.5,75.5
11774,95,M.Cottrell,CAR,7,49,7,63.1429,0.368,-2.719,-3.533016,MID,63.1,129.5,
737,145,B.Hill,COL,7,46,7,58.4286,0.263,-3.1,-2.840156,FWD,58.4,131.0,
6667,504,B.Nyuon,NTH,3,46,7,60.3333,0.263,-2.946,-2.78557,FWD,60.3,131.0,
7968,577,J.Graham,RIC,3,46,7,71.3333,0.263,-2.057,-1.895255,FWD,71.3,131.0,
8795,63,K.Lohmann,BRL,7,46,7,49.2857,0.263,-3.839,-3.1912309999999997,FWD,49.3,131.0,
11151,765,R.Maric,WCE,6,46,7,36.3333,0.263,-4.887,-4.683700999999999,FWD,36.3,131.0,
7930,57,D.Gardiner,BRL,6,45,7,50.8333,0.263,-3.714,-4.030915,DEF,50.8,131.5,
10315,716,B.Khamis,WBD,7,45,7,59.0,0.263,-3.054,-3.525296,DEF,59.0,131.5,
10124,705,T.Duryea,WBD,5,44,7,73.8,0.263,-1.857,-2.375636,DEF,73.8,133.0,
3778,323,J.Henry,GEE,7,43,7,55.4286,0.263,-3.343,-3.288033,DEF,55.4,134.0,
1157,17,C.Jones,ADE,7,48,7,62.5714,0.368,-2.765,-3.3674160000000004,MID,62.6,134.5,
7499,547,J.Mead,PTA,7,48,7,50.7143,0.368,-3.724,-3.924928,MID,50.7,134.5,
11790,96,L.Cowan,CAR,2,42,7,51.0,0.263,-3.701,-3.710731,DEF,51.0,135.0,
2760,261,T.Berry,GCS,7,45,7,62.5714,0.263,-2.765,-2.879931,FWD,62.6,135.5,
5169,411,F.Maginness,HAW,6,45,7,53.8333,0.263,-3.472,-3.4798899999999997,FWD,53.8,135.5,
7931,57,D.Gardiner,BRL,6,45,7,50.8333,0.263,-3.714,-3.6156379999999997,FWD,50.8,135.5,
10314,716,B.Khamis,WBD,7,45,7,59.0,0.263,-3.054,-3.1118599999999996,FWD,59.0,135.5,
5446,430,J.Weddle,HAW,7,41,7,71.1429,0.263,-2.072,-2.1787780000000003,DEF,71.1,136.0,
3420,302,T.Atkins,GEE,6,47,7,73.3333,0.368,-1.895,-2.05324,MID,73.3,137.0,78.5
10078,703,C.Daniel,WBD,5,47,7,55.0,0.368,-3.377,-4.122936,MID,55.0,137.0,78.5
10970,754,R.Ginbey,WCE,7,47,7,65.4286,0.368,-2.534,-2.859312,MID,65.4,137.0,
11025,758,J.Hunt,WCE,7,38,7,65.8571,0.263,-2.499,-2.6717910000000002,DEF,65.9,137.0,
673,14,W.Hamill,ADE,3,36,7,38.6667,0.263,-4.698,-4.634880000000001,DEF,38.7,138.0,
8561,610,A.Caminiti,STK,5,44,7,50.8,0.263,-3.717,-3.522906,FWD,50.8,138.0,
8726,625,D.Howard,STK,1,35,7,35.0,0.263,-4.995,-4.711749,DEF,35.0,139.0,
1127,168,S.Sidebottom,COL,6,46,7,55.3333,0.368,-3.35,-3.152384,MID,55.3,139.5,
7967,577,J.Graham,RIC,3,46,7,71.3333,0.368,-2.057,-2.5431280000000003,MID,71.3,139.5,
2530,251,B.Walker,FRE,6,34,7,51.6667,0.263,-3.647,-3.669618,DEF,51.7,140.5,
3346,299,J.Walter,GCS,5,42,7,42.4,0.263,-4.396,-4.475163,FWD,42.4,140.5,
3988,335,M.O'Connor,GEE,7,34,7,63.7143,0.263,-2.673,-3.076968,DEF,63.7,140.5,
4958,400,J.Ginnivan,HAW,7,42,7,63.0,0.263,-2.731,-2.34176,FWD,63.0,140.5,
6563,499,C.Lazzaro,NTH,6,42,7,49.6667,0.263,-3.809,-3.9631179999999997,FWD,49.7,140.5,
8008,58,E.Hipwood,BRL,7,42,7,54.8571,0.263,-3.389,-3.010806,FWD,54.9,140.5,
5168,411,F.Maginness,HAW,6,45,7,53.8333,0.368,-3.472,-4.255471999999999,MID,53.8,141.5,
8525,609,R.Byrnes,STK,7,45,7,59.2857,0.368,-3.031,-3.5112400000000004,MID,59.3,141.5,
1454,185,N.Hind,ESS,6,30,7,30.1667,0.263,-5.385,-5.221677,DEF,30.2,142.5,
2689,259,R.Atkins,GCS,2,30,7,23.0,0.263,-5.965,-6.010499,DEF,23.0,142.5,
2425,243,J.Sharp,FRE,7,44,7,70.7143,0.368,-2.107,-2.568104,MID,70.7,143.0,
4921,399,S.Frost,HAW,7,28,7,60.0,0.263,-2.973,-3.511361,DEF,60.0,144.0,
6564,499,C.Lazzaro,NTH,6,42,7,49.6667,0.368,-3.809,-4.823208000000001,MID,49.7,144.0,
523,135,M.Cox,COL,7,41,7,60.4286,0.263,-2.938,-2.859363,FWD,60.4,144.5,
1923,21,N.McHenry,ADE,6,41,7,42.1667,0.263,-4.415,-4.338993,FWD,42.2,144.5,
7544,549,S.Powell-Pepper,PTA,3,41,7,52.6667,0.263,-3.566,-3.433185,FWD,52.7,144.5,
11259,772,L.Ryan,WCE,1,41,7,41.0,0.263,-4.509,-4.034285000000001,FWD,41.0,144.5,
3654,313,S.De Koning,GEE,7,27,7,54.4286,0.263,-3.424,-3.33984,DEF,54.4,145.0,
8620,617,H.Garcia,STK,3,40,7,50.6667,0.368,-3.728,-4.5066880000000005,MID,50.7,145.0,
11026,758,J.Hunt,WCE,7,38,7,65.8571,0.368,-2.499,-2.940232,MID,65.9,146.0,
8633,618,A.Hastie,STK,3,26,7,15.0,0.263,-6.612,-6.968891,DEF,15.0,146.5,
8984,641,L.Stocker,STK,7,26,7,52.0,0.263,-3.62,-3.8819480000000004,DEF,52.0,146.5,
6882,512,D.Stephens,NTH,7,37,7,49.1429,0.368,-3.851,-4.495,MID,49.1,147.0,
4153,349,T.Bedford,GWS,7,40,7,53.8571,0.263,-3.47,-3.1483510000000003,FWD,53.9,148.0,
6669,505,W.Phillips,NTH,2,35,7,43.5,0.368,-4.307,-4.240392,MID,43.5,148.0,
8619,617,H.Garcia,STK,3,40,7,50.6667,0.263,-3.728,-3.7277370000000003,FWD,50.7,148.0,
8866,635,M.Phillipou,STK,7,40,7,48.2857,0.263,-3.92,-3.555745,FWD,48.3,148.0,46.0
765,146,W.Hoskin-Elliott,COL,6,25,7,63.5,0.263,-2.69,-2.841488,DEF,63.5,148.5,
7058,520,A.Aliir,PTA,7,25,7,65.0,0.263,-2.569,-2.4864179999999996,DEF,65.0,148.5,
3989,335,M.O'Connor,GEE,7,34,7,63.7143,0.368,-2.673,-3.429976,MID,63.7,149.5,
8101,587,K.McIntosh,RIC,7,34,7,37.1429,0.368,-4.821,-5.184952,MID,37.1,149.5,
5202,414,S.Mitchell,HAW,4,24,7,41.75,0.263,-4.449,-4.906883,DEF,41.8,150.0,
7905,569,S.Campbell,RIC,7,38,7,51.7143,0.263,-3.643,-3.550161,FWD,51.7,150.5,
8057,584,R.Mansell,RIC,6,38,7,64.0,0.263,-2.65,-2.58162,FWD,64.0,150.5,
6466,488,Z.Fisher,NTH,7,20,7,67.2857,0.263,-2.384,-2.084969,DEF,67.3,151.0,48.0
10763,743,C.Chesser,WCE,7,32,7,39.8571,0.368,-4.602,-5.105424,MID,39.9,151.0,
9262,654,B.Campbell,SYD,7,17,7,44.5714,0.263,-4.221,-4.3953690000000005,DEF,44.6,152.0,
10355,718,R.Lobb,WBD,3,37,7,43.0,0.263,-4.348,-3.5800399999999994,FWD,43.0,152.0,
11716,91,J.Carroll,CAR,7,29,7,50.1429,0.368,-3.77,-4.681903999999999,MID,50.1,152.0,
5331,424,J.Serong,HAW,2,16,7,27.5,0.263,-5.601,-5.605208,DEF,27.5,153.0,
5548,439,K.Chandler,MEL,7,36,7,70.0,0.263,-2.164,-2.1374370000000003,FWD,70.0,153.0,
10199,708,H.Gallagher,WBD,7,26,7,45.4286,0.368,-4.151,-4.755991999999999,MID,45.4,153.0,
764,146,W.Hoskin-Elliott,COL,6,25,7,63.5,0.368,-2.69,-3.10032,MID,63.5,154.0,
2140,224,J.Draper,FRE,6,11,7,39.1667,0.263,-4.658,-4.7282210000000005,DEF,39.2,154.0,
9210,650,J.Amartey,SYD,7,35,7,42.0,0.263,-4.429,-3.99768,FWD,42.0,154.0,
2161,225,T.Emmett,FRE,7,34,7,41.7143,0.263,-4.452,-4.418336,FWD,41.7,155.0,
5903,460,H.Petty,MEL,5,6,7,39.4,0.263,-4.639,-4.655569,DEF,39.4,155.0,
166,108,O.Hollands,CAR,7,22,7,47.2857,0.368,-4.001,-4.0690800000000005,MID,47.3,155.5,
5408,43,C.Ah Chee,BRL,7,22,7,52.7143,0.368,-3.562,-3.69448,MID,52.7,155.5,
7461,543,T.Marshall,PTA,7,33,7,61.0,0.263,-2.892,-2.8867399999999996,FWD,61.0,156.0,
6365,482,P.Curtis,NTH,7,32,7,53.8571,0.263,-3.47,-3.203844,FWD,53.9,157.0,
11276,773,D.Sheed,WCE,2,21,7,12.5,0.368,-6.814,-6.508560000000001,MID,12.5,157.0,80.0
2985,276,N.Holman,GCS,7,31,7,48.5714,0.263,-3.897,-3.6487279999999997,FWD,48.6,158.0,
9261,654,B.Campbell,SYD,7,17,7,44.5714,0.368,-4.221,-4.651928,MID,44.6,158.0,
1455,185,N.Hind,ESS,6,30,7,30.1667,0.263,-5.385,-4.8100819999999995,FWD,30.2,159.0,
3293,296,D.Swallow,GCS,7,8,7,30.0,0.368,-5.399,-5.648135999999999,MID,30.0,159.5,
11659,89,J.Binns,CAR,1,8,7,8.0,0.368,-7.178,-6.69776,MID,8.0,159.5,
11715,91,J.Carroll,CAR,7,29,7,50.1429,0.263,-3.77,-3.857053,FWD,50.1,160.0,
3765,322,T.Hawkins,GEE,6,27,7,60.5,0.263,-2.933,-2.883819,FWD,60.5,162.0,
8896,638,C.Sharman,STK,7,27,7,47.2857,0.263,-4.001,-3.6625190000000005,FWD,47.3,162.0,
10752,741,T.Brockman,WCE,6,27,7,45.5,0.263,-4.146,-4.123381999999999,FWD,45.5,162.0,
10200,708,H.Gallagher,WBD,7,26,7,45.4286,0.263,-4.151,-4.02739,FWD,45.4,164.0,
5409,43,C.Ah Chee,BRL,7,22,7,52.7143,0.263,-3.562,-3.1369920000000002,FWD,52.7,165.0,
3203,29,L.Pedlar,ADE,4,21,7,27.75,0.263,-5.581,-5.5378680000000005,FWD,27.8,166.0,
1280,176,A.Davey Jnr,ESS,4,20,7,28.5,0.263,-5.52,-5.506587,FWD,28.5,167.5,
6467,488,Z.Fisher,NTH,7,20,7,67.2857,0.263,-2.384,-1.7577969999999998,FWD,67.3,167.5,47.0
5678,449,B.Laurie,MEL,2,19,7,19.5,0.263,-6.248,-5.936082000000001,FWD,19.5,169.0,
351,122,M.Owies,CAR,7,17,7,42.7143,0.263,-4.371,-4.006219000000001,FWD,42.7,170.0,
4976,402,J.Gunston,HAW,4,14,7,46.75,0.263,-4.045,-3.6286709999999998,FWD,46.8,171.0,
11567,83,J.Tunstill,BRL,3,13,7,31.6667,0.263,-5.264,-5.206666,FWD,31.7,172.0,
3294,296,D.Swallow,GCS,7,8,7,30.0,0.263,-5.399,-5.015809,FWD,30.0,173.0,
5303,420,M.Ramsden,HAW,3,6,7,34.0,0.263,-5.076,-5.010249999999999,FWD,34.0,174.5,
5902,460,H.Petty,MEL,5,6,7,39.4,0.263,-4.639,-4.245552,FWD,39.4,174.5,
10657,733,C.Weightman,WBD,7,2,7,65.2857,0.263,-2.546,-2.2548589999999997,FWD,65.3,176.0,
2380,241,L.Ryan,FRE,8,197,8,133.75,0.263,2.99,2.740676,DEF,95.4,1.0,1.0
9389,662,B.Grundy,SYD,8,143,8,112.5,0.105,1.272,1.1653200000000001,RUC,88.0,1.0,1.0
10410,72,L.Neale,BRL,7,168,8,117.571,0.368,1.682,1.700768,MID,88.0,1.0,1.0
11605,86,D.Zorko,BRL,8,160,8,108.5,0.263,0.949,1.3311389999999999,FWD,86.7,1.0,1.0
626,138,N.Daicos,COL,8,150,8,118.125,0.263,1.727,1.8253620000000002,DEF,90.0,2.0,2.0
7431,54,J.Dunkley,BRL,8,163,8,116.875,0.368,1.626,1.3621439999999998,MID,89.6,2.0,2.0
9435,665,W.Hayward,SYD,8,145,8,73.625,0.263,-1.871,-1.818663,FWD,73.6,2.0,
10148,706,T.English,WBD,8,135,8,117.375,0.105,1.666,1.533175,RUC,89.7,2.0,2.0
329,120,N.Newman,CAR,8,148,8,95.75,0.263,-0.082,0.06265000000000001,DEF,82.2,3.0,3.0
5216,415,D.Moore,HAW,8,140,8,94.125,0.263,-0.214,0.158145,FWD,81.7,3.0,2.0
6991,518,T.Xerri,NTH,8,133,8,111.375,0.105,1.181,1.2293,RUC,87.7,3.0,3.0
11606,86,D.Zorko,BRL,8,160,8,108.5,0.368,0.949,0.883496,MID,86.7,3.0,3.0
371,123,M.Pittonet,CAR,4,116,8,94.0,0.105,-0.224,-0.357455,RUC,78.3,4.0,4.0
627,138,N.Daicos,COL,8,150,8,118.125,0.368,1.727,1.628376,MID,90.0,4.0,4.0
2916,273,S.Flanders,GCS,8,128,8,117.25,0.263,1.656,2.06628,FWD,89.7,4.0,3.0
5046,405,J.Impey,HAW,8,138,8,84.625,0.263,-0.982,-1.092197,DEF,78.3,4.0,
1760,198,D.Parish,ESS,6,148,8,95.0,0.368,-0.143,-0.59932,MID,80.2,5.0,5.0
5617,443,M.Gawn,MEL,8,111,8,133.0,0.105,2.93,2.8414850000000005,RUC,95.2,5.0,5.0
6647,503,C.McKercher,NTH,8,135,8,73.5,0.263,-1.881,-1.618526,DEF,73.5,5.0,4.0
9068,646,D.Wilson,STK,8,126,8,69.0,0.263,-2.245,-2.1453230000000003,FWD,69.0,5.0,
4462,37,J.Soligo,ADE,8,146,8,88.375,0.368,-0.679,-1.171016,MID,79.7,6.0,
6199,475,C.Windsor,MEL,8,118,8,64.0,0.263,-2.65,-2.5847759999999997,FWD,64.0,6.0,
8920,639,J.Sinclair,STK,7,134,8,100.0,0.263,0.261,0.546092,DEF,82.6,6.0,5.0
11344,777,J.Williams,WCE,6,108,8,54.0,0.105,-3.458,-3.65057,RUC,54.0,6.0,
4566,378,J.Peatling,GWS,6,116,8,57.0,0.263,-3.216,-2.8567420000000006,FWD,57.0,7.0,
5731,451,S.May,MEL,7,131,8,93.4286,0.263,-0.27,-0.37730400000000003,DEF,80.6,7.0,6.0
8773,629,R.Marshall,STK,8,107,8,100.0,0.105,0.261,0.31959000000000004,RUC,83.7,7.0,6.0
9959,695,M.Bontempelli,WBD,8,142,8,119.375,0.368,1.828,2.0384960000000003,MID,90.4,7.0,6.0
2579,255,H.Young,FRE,8,130,8,100.0,0.263,0.261,0.311759,DEF,83.7,8.0,7.0
5185,413,L.Meek,HAW,6,106,8,101.333,0.105,0.369,0.322695,RUC,81.9,8.0,
5858,458,C.Oliver,MEL,8,141,8,89.875,0.368,-0.557,-1.068152,MID,80.2,8.0,7.0
8636,619,J.Hayes,STK,1,115,8,115.0,0.263,1.474,0.6502840000000001,FWD,76.7,8.0,
1641,193,N.Martin,ESS,8,122,8,110.625,0.263,1.121,1.046571,DEF,87.4,9.0,8.0
9466,666,I.Heeney,SYD,8,109,8,131.0,0.263,2.768,2.8290159999999998,FWD,94.5,9.0,4.0
9546,67,H.McCluggage,BRL,8,139,8,104.5,0.368,0.625,0.21504800000000002,MID,85.3,9.0,8.0
9764,68,O.McInerney,BRL,7,97,8,81.7143,0.105,-1.217,-1.17878,RUC,77.0,9.0,7.0
2403,242,C.Serong,FRE,8,137,8,129.25,0.368,2.627,2.1416079999999997,MID,93.9,10.0,9.0
8128,588,B.Miller,RIC,6,95,8,82.3333,0.105,-1.167,-1.38834,RUC,76.9,10.0,
10730,739,T.Barrass,WCE,7,121,8,76.1429,0.263,-1.668,-1.5877849999999998,DEF,75.3,10.0,
11343,777,J.Williams,WCE,6,108,8,54.0,0.263,-3.458,-3.332812,FWD,54.0,10.0,
5004,403,B.Hardwick,HAW,8,105,8,63.0,0.263,-2.731,-2.251551,FWD,63.0,11.0,
6648,503,C.McKercher,NTH,8,135,8,73.5,0.368,-1.881,-1.729016,MID,73.5,11.0,10.0
43,100,T.De Koning,CAR,8,90,8,92.375,0.105,-0.355,-0.34659999999999996,RUC,81.0,11.5,8.0
3744,320,Z.Guthrie,GEE,8,119,8,88.0,0.263,-0.709,-0.8849469999999999,DEF,79.5,11.5,
7088,522,M.Bergman,PTA,8,119,8,84.5,0.263,-0.992,-1.261312,DEF,78.3,11.5,
11317,776,B.Williams,WCE,8,90,8,71.875,0.105,-2.013,-2.191605,RUC,71.9,11.5,
2491,249,J.Treacy,FRE,8,100,8,83.25,0.263,-1.093,-0.8250029999999999,FWD,77.9,12.0,
8921,639,J.Sinclair,STK,7,134,8,100.0,0.368,0.261,0.42880799999999997,MID,82.6,12.0,11.0
852,151,P.Lipinski,COL,8,99,8,80.875,0.263,-1.285,-1.180326,FWD,77.0,13.0,5.0
2580,255,H.Young,FRE,8,130,8,100.0,0.368,0.261,0.10754400000000001,MID,83.7,13.0,12.0
5714,450,J.Lever,MEL,8,118,8,85.125,0.263,-0.941,-1.425972,DEF,78.5,13.0,9.0
9699,677,H.McLean,SYD,8,89,8,70.875,0.105,-2.094,-2.26599,RUC,70.9,13.0,9.0
4176,350,K.Briggs,GWS,8,88,8,88.625,0.105,-0.658,-0.68047,RUC,79.7,14.0,10.0
10054,702,B.Dale,WBD,8,116,8,95.625,0.263,-0.092,-0.039926,DEF,82.2,14.0,10.0
1589,190,K.Langford,ESS,8,98,8,81.375,0.263,-1.245,-1.083781,FWD,77.2,14.5,6.0
2915,273,S.Flanders,GCS,8,128,8,117.25,0.368,1.656,1.653792,MID,89.7,14.5,13.5
8796,63,K.Lohmann,BRL,8,98,8,55.375,0.263,-3.347,-2.828627,FWD,55.4,14.5,
11126,762,T.Kelly,WCE,8,128,8,97.125,0.368,0.029,-0.260616,MID,82.7,14.5,13.5
495,133,D.Cameron,COL,8,86,8,89.875,0.105,-0.557,-0.48791000000000007,RUC,80.2,15.5,11.5
2263,230,L.Jackson,FRE,8,86,8,100.5,0.105,0.302,0.164555,RUC,83.9,15.5,11.5
8325,598,J.Short,RIC,7,115,8,76.8571,0.263,-1.61,-1.5942200000000002,DEF,75.6,16.0,11.5
9001,643,N.Wanganeen-Milera,STK,8,115,8,98.125,0.263,0.11,0.18837399999999999,DEF,83.0,16.0,11.5
9069,646,D.Wilson,STK,8,126,8,69.0,0.368,-2.245,-2.83012,MID,69.0,16.0,
9135,648,M.Wood,STK,3,96,8,63.6667,0.263,-2.677,-2.095507,FWD,63.7,16.0,7.0
9813,683,D.Rampe,SYD,5,115,8,64.0,0.263,-2.65,-3.051864,DEF,64.0,16.0,
2875,27,R.O'Brien,ADE,8,80,8,82.125,0.105,-1.184,-1.17896,RUC,77.5,17.0,13.0
7220,526,Z.Butters,PTA,8,124,8,121.5,0.368,2.0,1.923456,MID,91.2,17.5,15.5
10030,7,M.Crouch,ADE,7,124,8,107.0,0.368,0.827,0.6223920000000001,MID,84.7,17.5,15.5
5572,44,H.Andrews,BRL,8,114,8,98.875,0.263,0.17,-0.24632900000000002,DEF,83.3,18.0,13.0
6469,488,Z.Fisher,NTH,8,95,8,70.75,0.263,-2.104,-1.551437,FWD,70.8,18.0,8.5
8127,588,B.Miller,RIC,6,95,8,82.3333,0.263,-1.167,-1.164107,FWD,76.9,18.0,
10444,721,A.Naughton,WBD,8,95,8,83.875,0.263,-1.043,-1.128212,FWD,78.1,18.0,8.5
1384,180,T.Goldstein,ESS,8,79,8,62.125,0.105,-2.801,-2.88164,RUC,62.1,18.5,14.5
2123,221,S.Darcy,FRE,3,79,8,96.0,0.105,-0.062,-0.12038,RUC,77.7,18.5,14.5
6972,517,G.Wardlaw,NTH,7,123,8,83.2857,0.368,-1.09,-1.337664,MID,77.5,19.0,17.0
3423,302,T.Atkins,GEE,7,113,8,79.0,0.263,-1.437,-1.52116,DEF,76.2,19.5,14.5
3831,325,M.Holmes,GEE,8,113,8,99.375,0.263,0.211,0.21310400000000002,DEF,83.5,19.5,14.5
1640,193,N.Martin,ESS,8,122,8,110.625,0.368,1.121,0.7898,MID,87.4,20.0,18.0
3598,31,I.Rankine,ADE,8,93,8,93.25,0.263,-0.284,0.08314800000000008,FWD,81.3,20.0,10.0
7639,556,J.Sweet,PTA,3,74,8,92.6667,0.105,-0.332,-0.46577,RUC,77.3,20.0,
1739,197,Z.Merrett,ESS,8,121,8,123.875,0.368,2.192,1.8504960000000001,MID,92.0,21.0,19.0
8174,590,T.Nankervis,RIC,7,69,8,102.143,0.105,0.435,0.456,RUC,83.3,21.0,16.0
9113,647,M.Windhager,STK,7,111,8,82.2857,0.263,-1.171,-1.561292,DEF,77.2,21.0,
278,115,H.McKay,CAR,8,92,8,101.625,0.263,0.393,0.330932,FWD,84.3,21.5,11.0
11297,775,J.Waterman,WCE,8,92,8,96.375,0.263,-0.032,-0.071713,FWD,82.4,21.5,
3400,301,J.Witts,GCS,7,62,8,104.429,0.105,0.62,0.5956400000000001,RUC,84.0,22.0,17.0
7089,522,M.Bergman,PTA,8,119,8,84.5,0.368,-0.992,-1.576016,MID,78.3,22.0,
8418,603,N.Vlastuin,RIC,8,110,8,106.375,0.263,0.777,0.41747899999999993,DEF,85.9,22.0,16.0
4029,339,R.Stanley,GEE,6,61,8,67.0,0.105,-2.407,-2.525335,RUC,67.0,23.0,
5341,425,J.Sicily,HAW,8,109,8,94.5,0.263,-0.183,-0.082534,DEF,81.8,23.0,17.0
6198,475,C.Windsor,MEL,8,118,8,64.0,0.368,-2.65,-3.299152,MID,64.0,23.0,
10257,711,J.Harmes,WBD,4,90,8,63.25,0.263,-2.71,-2.355739,FWD,63.2,23.0,12.0
3467,304,M.Blicavs,GEE,8,57,8,67.125,0.105,-2.397,-2.54001,RUC,67.1,24.0,18.0
557,136,J.Crisp,COL,8,106,8,77.125,0.263,-1.588,-1.438879,DEF,75.7,24.5,18.5
3189,289,W.Powell,GCS,8,106,8,93.0,0.263,-0.305,-0.455436,DEF,81.3,24.5,18.5
4565,378,J.Peatling,GWS,6,116,8,57.0,0.368,-3.216,-3.437536,MID,57.0,24.5,
7669,560,O.Wines,PTA,7,116,8,99.1429,0.368,0.192,-0.010767999999999972,MID,82.3,24.5,20.0
306,12,D.Fogarty,ADE,8,89,8,60.875,0.263,-2.902,-2.5743020000000003,FWD,60.9,25.0,
5084,409,C.Macdonald,HAW,8,89,8,64.75,0.263,-2.589,-2.173986,FWD,64.8,25.0,13.5
8161,589,S.Naismith,RIC,3,45,8,60.6667,0.105,-2.919,-3.089625,RUC,60.7,25.0,
9700,677,H.McLean,SYD,8,89,8,70.875,0.263,-2.094,-1.956188,FWD,70.9,25.0,13.5
526,135,M.Cox,COL,8,37,8,57.5,0.105,-3.175,-3.357595,RUC,57.5,26.0,
9874,686,J.Rowbottom,SYD,8,115,8,97.5,0.368,0.059,-0.276616,MID,82.8,26.0,21.0
2073,218,J.Clark,FRE,8,105,8,102.125,0.263,0.433,0.52768,DEF,84.4,27.0,20.0
3211,290,E.Read,GCS,4,32,8,39.25,0.105,-4.651,-4.874649999999999,RUC,39.2,27.0,
4211,352,J.Buckley,GWS,8,105,8,81.875,0.263,-1.204,-1.4067729999999998,DEF,77.4,27.0,
5003,403,B.Hardwick,HAW,8,105,8,63.0,0.263,-2.731,-2.602393,DEF,63.0,27.0,
8696,623,B.Hill,STK,8,88,8,81.625,0.263,-1.224,-1.224,FWD,77.3,27.0,
3422,302,T.Atkins,GEE,7,113,8,79.0,0.368,-1.437,-1.763784,MID,76.2,27.5,22.5
3830,325,M.Holmes,GEE,8,113,8,99.375,0.368,0.211,-0.009064000000000016,MID,83.5,27.5,22.5
8078,585,D.*** Martin,RIC,6,87,8,73.6667,0.263,-1.868,-1.913236,FWD,73.7,28.0,15.0
4085,342,T.Stewart,GEE,7,104,8,98.4286,0.263,0.134,0.090342,DEF,82.1,29.0,21.0
8962,640,J.Steele,STK,8,112,8,114.5,0.368,1.434,1.121568,MID,88.7,29.0,24.0
2181,227,M.Frederick,FRE,6,86,8,55.3333,0.263,-3.35,-3.330275,FWD,55.3,30.0,
2264,230,L.Jackson,FRE,8,86,8,100.5,0.263,0.302,0.45848500000000003,FWD,83.9,30.0,16.5
7036,52,J.Daniher,BRL,8,86,8,82.75,0.263,-1.133,-0.862899,FWD,77.7,30.0,16.5
11172,766,J.McGovern,WCE,8,101,8,106.0,0.263,0.747,0.914005,DEF,85.8,30.0,
1348,179,X.Duursma,ESS,8,111,8,81.625,0.368,-1.224,-1.695408,MID,77.3,30.5,
9112,647,M.Windhager,STK,7,111,8,82.2857,0.368,-1.171,-1.91988,MID,77.2,30.5,
5295,42,J.Worrell,ADE,8,100,8,90.875,0.263,-0.476,-0.6787730000000001,DEF,80.5,31.0,
1932,211,P.Wright,ESS,4,85,8,66.5,0.263,-2.448,-2.172639,FWD,66.5,32.5,
2625,256,B.Ainsworth,GCS,8,85,8,69.875,0.263,-2.175,-2.0763749999999996,FWD,69.9,32.5,18.0
5249,417,C.Nash,HAW,8,109,8,78.75,0.368,-1.457,-1.914056,MID,76.3,32.5,25.5
9465,666,I.Heeney,SYD,8,109,8,131.0,0.368,2.768,2.270832,MID,94.5,32.5,25.5
1531,189,J.Kelly,ESS,7,98,8,71.4286,0.263,-2.049,-2.4413959999999997,DEF,71.4,33.0,
8480,607,R.Bonner,STK,8,98,8,82.5,0.263,-1.154,-1.443563,DEF,77.6,33.0,22.0
11575,84,D.Wilmot,BRL,8,98,8,80.75,0.263,-1.295,-1.3276119999999998,DEF,77.0,33.0,
2302,231,M.Johnson,FRE,8,108,8,59.25,0.368,-3.034,-3.401632,MID,59.2,34.0,
10805,745,J.Cripps,WCE,8,84,8,74.125,0.263,-1.831,-1.618496,FWD,74.1,34.0,
720,144,H.Harrison,COL,2,83,8,65.5,0.263,-2.528,-2.819404,FWD,65.5,35.0,
8541,61,R.Lester,BRL,8,97,8,74.75,0.263,-1.78,-2.012229,DEF,74.8,35.0,
2034,215,A.Brayshaw,FRE,8,107,8,106.25,0.368,0.767,0.745656,MID,85.9,36.0,28.0
4252,354,F.Callaghan,GWS,7,107,8,80.1429,0.368,-1.344,-1.635456,MID,76.6,36.0,28.0
10569,730,A.Treloar,WBD,8,107,8,109.875,0.368,1.06,1.184752,MID,87.1,36.0,28.0
2096,22,M.Michalanney,ADE,8,96,8,66.75,0.263,-2.427,-2.637926,DEF,66.8,36.5,
8271,594,D.Rioli,RIC,8,96,8,92.25,0.263,-0.365,-0.381569,DEF,81.0,36.5,23.0
1989,213,J.Amiss,FRE,7,81,8,52.4286,0.263,-3.585,-3.4072119999999995,FWD,52.4,37.5,
5106,41,T.Walker,ADE,7,81,8,77.5714,0.263,-1.552,-1.655885,FWD,75.8,37.5,19.5
8378,600,T.Sonsie,RIC,4,81,8,48.25,0.263,-3.923,-4.021888000000001,FWD,48.2,37.5,
10379,719,J.Macrae,WBD,6,81,8,77.6667,0.263,-1.545,-1.443482,FWD,75.7,37.5,19.5
558,136,J.Crisp,COL,8,106,8,77.125,0.368,-1.588,-1.59352,MID,75.7,38.5,30.5
1057,163,S.Pendlebury,COL,8,106,8,78.75,0.368,-1.457,-1.53796,MID,76.3,38.5,30.5
4393,367,H.Himmelberg,GWS,8,95,8,87.0,0.263,-0.79,-0.738978,DEF,79.2,39.0,25.0
4439,369,C.Idun,GWS,8,95,8,81.375,0.263,-1.245,-1.2455260000000001,DEF,77.2,39.0,25.0
6468,488,Z.Fisher,NTH,8,95,8,70.75,0.263,-2.104,-1.878609,DEF,70.8,39.0,25.0
5904,460,H.Petty,MEL,6,79,8,46.0,0.263,-4.105,-3.8519940000000004,FWD,46.0,40.0,
8880,636,S.Ross,STK,8,102,8,85.125,0.368,-0.941,-1.8499599999999998,MID,78.5,40.0,
6028,468,T.Sparrow,MEL,8,78,8,73.25,0.263,-1.902,-1.909627,FWD,73.2,41.0,
9909,690,C.Warner,SYD,8,100,8,103.75,0.368,0.565,0.39387999999999995,MID,85.0,41.0,32.0
853,151,P.Lipinski,COL,8,99,8,80.875,0.368,-1.285,-1.834792,MID,77.0,42.5,33.5
992,16,M.Hinge,ADE,8,93,8,95.75,0.263,-0.082,-0.156955,DEF,82.2,42.5,27.5
1702,195,B.McKay,ESS,8,93,8,73.5,0.263,-1.881,-2.186606,DEF,73.5,42.5,
3613,310,B.Close,GEE,8,77,8,69.625,0.263,-2.195,-2.216566,FWD,69.6,42.5,
3937,331,G.Miers,GEE,8,77,8,90.375,0.263,-0.517,-0.458614,FWD,80.3,42.5,21.0
7391,537,D.Houston,PTA,8,93,8,111.875,0.263,1.222,1.169663,DEF,87.8,42.5,27.5
8727,625,D.Howard,STK,2,93,8,64.0,0.263,-2.65,-2.983484,DEF,64.0,42.5,
11737,93,A.Cerra,CAR,5,99,8,96.8,0.368,0.003,-0.7418319999999999,MID,79.7,42.5,33.5
3508,305,J.Bowes,GEE,6,92,8,87.5,0.263,-0.749,-0.92521,DEF,78.3,45.0,
1776,199,A.Perkins,ESS,5,76,8,86.4,0.263,-0.838,-1.125459,FWD,77.5,45.5,
3373,30,J.Rachele,ADE,8,76,8,63.0,0.263,-2.731,-2.540325,FWD,63.0,45.5,22.5
4959,400,J.Ginnivan,HAW,8,76,8,64.625,0.263,-2.599,-2.244476,FWD,64.6,45.5,
7265,530,C.Dixon,PTA,7,76,8,81.1429,0.263,-1.263,-1.168057,FWD,76.9,45.5,22.5
104,106,G.Hewett,CAR,8,98,8,99.625,0.368,0.231,-0.257336,MID,83.6,46.0,36.5
1532,189,J.Kelly,ESS,7,98,8,71.4286,0.368,-2.049,-2.794568,MID,71.4,46.0,
1817,20,R.Laird,ADE,8,98,8,109.0,0.368,0.989,0.6721520000000001,MID,86.8,46.0,36.5
4696,386,C.Ward,GWS,4,98,8,70.5,0.368,-2.124,-2.2999039999999997,MID,70.5,46.0,36.5
8479,607,R.Bonner,STK,8,98,8,82.5,0.368,-1.154,-1.764512,MID,77.6,46.0,36.5
9038,645,C.Wilkie,STK,8,91,8,84.5,0.263,-0.992,-0.874702,DEF,78.3,46.0,29.0
1839,200,M.Redman,ESS,7,90,8,83.0,0.263,-1.113,-1.058296,DEF,77.4,47.5,30.0
3655,313,S.De Koning,GEE,8,90,8,58.875,0.263,-3.064,-3.07452,DEF,58.9,47.5,
1014,160,D.Moore,COL,8,88,8,78.75,0.263,-1.457,-1.680287,DEF,76.3,49.0,31.0
5760,453,T.McDonald,MEL,7,75,8,73.2857,0.263,-1.899,-1.5371119999999998,FWD,73.3,49.0,
9666,676,J.McInerney,SYD,8,75,8,81.25,0.263,-1.255,-0.991737,FWD,77.2,49.0,
11428,781,L.Sullivan,COL,1,75,8,75.0,0.263,-1.76,-2.1037410000000003,FWD,75.0,49.0,
6282,48,J.Berry,BRL,8,96,8,85.5,0.368,-0.911,-1.3077040000000002,MID,78.7,49.5,
9134,648,M.Wood,STK,3,96,8,63.6667,0.368,-2.677,-2.547096,MID,63.7,49.5,39.0
1679,194,A.McGrath,ESS,8,87,8,104.125,0.263,0.595,0.394857,DEF,85.1,51.0,32.5
5798,454,J.McVee,MEL,8,87,8,76.5,0.263,-1.639,-1.924881,DEF,75.5,51.0,
10862,749,L.Duggan,WCE,8,87,8,95.5,0.263,-0.103,-0.37389,DEF,82.1,51.0,32.5
352,122,M.Owies,CAR,8,72,8,46.375,0.263,-4.075,-3.788067,FWD,46.4,52.0,
5939,461,K.Pickett,MEL,6,72,8,72.3333,0.263,-1.976,-1.7461380000000002,FWD,72.3,52.0,24.5
6723,507,T.Powell,NTH,8,72,8,85.125,0.263,-0.941,-0.8144969999999999,FWD,78.5,52.0,24.5
4500,372,J.Kelly,GWS,8,95,8,105.875,0.368,0.736,0.35438400000000003,MID,85.7,52.5,41.5
5272,418,J.Newcombe,HAW,8,95,8,84.75,0.368,-0.972,-0.78616,MID,78.4,52.5,41.5
9412,663,E.Gulden,SYD,8,95,8,105.5,0.368,0.706,0.638656,MID,85.6,52.5,41.5
11644,87,B.Acres,CAR,8,95,8,98.625,0.368,0.15,-0.279824,MID,83.2,52.5,41.5
1035,162,J.Noble,COL,6,86,8,76.3333,0.263,-1.652,-1.7316889999999998,DEF,75.3,54.0,
5315,423,J.Scrimshaw,HAW,8,86,8,84.75,0.263,-0.972,-1.126381,DEF,78.4,54.0,34.0
7413,539,L.Jones,PTA,8,86,8,56.125,0.263,-3.286,-3.61475,DEF,56.1,54.0,
9173,649,T.Adams,SYD,4,71,8,80.75,0.263,-1.295,-1.3610129999999998,FWD,76.0,54.0,26.0
5879,459,C.Petracca,MEL,8,94,8,107.0,0.368,0.827,0.535912,MID,86.1,55.5,44.5
11669,9,J.Dawson,ADE,8,94,8,99.75,0.368,0.241,0.12434400000000001,MID,83.6,55.5,44.5
9890,69,C.McKenna,BRL,3,85,8,61.3333,0.263,-2.865,-3.2332,DEF,61.3,56.0,
128,107,E.Hollands,CAR,6,70,8,68.3333,0.263,-2.299,-1.9402679999999999,FWD,68.3,57.0,
2051,217,H.Chapman,FRE,2,84,8,75.0,0.263,-1.76,-2.0166880000000003,DEF,75.0,57.0,
4479,370,D.Jones,GWS,2,70,8,72.5,0.263,-1.962,-1.940171,FWD,72.5,57.0,
5594,441,B.Fritsch,MEL,8,70,8,58.625,0.263,-3.084,-3.029559,FWD,58.6,57.0,
7131,523,T.Boak,PTA,6,70,8,70.3333,0.263,-2.138,-1.7356099999999999,FWD,70.3,57.0,
9791,681,T.Papley,SYD,8,70,8,79.25,0.263,-1.417,-1.1695170000000001,FWD,76.5,57.0,
1325,178,S.Durham,ESS,7,93,8,83.0,0.368,-1.113,-1.206104,MID,77.4,57.5,
3163,286,T.Miller,GCS,8,93,8,115.0,0.368,1.474,0.9194239999999999,MID,88.9,57.5,46.0
10488,725,E.Richards,WBD,7,82,8,82.1429,0.263,-1.183,-0.829002,DEF,77.2,58.0,35.0
1957,212,J.Aish,FRE,8,81,8,84.25,0.263,-1.012,-1.7086869999999998,DEF,78.2,59.5,
2652,257,N.Anderson,GCS,8,92,8,110.75,0.368,1.131,0.857944,MID,87.4,59.5,47.0
3507,305,J.Bowes,GEE,6,92,8,87.5,0.368,-0.749,-1.206792,MID,78.3,59.5,
8449,606,J.Battle,STK,8,81,8,74.875,0.263,-1.77,-1.65165,DEF,74.9,59.5,
401,126,S.Walsh,CAR,4,91,8,122.75,0.368,2.101,1.533912,MID,83.3,61.0,48.0
6537,498,N.Larkey,NTH,8,69,8,56.875,0.263,-3.226,-2.976413,FWD,56.9,61.0,
7595,551,W.Rioli,PTA,8,69,8,58.125,0.263,-3.125,-2.909603,FWD,58.1,61.0,
9507,667,J.Jordon,SYD,8,69,8,76.375,0.263,-1.649,-1.6421620000000001,FWD,75.5,61.0,27.0
800,147,J.Howe,COL,7,80,8,76.2857,0.263,-1.656,-1.656526,DEF,75.4,62.5,
1611,191,J.Laverde,ESS,7,80,8,61.1429,0.263,-2.881,-2.934652,DEF,61.1,62.5,
5447,430,J.Weddle,HAW,8,80,8,72.25,0.263,-1.983,-2.113185,DEF,72.2,62.5,
6389,483,L.Davies-Uniacke,NTH,8,90,8,96.375,0.368,-0.032,0.21456,MID,82.4,62.5,49.5
10258,711,J.Harmes,WBD,4,90,8,63.25,0.368,-2.71,-2.924176,MID,63.2,62.5,49.5
11401,779,E.Yeo,WCE,8,80,8,113.125,0.263,1.323,1.18887,DEF,88.3,62.5,36.0
3060,280,B.King,GCS,8,68,8,63.75,0.263,-2.67,-2.612929,FWD,63.8,63.5,
5835,457,A.Neal-Bullen,MEL,8,68,8,80.5,0.263,-1.315,-0.96784,FWD,76.9,63.5,28.0
2896,272,B.Fiorini,GCS,8,89,8,82.625,0.368,-1.144,-1.8420959999999997,MID,77.7,64.5,
5470,432,J.Worpel,HAW,8,89,8,91.5,0.368,-0.426,-0.854352,MID,80.7,64.5,51.0
5905,460,H.Petty,MEL,6,79,8,46.0,0.263,-4.105,-4.262011,DEF,46.0,65.0,
3681,314,O.Dempsey,GEE,8,66,8,68.125,0.263,-2.316,-1.9380689999999998,FWD,68.1,65.5,
10227,709,R.Garcia,WBD,3,66,8,70.6667,0.263,-2.111,-1.9702950000000001,FWD,70.7,65.5,
7865,567,N.Broad,RIC,7,77,8,73.4286,0.263,-1.887,-2.207597,DEF,73.4,66.0,
8697,623,B.Hill,STK,8,88,8,81.625,0.368,-1.224,-1.929824,MID,77.3,66.0,
4040,34,L.Sholl,ADE,5,86,8,79.4,0.368,-1.404,-1.555248,MID,76.0,67.0,
818,15,E.Himmelberg,ADE,2,65,8,81.5,0.263,-1.235,-1.6626380000000003,FWD,75.6,67.5,
4232,353,A.Cadman,GWS,8,65,8,63.625,0.263,-2.68,-2.903287,FWD,63.6,67.5,
2626,256,B.Ainsworth,GCS,8,85,8,69.875,0.368,-2.175,-2.7597519999999998,MID,69.9,68.5,52.0
4137,348,L.Ash,GWS,8,76,8,81.5,0.263,-1.235,-1.244731,DEF,77.3,68.5,37.5
5662,448,E.Langdon,MEL,8,85,8,79.125,0.368,-1.427,-1.7526799999999998,MID,76.4,68.5,
6343,481,A.Corr,NTH,8,76,8,62.5,0.263,-2.771,-2.935375,DEF,62.5,68.5,
6617,502,L.McDonald,NTH,7,76,8,61.5714,0.263,-2.846,-2.93542,DEF,61.6,68.5,
7319,533,K.Farrell,PTA,8,76,8,82.0,0.263,-1.194,-1.273952,DEF,77.4,68.5,37.5
4977,402,J.Gunston,HAW,5,64,8,50.2,0.263,-3.766,-3.423048,FWD,50.2,69.0,
11830,98,D.Cuningham,CAR,3,63,8,66.0,0.263,-2.488,-2.9635040000000004,FWD,66.0,70.0,
2323,238,J.O'Meara,FRE,7,84,8,45.4286,0.368,-4.151,-4.037656,MID,45.4,70.5,
7368,536,J.Horne-Francis,PTA,6,84,8,100.667,0.368,0.315,0.078376,MID,81.7,70.5,53.0
5759,453,T.McDonald,MEL,7,75,8,73.2857,0.263,-1.899,-1.8779599999999999,DEF,73.3,71.0,
596,137,J.Daicos,COL,8,82,8,84.875,0.368,-0.962,-1.108096,MID,78.4,72.5,54.5
1414,182,M.Guelfi,ESS,2,62,8,65.0,0.263,-2.569,-2.2328859999999997,FWD,65.0,72.5,
4063,340,T.Stengle,GEE,8,62,8,77.375,0.263,-1.568,-1.460433,FWD,75.8,72.5,
4358,363,T.Greene,GWS,7,62,8,74.5714,0.263,-1.795,-1.469669,FWD,74.6,72.5,29.0
8203,591,M.Pickett,RIC,8,62,8,58.375,0.263,-3.105,-3.035305,FWD,58.4,72.5,
10489,725,E.Richards,WBD,7,82,8,82.1429,0.368,-1.183,-0.910312,MID,77.2,72.5,54.5
482,130,L.Young,CAR,5,74,8,69.8,0.263,-2.181,-2.5339460000000003,DEF,69.8,73.0,
767,146,W.Hoskin-Elliott,COL,7,74,8,65.0,0.263,-2.569,-2.7523109999999997,DEF,65.0,73.0,
8439,604,T.Young,RIC,7,74,8,44.0,0.263,-4.267,-4.600747,DEF,44.0,73.0,
1958,212,J.Aish,FRE,8,81,8,84.25,0.368,-1.012,-2.1826079999999997,MID,78.2,74.5,
10378,719,J.Macrae,WBD,6,81,8,77.6667,0.368,-1.545,-2.106936,MID,75.7,74.5,56.0
6808,509,H.Sheezel,NTH,8,73,8,118.125,0.263,1.727,1.846665,DEF,90.0,75.0,39.0
4295,357,B.Daniels,GWS,7,61,8,81.1429,0.263,-1.263,-0.807484,FWD,76.9,75.5,30.5
4416,368,J.Hogan,GWS,8,61,8,90.5,0.263,-0.507,-0.19061100000000003,FWD,80.4,75.5,30.5
2426,243,J.Sharp,FRE,8,80,8,71.875,0.368,-2.013,-2.508696,MID,71.9,77.0,
10341,717,T.Liberatore,WBD,6,80,8,106.833,0.368,0.814,0.5652320000000001,MID,83.3,77.0,57.5
11402,779,E.Yeo,WCE,8,80,8,113.125,0.368,1.323,0.908264,MID,88.3,77.0,57.5
1362,18,M.Keane,ADE,7,72,8,79.8571,0.263,-1.367,-1.529534,DEF,76.5,77.5,
3890,329,J.Kolodjashnij,GEE,7,72,8,63.5714,0.263,-2.684,-2.7316030000000002,DEF,63.6,77.5,
4595,379,H.Perryman,GWS,7,72,8,75.0,0.263,-1.76,-1.83101,DEF,75.0,77.5,
7886,568,T.Brown,RIC,6,72,8,62.3333,0.263,-2.784,-3.171925,DEF,62.3,77.5,
452,128,Z.Williams,CAR,8,60,8,67.25,0.263,-2.387,-2.182912,FWD,67.2,79.0,32.5
5171,411,F.Maginness,HAW,7,60,8,54.7143,0.263,-3.401,-3.4275629999999997,FWD,54.7,79.0,
7013,519,C.Zurhaar,NTH,7,60,8,64.1429,0.263,-2.638,-2.342914,FWD,64.1,79.0,
7721,562,L.Baker,RIC,7,60,8,83.0,0.263,-1.113,-0.887346,FWD,77.4,79.0,32.5
8821,631,T.Membrey,STK,8,60,8,60.875,0.263,-2.902,-2.676346,FWD,60.9,79.0,
11480,79,H.Sharp,BRL,1,79,8,79.0,0.368,-1.437,-3.3075439999999996,MID,75.2,79.0,
3580,308,J.Clark,GEE,7,78,8,37.1429,0.368,-4.821,-5.255976,MID,37.1,81.0,
6029,468,T.Sparrow,MEL,8,78,8,73.25,0.368,-1.902,-2.6391039999999997,MID,73.2,81.0,
6168,474,J.Viney,MEL,8,78,8,91.75,0.368,-0.406,-0.815584,MID,80.8,81.0,59.0
9016,644,J.Webster,STK,1,71,8,71.0,0.263,-2.084,-2.500592,DEF,71.0,81.0,
9577,671,J.Lloyd,SYD,8,71,8,78.5,0.263,-1.477,-1.485679,DEF,76.2,81.0,40.0
10284,714,L.Jones,WBD,8,71,8,71.75,0.263,-2.023,-2.221302,DEF,71.8,81.0,
1775,199,A.Perkins,ESS,5,76,8,86.4,0.368,-0.838,-1.9670239999999999,MID,77.5,83.5,
10695,735,B.Williams,WBD,8,76,8,76.125,0.368,-1.669,-2.028536,MID,75.4,83.5,
11062,76,B.Reville,BRL,1,59,8,59.0,0.263,-3.054,-3.0931869999999995,FWD,59.0,83.5,
11219,770,H.Reid,WCE,7,59,8,85.7143,0.263,-0.894,-0.7703899999999999,FWD,78.3,83.5,34.5
11373,778,A.Witherden,WCE,5,70,8,60.0,0.263,-2.973,-2.953801,DEF,60.0,83.5,41.0
11468,786,M.Lefau,RIC,6,59,8,57.3333,0.263,-3.189,-3.114571,FWD,57.3,83.5,
11691,90,J.Boyd,CAR,8,70,8,74.0,0.263,-1.841,-2.350168,DEF,74.0,83.5,
11840,99,C.Curnow,CAR,8,59,8,91.5,0.263,-0.426,-0.37866,FWD,80.7,83.5,34.5
422,127,J.Weitering,CAR,6,69,8,78.3333,0.263,-1.491,-1.6459070000000002,DEF,75.9,85.5,
1433,184,D.Heppell,ESS,8,69,8,94.375,0.263,-0.193,-0.388146,DEF,81.7,85.5,
9665,676,J.McInerney,SYD,8,75,8,81.25,0.368,-1.255,-1.56412,MID,77.2,85.5,
11429,781,L.Sullivan,COL,1,75,8,75.0,0.368,-1.76,-3.000896,MID,75.0,85.5,
1205,173,J.Caldwell,ESS,8,58,8,88.375,0.263,-0.679,-0.27845100000000006,FWD,79.7,87.0,36.0
1924,21,N.McHenry,ADE,7,58,8,44.4286,0.263,-4.232,-4.204122,FWD,44.4,87.0,
3802,324,O.Henry,GEE,8,58,8,62.375,0.263,-2.781,-2.871209,FWD,62.4,87.0,
766,146,W.Hoskin-Elliott,COL,7,74,8,65.0,0.368,-2.569,-3.023848,MID,65.0,87.5,
7552,55,J.Fletcher,BRL,8,74,8,66.375,0.368,-2.458,-3.004112,MID,66.4,87.5,
1566,19,B.Keays,ADE,8,57,8,66.625,0.263,-2.437,-1.89522,FWD,66.6,89.0,37.0
2690,259,R.Atkins,GCS,3,68,8,38.0,0.263,-4.752,-5.116518,DEF,38.0,89.0,
2699,26,L.Nankervis,ADE,5,68,8,64.4,0.263,-2.617,-2.639881,DEF,64.4,89.0,
4638,384,S.Taylor,GWS,6,68,8,76.6667,0.263,-1.625,-1.9000979999999998,DEF,75.4,89.0,42.5
4769,390,K.Amon,HAW,8,68,8,85.5,0.263,-0.911,-0.817372,DEF,78.7,89.0,42.5
6724,507,T.Powell,NTH,8,72,8,85.125,0.368,-0.941,-1.447368,MID,78.5,89.0,60.0
8232,593,H.Ralphsmith,RIC,3,68,8,65.0,0.263,-2.569,-3.103153,DEF,65.0,89.0,
9172,649,T.Adams,SYD,4,71,8,80.75,0.368,-1.295,-2.10276,MID,76.0,90.5,61.5
9578,671,J.Lloyd,SYD,8,71,8,78.5,0.368,-1.477,-1.69964,MID,76.2,90.5,61.5
4900,398,C.Dear,HAW,1,56,8,56.0,0.263,-3.297,-3.2712260000000004,FWD,56.0,91.5,
8009,58,E.Hipwood,BRL,8,56,8,55.0,0.263,-3.377,-3.001962,FWD,55.0,91.5,
8621,617,H.Garcia,STK,4,56,8,52.0,0.263,-3.62,-3.6481410000000003,FWD,52.0,91.5,
11191,767,J.Petruccelle,WCE,8,56,8,60.875,0.263,-2.902,-2.9945760000000003,FWD,60.9,91.5,
7206,525,R.Burton,PTA,7,66,8,76.7143,0.263,-1.622,-1.881318,DEF,75.5,92.0,44.0
129,107,E.Hollands,CAR,6,70,8,68.3333,0.368,-2.299,-2.494776,MID,68.3,92.5,
7130,523,T.Boak,PTA,6,70,8,70.3333,0.368,-2.138,-2.26312,MID,70.3,92.5,
10554,73,J.Payne,BRL,7,64,8,47.2857,0.263,-4.001,-3.8865950000000002,DEF,47.3,93.0,
693,142,J.Elliott,COL,8,55,8,64.125,0.263,-2.64,-2.480359,FWD,64.1,94.0,
4106,343,Z.Tuohy,GEE,6,69,8,70.0,0.368,-2.164,-2.755008,MID,70.0,94.5,
9508,667,J.Jordon,SYD,8,69,8,76.375,0.368,-1.649,-2.3570320000000002,MID,75.5,94.5,63.0
2829,266,S.Collins,GCS,8,62,8,79.625,0.263,-1.386,-1.5125030000000002,DEF,76.6,95.0,
6575,5,J.Butts,ADE,5,62,8,54.6,0.263,-3.41,-3.693251,DEF,54.6,95.0,
11745,94,A.Cincotta,CAR,1,62,8,62.0,0.263,-2.811,-3.386707,DEF,62.0,95.0,
738,145,B.Hill,COL,8,54,8,57.875,0.263,-3.145,-2.873321,FWD,57.9,96.0,
2551,252,M.Walters,FRE,8,54,8,51.625,0.263,-3.65,-3.712068,FWD,51.6,96.0,
10316,716,B.Khamis,WBD,8,54,8,58.375,0.263,-3.105,-3.149447,FWD,58.4,96.0,
2700,26,L.Nankervis,ADE,5,68,8,64.4,0.368,-2.617,-2.8514160000000004,MID,64.4,97.5,
2738,260,C.Ballard,GCS,8,61,8,68.375,0.263,-2.296,-2.599502,DEF,68.4,97.5,
4768,390,K.Amon,HAW,8,68,8,85.5,0.368,-0.911,-0.9974799999999999,MID,78.7,97.5,64.5
8233,593,H.Ralphsmith,RIC,3,68,8,65.0,0.368,-2.569,-3.50556,MID,65.0,97.5,
9321,658,O.Florent,SYD,8,61,8,87.75,0.263,-0.729,-1.0317129999999999,DEF,79.4,97.5,
11812,97,P.Cripps,CAR,8,68,8,107.0,0.368,0.827,0.8082320000000001,MID,86.1,97.5,64.5
7462,543,T.Marshall,PTA,8,53,8,60.0,0.263,-2.973,-2.9464369999999995,FWD,60.0,98.5,
10620,732,L.Vandermeer,WBD,8,53,8,59.0,0.263,-3.054,-3.1676159999999998,FWD,59.0,98.5,
3682,314,O.Dempsey,GEE,8,66,8,68.125,0.368,-2.316,-2.483072,MID,68.1,100.0,
453,128,Z.Williams,CAR,8,60,8,67.25,0.263,-2.387,-2.5524270000000002,DEF,67.2,100.5,46.0
921,154,B.Maynard,COL,8,60,8,90.625,0.263,-0.497,-0.885714,DEF,80.4,100.5,46.0
6770,508,B.Scott,NTH,8,60,8,68.625,0.263,-2.276,-2.314661,DEF,68.6,100.5,
7720,562,L.Baker,RIC,7,60,8,83.0,0.263,-1.113,-1.2213559999999999,DEF,77.4,100.5,46.0
3235,293,M.Rowell,GCS,8,65,8,122.75,0.368,2.101,1.299496,MID,91.6,101.0,66.0
5549,439,K.Chandler,MEL,8,52,8,67.75,0.263,-2.346,-2.271571,FWD,67.8,102.0,
6307,480,C.Comben,NTH,5,52,8,74.4,0.263,-1.809,-1.55389,FWD,74.4,102.0,
6852,511,J.Simpkin,NTH,7,52,8,57.8571,0.263,-3.146,-2.452206,FWD,57.9,102.0,38.5
8840,633,M.Owens,STK,8,52,8,72.25,0.263,-1.983,-1.988786,FWD,72.2,102.0,38.5
9350,659,R.Fox,SYD,7,52,8,57.2857,0.263,-3.193,-3.238499,FWD,57.3,102.0,
8204,591,M.Pickett,RIC,8,62,8,58.375,0.368,-3.105,-3.760776,MID,58.4,102.5,
10971,754,R.Ginbey,WCE,8,62,8,65.0,0.368,-2.569,-2.881432,MID,65.0,102.5,
1252,174,N.Cox,ESS,8,59,8,56.375,0.263,-3.266,-3.699687,DEF,56.4,104.0,
2954,275,W.Graham,GCS,5,59,8,73.0,0.263,-1.922,-2.3351729999999997,DEF,73.0,104.0,
9738,678,L.Melican,SYD,8,59,8,55.0,0.263,-3.377,-3.7081169999999997,DEF,55.0,104.0,
1128,168,S.Sidebottom,COL,7,61,8,56.1429,0.368,-3.285,-3.111304,MID,56.1,104.5,
4718,388,J.Wehr,GWS,8,61,8,56.875,0.368,-3.226,-3.823632,MID,56.9,104.5,
3559,307,J.Cameron,GEE,8,50,8,89.25,0.263,-0.608,-0.411539,FWD,80.0,105.0,40.0
5170,411,F.Maginness,HAW,7,60,8,54.7143,0.368,-3.401,-4.2105999999999995,MID,54.7,106.5,
6769,508,B.Scott,NTH,8,60,8,68.625,0.368,-2.276,-2.5347039999999996,MID,68.6,106.5,
10106,704,S.Darcy,WBD,7,49,8,73.5714,0.263,-1.876,-1.526473,FWD,73.6,106.5,
10834,747,J.Darling,WCE,8,49,8,59.125,0.263,-3.044,-2.9761460000000004,FWD,59.1,106.5,
2672,258,M.Andrew,GCS,5,58,8,85.0,0.263,-0.952,-1.340188,DEF,77.2,107.0,
3779,323,J.Henry,GEE,8,58,8,55.75,0.263,-3.317,-3.268871,DEF,55.8,107.0,
9300,656,H.Cunningham,SYD,7,58,8,55.7143,0.263,-3.32,-3.615086,DEF,55.7,107.0,
5501,434,J.Billings,MEL,8,48,8,59.0,0.263,-3.054,-2.9324939999999997,FWD,59.0,108.5,41.0
6232,476,T.Woewodin,MEL,6,48,8,29.8333,0.263,-5.412,-5.399376,FWD,29.8,108.5,
2346,239,A.Pearce,FRE,8,57,8,73.0,0.263,-1.922,-2.2005169999999996,DEF,73.0,109.0,
1251,174,N.Cox,ESS,8,59,8,56.375,0.368,-3.266,-4.059776,MID,56.4,110.0,
2953,275,W.Graham,GCS,5,59,8,73.0,0.368,-1.922,-2.697008,MID,73.0,110.0,
6935,516,D.Tucker,NTH,8,56,8,57.25,0.263,-3.195,-3.2039419999999996,DEF,57.2,110.0,
7282,531,W.Drew,PTA,8,59,8,98.75,0.368,0.16,-0.362928,MID,83.3,110.0,
11061,76,B.Reville,BRL,1,59,8,59.0,0.368,-3.054,-3.872432,MID,59.0,110.0,
11218,770,H.Reid,WCE,7,59,8,85.7143,0.368,-0.894,-1.40368,MID,78.3,110.0,67.0
1109,167,L.Schultz,COL,8,47,8,58.125,0.263,-3.125,-2.906973,FWD,58.1,110.5,42.0
6593,50,C.Cameron,BRL,8,47,8,56.625,0.263,-3.246,-3.056114,FWD,56.6,110.5,
9990,696,L.Bramble,WBD,8,55,8,71.625,0.263,-2.033,-2.16187,DEF,71.6,111.0,
7243,527,D.Byrne-Jones,PTA,8,46,8,67.0,0.263,-2.407,-2.303641,FWD,67.0,112.0,
1206,173,J.Caldwell,ESS,8,58,8,88.375,0.368,-0.679,-0.7643759999999999,MID,79.7,113.5,68.5
3766,322,T.Hawkins,GEE,7,45,8,58.2857,0.263,-3.112,-3.0157420000000004,FWD,58.3,113.5,
4885,397,W.Day,HAW,2,58,8,62.5,0.368,-2.771,-2.190296,MID,62.5,113.5,68.5
10202,708,H.Gallagher,WBD,8,45,8,45.375,0.263,-4.156,-4.0310749999999995,FWD,45.4,113.5,
4729,389,L.Whitfield,GWS,8,54,8,101.25,0.263,0.362,0.6502479999999999,DEF,84.1,114.0,48.5
5962,462,T.Rivers,MEL,8,54,8,79.375,0.263,-1.406,-1.3391979999999999,DEF,76.5,114.0,48.5
10274,712,J.Johannisen,WBD,8,54,8,83.0,0.263,-1.113,-1.306305,DEF,77.8,114.0,
10317,716,B.Khamis,WBD,8,54,8,58.375,0.263,-3.105,-3.5628830000000002,DEF,58.4,114.0,
10782,744,T.Cole,WCE,8,54,8,65.75,0.263,-2.508,-2.665537,DEF,65.8,114.0,
3468,304,M.Blicavs,GEE,8,57,8,67.125,0.368,-2.397,-2.817992,MID,67.1,115.0,70.0
10890,75,C.Rayner,BRL,8,44,8,74.25,0.263,-1.821,-1.506189,FWD,74.2,115.0,43.0
6934,516,D.Tucker,NTH,8,56,8,57.25,0.368,-3.195,-3.406232,MID,57.2,116.5,
8622,617,H.Garcia,STK,4,56,8,52.0,0.368,-3.62,-4.438432000000001,MID,52.0,116.5,
9989,696,L.Bramble,WBD,8,55,8,71.625,0.368,-2.033,-2.416824,MID,71.6,118.0,
905,153,O.Markov,COL,4,53,8,46.0,0.263,-4.105,-4.393248000000001,DEF,46.0,118.5,
1398,181,J.Gresham,ESS,8,43,8,67.375,0.263,-2.377,-2.396988,FWD,67.4,118.5,44.0
2162,225,T.Emmett,FRE,8,43,8,41.875,0.263,-4.439,-4.408755,FWD,41.9,118.5,
2986,276,N.Holman,GCS,8,43,8,47.875,0.263,-3.954,-3.690737,FWD,47.9,118.5,
4664,385,H.Thomas,GWS,8,43,8,55.5,0.263,-3.337,-3.275195,FWD,55.5,118.5,
7575,550,E.Ratugolea,PTA,8,53,8,62.25,0.263,-2.791,-3.108704,DEF,62.2,118.5,
7933,57,D.Gardiner,BRL,7,43,8,49.7143,0.263,-3.805,-3.6827050000000003,FWD,49.7,118.5,
10619,732,L.Vandermeer,WBD,8,53,8,59.0,0.263,-3.054,-3.586575,DEF,59.0,118.5,
11775,95,M.Cottrell,CAR,8,43,8,60.625,0.263,-2.923,-2.9119539999999997,FWD,60.6,118.5,
11791,96,L.Cowan,CAR,3,53,8,51.6667,0.263,-3.647,-3.670933,DEF,51.7,118.5,
10764,743,C.Chesser,WCE,8,54,8,41.625,0.368,-4.459,-5.015048,MID,41.6,119.0,
3734,319,C.Guthrie,GEE,2,53,8,67.5,0.368,-2.367,-2.9374,MID,67.5,120.5,
7612,552,C.Rozee,PTA,8,53,8,99.0,0.368,0.181,-0.059672,MID,83.3,120.5,71.0
6306,480,C.Comben,NTH,5,52,8,74.4,0.263,-1.809,-1.9031539999999998,DEF,74.4,121.5,
9349,659,R.Fox,SYD,7,52,8,57.2857,0.263,-3.193,-3.6545650000000003,DEF,57.3,121.5,
2012,214,B.Banfield,FRE,8,42,8,74.875,0.263,-1.77,-1.8649429999999998,FWD,74.9,122.0,
6853,511,J.Simpkin,NTH,7,52,8,57.8571,0.368,-3.146,-2.860064,MID,57.9,122.0,72.0
9842,685,M.Roberts,SYD,8,50,8,83.0,0.368,-1.113,-1.536568,MID,77.8,123.0,
10997,757,B.Hough,WCE,8,51,8,56.25,0.263,-3.276,-3.356478,DEF,56.2,123.0,
4198,351,C.Brown,GWS,8,40,8,60.25,0.263,-2.953,-3.06872,FWD,60.2,124.0,
7172,524,J.Burgoyne,PTA,7,49,8,66.4286,0.368,-2.453,-2.411416,MID,66.4,124.0,
8353,6,B.Cook,ADE,5,40,8,54.2,0.263,-3.442,-3.4262200000000003,FWD,54.2,124.0,
11145,764,N.Long,WCE,7,40,8,48.5714,0.263,-3.897,-3.778913,FWD,48.6,124.0,
8985,641,L.Stocker,STK,8,50,8,51.75,0.263,-3.64,-3.896688,DEF,51.8,124.5,
9841,685,M.Roberts,SYD,8,50,8,83.0,0.263,-1.113,-1.266066,DEF,77.8,124.5,
5500,434,J.Billings,MEL,8,48,8,59.0,0.368,-3.054,-3.62992,MID,59.0,125.0,73.0
1888,206,J.Stringer,ESS,8,39,8,63.25,0.263,-2.71,-2.541943,FWD,63.2,127.0,
2141,224,J.Draper,FRE,7,49,8,40.5714,0.263,-4.544,-4.644202999999999,DEF,40.6,127.0,
4922,399,S.Frost,HAW,8,49,8,58.625,0.263,-3.084,-3.5931680000000004,DEF,58.6,127.0,
5235,416,H.Morrison,HAW,4,46,8,58.75,0.368,-3.074,-3.7750399999999997,MID,58.8,127.0,
7173,524,J.Burgoyne,PTA,7,49,8,66.4286,0.263,-2.453,-2.27416,DEF,66.4,127.0,
7951,574,T.Dow,RIC,8,46,8,58.625,0.368,-3.084,-3.572704,MID,58.6,127.0,
8058,584,R.Mansell,RIC,7,39,8,60.4286,0.263,-2.938,-2.793876,FWD,60.4,127.0,
9635,675,L.McDonald,SYD,8,39,8,64.5,0.263,-2.609,-2.477237,FWD,64.5,127.0,
11277,773,D.Sheed,WCE,3,46,8,23.6667,0.368,-5.911,-5.937863999999999,MID,23.7,127.0,74.0
10201,708,H.Gallagher,WBD,8,45,8,45.375,0.368,-4.156,-4.759152,MID,45.4,129.0,
5644,445,B.Howes,MEL,8,48,8,61.5,0.263,-2.852,-3.167074,DEF,61.5,129.5,
6233,476,T.Woewodin,MEL,6,48,8,29.8333,0.263,-5.412,-5.868042,DEF,29.8,129.5,
525,135,M.Cox,COL,8,37,8,57.5,0.263,-3.175,-3.034032,FWD,57.5,130.5,
4852,396,M.D'Ambrosio,HAW,7,44,8,76.8571,0.368,-1.61,-1.588288,MID,75.6,130.5,
7350,535,M.Georgiades,PTA,5,37,8,64.4,0.263,-2.617,-2.298244,FWD,64.4,130.5,
7478,545,J.McEntee,PTA,6,37,8,28.3333,0.263,-5.534,-5.267318,FWD,28.3,130.5,
10236,71,L.Morris,BRL,1,37,8,37.0,0.263,-4.833,-4.340401,FWD,37.0,130.5,
10891,75,C.Rayner,BRL,8,44,8,74.25,0.368,-1.821,-2.069032,MID,74.2,130.5,75.0
706,143,B.Frampton,COL,6,45,8,68.0,0.263,-2.326,-2.966668,DEF,68.0,131.5,
8634,618,A.Hastie,STK,4,45,8,22.5,0.263,-6.005,-6.521532,DEF,22.5,131.5,
2790,265,S.Clohesy,GCS,5,43,8,83.0,0.368,-1.113,-1.949464,MID,76.7,133.5,
4663,385,H.Thomas,GWS,8,43,8,55.5,0.368,-3.337,-4.011544,MID,55.5,133.5,
11498,8,D.Curtin,ADE,1,43,8,43.0,0.368,-4.348,-5.383184,MID,43.0,133.5,
11776,95,M.Cottrell,CAR,8,43,8,60.625,0.368,-2.923,-3.661944,MID,60.6,133.5,
4853,396,M.D'Ambrosio,HAW,7,44,8,76.8571,0.263,-1.61,-1.441154,DEF,75.6,134.0,
7692,561,B.Zerk-Thatcher,PTA,8,44,8,61.875,0.263,-2.821,-2.9793260000000004,DEF,61.9,134.0,
8001,579,D.Grimes,RIC,5,44,8,40.8,0.263,-4.526,-4.8731599999999995,DEF,40.8,134.0,
3296,296,D.Swallow,GCS,8,36,8,30.75,0.263,-5.338,-4.970852,FWD,30.8,134.5,
4154,349,T.Bedford,GWS,8,36,8,51.625,0.263,-3.65,-3.281011,FWD,51.6,134.5,
6366,482,P.Curtis,NTH,8,36,8,51.625,0.263,-3.65,-3.3365039999999997,FWD,51.6,134.5,
7829,566,S.Bolton,RIC,8,36,8,87.75,0.263,-0.729,-0.731367,FWD,79.4,134.5,45.0
6825,510,L.Shiels,NTH,3,42,8,27.0,0.368,-5.642,-5.653408000000001,MID,27.0,136.0,
8354,6,B.Cook,ADE,5,40,8,54.2,0.368,-3.442,-4.18904,MID,54.2,137.0,
2761,261,T.Berry,GCS,8,35,8,59.125,0.263,-3.044,-3.085554,FWD,59.1,137.5,
2791,265,S.Clohesy,GCS,5,43,8,83.0,0.263,-1.113,-1.566938,DEF,76.7,137.5,
7932,57,D.Gardiner,BRL,7,43,8,49.7143,0.263,-3.805,-4.097982,DEF,49.7,137.5,
9233,652,N.Blakey,SYD,8,43,8,97.875,0.263,0.09,0.079743,DEF,83.0,137.5,50.0
10944,751,L.Edwards,WCE,7,35,8,40.2857,0.263,-4.567,-4.423665,FWD,40.3,137.5,
11499,8,D.Curtin,ADE,1,43,8,43.0,0.263,-4.348,-4.963419999999999,DEF,43.0,137.5,
3543,306,T.Bruhn,GEE,7,37,8,74.5714,0.368,-1.795,-2.254264,MID,74.6,138.0,
6425,486,B.Drury,NTH,4,34,8,50.25,0.263,-3.762,-3.9216409999999997,FWD,50.2,139.0,
975,158,B.Mihocek,COL,8,33,8,62.75,0.263,-2.751,-2.641066,FWD,62.8,140.0,
1077,164,I.Quaynor,COL,8,41,8,59.875,0.263,-2.983,-3.250997,DEF,59.9,140.0,51.0
3295,296,D.Swallow,GCS,8,36,8,30.75,0.368,-5.338,-5.609584,MID,30.8,140.0,
5359,428,J.Ward,HAW,6,36,8,52.3333,0.368,-3.593,-4.151624,MID,52.3,140.0,
7830,566,S.Bolton,RIC,8,36,8,87.75,0.368,-0.729,-1.4241519999999999,MID,79.4,140.0,76.0
2531,251,B.Walker,FRE,7,39,8,49.8571,0.263,-3.793,-3.7772200000000002,DEF,49.9,141.5,
7656,559,D.Williams,PTA,3,39,8,37.0,0.263,-4.833,-5.050238,DEF,37.0,141.5,
3127,283,J.Lukosius,GCS,8,32,8,72.125,0.263,-1.993,-1.907788,FWD,72.1,142.0,
3210,290,E.Read,GCS,4,32,8,39.25,0.263,-4.651,-4.566314,FWD,39.2,142.0,
9935,692,S.Wicks,SYD,6,32,8,43.1667,0.263,-4.334,-4.194347,FWD,43.2,142.0,
9950,693,O.Baker,WBD,5,35,8,59.6,0.368,-3.005,-3.7726480000000002,MID,59.6,142.5,
10943,751,L.Edwards,WCE,7,35,8,40.2857,0.368,-4.567,-5.1543280000000005,MID,40.3,142.5,
11250,771,J.Rotham,WCE,5,38,8,54.8,0.263,-3.394,-3.999689,DEF,54.8,143.0,
3347,299,J.Walter,GCS,6,31,8,40.5,0.263,-4.55,-4.588661,FWD,40.5,144.0,
6528,496,R.Hardeman,NTH,2,37,8,43.5,0.263,-4.307,-4.615236,DEF,43.5,144.0,
7790,564,S.Banks,RIC,5,34,8,35.8,0.368,-4.93,-5.219616,MID,35.8,144.0,
1159,17,C.Jones,ADE,8,32,8,58.75,0.368,-3.074,-3.562704,MID,58.8,145.0,
7791,564,S.Banks,RIC,5,34,8,35.8,0.263,-4.93,-5.004955,DEF,35.8,145.0,
60,102,C.Durdin,CAR,7,29,8,43.5714,0.263,-4.302,-4.321199,FWD,43.6,145.5,
6442,487,Z.Duursma,NTH,8,29,8,45.5,0.263,-4.146,-4.273029,FWD,45.5,145.5,
6443,487,Z.Duursma,NTH,8,29,8,45.5,0.368,-4.146,-5.129296,MID,45.5,146.0,
3719,315,M.Duncan,GEE,7,33,8,75.4286,0.263,-1.726,-1.776496,DEF,75.1,146.5,52.0
10125,705,T.Duryea,WBD,6,33,8,67.0,0.263,-2.407,-2.7809860000000004,DEF,67.0,146.5,
74,104,O.Fantasia,CAR,7,28,8,32.8571,0.263,-5.168,-4.930511,FWD,32.9,147.0,
1487,186,B.Hobbs,ESS,7,26,8,61.2857,0.368,-2.869,-3.8464080000000003,MID,61.3,147.5,
5370,429,N.Watson,HAW,4,26,8,45.0,0.368,-4.186,-4.049472,MID,45.0,147.5,
7906,569,S.Campbell,RIC,8,27,8,48.625,0.263,-3.893,-3.734411,FWD,48.6,148.0,
1158,17,C.Jones,ADE,8,32,8,58.75,0.263,-3.074,-3.2843999999999998,DEF,58.8,148.5,
3126,283,J.Lukosius,GCS,8,32,8,72.125,0.263,-1.993,-2.278881,DEF,72.1,148.5,
217,110,M.Kennedy,CAR,8,25,8,74.125,0.368,-1.831,-2.132392,MID,74.1,149.0,
1486,186,B.Hobbs,ESS,7,26,8,61.2857,0.263,-2.869,-3.0168060000000003,FWD,61.3,149.5,
5371,429,N.Watson,HAW,4,26,8,45.0,0.263,-4.186,-3.570843,FWD,45.0,149.5,
3080,282,B.Long,GCS,2,24,8,17.5,0.263,-6.41,-5.76039,DEF,17.5,150.0,
5133,410,C.Mackenzie,HAW,8,24,8,60.125,0.368,-2.963,-3.451336,MID,60.1,150.0,77.0
3214,291,J.Rogers,GCS,3,21,8,49.0,0.368,-3.863,-4.840776,MID,49.0,151.0,
9616,674,T.McCartin,SYD,8,22,8,60.125,0.263,-2.963,-3.102127,DEF,60.1,151.0,
216,110,M.Kennedy,CAR,8,25,8,74.125,0.263,-1.831,-1.5514309999999998,FWD,74.1,151.5,
8293,595,M.Rioli,RIC,7,25,8,57.7143,0.263,-3.158,-3.082782,FWD,57.7,151.5,
6112,471,D.Turner,MEL,2,20,8,60.5,0.263,-2.933,-3.624427,DEF,60.5,152.0,
2210,228,N.Fyfe,FRE,8,17,8,81.125,0.368,-1.265,-2.065032,MID,77.1,152.5,78.0
2444,244,C.Simpson,FRE,2,17,8,37.0,0.368,-4.833,-5.528888,MID,37.0,152.5,
4316,36,B.Smith,ADE,7,15,8,66.4286,0.263,-2.453,-2.719682,DEF,66.4,153.0,
3081,282,B.Long,GCS,2,24,8,17.5,0.263,-6.41,-5.368783,FWD,17.5,154.0,
5132,410,C.Mackenzie,HAW,8,24,8,60.125,0.263,-2.963,-2.785212,FWD,60.1,154.0,46.0
6147,472,J.van Rooyen,MEL,8,24,8,51.125,0.263,-3.691,-3.307283,FWD,51.1,154.0,
8102,587,K.McIntosh,RIC,8,15,8,34.375,0.368,-5.045,-5.32652,MID,34.4,154.0,
10459,722,J.O'Donnell,WBD,4,14,8,41.5,0.263,-4.469,-4.533172,DEF,41.5,154.0,
6254,477,J.Archer,NTH,1,12,8,12.0,0.263,-6.854,-6.446613,DEF,12.0,155.0,
8526,609,R.Byrnes,STK,8,14,8,53.625,0.368,-3.489,-3.8006960000000003,MID,53.6,155.0,
6685,506,T.Pink,NTH,4,9,8,32.5,0.263,-5.197,-5.4205499999999995,DEF,32.5,156.0,
8867,635,M.Phillipou,STK,8,23,8,45.125,0.263,-4.176,-3.7444170000000003,FWD,45.1,156.0,47.0
11086,760,H.Johnston,WCE,1,11,8,11.0,0.368,-6.935,-7.095079999999999,MID,11.0,156.0,
4617,381,J.Riccardi,GWS,8,22,8,52.75,0.263,-3.559,-3.310991,FWD,52.8,157.0,
5695,45,N.Answerth,BRL,7,0,8,63.8571,0.263,-2.661,-3.057604,DEF,63.9,157.0,
7501,547,J.Mead,PTA,8,10,8,45.625,0.368,-4.136,-4.185312,MID,45.6,157.0,
4336,362,T.Green,GWS,8,5,8,106.0,0.368,0.747,0.610472,MID,85.8,158.0,79.0
944,155,B.McCreery,COL,8,21,8,52.0,0.263,-3.62,-3.4427380000000003,FWD,52.0,159.0,
1504,188,H.Jones,ESS,7,21,8,58.1429,0.263,-3.123,-3.001231,FWD,58.1,159.0,
9211,650,J.Amartey,SYD,8,21,8,39.375,0.263,-4.641,-4.153924,FWD,39.4,159.0,
6113,471,D.Turner,MEL,2,20,8,60.5,0.263,-2.933,-3.1936329999999997,FWD,60.5,161.0,
8758,628,M.King,STK,5,19,8,66.0,0.263,-2.488,-2.561903,FWD,66.0,162.5,
11260,772,L.Ryan,WCE,2,19,8,30.0,0.263,-5.399,-4.690215,FWD,30.0,162.5,
6896,513,J.Stephenson,NTH,5,18,8,35.8,0.263,-4.93,-4.423988,FWD,35.8,164.0,
2211,228,N.Fyfe,FRE,8,17,8,81.125,0.263,-1.265,-1.3265419999999999,FWD,77.1,165.5,48.0
2445,244,C.Simpson,FRE,2,17,8,37.0,0.263,-4.833,-4.756467,FWD,37.0,165.5,
4012,338,G.Rohan,GEE,1,16,8,16.0,0.263,-6.531,-6.049447,FWD,16.0,167.5,
10589,731,J.Ugle-Hagan,WBD,6,16,8,55.5,0.263,-3.337,-2.933821,FWD,55.5,167.5,
11085,760,H.Johnston,WCE,1,11,8,11.0,0.263,-6.935,-6.463178,FWD,11.0,169.0,
7500,547,J.Mead,PTA,8,10,8,45.625,0.263,-4.136,-3.644979,FWD,45.6,170.0,
6686,506,T.Pink,NTH,4,9,8,32.5,0.263,-5.197,-4.978447,FWD,32.5,171.0,
1281,176,A.Davey Jnr,ESS,5,8,8,24.4,0.263,-5.852,-5.751271,FWD,24.4,172.0,
5679,449,B.Laurie,MEL,3,3,8,14.0,0.263,-6.693,-6.264047,FWD,14.0,173.0,
5696,45,N.Answerth,BRL,7,0,8,63.8571,0.263,-2.661,-2.660474,FWD,63.9,175.0,
9376,66,L.McCarthy,BRL,8,0,8,63.0,0.263,-2.731,-2.560839,FWD,63.0,175.0,
10021,698,C.Clarke,WBD,1,0,8,0.0,0.263,-7.825,-7.881808,FWD,0.0,175.0,
3599,31,I.Rankine,ADE,9,142,9,98.6667,0.263,0.154,0.40595400000000004,FWD,84.3,1.0,1.0
8774,629,R.Marshall,STK,9,164,9,107.111,0.105,0.836,0.8342149999999999,RUC,87.6,1.0,1.0
10490,725,E.Richards,WBD,8,163,9,92.25,0.263,-0.365,-0.226136,DEF,81.0,1.0,1.0
10491,725,E.Richards,WBD,8,163,9,92.25,0.368,-0.365,-0.393336,MID,81.0,1.0,1.0
628,138,N.Daicos,COL,9,147,9,121.333,0.263,1.986,2.016245,DEF,93.1,2.0,2.0
5186,413,L.Meek,HAW,7,125,9,104.714,0.105,0.643,0.567925,RUC,84.0,2.0,
6471,488,Z.Fisher,NTH,9,140,9,78.4444,0.263,-1.482,-1.0930229999999999,FWD,76.3,2.0,2.0
7670,560,O.Wines,PTA,8,157,9,106.375,0.368,0.777,0.35895200000000005,MID,85.9,2.0,2.0
496,133,D.Cameron,COL,9,120,9,93.2222,0.105,-0.287,-0.24626,RUC,82.1,3.0,2.0
10259,711,J.Harmes,WBD,5,139,9,78.4,0.263,-1.485,-1.4529140000000003,FWD,75.7,3.0,3.0
10570,730,A.Treloar,WBD,9,153,9,114.667,0.368,1.447,1.4293360000000002,MID,90.5,3.0,3.0
11374,778,A.Witherden,WCE,6,141,9,73.5,0.263,-1.881,-2.148997,DEF,73.5,3.0,3.0
2404,242,C.Serong,FRE,9,150,9,131.556,0.368,2.813,2.25916,MID,97.1,4.0,4.0
5618,443,M.Gawn,MEL,9,111,9,130.556,0.105,2.732,2.6642750000000004,RUC,96.7,4.0,3.0
6470,488,Z.Fisher,NTH,9,140,9,78.4444,0.263,-1.482,-1.420195,DEF,76.3,4.0,4.0
10445,721,A.Naughton,WBD,9,127,9,88.6667,0.263,-0.655,-0.8422560000000001,FWD,80.3,4.0,4.0
1457,185,N.Hind,ESS,7,121,9,43.1429,0.263,-4.336,-4.036969,FWD,43.1,5.0,
9390,662,B.Grundy,SYD,9,102,9,111.333,0.105,1.178,1.0811899999999999,RUC,89.2,5.0,4.0
559,136,J.Crisp,COL,9,134,9,83.4444,0.263,-1.077,-1.0622719999999999,DEF,78.3,5.5,5.5
1840,200,M.Redman,ESS,8,134,9,89.375,0.263,-0.598,-0.6787409999999999,DEF,80.0,5.5,5.5
629,138,N.Daicos,COL,9,147,9,121.333,0.368,1.986,1.792064,MID,93.1,6.0,6.0
1058,163,S.Pendlebury,COL,9,147,9,86.3333,0.368,-0.844,-1.150544,MID,79.4,6.0,6.0
1590,190,K.Langford,ESS,9,119,9,85.5556,0.263,-0.907,-0.8346750000000001,FWD,79.1,6.0,5.0
3401,301,J.Witts,GCS,8,100,9,103.875,0.105,0.575,0.555365,RUC,85.0,6.0,5.0
7221,526,Z.Butters,PTA,9,147,9,124.333,0.368,2.229,2.068184,MID,94.3,6.0,6.0
9468,666,I.Heeney,SYD,9,118,9,129.556,0.263,2.651,2.742787,FWD,96.3,7.0,6.0
9579,671,J.Lloyd,SYD,9,132,9,84.4444,0.263,-0.996,-1.1311820000000001,DEF,78.7,7.0,7.0
9765,68,O.McInerney,BRL,8,96,9,83.5,0.105,-1.073,-1.0498999999999998,RUC,78.0,7.0,6.0
1385,180,T.Goldstein,ESS,9,95,9,65.7778,0.105,-2.506,-2.617615,RUC,65.8,8.0,7.0
9234,652,N.Blakey,SYD,9,131,9,101.556,0.263,0.387,0.298632,DEF,85.4,8.0,8.0
11607,86,D.Zorko,BRL,9,117,9,109.444,0.263,1.025,1.3871509999999998,FWD,88.5,8.0,7.0
11670,9,J.Dawson,ADE,9,142,9,104.444,0.368,0.621,0.364504,MID,86.5,8.0,8.0
1456,185,N.Hind,ESS,7,121,9,43.1429,0.263,-4.336,-4.448564,DEF,43.1,9.0,
5836,457,A.Neal-Bullen,MEL,9,116,9,84.4444,0.263,-0.996,-0.7327370000000001,FWD,78.7,9.0,8.0
10260,711,J.Harmes,WBD,5,139,9,78.4,0.368,-1.485,-2.1499759999999997,MID,75.7,9.0,9.0
372,123,M.Pittonet,CAR,5,89,9,93.0,0.105,-0.305,-0.42995000000000005,RUC,78.9,10.0,9.0
2265,230,L.Jackson,FRE,9,89,9,99.2222,0.105,0.198,0.07147500000000002,RUC,84.5,10.0,9.0
2673,258,M.Andrew,GCS,6,119,9,90.6667,0.263,-0.493,-1.001905,DEF,79.1,10.0,
5273,418,J.Newcombe,HAW,9,136,9,90.4444,0.368,-0.511,-0.494808,MID,81.0,10.0,10.0
8175,590,T.Nankervis,RIC,8,89,9,100.5,0.105,0.302,0.33696499999999996,RUC,83.9,10.0,9.0
10107,704,S.Darcy,WBD,8,113,9,78.5,0.263,-1.477,-1.23241,FWD,76.2,10.0,
4771,390,K.Amon,HAW,9,118,9,89.1111,0.263,-0.619,-0.602168,DEF,80.5,11.0,9.0
9960,695,M.Bontempelli,WBD,9,135,9,121.111,0.368,1.968,2.126976,MID,93.0,11.0,11.0
5411,43,C.Ah Chee,BRL,8,109,9,59.75,0.263,-2.993,-2.717639,FWD,59.8,11.5,
9137,648,M.Wood,STK,4,109,9,75.0,0.263,-1.76,-1.419678,FWD,75.0,11.5,9.0
10149,706,T.English,WBD,9,87,9,114.0,0.105,1.393,1.2888400000000002,RUC,90.3,12.0,11.0
11173,766,J.McGovern,WCE,9,114,9,106.889,0.263,0.818,0.966332,DEF,87.5,12.0,
560,136,J.Crisp,COL,9,134,9,83.4444,0.368,-1.077,-1.270568,MID,78.3,12.5,12.5
5880,459,C.Petracca,MEL,9,134,9,110.0,0.368,1.07,0.6894880000000001,MID,88.7,12.5,12.5
4177,350,K.Briggs,GWS,9,83,9,88.0,0.105,-0.709,-0.726115,RUC,80.1,13.0,12.0
9002,643,N.Wanganeen-Milera,STK,9,113,9,99.7778,0.263,0.243,0.286395,DEF,84.7,13.0,10.0
307,12,D.Fogarty,ADE,9,108,9,66.1111,0.263,-2.479,-2.262551,FWD,66.1,14.0,
2918,273,S.Flanders,GCS,9,108,9,116.222,0.263,1.573,2.005109,FWD,91.1,14.0,10.5
6992,518,T.Xerri,NTH,9,82,9,108.111,0.105,0.917,0.99302,RUC,88.0,14.0,13.0
10555,73,J.Payne,BRL,8,112,9,55.375,0.263,-3.347,-3.404597,DEF,55.4,14.0,
11841,99,C.Curnow,CAR,9,108,9,93.3333,0.263,-0.278,-0.26958400000000005,FWD,82.2,14.0,10.5
9580,671,J.Lloyd,SYD,9,132,9,84.4444,0.368,-0.996,-1.395648,MID,78.7,14.5,14.5
11813,97,P.Cripps,CAR,9,132,9,109.778,0.368,1.052,0.9504319999999999,MID,88.6,14.5,14.5
2381,241,L.Ryan,FRE,9,111,9,131.222,0.263,2.786,2.590328,DEF,97.0,15.0,11.0
2876,27,R.O'Brien,ADE,9,81,9,82.0,0.105,-1.194,-1.18791,RUC,77.7,15.0,14.0
1093,165,J.Richards,COL,1,107,9,107.0,0.263,0.827,-0.07929800000000009,FWD,76.4,16.0,
3327,298,B.Uwland,GCS,7,109,9,59.0,0.263,-3.054,-2.9085609999999997,DEF,59.0,16.0,
7369,536,J.Horne-Francis,PTA,7,128,9,104.571,0.368,0.631,0.278088,MID,84.0,16.0,16.0
11318,776,B.Williams,WCE,9,78,9,72.5556,0.105,-1.958,-2.14238,RUC,72.6,16.0,
7502,547,J.Mead,PTA,9,105,9,52.2222,0.263,-3.602,-3.251421,FWD,52.2,17.0,
7651,557,D.Visentini,PTA,1,75,9,75.0,0.105,-1.76,-1.9938349999999998,RUC,75.0,17.0,
8482,607,R.Bonner,STK,9,108,9,85.3333,0.263,-0.925,-1.2747899999999999,DEF,79.0,17.0,12.0
597,137,J.Daicos,COL,9,122,9,89.0,0.368,-0.628,-0.897008,MID,80.5,18.0,18.0
3164,286,T.Miller,GCS,9,122,9,115.778,0.368,1.537,0.9592399999999999,MID,91.0,18.0,18.0
3469,304,M.Blicavs,GEE,9,69,9,67.3333,0.105,-2.38,-2.524795,RUC,67.3,18.0,15.0
7596,551,W.Rioli,PTA,9,102,9,63.0,0.263,-2.731,-2.619225,FWD,63.0,18.0,
8963,640,J.Steele,STK,9,122,9,115.333,0.368,1.501,1.1639119999999998,MID,90.8,18.0,18.0
9039,645,C.Wilkie,STK,9,106,9,86.8889,0.263,-0.799,-0.732461,DEF,79.7,19.0,13.5
9322,658,O.Florent,SYD,9,106,9,89.7778,0.263,-0.565,-0.9108449999999999,DEF,80.8,19.0,
10863,749,L.Duggan,WCE,9,106,9,96.6667,0.263,-0.008,-0.303875,DEF,83.5,19.0,13.5
44,100,T.De Koning,CAR,9,66,9,89.4444,0.105,-0.592,-0.558715,RUC,80.7,19.5,16.0
2846,267,A.Davies,GCS,1,98,9,98.0,0.263,0.1,-0.332109,FWD,76.0,19.5,
6309,480,C.Comben,NTH,6,98,9,78.3333,0.263,-1.491,-1.319524,FWD,75.9,19.5,
8130,588,B.Miller,RIC,7,66,9,80.0,0.105,-1.356,-1.557495,RUC,76.5,19.5,
402,126,S.Walsh,CAR,5,119,9,122.0,0.368,2.04,1.49536,MID,85.2,20.0,20.0
2793,265,S.Clohesy,GCS,6,105,9,86.6667,0.263,-0.817,-1.348786,DEF,78.0,21.0,
3938,331,G.Miers,GEE,9,96,9,91.0,0.263,-0.466,-0.42102700000000004,FWD,81.3,21.0,12.0
9701,677,H.McLean,SYD,9,63,9,70.0,0.105,-2.164,-2.32864,RUC,70.0,21.0,17.0
3745,320,Z.Guthrie,GEE,9,104,9,89.7778,0.263,-0.565,-0.7788189999999999,DEF,80.8,22.0,
11346,777,J.Williams,WCE,7,61,9,55.0,0.105,-3.377,-3.578075,RUC,55.0,22.0,
1129,168,S.Sidebottom,COL,8,118,9,63.875,0.368,-2.66,-2.716304,MID,63.9,22.5,
1415,182,M.Guelfi,ESS,3,94,9,74.6667,0.263,-1.787,-1.656552,FWD,74.7,22.5,
4770,390,K.Amon,HAW,9,118,9,89.1111,0.368,-0.619,-0.8129359999999999,MID,80.5,22.5,21.5
6283,48,J.Berry,BRL,9,118,9,89.1111,0.368,-0.619,-1.12316,MID,80.5,22.5,
7133,523,T.Boak,PTA,7,94,9,73.7143,0.263,-1.864,-1.5336720000000001,FWD,73.7,22.5,
9467,666,I.Heeney,SYD,9,118,9,129.556,0.368,2.651,2.196888,MID,96.3,22.5,21.5
528,135,M.Cox,COL,9,59,9,57.6667,0.105,-3.162,-3.34596,RUC,57.7,23.0,
8450,606,J.Battle,STK,9,103,9,78.0,0.263,-1.518,-1.465926,DEF,76.2,23.5,
10055,702,B.Dale,WBD,9,103,9,96.4444,0.263,-0.026,0.008716000000000002,DEF,83.4,23.5,15.0
4030,339,R.Stanley,GEE,7,11,9,59.0,0.105,-3.054,-3.1044,RUC,59.0,24.0,
890,152,F.Macrae,COL,4,93,9,40.75,0.263,-4.53,-4.35642,FWD,40.8,24.5,
6897,513,J.Stephenson,NTH,6,93,9,45.3333,0.263,-4.159,-3.8557609999999998,FWD,45.3,24.5,
922,154,B.Maynard,COL,9,102,9,91.8889,0.263,-0.395,-0.81054,DEF,81.6,25.0,16.0
6169,474,J.Viney,MEL,9,117,9,94.5556,0.368,-0.179,-0.6721199999999999,MID,82.7,25.5,23.5
11608,86,D.Zorko,BRL,9,117,9,109.444,0.368,1.025,0.9315279999999999,MID,88.5,25.5,23.5
6594,50,C.Cameron,BRL,9,91,9,60.4444,0.263,-2.937,-2.828381,FWD,60.4,26.0,
7207,525,R.Burton,PTA,8,101,9,79.75,0.263,-1.376,-1.700016,DEF,76.7,26.0,17.0
4337,362,T.Green,GWS,9,116,9,107.111,0.368,0.836,0.66672,MID,87.6,27.0,25.0
4730,389,L.Whitfield,GWS,9,100,9,101.111,0.263,0.351,0.6421410000000001,DEF,85.2,27.0,18.0
1207,173,J.Caldwell,ESS,9,90,9,88.5556,0.263,-0.664,-0.267396,FWD,80.3,27.5,13.0
9070,646,D.Wilson,STK,9,90,9,71.3333,0.263,-2.057,-2.006767,FWD,71.3,27.5,
1818,20,R.Laird,ADE,9,115,9,109.667,0.368,1.043,0.70628,MID,88.6,28.0,26.0
1959,212,J.Aish,FRE,9,99,9,85.8889,0.263,-0.88,-1.6114030000000001,DEF,79.3,28.0,
6308,480,C.Comben,NTH,6,98,9,78.3333,0.263,-1.491,-1.6687880000000002,DEF,75.9,29.0,
10031,7,M.Crouch,ADE,8,112,9,107.625,0.368,0.878,0.6546240000000001,MID,86.3,29.0,27.0
2266,230,L.Jackson,FRE,9,89,9,99.2222,0.263,0.198,0.381837,FWD,84.5,29.5,14.0
9436,665,W.Hayward,SYD,9,89,9,75.3333,0.263,-1.733,-1.7169569999999998,FWD,75.1,29.5,
5573,44,H.Andrews,BRL,9,97,9,98.6667,0.263,0.154,-0.25812100000000004,DEF,84.3,30.0,19.0
5410,43,C.Ah Chee,BRL,8,109,9,59.75,0.368,-2.993,-3.334872,MID,59.8,31.0,
6390,483,L.Davies-Uniacke,NTH,9,109,9,97.7778,0.368,0.082,0.286608,MID,83.9,31.0,28.5
9136,648,M.Wood,STK,4,109,9,75.0,0.368,-1.76,-1.967552,MID,75.0,31.0,28.5
10381,719,J.Macrae,WBD,7,86,9,78.8571,0.263,-1.448,-1.3719929999999998,FWD,76.2,31.0,15.0
1680,194,A.McGrath,ESS,9,95,9,103.111,0.263,0.513,0.334423,DEF,86.0,31.5,20.0
10731,739,T.Barrass,WCE,8,95,9,78.5,0.263,-1.477,-1.447018,DEF,76.2,31.5,
353,122,M.Owies,CAR,9,84,9,50.5556,0.263,-3.737,-3.538961,FWD,50.6,33.0,
854,151,P.Lipinski,COL,9,84,9,81.2222,0.263,-1.257,-1.1596899999999999,FWD,77.4,33.0,16.0
10228,709,R.Garcia,WBD,4,84,9,74.0,0.263,-1.841,-1.771305,FWD,74.0,33.0,
2917,273,S.Flanders,GCS,9,108,9,116.222,0.368,1.573,1.6013359999999999,MID,91.1,33.5,30.5
3833,325,M.Holmes,GEE,9,94,9,98.7778,0.263,0.163,0.177728,DEF,84.3,33.5,21.5
4639,384,S.Taylor,GWS,7,94,9,79.1429,0.263,-1.425,-1.752698,DEF,76.3,33.5,21.5
8481,607,R.Bonner,STK,9,108,9,85.3333,0.368,-0.925,-1.6197840000000001,MID,79.0,33.5,30.5
218,110,M.Kennedy,CAR,9,83,9,75.1111,0.263,-1.751,-1.4924709999999999,FWD,75.0,35.0,
2792,265,S.Clohesy,GCS,6,105,9,86.6667,0.368,-0.817,-1.7623920000000002,MID,78.0,35.5,
7503,547,J.Mead,PTA,9,105,9,52.2222,0.368,-3.602,-3.8478239999999997,MID,52.2,35.5,
1036,162,J.Noble,COL,7,92,9,78.5714,0.263,-1.471,-1.5982920000000003,DEF,76.1,36.0,
2532,251,B.Walker,FRE,8,92,9,55.125,0.263,-3.367,-3.4632579999999997,DEF,55.1,36.0,
5732,451,S.May,MEL,8,92,9,93.25,0.263,-0.284,-0.387622,DEF,81.3,36.0,23.0
3257,295,A.Sexton,GCS,4,82,9,66.25,0.263,-2.468,-2.078497,FWD,66.2,36.5,17.0
4155,349,T.Bedford,GWS,9,82,9,55.0,0.263,-3.377,-3.0798099999999997,FWD,55.0,36.5,
1740,197,Z.Merrett,ESS,9,101,9,121.333,0.368,1.986,1.720304,MID,93.1,37.5,32.5
2035,215,A.Brayshaw,FRE,9,101,9,105.667,0.368,0.72,0.7159519999999999,MID,87.0,37.5,32.5
423,127,J.Weitering,CAR,7,91,9,80.1429,0.263,-1.344,-1.5375680000000003,DEF,76.6,39.0,
958,156,R.McInnes,COL,5,80,9,47.2,0.263,-4.008,-4.142919,FWD,47.2,39.0,
5762,453,T.McDonald,MEL,8,80,9,74.125,0.263,-1.831,-1.4869959999999998,FWD,74.1,39.0,
6344,481,A.Corr,NTH,9,91,9,65.6667,0.263,-2.515,-2.746703,DEF,65.7,39.0,
6649,503,C.McKercher,NTH,9,91,9,75.4444,0.263,-1.724,-1.502817,DEF,75.2,39.0,24.0
9547,67,H.McCluggage,BRL,9,100,9,104.0,0.368,0.585,0.189768,MID,86.3,39.0,34.0
10806,745,J.Cripps,WCE,9,80,9,74.7778,0.263,-1.778,-1.5794350000000001,FWD,74.8,39.0,
1326,178,S.Durham,ESS,8,99,9,85.0,0.368,-0.952,-1.104352,MID,78.5,41.0,
1960,212,J.Aish,FRE,9,99,9,85.8889,0.368,-0.88,-2.0991839999999997,MID,79.3,41.0,
7037,52,J.Daniher,BRL,9,79,9,82.3333,0.263,-1.167,-0.887957,FWD,77.9,41.0,18.0
9910,690,C.Warner,SYD,9,99,9,103.222,0.368,0.522,0.36670400000000003,MID,86.0,41.0,35.0
330,120,N.Newman,CAR,9,90,9,95.1111,0.263,-0.134,0.024326000000000014,DEF,82.9,41.5,25.5
5316,423,J.Scrimshaw,HAW,9,90,9,85.3333,0.263,-0.925,-1.091742,DEF,79.0,41.5,25.5
1778,199,A.Perkins,ESS,6,78,9,85.0,0.263,-0.952,-1.209477,FWD,77.6,42.5,
9212,650,J.Amartey,SYD,9,78,9,43.6667,0.263,-4.294,-3.8981849999999993,FWD,43.7,42.5,
7392,537,D.Houston,PTA,9,89,9,109.333,0.263,1.016,1.017841,DEF,88.4,43.0,27.0
2427,243,J.Sharp,FRE,9,98,9,74.7778,0.368,-1.778,-2.360176,MID,74.8,44.0,
2845,267,A.Davies,GCS,1,98,9,98.0,0.368,0.1,-1.220016,MID,76.0,44.0,
4273,355,S.Coniglio,GWS,6,98,9,98.5,0.368,0.14,-0.793984,MID,81.1,44.0,36.0
3891,329,J.Kolodjashnij,GEE,8,87,9,66.5,0.263,-2.448,-2.557671,DEF,66.5,44.5,
5006,403,B.Hardwick,HAW,9,77,9,64.5556,0.263,-2.605,-2.158689,FWD,64.6,44.5,
6725,507,T.Powell,NTH,9,77,9,84.2222,0.263,-1.014,-0.868298,FWD,78.6,44.5,19.0
10783,744,T.Cole,WCE,9,87,9,68.1111,0.263,-2.317,-2.52477,DEF,68.1,44.5,
6809,509,H.Sheezel,NTH,9,86,9,114.556,0.263,1.438,1.633672,DEF,90.5,46.0,28.0
4501,372,J.Kelly,GWS,9,96,9,104.778,0.368,0.648,0.29876800000000003,MID,86.7,46.5,37.5
11645,87,B.Acres,CAR,9,96,9,98.3333,0.368,0.127,-0.29436,MID,84.1,46.5,37.5
3560,307,J.Cameron,GEE,9,76,9,87.7778,0.263,-0.727,-0.499242,FWD,80.0,47.0,21.0
4417,368,J.Hogan,GWS,9,76,9,88.8889,0.263,-0.637,-0.28642100000000004,FWD,80.4,47.0,21.0
5217,415,D.Moore,HAW,9,76,9,92.1111,0.263,-0.377,0.03801399999999999,FWD,81.7,47.0,21.0
2830,266,S.Collins,GCS,9,84,9,80.1111,0.263,-1.347,-1.48376,DEF,77.0,48.5,
3832,325,M.Holmes,GEE,9,94,9,98.7778,0.368,0.163,-0.039400000000000004,MID,84.3,48.5,39.0
4086,342,T.Stewart,GEE,8,84,9,96.625,0.263,-0.012,-0.017259999999999998,DEF,82.5,48.5,29.5
7132,523,T.Boak,PTA,7,94,9,73.7143,0.368,-1.864,-2.0899520000000003,MID,73.7,48.5,
8326,598,J.Short,RIC,8,84,9,77.75,0.263,-1.538,-1.541156,DEF,76.0,48.5,29.5
10285,714,L.Jones,WBD,9,84,9,73.1111,0.263,-1.913,-2.140232,DEF,73.1,48.5,
891,152,F.Macrae,COL,4,93,9,40.75,0.368,-4.53,-5.070224,MID,40.8,50.5,
9413,663,E.Gulden,SYD,9,93,9,104.111,0.368,0.594,0.5678719999999999,MID,86.4,50.5,40.0
2464,247,S.Switkowski,FRE,6,75,9,67.0,0.263,-2.407,-1.966212,FWD,67.0,51.0,
7463,543,T.Marshall,PTA,9,75,9,61.6667,0.263,-2.838,-2.8469420000000003,FWD,61.7,51.0,
8059,584,R.Mansell,RIC,8,75,9,62.25,0.263,-2.791,-2.685537,FWD,62.2,51.0,
9509,667,J.Jordon,SYD,9,75,9,76.2222,0.263,-1.661,-1.651006,FWD,75.5,51.0,23.0
11430,781,L.Sullivan,COL,2,75,9,75.0,0.263,-1.76,-2.1037410000000003,FWD,75.0,51.0,
1643,193,N.Martin,ESS,9,83,9,107.556,0.263,0.872,0.863058,DEF,87.7,52.0,32.0
3720,315,M.Duncan,GEE,8,83,9,76.375,0.263,-1.649,-1.7197470000000001,DEF,75.5,52.0,32.0
8922,639,J.Sinclair,STK,8,83,9,97.875,0.263,0.09,0.420065,DEF,83.0,52.0,32.0
4463,37,J.Soligo,ADE,9,91,9,88.6667,0.368,-0.655,-1.155848,MID,80.3,52.5,
6650,503,C.McKercher,NTH,9,91,9,75.4444,0.368,-1.724,-1.6297920000000001,MID,75.2,52.5,41.0
4064,340,T.Stengle,GEE,9,74,9,77.0,0.263,-1.598,-1.4825430000000002,FWD,75.8,54.5,
9668,676,J.McInerney,SYD,9,74,9,80.4444,0.263,-1.32,-1.039642,FWD,77.1,54.5,
1208,173,J.Caldwell,ESS,9,90,9,88.5556,0.368,-0.664,-0.754896,MID,80.3,55.0,42.0
7553,55,J.Fletcher,BRL,9,90,9,69.0,0.368,-2.245,-2.869496,MID,69.0,55.0,
9071,646,D.Wilson,STK,9,90,9,71.3333,0.368,-2.057,-2.711304,MID,71.3,55.0,
259,114,M.McGovern,CAR,6,82,9,81.1667,0.263,-1.262,-1.493177,DEF,76.6,56.0,
3258,295,A.Sexton,GCS,4,82,9,66.25,0.263,-2.468,-2.431443,DEF,66.2,56.0,35.0
4596,379,H.Perryman,GWS,8,82,9,75.875,0.263,-1.689,-1.778683,DEF,75.3,56.0,
6201,475,C.Windsor,MEL,9,73,9,65.0,0.263,-2.569,-2.525079,FWD,65.0,56.0,
8272,594,D.Rioli,RIC,9,82,9,91.1111,0.263,-0.457,-0.449373,DEF,81.3,56.0,35.0
8419,603,N.Vlastuin,RIC,9,82,9,103.667,0.263,0.558,0.2560760000000001,DEF,86.2,56.0,35.0
4296,357,B.Daniels,GWS,8,72,9,80.0,0.263,-1.356,-0.876025,FWD,76.7,57.0,24.0
4886,397,W.Day,HAW,3,89,9,71.3333,0.368,-2.057,-1.7390480000000001,MID,71.3,57.5,43.5
7432,54,J.Dunkley,BRL,9,89,9,113.778,0.368,1.375,1.203512,MID,90.2,57.5,43.5
739,145,B.Hill,COL,9,71,9,59.3333,0.263,-3.027,-2.786355,FWD,59.3,59.0,
3021,278,J.Jeffrey,GCS,1,71,9,71.0,0.263,-2.084,-2.019565,FWD,71.0,59.0,
4960,400,J.Ginnivan,HAW,9,71,9,65.3333,0.263,-2.542,-2.2024669999999995,FWD,65.3,59.0,
9301,656,H.Cunningham,SYD,8,81,9,58.875,0.263,-3.064,-3.4264140000000003,DEF,58.9,59.0,
2303,231,M.Johnson,FRE,9,88,9,62.4444,0.368,-2.775,-3.237944,MID,62.4,59.5,
7283,531,W.Drew,PTA,9,88,9,97.5556,0.368,0.064,-0.4236,MID,83.8,59.5,
1015,160,D.Moore,COL,9,80,9,78.8889,0.263,-1.446,-1.67218,DEF,76.5,60.5,37.0
5761,453,T.McDonald,MEL,8,80,9,74.125,0.263,-1.831,-1.8278439999999998,DEF,74.1,60.5,
5859,458,C.Oliver,MEL,9,87,9,89.5556,0.368,-0.583,-1.084584,MID,80.7,61.0,45.0
5373,429,N.Watson,HAW,5,70,9,50.0,0.263,-3.782,-3.273095,FWD,50.0,61.5,
6030,468,T.Sparrow,MEL,9,70,9,72.8889,0.263,-1.931,-1.931,FWD,72.9,61.5,
707,143,B.Frampton,COL,7,79,9,69.5714,0.263,-2.199,-2.873069,DEF,69.6,62.5,
8217,592,D.Prestia,RIC,3,86,9,65.0,0.368,-2.569,-2.51748,MID,65.0,62.5,
10380,719,J.Macrae,WBD,7,86,9,78.8571,0.368,-1.448,-2.045632,MID,76.2,62.5,46.0
10460,722,J.O'Donnell,WBD,5,79,9,49.0,0.263,-3.863,-4.08655,DEF,49.0,62.5,
855,151,P.Lipinski,COL,9,84,9,81.2222,0.368,-1.257,-1.8170959999999998,MID,77.4,64.0,47.0
5134,410,C.Mackenzie,HAW,9,69,9,61.1111,0.263,-2.883,-2.726252,FWD,61.1,64.0,25.5
7266,530,C.Dixon,PTA,8,69,9,79.625,0.263,-1.386,-1.258708,FWD,76.6,64.0,25.5
8010,58,E.Hipwood,BRL,9,69,9,56.5556,0.263,-3.252,-2.909837,FWD,56.6,64.0,
4212,352,J.Buckley,GWS,9,78,9,81.4444,0.263,-1.239,-1.432568,DEF,77.5,64.5,
4380,366,N.Haynes,GWS,3,78,9,60.0,0.263,-2.973,-2.9330239999999996,DEF,60.0,64.5,
219,110,M.Kennedy,CAR,9,83,9,75.1111,0.368,-1.751,-2.081832,MID,75.0,67.0,
819,15,E.Himmelberg,ADE,3,68,9,77.0,0.263,-1.598,-1.9301690000000002,FWD,75.3,67.0,
1642,193,N.Martin,ESS,9,83,9,107.556,0.368,0.872,0.632432,MID,87.7,67.0,49.0
3236,293,M.Rowell,GCS,9,83,9,118.333,0.368,1.744,1.0738720000000002,MID,92.0,67.0,49.0
5085,409,C.Macdonald,HAW,9,68,9,65.1111,0.263,-2.56,-2.152613,FWD,65.1,67.0,27.0
8698,623,B.Hill,STK,9,68,9,80.1111,0.263,-1.347,-1.314651,FWD,77.0,67.0,
8923,639,J.Sinclair,STK,8,83,9,97.875,0.368,0.09,0.32073599999999997,MID,83.0,67.0,49.0
10696,735,B.Williams,WBD,9,83,9,76.8889,0.368,-1.607,-1.989352,MID,75.7,67.0,
3656,313,S.De Koning,GEE,9,77,9,60.8889,0.263,-2.901,-2.954389,DEF,60.9,68.0,
4138,348,L.Ash,GWS,9,77,9,81.0,0.263,-1.275,-1.274211,DEF,77.3,68.0,38.0
5005,403,B.Hardwick,HAW,9,77,9,64.5556,0.263,-2.605,-2.509531,DEF,64.6,68.0,
5448,430,J.Weddle,HAW,9,77,9,72.7778,0.263,-1.94,-2.081494,DEF,72.8,68.0,
6618,502,L.McDonald,NTH,8,77,9,63.5,0.263,-2.69,-2.820448,DEF,63.5,68.0,
3083,282,B.Long,GCS,3,67,9,34.0,0.263,-5.076,-4.385624999999999,FWD,34.0,69.5,
5550,439,K.Chandler,MEL,9,67,9,67.6667,0.263,-2.353,-2.27673,FWD,67.7,69.5,
3735,319,C.Guthrie,GEE,3,82,9,72.3333,0.368,-1.976,-2.690288,MID,72.3,70.0,
2324,238,J.O'Meara,FRE,8,80,9,49.75,0.368,-3.802,-3.817088,MID,49.8,71.0,
4440,369,C.Idun,GWS,9,76,9,80.7778,0.263,-1.293,-1.280902,DEF,77.3,71.5,39.0
7887,568,T.Brown,RIC,7,76,9,64.2857,0.263,-2.627,-3.056216,DEF,64.3,71.5,
4013,338,G.Rohan,GEE,2,66,9,41.0,0.263,-4.509,-4.559233000000001,FWD,41.0,72.0,
6148,472,J.van Rooyen,MEL,9,66,9,52.7778,0.263,-3.557,-3.2085250000000003,FWD,52.8,72.0,
8129,588,B.Miller,RIC,7,66,9,80.0,0.263,-1.356,-1.3034,FWD,76.5,72.0,
10411,72,L.Neale,BRL,8,79,9,112.75,0.368,1.292,1.454288,MID,88.1,72.0,51.0
1777,199,A.Perkins,ESS,6,78,9,85.0,0.368,-0.952,-2.039072,MID,77.6,73.0,
1533,189,J.Kelly,ESS,8,75,9,71.875,0.263,-2.013,-2.4148639999999997,DEF,71.9,74.0,
3425,302,T.Atkins,GEE,8,75,9,78.5,0.263,-1.477,-1.55064,DEF,76.2,74.0,40.0
6726,507,T.Powell,NTH,9,77,9,84.2222,0.368,-1.014,-1.4935040000000002,MID,78.6,74.0,52.0
10126,705,T.Duryea,WBD,7,75,9,68.1429,0.263,-2.315,-2.7131819999999998,DEF,68.1,74.0,
3683,314,O.Dempsey,GEE,9,65,9,67.7778,0.263,-2.344,-1.958705,FWD,67.8,75.0,
5250,417,C.Nash,HAW,9,76,9,78.4444,0.368,-1.482,-1.929856,MID,76.3,75.0,53.0
7014,519,C.Zurhaar,NTH,8,65,9,64.25,0.263,-2.629,-2.336281,FWD,64.2,75.0,
8623,617,H.Garcia,STK,5,65,9,54.6,0.263,-3.41,-3.4933710000000002,FWD,54.6,75.0,
5047,405,J.Impey,HAW,9,74,9,83.4444,0.263,-1.077,-1.162212,DEF,78.3,77.0,
9017,644,J.Webster,STK,2,74,9,72.5,0.263,-1.962,-2.410678,DEF,72.5,77.0,
9891,69,C.McKenna,BRL,4,74,9,64.5,0.263,-2.609,-3.0445279999999997,DEF,64.5,77.0,
2762,261,T.Berry,GCS,9,64,9,59.6667,0.263,-3.0,-3.053126,FWD,59.7,77.5,
7244,527,D.Byrne-Jones,PTA,9,64,9,66.6667,0.263,-2.434,-2.3235400000000004,FWD,66.7,77.5,
1534,189,J.Kelly,ESS,8,75,9,71.875,0.368,-2.013,-2.7718160000000003,MID,71.9,78.0,
3424,302,T.Atkins,GEE,8,75,9,78.5,0.368,-1.477,-1.7890640000000002,MID,76.2,78.0,55.0
9510,667,J.Jordon,SYD,9,75,9,76.2222,0.368,-1.661,-2.364616,MID,75.5,78.0,55.0
11431,781,L.Sullivan,COL,2,75,9,75.0,0.368,-1.76,-3.000896,MID,75.0,78.0,
11738,93,A.Cerra,CAR,6,75,9,93.1667,0.368,-0.291,-0.9276399999999999,MID,79.7,78.0,55.0
9702,677,H.McLean,SYD,9,63,9,70.0,0.263,-2.164,-2.007778,FWD,70.0,79.5,28.0
10164,707,J.Freijah,WBD,1,63,9,63.0,0.263,-2.731,-2.417767,FWD,63.0,79.5,
993,16,M.Hinge,ADE,9,73,9,93.2222,0.263,-0.287,-0.30804,DEF,82.1,80.0,41.0
7059,520,A.Aliir,PTA,8,73,9,66.0,0.263,-2.488,-2.4267209999999997,DEF,66.0,80.0,
9115,647,M.Windhager,STK,8,73,9,81.125,0.263,-1.265,-1.63057,DEF,77.1,80.0,
9667,676,J.McInerney,SYD,9,74,9,80.4444,0.368,-1.32,-1.6052000000000002,MID,77.1,81.0,
5963,462,T.Rivers,MEL,9,72,9,78.5556,0.263,-1.473,-1.388577,DEF,76.4,82.0,42.0
279,115,H.McKay,CAR,9,62,9,97.2222,0.263,0.037,0.06856,FWD,83.7,82.5,29.0
3614,310,B.Close,GEE,9,62,9,68.7778,0.263,-2.263,-2.266682,FWD,68.8,82.5,
8205,591,M.Pickett,RIC,9,62,9,58.7778,0.263,-3.072,-3.0109839999999997,FWD,58.8,82.5,
11777,95,M.Cottrell,CAR,9,62,9,60.7778,0.263,-2.91,-2.902373,FWD,60.8,82.5,
3022,278,J.Jeffrey,GCS,1,71,9,71.0,0.263,-2.084,-2.395129,DEF,71.0,83.0,
4009,337,B.Parfitt,GEE,7,73,9,78.4286,0.368,-1.483,-2.126264,MID,76.0,83.5,
6200,475,C.Windsor,MEL,9,73,9,65.0,0.368,-2.569,-3.24796,MID,65.0,83.5,
9114,647,M.Windhager,STK,8,73,9,81.125,0.368,-1.265,-1.979288,MID,77.1,83.5,
9875,686,J.Rowbottom,SYD,9,73,9,94.7778,0.368,-0.161,-0.41565599999999997,MID,82.7,83.5,57.0
2347,239,A.Pearce,FRE,9,69,9,72.5556,0.263,-1.958,-2.227049,DEF,72.6,84.0,
6937,516,D.Tucker,NTH,9,68,9,58.4444,0.263,-3.099,-3.13319,DEF,58.4,85.5,
11746,94,A.Cincotta,CAR,2,68,9,65.0,0.263,-2.569,-3.208353,DEF,65.0,85.5,
167,108,O.Hollands,CAR,8,72,9,50.375,0.368,-3.751,-3.91108,MID,50.4,86.0,
7351,535,M.Georgiades,PTA,6,61,9,63.8333,0.263,-2.663,-2.332146,FWD,63.8,86.5,
9936,692,S.Wicks,SYD,7,61,9,45.7143,0.263,-4.128,-4.042525,FWD,45.7,86.5,
10204,708,H.Gallagher,WBD,9,61,9,47.1111,0.263,-4.015,-3.927158,FWD,47.1,86.5,
11345,777,J.Williams,WCE,7,61,9,55.0,0.263,-3.377,-3.2731149999999998,FWD,55.0,86.5,
4697,386,C.Ward,GWS,5,71,9,70.6,0.368,-2.116,-2.294848,MID,70.6,87.0,58.0
3082,282,B.Long,GCS,3,67,9,34.0,0.263,-5.076,-4.777232,DEF,34.0,88.0,
5332,424,J.Serong,HAW,3,67,9,40.6667,0.263,-4.536,-4.820302999999999,DEF,40.7,88.0,
7320,533,K.Farrell,PTA,9,67,9,80.3333,0.263,-1.329,-1.3734469999999999,DEF,77.1,88.0,43.0
2213,228,N.Fyfe,FRE,9,60,9,78.7778,0.263,-1.455,-1.4665720000000002,FWD,76.5,89.0,30.0
2653,257,N.Anderson,GCS,9,70,9,106.222,0.368,0.765,0.6266320000000001,MID,87.2,89.5,59.0
5372,429,N.Watson,HAW,5,70,9,50.0,0.368,-3.782,-3.794144,MID,50.0,89.5,
5663,448,E.Langdon,MEL,9,70,9,78.1111,0.368,-1.509,-1.8045039999999999,MID,76.2,89.5,
6031,468,T.Sparrow,MEL,9,70,9,72.8889,0.368,-1.931,-2.657432,MID,72.9,89.5,
2581,255,H.Young,FRE,9,65,9,96.1111,0.263,-0.053,0.08034100000000001,DEF,83.3,91.5,44.5
4923,399,S.Frost,HAW,9,65,9,59.3333,0.263,-3.027,-3.551159,DEF,59.3,91.5,
5715,450,J.Lever,MEL,9,65,9,82.8889,0.263,-1.122,-1.5593690000000002,DEF,78.1,91.5,44.5
9992,696,L.Bramble,WBD,9,65,9,70.8889,0.263,-2.093,-2.20609,DEF,70.9,91.5,
527,135,M.Cox,COL,9,59,9,57.6667,0.263,-3.162,-3.024451,FWD,57.7,92.5,
1399,181,J.Gresham,ESS,9,59,9,66.4444,0.263,-2.452,-2.452263,FWD,66.4,92.5,32.5
3470,304,M.Blicavs,GEE,9,69,9,67.3333,0.368,-2.38,-2.807248,MID,67.3,92.5,60.5
5135,410,C.Mackenzie,HAW,9,69,9,61.1111,0.368,-2.883,-3.400776,MID,61.1,92.5,60.5
7831,566,S.Bolton,RIC,9,59,9,84.5556,0.263,-0.987,-0.9215129999999999,FWD,78.7,92.5,32.5
8079,585,D.*** Martin,RIC,7,59,9,71.5714,0.263,-2.037,-2.037789,FWD,71.6,92.5,32.5
9636,675,L.McDonald,SYD,9,59,9,63.8889,0.263,-2.659,-2.514087,FWD,63.9,92.5,
11221,770,H.Reid,WCE,8,59,9,82.375,0.263,-1.164,-0.9693799999999999,FWD,77.6,92.5,32.5
1703,195,B.McKay,ESS,9,64,9,72.4444,0.263,-1.967,-2.249988,DEF,72.4,94.5,
6772,508,B.Scott,NTH,9,64,9,68.1111,0.263,-2.317,-2.344878,DEF,68.1,94.5,
6936,516,D.Tucker,NTH,9,68,9,58.4444,0.368,-3.099,-3.34556,MID,58.4,94.5,
8699,623,B.Hill,STK,9,68,9,80.1111,0.368,-1.347,-2.00756,MID,77.0,94.5,
2074,218,J.Clark,FRE,9,63,9,97.7778,0.263,0.082,0.26899300000000004,DEF,83.9,96.5,46.0
4041,34,L.Sholl,ADE,6,66,9,77.1667,0.368,-1.585,-1.6696399999999998,MID,75.6,96.5,
6670,505,W.Phillips,NTH,3,66,9,51.0,0.368,-3.701,-3.8574,MID,51.0,96.5,
9377,660,A.Francis,SYD,1,63,9,63.0,0.263,-2.731,-3.3096,DEF,63.0,96.5,
1567,19,B.Keays,ADE,9,58,9,65.6667,0.263,-2.515,-1.952706,FWD,65.7,97.0,35.5
2013,214,B.Banfield,FRE,9,58,9,73.0,0.263,-1.922,-1.9769669999999997,FWD,73.0,97.0,
8841,633,M.Owens,STK,9,58,9,70.6667,0.263,-2.111,-2.0831220000000004,FWD,70.7,97.0,35.5
3990,335,M.O'Connor,GEE,8,62,9,63.5,0.263,-2.69,-3.0894969999999997,DEF,63.5,98.5,
9814,683,D.Rampe,SYD,6,62,9,63.6667,0.263,-2.677,-3.071763,DEF,63.7,98.5,
1933,211,P.Wright,ESS,5,57,9,64.6,0.263,-2.601,-2.2854,FWD,64.6,99.5,
8379,600,T.Sonsie,RIC,5,57,9,50.0,0.263,-3.782,-3.917971,FWD,50.0,99.5,
1612,191,J.Laverde,ESS,8,61,9,61.125,0.263,-2.882,-2.935389,DEF,61.1,100.0,
2582,255,H.Young,FRE,9,65,9,96.1111,0.368,-0.053,-0.090904,MID,83.3,101.0,63.0
3684,314,O.Dempsey,GEE,9,65,9,67.7778,0.368,-2.344,-2.500768,MID,67.8,101.0,
4253,354,F.Callaghan,GWS,8,65,9,78.25,0.368,-1.497,-1.7321520000000001,MID,76.1,101.0,63.0
7952,574,T.Dow,RIC,9,65,9,59.3333,0.368,-3.027,-3.53668,MID,59.3,101.0,
8624,617,H.Garcia,STK,5,65,9,54.6,0.368,-3.41,-4.305712,MID,54.6,101.0,
9991,696,L.Bramble,WBD,9,65,9,70.8889,0.368,-2.093,-2.454744,MID,70.9,101.0,
11127,762,T.Kelly,WCE,9,65,9,93.5556,0.368,-0.26,-0.443264,MID,82.3,101.0,63.0
188,109,B.Kemp,CAR,7,59,9,68.5714,0.263,-2.28,-2.397035,DEF,68.6,101.5,
769,146,W.Hoskin-Elliott,COL,8,59,9,64.25,0.263,-2.629,-2.796531,DEF,64.2,101.5,
5503,434,J.Billings,MEL,9,56,9,58.6667,0.263,-3.081,-2.952393,FWD,58.7,101.5,37.5
9175,649,T.Adams,SYD,5,56,9,75.8,0.263,-1.695,-1.655813,FWD,75.2,101.5,37.5
6255,477,J.Archer,NTH,2,57,9,34.5,0.263,-5.035,-5.10601,DEF,34.5,103.5,
7090,522,M.Bergman,PTA,9,57,9,81.4444,0.263,-1.239,-1.443351,DEF,77.5,103.5,
2627,256,B.Ainsworth,GCS,9,55,9,68.2222,0.263,-2.308,-2.1743959999999998,FWD,68.2,104.0,39.5
5107,41,T.Walker,ADE,8,55,9,74.75,0.263,-1.78,-1.823921,FWD,74.8,104.0,39.5
11064,76,B.Reville,BRL,2,55,9,57.0,0.263,-3.216,-3.212581,FWD,57.0,104.0,
1160,17,C.Jones,ADE,9,56,9,58.4444,0.263,-3.099,-3.3028250000000003,DEF,58.4,105.5,
8440,604,T.Young,RIC,8,56,9,45.5,0.263,-4.146,-4.51157,DEF,45.5,105.5,
3215,291,J.Rogers,GCS,4,64,9,52.75,0.368,-3.559,-4.648648,MID,52.8,106.0,
3767,322,T.Hawkins,GEE,8,54,9,57.75,0.263,-3.155,-3.047433,FWD,57.8,106.0,
6771,508,B.Scott,NTH,9,64,9,68.1111,0.368,-2.317,-2.560616,MID,68.1,106.0,
10972,754,R.Ginbey,WCE,9,64,9,64.8889,0.368,-2.578,-2.88712,MID,64.9,106.0,
3061,280,B.King,GCS,9,53,9,62.5556,0.263,-2.766,-2.683681,FWD,62.6,108.0,
4317,36,B.Smith,ADE,8,55,9,65.0,0.263,-2.569,-2.805174,DEF,65.0,108.0,
5203,414,S.Mitchell,HAW,5,55,9,44.4,0.263,-4.235,-4.7491650000000005,DEF,44.4,108.0,
8797,63,K.Lohmann,BRL,9,53,9,55.1111,0.263,-3.368,-2.8441039999999997,FWD,55.1,108.0,
10674,734,R.West,WBD,8,53,9,68.25,0.263,-2.306,-2.194225,FWD,68.2,108.0,
11692,90,J.Boyd,CAR,9,55,9,71.8889,0.263,-2.012,-2.476195,DEF,71.9,108.0,
1761,198,D.Parish,ESS,7,63,9,90.4286,0.368,-0.513,-0.8331599999999999,MID,79.7,108.5,65.0
10163,707,J.Freijah,WBD,1,63,9,63.0,0.368,-2.731,-3.007736,MID,63.0,108.5,
5645,445,B.Howes,MEL,9,54,9,60.6667,0.263,-2.919,-3.216453,DEF,60.7,110.0,
1925,21,N.McHenry,ADE,8,52,9,45.375,0.263,-4.156,-4.14811,FWD,45.4,110.5,
7907,569,S.Campbell,RIC,9,52,9,49.0,0.263,-3.863,-3.712301,FWD,49.0,110.5,
3991,335,M.O'Connor,GEE,8,62,9,63.5,0.368,-2.69,-3.4407200000000002,MID,63.5,111.0,
8206,591,M.Pickett,RIC,9,62,9,58.7778,0.368,-3.072,-3.7399199999999997,MID,58.8,111.0,
11778,95,M.Cottrell,CAR,9,62,9,60.7778,0.368,-2.91,-3.653728,MID,60.8,111.0,
5296,42,J.Worrell,ADE,9,53,9,86.6667,0.263,-0.817,-0.93009,DEF,79.6,111.5,
11027,758,J.Hunt,WCE,8,53,9,64.25,0.263,-2.629,-2.767601,DEF,64.2,111.5,
4359,363,T.Greene,GWS,8,50,9,71.5,0.263,-2.043,-1.6524450000000002,FWD,71.5,112.5,41.0
4618,381,J.Riccardi,GWS,9,50,9,52.4444,0.263,-3.584,-3.329416,FWD,52.4,112.5,
10203,708,H.Gallagher,WBD,9,61,9,47.1111,0.368,-4.015,-4.67004,MID,47.1,113.5,
10765,743,C.Chesser,WCE,9,61,9,43.7778,0.368,-4.285,-4.90508,MID,43.8,113.5,
3348,299,J.Walter,GCS,7,49,9,41.7143,0.263,-4.452,-4.5164349999999995,FWD,41.7,114.0,
1254,174,N.Cox,ESS,9,52,9,55.8889,0.263,-3.306,-3.7291670000000003,DEF,55.9,115.0,
2142,224,J.Draper,FRE,8,52,9,42.0,0.263,-4.429,-4.559448,DEF,42.0,115.0,
2212,228,N.Fyfe,FRE,9,60,9,78.7778,0.368,-1.455,-2.185112,MID,76.5,115.0,66.0
4855,396,M.D'Ambrosio,HAW,8,52,9,73.75,0.263,-1.861,-1.6261409999999998,DEF,73.8,115.0,
8234,593,H.Ralphsmith,RIC,4,52,9,61.75,0.263,-2.832,-3.2969839999999997,DEF,61.8,115.0,
10297,715,A.Keath,WBD,1,52,9,52.0,0.263,-3.62,-3.7841120000000004,DEF,52.0,115.0,
130,107,E.Hollands,CAR,7,48,9,65.4286,0.263,-2.534,-2.113463,FWD,65.4,116.0,
6538,498,N.Larkey,NTH,9,48,9,55.8889,0.263,-3.306,-3.035373,FWD,55.9,116.0,
10946,751,L.Edwards,WCE,8,48,9,41.25,0.263,-4.489,-4.366179,FWD,41.2,116.0,
768,146,W.Hoskin-Elliott,COL,8,59,9,64.25,0.368,-2.629,-3.061768,MID,64.2,117.5,
6973,517,G.Wardlaw,NTH,8,59,9,80.25,0.368,-1.336,-1.493136,MID,76.8,117.5,68.0
7832,566,S.Bolton,RIC,9,59,9,84.5556,0.368,-0.987,-1.587208,MID,78.7,117.5,68.0
11220,770,H.Reid,WCE,8,59,9,82.375,0.368,-1.164,-1.57432,MID,77.6,117.5,68.0
4394,367,H.Himmelberg,GWS,9,51,9,83.0,0.263,-1.113,-0.9770289999999999,DEF,78.1,118.5,47.0
8986,641,L.Stocker,STK,9,51,9,51.6667,0.263,-3.647,-3.901847,DEF,51.7,118.5,
1889,206,J.Stringer,ESS,9,47,9,61.4444,0.263,-2.856,-2.649545,FWD,61.4,119.0,
2987,276,N.Holman,GCS,9,47,9,47.7778,0.263,-3.961,-3.695896,FWD,47.8,119.0,
10892,75,C.Rayner,BRL,9,47,9,71.2222,0.263,-2.066,-1.6867539999999999,FWD,71.2,119.0,42.0
6520,494,H.Greenwood,NTH,3,58,9,58.0,0.368,-3.135,-3.667128,MID,58.0,120.0,
1434,184,D.Heppell,ESS,9,50,9,89.4444,0.263,-0.592,-0.682209,DEF,80.7,120.5,
9739,678,L.Melican,SYD,9,50,9,54.4444,0.263,-3.422,-3.741282,DEF,54.4,120.5,
3374,30,J.Rachele,ADE,9,46,9,61.1111,0.263,-2.883,-2.652349,FWD,61.1,121.5,43.0
5471,432,J.Worpel,HAW,9,57,9,87.6667,0.368,-0.736,-1.050272,MID,80.0,121.5,70.0
7091,522,M.Bergman,PTA,9,57,9,81.4444,0.368,-1.239,-1.73212,MID,77.5,121.5,
11261,772,L.Ryan,WCE,3,46,9,35.3333,0.263,-4.968,-4.372568,FWD,35.3,121.5,
2701,26,L.Nankervis,ADE,6,49,9,61.8333,0.263,-2.825,-2.7931770000000005,DEF,61.8,123.0,
5519,435,J.Bowey,MEL,2,49,9,51.0,0.263,-3.701,-3.665495,DEF,51.0,123.0,
10275,712,J.Johannisen,WBD,9,49,9,79.2222,0.263,-1.419,-1.531827,DEF,76.7,123.0,
7338,534,J.Finlayson,PTA,5,44,9,70.2,0.263,-2.148,-2.286601,FWD,70.2,123.5,44.0
7753,563,N.Balta,RIC,5,44,9,65.6,0.263,-2.52,-2.426109,FWD,65.6,123.5,
1161,17,C.Jones,ADE,9,56,9,58.4444,0.368,-3.099,-3.578504,MID,58.4,124.0,
5502,434,J.Billings,MEL,9,56,9,58.6667,0.368,-3.081,-3.646984,MID,58.7,124.0,71.5
9174,649,T.Adams,SYD,5,56,9,75.8,0.368,-1.695,-2.35556,MID,75.2,124.0,71.5
5940,461,K.Pickett,MEL,7,43,9,68.1429,0.263,-2.315,-1.995981,FWD,68.1,125.5,45.0
11152,765,R.Maric,WCE,7,43,9,37.2857,0.263,-4.81,-4.626951999999999,FWD,37.3,125.5,
2052,217,H.Chapman,FRE,3,48,9,66.0,0.263,-2.488,-2.553224,DEF,66.0,126.5,
2628,256,B.Ainsworth,GCS,9,55,9,68.2222,0.368,-2.308,-2.843808,MID,68.2,126.5,73.0
7576,550,E.Ratugolea,PTA,9,48,9,60.6667,0.263,-2.919,-3.20304,DEF,60.7,126.5,
8542,61,R.Lester,BRL,9,48,9,71.7778,0.263,-2.021,-2.189846,DEF,71.8,126.5,
8728,625,D.Howard,STK,3,48,9,58.6667,0.263,-3.081,-3.301131,DEF,58.7,126.5,
11063,76,B.Reville,BRL,2,55,9,57.0,0.368,-3.216,-3.9748159999999997,MID,57.0,126.5,
7479,545,J.McEntee,PTA,7,42,9,30.2857,0.263,-5.376,-5.150872000000001,FWD,30.3,127.0,
11028,758,J.Hunt,WCE,8,53,9,64.25,0.368,-2.629,-3.022392,MID,64.2,128.0,
9843,685,M.Roberts,SYD,9,47,9,79.0,0.263,-1.437,-1.5048540000000001,DEF,76.6,129.0,
3129,283,J.Lukosius,GCS,9,41,9,68.6667,0.263,-2.272,-2.1134109999999997,FWD,68.7,129.5,
3803,324,O.Henry,GEE,9,41,9,60.0,0.263,-2.973,-3.0127129999999998,FWD,60.0,129.5,
9792,681,T.Papley,SYD,9,41,9,75.0,0.263,-1.76,-1.4223080000000001,FWD,75.0,129.5,
10590,731,J.Ugle-Hagan,WBD,7,41,9,53.4286,0.263,-3.504,-3.0568999999999997,FWD,53.4,129.5,
1253,174,N.Cox,ESS,9,52,9,55.8889,0.368,-3.306,-4.085056,MID,55.9,130.0,
4854,396,M.D'Ambrosio,HAW,8,52,9,73.75,0.368,-1.861,-1.74692,MID,73.8,130.0,
8235,593,H.Ralphsmith,RIC,4,52,9,61.75,0.368,-2.832,-3.6717759999999995,MID,61.8,130.0,
2097,22,M.Michalanney,ADE,9,46,9,64.4444,0.263,-2.614,-2.775745,DEF,64.4,131.5,
2739,260,C.Ballard,GCS,9,46,9,65.8889,0.263,-2.497,-2.747639,DEF,65.9,131.5,
5799,454,J.McVee,MEL,9,46,9,73.1111,0.263,-1.913,-2.1268190000000002,DEF,73.1,131.5,
6529,496,R.Hardeman,NTH,3,46,9,44.3333,0.263,-4.24,-4.565857,DEF,44.3,131.5,
251,113,J.Martin,CAR,1,40,9,40.0,0.263,-4.59,-4.502684,FWD,40.0,132.0,
7625,554,J.Sinn,PTA,1,50,9,50.0,0.368,-3.782,-4.254144,MID,50.0,132.5,
8881,636,S.Ross,STK,9,50,9,81.2222,0.368,-1.257,-2.0496719999999997,MID,77.4,132.5,
2702,26,L.Nankervis,ADE,6,49,9,61.8333,0.368,-2.825,-2.9828720000000004,MID,61.8,134.0,
61,102,C.Durdin,CAR,8,39,9,43.0,0.263,-4.348,-4.3551009999999994,FWD,43.0,134.5,
1078,164,I.Quaynor,COL,9,45,9,58.2222,0.263,-3.117,-3.349755,DEF,58.2,134.5,48.0
1363,18,M.Keane,ADE,8,45,9,75.5,0.263,-1.72,-1.789695,DEF,75.2,134.5,
4978,402,J.Gunston,HAW,6,39,9,48.3333,0.263,-3.917,-3.5343349999999996,FWD,48.3,134.5,
5173,411,F.Maginness,HAW,8,39,9,52.75,0.263,-3.559,-3.544009,FWD,52.8,134.5,
5906,460,H.Petty,MEL,7,39,9,45.0,0.263,-4.186,-3.911691,FWD,45.0,134.5,
131,107,E.Hollands,CAR,7,48,9,65.4286,0.368,-2.534,-2.643296,MID,65.4,135.5,
10945,751,L.Edwards,WCE,8,48,9,41.25,0.368,-4.489,-5.105032,MID,41.2,135.5,
6576,5,J.Butts,ADE,6,44,9,52.8333,0.263,-3.553,-3.798642,DEF,52.8,136.5,
7752,563,N.Balta,RIC,5,44,9,65.6,0.263,-2.52,-2.810352,DEF,65.6,136.5,
9844,685,M.Roberts,SYD,9,47,9,79.0,0.368,-1.437,-1.741336,MID,76.6,137.5,
10893,75,C.Rayner,BRL,9,47,9,71.2222,0.368,-2.066,-2.223872,MID,71.2,137.5,74.0
3006,277,B.Humphrey,GCS,7,38,9,56.4286,0.263,-3.262,-3.2706790000000003,FWD,56.4,138.5,46.0
3045,279,L.Johnston,GCS,1,42,9,42.0,0.263,-4.429,-4.639926,DEF,42.0,138.5,
4480,370,D.Jones,GWS,3,38,9,61.0,0.263,-2.892,-2.625581,FWD,61.0,138.5,
7866,567,N.Broad,RIC,8,42,9,69.5,0.263,-2.205,-2.4419630000000003,DEF,69.5,138.5,
8355,6,B.Cook,ADE,6,38,9,51.5,0.263,-3.66,-3.5868860000000002,FWD,51.5,138.5,
8759,628,M.King,STK,6,38,9,61.3333,0.263,-2.865,-2.8397520000000003,FWD,61.3,138.5,
11278,773,D.Sheed,WCE,4,43,9,28.5,0.368,-5.52,-5.690752,MID,28.5,139.5,75.0
11481,79,H.Sharp,BRL,2,43,9,61.0,0.368,-2.892,-4.227104,MID,61.0,139.5,
3128,283,J.Lukosius,GCS,9,41,9,68.6667,0.263,-2.272,-2.484504,DEF,68.7,140.5,
10022,699,L.Cleary,WBD,1,41,9,41.0,0.263,-4.509,-4.732024000000001,DEF,41.0,140.5,
7792,564,S.Banks,RIC,6,40,9,36.5,0.368,-4.873,-5.183592,MID,36.5,141.0,
1505,188,H.Jones,ESS,8,37,9,55.5,0.263,-3.337,-3.1589490000000002,FWD,55.5,142.0,
6234,476,T.Woewodin,MEL,7,37,9,30.8571,0.263,-5.33,-5.338942,FWD,30.9,142.0,
10835,747,J.Darling,WCE,9,37,9,56.6667,0.263,-3.243,-3.122809,FWD,56.7,142.0,
105,106,G.Hewett,CAR,9,39,9,92.8889,0.368,-0.314,-0.6017760000000001,MID,82.0,142.5,76.0
3955,332,O.Mullin,GEE,3,40,9,42.6667,0.263,-4.375,-4.8002709999999995,DEF,42.7,142.5,
5172,411,F.Maginness,HAW,8,39,9,52.75,0.368,-3.559,-4.310456,MID,52.8,142.5,
7793,564,S.Banks,RIC,6,40,9,36.5,0.263,-4.873,-4.9629460000000005,DEF,36.5,142.5,
5907,460,H.Petty,MEL,7,39,9,45.0,0.263,-4.186,-4.321708,DEF,45.0,144.0,
8356,6,B.Cook,ADE,6,38,9,51.5,0.368,-3.66,-4.326816,MID,51.5,144.0,
11792,96,L.Cowan,CAR,4,38,9,48.25,0.263,-3.923,-3.874345,DEF,48.2,145.0,
6235,476,T.Woewodin,MEL,7,37,9,30.8571,0.263,-5.33,-5.807608,DEF,30.9,146.0,
6367,482,P.Curtis,NTH,9,36,9,49.8889,0.263,-3.791,-3.4404209999999997,FWD,49.9,146.0,
6508,49,S.Brain,BRL,1,36,9,36.0,0.263,-4.914,-4.5813049999999995,FWD,36.0,146.0,
7970,577,J.Graham,RIC,4,36,9,62.5,0.263,-2.771,-2.421473,FWD,62.5,146.0,
8643,621,L.Henry,STK,3,36,9,60.6667,0.263,-2.919,-2.724117,FWD,60.7,146.0,
8822,631,T.Membrey,STK,9,36,9,58.1111,0.263,-3.126,-2.841434,FWD,58.1,146.0,
3581,308,J.Clark,GEE,8,36,9,37.0,0.368,-4.833,-5.26356,MID,37.0,146.5,
6826,510,L.Shiels,NTH,4,36,9,29.25,0.368,-5.46,-5.538384000000001,MID,29.2,146.5,
7969,577,J.Graham,RIC,4,36,9,62.5,0.368,-2.771,-2.994376,MID,62.5,146.5,
8642,621,L.Henry,STK,3,36,9,60.6667,0.368,-2.919,-3.3801039999999998,MID,60.7,146.5,
906,153,O.Markov,COL,5,35,9,43.8,0.263,-4.283,-4.524434,DEF,43.8,147.5,
11576,84,D.Wilmot,BRL,9,35,9,75.6667,0.263,-1.706,-1.630519,DEF,75.3,147.5,
5595,441,B.Fritsch,MEL,9,35,9,56.0,0.263,-3.297,-3.18654,FWD,56.0,149.0,
11251,771,J.Rotham,WCE,6,32,9,51.0,0.263,-3.701,-4.225948000000001,DEF,51.0,149.0,
11448,783,J.Bytel,COL,1,26,9,26.0,0.368,-5.722,-6.0532,MID,26.0,149.0,
4629,383,C.Stone,GWS,1,34,9,34.0,0.263,-5.076,-5.364510999999999,FWD,34.0,150.0,
10742,74,J.Prior,BRL,1,31,9,31.0,0.263,-5.318,-5.49947,DEF,31.0,150.0,
11088,760,H.Johnston,WCE,2,19,9,15.0,0.368,-6.612,-6.890944,MID,15.0,150.0,
3780,323,J.Henry,GEE,9,29,9,52.7778,0.263,-3.557,-3.445751,DEF,52.8,151.0,
6566,499,C.Lazzaro,NTH,7,15,9,44.7143,0.368,-4.209,-5.076008,MID,44.7,151.0,
2182,227,M.Frederick,FRE,7,33,9,52.1429,0.263,-3.608,-3.520421,FWD,52.1,151.5,
8294,595,M.Rioli,RIC,8,33,9,54.625,0.263,-3.408,-3.2670319999999995,FWD,54.6,151.5,
10998,757,B.Hough,WCE,9,28,9,53.1111,0.263,-3.53,-3.543676,DEF,53.1,152.0,
1489,186,B.Hobbs,ESS,8,9,9,54.75,0.368,-3.398,-4.180736,MID,54.8,152.5,
11500,8,D.Curtin,ADE,2,9,9,26.0,0.368,-5.722,-6.251552,MID,26.0,152.5,
6114,471,D.Turner,MEL,3,26,9,49.0,0.263,-3.863,-4.309837,DEF,49.0,153.0,
4665,385,H.Thomas,GWS,9,8,9,50.2222,0.368,-3.764,-4.281408,MID,50.2,154.0,
10621,732,L.Vandermeer,WBD,9,24,9,55.1111,0.263,-3.368,-3.8179929999999995,DEF,55.1,154.0,
1282,176,A.Davey Jnr,ESS,6,32,9,25.6667,0.263,-5.749,-5.6753599999999995,FWD,25.7,154.5,
2492,249,J.Treacy,FRE,9,32,9,77.5556,0.263,-1.554,-1.16476,FWD,76.0,154.5,
4803,393,L.Breust,HAW,4,32,9,45.5,0.263,-4.146,-4.153627,FWD,45.5,154.5,
11469,786,M.Lefau,RIC,7,32,9,53.7143,0.263,-3.481,-3.3297749999999997,FWD,53.7,154.5,
7693,561,B.Zerk-Thatcher,PTA,9,22,9,57.4444,0.263,-3.18,-3.2439090000000004,DEF,57.4,155.0,
801,147,J.Howe,COL,8,21,9,69.375,0.263,-2.215,-2.0685089999999997,DEF,69.4,156.5,
8856,634,B.Paton,STK,1,21,9,21.0,0.263,-6.127,-6.417089,DEF,21.0,156.5,
4901,398,C.Dear,HAW,2,31,9,43.5,0.263,-4.307,-4.015596,FWD,43.5,157.0,
9351,659,R.Fox,SYD,8,13,9,51.75,0.263,-3.64,-3.984004,DEF,51.8,158.0,
10237,71,L.Morris,BRL,2,30,9,33.5,0.263,-5.116,-4.548971999999999,FWD,33.5,158.0,
8635,618,A.Hastie,STK,5,12,9,20.4,0.263,-6.175,-6.646822,DEF,20.4,159.0,
11456,784,P.Voss,FRE,2,27,9,43.0,0.263,-4.348,-4.17179,FWD,43.0,159.0,
11501,8,D.Curtin,ADE,2,9,9,26.0,0.263,-5.722,-5.976058,DEF,26.0,160.0,
6115,471,D.Turner,MEL,3,26,9,49.0,0.263,-3.863,-3.879043,FWD,49.0,160.5,
10848,748,T.Dewar,WCE,1,26,9,26.0,0.263,-5.722,-5.4792510000000005,FWD,26.0,160.5,
10622,732,L.Vandermeer,WBD,9,24,9,55.1111,0.263,-3.368,-3.399034,FWD,55.1,162.0,
1990,213,J.Amiss,FRE,8,20,9,48.375,0.263,-3.913,-3.648948,FWD,48.4,164.0,
6426,486,B.Drury,NTH,5,20,9,44.2,0.263,-4.251,-4.282034,FWD,44.2,164.0,
8637,619,J.Hayes,STK,2,20,9,67.5,0.263,-2.367,-2.180533,FWD,67.5,164.0,
11087,760,H.Johnston,WCE,2,19,9,15.0,0.263,-6.612,-6.2251270000000005,FWD,15.0,166.0,
2163,225,T.Emmett,FRE,9,17,9,39.1111,0.263,-4.662,-4.573106,FWD,39.1,167.0,
7937,573,N.Cumberland,RIC,1,16,9,16.0,0.263,-6.531,-6.121509,FWD,16.0,168.0,
6565,499,C.Lazzaro,NTH,7,15,9,44.7143,0.263,-4.209,-4.257917999999999,FWD,44.7,169.0,
9352,659,R.Fox,SYD,8,13,9,51.75,0.263,-3.64,-3.567938,FWD,51.8,170.0,
4233,353,A.Cadman,GWS,9,12,9,57.8889,0.263,-3.144,-3.245255,FWD,57.9,171.0,
11192,767,J.Petruccelle,WCE,9,10,9,55.2222,0.263,-3.359,-3.331385,FWD,55.2,172.0,
1488,186,B.Hobbs,ESS,8,9,9,54.75,0.263,-3.398,-3.4066790000000005,FWD,54.8,173.0,
2552,252,M.Walters,FRE,9,8,9,46.7778,0.263,-4.042,-4.000972,FWD,46.8,174.5,
4666,385,H.Thomas,GWS,9,8,9,50.2222,0.263,-3.764,-3.5898939999999997,FWD,50.2,174.5,
721,144,H.Harrison,COL,3,5,9,45.3333,0.263,-4.159,-4.021451,FWD,45.3,176.0,
7301,532,F.Evans,PTA,4,2,9,27.0,0.263,-5.642,-5.196478000000001,FWD,27.0,177.0,
5007,403,B.Hardwick,HAW,10,180,10,76.1,0.263,-1.671,-1.821173,DEF,75.5,1.0,
5008,403,B.Hardwick,HAW,10,180,10,76.1,0.263,-1.671,-1.470331,FWD,75.5,1.0,
8775,629,R.Marshall,STK,10,169,10,113.3,0.105,1.337,1.28261,RUC,91.7,1.0,1.0
9911,690,C.Warner,SYD,10,172,10,110.1,0.368,1.078,0.7180960000000001,MID,90.3,1.0,1.0
2075,218,J.Clark,FRE,10,151,10,103.1,0.263,0.512,0.5859030000000001,DEF,87.2,2.0,1.0
2267,230,L.Jackson,FRE,10,154,10,104.7,0.105,0.641,0.4679600000000001,RUC,87.9,2.0,2.0
10412,72,L.Neale,BRL,9,162,10,118.222,0.368,1.735,1.734264,MID,91.9,2.0,2.0
11609,86,D.Zorko,BRL,10,161,10,114.6,0.263,1.442,1.69448,FWD,92.2,2.0,1.0
2268,230,L.Jackson,FRE,10,154,10,104.7,0.263,0.641,0.708328,FWD,87.9,3.0,2.0
2877,27,R.O'Brien,ADE,10,132,10,87.0,0.105,-0.79,-0.82633,RUC,80.2,3.0,3.0
7393,537,D.Houston,PTA,10,148,10,113.2,0.263,1.329,1.248522,DEF,91.6,3.0,2.0
11610,86,D.Zorko,BRL,10,161,10,114.6,0.368,1.442,1.195072,MID,92.2,3.0,3.0
331,120,N.Newman,CAR,10,147,10,100.3,0.263,0.286,0.333866,DEF,86.0,4.0,3.0
6391,483,L.Davies-Uniacke,NTH,10,152,10,103.2,0.368,0.52,0.5634239999999999,MID,87.3,4.0,4.0
9766,68,O.McInerney,BRL,9,120,10,87.5556,0.105,-0.745,-0.75634,RUC,79.9,4.0,4.0
11298,775,J.Waterman,WCE,9,142,10,101.444,0.263,0.378,0.230457,FWD,85.3,4.0,
2654,257,N.Anderson,GCS,10,149,10,110.5,0.368,1.11,0.8446720000000001,MID,90.4,5.0,5.0
4395,367,H.Himmelberg,GWS,10,139,10,88.6,0.263,-0.66,-0.643168,DEF,80.9,5.0,4.0
9391,662,B.Grundy,SYD,10,117,10,111.9,0.105,1.224,1.12236,RUC,91.0,5.0,5.0
11223,770,H.Reid,WCE,9,138,10,88.5556,0.263,-0.664,-0.6008800000000001,FWD,80.3,5.0,3.0
3130,283,J.Lukosius,GCS,10,129,10,74.7,0.263,-1.784,-2.124848,DEF,74.7,6.0,
5187,413,L.Meek,HAW,8,112,10,105.625,0.105,0.716,0.6332599999999999,RUC,85.7,6.0,
7038,52,J.Daniher,BRL,10,134,10,87.5,0.263,-0.749,-0.5798909999999999,FWD,80.4,6.0,4.0
10571,730,A.Treloar,WBD,10,144,10,117.6,0.368,1.685,1.579752,MID,93.5,6.0,6.0
994,16,M.Hinge,ADE,10,124,10,96.3,0.263,-0.038,-0.124527,DEF,84.3,7.0,5.0
3131,283,J.Lukosius,GCS,10,129,10,74.7,0.263,-1.784,-1.753755,FWD,74.7,7.0,
4887,397,W.Day,HAW,4,142,10,89.0,0.368,-0.628,-0.83592,MID,77.4,7.0,7.0
5619,443,M.Gawn,MEL,10,109,10,128.4,0.105,2.558,2.508545,RUC,98.2,7.0,6.0
2382,241,L.Ryan,FRE,10,122,10,130.3,0.263,2.712,2.53579,DEF,99.0,8.0,6.0
8176,590,T.Nankervis,RIC,9,105,10,101.0,0.105,0.342,0.372765,RUC,85.2,8.0,7.0
11222,770,H.Reid,WCE,9,138,10,88.5556,0.368,-0.664,-1.2583199999999999,MID,80.3,8.0,8.0
1416,182,M.Guelfi,ESS,4,128,10,88.0,0.263,-0.709,-0.8620659999999999,FWD,77.3,8.5,
8798,63,K.Lohmann,BRL,10,128,10,62.4,0.263,-2.779,-2.410011,FWD,62.4,8.5,
2583,255,H.Young,FRE,10,121,10,98.6,0.263,0.148,0.22847800000000001,DEF,85.3,9.0,7.0
3175,287,N.Moyle,GCS,2,104,10,97.0,0.105,0.019,-0.18491,RUC,76.9,9.0,
11128,762,T.Kelly,WCE,10,129,10,97.1,0.368,0.027,-0.26188,MID,84.6,9.0,9.0
373,123,M.Pittonet,CAR,6,99,10,94.0,0.105,-0.224,-0.357455,RUC,80.0,10.0,8.0
2920,273,S.Flanders,GCS,10,127,10,117.3,0.263,1.66,2.069228,FWD,93.4,10.0,5.0
3237,293,M.Rowell,GCS,10,128,10,119.3,0.368,1.822,1.1231680000000002,MID,94.3,10.0,10.0
3260,295,A.Sexton,GCS,5,118,10,76.6,0.263,-1.631,-1.8145740000000001,DEF,75.3,10.5,8.5
10492,725,E.Richards,WBD,9,118,10,95.1111,0.263,-0.134,-0.055888999999999994,DEF,82.9,10.5,8.5
497,133,D.Cameron,COL,10,97,10,93.6,0.105,-0.256,-0.21851500000000001,RUC,83.1,11.0,9.0
3600,31,I.Rankine,ADE,10,125,10,101.3,0.263,0.366,0.562198,FWD,86.4,11.0,6.0
2919,273,S.Flanders,GCS,10,127,10,117.3,0.368,1.66,1.65632,MID,93.4,12.0,12.0
6993,518,T.Xerri,NTH,10,96,10,106.9,0.105,0.819,0.9053100000000001,RUC,88.9,12.0,10.0
7222,526,Z.Butters,PTA,10,127,10,124.6,0.368,2.251,2.0820879999999997,MID,96.6,12.0,12.0
9470,666,I.Heeney,SYD,10,121,10,128.7,0.263,2.582,2.691934,FWD,98.3,12.0,7.0
9876,686,J.Rowbottom,SYD,10,127,10,98.0,0.368,0.1,-0.2507039999999999,MID,85.0,12.0,12.0
4773,390,K.Amon,HAW,10,117,10,91.9,0.263,-0.394,-0.43634300000000004,DEF,82.3,13.0,10.5
6810,509,H.Sheezel,NTH,10,117,10,114.8,0.263,1.458,1.648412,DEF,92.3,13.0,10.5
11174,766,J.McGovern,WCE,10,117,10,107.9,0.263,0.9,1.026766,DEF,89.3,13.0,
1934,211,P.Wright,ESS,6,119,10,73.6667,0.263,-1.868,-1.745179,FWD,73.7,13.5,
3939,331,G.Miers,GEE,10,119,10,93.8,0.263,-0.24,-0.254465,FWD,83.2,13.5,8.0
7652,557,D.Visentini,PTA,2,94,10,84.5,0.105,-0.992,-1.3064749999999998,RUC,75.8,13.5,
9703,677,H.McLean,SYD,10,94,10,72.4,0.105,-1.97,-2.15501,RUC,72.4,13.5,11.0
5860,458,C.Oliver,MEL,10,124,10,93.0,0.368,-0.305,-0.9088879999999999,MID,82.8,14.0,14.0
3259,295,A.Sexton,GCS,5,118,10,76.6,0.263,-1.631,-1.4616280000000001,FWD,75.3,15.0,9.0
10150,706,T.English,WBD,10,91,10,111.7,0.105,1.207,1.12237,RUC,91.0,15.0,12.0
4381,366,N.Haynes,GWS,4,116,10,74.0,0.263,-1.841,-2.0987400000000003,DEF,74.0,15.5,
6472,488,Z.Fisher,NTH,10,116,10,82.2,0.263,-1.178,-1.1961469999999998,DEF,78.1,15.5,12.0
2584,255,H.Young,FRE,10,121,10,98.6,0.368,0.148,0.03612799999999999,MID,85.3,16.0,16.0
3631,311,T.Conway,GEE,3,90,10,79.0,0.105,-1.437,-1.555545,RUC,75.5,16.0,
6473,488,Z.Fisher,NTH,10,116,10,82.2,0.263,-1.178,-0.8689749999999999,FWD,78.1,16.0,10.0
9469,666,I.Heeney,SYD,10,121,10,128.7,0.368,2.582,2.15328,MID,98.3,16.0,16.0
10032,7,M.Crouch,ADE,9,121,10,109.111,0.368,0.998,0.730464,MID,88.3,16.0,16.0
8132,588,B.Miller,RIC,8,80,10,80.0,0.105,-1.356,-1.557495,RUC,76.7,17.0,
4418,368,J.Hogan,GWS,10,114,10,91.4,0.263,-0.434,-0.13681,FWD,82.1,17.5,11.5
9511,667,J.Jordon,SYD,10,114,10,80.0,0.263,-1.356,-1.426221,FWD,77.2,17.5,11.5
10732,739,T.Barrass,WCE,9,113,10,82.3333,0.263,-1.167,-1.2185480000000002,DEF,77.9,17.5,
11577,84,D.Wilmot,BRL,10,113,10,79.4,0.263,-1.404,-1.407945,DEF,76.9,17.5,
1386,180,T.Goldstein,ESS,10,74,10,66.6,0.105,-2.439,-2.5576499999999998,RUC,66.6,18.0,13.0
2036,215,A.Brayshaw,FRE,10,120,10,107.1,0.368,0.835,0.788632,MID,89.0,18.0,18.0
3007,277,B.Humphrey,GCS,8,111,10,63.25,0.263,-2.71,-2.863855,FWD,63.2,19.0,13.0
11348,777,J.Williams,WCE,8,67,10,56.5,0.105,-3.256,-3.46978,RUC,56.5,19.0,
561,136,J.Crisp,COL,10,112,10,86.3,0.263,-0.846,-0.8920250000000001,DEF,79.9,20.0,14.0
1059,163,S.Pendlebury,COL,10,118,10,89.5,0.368,-0.588,-0.9887520000000001,MID,81.3,20.0,20.0
1209,173,J.Caldwell,ESS,10,103,10,90.0,0.263,-0.547,-0.18116700000000002,FWD,81.5,20.0,14.0
2405,242,C.Serong,FRE,10,118,10,130.2,0.368,2.703,2.18964,MID,99.0,20.0,20.0
4178,350,K.Briggs,GWS,10,62,10,85.4,0.105,-0.919,-0.914065,RUC,79.5,20.0,14.0
4731,389,L.Whitfield,GWS,10,112,10,102.2,0.263,0.439,0.706997,DEF,86.8,20.0,14.0
9003,643,N.Wanganeen-Milera,STK,10,112,10,101.0,0.263,0.342,0.359358,DEF,86.3,20.0,14.0
10493,725,E.Richards,WBD,9,118,10,95.1111,0.368,-0.134,-0.247344,MID,82.9,20.0,20.0
10807,745,J.Cripps,WCE,10,102,10,77.5,0.263,-1.558,-1.4172950000000002,FWD,76.1,21.0,
11319,776,B.Williams,WCE,10,57,10,71.0,0.105,-2.084,-2.25515,RUC,71.0,21.0,
1037,162,J.Noble,COL,8,111,10,82.625,0.263,-1.144,-1.3572929999999999,DEF,77.7,22.0,
3471,304,M.Blicavs,GEE,10,47,10,65.3,0.105,-2.545,-2.67247,RUC,65.3,22.0,15.0
5413,43,C.Ah Chee,BRL,9,100,10,64.2222,0.263,-2.632,-2.451582,FWD,64.2,22.0,
4772,390,K.Amon,HAW,10,117,10,91.9,0.368,-0.394,-0.670736,MID,82.3,22.5,22.5
7370,536,J.Horne-Francis,PTA,8,117,10,106.125,0.368,0.757,0.35772000000000004,MID,85.8,22.5,22.5
530,135,M.Cox,COL,10,42,10,56.1,0.105,-3.288,-3.4587299999999996,RUC,56.1,23.0,
8924,639,J.Sinclair,STK,9,110,10,99.2222,0.263,0.198,0.499661,DEF,84.5,23.0,16.0
4360,363,T.Greene,GWS,9,99,10,74.5556,0.263,-1.796,-1.470406,FWD,74.6,23.5,15.5
5837,457,A.Neal-Bullen,MEL,10,99,10,85.9,0.263,-0.879,-0.6465080000000001,FWD,79.7,23.5,15.5
45,100,T.De Koning,CAR,10,28,10,83.3,0.105,-1.089,-1.00353,RUC,78.6,24.0,16.0
7433,54,J.Dunkley,BRL,10,115,10,113.9,0.368,1.385,1.209832,MID,91.9,24.0,24.0
10864,749,L.Duggan,WCE,10,109,10,97.9,0.263,0.092,-0.230175,DEF,85.0,24.0,17.0
9512,667,J.Jordon,SYD,10,114,10,80.0,0.368,-1.356,-2.171856,MID,77.2,25.0,25.0
10999,757,B.Hough,WCE,10,108,10,58.6,0.263,-3.086,-3.2164479999999998,DEF,58.6,25.0,
3298,296,D.Swallow,GCS,9,98,10,38.2222,0.263,-4.734,-4.525704,FWD,38.2,25.5,
10836,747,J.Darling,WCE,10,98,10,60.8,0.263,-2.908,-2.8759140000000003,FWD,60.8,25.5,
562,136,J.Crisp,COL,10,112,10,86.3,0.368,-0.846,-1.124576,MID,79.9,26.0,26.0
630,138,N.Daicos,COL,10,105,10,119.7,0.263,1.854,1.918961,DEF,94.4,26.0,18.0
8925,639,J.Sinclair,STK,9,110,10,99.2222,0.368,0.198,0.388992,MID,84.5,27.0,27.0
1681,194,A.McGrath,ESS,10,104,10,103.2,0.263,0.52,0.33958200000000005,DEF,87.3,28.0,20.0
3835,325,M.Holmes,GEE,10,104,10,99.3,0.263,0.205,0.208682,DEF,85.6,28.0,20.0
7321,533,K.Farrell,PTA,10,104,10,82.7,0.263,-1.138,-1.23268,DEF,78.3,28.0,20.0
8700,623,B.Hill,STK,10,97,10,81.8,0.263,-1.21,-1.213682,FWD,78.0,28.0,
10446,721,A.Naughton,WBD,10,97,10,89.5,0.263,-0.588,-0.792877,FWD,81.3,28.0,17.5
10894,75,C.Rayner,BRL,10,97,10,73.8,0.263,-1.857,-1.532721,FWD,73.8,28.0,17.5
11671,9,J.Dawson,ADE,10,107,10,104.7,0.368,0.641,0.37714400000000003,MID,87.9,28.0,28.0
631,138,N.Daicos,COL,10,105,10,119.7,0.368,1.854,1.7086400000000002,MID,94.4,29.0,29.0
1435,184,D.Heppell,ESS,10,103,10,90.8,0.263,-0.483,-0.601876,DEF,81.9,30.0,
2629,256,B.Ainsworth,GCS,10,94,10,70.8,0.263,-2.1,-2.0211,FWD,70.8,30.5,19.5
3834,325,M.Holmes,GEE,10,104,10,99.3,0.368,0.205,-0.012856000000000034,MID,85.6,30.5,30.0
9704,677,H.McLean,SYD,10,94,10,72.4,0.263,-1.97,-1.8648,FWD,72.4,30.5,19.5
10697,735,B.Williams,WBD,10,104,10,79.6,0.368,-1.388,-1.850944,MID,77.0,30.5,
4857,396,M.D'Ambrosio,HAW,9,102,10,76.8889,0.263,-1.607,-1.4389429999999999,DEF,75.7,31.0,
1210,173,J.Caldwell,ESS,10,103,10,90.0,0.368,-0.547,-0.680952,MID,81.5,32.0,31.0
1535,189,J.Kelly,ESS,9,101,10,75.1111,0.263,-1.751,-2.22177,DEF,75.0,32.0,
9177,649,T.Adams,SYD,6,92,10,78.5,0.263,-1.477,-1.495147,FWD,75.9,32.5,21.5
10383,719,J.Macrae,WBD,8,92,10,80.5,0.263,-1.315,-1.273972,FWD,76.9,32.5,21.5
4856,396,M.D'Ambrosio,HAW,9,102,10,76.8889,0.368,-1.607,-1.586392,MID,75.7,33.5,
11646,87,B.Acres,CAR,10,102,10,98.7,0.368,0.156,-0.276032,MID,85.3,33.5,32.0
1645,193,N.Martin,ESS,10,100,10,106.8,0.263,0.811,0.818101,DEF,88.8,34.0,23.0
7135,523,T.Boak,PTA,8,91,10,75.875,0.263,-1.689,-1.404697,FWD,75.3,34.0,
8273,594,D.Rioli,RIC,10,100,10,92.0,0.263,-0.386,-0.397046,DEF,82.4,34.0,23.0
8484,607,R.Bonner,STK,10,100,10,86.8,0.263,-0.806,-1.187087,DEF,80.1,34.0,23.0
1536,189,J.Kelly,ESS,9,101,10,75.1111,0.368,-1.751,-2.606232,MID,75.0,35.0,
6727,507,T.Powell,NTH,10,90,10,84.8,0.263,-0.968,-0.8343959999999999,FWD,79.3,35.0,23.0
9437,665,W.Hayward,SYD,10,88,10,76.6,0.263,-1.631,-1.6417830000000002,FWD,75.7,36.0,
4597,379,H.Perryman,GWS,9,99,10,78.4444,0.263,-1.482,-1.626124,DEF,76.3,36.5,
5990,463,C.Salem,MEL,7,99,10,68.4286,0.263,-2.292,-2.153925,DEF,68.4,36.5,25.0
5941,461,K.Pickett,MEL,8,87,10,70.5,0.263,-2.124,-1.8552140000000001,FWD,70.5,37.0,24.0
189,109,B.Kemp,CAR,8,98,10,72.25,0.263,-1.983,-2.178146,DEF,72.2,38.0,
598,137,J.Daicos,COL,10,100,10,90.1,0.368,-0.539,-0.84076,MID,81.6,38.0,34.0
1644,193,N.Martin,ESS,10,100,10,106.8,0.368,0.811,0.59388,MID,88.8,38.0,34.0
2493,249,J.Treacy,FRE,10,86,10,78.4,0.263,-1.485,-1.1139070000000002,FWD,76.5,38.0,
5412,43,C.Ah Chee,BRL,9,100,10,64.2222,0.368,-2.632,-3.10672,MID,64.2,38.0,
7284,531,W.Drew,PTA,10,100,10,97.8,0.368,0.083,-0.41159199999999996,MID,84.9,38.0,
8483,607,R.Bonner,STK,10,100,10,86.8,0.368,-0.806,-1.5445760000000002,MID,80.1,38.0,34.0
1841,200,M.Redman,ESS,9,95,10,90.0,0.263,-0.547,-0.641154,DEF,80.9,39.0,26.0
5136,410,C.Mackenzie,HAW,10,85,10,63.5,0.263,-2.69,-2.584011,FWD,63.5,39.5,25.5
10261,711,J.Harmes,WBD,6,85,10,79.5,0.263,-1.396,-1.387321,FWD,76.2,39.5,25.5
8451,606,J.Battle,STK,10,91,10,79.3,0.263,-1.412,-1.387804,DEF,76.9,40.0,
5991,463,C.Salem,MEL,7,99,10,68.4286,0.368,-2.292,-2.3078239999999997,MID,68.4,41.0,36.0
10056,702,B.Dale,WBD,10,88,10,95.6,0.263,-0.094,-0.04139999999999999,DEF,84.0,41.0,27.0
1780,199,A.Perkins,ESS,7,84,10,84.8571,0.263,-0.963,-1.217584,FWD,78.0,42.0,
3297,296,D.Swallow,GCS,9,98,10,38.2222,0.368,-4.734,-5.227855999999999,MID,38.2,42.0,
4668,385,H.Thomas,GWS,10,84,10,53.6,0.263,-3.491,-3.388693,FWD,53.6,42.0,
10108,704,S.Darcy,WBD,9,84,10,79.1111,0.263,-1.428,-1.196297,FWD,76.6,42.0,
1364,18,M.Keane,ADE,9,87,10,76.7778,0.263,-1.616,-1.713047,DEF,75.7,43.0,
2703,26,L.Nankervis,ADE,7,87,10,65.4286,0.263,-2.534,-2.57871,DEF,65.4,43.0,
7175,524,J.Burgoyne,PTA,8,87,10,69.0,0.263,-2.245,-2.120864,DEF,69.0,43.0,
3165,286,T.Miller,GCS,10,97,10,113.9,0.368,1.385,0.8631759999999999,MID,91.9,44.0,37.5
7245,527,D.Byrne-Jones,PTA,10,82,10,68.2,0.263,-2.31,-2.232152,FWD,68.2,44.0,
8701,623,B.Hill,STK,10,97,10,81.8,0.368,-1.21,-1.920976,MID,78.0,44.0,
10895,75,C.Rayner,BRL,10,97,10,73.8,0.368,-1.857,-2.091784,MID,73.8,44.0,37.5
3085,282,B.Long,GCS,4,81,10,45.75,0.263,-4.125,-3.684738,FWD,45.8,45.0,
6577,5,J.Butts,ADE,7,86,10,57.5714,0.263,-3.169,-3.5156340000000004,DEF,57.6,45.0,
665,139,J.De Goey,COL,8,96,10,80.875,0.368,-1.285,-1.5963279999999997,MID,77.0,46.0,39.0
923,154,B.Maynard,COL,10,85,10,91.2,0.263,-0.45,-0.851075,DEF,82.0,46.0,28.0
4338,362,T.Green,GWS,10,95,10,105.9,0.368,0.738,0.604784,MID,88.4,47.0,40.0
6311,480,C.Comben,NTH,7,80,10,78.5714,0.263,-1.471,-1.3047840000000002,FWD,76.1,47.0,
7597,551,W.Rioli,PTA,10,80,10,64.7,0.263,-2.593,-2.517519,FWD,64.7,47.0,
8131,588,B.Miller,RIC,8,80,10,80.0,0.263,-1.356,-1.3034,FWD,76.7,47.0,
10556,73,J.Payne,BRL,9,84,10,58.5556,0.263,-3.09,-3.215188,DEF,58.6,47.0,
9892,69,C.McKenna,BRL,5,82,10,68.0,0.263,-2.326,-2.8359569999999996,DEF,68.0,48.0,
1741,197,Z.Merrett,ESS,10,94,10,118.6,0.368,1.765,1.580632,MID,94.0,49.0,42.0
2630,256,B.Ainsworth,GCS,10,94,10,70.8,0.368,-2.1,-2.712352,MID,70.8,49.0,42.0
3084,282,B.Long,GCS,4,81,10,45.75,0.263,-4.125,-4.076345,DEF,45.8,49.0,
5472,432,J.Worpel,HAW,10,94,10,88.3,0.368,-0.685,-1.01804,MID,80.8,49.0,42.0
5596,441,B.Fritsch,MEL,10,78,10,58.2,0.263,-3.119,-3.0553540000000003,FWD,58.2,49.0,
220,110,M.Kennedy,CAR,10,77,10,75.3,0.263,-1.736,-1.4814159999999998,FWD,75.1,50.5,
280,115,H.McKay,CAR,10,77,10,95.2,0.263,-0.127,-0.052308,FWD,83.8,50.5,27.0
3427,302,T.Atkins,GEE,9,80,10,78.6667,0.263,-1.464,-1.541059,DEF,76.4,51.0,29.0
6310,480,C.Comben,NTH,7,80,10,78.5714,0.263,-1.471,-1.654048,DEF,76.1,51.0,
9961,695,M.Bontempelli,WBD,10,93,10,118.3,0.368,1.741,1.9835120000000002,MID,93.8,51.0,44.0
11693,90,J.Boyd,CAR,10,80,10,72.7,0.263,-1.946,-2.427553,DEF,72.7,51.0,
3685,314,O.Dempsey,GEE,10,76,10,68.6,0.263,-2.278,-1.910063,FWD,68.6,52.0,
9176,649,T.Adams,SYD,6,92,10,78.5,0.368,-1.477,-2.217784,MID,75.9,52.5,45.5
10382,719,J.Macrae,WBD,8,92,10,80.5,0.368,-1.315,-1.961576,MID,76.9,52.5,45.5
5574,44,H.Andrews,BRL,10,79,10,96.7,0.263,-0.005,-0.375304,DEF,84.4,53.0,30.0
2860,268,S.Day,GCS,2,75,10,73.0,0.263,-1.922,-1.7855029999999998,FWD,73.0,54.0,
7134,523,T.Boak,PTA,8,91,10,75.875,0.368,-1.689,-1.979352,MID,75.3,54.0,
7833,566,S.Bolton,RIC,10,75,10,83.6,0.263,-1.065,-0.978999,FWD,78.7,54.0,28.0
9072,646,D.Wilson,STK,10,75,10,71.7,0.263,-2.027,-1.9846570000000001,FWD,71.7,54.0,
6619,502,L.McDonald,NTH,9,78,10,65.1111,0.263,-2.56,-2.724638,DEF,65.1,54.5,
9235,652,N.Blakey,SYD,10,78,10,99.2,0.263,0.197,0.15860200000000002,DEF,85.5,54.5,31.0
6728,507,T.Powell,NTH,10,90,10,84.8,0.368,-0.968,-1.464432,MID,79.3,55.0,47.0
2428,243,J.Sharp,FRE,10,89,10,76.2,0.368,-1.663,-2.287496,MID,75.5,56.5,
10238,71,L.Morris,BRL,3,73,10,46.6667,0.263,-4.051,-3.7640670000000003,FWD,46.7,56.5,
10973,754,R.Ginbey,WCE,10,89,10,67.3,0.368,-2.383,-2.7638800000000003,MID,67.3,56.5,
11066,76,B.Reville,BRL,3,73,10,62.3333,0.263,-2.784,-2.8941969999999997,FWD,62.3,56.5,
260,114,M.McGovern,CAR,7,77,10,80.5714,0.263,-1.31,-1.528553,DEF,76.7,57.0,
1704,195,B.McKay,ESS,10,77,10,72.9,0.263,-1.93,-2.222719,DEF,72.9,57.0,
3328,298,B.Uwland,GCS,8,77,10,61.25,0.263,-2.872,-2.774427,DEF,61.2,57.0,
2304,231,M.Johnson,FRE,10,88,10,65.0,0.368,-2.569,-3.107752,MID,65.0,58.5,
7953,574,T.Dow,RIC,10,88,10,62.2,0.368,-2.795,-3.390056,MID,62.2,58.5,
4640,384,S.Taylor,GWS,8,76,10,78.75,0.263,-1.457,-1.7762820000000001,DEF,76.3,59.0,32.0
1890,206,J.Stringer,ESS,10,72,10,62.5,0.263,-2.771,-2.5869,FWD,62.5,59.5,
5086,409,C.Macdonald,HAW,10,72,10,65.8,0.263,-2.504,-2.111341,FWD,65.8,59.5,29.0
6898,513,J.Stephenson,NTH,7,72,10,49.1429,0.263,-3.851,-3.628765,FWD,49.1,59.5,
7755,563,N.Balta,RIC,6,72,10,66.6667,0.263,-2.434,-2.362727,FWD,66.7,59.5,
2704,26,L.Nankervis,ADE,7,87,10,65.4286,0.368,-2.534,-2.79896,MID,65.4,61.0,
4087,342,T.Stewart,GEE,9,75,10,94.2222,0.263,-0.206,-0.160238,DEF,82.5,61.0,33.0
5881,459,C.Petracca,MEL,10,87,10,107.7,0.368,0.884,0.571936,MID,89.2,61.0,48.0
6774,508,B.Scott,NTH,10,75,10,68.8,0.263,-2.262,-2.3043430000000003,DEF,68.8,61.0,
7174,524,J.Burgoyne,PTA,8,87,10,69.0,0.368,-2.245,-2.27996,MID,69.0,61.0,
9117,647,M.Windhager,STK,9,75,10,80.4444,0.263,-1.32,-1.671105,DEF,77.1,61.0,
4441,369,C.Idun,GWS,10,74,10,80.1,0.263,-1.348,-1.321437,DEF,77.2,63.0,34.0
2357,24,L.Murphy,ADE,4,71,10,42.25,0.263,-4.408,-3.9708940000000004,FWD,42.2,63.5,
6595,50,C.Cameron,BRL,10,71,10,61.5,0.263,-2.852,-2.765736,FWD,61.5,63.5,
8357,6,B.Cook,ADE,7,71,10,54.2857,0.263,-3.435,-3.421061,FWD,54.3,63.5,
11842,99,C.Curnow,CAR,10,71,10,91.1,0.263,-0.458,-0.40224400000000005,FWD,82.0,63.5,30.0
2325,238,J.O'Meara,FRE,9,86,10,53.7778,0.368,-3.476,-3.611056,MID,53.8,64.0,
5964,462,T.Rivers,MEL,10,73,10,78.0,0.263,-1.518,-1.4217419999999998,DEF,76.3,64.0,35.0
6170,474,J.Viney,MEL,10,86,10,93.7,0.368,-0.248,-0.7157279999999999,MID,83.1,64.0,49.5
8964,640,J.Steele,STK,10,86,10,112.4,0.368,1.264,1.014128,MID,91.3,64.0,49.5
7754,563,N.Balta,RIC,6,72,10,66.6667,0.263,-2.434,-2.74697,DEF,66.7,65.0,
1110,167,L.Schultz,COL,9,70,10,59.4444,0.263,-3.018,-2.8281139999999994,FWD,59.4,66.5,31.0
2533,251,B.Walker,FRE,9,70,10,56.7778,0.263,-3.234,-3.365237,DEF,56.8,66.5,
2763,261,T.Berry,GCS,10,70,10,60.7,0.263,-2.917,-2.991955,FWD,60.7,66.5,
5520,435,J.Bowey,MEL,3,70,10,57.3333,0.263,-3.189,-3.288151,DEF,57.3,66.5,
403,126,S.Walsh,CAR,6,85,10,115.833,0.368,1.542,1.1806240000000001,MID,85.7,67.0,52.0
5137,410,C.Mackenzie,HAW,10,85,10,63.5,0.368,-2.69,-3.2788,MID,63.5,67.0,52.0
10262,711,J.Harmes,WBD,6,85,10,79.5,0.368,-1.396,-2.0937279999999996,MID,76.2,67.0,52.0
354,122,M.Owies,CAR,10,68,10,52.3,0.263,-3.596,-3.435044,FWD,52.3,69.0,
1459,185,N.Hind,ESS,8,68,10,46.25,0.263,-4.085,-3.8519819999999996,FWD,46.2,69.0,
3375,30,J.Rachele,ADE,10,68,10,61.8,0.263,-2.828,-2.611814,FWD,61.8,69.0,32.0
6939,516,D.Tucker,NTH,10,69,10,59.5,0.263,-3.014,-3.0705449999999996,DEF,59.5,69.0,
9581,671,J.Lloyd,SYD,10,69,10,82.9,0.263,-1.121,-1.223307,DEF,78.4,69.0,36.0
10127,705,T.Duryea,WBD,8,69,10,68.25,0.263,-2.306,-2.706549,DEF,68.2,69.0,
1779,199,A.Perkins,ESS,7,84,10,84.8571,0.368,-0.963,-2.046024,MID,78.0,69.5,
4667,385,H.Thomas,GWS,10,84,10,53.6,0.368,-3.491,-4.108872,MID,53.6,69.5,
11814,97,P.Cripps,CAR,10,83,10,107.1,0.368,0.835,0.813288,MID,89.0,71.0,54.0
5505,434,J.Billings,MEL,10,67,10,59.5,0.263,-3.014,-2.9030139999999998,FWD,59.5,72.5,33.5
8011,58,E.Hipwood,BRL,10,67,10,57.6,0.263,-3.167,-2.847192,FWD,57.6,72.5,
9139,648,M.Wood,STK,5,67,10,73.4,0.263,-1.89,-1.515488,FWD,73.4,72.5,33.5
11347,777,J.Williams,WCE,8,67,10,56.5,0.263,-3.256,-3.183938,FWD,56.5,72.5,
674,14,W.Hamill,ADE,4,68,10,46.0,0.263,-4.105,-4.197839,DEF,46.0,73.0,
1458,185,N.Hind,ESS,8,68,10,46.25,0.263,-4.085,-4.263577,DEF,46.2,73.0,
2831,266,S.Collins,GCS,10,68,10,78.9,0.263,-1.445,-1.5559859999999999,DEF,76.7,73.0,
3046,279,L.Johnston,GCS,2,68,10,55.0,0.263,-3.377,-3.8646019999999996,DEF,55.0,73.0,
3746,320,Z.Guthrie,GEE,10,68,10,87.6,0.263,-0.741,-0.908531,DEF,80.5,73.0,
4698,386,C.Ward,GWS,6,82,10,72.5,0.368,-1.962,-2.19752,MID,72.5,73.0,56.0
9414,663,E.Gulden,SYD,10,82,10,101.9,0.368,0.415,0.45474400000000004,MID,86.7,73.0,56.0
11279,773,D.Sheed,WCE,5,82,10,39.2,0.368,-4.655,-5.144072,MID,39.2,73.0,56.0
3426,302,T.Atkins,GEE,9,80,10,78.6667,0.368,-1.464,-1.780848,MID,76.4,75.0,58.0
308,12,D.Fogarty,ADE,10,66,10,66.1,0.263,-2.48,-2.263288,FWD,66.1,75.5,
5218,415,D.Moore,HAW,10,66,10,89.5,0.263,-0.588,-0.11749299999999996,FWD,81.3,75.5,35.0
4274,355,S.Coniglio,GWS,7,79,10,95.7143,0.368,-0.085,-0.936184,MID,81.3,76.5,59.5
6974,517,G.Wardlaw,NTH,9,79,10,80.1111,0.368,-1.347,-1.5000879999999999,MID,77.0,76.5,59.5
1016,160,D.Moore,COL,10,67,10,77.7,0.263,-1.542,-1.7429320000000001,DEF,76.2,77.5,37.5
4213,352,J.Buckley,GWS,10,67,10,80.0,0.263,-1.356,-1.5187970000000002,DEF,77.2,77.5,
9040,645,C.Wilkie,STK,10,67,10,84.9,0.263,-0.96,-0.8511179999999999,DEF,79.3,77.5,37.5
9302,656,H.Cunningham,SYD,9,67,10,59.7778,0.263,-2.991,-3.3726130000000003,DEF,59.8,77.5,
6284,48,J.Berry,BRL,10,78,10,88.0,0.368,-0.709,-1.18004,MID,80.7,78.0,
221,110,M.Kennedy,CAR,10,77,10,75.3,0.368,-1.736,-2.072352,MID,75.1,79.0,
4297,357,B.Daniels,GWS,9,65,10,78.3333,0.263,-1.491,-0.97552,FWD,76.3,79.0,36.0
7504,547,J.Mead,PTA,10,65,10,53.5,0.263,-3.499,-3.17551,FWD,53.5,79.0,
9213,650,J.Amartey,SYD,10,65,10,45.8,0.263,-4.121,-3.770684,FWD,45.8,79.0,
9670,676,J.McInerney,SYD,10,65,10,78.9,0.263,-1.445,-1.131767,FWD,76.7,79.0,
11153,765,R.Maric,WCE,8,65,10,40.75,0.263,-4.53,-4.420592,FWD,40.8,79.0,
3686,314,O.Dempsey,GEE,10,76,10,68.6,0.368,-2.278,-2.4590560000000004,MID,68.6,80.0,
6345,481,A.Corr,NTH,10,66,10,65.7,0.263,-2.512,-2.744492,DEF,65.7,80.5,
8729,625,D.Howard,STK,4,66,10,60.5,0.263,-2.933,-3.192055,DEF,60.5,80.5,
6773,508,B.Scott,NTH,10,75,10,68.8,0.368,-2.262,-2.525856,MID,68.8,82.5,
7834,566,S.Bolton,RIC,10,75,10,83.6,0.368,-1.065,-1.636504,MID,78.7,82.5,61.0
9073,646,D.Wilson,STK,10,75,10,71.7,0.368,-2.027,-2.6923440000000003,MID,71.7,82.5,
9116,647,M.Windhager,STK,9,75,10,80.4444,0.368,-1.32,-2.014048,MID,77.1,82.5,
1079,164,I.Quaynor,COL,10,64,10,58.8,0.263,-3.07,-3.3151159999999997,DEF,58.8,84.5,39.5
1490,186,B.Hobbs,ESS,9,64,10,55.7778,0.263,-3.315,-3.345508,FWD,55.8,84.5,
1911,207,E.Tsatas,ESS,4,64,10,50.0,0.263,-3.782,-3.92139,FWD,50.0,84.5,
5763,453,T.McDonald,MEL,9,64,10,73.0,0.263,-1.922,-1.8949109999999998,DEF,73.0,84.5,
5764,453,T.McDonald,MEL,9,64,10,73.0,0.263,-1.922,-1.5540629999999998,FWD,73.0,84.5,
5800,454,J.McVee,MEL,10,64,10,72.2,0.263,-1.987,-2.181357,DEF,72.2,84.5,
8420,603,N.Vlastuin,RIC,10,64,10,99.7,0.263,0.237,0.01949899999999999,DEF,85.7,84.5,39.5
8543,61,R.Lester,BRL,10,64,10,71.0,0.263,-2.084,-2.2362770000000003,DEF,71.0,84.5,
9637,675,L.McDonald,SYD,10,64,10,63.9,0.263,-2.658,-2.51335,FWD,63.9,84.5,
9793,681,T.Papley,SYD,10,64,10,73.9,0.263,-1.849,-1.4879010000000001,FWD,73.9,84.5,
10166,707,J.Freijah,WBD,2,64,10,63.5,0.263,-2.69,-2.38755,FWD,63.5,84.5,
11462,785,E.Phillips,HAW,1,64,10,64.0,0.263,-2.65,-2.855666,DEF,64.0,84.5,
5251,417,C.Nash,HAW,10,73,10,77.9,0.368,-1.526,-1.9576639999999998,MID,76.3,85.5,62.0
11065,76,B.Reville,BRL,3,73,10,62.3333,0.368,-2.784,-3.7017919999999997,MID,62.3,85.5,
4464,37,J.Soligo,ADE,10,71,10,86.9,0.368,-0.798,-1.246224,MID,80.2,87.5,
8358,6,B.Cook,ADE,7,71,10,54.2857,0.368,-3.435,-4.184616,MID,54.3,87.5,
1961,212,J.Aish,FRE,10,63,10,83.6,0.263,-1.065,-1.747748,DEF,78.7,88.5,
2740,260,C.Ballard,GCS,10,63,10,65.6,0.263,-2.52,-2.76459,DEF,65.6,88.5,
9994,696,L.Bramble,WBD,10,62,10,70.0,0.263,-2.164,-2.258417,DEF,70.0,90.0,
455,128,Z.Williams,CAR,9,61,10,66.5556,0.263,-2.443,-2.593699,DEF,66.6,91.0,41.0
1327,178,S.Durham,ESS,9,69,10,83.2222,0.368,-1.095,-1.194728,MID,78.2,91.0,
1400,181,J.Gresham,ESS,10,63,10,66.1,0.263,-2.48,-2.472899,FWD,66.1,91.0,37.5
1991,213,J.Amiss,FRE,9,63,10,50.0,0.263,-3.782,-3.5524009999999997,FWD,50.0,91.0,
2215,228,N.Fyfe,FRE,10,63,10,77.2,0.263,-1.582,-1.560171,FWD,76.0,91.0,37.5
3062,280,B.King,GCS,10,63,10,62.6,0.263,-2.763,-2.68147,FWD,62.6,91.0,
3544,306,T.Bruhn,GEE,8,69,10,73.875,0.368,-1.851,-2.289656,MID,73.9,91.0,
4156,349,T.Bedford,GWS,10,63,10,55.8,0.263,-3.313,-3.032642,FWD,55.8,91.0,
6938,516,D.Tucker,NTH,10,69,10,59.5,0.368,-3.014,-3.2918399999999997,MID,59.5,91.0,
7464,543,T.Marshall,PTA,10,63,10,61.8,0.263,-2.828,-2.8395719999999995,FWD,61.8,91.0,
8218,592,D.Prestia,RIC,4,69,10,66.0,0.368,-2.488,-2.466288,MID,66.0,91.0,
9582,671,J.Lloyd,SYD,10,69,10,82.9,0.368,-1.121,-1.474648,MID,78.4,91.0,63.0
9937,692,S.Wicks,SYD,8,63,10,47.875,0.263,-3.954,-3.914287,FWD,47.9,91.0,
1613,191,J.Laverde,ESS,9,60,10,61.0,0.263,-2.892,-2.9427589999999997,DEF,61.0,93.5,
7208,525,R.Burton,PTA,9,60,10,77.5556,0.263,-1.554,-1.831202,DEF,76.0,93.5,42.0
9378,660,A.Francis,SYD,2,60,10,61.5,0.263,-2.852,-3.398777,DEF,61.5,93.5,
11029,758,J.Hunt,WCE,9,60,10,63.7778,0.263,-2.668,-2.7963440000000004,DEF,63.8,93.5,
5274,418,J.Newcombe,HAW,10,68,10,88.2,0.368,-0.693,-0.6098319999999999,MID,80.7,94.0,64.0
5504,434,J.Billings,MEL,10,67,10,59.5,0.368,-3.014,-3.60464,MID,59.5,95.5,65.5
9138,648,M.Wood,STK,5,67,10,73.4,0.368,-1.89,-2.049712,MID,73.4,95.5,65.5
454,128,Z.Williams,CAR,9,61,10,66.5556,0.263,-2.443,-2.224184,FWD,66.6,96.0,39.0
10675,734,R.West,WBD,9,61,10,67.4444,0.263,-2.371,-2.24213,FWD,67.4,96.0,
11262,772,L.Ryan,WCE,4,61,10,41.75,0.263,-4.449,-3.990065,FWD,41.8,96.0,
7577,550,E.Ratugolea,PTA,10,59,10,60.5,0.263,-2.933,-3.213358,DEF,60.5,97.0,
9018,644,J.Webster,STK,3,59,10,68.0,0.263,-2.326,-2.678946,DEF,68.0,97.0,
10623,732,L.Vandermeer,WBD,10,59,10,55.5,0.263,-3.337,-3.795146,DEF,55.5,97.0,
1819,20,R.Laird,ADE,10,65,10,105.2,0.368,0.682,0.478128,MID,88.1,98.5,67.0
4107,343,Z.Tuohy,GEE,7,65,10,69.2857,0.368,-2.222,-2.791664,MID,69.3,98.5,
7505,547,J.Mead,PTA,10,65,10,53.5,0.368,-3.499,-3.782728,MID,53.5,98.5,
9669,676,J.McInerney,SYD,10,65,10,78.9,0.368,-1.445,-1.6842000000000001,MID,76.7,98.5,
1094,165,J.Richards,COL,2,60,10,83.5,0.263,-1.073,-1.4795980000000002,FWD,75.7,99.5,
2465,247,S.Switkowski,FRE,7,60,10,66.0,0.263,-2.488,-2.025909,FWD,66.0,99.5,
3804,324,O.Henry,GEE,10,60,10,60.0,0.263,-2.973,-3.0127129999999998,FWD,60.0,99.5,
6905,514,C.Taylor,NTH,1,60,10,60.0,0.263,-2.973,-3.0187619999999997,FWD,60.0,99.5,
4318,36,B.Smith,ADE,9,56,10,64.0,0.263,-2.65,-2.864871,DEF,64.0,100.0,
5697,45,N.Answerth,BRL,8,56,10,62.875,0.263,-2.741,-3.116564,DEF,62.9,100.0,
9815,683,D.Rampe,SYD,7,56,10,62.5714,0.263,-2.765,-3.136619,DEF,62.6,100.0,
1491,186,B.Hobbs,ESS,9,64,10,55.7778,0.368,-3.315,-4.12828,MID,55.8,102.0,
1910,207,E.Tsatas,ESS,4,64,10,50.0,0.368,-3.782,-4.773391999999999,MID,50.0,102.0,
10165,707,J.Freijah,WBD,2,64,10,63.5,0.368,-2.69,-2.981824,MID,63.5,102.0,
2053,217,H.Chapman,FRE,4,55,10,63.25,0.263,-2.71,-2.716838,DEF,63.2,102.5,
7060,520,A.Aliir,PTA,9,55,10,64.7778,0.263,-2.587,-2.4996840000000002,DEF,64.8,102.5,
740,145,B.Hill,COL,10,59,10,59.3,0.263,-3.03,-2.788566,FWD,59.3,104.5,
1962,212,J.Aish,FRE,10,63,10,83.6,0.368,-1.065,-2.2161039999999996,MID,78.7,104.5,
2214,228,N.Fyfe,FRE,10,63,10,77.2,0.368,-1.582,-2.265376,MID,76.0,104.5,68.0
4961,400,J.Ginnivan,HAW,10,59,10,64.7,0.263,-2.593,-2.2400539999999998,FWD,64.7,104.5,
5108,41,T.Walker,ADE,9,59,10,73.0,0.263,-1.922,-1.928575,FWD,73.0,104.5,40.5
7092,522,M.Bergman,PTA,10,54,10,78.7,0.263,-1.461,-1.606965,DEF,76.6,104.5,
8327,598,J.Short,RIC,9,54,10,75.1111,0.263,-1.751,-1.698137,DEF,75.0,104.5,43.0
8842,633,M.Owens,STK,10,59,10,69.5,0.263,-2.205,-2.1524,FWD,69.5,104.5,40.5
10591,731,J.Ugle-Hagan,WBD,8,59,10,54.125,0.263,-3.448,-3.015628,FWD,54.1,104.5,
10624,732,L.Vandermeer,WBD,10,59,10,55.5,0.263,-3.337,-3.3761870000000003,FWD,55.5,104.5,
8088,586,K.McAuliffe,RIC,3,62,10,45.3333,0.368,-4.159,-4.789752,MID,45.3,106.5,
9993,696,L.Bramble,WBD,10,62,10,70.0,0.368,-2.164,-2.4996160000000005,MID,70.0,106.5,
8562,610,A.Caminiti,STK,6,57,10,51.8333,0.263,-3.633,-3.460998,FWD,51.8,108.0,
2098,22,M.Michalanney,ADE,10,53,10,63.3,0.263,-2.706,-2.843549,DEF,63.3,108.5,
2348,239,A.Pearce,FRE,10,53,10,70.6,0.263,-2.116,-2.343495,DEF,70.6,108.5,
2674,258,M.Andrew,GCS,7,53,10,85.2857,0.263,-0.928,-1.3225,DEF,78.1,108.5,
5048,405,J.Impey,HAW,10,53,10,80.4,0.263,-1.324,-1.344251,DEF,77.3,108.5,
5646,445,B.Howes,MEL,10,53,10,59.9,0.263,-2.981,-3.262147,DEF,59.9,108.5,
7554,55,J.Fletcher,BRL,10,61,10,68.2,0.368,-2.31,-2.910576,MID,68.2,108.5,
9323,658,O.Florent,SYD,10,53,10,86.1,0.263,-0.863,-1.130471,DEF,79.8,108.5,
9548,67,H.McCluggage,BRL,10,61,10,99.7,0.368,0.237,-0.030168,MID,85.7,108.5,69.0
2164,225,T.Emmett,FRE,10,56,10,40.8,0.263,-4.526,-4.472874,FWD,40.8,110.5,
4826,395,M.Chol,HAW,8,56,10,63.375,0.263,-2.7,-2.527209,FWD,63.4,110.5,
4902,398,C.Dear,HAW,3,56,10,47.6667,0.263,-3.97,-3.767227,FWD,47.7,110.5,
5698,45,N.Answerth,BRL,8,56,10,62.875,0.263,-2.741,-2.7194339999999997,FWD,62.9,110.5,
6904,514,C.Taylor,NTH,1,60,10,60.0,0.368,-2.973,-3.7991599999999996,MID,60.0,110.5,
11030,758,J.Hunt,WCE,9,60,10,63.7778,0.368,-2.668,-3.04704,MID,63.8,110.5,
10766,743,C.Chesser,WCE,10,59,10,45.3,0.368,-4.162,-4.827344,MID,45.3,112.0,
132,107,E.Hollands,CAR,8,55,10,64.125,0.263,-2.64,-2.191585,FWD,64.1,113.0,
1162,17,C.Jones,ADE,10,52,10,57.8,0.263,-3.151,-3.3411489999999997,DEF,57.8,113.0,
3892,329,J.Kolodjashnij,GEE,9,52,10,64.8889,0.263,-2.578,-2.653481,DEF,64.9,113.0,
4010,337,B.Parfitt,GEE,8,57,10,75.75,0.368,-1.7,-2.263408,MID,75.3,113.0,
6687,506,T.Pink,NTH,5,52,10,36.4,0.263,-4.881,-5.187658,DEF,36.4,113.0,
1130,168,S.Sidebottom,COL,9,56,10,63.0,0.368,-2.731,-2.761176,MID,63.0,114.0,
133,107,E.Hollands,CAR,8,55,10,64.125,0.368,-2.64,-2.7102880000000003,MID,64.1,115.0,
856,151,P.Lipinski,COL,10,54,10,78.5,0.263,-1.477,-1.32183,FWD,76.5,115.0,42.0
2014,214,B.Banfield,FRE,10,54,10,71.1,0.263,-2.076,-2.090465,FWD,71.1,115.0,
11470,786,M.Lefau,RIC,8,54,10,53.75,0.263,-3.478,-3.327564,FWD,53.8,115.0,
249,112,C.Marchbank,CAR,2,51,10,36.5,0.263,-4.873,-5.205695,DEF,36.5,116.5,
3024,278,J.Jeffrey,GCS,2,51,10,61.0,0.263,-2.892,-2.9906249999999996,DEF,61.0,116.5,
3992,335,M.O'Connor,GEE,9,51,10,62.1111,0.263,-2.802,-3.172041,DEF,62.1,116.5,
10784,744,T.Cole,WCE,10,51,10,66.4,0.263,-2.456,-2.6272130000000002,DEF,66.4,116.5,
857,151,P.Lipinski,COL,10,54,10,78.5,0.368,-1.477,-1.956136,MID,76.5,117.0,70.0
4042,34,L.Sholl,ADE,7,54,10,73.8571,0.368,-1.853,-1.839016,MID,73.9,117.0,
7093,522,M.Bergman,PTA,10,54,10,78.7,0.368,-1.461,-1.872424,MID,76.6,117.0,
4536,377,X.O'Halloran,GWS,8,52,10,53.0,0.263,-3.539,-3.424069,FWD,53.0,117.5,
6688,506,T.Pink,NTH,5,52,10,36.4,0.263,-4.881,-4.745555,FWD,36.4,117.5,
11482,79,H.Sharp,BRL,3,53,10,58.3333,0.368,-3.108,-4.3636159999999995,MID,58.3,119.0,
1163,17,C.Jones,ADE,10,52,10,57.8,0.368,-3.151,-3.6113679999999997,MID,57.8,120.5,
4535,377,X.O'Halloran,GWS,8,52,10,53.0,0.368,-3.539,-4.13884,MID,53.0,120.5,
5333,424,J.Serong,HAW,4,50,10,43.0,0.263,-4.348,-4.681747,DEF,43.0,120.5,
5909,460,H.Petty,MEL,8,50,10,45.625,0.263,-4.136,-4.284858,DEF,45.6,120.5,
10023,699,L.Cleary,WBD,2,50,10,45.5,0.263,-4.146,-4.464493,DEF,45.5,120.5,
11375,778,A.Witherden,WCE,7,50,10,70.1429,0.263,-2.153,-2.3494610000000002,DEF,70.1,120.5,44.0
892,152,F.Macrae,COL,5,51,10,42.8,0.263,-4.364,-4.234078,FWD,42.8,121.5,
3023,278,J.Jeffrey,GCS,2,51,10,61.0,0.263,-2.892,-2.615061,FWD,61.0,121.5,
7267,530,C.Dixon,PTA,9,51,10,76.4444,0.263,-1.643,-1.4481169999999999,FWD,75.6,121.5,43.0
7938,573,N.Cumberland,RIC,2,51,10,33.5,0.263,-5.116,-5.078653999999999,FWD,33.5,121.5,
10229,709,R.Garcia,WBD,5,51,10,69.4,0.263,-2.213,-2.045469,FWD,69.4,121.5,
11432,781,L.Sullivan,COL,3,51,10,67.0,0.263,-2.407,-2.5805800000000003,FWD,67.0,121.5,
893,152,F.Macrae,COL,5,51,10,42.8,0.368,-4.364,-4.965312,MID,42.8,123.0,
3993,335,M.O'Connor,GEE,9,51,10,62.1111,0.368,-2.802,-3.5115040000000004,MID,62.1,123.0,
11433,781,L.Sullivan,COL,3,51,10,67.0,0.368,-2.407,-3.4097999999999997,MID,67.0,123.0,
2795,265,S.Clohesy,GCS,7,49,10,81.2857,0.263,-1.252,-1.669381,DEF,76.9,123.5,
3956,332,O.Mullin,GEE,4,49,10,44.25,0.263,-4.247,-4.705935,DEF,44.2,123.5,
10461,722,J.O'Donnell,WBD,6,48,10,48.8333,0.263,-3.876,-4.096131,DEF,48.8,125.0,
106,106,G.Hewett,CAR,10,50,10,88.6,0.368,-0.66,-0.8204480000000001,MID,80.9,126.0,71.0
6827,510,L.Shiels,NTH,5,50,10,33.4,0.368,-5.124,-5.326032,MID,33.4,126.0,
8605,616,P.Dow,STK,1,50,10,50.0,0.368,-3.782,-3.9744639999999998,MID,50.0,126.0,
1568,19,B.Keays,ADE,10,50,10,64.1,0.263,-2.642,-2.046305,FWD,64.1,126.5,44.0
3615,310,B.Close,GEE,10,50,10,66.9,0.263,-2.415,-2.378706,FWD,66.9,126.5,
5551,439,K.Chandler,MEL,10,50,10,65.9,0.263,-2.496,-2.382121,FWD,65.9,126.5,
5908,460,H.Petty,MEL,8,50,10,45.625,0.263,-4.136,-3.874841,FWD,45.6,126.5,
4924,399,S.Frost,HAW,10,47,10,58.1,0.263,-3.127,-3.624859,DEF,58.1,127.5,
6237,476,T.Woewodin,MEL,8,47,10,32.875,0.263,-5.166,-5.68674,DEF,32.9,127.5,
8857,634,B.Paton,STK,2,47,10,34.0,0.263,-5.076,-5.6425019999999995,DEF,34.0,127.5,
10286,714,L.Jones,WBD,10,47,10,70.5,0.263,-2.124,-2.295739,DEF,70.5,127.5,
2794,265,S.Clohesy,GCS,7,49,10,81.2857,0.368,-1.252,-2.037312,MID,76.9,128.5,
7626,554,J.Sinn,PTA,2,49,10,49.5,0.368,-3.822,-4.279424,MID,49.5,128.5,
4065,340,T.Stengle,GEE,10,48,10,74.1,0.263,-1.833,-1.655738,FWD,74.1,129.0,
4719,388,J.Wehr,GWS,9,48,10,55.8889,0.368,-3.306,-3.874192,MID,55.9,130.0,
9740,678,L.Melican,SYD,10,44,10,53.4,0.263,-3.507,-3.8039270000000003,DEF,53.4,130.5,
11102,761,J.Jones,WCE,3,44,10,41.0,0.263,-4.509,-4.690996,DEF,41.0,130.5,
3472,304,M.Blicavs,GEE,10,47,10,65.3,0.368,-2.545,-2.9115279999999997,MID,65.3,131.0,72.0
5744,452,S.McAdam,MEL,1,47,10,47.0,0.263,-4.024,-4.0358350000000005,FWD,47.0,131.0,
6236,476,T.Woewodin,MEL,8,47,10,32.875,0.263,-5.166,-5.2180740000000005,FWD,32.9,131.0,
11457,784,P.Voss,FRE,3,47,10,44.3333,0.263,-4.24,-4.092194,FWD,44.3,131.0,
708,143,B.Frampton,COL,8,43,10,66.25,0.263,-2.468,-3.071322,DEF,66.2,132.0,
5374,429,N.Watson,HAW,6,46,10,49.3333,0.368,-3.836,-3.828272,MID,49.3,132.0,
168,108,O.Hollands,CAR,9,42,10,49.4444,0.368,-3.827,-3.959112,MID,49.4,133.0,
907,153,O.Markov,COL,6,42,10,43.5,0.263,-4.307,-4.542122,DEF,43.5,134.0,
5204,414,S.Mitchell,HAW,6,42,10,44.0,0.263,-4.267,-4.772749,DEF,44.0,134.0,
11252,771,J.Rotham,WCE,7,42,10,49.7143,0.263,-3.805,-4.302596,DEF,49.7,134.0,
1506,188,H.Jones,ESS,9,46,10,54.4444,0.263,-3.422,-3.221594,FWD,54.4,134.5,
4619,381,J.Riccardi,GWS,10,46,10,51.8,0.263,-3.636,-3.36774,FWD,51.8,134.5,
5375,429,N.Watson,HAW,6,46,10,49.3333,0.263,-3.836,-3.312893,FWD,49.3,134.5,
8060,584,R.Mansell,RIC,9,46,10,60.4444,0.263,-2.937,-2.793139,FWD,60.4,134.5,
3736,319,C.Guthrie,GEE,4,41,10,64.5,0.368,-2.609,-3.090344,MID,64.5,135.5,
6033,468,T.Sparrow,MEL,10,41,10,69.7,0.368,-2.189,-2.820488,MID,69.7,135.5,
8237,593,H.Ralphsmith,RIC,5,41,10,57.6,0.368,-3.167,-3.883496,MID,57.6,135.5,
8644,621,L.Henry,STK,4,41,10,55.75,0.368,-3.317,-3.63164,MID,55.8,135.5,
3781,323,J.Henry,GEE,10,41,10,51.6,0.263,-3.652,-3.515766,DEF,51.6,136.5,
8236,593,H.Ralphsmith,RIC,5,41,10,57.6,0.263,-3.167,-3.543879,DEF,57.6,136.5,
7015,519,C.Zurhaar,NTH,9,45,10,62.1111,0.263,-2.802,-2.463782,FWD,62.1,137.5,
7480,545,J.McEntee,PTA,8,45,10,32.125,0.263,-5.227,-5.041059000000001,FWD,32.1,137.5,
2897,272,B.Fiorini,GCS,9,37,10,77.5556,0.368,-1.554,-2.101216,MID,76.0,138.0,
3509,305,J.Bowes,GEE,7,36,10,80.1429,0.368,-1.344,-1.5828320000000002,MID,76.6,139.0,
6269,478,M.Bergman,NTH,1,40,10,40.0,0.263,-4.59,-5.161236,DEF,40.0,139.0,
7694,561,B.Zerk-Thatcher,PTA,10,40,10,55.7,0.263,-3.321,-3.347826,DEF,55.7,139.0,
7888,568,T.Brown,RIC,8,40,10,61.25,0.263,-2.872,-3.236781,DEF,61.2,139.0,
1283,176,A.Davey Jnr,ESS,7,44,10,28.2857,0.263,-5.538,-5.519853,FWD,28.3,140.0,
8080,585,D.*** Martin,RIC,8,44,10,68.125,0.263,-2.316,-2.2434119999999997,FWD,68.1,140.0,45.0
11101,761,J.Jones,WCE,3,44,10,41.0,0.263,-4.509,-4.269144000000001,FWD,41.0,140.0,
3510,305,J.Bowes,GEE,7,36,10,80.1429,0.263,-1.344,-1.363725,DEF,76.6,141.0,
6202,475,C.Windsor,MEL,10,35,10,62.0,0.368,-2.811,-3.4009039999999997,MID,62.0,141.0,
6445,487,Z.Duursma,NTH,9,35,10,44.3333,0.368,-4.24,-5.1887039999999995,MID,44.3,141.0,
8208,591,M.Pickett,RIC,10,35,10,56.4,0.368,-3.264,-3.8612639999999994,MID,56.4,141.0,
529,135,M.Cox,COL,10,42,10,56.1,0.263,-3.288,-3.117313,FWD,56.1,142.5,
6539,498,N.Larkey,NTH,10,42,10,54.5,0.263,-3.418,-3.1179170000000003,FWD,54.5,142.5,
6416,485,W.Dawson,NTH,1,35,10,35.0,0.263,-4.995,-5.295609000000001,DEF,35.0,143.0,
9353,659,R.Fox,SYD,9,35,10,49.8889,0.263,-3.791,-4.095291,DEF,49.9,143.0,
10298,715,A.Keath,WBD,2,35,10,43.5,0.263,-4.307,-4.290431,DEF,43.5,143.0,
2847,267,A.Davies,GCS,2,34,10,66.0,0.368,-2.488,-2.855632,MID,66.0,144.0,
7671,560,O.Wines,PTA,9,34,10,98.3333,0.368,0.127,-0.05184799999999998,MID,84.1,144.0,73.0
8103,587,K.McIntosh,RIC,9,34,10,34.3333,0.368,-5.049,-5.329048,MID,34.3,144.0,
75,104,O.Fantasia,CAR,8,41,10,33.875,0.263,-5.086,-4.870077,FWD,33.9,145.0,
5062,406,C.Jiath,HAW,1,34,10,34.0,0.263,-5.076,-4.817734,DEF,34.0,145.0,
6032,468,T.Sparrow,MEL,10,41,10,69.7,0.263,-2.189,-2.121146,FWD,69.7,145.0,
8645,621,L.Henry,STK,4,41,10,55.75,0.263,-3.317,-3.017443,FWD,55.8,145.0,
7867,567,N.Broad,RIC,9,33,10,65.4444,0.263,-2.533,-2.683699,DEF,65.4,146.0,
11718,91,J.Carroll,CAR,8,33,10,48.0,0.368,-3.943,-4.79124,MID,48.0,146.0,
8441,604,T.Young,RIC,9,30,10,43.7778,0.263,-4.285,-4.614013,DEF,43.8,147.0,
722,144,H.Harrison,COL,4,39,10,43.75,0.263,-4.287,-4.115787,FWD,43.8,147.5,
1591,190,K.Langford,ESS,10,39,10,80.9,0.263,-1.283,-1.1117869999999999,FWD,77.6,147.5,46.0
4254,354,F.Callaghan,GWS,9,30,10,72.8889,0.368,-1.931,-2.0064400000000004,MID,72.9,147.5,74.0
6568,499,C.Lazzaro,NTH,8,30,10,42.875,0.368,-4.358,-5.170176,MID,42.9,147.5,
424,127,J.Weitering,CAR,8,28,10,73.625,0.263,-1.871,-1.925967,DEF,73.6,148.0,
770,146,W.Hoskin-Elliott,COL,9,26,10,60.0,0.368,-2.973,-3.2791759999999996,MID,60.0,149.0,
8760,628,M.King,STK,7,37,10,57.8571,0.263,-3.146,-3.046849,FWD,57.9,149.0,
771,146,W.Hoskin-Elliott,COL,9,26,10,60.0,0.263,-2.973,-3.0500589999999996,DEF,60.0,149.5,
11747,94,A.Cincotta,CAR,3,26,10,52.0,0.263,-3.62,-3.98294,DEF,52.0,149.5,
10205,708,H.Gallagher,WBD,10,24,10,44.8,0.368,-4.202,-4.788224,MID,44.8,150.5,
10947,751,L.Edwards,WCE,9,24,10,39.3333,0.368,-4.644,-5.202992,MID,39.3,150.5,
5449,430,J.Weddle,HAW,10,24,10,67.9,0.263,-2.334,-2.371872,DEF,67.9,151.0,
5733,451,S.May,MEL,9,23,10,85.4444,0.263,-0.916,-0.8534060000000001,DEF,79.1,152.0,45.0
6203,475,C.Windsor,MEL,10,35,10,62.0,0.263,-2.811,-2.703433,FWD,62.0,152.0,
6417,485,W.Dawson,NTH,1,35,10,35.0,0.263,-4.995,-4.851139,FWD,35.0,152.0,
6444,487,Z.Duursma,NTH,9,35,10,44.3333,0.263,-4.24,-4.342307,FWD,44.3,152.0,
8207,591,M.Pickett,RIC,10,35,10,56.4,0.263,-3.264,-3.152488,FWD,56.4,152.0,
8745,626,Z.Jones,STK,5,17,10,38.2,0.368,-4.736,-4.568928,MID,38.2,152.0,
9354,659,R.Fox,SYD,9,35,10,49.8889,0.263,-3.791,-3.6792249999999997,FWD,49.9,152.0,
9264,654,B.Campbell,SYD,8,15,10,40.875,0.263,-4.52,-4.6157319999999995,DEF,40.9,153.0,
3582,308,J.Clark,GEE,9,15,10,34.5556,0.368,-5.031,-5.3886959999999995,MID,34.6,153.5,
9263,654,B.Campbell,SYD,8,15,10,40.875,0.368,-4.52,-4.840896,MID,40.9,153.5,
2143,224,J.Draper,FRE,9,13,10,38.7778,0.263,-4.689,-4.751068,DEF,38.8,154.0,
5716,450,J.Lever,MEL,10,6,10,75.2,0.263,-1.744,-2.017783,DEF,75.1,155.0,46.0
10080,703,C.Daniel,WBD,6,10,10,47.5,0.368,-3.984,-4.50656,MID,47.5,155.0,75.0
1872,205,D.Shiel,ESS,1,5,10,5.0,0.368,-7.421,-5.670424,MID,5.0,156.0,
2848,267,A.Davies,GCS,2,34,10,66.0,0.263,-2.488,-2.239465,FWD,66.0,156.0,
3964,334,S.Neale,GEE,2,34,10,61.0,0.263,-2.892,-2.798109,FWD,61.0,156.0,
8380,600,T.Sonsie,RIC,6,34,10,47.3333,0.263,-3.997,-4.076426,FWD,47.3,156.0,
2553,252,M.Walters,FRE,10,33,10,45.4,0.263,-4.154,-4.0835159999999995,FWD,45.4,158.5,
11717,91,J.Carroll,CAR,8,33,10,48.0,0.263,-3.943,-3.984554,FWD,48.0,158.5,
7339,534,J.Finlayson,PTA,6,31,10,63.6667,0.263,-2.677,-2.676474,FWD,63.7,160.0,47.0
4630,383,C.Stone,GWS,2,30,10,32.0,0.263,-5.237,-5.483168,FWD,32.0,162.0,
6368,482,P.Curtis,NTH,10,30,10,47.9,0.263,-3.952,-3.5590780000000004,FWD,47.9,162.0,
6567,499,C.Lazzaro,NTH,8,30,10,42.875,0.263,-4.358,-4.367730999999999,FWD,42.9,162.0,
820,15,E.Himmelberg,ADE,4,28,10,64.75,0.263,-2.589,-2.660536,FWD,64.8,165.0,
1926,21,N.McHenry,ADE,9,28,10,43.4444,0.263,-4.312,-4.263082000000001,FWD,43.4,165.0,
5537,437,B.Brown,MEL,6,28,10,38.0,0.263,-4.752,-4.672048,FWD,38.0,165.0,
4014,338,G.Rohan,GEE,3,27,10,36.3333,0.263,-4.887,-4.837819,FWD,36.3,167.5,
4234,353,A.Cadman,GWS,10,27,10,54.8,0.263,-3.394,-3.429505,FWD,54.8,167.5,
959,156,R.McInnes,COL,6,25,10,43.5,0.263,-4.307,-4.363282,FWD,43.5,169.0,
7991,578,S.Green,RIC,1,24,10,24.0,0.263,-5.884,-5.5144850000000005,FWD,24.0,171.0,
10206,708,H.Gallagher,WBD,10,24,10,44.8,0.263,-4.202,-4.064977,FWD,44.8,171.0,
10948,751,L.Edwards,WCE,9,24,10,39.3333,0.263,-4.644,-4.480414,FWD,39.3,171.0,
6509,49,S.Brain,BRL,2,21,10,28.5,0.263,-5.52,-5.027926999999999,FWD,28.5,173.0,
62,102,C.Durdin,CAR,9,18,10,40.2222,0.263,-4.572,-4.520189,FWD,40.2,175.0,
6496,489,E.Ford,NTH,7,18,10,39.5714,0.263,-4.625,-4.217613,FWD,39.6,175.0,
8868,635,M.Phillipou,STK,9,18,10,42.1111,0.263,-4.42,-3.924245,FWD,42.1,175.0,48.0
8897,638,C.Sharman,STK,8,16,10,43.375,0.263,-4.317,-3.895411,FWD,43.4,177.0,
7935,572,M.Coulthard,RIC,1,15,10,15.0,0.263,-6.612,-6.6646,FWD,15.0,178.0,
7352,535,M.Georgiades,PTA,7,13,10,56.5714,0.263,-3.25,-2.7647649999999997,FWD,56.6,179.0,
2183,227,M.Frederick,FRE,8,10,10,46.875,0.263,-4.034,-3.834383,FWD,46.9,180.5,
10081,703,C.Daniel,WBD,6,10,10,47.5,0.263,-3.984,-3.809105,FWD,47.5,180.5,49.0
4804,393,L.Breust,HAW,5,9,10,38.2,0.263,-4.736,-4.588457,FWD,38.2,182.5,
8586,613,L.Collard,STK,2,9,10,6.5,0.263,-7.299,-7.336609000000001,FWD,6.5,182.5,
4481,370,D.Jones,GWS,4,8,10,47.75,0.263,-3.964,-3.415645,FWD,47.8,184.0,
10849,748,T.Dewar,WCE,2,6,10,16.0,0.263,-6.531,-6.075483999999999,FWD,16.0,185.0,
1855,202,J.Ridley,ESS,1,162,11,162.0,0.263,5.275,4.040215,DEF,78.8,1.0,1.0
5620,443,M.Gawn,MEL,11,180,11,133.091,0.105,2.937,2.84775,RUC,102.8,1.0,1.0
7137,523,T.Boak,PTA,9,133,11,82.2222,0.263,-1.176,-1.026616,FWD,77.8,1.0,
11672,9,J.Dawson,ADE,11,158,11,109.545,0.368,1.033,0.624888,MID,91.5,1.0,1.0
46,100,T.De Koning,CAR,11,131,11,87.6364,0.105,-0.738,-0.689385,RUC,81.0,2.0,2.0
1592,190,K.Langford,ESS,11,123,11,84.7273,0.263,-0.974,-0.884054,FWD,79.7,2.0,1.0
9912,690,C.Warner,SYD,11,144,11,113.182,0.368,1.327,0.875464,MID,93.3,2.0,2.0
2076,218,J.Clark,FRE,11,134,11,105.909,0.263,0.739,0.753202,DEF,89.8,2.5,2.5
3837,325,M.Holmes,GEE,11,134,11,102.455,0.263,0.46,0.396617,DEF,88.1,2.5,2.5
498,133,D.Cameron,COL,11,128,11,96.7273,0.105,-0.003,0.00792,RUC,85.4,3.0,3.0
9962,695,M.Bontempelli,WBD,11,135,11,119.818,0.368,1.864,2.061248,MID,96.4,3.0,3.0
309,12,D.Fogarty,ADE,11,117,11,70.7273,0.263,-2.106,-1.9876499999999997,FWD,70.7,3.5,
5766,453,T.McDonald,MEL,10,117,11,77.4,0.263,-1.566,-1.291691,FWD,76.0,3.5,
3836,325,M.Holmes,GEE,11,134,11,102.455,0.368,0.46,0.14830400000000002,MID,88.1,4.0,4.0
2383,241,L.Ryan,FRE,11,132,11,130.455,0.263,2.724,2.5446340000000003,DEF,101.5,4.5,4.0
3402,301,J.Witts,GCS,9,127,11,106.444,0.105,0.782,0.74063,RUC,87.3,4.5,4.5
6941,516,D.Tucker,NTH,11,132,11,66.0909,0.263,-2.481,-2.677724,DEF,66.1,4.5,
8177,590,T.Nankervis,RIC,10,127,11,103.6,0.105,0.552,0.5607150000000001,RUC,87.4,4.5,4.5
7136,523,T.Boak,PTA,9,133,11,82.2222,0.368,-1.176,-1.6551360000000002,MID,77.8,5.0,
632,138,N.Daicos,COL,11,130,11,120.636,0.263,1.93,1.9749729999999999,DEF,96.8,6.0,5.0
1461,185,N.Hind,ESS,9,113,11,53.6667,0.263,-3.485,-3.409782,FWD,53.7,6.0,
6475,488,Z.Fisher,NTH,11,113,11,85.0,0.263,-0.952,-0.702413,FWD,79.8,6.0,2.5
6940,516,D.Tucker,NTH,11,132,11,66.0909,0.368,-2.481,-2.9549839999999996,MID,66.1,6.0,
6994,518,T.Xerri,NTH,11,119,11,108.0,0.105,0.908,0.9849650000000001,RUC,90.8,6.0,6.0
9141,648,M.Wood,STK,6,113,11,80.0,0.263,-1.356,-1.12193,FWD,76.3,6.0,2.5
5992,463,C.Salem,MEL,8,121,11,75.0,0.263,-1.76,-1.761841,DEF,75.0,7.0,6.0
2124,221,S.Darcy,FRE,4,113,11,100.25,0.105,0.282,0.1875,RUC,79.4,7.5,7.5
9415,663,E.Gulden,SYD,11,131,11,104.545,0.368,0.629,0.589992,MID,89.1,7.5,5.5
9767,68,O.McInerney,BRL,10,113,11,90.1,0.105,-0.539,-0.57197,RUC,81.6,7.5,7.5
11815,97,P.Cripps,CAR,11,131,11,109.273,0.368,1.011,0.92452,MID,91.4,7.5,5.5
7465,543,T.Marshall,PTA,11,112,11,66.3636,0.263,-2.459,-2.567619,FWD,66.4,8.0,
9236,652,N.Blakey,SYD,11,120,11,101.091,0.263,0.35,0.27136299999999997,DEF,87.5,8.0,7.0
633,138,N.Daicos,COL,11,130,11,120.636,0.368,1.93,1.756672,MID,96.8,9.0,7.0
6811,509,H.Sheezel,NTH,11,119,11,115.182,0.263,1.489,1.671259,DEF,94.2,9.0,8.0
8799,63,K.Lohmann,BRL,11,104,11,66.1818,0.263,-2.473,-2.184489,FWD,66.2,9.0,
10151,706,T.English,WBD,11,100,11,110.636,0.105,1.121,1.0454,RUC,92.0,9.0,9.0
4043,34,L.Sholl,ADE,8,129,11,80.75,0.368,-1.295,-1.48636,MID,77.0,10.0,
4179,350,K.Briggs,GWS,11,97,11,86.4545,0.105,-0.834,-0.8379899999999999,RUC,80.5,10.0,10.0
9004,643,N.Wanganeen-Milera,STK,11,118,11,102.545,0.263,0.467,0.451483,DEF,88.2,10.0,9.0
858,151,P.Lipinski,COL,11,100,11,80.4545,0.263,-1.319,-1.205384,FWD,77.6,10.5,4.0
1095,165,J.Richards,COL,3,100,11,89.0,0.263,-0.628,-1.1516330000000001,FWD,76.8,10.5,
2878,27,R.O'Brien,ADE,11,88,11,87.0909,0.105,-0.782,-0.81917,RUC,80.8,11.0,11.0
7672,560,O.Wines,PTA,10,126,11,101.1,0.368,0.35,0.089088,MID,86.3,11.0,8.0
4775,390,K.Amon,HAW,11,117,11,94.1818,0.263,-0.209,-0.299998,DEF,84.2,11.5,10.0
5765,453,T.McDonald,MEL,10,117,11,77.4,0.263,-1.566,-1.632539,DEF,76.0,11.5,
1328,178,S.Durham,ESS,10,122,11,87.1,0.368,-0.782,-0.996912,MID,80.3,12.0,
9392,662,B.Grundy,SYD,11,86,11,109.545,0.105,1.033,0.951415,RUC,91.5,12.0,12.0
723,144,H.Harrison,COL,5,99,11,54.8,0.263,-3.394,-3.457646,FWD,54.8,13.0,
1387,180,T.Goldstein,ESS,11,79,11,67.7273,0.105,-2.348,-2.4762049999999998,RUC,67.7,13.0,13.0
4620,381,J.Riccardi,GWS,11,99,11,56.0909,0.263,-3.289,-3.1120010000000002,FWD,56.1,13.0,
5342,425,J.Sicily,HAW,9,115,11,96.7778,0.263,0.001,0.053074,DEF,83.5,13.0,11.0
5838,457,A.Neal-Bullen,MEL,11,99,11,87.0909,0.263,-0.782,-0.5750190000000001,FWD,80.8,13.0,5.0
5993,463,C.Salem,MEL,8,121,11,75.0,0.368,-1.76,-1.9716,MID,75.0,13.0,9.0
3632,311,T.Conway,GEE,4,76,11,78.25,0.105,-1.497,-1.609245,RUC,75.6,14.0,
11175,766,J.McGovern,WCE,11,114,11,108.455,0.263,0.945,1.059931,DEF,91.0,14.0,
1742,197,Z.Merrett,ESS,11,119,11,118.636,0.368,1.768,1.582528,MID,95.9,14.5,10.5
6171,474,J.Viney,MEL,11,119,11,96.0,0.368,-0.062,-0.5981759999999999,MID,85.0,14.5,10.5
7640,556,J.Sweet,PTA,4,74,11,88.0,0.105,-0.709,-0.803185,RUC,77.3,15.0,
456,128,Z.Williams,CAR,10,98,11,69.7,0.263,-2.189,-2.036986,FWD,69.7,15.5,6.5
1460,185,N.Hind,ESS,9,113,11,53.6667,0.263,-3.485,-3.821377,DEF,53.7,15.5,
4361,363,T.Greene,GWS,10,98,11,76.9,0.263,-1.607,-1.331113,FWD,75.8,15.5,6.5
6474,488,Z.Fisher,NTH,11,113,11,85.0,0.263,-0.952,-1.029585,DEF,79.8,15.5,12.0
10033,7,M.Crouch,ADE,10,118,11,110.0,0.368,1.07,0.7759680000000001,MID,90.2,16.0,12.0
5188,413,L.Meek,HAW,9,73,11,102.0,0.105,0.423,0.371025,RUC,85.6,16.5,
8776,629,R.Marshall,STK,11,73,11,109.636,0.105,1.041,1.01769,RUC,91.6,16.5,14.0
1569,19,B.Keays,ADE,11,97,11,67.0909,0.263,-2.4,-1.867951,FWD,67.1,17.5,8.5
7835,566,S.Bolton,RIC,11,97,11,84.8182,0.263,-0.966,-0.906036,FWD,79.7,17.5,8.5
1164,17,C.Jones,ADE,11,110,11,62.5455,0.263,-2.767,-3.058141,DEF,62.5,18.0,
3473,304,M.Blicavs,GEE,11,72,11,65.9091,0.105,-2.495,-2.62772,RUC,65.9,18.0,15.0
4088,342,T.Stewart,GEE,10,110,11,95.8,0.263,-0.078,-0.065902,DEF,84.0,18.0,13.0
6103,470,A.Tomlinson,MEL,2,110,11,98.0,0.263,0.1,-0.5212060000000001,DEF,77.0,18.0,
1820,20,R.Laird,ADE,11,117,11,106.273,0.368,0.769,0.533112,MID,90.0,18.5,14.5
4774,390,K.Amon,HAW,11,117,11,94.1818,0.368,-0.209,-0.5538159999999999,MID,84.2,18.5,14.5
4888,397,W.Day,HAW,5,117,11,94.6,0.368,-0.175,-0.549624,MID,79.3,18.5,14.5
6392,483,L.Davies-Uniacke,NTH,11,117,11,104.455,0.368,0.622,0.627888,MID,89.1,18.5,14.5
2269,230,L.Jackson,FRE,11,67,11,101.273,0.105,0.364,0.22004500000000005,RUC,87.6,19.0,16.0
9472,666,I.Heeney,SYD,11,94,11,125.545,0.263,2.327,2.503999,FWD,99.2,19.5,10.0
9672,676,J.McInerney,SYD,11,94,11,80.2727,0.263,-1.334,-1.04996,FWD,77.5,19.5,
7177,524,J.Burgoyne,PTA,9,108,11,73.3333,0.263,-1.895,-1.862914,DEF,73.3,20.0,
11320,776,B.Williams,WCE,11,50,11,69.0909,0.105,-2.238,-2.39298,RUC,69.1,20.0,
5882,459,C.Petracca,MEL,11,116,11,108.455,0.368,0.945,0.610488,MID,91.0,21.0,17.0
7506,547,J.Mead,PTA,11,93,11,57.0909,0.263,-3.208,-2.961043,FWD,57.1,21.0,
9705,677,H.McLean,SYD,11,47,11,70.0909,0.105,-2.157,-2.322375,RUC,70.1,21.0,17.0
261,114,M.McGovern,CAR,8,107,11,83.875,0.263,-1.043,-1.3317739999999998,DEF,78.1,21.5,
4859,396,M.D'Ambrosio,HAW,10,107,11,79.9,0.263,-1.364,-1.259852,DEF,77.1,21.5,
404,126,S.Walsh,CAR,7,114,11,115.571,0.368,1.52,1.16672,MID,87.3,22.0,18.0
4979,402,J.Gunston,HAW,7,92,11,54.5714,0.263,-3.412,-3.16215,FWD,54.6,22.0,
8134,588,B.Miller,RIC,9,44,11,76.0,0.105,-1.679,-1.84658,RUC,75.4,22.0,
5734,451,S.May,MEL,10,106,11,87.5,0.263,-0.749,-0.730327,DEF,80.4,23.0,14.0
11350,777,J.Williams,WCE,9,43,11,55.0,0.105,-3.377,-3.578075,RUC,55.0,23.0,
7223,526,Z.Butters,PTA,11,113,11,123.545,0.368,2.165,2.027736,MID,98.2,23.5,19.5
9140,648,M.Wood,STK,6,113,11,80.0,0.368,-1.356,-1.712224,MID,76.3,23.5,19.5
8305,597,S.Ryan,RIC,2,34,11,24.5,0.105,-5.844,-5.890305000000001,RUC,24.5,24.0,
222,110,M.Kennedy,CAR,11,90,11,76.6364,0.263,-1.628,-1.4018199999999998,FWD,75.8,24.5,
1842,200,M.Redman,ESS,10,105,11,91.5,0.263,-0.426,-0.5519769999999999,DEF,82.2,24.5,15.5
2585,255,H.Young,FRE,11,105,11,99.1818,0.263,0.195,0.26311700000000005,DEF,86.6,24.5,15.5
5087,409,C.Macdonald,HAW,11,90,11,68.0,0.263,-2.326,-1.9801549999999999,FWD,68.0,24.5,11.5
10592,731,J.Ugle-Hagan,WBD,9,90,11,58.1111,0.263,-3.126,-2.778314,FWD,58.1,24.5,
11843,99,C.Curnow,CAR,11,90,11,91.0,0.263,-0.466,-0.40814000000000006,FWD,82.7,24.5,11.5
532,135,M.Cox,COL,11,30,11,53.7273,0.105,-3.48,-3.63057,RUC,53.7,25.0,
1165,17,C.Jones,ADE,11,110,11,62.5455,0.368,-2.767,-3.36868,MID,62.5,26.0,
6285,48,J.Berry,BRL,11,110,11,90.0,0.368,-0.547,-1.0776560000000002,MID,82.2,26.0,
10413,72,L.Neale,BRL,10,110,11,117.4,0.368,1.668,1.69192,MID,93.4,26.0,21.0
332,120,N.Newman,CAR,11,104,11,100.636,0.263,0.313,0.353765,DEF,87.3,27.0,17.0
1365,18,M.Keane,ADE,10,104,11,79.5,0.263,-1.396,-1.550907,DEF,77.0,27.0,
4120,346,L.Aleer,GWS,3,104,11,72.6667,0.263,-1.949,-2.4655319999999996,DEF,72.7,27.0,
1935,211,P.Wright,ESS,7,89,11,75.8571,0.263,-1.691,-1.61473,FWD,75.3,27.5,
6729,507,T.Powell,NTH,11,89,11,85.1818,0.263,-0.937,-0.811549,FWD,79.9,27.5,13.0
7176,524,J.Burgoyne,PTA,9,108,11,73.3333,0.368,-1.895,-2.05876,MID,73.3,28.0,
190,109,B.Kemp,CAR,9,102,11,75.5556,0.263,-1.715,-1.9806300000000001,DEF,75.2,29.0,
4858,396,M.D'Ambrosio,HAW,10,107,11,79.9,0.368,-1.364,-1.4328159999999999,MID,77.1,29.0,
1614,191,J.Laverde,ESS,10,101,11,65.0,0.263,-2.569,-2.704708,DEF,65.0,30.0,
4066,340,T.Stengle,GEE,11,88,11,75.3636,0.263,-1.731,-1.5805639999999999,FWD,75.2,30.0,
4962,400,J.Ginnivan,HAW,11,88,11,66.8182,0.263,-2.422,-2.114027,FWD,66.8,30.0,
11434,781,L.Sullivan,COL,4,88,11,72.25,0.263,-1.983,-2.268092,FWD,72.2,30.0,
2586,255,H.Young,FRE,11,105,11,99.1818,0.368,0.195,0.065832,MID,86.6,30.5,22.5
10572,730,A.Treloar,WBD,11,105,11,116.455,0.368,1.592,1.520976,MID,94.8,30.5,22.5
4396,367,H.Himmelberg,GWS,11,100,11,89.6364,0.263,-0.577,-0.581997,DEF,82.0,31.0,18.0
8965,640,J.Steele,STK,11,101,11,111.364,0.368,1.18,0.9610399999999999,MID,92.4,32.0,24.0
8926,639,J.Sinclair,STK,10,99,11,99.2,0.263,0.197,0.49892400000000003,DEF,85.5,33.0,19.5
10057,702,B.Dale,WBD,11,99,11,95.9091,0.263,-0.069,-0.022975000000000002,DEF,85.0,33.0,19.5
10733,739,T.Barrass,WCE,10,99,11,84.0,0.263,-1.032,-1.119053,DEF,78.9,33.0,
859,151,P.Lipinski,COL,11,100,11,80.4545,0.368,-1.319,-1.85628,MID,77.6,33.5,25.5
2358,24,L.Murphy,ADE,5,87,11,51.2,0.263,-3.685,-3.438043,FWD,51.2,33.5,
6313,480,C.Comben,NTH,8,87,11,79.625,0.263,-1.386,-1.2421389999999999,FWD,76.6,33.5,
7246,527,D.Byrne-Jones,PTA,11,87,11,69.9091,0.263,-2.172,-2.130446,FWD,69.9,33.5,
7371,536,J.Horne-Francis,PTA,9,100,11,105.444,0.368,0.702,0.32296,MID,86.9,33.5,25.5
8359,6,B.Cook,ADE,8,87,11,58.375,0.263,-3.105,-3.177851,FWD,58.4,33.5,
7434,54,J.Dunkley,BRL,11,99,11,112.545,0.368,1.276,1.1409440000000002,MID,93.0,35.5,27.5
8927,639,J.Sinclair,STK,10,99,11,99.2,0.368,0.197,0.38836,MID,85.5,35.5,27.5
457,128,Z.Williams,CAR,10,98,11,69.7,0.263,-2.189,-2.406501,DEF,69.7,36.0,21.0
1436,184,D.Heppell,ESS,11,98,11,91.4545,0.263,-0.43,-0.562815,DEF,82.9,36.0,
2054,217,H.Chapman,FRE,5,98,11,70.2,0.263,-2.148,-2.3026440000000004,DEF,70.2,36.0,
4126,347,R.Angwin,GWS,1,98,11,98.0,0.368,0.1,-1.6881120000000003,MID,76.0,37.0,
2015,214,B.Banfield,FRE,11,86,11,72.4545,0.263,-1.966,-2.009395,FWD,72.5,37.5,
3261,295,A.Sexton,GCS,6,86,11,78.1667,0.263,-1.504,-1.368029,FWD,75.8,37.5,14.5
8081,585,D.*** Martin,RIC,9,86,11,70.1111,0.263,-2.156,-2.125492,FWD,70.1,37.5,14.5
8669,622,J.Higgins,STK,8,86,11,75.75,0.263,-1.7,-1.606898,FWD,75.3,37.5,
107,106,G.Hewett,CAR,11,97,11,89.3636,0.368,-0.599,-0.781896,MID,81.9,39.0,30.0
1646,193,N.Martin,ESS,11,97,11,105.909,0.368,0.739,0.548376,MID,89.8,39.0,30.0
7836,566,S.Bolton,RIC,11,97,11,84.8182,0.368,-0.966,-1.5739359999999998,MID,79.7,39.0,30.0
1647,193,N.Martin,ESS,11,97,11,105.909,0.263,0.739,0.765037,DEF,89.8,39.5,22.0
2349,239,A.Pearce,FRE,11,97,11,73.0,0.263,-1.922,-2.2005169999999996,DEF,73.0,39.5,
3782,323,J.Henry,GEE,11,97,11,55.7273,0.263,-3.319,-3.270345,DEF,55.7,39.5,
4382,366,N.Haynes,GWS,5,97,11,78.6,0.263,-1.469,-1.8245760000000002,DEF,75.8,39.5,
5109,41,T.Walker,ADE,10,85,11,74.2,0.263,-1.825,-1.8570859999999998,FWD,74.2,40.0,16.0
10263,711,J.Harmes,WBD,7,84,11,80.1429,0.263,-1.344,-1.3489970000000002,FWD,76.6,41.0,17.0
4108,343,Z.Tuohy,GEE,8,96,11,72.625,0.368,-1.952,-2.6210240000000002,MID,72.6,41.5,
5275,418,J.Newcombe,HAW,11,96,11,88.9091,0.368,-0.635,-0.573176,MID,81.7,41.5,32.0
11793,96,L.Cowan,CAR,5,95,11,57.6,0.263,-3.167,-3.317173,DEF,57.6,42.0,
9794,681,T.Papley,SYD,11,83,11,74.7273,0.263,-1.782,-1.438522,FWD,74.7,42.5,
10230,709,R.Garcia,WBD,6,83,11,71.6667,0.263,-2.03,-1.9105979999999998,FWD,71.7,42.5,
563,136,J.Crisp,COL,11,94,11,87.0,0.263,-0.79,-0.8507530000000001,DEF,80.7,43.0,23.0
3166,286,T.Miller,GCS,11,95,11,112.182,0.368,1.246,0.775328,MID,92.8,43.0,33.0
1038,162,J.Noble,COL,9,93,11,83.7778,0.263,-1.05,-1.2880150000000001,DEF,78.4,44.0,
9074,646,D.Wilson,STK,11,81,11,72.5455,0.263,-1.959,-1.934541,FWD,72.5,44.0,
1211,173,J.Caldwell,ESS,11,80,11,89.0909,0.263,-0.621,-0.235705,FWD,81.7,45.0,18.0
564,136,J.Crisp,COL,11,94,11,87.0,0.368,-0.79,-1.089184,MID,80.7,45.5,35.0
3238,293,M.Rowell,GCS,11,94,11,117.0,0.368,1.636,1.005616,MID,95.1,45.5,35.0
9471,666,I.Heeney,SYD,11,94,11,125.545,0.368,2.327,1.99212,MID,99.2,45.5,35.0
9671,676,J.McInerney,SYD,11,94,11,80.2727,0.368,-1.334,-1.6140480000000001,MID,77.5,45.5,
10287,714,L.Jones,WBD,11,92,11,72.4545,0.263,-1.966,-2.179293,DEF,72.5,45.5,
10557,73,J.Payne,BRL,10,92,11,61.9,0.263,-2.819,-3.0154609999999997,DEF,61.9,45.5,
6419,485,W.Dawson,NTH,2,79,11,57.0,0.263,-3.216,-3.5400160000000005,FWD,57.0,46.0,
7578,550,E.Ratugolea,PTA,11,90,11,63.1818,0.263,-2.716,-3.0534290000000004,DEF,63.2,47.0,
3429,302,T.Atkins,GEE,10,89,11,79.7,0.263,-1.38,-1.4791509999999999,DEF,77.0,48.0,24.0
6907,514,C.Taylor,NTH,2,78,11,69.0,0.263,-2.245,-2.482226,FWD,69.0,48.0,
7039,52,J.Daniher,BRL,11,78,11,86.6364,0.263,-0.819,-0.631481,FWD,80.6,48.0,19.0
7507,547,J.Mead,PTA,11,93,11,57.0909,0.368,-3.208,-3.598816,MID,57.1,48.0,
8209,591,M.Pickett,RIC,11,78,11,58.3636,0.263,-3.105,-3.035305,FWD,58.4,48.0,
4442,369,C.Idun,GWS,11,88,11,80.8182,0.263,-1.29,-1.278691,DEF,77.8,50.0,25.0
5552,439,K.Chandler,MEL,11,77,11,66.9091,0.263,-2.414,-2.321687,FWD,66.9,50.0,
5861,458,C.Oliver,MEL,11,92,11,92.9091,0.368,-0.312,-0.913312,MID,83.6,50.0,37.5
6346,481,A.Corr,NTH,11,88,11,67.7273,0.263,-2.348,-2.623624,DEF,67.7,50.0,
8104,587,K.McIntosh,RIC,10,92,11,40.1,0.368,-4.582,-5.033904,MID,40.1,50.0,
11578,84,D.Wilmot,BRL,11,88,11,80.1818,0.263,-1.341,-1.3615140000000001,DEF,77.5,50.0,
11647,87,B.Acres,CAR,11,92,11,98.0909,0.368,0.107,-0.307,MID,86.0,50.0,37.5
2406,242,C.Serong,FRE,11,91,11,126.636,0.368,2.415,2.007624,MID,99.7,52.0,39.0
6369,482,P.Curtis,NTH,11,76,11,50.4545,0.263,-3.745,-3.4065190000000003,FWD,50.5,52.0,
10168,707,J.Freijah,WBD,3,76,11,67.6667,0.263,-2.353,-2.139181,FWD,67.7,52.0,
10676,734,R.West,WBD,10,76,11,68.3,0.263,-2.302,-2.191277,FWD,68.3,52.0,
223,110,M.Kennedy,CAR,11,90,11,76.6364,0.368,-1.628,-2.004096,MID,75.8,53.0,
425,127,J.Weitering,CAR,9,87,11,75.1111,0.263,-1.751,-1.8375270000000001,DEF,75.0,54.0,
3721,315,M.Duncan,GEE,9,87,11,77.5556,0.263,-1.554,-1.649732,DEF,76.0,54.0,26.5
5049,405,J.Impey,HAW,11,87,11,81.0,0.263,-1.275,-1.308138,DEF,77.9,54.0,
6312,480,C.Comben,NTH,8,87,11,79.625,0.263,-1.386,-1.5914030000000001,DEF,76.6,54.0,
8486,607,R.Bonner,STK,11,87,11,86.8182,0.263,-0.805,-1.18635,DEF,80.7,54.0,26.5
3428,302,T.Atkins,GEE,10,89,11,79.7,0.368,-1.38,-1.72776,MID,77.0,54.5,40.5
6730,507,T.Powell,NTH,11,89,11,85.1818,0.368,-0.937,-1.4448400000000001,MID,79.9,54.5,40.5
7016,519,C.Zurhaar,NTH,10,75,11,63.4,0.263,-2.698,-2.387134,FWD,63.4,55.0,
8702,623,B.Hill,STK,11,75,11,81.1818,0.263,-1.26,-1.250532,FWD,78.0,55.0,
10083,703,C.Daniel,WBD,7,75,11,51.4286,0.263,-3.666,-3.574739,FWD,51.4,55.0,20.0
2326,238,J.O'Meara,FRE,10,88,11,57.2,0.368,-3.2,-3.436624,MID,57.2,57.0,
6975,517,G.Wardlaw,NTH,10,88,11,80.9,0.368,-1.283,-1.4596399999999998,MID,77.6,57.0,42.0
11435,781,L.Sullivan,COL,4,88,11,72.25,0.368,-1.983,-3.141832,MID,72.2,57.0,
3087,282,B.Long,GCS,5,74,11,51.4,0.263,-3.669,-3.348666,FWD,51.4,57.5,
5942,461,K.Pickett,MEL,9,74,11,70.8889,0.263,-2.093,-1.832367,FWD,70.9,57.5,21.0
995,16,M.Hinge,ADE,11,86,11,95.3636,0.263,-0.114,-0.180539,DEF,84.7,58.0,28.5
2675,258,M.Andrew,GCS,8,86,11,85.375,0.263,-0.921,-1.317341,DEF,78.6,58.0,
3262,295,A.Sexton,GCS,6,86,11,78.1667,0.263,-1.504,-1.720975,DEF,75.8,58.0,28.5
8360,6,B.Cook,ADE,8,87,11,58.375,0.368,-3.105,-3.976056,MID,58.4,59.5,
8485,607,R.Bonner,STK,11,87,11,86.8182,0.368,-0.805,-1.5439440000000002,MID,80.7,59.5,43.0
5965,462,T.Rivers,MEL,11,83,11,78.4545,0.263,-1.481,-1.394473,DEF,76.7,60.0,30.0
10767,743,C.Chesser,WCE,11,86,11,49.0,0.368,-3.863,-4.638375999999999,MID,49.0,61.0,
3616,310,B.Close,GEE,11,73,11,67.4545,0.263,-2.37,-2.345541,FWD,67.5,61.5,
5219,415,D.Moore,HAW,11,73,11,88.0,0.263,-0.709,-0.2066699999999999,FWD,81.2,61.5,23.0
6149,472,J.van Rooyen,MEL,10,73,11,54.8,0.263,-3.394,-3.088394,FWD,54.8,61.5,
9438,665,W.Hayward,SYD,11,73,11,76.2727,0.263,-1.657,-1.660945,FWD,75.6,61.5,
10529,726,R.Sanders,WBD,7,73,11,62.1429,0.263,-2.8,-2.6132699999999995,FWD,62.1,61.5,23.0
11225,770,H.Reid,WCE,10,73,11,87.0,0.263,-0.79,-0.6937420000000001,FWD,80.2,61.5,23.0
1682,194,A.McGrath,ESS,11,82,11,101.273,0.263,0.364,0.22461,DEF,87.6,62.0,31.5
3583,308,J.Clark,GEE,10,85,11,39.6,0.368,-4.623,-5.13084,MID,39.6,62.0,
9583,671,J.Lloyd,SYD,11,82,11,82.8182,0.263,-1.128,-1.2284659999999998,DEF,78.7,62.0,31.5
10785,744,T.Cole,WCE,11,82,11,67.8182,0.263,-2.341,-2.5424580000000003,DEF,67.8,62.0,
2037,215,A.Brayshaw,FRE,11,84,11,105.0,0.368,0.666,0.681824,MID,89.3,64.0,45.0
4641,384,S.Taylor,GWS,9,81,11,79.0,0.263,-1.437,-1.761542,DEF,76.6,64.0,33.0
10264,711,J.Harmes,WBD,7,84,11,80.1429,0.368,-1.344,-2.060864,MID,76.6,64.0,45.0
11129,762,T.Kelly,WCE,11,84,11,95.9091,0.368,-0.069,-0.322552,MID,85.0,64.0,45.0
6418,485,W.Dawson,NTH,2,79,11,57.0,0.263,-3.216,-3.9844860000000004,DEF,57.0,65.5,
9816,683,D.Rampe,SYD,8,79,11,64.625,0.263,-2.599,-3.014277,DEF,64.6,65.5,
10698,735,B.Williams,WBD,11,83,11,79.9091,0.368,-1.363,-1.8351439999999999,MID,77.3,66.0,
281,115,H.McKay,CAR,11,72,11,93.0909,0.263,-0.297,-0.177598,FWD,83.7,66.5,26.0
4298,357,B.Daniels,GWS,10,72,11,77.7,0.263,-1.542,-1.013107,FWD,76.2,66.5,26.0
4827,395,M.Chol,HAW,9,72,11,64.3333,0.263,-2.623,-2.47046,FWD,64.3,66.5,
7723,562,L.Baker,RIC,8,72,11,81.625,0.263,-1.224,-0.969153,FWD,77.3,66.5,26.0
2099,22,M.Michalanney,ADE,11,78,11,64.6364,0.263,-2.598,-2.763953,DEF,64.6,67.5,
7322,533,K.Farrell,PTA,11,78,11,82.2727,0.263,-1.172,-1.257738,DEF,78.5,67.5,34.0
169,108,O.Hollands,CAR,10,82,11,52.7,0.368,-3.563,-3.7922640000000003,MID,52.7,68.0,
2429,243,J.Sharp,FRE,11,82,11,76.7273,0.368,-1.621,-2.260952,MID,75.8,68.0,
9584,671,J.Lloyd,SYD,11,82,11,82.8182,0.368,-1.128,-1.479072,MID,78.7,68.0,47.0
7394,537,D.Houston,PTA,11,77,11,109.909,0.263,1.063,1.05248,DEF,91.7,69.5,35.5
10494,725,E.Richards,WBD,10,77,11,93.3,0.263,-0.28,-0.163491,DEF,83.0,69.5,35.5
2850,267,A.Davies,GCS,3,71,11,67.6667,0.263,-2.353,-2.13997,FWD,67.7,70.0,
3940,331,G.Miers,GEE,11,71,11,91.7273,0.263,-0.408,-0.378281,FWD,83.0,70.0,28.0
6034,468,T.Sparrow,MEL,11,71,11,69.8182,0.263,-2.179,-2.1137759999999997,FWD,69.8,70.0,
3545,306,T.Bruhn,GEE,9,81,11,74.6667,0.368,-1.787,-2.249208,MID,74.7,70.5,
9075,646,D.Wilson,STK,11,81,11,72.5455,0.368,-1.959,-2.649368,MID,72.5,70.5,
3893,329,J.Kolodjashnij,GEE,10,76,11,66.0,0.263,-2.488,-2.587151,DEF,66.0,71.5,
4319,36,B.Smith,ADE,10,76,11,65.2,0.263,-2.553,-2.793382,DEF,65.2,71.5,
1212,173,J.Caldwell,ESS,11,80,11,89.0909,0.368,-0.621,-0.7277199999999999,MID,81.7,72.0,48.0
1891,206,J.Stringer,ESS,11,70,11,63.1818,0.263,-2.716,-2.546365,FWD,63.2,72.0,
3747,320,Z.Guthrie,GEE,11,75,11,86.4545,0.263,-0.834,-0.9770719999999999,DEF,80.5,73.5,
9996,696,L.Bramble,WBD,11,75,11,70.4545,0.263,-2.128,-2.231885,DEF,70.5,73.5,
4339,362,T.Green,GWS,11,78,11,103.364,0.368,0.533,0.47522400000000004,MID,88.6,74.0,49.0
6906,514,C.Taylor,NTH,2,78,11,69.0,0.368,-2.245,-3.339064,MID,69.0,74.0,
8210,591,M.Pickett,RIC,11,78,11,58.3636,0.368,-3.105,-3.760776,MID,58.4,74.0,
4942,4,C.Burgess,ADE,5,69,11,48.8,0.263,-3.879,-3.7548640000000004,FWD,48.8,74.5,
5138,410,C.Mackenzie,HAW,11,69,11,64.0,0.263,-2.65,-2.554531,FWD,64.0,74.5,29.0
7908,569,S.Campbell,RIC,10,69,11,51.0,0.263,-3.701,-3.5929070000000003,FWD,51.0,74.5,
8647,621,L.Henry,STK,5,69,11,58.4,0.263,-3.102,-2.858988,FWD,58.4,74.5,
2705,26,L.Nankervis,ADE,8,74,11,66.5,0.263,-2.448,-2.5153280000000002,DEF,66.5,76.0,
3086,282,B.Long,GCS,5,74,11,51.4,0.263,-3.669,-3.740273,DEF,51.4,76.0,
6620,502,L.McDonald,NTH,10,74,11,66.0,0.263,-2.488,-2.671574,DEF,66.0,76.0,
599,137,J.Daicos,COL,11,77,11,88.9091,0.368,-0.635,-0.901432,MID,81.7,77.0,51.0
5473,432,J.Worpel,HAW,11,77,11,87.2727,0.368,-0.768,-1.070496,MID,80.9,77.0,51.0
10495,725,E.Richards,WBD,10,77,11,93.3,0.368,-0.28,-0.33961600000000003,MID,83.0,77.0,51.0
355,122,M.Owies,CAR,11,68,11,53.7273,0.263,-3.48,-3.349552,FWD,53.7,77.5,
8761,628,M.King,STK,8,68,11,59.125,0.263,-3.044,-2.9716750000000003,FWD,59.1,77.5,
6578,5,J.Butts,ADE,8,73,11,59.5,0.263,-3.014,-3.4013989999999996,DEF,59.5,78.5,
8421,603,N.Vlastuin,RIC,11,73,11,97.2727,0.263,0.041,-0.12495300000000001,DEF,85.7,78.5,37.0
10167,707,J.Freijah,WBD,3,76,11,67.6667,0.368,-2.353,-2.76884,MID,67.7,79.0,
7722,562,L.Baker,RIC,8,72,11,81.625,0.263,-1.224,-1.303163,DEF,77.3,80.5,38.0
9019,644,J.Webster,STK,4,72,11,69.0,0.263,-2.245,-2.619249,DEF,69.0,80.5,
2270,230,L.Jackson,FRE,11,67,11,101.273,0.263,0.364,0.504179,FWD,87.6,81.5,30.5
2466,247,S.Switkowski,FRE,8,67,11,66.125,0.263,-2.478,-2.018539,FWD,66.1,81.5,
2494,249,J.Treacy,FRE,11,67,11,77.3636,0.263,-1.569,-1.175815,FWD,76.1,81.5,
6076,47,Z.Bailey,BRL,6,67,11,73.8333,0.263,-1.855,-1.728497,FWD,73.8,81.5,30.5
6596,50,C.Cameron,BRL,11,67,11,62.0,0.263,-2.811,-2.735519,FWD,62.0,81.5,
8089,586,K.McAuliffe,RIC,4,75,11,52.75,0.368,-3.559,-4.410552,MID,52.8,81.5,
8703,623,B.Hill,STK,11,75,11,81.1818,0.368,-1.26,-1.952576,MID,78.0,81.5,
9995,696,L.Bramble,WBD,11,75,11,70.4545,0.368,-2.128,-2.476864,MID,70.5,81.5,
10082,703,C.Daniel,WBD,7,75,11,51.4286,0.368,-3.666,-4.305584,MID,51.4,81.5,53.0
10239,71,L.Morris,BRL,4,67,11,51.75,0.263,-3.64,-3.46116,FWD,51.8,81.5,
2797,265,S.Clohesy,GCS,8,71,11,80.0,0.263,-1.356,-1.746029,DEF,76.7,82.0,
5450,430,J.Weddle,HAW,11,70,11,68.0909,0.263,-2.319,-2.360817,DEF,68.1,84.0,
7868,567,N.Broad,RIC,10,70,11,65.9,0.263,-2.496,-2.6564300000000003,DEF,65.9,84.0,
10299,715,A.Keath,WBD,3,70,11,52.3333,0.263,-3.593,-3.764213,DEF,52.3,84.0,
2706,26,L.Nankervis,ADE,8,74,11,66.5,0.368,-2.448,-2.7446080000000004,MID,66.5,84.5,
9549,67,H.McCluggage,BRL,11,74,11,97.3636,0.368,0.048,-0.149616,MID,85.7,84.5,54.0
11611,86,D.Zorko,BRL,11,66,11,110.182,0.263,1.085,1.431371,FWD,91.8,85.0,32.0
4732,389,L.Whitfield,GWS,11,69,11,99.1818,0.263,0.195,0.527169,DEF,86.6,87.0,39.0
7061,520,A.Aliir,PTA,10,69,11,65.2,0.263,-2.553,-2.4746259999999998,DEF,65.2,87.0,
7954,574,T.Dow,RIC,11,73,11,63.1818,0.368,-2.716,-3.340128,MID,63.2,87.0,
8238,593,H.Ralphsmith,RIC,6,69,11,59.5,0.263,-3.014,-3.4311179999999997,DEF,59.5,87.0,
10528,726,R.Sanders,WBD,7,73,11,62.1429,0.368,-2.8,-3.270304,MID,62.1,87.0,55.5
11224,770,H.Reid,WCE,10,73,11,87.0,0.368,-0.79,-1.337952,MID,80.2,87.0,55.5
1913,207,E.Tsatas,ESS,5,65,11,53.0,0.263,-3.539,-3.742299,FWD,53.0,87.5,
4509,376,T.McMullin,GWS,2,65,11,48.5,0.263,-3.903,-3.902737,FWD,48.5,87.5,
7757,563,N.Balta,RIC,7,65,11,66.4286,0.263,-2.453,-2.37673,FWD,66.4,87.5,
10626,732,L.Vandermeer,WBD,11,65,11,56.3636,0.263,-3.267,-3.3245970000000002,FWD,56.4,87.5,
3474,304,M.Blicavs,GEE,11,72,11,65.9091,0.368,-2.495,-2.879928,MID,65.9,89.0,57.0
2534,251,B.Walker,FRE,10,68,11,57.9,0.263,-3.143,-3.29817,DEF,57.9,90.0,
5521,435,J.Bowey,MEL,4,68,11,60.0,0.263,-2.973,-3.1289589999999996,DEF,60.0,90.0,
9893,69,C.McKenna,BRL,6,68,11,68.0,0.263,-2.326,-2.8359569999999996,DEF,68.0,90.0,
3376,30,J.Rachele,ADE,11,64,11,62.0,0.263,-2.811,-2.599285,FWD,62.0,90.5,33.0
11068,76,B.Reville,BRL,4,64,11,62.75,0.263,-2.751,-2.8698759999999996,FWD,62.8,90.5,
2796,265,S.Clohesy,GCS,8,71,11,80.0,0.368,-1.356,-2.10304,MID,76.7,92.5,
2849,267,A.Davies,GCS,3,71,11,67.6667,0.368,-2.353,-2.770312,MID,67.7,92.5,
3008,277,B.Humphrey,GCS,9,63,11,63.2222,0.263,-2.713,-2.866066,FWD,63.2,92.5,34.0
4255,354,F.Callaghan,GWS,10,71,11,72.7,0.368,-1.946,-2.0159200000000004,MID,72.7,92.5,58.0
4465,37,J.Soligo,ADE,11,71,11,85.4545,0.368,-0.915,-1.320168,MID,80.0,92.5,
5575,44,H.Andrews,BRL,11,67,11,94.0,0.263,-0.224,-0.536707,DEF,84.1,92.5,40.0
5700,45,N.Answerth,BRL,9,63,11,62.8889,0.263,-2.74,-2.7186969999999997,FWD,62.9,92.5,
5801,454,J.McVee,MEL,11,67,11,71.7273,0.263,-2.025,-2.2093629999999997,DEF,71.7,92.5,
6035,468,T.Sparrow,MEL,11,71,11,69.8182,0.368,-2.179,-2.8141679999999996,MID,69.8,92.5,
8606,616,P.Dow,STK,2,71,11,60.5,0.368,-2.933,-3.437896,MID,60.5,92.5,
976,158,B.Mihocek,COL,9,62,11,62.6667,0.263,-2.757,-2.6454880000000003,FWD,62.7,94.0,
8544,61,R.Lester,BRL,11,66,11,70.5455,0.263,-2.12,-2.262809,DEF,70.5,94.0,
3768,322,T.Hawkins,GEE,9,61,11,58.1111,0.263,-3.126,-3.02606,FWD,58.1,95.5,
4419,368,J.Hogan,GWS,11,61,11,88.6364,0.263,-0.658,-0.301898,FWD,81.5,95.5,35.0
3906,33,H.Schoenberg,ADE,1,70,11,70.0,0.368,-2.164,-3.4759200000000003,MID,70.0,96.0,
924,154,B.Maynard,COL,11,65,11,88.8182,0.263,-0.643,-0.9933160000000001,DEF,81.6,97.5,41.5
1963,212,J.Aish,FRE,11,65,11,81.9091,0.263,-1.201,-1.8479800000000002,DEF,78.3,97.5,
7756,563,N.Balta,RIC,7,65,11,66.4286,0.263,-2.453,-2.760973,DEF,66.4,97.5,
9741,678,L.Melican,SYD,11,65,11,54.4545,0.263,-3.422,-3.741282,DEF,54.5,97.5,
10625,732,L.Vandermeer,WBD,11,65,11,56.3636,0.263,-3.267,-3.743556,DEF,56.4,97.5,
10865,749,L.Duggan,WCE,11,65,11,94.9091,0.263,-0.15,-0.408529,DEF,84.5,97.5,41.5
3561,307,J.Cameron,GEE,10,60,11,85.0,0.263,-0.952,-0.6650669999999999,FWD,79.3,98.0,36.5
5139,410,C.Mackenzie,HAW,11,69,11,64.0,0.368,-2.65,-3.25352,MID,64.0,98.0,59.0
8239,593,H.Ralphsmith,RIC,6,69,11,59.5,0.368,-3.014,-3.7867999999999995,MID,59.5,98.0,
8646,621,L.Henry,STK,5,69,11,58.4,0.368,-3.102,-3.4957599999999998,MID,58.4,98.0,
10385,719,J.Macrae,WBD,9,60,11,78.2222,0.263,-1.5,-1.410317,FWD,76.3,98.0,36.5
11103,761,J.Jones,WCE,4,60,11,45.75,0.263,-4.125,-3.9861359999999997,FWD,45.8,98.0,
2305,231,M.Johnson,FRE,11,68,11,65.2727,0.368,-2.547,-3.0938480000000004,MID,65.3,100.0,
134,107,E.Hollands,CAR,9,57,11,63.3333,0.263,-2.704,-2.238753,FWD,63.3,101.0,
1111,167,L.Schultz,COL,10,57,11,59.2,0.263,-3.038,-2.842854,FWD,59.2,101.0,38.0
6077,47,Z.Bailey,BRL,6,67,11,73.8333,0.368,-1.855,-2.3886000000000003,MID,73.8,101.0,60.0
9638,675,L.McDonald,SYD,11,57,11,63.2727,0.263,-2.708,-2.5502000000000002,FWD,63.3,101.0,
2741,260,C.Ballard,GCS,11,64,11,65.4545,0.263,-2.532,-2.773434,DEF,65.5,102.5,
3657,313,S.De Koning,GEE,10,64,11,61.2,0.263,-2.876,-2.9359640000000002,DEF,61.2,102.5,
4598,379,H.Perryman,GWS,10,64,11,77.0,0.263,-1.598,-1.711616,DEF,75.9,102.5,
9324,658,O.Florent,SYD,11,64,11,84.0909,0.263,-1.025,-1.2498649999999998,DEF,79.3,102.5,
7555,55,J.Fletcher,BRL,11,66,11,68.0,0.368,-2.326,-2.920688,MID,68.0,103.0,
8219,592,D.Prestia,RIC,5,66,11,66.0,0.368,-2.488,-2.466288,MID,66.0,103.0,
11612,86,D.Zorko,BRL,11,66,11,110.182,0.368,1.085,0.969448,MID,91.8,103.0,61.0
2217,228,N.Fyfe,FRE,11,56,11,75.2727,0.263,-1.738,-1.6751429999999998,FWD,75.1,103.5,39.0
4568,378,J.Peatling,GWS,7,56,11,56.8571,0.263,-3.227,-2.8648489999999995,FWD,56.9,103.5,
1912,207,E.Tsatas,ESS,5,65,11,53.0,0.368,-3.539,-4.619816,MID,53.0,105.5,
1964,212,J.Aish,FRE,11,65,11,81.9091,0.368,-1.201,-2.302056,MID,78.3,105.5,
386,124,A.Saad,CAR,6,63,11,75.6667,0.263,-1.706,-1.533735,DEF,75.2,106.5,43.5
1017,160,D.Moore,COL,11,63,11,76.3636,0.263,-1.65,-1.822528,DEF,75.7,106.5,43.5
2832,266,S.Collins,GCS,11,63,11,77.4545,0.263,-1.562,-1.6422150000000002,DEF,76.2,106.5,
5699,45,N.Answerth,BRL,9,63,11,62.8889,0.263,-2.74,-3.115827,DEF,62.9,106.5,
3063,280,B.King,GCS,11,55,11,61.9091,0.263,-2.819,-2.7227419999999998,FWD,61.9,107.0,
3300,296,D.Swallow,GCS,10,55,11,39.9,0.263,-4.598,-4.425472,FWD,39.9,107.0,
7353,535,M.Georgiades,PTA,8,55,11,56.375,0.263,-3.266,-2.7765570000000004,FWD,56.4,107.0,
10837,747,J.Darling,WCE,11,55,11,60.2727,0.263,-2.951,-2.907605,FWD,60.3,107.0,
11067,76,B.Reville,BRL,4,64,11,62.75,0.368,-2.751,-3.680936,MID,62.8,107.0,
11471,786,M.Lefau,RIC,9,55,11,53.8889,0.263,-3.467,-3.319457,FWD,53.9,107.0,
5653,446,L.Hunter,MEL,1,62,11,62.0,0.368,-2.811,-4.175911999999999,MID,62.0,108.5,
7285,531,W.Drew,PTA,11,62,11,94.5455,0.368,-0.18,-0.577808,MID,84.3,108.5,
3329,298,B.Uwland,GCS,9,62,11,61.3333,0.263,-2.865,-2.7692680000000003,DEF,61.3,110.0,
7414,539,L.Jones,PTA,9,62,11,56.7778,0.263,-3.234,-3.576426,DEF,56.8,110.0,
9303,656,H.Cunningham,SYD,10,62,11,60.0,0.263,-2.973,-3.3593469999999996,DEF,60.0,110.0,
9877,686,J.Rowbottom,SYD,11,61,11,94.6364,0.368,-0.172,-0.422608,MID,84.4,110.5,62.5
11404,779,E.Yeo,WCE,9,61,11,107.333,0.368,0.854,0.611856,MID,87.7,110.5,62.5
2631,256,B.Ainsworth,GCS,11,54,11,69.2727,0.263,-2.223,-2.111751,FWD,69.3,111.0,40.5
6899,513,J.Stephenson,NTH,8,54,11,49.75,0.263,-3.802,-3.592652,FWD,49.8,111.0,
8843,633,M.Owens,STK,11,54,11,68.0909,0.263,-2.319,-2.236418,FWD,68.1,111.0,40.5
10384,719,J.Macrae,WBD,9,60,11,78.2222,0.368,-1.5,-2.078496,MID,76.3,112.0,64.0
11403,779,E.Yeo,WCE,9,61,11,107.333,0.263,0.854,0.843217,DEF,87.7,112.0,45.0
9265,654,B.Campbell,SYD,9,59,11,42.8889,0.368,-4.357,-4.7378800000000005,MID,42.9,113.0,
1080,164,I.Quaynor,COL,11,60,11,58.9091,0.263,-3.061,-3.308483,DEF,58.9,114.0,46.5
7209,525,R.Burton,PTA,10,60,11,75.8,0.263,-1.695,-1.935119,DEF,75.3,114.0,46.5
11104,761,J.Jones,WCE,4,60,11,45.75,0.263,-4.125,-4.407988,DEF,45.8,114.0,
135,107,E.Hollands,CAR,9,57,11,63.3333,0.368,-2.704,-2.7507360000000003,MID,63.3,114.5,
5664,448,E.Langdon,MEL,10,57,11,76.0,0.368,-1.679,-1.911944,MID,75.4,114.5,
741,145,B.Hill,COL,11,53,11,58.7273,0.263,-3.076,-2.8224679999999998,FWD,58.7,115.0,
1401,181,J.Gresham,ESS,11,53,11,64.9091,0.263,-2.576,-2.543651,FWD,64.9,115.0,42.0
2764,261,T.Berry,GCS,11,53,11,60.0,0.263,-2.973,-3.0332269999999997,FWD,60.0,115.0,
7481,545,J.McEntee,PTA,9,53,11,34.4444,0.263,-5.04,-4.90324,FWD,34.4,115.0,
10808,745,J.Cripps,WCE,11,53,11,75.2727,0.263,-1.738,-1.5499549999999997,FWD,75.1,115.0,
9266,654,B.Campbell,SYD,9,59,11,42.8889,0.263,-4.357,-4.495601000000001,DEF,42.9,116.0,
2216,228,N.Fyfe,FRE,11,56,11,75.2727,0.368,-1.738,-2.363968,MID,75.1,117.0,65.0
4567,378,J.Peatling,GWS,7,56,11,56.8571,0.368,-3.227,-3.4444879999999998,MID,56.9,117.0,
10974,754,R.Ginbey,WCE,11,56,11,66.2727,0.368,-2.466,-2.816336,MID,66.3,117.0,
11694,90,J.Boyd,CAR,11,58,11,71.3636,0.263,-2.054,-2.507149,DEF,71.4,117.0,
3025,278,J.Jeffrey,GCS,3,52,11,58.0,0.263,-3.135,-2.794152,FWD,58.0,118.0,
3360,3,J.Borlase,ADE,5,57,11,65.8,0.263,-2.504,-2.794615,DEF,65.8,118.5,
8274,594,D.Rioli,RIC,11,57,11,88.8182,0.263,-0.643,-0.586455,DEF,81.6,118.5,48.0
2655,257,N.Anderson,GCS,11,55,11,105.455,0.368,0.702,0.586816,MID,89.6,119.5,66.0
3299,296,D.Swallow,GCS,10,55,11,39.9,0.368,-4.598,-5.141904,MID,39.9,119.5,
9041,645,C.Wilkie,STK,11,56,11,82.2727,0.263,-1.172,-1.007362,DEF,78.5,120.0,49.0
86,105,L.Fogarty,CAR,5,51,11,64.2,0.263,-2.633,-2.531745,FWD,64.2,121.0,
1181,172,N.Caddy,ESS,1,51,11,51.0,0.263,-3.701,-3.551616,FWD,51.0,121.0,
3133,283,J.Lukosius,GCS,11,51,11,72.5455,0.263,-1.959,-1.88273,FWD,72.5,121.0,
8452,606,J.Battle,STK,11,55,11,77.0909,0.263,-1.591,-1.519727,DEF,76.0,121.0,
9938,692,S.Wicks,SYD,9,51,11,48.2222,0.263,-3.925,-3.892914,FWD,48.2,121.0,
10208,708,H.Gallagher,WBD,11,51,11,45.3636,0.263,-4.157,-4.0318119999999995,FWD,45.4,121.0,
1060,163,S.Pendlebury,COL,11,54,11,86.2727,0.368,-0.849,-1.153704,MID,80.4,121.5,67.5
2632,256,B.Ainsworth,GCS,11,54,11,69.2727,0.368,-2.223,-2.790088,MID,69.3,121.5,67.5
7695,561,B.Zerk-Thatcher,PTA,11,54,11,55.5455,0.263,-3.333,-3.3566700000000003,DEF,55.5,122.5,
7889,568,T.Brown,RIC,9,54,11,60.4444,0.263,-2.937,-3.2846859999999998,DEF,60.4,122.5,
10207,708,H.Gallagher,WBD,11,51,11,45.3636,0.368,-4.157,-4.759784,MID,45.4,123.0,
4537,377,X.O'Halloran,GWS,9,50,11,52.6667,0.368,-3.566,-4.155904,MID,52.7,124.0,
5317,423,J.Scrimshaw,HAW,10,53,11,82.1,0.263,-1.186,-1.2840989999999999,DEF,78.1,124.0,50.0
3026,278,J.Jeffrey,GCS,3,52,11,58.0,0.263,-3.135,-3.169716,DEF,58.0,125.0,
4538,377,X.O'Halloran,GWS,9,50,11,52.6667,0.263,-3.566,-3.443968,FWD,52.7,125.0,
4720,388,J.Wehr,GWS,10,49,11,55.2,0.368,-3.361,-3.908952,MID,55.2,125.0,
4903,398,C.Dear,HAW,4,50,11,48.25,0.263,-3.923,-3.732588,FWD,48.2,125.0,
5597,441,B.Fritsch,MEL,11,50,11,57.4545,0.263,-3.179,-3.0995739999999996,FWD,57.5,125.0,
1131,168,S.Sidebottom,COL,10,48,11,61.5,0.368,-2.852,-2.8376479999999997,MID,61.5,126.0,
3132,283,J.Lukosius,GCS,11,51,11,72.5455,0.263,-1.959,-2.253823,DEF,72.5,126.0,
9214,650,J.Amartey,SYD,11,49,11,46.0909,0.263,-4.098,-3.7537329999999995,FWD,46.1,127.0,
1705,195,B.McKay,ESS,11,50,11,70.8182,0.263,-2.098,-2.346535,DEF,70.8,127.5,
5414,43,C.Ah Chee,BRL,10,47,11,62.5,0.368,-2.771,-3.1945680000000003,MID,62.5,127.5,
8328,598,J.Short,RIC,10,50,11,72.6,0.263,-1.954,-1.847748,DEF,72.6,127.5,51.0
10897,75,C.Rayner,BRL,11,47,11,71.3636,0.368,-2.054,-2.216288,MID,71.4,127.5,69.0
3965,334,S.Neale,GEE,3,48,11,56.6667,0.263,-3.243,-3.0567960000000003,FWD,56.7,128.0,
5063,406,C.Jiath,HAW,2,49,11,41.5,0.263,-4.469,-4.370375000000001,DEF,41.5,129.0,
8882,636,S.Ross,STK,10,46,11,77.7,0.368,-1.542,-2.2297919999999998,MID,76.2,129.0,
5415,43,C.Ah Chee,BRL,10,47,11,62.5,0.263,-2.771,-2.554025,FWD,62.5,130.0,
9706,677,H.McLean,SYD,11,47,11,70.0909,0.263,-2.157,-2.002619,FWD,70.1,130.0,43.5
10896,75,C.Rayner,BRL,11,47,11,71.3636,0.263,-2.054,-1.6779099999999998,FWD,71.4,130.0,43.5
1781,199,A.Perkins,ESS,8,44,11,79.75,0.368,-1.376,-2.3070399999999998,MID,76.7,130.5,
3047,279,L.Johnston,GCS,3,48,11,52.6667,0.263,-3.566,-4.003895,DEF,52.7,130.5,
4669,385,H.Thomas,GWS,11,44,11,52.7273,0.368,-3.561,-4.153112,MID,52.7,130.5,
4925,399,S.Frost,HAW,11,48,11,57.1818,0.263,-3.201,-3.679397,DEF,57.2,130.5,
5,1,S.Berry,ADE,6,43,11,49.1667,0.368,-3.849,-3.9075120000000005,MID,49.2,132.0,
8987,641,L.Stocker,STK,10,46,11,51.1,0.263,-3.693,-3.9357490000000004,DEF,51.1,132.0,
11263,772,L.Ryan,WCE,5,46,11,42.6,0.263,-4.38,-3.939212,FWD,42.6,132.0,
680,140,C.Dean,COL,3,44,11,52.0,0.263,-3.62,-3.813568,DEF,52.0,133.0,
4275,355,S.Coniglio,GWS,8,42,11,89.0,0.368,-0.628,-1.27936,MID,79.9,133.0,70.0
1782,199,A.Perkins,ESS,8,44,11,79.75,0.263,-1.376,-1.5219649999999998,FWD,76.7,134.5,
2988,276,N.Holman,GCS,10,44,11,47.4,0.263,-3.992,-3.718743,FWD,47.4,134.5,
4670,385,H.Thomas,GWS,11,44,11,52.7273,0.263,-3.561,-3.440283,FWD,52.7,134.5,
5252,417,C.Nash,HAW,11,40,11,74.4545,0.368,-1.804,-2.1333599999999997,MID,74.5,134.5,71.0
6689,506,T.Pink,NTH,6,43,11,37.5,0.263,-4.793,-5.122802,DEF,37.5,134.5,
8133,588,B.Miller,RIC,9,44,11,76.0,0.263,-1.679,-1.541451,FWD,75.4,134.5,
9118,647,M.Windhager,STK,10,40,11,76.4,0.368,-1.647,-2.220712,MID,75.6,134.5,
11000,757,B.Hough,WCE,11,43,11,57.1818,0.263,-3.201,-3.301203,DEF,57.2,134.5,
2144,224,J.Draper,FRE,10,41,11,39.0,0.263,-4.671,-4.737802,DEF,39.0,136.0,
7613,552,C.Rozee,PTA,9,39,11,92.3333,0.368,-0.359,-0.400952,MID,81.8,136.5,72.5
9178,649,T.Adams,SYD,7,39,11,72.8571,0.368,-1.933,-2.5059760000000004,MID,72.9,136.5,72.5
9119,647,M.Windhager,STK,10,40,11,76.4,0.263,-1.647,-1.9121039999999998,DEF,75.6,137.5,
10128,705,T.Duryea,WBD,9,40,11,65.1111,0.263,-2.56,-2.8937470000000003,DEF,65.1,137.5,
76,104,O.Fantasia,CAR,9,43,11,34.8889,0.263,-5.004,-4.8096429999999994,FWD,34.9,138.0,
6690,506,T.Pink,NTH,6,43,11,37.5,0.263,-4.793,-4.680699,FWD,37.5,138.0,
7095,522,M.Bergman,PTA,11,34,11,74.6364,0.368,-1.79,-2.080352,MID,74.6,138.0,
11349,777,J.Williams,WCE,9,43,11,55.0,0.263,-3.377,-3.2731149999999998,FWD,55.0,138.0,
2513,250,C.Wagner,FRE,1,39,11,39.0,0.263,-4.671,-4.3635530000000005,DEF,39.0,139.0,
3511,305,J.Bowes,GEE,8,32,11,74.125,0.368,-1.831,-1.890616,MID,74.1,140.0,
3957,332,O.Mullin,GEE,5,37,11,42.8,0.263,-4.364,-4.792164,DEF,42.8,140.0,
6828,510,L.Shiels,NTH,6,32,11,33.1667,0.368,-5.143,-5.3380399999999995,MID,33.2,140.0,
9514,667,J.Jordon,SYD,11,32,11,75.6364,0.368,-1.709,-2.394952,MID,75.3,140.0,74.0
10109,704,S.Darcy,WBD,10,42,11,75.4,0.263,-1.728,-1.417397,FWD,75.2,140.0,
709,143,B.Frampton,COL,9,35,11,62.7778,0.263,-2.748,-3.2776820000000004,DEF,62.8,141.0,
7340,534,J.Finlayson,PTA,7,40,11,60.2857,0.263,-2.95,-2.877675,FWD,60.3,141.0,45.0
6775,508,B.Scott,NTH,11,29,11,65.1818,0.368,-2.554,-2.7104,MID,65.2,142.0,
7094,522,M.Bergman,PTA,11,34,11,74.6364,0.263,-1.79,-1.849438,DEF,74.6,142.0,
945,155,B.McCreery,COL,9,39,11,50.5556,0.263,-3.737,-3.528967,FWD,50.6,143.0,
3688,314,O.Dempsey,GEE,11,28,11,64.9091,0.368,-2.576,-2.647392,MID,64.9,143.0,
7939,573,N.Cumberland,RIC,3,39,11,35.3333,0.263,-4.968,-4.969578,FWD,35.3,143.0,
9179,649,T.Adams,SYD,7,39,11,72.8571,0.263,-1.933,-1.831219,FWD,72.9,143.0,46.0
5009,403,B.Hardwick,HAW,11,33,11,72.1818,0.263,-1.988,-2.054802,DEF,72.2,144.0,
9379,660,A.Francis,SYD,3,33,11,52.0,0.263,-3.62,-3.9647930000000002,DEF,52.0,144.0,
11376,778,A.Witherden,WCE,8,33,11,65.5,0.263,-2.528,-2.625836,DEF,65.5,144.0,52.0
1538,189,J.Kelly,ESS,10,27,11,70.3,0.368,-2.14,-2.85208,MID,70.3,144.5,
9846,685,M.Roberts,SYD,10,27,11,73.8,0.368,-1.857,-2.006776,MID,73.8,144.5,
3512,305,J.Bowes,GEE,8,32,11,74.125,0.263,-1.831,-1.7226439999999998,DEF,74.1,146.0,
486,131,E.Allan,COL,1,26,11,26.0,0.368,-5.722,-5.226672000000001,MID,26.0,146.5,
2165,225,T.Emmett,FRE,11,36,11,40.3636,0.263,-4.561,-4.498669,FWD,40.4,146.5,
5745,452,S.McAdam,MEL,2,36,11,41.5,0.263,-4.469,-4.3638,FWD,41.5,146.5,
6497,489,E.Ford,NTH,8,36,11,39.125,0.263,-4.661,-4.244145,FWD,39.1,146.5,
11032,758,J.Hunt,WCE,10,26,11,60.0,0.368,-2.973,-3.2398,MID,60.0,146.5,
11299,775,J.Waterman,WCE,10,36,11,94.9,0.263,-0.151,-0.159416,FWD,83.7,146.5,
11475,788,W.Parker,COL,1,30,11,30.0,0.263,-5.399,-5.4836860000000005,DEF,30.0,147.0,
6204,475,C.Windsor,MEL,11,25,11,58.6364,0.368,-3.083,-3.572808,MID,58.6,148.0,
6776,508,B.Scott,NTH,11,29,11,65.1818,0.263,-2.554,-2.5195469999999998,DEF,65.2,148.0,
3216,291,J.Rogers,GCS,5,15,11,45.2,0.368,-4.17,-5.0348,MID,45.2,149.0,
8381,600,T.Sonsie,RIC,7,35,11,45.5714,0.263,-4.14,-4.181817,FWD,45.6,149.0,
1537,189,J.Kelly,ESS,10,27,11,70.3,0.263,-2.14,-2.508463,DEF,70.3,150.0,
8306,597,S.Ryan,RIC,2,34,11,24.5,0.263,-5.844,-5.327468,FWD,24.5,150.0,
8730,625,D.Howard,STK,5,27,11,53.8,0.263,-3.474,-3.5907720000000003,DEF,53.8,150.0,
9845,685,M.Roberts,SYD,10,27,11,73.8,0.263,-1.857,-1.814394,DEF,73.8,150.0,
11280,773,D.Sheed,WCE,6,13,11,34.8333,0.368,-5.008,-5.3671679999999995,MID,34.8,150.0,75.0
1255,174,N.Cox,ESS,10,9,11,51.2,0.368,-3.685,-4.324584,MID,51.2,151.0,
1417,182,M.Guelfi,ESS,5,33,11,77.0,0.263,-1.598,-1.5172590000000001,FWD,75.4,151.5,
5010,403,B.Hardwick,HAW,11,33,11,72.1818,0.263,-1.988,-1.70396,FWD,72.2,151.5,
11031,758,J.Hunt,WCE,10,26,11,60.0,0.263,-2.973,-3.0211289999999997,DEF,60.0,152.0,
11720,91,J.Carroll,CAR,9,6,11,43.3333,0.368,-4.321,-5.030136,MID,43.3,152.0,
11748,94,A.Cincotta,CAR,4,24,11,45.0,0.263,-4.186,-4.400081999999999,DEF,45.0,153.0,
3805,324,O.Henry,GEE,11,32,11,57.4545,0.263,-3.179,-3.164535,FWD,57.5,153.5,
6570,499,C.Lazzaro,NTH,9,4,11,38.5556,0.368,-4.707,-5.390744,MID,38.6,153.5,
9513,667,J.Jordon,SYD,11,32,11,75.6364,0.263,-1.709,-1.686382,FWD,75.3,153.5,47.0
10544,727,A.Scott,WBD,1,4,11,4.0,0.368,-7.501,-7.534120000000001,MID,4.0,153.5,
11253,771,J.Rotham,WCE,8,20,11,46.0,0.263,-4.105,-4.523696000000001,DEF,46.0,154.0,
2554,252,M.Walters,FRE,11,31,11,44.0909,0.263,-4.26,-4.161638,FWD,44.1,155.0,
6256,477,J.Archer,NTH,3,19,11,29.3333,0.263,-5.453,-5.4140760000000006,DEF,29.3,155.0,
6447,487,Z.Duursma,NTH,10,0,11,39.9,0.368,-4.598,-5.41496,MID,39.9,155.5,
11483,79,H.Sharp,BRL,4,0,11,43.75,0.368,-4.287,-5.108744,MID,43.8,155.5,
531,135,M.Cox,COL,11,30,11,53.7273,0.263,-3.48,-3.258817,FWD,53.7,156.0,
5205,414,S.Mitchell,HAW,7,18,11,40.2857,0.263,-4.567,-4.993849,DEF,40.3,156.0,
5911,460,H.Petty,MEL,9,17,11,42.4444,0.263,-4.393,-4.474267,DEF,42.4,157.0,
1256,174,N.Cox,ESS,10,9,11,51.2,0.263,-3.685,-4.00849,DEF,51.2,158.0,
1284,176,A.Davey Jnr,ESS,8,29,11,28.375,0.263,-5.53,-5.513957,FWD,28.4,158.5,
6540,498,N.Larkey,NTH,11,29,11,52.1818,0.263,-3.605,-3.2557359999999997,FWD,52.2,158.5,
8563,610,A.Caminiti,STK,7,29,11,48.5714,0.263,-3.897,-3.655566,FWD,48.6,158.5,
11154,765,R.Maric,WCE,9,29,11,39.4444,0.263,-4.635,-4.497977,FWD,39.4,158.5,
6239,476,T.Woewodin,MEL,9,5,11,29.7778,0.263,-5.417,-5.871727,DEF,29.8,159.0,
3687,314,O.Dempsey,GEE,11,28,11,64.9091,0.263,-2.576,-2.129689,FWD,64.9,161.0,
6205,475,C.Windsor,MEL,11,25,11,58.6364,0.263,-3.083,-2.903897,FWD,58.6,162.0,
4235,353,A.Cadman,GWS,11,23,11,51.9091,0.263,-3.627,-3.6012259999999996,FWD,51.9,163.5,
11427,78,B.Ryan,BRL,1,23,11,23.0,0.263,-5.965,-5.938963,FWD,23.0,163.5,
4157,349,T.Bedford,GWS,11,22,11,52.7273,0.263,-3.561,-3.215418,FWD,52.7,165.0,
4805,393,L.Breust,HAW,6,20,11,35.1667,0.263,-4.981,-4.769022,FWD,35.2,166.0,
5910,460,H.Petty,MEL,9,17,11,42.4444,0.263,-4.393,-4.0642499999999995,FWD,42.4,167.0,
7992,578,S.Green,RIC,2,16,11,20.0,0.263,-6.208,-5.753273,FWD,20.0,168.0,
1992,213,J.Amiss,FRE,10,13,11,46.3,0.263,-4.081,-3.7727640000000005,FWD,46.3,169.0,
10447,721,A.Naughton,WBD,11,11,11,82.3636,0.263,-1.165,-1.218126,FWD,78.5,170.0,48.0
10850,748,T.Dewar,WCE,3,10,11,14.0,0.263,-6.693,-6.194878,FWD,14.0,171.0,
8587,613,L.Collard,STK,3,6,11,6.33333,0.263,-7.313,-7.346926999999999,FWD,6.3,172.5,
11719,91,J.Carroll,CAR,9,6,11,43.3333,0.263,-4.321,-4.26314,FWD,43.3,172.5,
6238,476,T.Woewodin,MEL,9,5,11,29.7778,0.263,-5.417,-5.403061,FWD,29.8,174.0,
6569,499,C.Lazzaro,NTH,9,4,11,38.5556,0.263,-4.707,-4.624943999999999,FWD,38.6,175.5,
10545,727,A.Scott,WBD,1,4,11,4.0,0.263,-7.501,-6.934235,FWD,4.0,175.5,
8898,638,C.Sharman,STK,9,3,11,38.8889,0.263,-4.68,-4.162941999999999,FWD,38.9,177.0,
3349,299,J.Walter,GCS,8,0,11,36.5,0.263,-4.873,-4.826712000000001,FWD,36.5,179.0,
6446,487,Z.Duursma,NTH,10,0,11,39.9,0.263,-4.598,-4.606153,FWD,39.9,179.0,
7598,551,W.Rioli,PTA,11,0,11,58.8182,0.263,-3.069,-2.868331,FWD,58.8,179.0,
47,100,T.De Koning,CAR,12,140,12,92.0,0.105,-0.386,-0.374345,RUC,83.9,1.0,1.0
634,138,N.Daicos,COL,12,156,12,123.583,0.263,2.168,2.150379,DEF,100.3,1.0,1.0
5220,415,D.Moore,HAW,12,169,12,94.75,0.263,-0.163,0.19573200000000002,FWD,85.3,1.0,1.0
9963,695,M.Bontempelli,WBD,12,186,12,125.333,0.368,2.31,2.34312,MID,101.3,1.0,1.0
635,138,N.Daicos,COL,12,156,12,123.583,0.368,2.168,1.9070880000000001,MID,100.3,2.0,2.0
3514,305,J.Bowes,GEE,9,146,12,82.1111,0.263,-1.185,-1.246542,DEF,77.8,2.0,
9143,648,M.Wood,STK,7,140,12,88.5714,0.263,-0.663,-0.6111890000000001,FWD,79.1,2.0,2.0
10152,706,T.English,WBD,12,131,12,112.333,0.105,1.259,1.16891,RUC,94.5,2.0,2.0
499,133,D.Cameron,COL,12,118,12,98.5,0.105,0.14,0.13590500000000003,RUC,87.3,3.0,3.0
2656,257,N.Anderson,GCS,12,150,12,109.167,0.368,1.003,0.777048,MID,92.8,3.0,3.0
3689,314,O.Dempsey,GEE,12,122,12,69.6667,0.263,-2.191,-1.8459439999999998,FWD,69.7,3.0,
3839,325,M.Holmes,GEE,12,133,12,105.0,0.263,0.666,0.548439,DEF,90.7,3.0,2.0
3513,305,J.Bowes,GEE,9,146,12,82.1111,0.368,-1.185,-1.482344,MID,77.8,4.0,
8178,590,T.Nankervis,RIC,11,117,12,104.818,0.105,0.651,0.6493200000000001,RUC,89.3,4.0,4.0
10058,702,B.Dale,WBD,12,132,12,98.9167,0.263,0.174,0.15611599999999998,DEF,87.5,4.0,3.0
2467,247,S.Switkowski,FRE,9,119,12,72.0,0.263,-2.003,-1.6684640000000002,FWD,72.0,4.5,
2922,273,S.Flanders,GCS,11,119,12,117.455,0.263,1.673,2.078809,FWD,95.3,4.5,3.0
2077,218,J.Clark,FRE,12,127,12,107.667,0.263,0.881,0.8578560000000001,DEF,92.0,5.0,4.0
2879,27,R.O'Brien,ADE,12,111,12,89.0833,0.105,-0.621,-0.675075,RUC,82.3,5.0,5.0
9142,648,M.Wood,STK,7,140,12,88.5714,0.368,-0.663,-1.2742479999999998,MID,79.1,5.0,4.0
2495,249,J.Treacy,FRE,12,118,12,80.75,0.263,-1.295,-0.9738769999999999,FWD,78.0,6.0,
3838,325,M.Holmes,GEE,12,133,12,105.0,0.368,0.666,0.27849599999999997,MID,90.7,6.0,5.0
11321,776,B.Williams,WCE,12,104,12,72.0,0.105,-2.003,-2.182655,RUC,72.0,6.0,
2384,241,L.Ryan,FRE,12,124,12,129.917,0.263,2.681,2.512943,DEF,103.7,6.5,5.5
3431,302,T.Atkins,GEE,11,124,12,83.7273,0.263,-1.054,-1.238889,DEF,79.2,6.5,5.5
2271,230,L.Jackson,FRE,12,98,12,101.0,0.105,0.342,0.20035500000000006,RUC,88.6,7.0,6.0
10573,730,A.Treloar,WBD,12,127,12,117.333,0.368,1.663,1.565848,MID,97.1,7.0,6.0
2219,228,N.Fyfe,FRE,12,104,12,77.6667,0.263,-1.545,-1.532902,FWD,76.4,7.5,4.5
7725,562,L.Baker,RIC,9,104,12,84.1111,0.263,-1.023,-0.821016,FWD,78.6,7.5,4.5
565,136,J.Crisp,COL,12,117,12,89.5,0.263,-0.588,-0.7018789999999999,DEF,82.6,8.0,7.0
3430,302,T.Atkins,GEE,11,124,12,83.7273,0.368,-1.054,-1.521728,MID,79.2,8.0,7.0
5621,443,M.Gawn,MEL,12,95,12,129.917,0.105,2.681,2.61863,RUC,103.7,8.0,7.0
2125,221,S.Darcy,FRE,5,93,12,98.8,0.105,0.164,0.08189000000000002,RUC,80.2,9.0,8.0
3690,314,O.Dempsey,GEE,12,122,12,69.6667,0.368,-2.191,-2.404072,MID,69.7,9.0,
11176,766,J.McGovern,WCE,12,113,12,108.833,0.263,0.976,1.082778,DEF,92.7,9.0,
1463,185,N.Hind,ESS,10,101,12,58.4,0.263,-3.102,-3.127511,FWD,58.4,10.0,
2921,273,S.Flanders,GCS,11,119,12,117.455,0.368,1.673,1.664536,MID,95.3,10.0,8.0
7354,535,M.Georgiades,PTA,9,101,12,61.3333,0.263,-2.865,-2.48102,FWD,61.3,10.0,
7635,555,I.Soldo,PTA,7,92,12,87.2857,0.105,-0.767,-0.9172549999999999,RUC,78.7,10.0,9.0
10387,719,J.Macrae,WBD,10,101,12,80.5,0.263,-1.315,-1.273972,FWD,77.4,10.0,6.0
996,16,M.Hinge,ADE,12,111,12,96.6667,0.263,-0.008,-0.102417,DEF,86.3,11.0,8.5
1437,184,D.Heppell,ESS,12,111,12,93.0833,0.263,-0.298,-0.46553100000000003,DEF,84.4,11.0,
1856,202,J.Ridley,ESS,2,111,12,136.5,0.263,3.213,2.520521,DEF,80.3,11.0,8.5
5306,421,N.Reeves,HAW,3,89,12,64.0,0.105,-2.65,-2.8918150000000002,RUC,64.0,11.0,
8966,640,J.Steele,STK,12,118,12,111.917,0.368,1.225,0.9894800000000001,MID,94.3,11.0,9.0
566,136,J.Crisp,COL,12,117,12,89.5,0.368,-0.588,-0.9615199999999999,MID,82.6,12.0,10.0
3263,295,A.Sexton,GCS,7,100,12,81.2857,0.263,-1.252,-1.182305,FWD,76.9,12.5,7.0
3633,311,T.Conway,GEE,5,85,12,79.6,0.105,-1.388,-1.5116899999999998,RUC,76.0,12.5,
7508,547,J.Mead,PTA,12,100,12,60.6667,0.263,-2.919,-2.74805,FWD,60.7,12.5,
8777,629,R.Marshall,STK,12,85,12,107.583,0.105,0.875,0.8691200000000001,RUC,92.0,12.5,10.0
3546,306,T.Bruhn,GEE,10,115,12,78.7,0.368,-1.461,-2.043176,MID,76.6,13.0,
3722,315,M.Duncan,GEE,10,110,12,80.8,0.263,-1.291,-1.455901,DEF,77.5,13.0,10.0
282,115,H.McKay,CAR,12,99,12,93.5833,0.263,-0.257,-0.148118,FWD,84.7,14.0,8.0
405,126,S.Walsh,CAR,8,111,12,115.0,0.368,1.474,1.137648,MID,88.9,14.5,11.5
1176,171,N.Bryan,ESS,1,81,12,81.0,0.105,-1.275,-1.50705,RUC,75.3,14.5,
3239,293,M.Rowell,GCS,12,111,12,116.5,0.368,1.596,0.980336,MID,96.7,14.5,11.5
7724,562,L.Baker,RIC,9,104,12,84.1111,0.263,-1.023,-1.1550259999999999,DEF,78.6,14.5,11.5
9005,643,N.Wanganeen-Milera,STK,12,104,12,102.667,0.263,0.477,0.458853,DEF,89.4,14.5,11.5
10955,752,M.Flynn,WCE,1,81,12,81.0,0.105,-1.275,-1.6173,RUC,75.3,14.5,
2272,230,L.Jackson,FRE,12,98,12,101.0,0.263,0.342,0.487965,FWD,88.6,15.5,9.5
10531,726,R.Sanders,WBD,8,98,12,66.625,0.263,-2.437,-2.345739,FWD,66.6,15.5,9.5
3176,287,N.Moyle,GCS,3,77,12,90.3333,0.105,-0.52,-0.667315,RUC,77.0,16.0,
5276,418,J.Newcombe,HAW,12,110,12,90.6667,0.368,-0.493,-0.48343200000000003,MID,83.2,16.5,13.5
7372,536,J.Horne-Francis,PTA,10,110,12,105.9,0.368,0.738,0.345712,MID,88.4,16.5,13.5
8307,597,S.Ryan,RIC,3,76,12,41.6667,0.105,-4.456,-4.648045000000001,RUC,41.7,17.0,
1843,200,M.Redman,ESS,11,103,12,92.5455,0.263,-0.341,-0.489332,DEF,83.4,17.5,13.5
3769,322,T.Hawkins,GEE,10,94,12,61.7,0.263,-2.836,-2.8123299999999998,FWD,61.7,17.5,
4861,396,M.D'Ambrosio,HAW,11,103,12,82.0,0.263,-1.194,-1.1345619999999998,DEF,78.3,17.5,
5050,405,J.Impey,HAW,12,103,12,82.8333,0.263,-1.127,-1.199062,DEF,79.1,17.5,
7972,577,J.Graham,RIC,5,94,12,68.8,0.263,-2.262,-2.0463400000000003,FWD,68.8,17.5,
9042,645,C.Wilkie,STK,12,103,12,84.0,0.263,-1.032,-0.904182,DEF,79.7,17.5,13.5
3167,286,T.Miller,GCS,12,108,12,111.833,0.368,1.218,0.757632,MID,94.2,18.0,15.0
8136,588,B.Miller,RIC,10,73,12,75.7,0.105,-1.704,-1.868955,RUC,75.3,18.0,
1993,213,J.Amiss,FRE,11,93,12,50.5455,0.263,-3.738,-3.5199730000000002,FWD,50.5,19.0,
11352,777,J.Williams,WCE,10,11,12,50.6,0.105,-3.733,-3.8966950000000002,RUC,50.6,19.0,
4044,34,L.Sholl,ADE,9,107,12,83.6667,0.368,-1.059,-1.337208,MID,78.4,19.5,
4889,397,W.Day,HAW,6,107,12,96.6667,0.368,-0.008,-0.44408000000000003,MID,80.7,19.5,16.0
136,107,E.Hollands,CAR,10,92,12,66.2,0.263,-2.472,-2.0677689999999997,FWD,66.2,20.5,
333,120,N.Newman,CAR,12,102,12,100.75,0.263,0.322,0.360398,DEF,88.4,20.5,15.5
4963,400,J.Ginnivan,HAW,12,92,12,68.9167,0.263,-2.252,-1.9887369999999998,FWD,68.9,20.5,
8928,639,J.Sinclair,STK,11,102,12,99.4545,0.263,0.217,0.513664,DEF,86.7,20.5,15.5
2218,228,N.Fyfe,FRE,12,104,12,77.6667,0.368,-1.545,-2.2419919999999998,MID,76.4,21.0,17.0
1462,185,N.Hind,ESS,10,101,12,58.4,0.263,-3.102,-3.5391060000000003,DEF,58.4,22.0,
3562,307,J.Cameron,GEE,11,91,12,85.5455,0.263,-0.907,-0.631902,FWD,80.0,22.0,11.0
4466,37,J.Soligo,ADE,12,103,12,86.9167,0.368,-0.797,-1.245592,MID,81.2,23.0,
4860,396,M.D'Ambrosio,HAW,11,103,12,82.0,0.368,-1.194,-1.3253759999999999,MID,78.3,23.0,
7759,563,N.Balta,RIC,8,90,12,69.375,0.263,-2.215,-2.2013239999999996,FWD,69.4,23.0,
11816,97,P.Cripps,CAR,12,103,12,108.75,0.368,0.969,0.8979759999999999,MID,92.6,23.0,18.0
1213,173,J.Caldwell,ESS,12,88,12,89.0,0.263,-0.628,-0.24086399999999997,FWD,82.3,24.5,12.0
1936,211,P.Wright,ESS,8,88,12,77.375,0.263,-1.568,-1.524079,FWD,75.8,24.5,
2587,255,H.Young,FRE,12,100,12,99.25,0.263,0.201,0.267539,DEF,87.7,24.5,17.5
3264,295,A.Sexton,GCS,7,100,12,81.2857,0.263,-1.252,-1.5352510000000001,DEF,76.9,24.5,17.5
7062,520,A.Aliir,PTA,11,100,12,68.3636,0.263,-2.297,-2.2859540000000003,DEF,68.4,24.5,
8453,606,J.Battle,STK,12,100,12,79.0,0.263,-1.437,-1.4062290000000002,DEF,77.1,24.5,
2407,242,C.Serong,FRE,12,102,12,124.583,0.368,2.249,1.9027120000000002,MID,100.9,26.0,20.0
3089,282,B.Long,GCS,6,87,12,57.3333,0.263,-3.189,-2.9949060000000003,FWD,57.3,26.0,
8929,639,J.Sinclair,STK,11,102,12,99.4545,0.368,0.217,0.40099999999999997,MID,86.7,26.0,20.0
10034,7,M.Crouch,ADE,11,102,12,109.273,0.368,1.011,0.73868,MID,91.4,26.0,20.0
458,128,Z.Williams,CAR,11,85,12,71.0909,0.263,-2.076,-1.953705,FWD,71.1,27.0,13.0
1018,160,D.Moore,COL,12,99,12,78.25,0.263,-1.497,-1.709767,DEF,76.7,27.5,19.0
2676,258,M.Andrew,GCS,9,99,12,86.8889,0.263,-0.799,-1.227427,DEF,79.7,27.5,
1112,167,L.Schultz,COL,11,83,12,61.3636,0.263,-2.863,-2.7138789999999995,FWD,61.4,28.5,14.0
7673,560,O.Wines,PTA,11,101,12,101.091,0.368,0.35,0.089088,MID,87.5,28.5,22.5
8649,621,L.Henry,STK,6,83,12,62.5,0.263,-2.771,-2.615041,FWD,62.5,28.5,
10386,719,J.Macrae,WBD,10,101,12,80.5,0.368,-1.315,-1.961576,MID,77.4,28.5,22.5
7395,537,D.Houston,PTA,12,98,12,108.917,0.263,0.982,0.992783,DEF,92.7,29.0,20.0
1784,199,A.Perkins,ESS,9,82,12,80.0,0.263,-1.356,-1.507225,FWD,77.0,30.0,
802,147,J.Howe,COL,9,95,12,72.2222,0.263,-1.985,-1.8989989999999999,DEF,72.2,30.5,
10866,749,L.Duggan,WCE,12,95,12,94.9167,0.263,-0.15,-0.408529,DEF,85.4,30.5,21.0
2588,255,H.Young,FRE,12,100,12,99.25,0.368,0.201,0.069624,MID,87.7,31.0,24.5
7509,547,J.Mead,PTA,12,100,12,60.6667,0.368,-2.919,-3.416168,MID,60.7,31.0,
11281,773,D.Sheed,WCE,7,100,12,44.1429,0.368,-4.255,-4.891272,MID,44.1,31.0,24.5
3064,280,B.King,GCS,12,81,12,63.5,0.263,-2.69,-2.627669,FWD,63.5,32.0,
10110,704,S.Darcy,WBD,11,81,12,75.9091,0.263,-1.687,-1.38718,FWD,75.4,32.0,
11844,99,C.Curnow,CAR,12,81,12,90.1667,0.263,-0.534,-0.458256,FWD,82.9,32.0,15.0
925,154,B.Maynard,COL,12,94,12,89.25,0.263,-0.608,-0.9675210000000001,DEF,82.4,33.0,22.5
6172,474,J.Viney,MEL,12,99,12,96.25,0.368,-0.042,-0.585536,MID,86.1,33.0,26.0
9121,647,M.Windhager,STK,11,94,12,78.0,0.263,-1.518,-1.817031,DEF,76.4,33.0,
11405,779,E.Yeo,WCE,10,94,12,106.0,0.263,0.747,0.764358,DEF,88.5,33.0,22.5
10427,720,L.McNeil,WBD,2,80,12,60.5,0.263,-2.933,-2.74364,FWD,60.5,34.0,
3894,329,J.Kolodjashnij,GEE,11,92,12,68.3636,0.263,-2.297,-2.446384,DEF,68.4,35.0,
7224,526,Z.Butters,PTA,12,98,12,121.417,0.368,1.993,1.919032,MID,99.2,35.0,27.5
10530,726,R.Sanders,WBD,8,98,12,66.625,0.368,-2.437,-3.040888,MID,66.6,35.0,27.5
10975,754,R.Ginbey,WCE,12,98,12,68.9167,0.368,-2.252,-2.681088,MID,68.9,35.0,
3617,310,B.Close,GEE,12,79,12,68.4167,0.263,-2.293,-2.288792,FWD,68.4,35.5,
11264,772,L.Ryan,WCE,6,79,12,48.6667,0.263,-3.89,-3.578082,FWD,48.7,35.5,
387,124,A.Saad,CAR,7,91,12,77.8571,0.263,-1.529,-1.403286,DEF,75.9,36.5,24.5
5994,463,C.Salem,MEL,9,91,12,76.7778,0.263,-1.616,-1.655713,DEF,75.7,36.5,24.5
1743,197,Z.Merrett,ESS,12,97,12,116.833,0.368,1.623,1.490888,MID,96.8,37.0,29.0
860,151,P.Lipinski,COL,12,77,12,80.1667,0.263,-1.342,-1.2223350000000002,FWD,77.7,37.5,16.0
2555,252,M.Walters,FRE,12,77,12,46.8333,0.263,-4.038,-3.998024,FWD,46.8,37.5,
1329,178,S.Durham,ESS,11,96,12,87.9091,0.368,-0.716,-0.9552,MID,81.2,38.5,
5735,451,S.May,MEL,11,90,12,87.7273,0.263,-0.731,-0.717061,DEF,81.1,38.5,26.0
7758,563,N.Balta,RIC,8,90,12,69.375,0.263,-2.215,-2.5855669999999997,DEF,69.4,38.5,
11648,87,B.Acres,CAR,12,96,12,97.9167,0.368,0.093,-0.315848,MID,87.0,38.5,30.0
8308,597,S.Ryan,RIC,3,76,12,41.6667,0.263,-4.456,-4.304512,FWD,41.7,39.0,
5012,403,B.Hardwick,HAW,12,75,12,72.4167,0.263,-1.969,-1.6899570000000002,FWD,72.4,40.5,
10809,745,J.Cripps,WCE,12,75,12,75.25,0.263,-1.74,-1.5514290000000002,FWD,75.1,40.5,
3088,282,B.Long,GCS,6,87,12,57.3333,0.263,-3.189,-3.3865130000000003,DEF,57.3,41.0,
3361,3,J.Borlase,ADE,6,87,12,69.3333,0.263,-2.218,-2.583833,DEF,69.3,41.0,
5343,425,J.Sicily,HAW,10,87,12,95.8,0.263,-0.078,-0.005149000000000001,DEF,84.0,41.0,27.0
7971,577,J.Graham,RIC,5,94,12,68.8,0.368,-2.262,-2.672688,MID,68.8,41.0,
9120,647,M.Windhager,STK,11,94,12,78.0,0.368,-1.518,-2.139184,MID,76.4,41.0,
11406,779,E.Yeo,WCE,10,94,12,106.0,0.368,0.747,0.544232,MID,88.5,41.0,31.0
459,128,Z.Williams,CAR,11,85,12,71.0909,0.263,-2.076,-2.32322,DEF,71.1,43.0,28.0
1821,20,R.Laird,ADE,12,93,12,105.167,0.368,0.679,0.476232,MID,90.7,43.0,32.0
137,107,E.Hollands,CAR,10,92,12,66.2,0.368,-2.472,-2.6041119999999998,MID,66.2,44.0,
1418,182,M.Guelfi,ESS,6,73,12,76.3333,0.263,-1.652,-1.557057,FWD,75.3,44.5,
3027,278,J.Jeffrey,GCS,4,73,12,61.75,0.263,-2.832,-2.5708409999999997,FWD,61.8,44.5,
3135,283,J.Lukosius,GCS,12,73,12,72.5833,0.263,-1.956,-1.8805189999999998,FWD,72.6,44.5,
8135,588,B.Miller,RIC,10,73,12,75.7,0.263,-1.704,-1.5598759999999998,FWD,75.3,44.5,
8564,610,A.Caminiti,STK,8,73,12,51.625,0.263,-3.65,-3.473527,FWD,51.6,44.5,
8670,622,J.Higgins,STK,9,73,12,75.4444,0.263,-1.724,-1.624586,FWD,75.2,44.5,
5995,463,C.Salem,MEL,9,91,12,76.7778,0.368,-1.616,-1.880592,MID,75.7,45.5,33.0
8574,612,H.Clark,STK,1,91,12,91.0,0.368,-0.466,-1.2870080000000002,MID,75.7,45.5,
2833,266,S.Collins,GCS,12,82,12,77.8333,0.263,-1.531,-1.6193680000000001,DEF,76.5,46.0,
3330,298,B.Uwland,GCS,10,82,12,63.4,0.263,-2.698,-2.646189,DEF,63.4,46.0,
5318,423,J.Scrimshaw,HAW,11,82,12,82.0909,0.263,-1.187,-1.284836,DEF,78.4,46.0,29.0
5522,435,J.Bowey,MEL,5,82,12,64.4,0.263,-2.617,-2.866587,DEF,64.4,46.0,
10734,739,T.Barrass,WCE,11,82,12,83.8182,0.263,-1.047,-1.130108,DEF,79.2,46.0,
2038,215,A.Brayshaw,FRE,12,89,12,103.667,0.368,0.558,0.613568,MID,90.0,47.0,34.0
10356,718,R.Lobb,WBD,4,72,12,50.25,0.263,-3.762,-3.1481579999999996,FWD,50.2,48.0,
1214,173,J.Caldwell,ESS,12,88,12,89.0,0.368,-0.628,-0.732144,MID,82.3,48.5,35.0
2327,238,J.O'Meara,FRE,11,88,12,60.0,0.368,-2.973,-3.29316,MID,60.0,48.5,
2055,217,H.Chapman,FRE,6,81,12,72.0,0.263,-2.003,-2.1957790000000004,DEF,72.0,49.5,
4777,390,K.Amon,HAW,12,81,12,93.0833,0.263,-0.298,-0.365591,DEF,84.4,49.5,30.0
7139,523,T.Boak,PTA,10,71,12,81.1,0.263,-1.267,-1.093683,FWD,77.7,50.0,
10210,708,H.Gallagher,WBD,12,71,12,47.5,0.263,-3.984,-3.9043110000000003,FWD,47.5,50.0,
11227,770,H.Reid,WCE,11,71,12,85.5455,0.263,-0.907,-0.779971,FWD,80.0,50.0,17.0
5883,459,C.Petracca,MEL,12,85,12,106.5,0.368,0.787,0.5106320000000001,MID,91.4,50.5,36.0
7286,531,W.Drew,PTA,12,85,12,93.75,0.368,-0.244,-0.6182559999999999,MID,84.8,50.5,
1649,193,N.Martin,ESS,12,80,12,103.75,0.263,0.565,0.636799,DEF,90.0,52.0,31.5
3748,320,Z.Guthrie,GEE,12,80,12,85.9167,0.263,-0.877,-1.008763,DEF,80.7,52.0,
8329,598,J.Short,RIC,11,80,12,73.2727,0.263,-1.9,-1.80795,DEF,73.3,52.0,31.5
5474,432,J.Worpel,HAW,12,83,12,86.9167,0.368,-0.797,-1.088824,MID,81.2,52.5,37.0
8648,621,L.Henry,STK,6,83,12,62.5,0.368,-2.771,-3.286568,MID,62.5,52.5,
87,105,L.Fogarty,CAR,6,69,12,65.0,0.263,-2.569,-2.484577,FWD,65.0,54.0,
191,109,B.Kemp,CAR,10,79,12,75.9,0.263,-1.687,-1.959994,DEF,75.4,54.0,
1783,199,A.Perkins,ESS,9,82,12,80.0,0.368,-1.356,-2.2944,MID,77.0,54.0,
2184,227,M.Frederick,FRE,9,69,12,49.3333,0.263,-3.836,-3.6884569999999997,FWD,49.3,54.0,
2633,256,B.Ainsworth,GCS,12,69,12,69.25,0.263,-2.225,-2.113225,FWD,69.2,54.0,18.5
5088,409,C.Macdonald,HAW,12,69,12,68.0833,0.263,-2.319,-1.974996,FWD,68.1,54.0,18.5
5768,453,T.McDonald,MEL,11,69,12,76.6364,0.263,-1.628,-1.3373849999999998,FWD,75.8,54.0,
4776,390,K.Amon,HAW,12,81,12,93.0833,0.368,-0.298,-0.6100639999999999,MID,84.4,55.0,38.0
8275,594,D.Rioli,RIC,12,78,12,87.9167,0.263,-0.716,-0.6402559999999999,DEF,81.7,55.5,33.0
10786,744,T.Cole,WCE,12,78,12,68.6667,0.263,-2.272,-2.491605,DEF,68.7,55.5,
1648,193,N.Martin,ESS,12,80,12,103.75,0.368,0.565,0.43840799999999996,MID,90.0,56.0,39.0
1723,196,J.Menzie,ESS,6,66,12,34.6667,0.263,-5.022,-4.9722930000000005,FWD,34.7,57.5,
10170,707,J.Freijah,WBD,4,66,12,67.25,0.263,-2.387,-2.1642390000000002,FWD,67.2,57.5,
2350,239,A.Pearce,FRE,12,77,12,73.3333,0.263,-1.895,-2.180618,DEF,73.3,58.0,
7096,522,M.Bergman,PTA,12,77,12,74.8333,0.263,-1.774,-1.8376460000000001,DEF,74.8,58.0,
7179,524,J.Burgoyne,PTA,10,77,12,73.7,0.263,-1.865,-1.8408039999999999,DEF,73.7,58.0,
861,151,P.Lipinski,COL,12,77,12,80.1667,0.368,-1.342,-1.870816,MID,77.7,58.5,40.0
5665,448,E.Langdon,MEL,11,77,12,76.0909,0.368,-1.672,-1.9075199999999999,MID,75.5,58.5,
7097,522,M.Bergman,PTA,12,77,12,74.8333,0.368,-1.774,-2.07024,MID,74.8,58.5,
7178,524,J.Burgoyne,PTA,10,77,12,73.7,0.368,-1.865,-2.0397999999999996,MID,73.7,58.5,
742,145,B.Hill,COL,12,65,12,59.25,0.263,-3.034,-2.791514,FWD,59.2,60.5,
1683,194,A.McGrath,ESS,12,76,12,99.1667,0.263,0.194,0.09931999999999999,DEF,87.6,60.5,34.5
4067,340,T.Stengle,GEE,12,65,12,74.5,0.263,-1.801,-1.6321539999999999,FWD,74.5,60.5,
4089,342,T.Stewart,GEE,11,76,12,94.0,0.263,-0.224,-0.17350400000000002,DEF,84.1,60.5,34.5
4943,4,C.Burgess,ADE,6,65,12,51.5,0.263,-3.66,-3.5934610000000005,FWD,51.5,60.5,
4980,402,J.Gunston,HAW,8,65,12,55.875,0.263,-3.307,-3.084765,FWD,55.9,60.5,
1132,168,S.Sidebottom,COL,11,74,12,62.6364,0.368,-2.76,-2.779504,MID,62.6,61.5,
1257,174,N.Cox,ESS,11,74,12,53.2727,0.368,-3.517,-4.218408,MID,53.3,61.5,
681,140,C.Dean,COL,4,75,12,57.75,0.263,-3.155,-3.4708629999999996,DEF,57.8,62.5,
5011,403,B.Hardwick,HAW,12,75,12,72.4167,0.263,-1.969,-2.0407990000000003,DEF,72.4,62.5,
5839,457,A.Neal-Bullen,MEL,12,64,12,85.1667,0.263,-0.938,-0.689991,FWD,80.3,63.5,20.0
8823,631,T.Membrey,STK,10,64,12,58.7,0.263,-3.078,-2.8060579999999997,FWD,58.7,63.5,
5862,458,C.Oliver,MEL,12,73,12,91.25,0.368,-0.446,-0.998,MID,83.5,64.0,41.0
8607,616,P.Dow,STK,3,73,12,64.6667,0.368,-2.596,-3.224912,MID,64.7,64.0,
10699,735,B.Williams,WBD,12,73,12,79.3333,0.368,-1.41,-1.8648479999999998,MID,77.3,64.0,
1258,174,N.Cox,ESS,11,74,12,53.2727,0.263,-3.517,-3.8846739999999995,DEF,53.3,65.0,
1366,18,M.Keane,ADE,11,74,12,79.0,0.263,-1.437,-1.581124,DEF,76.9,65.0,
3783,323,J.Henry,GEE,12,74,12,57.25,0.263,-3.195,-3.1789569999999996,DEF,57.2,65.0,
8704,623,B.Hill,STK,12,63,12,79.6667,0.263,-1.383,-1.341183,FWD,77.4,65.0,
6036,468,T.Sparrow,MEL,12,62,12,69.1667,0.263,-2.232,-2.1528370000000003,FWD,69.2,66.0,
1167,17,C.Jones,ADE,12,72,12,63.3333,0.368,-2.704,-3.3288640000000003,MID,63.3,66.5,
2430,243,J.Sharp,FRE,12,72,12,76.3333,0.368,-1.652,-2.280544,MID,75.7,66.5,
3028,278,J.Jeffrey,GCS,4,73,12,61.75,0.263,-2.832,-2.9464049999999995,DEF,61.8,68.5,
3134,283,J.Lukosius,GCS,12,73,12,72.5833,0.263,-1.956,-2.2516119999999997,DEF,72.6,68.5,
5966,462,T.Rivers,MEL,12,73,12,78.0,0.263,-1.518,-1.4217419999999998,DEF,76.6,68.5,36.0
7579,550,E.Ratugolea,PTA,12,73,12,64.0,0.263,-2.65,-3.0047870000000003,DEF,64.0,68.5,
356,122,M.Owies,CAR,12,61,12,54.3333,0.263,-3.431,-3.313439,FWD,54.3,69.0,
946,155,B.McCreery,COL,10,61,12,51.6,0.263,-3.652,-3.4663220000000003,FWD,51.6,69.0,
5140,410,C.Mackenzie,HAW,12,61,12,63.75,0.263,-2.67,-2.569271,FWD,63.8,69.0,21.0
10677,734,R.West,WBD,11,61,12,67.6364,0.263,-2.356,-2.2310749999999997,FWD,67.6,69.0,
11436,781,L.Sullivan,COL,5,61,12,70.0,0.263,-2.164,-2.401489,FWD,70.0,69.0,
170,108,O.Hollands,CAR,11,71,12,54.3636,0.368,-3.429,-3.707576,MID,54.4,69.5,
7138,523,T.Boak,PTA,10,71,12,81.1,0.368,-1.267,-1.712648,MID,77.7,69.5,
10209,708,H.Gallagher,WBD,12,71,12,47.5,0.368,-3.984,-4.650448,MID,47.5,69.5,
11226,770,H.Reid,WCE,11,71,12,85.5455,0.368,-0.907,-1.411896,MID,80.0,69.5,42.0
1166,17,C.Jones,ADE,12,72,12,63.3333,0.263,-2.704,-3.0117100000000003,DEF,63.3,71.5,
6104,470,A.Tomlinson,MEL,3,72,12,89.3333,0.263,-0.601,-1.037843,DEF,76.9,71.5,
7909,569,S.Campbell,RIC,11,60,12,51.8182,0.263,-3.635,-3.544265,FWD,51.8,72.5,
8082,585,D.*** Martin,RIC,10,60,12,69.1,0.263,-2.237,-2.185189,FWD,69.1,72.5,22.0
2708,26,L.Nankervis,ADE,9,70,12,66.8889,0.368,-2.416,-2.724384,MID,66.9,73.0,
7955,574,T.Dow,RIC,12,70,12,63.75,0.368,-2.67,-3.3110559999999998,MID,63.8,73.0,
8241,593,H.Ralphsmith,RIC,7,70,12,61.0,0.368,-2.892,-3.709696,MID,61.0,73.0,
10923,750,H.Edwards,WCE,2,71,12,77.0,0.263,-1.598,-2.302314,DEF,75.2,73.0,
2359,24,L.Murphy,ADE,6,59,12,52.5,0.263,-3.58,-3.360658,FWD,52.5,74.0,
11472,786,M.Lefau,RIC,10,58,12,54.3,0.263,-3.434,-3.2951360000000003,FWD,54.3,75.0,
600,137,J.Daicos,COL,12,69,12,87.25,0.368,-0.77,-0.9867520000000001,MID,81.4,75.5,43.5
2634,256,B.Ainsworth,GCS,12,69,12,69.25,0.368,-2.225,-2.791352,MID,69.2,75.5,43.5
2707,26,L.Nankervis,ADE,9,70,12,66.8889,0.263,-2.416,-2.491744,DEF,66.9,75.5,
7890,568,T.Brown,RIC,10,70,12,61.4,0.263,-2.86,-3.227937,DEF,61.4,75.5,
8240,593,H.Ralphsmith,RIC,7,70,12,61.0,0.263,-2.892,-3.341204,DEF,61.0,75.5,
11001,757,B.Hough,WCE,12,70,12,58.25,0.263,-3.115,-3.2378210000000003,DEF,58.2,75.5,
8090,586,K.McAuliffe,RIC,5,68,12,55.8,0.368,-3.313,-4.25508,MID,55.8,77.0,
77,104,O.Fantasia,CAR,10,57,12,37.1,0.263,-4.825,-4.67772,FWD,37.1,77.5,
310,12,D.Fogarty,ADE,12,57,12,69.5833,0.263,-2.198,-2.055454,FWD,69.6,77.5,
1570,19,B.Keays,ADE,12,57,12,66.25,0.263,-2.468,-1.918067,FWD,66.2,77.5,23.0
10593,731,J.Ugle-Hagan,WBD,10,57,12,58.0,0.263,-3.135,-2.784947,FWD,58.0,77.5,
5253,417,C.Nash,HAW,12,67,12,73.8333,0.368,-1.855,-2.165592,MID,73.8,78.0,45.0
2145,224,J.Draper,FRE,11,69,12,41.7273,0.263,-4.451,-4.5756619999999995,DEF,41.7,79.0,
3658,313,S.De Koning,GEE,11,69,12,61.9091,0.263,-2.819,-2.893955,DEF,61.9,79.0,
5767,453,T.McDonald,MEL,11,69,12,76.6364,0.263,-1.628,-1.6782329999999999,DEF,75.8,79.0,
108,106,G.Hewett,CAR,12,66,12,87.4167,0.368,-0.756,-0.88112,MID,81.5,80.5,46.0
1540,189,J.Kelly,ESS,11,66,12,69.9091,0.368,-2.172,-2.872304,MID,69.9,80.5,
10169,707,J.Freijah,WBD,4,66,12,67.25,0.368,-2.387,-2.7903279999999997,MID,67.2,80.5,
10960,753,A.Gaff,WCE,2,66,12,39.5,0.368,-4.631,-4.815368,MID,39.5,80.5,
1892,206,J.Stringer,ESS,12,56,12,62.5833,0.263,-2.764,-2.5817409999999996,FWD,62.6,81.0,
4828,395,M.Chol,HAW,10,56,12,63.5,0.263,-2.69,-2.519839,FWD,63.5,81.0,
7415,539,L.Jones,PTA,10,68,12,57.9,0.263,-3.143,-3.509359,DEF,57.9,81.0,
10838,747,J.Darling,WCE,12,56,12,59.9167,0.263,-2.98,-2.9289780000000003,FWD,59.9,81.0,
1539,189,J.Kelly,ESS,11,66,12,69.9091,0.263,-2.172,-2.532047,DEF,69.9,83.0,
2535,251,B.Walker,FRE,11,66,12,58.6364,0.263,-3.083,-3.25395,DEF,58.6,83.0,
8705,623,B.Hill,STK,12,63,12,79.6667,0.368,-1.383,-2.030312,MID,77.4,83.0,
8731,625,D.Howard,STK,6,66,12,55.8333,0.263,-3.31,-3.469904,DEF,55.8,83.0,
8762,628,M.King,STK,9,55,12,58.6667,0.263,-3.081,-2.998944,FWD,58.7,83.5,
10085,703,C.Daniel,WBD,8,55,12,51.875,0.263,-3.63,-3.548207,FWD,51.9,83.5,24.0
6037,468,T.Sparrow,MEL,12,62,12,69.1667,0.368,-2.232,-2.847664,MID,69.2,84.0,
11695,90,J.Boyd,CAR,12,65,12,70.8333,0.263,-2.097,-2.53884,DEF,70.8,85.0,
5141,410,C.Mackenzie,HAW,12,61,12,63.75,0.368,-2.67,-3.26616,MID,63.8,85.5,47.0
11437,781,L.Sullivan,COL,5,61,12,70.0,0.368,-2.164,-3.256224,MID,70.0,85.5,
6579,5,J.Butts,ADE,9,63,12,59.8889,0.263,-2.982,-3.377815,DEF,59.9,86.5,
11377,778,A.Witherden,WCE,9,63,12,65.2222,0.263,-2.551,-2.642787,DEF,65.2,86.5,37.0
2447,246,S.Sturt,FRE,2,54,12,43.5,0.263,-4.307,-3.970886,FWD,43.5,87.0,
7247,527,D.Byrne-Jones,PTA,12,54,12,68.5833,0.263,-2.279,-2.2093049999999996,FWD,68.6,87.0,
7302,532,F.Evans,PTA,5,54,12,32.4,0.263,-5.205,-4.874409,FWD,32.4,87.0,
8487,607,R.Bonner,STK,12,58,12,84.4167,0.368,-0.999,-1.6665520000000003,MID,79.9,87.0,48.0
9076,646,D.Wilson,STK,12,54,12,71.0,0.263,-2.084,-2.026666,FWD,71.0,87.0,
10231,709,R.Garcia,WBD,7,54,12,69.1429,0.263,-2.234,-2.060946,FWD,69.1,87.0,
8105,587,K.McIntosh,RIC,11,57,12,41.6364,0.368,-4.458,-4.955536,MID,41.6,88.0,
2100,22,M.Michalanney,ADE,12,61,12,64.3333,0.263,-2.623,-2.782378,DEF,64.3,89.5,
4320,36,B.Smith,ADE,11,61,12,64.8182,0.263,-2.583,-2.8154920000000003,DEF,64.8,89.5,
5802,454,J.McVee,MEL,12,61,12,70.8333,0.263,-2.097,-2.2624269999999997,DEF,70.8,89.5,
10084,703,C.Daniel,WBD,8,55,12,51.875,0.368,-3.63,-4.282832,MID,51.9,89.5,49.5
10300,715,A.Keath,WBD,4,61,12,54.5,0.263,-3.418,-3.635238,DEF,54.5,89.5,
11673,9,J.Dawson,ADE,12,55,12,105.0,0.368,0.666,0.392944,MID,90.7,89.5,49.5
1507,188,H.Jones,ESS,10,53,12,54.3,0.263,-3.434,-3.2304380000000004,FWD,54.3,90.0,
9077,646,D.Wilson,STK,12,54,12,71.0,0.368,-2.084,-2.7283679999999997,MID,71.0,91.0,
2016,214,B.Banfield,FRE,12,50,12,70.5833,0.263,-2.117,-2.120682,FWD,70.6,91.5,
11105,761,J.Jones,WCE,5,50,12,46.6,0.263,-4.057,-3.93602,FWD,46.6,91.5,
3995,335,M.O'Connor,GEE,10,49,12,60.8,0.368,-2.908,-3.5784960000000003,MID,60.8,92.0,
10129,705,T.Duryea,WBD,10,60,12,64.6,0.263,-2.601,-2.923964,DEF,64.6,92.5,
10288,714,L.Jones,WBD,12,60,12,71.4167,0.263,-2.05,-2.2412009999999998,DEF,71.4,92.5,
2798,265,S.Clohesy,GCS,9,47,12,76.3333,0.368,-1.652,-2.2901119999999997,MID,75.5,93.0,
3966,334,S.Neale,GEE,4,49,12,54.75,0.263,-3.398,-3.171031,FWD,54.8,93.0,
2955,275,W.Graham,GCS,6,45,12,68.3333,0.368,-2.299,-2.935272,MID,68.3,94.5,
8362,6,B.Cook,ADE,9,45,12,56.8889,0.368,-3.225,-4.051896,MID,56.9,94.5,
8382,600,T.Sonsie,RIC,8,48,12,45.875,0.263,-4.115,-4.163392,FWD,45.9,94.5,
8422,603,N.Vlastuin,RIC,12,58,12,94.0,0.263,-0.224,-0.32025800000000004,DEF,84.9,94.5,38.5
8488,607,R.Bonner,STK,12,58,12,84.4167,0.263,-0.999,-1.3293279999999998,DEF,79.9,94.5,38.5
8844,633,M.Owens,STK,12,48,12,66.4167,0.263,-2.454,-2.335913,FWD,66.4,94.5,25.0
5943,461,K.Pickett,MEL,10,47,12,68.5,0.263,-2.286,-1.974608,FWD,68.5,96.0,26.0
1615,191,J.Laverde,ESS,11,56,12,64.1818,0.263,-2.635,-2.75335,DEF,64.2,96.5,
2742,260,C.Ballard,GCS,12,56,12,64.6667,0.263,-2.596,-2.820602,DEF,64.7,96.5,
1966,212,J.Aish,FRE,12,44,12,78.75,0.368,-1.457,-2.4638479999999996,MID,77.0,97.0,
2898,272,B.Fiorini,GCS,10,44,12,74.2,0.368,-1.825,-2.272488,MID,74.2,97.0,
8361,6,B.Cook,ADE,9,45,12,56.8889,0.263,-3.225,-3.2662910000000003,FWD,56.9,97.0,
8883,636,S.Ross,STK,11,44,12,74.6364,0.368,-1.79,-2.386528,MID,74.6,97.0,
262,114,M.McGovern,CAR,9,55,12,80.6667,0.263,-1.302,-1.5226570000000001,DEF,77.2,98.0,
894,152,F.Macrae,COL,6,43,12,42.8333,0.263,-4.361,-4.231867,FWD,42.8,99.0,
895,152,F.Macrae,COL,6,43,12,42.8333,0.368,-4.361,-4.963416,MID,42.8,99.0,
5746,452,S.McAdam,MEL,3,43,12,42.0,0.263,-4.429,-4.33432,FWD,42.0,99.0,
7940,573,N.Cumberland,RIC,4,43,12,37.25,0.263,-4.813,-4.8553429999999995,FWD,37.2,99.0,
10462,722,J.O'Donnell,WBD,7,54,12,49.5714,0.263,-3.816,-4.0519110000000005,DEF,49.6,99.0,
11449,783,J.Bytel,COL,2,41,12,33.5,0.368,-5.116,-5.670208,MID,33.5,100.0,
1081,164,I.Quaynor,COL,12,53,12,58.4167,0.263,-3.101,-3.3379630000000002,DEF,58.4,100.5,40.0
7696,561,B.Zerk-Thatcher,PTA,12,53,12,55.3333,0.263,-3.35,-3.369199,DEF,55.3,100.5,
225,110,M.Kennedy,CAR,12,37,12,73.3333,0.368,-1.895,-2.17284,MID,73.3,101.0,
3907,33,H.Schoenberg,ADE,2,36,12,53.0,0.368,-3.539,-4.34492,MID,53.0,102.0,
724,144,H.Harrison,COL,6,42,12,52.6667,0.263,-3.566,-3.58441,FWD,52.7,102.5,
1402,181,J.Gresham,ESS,12,42,12,63.0,0.263,-2.731,-2.657886,FWD,63.0,102.5,27.0
4926,399,S.Frost,HAW,12,51,12,56.6667,0.263,-3.243,-3.710351,DEF,56.7,102.5,
5553,439,K.Chandler,MEL,12,42,12,64.8333,0.263,-2.582,-2.445503,FWD,64.8,102.5,
5598,441,B.Fritsch,MEL,12,42,12,56.1667,0.263,-3.283,-3.176222,FWD,56.2,102.5,
11749,94,A.Cincotta,CAR,5,51,12,46.2,0.263,-4.089,-4.328593,DEF,46.2,102.5,
6,1,S.Berry,ADE,7,34,12,47.0,0.368,-4.024,-4.018112,MID,47.0,103.5,
6206,475,C.Windsor,MEL,12,34,12,56.5833,0.368,-3.249,-3.67772,MID,56.6,103.5,
1039,162,J.Noble,COL,10,50,12,80.4,0.263,-1.324,-1.489953,DEF,77.3,104.5,
11106,761,J.Jones,WCE,5,50,12,46.6,0.263,-4.057,-4.357872,DEF,46.6,104.5,
3377,30,J.Rachele,ADE,12,41,12,60.25,0.263,-2.953,-2.703939,FWD,60.2,105.0,28.0
4109,343,Z.Tuohy,GEE,9,33,12,68.2222,0.368,-2.308,-2.8460159999999997,MID,68.2,105.0,
3009,277,B.Humphrey,GCS,10,40,12,60.9,0.263,-2.9,-3.003885,FWD,60.9,106.0,29.0
3994,335,M.O'Connor,GEE,10,49,12,60.8,0.263,-2.908,-3.250163,DEF,60.8,106.0,
8212,591,M.Pickett,RIC,12,30,12,56.0,0.368,-3.297,-3.8821199999999996,MID,56.0,106.0,
2799,265,S.Clohesy,GCS,9,47,12,76.3333,0.263,-1.652,-1.964181,DEF,75.5,107.0,
8061,584,R.Mansell,RIC,10,39,12,58.3,0.263,-3.111,-2.9213770000000006,FWD,58.3,107.0,
9997,696,L.Bramble,WBD,12,29,12,67.0,0.368,-2.407,-2.653192,MID,67.0,107.0,
4904,398,C.Dear,HAW,5,38,12,46.2,0.263,-4.089,-3.8549300000000004,FWD,46.2,108.0,
7323,533,K.Farrell,PTA,12,46,12,79.25,0.263,-1.417,-1.438303,DEF,77.2,108.0,41.0
10768,743,C.Chesser,WCE,12,23,12,46.8333,0.368,-4.038,-4.748976,MID,46.8,108.0,
11283,774,Z.Trew,WCE,1,22,12,22.0,0.368,-6.046,-5.850224,MID,22.0,109.0,
224,110,M.Kennedy,CAR,12,37,12,73.3333,0.263,-1.895,-1.5985989999999999,FWD,73.3,109.5,
426,127,J.Weitering,CAR,10,45,12,72.1,0.263,-1.995,-2.0173550000000002,DEF,72.1,109.5,
2956,275,W.Graham,GCS,6,45,12,68.3333,0.263,-2.299,-2.613022,DEF,68.3,109.5,
3941,331,G.Miers,GEE,12,37,12,87.1667,0.263,-0.776,-0.649497,FWD,81.3,109.5,30.0
5654,446,L.Hunter,MEL,2,16,12,39.0,0.368,-4.671,-5.351432,MID,39.0,110.0,
1965,212,J.Aish,FRE,12,44,12,78.75,0.263,-1.457,-2.036652,DEF,77.0,111.0,
3301,296,D.Swallow,GCS,11,13,12,37.4545,0.368,-4.796,-5.26704,MID,37.5,111.0,
3350,299,J.Walter,GCS,9,36,12,36.4444,0.263,-4.878,-4.8303970000000005,FWD,36.4,111.5,
7482,545,J.McEntee,PTA,10,36,12,34.6,0.263,-5.027,-4.893659,FWD,34.6,111.5,
7869,567,N.Broad,RIC,11,43,12,63.8182,0.263,-2.664,-2.780246,DEF,63.8,112.0,
11722,91,J.Carroll,CAR,10,6,12,39.6,0.368,-4.623,-5.221,MID,39.6,112.0,
6207,475,C.Windsor,MEL,12,34,12,56.5833,0.263,-3.249,-3.026239,FWD,56.6,113.0,
7210,525,R.Burton,PTA,11,41,12,72.6364,0.263,-1.951,-2.123791,DEF,72.6,113.0,42.0
10266,711,J.Harmes,WBD,8,4,12,70.625,0.368,-2.114,-2.547504,MID,70.6,113.0,51.0
1914,207,E.Tsatas,ESS,6,3,12,44.6667,0.368,-4.213,-5.045783999999999,MID,44.7,114.0,
11155,765,R.Maric,WCE,10,32,12,38.7,0.263,-4.695,-4.542197,FWD,38.7,114.0,
1706,195,B.McKay,ESS,12,40,12,68.25,0.263,-2.306,-2.499831,DEF,68.2,115.0,
5064,406,C.Jiath,HAW,3,40,12,41.0,0.263,-4.509,-4.3998550000000005,DEF,41.0,115.0,
5451,430,J.Weddle,HAW,12,40,12,65.75,0.263,-2.508,-2.5001100000000003,DEF,65.8,115.0,
2989,276,N.Holman,GCS,11,30,12,45.8182,0.263,-4.12,-3.813079,FWD,45.8,116.0,
4015,338,G.Rohan,GEE,4,30,12,34.75,0.263,-5.015,-4.932155,FWD,34.8,116.0,
8211,591,M.Pickett,RIC,12,30,12,56.0,0.263,-3.297,-3.1768090000000004,FWD,56.0,116.0,
11794,96,L.Cowan,CAR,6,38,12,54.3333,0.263,-3.431,-3.511741,DEF,54.3,117.0,
3958,332,O.Mullin,GEE,6,37,12,41.8333,0.263,-4.442,-4.8496500000000005,DEF,41.8,118.0,
7466,543,T.Marshall,PTA,12,29,12,63.25,0.263,-2.71,-2.752606,FWD,63.2,118.0,
816,149,A.Johnson,COL,3,27,12,17.6667,0.263,-6.396,-6.389162000000001,FWD,17.7,119.0,
9020,644,J.Webster,STK,5,36,12,62.4,0.263,-2.779,-3.012807,DEF,62.4,119.0,
5206,414,S.Mitchell,HAW,8,35,12,39.625,0.263,-4.621,-5.033647,DEF,39.6,120.0,
7341,534,J.Finlayson,PTA,8,25,12,55.875,0.263,-3.307,-3.140784,FWD,55.9,120.0,31.0
908,153,O.Markov,COL,7,33,12,42.0,0.263,-4.429,-4.632036,DEF,42.0,121.0,
5912,460,H.Petty,MEL,10,22,12,40.4,0.263,-4.558,-4.185855,FWD,40.4,121.0,
710,143,B.Frampton,COL,10,30,12,59.5,0.263,-3.014,-3.473724,DEF,59.5,122.0,
8507,608,D.Butler,STK,5,20,12,22.0,0.263,-6.046,-5.571285,FWD,22.0,122.5,
11193,767,J.Petruccelle,WCE,10,20,12,51.7,0.263,-3.644,-3.54143,FWD,51.7,122.5,
9998,696,L.Bramble,WBD,12,29,12,67.0,0.263,-2.407,-2.4375080000000002,DEF,67.0,123.0,
5913,460,H.Petty,MEL,10,22,12,40.4,0.263,-4.558,-4.595872,DEF,40.4,124.0,
1593,190,K.Langford,ESS,12,19,12,79.25,0.263,-1.417,-1.210545,FWD,77.2,124.5,32.0
6240,476,T.Woewodin,MEL,10,19,12,28.7,0.263,-5.504,-5.46718,FWD,28.7,124.5,
2514,250,C.Wagner,FRE,2,20,12,29.5,0.263,-5.439,-4.929569000000001,DEF,29.5,125.0,
3806,324,O.Henry,GEE,12,18,12,54.1667,0.263,-3.445,-3.3605769999999997,FWD,54.2,126.0,
6241,476,T.Woewodin,MEL,10,19,12,28.7,0.263,-5.504,-5.935846,DEF,28.7,126.0,
4806,393,L.Breust,HAW,7,17,12,32.5714,0.263,-5.191,-4.923792,FWD,32.6,127.0,
10627,732,L.Vandermeer,WBD,12,15,12,52.9167,0.263,-3.546,-3.949179,DEF,52.9,127.0,
2765,261,T.Berry,GCS,12,16,12,56.3333,0.263,-3.27,-3.252116,FWD,56.3,128.0,
6116,471,D.Turner,MEL,4,9,12,39.0,0.263,-4.671,-4.905333000000001,DEF,39.0,128.5,
11476,788,W.Parker,COL,2,9,12,19.5,0.263,-6.248,-6.109399,DEF,19.5,128.5,
10628,732,L.Vandermeer,WBD,12,15,12,52.9167,0.263,-3.546,-3.53022,FWD,52.9,129.0,
5110,41,T.Walker,ADE,11,14,12,68.7273,0.263,-2.267,-2.18284,FWD,68.7,130.0,33.0
8341,599,K.Smith,RIC,1,5,12,5.0,0.263,-7.421,-7.439147,DEF,5.0,130.0,
3302,296,D.Swallow,GCS,11,13,12,37.4545,0.263,-4.796,-4.571398,FWD,37.5,131.0,
7268,530,C.Dixon,PTA,10,11,12,69.9,0.263,-2.173,-1.838727,FWD,69.9,132.5,34.0
11351,777,J.Williams,WCE,10,11,12,50.6,0.263,-3.733,-3.5354870000000003,FWD,50.6,132.5,
6117,471,D.Turner,MEL,4,9,12,39.0,0.263,-4.671,-4.474539,FWD,39.0,134.0,
11721,91,J.Carroll,CAR,10,6,12,39.6,0.263,-4.623,-4.485714,FWD,39.6,135.0,
10265,711,J.Harmes,WBD,8,4,12,70.625,0.263,-2.114,-1.916487,FWD,70.6,136.0,35.0
1915,207,E.Tsatas,ESS,6,3,12,44.6667,0.263,-4.213,-4.239037,FWD,44.7,137.0,
2924,273,S.Flanders,GCS,12,152,13,120.333,0.263,1.906,2.2505300000000004,FWD,98.7,1.0,1.0
3331,298,B.Uwland,GCS,11,157,13,71.9091,0.263,-2.01,-2.1391329999999997,DEF,71.9,1.0,
9393,662,B.Grundy,SYD,12,153,13,113.167,0.105,1.326,1.2136500000000001,RUC,94.9,1.0,1.0
9416,663,E.Gulden,SYD,12,157,13,108.917,0.368,0.982,0.8130879999999999,MID,92.7,1.0,1.0
48,100,T.De Koning,CAR,13,146,13,96.1538,0.105,-0.05,-0.07362500000000001,RUC,87.0,2.0,2.0
2923,273,S.Flanders,GCS,12,152,13,120.333,0.368,1.906,1.8117919999999998,MID,98.7,2.0,2.0
8012,58,E.Hipwood,BRL,11,140,13,65.0909,0.263,-2.561,-2.40057,FWD,65.1,2.0,
8930,639,J.Sinclair,STK,12,147,13,103.417,0.263,0.538,0.750241,DEF,89.8,2.0,1.0
6541,498,N.Larkey,NTH,12,131,13,58.75,0.263,-3.074,-2.864389,FWD,58.8,3.0,
6812,509,H.Sheezel,NTH,12,129,13,116.333,0.263,1.582,1.7398,DEF,96.6,3.0,2.0
8179,590,T.Nankervis,RIC,12,144,13,108.083,0.105,0.915,0.8856,RUC,92.3,3.0,3.0
8931,639,J.Sinclair,STK,12,147,13,103.417,0.368,0.538,0.603872,MID,89.8,3.0,3.0
4890,397,W.Day,HAW,7,137,13,102.429,0.368,0.458,-0.14956800000000003,MID,83.3,4.0,4.0
5622,443,M.Gawn,MEL,13,132,13,130.077,0.105,2.693,2.62937,RUC,106.1,4.0,4.0
6854,511,J.Simpkin,NTH,8,129,13,66.75,0.263,-2.427,-1.922303,FWD,66.8,4.0,2.0
11407,779,E.Yeo,WCE,11,127,13,107.909,0.263,0.901,0.877856,DEF,90.7,4.0,3.0
2834,266,S.Collins,GCS,13,126,13,81.5385,0.263,-1.231,-1.398268,DEF,78.7,5.0,
3029,278,J.Jeffrey,GCS,5,121,13,73.6,0.263,-1.873,-1.864058,FWD,73.6,5.0,
10414,72,L.Neale,BRL,11,134,13,118.909,0.368,1.79,1.769024,MID,96.0,5.0,5.0
6995,518,T.Xerri,NTH,12,131,13,109.917,0.105,1.063,1.1236899999999999,RUC,93.2,5.5,5.5
9768,68,O.McInerney,BRL,11,131,13,93.8182,0.105,-0.238,-0.302575,RUC,84.0,5.5,5.5
6477,488,Z.Fisher,NTH,12,120,13,87.9167,0.263,-0.716,-0.528481,FWD,81.7,6.0,3.0
6855,511,J.Simpkin,NTH,8,129,13,66.75,0.368,-2.427,-2.405656,MID,66.8,6.0,6.0
11378,778,A.Witherden,WCE,10,124,13,71.1,0.263,-2.076,-2.292712,DEF,71.1,6.0,4.0
3030,278,J.Jeffrey,GCS,5,121,13,73.6,0.263,-1.873,-2.239622,DEF,73.6,7.0,
4180,350,K.Briggs,GWS,12,124,13,89.5833,0.105,-0.581,-0.611555,RUC,82.6,7.0,7.0
11408,779,E.Yeo,WCE,11,127,13,107.909,0.368,0.901,0.64156,MID,90.7,7.0,7.0
1744,197,Z.Merrett,ESS,13,125,13,117.462,0.368,1.673,1.522488,MID,99.0,8.0,8.0
6476,488,Z.Fisher,NTH,12,120,13,87.9167,0.263,-0.716,-0.855653,DEF,81.7,8.0,5.0
8778,629,R.Marshall,STK,13,117,13,108.308,0.105,0.933,0.92103,RUC,93.8,8.0,8.0
9474,666,I.Heeney,SYD,12,116,13,124.75,0.263,2.263,2.4568309999999998,FWD,101.0,8.0,4.0
9795,681,T.Papley,SYD,12,116,13,78.1667,0.263,-1.504,-1.233636,FWD,76.7,8.0,
10810,745,J.Cripps,WCE,13,116,13,78.3846,0.263,-1.486,-1.3642309999999997,FWD,76.9,8.0,
1388,180,T.Goldstein,ESS,12,108,13,71.0833,0.105,-2.077,-2.23366,RUC,71.1,9.0,9.0
10700,735,B.Williams,WBD,13,119,13,82.3846,0.368,-1.163,-1.7087439999999998,MID,79.2,9.0,
803,147,J.Howe,COL,10,117,13,76.7,0.263,-1.623,-1.632205,DEF,75.7,9.5,
2709,26,L.Nankervis,ADE,10,117,13,71.9,0.263,-2.011,-2.1932590000000003,DEF,71.9,9.5,
109,106,G.Hewett,CAR,13,118,13,89.7692,0.368,-0.566,-0.7610399999999999,MID,83.3,10.0,9.0
138,107,E.Hollands,CAR,11,115,13,70.6364,0.263,-2.113,-1.803186,FWD,70.6,10.0,
500,133,D.Cameron,COL,13,98,13,98.4615,0.105,0.137,0.13322,RUC,88.3,10.0,10.0
10153,706,T.English,WBD,13,88,13,110.462,0.105,1.107,1.03287,RUC,95.0,11.0,11.0
11300,775,J.Waterman,WCE,11,112,13,96.4545,0.263,-0.025,-0.066554,FWD,85.3,11.0,
2710,26,L.Nankervis,ADE,10,117,13,71.9,0.368,-2.011,-2.468424,MID,71.9,11.5,
11674,9,J.Dawson,ADE,13,117,13,105.923,0.368,0.74,0.439712,MID,92.5,11.5,10.0
926,154,B.Maynard,COL,13,115,13,91.2308,0.263,-0.448,-0.849601,DEF,84.2,12.0,6.0
3177,287,N.Moyle,GCS,4,84,13,88.75,0.105,-0.648,-0.781875,RUC,77.4,12.0,
5452,430,J.Weddle,HAW,13,115,13,69.5385,0.263,-2.202,-2.274588,DEF,69.5,12.0,
10289,714,L.Jones,WBD,13,115,13,74.7692,0.263,-1.779,-2.041474,DEF,74.8,12.0,
4570,378,J.Peatling,GWS,8,111,13,63.625,0.263,-2.68,-2.46171,FWD,63.6,12.5,
10898,75,C.Rayner,BRL,12,111,13,74.6667,0.263,-1.787,-1.481131,FWD,74.7,12.5,5.0
8138,588,B.Miller,RIC,11,81,13,76.1818,0.105,-1.665,-1.83405,RUC,75.6,13.0,
9473,666,I.Heeney,SYD,12,116,13,124.75,0.368,2.263,1.9516719999999999,MID,101.0,13.0,11.0
139,107,E.Hollands,CAR,11,115,13,70.6364,0.368,-2.113,-2.377224,MID,70.6,14.0,
827,150,N.Kreuger,COL,1,76,13,76.0,0.105,-1.679,-2.0437700000000003,RUC,75.0,14.0,
862,151,P.Lipinski,COL,13,110,13,82.4615,0.263,-1.157,-1.08599,FWD,79.2,14.0,6.0
1857,202,J.Ridley,ESS,3,112,13,128.333,0.263,2.552,2.033364,DEF,82.0,14.0,7.0
4540,377,X.O'Halloran,GWS,10,108,13,58.2,0.263,-3.119,-3.114529,FWD,58.2,15.0,
4608,38,K.Strachan,ADE,1,66,13,66.0,0.105,-2.488,-2.612425,RUC,66.0,15.0,
5967,462,T.Rivers,MEL,13,111,13,80.5385,0.263,-1.312,-1.26992,DEF,78.1,15.5,8.5
5996,463,C.Salem,MEL,10,111,13,80.2,0.263,-1.34,-1.452301,DEF,77.3,15.5,8.5
6393,483,L.Davies-Uniacke,NTH,12,114,13,105.25,0.368,0.686,0.668336,MID,90.8,15.5,12.5
6976,517,G.Wardlaw,NTH,11,114,13,83.9091,0.368,-1.04,-1.306064,MID,79.3,15.5,12.5
4031,339,R.Stanley,GEE,8,62,13,59.375,0.105,-3.024,-3.07755,RUC,59.4,16.0,
9674,676,J.McInerney,SYD,12,107,13,82.5,0.263,-1.154,-0.9173,FWD,78.9,16.0,
5475,432,J.Worpel,HAW,13,112,13,88.8462,0.368,-0.641,-0.990232,MID,82.8,17.0,14.0
8671,622,J.Higgins,STK,10,106,13,78.5,0.263,-1.477,-1.442547,FWD,76.5,17.0,
10956,752,M.Flynn,WCE,2,60,13,70.5,0.105,-2.124,-2.377155,RUC,70.5,17.0,
3433,302,T.Atkins,GEE,12,108,13,85.75,0.263,-0.891,-1.118758,DEF,80.6,17.5,10.5
4733,389,L.Whitfield,GWS,12,108,13,99.9167,0.263,0.255,0.571389,DEF,88.0,17.5,10.5
4299,357,B.Daniels,GWS,11,105,13,80.1818,0.263,-1.341,-0.86497,FWD,77.5,18.0,7.0
8309,597,S.Ryan,RIC,4,52,13,44.25,0.105,-4.247,-4.46099,RUC,44.2,18.0,
4397,367,H.Himmelberg,GWS,12,105,13,90.9167,0.263,-0.473,-0.505349,DEF,83.3,19.0,12.0
7727,562,L.Baker,RIC,10,103,13,86.0,0.263,-0.871,-0.7089920000000001,FWD,79.8,19.0,8.0
9707,677,H.McLean,SYD,12,46,13,68.0833,0.105,-2.319,-2.467365,RUC,68.1,19.0,12.0
1871,204,W.Setterfield,ESS,4,111,13,107.25,0.368,0.848,0.700064,MID,80.6,19.5,16.0
4569,378,J.Peatling,GWS,8,111,13,63.625,0.368,-2.68,-3.098784,MID,63.6,19.5,
5997,463,C.Salem,MEL,10,111,13,80.2,0.368,-1.34,-1.7061600000000001,MID,77.3,19.5,16.0
10899,75,C.Rayner,BRL,12,111,13,74.6667,0.368,-1.787,-2.047544,MID,74.7,19.5,16.0
567,136,J.Crisp,COL,13,104,13,90.6154,0.263,-0.497,-0.6348119999999999,DEF,83.8,20.0,13.0
3563,307,J.Cameron,GEE,12,96,13,86.4167,0.263,-0.837,-0.5803119999999999,FWD,81.0,20.0,9.0
5307,421,N.Reeves,HAW,4,35,13,56.75,0.105,-3.236,-3.4162850000000002,RUC,56.8,20.0,
11322,776,B.Williams,WCE,13,32,13,68.9231,0.105,-2.252,-2.4055099999999996,RUC,68.9,21.0,
1419,182,M.Guelfi,ESS,7,95,13,79.0,0.263,-1.437,-1.398602,FWD,76.2,21.5,
7726,562,L.Baker,RIC,10,103,13,86.0,0.263,-0.871,-1.043002,DEF,79.8,21.5,14.5
8330,598,J.Short,RIC,12,103,13,75.75,0.263,-1.7,-1.66055,DEF,75.4,21.5,14.5
11613,86,D.Zorko,BRL,12,95,13,108.917,0.263,0.982,1.3554599999999999,FWD,92.7,21.5,10.0
863,151,P.Lipinski,COL,13,110,13,82.4615,0.368,-1.157,-1.7538960000000001,MID,79.2,22.0,18.0
3475,304,M.Blicavs,GEE,12,27,13,62.6667,0.105,-2.757,-2.86221,RUC,62.7,22.0,13.0
388,124,A.Saad,CAR,8,100,13,80.625,0.263,-1.305,-1.238198,DEF,77.0,23.0,16.0
3432,302,T.Atkins,GEE,12,108,13,85.75,0.368,-0.891,-1.4187120000000002,MID,80.6,23.5,19.0
4539,377,X.O'Halloran,GWS,10,108,13,58.2,0.368,-3.119,-3.8734,MID,58.2,23.5,
1215,173,J.Caldwell,ESS,13,94,13,89.3846,0.263,-0.597,-0.21801699999999996,FWD,83.1,24.0,12.0
5089,409,C.Macdonald,HAW,13,94,13,70.0769,0.263,-2.158,-1.8563389999999997,FWD,70.1,24.0,12.0
5944,461,K.Pickett,MEL,11,94,13,70.8182,0.263,-2.098,-1.836052,FWD,70.8,24.0,12.0
1040,162,J.Noble,COL,11,99,13,82.0909,0.263,-1.187,-1.3889840000000002,DEF,78.4,24.5,
9237,652,N.Blakey,SYD,12,99,13,100.917,0.263,0.336,0.261045,DEF,88.5,24.5,17.0
9673,676,J.McInerney,SYD,12,107,13,82.5,0.368,-1.154,-1.500288,MID,78.9,25.0,
1724,196,J.Menzie,ESS,7,92,13,42.8571,0.263,-4.359,-4.483662,FWD,42.9,26.5,
2657,257,N.Anderson,GCS,13,105,13,108.846,0.368,0.977,0.760616,MID,94.1,26.5,20.5
5344,425,J.Sicily,HAW,11,98,13,96.0,0.263,-0.062,0.006643000000000003,DEF,85.0,26.5,18.0
6621,502,L.McDonald,NTH,11,98,13,68.9091,0.263,-2.253,-2.498379,DEF,68.9,26.5,
7761,563,N.Balta,RIC,9,92,13,71.8889,0.263,-2.012,-2.051713,FWD,71.9,26.5,
8394,601,T.Taranto,RIC,6,105,13,96.5,0.368,-0.022,-0.32743999999999995,MID,80.6,26.5,20.5
7040,52,J.Daniher,BRL,12,90,13,86.9167,0.263,-0.797,-0.615267,FWD,81.2,28.0,14.0
5736,451,S.May,MEL,12,96,13,88.4167,0.263,-0.675,-0.675789,DEF,82.0,28.5,19.5
9585,671,J.Lloyd,SYD,12,96,13,83.9167,0.263,-1.039,-1.162873,DEF,79.7,28.5,19.5
568,136,J.Crisp,COL,13,104,13,90.6154,0.368,-0.497,-0.9040079999999999,MID,83.8,29.0,23.0
7435,54,J.Dunkley,BRL,12,104,13,111.833,0.368,1.218,1.104288,MID,94.2,29.0,23.0
10342,717,T.Liberatore,WBD,7,104,13,106.429,0.368,0.781,0.5443760000000001,MID,84.6,29.0,23.0
896,152,F.Macrae,COL,7,89,13,49.4286,0.263,-3.828,-3.8390459999999997,FWD,49.4,29.5,
5221,415,D.Moore,HAW,13,89,13,94.3077,0.263,-0.199,0.1692,FWD,85.9,29.5,15.0
10059,702,B.Dale,WBD,13,95,13,98.6154,0.263,0.149,0.137691,DEF,88.3,30.0,21.0
1133,168,S.Sidebottom,COL,12,102,13,65.9167,0.368,-2.495,-2.612024,MID,65.9,31.0,
3895,329,J.Kolodjashnij,GEE,12,94,13,70.5,0.263,-2.124,-2.318883,DEF,70.5,31.0,
3265,295,A.Sexton,GCS,8,87,13,82.0,0.263,-1.194,-1.139559,FWD,77.4,31.5,16.0
4621,381,J.Riccardi,GWS,12,87,13,58.6667,0.263,-3.081,-2.9587049999999997,FWD,58.7,31.5,
4256,354,F.Callaghan,GWS,11,101,13,75.2727,0.368,-1.738,-1.8844640000000001,MID,75.1,32.0,25.0
2101,22,M.Michalanney,ADE,13,93,13,66.5385,0.263,-2.444,-2.650455,DEF,66.5,32.5,
8454,606,J.Battle,STK,13,93,13,80.0769,0.263,-1.35,-1.34211,DEF,77.9,32.5,
4068,340,T.Stengle,GEE,13,85,13,75.3077,0.263,-1.735,-1.5835120000000003,FWD,75.2,33.0,
4045,34,L.Sholl,ADE,10,99,13,85.2,0.368,-0.935,-1.25884,MID,79.4,33.5,
9964,695,M.Bontempelli,WBD,13,99,13,123.308,0.368,2.146,2.239472,MID,102.3,33.5,26.0
460,128,Z.Williams,CAR,12,84,13,72.1667,0.263,-1.989,-1.8895860000000002,FWD,72.2,35.0,17.5
6150,472,J.van Rooyen,MEL,11,84,13,57.4545,0.263,-3.179,-2.929939,FWD,57.5,35.0,
7837,566,S.Bolton,RIC,12,84,13,84.75,0.263,-0.972,-0.910458,FWD,80.1,35.0,17.5
1367,18,M.Keane,ADE,12,92,13,80.0833,0.263,-1.349,-1.5162680000000002,DEF,77.7,35.5,
1651,193,N.Martin,ESS,13,92,13,102.846,0.263,0.492,0.582998,DEF,90.7,35.5,22.0
4863,396,M.D'Ambrosio,HAW,12,92,13,82.8333,0.263,-1.127,-1.085183,DEF,79.1,35.5,
7760,563,N.Balta,RIC,9,92,13,71.8889,0.263,-2.012,-2.435956,DEF,71.9,35.5,
601,137,J.Daicos,COL,13,98,13,88.0769,0.368,-0.703,-0.9444079999999999,MID,82.4,36.0,28.0
8967,640,J.Steele,STK,13,98,13,110.846,0.368,1.138,0.934496,MID,95.3,36.0,28.0
9913,690,C.Warner,SYD,12,98,13,111.917,0.368,1.225,0.8110000000000002,MID,94.3,36.0,28.0
8137,588,B.Miller,RIC,11,81,13,76.1818,0.263,-1.665,-1.531133,FWD,75.6,37.0,
263,114,M.McGovern,CAR,10,90,13,81.6,0.263,-1.226,-1.466645,DEF,77.9,38.5,
5277,418,J.Newcombe,HAW,13,97,13,91.1538,0.368,-0.454,-0.458784,MID,84.1,38.5,30.5
5863,458,C.Oliver,MEL,13,97,13,91.6923,0.368,-0.41,-0.9752479999999999,MID,84.4,38.5,30.5
9006,643,N.Wanganeen-Milera,STK,13,90,13,101.692,0.263,0.398,0.40063000000000004,DEF,90.1,38.5,23.0
9939,692,S.Wicks,SYD,10,80,13,51.4,0.263,-3.669,-3.704242,FWD,51.4,39.5,
10232,709,R.Garcia,WBD,8,80,13,70.5,0.263,-2.124,-1.979876,FWD,70.5,39.5,
10240,71,L.Morris,BRL,5,80,13,57.4,0.263,-3.183,-3.124351,FWD,57.4,39.5,
11845,99,C.Curnow,CAR,13,80,13,89.3846,0.263,-0.597,-0.504687,FWD,83.1,39.5,19.0
2743,260,C.Ballard,GCS,13,89,13,66.5385,0.263,-2.444,-2.708578,DEF,66.5,40.5,
8575,612,H.Clark,STK,2,96,13,93.5,0.368,-0.264,-1.159344,MID,76.6,40.5,
9586,671,J.Lloyd,SYD,12,96,13,83.9167,0.368,-1.039,-1.4228239999999999,MID,79.7,40.5,32.0
11002,757,B.Hough,WCE,13,89,13,60.6154,0.263,-2.923,-3.096317,DEF,60.6,40.5,
11614,86,D.Zorko,BRL,12,95,13,108.917,0.368,0.982,0.9043519999999999,MID,92.7,42.0,33.0
3362,3,J.Borlase,ADE,7,88,13,72.0,0.263,-2.003,-2.4253780000000003,DEF,72.0,43.0,
3841,325,M.Holmes,GEE,13,88,13,103.692,0.263,0.56,0.47031700000000004,DEF,91.2,43.0,24.0
7017,519,C.Zurhaar,NTH,11,79,13,64.8182,0.263,-2.583,-2.302379,FWD,64.8,43.0,
8062,584,R.Mansell,RIC,11,79,13,60.1818,0.263,-2.958,-2.808616,FWD,60.2,43.0,
9439,665,W.Hayward,SYD,12,79,13,76.5,0.263,-1.639,-1.6476790000000001,FWD,75.8,43.0,
11177,766,J.McGovern,WCE,13,88,13,107.231,0.263,0.846,0.9869680000000001,DEF,93.2,43.0,
1216,173,J.Caldwell,ESS,13,94,13,89.3846,0.368,-0.597,-0.712552,MID,83.1,43.5,34.5
10574,730,A.Treloar,WBD,13,94,13,115.538,0.368,1.518,1.474208,MID,97.9,43.5,34.5
3266,295,A.Sexton,GCS,8,87,13,82.0,0.263,-1.194,-1.492505,DEF,77.4,45.0,25.0
5840,457,A.Neal-Bullen,MEL,13,78,13,84.6154,0.263,-0.983,-0.723156,FWD,80.4,45.0,20.0
1650,193,N.Martin,ESS,13,92,13,102.846,0.368,0.492,0.392272,MID,90.7,46.0,36.0
1684,194,A.McGrath,ESS,13,85,13,98.0769,0.263,0.106,0.034463999999999995,DEF,88.0,46.0,26.0
4862,396,M.D'Ambrosio,HAW,12,92,13,82.8333,0.368,-1.127,-1.283032,MID,79.1,46.0,
6286,48,J.Berry,BRL,12,92,13,90.1667,0.368,-0.534,-1.0694400000000002,MID,82.9,46.0,
4420,368,J.Hogan,GWS,12,77,13,87.6667,0.263,-0.736,-0.35938400000000004,FWD,81.6,46.5,21.0
5770,453,T.McDonald,MEL,12,77,13,76.6667,0.263,-1.625,-1.3351739999999999,FWD,75.9,46.5,
461,128,Z.Williams,CAR,12,84,13,72.1667,0.263,-1.989,-2.2591010000000002,DEF,72.2,48.0,27.5
773,146,W.Hoskin-Elliott,COL,10,84,13,62.4,0.263,-2.779,-2.907081,DEF,62.4,48.0,
1330,178,S.Durham,ESS,12,90,13,88.0833,0.368,-0.702,-0.9463520000000001,MID,81.8,48.0,
8276,594,D.Rioli,RIC,13,84,13,87.6154,0.263,-0.74,-0.657944,DEF,82.1,48.0,27.5
826,150,N.Kreuger,COL,1,76,13,76.0,0.263,-1.679,-1.988551,FWD,75.0,48.5,
6498,489,E.Ford,NTH,9,76,13,43.2222,0.263,-4.33,-4.000198,FWD,43.2,48.5,
897,152,F.Macrae,COL,7,89,13,49.4286,0.368,-3.828,-4.62656,MID,49.4,49.0,
4443,369,C.Idun,GWS,12,83,13,81.0,0.263,-1.275,-1.267636,DEF,78.1,50.0,29.0
3840,325,M.Holmes,GEE,13,88,13,103.692,0.368,0.56,0.211504,MID,91.2,50.5,37.5
9550,67,H.McCluggage,BRL,12,88,13,96.5833,0.368,-0.015,-0.189432,MID,86.3,50.5,37.5
311,12,D.Fogarty,ADE,13,75,13,70.0,0.263,-2.164,-2.030396,FWD,70.0,51.0,
5599,441,B.Fritsch,MEL,13,75,13,57.6154,0.263,-3.166,-3.0899929999999998,FWD,57.6,51.0,
6209,475,C.Windsor,MEL,13,75,13,58.0,0.263,-3.135,-2.942221,FWD,58.0,51.0,
5051,405,J.Impey,HAW,13,81,13,82.6923,0.263,-1.138,-1.207169,DEF,79.3,51.5,
11579,84,D.Wilmot,BRL,12,81,13,80.25,0.263,-1.336,-1.3578290000000002,DEF,77.7,51.5,
406,126,S.Walsh,CAR,9,87,13,111.889,0.368,1.223,0.9790160000000001,MID,89.4,52.5,39.5
9878,686,J.Rowbottom,SYD,12,87,13,94.0,0.368,-0.224,-0.455472,MID,84.9,52.5,39.5
725,144,H.Harrison,COL,7,74,13,55.7143,0.263,-3.32,-3.403108,FWD,55.7,53.5,
9215,650,J.Amartey,SYD,12,74,13,48.4167,0.263,-3.91,-3.615177,FWD,48.4,53.5,
1822,20,R.Laird,ADE,13,86,13,103.692,0.368,0.56,0.401024,MID,91.2,54.0,41.0
997,16,M.Hinge,ADE,13,79,13,95.3077,0.263,-0.118,-0.18348699999999998,DEF,86.5,54.5,30.5
3996,335,M.O'Connor,GEE,11,79,13,62.4545,0.263,-2.775,-3.152142,DEF,62.5,54.5,
10867,749,L.Duggan,WCE,13,79,13,93.6923,0.263,-0.249,-0.48149200000000003,DEF,85.6,54.5,30.5
11696,90,J.Boyd,CAR,13,79,13,71.4615,0.263,-2.046,-2.501253,DEF,71.5,54.5,
5254,417,C.Nash,HAW,13,85,13,74.6923,0.368,-1.785,-2.121352,MID,74.7,55.0,42.0
772,146,W.Hoskin-Elliott,COL,10,84,13,62.4,0.368,-2.779,-3.156568,MID,62.4,56.5,
7838,566,S.Bolton,RIC,12,84,13,84.75,0.368,-0.972,-1.577728,MID,80.1,56.5,43.0
1786,199,A.Perkins,ESS,10,72,13,79.2,0.263,-1.421,-1.5551300000000001,FWD,76.8,57.0,
3378,30,J.Rachele,ADE,13,72,13,61.1538,0.263,-2.88,-2.650138,FWD,61.2,57.0,23.5
3942,331,G.Miers,GEE,13,72,13,86.0,0.263,-0.871,-0.719512,FWD,81.2,57.0,23.5
6731,507,T.Powell,NTH,12,72,13,84.0833,0.263,-1.026,-0.877142,FWD,79.7,57.0,23.5
9181,649,T.Adams,SYD,8,72,13,72.75,0.263,-1.942,-1.837852,FWD,72.8,57.0,23.5
1616,191,J.Laverde,ESS,12,78,13,65.3333,0.263,-2.542,-2.6848089999999996,DEF,65.3,57.5,
6778,508,B.Scott,NTH,12,78,13,66.25,0.263,-2.468,-2.456165,DEF,66.2,57.5,
3240,293,M.Rowell,GCS,13,82,13,113.846,0.368,1.381,0.844456,MID,97.0,58.0,44.0
5769,453,T.McDonald,MEL,12,77,13,76.6667,0.263,-1.625,-1.676022,DEF,75.9,59.0,
3997,335,M.O'Connor,GEE,11,79,13,62.4545,0.368,-2.775,-3.49444,MID,62.5,59.5,
4340,362,T.Green,GWS,12,79,13,101.333,0.368,0.369,0.371576,MID,88.7,59.5,45.0
4090,342,T.Stewart,GEE,12,76,13,92.5,0.263,-0.345,-0.26268099999999994,DEF,84.1,60.0,32.0
6370,482,P.Curtis,NTH,12,71,13,52.1667,0.263,-3.607,-3.3048130000000002,FWD,52.2,60.5,
9145,648,M.Wood,STK,8,71,13,86.375,0.263,-0.84,-0.741638,FWD,79.0,60.5,26.0
6777,508,B.Scott,NTH,12,78,13,66.25,0.368,-2.468,-2.656048,MID,66.2,61.0,
4321,36,B.Smith,ADE,12,75,13,65.6667,0.263,-2.515,-2.7653760000000003,DEF,65.7,61.5,
7891,568,T.Brown,RIC,11,75,13,62.6364,0.263,-2.76,-3.1542369999999997,DEF,62.6,61.5,
8608,616,P.Dow,STK,4,76,13,67.5,0.368,-2.367,-3.080184,MID,67.5,62.0,
1893,206,J.Stringer,ESS,13,70,13,63.1538,0.263,-2.718,-2.5478389999999997,FWD,63.2,62.5,
11070,76,B.Reville,BRL,5,70,13,64.2,0.263,-2.633,-2.7829099999999998,FWD,64.2,62.5,
2677,258,M.Andrew,GCS,10,74,13,85.6,0.263,-0.903,-1.304075,DEF,79.6,63.5,
5576,44,H.Andrews,BRL,12,74,13,92.3333,0.263,-0.359,-0.636202,DEF,84.0,63.5,33.0
6208,475,C.Windsor,MEL,13,75,13,58.0,0.368,-3.135,-3.6056719999999998,MID,58.0,63.5,
11817,97,P.Cripps,CAR,13,75,13,106.154,0.368,0.759,0.7652559999999999,MID,92.6,63.5,46.0
6078,47,Z.Bailey,BRL,7,69,13,73.1429,0.263,-1.91,-1.7690320000000002,FWD,73.1,65.0,27.5
7974,577,J.Graham,RIC,6,69,13,68.8333,0.263,-2.259,-2.044129,FWD,68.8,65.0,
9123,647,M.Windhager,STK,12,73,13,77.5833,0.263,-1.551,-1.841352,DEF,76.3,65.0,
9515,667,J.Jordon,SYD,12,69,13,75.0833,0.263,-1.753,-1.71881,FWD,75.0,65.0,27.5
7,1,S.Berry,ADE,8,74,13,50.375,0.368,-3.751,-3.8455760000000003,MID,50.4,66.0,
4467,37,J.Soligo,ADE,13,74,13,85.9231,0.368,-0.877,-1.296152,MID,81.2,66.0,
8106,587,K.McIntosh,RIC,12,74,13,44.3333,0.368,-4.24,-4.81776,MID,44.3,66.0,
10594,731,J.Ugle-Hagan,WBD,11,68,13,58.9091,0.263,-3.061,-2.730409,FWD,58.9,67.0,
4779,390,K.Amon,HAW,13,72,13,91.4615,0.263,-0.429,-0.462138,DEF,84.3,67.5,34.5
5319,423,J.Scrimshaw,HAW,12,72,13,81.25,0.263,-1.255,-1.334952,DEF,78.3,67.5,34.5
6257,477,J.Archer,NTH,4,72,13,40.0,0.263,-4.59,-4.778045,DEF,40.0,67.5,
9894,69,C.McKenna,BRL,7,72,13,68.5714,0.263,-2.28,-2.8020549999999997,DEF,68.6,67.5,
4905,398,C.Dear,HAW,6,67,13,49.6667,0.263,-3.809,-3.6485700000000003,FWD,49.7,68.0,
9122,647,M.Windhager,STK,12,73,13,77.5833,0.368,-1.551,-2.16004,MID,76.3,68.0,
283,115,H.McKay,CAR,13,66,13,91.4615,0.263,-0.429,-0.27488199999999996,FWD,84.3,69.5,29.0
3137,283,J.Lukosius,GCS,13,66,13,72.0769,0.263,-1.997,-1.910736,FWD,72.1,69.5,
682,140,C.Dean,COL,5,71,13,60.4,0.263,-2.941,-3.3131449999999996,DEF,60.4,70.5,
1785,199,A.Perkins,ESS,10,72,13,79.2,0.368,-1.421,-2.33548,MID,76.8,70.5,
3959,332,O.Mullin,GEE,7,71,13,46.0,0.263,-4.105,-4.601281,DEF,46.0,70.5,
4778,390,K.Amon,HAW,13,72,13,91.4615,0.368,-0.429,-0.6928559999999999,MID,84.3,70.5,48.0
6732,507,T.Powell,NTH,12,72,13,84.0833,0.368,-1.026,-1.5010880000000002,MID,79.7,70.5,48.0
9180,649,T.Adams,SYD,8,72,13,72.75,0.368,-1.942,-2.511664,MID,72.8,70.5,48.0
3091,282,B.Long,GCS,7,65,13,58.4286,0.263,-3.1,-2.929313,FWD,58.4,72.0,
8800,63,K.Lohmann,BRL,12,65,13,66.0833,0.263,-2.481,-2.190385,FWD,66.1,72.0,
10787,744,T.Cole,WCE,13,70,13,68.7692,0.263,-2.264,-2.485709,DEF,68.8,72.0,
11194,767,J.Petruccelle,WCE,11,65,13,52.9091,0.263,-3.546,-3.469204,FWD,52.9,72.0,
9144,648,M.Wood,STK,8,71,13,86.375,0.368,-0.84,-1.3861119999999998,MID,79.0,73.5,50.0
10976,754,R.Ginbey,WCE,13,71,13,69.0769,0.368,-2.239,-2.672872,MID,69.1,73.5,
9021,644,J.Webster,STK,6,69,13,63.5,0.263,-2.69,-2.947214,DEF,63.5,74.0,
9617,674,T.McCartin,SYD,9,69,13,61.1111,0.263,-2.883,-3.043167,DEF,61.1,74.0,
10558,73,J.Payne,BRL,11,69,13,62.5455,0.263,-2.767,-2.977137,DEF,62.5,74.0,
3618,310,B.Close,GEE,13,64,13,68.0769,0.263,-2.32,-2.3086909999999996,FWD,68.1,74.5,
4362,363,T.Greene,GWS,11,64,13,75.7273,0.263,-1.701,-1.4003910000000002,FWD,75.3,74.5,30.0
11069,76,B.Reville,BRL,5,70,13,64.2,0.368,-2.633,-3.6063599999999996,MID,64.2,75.0,
3723,315,M.Duncan,GEE,11,68,13,79.6364,0.263,-1.385,-1.525179,DEF,77.2,76.5,36.0
9817,683,D.Rampe,SYD,9,68,13,65.0,0.263,-2.569,-2.992167,DEF,65.0,76.5,
18,10,B.Dowling,ADE,1,63,13,63.0,0.263,-2.731,-2.466685,FWD,63.0,77.0,
6079,47,Z.Bailey,BRL,7,69,13,73.1429,0.368,-1.91,-2.4233599999999997,MID,73.1,77.0,51.5
7973,577,J.Graham,RIC,6,69,13,68.8333,0.368,-2.259,-2.6707919999999996,MID,68.8,77.0,
8706,623,B.Hill,STK,13,63,13,78.3846,0.263,-1.486,-1.4170939999999999,FWD,76.9,77.0,
8845,633,M.Owens,STK,13,63,13,66.1538,0.263,-2.476,-2.352127,FWD,66.2,77.0,31.0
9516,667,J.Jordon,SYD,12,69,13,75.0833,0.368,-1.753,-2.4227600000000002,MID,75.0,77.0,51.5
192,109,B.Kemp,CAR,11,67,13,75.0909,0.263,-1.753,-2.008636,DEF,75.0,79.0,
675,14,W.Hamill,ADE,5,67,13,50.2,0.263,-3.766,-3.9479960000000003,DEF,50.2,79.0,
6942,516,D.Tucker,NTH,12,67,13,66.1667,0.368,-2.474,-2.9505600000000003,MID,66.2,79.0,
6943,516,D.Tucker,NTH,12,67,13,66.1667,0.263,-2.474,-2.672565,DEF,66.2,79.0,
226,110,M.Kennedy,CAR,13,62,13,72.4615,0.263,-1.965,-1.650189,FWD,72.5,79.5,
2766,261,T.Berry,GCS,13,62,13,56.7692,0.263,-3.234,-3.225584,FWD,56.8,79.5,
3515,305,J.Bowes,GEE,10,66,13,80.5,0.368,-1.315,-1.564504,MID,77.4,81.0,
3584,308,J.Clark,GEE,11,66,13,42.0,0.368,-4.429,-5.008232,MID,42.0,81.0,
9999,696,L.Bramble,WBD,13,66,13,66.9231,0.368,-2.413,-2.656984,MID,66.9,81.0,
11107,761,J.Jones,WCE,6,61,13,49.0,0.263,-3.863,-3.793042,FWD,49.0,81.0,
3136,283,J.Lukosius,GCS,13,66,13,72.0769,0.263,-1.997,-2.281829,DEF,72.1,82.5,
3516,305,J.Bowes,GEE,10,66,13,80.5,0.263,-1.315,-1.342352,DEF,77.4,82.5,
6580,5,J.Butts,ADE,10,66,13,60.5,0.263,-2.933,-3.3417019999999997,DEF,60.5,82.5,
10000,696,L.Bramble,WBD,13,66,13,66.9231,0.263,-2.413,-2.4419299999999997,DEF,66.9,82.5,
6829,510,L.Shiels,NTH,7,65,13,37.7143,0.368,-4.775,-5.1054640000000004,MID,37.7,83.0,
743,145,B.Hill,COL,13,60,13,59.3077,0.263,-3.029,-2.787829,FWD,59.3,83.5,
1403,181,J.Gresham,ESS,13,60,13,62.7692,0.263,-2.749,-2.6711519999999997,FWD,62.8,83.5,32.5
1594,190,K.Langford,ESS,13,60,13,77.7692,0.263,-1.536,-1.2982479999999998,FWD,76.6,83.5,32.5
4981,402,J.Gunston,HAW,9,60,13,56.3333,0.263,-3.27,-3.057496,FWD,56.3,83.5,
637,138,N.Daicos,COL,13,64,13,119.0,0.368,1.798,1.673248,MID,99.9,85.0,53.5
2957,275,W.Graham,GCS,7,64,13,67.7143,0.368,-2.349,-2.966872,MID,67.7,85.0,
5884,459,C.Petracca,MEL,13,64,13,103.231,0.368,0.523,0.343784,MID,91.0,85.0,53.5
10389,719,J.Macrae,WBD,11,59,13,78.5455,0.263,-1.473,-1.390418,FWD,76.7,86.0,34.0
1113,167,L.Schultz,COL,12,58,13,61.0833,0.263,-2.886,-2.73083,FWD,61.1,87.0,35.0
1082,164,I.Quaynor,COL,13,65,13,58.9231,0.263,-3.06,-3.307746,DEF,58.9,87.5,37.5
3090,282,B.Long,GCS,7,65,13,58.4286,0.263,-3.1,-3.32092,DEF,58.4,87.5,
3749,320,Z.Guthrie,GEE,13,65,13,84.3077,0.263,-1.008,-1.10531,DEF,80.3,87.5,
3784,323,J.Henry,GEE,13,65,13,57.8462,0.263,-3.147,-3.1435809999999997,DEF,57.8,87.5,
7870,567,N.Broad,RIC,12,65,13,63.9167,0.263,-2.656,-2.77435,DEF,63.9,87.5,
9043,645,C.Wilkie,STK,13,65,13,82.5385,0.263,-1.151,-0.991885,DEF,79.3,87.5,37.5
19,10,B.Dowling,ADE,1,63,13,63.0,0.368,-2.731,-3.082072,MID,63.0,88.0,
7956,574,T.Dow,RIC,13,63,13,63.6923,0.368,-2.675,-3.314216,MID,63.7,88.0,
8508,608,D.Butler,STK,6,57,13,27.8333,0.263,-5.574,-5.223421,FWD,27.8,88.0,
8707,623,B.Hill,STK,13,63,13,78.3846,0.368,-1.486,-2.095408,MID,76.9,88.0,
227,110,M.Kennedy,CAR,13,62,13,72.4615,0.368,-1.965,-2.21708,MID,72.5,90.0,
4672,385,H.Thomas,GWS,12,56,13,53.0,0.263,-3.539,-3.424069,FWD,53.0,90.5,
7910,569,S.Campbell,RIC,12,56,13,52.1667,0.263,-3.607,-3.523629,FWD,52.2,90.5,
8565,610,A.Caminiti,STK,9,56,13,52.1111,0.263,-3.611,-3.4447840000000003,FWD,52.1,90.5,
9639,675,L.McDonald,SYD,12,56,13,62.6667,0.263,-2.757,-2.586313,FWD,62.7,90.5,
10388,719,J.Macrae,WBD,11,59,13,78.5455,0.368,-1.473,-2.061432,MID,76.7,91.0,55.0
636,138,N.Daicos,COL,13,64,13,119.0,0.263,1.798,1.8776890000000002,DEF,99.9,92.0,39.0
2958,275,W.Graham,GCS,7,64,13,67.7143,0.263,-2.349,-2.6498720000000002,DEF,67.7,92.0,
10463,722,J.O'Donnell,WBD,8,64,13,51.375,0.263,-3.671,-3.945046,DEF,51.4,92.0,
3168,286,T.Miller,GCS,13,58,13,107.692,0.368,0.883,0.545912,MID,93.5,93.0,56.0
9848,685,M.Roberts,SYD,11,58,13,72.3636,0.368,-1.973,-2.080088,MID,72.4,93.0,
10961,753,A.Gaff,WCE,3,58,13,45.6667,0.368,-4.132,-4.5,MID,45.7,93.0,
10301,715,A.Keath,WBD,5,63,13,56.2,0.263,-3.28,-3.533532,DEF,56.2,94.5,
11795,96,L.Cowan,CAR,7,63,13,55.5714,0.263,-3.331,-3.4380409999999997,DEF,55.6,94.5,
1571,19,B.Keays,ADE,13,55,13,65.3846,0.263,-2.538,-1.9696569999999998,FWD,65.4,95.0,36.5
2360,24,L.Murphy,ADE,7,55,13,52.8571,0.263,-3.551,-3.3392850000000003,FWD,52.9,95.0,
4829,395,M.Chol,HAW,11,55,13,62.7273,0.263,-2.753,-2.5662700000000003,FWD,62.7,95.0,
5914,460,H.Petty,MEL,11,55,13,41.7273,0.263,-4.451,-4.106996,FWD,41.7,95.0,
10533,726,R.Sanders,WBD,9,55,13,65.3333,0.263,-2.542,-2.4231239999999996,FWD,65.3,95.0,36.5
4721,388,J.Wehr,GWS,11,57,13,55.3636,0.368,-3.348,-3.900736,MID,55.4,95.5,
8220,592,D.Prestia,RIC,6,57,13,64.5,0.368,-2.609,-2.54276,MID,64.5,95.5,
11108,761,J.Jones,WCE,6,61,13,49.0,0.263,-3.863,-4.214894,DEF,49.0,96.0,
4671,385,H.Thomas,GWS,12,56,13,53.0,0.368,-3.539,-4.139208,MID,53.0,97.0,
427,127,J.Weitering,CAR,11,60,13,71.0,0.263,-2.084,-2.082948,DEF,71.0,98.0,
1019,160,D.Moore,COL,13,60,13,76.8462,0.263,-1.611,-1.793785,DEF,76.0,98.0,40.0
6038,468,T.Sparrow,MEL,13,54,13,68.0,0.263,-2.326,-2.222115,FWD,68.0,98.0,
8545,61,R.Lester,BRL,12,60,13,69.6667,0.263,-2.191,-2.315136,DEF,69.7,98.0,
4699,386,C.Ward,GWS,7,55,13,70.0,0.368,-2.164,-2.325184,MID,70.0,98.5,57.5
10532,726,R.Sanders,WBD,9,55,13,65.3333,0.368,-2.542,-3.1072480000000002,MID,65.3,98.5,57.5
947,155,B.McCreery,COL,11,53,13,51.7273,0.263,-3.642,-3.458952,FWD,51.7,100.5,
3770,322,T.Hawkins,GEE,11,53,13,60.9091,0.263,-2.9,-2.859498,FWD,60.9,100.5,
7941,573,N.Cumberland,RIC,5,53,13,40.4,0.263,-4.558,-4.667408,FWD,40.4,100.5,
9325,658,O.Florent,SYD,12,59,13,82.0,0.263,-1.194,-1.374418,DEF,78.7,100.5,
10172,707,J.Freijah,WBD,5,53,13,64.4,0.263,-2.617,-2.333749,FWD,64.4,100.5,
10735,739,T.Barrass,WCE,12,59,13,81.75,0.263,-1.214,-1.253187,DEF,78.5,100.5,
1169,17,C.Jones,ADE,13,54,13,62.6154,0.368,-2.762,-3.36552,MID,62.6,101.0,
1542,189,J.Kelly,ESS,12,54,13,68.5833,0.368,-2.279,-2.939928,MID,68.6,101.0,
6039,468,T.Sparrow,MEL,13,54,13,68.0,0.368,-2.326,-2.907072,MID,68.0,101.0,
9847,685,M.Roberts,SYD,11,58,13,72.3636,0.263,-1.973,-1.8998860000000002,DEF,72.4,102.0,
8310,597,S.Ryan,RIC,4,52,13,44.25,0.263,-4.247,-4.150479,FWD,44.2,103.0,
334,120,N.Newman,CAR,13,57,13,97.3846,0.263,0.05,0.15993400000000002,DEF,87.7,103.5,41.0
1259,174,N.Cox,ESS,12,53,13,53.25,0.368,-3.519,-4.219672,MID,53.2,103.5,
5065,406,C.Jiath,HAW,4,57,13,45.0,0.263,-4.186,-4.161804,DEF,45.0,103.5,
10171,707,J.Freijah,WBD,5,53,13,64.4,0.368,-2.617,-2.935688,MID,64.4,103.5,
1937,211,P.Wright,ESS,9,51,13,74.4444,0.263,-1.805,-1.698748,FWD,74.4,105.0,
5014,403,B.Hardwick,HAW,13,51,13,70.7692,0.263,-2.102,-1.7879779999999998,FWD,70.8,105.0,
5803,454,J.McVee,MEL,13,56,13,69.6923,0.263,-2.189,-2.3302310000000004,DEF,69.7,105.0,
6173,474,J.Viney,MEL,13,52,13,92.8462,0.368,-0.317,-0.7593359999999999,MID,85.1,105.0,59.0
8651,621,L.Henry,STK,7,51,13,60.8571,0.263,-2.904,-2.713062,FWD,60.9,105.0,
8650,621,L.Henry,STK,7,51,13,60.8571,0.368,-2.904,-3.370624,MID,60.9,106.0,
4121,346,L.Aleer,GWS,4,55,13,68.25,0.263,-2.306,-2.7286409999999997,DEF,68.2,107.0,
4383,366,N.Haynes,GWS,6,55,13,74.6667,0.263,-1.787,-2.058942,DEF,74.7,107.0,
5915,460,H.Petty,MEL,11,55,13,41.7273,0.263,-4.451,-4.5170129999999995,DEF,41.7,107.0,
171,108,O.Hollands,CAR,12,50,13,54.0,0.368,-3.458,-3.7259040000000003,MID,54.0,108.0,
3692,314,O.Dempsey,GEE,13,50,13,68.1538,0.368,-2.314,-2.481808,MID,68.2,108.0,
5666,448,E.Langdon,MEL,12,50,13,73.9167,0.368,-1.848,-2.018752,MID,73.9,108.0,
1465,185,N.Hind,ESS,11,50,13,57.6364,0.263,-3.164,-3.1732050000000003,FWD,57.6,109.0,
3691,314,O.Dempsey,GEE,13,50,13,68.1538,0.263,-2.314,-1.936595,FWD,68.2,109.0,
4510,376,T.McMullin,GWS,3,50,13,49.0,0.263,-3.863,-3.8732569999999997,FWD,49.0,109.0,
4964,400,J.Ginnivan,HAW,13,50,13,67.4615,0.263,-2.37,-2.075703,FWD,67.5,109.0,
8763,628,M.King,STK,10,50,13,57.8,0.263,-3.151,-3.050534,FWD,57.8,109.0,
1168,17,C.Jones,ADE,13,54,13,62.6154,0.263,-2.762,-3.054456,DEF,62.6,110.0,
1541,189,J.Kelly,ESS,12,54,13,68.5833,0.263,-2.279,-2.610906,DEF,68.6,110.0,
3303,296,D.Swallow,GCS,12,49,13,38.4167,0.368,-4.718,-5.217744,MID,38.4,110.0,
11555,81,B.Starcevich,BRL,8,54,13,57.25,0.263,-3.195,-3.4987649999999997,DEF,57.2,110.0,
1260,174,N.Cox,ESS,12,53,13,53.25,0.263,-3.519,-3.8861480000000004,DEF,53.2,112.5,
1438,184,D.Heppell,ESS,13,53,13,90.0,0.263,-0.547,-0.6490440000000001,DEF,83.5,112.5,
2800,265,S.Clohesy,GCS,10,48,13,73.5,0.368,-1.881,-2.4348400000000003,MID,73.5,112.5,
2899,272,B.Fiorini,GCS,11,48,13,71.8182,0.368,-2.017,-2.3938319999999997,MID,71.8,112.5,
3065,280,B.King,GCS,13,49,13,62.3846,0.263,-2.78,-2.693999,FWD,62.4,112.5,
3304,296,D.Swallow,GCS,12,49,13,38.4167,0.263,-4.718,-4.513912,FWD,38.4,112.5,
10086,703,C.Daniel,WBD,9,48,13,51.4444,0.368,-3.665,-4.304952,MID,51.4,112.5,60.0
11439,781,L.Sullivan,COL,6,48,13,66.3333,0.368,-2.461,-3.4439279999999997,MID,66.3,112.5,
6409,484,K.Dawson,NTH,5,52,13,53.8,0.263,-3.474,-3.7790800000000004,DEF,53.8,114.0,
2990,276,N.Holman,GCS,12,48,13,46.0,0.263,-4.105,-3.8020240000000003,FWD,46.0,115.0,
10087,703,C.Daniel,WBD,9,48,13,51.4444,0.263,-3.665,-3.574002,FWD,51.4,115.0,38.0
11438,781,L.Sullivan,COL,6,48,13,66.3333,0.263,-2.461,-2.6203779999999997,FWD,66.3,115.0,
5013,403,B.Hardwick,HAW,13,51,13,70.7692,0.263,-2.102,-2.13882,DEF,70.8,115.5,
8423,603,N.Vlastuin,RIC,13,51,13,90.6923,0.263,-0.491,-0.517037,DEF,83.9,115.5,42.0
10769,743,C.Chesser,WCE,13,47,13,46.8462,0.368,-4.037,-4.7483439999999995,MID,46.8,115.5,
10822,746,J.Culley,WCE,1,47,13,47.0,0.368,-4.024,-4.779872,MID,47.0,115.5,
1464,185,N.Hind,ESS,11,50,13,57.6364,0.263,-3.164,-3.5848000000000004,DEF,57.6,117.0,
6692,506,T.Pink,NTH,7,47,13,38.8571,0.263,-4.683,-4.599629,FWD,38.9,117.5,
10821,746,J.Culley,WCE,1,47,13,47.0,0.263,-4.024,-4.002697,FWD,47.0,117.5,
5523,435,J.Bowey,MEL,6,49,13,61.8333,0.263,-2.825,-3.019883,DEF,61.8,118.0,
7556,55,J.Fletcher,BRL,12,45,13,66.0833,0.368,-2.481,-3.0186479999999998,MID,66.1,118.0,
11282,773,D.Sheed,WCE,8,45,13,44.25,0.368,-4.247,-4.886216,MID,44.2,118.0,61.5
11649,87,B.Acres,CAR,13,45,13,93.8462,0.368,-0.236,-0.523776,MID,85.7,118.0,61.5
2801,265,S.Clohesy,GCS,10,48,13,73.5,0.263,-1.881,-2.132954,DEF,73.5,119.0,
9708,677,H.McLean,SYD,12,46,13,68.0833,0.263,-2.319,-2.122013,FWD,68.1,119.0,39.0
2636,256,B.Ainsworth,GCS,13,44,13,67.3077,0.368,-2.382,-2.8905760000000003,MID,67.3,120.0,63.0
6691,506,T.Pink,NTH,7,47,13,38.8571,0.263,-4.683,-5.041732,DEF,38.9,120.0,
8037,582,J.Koschitzke,RIC,4,45,13,42.0,0.263,-4.429,-4.12129,FWD,42.0,120.0,
2635,256,B.Ainsworth,GCS,13,44,13,67.3077,0.263,-2.382,-2.228934,FWD,67.3,121.5,40.0
3908,33,H.Schoenberg,ADE,3,43,13,49.6667,0.368,-3.809,-4.515560000000001,MID,49.7,121.5,
4807,393,L.Breust,HAW,8,44,13,34.0,0.263,-5.076,-4.839036999999999,FWD,34.0,121.5,
8489,607,R.Bonner,STK,13,43,13,81.2308,0.368,-1.256,-1.8289760000000002,MID,78.5,121.5,64.0
9742,678,L.Melican,SYD,12,46,13,53.75,0.263,-3.478,-3.782554,DEF,53.8,121.5,
11750,94,A.Cincotta,CAR,6,46,13,46.1667,0.263,-4.092,-4.330804,DEF,46.2,121.5,
4127,347,R.Angwin,GWS,2,41,13,69.5,0.368,-2.205,-3.1448720000000003,MID,69.5,123.0,
6347,481,A.Corr,NTH,12,45,13,65.8333,0.263,-2.501,-2.736385,DEF,65.8,123.0,
10130,705,T.Duryea,WBD,11,44,13,62.7273,0.263,-2.753,-3.0359880000000006,DEF,62.7,124.0,
1508,188,H.Jones,ESS,11,43,13,53.2727,0.263,-3.517,-3.291609,FWD,53.3,124.5,
3547,306,T.Bruhn,GEE,11,39,13,75.0909,0.368,-1.753,-2.2277199999999997,MID,75.0,124.5,
4158,349,T.Bedford,GWS,12,43,13,51.9167,0.263,-3.627,-3.2640599999999997,FWD,51.9,124.5,
5680,449,B.Laurie,MEL,4,43,13,21.25,0.263,-6.107,-5.832165,FWD,21.2,124.5,
10211,708,H.Gallagher,WBD,13,39,13,46.8462,0.368,-4.037,-4.683944,MID,46.8,124.5,
10428,720,L.McNeil,WBD,3,43,13,54.6667,0.263,-3.404,-3.0907669999999996,FWD,54.7,124.5,
8490,607,R.Bonner,STK,13,43,13,81.2308,0.263,-1.256,-1.5187369999999998,DEF,78.5,125.0,43.0
909,153,O.Markov,COL,8,41,13,41.875,0.263,-4.439,-4.639406,DEF,41.9,126.0,
5416,43,C.Ah Chee,BRL,11,38,13,60.2727,0.368,-2.951,-3.3083280000000004,MID,60.3,126.5,
6908,514,C.Taylor,NTH,3,38,13,58.6667,0.368,-3.081,-3.867416,MID,58.7,126.5,
88,105,L.Fogarty,CAR,7,42,13,61.7143,0.263,-2.834,-2.679882,FWD,61.7,127.0,
4927,399,S.Frost,HAW,13,39,13,55.3077,0.263,-3.353,-3.7914209999999997,DEF,55.3,127.0,
5143,410,C.Mackenzie,HAW,13,35,13,61.5385,0.368,-2.849,-3.379288,MID,61.5,128.0,65.0
6118,471,D.Turner,MEL,5,38,13,38.8,0.263,-4.687,-4.917125,DEF,38.8,128.0,
8383,600,T.Sonsie,RIC,9,41,13,45.3333,0.263,-4.159,-4.195819999999999,FWD,45.3,128.0,
4642,384,S.Taylor,GWS,10,37,13,74.8,0.263,-1.776,-2.011385,DEF,74.8,129.0,44.0
8091,586,K.McAuliffe,RIC,6,32,13,51.8333,0.368,-3.633,-4.45732,MID,51.8,129.0,
10357,718,R.Lobb,WBD,5,40,13,48.2,0.263,-3.927,-3.269763,FWD,48.2,129.5,
11523,804,J.Hutchinson,WCE,1,40,13,40.0,0.263,-4.59,-4.300174,FWD,40.0,129.5,
711,143,B.Frampton,COL,11,36,13,57.3636,0.263,-3.186,-3.6004879999999995,DEF,57.4,130.0,
8884,636,S.Ross,STK,12,30,13,70.9167,0.368,-2.09,-2.5761279999999998,MID,70.9,130.0,
10924,750,H.Edwards,WCE,3,35,13,63.0,0.263,-2.731,-3.137335,DEF,63.0,131.0,
11724,91,J.Carroll,CAR,11,29,13,38.6364,0.368,-4.701,-5.270296,MID,38.6,131.0,
4236,353,A.Cadman,GWS,12,39,13,50.8333,0.263,-3.714,-3.665345,FWD,50.8,131.5,
10212,708,H.Gallagher,WBD,13,39,13,46.8462,0.263,-4.037,-3.943372,FWD,46.8,131.5,
3476,304,M.Blicavs,GEE,12,27,13,62.6667,0.368,-2.757,-3.0455120000000004,MID,62.7,132.0,66.0
3659,313,S.De Koning,GEE,12,34,13,59.5833,0.263,-3.007,-3.0325110000000004,DEF,59.6,132.0,
5647,445,B.Howes,MEL,11,32,13,57.3636,0.263,-3.186,-3.413232,DEF,57.4,133.5,
6314,480,C.Comben,NTH,9,32,13,74.3333,0.263,-1.814,-1.9068390000000002,DEF,74.3,133.5,
8243,593,H.Ralphsmith,RIC,8,25,13,56.5,0.368,-3.256,-3.939744,MID,56.5,133.5,
9079,646,D.Wilson,STK,13,25,13,67.4615,0.368,-2.37,-2.9091199999999997,MID,67.5,133.5,
5417,43,C.Ah Chee,BRL,11,38,13,60.2727,0.263,-2.951,-2.6866849999999998,FWD,60.3,134.0,
6119,471,D.Turner,MEL,5,38,13,38.8,0.263,-4.687,-4.486331,FWD,38.8,134.0,
6909,514,C.Taylor,NTH,3,38,13,58.6667,0.263,-3.081,-3.0983579999999997,FWD,58.7,134.0,
5506,434,J.Billings,MEL,11,17,13,55.6364,0.368,-3.326,-3.801824,MID,55.6,135.0,67.0
1707,195,B.McKay,ESS,13,26,13,65.0,0.263,-2.569,-2.693662,DEF,65.0,135.5,
10629,732,L.Vandermeer,WBD,13,26,13,50.8462,0.263,-3.713,-4.072258,DEF,50.8,135.5,
357,122,M.Owies,CAR,13,37,13,53.0,0.263,-3.539,-3.393035,FWD,53.0,136.0,
9267,654,B.Campbell,SYD,10,12,13,39.8,0.368,-4.607,-4.89588,MID,39.8,136.0,
1916,207,E.Tsatas,ESS,7,8,13,39.4286,0.368,-4.637,-5.313751999999999,MID,39.4,137.0,
8242,593,H.Ralphsmith,RIC,8,25,13,56.5,0.263,-3.256,-3.609472,DEF,56.5,137.0,
10678,734,R.West,WBD,12,36,13,65.0,0.263,-2.569,-2.3880559999999997,FWD,65.0,137.0,
11450,783,J.Bytel,COL,3,2,13,23.0,0.368,-5.965,-6.206776,MID,23.0,138.0,
5207,414,S.Mitchell,HAW,9,19,13,37.3333,0.263,-4.806,-5.169992,DEF,37.3,138.5,
9304,656,H.Cunningham,SYD,11,19,13,56.2727,0.263,-3.275,-3.5819210000000004,DEF,56.3,138.5,
5142,410,C.Mackenzie,HAW,13,35,13,61.5385,0.263,-2.849,-2.701194,FWD,61.5,139.0,41.0
5554,439,K.Chandler,MEL,13,35,13,62.5385,0.263,-2.768,-2.582585,FWD,62.5,139.0,
8824,631,T.Membrey,STK,11,35,13,56.5455,0.263,-3.252,-2.934296,FWD,56.5,139.0,
9268,654,B.Campbell,SYD,10,12,13,39.8,0.263,-4.607,-4.679851,DEF,39.8,140.0,
4944,4,C.Burgess,ADE,7,34,13,49.0,0.263,-3.863,-3.7430719999999997,FWD,49.0,141.0,
5701,45,N.Answerth,BRL,10,10,13,57.6,0.263,-3.167,-3.430526,DEF,57.6,141.5,
8732,625,D.Howard,STK,7,10,13,49.2857,0.263,-3.839,-3.859777,DEF,49.3,141.5,
6315,480,C.Comben,NTH,9,32,13,74.3333,0.263,-1.814,-1.557575,FWD,74.3,142.0,
10319,716,B.Khamis,WBD,9,1,13,52.0,0.263,-3.62,-3.942438,DEF,52.0,143.0,
6420,485,W.Dawson,NTH,3,0,13,38.0,0.263,-4.752,-5.116518,DEF,38.0,144.0,
6597,50,C.Cameron,BRL,12,30,13,59.3333,0.263,-3.027,-2.894711,FWD,59.3,144.0,
6900,513,J.Stephenson,NTH,9,30,13,47.5556,0.263,-3.979,-3.723101,FWD,47.6,144.0,
11156,765,R.Maric,WCE,11,30,13,37.9091,0.263,-4.759,-4.589365000000001,FWD,37.9,144.0,
11723,91,J.Carroll,CAR,11,29,13,38.6364,0.263,-4.701,-4.5432,FWD,38.6,146.0,
3967,334,S.Neale,GEE,5,28,13,49.4,0.263,-3.83,-3.489415,FWD,49.4,147.5,
11265,772,L.Ryan,WCE,7,28,13,45.7143,0.263,-4.128,-3.7534880000000004,FWD,45.7,147.5,
10839,747,J.Darling,WCE,13,27,13,57.3846,0.263,-3.185,-3.080063,FWD,57.4,149.0,
10630,732,L.Vandermeer,WBD,13,26,13,50.8462,0.263,-3.713,-3.653299,FWD,50.8,150.0,
9078,646,D.Wilson,STK,13,25,13,67.4615,0.263,-2.37,-2.237448,FWD,67.5,151.0,
1927,21,N.McHenry,ADE,10,23,13,41.4,0.263,-4.477,-4.3846870000000004,FWD,41.4,152.0,
3351,299,J.Walter,GCS,10,22,13,35.0,0.263,-4.995,-4.916626,FWD,35.0,153.0,
63,102,C.Durdin,CAR,10,18,13,38.0,0.263,-4.752,-4.652849,FWD,38.0,154.0,
5507,434,J.Billings,MEL,11,17,13,55.6364,0.263,-3.326,-3.132958,FWD,55.6,155.0,42.0
3010,277,B.Humphrey,GCS,11,16,13,56.8182,0.263,-3.23,-3.2470950000000003,FWD,56.8,156.0,43.0
4016,338,G.Rohan,GEE,5,10,13,29.8,0.263,-5.415,-5.226955,FWD,29.8,157.5,
5702,45,N.Answerth,BRL,10,10,13,57.6,0.263,-3.167,-3.0333959999999998,FWD,57.6,157.5,
1917,207,E.Tsatas,ESS,7,8,13,39.4286,0.263,-4.637,-4.551525,FWD,39.4,159.0,
4199,351,C.Brown,GWS,9,3,13,53.8889,0.263,-3.467,-3.4475379999999998,FWD,53.9,160.0,
10318,716,B.Khamis,WBD,9,1,13,52.0,0.263,-3.62,-3.529002,FWD,52.0,161.0,
6421,485,W.Dawson,NTH,3,0,13,38.0,0.263,-4.752,-4.672048,FWD,38.0,162.0,
7396,537,D.Houston,PTA,13,174,14,113.923,0.263,1.387,1.291268,DEF,97.0,1.0,1.0
9216,650,J.Amartey,SYD,13,182,14,58.6923,0.263,-3.079,-3.00273,FWD,58.7,1.0,
9394,662,B.Grundy,SYD,13,154,14,116.308,0.105,1.58,1.4409800000000001,RUC,98.3,1.0,1.0
9965,695,M.Bontempelli,WBD,14,162,14,126.071,0.368,2.37,2.38104,MID,106.1,1.0,1.0
5345,425,J.Sicily,HAW,12,147,14,100.25,0.263,0.282,0.260171,DEF,88.2,2.0,2.0
9551,67,H.McCluggage,BRL,13,161,14,101.538,0.368,0.386,0.064,MID,90.0,2.0,2.0
10154,706,T.English,WBD,14,136,14,112.286,0.105,1.255,1.16533,RUC,97.7,2.0,2.0
9476,666,I.Heeney,SYD,13,141,14,126.0,0.263,2.364,2.531268,FWD,103.8,2.5,1.5
11615,86,D.Zorko,BRL,13,141,14,111.385,0.263,1.182,1.50286,FWD,95.6,2.5,1.5
998,16,M.Hinge,ADE,14,139,14,98.4286,0.263,0.134,0.002237000000000003,DEF,89.3,3.0,3.0
6394,483,L.Davies-Uniacke,NTH,13,147,14,108.462,0.368,0.946,0.832656,MID,93.9,3.0,3.0
8180,590,T.Nankervis,RIC,13,131,14,109.846,0.105,1.058,1.013585,RUC,94.7,3.0,3.0
4181,350,K.Briggs,GWS,13,117,14,91.6923,0.105,-0.41,-0.45851,RUC,84.4,4.0,4.0
7041,52,J.Daniher,BRL,13,130,14,90.2308,0.263,-0.529,-0.41775100000000004,FWD,83.6,4.0,3.0
10060,702,B.Dale,WBD,14,136,14,101.286,0.263,0.365,0.296883,DEF,91.0,4.0,4.0
1823,20,R.Laird,ADE,14,141,14,106.357,0.368,0.775,0.536904,MID,94.1,5.0,5.0
2273,230,L.Jackson,FRE,13,115,14,102.077,0.105,0.429,0.27822,RUC,90.3,5.0,5.0
8932,639,J.Sinclair,STK,13,135,14,105.846,0.263,0.734,0.894693,DEF,92.4,5.0,5.0
9475,666,I.Heeney,SYD,13,141,14,126.0,0.368,2.364,2.015504,MID,103.8,5.0,5.0
11616,86,D.Zorko,BRL,13,141,14,111.385,0.368,1.182,1.0307520000000001,MID,95.6,5.0,5.0
2274,230,L.Jackson,FRE,13,115,14,102.077,0.263,0.429,0.552084,FWD,90.3,5.5,4.5
9183,649,T.Adams,SYD,9,115,14,77.4444,0.263,-1.563,-1.558529,FWD,76.0,5.5,4.5
4734,389,L.Whitfield,GWS,13,134,14,102.538,0.263,0.467,0.727633,DEF,90.6,6.0,6.0
6996,518,T.Xerri,NTH,13,103,14,109.385,0.105,1.02,1.085205,RUC,94.4,6.0,6.0
2126,221,S.Darcy,FRE,6,98,14,98.6667,0.105,0.154,0.07294,RUC,81.2,7.0,7.0
6542,498,N.Larkey,NTH,13,114,14,63.0,0.263,-2.731,-2.611598,FWD,63.0,7.0,
8395,601,T.Taranto,RIC,7,139,14,102.571,0.368,0.469,-0.017127999999999977,MID,83.4,7.0,7.0
10002,696,L.Bramble,WBD,14,133,14,71.6429,0.263,-2.032,-2.161133,DEF,71.6,7.0,
8140,588,B.Miller,RIC,12,97,14,77.9167,0.105,-1.524,-1.707855,RUC,76.5,8.0,
8546,61,R.Lester,BRL,13,130,14,74.3077,0.263,-1.816,-2.038761,DEF,74.3,8.0,
8933,639,J.Sinclair,STK,13,135,14,105.846,0.368,0.734,0.727744,MID,92.4,8.0,8.0
10358,718,R.Lobb,WBD,6,108,14,58.1667,0.263,-3.121,-2.6757410000000004,FWD,58.2,8.0,
638,138,N.Daicos,COL,14,129,14,119.714,0.263,1.855,1.919698,DEF,102.2,9.0,7.0
8779,629,R.Marshall,STK,14,95,14,107.357,0.105,0.856,0.852115,RUC,94.7,9.0,8.0
10001,696,L.Bramble,WBD,14,133,14,71.6429,0.368,-2.032,-2.416192,MID,71.6,9.0,
4300,357,B.Daniels,GWS,12,107,14,82.4167,0.263,-1.16,-0.7315729999999999,FWD,78.9,9.5,6.0
7018,519,C.Zurhaar,NTH,12,107,14,68.3333,0.263,-2.299,-2.0930709999999997,FWD,68.3,9.5,
501,133,D.Cameron,COL,14,82,14,97.2857,0.105,0.042,0.048195,RUC,88.6,10.0,9.0
569,136,J.Crisp,COL,14,121,14,92.7857,0.263,-0.322,-0.505837,DEF,85.8,10.0,8.0
639,138,N.Daicos,COL,14,129,14,119.714,0.368,1.855,1.7092720000000001,MID,102.2,10.0,9.0
744,145,B.Hill,COL,14,105,14,62.5714,0.263,-2.765,-2.593261,FWD,62.6,11.0,
6813,509,H.Sheezel,NTH,13,120,14,116.615,0.263,1.605,1.756751,DEF,98.5,11.0,9.0
10343,717,T.Liberatore,WBD,8,128,14,109.125,0.368,0.999,0.6821520000000001,MID,86.9,11.0,10.0
5189,413,L.Meek,HAW,10,76,14,99.4,0.105,0.213,0.183075,RUC,85.6,11.5,
9769,68,O.McInerney,BRL,12,76,14,92.3333,0.105,-0.359,-0.41087,RUC,84.0,11.5,10.0
8672,622,J.Higgins,STK,11,101,14,80.5455,0.263,-1.312,-1.320942,FWD,77.7,12.0,
11580,84,D.Wilmot,BRL,13,119,14,83.2308,0.263,-1.095,-1.180212,DEF,79.7,12.0,
1134,168,S.Sidebottom,COL,13,125,14,70.4615,0.368,-2.127,-2.379448,MID,70.5,12.5,
10575,730,A.Treloar,WBD,14,125,14,116.214,0.368,1.572,1.508336,MID,100.1,12.5,11.0
8139,588,B.Miller,RIC,12,97,14,77.9167,0.263,-1.524,-1.427216,FWD,76.5,13.0,
8331,598,J.Short,RIC,13,116,14,78.8462,0.263,-1.449,-1.4755630000000002,DEF,77.2,13.0,10.0
4609,38,K.Strachan,ADE,2,72,14,69.0,0.105,-2.245,-2.39494,RUC,69.0,13.5,
11537,807,B.Teakle,NTH,1,72,14,72.0,0.105,-2.003,-2.437595,RUC,72.0,13.5,
3601,31,I.Rankine,ADE,11,96,14,100.818,0.263,0.328,0.534192,FWD,87.3,14.0,7.0
10496,725,E.Richards,WBD,11,115,14,95.2727,0.263,-0.121,-0.04630799999999999,DEF,84.7,14.0,11.0
5278,418,J.Newcombe,HAW,14,122,14,93.3571,0.368,-0.276,-0.34628800000000004,MID,86.2,14.5,12.5
6977,517,G.Wardlaw,NTH,12,122,14,87.0833,0.368,-0.783,-1.14364,MID,81.3,14.5,12.5
7324,533,K.Farrell,PTA,13,113,14,81.8462,0.263,-1.207,-1.283533,DEF,78.9,15.0,12.0
8572,611,T.Campbell,STK,1,65,14,65.0,0.105,-2.569,-2.942695,RUC,65.0,15.0,
9676,676,J.McInerney,SYD,13,95,14,83.4615,0.263,-1.076,-0.8598140000000001,FWD,79.8,15.5,
10679,734,R.West,WBD,13,95,14,67.3077,0.263,-2.382,-2.2502370000000003,FWD,67.3,15.5,
570,136,J.Crisp,COL,14,121,14,92.7857,0.368,-0.322,-0.793408,MID,85.8,16.0,14.0
6780,508,B.Scott,NTH,13,111,14,69.6923,0.263,-2.189,-2.2505420000000003,DEF,69.7,16.0,
7636,555,I.Soldo,PTA,8,54,14,83.125,0.105,-1.103,-1.217975,RUC,77.8,16.0,11.0
829,150,N.Kreuger,COL,2,46,14,61.0,0.105,-2.892,-3.129405,RUC,61.0,17.0,
5453,430,J.Weddle,HAW,14,109,14,72.3571,0.263,-1.974,-2.1065519999999998,DEF,72.4,17.0,
8801,63,K.Lohmann,BRL,13,91,14,68.0,0.263,-2.326,-2.07615,FWD,68.0,17.0,
9182,649,T.Adams,SYD,9,115,14,77.4444,0.368,-1.563,-2.272136,MID,76.0,17.5,15.5
10497,725,E.Richards,WBD,11,115,14,95.2727,0.368,-0.121,-0.239128,MID,84.7,17.5,15.5
9147,648,M.Wood,STK,9,90,14,86.7778,0.263,-0.808,-0.7180540000000001,FWD,79.6,18.0,8.0
9709,677,H.McLean,SYD,13,35,14,65.5385,0.105,-2.525,-2.651735,RUC,65.5,18.0,12.0
4865,396,M.D'Ambrosio,HAW,13,106,14,84.6154,0.263,-0.983,-0.979055,DEF,80.4,18.5,
8424,603,N.Vlastuin,RIC,14,106,14,91.7857,0.263,-0.403,-0.45218100000000006,DEF,85.2,18.5,13.0
6371,482,P.Curtis,NTH,13,89,14,55.0,0.263,-3.377,-3.1353029999999995,FWD,55.0,19.0,
6779,508,B.Scott,NTH,13,111,14,69.6923,0.368,-2.189,-2.47972,MID,69.7,19.0,
804,147,J.Howe,COL,11,102,14,79.0,0.263,-1.437,-1.495123,DEF,76.9,20.0,
4502,372,J.Kelly,GWS,10,107,14,105.0,0.368,0.666,0.31014400000000003,MID,88.0,20.0,17.0
4159,349,T.Bedford,GWS,13,88,14,54.6923,0.263,-3.402,-3.0982350000000003,FWD,54.7,20.5,
9796,681,T.Papley,SYD,13,88,14,78.9231,0.263,-1.443,-1.188679,FWD,77.2,20.5,
6945,516,D.Tucker,NTH,13,97,14,68.5385,0.263,-2.283,-2.5317979999999998,DEF,68.5,21.0,
4864,396,M.D'Ambrosio,HAW,13,106,14,84.6154,0.368,-0.983,-1.192024,MID,80.4,21.5,
9417,663,E.Gulden,SYD,13,106,14,108.692,0.368,0.964,0.801712,MID,94.0,21.5,18.0
4781,390,K.Amon,HAW,14,93,14,91.5714,0.263,-0.42,-0.455505,DEF,85.1,22.0,14.0
6911,514,C.Taylor,NTH,4,87,14,65.75,0.263,-2.508,-2.676057,FWD,65.8,22.0,
4421,368,J.Hogan,GWS,13,86,14,87.5385,0.263,-0.746,-0.366754,FWD,82.1,23.0,9.0
4444,369,C.Idun,GWS,13,92,14,81.8462,0.263,-1.207,-1.21752,DEF,78.9,23.0,15.0
4891,397,W.Day,HAW,8,100,14,102.125,0.368,0.433,-0.16536800000000001,MID,84.4,23.0,19.0
3379,30,J.Rachele,ADE,14,81,14,62.5714,0.263,-2.765,-2.565383,FWD,62.6,24.0,10.0
4700,386,C.Ward,GWS,8,99,14,73.625,0.368,-1.871,-2.140008,MID,73.6,24.0,20.0
9044,645,C.Wilkie,STK,14,91,14,83.1429,0.263,-1.102,-0.9557720000000001,DEF,80.0,24.0,16.0
4046,34,L.Sholl,ADE,11,98,14,86.3636,0.368,-0.841,-1.1994319999999998,MID,80.4,25.0,
4384,366,N.Haynes,GWS,7,88,14,76.5714,0.263,-1.633,-1.9454440000000002,DEF,75.5,25.0,
5052,405,J.Impey,HAW,14,87,14,83.0,0.263,-1.113,-1.188744,DEF,79.9,26.0,
4830,395,M.Chol,HAW,12,80,14,64.1667,0.263,-2.636,-2.480041,FWD,64.2,26.5,
5016,403,B.Hardwick,HAW,14,80,14,71.4286,0.263,-2.049,-1.7489169999999998,FWD,71.4,26.5,
5377,429,N.Watson,HAW,7,80,14,53.7143,0.263,-3.481,-3.051258,FWD,53.7,26.5,
6287,48,J.Berry,BRL,13,97,14,90.6923,0.368,-0.491,-1.042264,MID,83.9,26.5,
6944,516,D.Tucker,NTH,13,97,14,68.5385,0.368,-2.283,-2.829848,MID,68.5,26.5,
8653,621,L.Henry,STK,8,80,14,63.25,0.263,-2.71,-2.570084,FWD,63.2,26.5,
775,146,W.Hoskin-Elliott,COL,11,85,14,64.4545,0.263,-2.613,-2.784739,DEF,64.5,28.0,
2078,218,J.Clark,FRE,13,85,14,105.923,0.263,0.74,0.753939,DEF,92.5,28.0,17.5
2408,242,C.Serong,FRE,13,96,14,122.385,0.368,2.071,1.790216,MID,101.8,28.0,21.0
5320,423,J.Scrimshaw,HAW,13,85,14,81.5385,0.263,-1.231,-1.317264,DEF,78.7,28.0,17.5
7911,569,S.Campbell,RIC,13,79,14,54.2308,0.263,-3.44,-3.40055,FWD,54.2,29.0,
9675,676,J.McInerney,SYD,13,95,14,83.4615,0.368,-1.076,-1.4509920000000003,MID,79.8,29.0,
864,151,P.Lipinski,COL,14,78,14,82.1429,0.263,-1.183,-1.1051520000000001,FWD,79.3,31.0,11.0
2589,255,H.Young,FRE,13,83,14,98.0,0.263,0.1,0.193102,DEF,88.0,31.0,19.0
4468,37,J.Soligo,ADE,14,93,14,86.4286,0.368,-0.836,-1.2702399999999998,MID,82.0,31.0,
4780,390,K.Amon,HAW,14,93,14,91.5714,0.368,-0.42,-0.687168,MID,85.1,31.0,22.5
6317,480,C.Comben,NTH,10,78,14,74.7,0.263,-1.784,-1.5354649999999999,FWD,74.7,31.0,
7098,522,M.Bergman,PTA,13,83,14,75.4615,0.263,-1.723,-1.800059,DEF,75.3,31.0,
8886,637,A.Schoenmaker,STK,1,83,14,83.0,0.263,-1.113,-1.7570869999999998,DEF,75.3,31.0,
9879,686,J.Rowbottom,SYD,13,93,14,93.9231,0.368,-0.23,-0.459264,MID,85.7,31.0,22.5
10658,733,C.Weightman,WBD,8,78,14,66.875,0.263,-2.417,-2.159786,FWD,66.9,31.0,
7063,520,A.Aliir,PTA,12,81,14,69.4167,0.263,-2.212,-2.223309,DEF,69.4,33.0,
7436,54,J.Dunkley,BRL,13,90,14,110.154,0.368,1.082,1.0183360000000001,MID,94.9,33.5,24.5
9146,648,M.Wood,STK,9,90,14,86.7778,0.368,-0.808,-1.365888,MID,79.6,33.5,24.5
4200,351,C.Brown,GWS,10,77,14,56.2,0.263,-3.28,-3.309719,FWD,56.2,34.0,
5015,403,B.Hardwick,HAW,14,80,14,71.4286,0.263,-2.049,-2.0997589999999997,DEF,71.4,34.0,
7355,535,M.Georgiades,PTA,10,77,14,62.9,0.263,-2.739,-2.388158,FWD,62.9,34.0,
9517,667,J.Jordon,SYD,13,77,14,75.2308,0.263,-1.742,-1.710703,FWD,75.1,34.0,12.0
2385,241,L.Ryan,FRE,13,79,14,126.0,0.263,2.364,2.279314,DEF,103.8,35.0,20.0
6910,514,C.Taylor,NTH,4,87,14,65.75,0.368,-2.508,-3.50528,MID,65.8,35.0,
774,146,W.Hoskin-Elliott,COL,11,85,14,64.4545,0.368,-2.613,-3.051656,MID,64.5,36.5,
1114,167,L.Schultz,COL,13,76,14,62.2308,0.263,-2.793,-2.6622890000000003,FWD,62.2,36.5,13.5
4363,363,T.Greene,GWS,12,76,14,75.75,0.263,-1.7,-1.399654,FWD,75.4,36.5,13.5
10701,735,B.Williams,WBD,14,85,14,82.5714,0.368,-1.148,-1.6992639999999999,MID,79.6,36.5,
2562,254,K.Worner,FRE,2,78,14,70.5,0.263,-2.124,-3.042659,DEF,70.5,37.0,
6316,480,C.Comben,NTH,10,78,14,74.7,0.263,-1.784,-1.884729,DEF,74.7,37.0,
10464,722,J.O'Donnell,WBD,9,78,14,54.3333,0.263,-3.431,-3.768166,DEF,54.3,37.0,
4674,385,H.Thomas,GWS,13,74,14,54.6154,0.263,-3.409,-3.3282589999999996,FWD,54.6,38.5,
5222,415,D.Moore,HAW,14,74,14,92.8571,0.263,-0.316,0.08297100000000002,FWD,85.9,38.5,15.0
927,154,B.Maynard,COL,14,77,14,90.2143,0.263,-0.53,-0.910035,DEF,84.3,39.0,21.0
2590,255,H.Young,FRE,13,83,14,98.0,0.368,0.1,0.0057920000000000055,MID,88.0,39.0,26.5
7099,522,M.Bergman,PTA,13,83,14,75.4615,0.368,-1.723,-2.038008,MID,75.3,39.0,
8968,640,J.Steele,STK,14,83,14,108.857,0.368,0.978,0.8333759999999999,MID,95.6,39.0,26.5
7976,577,J.Graham,RIC,7,73,14,69.4286,0.263,-2.211,-2.008753,FWD,69.4,40.0,
8277,594,D.Rioli,RIC,14,76,14,86.7857,0.263,-0.807,-0.707323,DEF,82.2,40.0,22.0
2711,26,L.Nankervis,ADE,11,75,14,72.1818,0.263,-1.988,-2.176308,DEF,72.2,41.0,
7557,55,J.Fletcher,BRL,13,81,14,67.2308,0.368,-2.388,-2.959872,MID,67.2,41.0,
7141,523,T.Boak,PTA,11,72,14,80.2727,0.263,-1.334,-1.143062,FWD,77.5,41.5,
7763,563,N.Balta,RIC,10,72,14,71.9,0.263,-2.011,-2.050976,FWD,71.9,41.5,
9587,671,J.Lloyd,SYD,13,73,14,83.0769,0.263,-1.107,-1.212989,DEF,79.6,42.5,23.0
10559,73,J.Payne,BRL,12,73,14,63.4167,0.263,-2.697,-2.925547,DEF,63.4,42.5,
4341,362,T.Green,GWS,13,80,14,99.6923,0.368,0.236,0.28752,MID,89.0,43.0,28.0
5376,429,N.Watson,HAW,7,80,14,53.7143,0.368,-3.481,-3.6039120000000002,MID,53.7,43.0,
6479,488,Z.Fisher,NTH,13,71,14,86.6154,0.263,-0.821,-0.605866,FWD,81.6,43.0,16.0
8652,621,L.Henry,STK,8,80,14,63.25,0.368,-2.71,-3.248016,MID,63.2,43.0,
5419,43,C.Ah Chee,BRL,12,70,14,61.0833,0.263,-2.886,-2.6387799999999997,FWD,61.1,44.5,
9080,646,D.Wilson,STK,14,70,14,67.6429,0.263,-2.355,-2.226393,FWD,67.6,44.5,
11675,9,J.Dawson,ADE,14,79,14,104.0,0.368,0.585,0.341752,MID,92.7,45.0,29.0
1368,18,M.Keane,ADE,13,72,14,79.4615,0.263,-1.399,-1.553118,DEF,77.5,45.5,
4398,367,H.Himmelberg,GWS,13,72,14,89.4615,0.263,-0.591,-0.5923149999999999,DEF,83.2,45.5,24.0
7697,561,B.Zerk-Thatcher,PTA,13,72,14,56.6154,0.263,-3.247,-3.293288,DEF,56.6,45.5,
7762,563,N.Balta,RIC,10,72,14,71.9,0.263,-2.011,-2.435219,DEF,71.9,45.5,
865,151,P.Lipinski,COL,14,78,14,82.1429,0.368,-1.183,-1.7703280000000001,MID,79.3,46.5,30.5
2496,249,J.Treacy,FRE,13,69,14,79.8462,0.263,-1.368,-1.027678,FWD,77.7,46.5,
4257,354,F.Callaghan,GWS,12,78,14,75.5,0.368,-1.72,-1.873088,MID,75.3,46.5,30.5
4542,377,X.O'Halloran,GWS,11,69,14,59.1818,0.263,-3.039,-3.055569,FWD,59.2,46.5,
6478,488,Z.Fisher,NTH,13,71,14,86.6154,0.263,-0.821,-0.933038,DEF,81.6,48.0,25.0
9518,667,J.Jordon,SYD,13,77,14,75.2308,0.368,-1.742,-2.415808,MID,75.1,48.0,32.0
7839,566,S.Bolton,RIC,13,68,14,83.4615,0.263,-1.076,-0.987106,FWD,79.8,48.5,17.0
10174,707,J.Freijah,WBD,6,68,14,65.0,0.263,-2.569,-2.2983729999999998,FWD,65.0,48.5,
7225,526,Z.Butters,PTA,13,76,14,117.923,0.368,1.711,1.7408080000000001,MID,99.3,49.0,33.0
676,14,W.Hamill,ADE,6,68,14,53.1667,0.263,-3.526,-3.771116,DEF,53.2,49.5,
2351,239,A.Pearce,FRE,13,68,14,72.9231,0.263,-1.928,-2.204939,DEF,72.9,49.5,
2712,26,L.Nankervis,ADE,11,75,14,72.1818,0.368,-1.988,-2.453888,MID,72.2,51.0,
4622,381,J.Riccardi,GWS,13,67,14,59.3077,0.263,-3.029,-2.920381,FWD,59.3,51.0,
7614,552,C.Rozee,PTA,10,75,14,90.6,0.368,-0.499,-0.489432,MID,81.8,51.0,34.0
8038,582,J.Koschitzke,RIC,5,67,14,47.0,0.263,-4.024,-3.8228050000000002,FWD,47.0,51.0,
8107,587,K.McIntosh,RIC,13,75,14,46.6923,0.368,-4.049,-4.697048000000001,MID,46.7,51.0,
8846,633,M.Owens,STK,14,67,14,66.2143,0.263,-2.471,-2.348442,FWD,66.2,51.0,18.0
4122,346,L.Aleer,GWS,5,67,14,68.0,0.263,-2.326,-2.743381,DEF,68.0,51.5,
4643,384,S.Taylor,GWS,11,67,14,74.0909,0.263,-1.834,-2.054131,DEF,74.1,51.5,26.0
9238,652,N.Blakey,SYD,13,65,14,98.1538,0.263,0.112,0.095957,DEF,88.1,53.0,27.0
10595,731,J.Ugle-Hagan,WBD,12,66,14,59.5,0.263,-3.014,-2.6957699999999996,FWD,59.5,53.0,
4673,385,H.Thomas,GWS,13,74,14,54.6154,0.368,-3.409,-4.057048,MID,54.6,53.5,
8576,612,H.Clark,STK,3,74,14,87.0,0.368,-0.79,-1.491776,MID,76.6,53.5,
1020,160,D.Moore,COL,14,64,14,75.9286,0.263,-1.685,-1.8483230000000002,DEF,75.6,54.0,28.0
5144,410,C.Mackenzie,HAW,14,65,14,61.7857,0.263,-2.829,-2.6864540000000003,FWD,61.8,54.0,19.0
7729,562,L.Baker,RIC,11,62,14,83.8182,0.263,-1.047,-0.838704,FWD,79.2,55.0,20.0
7871,567,N.Broad,RIC,13,63,14,63.8462,0.263,-2.662,-2.778772,DEF,63.8,55.0,
2039,215,A.Brayshaw,FRE,13,73,14,101.308,0.368,0.367,0.49285599999999996,MID,89.9,56.0,35.5
7975,577,J.Graham,RIC,7,73,14,69.4286,0.368,-2.211,-2.640456,MID,69.4,56.0,
9588,671,J.Lloyd,SYD,13,73,14,83.0769,0.368,-1.107,-1.4658,MID,79.6,56.0,35.5
2468,247,S.Switkowski,FRE,10,61,14,70.9,0.263,-2.092,-1.734057,FWD,70.9,56.5,
6581,5,J.Butts,ADE,11,62,14,60.6364,0.263,-2.922,-3.333595,DEF,60.6,56.5,
7728,562,L.Baker,RIC,11,62,14,83.8182,0.263,-1.047,-1.172714,DEF,79.2,56.5,29.0
10900,75,C.Rayner,BRL,13,61,14,73.6154,0.263,-1.872,-1.543776,FWD,73.6,56.5,21.0
312,12,D.Fogarty,ADE,14,60,14,69.2857,0.263,-2.222,-2.073142,FWD,69.3,58.0,
7140,523,T.Boak,PTA,11,72,14,80.2727,0.368,-1.334,-1.754992,MID,77.5,58.0,
1083,164,I.Quaynor,COL,14,61,14,59.0714,0.263,-3.048,-3.298902,DEF,59.1,58.5,30.0
7181,524,J.Burgoyne,PTA,11,61,14,72.5455,0.263,-1.959,-1.910082,DEF,72.5,58.5,
5255,417,C.Nash,HAW,14,71,14,74.4286,0.368,-1.806,-2.1346239999999996,MID,74.4,59.5,37.5
7373,536,J.Horne-Francis,PTA,11,71,14,102.727,0.368,0.482,0.18392,MID,88.3,59.5,37.5
6499,489,E.Ford,NTH,10,59,14,44.8,0.263,-4.202,-3.905862,FWD,44.8,60.0,
7248,527,D.Byrne-Jones,PTA,13,59,14,67.8462,0.263,-2.339,-2.253525,FWD,67.8,60.0,
10320,716,B.Khamis,WBD,10,59,14,52.7,0.263,-3.563,-3.486993,FWD,52.7,60.0,
2504,25,N.Murray,ADE,1,60,14,60.0,0.263,-2.973,-3.3614509999999997,DEF,60.0,60.5,
5577,44,H.Andrews,BRL,13,60,14,89.8462,0.263,-0.56,-0.7843390000000001,DEF,83.4,60.5,31.0
5418,43,C.Ah Chee,BRL,12,70,14,61.0833,0.368,-2.886,-3.2672480000000004,MID,61.1,62.0,
9081,646,D.Wilson,STK,14,70,14,67.6429,0.368,-2.355,-2.8996399999999998,MID,67.6,62.0,
10415,72,L.Neale,BRL,12,70,14,114.833,0.368,1.461,1.561096,MID,95.8,62.0,39.0
4214,352,J.Buckley,GWS,11,59,14,78.0909,0.263,-1.51,-1.632295,DEF,76.5,63.5,
6348,481,A.Corr,NTH,13,59,14,65.3077,0.263,-2.544,-2.7680759999999998,DEF,65.3,63.5,
8244,593,H.Ralphsmith,RIC,9,59,14,56.7778,0.263,-3.234,-3.593258,DEF,56.8,63.5,
10321,716,B.Khamis,WBD,10,59,14,52.7,0.263,-3.563,-3.900429,DEF,52.7,63.5,
4541,377,X.O'Halloran,GWS,11,69,14,59.1818,0.368,-3.039,-3.8228400000000002,MID,59.2,64.5,
6080,47,Z.Bailey,BRL,8,58,14,71.25,0.263,-2.063,-1.881793,FWD,71.2,64.5,23.0
6830,510,L.Shiels,NTH,8,69,14,41.625,0.368,-4.459,-4.905752,MID,41.6,64.5,
8708,623,B.Hill,STK,14,58,14,76.9286,0.263,-1.604,-1.50406,FWD,76.2,64.5,
8764,628,M.King,STK,11,58,14,57.8182,0.263,-3.15,-3.049797,FWD,57.8,64.5,
10391,719,J.Macrae,WBD,12,58,14,76.8333,0.263,-1.612,-1.492861,FWD,76.0,64.5,23.0
10535,726,R.Sanders,WBD,10,58,14,64.6,0.263,-2.601,-2.4666069999999998,FWD,64.6,64.5,23.0
11072,76,B.Reville,BRL,6,58,14,63.1667,0.263,-2.717,-2.844818,FWD,63.2,64.5,
7657,559,D.Williams,PTA,4,58,14,42.25,0.263,-4.408,-4.737013,DEF,42.2,66.0,
7840,566,S.Bolton,RIC,13,68,14,83.4615,0.368,-1.076,-1.643456,MID,79.8,66.5,40.0
10173,707,J.Freijah,WBD,6,68,14,65.0,0.368,-2.569,-2.9053519999999997,MID,65.0,66.5,
5066,406,C.Jiath,HAW,5,56,14,47.2,0.263,-4.008,-4.0306180000000005,DEF,47.2,67.5,
6410,484,K.Dawson,NTH,6,56,14,54.1667,0.263,-3.445,-3.757707,DEF,54.2,67.5,
7483,545,J.McEntee,PTA,11,57,14,36.6364,0.263,-4.862,-4.772054,FWD,36.6,68.0,
5145,410,C.Mackenzie,HAW,14,65,14,61.7857,0.368,-2.829,-3.366648,MID,61.8,68.5,41.5
7674,560,O.Wines,PTA,12,65,14,98.0833,0.368,0.106,-0.06511999999999998,MID,87.0,68.5,41.5
683,140,C.Dean,COL,6,54,14,59.3333,0.263,-3.027,-3.3765270000000003,DEF,59.3,69.5,
1170,17,C.Jones,ADE,14,54,14,62.0,0.263,-2.811,-3.0905690000000003,DEF,62.0,69.5,
1572,19,B.Keays,ADE,14,56,14,64.7143,0.263,-2.592,-2.009455,FWD,64.7,70.0,25.5
4965,400,J.Ginnivan,HAW,14,56,14,66.6429,0.263,-2.436,-2.124345,FWD,66.6,70.0,
8083,585,D.*** Martin,RIC,11,56,14,67.9091,0.263,-2.334,-2.256678,FWD,67.9,70.0,25.5
9914,690,C.Warner,SYD,13,64,14,108.231,0.368,0.927,0.6226640000000001,MID,93.8,70.0,43.0
8492,607,R.Bonner,STK,14,53,14,79.2143,0.263,-1.419,-1.638868,DEF,77.6,71.5,32.0
9618,674,T.McCartin,SYD,10,53,14,60.3,0.263,-2.949,-3.091809,DEF,60.3,71.5,
4128,347,R.Angwin,GWS,3,61,14,66.6667,0.368,-2.434,-3.2896,MID,66.7,72.5,
5476,432,J.Worpel,HAW,14,61,14,86.8571,0.368,-0.801,-1.091352,MID,82.2,72.5,44.5
7180,524,J.Burgoyne,PTA,11,61,14,72.5455,0.368,-1.959,-2.099208,MID,72.5,72.5,
10901,75,C.Rayner,BRL,13,61,14,73.6154,0.368,-1.872,-2.101264,MID,73.6,72.5,44.5
20,10,B.Dowling,ADE,2,55,14,59.0,0.263,-3.054,-2.7047359999999996,FWD,59.0,73.5,
2361,24,L.Murphy,ADE,8,55,14,53.125,0.263,-3.529,-3.323071,FWD,53.1,73.5,
2536,251,B.Walker,FRE,12,52,14,58.0833,0.263,-3.128,-3.287115,DEF,58.1,73.5,
5090,409,C.Macdonald,HAW,14,55,14,69.0,0.263,-2.245,-1.920458,FWD,69.0,73.5,27.0
7892,568,T.Brown,RIC,12,52,14,61.75,0.263,-2.832,-3.2073009999999997,DEF,61.8,73.5,
8013,58,E.Hipwood,BRL,12,55,14,64.25,0.263,-2.629,-2.450686,FWD,64.2,73.5,
9305,656,H.Cunningham,SYD,12,51,14,55.8333,0.263,-3.31,-3.607716,DEF,55.8,75.5,
9326,658,O.Florent,SYD,13,51,14,79.6154,0.263,-1.387,-1.516659,DEF,77.6,75.5,
602,137,J.Daicos,COL,14,59,14,86.0,0.368,-0.871,-1.050584,MID,81.7,76.0,46.0
2328,238,J.O'Meara,FRE,12,59,14,59.9167,0.368,-2.98,-3.2975839999999996,MID,59.9,76.0,
8245,593,H.Ralphsmith,RIC,9,59,14,56.7778,0.368,-3.234,-3.92584,MID,56.8,76.0,
11440,781,L.Sullivan,COL,7,54,14,64.5714,0.263,-2.603,-2.725032,FWD,64.6,76.0,
1041,162,J.Noble,COL,12,50,14,79.4167,0.263,-1.403,-1.5481760000000002,DEF,77.3,77.5,
11556,81,B.Starcevich,BRL,9,50,14,56.4444,0.263,-3.261,-3.547407,DEF,56.4,77.5,
7510,547,J.Mead,PTA,13,53,14,60.0769,0.263,-2.967,-2.783426,FWD,60.1,78.0,
9640,675,L.McDonald,SYD,13,53,14,61.9231,0.263,-2.818,-2.6312699999999998,FWD,61.9,78.0,
10547,727,A.Scott,WBD,2,53,14,28.5,0.263,-5.52,-5.474238,FWD,28.5,78.0,
6693,506,T.Pink,NTH,8,49,14,40.125,0.263,-4.58,-4.965821,DEF,40.1,79.0,
2146,224,J.Draper,FRE,12,48,14,42.25,0.263,-4.408,-4.543971,DEF,42.2,80.0,
6081,47,Z.Bailey,BRL,8,58,14,71.25,0.368,-2.063,-2.5200560000000003,MID,71.2,80.0,48.0
8709,623,B.Hill,STK,14,58,14,76.9286,0.368,-1.604,-2.169984,MID,76.2,80.0,
10241,71,L.Morris,BRL,6,52,14,56.5,0.263,-3.256,-3.178152,FWD,56.5,80.0,
10390,719,J.Macrae,WBD,12,58,14,76.8333,0.368,-1.612,-2.14928,MID,76.0,80.0,48.0
10534,726,R.Sanders,WBD,10,58,14,64.6,0.368,-2.601,-3.144536,MID,64.6,80.0,48.0
11071,76,B.Reville,BRL,6,58,14,63.1667,0.368,-2.717,-3.659448,MID,63.2,80.0,
2102,22,M.Michalanney,ADE,14,46,14,65.0714,0.263,-2.563,-2.7381580000000003,DEF,65.1,81.5,
7580,550,E.Ratugolea,PTA,13,46,14,62.6154,0.263,-2.762,-3.0873310000000003,DEF,62.6,81.5,
948,155,B.McCreery,COL,12,51,14,51.6667,0.263,-3.647,-3.462637,FWD,51.7,82.0,
2221,228,N.Fyfe,FRE,13,51,14,75.6154,0.263,-1.71,-1.6545070000000002,FWD,75.3,82.0,28.0
2448,246,S.Sturt,FRE,3,51,14,46.0,0.263,-4.105,-3.8220120000000004,FWD,46.0,82.0,
21,10,B.Dowling,ADE,2,55,14,59.0,0.368,-3.054,-3.286208,MID,59.0,83.0,
9818,683,D.Rampe,SYD,10,45,14,63.0,0.263,-2.731,-3.111561,DEF,63.0,83.5,
10290,714,L.Jones,WBD,14,45,14,72.6429,0.263,-1.951,-2.168238,DEF,72.6,83.5,
1171,17,C.Jones,ADE,14,54,14,62.0,0.368,-2.811,-3.3964879999999997,MID,62.0,84.5,
11441,781,L.Sullivan,COL,7,54,14,64.5714,0.368,-2.603,-3.533672,MID,64.6,84.5,
2017,214,B.Banfield,FRE,13,50,14,69.0,0.263,-2.245,-2.215018,FWD,69.0,85.0,
4906,398,C.Dear,HAW,7,50,14,49.7143,0.263,-3.805,-3.6456220000000004,FWD,49.7,85.0,
7467,543,T.Marshall,PTA,13,50,14,62.2308,0.263,-2.793,-2.813777,FWD,62.2,85.0,
9270,654,B.Campbell,SYD,11,44,14,40.1818,0.263,-4.576,-4.657004,DEF,40.2,85.0,
8455,606,J.Battle,STK,14,41,14,77.2857,0.263,-1.575,-1.5079349999999998,DEF,76.4,86.5,
10631,732,L.Vandermeer,WBD,14,41,14,50.1429,0.263,-3.77,-4.114267,DEF,50.1,86.5,
6694,506,T.Pink,NTH,8,49,14,40.125,0.263,-4.58,-4.523718,FWD,40.1,87.5,
7511,547,J.Mead,PTA,13,53,14,60.0769,0.368,-2.967,-3.446504,MID,60.1,87.5,
8063,584,R.Mansell,RIC,12,49,14,59.25,0.263,-3.034,-2.8646279999999997,FWD,59.2,87.5,
8491,607,R.Bonner,STK,14,53,14,79.2143,0.368,-1.419,-1.9319920000000002,MID,77.6,87.5,50.0
8609,616,P.Dow,STK,5,53,14,64.6,0.368,-2.601,-3.228072,MID,64.6,87.5,
10546,727,A.Scott,WBD,2,53,14,28.5,0.368,-5.52,-6.282128,MID,28.5,87.5,
9743,678,L.Melican,SYD,13,37,14,52.4615,0.263,-3.583,-3.8599390000000002,DEF,52.5,88.0,
8509,608,D.Butler,STK,7,48,14,30.7143,0.263,-5.341,-5.0517,FWD,30.7,89.0,
3363,3,J.Borlase,ADE,8,34,14,67.25,0.263,-2.387,-2.708386,DEF,67.2,89.5,
10131,705,T.Duryea,WBD,12,34,14,60.3333,0.263,-2.946,-3.178229,DEF,60.3,89.5,
8384,600,T.Sonsie,RIC,10,47,14,45.5,0.263,-4.146,-4.1862390000000005,FWD,45.5,90.0,
7287,531,W.Drew,PTA,13,52,14,90.5385,0.368,-0.504,-0.7825759999999999,MID,83.8,90.5,
8885,636,S.Ross,STK,13,52,14,69.4615,0.368,-2.208,-2.650704,MID,69.5,90.5,
828,150,N.Kreuger,COL,2,46,14,61.0,0.263,-2.892,-2.882532,FWD,61.0,91.0,
9125,647,M.Windhager,STK,13,33,14,74.1538,0.263,-1.829,-2.046238,DEF,74.2,91.0,
1994,213,J.Amiss,FRE,12,45,14,50.0833,0.263,-3.775,-3.547242,FWD,50.1,92.0,
2220,228,N.Fyfe,FRE,13,51,14,75.6154,0.368,-1.71,-2.346272,MID,75.3,92.0,51.0
6258,477,J.Archer,NTH,5,32,14,38.4,0.263,-4.72,-4.873855,DEF,38.4,92.0,
5703,45,N.Answerth,BRL,11,27,14,54.8182,0.263,-3.392,-3.596351,DEF,54.8,93.0,
6671,505,W.Phillips,NTH,4,47,14,50.0,0.368,-3.782,-3.908592,MID,50.0,93.0,
726,144,H.Harrison,COL,8,42,14,54.0,0.263,-3.458,-3.504814,FWD,54.0,93.5,
9440,665,W.Hayward,SYD,13,42,14,73.8462,0.263,-1.853,-1.8053970000000001,FWD,73.8,93.5,
813,148,T.Jiath,COL,1,24,14,24.0,0.263,-5.884,-6.333730000000001,DEF,24.0,94.0,
7957,574,T.Dow,RIC,14,45,14,62.3571,0.368,-2.783,-3.382472,MID,62.4,94.0,
712,143,B.Frampton,COL,12,22,14,54.4167,0.263,-3.425,-3.776631,DEF,54.4,95.0,
9269,654,B.Campbell,SYD,11,44,14,40.1818,0.368,-4.576,-4.876288,MID,40.2,95.0,
1967,212,J.Aish,FRE,13,21,14,74.3077,0.263,-1.816,-2.301235,DEF,74.3,96.0,
2185,227,M.Frederick,FRE,10,41,14,48.5,0.263,-3.903,-3.7378359999999997,FWD,48.5,96.0,
9940,692,S.Wicks,SYD,11,41,14,50.4545,0.263,-3.745,-3.7602539999999998,FWD,50.5,96.0,
10632,732,L.Vandermeer,WBD,14,41,14,50.1429,0.263,-3.77,-3.6953080000000003,FWD,50.1,96.0,
3909,33,H.Schoenberg,ADE,4,38,14,46.75,0.368,-4.045,-4.664712,MID,46.8,96.5,
8364,6,B.Cook,ADE,10,38,14,55.0,0.368,-3.377,-4.147959999999999,MID,55.0,96.5,
9895,69,C.McKenna,BRL,8,20,14,62.5,0.263,-2.771,-3.163922,DEF,62.5,97.0,
4928,399,S.Frost,HAW,14,19,14,52.7143,0.263,-3.562,-3.945454,DEF,52.7,98.0,
6598,50,C.Cameron,BRL,13,39,14,57.7692,0.263,-3.153,-2.9875730000000003,FWD,57.8,98.0,
6734,507,T.Powell,NTH,13,37,14,80.4615,0.368,-1.319,-1.686264,MID,78.1,98.0,52.0
6622,502,L.McDonald,NTH,12,16,14,64.5,0.263,-2.609,-2.760751,DEF,64.5,99.0,
8363,6,B.Cook,ADE,10,38,14,55.0,0.263,-3.377,-3.3783149999999997,FWD,55.0,99.0,
2306,231,M.Johnson,FRE,12,34,14,62.6667,0.368,-2.757,-3.2265680000000003,MID,62.7,99.5,
10213,708,H.Gallagher,WBD,14,34,14,45.9286,0.368,-4.111,-4.730712,MID,45.9,99.5,
6733,507,T.Powell,NTH,13,37,14,80.4615,0.263,-1.319,-1.093083,FWD,78.1,100.0,29.0
8603,614,Z.Cordy,STK,8,14,14,46.625,0.263,-4.055,-4.366655,DEF,46.6,100.0,
9124,647,M.Windhager,STK,13,33,14,74.1538,0.368,-1.829,-2.335736,MID,74.2,101.0,
9849,685,M.Roberts,SYD,12,5,14,66.75,0.263,-2.427,-2.234484,DEF,66.8,101.0,
4808,393,L.Breust,HAW,9,35,14,34.1111,0.263,-5.067,-4.832404,FWD,34.1,101.5,
9710,677,H.McLean,SYD,13,35,14,65.5385,0.263,-2.525,-2.273835,FWD,65.5,101.5,30.0
1968,212,J.Aish,FRE,13,21,14,74.3077,0.368,-1.816,-2.690736,MID,74.3,102.0,
8746,626,Z.Jones,STK,6,18,14,34.8333,0.368,-5.008,-4.740832,MID,34.8,103.0,
10214,708,H.Gallagher,WBD,14,34,14,45.9286,0.263,-4.111,-3.99791,FWD,45.9,103.0,
8,1,S.Berry,ADE,9,15,14,46.4444,0.368,-4.069,-4.046552,MID,46.4,104.0,
8566,610,A.Caminiti,STK,10,33,14,50.2,0.263,-3.766,-3.559019,FWD,50.2,104.0,
2431,243,J.Sharp,FRE,13,14,14,71.5385,0.368,-2.04,-2.52576,MID,71.5,105.0,
8051,583,T.Lynch,RIC,4,32,14,42.5,0.263,-4.388,-4.291742,FWD,42.5,105.0,
5704,45,N.Answerth,BRL,11,27,14,54.8182,0.263,-3.392,-3.1992209999999996,FWD,54.8,106.0,
10088,703,C.Daniel,WBD,10,12,14,47.5,0.368,-3.984,-4.50656,MID,47.5,106.0,53.0
8092,586,K.McAuliffe,RIC,7,11,14,46.0,0.368,-4.105,-4.755624000000001,MID,46.0,107.0,
2556,252,M.Walters,FRE,13,25,14,45.1538,0.263,-4.174,-4.098256,FWD,45.2,107.5,
7303,532,F.Evans,PTA,6,25,14,31.1667,0.263,-5.305,-4.948109,FWD,31.2,107.5,
899,152,F.Macrae,COL,8,10,14,44.5,0.368,-4.226,-4.878095999999999,MID,44.5,108.0,
7447,540,O.Lord,PTA,1,24,14,24.0,0.263,-5.884,-5.402710000000001,FWD,24.0,109.0,
9850,685,M.Roberts,SYD,12,5,14,66.75,0.368,-2.427,-2.367016,MID,66.8,109.0,
4237,353,A.Cadman,GWS,13,23,14,48.6923,0.263,-3.887,-3.792846,FWD,48.7,110.0,
6901,513,J.Stephenson,NTH,10,22,14,45.0,0.263,-4.186,-3.87566,FWD,45.0,111.0,
960,156,R.McInnes,COL,7,16,14,39.5714,0.263,-4.625,-4.5976479999999995,FWD,39.6,112.0,
4982,402,J.Gunston,HAW,10,14,14,52.1,0.263,-3.612,-3.3095499999999998,FWD,52.1,114.0,
7532,548,Q.Narkle,PTA,1,14,14,14.0,0.263,-6.693,-6.378452,FWD,14.0,114.0,
8602,614,Z.Cordy,STK,8,14,14,46.625,0.263,-4.055,-3.943751,FWD,46.6,114.0,
10089,703,C.Daniel,WBD,10,12,14,47.5,0.263,-3.984,-3.809105,FWD,47.5,116.0,31.0
898,152,F.Macrae,COL,8,10,14,44.5,0.263,-4.226,-4.132372,FWD,44.5,117.0,
4511,376,T.McMullin,GWS,4,3,14,37.5,0.263,-4.793,-4.558667,FWD,37.5,118.0,
7942,573,N.Cumberland,RIC,6,2,14,34.0,0.263,-5.076,-5.049174,FWD,34.0,119.0,
49,100,T.De Koning,CAR,14,176,15,101.857,0.105,0.412,0.33986500000000003,RUC,91.3,1.0,1.0
9880,686,J.Rowbottom,SYD,14,163,15,98.8571,0.368,0.169,-0.20709599999999995,MID,89.5,1.0,1.0
11409,779,E.Yeo,WCE,12,139,15,110.5,0.263,1.11,1.031889,DEF,93.5,1.0,1.0
11846,99,C.Curnow,CAR,14,118,15,91.4286,0.263,-0.432,-0.38308200000000003,FWD,85.0,1.0,1.0
2127,221,S.Darcy,FRE,7,147,15,105.571,0.105,0.712,0.57235,RUC,84.3,2.0,2.0
3660,313,S.De Koning,GEE,13,135,15,65.3846,0.263,-2.538,-2.686858,DEF,65.4,2.0,
4342,362,T.Green,GWS,14,153,15,103.5,0.368,0.544,0.482176,MID,92.3,2.0,2.0
1420,182,M.Guelfi,ESS,8,117,15,83.75,0.263,-1.053,-1.1155939999999998,FWD,78.0,2.5,
2926,273,S.Flanders,GCS,13,117,15,120.077,0.263,1.885,2.235053,FWD,100.5,2.5,2.0
5968,462,T.Rivers,MEL,14,131,15,84.1429,0.263,-1.021,-1.055453,DEF,80.6,3.0,2.0
9418,663,E.Gulden,SYD,14,151,15,111.714,0.368,1.209,0.9565520000000001,MID,97.3,3.0,3.0
9770,68,O.McInerney,BRL,13,126,15,94.9231,0.105,-0.149,-0.22292,RUC,86.3,3.0,3.0
228,110,M.Kennedy,CAR,14,116,15,75.5714,0.263,-1.714,-1.465202,FWD,75.3,4.0,
2591,255,H.Young,FRE,14,130,15,100.286,0.263,0.285,0.329447,DEF,90.4,4.0,3.0
9395,662,B.Grundy,SYD,14,124,15,116.857,0.105,1.624,1.4803600000000001,RUC,100.5,4.0,4.0
10416,72,L.Neale,BRL,13,149,15,117.462,0.368,1.673,1.69508,MID,99.0,4.0,4.0
1217,173,J.Caldwell,ESS,14,115,15,91.2143,0.263,-0.449,-0.10894100000000001,FWD,84.9,5.0,3.0
1617,191,J.Laverde,ESS,13,128,15,70.1538,0.263,-2.152,-2.397379,DEF,70.2,5.0,
5623,443,M.Gawn,MEL,14,114,15,128.929,0.105,2.601,2.54703,RUC,107.8,5.0,5.0
6395,483,L.Davies-Uniacke,NTH,14,148,15,111.286,0.368,1.174,0.976752,MID,97.1,5.0,5.0
6856,511,J.Simpkin,NTH,9,114,15,72.0,0.263,-2.003,-1.6098150000000002,FWD,72.0,6.0,4.0
6997,518,T.Xerri,NTH,14,111,15,109.5,0.105,1.03,1.094155,RUC,96.0,6.0,6.0
7437,54,J.Dunkley,BRL,14,144,15,112.571,0.368,1.278,1.1422080000000001,MID,97.9,6.0,6.0
3190,289,W.Powell,GCS,9,117,15,95.6667,0.263,-0.089,-0.296244,DEF,83.1,6.5,4.5
6814,509,H.Sheezel,NTH,14,117,15,116.643,0.263,1.607,1.758225,DEF,100.3,6.5,4.5
1299,177,S.Draper,ESS,7,97,15,63.8571,0.105,-2.661,-2.691135,RUC,63.9,7.0,7.0
9478,666,I.Heeney,SYD,14,112,15,125.0,0.263,2.283,2.471571,FWD,105.4,7.0,5.0
11410,779,E.Yeo,WCE,12,139,15,110.5,0.368,1.11,0.773648,MID,93.5,7.0,7.0
1745,197,Z.Merrett,ESS,14,135,15,118.714,0.368,1.775,1.586952,MID,101.6,8.0,8.0
1894,206,J.Stringer,ESS,14,111,15,66.5714,0.263,-2.442,-2.344427,FWD,66.6,8.0,
3403,301,J.Witts,GCS,10,84,15,104.2,0.105,0.601,0.578635,RUC,87.7,8.0,8.0
9239,652,N.Blakey,SYD,14,115,15,99.3571,0.263,0.209,0.167446,DEF,89.8,8.0,6.0
1653,193,N.Martin,ESS,14,112,15,103.5,0.263,0.544,0.621322,DEF,92.3,9.0,7.0
2040,215,A.Brayshaw,FRE,14,134,15,103.643,0.368,0.556,0.612304,MID,92.4,9.0,9.0
9711,677,H.McLean,SYD,14,82,15,66.7143,0.105,-2.43,-2.56671,RUC,66.7,9.0,9.0
6082,47,Z.Bailey,BRL,9,110,15,75.5556,0.263,-1.715,-1.625317,FWD,75.2,9.5,6.0
8014,58,E.Hipwood,BRL,13,110,15,67.7692,0.263,-2.345,-2.241378,FWD,67.8,9.5,
2275,230,L.Jackson,FRE,14,66,15,99.5,0.105,0.221,0.09206000000000002,RUC,89.9,10.0,10.0
2592,255,H.Young,FRE,14,130,15,100.286,0.368,0.285,0.12271199999999997,MID,90.4,10.0,10.0
6318,480,C.Comben,NTH,11,109,15,77.8182,0.263,-1.532,-1.699005,DEF,76.3,10.5,
10736,739,T.Barrass,WCE,13,109,15,83.8462,0.263,-1.045,-1.128634,DEF,80.0,10.5,
6319,480,C.Comben,NTH,11,109,15,77.8182,0.263,-1.532,-1.3497409999999999,FWD,76.3,11.0,
7226,526,Z.Butters,PTA,14,123,15,118.286,0.368,1.74,1.759136,MID,101.3,11.0,11.0
10957,752,M.Flynn,WCE,3,60,15,67.0,0.105,-2.407,-2.63044,RUC,67.0,11.0,
6480,488,Z.Fisher,NTH,14,108,15,88.1429,0.263,-0.697,-0.84165,DEF,83.0,12.0,8.0
6481,488,Z.Fisher,NTH,14,108,15,88.1429,0.263,-0.697,-0.514478,FWD,83.0,12.0,7.0
6978,517,G.Wardlaw,NTH,13,122,15,89.7692,0.368,-0.566,-1.0064959999999998,MID,83.3,12.0,12.0
7641,556,J.Sweet,PTA,5,55,15,81.4,0.105,-1.243,-1.2811150000000002,RUC,76.4,12.5,
11538,807,B.Teakle,NTH,2,55,15,63.5,0.105,-2.69,-3.05246,RUC,63.5,12.5,
2409,242,C.Serong,FRE,14,121,15,122.286,0.368,2.063,1.78516,MID,103.8,13.0,13.0
4091,342,T.Stewart,GEE,13,107,15,93.6154,0.263,-0.255,-0.196351,DEF,85.5,13.0,9.0
10811,745,J.Cripps,WCE,14,107,15,80.4286,0.263,-1.321,-1.242626,FWD,78.3,13.0,
2925,273,S.Flanders,GCS,13,117,15,120.077,0.368,1.885,1.79852,MID,100.5,14.0,14.0
3477,304,M.Blicavs,GEE,13,48,15,61.5385,0.105,-2.849,-2.9445500000000004,RUC,61.5,14.0,11.0
4735,389,L.Whitfield,GWS,14,105,15,102.714,0.263,0.481,0.737951,DEF,91.9,14.0,10.0
229,110,M.Kennedy,CAR,14,116,15,75.5714,0.368,-1.714,-2.058448,MID,75.3,15.0,
335,120,N.Newman,CAR,14,104,15,97.8571,0.263,0.088,0.18794,DEF,88.9,15.0,11.0
358,122,M.Owies,CAR,14,104,15,56.6429,0.263,-3.245,-3.176357,FWD,56.6,15.0,
4182,350,K.Briggs,GWS,14,47,15,88.5,0.105,-0.669,-0.690315,RUC,83.2,15.0,12.0
7042,52,J.Daniher,BRL,14,104,15,91.2143,0.263,-0.449,-0.358791,FWD,84.9,15.0,8.5
11617,86,D.Zorko,BRL,14,104,15,110.857,0.263,1.139,1.4711690000000002,FWD,96.8,15.0,8.5
1218,173,J.Caldwell,ESS,14,115,15,91.2143,0.368,-0.449,-0.619016,MID,84.9,16.0,15.0
3843,325,M.Holmes,GEE,14,103,15,103.643,0.263,0.556,0.46736900000000003,DEF,92.4,16.0,12.0
11323,776,B.Williams,WCE,14,44,15,67.1429,0.105,-2.396,-2.5343899999999997,RUC,67.1,16.0,
3564,307,J.Cameron,GEE,13,102,15,87.6154,0.263,-0.74,-0.508823,FWD,82.1,17.0,10.0
6857,511,J.Simpkin,NTH,9,114,15,72.0,0.368,-2.003,-2.1376880000000003,MID,72.0,17.0,16.0
7397,537,D.Houston,PTA,14,102,15,113.071,0.263,1.318,1.240415,DEF,98.2,17.0,13.0
2079,218,J.Clark,FRE,14,100,15,105.5,0.263,0.706,0.728881,DEF,93.6,18.0,14.0
5421,43,C.Ah Chee,BRL,13,101,15,64.1538,0.263,-2.637,-2.455267,FWD,64.2,18.0,
1652,193,N.Martin,ESS,14,112,15,103.5,0.368,0.544,0.425136,MID,92.3,18.5,17.5
9477,666,I.Heeney,SYD,14,112,15,125.0,0.368,2.283,1.964312,MID,105.4,18.5,17.5
3693,314,O.Dempsey,GEE,14,99,15,70.3571,0.263,-2.136,-1.805409,FWD,70.4,19.0,
11178,766,J.McGovern,WCE,14,99,15,106.643,0.263,0.799,0.952329,DEF,94.3,19.0,
5841,457,A.Neal-Bullen,MEL,14,98,15,85.5714,0.263,-0.905,-0.6656700000000001,FWD,81.4,20.0,11.0
7615,552,C.Rozee,PTA,11,111,15,92.4545,0.368,-0.349,-0.394632,MID,83.3,20.0,19.0
9589,671,J.Lloyd,SYD,14,96,15,84.0,0.263,-1.032,-1.1577140000000001,DEF,80.5,20.0,15.0
1300,177,S.Draper,ESS,7,97,15,63.8571,0.263,-2.661,-2.187337,FWD,63.9,21.0,12.0
407,126,S.Walsh,CAR,10,110,15,111.7,0.368,1.207,0.9689040000000001,MID,91.0,21.5,20.5
2056,217,H.Chapman,FRE,7,94,15,75.1429,0.263,-1.749,-2.008581,DEF,75.0,21.5,
6083,47,Z.Bailey,BRL,9,110,15,75.5556,0.368,-1.715,-2.3001199999999997,MID,75.2,21.5,20.5
11581,84,D.Wilmot,BRL,14,94,15,84.0,0.263,-1.032,-1.133781,DEF,80.5,21.5,
2449,246,S.Sturt,FRE,4,91,15,57.25,0.263,-3.195,-3.1513419999999996,FWD,57.2,22.0,
6174,474,J.Viney,MEL,14,108,15,93.9286,0.368,-0.23,-0.704352,MID,86.5,23.0,22.0
5772,453,T.McDonald,MEL,13,90,15,77.6923,0.263,-1.542,-1.274003,FWD,76.5,23.5,
7019,519,C.Zurhaar,NTH,13,90,15,70.0,0.263,-2.164,-1.9935760000000002,FWD,70.0,23.5,
1685,194,A.McGrath,ESS,14,93,15,97.7143,0.263,0.077,0.013090999999999998,DEF,88.8,24.0,17.0
2386,241,L.Ryan,FRE,14,93,15,123.643,0.263,2.173,2.138547,DEF,104.6,24.0,17.0
5737,451,S.May,MEL,13,93,15,88.7692,0.263,-0.647,-0.6551530000000001,DEF,82.8,24.0,17.0
11650,87,B.Acres,CAR,14,105,15,94.6429,0.368,-0.172,-0.483328,MID,87.0,24.0,23.0
10902,75,C.Rayner,BRL,14,89,15,74.7143,0.263,-1.783,-1.478183,FWD,74.7,25.0,13.0
4258,354,F.Callaghan,GWS,13,104,15,77.6923,0.368,-1.542,-1.7605920000000002,MID,76.5,25.5,24.5
11618,86,D.Zorko,BRL,14,104,15,110.857,0.368,1.139,1.003576,MID,96.8,25.5,24.5
2469,247,S.Switkowski,FRE,11,88,15,72.4545,0.263,-1.966,-1.641195,FWD,72.5,26.0,
4399,367,H.Himmelberg,GWS,14,91,15,89.5714,0.263,-0.582,-0.585682,DEF,83.9,26.0,19.0
3842,325,M.Holmes,GEE,14,103,15,103.643,0.368,0.556,0.20897600000000002,MID,92.4,27.0,26.0
11266,772,L.Ryan,WCE,8,87,15,50.875,0.263,-3.711,-3.446159,FWD,50.9,27.0,
5771,453,T.McDonald,MEL,13,90,15,77.6923,0.263,-1.542,-1.614851,DEF,76.5,27.5,
6623,502,L.McDonald,NTH,13,90,15,66.4615,0.263,-2.451,-2.644305,DEF,66.5,27.5,
4160,349,T.Bedford,GWS,14,86,15,56.9286,0.263,-3.221,-2.9648380000000003,FWD,56.9,28.0,
5420,43,C.Ah Chee,BRL,13,101,15,64.1538,0.368,-2.637,-3.1098800000000004,MID,64.2,28.0,
3306,296,D.Swallow,GCS,13,85,15,42.0,0.263,-4.429,-4.300919,FWD,42.0,29.0,
3694,314,O.Dempsey,GEE,14,99,15,70.3571,0.368,-2.136,-2.369312,MID,70.4,29.5,
11818,97,P.Cripps,CAR,14,99,15,105.643,0.368,0.718,0.739344,MID,93.7,29.5,27.0
140,107,E.Hollands,CAR,12,84,15,71.75,0.263,-2.023,-1.7368560000000002,FWD,71.8,30.0,
4139,348,L.Ash,GWS,10,88,15,81.7,0.263,-1.218,-1.232202,DEF,77.9,30.5,21.0
4445,369,C.Idun,GWS,14,88,15,82.2857,0.263,-1.171,-1.190988,DEF,79.4,30.5,21.0
5804,454,J.McVee,MEL,14,88,15,71.0,0.263,-2.084,-2.252846,DEF,71.0,30.5,
7325,533,K.Farrell,PTA,14,88,15,82.2857,0.263,-1.171,-1.257001,DEF,79.4,30.5,21.0
110,106,G.Hewett,CAR,14,96,15,90.2143,0.368,-0.53,-0.738288,MID,84.3,31.5,28.5
2497,249,J.Treacy,FRE,14,83,15,80.0714,0.263,-1.35,-1.014412,FWD,78.1,31.5,
3943,331,G.Miers,GEE,14,83,15,85.7857,0.263,-0.888,-0.732041,FWD,81.6,31.5,14.0
9590,671,J.Lloyd,SYD,14,96,15,84.0,0.368,-1.032,-1.4184,MID,80.5,31.5,28.5
3724,315,M.Duncan,GEE,12,86,15,80.1667,0.263,-1.342,-1.4934880000000001,DEF,77.7,33.0,23.0
1331,178,S.Durham,ESS,13,95,15,88.6154,0.368,-0.659,-0.919176,MID,82.7,33.5,
3169,286,T.Miller,GCS,14,95,15,106.786,0.368,0.81,0.49977600000000005,MID,94.3,33.5,30.0
9712,677,H.McLean,SYD,14,82,15,66.7143,0.263,-2.43,-2.20382,FWD,66.7,33.5,15.0
9797,681,T.Papley,SYD,14,82,15,79.1429,0.263,-1.425,-1.175413,FWD,77.5,33.5,
1858,202,J.Ridley,ESS,4,84,15,117.25,0.263,1.656,1.3730120000000001,DEF,82.3,35.0,24.5
2803,265,S.Clohesy,GCS,11,84,15,74.4545,0.263,-1.804,-2.076205,DEF,74.5,35.0,
10868,749,L.Duggan,WCE,14,84,15,93.0,0.263,-0.305,-0.522764,DEF,86.0,35.0,24.5
2329,238,J.O'Meara,FRE,13,94,15,62.5385,0.368,-2.768,-3.1635999999999997,MID,62.5,35.5,
3638,312,P.Dangerfield,GEE,5,94,15,88.8,0.368,-0.644,-1.105472,MID,78.0,35.5,31.0
2861,268,S.Day,GCS,3,80,15,75.3333,0.263,-1.733,-1.64621,FWD,75.0,36.0,
3267,295,A.Sexton,GCS,9,80,15,81.7778,0.263,-1.212,-1.152825,FWD,77.7,36.0,16.0
9641,675,L.McDonald,SYD,14,80,15,63.2143,0.263,-2.713,-2.553885,FWD,63.2,36.0,
2658,257,N.Anderson,GCS,14,93,15,107.714,0.368,0.885,0.702472,MID,94.9,37.0,32.0
6349,481,A.Corr,NTH,14,82,15,66.5,0.263,-2.448,-2.697324,DEF,66.5,37.0,
1349,179,X.Duursma,ESS,9,92,15,82.7778,0.368,-1.131,-1.636632,MID,78.0,38.0,
9185,649,T.Adams,SYD,10,78,15,77.5,0.263,-1.558,-1.5548440000000001,FWD,76.1,38.0,17.0
1439,184,D.Heppell,ESS,14,80,15,89.2857,0.263,-0.605,-0.69179,DEF,83.7,38.5,
3268,295,A.Sexton,GCS,9,80,15,81.7778,0.263,-1.212,-1.505771,DEF,77.7,38.5,26.0
4503,372,J.Kelly,GWS,11,90,15,103.636,0.368,0.555,0.23999200000000004,MID,88.7,39.0,33.0
4676,385,H.Thomas,GWS,14,77,15,56.2143,0.263,-3.279,-3.232449,FWD,56.2,39.5,
6500,489,E.Ford,NTH,11,77,15,47.7273,0.263,-3.966,-3.73193,FWD,47.7,39.5,
10903,75,C.Rayner,BRL,14,89,15,74.7143,0.368,-1.783,-2.045016,MID,74.7,40.0,34.0
1844,200,M.Redman,ESS,12,78,15,91.3333,0.263,-0.439,-0.561558,DEF,83.5,40.5,27.0
7064,520,A.Aliir,PTA,13,78,15,70.0769,0.263,-2.158,-2.1835109999999998,DEF,70.1,40.5,
1938,211,P.Wright,ESS,10,76,15,74.6,0.263,-1.793,-1.6899039999999999,FWD,74.6,42.0,
3305,296,D.Swallow,GCS,13,85,15,42.0,0.368,-4.429,-5.035095999999999,MID,42.0,42.0,
6831,510,L.Shiels,NTH,9,85,15,46.4444,0.368,-4.069,-4.659272,MID,46.4,42.0,
6913,514,C.Taylor,NTH,5,76,15,67.8,0.263,-2.342,-2.553715,FWD,67.8,42.0,
7374,536,J.Horne-Francis,PTA,12,85,15,101.25,0.368,0.362,0.10807999999999998,MID,88.7,42.0,35.0
9441,665,W.Hayward,SYD,14,76,15,74.0,0.263,-1.841,-1.7965529999999998,FWD,74.0,42.0,
428,127,J.Weitering,CAR,12,77,15,71.5,0.263,-2.043,-2.052731,DEF,71.5,42.5,
9327,658,O.Florent,SYD,14,77,15,79.4286,0.263,-1.402,-1.527714,DEF,77.7,42.5,
3750,320,Z.Guthrie,GEE,14,76,15,83.7143,0.263,-1.056,-1.140686,DEF,80.3,44.0,
141,107,E.Hollands,CAR,12,84,15,71.75,0.368,-2.023,-2.3203440000000004,MID,71.8,44.5,
2802,265,S.Clohesy,GCS,11,84,15,74.4545,0.368,-1.804,-2.386176,MID,74.5,44.5,
7342,534,J.Finlayson,PTA,9,75,15,58.0,0.263,-3.135,-3.01402,FWD,58.0,44.5,18.0
9678,676,J.McInerney,SYD,14,75,15,82.8571,0.263,-1.125,-0.895927,FWD,79.8,44.5,
2835,266,S.Collins,GCS,14,75,15,81.0714,0.263,-1.269,-1.4262739999999998,DEF,78.7,45.5,
4123,346,L.Aleer,GWS,6,75,15,69.1667,0.263,-2.232,-2.674103,DEF,69.2,45.5,
3139,283,J.Lukosius,GCS,14,73,15,72.1429,0.263,-1.991,-1.906314,FWD,72.1,46.0,
3241,293,M.Rowell,GCS,14,82,15,111.571,0.368,1.197,0.728168,MID,97.3,46.0,36.0
2678,258,M.Andrew,GCS,11,74,15,84.5455,0.263,-0.988,-1.36672,DEF,79.6,47.0,
4701,386,C.Ward,GWS,9,79,15,74.2222,0.368,-1.823,-2.1096719999999998,MID,74.2,47.0,37.0
4364,363,T.Greene,GWS,13,72,15,75.4615,0.263,-1.723,-1.4166050000000001,FWD,75.3,47.5,19.0
10840,747,J.Darling,WCE,14,72,15,58.4286,0.263,-3.1,-3.017418,FWD,58.4,47.5,
9184,649,T.Adams,SYD,10,78,15,77.5,0.368,-1.558,-2.2689760000000003,MID,76.1,48.0,38.0
3138,283,J.Lukosius,GCS,14,73,15,72.1429,0.263,-1.991,-2.277407,DEF,72.1,48.5,
4215,352,J.Buckley,GWS,12,73,15,77.6667,0.263,-1.545,-1.65809,DEF,76.4,48.5,
4675,385,H.Thomas,GWS,14,77,15,56.2143,0.368,-3.279,-3.974888,MID,56.2,49.0,
7512,547,J.Mead,PTA,14,71,15,60.8571,0.263,-2.904,-2.736995,FWD,60.9,49.0,
264,114,M.McGovern,CAR,11,70,15,80.5455,0.263,-1.312,-1.530027,DEF,77.7,50.0,
6912,514,C.Taylor,NTH,5,76,15,67.8,0.368,-2.342,-3.4003680000000003,MID,67.8,50.0,
6057,469,K.Tholstrup,MEL,2,70,15,52.0,0.263,-3.62,-3.3401680000000002,FWD,52.0,50.5,
6735,507,T.Powell,NTH,14,70,15,79.7143,0.263,-1.379,-1.1373030000000002,FWD,77.9,50.5,20.0
2744,260,C.Ballard,GCS,14,69,15,66.7143,0.263,-2.43,-2.6982600000000003,DEF,66.7,51.0,
9677,676,J.McInerney,SYD,14,75,15,82.8571,0.368,-1.125,-1.48196,MID,79.8,51.0,
5667,448,E.Langdon,MEL,13,73,15,73.8462,0.368,-1.853,-2.021912,MID,73.8,52.5,
6288,48,J.Berry,BRL,14,73,15,89.4286,0.368,-0.593,-1.106728,MID,83.8,52.5,
284,115,H.McKay,CAR,14,68,15,89.7857,0.263,-0.565,-0.37511399999999995,FWD,84.0,53.0,21.0
1969,212,J.Aish,FRE,14,68,15,73.8571,0.263,-1.853,-2.328504,DEF,73.9,53.0,
6040,468,T.Sparrow,MEL,14,68,15,68.0,0.263,-2.326,-2.222115,FWD,68.0,53.0,
6105,470,A.Tomlinson,MEL,4,68,15,84.0,0.263,-1.032,-1.35549,DEF,76.6,53.0,
10242,71,L.Morris,BRL,7,68,15,58.1429,0.263,-3.123,-3.080131,FWD,58.1,53.0,
11488,799,L.Evans,PTA,1,68,15,68.0,0.263,-2.326,-2.482748,DEF,68.0,53.0,
2307,231,M.Johnson,FRE,13,72,15,63.3846,0.368,-2.699,-3.189912,MID,63.4,54.5,
9915,690,C.Warner,SYD,14,72,15,105.643,0.368,0.718,0.490576,MID,93.7,54.5,39.0
389,124,A.Saad,CAR,9,67,15,79.1111,0.263,-1.428,-1.328849,DEF,76.6,55.5,28.5
3435,302,T.Atkins,GEE,13,67,15,84.3077,0.263,-1.008,-1.204987,DEF,80.3,55.5,28.5
4623,381,J.Riccardi,GWS,14,67,15,59.8571,0.263,-2.985,-2.887953,FWD,59.9,55.5,
10712,736,O.Allen,WCE,2,67,15,55.0,0.263,-3.377,-3.2244599999999997,FWD,55.0,55.5,
7513,547,J.Mead,PTA,14,71,15,60.8571,0.368,-2.904,-3.406688,MID,60.9,56.0,
5998,463,C.Salem,MEL,11,65,15,78.8182,0.263,-1.451,-1.534108,DEF,76.8,57.0,30.0
6736,507,T.Powell,NTH,14,70,15,79.7143,0.368,-1.379,-1.7241840000000002,MID,77.9,57.0,40.0
2276,230,L.Jackson,FRE,14,66,15,99.5,0.263,0.221,0.39878800000000003,FWD,89.9,57.5,22.5
4301,357,B.Daniels,GWS,13,66,15,81.1538,0.263,-1.263,-0.807484,FWD,78.5,57.5,22.5
7183,524,J.Burgoyne,PTA,12,64,15,71.8333,0.263,-2.016,-1.952091,DEF,71.8,58.0,
1970,212,J.Aish,FRE,14,68,15,73.8571,0.368,-1.853,-2.7141199999999994,MID,73.9,58.5,
6041,468,T.Sparrow,MEL,14,68,15,68.0,0.368,-2.326,-2.907072,MID,68.0,58.5,
3332,298,B.Uwland,GCS,12,63,15,71.1667,0.263,-2.07,-2.183353,DEF,71.2,59.0,
3434,302,T.Atkins,GEE,13,67,15,84.3077,0.368,-1.008,-1.492656,MID,80.3,60.0,41.0
4512,376,T.McMullin,GWS,5,65,15,43.0,0.263,-4.348,-4.230702,FWD,43.0,60.0,
6599,50,C.Cameron,BRL,14,65,15,58.2857,0.263,-3.112,-2.9573560000000003,FWD,58.3,60.0,
11301,775,J.Waterman,WCE,12,65,15,93.8333,0.263,-0.237,-0.222798,FWD,84.8,60.0,
11751,94,A.Cincotta,CAR,7,62,15,48.4286,0.263,-3.909,-4.195933,DEF,48.4,60.0,
6782,508,B.Scott,NTH,14,61,15,69.0714,0.263,-2.24,-2.288129,DEF,69.1,61.0,
7288,531,W.Drew,PTA,14,66,15,88.7857,0.368,-0.645,-0.871688,MID,83.4,61.0,
2515,250,C.Wagner,FRE,3,60,15,39.6667,0.263,-4.617,-4.323755,DEF,39.7,62.0,
5999,463,C.Salem,MEL,11,65,15,78.8182,0.368,-1.451,-1.776312,MID,76.8,62.0,42.0
10753,741,T.Brockman,WCE,7,64,15,48.1429,0.263,-3.932,-3.965664,FWD,48.1,62.0,
5945,461,K.Pickett,MEL,12,62,15,70.0833,0.263,-2.158,-1.8802719999999997,FWD,70.1,63.0,24.0
7182,524,J.Burgoyne,PTA,12,64,15,71.8333,0.368,-2.016,-2.135232,MID,71.8,63.0,
89,105,L.Fogarty,CAR,8,61,15,61.625,0.263,-2.842,-2.685778,FWD,61.6,64.5,
9552,67,H.McCluggage,BRL,14,63,15,98.7857,0.368,0.163,-0.07693599999999999,MID,89.5,64.5,43.0
10977,754,R.Ginbey,WCE,14,63,15,68.6429,0.368,-2.274,-2.694992,MID,68.6,64.5,
11074,76,B.Reville,BRL,7,61,15,62.8571,0.263,-2.742,-2.8632429999999998,FWD,62.9,64.5,
1543,189,J.Kelly,ESS,13,59,15,67.8462,0.263,-2.339,-2.655126,DEF,67.8,65.0,
8547,61,R.Lester,BRL,14,59,15,73.2143,0.263,-1.905,-2.104354,DEF,73.2,65.0,
11003,757,B.Hough,WCE,14,59,15,60.5,0.263,-2.933,-3.103687,DEF,60.5,65.0,
11110,761,J.Jones,WCE,7,59,15,50.4286,0.263,-3.747,-4.129402,DEF,50.4,65.0,
11796,96,L.Cowan,CAR,8,59,15,56.0,0.263,-3.297,-3.412983,DEF,56.0,65.0,
6672,505,W.Phillips,NTH,5,62,15,52.4,0.368,-3.588,-3.785984,MID,52.4,66.0,
11109,761,J.Jones,WCE,7,59,15,50.4286,0.263,-3.747,-3.70755,FWD,50.4,66.0,
4201,351,C.Brown,GWS,11,58,15,56.3636,0.263,-3.267,-3.300138,FWD,56.4,67.5,
4544,377,X.O'Halloran,GWS,12,58,15,59.0833,0.263,-3.047,-3.061465,FWD,59.1,67.5,
6781,508,B.Scott,NTH,14,61,15,69.0714,0.368,-2.24,-2.511952,MID,69.1,67.5,
11073,76,B.Reville,BRL,7,61,15,62.8571,0.368,-2.742,-3.675248,MID,62.9,67.5,
11379,778,A.Witherden,WCE,11,58,15,69.9091,0.263,-2.172,-2.363464,DEF,69.9,68.0,31.0
463,128,Z.Williams,CAR,13,57,15,71.0,0.263,-2.084,-2.329116,DEF,71.0,69.0,32.0
172,108,O.Hollands,CAR,13,60,15,54.4615,0.368,-3.421,-3.70252,MID,54.5,69.5,
462,128,Z.Williams,CAR,13,57,15,71.0,0.263,-2.084,-1.9596010000000001,FWD,71.0,69.5,25.0
6372,482,P.Curtis,NTH,14,57,15,55.1429,0.263,-3.366,-3.1271960000000005,FWD,55.1,69.5,
7675,560,O.Wines,PTA,13,60,15,95.1538,0.368,-0.13,-0.21427199999999996,MID,86.4,69.5,44.0
7581,550,E.Ratugolea,PTA,14,56,15,62.1429,0.263,-2.8,-3.115337,DEF,62.1,70.0,
1544,189,J.Kelly,ESS,13,59,15,67.8462,0.368,-2.339,-2.977848,MID,67.8,71.0,
1708,195,B.McKay,ESS,14,55,15,64.2857,0.263,-2.627,-2.736408,DEF,64.3,71.0,
1262,174,N.Cox,ESS,13,54,15,53.3077,0.263,-3.514,-3.8824629999999996,DEF,53.3,72.5,
2186,227,M.Frederick,FRE,11,54,15,49.0,0.263,-3.863,-3.7083559999999998,FWD,49.0,72.5,
3518,305,J.Bowes,GEE,11,54,15,78.0909,0.263,-1.51,-1.486067,DEF,76.5,72.5,
4069,340,T.Stengle,GEE,14,54,15,73.7857,0.263,-1.858,-1.674163,FWD,73.8,72.5,
4543,377,X.O'Halloran,GWS,12,58,15,59.0833,0.368,-3.047,-3.827896,MID,59.1,72.5,
7356,535,M.Georgiades,PTA,11,54,15,62.0909,0.263,-2.804,-2.436063,FWD,62.1,72.5,
7558,55,J.Fletcher,BRL,14,58,15,66.5714,0.368,-2.442,-2.9939999999999998,MID,66.6,72.5,
11195,767,J.Petruccelle,WCE,12,54,15,53.0,0.263,-3.539,-3.464045,FWD,53.0,72.5,
4110,343,Z.Tuohy,GEE,10,55,15,66.9,0.368,-2.415,-2.91364,MID,66.9,74.0,
2960,275,W.Graham,GCS,8,53,15,65.875,0.263,-2.498,-2.759685,DEF,65.9,75.0,
3785,323,J.Henry,GEE,14,53,15,57.5,0.263,-3.175,-3.164217,DEF,57.5,75.0,
9896,69,C.McKenna,BRL,9,53,15,61.4444,0.263,-2.856,-3.2265669999999997,DEF,61.4,75.0,
1261,174,N.Cox,ESS,13,54,15,53.3077,0.368,-3.514,-4.216512,MID,53.3,75.5,
1595,190,K.Langford,ESS,14,53,15,76.0,0.263,-1.679,-1.4036389999999999,FWD,75.6,75.5,26.0
3517,305,J.Bowes,GEE,11,54,15,78.0909,0.368,-1.51,-1.6877440000000001,MID,76.5,75.5,
5555,439,K.Chandler,MEL,14,53,15,61.8571,0.263,-2.823,-2.62312,FWD,61.9,75.5,
2767,261,T.Berry,GCS,14,52,15,56.4286,0.263,-3.262,-3.24622,FWD,56.4,77.0,
5578,44,H.Andrews,BRL,14,52,15,87.1429,0.263,-0.778,-0.9450050000000001,DEF,82.4,77.0,33.0
2432,243,J.Sharp,FRE,14,53,15,70.2143,0.368,-2.147,-2.593384,MID,70.2,77.5,
2959,275,W.Graham,GCS,8,53,15,65.875,0.368,-2.498,-3.06104,MID,65.9,77.5,
7468,543,T.Marshall,PTA,14,51,15,61.4286,0.263,-2.858,-2.861682,FWD,61.4,78.0,
6120,471,D.Turner,MEL,6,49,15,40.5,0.263,-4.55,-4.816155999999999,DEF,40.5,78.5,
9619,674,T.McCartin,SYD,11,49,15,59.2727,0.263,-3.032,-3.15298,DEF,59.3,78.5,
6121,471,D.Turner,MEL,6,49,15,40.5,0.263,-4.55,-4.385362,FWD,40.5,79.0,
7627,554,J.Sinn,PTA,3,49,15,49.3333,0.368,-3.836,-4.288272,MID,49.3,79.0,
3031,278,J.Jeffrey,GCS,6,48,15,69.3333,0.263,-2.218,-2.118323,FWD,69.3,80.5,
3478,304,M.Blicavs,GEE,13,48,15,61.5385,0.368,-2.849,-3.103656,MID,61.5,80.5,45.0
6151,472,J.van Rooyen,MEL,12,48,15,56.6667,0.263,-3.243,-2.977107,FWD,56.7,80.5,
7101,522,M.Bergman,PTA,14,48,15,73.5,0.368,-1.881,-2.137864,MID,73.5,80.5,
3032,278,J.Jeffrey,GCS,6,48,15,69.3333,0.263,-2.218,-2.493887,DEF,69.3,81.5,
3896,329,J.Kolodjashnij,GEE,13,48,15,68.7692,0.263,-2.264,-2.422063,DEF,68.8,81.5,
7100,522,M.Bergman,PTA,14,48,15,73.5,0.263,-1.881,-1.916505,DEF,73.5,81.5,
10560,73,J.Payne,BRL,13,48,15,62.2308,0.263,-2.793,-2.996299,DEF,62.2,81.5,
7448,540,O.Lord,PTA,2,47,15,35.5,0.263,-4.954,-4.7173,FWD,35.5,82.0,
9520,667,J.Jordon,SYD,14,46,15,73.1429,0.368,-1.91,-2.521984,MID,73.1,82.5,46.0
10770,743,C.Chesser,WCE,14,46,15,46.7857,0.368,-4.042,-4.751504,MID,46.8,82.5,
1182,172,N.Caddy,ESS,2,46,15,48.5,0.263,-3.903,-3.70049,FWD,48.5,83.5,
9519,667,J.Jordon,SYD,14,46,15,73.1429,0.263,-1.91,-1.834519,FWD,73.1,83.5,27.0
193,109,B.Kemp,CAR,12,47,15,72.75,0.263,-1.942,-2.147929,DEF,72.8,84.0,
2222,228,N.Fyfe,FRE,14,43,15,73.2857,0.368,-1.899,-2.46572,MID,73.3,84.0,47.0
3807,324,O.Henry,GEE,13,45,15,53.4615,0.263,-3.502,-3.402586,FWD,53.5,85.0,
1787,199,A.Perkins,ESS,11,40,15,75.6364,0.368,-1.709,-2.5174960000000004,MID,75.3,85.5,
6946,516,D.Tucker,NTH,14,40,15,66.5,0.368,-2.448,-2.9341280000000003,MID,66.5,85.5,
7698,561,B.Zerk-Thatcher,PTA,14,45,15,55.7857,0.263,-3.314,-3.342667,DEF,55.8,85.5,
11697,90,J.Boyd,CAR,14,45,15,69.5714,0.263,-2.199,-2.614014,DEF,69.6,85.5,
78,104,O.Fantasia,CAR,11,44,15,37.7273,0.263,-4.774,-4.6401330000000005,FWD,37.7,87.0,
1509,188,H.Jones,ESS,12,44,15,52.5,0.263,-3.58,-3.33804,FWD,52.5,87.0,
5916,460,H.Petty,MEL,12,44,15,41.9167,0.263,-4.435,-4.095203999999999,FWD,41.9,87.0,
11034,758,J.Hunt,WCE,11,38,15,58.0,0.368,-3.135,-3.3421839999999996,MID,58.0,87.0,
3217,291,J.Rogers,GCS,6,37,15,43.8333,0.368,-4.28,-5.1043199999999995,MID,43.8,88.0,
5917,460,H.Petty,MEL,12,44,15,41.9167,0.263,-4.435,-4.505221,DEF,41.9,88.0,
9306,656,H.Cunningham,SYD,13,44,15,54.9231,0.263,-3.384,-3.662254,DEF,54.9,88.0,
11557,81,B.Starcevich,BRL,10,44,15,55.2,0.263,-3.361,-3.6211070000000003,DEF,55.2,88.0,
2638,256,B.Ainsworth,GCS,14,35,15,65.0,0.368,-2.569,-3.0087599999999997,MID,65.0,89.0,48.0
1467,185,N.Hind,ESS,12,43,15,56.4167,0.263,-3.263,-3.246168,FWD,56.4,89.5,
2223,228,N.Fyfe,FRE,14,43,15,73.2857,0.263,-1.899,-1.7938,FWD,73.3,89.5,28.0
1466,185,N.Hind,ESS,12,43,15,56.4167,0.263,-3.263,-3.657763,DEF,56.4,90.0,
6210,475,C.Windsor,MEL,14,34,15,56.2857,0.368,-3.273,-3.692888,MID,56.3,90.0,
2018,214,B.Banfield,FRE,14,42,15,67.0714,0.263,-2.401,-2.32999,FWD,67.1,91.0,
3999,335,M.O'Connor,GEE,12,33,15,60.0,0.368,-2.973,-3.6195760000000003,MID,60.0,91.0,
6259,477,J.Archer,NTH,6,42,15,39.0,0.263,-4.671,-4.837742,DEF,39.0,91.0,
5864,458,C.Oliver,MEL,14,32,15,87.4286,0.368,-0.755,-1.193288,MID,82.6,92.0,49.0
11254,771,J.Rotham,WCE,9,41,15,45.4444,0.263,-4.15,-4.5568610000000005,DEF,45.4,92.0,
3619,310,B.Close,GEE,14,41,15,66.1429,0.263,-2.476,-2.423663,FWD,66.1,92.5,
8802,63,K.Lohmann,BRL,14,41,15,66.0714,0.263,-2.482,-2.191122,FWD,66.1,92.5,
3585,308,J.Clark,GEE,12,31,15,41.0833,0.368,-4.503,-5.055,MID,41.1,93.0,
6947,516,D.Tucker,NTH,14,40,15,66.5,0.263,-2.448,-2.653403,DEF,66.5,93.0,
1788,199,A.Perkins,ESS,11,40,15,75.6364,0.263,-1.709,-1.7673860000000001,FWD,75.3,94.0,
9289,655,C.Cleary,SYD,1,27,15,27.0,0.368,-5.642,-6.348192000000001,MID,27.0,94.0,
3092,282,B.Long,GCS,8,38,15,55.875,0.263,-3.307,-3.473479,DEF,55.9,94.5,
11033,758,J.Hunt,WCE,11,38,15,58.0,0.263,-3.135,-3.140523,DEF,58.0,94.5,
3093,282,B.Long,GCS,8,38,15,55.875,0.263,-3.307,-3.081872,FWD,55.9,95.0,
2637,256,B.Ainsworth,GCS,14,35,15,65.0,0.263,-2.569,-2.366753,FWD,65.0,96.0,29.0
2867,269,B.*** Ellis,GCS,4,25,15,41.25,0.368,-4.489,-5.151768,MID,41.2,96.0,
4129,347,R.Angwin,GWS,4,25,15,56.25,0.368,-3.276,-3.821744,MID,56.2,96.0,
9271,654,B.Campbell,SYD,12,25,15,38.9167,0.368,-4.678,-4.940752,MID,38.9,96.0,
5524,435,J.Bowey,MEL,7,35,15,58.0,0.263,-3.135,-3.248353,DEF,58.0,96.5,
5648,445,B.Howes,MEL,12,35,15,55.5,0.263,-3.337,-3.524519,DEF,55.5,96.5,
6211,475,C.Windsor,MEL,14,34,15,56.2857,0.263,-3.273,-3.043927,FWD,56.3,97.5,
11157,765,R.Maric,WCE,12,34,15,37.5833,0.263,-4.786,-4.609264,FWD,37.6,97.5,
5538,438,K.Brown,MEL,1,21,15,21.0,0.368,-6.127,-7.060248,MID,21.0,98.0,
10788,744,T.Cole,WCE,14,34,15,66.2857,0.263,-2.465,-2.633846,DEF,66.3,98.0,
3998,335,M.O'Connor,GEE,12,33,15,60.0,0.263,-2.973,-3.2980679999999998,DEF,60.0,99.0,
4571,378,J.Peatling,GWS,9,20,15,58.7778,0.368,-3.072,-3.346528,MID,58.8,99.0,
6543,498,N.Larkey,NTH,14,33,15,60.8571,0.263,-2.904,-2.7390989999999995,FWD,60.9,99.0,
4422,368,J.Hogan,GWS,14,32,15,83.5714,0.263,-1.067,-0.603331,FWD,80.2,100.0,30.0
6883,512,D.Stephens,NTH,8,19,15,45.375,0.368,-4.156,-4.68776,MID,45.4,100.0,
9819,683,D.Rampe,SYD,11,30,15,60.0,0.263,-2.973,-3.2899149999999997,DEF,60.0,100.0,
6695,506,T.Pink,NTH,9,28,15,38.7778,0.263,-4.689,-5.046154,DEF,38.8,101.0,
4017,338,G.Rohan,GEE,6,30,15,29.8333,0.263,-5.412,-5.224744,FWD,29.8,101.5,
7484,545,J.McEntee,PTA,12,30,15,36.0833,0.263,-4.907,-4.805219,FWD,36.1,101.5,
9744,678,L.Melican,SYD,14,27,15,50.6429,0.263,-3.73,-3.9682779999999998,DEF,50.6,102.0,
9272,654,B.Campbell,SYD,12,25,15,38.9167,0.263,-4.678,-4.732178,DEF,38.9,103.0,
3011,277,B.Humphrey,GCS,12,29,15,54.5,0.263,-3.418,-3.385651,FWD,54.5,103.5,31.0
7249,527,D.Byrne-Jones,PTA,14,29,15,65.0714,0.263,-2.563,-2.418613,FWD,65.1,103.5,
2133,222,H.Davies,FRE,1,21,15,21.0,0.263,-6.127,-6.430765,DEF,21.0,104.0,
6696,506,T.Pink,NTH,9,28,15,38.7778,0.263,-4.689,-4.604051,FWD,38.8,105.0,
2563,254,K.Worner,FRE,3,19,15,53.3333,0.263,-3.512,-4.065614999999999,DEF,53.3,105.5,
3960,332,O.Mullin,GEE,8,19,15,42.625,0.263,-4.378,-4.802482,DEF,42.6,105.5,
9217,650,J.Amartey,SYD,14,26,15,56.3571,0.263,-3.268,-3.1420229999999996,FWD,56.4,106.0,
2352,239,A.Pearce,FRE,14,18,15,69.0,0.263,-2.245,-2.438568,DEF,69.0,107.0,
7533,548,Q.Narkle,PTA,2,25,15,19.5,0.263,-6.248,-6.050487,FWD,19.5,107.0,
5600,441,B.Fritsch,MEL,14,23,15,55.1429,0.263,-3.366,-3.237393,FWD,55.1,108.0,
1995,213,J.Amiss,FRE,13,22,15,47.9231,0.263,-3.95,-3.6762170000000003,FWD,47.9,109.0,
5539,438,K.Brown,MEL,1,21,15,21.0,0.263,-6.127,-6.182756,FWD,21.0,110.0,
4572,378,J.Peatling,GWS,9,20,15,58.7778,0.263,-3.072,-2.7506139999999997,FWD,58.8,111.0,
4374,364,M.Gruzewski,GWS,1,16,15,16.0,0.263,-6.531,-6.405811999999999,FWD,16.0,112.0,
9941,692,S.Wicks,SYD,12,8,15,46.9167,0.263,-4.031,-3.971036,FWD,46.9,113.0,
64,102,C.Durdin,CAR,11,6,15,35.0909,0.263,-4.987,-4.8260440000000004,FWD,35.1,114.5,
11524,804,J.Hutchinson,WCE,2,6,15,23.0,0.263,-5.965,-5.313549,FWD,23.0,114.5,
1725,196,J.Menzie,ESS,8,3,15,37.875,0.263,-4.762,-4.780672999999999,FWD,37.9,116.5,
6510,49,S.Brain,BRL,3,3,15,20.0,0.263,-6.208,-5.5349829999999995,FWD,20.0,116.5,
3771,322,T.Hawkins,GEE,12,2,15,56.0,0.263,-3.297,-3.1520870000000003,FWD,56.0,118.0,
336,120,N.Newman,CAR,15,156,16,101.733,0.263,0.402,0.41935800000000006,DEF,92.4,1.0,1.0
5190,413,L.Meek,HAW,11,145,16,103.545,0.105,0.548,0.48290000000000005,RUC,88.7,1.0,
5223,415,D.Moore,HAW,15,136,16,95.7333,0.263,-0.084,0.253955,FWD,88.5,1.0,1.0
9966,695,M.Bontempelli,WBD,15,157,16,128.133,0.368,2.536,2.485952,MID,109.7,1.0,1.0
408,126,S.Walsh,CAR,11,148,16,115.0,0.368,1.474,1.137648,MID,94.1,2.0,2.0
1219,173,J.Caldwell,ESS,15,127,16,93.6,0.263,-0.256,0.033299999999999996,FWD,87.1,2.0,2.0
6998,518,T.Xerri,NTH,15,141,16,111.6,0.105,1.199,1.24541,RUC,98.9,2.0,1.0
9240,652,N.Blakey,SYD,15,148,16,102.6,0.263,0.472,0.36127699999999996,DEF,93.0,2.0,2.0
5946,461,K.Pickett,MEL,13,122,16,74.0769,0.263,-1.835,-1.6422210000000002,FWD,74.1,3.0,3.0
8181,590,T.Nankervis,RIC,14,121,16,110.643,0.105,1.122,1.0708650000000002,RUC,96.7,3.0,2.0
8934,639,J.Sinclair,STK,14,143,16,108.5,0.263,0.949,1.053148,DEF,95.4,3.0,3.0
11819,97,P.Cripps,CAR,15,144,16,108.2,0.368,0.924,0.8695360000000001,MID,96.7,3.0,3.0
3602,31,I.Rankine,ADE,12,121,16,102.5,0.263,0.464,0.6344240000000001,FWD,89.3,4.0,4.0
5346,425,J.Sicily,HAW,13,142,16,103.462,0.263,0.541,0.45105400000000007,DEF,91.1,4.0,4.0
8780,629,R.Marshall,STK,15,111,16,107.6,0.105,0.876,0.870015,RUC,96.3,4.0,3.0
7438,54,J.Dunkley,BRL,15,143,16,114.6,0.368,1.442,1.2458559999999999,MID,100.8,4.5,4.5
8935,639,J.Sinclair,STK,14,143,16,108.5,0.368,0.949,0.863624,MID,95.4,4.5,4.5
1573,19,B.Keays,ADE,15,120,16,68.4,0.263,-2.294,-1.789829,FWD,68.4,5.0,5.0
7642,556,J.Sweet,PTA,6,105,16,85.3333,0.105,-0.925,-0.996505,RUC,77.7,5.0,
11179,766,J.McGovern,WCE,15,132,16,108.333,0.263,0.935,1.052561,DEF,96.7,5.0,
2659,257,N.Anderson,GCS,15,140,16,109.867,0.368,1.059,0.81244,MID,97.7,6.0,6.0
3404,301,J.Witts,GCS,11,102,16,104.0,0.105,0.585,0.564315,RUC,88.9,6.0,4.0
6321,480,C.Comben,NTH,12,117,16,81.0833,0.263,-1.268,-1.155173,FWD,78.2,6.0,
9045,645,C.Wilkie,STK,15,130,16,86.2667,0.263,-0.849,-0.769311,DEF,82.3,6.0,5.0
3520,305,J.Bowes,GEE,12,127,16,82.1667,0.263,-1.181,-1.2435939999999999,DEF,78.7,7.0,
8142,588,B.Miller,RIC,13,101,16,79.6923,0.105,-1.381,-1.5798699999999999,RUC,77.7,7.0,
11619,86,D.Zorko,BRL,15,115,16,111.133,0.263,1.162,1.4881199999999999,FWD,98.6,7.0,6.0
1220,173,J.Caldwell,ESS,15,127,16,93.6,0.368,-0.256,-0.49704,MID,87.1,7.5,7.0
3519,305,J.Bowes,GEE,12,127,16,82.1667,0.368,-1.181,-1.479816,MID,78.7,7.5,
502,133,D.Cameron,COL,15,99,16,97.4,0.105,0.051,0.056249999999999994,RUC,89.6,8.0,5.0
2928,273,S.Flanders,GCS,14,114,16,119.643,0.263,1.85,2.209258,FWD,102.2,8.0,7.0
7065,520,A.Aliir,PTA,14,124,16,73.9286,0.263,-1.847,-1.9543039999999998,DEF,73.9,8.0,
1421,182,M.Guelfi,ESS,9,112,16,86.8889,0.263,-0.799,-0.928396,FWD,79.7,9.0,
4183,350,K.Briggs,GWS,15,95,16,88.9333,0.105,-0.634,-0.65899,RUC,84.1,9.0,6.0
5477,432,J.Worpel,HAW,15,124,16,89.3333,0.368,-0.601,-0.964952,MID,84.3,9.0,8.0
8278,594,D.Rioli,RIC,15,123,16,89.2,0.263,-0.612,-0.563608,DEF,84.3,9.0,6.0
999,16,M.Hinge,ADE,15,121,16,99.9333,0.263,0.256,0.09215100000000001,DEF,91.3,10.0,7.0
2470,247,S.Switkowski,FRE,12,108,16,75.4167,0.263,-1.726,-1.464315,FWD,75.2,10.0,
2880,27,R.O'Brien,ADE,13,94,16,89.4615,0.105,-0.591,-0.6482249999999999,RUC,83.2,10.0,7.0
3170,286,T.Miller,GCS,15,121,16,107.733,0.368,0.887,0.5484399999999999,MID,96.3,10.0,9.0
2639,256,B.Ainsworth,GCS,15,106,16,67.7333,0.263,-2.348,-2.203876,FWD,67.7,11.0,8.0
3725,315,M.Duncan,GEE,13,119,16,83.1538,0.263,-1.101,-1.315871,DEF,79.6,11.0,8.0
6175,474,J.Viney,MEL,15,120,16,95.6667,0.368,-0.089,-0.6152399999999999,MID,88.5,11.0,10.0
9713,677,H.McLean,SYD,15,93,16,68.4667,0.105,-2.288,-2.4396199999999997,RUC,68.5,11.0,8.0
390,124,A.Saad,CAR,10,118,16,83.0,0.263,-1.113,-1.0966939999999998,DEF,78.5,12.0,9.0
3479,304,M.Blicavs,GEE,14,91,16,63.6429,0.105,-2.679,-2.7923999999999998,RUC,63.6,12.0,9.0
7375,536,J.Horne-Francis,PTA,13,118,16,102.538,0.368,0.467,0.17444,MID,90.6,12.0,11.0
3695,314,O.Dempsey,GEE,15,104,16,72.6,0.263,-1.954,-1.6712749999999998,FWD,72.6,12.5,
9798,681,T.Papley,SYD,15,104,16,80.8,0.263,-1.291,-1.076655,FWD,78.8,12.5,
1389,180,T.Goldstein,ESS,13,88,16,72.3846,0.105,-1.972,-2.139685,RUC,72.4,13.0,10.0
4343,362,T.Green,GWS,15,117,16,104.4,0.368,0.617,0.528312,MID,94.2,13.0,12.0
4736,389,L.Whitfield,GWS,15,117,16,103.667,0.263,0.558,0.7947000000000001,DEF,93.7,13.5,10.0
6320,480,C.Comben,NTH,12,117,16,81.0833,0.263,-1.268,-1.504437,DEF,78.2,13.5,
8141,588,B.Miller,RIC,13,101,16,79.6923,0.263,-1.381,-1.321825,FWD,77.7,14.0,
9396,662,B.Grundy,SYD,15,82,16,114.533,0.105,1.437,1.3129950000000001,RUC,100.8,14.0,11.0
641,138,N.Daicos,COL,15,116,16,119.467,0.368,1.836,1.697264,MID,104.0,14.5,13.5
10499,725,E.Richards,WBD,12,116,16,97.0,0.368,0.019,-0.150648,MID,86.5,14.5,13.5
2128,221,S.Darcy,FRE,8,81,16,102.5,0.105,0.464,0.35039000000000003,RUC,84.6,15.0,12.0
9149,648,M.Wood,STK,10,100,16,88.1,0.263,-0.701,-0.6391950000000001,FWD,80.7,15.0,9.0
5624,443,M.Gawn,MEL,15,79,16,125.6,0.105,2.331,2.30538,RUC,108.0,16.0,13.0
10359,718,R.Lobb,WBD,7,96,16,63.5714,0.263,-2.684,-2.3536720000000004,FWD,63.6,16.0,
11620,86,D.Zorko,BRL,15,115,16,111.133,0.368,1.162,1.018112,MID,98.6,16.0,15.0
640,138,N.Daicos,COL,15,116,16,119.467,0.263,1.836,1.9056950000000001,DEF,104.0,16.5,12.5
2387,241,L.Ryan,FRE,15,116,16,123.133,0.263,2.132,2.10833,DEF,106.4,16.5,12.5
10498,725,E.Richards,WBD,12,116,16,97.0,0.263,0.019,0.056872000000000006,DEF,86.5,16.5,12.5
10869,749,L.Duggan,WCE,15,116,16,94.5333,0.263,-0.181,-0.431376,DEF,87.7,16.5,12.5
2277,230,L.Jackson,FRE,15,72,16,97.6667,0.105,0.073,-0.04039999999999999,RUC,89.8,17.0,14.0
11076,76,B.Reville,BRL,8,95,16,66.875,0.263,-2.417,-2.6237179999999998,FWD,66.9,17.0,
4365,363,T.Greene,GWS,14,94,16,76.7857,0.263,-1.616,-1.337746,FWD,76.1,18.0,10.0
10155,706,T.English,WBD,15,70,16,109.467,0.105,1.027,0.9612699999999998,RUC,97.5,18.0,15.0
2927,273,S.Flanders,GCS,14,114,16,119.643,0.368,1.85,1.7764,MID,102.2,18.5,17.5
7227,526,Z.Butters,PTA,15,114,16,118.0,0.368,1.717,1.7446000000000002,MID,103.0,18.5,17.5
9881,686,J.Rowbottom,SYD,15,114,16,99.8667,0.368,0.251,-0.15527199999999997,MID,91.2,18.5,17.5
10417,72,L.Neale,BRL,14,114,16,117.214,0.368,1.653,1.6824400000000002,MID,100.7,18.5,17.5
2147,224,J.Draper,FRE,13,111,16,47.5385,0.263,-3.981,-4.229272,DEF,47.5,19.0,
9771,68,O.McInerney,BRL,14,65,16,92.7857,0.105,-0.322,-0.377755,RUC,85.8,19.0,16.0
831,150,N.Kreuger,COL,3,64,16,62.0,0.105,-2.811,-3.0569100000000002,RUC,62.0,20.0,
3845,325,M.Holmes,GEE,15,110,16,104.067,0.263,0.59,0.492427,DEF,94.0,20.5,15.5
7326,533,K.Farrell,PTA,15,110,16,84.1333,0.263,-1.022,-1.147188,DEF,81.0,20.5,15.5
142,107,E.Hollands,CAR,13,93,16,73.3846,0.263,-1.891,-1.639572,FWD,73.4,21.0,
374,123,M.Pittonet,CAR,7,57,16,88.7143,0.105,-0.651,-0.73962,RUC,79.2,21.0,17.0
866,151,P.Lipinski,COL,15,93,16,82.8667,0.263,-1.124,-1.061669,FWD,80.1,21.0,12.0
1824,20,R.Laird,ADE,15,113,16,106.8,0.368,0.811,0.559656,MID,95.7,21.0,20.0
3944,331,G.Miers,GEE,15,93,16,86.2667,0.263,-0.849,-0.703298,FWD,82.3,21.0,12.0
5774,453,T.McDonald,MEL,14,93,16,78.7857,0.263,-1.454,-1.209147,FWD,77.3,21.0,
9714,677,H.McLean,SYD,15,93,16,68.4667,0.263,-2.288,-2.099166,FWD,68.5,21.0,12.0
4702,386,C.Ward,GWS,10,111,16,77.9,0.368,-1.526,-1.9219680000000001,MID,76.3,22.0,21.0
6949,516,D.Tucker,NTH,15,108,16,69.2667,0.263,-2.224,-2.488315,DEF,69.3,22.0,
11539,807,B.Teakle,NTH,3,55,16,60.6667,0.105,-2.919,-3.257415,RUC,60.7,22.0,
2836,266,S.Collins,GCS,15,104,16,82.6,0.263,-1.146,-1.335623,DEF,80.0,23.0,
3844,325,M.Holmes,GEE,15,110,16,104.067,0.368,0.59,0.23046399999999997,MID,94.0,23.0,22.0
11324,776,B.Williams,WCE,15,48,16,65.8667,0.105,-2.499,-2.626575,RUC,65.9,23.0,
10958,752,M.Flynn,WCE,4,42,16,60.75,0.105,-2.912,-3.082415,RUC,60.8,24.0,
11651,87,B.Acres,CAR,15,109,16,95.6,0.368,-0.094,-0.43403200000000003,MID,88.4,24.0,23.0
5053,405,J.Impey,HAW,15,103,16,84.3333,0.263,-1.005,-1.109148,DEF,81.1,24.5,
6815,509,H.Sheezel,NTH,15,103,16,115.733,0.263,1.534,1.704424,DEF,101.6,24.5,17.0
1301,177,S.Draper,ESS,8,35,16,60.25,0.105,-2.953,-2.952475,RUC,60.2,25.0,18.0
6948,516,D.Tucker,NTH,15,108,16,69.2667,0.368,-2.224,-2.79256,MID,69.3,25.0,
2225,228,N.Fyfe,FRE,15,92,16,74.5333,0.263,-1.798,-1.719363,FWD,74.5,25.5,14.0
3033,278,J.Jeffrey,GCS,7,92,16,72.5714,0.263,-1.957,-1.925966,FWD,72.6,25.5,
7357,535,M.Georgiades,PTA,12,92,16,64.5833,0.263,-2.602,-2.2871889999999997,FWD,64.6,25.5,
9680,676,J.McInerney,SYD,15,92,16,83.4667,0.263,-1.076,-0.8598140000000001,FWD,80.5,25.5,
666,139,J.De Goey,COL,9,107,16,83.7778,0.368,-1.05,-1.447808,MID,78.4,26.0,24.0
8573,611,T.Campbell,STK,2,26,16,45.5,0.105,-4.146,-4.35411,RUC,45.5,26.0,
805,147,J.Howe,COL,12,101,16,80.8333,0.263,-1.288,-1.38531,DEF,78.0,27.0,
2080,218,J.Clark,FRE,15,101,16,105.2,0.263,0.682,0.7111930000000001,DEF,94.7,27.0,18.0
7699,561,B.Zerk-Thatcher,PTA,15,101,16,58.8,0.263,-3.07,-3.162839,DEF,58.8,27.0,
2640,256,B.Ainsworth,GCS,15,106,16,67.7333,0.368,-2.348,-2.8690879999999996,MID,67.7,27.5,25.0
4111,343,Z.Tuohy,GEE,11,106,16,70.4545,0.368,-2.128,-2.732256,MID,70.5,27.5,
1939,211,P.Wright,ESS,11,91,16,76.0909,0.263,-1.672,-1.600727,FWD,75.5,28.0,
4400,367,H.Himmelberg,GWS,15,99,16,90.2,0.263,-0.531,-0.548095,DEF,84.9,29.0,19.0
5279,418,J.Newcombe,HAW,15,105,16,94.1333,0.368,-0.213,-0.30647199999999997,MID,87.5,29.0,26.0
4966,400,J.Ginnivan,HAW,15,90,16,68.2,0.263,-2.31,-2.0314829999999997,FWD,68.2,29.5,
8803,63,K.Lohmann,BRL,15,90,16,67.6667,0.263,-2.353,-2.096049,FWD,67.7,29.5,
9,1,S.Berry,ADE,10,104,16,52.2,0.368,-3.604,-3.7526720000000005,MID,52.2,31.0,
3696,314,O.Dempsey,GEE,15,104,16,72.6,0.368,-1.954,-2.254288,MID,72.6,31.0,
4892,397,W.Day,HAW,9,104,16,102.333,0.368,0.45,-0.15462400000000004,MID,85.7,31.0,27.0
4092,342,T.Stewart,GEE,14,97,16,93.8571,0.263,-0.235,-0.181611,DEF,86.5,31.5,20.5
4140,348,L.Ash,GWS,11,97,16,83.0909,0.263,-1.106,-1.149658,DEF,78.9,31.5,20.5
8548,61,R.Lester,BRL,15,97,16,74.8,0.263,-1.776,-2.009281,DEF,74.8,31.5,
11797,96,L.Cowan,CAR,9,97,16,60.5556,0.263,-2.928,-3.1410299999999998,DEF,60.6,31.5,
230,110,M.Kennedy,CAR,15,89,16,76.4667,0.263,-1.642,-1.412138,FWD,76.0,32.0,
313,12,D.Fogarty,ADE,15,89,16,70.6,0.263,-2.116,-1.99502,FWD,70.6,32.0,
5379,429,N.Watson,HAW,8,89,16,58.125,0.263,-3.125,-2.788886,FWD,58.1,32.0,
7616,552,C.Rozee,PTA,12,103,16,93.3333,0.368,-0.278,-0.34976,MID,84.6,33.0,28.0
4983,402,J.Gunston,HAW,11,88,16,55.3636,0.263,-3.348,-3.114982,FWD,55.4,34.0,
11739,93,A.Cerra,CAR,7,102,16,94.4286,0.368,-0.189,-0.8631759999999999,MID,80.9,34.0,29.0
2962,275,W.Graham,GCS,9,95,16,69.1111,0.263,-2.236,-2.5665910000000003,DEF,69.1,34.5,
3333,298,B.Uwland,GCS,13,95,16,73.0,0.263,-1.922,-2.074277,DEF,73.0,34.5,
5865,458,C.Oliver,MEL,15,101,16,88.3333,0.368,-0.682,-1.147152,MID,83.7,35.0,30.0
5111,41,T.Walker,ADE,12,87,16,70.25,0.263,-2.144,-2.092189,FWD,70.2,36.0,15.0
8039,582,J.Koschitzke,RIC,6,87,16,53.6667,0.263,-3.485,-3.425562,FWD,53.7,36.0,
8456,606,J.Battle,STK,15,94,16,78.4,0.263,-1.485,-1.441605,DEF,77.2,36.0,
10659,733,C.Weightman,WBD,9,87,16,69.1111,0.263,-2.236,-2.026389,FWD,69.1,36.0,
603,137,J.Daicos,COL,15,100,16,86.9333,0.368,-0.795,-1.002552,MID,82.8,37.0,32.0
9148,648,M.Wood,STK,10,100,16,88.1,0.368,-0.701,-1.2982639999999999,MID,80.7,37.0,32.0
9553,67,H.McCluggage,BRL,15,100,16,98.8667,0.368,0.17,-0.072512,MID,90.6,37.0,32.0
5067,406,C.Jiath,HAW,6,93,16,54.8333,0.263,-3.391,-3.575889,DEF,54.8,37.5,
5773,453,T.McDonald,MEL,14,93,16,78.7857,0.263,-1.454,-1.549995,DEF,77.3,37.5,
3141,283,J.Lukosius,GCS,15,86,16,73.0667,0.263,-1.917,-1.851776,FWD,73.1,38.5,
3269,295,A.Sexton,GCS,10,86,16,82.2,0.263,-1.178,-1.127767,FWD,78.1,38.5,16.0
8025,581,J.Hopper,RIC,4,98,16,85.25,0.368,-0.931,-1.416392,MID,76.8,39.0,34.0
3034,278,J.Jeffrey,GCS,7,92,16,72.5714,0.263,-1.957,-2.30153,DEF,72.6,40.0,
4446,369,C.Idun,GWS,15,92,16,82.9333,0.263,-1.119,-1.1526640000000001,DEF,80.2,40.0,22.5
6289,48,J.Berry,BRL,15,96,16,89.8667,0.368,-0.558,-1.084608,MID,84.7,40.0,
9007,643,N.Wanganeen-Milera,STK,14,92,16,101.0,0.263,0.342,0.359358,DEF,90.8,40.0,22.5
6501,489,E.Ford,NTH,12,85,16,50.8333,0.263,-3.714,-3.5462059999999997,FWD,50.8,40.5,
9480,666,I.Heeney,SYD,15,85,16,122.333,0.263,2.067,2.312379,FWD,105.9,40.5,17.0
1996,213,J.Amiss,FRE,14,84,16,50.5,0.263,-3.741,-3.522184,FWD,50.5,42.5,
3095,282,B.Long,GCS,9,84,16,59.0,0.263,-3.054,-2.8954109999999997,FWD,59.0,42.5,
3863,326,L.Humphries,GEE,1,91,16,91.0,0.263,-0.466,-0.872072,DEF,75.7,42.5,
4867,396,M.D'Ambrosio,HAW,14,91,16,85.0714,0.263,-0.946,-0.951786,DEF,81.1,42.5,
2961,275,W.Graham,GCS,9,95,16,69.1111,0.368,-2.236,-2.8954560000000003,MID,69.1,43.0,
8396,601,T.Taranto,RIC,8,95,16,101.625,0.368,0.393,-0.06515999999999997,MID,84.3,43.0,36.0
8969,640,J.Steele,STK,15,95,16,107.933,0.368,0.903,0.785976,MID,96.5,43.0,36.0
9419,663,E.Gulden,SYD,15,95,16,110.6,0.368,1.119,0.899672,MID,98.2,43.0,36.0
11075,76,B.Reville,BRL,8,95,16,66.875,0.368,-2.417,-3.469848,MID,66.9,43.0,
6483,488,Z.Fisher,NTH,15,83,16,87.8,0.263,-0.725,-0.535114,FWD,83.3,44.0,18.0
11558,81,B.Starcevich,BRL,11,90,16,58.3636,0.263,-3.105,-3.432435,DEF,58.4,44.0,
9022,644,J.Webster,STK,7,89,16,67.1429,0.263,-2.396,-2.730536,DEF,67.1,45.0,
90,105,L.Fogarty,CAR,9,82,16,63.8889,0.263,-2.659,-2.550907,FWD,63.9,46.0,
285,115,H.McKay,CAR,15,82,16,89.2667,0.263,-0.607,-0.406068,FWD,84.3,46.0,19.0
1510,188,H.Jones,ESS,13,82,16,54.7692,0.263,-3.396,-3.202432,FWD,54.8,46.0,
4504,372,J.Kelly,GWS,12,94,16,102.833,0.368,0.49,0.19891200000000003,MID,89.5,46.5,38.5
10061,702,B.Dale,WBD,15,88,16,100.4,0.263,0.294,0.244556,DEF,91.6,46.5,24.0
11004,757,B.Hough,WCE,15,88,16,62.3333,0.263,-2.784,-2.993874,DEF,62.3,46.5,
11676,9,J.Dawson,ADE,15,94,16,103.333,0.368,0.531,0.307624,MID,93.5,46.5,38.5
5321,423,J.Scrimshaw,HAW,14,87,16,81.9286,0.263,-1.2,-1.294417,DEF,79.2,48.0,25.0
143,107,E.Hollands,CAR,13,93,16,73.3846,0.368,-1.891,-2.23692,MID,73.4,48.5,
867,151,P.Lipinski,COL,15,93,16,82.8667,0.368,-1.124,-1.7330400000000001,MID,80.1,48.5,40.0
5842,457,A.Neal-Bullen,MEL,15,81,16,85.2667,0.263,-0.93,-0.6840950000000001,FWD,81.7,48.5,20.0
6152,472,J.van Rooyen,MEL,13,81,16,58.5385,0.263,-3.091,-2.8650830000000003,FWD,58.5,48.5,
3140,283,J.Lukosius,GCS,15,86,16,73.0667,0.263,-1.917,-2.222869,DEF,73.1,49.5,
3270,295,A.Sexton,GCS,10,86,16,82.2,0.263,-1.178,-1.480713,DEF,78.1,49.5,26.0
11229,770,H.Reid,WCE,12,80,16,85.0833,0.263,-0.945,-0.807977,FWD,80.3,50.0,21.0
2224,228,N.Fyfe,FRE,15,92,16,74.5333,0.368,-1.798,-2.401888,MID,74.5,50.5,41.0
9679,676,J.McInerney,SYD,15,92,16,83.4667,0.368,-1.076,-1.4509920000000003,MID,80.5,50.5,
3094,282,B.Long,GCS,9,84,16,59.0,0.263,-3.054,-3.2870179999999998,DEF,59.0,51.0,
6737,507,T.Powell,NTH,15,79,16,79.6667,0.263,-1.383,-1.1402510000000001,FWD,78.0,51.5,22.0
10176,707,J.Freijah,WBD,7,79,16,67.0,0.263,-2.407,-2.178979,FWD,67.0,51.5,
429,127,J.Weitering,CAR,13,83,16,72.3846,0.263,-1.972,-2.000404,DEF,72.4,52.5,
6482,488,Z.Fisher,NTH,15,83,16,87.8,0.263,-0.725,-0.862286,DEF,83.3,52.5,27.0
3480,304,M.Blicavs,GEE,14,91,16,63.6429,0.368,-2.679,-2.996216,MID,63.6,53.0,42.0
3862,326,L.Humphries,GEE,1,91,16,91.0,0.368,-0.466,-1.2413759999999998,MID,75.7,53.0,
4866,396,M.D'Ambrosio,HAW,14,91,16,85.0714,0.368,-0.946,-1.16864,MID,81.1,53.0,
1596,190,K.Langford,ESS,15,78,16,76.1333,0.263,-1.669,-1.396269,FWD,75.7,53.5,23.0
2498,249,J.Treacy,FRE,15,78,16,79.9333,0.263,-1.361,-1.022519,FWD,78.2,53.5,
10291,714,L.Jones,WBD,15,79,16,73.0667,0.263,-1.917,-2.14318,DEF,73.1,54.0,
10344,717,T.Liberatore,WBD,9,90,16,107.0,0.368,0.827,0.5734480000000001,MID,87.5,55.0,43.0
79,104,O.Fantasia,CAR,12,76,16,40.9167,0.263,-4.516,-4.449987,FWD,40.9,56.5,
1440,184,D.Heppell,ESS,15,78,16,88.5333,0.263,-0.666,-0.736747,DEF,83.8,56.5,
2516,250,C.Wagner,FRE,4,78,16,49.25,0.263,-3.842,-3.75258,DEF,49.2,56.5,
5091,409,C.Macdonald,HAW,15,76,16,69.4667,0.263,-2.208,-1.893189,FWD,69.5,56.5,24.0
5454,430,J.Weddle,HAW,15,78,16,72.7333,0.263,-1.943,-2.083705,DEF,72.7,56.5,
6373,482,P.Curtis,NTH,15,76,16,56.5333,0.263,-3.253,-3.043915,FWD,56.5,56.5,
8425,603,N.Vlastuin,RIC,15,78,16,90.8667,0.263,-0.477,-0.506719,DEF,85.3,56.5,28.0
8710,623,B.Hill,STK,15,76,16,76.8667,0.263,-1.609,-1.507745,FWD,76.2,56.5,
231,110,M.Kennedy,CAR,15,89,16,76.4667,0.368,-1.642,-2.012944,MID,76.0,57.5,
1332,178,S.Durham,ESS,14,89,16,88.6429,0.368,-0.657,-0.9179120000000001,MID,83.3,57.5,
5378,429,N.Watson,HAW,8,89,16,58.125,0.368,-3.125,-3.37892,MID,58.1,57.5,
9916,690,C.Warner,SYD,15,89,16,104.533,0.368,0.628,0.433696,MID,94.3,57.5,44.0
4070,340,T.Stengle,GEE,15,75,16,73.8667,0.263,-1.852,-1.6697410000000001,FWD,73.9,59.0,
7289,531,W.Drew,PTA,15,88,16,88.7333,0.368,-0.65,-0.874848,MID,84.0,60.0,
1686,194,A.McGrath,ESS,15,77,16,96.3333,0.263,-0.035,-0.069453,DEF,88.9,60.5,29.5
4599,379,H.Perryman,GWS,11,77,16,77.0,0.263,-1.598,-1.711616,DEF,76.0,60.5,
4783,390,K.Amon,HAW,15,77,16,90.6,0.263,-0.499,-0.513728,DEF,85.2,60.5,29.5
7343,534,J.Finlayson,PTA,10,74,16,59.6,0.263,-3.005,-2.9182099999999997,FWD,59.6,60.5,25.5
9127,647,M.Windhager,STK,14,77,16,74.3571,0.263,-1.812,-2.033709,DEF,74.4,60.5,
9187,649,T.Adams,SYD,11,74,16,77.1818,0.263,-1.584,-1.574006,FWD,76.0,60.5,25.5
2308,231,M.Johnson,FRE,14,86,16,65.0,0.368,-2.569,-3.107752,MID,65.0,61.5,
10702,735,B.Williams,WBD,15,86,16,82.8,0.368,-1.129,-1.687256,MID,80.1,61.5,
2278,230,L.Jackson,FRE,15,72,16,97.6667,0.263,0.073,0.289712,FWD,89.8,62.5,27.5
10393,719,J.Macrae,WBD,13,72,16,76.4615,0.263,-1.642,-1.514971,FWD,75.8,62.5,27.5
1042,162,J.Noble,COL,13,76,16,79.1538,0.263,-1.424,-1.563653,DEF,77.3,63.5,
6260,477,J.Archer,NTH,7,76,16,44.2857,0.263,-4.244,-4.5230429999999995,DEF,44.3,63.5,
2041,215,A.Brayshaw,FRE,15,85,16,102.4,0.368,0.455,0.5484720000000001,MID,92.9,64.0,46.0
2410,242,C.Serong,FRE,15,85,16,119.8,0.368,1.862,1.658128,MID,104.2,64.0,46.0
9479,666,I.Heeney,SYD,15,85,16,122.333,0.368,2.067,1.8278000000000003,MID,105.9,64.0,46.0
10111,704,S.Darcy,WBD,12,71,16,75.5,0.263,-1.72,-1.411501,FWD,75.3,64.5,
10634,732,L.Vandermeer,WBD,15,71,16,51.5333,0.263,-3.658,-3.612764,FWD,51.5,64.5,
1084,164,I.Quaynor,COL,15,75,16,60.1333,0.263,-2.962,-3.23552,DEF,60.1,67.0,32.5
1655,193,N.Martin,ESS,15,75,16,101.6,0.263,0.391,0.508561,DEF,92.3,67.0,32.5
2433,243,J.Sharp,FRE,15,82,16,71.0,0.368,-2.084,-2.5535680000000003,MID,71.0,67.0,
3191,289,W.Powell,GCS,10,75,16,93.6,0.263,-0.256,-0.419323,DEF,83.1,67.0,32.5
3380,30,J.Rachele,ADE,15,69,16,63.0,0.263,-2.731,-2.540325,FWD,63.0,67.0,29.0
4047,34,L.Sholl,ADE,12,82,16,86.0,0.368,-0.871,-1.218392,MID,80.7,67.0,
5579,44,H.Andrews,BRL,15,75,16,86.3333,0.263,-0.844,-0.9936470000000001,DEF,82.4,67.0,32.5
7102,522,M.Bergman,PTA,15,75,16,73.6,0.263,-1.873,-1.910609,DEF,73.6,67.0,
7676,560,O.Wines,PTA,14,82,16,94.2143,0.368,-0.206,-0.262304,MID,86.7,67.0,48.0
8064,584,R.Mansell,RIC,13,69,16,60.0,0.263,-2.973,-2.8196709999999996,FWD,60.0,67.0,
8510,608,D.Butler,STK,8,69,16,35.5,0.263,-4.954,-4.766481,FWD,35.5,67.0,
3639,312,P.Dangerfield,GEE,6,81,16,87.5,0.368,-0.749,-1.171832,MID,78.3,69.0,49.0
3437,302,T.Atkins,GEE,14,74,16,83.5714,0.263,-1.067,-1.24847,DEF,80.2,70.0,35.0
3881,328,M.Knevitt,GEE,2,80,16,40.0,0.368,-4.59,-5.4599519999999995,MID,40.0,70.5,
11228,770,H.Reid,WCE,12,80,16,85.0833,0.368,-0.945,-1.435912,MID,80.3,70.5,50.0
1469,185,N.Hind,ESS,13,68,16,57.3077,0.263,-3.191,-3.193104,FWD,57.3,71.0,
4831,395,M.Chol,HAW,13,68,16,64.4615,0.263,-2.612,-2.4623530000000002,FWD,64.5,71.0,
5918,460,H.Petty,MEL,13,68,16,43.9231,0.263,-4.273,-3.9758099999999996,FWD,43.9,71.0,
6858,511,J.Simpkin,NTH,10,68,16,71.6,0.263,-2.035,-1.633399,FWD,71.6,71.0,30.5
7043,52,J.Daniher,BRL,15,68,16,89.6667,0.263,-0.574,-0.450916,FWD,84.6,71.0,30.5
11582,84,D.Wilmot,BRL,15,73,16,83.2667,0.263,-1.092,-1.178001,DEF,80.4,71.0,
777,146,W.Hoskin-Elliott,COL,12,72,16,65.0833,0.263,-2.562,-2.747152,DEF,65.1,73.5,
6784,508,B.Scott,NTH,15,72,16,69.2667,0.263,-2.224,-2.2763370000000003,DEF,69.3,73.5,
9620,674,T.McCartin,SYD,12,72,16,60.3333,0.263,-2.946,-3.089598,DEF,60.3,73.5,
10737,739,T.Barrass,WCE,14,72,16,83.0,0.263,-1.113,-1.17875,DEF,79.9,73.5,
3242,293,M.Rowell,GCS,15,79,16,109.4,0.368,1.021,0.6169359999999999,MID,97.4,74.0,51.5
5885,46,W.Ashcroft,BRL,1,79,16,79.0,0.368,-1.437,-1.69644,MID,75.2,74.0,
6738,507,T.Powell,NTH,15,79,16,79.6667,0.368,-1.383,-1.726712,MID,78.0,74.0,51.5
8108,587,K.McIntosh,RIC,14,79,16,49.0,0.368,-3.863,-4.579496,MID,49.0,74.0,
10175,707,J.Freijah,WBD,7,79,16,67.0,0.368,-2.407,-2.802968,MID,67.0,74.0,
3620,310,B.Close,GEE,15,67,16,66.2,0.263,-2.472,-2.420715,FWD,66.2,76.5,
4423,368,J.Hogan,GWS,15,67,16,82.4667,0.263,-1.156,-0.668924,FWD,79.9,76.5,33.0
7020,519,C.Zurhaar,NTH,14,67,16,69.7857,0.263,-2.182,-2.006842,FWD,69.8,76.5,
7731,562,L.Baker,RIC,12,67,16,82.4167,0.263,-1.16,-0.9219849999999999,FWD,78.9,76.5,33.0
8015,58,E.Hipwood,BRL,14,67,16,67.7143,0.263,-2.349,-2.244326,FWD,67.7,76.5,
8494,607,R.Bonner,STK,15,71,16,78.6667,0.263,-1.464,-1.6720329999999999,DEF,77.4,76.5,36.0
10537,726,R.Sanders,WBD,11,67,16,64.8182,0.263,-2.583,-2.453341,FWD,64.8,76.5,33.0
10633,732,L.Vandermeer,WBD,15,71,16,51.5333,0.263,-3.658,-4.0317229999999995,DEF,51.5,76.5,
1746,197,Z.Merrett,ESS,15,78,16,116.0,0.368,1.555,1.447912,MID,101.7,77.5,53.5
5256,417,C.Nash,HAW,15,78,16,74.6667,0.368,-1.787,-2.122616,MID,74.7,77.5,53.5
5805,454,J.McVee,MEL,15,69,16,70.8667,0.263,-2.094,-2.260216,DEF,70.9,78.0,
4782,390,K.Amon,HAW,15,77,16,90.6,0.368,-0.499,-0.737096,MID,85.2,79.5,55.0
9126,647,M.Windhager,STK,14,77,16,74.3571,0.368,-1.812,-2.324992,MID,74.4,79.5,
6042,468,T.Sparrow,MEL,15,66,16,67.8667,0.263,-2.337,-2.230222,FWD,67.9,80.5,
9442,665,W.Hayward,SYD,15,66,16,73.4667,0.263,-1.884,-1.8282439999999998,FWD,73.5,80.5,
571,136,J.Crisp,COL,15,68,16,91.1333,0.263,-0.456,-0.604595,DEF,85.5,81.0,37.0
1468,185,N.Hind,ESS,13,68,16,57.3077,0.263,-3.191,-3.604699,DEF,57.3,81.0,
3786,323,J.Henry,GEE,15,68,16,58.2,0.263,-3.119,-3.122945,DEF,58.2,81.0,
5919,460,H.Petty,MEL,13,68,16,43.9231,0.263,-4.273,-4.385827,DEF,43.9,81.0,
8711,623,B.Hill,STK,15,76,16,76.8667,0.368,-1.609,-2.1731439999999997,MID,76.2,81.0,
9820,683,D.Rampe,SYD,12,68,16,60.6667,0.263,-2.919,-3.250117,DEF,60.7,81.0,
3066,280,B.King,GCS,14,65,16,62.5714,0.263,-2.765,-2.682944,FWD,62.6,82.5,
11111,761,J.Jones,WCE,8,65,16,52.25,0.263,-3.6,-3.599211,FWD,52.2,82.5,
1654,193,N.Martin,ESS,15,75,16,101.6,0.368,0.391,0.32844,MID,92.3,83.0,56.0
4469,37,J.Soligo,ADE,15,75,16,85.6667,0.368,-0.898,-1.309424,MID,82.0,83.0,
7103,522,M.Bergman,PTA,15,75,16,73.6,0.368,-1.873,-2.1328080000000003,MID,73.6,83.0,
464,128,Z.Williams,CAR,14,64,16,70.5,0.263,-2.124,-1.989081,FWD,70.5,85.0,35.0
830,150,N.Kreuger,COL,3,64,16,62.0,0.263,-2.811,-2.822835,FWD,62.0,85.0,
5601,441,B.Fritsch,MEL,15,64,16,55.7333,0.263,-3.318,-3.2020169999999997,FWD,55.7,85.0,
3436,302,T.Atkins,GEE,14,74,16,83.5714,0.368,-1.067,-1.529944,MID,80.2,85.5,57.5
4281,356,I.Cumming,GWS,1,67,16,67.0,0.263,-2.407,-2.601357,DEF,67.0,85.5,
7730,562,L.Baker,RIC,12,67,16,82.4167,0.263,-1.16,-1.255995,DEF,78.9,85.5,38.0
9186,649,T.Adams,SYD,11,74,16,77.1818,0.368,-1.584,-2.2854080000000003,MID,76.0,85.5,57.5
9274,654,B.Campbell,SYD,13,67,16,41.0769,0.263,-4.503,-4.603203000000001,DEF,41.1,85.5,
9897,69,C.McKenna,BRL,10,67,16,62.0,0.263,-2.811,-3.193402,DEF,62.0,85.5,
1061,163,S.Pendlebury,COL,12,73,16,85.1667,0.368,-0.938,-1.209952,MID,80.3,87.0,59.0
4302,357,B.Daniels,GWS,14,63,16,79.8571,0.263,-1.367,-0.884132,FWD,78.0,88.0,36.0
4624,381,J.Riccardi,GWS,15,63,16,60.0667,0.263,-2.968,-2.8754239999999998,FWD,60.1,88.0,
7514,547,J.Mead,PTA,15,63,16,61.0,0.263,-2.892,-2.728151,FWD,61.0,88.0,
5738,451,S.May,MEL,14,66,16,87.1429,0.263,-0.778,-0.7517,DEF,82.4,88.5,39.0
11035,758,J.Hunt,WCE,12,66,16,58.6667,0.263,-3.081,-3.1007249999999997,DEF,58.7,88.5,
776,146,W.Hoskin-Elliott,COL,12,72,16,65.0833,0.368,-2.562,-3.019424,MID,65.1,89.5,
6396,483,L.Davies-Uniacke,NTH,15,72,16,108.667,0.368,0.962,0.842768,MID,97.0,89.5,60.5
6783,508,B.Scott,NTH,15,72,16,69.2667,0.368,-2.224,-2.50184,MID,69.3,89.5,
10392,719,J.Macrae,WBD,13,72,16,76.4615,0.368,-1.642,-2.16824,MID,75.8,89.5,60.5
3968,334,S.Neale,GEE,6,62,16,51.5,0.263,-3.66,-3.3641250000000005,FWD,51.5,90.0,
2362,24,L.Murphy,ADE,9,61,16,54.0,0.263,-3.458,-3.270744,FWD,54.0,91.0,
10004,696,L.Bramble,WBD,15,65,16,71.2,0.263,-2.067,-2.186928,DEF,71.2,91.0,
11112,761,J.Jones,WCE,8,65,16,52.25,0.263,-3.6,-4.021063,DEF,52.2,91.0,
11255,771,J.Rotham,WCE,10,65,16,47.4,0.263,-3.992,-4.440415,DEF,47.4,91.0,
5556,439,K.Chandler,MEL,15,60,16,61.7333,0.263,-2.833,-2.63049,FWD,61.7,92.0,
4259,354,F.Callaghan,GWS,14,71,16,77.2143,0.368,-1.581,-1.78524,MID,76.3,93.0,62.5
5668,448,E.Langdon,MEL,14,71,16,73.6429,0.368,-1.87,-2.032656,MID,73.6,93.0,
8493,607,R.Bonner,STK,15,71,16,78.6667,0.368,-1.464,-1.960432,MID,77.4,93.0,62.5
465,128,Z.Williams,CAR,14,64,16,70.5,0.263,-2.124,-2.358596,DEF,70.5,94.5,40.5
3661,313,S.De Koning,GEE,14,64,16,65.2857,0.263,-2.546,-2.692754,DEF,65.3,94.5,
3751,320,Z.Guthrie,GEE,15,64,16,82.4,0.263,-1.162,-1.218808,DEF,79.8,94.5,
11411,779,E.Yeo,WCE,13,64,16,106.923,0.263,0.821,0.818896,DEF,93.0,94.5,40.5
977,158,B.Mihocek,COL,10,59,16,62.3,0.263,-2.787,-2.667598,FWD,62.3,95.0,
5822,456,A.Moniz-Wakefield,MEL,1,59,16,59.0,0.263,-3.054,-3.030856,FWD,59.0,95.0,
6123,471,D.Turner,MEL,7,59,16,43.1429,0.263,-4.336,-4.227644,FWD,43.1,95.0,
6832,510,L.Shiels,NTH,10,70,16,48.8,0.368,-3.879,-4.539192,MID,48.8,95.0,
10448,721,A.Naughton,WBD,12,59,16,80.4167,0.263,-1.322,-1.333835,FWD,77.8,95.0,37.5
10904,75,C.Rayner,BRL,15,59,16,73.6667,0.263,-1.868,-1.540828,FWD,73.7,95.0,37.5
572,136,J.Crisp,COL,15,68,16,91.1333,0.368,-0.456,-0.878096,MID,85.5,96.5,64.5
6859,511,J.Simpkin,NTH,10,68,16,71.6,0.368,-2.035,-2.157912,MID,71.6,96.5,64.5
1369,18,M.Keane,ADE,14,63,16,78.2857,0.263,-1.494,-1.6231330000000002,DEF,77.0,98.0,
1859,202,J.Ridley,ESS,5,63,16,106.4,0.263,0.779,0.7266630000000001,DEF,81.8,98.0,42.0
2713,26,L.Nankervis,ADE,12,63,16,71.4167,0.263,-2.05,-2.222002,DEF,71.4,98.0,
4282,356,I.Cumming,GWS,1,67,16,67.0,0.368,-2.407,-2.8784080000000003,MID,67.0,99.0,
9273,654,B.Campbell,SYD,13,67,16,41.0769,0.368,-4.503,-4.830152,MID,41.1,99.0,
10536,726,R.Sanders,WBD,11,67,16,64.8182,0.368,-2.583,-3.13316,MID,64.8,99.0,66.0
359,122,M.Owies,CAR,15,58,16,56.7333,0.263,-3.237,-3.170461,FWD,56.7,99.5,
4018,338,G.Rohan,GEE,7,58,16,33.8571,0.263,-5.087,-4.985219,FWD,33.9,99.5,
6058,469,K.Tholstrup,MEL,3,58,16,54.0,0.263,-3.458,-3.220774,FWD,54.0,99.5,
6600,50,C.Cameron,BRL,15,58,16,58.2667,0.263,-3.113,-2.958093,FWD,58.3,99.5,
2593,255,H.Young,FRE,15,62,16,97.7333,0.263,0.078,0.17688800000000002,DEF,89.8,100.0,43.0
6043,468,T.Sparrow,MEL,15,66,16,67.8667,0.368,-2.337,-2.914024,MID,67.9,101.5,
11036,758,J.Hunt,WCE,12,66,16,58.6667,0.368,-3.081,-3.3080559999999997,MID,58.7,101.5,
677,14,W.Hamill,ADE,7,60,16,54.1429,0.263,-3.447,-3.712893,DEF,54.1,102.0,
9745,678,L.Melican,SYD,15,60,16,51.2667,0.263,-3.679,-3.930691,DEF,51.3,102.0,
10465,722,J.O'Donnell,WBD,10,60,16,54.9,0.263,-3.386,-3.735001,DEF,54.9,102.0,
22,10,B.Dowling,ADE,3,57,16,58.3333,0.263,-3.108,-2.744534,FWD,58.3,103.0,
5423,43,C.Ah Chee,BRL,14,57,16,63.6429,0.263,-2.679,-2.4862209999999996,FWD,63.6,103.0,
9642,675,L.McDonald,SYD,15,57,16,62.8,0.263,-2.747,-2.5789429999999998,FWD,62.8,103.0,
7628,554,J.Sinn,PTA,4,65,16,53.25,0.368,-3.519,-4.087928,MID,53.2,104.0,
10003,696,L.Bramble,WBD,15,65,16,71.2,0.368,-2.067,-2.4383120000000003,MID,71.2,104.0,
11130,762,T.Kelly,WCE,12,65,16,93.3333,0.368,-0.278,-0.45464000000000004,MID,84.6,104.0,67.0
6122,471,D.Turner,MEL,7,59,16,43.1429,0.263,-4.336,-4.658438,DEF,43.1,105.0,
7398,537,D.Houston,PTA,15,59,16,109.467,0.263,1.027,1.0259479999999999,DEF,97.5,105.0,44.5
11380,778,A.Witherden,WCE,12,59,16,69.0,0.263,-2.245,-2.417265,DEF,69.0,105.0,44.5
1350,179,X.Duursma,ESS,10,64,16,80.9,0.368,-1.283,-1.7326959999999998,MID,77.6,106.5,
3565,307,J.Cameron,GEE,14,56,16,85.3571,0.263,-0.923,-0.643694,FWD,81.3,106.5,39.5
4161,349,T.Bedford,GWS,15,56,16,56.8667,0.263,-3.226,-2.968523,FWD,56.9,106.5,
7841,566,S.Bolton,RIC,14,56,16,81.5,0.263,-1.235,-1.104289,FWD,79.0,106.5,39.5
10596,731,J.Ugle-Hagan,WBD,13,56,16,59.2308,0.263,-3.035,-2.7112469999999997,FWD,59.2,106.5,
11412,779,E.Yeo,WCE,13,64,16,106.923,0.368,0.821,0.591,MID,93.0,106.5,68.0
2745,260,C.Ballard,GCS,15,58,16,66.1333,0.263,-2.477,-2.7328989999999997,DEF,66.1,108.0,
5969,462,T.Rivers,MEL,15,58,16,82.4,0.263,-1.162,-1.1593699999999998,DEF,79.8,108.0,46.5
9591,671,J.Lloyd,SYD,15,58,16,82.2667,0.263,-1.173,-1.261631,DEF,79.7,108.0,46.5
2714,26,L.Nankervis,ADE,12,63,16,71.4167,0.368,-2.05,-2.4930719999999997,MID,71.4,108.5,
7515,547,J.Mead,PTA,15,63,16,61.0,0.368,-2.892,-3.399104,MID,61.0,108.5,
2991,276,N.Holman,GCS,13,55,16,46.6923,0.263,-4.049,-3.760752,FWD,46.7,110.0,
8567,610,A.Caminiti,STK,11,55,16,50.6364,0.263,-3.73,-3.5324869999999997,FWD,50.6,110.0,
8655,621,L.Henry,STK,9,55,16,62.3333,0.263,-2.784,-2.624622,FWD,62.3,110.0,
2594,255,H.Young,FRE,15,62,16,97.7333,0.368,0.078,-0.008112000000000001,MID,89.8,110.5,69.5
4276,355,S.Coniglio,GWS,9,62,16,86.0,0.368,-0.871,-1.432936,MID,79.3,110.5,69.5
1845,200,M.Redman,ESS,13,57,16,88.6923,0.263,-0.653,-0.719276,DEF,82.7,111.0,48.0
2103,22,M.Michalanney,ADE,15,57,16,64.5333,0.263,-2.607,-2.770586,DEF,64.5,111.0,
11698,90,J.Boyd,CAR,15,57,16,68.7333,0.263,-2.267,-2.66413,DEF,68.7,111.0,
1135,168,S.Sidebottom,COL,14,60,16,69.7143,0.368,-2.188,-2.418,MID,69.7,112.5,
2330,238,J.O'Meara,FRE,14,60,16,62.3571,0.368,-2.783,-3.1730799999999997,MID,62.4,112.5,
2450,246,S.Sturt,FRE,5,54,16,56.6,0.263,-3.248,-3.190403,FWD,56.6,112.5,
11847,99,C.Curnow,CAR,15,54,16,88.9333,0.263,-0.634,-0.531956,FWD,84.1,112.5,41.0
928,154,B.Maynard,COL,15,56,16,87.9333,0.263,-0.714,-1.045643,DEF,83.4,114.0,49.0
2805,265,S.Clohesy,GCS,12,56,16,72.9167,0.263,-1.929,-2.16833,DEF,72.9,114.0,
3897,329,J.Kolodjashnij,GEE,14,56,16,67.8571,0.263,-2.338,-2.476601,DEF,67.9,114.0,
10905,75,C.Rayner,BRL,15,59,16,73.6667,0.368,-1.868,-2.098736,MID,73.7,114.0,71.0
5018,403,B.Hardwick,HAW,15,53,16,70.2,0.263,-2.148,-1.8218800000000002,FWD,70.2,114.5,
10680,734,R.West,WBD,14,53,16,66.2857,0.263,-2.465,-2.3114079999999997,FWD,66.3,114.5,
9521,667,J.Jordon,SYD,15,52,16,71.7333,0.263,-2.024,-1.918537,FWD,71.7,116.0,42.0
9592,671,J.Lloyd,SYD,15,58,16,82.2667,0.368,-1.173,-1.507512,MID,79.7,116.0,72.5
10576,730,A.Treloar,WBD,15,58,16,112.333,0.368,1.259,1.31052,MID,99.3,116.0,72.5
10978,754,R.Ginbey,WCE,15,58,16,67.9333,0.368,-2.332,-2.731648,MID,67.9,116.0,
2537,251,B.Walker,FRE,13,55,16,57.8462,0.263,-3.147,-3.3011179999999998,DEF,57.8,117.5,
5717,450,J.Lever,MEL,11,55,16,73.3636,0.263,-1.893,-2.127596,DEF,73.4,117.5,50.0
8887,637,A.Schoenmaker,STK,2,55,16,69.0,0.263,-2.245,-2.591371,DEF,69.0,117.5,
10132,705,T.Duryea,WBD,13,55,16,59.9231,0.263,-2.979,-3.2025500000000005,DEF,59.9,117.5,
23,10,B.Dowling,ADE,3,57,16,58.3333,0.368,-3.108,-3.320336,MID,58.3,118.5,
5422,43,C.Ah Chee,BRL,14,57,16,63.6429,0.368,-2.679,-3.136424,MID,63.6,118.5,
821,15,E.Himmelberg,ADE,5,51,16,62.0,0.263,-2.811,-2.82415,FWD,62.0,119.0,
1404,181,J.Gresham,ESS,14,51,16,61.9286,0.263,-2.817,-2.721268,FWD,61.9,119.0,43.0
6915,514,C.Taylor,NTH,6,51,16,65.0,0.263,-2.569,-2.721014,FWD,65.0,119.0,
7449,540,O.Lord,PTA,3,51,16,40.6667,0.263,-4.536,-4.409234,FWD,40.7,119.0,
8673,622,J.Higgins,STK,12,51,16,78.0833,0.263,-1.511,-1.467605,FWD,76.6,119.0,
2804,265,S.Clohesy,GCS,12,56,16,72.9167,0.368,-1.929,-2.465176,MID,72.9,120.5,
7842,566,S.Bolton,RIC,14,56,16,81.5,0.368,-1.235,-1.743944,MID,79.0,120.5,74.0
194,109,B.Kemp,CAR,13,53,16,71.2308,0.263,-2.065,-2.23858,DEF,71.2,121.0,
5017,403,B.Hardwick,HAW,15,53,16,70.2,0.263,-2.148,-2.1727220000000003,DEF,70.2,121.0,
7872,567,N.Broad,RIC,14,53,16,63.0714,0.263,-2.725,-2.825203,DEF,63.1,121.0,
8654,621,L.Henry,STK,9,55,16,62.3333,0.368,-2.784,-3.294784,MID,62.3,122.0,
6213,475,C.Windsor,MEL,15,50,16,55.8667,0.263,-3.307,-3.068985,FWD,55.9,122.5,
11267,772,L.Ryan,WCE,9,50,16,50.7778,0.263,-3.719,-3.452055,FWD,50.8,122.5,
9522,667,J.Jordon,SYD,15,52,16,71.7333,0.368,-2.024,-2.5940320000000003,MID,71.7,123.0,75.0
6350,481,A.Corr,NTH,15,52,16,65.5333,0.263,-2.526,-2.75481,DEF,65.5,123.5,
11489,799,L.Evans,PTA,2,52,16,60.0,0.263,-2.973,-2.959587,DEF,60.0,123.5,
3586,308,J.Clark,GEE,13,51,16,41.8462,0.368,-4.441,-5.015816,MID,41.8,124.5,
6914,514,C.Taylor,NTH,6,51,16,65.0,0.368,-2.569,-3.543832,MID,65.0,124.5,
745,145,B.Hill,COL,15,48,16,61.6,0.263,-2.844,-2.651484,FWD,61.6,125.0,
2187,227,M.Frederick,FRE,12,48,16,48.9167,0.263,-3.869,-3.712778,FWD,48.9,125.0,
2862,268,S.Day,GCS,4,48,16,68.5,0.263,-2.286,-2.0537710000000002,FWD,68.5,125.0,
6624,502,L.McDonald,NTH,14,51,16,65.3571,0.263,-2.54,-2.709898,DEF,65.4,125.0,
6212,475,C.Windsor,MEL,15,50,16,55.8667,0.368,-3.307,-3.7143759999999997,MID,55.9,126.0,
7765,563,N.Balta,RIC,11,47,16,69.6364,0.263,-2.194,-2.185847,FWD,69.6,127.0,
8247,593,H.Ralphsmith,RIC,10,49,16,56.0,0.368,-3.297,-3.965656,MID,56.0,127.0,
265,114,M.McGovern,CAR,12,50,16,78.0,0.263,-1.518,-1.681849,DEF,76.6,127.5,
6411,484,K.Dawson,NTH,7,50,16,53.5714,0.263,-3.493,-3.793083,DEF,53.6,127.5,
8162,59,D.Joyce,BRL,1,50,16,50.0,0.263,-3.782,-4.045789,DEF,50.0,127.5,
11520,800,J.Blight,RIC,1,50,16,50.0,0.263,-3.782,-3.653656,DEF,50.0,127.5,
5236,416,H.Morrison,HAW,5,46,16,56.2,0.368,-3.28,-3.905232,MID,56.2,128.5,
8577,612,H.Clark,STK,4,46,16,76.75,0.368,-1.619,-2.0157040000000004,MID,75.3,128.5,
8899,638,C.Sharman,STK,10,46,16,39.6,0.263,-4.623,-4.120933,FWD,39.6,128.5,
9942,692,S.Wicks,SYD,13,46,16,46.8462,0.263,-4.037,-3.9754579999999997,FWD,46.8,128.5,
4677,385,H.Thomas,GWS,15,45,16,55.4667,0.368,-3.34,-4.01344,MID,55.5,130.0,
4678,385,H.Thomas,GWS,15,45,16,55.4667,0.263,-3.34,-3.2774059999999996,FWD,55.5,130.0,
8246,593,H.Ralphsmith,RIC,10,49,16,56.0,0.263,-3.297,-3.639689,DEF,56.0,130.0,
2505,25,N.Murray,ADE,2,48,16,54.0,0.263,-3.458,-3.718896,DEF,54.0,131.5,
2679,258,M.Andrew,GCS,12,48,16,81.5,0.263,-1.235,-1.548759,DEF,78.4,131.5,
173,108,O.Hollands,CAR,14,44,16,53.7143,0.368,-3.481,-3.74044,MID,53.7,132.5,
6673,505,W.Phillips,NTH,6,44,16,51.0,0.368,-3.701,-3.8574,MID,51.0,132.5,
7142,523,T.Boak,PTA,12,44,16,77.25,0.368,-1.578,-1.9092000000000002,MID,76.2,132.5,
7143,523,T.Boak,PTA,12,44,16,77.25,0.263,-1.578,-1.3228900000000001,FWD,76.2,132.5,
10215,708,H.Gallagher,WBD,15,44,16,45.8,0.368,-4.121,-4.737032,MID,45.8,132.5,
10216,708,H.Gallagher,WBD,15,44,16,45.8,0.263,-4.121,-4.00528,FWD,45.8,132.5,
10812,745,J.Cripps,WCE,15,44,16,78.0,0.263,-1.518,-1.3878149999999998,FWD,77.0,132.5,
11302,775,J.Waterman,WCE,13,44,16,90.0,0.263,-0.547,-0.451268,FWD,83.5,132.5,
7764,563,N.Balta,RIC,11,47,16,69.6364,0.263,-2.194,-2.57009,DEF,69.6,133.5,
11752,94,A.Cincotta,CAR,8,47,16,48.25,0.263,-3.923,-4.206251,DEF,48.2,133.5,
5147,410,C.Mackenzie,HAW,15,42,16,60.4667,0.368,-2.935,-3.43364,MID,60.5,135.0,76.0
1021,160,D.Moore,COL,15,46,16,73.9333,0.263,-1.846,-1.9669800000000002,DEF,73.9,135.5,51.0
4216,352,J.Buckley,GWS,13,46,16,75.2308,0.263,-1.742,-1.803279,DEF,75.1,135.5,
6242,476,T.Woewodin,MEL,11,43,16,30.0,0.263,-5.399,-5.389795,FWD,30.0,136.0,
7534,548,Q.Narkle,PTA,3,43,16,27.3333,0.263,-5.615,-5.583966,FWD,27.3,136.0,
8093,586,K.McAuliffe,RIC,8,41,16,45.375,0.368,-4.156,-4.787856,MID,45.4,136.0,
8847,633,M.Owens,STK,15,43,16,64.6667,0.263,-2.596,-2.4405669999999997,FWD,64.7,136.0,44.0
8610,616,P.Dow,STK,6,38,16,60.1667,0.368,-2.96,-3.45496,MID,60.2,137.0,
4929,399,S.Frost,HAW,15,45,16,52.2,0.263,-3.604,-3.976408,DEF,52.2,137.5,
9328,658,O.Florent,SYD,15,45,16,77.1333,0.263,-1.588,-1.664796,DEF,76.4,137.5,
5146,410,C.Mackenzie,HAW,15,42,16,60.4667,0.263,-2.935,-2.7645760000000004,FWD,60.5,138.0,45.0
1789,199,A.Perkins,ESS,12,35,16,72.25,0.368,-1.983,-2.690664,MID,72.2,139.0,
1895,206,J.Stringer,ESS,15,39,16,64.7333,0.263,-2.59,-2.453503,FWD,64.7,139.0,
7977,577,J.Graham,RIC,8,35,16,65.125,0.368,-2.559,-2.860392,MID,65.1,139.0,
8332,598,J.Short,RIC,14,44,16,76.3571,0.263,-1.65,-1.6237,DEF,75.8,139.0,52.0
10771,743,C.Chesser,WCE,15,35,16,46.0,0.368,-4.105,-4.791320000000001,MID,46.0,139.0,
10841,747,J.Darling,WCE,15,38,16,57.0667,0.263,-3.21,-3.098488,FWD,57.1,140.0,
713,143,B.Frampton,COL,13,43,16,53.5385,0.263,-3.496,-3.828958,DEF,53.5,140.5,
6243,476,T.Woewodin,MEL,11,43,16,30.0,0.263,-5.399,-5.858461,DEF,30.0,140.5,
727,144,H.Harrison,COL,9,37,16,52.1111,0.263,-3.611,-3.6175750000000004,FWD,52.1,141.0,
7559,55,J.Fletcher,BRL,15,32,16,64.2667,0.368,-2.628,-3.111552,MID,64.3,141.0,
1096,165,J.Richards,COL,4,36,16,75.75,0.263,-1.7,-1.941697,FWD,75.1,142.0,
7453,541,W.Lorenz,PTA,1,31,16,31.0,0.368,-5.318,-6.060624000000001,MID,31.0,142.0,
10789,744,T.Cole,WCE,15,41,16,64.6,0.263,-2.601,-2.7340780000000002,DEF,64.6,142.0,
7893,568,T.Brown,RIC,13,40,16,60.0769,0.263,-2.967,-3.306796,DEF,60.1,143.0,
6085,47,Z.Bailey,BRL,10,26,16,70.6,0.368,-2.116,-2.553552,MID,70.6,143.5,77.0
9083,646,D.Wilson,STK,15,26,16,64.8667,0.368,-2.58,-3.0418399999999997,MID,64.9,143.5,
910,153,O.Markov,COL,9,39,16,41.5556,0.263,-4.465,-4.658568,DEF,41.6,144.5,
6106,470,A.Tomlinson,MEL,5,39,16,75.0,0.263,-1.76,-1.892026,DEF,75.0,144.5,
1302,177,S.Draper,ESS,8,35,16,60.25,0.263,-2.953,-2.402541,FWD,60.2,145.0,46.0
1790,199,A.Perkins,ESS,12,35,16,72.25,0.263,-1.983,-1.9693239999999999,FWD,72.2,145.0,
2019,214,B.Banfield,FRE,15,35,16,64.9333,0.263,-2.574,-2.4574909999999996,FWD,64.9,145.0,
3307,296,D.Swallow,GCS,14,25,16,40.7857,0.368,-4.527,-5.0970320000000005,MID,40.8,145.0,
7978,577,J.Graham,RIC,8,35,16,65.125,0.263,-2.559,-2.265229,FWD,65.1,145.0,
9218,650,J.Amartey,SYD,15,35,16,54.9333,0.263,-3.383,-3.226778,FWD,54.9,145.0,
8366,6,B.Cook,ADE,11,23,16,52.0909,0.368,-3.613,-4.297112,MID,52.1,146.0,
1618,191,J.Laverde,ESS,14,38,16,67.8571,0.263,-2.338,-2.5344610000000003,DEF,67.9,146.5,
2057,217,H.Chapman,FRE,8,38,16,70.5,0.263,-2.124,-2.284956,DEF,70.5,146.5,
11443,781,L.Sullivan,COL,8,22,16,59.25,0.368,-3.034,-3.8060639999999997,MID,59.2,147.0,
1709,195,B.McKay,ESS,15,37,16,62.4667,0.263,-2.774,-2.844747,DEF,62.5,148.0,
6544,498,N.Larkey,NTH,15,34,16,59.0667,0.263,-3.049,-2.8459639999999995,FWD,59.1,148.0,
9951,693,O.Baker,WBD,6,20,16,53.0,0.368,-3.539,-4.110136000000001,MID,53.0,148.0,
4124,346,L.Aleer,GWS,7,36,16,64.4286,0.263,-2.615,-2.9563740000000003,DEF,64.4,149.0,
9290,655,C.Cleary,SYD,2,17,16,22.0,0.368,-6.046,-6.60352,MID,22.0,149.0,
6698,506,T.Pink,NTH,10,33,16,38.2,0.263,-4.736,-4.6386899999999995,FWD,38.2,150.0,
8385,600,T.Sonsie,RIC,11,33,16,44.3636,0.263,-4.238,-4.254043,FWD,44.4,150.0,
8765,628,M.King,STK,12,33,16,55.75,0.263,-3.317,-3.172876,FWD,55.8,150.0,
2134,222,H.Davies,FRE,2,33,16,27.0,0.263,-5.642,-6.073320000000001,DEF,27.0,150.5,
6697,506,T.Pink,NTH,10,33,16,38.2,0.263,-4.736,-5.080793,DEF,38.2,150.5,
4001,335,M.O'Connor,GEE,13,15,16,56.5385,0.368,-3.253,-3.7965360000000006,MID,56.5,151.0,
5540,438,K.Brown,MEL,2,15,16,18.0,0.368,-6.369,-7.213192,MID,18.0,151.0,
6884,512,D.Stephens,NTH,9,15,16,42.0,0.368,-4.429,-4.860296,MID,42.0,151.0,
7416,539,L.Jones,PTA,11,31,16,55.4545,0.263,-3.341,-3.655285,DEF,55.5,152.0,
10754,741,T.Brockman,WCE,8,32,16,46.125,0.263,-4.095,-4.085794999999999,FWD,46.1,152.0,
1972,212,J.Aish,FRE,15,14,16,69.8667,0.368,-2.175,-2.9176239999999996,MID,69.9,153.0,
6582,5,J.Butts,ADE,12,29,16,58.0,0.263,-3.135,-3.490576,DEF,58.0,153.0,
7454,541,W.Lorenz,PTA,1,31,16,31.0,0.263,-5.318,-5.263033,FWD,31.0,153.0,
949,155,B.McCreery,COL,13,30,16,50.0,0.263,-3.782,-3.562132,FWD,50.0,154.0,
9307,656,H.Cunningham,SYD,14,22,16,52.5714,0.263,-3.574,-3.802284,DEF,52.6,154.0,
111,106,G.Hewett,CAR,15,12,16,85.0,0.368,-0.952,-1.004992,MID,81.5,154.5,78.0
7794,564,S.Banks,RIC,7,12,16,33.0,0.368,-5.156,-5.362448,MID,33.0,154.5,
4000,335,M.O'Connor,GEE,13,15,16,56.5385,0.263,-3.253,-3.504428,DEF,56.5,155.0,
7469,543,T.Marshall,PTA,15,29,16,59.2667,0.263,-3.032,-2.9899199999999997,FWD,59.3,155.0,
1263,174,N.Cox,ESS,14,8,16,50.0714,0.368,-3.776,-4.382096,MID,50.1,156.0,
1971,212,J.Aish,FRE,15,14,16,69.8667,0.263,-2.175,-2.5658179999999997,DEF,69.9,156.0,
4745,39,Z.Taylor,ADE,1,4,16,4.0,0.368,-7.501,-6.964456,MID,4.0,157.0,
7795,564,S.Banks,RIC,7,12,16,33.0,0.263,-5.156,-5.171517,DEF,33.0,157.0,
1264,174,N.Cox,ESS,14,8,16,50.0714,0.263,-3.776,-4.075557,DEF,50.1,158.0,
2768,261,T.Berry,GCS,15,26,16,54.4,0.263,-3.426,-3.367088,FWD,54.4,158.0,
6084,47,Z.Bailey,BRL,10,26,16,70.6,0.263,-2.116,-1.9208540000000003,FWD,70.6,158.0,47.0
7912,569,S.Campbell,RIC,14,26,16,52.2143,0.263,-3.603,-3.520681,FWD,52.2,158.0,
9082,646,D.Wilson,STK,15,26,16,64.8667,0.263,-2.58,-2.3922179999999997,FWD,64.9,158.0,
10713,736,O.Allen,WCE,3,26,16,45.3333,0.263,-4.159,-3.800794,FWD,45.3,158.0,
3308,296,D.Swallow,GCS,14,25,16,40.7857,0.263,-4.527,-4.373145,FWD,40.8,161.0,
8084,585,D.*** Martin,RIC,12,24,16,64.25,0.263,-2.629,-2.474093,FWD,64.2,162.0,48.0
8365,6,B.Cook,ADE,11,23,16,52.0909,0.263,-3.613,-3.552247,FWD,52.1,163.0,
1726,196,J.Menzie,ESS,9,22,16,36.1111,0.263,-4.905,-4.886064,FWD,36.1,165.0,
7250,527,D.Byrne-Jones,PTA,15,22,16,62.2,0.263,-2.795,-2.5895969999999995,FWD,62.2,165.0,
11442,781,L.Sullivan,COL,8,22,16,59.25,0.263,-3.034,-3.0426789999999997,FWD,59.2,165.0,
3012,277,B.Humphrey,GCS,13,21,16,51.9231,0.263,-3.626,-3.538947,FWD,51.9,167.0,49.0
4375,364,M.Gruzewski,GWS,2,19,16,17.5,0.263,-6.41,-6.316635,FWD,17.5,168.0,
4513,376,T.McMullin,GWS,6,16,16,38.5,0.263,-4.712,-4.49897,FWD,38.5,169.0,
5541,438,K.Brown,MEL,2,15,16,18.0,0.263,-6.369,-6.36111,FWD,18.0,170.0,
4907,398,C.Dear,HAW,8,9,16,44.625,0.263,-4.216,-3.9485289999999997,FWD,44.6,171.0,
4202,351,C.Brown,GWS,12,8,16,52.3333,0.263,-3.593,-3.5404,FWD,52.3,172.0,
10243,71,L.Morris,BRL,8,4,16,51.375,0.263,-3.671,-3.484007,FWD,51.4,173.0,
11158,765,R.Maric,WCE,13,3,16,34.9231,0.263,-5.001,-4.767719,FWD,34.9,174.0,
4424,368,J.Hogan,GWS,16,143,17,86.25,0.263,-0.85,-0.44340199999999996,FWD,82.8,1.0,1.0
5970,462,T.Rivers,MEL,16,143,17,86.1875,0.263,-0.856,-0.933848,DEF,82.8,1.0,1.0
8182,590,T.Nankervis,RIC,15,159,17,113.867,0.105,1.383,1.3044600000000002,RUC,100.3,1.0,1.0
10418,72,L.Neale,BRL,15,179,17,121.333,0.368,1.986,1.892896,MID,105.2,1.0,1.0
1221,173,J.Caldwell,ESS,16,134,17,96.125,0.263,-0.052,0.183648,FWD,89.7,2.0,2.0
4184,350,K.Briggs,GWS,16,148,17,92.625,0.105,-0.335,-0.391385,RUC,87.3,2.0,2.0
6816,509,H.Sheezel,NTH,16,141,17,117.312,0.263,1.661,1.798023,DEF,104.4,2.0,2.0
7617,552,C.Rozee,PTA,13,168,17,99.0769,0.368,0.187,-0.05588,MID,88.6,2.0,2.0
2499,249,J.Treacy,FRE,16,131,17,83.125,0.263,-1.103,-0.8323729999999999,FWD,80.7,3.0,
7228,526,Z.Butters,PTA,16,159,17,120.562,0.368,1.924,1.875424,MID,106.7,3.0,3.0
9046,645,C.Wilkie,STK,16,139,17,89.5625,0.263,-0.583,-0.573269,DEF,85.1,3.0,3.0
10156,706,T.English,WBD,16,137,17,111.188,0.105,1.166,1.085675,RUC,100.2,3.0,3.0
50,100,T.De Koning,CAR,15,128,17,103.6,0.105,0.552,0.46516500000000005,RUC,93.7,4.0,4.0
1747,197,Z.Merrett,ESS,16,145,17,117.812,0.368,1.702,1.540816,MID,104.8,4.0,4.0
6651,503,C.McKercher,NTH,10,134,17,81.3,0.263,-1.251,-1.154216,DEF,77.7,4.0,4.0
9482,666,I.Heeney,SYD,16,127,17,122.625,0.263,2.091,2.330067,FWD,108.1,4.0,3.0
1860,202,J.Ridley,ESS,6,129,17,110.167,0.263,1.084,0.9514480000000001,DEF,84.2,5.0,5.0
2279,230,L.Jackson,FRE,16,121,17,99.125,0.105,0.191,0.06521000000000003,RUC,91.8,5.0,5.0
6153,472,J.van Rooyen,MEL,14,126,17,63.3571,0.263,-2.702,-2.57839,FWD,63.4,5.0,
11820,97,P.Cripps,CAR,16,144,17,110.438,0.368,1.105,0.9839279999999999,MID,99.7,5.0,5.0
3726,315,M.Duncan,GEE,14,128,17,86.3571,0.263,-0.842,-1.124988,DEF,81.9,6.0,6.0
4303,357,B.Daniels,GWS,15,125,17,82.8667,0.263,-1.124,-0.705041,FWD,80.1,6.0,4.0
6999,518,T.Xerri,NTH,16,119,17,112.062,0.105,1.237,1.27942,RUC,100.8,6.0,6.0
7439,54,J.Dunkley,BRL,16,140,17,116.188,0.368,1.57,1.326752,MID,103.7,6.0,6.0
2280,230,L.Jackson,FRE,16,121,17,99.125,0.263,0.191,0.376678,FWD,91.8,7.0,5.0
5191,413,L.Meek,HAW,12,114,17,104.417,0.105,0.619,0.546445,RUC,90.3,7.0,
1222,173,J.Caldwell,ESS,16,134,17,96.125,0.368,-0.052,-0.368112,MID,89.7,7.5,7.5
2595,255,H.Young,FRE,16,125,17,99.4375,0.263,0.216,0.278594,DEF,92.0,7.5,7.0
3662,313,S.De Koning,GEE,15,125,17,69.2667,0.263,-2.224,-2.4554400000000003,DEF,69.3,7.5,
6652,503,C.McKercher,NTH,10,134,17,81.3,0.368,-1.251,-1.3308559999999998,MID,77.7,7.5,7.5
3481,304,M.Blicavs,GEE,15,101,17,66.1333,0.105,-2.477,-2.6116099999999998,RUC,66.1,8.0,7.0
6215,475,C.Windsor,MEL,16,120,17,59.875,0.263,-2.983,-2.830197,FWD,59.9,8.0,
1062,163,S.Pendlebury,COL,13,132,17,88.7692,0.368,-0.647,-1.02604,MID,82.8,9.0,9.0
3914,330,S.Mannagh,GEE,3,118,17,68.0,0.263,-2.326,-1.958852,FWD,68.0,9.0,
5625,443,M.Gawn,MEL,16,100,17,124.0,0.105,2.202,2.189925,RUC,109.1,9.0,8.0
4093,342,T.Stewart,GEE,15,115,17,95.2667,0.263,-0.121,-0.09759299999999999,DEF,88.2,9.5,8.0
5775,453,T.McDonald,MEL,15,115,17,81.2,0.263,-1.259,-1.40628,DEF,79.0,9.5,
5776,453,T.McDonald,MEL,15,115,17,81.2,0.263,-1.259,-1.065432,FWD,79.0,10.0,
9397,662,B.Grundy,SYD,16,94,17,113.25,0.105,1.333,1.219915,RUC,101.6,10.0,9.0
10577,730,A.Treloar,WBD,16,129,17,113.375,0.368,1.343,1.363608,MID,101.7,10.0,10.0
1370,18,M.Keane,ADE,15,112,17,80.5333,0.263,-1.313,-1.489736,DEF,78.6,11.0,
2042,215,A.Brayshaw,FRE,16,128,17,104.0,0.368,0.585,0.630632,MID,95.2,11.0,11.0
3178,287,N.Moyle,GCS,5,90,17,89.0,0.105,-0.628,-0.763975,RUC,78.0,11.0,
8869,635,M.Phillipou,STK,10,112,17,49.1,0.263,-3.855,-3.50784,FWD,49.1,11.0,6.0
2881,27,R.O'Brien,ADE,14,89,17,89.4286,0.105,-0.593,-0.6500149999999999,RUC,83.8,12.0,10.0
6860,511,J.Simpkin,NTH,11,110,17,75.0909,0.263,-1.753,-1.425565,FWD,75.0,12.0,7.0
9008,643,N.Wanganeen-Milera,STK,15,111,17,101.667,0.263,0.396,0.399156,DEF,92.4,12.0,9.0
9481,666,I.Heeney,SYD,16,127,17,122.625,0.368,2.091,1.8429680000000004,MID,108.1,12.0,12.0
2596,255,H.Young,FRE,16,125,17,99.4375,0.368,0.216,0.079104,MID,92.0,13.0,13.0
6323,480,C.Comben,NTH,13,108,17,83.1538,0.263,-1.101,-1.0320939999999998,FWD,79.6,13.0,
8936,639,J.Sinclair,STK,15,110,17,108.6,0.263,0.957,1.059044,DEF,96.9,13.0,10.0
9772,68,O.McInerney,BRL,15,88,17,92.4667,0.105,-0.348,-0.40102499999999996,RUC,86.4,13.0,11.0
1873,205,D.Shiel,ESS,2,124,17,64.5,0.368,-2.609,-2.62924,MID,64.5,14.0,
6322,480,C.Comben,NTH,13,108,17,83.1538,0.263,-1.101,-1.381358,DEF,79.6,14.0,
1303,177,S.Draper,ESS,9,83,17,62.7778,0.105,-2.748,-2.7690000000000006,RUC,62.8,14.5,12.0
2930,273,S.Flanders,GCS,15,104,17,118.6,0.263,1.765,2.1466130000000003,FWD,103.4,14.5,8.5
6739,507,T.Powell,NTH,16,104,17,81.1875,0.263,-1.26,-1.0496,FWD,79.3,14.5,8.5
8144,588,B.Miller,RIC,14,83,17,79.9286,0.105,-1.362,-1.562865,RUC,78.0,14.5,
4737,389,L.Whitfield,GWS,16,107,17,103.875,0.263,0.575,0.807229,DEF,95.1,15.0,11.0
1136,168,S.Sidebottom,COL,15,122,17,73.2,0.368,-1.906,-2.239776,MID,73.2,15.5,
8397,601,T.Taranto,RIC,9,122,17,103.889,0.368,0.576,0.050495999999999985,MID,86.3,15.5,14.0
573,136,J.Crisp,COL,16,106,17,92.0625,0.263,-0.38,-0.548583,DEF,86.9,16.0,12.0
5224,415,D.Moore,HAW,16,103,17,96.1875,0.263,-0.047,0.28122400000000003,FWD,89.7,16.0,10.0
8781,629,R.Marshall,STK,16,79,17,105.812,0.105,0.731,0.74024,RUC,96.4,16.0,13.0
503,133,D.Cameron,COL,16,73,17,95.875,0.105,-0.072,-0.053834999999999994,RUC,89.5,17.0,14.0
2471,247,S.Switkowski,FRE,13,102,17,77.4615,0.263,-1.561,-1.3427099999999998,FWD,76.4,17.0,
6214,475,C.Windsor,MEL,16,120,17,59.875,0.368,-2.983,-3.509608,MID,59.9,17.0,
2081,218,J.Clark,FRE,16,103,17,105.062,0.263,0.671,0.7030860000000001,DEF,95.9,17.5,13.0
9621,674,T.McCartin,SYD,13,103,17,63.6154,0.263,-2.681,-2.8942930000000002,DEF,63.6,17.5,
3566,307,J.Cameron,GEE,15,101,17,86.4,0.263,-0.838,-0.5810489999999999,FWD,82.4,18.0,11.0
3915,330,S.Mannagh,GEE,3,118,17,68.0,0.368,-2.326,-2.509632,MID,68.0,18.0,
11325,776,B.Williams,WCE,16,68,17,66.0,0.105,-2.488,-2.61673,RUC,66.0,18.0,
7643,556,J.Sweet,PTA,7,64,17,82.2857,0.105,-1.171,-1.2166750000000002,RUC,77.2,19.0,
7677,560,O.Wines,PTA,15,115,17,95.6,0.368,-0.094,-0.19151999999999997,MID,88.4,19.0,15.0
7843,566,S.Bolton,RIC,15,98,17,82.6,0.263,-1.146,-1.038696,FWD,80.0,19.0,12.0
2680,258,M.Andrew,GCS,13,100,17,82.9231,0.263,-1.119,-1.463267,DEF,79.5,19.5,
10870,749,L.Duggan,WCE,16,100,17,94.875,0.263,-0.153,-0.41074,DEF,88.8,19.5,14.0
833,150,N.Kreuger,COL,4,63,17,62.25,0.105,-2.791,-3.03901,RUC,62.2,20.0,
3603,31,I.Rankine,ADE,13,97,17,102.077,0.263,0.429,0.6086290000000001,FWD,90.3,20.0,13.0
4703,386,C.Ward,GWS,11,114,17,81.1818,0.368,-1.26,-1.7538559999999999,MID,78.0,20.5,16.5
6397,483,L.Davies-Uniacke,NTH,16,114,17,109.0,0.368,0.989,0.859832,MID,98.7,20.5,16.5
3697,314,O.Dempsey,GEE,16,96,17,74.0625,0.263,-1.836,-1.584309,FWD,74.1,21.0,
9715,677,H.McLean,SYD,16,59,17,67.875,0.105,-2.336,-2.4825799999999996,RUC,67.9,21.0,15.0
1597,190,K.Langford,ESS,16,95,17,77.3125,0.263,-1.573,-1.3255169999999998,FWD,76.6,22.0,14.0
2129,221,S.Darcy,FRE,9,51,17,96.7778,0.105,0.001,-0.063995,RUC,83.5,22.0,16.0
1657,193,N.Martin,ESS,16,99,17,101.438,0.263,0.378,0.49898,DEF,93.4,22.5,15.5
2388,241,L.Ryan,FRE,16,99,17,121.625,0.263,2.01,2.0184159999999998,DEF,107.4,22.5,15.5
2517,250,C.Wagner,FRE,5,99,17,59.2,0.263,-3.038,-3.1600319999999997,DEF,59.2,22.5,
4283,356,I.Cumming,GWS,2,99,17,83.0,0.263,-1.113,-1.647679,DEF,75.7,22.5,
11540,807,B.Teakle,NTH,4,36,17,54.5,0.105,-3.418,-3.70402,RUC,54.5,23.0,
1574,19,B.Keays,ADE,16,93,17,69.9375,0.263,-2.17,-1.6984409999999999,FWD,69.9,23.5,15.0
5478,432,J.Worpel,HAW,16,110,17,90.625,0.368,-0.497,-0.899224,MID,85.9,23.5,19.5
6059,469,K.Tholstrup,MEL,4,93,17,63.75,0.263,-2.67,-2.640018,FWD,63.8,23.5,
6861,511,J.Simpkin,NTH,11,110,17,75.0909,0.368,-1.753,-1.979688,MID,75.0,23.5,19.5
8937,639,J.Sinclair,STK,15,110,17,108.6,0.368,0.957,0.86868,MID,96.9,23.5,19.5
10345,717,T.Liberatore,WBD,10,110,17,107.3,0.368,0.852,0.589248,MID,89.0,23.5,19.5
11354,777,J.Williams,WCE,11,10,17,46.9091,0.105,-4.032,-4.1643,RUC,46.9,24.0,
3621,310,B.Close,GEE,16,92,17,67.8125,0.263,-2.341,-2.3241680000000002,FWD,67.8,25.0,
1333,178,S.Durham,ESS,15,108,17,89.9333,0.368,-0.553,-0.852184,MID,84.7,26.0,
6000,463,C.Salem,MEL,12,98,17,80.4167,0.263,-1.322,-1.439035,DEF,77.8,26.0,17.0
7251,527,D.Byrne-Jones,PTA,16,90,17,63.9375,0.263,-2.655,-2.486417,FWD,63.9,26.0,
8733,625,D.Howard,STK,8,98,17,55.375,0.263,-3.347,-3.497173,DEF,55.4,26.0,
11180,766,J.McGovern,WCE,16,98,17,107.688,0.263,0.883,1.014237,DEF,97.7,26.0,
7358,535,M.Georgiades,PTA,13,89,17,66.4615,0.263,-2.451,-2.175902,FWD,66.5,27.0,
574,136,J.Crisp,COL,16,106,17,92.0625,0.368,-0.38,-0.830064,MID,86.9,27.5,22.5
9967,695,M.Bontempelli,WBD,16,106,17,126.75,0.368,2.424,2.415168,MID,111.0,27.5,22.5
4482,370,D.Jones,GWS,5,88,17,55.8,0.263,-3.313,-2.935858,FWD,55.8,28.5,
5806,454,J.McVee,MEL,16,97,17,72.5,0.263,-1.962,-2.162932,DEF,72.5,28.5,
8426,603,N.Vlastuin,RIC,16,97,17,91.25,0.263,-0.446,-0.48387199999999997,DEF,86.3,28.5,18.0
8657,621,L.Henry,STK,10,88,17,64.9,0.263,-2.577,-2.472063,FWD,64.9,28.5,
2929,273,S.Flanders,GCS,15,104,17,118.6,0.368,1.765,1.72268,MID,103.4,29.5,24.5
6740,507,T.Powell,NTH,16,104,17,81.1875,0.368,-1.26,-1.6489760000000002,MID,79.3,29.5,24.5
4401,367,H.Himmelberg,GWS,16,96,17,90.5625,0.263,-0.502,-0.5267219999999999,DEF,85.8,30.0,19.0
232,110,M.Kennedy,CAR,16,87,17,77.125,0.263,-1.588,-1.37234,FWD,76.5,30.5,
5843,457,A.Neal-Bullen,MEL,16,87,17,85.375,0.263,-0.921,-0.6774620000000001,FWD,82.2,30.5,16.0
8333,598,J.Short,RIC,15,94,17,77.5333,0.263,-1.555,-1.553685,DEF,76.7,31.0,20.0
4893,397,W.Day,HAW,10,103,17,102.4,0.368,0.455,-0.151464,MID,86.9,31.5,26.5
9917,690,C.Warner,SYD,16,103,17,104.438,0.368,0.62,0.42864,MID,95.5,31.5,26.5
1405,181,J.Gresham,ESS,15,86,17,63.5333,0.263,-2.687,-2.625458,FWD,63.5,32.0,17.0
4217,352,J.Buckley,GWS,14,93,17,76.5,0.263,-1.639,-1.727368,DEF,75.9,32.0,
5020,403,B.Hardwick,HAW,16,85,17,71.125,0.263,-2.074,-1.767342,FWD,71.1,33.0,
8970,640,J.Steele,STK,16,102,17,107.562,0.368,0.873,0.7670159999999999,MID,97.7,33.0,28.0
642,138,N.Daicos,COL,16,92,17,117.75,0.263,1.697,1.803252,DEF,104.7,33.5,21.5
11413,779,E.Yeo,WCE,14,92,17,105.857,0.263,0.735,0.7555139999999999,DEF,93.8,33.5,21.5
3482,304,M.Blicavs,GEE,15,101,17,66.1333,0.368,-2.477,-2.868552,MID,66.1,34.0,29.0
11621,86,D.Zorko,BRL,16,84,17,109.438,0.263,1.025,1.3871509999999998,FWD,99.0,34.0,18.0
1656,193,N.Martin,ESS,16,99,17,101.438,0.368,0.378,0.320224,MID,93.4,36.0,30.5
1825,20,R.Laird,ADE,16,99,17,106.312,0.368,0.772,0.535008,MID,96.8,36.0,30.5
4284,356,I.Cumming,GWS,2,99,17,83.0,0.368,-1.113,-2.0606,MID,75.7,36.0,
4869,396,M.D'Ambrosio,HAW,15,91,17,85.4667,0.263,-0.914,-0.928202,DEF,81.8,36.0,
5739,451,S.May,MEL,15,91,17,87.4,0.263,-0.757,-0.7362230000000001,DEF,83.1,36.0,23.0
6786,508,B.Scott,NTH,16,91,17,70.625,0.263,-2.114,-2.195267,DEF,70.6,36.0,
1304,177,S.Draper,ESS,9,83,17,62.7778,0.263,-2.748,-2.251456,FWD,62.8,37.0,19.5
4019,338,G.Rohan,GEE,8,83,17,40.0,0.263,-4.59,-4.61893,FWD,40.0,37.0,
5112,41,T.Walker,ADE,13,83,17,71.2308,0.263,-2.065,-2.033966,FWD,71.2,37.0,19.5
8143,588,B.Miller,RIC,14,83,17,79.9286,0.263,-1.362,-1.307822,FWD,78.0,37.0,
9682,676,J.McInerney,SYD,16,83,17,83.4375,0.263,-1.078,-0.861288,FWD,80.9,37.0,
5054,405,J.Impey,HAW,16,90,17,84.6875,0.263,-0.977,-1.088512,DEF,81.7,38.5,
6001,463,C.Salem,MEL,12,98,17,80.4167,0.368,-1.322,-1.6947839999999998,MID,77.8,38.5,32.5
7104,522,M.Bergman,PTA,16,90,17,74.625,0.263,-1.791,-1.850175,DEF,74.6,38.5,
7844,566,S.Bolton,RIC,15,98,17,82.6,0.368,-1.146,-1.6876959999999999,MID,80.0,38.5,32.5
3969,334,S.Neale,GEE,7,81,17,55.7143,0.263,-3.32,-3.1135450000000002,FWD,55.7,40.5,
4260,354,F.Callaghan,GWS,15,97,17,78.5333,0.368,-1.474,-1.717616,MID,77.3,40.5,34.0
5669,448,E.Langdon,MEL,15,97,17,75.2,0.368,-1.744,-1.953024,MID,75.1,40.5,
9523,667,J.Jordon,SYD,16,81,17,72.3125,0.263,-1.977,-1.883898,FWD,72.3,40.5,21.0
779,146,W.Hoskin-Elliott,COL,13,88,17,66.8462,0.263,-2.42,-2.642498,DEF,66.8,42.0,
2807,265,S.Clohesy,GCS,13,88,17,74.0769,0.263,-1.835,-2.099052,DEF,74.1,42.0,
4447,369,C.Idun,GWS,16,88,17,83.25,0.263,-1.093,-1.133502,DEF,80.7,42.0,24.0
7700,561,B.Zerk-Thatcher,PTA,16,88,17,60.625,0.263,-2.923,-3.0545,DEF,60.6,42.0,
9329,658,O.Florent,SYD,16,88,17,77.8125,0.263,-1.533,-1.624261,DEF,77.0,42.0,
3698,314,O.Dempsey,GEE,16,96,17,74.0625,0.368,-1.836,-2.1797120000000003,MID,74.1,42.5,
4344,362,T.Green,GWS,16,96,17,103.875,0.368,0.575,0.501768,MID,95.1,42.5,35.0
5602,441,B.Fritsch,MEL,16,80,17,57.25,0.263,-3.195,-3.1113659999999994,FWD,57.2,42.5,
8712,623,B.Hill,STK,16,80,17,77.0625,0.263,-1.593,-1.4959529999999999,FWD,76.4,42.5,
822,15,E.Himmelberg,ADE,6,79,17,64.8333,0.263,-2.582,-2.655377,FWD,64.8,44.0,
2309,231,M.Johnson,FRE,15,94,17,66.9333,0.368,-2.412,-3.008528,MID,66.9,44.0,
4277,355,S.Coniglio,GWS,10,93,17,86.7,0.368,-0.814,-1.396912,MID,80.1,45.0,36.0
286,115,H.McKay,CAR,16,78,17,88.5625,0.263,-0.663,-0.44734,FWD,84.4,45.5,22.0
8900,638,C.Sharman,STK,11,78,17,43.0909,0.263,-4.34,-3.912362,FWD,43.1,45.5,
2104,22,M.Michalanney,ADE,16,87,17,65.9375,0.263,-2.493,-2.686568,DEF,65.9,46.0,
3787,323,J.Henry,GEE,16,87,17,60.0,0.263,-2.973,-3.0153429999999997,DEF,60.0,46.0,
8279,594,D.Rioli,RIC,16,87,17,89.0625,0.263,-0.623,-0.571715,DEF,84.8,46.0,25.0
643,138,N.Daicos,COL,16,92,17,117.75,0.368,1.697,1.6094160000000002,MID,104.7,46.5,37.5
11414,779,E.Yeo,WCE,14,92,17,105.857,0.368,0.735,0.536648,MID,93.8,46.5,37.5
2863,268,S.Day,GCS,5,77,17,70.2,0.263,-2.148,-1.9520650000000002,FWD,70.2,47.5,
7980,577,J.Graham,RIC,9,77,17,66.4444,0.263,-2.452,-2.18637,FWD,66.4,47.5,
10500,725,E.Richards,WBD,13,86,17,96.1538,0.263,-0.05,0.0060190000000000035,DEF,87.0,49.0,26.0
11490,799,L.Evans,PTA,3,86,17,68.6667,0.263,-2.272,-2.4429499999999997,DEF,68.7,49.0,
11521,800,J.Blight,RIC,2,86,17,68.0,0.263,-2.326,-2.580584,DEF,68.0,49.0,
2660,257,N.Anderson,GCS,16,91,17,108.688,0.368,0.964,0.7524,MID,98.4,49.5,39.5
4868,396,M.D'Ambrosio,HAW,15,91,17,85.4667,0.368,-0.914,-1.148416,MID,81.8,49.5,
6785,508,B.Scott,NTH,16,91,17,70.625,0.368,-2.114,-2.43232,MID,70.6,49.5,
11131,762,T.Kelly,WCE,13,91,17,93.1538,0.368,-0.292,-0.463488,MID,85.3,49.5,39.5
11231,770,H.Reid,WCE,13,76,17,84.3846,0.263,-1.001,-0.8492489999999999,FWD,80.3,49.5,23.0
11268,772,L.Ryan,WCE,10,76,17,53.3,0.263,-3.515,-3.3017070000000004,FWD,53.3,49.5,
1511,188,H.Jones,ESS,14,75,17,56.2143,0.263,-3.279,-3.116203,FWD,56.2,52.5,
3035,278,J.Jeffrey,GCS,8,75,17,72.875,0.263,-1.932,-1.907541,FWD,72.9,52.5,
7105,522,M.Bergman,PTA,16,90,17,74.625,0.368,-1.791,-2.080984,MID,74.6,52.5,
8674,622,J.Higgins,STK,13,75,17,77.8462,0.263,-1.53,-1.481608,FWD,76.6,52.5,
9882,686,J.Rowbottom,SYD,16,90,17,99.25,0.368,0.201,-0.18687199999999995,MID,91.9,52.5,41.0
11303,775,J.Waterman,WCE,14,75,17,88.9286,0.263,-0.634,-0.515387,FWD,83.5,52.5,
2506,25,N.Murray,ADE,3,85,17,64.3333,0.263,-2.623,-3.103501,DEF,64.3,53.0,
5019,403,B.Hardwick,HAW,16,85,17,71.125,0.263,-2.074,-2.118184,DEF,71.1,53.0,
6351,481,A.Corr,NTH,16,85,17,66.75,0.263,-2.427,-2.6818470000000003,DEF,66.8,53.0,
8457,606,J.Battle,STK,16,85,17,78.8125,0.263,-1.452,-1.417284,DEF,77.7,53.0,
9821,683,D.Rampe,SYD,13,85,17,62.5385,0.263,-2.768,-3.1388299999999996,DEF,62.5,53.0,
10,1,S.Berry,ADE,11,89,17,55.5455,0.368,-3.333,-3.5814000000000004,MID,55.5,54.0,
7516,547,J.Mead,PTA,16,74,17,61.8125,0.263,-2.827,-2.680246,FWD,61.8,55.5,
11525,804,J.Hutchinson,WCE,3,74,17,40.0,0.263,-4.59,-4.300174,FWD,40.0,55.5,
337,120,N.Newman,CAR,16,84,17,100.625,0.263,0.312,0.353028,DEF,92.8,56.5,27.0
778,146,W.Hoskin-Elliott,COL,13,88,17,66.8462,0.368,-2.42,-2.92968,MID,66.8,56.5,
2806,265,S.Clohesy,GCS,13,88,17,74.0769,0.368,-1.835,-2.405768,MID,74.1,56.5,
6625,502,L.McDonald,NTH,15,84,17,66.6,0.263,-2.439,-2.6354610000000003,DEF,66.6,56.5,
8527,609,R.Byrnes,STK,9,88,17,57.4444,0.368,-3.18,-3.605408,MID,57.4,56.5,
8656,621,L.Henry,STK,10,88,17,64.9,0.368,-2.577,-3.1639599999999994,MID,64.9,56.5,
1422,182,M.Guelfi,ESS,10,73,17,85.5,0.263,-0.911,-1.01094,FWD,79.6,58.0,
5557,439,K.Chandler,MEL,16,73,17,62.4375,0.263,-2.776,-2.588481,FWD,62.4,58.0,
7021,519,C.Zurhaar,NTH,15,73,17,70.0,0.263,-2.164,-1.9935760000000002,FWD,70.0,58.0,
2058,217,H.Chapman,FRE,9,83,17,71.8889,0.263,-2.012,-2.2024120000000003,DEF,71.9,59.0,
5580,44,H.Andrews,BRL,16,83,17,86.125,0.263,-0.861,-1.006176,DEF,82.7,59.0,28.5
7327,533,K.Farrell,PTA,16,83,17,84.0625,0.263,-1.027,-1.1508729999999998,DEF,81.3,59.0,28.5
233,110,M.Kennedy,CAR,16,87,17,77.125,0.368,-1.588,-1.9788160000000001,MID,76.5,60.0,
7376,536,J.Horne-Francis,PTA,14,87,17,101.429,0.368,0.377,0.11756,MID,91.1,60.0,42.5
8026,581,J.Hopper,RIC,5,87,17,85.6,0.368,-0.903,-1.398696,MID,77.3,60.0,42.5
466,128,Z.Williams,CAR,15,72,17,70.6,0.263,-2.116,-1.9831850000000002,FWD,70.6,61.0,24.5
1183,172,N.Caddy,ESS,3,72,17,56.3333,0.263,-3.27,-3.233969,FWD,56.3,61.0,
3945,331,G.Miers,GEE,16,72,17,85.375,0.263,-0.921,-0.7563620000000001,FWD,82.2,61.0,24.5
1687,194,A.McGrath,ESS,16,82,17,95.4375,0.263,-0.108,-0.123254,DEF,89.2,62.0,30.5
3847,325,M.Holmes,GEE,16,82,17,102.688,0.263,0.479,0.41062,DEF,94.3,62.0,30.5
6951,516,D.Tucker,NTH,16,82,17,70.0625,0.263,-2.159,-2.44041,DEF,70.1,62.0,
5886,46,W.Ashcroft,BRL,2,86,17,82.5,0.368,-1.154,-1.5175839999999998,MID,75.7,62.5,
10501,725,E.Richards,WBD,13,86,17,96.1538,0.368,-0.05,-0.19425599999999998,MID,87.0,62.5,44.0
3097,282,B.Long,GCS,10,71,17,60.2,0.263,-2.957,-2.823922,FWD,60.2,63.5,
4162,349,T.Bedford,GWS,16,71,17,57.75,0.263,-3.155,-2.916196,FWD,57.8,63.5,
1000,16,M.Hinge,ADE,16,80,17,98.6875,0.263,0.155,0.017714000000000008,DEF,91.5,64.0,32.0
9420,663,E.Gulden,SYD,16,85,17,109.0,0.368,0.989,0.817512,MID,98.7,64.0,45.0
2020,214,B.Banfield,FRE,16,70,17,65.25,0.263,-2.549,-2.439066,FWD,65.2,65.0,
3522,305,J.Bowes,GEE,13,79,17,81.9231,0.263,-1.2,-1.257597,DEF,78.9,65.0,
2411,242,C.Serong,FRE,16,84,17,117.562,0.368,1.681,1.543736,MID,104.6,65.5,46.5
11622,86,D.Zorko,BRL,16,84,17,109.438,0.368,1.025,0.9315279999999999,MID,99.0,65.5,46.5
7767,563,N.Balta,RIC,12,69,17,69.5833,0.263,-2.198,-2.188795,FWD,69.6,66.0,
4322,36,B.Smith,ADE,13,78,17,66.6154,0.263,-2.438,-2.7086270000000003,DEF,66.6,67.0,
5322,423,J.Scrimshaw,HAW,15,78,17,81.6667,0.263,-1.221,-1.3098940000000001,DEF,79.3,67.0,33.0
7066,520,A.Aliir,PTA,15,78,17,74.2,0.263,-1.825,-1.9380899999999999,DEF,74.2,67.0,
9681,676,J.McInerney,SYD,16,83,17,83.4375,0.368,-1.078,-1.4522560000000002,MID,80.9,67.5,
11740,93,A.Cerra,CAR,8,83,17,93.0,0.368,-0.305,-0.936488,MID,81.3,67.5,48.0
7733,562,L.Baker,RIC,13,68,17,81.3077,0.263,-1.25,-0.988315,FWD,78.6,68.5,26.5
10360,718,R.Lobb,WBD,8,68,17,64.125,0.263,-2.64,-2.321244,FWD,64.1,68.5,
10539,726,R.Sanders,WBD,12,68,17,65.0833,0.263,-2.562,-2.437864,FWD,65.1,68.5,26.5
10681,734,R.West,WBD,15,68,17,66.4,0.263,-2.456,-2.304775,FWD,66.4,68.5,
3846,325,M.Holmes,GEE,16,82,17,102.688,0.368,0.479,0.16031199999999998,MID,94.3,70.0,49.0
4048,34,L.Sholl,ADE,13,82,17,85.6923,0.368,-0.896,-1.234192,MID,81.0,70.0,
6950,516,D.Tucker,NTH,16,82,17,70.0625,0.368,-2.159,-2.75148,MID,70.1,70.0,
929,154,B.Maynard,COL,16,77,17,87.25,0.263,-0.77,-1.086915,DEF,83.5,70.5,34.5
3192,289,W.Powell,GCS,11,77,17,92.0909,0.263,-0.378,-0.509237,DEF,83.2,70.5,34.5
3752,320,Z.Guthrie,GEE,16,77,17,82.0625,0.263,-1.189,-1.238707,DEF,79.9,70.5,
10006,696,L.Bramble,WBD,16,77,17,71.5625,0.263,-2.038,-2.165555,DEF,71.6,70.5,
9524,667,J.Jordon,SYD,16,81,17,72.3125,0.368,-1.977,-2.564328,MID,72.3,72.0,50.0
24,10,B.Dowling,ADE,4,67,17,60.5,0.263,-2.933,-2.6155589999999997,FWD,60.5,73.0,
4366,363,T.Greene,GWS,15,67,17,76.1333,0.263,-1.669,-1.3768070000000001,FWD,75.7,73.0,29.0
5092,409,C.Macdonald,HAW,16,67,17,69.3125,0.263,-2.22,-1.902033,FWD,69.3,73.0,29.0
5148,410,C.Mackenzie,HAW,16,67,17,60.875,0.263,-2.902,-2.7402550000000003,FWD,60.9,73.0,29.0
8016,58,E.Hipwood,BRL,15,67,17,67.6667,0.263,-2.353,-2.247274,FWD,67.7,73.0,
8713,623,B.Hill,STK,16,80,17,77.0625,0.368,-1.593,-2.163032,MID,76.4,73.0,
1710,195,B.McKay,ESS,16,76,17,63.3125,0.263,-2.705,-2.793894,DEF,63.3,73.5,
7399,537,D.Houston,PTA,16,76,17,107.375,0.263,0.858,0.901395,DEF,97.5,73.5,36.0
3243,293,M.Rowell,GCS,16,79,17,107.5,0.368,0.868,0.5202399999999999,MID,97.6,75.0,51.0
3521,305,J.Bowes,GEE,13,79,17,81.9231,0.368,-1.2,-1.491824,MID,78.9,75.0,
6290,48,J.Berry,BRL,16,79,17,89.1875,0.368,-0.613,-1.1193680000000001,MID,84.9,75.0,
3036,278,J.Jeffrey,GCS,8,75,17,72.875,0.263,-1.932,-2.283105,DEF,72.9,75.5,
5718,450,J.Lever,MEL,12,75,17,73.5,0.263,-1.881,-2.1187519999999997,DEF,73.5,75.5,37.0
5947,461,K.Pickett,MEL,14,66,17,73.5,0.263,-1.881,-1.676123,FWD,73.5,77.0,31.0
7470,543,T.Marshall,PTA,16,66,17,59.6875,0.263,-2.998,-2.964862,FWD,59.7,77.0,
9643,675,L.McDonald,SYD,16,66,17,63.0,0.263,-2.731,-2.567151,FWD,63.0,77.0,
7979,577,J.Graham,RIC,9,77,17,66.4444,0.368,-2.452,-2.7927679999999997,MID,66.4,77.5,
10005,696,L.Bramble,WBD,16,77,17,71.5625,0.368,-2.038,-2.419984,MID,71.6,77.5,
911,153,O.Markov,COL,10,74,17,44.8,0.263,-4.202,-4.464737,DEF,44.8,78.5,
6412,484,K.Dawson,NTH,8,74,17,56.125,0.263,-3.286,-3.640524,DEF,56.1,78.5,
8549,61,R.Lester,BRL,16,74,17,74.75,0.263,-1.78,-2.012229,DEF,74.8,78.5,
11583,84,D.Wilmot,BRL,16,74,17,82.6875,0.263,-1.139,-1.21264,DEF,80.3,78.5,
9554,67,H.McCluggage,BRL,16,76,17,97.4375,0.368,0.054,-0.145824,MID,90.6,79.5,52.5
11230,770,H.Reid,WCE,13,76,17,84.3846,0.368,-1.001,-1.471304,MID,80.3,79.5,52.5
1792,199,A.Perkins,ESS,13,65,17,71.6923,0.263,-2.028,-2.002489,FWD,71.7,80.0,
6601,50,C.Cameron,BRL,16,65,17,58.6875,0.263,-3.079,-2.9330350000000003,FWD,58.7,80.0,
10906,75,C.Rayner,BRL,16,65,17,73.125,0.263,-1.912,-1.573256,FWD,73.1,80.0,32.0
7517,547,J.Mead,PTA,16,74,17,61.8125,0.368,-2.827,-3.358024,MID,61.8,81.0,
7417,539,L.Jones,PTA,12,73,17,56.9167,0.263,-3.222,-3.567582,DEF,56.9,81.5,
10062,702,B.Dale,WBD,16,73,17,98.6875,0.263,0.155,0.142113,DEF,91.5,81.5,38.0
467,128,Z.Williams,CAR,15,72,17,70.6,0.263,-2.116,-2.3527,DEF,70.6,83.0,39.0
1974,212,J.Aish,FRE,16,70,17,69.875,0.368,-2.175,-2.9176239999999996,MID,69.9,83.0,
2963,275,W.Graham,GCS,10,70,17,69.2,0.368,-2.229,-2.891032,MID,69.2,83.0,
4680,385,H.Thomas,GWS,16,64,17,56.0,0.263,-3.297,-3.245715,FWD,56.0,83.0,
6125,471,D.Turner,MEL,8,64,17,45.75,0.263,-4.125,-4.072137,FWD,45.8,83.0,
7145,523,T.Boak,PTA,13,64,17,76.2308,0.263,-1.661,-1.384061,FWD,75.7,83.0,
11038,758,J.Hunt,WCE,13,70,17,59.5385,0.368,-3.01,-3.263184,MID,59.5,83.0,
3096,282,B.Long,GCS,10,71,17,60.2,0.263,-2.957,-3.215529,DEF,60.2,84.0,
409,126,S.Walsh,CAR,12,69,17,111.167,0.368,1.164,0.941728,MID,93.9,86.5,54.5
832,150,N.Kreuger,COL,4,63,17,62.25,0.263,-2.791,-2.808095,FWD,62.2,86.5,
1973,212,J.Aish,FRE,16,70,17,69.875,0.263,-2.175,-2.5658179999999997,DEF,69.9,86.5,
2837,266,S.Collins,GCS,16,70,17,81.8125,0.263,-1.209,-1.3820540000000001,DEF,79.7,86.5,
2964,275,W.Graham,GCS,10,70,17,69.2,0.263,-2.229,-2.561432,DEF,69.2,86.5,
3640,312,P.Dangerfield,GEE,7,69,17,84.8571,0.368,-0.963,-1.30708,MID,78.0,86.5,54.5
6545,498,N.Larkey,NTH,16,63,17,59.3125,0.263,-3.029,-2.8312239999999997,FWD,59.3,86.5,
7560,55,J.Fletcher,BRL,16,69,17,64.5625,0.368,-2.604,-3.096384,MID,64.6,86.5,
9275,654,B.Campbell,SYD,14,69,17,43.0714,0.368,-4.342,-4.7284,MID,43.1,86.5,
10395,719,J.Macrae,WBD,14,63,17,75.5,0.263,-1.72,-1.572457,FWD,75.3,86.5,33.0
10714,736,O.Allen,WCE,4,63,17,49.75,0.263,-3.802,-3.537685,FWD,49.8,86.5,
11037,758,J.Hunt,WCE,13,70,17,59.5385,0.263,-3.01,-3.0483979999999997,DEF,59.5,86.5,
1351,179,X.Duursma,ESS,11,68,17,79.7273,0.368,-1.378,-1.7927359999999999,MID,77.3,89.5,
5814,455,J.Melksham,MEL,1,62,17,62.0,0.263,-2.811,-2.918041,FWD,62.0,89.5,
10429,720,L.McNeil,WBD,4,62,17,56.5,0.263,-3.256,-2.9816909999999996,FWD,56.5,89.5,
10538,726,R.Sanders,WBD,12,68,17,65.0833,0.368,-2.562,-3.119888,MID,65.1,89.5,56.0
144,107,E.Hollands,CAR,14,61,17,72.5,0.263,-1.962,-1.691899,FWD,72.5,91.5,
430,127,J.Weitering,CAR,14,69,17,72.1429,0.263,-1.991,-2.0144070000000003,DEF,72.1,91.5,
7766,563,N.Balta,RIC,12,69,17,69.5833,0.263,-2.198,-2.573038,DEF,69.6,91.5,
8065,584,R.Mansell,RIC,14,61,17,60.0714,0.263,-2.967,-2.8152489999999997,FWD,60.1,91.5,
9241,652,N.Blakey,SYD,16,69,17,100.5,0.263,0.302,0.235987,DEF,92.7,91.5,40.0
9276,654,B.Campbell,SYD,14,69,17,43.0714,0.263,-4.342,-4.484546,DEF,43.1,91.5,
10561,73,J.Payne,BRL,14,69,17,62.7143,0.263,-2.754,-2.9675559999999996,DEF,62.7,91.5,
11798,96,L.Cowan,CAR,10,69,17,61.4,0.263,-2.86,-3.0909139999999997,DEF,61.4,91.5,
25,10,B.Dowling,ADE,4,67,17,60.5,0.368,-2.933,-3.209736,MID,60.5,92.5,
3438,302,T.Atkins,GEE,15,67,17,82.4667,0.368,-1.156,-1.586192,MID,79.9,92.5,57.5
5149,410,C.Mackenzie,HAW,16,67,17,60.875,0.368,-2.902,-3.4127840000000003,MID,60.9,92.5,57.5
7290,531,W.Drew,PTA,16,67,17,87.375,0.368,-0.76,-0.944368,MID,83.6,92.5,
1940,211,P.Wright,ESS,12,60,17,74.75,0.263,-1.78,-1.680323,FWD,74.8,94.0,
3381,30,J.Rachele,ADE,16,60,17,62.8125,0.263,-2.746,-2.55138,FWD,62.8,94.0,34.0
5823,456,A.Moniz-Wakefield,MEL,2,60,17,59.5,0.263,-3.014,-3.0013759999999996,FWD,59.5,94.0,
7732,562,L.Baker,RIC,13,68,17,81.3077,0.263,-1.25,-1.322325,DEF,78.6,96.0,41.0
10133,705,T.Duryea,WBD,14,68,17,60.5,0.263,-2.933,-3.168648,DEF,60.5,96.0,
10738,739,T.Barrass,WCE,15,68,17,82.0,0.263,-1.194,-1.2384469999999999,DEF,79.6,96.0,
667,139,J.De Goey,COL,10,66,17,82.0,0.368,-1.194,-1.5388159999999997,MID,78.0,96.5,59.5
2716,26,L.Nankervis,ADE,13,66,17,71.0,0.368,-2.084,-2.5145600000000004,MID,71.0,96.5,
3864,326,L.Humphries,GEE,2,66,17,78.5,0.368,-1.477,-1.880328,MID,75.3,96.5,
4784,390,K.Amon,HAW,16,66,17,89.0625,0.368,-0.623,-0.815464,MID,84.8,96.5,59.5
3439,302,T.Atkins,GEE,15,67,17,82.4667,0.263,-1.156,-1.314063,DEF,79.9,98.0,42.0
5425,43,C.Ah Chee,BRL,15,59,17,63.3333,0.263,-2.704,-2.504646,FWD,63.3,98.0,
6374,482,P.Curtis,NTH,16,59,17,56.6875,0.263,-3.241,-3.0350710000000003,FWD,56.7,98.0,
9356,659,R.Fox,SYD,10,59,17,50.8,0.263,-3.717,-3.6246869999999998,FWD,50.8,98.0,
9716,677,H.McLean,SYD,16,59,17,67.875,0.263,-2.336,-2.1345419999999997,FWD,67.9,98.0,35.0
10244,71,L.Morris,BRL,9,59,17,52.2222,0.263,-3.602,-3.433154,FWD,52.2,98.0,
1791,199,A.Perkins,ESS,13,65,17,71.6923,0.368,-2.028,-2.7191039999999997,MID,71.7,100.5,
5280,418,J.Newcombe,HAW,16,65,17,92.3125,0.368,-0.36,-0.399376,MID,87.0,100.5,62.0
10907,75,C.Rayner,BRL,16,65,17,73.125,0.368,-1.912,-2.126544,MID,73.1,100.5,62.0
11652,87,B.Acres,CAR,16,65,17,93.6875,0.368,-0.249,-0.531992,MID,88.0,100.5,62.0
1896,206,J.Stringer,ESS,16,58,17,64.3125,0.263,-2.624,-2.478561,FWD,64.3,102.0,
3271,295,A.Sexton,GCS,11,58,17,80.0,0.263,-1.356,-1.258953,FWD,77.4,102.0,36.0
10842,747,J.Darling,WCE,16,58,17,57.125,0.263,-3.206,-3.09554,FWD,57.1,102.0,
195,109,B.Kemp,CAR,14,66,17,70.8571,0.263,-2.095,-2.2606900000000003,DEF,70.9,103.0,
266,114,M.McGovern,CAR,13,66,17,77.0769,0.263,-1.592,-1.7363870000000001,DEF,76.2,103.0,
1022,160,D.Moore,COL,16,66,17,73.4375,0.263,-1.887,-1.9971970000000001,DEF,73.4,103.0,43.5
2715,26,L.Nankervis,ADE,13,66,17,71.0,0.263,-2.084,-2.2470600000000003,DEF,71.0,103.0,
3865,326,L.Humphries,GEE,2,66,17,78.5,0.263,-1.477,-1.617179,DEF,75.3,103.0,
4785,390,K.Amon,HAW,16,66,17,89.0625,0.263,-0.623,-0.605116,DEF,84.8,103.0,43.5
5068,406,C.Jiath,HAW,7,66,17,56.4286,0.263,-3.262,-3.4808160000000004,DEF,56.4,103.0,
9023,644,J.Webster,STK,8,66,17,67.0,0.263,-2.407,-2.738643,DEF,67.0,103.0,
10790,744,T.Cole,WCE,16,66,17,64.6875,0.263,-2.594,-2.7289190000000003,DEF,64.7,103.0,
4679,385,H.Thomas,GWS,16,64,17,56.0,0.368,-3.297,-3.9862640000000003,MID,56.0,103.5,
7144,523,T.Boak,PTA,13,64,17,76.2308,0.368,-1.661,-1.961656,MID,75.7,103.5,
91,105,L.Fogarty,CAR,10,57,17,63.2,0.263,-2.714,-2.591442,FWD,63.2,104.5,
9151,648,M.Wood,STK,11,57,17,85.2727,0.263,-0.93,-0.8079680000000001,FWD,79.9,104.5,37.0
10394,719,J.Macrae,WBD,14,63,17,75.5,0.368,-1.72,-2.217536,MID,75.3,105.0,64.0
6674,505,W.Phillips,NTH,7,62,17,52.5714,0.368,-3.574,-3.777136,MID,52.6,106.0,
8040,582,J.Koschitzke,RIC,7,56,17,54.0,0.263,-3.458,-3.405663,FWD,54.0,106.0,
145,107,E.Hollands,CAR,14,61,17,72.5,0.368,-1.962,-2.2817920000000003,MID,72.5,108.0,
2992,276,N.Holman,GCS,14,55,17,47.2857,0.263,-4.001,-3.7253760000000002,FWD,47.3,108.0,
3334,298,B.Uwland,GCS,14,65,17,72.4286,0.263,-1.968,-2.108179,DEF,72.4,108.0,
5257,417,C.Nash,HAW,16,61,17,73.8125,0.368,-1.856,-2.1662239999999997,MID,73.8,108.0,65.0
6086,47,Z.Bailey,BRL,11,55,17,69.1818,0.263,-2.231,-2.0056089999999998,FWD,69.2,108.0,38.0
7184,524,J.Burgoyne,PTA,13,61,17,71.0,0.368,-2.084,-2.1782079999999997,MID,71.0,108.0,
9084,646,D.Wilson,STK,16,55,17,64.25,0.263,-2.629,-2.428331,FWD,64.2,108.0,
2113,220,B.Cox,FRE,2,64,17,50.5,0.263,-3.741,-3.6294880000000003,DEF,50.5,109.5,45.0
6124,471,D.Turner,MEL,8,64,17,45.75,0.263,-4.125,-4.502931,DEF,45.8,109.5,
9799,681,T.Papley,SYD,16,54,17,79.125,0.263,-1.427,-1.176887,FWD,77.9,110.0,
9594,671,J.Lloyd,SYD,16,60,17,80.875,0.368,-1.285,-1.578296,MID,79.1,110.5,66.5
11677,9,J.Dawson,ADE,16,60,17,100.625,0.368,0.312,0.169216,MID,92.8,110.5,66.5
2746,260,C.Ballard,GCS,16,63,17,65.9375,0.263,-2.493,-2.744691,DEF,65.9,111.0,
1265,174,N.Cox,ESS,15,59,17,50.6667,0.368,-3.728,-4.35176,MID,50.7,112.5,
3310,296,D.Swallow,GCS,15,53,17,41.6,0.263,-4.461,-4.324503,FWD,41.6,112.5,
4325,360,J.Fonti,GWS,1,61,17,61.0,0.263,-2.892,-3.766212,DEF,61.0,112.5,
5076,407,M.Lewis,HAW,4,53,17,41.5,0.263,-4.469,-4.376424,FWD,41.5,112.5,
5424,43,C.Ah Chee,BRL,15,59,17,63.3333,0.368,-2.704,-3.1522240000000004,MID,63.3,112.5,
6044,468,T.Sparrow,MEL,16,53,17,66.9375,0.263,-2.412,-2.285497,FWD,66.9,112.5,
6502,489,E.Ford,NTH,13,53,17,51.0,0.263,-3.701,-3.536625,FWD,51.0,112.5,
7185,524,J.Burgoyne,PTA,13,61,17,71.0,0.263,-2.084,-2.0022070000000003,DEF,71.0,112.5,
1546,189,J.Kelly,ESS,14,58,17,67.1429,0.368,-2.396,-3.013872,MID,67.1,114.5,
6176,474,J.Viney,MEL,16,58,17,93.3125,0.368,-0.279,-0.73532,MID,87.7,114.5,68.0
9593,671,J.Lloyd,SYD,16,60,17,80.875,0.263,-1.285,-1.344175,DEF,79.1,114.5,46.0
10041,700,N.Coffield,WBD,3,60,17,37.3333,0.263,-4.806,-5.087936,DEF,37.3,114.5,
314,12,D.Fogarty,ADE,16,52,17,69.4375,0.263,-2.21,-2.064298,FWD,69.4,116.0,
7535,548,Q.Narkle,PTA,4,52,17,33.5,0.263,-5.116,-5.216202999999999,FWD,33.5,116.0,
10813,745,J.Cripps,WCE,16,52,17,76.375,0.263,-1.649,-1.484362,FWD,76.0,116.0,
9150,648,M.Wood,STK,11,57,17,85.2727,0.368,-0.93,-1.4429919999999998,MID,79.9,116.5,69.0
10979,754,R.Ginbey,WCE,16,57,17,67.25,0.368,-2.387,-2.766408,MID,67.2,116.5,
1266,174,N.Cox,ESS,15,59,17,50.6667,0.263,-3.728,-4.0401810000000005,DEF,50.7,117.0,
1846,200,M.Redman,ESS,14,59,17,86.5714,0.263,-0.824,-0.8453029999999999,DEF,82.0,117.0,47.0
9355,659,R.Fox,SYD,10,59,17,50.8,0.263,-3.717,-4.0407530000000005,DEF,50.8,117.0,
8804,63,K.Lohmann,BRL,16,51,17,66.625,0.263,-2.437,-2.1579569999999997,FWD,66.6,118.0,
174,108,O.Hollands,CAR,15,56,17,53.8667,0.368,-3.469,-3.732856,MID,53.9,119.5,
2331,238,J.O'Meara,FRE,15,56,17,61.9333,0.368,-2.817,-3.1945680000000003,MID,61.9,119.5,
3587,308,J.Clark,GEE,14,56,17,42.8571,0.368,-4.359,-4.963992,MID,42.9,119.5,
4470,37,J.Soligo,ADE,16,56,17,83.8125,0.368,-1.048,-1.4042240000000001,MID,81.1,119.5,
728,144,H.Harrison,COL,10,50,17,51.9,0.263,-3.628,-3.630104,FWD,51.9,120.0,
868,151,P.Lipinski,COL,16,50,17,80.8125,0.263,-1.29,-1.184011,FWD,79.0,120.0,39.0
10112,704,S.Darcy,WBD,13,50,17,73.5385,0.263,-1.878,-1.527947,FWD,73.5,120.0,
1545,189,J.Kelly,ESS,14,58,17,67.1429,0.263,-2.396,-2.697135,DEF,67.1,120.5,
3272,295,A.Sexton,GCS,11,58,17,80.0,0.263,-1.356,-1.6118990000000002,DEF,77.4,120.5,48.0
6261,477,J.Archer,NTH,8,58,17,46.0,0.263,-4.105,-4.4206,DEF,46.0,120.5,
9898,69,C.McKenna,BRL,11,58,17,61.6364,0.263,-2.841,-3.215512,DEF,61.6,120.5,
2188,227,M.Frederick,FRE,13,49,17,48.9231,0.263,-3.869,-3.712778,FWD,48.9,122.5,
2363,24,L.Murphy,ADE,10,49,17,53.5,0.263,-3.499,-3.300961,FWD,53.5,122.5,
6087,47,Z.Bailey,BRL,11,55,17,69.1818,0.368,-2.231,-2.626232,MID,69.2,122.5,70.0
9085,646,D.Wilson,STK,16,55,17,64.25,0.368,-2.629,-3.072808,MID,64.2,122.5,
3898,329,J.Kolodjashnij,GEE,15,57,17,67.1333,0.263,-2.396,-2.5193470000000002,DEF,67.1,123.5,
5525,435,J.Bowey,MEL,8,57,17,57.875,0.263,-3.145,-3.2557229999999997,DEF,57.9,123.5,
7044,52,J.Daniher,BRL,16,48,17,87.0625,0.263,-0.785,-0.6064229999999999,FWD,83.4,124.0,40.0
3309,296,D.Swallow,GCS,15,53,17,41.6,0.368,-4.461,-5.05532,MID,41.6,124.5,
6045,468,T.Sparrow,MEL,16,53,17,66.9375,0.368,-2.412,-2.961424,MID,66.9,124.5,
684,140,C.Dean,COL,7,53,17,58.4286,0.263,-3.1,-3.4303280000000003,DEF,58.4,125.5,
7894,568,T.Brown,RIC,14,53,17,59.5714,0.263,-3.008,-3.337013,DEF,59.6,125.5,
2451,246,S.Sturt,FRE,6,47,17,55.0,0.263,-3.377,-3.2854759999999996,FWD,55.0,126.0,
5381,429,N.Watson,HAW,9,47,17,56.8889,0.263,-3.225,-2.8625860000000003,FWD,56.9,126.0,
6833,510,L.Shiels,NTH,11,52,17,49.0909,0.368,-3.855,-4.524024000000001,MID,49.1,126.0,
9943,692,S.Wicks,SYD,14,47,17,46.8571,0.263,-4.036,-3.9747209999999997,FWD,46.9,126.0,
5866,458,C.Oliver,MEL,16,51,17,86.0,0.368,-0.871,-1.2666,MID,82.7,127.0,71.0
8888,637,A.Schoenmaker,STK,3,52,17,63.3333,0.263,-2.704,-2.929654,DEF,63.3,127.5,
11005,757,B.Hough,WCE,16,52,17,61.6875,0.263,-2.837,-3.032935,DEF,61.7,127.5,
604,137,J.Daicos,COL,16,50,17,84.625,0.368,-0.982,-1.120736,MID,81.7,128.5,72.5
869,151,P.Lipinski,COL,16,50,17,80.8125,0.368,-1.29,-1.837952,MID,79.0,128.5,72.5
9746,678,L.Melican,SYD,16,51,17,51.25,0.263,-3.681,-3.932165,DEF,51.2,129.0,
806,147,J.Howe,COL,13,50,17,78.4615,0.263,-1.48,-1.526814,DEF,77.0,130.0,
6885,512,D.Stephens,NTH,10,48,17,42.6,0.368,-4.38,-4.829328,MID,42.6,130.0,
1997,213,J.Amiss,FRE,15,46,17,50.2,0.263,-3.766,-3.540609,FWD,50.2,130.5,
4071,340,T.Stengle,GEE,16,46,17,72.125,0.263,-1.993,-1.7736580000000002,FWD,72.1,130.5,
7344,534,J.Finlayson,PTA,11,46,17,58.3636,0.263,-3.105,-2.99191,FWD,58.4,130.5,41.5
8511,608,D.Butler,STK,9,46,17,36.6667,0.263,-4.86,-4.697203,FWD,36.7,130.5,
8848,633,M.Owens,STK,16,46,17,63.5,0.263,-2.69,-2.509845,FWD,63.5,130.5,41.5
10322,716,B.Khamis,WBD,11,46,17,52.0909,0.263,-3.613,-3.523843,FWD,52.1,130.5,
11381,778,A.Witherden,WCE,13,48,17,67.3846,0.263,-2.376,-2.513812,DEF,67.4,131.0,49.0
4112,343,Z.Tuohy,GEE,12,47,17,68.5,0.368,-2.286,-2.832112,MID,68.5,131.5,
5380,429,N.Watson,HAW,9,47,17,56.8889,0.368,-3.225,-3.44212,MID,56.9,131.5,
8249,593,H.Ralphsmith,RIC,11,46,17,55.0909,0.368,-3.37,-4.011792,MID,55.1,133.0,
391,124,A.Saad,CAR,11,46,17,79.6364,0.263,-1.385,-1.297158,DEF,77.2,133.5,50.0
1619,191,J.Laverde,ESS,15,46,17,66.4,0.263,-2.456,-2.6214269999999997,DEF,66.4,133.5,
8248,593,H.Ralphsmith,RIC,11,46,17,55.0909,0.263,-3.37,-3.69349,DEF,55.1,133.5,
10323,716,B.Khamis,WBD,11,46,17,52.0909,0.263,-3.613,-3.937279,DEF,52.1,133.5,
8094,586,K.McAuliffe,RIC,9,45,17,45.3333,0.368,-4.159,-4.789752,MID,45.3,134.0,
4832,395,M.Chol,HAW,14,44,17,63.0,0.263,-2.731,-2.550056,FWD,63.0,134.5,
9443,665,W.Hayward,SYD,16,44,17,71.625,0.263,-2.033,-1.9380570000000001,FWD,71.6,134.5,
2642,256,B.Ainsworth,GCS,16,42,17,66.125,0.368,-2.478,-2.951248,MID,66.1,135.0,74.0
4600,379,H.Perryman,GWS,12,44,17,74.25,0.263,-1.821,-1.875967,DEF,74.2,136.0,
2226,228,N.Fyfe,FRE,16,39,17,72.3125,0.368,-1.977,-2.515016,MID,72.3,136.5,75.0
3143,283,J.Lukosius,GCS,16,43,17,71.1875,0.263,-2.068,-1.963063,FWD,71.2,136.5,
10217,708,H.Gallagher,WBD,16,39,17,45.375,0.368,-4.156,-4.759152,MID,45.4,136.5,
11113,761,J.Jones,WCE,9,43,17,51.2222,0.263,-3.683,-3.660382,FWD,51.2,136.5,
3142,283,J.Lukosius,GCS,16,43,17,71.1875,0.263,-2.068,-2.334156,DEF,71.2,138.0,
7873,567,N.Broad,RIC,15,43,17,61.7333,0.263,-2.833,-2.904799,DEF,61.7,138.0,
11114,761,J.Jones,WCE,9,43,17,51.2222,0.263,-3.683,-4.082234,DEF,51.2,138.0,
9852,685,M.Roberts,SYD,13,36,17,64.3846,0.368,-2.619,-2.48836,MID,64.4,138.5,
11077,76,B.Reville,BRL,9,36,17,63.4444,0.368,-2.695,-3.6455439999999997,MID,63.4,138.5,
2641,256,B.Ainsworth,GCS,16,42,17,66.125,0.263,-2.478,-2.2996860000000003,FWD,66.1,139.5,43.0
2769,261,T.Berry,GCS,16,42,17,53.625,0.263,-3.489,-3.413519,FWD,53.6,139.5,
3067,280,B.King,GCS,15,42,17,61.2,0.263,-2.876,-2.764751,FWD,61.2,139.5,
10636,732,L.Vandermeer,WBD,16,42,17,50.9375,0.263,-3.706,-3.64814,FWD,50.9,139.5,
10635,732,L.Vandermeer,WBD,16,42,17,50.9375,0.263,-3.706,-4.067099,DEF,50.9,140.0,
2434,243,J.Sharp,FRE,16,34,17,68.6875,0.368,-2.271,-2.6717519999999997,MID,68.7,140.5,
10703,735,B.Williams,WBD,16,34,17,79.75,0.368,-1.376,-1.8433599999999999,MID,78.3,140.5,
5208,414,S.Mitchell,HAW,10,39,17,37.5,0.263,-4.793,-5.160411,DEF,37.5,141.0,
978,158,B.Mihocek,COL,11,41,17,60.3636,0.263,-2.944,-2.783307,FWD,60.4,142.0,
1085,164,I.Quaynor,COL,16,38,17,58.75,0.263,-3.074,-3.3180639999999997,DEF,58.8,142.0,51.0
3171,286,T.Miller,GCS,16,33,17,103.062,0.368,0.509,0.30954400000000004,MID,94.5,142.5,76.0
10772,743,C.Chesser,WCE,16,33,17,45.1875,0.368,-4.171,-4.833031999999999,MID,45.2,142.5,
9851,685,M.Roberts,SYD,13,36,17,64.3846,0.263,-2.619,-2.375988,DEF,64.4,143.0,
11699,90,J.Boyd,CAR,16,33,17,66.5,0.263,-2.448,-2.797527,DEF,66.5,144.0,
2227,228,N.Fyfe,FRE,16,39,17,72.3125,0.263,-1.977,-1.851286,FWD,72.3,144.5,44.0
4625,381,J.Riccardi,GWS,16,39,17,58.75,0.263,-3.074,-2.953546,FWD,58.8,144.5,
10218,708,H.Gallagher,WBD,16,39,17,45.375,0.263,-4.156,-4.0310749999999995,FWD,45.4,144.5,
10597,731,J.Ugle-Hagan,WBD,14,39,17,57.7857,0.263,-3.152,-2.797476,FWD,57.8,144.5,
11256,771,J.Rotham,WCE,11,32,17,46.0,0.263,-4.105,-4.523696000000001,DEF,46.0,145.0,
8368,6,B.Cook,ADE,12,31,17,50.3333,0.368,-3.755,-4.386856,MID,50.3,145.5,
8578,612,H.Clark,STK,5,31,17,67.6,0.368,-2.359,-2.483384,MID,67.6,145.5,
9128,647,M.Windhager,STK,15,31,17,71.4667,0.368,-2.046,-2.47288,MID,71.5,145.5,
9188,649,T.Adams,SYD,12,31,17,73.3333,0.368,-1.895,-2.48196,MID,73.3,145.5,77.0
2148,224,J.Draper,FRE,14,31,17,46.3571,0.263,-4.076,-4.299287,DEF,46.4,147.0,
9129,647,M.Windhager,STK,15,31,17,71.4667,0.263,-2.046,-2.2061669999999998,DEF,71.5,147.0,
11753,94,A.Cincotta,CAR,9,31,17,46.3333,0.263,-4.078,-4.320486000000001,DEF,46.3,147.0,
4514,376,T.McMullin,GWS,7,38,17,38.4286,0.263,-4.717,-4.502655,FWD,38.4,147.5,
8386,600,T.Sonsie,RIC,12,38,17,43.8333,0.263,-4.28,-4.284997000000001,FWD,43.8,147.5,
10177,707,J.Freijah,WBD,8,30,17,62.375,0.368,-2.781,-3.039336,MID,62.4,148.5,
11780,95,M.Cottrell,CAR,10,30,17,57.7,0.368,-3.159,-3.811096,MID,57.7,148.5,
714,143,B.Frampton,COL,14,28,17,51.7143,0.263,-3.643,-3.937297,DEF,51.7,149.5,
6699,506,T.Pink,NTH,11,28,17,37.2727,0.263,-4.811,-5.136068,DEF,37.3,149.5,
7450,540,O.Lord,PTA,4,37,17,39.75,0.263,-4.611,-4.464509,FWD,39.8,150.0,
8825,631,T.Membrey,STK,12,37,17,54.9167,0.263,-3.384,-3.03158,FWD,54.9,150.0,
9219,650,J.Amartey,SYD,16,37,17,53.8125,0.263,-3.473,-3.2931079999999997,FWD,53.8,150.0,
5237,416,H.Morrison,HAW,6,26,17,51.1667,0.368,-3.687,-4.162456,MID,51.2,150.5,
8109,587,K.McIntosh,RIC,15,26,17,47.4667,0.368,-3.987,-4.657864,MID,47.5,150.5,
4930,399,S.Frost,HAW,16,26,17,50.5625,0.263,-3.736,-4.073692,DEF,50.6,151.0,
4125,346,L.Aleer,GWS,8,24,17,59.375,0.263,-3.024,-3.2578069999999997,DEF,59.4,152.0,
11078,76,B.Reville,BRL,9,36,17,63.4444,0.263,-2.695,-2.828604,FWD,63.4,152.0,
11530,806,N.Long,COL,1,25,17,25.0,0.368,-5.803,-5.975592,MID,25.0,152.0,
5455,430,J.Weddle,HAW,16,23,17,69.625,0.263,-2.195,-2.2694289999999997,DEF,69.6,153.0,
7796,564,S.Banks,RIC,8,17,17,31.0,0.368,-5.318,-5.4648319999999995,MID,31.0,153.0,
1097,165,J.Richards,COL,5,34,17,67.4,0.263,-2.375,-2.439172,FWD,67.4,153.5,
4238,353,A.Cadman,GWS,14,34,17,47.6429,0.263,-3.972,-3.855491,FWD,47.6,153.5,
4746,39,Z.Taylor,ADE,2,15,17,9.5,0.368,-7.057,-6.683848000000001,MID,9.5,154.0,
6583,5,J.Butts,ADE,13,21,17,55.1538,0.263,-3.365,-3.6600860000000006,DEF,55.2,154.0,
6916,514,C.Taylor,NTH,7,14,17,57.7143,0.368,-3.158,-3.91608,MID,57.7,155.0,
7797,564,S.Banks,RIC,8,17,17,31.0,0.263,-5.318,-5.2909109999999995,DEF,31.0,155.0,
1115,167,L.Schultz,COL,14,33,17,60.1429,0.263,-2.962,-2.786842,FWD,60.1,155.5,45.5
11848,99,C.Curnow,CAR,16,33,17,85.4375,0.263,-0.916,-0.7397900000000001,FWD,82.3,155.5,45.5
4573,378,J.Peatling,GWS,10,11,17,54.0,0.368,-3.458,-3.5904800000000003,MID,54.0,156.0,
8858,634,B.Paton,STK,3,13,17,27.0,0.263,-5.642,-6.0596440000000005,DEF,27.0,156.0,
746,145,B.Hill,COL,16,32,17,59.75,0.263,-2.993,-2.761297,FWD,59.8,157.0,
10466,722,J.O'Donnell,WBD,11,10,17,50.8182,0.263,-3.716,-3.978211,DEF,50.8,157.0,
6245,476,T.Woewodin,MEL,12,8,17,28.1667,0.263,-5.547,-5.967537,DEF,28.2,158.5,
8367,6,B.Cook,ADE,12,31,17,50.3333,0.263,-3.755,-3.656901,FWD,50.3,158.5,
9189,649,T.Adams,SYD,12,31,17,73.3333,0.263,-1.895,-1.803213,FWD,73.3,158.5,47.0
11559,81,B.Starcevich,BRL,12,8,17,54.1667,0.263,-3.445,-3.6830149999999997,DEF,54.2,158.5,
1470,185,N.Hind,ESS,14,4,17,53.5,0.263,-3.499,-3.831695,DEF,53.5,160.0,
10178,707,J.Freijah,WBD,8,30,17,62.375,0.263,-2.781,-2.454617,FWD,62.4,160.5,
11779,95,M.Cottrell,CAR,10,30,17,57.7,0.263,-3.159,-3.0858859999999995,FWD,57.7,160.5,
6700,506,T.Pink,NTH,11,28,17,37.2727,0.263,-4.811,-4.6939649999999995,FWD,37.3,162.0,
2557,252,M.Walters,FRE,14,25,17,43.7143,0.263,-4.29,-4.183748,FWD,43.7,163.0,
7304,532,F.Evans,PTA,7,23,17,30.0,0.263,-5.399,-5.017387,FWD,30.0,164.5,
7943,573,N.Cumberland,RIC,7,23,17,32.4286,0.263,-5.203,-5.142773,FWD,32.4,164.5,
3013,277,B.Humphrey,GCS,14,22,17,49.7857,0.263,-3.799,-3.666448,FWD,49.8,166.5,48.0
10755,741,T.Brockman,WCE,9,22,17,43.4444,0.263,-4.312,-4.245724,FWD,43.4,166.5,
80,104,O.Fantasia,CAR,13,20,17,39.3077,0.263,-4.646,-4.545797,FWD,39.3,168.0,
6917,514,C.Taylor,NTH,7,14,17,57.7143,0.263,-3.158,-3.1551069999999997,FWD,57.7,169.5,
7913,569,S.Campbell,RIC,15,14,17,49.6667,0.263,-3.809,-3.6725030000000003,FWD,49.7,169.5,
360,122,M.Owies,CAR,16,13,17,54.0,0.263,-3.458,-3.333338,FWD,54.0,171.5,
4809,393,L.Breust,HAW,10,13,17,32.0,0.263,-5.237,-4.957694,FWD,32.0,171.5,
4574,378,J.Peatling,GWS,10,11,17,54.0,0.263,-3.458,-3.0350960000000002,FWD,54.0,173.0,
11353,777,J.Williams,WCE,11,10,17,46.9091,0.263,-4.032,-3.75585,FWD,46.9,174.0,
3808,324,O.Henry,GEE,14,9,17,50.2857,0.263,-3.759,-3.591995,FWD,50.3,175.0,
6244,476,T.Woewodin,MEL,12,8,17,28.1667,0.263,-5.547,-5.498871,FWD,28.2,176.0,
4984,402,J.Gunston,HAW,12,7,17,51.3333,0.263,-3.674,-3.355244,FWD,51.3,177.0,
1471,185,N.Hind,ESS,14,4,17,53.5,0.263,-3.499,-3.4200999999999997,FWD,53.5,178.0,
10449,721,A.Naughton,WBD,13,-3,17,74.0,0.263,-1.841,-1.716338,FWD,74.0,179.0,49.0
504,133,D.Cameron,COL,17,131,18,97.9412,0.105,0.095,0.09563,RUC,92.0,1.0,1.0
1659,193,N.Martin,ESS,17,142,18,103.824,0.263,0.571,0.6412209999999999,DEF,96.3,1.0,1.0
4367,363,T.Greene,GWS,16,154,18,81.0,0.263,-1.275,-1.0864289999999999,FWD,79.2,1.0,1.0
10419,72,L.Neale,BRL,16,143,18,122.688,0.368,2.096,1.9624160000000002,MID,108.2,1.0,1.0
392,124,A.Saad,CAR,12,133,18,84.0833,0.263,-1.026,-1.032575,DEF,79.7,2.0,2.0
4185,350,K.Briggs,GWS,17,122,18,94.3529,0.105,-0.195,-0.266085,RUC,89.3,2.0,2.0
9800,681,T.Papley,SYD,17,147,18,83.1176,0.263,-1.104,-0.938836,FWD,81.0,2.0,
1658,193,N.Martin,ESS,17,142,18,103.824,0.368,0.571,0.4422,MID,96.3,2.5,2.5
9421,663,E.Gulden,SYD,17,142,18,110.941,0.368,1.146,0.9167359999999999,MID,101.6,2.5,2.5
1575,19,B.Keays,ADE,17,123,18,73.0588,0.263,-1.917,-1.51198,FWD,73.1,3.0,2.0
1861,202,J.Ridley,ESS,7,127,18,112.571,0.263,1.278,1.094426,DEF,86.4,3.0,3.0
9398,662,B.Grundy,SYD,17,121,18,113.706,0.105,1.37,1.25303,RUC,103.6,3.0,3.0
2281,230,L.Jackson,FRE,17,116,18,100.118,0.105,0.271,0.13681000000000004,RUC,93.6,4.0,4.0
6398,483,L.Davies-Uniacke,NTH,17,133,18,110.412,0.368,1.103,0.93188,MID,101.2,4.0,4.0
10063,702,B.Dale,WBD,17,123,18,100.118,0.263,0.271,0.227605,DEF,93.6,4.0,4.0
10598,731,J.Ugle-Hagan,WBD,15,122,18,62.0667,0.263,-2.806,-2.542474,FWD,62.1,4.0,
2282,230,L.Jackson,FRE,17,116,18,100.118,0.263,0.271,0.435638,FWD,93.6,5.0,3.0
2661,257,N.Anderson,GCS,17,132,18,110.059,0.368,1.075,0.822552,MID,100.9,5.0,5.0
3849,325,M.Holmes,GEE,17,118,18,103.588,0.263,0.552,0.46442100000000003,DEF,96.1,5.0,5.0
9773,68,O.McInerney,BRL,16,112,18,93.6875,0.105,-0.249,-0.31242,RUC,88.0,5.0,5.0
1223,173,J.Caldwell,ESS,17,110,18,96.9412,0.263,0.014,0.23229,FWD,91.2,6.0,4.0
5740,451,S.May,MEL,16,117,18,89.25,0.263,-0.608,-0.62641,DEF,84.9,6.0,6.0
7000,518,T.Xerri,NTH,17,111,18,112.0,0.105,1.232,1.274945,RUC,102.3,6.0,6.0
9918,690,C.Warner,SYD,17,130,18,105.941,0.368,0.742,0.505744,MID,97.9,6.0,6.0
3179,287,N.Moyle,GCS,6,110,18,92.5,0.105,-0.345,-0.51069,RUC,79.6,7.0,
3946,331,G.Miers,GEE,17,109,18,86.7647,0.263,-0.809,-0.673818,FWD,83.7,7.0,5.0
11653,87,B.Acres,CAR,17,122,18,95.3529,0.368,-0.114,-0.446672,MID,90.0,7.0,7.0
2082,218,J.Clark,FRE,17,114,18,105.588,0.263,0.713,0.73404,DEF,97.6,8.0,7.5
7400,537,D.Houston,PTA,17,114,18,107.765,0.263,0.889,0.924242,DEF,99.2,8.0,7.5
8458,606,J.Battle,STK,17,114,18,80.8824,0.263,-1.285,-1.2942049999999998,DEF,79.3,8.0,
2932,273,S.Flanders,GCS,16,106,18,117.812,0.263,1.702,2.100182,FWD,104.8,8.5,6.0
5670,448,E.Langdon,MEL,16,120,18,78.0,0.368,-1.518,-1.8101919999999998,MID,77.1,8.5,
7229,526,Z.Butters,PTA,17,120,18,120.529,0.368,1.921,1.873528,MID,108.7,8.5,8.0
8183,590,T.Nankervis,RIC,16,107,18,113.438,0.105,1.348,1.2731350000000001,RUC,101.7,8.5,7.5
8782,629,R.Marshall,STK,17,107,18,105.882,0.105,0.737,0.7456099999999999,RUC,97.8,8.5,7.5
10682,734,R.West,WBD,16,106,18,68.875,0.263,-2.255,-2.156638,FWD,68.9,8.5,
4738,389,L.Whitfield,GWS,17,113,18,104.412,0.263,0.618,0.83892,DEF,96.7,10.0,9.0
5192,413,L.Meek,HAW,13,104,18,104.385,0.105,0.616,0.54376,RUC,91.6,10.0,
7022,519,C.Zurhaar,NTH,16,103,18,72.0625,0.263,-1.998,-1.871234,FWD,72.1,10.0,
3848,325,M.Holmes,GEE,17,118,18,103.588,0.368,0.552,0.206448,MID,96.1,10.5,9.0
4049,34,L.Sholl,ADE,14,118,18,88.0,0.368,-0.709,-1.116008,MID,82.9,10.5,
9717,677,H.McLean,SYD,17,99,18,69.7059,0.105,-2.188,-2.35012,RUC,69.7,11.0,9.0
26,10,B.Dowling,ADE,5,101,18,68.6,0.263,-2.278,-2.1328240000000003,FWD,68.6,11.5,
431,127,J.Weitering,CAR,15,110,18,74.6667,0.263,-1.787,-1.8640590000000001,DEF,74.7,11.5,
2597,255,H.Young,FRE,17,110,18,100.059,0.263,0.266,0.315444,DEF,93.5,11.5,10.0
8870,635,M.Phillipou,STK,11,101,18,53.8182,0.263,-3.473,-3.226306,FWD,53.8,11.5,7.0
51,100,T.De Koning,CAR,16,95,18,103.062,0.105,0.509,0.42668000000000006,RUC,94.5,12.0,10.0
11821,97,P.Cripps,CAR,17,115,18,110.706,0.368,1.127,0.997832,MID,101.4,12.0,10.0
1305,177,S.Draper,ESS,10,94,18,65.9,0.105,-2.496,-2.54346,RUC,65.9,13.0,11.0
10908,75,C.Rayner,BRL,17,100,18,74.7059,0.263,-1.784,-1.47892,FWD,74.7,13.0,8.0
3867,326,L.Humphries,GEE,3,108,18,88.3333,0.263,-0.682,-1.031264,DEF,76.7,13.5,
11415,779,E.Yeo,WCE,15,108,18,106.0,0.263,0.747,0.764358,DEF,95.2,13.5,11.0
7644,556,J.Sweet,PTA,8,93,18,83.625,0.105,-1.063,-1.120015,RUC,78.0,14.0,
1224,173,J.Caldwell,ESS,17,110,18,96.9412,0.368,0.014,-0.32639999999999997,MID,91.2,14.5,12.0
2598,255,H.Young,FRE,17,110,18,100.059,0.368,0.266,0.11070400000000001,MID,93.5,14.5,12.0
5281,418,J.Newcombe,HAW,17,110,18,93.3529,0.368,-0.276,-0.34628800000000004,MID,88.6,14.5,12.0
7291,531,W.Drew,PTA,17,110,18,88.7059,0.368,-0.652,-0.876112,MID,85.1,14.5,
9718,677,H.McLean,SYD,17,99,18,69.7059,0.263,-2.188,-2.025466,FWD,69.7,14.5,9.0
10113,704,S.Darcy,WBD,14,99,18,75.3571,0.263,-1.731,-1.419608,FWD,75.2,14.5,
10157,706,T.English,WBD,17,85,18,109.647,0.105,1.041,0.9738,RUC,100.6,15.0,12.0
1043,162,J.Noble,COL,14,106,18,81.0714,0.263,-1.269,-1.449418,DEF,78.7,15.5,
7067,520,A.Aliir,PTA,16,106,18,76.1875,0.263,-1.664,-1.8194329999999999,DEF,75.8,15.5,
7982,577,J.Graham,RIC,10,98,18,69.6,0.263,-2.197,-1.998435,FWD,69.6,16.0,
11326,776,B.Williams,WCE,17,84,18,67.0588,0.105,-2.402,-2.5397600000000002,RUC,67.1,16.0,
2882,27,R.O'Brien,ADE,15,79,18,88.7333,0.105,-0.65,-0.7010299999999999,RUC,84.0,17.0,13.0
2852,267,A.Davies,GCS,4,97,18,75.0,0.263,-1.76,-1.7029290000000001,FWD,75.0,17.5,
3524,305,J.Bowes,GEE,14,105,18,83.5714,0.263,-1.067,-1.159576,DEF,80.2,17.5,
4094,342,T.Stewart,GEE,16,105,18,95.875,0.263,-0.072,-0.06147999999999999,DEF,89.5,17.5,12.0
4163,349,T.Bedford,GWS,17,97,18,60.0588,0.263,-2.968,-2.778377,FWD,60.1,17.5,
375,123,M.Pittonet,CAR,8,78,18,87.375,0.105,-0.76,-0.837175,RUC,79.3,18.0,14.0
3866,326,L.Humphries,GEE,3,108,18,88.3333,0.368,-0.682,-1.377888,MID,76.7,18.5,
9968,695,M.Bontempelli,WBD,17,108,18,125.647,0.368,2.335,2.35892,MID,112.4,18.5,15.0
11416,779,E.Yeo,WCE,15,108,18,106.0,0.368,0.747,0.544232,MID,95.2,18.5,15.0
11678,9,J.Dawson,ADE,17,108,18,101.059,0.368,0.347,0.191336,MID,94.3,18.5,15.0
3483,304,M.Blicavs,GEE,16,64,18,66.0,0.105,-2.488,-2.621455,RUC,66.0,19.0,15.0
7045,52,J.Daniher,BRL,17,96,18,87.5882,0.263,-0.742,-0.5747319999999999,FWD,84.3,19.0,10.0
1711,195,B.McKay,ESS,17,104,18,65.7059,0.263,-2.512,-2.651653,DEF,65.7,19.5,
9595,671,J.Lloyd,SYD,17,104,18,82.2353,0.263,-1.175,-1.2631050000000001,DEF,80.3,19.5,13.0
11356,777,J.Williams,WCE,12,62,18,48.1667,0.105,-3.93,-4.07301,RUC,48.2,20.0,
146,107,E.Hollands,CAR,15,95,18,74.0,0.263,-1.841,-1.602722,FWD,74.0,21.5,
835,150,N.Kreuger,COL,5,56,18,61.0,0.105,-2.892,-3.129405,RUC,61.0,21.5,
4072,340,T.Stengle,GEE,17,95,18,73.4706,0.263,-1.884,-1.6933249999999997,FWD,73.5,21.5,
8066,584,R.Mansell,RIC,15,95,18,62.4,0.263,-2.779,-2.676693,FWD,62.4,21.5,
8146,588,B.Miller,RIC,15,56,18,78.3333,0.105,-1.491,-1.67832,RUC,77.2,21.5,
9644,675,L.McDonald,SYD,17,95,18,64.8824,0.263,-2.578,-2.45439,FWD,64.9,21.5,
11,1,S.Berry,ADE,12,106,18,59.75,0.368,-2.993,-3.36652,MID,59.8,22.0,
2931,273,S.Flanders,GCS,16,106,18,117.812,0.368,1.702,1.682864,MID,104.8,22.0,17.5
4787,390,K.Amon,HAW,17,102,18,89.8235,0.263,-0.562,-0.5601590000000001,DEF,86.0,22.0,15.0
5347,425,J.Sicily,HAW,14,102,18,103.357,0.263,0.533,0.44515800000000005,DEF,92.3,22.0,15.0
7328,533,K.Farrell,PTA,17,102,18,85.1176,0.263,-0.942,-1.088228,DEF,82.5,22.0,15.0
11132,762,T.Kelly,WCE,14,106,18,94.0714,0.368,-0.218,-0.41672000000000003,MID,86.6,22.0,17.5
8311,597,S.Ryan,RIC,5,49,18,45.2,0.105,-4.17,-4.392075,RUC,45.2,23.0,
1306,177,S.Draper,ESS,10,94,18,65.9,0.263,-2.496,-2.065732,FWD,65.9,24.0,11.0
11541,807,B.Teakle,NTH,5,33,18,50.2,0.105,-3.766,-4.01548,RUC,50.2,24.0,
1137,168,S.Sidebottom,COL,16,105,18,75.1875,0.368,-1.745,-2.138024,MID,75.1,25.0,
3193,289,W.Powell,GCS,12,100,18,92.75,0.263,-0.325,-0.47017600000000004,DEF,84.3,25.0,17.0
3523,305,J.Bowes,GEE,14,105,18,83.5714,0.368,-1.067,-1.407768,MID,80.2,25.0,
3753,320,Z.Guthrie,GEE,17,100,18,83.1176,0.263,-1.104,-1.176062,DEF,81.0,25.0,
5807,454,J.McVee,MEL,17,100,18,74.1176,0.263,-1.832,-2.0671220000000003,DEF,74.1,25.0,
7618,552,C.Rozee,PTA,14,105,18,99.5,0.368,0.221,-0.034392000000000006,MID,89.9,25.0,19.0
287,115,H.McKay,CAR,17,93,18,88.8235,0.263,-0.642,-0.431863,FWD,85.2,26.0,12.5
5815,455,J.Melksham,MEL,2,93,18,77.5,0.263,-1.558,-1.99458,FWD,75.2,26.0,
11623,86,D.Zorko,BRL,17,93,18,108.471,0.263,0.946,1.3289279999999999,FWD,99.7,26.0,12.5
9596,671,J.Lloyd,SYD,17,104,18,82.2353,0.368,-1.175,-1.5087760000000001,MID,80.3,27.0,20.0
2838,266,S.Collins,GCS,17,99,18,82.8235,0.263,-1.128,-1.3223569999999998,DEF,80.8,28.0,
3727,315,M.Duncan,GEE,15,99,18,87.2,0.263,-0.774,-1.074872,DEF,83.0,28.0,18.5
5971,462,T.Rivers,MEL,17,99,18,86.9412,0.263,-0.795,-0.8888910000000001,DEF,83.8,28.0,18.5
3037,278,J.Jeffrey,GCS,9,92,18,75.0,0.263,-1.76,-1.780777,FWD,75.0,28.5,
11269,772,L.Ryan,WCE,11,92,18,56.8182,0.263,-3.23,-3.0916620000000004,FWD,56.8,28.5,
605,137,J.Daicos,COL,17,103,18,85.7059,0.368,-0.894,-1.06512,MID,82.9,29.0,21.5
4747,39,Z.Taylor,ADE,3,103,18,40.6667,0.368,-4.536,-5.090576,MID,40.7,29.0,
7440,54,J.Dunkley,BRL,17,103,18,115.412,0.368,1.508,1.287568,MID,104.9,29.0,21.5
3699,314,O.Dempsey,GEE,17,91,18,75.0588,0.263,-1.755,-1.5246119999999999,FWD,75.0,30.0,
2389,241,L.Ryan,FRE,17,98,18,120.235,0.263,1.898,1.9358719999999998,DEF,108.4,30.5,20.5
9009,643,N.Wanganeen-Milera,STK,16,98,18,101.438,0.263,0.378,0.38589,DEF,93.4,30.5,20.5
4786,390,K.Amon,HAW,17,102,18,89.8235,0.368,-0.562,-0.776912,MID,86.0,31.5,23.5
7147,523,T.Boak,PTA,14,90,18,77.2143,0.263,-1.581,-1.325101,FWD,76.3,31.5,
8805,63,K.Lohmann,BRL,17,90,18,68.0,0.263,-2.326,-2.07615,FWD,68.0,31.5,
9555,67,H.McCluggage,BRL,17,102,18,97.7059,0.368,0.076,-0.13192,MID,91.8,31.5,23.5
9853,685,M.Roberts,SYD,14,95,18,66.5714,0.263,-2.442,-2.245539,DEF,66.6,32.0,
11584,84,D.Wilmot,BRL,17,94,18,83.3529,0.263,-1.085,-1.172842,DEF,81.2,33.0,
27,10,B.Dowling,ADE,5,101,18,68.6,0.368,-2.278,-2.795776,MID,68.6,33.5,
1874,205,D.Shiel,ESS,3,101,18,76.6667,0.368,-1.625,-2.007352,MID,75.2,33.5,
4682,385,H.Thomas,GWS,17,89,18,57.9412,0.263,-3.14,-3.130006,FWD,57.9,33.5,
11849,99,C.Curnow,CAR,17,89,18,85.6471,0.263,-0.899,-0.727261,FWD,82.9,33.5,14.0
2507,25,N.Murray,ADE,4,93,18,71.5,0.263,-2.043,-2.676041,DEF,71.5,34.0,
10397,719,J.Macrae,WBD,15,86,18,76.2,0.263,-1.663,-1.5304479999999998,FWD,75.8,35.0,15.0
3038,278,J.Jeffrey,GCS,9,92,18,75.0,0.263,-1.76,-2.1563410000000003,DEF,75.0,36.0,
6862,511,J.Simpkin,NTH,12,85,18,75.9167,0.263,-1.686,-1.376186,FWD,75.5,36.0,16.0
7106,522,M.Bergman,PTA,17,92,18,75.6471,0.263,-1.708,-1.789004,DEF,75.5,36.0,
8280,594,D.Rioli,RIC,17,92,18,89.2353,0.263,-0.609,-0.5613969999999999,DEF,85.5,36.0,22.0
1826,20,R.Laird,ADE,17,100,18,105.941,0.368,0.742,0.5160480000000001,MID,97.9,36.5,26.5
2043,215,A.Brayshaw,FRE,17,100,18,103.765,0.368,0.566,0.618624,MID,96.3,36.5,26.5
5867,458,C.Oliver,MEL,17,100,18,86.8235,0.368,-0.804,-1.224256,MID,83.7,36.5,26.5
10909,75,C.Rayner,BRL,17,100,18,74.7059,0.368,-1.784,-2.045648,MID,74.7,36.5,26.5
3068,280,B.King,GCS,16,84,18,62.625,0.263,-2.761,-2.679996,FWD,62.6,37.5,
6154,472,J.van Rooyen,MEL,15,84,18,64.7333,0.263,-2.59,-2.495846,FWD,64.7,37.5,
5948,461,K.Pickett,MEL,15,83,18,74.1333,0.263,-1.83,-1.6385360000000002,FWD,74.1,39.0,17.0
2412,242,C.Serong,FRE,17,99,18,116.471,0.368,1.593,1.4881199999999999,MID,105.7,39.5,29.5
2717,26,L.Nankervis,ADE,14,91,18,72.4286,0.263,-1.968,-2.161568,DEF,72.4,39.5,
4402,367,H.Himmelberg,GWS,17,91,18,90.5882,0.263,-0.5,-0.5252479999999999,DEF,86.5,39.5,23.5
8971,640,J.Steele,STK,17,99,18,107.059,0.368,0.832,0.741104,MID,98.7,39.5,29.5
9047,645,C.Wilkie,STK,17,91,18,89.6471,0.263,-0.576,-0.5681099999999999,DEF,85.8,39.5,23.5
10791,744,T.Cole,WCE,17,91,18,66.2353,0.263,-2.469,-2.636794,DEF,66.2,39.5,
5383,429,N.Watson,HAW,10,82,18,59.4,0.263,-3.022,-2.712975,FWD,59.4,41.0,
7305,532,F.Evans,PTA,8,82,18,36.5,0.263,-4.873,-4.6297250000000005,FWD,36.5,41.0,
7981,577,J.Graham,RIC,10,98,18,69.6,0.368,-2.197,-2.631608,MID,69.6,41.0,
8901,638,C.Sharman,STK,12,82,18,46.3333,0.263,-4.078,-3.7192680000000005,FWD,46.3,41.0,
4448,369,C.Idun,GWS,17,90,18,83.6471,0.263,-1.061,-1.109918,DEF,81.4,42.0,25.0
644,138,N.Daicos,COL,17,89,18,116.059,0.263,1.56,1.702283,DEF,105.3,43.0,26.0
1598,190,K.Langford,ESS,17,80,18,77.4706,0.263,-1.56,-1.315936,FWD,76.8,43.0,18.0
2851,267,A.Davies,GCS,4,97,18,75.0,0.368,-1.76,-2.395536,MID,75.0,43.0,
8027,581,J.Hopper,RIC,6,97,18,87.5,0.368,-0.749,-1.301368,MID,78.3,43.0,31.5
10346,717,T.Liberatore,WBD,11,97,18,106.364,0.368,0.776,0.541216,MID,90.0,43.0,31.5
4601,379,H.Perryman,GWS,13,88,18,75.3077,0.263,-1.735,-1.8125850000000001,DEF,75.2,44.5,
8938,639,J.Sinclair,STK,16,88,18,107.312,0.263,0.853,0.982396,DEF,97.5,44.5,27.0
4626,381,J.Riccardi,GWS,17,79,18,59.9412,0.263,-2.978,-2.882794,FWD,59.9,45.0,
5844,457,A.Neal-Bullen,MEL,17,79,18,85.0,0.263,-0.952,-0.700309,FWD,82.4,45.0,19.0
7518,547,J.Mead,PTA,17,79,18,62.8235,0.263,-2.745,-2.619812,FWD,62.8,45.0,
147,107,E.Hollands,CAR,15,95,18,74.0,0.368,-1.841,-2.2053200000000004,MID,74.0,46.5,
410,126,S.Walsh,CAR,13,95,18,109.923,0.368,1.064,0.8785280000000001,MID,94.7,46.5,33.0
5055,405,J.Impey,HAW,17,84,18,84.6471,0.263,-0.98,-1.090723,DEF,82.1,46.5,
5456,430,J.Weddle,HAW,17,84,18,70.4706,0.263,-2.126,-2.218576,DEF,70.5,46.5,
8221,592,D.Prestia,RIC,7,95,18,68.8571,0.368,-2.257,-2.320296,MID,68.9,46.5,
9854,685,M.Roberts,SYD,14,95,18,66.5714,0.368,-2.442,-2.376496,MID,66.6,46.5,
9525,667,J.Jordon,SYD,17,78,18,72.6471,0.263,-1.95,-1.863999,FWD,72.6,47.0,20.0
2364,24,L.Murphy,ADE,11,77,18,55.6364,0.263,-3.326,-3.17346,FWD,55.6,48.5,
2993,276,N.Holman,GCS,15,77,18,49.2667,0.263,-3.841,-3.607456,FWD,49.3,48.5,
5323,423,J.Scrimshaw,HAW,16,83,18,81.75,0.263,-1.214,-1.304735,DEF,79.7,49.0,29.0
10502,725,E.Richards,WBD,14,83,18,95.2143,0.263,-0.126,-0.049992999999999996,DEF,87.3,49.0,29.0
11382,778,A.Witherden,WCE,14,83,18,68.5,0.263,-2.286,-2.447482,DEF,68.5,49.0,29.0
5258,417,C.Nash,HAW,17,94,18,75.0,0.368,-1.76,-2.105552,MID,75.0,50.0,34.0
5427,43,C.Ah Chee,BRL,16,76,18,64.125,0.263,-2.64,-2.457478,FWD,64.1,50.0,
6291,48,J.Berry,BRL,17,94,18,89.4706,0.368,-0.59,-1.104832,MID,85.7,50.0,
11284,774,Z.Trew,WCE,2,94,18,58.0,0.368,-3.135,-4.010472,MID,58.0,50.0,
3788,323,J.Henry,GEE,17,82,18,61.2941,0.263,-2.868,-2.9379579999999996,DEF,61.3,51.5,
4141,348,L.Ash,GWS,12,82,18,83.0,0.263,-1.113,-1.154817,DEF,79.2,51.5,31.0
4345,362,T.Green,GWS,17,93,18,103.235,0.368,0.523,0.468904,MID,95.9,53.0,35.5
8528,609,R.Byrnes,STK,10,93,18,61.0,0.368,-2.892,-3.423392,MID,61.0,53.0,
11624,86,D.Zorko,BRL,17,93,18,108.471,0.368,0.946,0.8815999999999999,MID,99.7,53.0,35.5
1441,184,D.Heppell,ESS,16,80,18,88.0,0.263,-0.709,-0.768438,DEF,84.0,53.5,
2229,228,N.Fyfe,FRE,17,75,18,72.4706,0.263,-1.965,-1.8424420000000001,FWD,72.5,53.5,22.0
3567,307,J.Cameron,GEE,16,75,18,85.6875,0.263,-0.896,-0.6237950000000001,FWD,82.4,53.5,22.0
3899,329,J.Kolodjashnij,GEE,16,80,18,67.9375,0.263,-2.331,-2.471442,DEF,67.9,53.5,
3916,330,S.Mannagh,GEE,4,75,18,69.75,0.263,-2.185,-1.854935,FWD,69.8,53.5,
6217,475,C.Windsor,MEL,17,75,18,60.7647,0.263,-2.911,-2.777133,FWD,60.8,53.5,
6325,480,C.Comben,NTH,14,75,18,82.5714,0.263,-1.148,-1.066733,FWD,79.6,53.5,
7269,530,C.Dixon,PTA,11,75,18,70.3636,0.263,-2.135,-1.8107209999999998,FWD,70.4,53.5,22.0
4894,397,W.Day,HAW,11,92,18,101.455,0.368,0.379,-0.19949600000000003,MID,87.7,55.5,37.0
7107,522,M.Bergman,PTA,17,92,18,75.6471,0.368,-1.708,-2.028528,MID,75.5,55.5,
196,109,B.Kemp,CAR,15,79,18,71.4,0.263,-2.051,-2.228262,DEF,71.4,56.5,
6653,503,C.McKercher,NTH,11,79,18,81.0909,0.263,-1.268,-1.1667450000000001,DEF,77.9,56.5,32.5
8334,598,J.Short,RIC,16,79,18,77.625,0.263,-1.548,-1.548526,DEF,76.8,56.5,32.5
11039,758,J.Hunt,WCE,14,79,18,60.9286,0.263,-2.898,-2.965854,DEF,60.9,56.5,
694,142,J.Elliott,COL,9,74,18,65.2222,0.263,-2.551,-2.414766,FWD,65.2,57.5,
4425,368,J.Hogan,GWS,17,74,18,85.5294,0.263,-0.909,-0.486885,FWD,82.8,57.5,24.0
2718,26,L.Nankervis,ADE,14,91,18,72.4286,0.368,-1.968,-2.441248,MID,72.4,58.0,
3700,314,O.Dempsey,GEE,17,91,18,75.0588,0.368,-1.755,-2.12852,MID,75.0,58.0,
5479,432,J.Worpel,HAW,17,91,18,90.6471,0.368,-0.495,-0.89796,MID,86.6,58.0,38.0
1847,200,M.Redman,ESS,15,78,18,86.0,0.263,-0.871,-0.879942,DEF,82.2,59.0,34.0
4483,370,D.Jones,GWS,6,73,18,58.6667,0.263,-3.081,-2.764874,FWD,58.7,60.0,
6546,498,N.Larkey,NTH,17,73,18,60.1176,0.263,-2.964,-2.7833189999999997,FWD,60.1,60.0,
7845,566,S.Bolton,RIC,16,73,18,82.0,0.263,-1.194,-1.074072,FWD,79.9,60.0,25.0
2114,220,B.Cox,FRE,3,77,18,59.3333,0.263,-3.027,-3.10327,DEF,59.3,60.5,35.0
11006,757,B.Hough,WCE,17,77,18,62.5882,0.263,-2.764,-2.9791339999999997,DEF,62.6,60.5,
7146,523,T.Boak,PTA,14,90,18,77.2143,0.368,-1.581,-1.9110960000000001,MID,76.3,61.0,
7561,55,J.Fletcher,BRL,17,90,18,66.0588,0.368,-2.483,-3.0199119999999997,MID,66.1,61.0,
9883,686,J.Rowbottom,SYD,17,90,18,98.7059,0.368,0.157,-0.21467999999999995,MID,92.5,61.0,39.0
3014,277,B.Humphrey,GCS,15,72,18,51.2667,0.263,-3.679,-3.578008,FWD,51.3,62.0,26.0
1086,164,I.Quaynor,COL,17,76,18,59.7647,0.263,-2.992,-3.25763,DEF,59.8,63.0,36.5
2059,217,H.Chapman,FRE,10,76,18,72.3,0.263,-1.979,-2.178091,DEF,72.3,63.0,
5225,415,D.Moore,HAW,17,71,18,94.7059,0.263,-0.167,0.192784,FWD,89.6,63.0,27.0
5719,450,J.Lever,MEL,13,76,18,73.6923,0.263,-1.866,-2.107697,DEF,73.7,63.0,36.5
645,138,N.Daicos,COL,17,89,18,116.059,0.368,1.56,1.5228320000000002,MID,105.3,64.0,40.0
4681,385,H.Thomas,GWS,17,89,18,57.9412,0.368,-3.14,-3.88704,MID,57.9,64.0,
8747,626,Z.Jones,STK,7,89,18,42.5714,0.368,-4.382,-4.3452,MID,42.6,64.0,
4810,393,L.Breust,HAW,11,69,18,35.3636,0.263,-4.965,-4.75723,FWD,35.4,65.0,
5022,403,B.Hardwick,HAW,17,69,18,71.0,0.263,-2.084,-1.774712,FWD,71.0,65.0,
5778,453,T.McDonald,MEL,16,69,18,80.4375,0.263,-1.32,-1.110389,FWD,78.8,65.0,
6324,480,C.Comben,NTH,14,75,18,82.5714,0.263,-1.148,-1.415997,DEF,79.6,65.5,
6817,509,H.Sheezel,NTH,17,75,18,114.824,0.263,1.46,1.649886,DEF,104.4,65.5,38.0
8939,639,J.Sinclair,STK,16,88,18,107.312,0.368,0.853,0.802952,MID,97.5,66.0,41.0
8579,612,H.Clark,STK,6,86,18,70.6667,0.368,-2.111,-2.3266480000000005,MID,70.7,67.5,
10396,719,J.Macrae,WBD,15,86,18,76.2,0.368,-1.663,-2.1815119999999997,MID,75.8,67.5,42.0
1794,199,A.Perkins,ESS,14,68,18,71.4286,0.263,-2.049,-2.017966,FWD,71.4,68.0,
10814,745,J.Cripps,WCE,17,68,18,75.8824,0.263,-1.689,-1.513842,FWD,75.7,68.0,
10950,751,L.Edwards,WCE,10,68,18,42.2,0.263,-4.412,-4.30943,FWD,42.2,68.0,
781,146,W.Hoskin-Elliott,COL,14,73,18,67.2857,0.263,-2.384,-2.615966,DEF,67.3,68.5,
6953,516,D.Tucker,NTH,17,73,18,70.2353,0.263,-2.145,-2.430092,DEF,70.2,68.5,
8427,603,N.Vlastuin,RIC,17,73,18,90.1765,0.263,-0.533,-0.547991,DEF,86.2,68.5,39.0
10739,739,T.Barrass,WCE,16,73,18,81.4375,0.263,-1.24,-1.2723490000000002,DEF,79.5,68.5,
6863,511,J.Simpkin,NTH,12,85,18,75.9167,0.368,-1.686,-1.937344,MID,75.5,69.5,43.5
11741,93,A.Cerra,CAR,9,85,18,92.1111,0.368,-0.377,-0.981992,MID,81.7,69.5,43.5
4515,376,T.McMullin,GWS,8,67,18,42.0,0.263,-4.429,-4.290399,FWD,42.0,70.0,
668,139,J.De Goey,COL,11,83,18,82.0909,0.368,-1.187,-1.534392,MID,78.4,71.5,45.5
10503,725,E.Richards,WBD,14,83,18,95.2143,0.368,-0.126,-0.242288,MID,87.3,71.5,45.5
7187,524,J.Burgoyne,PTA,14,72,18,71.0714,0.263,-2.078,-1.997785,DEF,71.1,72.0,
8734,625,D.Howard,STK,9,72,18,57.2222,0.263,-3.198,-3.38736,DEF,57.2,72.0,
9330,658,O.Florent,SYD,17,72,18,77.4706,0.263,-1.56,-1.64416,DEF,76.8,72.0,
6088,47,Z.Bailey,BRL,12,66,18,68.9167,0.263,-2.252,-2.021086,FWD,68.9,72.5,28.0
9220,650,J.Amartey,SYD,17,66,18,54.5294,0.263,-3.415,-3.250362,FWD,54.5,72.5,
10180,707,J.Freijah,WBD,9,66,18,62.7778,0.263,-2.748,-2.4302960000000002,FWD,62.8,72.5,
11304,775,J.Waterman,WCE,15,66,18,87.4,0.263,-0.757,-0.606038,FWD,83.1,72.5,
1748,197,Z.Merrett,ESS,17,82,18,115.706,0.368,1.531,1.432744,MID,105.1,73.5,47.0
5382,429,N.Watson,HAW,10,82,18,59.4,0.368,-3.022,-3.313824,MID,59.4,73.5,
2435,243,J.Sharp,FRE,17,80,18,69.3529,0.368,-2.217,-2.637624,MID,69.4,75.0,
912,153,O.Markov,COL,11,71,18,47.1818,0.263,-4.01,-4.323233,DEF,47.2,75.5,
3335,298,B.Uwland,GCS,15,71,18,72.3333,0.263,-1.976,-2.114075,DEF,72.3,75.5,
11491,799,L.Evans,PTA,4,71,18,69.25,0.263,-2.225,-2.4083110000000003,DEF,69.2,75.5,
11754,94,A.Cincotta,CAR,10,71,18,48.8,0.263,-3.879,-4.1738230000000005,DEF,48.8,75.5,
2021,214,B.Banfield,FRE,17,65,18,65.2353,0.263,-2.55,-2.439803,FWD,65.2,77.5,
2500,249,J.Treacy,FRE,17,65,18,82.0588,0.263,-1.189,-0.895755,FWD,80.2,77.5,
6503,489,E.Ford,NTH,14,65,18,52.0,0.263,-3.62,-3.476928,FWD,52.0,77.5,
6654,503,C.McKercher,NTH,11,79,18,81.0909,0.368,-1.268,-1.3416,MID,77.9,77.5,48.5
7519,547,J.Mead,PTA,17,79,18,62.8235,0.368,-2.745,-3.3062,MID,62.8,77.5,
8398,601,T.Taranto,RIC,10,79,18,101.4,0.368,0.375,-0.07653599999999999,MID,86.5,77.5,48.5
9684,676,J.McInerney,SYD,17,65,18,82.3529,0.263,-1.166,-0.926144,FWD,80.4,77.5,
10430,720,L.McNeil,WBD,5,65,18,58.2,0.263,-3.119,-2.8807220000000004,FWD,58.2,77.5,
10660,733,C.Weightman,WBD,10,65,18,68.7,0.263,-2.27,-2.051447,FWD,68.7,77.5,
11040,758,J.Hunt,WCE,14,79,18,60.9286,0.368,-2.898,-3.1924,MID,60.9,77.5,
715,143,B.Frampton,COL,15,70,18,52.9333,0.263,-3.545,-3.8650709999999995,DEF,52.9,79.0,
9242,652,N.Blakey,SYD,17,70,18,98.7059,0.263,0.157,0.129122,DEF,92.5,79.0,40.0
10925,750,H.Edwards,WCE,4,70,18,64.75,0.263,-2.589,-3.032681,DEF,64.8,79.0,
9526,667,J.Jordon,SYD,17,78,18,72.6471,0.368,-1.95,-2.547264,MID,72.6,80.0,50.0
2149,224,J.Draper,FRE,15,69,18,47.8667,0.263,-3.954,-4.209373,DEF,47.9,82.5,
5021,403,B.Hardwick,HAW,17,69,18,71.0,0.263,-2.084,-2.125554,DEF,71.0,82.5,
5777,453,T.McDonald,MEL,16,69,18,80.4375,0.263,-1.32,-1.451237,DEF,78.8,82.5,
7874,567,N.Broad,RIC,16,69,18,62.1875,0.263,-2.796,-2.8775299999999997,DEF,62.2,82.5,
1334,178,S.Durham,ESS,16,77,18,89.125,0.368,-0.618,-0.8932640000000001,MID,84.8,83.0,
2310,231,M.Johnson,FRE,16,77,18,67.5625,0.368,-2.362,-2.976928,MID,67.6,83.0,
2643,256,B.Ainsworth,GCS,17,64,18,66.0,0.263,-2.488,-2.307056,FWD,66.0,83.0,29.5
3145,283,J.Lukosius,GCS,17,64,18,70.7647,0.263,-2.103,-1.988858,FWD,70.8,83.0,
4261,354,F.Callaghan,GWS,16,77,18,78.4375,0.368,-1.482,-1.7226720000000002,MID,77.4,83.0,51.0
6127,471,D.Turner,MEL,9,64,18,47.7778,0.263,-3.961,-3.951269,FWD,47.8,83.0,
6886,512,D.Stephens,NTH,11,77,18,45.7273,0.368,-4.127,-4.669432,MID,45.7,83.0,
9153,648,M.Wood,STK,12,64,18,83.5,0.263,-1.073,-0.913359,FWD,79.4,83.0,29.5
10361,718,R.Lobb,WBD,9,64,18,64.1111,0.263,-2.641,-2.321981,FWD,64.1,83.0,
10980,754,R.Ginbey,WCE,17,77,18,67.8235,0.368,-2.34,-2.736704,MID,67.8,83.0,
5581,44,H.Andrews,BRL,17,67,18,85.0,0.263,-0.952,-1.073243,DEF,82.4,85.0,41.0
11233,770,H.Reid,WCE,14,63,18,82.8571,0.263,-1.125,-0.940637,FWD,79.8,86.0,31.0
2332,238,J.O'Meara,FRE,16,76,18,62.8125,0.368,-2.746,-3.149696,MID,62.8,86.5,
5426,43,C.Ah Chee,BRL,16,76,18,64.125,0.368,-2.64,-3.1117760000000003,MID,64.1,86.5,
575,136,J.Crisp,COL,17,66,18,90.5294,0.263,-0.504,-0.6399710000000001,DEF,86.5,87.5,42.5
1023,160,D.Moore,COL,17,66,18,73.0,0.263,-1.922,-2.022992,DEF,73.0,87.5,42.5
6584,5,J.Butts,ADE,14,66,18,55.9286,0.263,-3.302,-3.6136550000000005,DEF,55.9,87.5,
9622,674,T.McCartin,SYD,14,66,18,63.7857,0.263,-2.667,-2.8839749999999995,DEF,63.8,87.5,
1897,206,J.Stringer,ESS,17,62,18,64.1765,0.263,-2.635,-2.486668,FWD,64.2,88.5,
2472,247,S.Switkowski,FRE,14,62,18,76.3571,0.263,-1.65,-1.4083029999999999,FWD,75.8,88.5,
9191,649,T.Adams,SYD,13,62,18,72.4615,0.263,-1.965,-1.854803,FWD,72.5,88.5,32.0
11355,777,J.Williams,WCE,12,62,18,48.1667,0.263,-3.93,-3.680676,FWD,48.2,88.5,
2228,228,N.Fyfe,FRE,17,75,18,72.4706,0.368,-1.965,-2.507432,MID,72.5,89.5,52.5
3917,330,S.Mannagh,GEE,4,75,18,69.75,0.368,-2.185,-2.4205200000000002,MID,69.8,89.5,
6216,475,C.Windsor,MEL,17,75,18,60.7647,0.368,-2.911,-3.464104,MID,60.8,89.5,
7678,560,O.Wines,PTA,16,75,18,94.3125,0.368,-0.199,-0.25788,MID,88.4,89.5,52.5
4218,352,J.Buckley,GWS,15,65,18,75.7333,0.263,-1.701,-1.7730620000000001,DEF,75.5,90.5,
4285,356,I.Cumming,GWS,3,65,18,77.0,0.263,-1.598,-2.005124,DEF,75.3,90.5,
1998,213,J.Amiss,FRE,16,61,18,50.875,0.263,-3.711,-3.5000739999999997,FWD,50.9,92.0,
6511,49,S.Brain,BRL,4,61,18,30.25,0.263,-5.379,-4.92401,FWD,30.2,92.0,
11159,765,R.Maric,WCE,14,61,18,36.7857,0.263,-4.85,-4.656432,FWD,36.8,92.0,
780,146,W.Hoskin-Elliott,COL,14,73,18,67.2857,0.368,-2.384,-2.9069279999999997,MID,67.3,93.5,
4113,343,Z.Tuohy,GEE,13,73,18,68.8462,0.368,-2.258,-2.814416,MID,68.8,93.5,
6952,516,D.Tucker,NTH,17,73,18,70.2353,0.368,-2.145,-2.742632,MID,70.2,93.5,
7846,566,S.Bolton,RIC,16,73,18,82.0,0.368,-1.194,-1.718032,MID,79.9,93.5,54.0
338,120,N.Newman,CAR,17,64,18,98.4706,0.263,0.138,0.22479000000000002,DEF,92.3,94.5,44.0
1547,189,J.Kelly,ESS,15,64,18,66.9333,0.263,-2.412,-2.708927,DEF,66.9,94.5,
1975,212,J.Aish,FRE,17,64,18,69.5294,0.263,-2.203,-2.586454,DEF,69.5,94.5,
2518,250,C.Wagner,FRE,6,64,18,60.0,0.263,-2.973,-3.1121269999999996,DEF,60.0,94.5,
3144,283,J.Lukosius,GCS,17,64,18,70.7647,0.263,-2.103,-2.359951,DEF,70.8,94.5,
6126,471,D.Turner,MEL,9,64,18,47.7778,0.263,-3.961,-4.3820630000000005,DEF,47.8,94.5,
4239,353,A.Cadman,GWS,15,60,18,48.4667,0.263,-3.906,-3.806849,FWD,48.5,95.5,
4908,398,C.Dear,HAW,9,60,18,46.3333,0.263,-4.078,-3.8468230000000005,FWD,46.3,95.5,
6702,506,T.Pink,NTH,12,60,18,39.1667,0.263,-4.658,-4.5812040000000005,FWD,39.2,95.5,
10324,716,B.Khamis,WBD,12,60,18,52.75,0.263,-3.559,-3.484045,FWD,52.8,95.5,
1352,179,X.Duursma,ESS,12,72,18,79.0833,0.368,-1.43,-1.8256000000000001,MID,77.1,97.0,
4471,37,J.Soligo,ADE,17,72,18,83.1176,0.368,-1.104,-1.439616,MID,81.0,97.0,
7186,524,J.Burgoyne,PTA,14,72,18,71.0714,0.368,-2.078,-2.174416,MID,71.1,97.0,
5069,406,C.Jiath,HAW,8,63,18,57.25,0.263,-3.195,-3.431437,DEF,57.2,98.0,
92,105,L.Fogarty,CAR,11,59,18,62.8182,0.263,-2.745,-2.614289,FWD,62.8,98.5,
6060,469,K.Tholstrup,MEL,5,59,18,62.8,0.263,-2.747,-2.696767,FWD,62.8,98.5,
3641,312,P.Dangerfield,GEE,8,71,18,83.125,0.368,-1.103,-1.3955600000000001,MID,77.8,99.0,55.0
8550,61,R.Lester,BRL,17,62,18,74.0,0.263,-1.841,-2.0571859999999997,DEF,74.0,99.5,
10008,696,L.Bramble,WBD,17,62,18,71.0,0.263,-2.084,-2.199457,DEF,71.0,99.5,
1793,199,A.Perkins,ESS,14,68,18,71.4286,0.368,-2.049,-2.732376,MID,71.4,100.5,
10949,751,L.Edwards,WCE,10,68,18,42.2,0.368,-4.412,-5.056368000000001,MID,42.2,100.5,
1512,188,H.Jones,ESS,15,58,18,56.3333,0.263,-3.27,-3.10957,FWD,56.3,101.0,
3099,282,B.Long,GCS,11,58,18,60.0,0.263,-2.973,-2.835714,FWD,60.0,101.0,
9358,659,R.Fox,SYD,11,58,18,51.4545,0.263,-3.664,-3.5856260000000004,FWD,51.5,101.0,
576,136,J.Crisp,COL,17,66,18,90.5294,0.368,-0.504,-0.9084319999999999,MID,86.5,103.5,56.5
1371,18,M.Keane,ADE,16,61,18,79.3125,0.263,-1.411,-1.5619619999999999,DEF,78.0,103.5,
6089,47,Z.Bailey,BRL,12,66,18,68.9167,0.368,-2.252,-2.6395039999999996,MID,68.9,103.5,56.5
6352,481,A.Corr,NTH,17,61,18,66.4118,0.263,-2.455,-2.702483,DEF,66.4,103.5,
6788,508,B.Scott,NTH,17,61,18,70.0588,0.263,-2.16,-2.229169,DEF,70.1,103.5,
7799,564,S.Banks,RIC,9,61,18,34.3333,0.263,-5.049,-5.092658,DEF,34.3,103.5,
8250,593,H.Ralphsmith,RIC,12,61,18,55.5833,0.263,-3.33,-3.66401,DEF,55.6,103.5,
8889,637,A.Schoenmaker,STK,4,61,18,62.75,0.263,-2.751,-2.9642929999999996,DEF,62.8,103.5,
10179,707,J.Freijah,WBD,9,66,18,62.7778,0.368,-2.748,-3.0184800000000003,MID,62.8,103.5,
10471,724,C.Poulter,WBD,3,66,18,32.0,0.368,-5.237,-4.995592,MID,32.0,103.5,
834,150,N.Kreuger,COL,5,56,18,61.0,0.263,-2.892,-2.882532,FWD,61.0,104.0,
8145,588,B.Miller,RIC,15,56,18,78.3333,0.263,-1.491,-1.402895,FWD,77.2,104.0,
9086,646,D.Wilson,STK,17,56,18,63.7647,0.263,-2.669,-2.457811,FWD,63.8,104.0,
3244,293,M.Rowell,GCS,17,65,18,105.0,0.368,0.666,0.39257600000000004,MID,97.2,107.0,58.0
3622,310,B.Close,GEE,17,55,18,67.0588,0.263,-2.402,-2.3691250000000004,FWD,67.1,107.0,
4286,356,I.Cumming,GWS,3,65,18,77.0,0.368,-1.598,-2.36712,MID,75.3,107.0,
5558,439,K.Chandler,MEL,17,55,18,62.0,0.263,-2.811,-2.6142760000000003,FWD,62.0,107.0,
5824,456,A.Moniz-Wakefield,MEL,3,55,18,58.0,0.263,-3.135,-3.090553,FWD,58.0,107.0,
9683,676,J.McInerney,SYD,17,65,18,82.3529,0.368,-1.166,-1.507872,MID,80.4,107.0,
6701,506,T.Pink,NTH,12,60,18,39.1667,0.263,-4.658,-5.023307,DEF,39.2,107.5,
10325,716,B.Khamis,WBD,12,60,18,52.75,0.263,-3.559,-3.897481,DEF,52.8,107.5,
2809,265,S.Clohesy,GCS,14,59,18,73.0,0.263,-1.922,-2.1631709999999997,DEF,73.0,109.5,
11799,96,L.Cowan,CAR,11,59,18,61.1818,0.263,-2.878,-3.10418,DEF,61.2,109.5,
5603,441,B.Fritsch,MEL,17,54,18,57.0588,0.263,-3.211,-3.123158,FWD,57.1,110.0,
7993,578,S.Green,RIC,3,54,18,31.3333,0.263,-5.291,-5.077444,FWD,31.3,110.0,
10541,726,R.Sanders,WBD,13,54,18,64.2308,0.263,-2.631,-2.488717,FWD,64.2,110.0,33.0
1548,189,J.Kelly,ESS,15,64,18,66.9333,0.368,-2.412,-3.023984,MID,66.9,111.5,
1976,212,J.Aish,FRE,17,64,18,69.5294,0.368,-2.203,-2.93532,MID,69.5,111.5,
2644,256,B.Ainsworth,GCS,17,64,18,66.0,0.368,-2.488,-2.957568,MID,66.0,111.5,60.5
3484,304,M.Blicavs,GEE,16,64,18,66.0,0.368,-2.488,-2.8755040000000003,MID,66.0,111.5,60.5
4704,386,C.Ward,GWS,12,64,18,79.75,0.368,-1.376,-1.827168,MID,77.5,111.5,60.5
9152,648,M.Wood,STK,12,64,18,83.5,0.368,-1.073,-1.5333679999999998,MID,79.4,111.5,60.5
3098,282,B.Long,GCS,11,58,18,60.0,0.263,-2.973,-3.227321,DEF,60.0,112.0,
3663,313,S.De Koning,GEE,16,58,18,68.5625,0.263,-2.281,-2.497449,DEF,68.6,112.0,
9357,659,R.Fox,SYD,11,58,18,51.4545,0.263,-3.664,-4.001692,DEF,51.5,112.0,
1098,165,J.Richards,COL,6,53,18,65.0,0.263,-2.569,-2.58215,FWD,65.0,113.0,
7536,548,Q.Narkle,PTA,5,53,18,37.4,0.263,-4.801,-4.984048,FWD,37.4,113.0,
8659,621,L.Henry,STK,11,53,18,63.8182,0.263,-2.664,-2.536182,FWD,63.8,113.0,
3441,302,T.Atkins,GEE,16,57,18,80.875,0.263,-1.285,-1.409136,DEF,79.1,114.5,45.0
9278,654,B.Campbell,SYD,15,57,18,44.0,0.263,-4.267,-4.429271,DEF,44.0,114.5,
175,108,O.Hollands,CAR,16,63,18,54.4375,0.368,-3.423,-3.703784,MID,54.4,115.5,
4304,357,B.Daniels,GWS,16,52,18,80.9375,0.263,-1.28,-0.820013,FWD,79.1,115.5,34.0
8512,608,D.Butler,STK,10,52,18,38.2,0.263,-4.736,-4.605815,FWD,38.2,115.5,
11232,770,H.Reid,WCE,14,63,18,82.8571,0.368,-1.125,-1.549672,MID,79.8,115.5,63.0
1688,194,A.McGrath,ESS,17,55,18,93.0588,0.263,-0.3,-0.264758,DEF,88.3,117.5,46.0
5526,435,J.Bowey,MEL,9,55,18,57.5556,0.263,-3.171,-3.274885,DEF,57.6,117.5,
6626,502,L.McDonald,NTH,16,55,18,65.875,0.263,-2.498,-2.678944,DEF,65.9,117.5,
9190,649,T.Adams,SYD,13,62,18,72.4615,0.368,-1.965,-2.5262000000000002,MID,72.5,117.5,64.0
10007,696,L.Bramble,WBD,17,62,18,71.0,0.368,-2.084,-2.449056,MID,71.0,117.5,
10134,705,T.Duryea,WBD,15,55,18,60.1333,0.263,-2.962,-3.1900210000000007,DEF,60.1,117.5,
3225,292,M.Rosas,GCS,5,51,18,56.4,0.263,-3.264,-3.433109,FWD,56.4,120.0,
6375,482,P.Curtis,NTH,17,51,18,56.3529,0.263,-3.268,-3.05497,FWD,56.4,120.0,
6741,507,T.Powell,NTH,17,51,18,79.4118,0.263,-1.403,-1.154991,FWD,78.3,120.0,35.5
7451,540,O.Lord,PTA,5,51,18,42.0,0.263,-4.429,-4.330375,FWD,42.0,120.0,
7735,562,L.Baker,RIC,14,51,18,79.1429,0.263,-1.425,-1.11729,FWD,77.5,120.0,35.5
8017,58,E.Hipwood,BRL,16,51,18,66.625,0.263,-2.437,-2.309182,FWD,66.6,120.0,
9747,678,L.Melican,SYD,17,54,18,51.4118,0.263,-3.668,-3.922584,DEF,51.4,120.0,
10715,736,O.Allen,WCE,5,51,18,50.0,0.263,-3.782,-3.522945,FWD,50.0,120.0,
3588,308,J.Clark,GEE,15,61,18,44.0667,0.368,-4.262,-4.9026879999999995,MID,44.1,121.0,
6177,474,J.Viney,MEL,17,61,18,91.4118,0.368,-0.433,-0.8326479999999999,MID,87.1,121.0,65.0
6787,508,B.Scott,NTH,17,61,18,70.0588,0.368,-2.16,-2.461392,MID,70.1,121.0,
7798,564,S.Banks,RIC,9,61,18,34.3333,0.368,-5.049,-5.294824,MID,34.3,121.0,
8251,593,H.Ralphsmith,RIC,12,61,18,55.5833,0.368,-3.33,-3.9865120000000003,MID,55.6,121.0,
2681,258,M.Andrew,GCS,14,53,18,80.7857,0.263,-1.292,-1.5907680000000002,DEF,78.5,121.5,
7701,561,B.Zerk-Thatcher,PTA,17,53,18,60.1765,0.263,-2.959,-3.081032,DEF,60.2,121.5,
2808,265,S.Clohesy,GCS,14,59,18,73.0,0.368,-1.922,-2.4607520000000003,MID,73.0,124.0,
2774,263,C.Budarick,GCS,4,51,18,52.0,0.263,-3.62,-3.587651,DEF,52.0,124.5,47.5
7734,562,L.Baker,RIC,14,51,18,79.1429,0.263,-1.425,-1.4513,DEF,77.5,124.5,47.5
7769,563,N.Balta,RIC,13,50,18,68.0769,0.263,-2.32,-2.2787089999999997,FWD,68.1,124.5,
7895,568,T.Brown,RIC,15,51,18,59.0,0.263,-3.054,-3.3709149999999997,DEF,59.0,124.5,
8041,582,J.Koschitzke,RIC,8,50,18,53.5,0.263,-3.499,-3.43588,FWD,53.5,124.5,
11700,90,J.Boyd,CAR,17,51,18,65.5882,0.263,-2.521,-2.851328,DEF,65.6,124.5,
3440,302,T.Atkins,GEE,16,57,18,80.875,0.368,-1.285,-1.66772,MID,79.1,125.5,66.0
9277,654,B.Campbell,SYD,15,57,18,44.0,0.368,-4.267,-4.681,MID,44.0,125.5,
8312,597,S.Ryan,RIC,5,49,18,45.2,0.263,-4.17,-4.09373,FWD,45.2,126.0,
7768,563,N.Balta,RIC,13,50,18,68.0769,0.263,-2.32,-2.6629519999999998,DEF,68.1,127.5,
8496,607,R.Bonner,STK,16,50,18,76.875,0.263,-1.609,-1.7788979999999999,DEF,76.3,127.5,49.0
9087,646,D.Wilson,STK,17,56,18,63.7647,0.368,-2.669,-3.0980879999999997,MID,63.8,127.5,
9802,682,L.Parker,SYD,1,56,18,56.0,0.368,-3.297,-3.286328,MID,56.0,127.5,67.0
9752,679,C.Mills,SYD,1,55,18,55.0,0.368,-3.377,-3.23164,MID,55.0,129.0,
2105,22,M.Michalanney,ADE,17,49,18,64.9412,0.263,-2.574,-2.7462649999999997,DEF,64.9,130.0,
3048,279,L.Johnston,GCS,4,49,18,51.75,0.263,-3.64,-4.058433,DEF,51.8,130.0,
8163,59,D.Joyce,BRL,2,49,18,49.5,0.263,-3.822,-4.0752690000000005,DEF,49.5,130.0,
361,122,M.Owies,CAR,17,48,18,53.6471,0.263,-3.487,-3.354711,FWD,53.6,130.5,
823,15,E.Himmelberg,ADE,7,48,18,62.4286,0.263,-2.777,-2.799092,FWD,62.4,130.5,
870,151,P.Lipinski,COL,17,48,18,78.8824,0.263,-1.446,-1.298983,FWD,77.9,130.5,38.0
1116,167,L.Schultz,COL,15,48,18,59.3333,0.263,-3.027,-2.834747,FWD,59.3,130.5,38.0
2189,227,M.Frederick,FRE,14,48,18,48.8571,0.263,-3.874,-3.716463,FWD,48.9,130.5,
5093,409,C.Macdonald,HAW,17,48,18,68.0588,0.263,-2.321,-1.97647,FWD,68.1,130.5,38.0
5887,46,W.Ashcroft,BRL,3,54,18,73.0,0.368,-1.922,-2.00296,MID,73.0,130.5,
5920,460,H.Petty,MEL,14,48,18,44.2143,0.263,-4.25,-3.958859,FWD,44.2,130.5,
10540,726,R.Sanders,WBD,13,54,18,64.2308,0.368,-2.631,-3.163496,MID,64.2,130.5,68.0
11458,784,P.Voss,FRE,4,48,18,45.25,0.263,-4.166,-4.037656,FWD,45.2,130.5,
5921,460,H.Petty,MEL,14,48,18,44.2143,0.263,-4.25,-4.368876,DEF,44.2,132.0,
8658,621,L.Henry,STK,11,53,18,63.8182,0.368,-2.664,-3.2189439999999996,MID,63.8,132.0,
6742,507,T.Powell,NTH,17,51,18,79.4118,0.368,-1.403,-1.7393520000000002,MID,78.3,133.0,69.0
1803,2,H.Bond,ADE,1,46,18,46.0,0.263,-4.105,-4.409028000000001,DEF,46.0,133.5,
9024,644,J.Webster,STK,9,46,18,64.6667,0.263,-2.596,-2.877936,DEF,64.7,133.5,
8495,607,R.Bonner,STK,16,50,18,76.875,0.368,-1.609,-2.052072,MID,76.3,134.0,70.0
3382,30,J.Rachele,ADE,17,47,18,61.8824,0.263,-2.821,-2.6066550000000004,FWD,61.9,135.0,40.0
1063,163,S.Pendlebury,COL,14,49,18,85.9286,0.368,-0.876,-1.170768,MID,81.7,135.5,71.5
4323,36,B.Smith,ADE,14,43,18,64.9286,0.263,-2.575,-2.8095960000000004,DEF,64.9,135.5,
6979,517,G.Wardlaw,NTH,14,49,18,86.8571,0.368,-0.801,-1.1550159999999998,MID,82.2,135.5,71.5
9822,683,D.Rampe,SYD,14,43,18,61.1429,0.263,-2.881,-3.222111,DEF,61.1,135.5,
871,151,P.Lipinski,COL,17,48,18,78.8824,0.368,-1.446,-1.936544,MID,77.9,137.0,73.0
1268,174,N.Cox,ESS,16,42,18,50.125,0.263,-3.772,-4.072609,DEF,50.1,137.5,
4020,338,G.Rohan,GEE,9,46,18,40.6667,0.263,-4.536,-4.5791319999999995,FWD,40.7,137.5,
4833,395,M.Chol,HAW,15,46,18,61.8667,0.263,-2.822,-2.617123,FWD,61.9,137.5,
6002,463,C.Salem,MEL,13,42,18,77.4615,0.263,-1.561,-1.6151779999999998,DEF,76.4,137.5,50.0
6046,468,T.Sparrow,MEL,17,46,18,65.7059,0.263,-2.512,-2.359197,FWD,65.7,137.5,
8369,6,B.Cook,ADE,13,46,18,50.0,0.263,-3.782,-3.6768,FWD,50.0,137.5,
250,112,C.Marchbank,CAR,3,41,18,38.0,0.263,-4.752,-5.116518,DEF,38.0,139.0,
5360,428,J.Ward,HAW,7,46,18,51.4286,0.368,-3.666,-4.19776,MID,51.4,139.5,
6047,468,T.Sparrow,MEL,17,46,18,65.7059,0.368,-2.512,-3.024624,MID,65.7,139.5,
7377,536,J.Horne-Francis,PTA,15,46,18,97.7333,0.368,0.078,-0.071408,MID,89.8,139.5,74.0
8370,6,B.Cook,ADE,13,46,18,50.0,0.368,-3.782,-4.403919999999999,MID,50.0,139.5,
4931,399,S.Frost,HAW,17,39,18,49.8824,0.263,-3.791,-4.114227,DEF,49.9,140.0,
6602,50,C.Cameron,BRL,17,45,18,57.8824,0.263,-3.144,-2.98094,FWD,57.9,140.5,
7252,527,D.Byrne-Jones,PTA,17,45,18,62.8235,0.263,-2.745,-2.552747,FWD,62.8,140.5,
10637,732,L.Vandermeer,WBD,17,37,18,50.1176,0.263,-3.772,-4.115741,DEF,50.1,141.0,
930,154,B.Maynard,COL,17,36,18,84.2353,0.263,-1.013,-1.266006,DEF,81.8,142.0,51.0
4278,355,S.Coniglio,GWS,11,43,18,82.7273,0.368,-1.135,-1.599784,MID,78.7,142.0,75.0
1406,181,J.Gresham,ESS,16,44,18,62.3125,0.263,-2.786,-2.6984209999999997,FWD,62.3,142.5,41.0
1941,211,P.Wright,ESS,13,44,18,72.3846,0.263,-1.972,-1.8218269999999999,FWD,72.4,142.5,
10042,700,N.Coffield,WBD,4,34,18,36.5,0.263,-4.873,-5.137315,DEF,36.5,143.0,
1267,174,N.Cox,ESS,16,42,18,50.125,0.368,-3.772,-4.379568,MID,50.1,143.5,
6003,463,C.Salem,MEL,13,42,18,77.4615,0.368,-1.561,-1.845832,MID,76.4,143.5,76.0
4326,360,J.Fonti,GWS,2,32,18,46.5,0.263,-4.065,-4.630713,DEF,46.5,144.0,
315,12,D.Fogarty,ADE,17,40,18,67.7059,0.263,-2.35,-2.167478,FWD,67.7,144.5,
3970,334,S.Neale,GEE,8,40,18,53.75,0.263,-3.478,-3.229991,FWD,53.8,144.5,
9899,69,C.McKenna,BRL,12,31,18,59.0833,0.263,-3.047,-3.367334,DEF,59.1,145.0,
11531,806,N.Long,COL,2,41,18,33.0,0.368,-5.156,-5.566687999999999,MID,33.0,145.0,
4871,396,M.D'Ambrosio,HAW,16,30,18,82.0,0.263,-1.194,-1.1345619999999998,DEF,79.9,146.0,
7345,534,J.Finlayson,PTA,12,39,18,56.75,0.263,-3.236,-3.088457,FWD,56.8,146.0,42.0
10704,735,B.Williams,WBD,17,39,18,77.3529,0.368,-1.57,-1.965968,MID,76.7,146.0,
4945,40,R.Thilthorpe,ADE,1,38,18,38.0,0.263,-4.752,-3.716306,FWD,38.0,147.0,
8110,587,K.McIntosh,RIC,16,37,18,46.8125,0.368,-4.039,-4.690728,MID,46.8,147.0,
2747,260,C.Ballard,GCS,17,29,18,63.7647,0.263,-2.669,-2.874403,DEF,63.8,148.0,
4870,396,M.D'Ambrosio,HAW,16,30,18,82.0,0.368,-1.194,-1.3253759999999999,MID,79.9,148.0,
6413,484,K.Dawson,NTH,9,29,18,53.1111,0.263,-3.53,-3.820352,DEF,53.1,148.0,
8859,634,B.Paton,STK,4,29,18,27.5,0.263,-5.601,-6.029427,DEF,27.5,148.0,
10638,732,L.Vandermeer,WBD,17,37,18,50.1176,0.263,-3.772,-3.696782,FWD,50.1,148.0,
11782,95,M.Cottrell,CAR,11,28,18,55.0,0.368,-3.377,-3.9488719999999997,MID,55.0,149.0,
10245,71,L.Morris,BRL,10,36,18,50.6,0.263,-3.733,-3.529701,FWD,50.6,149.5,
11526,804,J.Hutchinson,WCE,4,36,18,39.0,0.263,-4.671,-4.359871,FWD,39.0,149.5,
5151,410,C.Mackenzie,HAW,17,27,18,58.8824,0.368,-3.063,-3.514536,MID,58.9,150.0,77.0
7418,539,L.Jones,PTA,13,24,18,54.3846,0.263,-3.427,-3.718667,DEF,54.4,150.0,
235,110,M.Kennedy,CAR,17,25,18,74.0588,0.368,-1.836,-2.135552,MID,74.1,151.5,
5113,41,T.Walker,ADE,14,34,18,68.5714,0.263,-2.28,-2.192421,FWD,68.6,151.5,43.0
5238,416,H.Morrison,HAW,7,25,18,47.4286,0.368,-3.99,-4.3539520000000005,MID,47.4,151.5,
9444,665,W.Hayward,SYD,17,34,18,69.4118,0.263,-2.212,-2.06998,FWD,69.4,151.5,
10871,749,L.Duggan,WCE,17,20,18,90.4706,0.263,-0.509,-0.6731119999999999,DEF,86.4,151.5,52.0
11116,761,J.Jones,WCE,10,20,18,48.1,0.263,-3.935,-4.267958,DEF,48.1,151.5,
1472,185,N.Hind,ESS,15,19,18,51.2,0.263,-3.685,-3.968777,DEF,51.2,153.0,
6834,510,L.Shiels,NTH,12,23,18,46.9167,0.368,-4.031,-4.635256,MID,46.9,153.0,
8849,633,M.Owens,STK,17,33,18,61.7059,0.263,-2.835,-2.6167100000000003,FWD,61.7,153.0,44.0
729,144,H.Harrison,COL,11,32,18,50.0909,0.263,-3.774,-3.737706,FWD,50.1,154.0,
8405,602,J.Trezise,RIC,2,16,18,42.5,0.263,-4.388,-4.335926000000001,DEF,42.5,154.0,
10219,708,H.Gallagher,WBD,17,18,18,43.7647,0.368,-4.286,-4.841311999999999,MID,43.8,154.0,
4575,378,J.Peatling,GWS,11,14,18,50.3636,0.368,-3.752,-3.776288,MID,50.4,155.0,
6262,477,J.Archer,NTH,9,9,18,41.8889,0.263,-4.438,-4.666021,DEF,41.9,155.0,
1423,182,M.Guelfi,ESS,11,31,18,80.5455,0.263,-1.312,-1.306477,FWD,77.7,155.5,
3809,324,O.Henry,GEE,15,31,18,49.0,0.263,-3.863,-3.668643,FWD,49.0,155.5,
469,128,Z.Williams,CAR,16,7,18,66.625,0.263,-2.437,-2.589277,DEF,66.6,156.0,53.0
6918,514,C.Taylor,NTH,8,10,18,51.75,0.368,-3.64,-4.2207040000000005,MID,51.8,156.0,
6247,476,T.Woewodin,MEL,13,4,18,26.3077,0.263,-5.698,-6.078824,DEF,26.3,157.0,
11079,76,B.Reville,BRL,10,8,18,57.9,0.368,-3.143,-3.92868,MID,57.9,157.0,
8675,622,J.Higgins,STK,14,30,18,74.4286,0.263,-1.806,-1.68502,FWD,74.4,157.5,
10756,741,T.Brockman,WCE,10,30,18,42.1,0.263,-4.421,-4.3260570000000005,FWD,42.1,157.5,
2965,275,W.Graham,GCS,11,2,18,63.0909,0.368,-2.723,-3.20324,MID,63.1,158.0,
2966,275,W.Graham,GCS,11,2,18,63.0909,0.263,-2.723,-2.9255099999999996,DEF,63.1,158.0,
11781,95,M.Cottrell,CAR,11,28,18,55.0,0.263,-3.377,-3.2465519999999994,FWD,55.0,159.0,
5150,410,C.Mackenzie,HAW,17,27,18,58.8824,0.263,-3.063,-2.858912,FWD,58.9,160.0,45.0
1184,172,N.Caddy,ESS,4,26,18,48.75,0.263,-3.883,-3.68575,FWD,48.8,161.0,
234,110,M.Kennedy,CAR,17,25,18,74.0588,0.263,-1.836,-1.555116,FWD,74.1,162.0,
8387,600,T.Sonsie,RIC,13,21,18,42.0769,0.263,-4.422,-4.389651,FWD,42.1,163.0,
747,145,B.Hill,COL,17,20,18,57.4118,0.263,-3.182,-2.90059,FWD,57.4,164.5,
11115,761,J.Jones,WCE,10,20,18,48.1,0.263,-3.935,-3.846106,FWD,48.1,164.5,
1473,185,N.Hind,ESS,15,19,18,51.2,0.263,-3.685,-3.557182,FWD,51.2,166.5,
2452,246,S.Sturt,FRE,7,19,18,49.8571,0.263,-3.793,-3.5920680000000003,FWD,49.9,166.5,
10220,708,H.Gallagher,WBD,17,18,18,43.7647,0.263,-4.286,-4.126885,FWD,43.8,168.0,
2558,252,M.Walters,FRE,15,17,18,41.9333,0.263,-4.434,-4.289876,FWD,41.9,169.0,
8826,631,T.Membrey,STK,13,15,18,51.8462,0.263,-3.632,-3.214356,FWD,51.8,170.0,
4576,378,J.Peatling,GWS,11,14,18,50.3636,0.263,-3.752,-3.251774,FWD,50.4,171.0,
3352,299,J.Walter,GCS,11,12,18,32.9091,0.263,-5.164,-5.041179,FWD,32.9,172.0,
6919,514,C.Taylor,NTH,8,10,18,51.75,0.263,-3.64,-3.510341,FWD,51.8,173.0,
7471,543,T.Marshall,PTA,17,8,18,56.6471,0.263,-3.244,-3.1461639999999997,FWD,56.6,174.5,
11080,76,B.Reville,BRL,10,8,18,57.9,0.263,-3.143,-3.1587799999999997,FWD,57.9,174.5,
468,128,Z.Williams,CAR,16,7,18,66.625,0.263,-2.437,-2.219762,FWD,66.6,176.0,46.0
6246,476,T.Woewodin,MEL,13,4,18,26.3077,0.263,-5.698,-5.610158,FWD,26.3,177.0,
961,156,R.McInnes,COL,8,2,18,34.875,0.263,-5.005,-4.877708,FWD,34.9,178.0,
1576,19,B.Keays,ADE,18,158,19,77.7778,0.263,-1.536,-1.231183,FWD,77.2,1.0,1.0
10158,706,T.English,WBD,18,139,19,111.278,0.105,1.173,1.0919400000000001,RUC,103.4,1.0,1.0
10504,725,E.Richards,WBD,15,144,19,98.4667,0.263,0.137,0.14383800000000002,DEF,90.3,1.0,1.0
10578,730,A.Treloar,WBD,17,148,19,115.412,0.368,1.508,1.4678879999999999,MID,104.9,1.0,1.0
505,133,D.Cameron,COL,18,132,19,99.8333,0.105,0.248,0.232565,RUC,94.4,2.0,2.0
8827,631,T.Membrey,STK,14,154,19,59.1429,0.263,-3.042,-2.7795259999999997,FWD,59.1,2.0,
8940,639,J.Sinclair,STK,17,140,19,109.235,0.263,1.008,1.096631,DEF,100.3,2.0,2.0
10505,725,E.Richards,WBD,15,144,19,98.4667,0.368,0.137,-0.07607199999999999,MID,90.3,2.0,2.0
4967,400,J.Ginnivan,HAW,16,137,19,72.5,0.263,-1.962,-1.775007,FWD,72.5,3.0,
8783,629,R.Marshall,STK,18,123,19,106.833,0.105,0.814,0.8145249999999999,RUC,99.9,3.0,3.0
2413,242,C.Serong,FRE,18,140,19,117.778,0.368,1.699,1.555112,MID,108.5,3.5,3.5
6818,509,H.Sheezel,NTH,18,138,19,116.111,0.263,1.564,1.726534,DEF,107.2,3.5,3.0
8941,639,J.Sinclair,STK,17,140,19,109.235,0.368,1.008,0.9009119999999999,MID,100.3,3.5,3.5
11041,758,J.Hunt,WCE,15,138,19,66.0667,0.263,-2.483,-2.659999,DEF,66.1,3.5,
1307,177,S.Draper,ESS,11,116,19,70.4545,0.105,-2.128,-2.2141,RUC,70.5,4.0,4.0
11625,86,D.Zorko,BRL,18,129,19,109.611,0.263,1.039,1.397469,FWD,102.1,4.0,2.0
2883,27,R.O'Brien,ADE,16,115,19,90.375,0.105,-0.517,-0.581995,RUC,85.7,5.0,5.0
2934,273,S.Flanders,GCS,17,128,19,118.412,0.263,1.75,2.135558,FWD,107.1,5.0,3.0
4739,389,L.Whitfield,GWS,18,137,19,106.222,0.263,0.765,0.9472590000000001,DEF,99.4,5.0,4.0
11042,758,J.Hunt,WCE,15,138,19,66.0667,0.368,-2.483,-2.9301199999999996,MID,66.1,5.0,
2044,215,A.Brayshaw,FRE,18,137,19,105.611,0.368,0.715,0.712792,MID,99.0,6.0,5.0
2130,221,S.Darcy,FRE,10,112,19,98.3,0.105,0.124,0.04608999999999999,RUC,85.1,6.0,6.0
8281,594,D.Rioli,RIC,18,133,19,91.6667,0.263,-0.412,-0.41620799999999997,DEF,88.0,6.0,5.0
10362,718,R.Lobb,WBD,10,126,19,70.3,0.263,-2.14,-1.952744,FWD,70.3,6.0,
4602,379,H.Perryman,GWS,14,131,19,79.2857,0.263,-1.414,-1.5760079999999999,DEF,77.6,7.0,
7001,518,T.Xerri,NTH,18,109,19,111.833,0.105,1.218,1.2624149999999998,RUC,103.8,7.0,7.0
7270,530,C.Dixon,PTA,12,123,19,74.75,0.263,-1.78,-1.549086,FWD,74.8,7.0,4.0
11626,86,D.Zorko,BRL,18,129,19,109.611,0.368,1.039,0.940376,MID,102.1,7.0,6.0
2933,273,S.Flanders,GCS,17,128,19,118.412,0.368,1.75,1.7132,MID,107.1,8.0,7.0
6790,508,B.Scott,NTH,18,125,19,73.1111,0.263,-1.913,-2.04713,DEF,73.1,8.0,
9774,68,O.McInerney,BRL,17,107,19,94.4706,0.105,-0.186,-0.256035,RUC,89.4,8.0,8.0
10910,75,C.Rayner,BRL,18,122,19,77.3333,0.263,-1.572,-1.322676,FWD,76.8,8.0,5.0
5193,413,L.Meek,HAW,14,104,19,104.357,0.105,0.614,0.54197,RUC,92.9,9.0,
5741,451,S.May,MEL,17,124,19,91.2941,0.263,-0.443,-0.504805,DEF,87.0,9.0,6.0
6789,508,B.Scott,NTH,18,125,19,73.1111,0.368,-1.913,-2.305288,MID,73.1,9.0,
2501,249,J.Treacy,FRE,18,120,19,84.1667,0.263,-1.019,-0.7704649999999998,FWD,82.2,9.5,
9360,659,R.Fox,SYD,12,120,19,57.1667,0.263,-3.202,-3.245132,FWD,57.2,9.5,
3180,287,N.Moyle,GCS,7,98,19,93.2857,0.105,-0.282,-0.45430499999999996,RUC,80.6,10.0,
7188,524,J.Burgoyne,PTA,15,123,19,74.5333,0.368,-1.798,-1.997456,MID,74.5,10.0,
5348,425,J.Sicily,HAW,15,123,19,104.667,0.263,0.639,0.52328,DEF,94.3,10.5,7.0
7189,524,J.Burgoyne,PTA,15,123,19,74.5333,0.263,-1.798,-1.791425,DEF,74.5,10.5,
1599,190,K.Langford,ESS,18,119,19,79.7778,0.263,-1.374,-1.178854,FWD,78.7,11.0,6.0
2283,230,L.Jackson,FRE,18,96,19,99.8889,0.105,0.252,0.11980500000000004,RUC,94.5,11.0,9.0
9969,695,M.Bontempelli,WBD,18,122,19,125.444,0.368,2.319,2.348808,MID,114.5,11.5,8.5
10911,75,C.Rayner,BRL,18,122,19,77.3333,0.368,-1.572,-1.911664,MID,76.8,11.5,8.5
316,12,D.Fogarty,ADE,18,118,19,70.5,0.263,-2.124,-2.000916,FWD,70.5,12.0,
4095,342,T.Stewart,GEE,17,121,19,97.3529,0.263,0.047,0.026222999999999996,DEF,91.5,12.0,8.0
7645,556,J.Sweet,PTA,9,94,19,84.7778,0.105,-0.97,-1.03678,RUC,78.8,12.0,
4186,350,K.Briggs,GWS,18,88,19,94.0,0.105,-0.224,-0.29204,RUC,89.9,13.0,10.0
8972,640,J.Steele,STK,18,118,19,107.667,0.368,0.881,0.7720719999999999,MID,100.6,13.0,10.0
1308,177,S.Draper,ESS,11,116,19,70.4545,0.263,-2.128,-1.794516,FWD,70.5,13.5,7.0
3312,296,D.Swallow,GCS,16,116,19,46.25,0.263,-4.085,-4.047391,FWD,46.2,13.5,
4449,369,C.Idun,GWS,18,120,19,85.6667,0.263,-0.898,-0.9897870000000001,DEF,83.3,13.5,9.0
9359,659,R.Fox,SYD,12,120,19,57.1667,0.263,-3.202,-3.661198,DEF,57.2,13.5,
4346,362,T.Green,GWS,18,117,19,104.0,0.368,0.585,0.508088,MID,97.7,14.0,11.0
9719,677,H.McLean,SYD,18,78,19,70.1667,0.105,-2.151,-2.317005,RUC,70.2,14.0,11.0
52,100,T.De Koning,CAR,17,77,19,101.529,0.105,0.385,0.31570000000000004,RUC,94.6,15.0,12.0
3311,296,D.Swallow,GCS,16,116,19,46.25,0.368,-4.085,-4.8176879999999995,MID,46.2,15.0,
4426,368,J.Hogan,GWS,18,115,19,87.1667,0.263,-0.776,-0.388864,FWD,84.5,15.0,8.0
1689,194,A.McGrath,ESS,18,114,19,94.2222,0.263,-0.206,-0.19548,DEF,90.0,15.5,10.0
9855,685,M.Roberts,SYD,15,114,19,69.7333,0.263,-2.186,-2.056867,DEF,69.7,15.5,
7149,523,T.Boak,PTA,15,112,19,79.5333,0.263,-1.394,-1.187282,FWD,78.0,16.0,
9399,662,B.Grundy,SYD,18,72,19,111.389,0.105,1.182,1.08477,RUC,103.5,16.0,13.0
9556,67,H.McCluggage,BRL,18,115,19,98.6667,0.368,0.154,-0.082624,MID,93.5,16.0,12.0
2083,218,J.Clark,FRE,18,113,19,106.0,0.263,0.747,0.759098,DEF,99.3,17.0,11.0
3485,304,M.Blicavs,GEE,17,68,19,66.1176,0.105,-2.478,-2.612505,RUC,66.1,17.0,14.0
5094,409,C.Macdonald,HAW,18,109,19,70.3333,0.263,-2.138,-1.8415989999999998,FWD,70.3,17.5,9.0
5922,460,H.Petty,MEL,15,109,19,48.5333,0.263,-3.9,-3.700909,FWD,48.5,17.5,
9856,685,M.Roberts,SYD,15,114,19,69.7333,0.368,-2.186,-2.214704,MID,69.7,17.5,
11822,97,P.Cripps,CAR,18,114,19,110.889,0.368,1.142,1.007312,MID,103.1,17.5,13.0
4219,352,J.Buckley,GWS,16,111,19,77.9375,0.263,-1.523,-1.641876,DEF,77.0,18.0,
11358,777,J.Williams,WCE,13,62,19,49.2308,0.105,-3.844,-3.99604,RUC,49.2,18.0,
7619,552,C.Rozee,PTA,15,113,19,100.4,0.368,0.294,0.011744000000000004,MID,91.6,19.0,14.0
11327,776,B.Williams,WCE,18,60,19,66.6667,0.105,-2.434,-2.5684,RUC,66.7,19.0,
11492,799,L.Evans,PTA,5,110,19,77.4,0.263,-1.566,-1.922628,DEF,75.5,19.0,
5226,415,D.Moore,HAW,18,106,19,95.3333,0.263,-0.116,0.230371,FWD,90.9,19.5,10.5
11850,99,C.Curnow,CAR,18,106,19,86.7778,0.263,-0.808,-0.6601940000000001,FWD,84.2,19.5,10.5
7148,523,T.Boak,PTA,15,112,19,79.5333,0.368,-1.394,-1.7929119999999998,MID,78.0,20.0,
8148,588,B.Miller,RIC,16,59,19,77.125,0.105,-1.588,-1.7651350000000001,RUC,76.5,20.0,
393,124,A.Saad,CAR,13,109,19,86.0,0.263,-0.871,-0.91834,DEF,81.2,21.0,12.5
2599,255,H.Young,FRE,18,109,19,100.556,0.263,0.306,0.344924,DEF,95.0,21.0,12.5
5923,460,H.Petty,MEL,15,109,19,48.5333,0.263,-3.9,-4.110926,DEF,48.5,21.0,
7737,562,L.Baker,RIC,15,104,19,80.8,0.263,-1.291,-1.018532,FWD,78.8,21.0,12.0
8184,590,T.Nankervis,RIC,17,58,19,110.176,0.105,1.084,1.036855,RUC,101.0,21.0,15.0
112,106,G.Hewett,CAR,16,109,19,86.5,0.368,-0.83,-0.927888,MID,83.0,22.0,15.5
1335,178,S.Durham,ESS,17,109,19,90.2941,0.368,-0.523,-0.833224,MID,86.3,22.0,
2600,255,H.Young,FRE,18,109,19,100.556,0.368,0.306,0.135984,MID,95.0,22.0,15.5
11542,807,B.Teakle,NTH,6,56,19,51.1667,0.105,-3.687,-3.944775,RUC,51.2,22.0,
2559,252,M.Walters,FRE,16,101,19,45.625,0.263,-4.136,-4.07025,FWD,45.6,22.5,
9155,648,M.Wood,STK,13,101,19,84.8462,0.263,-0.964,-0.833026,FWD,80.6,22.5,13.0
1001,16,M.Hinge,ADE,17,108,19,99.2353,0.263,0.2,0.05087900000000001,DEF,92.9,23.0,14.0
1390,180,T.Goldstein,ESS,14,39,19,70.0,0.105,-2.164,-2.311525,RUC,70.0,23.0,16.0
837,150,N.Kreuger,COL,6,24,19,54.8333,0.105,-3.391,-3.57601,RUC,54.8,24.0,
1225,173,J.Caldwell,ESS,18,100,19,97.1111,0.263,0.028,0.242608,FWD,92.3,24.0,14.0
646,138,N.Daicos,COL,18,106,19,115.5,0.263,1.515,1.669118,DEF,106.7,24.5,15.0
4873,396,M.D'Ambrosio,HAW,17,106,19,83.4118,0.263,-1.08,-1.050544,DEF,81.2,24.5,
93,105,L.Fogarty,CAR,12,99,19,65.8333,0.263,-2.501,-2.4344609999999998,FWD,65.8,25.0,
1749,197,Z.Merrett,ESS,18,108,19,115.278,0.368,1.497,1.411256,MID,106.5,25.0,17.5
8748,626,Z.Jones,STK,8,108,19,50.75,0.368,-3.721,-3.927448,MID,50.8,25.0,
9422,663,E.Gulden,SYD,18,108,19,110.778,0.368,1.133,0.90852,MID,103.0,25.0,17.5
11512,80,H.Smith,BRL,1,20,19,20.0,0.105,-6.208,-6.268165,RUC,20.0,25.0,
8313,597,S.Ryan,RIC,6,15,19,40.1667,0.105,-4.577,-4.756340000000001,RUC,40.2,26.0,
5024,403,B.Hardwick,HAW,18,98,19,72.5,0.263,-1.962,-1.684798,FWD,72.5,26.5,
5385,429,N.Watson,HAW,11,98,19,62.9091,0.263,-2.738,-2.503667,FWD,62.9,26.5,
1712,195,B.McKay,ESS,18,104,19,67.8333,0.263,-2.34,-2.524889,DEF,67.8,27.0,
7736,562,L.Baker,RIC,15,104,19,80.8,0.263,-1.291,-1.352542,DEF,78.8,27.0,16.0
11007,757,B.Hough,WCE,18,104,19,64.8889,0.263,-2.578,-2.842052,DEF,64.9,27.0,
647,138,N.Daicos,COL,18,106,19,115.5,0.368,1.515,1.494392,MID,106.7,28.0,19.0
2284,230,L.Jackson,FRE,18,96,19,99.8889,0.263,0.252,0.421635,FWD,94.5,28.0,15.0
4872,396,M.D'Ambrosio,HAW,17,106,19,83.4118,0.368,-1.08,-1.253328,MID,81.2,28.0,
8222,592,D.Prestia,RIC,8,106,19,73.5,0.368,-1.881,-2.082664,MID,73.5,28.0,
9331,658,O.Florent,SYD,18,103,19,78.8889,0.263,-1.446,-1.560142,DEF,78.0,29.0,
3918,330,S.Mannagh,GEE,5,95,19,74.8,0.263,-1.776,-1.5535020000000002,FWD,74.8,29.5,
9445,665,W.Hayward,SYD,18,95,19,70.8333,0.263,-2.097,-1.9852249999999998,FWD,70.8,29.5,
5259,417,C.Nash,HAW,18,105,19,76.6667,0.368,-1.625,-2.020232,MID,76.3,30.0,20.0
1862,202,J.Ridley,ESS,8,102,19,111.25,0.263,1.171,1.0155669999999999,DEF,87.6,30.5,17.0
10740,739,T.Barrass,WCE,17,102,19,82.6471,0.263,-1.142,-1.200123,DEF,80.7,30.5,
4895,397,W.Day,HAW,12,104,19,101.667,0.368,0.396,-0.18875200000000003,MID,88.9,31.0,21.0
2994,276,N.Holman,GCS,16,93,19,52.0,0.263,-3.62,-3.444579,FWD,52.0,32.0,
4578,378,J.Peatling,GWS,12,93,19,53.9167,0.263,-3.465,-3.040255,FWD,53.9,32.0,
4811,393,L.Breust,HAW,12,93,19,40.1667,0.263,-4.577,-4.471274,FWD,40.2,32.0,
10981,754,R.Ginbey,WCE,18,103,19,69.7778,0.368,-2.182,-2.636848,MID,69.8,32.0,
2390,241,L.Ryan,FRE,18,99,19,119.056,0.263,1.802,1.8651200000000001,DEF,109.5,33.0,18.5
3754,320,Z.Guthrie,GEE,18,99,19,84.0,0.263,-1.032,-1.122998,DEF,82.0,33.0,
10064,702,B.Dale,WBD,18,99,19,100.056,0.263,0.266,0.22392,DEF,94.6,33.0,18.5
10347,717,T.Liberatore,WBD,12,102,19,106.0,0.368,0.747,0.522888,MID,91.2,33.0,22.0
4164,349,T.Bedford,GWS,18,92,19,61.8333,0.263,-2.825,-2.6729860000000003,FWD,61.8,34.0,
9154,648,M.Wood,STK,13,101,19,84.8462,0.368,-0.964,-1.46448,MID,80.6,34.0,23.0
1226,173,J.Caldwell,ESS,18,100,19,97.1111,0.368,0.028,-0.317552,MID,92.3,35.0,24.0
5023,403,B.Hardwick,HAW,18,98,19,72.5,0.263,-1.962,-2.03564,DEF,72.5,35.0,
6547,498,N.Larkey,NTH,18,91,19,61.8333,0.263,-2.825,-2.6808760000000005,FWD,61.8,36.0,
10114,704,S.Darcy,WBD,15,91,19,76.4,0.263,-1.647,-1.3577,FWD,75.9,36.0,
11160,765,R.Maric,WCE,15,91,19,40.4,0.263,-4.558,-4.441228,FWD,40.4,36.0,
5384,429,N.Watson,HAW,11,98,19,62.9091,0.368,-2.738,-3.1343360000000002,MID,62.9,36.5,
7679,560,O.Wines,PTA,17,98,19,94.5294,0.368,-0.181,-0.24650399999999997,MID,89.4,36.5,25.0
432,127,J.Weitering,CAR,16,97,19,76.0625,0.263,-1.674,-1.7807780000000002,DEF,75.7,37.0,
3194,289,W.Powell,GCS,13,97,19,93.0769,0.263,-0.298,-0.45027700000000004,DEF,85.2,37.0,20.5
5972,462,T.Rivers,MEL,18,97,19,87.5,0.263,-0.749,-0.854989,DEF,84.8,37.0,20.5
4305,357,B.Daniels,GWS,17,89,19,81.4118,0.263,-1.242,-0.792007,FWD,79.7,38.5,16.0
6399,483,L.Davies-Uniacke,NTH,18,97,19,109.667,0.368,1.043,0.89396,MID,102.1,38.5,26.5
10599,731,J.Ugle-Hagan,WBD,16,89,19,63.75,0.263,-2.67,-2.442242,FWD,63.8,38.5,
11133,762,T.Kelly,WCE,15,97,19,94.2667,0.368,-0.202,-0.406608,MID,87.6,38.5,26.5
7401,537,D.Houston,PTA,18,96,19,107.111,0.263,0.836,0.885181,DEF,100.1,39.0,22.0
3664,313,S.De Koning,GEE,17,95,19,70.1176,0.263,-2.155,-2.404587,DEF,70.1,40.0,
3919,330,S.Mannagh,GEE,5,95,19,74.8,0.368,-1.776,-2.162032,MID,74.8,40.0,
8902,638,C.Sharman,STK,13,88,19,49.5385,0.263,-3.819,-3.528385,FWD,49.5,40.5,
10661,733,C.Weightman,WBD,11,88,19,70.4545,0.263,-2.128,-1.946793,FWD,70.5,40.5,
411,126,S.Walsh,CAR,14,94,19,108.786,0.368,0.972,0.820384,MID,95.6,41.5,28.5
6655,503,C.McKercher,NTH,12,94,19,82.1667,0.263,-1.181,-1.1026259999999999,DEF,78.7,41.5,23.0
6656,503,C.McKercher,NTH,12,94,19,82.1667,0.368,-1.181,-1.286616,MID,78.7,41.5,28.5
7068,520,A.Aliir,PTA,17,94,19,77.2353,0.263,-1.579,-1.7567879999999998,DEF,76.7,41.5,
5780,453,T.McDonald,MEL,17,87,19,80.8235,0.263,-1.289,-1.087542,FWD,79.3,42.0,
9243,652,N.Blakey,SYD,18,91,19,98.2778,0.263,0.122,0.10332699999999999,DEF,93.2,43.0,24.0
4577,378,J.Peatling,GWS,12,93,19,53.9167,0.368,-3.465,-3.594904,MID,53.9,43.5,
7292,531,W.Drew,PTA,18,93,19,88.9444,0.368,-0.633,-0.864104,MID,85.9,43.5,
288,115,H.McKay,CAR,18,86,19,88.6667,0.263,-0.655,-0.441444,FWD,85.7,44.0,18.0
872,151,P.Lipinski,COL,18,86,19,79.2778,0.263,-1.414,-1.275399,FWD,78.3,44.0,18.0
7847,566,S.Bolton,RIC,17,86,19,82.2353,0.263,-1.175,-1.0600690000000002,FWD,80.3,44.0,18.0
339,120,N.Newman,CAR,18,90,19,98.0,0.263,0.1,0.19678400000000001,DEF,93.0,45.0,26.0
1661,193,N.Martin,ESS,18,90,19,103.056,0.263,0.508,0.59479,DEF,97.0,45.0,26.0
4403,367,H.Himmelberg,GWS,18,90,19,90.5556,0.263,-0.502,-0.5267219999999999,DEF,87.2,45.0,26.0
1827,20,R.Laird,ADE,18,91,19,105.111,0.368,0.675,0.473704,MID,98.6,45.5,30.0
2333,238,J.O'Meara,FRE,17,91,19,64.4706,0.368,-2.612,-3.0650079999999997,MID,64.5,45.5,
4484,370,D.Jones,GWS,7,84,19,62.2857,0.263,-2.788,-2.548933,FWD,62.3,46.0,
669,139,J.De Goey,COL,12,90,19,82.75,0.368,-1.133,-1.500264,MID,79.0,47.5,31.5
1660,193,N.Martin,ESS,18,90,19,103.056,0.368,0.508,0.402384,MID,97.0,47.5,31.5
8459,606,J.Battle,STK,18,89,19,81.3333,0.263,-1.248,-1.266936,DEF,80.0,47.5,
11585,84,D.Wilmot,BRL,18,89,19,83.6667,0.263,-1.059,-1.15368,DEF,81.8,47.5,
28,10,B.Dowling,ADE,6,83,19,71.0,0.263,-2.084,-1.989846,FWD,71.0,48.0,
6376,482,P.Curtis,NTH,18,83,19,57.8333,0.263,-3.148,-2.9665300000000006,FWD,57.8,48.0,
7023,519,C.Zurhaar,NTH,17,83,19,72.7059,0.263,-1.946,-1.83291,FWD,72.7,48.0,
5324,423,J.Scrimshaw,HAW,17,88,19,82.1176,0.263,-1.185,-1.2833620000000001,DEF,80.3,49.0,28.0
7230,526,Z.Butters,PTA,18,89,19,118.778,0.368,1.78,1.784416,MID,109.3,49.5,33.5
9919,690,C.Warner,SYD,18,89,19,105.0,0.368,0.666,0.457712,MID,98.5,49.5,33.5
11783,95,M.Cottrell,CAR,12,82,19,57.25,0.263,-3.195,-3.112418,FWD,57.2,50.0,
5779,453,T.McDonald,MEL,17,87,19,80.8235,0.263,-1.289,-1.42839,DEF,79.3,50.5,
5808,454,J.McVee,MEL,18,87,19,74.8333,0.263,-1.774,-2.024376,DEF,74.8,50.5,
3642,312,P.Dangerfield,GEE,9,88,19,83.6667,0.368,-1.059,-1.3677519999999999,MID,78.4,51.5,35.5
8028,581,J.Hopper,RIC,7,88,19,87.5714,0.368,-0.744,-1.298208,MID,78.8,51.5,35.5
1848,200,M.Redman,ESS,16,86,19,86.0,0.263,-0.871,-0.879942,DEF,82.7,52.0,29.0
7253,527,D.Byrne-Jones,PTA,18,80,19,63.7778,0.263,-2.668,-2.495998,FWD,63.8,52.0,
7359,535,M.Georgiades,PTA,14,80,19,67.4286,0.263,-2.372,-2.117679,FWD,67.4,52.0,
11235,770,H.Reid,WCE,15,80,19,82.6667,0.263,-1.14,-0.951692,FWD,80.0,52.0,20.0
5480,432,J.Worpel,HAW,18,87,19,90.4444,0.368,-0.511,-0.908072,MID,87.1,53.0,37.0
1270,174,N.Cox,ESS,17,83,19,52.0588,0.263,-3.615,-3.9569,DEF,52.1,53.5,
9623,674,T.McCartin,SYD,15,83,19,65.0667,0.263,-2.563,-2.807327,DEF,65.1,53.5,
5429,43,C.Ah Chee,BRL,17,79,19,65.0,0.263,-2.569,-2.405151,FWD,65.0,54.0,
873,151,P.Lipinski,COL,18,86,19,79.2778,0.368,-1.414,-1.91632,MID,78.3,55.0,38.5
7848,566,S.Bolton,RIC,17,86,19,82.2353,0.368,-1.175,-1.706024,MID,80.3,55.0,38.5
9720,677,H.McLean,SYD,18,78,19,70.1667,0.263,-2.151,-1.998197,FWD,70.2,55.0,21.0
10472,724,C.Poulter,WBD,4,86,19,45.5,0.368,-4.146,-4.30608,MID,45.5,55.0,
1024,160,D.Moore,COL,18,82,19,73.5,0.263,-1.881,-1.992775,DEF,73.5,55.5,30.0
2748,260,C.Ballard,GCS,18,82,19,64.7778,0.263,-2.587,-2.813969,DEF,64.8,55.5,
7046,52,J.Daniher,BRL,18,77,19,87.0,0.263,-0.79,-0.610108,FWD,84.4,56.5,22.5
8850,633,M.Owens,STK,18,77,19,62.5556,0.263,-2.766,-2.5658570000000003,FWD,62.6,56.5,22.5
4262,354,F.Callaghan,GWS,17,84,19,78.7647,0.368,-1.456,-1.7062400000000002,MID,77.8,57.0,40.0
4142,348,L.Ash,GWS,13,81,19,82.8462,0.263,-1.126,-1.1643979999999998,DEF,79.4,58.0,32.0
8335,598,J.Short,RIC,17,81,19,77.8235,0.263,-1.532,-1.536734,DEF,77.1,58.0,32.0
9010,643,N.Wanganeen-Milera,STK,17,81,19,100.235,0.263,0.28,0.313664,DEF,93.7,58.0,32.0
9193,649,T.Adams,SYD,14,76,19,72.7143,0.263,-1.945,-1.840063,FWD,72.7,58.0,24.0
29,10,B.Dowling,ADE,6,83,19,71.0,0.368,-2.084,-2.673168,MID,71.0,59.0,
606,137,J.Daicos,COL,18,83,19,85.5556,0.368,-0.907,-1.073336,MID,83.3,59.0,41.0
1269,174,N.Cox,ESS,17,83,19,52.0588,0.368,-3.615,-4.280344,MID,52.1,59.0,
3383,30,J.Rachele,ADE,18,75,19,62.6111,0.263,-2.762,-2.5631720000000002,FWD,62.6,60.0,25.0
6155,472,J.van Rooyen,MEL,16,75,19,65.375,0.263,-2.538,-2.457522,FWD,65.4,60.0,
8067,584,R.Mansell,RIC,16,75,19,63.1875,0.263,-2.715,-2.629525,FWD,63.2,60.0,
3728,315,M.Duncan,GEE,16,80,19,86.75,0.263,-0.81,-1.101404,DEF,83.2,61.0,35.0
4789,390,K.Amon,HAW,18,80,19,89.2778,0.263,-0.606,-0.592587,DEF,86.2,61.0,35.0
9597,671,J.Lloyd,SYD,18,80,19,82.1111,0.263,-1.185,-1.270475,DEF,80.6,61.0,35.0
5671,448,E.Langdon,MEL,17,82,19,78.2353,0.368,-1.499,-1.798184,MID,77.4,61.5,
11784,95,M.Cottrell,CAR,12,82,19,57.25,0.368,-3.195,-3.8338479999999997,MID,57.2,61.5,
3623,310,B.Close,GEE,18,72,19,67.3333,0.263,-2.38,-2.3529109999999998,FWD,67.3,62.5,
9484,666,I.Heeney,SYD,17,72,19,119.647,0.263,1.85,2.15245,FWD,108.0,62.5,26.0
5582,44,H.Andrews,BRL,18,79,19,84.6667,0.263,-0.979,-1.093142,DEF,82.6,63.5,37.5
8580,612,H.Clark,STK,7,81,19,72.1429,0.368,-1.991,-2.250808,MID,72.1,63.5,
9048,645,C.Wilkie,STK,18,79,19,89.0556,0.263,-0.624,-0.603486,DEF,86.0,63.5,37.5
11679,9,J.Dawson,ADE,18,81,19,99.9444,0.368,0.257,0.13445600000000002,MID,94.5,63.5,42.0
3147,283,J.Lukosius,GCS,18,71,19,70.7778,0.263,-2.102,-1.9881209999999998,FWD,70.8,64.5,
6512,49,S.Brain,BRL,5,71,19,38.4,0.263,-4.72,-4.438327,FWD,38.4,64.5,
5527,435,J.Bowey,MEL,10,78,19,59.6,0.263,-3.005,-3.1525429999999997,DEF,59.6,65.5,
6609,500,G.Logue,NTH,1,78,19,78.0,0.263,-1.518,-1.99403,DEF,75.1,65.5,
4788,390,K.Amon,HAW,18,80,19,89.2778,0.368,-0.606,-0.8047199999999999,MID,86.2,66.0,44.0
9598,671,J.Lloyd,SYD,18,80,19,82.1111,0.368,-1.185,-1.515096,MID,80.6,66.0,44.0
11234,770,H.Reid,WCE,15,80,19,82.6667,0.368,-1.14,-1.5591519999999999,MID,80.0,66.0,44.0
6090,47,Z.Bailey,BRL,13,69,19,68.9231,0.263,-2.252,-2.021086,FWD,68.9,67.0,27.0
6504,489,E.Ford,NTH,15,69,19,53.1333,0.263,-3.528,-3.4091240000000003,FWD,53.1,67.0,
8676,622,J.Higgins,STK,15,69,19,74.0667,0.263,-1.836,-1.70713,FWD,74.1,67.0,
2106,22,M.Michalanney,ADE,18,76,19,65.5556,0.263,-2.524,-2.709415,DEF,65.6,67.5,
10010,696,L.Bramble,WBD,18,76,19,71.2778,0.263,-2.061,-2.182506,DEF,71.3,67.5,
5428,43,C.Ah Chee,BRL,17,79,19,65.0,0.368,-2.569,-3.066904,MID,65.0,69.0,
5868,458,C.Oliver,MEL,18,79,19,86.3889,0.368,-0.839,-1.246376,MID,83.9,69.0,46.0
6887,512,D.Stephens,NTH,12,79,19,48.5,0.368,-3.903,-4.527864,MID,48.5,69.0,
5720,450,J.Lever,MEL,14,74,19,73.7143,0.263,-1.864,-2.106223,DEF,73.7,69.5,39.0
9025,644,J.Webster,STK,10,74,19,65.6,0.263,-2.52,-2.821924,DEF,65.6,69.5,
148,107,E.Hollands,CAR,16,68,19,73.625,0.263,-1.871,-1.624832,FWD,73.6,71.0,
1999,213,J.Amiss,FRE,17,68,19,51.8824,0.263,-3.63,-3.440377,FWD,51.9,71.0,
6327,480,C.Comben,NTH,15,68,19,81.6,0.263,-1.226,-1.124219,FWD,79.3,71.0,
8513,608,D.Butler,STK,11,68,19,40.9091,0.263,-4.517,-4.444412,FWD,40.9,71.0,
10326,716,B.Khamis,WBD,13,68,19,53.9231,0.263,-3.465,-3.414767,FWD,53.9,71.0,
7378,536,J.Horne-Francis,PTA,16,78,19,96.5,0.368,-0.022,-0.134608,MID,90.0,71.5,47.5
10420,72,L.Neale,BRL,17,78,19,120.059,0.368,1.883,1.8277999999999999,MID,108.3,71.5,47.5
3526,305,J.Bowes,GEE,15,73,19,82.8667,0.263,-1.124,-1.2015850000000001,DEF,80.1,72.0,
7875,567,N.Broad,RIC,17,73,19,62.8235,0.263,-2.745,-2.839943,DEF,62.8,72.0,
10135,705,T.Duryea,WBD,16,73,19,60.9375,0.263,-2.897,-3.1421159999999997,DEF,60.9,72.0,
5282,418,J.Newcombe,HAW,18,76,19,92.3889,0.368,-0.354,-0.395584,MID,88.6,74.0,49.5
9192,649,T.Adams,SYD,14,76,19,72.7143,0.368,-1.945,-2.51356,MID,72.7,74.0,49.5
10009,696,L.Bramble,WBD,18,76,19,71.2778,0.368,-2.061,-2.43452,MID,71.3,74.0,
4834,395,M.Chol,HAW,16,67,19,62.1875,0.263,-2.796,-2.5979609999999997,FWD,62.2,74.5,
7914,569,S.Campbell,RIC,16,67,19,50.75,0.263,-3.721,-3.607647,FWD,50.8,74.5,
2839,266,S.Collins,GCS,18,72,19,82.2222,0.263,-1.176,-1.357733,DEF,80.7,75.0,
3900,329,J.Kolodjashnij,GEE,17,72,19,68.1765,0.263,-2.312,-2.457439,DEF,68.2,75.0,
7108,522,M.Bergman,PTA,18,72,19,75.4444,0.263,-1.724,-1.800796,DEF,75.3,75.0,
7306,532,F.Evans,PTA,9,66,19,39.7778,0.263,-4.608,-4.434419999999999,FWD,39.8,76.0,
176,108,O.Hollands,CAR,17,75,19,55.6471,0.368,-3.325,-3.641848,MID,55.6,77.0,
1353,179,X.Duursma,ESS,13,75,19,78.7692,0.368,-1.455,-1.8414000000000001,MID,77.1,77.0,
6864,511,J.Simpkin,NTH,13,65,19,75.0769,0.263,-1.754,-1.426302,FWD,75.0,77.0,28.0
6980,517,G.Wardlaw,NTH,15,75,19,86.0667,0.368,-0.865,-1.1954639999999999,MID,82.2,77.0,51.0
3146,283,J.Lukosius,GCS,18,71,19,70.7778,0.263,-2.102,-2.3592139999999997,DEF,70.8,77.5,
3851,325,M.Holmes,GEE,18,71,19,101.778,0.263,0.405,0.356082,DEF,96.0,77.5,40.0
5559,439,K.Chandler,MEL,18,64,19,62.1111,0.263,-2.802,-2.6076430000000004,FWD,62.1,79.0,
8714,623,B.Hill,STK,17,64,19,76.2941,0.263,-1.656,-1.542384,FWD,76.0,79.0,
9527,667,J.Jordon,SYD,18,64,19,72.1667,0.263,-1.989,-1.8927420000000001,FWD,72.2,79.0,29.0
11742,93,A.Cerra,CAR,10,74,19,90.3,0.368,-0.523,-1.0742639999999999,MID,81.7,79.0,52.0
3525,305,J.Bowes,GEE,15,73,19,82.8667,0.368,-1.124,-1.4437920000000002,MID,80.1,80.0,
7520,547,J.Mead,PTA,18,63,19,62.8333,0.263,-2.744,-2.6190750000000005,FWD,62.8,81.5,
10182,707,J.Freijah,WBD,10,63,19,62.8,0.263,-2.747,-2.429559,FWD,62.8,81.5,
12,1,S.Berry,ADE,13,72,19,60.6923,0.368,-2.917,-3.318488,MID,60.7,82.0,
2775,263,C.Budarick,GCS,5,70,19,55.6,0.263,-3.329,-3.373184,DEF,55.6,82.0,41.5
7109,522,M.Bergman,PTA,18,72,19,75.4444,0.368,-1.724,-2.03864,MID,75.3,82.0,
8164,59,D.Joyce,BRL,3,70,19,56.3333,0.263,-3.27,-3.668445,DEF,56.3,82.0,
8406,602,J.Trezise,RIC,3,70,19,51.6667,0.263,-3.647,-3.789809,DEF,51.7,82.0,
8551,61,R.Lester,BRL,18,70,19,73.7778,0.263,-1.859,-2.070452,DEF,73.8,82.0,
9280,654,B.Campbell,SYD,16,70,19,45.625,0.263,-4.136,-4.332724000000001,DEF,45.6,82.0,
9483,666,I.Heeney,SYD,17,72,19,119.647,0.368,1.85,1.6906560000000002,MID,108.0,82.0,53.0
10926,750,H.Edwards,WCE,5,70,19,65.8,0.263,-2.504,-2.970036,DEF,65.8,82.0,
11383,778,A.Witherden,WCE,15,70,19,68.6,0.263,-2.278,-2.441586,DEF,68.6,82.0,41.5
2453,246,S.Sturt,FRE,8,62,19,51.375,0.263,-3.671,-3.502154,FWD,51.4,83.5,
11357,777,J.Williams,WCE,13,62,19,49.2308,0.263,-3.844,-3.617294,FWD,49.2,83.5,
1064,163,S.Pendlebury,COL,15,71,19,84.9333,0.368,-0.957,-1.2219600000000002,MID,81.5,85.5,54.5
3850,325,M.Holmes,GEE,18,71,19,101.778,0.368,0.405,0.113544,MID,96.0,85.5,54.5
4748,39,Z.Taylor,ADE,4,71,19,48.25,0.368,-3.923,-4.7031600000000005,MID,48.2,85.5,
6292,48,J.Berry,BRL,18,71,19,88.4444,0.368,-0.673,-1.157288,MID,85.5,85.5,
362,122,M.Owies,CAR,18,61,19,54.0556,0.263,-3.454,-3.33039,FWD,54.1,86.0,
9926,691,C.Warner,SYD,3,61,19,41.3333,0.263,-4.483,-4.656054,FWD,41.3,86.0,
10431,720,L.McNeil,WBD,6,61,19,58.6667,0.263,-3.081,-2.852716,FWD,58.7,86.0,
6326,480,C.Comben,NTH,15,68,19,81.6,0.263,-1.226,-1.4734829999999999,DEF,79.3,87.0,
6627,502,L.McDonald,NTH,17,68,19,66.0,0.263,-2.488,-2.671574,DEF,66.0,87.0,
10327,716,B.Khamis,WBD,13,68,19,53.9231,0.263,-3.465,-3.8282030000000002,DEF,53.9,87.0,
3273,295,A.Sexton,GCS,12,60,19,78.3333,0.263,-1.491,-1.358448,FWD,76.7,88.0,30.0
9279,654,B.Campbell,SYD,16,70,19,45.625,0.368,-4.136,-4.5982080000000005,MID,45.6,88.5,
9803,682,L.Parker,SYD,2,70,19,63.0,0.368,-2.731,-2.928616,MID,63.0,88.5,56.0
236,110,M.Kennedy,CAR,18,59,19,73.2222,0.263,-1.904,-1.6052319999999998,FWD,73.2,90.0,
1185,172,N.Caddy,ESS,5,59,19,50.8,0.263,-3.717,-3.563408,FWD,50.8,90.0,
1549,189,J.Kelly,ESS,16,67,19,66.9375,0.263,-2.412,-2.708927,DEF,66.9,90.0,
1620,191,J.Laverde,ESS,16,67,19,66.4375,0.263,-2.453,-2.6192159999999998,DEF,66.4,90.0,
8147,588,B.Miller,RIC,16,59,19,77.125,0.263,-1.588,-1.474384,FWD,76.5,90.0,
8498,607,R.Bonner,STK,17,67,19,76.2941,0.263,-1.656,-1.813537,DEF,76.0,90.0,43.0
6091,47,Z.Bailey,BRL,13,69,19,68.9231,0.368,-2.252,-2.6395039999999996,MID,68.9,90.5,57.5
7441,54,J.Dunkley,BRL,18,69,19,112.833,0.368,1.299,1.1554799999999998,MID,104.6,90.5,57.5
8018,58,E.Hipwood,BRL,17,58,19,66.1176,0.263,-2.478,-2.3393990000000002,FWD,66.1,93.0,
9088,646,D.Wilson,STK,18,58,19,63.4444,0.263,-2.695,-2.476973,FWD,63.4,93.0,
10450,721,A.Naughton,WBD,14,58,19,72.8571,0.263,-1.933,-1.784142,FWD,72.9,93.0,31.0
577,136,J.Crisp,COL,18,66,19,89.1667,0.263,-0.615,-0.721778,DEF,86.1,93.5,44.0
2682,258,M.Andrew,GCS,15,66,19,79.8,0.263,-1.372,-1.649728,DEF,78.1,93.5,
5070,406,C.Jiath,HAW,9,66,19,58.2222,0.263,-3.117,-3.373951,DEF,58.2,93.5,
10792,744,T.Cole,WCE,18,66,19,66.2222,0.263,-2.47,-2.637531,DEF,66.2,93.5,
149,107,E.Hollands,CAR,16,68,19,73.625,0.368,-1.871,-2.2242800000000003,MID,73.6,94.0,
1875,205,D.Shiel,ESS,4,68,19,74.5,0.368,-1.801,-2.118584,MID,74.5,94.0,
3486,304,M.Blicavs,GEE,17,68,19,66.1176,0.368,-2.478,-2.869184,MID,66.1,94.0,59.0
4472,37,J.Soligo,ADE,18,68,19,82.2778,0.368,-1.172,-1.482592,MID,80.7,94.0,
5361,428,J.Ward,HAW,8,68,19,53.5,0.368,-3.499,-4.0922160000000005,MID,53.5,94.0,
293,119,J.Motlop,CAR,1,57,19,57.0,0.263,-3.216,-3.5068780000000004,FWD,57.0,97.0,
1513,188,H.Jones,ESS,16,57,19,56.375,0.263,-3.266,-3.106622,FWD,56.4,97.0,
3353,299,J.Walter,GCS,12,57,19,34.9167,0.263,-5.001,-4.921048,FWD,34.9,97.0,
3789,323,J.Henry,GEE,18,65,19,61.5,0.263,-2.852,-2.926166,DEF,61.5,97.0,
4368,363,T.Greene,GWS,17,57,19,79.5882,0.263,-1.389,-1.170447,FWD,78.4,97.0,32.0
8735,625,D.Howard,STK,10,65,19,58.0,0.263,-3.135,-3.340929,DEF,58.0,97.0,
8806,63,K.Lohmann,BRL,18,57,19,67.3889,0.263,-2.376,-2.113,FWD,67.4,97.0,
9748,678,L.Melican,SYD,18,65,19,52.1667,0.263,-3.607,-3.877627,DEF,52.2,97.0,
1550,189,J.Kelly,ESS,16,67,19,66.9375,0.368,-2.412,-3.023984,MID,66.9,98.0,
6178,474,J.Viney,MEL,18,67,19,90.0556,0.368,-0.543,-0.902168,MID,86.8,98.0,60.5
8497,607,R.Bonner,STK,17,67,19,76.2941,0.368,-1.656,-2.081776,MID,76.0,98.0,60.5
578,136,J.Crisp,COL,18,66,19,89.1667,0.368,-0.615,-0.978584,MID,86.1,100.5,62.0
2519,250,C.Wagner,FRE,7,64,19,60.5714,0.263,-2.927,-3.0782249999999998,DEF,60.6,100.5,
5056,405,J.Impey,HAW,18,64,19,83.5,0.263,-1.073,-1.159264,DEF,81.7,100.5,
7801,564,S.Banks,RIC,10,64,19,37.3,0.263,-4.809,-4.915778,DEF,37.3,100.5,
7958,574,T.Dow,RIC,15,66,19,62.6,0.368,-2.763,-3.3698319999999997,MID,62.6,100.5,
8988,641,L.Stocker,STK,11,64,19,52.2727,0.263,-3.598,-3.865734,DEF,52.3,100.5,
962,156,R.McInnes,COL,9,56,19,37.2222,0.263,-4.815,-4.737678,FWD,37.2,101.5,
3015,277,B.Humphrey,GCS,16,56,19,51.5625,0.263,-3.655,-3.56032,FWD,51.6,101.5,33.0
4946,40,R.Thilthorpe,ADE,2,56,19,47.0,0.263,-4.024,-3.17977,FWD,47.0,101.5,
6219,475,C.Windsor,MEL,18,56,19,60.5,0.263,-2.933,-2.793347,FWD,60.5,101.5,
6865,511,J.Simpkin,NTH,13,65,19,75.0769,0.368,-1.754,-1.9803199999999999,MID,75.0,102.0,63.0
3869,326,L.Humphries,GEE,4,61,19,81.5,0.263,-1.235,-1.438825,DEF,76.1,103.0,
2022,214,B.Banfield,FRE,18,55,19,64.6667,0.263,-2.596,-2.473705,FWD,64.7,104.0,
7800,564,S.Banks,RIC,10,64,19,37.3,0.368,-4.809,-5.1431439999999995,MID,37.3,104.0,
8715,623,B.Hill,STK,17,64,19,76.2941,0.368,-1.656,-2.202848,MID,76.0,104.0,
9528,667,J.Jordon,SYD,18,64,19,72.1667,0.368,-1.989,-2.571912,MID,72.2,104.0,64.0
3274,295,A.Sexton,GCS,12,60,19,78.3333,0.263,-1.491,-1.711394,DEF,76.7,105.0,45.0
3388,300,L.Weller,GCS,1,60,19,60.0,0.263,-2.973,-3.14395,DEF,60.0,105.0,
7702,561,B.Zerk-Thatcher,PTA,18,60,19,60.1667,0.263,-2.96,-3.081769,DEF,60.2,105.0,
6048,468,T.Sparrow,MEL,18,54,19,65.0556,0.263,-2.564,-2.397521,FWD,65.1,105.5,
7994,578,S.Green,RIC,4,54,19,37.0,0.263,-4.833,-4.739898,FWD,37.0,105.5,
7521,547,J.Mead,PTA,18,63,19,62.8333,0.368,-2.744,-3.305568,MID,62.8,106.5,
10181,707,J.Freijah,WBD,10,63,19,62.8,0.368,-2.747,-3.017848,MID,62.8,106.5,
2353,239,A.Pearce,FRE,15,59,19,68.3333,0.263,-2.299,-2.478366,DEF,68.3,107.5,
5457,430,J.Weddle,HAW,18,59,19,69.8333,0.263,-2.178,-2.2569,DEF,69.8,107.5,
1138,168,S.Sidebottom,COL,17,62,19,74.4118,0.368,-1.808,-2.17784,MID,74.4,108.0,
2473,247,S.Switkowski,FRE,15,53,19,74.8,0.263,-1.776,-1.501165,FWD,74.8,108.5,
5825,456,A.Moniz-Wakefield,MEL,4,53,19,56.75,0.263,-3.236,-3.1649900000000004,FWD,56.8,108.5,
7771,563,N.Balta,RIC,14,53,19,67.0,0.263,-2.407,-2.342828,FWD,67.0,108.5,
11725,91,J.Carroll,CAR,12,53,19,39.8333,0.263,-4.604,-4.471711,FWD,39.8,108.5,
3868,326,L.Humphries,GEE,4,61,19,81.5,0.368,-1.235,-1.727384,MID,76.1,109.0,
8342,599,K.Smith,RIC,2,57,19,31.0,0.263,-5.318,-5.889236,DEF,31.0,109.0,
2719,26,L.Nankervis,ADE,15,56,19,71.3333,0.263,-2.057,-2.227161,DEF,71.3,110.0,
4705,386,C.Ward,GWS,13,60,19,78.2308,0.368,-1.499,-1.9049040000000002,MID,76.8,110.0,65.0
6004,463,C.Salem,MEL,14,55,19,75.8571,0.263,-1.691,-1.710988,DEF,75.5,111.0,46.0
237,110,M.Kennedy,CAR,18,59,19,73.2222,0.368,-1.904,-2.178528,MID,73.2,111.5,
2662,257,N.Anderson,GCS,18,59,19,107.222,0.368,0.845,0.677192,MID,100.2,111.5,66.0
1099,165,J.Richards,COL,7,52,19,63.1429,0.263,-2.719,-2.6927,FWD,63.1,112.0,
9221,650,J.Amartey,SYD,18,52,19,54.3889,0.263,-3.427,-3.259206,FWD,54.4,112.0,
11270,772,L.Ryan,WCE,12,52,19,56.4167,0.263,-3.263,-3.115983,FWD,56.4,112.0,
3336,298,B.Uwland,GCS,16,54,19,71.1875,0.263,-2.068,-2.181879,DEF,71.2,112.5,
11755,94,A.Cincotta,CAR,11,54,19,49.2727,0.263,-3.841,-4.145817,DEF,49.3,112.5,
5888,46,W.Ashcroft,BRL,4,58,19,69.25,0.368,-2.225,-2.194456,MID,69.2,113.5,
9089,646,D.Wilson,STK,18,58,19,63.4444,0.368,-2.695,-3.1145199999999997,MID,63.4,113.5,
748,145,B.Hill,COL,18,51,19,57.0556,0.263,-3.211,-2.921963,FWD,57.1,115.5,
807,147,J.Howe,COL,14,53,19,76.6429,0.263,-1.627,-1.6351529999999999,DEF,76.0,115.5,
931,154,B.Maynard,COL,18,53,19,82.5,0.263,-1.154,-1.369923,DEF,80.9,115.5,47.0
2365,24,L.Murphy,ADE,12,51,19,55.25,0.263,-3.357,-3.196307,FWD,55.2,115.5,
5816,455,J.Melksham,MEL,3,51,19,68.6667,0.263,-2.272,-2.5207979999999997,FWD,68.7,115.5,
7770,563,N.Balta,RIC,14,53,19,67.0,0.263,-2.407,-2.727071,DEF,67.0,115.5,
9645,675,L.McDonald,SYD,18,51,19,64.1111,0.263,-2.641,-2.500821,FWD,64.1,115.5,
10043,700,N.Coffield,WBD,5,53,19,39.8,0.263,-4.607,-4.941273,DEF,39.8,115.5,
2436,243,J.Sharp,FRE,18,56,19,68.6111,0.368,-2.277,-2.6755440000000004,MID,68.6,117.0,
2720,26,L.Nankervis,ADE,15,56,19,71.3333,0.368,-2.057,-2.497496,MID,71.3,117.0,
4114,343,Z.Tuohy,GEE,14,56,19,67.9286,0.368,-2.332,-2.8611839999999997,MID,67.9,117.0,
6218,475,C.Windsor,MEL,18,56,19,60.5,0.368,-2.933,-3.478008,MID,60.5,117.0,
10705,735,B.Williams,WBD,18,56,19,76.1667,0.368,-1.666,-2.02664,MID,75.9,117.0,
2538,251,B.Walker,FRE,14,52,19,57.4286,0.263,-3.181,-3.326176,DEF,57.4,118.0,
2811,265,S.Clohesy,GCS,15,50,19,71.4667,0.263,-2.046,-2.254559,DEF,71.5,119.0,
1898,206,J.Stringer,ESS,18,50,19,63.3889,0.263,-2.699,-2.533836,FWD,63.4,119.5,
4684,385,H.Thomas,GWS,18,50,19,57.5,0.263,-3.175,-3.155801,FWD,57.5,119.5,
7599,551,W.Rioli,PTA,12,50,19,58.0833,0.263,-3.128,-2.911814,FWD,58.1,119.5,
8371,6,B.Cook,ADE,14,50,19,50.0,0.263,-3.782,-3.6768,FWD,50.0,119.5,
6005,463,C.Salem,MEL,14,55,19,75.8571,0.368,-1.691,-1.9279920000000002,MID,75.5,120.0,67.0
8252,593,H.Ralphsmith,RIC,13,49,19,55.0769,0.263,-3.371,-3.694227,DEF,55.1,120.0,
6049,468,T.Sparrow,MEL,18,54,19,65.0556,0.368,-2.564,-3.057488,MID,65.1,121.0,
6955,516,D.Tucker,NTH,18,48,19,69.0,0.263,-2.245,-2.5037920000000002,DEF,69.0,121.0,
11726,91,J.Carroll,CAR,12,53,19,39.8333,0.368,-4.604,-5.208992,MID,39.8,122.0,
4324,36,B.Smith,ADE,15,46,19,63.6667,0.263,-2.677,-2.88477,DEF,63.7,122.5,
4327,360,J.Fonti,GWS,3,46,19,46.3333,0.263,-4.078,-4.640294000000001,DEF,46.3,122.5,
2231,228,N.Fyfe,FRE,18,49,19,71.1667,0.263,-2.07,-1.9198269999999997,FWD,71.2,123.0,34.5
3245,293,M.Rowell,GCS,18,51,19,102.0,0.368,0.423,0.23900000000000002,MID,96.1,123.0,68.0
5845,457,A.Neal-Bullen,MEL,18,49,19,83.0,0.263,-1.113,-0.818966,FWD,81.3,123.0,34.5
10683,734,R.West,WBD,17,49,19,67.7059,0.263,-2.35,-2.226653,FWD,67.7,123.0,
913,153,O.Markov,COL,12,45,19,47.0,0.263,-4.024,-4.333551,DEF,47.0,124.0,
2810,265,S.Clohesy,GCS,15,50,19,71.4667,0.368,-2.046,-2.53912,MID,71.5,125.0,
4683,385,H.Thomas,GWS,18,50,19,57.5,0.368,-3.175,-3.90916,MID,57.5,125.0,
8372,6,B.Cook,ADE,14,50,19,50.0,0.368,-3.782,-4.403919999999999,MID,50.0,125.0,
2115,220,B.Cox,FRE,4,44,19,55.5,0.263,-3.337,-3.3317400000000004,DEF,55.5,126.0,48.0
7658,559,D.Williams,PTA,5,44,19,42.6,0.263,-4.38,-4.716377,DEF,42.6,126.0,
11560,81,B.Starcevich,BRL,13,44,19,53.3846,0.263,-3.508,-3.729446,DEF,53.4,126.0,
1407,181,J.Gresham,ESS,17,48,19,61.4706,0.263,-2.854,-2.748537,FWD,61.5,126.5,36.0
4073,340,T.Stengle,GEE,18,48,19,72.0556,0.263,-1.998,-1.7773430000000001,FWD,72.1,126.5,
4627,381,J.Riccardi,GWS,18,48,19,59.2778,0.263,-3.032,-2.922592,FWD,59.3,126.5,
10716,736,O.Allen,WCE,6,48,19,49.6667,0.263,-3.809,-3.542844,FWD,49.7,126.5,
2230,228,N.Fyfe,FRE,18,49,19,71.1667,0.368,-2.07,-2.573792,MID,71.2,127.5,69.0
8253,593,H.Ralphsmith,RIC,13,49,19,55.0769,0.368,-3.371,-4.012424,MID,55.1,127.5,
1087,164,I.Quaynor,COL,18,43,19,58.8333,0.263,-3.067,-3.3129049999999998,DEF,58.8,128.5,49.0
1372,18,M.Keane,ADE,17,43,19,77.1765,0.263,-1.584,-1.689463,DEF,76.6,128.5,
6954,516,D.Tucker,NTH,18,48,19,69.0,0.368,-2.245,-2.805832,MID,69.0,129.5,
8111,587,K.McIntosh,RIC,17,48,19,46.8824,0.368,-4.034,-4.687568,MID,46.9,129.5,
963,157,D.McStay,COL,1,47,19,47.0,0.263,-4.024,-3.583212,FWD,47.0,130.0,
5949,461,K.Pickett,MEL,16,47,19,72.4375,0.263,-1.967,-1.7395049999999999,FWD,72.4,130.0,37.0
6603,50,C.Cameron,BRL,18,47,19,57.2778,0.263,-3.193,-3.017053,FWD,57.3,130.0,
2060,217,H.Chapman,FRE,11,41,19,69.4545,0.263,-2.209,-2.347601,DEF,69.5,131.0,
6263,477,J.Archer,NTH,10,41,19,41.8,0.263,-4.445,-4.6711800000000006,DEF,41.8,131.0,
7896,568,T.Brown,RIC,16,41,19,57.875,0.263,-3.145,-3.437982,DEF,57.9,131.0,
4050,34,L.Sholl,ADE,15,46,19,85.2,0.368,-0.935,-1.25884,MID,81.7,131.5,
10542,726,R.Sanders,WBD,14,46,19,62.9286,0.368,-2.736,-3.2298560000000003,MID,62.9,131.5,70.0
10543,726,R.Sanders,WBD,14,46,19,62.9286,0.263,-2.736,-2.566102,FWD,62.9,132.0,38.0
4932,399,S.Frost,HAW,18,39,19,49.2778,0.263,-3.84,-4.15034,DEF,49.3,133.0,
5508,434,J.Billings,MEL,12,45,19,54.75,0.368,-3.398,-3.847328,MID,54.8,133.0,71.0
5509,434,J.Billings,MEL,12,45,19,54.75,0.263,-3.398,-3.1860220000000004,FWD,54.8,133.0,39.0
7452,540,O.Lord,PTA,6,43,19,42.1667,0.263,-4.415,-4.320057,FWD,42.2,134.0,
783,146,W.Hoskin-Elliott,COL,15,38,19,65.3333,0.263,-2.542,-2.7324119999999996,DEF,65.3,134.5,
6484,488,Z.Fisher,NTH,16,38,19,84.6875,0.263,-0.977,-1.04801,DEF,81.7,134.5,50.0
8660,621,L.Henry,STK,12,42,19,62.0,0.368,-2.811,-3.3118479999999995,MID,62.0,135.0,
10951,751,L.Edwards,WCE,11,42,19,42.1818,0.368,-4.414,-5.057632,MID,42.2,135.0,
11285,774,Z.Trew,WCE,3,42,19,52.6667,0.368,-3.566,-4.282864,MID,52.7,135.0,
11800,96,L.Cowan,CAR,12,37,19,59.1667,0.263,-3.04,-3.2235739999999997,DEF,59.2,136.0,
5604,441,B.Fritsch,MEL,18,42,19,56.2222,0.263,-3.279,-3.173274,FWD,56.2,136.5,
8661,621,L.Henry,STK,12,42,19,62.0,0.263,-2.811,-2.644521,FWD,62.0,136.5,
10952,751,L.Edwards,WCE,11,42,19,42.1818,0.263,-4.414,-4.310904,FWD,42.2,136.5,
11196,767,J.Petruccelle,WCE,13,42,19,52.1538,0.263,-3.608,-3.514898,FWD,52.2,136.5,
11654,87,B.Acres,CAR,18,41,19,92.3333,0.368,-0.359,-0.601512,MID,88.6,137.0,72.0
4287,356,I.Cumming,GWS,4,36,19,66.75,0.263,-2.427,-2.616097,DEF,66.8,137.5,
11118,761,J.Jones,WCE,11,36,19,47.0,0.263,-4.024,-4.333551,DEF,47.0,137.5,
6744,507,T.Powell,NTH,18,39,19,77.1667,0.368,-1.585,-1.854376,MID,76.7,138.0,73.0
782,146,W.Hoskin-Elliott,COL,15,38,19,65.3333,0.368,-2.542,-3.0067839999999997,MID,65.3,139.0,
824,15,E.Himmelberg,ADE,8,41,19,59.75,0.263,-2.993,-2.958284,FWD,59.8,139.0,
1044,162,J.Noble,COL,15,35,19,78.0,0.263,-1.518,-1.6329310000000001,DEF,77.0,139.5,
10639,732,L.Vandermeer,WBD,18,35,19,49.2778,0.263,-3.84,-4.165857,DEF,49.3,139.5,
3702,314,O.Dempsey,GEE,18,37,19,72.9444,0.368,-1.926,-2.236592,MID,72.9,140.0,
67,103,S.Durdin,CAR,1,33,19,33.0,0.263,-5.156,-5.551026,DEF,33.0,141.0,
2190,227,M.Frederick,FRE,15,40,19,48.2667,0.263,-3.922,-3.751839,FWD,48.3,141.0,
4240,353,A.Cadman,GWS,16,40,19,47.9375,0.263,-3.949,-3.8385399999999996,FWD,47.9,141.0,
11527,804,J.Hutchinson,WCE,5,40,19,39.2,0.263,-4.655,-4.348079,FWD,39.2,141.0,
4288,356,I.Cumming,GWS,4,36,19,66.75,0.368,-2.427,-2.891048,MID,66.8,141.5,
7562,55,J.Fletcher,BRL,18,36,19,64.3889,0.368,-2.618,-3.105232,MID,64.4,141.5,
7582,550,E.Ratugolea,PTA,15,29,19,59.9333,0.263,-2.979,-3.2472600000000003,DEF,59.9,142.0,
4011,337,B.Parfitt,GEE,9,35,19,71.2222,0.368,-2.066,-2.49472,MID,71.2,143.0,
6743,507,T.Powell,NTH,18,39,19,77.1667,0.263,-1.585,-1.289125,FWD,76.7,143.0,40.0
3049,279,L.Johnston,GCS,5,28,19,47.0,0.263,-4.024,-4.341441,DEF,47.0,143.5,
6353,481,A.Corr,NTH,18,28,19,64.2778,0.263,-2.627,-2.8292469999999996,DEF,64.3,143.5,
4545,377,X.O'Halloran,GWS,13,34,19,57.1538,0.368,-3.203,-3.926488,MID,57.2,144.0,
6485,488,Z.Fisher,NTH,16,38,19,84.6875,0.263,-0.977,-0.720838,FWD,81.7,144.0,41.0
6128,471,D.Turner,MEL,10,26,19,45.6,0.263,-4.138,-4.512512,DEF,45.6,145.0,
3701,314,O.Dempsey,GEE,18,37,19,72.9444,0.263,-1.926,-1.650639,FWD,72.9,145.5,
4516,376,T.McMullin,GWS,9,37,19,41.4444,0.263,-4.474,-4.323564,FWD,41.4,145.5,
8529,609,R.Byrnes,STK,11,32,19,58.3636,0.368,-3.105,-3.558008,MID,58.4,145.5,
11445,781,L.Sullivan,COL,9,32,19,56.2222,0.368,-3.279,-3.960904,MID,56.2,145.5,
1804,2,H.Bond,ADE,2,25,19,35.5,0.263,-4.954,-5.034741,DEF,35.5,147.0,
6585,5,J.Butts,ADE,15,25,19,53.8667,0.263,-3.469,-3.736734,DEF,53.9,147.0,
9823,683,D.Rampe,SYD,15,25,19,58.7333,0.263,-3.076,-3.3658259999999998,DEF,58.7,147.0,
11532,806,N.Long,COL,3,31,19,32.3333,0.368,-5.21,-5.600816,MID,32.3,147.0,
3810,324,O.Henry,GEE,16,36,19,48.1875,0.263,-3.928,-3.716548,FWD,48.2,147.5,
11117,761,J.Jones,WCE,11,36,19,47.0,0.263,-4.024,-3.911699,FWD,47.0,147.5,
3882,328,M.Knevitt,GEE,3,29,19,36.3333,0.368,-4.887,-5.647656,MID,36.3,148.5,
10773,743,C.Chesser,WCE,17,29,19,44.2353,0.368,-4.248,-4.881696,MID,44.2,148.5,
3100,282,B.Long,GCS,12,22,19,56.8333,0.263,-3.229,-3.4159930000000003,DEF,56.8,149.0,
3040,278,J.Jeffrey,GCS,10,19,19,69.4,0.263,-2.213,-2.490202,DEF,69.4,150.0,
3069,280,B.King,GCS,17,35,19,61.0,0.263,-2.892,-2.7765429999999998,FWD,61.0,150.0,
3568,307,J.Cameron,GEE,17,35,19,82.7059,0.263,-1.137,-0.801412,FWD,80.7,150.0,42.0
5174,411,F.Maginness,HAW,9,25,19,49.6667,0.368,-3.809,-4.468456,MID,49.7,150.0,
10640,732,L.Vandermeer,WBD,18,35,19,49.2778,0.263,-3.84,-3.746898,FWD,49.3,150.0,
6835,510,L.Shiels,NTH,13,24,19,45.1538,0.368,-4.174,-4.725632000000001,MID,45.2,151.0,
1977,212,J.Aish,FRE,18,17,19,66.6111,0.263,-2.439,-2.760386,DEF,66.6,152.0,
2968,275,W.Graham,GCS,12,17,19,59.25,0.263,-3.034,-3.1547169999999998,DEF,59.2,152.0,
10824,746,J.Culley,WCE,2,22,19,34.5,0.368,-5.035,-5.418824000000001,MID,34.5,152.0,
11257,771,J.Rotham,WCE,12,17,19,43.5833,0.263,-4.301,-4.668148,DEF,43.6,152.0,
1795,199,A.Perkins,ESS,15,21,19,68.0667,0.368,-2.321,-2.90428,MID,68.1,153.0,
4546,377,X.O'Halloran,GWS,13,34,19,57.1538,0.263,-3.203,-3.176437,FWD,57.2,153.0,
4909,398,C.Dear,HAW,10,34,19,45.1,0.263,-4.178,-3.920523,FWD,45.1,153.0,
10815,745,J.Cripps,WCE,18,34,19,73.5556,0.263,-1.877,-1.6523979999999998,FWD,73.6,153.0,
9308,656,H.Cunningham,SYD,15,12,19,49.8667,0.263,-3.793,-3.963687,DEF,49.9,154.0,
1978,212,J.Aish,FRE,18,17,19,66.6111,0.368,-2.439,-3.084472,MID,66.6,154.5,
2967,275,W.Graham,GCS,12,17,19,59.25,0.368,-3.034,-3.3997919999999997,MID,59.2,154.5,
2508,25,N.Murray,ADE,5,1,19,57.4,0.263,-3.183,-3.516221,DEF,57.4,155.0,
1424,182,M.Guelfi,ESS,12,32,19,76.5,0.263,-1.639,-1.547476,FWD,75.8,156.0,
3947,331,G.Miers,GEE,18,32,19,83.7222,0.263,-1.055,-0.85512,FWD,81.8,156.0,43.0
8626,617,H.Garcia,STK,6,12,19,47.5,0.368,-3.984,-4.668480000000001,MID,47.5,156.0,
11444,781,L.Sullivan,COL,9,32,19,56.2222,0.263,-3.279,-3.223244,FWD,56.2,156.0,
10398,719,J.Macrae,WBD,16,8,19,71.9375,0.368,-2.008,-2.399552,MID,71.9,157.5,74.0
11081,76,B.Reville,BRL,11,8,19,53.3636,0.368,-3.51,-4.160623999999999,MID,53.4,157.5,
1727,196,J.Menzie,ESS,10,31,19,35.6,0.263,-4.946,-4.916281,FWD,35.6,158.5,
6521,495,R.Hansen Jr,NTH,1,31,19,31.0,0.263,-5.318,-5.184396,FWD,31.0,158.5,
695,142,J.Elliott,COL,10,29,19,61.6,0.263,-2.844,-2.630707,FWD,61.6,160.0,
4021,338,G.Rohan,GEE,10,27,19,39.3,0.263,-4.647,-4.660939,FWD,39.3,161.5,
9801,681,T.Papley,SYD,18,27,19,80.0,0.263,-1.356,-1.12456,FWD,78.9,161.5,
6129,471,D.Turner,MEL,10,26,19,45.6,0.263,-4.138,-4.081718,FWD,45.6,163.0,
5175,411,F.Maginness,HAW,9,25,19,49.6667,0.263,-3.809,-3.728259,FWD,49.7,164.0,
836,150,N.Kreuger,COL,6,24,19,54.8333,0.263,-3.391,-3.250295,FWD,54.8,165.0,
3101,282,B.Long,GCS,12,22,19,56.8333,0.263,-3.229,-3.0243860000000002,FWD,56.8,167.0,
3589,309,T.Clohesy,GEE,1,22,19,22.0,0.263,-6.046,-6.011021,FWD,22.0,167.0,
10823,746,J.Culley,WCE,2,22,19,34.5,0.263,-5.035,-4.747804,FWD,34.5,167.0,
1796,199,A.Perkins,ESS,15,21,19,68.0667,0.263,-2.321,-2.21843,FWD,68.1,169.0,
8042,582,J.Koschitzke,RIC,9,20,19,49.7778,0.263,-3.8,-3.657717,FWD,49.8,170.5,
11513,80,H.Smith,BRL,1,20,19,20.0,0.263,-6.208,-5.713823,FWD,20.0,170.5,
3039,278,J.Jeffrey,GCS,10,19,19,69.4,0.263,-2.213,-2.1146380000000002,FWD,69.4,172.5,
6061,469,K.Tholstrup,MEL,6,19,19,55.5,0.263,-3.337,-3.131597,FWD,55.5,172.5,
7537,548,Q.Narkle,PTA,6,18,19,34.1667,0.263,-5.062,-5.176405,FWD,34.2,174.0,
8314,597,S.Ryan,RIC,6,15,19,40.1667,0.263,-4.577,-4.393689,FWD,40.2,175.0,
8625,617,H.Garcia,STK,6,12,19,47.5,0.263,-3.984,-3.9164090000000003,FWD,47.5,176.0,
10399,719,J.Macrae,WBD,16,8,19,71.9375,0.263,-2.008,-1.784713,FWD,71.9,177.5,44.0
11082,76,B.Reville,BRL,11,8,19,53.3636,0.263,-3.51,-3.4292589999999996,FWD,53.4,177.5,
8388,600,T.Sonsie,RIC,14,7,19,39.5714,0.263,-4.625,-4.539262,FWD,39.6,179.0,
11831,98,D.Cuningham,CAR,4,0,19,49.5,0.263,-3.822,-3.946662,FWD,49.5,180.0,
2936,273,S.Flanders,GCS,18,141,20,119.667,0.263,1.852,2.210732,FWD,110.0,1.0,1.0
7002,518,T.Xerri,NTH,19,151,20,113.895,0.105,1.385,1.41188,RUC,107.1,1.0,1.0
9857,685,M.Roberts,SYD,16,161,20,75.4375,0.263,-1.725,-1.7171100000000001,DEF,75.3,1.0,
9858,685,M.Roberts,SYD,16,161,20,75.4375,0.368,-1.725,-1.923352,MID,75.3,1.0,
649,138,N.Daicos,COL,19,147,20,117.158,0.368,1.649,1.57908,MID,109.8,2.0,1.0
6819,509,H.Sheezel,NTH,19,160,20,118.421,0.263,1.751,1.864353,DEF,110.9,2.0,1.0
8784,629,R.Marshall,STK,19,135,20,108.316,0.105,0.934,0.9219250000000001,RUC,102.5,2.0,2.0
11627,86,D.Zorko,BRL,19,138,20,111.105,0.263,1.159,1.485909,FWD,104.8,2.0,2.0
648,138,N.Daicos,COL,19,147,20,117.158,0.263,1.649,1.7678760000000002,DEF,109.8,3.0,2.0
4580,378,J.Peatling,GWS,13,133,20,60.0,0.263,-2.973,-2.677651,FWD,60.0,3.0,
10579,730,A.Treloar,WBD,18,146,20,117.111,0.368,1.645,1.554472,MID,108.0,3.0,2.0
2131,221,S.Darcy,FRE,11,124,20,100.636,0.105,0.313,0.21524500000000002,RUC,87.3,3.5,3.5
2884,27,R.O'Brien,ADE,17,124,20,92.3529,0.105,-0.357,-0.438795,RUC,87.8,3.5,3.5
2935,273,S.Flanders,GCS,18,141,20,119.667,0.368,1.852,1.7776640000000001,MID,110.0,4.0,3.0
4096,342,T.Stewart,GEE,18,139,20,99.6667,0.263,0.234,0.164042,DEF,94.3,4.0,3.0
4306,357,B.Daniels,GWS,18,132,20,84.2222,0.263,-1.014,-0.623971,FWD,82.2,4.0,3.0
506,133,D.Cameron,COL,19,121,20,100.947,0.105,0.338,0.313115,RUC,96.4,5.0,5.0
7876,567,N.Broad,RIC,18,135,20,66.8333,0.263,-2.421,-2.601155,DEF,66.8,5.0,
8903,638,C.Sharman,STK,14,129,20,55.2143,0.263,-3.36,-3.190102,FWD,55.2,5.0,
11134,762,T.Kelly,WCE,16,139,20,97.0625,0.368,0.024,-0.263776,MID,90.3,5.0,4.0
9011,643,N.Wanganeen-Milera,STK,18,134,20,102.111,0.263,0.432,0.425688,DEF,96.2,6.0,4.0
9775,68,O.McInerney,BRL,18,119,20,95.8333,0.105,-0.076,-0.15758499999999998,RUC,91.3,6.0,6.0
11628,86,D.Zorko,BRL,19,138,20,111.105,0.368,1.159,1.016216,MID,104.8,6.0,5.0
11851,99,C.Curnow,CAR,19,119,20,88.4737,0.263,-0.671,-0.5592250000000001,FWD,86.1,6.0,4.0
2045,215,A.Brayshaw,FRE,19,137,20,107.263,0.368,0.849,0.79748,MID,101.7,7.0,6.0
4740,389,L.Whitfield,GWS,19,133,20,107.632,0.263,0.879,1.031277,DEF,102.0,7.0,5.0
5095,409,C.Macdonald,HAW,19,116,20,72.7368,0.263,-1.943,-1.697884,FWD,72.7,7.0,5.0
5194,413,L.Meek,HAW,15,115,20,105.067,0.105,0.671,0.592985,RUC,94.6,7.0,
749,145,B.Hill,COL,19,115,20,60.1053,0.263,-2.965,-2.740661,FWD,60.1,8.0,
1025,160,D.Moore,COL,19,120,20,75.9474,0.263,-1.684,-1.847586,DEF,75.8,8.0,6.0
4187,350,K.Briggs,GWS,19,111,20,94.8947,0.105,-0.151,-0.226705,RUC,91.4,8.0,7.0
4896,397,W.Day,HAW,13,136,20,104.308,0.368,0.61,-0.05350400000000005,MID,91.6,8.5,7.5
8973,640,J.Steele,STK,19,136,20,109.158,0.368,1.002,0.848544,MID,103.2,8.5,7.5
8428,603,N.Vlastuin,RIC,18,118,20,91.7222,0.263,-0.408,-0.455866,DEF,88.1,9.0,7.0
10912,75,C.Rayner,BRL,19,111,20,79.1053,0.263,-1.428,-1.216548,FWD,78.4,9.0,6.0
7646,556,J.Sweet,PTA,10,100,20,86.3,0.105,-0.846,-0.9258,RUC,79.9,9.5,
11360,777,J.Williams,WCE,14,100,20,52.8571,0.105,-3.551,-3.7338050000000003,RUC,52.9,9.5,
3703,314,O.Dempsey,GEE,19,108,20,74.7895,0.263,-1.777,-1.5408259999999998,FWD,74.8,10.0,
4579,378,J.Peatling,GWS,13,133,20,60.0,0.368,-2.973,-3.28396,MID,60.0,10.0,
2601,255,H.Young,FRE,19,117,20,101.421,0.263,0.376,0.396514,DEF,96.8,10.5,8.5
10506,725,E.Richards,WBD,16,117,20,99.625,0.263,0.231,0.21311600000000003,DEF,92.1,10.5,8.5
607,137,J.Daicos,COL,19,127,20,87.7368,0.368,-0.73,-0.961472,MID,85.5,11.0,9.0
1309,177,S.Draper,ESS,12,99,20,72.8333,0.105,-1.935,-2.0413650000000003,RUC,72.8,11.0,8.0
4369,363,T.Greene,GWS,18,107,20,81.1111,0.263,-1.266,-1.079796,FWD,79.8,11.0,7.0
696,142,J.Elliott,COL,11,103,20,65.3636,0.263,-2.539,-2.405922,FWD,65.4,12.0,
4263,354,F.Callaghan,GWS,18,122,20,81.1667,0.368,-1.262,-1.5836320000000002,MID,79.8,12.0,10.0
3405,301,J.Witts,GCS,12,97,20,103.417,0.105,0.538,0.5222500000000001,RUC,89.8,12.5,9.5
5626,443,M.Gawn,MEL,17,97,20,122.412,0.105,2.074,2.0753649999999997,RUC,110.0,12.5,9.5
6745,507,T.Powell,NTH,19,101,20,78.4211,0.263,-1.484,-1.214688,FWD,77.8,13.0,8.0
7442,54,J.Dunkley,BRL,19,121,20,113.263,0.368,1.334,1.1776,MID,106.6,13.0,11.0
8336,598,J.Short,RIC,18,113,20,79.7778,0.263,-1.374,-1.4202880000000002,DEF,78.7,13.0,10.5
8460,606,J.Battle,STK,19,113,20,83.0,0.263,-1.113,-1.167441,DEF,81.6,13.0,
9049,645,C.Wilkie,STK,19,113,20,90.3158,0.263,-0.522,-0.528312,DEF,87.7,13.0,10.5
4473,37,J.Soligo,ADE,19,120,20,84.2632,0.368,-1.011,-1.38084,MID,82.7,14.0,
9400,662,B.Grundy,SYD,19,96,20,110.579,0.105,1.117,1.026595,RUC,104.4,14.0,11.0
11359,777,J.Williams,WCE,14,100,20,52.8571,0.263,-3.551,-3.4013530000000003,FWD,52.9,14.0,
8150,588,B.Miller,RIC,17,85,20,77.5882,0.105,-1.551,-1.73202,RUC,76.9,15.0,
11586,84,D.Wilmot,BRL,19,109,20,85.0,0.263,-0.952,-1.074821,DEF,83.3,15.0,
1310,177,S.Draper,ESS,12,99,20,72.8333,0.263,-1.935,-1.6522750000000002,FWD,72.8,15.5,9.5
6866,511,J.Simpkin,NTH,14,99,20,76.7857,0.263,-1.616,-1.324596,FWD,76.1,15.5,9.5
376,123,M.Pittonet,CAR,9,84,20,87.0,0.105,-0.79,-0.864025,RUC,79.7,16.0,12.0
2084,218,J.Clark,FRE,19,106,20,106.0,0.263,0.747,0.759098,DEF,100.6,16.0,12.0
2602,255,H.Young,FRE,19,117,20,101.421,0.368,0.376,0.180224,MID,96.8,16.0,13.0
10421,72,L.Neale,BRL,18,117,20,119.889,0.368,1.87,1.8195839999999999,MID,110.1,16.0,13.0
10507,725,E.Richards,WBD,16,117,20,99.625,0.368,0.231,-0.016663999999999984,MID,92.1,16.0,13.0
8568,610,A.Caminiti,STK,12,98,20,54.5833,0.263,-3.411,-3.297384,FWD,54.6,17.0,
8315,597,S.Ryan,RIC,7,83,20,46.2857,0.105,-4.082,-4.313315,RUC,46.3,17.5,
8552,61,R.Lester,BRL,19,105,20,75.4211,0.263,-1.726,-1.972431,DEF,75.3,17.5,
10159,706,T.English,WBD,19,83,20,109.789,0.105,1.053,0.98454,RUC,103.7,17.5,13.0
10741,739,T.Barrass,WCE,18,105,20,83.8889,0.263,-1.041,-1.125686,DEF,82.0,17.5,
2502,249,J.Treacy,FRE,19,97,20,84.8421,0.263,-0.964,-0.72993,FWD,83.1,18.0,
1065,163,S.Pendlebury,COL,16,115,20,86.8125,0.368,-0.805,-1.125896,MID,83.2,18.5,15.5
1828,20,R.Laird,ADE,19,115,20,105.632,0.368,0.717,0.500248,MID,100.3,18.5,15.5
534,135,M.Cox,COL,12,81,20,56.0,0.105,-3.297,-3.4667850000000002,RUC,56.0,19.0,
11417,779,E.Yeo,WCE,16,104,20,105.875,0.263,0.736,0.756251,DEF,96.5,19.0,13.0
5227,415,D.Moore,HAW,19,95,20,95.3158,0.263,-0.117,0.229634,FWD,91.8,20.0,11.5
7680,560,O.Wines,PTA,18,114,20,95.6111,0.368,-0.094,-0.19151999999999997,MID,91.1,20.0,17.0
10451,721,A.Naughton,WBD,15,95,20,74.3333,0.263,-1.814,-1.696439,FWD,74.3,20.0,11.5
10600,731,J.Ugle-Hagan,WBD,17,95,20,65.5882,0.263,-2.521,-2.332429,FWD,65.6,20.0,
10793,744,T.Cole,WCE,19,103,20,68.1579,0.263,-2.313,-2.5218220000000002,DEF,68.2,20.0,
11328,776,B.Williams,WCE,19,77,20,67.2105,0.105,-2.39,-2.52902,RUC,67.2,20.0,
3487,304,M.Blicavs,GEE,18,75,20,66.6111,0.105,-2.439,-2.5776,RUC,66.6,21.0,14.0
4706,386,C.Ward,GWS,14,113,20,80.7143,0.368,-1.298,-1.777872,MID,78.5,21.0,18.0
267,114,M.McGovern,CAR,14,101,20,78.7857,0.263,-1.454,-1.634681,DEF,77.3,21.5,
433,127,J.Weitering,CAR,17,101,20,77.5294,0.263,-1.556,-1.6938120000000003,DEF,76.9,21.5,
2285,230,L.Jackson,FRE,19,73,20,98.4737,0.105,0.138,0.017775000000000027,RUC,94.4,22.0,15.0
4427,368,J.Hogan,GWS,19,94,20,87.5263,0.263,-0.747,-0.367491,FWD,85.3,22.0,13.0
7293,531,W.Drew,PTA,19,112,20,90.1579,0.368,-0.534,-0.801536,MID,87.5,22.0,
9721,677,H.McLean,SYD,19,65,20,69.8947,0.105,-2.173,-2.336695,RUC,69.9,23.0,16.0
238,110,M.Kennedy,CAR,19,93,20,74.2632,0.263,-1.82,-1.543324,FWD,74.3,24.0,
2414,242,C.Serong,FRE,19,111,20,117.421,0.368,1.67,1.536784,MID,110.0,24.0,19.5
4051,34,L.Sholl,ADE,16,111,20,86.8125,0.368,-0.805,-1.17668,MID,83.2,24.0,
4074,340,T.Stengle,GEE,19,93,20,73.1579,0.263,-1.909,-1.7117499999999999,FWD,73.2,24.0,
8851,633,M.Owens,STK,19,93,20,64.1579,0.263,-2.637,-2.470784,FWD,64.2,24.0,14.0
10913,75,C.Rayner,BRL,19,111,20,79.1053,0.368,-1.428,-1.820656,MID,78.4,24.0,19.5
3181,287,N.Moyle,GCS,8,33,20,85.75,0.105,-0.891,-0.99936,RUC,78.7,24.5,
4220,352,J.Buckley,GWS,17,99,20,79.1765,0.263,-1.422,-1.567439,DEF,78.1,24.5,
4404,367,H.Himmelberg,GWS,19,99,20,91.0,0.263,-0.466,-0.50019,DEF,88.2,24.5,15.0
5742,451,S.May,MEL,18,99,20,91.7222,0.263,-0.408,-0.47901,DEF,88.1,24.5,15.0
8942,639,J.Sinclair,STK,18,99,20,108.667,0.263,0.962,1.062729,DEF,101.3,24.5,15.0
11514,80,H.Smith,BRL,2,33,20,26.5,0.105,-5.682,-5.797395,RUC,26.5,24.5,
1227,173,J.Caldwell,ESS,19,92,20,96.8421,0.263,0.006,0.226394,FWD,93.0,26.0,15.0
9970,695,M.Bontempelli,WBD,19,109,20,124.579,0.368,2.249,2.304568,MID,116.0,26.0,21.0
11543,807,B.Teakle,NTH,7,16,20,46.1429,0.105,-4.094,-4.30904,RUC,46.1,26.0,
7191,524,J.Burgoyne,PTA,16,98,20,76.0,0.263,-1.679,-1.703722,DEF,75.7,27.0,
113,106,G.Hewett,CAR,17,108,20,87.7647,0.368,-0.728,-0.863424,MID,84.4,27.5,22.0
3569,307,J.Cameron,GEE,18,91,20,83.1667,0.263,-1.1,-0.774143,FWD,81.4,27.5,16.5
3704,314,O.Dempsey,GEE,19,108,20,74.7895,0.368,-1.777,-2.142424,MID,74.8,27.5,
5846,457,A.Neal-Bullen,MEL,19,91,20,83.4211,0.263,-1.079,-0.793908,FWD,82.0,27.5,16.5
10012,696,L.Bramble,WBD,19,97,20,72.6316,0.263,-1.952,-2.102173,DEF,72.6,28.0,
1750,197,Z.Merrett,ESS,19,106,20,114.789,0.368,1.457,1.385976,MID,107.9,29.0,23.0
8807,63,K.Lohmann,BRL,19,90,20,68.5789,0.263,-2.279,-2.041511,FWD,68.6,29.0,
9599,671,J.Lloyd,SYD,19,96,20,82.8421,0.263,-1.126,-1.2269919999999999,DEF,81.5,29.5,17.0
11043,758,J.Hunt,WCE,16,96,20,67.9375,0.263,-2.331,-2.547975,DEF,67.9,29.5,
11418,779,E.Yeo,WCE,16,104,20,105.875,0.368,0.736,0.53728,MID,96.5,30.0,24.0
3811,324,O.Henry,GEE,17,89,20,50.5882,0.263,-3.734,-3.57357,FWD,50.6,31.0,
6092,47,Z.Bailey,BRL,14,89,20,70.3571,0.263,-2.136,-1.935594,FWD,70.4,31.0,18.0
6179,474,J.Viney,MEL,19,103,20,90.7368,0.368,-0.488,-0.867408,MID,88.0,31.0,25.0
10684,734,R.West,WBD,18,89,20,68.8889,0.263,-2.254,-2.155901,FWD,68.9,31.0,
1663,193,N.Martin,ESS,19,95,20,102.632,0.263,0.474,0.569732,DEF,97.8,32.0,18.5
7069,520,A.Aliir,PTA,18,95,20,78.2222,0.263,-1.5,-1.6985649999999999,DEF,77.5,32.0,
9244,652,N.Blakey,SYD,19,95,20,98.1053,0.263,0.108,0.093009,DEF,94.1,32.0,18.5
412,126,S.Walsh,CAR,15,102,20,108.333,0.368,0.935,0.797,MID,96.7,32.5,26.5
4347,362,T.Green,GWS,19,102,20,103.895,0.368,0.576,0.5024,MID,98.9,32.5,26.5
3948,331,G.Miers,GEE,19,86,20,83.8421,0.263,-1.045,-0.84775,FWD,82.3,34.0,19.0
4835,395,M.Chol,HAW,17,86,20,63.5882,0.263,-2.683,-2.51468,FWD,63.6,34.0,
5560,439,K.Chandler,MEL,19,86,20,63.3684,0.263,-2.701,-2.533206,FWD,63.4,34.0,
6746,507,T.Powell,NTH,19,101,20,78.4211,0.368,-1.484,-1.7905440000000001,MID,77.8,34.0,28.0
8282,594,D.Rioli,RIC,19,92,20,91.6842,0.263,-0.411,-0.415471,DEF,88.8,34.0,20.0
5283,418,J.Newcombe,HAW,19,100,20,92.7895,0.368,-0.322,-0.37536,MID,89.7,35.0,29.0
2721,26,L.Nankervis,ADE,16,91,20,72.5625,0.263,-1.957,-2.153461,DEF,72.6,35.5,
7402,537,D.Houston,PTA,19,91,20,106.263,0.263,0.768,0.835065,DEF,100.8,35.5,21.0
2191,227,M.Frederick,FRE,16,85,20,50.5625,0.263,-3.736,-3.614757,FWD,50.6,37.0,
6902,513,J.Stephenson,NTH,11,85,20,48.6364,0.263,-3.892,-3.658982,FWD,48.6,37.0,
8149,588,B.Miller,RIC,17,85,20,77.5882,0.263,-1.551,-1.447115,FWD,76.9,37.0,
1354,179,X.Duursma,ESS,14,99,20,80.2143,0.368,-1.339,-1.768088,MID,78.2,37.5,
5973,462,T.Rivers,MEL,19,90,20,87.6316,0.263,-0.739,-0.8476189999999999,DEF,85.4,37.5,22.0
6867,511,J.Simpkin,NTH,14,99,20,76.7857,0.368,-1.616,-1.8931040000000001,MID,76.1,37.5,31.0
8943,639,J.Sinclair,STK,18,99,20,108.667,0.368,0.962,0.87184,MID,101.3,37.5,31.0
9423,663,E.Gulden,SYD,19,99,20,110.158,0.368,1.083,0.8769199999999999,MID,104.0,37.5,31.0
10292,714,L.Jones,WBD,16,90,20,74.125,0.263,-1.831,-2.079798,DEF,74.1,37.5,
2474,247,S.Switkowski,FRE,16,84,20,75.375,0.263,-1.73,-1.467263,FWD,75.3,39.0,
2840,266,S.Collins,GCS,19,88,20,82.5263,0.263,-1.152,-1.340045,DEF,81.2,40.5,
4450,369,C.Idun,GWS,19,88,20,85.7895,0.263,-0.888,-0.9824170000000001,DEF,83.9,40.5,23.0
5458,430,J.Weddle,HAW,19,88,20,70.7895,0.263,-2.101,-2.200151,DEF,70.8,40.5,
8043,582,J.Koschitzke,RIC,10,83,20,53.1,0.263,-3.531,-3.459464,FWD,53.1,40.5,
8316,597,S.Ryan,RIC,7,83,20,46.2857,0.263,-4.082,-4.028874,FWD,46.3,40.5,
9624,674,T.McCartin,SYD,16,88,20,66.5,0.263,-2.448,-2.722572,DEF,66.5,40.5,
7190,524,J.Burgoyne,PTA,16,98,20,76.0,0.368,-1.679,-1.922248,MID,75.7,41.5,
7231,526,Z.Butters,PTA,19,98,20,117.684,0.368,1.691,1.7281680000000001,MID,110.3,41.5,33.5
7379,536,J.Horne-Francis,PTA,17,98,20,96.5882,0.368,-0.015,-0.130184,MID,91.0,41.5,33.5
8223,592,D.Prestia,RIC,9,98,20,76.2222,0.368,-1.661,-1.9436239999999998,MID,75.5,41.5,
6264,477,J.Archer,NTH,11,87,20,45.9091,0.263,-4.113,-4.426496,DEF,45.9,43.0,
1899,206,J.Stringer,ESS,19,82,20,64.3684,0.263,-2.62,-2.475613,FWD,64.4,43.5,
5026,403,B.Hardwick,HAW,19,82,20,73.0,0.263,-1.922,-1.6553179999999998,FWD,73.0,43.5,
9486,666,I.Heeney,SYD,18,82,20,117.556,0.263,1.681,2.027897,FWD,108.3,43.5,20.5
11237,770,H.Reid,WCE,16,82,20,82.625,0.263,-1.144,-0.9546399999999999,FWD,80.3,43.5,20.5
3246,293,M.Rowell,GCS,19,97,20,101.737,0.368,0.402,0.225728,MID,97.1,44.5,35.0
5057,405,J.Impey,HAW,19,86,20,83.6316,0.263,-1.062,-1.151157,DEF,82.1,44.5,
5721,450,J.Lever,MEL,15,86,20,74.5333,0.263,-1.798,-2.057581,DEF,74.5,44.5,24.0
10011,696,L.Bramble,WBD,19,97,20,72.6316,0.368,-1.952,-2.365632,MID,72.6,44.5,
340,120,N.Newman,CAR,19,84,20,97.2632,0.263,0.04,0.152564,DEF,93.4,46.5,25.0
3528,305,J.Bowes,GEE,16,84,20,82.9375,0.263,-1.118,-1.1971630000000002,DEF,80.5,46.5,
9600,671,J.Lloyd,SYD,19,96,20,82.8421,0.368,-1.126,-1.477808,MID,81.5,46.5,36.0
11044,758,J.Hunt,WCE,16,96,20,67.9375,0.368,-2.331,-2.834056,MID,67.9,46.5,
533,135,M.Cox,COL,12,81,20,56.0,0.263,-3.297,-3.123946,FWD,56.0,47.0,
1514,188,H.Jones,ESS,17,81,20,57.8235,0.263,-3.149,-3.020393,FWD,57.8,47.0,
7739,562,L.Baker,RIC,16,81,20,80.8125,0.263,-1.29,-1.017795,FWD,79.0,47.0,22.0
1662,193,N.Martin,ESS,19,95,20,102.632,0.368,0.474,0.380896,MID,97.8,48.5,37.0
2334,238,J.O'Meara,FRE,18,95,20,66.1667,0.368,-2.474,-2.977792,MID,66.2,48.5,
3790,323,J.Henry,GEE,19,82,20,62.5789,0.263,-2.765,-2.862047,DEF,62.6,49.0,
3871,326,L.Humphries,GEE,5,82,20,81.6,0.263,-1.226,-1.432192,DEF,76.4,49.0,
5025,403,B.Hardwick,HAW,19,82,20,73.0,0.263,-1.922,-2.00616,DEF,73.0,49.0,
2000,213,J.Amiss,FRE,18,80,20,53.4444,0.263,-3.503,-3.3467779999999996,FWD,53.4,49.5,
7600,551,W.Rioli,PTA,13,80,20,59.7692,0.263,-2.992,-2.811582,FWD,59.8,49.5,
239,110,M.Kennedy,CAR,19,93,20,74.2632,0.368,-1.82,-2.12544,MID,74.3,50.0,
3337,298,B.Uwland,GCS,17,81,20,71.7647,0.263,-2.022,-2.147977,DEF,71.8,51.5,
4910,398,C.Dear,HAW,11,79,20,48.1818,0.263,-3.929,-3.7370099999999997,FWD,48.2,51.5,
7738,562,L.Baker,RIC,16,81,20,80.8125,0.263,-1.29,-1.351805,DEF,79.0,51.5,26.0
10432,720,L.McNeil,WBD,7,79,20,61.5714,0.263,-2.846,-2.6795210000000003,FWD,61.6,51.5,
1228,173,J.Caldwell,ESS,19,92,20,96.8421,0.368,0.006,-0.331456,MID,93.0,52.0,39.0
5869,458,C.Oliver,MEL,19,92,20,86.6842,0.368,-0.815,-1.231208,MID,84.7,52.0,39.0
6400,483,L.Davies-Uniacke,NTH,19,92,20,108.737,0.368,0.968,0.84656,MID,102.9,52.0,39.0
150,107,E.Hollands,CAR,17,78,20,73.8824,0.263,-1.851,-1.610092,FWD,73.9,53.5,
8019,58,E.Hipwood,BRL,18,78,20,66.7778,0.263,-2.425,-2.300338,FWD,66.8,53.5,
3853,325,M.Holmes,GEE,19,80,20,100.632,0.263,0.312,0.287541,DEF,96.2,54.5,27.0
3901,329,J.Kolodjashnij,GEE,18,80,20,68.8333,0.263,-2.259,-2.418378,DEF,68.8,54.5,
7110,522,M.Bergman,PTA,19,80,20,75.6842,0.263,-1.705,-1.786793,DEF,75.6,54.5,
7703,561,B.Zerk-Thatcher,PTA,19,80,20,61.2105,0.263,-2.875,-3.019124,DEF,61.2,54.5,
2722,26,L.Nankervis,ADE,16,91,20,72.5625,0.368,-1.957,-2.4342960000000002,MID,72.6,55.0,
6293,48,J.Berry,BRL,19,91,20,88.5789,0.368,-0.662,-1.150336,MID,86.2,55.0,
9557,67,H.McCluggage,BRL,19,91,20,98.2632,0.368,0.121,-0.10348,MID,94.2,55.0,41.0
1117,167,L.Schultz,COL,16,77,20,60.4375,0.263,-2.938,-2.7691540000000003,FWD,60.4,56.5,23.5
7024,519,C.Zurhaar,NTH,18,77,20,72.9444,0.263,-1.926,-1.81817,FWD,72.9,56.5,
9195,649,T.Adams,SYD,15,77,20,73.0,0.263,-1.922,-1.8231119999999998,FWD,73.0,56.5,23.5
11305,775,J.Waterman,WCE,16,77,20,86.75,0.263,-0.81,-0.645099,FWD,83.2,56.5,
5260,417,C.Nash,HAW,19,89,20,77.3158,0.368,-1.573,-1.987368,MID,76.9,57.5,42.5
6093,47,Z.Bailey,BRL,14,89,20,70.3571,0.368,-2.136,-2.566192,MID,70.4,57.5,42.5
2970,275,W.Graham,GCS,13,79,20,60.7692,0.263,-2.911,-3.064066,DEF,60.8,58.5,
5809,454,J.McVee,MEL,19,79,20,75.0526,0.263,-1.756,-2.01111,DEF,75.0,58.5,
8500,607,R.Bonner,STK,18,79,20,76.4444,0.263,-1.643,-1.803956,DEF,76.1,58.5,28.5
10065,702,B.Dale,WBD,19,79,20,98.9474,0.263,0.176,0.15759,DEF,94.8,58.5,28.5
1336,178,S.Durham,ESS,18,88,20,90.1667,0.368,-0.534,-0.840176,MID,86.9,59.0,
7151,523,T.Boak,PTA,16,76,20,79.3125,0.263,-1.411,-1.199811,FWD,78.0,59.0,
5681,449,B.Laurie,MEL,5,75,20,32.0,0.263,-5.237,-5.190975,FWD,32.0,60.0,
11823,97,P.Cripps,CAR,19,86,20,109.579,0.368,1.036,0.94032,MID,103.6,60.0,44.0
2663,257,N.Anderson,GCS,19,85,20,106.053,0.368,0.751,0.617784,MID,100.7,61.0,45.0
5431,43,C.Ah Chee,BRL,18,74,20,65.5,0.263,-2.528,-2.3749339999999997,FWD,65.5,61.0,
9332,658,O.Florent,SYD,19,78,20,78.8421,0.263,-1.449,-1.562353,DEF,78.2,61.0,
3527,305,J.Bowes,GEE,16,84,20,82.9375,0.368,-1.118,-1.4400000000000002,MID,80.5,62.0,
1577,19,B.Keays,ADE,19,73,20,77.5263,0.263,-1.556,-1.2459230000000001,FWD,77.1,64.0,25.5
2023,214,B.Banfield,FRE,19,73,20,65.1053,0.263,-2.56,-2.447173,FWD,65.1,64.0,
2286,230,L.Jackson,FRE,19,73,20,98.4737,0.263,0.138,0.337617,FWD,94.4,64.0,25.5
3870,326,L.Humphries,GEE,5,82,20,81.6,0.368,-1.226,-1.721696,MID,76.4,64.0,
3920,330,S.Mannagh,GEE,6,73,20,74.5,0.263,-1.801,-1.571927,FWD,74.5,64.0,
4165,349,T.Bedford,GWS,19,73,20,62.4211,0.263,-2.777,-2.63761,FWD,62.4,64.0,
9485,666,I.Heeney,SYD,18,82,20,117.556,0.368,1.681,1.5838480000000001,MID,108.3,64.0,46.5
11236,770,H.Reid,WCE,16,82,20,82.625,0.368,-1.144,-1.56168,MID,80.3,64.0,46.5
2391,241,L.Ryan,FRE,19,75,20,116.737,0.263,1.615,1.7273010000000002,DEF,109.5,65.5,31.0
3389,300,L.Weller,GCS,2,75,20,67.5,0.263,-2.367,-2.6973279999999997,DEF,67.5,65.5,
3729,315,M.Duncan,GEE,17,75,20,86.0588,0.263,-0.866,-1.142676,DEF,83.2,65.5,31.0
3755,320,Z.Guthrie,GEE,19,75,20,83.5263,0.263,-1.071,-1.151741,DEF,82.0,65.5,
4791,390,K.Amon,HAW,19,75,20,88.5263,0.263,-0.666,-0.636807,DEF,86.2,65.5,31.0
6628,502,L.McDonald,NTH,18,75,20,66.5,0.263,-2.448,-2.642094,DEF,66.5,65.5,
7583,550,E.Ratugolea,PTA,16,75,20,60.875,0.263,-2.902,-3.1905110000000003,DEF,60.9,65.5,
10743,74,J.Prior,BRL,2,75,20,53.0,0.263,-3.539,-4.188347,DEF,53.0,65.5,
6981,517,G.Wardlaw,NTH,16,81,20,85.75,0.368,-0.891,-1.2118959999999999,MID,82.5,66.5,48.0
8112,587,K.McIntosh,RIC,18,81,20,48.7778,0.368,-3.881,-4.590872,MID,48.8,66.5,
4968,400,J.Ginnivan,HAW,17,72,20,72.4706,0.263,-1.965,-1.777218,FWD,72.5,67.0,
9222,650,J.Amartey,SYD,19,71,20,55.2632,0.263,-3.356,-3.206879,FWD,55.3,68.0,
3852,325,M.Holmes,GEE,19,80,20,100.632,0.368,0.312,0.05476799999999998,MID,96.2,68.5,49.0
7111,522,M.Bergman,PTA,19,80,20,75.6842,0.368,-1.705,-2.026632,MID,75.6,68.5,
3384,30,J.Rachele,ADE,19,70,20,63.0,0.263,-2.731,-2.540325,FWD,63.0,69.5,27.0
9090,646,D.Wilson,STK,19,70,20,63.7895,0.263,-2.667,-2.4563369999999995,FWD,63.8,69.5,
785,146,W.Hoskin-Elliott,COL,16,74,20,65.875,0.263,-2.498,-2.699984,DEF,65.9,71.0,
2437,243,J.Sharp,FRE,19,79,20,69.1579,0.368,-2.233,-2.647736,MID,69.2,71.0,
2969,275,W.Graham,GCS,13,79,20,60.7692,0.368,-2.911,-3.322056,MID,60.8,71.0,
4603,379,H.Perryman,GWS,15,74,20,78.9333,0.263,-1.442,-1.596644,DEF,77.6,71.0,
5325,423,J.Scrimshaw,HAW,18,74,20,81.6667,0.263,-1.221,-1.3098940000000001,DEF,80.2,71.0,33.0
8499,607,R.Bonner,STK,18,79,20,76.4444,0.368,-1.643,-2.07356,MID,76.1,71.0,50.0
30,10,B.Dowling,ADE,7,69,20,70.7143,0.263,-2.107,-2.006797,FWD,70.7,72.5,
3041,278,J.Jeffrey,GCS,11,69,20,69.3636,0.263,-2.216,-2.116849,FWD,69.4,72.5,
10363,718,R.Lobb,WBD,11,69,20,70.1818,0.263,-2.15,-1.960114,FWD,70.2,72.5,
10816,745,J.Cripps,WCE,19,69,20,73.3158,0.263,-1.896,-1.666401,FWD,73.3,72.5,
151,107,E.Hollands,CAR,17,78,20,73.8824,0.368,-1.851,-2.21164,MID,73.9,73.5,
5349,425,J.Sicily,HAW,16,73,20,102.688,0.263,0.479,0.40536,DEF,94.3,73.5,34.5
7329,533,K.Farrell,PTA,18,73,20,84.4444,0.263,-0.996,-1.128026,DEF,82.4,73.5,34.5
8749,626,Z.Jones,STK,9,78,20,53.7778,0.368,-3.476,-3.772608,MID,53.8,73.5,
9194,649,T.Adams,SYD,15,77,20,73.0,0.368,-1.922,-2.4990240000000004,MID,73.0,75.0,51.0
964,157,D.McStay,COL,2,68,20,57.5,0.263,-3.175,-2.957499,FWD,57.5,76.0,
6377,482,P.Curtis,NTH,19,68,20,58.3684,0.263,-3.105,-2.934839,FWD,58.4,76.0,
9157,648,M.Wood,STK,14,68,20,83.6429,0.263,-1.061,-0.904515,FWD,80.3,76.0,28.0
394,124,A.Saad,CAR,14,72,20,85.0,0.263,-0.952,-0.9780369999999999,DEF,81.1,76.5,36.5
1690,194,A.McGrath,ESS,19,72,20,93.0526,0.263,-0.3,-0.264758,DEF,89.9,76.5,36.5
2749,260,C.Ballard,GCS,19,72,20,65.1579,0.263,-2.556,-2.791122,DEF,65.2,76.5,
7150,523,T.Boak,PTA,16,76,20,79.3125,0.368,-1.411,-1.8036560000000001,MID,78.0,76.5,
7803,564,S.Banks,RIC,11,72,20,40.4545,0.263,-4.554,-4.727843,DEF,40.5,76.5,
10348,717,T.Liberatore,WBD,13,76,20,103.692,0.368,0.56,0.404704,MID,91.2,76.5,52.0
3488,304,M.Blicavs,GEE,18,75,20,66.6111,0.368,-2.439,-2.844536,MID,66.6,78.5,53.5
4790,390,K.Amon,HAW,19,75,20,88.5263,0.368,-0.666,-0.84264,MID,86.2,78.5,53.5
5950,461,K.Pickett,MEL,17,67,20,72.1176,0.263,-1.993,-1.758667,FWD,72.1,78.5,29.0
7522,547,J.Mead,PTA,19,67,20,63.0526,0.263,-2.726,-2.6058090000000003,FWD,63.1,78.5,
1045,162,J.Noble,COL,16,71,20,77.5625,0.263,-1.553,-1.6587260000000001,DEF,76.8,80.0,
1713,195,B.McKay,ESS,19,71,20,68.0,0.263,-2.326,-2.514571,DEF,68.0,80.0,
5071,406,C.Jiath,HAW,10,71,20,59.5,0.263,-3.014,-3.29804,DEF,59.5,80.0,
784,146,W.Hoskin-Elliott,COL,16,74,20,65.875,0.368,-2.498,-2.9789760000000003,MID,65.9,80.5,
5430,43,C.Ah Chee,BRL,18,74,20,65.5,0.368,-2.528,-3.040992,MID,65.5,80.5,
9722,677,H.McLean,SYD,19,65,20,69.8947,0.263,-2.173,-2.014411,FWD,69.9,80.5,30.0
10246,71,L.Morris,BRL,11,65,20,51.9091,0.263,-3.627,-3.4515789999999997,FWD,51.9,80.5,
197,109,B.Kemp,CAR,16,70,20,71.3125,0.263,-2.058,-2.233421,DEF,71.3,82.5,
2233,228,N.Fyfe,FRE,19,64,20,70.7895,0.263,-2.101,-1.9426740000000002,FWD,70.8,82.5,31.0
4947,40,R.Thilthorpe,ADE,3,64,20,52.6667,0.263,-3.566,-2.842224,FWD,52.7,82.5,
11561,81,B.Starcevich,BRL,14,70,20,54.5714,0.263,-3.412,-3.658694,DEF,54.6,82.5,
3921,330,S.Mannagh,GEE,6,73,20,74.5,0.368,-1.801,-2.177832,MID,74.5,83.0,
7620,552,C.Rozee,PTA,16,73,20,98.6875,0.368,0.155,-0.07610399999999999,MID,91.5,83.0,55.0
10982,754,R.Ginbey,WCE,19,73,20,69.9474,0.368,-2.169,-2.628632,MID,69.9,83.0,
3042,278,J.Jeffrey,GCS,11,69,20,69.3636,0.263,-2.216,-2.492413,DEF,69.4,84.0,
1002,16,M.Hinge,ADE,18,67,20,97.4444,0.263,0.055,-0.055985999999999994,DEF,92.6,85.5,38.0
3016,277,B.Humphrey,GCS,17,63,20,52.2353,0.263,-3.601,-3.520522,FWD,52.2,85.5,32.5
5387,429,N.Watson,HAW,12,63,20,62.9167,0.263,-2.737,-2.50293,FWD,62.9,85.5,
5481,432,J.Worpel,HAW,19,72,20,89.4737,0.368,-0.59,-0.958,MID,87.0,85.5,56.0
5924,460,H.Petty,MEL,16,63,20,49.4375,0.263,-3.827,-3.647108,FWD,49.4,85.5,
7802,564,S.Banks,RIC,11,72,20,40.4545,0.368,-4.554,-4.981984000000001,MID,40.5,85.5,
7849,566,S.Bolton,RIC,18,63,20,81.1667,0.263,-1.262,-1.124188,FWD,79.8,85.5,32.5
10927,750,H.Edwards,WCE,6,67,20,66.0,0.263,-2.488,-2.9582439999999997,DEF,66.0,85.5,
6675,505,W.Phillips,NTH,8,71,20,54.875,0.368,-3.388,-3.659584,MID,54.9,87.0,
9091,646,D.Wilson,STK,19,70,20,63.7895,0.368,-2.667,-3.096824,MID,63.8,88.0,
2116,220,B.Cox,FRE,5,66,20,57.6,0.263,-3.167,-3.2064500000000002,DEF,57.6,88.5,39.5
2150,224,J.Draper,FRE,16,66,20,49.0,0.263,-3.863,-4.142306,DEF,49.0,88.5,
4143,348,L.Ash,GWS,14,66,20,81.6429,0.263,-1.223,-1.235887,DEF,79.0,88.5,39.5
10136,705,T.Duryea,WBD,17,66,20,61.2353,0.263,-2.873,-3.124428,DEF,61.2,88.5,
31,10,B.Dowling,ADE,7,69,20,70.7143,0.368,-2.107,-2.687704,MID,70.7,90.0,
3103,282,B.Long,GCS,13,61,20,57.1538,0.263,-3.203,-3.005224,FWD,57.2,90.0,
5114,41,T.Walker,ADE,15,61,20,68.0667,0.263,-2.321,-2.222638,FWD,68.1,90.0,34.0
9646,675,L.McDonald,SYD,19,61,20,63.9474,0.263,-2.654,-2.510402,FWD,63.9,90.0,
9753,679,C.Mills,SYD,2,69,20,62.0,0.368,-2.811,-2.8739280000000003,MID,62.0,90.0,
10706,735,B.Williams,WBD,19,69,20,75.7895,0.368,-1.696,-2.0456,MID,75.7,90.0,
10825,746,J.Culley,WCE,3,61,20,43.3333,0.263,-4.321,-4.221585999999999,FWD,43.3,90.0,
11197,767,J.Petruccelle,WCE,14,61,20,52.7857,0.263,-3.556,-3.4765740000000003,FWD,52.8,90.0,
1373,18,M.Keane,ADE,18,65,20,76.5,0.263,-1.639,-1.7299980000000001,DEF,76.2,91.5,
2539,251,B.Walker,FRE,15,65,20,57.9333,0.263,-3.14,-3.295959,DEF,57.9,91.5,
9156,648,M.Wood,STK,14,68,20,83.6429,0.368,-1.061,-1.5257839999999998,MID,80.3,92.5,57.5
9804,682,L.Parker,SYD,3,68,20,64.6667,0.368,-2.596,-2.843296,MID,64.7,92.5,57.5
5782,453,T.McDonald,MEL,18,60,20,79.6667,0.263,-1.383,-1.15682,FWD,78.7,93.0,
2107,22,M.Michalanney,ADE,19,64,20,65.4737,0.263,-2.53,-2.713837,DEF,65.5,93.5,
8736,625,D.Howard,STK,11,64,20,58.5455,0.263,-3.091,-3.308501,DEF,58.5,93.5,
5362,428,J.Ward,HAW,9,67,20,55.0,0.368,-3.377,-4.015112,MID,55.0,94.5,
7523,547,J.Mead,PTA,19,67,20,63.0526,0.368,-2.726,-3.294192,MID,63.1,94.5,
5925,460,H.Petty,MEL,16,63,20,49.4375,0.263,-3.827,-4.057125,DEF,49.4,95.0,
2366,24,L.Murphy,ADE,13,59,20,55.5385,0.263,-3.334,-3.1793560000000003,FWD,55.5,95.5,
5817,455,J.Melksham,MEL,4,59,20,66.25,0.263,-2.468,-2.66525,FWD,66.2,95.5,
7360,535,M.Georgiades,PTA,15,59,20,66.8667,0.263,-2.418,-2.151581,FWD,66.9,95.5,
8514,608,D.Butler,STK,12,59,20,42.4167,0.263,-4.395,-4.3544979999999995,FWD,42.4,95.5,
8530,609,R.Byrnes,STK,12,66,20,59.0,0.368,-3.054,-3.525776,MID,59.0,97.0,
8581,612,H.Clark,STK,8,66,20,71.375,0.368,-2.053,-2.289992,MID,71.4,97.0,
11451,783,J.Bytel,COL,4,66,20,33.75,0.368,-5.096,-5.6575679999999995,MID,33.8,97.0,
579,136,J.Crisp,COL,19,61,20,87.6842,0.263,-0.735,-0.8102179999999999,DEF,85.5,97.5,41.5
1172,17,C.Jones,ADE,15,61,20,61.9333,0.263,-2.817,-3.0949910000000003,DEF,61.9,97.5,
1849,200,M.Redman,ESS,17,61,20,84.5294,0.263,-0.99,-0.967645,DEF,82.0,97.5,41.5
3102,282,B.Long,GCS,13,61,20,57.1538,0.263,-3.203,-3.396831,DEF,57.2,97.5,
4686,385,H.Thomas,GWS,19,58,20,57.5263,0.263,-3.173,-3.154327,FWD,57.5,98.5,
9927,691,C.Warner,SYD,4,58,20,45.5,0.263,-4.146,-4.407685,FWD,45.5,98.5,
2232,228,N.Fyfe,FRE,19,64,20,70.7895,0.368,-2.101,-2.593384,MID,70.8,99.0,59.0
8677,622,J.Higgins,STK,16,57,20,73.0,0.263,-1.922,-1.7705119999999999,FWD,73.0,100.0,
1442,184,D.Heppell,ESS,17,60,20,86.3529,0.263,-0.842,-0.866459,DEF,83.4,101.0,
3971,334,S.Neale,GEE,9,54,20,53.7778,0.263,-3.476,-3.228517,FWD,53.8,101.0,
5781,453,T.McDonald,MEL,18,60,20,79.6667,0.263,-1.383,-1.497668,DEF,78.7,101.0,
9309,656,H.Cunningham,SYD,16,60,20,50.5,0.263,-3.741,-3.925363,DEF,50.5,101.0,
5386,429,N.Watson,HAW,12,63,20,62.9167,0.368,-2.737,-3.133704,MID,62.9,101.5,
5672,448,E.Langdon,MEL,18,63,20,77.3889,0.368,-1.567,-1.84116,MID,76.9,101.5,
7850,566,S.Bolton,RIC,18,63,20,81.1667,0.368,-1.262,-1.761008,MID,79.8,101.5,60.5
8029,581,J.Hopper,RIC,8,63,20,84.5,0.368,-0.992,-1.454944,MID,78.3,101.5,60.5
6604,50,C.Cameron,BRL,19,53,20,57.0526,0.263,-3.211,-3.030319,FWD,57.1,102.0,
2683,258,M.Andrew,GCS,16,59,20,78.5,0.263,-1.477,-1.7271130000000001,DEF,77.4,103.0,
2166,225,T.Emmett,FRE,12,52,20,41.3333,0.263,-4.483,-4.441183,FWD,41.3,104.5,
2454,246,S.Sturt,FRE,9,52,20,51.4444,0.263,-3.665,-3.497732,FWD,51.4,104.5,
5889,46,W.Ashcroft,BRL,5,62,20,67.8,0.368,-2.342,-2.2684,MID,67.8,104.5,
6354,481,A.Corr,NTH,19,58,20,63.9474,0.263,-2.654,-2.849146,DEF,63.9,104.5,
6836,510,L.Shiels,NTH,14,62,20,46.3571,0.368,-4.076,-4.663696,MID,46.4,104.5,
6957,516,D.Tucker,NTH,19,58,20,68.4211,0.263,-2.292,-2.538431,DEF,68.4,104.5,
7254,527,D.Byrne-Jones,PTA,19,52,20,63.1579,0.263,-2.718,-2.5328479999999995,FWD,63.2,104.5,
7307,532,F.Evans,PTA,10,52,20,41.0,0.263,-4.509,-4.361457000000001,FWD,41.0,104.5,
4875,396,M.D'Ambrosio,HAW,18,57,20,81.9444,0.263,-1.199,-1.138247,DEF,80.4,106.0,
1805,2,H.Bond,ADE,3,56,20,42.3333,0.263,-4.402,-4.627917,DEF,42.3,107.0,
580,136,J.Crisp,COL,19,61,20,87.6842,0.368,-0.735,-1.054424,MID,85.5,107.5,62.0
1173,17,C.Jones,ADE,15,61,20,61.9333,0.368,-2.817,-3.4002800000000004,MID,61.9,107.5,
10826,746,J.Culley,WCE,3,61,20,43.3333,0.368,-4.321,-4.967575999999999,MID,43.3,107.5,
11533,806,N.Long,COL,4,61,20,39.5,0.368,-4.631,-5.234888,MID,39.5,107.5,
3314,296,D.Swallow,GCS,17,51,20,46.5294,0.263,-4.062,-4.0304400000000005,FWD,46.5,108.0,
4812,393,L.Breust,HAW,13,51,20,41.0,0.263,-4.509,-4.421158,FWD,41.0,108.0,
10115,704,S.Darcy,WBD,16,51,20,74.8125,0.263,-1.775,-1.4520359999999999,FWD,74.8,108.0,
2813,265,S.Clohesy,GCS,16,55,20,70.4375,0.263,-2.129,-2.31573,DEF,70.4,109.0,
6792,508,B.Scott,NTH,19,55,20,72.1579,0.263,-1.99,-2.103879,DEF,72.2,109.0,
8407,602,J.Trezise,RIC,4,55,20,52.5,0.263,-3.58,-3.74043,DEF,52.5,109.0,
1876,205,D.Shiel,ESS,5,60,20,71.6,0.368,-2.035,-2.2664720000000003,MID,71.6,110.5,
3624,310,B.Close,GEE,19,50,20,66.4211,0.263,-2.454,-2.407449,FWD,66.4,110.5,
3643,312,P.Dangerfield,GEE,10,60,20,81.3,0.368,-1.251,-1.489096,MID,77.7,110.5,63.0
4517,376,T.McMullin,GWS,10,50,20,42.3,0.263,-4.404,-4.271974,FWD,42.3,110.5,
1762,198,D.Parish,ESS,8,59,20,86.5,0.368,-0.83,-1.033504,MID,79.0,112.0,64.0
483,130,L.Young,CAR,6,54,20,67.1667,0.263,-2.394,-2.6909270000000003,DEF,67.2,112.5,
932,154,B.Maynard,COL,19,54,20,81.0,0.263,-1.275,-1.4590999999999998,DEF,80.0,112.5,43.0
7897,568,T.Brown,RIC,17,54,20,57.6471,0.263,-3.163,-3.4512479999999996,DEF,57.6,112.5,
11756,94,A.Cincotta,CAR,12,54,20,49.6667,0.263,-3.809,-4.122233,DEF,49.7,112.5,
5826,456,A.Moniz-Wakefield,MEL,5,49,20,55.2,0.263,-3.361,-3.2571150000000006,FWD,55.2,113.5,
7047,52,J.Daniher,BRL,19,49,20,85.0,0.263,-0.952,-0.7295019999999999,FWD,83.3,113.5,35.0
8828,631,T.Membrey,STK,15,49,20,58.4667,0.263,-3.097,-2.820061,FWD,58.5,113.5,
11727,91,J.Carroll,CAR,13,49,20,40.5385,0.263,-4.547,-4.429702,FWD,40.5,113.5,
4685,385,H.Thomas,GWS,19,58,20,57.5263,0.368,-3.173,-3.907896,MID,57.5,114.0,
6956,516,D.Tucker,NTH,19,58,20,68.4211,0.368,-2.292,-2.835536,MID,68.4,114.0,
7563,55,J.Fletcher,BRL,19,58,20,64.0526,0.368,-2.645,-3.122296,MID,64.1,114.0,
4874,396,M.D'Ambrosio,HAW,18,57,20,81.9444,0.368,-1.199,-1.328536,MID,80.4,116.0,
8989,641,L.Stocker,STK,12,53,20,52.3333,0.263,-3.593,-3.862049,DEF,52.3,116.5,
9026,644,J.Webster,STK,11,53,20,64.4545,0.263,-2.613,-2.890465,DEF,64.5,116.5,
11493,799,L.Evans,PTA,6,53,20,73.3333,0.263,-1.895,-2.165101,DEF,73.3,116.5,
11801,96,L.Cowan,CAR,13,53,20,58.6923,0.263,-3.079,-3.252317,DEF,58.7,116.5,
11743,93,A.Cerra,CAR,11,56,20,87.1818,0.368,-0.775,-1.233528,MID,80.8,117.0,65.0
94,105,L.Fogarty,CAR,13,48,20,64.4615,0.263,-2.612,-2.516268,FWD,64.5,117.5,
1408,181,J.Gresham,ESS,18,48,20,60.7222,0.263,-2.915,-2.793494,FWD,60.7,117.5,36.0
6548,498,N.Larkey,NTH,19,48,20,61.1053,0.263,-2.884,-2.7243589999999998,FWD,61.1,117.5,
11271,772,L.Ryan,WCE,13,48,20,55.7692,0.263,-3.315,-3.154307,FWD,55.8,117.5,
2812,265,S.Clohesy,GCS,16,55,20,70.4375,0.368,-2.129,-2.591576,MID,70.4,119.5,
3548,306,T.Bruhn,GEE,12,55,20,73.4167,0.368,-1.888,-2.31304,MID,73.4,119.5,
6791,508,B.Scott,NTH,19,55,20,72.1579,0.368,-1.99,-2.3539519999999996,MID,72.2,119.5,
10473,724,C.Poulter,WBD,5,55,20,47.4,0.368,-3.992,-4.2087520000000005,MID,47.4,119.5,
808,147,J.Howe,COL,15,52,20,75.0,0.263,-1.76,-1.733174,DEF,75.0,120.5,
5528,435,J.Bowey,MEL,11,52,20,58.9091,0.263,-3.061,-3.193815,DEF,58.9,120.5,
6610,500,G.Logue,NTH,2,52,20,65.0,0.263,-2.569,-2.768617,DEF,65.0,120.5,
9282,654,B.Campbell,SYD,17,52,20,46.0,0.263,-4.105,-4.309877,DEF,46.0,120.5,
4548,377,X.O'Halloran,GWS,14,47,20,56.4286,0.263,-3.262,-3.21992,FWD,56.4,121.0,
7915,569,S.Campbell,RIC,17,47,20,50.5294,0.263,-3.739,-3.6209130000000003,FWD,50.5,121.0,
9529,667,J.Jordon,SYD,19,47,20,70.8421,0.263,-2.096,-1.9716010000000002,FWD,70.8,121.0,37.0
1139,168,S.Sidebottom,COL,18,53,20,73.2222,0.368,-1.904,-2.238512,MID,73.2,122.5,
6888,512,D.Stephens,NTH,13,53,20,48.8462,0.368,-3.875,-4.510168,MID,48.8,122.5,
3450,303,J.Bews,GEE,1,51,20,51.0,0.263,-3.701,-4.132057,DEF,51.0,123.5,
10044,700,N.Coffield,WBD,6,51,20,41.6667,0.263,-4.456,-4.829986,DEF,41.7,123.5,
1728,196,J.Menzie,ESS,11,46,20,36.5455,0.263,-4.87,-4.860269,FWD,36.5,124.0,
3070,280,B.King,GCS,18,46,20,60.1667,0.263,-2.96,-2.826659,FWD,60.2,124.0,
9281,654,B.Campbell,SYD,17,52,20,46.0,0.368,-4.105,-4.578616,MID,46.0,124.0,
10954,751,L.Edwards,WCE,12,46,20,42.5,0.263,-4.388,-4.291742,FWD,42.5,124.0,
3313,296,D.Swallow,GCS,17,51,20,46.5294,0.368,-4.062,-4.803152,MID,46.5,125.0,
7419,539,L.Jones,PTA,14,50,20,54.0714,0.263,-3.453,-3.737829,DEF,54.1,125.0,
13,1,S.Berry,ADE,14,50,20,59.9286,0.368,-2.979,-3.357672,MID,59.9,126.0,
3665,313,S.De Koning,GEE,18,49,20,68.9444,0.263,-2.25,-2.474602,DEF,68.9,126.0,
7271,530,C.Dixon,PTA,13,45,20,72.4615,0.263,-1.965,-1.685431,FWD,72.5,126.0,38.0
11728,91,J.Carroll,CAR,13,49,20,40.5385,0.368,-4.547,-5.172968,MID,40.5,127.0,
1272,174,N.Cox,ESS,18,48,20,51.8333,0.263,-3.633,-3.970166,DEF,51.8,127.5,
8254,593,H.Ralphsmith,RIC,14,48,20,54.5714,0.263,-3.412,-3.724444,DEF,54.6,127.5,
294,119,J.Motlop,CAR,2,44,20,50.5,0.263,-3.741,-3.893803,FWD,50.5,128.5,
6221,475,C.Windsor,MEL,19,44,20,59.6316,0.263,-3.003,-2.8449370000000003,FWD,59.6,128.5,
8716,623,B.Hill,STK,18,44,20,74.5,0.263,-1.801,-1.649249,FWD,74.5,128.5,
9944,692,S.Wicks,SYD,15,44,20,46.6667,0.263,-4.051,-3.9857760000000004,FWD,46.7,128.5,
1271,174,N.Cox,ESS,18,48,20,51.8333,0.368,-3.633,-4.29172,MID,51.8,129.0,
8255,593,H.Ralphsmith,RIC,14,48,20,54.5714,0.368,-3.412,-4.038336,MID,54.6,129.0,
8399,601,T.Taranto,RIC,11,48,20,96.5455,0.368,-0.018,-0.324912,MID,85.3,129.0,66.0
1088,164,I.Quaynor,COL,19,44,20,58.0526,0.263,-3.131,-3.360073,DEF,58.1,129.5,44.5
3195,289,W.Powell,GCS,14,44,20,89.5714,0.263,-0.582,-0.659585,DEF,83.9,129.5,44.5
2520,250,C.Wagner,FRE,8,43,20,58.375,0.263,-3.105,-3.209411,DEF,58.4,131.5,
4547,377,X.O'Halloran,GWS,14,47,20,56.4286,0.368,-3.262,-3.9637759999999997,MID,56.4,131.5,
7995,578,S.Green,RIC,5,43,20,38.2,0.263,-4.736,-4.668409,FWD,38.2,131.5,
9530,667,J.Jordon,SYD,19,47,20,70.8421,0.368,-2.096,-2.639536,MID,70.8,131.5,67.0
10233,709,R.Garcia,WBD,9,43,20,67.4444,0.263,-2.371,-2.161915,FWD,67.4,131.5,
11477,788,W.Parker,COL,3,43,20,27.3333,0.263,-5.615,-5.642878,DEF,27.3,131.5,
10953,751,L.Edwards,WCE,12,46,20,42.5,0.368,-4.388,-5.0412,MID,42.5,133.0,
3050,279,L.Johnston,GCS,6,42,20,46.1667,0.263,-4.092,-4.391557,DEF,46.2,133.5,
3364,3,J.Borlase,ADE,9,42,20,64.4444,0.263,-2.614,-2.875685,DEF,64.4,133.5,
874,151,P.Lipinski,COL,19,42,20,77.3158,0.263,-1.573,-1.392582,FWD,76.9,134.0,39.0
1942,211,P.Wright,ESS,14,42,20,70.2143,0.263,-2.147,-1.9508019999999997,FWD,70.2,134.0,
9446,665,W.Hayward,SYD,19,42,20,69.3158,0.263,-2.22,-2.075876,FWD,69.3,134.0,
6220,475,C.Windsor,MEL,19,44,20,59.6316,0.368,-3.003,-3.522248,MID,59.6,134.5,
8717,623,B.Hill,STK,18,44,20,74.5,0.368,-1.801,-2.294488,MID,74.5,134.5,
2061,217,H.Chapman,FRE,12,41,20,67.0833,0.263,-2.4,-2.488368,DEF,67.1,135.5,
9361,659,R.Fox,SYD,13,41,20,55.9231,0.263,-3.303,-3.7356350000000003,DEF,55.9,135.5,
875,151,P.Lipinski,COL,19,42,20,77.3158,0.368,-1.573,-2.016808,MID,76.9,136.0,68.0
2995,276,N.Holman,GCS,17,41,20,51.3529,0.263,-3.672,-3.482903,FWD,51.4,137.0,
9362,659,R.Fox,SYD,13,41,20,55.9231,0.263,-3.303,-3.3195690000000004,FWD,55.9,137.0,
11785,95,M.Cottrell,CAR,13,41,20,56.0,0.263,-3.297,-3.1875920000000004,FWD,56.0,137.0,
6249,476,T.Woewodin,MEL,14,40,20,27.2857,0.263,-5.618,-6.019864,DEF,27.3,137.5,
10329,716,B.Khamis,WBD,14,40,20,52.9286,0.263,-3.545,-3.887163,DEF,52.9,137.5,
177,108,O.Hollands,CAR,18,41,20,54.8333,0.368,-3.391,-3.68356,MID,54.8,138.0,
4749,39,Z.Taylor,ADE,5,41,20,46.8,0.368,-4.04,-4.777104,MID,46.8,138.0,
11786,95,M.Cottrell,CAR,13,41,20,56.0,0.368,-3.297,-3.8983119999999998,MID,56.0,138.0,
1621,191,J.Laverde,ESS,17,39,20,64.8235,0.263,-2.583,-2.715026,DEF,64.8,139.0,
8374,6,B.Cook,ADE,15,39,20,49.2667,0.368,-3.841,-4.441208,MID,49.3,140.0,
7772,563,N.Balta,RIC,15,38,20,65.0667,0.263,-2.563,-2.8420430000000003,DEF,65.1,140.5,
11008,757,B.Hough,WCE,19,38,20,63.4737,0.263,-2.692,-2.92607,DEF,63.5,140.5,
6248,476,T.Woewodin,MEL,14,40,20,27.2857,0.263,-5.618,-5.551198,FWD,27.3,141.0,
6513,49,S.Brain,BRL,6,40,20,38.6667,0.263,-4.698,-4.422113,FWD,38.7,141.0,
9920,690,C.Warner,SYD,19,38,20,101.474,0.368,0.381,0.277592,MID,96.9,141.0,69.0
10328,716,B.Khamis,WBD,14,40,20,52.9286,0.263,-3.545,-3.473727,FWD,52.9,141.0,
10662,733,C.Weightman,WBD,12,40,20,67.9167,0.263,-2.333,-2.097878,FWD,67.9,141.0,
10717,736,O.Allen,WCE,7,40,20,48.2857,0.263,-3.92,-3.624651,FWD,48.3,141.0,
3148,283,J.Lukosius,GCS,19,37,20,69.0,0.263,-2.245,-2.464605,DEF,69.0,142.0,
6449,487,Z.Duursma,NTH,11,33,20,39.2727,0.368,-4.649,-5.447191999999999,MID,39.3,142.0,
5510,434,J.Billings,MEL,13,28,20,52.6923,0.368,-3.564,-3.95224,MID,52.7,143.0,70.0
4644,384,S.Taylor,GWS,12,35,20,70.8333,0.263,-2.097,-2.247962,DEF,70.8,143.5,46.0
4933,399,S.Frost,HAW,19,35,20,48.5263,0.263,-3.901,-4.195297,DEF,48.5,143.5,
7959,574,T.Dow,RIC,16,24,20,60.1875,0.368,-2.958,-3.493072,MID,60.2,144.0,
363,122,M.Owies,CAR,19,39,20,53.2632,0.263,-3.518,-3.3775579999999996,FWD,53.3,145.0,
1863,202,J.Ridley,ESS,9,33,20,102.556,0.263,0.468,0.497456,DEF,85.8,145.0,47.0
8373,6,B.Cook,ADE,15,39,20,49.2667,0.263,-3.841,-3.7202830000000002,FWD,49.3,145.0,
11447,781,L.Sullivan,COL,10,20,20,52.6,0.368,-3.571,-4.145448,MID,52.6,145.0,
11528,804,J.Hutchinson,WCE,6,39,20,39.1667,0.263,-4.658,-4.35029,FWD,39.2,145.0,
10641,732,L.Vandermeer,WBD,19,31,20,48.3158,0.263,-3.918,-4.223343,DEF,48.3,146.0,
11502,8,D.Curtin,ADE,3,19,20,23.6667,0.368,-5.911,-6.3709999999999996,MID,23.7,146.0,
1980,212,J.Aish,FRE,19,16,20,63.9474,0.368,-2.654,-3.2203519999999997,MID,63.9,147.0,
6328,480,C.Comben,NTH,16,30,20,78.375,0.263,-1.487,-1.6658400000000002,DEF,77.3,147.5,
8343,599,K.Smith,RIC,3,30,20,30.6667,0.263,-5.345,-5.909135,DEF,30.7,147.5,
1186,172,N.Caddy,ESS,6,38,20,48.6667,0.263,-3.89,-3.690909,FWD,48.7,148.0,
4485,370,D.Jones,GWS,8,38,20,59.25,0.263,-3.034,-2.730235,FWD,59.2,148.0,
7773,563,N.Balta,RIC,15,38,20,65.0667,0.263,-2.563,-2.4578,FWD,65.1,148.0,
10090,703,C.Daniel,WBD,11,14,20,44.4545,0.368,-4.23,-4.662032,MID,44.5,148.0,71.0
5176,411,F.Maginness,HAW,10,12,20,45.9,0.368,-4.113,-4.660584,MID,45.9,149.0,
9749,678,L.Melican,SYD,19,28,20,50.8947,0.263,-3.709,-3.952801,DEF,50.9,149.0,
1797,199,A.Perkins,ESS,16,10,20,64.4375,0.368,-2.614,-3.089456,MID,64.4,150.0,
11258,771,J.Rotham,WCE,13,26,20,42.2308,0.263,-4.41,-4.748481,DEF,42.2,150.0,
3149,283,J.Lukosius,GCS,19,37,20,69.0,0.263,-2.245,-2.093512,FWD,69.0,150.5,
6156,472,J.van Rooyen,MEL,17,37,20,63.7059,0.263,-2.673,-2.557017,FWD,63.7,150.5,
11286,774,Z.Trew,WCE,4,3,20,40.25,0.368,-4.57,-4.9173919999999995,MID,40.2,151.0,
9900,69,C.McKenna,BRL,13,19,20,56.0,0.263,-3.297,-3.551584,DEF,56.0,151.5,
11503,8,D.Curtin,ADE,3,19,20,23.6667,0.263,-5.911,-6.115351,DEF,23.7,151.5,
5605,441,B.Fritsch,MEL,19,35,20,55.1053,0.263,-3.369,-3.239604,FWD,55.1,152.0,
1979,212,J.Aish,FRE,19,16,20,63.9474,0.263,-2.654,-2.918841,DEF,63.9,153.0,
6448,487,Z.Duursma,NTH,11,33,20,39.2727,0.263,-4.649,-4.64374,FWD,39.3,153.5,
11515,80,H.Smith,BRL,2,33,20,26.5,0.263,-5.682,-5.326161,FWD,26.5,153.5,
6130,471,D.Turner,MEL,11,5,20,41.9091,0.263,-4.436,-4.732138,DEF,41.9,154.0,
10642,732,L.Vandermeer,WBD,19,31,20,48.3158,0.263,-3.918,-3.804384,FWD,48.3,155.0,
6329,480,C.Comben,NTH,16,30,20,78.375,0.263,-1.487,-1.316576,FWD,77.3,156.0,
317,12,D.Fogarty,ADE,19,29,20,68.3158,0.263,-2.301,-2.131365,FWD,68.3,157.0,
5511,434,J.Billings,MEL,13,28,20,52.6923,0.263,-3.564,-3.308364,FWD,52.7,158.0,40.0
8068,584,R.Mansell,RIC,17,25,20,60.9412,0.263,-2.897,-2.7636589999999996,FWD,60.9,159.0,
3590,309,T.Clohesy,GEE,2,23,20,22.5,0.263,-6.005,-5.980804,FWD,22.5,161.0,
4628,381,J.Riccardi,GWS,19,23,20,57.3684,0.263,-3.186,-3.0360899999999997,FWD,57.4,161.0,
6522,495,R.Hansen Jr,NTH,2,23,20,27.0,0.263,-5.642,-5.423184000000001,FWD,27.0,161.0,
10843,747,J.Darling,WCE,17,22,20,55.0588,0.263,-3.373,-3.2186190000000003,FWD,55.1,163.5,
11161,765,R.Maric,WCE,16,22,20,39.25,0.263,-4.651,-4.509769,FWD,39.2,163.5,
11446,781,L.Sullivan,COL,10,20,20,52.6,0.263,-3.571,-3.438448,FWD,52.6,165.0,
3226,292,M.Rosas,GCS,6,17,20,49.8333,0.263,-3.795,-3.8244559999999996,FWD,49.8,166.0,
1600,190,K.Langford,ESS,19,16,20,76.4211,0.263,-1.645,-1.3785809999999998,FWD,76.2,167.0,41.0
825,15,E.Himmelberg,ADE,9,15,20,54.7778,0.263,-3.395,-3.254558,FWD,54.8,168.0,
4022,338,G.Rohan,GEE,11,14,20,37.0,0.263,-4.833,-4.798021,FWD,37.0,169.5,
10091,703,C.Daniel,WBD,11,14,20,44.4545,0.263,-4.23,-3.9904070000000003,FWD,44.5,169.5,42.0
2770,261,T.Berry,GCS,17,12,20,51.1765,0.263,-3.687,-3.5594449999999997,FWD,51.2,171.5,
5177,411,F.Maginness,HAW,10,12,20,45.9,0.263,-4.113,-3.9523070000000002,FWD,45.9,171.5,
1798,199,A.Perkins,ESS,16,10,20,64.4375,0.263,-2.614,-2.434371,FWD,64.4,173.0,
730,144,H.Harrison,COL,12,8,20,46.5833,0.263,-4.058,-3.947014,FWD,46.6,174.0,
6131,471,D.Turner,MEL,11,5,20,41.9091,0.263,-4.436,-4.301344,FWD,41.9,175.0,
7538,548,Q.Narkle,PTA,7,4,20,29.8571,0.263,-5.411,-5.433617999999999,FWD,29.9,176.0,
4241,353,A.Cadman,GWS,17,3,20,45.2941,0.263,-4.162,-3.9955209999999997,FWD,45.3,177.0,
11832,98,D.Cuningham,CAR,5,0,20,39.6,0.263,-4.623,-4.536999000000001,FWD,39.6,178.0,
3406,301,J.Witts,GCS,13,161,21,107.846,0.105,0.896,0.8426600000000001,RUC,93.6,1.0,1.0
4428,368,J.Hogan,GWS,20,146,21,90.45,0.263,-0.511,-0.19355900000000004,FWD,88.4,1.0,1.0
4741,389,L.Whitfield,GWS,20,152,21,109.85,0.263,1.058,1.1632,DEF,105.3,1.0,1.0
9971,695,M.Bontempelli,WBD,20,182,21,127.45,0.368,2.481,2.451192,MID,120.6,1.0,1.0
7272,530,C.Dixon,PTA,14,131,21,76.6429,0.263,-1.627,-1.4363249999999999,FWD,76.0,2.0,2.0
7294,531,W.Drew,PTA,20,163,21,93.8,0.368,-0.24,-0.6157279999999999,MID,91.3,2.0,
8185,590,T.Nankervis,RIC,18,150,21,112.389,0.105,1.263,1.19706,RUC,104.3,2.0,2.0
341,120,N.Newman,CAR,20,144,21,99.6,0.263,0.229,0.29185700000000003,DEF,96.4,2.5,2.0
809,147,J.Howe,COL,16,144,21,79.3125,0.263,-1.411,-1.4759609999999999,DEF,78.0,2.5,
3570,307,J.Cameron,GEE,19,117,21,84.9474,0.263,-0.956,-0.668015,FWD,83.2,3.0,3.0
7003,518,T.Xerri,NTH,20,144,21,115.4,0.105,1.507,1.52107,RUC,110.1,3.0,3.0
10580,730,A.Treloar,WBD,19,149,21,118.789,0.368,1.781,1.6404239999999999,MID,111.2,3.0,2.0
5627,443,M.Gawn,MEL,18,130,21,122.833,0.105,2.108,2.105795,RUC,112.4,4.0,4.0
7361,535,M.Georgiades,PTA,16,116,21,69.9375,0.263,-2.17,-1.968805,FWD,69.9,4.0,
8944,639,J.Sinclair,STK,19,142,21,110.421,0.263,1.104,1.167383,DEF,104.3,4.0,3.0
8945,639,J.Sinclair,STK,19,142,21,110.421,0.368,1.104,0.961584,MID,104.3,4.0,3.0
5028,403,B.Hardwick,HAW,20,115,21,75.1,0.263,-1.752,-1.530028,FWD,75.1,5.0,
6401,483,L.Davies-Uniacke,NTH,20,141,21,110.35,0.368,1.098,0.9287200000000001,MID,105.7,5.0,4.0
8785,629,R.Marshall,STK,20,126,21,109.2,0.105,1.005,0.9854699999999998,RUC,104.7,5.0,5.0
3196,289,W.Powell,GCS,15,131,21,92.3333,0.263,-0.359,-0.49523400000000006,DEF,86.3,5.5,4.5
4793,390,K.Amon,HAW,20,131,21,90.65,0.263,-0.495,-0.51078,DEF,88.6,5.5,4.5
1229,173,J.Caldwell,ESS,20,111,21,97.55,0.263,0.063,0.268403,FWD,94.6,6.0,4.0
2046,215,A.Brayshaw,FRE,20,137,21,108.75,0.368,0.969,0.8733199999999999,MID,104.3,6.0,5.0
2885,27,R.O'Brien,ADE,18,117,21,93.7222,0.105,-0.246,-0.33945,RUC,89.7,6.0,6.0
114,106,G.Hewett,CAR,18,135,21,90.3889,0.368,-0.516,-0.7294400000000001,MID,87.0,7.0,6.0
1578,19,B.Keays,ADE,20,109,21,79.1,0.263,-1.429,-1.152324,FWD,78.6,7.0,5.0
5195,413,L.Meek,HAW,16,109,21,105.312,0.105,0.691,0.6108849999999999,RUC,96.1,7.0,
2392,241,L.Ryan,FRE,20,126,21,117.2,0.263,1.652,1.7545699999999997,DEF,111.7,7.5,6.5
10066,702,B.Dale,WBD,20,126,21,100.3,0.263,0.286,0.23865999999999998,DEF,97.0,7.5,6.5
7647,556,J.Sweet,PTA,11,108,21,88.2727,0.105,-0.687,-0.783495,RUC,81.3,8.0,
7681,560,O.Wines,PTA,19,133,21,97.5789,0.368,0.066,-0.09039999999999998,MID,93.7,8.0,7.0
10601,731,J.Ugle-Hagan,WBD,18,108,21,67.9444,0.263,-2.331,-2.192399,FWD,67.9,8.0,
7232,526,Z.Butters,PTA,20,132,21,118.4,0.368,1.749,1.7648240000000002,MID,112.7,9.0,8.0
10160,706,T.English,WBD,20,102,21,109.4,0.105,1.021,0.9559,RUC,104.9,9.0,7.0
2603,255,H.Young,FRE,20,125,21,102.6,0.263,0.472,0.46726599999999996,DEF,99.0,9.5,8.0
6331,480,C.Comben,NTH,17,107,21,80.0588,0.263,-1.351,-1.2163439999999999,FWD,78.7,9.5,
10844,747,J.Darling,WCE,18,107,21,57.9444,0.263,-3.139,-3.046161,FWD,57.9,9.5,
11181,766,J.McGovern,WCE,17,125,21,108.706,0.263,0.965,1.074671,DEF,99.9,9.5,
4792,390,K.Amon,HAW,20,131,21,90.65,0.368,-0.495,-0.7345679999999999,MID,88.6,10.0,9.0
507,133,D.Cameron,COL,20,99,21,100.85,0.105,0.33,0.305955,RUC,97.5,10.5,8.5
1311,177,S.Draper,ESS,13,99,21,74.8462,0.105,-1.773,-1.896375,RUC,74.8,10.5,8.5
4097,342,T.Stewart,GEE,19,120,21,100.737,0.263,0.321,0.228161,DEF,96.3,11.0,9.0
2604,255,H.Young,FRE,20,125,21,102.6,0.368,0.472,0.240896,MID,99.0,11.5,10.5
11824,97,P.Cripps,CAR,20,125,21,110.35,0.368,1.098,0.9795040000000002,MID,105.7,11.5,10.5
3385,30,J.Rachele,ADE,20,105,21,65.1,0.263,-2.561,-2.415035,FWD,65.1,12.0,6.5
4075,340,T.Stengle,GEE,20,105,21,74.75,0.263,-1.78,-1.6166770000000001,FWD,74.8,12.0,
6747,507,T.Powell,NTH,20,105,21,79.75,0.263,-1.376,-1.135092,FWD,79.1,12.0,6.5
9776,68,O.McInerney,BRL,19,94,21,95.7368,0.105,-0.083,-0.16385,RUC,92.1,12.0,10.0
8461,606,J.Battle,STK,20,119,21,84.8,0.263,-0.968,-1.060576,DEF,83.5,12.5,
11419,779,E.Yeo,WCE,17,119,21,106.647,0.263,0.799,0.802682,DEF,98.4,12.5,10.0
7380,536,J.Horne-Francis,PTA,18,124,21,98.1111,0.368,0.109,-0.051816,MID,93.1,13.0,12.0
9401,662,B.Grundy,SYD,20,89,21,109.5,0.105,1.03,0.9487300000000001,RUC,105.0,13.0,11.0
3247,293,M.Rowell,GCS,20,122,21,102.75,0.368,0.484,0.277552,MID,99.1,14.0,13.0
6794,508,B.Scott,NTH,20,118,21,74.45,0.263,-1.805,-1.9675340000000001,DEF,74.4,14.0,
6903,513,J.Stephenson,NTH,12,104,21,53.25,0.263,-3.519,-3.384081,FWD,53.2,14.0,
4188,350,K.Briggs,GWS,20,86,21,94.45,0.105,-0.187,-0.258925,RUC,91.9,14.5,12.0
11362,777,J.Williams,WCE,15,86,21,55.0667,0.105,-3.372,-3.5736,RUC,55.1,14.5,
1850,200,M.Redman,ESS,18,116,21,86.2778,0.263,-0.848,-0.862991,DEF,83.8,15.0,11.0
10663,733,C.Weightman,WBD,13,102,21,70.5385,0.263,-2.121,-1.941634,FWD,70.5,15.0,
4348,362,T.Green,GWS,20,119,21,104.65,0.368,0.637,0.540952,MID,100.8,15.5,14.5
11420,779,E.Yeo,WCE,17,119,21,106.647,0.368,0.799,0.577096,MID,98.4,15.5,14.5
377,123,M.Pittonet,CAR,10,81,21,86.4,0.105,-0.838,-0.9069849999999999,RUC,80.0,16.0,13.0
5027,403,B.Hardwick,HAW,20,115,21,75.1,0.263,-1.752,-1.8808699999999998,DEF,75.1,16.0,
4370,363,T.Greene,GWS,19,101,21,82.1579,0.263,-1.181,-1.017151,FWD,80.9,16.5,8.5
7741,562,L.Baker,RIC,17,101,21,82.0,0.263,-1.194,-0.947043,FWD,80.2,16.5,8.5
2085,218,J.Clark,FRE,20,111,21,106.25,0.263,0.767,0.773838,DEF,102.2,17.0,12.0
2132,221,S.Darcy,FRE,12,72,21,98.25,0.105,0.12,0.04250999999999999,RUC,87.1,17.0,14.0
6793,508,B.Scott,NTH,20,118,21,74.45,0.368,-1.805,-2.237032,MID,74.4,17.0,
1751,197,Z.Merrett,ESS,20,116,21,114.85,0.368,1.462,1.3891360000000001,MID,109.7,18.0,16.0
4948,40,R.Thilthorpe,ADE,4,100,21,64.5,0.263,-2.609,-2.136915,FWD,64.5,18.0,
11516,80,H.Smith,BRL,3,63,21,38.6667,0.105,-4.698,-4.916715,RUC,38.7,18.0,
4877,396,M.D'Ambrosio,HAW,19,110,21,83.4211,0.263,-1.079,-1.049807,DEF,82.0,18.5,
7330,533,K.Farrell,PTA,19,110,21,85.7895,0.263,-0.888,-1.04843,DEF,83.9,18.5,13.0
9558,67,H.McCluggage,BRL,20,115,21,99.1,0.368,0.189,-0.060504,MID,96.0,19.0,17.0
3489,304,M.Blicavs,GEE,19,62,21,66.3684,0.105,-2.458,-2.594605,RUC,66.4,19.5,15.0
11329,776,B.Williams,WCE,20,62,21,66.95,0.105,-2.411,-2.547815,RUC,67.0,19.5,
1312,177,S.Draper,ESS,13,99,21,74.8462,0.263,-1.773,-1.532881,FWD,74.8,20.0,11.0
5583,44,H.Andrews,BRL,19,109,21,85.9474,0.263,-0.875,-1.016494,DEF,84.0,20.0,14.0
7048,52,J.Daniher,BRL,20,99,21,85.7,0.263,-0.895,-0.6874929999999999,FWD,84.3,20.0,11.0
10914,75,C.Rayner,BRL,20,99,21,80.1,0.263,-1.348,-1.157588,FWD,79.4,20.0,11.0
1230,173,J.Caldwell,ESS,20,111,21,97.55,0.368,0.063,-0.295432,MID,94.6,20.5,18.0
10474,724,C.Poulter,WBD,6,111,21,58.0,0.368,-3.135,-3.667128,MID,58.0,20.5,
787,146,W.Hoskin-Elliott,COL,17,108,21,68.3529,0.263,-2.298,-2.552584,DEF,68.4,21.0,
536,135,M.Cox,COL,13,61,21,56.3846,0.105,-3.265,-3.438145,RUC,56.4,21.5,
1177,171,N.Bryan,ESS,2,61,21,71.0,0.105,-2.084,-2.231105,RUC,71.0,21.5,
4876,396,M.D'Ambrosio,HAW,19,110,21,83.4211,0.368,-1.079,-1.2526959999999998,MID,82.0,22.0,
4221,352,J.Buckley,GWS,18,107,21,80.7222,0.263,-1.297,-1.475314,DEF,79.5,22.5,
6330,480,C.Comben,NTH,17,107,21,80.0588,0.263,-1.351,-1.565608,DEF,78.7,22.5,
4486,370,D.Jones,GWS,9,96,21,63.3333,0.263,-2.704,-2.487025,FWD,63.3,23.0,
4582,378,J.Peatling,GWS,14,96,21,62.5714,0.263,-2.765,-2.524355,FWD,62.6,23.0,
11544,807,B.Teakle,NTH,8,60,21,47.875,0.105,-3.954,-4.18374,RUC,47.9,23.0,
11629,86,D.Zorko,BRL,20,96,21,110.35,0.263,1.098,1.440952,FWD,105.7,23.0,13.0
4032,339,R.Stanley,GEE,9,57,21,59.1111,0.105,-3.045,-3.096345,RUC,59.1,24.0,
6355,481,A.Corr,NTH,20,106,21,66.05,0.263,-2.484,-2.723856,DEF,66.0,24.0,
1066,163,S.Pendlebury,COL,17,109,21,88.1176,0.368,-0.699,-1.058904,MID,84.7,24.5,20.0
1337,178,S.Durham,ESS,19,109,21,91.1579,0.368,-0.454,-0.7896160000000001,MID,88.3,24.5,
1829,20,R.Laird,ADE,20,109,21,105.8,0.368,0.73,0.508464,MID,101.8,24.5,20.0
9424,663,E.Gulden,SYD,20,109,21,110.1,0.368,1.078,0.87376,MID,105.5,24.5,20.0
9723,677,H.McLean,SYD,20,49,21,68.85,0.105,-2.257,-2.411875,RUC,68.8,25.0,16.0
750,145,B.Hill,COL,20,95,21,61.85,0.263,-2.824,-2.6367439999999998,FWD,61.8,25.5,
6820,509,H.Sheezel,NTH,20,105,21,117.75,0.263,1.697,1.824555,DEF,112.2,25.5,15.5
7403,537,D.Houston,PTA,20,105,21,106.2,0.263,0.763,0.83138,DEF,102.1,25.5,15.5
7601,551,W.Rioli,PTA,14,95,21,62.2857,0.263,-2.788,-2.661234,FWD,62.3,25.5,
2287,230,L.Jackson,FRE,20,48,21,95.95,0.105,-0.066,-0.16480499999999998,RUC,93.2,26.0,17.0
1665,193,N.Martin,ESS,20,104,21,102.7,0.263,0.48,0.5741539999999999,DEF,99.1,27.0,17.0
5228,415,D.Moore,HAW,20,94,21,95.25,0.263,-0.123,0.22521200000000002,FWD,92.6,27.0,14.0
8152,588,B.Miller,RIC,18,44,21,75.7222,0.105,-1.702,-1.867165,RUC,75.6,27.0,
6657,503,C.McKercher,NTH,13,103,21,83.7692,0.263,-1.051,-1.006816,DEF,80.0,28.0,18.0
9562,670,P.Ladhams,SYD,1,38,21,38.0,0.105,-4.752,-4.9788,RUC,38.0,28.0,
413,126,S.Walsh,CAR,16,108,21,108.312,0.368,0.934,0.7963680000000001,MID,98.2,28.5,22.5
786,146,W.Hoskin-Elliott,COL,17,108,21,68.3529,0.368,-2.298,-2.852576,MID,68.4,28.5,
3549,306,T.Bruhn,GEE,13,108,21,76.0769,0.368,-1.673,-2.1771599999999998,MID,75.6,28.5,
7621,552,C.Rozee,PTA,17,108,21,99.2353,0.368,0.2,-0.047663999999999984,MID,92.9,28.5,22.5
6549,498,N.Larkey,NTH,20,93,21,62.7,0.263,-2.755,-2.6292859999999996,FWD,62.7,29.0,
8808,63,K.Lohmann,BRL,20,93,21,69.8,0.263,-2.181,-1.969285,FWD,69.8,29.0,
10364,718,R.Lobb,WBD,12,93,21,72.0833,0.263,-1.996,-1.846616,FWD,72.1,29.0,
650,138,N.Daicos,COL,20,101,21,116.35,0.263,1.583,1.7192340000000002,DEF,111.0,30.0,19.5
7740,562,L.Baker,RIC,17,101,21,82.0,0.263,-1.194,-1.281053,DEF,80.2,30.0,19.5
10014,696,L.Bramble,WBD,20,101,21,74.05,0.263,-1.837,-2.017418,DEF,74.0,30.0,
8400,601,T.Taranto,RIC,12,107,21,97.4167,0.368,0.052,-0.280672,MID,86.7,31.0,24.0
10817,745,J.Cripps,WCE,20,92,21,74.25,0.263,-1.821,-1.611126,FWD,74.2,31.0,
5529,435,J.Bowey,MEL,12,100,21,62.3333,0.263,-2.784,-2.9896659999999997,DEF,62.3,32.0,
1763,198,D.Parish,ESS,9,106,21,88.6667,0.368,-0.655,-0.922904,MID,80.3,32.5,25.5
2938,273,S.Flanders,GCS,19,91,21,118.158,0.263,1.73,2.120818,FWD,110.7,32.5,15.5
6094,47,Z.Bailey,BRL,15,91,21,71.7333,0.263,-2.024,-1.85305,FWD,71.7,32.5,15.5
11655,87,B.Acres,CAR,19,106,21,93.0526,0.368,-0.3,-0.5642240000000001,MID,89.9,32.5,25.5
268,114,M.McGovern,CAR,15,99,21,80.1333,0.263,-1.345,-1.554348,DEF,78.3,33.0,
10872,749,L.Duggan,WCE,18,98,21,90.8889,0.263,-0.475,-0.6480539999999999,DEF,87.4,34.0,21.0
1601,190,K.Langford,ESS,20,88,21,77.0,0.263,-1.598,-1.343942,FWD,76.7,34.5,17.0
1900,206,J.Stringer,ESS,20,88,21,65.55,0.263,-2.524,-2.404861,FWD,65.6,34.5,
5284,418,J.Newcombe,HAW,20,105,21,93.4,0.368,-0.272,-0.34376,MID,91.0,34.5,27.5
6748,507,T.Powell,NTH,20,105,21,79.75,0.368,-1.376,-1.722288,MID,79.1,34.5,27.5
7704,561,B.Zerk-Thatcher,PTA,20,94,21,62.85,0.263,-2.743,-2.92184,DEF,62.8,35.5,
11009,757,B.Hough,WCE,20,94,21,65.0,0.263,-2.569,-2.835419,DEF,65.0,35.5,
1664,193,N.Martin,ESS,20,104,21,102.7,0.368,0.48,0.38468800000000003,MID,99.1,36.0,29.0
6050,468,T.Sparrow,MEL,19,87,21,66.2105,0.263,-2.471,-2.32898,FWD,66.2,36.0,
395,124,A.Saad,CAR,15,93,21,85.5333,0.263,-0.908,-0.945609,DEF,81.9,38.0,23.0
1691,194,A.McGrath,ESS,20,93,21,93.05,0.263,-0.301,-0.265495,DEF,90.7,38.0,23.0
2001,213,J.Amiss,FRE,19,86,21,55.1579,0.263,-3.365,-3.2450720000000004,FWD,55.2,38.0,
4307,357,B.Daniels,GWS,19,86,21,84.3158,0.263,-1.007,-0.6188119999999999,FWD,82.7,38.0,18.0
9012,643,N.Wanganeen-Milera,STK,19,93,21,101.632,0.263,0.393,0.396945,DEF,97.0,38.0,23.0
11361,777,J.Williams,WCE,15,86,21,55.0667,0.263,-3.372,-3.26943,FWD,55.1,38.0,
6658,503,C.McKercher,NTH,13,103,21,83.7692,0.368,-1.051,-1.204456,MID,80.0,38.5,30.5
10422,72,L.Neale,BRL,19,103,21,119.0,0.368,1.798,1.77408,MID,111.3,38.5,30.5
10707,735,B.Williams,WBD,20,103,21,77.15,0.368,-1.586,-1.97608,MID,76.9,38.5,
10983,754,R.Ginbey,WCE,20,103,21,71.6,0.368,-2.035,-2.543944,MID,71.6,38.5,
4144,348,L.Ash,GWS,15,91,21,82.2667,0.263,-1.173,-1.199037,DEF,79.7,40.0,25.0
8871,635,M.Phillipou,STK,12,85,21,56.4167,0.263,-3.263,-3.071536,FWD,56.4,40.0,19.0
2415,242,C.Serong,FRE,20,102,21,116.65,0.368,1.608,1.4976,MID,111.2,41.0,32.0
2540,251,B.Walker,FRE,16,90,21,59.9375,0.263,-2.978,-3.176565,DEF,59.9,41.5,
5433,43,C.Ah Chee,BRL,19,84,21,66.4737,0.263,-2.45,-2.317448,FWD,66.5,41.5,
5974,462,T.Rivers,MEL,20,90,21,87.75,0.263,-0.729,-0.840249,DEF,86.1,41.5,26.0
10116,704,S.Darcy,WBD,17,84,21,75.3529,0.263,-1.732,-1.420345,FWD,75.3,41.5,
651,138,N.Daicos,COL,20,101,21,116.35,0.368,1.583,1.537368,MID,111.0,42.5,33.0
10013,696,L.Bramble,WBD,20,101,21,74.05,0.368,-1.837,-2.292952,MID,74.0,42.5,
11587,84,D.Wilmot,BRL,20,88,21,85.15,0.263,-0.939,-1.06524,DEF,83.8,43.0,
5847,457,A.Neal-Bullen,MEL,20,83,21,83.4,0.263,-1.081,-0.795382,FWD,82.3,43.5,20.0
10247,71,L.Morris,BRL,12,83,21,54.5,0.263,-3.418,-3.297546,FWD,54.5,43.5,
8974,640,J.Steele,STK,20,99,21,108.65,0.368,0.961,0.822632,MID,104.3,44.5,34.5
10915,75,C.Rayner,BRL,20,99,21,80.1,0.368,-1.348,-1.7700960000000001,MID,79.4,44.5,34.5
3105,282,B.Long,GCS,14,82,21,58.9286,0.263,-3.06,-2.899833,FWD,58.9,45.0,
1026,160,D.Moore,COL,20,87,21,76.5,0.263,-1.639,-1.814421,DEF,76.3,46.0,28.0
3791,323,J.Henry,GEE,20,87,21,63.8,0.263,-2.666,-2.789084,DEF,63.8,46.0,
4405,367,H.Himmelberg,GWS,20,87,21,90.8,0.263,-0.483,-0.5127189999999999,DEF,88.7,46.0,28.0
5297,42,J.Worrell,ADE,10,87,21,86.7,0.263,-0.814,-0.927879,DEF,80.1,46.0,
11384,778,A.Witherden,WCE,16,87,21,69.75,0.263,-2.185,-2.373045,DEF,69.8,46.0,28.0
11680,9,J.Dawson,ADE,19,98,21,99.8421,0.368,0.249,0.12940000000000002,MID,95.5,46.0,36.0
152,107,E.Hollands,CAR,18,81,21,74.2778,0.263,-1.819,-1.586508,FWD,74.3,47.5,
7524,547,J.Mead,PTA,20,81,21,63.95,0.263,-2.654,-2.552745,FWD,64.0,47.5,
7984,577,J.Graham,RIC,11,81,21,70.6364,0.263,-2.113,-1.9365269999999999,FWD,70.6,47.5,
10718,736,O.Allen,WCE,8,81,21,52.375,0.263,-3.59,-3.3814409999999997,FWD,52.4,47.5,
4052,34,L.Sholl,ADE,17,96,21,87.3529,0.368,-0.761,-1.148872,MID,84.1,48.0,
4581,378,J.Peatling,GWS,14,96,21,62.5714,0.368,-2.765,-3.1525040000000004,MID,62.6,48.0,
11630,86,D.Zorko,BRL,20,96,21,110.35,0.368,1.098,0.9776640000000001,MID,105.7,48.0,37.0
1003,16,M.Hinge,ADE,19,85,21,96.7895,0.263,0.002,-0.09504699999999999,DEF,93.0,50.0,30.0
7112,522,M.Bergman,PTA,20,85,21,76.15,0.263,-1.667,-1.758787,DEF,76.0,50.0,
9859,685,M.Roberts,SYD,17,85,21,76.0,0.263,-1.679,-1.683208,DEF,75.7,50.0,
10349,717,T.Liberatore,WBD,14,94,21,103.0,0.368,0.504,0.369312,MID,92.0,50.0,38.0
3922,330,S.Mannagh,GEE,7,79,21,75.1429,0.263,-1.749,-1.533603,FWD,75.0,50.5,
11306,775,J.Waterman,WCE,17,79,21,86.2941,0.263,-0.847,-0.672368,FWD,83.3,50.5,
2664,257,N.Anderson,GCS,20,93,21,105.4,0.368,0.698,0.5842879999999999,MID,101.4,51.5,39.5
11135,762,T.Kelly,WCE,17,93,21,96.8235,0.368,0.005,-0.27578400000000003,MID,91.1,51.5,39.5
3071,280,B.King,GCS,19,78,21,61.1053,0.263,-2.884,-2.770647,FWD,61.1,52.0,
581,136,J.Crisp,COL,20,84,21,87.5,0.263,-0.749,-0.8205359999999999,DEF,85.9,52.5,31.5
2117,220,B.Cox,FRE,6,84,21,62.0,0.263,-2.811,-2.944078,DEF,62.0,52.5,31.5
6157,472,J.van Rooyen,MEL,18,77,21,64.4444,0.263,-2.614,-2.513534,FWD,64.4,53.0,
2937,273,S.Flanders,GCS,19,91,21,118.158,0.368,1.73,1.70056,MID,110.7,53.5,41.5
6095,47,Z.Bailey,BRL,15,91,21,71.7333,0.368,-2.024,-2.4954080000000003,MID,71.7,53.5,41.5
198,109,B.Kemp,CAR,17,83,21,72.0,0.263,-2.003,-2.192886,DEF,72.0,54.5,
5058,405,J.Impey,HAW,20,83,21,83.6,0.263,-1.065,-1.153368,DEF,82.5,54.5,
6868,511,J.Simpkin,NTH,15,76,21,76.7333,0.263,-1.62,-1.327544,FWD,76.1,54.5,21.0
7916,569,S.Campbell,RIC,18,76,21,51.9444,0.263,-3.625,-3.5368950000000003,FWD,51.9,54.5,
178,108,O.Hollands,CAR,19,90,21,56.6842,0.368,-3.241,-3.58876,MID,56.7,55.0,
3104,282,B.Long,GCS,14,82,21,58.9286,0.263,-3.06,-3.29144,DEF,58.9,56.0,
240,110,M.Kennedy,CAR,20,75,21,74.3,0.263,-1.817,-1.541113,FWD,74.3,56.5,
9488,666,I.Heeney,SYD,19,75,21,115.316,0.263,1.5,1.8944999999999999,FWD,108.3,56.5,22.0
2900,272,B.Fiorini,GCS,12,87,21,73.0833,0.368,-1.915,-2.3293679999999997,MID,73.1,57.0,
3644,312,P.Dangerfield,GEE,11,87,21,81.8182,0.368,-1.209,-1.462552,MID,78.3,57.0,43.0
6051,468,T.Sparrow,MEL,19,87,21,66.2105,0.368,-2.471,-2.9987120000000003,MID,66.2,57.0,
1374,18,M.Keane,ADE,19,81,21,76.7368,0.263,-1.62,-1.715995,DEF,76.4,58.0,
2509,25,N.Murray,ADE,6,81,21,61.3333,0.263,-2.865,-3.281855,DEF,61.3,58.0,
3275,295,A.Sexton,GCS,13,74,21,78.0,0.263,-1.518,-1.378347,FWD,76.7,58.0,23.0
4451,369,C.Idun,GWS,20,81,21,85.55,0.263,-0.907,-0.9964200000000001,DEF,84.2,58.0,33.0
10035,7,M.Crouch,ADE,12,86,21,107.333,0.368,0.854,0.639456,MID,91.9,59.0,44.0
1409,181,J.Gresham,ESS,19,73,21,61.3684,0.263,-2.862,-2.754433,FWD,61.4,60.5,24.0
2503,249,J.Treacy,FRE,20,73,21,84.25,0.263,-1.012,-0.7653059999999999,FWD,83.0,60.5,
3972,334,S.Neale,GEE,10,73,21,55.7,0.263,-3.321,-3.114282,FWD,55.7,60.5,
7308,532,F.Evans,PTA,11,73,21,43.9091,0.263,-4.274,-4.188262,FWD,43.9,60.5,
4474,37,J.Soligo,ADE,20,85,21,84.3,0.368,-1.008,-1.378944,MID,83.1,61.0,
7113,522,M.Bergman,PTA,20,85,21,76.15,0.368,-1.667,-2.002616,MID,76.0,61.0,
9860,685,M.Roberts,SYD,17,85,21,76.0,0.368,-1.679,-1.89428,MID,75.7,61.0,
3443,302,T.Atkins,GEE,17,79,21,80.7647,0.263,-1.294,-1.415769,DEF,79.3,61.5,34.0
6265,477,J.Archer,NTH,12,79,21,48.6667,0.263,-3.89,-4.262145,DEF,48.7,61.5,
7877,567,N.Broad,RIC,19,79,21,67.4737,0.263,-2.369,-2.562831,DEF,67.5,61.5,
11562,81,B.Starcevich,BRL,15,79,21,56.2,0.263,-3.28,-3.56141,DEF,56.2,61.5,
3705,314,O.Dempsey,GEE,20,72,21,74.65,0.263,-1.788,-1.548933,FWD,74.6,63.0,
3873,326,L.Humphries,GEE,6,78,21,81.0,0.263,-1.275,-1.468305,DEF,76.6,64.0,
582,136,J.Crisp,COL,20,84,21,87.5,0.368,-0.749,-1.063272,MID,85.9,64.5,45.0
1877,205,D.Shiel,ESS,6,84,21,73.6667,0.368,-1.868,-2.160928,MID,73.7,64.5,
5432,43,C.Ah Chee,BRL,19,84,21,66.4737,0.368,-2.45,-2.991696,MID,66.5,64.5,
5673,448,E.Langdon,MEL,19,84,21,77.7368,0.368,-1.539,-1.823464,MID,77.3,64.5,
95,105,L.Fogarty,CAR,14,70,21,64.8571,0.263,-2.58,-2.492684,FWD,64.9,65.0,
8829,631,T.Membrey,STK,16,70,21,59.1875,0.263,-3.039,-2.777315,FWD,59.2,65.0,
9601,671,J.Lloyd,SYD,20,76,21,82.5,0.263,-1.154,-1.247628,DEF,81.5,65.0,35.0
11162,765,R.Maric,WCE,17,70,21,41.0588,0.263,-4.505,-4.402167,FWD,41.1,65.0,
434,127,J.Weitering,CAR,18,75,21,77.3889,0.263,-1.567,-1.7019190000000002,DEF,76.9,66.0,
8044,582,J.Koschitzke,RIC,11,69,21,54.5455,0.263,-3.414,-3.373235,FWD,54.5,67.0,
6294,48,J.Berry,BRL,20,82,21,88.25,0.368,-0.689,-1.1674,MID,86.5,67.5,
7443,54,J.Dunkley,BRL,20,82,21,111.7,0.368,1.207,1.097336,MID,106.9,67.5,46.0
3276,295,A.Sexton,GCS,13,74,21,78.0,0.263,-1.518,-1.731293,DEF,76.7,68.0,36.5
5326,423,J.Scrimshaw,HAW,19,74,21,81.2632,0.263,-1.254,-1.334215,DEF,80.2,68.0,36.5
6629,502,L.McDonald,NTH,19,74,21,66.8947,0.263,-2.416,-2.61851,DEF,66.9,68.0,
252,113,J.Martin,CAR,2,68,21,54.0,0.263,-3.458,-3.6684,FWD,54.0,68.5,
2996,276,N.Holman,GCS,18,68,21,52.2778,0.263,-3.598,-3.428365,FWD,52.3,68.5,
153,107,E.Hollands,CAR,18,81,21,74.2778,0.368,-1.819,-2.1914160000000003,MID,74.3,70.5,
2024,214,B.Banfield,FRE,20,67,21,65.2,0.263,-2.553,-2.442014,FWD,65.2,70.5,
5350,425,J.Sicily,HAW,17,73,21,100.941,0.263,0.337,0.30070600000000003,DEF,94.2,70.5,38.0
5459,430,J.Weddle,HAW,20,73,21,70.9,0.263,-2.092,-2.193518,DEF,70.9,70.5,
7525,547,J.Mead,PTA,20,81,21,63.95,0.368,-2.654,-3.2486879999999996,MID,64.0,70.5,
7983,577,J.Graham,RIC,11,81,21,70.6364,0.368,-2.113,-2.57852,MID,70.6,70.5,
8224,592,D.Prestia,RIC,10,81,21,76.7,0.368,-1.623,-1.9196079999999998,MID,75.7,70.5,
10234,709,R.Garcia,WBD,10,67,21,67.4,0.263,-2.375,-2.164863,FWD,67.4,70.5,
2475,247,S.Switkowski,FRE,17,66,21,74.8235,0.263,-1.774,-1.499691,FWD,74.8,72.5,
11239,770,H.Reid,WCE,17,66,21,81.6471,0.263,-1.223,-1.012863,FWD,79.9,72.5,25.0
6959,516,D.Tucker,NTH,20,71,21,68.55,0.263,-2.282,-2.5310610000000002,DEF,68.6,73.5,
8429,603,N.Vlastuin,RIC,19,71,21,90.6316,0.263,-0.496,-0.520722,DEF,87.9,73.5,39.5
9027,644,J.Webster,STK,12,71,21,65.0,0.263,-2.569,-2.858037,DEF,65.0,73.5,
9245,652,N.Blakey,SYD,20,71,21,96.75,0.263,-0.001,0.012676,DEF,93.9,73.5,39.5
3442,302,T.Atkins,GEE,17,79,21,80.7647,0.368,-1.294,-1.673408,MID,79.3,74.0,47.5
3923,330,S.Mannagh,GEE,7,79,21,75.1429,0.368,-1.749,-2.1449680000000004,MID,75.0,74.0,
4518,376,T.McMullin,GWS,11,65,21,44.3636,0.263,-4.238,-4.149632,FWD,44.4,74.0,
9921,690,C.Warner,SYD,20,79,21,100.35,0.368,0.29,0.22008,MID,97.0,74.0,47.5
7025,519,C.Zurhaar,NTH,19,64,21,72.4737,0.263,-1.964,-1.846176,FWD,72.5,75.5,
9092,646,D.Wilson,STK,20,64,21,63.8,0.263,-2.666,-2.4556,FWD,63.8,75.5,
2684,258,M.Andrew,GCS,17,70,21,78.0,0.263,-1.518,-1.75733,DEF,77.2,76.0,
3872,326,L.Humphries,GEE,6,78,21,81.0,0.368,-1.275,-1.7526639999999998,MID,76.6,76.0,
3855,325,M.Holmes,GEE,20,69,21,99.05,0.263,0.185,0.193942,DEF,95.9,78.0,41.0
4604,379,H.Perryman,GWS,16,69,21,78.3125,0.263,-1.492,-1.633494,DEF,77.3,78.0,
5606,441,B.Fritsch,MEL,20,63,21,55.5,0.263,-3.337,-3.2160200000000003,FWD,55.5,78.0,
6869,511,J.Simpkin,NTH,15,76,21,76.7333,0.368,-1.62,-1.895632,MID,76.1,78.0,49.5
7564,55,J.Fletcher,BRL,20,76,21,64.65,0.368,-2.597,-3.0919600000000003,MID,64.6,78.0,
9310,656,H.Cunningham,SYD,17,69,21,51.5882,0.263,-3.653,-3.860507,DEF,51.6,78.0,
9602,671,J.Lloyd,SYD,20,76,21,82.5,0.368,-1.154,-1.495504,MID,81.5,78.0,49.5
10644,732,L.Vandermeer,WBD,20,63,21,49.05,0.263,-3.859,-3.760901,FWD,49.1,78.0,
11517,80,H.Smith,BRL,3,63,21,38.6667,0.263,-4.698,-4.6009530000000005,FWD,38.7,78.0,
289,115,H.McKay,CAR,19,62,21,87.2632,0.263,-0.769,-0.525462,FWD,85.1,80.0,26.0
241,110,M.Kennedy,CAR,20,75,21,74.3,0.368,-1.817,-2.123544,MID,74.3,81.0,
5870,458,C.Oliver,MEL,20,75,21,86.1,0.368,-0.863,-1.261544,MID,84.7,81.0,51.5
9487,666,I.Heeney,SYD,19,75,21,115.316,0.368,1.5,1.469456,MID,108.3,81.0,51.5
716,143,B.Frampton,COL,16,68,21,53.875,0.263,-3.468,-3.8083219999999995,DEF,53.9,81.5,
3338,298,B.Uwland,GCS,18,68,21,71.5556,0.263,-2.039,-2.1605060000000003,DEF,71.6,81.5,
5743,451,S.May,MEL,19,68,21,90.4737,0.263,-0.509,-0.553447,DEF,87.8,81.5,42.0
7420,539,L.Jones,PTA,15,68,21,55.0,0.263,-3.377,-3.6818169999999997,DEF,55.0,81.5,
535,135,M.Cox,COL,13,61,21,56.3846,0.263,-3.265,-3.100362,FWD,56.4,82.0,
4242,353,A.Cadman,GWS,18,61,21,46.1667,0.263,-4.092,-3.9439309999999996,FWD,46.2,82.0,
6505,489,E.Ford,NTH,16,61,21,53.625,0.263,-3.489,-3.380381,FWD,53.6,82.0,
670,139,J.De Goey,COL,13,73,21,82.0,0.368,-1.194,-1.5388159999999997,MID,79.0,83.5,53.5
4707,386,C.Ward,GWS,15,73,21,80.2,0.368,-1.34,-1.804416,MID,78.4,83.5,53.5
1118,167,L.Schultz,COL,17,60,21,60.4118,0.263,-2.94,-2.7706279999999994,FWD,60.4,85.5,28.0
3706,314,O.Dempsey,GEE,20,72,21,74.65,0.368,-1.788,-2.149376,MID,74.6,85.5,
4985,402,J.Gunston,HAW,13,60,21,52.0,0.263,-3.62,-3.315446,FWD,52.0,85.5,
5261,417,C.Nash,HAW,20,72,21,77.05,0.368,-1.594,-2.0006399999999998,MID,76.8,85.5,55.0
5951,461,K.Pickett,MEL,18,60,21,71.4444,0.263,-2.048,-1.7992020000000002,FWD,71.4,85.5,28.0
8852,633,M.Owens,STK,20,60,21,63.95,0.263,-2.654,-2.483313,FWD,64.0,85.5,28.0
933,154,B.Maynard,COL,20,67,21,80.3,0.263,-1.332,-1.501109,DEF,79.6,86.0,43.0
2972,275,W.Graham,GCS,14,67,21,61.2143,0.263,-2.875,-3.037534,DEF,61.2,86.0,
7070,520,A.Aliir,PTA,19,67,21,77.6316,0.263,-1.547,-1.733204,DEF,77.2,86.0,
7193,524,J.Burgoyne,PTA,17,67,21,75.4706,0.263,-1.722,-1.7354129999999999,DEF,75.3,86.0,
10293,714,L.Jones,WBD,17,67,21,73.7059,0.263,-1.865,-2.104856,DEF,73.7,86.0,
6676,505,W.Phillips,NTH,9,71,21,56.6667,0.368,-3.243,-3.5679440000000002,MID,56.7,88.0,
6958,516,D.Tucker,NTH,20,71,21,68.55,0.368,-2.282,-2.8292159999999997,MID,68.6,88.0,
8750,626,Z.Jones,STK,10,71,21,55.5,0.368,-3.337,-3.68476,MID,55.5,88.0,
11272,772,L.Ryan,WCE,14,59,21,56.0,0.263,-3.297,-3.1410410000000004,FWD,56.0,88.0,
10508,725,E.Richards,WBD,17,64,21,97.5294,0.263,0.062,0.088563,DEF,91.7,89.0,44.0
2455,246,S.Sturt,FRE,10,58,21,52.1,0.263,-3.612,-3.458671,FWD,52.1,89.5,
7851,566,S.Bolton,RIC,19,58,21,79.9474,0.263,-1.36,-1.196414,FWD,79.1,89.5,30.0
3854,325,M.Holmes,GEE,20,69,21,99.05,0.368,0.185,-0.02549600000000002,MID,95.9,90.0,56.0
4934,399,S.Frost,HAW,20,63,21,49.25,0.263,-3.842,-4.151814,DEF,49.2,91.0,
9625,674,T.McCartin,SYD,17,63,21,66.2941,0.263,-2.464,-2.7343640000000002,DEF,66.3,91.0,
10643,732,L.Vandermeer,WBD,20,63,21,49.05,0.263,-3.859,-4.17986,DEF,49.1,91.0,
2971,275,W.Graham,GCS,14,67,21,61.2143,0.368,-2.875,-3.299304,MID,61.2,91.5,
7192,524,J.Burgoyne,PTA,17,67,21,75.4706,0.368,-1.722,-1.9494239999999998,MID,75.3,91.5,
2367,24,L.Murphy,ADE,14,57,21,55.6429,0.263,-3.325,-3.1727230000000004,FWD,55.6,92.5,
6378,482,P.Curtis,NTH,20,57,21,58.3,0.263,-3.111,-2.939261,FWD,58.3,92.5,
7153,523,T.Boak,PTA,17,57,21,78.0,0.263,-1.518,-1.27867,FWD,77.2,92.5,
10452,721,A.Naughton,WBD,16,57,21,73.25,0.263,-1.902,-1.7612949999999998,FWD,73.2,92.5,31.0
11238,770,H.Reid,WCE,17,66,21,81.6471,0.368,-1.223,-1.611608,MID,79.9,93.0,57.0
1046,162,J.Noble,COL,17,62,21,76.6471,0.263,-1.627,-1.7132640000000001,DEF,76.2,93.5,
5722,450,J.Lever,MEL,16,62,21,73.75,0.263,-1.861,-2.104012,DEF,73.8,93.5,45.0
9093,646,D.Wilson,STK,20,64,21,63.8,0.368,-2.666,-3.096192,MID,63.8,94.5,
10509,725,E.Richards,WBD,17,64,21,97.5294,0.368,0.062,-0.123472,MID,91.7,94.5,58.0
9197,649,T.Adams,SYD,16,56,21,71.9375,0.263,-2.008,-1.886494,FWD,71.9,95.0,32.0
318,12,D.Fogarty,ADE,20,55,21,67.65,0.263,-2.355,-2.171163,FWD,67.6,96.5,
10851,748,T.Dewar,WCE,4,55,21,24.25,0.263,-5.864,-5.583905,FWD,24.2,96.5,
3490,304,M.Blicavs,GEE,19,62,21,66.3684,0.368,-2.458,-2.8565440000000004,MID,66.4,97.0,59.0
5890,46,W.Ashcroft,BRL,6,62,21,66.8333,0.368,-2.421,-2.3183279999999997,MID,66.8,97.0,
11287,774,Z.Trew,WCE,5,62,21,44.6,0.368,-4.218,-4.694928,MID,44.6,97.0,
2521,250,C.Wagner,FRE,9,61,21,58.6667,0.263,-3.081,-3.1917229999999996,DEF,58.7,97.5,
5810,454,J.McVee,MEL,20,61,21,74.35,0.263,-1.813,-2.0531189999999997,DEF,74.4,97.5,
7805,564,S.Banks,RIC,12,61,21,42.1667,0.263,-4.415,-4.6254,DEF,42.2,97.5,
8283,594,D.Rioli,RIC,20,61,21,90.15,0.263,-0.535,-0.506859,DEF,88.2,97.5,47.0
8337,598,J.Short,RIC,19,61,21,78.7895,0.263,-1.454,-1.4792480000000001,DEF,78.1,97.5,47.0
9050,645,C.Wilkie,STK,20,61,21,88.85,0.263,-0.64,-0.615278,DEF,87.0,97.5,47.0
1515,188,H.Jones,ESS,18,54,21,57.6111,0.263,-3.166,-3.032922,FWD,57.6,99.0,
3316,296,D.Swallow,GCS,18,54,21,46.9444,0.263,-4.029,-4.006119,FWD,46.9,99.0,
8085,585,D.*** Martin,RIC,13,54,21,63.4615,0.263,-2.693,-2.521261,FWD,63.5,99.0,33.0
14,1,S.Berry,ADE,15,61,21,60.0,0.368,-2.973,-3.35388,MID,60.0,99.5,
7804,564,S.Banks,RIC,12,61,21,42.1667,0.368,-4.415,-4.894136,MID,42.2,99.5,
1140,168,S.Sidebottom,COL,19,60,21,72.5263,0.368,-1.96,-2.273904,MID,72.5,101.0,
1187,172,N.Caddy,ESS,7,53,21,49.2857,0.263,-3.839,-3.6533219999999997,FWD,49.3,101.0,
2108,22,M.Michalanney,ADE,20,60,21,65.2,0.263,-2.553,-2.730788,DEF,65.2,101.0,
4115,343,Z.Tuohy,GEE,15,59,21,67.3333,0.368,-2.38,-2.89152,MID,67.3,102.0,
5649,445,B.Howes,MEL,13,59,21,55.7692,0.263,-3.315,-3.508305,DEF,55.8,102.0,
5926,460,H.Petty,MEL,17,52,21,49.5882,0.263,-3.815,-3.638264,FWD,49.6,102.0,
3756,320,Z.Guthrie,GEE,20,58,21,82.25,0.263,-1.174,-1.227652,DEF,81.3,103.0,
4969,400,J.Ginnivan,HAW,18,50,21,71.2222,0.263,-2.066,-1.8516549999999998,FWD,71.2,103.0,
7852,566,S.Bolton,RIC,19,58,21,79.9474,0.368,-1.36,-1.8229440000000001,MID,79.1,103.0,60.0
7584,550,E.Ratugolea,PTA,17,57,21,60.6471,0.263,-2.921,-3.204514,DEF,60.6,104.5,
8737,625,D.Howard,STK,12,57,21,58.4167,0.263,-3.101,-3.315871,DEF,58.4,104.5,
4750,39,Z.Taylor,ADE,6,57,21,48.5,0.368,-3.903,-4.69052,MID,48.5,105.0,
7152,523,T.Boak,PTA,17,57,21,78.0,0.368,-1.518,-1.87128,MID,77.2,105.0,
9754,679,C.Mills,SYD,3,57,21,60.3333,0.368,-2.946,-2.9592480000000005,MID,60.3,105.0,
4813,393,L.Breust,HAW,14,49,21,41.5714,0.263,-4.463,-4.387256,FWD,41.6,105.5,
6062,469,K.Tholstrup,MEL,7,49,21,54.5714,0.263,-3.412,-3.186872,FWD,54.6,105.5,
9724,677,H.McLean,SYD,20,49,21,68.85,0.263,-2.257,-2.0763190000000002,FWD,68.8,105.5,34.0
10685,734,R.West,WBD,19,49,21,67.8421,0.263,-2.339,-2.218546,FWD,67.8,105.5,
8990,641,L.Stocker,STK,13,56,21,52.6154,0.263,-3.57,-3.845098,DEF,52.6,106.0,
9196,649,T.Adams,SYD,16,56,21,71.9375,0.368,-2.008,-2.553376,MID,71.9,107.0,61.0
1552,189,J.Kelly,ESS,17,55,21,66.2353,0.368,-2.469,-3.060008,MID,66.2,109.0,
8030,581,J.Hopper,RIC,9,55,21,81.2222,0.368,-1.257,-1.6224239999999999,MID,77.4,109.0,62.5
8501,607,R.Bonner,STK,19,55,21,75.3158,0.368,-1.735,-2.131704,MID,75.3,109.0,62.5
1551,189,J.Kelly,ESS,17,55,21,66.2353,0.263,-2.469,-2.750936,DEF,66.2,109.5,
2062,217,H.Chapman,FRE,13,55,21,66.1538,0.263,-2.476,-2.54438,DEF,66.2,109.5,
2288,230,L.Jackson,FRE,20,48,21,95.95,0.263,-0.066,0.18726900000000002,FWD,93.2,109.5,35.0
3451,303,J.Bews,GEE,2,55,21,53.0,0.263,-3.539,-4.012663,DEF,53.0,109.5,
6605,50,C.Cameron,BRL,20,48,21,56.6,0.263,-3.248,-3.057588,FWD,56.6,109.5,
8502,607,R.Bonner,STK,19,55,21,75.3158,0.263,-1.735,-1.87176,DEF,75.3,109.5,49.0
8718,623,B.Hill,STK,19,48,21,73.1053,0.263,-1.913,-1.731793,FWD,73.1,109.5,
8812,630,A.McLennan,STK,1,55,21,55.0,0.263,-3.377,-3.706276,DEF,55.0,109.5,
9380,660,A.Francis,SYD,4,55,21,52.75,0.263,-3.559,-3.919836,DEF,52.8,109.5,
11089,760,H.Johnston,WCE,3,48,21,26.0,0.263,-5.722,-5.569197000000001,FWD,26.0,109.5,
608,137,J.Daicos,COL,20,54,21,86.05,0.368,-0.867,-1.0480559999999999,MID,84.6,112.0,64.5
3315,296,D.Swallow,GCS,18,54,21,46.9444,0.368,-4.029,-4.782296,MID,46.9,112.0,
4264,354,F.Callaghan,GWS,19,54,21,79.7368,0.368,-1.377,-1.6563120000000002,MID,78.9,112.0,64.5
2175,226,N.Erasmus,FRE,4,47,21,23.0,0.263,-5.965,-5.938963,FWD,23.0,112.5,
3949,331,G.Miers,GEE,20,47,21,82.0,0.263,-1.194,-0.9575629999999999,FWD,81.1,112.5,36.0
3390,300,L.Weller,GCS,3,53,21,62.6667,0.263,-2.757,-2.9847580000000002,DEF,62.7,113.5,
8256,593,H.Ralphsmith,RIC,15,53,21,54.4667,0.263,-3.421,-3.731077,DEF,54.5,113.5,
5115,41,T.Walker,ADE,16,46,21,66.6875,0.263,-2.432,-2.304445,FWD,66.7,114.5,37.0
5827,456,A.Moniz-Wakefield,MEL,6,46,21,53.6667,0.263,-3.485,-3.348503,FWD,53.7,114.5,
4897,397,W.Day,HAW,14,53,21,100.643,0.368,0.313,-0.24120800000000003,MID,90.6,115.0,66.5
8257,593,H.Ralphsmith,RIC,15,53,21,54.4667,0.368,-3.421,-4.044023999999999,MID,54.5,115.0,
9884,686,J.Rowbottom,SYD,18,53,21,96.1667,0.368,-0.049,-0.34487199999999996,MID,91.6,115.0,66.5
5927,460,H.Petty,MEL,17,52,21,49.5882,0.263,-3.815,-4.048281,DEF,49.6,115.5,
10794,744,T.Cole,WCE,20,52,21,67.35,0.263,-2.379,-2.5704640000000003,DEF,67.4,115.5,
3812,324,O.Henry,GEE,18,45,21,50.2778,0.263,-3.759,-3.591995,FWD,50.3,116.5,
9364,659,R.Fox,SYD,14,45,21,55.1429,0.263,-3.366,-3.3660000000000005,FWD,55.1,116.5,
1355,179,X.Duursma,ESS,15,52,21,78.3333,0.368,-1.491,-1.864152,MID,77.2,117.0,
2841,266,S.Collins,GCS,20,50,21,80.9,0.263,-1.283,-1.436592,DEF,80.1,117.5,
3051,279,L.Johnston,GCS,7,50,21,46.7143,0.263,-4.047,-4.358392,DEF,46.7,117.5,
2438,243,J.Sharp,FRE,20,51,21,68.25,0.368,-2.306,-2.693872,MID,68.2,118.0,
32,10,B.Dowling,ADE,8,44,21,67.375,0.263,-2.377,-2.205787,FWD,67.4,119.0,
364,122,M.Owies,CAR,20,44,21,52.8,0.263,-3.555,-3.404827,FWD,52.8,119.0,
4645,384,S.Taylor,GWS,13,48,21,69.0769,0.263,-2.239,-2.352616,DEF,69.1,119.0,50.0
8151,588,B.Miller,RIC,18,44,21,75.7222,0.263,-1.702,-1.5584019999999998,FWD,75.6,119.0,
8719,623,B.Hill,STK,19,48,21,73.1053,0.368,-1.913,-2.365272,MID,73.1,119.5,
11090,760,H.Johnston,WCE,3,48,21,26.0,0.368,-5.722,-6.328464,MID,26.0,119.5,
1714,195,B.McKay,ESS,20,47,21,66.95,0.263,-2.411,-2.577216,DEF,67.0,120.0,
1864,203,A.Roberts,ESS,1,46,21,46.0,0.263,-4.105,-3.5311340000000007,DEF,46.0,121.5,
2151,224,J.Draper,FRE,17,46,21,48.8235,0.263,-3.877,-4.152623999999999,DEF,48.8,121.5,
2174,226,N.Erasmus,FRE,4,47,21,23.0,0.368,-5.965,-6.770184,MID,23.0,121.5,
5482,432,J.Worpel,HAW,20,47,21,87.35,0.368,-0.762,-1.066704,MID,85.7,121.5,68.0
6250,476,T.Woewodin,MEL,15,43,21,28.3333,0.263,-5.534,-5.4892900000000004,FWD,28.3,121.5,
7255,527,D.Byrne-Jones,PTA,20,43,21,62.15,0.263,-2.799,-2.5925450000000003,FWD,62.2,121.5,
1274,174,N.Cox,ESS,19,45,21,51.4737,0.263,-3.663,-3.9922759999999995,DEF,51.5,123.5,
2335,238,J.O'Meara,FRE,19,46,21,65.1053,0.368,-2.56,-3.0321439999999997,MID,65.1,123.5,
9363,659,R.Fox,SYD,14,45,21,55.1429,0.263,-3.366,-3.7820660000000004,DEF,55.1,123.5,
11452,783,J.Bytel,COL,5,46,21,36.2,0.368,-4.898,-5.532432,MID,36.2,123.5,
965,157,D.McStay,COL,3,42,21,52.3333,0.263,-3.593,-3.265565,FWD,52.3,124.0,
5561,439,K.Chandler,MEL,20,42,21,62.3,0.263,-2.787,-2.5965879999999997,FWD,62.3,124.0,
6514,49,S.Brain,BRL,7,42,21,39.1429,0.263,-4.66,-4.394107,FWD,39.1,124.0,
1273,174,N.Cox,ESS,19,45,21,51.4737,0.368,-3.663,-4.31068,MID,51.5,125.0,
2750,260,C.Ballard,GCS,20,44,21,64.1,0.263,-2.642,-2.854504,DEF,64.1,125.0,
33,10,B.Dowling,ADE,8,44,21,67.375,0.368,-2.377,-2.8583439999999998,MID,67.4,126.0,
5096,409,C.Macdonald,HAW,20,41,21,71.15,0.263,-2.071,-1.7922200000000001,FWD,71.2,126.0,38.0
3902,329,J.Kolodjashnij,GEE,19,43,21,67.4737,0.263,-2.369,-2.499448,DEF,67.5,126.5,
6251,476,T.Woewodin,MEL,15,43,21,28.3333,0.263,-5.534,-5.957956,DEF,28.3,126.5,
7775,563,N.Balta,RIC,16,39,21,63.4375,0.263,-2.695,-2.555084,FWD,63.4,127.0,
6180,474,J.Viney,MEL,20,38,21,88.1,0.368,-0.701,-1.002024,MID,86.4,128.5,70.0
9158,648,M.Wood,STK,15,38,21,80.6,0.368,-1.307,-1.6812559999999999,MID,78.7,128.5,70.0
11046,758,J.Hunt,WCE,17,38,21,66.1765,0.368,-2.474,-2.924432,MID,66.2,128.5,
11744,93,A.Cerra,CAR,12,38,21,83.0833,0.368,-1.107,-1.443352,MID,79.2,128.5,70.0
8408,602,J.Trezise,RIC,5,41,21,50.2,0.263,-3.766,-3.8775120000000003,DEF,50.2,129.0,
10137,705,T.Duryea,WBD,18,41,21,60.1111,0.263,-2.964,-3.1914949999999997,DEF,60.1,129.0,
11494,799,L.Evans,PTA,7,41,21,68.7143,0.263,-2.268,-2.440002,DEF,68.7,129.0,
3017,277,B.Humphrey,GCS,18,38,21,51.4444,0.263,-3.665,-3.5676900000000002,FWD,51.4,131.0,39.5
3625,310,B.Close,GEE,20,38,21,65.0,0.263,-2.569,-2.492204,FWD,65.0,131.0,
4836,395,M.Chol,HAW,18,38,21,62.1667,0.263,-2.798,-2.599435,FWD,62.2,131.0,
5784,453,T.McDonald,MEL,19,38,21,77.4737,0.263,-1.56,-1.287269,FWD,77.0,131.0,
8515,608,D.Butler,STK,13,38,21,42.0769,0.263,-4.422,-4.374397,FWD,42.1,131.0,
9159,648,M.Wood,STK,15,38,21,80.6,0.263,-1.307,-1.085817,FWD,78.7,131.0,39.5
9647,675,L.McDonald,SYD,20,38,21,62.65,0.263,-2.759,-2.5877869999999996,FWD,62.6,131.0,
1806,2,H.Bond,ADE,4,39,21,41.5,0.263,-4.469,-4.677296,DEF,41.5,132.0,
5072,406,C.Jiath,HAW,11,39,21,57.6364,0.263,-3.164,-3.4085900000000002,DEF,57.6,132.0,
7774,563,N.Balta,RIC,16,39,21,63.4375,0.263,-2.695,-2.939327,DEF,63.4,132.0,
2724,26,L.Nankervis,ADE,17,37,21,70.4706,0.368,-2.126,-2.541104,MID,70.5,132.5,
4549,377,X.O'Halloran,GWS,15,37,21,55.1333,0.368,-3.367,-4.030136,MID,55.1,132.5,
5388,429,N.Watson,HAW,13,37,21,60.9231,0.368,-2.898,-3.235456,MID,60.9,132.5,
11534,806,N.Long,COL,5,37,21,39.0,0.368,-4.671,-5.260168,MID,39.0,132.5,
5783,453,T.McDonald,MEL,19,38,21,77.4737,0.263,-1.56,-1.628117,DEF,77.0,134.5,
11045,758,J.Hunt,WCE,17,38,21,66.1765,0.263,-2.474,-2.653366,DEF,66.2,134.5,
11788,95,M.Cottrell,CAR,14,36,21,54.5714,0.368,-3.412,-3.970992,MID,54.6,135.0,
10987,755,C.Hall,WCE,1,35,21,35.0,0.368,-4.995,-5.731368,MID,35.0,136.0,
1622,191,J.Laverde,ESS,18,37,21,63.2778,0.263,-2.708,-2.807151,DEF,63.3,136.5,
1729,196,J.Menzie,ESS,12,37,21,36.5833,0.263,-4.867,-4.858058,FWD,36.6,136.5,
2723,26,L.Nankervis,ADE,17,37,21,70.4706,0.263,-2.126,-2.278014,DEF,70.5,136.5,
4550,377,X.O'Halloran,GWS,15,37,21,55.1333,0.263,-3.367,-3.2973049999999997,FWD,55.1,136.5,
5389,429,N.Watson,HAW,13,37,21,60.9231,0.263,-2.898,-2.6215870000000003,FWD,60.9,136.5,
8069,584,R.Mansell,RIC,18,37,21,59.6111,0.263,-3.005,-2.843255,FWD,59.6,136.5,
5363,428,J.Ward,HAW,10,33,21,52.8,0.368,-3.555,-4.127608,MID,52.8,137.5,
6451,487,Z.Duursma,NTH,12,33,21,38.75,0.368,-4.691,-5.473736,MID,38.8,137.5,
3150,283,J.Lukosius,GCS,20,36,21,67.35,0.263,-2.379,-2.563363,DEF,67.4,138.0,
2814,265,S.Clohesy,GCS,17,29,21,68.0,0.368,-2.326,-2.71608,MID,68.0,139.5,
3151,283,J.Lukosius,GCS,20,36,21,67.35,0.263,-2.379,-2.19227,FWD,67.4,139.5,
3666,313,S.De Koning,GEE,19,35,21,67.1579,0.263,-2.394,-2.58073,DEF,67.2,139.5,
8611,616,P.Dow,STK,7,29,21,55.7143,0.368,-3.32,-3.68248,MID,55.7,139.5,
11701,90,J.Boyd,CAR,18,35,21,63.8889,0.263,-2.659,-2.9530339999999997,DEF,63.9,139.5,
11787,95,M.Cottrell,CAR,14,36,21,54.5714,0.263,-3.412,-3.272347,FWD,54.6,139.5,
3529,305,J.Bowes,GEE,17,28,21,79.7059,0.368,-1.38,-1.605584,MID,78.5,141.0,
295,119,J.Motlop,CAR,3,35,21,45.3333,0.263,-4.159,-4.201869,FWD,45.3,141.5,
7996,578,S.Green,RIC,6,35,21,37.6667,0.263,-4.779,-4.7001,FWD,37.7,141.5,
9333,658,O.Florent,SYD,20,32,21,76.5,0.263,-1.639,-1.702383,DEF,76.3,141.5,
10744,74,J.Prior,BRL,3,32,21,46.0,0.263,-4.105,-4.605489,DEF,46.0,141.5,
11083,76,B.Reville,BRL,12,27,21,51.1667,0.368,-3.687,-4.272488,MID,51.2,142.0,
9805,682,L.Parker,SYD,4,23,21,54.25,0.368,-3.438,-3.37544,MID,54.2,143.0,72.0
6450,487,Z.Duursma,NTH,12,33,21,38.75,0.263,-4.691,-4.674694,FWD,38.8,143.5,
11852,99,C.Curnow,CAR,20,33,21,85.7,0.263,-0.895,-0.724313,FWD,84.3,143.5,41.0
8553,61,R.Lester,BRL,20,31,21,73.2,0.263,-1.906,-2.105091,DEF,73.2,144.0,
10045,700,N.Coffield,WBD,7,31,21,40.1429,0.263,-4.579,-4.920637,DEF,40.1,144.0,
11757,94,A.Cincotta,CAR,13,31,21,48.2308,0.263,-3.925,-4.207725,DEF,48.2,144.0,
1982,212,J.Aish,FRE,20,21,21,61.8,0.368,-2.828,-3.3303199999999995,MID,61.8,145.0,
6889,512,D.Stephens,NTH,14,21,21,46.8571,0.368,-4.036,-4.61192,MID,46.9,145.0,
9532,667,J.Jordon,SYD,20,21,21,68.35,0.368,-2.298,-2.7672,MID,68.4,145.0,73.0
697,142,J.Elliott,COL,12,32,21,62.5833,0.263,-2.764,-2.571747,FWD,62.6,146.0,
950,155,B.McCreery,COL,14,32,21,48.7143,0.263,-3.886,-3.63878,FWD,48.7,146.0,
9447,665,W.Hayward,SYD,20,32,21,67.45,0.263,-2.371,-2.187163,FWD,67.4,146.0,
10331,716,B.Khamis,WBD,15,30,21,51.4,0.263,-3.669,-3.9785510000000004,DEF,51.4,146.0,
8113,587,K.McIntosh,RIC,19,20,21,47.2632,0.368,-4.003,-4.6679759999999995,MID,47.3,147.0,
2815,265,S.Clohesy,GCS,17,29,21,68.0,0.263,-2.326,-2.460919,DEF,68.0,147.5,
7898,568,T.Brown,RIC,18,29,21,56.0556,0.263,-3.292,-3.546321,DEF,56.1,147.5,
10092,703,C.Daniel,WBD,12,19,21,42.3333,0.368,-4.402,-4.770736,MID,42.3,148.0,74.0
2192,227,M.Frederick,FRE,17,31,21,49.4118,0.263,-3.829,-3.683298,FWD,49.4,148.5,
4166,349,T.Bedford,GWS,20,31,21,60.85,0.263,-2.904,-2.7312089999999998,FWD,60.8,148.5,
3530,305,J.Bowes,GEE,17,28,21,79.7059,0.263,-1.38,-1.3902569999999999,DEF,78.5,149.0,
4687,385,H.Thomas,GWS,20,18,21,55.55,0.368,-3.333,-4.009016,MID,55.6,149.0,
877,151,P.Lipinski,COL,20,7,21,73.8,0.368,-1.857,-2.1962960000000002,MID,73.8,150.0,75.0
1089,164,I.Quaynor,COL,20,26,21,56.45,0.263,-3.26,-3.455146,DEF,56.4,150.0,51.0
8569,610,A.Caminiti,STK,13,30,21,52.6923,0.263,-3.564,-3.410145,FWD,52.7,150.5,
10330,716,B.Khamis,WBD,15,30,21,51.4,0.263,-3.669,-3.565115,FWD,51.4,150.5,
6703,506,T.Pink,NTH,13,25,21,38.0769,0.263,-4.746,-5.088163,DEF,38.1,151.0,
11504,8,D.Curtin,ADE,4,4,21,18.75,0.368,-6.309,-6.622536,MID,18.8,151.0,
3044,278,J.Jeffrey,GCS,12,24,21,65.5833,0.263,-2.522,-2.7179349999999998,DEF,65.6,152.0,
8904,638,C.Sharman,STK,15,27,21,53.3333,0.263,-3.512,-3.302126,FWD,53.3,152.5,
11084,76,B.Reville,BRL,12,27,21,51.1667,0.263,-3.687,-3.5597079999999997,FWD,51.2,152.5,
1981,212,J.Aish,FRE,20,21,21,61.8,0.263,-2.828,-3.0470789999999996,DEF,61.8,153.0,
6132,471,D.Turner,MEL,12,18,21,39.9167,0.263,-4.597,-4.850795,DEF,39.9,154.0,
8678,622,J.Higgins,STK,17,26,21,70.2353,0.263,-2.145,-1.934863,FWD,70.2,154.0,
6704,506,T.Pink,NTH,13,25,21,38.0769,0.263,-4.746,-4.64606,FWD,38.1,155.0,
10928,750,H.Edwards,WCE,7,11,21,58.1429,0.263,-3.123,-3.426239,DEF,58.1,155.0,
3043,278,J.Jeffrey,GCS,12,24,21,65.5833,0.263,-2.522,-2.342371,FWD,65.6,156.0,
4328,360,J.Fonti,GWS,4,10,21,37.25,0.263,-4.813,-5.181989,DEF,37.2,156.0,
11505,8,D.Curtin,ADE,4,4,21,18.75,0.263,-6.309,-6.408677000000001,DEF,18.8,157.0,
4911,398,C.Dear,HAW,12,21,21,45.9167,0.263,-4.112,-3.871881,FWD,45.9,157.5,
9531,667,J.Jordon,SYD,20,21,21,68.35,0.263,-2.298,-2.120475,FWD,68.4,157.5,42.0
10093,703,C.Daniel,WBD,12,19,21,42.3333,0.263,-4.402,-4.117171,FWD,42.3,159.0,43.0
4688,385,H.Thomas,GWS,20,18,21,55.55,0.263,-3.333,-3.272247,FWD,55.6,160.5,
6133,471,D.Turner,MEL,12,18,21,39.9167,0.263,-4.597,-4.420001,FWD,39.9,160.5,
6523,495,R.Hansen Jr,NTH,3,17,21,23.6667,0.263,-5.911,-5.621437,FWD,23.7,163.0,
9945,692,S.Wicks,SYD,16,17,21,44.8125,0.263,-4.201,-4.0963259999999995,FWD,44.8,163.0,
10433,720,L.McNeil,WBD,8,17,21,56.0,0.263,-3.297,-3.011908,FWD,56.0,163.0,
5818,455,J.Melksham,MEL,5,16,21,56.2,0.263,-3.28,-3.263694,FWD,56.2,165.0,
2167,225,T.Emmett,FRE,13,15,21,39.3077,0.263,-4.646,-4.561314,FWD,39.3,166.5,
4376,364,M.Gruzewski,GWS,3,15,21,16.6667,0.263,-6.477,-6.366014,FWD,16.7,166.5,
7539,548,Q.Narkle,PTA,8,9,21,27.25,0.263,-5.621,-5.588388,FWD,27.2,168.0,
1285,176,A.Davey Jnr,ESS,9,8,21,26.1111,0.263,-5.713,-5.648828,FWD,26.1,169.0,
876,151,P.Lipinski,COL,20,7,21,73.8,0.263,-1.857,-1.60189,FWD,73.8,170.5,44.0
3227,292,M.Rosas,GCS,7,7,21,43.7143,0.263,-4.29,-4.189271,FWD,43.7,170.5,
9928,691,C.Warner,SYD,5,0,21,36.4,0.263,-4.881,-4.949380000000001,FWD,36.4,172.0,
2393,241,L.Ryan,FRE,21,156,22,119.048,0.263,1.802,1.8651200000000001,DEF,115.2,1.0,1.0
7004,518,T.Xerri,NTH,21,185,22,118.714,0.105,1.775,1.7609299999999999,RUC,114.9,1.0,1.0
9490,666,I.Heeney,SYD,20,144,22,116.75,0.263,1.616,1.9799920000000002,FWD,111.3,1.0,1.0
9922,690,C.Warner,SYD,21,164,22,103.381,0.368,0.535,0.37492000000000003,MID,100.9,1.0,1.0
5628,443,M.Gawn,MEL,19,177,22,125.684,0.105,2.338,2.3116450000000004,RUC,116.9,2.0,2.0
6660,503,C.McKercher,NTH,14,146,22,88.2143,0.368,-0.692,-0.9775679999999999,MID,83.0,2.0,2.0
11182,766,J.McGovern,WCE,18,155,22,111.278,0.263,1.173,1.227967,DEF,103.4,2.0,
6749,507,T.Powell,NTH,21,123,22,81.8095,0.263,-1.21,-1.01275,FWD,81.2,2.5,2.0
10719,736,O.Allen,WCE,9,123,22,60.2222,0.263,-2.955,-2.913446,FWD,60.2,2.5,
508,133,D.Cameron,COL,21,165,22,103.905,0.105,0.577,0.5270199999999999,RUC,101.4,3.0,3.0
1752,197,Z.Merrett,ESS,21,145,22,116.286,0.368,1.578,1.4624480000000002,MID,112.7,3.0,3.0
6659,503,C.McKercher,NTH,14,146,22,88.2143,0.263,-0.692,-0.7422329999999999,DEF,83.0,3.0,2.0
2086,218,J.Clark,FRE,21,138,22,107.762,0.263,0.889,0.8637520000000001,DEF,104.9,4.0,3.0
5952,461,K.Pickett,MEL,19,122,22,74.1053,0.263,-1.833,-1.6407470000000002,FWD,74.1,4.0,3.0
8786,629,R.Marshall,STK,21,126,22,110.0,0.105,1.07,1.0436450000000002,RUC,107.0,4.0,4.0
9489,666,I.Heeney,SYD,20,144,22,116.75,0.368,1.616,1.5427680000000001,MID,111.3,4.0,4.0
2886,27,R.O'Brien,ADE,19,117,22,94.9474,0.105,-0.147,-0.250845,RUC,91.5,5.0,5.0
7155,523,T.Boak,PTA,18,120,22,80.3333,0.263,-1.329,-1.1393769999999999,FWD,79.2,5.0,
7381,536,J.Horne-Francis,PTA,19,141,22,100.368,0.368,0.291,0.06320799999999999,MID,96.0,5.0,5.0
8284,594,D.Rioli,RIC,21,135,22,92.2857,0.263,-0.362,-0.379358,DEF,90.8,5.0,4.0
1667,193,N.Martin,ESS,21,130,22,104.0,0.263,0.585,0.651539,DEF,101.5,6.0,5.0
3407,301,J.Witts,GCS,14,108,22,107.857,0.105,0.897,0.843555,RUC,95.0,6.0,6.0
7233,526,Z.Butters,PTA,21,131,22,119.0,0.368,1.798,1.795792,MID,115.2,6.0,6.0
242,110,M.Kennedy,CAR,21,119,22,76.4286,0.263,-1.645,-1.4143489999999999,FWD,76.3,6.5,
6379,482,P.Curtis,NTH,21,119,22,61.1905,0.263,-2.877,-2.7668029999999995,FWD,61.2,6.5,
1313,177,S.Draper,ESS,14,89,22,75.8571,0.105,-1.691,-1.822985,RUC,75.5,7.0,7.0
1666,193,N.Martin,ESS,21,130,22,104.0,0.368,0.585,0.451048,MID,101.5,7.0,7.0
8946,639,J.Sinclair,STK,20,123,22,111.05,0.263,1.155,1.2049699999999999,DEF,106.3,7.5,6.5
9051,645,C.Wilkie,STK,21,123,22,90.4762,0.263,-0.509,-0.518731,DEF,89.1,7.5,6.5
5891,46,W.Ashcroft,BRL,7,129,22,75.7143,0.368,-1.702,-1.8639199999999998,MID,75.2,8.0,
11631,86,D.Zorko,BRL,21,117,22,110.667,0.263,1.124,1.460114,FWD,107.6,8.0,4.0
319,12,D.Fogarty,ADE,21,116,22,69.9524,0.263,-2.168,-2.033344,FWD,70.0,9.0,
378,123,M.Pittonet,CAR,11,87,22,86.4545,0.105,-0.834,-0.9034049999999999,RUC,80.5,9.0,8.5
4033,339,R.Stanley,GEE,10,87,22,61.9,0.105,-2.819,-2.894075,RUC,61.9,9.0,
6821,509,H.Sheezel,NTH,21,122,22,117.952,0.263,1.713,1.836347,DEF,114.2,9.0,8.0
8186,590,T.Nankervis,RIC,19,87,22,111.053,0.105,1.155,1.1004,RUC,104.8,9.0,8.5
6750,507,T.Powell,NTH,21,123,22,81.8095,0.368,-1.21,-1.6173760000000001,MID,81.2,9.5,8.5
8947,639,J.Sinclair,STK,20,123,22,111.05,0.368,1.155,0.993816,MID,106.3,9.5,8.5
1851,200,M.Redman,ESS,19,121,22,88.1053,0.263,-0.7,-0.7539149999999999,DEF,85.8,10.0,9.0
4429,368,J.Hogan,GWS,21,114,22,91.5714,0.263,-0.42,-0.126492,FWD,90.1,10.0,5.0
7154,523,T.Boak,PTA,18,120,22,80.3333,0.368,-1.329,-1.751832,MID,79.2,11.0,
8830,631,T.Membrey,STK,17,110,22,62.1765,0.263,-2.797,-2.598961,FWD,62.2,11.0,
9246,652,N.Blakey,SYD,21,117,22,97.7143,0.263,0.077,0.070162,DEF,95.7,11.0,10.0
10161,706,T.English,WBD,21,85,22,108.238,0.105,0.928,0.872665,RUC,105.3,11.0,10.0
1579,19,B.Keays,ADE,21,108,22,80.4762,0.263,-1.317,-1.06978,FWD,80.0,12.0,6.0
9402,662,B.Grundy,SYD,21,84,22,108.286,0.105,0.931,0.860125,RUC,105.4,12.0,11.0
583,136,J.Crisp,COL,21,114,22,88.7619,0.263,-0.647,-0.7453620000000001,DEF,87.6,12.5,11.0
8462,606,J.Battle,STK,21,114,22,86.1905,0.263,-0.855,-0.977295,DEF,85.2,12.5,
243,110,M.Kennedy,CAR,21,119,22,76.4286,0.368,-1.645,-2.01484,MID,76.3,13.0,
3491,304,M.Blicavs,GEE,20,83,22,67.2,0.105,-2.391,-2.53464,RUC,67.2,13.0,12.0
4349,362,T.Green,GWS,21,119,22,105.333,0.368,0.693,0.576344,MID,102.7,13.0,10.5
9972,695,M.Bontempelli,WBD,21,119,22,127.048,0.368,2.449,2.430968,MID,122.5,13.0,10.5
10434,720,L.McNeil,WBD,9,102,22,61.1111,0.263,-2.883,-2.70679,FWD,61.1,13.0,
2289,230,L.Jackson,FRE,21,81,22,95.2381,0.105,-0.124,-0.216715,RUC,93.5,14.0,13.0
4584,378,J.Peatling,GWS,15,100,22,65.0667,0.263,-2.563,-2.375481,FWD,65.1,14.0,
7404,537,D.Houston,PTA,21,111,22,106.429,0.263,0.781,0.844646,DEF,103.7,14.0,12.0
3757,320,Z.Guthrie,GEE,21,109,22,83.5238,0.263,-1.071,-1.151741,DEF,82.8,15.0,
5848,457,A.Neal-Bullen,MEL,21,98,22,84.0952,0.263,-1.025,-0.75411,FWD,83.3,15.0,7.0
11545,807,B.Teakle,NTH,9,80,22,51.4444,0.105,-3.665,-3.925085,RUC,51.4,15.0,
10350,717,T.Liberatore,WBD,15,117,22,103.933,0.368,0.579,0.41671199999999997,MID,93.9,15.5,12.5
11632,86,D.Zorko,BRL,21,117,22,110.667,0.368,1.124,0.9940960000000001,MID,107.6,15.5,12.5
7648,556,J.Sweet,PTA,12,79,22,87.5,0.105,-0.749,-0.8389850000000001,RUC,81.5,16.0,
342,120,N.Newman,CAR,21,107,22,99.9524,0.263,0.258,0.31323,DEF,97.8,16.5,13.5
4487,370,D.Jones,GWS,10,97,22,66.7,0.263,-2.431,-2.285824,FWD,66.7,16.5,
5229,415,D.Moore,HAW,21,97,22,95.3333,0.263,-0.116,0.230371,FWD,93.6,16.5,8.0
5351,425,J.Sicily,HAW,18,107,22,101.278,0.263,0.365,0.321342,DEF,95.6,16.5,13.5
4265,354,F.Callaghan,GWS,20,116,22,81.55,0.368,-1.231,-1.56404,MID,80.7,17.0,14.0
538,135,M.Cox,COL,14,71,22,57.4286,0.105,-3.181,-3.362965,RUC,57.4,17.5,
5196,413,L.Meek,HAW,17,71,22,103.294,0.105,0.528,0.465,RUC,95.9,17.5,
1375,18,M.Keane,ADE,20,106,22,78.2,0.263,-1.501,-1.628292,DEF,77.8,18.0,
584,136,J.Crisp,COL,21,114,22,88.7619,0.368,-0.647,-0.9988079999999999,MID,87.6,18.5,15.5
2416,242,C.Serong,FRE,21,114,22,116.524,0.368,1.598,1.4912800000000002,MID,112.9,18.5,15.5
4912,398,C.Dear,HAW,13,96,22,49.7692,0.263,-3.8,-3.6419369999999995,FWD,49.8,18.5,
4949,40,R.Thilthorpe,ADE,5,96,22,70.8,0.263,-2.1,-1.7617820000000002,FWD,70.8,18.5,
1178,171,N.Bryan,ESS,3,64,22,68.6667,0.105,-2.272,-2.3993649999999995,RUC,68.7,19.0,
3248,293,M.Rowell,GCS,21,110,22,103.095,0.368,0.512,0.29524799999999995,MID,100.7,20.0,17.0
9777,68,O.McInerney,BRL,20,63,22,94.1,0.105,-0.216,-0.282885,RUC,91.6,20.0,14.0
2605,255,H.Young,FRE,21,105,22,102.714,0.263,0.481,0.473899,DEF,100.3,20.5,16.0
7195,524,J.Burgoyne,PTA,18,105,22,77.1111,0.263,-1.589,-1.637392,DEF,76.7,20.5,
8338,598,J.Short,RIC,20,105,22,80.1,0.263,-1.348,-1.401126,DEF,79.4,20.5,16.0
9013,643,N.Wanganeen-Milera,STK,20,105,22,101.8,0.263,0.407,0.407263,DEF,98.3,20.5,16.0
1188,172,N.Caddy,ESS,8,93,22,54.75,0.263,-3.398,-3.3283050000000003,FWD,54.8,21.0,
2940,273,S.Flanders,GCS,20,93,22,116.9,0.263,1.628,2.0456440000000002,FWD,111.4,21.0,9.5
4308,357,B.Daniels,GWS,20,93,22,84.75,0.263,-0.972,-0.593017,FWD,83.5,21.0,9.5
9725,677,H.McLean,SYD,21,56,22,68.2381,0.105,-2.307,-2.456625,RUC,68.2,21.0,15.0
6402,483,L.Davies-Uniacke,NTH,21,109,22,110.286,0.368,1.093,0.9255599999999999,MID,107.2,22.0,18.5
8154,588,B.Miller,RIC,19,50,22,74.3684,0.105,-1.811,-1.96472,RUC,74.4,22.0,
8612,616,P.Dow,STK,8,109,22,62.375,0.368,-2.781,-3.341832,MID,62.4,22.0,
9806,682,L.Parker,SYD,5,109,22,65.2,0.368,-2.553,-2.8161199999999997,MID,65.2,22.0,18.5
8853,633,M.Owens,STK,21,91,22,65.2381,0.263,-2.55,-2.406665,FWD,65.2,23.0,11.0
11330,776,B.Williams,WCE,21,46,22,65.9524,0.105,-2.492,-2.62031,RUC,66.0,23.0,
1314,177,S.Draper,ESS,14,89,22,75.8571,0.263,-1.691,-1.472447,FWD,75.5,24.0,12.0
1692,194,A.McGrath,ESS,21,104,22,93.5714,0.263,-0.258,-0.233804,DEF,92.0,24.0,19.0
2439,243,J.Sharp,FRE,21,108,22,70.1429,0.368,-2.153,-2.597176,MID,70.1,24.0,
3857,325,M.Holmes,GEE,21,104,22,99.2857,0.263,0.204,0.207945,DEF,97.2,24.0,19.0
4406,367,H.Himmelberg,GWS,21,104,22,91.4286,0.263,-0.432,-0.475132,DEF,90.0,24.0,19.0
11518,80,H.Smith,BRL,4,41,22,39.25,0.105,-4.651,-4.874649999999999,RUC,39.2,24.0,
11364,777,J.Williams,WCE,16,40,22,54.125,0.105,-3.448,-3.64162,RUC,54.1,25.0,
11656,87,B.Acres,CAR,20,107,22,93.75,0.368,-0.244,-0.528832,MID,91.3,25.0,20.0
5097,409,C.Macdonald,HAW,21,88,22,71.9524,0.263,-2.007,-1.745052,FWD,72.0,25.5,13.0
7777,563,N.Balta,RIC,17,88,22,64.8824,0.263,-2.578,-2.468855,FWD,64.9,25.5,
609,137,J.Daicos,COL,21,106,22,87.0,0.368,-0.79,-0.9993920000000001,MID,86.0,26.0,21.0
8317,597,S.Ryan,RIC,8,28,22,44.0,0.105,-4.267,-4.478890000000001,RUC,44.0,26.0,
5786,453,T.McDonald,MEL,20,87,22,77.95,0.263,-1.522,-1.259263,FWD,77.6,27.0,
1715,195,B.McKay,ESS,21,100,22,68.5238,0.263,-2.284,-2.4836169999999997,DEF,68.5,27.5,
2063,217,H.Chapman,FRE,14,100,22,68.5714,0.263,-2.28,-2.399928,DEF,68.6,27.5,
4452,369,C.Idun,GWS,21,100,22,86.2381,0.263,-0.851,-0.955148,DEF,85.3,27.5,21.0
4879,396,M.D'Ambrosio,HAW,20,100,22,84.25,0.263,-1.012,-1.0004279999999999,DEF,83.0,27.5,
2606,255,H.Young,FRE,21,105,22,102.714,0.368,0.481,0.24658399999999997,MID,100.3,28.5,23.0
7194,524,J.Burgoyne,PTA,18,105,22,77.1111,0.368,-1.589,-1.865368,MID,76.7,28.5,
7444,54,J.Dunkley,BRL,21,105,22,111.381,0.368,1.182,1.081536,MID,108.2,28.5,23.0
8720,623,B.Hill,STK,20,86,22,73.75,0.263,-1.861,-1.693469,FWD,73.8,28.5,
9448,665,W.Hayward,SYD,21,86,22,68.3333,0.263,-2.299,-2.134099,FWD,68.3,28.5,
11681,9,J.Dawson,ADE,20,105,22,100.1,0.368,0.269,0.14204000000000003,MID,96.8,28.5,23.0
2842,266,S.Collins,GCS,21,99,22,81.7619,0.263,-1.213,-1.385002,DEF,81.2,30.5,
4986,402,J.Gunston,HAW,14,85,22,54.3571,0.263,-3.429,-3.174679,FWD,54.4,30.5,
6515,49,S.Brain,BRL,8,85,22,44.875,0.263,-4.196,-4.0521389999999995,FWD,44.9,30.5,
7807,564,S.Banks,RIC,13,99,22,46.5385,0.263,-4.062,-4.365239,DEF,46.5,30.5,
951,155,B.McCreery,COL,15,84,22,51.0667,0.263,-3.695,-3.498013,FWD,51.1,32.0,
3856,325,M.Holmes,GEE,21,104,22,99.2857,0.368,0.204,-0.013488000000000028,MID,97.2,32.0,26.0
7622,552,C.Rozee,PTA,18,104,22,99.5,0.368,0.221,-0.034392000000000006,MID,94.2,32.0,26.0
10581,730,A.Treloar,WBD,20,104,22,118.05,0.368,1.721,1.602504,MID,112.4,32.0,26.0
4742,389,L.Whitfield,GWS,21,97,22,109.238,0.263,1.008,1.12635,DEF,106.3,33.0,22.5
4795,390,K.Amon,HAW,21,97,22,90.9524,0.263,-0.47,-0.492355,DEF,89.6,33.0,22.5
5460,430,J.Weddle,HAW,21,97,22,72.1429,0.263,-1.991,-2.1190810000000004,DEF,72.1,33.0,
3950,331,G.Miers,GEE,21,83,22,82.0476,0.263,-1.19,-0.954615,FWD,81.4,34.5,14.0
4053,34,L.Sholl,ADE,18,102,22,88.1667,0.368,-0.695,-1.10716,MID,85.3,34.5,
5483,432,J.Worpel,HAW,21,102,22,88.0476,0.368,-0.705,-1.0306799999999998,MID,86.9,34.5,28.0
5928,460,H.Petty,MEL,18,83,22,51.4444,0.263,-3.665,-3.527714,FWD,51.4,34.5,
6052,468,T.Sparrow,MEL,20,83,22,67.05,0.263,-2.403,-2.278864,FWD,67.0,34.5,
8809,63,K.Lohmann,BRL,21,83,22,70.4286,0.263,-2.13,-1.931698,FWD,70.4,34.5,
4145,348,L.Ash,GWS,16,96,22,83.125,0.263,-1.103,-1.1474469999999999,DEF,80.7,35.5,24.5
5327,423,J.Scrimshaw,HAW,20,96,22,82.0,0.263,-1.194,-1.289995,DEF,81.1,35.5,24.5
1338,178,S.Durham,ESS,20,101,22,91.65,0.368,-0.414,-0.764336,MID,89.5,36.0,
2522,250,C.Wagner,FRE,10,95,22,62.3,0.263,-2.787,-2.9750449999999997,DEF,62.3,37.0,
5391,429,N.Watson,HAW,14,82,22,62.4286,0.263,-2.777,-2.53241,FWD,62.4,37.5,
6606,50,C.Cameron,BRL,21,82,22,57.8095,0.263,-3.15,-2.985362,FWD,57.8,37.5,
2109,22,M.Michalanney,ADE,21,94,22,66.5714,0.263,-2.442,-2.648981,DEF,66.6,38.0,
1830,20,R.Laird,ADE,21,100,22,105.524,0.368,0.708,0.49455999999999994,MID,102.9,38.5,29.5
4583,378,J.Peatling,GWS,15,100,22,65.0667,0.368,-2.563,-3.02484,MID,65.1,38.5,
4878,396,M.D'Ambrosio,HAW,20,100,22,84.25,0.368,-1.012,-1.2103519999999999,MID,83.0,38.5,
8975,640,J.Steele,STK,21,100,22,108.238,0.368,0.928,0.801776,MID,105.3,38.5,29.5
2118,220,B.Cox,FRE,7,93,22,66.4286,0.263,-2.453,-2.680232,DEF,66.4,39.5,26.0
2817,265,S.Clohesy,GCS,18,93,22,69.3889,0.263,-2.214,-2.378375,DEF,69.4,39.5,
966,157,D.McStay,COL,4,81,22,59.5,0.263,-3.014,-2.8388419999999996,FWD,59.5,40.0,
2290,230,L.Jackson,FRE,21,81,22,95.2381,0.263,-0.124,0.144523,FWD,93.5,40.0,15.5
3571,307,J.Cameron,GEE,20,81,22,84.75,0.263,-0.972,-0.679807,FWD,83.5,40.0,15.5
7806,564,S.Banks,RIC,13,99,22,46.5385,0.368,-4.062,-4.67104,MID,46.5,41.0,
6295,48,J.Berry,BRL,21,98,22,88.7143,0.368,-0.651,-1.1433840000000002,MID,87.5,42.0,
8070,584,R.Mansell,RIC,19,80,22,60.6842,0.263,-2.918,-2.7791360000000003,FWD,60.7,42.0,
1623,191,J.Laverde,ESS,19,92,22,64.7895,0.263,-2.586,-2.717237,DEF,64.8,42.5,
5059,405,J.Impey,HAW,21,92,22,84.0,0.263,-1.032,-1.1290470000000001,DEF,83.2,42.5,
9861,685,M.Roberts,SYD,18,92,22,76.8889,0.263,-1.607,-1.630144,DEF,76.5,42.5,
11421,779,E.Yeo,WCE,18,92,22,105.833,0.263,0.733,0.7540399999999999,DEF,99.1,42.5,27.0
4794,390,K.Amon,HAW,21,97,22,90.9524,0.368,-0.47,-0.7187679999999999,MID,89.6,43.5,31.5
5262,417,C.Nash,HAW,21,97,22,78.0,0.368,-1.518,-1.952608,MID,77.7,43.5,31.5
470,128,Z.Williams,CAR,17,79,22,67.3529,0.263,-2.379,-2.177016,FWD,67.4,45.0,18.0
5513,434,J.Billings,MEL,14,79,22,54.5714,0.263,-3.412,-3.19634,FWD,54.6,45.0,18.0
6796,508,B.Scott,NTH,21,90,22,75.1905,0.263,-1.745,-1.923314,DEF,75.2,45.0,
9533,667,J.Jordon,SYD,21,79,22,68.8571,0.263,-2.257,-2.0902580000000004,FWD,68.9,45.0,18.0
10365,718,R.Lobb,WBD,13,79,22,72.6154,0.263,-1.953,-1.8149250000000001,FWD,72.6,45.0,
10818,745,J.Cripps,WCE,21,79,22,74.4762,0.263,-1.803,-1.5978599999999998,FWD,74.5,45.0,
2665,257,N.Anderson,GCS,21,96,22,104.952,0.368,0.662,0.561536,MID,102.3,45.5,33.5
10036,7,M.Crouch,ADE,13,96,22,106.462,0.368,0.784,0.5952160000000001,MID,92.8,45.5,33.5
3445,302,T.Atkins,GEE,18,89,22,81.2222,0.263,-1.257,-1.3884999999999998,DEF,79.9,46.5,28.5
6006,463,C.Salem,MEL,15,89,22,76.7333,0.263,-1.62,-1.658661,DEF,76.1,46.5,28.5
6677,505,W.Phillips,NTH,10,95,22,60.5,0.368,-2.933,-3.372024,MID,60.5,47.0,
2776,263,C.Budarick,GCS,6,88,22,61.0,0.263,-2.892,-3.051115,DEF,61.0,48.5,30.0
4505,372,J.Kelly,GWS,13,94,22,102.154,0.368,0.436,0.16478400000000004,MID,90.3,48.5,35.0
7776,563,N.Balta,RIC,17,88,22,64.8824,0.263,-2.578,-2.853098,DEF,64.9,48.5,
8582,612,H.Clark,STK,9,94,22,73.8889,0.368,-1.85,-2.161696,MID,73.9,48.5,
7256,527,D.Byrne-Jones,PTA,21,78,22,62.9048,0.263,-2.738,-2.547588,FWD,62.9,49.0,
10117,704,S.Darcy,WBD,18,78,22,75.5,0.263,-1.72,-1.411501,FWD,75.4,49.0,
10235,709,R.Garcia,WBD,11,78,22,68.3636,0.263,-2.297,-2.107377,FWD,68.4,49.0,
2816,265,S.Clohesy,GCS,18,93,22,69.3889,0.368,-2.214,-2.645296,MID,69.4,51.0,
2939,273,S.Flanders,GCS,20,93,22,116.9,0.368,1.628,1.636096,MID,111.4,51.0,36.5
5785,453,T.McDonald,MEL,20,87,22,77.95,0.263,-1.522,-1.600111,DEF,77.6,51.0,
7114,522,M.Bergman,PTA,21,87,22,76.6667,0.263,-1.625,-1.727833,DEF,76.5,51.0,
9603,671,J.Lloyd,SYD,21,87,22,82.7143,0.263,-1.136,-1.234362,DEF,82.0,51.0,31.0
11136,762,T.Kelly,WCE,18,93,22,96.6111,0.368,-0.013,-0.28716,MID,91.9,51.0,36.5
290,115,H.McKay,CAR,20,76,22,86.7,0.263,-0.814,-0.558627,FWD,85.2,53.5,20.5
1516,188,H.Jones,ESS,19,76,22,58.5789,0.263,-3.088,-2.975436,FWD,58.6,53.5,
2152,224,J.Draper,FRE,18,86,22,50.8889,0.263,-3.71,-4.029545,DEF,50.9,53.5,
2541,251,B.Walker,FRE,17,86,22,61.4706,0.263,-2.854,-3.085177,DEF,61.5,53.5,
2997,276,N.Holman,GCS,19,76,22,53.5263,0.263,-3.497,-3.353928,FWD,53.5,53.5,
3604,31,I.Rankine,ADE,14,76,22,100.214,0.263,0.279,0.49807900000000005,FWD,90.3,53.5,20.5
3707,314,O.Dempsey,GEE,21,76,22,74.7143,0.263,-1.783,-1.545248,FWD,74.7,53.5,
4243,353,A.Cadman,GWS,19,76,22,47.7368,0.263,-3.965,-3.850332,FWD,47.7,53.5,
5239,416,H.Morrison,HAW,8,92,22,53.0,0.368,-3.539,-4.06892,MID,53.0,54.5,
6181,474,J.Viney,MEL,21,92,22,88.2857,0.368,-0.686,-0.992544,MID,87.1,54.5,38.5
9862,685,M.Roberts,SYD,18,92,22,76.8889,0.368,-1.607,-1.848776,MID,76.5,54.5,
11422,779,E.Yeo,WCE,18,92,22,105.833,0.368,0.733,0.535384,MID,99.1,54.5,38.5
11802,96,L.Cowan,CAR,14,85,22,60.5714,0.263,-2.927,-3.140293,DEF,60.6,55.0,
5285,418,J.Newcombe,HAW,21,91,22,93.2857,0.368,-0.282,-0.35008,MID,91.7,57.0,40.0
5562,439,K.Chandler,MEL,21,75,22,62.9048,0.263,-2.738,-2.5604750000000003,FWD,62.9,57.0,
3792,323,J.Henry,GEE,21,83,22,64.7143,0.263,-2.592,-2.734546,DEF,64.7,57.5,
5929,460,H.Petty,MEL,18,83,22,51.4444,0.263,-3.665,-3.9377310000000003,DEF,51.4,57.5,
7705,561,B.Zerk-Thatcher,PTA,21,83,22,63.8095,0.263,-2.665,-2.864354,DEF,63.8,57.5,
8409,602,J.Trezise,RIC,6,83,22,55.6667,0.263,-3.324,-3.551758,DEF,55.7,57.5,
6795,508,B.Scott,NTH,21,90,22,75.1905,0.368,-1.745,-2.199112,MID,75.2,58.0,
6870,511,J.Simpkin,NTH,16,74,22,76.5625,0.263,-1.634,-1.3378619999999999,FWD,76.1,58.5,22.0
7986,577,J.Graham,RIC,12,74,22,70.9167,0.263,-2.09,-1.919576,FWD,70.9,58.5,
5030,403,B.Hardwick,HAW,21,73,22,75.0,0.263,-1.76,-1.535924,FWD,75.0,60.0,
5298,42,J.Worrell,ADE,11,81,22,86.1818,0.263,-0.856,-0.958833,DEF,80.3,61.0,
10510,725,E.Richards,WBD,18,81,22,96.6111,0.263,-0.013,0.033288000000000005,DEF,91.9,61.0,32.0
10795,744,T.Cole,WCE,21,81,22,68.0,0.263,-2.326,-2.531403,DEF,68.0,61.0,
414,126,S.Walsh,CAR,17,89,22,107.176,0.368,0.842,0.738224,MID,98.8,61.5,43.0
1878,205,D.Shiel,ESS,7,89,22,75.8571,0.368,-1.691,-2.049064,MID,75.3,61.5,
3444,302,T.Atkins,GEE,18,89,22,81.2222,0.368,-1.257,-1.650024,MID,79.9,61.5,43.0
3645,312,P.Dangerfield,GEE,12,89,22,82.4167,0.368,-1.16,-1.431584,MID,78.9,61.5,43.0
6007,463,C.Salem,MEL,15,89,22,76.7333,0.368,-1.62,-1.88312,MID,76.1,61.5,43.0
8031,581,J.Hopper,RIC,10,89,22,82.0,0.368,-1.194,-1.582608,MID,78.0,61.5,43.0
9161,648,M.Wood,STK,16,72,22,80.0625,0.263,-1.351,-1.118245,FWD,78.5,61.5,23.5
10916,75,C.Rayner,BRL,21,72,22,79.7143,0.263,-1.379,-1.1804350000000001,FWD,79.3,61.5,23.5
396,124,A.Saad,CAR,16,80,22,85.1875,0.263,-0.936,-0.966245,DEF,82.1,64.0,33.5
537,135,M.Cox,COL,14,71,22,57.4286,0.263,-3.181,-3.0384539999999998,FWD,57.4,64.0,
751,145,B.Hill,COL,21,71,22,62.2857,0.263,-2.788,-2.6102119999999998,FWD,62.3,64.0,
3391,300,L.Weller,GCS,4,80,22,67.0,0.263,-2.407,-2.726808,DEF,67.0,64.0,
5435,43,C.Ah Chee,BRL,20,71,22,66.7,0.263,-2.431,-2.303445,FWD,66.7,64.0,
8430,603,N.Vlastuin,RIC,20,80,22,90.1,0.263,-0.539,-0.552413,DEF,88.1,64.0,33.5
6550,498,N.Larkey,NTH,21,70,22,63.0476,0.263,-2.727,-2.60865,FWD,63.0,66.0,
7115,522,M.Bergman,PTA,21,87,22,76.6667,0.368,-1.625,-1.9760719999999998,MID,76.5,66.0,
9604,671,J.Lloyd,SYD,21,87,22,82.7143,0.368,-1.136,-1.484128,MID,82.0,66.0,46.5
10423,72,L.Neale,BRL,20,87,22,117.4,0.368,1.668,1.69192,MID,111.9,66.0,46.5
471,128,Z.Williams,CAR,17,79,22,67.3529,0.263,-2.379,-2.546531,DEF,67.4,66.5,35.5
7331,533,K.Farrell,PTA,20,79,22,85.45,0.263,-0.915,-1.068329,DEF,84.1,66.5,35.5
810,147,J.Howe,COL,17,78,22,79.2353,0.263,-1.418,-1.4811199999999998,DEF,78.1,68.5,
1004,16,M.Hinge,ADE,20,78,22,95.85,0.263,-0.074,-0.151059,DEF,93.1,68.5,37.0
3072,280,B.King,GCS,20,68,22,61.45,0.263,-2.856,-2.7500109999999998,FWD,61.4,68.5,
6333,480,C.Comben,NTH,18,68,22,79.3889,0.263,-1.405,-1.256142,FWD,78.4,68.5,
8905,638,C.Sharman,STK,16,68,22,54.25,0.263,-3.438,-3.2475880000000004,FWD,54.2,68.5,
9223,650,J.Amartey,SYD,20,68,22,55.9,0.263,-3.305,-3.169292,FWD,55.9,68.5,
15,1,S.Berry,ADE,16,86,22,61.625,0.368,-2.842,-3.2710879999999998,MID,61.6,69.0,
8721,623,B.Hill,STK,20,86,22,73.75,0.368,-1.861,-2.332408,MID,73.8,69.0,
11825,97,P.Cripps,CAR,21,86,22,109.19,0.368,1.005,0.920728,MID,106.2,69.0,48.0
1764,198,D.Parish,ESS,10,85,22,88.3,0.368,-0.685,-0.941864,MID,80.8,71.5,49.5
3197,289,W.Powell,GCS,16,77,22,91.375,0.263,-0.436,-0.551983,DEF,86.4,71.5,38.0
3532,305,J.Bowes,GEE,18,77,22,79.5556,0.263,-1.392,-1.399101,DEF,78.6,71.5,
7682,560,O.Wines,PTA,20,85,22,96.95,0.368,0.015,-0.12263199999999998,MID,94.1,71.5,49.5
9311,656,H.Cunningham,SYD,18,77,22,53.0,0.263,-3.539,-3.7764889999999998,DEF,53.0,71.5,
11010,757,B.Hough,WCE,21,77,22,65.5714,0.263,-2.523,-2.801517,DEF,65.6,71.5,
2476,247,S.Switkowski,FRE,18,67,22,74.3889,0.263,-1.81,-1.526223,FWD,74.4,72.5,
3924,330,S.Mannagh,GEE,8,67,22,74.125,0.263,-1.831,-1.594037,FWD,74.1,72.5,
3973,334,S.Neale,GEE,11,67,22,56.7273,0.263,-3.238,-3.0531110000000004,FWD,56.7,72.5,
4970,400,J.Ginnivan,HAW,19,67,22,71.0,0.263,-2.084,-1.864921,FWD,71.0,72.5,
1141,168,S.Sidebottom,COL,20,84,22,73.1,0.368,-1.914,-2.244832,MID,73.1,73.0,
3492,304,M.Blicavs,GEE,20,83,22,67.2,0.368,-2.391,-2.8142,MID,67.2,74.5,51.0
6053,468,T.Sparrow,MEL,20,83,22,67.05,0.368,-2.403,-2.955736,MID,67.0,74.5,
4098,342,T.Stewart,GEE,20,76,22,99.5,0.263,0.221,0.154461,DEF,96.3,75.0,39.0
4605,379,H.Perryman,GWS,17,76,22,78.1765,0.263,-1.503,-1.6416009999999999,DEF,77.3,75.0,
10016,696,L.Bramble,WBD,21,76,22,74.1429,0.263,-1.829,-2.011522,DEF,74.1,75.0,
1602,190,K.Langford,ESS,21,66,22,76.4762,0.263,-1.641,-1.3756329999999999,FWD,76.3,76.0,25.0
2193,227,M.Frederick,FRE,18,66,22,50.3333,0.263,-3.755,-3.6287599999999998,FWD,50.3,76.0,
4837,395,M.Chol,HAW,19,66,22,62.3684,0.263,-2.782,-2.587643,FWD,62.4,76.0,
5390,429,N.Watson,HAW,14,82,22,62.4286,0.368,-2.777,-3.1589840000000002,MID,62.4,76.0,
1865,203,A.Roberts,ESS,2,75,22,60.5,0.263,-2.933,-2.66737,DEF,60.5,77.5,
3339,298,B.Uwland,GCS,19,75,22,71.7368,0.263,-2.024,-2.149451,DEF,71.7,77.5,
3107,282,B.Long,GCS,15,64,22,59.2667,0.263,-3.032,-2.879197,FWD,59.3,78.0,
8751,626,Z.Jones,STK,11,81,22,57.8182,0.368,-3.15,-3.566576,MID,57.8,78.0,
9885,686,J.Rowbottom,SYD,19,81,22,95.3684,0.368,-0.113,-0.38532,MID,91.8,78.0,52.5
10511,725,E.Richards,WBD,18,81,22,96.6111,0.368,-0.013,-0.170872,MID,91.9,78.0,52.5
2685,258,M.Andrew,GCS,18,74,22,77.7778,0.263,-1.536,-1.7705959999999998,DEF,77.2,79.0,
2002,213,J.Amiss,FRE,20,63,22,55.55,0.263,-3.333,-3.221488,FWD,55.6,79.5,
3386,30,J.Rachele,ADE,21,63,22,65.0,0.263,-2.569,-2.420931,FWD,65.0,79.5,26.0
3903,329,J.Kolodjashnij,GEE,20,73,22,67.75,0.263,-2.346,-2.482497,DEF,67.8,81.5,
5029,403,B.Hardwick,HAW,21,73,22,75.0,0.263,-1.76,-1.8867660000000002,DEF,75.0,81.5,
7071,520,A.Aliir,PTA,20,73,22,77.4,0.263,-1.566,-1.747207,DEF,77.1,81.5,
8401,601,T.Taranto,RIC,13,80,22,96.0769,0.368,-0.056,-0.34892799999999996,MID,86.9,81.5,54.5
9425,663,E.Gulden,SYD,21,80,22,108.667,0.368,0.962,0.8004479999999999,MID,105.7,81.5,54.5
10984,754,R.Ginbey,WCE,21,80,22,72.0,0.368,-2.003,-2.52372,MID,72.0,81.5,
11288,774,Z.Trew,WCE,6,80,22,50.5,0.368,-3.741,-4.393464,MID,50.5,81.5,
11588,84,D.Wilmot,BRL,21,73,22,84.5714,0.263,-0.986,-1.099879,DEF,83.7,81.5,
154,107,E.Hollands,CAR,19,62,22,73.6316,0.263,-1.871,-1.624832,FWD,73.6,82.5,
698,142,J.Elliott,COL,13,62,22,62.5385,0.263,-2.768,-2.5746949999999997,FWD,62.5,82.5,
4167,349,T.Bedford,GWS,21,62,22,60.9048,0.263,-2.9,-2.728261,FWD,60.9,82.5,
5152,410,C.Mackenzie,HAW,18,62,22,59.0556,0.263,-3.049,-2.848594,FWD,59.1,82.5,27.0
5512,434,J.Billings,MEL,14,79,22,54.5714,0.368,-3.412,-3.856176,MID,54.6,84.5,56.5
9534,667,J.Jordon,SYD,21,79,22,68.8571,0.368,-2.257,-2.741288,MID,68.9,84.5,56.5
435,127,J.Weitering,CAR,19,72,22,77.1053,0.263,-1.59,-1.7188700000000003,DEF,76.7,85.0,
4646,384,S.Taylor,GWS,14,72,22,69.2857,0.263,-2.222,-2.340087,DEF,69.3,85.0,40.0
6506,489,E.Ford,NTH,17,61,22,54.0588,0.263,-3.454,-3.3545860000000003,FWD,54.1,85.0,
9334,658,O.Florent,SYD,21,72,22,76.2857,0.263,-1.656,-1.714912,DEF,76.2,85.0,
878,151,P.Lipinski,COL,21,60,22,73.1429,0.263,-1.91,-1.640951,FWD,73.1,86.5,28.0
10845,747,J.Darling,WCE,19,60,22,58.0526,0.263,-3.131,-3.040265,FWD,58.1,86.5,
2047,215,A.Brayshaw,FRE,21,77,22,107.238,0.368,0.847,0.796216,MID,104.4,87.0,58.0
3531,305,J.Bowes,GEE,18,77,22,79.5556,0.368,-1.392,-1.613168,MID,78.6,87.0,
8531,609,R.Byrnes,STK,13,77,22,60.3846,0.368,-2.942,-3.4549920000000003,MID,60.4,87.0,
8554,61,R.Lester,BRL,21,71,22,73.0952,0.263,-1.914,-2.1109869999999997,DEF,73.1,87.0,
2974,275,W.Graham,GCS,15,70,22,61.8,0.263,-2.828,-3.0028949999999996,DEF,61.8,88.5,
6107,470,A.Tomlinson,MEL,6,70,22,74.1667,0.263,-1.828,-1.942142,DEF,74.2,88.5,
2368,24,L.Murphy,ADE,15,58,22,55.8,0.263,-3.313,-3.163879,FWD,55.8,89.5,
6063,469,K.Tholstrup,MEL,8,58,22,55.0,0.263,-3.377,-3.1610769999999997,FWD,55.0,89.5,
6096,47,Z.Bailey,BRL,16,58,22,70.875,0.263,-2.094,-1.90464,FWD,70.9,89.5,29.0
8570,610,A.Caminiti,STK,14,58,22,53.0714,0.263,-3.533,-3.387298,FWD,53.1,89.5,
1027,160,D.Moore,COL,21,69,22,76.1429,0.263,-1.668,-1.835794,DEF,76.0,90.0,41.0
3708,314,O.Dempsey,GEE,21,76,22,74.7143,0.368,-1.783,-2.146216,MID,74.7,90.0,
10015,696,L.Bramble,WBD,21,76,22,74.1429,0.368,-1.829,-2.287896,MID,74.1,90.0,
10708,735,B.Williams,WBD,21,76,22,77.0952,0.368,-1.591,-1.9792399999999999,MID,76.9,90.0,
6332,480,C.Comben,NTH,18,68,22,79.3889,0.263,-1.405,-1.6054059999999999,DEF,78.4,91.0,
1090,164,I.Quaynor,COL,21,67,22,56.9524,0.263,-3.22,-3.4256660000000005,DEF,57.0,92.5,42.0
6961,516,D.Tucker,NTH,21,67,22,68.4762,0.263,-2.288,-2.5354829999999997,DEF,68.5,92.5,
4475,37,J.Soligo,ADE,21,74,22,83.8095,0.368,-1.048,-1.4042240000000001,MID,83.0,93.0,
6871,511,J.Simpkin,NTH,16,74,22,76.5625,0.368,-1.634,-1.90448,MID,76.1,93.0,59.0
7985,577,J.Graham,RIC,12,74,22,70.9167,0.368,-2.09,-2.5639839999999996,MID,70.9,93.0,
652,138,N.Daicos,COL,21,66,22,113.952,0.263,1.39,1.5769929999999999,DEF,110.6,94.0,43.0
5116,41,T.Walker,ADE,17,57,22,66.1176,0.263,-2.478,-2.338347,FWD,66.1,94.0,30.0
10248,71,L.Morris,BRL,13,57,22,54.6923,0.263,-3.402,-3.2857540000000003,FWD,54.7,94.0,
10852,748,T.Dewar,WCE,5,57,22,30.8,0.263,-5.334,-5.193294999999999,FWD,30.8,94.0,
11273,772,L.Ryan,WCE,15,57,22,56.0667,0.263,-3.291,-3.136619,FWD,56.1,94.0,
11307,775,J.Waterman,WCE,18,57,22,84.6667,0.263,-0.979,-0.769652,FWD,82.6,94.0,
3106,282,B.Long,GCS,15,64,22,59.2667,0.263,-3.032,-3.270804,DEF,59.3,95.5,
9284,654,B.Campbell,SYD,18,64,22,47.0,0.263,-4.024,-4.25018,DEF,47.0,95.5,
179,108,O.Hollands,CAR,20,72,22,57.45,0.368,-3.179,-3.549576,MID,57.4,96.0,
9160,648,M.Wood,STK,16,72,22,80.0625,0.368,-1.351,-1.709064,MID,78.5,96.0,60.5
10917,75,C.Rayner,BRL,21,72,22,79.7143,0.368,-1.379,-1.789688,MID,79.3,96.0,60.5
9726,677,H.McLean,SYD,21,56,22,68.2381,0.263,-2.307,-2.113169,FWD,68.2,97.0,31.0
199,109,B.Kemp,CAR,18,63,22,71.5,0.263,-2.043,-2.222366,DEF,71.5,97.5,
5811,454,J.McVee,MEL,21,63,22,73.8095,0.263,-1.856,-2.08481,DEF,73.8,97.5,
1067,163,S.Pendlebury,COL,18,71,22,87.1667,0.368,-0.776,-1.107568,MID,84.5,98.5,62.0
1231,173,J.Caldwell,ESS,21,55,22,95.5238,0.263,-0.101,0.147535,FWD,93.7,98.5,32.0
5434,43,C.Ah Chee,BRL,20,71,22,66.7,0.368,-2.431,-2.9796880000000003,MID,66.7,98.5,
9648,675,L.McDonald,SYD,21,55,22,62.2857,0.263,-2.788,-2.6091599999999997,FWD,62.3,98.5,
1047,162,J.Noble,COL,18,62,22,75.8333,0.263,-1.693,-1.7619060000000002,DEF,75.7,99.0,
3875,326,L.Humphries,GEE,7,61,22,78.1429,0.263,-1.506,-1.638552,DEF,76.0,100.0,
2973,275,W.Graham,GCS,15,70,22,61.8,0.368,-2.828,-3.2695999999999996,MID,61.8,101.0,
3813,324,O.Henry,GEE,19,54,22,50.4737,0.263,-3.743,-3.580203,FWD,50.5,101.0,
7273,530,C.Dixon,PTA,15,54,22,75.1333,0.263,-1.749,-1.526239,FWD,75.1,101.0,33.0
7295,531,W.Drew,PTA,21,70,22,92.6667,0.368,-0.332,-0.673872,MID,91.1,101.0,
8738,625,D.Howard,STK,13,60,22,58.5385,0.263,-3.091,-3.308501,DEF,58.5,101.0,
10602,731,J.Ugle-Hagan,WBD,19,54,22,67.2105,0.263,-2.39,-2.235882,FWD,67.2,101.0,
11453,783,J.Bytel,COL,6,70,22,41.8333,0.368,-4.442,-5.24424,MID,41.8,101.0,
5584,44,H.Andrews,BRL,20,59,22,84.6,0.263,-0.984,-1.096827,DEF,83.3,103.0,44.0
11047,758,J.Hunt,WCE,18,59,22,65.7778,0.263,-2.506,-2.6769499999999997,DEF,65.8,103.0,
11495,799,L.Evans,PTA,8,59,22,67.5,0.263,-2.367,-2.512965,DEF,67.5,103.0,
5674,448,E.Langdon,MEL,20,69,22,77.3,0.368,-1.574,-1.8455840000000001,MID,77.0,103.5,
11535,806,N.Long,COL,6,69,22,44.0,0.368,-4.267,-5.00484,MID,44.0,103.5,
7853,566,S.Bolton,RIC,20,52,22,78.55,0.263,-1.473,-1.279695,FWD,78.1,104.0,34.0
9094,646,D.Wilson,STK,21,52,22,63.2381,0.263,-2.711,-2.488765,FWD,63.2,104.0,
11163,765,R.Maric,WCE,18,52,22,41.6667,0.263,-4.456,-4.366054,FWD,41.7,104.0,
2751,260,C.Ballard,GCS,21,58,22,63.8095,0.263,-2.665,-2.871455,DEF,63.8,105.0,
115,106,G.Hewett,CAR,19,67,22,89.1579,0.368,-0.615,-0.792008,MID,86.7,106.0,63.0
1901,206,J.Stringer,ESS,21,51,22,64.8571,0.263,-2.58,-2.446133,FWD,64.9,106.0,
3925,330,S.Mannagh,GEE,8,67,22,74.125,0.368,-1.831,-2.1967920000000003,MID,74.1,106.0,
5650,445,B.Howes,MEL,14,57,22,55.8571,0.263,-3.308,-3.503146,DEF,55.9,106.0,
6960,516,D.Tucker,NTH,21,67,22,68.4762,0.368,-2.288,-2.833008,MID,68.5,106.0,
11563,81,B.Starcevich,BRL,16,56,22,56.1875,0.263,-3.281,-3.562147,DEF,56.2,107.0,
2235,228,N.Fyfe,FRE,20,50,22,69.75,0.263,-2.185,-2.004582,FWD,69.8,108.0,35.0
5607,441,B.Fritsch,MEL,21,50,22,55.2381,0.263,-3.358,-3.231497,FWD,55.2,108.0,
7878,567,N.Broad,RIC,20,55,22,66.85,0.263,-2.419,-2.599681,DEF,66.8,108.0,
8153,588,B.Miller,RIC,19,50,22,74.3684,0.263,-1.811,-1.6387349999999998,FWD,74.4,108.0,
653,138,N.Daicos,COL,21,66,22,113.952,0.368,1.39,1.415392,MID,110.6,109.5,64.0
2311,231,M.Johnson,FRE,17,66,22,67.4706,0.368,-2.369,-2.9813520000000002,MID,67.5,109.5,
8225,592,D.Prestia,RIC,11,66,22,75.7273,0.368,-1.701,-1.9689039999999998,MID,75.3,109.5,
9755,679,C.Mills,SYD,4,66,22,61.75,0.368,-2.832,-2.8872,MID,61.8,109.5,
365,122,M.Owies,CAR,21,49,22,52.619,0.263,-3.57,-3.415882,FWD,52.6,110.5,
2725,26,L.Nankervis,ADE,18,54,22,69.5556,0.263,-2.2,-2.332552,DEF,69.6,110.5,
3018,277,B.Humphrey,GCS,19,49,22,51.3158,0.263,-3.675,-3.57506,FWD,51.3,110.5,36.0
3075,281,S.Lemmens,GCS,1,54,22,54.0,0.263,-3.458,-3.697593,DEF,54.0,110.5,
5634,444,M.Hore,MEL,4,54,22,44.5,0.263,-4.226,-4.359341,DEF,44.5,110.5,
10294,714,L.Jones,WBD,18,54,22,72.6111,0.263,-1.953,-2.169712,DEF,72.6,110.5,
9283,654,B.Campbell,SYD,18,64,22,47.0,0.368,-4.024,-4.527424,MID,47.0,112.0,
1119,167,L.Schultz,COL,18,48,22,59.7222,0.263,-2.996,-2.8118999999999996,FWD,59.7,112.5,37.5
11241,770,H.Reid,WCE,18,48,22,79.7778,0.263,-1.374,-1.1241500000000002,FWD,78.7,112.5,37.5
155,107,E.Hollands,CAR,19,62,22,73.6316,0.368,-1.871,-2.2242800000000003,MID,73.6,113.5,
5153,410,C.Mackenzie,HAW,18,62,22,59.0556,0.368,-3.049,-3.505688,MID,59.1,113.5,65.0
7421,539,L.Jones,PTA,16,52,22,54.8125,0.263,-3.393,-3.693609,DEF,54.8,113.5,
11507,8,D.Curtin,ADE,5,52,22,25.4,0.263,-5.771,-6.012171,DEF,25.4,113.5,
2854,267,A.Davies,GCS,5,45,22,69.0,0.263,-2.245,-2.060374,FWD,69.0,114.0,
1807,2,H.Bond,ADE,5,51,22,43.4,0.263,-4.315,-4.563798,DEF,43.4,115.0,
3874,326,L.Humphries,GEE,7,61,22,78.1429,0.368,-1.506,-1.898656,MID,76.0,115.0,
7812,565,J.Bauer,RIC,1,44,22,44.0,0.263,-4.267,-3.8335760000000003,FWD,44.0,115.5,
10686,734,R.West,WBD,20,44,22,66.65,0.263,-2.435,-2.289298,FWD,66.6,115.5,
879,151,P.Lipinski,COL,21,60,22,73.1429,0.368,-1.91,-2.2297919999999998,MID,73.1,116.5,66.0
6837,510,L.Shiels,NTH,15,60,22,47.2667,0.368,-4.003,-4.61756,MID,47.3,116.5,
7049,52,J.Daniher,BRL,21,43,22,83.6667,0.263,-1.059,-0.8083609999999999,FWD,82.9,117.0,39.0
11048,758,J.Hunt,WCE,18,59,22,65.7778,0.368,-2.506,-2.9446559999999997,MID,65.8,118.0,
269,114,M.McGovern,CAR,16,50,22,78.25,0.263,-1.497,-1.666372,DEF,77.3,118.5,
4222,352,J.Buckley,GWS,19,50,22,79.1053,0.263,-1.428,-1.571861,DEF,78.4,118.5,
8165,59,D.Joyce,BRL,4,50,22,54.75,0.263,-3.398,-3.7627810000000004,DEF,54.8,118.5,
8813,630,A.McLennan,STK,2,50,22,52.5,0.263,-3.58,-3.855887,DEF,52.5,118.5,
8991,641,L.Stocker,STK,14,50,22,52.4286,0.263,-3.585,-3.856153,DEF,52.4,118.5,
10873,749,L.Duggan,WCE,19,50,22,88.7368,0.263,-0.649,-0.776292,DEF,86.3,118.5,45.0
6524,495,R.Hansen Jr,NTH,4,42,22,28.25,0.263,-5.54,-5.34801,FWD,28.2,119.0,
7026,519,C.Zurhaar,NTH,20,42,22,70.95,0.263,-2.088,-1.937564,FWD,71.0,119.0,
10646,732,L.Vandermeer,WBD,21,42,22,48.7143,0.263,-3.886,-3.7808,FWD,48.7,119.0,
6097,47,Z.Bailey,BRL,16,58,22,70.875,0.368,-2.094,-2.5396479999999997,MID,70.9,119.5,67.0
10475,724,C.Poulter,WBD,7,58,22,58.0,0.368,-3.135,-3.667128,MID,58.0,119.5,
4708,386,C.Ward,GWS,16,56,22,78.6875,0.368,-1.462,-1.88152,MID,77.6,121.5,68.5
6135,471,D.Turner,MEL,13,41,22,40.0,0.263,-4.59,-4.414842,FWD,40.0,121.5,
9559,67,H.McCluggage,BRL,21,56,22,97.0476,0.368,0.023,-0.165416,MID,95.1,121.5,68.5
11519,80,H.Smith,BRL,4,41,22,39.25,0.263,-4.651,-4.566314,FWD,39.2,121.5,
789,146,W.Hoskin-Elliott,COL,18,48,22,67.2222,0.263,-2.389,-2.6196509999999997,DEF,67.2,122.0,
1232,173,J.Caldwell,ESS,21,55,22,95.5238,0.368,-0.101,-0.39908,MID,93.7,123.0,70.0
8679,622,J.Higgins,STK,18,40,22,68.5556,0.263,-2.281,-2.035095,FWD,68.6,123.5,
11363,777,J.Williams,WCE,16,40,22,54.125,0.263,-3.448,-3.3254420000000002,FWD,54.1,123.5,
2726,26,L.Nankervis,ADE,18,54,22,69.5556,0.368,-2.2,-2.587872,MID,69.6,124.0,
5723,450,J.Lever,MEL,17,47,22,72.1765,0.263,-1.988,-2.197611,DEF,72.2,124.0,46.0
6266,477,J.Archer,NTH,13,47,22,48.5385,0.263,-3.9,-4.269515,DEF,48.5,124.0,
6630,502,L.McDonald,NTH,20,47,22,65.9,0.263,-2.496,-2.67747,DEF,65.9,124.0,
2483,248,M.Taberner,FRE,5,39,22,37.8,0.263,-4.768,-4.688574,FWD,37.8,125.5,
6706,506,T.Pink,NTH,14,39,22,38.1429,0.263,-4.741,-4.6423749999999995,FWD,38.1,125.5,
7854,566,S.Bolton,RIC,20,52,22,78.55,0.368,-1.473,-1.89436,MID,78.1,126.0,71.0
9095,646,D.Wilson,STK,21,52,22,63.2381,0.368,-2.711,-3.124632,MID,63.2,126.0,
11506,8,D.Curtin,ADE,5,52,22,25.4,0.368,-5.771,-6.28252,MID,25.4,126.0,
4490,371,L.Keeffe,GWS,1,38,22,38.0,0.263,-4.752,-4.431666,FWD,38.0,127.0,
5975,462,T.Rivers,MEL,21,45,22,85.7143,0.263,-0.894,-0.961854,DEF,84.8,127.0,47.5
9824,683,D.Rampe,SYD,16,45,22,57.875,0.263,-3.145,-3.416679,DEF,57.9,127.0,
10067,702,B.Dale,WBD,21,45,22,97.6667,0.263,0.073,0.081679,DEF,95.7,127.0,47.5
7960,574,T.Dow,RIC,17,51,22,59.6471,0.368,-3.002,-3.52088,MID,59.6,128.0,
2234,228,N.Fyfe,FRE,20,50,22,69.75,0.368,-2.185,-2.646472,MID,69.8,129.5,72.0
4116,343,Z.Tuohy,GEE,16,50,22,66.25,0.368,-2.468,-2.947136,MID,66.2,129.5,
6356,481,A.Corr,NTH,21,43,22,64.9524,0.263,-2.573,-2.7894490000000003,DEF,65.0,129.5,
10046,700,N.Coffield,WBD,8,43,22,40.5,0.263,-4.55,-4.899264,DEF,40.5,129.5,
1286,176,A.Davey Jnr,ESS,10,37,22,27.2,0.263,-5.625,-5.583972,FWD,27.2,130.0,
2456,246,S.Sturt,FRE,11,37,22,50.7273,0.263,-3.723,-3.540478,FWD,50.7,130.0,
7526,547,J.Mead,PTA,21,37,22,62.6667,0.263,-2.757,-2.6286560000000003,FWD,62.7,130.0,
7540,548,Q.Narkle,PTA,9,37,22,28.3333,0.263,-5.534,-5.524269,FWD,28.3,130.0,
10095,703,C.Daniel,WBD,13,37,22,41.9231,0.263,-4.435,-4.1414919999999995,FWD,41.9,130.0,40.0
2336,238,J.O'Meara,FRE,20,49,22,64.3,0.368,-2.625,-3.0732239999999997,MID,64.3,131.0,
10645,732,L.Vandermeer,WBD,21,42,22,48.7143,0.263,-3.886,-4.199759,DEF,48.7,131.5,
11385,778,A.Witherden,WCE,17,42,22,68.1176,0.263,-2.317,-2.470329,DEF,68.1,131.5,49.0
788,146,W.Hoskin-Elliott,COL,18,48,22,67.2222,0.368,-2.389,-2.910088,MID,67.2,132.5,
11240,770,H.Reid,WCE,18,48,22,79.7778,0.368,-1.374,-1.7070400000000001,MID,78.7,132.5,73.0
3277,295,A.Sexton,GCS,14,36,22,75.0,0.263,-1.76,-1.5567010000000001,FWD,75.0,133.0,41.0
1553,189,J.Kelly,ESS,18,41,22,64.8333,0.263,-2.582,-2.8342169999999998,DEF,64.8,134.0,
2853,267,A.Davies,GCS,5,45,22,69.0,0.368,-2.245,-2.702056,MID,69.0,134.0,
6134,471,D.Turner,MEL,13,41,22,40.0,0.263,-4.59,-4.845636,DEF,40.0,134.0,
6270,478,M.Bergman,NTH,2,41,22,40.5,0.263,-4.55,-5.131755999999999,DEF,40.5,134.0,
10962,753,A.Gaff,WCE,4,42,22,44.75,0.368,-4.206,-4.546768,MID,44.8,135.0,
1730,196,J.Menzie,ESS,13,35,22,36.4615,0.263,-4.876,-4.8646910000000005,FWD,36.5,135.5,
3626,310,B.Close,GEE,21,35,22,63.5714,0.263,-2.684,-2.5769590000000004,FWD,63.6,135.5,
8045,582,J.Koschitzke,RIC,12,35,22,52.9167,0.263,-3.546,-3.470519,FWD,52.9,135.5,
11459,784,P.Voss,FRE,5,35,22,43.2,0.263,-4.332,-4.159998,FWD,43.2,135.5,
934,154,B.Maynard,COL,21,40,22,78.381,0.263,-1.487,-1.6153440000000001,DEF,78.1,136.0,50.0
1554,189,J.Kelly,ESS,18,41,22,64.8333,0.368,-2.582,-3.131424,MID,64.8,136.0,
4898,397,W.Day,HAW,15,40,22,96.6,0.368,-0.014,-0.44787200000000005,MID,89.1,137.0,74.0
6705,506,T.Pink,NTH,14,39,22,38.1429,0.263,-4.741,-5.084478,DEF,38.1,137.0,
7585,550,E.Ratugolea,PTA,18,38,22,59.3889,0.263,-3.023,-3.279688,DEF,59.4,138.0,
4377,364,M.Gruzewski,GWS,4,34,22,21.0,0.263,-6.127,-6.108064,FWD,21.0,138.5,
5871,458,C.Oliver,MEL,21,38,22,83.8095,0.368,-1.048,-1.3784640000000001,MID,83.0,138.5,75.0
7565,55,J.Fletcher,BRL,21,38,22,63.381,0.368,-2.7,-3.157056,MID,63.4,138.5,
10332,716,B.Khamis,WBD,16,34,22,50.3125,0.263,-3.756,-3.629234,FWD,50.3,138.5,
3278,295,A.Sexton,GCS,14,36,22,75.0,0.263,-1.76,-1.909647,DEF,75.0,139.0,51.0
296,119,J.Motlop,CAR,4,33,22,42.25,0.263,-4.408,-4.385382,FWD,42.2,140.5,
2025,214,B.Banfield,FRE,21,33,22,63.6667,0.263,-2.677,-2.533402,FWD,63.7,140.5,
3730,315,M.Duncan,GEE,18,34,22,83.1667,0.263,-1.1,-1.315134,DEF,81.4,140.5,52.0
7527,547,J.Mead,PTA,21,37,22,62.6667,0.368,-2.757,-3.313784,MID,62.7,140.5,
10094,703,C.Daniel,WBD,13,37,22,41.9231,0.368,-4.435,-4.791592,MID,41.9,140.5,76.0
10333,716,B.Khamis,WBD,16,34,22,50.3125,0.263,-3.756,-4.04267,DEF,50.3,140.5,
3218,291,J.Rogers,GCS,7,35,22,42.5714,0.368,-4.382,-5.168784,MID,42.6,142.0,
10138,705,T.Duryea,WBD,19,30,22,58.5263,0.263,-3.092,-3.285831,DEF,58.5,142.5,
11758,94,A.Cincotta,CAR,14,30,22,46.9286,0.263,-4.03,-4.2851099999999995,DEF,46.9,142.5,
3354,299,J.Walter,GCS,13,32,22,34.6923,0.263,-5.02,-4.935051,FWD,34.7,143.0,
4371,363,T.Greene,GWS,20,32,22,79.65,0.263,-1.384,-1.1667619999999999,FWD,79.0,143.0,42.0
7602,551,W.Rioli,PTA,15,32,22,60.2667,0.263,-2.952,-2.782102,FWD,60.3,143.0,
10988,755,C.Hall,WCE,2,31,22,33.0,0.368,-5.156,-5.833119999999999,MID,33.0,143.0,
2510,25,N.Murray,ADE,7,29,22,56.7143,0.263,-3.239,-3.557493,DEF,56.7,144.0,
4551,377,X.O'Halloran,GWS,16,29,22,53.5,0.368,-3.499,-4.11356,MID,53.5,144.5,
9198,649,T.Adams,SYD,17,29,22,69.4118,0.368,-2.212,-2.6823040000000002,MID,69.4,144.5,77.0
1410,181,J.Gresham,ESS,20,31,22,59.85,0.263,-2.985,-2.845084,FWD,59.8,145.0,43.0
9028,644,J.Webster,STK,13,27,22,62.0769,0.263,-2.805,-3.031969,DEF,62.1,145.0,
8258,593,H.Ralphsmith,RIC,16,26,22,52.6875,0.263,-3.564,-3.836468,DEF,52.7,146.0,
8259,593,H.Ralphsmith,RIC,16,26,22,52.6875,0.368,-3.564,-4.1344,MID,52.7,146.0,
4814,393,L.Breust,HAW,15,30,22,40.8,0.263,-4.526,-4.433687,FWD,40.8,146.5,
8516,608,D.Butler,STK,14,30,22,41.2143,0.263,-4.492,-4.425987,FWD,41.2,146.5,
11092,760,H.Johnston,WCE,4,25,22,25.75,0.368,-5.743,-6.341736,MID,25.8,147.0,
717,143,B.Frampton,COL,17,25,22,52.1765,0.263,-3.606,-3.9100279999999996,DEF,52.2,147.5,
3961,332,O.Mullin,GEE,9,25,22,40.6667,0.263,-4.536,-4.918927999999999,DEF,40.7,147.5,
8114,587,K.McIntosh,RIC,20,24,22,46.1,0.368,-4.097,-4.727384000000001,MID,46.1,148.0,
4552,377,X.O'Halloran,GWS,16,29,22,53.5,0.263,-3.499,-3.394589,FWD,53.5,148.5,
9199,649,T.Adams,SYD,17,29,22,69.4118,0.263,-2.212,-2.036842,FWD,69.4,148.5,44.0
4689,385,H.Thomas,GWS,21,20,22,53.8571,0.368,-3.47,-4.0956,MID,53.9,149.0,
4935,399,S.Frost,HAW,21,19,22,47.8095,0.263,-3.959,-4.238043,DEF,47.8,149.5,
10745,74,J.Prior,BRL,4,19,22,39.25,0.263,-4.651,-5.007891,DEF,39.2,149.5,
1275,174,N.Cox,ESS,20,17,22,49.75,0.368,-3.802,-4.398528,MID,49.8,150.0,
4076,340,T.Stengle,GEE,21,28,22,72.5238,0.263,-1.96,-1.7493370000000001,FWD,72.5,151.0,
8318,597,S.Ryan,RIC,8,28,22,44.0,0.263,-4.267,-4.1652190000000004,FWD,44.0,151.0,
10664,733,C.Weightman,WBD,14,28,22,67.5,0.263,-2.367,-2.122936,FWD,67.5,151.0,
1276,174,N.Cox,ESS,20,17,22,49.75,0.263,-3.802,-4.094719,DEF,49.8,151.5,
1493,186,B.Hobbs,ESS,10,14,22,51.6,0.368,-3.652,-4.341264,MID,51.6,151.5,
3550,306,T.Bruhn,GEE,14,14,22,71.6429,0.368,-2.032,-2.404048,MID,71.6,151.5,
9626,674,T.McCartin,SYD,18,17,22,63.5556,0.263,-2.686,-2.897978,DEF,63.6,151.5,
4751,39,Z.Taylor,ADE,7,11,22,43.1429,0.368,-4.336,-4.964176,MID,43.1,153.0,
9365,659,R.Fox,SYD,15,14,22,52.4,0.263,-3.588,-3.9456800000000003,DEF,52.4,153.0,
6158,472,J.van Rooyen,MEL,19,25,22,62.3684,0.263,-2.782,-2.63735,FWD,62.4,153.5,
11091,760,H.Johnston,WCE,4,25,22,25.75,0.263,-5.743,-5.584674000000001,FWD,25.8,153.5,
2564,254,K.Worner,FRE,4,12,22,43.0,0.263,-4.348,-4.681747,DEF,43.0,154.0,
3317,296,D.Swallow,GCS,19,9,22,44.9474,0.368,-4.19,-4.884048,MID,44.9,154.0,
6453,487,Z.Duursma,NTH,13,4,22,36.0769,0.368,-4.908,-5.61088,MID,36.1,155.0,
8344,599,K.Smith,RIC,4,8,22,25.0,0.263,-5.803,-6.246681,DEF,25.0,155.0,
10453,721,A.Naughton,WBD,17,24,22,70.3529,0.263,-2.136,-1.933753,FWD,70.4,155.0,45.0
7472,543,T.Marshall,PTA,18,21,22,54.6667,0.263,-3.404,-3.2640839999999995,FWD,54.7,156.0,
9291,655,C.Cleary,SYD,3,3,22,15.6667,0.368,-6.558,-6.927104,MID,15.7,156.0,
11702,90,J.Boyd,CAR,19,3,22,60.6842,0.263,-2.918,-3.143917,DEF,60.7,156.0,
4690,385,H.Thomas,GWS,21,20,22,53.8571,0.263,-3.47,-3.373216,FWD,53.9,157.0,
7309,532,F.Evans,PTA,12,19,22,41.8333,0.263,-4.442,-4.3120780000000005,FWD,41.8,158.0,
11853,99,C.Curnow,CAR,21,17,22,82.4286,0.263,-1.159,-0.9188810000000001,FWD,81.8,159.0,46.0
1492,186,B.Hobbs,ESS,10,14,22,51.6,0.263,-3.652,-3.5938770000000004,FWD,51.6,160.5,
9366,659,R.Fox,SYD,15,14,22,52.4,0.263,-3.588,-3.5296140000000005,FWD,52.4,160.5,
253,113,J.Martin,CAR,3,12,22,40.0,0.263,-4.59,-4.502684,FWD,40.0,163.0,
4631,383,C.Stone,GWS,3,12,22,25.3333,0.263,-5.776,-5.880411,FWD,25.3,163.0,
7917,569,S.Campbell,RIC,19,12,22,49.8421,0.263,-3.794,-3.661448,FWD,49.8,163.0,
96,105,L.Fogarty,CAR,15,11,22,61.2667,0.263,-2.871,-2.707151,FWD,61.3,165.0,
3318,296,D.Swallow,GCS,19,9,22,44.9474,0.263,-4.19,-4.124776000000001,FWD,44.9,166.0,
5819,455,J.Melksham,MEL,6,4,22,47.5,0.263,-3.984,-3.7825420000000003,FWD,47.5,167.5,
6452,487,Z.Duursma,NTH,13,4,22,36.0769,0.263,-4.908,-4.834623000000001,FWD,36.1,167.5,
1100,165,J.Richards,COL,8,0,22,55.25,0.263,-3.357,-3.162906,FWD,55.2,169.0,
4309,357,B.Daniels,GWS,21,195,23,90.0,0.263,-0.547,-0.27979200000000004,FWD,88.7,1.0,1.0
5286,418,J.Newcombe,HAW,22,162,23,96.4091,0.368,-0.029,-0.19018400000000002,MID,95.5,1.0,1.0
8787,629,R.Marshall,STK,22,146,23,111.636,0.105,1.202,1.161785,RUC,110.0,1.0,1.0
9052,645,C.Wilkie,STK,22,152,23,93.2727,0.263,-0.283,-0.35216899999999995,DEF,92.5,1.0,1.0
509,133,D.Cameron,COL,22,144,23,105.727,0.105,0.724,0.658585,RUC,104.4,2.0,2.0
1669,193,N.Martin,ESS,22,135,23,105.409,0.263,0.699,0.7355569999999999,DEF,104.1,2.0,2.0
7234,526,Z.Butters,PTA,22,156,23,120.682,0.368,1.934,1.881744,MID,118.7,2.0,2.0
10118,704,S.Darcy,WBD,19,146,23,79.2105,0.263,-1.42,-1.190401,FWD,78.5,2.0,
2048,215,A.Brayshaw,FRE,22,147,23,109.045,0.368,0.993,0.8884879999999999,MID,107.6,3.0,3.0
5230,415,D.Moore,HAW,22,139,23,97.3182,0.263,0.045,0.349028,FWD,96.3,3.0,2.0
7005,518,T.Xerri,NTH,22,141,23,119.727,0.105,1.857,1.83432,RUC,117.8,3.0,3.0
10512,725,E.Richards,WBD,19,125,23,98.1053,0.263,0.108,0.122465,DEF,94.1,3.0,3.0
4797,390,K.Amon,HAW,22,123,23,92.4091,0.263,-0.352,-0.405389,DEF,91.7,4.0,4.0
5675,448,E.Langdon,MEL,21,146,23,80.5714,0.368,-1.31,-1.6787359999999998,MID,80.1,4.0,
9778,68,O.McInerney,BRL,21,131,23,95.8571,0.105,-0.074,-0.155795,RUC,94.0,4.0,4.0
10184,707,J.Freijah,WBD,11,136,23,69.4545,0.263,-2.209,-2.033053,FWD,69.5,4.0,
379,123,M.Pittonet,CAR,12,122,23,89.4167,0.105,-0.594,-0.6886049999999999,RUC,82.5,5.0,5.0
4987,402,J.Gunston,HAW,15,129,23,59.3333,0.263,-3.027,-2.878405,FWD,59.3,5.0,
654,138,N.Daicos,COL,22,116,23,114.045,0.263,1.397,1.5821520000000002,DEF,112.3,5.5,5.0
811,147,J.Howe,COL,18,116,23,81.2778,0.263,-1.253,-1.3595149999999998,DEF,79.9,5.5,
4350,362,T.Green,GWS,22,143,23,107.045,0.368,0.831,0.6635599999999999,MID,105.7,5.5,4.5
11682,9,J.Dawson,ADE,21,143,23,102.143,0.368,0.435,0.246952,MID,99.8,5.5,4.5
4189,350,K.Briggs,GWS,21,106,23,95.0,0.105,-0.143,-0.219545,RUC,93.3,6.0,6.0
4430,368,J.Hogan,GWS,22,124,23,93.0455,0.263,-0.301,-0.03878899999999999,FWD,92.3,6.0,3.0
2942,273,S.Flanders,GCS,21,120,23,117.048,0.263,1.64,2.054488,FWD,113.4,7.0,4.0
8187,590,T.Nankervis,RIC,20,99,23,110.45,0.105,1.106,1.056545,RUC,105.8,7.0,7.0
11826,97,P.Cripps,CAR,22,142,23,110.682,0.368,1.125,0.9965679999999999,MID,109.1,7.0,6.0
7197,524,J.Burgoyne,PTA,19,115,23,79.1053,0.263,-1.428,-1.518735,DEF,78.4,7.5,
7405,537,D.Houston,PTA,22,115,23,106.818,0.263,0.813,0.86823,DEF,105.4,7.5,6.0
5197,413,L.Meek,HAW,18,98,23,103.0,0.105,0.504,0.44352,RUC,96.9,8.0,
5849,457,A.Neal-Bullen,MEL,22,119,23,85.6818,0.263,-0.896,-0.6590370000000001,FWD,85.2,8.0,5.0
5629,443,M.Gawn,MEL,20,97,23,124.25,0.105,2.222,2.207825,RUC,117.8,9.0,8.0
6182,474,J.Viney,MEL,22,136,23,90.4545,0.368,-0.51,-0.8813119999999999,MID,89.8,9.0,7.5
8976,640,J.Steele,STK,22,136,23,109.5,0.368,1.03,0.8662399999999999,MID,108.0,9.0,7.5
9492,666,I.Heeney,SYD,21,117,23,116.762,0.263,1.617,1.9807290000000002,FWD,113.1,9.0,6.0
10183,707,J.Freijah,WBD,11,136,23,69.4545,0.368,-2.209,-2.677832,MID,69.5,9.0,
11423,779,E.Yeo,WCE,19,114,23,106.263,0.263,0.768,0.779835,DEF,100.8,9.0,7.0
3408,301,J.Witts,GCS,15,95,23,107.0,0.105,0.827,0.780905,RUC,95.9,10.0,9.0
9335,658,O.Florent,SYD,22,113,23,77.9545,0.263,-1.521,-1.6154169999999999,DEF,77.8,10.0,
11633,86,D.Zorko,BRL,22,108,23,110.545,0.263,1.114,1.452744,FWD,109.0,10.0,7.0
1668,193,N.Martin,ESS,22,135,23,105.409,0.368,0.699,0.523096,MID,104.1,11.0,9.0
7050,52,J.Daniher,BRL,22,107,23,84.7273,0.263,-0.974,-0.7457159999999999,FWD,84.3,11.0,8.0
9863,685,M.Roberts,SYD,19,112,23,78.7368,0.263,-1.458,-1.520331,DEF,78.1,11.0,
11331,776,B.Williams,WCE,22,94,23,67.2273,0.105,-2.389,-2.5281249999999997,RUC,67.2,11.0,
1315,177,S.Draper,ESS,15,93,23,77.0,0.105,-1.598,-1.7397500000000001,RUC,76.3,12.0,10.0
4146,348,L.Ash,GWS,17,111,23,84.7647,0.263,-0.971,-1.050163,DEF,82.2,12.0,8.0
7683,560,O.Wines,PTA,21,131,23,98.5714,0.368,0.146,-0.03983999999999999,MID,96.5,12.0,10.0
8680,622,J.Higgins,STK,19,106,23,70.5263,0.263,-2.122,-1.9179119999999998,FWD,70.5,12.0,
4881,396,M.D'Ambrosio,HAW,21,110,23,85.4762,0.263,-0.913,-0.927465,DEF,84.6,13.0,
7649,556,J.Sweet,PTA,13,86,23,87.3846,0.105,-0.759,-0.8479350000000001,RUC,82.0,13.0,
10513,725,E.Richards,WBD,19,125,23,98.1053,0.368,0.108,-0.0944,MID,94.1,13.0,11.0
1233,173,J.Caldwell,ESS,22,102,23,95.8182,0.263,-0.077,0.165223,FWD,94.9,13.5,9.5
6487,488,Z.Fisher,NTH,17,102,23,85.7059,0.263,-0.894,-0.659667,FWD,82.9,13.5,9.5
1179,171,N.Bryan,ESS,4,85,23,72.75,0.105,-1.942,-2.104015,RUC,72.8,14.0,
1624,191,J.Laverde,ESS,20,109,23,67.0,0.263,-2.407,-2.5853140000000003,DEF,67.0,14.0,
244,110,M.Kennedy,CAR,22,99,23,77.4545,0.263,-1.562,-1.353178,FWD,77.3,15.0,
2291,230,L.Jackson,FRE,22,84,23,94.7273,0.105,-0.165,-0.25340999999999997,RUC,93.9,15.0,11.0
1048,162,J.Noble,COL,19,106,23,77.4211,0.263,-1.564,-1.666833,DEF,77.0,15.5,
4743,389,L.Whitfield,GWS,22,106,23,109.091,0.263,0.996,1.117506,DEF,107.6,15.5,9.0
4796,390,K.Amon,HAW,22,123,23,92.4091,0.368,-0.352,-0.6441919999999999,MID,91.7,15.5,13.5
9560,67,H.McCluggage,BRL,22,123,23,98.2273,0.368,0.118,-0.105376,MID,97.2,15.5,13.5
9973,695,M.Bontempelli,WBD,22,123,23,126.864,0.368,2.434,2.421488,MID,124.6,15.5,13.5
10424,72,L.Neale,BRL,21,123,23,117.667,0.368,1.69,1.7058239999999998,MID,114.0,15.5,13.5
4034,339,R.Stanley,GEE,11,81,23,63.6364,0.105,-2.679,-2.7687749999999998,RUC,63.6,16.0,
9403,662,B.Grundy,SYD,22,68,23,106.455,0.105,0.783,0.727665,RUC,105.1,17.0,12.0
1120,167,L.Schultz,COL,19,97,23,61.6842,0.263,-2.837,-2.694717,FWD,61.7,17.5,12.5
10097,703,C.Daniel,WBD,14,97,23,45.8571,0.263,-4.117,-3.907126,FWD,45.9,17.5,12.5
10454,721,A.Naughton,WBD,18,97,23,71.8333,0.263,-2.016,-1.845313,FWD,71.8,17.5,12.5
11243,770,H.Reid,WCE,19,97,23,80.6842,0.263,-1.301,-1.070349,FWD,79.7,17.5,12.5
2666,257,N.Anderson,GCS,22,122,23,105.727,0.368,0.724,0.6007199999999999,MID,104.4,18.0,16.0
2887,27,R.O'Brien,ADE,20,63,23,93.35,0.105,-0.276,-0.3663,RUC,91.0,18.0,13.0
3534,305,J.Bowes,GEE,19,105,23,80.8947,0.263,-1.284,-1.319505,DEF,79.9,18.0,
3877,326,L.Humphries,GEE,8,105,23,81.5,0.263,-1.235,-1.438825,DEF,77.3,18.0,
6008,463,C.Salem,MEL,16,105,23,78.5,0.263,-1.477,-1.55327,DEF,77.4,18.0,10.0
8156,588,B.Miller,RIC,20,62,23,73.75,0.105,-1.861,-2.00947,RUC,73.8,19.0,
2941,273,S.Flanders,GCS,21,120,23,117.048,0.368,1.64,1.6436799999999998,MID,113.4,19.5,17.5
10582,730,A.Treloar,WBD,21,120,23,118.143,0.368,1.728,1.606928,MID,114.4,19.5,17.5
156,107,E.Hollands,CAR,20,96,23,74.75,0.263,-1.78,-1.557765,FWD,74.8,20.0,
4099,342,T.Stewart,GEE,21,104,23,99.7143,0.263,0.238,0.16698999999999997,DEF,97.6,20.0,11.0
3493,304,M.Blicavs,GEE,21,59,23,66.8095,0.105,-2.422,-2.5623850000000004,RUC,66.8,20.5,14.5
9727,677,H.McLean,SYD,22,59,23,67.8182,0.105,-2.341,-2.4870550000000002,RUC,67.8,20.5,14.5
116,106,G.Hewett,CAR,20,119,23,90.65,0.368,-0.495,-0.716168,MID,88.6,21.0,19.0
6872,511,J.Simpkin,NTH,17,95,23,77.6471,0.263,-1.546,-1.273006,FWD,77.0,21.0,15.0
540,135,M.Cox,COL,15,54,23,57.2,0.105,-3.2,-3.37997,RUC,57.2,22.0,
9491,666,I.Heeney,SYD,21,117,23,116.762,0.368,1.617,1.5434,MID,113.1,22.0,20.0
343,120,N.Newman,CAR,22,103,23,100.091,0.263,0.269,0.32133700000000004,DEF,99.0,22.5,12.0
1316,177,S.Draper,ESS,15,93,23,77.0,0.263,-1.598,-1.403906,FWD,76.3,22.5,16.0
1866,203,A.Roberts,ESS,3,103,23,74.6667,0.263,-1.787,-1.822768,DEF,74.7,22.5,
5635,444,M.Hore,MEL,5,103,23,56.2,0.263,-3.28,-3.662139,DEF,56.2,22.5,
5651,445,B.Howes,MEL,15,103,23,59.0,0.263,-3.054,-3.3159479999999997,DEF,59.0,22.5,
6064,469,K.Tholstrup,MEL,9,93,23,59.2222,0.263,-3.036,-2.90976,FWD,59.2,22.5,
2371,240,L.Reidy,FRE,1,53,23,53.0,0.105,-3.539,-3.860195,RUC,53.0,23.0,
180,108,O.Hollands,CAR,21,116,23,60.2381,0.368,-2.954,-3.407376,MID,60.2,23.5,
655,138,N.Daicos,COL,22,116,23,114.045,0.368,1.397,1.419816,MID,112.3,23.5,21.0
11366,777,J.Williams,WCE,17,47,23,53.7059,0.105,-3.482,-3.6720500000000005,RUC,53.7,24.0,
65,102,C.Durdin,CAR,12,92,23,39.8333,0.263,-4.604,-4.543773,FWD,39.8,25.0,
952,155,B.McCreery,COL,16,92,23,53.625,0.263,-3.489,-3.346191,FWD,53.6,25.0,
6486,488,Z.Fisher,NTH,17,102,23,85.7059,0.263,-0.894,-0.986839,DEF,82.9,25.0,13.0
7196,524,J.Burgoyne,PTA,19,115,23,79.1053,0.368,-1.428,-1.7636159999999999,MID,78.4,25.0,
8831,631,T.Membrey,STK,18,92,23,63.8333,0.263,-2.663,-2.500203,FWD,63.8,25.0,
11546,807,B.Teakle,NTH,10,18,23,48.1,0.105,-3.935,-4.166735,RUC,48.1,25.0,
5299,42,J.Worrell,ADE,12,101,23,87.4167,0.263,-0.756,-0.8851330000000001,DEF,81.5,26.0,
11424,779,E.Yeo,WCE,19,114,23,106.263,0.368,0.768,0.557504,MID,100.8,26.0,22.0
1603,190,K.Langford,ESS,22,91,23,77.1364,0.263,-1.587,-1.3358349999999999,FWD,77.0,27.0,17.0
1693,194,A.McGrath,ESS,22,100,23,93.8636,0.263,-0.235,-0.216853,DEF,93.0,27.0,14.0
10037,7,M.Crouch,ADE,14,113,23,106.929,0.368,0.822,0.619232,MID,94.4,27.0,23.0
4488,370,D.Jones,GWS,11,89,23,68.7273,0.263,-2.267,-2.164956,FWD,68.7,28.0,
7116,522,M.Bergman,PTA,22,99,23,77.6818,0.263,-1.543,-1.6673989999999999,DEF,77.6,28.0,
9864,685,M.Roberts,SYD,19,112,23,78.7368,0.368,-1.458,-1.7546079999999997,MID,78.1,28.0,
5098,409,C.Macdonald,HAW,22,88,23,72.6818,0.263,-1.948,-1.7015689999999999,FWD,72.7,29.0,18.0
1091,164,I.Quaynor,COL,22,97,23,58.7727,0.263,-3.072,-3.3165899999999997,DEF,58.8,29.5,15.5
1879,205,D.Shiel,ESS,8,110,23,80.125,0.368,-1.346,-1.8310240000000002,MID,76.8,29.5,
4880,396,M.D'Ambrosio,HAW,21,110,23,85.4762,0.368,-0.913,-1.147784,MID,84.6,29.5,
6661,503,C.McKercher,NTH,15,97,23,88.8,0.263,-0.644,-0.7068570000000001,DEF,84.0,29.5,15.5
10435,720,L.McNeil,WBD,10,87,23,63.7,0.263,-2.674,-2.5527569999999997,FWD,63.7,30.0,
10819,745,J.Cripps,WCE,22,86,23,75.0,0.263,-1.76,-1.566169,FWD,75.0,31.0,
5328,423,J.Scrimshaw,HAW,21,96,23,82.6667,0.263,-1.14,-1.250197,DEF,82.0,31.5,17.5
8431,603,N.Vlastuin,RIC,21,96,23,90.381,0.263,-0.516,-0.535462,DEF,89.0,31.5,17.5
1765,198,D.Parish,ESS,11,108,23,90.0909,0.368,-0.54,-0.850224,MID,82.2,32.0,25.0
7445,54,J.Dunkley,BRL,22,108,23,111.227,0.368,1.169,1.07332,MID,109.7,32.0,25.0
9163,648,M.Wood,STK,17,85,23,80.3529,0.263,-1.327,-1.100557,FWD,79.0,32.0,19.0
11634,86,D.Zorko,BRL,22,108,23,110.545,0.368,1.114,0.9877760000000001,MID,109.0,32.0,25.0
2292,230,L.Jackson,FRE,22,84,23,94.7273,0.263,-0.165,0.114306,FWD,93.9,33.0,20.0
2064,217,H.Chapman,FRE,15,93,23,70.2,0.263,-2.148,-2.3026440000000004,DEF,70.2,33.5,
5976,462,T.Rivers,MEL,22,93,23,86.0455,0.263,-0.867,-0.9419549999999999,DEF,85.6,33.5,19.0
5032,403,B.Hardwick,HAW,22,83,23,75.3636,0.263,-1.731,-1.514551,FWD,75.3,34.5,
9096,646,D.Wilson,STK,22,83,23,64.1364,0.263,-2.639,-2.435701,FWD,64.1,34.5,
11183,766,J.McGovern,WCE,19,92,23,110.263,0.263,1.091,1.167533,DEF,104.1,35.0,
2417,242,C.Serong,FRE,22,105,23,116.0,0.368,1.555,1.4641039999999998,MID,114.2,35.5,27.5
3533,305,J.Bowes,GEE,19,105,23,80.8947,0.368,-1.284,-1.544912,MID,79.9,35.5,
3876,326,L.Humphries,GEE,8,105,23,81.5,0.368,-1.235,-1.727384,MID,77.3,35.5,
6009,463,C.Salem,MEL,16,105,23,78.5,0.368,-1.477,-1.792744,MID,77.4,35.5,27.5
200,109,B.Kemp,CAR,19,91,23,72.5263,0.263,-1.96,-2.161195,DEF,72.5,37.0,
2727,26,L.Nankervis,ADE,19,91,23,70.6842,0.263,-2.109,-2.265485,DEF,70.7,37.0,
6137,471,D.Turner,MEL,14,82,23,43.0,0.263,-4.348,-4.236488,FWD,43.0,37.0,
8285,594,D.Rioli,RIC,22,91,23,92.2273,0.263,-0.367,-0.38304299999999997,DEF,91.5,37.0,20.0
8906,638,C.Sharman,STK,17,82,23,55.8824,0.263,-3.306,-3.150304,FWD,55.9,37.0,
9449,665,W.Hayward,SYD,22,82,23,68.9545,0.263,-2.249,-2.097249,FWD,69.0,37.0,
1234,173,J.Caldwell,ESS,22,102,23,95.8182,0.368,-0.077,-0.383912,MID,94.9,38.0,29.0
8739,625,D.Howard,STK,14,90,23,60.7857,0.263,-2.91,-3.175104,DEF,60.8,39.0,
10351,717,T.Liberatore,WBD,16,101,23,103.75,0.368,0.565,0.40786399999999995,MID,95.0,39.0,30.0
3951,331,G.Miers,GEE,22,81,23,82.0,0.263,-1.194,-0.9575629999999999,FWD,81.7,39.5,21.5
7274,530,C.Dixon,PTA,16,81,23,75.5,0.263,-1.72,-1.5048659999999998,FWD,75.3,39.5,21.5
6403,483,L.Davies-Uniacke,NTH,22,100,23,109.818,0.368,1.055,0.901544,MID,108.3,40.0,31.0
8339,598,J.Short,RIC,21,89,23,80.5238,0.263,-1.314,-1.376068,DEF,80.0,40.0,21.0
2457,246,S.Sturt,FRE,12,80,23,53.1667,0.263,-3.526,-3.395289,FWD,53.2,41.0,
9286,654,B.Campbell,SYD,19,88,23,49.1579,0.263,-3.85,-4.121942000000001,DEF,49.2,41.0,
245,110,M.Kennedy,CAR,22,99,23,77.4545,0.368,-1.562,-1.9623840000000001,MID,77.3,41.5,
7117,522,M.Bergman,PTA,22,99,23,77.6818,0.368,-1.543,-1.924248,MID,77.6,41.5,
1852,200,M.Redman,ESS,20,87,23,88.05,0.263,-0.705,-0.7575999999999999,DEF,86.3,42.5,22.0
3904,329,J.Kolodjashnij,GEE,21,87,23,68.6667,0.263,-2.272,-2.427959,DEF,68.7,42.5,
366,122,M.Owies,CAR,22,79,23,53.8182,0.263,-3.473,-3.3443929999999997,FWD,53.8,43.5,
415,126,S.Walsh,CAR,18,98,23,106.667,0.368,0.8,0.7116800000000001,MID,99.8,43.5,32.5
472,128,Z.Williams,CAR,18,79,23,68.0,0.263,-2.326,-2.137955,FWD,68.0,43.5,23.5
2477,247,S.Switkowski,FRE,19,79,23,74.6316,0.263,-1.79,-1.511483,FWD,74.6,43.5,
5484,432,J.Worpel,HAW,22,98,23,88.5,0.368,-0.669,-1.007928,MID,87.9,43.5,32.5
7855,566,S.Bolton,RIC,21,79,23,78.5714,0.263,-1.471,-1.278221,FWD,78.3,43.5,23.5
8948,639,J.Sinclair,STK,21,86,23,109.857,0.263,1.058,1.1334810000000002,DEF,106.8,45.0,23.5
11386,778,A.Witherden,WCE,18,86,23,69.1111,0.263,-2.236,-2.410632,DEF,69.1,45.0,23.5
11803,96,L.Cowan,CAR,15,86,23,62.2667,0.263,-2.79,-3.0393239999999997,DEF,62.3,45.0,
2856,267,A.Davies,GCS,6,78,23,70.5,0.263,-2.124,-1.971197,FWD,70.5,46.5,
6751,507,T.Powell,NTH,22,78,23,81.6364,0.263,-1.224,-1.023068,FWD,81.3,46.5,25.0
3172,286,T.Miller,GCS,17,97,23,102.706,0.368,0.48,0.29121600000000003,MID,95.5,47.0,35.5
6662,503,C.McKercher,NTH,15,97,23,88.8,0.368,-0.644,-0.947232,MID,84.0,47.0,35.5
9756,679,C.Mills,SYD,5,97,23,68.8,0.368,-2.262,-2.52696,MID,68.8,47.0,
10096,703,C.Daniel,WBD,14,97,23,45.8571,0.368,-4.117,-4.590616,MID,45.9,47.0,35.5
11242,770,H.Reid,WCE,19,97,23,80.6842,0.368,-1.301,-1.660904,MID,79.7,47.0,35.5
935,154,B.Maynard,COL,22,85,23,78.6818,0.263,-1.462,-1.596919,DEF,78.5,48.0,25.0
5530,435,J.Bowey,MEL,13,85,23,64.0769,0.263,-2.643,-2.8857489999999997,DEF,64.1,48.0,
10139,705,T.Duryea,WBD,20,85,23,59.85,0.263,-2.985,-3.2069720000000004,DEF,59.8,48.0,
1580,19,B.Keays,ADE,22,77,23,80.3182,0.263,-1.33,-1.079361,FWD,80.1,49.0,26.0
5393,429,N.Watson,HAW,15,77,23,63.4,0.263,-2.698,-2.474187,FWD,63.4,49.0,
5788,453,T.McDonald,MEL,21,77,23,77.9048,0.263,-1.525,-1.2614739999999998,FWD,77.7,49.0,
157,107,E.Hollands,CAR,20,96,23,74.75,0.368,-1.78,-2.1667680000000002,MID,74.8,50.5,
1716,195,B.McKay,ESS,22,83,23,69.1818,0.263,-2.231,-2.444556,DEF,69.2,50.5,
5031,403,B.Hardwick,HAW,22,83,23,75.3636,0.263,-1.731,-1.865393,DEF,75.3,50.5,
7623,552,C.Rozee,PTA,19,96,23,99.3158,0.368,0.206,-0.043871999999999994,MID,95.1,50.5,38.0
10665,733,C.Weightman,WBD,15,76,23,68.0667,0.263,-2.321,-2.089034,FWD,68.1,51.0,
6873,511,J.Simpkin,NTH,17,95,23,77.6471,0.368,-1.546,-1.848864,MID,77.0,52.0,39.0
5608,441,B.Fritsch,MEL,22,75,23,56.1364,0.263,-3.286,-3.178433,FWD,56.1,52.5,
6159,472,J.van Rooyen,MEL,20,75,23,63.0,0.263,-2.731,-2.5997630000000003,FWD,63.0,52.5,
610,137,J.Daicos,COL,22,93,23,87.2727,0.368,-0.768,-0.985488,MID,86.7,53.0,40.0
1028,160,D.Moore,COL,22,82,23,76.4091,0.263,-1.646,-1.81958,DEF,76.3,53.0,26.0
2110,22,M.Michalanney,ADE,22,82,23,67.2727,0.263,-2.385,-2.606972,DEF,67.3,53.0,
6136,471,D.Turner,MEL,14,82,23,43.0,0.263,-4.348,-4.667282,DEF,43.0,53.0,
3709,314,O.Dempsey,GEE,22,74,23,74.6818,0.263,-1.786,-1.547459,FWD,74.7,54.5,
10603,731,J.Ugle-Hagan,WBD,20,74,23,67.55,0.263,-2.363,-2.215983,FWD,67.6,54.5,
5892,46,W.Ashcroft,BRL,8,92,23,77.75,0.368,-1.538,-1.760272,MID,76.0,55.0,
7382,536,J.Horne-Francis,PTA,20,92,23,99.95,0.368,0.257,0.04172000000000001,MID,96.7,55.0,41.0
8226,592,D.Prestia,RIC,12,92,23,77.0833,0.368,-1.592,-1.900016,MID,76.1,55.0,
3793,323,J.Henry,GEE,22,81,23,65.4545,0.263,-2.532,-2.690326,DEF,65.5,56.0,
6798,508,B.Scott,NTH,22,81,23,75.4545,0.263,-1.723,-1.9071000000000002,DEF,75.4,56.0,
9605,671,J.Lloyd,SYD,22,81,23,82.6364,0.263,-1.143,-1.239521,DEF,82.3,56.0,27.0
880,151,P.Lipinski,COL,22,73,23,73.1364,0.263,-1.911,-1.641688,FWD,73.1,56.5,27.5
5515,434,J.Billings,MEL,15,73,23,55.8,0.263,-3.313,-3.123377,FWD,55.8,56.5,27.5
4372,363,T.Greene,GWS,21,72,23,79.2857,0.263,-1.414,-1.188872,FWD,78.9,58.0,29.0
2728,26,L.Nankervis,ADE,19,91,23,70.6842,0.368,-2.109,-2.53036,MID,70.7,58.5,
3646,312,P.Dangerfield,GEE,13,91,23,83.0769,0.368,-1.107,-1.398088,MID,79.6,58.5,42.5
4279,355,S.Coniglio,GWS,12,91,23,83.4167,0.368,-1.08,-1.5650240000000002,MID,79.4,58.5,42.5
8583,612,H.Clark,STK,10,91,23,75.6,0.368,-1.712,-2.0744800000000003,MID,75.3,58.5,
2369,24,L.Murphy,ADE,16,71,23,56.75,0.263,-3.236,-3.10713,FWD,56.8,59.5,
4950,40,R.Thilthorpe,ADE,6,71,23,70.8333,0.263,-2.097,-1.7595709999999998,FWD,70.8,59.5,
1005,16,M.Hinge,ADE,21,80,23,95.0952,0.263,-0.135,-0.196016,DEF,93.3,60.5,29.5
2607,255,H.Young,FRE,22,80,23,101.682,0.263,0.397,0.411991,DEF,100.5,60.5,29.5
3340,298,B.Uwland,GCS,20,80,23,72.15,0.263,-1.991,-2.12513,DEF,72.2,60.5,
4647,384,S.Taylor,GWS,15,80,23,70.0,0.263,-2.164,-2.2973410000000003,DEF,70.0,60.5,29.5
7879,567,N.Broad,RIC,21,80,23,67.4762,0.263,-2.369,-2.562831,DEF,67.5,60.5,
10874,749,L.Duggan,WCE,20,80,23,88.3,0.263,-0.685,-0.802824,DEF,86.6,60.5,29.5
4913,398,C.Dear,HAW,14,70,23,51.2143,0.263,-3.684,-3.556445,FWD,51.2,61.0,
7566,55,J.Fletcher,BRL,22,88,23,64.5,0.368,-2.609,-3.099544,MID,64.5,61.5,
9285,654,B.Campbell,SYD,19,88,23,49.1579,0.368,-3.85,-4.4174560000000005,MID,49.2,61.5,
1142,168,S.Sidebottom,COL,21,87,23,73.7619,0.368,-1.86,-2.2107040000000002,MID,73.8,63.0,
3926,330,S.Mannagh,GEE,9,69,23,73.5556,0.263,-1.877,-1.627939,FWD,73.6,63.0,
4168,349,T.Bedford,GWS,22,69,23,61.2727,0.263,-2.87,-2.706151,FWD,61.3,63.0,
10648,732,L.Vandermeer,WBD,22,69,23,49.6364,0.263,-3.811,-3.725525,FWD,49.6,63.0,
4506,372,J.Kelly,GWS,14,86,23,101.0,0.368,0.342,0.10537600000000004,MID,90.8,64.5,44.5
8949,639,J.Sinclair,STK,21,86,23,109.857,0.368,1.058,0.932512,MID,106.8,64.5,44.5
5930,460,H.Petty,MEL,19,68,23,52.3158,0.263,-3.594,-3.475387,FWD,52.3,65.0,
473,128,Z.Williams,CAR,18,79,23,68.0,0.263,-2.326,-2.50747,DEF,68.0,66.0,32.5
2819,265,S.Clohesy,GCS,19,79,23,69.8947,0.263,-2.173,-2.348158,DEF,69.9,66.0,
4606,379,H.Perryman,GWS,18,79,23,78.2222,0.263,-1.5,-1.63939,DEF,77.5,66.0,
7813,565,J.Bauer,RIC,2,67,23,55.5,0.263,-3.337,-3.1481660000000002,FWD,55.5,66.0,
9014,643,N.Wanganeen-Milera,STK,21,79,23,100.714,0.263,0.319,0.342407,DEF,98.5,66.0,32.5
9162,648,M.Wood,STK,17,85,23,80.3529,0.368,-1.327,-1.6938959999999998,MID,79.0,66.0,46.0
11759,94,A.Cincotta,CAR,15,79,23,49.0667,0.263,-3.857,-4.157609,DEF,49.1,66.0,
1800,199,A.Perkins,ESS,17,66,23,64.5294,0.263,-2.607,-2.429212,FWD,64.5,67.5,
2194,227,M.Frederick,FRE,19,66,23,51.1579,0.263,-3.688,-3.579381,FWD,51.2,67.5,
7296,531,W.Drew,PTA,22,84,23,92.2727,0.368,-0.363,-0.693464,MID,91.5,68.0,
9426,663,E.Gulden,SYD,22,84,23,107.545,0.368,0.871,0.7429359999999999,MID,106.1,68.0,47.0
10963,753,A.Gaff,WCE,5,84,23,52.6,0.368,-3.571,-4.145448,MID,52.6,68.0,
3572,307,J.Cameron,GEE,21,65,23,83.8095,0.263,-1.048,-0.735819,FWD,83.0,69.0,30.0
3392,300,L.Weller,GCS,5,78,23,69.2,0.263,-2.229,-2.595622,DEF,69.2,69.5,
4407,367,H.Himmelberg,GWS,22,78,23,90.8182,0.263,-0.481,-0.511245,DEF,90.1,69.5,34.0
1831,20,R.Laird,ADE,22,83,23,104.5,0.368,0.625,0.442104,MID,103.2,71.0,48.5
9097,646,D.Wilson,STK,22,83,23,64.1364,0.368,-2.639,-3.079128,MID,64.1,71.0,
11137,762,T.Kelly,WCE,19,83,23,95.8947,0.368,-0.071,-0.323816,MID,92.3,71.0,48.5
5787,453,T.McDonald,MEL,21,77,23,77.9048,0.263,-1.525,-1.6023219999999998,DEF,77.7,71.5,
10068,702,B.Dale,WBD,22,77,23,96.7273,0.263,-0.003,0.025667,DEF,95.8,71.5,35.0
4838,395,M.Chol,HAW,20,64,23,62.45,0.263,-2.775,-2.582484,FWD,62.4,72.5,
6551,498,N.Larkey,NTH,22,64,23,63.0909,0.263,-2.723,-2.605702,FWD,63.1,72.5,
7310,532,F.Evans,PTA,13,64,23,43.5385,0.263,-4.304,-4.2103720000000004,FWD,43.5,72.5,
7603,551,W.Rioli,PTA,16,64,23,60.5,0.263,-2.933,-2.768099,FWD,60.5,72.5,
9649,675,L.McDonald,SYD,22,64,23,62.3636,0.263,-2.782,-2.6047379999999998,FWD,62.4,72.5,
10222,708,H.Gallagher,WBD,18,64,23,44.8889,0.263,-4.195,-4.059818,FWD,44.9,72.5,
4266,354,F.Callaghan,GWS,21,82,23,81.5714,0.368,-1.229,-1.5627760000000002,MID,81.0,73.0,50.0
436,127,J.Weitering,CAR,20,76,23,77.05,0.263,-1.594,-1.7218180000000003,DEF,76.8,73.5,
10018,696,L.Bramble,WBD,22,76,23,74.2273,0.263,-1.823,-2.0071,DEF,74.2,73.5,
6797,508,B.Scott,NTH,22,81,23,75.4545,0.368,-1.723,-2.1852080000000003,MID,75.4,74.5,
9606,671,J.Lloyd,SYD,22,81,23,82.6364,0.368,-1.143,-1.4885519999999999,MID,82.3,74.5,51.0
2777,263,C.Budarick,GCS,7,74,23,62.8571,0.263,-2.742,-2.940565,DEF,62.9,75.5,36.0
6631,502,L.McDonald,NTH,21,74,23,66.2857,0.263,-2.465,-2.654623,DEF,66.3,75.5,
2608,255,H.Young,FRE,22,80,23,101.682,0.368,0.397,0.193496,MID,100.5,76.0,52.0
967,157,D.McStay,COL,5,63,23,60.2,0.263,-2.957,-2.796833,FWD,60.2,76.5,
5820,455,J.Melksham,MEL,7,63,23,49.7143,0.263,-3.805,-3.6506190000000003,FWD,49.7,76.5,
2818,265,S.Clohesy,GCS,19,79,23,69.8947,0.368,-2.173,-2.619384,MID,69.9,77.5,
3859,325,M.Holmes,GEE,22,73,23,98.0909,0.263,0.107,0.136456,DEF,97.1,77.5,37.0
7706,561,B.Zerk-Thatcher,PTA,22,73,23,64.2273,0.263,-2.631,-2.839296,DEF,64.2,77.5,
7856,566,S.Bolton,RIC,21,79,23,78.5714,0.368,-1.471,-1.893096,MID,78.3,77.5,53.0
699,142,J.Elliott,COL,14,62,23,62.5,0.263,-2.771,-2.576906,FWD,62.5,79.0,
8155,588,B.Miller,RIC,20,62,23,73.75,0.263,-1.861,-1.6755849999999999,FWD,73.8,79.0,
11274,772,L.Ryan,WCE,16,62,23,56.4375,0.263,-3.261,-3.1145090000000004,FWD,56.4,79.0,
2855,267,A.Davies,GCS,6,78,23,70.5,0.368,-2.124,-2.625584,MID,70.5,79.5,
6752,507,T.Powell,NTH,22,78,23,81.6364,0.368,-1.224,-1.6262240000000001,MID,81.3,79.5,54.0
1376,18,M.Keane,ADE,21,72,23,77.9048,0.263,-1.525,-1.6459799999999998,DEF,77.7,80.5,
3758,320,Z.Guthrie,GEE,22,72,23,83.0,0.263,-1.113,-1.1826949999999998,DEF,82.7,80.5,
5060,405,J.Impey,HAW,22,72,23,83.4545,0.263,-1.077,-1.162212,DEF,83.1,80.5,
8992,641,L.Stocker,STK,15,72,23,53.7333,0.263,-3.48,-3.7787680000000003,DEF,53.7,80.5,
5392,429,N.Watson,HAW,15,77,23,63.4,0.368,-2.698,-3.109056,MID,63.4,81.0,
6098,47,Z.Bailey,BRL,17,61,23,70.2941,0.263,-2.141,-1.939279,FWD,70.3,81.5,31.0
8071,584,R.Mansell,RIC,20,61,23,60.7,0.263,-2.917,-2.7783990000000003,FWD,60.7,81.5,
16,1,S.Berry,ADE,17,76,23,62.4706,0.368,-2.773,-3.22748,MID,62.5,82.5,
10017,696,L.Bramble,WBD,22,76,23,74.2273,0.368,-1.823,-2.284104,MID,74.2,82.5,
8571,610,A.Caminiti,STK,15,60,23,53.5333,0.263,-3.496,-3.360029,FWD,53.5,83.5,
11729,91,J.Carroll,CAR,14,60,23,41.9286,0.263,-4.434,-4.346420999999999,FWD,41.9,83.5,
585,136,J.Crisp,COL,22,71,23,87.9545,0.263,-0.713,-0.7940039999999999,DEF,87.4,84.0,38.0
6108,470,A.Tomlinson,MEL,7,71,23,73.7143,0.263,-1.864,-1.968674,DEF,73.7,84.0,
10467,722,J.O'Donnell,WBD,12,71,23,52.5,0.263,-3.58,-3.877979,DEF,52.5,84.0,
1753,197,Z.Merrett,ESS,22,74,23,114.364,0.368,1.423,1.3644880000000001,MID,112.7,85.0,55.0
3710,314,O.Dempsey,GEE,22,74,23,74.6818,0.368,-1.786,-2.1481120000000002,MID,74.7,85.0,
4476,37,J.Soligo,ADE,22,74,23,83.3636,0.368,-1.084,-1.426976,MID,83.0,85.0,
2003,213,J.Amiss,FRE,21,59,23,55.7143,0.263,-3.32,-3.211907,FWD,55.7,87.0,
4077,340,T.Stengle,GEE,22,59,23,71.9091,0.263,-2.01,-1.786187,FWD,71.9,87.0,
6516,49,S.Brain,BRL,9,59,23,46.4444,0.263,-4.069,-3.95854,FWD,46.4,87.0,
7257,527,D.Byrne-Jones,PTA,22,59,23,62.7273,0.263,-2.753,-2.558643,FWD,62.7,87.0,
9728,677,H.McLean,SYD,22,59,23,67.8182,0.263,-2.341,-2.138227,FWD,67.8,87.0,32.0
2752,260,C.Ballard,GCS,22,69,23,64.0455,0.263,-2.646,-2.8574520000000003,DEF,64.0,87.5,
8463,606,J.Battle,STK,22,69,23,85.4091,0.263,-0.918,-1.023726,DEF,85.0,87.5,
10647,732,L.Vandermeer,WBD,22,69,23,49.6364,0.263,-3.811,-4.144484,DEF,49.6,87.5,
11049,758,J.Hunt,WCE,19,69,23,65.9474,0.263,-2.492,-2.666632,DEF,65.9,87.5,
881,151,P.Lipinski,COL,22,73,23,73.1364,0.368,-1.911,-2.230424,MID,73.1,88.5,57.0
3858,325,M.Holmes,GEE,22,73,23,98.0909,0.368,0.107,-0.07479200000000001,MID,97.1,88.5,57.0
5514,434,J.Billings,MEL,15,73,23,55.8,0.368,-3.313,-3.7936080000000003,MID,55.8,88.5,57.0
8752,626,Z.Jones,STK,12,73,23,59.0833,0.368,-3.047,-3.50148,MID,59.1,88.5,
10918,75,C.Rayner,BRL,22,58,23,78.7273,0.263,-1.459,-1.239395,FWD,78.6,90.0,33.0
2394,241,L.Ryan,FRE,22,68,23,116.727,0.263,1.614,1.7265640000000002,DEF,114.9,90.5,39.0
5931,460,H.Petty,MEL,19,68,23,52.3158,0.263,-3.594,-3.8854040000000003,DEF,52.3,90.5,
586,136,J.Crisp,COL,22,71,23,87.9545,0.368,-0.713,-1.04052,MID,87.4,91.5,59.5
1902,206,J.Stringer,ESS,22,57,23,64.5,0.263,-2.609,-2.467506,FWD,64.5,91.5,
3249,293,M.Rowell,GCS,22,71,23,101.636,0.368,0.394,0.220672,MID,100.5,91.5,59.5
5154,410,C.Mackenzie,HAW,19,57,23,58.9474,0.263,-3.058,-2.855227,FWD,58.9,91.5,34.0
4453,369,C.Idun,GWS,22,67,23,85.3636,0.263,-0.922,-1.0074750000000001,DEF,84.9,92.5,40.0
8260,593,H.Ralphsmith,RIC,17,67,23,53.5294,0.263,-3.496,-3.786352,DEF,53.5,92.5,
2337,238,J.O'Meara,FRE,21,70,23,64.5714,0.368,-2.603,-3.05932,MID,64.6,93.0,
1411,181,J.Gresham,ESS,21,55,23,59.619,0.263,-3.004,-2.8590869999999997,FWD,59.6,94.0,35.5
7027,519,C.Zurhaar,NTH,21,55,23,70.1905,0.263,-2.149,-1.982521,FWD,70.2,94.0,
9535,667,J.Jordon,SYD,22,55,23,68.2273,0.263,-2.308,-2.1278449999999998,FWD,68.2,94.0,35.5
2523,250,C.Wagner,FRE,11,66,23,62.6364,0.263,-2.76,-2.9551459999999996,DEF,62.6,94.5,
4936,399,S.Frost,HAW,22,66,23,48.6364,0.263,-3.892,-4.188664,DEF,48.6,94.5,
3927,330,S.Mannagh,GEE,9,69,23,73.5556,0.368,-1.877,-2.225864,MID,73.6,95.5,
6982,517,G.Wardlaw,NTH,17,69,23,84.7647,0.368,-0.971,-1.2624559999999998,MID,82.2,95.5,61.0
11050,758,J.Hunt,WCE,19,69,23,65.9474,0.368,-2.492,-2.9358079999999998,MID,65.9,95.5,
11486,793,C.Lord,CAR,1,69,23,69.0,0.368,-2.245,-2.3344240000000003,MID,69.0,95.5,
539,135,M.Cox,COL,15,54,23,57.2,0.263,-3.2,-3.052457,FWD,57.2,96.5,
1808,2,H.Bond,ADE,6,65,23,47.0,0.263,-4.024,-4.349331,DEF,47.0,96.5,
8722,623,B.Hill,STK,21,54,23,72.8095,0.263,-1.937,-1.749481,FWD,72.8,96.5,
9029,644,J.Webster,STK,14,65,23,62.2857,0.263,-2.788,-3.01944,DEF,62.3,96.5,
9807,682,L.Parker,SYD,6,68,23,65.6667,0.368,-2.515,-2.792104,MID,65.7,98.0,62.0
2237,228,N.Fyfe,FRE,21,53,23,68.9524,0.263,-2.249,-2.05175,FWD,69.0,99.0,37.0
2511,25,N.Murray,ADE,8,63,23,57.5,0.263,-3.175,-3.510325,DEF,57.5,99.0,
5563,439,K.Chandler,MEL,22,53,23,62.4545,0.263,-2.775,-2.587744,FWD,62.5,99.0,
8020,58,E.Hipwood,BRL,19,53,23,66.0526,0.263,-2.484,-2.343821,FWD,66.1,99.0,
8410,602,J.Trezise,RIC,7,63,23,56.7143,0.263,-3.239,-3.489113,DEF,56.7,99.0,
9247,652,N.Blakey,SYD,22,63,23,96.1364,0.263,-0.051,-0.024173999999999994,DEF,95.2,99.0,41.0
5263,417,C.Nash,HAW,22,67,23,77.5,0.368,-1.558,-1.977888,MID,77.4,99.5,63.0
8261,593,H.Ralphsmith,RIC,17,67,23,53.5294,0.368,-3.496,-4.091424,MID,53.5,99.5,
1799,199,A.Perkins,ESS,17,66,23,64.5294,0.368,-2.607,-3.085032,MID,64.5,101.5,
3198,289,W.Powell,GCS,17,62,23,89.6471,0.263,-0.576,-0.6551629999999999,DEF,85.8,101.5,42.0
4709,386,C.Ward,GWS,17,66,23,77.9412,0.368,-1.522,-1.9194399999999998,MID,77.2,101.5,64.0
5461,430,J.Weddle,HAW,22,62,23,71.6818,0.263,-2.028,-2.14635,DEF,71.7,101.5,
1517,188,H.Jones,ESS,20,52,23,58.25,0.263,-3.115,-2.9953350000000003,FWD,58.2,102.0,
10334,716,B.Khamis,WBD,17,52,23,50.4118,0.263,-3.748,-3.623338,FWD,50.4,102.0,
11308,775,J.Waterman,WCE,19,52,23,82.9474,0.263,-1.118,-0.8720950000000001,FWD,81.6,102.0,
8402,601,T.Taranto,RIC,14,64,23,93.7857,0.368,-0.241,-0.465848,MID,86.4,104.0,65.5
9886,686,J.Rowbottom,SYD,20,64,23,93.8,0.368,-0.24,-0.465584,MID,91.3,104.0,65.5
10221,708,H.Gallagher,WBD,18,64,23,44.8889,0.368,-4.195,-4.783799999999999,MID,44.9,104.0,
11460,784,P.Voss,FRE,6,51,23,44.5,0.263,-4.226,-4.081875999999999,FWD,44.5,104.0,
2843,266,S.Collins,GCS,22,61,23,80.8182,0.263,-1.29,-1.441751,DEF,80.6,105.0,
2976,275,W.Graham,GCS,16,61,23,61.75,0.263,-2.832,-3.0058429999999996,DEF,61.8,105.0,
5585,44,H.Andrews,BRL,21,61,23,83.4762,0.263,-1.075,-1.163894,DEF,82.7,105.0,43.0
9627,674,T.McCartin,SYD,19,61,23,63.4211,0.263,-2.696,-2.905348,DEF,63.4,105.0,
9750,678,L.Melican,SYD,20,61,23,51.4,0.263,-3.669,-3.923321,DEF,51.4,105.0,
1494,186,B.Hobbs,ESS,11,50,23,51.4545,0.263,-3.664,-3.6027210000000003,FWD,51.5,105.5,
7157,523,T.Boak,PTA,19,50,23,78.7368,0.263,-1.458,-1.23445,FWD,78.1,105.5,
9292,655,C.Cleary,SYD,4,62,23,27.25,0.368,-5.621,-6.33492,MID,27.2,106.5,
11660,89,J.Binns,CAR,2,62,23,35.0,0.368,-4.995,-5.318104,MID,35.0,106.5,
2087,218,J.Clark,FRE,22,60,23,105.591,0.263,0.713,0.73404,DEF,104.3,108.5,44.0
11522,800,J.Blight,RIC,3,60,23,65.3333,0.263,-2.542,-2.739776,DEF,65.3,108.5,
3605,31,I.Rankine,ADE,15,49,23,96.8,0.263,0.003,0.29466700000000007,FWD,89.2,109.0,38.0
3974,334,S.Neale,GEE,12,49,23,56.0833,0.263,-3.29,-3.0914349999999997,FWD,56.1,109.0,
6607,50,C.Cameron,BRL,22,49,23,57.4091,0.263,-3.183,-3.009683,FWD,57.4,109.0,
7918,569,S.Campbell,RIC,20,49,23,49.8,0.263,-3.798,-3.664396,FWD,49.8,109.0,
8810,63,K.Lohmann,BRL,22,49,23,69.4545,0.263,-2.209,-1.989921,FWD,69.5,109.0,
2975,275,W.Graham,GCS,16,61,23,61.75,0.368,-2.832,-3.2721279999999995,MID,61.8,109.5,
6099,47,Z.Bailey,BRL,17,61,23,70.2941,0.368,-2.141,-2.5693520000000003,MID,70.3,109.5,67.5
8032,581,J.Hopper,RIC,11,61,23,80.0909,0.368,-1.349,-1.680568,MID,77.4,109.5,67.5
10709,735,B.Williams,WBD,22,61,23,76.3636,0.368,-1.65,-2.016528,MID,76.3,109.5,
7586,550,E.Ratugolea,PTA,19,59,23,59.3684,0.263,-3.024,-3.280425,DEF,59.4,111.0,
8166,59,D.Joyce,BRL,5,59,23,55.6,0.263,-3.329,-3.7119280000000003,DEF,55.6,111.0,
10295,714,L.Jones,WBD,19,59,23,71.8947,0.263,-2.011,-2.2124580000000003,DEF,71.9,111.0,
11730,91,J.Carroll,CAR,14,60,23,41.9286,0.368,-4.434,-5.101552,MID,41.9,112.0,
6525,495,R.Hansen Jr,NTH,5,48,23,32.2,0.263,-5.221,-5.112907,FWD,32.2,113.0,
7332,533,K.Farrell,PTA,21,58,23,84.1429,0.263,-1.021,-1.1464509999999999,DEF,83.3,113.0,45.0
8854,633,M.Owens,STK,22,48,23,64.4545,0.263,-2.613,-2.453096,FWD,64.5,113.0,39.0
10366,718,R.Lobb,WBD,14,48,23,70.8571,0.263,-2.095,-1.9195790000000001,FWD,70.9,113.0,
3494,304,M.Blicavs,GEE,21,59,23,66.8095,0.368,-2.422,-2.833792,MID,66.8,113.5,69.5
11657,87,B.Acres,CAR,21,59,23,92.0952,0.368,-0.378,-0.6135200000000001,MID,90.6,113.5,69.5
2542,251,B.Walker,FRE,18,57,23,61.2222,0.263,-2.874,-3.099917,DEF,61.2,114.0,
1068,163,S.Pendlebury,COL,19,58,23,85.6316,0.368,-0.9,-1.1859359999999999,MID,83.8,115.5,71.5
2119,220,B.Cox,FRE,8,56,23,65.125,0.263,-2.559,-2.758354,DEF,65.1,115.5,46.0
7809,564,S.Banks,RIC,14,56,23,47.2143,0.263,-4.007,-4.324704,DEF,47.2,115.5,
10401,719,J.Macrae,WBD,17,47,23,70.4706,0.263,-2.126,-1.8716789999999999,FWD,70.5,115.5,40.0
10919,75,C.Rayner,BRL,22,58,23,78.7273,0.368,-1.459,-1.8402479999999999,MID,78.6,115.5,71.5
11365,777,J.Williams,WCE,17,47,23,53.7059,0.263,-3.482,-3.3505000000000003,FWD,53.7,115.5,
4054,34,L.Sholl,ADE,19,57,23,86.5263,0.368,-0.828,-1.1912159999999998,MID,84.5,117.5,
4971,400,J.Ginnivan,HAW,20,46,23,69.75,0.263,-2.185,-1.939358,FWD,69.8,117.5,
5155,410,C.Mackenzie,HAW,19,57,23,58.9474,0.368,-3.058,-3.511376,MID,58.9,117.5,73.0
5437,43,C.Ah Chee,BRL,21,46,23,65.7143,0.263,-2.511,-2.362405,FWD,65.7,117.5,
7211,525,R.Burton,PTA,12,55,23,71.1667,0.263,-2.07,-2.211494,DEF,71.2,117.5,47.0
9825,683,D.Rampe,SYD,17,55,23,57.7059,0.263,-3.159,-3.4269969999999996,DEF,57.7,117.5,
11589,84,D.Wilmot,BRL,22,54,23,83.1818,0.263,-1.099,-1.18316,DEF,82.8,119.0,
3355,299,J.Walter,GCS,14,44,23,35.3571,0.263,-4.966,-4.895253,FWD,35.4,119.5,
7808,564,S.Banks,RIC,14,56,23,47.2143,0.368,-4.007,-4.636279999999999,MID,47.2,119.5,
8301,596,J.Ross,RIC,6,56,23,64.0,0.368,-2.65,-3.135024,MID,64.0,119.5,
9224,650,J.Amartey,SYD,21,44,23,55.3333,0.263,-3.35,-3.202457,FWD,55.3,119.5,
5352,425,J.Sicily,HAW,19,53,23,98.7368,0.263,0.159,0.16952,DEF,94.6,120.0,48.0
1189,172,N.Caddy,ESS,9,43,23,53.4444,0.263,-3.503,-3.40569,FWD,53.4,121.5,
5240,416,H.Morrison,HAW,9,55,23,53.2222,0.368,-3.521,-4.057544,MID,53.2,121.5,
6357,481,A.Corr,NTH,22,52,23,64.3636,0.263,-2.62,-2.824088,DEF,64.4,121.5,
9536,667,J.Jordon,SYD,22,55,23,68.2273,0.368,-2.308,-2.77352,MID,68.2,121.5,74.0
10335,716,B.Khamis,WBD,17,52,23,50.4118,0.263,-3.748,-4.036774,DEF,50.4,121.5,
11093,760,H.Johnston,WCE,5,43,23,29.2,0.263,-5.464,-5.3790510000000005,FWD,29.2,121.5,
3076,281,S.Lemmens,GCS,2,51,23,52.5,0.263,-3.58,-3.7875069999999997,DEF,52.5,123.0,
8723,623,B.Hill,STK,21,54,23,72.8095,0.368,-1.937,-2.38044,MID,72.8,123.5,
10985,754,R.Ginbey,WCE,22,54,23,71.1818,0.368,-2.069,-2.565432,MID,71.2,123.5,
10796,744,T.Cole,WCE,22,50,23,67.1818,0.263,-2.392,-2.580045,DEF,67.2,124.0,
752,145,B.Hill,COL,22,42,23,61.3636,0.263,-2.863,-2.6654869999999997,FWD,61.4,125.5,
2998,276,N.Holman,GCS,20,42,23,52.95,0.263,-3.543,-3.38783,FWD,53.0,125.5,
3019,277,B.Humphrey,GCS,20,42,23,50.85,0.263,-3.713,-3.603066,FWD,50.8,125.5,41.5
5812,454,J.McVee,MEL,22,49,23,72.6818,0.263,-1.948,-2.152614,DEF,72.7,125.5,
8046,582,J.Koschitzke,RIC,13,42,23,52.0769,0.263,-3.614,-3.520635,FWD,52.1,125.5,
9201,649,T.Adams,SYD,18,42,23,67.8889,0.263,-2.335,-2.127493,FWD,67.9,125.5,41.5
10249,71,L.Morris,BRL,14,42,23,53.7857,0.263,-3.476,-3.340292,FWD,53.8,125.5,
10929,750,H.Edwards,WCE,8,49,23,57.0,0.263,-3.216,-3.4947800000000004,DEF,57.0,125.5,
2236,228,N.Fyfe,FRE,21,53,23,68.9524,0.368,-2.249,-2.68692,MID,69.0,126.5,75.0
2440,243,J.Sharp,FRE,22,53,23,69.3636,0.368,-2.216,-2.6369920000000002,MID,69.4,126.5,
8532,609,R.Byrnes,STK,14,53,23,59.8571,0.368,-2.985,-3.482168,MID,59.9,126.5,
11484,79,H.Sharp,BRL,5,53,23,45.6,0.368,-4.138,-5.014576,MID,45.6,126.5,
6963,516,D.Tucker,NTH,22,48,23,67.5455,0.263,-2.363,-2.590758,DEF,67.5,127.0,
270,114,M.McGovern,CAR,17,47,23,76.4118,0.263,-1.646,-1.776185,DEF,76.0,128.5,
7072,520,A.Aliir,PTA,21,47,23,75.9524,0.263,-1.683,-1.833436,DEF,75.9,128.5,
6890,512,D.Stephens,NTH,15,51,23,47.1333,0.368,-4.014,-4.598015999999999,MID,47.1,129.0,
297,119,J.Motlop,CAR,5,40,23,41.8,0.263,-4.445,-4.412651,FWD,41.8,130.0,
4586,378,J.Peatling,GWS,16,40,23,63.5,0.263,-2.69,-2.46908,FWD,63.5,130.0,
7988,577,J.Graham,RIC,13,40,23,68.5385,0.263,-2.283,-2.061817,FWD,68.5,130.0,
6267,477,J.Archer,NTH,14,46,23,48.3571,0.263,-3.915,-4.28057,DEF,48.4,130.5,
9312,656,H.Cunningham,SYD,19,46,23,52.6316,0.263,-3.569,-3.7985990000000003,DEF,52.6,130.5,
1339,178,S.Durham,ESS,21,50,23,89.6667,0.368,-0.574,-0.865456,MID,88.4,131.0,
1495,186,B.Hobbs,ESS,11,50,23,51.4545,0.368,-3.664,-4.348848,MID,51.5,131.0,
7156,523,T.Boak,PTA,19,50,23,78.7368,0.368,-1.458,-1.8333599999999999,MID,78.1,131.0,
3387,30,J.Rachele,ADE,22,39,23,63.8182,0.263,-2.664,-2.490946,FWD,63.8,132.5,43.0
3447,302,T.Atkins,GEE,19,45,23,79.3158,0.263,-1.411,-1.501998,DEF,78.6,132.5,49.0
10720,736,O.Allen,WCE,10,39,23,58.1,0.263,-3.127,-3.0402099999999996,FWD,58.1,132.5,
11496,799,L.Evans,PTA,9,45,23,65.0,0.263,-2.569,-2.661839,DEF,65.0,132.5,
6962,516,D.Tucker,NTH,22,48,23,67.5455,0.368,-2.363,-2.880408,MID,67.5,133.0,
320,12,D.Fogarty,ADE,22,38,23,68.5,0.263,-2.286,-2.12031,FWD,68.5,134.5,
2026,214,B.Banfield,FRE,22,38,23,62.5,0.263,-2.771,-2.60268,FWD,62.5,134.5,
8613,616,P.Dow,STK,9,47,23,60.6667,0.368,-2.919,-3.429048,MID,60.7,134.5,
10400,719,J.Macrae,WBD,17,47,23,70.4706,0.368,-2.126,-2.474128,MID,70.5,134.5,76.0
11011,757,B.Hough,WCE,22,44,23,64.5909,0.263,-2.602,-2.85974,DEF,64.6,134.5,
11509,8,D.Curtin,ADE,6,44,23,28.5,0.263,-5.52,-5.827183999999999,DEF,28.5,134.5,
3073,280,B.King,GCS,21,37,23,60.2857,0.263,-2.95,-2.819289,FWD,60.3,136.0,
5436,43,C.Ah Chee,BRL,21,46,23,65.7143,0.368,-2.511,-3.0302480000000003,MID,65.7,136.0,
484,130,L.Young,CAR,7,42,23,63.5714,0.263,-2.684,-2.9046570000000003,DEF,63.6,137.0,
3446,302,T.Atkins,GEE,19,45,23,79.3158,0.368,-1.411,-1.747352,MID,78.6,137.0,77.0
4223,352,J.Buckley,GWS,20,42,23,77.25,0.263,-1.578,-1.682411,DEF,77.0,137.0,
8555,61,R.Lester,BRL,22,42,23,71.6818,0.263,-2.028,-2.195005,DEF,71.7,137.0,
11508,8,D.Curtin,ADE,6,44,23,28.5,0.368,-5.52,-6.123887999999999,MID,28.5,138.0,
3109,282,B.Long,GCS,16,35,23,57.75,0.263,-3.155,-2.969848,FWD,57.8,139.0,
4244,353,A.Cadman,GWS,20,35,23,47.1,0.263,-4.016,-3.8879189999999997,FWD,47.1,139.0,
4491,371,L.Keeffe,GWS,2,35,23,36.5,0.263,-4.873,-4.520843,FWD,36.5,139.0,
7422,539,L.Jones,PTA,17,41,23,54.0,0.263,-3.458,-3.741514,DEF,54.0,139.0,
8517,608,D.Butler,STK,15,35,23,40.8,0.263,-4.526,-4.451045,FWD,40.8,139.0,
10687,734,R.West,WBD,21,35,23,65.1429,0.263,-2.557,-2.379212,FWD,65.1,139.0,
11094,760,H.Johnston,WCE,5,43,23,29.2,0.368,-5.464,-6.165408,MID,29.2,139.0,
791,146,W.Hoskin-Elliott,COL,19,40,23,65.7895,0.263,-2.505,-2.705143,DEF,65.8,140.0,
9200,649,T.Adams,SYD,18,42,23,67.8889,0.368,-2.335,-2.76004,MID,67.9,140.0,78.0
11564,81,B.Starcevich,BRL,17,39,23,55.1765,0.263,-3.363,-3.622581,DEF,55.2,141.0,
4815,393,L.Breust,HAW,16,34,23,40.375,0.263,-4.56,-4.4587449999999995,FWD,40.4,142.0,
6414,484,K.Dawson,NTH,10,38,23,51.6,0.263,-3.652,-3.9102660000000005,DEF,51.6,142.0,
790,146,W.Hoskin-Elliott,COL,19,40,23,65.7895,0.368,-2.505,-2.9833999999999996,MID,65.8,142.5,
4585,378,J.Peatling,GWS,16,40,23,63.5,0.368,-2.69,-3.105104,MID,63.5,142.5,
6838,510,L.Shiels,NTH,16,40,23,46.8125,0.368,-4.039,-4.640312,MID,46.8,142.5,
7987,577,J.Graham,RIC,13,40,23,68.5385,0.368,-2.283,-2.6859599999999997,MID,68.5,142.5,
5724,450,J.Lever,MEL,18,37,23,70.2222,0.263,-2.147,-2.314794,DEF,70.2,143.0,50.0
1928,210,S.Weideman,ESS,1,33,23,33.0,0.263,-5.156,-5.093932,FWD,33.0,143.5,
8627,617,H.Garcia,STK,7,33,23,45.4286,0.263,-4.151,-4.0394879999999995,FWD,45.4,143.5,
718,143,B.Frampton,COL,18,35,23,51.2222,0.263,-3.683,-3.9667769999999996,DEF,51.2,144.5,
3108,282,B.Long,GCS,16,35,23,57.75,0.263,-3.155,-3.361455,DEF,57.8,144.5,
3814,324,O.Henry,GEE,20,32,23,49.55,0.263,-3.818,-3.635478,FWD,49.6,145.0,
11289,774,Z.Trew,WCE,7,39,23,48.8571,0.368,-3.874,-4.47752,MID,48.9,145.0,
3731,315,M.Duncan,GEE,19,34,23,80.5789,0.263,-1.309,-1.4691670000000001,DEF,79.6,146.0,51.0
8115,587,K.McIntosh,RIC,21,34,23,45.5238,0.368,-4.144,-4.7570879999999995,MID,45.5,146.0,
10853,748,T.Dewar,WCE,6,29,23,30.5,0.263,-5.359,-5.21172,FWD,30.5,146.0,
8628,617,H.Garcia,STK,7,33,23,45.4286,0.368,-4.151,-4.774024,MID,45.4,147.0,
3962,332,O.Mullin,GEE,10,28,23,39.4,0.263,-4.639,-4.994839,DEF,39.4,147.5,
6507,489,E.Ford,NTH,18,26,23,52.5,0.263,-3.58,-3.4474479999999996,FWD,52.5,147.5,
7779,563,N.Balta,RIC,18,26,23,62.7222,0.263,-2.753,-2.59783,FWD,62.7,147.5,
11478,788,W.Parker,COL,4,28,23,27.5,0.263,-5.601,-5.63256,DEF,27.5,147.5,
3219,291,J.Rogers,GCS,8,31,23,41.125,0.368,-4.499,-5.242728,MID,41.1,148.0,
7528,547,J.Mead,PTA,22,25,23,60.9545,0.263,-2.896,-2.731099,FWD,61.0,149.0,
7778,563,N.Balta,RIC,18,26,23,62.7222,0.263,-2.753,-2.982073,DEF,62.7,149.0,
2312,231,M.Johnson,FRE,18,30,23,65.3889,0.368,-2.537,-3.087528,MID,65.4,149.5,
3883,328,M.Knevitt,GEE,4,30,23,34.75,0.368,-5.015,-5.728552,MID,34.8,149.5,
1555,189,J.Kelly,ESS,19,25,23,62.7368,0.263,-2.752,-2.959507,DEF,62.7,150.0,
3627,310,B.Close,GEE,22,23,23,61.7273,0.263,-2.833,-2.6867720000000004,FWD,61.7,150.0,
2686,258,M.Andrew,GCS,19,20,23,74.7368,0.263,-1.781,-1.951161,DEF,74.7,151.0,
5953,461,K.Pickett,MEL,20,22,23,71.5,0.263,-2.043,-1.7955170000000003,FWD,71.5,151.0,44.0
2315,237,N.O'Driscoll,FRE,1,26,23,26.0,0.368,-5.722,-5.508560000000001,MID,26.0,151.5,
11536,806,N.Long,COL,7,26,23,41.4286,0.368,-4.475,-5.136296,MID,41.4,151.5,
6334,480,C.Comben,NTH,19,18,23,76.1579,0.263,-1.667,-1.7985000000000002,DEF,76.0,152.0,
477,13,L.Gollant,ADE,4,20,23,20.75,0.263,-6.147,-6.129116,FWD,20.8,152.5,
4519,376,T.McMullin,GWS,12,20,23,42.3333,0.263,-4.402,-4.2705,FWD,42.3,152.5,
6271,478,M.Bergman,NTH,3,15,23,32.0,0.263,-5.237,-5.638075,DEF,32.0,153.0,
1556,189,J.Kelly,ESS,19,25,23,62.7368,0.368,-2.752,-3.238864,MID,62.7,153.5,
7529,547,J.Mead,PTA,22,25,23,60.9545,0.368,-2.896,-3.4016319999999998,MID,61.0,153.5,
2153,224,J.Draper,FRE,19,10,23,48.7368,0.263,-3.884,-4.157783,DEF,48.7,154.0,
291,117,A.Moir,CAR,1,19,23,19.0,0.263,-6.288,-6.040254,FWD,19.0,154.5,
6380,482,P.Curtis,NTH,22,19,23,59.2727,0.263,-3.032,-2.881038,FWD,59.3,154.5,
4752,39,Z.Taylor,ADE,8,17,23,39.875,0.368,-4.6,-5.131024,MID,39.9,155.0,
6055,468,T.Sparrow,MEL,21,16,23,64.619,0.368,-2.6,-3.08024,MID,64.6,156.0,
6335,480,C.Comben,NTH,19,18,23,76.1579,0.263,-1.667,-1.449236,FWD,76.0,156.5,
10846,747,J.Darling,WCE,20,18,23,56.05,0.263,-3.293,-3.1596590000000004,FWD,56.0,156.5,
11454,783,J.Bytel,COL,7,15,23,38.0,0.368,-4.752,-5.44016,MID,38.0,157.0,
4023,338,G.Rohan,GEE,12,17,23,35.3333,0.263,-4.968,-4.897516,FWD,35.3,158.0,
3319,296,D.Swallow,GCS,20,13,23,43.35,0.368,-4.319,-4.9655759999999995,MID,43.4,158.5,
6296,48,J.Berry,BRL,22,13,23,85.2727,0.368,-0.93,-1.319712,MID,84.8,158.5,
6054,468,T.Sparrow,MEL,21,16,23,64.619,0.263,-2.6,-2.4240530000000002,FWD,64.6,159.0,
4899,397,W.Day,HAW,16,10,23,91.1875,0.368,-0.451,-0.724056,MID,86.3,160.0,79.0
11198,767,J.Petruccelle,WCE,15,15,23,50.2667,0.263,-3.76,-3.626922,FWD,50.3,160.0,
7541,548,Q.Narkle,PTA,10,14,23,26.9,0.263,-5.65,-5.609761000000001,FWD,26.9,161.0,
3320,296,D.Swallow,GCS,20,13,23,43.35,0.263,-4.319,-4.219849,FWD,43.4,162.0,
7936,572,M.Coulthard,RIC,2,11,23,13.0,0.263,-6.774,-6.783994,FWD,13.0,163.0,
4632,383,C.Stone,GWS,4,3,23,19.75,0.263,-6.228,-6.213534999999999,FWD,19.8,164.0,
9929,691,C.Warner,SYD,6,2,23,30.6667,0.263,-5.345,-5.291348,FWD,30.7,165.0,
1731,196,J.Menzie,ESS,14,1,23,33.9286,0.263,-5.081,-5.015776000000001,FWD,33.9,166.0,
656,138,N.Daicos,COL,23,186,24,117.174,0.263,1.65,1.7686129999999998,DEF,117.2,1.0,1.0
657,138,N.Daicos,COL,23,186,24,117.174,0.368,1.65,1.579712,MID,117.2,1.0,1.0
2944,273,S.Flanders,GCS,22,161,24,119.045,0.263,1.801,2.173145,FWD,117.1,1.0,1.0
4035,339,R.Stanley,GEE,12,144,24,70.3333,0.105,-2.138,-2.28458,RUC,70.3,1.0,
3573,307,J.Cameron,GEE,22,143,24,86.5,0.263,-0.83,-0.575153,FWD,86.0,2.0,2.0
4744,389,L.Whitfield,GWS,23,153,24,111.0,0.263,1.151,1.231741,DEF,111.0,2.0,2.0
7006,518,T.Xerri,NTH,23,123,24,119.87,0.105,1.868,1.844165,RUC,119.9,2.0,1.0
10425,72,L.Neale,BRL,22,166,24,119.864,0.368,1.868,1.81832,MID,117.9,2.0,2.0
882,151,P.Lipinski,COL,23,131,24,75.6522,0.263,-1.707,-1.49134,FWD,75.7,3.0,3.0
2943,273,S.Flanders,GCS,22,161,24,119.045,0.368,1.801,1.7454319999999999,MID,117.1,3.0,3.0
4883,396,M.D'Ambrosio,HAW,22,134,24,87.6818,0.263,-0.735,-0.796279,DEF,87.1,3.0,
5630,443,M.Gawn,MEL,21,122,24,124.143,0.105,2.214,2.200665,RUC,119.9,3.0,2.0
344,120,N.Newman,CAR,23,132,24,101.478,0.263,0.381,0.40388100000000005,DEF,101.5,4.0,3.0
2478,247,S.Switkowski,FRE,20,128,24,77.3,0.263,-1.574,-1.3522910000000001,FWD,77.0,4.0,
3409,301,J.Witts,GCS,16,121,24,107.875,0.105,0.898,0.84445,RUC,97.9,4.0,3.0
611,137,J.Daicos,COL,23,140,24,89.5652,0.368,-0.582,-0.867936,MID,89.6,4.5,4.5
5287,418,J.Newcombe,HAW,23,140,24,98.3043,0.368,0.124,-0.093488,MID,98.3,4.5,4.5
3536,305,J.Bowes,GEE,20,130,24,83.35,0.263,-1.085,-1.172842,DEF,82.3,5.0,
6874,511,J.Simpkin,NTH,18,114,24,79.6667,0.263,-1.383,-1.152875,FWD,78.7,5.0,4.0
8788,629,R.Marshall,STK,23,120,24,112.0,0.105,1.232,1.188635,RUC,112.0,5.0,4.0
416,126,S.Walsh,CAR,19,139,24,108.368,0.368,0.938,0.798896,MID,102.6,6.0,6.0
1694,194,A.McGrath,ESS,23,129,24,95.3913,0.263,-0.111,-0.125465,DEF,95.4,6.0,4.0
4190,350,K.Briggs,GWS,22,113,24,95.8182,0.105,-0.077,-0.160475,RUC,94.9,6.0,5.0
4972,400,J.Ginnivan,HAW,21,113,24,71.8095,0.263,-2.018,-1.8162789999999998,FWD,71.8,6.5,
5790,453,T.McDonald,MEL,22,113,24,79.5,0.263,-1.396,-1.1664009999999998,FWD,79.3,6.5,
1754,197,Z.Merrett,ESS,23,135,24,115.261,0.368,1.495,1.4099920000000001,MID,115.3,7.0,7.0
5198,413,L.Meek,HAW,19,112,24,103.474,0.105,0.542,0.47753,RUC,98.5,7.0,
9248,652,N.Blakey,SYD,23,127,24,97.4783,0.263,0.057,0.055422,DEF,97.5,7.0,5.0
4882,396,M.D'Ambrosio,HAW,22,134,24,87.6818,0.368,-0.735,-1.035288,MID,87.1,8.0,
9404,662,B.Grundy,SYD,23,110,24,106.609,0.105,0.796,0.7393000000000001,RUC,106.6,8.0,6.0
10069,702,B.Dale,WBD,23,126,24,98.0,0.263,0.1,0.101578,DEF,98.0,8.0,6.0
10403,719,J.Macrae,WBD,18,112,24,72.7778,0.263,-1.94,-1.734597,FWD,72.8,8.0,5.0
883,151,P.Lipinski,COL,23,131,24,75.6522,0.368,-1.707,-2.101496,MID,75.7,9.0,8.0
3861,325,M.Holmes,GEE,23,121,24,99.087,0.263,0.188,0.196153,DEF,99.1,9.0,7.0
7650,556,J.Sweet,PTA,14,107,24,88.7857,0.105,-0.645,-0.745905,RUC,83.4,9.0,
5099,409,C.Macdonald,HAW,23,111,24,74.3478,0.263,-1.813,-1.6020739999999998,FWD,74.3,9.5,6.5
5954,461,K.Pickett,MEL,21,111,24,73.381,0.263,-1.891,-1.683493,FWD,73.4,9.5,6.5
3535,305,J.Bowes,GEE,20,130,24,83.35,0.368,-1.085,-1.4191440000000002,MID,82.3,10.0,
8188,590,T.Nankervis,RIC,21,106,24,110.238,0.105,1.089,1.0413299999999999,RUC,107.2,10.0,7.0
9865,685,M.Roberts,SYD,20,118,24,80.7,0.263,-1.299,-1.403148,DEF,80.0,10.0,
1443,184,D.Heppell,ESS,18,116,24,88.0,0.263,-0.709,-0.768438,DEF,85.2,11.0,
2667,257,N.Anderson,GCS,23,128,24,106.696,0.368,0.803,0.6506480000000001,MID,106.7,11.0,9.0
4951,40,R.Thilthorpe,ADE,7,110,24,76.4286,0.263,-1.645,-1.426447,FWD,75.4,11.0,
10162,706,T.English,WBD,22,103,24,108.0,0.105,0.908,0.854765,RUC,106.6,11.0,8.0
2049,215,A.Brayshaw,FRE,23,127,24,109.826,0.368,1.056,0.928304,MID,109.8,12.0,10.0
8340,598,J.Short,RIC,22,115,24,82.0909,0.263,-1.187,-1.282469,DEF,81.8,12.0,8.0
11635,86,D.Zorko,BRL,23,108,24,110.435,0.263,1.105,1.4461110000000001,FWD,110.4,12.0,8.0
9779,68,O.McInerney,BRL,22,99,24,96.0,0.105,-0.062,-0.145055,RUC,95.1,12.5,9.0
11332,776,B.Williams,WCE,23,99,24,68.6087,0.105,-2.277,-2.4278850000000003,RUC,68.6,12.5,
7446,54,J.Dunkley,BRL,23,124,24,111.783,0.368,1.214,1.10176,MID,111.8,13.0,11.0
397,124,A.Saad,CAR,17,114,24,86.8824,0.263,-0.799,-0.865276,DEF,83.8,13.5,9.5
2395,241,L.Ryan,FRE,23,114,24,116.609,0.263,1.604,1.7191939999999999,DEF,116.6,13.5,9.5
5231,415,D.Moore,HAW,23,107,24,97.7391,0.263,0.079,0.37408600000000003,FWD,97.7,13.5,9.5
10099,703,C.Daniel,WBD,15,107,24,49.9333,0.263,-3.787,-3.663916,FWD,49.9,13.5,9.5
117,106,G.Hewett,CAR,21,122,24,92.1429,0.368,-0.374,-0.639696,MID,90.7,14.0,12.0
3495,304,M.Blicavs,GEE,22,97,24,68.1818,0.105,-2.312,-2.4639349999999998,RUC,68.2,14.0,10.0
380,123,M.Pittonet,CAR,13,95,24,89.8462,0.105,-0.56,-0.6581750000000001,RUC,83.4,15.0,11.0
1604,190,K.Langford,ESS,23,105,24,78.3478,0.263,-1.489,-1.263609,FWD,78.3,15.0,11.0
3860,325,M.Holmes,GEE,23,121,24,99.087,0.368,0.188,-0.02360000000000001,MID,99.1,15.0,13.0
5789,453,T.McDonald,MEL,22,113,24,79.5,0.263,-1.396,-1.5072489999999998,DEF,79.3,15.0,
11529,804,J.Hutchinson,WCE,7,102,24,48.1429,0.263,-3.932,-3.815228,FWD,48.1,16.0,
510,133,D.Cameron,COL,23,92,24,105.13,0.105,0.676,0.615625,RUC,105.1,16.5,12.5
2888,27,R.O'Brien,ADE,21,92,24,93.2857,0.105,-0.282,-0.37167,RUC,91.7,16.5,12.5
8432,603,N.Vlastuin,RIC,22,111,24,91.3182,0.263,-0.441,-0.48018700000000003,DEF,90.6,16.5,11.5
8950,639,J.Sinclair,STK,22,111,24,109.909,0.263,1.063,1.1371660000000001,DEF,108.4,16.5,11.5
9427,663,E.Gulden,SYD,23,118,24,108.0,0.368,0.908,0.76632,MID,108.0,16.5,14.0
9866,685,M.Roberts,SYD,20,118,24,80.7,0.368,-1.299,-1.6541199999999998,MID,80.0,16.5,
3815,324,O.Henry,GEE,21,101,24,52.0,0.263,-3.62,-3.489552,FWD,52.0,17.0,
2293,230,L.Jackson,FRE,23,90,24,94.5217,0.105,-0.182,-0.268625,RUC,94.5,18.0,14.0
3711,314,O.Dempsey,GEE,23,99,24,75.7391,0.263,-1.7,-1.4840769999999999,FWD,75.7,18.0,
7684,560,O.Wines,PTA,22,116,24,99.3636,0.368,0.21,0.0006080000000000252,MID,98.3,18.5,15.5
8286,594,D.Rioli,RIC,23,107,24,92.8696,0.263,-0.315,-0.344719,DEF,92.9,18.5,13.5
9974,695,M.Bontempelli,WBD,23,116,24,126.391,0.368,2.395,2.39684,MID,126.4,18.5,15.5
10514,725,E.Richards,WBD,20,107,24,98.55,0.263,0.144,0.148997,DEF,95.5,18.5,13.5
9729,677,H.McLean,SYD,23,82,24,68.4348,0.105,-2.291,-2.4423049999999997,RUC,68.4,19.0,15.0
1180,171,N.Bryan,ESS,5,63,24,70.8,0.105,-2.1,-2.245425,RUC,70.8,20.0,
5462,430,J.Weddle,HAW,23,106,24,73.1739,0.263,-1.908,-2.05791,DEF,73.2,20.0,
1581,19,B.Keays,ADE,23,97,24,81.0435,0.263,-1.271,-1.0358779999999999,FWD,81.0,20.5,12.5
4588,378,J.Peatling,GWS,17,97,24,65.4706,0.263,-2.531,-2.351897,FWD,65.5,20.5,
5156,410,C.Mackenzie,HAW,20,97,24,60.85,0.263,-2.904,-2.741729,FWD,60.8,20.5,12.5
5395,429,N.Watson,HAW,16,97,24,65.5,0.263,-2.528,-2.348897,FWD,65.5,20.5,
5893,46,W.Ashcroft,BRL,9,115,24,81.8889,0.368,-1.203,-1.548552,MID,77.7,20.5,
7235,526,Z.Butters,PTA,23,115,24,120.435,0.368,1.914,1.869104,MID,120.4,20.5,17.0
1317,177,S.Draper,ESS,16,60,24,75.9375,0.105,-1.684,-1.81672,RUC,75.7,21.0,16.0
9015,643,N.Wanganeen-Milera,STK,22,105,24,100.909,0.263,0.335,0.354199,DEF,99.8,21.0,15.0
542,135,M.Cox,COL,16,56,24,57.125,0.105,-3.206,-3.38534,RUC,57.1,22.0,
6010,463,C.Salem,MEL,17,104,24,80.0,0.263,-1.356,-1.464093,DEF,78.7,22.5,16.0
6875,511,J.Simpkin,NTH,18,114,24,79.6667,0.368,-1.383,-1.745848,MID,78.7,22.5,18.5
9923,690,C.Warner,SYD,22,114,24,103.864,0.368,0.574,0.399568,MID,102.6,22.5,18.5
11497,799,L.Evans,PTA,10,104,24,68.9,0.263,-2.253,-2.428947,DEF,68.9,22.5,
8158,588,B.Miller,RIC,21,54,24,72.8095,0.105,-1.937,-2.07749,RUC,72.8,23.0,
10666,733,C.Weightman,WBD,16,96,24,69.8125,0.263,-2.18,-1.9851170000000002,FWD,69.8,23.0,
3250,293,M.Rowell,GCS,23,113,24,102.13,0.368,0.434,0.24595199999999998,MID,102.1,24.0,20.0
5353,425,J.Sicily,HAW,20,102,24,98.9,0.263,0.172,0.17910099999999998,DEF,95.8,24.0,17.0
8811,63,K.Lohmann,BRL,23,93,24,70.4783,0.263,-2.126,-1.92875,FWD,70.5,24.0,
11368,777,J.Williams,WCE,18,50,24,53.5,0.105,-3.499,-3.687265,RUC,53.5,24.0,
4408,367,H.Himmelberg,GWS,23,101,24,91.2609,0.263,-0.445,-0.484713,DEF,91.3,25.0,18.0
753,145,B.Hill,COL,23,92,24,62.6957,0.263,-2.755,-2.5858909999999997,FWD,62.7,25.5,
2372,240,L.Reidy,FRE,2,29,24,41.0,0.105,-4.509,-4.728345,RUC,41.0,25.5,
4078,340,T.Stengle,GEE,23,92,24,72.7826,0.263,-1.939,-1.73386,FWD,72.8,25.5,
7653,557,D.Visentini,PTA,3,29,24,66.0,0.105,-2.488,-2.645395,RUC,66.0,25.5,
10352,717,T.Liberatore,WBD,17,112,24,104.235,0.368,0.604,0.432512,MID,96.6,25.5,21.5
10402,719,J.Macrae,WBD,18,112,24,72.7778,0.368,-1.94,-2.356576,MID,72.8,25.5,21.5
3759,320,Z.Guthrie,GEE,23,100,24,83.7391,0.263,-1.054,-1.1392120000000001,DEF,83.7,27.0,
8951,639,J.Sinclair,STK,22,111,24,109.909,0.368,1.063,0.935672,MID,108.4,27.0,23.0
9098,646,D.Wilson,STK,23,91,24,65.3043,0.263,-2.544,-2.365686,FWD,65.3,27.0,
9336,658,O.Florent,SYD,23,100,24,78.913,0.263,-1.444,-1.558668,DEF,78.9,27.0,
11479,788,W.Parker,COL,5,100,24,42.0,0.263,-4.429,-4.768796,DEF,42.0,27.0,
11547,807,B.Teakle,NTH,11,18,24,45.3636,0.105,-4.157,-4.365425,RUC,45.4,27.0,
11658,87,B.Acres,CAR,22,110,24,92.9091,0.368,-0.312,-0.571808,MID,92.1,28.0,24.0
2294,230,L.Jackson,FRE,23,90,24,94.5217,0.263,-0.182,0.101777,FWD,94.5,28.5,14.0
3928,330,S.Mannagh,GEE,10,90,24,75.2,0.263,-1.744,-1.5299180000000001,FWD,75.1,28.5,
3794,323,J.Henry,GEE,23,98,24,66.8696,0.263,-2.418,-2.6063080000000003,DEF,66.9,29.0,
2418,242,C.Serong,FRE,23,109,24,115.696,0.368,1.531,1.448936,MID,115.7,29.5,25.5
9887,686,J.Rowbottom,SYD,21,109,24,94.5238,0.368,-0.181,-0.42829599999999995,MID,92.8,29.5,25.5
1671,193,N.Martin,ESS,23,97,24,105.043,0.263,0.669,0.713447,DEF,105.0,30.0,19.0
7743,562,L.Baker,RIC,18,88,24,82.3333,0.263,-1.167,-0.9271440000000001,FWD,80.7,30.0,15.0
7199,524,J.Burgoyne,PTA,20,96,24,79.95,0.263,-1.36,-1.4686190000000001,DEF,79.3,31.0,
1143,168,S.Sidebottom,COL,22,108,24,75.3182,0.368,-1.734,-2.131072,MID,75.3,31.5,
11636,86,D.Zorko,BRL,23,108,24,110.435,0.368,1.105,0.982088,MID,110.4,31.5,27.0
3449,302,T.Atkins,GEE,20,95,24,80.1,0.263,-1.348,-1.455567,DEF,79.4,32.0,20.0
7258,527,D.Byrne-Jones,PTA,23,86,24,63.7391,0.263,-2.671,-2.498209,FWD,63.7,32.0,
7990,577,J.Graham,RIC,14,86,24,69.7857,0.263,-2.182,-1.98738,FWD,69.8,32.0,
11309,775,J.Waterman,WCE,20,86,24,83.1,0.263,-1.105,-0.862514,FWD,82.0,32.0,
2609,255,H.Young,FRE,23,94,24,101.348,0.263,0.37,0.392092,DEF,101.3,33.0,21.0
10098,703,C.Daniel,WBD,15,107,24,49.9333,0.368,-3.787,-4.382056,MID,49.9,33.5,28.5
10515,725,E.Richards,WBD,20,107,24,98.55,0.368,0.144,-0.071648,MID,95.5,33.5,28.5
5517,434,J.Billings,MEL,16,85,24,57.625,0.263,-3.165,-3.014301,FWD,57.6,34.0,16.0
1049,162,J.Noble,COL,20,93,24,78.2,0.263,-1.501,-1.620402,DEF,77.8,35.0,
1853,200,M.Redman,ESS,21,93,24,88.2857,0.263,-0.686,-0.7435970000000001,DEF,87.1,35.0,22.0
3975,334,S.Neale,GEE,13,84,24,58.2308,0.263,-3.116,-2.963197,FWD,58.2,35.0,
4224,352,J.Buckley,GWS,21,93,24,78.0,0.263,-1.518,-1.638191,DEF,77.7,35.0,
11827,97,P.Cripps,CAR,23,106,24,110.478,0.368,1.109,0.986456,MID,110.5,35.0,30.0
8403,601,T.Taranto,RIC,15,105,24,94.5333,0.368,-0.181,-0.427928,MID,87.7,36.0,31.0
158,107,E.Hollands,CAR,21,83,24,75.1429,0.263,-1.749,-1.534918,FWD,75.1,37.0,
4648,384,S.Taylor,GWS,16,91,24,71.3125,0.263,-2.058,-2.219219,DEF,71.3,37.0,23.0
4839,395,M.Chol,HAW,21,83,24,63.4286,0.263,-2.696,-2.524261,FWD,63.4,37.0,
6011,463,C.Salem,MEL,17,104,24,80.0,0.368,-1.356,-1.716272,MID,78.7,37.0,32.0
9203,649,T.Adams,SYD,19,83,24,68.6842,0.263,-2.271,-2.080325,FWD,68.7,37.0,17.0
8227,592,D.Prestia,RIC,13,103,24,79.0769,0.368,-1.431,-1.798264,MID,77.3,38.0,
1867,203,A.Roberts,ESS,4,90,24,78.5,0.263,-1.477,-1.594298,DEF,75.6,38.5,
2978,275,W.Graham,GCS,17,90,24,63.4118,0.263,-2.697,-2.906348,DEF,63.4,38.5,
9730,677,H.McLean,SYD,23,82,24,68.4348,0.263,-2.291,-2.101377,FWD,68.4,39.0,18.0
1069,163,S.Pendlebury,COL,20,102,24,86.45,0.368,-0.834,-1.144224,MID,85.0,40.0,34.0
3111,282,B.Long,GCS,17,81,24,59.1176,0.263,-3.044,-2.8880410000000003,FWD,59.1,40.0,
3341,298,B.Uwland,GCS,21,89,24,72.9524,0.263,-1.926,-2.077225,DEF,73.0,40.0,
9808,682,L.Parker,SYD,7,102,24,70.8571,0.368,-2.095,-2.5266640000000002,MID,70.9,40.0,34.0
11683,9,J.Dawson,ADE,22,102,24,102.136,0.368,0.434,0.24631999999999998,MID,101.0,40.0,34.0
7742,562,L.Baker,RIC,18,88,24,82.3333,0.263,-1.167,-1.261154,DEF,80.7,41.0,24.0
11590,84,D.Wilmot,BRL,23,87,24,83.3478,0.263,-1.085,-1.172842,DEF,83.3,42.0,
3173,286,T.Miller,GCS,18,100,24,102.556,0.368,0.468,0.28363200000000005,MID,96.6,43.0,37.0
3647,312,P.Dangerfield,GEE,14,100,24,84.2857,0.368,-1.009,-1.3361519999999998,MID,80.7,43.0,37.0
3952,331,G.Miers,GEE,23,80,24,81.913,0.263,-1.201,-0.9627220000000001,FWD,81.9,43.0,19.5
5564,439,K.Chandler,MEL,23,80,24,63.2174,0.263,-2.713,-2.54205,FWD,63.2,43.0,
5706,45,N.Answerth,BRL,12,80,24,56.9167,0.263,-3.222,-3.073931,FWD,56.9,43.0,
6983,517,G.Wardlaw,NTH,18,100,24,85.6111,0.368,-0.902,-1.218848,MID,83.3,43.0,37.0
8872,635,M.Phillipou,STK,13,80,24,58.2308,0.263,-3.116,-2.963197,FWD,58.2,43.0,19.5
10119,704,S.Darcy,WBD,20,80,24,79.25,0.263,-1.417,-1.18819,FWD,78.7,43.0,
3905,329,J.Kolodjashnij,GEE,22,86,24,69.4545,0.263,-2.209,-2.3815280000000003,DEF,69.5,44.0,
6109,470,A.Tomlinson,MEL,8,86,24,75.25,0.263,-1.74,-1.8772860000000002,DEF,75.1,44.0,
9313,656,H.Cunningham,SYD,20,86,24,54.3,0.263,-3.434,-3.699104,DEF,54.3,44.0,
3712,314,O.Dempsey,GEE,23,99,24,75.7391,0.368,-1.7,-2.09376,MID,75.7,45.0,
5061,405,J.Impey,HAW,23,85,24,83.5217,0.263,-1.071,-1.15779,DEF,83.5,46.0,
6608,50,C.Cameron,BRL,23,79,24,58.3478,0.263,-3.107,-2.9536710000000004,FWD,58.3,46.0,
9757,679,C.Mills,SYD,6,98,24,73.6667,0.368,-1.868,-2.277952,MID,73.7,46.0,
6663,503,C.McKercher,NTH,16,84,24,88.5,0.263,-0.669,-0.725282,DEF,84.4,47.0,25.0
700,142,J.Elliott,COL,15,78,24,63.5333,0.263,-2.687,-2.514998,FWD,63.5,48.0,
4431,368,J.Hogan,GWS,23,78,24,92.3913,0.263,-0.354,-0.07784999999999997,FWD,92.4,48.0,21.5
11245,770,H.Reid,WCE,20,78,24,80.55,0.263,-1.311,-1.0777189999999999,FWD,79.8,48.0,21.5
2088,218,J.Clark,FRE,23,83,24,104.609,0.263,0.634,0.675817,DEF,104.6,48.5,26.5
5977,462,T.Rivers,MEL,23,83,24,85.913,0.263,-0.878,-0.950062,DEF,85.9,48.5,26.5
1670,193,N.Martin,ESS,23,97,24,105.043,0.368,0.669,0.504136,MID,105.0,49.0,40.0
3496,304,M.Blicavs,GEE,22,97,24,68.1818,0.368,-2.312,-2.764272,MID,68.2,49.0,40.0
4587,378,J.Peatling,GWS,17,97,24,65.4706,0.368,-2.531,-3.0046160000000004,MID,65.5,49.0,
5157,410,C.Mackenzie,HAW,20,97,24,60.85,0.368,-2.904,-3.414048,MID,60.8,49.0,40.0
5394,429,N.Watson,HAW,16,97,24,65.5,0.368,-2.528,-3.0016160000000003,MID,65.5,49.0,
5034,403,B.Hardwick,HAW,23,77,24,75.4348,0.263,-1.725,-1.510129,FWD,75.4,50.0,
5586,44,H.Andrews,BRL,22,82,24,83.4091,0.263,-1.08,-1.167579,DEF,83.0,50.0,28.0
3110,282,B.Long,GCS,17,81,24,59.1176,0.263,-3.044,-3.2796480000000003,DEF,59.1,51.5,
7212,525,R.Burton,PTA,13,81,24,71.9231,0.263,-2.009,-2.166537,DEF,71.9,51.5,29.0
4373,363,T.Greene,GWS,22,76,24,79.1364,0.263,-1.426,-1.197716,FWD,79.0,52.5,23.5
7159,523,T.Boak,PTA,20,76,24,78.6,0.263,-1.469,-1.2425570000000001,FWD,78.1,52.5,
8681,622,J.Higgins,STK,20,76,24,70.8,0.263,-2.1,-1.901698,FWD,70.8,52.5,
9165,648,M.Wood,STK,18,76,24,80.1111,0.263,-1.347,-1.115297,FWD,79.0,52.5,23.5
181,108,O.Hollands,CAR,22,96,24,61.8636,0.368,-2.822,-3.3239520000000002,MID,61.9,53.5,
1832,20,R.Laird,ADE,23,96,24,104.13,0.368,0.595,0.42314399999999996,MID,104.1,53.5,42.5
4351,362,T.Green,GWS,23,96,24,106.565,0.368,0.792,0.6389119999999999,MID,106.6,53.5,42.5
5705,45,N.Answerth,BRL,12,80,24,56.9167,0.263,-3.222,-3.4710609999999997,DEF,56.9,53.5,
7198,524,J.Burgoyne,PTA,20,96,24,79.95,0.368,-1.36,-1.72064,MID,79.3,53.5,
11051,758,J.Hunt,WCE,20,80,24,66.65,0.263,-2.435,-2.624623,DEF,66.6,53.5,
9607,671,J.Lloyd,SYD,23,79,24,82.4783,0.263,-1.155,-1.248365,DEF,82.5,55.0,30.0
2065,217,H.Chapman,FRE,16,78,24,70.6875,0.263,-2.109,-2.273901,DEF,70.7,56.0,
1101,165,J.Richards,COL,9,74,24,57.3333,0.263,-3.189,-3.0390900000000003,FWD,57.3,56.5,
2239,228,N.Fyfe,FRE,22,74,24,69.1818,0.263,-2.231,-2.038484,FWD,69.2,56.5,25.5
3448,302,T.Atkins,GEE,20,95,24,80.1,0.368,-1.348,-1.7075360000000002,MID,79.4,56.5,44.5
6100,47,Z.Bailey,BRL,18,74,24,70.5,0.263,-2.124,-1.9267500000000002,FWD,70.5,56.5,25.5
7362,535,M.Georgiades,PTA,17,74,24,70.1765,0.263,-2.15,-1.954065,FWD,70.2,56.5,
9561,67,H.McCluggage,BRL,23,95,24,98.087,0.368,0.107,-0.112328,MID,98.1,56.5,44.5
812,147,J.Howe,COL,19,77,24,81.0526,0.263,-1.271,-1.3727809999999998,DEF,80.0,59.0,
2729,26,L.Nankervis,ADE,20,77,24,71.0,0.263,-2.084,-2.2470600000000003,DEF,71.0,59.0,
4454,369,C.Idun,GWS,23,77,24,85.0,0.263,-0.952,-1.029585,DEF,85.0,59.0,31.5
5033,403,B.Hardwick,HAW,23,77,24,75.4348,0.263,-1.725,-1.8609710000000002,DEF,75.4,59.0,
6489,488,Z.Fisher,NTH,18,73,24,85.0,0.263,-0.952,-0.702413,FWD,82.8,59.0,27.0
11425,779,E.Yeo,WCE,20,77,24,104.8,0.263,0.65,0.692869,DEF,100.9,59.0,31.5
487,131,E.Allan,COL,2,94,24,60.0,0.368,-2.973,-3.4893039999999997,MID,60.0,59.5,
2610,255,H.Young,FRE,23,94,24,101.348,0.368,0.37,0.17643199999999998,MID,101.3,59.5,47.0
6404,483,L.Davies-Uniacke,NTH,23,94,24,109.13,0.368,1.0,0.866784,MID,109.1,59.5,47.0
7383,536,J.Horne-Francis,PTA,21,94,24,99.6667,0.368,0.234,0.027184000000000014,MID,97.5,59.5,47.0
5850,457,A.Neal-Bullen,MEL,23,72,24,85.087,0.263,-0.945,-0.69515,FWD,85.1,60.5,28.5
10920,75,C.Rayner,BRL,23,72,24,78.4348,0.263,-1.482,-1.256346,FWD,78.4,60.5,28.5
3551,306,T.Bruhn,GEE,15,93,24,73.0667,0.368,-1.917,-2.331368,MID,73.1,62.0,
437,127,J.Weitering,CAR,21,76,24,77.0,0.263,-1.598,-1.7247660000000002,DEF,76.8,62.5,
2999,276,N.Holman,GCS,21,71,24,53.8095,0.263,-3.474,-3.336977,FWD,53.8,62.5,
7118,522,M.Bergman,PTA,23,76,24,77.6087,0.263,-1.549,-1.671821,DEF,77.6,62.5,
9650,675,L.McDonald,SYD,23,71,24,62.7391,0.263,-2.752,-2.5826279999999997,FWD,62.7,62.5,
9099,646,D.Wilson,STK,23,91,24,65.3043,0.368,-2.544,-3.019088,MID,65.3,63.0,
4492,371,L.Keeffe,GWS,3,70,24,47.6667,0.263,-3.97,-3.8553319999999998,FWD,47.7,64.0,
4799,390,K.Amon,HAW,23,75,24,91.6522,0.263,-0.414,-0.451083,DEF,91.7,64.0,33.0
1625,191,J.Laverde,ESS,21,74,24,67.3333,0.263,-2.38,-2.565415,DEF,67.3,65.0,
2977,275,W.Graham,GCS,17,90,24,63.4118,0.368,-2.697,-3.186808,MID,63.4,65.5,
3279,295,A.Sexton,GCS,15,69,24,74.6,0.263,-1.793,-1.581022,FWD,74.6,65.5,30.0
3929,330,S.Mannagh,GEE,10,90,24,75.2,0.368,-1.744,-2.141808,MID,75.1,65.5,
4267,354,F.Callaghan,GWS,22,90,24,81.9545,0.368,-1.198,-1.5431840000000001,MID,81.7,65.5,49.0
5179,411,F.Maginness,HAW,11,69,24,48.0,0.263,-3.943,-3.827017,FWD,48.0,65.5,
10710,735,B.Williams,WBD,23,90,24,76.9565,0.368,-1.602,-1.986192,MID,77.0,65.5,
6488,488,Z.Fisher,NTH,18,73,24,85.0,0.263,-0.952,-1.029585,DEF,82.8,66.5,34.0
9751,678,L.Melican,SYD,21,73,24,52.4286,0.263,-3.585,-3.8614129999999998,DEF,52.4,66.5,
3153,283,J.Lukosius,GCS,21,68,24,67.381,0.263,-2.376,-2.190059,FWD,67.4,67.5,
10224,708,H.Gallagher,WBD,19,68,24,46.1053,0.263,-4.097,-3.9875920000000002,FWD,46.1,67.5,
2524,250,C.Wagner,FRE,12,71,24,63.3333,0.263,-2.704,-2.9138740000000003,DEF,63.3,68.0,
8033,581,J.Hopper,RIC,12,89,24,80.8333,0.368,-1.288,-1.642016,MID,78.0,68.5,50.5
8977,640,J.Steele,STK,23,89,24,108.609,0.368,0.958,0.8207359999999999,MID,108.6,68.5,50.5
587,136,J.Crisp,COL,23,70,24,87.1739,0.263,-0.776,-0.840435,DEF,87.2,69.5,35.5
1802,199,A.Perkins,ESS,18,66,24,64.6111,0.263,-2.6,-2.4240530000000002,FWD,64.6,69.5,
3199,289,W.Powell,GCS,18,70,24,88.5556,0.263,-0.664,-0.7200190000000001,DEF,85.6,69.5,35.5
7051,52,J.Daniher,BRL,23,66,24,83.913,0.263,-1.039,-0.7936209999999999,FWD,83.9,69.5,31.0
11487,793,C.Lord,CAR,2,88,24,78.5,0.368,-1.477,-1.849048,MID,75.3,70.0,
246,110,M.Kennedy,CAR,23,65,24,76.913,0.263,-1.605,-1.384869,FWD,76.9,71.0,
3280,295,A.Sexton,GCS,15,69,24,74.6,0.263,-1.793,-1.933968,DEF,74.6,71.0,37.0
11138,762,T.Kelly,WCE,20,87,24,95.45,0.368,-0.107,-0.34656800000000004,MID,92.8,71.0,52.0
8907,638,C.Sharman,STK,18,64,24,56.3333,0.263,-3.27,-3.123772,FWD,56.3,72.0,
1340,178,S.Durham,ESS,22,86,24,89.5,0.368,-0.588,-0.874304,MID,88.9,73.0,
3152,283,J.Lukosius,GCS,21,68,24,67.381,0.263,-2.376,-2.561152,DEF,67.4,73.0,
5329,423,J.Scrimshaw,HAW,22,68,24,82.0,0.263,-1.194,-1.289995,DEF,81.7,73.0,38.0
6632,502,L.McDonald,NTH,22,68,24,66.3636,0.263,-2.459,-2.650201,DEF,66.4,73.0,
7989,577,J.Graham,RIC,14,86,24,69.7857,0.368,-2.182,-2.622128,MID,69.8,73.0,
10038,7,M.Crouch,ADE,15,86,24,105.533,0.368,0.709,0.547816,MID,94.9,73.0,53.0
7530,547,J.Mead,PTA,23,63,24,61.0435,0.263,-2.889,-2.72594,FWD,61.0,73.5,
7604,551,W.Rioli,PTA,17,63,24,60.6471,0.263,-2.921,-2.759255,FWD,60.6,73.5,
34,10,B.Dowling,ADE,9,62,24,66.7778,0.263,-2.425,-2.241163,FWD,66.8,75.0,
4507,372,J.Kelly,GWS,15,85,24,99.9333,0.368,0.256,0.051024,MID,91.3,76.0,54.5
5516,434,J.Billings,MEL,16,85,24,57.625,0.368,-3.165,-3.700072,MID,57.6,76.0,54.5
8584,612,H.Clark,STK,11,85,24,76.4545,0.368,-1.643,-2.030872,MID,75.7,76.0,
1557,189,J.Kelly,ESS,20,67,24,62.95,0.263,-2.735,-2.946978,DEF,63.0,77.0,
2154,224,J.Draper,FRE,20,67,24,49.65,0.263,-3.81,-4.103245,DEF,49.6,77.0,
2778,263,C.Budarick,GCS,8,67,24,63.375,0.263,-2.7,-2.909611,DEF,63.4,77.0,39.0
4520,376,T.McMullin,GWS,13,61,24,43.7692,0.263,-4.286,-4.185008,FWD,43.8,77.0,
7814,565,J.Bauer,RIC,3,61,24,57.3333,0.263,-3.189,-3.0390900000000003,FWD,57.3,77.0,
9288,654,B.Campbell,SYD,20,67,24,50.05,0.263,-3.778,-4.068878,DEF,50.1,77.0,
10140,705,T.Duryea,WBD,21,67,24,60.1905,0.263,-2.958,-3.187073,DEF,60.2,77.0,
10186,707,J.Freijah,WBD,12,61,24,68.75,0.263,-2.266,-2.075062,FWD,68.8,77.0,
6664,503,C.McKercher,NTH,16,84,24,88.5,0.368,-0.669,-0.9630319999999999,MID,84.4,78.5,56.5
10583,730,A.Treloar,WBD,22,84,24,116.591,0.368,1.603,1.527928,MID,114.8,78.5,56.5
2821,265,S.Clohesy,GCS,20,66,24,69.7,0.263,-2.189,-2.35995,DEF,69.7,80.5,
10797,744,T.Cole,WCE,23,66,24,67.1304,0.263,-2.397,-2.58373,DEF,67.1,80.5,
1318,177,S.Draper,ESS,16,60,24,75.9375,0.263,-1.684,-1.467288,FWD,75.7,81.0,32.5
4245,353,A.Cadman,GWS,21,60,24,47.7143,0.263,-3.967,-3.851806,FWD,47.7,81.0,
5821,455,J.Melksham,MEL,8,60,24,51.0,0.263,-3.701,-3.5739710000000002,FWD,51.0,81.0,
9225,650,J.Amartey,SYD,22,60,24,55.5455,0.263,-3.333,-3.189928,FWD,55.5,81.0,
9537,667,J.Jordon,SYD,23,60,24,67.8696,0.263,-2.337,-2.1492180000000003,FWD,67.9,81.0,32.5
17,1,S.Berry,ADE,18,83,24,63.6111,0.368,-2.681,-3.1693360000000004,MID,63.6,82.0,
159,107,E.Hollands,CAR,21,83,24,75.1429,0.368,-1.749,-2.147176,MID,75.1,82.0,
2441,243,J.Sharp,FRE,23,83,24,69.9565,0.368,-2.168,-2.606656,MID,70.0,82.0,
8753,626,Z.Jones,STK,13,83,24,60.9231,0.368,-2.898,-3.407312,MID,60.9,82.0,
9202,649,T.Adams,SYD,19,83,24,68.6842,0.368,-2.271,-2.719592,MID,68.7,82.0,58.0
2120,220,B.Cox,FRE,9,65,24,65.1111,0.263,-2.56,-2.759091,DEF,65.1,82.5,40.0
8556,61,R.Lester,BRL,23,65,24,71.3913,0.263,-2.052,-2.212693,DEF,71.4,82.5,
7919,569,S.Campbell,RIC,21,59,24,50.2381,0.263,-3.762,-3.637864,FWD,50.2,84.0,
4607,379,H.Perryman,GWS,19,64,24,77.4737,0.263,-1.56,-1.68361,DEF,77.0,84.5,
6358,481,A.Corr,NTH,23,64,24,64.3478,0.263,-2.622,-2.8255619999999997,DEF,64.3,84.5,
6678,505,W.Phillips,NTH,11,82,24,62.4545,0.368,-2.775,-3.272168,MID,62.5,85.0,
953,155,B.McCreery,COL,17,58,24,53.8824,0.263,-3.468,-3.330714,FWD,53.9,85.5,
2858,267,A.Davies,GCS,7,58,24,68.7143,0.263,-2.268,-2.0773249999999996,FWD,68.7,85.5,
936,154,B.Maynard,COL,23,63,24,78.0,0.263,-1.518,-1.638191,DEF,78.0,86.0,41.0
1766,198,D.Parish,ESS,12,81,24,89.3333,0.368,-0.601,-0.888776,MID,82.5,86.0,59.0
11052,758,J.Hunt,WCE,20,80,24,66.65,0.368,-2.435,-2.899784,MID,66.6,87.0,
793,146,W.Hoskin-Elliott,COL,20,62,24,65.6,0.263,-2.52,-2.716198,DEF,65.6,87.5,
7073,520,A.Aliir,PTA,22,62,24,75.3182,0.263,-1.734,-1.8710229999999999,DEF,75.3,87.5,
8724,623,B.Hill,STK,22,57,24,72.0909,0.263,-1.995,-1.792227,FWD,72.1,88.5,
10367,718,R.Lobb,WBD,15,57,24,69.9333,0.263,-2.17,-1.9748539999999999,FWD,69.9,88.5,
10820,745,J.Cripps,WCE,23,57,24,74.2174,0.263,-1.823,-1.6126,FWD,74.2,88.5,
10854,748,T.Dewar,WCE,7,57,24,34.2857,0.263,-5.052,-4.985461,FWD,34.3,88.5,
2316,237,N.O'Driscoll,FRE,2,79,24,52.5,0.368,-3.58,-4.154816,MID,52.5,89.0,
2338,238,J.O'Meara,FRE,22,79,24,65.2273,0.368,-2.55,-3.025824,MID,65.2,89.0,
9608,671,J.Lloyd,SYD,23,79,24,82.4783,0.368,-1.155,-1.496136,MID,82.5,89.0,60.0
6415,484,K.Dawson,NTH,11,61,24,52.4545,0.263,-3.583,-3.8594130000000004,DEF,52.5,89.5,
7707,561,B.Zerk-Thatcher,PTA,23,61,24,64.087,0.263,-2.643,-2.84814,DEF,64.1,89.5,
4477,37,J.Soligo,ADE,23,78,24,83.1304,0.368,-1.103,-1.438984,MID,83.1,92.0,
7624,552,C.Rozee,PTA,20,78,24,98.25,0.368,0.12,-0.09822399999999999,MID,95.2,92.0,61.5
11244,770,H.Reid,WCE,20,78,24,80.55,0.368,-1.311,-1.667224,MID,79.8,92.0,61.5
485,130,L.Young,CAR,8,60,24,63.125,0.263,-2.72,-2.9311890000000003,DEF,63.1,92.5,
541,135,M.Cox,COL,16,56,24,57.125,0.263,-3.206,-3.056879,FWD,57.1,92.5,
3077,281,S.Lemmens,GCS,3,60,24,55.0,0.263,-3.377,-3.6378959999999996,DEF,55.0,92.5,
7880,567,N.Broad,RIC,22,60,24,67.1364,0.263,-2.396,-2.5827299999999997,DEF,67.1,92.5,
8464,606,J.Battle,STK,23,60,24,84.3043,0.263,-1.008,-1.0900560000000001,DEF,84.3,92.5,
8832,631,T.Membrey,STK,19,56,24,63.4211,0.263,-2.696,-2.524524,FWD,63.4,92.5,
11199,767,J.Petruccelle,WCE,16,56,24,50.625,0.263,-3.731,-3.605549,FWD,50.6,92.5,
11461,784,P.Voss,FRE,7,56,24,46.1429,0.263,-4.094,-3.984592,FWD,46.1,92.5,
2730,26,L.Nankervis,ADE,20,77,24,71.0,0.368,-2.084,-2.5145600000000004,MID,71.0,94.5,
11426,779,E.Yeo,WCE,20,77,24,104.8,0.368,0.65,0.482928,MID,100.9,94.5,63.0
8295,595,M.Rioli,RIC,9,55,24,54.6667,0.263,-3.404,-3.2640839999999995,FWD,54.7,95.0,
1006,16,M.Hinge,ADE,22,59,24,93.4545,0.263,-0.268,-0.294037,DEF,92.7,96.0,42.0
2543,251,B.Walker,FRE,19,59,24,61.1053,0.263,-2.884,-3.107287,DEF,61.1,96.0,
2753,260,C.Ballard,GCS,23,59,24,63.8261,0.263,-2.664,-2.870718,DEF,63.8,96.0,
4988,402,J.Gunston,HAW,16,54,24,59.0,0.263,-3.054,-2.8983039999999995,FWD,59.0,97.0,
6381,482,P.Curtis,NTH,23,54,24,59.0435,0.263,-3.05,-2.894304,FWD,59.0,97.0,
7119,522,M.Bergman,PTA,23,76,24,77.6087,0.368,-1.549,-1.92804,MID,77.6,97.0,
7158,523,T.Boak,PTA,20,76,24,78.6,0.368,-1.469,-1.840312,MID,78.1,97.0,
8157,588,B.Miller,RIC,21,54,24,72.8095,0.263,-1.937,-1.731597,FWD,72.8,97.0,
9164,648,M.Wood,STK,18,76,24,80.1111,0.368,-1.347,-1.7065359999999998,MID,79.0,97.0,64.0
9053,645,C.Wilkie,STK,23,58,24,91.7391,0.263,-0.407,-0.443557,DEF,91.7,98.5,43.0
11511,8,D.Curtin,ADE,7,58,24,32.7143,0.263,-5.179,-5.575867000000001,DEF,32.7,98.5,
4798,390,K.Amon,HAW,23,75,24,91.6522,0.368,-0.414,-0.683376,MID,91.7,99.0,65.0
1235,173,J.Caldwell,ESS,23,53,24,93.9565,0.263,-0.227,0.054673,FWD,94.0,99.5,34.0
10250,71,L.Morris,BRL,15,53,24,53.7333,0.263,-3.48,-3.34324,FWD,53.7,99.5,
5300,42,J.Worrell,ADE,13,56,24,85.0,0.263,-0.952,-1.029585,DEF,80.7,100.5,
9901,69,C.McKenna,BRL,14,56,24,56.0,0.263,-3.297,-3.551584,DEF,56.0,100.5,
2238,228,N.Fyfe,FRE,22,74,24,69.1818,0.368,-2.231,-2.675544,MID,69.2,101.0,66.5
4753,39,Z.Taylor,ADE,9,74,24,43.6667,0.368,-4.294,-4.937632,MID,43.7,101.0,
6101,47,Z.Bailey,BRL,18,74,24,70.5,0.368,-2.124,-2.558608,MID,70.5,101.0,66.5
7781,563,N.Balta,RIC,19,52,24,62.1579,0.263,-2.799,-2.631732,FWD,62.2,101.0,
9030,644,J.Webster,STK,15,54,24,61.7333,0.263,-2.833,-3.0526050000000002,DEF,61.7,102.0,
5676,448,E.Langdon,MEL,22,73,24,80.2273,0.368,-1.337,-1.6957999999999998,MID,80.0,103.0,
1092,164,I.Quaynor,COL,23,53,24,58.5217,0.263,-3.093,-3.3320670000000003,DEF,58.5,103.5,44.0
2458,246,S.Sturt,FRE,13,51,24,53.0,0.263,-3.539,-3.40487,FWD,53.0,103.5,
2687,258,M.Andrew,GCS,20,53,24,73.65,0.263,-1.869,-2.016017,DEF,73.6,103.5,
4914,398,C.Dear,HAW,15,51,24,51.2,0.263,-3.685,-3.557182,FWD,51.2,103.5,
6139,471,D.Turner,MEL,15,51,24,43.5333,0.263,-4.305,-4.204796999999999,FWD,43.5,103.5,
7485,545,J.McEntee,PTA,13,51,24,37.2308,0.263,-4.814,-4.736678,FWD,37.2,103.5,
10921,75,C.Rayner,BRL,23,72,24,78.4348,0.368,-1.482,-1.854784,MID,78.4,104.0,68.0
588,136,J.Crisp,COL,23,70,24,87.1739,0.368,-0.776,-1.080336,MID,87.2,105.0,69.0
7780,563,N.Balta,RIC,19,52,24,62.1579,0.263,-2.799,-3.015975,DEF,62.2,105.0,
5178,411,F.Maginness,HAW,11,69,24,48.0,0.368,-3.943,-4.553144,MID,48.0,106.0,
4937,399,S.Frost,HAW,23,51,24,48.7391,0.263,-3.884,-4.182768,DEF,48.7,106.5,
6138,471,D.Turner,MEL,15,51,24,43.5333,0.263,-4.305,-4.635591,DEF,43.5,106.5,
8855,633,M.Owens,STK,23,50,24,63.8261,0.263,-2.664,-2.4906829999999998,FWD,63.8,106.5,35.0
11367,777,J.Williams,WCE,18,50,24,53.5,0.263,-3.499,-3.363029,FWD,53.5,106.5,
4710,386,C.Ward,GWS,18,68,24,77.3889,0.368,-1.567,-1.94788,MID,76.9,108.0,70.0
7333,533,K.Farrell,PTA,22,50,24,82.5909,0.263,-1.146,-1.238576,DEF,82.3,108.0,45.0
8533,609,R.Byrnes,STK,15,68,24,60.4,0.368,-2.941,-3.4543600000000003,MID,60.4,108.0,
10223,708,H.Gallagher,WBD,19,68,24,46.1053,0.368,-4.097,-4.721864,MID,46.1,108.0,
4816,393,L.Breust,HAW,17,49,24,40.8824,0.263,-4.519,-4.428528,FWD,40.9,109.0,
6707,506,T.Pink,NTH,15,49,24,38.8667,0.263,-4.682,-5.040995000000001,DEF,38.9,109.0,
6708,506,T.Pink,NTH,15,49,24,38.8667,0.263,-4.682,-4.598892,FWD,38.9,109.0,
7857,566,S.Bolton,RIC,22,49,24,77.2273,0.263,-1.58,-1.358554,FWD,77.1,109.0,36.0
1558,189,J.Kelly,ESS,20,67,24,62.95,0.368,-2.735,-3.2281199999999997,MID,63.0,110.5,
9287,654,B.Campbell,SYD,20,67,24,50.05,0.368,-3.778,-4.371952,MID,50.1,110.5,
3879,326,L.Humphries,GEE,9,47,24,77.6667,0.263,-1.545,-1.667295,DEF,76.0,111.0,
10930,750,H.Edwards,WCE,9,47,24,55.8889,0.263,-3.306,-3.56111,DEF,55.9,111.0,
11760,94,A.Cincotta,CAR,16,47,24,48.9375,0.263,-3.868,-4.165716,DEF,48.9,111.0,
81,104,O.Fantasia,CAR,14,48,24,39.9286,0.263,-4.596,-4.508947,FWD,39.9,112.5,
1412,181,J.Gresham,ESS,22,48,24,59.0909,0.263,-3.047,-2.890778,FWD,59.1,112.5,38.0
6753,507,T.Powell,NTH,23,48,24,80.1739,0.263,-1.342,-1.1100340000000002,FWD,80.2,112.5,38.0
10455,721,A.Naughton,WBD,19,48,24,70.5789,0.263,-2.118,-1.9204869999999998,FWD,70.6,112.5,38.0
1801,199,A.Perkins,ESS,18,66,24,64.6111,0.368,-2.6,-3.080608,MID,64.6,113.0,
2820,265,S.Clohesy,GCS,20,66,24,69.7,0.368,-2.189,-2.629496,MID,69.7,113.0,
5531,435,J.Bowey,MEL,14,45,24,62.7143,0.263,-2.754,-2.9675559999999996,DEF,62.7,113.0,
11661,89,J.Binns,CAR,3,66,24,45.3333,0.368,-4.159,-4.789752,MID,45.3,113.0,
5652,445,B.Howes,MEL,16,44,24,58.0625,0.263,-3.13,-3.37196,DEF,58.1,114.0,
247,110,M.Kennedy,CAR,23,65,24,76.913,0.368,-1.605,-1.98956,MID,76.9,115.0,
6065,469,K.Tholstrup,MEL,10,47,24,58.0,0.263,-3.135,-2.982723,FWD,58.0,115.5,
8629,617,H.Garcia,STK,8,47,24,45.625,0.263,-4.136,-4.028433,FWD,45.6,115.5,
8302,596,J.Ross,RIC,7,64,24,64.0,0.368,-2.65,-3.135024,MID,64.0,116.0,
1809,2,H.Bond,ADE,7,43,24,46.4286,0.263,-4.071,-4.38397,DEF,46.4,117.0,
3365,3,J.Borlase,ADE,10,43,24,62.3,0.263,-2.787,-3.003186,DEF,62.3,117.0,
7423,539,L.Jones,PTA,18,43,24,53.3889,0.263,-3.508,-3.778364,DEF,53.4,117.0,
7531,547,J.Mead,PTA,23,63,24,61.0435,0.368,-2.889,-3.397208,MID,61.0,117.0,
7587,550,E.Ratugolea,PTA,20,43,24,58.55,0.263,-3.09,-3.329067,DEF,58.6,117.0,
11804,96,L.Cowan,CAR,16,43,24,61.0625,0.263,-2.887,-3.110813,DEF,61.1,117.0,
321,12,D.Fogarty,ADE,23,46,24,67.5217,0.263,-2.365,-2.1785330000000003,FWD,67.5,118.0,
367,122,M.Owies,CAR,23,46,24,53.4783,0.263,-3.5,-3.364292,FWD,53.5,118.0,
10847,747,J.Darling,WCE,21,46,24,55.5714,0.263,-3.331,-3.187665,FWD,55.6,118.0,
35,10,B.Dowling,ADE,9,62,24,66.7778,0.368,-2.425,-2.88868,MID,66.8,119.0,
792,146,W.Hoskin-Elliott,COL,20,62,24,65.6,0.368,-2.52,-2.99288,MID,65.6,119.0,
5241,416,H.Morrison,HAW,10,62,24,54.1,0.368,-3.45,-4.012672,MID,54.1,119.0,
2370,24,L.Murphy,ADE,17,44,24,56.0,0.263,-3.297,-3.1520870000000003,FWD,56.0,121.5,
3628,310,B.Close,GEE,23,44,24,60.9565,0.263,-2.896,-2.7332029999999996,FWD,61.0,121.5,
6526,495,R.Hansen Jr,NTH,6,44,24,34.1667,0.263,-5.062,-4.995724,FWD,34.2,121.5,
7028,519,C.Zurhaar,NTH,22,44,24,69.0,0.263,-2.245,-2.053273,FWD,69.0,121.5,
5933,460,H.Petty,MEL,20,42,24,51.8,0.263,-3.636,-3.916358,DEF,51.8,122.0,
7811,564,S.Banks,RIC,15,42,24,46.8667,0.263,-4.035,-4.34534,DEF,46.9,122.0,
9826,683,D.Rampe,SYD,18,42,24,56.8333,0.263,-3.229,-3.478587,DEF,56.8,122.0,
10468,722,J.O'Donnell,WBD,13,42,24,51.6923,0.263,-3.645,-3.925884,DEF,51.7,122.0,
10875,749,L.Duggan,WCE,21,42,24,86.0952,0.263,-0.863,-0.93401,DEF,85.1,122.0,46.0
4117,343,Z.Tuohy,GEE,17,61,24,65.9412,0.368,-2.493,-2.962936,MID,65.9,123.0,
5485,432,J.Worpel,HAW,23,61,24,87.3043,0.368,-0.765,-1.0686,MID,87.3,123.0,71.0
6891,512,D.Stephens,NTH,16,61,24,48.0,0.368,-3.943,-4.553144,MID,48.0,123.0,
8614,616,P.Dow,STK,10,61,24,60.7,0.368,-2.917,-3.427784,MID,60.7,123.0,
10185,707,J.Freijah,WBD,12,61,24,68.75,0.368,-2.266,-2.713856,MID,68.8,123.0,
1121,167,L.Schultz,COL,20,43,24,60.75,0.263,-2.912,-2.7499919999999998,FWD,60.8,124.5,40.0
8213,591,M.Pickett,RIC,13,43,24,55.0,0.263,-3.377,-3.2357689999999995,FWD,55.0,124.5,
5932,460,H.Petty,MEL,20,42,24,51.8,0.263,-3.636,-3.506341,FWD,51.8,126.0,
9538,667,J.Jordon,SYD,23,60,24,67.8696,0.368,-2.337,-2.791848,MID,67.9,126.0,72.0
7567,55,J.Fletcher,BRL,23,59,24,64.2609,0.368,-2.629,-3.112184,MID,64.3,127.0,
1029,160,D.Moore,COL,23,40,24,74.8261,0.263,-1.774,-1.9139160000000002,DEF,74.8,127.5,47.5
2844,266,S.Collins,GCS,23,40,24,79.0435,0.263,-1.433,-1.547142,DEF,79.0,127.5,
3732,315,M.Duncan,GEE,20,40,24,78.55,0.263,-1.473,-1.590035,DEF,78.1,127.5,47.5
8262,593,H.Ralphsmith,RIC,18,40,24,52.7778,0.263,-3.557,-3.831309,DEF,52.8,127.5,
10020,696,L.Bramble,WBD,23,40,24,72.7391,0.263,-1.943,-2.09554,DEF,72.7,127.5,
10296,714,L.Jones,WBD,20,40,24,70.3,0.263,-2.14,-2.307531,DEF,70.3,127.5,
900,152,F.Macrae,COL,9,41,24,44.1111,0.263,-4.258,-4.155956,FWD,44.1,128.0,
8072,584,R.Mansell,RIC,21,41,24,59.7619,0.263,-2.992,-2.8336740000000002,FWD,59.8,128.0,
10436,720,L.McNeil,WBD,11,41,24,61.6364,0.263,-2.841,-2.6758360000000003,FWD,61.6,128.0,
2857,267,A.Davies,GCS,7,58,24,68.7143,0.368,-2.268,-2.716592,MID,68.7,129.0,
4055,34,L.Sholl,ADE,20,58,24,85.1,0.368,-0.943,-1.263896,MID,83.8,129.0,
11510,8,D.Curtin,ADE,7,58,24,32.7143,0.368,-5.179,-5.9083760000000005,MID,32.7,129.0,
7311,532,F.Evans,PTA,14,40,24,43.2857,0.263,-4.325,-4.225849,FWD,43.3,130.5,
10276,713,A.Jones,WBD,1,40,24,40.0,0.263,-4.59,-4.502684,FWD,40.0,130.5,
8725,623,B.Hill,STK,22,57,24,72.0909,0.368,-1.995,-2.417096,MID,72.1,131.0,
8740,625,D.Howard,STK,15,39,24,59.3333,0.263,-3.027,-3.261333,DEF,59.3,131.0,
201,109,B.Kemp,CAR,20,38,24,70.8,0.263,-2.1,-2.2643750000000002,DEF,70.8,132.0,
11164,765,R.Maric,WCE,19,39,24,41.5263,0.263,-4.467,-4.374160999999999,FWD,41.5,132.0,
6839,510,L.Shiels,NTH,17,55,24,47.2941,0.368,-4.001,-4.616296,MID,47.3,132.5,
8116,587,K.McIntosh,RIC,22,55,24,45.9545,0.368,-4.109,-4.734968,MID,46.0,132.5,
2111,22,M.Michalanney,ADE,23,37,24,65.9565,0.263,-2.491,-2.6850940000000003,DEF,66.0,133.5,
9381,660,A.Francis,SYD,5,37,24,49.6,0.263,-3.814,-4.107771,DEF,49.6,133.5,
1236,173,J.Caldwell,ESS,23,53,24,93.9565,0.368,-0.227,-0.478712,MID,94.0,134.5,73.5
5264,417,C.Nash,HAW,23,53,24,76.4348,0.368,-1.644,-2.03224,MID,76.4,134.5,73.5
292,117,A.Moir,CAR,2,38,24,28.5,0.263,-5.52,-5.474238,FWD,28.5,135.0,
1190,172,N.Caddy,ESS,10,38,24,51.9,0.263,-3.628,-3.497815,FWD,51.9,135.0,
5439,43,C.Ah Chee,BRL,22,38,24,64.4545,0.263,-2.613,-2.437579,FWD,64.5,135.0,
11095,760,H.Johnston,WCE,6,38,24,30.6667,0.263,-5.345,-5.291348,FWD,30.7,135.0,
11731,91,J.Carroll,CAR,15,38,24,41.6667,0.263,-4.456,-4.362635,FWD,41.7,135.0,
1717,195,B.McKay,ESS,23,36,24,67.7391,0.263,-2.347,-2.530048,DEF,67.7,135.5,
8993,641,L.Stocker,STK,16,36,24,52.625,0.263,-3.569,-3.844361,DEF,52.6,135.5,
7297,531,W.Drew,PTA,23,52,24,90.5217,0.368,-0.505,-0.7832079999999999,MID,90.5,136.0,
1880,205,D.Shiel,ESS,9,50,24,76.7778,0.368,-1.616,-2.001664,MID,75.7,137.0,
6800,508,B.Scott,NTH,23,35,24,73.6957,0.263,-1.866,-2.0124910000000003,DEF,73.7,137.0,
3020,277,B.Humphrey,GCS,21,37,24,50.1905,0.263,-3.766,-3.6421270000000003,FWD,50.2,138.0,41.0
4100,342,T.Stewart,GEE,22,33,24,96.6818,0.263,-0.007,-0.013575,DEF,95.7,138.0,49.0
7858,566,S.Bolton,RIC,22,49,24,77.2273,0.368,-1.58,-1.961984,MID,77.1,138.0,75.0
685,140,C.Dean,COL,8,32,24,55.125,0.263,-3.367,-3.6271069999999996,DEF,55.1,139.0,
6754,507,T.Powell,NTH,23,48,24,80.1739,0.368,-1.342,-1.7008,MID,80.2,139.0,76.0
2195,227,M.Frederick,FRE,20,36,24,50.4,0.263,-3.749,-3.624338,FWD,50.4,139.5,
5117,41,T.Walker,ADE,18,36,24,64.4444,0.263,-2.614,-2.438579,FWD,64.4,139.5,42.0
3452,303,J.Bews,GEE,3,31,24,45.6667,0.263,-4.132,-4.449704,DEF,45.7,140.5,
6965,516,D.Tucker,NTH,23,31,24,65.9565,0.263,-2.491,-2.6850940000000003,DEF,66.0,140.5,
3878,326,L.Humphries,GEE,9,47,24,77.6667,0.368,-1.545,-1.923304,MID,76.0,141.0,
8630,617,H.Garcia,STK,8,47,24,45.625,0.368,-4.136,-4.764544000000001,MID,45.6,141.0,
10774,743,C.Chesser,WCE,18,47,24,44.3889,0.368,-4.235,-4.87348,MID,44.4,141.0,
3074,280,B.King,GCS,22,34,24,59.0909,0.263,-3.047,-2.890778,FWD,59.1,141.5,
10604,731,J.Ugle-Hagan,WBD,21,34,24,65.9524,0.263,-2.492,-2.3110559999999998,FWD,66.0,141.5,
5813,454,J.McVee,MEL,23,29,24,70.7826,0.263,-2.101,-2.265375,DEF,70.8,142.0,
8214,591,M.Pickett,RIC,13,43,24,55.0,0.368,-3.377,-3.9326799999999995,MID,55.0,143.0,
1903,206,J.Stringer,ESS,23,33,24,63.1304,0.263,-2.72,-2.549313,FWD,63.1,143.5,
8021,58,E.Hipwood,BRL,20,33,24,64.4,0.263,-2.617,-2.441842,FWD,64.4,143.5,
2512,25,N.Murray,ADE,9,28,24,54.2222,0.263,-3.44,-3.7056299999999998,DEF,54.2,144.5,
5636,444,M.Hore,MEL,6,28,24,51.5,0.263,-3.66,-3.942199,DEF,51.5,144.5,
6253,476,T.Woewodin,MEL,16,28,24,28.3125,0.263,-5.535,-5.958693,DEF,28.3,144.5,
6297,48,J.Berry,BRL,23,42,24,83.3913,0.368,-1.082,-1.4157760000000001,MID,83.4,144.5,
7810,564,S.Banks,RIC,15,42,24,46.8667,0.368,-4.035,-4.653976,MID,46.9,144.5,
8167,59,D.Joyce,BRL,6,28,24,51.0,0.263,-3.701,-3.986092,DEF,51.0,144.5,
4554,377,X.O'Halloran,GWS,17,32,24,52.2353,0.263,-3.601,-3.469763,FWD,52.2,145.5,
9450,665,W.Hayward,SYD,23,32,24,67.3478,0.263,-2.379,-2.193059,FWD,67.3,145.5,
901,152,F.Macrae,COL,9,41,24,44.1111,0.368,-4.258,-4.89832,MID,44.1,146.0,
1174,17,C.Jones,ADE,16,27,24,59.75,0.263,-2.993,-3.224703,DEF,59.8,147.5,
3393,300,L.Weller,GCS,6,27,24,62.1667,0.263,-2.798,-3.014975,DEF,62.2,147.5,
8047,582,J.Koschitzke,RIC,14,31,24,50.5714,0.263,-3.736,-3.6105490000000002,FWD,50.6,147.5,
8263,593,H.Ralphsmith,RIC,18,40,24,52.7778,0.368,-3.557,-4.129976,MID,52.8,147.5,
8518,608,D.Butler,STK,16,31,24,40.1875,0.263,-4.575,-4.487158,FWD,40.2,147.5,
10019,696,L.Bramble,WBD,23,40,24,72.7391,0.368,-1.943,-2.359944,MID,72.7,147.5,
10746,740,R.Bazzo,WCE,1,25,24,25.0,0.263,-5.803,-6.246681,DEF,25.0,149.0,
1518,188,H.Jones,ESS,21,30,24,56.9048,0.263,-3.223,-3.074931,FWD,56.9,149.5,
6160,472,J.van Rooyen,MEL,21,30,24,61.4286,0.263,-2.858,-2.693362,FWD,61.4,149.5,
4385,366,N.Haynes,GWS,8,23,24,69.875,0.263,-2.175,-2.3448979999999997,DEF,69.9,150.0,
5438,43,C.Ah Chee,BRL,22,38,24,64.4545,0.368,-2.613,-3.0947120000000004,MID,64.5,150.0,
11096,760,H.Johnston,WCE,6,38,24,30.6667,0.368,-5.345,-6.090199999999999,MID,30.7,150.0,
11732,91,J.Carroll,CAR,15,38,24,41.6667,0.368,-4.456,-5.115456,MID,41.7,150.0,
11012,757,B.Hough,WCE,23,18,24,62.5652,0.263,-2.766,-2.980608,DEF,62.6,151.0,
5682,449,B.Laurie,MEL,6,29,24,31.5,0.263,-5.278,-5.221192,FWD,31.5,151.5,
10721,736,O.Allen,WCE,11,29,24,55.4545,0.263,-3.341,-3.197928,FWD,55.5,151.5,
10649,732,L.Vandermeer,WBD,23,16,24,48.1739,0.263,-3.929,-4.23145,DEF,48.2,152.0,
10989,755,C.Hall,WCE,3,37,24,34.3333,0.368,-5.049,-5.765496000000001,MID,34.3,152.0,
6252,476,T.Woewodin,MEL,16,28,24,28.3125,0.263,-5.535,-5.490027,FWD,28.3,153.0,
6268,477,J.Archer,NTH,15,13,24,46.0,0.263,-4.105,-4.4206,DEF,46.0,153.0,
6799,508,B.Scott,NTH,23,35,24,73.6957,0.368,-1.866,-2.2755840000000003,MID,73.7,153.5,
9293,655,C.Cleary,SYD,5,35,24,28.8,0.368,-5.496,-6.25592,MID,28.8,153.5,
298,119,J.Motlop,CAR,6,27,24,39.3333,0.263,-4.644,-4.5593140000000005,FWD,39.3,154.0,
9367,659,R.Fox,SYD,16,5,24,49.4375,0.263,-3.827,-4.121823,DEF,49.4,154.0,
6183,474,J.Viney,MEL,23,34,24,88.0,0.368,-0.709,-1.00708,MID,88.0,155.0,77.0
66,102,C.Durdin,CAR,13,26,24,38.7692,0.263,-4.69,-4.6071550000000006,FWD,38.8,155.5,
4489,370,D.Jones,GWS,12,26,24,65.1667,0.263,-2.555,-2.377212,FWD,65.2,155.5,
4553,377,X.O'Halloran,GWS,17,32,24,52.2353,0.368,-3.601,-4.178024,MID,52.2,156.0,
2004,213,J.Amiss,FRE,22,24,24,54.2727,0.263,-3.436,-3.2973989999999995,FWD,54.3,157.0,
4280,355,S.Coniglio,GWS,13,31,24,79.3846,0.368,-1.406,-1.771056,MID,77.5,157.5,78.0
6964,516,D.Tucker,NTH,23,31,24,65.9565,0.368,-2.491,-2.961304,MID,66.0,157.5,
5609,441,B.Fritsch,MEL,23,21,24,54.6087,0.263,-3.409,-3.2690839999999994,FWD,54.6,158.0,
1496,186,B.Hobbs,ESS,12,19,24,48.75,0.263,-3.883,-3.7641240000000002,FWD,48.8,159.0,
10986,754,R.Ginbey,WCE,23,30,24,69.3913,0.368,-2.214,-2.6570720000000003,MID,69.4,159.0,
4692,385,H.Thomas,GWS,22,18,24,52.2273,0.263,-3.602,-3.4705,FWD,52.2,160.0,
1175,17,C.Jones,ADE,16,27,24,59.75,0.368,-2.993,-3.5115119999999997,MID,59.8,160.5,
2313,231,M.Johnson,FRE,19,27,24,63.3684,0.368,-2.701,-3.1911760000000005,MID,63.4,160.5,
2560,252,M.Walters,FRE,17,17,24,43.9412,0.263,-4.272,-4.170482,FWD,43.9,161.0,
3220,291,J.Rogers,GCS,9,22,24,39.0,0.368,-4.671,-5.351432,MID,39.0,162.0,
10650,732,L.Vandermeer,WBD,23,16,24,48.1739,0.263,-3.929,-3.812491,FWD,48.2,162.0,
1497,186,B.Hobbs,ESS,12,19,24,48.75,0.368,-3.883,-4.487256,MID,48.8,163.0,
6552,498,N.Larkey,NTH,23,14,24,60.9565,0.263,-2.896,-2.7332029999999996,FWD,61.0,163.0,
4691,385,H.Thomas,GWS,22,18,24,52.2273,0.368,-3.602,-4.179024,MID,52.2,164.0,
6427,486,B.Drury,NTH,6,12,24,38.8333,0.263,-4.685,-4.601891999999999,FWD,38.8,164.0,
4203,351,C.Brown,GWS,13,11,24,49.1538,0.263,-3.85,-3.729809,FWD,49.2,165.0,
11485,79,H.Sharp,BRL,6,6,24,39.0,0.368,-4.671,-5.351432,MID,39.0,165.0,
1425,182,M.Guelfi,ESS,13,10,24,71.3846,0.263,-2.053,-1.8525939999999999,FWD,71.4,166.0,
9368,659,R.Fox,SYD,16,5,24,49.4375,0.263,-3.827,-3.705757,FWD,49.4,167.0,
