,player_id,feed_id,first_name,last_name,team,position,round,points,price,total_points,games,total_games,price_change,total_price_change,last_position,round_position,minutes_played,total_minutes_played,updated_at,kicks,total_kicks,handballs,total_handballs,marks,total_marks,tackles,total_tackles,freekicks_for,total_freekicks_for,freekicks_against,total_freekicks_against,hitouts,total_hitouts,goals,total_goals,behinds,total_behinds,avg5,own_raw,avg,avg3,opp,oppavg,opph,opp1,opp1h,opp2,opp2h,opp3,opp3h,ven,venavg,ven1,ven2,ven3,owned,points_per_min,total_points_per_min,mvp_value,position_change
0,695,297373,Marcus,Bontempelli,WBD,41,21,151,687700,1934,1,15,19200,6700,55,6,99,1536,2025-08-03T10:13:45+10:00,14,206,13,184,5,66,3,81,2,23,0,-12,0,0,0,17,0,14,150.6,4839,128.933,148.667,GWS,111.706,0,"{'id': 10, 'abbrev': 'MEL', 'name': 'Melbourne'}",1,"{'id': 16, 'abbrev': 'WCE', 'name': 'West Coast'}",0,"{'id': 6, 'abbrev': 'FRE', 'name': 'Fremantle'}",0,Docklands Stadium,113.015,"{'id': 13, 'name': 'Melbourne Cricket Ground', 'display_name': 'MCG', 'short_name': 'MCG', 'abbrev': 'MCG'}","{'id': 7, 'name': 'Docklands Stadium', 'display_name': 'Marvel Stadium', 'short_name': 'Marvel', 'abbrev': 'MARV'}","{'id': 7, 'name': 'Docklands Stadium', 'display_name': 'Marvel Stadium', 'short_name': 'Marvel', 'abbrev': 'MARV'}",99.4247,1.5252525252525253,1.2591145833333333,5333.7780087332185,14
0,441,290528,Max,Gawn,MEL,2,21,131,608500,2507,1,20,23300,-60400,1,19,112,2180,2025-08-03T10:13:45+10:00,8,202,13,202,8,113,1,44,3,46,-1,-34,29,724,1,5,0,14,119.2,4852,125.35,135.0,WCE,112.5,0,"{'id': 15, 'abbrev': 'WBD', 'name': 'Western Bulldogs'}",0,"{'id': 8, 'abbrev': 'HAW', 'name': 'Hawthorn'}",1,"{'id': 4, 'abbrev': 'COL', 'name': 'Collingwood'}",1,Docklands Stadium,109.593,"{'id': 13, 'name': 'Melbourne Cricket Ground', 'display_name': 'MCG', 'short_name': 'MCG', 'abbrev': 'MCG'}","{'id': 13, 'name': 'Melbourne Cricket Ground', 'display_name': 'MCG', 'short_name': 'MCG', 'abbrev': 'MCG'}","{'id': 13, 'name': 'Melbourne Cricket Ground', 'display_name': 'MCG', 'short_name': 'MCG', 'abbrev': 'MCG'}",99.6918,1.1696428571428572,1.15,4854.407658556043,-1
0,529,1006121,Zak,Butters,PTA,36,21,45,565700,1974,1,17,-46500,-83200,31,319,98,1800,2025-08-03T10:13:46+10:00,4,222,6,244,0,54,2,83,2,28,0,-20,0,0,0,1,0,4,106.0,4828,116.118,87.6667,GEE,89.0,1,"{'id': 6, 'abbrev': 'FRE', 'name': 'Fremantle'}",0,"{'id': 3, 'abbrev': 'CAR', 'name': 'Carlton'}",1,"{'id': 17, 'abbrev': 'GCS', 'name': 'Gold Coast'}",0,Kardinia Park,111.75,"{'id': 1, 'name': 'Adelaide Oval', 'display_name': 'Adelaide Oval', 'short_name': 'Adelaide', 'abbrev': 'AO'}","{'id': 7, 'name': 'Docklands Stadium', 'display_name': 'Marvel Stadium', 'short_name': 'Marvel', 'abbrev': 'MARV'}","{'id': 1, 'name': 'Adelaide Oval', 'display_name': 'Adelaide Oval', 'short_name': 'Adelaide', 'abbrev': 'AO'}",99.1987,0.45918367346938777,1.0966666666666667,4871.768373551043,-5
0,75,293535,Lachie,Neale,BRL,21,21,142,536400,2119,1,20,13800,-109500,25,10,108,2157,2025-08-03T10:13:45+10:00,16,266,20,275,4,79,3,75,0,15,0,-18,0,0,0,7,0,4,116.4,4802,105.95,115.333,COL,99.7222,1,"{'id': 14, 'abbrev': 'SYD', 'name': 'Sydney'}",0,"{'id': 6, 'abbrev': 'FRE', 'name': 'Fremantle'}",1,"{'id': 8, 'abbrev': 'HAW', 'name': 'Hawthorn'}",0,Melbourne Cricket Ground,108.56,"{'id': 4, 'name': 'Brisbane Cricket Ground', 'display_name': 'Gabba', 'short_name': 'Gabba', 'abbrev': 'G'}","{'id': 53, 'name': 'Perth Stadium', 'display_name': 'Optus Stadium', 'short_name': 'Optus', 'abbrev': 'OS'}","{'id': 4, 'name': 'Brisbane Cricket Ground', 'display_name': 'Gabba', 'short_name': 'Gabba', 'abbrev': 'G'}",98.6645,1.3148148148148149,0.9823829392675012,5062.7654554034925,4
0,518,1004965,Tristan,Xerri,NTH,27,21,0,573500,2065,0,17,0,-72400,19,413,0,1827,2025-08-03T10:13:46+10:00,0,105,0,182,0,29,0,95,0,37,0,-32,0,587,0,4,0,0,95.6,4771,121.471,98.0,STK,82.6667,1,"{'id': 18, 'abbrev': 'GWS', 'name': 'GWS Giants'}",1,"{'id': 12, 'abbrev': 'RIC', 'name': 'Richmond'}",0,"{'id': 1, 'abbrev': 'ADE', 'name': 'Adelaide'}",0,Docklands Stadium,98.4194,"{'id': 11, 'name': 'Manuka Oval', 'display_name': 'Manuka Oval', 'short_name': 'Manuka', 'abbrev': 'MO'}","{'id': 226, 'name': 'Ninja Stadium', 'display_name': 'Ninja Stadium', 'short_name': 'Ninja', 'abbrev': 'NIN'}","{'id': 7, 'name': 'Docklands Stadium', 'display_name': 'Marvel Stadium', 'short_name': 'Marvel', 'abbrev': 'MARV'}",98.0275,,1.1302681992337165,4721.291501675297,-8
0,272,1009260,Sam,Flanders,GCS,181,21,47,392100,1338,1,18,-9600,-249400,176,314,91,1843,2025-08-03T10:13:46+10:00,7,150,8,202,6,65,1,44,0,14,-1,-9,0,0,0,11,0,6,73.2,3984,74.3333,73.3333,RIC,70.8571,0,"{'id': 3, 'abbrev': 'CAR', 'name': 'Carlton'}",1,"{'id': 18, 'abbrev': 'GWS', 'name': 'GWS Giants'}",0,"{'id': 11, 'abbrev': 'PTA', 'name': 'Port Adelaide'}",1,Carrara Stadium,76.9189,"{'id': 7, 'name': 'Docklands Stadium', 'display_name': 'Marvel Stadium', 'short_name': 'Marvel', 'abbrev': 'MARV'}","{'id': 5, 'name': 'Carrara Stadium', 'display_name': 'People First Stadium', 'short_name': 'People First', 'abbrev': 'PFS'}","{'id': 1, 'name': 'Adelaide Oval', 'display_name': 'Adelaide Oval', 'short_name': 'Adelaide', 'abbrev': 'AO'}",81.8574,0.5164835164835165,0.7259902333152469,5274.890257798323,-5
0,509,1023518,Harry,Sheezel,NTH,26,21,131,525300,2072,1,20,11800,-110300,28,19,104,2228,2025-08-03T10:13:45+10:00,17,287,16,270,5,112,3,87,1,21,0,-16,0,0,1,6,0,10,110.6,4830,103.6,112.0,STK,110.0,1,"{'id': 18, 'abbrev': 'GWS', 'name': 'GWS Giants'}",1,"{'id': 12, 'abbrev': 'RIC', 'name': 'Richmond'}",0,"{'id': 1, 'abbrev': 'ADE', 'name': 'Adelaide'}",0,Docklands Stadium,108.172,"{'id': 11, 'name': 'Manuka Oval', 'display_name': 'Manuka Oval', 'short_name': 'Manuka', 'abbrev': 'MO'}","{'id': 226, 'name': 'Ninja Stadium', 'display_name': 'Ninja Stadium', 'short_name': 'Ninja', 'abbrev': 'NIN'}","{'id': 7, 'name': 'Docklands Stadium', 'display_name': 'Marvel Stadium', 'short_name': 'Marvel', 'abbrev': 'MARV'}",99.2398,1.2596153846153846,0.9299820466786356,5070.463320463321,2
0,136,1023261,Nick,Daicos,COL,4,21,110,671200,2348,1,20,31200,39800,3,57,116,2118,2025-08-03T10:13:45+10:00,11,344,18,275,4,85,2,71,0,34,-1,-24,0,0,1,15,0,17,133.6,4848,117.4,152.0,BRL,122.0,0,"{'id': 8, 'abbrev': 'HAW', 'name': 'Hawthorn'}",1,"{'id': 1, 'abbrev': 'ADE', 'name': 'Adelaide'}",1,"{'id': 10, 'abbrev': 'MEL', 'name': 'Melbourne'}",0,Melbourne Cricket Ground,107.288,"{'id': 13, 'name': 'Melbourne Cricket Ground', 'display_name': 'MCG', 'short_name': 'MCG', 'abbrev': 'MCG'}","{'id': 1, 'name': 'Adelaide Oval', 'display_name': 'Adelaide Oval', 'short_name': 'Adelaide', 'abbrev': 'AO'}","{'id': 13, 'name': 'Melbourne Cricket Ground', 'display_name': 'MCG', 'short_name': 'MCG', 'abbrev': 'MCG'}",99.6096,0.9482758620689655,1.108593012275732,5717.206132879046,-1
0,671,298539,Isaac,Heeney,SYD,19,21,123,616900,2194,1,20,22600,-12300,18,29,104,2125,2025-08-03T10:13:45+10:00,19,264,9,214,7,72,0,78,0,30,-1,-12,0,0,1,30,1,17,116.8,4800,109.7,136.333,ESS,95.5625,0,"{'id': 2, 'abbrev': 'BRL', 'name': 'Brisbane'}",1,"{'id': 7, 'abbrev': 'GEE', 'name': 'Geelong'}",0,"{'id': 16, 'abbrev': 'WCE', 'name': 'West Coast'}",1,Sydney Cricket Ground,94.0745,"{'id': 4, 'name': 'Brisbane Cricket Ground', 'display_name': 'Gabba', 'short_name': 'Gabba', 'abbrev': 'G'}","{'id': 16, 'name': 'Sydney Cricket Ground', 'display_name': 'SCG', 'short_name': 'SCG', 'abbrev': 'SCG'}","{'id': 53, 'name': 'Perth Stadium', 'display_name': 'Optus Stadium', 'short_name': 'Optus', 'abbrev': 'OS'}",98.6234,1.1826923076923077,1.032470588235294,5623.5186873290795,-1
0,245,998659,Luke,Ryan,FRE,53,21,58,469700,1878,1,20,-32100,-158600,46,255,122,2287,2025-08-03T10:13:45+10:00,7,316,10,104,2,122,1,40,0,15,0,-15,0,0,0,0,0,0,84.2,4739,93.9,76.3333,CAR,101.0,0,"{'id': 11, 'abbrev': 'PTA', 'name': 'Port Adelaide'}",1,"{'id': 2, 'abbrev': 'BRL', 'name': 'Brisbane'}",0,"{'id': 15, 'abbrev': 'WBD', 'name': 'Western Bulldogs'}",1,Perth Stadium,104.241,"{'id': 1, 'name': 'Adelaide Oval', 'display_name': 'Adelaide Oval', 'short_name': 'Adelaide', 'abbrev': 'AO'}","{'id': 53, 'name': 'Perth Stadium', 'display_name': 'Optus Stadium', 'short_name': 'Optus', 'abbrev': 'OS'}","{'id': 7, 'name': 'Docklands Stadium', 'display_name': 'Marvel Stadium', 'short_name': 'Marvel', 'abbrev': 'MARV'}",97.37,0.47540983606557374,0.8211630957586358,5002.129925452608,-7
0,730,291790,Adam,Treloar,WBD,497,21,0,516700,288,0,4,0,-111500,487,413,0,301,2025-08-03T10:13:46+10:00,0,44,0,41,0,12,0,5,0,3,0,-2,0,0,0,2,0,0,72.0,2839,72.0,66.3333,GWS,106.0,0,"{'id': 10, 'abbrev': 'MEL', 'name': 'Melbourne'}",1,"{'id': 16, 'abbrev': 'WCE', 'name': 'West Coast'}",0,"{'id': 6, 'abbrev': 'FRE', 'name': 'Fremantle'}",0,Docklands Stadium,104.254,"{'id': 13, 'name': 'Melbourne Cricket Ground', 'display_name': 'MCG', 'short_name': 'MCG', 'abbrev': 'MCG'}","{'id': 7, 'name': 'Docklands Stadium', 'display_name': 'Marvel Stadium', 'short_name': 'Marvel', 'abbrev': 'MARV'}","{'id': 7, 'name': 'Docklands Stadium', 'display_name': 'Marvel Stadium', 'short_name': 'Marvel', 'abbrev': 'MARV'}",58.3316,,0.9568106312292359,7176.388888888889,-10
0,246,1009420,Caleb,Serong,FRE,23,21,75,513100,2101,1,20,-4100,-110300,20,179,111,2102,2025-08-03T10:13:45+10:00,10,270,9,274,0,36,6,93,0,36,-2,-15,0,0,0,6,0,5,92.0,4815,105.05,100.667,CAR,71.75,0,"{'id': 11, 'abbrev': 'PTA', 'name': 'Port Adelaide'}",1,"{'id': 2, 'abbrev': 'BRL', 'name': 'Brisbane'}",0,"{'id': 15, 'abbrev': 'WBD', 'name': 'Western Bulldogs'}",1,Perth Stadium,102.375,"{'id': 1, 'name': 'Adelaide Oval', 'display_name': 'Adelaide Oval', 'short_name': 'Adelaide', 'abbrev': 'AO'}","{'id': 53, 'name': 'Perth Stadium', 'display_name': 'Optus Stadium', 'short_name': 'Optus', 'abbrev': 'OS'}","{'id': 7, 'name': 'Docklands Stadium', 'display_name': 'Marvel Stadium', 'short_name': 'Marvel', 'abbrev': 'MARV'}",98.9316,0.6756756756756757,0.9995242626070409,4884.340790099953,-3
0,200,992016,Zach,Merrett,ESS,33,21,88,507000,2018,1,19,-21700,-114100,30,122,111,2053,2025-08-03T10:13:45+10:00,12,288,7,244,2,72,4,74,3,26,0,-8,0,0,0,8,1,10,104.8,4797,106.211,89.6667,SYD,106.667,1,"{'id': 7, 'abbrev': 'GEE', 'name': 'Geelong'}",1,"{'id': 13, 'abbrev': 'STK', 'name': 'St Kilda'}",0,"{'id': 3, 'abbrev': 'CAR', 'name': 'Carlton'}",0,Sydney Cricket Ground,109.556,"{'id': 10, 'name': 'Kardinia Park', 'display_name': 'GMHBA Stadium', 'short_name': 'GMHBA', 'abbrev': 'GMS'}","{'id': 7, 'name': 'Docklands Stadium', 'display_name': 'Marvel Stadium', 'short_name': 'Marvel', 'abbrev': 'MARV'}","{'id': 13, 'name': 'Melbourne Cricket Ground', 'display_name': 'MCG', 'short_name': 'MCG', 'abbrev': 'MCG'}",98.5617,0.7927927927927928,0.9829517778860205,4773.516867367787,-3
0,631,992468,Rowan,Marshall,STK,24,21,144,552200,2095,1,20,-2600,-51300,27,9,104,2154,2025-08-03T10:13:45+10:00,15,219,9,148,6,90,5,87,2,32,0,-48,32,540,1,9,1,11,112.6,4711,104.75,109.333,NTH,111.125,0,"{'id': 12, 'abbrev': 'RIC', 'name': 'Richmond'}",1,"{'id': 5, 'abbrev': 'ESS', 'name': 'Essendon'}",1,"{'id': 18, 'abbrev': 'GWS', 'name': 'GWS Giants'}",1,Docklands Stadium,104.179,"{'id': 13, 'name': 'Melbourne Cricket Ground', 'display_name': 'MCG', 'short_name': 'MCG', 'abbrev': 'MCG'}","{'id': 7, 'name': 'Docklands Stadium', 'display_name': 'Marvel Stadium', 'short_name': 'Marvel', 'abbrev': 'MARV'}","{'id': 17, 'name': 'ENGIE Stadium', 'display_name': 'ENGIE Stadium', 'short_name': 'ENGIE', 'abbrev': 'ENS'}",96.7947,1.3846153846153846,0.9726090993500465,5271.599045346062,3
0,58,993834,Josh,Dunkley,BRL,13,21,135,578000,2223,1,20,2500,-24300,13,17,97,2097,2025-08-03T10:13:45+10:00,16,236,15,254,3,88,6,154,2,35,0,-15,0,0,0,4,0,4,119.2,4807,111.15,117.333,COL,96.3077,1,"{'id': 14, 'abbrev': 'SYD', 'name': 'Sydney'}",0,"{'id': 6, 'abbrev': 'FRE', 'name': 'Fremantle'}",1,"{'id': 8, 'abbrev': 'HAW', 'name': 'Hawthorn'}",0,Melbourne Cricket Ground,106.929,"{'id': 4, 'name': 'Brisbane Cricket Ground', 'display_name': 'Gabba', 'short_name': 'Gabba', 'abbrev': 'G'}","{'id': 53, 'name': 'Perth Stadium', 'display_name': 'Optus Stadium', 'short_name': 'Optus', 'abbrev': 'OS'}","{'id': 4, 'name': 'Brisbane Cricket Ground', 'display_name': 'Gabba', 'short_name': 'Gabba', 'abbrev': 'G'}",98.7672,1.3917525773195876,1.0600858369098713,5200.179937022042,0
0,388,294305,Lachie,Whitfield,GWS,29,21,126,501600,2050,1,19,22700,-96500,32,25,99,1880,2025-08-03T10:13:45+10:00,23,360,6,178,13,141,1,44,0,9,-2,-18,0,0,0,0,0,2,92.2,4826,107.895,113.333,WBD,104.0,1,"{'id': 9, 'abbrev': 'NTH', 'name': 'North Melbourne'}",0,"{'id': 17, 'abbrev': 'GCS', 'name': 'Gold Coast'}",1,"{'id': 13, 'abbrev': 'STK', 'name': 'St Kilda'}",0,Docklands Stadium,82.1429,"{'id': 11, 'name': 'Manuka Oval', 'display_name': 'Manuka Oval', 'short_name': 'Manuka', 'abbrev': 'MO'}","{'id': 5, 'name': 'Carrara Stadium', 'display_name': 'People First Stadium', 'short_name': 'People First', 'abbrev': 'PFS'}","{'id': 17, 'name': 'ENGIE Stadium', 'display_name': 'ENGIE Stadium', 'short_name': 'ENGIE', 'abbrev': 'ENS'}",99.1576,1.2727272727272727,1.0904255319148937,4648.964270818852,3
0,98,990704,Patrick,Cripps,CAR,42,21,125,488600,1929,1,20,11300,-106700,51,26,110,2090,2025-08-03T10:13:45+10:00,18,199,18,280,3,41,9,115,2,42,-1,-36,0,12,0,12,0,15,100.8,4661,96.45,104.333,FRE,108.385,1,"{'id': 17, 'abbrev': 'GCS', 'name': 'Gold Coast'}",0,"{'id': 11, 'abbrev': 'PTA', 'name': 'Port Adelaide'}",0,"{'id': 5, 'abbrev': 'ESS', 'name': 'Essendon'}",1,Perth Stadium,120.455,"{'id': 7, 'name': 'Docklands Stadium', 'display_name': 'Marvel Stadium', 'short_name': 'Marvel', 'abbrev': 'MARV'}","{'id': 7, 'name': 'Docklands Stadium', 'display_name': 'Marvel Stadium', 'short_name': 'Marvel', 'abbrev': 'MARV'}","{'id': 13, 'name': 'Melbourne Cricket Ground', 'display_name': 'MCG', 'short_name': 'MCG', 'abbrev': 'MCG'}",95.7674,1.1363636363636365,0.9229665071770335,5065.837221358217,9
0,87,261224,Dayne,Zorko,BRL,25,21,101,483900,2083,1,20,-16300,-111200,24,75,99,2122,2025-08-03T10:13:45+10:00,13,420,6,97,3,132,6,50,2,22,-2,-20,0,0,0,3,0,5,94.2,4806,104.15,88.0,COL,103.737,1,"{'id': 14, 'abbrev': 'SYD', 'name': 'Sydney'}",0,"{'id': 6, 'abbrev': 'FRE', 'name': 'Fremantle'}",1,"{'id': 8, 'abbrev': 'HAW', 'name': 'Hawthorn'}",0,Melbourne Cricket Ground,105.158,"{'id': 4, 'name': 'Brisbane Cricket Ground', 'display_name': 'Gabba', 'short_name': 'Gabba', 'abbrev': 'G'}","{'id': 53, 'name': 'Perth Stadium', 'display_name': 'Optus Stadium', 'short_name': 'Optus', 'abbrev': 'OS'}","{'id': 4, 'name': 'Brisbane Cricket Ground', 'display_name': 'Gabba', 'short_name': 'Gabba', 'abbrev': 'G'}",98.7467,1.02020202020202,0.9816211121583411,4646.1833893422945,-1
0,591,298174,Toby,Nankervis,RIC,47,21,79,497000,1902,1,19,-24700,-97000,45,160,100,1937,2025-08-03T10:13:45+10:00,6,151,5,148,2,42,6,74,2,27,-2,-41,33,636,0,6,0,2,96.2,4523,100.105,86.0,GCS,76.8,1,"{'id': 13, 'abbrev': 'STK', 'name': 'St Kilda'}",0,"{'id': 9, 'abbrev': 'NTH', 'name': 'North Melbourne'}",1,"{'id': 7, 'abbrev': 'GEE', 'name': 'Geelong'}",0,Carrara Stadium,75.2857,"{'id': 13, 'name': 'Melbourne Cricket Ground', 'display_name': 'MCG', 'short_name': 'MCG', 'abbrev': 'MCG'}","{'id': 226, 'name': 'Ninja Stadium', 'display_name': 'Ninja Stadium', 'short_name': 'Ninja', 'abbrev': 'NIN'}","{'id': 13, 'name': 'Melbourne Cricket Ground', 'display_name': 'MCG', 'short_name': 'MCG', 'abbrev': 'MCG'}",92.932,0.79,0.9819308208569953,4964.786973677638,-2
0,639,994389,Jack,Sinclair,STK,16,21,128,546700,2212,1,20,30500,-45500,15,24,103,2150,2025-08-03T10:13:45+10:00,16,386,10,148,0,89,3,55,1,17,0,-5,0,0,0,8,0,5,111.6,4815,110.6,126.667,NTH,91.5833,0,"{'id': 12, 'abbrev': 'RIC', 'name': 'Richmond'}",1,"{'id': 5, 'abbrev': 'ESS', 'name': 'Essendon'}",1,"{'id': 18, 'abbrev': 'GWS', 'name': 'GWS Giants'}",1,Docklands Stadium,92.5463,"{'id': 13, 'name': 'Melbourne Cricket Ground', 'display_name': 'MCG', 'short_name': 'MCG', 'abbrev': 'MCG'}","{'id': 7, 'name': 'Docklands Stadium', 'display_name': 'Marvel Stadium', 'short_name': 'Marvel', 'abbrev': 'MARV'}","{'id': 17, 'name': 'ENGIE Stadium', 'display_name': 'ENGIE Stadium', 'short_name': 'ENGIE', 'abbrev': 'ENS'}",98.9316,1.2427184466019416,1.0288372093023255,4943.037974683544,-1
0,219,1002232,Andrew,Brayshaw,FRE,5,21,101,541700,2319,1,20,-7300,-50100,5,75,112,2070,2025-08-03T10:13:45+10:00,12,244,11,307,4,62,8,137,0,36,-4,-26,0,0,0,6,0,8,107.6,4828,115.95,104.667,CAR,93.1,0,"{'id': 11, 'abbrev': 'PTA', 'name': 'Port Adelaide'}",1,"{'id': 2, 'abbrev': 'BRL', 'name': 'Brisbane'}",0,"{'id': 15, 'abbrev': 'WBD', 'name': 'Western Bulldogs'}",1,Perth Stadium,101.977,"{'id': 1, 'name': 'Adelaide Oval', 'display_name': 'Adelaide Oval', 'short_name': 'Adelaide', 'abbrev': 'AO'}","{'id': 53, 'name': 'Perth Stadium', 'display_name': 'Optus Stadium', 'short_name': 'Optus', 'abbrev': 'OS'}","{'id': 7, 'name': 'Docklands Stadium', 'display_name': 'Marvel Stadium', 'short_name': 'Marvel', 'abbrev': 'MARV'}",99.1987,0.9017857142857143,1.1202898550724638,4671.841310909875,0
0,484,1002267,Luke,Davies-Uniacke,NTH,74,21,112,442800,1764,1,19,15800,-145200,76,51,102,2010,2025-08-03T10:13:45+10:00,11,211,10,242,6,65,5,76,2,16,-2,-33,0,0,1,6,0,8,84.4,4475,92.8421,97.6667,STK,85.625,1,"{'id': 18, 'abbrev': 'GWS', 'name': 'GWS Giants'}",1,"{'id': 12, 'abbrev': 'RIC', 'name': 'Richmond'}",0,"{'id': 1, 'abbrev': 'ADE', 'name': 'Adelaide'}",0,Docklands Stadium,88.5818,"{'id': 11, 'name': 'Manuka Oval', 'display_name': 'Manuka Oval', 'short_name': 'Manuka', 'abbrev': 'MO'}","{'id': 226, 'name': 'Ninja Stadium', 'display_name': 'Ninja Stadium', 'short_name': 'Ninja', 'abbrev': 'NIN'}","{'id': 7, 'name': 'Docklands Stadium', 'display_name': 'Marvel Stadium', 'short_name': 'Marvel', 'abbrev': 'MARV'}",91.9458,1.0980392156862746,0.8776119402985074,4769.388025475511,2
0,640,296205,Jack,Steele,STK,82,21,36,460800,1677,1,18,-55200,-124400,78,354,34,1720,2025-08-03T10:13:46+10:00,1,154,7,222,1,69,2,153,0,20,-1,-22,0,0,0,4,0,2,86.2,4453,93.1667,61.6667,NTH,108.636,0,"{'id': 12, 'abbrev': 'RIC', 'name': 'Richmond'}",1,"{'id': 5, 'abbrev': 'ESS', 'name': 'Essendon'}",1,"{'id': 18, 'abbrev': 'GWS', 'name': 'GWS Giants'}",1,Docklands Stadium,102.33,"{'id': 13, 'name': 'Melbourne Cricket Ground', 'display_name': 'MCG', 'short_name': 'MCG', 'abbrev': 'MCG'}","{'id': 7, 'name': 'Docklands Stadium', 'display_name': 'Marvel Stadium', 'short_name': 'Marvel', 'abbrev': 'MARV'}","{'id': 17, 'name': 'ENGIE Stadium', 'display_name': 'ENGIE Stadium', 'short_name': 'ENGIE', 'abbrev': 'ENS'}",91.4937,1.0588235294117647,0.975,4945.9731856983235,-4
0,125,1006094,Sam,Walsh,CAR,231,21,0,489000,1190,0,12,0,-94900,211,413,0,1245,2025-08-03T10:13:46+10:00,0,130,0,182,0,42,0,61,0,15,0,-11,0,0,0,5,0,3,91.4,3978,99.1667,92.3333,FRE,118.286,1,"{'id': 17, 'abbrev': 'GCS', 'name': 'Gold Coast'}",0,"{'id': 11, 'abbrev': 'PTA', 'name': 'Port Adelaide'}",0,"{'id': 5, 'abbrev': 'ESS', 'name': 'Essendon'}",1,Perth Stadium,99.6667,"{'id': 7, 'name': 'Docklands Stadium', 'display_name': 'Marvel Stadium', 'short_name': 'Marvel', 'abbrev': 'MARV'}","{'id': 7, 'name': 'Docklands Stadium', 'display_name': 'Marvel Stadium', 'short_name': 'Marvel', 'abbrev': 'MARV'}","{'id': 13, 'name': 'Melbourne Cricket Ground', 'display_name': 'MCG', 'short_name': 'MCG', 'abbrev': 'MCG'}",81.7341,,0.9558232931726908,4931.090779465284,-20
0,667,1013128,Errol,Gulden,SYD,357,21,115,534800,759,1,7,-10700,-47100,380,45,106,756,2025-08-03T10:13:45+10:00,17,116,13,62,7,38,4,32,0,10,-2,-13,0,0,1,4,0,0,103.6,4556,108.429,101.333,ESS,102.875,0,"{'id': 2, 'abbrev': 'BRL', 'name': 'Brisbane'}",1,"{'id': 7, 'abbrev': 'GEE', 'name': 'Geelong'}",0,"{'id': 16, 'abbrev': 'WCE', 'name': 'West Coast'}",1,Sydney Cricket Ground,102.561,"{'id': 4, 'name': 'Brisbane Cricket Ground', 'display_name': 'Gabba', 'short_name': 'Gabba', 'abbrev': 'G'}","{'id': 16, 'name': 'Sydney Cricket Ground', 'display_name': 'SCG', 'short_name': 'SCG', 'abbrev': 'SCG'}","{'id': 53, 'name': 'Perth Stadium', 'display_name': 'Optus Stadium', 'short_name': 'Optus', 'abbrev': 'OS'}",93.61,1.0849056603773586,1.003968253968254,4932.259819789909,23
0,706,1004592,Tim,English,WBD,17,21,202,554100,2202,1,20,25500,-27800,23,1,98,2130,2025-08-03T10:13:45+10:00,16,199,4,158,11,117,0,65,3,42,0,-24,22,602,2,13,3,12,116.6,4709,110.1,125.333,GWS,114.545,0,"{'id': 10, 'abbrev': 'MEL', 'name': 'Melbourne'}",1,"{'id': 16, 'abbrev': 'WCE', 'name': 'West Coast'}",0,"{'id': 6, 'abbrev': 'FRE', 'name': 'Fremantle'}",0,Docklands Stadium,97.6901,"{'id': 13, 'name': 'Melbourne Cricket Ground', 'display_name': 'MCG', 'short_name': 'MCG', 'abbrev': 'MCG'}","{'id': 7, 'name': 'Docklands Stadium', 'display_name': 'Marvel Stadium', 'short_name': 'Marvel', 'abbrev': 'MARV'}","{'id': 7, 'name': 'Docklands Stadium', 'display_name': 'Marvel Stadium', 'short_name': 'Marvel', 'abbrev': 'MARV'}",96.7536,2.061224489795918,1.0338028169014084,5032.697547683924,6
0,300,291975,Jarrod,Witts,GCS,58,21,86,518300,1862,1,18,-17900,-63000,56,134,96,1926,2025-08-03T10:13:45+10:00,4,90,7,138,2,27,2,66,2,42,-1,-23,36,770,0,2,0,4,96.4,4528,103.444,94.0,RIC,97.75,0,"{'id': 3, 'abbrev': 'CAR', 'name': 'Carlton'}",1,"{'id': 18, 'abbrev': 'GWS', 'name': 'GWS Giants'}",0,"{'id': 11, 'abbrev': 'PTA', 'name': 'Port Adelaide'}",1,Carrara Stadium,99.0282,"{'id': 7, 'name': 'Docklands Stadium', 'display_name': 'Marvel Stadium', 'short_name': 'Marvel', 'abbrev': 'MARV'}","{'id': 5, 'name': 'Carrara Stadium', 'display_name': 'People First Stadium', 'short_name': 'People First', 'abbrev': 'PFS'}","{'id': 1, 'name': 'Adelaide Oval', 'display_name': 'Adelaide Oval', 'short_name': 'Adelaide', 'abbrev': 'AO'}",93.0347,0.8958333333333334,0.9667705088265836,5010.440431537837,-2
0,146,994295,Dan,Houston,COL,197,21,52,380100,1277,1,16,-3400,-195500,199,292,99,1608,2025-08-03T10:13:46+10:00,8,170,3,94,1,59,2,39,0,10,-4,-11,0,0,0,5,0,2,72.6,4132,79.8125,74.3333,BRL,83.9,0,"{'id': 8, 'abbrev': 'HAW', 'name': 'Hawthorn'}",1,"{'id': 1, 'abbrev': 'ADE', 'name': 'Adelaide'}",1,"{'id': 10, 'abbrev': 'MEL', 'name': 'Melbourne'}",0,Melbourne Cricket Ground,88.7407,"{'id': 13, 'name': 'Melbourne Cricket Ground', 'display_name': 'MCG', 'short_name': 'MCG', 'abbrev': 'MCG'}","{'id': 1, 'name': 'Adelaide Oval', 'display_name': 'Adelaide Oval', 'short_name': 'Adelaide', 'abbrev': 'AO'}","{'id': 13, 'name': 'Melbourne Cricket Ground', 'display_name': 'MCG', 'short_name': 'MCG', 'abbrev': 'MCG'}",84.8983,0.5252525252525253,0.7941542288557214,4762.4119028974155,2
0,259,1009199,Noah,Anderson,GCS,14,21,147,602400,2221,1,19,-900,27500,17,8,100,2089,2025-08-03T10:13:45+10:00,19,283,19,305,5,73,4,58,0,20,-1,-14,0,0,0,8,0,7,127.2,4766,116.895,120.333,RIC,132.286,0,"{'id': 3, 'abbrev': 'CAR', 'name': 'Carlton'}",1,"{'id': 18, 'abbrev': 'GWS', 'name': 'GWS Giants'}",0,"{'id': 11, 'abbrev': 'PTA', 'name': 'Port Adelaide'}",1,Carrara Stadium,105.4,"{'id': 7, 'name': 'Docklands Stadium', 'display_name': 'Marvel Stadium', 'short_name': 'Marvel', 'abbrev': 'MARV'}","{'id': 5, 'name': 'Carrara Stadium', 'display_name': 'People First Stadium', 'short_name': 'People First', 'abbrev': 'PFS'}","{'id': 1, 'name': 'Adelaide Oval', 'display_name': 'Adelaide Oval', 'short_name': 'Adelaide', 'abbrev': 'AO'}",97.9248,1.47,1.0631881282910483,5153.342743487746,3
0,666,293957,Brodie,Grundy,SYD,1,21,200,756900,2553,1,20,20500,182500,2,2,103,2006,2025-08-03T10:13:45+10:00,11,150,28,251,8,68,1,84,3,49,-1,-43,32,729,0,6,1,4,154.2,4693,127.65,163.333,ESS,108.95,0,"{'id': 2, 'abbrev': 'BRL', 'name': 'Brisbane'}",1,"{'id': 7, 'abbrev': 'GEE', 'name': 'Geelong'}",0,"{'id': 16, 'abbrev': 'WCE', 'name': 'West Coast'}",1,Sydney Cricket Ground,125.346,"{'id': 4, 'name': 'Brisbane Cricket Ground', 'display_name': 'Gabba', 'short_name': 'Gabba', 'abbrev': 'G'}","{'id': 16, 'name': 'Sydney Cricket Ground', 'display_name': 'SCG', 'short_name': 'SCG', 'abbrev': 'SCG'}","{'id': 53, 'name': 'Perth Stadium', 'display_name': 'Optus Stadium', 'short_name': 'Optus', 'abbrev': 'OS'}",96.4249,1.941747572815534,1.2726819541375873,5929.494712103407,1
0,362,1009528,Tom,Green,GWS,22,21,79,569700,2104,1,19,-12600,-4500,21,160,104,1984,2025-08-03T10:13:45+10:00,10,259,15,304,1,61,3,69,1,13,-3,-23,0,1,0,11,0,8,104.8,4708,110.737,107.333,WBD,96.875,1,"{'id': 9, 'abbrev': 'NTH', 'name': 'North Melbourne'}",0,"{'id': 17, 'abbrev': 'GCS', 'name': 'Gold Coast'}",1,"{'id': 13, 'abbrev': 'STK', 'name': 'St Kilda'}",0,Docklands Stadium,103.455,"{'id': 11, 'name': 'Manuka Oval', 'display_name': 'Manuka Oval', 'short_name': 'Manuka', 'abbrev': 'MO'}","{'id': 5, 'name': 'Carrara Stadium', 'display_name': 'People First Stadium', 'short_name': 'People First', 'abbrev': 'PFS'}","{'id': 17, 'name': 'ENGIE Stadium', 'display_name': 'ENGIE Stadium', 'short_name': 'ENGIE', 'abbrev': 'ENS'}",96.7331,0.7596153846153846,1.060483870967742,5144.62194207898,-1
0,131,990291,Darcy,Cameron,COL,11,21,108,566000,2229,1,20,4900,-500,9,60,109,1992,2025-08-03T10:13:45+10:00,8,218,4,139,5,104,1,56,0,49,0,-23,40,569,0,5,0,6,109.2,4667,111.45,116.333,BRL,82.1429,0,"{'id': 8, 'abbrev': 'HAW', 'name': 'Hawthorn'}",1,"{'id': 1, 'abbrev': 'ADE', 'name': 'Adelaide'}",1,"{'id': 10, 'abbrev': 'MEL', 'name': 'Melbourne'}",0,Melbourne Cricket Ground,92.3871,"{'id': 13, 'name': 'Melbourne Cricket Ground', 'display_name': 'MCG', 'short_name': 'MCG', 'abbrev': 'MCG'}","{'id': 1, 'name': 'Adelaide Oval', 'display_name': 'Adelaide Oval', 'short_name': 'Adelaide', 'abbrev': 'AO'}","{'id': 13, 'name': 'Melbourne Cricket Ground', 'display_name': 'MCG', 'short_name': 'MCG', 'abbrev': 'MCG'}",95.8907,0.9908256880733946,1.1189759036144578,5078.510542844325,-2
0,196,1012013,Nic,Martin,ESS,108,21,0,469400,1564,0,16,0,-96600,88,413,0,1706,2025-08-03T10:13:46+10:00,0,224,0,165,0,111,0,42,0,11,0,-9,0,0,0,11,0,6,75.2,3046,97.75,58.6667,SYD,92.5,1,"{'id': 7, 'abbrev': 'GEE', 'name': 'Geelong'}",1,"{'id': 13, 'abbrev': 'STK', 'name': 'St Kilda'}",0,"{'id': 3, 'abbrev': 'CAR', 'name': 'Carlton'}",0,Sydney Cricket Ground,76.0,"{'id': 10, 'name': 'Kardinia Park', 'display_name': 'GMHBA Stadium', 'short_name': 'GMHBA', 'abbrev': 'GMS'}","{'id': 7, 'name': 'Docklands Stadium', 'display_name': 'Marvel Stadium', 'short_name': 'Marvel', 'abbrev': 'MARV'}","{'id': 13, 'name': 'Melbourne Cricket Ground', 'display_name': 'MCG', 'short_name': 'MCG', 'abbrev': 'MCG'}",62.5848,,0.9167643610785463,4802.046035805626,-20
0,778,292128,Elliot,Yeo,WCE,652,21,0,564700,0,0,0,0,0,644,413,0,0,2025-08-03T10:13:47+10:00,0,0,0,0,0,0,0,0,0,0,0,0,0,0,0,0,0,0,0.0,1747,0.0,0.0,MEL,83.0769,1,"{'id': 1, 'abbrev': 'ADE', 'name': 'Adelaide'}",0,"{'id': 15, 'abbrev': 'WBD', 'name': 'Western Bulldogs'}",1,"{'id': 14, 'abbrev': 'SYD', 'name': 'Sydney'}",0,Docklands Stadium,88.3636,"{'id': 53, 'name': 'Perth Stadium', 'display_name': 'Optus Stadium', 'short_name': 'Optus', 'abbrev': 'OS'}","{'id': 7, 'name': 'Docklands Stadium', 'display_name': 'Marvel Stadium', 'short_name': 'Marvel', 'abbrev': 'MARV'}","{'id': 53, 'name': 'Perth Stadium', 'display_name': 'Optus Stadium', 'short_name': 'Optus', 'abbrev': 'OS'}",35.8948,,,,-8
0,223,1006152,Jordan,Clark,FRE,20,21,122,537600,2142,1,20,-2700,-26100,22,32,113,2261,2025-08-03T10:13:45+10:00,21,330,9,162,1,104,4,62,2,22,0,-17,0,0,0,2,0,2,98.8,4739,107.1,106.333,CAR,96.8,0,"{'id': 11, 'abbrev': 'PTA', 'name': 'Port Adelaide'}",1,"{'id': 2, 'abbrev': 'BRL', 'name': 'Brisbane'}",0,"{'id': 15, 'abbrev': 'WBD', 'name': 'Western Bulldogs'}",1,Perth Stadium,92.68,"{'id': 1, 'name': 'Adelaide Oval', 'display_name': 'Adelaide Oval', 'short_name': 'Adelaide', 'abbrev': 'AO'}","{'id': 53, 'name': 'Perth Stadium', 'display_name': 'Optus Stadium', 'short_name': 'Optus', 'abbrev': 'OS'}","{'id': 7, 'name': 'Docklands Stadium', 'display_name': 'Marvel Stadium', 'short_name': 'Marvel', 'abbrev': 'MARV'}",97.37,1.079646017699115,0.9473684210526315,5019.607843137255,2
0,720,290799,Tom,Liberatore,WBD,7,21,119,548900,2257,1,20,-15100,-12800,7,39,94,2025,2025-08-03T10:13:45+10:00,14,263,12,273,3,72,2,106,2,24,-1,-18,0,0,0,6,0,5,120.4,4683,112.85,101.667,GWS,90.2941,0,"{'id': 10, 'abbrev': 'MEL', 'name': 'Melbourne'}",1,"{'id': 16, 'abbrev': 'WCE', 'name': 'West Coast'}",0,"{'id': 6, 'abbrev': 'FRE', 'name': 'Fremantle'}",0,Docklands Stadium,97.2901,"{'id': 13, 'name': 'Melbourne Cricket Ground', 'display_name': 'MCG', 'short_name': 'MCG', 'abbrev': 'MCG'}","{'id': 7, 'name': 'Docklands Stadium', 'display_name': 'Marvel Stadium', 'short_name': 'Marvel', 'abbrev': 'MARV'}","{'id': 7, 'name': 'Docklands Stadium', 'display_name': 'Marvel Stadium', 'short_name': 'Marvel', 'abbrev': 'MARV'}",96.2194,1.2659574468085106,1.114567901234568,4863.978732831192,0
0,20,293222,Rory,Laird,ADE,67,21,0,518700,1805,0,18,0,-42400,50,413,0,1863,2025-08-03T10:13:46+10:00,0,237,0,192,0,109,0,60,0,20,0,-9,0,0,0,0,0,0,102.2,4452,100.278,102.667,HAW,104.286,0,"{'id': 16, 'abbrev': 'WCE', 'name': 'West Coast'}",1,"{'id': 4, 'abbrev': 'COL', 'name': 'Collingwood'}",0,"{'id': 9, 'abbrev': 'NTH', 'name': 'North Melbourne'}",1,Adelaide Oval,104.406,"{'id': 53, 'name': 'Perth Stadium', 'display_name': 'Optus Stadium', 'short_name': 'Optus', 'abbrev': 'OS'}","{'id': 1, 'name': 'Adelaide Oval', 'display_name': 'Adelaide Oval', 'short_name': 'Adelaide', 'abbrev': 'AO'}","{'id': 7, 'name': 'Docklands Stadium', 'display_name': 'Marvel Stadium', 'short_name': 'Marvel', 'abbrev': 'MARV'}",91.4732,,0.9688674181427804,5172.620116077304,-17
0,691,1012014,Chad,Warner,SYD,51,21,70,471900,1880,1,20,-1800,-87800,49,204,97,2137,2025-08-03T10:13:45+10:00,18,297,8,147,5,75,2,70,2,24,0,-23,0,0,0,17,0,19,92.0,4728,94.0,93.6667,ESS,105.857,0,"{'id': 2, 'abbrev': 'BRL', 'name': 'Brisbane'}",1,"{'id': 7, 'abbrev': 'GEE', 'name': 'Geelong'}",0,"{'id': 16, 'abbrev': 'WCE', 'name': 'West Coast'}",1,Sydney Cricket Ground,96.0408,"{'id': 4, 'name': 'Brisbane Cricket Ground', 'display_name': 'Gabba', 'short_name': 'Gabba', 'abbrev': 'G'}","{'id': 16, 'name': 'Sydney Cricket Ground', 'display_name': 'SCG', 'short_name': 'SCG', 'abbrev': 'SCG'}","{'id': 53, 'name': 'Perth Stadium', 'display_name': 'Optus Stadium', 'short_name': 'Optus', 'abbrev': 'OS'}",97.144,0.7216494845360825,0.8797379503977538,5020.212765957447,-2
0,414,1000980,Lloyd,Meek,HAW,39,21,117,525900,1941,1,19,-25500,-31700,44,43,117,2002,2025-08-03T10:13:45+10:00,7,101,10,156,3,42,5,83,2,29,-3,-36,44,743,0,6,0,5,113.0,4335,102.158,91.3333,ADE,102.0,1,"{'id': 4, 'abbrev': 'COL', 'name': 'Collingwood'}",0,"{'id': 10, 'abbrev': 'MEL', 'name': 'Melbourne'}",0,"{'id': 2, 'abbrev': 'BRL', 'name': 'Brisbane'}",1,Adelaide Oval,97.7143,"{'id': 13, 'name': 'Melbourne Cricket Ground', 'display_name': 'MCG', 'short_name': 'MCG', 'abbrev': 'MCG'}","{'id': 13, 'name': 'Melbourne Cricket Ground', 'display_name': 'MCG', 'short_name': 'MCG', 'abbrev': 'MCG'}","{'id': 4, 'name': 'Brisbane Cricket Ground', 'display_name': 'Gabba', 'short_name': 'Gabba', 'abbrev': 'G'}",89.0692,1.0,0.9695304695304695,5147.908142289395,5
0,460,298210,Christian,Petracca,MEL,37,21,117,479100,1966,1,20,15300,-77100,39,43,107,2174,2025-08-03T10:13:45+10:00,6,229,17,277,2,72,4,72,0,14,-1,-20,0,0,1,16,1,22,95.4,4759,98.3,104.667,WCE,94.0833,0,"{'id': 15, 'abbrev': 'WBD', 'name': 'Western Bulldogs'}",0,"{'id': 8, 'abbrev': 'HAW', 'name': 'Hawthorn'}",1,"{'id': 4, 'abbrev': 'COL', 'name': 'Collingwood'}",1,Docklands Stadium,96.9,"{'id': 13, 'name': 'Melbourne Cricket Ground', 'display_name': 'MCG', 'short_name': 'MCG', 'abbrev': 'MCG'}","{'id': 13, 'name': 'Melbourne Cricket Ground', 'display_name': 'MCG', 'short_name': 'MCG', 'abbrev': 'MCG'}","{'id': 13, 'name': 'Melbourne Cricket Ground', 'display_name': 'MCG', 'short_name': 'MCG', 'abbrev': 'MCG'}",97.781,1.0934579439252337,0.9043238270469182,4873.855544252289,2
0,207,1001026,Jordan,Ridley,ESS,354,21,0,428800,774,0,10,0,-123800,343,413,0,843,2025-08-03T10:13:46+10:00,0,121,0,49,0,55,0,6,0,4,0,-8,0,0,0,0,0,2,71.4,2724,77.4,81.6667,SYD,92.6,1,"{'id': 7, 'abbrev': 'GEE', 'name': 'Geelong'}",1,"{'id': 13, 'abbrev': 'STK', 'name': 'St Kilda'}",0,"{'id': 3, 'abbrev': 'CAR', 'name': 'Carlton'}",0,Sydney Cricket Ground,110.333,"{'id': 10, 'name': 'Kardinia Park', 'display_name': 'GMHBA Stadium', 'short_name': 'GMHBA', 'abbrev': 'GMS'}","{'id': 7, 'name': 'Docklands Stadium', 'display_name': 'Marvel Stadium', 'short_name': 'Marvel', 'abbrev': 'MARV'}","{'id': 13, 'name': 'Melbourne Cricket Ground', 'display_name': 'MCG', 'short_name': 'MCG', 'abbrev': 'MCG'}",55.9688,,0.9181494661921709,5540.051679586563,-11
0,286,298272,Touk,Miller,GCS,62,21,122,525900,1834,1,17,-18400,-26700,67,32,73,1681,2025-08-03T10:13:45+10:00,11,184,14,245,4,46,5,68,0,16,0,-14,0,0,0,16,1,7,109.8,4307,107.882,95.3333,RIC,96.0,0,"{'id': 3, 'abbrev': 'CAR', 'name': 'Carlton'}",1,"{'id': 18, 'abbrev': 'GWS', 'name': 'GWS Giants'}",0,"{'id': 11, 'abbrev': 'PTA', 'name': 'Port Adelaide'}",1,Carrara Stadium,97.8864,"{'id': 7, 'name': 'Docklands Stadium', 'display_name': 'Marvel Stadium', 'short_name': 'Marvel', 'abbrev': 'MARV'}","{'id': 5, 'name': 'Carrara Stadium', 'display_name': 'People First Stadium', 'short_name': 'People First', 'abbrev': 'PFS'}","{'id': 1, 'name': 'Adelaide Oval', 'display_name': 'Adelaide Oval', 'short_name': 'Adelaide', 'abbrev': 'AO'}",88.4939,1.6712328767123288,1.0910172516359309,4874.770582673662,5
0,10,992242,Jordan,Dawson,ADE,8,21,149,581200,2251,1,20,-2300,30900,10,7,121,2122,2025-08-03T10:13:45+10:00,12,316,9,156,4,93,12,146,2,29,-1,-24,0,0,2,16,0,18,120.2,4625,112.55,115.333,HAW,85.2222,0,"{'id': 16, 'abbrev': 'WCE', 'name': 'West Coast'}",1,"{'id': 4, 'abbrev': 'COL', 'name': 'Collingwood'}",0,"{'id': 9, 'abbrev': 'NTH', 'name': 'North Melbourne'}",1,Adelaide Oval,113.094,"{'id': 53, 'name': 'Perth Stadium', 'display_name': 'Optus Stadium', 'short_name': 'Optus', 'abbrev': 'OS'}","{'id': 1, 'name': 'Adelaide Oval', 'display_name': 'Adelaide Oval', 'short_name': 'Adelaide', 'abbrev': 'AO'}","{'id': 7, 'name': 'Docklands Stadium', 'display_name': 'Marvel Stadium', 'short_name': 'Marvel', 'abbrev': 'MARV'}",95.0277,1.2314049586776858,1.0607917059377945,5163.927143491782,2
0,294,1009208,Matt,Rowell,GCS,11,21,134,679200,2229,1,19,17400,128900,12,18,94,2014,2025-08-03T10:13:45+10:00,10,241,17,252,3,29,9,177,2,40,-2,-49,0,0,0,6,1,5,138.2,4552,117.316,146.0,RIC,113.143,0,"{'id': 3, 'abbrev': 'CAR', 'name': 'Carlton'}",1,"{'id': 18, 'abbrev': 'GWS', 'name': 'GWS Giants'}",0,"{'id': 11, 'abbrev': 'PTA', 'name': 'Port Adelaide'}",1,Carrara Stadium,103.925,"{'id': 7, 'name': 'Docklands Stadium', 'display_name': 'Marvel Stadium', 'short_name': 'Marvel', 'abbrev': 'MARV'}","{'id': 5, 'name': 'Carrara Stadium', 'display_name': 'People First Stadium', 'short_name': 'People First', 'abbrev': 'PFS'}","{'id': 1, 'name': 'Adelaide Oval', 'display_name': 'Adelaide Oval', 'short_name': 'Adelaide', 'abbrev': 'AO'}",93.5278,1.425531914893617,1.1067527308838132,5789.491629445259,1
0,100,1004912,Tom,De Koning,CAR,54,21,74,388800,1877,1,19,-21000,-158300,52,188,107,1931,2025-08-03T10:13:45+10:00,8,167,10,173,4,60,3,44,0,33,-3,-27,27,455,0,5,0,9,68.8,4372,98.7895,66.3333,FRE,81.8333,1,"{'id': 17, 'abbrev': 'GCS', 'name': 'Gold Coast'}",0,"{'id': 11, 'abbrev': 'PTA', 'name': 'Port Adelaide'}",0,"{'id': 5, 'abbrev': 'ESS', 'name': 'Essendon'}",1,Perth Stadium,82.3333,"{'id': 7, 'name': 'Docklands Stadium', 'display_name': 'Marvel Stadium', 'short_name': 'Marvel', 'abbrev': 'MARV'}","{'id': 7, 'name': 'Docklands Stadium', 'display_name': 'Marvel Stadium', 'short_name': 'Marvel', 'abbrev': 'MARV'}","{'id': 13, 'name': 'Melbourne Cricket Ground', 'display_name': 'MCG', 'short_name': 'MCG', 'abbrev': 'MCG'}",89.8295,0.6915887850467289,0.972035214914552,3935.6409335000176,-2
0,118,297907,Nic,Newman,CAR,652,21,0,546800,0,0,0,0,0,644,413,0,0,2025-08-03T10:13:47+10:00,0,0,0,0,0,0,0,0,0,0,0,0,0,0,0,0,0,0,0.0,1367,0.0,0.0,FRE,84.7143,1,"{'id': 17, 'abbrev': 'GCS', 'name': 'Gold Coast'}",0,"{'id': 11, 'abbrev': 'PTA', 'name': 'Port Adelaide'}",0,"{'id': 5, 'abbrev': 'ESS', 'name': 'Essendon'}",1,Perth Stadium,94.5714,"{'id': 7, 'name': 'Docklands Stadium', 'display_name': 'Marvel Stadium', 'short_name': 'Marvel', 'abbrev': 'MARV'}","{'id': 7, 'name': 'Docklands Stadium', 'display_name': 'Marvel Stadium', 'short_name': 'Marvel', 'abbrev': 'MARV'}","{'id': 13, 'name': 'Melbourne Cricket Ground', 'display_name': 'MCG', 'short_name': 'MCG', 'abbrev': 'MCG'}",28.0871,,,,-8
0,257,1009256,Hayden,Young,FRE,429,21,12,399300,501,1,7,-31900,-146800,425,405,10,422,2025-08-03T10:13:46+10:00,1,61,1,46,0,17,2,21,0,6,0,-5,0,0,0,7,0,0,67.8,3519,71.5714,62.3333,CAR,71.2,0,"{'id': 11, 'abbrev': 'PTA', 'name': 'Port Adelaide'}",1,"{'id': 2, 'abbrev': 'BRL', 'name': 'Brisbane'}",0,"{'id': 15, 'abbrev': 'WBD', 'name': 'Western Bulldogs'}",1,Perth Stadium,93.0952,"{'id': 1, 'name': 'Adelaide Oval', 'display_name': 'Adelaide Oval', 'short_name': 'Adelaide', 'abbrev': 'AO'}","{'id': 53, 'name': 'Perth Stadium', 'display_name': 'Optus Stadium', 'short_name': 'Optus', 'abbrev': 'OS'}","{'id': 7, 'name': 'Docklands Stadium', 'display_name': 'Marvel Stadium', 'short_name': 'Marvel', 'abbrev': 'MARV'}",72.3033,1.2,1.1872037914691944,5579.044143330995,-4
0,644,1015507,Nasiah,Wanganeen-Milera,STK,6,21,108,646600,2312,1,20,17900,102900,6,60,106,2086,2025-08-03T10:13:45+10:00,24,454,12,154,3,110,1,46,0,14,-1,-14,0,0,0,15,2,14,132.0,4702,115.6,139.667,NTH,97.2,0,"{'id': 12, 'abbrev': 'RIC', 'name': 'Richmond'}",1,"{'id': 5, 'abbrev': 'ESS', 'name': 'Essendon'}",1,"{'id': 18, 'abbrev': 'GWS', 'name': 'GWS Giants'}",1,Docklands Stadium,92.75,"{'id': 13, 'name': 'Melbourne Cricket Ground', 'display_name': 'MCG', 'short_name': 'MCG', 'abbrev': 'MCG'}","{'id': 7, 'name': 'Docklands Stadium', 'display_name': 'Marvel Stadium', 'short_name': 'Marvel', 'abbrev': 'MARV'}","{'id': 17, 'name': 'ENGIE Stadium', 'display_name': 'ENGIE Stadium', 'short_name': 'ENGIE', 'abbrev': 'ENS'}",96.6098,1.0188679245283019,1.1083413231064239,5593.425605536332,0
0,371,296347,Josh,Kelly,GWS,210,21,0,433100,1235,0,14,0,-105400,195,413,0,1491,2025-08-03T10:13:46+10:00,0,138,0,166,0,51,0,59,0,7,0,-11,0,0,0,3,0,5,80.2,3272,88.2143,77.3333,WBD,86.0667,1,"{'id': 9, 'abbrev': 'NTH', 'name': 'North Melbourne'}",0,"{'id': 17, 'abbrev': 'GCS', 'name': 'Gold Coast'}",1,"{'id': 13, 'abbrev': 'STK', 'name': 'St Kilda'}",0,Docklands Stadium,101.217,"{'id': 11, 'name': 'Manuka Oval', 'display_name': 'Manuka Oval', 'short_name': 'Manuka', 'abbrev': 'MO'}","{'id': 5, 'name': 'Carrara Stadium', 'display_name': 'People First Stadium', 'short_name': 'People First', 'abbrev': 'PFS'}","{'id': 17, 'name': 'ENGIE Stadium', 'display_name': 'ENGIE Stadium', 'short_name': 'ENGIE', 'abbrev': 'ENS'}",67.2283,,0.8283031522468142,4909.6348324478,-15
0,538,1011640,Jason,Horne-Francis,PTA,155,21,0,438600,1417,0,15,0,-98400,134,413,0,1354,2025-08-03T10:13:46+10:00,0,201,0,112,0,62,0,44,0,19,0,-24,0,0,0,14,0,13,96.4,3449,94.4667,86.0,GEE,67.2,1,"{'id': 6, 'abbrev': 'FRE', 'name': 'Fremantle'}",0,"{'id': 3, 'abbrev': 'CAR', 'name': 'Carlton'}",1,"{'id': 17, 'abbrev': 'GCS', 'name': 'Gold Coast'}",0,Kardinia Park,104.0,"{'id': 1, 'name': 'Adelaide Oval', 'display_name': 'Adelaide Oval', 'short_name': 'Adelaide', 'abbrev': 'AO'}","{'id': 7, 'name': 'Docklands Stadium', 'display_name': 'Marvel Stadium', 'short_name': 'Marvel', 'abbrev': 'MARV'}","{'id': 1, 'name': 'Adelaide Oval', 'display_name': 'Adelaide Oval', 'short_name': 'Adelaide', 'abbrev': 'AO'}",70.865,,1.0465288035450517,4642.905912877236,-21
0,561,294318,Ollie,Wines,PTA,81,21,120,476200,1684,1,18,-14800,-59200,88,36,98,1602,2025-08-03T10:13:45+10:00,11,178,21,290,4,65,8,79,3,19,-1,-23,0,21,0,3,0,5,100.0,3714,93.5556,87.3333,GEE,99.5882,1,"{'id': 6, 'abbrev': 'FRE', 'name': 'Fremantle'}",0,"{'id': 3, 'abbrev': 'CAR', 'name': 'Carlton'}",1,"{'id': 17, 'abbrev': 'GCS', 'name': 'Gold Coast'}",0,Kardinia Park,102.333,"{'id': 1, 'name': 'Adelaide Oval', 'display_name': 'Adelaide Oval', 'short_name': 'Adelaide', 'abbrev': 'AO'}","{'id': 7, 'name': 'Docklands Stadium', 'display_name': 'Marvel Stadium', 'short_name': 'Marvel', 'abbrev': 'MARV'}","{'id': 1, 'name': 'Adelaide Oval', 'display_name': 'Adelaide Oval', 'short_name': 'Adelaide', 'abbrev': 'AO'}",76.3098,1.2244897959183674,1.0511860174781522,5090.021334906729,7
0,322,1015889,Max,Holmes,GEE,10,21,154,578500,2239,1,20,30500,44600,14,5,97,2033,2025-08-03T10:13:45+10:00,25,340,10,202,7,111,2,69,0,18,0,-18,0,0,2,11,0,8,114.2,4704,111.95,133.0,PTA,85.1667,0,"{'id': 5, 'abbrev': 'ESS', 'name': 'Essendon'}",0,"{'id': 14, 'abbrev': 'SYD', 'name': 'Sydney'}",1,"{'id': 12, 'abbrev': 'RIC', 'name': 'Richmond'}",1,Kardinia Park,93.2162,"{'id': 10, 'name': 'Kardinia Park', 'display_name': 'GMHBA Stadium', 'short_name': 'GMHBA', 'abbrev': 'GMS'}","{'id': 16, 'name': 'Sydney Cricket Ground', 'display_name': 'SCG', 'short_name': 'SCG', 'abbrev': 'SCG'}","{'id': 13, 'name': 'Melbourne Cricket Ground', 'display_name': 'MCG', 'short_name': 'MCG', 'abbrev': 'MCG'}",96.6509,1.5876288659793814,1.101328086571569,5167.485484591335,4
0,427,297566,James,Sicily,HAW,123,21,87,470900,1534,1,17,20000,-62000,122,130,126,1971,2025-08-03T10:13:45+10:00,15,226,3,102,11,115,1,25,0,20,-2,-20,0,0,0,6,0,2,99.6,4104,90.2353,105.667,ADE,91.1111,1,"{'id': 4, 'abbrev': 'COL', 'name': 'Collingwood'}",0,"{'id': 10, 'abbrev': 'MEL', 'name': 'Melbourne'}",0,"{'id': 2, 'abbrev': 'BRL', 'name': 'Brisbane'}",1,Adelaide Oval,80.6667,"{'id': 13, 'name': 'Melbourne Cricket Ground', 'display_name': 'MCG', 'short_name': 'MCG', 'abbrev': 'MCG'}","{'id': 13, 'name': 'Melbourne Cricket Ground', 'display_name': 'MCG', 'short_name': 'MCG', 'abbrev': 'MCG'}","{'id': 4, 'name': 'Brisbane Cricket Ground', 'display_name': 'Gabba', 'short_name': 'Gabba', 'abbrev': 'G'}",84.323,0.6904761904761905,0.778285134449518,5218.578538554202,-1
0,726,1008280,Ed,Richards,WBD,18,21,100,515600,2199,1,20,-18800,-15400,11,77,99,2095,2025-08-03T10:13:45+10:00,11,307,10,209,5,68,3,75,1,18,0,-15,0,0,1,18,0,12,102.6,4482,109.95,93.0,GWS,86.5556,0,"{'id': 10, 'abbrev': 'MEL', 'name': 'Melbourne'}",1,"{'id': 16, 'abbrev': 'WCE', 'name': 'West Coast'}",0,"{'id': 6, 'abbrev': 'FRE', 'name': 'Fremantle'}",0,Docklands Stadium,79.9118,"{'id': 13, 'name': 'Melbourne Cricket Ground', 'display_name': 'MCG', 'short_name': 'MCG', 'abbrev': 'MCG'}","{'id': 7, 'name': 'Docklands Stadium', 'display_name': 'Marvel Stadium', 'short_name': 'Marvel', 'abbrev': 'MARV'}","{'id': 7, 'name': 'Docklands Stadium', 'display_name': 'Marvel Stadium', 'short_name': 'Marvel', 'abbrev': 'MARV'}",92.0896,1.0101010101010102,1.0496420047732697,4689.404274670304,-7
0,420,1020895,Jai,Newcombe,HAW,48,21,81,413200,1899,1,20,-25000,-116500,48,152,106,2007,2025-08-03T10:13:45+10:00,7,203,12,240,3,68,6,106,0,42,-1,-28,0,0,0,8,0,6,77.4,4211,94.95,69.0,ADE,91.0,1,"{'id': 4, 'abbrev': 'COL', 'name': 'Collingwood'}",0,"{'id': 10, 'abbrev': 'MEL', 'name': 'Melbourne'}",0,"{'id': 2, 'abbrev': 'BRL', 'name': 'Brisbane'}",1,Adelaide Oval,83.4286,"{'id': 13, 'name': 'Melbourne Cricket Ground', 'display_name': 'MCG', 'short_name': 'MCG', 'abbrev': 'MCG'}","{'id': 13, 'name': 'Melbourne Cricket Ground', 'display_name': 'MCG', 'short_name': 'MCG', 'abbrev': 'MCG'}","{'id': 4, 'name': 'Brisbane Cricket Ground', 'display_name': 'Gabba', 'short_name': 'Gabba', 'abbrev': 'G'}",86.5215,0.7641509433962265,0.9461883408071748,4351.764086361242,0
0,225,998145,Sean,Darcy,FRE,289,21,89,441600,1018,1,13,19200,-87800,297,118,84,1043,2025-08-03T10:13:45+10:00,7,57,3,64,1,17,6,41,4,20,-1,-23,24,349,0,5,0,1,87.8,2912,78.3077,99.3333,CAR,106.111,0,"{'id': 11, 'abbrev': 'PTA', 'name': 'Port Adelaide'}",1,"{'id': 2, 'abbrev': 'BRL', 'name': 'Brisbane'}",0,"{'id': 15, 'abbrev': 'WBD', 'name': 'Western Bulldogs'}",1,Perth Stadium,98.1148,"{'id': 1, 'name': 'Adelaide Oval', 'display_name': 'Adelaide Oval', 'short_name': 'Adelaide', 'abbrev': 'AO'}","{'id': 53, 'name': 'Perth Stadium', 'display_name': 'Optus Stadium', 'short_name': 'Optus', 'abbrev': 'OS'}","{'id': 7, 'name': 'Docklands Stadium', 'display_name': 'Marvel Stadium', 'short_name': 'Marvel', 'abbrev': 'MARV'}",59.8315,1.0595238095238095,0.9760306807286673,5639.29217688682,8
0,553,1001299,Connor,Rozee,PTA,49,21,0,536500,1895,0,18,0,7100,34,413,0,1988,2025-08-03T10:13:46+10:00,0,330,0,172,0,89,0,65,0,25,0,-19,0,0,0,8,0,7,101.6,4509,105.278,92.6667,GEE,93.5714,1,"{'id': 6, 'abbrev': 'FRE', 'name': 'Fremantle'}",0,"{'id': 3, 'abbrev': 'CAR', 'name': 'Carlton'}",1,"{'id': 17, 'abbrev': 'GCS', 'name': 'Gold Coast'}",0,Kardinia Park,72.5,"{'id': 1, 'name': 'Adelaide Oval', 'display_name': 'Adelaide Oval', 'short_name': 'Adelaide', 'abbrev': 'AO'}","{'id': 7, 'name': 'Docklands Stadium', 'display_name': 'Marvel Stadium', 'short_name': 'Marvel', 'abbrev': 'MARV'}","{'id': 1, 'name': 'Adelaide Oval', 'display_name': 'Adelaide Oval', 'short_name': 'Adelaide', 'abbrev': 'AO'}",92.6443,,0.9532193158953722,5096.031459564201,-15
0,70,1000978,Hugh,McCluggage,BRL,3,21,157,583900,2379,1,20,20700,55400,4,3,104,2087,2025-08-03T10:13:45+10:00,18,296,16,236,3,83,7,99,2,25,-2,-29,0,0,0,10,0,9,119.2,4582,118.95,128.667,COL,96.0,1,"{'id': 14, 'abbrev': 'SYD', 'name': 'Sydney'}",0,"{'id': 6, 'abbrev': 'FRE', 'name': 'Fremantle'}",1,"{'id': 8, 'abbrev': 'HAW', 'name': 'Hawthorn'}",0,Melbourne Cricket Ground,99.8,"{'id': 4, 'name': 'Brisbane Cricket Ground', 'display_name': 'Gabba', 'short_name': 'Gabba', 'abbrev': 'G'}","{'id': 53, 'name': 'Perth Stadium', 'display_name': 'Optus Stadium', 'short_name': 'Optus', 'abbrev': 'OS'}","{'id': 4, 'name': 'Brisbane Cricket Ground', 'display_name': 'Gabba', 'short_name': 'Gabba', 'abbrev': 'G'}",94.1442,1.5096153846153846,1.1399137517968376,4908.785203867171,1
0,701,996708,Bailey,Dale,WBD,28,21,97,490100,2055,1,20,4900,-38000,26,92,101,2114,2025-08-03T10:13:45+10:00,17,391,5,144,5,91,0,24,0,10,0,-13,0,0,0,4,0,3,92.2,4537,102.75,101.0,GWS,74.8667,0,"{'id': 10, 'abbrev': 'MEL', 'name': 'Melbourne'}",1,"{'id': 16, 'abbrev': 'WCE', 'name': 'West Coast'}",0,"{'id': 6, 'abbrev': 'FRE', 'name': 'Fremantle'}",0,Docklands Stadium,84.6136,"{'id': 13, 'name': 'Melbourne Cricket Ground', 'display_name': 'MCG', 'short_name': 'MCG', 'abbrev': 'MCG'}","{'id': 7, 'name': 'Docklands Stadium', 'display_name': 'Marvel Stadium', 'short_name': 'Marvel', 'abbrev': 'MARV'}","{'id': 7, 'name': 'Docklands Stadium', 'display_name': 'Marvel Stadium', 'short_name': 'Marvel', 'abbrev': 'MARV'}",93.2196,0.9603960396039604,0.9720908230842006,4769.829683698297,-2
0,416,1006314,Dylan,Moore,HAW,83,21,83,443600,1669,1,20,10800,-83100,82,143,122,2124,2025-08-03T10:13:45+10:00,3,206,12,163,1,79,5,80,0,27,0,-14,0,0,1,17,0,16,81.0,4461,83.45,95.0,ADE,108.0,1,"{'id': 4, 'abbrev': 'COL', 'name': 'Collingwood'}",0,"{'id': 10, 'abbrev': 'MEL', 'name': 'Melbourne'}",0,"{'id': 2, 'abbrev': 'BRL', 'name': 'Brisbane'}",1,Adelaide Oval,85.2222,"{'id': 13, 'name': 'Melbourne Cricket Ground', 'display_name': 'MCG', 'short_name': 'MCG', 'abbrev': 'MCG'}","{'id': 13, 'name': 'Melbourne Cricket Ground', 'display_name': 'MCG', 'short_name': 'MCG', 'abbrev': 'MCG'}","{'id': 4, 'name': 'Brisbane Cricket Ground', 'display_name': 'Gabba', 'short_name': 'Gabba', 'abbrev': 'G'}",91.6581,0.680327868852459,0.7857815442561206,5315.75793888556,-1
0,654,1006028,Nick,Blakey,SYD,35,21,155,525800,1985,1,20,15800,600,42,4,117,2180,2025-08-03T10:13:45+10:00,23,347,5,82,10,107,3,30,0,16,0,-9,0,0,0,8,1,6,109.0,4349,99.25,114.333,ESS,80.25,0,"{'id': 2, 'abbrev': 'BRL', 'name': 'Brisbane'}",1,"{'id': 7, 'abbrev': 'GEE', 'name': 'Geelong'}",0,"{'id': 16, 'abbrev': 'WCE', 'name': 'West Coast'}",1,Sydney Cricket Ground,81.9836,"{'id': 4, 'name': 'Brisbane Cricket Ground', 'display_name': 'Gabba', 'short_name': 'Gabba', 'abbrev': 'G'}","{'id': 16, 'name': 'Sydney Cricket Ground', 'display_name': 'SCG', 'short_name': 'SCG', 'abbrev': 'SCG'}","{'id': 53, 'name': 'Perth Stadium', 'display_name': 'Optus Stadium', 'short_name': 'Optus', 'abbrev': 'OS'}",89.3569,1.3247863247863247,0.9105504587155964,5297.732997481108,7
0,32,1001195,Izak,Rankine,ADE,34,21,129,485700,1986,1,20,-4500,-35900,38,23,112,2152,2025-08-03T10:13:45+10:00,12,253,4,158,3,78,3,71,1,28,-1,-27,0,0,3,29,1,20,104.2,4791,99.3,95.0,HAW,83.4286,0,"{'id': 16, 'abbrev': 'WCE', 'name': 'West Coast'}",1,"{'id': 4, 'abbrev': 'COL', 'name': 'Collingwood'}",0,"{'id': 9, 'abbrev': 'NTH', 'name': 'North Melbourne'}",1,Adelaide Oval,94.4,"{'id': 53, 'name': 'Perth Stadium', 'display_name': 'Optus Stadium', 'short_name': 'Optus', 'abbrev': 'OS'}","{'id': 1, 'name': 'Adelaide Oval', 'display_name': 'Adelaide Oval', 'short_name': 'Adelaide', 'abbrev': 'AO'}","{'id': 7, 'name': 'Docklands Stadium', 'display_name': 'Marvel Stadium', 'short_name': 'Marvel', 'abbrev': 'MARV'}",98.4385,1.1517857142857142,0.9228624535315985,4891.238670694865,4
0,343,291800,Tom,Stewart,GEE,180,21,100,462100,1339,1,15,-24100,-58900,192,77,91,1443,2025-08-03T10:13:45+10:00,12,219,9,56,7,113,2,19,1,16,-3,-14,0,0,0,0,0,0,88.4,4098,89.2667,79.3333,PTA,101.3,0,"{'id': 5, 'abbrev': 'ESS', 'name': 'Essendon'}",0,"{'id': 14, 'abbrev': 'SYD', 'name': 'Sydney'}",1,"{'id': 12, 'abbrev': 'RIC', 'name': 'Richmond'}",1,Kardinia Park,100.879,"{'id': 10, 'name': 'Kardinia Park', 'display_name': 'GMHBA Stadium', 'short_name': 'GMHBA', 'abbrev': 'GMS'}","{'id': 16, 'name': 'Sydney Cricket Ground', 'display_name': 'SCG', 'short_name': 'SCG', 'abbrev': 'SCG'}","{'id': 13, 'name': 'Melbourne Cricket Ground', 'display_name': 'MCG', 'short_name': 'MCG', 'abbrev': 'MCG'}",84.1997,1.098901098901099,0.9279279279279279,5176.622413509181,12
0,71,1005521,Oscar,McInerney,BRL,349,21,0,323800,789,0,11,0,-193500,338,413,0,1082,2025-08-03T10:13:46+10:00,0,63,0,44,0,18,0,33,0,13,0,-12,0,307,0,4,0,3,50.8,2190,71.7273,45.6667,COL,86.0909,1,"{'id': 14, 'abbrev': 'SYD', 'name': 'Sydney'}",0,"{'id': 6, 'abbrev': 'FRE', 'name': 'Fremantle'}",1,"{'id': 8, 'abbrev': 'HAW', 'name': 'Hawthorn'}",0,Melbourne Cricket Ground,83.9,"{'id': 4, 'name': 'Brisbane Cricket Ground', 'display_name': 'Gabba', 'short_name': 'Gabba', 'abbrev': 'G'}","{'id': 53, 'name': 'Perth Stadium', 'display_name': 'Optus Stadium', 'short_name': 'Optus', 'abbrev': 'OS'}","{'id': 4, 'name': 'Brisbane Cricket Ground', 'display_name': 'Gabba', 'short_name': 'Gabba', 'abbrev': 'G'}",44.9969,,0.7292051756007394,4514.320210017664,-11
0,350,1008436,Kieren,Briggs,GWS,205,21,58,454200,1249,1,16,-33200,-62100,210,255,80,1339,2025-08-03T10:13:45+10:00,4,93,4,75,1,32,2,47,1,15,-4,-29,32,439,0,3,0,2,94.6,3141,78.0625,72.6667,WBD,72.5,1,"{'id': 9, 'abbrev': 'NTH', 'name': 'North Melbourne'}",0,"{'id': 17, 'abbrev': 'GCS', 'name': 'Gold Coast'}",1,"{'id': 13, 'abbrev': 'STK', 'name': 'St Kilda'}",0,Docklands Stadium,77.0,"{'id': 11, 'name': 'Manuka Oval', 'display_name': 'Manuka Oval', 'short_name': 'Manuka', 'abbrev': 'MO'}","{'id': 5, 'name': 'Carrara Stadium', 'display_name': 'People First Stadium', 'short_name': 'People First', 'abbrev': 'PFS'}","{'id': 17, 'name': 'ENGIE Stadium', 'display_name': 'ENGIE Stadium', 'short_name': 'ENGIE', 'abbrev': 'ENS'}",64.5367,0.725,0.9327856609410008,5818.414731785429,5
0,762,295898,Tim,Kelly,WCE,218,21,100,365200,1218,1,17,37900,-149100,236,77,114,1740,2025-08-03T10:13:45+10:00,13,144,13,142,3,50,5,46,2,8,-1,-16,0,0,0,4,0,8,80.2,2370,71.6471,94.3333,MEL,103.818,1,"{'id': 1, 'abbrev': 'ADE', 'name': 'Adelaide'}",0,"{'id': 15, 'abbrev': 'WBD', 'name': 'Western Bulldogs'}",1,"{'id': 14, 'abbrev': 'SYD', 'name': 'Sydney'}",0,Docklands Stadium,89.8,"{'id': 53, 'name': 'Perth Stadium', 'display_name': 'Optus Stadium', 'short_name': 'Optus', 'abbrev': 'OS'}","{'id': 7, 'name': 'Docklands Stadium', 'display_name': 'Marvel Stadium', 'short_name': 'Marvel', 'abbrev': 'MARV'}","{'id': 53, 'name': 'Perth Stadium', 'display_name': 'Optus Stadium', 'short_name': 'Optus', 'abbrev': 'OS'}",48.6953,0.8771929824561403,0.7,5097.205609159339,18
0,197,998102,Andrew,McGrath,ESS,129,21,131,411500,1507,1,19,24200,-102500,147,19,106,1974,2025-08-03T10:13:45+10:00,13,183,13,231,2,66,5,38,0,9,0,-11,0,0,0,0,1,2,86.2,2597,79.3158,96.0,SYD,86.0,1,"{'id': 7, 'abbrev': 'GEE', 'name': 'Geelong'}",1,"{'id': 13, 'abbrev': 'STK', 'name': 'St Kilda'}",0,"{'id': 3, 'abbrev': 'CAR', 'name': 'Carlton'}",0,Sydney Cricket Ground,86.4286,"{'id': 10, 'name': 'Kardinia Park', 'display_name': 'GMHBA Stadium', 'short_name': 'GMHBA', 'abbrev': 'GMS'}","{'id': 7, 'name': 'Docklands Stadium', 'display_name': 'Marvel Stadium', 'short_name': 'Marvel', 'abbrev': 'MARV'}","{'id': 13, 'name': 'Melbourne Cricket Ground', 'display_name': 'MCG', 'short_name': 'MCG', 'abbrev': 'MCG'}",53.3594,1.2358490566037736,0.7634245187436677,5188.121408344869,18
0,602,998172,Tim,Taranto,RIC,64,21,0,522700,1828,0,18,0,13300,43,413,0,1934,2025-08-03T10:13:46+10:00,0,193,0,276,0,58,0,89,0,22,0,-14,0,0,0,14,0,4,108.6,3995,101.556,120.0,GCS,96.1818,1,"{'id': 13, 'abbrev': 'STK', 'name': 'St Kilda'}",0,"{'id': 9, 'abbrev': 'NTH', 'name': 'North Melbourne'}",1,"{'id': 7, 'abbrev': 'GEE', 'name': 'Geelong'}",0,Carrara Stadium,83.8571,"{'id': 13, 'name': 'Melbourne Cricket Ground', 'display_name': 'MCG', 'short_name': 'MCG', 'abbrev': 'MCG'}","{'id': 226, 'name': 'Ninja Stadium', 'display_name': 'Ninja Stadium', 'short_name': 'Ninja', 'abbrev': 'NIN'}","{'id': 13, 'name': 'Melbourne Cricket Ground', 'display_name': 'MCG', 'short_name': 'MCG', 'abbrev': 'MCG'}",82.0834,,0.9451913133402275,5146.91401788176,-21
0,232,1009399,Luke,Jackson,FRE,31,21,142,581200,2020,1,17,19800,71900,35,10,112,1754,2025-08-03T10:13:45+10:00,7,123,20,186,1,55,6,71,4,26,-2,-25,18,420,1,16,0,3,109.4,4811,118.824,127.667,CAR,79.0,0,"{'id': 11, 'abbrev': 'PTA', 'name': 'Port Adelaide'}",1,"{'id': 2, 'abbrev': 'BRL', 'name': 'Brisbane'}",0,"{'id': 15, 'abbrev': 'WBD', 'name': 'Western Bulldogs'}",1,Perth Stadium,105.368,"{'id': 1, 'name': 'Adelaide Oval', 'display_name': 'Adelaide Oval', 'short_name': 'Adelaide', 'abbrev': 'AO'}","{'id': 53, 'name': 'Perth Stadium', 'display_name': 'Optus Stadium', 'short_name': 'Optus', 'abbrev': 'OS'}","{'id': 7, 'name': 'Docklands Stadium', 'display_name': 'Marvel Stadium', 'short_name': 'Marvel', 'abbrev': 'MARV'}",98.8494,1.2678571428571428,1.1516533637400228,4891.2677573554165,4
0,688,1006126,James,Rowbottom,SYD,87,21,82,390700,1647,1,20,-16900,-118600,87,149,96,1944,2025-08-03T10:13:45+10:00,8,188,4,139,5,42,6,151,0,31,0,-23,0,0,1,6,2,11,77.8,2962,82.35,69.0,ESS,73.4444,0,"{'id': 2, 'abbrev': 'BRL', 'name': 'Brisbane'}",1,"{'id': 7, 'abbrev': 'GEE', 'name': 'Geelong'}",0,"{'id': 16, 'abbrev': 'WCE', 'name': 'West Coast'}",1,Sydney Cricket Ground,83.625,"{'id': 4, 'name': 'Brisbane Cricket Ground', 'display_name': 'Gabba', 'short_name': 'Gabba', 'abbrev': 'G'}","{'id': 16, 'name': 'Sydney Cricket Ground', 'display_name': 'SCG', 'short_name': 'SCG', 'abbrev': 'SCG'}","{'id': 53, 'name': 'Perth Stadium', 'display_name': 'Optus Stadium', 'short_name': 'Optus', 'abbrev': 'OS'}",60.8588,0.8541666666666666,0.8472222222222222,4744.3837279902855,0
0,175,1006103,Jye,Caldwell,ESS,264,21,0,531200,1108,0,11,0,24900,242,413,0,1012,2025-08-03T10:13:46+10:00,0,137,0,148,0,44,0,74,0,8,0,-12,0,0,0,5,0,3,111.4,2562,100.727,110.667,SYD,69.2857,1,"{'id': 7, 'abbrev': 'GEE', 'name': 'Geelong'}",1,"{'id': 13, 'abbrev': 'STK', 'name': 'St Kilda'}",0,"{'id': 3, 'abbrev': 'CAR', 'name': 'Carlton'}",0,Sydney Cricket Ground,57.5,"{'id': 10, 'name': 'Kardinia Park', 'display_name': 'GMHBA Stadium', 'short_name': 'GMHBA', 'abbrev': 'GMS'}","{'id': 7, 'name': 'Docklands Stadium', 'display_name': 'Marvel Stadium', 'short_name': 'Marvel', 'abbrev': 'MARV'}","{'id': 13, 'name': 'Melbourne Cricket Ground', 'display_name': 'MCG', 'short_name': 'MCG', 'abbrev': 'MCG'}",52.6402,,1.0948616600790513,5273.660488250419,-22
0,16,1004863,Mitchell,Hinge,ADE,148,21,49,313900,1433,1,19,-19200,-189700,145,302,103,1846,2025-08-03T10:13:46+10:00,10,222,4,86,2,85,4,55,1,18,0,-15,0,0,0,1,0,1,57.2,2685,75.4211,52.3333,HAW,68.0,0,"{'id': 16, 'abbrev': 'WCE', 'name': 'West Coast'}",1,"{'id': 4, 'abbrev': 'COL', 'name': 'Collingwood'}",0,"{'id': 9, 'abbrev': 'NTH', 'name': 'North Melbourne'}",1,Adelaide Oval,81.5435,"{'id': 53, 'name': 'Perth Stadium', 'display_name': 'Optus Stadium', 'short_name': 'Optus', 'abbrev': 'OS'}","{'id': 1, 'name': 'Adelaide Oval', 'display_name': 'Adelaide Oval', 'short_name': 'Adelaide', 'abbrev': 'AO'}","{'id': 7, 'name': 'Docklands Stadium', 'display_name': 'Marvel Stadium', 'short_name': 'Marvel', 'abbrev': 'MARV'}",55.1675,0.47572815533980584,0.776273022751896,4161.965285576583,-3
0,28,297523,Reilly,O'Brien,ADE,45,21,131,486100,1907,1,20,1400,-16600,56,19,113,2166,2025-08-03T10:13:45+10:00,11,135,7,115,3,62,1,67,2,35,-3,-37,43,788,0,3,0,3,100.6,3561,95.35,98.3333,HAW,117.778,0,"{'id': 16, 'abbrev': 'WCE', 'name': 'West Coast'}",1,"{'id': 4, 'abbrev': 'COL', 'name': 'Collingwood'}",0,"{'id': 9, 'abbrev': 'NTH', 'name': 'North Melbourne'}",1,Adelaide Oval,96.7051,"{'id': 53, 'name': 'Perth Stadium', 'display_name': 'Optus Stadium', 'short_name': 'Optus', 'abbrev': 'OS'}","{'id': 1, 'name': 'Adelaide Oval', 'display_name': 'Adelaide Oval', 'short_name': 'Adelaide', 'abbrev': 'AO'}","{'id': 7, 'name': 'Docklands Stadium', 'display_name': 'Marvel Stadium', 'short_name': 'Marvel', 'abbrev': 'MARV'}",73.1662,1.1592920353982301,0.8804247460757156,5098.059779758783,11
0,88,296294,Blake,Acres,CAR,269,21,68,372700,1096,1,16,-3200,-127900,267,213,105,1653,2025-08-03T10:13:45+10:00,10,171,6,117,3,71,2,45,0,11,-1,-14,0,0,1,5,0,7,73.0,1561,68.5,73.0,FRE,66.7143,1,"{'id': 17, 'abbrev': 'GCS', 'name': 'Gold Coast'}",0,"{'id': 11, 'abbrev': 'PTA', 'name': 'Port Adelaide'}",0,"{'id': 5, 'abbrev': 'ESS', 'name': 'Essendon'}",1,Perth Stadium,75.1111,"{'id': 7, 'name': 'Docklands Stadium', 'display_name': 'Marvel Stadium', 'short_name': 'Marvel', 'abbrev': 'MARV'}","{'id': 7, 'name': 'Docklands Stadium', 'display_name': 'Marvel Stadium', 'short_name': 'Marvel', 'abbrev': 'MARV'}","{'id': 13, 'name': 'Melbourne Cricket Ground', 'display_name': 'MCG', 'short_name': 'MCG', 'abbrev': 'MCG'}",32.0731,0.6476190476190476,0.663036902601331,5440.875912408759,-2
0,291,1000981,Daniel,Rioli,GCS,144,21,0,417000,1436,0,17,0,-83400,127,413,0,1731,2025-08-03T10:13:46+10:00,0,183,0,143,0,62,0,46,0,12,0,-10,0,0,0,7,0,1,79.0,3070,84.4706,87.3333,RIC,49.0,0,"{'id': 3, 'abbrev': 'CAR', 'name': 'Carlton'}",1,"{'id': 18, 'abbrev': 'GWS', 'name': 'GWS Giants'}",0,"{'id': 11, 'abbrev': 'PTA', 'name': 'Port Adelaide'}",1,Carrara Stadium,94.4,"{'id': 7, 'name': 'Docklands Stadium', 'display_name': 'Marvel Stadium', 'short_name': 'Marvel', 'abbrev': 'MARV'}","{'id': 5, 'name': 'Carrara Stadium', 'display_name': 'People First Stadium', 'short_name': 'People First', 'abbrev': 'PFS'}","{'id': 1, 'name': 'Adelaide Oval', 'display_name': 'Adelaide Oval', 'short_name': 'Adelaide', 'abbrev': 'AO'}",63.0779,,0.829578278451762,4936.628838909633,-17
0,367,296324,Jesse,Hogan,GWS,243,21,6,329100,1163,1,15,-45000,-168700,223,408,94,1685,2025-08-03T10:13:46+10:00,1,106,2,48,0,76,0,20,1,16,-1,-10,0,0,0,43,0,13,60.8,4137,77.5333,41.0,WBD,85.4286,1,"{'id': 9, 'abbrev': 'NTH', 'name': 'North Melbourne'}",0,"{'id': 17, 'abbrev': 'GCS', 'name': 'Gold Coast'}",1,"{'id': 13, 'abbrev': 'STK', 'name': 'St Kilda'}",0,Docklands Stadium,76.4091,"{'id': 11, 'name': 'Manuka Oval', 'display_name': 'Manuka Oval', 'short_name': 'Manuka', 'abbrev': 'MO'}","{'id': 5, 'name': 'Carrara Stadium', 'display_name': 'People First Stadium', 'short_name': 'People First', 'abbrev': 'PFS'}","{'id': 17, 'name': 'ENGIE Stadium', 'display_name': 'ENGIE Stadium', 'short_name': 'ENGIE', 'abbrev': 'ENS'}",85.001,0.06382978723404255,0.6902077151335312,4244.627792187357,-20
0,107,294036,George,Hewett,CAR,9,21,120,525100,2248,1,20,-8500,28600,8,36,111,2033,2025-08-03T10:13:45+10:00,21,220,15,333,1,63,6,119,2,36,0,-29,0,0,0,6,0,3,103.6,4388,112.4,100.667,FRE,84.8182,1,"{'id': 17, 'abbrev': 'GCS', 'name': 'Gold Coast'}",0,"{'id': 11, 'abbrev': 'PTA', 'name': 'Port Adelaide'}",0,"{'id': 5, 'abbrev': 'ESS', 'name': 'Essendon'}",1,Perth Stadium,98.4,"{'id': 7, 'name': 'Docklands Stadium', 'display_name': 'Marvel Stadium', 'short_name': 'Marvel', 'abbrev': 'MARV'}","{'id': 7, 'name': 'Docklands Stadium', 'display_name': 'Marvel Stadium', 'short_name': 'Marvel', 'abbrev': 'MARV'}","{'id': 13, 'name': 'Melbourne Cricket Ground', 'display_name': 'MCG', 'short_name': 'MCG', 'abbrev': 'MCG'}",90.1582,1.0810810810810811,1.1057550418101327,4671.7081850533805,-1
0,646,296422,Callum,Wilkie,STK,61,21,100,419400,1852,1,20,-17000,-74900,63,77,122,2518,2025-08-03T10:13:45+10:00,13,273,4,101,7,167,0,30,0,15,0,-16,0,0,0,0,0,0,79.8,3908,92.6,74.6667,NTH,94.875,0,"{'id': 12, 'abbrev': 'RIC', 'name': 'Richmond'}",1,"{'id': 5, 'abbrev': 'ESS', 'name': 'Essendon'}",1,"{'id': 18, 'abbrev': 'GWS', 'name': 'GWS Giants'}",1,Docklands Stadium,84.8442,"{'id': 13, 'name': 'Melbourne Cricket Ground', 'display_name': 'MCG', 'short_name': 'MCG', 'abbrev': 'MCG'}","{'id': 7, 'name': 'Docklands Stadium', 'display_name': 'Marvel Stadium', 'short_name': 'Marvel', 'abbrev': 'MARV'}","{'id': 17, 'name': 'ENGIE Stadium', 'display_name': 'ENGIE Stadium', 'short_name': 'ENGIE', 'abbrev': 'ENS'}",80.2959,0.819672131147541,0.7355043685464655,4529.157667386609,2
0,389,297354,Karl,Amon,HAW,70,21,100,419900,1789,1,19,-16600,-74000,70,77,110,1997,2025-08-03T10:13:45+10:00,15,322,8,125,1,87,5,45,1,13,-1,-10,0,0,0,2,0,2,79.2,4071,94.1579,75.0,ADE,79.0,1,"{'id': 4, 'abbrev': 'COL', 'name': 'Collingwood'}",0,"{'id': 10, 'abbrev': 'MEL', 'name': 'Melbourne'}",0,"{'id': 2, 'abbrev': 'BRL', 'name': 'Brisbane'}",1,Adelaide Oval,77.1094,"{'id': 13, 'name': 'Melbourne Cricket Ground', 'display_name': 'MCG', 'short_name': 'MCG', 'abbrev': 'MCG'}","{'id': 13, 'name': 'Melbourne Cricket Ground', 'display_name': 'MCG', 'short_name': 'MCG', 'abbrev': 'MCG'}","{'id': 4, 'name': 'Brisbane Cricket Ground', 'display_name': 'Gabba', 'short_name': 'Gabba', 'abbrev': 'G'}",83.645,0.9090909090909091,0.8958437656484727,4459.530214671313,0
0,605,294674,Nick,Vlastuin,RIC,50,21,138,529600,1889,1,20,46900,37500,64,15,98,2099,2025-08-03T10:13:45+10:00,14,292,6,108,8,126,4,45,4,33,0,-22,0,0,0,0,1,1,115.0,3757,94.45,132.333,GCS,101.538,1,"{'id': 13, 'abbrev': 'STK', 'name': 'St Kilda'}",0,"{'id': 9, 'abbrev': 'NTH', 'name': 'North Melbourne'}",1,"{'id': 7, 'abbrev': 'GEE', 'name': 'Geelong'}",0,Carrara Stadium,98.3636,"{'id': 13, 'name': 'Melbourne Cricket Ground', 'display_name': 'MCG', 'short_name': 'MCG', 'abbrev': 'MCG'}","{'id': 226, 'name': 'Ninja Stadium', 'display_name': 'Ninja Stadium', 'short_name': 'Ninja', 'abbrev': 'NIN'}","{'id': 13, 'name': 'Melbourne Cricket Ground', 'display_name': 'MCG', 'short_name': 'MCG', 'abbrev': 'MCG'}",77.1933,1.4081632653061225,0.8999523582658409,5607.1995764955,14
0,366,993107,Harry,Himmelberg,GWS,73,21,92,486600,1768,1,20,23400,-5100,72,102,100,2254,2025-08-03T10:13:45+10:00,17,238,1,136,11,139,2,39,2,17,-2,-15,0,4,0,2,1,1,104.8,3509,88.4,110.667,WBD,78.3077,1,"{'id': 9, 'abbrev': 'NTH', 'name': 'North Melbourne'}",0,"{'id': 17, 'abbrev': 'GCS', 'name': 'Gold Coast'}",1,"{'id': 13, 'abbrev': 'STK', 'name': 'St Kilda'}",0,Docklands Stadium,77.2857,"{'id': 11, 'name': 'Manuka Oval', 'display_name': 'Manuka Oval', 'short_name': 'Manuka', 'abbrev': 'MO'}","{'id': 5, 'name': 'Carrara Stadium', 'display_name': 'People First Stadium', 'short_name': 'People First', 'abbrev': 'PFS'}","{'id': 17, 'name': 'ENGIE Stadium', 'display_name': 'ENGIE Stadium', 'short_name': 'ENGIE', 'abbrev': 'ENS'}",72.0978,0.92,0.7843833185448092,5504.524886877828,-1
0,398,1008550,Will,Day,HAW,407,21,113,474000,594,1,6,4600,-17300,428,49,94,571,2025-08-03T10:13:45+10:00,6,63,13,63,1,18,9,31,3,15,-1,-9,0,0,1,6,0,4,89.2,3734,99.0,97.6667,ADE,118.667,1,"{'id': 4, 'abbrev': 'COL', 'name': 'Collingwood'}",0,"{'id': 10, 'abbrev': 'MEL', 'name': 'Melbourne'}",0,"{'id': 2, 'abbrev': 'BRL', 'name': 'Brisbane'}",1,Adelaide Oval,93.5,"{'id': 13, 'name': 'Melbourne Cricket Ground', 'display_name': 'MCG', 'short_name': 'MCG', 'abbrev': 'MCG'}","{'id': 13, 'name': 'Melbourne Cricket Ground', 'display_name': 'MCG', 'short_name': 'MCG', 'abbrev': 'MCG'}","{'id': 4, 'name': 'Brisbane Cricket Ground', 'display_name': 'Gabba', 'short_name': 'Gabba', 'abbrev': 'G'}",76.7208,1.202127659574468,1.0402802101576183,4787.878787878788,21
0,533,1000972,Willem,Drew,PTA,85,21,114,385000,1656,1,20,14000,-102800,94,46,103,2034,2025-08-03T10:13:45+10:00,15,162,9,198,5,44,10,139,1,19,0,-26,0,0,0,2,1,6,79.6,2514,82.8,85.0,GEE,79.75,1,"{'id': 6, 'abbrev': 'FRE', 'name': 'Fremantle'}",0,"{'id': 3, 'abbrev': 'CAR', 'name': 'Carlton'}",1,"{'id': 17, 'abbrev': 'GCS', 'name': 'Gold Coast'}",0,Kardinia Park,93.25,"{'id': 1, 'name': 'Adelaide Oval', 'display_name': 'Adelaide Oval', 'short_name': 'Adelaide', 'abbrev': 'AO'}","{'id': 7, 'name': 'Docklands Stadium', 'display_name': 'Marvel Stadium', 'short_name': 'Marvel', 'abbrev': 'MARV'}","{'id': 1, 'name': 'Adelaide Oval', 'display_name': 'Adelaide Oval', 'short_name': 'Adelaide', 'abbrev': 'AO'}",51.654,1.1067961165048543,0.8141592920353983,4649.758454106281,9
0,452,281085,Steven,May,MEL,228,21,0,434000,1198,0,14,0,-53500,206,413,0,1687,2025-08-03T10:13:46+10:00,0,195,0,46,0,97,0,11,0,11,0,-13,0,0,0,0,0,0,85.4,2582,85.5714,84.3333,WCE,74.1875,0,"{'id': 15, 'abbrev': 'WBD', 'name': 'Western Bulldogs'}",0,"{'id': 8, 'abbrev': 'HAW', 'name': 'Hawthorn'}",1,"{'id': 4, 'abbrev': 'COL', 'name': 'Collingwood'}",1,Docklands Stadium,79.5455,"{'id': 13, 'name': 'Melbourne Cricket Ground', 'display_name': 'MCG', 'short_name': 'MCG', 'abbrev': 'MCG'}","{'id': 13, 'name': 'Melbourne Cricket Ground', 'display_name': 'MCG', 'short_name': 'MCG', 'abbrev': 'MCG'}","{'id': 13, 'name': 'Melbourne Cricket Ground', 'display_name': 'MCG', 'short_name': 'MCG', 'abbrev': 'MCG'}",53.0512,,0.7101363366923533,5071.788003935894,-22
0,356,1002251,Brent,Daniels,GWS,466,21,0,373600,370,0,6,0,-111400,459,413,0,414,2025-08-03T10:13:46+10:00,0,33,0,42,0,11,0,16,0,4,0,-2,0,0,0,1,0,2,53.8,1974,61.6667,57.6667,WBD,61.3333,1,"{'id': 9, 'abbrev': 'NTH', 'name': 'North Melbourne'}",0,"{'id': 17, 'abbrev': 'GCS', 'name': 'Gold Coast'}",1,"{'id': 13, 'abbrev': 'STK', 'name': 'St Kilda'}",0,Docklands Stadium,75.25,"{'id': 11, 'name': 'Manuka Oval', 'display_name': 'Manuka Oval', 'short_name': 'Manuka', 'abbrev': 'MO'}","{'id': 5, 'name': 'Carrara Stadium', 'display_name': 'People First Stadium', 'short_name': 'People First', 'abbrev': 'PFS'}","{'id': 17, 'name': 'ENGIE Stadium', 'display_name': 'ENGIE Stadium', 'short_name': 'ENGIE', 'abbrev': 'ENS'}",40.5589,,0.893719806763285,6058.3751035810255,-7
0,121,298290,Marc,Pittonet,CAR,409,21,92,433500,586,1,7,-19100,-50600,423,102,80,594,2025-08-03T10:13:45+10:00,3,32,12,52,2,12,4,24,0,10,-3,-10,23,168,0,2,0,0,87.8,1773,83.7143,76.3333,FRE,69.6667,1,"{'id': 17, 'abbrev': 'GCS', 'name': 'Gold Coast'}",0,"{'id': 11, 'abbrev': 'PTA', 'name': 'Port Adelaide'}",0,"{'id': 5, 'abbrev': 'ESS', 'name': 'Essendon'}",1,Perth Stadium,81.0,"{'id': 7, 'name': 'Docklands Stadium', 'display_name': 'Marvel Stadium', 'short_name': 'Marvel', 'abbrev': 'MARV'}","{'id': 7, 'name': 'Docklands Stadium', 'display_name': 'Marvel Stadium', 'short_name': 'Marvel', 'abbrev': 'MARV'}","{'id': 13, 'name': 'Melbourne Cricket Ground', 'display_name': 'MCG', 'short_name': 'MCG', 'abbrev': 'MCG'}",36.429,1.15,0.9865319865319865,5178.326761377686,14
0,135,1005054,Josh,Daicos,COL,32,21,100,547800,2019,1,20,-30900,65200,33,77,107,2139,2025-08-03T10:13:45+10:00,21,350,8,213,4,102,5,44,1,9,0,-14,0,0,0,3,1,4,114.6,4299,100.95,92.6667,BRL,89.7,0,"{'id': 8, 'abbrev': 'HAW', 'name': 'Hawthorn'}",1,"{'id': 1, 'abbrev': 'ADE', 'name': 'Adelaide'}",1,"{'id': 10, 'abbrev': 'MEL', 'name': 'Melbourne'}",0,Melbourne Cricket Ground,83.5443,"{'id': 13, 'name': 'Melbourne Cricket Ground', 'display_name': 'MCG', 'short_name': 'MCG', 'abbrev': 'MCG'}","{'id': 1, 'name': 'Adelaide Oval', 'display_name': 'Adelaide Oval', 'short_name': 'Adelaide', 'abbrev': 'AO'}","{'id': 13, 'name': 'Melbourne Cricket Ground', 'display_name': 'MCG', 'short_name': 'MCG', 'abbrev': 'MCG'}",88.3296,0.9345794392523364,0.9438990182328191,5426.448736998514,1
0,181,1015810,Sam,Durham,ESS,122,21,89,414100,1536,1,17,-7400,-68200,122,118,96,1690,2025-08-03T10:13:45+10:00,15,172,7,206,5,48,1,63,1,24,-1,-27,0,0,0,7,1,5,84.0,3315,90.3529,79.0,SYD,61.75,1,"{'id': 7, 'abbrev': 'GEE', 'name': 'Geelong'}",1,"{'id': 13, 'abbrev': 'STK', 'name': 'St Kilda'}",0,"{'id': 3, 'abbrev': 'CAR', 'name': 'Carlton'}",0,Sydney Cricket Ground,67.0,"{'id': 10, 'name': 'Kardinia Park', 'display_name': 'GMHBA Stadium', 'short_name': 'GMHBA', 'abbrev': 'GMS'}","{'id': 7, 'name': 'Docklands Stadium', 'display_name': 'Marvel Stadium', 'short_name': 'Marvel', 'abbrev': 'MARV'}","{'id': 13, 'name': 'Melbourne Cricket Ground', 'display_name': 'MCG', 'short_name': 'MCG', 'abbrev': 'MCG'}",68.1118,0.9270833333333334,0.9088757396449704,4583.1401095039555,0
0,202,993817,Darcy,Parish,ESS,507,21,0,473200,265,0,3,0,-8200,497,413,0,267,2025-08-03T10:13:46+10:00,0,31,0,57,0,7,0,7,0,2,0,-1,0,0,0,0,0,1,88.3333,1727,88.3333,88.3333,SYD,98.8,1,"{'id': 7, 'abbrev': 'GEE', 'name': 'Geelong'}",1,"{'id': 13, 'abbrev': 'STK', 'name': 'St Kilda'}",0,"{'id': 3, 'abbrev': 'CAR', 'name': 'Carlton'}",0,Sydney Cricket Ground,91.0,"{'id': 10, 'name': 'Kardinia Park', 'display_name': 'GMHBA Stadium', 'short_name': 'GMHBA', 'abbrev': 'GMS'}","{'id': 7, 'name': 'Docklands Stadium', 'display_name': 'Marvel Stadium', 'short_name': 'Marvel', 'abbrev': 'MARV'}","{'id': 13, 'name': 'Melbourne Cricket Ground', 'display_name': 'MCG', 'short_name': 'MCG', 'abbrev': 'MCG'}",35.4839,,0.9925093632958801,5356.983153578549,-10
0,556,992330,Jordon,Sweet,PTA,156,21,110,548900,1409,1,16,62700,70500,172,57,104,1670,2025-08-03T10:13:45+10:00,6,75,10,97,2,27,5,64,1,20,-1,-35,53,604,0,4,2,3,123.0,3087,88.0625,145.0,GEE,110.0,1,"{'id': 6, 'abbrev': 'FRE', 'name': 'Fremantle'}",0,"{'id': 3, 'abbrev': 'CAR', 'name': 'Carlton'}",1,"{'id': 17, 'abbrev': 'GCS', 'name': 'Gold Coast'}",0,Kardinia Park,110.0,"{'id': 1, 'name': 'Adelaide Oval', 'display_name': 'Adelaide Oval', 'short_name': 'Adelaide', 'abbrev': 'AO'}","{'id': 7, 'name': 'Docklands Stadium', 'display_name': 'Marvel Stadium', 'short_name': 'Marvel', 'abbrev': 'MARV'}","{'id': 1, 'name': 'Adelaide Oval', 'display_name': 'Adelaide Oval', 'short_name': 'Adelaide', 'abbrev': 'AO'}",63.4272,1.0576923076923077,0.8437125748502994,6233.073101490419,16
0,289,1007881,Wil,Powell,GCS,142,21,89,403200,1457,1,19,25900,-74000,149,118,90,2093,2025-08-03T10:13:45+10:00,12,177,5,122,5,91,3,56,1,16,0,-20,0,0,0,0,0,3,82.8,2033,76.6842,95.3333,RIC,83.1111,0,"{'id': 3, 'abbrev': 'CAR', 'name': 'Carlton'}",1,"{'id': 18, 'abbrev': 'GWS', 'name': 'GWS Giants'}",0,"{'id': 11, 'abbrev': 'PTA', 'name': 'Port Adelaide'}",1,Carrara Stadium,74.4808,"{'id': 7, 'name': 'Docklands Stadium', 'display_name': 'Marvel Stadium', 'short_name': 'Marvel', 'abbrev': 'MARV'}","{'id': 5, 'name': 'Carrara Stadium', 'display_name': 'People First Stadium', 'short_name': 'People First', 'abbrev': 'PFS'}","{'id': 1, 'name': 'Adelaide Oval', 'display_name': 'Adelaide Oval', 'short_name': 'Adelaide', 'abbrev': 'AO'}",41.7711,0.9888888888888889,0.6961299569995222,5257.927969516536,7
0,501,1024272,Colby,McKercher,NTH,94,21,123,481400,1612,1,20,-1700,4500,113,29,110,2091,2025-08-03T10:13:45+10:00,28,287,8,166,8,72,1,35,0,1,-5,-20,0,0,1,11,0,1,104.0,3716,80.6,95.6667,STK,129.0,1,"{'id': 18, 'abbrev': 'GWS', 'name': 'GWS Giants'}",1,"{'id': 12, 'abbrev': 'RIC', 'name': 'Richmond'}",0,"{'id': 1, 'abbrev': 'ADE', 'name': 'Adelaide'}",0,Docklands Stadium,87.4118,"{'id': 11, 'name': 'Manuka Oval', 'display_name': 'Manuka Oval', 'short_name': 'Manuka', 'abbrev': 'MO'}","{'id': 226, 'name': 'Ninja Stadium', 'display_name': 'Ninja Stadium', 'short_name': 'Ninja', 'abbrev': 'NIN'}","{'id': 7, 'name': 'Docklands Stadium', 'display_name': 'Marvel Stadium', 'short_name': 'Marvel', 'abbrev': 'MARV'}",76.3509,1.1181818181818182,0.7709230033476805,5972.704714640199,19
0,205,997078,Mason,Redman,ESS,183,21,98,450100,1329,1,15,16900,-25600,197,86,84,1548,2025-08-03T10:13:45+10:00,19,234,1,85,4,67,1,30,2,13,-2,-12,0,0,1,4,0,3,92.4,2888,88.6,99.6667,SYD,74.8182,1,"{'id': 7, 'abbrev': 'GEE', 'name': 'Geelong'}",1,"{'id': 13, 'abbrev': 'STK', 'name': 'St Kilda'}",0,"{'id': 3, 'abbrev': 'CAR', 'name': 'Carlton'}",0,Sydney Cricket Ground,70.6,"{'id': 10, 'name': 'Kardinia Park', 'display_name': 'GMHBA Stadium', 'short_name': 'GMHBA', 'abbrev': 'GMS'}","{'id': 7, 'name': 'Docklands Stadium', 'display_name': 'Marvel Stadium', 'short_name': 'Marvel', 'abbrev': 'MARV'}","{'id': 13, 'name': 'Melbourne Cricket Ground', 'display_name': 'MCG', 'short_name': 'MCG', 'abbrev': 'MCG'}",59.3384,1.1666666666666667,0.8585271317829457,5080.1354401805875,14
0,473,291902,Jack,Viney,MEL,194,21,121,484600,1295,1,15,20600,10400,214,35,99,1555,2025-08-03T10:13:45+10:00,14,158,11,174,0,37,8,103,0,24,-3,-20,0,0,1,4,2,6,107.2,2608,86.3333,108.667,WCE,103.357,0,"{'id': 15, 'abbrev': 'WBD', 'name': 'Western Bulldogs'}",0,"{'id': 8, 'abbrev': 'HAW', 'name': 'Hawthorn'}",1,"{'id': 4, 'abbrev': 'COL', 'name': 'Collingwood'}",1,Docklands Stadium,84.8462,"{'id': 13, 'name': 'Melbourne Cricket Ground', 'display_name': 'MCG', 'short_name': 'MCG', 'abbrev': 'MCG'}","{'id': 13, 'name': 'Melbourne Cricket Ground', 'display_name': 'MCG', 'short_name': 'MCG', 'abbrev': 'MCG'}","{'id': 13, 'name': 'Melbourne Cricket Ground', 'display_name': 'MCG', 'short_name': 'MCG', 'abbrev': 'MCG'}",53.5854,1.2222222222222223,0.8327974276527331,5613.129580358912,20
0,397,1005144,Massimo,D'Ambrosio,HAW,139,21,80,379800,1467,1,20,14600,-92700,142,157,101,1951,2025-08-03T10:13:45+10:00,12,253,13,121,4,90,1,36,1,13,-1,-9,0,0,1,5,2,8,79.0,2030,73.35,84.3333,ADE,75.5,1,"{'id': 4, 'abbrev': 'COL', 'name': 'Collingwood'}",0,"{'id': 10, 'abbrev': 'MEL', 'name': 'Melbourne'}",0,"{'id': 2, 'abbrev': 'BRL', 'name': 'Brisbane'}",1,Adelaide Oval,71.0,"{'id': 13, 'name': 'Melbourne Cricket Ground', 'display_name': 'MCG', 'short_name': 'MCG', 'abbrev': 'MCG'}","{'id': 13, 'name': 'Melbourne Cricket Ground', 'display_name': 'MCG', 'short_name': 'MCG', 'abbrev': 'MCG'}","{'id': 4, 'name': 'Brisbane Cricket Ground', 'display_name': 'Gabba', 'short_name': 'Gabba', 'abbrev': 'G'}",41.7095,0.7920792079207921,0.751922091235264,5177.914110429449,3
0,432,1002222,James,Worpel,HAW,246,21,34,369200,1151,1,15,-5000,-101200,237,358,45,1294,2025-08-03T10:13:46+10:00,5,142,8,151,0,25,2,84,1,19,-1,-24,0,0,0,3,0,7,67.4,2147,76.7333,71.3333,ADE,80.0,1,"{'id': 4, 'abbrev': 'COL', 'name': 'Collingwood'}",0,"{'id': 10, 'abbrev': 'MEL', 'name': 'Melbourne'}",0,"{'id': 2, 'abbrev': 'BRL', 'name': 'Brisbane'}",1,Adelaide Oval,82.8182,"{'id': 13, 'name': 'Melbourne Cricket Ground', 'display_name': 'MCG', 'short_name': 'MCG', 'abbrev': 'MCG'}","{'id': 13, 'name': 'Melbourne Cricket Ground', 'display_name': 'MCG', 'short_name': 'MCG', 'abbrev': 'MCG'}","{'id': 4, 'name': 'Brisbane Cricket Ground', 'display_name': 'Gabba', 'short_name': 'Gabba', 'abbrev': 'G'}",44.1134,0.7555555555555555,0.8894899536321483,4811.470378570973,-9
0,134,293871,Jack,Crisp,COL,66,21,70,422500,1820,1,20,-30200,-47200,66,204,107,2083,2025-08-03T10:13:45+10:00,10,231,5,167,1,87,6,94,2,10,-1,-21,0,0,0,7,0,6,74.4,3360,91.0,68.0,BRL,92.5,0,"{'id': 8, 'abbrev': 'HAW', 'name': 'Hawthorn'}",1,"{'id': 1, 'abbrev': 'ADE', 'name': 'Adelaide'}",1,"{'id': 10, 'abbrev': 'MEL', 'name': 'Melbourne'}",0,Melbourne Cricket Ground,88.3262,"{'id': 13, 'name': 'Melbourne Cricket Ground', 'display_name': 'MCG', 'short_name': 'MCG', 'abbrev': 'MCG'}","{'id': 1, 'name': 'Adelaide Oval', 'display_name': 'Adelaide Oval', 'short_name': 'Adelaide', 'abbrev': 'AO'}","{'id': 13, 'name': 'Melbourne Cricket Ground', 'display_name': 'MCG', 'short_name': 'MCG', 'abbrev': 'MCG'}",69.0364,0.6542056074766355,0.8737397983677389,4642.857142857143,0
0,122,295461,Adam,Saad,CAR,138,21,72,385200,1468,1,18,12100,-83000,141,198,103,1825,2025-08-03T10:13:45+10:00,10,230,6,101,1,51,6,48,1,15,0,-10,0,0,0,1,0,1,70.8,2708,81.5556,84.0,FRE,94.4,1,"{'id': 17, 'abbrev': 'GCS', 'name': 'Gold Coast'}",0,"{'id': 11, 'abbrev': 'PTA', 'name': 'Port Adelaide'}",0,"{'id': 5, 'abbrev': 'ESS', 'name': 'Essendon'}",1,Perth Stadium,86.8,"{'id': 7, 'name': 'Docklands Stadium', 'display_name': 'Marvel Stadium', 'short_name': 'Marvel', 'abbrev': 'MARV'}","{'id': 7, 'name': 'Docklands Stadium', 'display_name': 'Marvel Stadium', 'short_name': 'Marvel', 'abbrev': 'MARV'}","{'id': 13, 'name': 'Melbourne Cricket Ground', 'display_name': 'MCG', 'short_name': 'MCG', 'abbrev': 'MCG'}",55.64,0.6990291262135923,0.8043835616438356,4723.158189014611,3
0,114,1000953,Harry,McKay,CAR,379,21,86,408200,684,1,9,-23200,-59000,394,134,123,886,2025-08-03T10:13:45+10:00,9,79,3,42,4,52,10,24,3,12,-2,-11,1,22,1,11,1,6,86.6,2682,76.0,69.0,FRE,81.5556,1,"{'id': 17, 'abbrev': 'GCS', 'name': 'Gold Coast'}",0,"{'id': 11, 'abbrev': 'PTA', 'name': 'Port Adelaide'}",0,"{'id': 5, 'abbrev': 'ESS', 'name': 'Essendon'}",1,Perth Stadium,81.75,"{'id': 7, 'name': 'Docklands Stadium', 'display_name': 'Marvel Stadium', 'short_name': 'Marvel', 'abbrev': 'MARV'}","{'id': 7, 'name': 'Docklands Stadium', 'display_name': 'Marvel Stadium', 'short_name': 'Marvel', 'abbrev': 'MARV'}","{'id': 13, 'name': 'Melbourne Cricket Ground', 'display_name': 'MCG', 'short_name': 'MCG', 'abbrev': 'MCG'}",55.1058,0.6991869918699187,0.7720090293453724,5371.0526315789475,15
0,307,293845,Jeremy,Cameron,GEE,71,21,94,511500,1772,1,20,40200,45400,71,100,119,2310,2025-08-03T10:13:45+10:00,8,223,0,48,4,113,3,33,0,15,-1,-22,0,4,6,75,1,26,109.8,4451,88.6,125.0,PTA,84.9412,0,"{'id': 5, 'abbrev': 'ESS', 'name': 'Essendon'}",0,"{'id': 14, 'abbrev': 'SYD', 'name': 'Sydney'}",1,"{'id': 12, 'abbrev': 'RIC', 'name': 'Richmond'}",1,Kardinia Park,82.9535,"{'id': 10, 'name': 'Kardinia Park', 'display_name': 'GMHBA Stadium', 'short_name': 'GMHBA', 'abbrev': 'GMS'}","{'id': 16, 'name': 'Sydney Cricket Ground', 'display_name': 'SCG', 'short_name': 'SCG', 'abbrev': 'SCG'}","{'id': 13, 'name': 'Melbourne Cricket Ground', 'display_name': 'MCG', 'short_name': 'MCG', 'abbrev': 'MCG'}",91.4526,0.7899159663865546,0.7670995670995671,5773.1376975169305,0
0,163,260257,Scott,Pendlebury,COL,105,21,106,482800,1586,1,17,-17700,17000,115,64,100,1555,2025-08-03T10:13:45+10:00,8,180,14,211,4,75,8,72,1,14,-1,-13,0,0,0,3,0,5,100.0,3152,93.2941,87.0,BRL,103.28,0,"{'id': 8, 'abbrev': 'HAW', 'name': 'Hawthorn'}",1,"{'id': 1, 'abbrev': 'ADE', 'name': 'Adelaide'}",1,"{'id': 10, 'abbrev': 'MEL', 'name': 'Melbourne'}",0,Melbourne Cricket Ground,106.311,"{'id': 13, 'name': 'Melbourne Cricket Ground', 'display_name': 'MCG', 'short_name': 'MCG', 'abbrev': 'MCG'}","{'id': 1, 'name': 'Adelaide Oval', 'display_name': 'Adelaide Oval', 'short_name': 'Adelaide', 'abbrev': 'AO'}","{'id': 13, 'name': 'Melbourne Cricket Ground', 'display_name': 'MCG', 'short_name': 'MCG', 'abbrev': 'MCG'}",64.7627,1.06,1.019935691318328,5175.032504735026,10
0,748,298268,Liam,Duggan,WCE,96,21,91,446600,1606,1,20,4900,-17300,104,110,109,2111,2025-08-03T10:13:45+10:00,15,305,6,104,8,110,3,40,0,10,0,-14,0,0,0,0,0,0,89.0,2200,80.3,92.3333,MEL,75.5,1,"{'id': 1, 'abbrev': 'ADE', 'name': 'Adelaide'}",0,"{'id': 15, 'abbrev': 'WBD', 'name': 'Western Bulldogs'}",1,"{'id': 14, 'abbrev': 'SYD', 'name': 'Sydney'}",0,Docklands Stadium,77.3478,"{'id': 53, 'name': 'Perth Stadium', 'display_name': 'Optus Stadium', 'short_name': 'Optus', 'abbrev': 'OS'}","{'id': 7, 'name': 'Docklands Stadium', 'display_name': 'Marvel Stadium', 'short_name': 'Marvel', 'abbrev': 'MARV'}","{'id': 53, 'name': 'Perth Stadium', 'display_name': 'Optus Stadium', 'short_name': 'Optus', 'abbrev': 'OS'}",45.2024,0.8348623853211009,0.7607768829938418,5561.643835616439,8
0,463,1009378,Trent,Rivers,MEL,84,21,83,453200,1659,1,20,13300,-9700,84,143,107,1983,2025-08-03T10:13:45+10:00,12,259,6,167,10,113,0,49,1,13,0,-13,0,0,1,4,0,6,94.4,3117,82.95,98.3333,WCE,91.2857,0,"{'id': 15, 'abbrev': 'WBD', 'name': 'Western Bulldogs'}",0,"{'id': 8, 'abbrev': 'HAW', 'name': 'Hawthorn'}",1,"{'id': 4, 'abbrev': 'COL', 'name': 'Collingwood'}",1,Docklands Stadium,73.7273,"{'id': 13, 'name': 'Melbourne Cricket Ground', 'display_name': 'MCG', 'short_name': 'MCG', 'abbrev': 'MCG'}","{'id': 13, 'name': 'Melbourne Cricket Ground', 'display_name': 'MCG', 'short_name': 'MCG', 'abbrev': 'MCG'}","{'id': 13, 'name': 'Melbourne Cricket Ground', 'display_name': 'MCG', 'short_name': 'MCG', 'abbrev': 'MCG'}",64.0436,0.7757009345794392,0.8366111951588502,5463.532248342375,0
0,209,998215,Will,Setterfield,ESS,236,21,0,431200,1172,0,13,0,-31100,215,413,0,1234,2025-08-03T10:13:46+10:00,0,148,0,134,0,54,0,96,0,19,0,-13,0,0,0,1,0,3,85.2,1512,90.1538,67.0,SYD,87.8333,1,"{'id': 7, 'abbrev': 'GEE', 'name': 'Geelong'}",1,"{'id': 13, 'abbrev': 'STK', 'name': 'St Kilda'}",0,"{'id': 3, 'abbrev': 'CAR', 'name': 'Carlton'}",0,Sydney Cricket Ground,87.5,"{'id': 10, 'name': 'Kardinia Park', 'display_name': 'GMHBA Stadium', 'short_name': 'GMHBA', 'abbrev': 'GMS'}","{'id': 7, 'name': 'Docklands Stadium', 'display_name': 'Marvel Stadium', 'short_name': 'Marvel', 'abbrev': 'MARV'}","{'id': 13, 'name': 'Melbourne Cricket Ground', 'display_name': 'MCG', 'short_name': 'MCG', 'abbrev': 'MCG'}",31.0664,,0.9497568881685575,4782.9376021864855,-21
0,287,1021013,Ned,Moyle,GCS,560,21,0,415200,168,0,3,0,-46900,552,413,0,237,2025-08-03T10:13:46+10:00,0,7,0,9,0,6,0,6,0,4,0,0,0,63,0,1,0,1,56.0,815,56.0,56.0,RIC,0.0,0,"{'id': 3, 'abbrev': 'CAR', 'name': 'Carlton'}",1,"{'id': 18, 'abbrev': 'GWS', 'name': 'GWS Giants'}",0,"{'id': 11, 'abbrev': 'PTA', 'name': 'Port Adelaide'}",1,Carrara Stadium,64.75,"{'id': 7, 'name': 'Docklands Stadium', 'display_name': 'Marvel Stadium', 'short_name': 'Marvel', 'abbrev': 'MARV'}","{'id': 5, 'name': 'Carrara Stadium', 'display_name': 'People First Stadium', 'short_name': 'People First', 'abbrev': 'PFS'}","{'id': 1, 'name': 'Adelaide Oval', 'display_name': 'Adelaide Oval', 'short_name': 'Adelaide', 'abbrev': 'AO'}",16.7454,,0.7088607594936709,7414.285714285715,-8
0,516,1023477,George,Wardlaw,NTH,391,21,90,279300,643,1,10,-18100,-182000,407,114,89,772,2025-08-03T10:13:45+10:00,9,93,8,48,3,13,6,48,2,11,0,-7,0,0,1,4,0,1,50.4,1573,64.3,46.0,STK,106.5,1,"{'id': 18, 'abbrev': 'GWS', 'name': 'GWS Giants'}",1,"{'id': 12, 'abbrev': 'RIC', 'name': 'Richmond'}",0,"{'id': 1, 'abbrev': 'ADE', 'name': 'Adelaide'}",0,Docklands Stadium,75.9375,"{'id': 11, 'name': 'Manuka Oval', 'display_name': 'Manuka Oval', 'short_name': 'Manuka', 'abbrev': 'MO'}","{'id': 226, 'name': 'Ninja Stadium', 'display_name': 'Ninja Stadium', 'short_name': 'Ninja', 'abbrev': 'NIN'}","{'id': 7, 'name': 'Docklands Stadium', 'display_name': 'Marvel Stadium', 'short_name': 'Marvel', 'abbrev': 'MARV'}",32.3197,1.0112359550561798,0.832901554404145,4343.701399688958,16
0,27,296420,Alex,Neal-Bullen,ADE,103,21,94,442400,1593,1,20,59700,-16100,111,100,114,2085,2025-08-03T10:13:45+10:00,13,188,5,147,5,62,5,85,2,18,-1,-20,0,0,1,16,2,9,91.0,3525,79.65,122.0,HAW,76.0,0,"{'id': 16, 'abbrev': 'WCE', 'name': 'West Coast'}",1,"{'id': 4, 'abbrev': 'COL', 'name': 'Collingwood'}",0,"{'id': 9, 'abbrev': 'NTH', 'name': 'North Melbourne'}",1,Adelaide Oval,80.6522,"{'id': 53, 'name': 'Perth Stadium', 'display_name': 'Optus Stadium', 'short_name': 'Optus', 'abbrev': 'OS'}","{'id': 1, 'name': 'Adelaide Oval', 'display_name': 'Adelaide Oval', 'short_name': 'Adelaide', 'abbrev': 'AO'}","{'id': 7, 'name': 'Docklands Stadium', 'display_name': 'Marvel Stadium', 'short_name': 'Marvel', 'abbrev': 'MARV'}",72.4265,0.8245614035087719,0.7640287769784173,5554.300062774639,8
0,35,1006136,Lachlan,Sholl,ADE,510,21,0,325000,260,0,5,0,-133500,499,413,0,506,2025-08-03T10:13:46+10:00,0,42,0,28,0,22,0,4,0,1,0,-2,0,0,0,1,0,0,52.0,615,52.0,32.3333,HAW,79.0,0,"{'id': 16, 'abbrev': 'WCE', 'name': 'West Coast'}",1,"{'id': 4, 'abbrev': 'COL', 'name': 'Collingwood'}",0,"{'id': 9, 'abbrev': 'NTH', 'name': 'North Melbourne'}",1,Adelaide Oval,70.8667,"{'id': 53, 'name': 'Perth Stadium', 'display_name': 'Optus Stadium', 'short_name': 'Optus', 'abbrev': 'OS'}","{'id': 1, 'name': 'Adelaide Oval', 'display_name': 'Adelaide Oval', 'short_name': 'Adelaide', 'abbrev': 'AO'}","{'id': 7, 'name': 'Docklands Stadium', 'display_name': 'Marvel Stadium', 'short_name': 'Marvel', 'abbrev': 'MARV'}",12.6361,,0.5138339920948617,6250.0,-11
0,43,1011981,Josh,Worrell,ADE,69,21,105,488800,1802,1,20,10700,30800,68,69,127,2239,2025-08-03T10:13:45+10:00,18,285,2,120,5,110,3,27,3,15,-1,-16,0,0,0,0,0,0,95.8,3134,90.1,104.0,HAW,99.0,0,"{'id': 16, 'abbrev': 'WCE', 'name': 'West Coast'}",1,"{'id': 4, 'abbrev': 'COL', 'name': 'Collingwood'}",0,"{'id': 9, 'abbrev': 'NTH', 'name': 'North Melbourne'}",1,Adelaide Oval,86.8621,"{'id': 53, 'name': 'Perth Stadium', 'display_name': 'Optus Stadium', 'short_name': 'Optus', 'abbrev': 'OS'}","{'id': 1, 'name': 'Adelaide Oval', 'display_name': 'Adelaide Oval', 'short_name': 'Adelaide', 'abbrev': 'AO'}","{'id': 7, 'name': 'Docklands Stadium', 'display_name': 'Marvel Stadium', 'short_name': 'Marvel', 'abbrev': 'MARV'}",64.3929,0.8267716535433071,0.8048235819562305,5425.083240843507,-1
0,368,1008083,Connor,Idun,GWS,67,21,112,456700,1805,1,20,16200,-1300,69,51,112,2237,2025-08-03T10:13:45+10:00,14,208,9,175,10,144,1,28,1,10,-1,-12,0,0,0,0,0,0,95.4,3221,90.25,100.667,WBD,81.75,1,"{'id': 9, 'abbrev': 'NTH', 'name': 'North Melbourne'}",0,"{'id': 17, 'abbrev': 'GCS', 'name': 'Gold Coast'}",1,"{'id': 13, 'abbrev': 'STK', 'name': 'St Kilda'}",0,Docklands Stadium,73.5833,"{'id': 11, 'name': 'Manuka Oval', 'display_name': 'Manuka Oval', 'short_name': 'Manuka', 'abbrev': 'MO'}","{'id': 5, 'name': 'Carrara Stadium', 'display_name': 'People First Stadium', 'short_name': 'People First', 'abbrev': 'PFS'}","{'id': 17, 'name': 'ENGIE Stadium', 'display_name': 'ENGIE Stadium', 'short_name': 'ENGIE', 'abbrev': 'ENS'}",66.1804,1.0,0.8068842199374162,5060.387811634349,2
0,488,999827,Zac,Fisher,NTH,477,21,0,280100,332,0,7,0,-177900,471,413,0,499,2025-08-03T10:13:46+10:00,0,43,0,46,0,5,0,11,0,7,0,-2,0,0,0,2,0,3,40.4,679,47.4286,39.6667,STK,72.4444,1,"{'id': 18, 'abbrev': 'GWS', 'name': 'GWS Giants'}",1,"{'id': 12, 'abbrev': 'RIC', 'name': 'Richmond'}",0,"{'id': 1, 'abbrev': 'ADE', 'name': 'Adelaide'}",0,Docklands Stadium,72.5778,"{'id': 11, 'name': 'Manuka Oval', 'display_name': 'Manuka Oval', 'short_name': 'Manuka', 'abbrev': 'MO'}","{'id': 226, 'name': 'Ninja Stadium', 'display_name': 'Ninja Stadium', 'short_name': 'Ninja', 'abbrev': 'NIN'}","{'id': 7, 'name': 'Docklands Stadium', 'display_name': 'Marvel Stadium', 'short_name': 'Marvel', 'abbrev': 'MARV'}",13.9511,,0.6653306613226453,5905.719333904015,-6
0,348,1009253,Lachie,Ash,GWS,15,21,139,545600,2216,1,20,8700,88900,16,14,118,2126,2025-08-03T10:13:45+10:00,25,377,11,193,12,135,2,46,0,11,-2,-15,0,0,0,1,0,1,110.6,4450,110.8,114.333,WBD,95.625,1,"{'id': 9, 'abbrev': 'NTH', 'name': 'North Melbourne'}",0,"{'id': 17, 'abbrev': 'GCS', 'name': 'Gold Coast'}",1,"{'id': 13, 'abbrev': 'STK', 'name': 'St Kilda'}",0,Docklands Stadium,74.0667,"{'id': 11, 'name': 'Manuka Oval', 'display_name': 'Manuka Oval', 'short_name': 'Manuka', 'abbrev': 'MO'}","{'id': 5, 'name': 'Carrara Stadium', 'display_name': 'People First Stadium', 'short_name': 'People First', 'abbrev': 'PFS'}","{'id': 17, 'name': 'ENGIE Stadium', 'display_name': 'ENGIE Stadium', 'short_name': 'ENGIE', 'abbrev': 'ENS'}",91.4321,1.1779661016949152,1.0423330197554093,4924.187725631769,1
0,392,998134,Josh,Battle,HAW,102,21,89,416300,1597,1,20,6300,-38000,107,118,125,2325,2025-08-03T10:13:45+10:00,14,227,8,140,8,112,3,38,1,13,-1,-21,0,8,0,0,0,1,88.2,2227,79.85,87.0,ADE,71.1111,1,"{'id': 4, 'abbrev': 'COL', 'name': 'Collingwood'}",0,"{'id': 10, 'abbrev': 'MEL', 'name': 'Melbourne'}",0,"{'id': 2, 'abbrev': 'BRL', 'name': 'Brisbane'}",1,Adelaide Oval,71.6,"{'id': 13, 'name': 'Melbourne Cricket Ground', 'display_name': 'MCG', 'short_name': 'MCG', 'abbrev': 'MCG'}","{'id': 13, 'name': 'Melbourne Cricket Ground', 'display_name': 'MCG', 'short_name': 'MCG', 'abbrev': 'MCG'}","{'id': 4, 'name': 'Brisbane Cricket Ground', 'display_name': 'Gabba', 'short_name': 'Gabba', 'abbrev': 'G'}",45.7571,0.712,0.6868817204301075,5213.525360050095,5
0,312,270917,Patrick,Dangerfield,GEE,146,21,106,409200,1435,1,18,35700,-45000,158,64,94,1658,2025-08-03T10:13:45+10:00,9,132,10,127,8,54,2,45,1,25,0,-20,0,2,1,24,1,20,89.0,3025,79.7222,102.0,PTA,94.48,0,"{'id': 5, 'abbrev': 'ESS', 'name': 'Essendon'}",0,"{'id': 14, 'abbrev': 'SYD', 'name': 'Sydney'}",1,"{'id': 12, 'abbrev': 'RIC', 'name': 'Richmond'}",1,Kardinia Park,107.375,"{'id': 10, 'name': 'Kardinia Park', 'display_name': 'GMHBA Stadium', 'short_name': 'GMHBA', 'abbrev': 'GMS'}","{'id': 16, 'name': 'Sydney Cricket Ground', 'display_name': 'SCG', 'short_name': 'SCG', 'abbrev': 'SCG'}","{'id': 13, 'name': 'Melbourne Cricket Ground', 'display_name': 'MCG', 'short_name': 'MCG', 'abbrev': 'MCG'}",62.1533,1.127659574468085,0.8655006031363088,5132.8237304038275,12
0,251,1012819,Josh,Treacy,FRE,124,21,106,341400,1530,1,20,-5000,-112600,130,64,122,2291,2025-08-03T10:13:45+10:00,10,150,3,75,5,96,1,33,2,19,-1,-18,0,12,3,35,0,15,66.6,3379,76.5,65.6667,CAR,58.5,0,"{'id': 11, 'abbrev': 'PTA', 'name': 'Port Adelaide'}",1,"{'id': 2, 'abbrev': 'BRL', 'name': 'Brisbane'}",0,"{'id': 15, 'abbrev': 'WBD', 'name': 'Western Bulldogs'}",1,Perth Stadium,69.7805,"{'id': 1, 'name': 'Adelaide Oval', 'display_name': 'Adelaide Oval', 'short_name': 'Adelaide', 'abbrev': 'AO'}","{'id': 53, 'name': 'Perth Stadium', 'display_name': 'Optus Stadium', 'short_name': 'Optus', 'abbrev': 'OS'}","{'id': 7, 'name': 'Docklands Stadium', 'display_name': 'Marvel Stadium', 'short_name': 'Marvel', 'abbrev': 'MARV'}",69.4268,0.8688524590163934,0.6678306416412048,4462.745098039216,6
0,391,990290,Tom,Barrass,HAW,227,21,43,321600,1201,1,19,-6900,-130400,222,325,112,2074,2025-08-03T10:13:46+10:00,3,112,4,76,2,78,2,24,1,14,0,-9,0,0,0,0,0,0,66.8,914,63.2105,60.6667,ADE,80.5,1,"{'id': 4, 'abbrev': 'COL', 'name': 'Collingwood'}",0,"{'id': 10, 'abbrev': 'MEL', 'name': 'Melbourne'}",0,"{'id': 2, 'abbrev': 'BRL', 'name': 'Brisbane'}",1,Adelaide Oval,83.5833,"{'id': 13, 'name': 'Melbourne Cricket Ground', 'display_name': 'MCG', 'short_name': 'MCG', 'abbrev': 'MCG'}","{'id': 13, 'name': 'Melbourne Cricket Ground', 'display_name': 'MCG', 'short_name': 'MCG', 'abbrev': 'MCG'}","{'id': 4, 'name': 'Brisbane Cricket Ground', 'display_name': 'Gabba', 'short_name': 'Gabba', 'abbrev': 'G'}",18.7795,0.38392857142857145,0.5790742526518804,5087.762317969325,-5
0,459,996701,Clayton,Oliver,MEL,75,21,109,468800,1763,1,19,19600,17200,75,59,100,1900,2025-08-03T10:13:45+10:00,13,199,15,278,4,51,5,109,0,19,-2,-30,0,0,0,3,0,5,97.0,3831,92.7895,105.0,WCE,105.636,0,"{'id': 15, 'abbrev': 'WBD', 'name': 'Western Bulldogs'}",0,"{'id': 8, 'abbrev': 'HAW', 'name': 'Hawthorn'}",1,"{'id': 4, 'abbrev': 'COL', 'name': 'Collingwood'}",1,Docklands Stadium,116.737,"{'id': 13, 'name': 'Melbourne Cricket Ground', 'display_name': 'MCG', 'short_name': 'MCG', 'abbrev': 'MCG'}","{'id': 13, 'name': 'Melbourne Cricket Ground', 'display_name': 'MCG', 'short_name': 'MCG', 'abbrev': 'MCG'}","{'id': 13, 'name': 'Melbourne Cricket Ground', 'display_name': 'MCG', 'short_name': 'MCG', 'abbrev': 'MCG'}",78.7138,1.09,0.9278947368421052,5052.295787777712,0
0,318,1004870,Zach,Guthrie,GEE,95,21,87,407700,1607,1,20,-8100,-43500,103,130,106,2103,2025-08-03T10:13:45+10:00,15,256,3,99,9,131,1,40,2,17,-1,-8,0,0,0,1,0,2,89.0,2310,80.35,77.3333,PTA,69.4286,0,"{'id': 5, 'abbrev': 'ESS', 'name': 'Essendon'}",0,"{'id': 14, 'abbrev': 'SYD', 'name': 'Sydney'}",1,"{'id': 12, 'abbrev': 'RIC', 'name': 'Richmond'}",1,Kardinia Park,70.8837,"{'id': 10, 'name': 'Kardinia Park', 'display_name': 'GMHBA Stadium', 'short_name': 'GMHBA', 'abbrev': 'GMS'}","{'id': 16, 'name': 'Sydney Cricket Ground', 'display_name': 'SCG', 'short_name': 'SCG', 'abbrev': 'SCG'}","{'id': 13, 'name': 'Melbourne Cricket Ground', 'display_name': 'MCG', 'short_name': 'MCG', 'abbrev': 'MCG'}",47.4625,0.8207547169811321,0.7641464574417499,5074.051026757935,8
0,406,296254,Jarman,Impey,HAW,130,21,97,518200,1502,1,18,7900,68200,137,92,113,1844,2025-08-03T10:13:45+10:00,13,218,9,118,5,90,3,45,0,11,0,-14,0,0,0,4,1,7,107.6,2843,83.4444,108.333,ADE,72.7647,1,"{'id': 4, 'abbrev': 'COL', 'name': 'Collingwood'}",0,"{'id': 10, 'abbrev': 'MEL', 'name': 'Melbourne'}",0,"{'id': 2, 'abbrev': 'BRL', 'name': 'Brisbane'}",1,Adelaide Oval,57.25,"{'id': 13, 'name': 'Melbourne Cricket Ground', 'display_name': 'MCG', 'short_name': 'MCG', 'abbrev': 'MCG'}","{'id': 13, 'name': 'Melbourne Cricket Ground', 'display_name': 'MCG', 'short_name': 'MCG', 'abbrev': 'MCG'}","{'id': 4, 'name': 'Brisbane Cricket Ground', 'display_name': 'Gabba', 'short_name': 'Gabba', 'abbrev': 'G'}",58.4138,0.8584070796460177,0.8145336225596529,6210.12314786852,7
0,45,996059,Harris,Andrews,BRL,133,21,92,345000,1490,1,20,-18300,-104400,139,102,127,2403,2025-08-03T10:13:45+10:00,8,189,1,67,6,143,1,19,0,10,0,-23,0,0,0,0,0,1,65.6,1820,74.5,59.0,COL,75.0714,1,"{'id': 14, 'abbrev': 'SYD', 'name': 'Sydney'}",0,"{'id': 6, 'abbrev': 'FRE', 'name': 'Fremantle'}",1,"{'id': 8, 'abbrev': 'HAW', 'name': 'Hawthorn'}",0,Melbourne Cricket Ground,79.2941,"{'id': 4, 'name': 'Brisbane Cricket Ground', 'display_name': 'Gabba', 'short_name': 'Gabba', 'abbrev': 'G'}","{'id': 53, 'name': 'Perth Stadium', 'display_name': 'Optus Stadium', 'short_name': 'Optus', 'abbrev': 'OS'}","{'id': 4, 'name': 'Brisbane Cricket Ground', 'display_name': 'Gabba', 'short_name': 'Gabba', 'abbrev': 'G'}",37.3947,0.7244094488188977,0.6200582605076987,4630.872483221477,6
0,51,998133,Jarrod,Berry,BRL,99,21,83,457600,1604,1,19,-17000,8300,102,143,94,1801,2025-08-03T10:13:45+10:00,10,233,10,149,4,111,3,67,3,30,-1,-14,0,0,0,7,0,5,90.6,2483,84.4211,82.3333,COL,78.7692,1,"{'id': 14, 'abbrev': 'SYD', 'name': 'Sydney'}",0,"{'id': 6, 'abbrev': 'FRE', 'name': 'Fremantle'}",1,"{'id': 8, 'abbrev': 'HAW', 'name': 'Hawthorn'}",0,Melbourne Cricket Ground,66.5714,"{'id': 4, 'name': 'Brisbane Cricket Ground', 'display_name': 'Gabba', 'short_name': 'Gabba', 'abbrev': 'G'}","{'id': 53, 'name': 'Perth Stadium', 'display_name': 'Optus Stadium', 'short_name': 'Optus', 'abbrev': 'OS'}","{'id': 4, 'name': 'Brisbane Cricket Ground', 'display_name': 'Gabba', 'short_name': 'Gabba', 'abbrev': 'G'}",51.0171,0.8829787234042553,0.8906163242642976,5420.445836408197,3
0,85,1017067,Darcy,Wilmot,BRL,91,21,90,413800,1625,1,20,-1900,-35300,97,114,99,2070,2025-08-03T10:13:45+10:00,11,259,8,123,4,114,1,44,0,11,0,-14,0,0,1,4,0,1,87.4,2262,81.25,82.0,COL,69.5,1,"{'id': 14, 'abbrev': 'SYD', 'name': 'Sydney'}",0,"{'id': 6, 'abbrev': 'FRE', 'name': 'Fremantle'}",1,"{'id': 8, 'abbrev': 'HAW', 'name': 'Hawthorn'}",0,Melbourne Cricket Ground,73.7143,"{'id': 4, 'name': 'Brisbane Cricket Ground', 'display_name': 'Gabba', 'short_name': 'Gabba', 'abbrev': 'G'}","{'id': 53, 'name': 'Perth Stadium', 'display_name': 'Optus Stadium', 'short_name': 'Optus', 'abbrev': 'OS'}","{'id': 4, 'name': 'Brisbane Cricket Ground', 'display_name': 'Gabba', 'short_name': 'Gabba', 'abbrev': 'G'}",46.4763,0.9090909090909091,0.785024154589372,5092.923076923077,6
0,304,998260,Jack,Bowes,GEE,300,21,104,290700,966,1,15,11400,-158400,320,72,98,1316,2025-08-03T10:13:45+10:00,12,138,12,79,5,41,4,45,1,11,-1,-19,0,0,2,13,0,1,63.0,762,64.4,64.6667,PTA,66.3,0,"{'id': 5, 'abbrev': 'ESS', 'name': 'Essendon'}",0,"{'id': 14, 'abbrev': 'SYD', 'name': 'Sydney'}",1,"{'id': 12, 'abbrev': 'RIC', 'name': 'Richmond'}",1,Kardinia Park,74.6087,"{'id': 10, 'name': 'Kardinia Park', 'display_name': 'GMHBA Stadium', 'short_name': 'GMHBA', 'abbrev': 'GMS'}","{'id': 16, 'name': 'Sydney Cricket Ground', 'display_name': 'SCG', 'short_name': 'SCG', 'abbrev': 'SCG'}","{'id': 13, 'name': 'Melbourne Cricket Ground', 'display_name': 'MCG', 'short_name': 'MCG', 'abbrev': 'MCG'}",15.6565,1.0612244897959184,0.7340425531914894,4513.975155279502,20
0,37,1017109,Jake,Soligo,ADE,57,21,75,479300,1863,1,20,-6200,31400,54,179,103,1985,2025-08-03T10:13:45+10:00,12,253,3,177,1,58,2,99,0,32,-1,-25,0,0,1,12,0,3,98.4,3550,93.15,92.6667,HAW,86.5,0,"{'id': 16, 'abbrev': 'WCE', 'name': 'West Coast'}",1,"{'id': 4, 'abbrev': 'COL', 'name': 'Collingwood'}",0,"{'id': 9, 'abbrev': 'NTH', 'name': 'North Melbourne'}",1,Adelaide Oval,82.8261,"{'id': 53, 'name': 'Perth Stadium', 'display_name': 'Optus Stadium', 'short_name': 'Optus', 'abbrev': 'OS'}","{'id': 1, 'name': 'Adelaide Oval', 'display_name': 'Adelaide Oval', 'short_name': 'Adelaide', 'abbrev': 'AO'}","{'id': 7, 'name': 'Docklands Stadium', 'display_name': 'Marvel Stadium', 'short_name': 'Marvel', 'abbrev': 'MARV'}",72.9402,0.7281553398058253,0.9385390428211587,5145.464304884595,-3
0,555,998529,Ivan,Soldo,PTA,636,21,0,447900,35,0,1,0,0,628,413,0,70,2025-08-03T10:13:46+10:00,0,3,0,2,0,1,0,1,0,0,0,-1,0,9,0,0,0,0,35.0,541,35.0,35.0,GEE,52.0,1,"{'id': 6, 'abbrev': 'FRE', 'name': 'Fremantle'}",0,"{'id': 3, 'abbrev': 'CAR', 'name': 'Carlton'}",1,"{'id': 17, 'abbrev': 'GCS', 'name': 'Gold Coast'}",0,Kardinia Park,57.0,"{'id': 1, 'name': 'Adelaide Oval', 'display_name': 'Adelaide Oval', 'short_name': 'Adelaide', 'abbrev': 'AO'}","{'id': 7, 'name': 'Docklands Stadium', 'display_name': 'Marvel Stadium', 'short_name': 'Marvel', 'abbrev': 'MARV'}","{'id': 1, 'name': 'Adelaide Oval', 'display_name': 'Adelaide Oval', 'short_name': 'Adelaide', 'abbrev': 'AO'}",11.1157,,0.5,12797.142857142857,-8
0,775,996554,Jake,Waterman,WCE,427,21,0,350000,508,0,8,0,-97800,421,413,0,857,2025-08-03T10:13:46+10:00,0,57,0,24,0,49,0,5,0,5,0,-5,0,0,0,17,0,9,62.8,1207,63.5,66.3333,MEL,74.8333,1,"{'id': 1, 'abbrev': 'ADE', 'name': 'Adelaide'}",0,"{'id': 15, 'abbrev': 'WBD', 'name': 'Western Bulldogs'}",1,"{'id': 14, 'abbrev': 'SYD', 'name': 'Sydney'}",0,Docklands Stadium,59.7778,"{'id': 53, 'name': 'Perth Stadium', 'display_name': 'Optus Stadium', 'short_name': 'Optus', 'abbrev': 'OS'}","{'id': 7, 'name': 'Docklands Stadium', 'display_name': 'Marvel Stadium', 'short_name': 'Marvel', 'abbrev': 'MARV'}","{'id': 53, 'name': 'Perth Stadium', 'display_name': 'Optus Stadium', 'short_name': 'Optus', 'abbrev': 'OS'}",24.7997,,0.5927654609101517,5511.811023622047,-6
0,93,1002239,Adam,Cerra,CAR,56,21,0,445000,1865,0,19,0,-2700,36,413,0,1868,2025-08-03T10:13:46+10:00,0,259,0,209,0,81,0,89,0,27,0,-16,0,0,0,5,0,3,81.2,3714,98.1579,83.6667,FRE,108.0,1,"{'id': 17, 'abbrev': 'GCS', 'name': 'Gold Coast'}",0,"{'id': 11, 'abbrev': 'PTA', 'name': 'Port Adelaide'}",0,"{'id': 5, 'abbrev': 'ESS', 'name': 'Essendon'}",1,Perth Stadium,82.9556,"{'id': 7, 'name': 'Docklands Stadium', 'display_name': 'Marvel Stadium', 'short_name': 'Marvel', 'abbrev': 'MARV'}","{'id': 7, 'name': 'Docklands Stadium', 'display_name': 'Marvel Stadium', 'short_name': 'Marvel', 'abbrev': 'MARV'}","{'id': 13, 'name': 'Melbourne Cricket Ground', 'display_name': 'MCG', 'short_name': 'MCG', 'abbrev': 'MCG'}",76.3098,,0.9983940042826552,4533.51182125942,-20
0,535,1002253,Kane,Farrell,PTA,118,21,75,493000,1550,1,18,12700,48000,116,179,110,1854,2025-08-03T10:13:45+10:00,13,285,7,78,2,81,6,40,0,8,-3,-22,0,0,0,3,0,6,97.6,2845,86.1111,106.0,GEE,58.25,1,"{'id': 6, 'abbrev': 'FRE', 'name': 'Fremantle'}",0,"{'id': 3, 'abbrev': 'CAR', 'name': 'Carlton'}",1,"{'id': 17, 'abbrev': 'GCS', 'name': 'Gold Coast'}",0,Kardinia Park,78.0,"{'id': 1, 'name': 'Adelaide Oval', 'display_name': 'Adelaide Oval', 'short_name': 'Adelaide', 'abbrev': 'AO'}","{'id': 7, 'name': 'Docklands Stadium', 'display_name': 'Marvel Stadium', 'short_name': 'Marvel', 'abbrev': 'MARV'}","{'id': 1, 'name': 'Adelaide Oval', 'display_name': 'Adelaide Oval', 'short_name': 'Adelaide', 'abbrev': 'AO'}",58.4549,0.6818181818181818,0.8360302049622438,5725.1620290531655,-2
0,676,295342,Jake,Lloyd,SYD,128,21,64,419200,1508,1,19,-8600,-25200,124,228,101,2113,2025-08-03T10:13:45+10:00,9,240,8,138,7,142,1,39,1,11,0,-9,0,0,0,7,1,11,87.2,2420,79.3684,79.3333,ESS,88.0,0,"{'id': 2, 'abbrev': 'BRL', 'name': 'Brisbane'}",1,"{'id': 7, 'abbrev': 'GEE', 'name': 'Geelong'}",0,"{'id': 16, 'abbrev': 'WCE', 'name': 'West Coast'}",1,Sydney Cricket Ground,92.5536,"{'id': 4, 'name': 'Brisbane Cricket Ground', 'display_name': 'Gabba', 'short_name': 'Gabba', 'abbrev': 'G'}","{'id': 16, 'name': 'Sydney Cricket Ground', 'display_name': 'SCG', 'short_name': 'SCG', 'abbrev': 'SCG'}","{'id': 53, 'name': 'Perth Stadium', 'display_name': 'Optus Stadium', 'short_name': 'Optus', 'abbrev': 'OS'}",49.7226,0.6336633663366337,0.7136772361571225,5281.699013713267,-4
0,99,996731,Charlie,Curnow,CAR,202,21,0,365500,1255,0,18,0,-78700,187,413,0,1940,2025-08-03T10:13:46+10:00,0,177,0,35,0,107,0,21,0,22,0,-21,0,0,0,32,0,27,77.6,2594,69.7222,77.3333,FRE,65.0,1,"{'id': 17, 'abbrev': 'GCS', 'name': 'Gold Coast'}",0,"{'id': 11, 'abbrev': 'PTA', 'name': 'Port Adelaide'}",0,"{'id': 5, 'abbrev': 'ESS', 'name': 'Essendon'}",1,Perth Stadium,88.0,"{'id': 7, 'name': 'Docklands Stadium', 'display_name': 'Marvel Stadium', 'short_name': 'Marvel', 'abbrev': 'MARV'}","{'id': 7, 'name': 'Docklands Stadium', 'display_name': 'Marvel Stadium', 'short_name': 'Marvel', 'abbrev': 'MARV'}","{'id': 13, 'name': 'Melbourne Cricket Ground', 'display_name': 'MCG', 'short_name': 'MCG', 'abbrev': 'MCG'}",53.2977,,0.6469072164948454,5242.232746528365,-15
0,679,1011936,Justin,McInerney,SYD,157,21,114,423200,1405,1,16,10300,-20500,176,46,99,1697,2025-08-03T10:13:45+10:00,11,185,16,161,8,84,1,30,1,20,0,-16,0,0,2,8,0,10,83.4,3146,87.8125,90.6667,ESS,82.8889,0,"{'id': 2, 'abbrev': 'BRL', 'name': 'Brisbane'}",1,"{'id': 7, 'abbrev': 'GEE', 'name': 'Geelong'}",0,"{'id': 16, 'abbrev': 'WCE', 'name': 'West Coast'}",1,Sydney Cricket Ground,79.0652,"{'id': 4, 'name': 'Brisbane Cricket Ground', 'display_name': 'Gabba', 'short_name': 'Gabba', 'abbrev': 'G'}","{'id': 16, 'name': 'Sydney Cricket Ground', 'display_name': 'SCG', 'short_name': 'SCG', 'abbrev': 'SCG'}","{'id': 53, 'name': 'Perth Stadium', 'display_name': 'Optus Stadium', 'short_name': 'Optus', 'abbrev': 'OS'}",64.6394,1.1515151515151516,0.8279316440777843,4819.359430604982,19
0,738,1000223,Liam,Baker,WCE,63,21,79,443800,1830,1,20,7100,200,64,160,110,2138,2025-08-03T10:13:45+10:00,10,226,8,218,4,67,5,74,0,30,0,-32,0,0,0,4,1,5,78.4,4226,91.5,93.0,MEL,73.5,1,"{'id': 1, 'abbrev': 'ADE', 'name': 'Adelaide'}",0,"{'id': 15, 'abbrev': 'WBD', 'name': 'Western Bulldogs'}",1,"{'id': 14, 'abbrev': 'SYD', 'name': 'Sydney'}",0,Docklands Stadium,84.2222,"{'id': 53, 'name': 'Perth Stadium', 'display_name': 'Optus Stadium', 'short_name': 'Optus', 'abbrev': 'OS'}","{'id': 7, 'name': 'Docklands Stadium', 'display_name': 'Marvel Stadium', 'short_name': 'Marvel', 'abbrev': 'MARV'}","{'id': 53, 'name': 'Perth Stadium', 'display_name': 'Optus Stadium', 'short_name': 'Optus', 'abbrev': 'OS'}",86.8297,0.7181818181818181,0.8559401309635173,4850.273224043716,1
0,597,992049,Jayden,Short,RIC,287,21,75,437700,1028,1,12,-11700,-4600,290,179,101,1230,2025-08-03T10:13:45+10:00,14,204,9,55,5,78,0,21,1,13,-1,-8,0,0,0,3,0,0,86.2,2910,85.6667,81.3333,GCS,91.6364,1,"{'id': 13, 'abbrev': 'STK', 'name': 'St Kilda'}",0,"{'id': 9, 'abbrev': 'NTH', 'name': 'North Melbourne'}",1,"{'id': 7, 'abbrev': 'GEE', 'name': 'Geelong'}",0,Carrara Stadium,95.9167,"{'id': 13, 'name': 'Melbourne Cricket Ground', 'display_name': 'MCG', 'short_name': 'MCG', 'abbrev': 'MCG'}","{'id': 226, 'name': 'Ninja Stadium', 'display_name': 'Ninja Stadium', 'short_name': 'Ninja', 'abbrev': 'NIN'}","{'id': 13, 'name': 'Melbourne Cricket Ground', 'display_name': 'MCG', 'short_name': 'MCG', 'abbrev': 'MCG'}",59.7904,0.7425742574257426,0.8357723577235773,5109.336533332088,3
0,137,994185,Jordan,De Goey,COL,482,21,34,313600,324,1,6,-32900,-128200,486,358,60,548,2025-08-03T10:13:46+10:00,7,44,5,26,1,15,0,12,0,4,-1,-4,0,0,1,6,0,5,50.6,1229,54.0,44.6667,BRL,78.4615,0,"{'id': 8, 'abbrev': 'HAW', 'name': 'Hawthorn'}",1,"{'id': 1, 'abbrev': 'ADE', 'name': 'Adelaide'}",1,"{'id': 10, 'abbrev': 'MEL', 'name': 'Melbourne'}",0,Melbourne Cricket Ground,81.5588,"{'id': 13, 'name': 'Melbourne Cricket Ground', 'display_name': 'MCG', 'short_name': 'MCG', 'abbrev': 'MCG'}","{'id': 1, 'name': 'Adelaide Oval', 'display_name': 'Adelaide Oval', 'short_name': 'Adelaide', 'abbrev': 'AO'}","{'id': 13, 'name': 'Melbourne Cricket Ground', 'display_name': 'MCG', 'short_name': 'MCG', 'abbrev': 'MCG'}",25.2517,0.5666666666666667,0.5912408759124088,5807.407407407408,4
0,425,998114,Jack,Scrimshaw,HAW,404,21,42,306500,605,1,10,-6800,-135300,404,332,96,857,2025-08-03T10:13:46+10:00,6,73,5,56,4,41,0,21,0,5,-1,-5,0,0,0,0,0,0,56.0,754,60.5,57.6667,ADE,70.6667,1,"{'id': 4, 'abbrev': 'COL', 'name': 'Collingwood'}",0,"{'id': 10, 'abbrev': 'MEL', 'name': 'Melbourne'}",0,"{'id': 2, 'abbrev': 'BRL', 'name': 'Brisbane'}",1,Adelaide Oval,80.0,"{'id': 13, 'name': 'Melbourne Cricket Ground', 'display_name': 'MCG', 'short_name': 'MCG', 'abbrev': 'MCG'}","{'id': 13, 'name': 'Melbourne Cricket Ground', 'display_name': 'MCG', 'short_name': 'MCG', 'abbrev': 'MCG'}","{'id': 4, 'name': 'Brisbane Cricket Ground', 'display_name': 'Gabba', 'short_name': 'Gabba', 'abbrev': 'G'}",15.4921,0.4375,0.705950991831972,5066.115702479339,0
0,354,1023266,Finn,Callaghan,GWS,59,21,106,576600,1861,1,17,2400,135000,60,64,101,1744,2025-08-03T10:13:45+10:00,17,253,6,223,6,60,2,69,0,9,0,-20,0,0,0,4,0,9,117.8,4171,109.471,117.0,WBD,76.6667,1,"{'id': 9, 'abbrev': 'NTH', 'name': 'North Melbourne'}",0,"{'id': 17, 'abbrev': 'GCS', 'name': 'Gold Coast'}",1,"{'id': 13, 'abbrev': 'STK', 'name': 'St Kilda'}",0,Docklands Stadium,81.0,"{'id': 11, 'name': 'Manuka Oval', 'display_name': 'Manuka Oval', 'short_name': 'Manuka', 'abbrev': 'MO'}","{'id': 5, 'name': 'Carrara Stadium', 'display_name': 'People First Stadium', 'short_name': 'People First', 'abbrev': 'PFS'}","{'id': 17, 'name': 'ENGIE Stadium', 'display_name': 'ENGIE Stadium', 'short_name': 'ENGIE', 'abbrev': 'ENS'}",85.6996,1.0495049504950495,1.0670871559633028,5267.148377195786,1
0,330,1004938,Gryan,Miers,GEE,80,21,111,533200,1690,1,18,-8900,91800,83,53,101,1905,2025-08-03T10:13:45+10:00,18,278,12,128,4,107,6,59,1,13,0,-5,0,0,1,10,1,10,115.0,4136,93.8889,102.0,PTA,79.7778,0,"{'id': 5, 'abbrev': 'ESS', 'name': 'Essendon'}",0,"{'id': 14, 'abbrev': 'SYD', 'name': 'Sydney'}",1,"{'id': 12, 'abbrev': 'RIC', 'name': 'Richmond'}",1,Kardinia Park,78.5849,"{'id': 10, 'name': 'Kardinia Park', 'display_name': 'GMHBA Stadium', 'short_name': 'GMHBA', 'abbrev': 'GMS'}","{'id': 16, 'name': 'Sydney Cricket Ground', 'display_name': 'SCG', 'short_name': 'SCG', 'abbrev': 'SCG'}","{'id': 13, 'name': 'Melbourne Cricket Ground', 'display_name': 'MCG', 'short_name': 'MCG', 'abbrev': 'MCG'}",84.9805,1.099009900990099,0.8871391076115486,5679.05258236064,3
0,48,1023517,Will,Ashcroft,BRL,30,21,86,503100,2027,1,20,-12500,61900,28,134,106,2054,2025-08-03T10:13:45+10:00,17,262,13,279,7,76,3,61,0,30,-1,-9,0,0,0,10,2,9,95.4,4170,101.35,94.0,COL,74.0,1,"{'id': 14, 'abbrev': 'SYD', 'name': 'Sydney'}",0,"{'id': 6, 'abbrev': 'FRE', 'name': 'Fremantle'}",1,"{'id': 8, 'abbrev': 'HAW', 'name': 'Hawthorn'}",0,Melbourne Cricket Ground,96.0,"{'id': 4, 'name': 'Brisbane Cricket Ground', 'display_name': 'Gabba', 'short_name': 'Gabba', 'abbrev': 'G'}","{'id': 53, 'name': 'Perth Stadium', 'display_name': 'Optus Stadium', 'short_name': 'Optus', 'abbrev': 'OS'}","{'id': 4, 'name': 'Brisbane Cricket Ground', 'display_name': 'Gabba', 'short_name': 'Gabba', 'abbrev': 'G'}",85.6791,0.8113207547169812,0.9868549172346641,4963.986186482487,-2
0,19,993946,Ben,Keays,ADE,86,21,53,420900,1650,1,20,-2600,-15800,81,287,117,2281,2025-08-03T10:13:46+10:00,10,216,7,132,2,81,2,63,1,20,-1,-13,0,0,0,31,2,20,81.6,3922,82.5,83.0,HAW,84.1667,0,"{'id': 16, 'abbrev': 'WCE', 'name': 'West Coast'}",1,"{'id': 4, 'abbrev': 'COL', 'name': 'Collingwood'}",0,"{'id': 9, 'abbrev': 'NTH', 'name': 'North Melbourne'}",1,Adelaide Oval,86.8904,"{'id': 53, 'name': 'Perth Stadium', 'display_name': 'Optus Stadium', 'short_name': 'Optus', 'abbrev': 'OS'}","{'id': 1, 'name': 'Adelaide Oval', 'display_name': 'Adelaide Oval', 'short_name': 'Adelaide', 'abbrev': 'AO'}","{'id': 7, 'name': 'Docklands Stadium', 'display_name': 'Marvel Stadium', 'short_name': 'Marvel', 'abbrev': 'MARV'}",80.5835,0.452991452991453,0.7233669443226655,5101.818181818182,-5
0,147,291313,Jeremy,Howe,COL,204,21,0,405300,1251,0,16,0,-31400,188,413,0,1654,2025-08-03T10:13:46+10:00,0,179,0,41,0,73,0,23,0,10,0,-8,0,0,0,0,0,0,79.2,1568,78.1875,61.6667,BRL,90.75,0,"{'id': 8, 'abbrev': 'HAW', 'name': 'Hawthorn'}",1,"{'id': 1, 'abbrev': 'ADE', 'name': 'Adelaide'}",1,"{'id': 10, 'abbrev': 'MEL', 'name': 'Melbourne'}",0,Melbourne Cricket Ground,83.4214,"{'id': 13, 'name': 'Melbourne Cricket Ground', 'display_name': 'MCG', 'short_name': 'MCG', 'abbrev': 'MCG'}","{'id': 1, 'name': 'Adelaide Oval', 'display_name': 'Adelaide Oval', 'short_name': 'Adelaide', 'abbrev': 'AO'}","{'id': 13, 'name': 'Melbourne Cricket Ground', 'display_name': 'MCG', 'short_name': 'MCG', 'abbrev': 'MCG'}",32.217,,0.7563482466747279,5183.693045563549,-16
0,581,993903,Jacob,Hopper,RIC,65,21,69,479500,1822,1,20,300,43900,62,206,96,2012,2025-08-03T10:13:45+10:00,10,229,15,302,5,68,2,64,1,24,0,-31,0,0,0,6,1,6,96.8,3129,91.1,96.3333,GCS,98.0,1,"{'id': 13, 'abbrev': 'STK', 'name': 'St Kilda'}",0,"{'id': 9, 'abbrev': 'NTH', 'name': 'North Melbourne'}",1,"{'id': 7, 'abbrev': 'GEE', 'name': 'Geelong'}",0,Carrara Stadium,93.375,"{'id': 13, 'name': 'Melbourne Cricket Ground', 'display_name': 'MCG', 'short_name': 'MCG', 'abbrev': 'MCG'}","{'id': 226, 'name': 'Ninja Stadium', 'display_name': 'Ninja Stadium', 'short_name': 'Ninja', 'abbrev': 'NIN'}","{'id': 13, 'name': 'Melbourne Cricket Ground', 'display_name': 'MCG', 'short_name': 'MCG', 'abbrev': 'MCG'}",64.2901,0.71875,0.9055666003976143,5263.44676180022,-3
0,687,1012210,Matt,Roberts,SYD,111,21,0,369400,1562,0,18,0,-65400,90,413,0,1906,2025-08-03T10:13:46+10:00,0,263,0,119,0,108,0,36,0,15,0,-10,0,0,0,1,0,3,64.4,3120,86.7778,77.0,ESS,92.6667,0,"{'id': 2, 'abbrev': 'BRL', 'name': 'Brisbane'}",1,"{'id': 7, 'abbrev': 'GEE', 'name': 'Geelong'}",0,"{'id': 16, 'abbrev': 'WCE', 'name': 'West Coast'}",1,Sydney Cricket Ground,79.4286,"{'id': 4, 'name': 'Brisbane Cricket Ground', 'display_name': 'Gabba', 'short_name': 'Gabba', 'abbrev': 'G'}","{'id': 16, 'name': 'Sydney Cricket Ground', 'display_name': 'SCG', 'short_name': 'SCG', 'abbrev': 'SCG'}","{'id': 53, 'name': 'Perth Stadium', 'display_name': 'Optus Stadium', 'short_name': 'Optus', 'abbrev': 'OS'}",64.1052,,0.8195173137460651,4256.849101959257,-21
0,771,1023492,Harley,Reid,WCE,179,21,0,409100,1340,0,19,0,-24900,152,413,0,1975,2025-08-03T10:13:46+10:00,0,194,0,164,0,48,0,66,0,35,0,-60,0,0,0,14,0,11,77.6,2082,70.5263,84.6667,MEL,81.3333,1,"{'id': 1, 'abbrev': 'ADE', 'name': 'Adelaide'}",0,"{'id': 15, 'abbrev': 'WBD', 'name': 'Western Bulldogs'}",1,"{'id': 14, 'abbrev': 'SYD', 'name': 'Sydney'}",0,Docklands Stadium,57.4,"{'id': 53, 'name': 'Perth Stadium', 'display_name': 'Optus Stadium', 'short_name': 'Optus', 'abbrev': 'OS'}","{'id': 7, 'name': 'Docklands Stadium', 'display_name': 'Marvel Stadium', 'short_name': 'Marvel', 'abbrev': 'MARV'}","{'id': 53, 'name': 'Perth Stadium', 'display_name': 'Optus Stadium', 'short_name': 'Optus', 'abbrev': 'OS'}",42.7779,,0.6784810126582278,5800.672940449165,-27
0,447,298264,Ed,Langdon,MEL,127,21,42,352200,1515,1,20,-7100,-80100,117,332,100,2139,2025-08-03T10:13:46+10:00,7,200,4,184,4,108,1,57,0,11,0,-15,0,0,1,8,1,6,72.8,1626,75.75,66.6667,WCE,75.2143,0,"{'id': 15, 'abbrev': 'WBD', 'name': 'Western Bulldogs'}",0,"{'id': 8, 'abbrev': 'HAW', 'name': 'Hawthorn'}",1,"{'id': 4, 'abbrev': 'COL', 'name': 'Collingwood'}",1,Docklands Stadium,60.1111,"{'id': 13, 'name': 'Melbourne Cricket Ground', 'display_name': 'MCG', 'short_name': 'MCG', 'abbrev': 'MCG'}","{'id': 13, 'name': 'Melbourne Cricket Ground', 'display_name': 'MCG', 'short_name': 'MCG', 'abbrev': 'MCG'}","{'id': 13, 'name': 'Melbourne Cricket Ground', 'display_name': 'MCG', 'short_name': 'MCG', 'abbrev': 'MCG'}",33.4087,0.42,0.7082748948106592,4649.504950495049,-10
0,507,1011659,Tom,Powell,NTH,72,21,95,454400,1770,1,20,3900,22400,73,98,94,1987,2025-08-03T10:13:45+10:00,11,217,13,263,6,78,5,102,0,10,0,-16,0,0,0,4,0,3,93.6,2888,88.5,93.3333,STK,68.25,1,"{'id': 18, 'abbrev': 'GWS', 'name': 'GWS Giants'}",1,"{'id': 12, 'abbrev': 'RIC', 'name': 'Richmond'}",0,"{'id': 1, 'abbrev': 'ADE', 'name': 'Adelaide'}",0,Docklands Stadium,71.2927,"{'id': 11, 'name': 'Manuka Oval', 'display_name': 'Manuka Oval', 'short_name': 'Manuka', 'abbrev': 'MO'}","{'id': 226, 'name': 'Ninja Stadium', 'display_name': 'Ninja Stadium', 'short_name': 'Ninja', 'abbrev': 'NIN'}","{'id': 7, 'name': 'Docklands Stadium', 'display_name': 'Marvel Stadium', 'short_name': 'Marvel', 'abbrev': 'MARV'}",59.3384,1.0106382978723405,0.8907901358832411,5134.463276836158,1
0,649,295340,Mason,Wood,STK,176,21,59,384400,1353,1,18,-8000,-47300,174,249,108,1984,2025-08-03T10:13:45+10:00,8,184,7,93,7,104,2,31,0,13,0,-16,0,0,1,20,0,16,74.0,2632,75.1667,72.6667,NTH,85.0,0,"{'id': 12, 'abbrev': 'RIC', 'name': 'Richmond'}",1,"{'id': 5, 'abbrev': 'ESS', 'name': 'Essendon'}",1,"{'id': 18, 'abbrev': 'GWS', 'name': 'GWS Giants'}",1,Docklands Stadium,75.5823,"{'id': 13, 'name': 'Melbourne Cricket Ground', 'display_name': 'MCG', 'short_name': 'MCG', 'abbrev': 'MCG'}","{'id': 7, 'name': 'Docklands Stadium', 'display_name': 'Marvel Stadium', 'short_name': 'Marvel', 'abbrev': 'MARV'}","{'id': 17, 'name': 'ENGIE Stadium', 'display_name': 'ENGIE Stadium', 'short_name': 'ENGIE', 'abbrev': 'ENS'}",54.0785,0.5462962962962963,0.6819556451612904,5113.966690036944,-2
0,301,994386,Tom,Atkins,GEE,40,21,73,502100,1936,1,20,2300,70500,37,193,87,1930,2025-08-03T10:13:45+10:00,7,160,10,221,2,39,4,185,1,28,-2,-29,0,0,0,4,0,2,96.2,3453,96.8,102.0,PTA,74.9,0,"{'id': 5, 'abbrev': 'ESS', 'name': 'Essendon'}",0,"{'id': 14, 'abbrev': 'SYD', 'name': 'Sydney'}",1,"{'id': 12, 'abbrev': 'RIC', 'name': 'Richmond'}",1,Kardinia Park,82.9412,"{'id': 10, 'name': 'Kardinia Park', 'display_name': 'GMHBA Stadium', 'short_name': 'GMHBA', 'abbrev': 'GMS'}","{'id': 16, 'name': 'Sydney Cricket Ground', 'display_name': 'SCG', 'short_name': 'SCG', 'abbrev': 'SCG'}","{'id': 13, 'name': 'Melbourne Cricket Ground', 'display_name': 'MCG', 'short_name': 'MCG', 'abbrev': 'MCG'}",70.9472,0.8390804597701149,1.0031088082901554,5186.983471074381,-3
0,464,296359,Christian,Salem,MEL,76,21,97,478500,1760,1,20,13700,47400,74,92,108,2173,2025-08-03T10:13:45+10:00,18,320,12,126,9,158,2,42,0,5,0,-9,0,0,0,1,0,2,99.6,3129,88.0,103.667,WCE,75.0,0,"{'id': 15, 'abbrev': 'WBD', 'name': 'Western Bulldogs'}",0,"{'id': 8, 'abbrev': 'HAW', 'name': 'Hawthorn'}",1,"{'id': 4, 'abbrev': 'COL', 'name': 'Collingwood'}",1,Docklands Stadium,80.65,"{'id': 13, 'name': 'Melbourne Cricket Ground', 'display_name': 'MCG', 'short_name': 'MCG', 'abbrev': 'MCG'}","{'id': 13, 'name': 'Melbourne Cricket Ground', 'display_name': 'MCG', 'short_name': 'MCG', 'abbrev': 'MCG'}","{'id': 13, 'name': 'Melbourne Cricket Ground', 'display_name': 'MCG', 'short_name': 'MCG', 'abbrev': 'MCG'}",64.2901,0.8981481481481481,0.8099401748734468,5437.5,-2
0,684,996765,Tom,Papley,SYD,437,21,78,309500,464,1,8,-9200,-121600,454,166,102,746,2025-08-03T10:13:45+10:00,7,76,6,32,4,26,3,13,2,8,-1,-13,0,0,1,5,0,8,61.2,1237,58.0,57.0,ESS,83.7692,0,"{'id': 2, 'abbrev': 'BRL', 'name': 'Brisbane'}",1,"{'id': 7, 'abbrev': 'GEE', 'name': 'Geelong'}",0,"{'id': 16, 'abbrev': 'WCE', 'name': 'West Coast'}",1,Sydney Cricket Ground,77.4,"{'id': 4, 'name': 'Brisbane Cricket Ground', 'display_name': 'Gabba', 'short_name': 'Gabba', 'abbrev': 'G'}","{'id': 16, 'name': 'Sydney Cricket Ground', 'display_name': 'SCG', 'short_name': 'SCG', 'abbrev': 'SCG'}","{'id': 53, 'name': 'Perth Stadium', 'display_name': 'Optus Stadium', 'short_name': 'Optus', 'abbrev': 'OS'}",25.4161,0.7647058823529411,0.6219839142091153,5336.206896551724,17
0,527,1013462,Jase,Burgoyne,PTA,135,21,62,331900,1484,1,20,-10600,-98900,131,238,68,2291,2025-08-03T10:13:45+10:00,9,224,5,159,2,92,3,53,0,10,0,-9,0,0,0,3,0,2,57.8,1868,74.2,60.6667,GEE,69.5,1,"{'id': 6, 'abbrev': 'FRE', 'name': 'Fremantle'}",0,"{'id': 3, 'abbrev': 'CAR', 'name': 'Carlton'}",1,"{'id': 17, 'abbrev': 'GCS', 'name': 'Gold Coast'}",0,Kardinia Park,65.5,"{'id': 1, 'name': 'Adelaide Oval', 'display_name': 'Adelaide Oval', 'short_name': 'Adelaide', 'abbrev': 'AO'}","{'id': 7, 'name': 'Docklands Stadium', 'display_name': 'Marvel Stadium', 'short_name': 'Marvel', 'abbrev': 'MARV'}","{'id': 1, 'name': 'Adelaide Oval', 'display_name': 'Adelaide Oval', 'short_name': 'Adelaide', 'abbrev': 'AO'}",38.3809,0.9117647058823529,0.6477520733304234,4473.0458221024255,-4
0,510,993998,Jy,Simpkin,NTH,90,21,0,399200,1627,0,19,0,-30100,80,413,0,2083,2025-08-03T10:13:46+10:00,0,233,0,175,0,73,0,64,0,20,0,-25,0,0,0,11,0,9,79.4,3889,85.6316,87.3333,STK,79.2222,1,"{'id': 18, 'abbrev': 'GWS', 'name': 'GWS Giants'}",1,"{'id': 12, 'abbrev': 'RIC', 'name': 'Richmond'}",0,"{'id': 1, 'abbrev': 'ADE', 'name': 'Adelaide'}",0,Docklands Stadium,75.5128,"{'id': 11, 'name': 'Manuka Oval', 'display_name': 'Manuka Oval', 'short_name': 'Manuka', 'abbrev': 'MO'}","{'id': 226, 'name': 'Ninja Stadium', 'display_name': 'Ninja Stadium', 'short_name': 'Ninja', 'abbrev': 'NIN'}","{'id': 7, 'name': 'Docklands Stadium', 'display_name': 'Marvel Stadium', 'short_name': 'Marvel', 'abbrev': 'MARV'}",79.9055,,0.7810849735957753,4661.830445770019,-10
0,454,291533,Tom,McDonald,MEL,255,21,50,392000,1128,1,14,-31200,-36400,254,298,127,1741,2025-08-03T10:13:46+10:00,7,143,5,69,4,92,1,15,0,11,-1,-12,0,0,0,1,0,0,74.2,1404,80.5714,61.3333,WCE,78.375,0,"{'id': 15, 'abbrev': 'WBD', 'name': 'Western Bulldogs'}",0,"{'id': 8, 'abbrev': 'HAW', 'name': 'Hawthorn'}",1,"{'id': 4, 'abbrev': 'COL', 'name': 'Collingwood'}",1,Docklands Stadium,85.7143,"{'id': 13, 'name': 'Melbourne Cricket Ground', 'display_name': 'MCG', 'short_name': 'MCG', 'abbrev': 'MCG'}","{'id': 13, 'name': 'Melbourne Cricket Ground', 'display_name': 'MCG', 'short_name': 'MCG', 'abbrev': 'MCG'}","{'id': 13, 'name': 'Melbourne Cricket Ground', 'display_name': 'MCG', 'short_name': 'MCG', 'abbrev': 'MCG'}",28.8473,0.3937007874015748,0.6479035037334865,4865.249952216295,-1
0,355,291969,Stephen,Coniglio,GWS,471,21,57,317000,345,1,6,-19600,-110800,487,261,91,596,2025-08-03T10:13:45+10:00,9,62,6,29,2,13,3,18,1,5,0,-5,0,0,0,3,0,0,58.6,1289,57.5,52.6667,WBD,89.0,1,"{'id': 9, 'abbrev': 'NTH', 'name': 'North Melbourne'}",0,"{'id': 17, 'abbrev': 'GCS', 'name': 'Gold Coast'}",1,"{'id': 13, 'abbrev': 'STK', 'name': 'St Kilda'}",0,Docklands Stadium,93.4,"{'id': 11, 'name': 'Manuka Oval', 'display_name': 'Manuka Oval', 'short_name': 'Manuka', 'abbrev': 'MO'}","{'id': 5, 'name': 'Carrara Stadium', 'display_name': 'People First Stadium', 'short_name': 'People First', 'abbrev': 'PFS'}","{'id': 17, 'name': 'ENGIE Stadium', 'display_name': 'ENGIE Stadium', 'short_name': 'ENGIE', 'abbrev': 'ENS'}",26.4845,0.6263736263736264,0.5788590604026845,5513.04347826087,16
0,702,1017126,Sam,Darcy,WBD,160,21,119,496600,1394,1,14,33500,69600,184,39,116,1415,2025-08-03T10:13:45+10:00,11,136,2,64,4,88,2,24,4,30,-2,-13,1,52,5,43,3,20,101.4,4259,99.5714,118.333,GWS,86.25,0,"{'id': 10, 'abbrev': 'MEL', 'name': 'Melbourne'}",1,"{'id': 16, 'abbrev': 'WCE', 'name': 'West Coast'}",0,"{'id': 6, 'abbrev': 'FRE', 'name': 'Fremantle'}",0,Docklands Stadium,80.3182,"{'id': 13, 'name': 'Melbourne Cricket Ground', 'display_name': 'MCG', 'short_name': 'MCG', 'abbrev': 'MCG'}","{'id': 7, 'name': 'Docklands Stadium', 'display_name': 'Marvel Stadium', 'short_name': 'Marvel', 'abbrev': 'MARV'}","{'id': 7, 'name': 'Docklands Stadium', 'display_name': 'Marvel Stadium', 'short_name': 'Marvel', 'abbrev': 'MARV'}",87.5077,1.0258620689655173,0.9851590106007068,4987.375893077731,24
0,714,294101,Jason,Johannisen,WBD,336,21,75,335300,839,1,13,24100,-91600,345,179,105,1304,2025-08-03T10:13:45+10:00,10,167,4,53,8,61,0,17,0,1,0,-6,0,0,0,2,0,4,70.0,495,64.5385,80.6667,GWS,71.3077,0,"{'id': 10, 'abbrev': 'MEL', 'name': 'Melbourne'}",1,"{'id': 16, 'abbrev': 'WCE', 'name': 'West Coast'}",0,"{'id': 6, 'abbrev': 'FRE', 'name': 'Fremantle'}",0,Docklands Stadium,81.3333,"{'id': 13, 'name': 'Melbourne Cricket Ground', 'display_name': 'MCG', 'short_name': 'MCG', 'abbrev': 'MCG'}","{'id': 7, 'name': 'Docklands Stadium', 'display_name': 'Marvel Stadium', 'short_name': 'Marvel', 'abbrev': 'MARV'}","{'id': 7, 'name': 'Docklands Stadium', 'display_name': 'Marvel Stadium', 'short_name': 'Marvel', 'abbrev': 'MARV'}",10.1705,0.7142857142857143,0.6434049079754601,5195.348512903151,9
0,363,295344,Toby,Greene,GWS,163,21,0,358400,1381,0,18,0,-68000,146,413,0,1973,2025-08-03T10:13:46+10:00,0,204,0,87,0,75,0,57,0,22,0,-29,0,0,0,32,0,24,75.6,3527,76.7222,61.3333,WBD,101.467,1,"{'id': 9, 'abbrev': 'NTH', 'name': 'North Melbourne'}",0,"{'id': 17, 'abbrev': 'GCS', 'name': 'Gold Coast'}",1,"{'id': 13, 'abbrev': 'STK', 'name': 'St Kilda'}",0,Docklands Stadium,82.1,"{'id': 11, 'name': 'Manuka Oval', 'display_name': 'Manuka Oval', 'short_name': 'Manuka', 'abbrev': 'MO'}","{'id': 5, 'name': 'Carrara Stadium', 'display_name': 'People First Stadium', 'short_name': 'People First', 'abbrev': 'PFS'}","{'id': 17, 'name': 'ENGIE Stadium', 'display_name': 'ENGIE Stadium', 'short_name': 'ENGIE', 'abbrev': 'ENS'}",72.4676,,0.6999493157627977,4671.398891064125,-17
0,592,290627,Dion,Prestia,RIC,355,21,92,382600,768,1,9,2800,-43500,370,102,99,866,2025-08-03T10:13:45+10:00,9,94,14,121,4,30,6,26,2,8,-1,-5,0,0,0,2,1,4,73.0,2303,85.3333,78.3333,GCS,97.6667,1,"{'id': 13, 'abbrev': 'STK', 'name': 'St Kilda'}",0,"{'id': 9, 'abbrev': 'NTH', 'name': 'North Melbourne'}",1,"{'id': 7, 'abbrev': 'GEE', 'name': 'Geelong'}",0,Carrara Stadium,95.4118,"{'id': 13, 'name': 'Melbourne Cricket Ground', 'display_name': 'MCG', 'short_name': 'MCG', 'abbrev': 'MCG'}","{'id': 226, 'name': 'Ninja Stadium', 'display_name': 'Ninja Stadium', 'short_name': 'Ninja', 'abbrev': 'NIN'}","{'id': 13, 'name': 'Melbourne Cricket Ground', 'display_name': 'MCG', 'short_name': 'MCG', 'abbrev': 'MCG'}",47.3187,0.9292929292929293,0.8868360277136259,4483.595501404493,15
0,266,295446,Sam,Collins,GCS,248,21,113,349200,1141,1,16,5300,-76700,267,49,103,1888,2025-08-03T10:13:45+10:00,12,119,6,65,9,91,2,28,2,12,0,-8,0,0,0,0,0,0,71.4,601,71.3125,73.0,RIC,74.625,0,"{'id': 3, 'abbrev': 'CAR', 'name': 'Carlton'}",1,"{'id': 18, 'abbrev': 'GWS', 'name': 'GWS Giants'}",0,"{'id': 11, 'abbrev': 'PTA', 'name': 'Port Adelaide'}",1,Carrara Stadium,77.0566,"{'id': 7, 'name': 'Docklands Stadium', 'display_name': 'Marvel Stadium', 'short_name': 'Marvel', 'abbrev': 'MARV'}","{'id': 5, 'name': 'Carrara Stadium', 'display_name': 'People First Stadium', 'short_name': 'People First', 'abbrev': 'PFS'}","{'id': 1, 'name': 'Adelaide Oval', 'display_name': 'Adelaide Oval', 'short_name': 'Adelaide', 'abbrev': 'AO'}",12.3485,1.0970873786407767,0.604343220338983,4896.757230499562,19
0,662,998103,Oliver,Florent,SYD,353,21,63,278400,779,1,13,-12200,-146800,358,232,86,1239,2025-08-03T10:13:45+10:00,7,109,5,80,4,50,4,29,0,9,0,-9,0,0,0,1,0,6,50.2,577,59.9231,49.0,ESS,68.6429,0,"{'id': 2, 'abbrev': 'BRL', 'name': 'Brisbane'}",1,"{'id': 7, 'abbrev': 'GEE', 'name': 'Geelong'}",0,"{'id': 16, 'abbrev': 'WCE', 'name': 'West Coast'}",1,Sydney Cricket Ground,68.443,"{'id': 4, 'name': 'Brisbane Cricket Ground', 'display_name': 'Gabba', 'short_name': 'Gabba', 'abbrev': 'G'}","{'id': 16, 'name': 'Sydney Cricket Ground', 'display_name': 'SCG', 'short_name': 'SCG', 'abbrev': 'SCG'}","{'id': 53, 'name': 'Perth Stadium', 'display_name': 'Optus Stadium', 'short_name': 'Optus', 'abbrev': 'OS'}",11.8554,0.7325581395348837,0.6287328490718321,4645.9545651009375,5
0,526,250365,Travis,Boak,PTA,301,21,100,332800,964,1,13,-16900,-90700,318,77,108,1294,2025-08-03T10:13:45+10:00,7,108,17,154,4,49,5,34,0,7,-1,-14,0,0,1,5,0,5,68.2,1314,74.1538,57.3333,GEE,88.8095,1,"{'id': 6, 'abbrev': 'FRE', 'name': 'Fremantle'}",0,"{'id': 3, 'abbrev': 'CAR', 'name': 'Carlton'}",1,"{'id': 17, 'abbrev': 'GCS', 'name': 'Gold Coast'}",0,Kardinia Park,78.5,"{'id': 1, 'name': 'Adelaide Oval', 'display_name': 'Adelaide Oval', 'short_name': 'Adelaide', 'abbrev': 'AO'}","{'id': 7, 'name': 'Docklands Stadium', 'display_name': 'Marvel Stadium', 'short_name': 'Marvel', 'abbrev': 'MARV'}","{'id': 1, 'name': 'Adelaide Oval', 'display_name': 'Adelaide Oval', 'short_name': 'Adelaide', 'abbrev': 'AO'}",26.9981,0.9259259259259259,0.7449768160741885,4487.969598321327,17
0,315,281065,Mitch,Duncan,GEE,438,21,0,301500,462,0,8,0,-121800,432,413,0,573,2025-08-03T10:13:46+10:00,0,76,0,40,0,38,0,13,0,5,0,-3,0,0,0,1,0,1,48.8,452,57.75,32.3333,PTA,82.2222,0,"{'id': 5, 'abbrev': 'ESS', 'name': 'Essendon'}",0,"{'id': 14, 'abbrev': 'SYD', 'name': 'Sydney'}",1,"{'id': 12, 'abbrev': 'RIC', 'name': 'Richmond'}",1,Kardinia Park,94.0882,"{'id': 10, 'name': 'Kardinia Park', 'display_name': 'GMHBA Stadium', 'short_name': 'GMHBA', 'abbrev': 'GMS'}","{'id': 16, 'name': 'Sydney Cricket Ground', 'display_name': 'SCG', 'short_name': 'SCG', 'abbrev': 'SCG'}","{'id': 13, 'name': 'Melbourne Cricket Ground', 'display_name': 'MCG', 'short_name': 'MCG', 'abbrev': 'MCG'}",9.28703,,0.806282722513089,5220.779220779221,-6
0,77,1002235,Cam,Rayner,BRL,151,21,91,389600,1431,1,20,-9300,-33000,152,110,119,2125,2025-08-03T10:13:45+10:00,12,181,3,136,3,65,9,55,1,18,-1,-22,0,0,2,25,2,21,75.6,2512,71.55,73.0,COL,77.9091,1,"{'id': 14, 'abbrev': 'SYD', 'name': 'Sydney'}",0,"{'id': 6, 'abbrev': 'FRE', 'name': 'Fremantle'}",1,"{'id': 8, 'abbrev': 'HAW', 'name': 'Hawthorn'}",0,Melbourne Cricket Ground,68.6154,"{'id': 4, 'name': 'Brisbane Cricket Ground', 'display_name': 'Gabba', 'short_name': 'Gabba', 'abbrev': 'G'}","{'id': 53, 'name': 'Perth Stadium', 'display_name': 'Optus Stadium', 'short_name': 'Optus', 'abbrev': 'OS'}","{'id': 4, 'name': 'Brisbane Cricket Ground', 'display_name': 'Gabba', 'short_name': 'Gabba', 'abbrev': 'G'}",51.6129,0.7647058823529411,0.6734117647058824,5445.143256464012,1
0,193,298630,Kyle,Langford,ESS,503,21,0,285400,271,0,6,0,-136800,493,413,0,531,2025-08-03T10:13:46+10:00,0,33,0,25,0,14,0,11,0,5,0,-5,0,0,0,4,0,1,43.6,788,45.1667,35.3333,SYD,77.2727,1,"{'id': 7, 'abbrev': 'GEE', 'name': 'Geelong'}",1,"{'id': 13, 'abbrev': 'STK', 'name': 'St Kilda'}",0,"{'id': 3, 'abbrev': 'CAR', 'name': 'Carlton'}",0,Sydney Cricket Ground,77.75,"{'id': 10, 'name': 'Kardinia Park', 'display_name': 'GMHBA Stadium', 'short_name': 'GMHBA', 'abbrev': 'GMS'}","{'id': 7, 'name': 'Docklands Stadium', 'display_name': 'Marvel Stadium', 'short_name': 'Marvel', 'abbrev': 'MARV'}","{'id': 13, 'name': 'Melbourne Cricket Ground', 'display_name': 'MCG', 'short_name': 'MCG', 'abbrev': 'MCG'}",16.1907,,0.5103578154425612,6318.8145248601295,-10
0,182,1006096,Xavier,Duursma,ESS,153,21,96,399500,1424,1,18,39900,-22600,159,95,102,1802,2025-08-03T10:13:45+10:00,10,178,11,176,2,87,4,57,2,23,0,-12,0,0,0,8,0,6,79.6,1378,79.1111,102.333,SYD,82.5714,1,"{'id': 7, 'abbrev': 'GEE', 'name': 'Geelong'}",1,"{'id': 13, 'abbrev': 'STK', 'name': 'St Kilda'}",0,"{'id': 3, 'abbrev': 'CAR', 'name': 'Carlton'}",0,Sydney Cricket Ground,91.5,"{'id': 10, 'name': 'Kardinia Park', 'display_name': 'GMHBA Stadium', 'short_name': 'GMHBA', 'abbrev': 'GMS'}","{'id': 7, 'name': 'Docklands Stadium', 'display_name': 'Marvel Stadium', 'short_name': 'Marvel', 'abbrev': 'MARV'}","{'id': 13, 'name': 'Melbourne Cricket Ground', 'display_name': 'MCG', 'short_name': 'MCG', 'abbrev': 'MCG'}",28.3131,0.9411764705882353,0.7902330743618202,5049.860259811835,6
0,288,1000072,John,Noble,GCS,52,21,107,496400,1879,1,19,-3500,75000,58,63,99,2021,2025-08-03T10:13:45+10:00,23,344,7,145,5,98,1,46,0,12,0,-20,0,0,0,3,1,2,100.0,3900,98.8947,97.6667,RIC,78.2857,0,"{'id': 3, 'abbrev': 'CAR', 'name': 'Carlton'}",1,"{'id': 18, 'abbrev': 'GWS', 'name': 'GWS Giants'}",0,"{'id': 11, 'abbrev': 'PTA', 'name': 'Port Adelaide'}",1,Carrara Stadium,100.1,"{'id': 7, 'name': 'Docklands Stadium', 'display_name': 'Marvel Stadium', 'short_name': 'Marvel', 'abbrev': 'MARV'}","{'id': 5, 'name': 'Carrara Stadium', 'display_name': 'People First Stadium', 'short_name': 'People First', 'abbrev': 'PFS'}","{'id': 1, 'name': 'Adelaide Oval', 'display_name': 'Adelaide Oval', 'short_name': 'Adelaide', 'abbrev': 'AO'}",80.1315,1.0808080808080809,0.929737753587333,5019.480315931996,6
0,154,992010,Brayden,Maynard,COL,244,21,53,393600,1157,1,15,-10100,-26700,244,287,98,1446,2025-08-03T10:13:46+10:00,7,174,8,59,3,68,3,39,1,10,-2,-14,0,0,0,4,0,1,82.4,1318,77.1333,73.3333,BRL,76.3571,0,"{'id': 8, 'abbrev': 'HAW', 'name': 'Hawthorn'}",1,"{'id': 1, 'abbrev': 'ADE', 'name': 'Adelaide'}",1,"{'id': 10, 'abbrev': 'MEL', 'name': 'Melbourne'}",0,Melbourne Cricket Ground,78.0397,"{'id': 13, 'name': 'Melbourne Cricket Ground', 'display_name': 'MCG', 'short_name': 'MCG', 'abbrev': 'MCG'}","{'id': 1, 'name': 'Adelaide Oval', 'display_name': 'Adelaide Oval', 'short_name': 'Adelaide', 'abbrev': 'AO'}","{'id': 13, 'name': 'Melbourne Cricket Ground', 'display_name': 'MCG', 'short_name': 'MCG', 'abbrev': 'MCG'}",27.0803,0.5408163265306123,0.8001383125864454,5102.854409185137,0
0,352,1009708,Jack,Buckley,GWS,158,21,0,354100,1404,0,19,0,-66200,138,413,0,2166,2025-08-03T10:13:46+10:00,0,144,0,89,0,111,0,29,0,13,0,-8,0,0,0,0,0,0,65.8,847,73.8947,77.3333,WBD,83.0,1,"{'id': 9, 'abbrev': 'NTH', 'name': 'North Melbourne'}",0,"{'id': 17, 'abbrev': 'GCS', 'name': 'Gold Coast'}",1,"{'id': 13, 'abbrev': 'STK', 'name': 'St Kilda'}",0,Docklands Stadium,72.4286,"{'id': 11, 'name': 'Manuka Oval', 'display_name': 'Manuka Oval', 'short_name': 'Manuka', 'abbrev': 'MO'}","{'id': 5, 'name': 'Carrara Stadium', 'display_name': 'People First Stadium', 'short_name': 'People First', 'abbrev': 'PFS'}","{'id': 17, 'name': 'ENGIE Stadium', 'display_name': 'ENGIE Stadium', 'short_name': 'ENGIE', 'abbrev': 'ENS'}",17.4029,,0.6481994459833795,4791.953956102399,-20
0,18,1013974,Mark,Keane,ADE,120,21,102,439100,1542,1,20,8200,19300,126,74,128,2422,2025-08-03T10:13:45+10:00,14,224,7,60,6,86,1,27,2,22,-2,-33,0,0,0,0,0,0,90.8,1213,77.1,92.6667,HAW,72.75,0,"{'id': 16, 'abbrev': 'WCE', 'name': 'West Coast'}",1,"{'id': 4, 'abbrev': 'COL', 'name': 'Collingwood'}",0,"{'id': 9, 'abbrev': 'NTH', 'name': 'North Melbourne'}",1,Adelaide Oval,77.75,"{'id': 53, 'name': 'Perth Stadium', 'display_name': 'Optus Stadium', 'short_name': 'Optus', 'abbrev': 'OS'}","{'id': 1, 'name': 'Adelaide Oval', 'display_name': 'Adelaide Oval', 'short_name': 'Adelaide', 'abbrev': 'AO'}","{'id': 7, 'name': 'Docklands Stadium', 'display_name': 'Marvel Stadium', 'short_name': 'Marvel', 'abbrev': 'MARV'}",24.923,0.796875,0.6366639141205616,5695.2010376134895,6
0,323,1013464,Lawson,Humphries,GEE,141,21,87,327500,1458,1,19,-4200,-91000,148,130,120,2042,2025-08-03T10:13:45+10:00,20,248,4,78,9,107,3,38,0,15,-1,-5,0,0,0,4,0,1,62.8,1828,76.7368,63.3333,PTA,93.0,0,"{'id': 5, 'abbrev': 'ESS', 'name': 'Essendon'}",0,"{'id': 14, 'abbrev': 'SYD', 'name': 'Sydney'}",1,"{'id': 12, 'abbrev': 'RIC', 'name': 'Richmond'}",1,Kardinia Park,74.9167,"{'id': 10, 'name': 'Kardinia Park', 'display_name': 'GMHBA Stadium', 'short_name': 'GMHBA', 'abbrev': 'GMS'}","{'id': 16, 'name': 'Sydney Cricket Ground', 'display_name': 'SCG', 'short_name': 'SCG', 'abbrev': 'SCG'}","{'id': 13, 'name': 'Melbourne Cricket Ground', 'display_name': 'MCG', 'short_name': 'MCG', 'abbrev': 'MCG'}",37.5591,0.725,0.7140058765915769,4267.83498920987,7
0,524,1009191,Miles,Bergman,PTA,107,21,0,436500,1571,0,19,0,18300,85,413,0,2053,2025-08-03T10:13:46+10:00,0,232,0,105,0,97,0,69,0,16,0,-14,0,0,0,6,0,3,88.8,2626,82.6842,70.3333,GEE,58.2,1,"{'id': 6, 'abbrev': 'FRE', 'name': 'Fremantle'}",0,"{'id': 3, 'abbrev': 'CAR', 'name': 'Carlton'}",1,"{'id': 17, 'abbrev': 'GCS', 'name': 'Gold Coast'}",0,Kardinia Park,57.0,"{'id': 1, 'name': 'Adelaide Oval', 'display_name': 'Adelaide Oval', 'short_name': 'Adelaide', 'abbrev': 'AO'}","{'id': 7, 'name': 'Docklands Stadium', 'display_name': 'Marvel Stadium', 'short_name': 'Marvel', 'abbrev': 'MARV'}","{'id': 1, 'name': 'Adelaide Oval', 'display_name': 'Adelaide Oval', 'short_name': 'Adelaide', 'abbrev': 'AO'}",53.9552,,0.7652216268874817,5279.122250683928,-22
0,164,998205,Harry,Perryman,COL,166,21,61,290200,1375,1,20,-5200,-127300,164,242,99,1995,2025-08-03T10:13:45+10:00,9,196,7,115,5,76,0,55,0,15,-1,-18,0,0,0,4,0,5,52.2,1504,68.75,55.3333,BRL,72.25,0,"{'id': 8, 'abbrev': 'HAW', 'name': 'Hawthorn'}",1,"{'id': 1, 'abbrev': 'ADE', 'name': 'Adelaide'}",1,"{'id': 10, 'abbrev': 'MEL', 'name': 'Melbourne'}",0,Melbourne Cricket Ground,76.1739,"{'id': 13, 'name': 'Melbourne Cricket Ground', 'display_name': 'MCG', 'short_name': 'MCG', 'abbrev': 'MCG'}","{'id': 1, 'name': 'Adelaide Oval', 'display_name': 'Adelaide Oval', 'short_name': 'Adelaide', 'abbrev': 'AO'}","{'id': 13, 'name': 'Melbourne Cricket Ground', 'display_name': 'MCG', 'short_name': 'MCG', 'abbrev': 'MCG'}",30.902,0.6161616161616161,0.6892230576441103,4221.090909090909,-2
0,385,280109,Callan,Ward,GWS,364,21,0,302500,727,0,12,0,-114500,354,413,0,1056,2025-08-03T10:13:46+10:00,0,90,0,91,0,42,0,12,0,9,0,-9,0,0,0,6,0,2,61.2,335,60.5833,40.3333,WBD,75.4706,1,"{'id': 9, 'abbrev': 'NTH', 'name': 'North Melbourne'}",0,"{'id': 17, 'abbrev': 'GCS', 'name': 'Gold Coast'}",1,"{'id': 13, 'abbrev': 'STK', 'name': 'St Kilda'}",0,Docklands Stadium,84.6094,"{'id': 11, 'name': 'Manuka Oval', 'display_name': 'Manuka Oval', 'short_name': 'Manuka', 'abbrev': 'MO'}","{'id': 5, 'name': 'Carrara Stadium', 'display_name': 'People First Stadium', 'short_name': 'People First', 'abbrev': 'PFS'}","{'id': 17, 'name': 'ENGIE Stadium', 'display_name': 'ENGIE Stadium', 'short_name': 'ENGIE', 'abbrev': 'ENS'}",6.88309,,0.6884469696969697,4993.125168156901,-10
0,250,992059,Sam,Switkowski,FRE,295,21,76,416000,978,1,14,-800,-500,305,177,106,1296,2025-08-03T10:13:45+10:00,7,78,4,104,2,39,6,44,2,11,0,-6,0,0,1,11,1,3,82.6,1655,69.8571,83.0,CAR,68.375,0,"{'id': 11, 'abbrev': 'PTA', 'name': 'Port Adelaide'}",1,"{'id': 2, 'abbrev': 'BRL', 'name': 'Brisbane'}",0,"{'id': 15, 'abbrev': 'WBD', 'name': 'Western Bulldogs'}",1,Perth Stadium,76.5577,"{'id': 1, 'name': 'Adelaide Oval', 'display_name': 'Adelaide Oval', 'short_name': 'Adelaide', 'abbrev': 'AO'}","{'id': 53, 'name': 'Perth Stadium', 'display_name': 'Optus Stadium', 'short_name': 'Optus', 'abbrev': 'OS'}","{'id': 7, 'name': 'Docklands Stadium', 'display_name': 'Marvel Stadium', 'short_name': 'Marvel', 'abbrev': 'MARV'}",34.0045,0.7169811320754716,0.7546296296296297,5955.013878331622,10
0,218,993993,Shai,Bolton,FRE,113,21,50,379500,1559,1,19,-12200,-36600,106,298,113,1990,2025-08-03T10:13:46+10:00,7,195,9,155,1,54,3,45,0,14,-2,-28,0,0,0,23,1,25,71.8,3963,82.0526,69.3333,CAR,66.7273,0,"{'id': 11, 'abbrev': 'PTA', 'name': 'Port Adelaide'}",1,"{'id': 2, 'abbrev': 'BRL', 'name': 'Brisbane'}",0,"{'id': 15, 'abbrev': 'WBD', 'name': 'Western Bulldogs'}",1,Perth Stadium,95.2381,"{'id': 1, 'name': 'Adelaide Oval', 'display_name': 'Adelaide Oval', 'short_name': 'Adelaide', 'abbrev': 'AO'}","{'id': 53, 'name': 'Perth Stadium', 'display_name': 'Optus Stadium', 'short_name': 'Optus', 'abbrev': 'OS'}","{'id': 7, 'name': 'Docklands Stadium', 'display_name': 'Marvel Stadium', 'short_name': 'Marvel', 'abbrev': 'MARV'}",81.4259,0.4424778761061947,0.7834170854271357,4625.081959621024,-7
0,126,993832,Jacob,Weitering,CAR,116,21,81,359800,1552,1,20,1400,-55100,118,152,132,2431,2025-08-03T10:13:45+10:00,7,221,6,62,4,145,0,19,2,23,-1,-20,0,1,0,0,0,0,68.2,1722,77.6,73.0,FRE,84.6364,1,"{'id': 17, 'abbrev': 'GCS', 'name': 'Gold Coast'}",0,"{'id': 11, 'abbrev': 'PTA', 'name': 'Port Adelaide'}",0,"{'id': 5, 'abbrev': 'ESS', 'name': 'Essendon'}",1,Perth Stadium,80.6364,"{'id': 7, 'name': 'Docklands Stadium', 'display_name': 'Marvel Stadium', 'short_name': 'Marvel', 'abbrev': 'MARV'}","{'id': 7, 'name': 'Docklands Stadium', 'display_name': 'Marvel Stadium', 'short_name': 'Marvel', 'abbrev': 'MARV'}","{'id': 13, 'name': 'Melbourne Cricket Ground', 'display_name': 'MCG', 'short_name': 'MCG', 'abbrev': 'MCG'}",35.3811,0.6136363636363636,0.6384204031262855,4636.59793814433,2
0,735,992351,Bailey,Williams,WBD,98,21,63,376800,1605,1,20,-7600,-37900,94,232,106,2174,2025-08-03T10:13:45+10:00,8,203,7,194,3,131,1,37,2,10,-1,-11,0,0,0,4,2,6,67.0,2259,80.25,71.3333,GWS,70.6923,0,"{'id': 10, 'abbrev': 'MEL', 'name': 'Melbourne'}",1,"{'id': 16, 'abbrev': 'WCE', 'name': 'West Coast'}",0,"{'id': 6, 'abbrev': 'FRE', 'name': 'Fremantle'}",0,Docklands Stadium,70.8148,"{'id': 13, 'name': 'Melbourne Cricket Ground', 'display_name': 'MCG', 'short_name': 'MCG', 'abbrev': 'MCG'}","{'id': 7, 'name': 'Docklands Stadium', 'display_name': 'Marvel Stadium', 'short_name': 'Marvel', 'abbrev': 'MARV'}","{'id': 7, 'name': 'Docklands Stadium', 'display_name': 'Marvel Stadium', 'short_name': 'Marvel', 'abbrev': 'MARV'}",46.4146,0.5943396226415094,0.7382704691812327,4695.327102803738,-4
0,718,1001398,Matthew,Kennedy,WBD,44,21,95,457000,1915,1,20,19700,42600,46,98,86,2039,2025-08-03T10:13:45+10:00,9,252,14,212,4,90,2,102,0,20,-1,-21,0,0,1,21,1,5,87.0,4319,95.75,102.667,GWS,97.5556,0,"{'id': 10, 'abbrev': 'MEL', 'name': 'Melbourne'}",1,"{'id': 16, 'abbrev': 'WCE', 'name': 'West Coast'}",0,"{'id': 6, 'abbrev': 'FRE', 'name': 'Fremantle'}",0,Docklands Stadium,83.5778,"{'id': 13, 'name': 'Melbourne Cricket Ground', 'display_name': 'MCG', 'short_name': 'MCG', 'abbrev': 'MCG'}","{'id': 7, 'name': 'Docklands Stadium', 'display_name': 'Marvel Stadium', 'short_name': 'Marvel', 'abbrev': 'MARV'}","{'id': 7, 'name': 'Docklands Stadium', 'display_name': 'Marvel Stadium', 'short_name': 'Marvel', 'abbrev': 'MARV'}",88.7405,1.1046511627906976,0.9391858754291319,4772.845953002611,2
0,210,291783,Dylan,Shiel,ESS,366,21,40,308600,722,1,11,13200,-105100,367,341,78,834,2025-08-03T10:13:46+10:00,7,104,4,111,0,31,5,34,2,6,-1,-8,0,0,0,2,0,1,49.0,1161,65.6364,69.3333,SYD,78.0909,1,"{'id': 7, 'abbrev': 'GEE', 'name': 'Geelong'}",1,"{'id': 13, 'abbrev': 'STK', 'name': 'St Kilda'}",0,"{'id': 3, 'abbrev': 'CAR', 'name': 'Carlton'}",0,Sydney Cricket Ground,73.4,"{'id': 10, 'name': 'Kardinia Park', 'display_name': 'GMHBA Stadium', 'short_name': 'GMHBA', 'abbrev': 'GMS'}","{'id': 7, 'name': 'Docklands Stadium', 'display_name': 'Marvel Stadium', 'short_name': 'Marvel', 'abbrev': 'MARV'}","{'id': 13, 'name': 'Melbourne Cricket Ground', 'display_name': 'MCG', 'short_name': 'MCG', 'abbrev': 'MCG'}",23.8545,0.5128205128205128,0.8657074340527577,4701.65944506402,1
0,614,1002264,Hunter,Clark,STK,373,21,92,289200,702,1,12,13700,-122800,389,102,95,840,2025-08-03T10:13:45+10:00,17,98,8,83,7,33,1,53,0,4,-3,-26,0,0,0,1,0,4,58.2,388,58.5,65.6667,NTH,65.6667,0,"{'id': 12, 'abbrev': 'RIC', 'name': 'Richmond'}",1,"{'id': 5, 'abbrev': 'ESS', 'name': 'Essendon'}",1,"{'id': 18, 'abbrev': 'GWS', 'name': 'GWS Giants'}",1,Docklands Stadium,67.2333,"{'id': 13, 'name': 'Melbourne Cricket Ground', 'display_name': 'MCG', 'short_name': 'MCG', 'abbrev': 'MCG'}","{'id': 7, 'name': 'Docklands Stadium', 'display_name': 'Marvel Stadium', 'short_name': 'Marvel', 'abbrev': 'MARV'}","{'id': 17, 'name': 'ENGIE Stadium', 'display_name': 'ENGIE Stadium', 'short_name': 'ENGIE', 'abbrev': 'ENS'}",7.97206,0.968421052631579,0.8357142857142857,4943.589743589743,16
0,419,1007124,Conor,Nash,HAW,223,21,74,394700,1203,1,16,12800,-17200,235,188,105,1490,2025-08-03T10:13:45+10:00,7,133,10,146,1,34,5,100,1,12,0,-16,0,17,1,4,0,2,75.6,1022,75.1875,86.3333,ADE,84.1429,1,"{'id': 4, 'abbrev': 'COL', 'name': 'Collingwood'}",0,"{'id': 10, 'abbrev': 'MEL', 'name': 'Melbourne'}",0,"{'id': 2, 'abbrev': 'BRL', 'name': 'Brisbane'}",1,Adelaide Oval,68.25,"{'id': 13, 'name': 'Melbourne Cricket Ground', 'display_name': 'MCG', 'short_name': 'MCG', 'abbrev': 'MCG'}","{'id': 13, 'name': 'Melbourne Cricket Ground', 'display_name': 'MCG', 'short_name': 'MCG', 'abbrev': 'MCG'}","{'id': 4, 'name': 'Brisbane Cricket Ground', 'display_name': 'Gabba', 'short_name': 'Gabba', 'abbrev': 'G'}",20.9986,0.7047619047619048,0.8073825503355705,5249.54280964256,12
0,113,297255,Mitch,McGovern,CAR,245,21,0,339000,1156,0,17,0,-72700,224,413,0,1664,2025-08-03T10:13:46+10:00,0,191,0,53,0,76,0,26,0,17,0,-11,0,0,0,11,0,3,72.0,664,68.0,46.3333,FRE,48.4,1,"{'id': 17, 'abbrev': 'GCS', 'name': 'Gold Coast'}",0,"{'id': 11, 'abbrev': 'PTA', 'name': 'Port Adelaide'}",0,"{'id': 5, 'abbrev': 'ESS', 'name': 'Essendon'}",1,Perth Stadium,65.2,"{'id': 7, 'name': 'Docklands Stadium', 'display_name': 'Marvel Stadium', 'short_name': 'Marvel', 'abbrev': 'MARV'}","{'id': 7, 'name': 'Docklands Stadium', 'display_name': 'Marvel Stadium', 'short_name': 'Marvel', 'abbrev': 'MARV'}","{'id': 13, 'name': 'Melbourne Cricket Ground', 'display_name': 'MCG', 'short_name': 'MCG', 'abbrev': 'MCG'}",13.6429,,0.6947115384615384,4985.294117647059,-21
0,479,1015781,Charlie,Comben,NTH,283,21,50,251600,1046,1,17,-13400,-158800,280,298,118,1982,2025-08-03T10:13:46+10:00,8,129,6,78,4,90,0,15,1,13,-6,-29,0,0,0,0,0,3,43.8,487,61.5294,43.0,STK,51.0,1,"{'id': 18, 'abbrev': 'GWS', 'name': 'GWS Giants'}",1,"{'id': 12, 'abbrev': 'RIC', 'name': 'Richmond'}",0,"{'id': 1, 'abbrev': 'ADE', 'name': 'Adelaide'}",0,Docklands Stadium,65.2857,"{'id': 11, 'name': 'Manuka Oval', 'display_name': 'Manuka Oval', 'short_name': 'Manuka', 'abbrev': 'MO'}","{'id': 226, 'name': 'Ninja Stadium', 'display_name': 'Ninja Stadium', 'short_name': 'Ninja', 'abbrev': 'NIN'}","{'id': 7, 'name': 'Docklands Stadium', 'display_name': 'Marvel Stadium', 'short_name': 'Marvel', 'abbrev': 'MARV'}",10.0062,0.423728813559322,0.5277497477295661,4089.102120287212,-3
0,180,1005577,Sam,Draper,ESS,440,21,0,429300,458,0,5,0,20100,434,413,0,543,2025-08-03T10:13:46+10:00,0,36,0,31,0,18,0,14,0,10,0,-9,0,103,0,7,0,2,91.6,912,91.6,94.3333,SYD,63.8,1,"{'id': 7, 'abbrev': 'GEE', 'name': 'Geelong'}",1,"{'id': 13, 'abbrev': 'STK', 'name': 'St Kilda'}",0,"{'id': 3, 'abbrev': 'CAR', 'name': 'Carlton'}",0,Sydney Cricket Ground,30.5,"{'id': 10, 'name': 'Kardinia Park', 'display_name': 'GMHBA Stadium', 'short_name': 'GMHBA', 'abbrev': 'GMS'}","{'id': 7, 'name': 'Docklands Stadium', 'display_name': 'Marvel Stadium', 'short_name': 'Marvel', 'abbrev': 'MARV'}","{'id': 13, 'name': 'Melbourne Cricket Ground', 'display_name': 'MCG', 'short_name': 'MCG', 'abbrev': 'MCG'}",18.7384,,0.8434622467771639,4686.681222707424,-6
0,314,1025034,Oliver,Dempsey,GEE,115,21,53,422300,1554,1,20,7000,14200,110,287,116,2259,2025-08-03T10:13:46+10:00,8,191,6,142,4,78,3,52,2,10,-1,-9,0,0,1,25,0,15,84.2,1907,77.7,88.6667,PTA,76.6667,0,"{'id': 5, 'abbrev': 'ESS', 'name': 'Essendon'}",0,"{'id': 14, 'abbrev': 'SYD', 'name': 'Sydney'}",1,"{'id': 12, 'abbrev': 'RIC', 'name': 'Richmond'}",1,Kardinia Park,67.8182,"{'id': 10, 'name': 'Kardinia Park', 'display_name': 'GMHBA Stadium', 'short_name': 'GMHBA', 'abbrev': 'GMS'}","{'id': 16, 'name': 'Sydney Cricket Ground', 'display_name': 'SCG', 'short_name': 'SCG', 'abbrev': 'SCG'}","{'id': 13, 'name': 'Melbourne Cricket Ground', 'display_name': 'MCG', 'short_name': 'MCG', 'abbrev': 'MCG'}",39.1822,0.45689655172413796,0.6879150066401063,5435.006435006435,-5
0,150,1003130,Patrick,Lipinski,COL,166,21,88,372200,1375,1,18,-19900,-35400,181,122,102,1745,2025-08-03T10:13:45+10:00,6,167,11,155,1,67,4,50,0,10,0,-10,0,0,0,7,0,7,72.6,2849,76.3889,63.6667,BRL,78.6667,0,"{'id': 8, 'abbrev': 'HAW', 'name': 'Hawthorn'}",1,"{'id': 1, 'abbrev': 'ADE', 'name': 'Adelaide'}",1,"{'id': 10, 'abbrev': 'MEL', 'name': 'Melbourne'}",0,Melbourne Cricket Ground,75.14,"{'id': 13, 'name': 'Melbourne Cricket Ground', 'display_name': 'MCG', 'short_name': 'MCG', 'abbrev': 'MCG'}","{'id': 1, 'name': 'Adelaide Oval', 'display_name': 'Adelaide Oval', 'short_name': 'Adelaide', 'abbrev': 'AO'}","{'id': 13, 'name': 'Melbourne Cricket Ground', 'display_name': 'MCG', 'short_name': 'MCG', 'abbrev': 'MCG'}",58.5371,0.8627450980392157,0.7879656160458453,4872.4356549184495,15
0,403,993794,Blake,Hardwick,HAW,137,21,55,401800,1474,1,20,8400,-4700,132,273,120,2236,2025-08-03T10:13:45+10:00,8,192,7,96,2,95,0,42,1,14,-1,-12,0,0,0,11,0,7,77.6,1577,73.7,85.3333,ADE,86.6667,1,"{'id': 4, 'abbrev': 'COL', 'name': 'Collingwood'}",0,"{'id': 10, 'abbrev': 'MEL', 'name': 'Melbourne'}",0,"{'id': 2, 'abbrev': 'BRL', 'name': 'Brisbane'}",1,Adelaide Oval,75.9333,"{'id': 13, 'name': 'Melbourne Cricket Ground', 'display_name': 'MCG', 'short_name': 'MCG', 'abbrev': 'MCG'}","{'id': 13, 'name': 'Melbourne Cricket Ground', 'display_name': 'MCG', 'short_name': 'MCG', 'abbrev': 'MCG'}","{'id': 4, 'name': 'Brisbane Cricket Ground', 'display_name': 'Gabba', 'short_name': 'Gabba', 'abbrev': 'G'}",32.4019,0.4583333333333333,0.6592128801431127,5451.831750339213,-5
0,168,280965,Steele,Sidebottom,COL,77,21,105,446800,1757,1,18,11900,41000,76,69,108,1799,2025-08-03T10:13:45+10:00,14,226,7,174,7,72,3,80,0,23,0,-21,0,0,2,11,0,7,87.0,3496,97.6111,96.3333,BRL,92.45,0,"{'id': 8, 'abbrev': 'HAW', 'name': 'Hawthorn'}",1,"{'id': 1, 'abbrev': 'ADE', 'name': 'Adelaide'}",1,"{'id': 10, 'abbrev': 'MEL', 'name': 'Melbourne'}",0,Melbourne Cricket Ground,95.5829,"{'id': 13, 'name': 'Melbourne Cricket Ground', 'display_name': 'MCG', 'short_name': 'MCG', 'abbrev': 'MCG'}","{'id': 1, 'name': 'Adelaide Oval', 'display_name': 'Adelaide Oval', 'short_name': 'Adelaide', 'abbrev': 'AO'}","{'id': 13, 'name': 'Melbourne Cricket Ground', 'display_name': 'MCG', 'short_name': 'MCG', 'abbrev': 'MCG'}",71.8307,0.9722222222222222,0.9766536964980544,4577.348272891096,-1
0,520,294469,Aliir,Aliir,PTA,184,21,64,373300,1322,1,19,8500,-32500,185,228,127,2374,2025-08-03T10:13:45+10:00,12,175,1,67,6,101,0,26,0,11,-1,-15,0,0,0,0,0,0,79.8,640,69.5789,79.6667,GEE,81.25,1,"{'id': 6, 'abbrev': 'FRE', 'name': 'Fremantle'}",0,"{'id': 3, 'abbrev': 'CAR', 'name': 'Carlton'}",1,"{'id': 17, 'abbrev': 'GCS', 'name': 'Gold Coast'}",0,Kardinia Park,69.8,"{'id': 1, 'name': 'Adelaide Oval', 'display_name': 'Adelaide Oval', 'short_name': 'Adelaide', 'abbrev': 'AO'}","{'id': 7, 'name': 'Docklands Stadium', 'display_name': 'Marvel Stadium', 'short_name': 'Marvel', 'abbrev': 'MARV'}","{'id': 1, 'name': 'Adelaide Oval', 'display_name': 'Adelaide Oval', 'short_name': 'Adelaide', 'abbrev': 'AO'}",13.1498,0.5039370078740157,0.556866048862679,5365.132245551453,1
0,327,993878,Shaun,Mannagh,GEE,152,21,92,431000,1426,1,17,18400,25800,156,102,95,1781,2025-08-03T10:13:45+10:00,16,235,10,83,5,58,2,80,0,18,0,-17,0,0,0,20,3,16,87.0,2744,83.8824,96.6667,PTA,86.0,0,"{'id': 5, 'abbrev': 'ESS', 'name': 'Essendon'}",0,"{'id': 14, 'abbrev': 'SYD', 'name': 'Sydney'}",1,"{'id': 12, 'abbrev': 'RIC', 'name': 'Richmond'}",1,Kardinia Park,83.5385,"{'id': 10, 'name': 'Kardinia Park', 'display_name': 'GMHBA Stadium', 'short_name': 'GMHBA', 'abbrev': 'GMS'}","{'id': 16, 'name': 'Sydney Cricket Ground', 'display_name': 'SCG', 'short_name': 'SCG', 'abbrev': 'SCG'}","{'id': 13, 'name': 'Melbourne Cricket Ground', 'display_name': 'MCG', 'short_name': 'MCG', 'abbrev': 'MCG'}",56.3797,0.968421052631579,0.8006737787759686,5138.145785051453,4
0,108,1012862,Elijah,Hollands,CAR,485,21,0,368800,321,0,5,0,-36100,474,413,0,506,2025-08-03T10:13:46+10:00,0,51,0,34,0,19,0,14,0,5,0,-3,0,0,0,1,0,1,64.2,642,64.2,60.6667,FRE,19.0,1,"{'id': 17, 'abbrev': 'GCS', 'name': 'Gold Coast'}",0,"{'id': 11, 'abbrev': 'PTA', 'name': 'Port Adelaide'}",0,"{'id': 5, 'abbrev': 'ESS', 'name': 'Essendon'}",1,Perth Stadium,96.0,"{'id': 7, 'name': 'Docklands Stadium', 'display_name': 'Marvel Stadium', 'short_name': 'Marvel', 'abbrev': 'MARV'}","{'id': 7, 'name': 'Docklands Stadium', 'display_name': 'Marvel Stadium', 'short_name': 'Marvel', 'abbrev': 'MARV'}","{'id': 13, 'name': 'Melbourne Cricket Ground', 'display_name': 'MCG', 'short_name': 'MCG', 'abbrev': 'MCG'}",13.1909,,0.6343873517786561,5744.548286604361,-11
0,161,298288,Darcy,Moore,COL,256,21,38,332700,1126,1,17,-15600,-70500,251,347,116,1972,2025-08-03T10:13:46+10:00,5,90,3,89,1,71,0,28,0,12,-2,-16,0,0,0,0,0,1,64.6,687,66.2353,58.0,BRL,63.6667,0,"{'id': 8, 'abbrev': 'HAW', 'name': 'Hawthorn'}",1,"{'id': 1, 'abbrev': 'ADE', 'name': 'Adelaide'}",1,"{'id': 10, 'abbrev': 'MEL', 'name': 'Melbourne'}",0,Melbourne Cricket Ground,73.5146,"{'id': 13, 'name': 'Melbourne Cricket Ground', 'display_name': 'MCG', 'short_name': 'MCG', 'abbrev': 'MCG'}","{'id': 1, 'name': 'Adelaide Oval', 'display_name': 'Adelaide Oval', 'short_name': 'Adelaide', 'abbrev': 'AO'}","{'id': 13, 'name': 'Melbourne Cricket Ground', 'display_name': 'MCG', 'short_name': 'MCG', 'abbrev': 'MCG'}",14.1155,0.3275862068965517,0.5709939148073022,5023.001330106455,-5
0,295,294643,Alex,Sexton,GCS,643,21,0,309500,29,0,3,0,-92500,636,413,0,82,2025-08-03T10:13:46+10:00,0,5,0,1,0,3,0,2,0,1,0,0,0,0,0,0,0,1,9.66667,196,9.66667,9.66667,RIC,48.1111,0,"{'id': 3, 'abbrev': 'CAR', 'name': 'Carlton'}",1,"{'id': 18, 'abbrev': 'GWS', 'name': 'GWS Giants'}",0,"{'id': 11, 'abbrev': 'PTA', 'name': 'Port Adelaide'}",1,Carrara Stadium,58.6986,"{'id': 7, 'name': 'Docklands Stadium', 'display_name': 'Marvel Stadium', 'short_name': 'Marvel', 'abbrev': 'MARV'}","{'id': 5, 'name': 'Carrara Stadium', 'display_name': 'People First Stadium', 'short_name': 'People First', 'abbrev': 'PFS'}","{'id': 1, 'name': 'Adelaide Oval', 'display_name': 'Adelaide Oval', 'short_name': 'Adelaide', 'abbrev': 'AO'}",4.02712,,0.35365853658536583,32017.23033888609,-7
0,410,1017094,Connor,Macdonald,HAW,199,21,66,363100,1267,1,18,-17800,-37500,204,220,93,1698,2025-08-03T10:13:45+10:00,7,149,8,101,3,69,4,64,0,15,-1,-6,0,0,0,16,1,12,68.2,1644,70.3889,63.0,ADE,80.8333,1,"{'id': 4, 'abbrev': 'COL', 'name': 'Collingwood'}",0,"{'id': 10, 'abbrev': 'MEL', 'name': 'Melbourne'}",0,"{'id': 2, 'abbrev': 'BRL', 'name': 'Brisbane'}",1,Adelaide Oval,67.3333,"{'id': 13, 'name': 'Melbourne Cricket Ground', 'display_name': 'MCG', 'short_name': 'MCG', 'abbrev': 'MCG'}","{'id': 13, 'name': 'Melbourne Cricket Ground', 'display_name': 'MCG', 'short_name': 'MCG', 'abbrev': 'MCG'}","{'id': 4, 'name': 'Brisbane Cricket Ground', 'display_name': 'Gabba', 'short_name': 'Gabba', 'abbrev': 'G'}",33.7785,0.7096774193548387,0.7461719670200235,5158.483795030182,5
0,745,290826,Jamie,Cripps,WCE,267,21,31,273000,1102,1,18,5900,-126900,257,369,116,1955,2025-08-03T10:13:46+10:00,5,135,3,66,4,59,2,52,0,13,0,-7,0,0,2,21,0,13,49.4,789,61.2222,58.0,MEL,66.0556,1,"{'id': 1, 'abbrev': 'ADE', 'name': 'Adelaide'}",0,"{'id': 15, 'abbrev': 'WBD', 'name': 'Western Bulldogs'}",1,"{'id': 14, 'abbrev': 'SYD', 'name': 'Sydney'}",0,Docklands Stadium,61.6585,"{'id': 53, 'name': 'Perth Stadium', 'display_name': 'Optus Stadium', 'short_name': 'Optus', 'abbrev': 'OS'}","{'id': 7, 'name': 'Docklands Stadium', 'display_name': 'Marvel Stadium', 'short_name': 'Marvel', 'abbrev': 'MARV'}","{'id': 53, 'name': 'Perth Stadium', 'display_name': 'Optus Stadium', 'short_name': 'Optus', 'abbrev': 'OS'}",16.2112,0.2672413793103448,0.5636828644501278,4459.166772837304,-10
0,508,1006058,Bailey,Scott,NTH,455,21,0,207700,409,0,9,0,-189400,449,413,0,751,2025-08-03T10:13:46+10:00,0,51,0,42,0,33,0,16,0,2,0,-4,0,0,0,2,0,1,31.4,270,45.4444,36.6667,STK,58.2,1,"{'id': 18, 'abbrev': 'GWS', 'name': 'GWS Giants'}",1,"{'id': 12, 'abbrev': 'RIC', 'name': 'Richmond'}",0,"{'id': 1, 'abbrev': 'ADE', 'name': 'Adelaide'}",0,Docklands Stadium,73.8,"{'id': 11, 'name': 'Manuka Oval', 'display_name': 'Manuka Oval', 'short_name': 'Manuka', 'abbrev': 'MO'}","{'id': 226, 'name': 'Ninja Stadium', 'display_name': 'Ninja Stadium', 'short_name': 'Ninja', 'abbrev': 'NIN'}","{'id': 7, 'name': 'Docklands Stadium', 'display_name': 'Marvel Stadium', 'short_name': 'Marvel', 'abbrev': 'MARV'}",5.54757,,0.5446071904127829,4570.420117770286,-6
0,260,1017396,Mac,Andrew,GCS,222,21,118,354100,1205,1,18,33400,-42800,252,42,111,2105,2025-08-03T10:13:45+10:00,14,159,10,79,11,94,0,18,2,19,0,-21,0,10,1,2,0,3,81.0,633,66.9444,89.6667,RIC,85.6667,0,"{'id': 3, 'abbrev': 'CAR', 'name': 'Carlton'}",1,"{'id': 18, 'abbrev': 'GWS', 'name': 'GWS Giants'}",0,"{'id': 11, 'abbrev': 'PTA', 'name': 'Port Adelaide'}",1,Carrara Stadium,65.8182,"{'id': 7, 'name': 'Docklands Stadium', 'display_name': 'Marvel Stadium', 'short_name': 'Marvel', 'abbrev': 'MARV'}","{'id': 5, 'name': 'Carrara Stadium', 'display_name': 'People First Stadium', 'short_name': 'People First', 'abbrev': 'PFS'}","{'id': 1, 'name': 'Adelaide Oval', 'display_name': 'Adelaide Oval', 'short_name': 'Adelaide', 'abbrev': 'AO'}",13.006,1.063063063063063,0.5724465558194775,5289.464092590269,30
0,462,1008541,Kysaiah,Pickett,MEL,88,21,98,482700,1645,1,17,900,87300,92,86,112,1804,2025-08-03T10:13:45+10:00,20,235,6,108,3,52,5,65,1,20,0,-22,0,0,0,36,1,26,92.8,4041,96.7647,97.3333,WCE,75.625,0,"{'id': 15, 'abbrev': 'WBD', 'name': 'Western Bulldogs'}",0,"{'id': 8, 'abbrev': 'HAW', 'name': 'Hawthorn'}",1,"{'id': 4, 'abbrev': 'COL', 'name': 'Collingwood'}",1,Docklands Stadium,64.4444,"{'id': 13, 'name': 'Melbourne Cricket Ground', 'display_name': 'MCG', 'short_name': 'MCG', 'abbrev': 'MCG'}","{'id': 13, 'name': 'Melbourne Cricket Ground', 'display_name': 'MCG', 'short_name': 'MCG', 'abbrev': 'MCG'}","{'id': 13, 'name': 'Melbourne Cricket Ground', 'display_name': 'MCG', 'short_name': 'MCG', 'abbrev': 'MCG'}",83.0286,0.875,0.9118625277161863,4988.389360996313,4
0,160,291856,Tom,Mitchell,COL,504,21,0,410200,270,0,3,0,15000,494,413,0,267,2025-08-03T10:13:46+10:00,0,25,0,50,0,12,0,20,0,4,0,-2,0,0,0,0,0,1,90.0,1758,90.0,90.0,BRL,118.727,0,"{'id': 8, 'abbrev': 'HAW', 'name': 'Hawthorn'}",1,"{'id': 1, 'abbrev': 'ADE', 'name': 'Adelaide'}",1,"{'id': 10, 'abbrev': 'MEL', 'name': 'Melbourne'}",0,Melbourne Cricket Ground,107.714,"{'id': 13, 'name': 'Melbourne Cricket Ground', 'display_name': 'MCG', 'short_name': 'MCG', 'abbrev': 'MCG'}","{'id': 1, 'name': 'Adelaide Oval', 'display_name': 'Adelaide Oval', 'short_name': 'Adelaide', 'abbrev': 'AO'}","{'id': 13, 'name': 'Melbourne Cricket Ground', 'display_name': 'MCG', 'short_name': 'MCG', 'abbrev': 'MCG'}",36.1208,,1.0112359550561798,4557.777777777777,-10
0,431,1027935,Josh,Weddle,HAW,228,21,0,440100,1198,0,15,0,45800,206,413,0,1628,2025-08-03T10:13:46+10:00,0,135,0,112,0,74,0,26,0,16,0,-4,0,34,0,8,0,4,83.6,1212,79.8667,84.6667,ADE,72.0,1,"{'id': 4, 'abbrev': 'COL', 'name': 'Collingwood'}",0,"{'id': 10, 'abbrev': 'MEL', 'name': 'Melbourne'}",0,"{'id': 2, 'abbrev': 'BRL', 'name': 'Brisbane'}",1,Adelaide Oval,70.6,"{'id': 13, 'name': 'Melbourne Cricket Ground', 'display_name': 'MCG', 'short_name': 'MCG', 'abbrev': 'MCG'}","{'id': 13, 'name': 'Melbourne Cricket Ground', 'display_name': 'MCG', 'short_name': 'MCG', 'abbrev': 'MCG'}","{'id': 4, 'name': 'Brisbane Cricket Ground', 'display_name': 'Gabba', 'short_name': 'Gabba', 'abbrev': 'G'}",24.9024,,0.7358722358722358,5510.43175691496,-22
0,271,993799,Brayden,Fiorini,GCS,250,21,114,505100,1136,1,12,2400,111300,273,46,97,1269,2025-08-03T10:13:45+10:00,14,140,10,122,7,44,4,57,2,13,0,-5,0,0,1,4,0,2,106.8,2832,94.6667,102.667,RIC,84.3333,0,"{'id': 3, 'abbrev': 'CAR', 'name': 'Carlton'}",1,"{'id': 18, 'abbrev': 'GWS', 'name': 'GWS Giants'}",0,"{'id': 11, 'abbrev': 'PTA', 'name': 'Port Adelaide'}",1,Carrara Stadium,80.2889,"{'id': 7, 'name': 'Docklands Stadium', 'display_name': 'Marvel Stadium', 'short_name': 'Marvel', 'abbrev': 'MARV'}","{'id': 5, 'name': 'Carrara Stadium', 'display_name': 'People First Stadium', 'short_name': 'People First', 'abbrev': 'PFS'}","{'id': 1, 'name': 'Adelaide Oval', 'display_name': 'Adelaide Oval', 'short_name': 'Adelaide', 'abbrev': 'AO'}",58.1878,1.175257731958763,0.8951930654058313,5335.561501562851,23
0,305,1012805,Tanner,Bruhn,GEE,652,21,0,393700,0,0,0,0,0,644,413,0,0,2025-08-03T10:13:47+10:00,0,0,0,0,0,0,0,0,0,0,0,0,0,0,0,0,0,0,0.0,337,0.0,0.0,PTA,47.0,0,"{'id': 5, 'abbrev': 'ESS', 'name': 'Essendon'}",0,"{'id': 14, 'abbrev': 'SYD', 'name': 'Sydney'}",1,"{'id': 12, 'abbrev': 'RIC', 'name': 'Richmond'}",1,Kardinia Park,86.7857,"{'id': 10, 'name': 'Kardinia Park', 'display_name': 'GMHBA Stadium', 'short_name': 'GMHBA', 'abbrev': 'GMS'}","{'id': 16, 'name': 'Sydney Cricket Ground', 'display_name': 'SCG', 'short_name': 'SCG', 'abbrev': 'SCG'}","{'id': 13, 'name': 'Melbourne Cricket Ground', 'display_name': 'MCG', 'short_name': 'MCG', 'abbrev': 'MCG'}",6.92418,,,,-8
0,297,1017665,Bodhi,Uwland,GCS,159,21,73,362300,1395,1,19,-22100,-30800,161,193,92,2114,2025-08-03T10:13:45+10:00,8,180,7,118,6,95,1,32,0,17,0,-18,0,0,0,1,0,0,74.6,814,73.4211,60.3333,RIC,67.75,0,"{'id': 3, 'abbrev': 'CAR', 'name': 'Carlton'}",1,"{'id': 18, 'abbrev': 'GWS', 'name': 'GWS Giants'}",0,"{'id': 11, 'abbrev': 'PTA', 'name': 'Port Adelaide'}",1,Carrara Stadium,73.0625,"{'id': 7, 'name': 'Docklands Stadium', 'display_name': 'Marvel Stadium', 'short_name': 'Marvel', 'abbrev': 'MARV'}","{'id': 5, 'name': 'Carrara Stadium', 'display_name': 'People First Stadium', 'short_name': 'People First', 'abbrev': 'PFS'}","{'id': 1, 'name': 'Adelaide Oval', 'display_name': 'Adelaide Oval', 'short_name': 'Adelaide', 'abbrev': 'AO'}",16.7249,0.7934782608695652,0.6598864711447493,4934.548787746302,2
0,590,1002403,Ben,Miller,RIC,172,21,75,334100,1364,1,20,-16300,-58200,180,179,114,2360,2025-08-03T10:13:45+10:00,8,172,5,70,6,118,0,34,0,11,0,-12,0,0,0,0,0,0,68.6,451,68.2,58.0,GCS,55.2,1,"{'id': 13, 'abbrev': 'STK', 'name': 'St Kilda'}",0,"{'id': 9, 'abbrev': 'NTH', 'name': 'North Melbourne'}",1,"{'id': 7, 'abbrev': 'GEE', 'name': 'Geelong'}",0,Carrara Stadium,71.0,"{'id': 13, 'name': 'Melbourne Cricket Ground', 'display_name': 'MCG', 'short_name': 'MCG', 'abbrev': 'MCG'}","{'id': 226, 'name': 'Ninja Stadium', 'display_name': 'Ninja Stadium', 'short_name': 'Ninja', 'abbrev': 'NIN'}","{'id': 13, 'name': 'Melbourne Cricket Ground', 'display_name': 'MCG', 'short_name': 'MCG', 'abbrev': 'MCG'}",9.26649,0.6578947368421053,0.5779661016949152,4898.826979472141,8
0,341,997230,Tyson,Stengle,GEE,233,21,71,331000,1183,1,18,-9700,-61200,240,200,105,1879,2025-08-03T10:13:45+10:00,10,135,3,85,6,51,0,56,1,11,0,-16,0,0,2,26,3,20,60.6,1176,65.7222,61.0,PTA,56.5,0,"{'id': 5, 'abbrev': 'ESS', 'name': 'Essendon'}",0,"{'id': 14, 'abbrev': 'SYD', 'name': 'Sydney'}",1,"{'id': 12, 'abbrev': 'RIC', 'name': 'Richmond'}",1,Kardinia Park,71.6061,"{'id': 10, 'name': 'Kardinia Park', 'display_name': 'GMHBA Stadium', 'short_name': 'GMHBA', 'abbrev': 'GMS'}","{'id': 16, 'name': 'Sydney Cricket Ground', 'display_name': 'SCG', 'short_name': 'SCG', 'abbrev': 'SCG'}","{'id': 13, 'name': 'Melbourne Cricket Ground', 'display_name': 'MCG', 'short_name': 'MCG', 'abbrev': 'MCG'}",24.1627,0.6761904761904762,0.6295902075572113,5036.349970025349,7
0,630,295467,Jack,Macrae,STK,54,21,78,496600,1877,1,18,-18500,104400,53,166,80,1794,2025-08-03T10:13:45+10:00,6,218,16,248,3,55,4,103,2,28,-2,-19,0,0,0,1,0,4,98.4,4551,104.278,89.3333,NTH,104.267,0,"{'id': 12, 'abbrev': 'RIC', 'name': 'Richmond'}",1,"{'id': 5, 'abbrev': 'ESS', 'name': 'Essendon'}",1,"{'id': 18, 'abbrev': 'GWS', 'name': 'GWS Giants'}",1,Docklands Stadium,103.776,"{'id': 13, 'name': 'Melbourne Cricket Ground', 'display_name': 'MCG', 'short_name': 'MCG', 'abbrev': 'MCG'}","{'id': 7, 'name': 'Docklands Stadium', 'display_name': 'Marvel Stadium', 'short_name': 'Marvel', 'abbrev': 'MARV'}","{'id': 17, 'name': 'ENGIE Stadium', 'display_name': 'ENGIE Stadium', 'short_name': 'ENGIE', 'abbrev': 'ENS'}",93.5073,0.975,1.0462653288740245,4762.270085732369,-1
0,696,1000864,Lachlan,Bramble,WBD,178,21,56,386300,1348,1,20,-12200,-5600,175,270,107,1976,2025-08-03T10:13:45+10:00,13,237,2,116,6,86,2,32,0,15,-1,-11,0,0,0,4,0,1,76.0,787,67.4,70.6667,GWS,53.3333,0,"{'id': 10, 'abbrev': 'MEL', 'name': 'Melbourne'}",1,"{'id': 16, 'abbrev': 'WCE', 'name': 'West Coast'}",0,"{'id': 6, 'abbrev': 'FRE', 'name': 'Fremantle'}",0,Docklands Stadium,73.5862,"{'id': 13, 'name': 'Melbourne Cricket Ground', 'display_name': 'MCG', 'short_name': 'MCG', 'abbrev': 'MCG'}","{'id': 7, 'name': 'Docklands Stadium', 'display_name': 'Marvel Stadium', 'short_name': 'Marvel', 'abbrev': 'MARV'}","{'id': 7, 'name': 'Docklands Stadium', 'display_name': 'Marvel Stadium', 'short_name': 'Marvel', 'abbrev': 'MARV'}",16.1701,0.5233644859813084,0.6821862348178138,5731.454005934717,-3
0,339,1006130,Bailey,Smith,GEE,38,21,119,541000,1958,1,17,18200,151800,40,39,97,1792,2025-08-03T10:13:45+10:00,18,342,12,196,5,84,7,88,0,13,-3,-29,0,0,0,6,0,5,102.8,4663,115.176,118.667,PTA,104.25,0,"{'id': 5, 'abbrev': 'ESS', 'name': 'Essendon'}",0,"{'id': 14, 'abbrev': 'SYD', 'name': 'Sydney'}",1,"{'id': 12, 'abbrev': 'RIC', 'name': 'Richmond'}",1,Kardinia Park,102.6,"{'id': 10, 'name': 'Kardinia Park', 'display_name': 'GMHBA Stadium', 'short_name': 'GMHBA', 'abbrev': 'GMS'}","{'id': 16, 'name': 'Sydney Cricket Ground', 'display_name': 'SCG', 'short_name': 'SCG', 'abbrev': 'SCG'}","{'id': 13, 'name': 'Melbourne Cricket Ground', 'display_name': 'MCG', 'short_name': 'MCG', 'abbrev': 'MCG'}",95.8085,1.2268041237113403,1.0926339285714286,4697.1591303743835,2
0,625,295584,Bradley,Hill,STK,169,21,82,358100,1369,1,19,-5700,-30400,181,149,108,2074,2025-08-03T10:13:45+10:00,13,242,4,127,7,98,1,30,1,6,0,-12,0,0,0,6,0,5,70.0,1543,72.0526,68.6667,NTH,71.5625,0,"{'id': 12, 'abbrev': 'RIC', 'name': 'Richmond'}",1,"{'id': 5, 'abbrev': 'ESS', 'name': 'Essendon'}",1,"{'id': 18, 'abbrev': 'GWS', 'name': 'GWS Giants'}",1,Docklands Stadium,71.2805,"{'id': 13, 'name': 'Melbourne Cricket Ground', 'display_name': 'MCG', 'short_name': 'MCG', 'abbrev': 'MCG'}","{'id': 7, 'name': 'Docklands Stadium', 'display_name': 'Marvel Stadium', 'short_name': 'Marvel', 'abbrev': 'MARV'}","{'id': 17, 'name': 'ENGIE Stadium', 'display_name': 'ENGIE Stadium', 'short_name': 'ENGIE', 'abbrev': 'ENS'}",31.7033,0.7592592592592593,0.6600771456123433,4969.980264417939,12
0,528,992128,Ryan,Burton,PTA,412,21,0,379500,580,0,8,0,-8000,399,413,0,714,2025-08-03T10:13:46+10:00,0,109,0,45,0,37,0,9,0,3,0,-8,0,0,0,1,0,2,74.2,296,72.5,75.6667,GEE,82.9167,1,"{'id': 6, 'abbrev': 'FRE', 'name': 'Fremantle'}",0,"{'id': 3, 'abbrev': 'CAR', 'name': 'Carlton'}",1,"{'id': 17, 'abbrev': 'GCS', 'name': 'Gold Coast'}",0,Kardinia Park,98.0,"{'id': 1, 'name': 'Adelaide Oval', 'display_name': 'Adelaide Oval', 'short_name': 'Adelaide', 'abbrev': 'AO'}","{'id': 7, 'name': 'Docklands Stadium', 'display_name': 'Marvel Stadium', 'short_name': 'Marvel', 'abbrev': 'MARV'}","{'id': 1, 'name': 'Adelaide Oval', 'display_name': 'Adelaide Oval', 'short_name': 'Adelaide', 'abbrev': 'AO'}",6.08178,,0.8123249299719888,5234.482758620689,-13
0,401,1012857,Jack,Ginnivan,HAW,131,21,108,442700,1495,1,19,5100,55800,142,60,107,1917,2025-08-03T10:13:45+10:00,11,198,9,149,3,69,1,44,3,19,0,-9,0,0,2,23,1,9,93.8,2164,78.6842,91.6667,ADE,78.5714,1,"{'id': 4, 'abbrev': 'COL', 'name': 'Collingwood'}",0,"{'id': 10, 'abbrev': 'MEL', 'name': 'Melbourne'}",0,"{'id': 2, 'abbrev': 'BRL', 'name': 'Brisbane'}",1,Adelaide Oval,66.0,"{'id': 13, 'name': 'Melbourne Cricket Ground', 'display_name': 'MCG', 'short_name': 'MCG', 'abbrev': 'MCG'}","{'id': 13, 'name': 'Melbourne Cricket Ground', 'display_name': 'MCG', 'short_name': 'MCG', 'abbrev': 'MCG'}","{'id': 4, 'name': 'Brisbane Cricket Ground', 'display_name': 'Gabba', 'short_name': 'Gabba', 'abbrev': 'G'}",44.4627,1.0093457943925233,0.7798643714136672,5626.2883780987795,11
0,648,1023270,Marcus,Windhager,STK,106,21,77,443700,1581,1,20,-22200,58600,109,174,103,2089,2025-08-03T10:13:45+10:00,10,237,10,190,5,83,1,65,1,25,-1,-21,0,0,0,4,0,3,94.6,1995,79.05,76.6667,NTH,84.5,0,"{'id': 12, 'abbrev': 'RIC', 'name': 'Richmond'}",1,"{'id': 5, 'abbrev': 'ESS', 'name': 'Essendon'}",1,"{'id': 18, 'abbrev': 'GWS', 'name': 'GWS Giants'}",1,Docklands Stadium,64.5263,"{'id': 13, 'name': 'Melbourne Cricket Ground', 'display_name': 'MCG', 'short_name': 'MCG', 'abbrev': 'MCG'}","{'id': 7, 'name': 'Docklands Stadium', 'display_name': 'Marvel Stadium', 'short_name': 'Marvel', 'abbrev': 'MARV'}","{'id': 17, 'name': 'ENGIE Stadium', 'display_name': 'ENGIE Stadium', 'short_name': 'ENGIE', 'abbrev': 'ENS'}",40.9903,0.7475728155339806,0.7568214456677836,5612.903225806452,3
0,65,291548,Ryan,Lester,BRL,208,21,3,302400,1240,1,20,-4200,-82300,193,411,28,2146,2025-08-03T10:13:46+10:00,0,163,0,83,0,93,0,39,0,12,0,-10,0,0,0,0,0,0,53.6,342,62.0,58.3333,COL,57.5833,1,"{'id': 14, 'abbrev': 'SYD', 'name': 'Sydney'}",0,"{'id': 6, 'abbrev': 'FRE', 'name': 'Fremantle'}",1,"{'id': 8, 'abbrev': 'HAW', 'name': 'Hawthorn'}",0,Melbourne Cricket Ground,55.6,"{'id': 4, 'name': 'Brisbane Cricket Ground', 'display_name': 'Gabba', 'short_name': 'Gabba', 'abbrev': 'G'}","{'id': 53, 'name': 'Perth Stadium', 'display_name': 'Optus Stadium', 'short_name': 'Optus', 'abbrev': 'OS'}","{'id': 4, 'name': 'Brisbane Cricket Ground', 'display_name': 'Gabba', 'short_name': 'Gabba', 'abbrev': 'G'}",7.02692,0.10714285714285714,0.5778191985088537,4877.419354838709,-15
0,187,996232,Matt,Guelfi,ESS,457,21,32,258500,393,1,8,-16500,-126100,460,366,102,790,2025-08-03T10:13:46+10:00,3,35,0,40,0,12,3,28,0,7,0,-8,0,0,1,5,0,4,44.6,393,49.125,42.6667,SYD,42.6667,1,"{'id': 7, 'abbrev': 'GEE', 'name': 'Geelong'}",1,"{'id': 13, 'abbrev': 'STK', 'name': 'St Kilda'}",0,"{'id': 3, 'abbrev': 'CAR', 'name': 'Carlton'}",0,Sydney Cricket Ground,39.8,"{'id': 10, 'name': 'Kardinia Park', 'display_name': 'GMHBA Stadium', 'short_name': 'GMHBA', 'abbrev': 'GMS'}","{'id': 7, 'name': 'Docklands Stadium', 'display_name': 'Marvel Stadium', 'short_name': 'Marvel', 'abbrev': 'MARV'}","{'id': 13, 'name': 'Melbourne Cricket Ground', 'display_name': 'MCG', 'short_name': 'MCG', 'abbrev': 'MCG'}",8.07479,0.3137254901960784,0.49746835443037973,5262.086513994911,3
0,383,1005247,Sam,Taylor,GWS,173,21,48,430200,1359,1,16,-28700,45900,165,310,102,1980,2025-08-03T10:13:46+10:00,4,130,6,110,4,111,1,32,0,13,-2,-18,0,0,0,1,0,0,89.0,2475,84.9375,70.3333,WBD,83.6667,1,"{'id': 9, 'abbrev': 'NTH', 'name': 'North Melbourne'}",0,"{'id': 17, 'abbrev': 'GCS', 'name': 'Gold Coast'}",1,"{'id': 13, 'abbrev': 'STK', 'name': 'St Kilda'}",0,Docklands Stadium,69.5,"{'id': 11, 'name': 'Manuka Oval', 'display_name': 'Manuka Oval', 'short_name': 'Manuka', 'abbrev': 'MO'}","{'id': 5, 'name': 'Carrara Stadium', 'display_name': 'People First Stadium', 'short_name': 'People First', 'abbrev': 'PFS'}","{'id': 17, 'name': 'ENGIE Stadium', 'display_name': 'ENGIE Stadium', 'short_name': 'ENGIE', 'abbrev': 'ENS'}",50.8527,0.47058823529411764,0.6863636363636364,5064.900662251655,-8
0,26,1021031,Luke,Nankervis,ADE,478,21,0,277400,331,0,7,0,-105200,472,413,0,580,2025-08-03T10:13:46+10:00,0,43,0,45,0,19,0,13,0,3,0,-6,0,0,0,0,0,3,46.4,176,47.2857,44.3333,HAW,80.5,0,"{'id': 16, 'abbrev': 'WCE', 'name': 'West Coast'}",1,"{'id': 4, 'abbrev': 'COL', 'name': 'Collingwood'}",0,"{'id': 9, 'abbrev': 'NTH', 'name': 'North Melbourne'}",1,Adelaide Oval,68.3889,"{'id': 53, 'name': 'Perth Stadium', 'display_name': 'Optus Stadium', 'short_name': 'Optus', 'abbrev': 'OS'}","{'id': 1, 'name': 'Adelaide Oval', 'display_name': 'Adelaide Oval', 'short_name': 'Adelaide', 'abbrev': 'AO'}","{'id': 7, 'name': 'Docklands Stadium', 'display_name': 'Marvel Stadium', 'short_name': 'Marvel', 'abbrev': 'MARV'}",3.61619,,0.5706896551724138,5866.467029144118,-6
0,110,1009241,Brodie,Kemp,CAR,528,21,0,315100,237,0,5,0,-66400,517,413,0,527,2025-08-03T10:13:46+10:00,0,28,0,15,0,15,0,11,0,7,0,-6,0,0,0,7,0,4,47.4,203,47.4,58.6667,FRE,63.6667,1,"{'id': 17, 'abbrev': 'GCS', 'name': 'Gold Coast'}",0,"{'id': 11, 'abbrev': 'PTA', 'name': 'Port Adelaide'}",0,"{'id': 5, 'abbrev': 'ESS', 'name': 'Essendon'}",1,Perth Stadium,70.0,"{'id': 7, 'name': 'Docklands Stadium', 'display_name': 'Marvel Stadium', 'short_name': 'Marvel', 'abbrev': 'MARV'}","{'id': 7, 'name': 'Docklands Stadium', 'display_name': 'Marvel Stadium', 'short_name': 'Marvel', 'abbrev': 'MARV'}","{'id': 13, 'name': 'Melbourne Cricket Ground', 'display_name': 'MCG', 'short_name': 'MCG', 'abbrev': 'MCG'}",4.17095,,0.4497153700189753,6647.679324894515,-11
0,624,1002227,Jack,Higgins,STK,211,21,67,292000,1233,1,20,16400,-89500,219,216,102,2096,2025-08-03T10:13:45+10:00,4,102,6,92,2,48,2,45,1,18,0,-10,0,0,2,41,0,17,60.8,844,61.65,67.6667,NTH,66.4286,0,"{'id': 12, 'abbrev': 'RIC', 'name': 'Richmond'}",1,"{'id': 5, 'abbrev': 'ESS', 'name': 'Essendon'}",1,"{'id': 18, 'abbrev': 'GWS', 'name': 'GWS Giants'}",1,Docklands Stadium,64.7031,"{'id': 13, 'name': 'Melbourne Cricket Ground', 'display_name': 'MCG', 'short_name': 'MCG', 'abbrev': 'MCG'}","{'id': 7, 'name': 'Docklands Stadium', 'display_name': 'Marvel Stadium', 'short_name': 'Marvel', 'abbrev': 'MARV'}","{'id': 17, 'name': 'ENGIE Stadium', 'display_name': 'ENGIE Stadium', 'short_name': 'ENGIE', 'abbrev': 'ENS'}",17.3413,0.6568627450980392,0.5882633587786259,4736.4152473641525,8
0,455,1017703,Judd,McVee,MEL,338,21,52,288100,830,1,14,-800,-93300,341,292,111,1460,2025-08-03T10:13:46+10:00,5,126,6,74,3,68,0,13,0,8,0,-4,0,0,0,0,0,2,53.8,262,59.2857,57.3333,WCE,64.6,0,"{'id': 15, 'abbrev': 'WBD', 'name': 'Western Bulldogs'}",0,"{'id': 8, 'abbrev': 'HAW', 'name': 'Hawthorn'}",1,"{'id': 4, 'abbrev': 'COL', 'name': 'Collingwood'}",1,Docklands Stadium,54.75,"{'id': 13, 'name': 'Melbourne Cricket Ground', 'display_name': 'MCG', 'short_name': 'MCG', 'abbrev': 'MCG'}","{'id': 13, 'name': 'Melbourne Cricket Ground', 'display_name': 'MCG', 'short_name': 'MCG', 'abbrev': 'MCG'}","{'id': 13, 'name': 'Melbourne Cricket Ground', 'display_name': 'MCG', 'short_name': 'MCG', 'abbrev': 'MCG'}",5.38319,0.46846846846846846,0.5684931506849316,4859.519243257649,3
0,222,1013224,Heath,Chapman,FRE,225,21,46,303900,1202,1,19,-15000,-77000,224,318,121,1896,2025-08-03T10:13:46+10:00,6,163,2,86,4,84,3,43,0,13,-1,-17,0,0,0,0,0,0,56.2,476,63.2632,52.6667,CAR,66.0,0,"{'id': 11, 'abbrev': 'PTA', 'name': 'Port Adelaide'}",1,"{'id': 2, 'abbrev': 'BRL', 'name': 'Brisbane'}",0,"{'id': 15, 'abbrev': 'WBD', 'name': 'Western Bulldogs'}",1,Perth Stadium,69.0286,"{'id': 1, 'name': 'Adelaide Oval', 'display_name': 'Adelaide Oval', 'short_name': 'Adelaide', 'abbrev': 'AO'}","{'id': 53, 'name': 'Perth Stadium', 'display_name': 'Optus Stadium', 'short_name': 'Optus', 'abbrev': 'OS'}","{'id': 7, 'name': 'Docklands Stadium', 'display_name': 'Marvel Stadium', 'short_name': 'Marvel', 'abbrev': 'MARV'}",9.78015,0.38016528925619836,0.6339662447257384,4803.740563234234,-1
0,711,297899,James,Harmes,WBD,315,21,0,333600,906,0,13,0,-47000,304,413,0,1177,2025-08-03T10:13:46+10:00,0,104,0,122,0,40,0,34,0,9,0,-4,0,0,0,9,0,6,69.6,862,69.6923,65.0,GWS,83.7,0,"{'id': 10, 'abbrev': 'MEL', 'name': 'Melbourne'}",1,"{'id': 16, 'abbrev': 'WCE', 'name': 'West Coast'}",0,"{'id': 6, 'abbrev': 'FRE', 'name': 'Fremantle'}",0,Docklands Stadium,78.6667,"{'id': 13, 'name': 'Melbourne Cricket Ground', 'display_name': 'MCG', 'short_name': 'MCG', 'abbrev': 'MCG'}","{'id': 7, 'name': 'Docklands Stadium', 'display_name': 'Marvel Stadium', 'short_name': 'Marvel', 'abbrev': 'MARV'}","{'id': 7, 'name': 'Docklands Stadium', 'display_name': 'Marvel Stadium', 'short_name': 'Marvel', 'abbrev': 'MARV'}",17.7111,,0.7697536108751062,4786.755495226876,-11
0,723,1002404,Aaron,Naughton,WBD,92,21,137,492100,1618,1,20,35200,111800,114,16,101,2142,2025-08-03T10:13:45+10:00,12,166,8,72,8,111,1,38,3,25,-1,-16,1,5,5,50,2,24,111.6,2364,80.9,118.333,GWS,70.5833,0,"{'id': 10, 'abbrev': 'MEL', 'name': 'Melbourne'}",1,"{'id': 16, 'abbrev': 'WCE', 'name': 'West Coast'}",0,"{'id': 6, 'abbrev': 'FRE', 'name': 'Fremantle'}",0,Docklands Stadium,73.1184,"{'id': 13, 'name': 'Melbourne Cricket Ground', 'display_name': 'MCG', 'short_name': 'MCG', 'abbrev': 'MCG'}","{'id': 7, 'name': 'Docklands Stadium', 'display_name': 'Marvel Stadium', 'short_name': 'Marvel', 'abbrev': 'MARV'}","{'id': 7, 'name': 'Docklands Stadium', 'display_name': 'Marvel Stadium', 'short_name': 'Marvel', 'abbrev': 'MARV'}",48.572,1.3564356435643565,0.7553688141923436,6082.818294190358,22
0,49,1002312,Zac,Bailey,BRL,93,21,83,431400,1617,1,19,-14800,51500,98,143,99,1977,2025-08-03T10:13:45+10:00,12,218,9,140,1,80,2,41,1,27,0,-17,0,0,2,29,0,24,91.2,3428,85.1053,78.3333,COL,75.1818,1,"{'id': 14, 'abbrev': 'SYD', 'name': 'Sydney'}",0,"{'id': 6, 'abbrev': 'FRE', 'name': 'Fremantle'}",1,"{'id': 8, 'abbrev': 'HAW', 'name': 'Hawthorn'}",0,Melbourne Cricket Ground,58.8182,"{'id': 4, 'name': 'Brisbane Cricket Ground', 'display_name': 'Gabba', 'short_name': 'Gabba', 'abbrev': 'G'}","{'id': 53, 'name': 'Perth Stadium', 'display_name': 'Optus Stadium', 'short_name': 'Optus', 'abbrev': 'OS'}","{'id': 4, 'name': 'Brisbane Cricket Ground', 'display_name': 'Gabba', 'short_name': 'Gabba', 'abbrev': 'G'}",70.4335,0.8383838383838383,0.8179059180576631,5069.014503209553,5
0,67,1014026,Kai,Lohmann,BRL,406,21,0,306400,601,0,13,0,-73400,392,413,0,1088,2025-08-03T10:13:46+10:00,0,78,0,37,0,37,0,35,0,6,0,-12,0,0,0,10,0,7,62.4,533,46.2308,74.0,COL,37.0,1,"{'id': 14, 'abbrev': 'SYD', 'name': 'Sydney'}",0,"{'id': 6, 'abbrev': 'FRE', 'name': 'Fremantle'}",1,"{'id': 8, 'abbrev': 'HAW', 'name': 'Hawthorn'}",0,Melbourne Cricket Ground,60.0,"{'id': 4, 'name': 'Brisbane Cricket Ground', 'display_name': 'Gabba', 'short_name': 'Gabba', 'abbrev': 'G'}","{'id': 53, 'name': 'Perth Stadium', 'display_name': 'Optus Stadium', 'short_name': 'Optus', 'abbrev': 'OS'}","{'id': 4, 'name': 'Brisbane Cricket Ground', 'display_name': 'Gabba', 'short_name': 'Gabba', 'abbrev': 'G'}",10.9513,,0.5523897058823529,6627.6162212204845,-14
0,340,280317,Rhys,Stanley,GEE,301,21,48,294700,964,1,15,-26600,-84300,299,310,61,1367,2025-08-03T10:13:46+10:00,3,80,4,71,1,28,1,25,1,17,0,-22,15,383,0,5,0,4,60.2,897,64.2667,44.3333,PTA,74.1818,0,"{'id': 5, 'abbrev': 'ESS', 'name': 'Essendon'}",0,"{'id': 14, 'abbrev': 'SYD', 'name': 'Sydney'}",1,"{'id': 12, 'abbrev': 'RIC', 'name': 'Richmond'}",1,Kardinia Park,81.2679,"{'id': 10, 'name': 'Kardinia Park', 'display_name': 'GMHBA Stadium', 'short_name': 'GMHBA', 'abbrev': 'GMS'}","{'id': 16, 'name': 'Sydney Cricket Ground', 'display_name': 'SCG', 'short_name': 'SCG', 'abbrev': 'SCG'}","{'id': 13, 'name': 'Melbourne Cricket Ground', 'display_name': 'MCG', 'short_name': 'MCG', 'abbrev': 'MCG'}",18.4302,0.7868852459016393,0.7051938551572787,4585.578534450968,-2
0,716,281078,Liam,Jones,WBD,522,21,0,295100,248,0,5,0,-83700,511,413,0,586,2025-08-03T10:13:46+10:00,0,34,0,13,0,21,0,7,0,1,0,-2,0,0,0,0,0,0,49.6,137,49.6,42.6667,GWS,61.7778,0,"{'id': 10, 'abbrev': 'MEL', 'name': 'Melbourne'}",1,"{'id': 16, 'abbrev': 'WCE', 'name': 'West Coast'}",0,"{'id': 6, 'abbrev': 'FRE', 'name': 'Fremantle'}",0,Docklands Stadium,59.6667,"{'id': 13, 'name': 'Melbourne Cricket Ground', 'display_name': 'MCG', 'short_name': 'MCG', 'abbrev': 'MCG'}","{'id': 7, 'name': 'Docklands Stadium', 'display_name': 'Marvel Stadium', 'short_name': 'Marvel', 'abbrev': 'MARV'}","{'id': 7, 'name': 'Docklands Stadium', 'display_name': 'Marvel Stadium', 'short_name': 'Marvel', 'abbrev': 'MARV'}",2.81488,,0.4232081911262799,5949.596774193548,-11
0,450,298281,Jake,Lever,MEL,421,21,0,337100,526,0,8,0,-41300,414,413,0,938,2025-08-03T10:13:46+10:00,0,54,0,42,0,45,0,13,0,6,0,-7,0,0,0,0,0,0,62.8,317,65.75,67.6667,WCE,62.1667,0,"{'id': 15, 'abbrev': 'WBD', 'name': 'Western Bulldogs'}",0,"{'id': 8, 'abbrev': 'HAW', 'name': 'Hawthorn'}",1,"{'id': 4, 'abbrev': 'COL', 'name': 'Collingwood'}",1,Docklands Stadium,62.7778,"{'id': 13, 'name': 'Melbourne Cricket Ground', 'display_name': 'MCG', 'short_name': 'MCG', 'abbrev': 'MCG'}","{'id': 13, 'name': 'Melbourne Cricket Ground', 'display_name': 'MCG', 'short_name': 'MCG', 'abbrev': 'MCG'}","{'id': 13, 'name': 'Melbourne Cricket Ground', 'display_name': 'MCG', 'short_name': 'MCG', 'abbrev': 'MCG'}",6.51325,,0.5607675906183369,5126.996197718631,-7
0,214,298289,Peter,Wright,ESS,209,21,81,380300,1237,1,15,7800,2000,224,152,107,1574,2025-08-03T10:13:45+10:00,8,118,6,68,2,72,3,37,4,23,-1,-13,5,165,0,24,1,18,73.6,2154,82.4667,80.6667,SYD,65.3846,1,"{'id': 7, 'abbrev': 'GEE', 'name': 'Geelong'}",1,"{'id': 13, 'abbrev': 'STK', 'name': 'St Kilda'}",0,"{'id': 3, 'abbrev': 'CAR', 'name': 'Carlton'}",0,Sydney Cricket Ground,65.8571,"{'id': 10, 'name': 'Kardinia Park', 'display_name': 'GMHBA Stadium', 'short_name': 'GMHBA', 'abbrev': 'GMS'}","{'id': 7, 'name': 'Docklands Stadium', 'display_name': 'Marvel Stadium', 'short_name': 'Marvel', 'abbrev': 'MARV'}","{'id': 13, 'name': 'Melbourne Cricket Ground', 'display_name': 'MCG', 'short_name': 'MCG', 'abbrev': 'MCG'}",44.2572,0.7570093457943925,0.7858958068614994,4611.558362345043,15
0,537,1010174,Mitch,Georgiades,PTA,147,21,48,346100,1434,1,20,-29500,-32000,144,310,120,2323,2025-08-03T10:13:46+10:00,8,179,4,62,3,106,2,26,2,27,-1,-24,0,0,3,51,2,38,62.0,1758,71.7,53.0,GEE,54.2857,1,"{'id': 6, 'abbrev': 'FRE', 'name': 'Fremantle'}",0,"{'id': 3, 'abbrev': 'CAR', 'name': 'Carlton'}",1,"{'id': 17, 'abbrev': 'GCS', 'name': 'Gold Coast'}",0,Kardinia Park,56.6667,"{'id': 1, 'name': 'Adelaide Oval', 'display_name': 'Adelaide Oval', 'short_name': 'Adelaide', 'abbrev': 'AO'}","{'id': 7, 'name': 'Docklands Stadium', 'display_name': 'Marvel Stadium', 'short_name': 'Marvel', 'abbrev': 'MARV'}","{'id': 1, 'name': 'Adelaide Oval', 'display_name': 'Adelaide Oval', 'short_name': 'Adelaide', 'abbrev': 'AO'}",36.1208,0.4,0.6173052087817478,4827.057182705718,-3
0,185,271129,Todd,Goldstein,ESS,316,21,18,363900,902,1,12,-48600,-13300,314,399,88,1156,2025-08-03T10:13:46+10:00,2,42,5,98,1,30,0,10,1,19,-1,-20,14,334,0,1,0,0,68.4,1438,75.1667,46.0,SYD,89.8636,1,"{'id': 7, 'abbrev': 'GEE', 'name': 'Geelong'}",1,"{'id': 13, 'abbrev': 'STK', 'name': 'St Kilda'}",0,"{'id': 3, 'abbrev': 'CAR', 'name': 'Carlton'}",0,Sydney Cricket Ground,66.0,"{'id': 10, 'name': 'Kardinia Park', 'display_name': 'GMHBA Stadium', 'short_name': 'GMHBA', 'abbrev': 'GMS'}","{'id': 7, 'name': 'Docklands Stadium', 'display_name': 'Marvel Stadium', 'short_name': 'Marvel', 'abbrev': 'MARV'}","{'id': 13, 'name': 'Melbourne Cricket Ground', 'display_name': 'MCG', 'short_name': 'MCG', 'abbrev': 'MCG'}",29.5459,0.20454545454545456,0.7802768166089965,4841.239538252976,-2
0,247,1009380,Jeremy,Sharp,FRE,371,21,0,220000,703,0,14,0,-156900,363,413,0,1541,2025-08-03T10:13:46+10:00,0,98,0,87,0,40,0,18,0,3,0,-4,0,0,0,3,0,5,40.0,244,50.2143,41.0,CAR,98.5,0,"{'id': 11, 'abbrev': 'PTA', 'name': 'Port Adelaide'}",1,"{'id': 2, 'abbrev': 'BRL', 'name': 'Brisbane'}",0,"{'id': 15, 'abbrev': 'WBD', 'name': 'Western Bulldogs'}",1,Perth Stadium,60.1905,"{'id': 1, 'name': 'Adelaide Oval', 'display_name': 'Adelaide Oval', 'short_name': 'Adelaide', 'abbrev': 'AO'}","{'id': 53, 'name': 'Perth Stadium', 'display_name': 'Optus Stadium', 'short_name': 'Optus', 'abbrev': 'OS'}","{'id': 7, 'name': 'Docklands Stadium', 'display_name': 'Marvel Stadium', 'short_name': 'Marvel', 'abbrev': 'MARV'}",5.01336,,0.4561972744970798,4381.222082155879,-8
0,721,990740,Rory,Lobb,WBD,162,21,90,352200,1385,1,20,7200,-24600,173,114,123,2507,2025-08-03T10:13:45+10:00,10,165,3,90,8,112,2,31,3,19,0,-15,2,14,0,3,0,5,73.6,708,69.25,74.6667,GWS,68.125,0,"{'id': 10, 'abbrev': 'MEL', 'name': 'Melbourne'}",1,"{'id': 16, 'abbrev': 'WCE', 'name': 'West Coast'}",0,"{'id': 6, 'abbrev': 'FRE', 'name': 'Fremantle'}",0,Docklands Stadium,72.25,"{'id': 13, 'name': 'Melbourne Cricket Ground', 'display_name': 'MCG', 'short_name': 'MCG', 'abbrev': 'MCG'}","{'id': 7, 'name': 'Docklands Stadium', 'display_name': 'Marvel Stadium', 'short_name': 'Marvel', 'abbrev': 'MARV'}","{'id': 7, 'name': 'Docklands Stadium', 'display_name': 'Marvel Stadium', 'short_name': 'Marvel', 'abbrev': 'MARV'}",14.5469,0.7317073170731707,0.5524531312325489,5085.9205776173285,11
0,106,295265,Nick,Haynes,CAR,100,21,75,374900,1600,1,20,-18900,-1600,99,179,119,2176,2025-08-03T10:13:45+10:00,14,245,9,95,7,163,2,28,1,19,0,-7,0,0,0,0,0,0,67.6,1804,80.0,64.6667,FRE,72.7273,1,"{'id': 17, 'abbrev': 'GCS', 'name': 'Gold Coast'}",0,"{'id': 11, 'abbrev': 'PTA', 'name': 'Port Adelaide'}",0,"{'id': 5, 'abbrev': 'ESS', 'name': 'Essendon'}",1,Perth Stadium,75.7778,"{'id': 7, 'name': 'Docklands Stadium', 'display_name': 'Marvel Stadium', 'short_name': 'Marvel', 'abbrev': 'MARV'}","{'id': 7, 'name': 'Docklands Stadium', 'display_name': 'Marvel Stadium', 'short_name': 'Marvel', 'abbrev': 'MARV'}","{'id': 13, 'name': 'Melbourne Cricket Ground', 'display_name': 'MCG', 'short_name': 'MCG', 'abbrev': 'MCG'}",37.066,0.6302521008403361,0.7352941176470589,4686.25,-1
0,733,1011803,Cody,Weightman,WBD,652,21,0,376200,0,0,0,0,0,644,413,0,0,2025-08-03T10:13:47+10:00,0,0,0,0,0,0,0,0,0,0,0,0,0,0,0,0,0,0,0.0,321,0.0,0.0,GWS,63.0,0,"{'id': 10, 'abbrev': 'MEL', 'name': 'Melbourne'}",1,"{'id': 16, 'abbrev': 'WCE', 'name': 'West Coast'}",0,"{'id': 6, 'abbrev': 'FRE', 'name': 'Fremantle'}",0,Docklands Stadium,64.4242,"{'id': 13, 'name': 'Melbourne Cricket Ground', 'display_name': 'MCG', 'short_name': 'MCG', 'abbrev': 'MCG'}","{'id': 7, 'name': 'Docklands Stadium', 'display_name': 'Marvel Stadium', 'short_name': 'Marvel', 'abbrev': 'MARV'}","{'id': 7, 'name': 'Docklands Stadium', 'display_name': 'Marvel Stadium', 'short_name': 'Marvel', 'abbrev': 'MARV'}",6.59544,,,,-8
0,752,990827,Jack,Graham,WCE,190,21,0,426900,1305,0,15,0,50900,170,413,0,1538,2025-08-03T10:13:46+10:00,0,143,0,144,0,30,0,113,0,21,0,-26,0,0,0,2,0,4,77.6,2470,87.0,82.6667,MEL,69.3333,1,"{'id': 1, 'abbrev': 'ADE', 'name': 'Adelaide'}",0,"{'id': 15, 'abbrev': 'WBD', 'name': 'Western Bulldogs'}",1,"{'id': 14, 'abbrev': 'SYD', 'name': 'Sydney'}",0,Docklands Stadium,75.875,"{'id': 53, 'name': 'Perth Stadium', 'display_name': 'Optus Stadium', 'short_name': 'Optus', 'abbrev': 'OS'}","{'id': 7, 'name': 'Docklands Stadium', 'display_name': 'Marvel Stadium', 'short_name': 'Marvel', 'abbrev': 'MARV'}","{'id': 53, 'name': 'Perth Stadium', 'display_name': 'Optus Stadium', 'short_name': 'Optus', 'abbrev': 'OS'}",50.75,,0.8485045513654096,4906.896551724138,-20
0,265,1013257,Sam,Clohesy,GCS,320,21,0,328200,896,0,14,0,-47400,309,413,0,1410,2025-08-03T10:13:46+10:00,0,125,0,89,0,51,0,34,0,9,0,-4,0,0,0,4,0,7,58.8,356,64.0,54.0,RIC,66.0,0,"{'id': 3, 'abbrev': 'CAR', 'name': 'Carlton'}",1,"{'id': 18, 'abbrev': 'GWS', 'name': 'GWS Giants'}",0,"{'id': 11, 'abbrev': 'PTA', 'name': 'Port Adelaide'}",1,Carrara Stadium,62.6364,"{'id': 7, 'name': 'Docklands Stadium', 'display_name': 'Marvel Stadium', 'short_name': 'Marvel', 'abbrev': 'MARV'}","{'id': 5, 'name': 'Carrara Stadium', 'display_name': 'People First Stadium', 'short_name': 'People First', 'abbrev': 'PFS'}","{'id': 1, 'name': 'Adelaide Oval', 'display_name': 'Adelaide Oval', 'short_name': 'Adelaide', 'abbrev': 'AO'}",7.31457,,0.6354609929078014,5128.125,-11
0,326,296291,Jake,Kolodjashnij,GEE,652,21,0,374200,0,0,0,0,0,644,413,0,0,2025-08-03T10:13:47+10:00,0,0,0,0,0,0,0,0,0,0,0,0,0,0,0,0,0,0,0.0,143,0.0,0.0,PTA,57.6364,0,"{'id': 5, 'abbrev': 'ESS', 'name': 'Essendon'}",0,"{'id': 14, 'abbrev': 'SYD', 'name': 'Sydney'}",1,"{'id': 12, 'abbrev': 'RIC', 'name': 'Richmond'}",1,Kardinia Park,59.8841,"{'id': 10, 'name': 'Kardinia Park', 'display_name': 'GMHBA Stadium', 'short_name': 'GMHBA', 'abbrev': 'GMS'}","{'id': 16, 'name': 'Sydney Cricket Ground', 'display_name': 'SCG', 'short_name': 'SCG', 'abbrev': 'SCG'}","{'id': 13, 'name': 'Melbourne Cricket Ground', 'display_name': 'MCG', 'short_name': 'MCG', 'abbrev': 'MCG'}",2.93815,,,,-8
0,751,1023025,Reuben,Ginbey,WCE,144,21,98,391800,1436,1,20,-2200,17900,154,86,118,2280,2025-08-03T10:13:45+10:00,9,172,6,95,1,67,4,54,5,24,-1,-14,0,1,0,0,0,0,85.0,877,71.8,77.3333,MEL,77.2,1,"{'id': 1, 'abbrev': 'ADE', 'name': 'Adelaide'}",0,"{'id': 15, 'abbrev': 'WBD', 'name': 'Western Bulldogs'}",1,"{'id': 14, 'abbrev': 'SYD', 'name': 'Sydney'}",0,Docklands Stadium,72.25,"{'id': 53, 'name': 'Perth Stadium', 'display_name': 'Optus Stadium', 'short_name': 'Optus', 'abbrev': 'OS'}","{'id': 7, 'name': 'Docklands Stadium', 'display_name': 'Marvel Stadium', 'short_name': 'Marvel', 'abbrev': 'MARV'}","{'id': 53, 'name': 'Perth Stadium', 'display_name': 'Optus Stadium', 'short_name': 'Optus', 'abbrev': 'OS'}",18.0193,0.8305084745762712,0.6298245614035087,5456.824512534819,10
0,231,291570,Nat,Fyfe,FRE,596,21,0,316800,93,0,3,0,-56000,589,413,0,143,2025-08-03T10:13:46+10:00,0,8,0,19,0,6,0,3,0,0,0,-4,0,0,0,0,0,0,31.0,224,31.0,31.0,CAR,100.533,0,"{'id': 11, 'abbrev': 'PTA', 'name': 'Port Adelaide'}",1,"{'id': 2, 'abbrev': 'BRL', 'name': 'Brisbane'}",0,"{'id': 15, 'abbrev': 'WBD', 'name': 'Western Bulldogs'}",1,Perth Stadium,93.2157,"{'id': 1, 'name': 'Adelaide Oval', 'display_name': 'Adelaide Oval', 'short_name': 'Adelaide', 'abbrev': 'AO'}","{'id': 53, 'name': 'Perth Stadium', 'display_name': 'Optus Stadium', 'short_name': 'Optus', 'abbrev': 'OS'}","{'id': 7, 'name': 'Docklands Stadium', 'display_name': 'Marvel Stadium', 'short_name': 'Marvel', 'abbrev': 'MARV'}",4.60242,,0.6503496503496503,10219.354838709678,-7
0,519,998484,Cameron,Zurhaar,NTH,165,21,86,346500,1377,1,20,1500,-25300,176,134,103,2135,2025-08-03T10:13:45+10:00,10,159,0,61,8,80,0,43,0,19,-1,-25,0,0,2,37,3,22,76.6,897,68.85,70.3333,STK,68.375,1,"{'id': 18, 'abbrev': 'GWS', 'name': 'GWS Giants'}",1,"{'id': 12, 'abbrev': 'RIC', 'name': 'Richmond'}",0,"{'id': 1, 'abbrev': 'ADE', 'name': 'Adelaide'}",0,Docklands Stadium,66.619,"{'id': 11, 'name': 'Manuka Oval', 'display_name': 'Manuka Oval', 'short_name': 'Manuka', 'abbrev': 'MO'}","{'id': 226, 'name': 'Ninja Stadium', 'display_name': 'Ninja Stadium', 'short_name': 'Ninja', 'abbrev': 'NIN'}","{'id': 7, 'name': 'Docklands Stadium', 'display_name': 'Marvel Stadium', 'short_name': 'Marvel', 'abbrev': 'MARV'}",18.4302,0.8349514563106796,0.6449648711943794,5032.679738562092,11
0,534,1019938,Logan,Evans,PTA,413,21,0,294300,575,0,10,0,-77000,401,413,0,877,2025-08-03T10:13:46+10:00,0,78,0,51,0,28,0,18,0,11,0,-5,0,0,0,1,0,0,58.4,214,57.5,45.3333,GEE,74.0,1,"{'id': 6, 'abbrev': 'FRE', 'name': 'Fremantle'}",0,"{'id': 3, 'abbrev': 'CAR', 'name': 'Carlton'}",1,"{'id': 17, 'abbrev': 'GCS', 'name': 'Gold Coast'}",0,Kardinia Park,0.0,"{'id': 1, 'name': 'Adelaide Oval', 'display_name': 'Adelaide Oval', 'short_name': 'Adelaide', 'abbrev': 'AO'}","{'id': 7, 'name': 'Docklands Stadium', 'display_name': 'Marvel Stadium', 'short_name': 'Marvel', 'abbrev': 'MARV'}","{'id': 1, 'name': 'Adelaide Oval', 'display_name': 'Adelaide Oval', 'short_name': 'Adelaide', 'abbrev': 'AO'}",4.39696,,0.6556442417331813,5118.260869565217,-12
0,40,1008384,Riley,Thilthorpe,ADE,43,21,90,526200,1926,1,20,11500,155600,41,114,112,2020,2025-08-03T10:13:45+10:00,10,188,2,84,8,110,2,40,0,25,0,-12,2,115,4,48,1,24,106.2,3971,96.3,112.0,HAW,72.5,0,"{'id': 16, 'abbrev': 'WCE', 'name': 'West Coast'}",1,"{'id': 4, 'abbrev': 'COL', 'name': 'Collingwood'}",0,"{'id': 9, 'abbrev': 'NTH', 'name': 'North Melbourne'}",1,Adelaide Oval,71.0,"{'id': 53, 'name': 'Perth Stadium', 'display_name': 'Optus Stadium', 'short_name': 'Optus', 'abbrev': 'OS'}","{'id': 1, 'name': 'Adelaide Oval', 'display_name': 'Adelaide Oval', 'short_name': 'Adelaide', 'abbrev': 'AO'}","{'id': 7, 'name': 'Docklands Stadium', 'display_name': 'Marvel Stadium', 'short_name': 'Marvel', 'abbrev': 'MARV'}",81.5903,0.8035714285714286,0.9534653465346534,5464.174454828661,-2
0,707,1027704,Joel,Freijah,WBD,108,21,51,326100,1564,1,20,-17500,-44300,105,294,100,2123,2025-08-03T10:13:46+10:00,9,196,5,184,3,72,1,52,1,8,-1,-22,0,0,0,14,0,7,47.4,2775,78.2,55.6667,GWS,72.5,0,"{'id': 10, 'abbrev': 'MEL', 'name': 'Melbourne'}",1,"{'id': 16, 'abbrev': 'WCE', 'name': 'West Coast'}",0,"{'id': 6, 'abbrev': 'FRE', 'name': 'Fremantle'}",0,Docklands Stadium,76.3333,"{'id': 13, 'name': 'Melbourne Cricket Ground', 'display_name': 'MCG', 'short_name': 'MCG', 'abbrev': 'MCG'}","{'id': 7, 'name': 'Docklands Stadium', 'display_name': 'Marvel Stadium', 'short_name': 'Marvel', 'abbrev': 'MARV'}","{'id': 7, 'name': 'Docklands Stadium', 'display_name': 'Marvel Stadium', 'short_name': 'Marvel', 'abbrev': 'MARV'}",57.0166,0.51,0.7366933584550165,4170.076726342711,-3
0,650,291776,Taylor,Adams,SYD,586,21,0,266200,108,0,4,0,-103900,582,413,0,247,2025-08-03T10:13:46+10:00,0,15,0,22,0,6,0,11,0,1,0,-5,0,0,0,1,0,0,27.0,259,27.0,24.0,ESS,90.5,0,"{'id': 2, 'abbrev': 'BRL', 'name': 'Brisbane'}",1,"{'id': 7, 'abbrev': 'GEE', 'name': 'Geelong'}",0,"{'id': 16, 'abbrev': 'WCE', 'name': 'West Coast'}",1,Sydney Cricket Ground,76.3333,"{'id': 4, 'name': 'Brisbane Cricket Ground', 'display_name': 'Gabba', 'short_name': 'Gabba', 'abbrev': 'G'}","{'id': 16, 'name': 'Sydney Cricket Ground', 'display_name': 'SCG', 'short_name': 'SCG', 'abbrev': 'SCG'}","{'id': 53, 'name': 'Perth Stadium', 'display_name': 'Optus Stadium', 'short_name': 'Optus', 'abbrev': 'OS'}",5.32155,,0.43724696356275305,9859.25925925926,-4
0,776,1006114,Bailey J.,Williams,WCE,368,21,38,262700,719,1,14,-3000,-107000,368,347,106,1337,2025-08-03T10:13:46+10:00,2,66,4,61,1,23,2,25,1,19,-3,-14,26,214,0,10,0,3,48.6,567,51.3571,51.0,MEL,54.4,1,"{'id': 1, 'abbrev': 'ADE', 'name': 'Adelaide'}",0,"{'id': 15, 'abbrev': 'WBD', 'name': 'Western Bulldogs'}",1,"{'id': 14, 'abbrev': 'SYD', 'name': 'Sydney'}",0,Docklands Stadium,64.6364,"{'id': 53, 'name': 'Perth Stadium', 'display_name': 'Optus Stadium', 'short_name': 'Optus', 'abbrev': 'OS'}","{'id': 7, 'name': 'Docklands Stadium', 'display_name': 'Marvel Stadium', 'short_name': 'Marvel', 'abbrev': 'MARV'}","{'id': 53, 'name': 'Perth Stadium', 'display_name': 'Optus Stadium', 'short_name': 'Optus', 'abbrev': 'OS'}",11.6499,0.3584905660377358,0.537771129394166,5115.164212932584,0
0,680,1003203,Hayden,McLean,SYD,292,21,0,318400,993,0,16,0,-50300,282,413,0,1480,2025-08-03T10:13:46+10:00,0,88,0,60,0,55,0,28,0,16,0,-14,0,53,0,21,0,10,59.4,322,62.0625,46.6667,ESS,59.25,0,"{'id': 2, 'abbrev': 'BRL', 'name': 'Brisbane'}",1,"{'id': 7, 'abbrev': 'GEE', 'name': 'Geelong'}",0,"{'id': 16, 'abbrev': 'WCE', 'name': 'West Coast'}",1,Sydney Cricket Ground,69.7222,"{'id': 4, 'name': 'Brisbane Cricket Ground', 'display_name': 'Gabba', 'short_name': 'Gabba', 'abbrev': 'G'}","{'id': 16, 'name': 'Sydney Cricket Ground', 'display_name': 'SCG', 'short_name': 'SCG', 'abbrev': 'SCG'}","{'id': 53, 'name': 'Perth Stadium', 'display_name': 'Optus Stadium', 'short_name': 'Optus', 'abbrev': 'OS'}",6.61599,,0.6709459459459459,5130.31218529708,-10
0,709,1006533,Riley,Garcia,WBD,479,21,81,335300,329,1,5,-4100,-33100,511,152,84,452,2025-08-03T10:13:45+10:00,8,36,7,43,1,7,5,21,2,7,-1,-5,0,0,0,1,1,1,65.8,268,65.8,65.0,GWS,66.0,0,"{'id': 10, 'abbrev': 'MEL', 'name': 'Melbourne'}",1,"{'id': 16, 'abbrev': 'WCE', 'name': 'West Coast'}",0,"{'id': 6, 'abbrev': 'FRE', 'name': 'Fremantle'}",0,Docklands Stadium,55.85,"{'id': 13, 'name': 'Melbourne Cricket Ground', 'display_name': 'MCG', 'short_name': 'MCG', 'abbrev': 'MCG'}","{'id': 7, 'name': 'Docklands Stadium', 'display_name': 'Marvel Stadium', 'short_name': 'Marvel', 'abbrev': 'MARV'}","{'id': 7, 'name': 'Docklands Stadium', 'display_name': 'Marvel Stadium', 'short_name': 'Marvel', 'abbrev': 'MARV'}",5.50647,0.9642857142857143,0.7278761061946902,5095.744680851064,32
0,241,298409,Alex,Pearce,FRE,340,21,0,314900,821,0,12,0,-53300,327,413,0,1395,2025-08-03T10:13:46+10:00,0,78,0,56,0,58,0,17,0,15,0,-16,0,0,0,3,0,0,64.2,262,68.4167,49.6667,CAR,55.625,0,"{'id': 11, 'abbrev': 'PTA', 'name': 'Port Adelaide'}",1,"{'id': 2, 'abbrev': 'BRL', 'name': 'Brisbane'}",0,"{'id': 15, 'abbrev': 'WBD', 'name': 'Western Bulldogs'}",1,Perth Stadium,60.6441,"{'id': 1, 'name': 'Adelaide Oval', 'display_name': 'Adelaide Oval', 'short_name': 'Adelaide', 'abbrev': 'AO'}","{'id': 53, 'name': 'Perth Stadium', 'display_name': 'Optus Stadium', 'short_name': 'Optus', 'abbrev': 'OS'}","{'id': 7, 'name': 'Docklands Stadium', 'display_name': 'Marvel Stadium', 'short_name': 'Marvel', 'abbrev': 'MARV'}",5.38319,,0.5885304659498208,4602.677416478725,-13
0,303,296733,Mark,Blicavs,GEE,111,21,72,379400,1562,1,19,-6800,12000,112,198,96,1985,2025-08-03T10:13:45+10:00,5,122,14,147,3,76,2,58,1,22,0,-14,7,219,0,6,0,7,73.8,2194,82.2105,72.3333,PTA,90.6667,0,"{'id': 5, 'abbrev': 'ESS', 'name': 'Essendon'}",0,"{'id': 14, 'abbrev': 'SYD', 'name': 'Sydney'}",1,"{'id': 12, 'abbrev': 'RIC', 'name': 'Richmond'}",1,Kardinia Park,85.617,"{'id': 10, 'name': 'Kardinia Park', 'display_name': 'GMHBA Stadium', 'short_name': 'GMHBA', 'abbrev': 'GMS'}","{'id': 16, 'name': 'Sydney Cricket Ground', 'display_name': 'SCG', 'short_name': 'SCG', 'abbrev': 'SCG'}","{'id': 13, 'name': 'Melbourne Cricket Ground', 'display_name': 'MCG', 'short_name': 'MCG', 'abbrev': 'MCG'}",45.0791,0.75,0.7869017632241814,4614.982271121085,1
0,127,294685,Zac,Williams,CAR,286,21,79,349500,1035,1,16,-19400,-16900,289,160,108,1394,2025-08-03T10:13:45+10:00,14,150,4,76,4,48,2,28,0,6,0,-5,0,0,1,19,0,10,72.0,912,64.6875,59.3333,FRE,74.6364,1,"{'id': 17, 'abbrev': 'GCS', 'name': 'Gold Coast'}",0,"{'id': 11, 'abbrev': 'PTA', 'name': 'Port Adelaide'}",0,"{'id': 5, 'abbrev': 'ESS', 'name': 'Essendon'}",1,Perth Stadium,81.0,"{'id': 7, 'name': 'Docklands Stadium', 'display_name': 'Marvel Stadium', 'short_name': 'Marvel', 'abbrev': 'MARV'}","{'id': 7, 'name': 'Docklands Stadium', 'display_name': 'Marvel Stadium', 'short_name': 'Marvel', 'abbrev': 'MARV'}","{'id': 13, 'name': 'Melbourne Cricket Ground', 'display_name': 'MCG', 'short_name': 'MCG', 'abbrev': 'MCG'}",18.7384,0.7314814814814815,0.742467718794835,5402.898550724638,3
0,672,1013409,James,Jordon,SYD,199,21,38,324500,1267,1,20,-24100,-41200,198,347,112,2114,2025-08-03T10:13:46+10:00,6,138,6,150,3,39,3,77,1,17,-3,-22,0,0,0,10,0,8,60.4,803,63.35,51.6667,ESS,58.0,0,"{'id': 2, 'abbrev': 'BRL', 'name': 'Brisbane'}",1,"{'id': 7, 'abbrev': 'GEE', 'name': 'Geelong'}",0,"{'id': 16, 'abbrev': 'WCE', 'name': 'West Coast'}",1,Sydney Cricket Ground,72.0909,"{'id': 4, 'name': 'Brisbane Cricket Ground', 'display_name': 'Gabba', 'short_name': 'Gabba', 'abbrev': 'G'}","{'id': 16, 'name': 'Sydney Cricket Ground', 'display_name': 'SCG', 'short_name': 'SCG', 'abbrev': 'SCG'}","{'id': 53, 'name': 'Perth Stadium', 'display_name': 'Optus Stadium', 'short_name': 'Optus', 'abbrev': 'OS'}",16.4989,0.3392857142857143,0.5993377483443708,5122.336227308603,-1
0,198,1002143,Ben,McKay,ESS,438,21,0,259900,462,0,10,0,-105100,432,413,0,1224,2025-08-03T10:13:46+10:00,0,51,0,37,0,44,0,14,0,8,0,-11,0,0,0,0,0,0,47.2,131,46.2,58.3333,SYD,59.0,1,"{'id': 7, 'abbrev': 'GEE', 'name': 'Geelong'}",1,"{'id': 13, 'abbrev': 'STK', 'name': 'St Kilda'}",0,"{'id': 3, 'abbrev': 'CAR', 'name': 'Carlton'}",0,Sydney Cricket Ground,50.5,"{'id': 10, 'name': 'Kardinia Park', 'display_name': 'GMHBA Stadium', 'short_name': 'GMHBA', 'abbrev': 'GMS'}","{'id': 7, 'name': 'Docklands Stadium', 'display_name': 'Marvel Stadium', 'short_name': 'Marvel', 'abbrev': 'MARV'}","{'id': 13, 'name': 'Melbourne Cricket Ground', 'display_name': 'MCG', 'short_name': 'MCG', 'abbrev': 'MCG'}",2.6916,,0.37745098039215685,5625.541125541125,-6
0,14,999331,Darcy,Fogarty,ADE,235,21,57,316400,1173,1,19,-3900,-47400,238,261,112,2004,2025-08-03T10:13:45+10:00,6,146,5,58,2,91,1,23,1,11,0,-17,0,0,1,36,0,14,70.4,490,61.7368,61.3333,HAW,55.4444,0,"{'id': 16, 'abbrev': 'WCE', 'name': 'West Coast'}",1,"{'id': 4, 'abbrev': 'COL', 'name': 'Collingwood'}",0,"{'id': 9, 'abbrev': 'NTH', 'name': 'North Melbourne'}",1,Adelaide Oval,63.3768,"{'id': 53, 'name': 'Perth Stadium', 'display_name': 'Optus Stadium', 'short_name': 'Optus', 'abbrev': 'OS'}","{'id': 1, 'name': 'Adelaide Oval', 'display_name': 'Adelaide Oval', 'short_name': 'Adelaide', 'abbrev': 'AO'}","{'id': 7, 'name': 'Docklands Stadium', 'display_name': 'Marvel Stadium', 'short_name': 'Marvel', 'abbrev': 'MARV'}",10.0678,0.5089285714285714,0.5853293413173652,5124.982182426041,3
0,543,1004095,Jack,Lukosius,PTA,494,21,0,303300,292,0,6,0,-59800,485,413,0,543,2025-08-03T10:13:46+10:00,0,41,0,13,0,25,0,9,0,3,0,-8,0,0,0,6,0,5,49.8,405,48.6667,52.3333,GEE,82.1667,1,"{'id': 6, 'abbrev': 'FRE', 'name': 'Fremantle'}",0,"{'id': 3, 'abbrev': 'CAR', 'name': 'Carlton'}",1,"{'id': 17, 'abbrev': 'GCS', 'name': 'Gold Coast'}",0,Kardinia Park,85.6667,"{'id': 1, 'name': 'Adelaide Oval', 'display_name': 'Adelaide Oval', 'short_name': 'Adelaide', 'abbrev': 'AO'}","{'id': 7, 'name': 'Docklands Stadium', 'display_name': 'Marvel Stadium', 'short_name': 'Marvel', 'abbrev': 'MARV'}","{'id': 1, 'name': 'Adelaide Oval', 'display_name': 'Adelaide Oval', 'short_name': 'Adelaide', 'abbrev': 'AO'}",8.32135,,0.5377532228360957,6232.187512200334,-9
0,670,997100,Will,Hayward,SYD,182,21,0,415800,1333,0,19,0,52900,157,413,0,1999,2025-08-03T10:13:46+10:00,0,130,0,88,0,63,0,52,0,11,0,-16,0,0,0,27,0,10,83.4,1023,70.1579,83.0,ESS,61.5,0,"{'id': 2, 'abbrev': 'BRL', 'name': 'Brisbane'}",1,"{'id': 7, 'abbrev': 'GEE', 'name': 'Geelong'}",0,"{'id': 16, 'abbrev': 'WCE', 'name': 'West Coast'}",1,Sydney Cricket Ground,64.3333,"{'id': 4, 'name': 'Brisbane Cricket Ground', 'display_name': 'Gabba', 'short_name': 'Gabba', 'abbrev': 'G'}","{'id': 16, 'name': 'Sydney Cricket Ground', 'display_name': 'SCG', 'short_name': 'SCG', 'abbrev': 'SCG'}","{'id': 53, 'name': 'Perth Stadium', 'display_name': 'Optus Stadium', 'short_name': 'Optus', 'abbrev': 'OS'}",21.0191,,0.6668334167083542,5926.6312133059855,-25
0,194,298280,Jayden,Laverde,ESS,360,21,100,342500,746,1,11,2300,-20300,379,77,123,1295,2025-08-03T10:13:45+10:00,9,110,13,67,4,72,2,23,0,5,0,-14,0,0,0,0,0,0,71.8,182,67.8182,70.0,SYD,66.3333,1,"{'id': 7, 'abbrev': 'GEE', 'name': 'Geelong'}",1,"{'id': 13, 'abbrev': 'STK', 'name': 'St Kilda'}",0,"{'id': 3, 'abbrev': 'CAR', 'name': 'Carlton'}",0,Sydney Cricket Ground,74.5,"{'id': 10, 'name': 'Kardinia Park', 'display_name': 'GMHBA Stadium', 'short_name': 'GMHBA', 'abbrev': 'GMS'}","{'id': 7, 'name': 'Docklands Stadium', 'display_name': 'Marvel Stadium', 'short_name': 'Marvel', 'abbrev': 'MARV'}","{'id': 13, 'name': 'Melbourne Cricket Ground', 'display_name': 'MCG', 'short_name': 'MCG', 'abbrev': 'MCG'}",3.73947,0.8130081300813008,0.5760617760617761,5050.266742555833,19
0,313,1009229,Sam,De Koning,GEE,241,21,66,271300,1166,1,17,-16900,-90600,247,220,117,1797,2025-08-03T10:13:45+10:00,10,136,2,103,7,87,1,14,2,14,-2,-14,0,64,0,2,0,0,48.8,1366,68.5882,45.0,PTA,70.0,0,"{'id': 5, 'abbrev': 'ESS', 'name': 'Essendon'}",0,"{'id': 14, 'abbrev': 'SYD', 'name': 'Sydney'}",1,"{'id': 12, 'abbrev': 'RIC', 'name': 'Richmond'}",1,Kardinia Park,67.4375,"{'id': 10, 'name': 'Kardinia Park', 'display_name': 'GMHBA Stadium', 'short_name': 'GMHBA', 'abbrev': 'GMS'}","{'id': 16, 'name': 'Sydney Cricket Ground', 'display_name': 'SCG', 'short_name': 'SCG', 'abbrev': 'SCG'}","{'id': 13, 'name': 'Melbourne Cricket Ground', 'display_name': 'MCG', 'short_name': 'MCG', 'abbrev': 'MCG'}",28.0666,0.5641025641025641,0.6488592097941013,3955.49088618742,6
0,569,295203,Nathan,Broad,RIC,187,21,0,359600,1317,0,19,0,-2200,163,413,0,2161,2025-08-03T10:13:46+10:00,0,189,0,91,0,116,0,26,0,10,0,-8,0,0,0,0,0,0,74.0,347,69.3158,78.3333,GCS,64.3333,1,"{'id': 13, 'abbrev': 'STK', 'name': 'St Kilda'}",0,"{'id': 9, 'abbrev': 'NTH', 'name': 'North Melbourne'}",1,"{'id': 7, 'abbrev': 'GEE', 'name': 'Geelong'}",0,Carrara Stadium,62.0,"{'id': 13, 'name': 'Melbourne Cricket Ground', 'display_name': 'MCG', 'short_name': 'MCG', 'abbrev': 'MCG'}","{'id': 226, 'name': 'Ninja Stadium', 'display_name': 'Ninja Stadium', 'short_name': 'Ninja', 'abbrev': 'NIN'}","{'id': 13, 'name': 'Melbourne Cricket Ground', 'display_name': 'MCG', 'short_name': 'MCG', 'abbrev': 'MCG'}",7.12965,,0.6094400740397964,5187.85038908878,-24
0,744,993820,Tom,Cole,WCE,259,21,98,444000,1115,1,15,11800,82300,275,86,105,1509,2025-08-03T10:13:45+10:00,12,122,12,122,4,71,3,38,1,6,-1,-12,0,0,0,1,1,2,90.2,904,74.3333,95.6667,MEL,57.9,1,"{'id': 1, 'abbrev': 'ADE', 'name': 'Adelaide'}",0,"{'id': 15, 'abbrev': 'WBD', 'name': 'Western Bulldogs'}",1,"{'id': 14, 'abbrev': 'SYD', 'name': 'Sydney'}",0,Docklands Stadium,57.5882,"{'id': 53, 'name': 'Perth Stadium', 'display_name': 'Optus Stadium', 'short_name': 'Optus', 'abbrev': 'OS'}","{'id': 7, 'name': 'Docklands Stadium', 'display_name': 'Marvel Stadium', 'short_name': 'Marvel', 'abbrev': 'MARV'}","{'id': 53, 'name': 'Perth Stadium', 'display_name': 'Optus Stadium', 'short_name': 'Optus', 'abbrev': 'OS'}",18.5741,0.9333333333333333,0.7388999337309476,5973.096848922354,16
0,319,1000937,Jack,Henry,GEE,272,21,63,360500,1088,1,15,-3000,200,271,232,112,1638,2025-08-03T10:13:45+10:00,10,162,1,32,7,104,1,16,0,15,0,-5,0,0,0,0,0,1,70.6,734,72.5333,70.6667,PTA,59.0,0,"{'id': 5, 'abbrev': 'ESS', 'name': 'Essendon'}",0,"{'id': 14, 'abbrev': 'SYD', 'name': 'Sydney'}",1,"{'id': 12, 'abbrev': 'RIC', 'name': 'Richmond'}",1,Kardinia Park,68.1186,"{'id': 10, 'name': 'Kardinia Park', 'display_name': 'GMHBA Stadium', 'short_name': 'GMHBA', 'abbrev': 'GMS'}","{'id': 16, 'name': 'Sydney Cricket Ground', 'display_name': 'SCG', 'short_name': 'SCG', 'abbrev': 'SCG'}","{'id': 13, 'name': 'Melbourne Cricket Ground', 'display_name': 'MCG', 'short_name': 'MCG', 'abbrev': 'MCG'}",15.0812,0.5625,0.6642246642246642,4970.130960538126,-1
0,11,1015329,Billy,Dowling,ADE,652,21,0,359800,0,0,0,0,0,644,413,0,0,2025-08-03T10:13:46+10:00,0,0,0,0,0,0,0,0,0,0,0,0,0,0,0,0,0,0,0.0,128,0.0,0.0,HAW,69.0,0,"{'id': 16, 'abbrev': 'WCE', 'name': 'West Coast'}",1,"{'id': 4, 'abbrev': 'COL', 'name': 'Collingwood'}",0,"{'id': 9, 'abbrev': 'NTH', 'name': 'North Melbourne'}",1,Adelaide Oval,69.0,"{'id': 53, 'name': 'Perth Stadium', 'display_name': 'Optus Stadium', 'short_name': 'Optus', 'abbrev': 'OS'}","{'id': 1, 'name': 'Adelaide Oval', 'display_name': 'Adelaide Oval', 'short_name': 'Adelaide', 'abbrev': 'AO'}","{'id': 7, 'name': 'Docklands Stadium', 'display_name': 'Marvel Stadium', 'short_name': 'Marvel', 'abbrev': 'MARV'}",2.62996,,,,-8
0,758,994385,Jayden,Hunt,WCE,370,21,0,213000,713,0,15,0,-146100,360,413,0,1447,2025-08-03T10:13:46+10:00,0,101,0,83,0,30,0,25,0,5,0,-15,0,0,0,5,0,5,29.2,158,47.5333,19.3333,MEL,69.75,1,"{'id': 1, 'abbrev': 'ADE', 'name': 'Adelaide'}",0,"{'id': 15, 'abbrev': 'WBD', 'name': 'Western Bulldogs'}",1,"{'id': 14, 'abbrev': 'SYD', 'name': 'Sydney'}",0,Docklands Stadium,63.04,"{'id': 53, 'name': 'Perth Stadium', 'display_name': 'Optus Stadium', 'short_name': 'Optus', 'abbrev': 'OS'}","{'id': 7, 'name': 'Docklands Stadium', 'display_name': 'Marvel Stadium', 'short_name': 'Marvel', 'abbrev': 'MARV'}","{'id': 53, 'name': 'Perth Stadium', 'display_name': 'Optus Stadium', 'short_name': 'Optus', 'abbrev': 'OS'}",3.24635,,0.49274360746371804,4481.069061058248,-10
0,500,296355,Luke,McDonald,NTH,275,21,0,406300,1078,0,15,0,48700,254,413,0,1636,2025-08-03T10:13:46+10:00,0,139,0,93,0,67,0,30,0,13,0,-9,0,0,0,0,0,0,87.2,464,71.8667,80.3333,STK,78.9167,1,"{'id': 18, 'abbrev': 'GWS', 'name': 'GWS Giants'}",1,"{'id': 12, 'abbrev': 'RIC', 'name': 'Richmond'}",0,"{'id': 1, 'abbrev': 'ADE', 'name': 'Adelaide'}",0,Docklands Stadium,71.31,"{'id': 11, 'name': 'Manuka Oval', 'display_name': 'Manuka Oval', 'short_name': 'Manuka', 'abbrev': 'MO'}","{'id': 226, 'name': 'Ninja Stadium', 'display_name': 'Ninja Stadium', 'short_name': 'Ninja', 'abbrev': 'NIN'}","{'id': 7, 'name': 'Docklands Stadium', 'display_name': 'Marvel Stadium', 'short_name': 'Marvel', 'abbrev': 'MARV'}",9.53359,,0.6589242053789731,5653.52242415472,-21
0,682,993905,Callum,Mills,SYD,323,21,125,487600,880,1,9,42800,130400,348,26,96,943,2025-08-03T10:13:45+10:00,16,123,7,86,7,59,4,19,1,5,0,-6,0,0,0,2,0,1,105.4,3498,97.7778,121.667,ESS,94.3333,0,"{'id': 2, 'abbrev': 'BRL', 'name': 'Brisbane'}",1,"{'id': 7, 'abbrev': 'GEE', 'name': 'Geelong'}",0,"{'id': 16, 'abbrev': 'WCE', 'name': 'West Coast'}",1,Sydney Cricket Ground,90.7013,"{'id': 4, 'name': 'Brisbane Cricket Ground', 'display_name': 'Gabba', 'short_name': 'Gabba', 'abbrev': 'G'}","{'id': 16, 'name': 'Sydney Cricket Ground', 'display_name': 'SCG', 'short_name': 'SCG', 'abbrev': 'SCG'}","{'id': 53, 'name': 'Perth Stadium', 'display_name': 'Optus Stadium', 'short_name': 'Optus', 'abbrev': 'OS'}",71.8718,1.3020833333333333,0.9331919406150583,4986.817048450671,25
0,258,998130,Ben,Ainsworth,GCS,261,21,62,323300,1112,1,18,17000,-32300,263,238,97,1764,2025-08-03T10:13:45+10:00,5,134,6,120,3,67,1,32,0,4,0,-6,0,0,1,17,1,8,68.0,460,61.7778,74.3333,RIC,70.4444,0,"{'id': 3, 'abbrev': 'CAR', 'name': 'Carlton'}",1,"{'id': 18, 'abbrev': 'GWS', 'name': 'GWS Giants'}",0,"{'id': 11, 'abbrev': 'PTA', 'name': 'Port Adelaide'}",1,Carrara Stadium,74.629,"{'id': 7, 'name': 'Docklands Stadium', 'display_name': 'Marvel Stadium', 'short_name': 'Marvel', 'abbrev': 'MARV'}","{'id': 5, 'name': 'Carrara Stadium', 'display_name': 'People First Stadium', 'short_name': 'People First', 'abbrev': 'PFS'}","{'id': 1, 'name': 'Adelaide Oval', 'display_name': 'Adelaide Oval', 'short_name': 'Adelaide', 'abbrev': 'AO'}",9.45141,0.6391752577319587,0.6303854875283447,5233.271498823202,2
0,21,1015370,Max,Michalanney,ADE,241,21,0,329900,1166,0,19,0,-25500,219,413,0,2089,2025-08-03T10:13:46+10:00,0,166,0,82,0,80,0,33,0,14,0,-11,0,0,0,4,0,2,71.0,272,61.3684,77.3333,HAW,54.0,0,"{'id': 16, 'abbrev': 'WCE', 'name': 'West Coast'}",1,"{'id': 4, 'abbrev': 'COL', 'name': 'Collingwood'}",0,"{'id': 9, 'abbrev': 'NTH', 'name': 'North Melbourne'}",1,Adelaide Oval,62.2973,"{'id': 53, 'name': 'Perth Stadium', 'display_name': 'Optus Stadium', 'short_name': 'Optus', 'abbrev': 'OS'}","{'id': 1, 'name': 'Adelaide Oval', 'display_name': 'Adelaide Oval', 'short_name': 'Adelaide', 'abbrev': 'AO'}","{'id': 7, 'name': 'Docklands Stadium', 'display_name': 'Marvel Stadium', 'short_name': 'Marvel', 'abbrev': 'MARV'}",5.58866,,0.5581617999042604,5375.730832154659,-22
0,514,993816,Darcy,Tucker,NTH,476,21,0,294500,333,0,7,0,-60900,469,413,0,681,2025-08-03T10:13:46+10:00,0,51,0,42,0,26,0,10,0,6,0,-2,0,0,0,0,0,0,53.2,120,47.5714,35.0,STK,63.4,1,"{'id': 18, 'abbrev': 'GWS', 'name': 'GWS Giants'}",1,"{'id': 12, 'abbrev': 'RIC', 'name': 'Richmond'}",0,"{'id': 1, 'abbrev': 'ADE', 'name': 'Adelaide'}",0,Docklands Stadium,65.9688,"{'id': 11, 'name': 'Manuka Oval', 'display_name': 'Manuka Oval', 'short_name': 'Manuka', 'abbrev': 'MO'}","{'id': 226, 'name': 'Ninja Stadium', 'display_name': 'Ninja Stadium', 'short_name': 'Ninja', 'abbrev': 'NIN'}","{'id': 7, 'name': 'Docklands Stadium', 'display_name': 'Marvel Stadium', 'short_name': 'Marvel', 'abbrev': 'MARV'}",2.46558,,0.4889867841409692,6190.694408825471,-7
0,731,1009301,Jamarra,Ugle-Hagan,WBD,652,21,0,355400,0,0,0,0,0,644,413,0,0,2025-08-03T10:13:47+10:00,0,0,0,0,0,0,0,0,0,0,0,0,0,0,0,0,0,0,0.0,268,0.0,0.0,GWS,46.0,0,"{'id': 10, 'abbrev': 'MEL', 'name': 'Melbourne'}",1,"{'id': 16, 'abbrev': 'WCE', 'name': 'West Coast'}",0,"{'id': 6, 'abbrev': 'FRE', 'name': 'Fremantle'}",0,Docklands Stadium,64.1212,"{'id': 13, 'name': 'Melbourne Cricket Ground', 'display_name': 'MCG', 'short_name': 'MCG', 'abbrev': 'MCG'}","{'id': 7, 'name': 'Docklands Stadium', 'display_name': 'Marvel Stadium', 'short_name': 'Marvel', 'abbrev': 'MARV'}","{'id': 7, 'name': 'Docklands Stadium', 'display_name': 'Marvel Stadium', 'short_name': 'Marvel', 'abbrev': 'MARV'}",5.50647,,,,-8
0,145,291720,Will,Hoskin-Elliott,COL,338,21,40,223300,830,1,17,-200,-130200,337,341,90,1434,2025-08-03T10:13:46+10:00,4,108,2,46,3,58,2,25,0,4,0,-7,0,0,0,12,0,7,42.8,164,48.8235,44.6667,BRL,51.0,0,"{'id': 8, 'abbrev': 'HAW', 'name': 'Hawthorn'}",1,"{'id': 1, 'abbrev': 'ADE', 'name': 'Adelaide'}",1,"{'id': 10, 'abbrev': 'MEL', 'name': 'Melbourne'}",0,Melbourne Cricket Ground,66.8598,"{'id': 13, 'name': 'Melbourne Cricket Ground', 'display_name': 'MCG', 'short_name': 'MCG', 'abbrev': 'MCG'}","{'id': 1, 'name': 'Adelaide Oval', 'display_name': 'Adelaide Oval', 'short_name': 'Adelaide', 'abbrev': 'AO'}","{'id': 13, 'name': 'Melbourne Cricket Ground', 'display_name': 'MCG', 'short_name': 'MCG', 'abbrev': 'MCG'}",3.36963,0.4444444444444444,0.5788005578800558,4573.617213022418,-1
0,279,1005992,Joel,Jeffrey,GCS,89,21,100,464000,1643,1,19,13000,110600,93,77,98,1906,2025-08-03T10:13:45+10:00,19,258,7,118,7,116,2,46,1,16,-1,-13,0,0,0,5,0,5,101.2,2089,86.4737,100.333,RIC,79.0,0,"{'id': 3, 'abbrev': 'CAR', 'name': 'Carlton'}",1,"{'id': 18, 'abbrev': 'GWS', 'name': 'GWS Giants'}",0,"{'id': 11, 'abbrev': 'PTA', 'name': 'Port Adelaide'}",1,Carrara Stadium,75.8,"{'id': 7, 'name': 'Docklands Stadium', 'display_name': 'Marvel Stadium', 'short_name': 'Marvel', 'abbrev': 'MARV'}","{'id': 5, 'name': 'Carrara Stadium', 'display_name': 'People First Stadium', 'short_name': 'People First', 'abbrev': 'PFS'}","{'id': 1, 'name': 'Adelaide Oval', 'display_name': 'Adelaide Oval', 'short_name': 'Adelaide', 'abbrev': 'AO'}",42.9217,1.0204081632653061,0.8620146904512067,5365.7932990030495,4
0,430,1023473,Nick,Watson,HAW,215,21,88,316200,1227,1,19,13600,-36700,234,122,112,1897,2025-08-03T10:13:45+10:00,6,114,8,99,1,40,4,38,2,30,0,-24,0,0,1,28,3,14,67.4,930,64.5789,71.0,ADE,65.3333,1,"{'id': 4, 'abbrev': 'COL', 'name': 'Collingwood'}",0,"{'id': 10, 'abbrev': 'MEL', 'name': 'Melbourne'}",0,"{'id': 2, 'abbrev': 'BRL', 'name': 'Brisbane'}",1,Adelaide Oval,57.5,"{'id': 13, 'name': 'Melbourne Cricket Ground', 'display_name': 'MCG', 'short_name': 'MCG', 'abbrev': 'MCG'}","{'id': 13, 'name': 'Melbourne Cricket Ground', 'display_name': 'MCG', 'short_name': 'MCG', 'abbrev': 'MCG'}","{'id': 4, 'name': 'Brisbane Cricket Ground', 'display_name': 'Gabba', 'short_name': 'Gabba', 'abbrev': 'G'}",19.1083,0.7857142857142857,0.646810753821824,4896.336109781987,19
0,29,1006013,James,Peatling,ADE,134,21,27,387400,1485,1,18,-4400,34600,120,379,75,1745,2025-08-03T10:13:46+10:00,7,206,3,149,0,50,2,81,1,37,0,-17,0,0,0,6,0,5,71.0,3132,82.5,75.3333,HAW,69.75,0,"{'id': 16, 'abbrev': 'WCE', 'name': 'West Coast'}",1,"{'id': 4, 'abbrev': 'COL', 'name': 'Collingwood'}",0,"{'id': 9, 'abbrev': 'NTH', 'name': 'North Melbourne'}",1,Adelaide Oval,81.5833,"{'id': 53, 'name': 'Perth Stadium', 'display_name': 'Optus Stadium', 'short_name': 'Optus', 'abbrev': 'OS'}","{'id': 1, 'name': 'Adelaide Oval', 'display_name': 'Adelaide Oval', 'short_name': 'Adelaide', 'abbrev': 'AO'}","{'id': 7, 'name': 'Docklands Stadium', 'display_name': 'Marvel Stadium', 'short_name': 'Marvel', 'abbrev': 'MARV'}",64.3518,0.36,0.8510028653295129,4695.757575757576,-14
0,647,1027875,Darcy,Wilson,STK,329,21,0,260000,862,0,15,0,-91900,320,413,0,1522,2025-08-03T10:13:46+10:00,0,136,0,96,0,53,0,29,0,6,0,-9,0,0,0,9,0,5,45.2,564,57.4667,43.0,NTH,126.0,0,"{'id': 12, 'abbrev': 'RIC', 'name': 'Richmond'}",1,"{'id': 5, 'abbrev': 'ESS', 'name': 'Essendon'}",1,"{'id': 18, 'abbrev': 'GWS', 'name': 'GWS Giants'}",1,Docklands Stadium,58.6667,"{'id': 13, 'name': 'Melbourne Cricket Ground', 'display_name': 'MCG', 'short_name': 'MCG', 'abbrev': 'MCG'}","{'id': 7, 'name': 'Docklands Stadium', 'display_name': 'Marvel Stadium', 'short_name': 'Marvel', 'abbrev': 'MARV'}","{'id': 17, 'name': 'ENGIE Stadium', 'display_name': 'ENGIE Stadium', 'short_name': 'ENGIE', 'abbrev': 'ENS'}",11.5882,,0.5663600525624178,4524.359324617561,-9
0,240,294613,Jaeger,O'Meara,FRE,374,21,43,340100,697,1,10,-5200,-11400,378,325,107,909,2025-08-03T10:13:46+10:00,9,74,6,111,2,28,7,39,0,8,-1,-14,0,0,0,2,0,1,60.4,589,69.7,65.3333,CAR,81.8,0,"{'id': 11, 'abbrev': 'PTA', 'name': 'Port Adelaide'}",1,"{'id': 2, 'abbrev': 'BRL', 'name': 'Brisbane'}",0,"{'id': 15, 'abbrev': 'WBD', 'name': 'Western Bulldogs'}",1,Perth Stadium,77.9706,"{'id': 1, 'name': 'Adelaide Oval', 'display_name': 'Adelaide Oval', 'short_name': 'Adelaide', 'abbrev': 'AO'}","{'id': 53, 'name': 'Perth Stadium', 'display_name': 'Optus Stadium', 'short_name': 'Optus', 'abbrev': 'OS'}","{'id': 7, 'name': 'Docklands Stadium', 'display_name': 'Marvel Stadium', 'short_name': 'Marvel', 'abbrev': 'MARV'}",12.1019,0.40186915887850466,0.7667766776677668,4879.48350071736,4
0,369,1020650,Darcy,Jones,GWS,171,21,58,347400,1365,1,19,-18600,-3700,169,255,108,2035,2025-08-03T10:13:45+10:00,4,144,4,121,2,38,3,67,0,13,-1,-5,0,0,0,15,0,11,73.2,1258,71.8421,59.3333,WBD,41.25,1,"{'id': 9, 'abbrev': 'NTH', 'name': 'North Melbourne'}",0,"{'id': 17, 'abbrev': 'GCS', 'name': 'Gold Coast'}",1,"{'id': 13, 'abbrev': 'STK', 'name': 'St Kilda'}",0,Docklands Stadium,64.75,"{'id': 11, 'name': 'Manuka Oval', 'display_name': 'Manuka Oval', 'short_name': 'Manuka', 'abbrev': 'MO'}","{'id': 5, 'name': 'Carrara Stadium', 'display_name': 'People First Stadium', 'short_name': 'People First', 'abbrev': 'PFS'}","{'id': 17, 'name': 'ENGIE Stadium', 'display_name': 'ENGIE Stadium', 'short_name': 'ENGIE', 'abbrev': 'ENS'}",25.8475,0.5370370370370371,0.6707616707616708,4835.604749861153,-2
0,734,1006127,Rhylee,West,WBD,164,21,58,346700,1379,1,20,9200,-4300,162,255,106,2094,2025-08-03T10:13:45+10:00,6,146,1,126,2,59,3,69,1,16,-2,-30,0,0,1,33,0,18,66.6,839,68.95,74.6667,GWS,62.6667,0,"{'id': 10, 'abbrev': 'MEL', 'name': 'Melbourne'}",1,"{'id': 16, 'abbrev': 'WCE', 'name': 'West Coast'}",0,"{'id': 6, 'abbrev': 'FRE', 'name': 'Fremantle'}",0,Docklands Stadium,62.5897,"{'id': 13, 'name': 'Melbourne Cricket Ground', 'display_name': 'MCG', 'short_name': 'MCG', 'abbrev': 'MCG'}","{'id': 7, 'name': 'Docklands Stadium', 'display_name': 'Marvel Stadium', 'short_name': 'Marvel', 'abbrev': 'MARV'}","{'id': 7, 'name': 'Docklands Stadium', 'display_name': 'Marvel Stadium', 'short_name': 'Marvel', 'abbrev': 'MARV'}",17.2385,0.5471698113207547,0.6585482330468004,5028.2813633067435,-2
0,224,997033,Brennan,Cox,FRE,220,21,69,307800,1213,1,20,19000,-43000,231,206,110,2116,2025-08-03T10:13:45+10:00,7,138,2,81,4,99,2,21,3,14,0,-23,0,0,0,1,0,0,57.0,189,60.65,72.3333,CAR,71.5556,0,"{'id': 11, 'abbrev': 'PTA', 'name': 'Port Adelaide'}",1,"{'id': 2, 'abbrev': 'BRL', 'name': 'Brisbane'}",0,"{'id': 15, 'abbrev': 'WBD', 'name': 'Western Bulldogs'}",1,Perth Stadium,72.4923,"{'id': 1, 'name': 'Adelaide Oval', 'display_name': 'Adelaide Oval', 'short_name': 'Adelaide', 'abbrev': 'AO'}","{'id': 53, 'name': 'Perth Stadium', 'display_name': 'Optus Stadium', 'short_name': 'Optus', 'abbrev': 'OS'}","{'id': 7, 'name': 'Docklands Stadium', 'display_name': 'Marvel Stadium', 'short_name': 'Marvel', 'abbrev': 'MARV'}",3.8833,0.6272727272727273,0.5732514177693762,5075.020610057708,11
0,468,999391,Tom,Sparrow,MEL,250,21,57,303200,1136,1,19,-10600,-45000,253,261,104,1963,2025-08-03T10:13:45+10:00,9,146,5,95,4,71,5,80,0,11,0,-17,0,0,0,10,0,8,61.4,286,59.7895,55.0,WCE,51.5714,0,"{'id': 15, 'abbrev': 'WBD', 'name': 'Western Bulldogs'}",0,"{'id': 8, 'abbrev': 'HAW', 'name': 'Hawthorn'}",1,"{'id': 4, 'abbrev': 'COL', 'name': 'Collingwood'}",1,Docklands Stadium,63.4,"{'id': 13, 'name': 'Melbourne Cricket Ground', 'display_name': 'MCG', 'short_name': 'MCG', 'abbrev': 'MCG'}","{'id': 13, 'name': 'Melbourne Cricket Ground', 'display_name': 'MCG', 'short_name': 'MCG', 'abbrev': 'MCG'}","{'id': 13, 'name': 'Melbourne Cricket Ground', 'display_name': 'MCG', 'short_name': 'MCG', 'abbrev': 'MCG'}",5.87631,0.5480769230769231,0.5787060621497707,5071.1245285543455,3
0,203,1015873,Archie,Perkins,ESS,334,21,56,210000,849,1,17,19500,-138100,335,270,88,1526,2025-08-03T10:13:45+10:00,4,124,6,112,1,46,2,37,1,8,-1,-11,0,0,1,15,0,5,42.4,257,49.9412,53.0,SYD,53.75,1,"{'id': 7, 'abbrev': 'GEE', 'name': 'Geelong'}",1,"{'id': 13, 'abbrev': 'STK', 'name': 'St Kilda'}",0,"{'id': 3, 'abbrev': 'CAR', 'name': 'Carlton'}",0,Sydney Cricket Ground,56.25,"{'id': 10, 'name': 'Kardinia Park', 'display_name': 'GMHBA Stadium', 'short_name': 'GMHBA', 'abbrev': 'GMS'}","{'id': 7, 'name': 'Docklands Stadium', 'display_name': 'Marvel Stadium', 'short_name': 'Marvel', 'abbrev': 'MARV'}","{'id': 13, 'name': 'Melbourne Cricket Ground', 'display_name': 'MCG', 'short_name': 'MCG', 'abbrev': 'MCG'}",5.28046,0.6363636363636364,0.5563564875491481,4204.945015338038,1
0,44,298437,Callum,Ah Chee,BRL,211,21,23,328700,1233,1,19,-22100,-18600,202,388,104,1925,2025-08-03T10:13:46+10:00,4,151,1,87,4,93,0,36,0,11,0,-18,0,0,0,21,0,22,62.4,520,64.8947,53.6667,COL,52.3636,1,"{'id': 14, 'abbrev': 'SYD', 'name': 'Sydney'}",0,"{'id': 6, 'abbrev': 'FRE', 'name': 'Fremantle'}",1,"{'id': 8, 'abbrev': 'HAW', 'name': 'Hawthorn'}",0,Melbourne Cricket Ground,50.4444,"{'id': 4, 'name': 'Brisbane Cricket Ground', 'display_name': 'Gabba', 'short_name': 'Gabba', 'abbrev': 'G'}","{'id': 53, 'name': 'Perth Stadium', 'display_name': 'Optus Stadium', 'short_name': 'Optus', 'abbrev': 'OS'}","{'id': 4, 'name': 'Brisbane Cricket Ground', 'display_name': 'Gabba', 'short_name': 'Gabba', 'abbrev': 'G'}",10.6842,0.22115384615384615,0.6405194805194805,5065.128585231151,-9
0,41,280506,Taylor,Walker,ADE,169,21,83,357900,1369,1,19,17600,10700,183,143,107,1808,2025-08-03T10:13:45+10:00,10,161,1,69,6,90,0,23,1,10,-1,-20,0,23,3,34,1,22,75.6,1087,72.0526,81.6667,HAW,62.2,0,"{'id': 16, 'abbrev': 'WCE', 'name': 'West Coast'}",1,"{'id': 4, 'abbrev': 'COL', 'name': 'Collingwood'}",0,"{'id': 9, 'abbrev': 'NTH', 'name': 'North Melbourne'}",1,Adelaide Oval,80.2097,"{'id': 53, 'name': 'Perth Stadium', 'display_name': 'Optus Stadium', 'short_name': 'Optus', 'abbrev': 'OS'}","{'id': 1, 'name': 'Adelaide Oval', 'display_name': 'Adelaide Oval', 'short_name': 'Adelaide', 'abbrev': 'AO'}","{'id': 7, 'name': 'Docklands Stadium', 'display_name': 'Marvel Stadium', 'short_name': 'Marvel', 'abbrev': 'MARV'}",22.3341,0.7757009345794392,0.7571902654867256,4967.204514479699,14
0,63,993953,Eric,Hipwood,BRL,252,21,79,263800,1135,1,20,11400,-83200,261,160,95,2050,2025-08-03T10:13:45+10:00,7,155,6,57,6,96,3,28,2,23,0,-23,0,7,0,24,1,18,57.0,191,56.75,59.3333,COL,57.9167,1,"{'id': 14, 'abbrev': 'SYD', 'name': 'Sydney'}",0,"{'id': 6, 'abbrev': 'FRE', 'name': 'Fremantle'}",1,"{'id': 8, 'abbrev': 'HAW', 'name': 'Hawthorn'}",0,Melbourne Cricket Ground,52.1875,"{'id': 4, 'name': 'Brisbane Cricket Ground', 'display_name': 'Gabba', 'short_name': 'Gabba', 'abbrev': 'G'}","{'id': 53, 'name': 'Perth Stadium', 'display_name': 'Optus Stadium', 'short_name': 'Optus', 'abbrev': 'OS'}","{'id': 4, 'name': 'Brisbane Cricket Ground', 'display_name': 'Gabba', 'short_name': 'Gabba', 'abbrev': 'G'}",3.92439,0.8315789473684211,0.5536585365853659,4648.458149779735,9
0,480,294508,Aidan,Corr,NTH,399,21,0,319100,619,0,9,0,-27600,388,413,0,1055,2025-08-03T10:13:46+10:00,0,98,0,35,0,43,0,16,0,6,0,-11,0,0,0,0,0,0,60.4,117,68.7778,53.3333,STK,60.2222,1,"{'id': 18, 'abbrev': 'GWS', 'name': 'GWS Giants'}",1,"{'id': 12, 'abbrev': 'RIC', 'name': 'Richmond'}",0,"{'id': 1, 'abbrev': 'ADE', 'name': 'Adelaide'}",0,Docklands Stadium,71.4186,"{'id': 11, 'name': 'Manuka Oval', 'display_name': 'Manuka Oval', 'short_name': 'Manuka', 'abbrev': 'MO'}","{'id': 226, 'name': 'Ninja Stadium', 'display_name': 'Ninja Stadium', 'short_name': 'Ninja', 'abbrev': 'NIN'}","{'id': 7, 'name': 'Docklands Stadium', 'display_name': 'Marvel Stadium', 'short_name': 'Marvel', 'abbrev': 'MARV'}",2.40394,,0.5867298578199052,4639.578468633775,-11
0,59,1023708,Jaspa,Fletcher,BRL,78,21,96,447500,1733,1,20,900,101200,79,95,112,2076,2025-08-03T10:13:45+10:00,14,275,8,137,5,127,2,32,1,9,0,-10,0,0,0,5,0,2,90.0,2935,86.65,90.3333,COL,76.6,1,"{'id': 14, 'abbrev': 'SYD', 'name': 'Sydney'}",0,"{'id': 6, 'abbrev': 'FRE', 'name': 'Fremantle'}",1,"{'id': 8, 'abbrev': 'HAW', 'name': 'Hawthorn'}",0,Melbourne Cricket Ground,89.5,"{'id': 4, 'name': 'Brisbane Cricket Ground', 'display_name': 'Gabba', 'short_name': 'Gabba', 'abbrev': 'G'}","{'id': 53, 'name': 'Perth Stadium', 'display_name': 'Optus Stadium', 'short_name': 'Optus', 'abbrev': 'OS'}","{'id': 4, 'name': 'Brisbane Cricket Ground', 'display_name': 'Gabba', 'short_name': 'Gabba', 'abbrev': 'G'}",60.3041,0.8571428571428571,0.8347784200385356,5164.4547028274665,1
0,562,1004034,Brandon,Zerk-Thatcher,PTA,410,21,44,295900,582,1,10,600,-49400,411,322,127,1212,2025-08-03T10:13:46+10:00,3,63,5,43,3,46,2,18,1,7,-1,-11,0,0,0,0,0,0,57.2,142,58.2,59.6667,GEE,46.6,1,"{'id': 6, 'abbrev': 'FRE', 'name': 'Fremantle'}",0,"{'id': 3, 'abbrev': 'CAR', 'name': 'Carlton'}",1,"{'id': 17, 'abbrev': 'GCS', 'name': 'Gold Coast'}",0,Kardinia Park,48.0,"{'id': 1, 'name': 'Adelaide Oval', 'display_name': 'Adelaide Oval', 'short_name': 'Adelaide', 'abbrev': 'AO'}","{'id': 7, 'name': 'Docklands Stadium', 'display_name': 'Marvel Stadium', 'short_name': 'Marvel', 'abbrev': 'MARV'}","{'id': 1, 'name': 'Adelaide Oval', 'display_name': 'Adelaide Oval', 'short_name': 'Adelaide', 'abbrev': 'AO'}",2.91761,0.3464566929133858,0.4801980198019802,5084.192439862542,1
0,31,1017051,Josh,Rachele,ADE,322,21,0,319100,888,0,13,0,-24800,311,413,0,1171,2025-08-03T10:13:46+10:00,0,117,0,40,0,45,0,26,0,8,0,-9,0,0,0,25,0,15,53.2,870,68.3077,37.6667,HAW,63.75,0,"{'id': 16, 'abbrev': 'WCE', 'name': 'West Coast'}",1,"{'id': 4, 'abbrev': 'COL', 'name': 'Collingwood'}",0,"{'id': 9, 'abbrev': 'NTH', 'name': 'North Melbourne'}",1,Adelaide Oval,65.7949,"{'id': 53, 'name': 'Perth Stadium', 'display_name': 'Optus Stadium', 'short_name': 'Optus', 'abbrev': 'OS'}","{'id': 1, 'name': 'Adelaide Oval', 'display_name': 'Adelaide Oval', 'short_name': 'Adelaide', 'abbrev': 'AO'}","{'id': 7, 'name': 'Docklands Stadium', 'display_name': 'Marvel Stadium', 'short_name': 'Marvel', 'abbrev': 'MARV'}",17.8755,,0.7583262169086251,4671.508482938234,-11
0,261,1008882,Charlie,Ballard,GCS,627,21,0,343900,48,0,1,0,0,621,413,0,58,2025-08-03T10:13:46+10:00,0,5,0,1,0,3,0,1,0,0,0,0,0,0,0,0,0,0,48.0,82,48.0,48.0,RIC,78.0,0,"{'id': 3, 'abbrev': 'CAR', 'name': 'Carlton'}",1,"{'id': 18, 'abbrev': 'GWS', 'name': 'GWS Giants'}",0,"{'id': 11, 'abbrev': 'PTA', 'name': 'Port Adelaide'}",1,Carrara Stadium,59.3019,"{'id': 7, 'name': 'Docklands Stadium', 'display_name': 'Marvel Stadium', 'short_name': 'Marvel', 'abbrev': 'MARV'}","{'id': 5, 'name': 'Carrara Stadium', 'display_name': 'People First Stadium', 'short_name': 'People First', 'abbrev': 'PFS'}","{'id': 1, 'name': 'Adelaide Oval', 'display_name': 'Adelaide Oval', 'short_name': 'Adelaide', 'abbrev': 'AO'}",1.68482,,0.8275862068965517,7164.583333333333,-6
0,634,1023272,Mitch,Owens,STK,205,21,49,321000,1249,1,19,-21700,-22900,205,302,61,2028,2025-08-03T10:13:46+10:00,8,141,0,104,1,65,1,35,5,37,-2,-18,0,32,1,25,1,16,61.2,646,65.7368,52.3333,NTH,71.8,0,"{'id': 12, 'abbrev': 'RIC', 'name': 'Richmond'}",1,"{'id': 5, 'abbrev': 'ESS', 'name': 'Essendon'}",1,"{'id': 18, 'abbrev': 'GWS', 'name': 'GWS Giants'}",1,Docklands Stadium,69.5581,"{'id': 13, 'name': 'Melbourne Cricket Ground', 'display_name': 'MCG', 'short_name': 'MCG', 'abbrev': 'MCG'}","{'id': 7, 'name': 'Docklands Stadium', 'display_name': 'Marvel Stadium', 'short_name': 'Marvel', 'abbrev': 'MARV'}","{'id': 17, 'name': 'ENGIE Stadium', 'display_name': 'ENGIE Stadium', 'short_name': 'ENGIE', 'abbrev': 'ENS'}",13.2731,0.8032786885245902,0.6158777120315582,4883.109612880457,0
0,503,290778,Luke,Parker,NTH,101,21,74,420900,1599,1,19,-23500,77300,99,188,94,1939,2025-08-03T10:13:45+10:00,9,211,8,216,3,62,3,80,0,21,-1,-25,0,0,0,10,0,5,83.2,3411,84.1579,71.3333,STK,98.8667,1,"{'id': 18, 'abbrev': 'GWS', 'name': 'GWS Giants'}",1,"{'id': 12, 'abbrev': 'RIC', 'name': 'Richmond'}",0,"{'id': 1, 'abbrev': 'ADE', 'name': 'Adelaide'}",0,Docklands Stadium,94.2619,"{'id': 11, 'name': 'Manuka Oval', 'display_name': 'Manuka Oval', 'short_name': 'Manuka', 'abbrev': 'MO'}","{'id': 226, 'name': 'Ninja Stadium', 'display_name': 'Ninja Stadium', 'short_name': 'Ninja', 'abbrev': 'NIN'}","{'id': 7, 'name': 'Docklands Stadium', 'display_name': 'Marvel Stadium', 'short_name': 'Marvel', 'abbrev': 'MARV'}",70.0842,0.7872340425531915,0.8246518824136153,5001.313008047967,-2
0,530,991930,Darcy,Byrne-Jones,PTA,221,21,67,295300,1208,1,19,-34600,-48100,233,216,108,1879,2025-08-03T10:13:45+10:00,7,150,7,82,4,57,4,32,0,15,0,-4,0,0,0,18,0,8,55.6,459,63.5789,40.0,GEE,72.7692,1,"{'id': 6, 'abbrev': 'FRE', 'name': 'Fremantle'}",0,"{'id': 3, 'abbrev': 'CAR', 'name': 'Carlton'}",1,"{'id': 17, 'abbrev': 'GCS', 'name': 'Gold Coast'}",0,Kardinia Park,65.2,"{'id': 1, 'name': 'Adelaide Oval', 'display_name': 'Adelaide Oval', 'short_name': 'Adelaide', 'abbrev': 'AO'}","{'id': 7, 'name': 'Docklands Stadium', 'display_name': 'Marvel Stadium', 'short_name': 'Marvel', 'abbrev': 'MARV'}","{'id': 1, 'name': 'Adelaide Oval', 'display_name': 'Adelaide Oval', 'short_name': 'Adelaide', 'abbrev': 'AO'}",9.43086,0.6203703703703703,0.6428951569984034,4644.622665695695,12
0,36,291748,Brodie,Smith,ADE,431,21,57,352600,492,1,7,16500,9500,442,261,94,574,2025-08-03T10:13:45+10:00,10,63,3,36,6,22,0,14,0,3,0,-5,0,0,0,2,0,0,62.4,363,70.2857,80.0,HAW,74.2353,0,"{'id': 16, 'abbrev': 'WCE', 'name': 'West Coast'}",1,"{'id': 4, 'abbrev': 'COL', 'name': 'Collingwood'}",0,"{'id': 9, 'abbrev': 'NTH', 'name': 'North Melbourne'}",1,Adelaide Oval,81.6754,"{'id': 53, 'name': 'Perth Stadium', 'display_name': 'Optus Stadium', 'short_name': 'Optus', 'abbrev': 'OS'}","{'id': 1, 'name': 'Adelaide Oval', 'display_name': 'Adelaide Oval', 'short_name': 'Adelaide', 'abbrev': 'AO'}","{'id': 7, 'name': 'Docklands Stadium', 'display_name': 'Marvel Stadium', 'short_name': 'Marvel', 'abbrev': 'MARV'}",7.45839,0.6063829787234043,0.8571428571428571,5016.66768631457,11
0,311,1017063,Toby,Conway,GEE,652,21,0,343100,0,0,0,0,0,644,413,0,0,2025-08-03T10:13:47+10:00,0,0,0,0,0,0,0,0,0,0,0,0,0,0,0,0,0,0,0.0,245,0.0,0.0,PTA,0.0,0,"{'id': 5, 'abbrev': 'ESS', 'name': 'Essendon'}",0,"{'id': 14, 'abbrev': 'SYD', 'name': 'Sydney'}",1,"{'id': 12, 'abbrev': 'RIC', 'name': 'Richmond'}",1,Kardinia Park,69.0,"{'id': 10, 'name': 'Kardinia Park', 'display_name': 'GMHBA Stadium', 'short_name': 'GMHBA', 'abbrev': 'GMS'}","{'id': 16, 'name': 'Sydney Cricket Ground', 'display_name': 'SCG', 'short_name': 'SCG', 'abbrev': 'SCG'}","{'id': 13, 'name': 'Melbourne Cricket Ground', 'display_name': 'MCG', 'short_name': 'MCG', 'abbrev': 'MCG'}",5.0339,,,,-8
0,1,1012807,Sam,Berry,ADE,298,21,71,403600,969,1,14,6000,60800,308,200,98,1099,2025-08-03T10:13:45+10:00,9,124,4,80,1,23,9,61,0,10,-1,-12,0,0,0,6,0,2,81.4,867,69.2143,84.3333,HAW,55.8333,0,"{'id': 16, 'abbrev': 'WCE', 'name': 'West Coast'}",1,"{'id': 4, 'abbrev': 'COL', 'name': 'Collingwood'}",0,"{'id': 9, 'abbrev': 'NTH', 'name': 'North Melbourne'}",1,Adelaide Oval,66.375,"{'id': 53, 'name': 'Perth Stadium', 'display_name': 'Optus Stadium', 'short_name': 'Optus', 'abbrev': 'OS'}","{'id': 1, 'name': 'Adelaide Oval', 'display_name': 'Adelaide Oval', 'short_name': 'Adelaide', 'abbrev': 'AO'}","{'id': 7, 'name': 'Docklands Stadium', 'display_name': 'Marvel Stadium', 'short_name': 'Marvel', 'abbrev': 'MARV'}",17.8138,0.7244897959183674,0.8817106460418562,5831.164947127978,10
0,140,293801,Jamie,Elliott,COL,114,21,34,332200,1558,1,20,-41900,-10100,101,358,108,2065,2025-08-03T10:13:46+10:00,4,164,4,80,5,99,1,44,0,15,-1,-20,0,0,1,48,0,24,58.4,2757,77.9,43.3333,BRL,75.9167,0,"{'id': 8, 'abbrev': 'HAW', 'name': 'Hawthorn'}",1,"{'id': 1, 'abbrev': 'ADE', 'name': 'Adelaide'}",1,"{'id': 10, 'abbrev': 'MEL', 'name': 'Melbourne'}",0,Melbourne Cricket Ground,73.4754,"{'id': 13, 'name': 'Melbourne Cricket Ground', 'display_name': 'MCG', 'short_name': 'MCG', 'abbrev': 'MCG'}","{'id': 1, 'name': 'Adelaide Oval', 'display_name': 'Adelaide Oval', 'short_name': 'Adelaide', 'abbrev': 'AO'}","{'id': 13, 'name': 'Melbourne Cricket Ground', 'display_name': 'MCG', 'short_name': 'MCG', 'abbrev': 'MCG'}",56.6468,0.3148148148148148,0.7544794188861985,4264.441591784339,-13
0,396,994077,Mabior,Chol,HAW,225,21,26,345700,1202,1,18,-50900,3900,213,382,98,1900,2025-08-03T10:13:46+10:00,7,128,2,46,1,70,2,42,0,13,-2,-17,4,34,1,33,0,12,62.4,576,66.7778,41.0,ADE,60.625,1,"{'id': 4, 'abbrev': 'COL', 'name': 'Collingwood'}",0,"{'id': 10, 'abbrev': 'MEL', 'name': 'Melbourne'}",0,"{'id': 2, 'abbrev': 'BRL', 'name': 'Brisbane'}",1,Adelaide Oval,53.5556,"{'id': 13, 'name': 'Melbourne Cricket Ground', 'display_name': 'MCG', 'short_name': 'MCG', 'abbrev': 'MCG'}","{'id': 13, 'name': 'Melbourne Cricket Ground', 'display_name': 'MCG', 'short_name': 'MCG', 'abbrev': 'MCG'}","{'id': 4, 'name': 'Brisbane Cricket Ground', 'display_name': 'Gabba', 'short_name': 'Gabba', 'abbrev': 'G'}",11.8348,0.2653061224489796,0.6326315789473684,5176.870157447535,-12
0,158,294596,Tim,Membrey,COL,268,21,23,313800,1098,1,18,-16100,-27900,256,388,105,1850,2025-08-03T10:13:46+10:00,4,110,1,72,1,77,0,23,1,8,0,-4,0,6,1,27,1,13,59.2,372,61.0,54.0,BRL,74.1818,0,"{'id': 8, 'abbrev': 'HAW', 'name': 'Hawthorn'}",1,"{'id': 1, 'abbrev': 'ADE', 'name': 'Adelaide'}",1,"{'id': 10, 'abbrev': 'MEL', 'name': 'Melbourne'}",0,Melbourne Cricket Ground,72.8889,"{'id': 13, 'name': 'Melbourne Cricket Ground', 'display_name': 'MCG', 'short_name': 'MCG', 'abbrev': 'MCG'}","{'id': 1, 'name': 'Adelaide Oval', 'display_name': 'Adelaide Oval', 'short_name': 'Adelaide', 'abbrev': 'AO'}","{'id': 13, 'name': 'Melbourne Cricket Ground', 'display_name': 'MCG', 'short_name': 'MCG', 'abbrev': 'MCG'}",7.64331,0.21904761904761905,0.5935135135135136,5144.262295081967,-12
0,274,1026960,Will,Graham,GCS,425,21,0,312000,514,0,8,0,-29700,419,413,0,812,2025-08-03T10:13:46+10:00,0,46,0,38,0,17,0,32,0,8,0,-8,0,0,0,10,0,5,58.0,151,64.25,60.6667,RIC,78.0,0,"{'id': 3, 'abbrev': 'CAR', 'name': 'Carlton'}",1,"{'id': 18, 'abbrev': 'GWS', 'name': 'GWS Giants'}",0,"{'id': 11, 'abbrev': 'PTA', 'name': 'Port Adelaide'}",1,Carrara Stadium,65.1111,"{'id': 7, 'name': 'Docklands Stadium', 'display_name': 'Marvel Stadium', 'short_name': 'Marvel', 'abbrev': 'MARV'}","{'id': 5, 'name': 'Carrara Stadium', 'display_name': 'People First Stadium', 'short_name': 'People First', 'abbrev': 'PFS'}","{'id': 1, 'name': 'Adelaide Oval', 'display_name': 'Adelaide Oval', 'short_name': 'Adelaide', 'abbrev': 'AO'}",3.10253,,0.6330049261083743,4856.031128404669,-6
0,677,1008198,Tom,McCartin,SYD,262,21,47,331200,1111,1,17,-17600,-10500,260,314,109,1999,2025-08-03T10:13:46+10:00,7,151,4,61,6,111,0,12,0,13,-4,-22,0,2,0,2,0,2,60.0,362,65.3529,56.6667,ESS,65.7692,0,"{'id': 2, 'abbrev': 'BRL', 'name': 'Brisbane'}",1,"{'id': 7, 'abbrev': 'GEE', 'name': 'Geelong'}",0,"{'id': 16, 'abbrev': 'WCE', 'name': 'West Coast'}",1,Sydney Cricket Ground,59.5,"{'id': 4, 'name': 'Brisbane Cricket Ground', 'display_name': 'Gabba', 'short_name': 'Gabba', 'abbrev': 'G'}","{'id': 16, 'name': 'Sydney Cricket Ground', 'display_name': 'SCG', 'short_name': 'SCG', 'abbrev': 'SCG'}","{'id': 53, 'name': 'Perth Stadium', 'display_name': 'Optus Stadium', 'short_name': 'Optus', 'abbrev': 'OS'}",7.43785,0.43119266055045874,0.5557778889444722,5067.869979756062,-2
0,233,1016825,Matthew,Johnson,FRE,188,21,0,375000,1310,0,18,0,33500,167,413,0,1760,2025-08-03T10:13:46+10:00,0,160,0,178,0,74,0,59,0,18,0,-21,0,0,0,2,0,8,73.4,667,72.7778,74.3333,CAR,39.0,0,"{'id': 11, 'abbrev': 'PTA', 'name': 'Port Adelaide'}",1,"{'id': 2, 'abbrev': 'BRL', 'name': 'Brisbane'}",0,"{'id': 15, 'abbrev': 'WBD', 'name': 'Western Bulldogs'}",1,Perth Stadium,63.7,"{'id': 1, 'name': 'Adelaide Oval', 'display_name': 'Adelaide Oval', 'short_name': 'Adelaide', 'abbrev': 'AO'}","{'id': 53, 'name': 'Perth Stadium', 'display_name': 'Optus Stadium', 'short_name': 'Optus', 'abbrev': 'OS'}","{'id': 7, 'name': 'Docklands Stadium', 'display_name': 'Marvel Stadium', 'short_name': 'Marvel', 'abbrev': 'MARV'}",13.7045,,0.7443181818181818,5152.670182390784,-21
0,264,1008454,Connor,Budarick,GCS,400,21,69,287700,618,1,13,38900,-53800,409,206,92,1172,2025-08-03T10:13:45+10:00,8,86,6,73,7,40,2,33,1,9,-1,-11,0,0,0,3,0,7,65.6,228,47.5385,79.3333,RIC,60.4,0,"{'id': 3, 'abbrev': 'CAR', 'name': 'Carlton'}",1,"{'id': 18, 'abbrev': 'GWS', 'name': 'GWS Giants'}",0,"{'id': 11, 'abbrev': 'PTA', 'name': 'Port Adelaide'}",1,Carrara Stadium,57.48,"{'id': 7, 'name': 'Docklands Stadium', 'display_name': 'Marvel Stadium', 'short_name': 'Marvel', 'abbrev': 'MARV'}","{'id': 5, 'name': 'Carrara Stadium', 'display_name': 'People First Stadium', 'short_name': 'People First', 'abbrev': 'PFS'}","{'id': 1, 'name': 'Adelaide Oval', 'display_name': 'Adelaide Oval', 'short_name': 'Adelaide', 'abbrev': 'AO'}",4.68461,0.75,0.5273037542662116,6051.936851183777,9
0,253,993940,Corey,Wagner,FRE,265,21,0,389200,1105,0,15,0,47900,243,413,0,1406,2025-08-03T10:13:46+10:00,0,149,0,82,0,41,0,69,0,10,0,-10,0,0,0,3,0,1,69.2,640,73.6667,76.6667,CAR,0.0,0,"{'id': 11, 'abbrev': 'PTA', 'name': 'Port Adelaide'}",1,"{'id': 2, 'abbrev': 'BRL', 'name': 'Brisbane'}",0,"{'id': 15, 'abbrev': 'WBD', 'name': 'Western Bulldogs'}",1,Perth Stadium,70.5714,"{'id': 1, 'name': 'Adelaide Oval', 'display_name': 'Adelaide Oval', 'short_name': 'Adelaide', 'abbrev': 'AO'}","{'id': 53, 'name': 'Perth Stadium', 'display_name': 'Optus Stadium', 'short_name': 'Optus', 'abbrev': 'OS'}","{'id': 7, 'name': 'Docklands Stadium', 'display_name': 'Marvel Stadium', 'short_name': 'Marvel', 'abbrev': 'MARV'}",13.1498,,0.7859174964438123,5283.255527938674,-22
0,438,1005330,Kade,Chandler,MEL,119,21,103,407300,1545,1,20,21400,66700,125,73,112,2219,2025-08-03T10:13:45+10:00,8,165,10,131,5,80,4,78,0,12,0,-6,0,0,1,16,0,7,91.8,1882,77.25,93.6667,WCE,68.5,0,"{'id': 15, 'abbrev': 'WBD', 'name': 'Western Bulldogs'}",0,"{'id': 8, 'abbrev': 'HAW', 'name': 'Hawthorn'}",1,"{'id': 4, 'abbrev': 'COL', 'name': 'Collingwood'}",1,Docklands Stadium,99.5,"{'id': 13, 'name': 'Melbourne Cricket Ground', 'display_name': 'MCG', 'short_name': 'MCG', 'abbrev': 'MCG'}","{'id': 13, 'name': 'Melbourne Cricket Ground', 'display_name': 'MCG', 'short_name': 'MCG', 'abbrev': 'MCG'}","{'id': 13, 'name': 'Melbourne Cricket Ground', 'display_name': 'MCG', 'short_name': 'MCG', 'abbrev': 'MCG'}",38.6686,0.9196428571428571,0.6962595763857593,5272.491909385113,6
0,382,293884,Jake,Stringer,GWS,352,21,35,371600,782,1,13,8600,31400,350,356,99,1194,2025-08-03T10:13:46+10:00,5,95,3,44,4,36,1,20,0,9,0,-10,0,0,1,22,1,21,77.4,724,60.1538,79.3333,WBD,45.625,1,"{'id': 9, 'abbrev': 'NTH', 'name': 'North Melbourne'}",0,"{'id': 17, 'abbrev': 'GCS', 'name': 'Gold Coast'}",1,"{'id': 13, 'abbrev': 'STK', 'name': 'St Kilda'}",0,Docklands Stadium,74.5747,"{'id': 11, 'name': 'Manuka Oval', 'display_name': 'Manuka Oval', 'short_name': 'Manuka', 'abbrev': 'MO'}","{'id': 5, 'name': 'Carrara Stadium', 'display_name': 'People First Stadium', 'short_name': 'People First', 'abbrev': 'PFS'}","{'id': 17, 'name': 'ENGIE Stadium', 'display_name': 'ENGIE Stadium', 'short_name': 'ENGIE', 'abbrev': 'ENS'}",14.8757,0.35353535353535354,0.6549413735343383,6177.49834590666,-2
0,129,997316,Lewis,Young,CAR,394,21,87,298000,638,1,10,-11500,-42100,408,130,121,1095,2025-08-03T10:13:45+10:00,7,59,9,43,5,37,1,20,2,7,-3,-10,0,35,0,6,0,2,56.4,104,63.8,53.3333,FRE,85.25,1,"{'id': 17, 'abbrev': 'GCS', 'name': 'Gold Coast'}",0,"{'id': 11, 'abbrev': 'PTA', 'name': 'Port Adelaide'}",0,"{'id': 5, 'abbrev': 'ESS', 'name': 'Essendon'}",1,Perth Stadium,72.3333,"{'id': 7, 'name': 'Docklands Stadium', 'display_name': 'Marvel Stadium', 'short_name': 'Marvel', 'abbrev': 'MARV'}","{'id': 7, 'name': 'Docklands Stadium', 'display_name': 'Marvel Stadium', 'short_name': 'Marvel', 'abbrev': 'MARV'}","{'id': 13, 'name': 'Melbourne Cricket Ground', 'display_name': 'MCG', 'short_name': 'MCG', 'abbrev': 'MCG'}",2.13684,0.71900826446281,0.582648401826484,4670.846394984326,14
0,69,293581,Lincoln,McCarthy,BRL,652,21,0,339500,0,0,0,0,0,644,413,0,0,2025-08-03T10:13:47+10:00,0,0,0,0,0,0,0,0,0,0,0,0,0,0,0,0,0,0,0.0,107,0.0,0.0,COL,59.5714,1,"{'id': 14, 'abbrev': 'SYD', 'name': 'Sydney'}",0,"{'id': 6, 'abbrev': 'FRE', 'name': 'Fremantle'}",1,"{'id': 8, 'abbrev': 'HAW', 'name': 'Hawthorn'}",0,Melbourne Cricket Ground,54.3636,"{'id': 4, 'name': 'Brisbane Cricket Ground', 'display_name': 'Gabba', 'short_name': 'Gabba', 'abbrev': 'G'}","{'id': 53, 'name': 'Perth Stadium', 'display_name': 'Optus Stadium', 'short_name': 'Optus', 'abbrev': 'OS'}","{'id': 4, 'name': 'Brisbane Cricket Ground', 'display_name': 'Gabba', 'short_name': 'Gabba', 'abbrev': 'G'}",2.19848,,,,-8
0,727,1017939,Ryley,Sanders,WBD,148,21,71,373900,1433,1,19,-600,34800,151,200,98,1942,2025-08-03T10:13:45+10:00,3,120,8,252,2,59,2,59,2,13,0,-14,0,0,0,13,0,5,70.4,2513,75.4211,74.6667,GWS,63.5,0,"{'id': 10, 'abbrev': 'MEL', 'name': 'Melbourne'}",1,"{'id': 16, 'abbrev': 'WCE', 'name': 'West Coast'}",0,"{'id': 6, 'abbrev': 'FRE', 'name': 'Fremantle'}",0,Docklands Stadium,70.8421,"{'id': 13, 'name': 'Melbourne Cricket Ground', 'display_name': 'MCG', 'short_name': 'MCG', 'abbrev': 'MCG'}","{'id': 7, 'name': 'Docklands Stadium', 'display_name': 'Marvel Stadium', 'short_name': 'Marvel', 'abbrev': 'MARV'}","{'id': 7, 'name': 'Docklands Stadium', 'display_name': 'Marvel Stadium', 'short_name': 'Marvel', 'abbrev': 'MARV'}",51.6334,0.7244897959183674,0.7378990731204943,4957.498631019702,3
0,208,1023515,Archie,Roberts,ESS,117,21,81,408000,1551,1,19,-24900,69600,119,152,112,2014,2025-08-03T10:13:45+10:00,12,234,9,212,2,99,1,44,0,18,-1,-14,0,0,0,2,1,3,83.4,2190,81.6316,68.0,SYD,92.3333,1,"{'id': 7, 'abbrev': 'GEE', 'name': 'Geelong'}",1,"{'id': 13, 'abbrev': 'STK', 'name': 'St Kilda'}",0,"{'id': 3, 'abbrev': 'CAR', 'name': 'Carlton'}",0,Sydney Cricket Ground,81.0,"{'id': 10, 'name': 'Kardinia Park', 'display_name': 'GMHBA Stadium', 'short_name': 'GMHBA', 'abbrev': 'GMS'}","{'id': 7, 'name': 'Docklands Stadium', 'display_name': 'Marvel Stadium', 'short_name': 'Marvel', 'abbrev': 'MARV'}","{'id': 13, 'name': 'Melbourne Cricket Ground', 'display_name': 'MCG', 'short_name': 'MCG', 'abbrev': 'MCG'}",44.9969,0.7232142857142857,0.7701092353525323,4998.064475031728,2
0,678,1013230,Logan,McDonald,SYD,652,21,0,338100,0,0,0,0,0,644,413,0,0,2025-08-03T10:13:47+10:00,0,0,0,0,0,0,0,0,0,0,0,0,0,0,0,0,0,0,0.0,92,0.0,0.0,ESS,48.3333,0,"{'id': 2, 'abbrev': 'BRL', 'name': 'Brisbane'}",1,"{'id': 7, 'abbrev': 'GEE', 'name': 'Geelong'}",0,"{'id': 16, 'abbrev': 'WCE', 'name': 'West Coast'}",1,Sydney Cricket Ground,53.5806,"{'id': 4, 'name': 'Brisbane Cricket Ground', 'display_name': 'Gabba', 'short_name': 'Gabba', 'abbrev': 'G'}","{'id': 16, 'name': 'Sydney Cricket Ground', 'display_name': 'SCG', 'short_name': 'SCG', 'abbrev': 'SCG'}","{'id': 53, 'name': 'Perth Stadium', 'display_name': 'Optus Stadium', 'short_name': 'Optus', 'abbrev': 'OS'}",1.89028,,,,-8
0,76,1002347,Jack,Payne,BRL,332,21,0,333400,855,0,13,0,-4500,324,413,0,1434,2025-08-03T10:13:46+10:00,0,109,0,42,0,78,0,17,0,7,0,-5,0,0,0,0,0,0,57.8,106,65.7692,55.6667,COL,40.4,1,"{'id': 14, 'abbrev': 'SYD', 'name': 'Sydney'}",0,"{'id': 6, 'abbrev': 'FRE', 'name': 'Fremantle'}",1,"{'id': 8, 'abbrev': 'HAW', 'name': 'Hawthorn'}",0,Melbourne Cricket Ground,76.6667,"{'id': 4, 'name': 'Brisbane Cricket Ground', 'display_name': 'Gabba', 'short_name': 'Gabba', 'abbrev': 'G'}","{'id': 53, 'name': 'Perth Stadium', 'display_name': 'Optus Stadium', 'short_name': 'Optus', 'abbrev': 'OS'}","{'id': 4, 'name': 'Brisbane Cricket Ground', 'display_name': 'Gabba', 'short_name': 'Gabba', 'abbrev': 'G'}",2.17793,,0.5962343096234309,5069.242137657141,-8
0,435,1012825,Jake,Bowey,MEL,59,21,106,438600,1861,1,20,600,100700,60,64,112,2065,2025-08-03T10:13:45+10:00,19,318,6,129,7,106,2,48,0,20,-1,-11,0,0,0,2,0,0,86.0,3560,93.05,88.3333,WCE,75.5714,0,"{'id': 15, 'abbrev': 'WBD', 'name': 'Western Bulldogs'}",0,"{'id': 8, 'abbrev': 'HAW', 'name': 'Hawthorn'}",1,"{'id': 4, 'abbrev': 'COL', 'name': 'Collingwood'}",1,Docklands Stadium,75.1429,"{'id': 13, 'name': 'Melbourne Cricket Ground', 'display_name': 'MCG', 'short_name': 'MCG', 'abbrev': 'MCG'}","{'id': 13, 'name': 'Melbourne Cricket Ground', 'display_name': 'MCG', 'short_name': 'MCG', 'abbrev': 'MCG'}","{'id': 13, 'name': 'Melbourne Cricket Ground', 'display_name': 'MCG', 'short_name': 'MCG', 'abbrev': 'MCG'}",73.1457,0.9464285714285714,0.9012106537530267,4713.594841483074,1
0,144,1006148,Bobby,Hill,COL,350,21,22,277600,786,1,14,-31800,-60200,345,391,39,1277,2025-08-03T10:13:46+10:00,2,85,2,39,2,36,0,29,0,8,-1,-18,0,0,1,20,0,14,48.2,352,56.1429,38.0,BRL,49.5,0,"{'id': 8, 'abbrev': 'HAW', 'name': 'Hawthorn'}",1,"{'id': 1, 'abbrev': 'ADE', 'name': 'Adelaide'}",1,"{'id': 10, 'abbrev': 'MEL', 'name': 'Melbourne'}",0,Melbourne Cricket Ground,53.9524,"{'id': 13, 'name': 'Melbourne Cricket Ground', 'display_name': 'MCG', 'short_name': 'MCG', 'abbrev': 'MCG'}","{'id': 1, 'name': 'Adelaide Oval', 'display_name': 'Adelaide Oval', 'short_name': 'Adelaide', 'abbrev': 'AO'}","{'id': 13, 'name': 'Melbourne Cricket Ground', 'display_name': 'MCG', 'short_name': 'MCG', 'abbrev': 'MCG'}",7.23238,0.5641025641025641,0.615505090054816,4944.5254876395775,-5
0,757,1023167,Brady,Hough,WCE,193,21,55,374000,1302,1,19,-1900,36900,190,273,107,2019,2025-08-03T10:13:45+10:00,3,134,8,155,3,80,4,67,0,13,-1,-17,0,0,0,3,0,2,69.2,679,68.5263,74.0,MEL,58.6,1,"{'id': 1, 'abbrev': 'ADE', 'name': 'Adelaide'}",0,"{'id': 15, 'abbrev': 'WBD', 'name': 'Western Bulldogs'}",1,"{'id': 14, 'abbrev': 'SYD', 'name': 'Sydney'}",0,Docklands Stadium,63.7,"{'id': 53, 'name': 'Perth Stadium', 'display_name': 'Optus Stadium', 'short_name': 'Optus', 'abbrev': 'OS'}","{'id': 7, 'name': 'Docklands Stadium', 'display_name': 'Marvel Stadium', 'short_name': 'Marvel', 'abbrev': 'MARV'}","{'id': 53, 'name': 'Perth Stadium', 'display_name': 'Optus Stadium', 'short_name': 'Optus', 'abbrev': 'OS'}",13.9511,0.514018691588785,0.6448736998514116,5457.758554015028,-3
0,217,998180,Bailey,Banfield,FRE,299,21,66,322900,968,1,17,13000,-13900,305,220,95,1550,2025-08-03T10:13:45+10:00,11,130,5,87,4,51,2,34,1,13,-1,-7,0,0,0,4,0,2,69.0,151,56.9412,72.0,CAR,55.8333,0,"{'id': 11, 'abbrev': 'PTA', 'name': 'Port Adelaide'}",1,"{'id': 2, 'abbrev': 'BRL', 'name': 'Brisbane'}",0,"{'id': 15, 'abbrev': 'WBD', 'name': 'Western Bulldogs'}",1,Perth Stadium,57.2632,"{'id': 1, 'name': 'Adelaide Oval', 'display_name': 'Adelaide Oval', 'short_name': 'Adelaide', 'abbrev': 'AO'}","{'id': 53, 'name': 'Perth Stadium', 'display_name': 'Optus Stadium', 'short_name': 'Optus', 'abbrev': 'OS'}","{'id': 7, 'name': 'Docklands Stadium', 'display_name': 'Marvel Stadium', 'short_name': 'Marvel', 'abbrev': 'MARV'}",3.10253,0.6947368421052632,0.6245161290322581,5670.762119519785,6
0,505,1012829,Will,Phillips,NTH,445,21,0,335900,440,0,7,0,-600,440,413,0,561,2025-08-03T10:13:46+10:00,0,36,0,65,0,17,0,35,0,2,0,-6,0,0,0,0,0,1,67.2,204,62.8571,70.0,STK,88.0,1,"{'id': 18, 'abbrev': 'GWS', 'name': 'GWS Giants'}",1,"{'id': 12, 'abbrev': 'RIC', 'name': 'Richmond'}",0,"{'id': 1, 'abbrev': 'ADE', 'name': 'Adelaide'}",0,Docklands Stadium,61.0909,"{'id': 11, 'name': 'Manuka Oval', 'display_name': 'Manuka Oval', 'short_name': 'Manuka', 'abbrev': 'MO'}","{'id': 226, 'name': 'Ninja Stadium', 'display_name': 'Ninja Stadium', 'short_name': 'Ninja', 'abbrev': 'NIN'}","{'id': 7, 'name': 'Docklands Stadium', 'display_name': 'Marvel Stadium', 'short_name': 'Marvel', 'abbrev': 'MARV'}",4.19149,,0.7843137254901961,5343.867279909508,-5
0,3,1009029,James,Borlase,ADE,602,21,0,335700,82,0,2,0,0,598,413,0,219,2025-08-03T10:13:46+10:00,0,10,0,6,0,3,0,3,0,0,0,-3,0,0,0,0,0,0,41.0,57,41.0,41.0,HAW,64.5,0,"{'id': 16, 'abbrev': 'WCE', 'name': 'West Coast'}",1,"{'id': 4, 'abbrev': 'COL', 'name': 'Collingwood'}",0,"{'id': 9, 'abbrev': 'NTH', 'name': 'North Melbourne'}",1,Adelaide Oval,64.0,"{'id': 53, 'name': 'Perth Stadium', 'display_name': 'Optus Stadium', 'short_name': 'Optus', 'abbrev': 'OS'}","{'id': 1, 'name': 'Adelaide Oval', 'display_name': 'Adelaide Oval', 'short_name': 'Adelaide', 'abbrev': 'AO'}","{'id': 7, 'name': 'Docklands Stadium', 'display_name': 'Marvel Stadium', 'short_name': 'Marvel', 'abbrev': 'MARV'}",1.17115,,0.3744292237442922,8187.804878048781,-4
0,565,1002245,Noah,Balta,RIC,402,21,33,287500,613,1,10,-25100,-47400,399,363,111,1065,2025-08-03T10:13:46+10:00,5,95,3,27,4,51,0,16,0,5,-3,-15,0,1,0,1,0,3,51.4,292,61.3,43.6667,GCS,61.0,1,"{'id': 13, 'abbrev': 'STK', 'name': 'St Kilda'}",0,"{'id': 9, 'abbrev': 'NTH', 'name': 'North Melbourne'}",1,"{'id': 7, 'abbrev': 'GEE', 'name': 'Geelong'}",0,Carrara Stadium,76.0,"{'id': 13, 'name': 'Melbourne Cricket Ground', 'display_name': 'MCG', 'short_name': 'MCG', 'abbrev': 'MCG'}","{'id': 226, 'name': 'Ninja Stadium', 'display_name': 'Ninja Stadium', 'short_name': 'Ninja', 'abbrev': 'NIN'}","{'id': 13, 'name': 'Melbourne Cricket Ground', 'display_name': 'MCG', 'short_name': 'MCG', 'abbrev': 'MCG'}",5.99959,0.2972972972972973,0.5755868544600939,4690.048939641109,-3
0,623,1005988,Liam,Henry,STK,558,21,0,236100,169,0,5,0,-98000,551,413,0,367,2025-08-03T10:13:46+10:00,0,20,0,20,0,9,0,5,0,3,0,0,0,0,0,2,0,1,33.8,96,33.8,33.6667,NTH,38.5,0,"{'id': 12, 'abbrev': 'RIC', 'name': 'Richmond'}",1,"{'id': 5, 'abbrev': 'ESS', 'name': 'Essendon'}",1,"{'id': 18, 'abbrev': 'GWS', 'name': 'GWS Giants'}",1,Docklands Stadium,49.375,"{'id': 13, 'name': 'Melbourne Cricket Ground', 'display_name': 'MCG', 'short_name': 'MCG', 'abbrev': 'MCG'}","{'id': 7, 'name': 'Docklands Stadium', 'display_name': 'Marvel Stadium', 'short_name': 'Marvel', 'abbrev': 'MARV'}","{'id': 17, 'name': 'ENGIE Stadium', 'display_name': 'ENGIE Stadium', 'short_name': 'ENGIE', 'abbrev': 'ENS'}",1.97247,,0.4604904632152589,6985.207100591717,-7
0,109,1023495,Oliver,Hollands,CAR,143,21,57,364600,1455,1,20,-9900,31300,139,261,119,2188,2025-08-03T10:13:45+10:00,9,222,10,147,1,102,3,67,1,17,-2,-24,0,0,0,4,0,2,70.4,1198,72.75,67.6667,FRE,46.0,1,"{'id': 17, 'abbrev': 'GCS', 'name': 'Gold Coast'}",0,"{'id': 11, 'abbrev': 'PTA', 'name': 'Port Adelaide'}",0,"{'id': 5, 'abbrev': 'ESS', 'name': 'Essendon'}",1,Perth Stadium,81.25,"{'id': 7, 'name': 'Docklands Stadium', 'display_name': 'Marvel Stadium', 'short_name': 'Marvel', 'abbrev': 'MARV'}","{'id': 7, 'name': 'Docklands Stadium', 'display_name': 'Marvel Stadium', 'short_name': 'Marvel', 'abbrev': 'MARV'}","{'id': 13, 'name': 'Melbourne Cricket Ground', 'display_name': 'MCG', 'short_name': 'MCG', 'abbrev': 'MCG'}",24.6148,0.4789915966386555,0.6649908592321755,5011.683848797251,-4
0,267,1013268,Alex,Davies,GCS,542,21,59,333200,195,1,2,0,0,562,249,95,201,2025-08-03T10:13:45+10:00,3,13,11,31,2,3,7,17,0,1,-4,-5,0,0,0,0,0,0,97.5,1748,97.5,97.5,RIC,54.6667,0,"{'id': 3, 'abbrev': 'CAR', 'name': 'Carlton'}",1,"{'id': 18, 'abbrev': 'GWS', 'name': 'GWS Giants'}",0,"{'id': 11, 'abbrev': 'PTA', 'name': 'Port Adelaide'}",1,Carrara Stadium,62.9091,"{'id': 7, 'name': 'Docklands Stadium', 'display_name': 'Marvel Stadium', 'short_name': 'Marvel', 'abbrev': 'MARV'}","{'id': 5, 'name': 'Carrara Stadium', 'display_name': 'People First Stadium', 'short_name': 'People First', 'abbrev': 'PFS'}","{'id': 1, 'name': 'Adelaide Oval', 'display_name': 'Adelaide Oval', 'short_name': 'Adelaide', 'abbrev': 'AO'}",35.9153,0.6210526315789474,0.9701492537313433,3417.4358974358975,20
0,215,295067,James,Aish,FRE,603,21,0,282000,81,0,3,0,-51000,599,413,0,141,2025-08-03T10:13:46+10:00,0,11,0,12,0,4,0,2,0,3,0,0,0,0,0,0,0,0,27.0,77,27.0,27.0,CAR,65.5455,0,"{'id': 11, 'abbrev': 'PTA', 'name': 'Port Adelaide'}",1,"{'id': 2, 'abbrev': 'BRL', 'name': 'Brisbane'}",0,"{'id': 15, 'abbrev': 'WBD', 'name': 'Western Bulldogs'}",1,Perth Stadium,69.6604,"{'id': 1, 'name': 'Adelaide Oval', 'display_name': 'Adelaide Oval', 'short_name': 'Adelaide', 'abbrev': 'AO'}","{'id': 53, 'name': 'Perth Stadium', 'display_name': 'Optus Stadium', 'short_name': 'Optus', 'abbrev': 'OS'}","{'id': 7, 'name': 'Docklands Stadium', 'display_name': 'Marvel Stadium', 'short_name': 'Marvel', 'abbrev': 'MARV'}",1.58208,,0.574468085106383,10444.444444444445,-4
0,645,290757,Jimmy,Webster,STK,342,21,0,258100,817,0,15,0,-74500,328,413,0,1416,2025-08-03T10:13:46+10:00,0,110,0,66,0,71,0,24,0,6,0,-7,0,0,0,0,0,0,40.8,101,54.4667,27.6667,NTH,68.3636,0,"{'id': 12, 'abbrev': 'RIC', 'name': 'Richmond'}",1,"{'id': 5, 'abbrev': 'ESS', 'name': 'Essendon'}",1,"{'id': 18, 'abbrev': 'GWS', 'name': 'GWS Giants'}",1,Docklands Stadium,63.4571,"{'id': 13, 'name': 'Melbourne Cricket Ground', 'display_name': 'MCG', 'short_name': 'MCG', 'abbrev': 'MCG'}","{'id': 7, 'name': 'Docklands Stadium', 'display_name': 'Marvel Stadium', 'short_name': 'Marvel', 'abbrev': 'MARV'}","{'id': 17, 'name': 'ENGIE Stadium', 'display_name': 'ENGIE Stadium', 'short_name': 'ENGIE', 'abbrev': 'ENS'}",2.0752,,0.5769774011299436,4738.6751905292585,-14
0,722,1009015,Lachlan,McNeil,WBD,325,21,83,245500,870,1,17,13300,-86600,339,143,77,1587,2025-08-03T10:13:45+10:00,8,97,3,81,2,30,0,32,3,19,0,-4,0,0,3,16,2,14,51.6,79,51.1765,56.6667,GWS,44.1667,0,"{'id': 10, 'abbrev': 'MEL', 'name': 'Melbourne'}",1,"{'id': 16, 'abbrev': 'WCE', 'name': 'West Coast'}",0,"{'id': 6, 'abbrev': 'FRE', 'name': 'Fremantle'}",0,Docklands Stadium,46.8056,"{'id': 13, 'name': 'Melbourne Cricket Ground', 'display_name': 'MCG', 'short_name': 'MCG', 'abbrev': 'MCG'}","{'id': 7, 'name': 'Docklands Stadium', 'display_name': 'Marvel Stadium', 'short_name': 'Marvel', 'abbrev': 'MARV'}","{'id': 7, 'name': 'Docklands Stadium', 'display_name': 'Marvel Stadium', 'short_name': 'Marvel', 'abbrev': 'MARV'}",1.62318,1.077922077922078,0.5482041587901701,4797.123679813977,14
0,471,1017720,Jacob,van Rooyen,MEL,348,21,88,322800,791,1,13,-3100,-8200,363,122,101,1216,2025-08-03T10:13:45+10:00,8,61,7,68,3,30,4,36,1,16,-1,-16,3,52,2,12,1,7,71.2,151,60.8462,63.0,WCE,89.0,0,"{'id': 15, 'abbrev': 'WBD', 'name': 'Western Bulldogs'}",0,"{'id': 8, 'abbrev': 'HAW', 'name': 'Hawthorn'}",1,"{'id': 4, 'abbrev': 'COL', 'name': 'Collingwood'}",1,Docklands Stadium,72.5,"{'id': 13, 'name': 'Melbourne Cricket Ground', 'display_name': 'MCG', 'short_name': 'MCG', 'abbrev': 'MCG'}","{'id': 13, 'name': 'Melbourne Cricket Ground', 'display_name': 'MCG', 'short_name': 'MCG', 'abbrev': 'MCG'}","{'id': 13, 'name': 'Melbourne Cricket Ground', 'display_name': 'MCG', 'short_name': 'MCG', 'abbrev': 'MCG'}",3.10253,0.8712871287128713,0.6504934210526315,5305.179288106734,15
0,349,1008139,Toby,Bedford,GWS,254,21,33,277300,1129,1,19,-7700,-52900,249,363,104,1922,2025-08-03T10:13:46+10:00,7,94,2,108,3,37,2,101,0,16,-1,-17,0,0,1,11,0,2,55.4,403,59.4211,51.3333,WBD,57.1667,1,"{'id': 9, 'abbrev': 'NTH', 'name': 'North Melbourne'}",0,"{'id': 17, 'abbrev': 'GCS', 'name': 'Gold Coast'}",1,"{'id': 13, 'abbrev': 'STK', 'name': 'St Kilda'}",0,Docklands Stadium,55.1429,"{'id': 11, 'name': 'Manuka Oval', 'display_name': 'Manuka Oval', 'short_name': 'Manuka', 'abbrev': 'MO'}","{'id': 5, 'name': 'Carrara Stadium', 'display_name': 'People First Stadium', 'short_name': 'People First', 'abbrev': 'PFS'}","{'id': 17, 'name': 'ENGIE Stadium', 'display_name': 'ENGIE Stadium', 'short_name': 'ENGIE', 'abbrev': 'ENS'}",8.28025,0.3173076923076923,0.5874089490114464,4666.692471192892,-5
0,105,1002228,Lachie,Fogarty,CAR,236,21,78,301500,1172,1,18,-4500,-28600,250,166,107,1749,2025-08-03T10:13:45+10:00,6,100,11,113,0,48,4,70,2,13,-1,-7,0,0,1,10,0,9,53.8,333,65.1111,58.0,FRE,83.3333,1,"{'id': 17, 'abbrev': 'GCS', 'name': 'Gold Coast'}",0,"{'id': 11, 'abbrev': 'PTA', 'name': 'Port Adelaide'}",0,"{'id': 5, 'abbrev': 'ESS', 'name': 'Essendon'}",1,Perth Stadium,77.0,"{'id': 7, 'name': 'Docklands Stadium', 'display_name': 'Marvel Stadium', 'short_name': 'Marvel', 'abbrev': 'MARV'}","{'id': 7, 'name': 'Docklands Stadium', 'display_name': 'Marvel Stadium', 'short_name': 'Marvel', 'abbrev': 'MARV'}","{'id': 13, 'name': 'Melbourne Cricket Ground', 'display_name': 'MCG', 'short_name': 'MCG', 'abbrev': 'MCG'}",6.842,0.7289719626168224,0.6700971983990852,4630.546865281036,14
0,254,1009410,Brandon,Walker,FRE,598,21,0,329300,90,0,2,0,0,592,413,0,144,2025-08-03T10:13:46+10:00,0,9,0,9,0,1,0,5,0,3,0,-1,0,0,0,0,0,0,45.0,53,45.0,45.0,CAR,48.6,0,"{'id': 11, 'abbrev': 'PTA', 'name': 'Port Adelaide'}",1,"{'id': 2, 'abbrev': 'BRL', 'name': 'Brisbane'}",0,"{'id': 15, 'abbrev': 'WBD', 'name': 'Western Bulldogs'}",1,Perth Stadium,54.6129,"{'id': 1, 'name': 'Adelaide Oval', 'display_name': 'Adelaide Oval', 'short_name': 'Adelaide', 'abbrev': 'AO'}","{'id': 53, 'name': 'Perth Stadium', 'display_name': 'Optus Stadium', 'short_name': 'Optus', 'abbrev': 'OS'}","{'id': 7, 'name': 'Docklands Stadium', 'display_name': 'Marvel Stadium', 'short_name': 'Marvel', 'abbrev': 'MARV'}",1.08897,,0.625,7317.777777777777,-6
0,97,1021353,Lachlan,Cowan,CAR,397,21,78,315700,625,1,11,7800,-13300,410,166,107,914,2025-08-03T10:13:45+10:00,12,101,4,38,6,46,4,28,1,9,-1,-7,0,0,0,1,0,0,75.0,160,56.8182,67.6667,FRE,78.0,1,"{'id': 17, 'abbrev': 'GCS', 'name': 'Gold Coast'}",0,"{'id': 11, 'abbrev': 'PTA', 'name': 'Port Adelaide'}",0,"{'id': 5, 'abbrev': 'ESS', 'name': 'Essendon'}",1,Perth Stadium,82.0,"{'id': 7, 'name': 'Docklands Stadium', 'display_name': 'Marvel Stadium', 'short_name': 'Marvel', 'abbrev': 'MARV'}","{'id': 7, 'name': 'Docklands Stadium', 'display_name': 'Marvel Stadium', 'short_name': 'Marvel', 'abbrev': 'MARV'}","{'id': 13, 'name': 'Melbourne Cricket Ground', 'display_name': 'MCG', 'short_name': 'MCG', 'abbrev': 'MCG'}",3.28745,0.7289719626168224,0.6838074398249453,5556.318221978169,13
0,546,1005326,Jackson,Mead,PTA,307,21,73,233900,926,1,17,4400,-95000,325,193,93,1714,2025-08-03T10:13:45+10:00,9,115,9,117,4,48,5,51,1,5,-3,-15,0,0,0,3,0,3,52.8,159,54.4706,49.3333,GEE,69.25,1,"{'id': 6, 'abbrev': 'FRE', 'name': 'Fremantle'}",0,"{'id': 3, 'abbrev': 'CAR', 'name': 'Carlton'}",1,"{'id': 17, 'abbrev': 'GCS', 'name': 'Gold Coast'}",0,Kardinia Park,70.0,"{'id': 1, 'name': 'Adelaide Oval', 'display_name': 'Adelaide Oval', 'short_name': 'Adelaide', 'abbrev': 'AO'}","{'id': 7, 'name': 'Docklands Stadium', 'display_name': 'Marvel Stadium', 'short_name': 'Marvel', 'abbrev': 'MARV'}","{'id': 1, 'name': 'Adelaide Oval', 'display_name': 'Adelaide Oval', 'short_name': 'Adelaide', 'abbrev': 'AO'}",3.2669,0.7849462365591398,0.5402567094515752,4294.05954771932,18
0,310,999326,Brad,Close,GEE,207,21,75,304700,1242,1,20,6900,-23800,217,179,111,2137,2025-08-03T10:13:45+10:00,7,148,9,103,4,58,3,46,0,18,0,-3,0,0,1,16,2,10,63.2,261,62.1,65.0,PTA,72.875,0,"{'id': 5, 'abbrev': 'ESS', 'name': 'Essendon'}",0,"{'id': 14, 'abbrev': 'SYD', 'name': 'Sydney'}",1,"{'id': 12, 'abbrev': 'RIC', 'name': 'Richmond'}",1,Kardinia Park,70.1395,"{'id': 10, 'name': 'Kardinia Park', 'display_name': 'GMHBA Stadium', 'short_name': 'GMHBA', 'abbrev': 'GMS'}","{'id': 16, 'name': 'Sydney Cricket Ground', 'display_name': 'SCG', 'short_name': 'SCG', 'abbrev': 'SCG'}","{'id': 13, 'name': 'Melbourne Cricket Ground', 'display_name': 'MCG', 'short_name': 'MCG', 'abbrev': 'MCG'}",5.36265,0.6756756756756757,0.5811885821244736,4906.602254428341,10
0,497,1001017,Nick,Larkey,NTH,219,21,61,434200,1214,1,17,20800,105700,228,242,102,2016,2025-08-03T10:13:45+10:00,5,108,2,57,8,78,0,18,0,21,-1,-10,0,1,3,41,0,15,89.8,1091,71.4118,98.6667,STK,58.5,1,"{'id': 18, 'abbrev': 'GWS', 'name': 'GWS Giants'}",1,"{'id': 12, 'abbrev': 'RIC', 'name': 'Richmond'}",0,"{'id': 1, 'abbrev': 'ADE', 'name': 'Adelaide'}",0,Docklands Stadium,61.1186,"{'id': 11, 'name': 'Manuka Oval', 'display_name': 'Manuka Oval', 'short_name': 'Manuka', 'abbrev': 'MO'}","{'id': 226, 'name': 'Ninja Stadium', 'display_name': 'Ninja Stadium', 'short_name': 'Ninja', 'abbrev': 'NIN'}","{'id': 7, 'name': 'Docklands Stadium', 'display_name': 'Marvel Stadium', 'short_name': 'Marvel', 'abbrev': 'MARV'}",22.4163,0.5980392156862745,0.6021825396825397,6080.227637449273,9
0,627,991988,Zak,Jones,STK,375,21,55,278000,695,1,12,-4300,-50300,381,273,78,1028,2025-08-03T10:13:46+10:00,5,84,5,109,3,36,1,19,0,6,0,-11,0,0,0,0,0,1,60.0,178,57.9167,53.3333,NTH,74.2222,0,"{'id': 12, 'abbrev': 'RIC', 'name': 'Richmond'}",1,"{'id': 5, 'abbrev': 'ESS', 'name': 'Essendon'}",1,"{'id': 18, 'abbrev': 'GWS', 'name': 'GWS Giants'}",1,Docklands Stadium,71.5882,"{'id': 13, 'name': 'Melbourne Cricket Ground', 'display_name': 'MCG', 'short_name': 'MCG', 'abbrev': 'MCG'}","{'id': 7, 'name': 'Docklands Stadium', 'display_name': 'Marvel Stadium', 'short_name': 'Marvel', 'abbrev': 'MARV'}","{'id': 17, 'name': 'ENGIE Stadium', 'display_name': 'ENGIE Stadium', 'short_name': 'ENGIE', 'abbrev': 'ENS'}",3.65728,0.7051282051282052,0.6760700389105059,4799.997237411662,6
0,411,1023482,Cam,Mackenzie,HAW,343,21,0,298200,805,0,12,0,-29700,330,413,0,1001,2025-08-03T10:13:46+10:00,0,100,0,98,0,24,0,50,0,11,0,-10,0,0,0,0,0,1,44.6,602,67.0833,45.6667,ADE,54.5,1,"{'id': 4, 'abbrev': 'COL', 'name': 'Collingwood'}",0,"{'id': 10, 'abbrev': 'MEL', 'name': 'Melbourne'}",0,"{'id': 2, 'abbrev': 'BRL', 'name': 'Brisbane'}",1,Adelaide Oval,60.25,"{'id': 13, 'name': 'Melbourne Cricket Ground', 'display_name': 'MCG', 'short_name': 'MCG', 'abbrev': 'MCG'}","{'id': 13, 'name': 'Melbourne Cricket Ground', 'display_name': 'MCG', 'short_name': 'MCG', 'abbrev': 'MCG'}","{'id': 4, 'name': 'Brisbane Cricket Ground', 'display_name': 'Gabba', 'short_name': 'Gabba', 'abbrev': 'G'}",12.369,,0.8041958041958042,4445.219600109119,-13
0,167,1000860,Lachie,Schultz,COL,324,21,98,386300,875,1,11,-2100,59000,342,86,109,1075,2025-08-03T10:13:45+10:00,12,83,5,73,6,49,7,62,4,18,-1,-12,0,0,1,9,0,9,78.8,1367,79.5455,76.3333,BRL,54.2222,0,"{'id': 8, 'abbrev': 'HAW', 'name': 'Hawthorn'}",1,"{'id': 1, 'abbrev': 'ADE', 'name': 'Adelaide'}",1,"{'id': 10, 'abbrev': 'MEL', 'name': 'Melbourne'}",0,Melbourne Cricket Ground,67.2222,"{'id': 13, 'name': 'Melbourne Cricket Ground', 'display_name': 'MCG', 'short_name': 'MCG', 'abbrev': 'MCG'}","{'id': 1, 'name': 'Adelaide Oval', 'display_name': 'Adelaide Oval', 'short_name': 'Adelaide', 'abbrev': 'AO'}","{'id': 13, 'name': 'Melbourne Cricket Ground', 'display_name': 'MCG', 'short_name': 'MCG', 'abbrev': 'MCG'}",28.0871,0.8990825688073395,0.813953488372093,4856.340082091381,18
0,618,1002256,Paddy,Dow,STK,652,21,0,327100,0,0,0,0,0,644,413,0,0,2025-08-03T10:13:47+10:00,0,0,0,0,0,0,0,0,0,0,0,0,0,0,0,0,0,0,0.0,99,0.0,0.0,NTH,56.0,0,"{'id': 12, 'abbrev': 'RIC', 'name': 'Richmond'}",1,"{'id': 5, 'abbrev': 'ESS', 'name': 'Essendon'}",1,"{'id': 18, 'abbrev': 'GWS', 'name': 'GWS Giants'}",1,Docklands Stadium,57.0,"{'id': 13, 'name': 'Melbourne Cricket Ground', 'display_name': 'MCG', 'short_name': 'MCG', 'abbrev': 'MCG'}","{'id': 7, 'name': 'Docklands Stadium', 'display_name': 'Marvel Stadium', 'short_name': 'Marvel', 'abbrev': 'MARV'}","{'id': 17, 'name': 'ENGIE Stadium', 'display_name': 'ENGIE Stadium', 'short_name': 'ENGIE', 'abbrev': 'ENS'}",2.03411,,,,-8
0,90,1002795,Jordan,Boyd,CAR,571,21,0,299600,131,0,3,0,-27400,564,413,0,220,2025-08-03T10:13:46+10:00,0,19,0,7,0,6,0,2,0,1,0,0,0,0,0,0,0,0,43.6667,53,43.6667,43.6667,FRE,47.75,1,"{'id': 17, 'abbrev': 'GCS', 'name': 'Gold Coast'}",0,"{'id': 11, 'abbrev': 'PTA', 'name': 'Port Adelaide'}",0,"{'id': 5, 'abbrev': 'ESS', 'name': 'Essendon'}",1,Perth Stadium,29.0,"{'id': 7, 'name': 'Docklands Stadium', 'display_name': 'Marvel Stadium', 'short_name': 'Marvel', 'abbrev': 'MARV'}","{'id': 7, 'name': 'Docklands Stadium', 'display_name': 'Marvel Stadium', 'short_name': 'Marvel', 'abbrev': 'MARV'}","{'id': 13, 'name': 'Melbourne Cricket Ground', 'display_name': 'MCG', 'short_name': 'MCG', 'abbrev': 'MCG'}",1.08897,,0.5954545454545455,6861.06346483705,-7
0,552,296225,Willie,Rioli,PTA,313,21,0,247200,909,0,16,0,-79600,303,413,0,1713,2025-08-03T10:13:46+10:00,0,112,0,51,0,44,0,29,0,6,0,-16,0,0,0,25,0,10,41.4,167,56.8125,40.0,GEE,60.0,1,"{'id': 6, 'abbrev': 'FRE', 'name': 'Fremantle'}",0,"{'id': 3, 'abbrev': 'CAR', 'name': 'Carlton'}",1,"{'id': 17, 'abbrev': 'GCS', 'name': 'Gold Coast'}",0,Kardinia Park,66.3333,"{'id': 1, 'name': 'Adelaide Oval', 'display_name': 'Adelaide Oval', 'short_name': 'Adelaide', 'abbrev': 'AO'}","{'id': 7, 'name': 'Docklands Stadium', 'display_name': 'Marvel Stadium', 'short_name': 'Marvel', 'abbrev': 'MARV'}","{'id': 1, 'name': 'Adelaide Oval', 'display_name': 'Adelaide Oval', 'short_name': 'Adelaide', 'abbrev': 'AO'}",3.43127,,0.5306479859894921,4351.155115511551,-10
0,611,1011994,Ryan,Byrnes,STK,274,21,48,279500,1080,1,17,-18800,-46000,266,310,84,1717,2025-08-03T10:13:46+10:00,7,172,1,114,4,90,2,28,0,9,0,-5,0,0,1,3,1,2,48.4,187,63.5294,45.6667,NTH,58.25,0,"{'id': 12, 'abbrev': 'RIC', 'name': 'Richmond'}",1,"{'id': 5, 'abbrev': 'ESS', 'name': 'Essendon'}",1,"{'id': 18, 'abbrev': 'GWS', 'name': 'GWS Giants'}",1,Docklands Stadium,57.425,"{'id': 13, 'name': 'Melbourne Cricket Ground', 'display_name': 'MCG', 'short_name': 'MCG', 'abbrev': 'MCG'}","{'id': 7, 'name': 'Docklands Stadium', 'display_name': 'Marvel Stadium', 'short_name': 'Marvel', 'abbrev': 'MARV'}","{'id': 17, 'name': 'ENGIE Stadium', 'display_name': 'ENGIE Stadium', 'short_name': 'ENGIE', 'abbrev': 'ENS'}",3.8422,0.5714285714285714,0.6290040768782761,4399.537851766268,-8
0,159,291849,Brody,Mihocek,COL,240,21,69,376100,1168,1,17,400,50800,248,206,103,1770,2025-08-03T10:13:45+10:00,5,116,1,50,2,70,6,44,2,20,0,-18,0,10,1,33,1,20,76.2,374,68.7059,75.6667,BRL,68.5,0,"{'id': 8, 'abbrev': 'HAW', 'name': 'Hawthorn'}",1,"{'id': 1, 'abbrev': 'ADE', 'name': 'Adelaide'}",1,"{'id': 10, 'abbrev': 'MEL', 'name': 'Melbourne'}",0,Melbourne Cricket Ground,62.775,"{'id': 13, 'name': 'Melbourne Cricket Ground', 'display_name': 'MCG', 'short_name': 'MCG', 'abbrev': 'MCG'}","{'id': 1, 'name': 'Adelaide Oval', 'display_name': 'Adelaide Oval', 'short_name': 'Adelaide', 'abbrev': 'AO'}","{'id': 13, 'name': 'Melbourne Cricket Ground', 'display_name': 'MCG', 'short_name': 'MCG', 'abbrev': 'MCG'}",7.68441,0.6699029126213593,0.6598870056497175,5474.056813170339,8
0,705,290085,Taylor,Duryea,WBD,541,21,0,257900,196,0,5,0,-66400,534,413,0,513,2025-08-03T10:13:46+10:00,0,32,0,22,0,19,0,9,0,3,0,-5,0,0,0,0,0,0,39.2,48,39.2,37.6667,GWS,61.3846,0,"{'id': 10, 'abbrev': 'MEL', 'name': 'Melbourne'}",1,"{'id': 16, 'abbrev': 'WCE', 'name': 'West Coast'}",0,"{'id': 6, 'abbrev': 'FRE', 'name': 'Fremantle'}",0,Docklands Stadium,60.4545,"{'id': 13, 'name': 'Melbourne Cricket Ground', 'display_name': 'MCG', 'short_name': 'MCG', 'abbrev': 'MCG'}","{'id': 7, 'name': 'Docklands Stadium', 'display_name': 'Marvel Stadium', 'short_name': 'Marvel', 'abbrev': 'MARV'}","{'id': 7, 'name': 'Docklands Stadium', 'display_name': 'Marvel Stadium', 'short_name': 'Marvel', 'abbrev': 'MARV'}",0.986234,,0.3820662768031189,6579.08163265306,-7
0,17,1006203,Chayce,Jones,ADE,595,21,22,223600,95,1,4,-45800,-98400,607,391,42,259,2025-08-03T10:13:46+10:00,3,17,1,11,2,7,0,7,0,3,-1,-5,0,0,0,0,0,0,23.75,71,23.75,19.3333,HAW,55.0,0,"{'id': 16, 'abbrev': 'WCE', 'name': 'West Coast'}",1,"{'id': 4, 'abbrev': 'COL', 'name': 'Collingwood'}",0,"{'id': 9, 'abbrev': 'NTH', 'name': 'North Melbourne'}",1,Adelaide Oval,54.2075,"{'id': 53, 'name': 'Perth Stadium', 'display_name': 'Optus Stadium', 'short_name': 'Optus', 'abbrev': 'OS'}","{'id': 1, 'name': 'Adelaide Oval', 'display_name': 'Adelaide Oval', 'short_name': 'Adelaide', 'abbrev': 'AO'}","{'id': 7, 'name': 'Docklands Stadium', 'display_name': 'Marvel Stadium', 'short_name': 'Marvel', 'abbrev': 'MARV'}",1.4588,0.5238095238095238,0.3667953667953668,9414.736842105263,12
0,587,1008478,Rhyan,Mansell,RIC,305,21,51,265600,939,1,17,-1200,-56400,311,294,97,1589,2025-08-03T10:13:46+10:00,7,130,4,51,5,57,2,56,1,18,-2,-17,0,0,1,14,2,15,54.2,117,55.2353,52.6667,GCS,46.0,1,"{'id': 13, 'abbrev': 'STK', 'name': 'St Kilda'}",0,"{'id': 9, 'abbrev': 'NTH', 'name': 'North Melbourne'}",1,"{'id': 7, 'abbrev': 'GEE', 'name': 'Geelong'}",0,Carrara Stadium,68.0,"{'id': 13, 'name': 'Melbourne Cricket Ground', 'display_name': 'MCG', 'short_name': 'MCG', 'abbrev': 'MCG'}","{'id': 226, 'name': 'Ninja Stadium', 'display_name': 'Ninja Stadium', 'short_name': 'Ninja', 'abbrev': 'NIN'}","{'id': 13, 'name': 'Melbourne Cricket Ground', 'display_name': 'MCG', 'short_name': 'MCG', 'abbrev': 'MCG'}",2.40394,0.5257731958762887,0.5909376966645689,4808.519189721066,6
0,574,1009226,Thomson,Dow,RIC,356,21,0,323800,762,0,11,0,2400,347,413,0,1019,2025-08-03T10:13:46+10:00,0,73,0,131,0,38,0,32,0,13,0,-5,0,0,0,1,0,2,63.0,176,69.2727,56.0,GCS,41.0,1,"{'id': 13, 'abbrev': 'STK', 'name': 'St Kilda'}",0,"{'id': 9, 'abbrev': 'NTH', 'name': 'North Melbourne'}",1,"{'id': 7, 'abbrev': 'GEE', 'name': 'Geelong'}",0,Carrara Stadium,37.25,"{'id': 13, 'name': 'Melbourne Cricket Ground', 'display_name': 'MCG', 'short_name': 'MCG', 'abbrev': 'MCG'}","{'id': 226, 'name': 'Ninja Stadium', 'display_name': 'Ninja Stadium', 'short_name': 'Ninja', 'abbrev': 'NIN'}","{'id': 13, 'name': 'Melbourne Cricket Ground', 'display_name': 'MCG', 'short_name': 'MCG', 'abbrev': 'MCG'}",3.61619,,0.7477919528949951,4674.280055490835,-9
0,474,1027821,Caleb,Windsor,MEL,335,21,75,231900,843,1,16,24800,-89400,344,179,101,1457,2025-08-03T10:13:45+10:00,11,141,5,80,1,48,5,28,1,9,0,-5,0,0,0,2,1,4,45.2,246,52.6875,60.3333,WCE,81.75,0,"{'id': 15, 'abbrev': 'WBD', 'name': 'Western Bulldogs'}",0,"{'id': 8, 'abbrev': 'HAW', 'name': 'Hawthorn'}",1,"{'id': 4, 'abbrev': 'COL', 'name': 'Collingwood'}",1,Docklands Stadium,61.0,"{'id': 13, 'name': 'Melbourne Cricket Ground', 'display_name': 'MCG', 'short_name': 'MCG', 'abbrev': 'MCG'}","{'id': 13, 'name': 'Melbourne Cricket Ground', 'display_name': 'MCG', 'short_name': 'MCG', 'abbrev': 'MCG'}","{'id': 13, 'name': 'Melbourne Cricket Ground', 'display_name': 'MCG', 'short_name': 'MCG', 'abbrev': 'MCG'}",5.05445,0.7425742574257426,0.5785861358956761,4401.423487544484,9
0,345,1008691,Leek,Aleer,GWS,432,21,57,310400,485,1,9,16800,-9500,445,261,109,968,2025-08-03T10:13:45+10:00,4,46,8,43,5,36,3,11,3,12,-5,-15,0,0,0,0,0,0,63.8,124,53.8889,71.6667,WBD,57.0,1,"{'id': 9, 'abbrev': 'NTH', 'name': 'North Melbourne'}",0,"{'id': 17, 'abbrev': 'GCS', 'name': 'Gold Coast'}",1,"{'id': 13, 'abbrev': 'STK', 'name': 'St Kilda'}",0,Docklands Stadium,55.6,"{'id': 11, 'name': 'Manuka Oval', 'display_name': 'Manuka Oval', 'short_name': 'Manuka', 'abbrev': 'MO'}","{'id': 5, 'name': 'Carrara Stadium', 'display_name': 'People First Stadium', 'short_name': 'People First', 'abbrev': 'PFS'}","{'id': 17, 'name': 'ENGIE Stadium', 'display_name': 'ENGIE Stadium', 'short_name': 'ENGIE', 'abbrev': 'ENS'}",2.54777,0.5229357798165137,0.5010330578512396,5759.998812371379,13
0,626,993480,Dougal,Howard,STK,545,21,0,321000,192,0,3,0,1300,537,413,0,322,2025-08-03T10:13:46+10:00,0,25,0,8,0,19,0,7,0,5,0,-3,0,0,0,0,0,0,64.0,51,64.0,64.0,NTH,69.375,0,"{'id': 12, 'abbrev': 'RIC', 'name': 'Richmond'}",1,"{'id': 5, 'abbrev': 'ESS', 'name': 'Essendon'}",1,"{'id': 18, 'abbrev': 'GWS', 'name': 'GWS Giants'}",1,Docklands Stadium,63.0625,"{'id': 13, 'name': 'Melbourne Cricket Ground', 'display_name': 'MCG', 'short_name': 'MCG', 'abbrev': 'MCG'}","{'id': 7, 'name': 'Docklands Stadium', 'display_name': 'Marvel Stadium', 'short_name': 'Marvel', 'abbrev': 'MARV'}","{'id': 17, 'name': 'ENGIE Stadium', 'display_name': 'ENGIE Stadium', 'short_name': 'ENGIE', 'abbrev': 'ENS'}",1.04787,,0.5962732919254659,5015.625,-8
0,285,993917,Ben,Long,GCS,211,21,66,254900,1233,1,18,-5700,-63600,217,220,100,1944,2025-08-03T10:13:45+10:00,11,147,3,53,8,83,2,37,0,14,-4,-19,0,0,2,34,1,21,45.6,1199,68.5,48.0,RIC,70.5,0,"{'id': 3, 'abbrev': 'CAR', 'name': 'Carlton'}",1,"{'id': 18, 'abbrev': 'GWS', 'name': 'GWS Giants'}",0,"{'id': 11, 'abbrev': 'PTA', 'name': 'Port Adelaide'}",1,Carrara Stadium,63.2174,"{'id': 7, 'name': 'Docklands Stadium', 'display_name': 'Marvel Stadium', 'short_name': 'Marvel', 'abbrev': 'MARV'}","{'id': 5, 'name': 'Carrara Stadium', 'display_name': 'People First Stadium', 'short_name': 'People First', 'abbrev': 'PFS'}","{'id': 1, 'name': 'Adelaide Oval', 'display_name': 'Adelaide Oval', 'short_name': 'Adelaide', 'abbrev': 'AO'}",24.6353,0.66,0.6342592592592593,3721.167883211679,6
0,186,298421,Jade,Gresham,ESS,321,21,91,255700,890,1,16,29400,-62700,332,110,103,1410,2025-08-03T10:13:45+10:00,11,99,9,105,2,41,4,44,1,9,0,-11,0,0,0,9,0,7,47.8,133,55.625,67.6667,SYD,74.7,1,"{'id': 7, 'abbrev': 'GEE', 'name': 'Geelong'}",1,"{'id': 13, 'abbrev': 'STK', 'name': 'St Kilda'}",0,"{'id': 3, 'abbrev': 'CAR', 'name': 'Carlton'}",0,Sydney Cricket Ground,82.5,"{'id': 10, 'name': 'Kardinia Park', 'display_name': 'GMHBA Stadium', 'short_name': 'GMHBA', 'abbrev': 'GMS'}","{'id': 7, 'name': 'Docklands Stadium', 'display_name': 'Marvel Stadium', 'short_name': 'Marvel', 'abbrev': 'MARV'}","{'id': 13, 'name': 'Melbourne Cricket Ground', 'display_name': 'MCG', 'short_name': 'MCG', 'abbrev': 'MCG'}",2.73269,0.883495145631068,0.6312056737588653,4596.853932584269,11
0,281,1006144,Ben,King,GCS,247,21,96,285100,1145,1,19,3800,-33300,264,95,105,2026,2025-08-03T10:13:45+10:00,6,91,4,47,5,57,0,8,2,27,0,-9,0,0,4,51,0,17,62.8,601,60.2632,59.3333,RIC,70.0,0,"{'id': 3, 'abbrev': 'CAR', 'name': 'Carlton'}",1,"{'id': 18, 'abbrev': 'GWS', 'name': 'GWS Giants'}",0,"{'id': 11, 'abbrev': 'PTA', 'name': 'Port Adelaide'}",1,Carrara Stadium,59.5217,"{'id': 7, 'name': 'Docklands Stadium', 'display_name': 'Marvel Stadium', 'short_name': 'Marvel', 'abbrev': 'MARV'}","{'id': 5, 'name': 'Carrara Stadium', 'display_name': 'People First Stadium', 'short_name': 'People First', 'abbrev': 'PFS'}","{'id': 1, 'name': 'Adelaide Oval', 'display_name': 'Adelaide Oval', 'short_name': 'Adelaide', 'abbrev': 'AO'}",12.3485,0.9142857142857143,0.5651530108588352,4730.913725125782,17
0,481,1002947,Paul,Curtis,NTH,201,21,69,307800,1266,1,17,-11500,-10300,208,206,104,1780,2025-08-03T10:13:45+10:00,7,135,3,62,4,67,6,78,0,25,-2,-28,0,0,0,30,0,13,61.4,2100,74.4706,55.3333,STK,45.0,1,"{'id': 18, 'abbrev': 'GWS', 'name': 'GWS Giants'}",1,"{'id': 12, 'abbrev': 'RIC', 'name': 'Richmond'}",0,"{'id': 1, 'abbrev': 'ADE', 'name': 'Adelaide'}",0,Docklands Stadium,60.2059,"{'id': 11, 'name': 'Manuka Oval', 'display_name': 'Manuka Oval', 'short_name': 'Manuka', 'abbrev': 'MO'}","{'id': 226, 'name': 'Ninja Stadium', 'display_name': 'Ninja Stadium', 'short_name': 'Ninja', 'abbrev': 'NIN'}","{'id': 7, 'name': 'Docklands Stadium', 'display_name': 'Marvel Stadium', 'short_name': 'Marvel', 'abbrev': 'MARV'}",43.1477,0.6634615384615384,0.7112359550561798,4133.174702500047,7
0,402,291351,Jack,Gunston,HAW,154,21,86,430700,1421,1,17,14800,112800,155,134,113,1808,2025-08-03T10:13:45+10:00,7,161,3,55,2,84,0,21,2,15,-2,-11,0,0,4,49,1,26,82.4,1779,83.5882,94.6667,ADE,71.3333,1,"{'id': 4, 'abbrev': 'COL', 'name': 'Collingwood'}",0,"{'id': 10, 'abbrev': 'MEL', 'name': 'Melbourne'}",0,"{'id': 2, 'abbrev': 'BRL', 'name': 'Brisbane'}",1,Adelaide Oval,78.0,"{'id': 13, 'name': 'Melbourne Cricket Ground', 'display_name': 'MCG', 'short_name': 'MCG', 'abbrev': 'MCG'}","{'id': 13, 'name': 'Melbourne Cricket Ground', 'display_name': 'MCG', 'short_name': 'MCG', 'abbrev': 'MCG'}","{'id': 4, 'name': 'Brisbane Cricket Ground', 'display_name': 'Gabba', 'short_name': 'Gabba', 'abbrev': 'G'}",36.5523,0.7610619469026548,0.7859513274336283,5152.641162269316,1
0,550,1002220,Esava,Ratugolea,PTA,309,21,0,408000,920,0,13,0,92500,298,413,0,1478,2025-08-03T10:13:46+10:00,0,86,0,56,0,75,0,21,0,6,0,-16,0,3,0,0,0,0,80.2,208,70.7692,62.3333,GEE,68.0,1,"{'id': 6, 'abbrev': 'FRE', 'name': 'Fremantle'}",0,"{'id': 3, 'abbrev': 'CAR', 'name': 'Carlton'}",1,"{'id': 17, 'abbrev': 'GCS', 'name': 'Gold Coast'}",0,Kardinia Park,62.56,"{'id': 1, 'name': 'Adelaide Oval', 'display_name': 'Adelaide Oval', 'short_name': 'Adelaide', 'abbrev': 'AO'}","{'id': 7, 'name': 'Docklands Stadium', 'display_name': 'Marvel Stadium', 'short_name': 'Marvel', 'abbrev': 'MARV'}","{'id': 1, 'name': 'Adelaide Oval', 'display_name': 'Adelaide Oval', 'short_name': 'Adelaide', 'abbrev': 'AO'}",4.27368,,0.6224627875507442,5765.219897921695,-11
0,165,1008089,Isaac,Quaynor,COL,176,21,62,395600,1353,1,20,-600,80300,176,238,101,2037,2025-08-03T10:13:45+10:00,7,172,3,110,5,97,4,52,0,14,0,-14,0,0,0,0,0,0,85.2,697,67.65,79.0,BRL,74.0,0,"{'id': 8, 'abbrev': 'HAW', 'name': 'Hawthorn'}",1,"{'id': 1, 'abbrev': 'ADE', 'name': 'Adelaide'}",1,"{'id': 10, 'abbrev': 'MEL', 'name': 'Melbourne'}",0,Melbourne Cricket Ground,67.6912,"{'id': 13, 'name': 'Melbourne Cricket Ground', 'display_name': 'MCG', 'short_name': 'MCG', 'abbrev': 'MCG'}","{'id': 1, 'name': 'Adelaide Oval', 'display_name': 'Adelaide Oval', 'short_name': 'Adelaide', 'abbrev': 'AO'}","{'id': 13, 'name': 'Melbourne Cricket Ground', 'display_name': 'MCG', 'short_name': 'MCG', 'abbrev': 'MCG'}",14.3209,0.6138613861386139,0.6642120765832106,5847.745750184774,0
0,53,990609,Charlie,Cameron,BRL,288,21,60,287300,1020,1,18,-9500,-27100,286,245,103,1853,2025-08-03T10:13:45+10:00,10,130,3,40,3,65,2,40,1,12,0,-9,0,0,0,21,1,23,62.4,219,56.6667,52.3333,COL,64.5625,1,"{'id': 14, 'abbrev': 'SYD', 'name': 'Sydney'}",0,"{'id': 6, 'abbrev': 'FRE', 'name': 'Fremantle'}",1,"{'id': 8, 'abbrev': 'HAW', 'name': 'Hawthorn'}",0,Melbourne Cricket Ground,59.8,"{'id': 4, 'name': 'Brisbane Cricket Ground', 'display_name': 'Gabba', 'short_name': 'Gabba', 'abbrev': 'G'}","{'id': 53, 'name': 'Perth Stadium', 'display_name': 'Optus Stadium', 'short_name': 'Optus', 'abbrev': 'OS'}","{'id': 4, 'name': 'Brisbane Cricket Ground', 'display_name': 'Gabba', 'short_name': 'Gabba', 'abbrev': 'G'}",4.49969,0.5825242718446602,0.5504587155963303,5069.997017648813,-2
0,333,1016433,Shannon,Neale,GEE,191,21,122,385700,1303,1,20,38800,71900,212,32,109,2115,2025-08-03T10:13:45+10:00,10,112,5,66,7,87,6,54,1,17,-1,-24,4,95,3,34,1,16,91.0,612,65.15,99.0,PTA,78.3333,0,"{'id': 5, 'abbrev': 'ESS', 'name': 'Essendon'}",0,"{'id': 14, 'abbrev': 'SYD', 'name': 'Sydney'}",1,"{'id': 12, 'abbrev': 'RIC', 'name': 'Richmond'}",1,Kardinia Park,65.8824,"{'id': 10, 'name': 'Kardinia Park', 'display_name': 'GMHBA Stadium', 'short_name': 'GMHBA', 'abbrev': 'GMS'}","{'id': 16, 'name': 'Sydney Cricket Ground', 'display_name': 'SCG', 'short_name': 'SCG', 'abbrev': 'SCG'}","{'id': 13, 'name': 'Melbourne Cricket Ground', 'display_name': 'MCG', 'short_name': 'MCG', 'abbrev': 'MCG'}",12.5745,1.1192660550458715,0.6160756501182033,5920.184190330007,21
0,635,1020137,Mattaes,Phillipou,STK,540,21,0,286800,199,0,4,0,-27000,532,413,0,269,2025-08-03T10:13:46+10:00,0,26,0,24,0,9,0,8,0,2,0,-2,0,0,0,2,0,3,49.75,759,49.75,40.3333,NTH,48.3333,0,"{'id': 12, 'abbrev': 'RIC', 'name': 'Richmond'}",1,"{'id': 5, 'abbrev': 'ESS', 'name': 'Essendon'}",1,"{'id': 18, 'abbrev': 'GWS', 'name': 'GWS Giants'}",1,Docklands Stadium,53.1364,"{'id': 13, 'name': 'Melbourne Cricket Ground', 'display_name': 'MCG', 'short_name': 'MCG', 'abbrev': 'MCG'}","{'id': 7, 'name': 'Docklands Stadium', 'display_name': 'Marvel Stadium', 'short_name': 'Marvel', 'abbrev': 'MARV'}","{'id': 17, 'name': 'ENGIE Stadium', 'display_name': 'ENGIE Stadium', 'short_name': 'ENGIE', 'abbrev': 'ENS'}",15.5948,,0.7397769516728625,5764.824120603015,-8
0,443,1017122,Blake,Howes,MEL,434,21,54,276000,473,1,9,-13800,-36900,447,282,101,792,2025-08-03T10:13:46+10:00,4,49,8,56,4,32,0,16,0,3,0,-4,0,0,0,0,0,0,54.6,61,52.5556,47.6667,WCE,53.5,0,"{'id': 15, 'abbrev': 'WBD', 'name': 'Western Bulldogs'}",0,"{'id': 8, 'abbrev': 'HAW', 'name': 'Hawthorn'}",1,"{'id': 4, 'abbrev': 'COL', 'name': 'Collingwood'}",1,Docklands Stadium,56.5,"{'id': 13, 'name': 'Melbourne Cricket Ground', 'display_name': 'MCG', 'short_name': 'MCG', 'abbrev': 'MCG'}","{'id': 13, 'name': 'Melbourne Cricket Ground', 'display_name': 'MCG', 'short_name': 'MCG', 'abbrev': 'MCG'}","{'id': 13, 'name': 'Melbourne Cricket Ground', 'display_name': 'MCG', 'short_name': 'MCG', 'abbrev': 'MCG'}",1.25334,0.5346534653465347,0.5972222222222222,5251.581182595194,13
0,469,1023640,Koltyn,Tholstrup,MEL,489,21,0,171000,305,0,9,0,-141500,478,413,0,706,2025-08-03T10:13:46+10:00,0,31,0,33,0,13,0,23,0,10,0,-6,0,0,0,3,0,4,28.2,62,33.8889,18.0,WCE,78.5,0,"{'id': 15, 'abbrev': 'WBD', 'name': 'Western Bulldogs'}",0,"{'id': 8, 'abbrev': 'HAW', 'name': 'Hawthorn'}",1,"{'id': 4, 'abbrev': 'COL', 'name': 'Collingwood'}",1,Docklands Stadium,49.0,"{'id': 13, 'name': 'Melbourne Cricket Ground', 'display_name': 'MCG', 'short_name': 'MCG', 'abbrev': 'MCG'}","{'id': 13, 'name': 'Melbourne Cricket Ground', 'display_name': 'MCG', 'short_name': 'MCG', 'abbrev': 'MCG'}","{'id': 13, 'name': 'Melbourne Cricket Ground', 'display_name': 'MCG', 'short_name': 'MCG', 'abbrev': 'MCG'}",1.27389,,0.43201133144475923,5045.899984950825,-11
0,407,998390,Changkuoth,Jiath,HAW,306,21,0,289400,936,0,14,0,-21200,295,413,0,1221,2025-08-03T10:13:46+10:00,0,128,0,91,0,50,0,17,0,8,0,-11,0,0,0,0,0,1,50.6,429,66.8571,64.0,ADE,66.1429,1,"{'id': 4, 'abbrev': 'COL', 'name': 'Collingwood'}",0,"{'id': 10, 'abbrev': 'MEL', 'name': 'Melbourne'}",0,"{'id': 2, 'abbrev': 'BRL', 'name': 'Brisbane'}",1,Adelaide Oval,53.8571,"{'id': 13, 'name': 'Melbourne Cricket Ground', 'display_name': 'MCG', 'short_name': 'MCG', 'abbrev': 'MCG'}","{'id': 13, 'name': 'Melbourne Cricket Ground', 'display_name': 'MCG', 'short_name': 'MCG', 'abbrev': 'MCG'}","{'id': 4, 'name': 'Brisbane Cricket Ground', 'display_name': 'Gabba', 'short_name': 'Gabba', 'abbrev': 'G'}",8.81446,,0.7665847665847666,4328.6352533986665,-11
0,434,296351,Jack,Billings,MEL,624,21,0,310500,49,0,1,0,0,619,413,0,113,2025-08-03T10:13:46+10:00,0,5,0,9,0,2,0,2,0,0,0,0,0,0,0,0,0,0,49.0,69,49.0,49.0,WCE,76.9167,0,"{'id': 15, 'abbrev': 'WBD', 'name': 'Western Bulldogs'}",0,"{'id': 8, 'abbrev': 'HAW', 'name': 'Hawthorn'}",1,"{'id': 4, 'abbrev': 'COL', 'name': 'Collingwood'}",1,Docklands Stadium,84.506,"{'id': 13, 'name': 'Melbourne Cricket Ground', 'display_name': 'MCG', 'short_name': 'MCG', 'abbrev': 'MCG'}","{'id': 13, 'name': 'Melbourne Cricket Ground', 'display_name': 'MCG', 'short_name': 'MCG', 'abbrev': 'MCG'}","{'id': 13, 'name': 'Melbourne Cricket Ground', 'display_name': 'MCG', 'short_name': 'MCG', 'abbrev': 'MCG'}",1.41771,,0.4336283185840708,6336.734693877551,-5
0,595,1006133,Jack,Ross,RIC,124,21,80,434300,1530,1,20,-800,123900,121,157,99,1991,2025-08-03T10:13:45+10:00,6,160,17,213,2,87,3,77,0,5,0,-22,0,0,0,4,0,5,88.0,1966,76.5,86.6667,GCS,63.1667,1,"{'id': 13, 'abbrev': 'STK', 'name': 'St Kilda'}",0,"{'id': 9, 'abbrev': 'NTH', 'name': 'North Melbourne'}",1,"{'id': 7, 'abbrev': 'GEE', 'name': 'Geelong'}",0,Carrara Stadium,61.0,"{'id': 13, 'name': 'Melbourne Cricket Ground', 'display_name': 'MCG', 'short_name': 'MCG', 'abbrev': 'MCG'}","{'id': 226, 'name': 'Ninja Stadium', 'display_name': 'Ninja Stadium', 'short_name': 'Ninja', 'abbrev': 'NIN'}","{'id': 13, 'name': 'Melbourne Cricket Ground', 'display_name': 'MCG', 'short_name': 'MCG', 'abbrev': 'MCG'}",40.3945,0.8080808080808081,0.7684580612757408,5677.1241830065355,-3
0,378,1008123,Jake,Riccardi,GWS,257,21,59,356200,1124,1,16,-9200,47100,259,249,97,1429,2025-08-03T10:13:45+10:00,6,125,3,79,1,67,3,51,1,15,-2,-23,8,105,2,21,1,8,68.8,1267,70.25,66.3333,WBD,59.1429,1,"{'id': 9, 'abbrev': 'NTH', 'name': 'North Melbourne'}",0,"{'id': 17, 'abbrev': 'GCS', 'name': 'Gold Coast'}",1,"{'id': 13, 'abbrev': 'STK', 'name': 'St Kilda'}",0,Docklands Stadium,59.4545,"{'id': 11, 'name': 'Manuka Oval', 'display_name': 'Manuka Oval', 'short_name': 'Manuka', 'abbrev': 'MO'}","{'id': 5, 'name': 'Carrara Stadium', 'display_name': 'People First Stadium', 'short_name': 'People First', 'abbrev': 'PFS'}","{'id': 17, 'name': 'ENGIE Stadium', 'display_name': 'ENGIE Stadium', 'short_name': 'ENGIE', 'abbrev': 'ENS'}",26.0325,0.6082474226804123,0.7865640307907628,5070.462633451957,2
0,551,1008239,Joe,Richards,PTA,161,21,65,388300,1388,1,19,-36400,79400,160,227,89,1911,2025-08-03T10:13:45+10:00,4,143,9,152,3,67,5,70,0,12,0,-8,0,0,0,12,1,14,75.0,1220,73.0526,57.6667,GEE,63.3333,1,"{'id': 6, 'abbrev': 'FRE', 'name': 'Fremantle'}",0,"{'id': 3, 'abbrev': 'CAR', 'name': 'Carlton'}",1,"{'id': 17, 'abbrev': 'GCS', 'name': 'Gold Coast'}",0,Kardinia Park,65.0,"{'id': 1, 'name': 'Adelaide Oval', 'display_name': 'Adelaide Oval', 'short_name': 'Adelaide', 'abbrev': 'AO'}","{'id': 7, 'name': 'Docklands Stadium', 'display_name': 'Marvel Stadium', 'short_name': 'Marvel', 'abbrev': 'MARV'}","{'id': 1, 'name': 'Adelaide Oval', 'display_name': 'Adelaide Oval', 'short_name': 'Adelaide', 'abbrev': 'AO'}",25.0668,0.7303370786516854,0.7263212977498692,5315.348119026565,-1
0,133,998647,Mason,Cox,COL,474,21,0,212900,335,0,8,0,-94900,468,413,0,626,2025-08-03T10:13:46+10:00,0,31,0,24,0,20,0,12,0,11,0,-7,0,87,0,2,0,4,39.0,256,41.875,41.3333,BRL,62.0,0,"{'id': 8, 'abbrev': 'HAW', 'name': 'Hawthorn'}",1,"{'id': 1, 'abbrev': 'ADE', 'name': 'Adelaide'}",1,"{'id': 10, 'abbrev': 'MEL', 'name': 'Melbourne'}",0,Melbourne Cricket Ground,60.7895,"{'id': 13, 'name': 'Melbourne Cricket Ground', 'display_name': 'MCG', 'short_name': 'MCG', 'abbrev': 'MCG'}","{'id': 1, 'name': 'Adelaide Oval', 'display_name': 'Adelaide Oval', 'short_name': 'Adelaide', 'abbrev': 'AO'}","{'id': 13, 'name': 'Melbourne Cricket Ground', 'display_name': 'MCG', 'short_name': 'MCG', 'abbrev': 'MCG'}",5.25991,,0.5351437699680511,5084.179104477612,-6
0,46,1005053,Noah,Answerth,BRL,266,21,0,305200,1104,0,17,0,-1500,244,413,0,1765,2025-08-03T10:13:46+10:00,0,157,0,69,0,85,0,39,0,9,0,-17,0,0,0,1,0,1,55.6,178,64.9412,53.0,COL,58.5,1,"{'id': 14, 'abbrev': 'SYD', 'name': 'Sydney'}",0,"{'id': 6, 'abbrev': 'FRE', 'name': 'Fremantle'}",1,"{'id': 8, 'abbrev': 'HAW', 'name': 'Hawthorn'}",0,Melbourne Cricket Ground,59.4286,"{'id': 4, 'name': 'Brisbane Cricket Ground', 'display_name': 'Gabba', 'short_name': 'Gabba', 'abbrev': 'G'}","{'id': 53, 'name': 'Perth Stadium', 'display_name': 'Optus Stadium', 'short_name': 'Optus', 'abbrev': 'OS'}","{'id': 4, 'name': 'Brisbane Cricket Ground', 'display_name': 'Gabba', 'short_name': 'Gabba', 'abbrev': 'G'}",3.65728,,0.6254957507082153,4699.635978392762,-22
0,191,1011755,Harrison,Jones,ESS,472,21,0,253700,343,0,7,0,-52900,465,413,0,662,2025-08-03T10:13:46+10:00,0,45,0,26,0,26,0,19,0,5,0,-5,0,5,0,2,0,2,46.6,58,49.0,41.3333,SYD,39.6667,1,"{'id': 7, 'abbrev': 'GEE', 'name': 'Geelong'}",1,"{'id': 13, 'abbrev': 'STK', 'name': 'St Kilda'}",0,"{'id': 3, 'abbrev': 'CAR', 'name': 'Carlton'}",0,Sydney Cricket Ground,41.0,"{'id': 10, 'name': 'Kardinia Park', 'display_name': 'GMHBA Stadium', 'short_name': 'GMHBA', 'abbrev': 'GMS'}","{'id': 7, 'name': 'Docklands Stadium', 'display_name': 'Marvel Stadium', 'short_name': 'Marvel', 'abbrev': 'MARV'}","{'id': 13, 'name': 'Melbourne Cricket Ground', 'display_name': 'MCG', 'short_name': 'MCG', 'abbrev': 'MCG'}",1.1917,,0.5181268882175226,5177.551020408163,-7
0,686,290307,Dane,Rampe,SYD,257,21,111,253300,1124,1,18,23100,-52900,276,53,110,1821,2025-08-03T10:13:45+10:00,18,162,7,75,12,75,1,40,0,8,-2,-15,0,0,0,0,0,0,49.4,300,62.4444,63.6667,ESS,77.3684,0,"{'id': 2, 'abbrev': 'BRL', 'name': 'Brisbane'}",1,"{'id': 7, 'abbrev': 'GEE', 'name': 'Geelong'}",0,"{'id': 16, 'abbrev': 'WCE', 'name': 'West Coast'}",1,Sydney Cricket Ground,77.5676,"{'id': 4, 'name': 'Brisbane Cricket Ground', 'display_name': 'Gabba', 'short_name': 'Gabba', 'abbrev': 'G'}","{'id': 16, 'name': 'Sydney Cricket Ground', 'display_name': 'SCG', 'short_name': 'SCG', 'abbrev': 'SCG'}","{'id': 53, 'name': 'Perth Stadium', 'display_name': 'Optus Stadium', 'short_name': 'Optus', 'abbrev': 'OS'}",6.16396,1.009090909090909,0.6172432729269632,4056.408581073723,19
0,536,298111,Jeremy,Finlayson,PTA,464,21,0,243000,375,0,8,0,-62800,458,413,0,686,2025-08-03T10:13:46+10:00,0,51,0,20,0,29,0,8,0,4,0,-9,0,29,0,5,0,5,47.4,196,46.875,37.3333,GEE,61.7778,1,"{'id': 6, 'abbrev': 'FRE', 'name': 'Fremantle'}",0,"{'id': 3, 'abbrev': 'CAR', 'name': 'Carlton'}",1,"{'id': 17, 'abbrev': 'GCS', 'name': 'Gold Coast'}",0,Kardinia Park,61.5,"{'id': 1, 'name': 'Adelaide Oval', 'display_name': 'Adelaide Oval', 'short_name': 'Adelaide', 'abbrev': 'AO'}","{'id': 7, 'name': 'Docklands Stadium', 'display_name': 'Marvel Stadium', 'short_name': 'Marvel', 'abbrev': 'MARV'}","{'id': 1, 'name': 'Adelaide Oval', 'display_name': 'Adelaide Oval', 'short_name': 'Adelaide', 'abbrev': 'AO'}",4.02712,,0.5466472303206997,5184.0,-6
0,173,1011954,Nick,Bryan,ESS,527,21,0,313600,238,0,4,0,8400,516,413,0,278,2025-08-03T10:13:46+10:00,0,30,0,9,0,7,0,7,0,3,0,-2,0,76,0,0,0,1,59.5,223,59.5,56.3333,SYD,67.6667,1,"{'id': 7, 'abbrev': 'GEE', 'name': 'Geelong'}",1,"{'id': 13, 'abbrev': 'STK', 'name': 'St Kilda'}",0,"{'id': 3, 'abbrev': 'CAR', 'name': 'Carlton'}",0,Sydney Cricket Ground,34.0,"{'id': 10, 'name': 'Kardinia Park', 'display_name': 'GMHBA Stadium', 'short_name': 'GMHBA', 'abbrev': 'GMS'}","{'id': 7, 'name': 'Docklands Stadium', 'display_name': 'Marvel Stadium', 'short_name': 'Marvel', 'abbrev': 'MARV'}","{'id': 13, 'name': 'Melbourne Cricket Ground', 'display_name': 'MCG', 'short_name': 'MCG', 'abbrev': 'MCG'}",4.58188,,0.8561151079136691,5270.588235294118,-11
0,334,1007102,Mark,O'Connor,GEE,174,21,53,300300,1354,1,20,-20200,-4300,171,287,107,2029,2025-08-03T10:13:46+10:00,10,189,6,102,9,113,2,59,0,14,0,-19,0,0,0,1,1,4,55.0,712,67.7,49.0,PTA,73.4,0,"{'id': 5, 'abbrev': 'ESS', 'name': 'Essendon'}",0,"{'id': 14, 'abbrev': 'SYD', 'name': 'Sydney'}",1,"{'id': 12, 'abbrev': 'RIC', 'name': 'Richmond'}",1,Kardinia Park,61.94,"{'id': 10, 'name': 'Kardinia Park', 'display_name': 'GMHBA Stadium', 'short_name': 'GMHBA', 'abbrev': 'GMS'}","{'id': 16, 'name': 'Sydney Cricket Ground', 'display_name': 'SCG', 'short_name': 'SCG', 'abbrev': 'SCG'}","{'id': 13, 'name': 'Melbourne Cricket Ground', 'display_name': 'MCG', 'short_name': 'MCG', 'abbrev': 'MCG'}",14.6291,0.4953271028037383,0.6673238048299655,4435.745937961595,-3
0,772,1004364,Liam,Ryan,WCE,284,21,24,309700,1044,1,17,-16400,5600,274,387,100,1772,2025-08-03T10:13:46+10:00,5,134,1,56,4,52,0,37,0,18,-1,-10,0,0,1,19,2,21,60.0,133,61.4118,53.0,MEL,57.5556,1,"{'id': 1, 'abbrev': 'ADE', 'name': 'Adelaide'}",0,"{'id': 15, 'abbrev': 'WBD', 'name': 'Western Bulldogs'}",1,"{'id': 14, 'abbrev': 'SYD', 'name': 'Sydney'}",0,Docklands Stadium,71.2143,"{'id': 53, 'name': 'Perth Stadium', 'display_name': 'Optus Stadium', 'short_name': 'Optus', 'abbrev': 'OS'}","{'id': 7, 'name': 'Docklands Stadium', 'display_name': 'Marvel Stadium', 'short_name': 'Marvel', 'abbrev': 'MARV'}","{'id': 53, 'name': 'Perth Stadium', 'display_name': 'Optus Stadium', 'short_name': 'Optus', 'abbrev': 'OS'}",2.73269,0.24,0.5891647855530474,5043.004764556649,-10
0,638,1018018,Cooper,Sharman,STK,223,21,31,308300,1203,1,18,-14800,4800,215,369,100,1944,2025-08-03T10:13:46+10:00,3,131,3,65,2,88,1,29,0,12,-1,-11,0,1,1,27,1,19,56.2,478,66.8333,53.6667,NTH,60.75,0,"{'id': 12, 'abbrev': 'RIC', 'name': 'Richmond'}",1,"{'id': 5, 'abbrev': 'ESS', 'name': 'Essendon'}",1,"{'id': 18, 'abbrev': 'GWS', 'name': 'GWS Giants'}",1,Docklands Stadium,58.7632,"{'id': 13, 'name': 'Melbourne Cricket Ground', 'display_name': 'MCG', 'short_name': 'MCG', 'abbrev': 'MCG'}","{'id': 7, 'name': 'Docklands Stadium', 'display_name': 'Marvel Stadium', 'short_name': 'Marvel', 'abbrev': 'MARV'}","{'id': 17, 'name': 'ENGIE Stadium', 'display_name': 'ENGIE Stadium', 'short_name': 'ENGIE', 'abbrev': 'ENS'}",9.82125,0.31,0.6188271604938271,4612.96988178049,-8
0,56,291753,Sam,Day,BRL,433,21,0,260200,480,0,10,0,-42400,429,413,0,860,2025-08-03T10:13:46+10:00,0,47,0,34,0,33,0,20,0,8,0,-14,0,80,0,3,0,2,45.6,41,48.0,45.0,COL,58.0,1,"{'id': 14, 'abbrev': 'SYD', 'name': 'Sydney'}",0,"{'id': 6, 'abbrev': 'FRE', 'name': 'Fremantle'}",1,"{'id': 8, 'abbrev': 'HAW', 'name': 'Hawthorn'}",0,Melbourne Cricket Ground,63.0,"{'id': 4, 'name': 'Brisbane Cricket Ground', 'display_name': 'Gabba', 'short_name': 'Gabba', 'abbrev': 'G'}","{'id': 53, 'name': 'Perth Stadium', 'display_name': 'Optus Stadium', 'short_name': 'Optus', 'abbrev': 'OS'}","{'id': 4, 'name': 'Brisbane Cricket Ground', 'display_name': 'Gabba', 'short_name': 'Gabba', 'abbrev': 'G'}",0.842408,,0.5581395348837209,5420.833333333333,-4
0,570,1017086,Tom,Brown,RIC,196,21,55,304100,1287,1,20,-16800,2100,196,273,85,1946,2025-08-03T10:13:45+10:00,5,207,9,78,3,95,1,26,0,3,0,-12,0,0,0,5,0,2,60.4,317,64.35,51.6667,GCS,49.5,1,"{'id': 13, 'abbrev': 'STK', 'name': 'St Kilda'}",0,"{'id': 9, 'abbrev': 'NTH', 'name': 'North Melbourne'}",1,"{'id': 7, 'abbrev': 'GEE', 'name': 'Geelong'}",0,Carrara Stadium,55.0,"{'id': 13, 'name': 'Melbourne Cricket Ground', 'display_name': 'MCG', 'short_name': 'MCG', 'abbrev': 'MCG'}","{'id': 226, 'name': 'Ninja Stadium', 'display_name': 'Ninja Stadium', 'short_name': 'Ninja', 'abbrev': 'NIN'}","{'id': 13, 'name': 'Melbourne Cricket Ground', 'display_name': 'MCG', 'short_name': 'MCG', 'abbrev': 'MCG'}",6.51325,0.6470588235294118,0.6613566289825282,4725.718725718726,0
0,23,1000998,Lachlan,Murphy,ADE,571,21,0,240200,131,0,4,0,-61500,564,413,0,264,2025-08-03T10:13:46+10:00,0,16,0,18,0,5,0,11,0,3,0,-4,0,0,0,0,0,2,32.75,39,32.75,24.3333,HAW,55.375,0,"{'id': 16, 'abbrev': 'WCE', 'name': 'West Coast'}",1,"{'id': 4, 'abbrev': 'COL', 'name': 'Collingwood'}",0,"{'id': 9, 'abbrev': 'NTH', 'name': 'North Melbourne'}",1,Adelaide Oval,59.697,"{'id': 53, 'name': 'Perth Stadium', 'display_name': 'Optus Stadium', 'short_name': 'Optus', 'abbrev': 'OS'}","{'id': 1, 'name': 'Adelaide Oval', 'display_name': 'Adelaide Oval', 'short_name': 'Adelaide', 'abbrev': 'AO'}","{'id': 7, 'name': 'Docklands Stadium', 'display_name': 'Marvel Stadium', 'short_name': 'Marvel', 'abbrev': 'MARV'}",0.801315,,0.4962121212121212,7334.3511450381675,-7
0,72,997846,Conor,McKenna,BRL,568,21,0,210000,140,0,5,0,-91700,560,413,0,275,2025-08-03T10:13:46+10:00,0,19,0,6,0,7,0,7,0,2,0,-1,0,0,0,2,0,1,28.0,42,28.0,22.0,COL,72.875,1,"{'id': 14, 'abbrev': 'SYD', 'name': 'Sydney'}",0,"{'id': 6, 'abbrev': 'FRE', 'name': 'Fremantle'}",1,"{'id': 8, 'abbrev': 'HAW', 'name': 'Hawthorn'}",0,Melbourne Cricket Ground,68.0,"{'id': 4, 'name': 'Brisbane Cricket Ground', 'display_name': 'Gabba', 'short_name': 'Gabba', 'abbrev': 'G'}","{'id': 53, 'name': 'Perth Stadium', 'display_name': 'Optus Stadium', 'short_name': 'Optus', 'abbrev': 'OS'}","{'id': 4, 'name': 'Brisbane Cricket Ground', 'display_name': 'Gabba', 'short_name': 'Gabba', 'abbrev': 'G'}",0.862955,,0.509090909090909,7500.0,-8
0,299,298524,Lachie,Weller,GCS,351,21,60,304200,784,1,13,11900,2700,355,245,103,1216,2025-08-03T10:13:45+10:00,7,98,6,91,3,30,0,30,0,5,0,-5,0,0,0,3,0,5,61.8,212,60.3077,67.6667,RIC,67.1,0,"{'id': 3, 'abbrev': 'CAR', 'name': 'Carlton'}",1,"{'id': 18, 'abbrev': 'GWS', 'name': 'GWS Giants'}",0,"{'id': 11, 'abbrev': 'PTA', 'name': 'Port Adelaide'}",1,Carrara Stadium,80.0652,"{'id': 7, 'name': 'Docklands Stadium', 'display_name': 'Marvel Stadium', 'short_name': 'Marvel', 'abbrev': 'MARV'}","{'id': 5, 'name': 'Carrara Stadium', 'display_name': 'People First Stadium', 'short_name': 'People First', 'abbrev': 'PFS'}","{'id': 1, 'name': 'Adelaide Oval', 'display_name': 'Adelaide Oval', 'short_name': 'Adelaide', 'abbrev': 'AO'}",4.35587,0.5825242718446602,0.6447368421052632,5044.13200967704,4
0,749,1011437,Harry,Edwards,WCE,295,21,32,363300,978,1,16,16300,62200,292,366,121,1701,2025-08-03T10:13:46+10:00,4,96,2,54,4,68,0,20,0,12,-2,-11,0,0,0,0,0,0,73.8,217,61.125,82.0,MEL,68.0,1,"{'id': 1, 'abbrev': 'ADE', 'name': 'Adelaide'}",0,"{'id': 15, 'abbrev': 'WBD', 'name': 'Western Bulldogs'}",1,"{'id': 14, 'abbrev': 'SYD', 'name': 'Sydney'}",0,Docklands Stadium,59.3333,"{'id': 53, 'name': 'Perth Stadium', 'display_name': 'Optus Stadium', 'short_name': 'Optus', 'abbrev': 'OS'}","{'id': 7, 'name': 'Docklands Stadium', 'display_name': 'Marvel Stadium', 'short_name': 'Marvel', 'abbrev': 'MARV'}","{'id': 53, 'name': 'Perth Stadium', 'display_name': 'Optus Stadium', 'short_name': 'Optus', 'abbrev': 'OS'}",4.4586,0.2644628099173554,0.5749559082892416,5943.558282208589,-3
0,629,1006143,Max,King,STK,652,21,0,300400,0,0,0,0,0,644,413,0,0,2025-08-03T10:13:47+10:00,0,0,0,0,0,0,0,0,0,0,0,0,0,0,0,0,0,0,0.0,168,0.0,0.0,NTH,38.0,0,"{'id': 12, 'abbrev': 'RIC', 'name': 'Richmond'}",1,"{'id': 5, 'abbrev': 'ESS', 'name': 'Essendon'}",1,"{'id': 18, 'abbrev': 'GWS', 'name': 'GWS Giants'}",1,Docklands Stadium,60.2162,"{'id': 13, 'name': 'Melbourne Cricket Ground', 'display_name': 'MCG', 'short_name': 'MCG', 'abbrev': 'MCG'}","{'id': 7, 'name': 'Docklands Stadium', 'display_name': 'Marvel Stadium', 'short_name': 'Marvel', 'abbrev': 'MARV'}","{'id': 17, 'name': 'ENGIE Stadium', 'display_name': 'ENGIE Stadium', 'short_name': 'ENGIE', 'abbrev': 'ENS'}",3.45182,,,,-8
0,483,290838,Jack,Darling,NTH,253,21,92,311000,1133,1,19,19000,11600,265,102,110,2006,2025-08-03T10:13:45+10:00,12,122,2,69,5,66,3,40,0,15,0,-24,6,52,1,19,0,6,66.2,134,59.6316,73.0,STK,68.7778,1,"{'id': 18, 'abbrev': 'GWS', 'name': 'GWS Giants'}",1,"{'id': 12, 'abbrev': 'RIC', 'name': 'Richmond'}",0,"{'id': 1, 'abbrev': 'ADE', 'name': 'Adelaide'}",0,Docklands Stadium,68.5333,"{'id': 11, 'name': 'Manuka Oval', 'display_name': 'Manuka Oval', 'short_name': 'Manuka', 'abbrev': 'MO'}","{'id': 226, 'name': 'Ninja Stadium', 'display_name': 'Ninja Stadium', 'short_name': 'Ninja', 'abbrev': 'NIN'}","{'id': 7, 'name': 'Docklands Stadium', 'display_name': 'Marvel Stadium', 'short_name': 'Marvel', 'abbrev': 'MARV'}",2.75324,0.8363636363636363,0.5648055832502492,5215.355616820612,12
0,651,1008091,Joel,Amartey,SYD,442,21,0,270900,448,0,8,0,-28400,437,413,0,712,2025-08-03T10:13:46+10:00,0,49,0,22,0,34,0,16,0,8,0,-11,0,9,0,13,0,14,53.2,119,56.0,57.0,ESS,63.3333,0,"{'id': 2, 'abbrev': 'BRL', 'name': 'Brisbane'}",1,"{'id': 7, 'abbrev': 'GEE', 'name': 'Geelong'}",0,"{'id': 16, 'abbrev': 'WCE', 'name': 'West Coast'}",1,Sydney Cricket Ground,55.8214,"{'id': 4, 'name': 'Brisbane Cricket Ground', 'display_name': 'Gabba', 'short_name': 'Gabba', 'abbrev': 'G'}","{'id': 16, 'name': 'Sydney Cricket Ground', 'display_name': 'SCG', 'short_name': 'SCG', 'abbrev': 'SCG'}","{'id': 53, 'name': 'Perth Stadium', 'display_name': 'Optus Stadium', 'short_name': 'Optus', 'abbrev': 'OS'}",2.44504,,0.6292134831460674,4837.5,-5
0,737,1004385,Oscar,Allen,WCE,371,21,0,338400,703,0,12,0,39600,363,413,0,1354,2025-08-03T10:13:46+10:00,0,81,0,25,0,40,0,29,0,14,0,-8,0,1,0,12,0,5,67.0,154,58.5833,58.3333,MEL,71.0,1,"{'id': 1, 'abbrev': 'ADE', 'name': 'Adelaide'}",0,"{'id': 15, 'abbrev': 'WBD', 'name': 'Western Bulldogs'}",1,"{'id': 14, 'abbrev': 'SYD', 'name': 'Sydney'}",0,Docklands Stadium,67.3636,"{'id': 53, 'name': 'Perth Stadium', 'display_name': 'Optus Stadium', 'short_name': 'Optus', 'abbrev': 'OS'}","{'id': 7, 'name': 'Docklands Stadium', 'display_name': 'Marvel Stadium', 'short_name': 'Marvel', 'abbrev': 'MARV'}","{'id': 53, 'name': 'Perth Stadium', 'display_name': 'Optus Stadium', 'short_name': 'Optus', 'abbrev': 'OS'}",3.16417,,0.5192023633677991,5776.390199937525,-8
0,387,1004530,Jacob,Wehr,GWS,359,21,0,307400,751,0,12,0,9100,349,413,0,1127,2025-08-03T10:13:46+10:00,0,105,0,70,0,30,0,32,0,13,0,-7,0,0,0,3,0,1,58.4,106,62.5833,53.6667,WBD,60.3333,1,"{'id': 9, 'abbrev': 'NTH', 'name': 'North Melbourne'}",0,"{'id': 17, 'abbrev': 'GCS', 'name': 'Gold Coast'}",1,"{'id': 13, 'abbrev': 'STK', 'name': 'St Kilda'}",0,Docklands Stadium,56.25,"{'id': 11, 'name': 'Manuka Oval', 'display_name': 'Manuka Oval', 'short_name': 'Manuka', 'abbrev': 'MO'}","{'id': 5, 'name': 'Carrara Stadium', 'display_name': 'People First Stadium', 'short_name': 'People First', 'abbrev': 'PFS'}","{'id': 17, 'name': 'ENGIE Stadium', 'display_name': 'ENGIE Stadium', 'short_name': 'ENGIE', 'abbrev': 'ENS'}",2.17793,,0.6663708961845608,4911.853481679617,-10
0,82,1002401,Brandon,Starcevich,BRL,462,21,31,251400,384,1,8,-1400,-45900,462,369,110,765,2025-08-03T10:13:46+10:00,7,59,2,23,3,24,1,16,0,3,-1,-9,0,0,0,1,0,0,43.4,52,48.0,49.6667,COL,55.1,1,"{'id': 14, 'abbrev': 'SYD', 'name': 'Sydney'}",0,"{'id': 6, 'abbrev': 'FRE', 'name': 'Fremantle'}",1,"{'id': 8, 'abbrev': 'HAW', 'name': 'Hawthorn'}",0,Melbourne Cricket Ground,49.8571,"{'id': 4, 'name': 'Brisbane Cricket Ground', 'display_name': 'Gabba', 'short_name': 'Gabba', 'abbrev': 'G'}","{'id': 53, 'name': 'Perth Stadium', 'display_name': 'Optus Stadium', 'short_name': 'Optus', 'abbrev': 'OS'}","{'id': 4, 'name': 'Brisbane Cricket Ground', 'display_name': 'Gabba', 'short_name': 'Gabba', 'abbrev': 'G'}",1.06842,0.2818181818181818,0.5019607843137255,5237.5,0
0,138,1009197,Charlie,Dean,COL,552,21,31,281800,184,1,4,-4500,-15200,556,369,114,443,2025-08-03T10:13:46+10:00,5,16,3,26,4,11,0,3,0,1,-1,-3,0,0,0,0,0,0,46.0,32,46.0,54.0,BRL,31.0,0,"{'id': 8, 'abbrev': 'HAW', 'name': 'Hawthorn'}",1,"{'id': 1, 'abbrev': 'ADE', 'name': 'Adelaide'}",1,"{'id': 10, 'abbrev': 'MEL', 'name': 'Melbourne'}",0,Melbourne Cricket Ground,53.5714,"{'id': 13, 'name': 'Melbourne Cricket Ground', 'display_name': 'MCG', 'short_name': 'MCG', 'abbrev': 'MCG'}","{'id': 1, 'name': 'Adelaide Oval', 'display_name': 'Adelaide Oval', 'short_name': 'Adelaide', 'abbrev': 'AO'}","{'id': 13, 'name': 'Melbourne Cricket Ground', 'display_name': 'MCG', 'short_name': 'MCG', 'abbrev': 'MCG'}",0.657489,0.2719298245614035,0.4153498871331828,6126.086956521739,4
0,276,1005199,Elliott,Himmelberg,GCS,652,21,0,295200,0,0,0,0,0,644,413,0,0,2025-08-03T10:13:47+10:00,0,0,0,0,0,0,0,0,0,0,0,0,0,0,0,0,0,0,0.0,47,0.0,0.0,RIC,77.3333,0,"{'id': 3, 'abbrev': 'CAR', 'name': 'Carlton'}",1,"{'id': 18, 'abbrev': 'GWS', 'name': 'GWS Giants'}",0,"{'id': 11, 'abbrev': 'PTA', 'name': 'Port Adelaide'}",1,Carrara Stadium,64.6667,"{'id': 7, 'name': 'Docklands Stadium', 'display_name': 'Marvel Stadium', 'short_name': 'Marvel', 'abbrev': 'MARV'}","{'id': 5, 'name': 'Carrara Stadium', 'display_name': 'People First Stadium', 'short_name': 'People First', 'abbrev': 'PFS'}","{'id': 1, 'name': 'Adelaide Oval', 'display_name': 'Adelaide Oval', 'short_name': 'Adelaide', 'abbrev': 'AO'}",0.965687,,,,-8
0,544,1004998,Todd,Marshall,PTA,652,21,0,294600,0,0,0,0,0,644,413,0,0,2025-08-03T10:13:47+10:00,0,0,0,0,0,0,0,0,0,0,0,0,0,0,0,0,0,0,0.0,58,0.0,0.0,GEE,66.6667,1,"{'id': 6, 'abbrev': 'FRE', 'name': 'Fremantle'}",0,"{'id': 3, 'abbrev': 'CAR', 'name': 'Carlton'}",1,"{'id': 17, 'abbrev': 'GCS', 'name': 'Gold Coast'}",0,Kardinia Park,72.0,"{'id': 1, 'name': 'Adelaide Oval', 'display_name': 'Adelaide Oval', 'short_name': 'Adelaide', 'abbrev': 'AO'}","{'id': 7, 'name': 'Docklands Stadium', 'display_name': 'Marvel Stadium', 'short_name': 'Marvel', 'abbrev': 'MARV'}","{'id': 1, 'name': 'Adelaide Oval', 'display_name': 'Adelaide Oval', 'short_name': 'Adelaide', 'abbrev': 'AO'}",1.1917,,,,-8
0,594,1009551,Maurice,Rioli,RIC,434,21,20,258900,473,1,10,-10200,-35700,436,396,82,812,2025-08-03T10:13:46+10:00,5,57,2,28,1,22,2,23,0,9,-1,-10,0,0,0,4,0,3,55.4,75,47.3,46.3333,GCS,45.2,1,"{'id': 13, 'abbrev': 'STK', 'name': 'St Kilda'}",0,"{'id': 9, 'abbrev': 'NTH', 'name': 'North Melbourne'}",1,"{'id': 7, 'abbrev': 'GEE', 'name': 'Geelong'}",0,Carrara Stadium,30.6667,"{'id': 13, 'name': 'Melbourne Cricket Ground', 'display_name': 'MCG', 'short_name': 'MCG', 'abbrev': 'MCG'}","{'id': 226, 'name': 'Ninja Stadium', 'display_name': 'Ninja Stadium', 'short_name': 'Ninja', 'abbrev': 'NIN'}","{'id': 13, 'name': 'Melbourne Cricket Ground', 'display_name': 'MCG', 'short_name': 'MCG', 'abbrev': 'MCG'}",1.54099,0.24390243902439024,0.5825123152709359,5473.572938689218,2
0,439,1001438,Bayley,Fritsch,MEL,191,21,88,439400,1303,1,19,12900,145100,201,122,108,1959,2025-08-03T10:13:45+10:00,9,139,8,98,6,88,2,33,1,20,-2,-17,0,0,4,31,0,24,90.8,1234,68.5789,95.3333,WCE,71.1818,0,"{'id': 15, 'abbrev': 'WBD', 'name': 'Western Bulldogs'}",0,"{'id': 8, 'abbrev': 'HAW', 'name': 'Hawthorn'}",1,"{'id': 4, 'abbrev': 'COL', 'name': 'Collingwood'}",1,Docklands Stadium,77.0667,"{'id': 13, 'name': 'Melbourne Cricket Ground', 'display_name': 'MCG', 'short_name': 'MCG', 'abbrev': 'MCG'}","{'id': 13, 'name': 'Melbourne Cricket Ground', 'display_name': 'MCG', 'short_name': 'MCG', 'abbrev': 'MCG'}","{'id': 13, 'name': 'Melbourne Cricket Ground', 'display_name': 'MCG', 'short_name': 'MCG', 'abbrev': 'MCG'}",25.3544,0.8148148148148148,0.6651352730985196,6407.2185468125035,10
0,96,1008154,Matthew,Cottrell,CAR,444,21,0,362200,442,0,6,0,68200,439,413,0,690,2025-08-03T10:13:46+10:00,0,70,0,29,0,23,0,11,0,2,0,-1,0,0,0,2,0,5,75.6,157,73.6667,72.3333,FRE,63.1667,1,"{'id': 17, 'abbrev': 'GCS', 'name': 'Gold Coast'}",0,"{'id': 11, 'abbrev': 'PTA', 'name': 'Port Adelaide'}",0,"{'id': 5, 'abbrev': 'ESS', 'name': 'Essendon'}",1,Perth Stadium,52.2,"{'id': 7, 'name': 'Docklands Stadium', 'display_name': 'Marvel Stadium', 'short_name': 'Marvel', 'abbrev': 'MARV'}","{'id': 7, 'name': 'Docklands Stadium', 'display_name': 'Marvel Stadium', 'short_name': 'Marvel', 'abbrev': 'MARV'}","{'id': 13, 'name': 'Melbourne Cricket Ground', 'display_name': 'MCG', 'short_name': 'MCG', 'abbrev': 'MCG'}",3.22581,,0.6405797101449275,4916.739856678798,-5
0,585,1008747,Mykelti,Lefau,RIC,649,21,0,292600,8,0,1,0,0,641,413,0,33,2025-08-03T10:13:46+10:00,0,2,0,0,0,1,0,1,0,0,0,-1,0,1,0,0,0,0,8.0,46,8.0,8.0,GCS,0.0,1,"{'id': 13, 'abbrev': 'STK', 'name': 'St Kilda'}",0,"{'id': 9, 'abbrev': 'NTH', 'name': 'North Melbourne'}",1,"{'id': 7, 'abbrev': 'GEE', 'name': 'Geelong'}",0,Carrara Stadium,0.0,"{'id': 13, 'name': 'Melbourne Cricket Ground', 'display_name': 'MCG', 'short_name': 'MCG', 'abbrev': 'MCG'}","{'id': 226, 'name': 'Ninja Stadium', 'display_name': 'Ninja Stadium', 'short_name': 'Ninja', 'abbrev': 'NIN'}","{'id': 13, 'name': 'Melbourne Cricket Ground', 'display_name': 'MCG', 'short_name': 'MCG', 'abbrev': 'MCG'}",0.945141,,0.24242424242424243,36575.0,-8
0,659,291978,Harry,Cunningham,SYD,441,21,66,275000,457,1,8,8700,-17600,453,220,94,789,2025-08-03T10:13:45+10:00,11,65,3,40,7,44,1,17,0,3,-1,-6,0,0,0,0,0,1,52.6,84,57.125,60.0,ESS,61.6923,0,"{'id': 2, 'abbrev': 'BRL', 'name': 'Brisbane'}",1,"{'id': 7, 'abbrev': 'GEE', 'name': 'Geelong'}",0,"{'id': 16, 'abbrev': 'WCE', 'name': 'West Coast'}",1,Sydney Cricket Ground,63.1529,"{'id': 4, 'name': 'Brisbane Cricket Ground', 'display_name': 'Gabba', 'short_name': 'Gabba', 'abbrev': 'G'}","{'id': 16, 'name': 'Sydney Cricket Ground', 'display_name': 'SCG', 'short_name': 'SCG', 'abbrev': 'SCG'}","{'id': 53, 'name': 'Perth Stadium', 'display_name': 'Optus Stadium', 'short_name': 'Optus', 'abbrev': 'OS'}",1.72591,0.7021276595744681,0.5792141951837769,4814.004376367615,12
0,216,1020594,Jye,Amiss,FRE,293,21,74,257600,990,1,20,18500,-34800,299,188,115,2173,2025-08-03T10:13:45+10:00,7,97,1,54,5,71,0,19,1,16,-1,-17,0,0,3,28,0,13,56.4,88,49.5,62.0,CAR,50.0,0,"{'id': 11, 'abbrev': 'PTA', 'name': 'Port Adelaide'}",1,"{'id': 2, 'abbrev': 'BRL', 'name': 'Brisbane'}",0,"{'id': 15, 'abbrev': 'WBD', 'name': 'Western Bulldogs'}",1,Perth Stadium,50.5,"{'id': 1, 'name': 'Adelaide Oval', 'display_name': 'Adelaide Oval', 'short_name': 'Adelaide', 'abbrev': 'AO'}","{'id': 53, 'name': 'Perth Stadium', 'display_name': 'Optus Stadium', 'short_name': 'Optus', 'abbrev': 'OS'}","{'id': 7, 'name': 'Docklands Stadium', 'display_name': 'Marvel Stadium', 'short_name': 'Marvel', 'abbrev': 'MARV'}",1.8081,0.6434782608695652,0.4555913483663139,5204.040404040404,6
0,24,1008230,Nick,Murray,ADE,469,21,55,229700,348,1,7,-9200,-62500,483,273,121,804,2025-08-03T10:13:46+10:00,5,42,2,26,3,27,1,8,2,6,0,-6,0,0,0,0,0,0,40.8,46,49.7143,41.0,HAW,57.6667,0,"{'id': 16, 'abbrev': 'WCE', 'name': 'West Coast'}",1,"{'id': 4, 'abbrev': 'COL', 'name': 'Collingwood'}",0,"{'id': 9, 'abbrev': 'NTH', 'name': 'North Melbourne'}",1,Adelaide Oval,57.5152,"{'id': 53, 'name': 'Perth Stadium', 'display_name': 'Optus Stadium', 'short_name': 'Optus', 'abbrev': 'OS'}","{'id': 1, 'name': 'Adelaide Oval', 'display_name': 'Adelaide Oval', 'short_name': 'Adelaide', 'abbrev': 'AO'}","{'id': 7, 'name': 'Docklands Stadium', 'display_name': 'Marvel Stadium', 'short_name': 'Marvel', 'abbrev': 'MARV'}",0.945141,0.45454545454545453,0.43283582089552236,4620.400971149146,14
0,417,1000963,Harry,Morrison,HAW,148,21,67,348700,1433,1,20,-9000,57200,150,216,111,2053,2025-08-03T10:13:45+10:00,11,189,8,159,5,91,0,61,1,11,0,-9,0,0,0,5,0,2,71.4,707,71.65,65.0,ADE,68.5714,1,"{'id': 4, 'abbrev': 'COL', 'name': 'Collingwood'}",0,"{'id': 10, 'abbrev': 'MEL', 'name': 'Melbourne'}",0,"{'id': 2, 'abbrev': 'BRL', 'name': 'Brisbane'}",1,Adelaide Oval,66.1667,"{'id': 13, 'name': 'Melbourne Cricket Ground', 'display_name': 'MCG', 'short_name': 'MCG', 'abbrev': 'MCG'}","{'id': 13, 'name': 'Melbourne Cricket Ground', 'display_name': 'MCG', 'short_name': 'MCG', 'abbrev': 'MCG'}","{'id': 4, 'name': 'Brisbane Cricket Ground', 'display_name': 'Gabba', 'short_name': 'Gabba', 'abbrev': 'G'}",14.5264,0.6036036036036037,0.6980029225523624,4866.713189113747,2
0,5,1004995,Jordon,Butts,ADE,447,21,0,247600,432,0,10,0,-42700,443,413,0,1044,2025-08-03T10:13:46+10:00,0,43,0,21,0,31,0,2,0,9,0,-6,0,0,0,0,0,0,45.6,45,43.2,41.0,HAW,52.1667,0,"{'id': 16, 'abbrev': 'WCE', 'name': 'West Coast'}",1,"{'id': 4, 'abbrev': 'COL', 'name': 'Collingwood'}",0,"{'id': 9, 'abbrev': 'NTH', 'name': 'North Melbourne'}",1,Adelaide Oval,52.6889,"{'id': 53, 'name': 'Perth Stadium', 'display_name': 'Optus Stadium', 'short_name': 'Optus', 'abbrev': 'OS'}","{'id': 1, 'name': 'Adelaide Oval', 'display_name': 'Adelaide Oval', 'short_name': 'Adelaide', 'abbrev': 'AO'}","{'id': 7, 'name': 'Docklands Stadium', 'display_name': 'Marvel Stadium', 'short_name': 'Marvel', 'abbrev': 'MARV'}",0.924594,,0.41379310344827586,5731.481481481481,-4
0,155,1004757,Beau,McCreery,COL,330,21,0,286200,861,0,15,0,-4100,322,413,0,1385,2025-08-03T10:13:46+10:00,0,102,0,56,0,31,0,65,0,14,0,-10,0,0,0,6,0,4,60.0,128,57.4,60.6667,BRL,53.1667,0,"{'id': 8, 'abbrev': 'HAW', 'name': 'Hawthorn'}",1,"{'id': 1, 'abbrev': 'ADE', 'name': 'Adelaide'}",1,"{'id': 10, 'abbrev': 'MEL', 'name': 'Melbourne'}",0,Melbourne Cricket Ground,56.3878,"{'id': 13, 'name': 'Melbourne Cricket Ground', 'display_name': 'MCG', 'short_name': 'MCG', 'abbrev': 'MCG'}","{'id': 1, 'name': 'Adelaide Oval', 'display_name': 'Adelaide Oval', 'short_name': 'Adelaide', 'abbrev': 'AO'}","{'id': 13, 'name': 'Melbourne Cricket Ground', 'display_name': 'MCG', 'short_name': 'MCG', 'abbrev': 'MCG'}",2.62996,,0.6216606498194945,4986.062717770035,-8
0,277,297456,Nick,Holman,GCS,415,21,3,166900,563,1,14,-38000,-123000,405,411,19,1105,2025-08-03T10:13:46+10:00,0,49,2,76,0,15,0,46,0,7,0,-15,0,0,0,6,0,2,23.6,66,40.2143,12.3333,RIC,56.7,0,"{'id': 3, 'abbrev': 'CAR', 'name': 'Carlton'}",1,"{'id': 18, 'abbrev': 'GWS', 'name': 'GWS Giants'}",0,"{'id': 11, 'abbrev': 'PTA', 'name': 'Port Adelaide'}",1,Carrara Stadium,63.0,"{'id': 7, 'name': 'Docklands Stadium', 'display_name': 'Marvel Stadium', 'short_name': 'Marvel', 'abbrev': 'MARV'}","{'id': 5, 'name': 'Carrara Stadium', 'display_name': 'People First Stadium', 'short_name': 'People First', 'abbrev': 'PFS'}","{'id': 1, 'name': 'Adelaide Oval', 'display_name': 'Adelaide Oval', 'short_name': 'Adelaide', 'abbrev': 'AO'}",1.35607,0.15789473684210525,0.5095022624434389,4150.264955500904,-10
0,74,1028019,Logan,Morris,BRL,198,21,124,348300,1268,1,19,7900,58800,231,28,105,1881,2025-08-03T10:13:45+10:00,11,126,3,58,6,81,0,37,3,18,0,-11,0,0,6,40,0,14,68.2,431,66.7368,74.3333,COL,74.0,1,"{'id': 14, 'abbrev': 'SYD', 'name': 'Sydney'}",0,"{'id': 6, 'abbrev': 'FRE', 'name': 'Fremantle'}",1,"{'id': 8, 'abbrev': 'HAW', 'name': 'Hawthorn'}",0,Melbourne Cricket Ground,73.75,"{'id': 4, 'name': 'Brisbane Cricket Ground', 'display_name': 'Gabba', 'short_name': 'Gabba', 'abbrev': 'G'}","{'id': 53, 'name': 'Perth Stadium', 'display_name': 'Optus Stadium', 'short_name': 'Optus', 'abbrev': 'OS'}","{'id': 4, 'name': 'Brisbane Cricket Ground', 'display_name': 'Gabba', 'short_name': 'Gabba', 'abbrev': 'G'}",8.85556,1.180952380952381,0.6741095162147793,5219.009601898802,33
0,612,1023784,Anthony,Caminiti,STK,168,21,62,330400,1370,1,20,3700,41900,168,238,122,2400,2025-08-03T10:13:45+10:00,6,157,2,98,2,120,0,33,1,17,-1,-22,0,2,0,4,0,1,61.0,566,68.5,68.3333,NTH,73.5,0,"{'id': 12, 'abbrev': 'RIC', 'name': 'Richmond'}",1,"{'id': 5, 'abbrev': 'ESS', 'name': 'Essendon'}",1,"{'id': 18, 'abbrev': 'GWS', 'name': 'GWS Giants'}",1,Docklands Stadium,60.5667,"{'id': 13, 'name': 'Melbourne Cricket Ground', 'display_name': 'MCG', 'short_name': 'MCG', 'abbrev': 'MCG'}","{'id': 7, 'name': 'Docklands Stadium', 'display_name': 'Marvel Stadium', 'short_name': 'Marvel', 'abbrev': 'MARV'}","{'id': 17, 'name': 'ENGIE Stadium', 'display_name': 'ENGIE Stadium', 'short_name': 'ENGIE', 'abbrev': 'ENS'}",11.6293,0.5081967213114754,0.5708333333333333,4823.3576642335765,0
0,777,1020371,Jack,Williams,WCE,386,21,0,220300,669,0,13,0,-68000,372,413,0,1154,2025-08-03T10:13:46+10:00,0,61,0,41,0,43,0,21,0,5,0,-9,0,40,0,16,0,9,38.2,38,51.4615,20.6667,MEL,45.0,1,"{'id': 1, 'abbrev': 'ADE', 'name': 'Adelaide'}",0,"{'id': 15, 'abbrev': 'WBD', 'name': 'Western Bulldogs'}",1,"{'id': 14, 'abbrev': 'SYD', 'name': 'Sydney'}",0,Docklands Stadium,36.1111,"{'id': 53, 'name': 'Perth Stadium', 'display_name': 'Optus Stadium', 'short_name': 'Optus', 'abbrev': 'OS'}","{'id': 7, 'name': 'Docklands Stadium', 'display_name': 'Marvel Stadium', 'short_name': 'Marvel', 'abbrev': 'MARV'}","{'id': 53, 'name': 'Perth Stadium', 'display_name': 'Optus Stadium', 'short_name': 'Optus', 'abbrev': 'OS'}",0.780768,,0.5797227036395147,4280.870165074862,-14
0,767,1013973,Matthew,Owies,WCE,398,21,54,214000,621,1,14,2600,-74200,403,282,104,1315,2025-08-03T10:13:46+10:00,4,80,5,51,4,43,0,31,0,6,0,-6,0,0,0,6,0,9,38.6,50,44.3571,44.3333,MEL,49.5714,1,"{'id': 1, 'abbrev': 'ADE', 'name': 'Adelaide'}",0,"{'id': 15, 'abbrev': 'WBD', 'name': 'Western Bulldogs'}",1,"{'id': 14, 'abbrev': 'SYD', 'name': 'Sydney'}",0,Docklands Stadium,52.9048,"{'id': 53, 'name': 'Perth Stadium', 'display_name': 'Optus Stadium', 'short_name': 'Optus', 'abbrev': 'OS'}","{'id': 7, 'name': 'Docklands Stadium', 'display_name': 'Marvel Stadium', 'short_name': 'Marvel', 'abbrev': 'MARV'}","{'id': 53, 'name': 'Perth Stadium', 'display_name': 'Optus Stadium', 'short_name': 'Optus', 'abbrev': 'OS'}",1.02733,0.5192307692307693,0.47224334600760454,4824.481311898207,5
0,8,1001396,Isaac,Cumming,ADE,203,21,51,326600,1254,1,19,6300,38900,203,294,108,1924,2025-08-03T10:13:46+10:00,9,186,6,92,3,72,1,35,1,8,0,-11,0,0,0,6,0,3,59.0,563,66.0,69.0,HAW,87.3333,0,"{'id': 16, 'abbrev': 'WCE', 'name': 'West Coast'}",1,"{'id': 4, 'abbrev': 'COL', 'name': 'Collingwood'}",0,"{'id': 9, 'abbrev': 'NTH', 'name': 'North Melbourne'}",1,Adelaide Oval,67.3889,"{'id': 53, 'name': 'Perth Stadium', 'display_name': 'Optus Stadium', 'short_name': 'Optus', 'abbrev': 'OS'}","{'id': 1, 'name': 'Adelaide Oval', 'display_name': 'Adelaide Oval', 'short_name': 'Adelaide', 'abbrev': 'AO'}","{'id': 7, 'name': 'Docklands Stadium', 'display_name': 'Marvel Stadium', 'short_name': 'Marvel', 'abbrev': 'MARV'}",11.5677,0.4722222222222222,0.6517671517671517,4948.484848484848,0
0,540,1011583,Lachie,Jones,PTA,333,21,45,251600,852,1,16,300,-36100,329,319,112,1491,2025-08-03T10:13:46+10:00,5,91,3,74,3,41,1,29,0,14,0,-12,0,0,0,1,0,0,51.4,50,53.25,50.6667,GEE,38.75,1,"{'id': 6, 'abbrev': 'FRE', 'name': 'Fremantle'}",0,"{'id': 3, 'abbrev': 'CAR', 'name': 'Carlton'}",1,"{'id': 17, 'abbrev': 'GCS', 'name': 'Gold Coast'}",0,Kardinia Park,37.0,"{'id': 1, 'name': 'Adelaide Oval', 'display_name': 'Adelaide Oval', 'short_name': 'Adelaide', 'abbrev': 'AO'}","{'id': 7, 'name': 'Docklands Stadium', 'display_name': 'Marvel Stadium', 'short_name': 'Marvel', 'abbrev': 'MARV'}","{'id': 1, 'name': 'Adelaide Oval', 'display_name': 'Adelaide Oval', 'short_name': 'Adelaide', 'abbrev': 'AO'}",1.02733,0.4017857142857143,0.5714285714285714,4724.882629107981,-4
0,249,1013611,Sam,Sturt,FRE,652,21,0,285600,0,0,0,0,0,644,413,0,0,2025-08-03T10:13:47+10:00,0,0,0,0,0,0,0,0,0,0,0,0,0,0,0,0,0,0,0.0,37,0.0,0.0,CAR,0.0,0,"{'id': 11, 'abbrev': 'PTA', 'name': 'Port Adelaide'}",1,"{'id': 2, 'abbrev': 'BRL', 'name': 'Brisbane'}",0,"{'id': 15, 'abbrev': 'WBD', 'name': 'Western Bulldogs'}",1,Perth Stadium,49.8667,"{'id': 1, 'name': 'Adelaide Oval', 'display_name': 'Adelaide Oval', 'short_name': 'Adelaide', 'abbrev': 'AO'}","{'id': 53, 'name': 'Perth Stadium', 'display_name': 'Optus Stadium', 'short_name': 'Optus', 'abbrev': 'OS'}","{'id': 7, 'name': 'Docklands Stadium', 'display_name': 'Marvel Stadium', 'short_name': 'Marvel', 'abbrev': 'MARV'}",0.760222,,,,-8
0,429,1017110,Josh,Ward,HAW,96,21,50,448600,1606,1,19,4800,164100,91,298,93,1794,2025-08-03T10:13:46+10:00,10,205,5,192,2,63,2,68,0,9,-2,-10,0,0,0,3,0,4,82.2,2166,84.5263,92.6667,ADE,66.25,1,"{'id': 4, 'abbrev': 'COL', 'name': 'Collingwood'}",0,"{'id': 10, 'abbrev': 'MEL', 'name': 'Melbourne'}",0,"{'id': 2, 'abbrev': 'BRL', 'name': 'Brisbane'}",1,Adelaide Oval,59.2,"{'id': 13, 'name': 'Melbourne Cricket Ground', 'display_name': 'MCG', 'short_name': 'MCG', 'abbrev': 'MCG'}","{'id': 13, 'name': 'Melbourne Cricket Ground', 'display_name': 'MCG', 'short_name': 'MCG', 'abbrev': 'MCG'}","{'id': 4, 'name': 'Brisbane Cricket Ground', 'display_name': 'Gabba', 'short_name': 'Gabba', 'abbrev': 'G'}",44.5038,0.5376344086021505,0.89520624303233,5307.223905459011,-5
0,593,1011985,Hugo,Ralphsmith,RIC,344,21,0,331000,804,0,12,0,46600,331,413,0,1247,2025-08-03T10:13:46+10:00,0,92,0,69,0,41,0,30,0,10,0,-9,0,0,0,6,0,4,63.4,119,67.0,57.6667,GCS,61.6667,1,"{'id': 13, 'abbrev': 'STK', 'name': 'St Kilda'}",0,"{'id': 9, 'abbrev': 'NTH', 'name': 'North Melbourne'}",1,"{'id': 7, 'abbrev': 'GEE', 'name': 'Geelong'}",0,Carrara Stadium,71.0,"{'id': 13, 'name': 'Melbourne Cricket Ground', 'display_name': 'MCG', 'short_name': 'MCG', 'abbrev': 'MCG'}","{'id': 226, 'name': 'Ninja Stadium', 'display_name': 'Ninja Stadium', 'short_name': 'Ninja', 'abbrev': 'NIN'}","{'id': 13, 'name': 'Melbourne Cricket Ground', 'display_name': 'MCG', 'short_name': 'MCG', 'abbrev': 'MCG'}",2.44504,,0.644747393744988,4940.298507462687,-13
0,641,1008312,Liam,Stocker,STK,358,21,43,257400,758,1,14,-7700,-26200,359,325,94,1402,2025-08-03T10:13:46+10:00,1,100,8,56,1,62,1,24,1,16,0,-16,0,0,0,0,0,0,48.0,51,54.1429,47.3333,NTH,47.3333,0,"{'id': 12, 'abbrev': 'RIC', 'name': 'Richmond'}",1,"{'id': 5, 'abbrev': 'ESS', 'name': 'Essendon'}",1,"{'id': 18, 'abbrev': 'GWS', 'name': 'GWS Giants'}",1,Docklands Stadium,56.9762,"{'id': 13, 'name': 'Melbourne Cricket Ground', 'display_name': 'MCG', 'short_name': 'MCG', 'abbrev': 'MCG'}","{'id': 7, 'name': 'Docklands Stadium', 'display_name': 'Marvel Stadium', 'short_name': 'Marvel', 'abbrev': 'MARV'}","{'id': 17, 'name': 'ENGIE Stadium', 'display_name': 'ENGIE Stadium', 'short_name': 'ENGIE', 'abbrev': 'ENS'}",1.04787,0.4574468085106383,0.5406562054208274,4754.085946633815,1
0,171,998480,Lachlan,Sullivan,COL,394,21,0,245500,638,0,14,0,-37900,383,413,0,1212,2025-08-03T10:13:46+10:00,0,69,0,81,0,22,0,40,0,8,0,-9,0,0,0,6,0,2,56.2,71,45.5714,41.6667,BRL,0.0,0,"{'id': 8, 'abbrev': 'HAW', 'name': 'Hawthorn'}",1,"{'id': 1, 'abbrev': 'ADE', 'name': 'Adelaide'}",1,"{'id': 10, 'abbrev': 'MEL', 'name': 'Melbourne'}",0,Melbourne Cricket Ground,43.2308,"{'id': 13, 'name': 'Melbourne Cricket Ground', 'display_name': 'MCG', 'short_name': 'MCG', 'abbrev': 'MCG'}","{'id': 1, 'name': 'Adelaide Oval', 'display_name': 'Adelaide Oval', 'short_name': 'Adelaide', 'abbrev': 'AO'}","{'id': 13, 'name': 'Melbourne Cricket Ground', 'display_name': 'MCG', 'short_name': 'MCG', 'abbrev': 'MCG'}",1.4588,,0.5264026402640264,5387.150712947156,-11
0,489,1012833,Eddie,Ford,NTH,652,21,0,282900,0,0,0,0,0,644,413,0,0,2025-08-03T10:13:47+10:00,0,0,0,0,0,0,0,0,0,0,0,0,0,0,0,0,0,0,0.0,44,0.0,0.0,STK,58.0,1,"{'id': 18, 'abbrev': 'GWS', 'name': 'GWS Giants'}",1,"{'id': 12, 'abbrev': 'RIC', 'name': 'Richmond'}",0,"{'id': 1, 'abbrev': 'ADE', 'name': 'Adelaide'}",0,Docklands Stadium,50.4737,"{'id': 11, 'name': 'Manuka Oval', 'display_name': 'Manuka Oval', 'short_name': 'Manuka', 'abbrev': 'MO'}","{'id': 226, 'name': 'Ninja Stadium', 'display_name': 'Ninja Stadium', 'short_name': 'Ninja', 'abbrev': 'NIN'}","{'id': 7, 'name': 'Docklands Stadium', 'display_name': 'Marvel Stadium', 'short_name': 'Marvel', 'abbrev': 'MARV'}",0.904048,,,,-8
0,485,1012144,Kallan,Dawson,NTH,583,21,0,258700,112,0,3,0,-23900,580,413,0,308,2025-08-03T10:13:46+10:00,0,11,0,12,0,10,0,5,0,1,0,-4,0,0,0,0,0,0,37.3333,32,37.3333,37.3333,STK,0.0,1,"{'id': 18, 'abbrev': 'GWS', 'name': 'GWS Giants'}",1,"{'id': 12, 'abbrev': 'RIC', 'name': 'Richmond'}",0,"{'id': 1, 'abbrev': 'ADE', 'name': 'Adelaide'}",0,Docklands Stadium,49.7,"{'id': 11, 'name': 'Manuka Oval', 'display_name': 'Manuka Oval', 'short_name': 'Manuka', 'abbrev': 'MO'}","{'id': 226, 'name': 'Ninja Stadium', 'display_name': 'Ninja Stadium', 'short_name': 'Ninja', 'abbrev': 'NIN'}","{'id': 7, 'name': 'Docklands Stadium', 'display_name': 'Marvel Stadium', 'short_name': 'Marvel', 'abbrev': 'MARV'}",0.657489,,0.36363636363636365,6929.470472741494,-3
0,681,996743,Lewis,Melican,SYD,337,21,55,280400,837,1,14,-12400,-2100,340,273,100,1491,2025-08-03T10:13:46+10:00,9,105,1,38,5,70,1,27,0,6,-1,-9,0,0,0,0,0,0,51.4,74,59.7857,49.3333,ESS,55.3333,0,"{'id': 2, 'abbrev': 'BRL', 'name': 'Brisbane'}",1,"{'id': 7, 'abbrev': 'GEE', 'name': 'Geelong'}",0,"{'id': 16, 'abbrev': 'WCE', 'name': 'West Coast'}",1,Sydney Cricket Ground,56.9574,"{'id': 4, 'name': 'Brisbane Cricket Ground', 'display_name': 'Gabba', 'short_name': 'Gabba', 'abbrev': 'G'}","{'id': 16, 'name': 'Sydney Cricket Ground', 'display_name': 'SCG', 'short_name': 'SCG', 'abbrev': 'SCG'}","{'id': 53, 'name': 'Perth Stadium', 'display_name': 'Optus Stadium', 'short_name': 'Optus', 'abbrev': 'OS'}",1.52044,0.55,0.5613682092555332,4690.084752708423,3
0,375,1006135,Xavier,O'Halloran,GWS,270,21,69,334900,1094,1,19,-8800,53400,271,206,102,1785,2025-08-03T10:13:45+10:00,9,168,4,109,5,45,0,45,1,9,-2,-16,0,0,0,7,0,10,73.4,389,57.5789,62.3333,WBD,36.7143,1,"{'id': 9, 'abbrev': 'NTH', 'name': 'North Melbourne'}",0,"{'id': 17, 'abbrev': 'GCS', 'name': 'Gold Coast'}",1,"{'id': 13, 'abbrev': 'STK', 'name': 'St Kilda'}",0,Docklands Stadium,59.2,"{'id': 11, 'name': 'Manuka Oval', 'display_name': 'Manuka Oval', 'short_name': 'Manuka', 'abbrev': 'MO'}","{'id': 5, 'name': 'Carrara Stadium', 'display_name': 'People First Stadium', 'short_name': 'People First', 'abbrev': 'PFS'}","{'id': 17, 'name': 'ENGIE Stadium', 'display_name': 'ENGIE Stadium', 'short_name': 'ENGIE', 'abbrev': 'ENS'}",7.9926,0.6764705882352942,0.6128851540616247,5816.366759351082,1
0,384,1027925,Harvey,Thomas,GWS,382,21,43,200400,674,1,14,-35100,-81000,385,325,108,1259,2025-08-03T10:13:46+10:00,7,77,4,63,5,34,3,38,1,5,0,-9,0,0,0,6,0,1,39.8,80,48.1429,20.6667,WBD,59.0,1,"{'id': 9, 'abbrev': 'NTH', 'name': 'North Melbourne'}",0,"{'id': 17, 'abbrev': 'GCS', 'name': 'Gold Coast'}",1,"{'id': 13, 'abbrev': 'STK', 'name': 'St Kilda'}",0,Docklands Stadium,37.5,"{'id': 11, 'name': 'Manuka Oval', 'display_name': 'Manuka Oval', 'short_name': 'Manuka', 'abbrev': 'MO'}","{'id': 5, 'name': 'Carrara Stadium', 'display_name': 'People First Stadium', 'short_name': 'People First', 'abbrev': 'PFS'}","{'id': 17, 'name': 'ENGIE Stadium', 'display_name': 'ENGIE Stadium', 'short_name': 'ENGIE', 'abbrev': 'ENS'}",1.64372,0.39814814814814814,0.5353455123113582,4162.6075703790175,3
0,725,1011589,Caleb,Poulter,WBD,519,21,78,205700,250,1,6,9100,-75600,550,166,76,409,2025-08-03T10:13:45+10:00,8,36,5,20,5,24,1,11,0,1,-1,-1,0,0,1,2,1,1,40.4,44,41.6667,46.3333,GWS,59.5,0,"{'id': 10, 'abbrev': 'MEL', 'name': 'Melbourne'}",1,"{'id': 16, 'abbrev': 'WCE', 'name': 'West Coast'}",0,"{'id': 6, 'abbrev': 'FRE', 'name': 'Fremantle'}",0,Docklands Stadium,58.3125,"{'id': 13, 'name': 'Melbourne Cricket Ground', 'display_name': 'MCG', 'short_name': 'MCG', 'abbrev': 'MCG'}","{'id': 7, 'name': 'Docklands Stadium', 'display_name': 'Marvel Stadium', 'short_name': 'Marvel', 'abbrev': 'MARV'}","{'id': 7, 'name': 'Docklands Stadium', 'display_name': 'Marvel Stadium', 'short_name': 'Marvel', 'abbrev': 'MARV'}",0.904048,1.0263157894736843,0.6112469437652812,4936.79605056316,31
0,320,1012860,Oliver,Henry,GEE,396,21,0,215700,632,0,15,0,-64500,384,413,0,1359,2025-08-03T10:13:46+10:00,0,80,0,37,0,36,0,27,0,10,0,-5,0,0,0,14,0,6,39.4,67,42.1333,30.3333,PTA,63.0,0,"{'id': 5, 'abbrev': 'ESS', 'name': 'Essendon'}",0,"{'id': 14, 'abbrev': 'SYD', 'name': 'Sydney'}",1,"{'id': 12, 'abbrev': 'RIC', 'name': 'Richmond'}",1,Kardinia Park,53.5417,"{'id': 10, 'name': 'Kardinia Park', 'display_name': 'GMHBA Stadium', 'short_name': 'GMHBA', 'abbrev': 'GMS'}","{'id': 16, 'name': 'Sydney Cricket Ground', 'display_name': 'SCG', 'short_name': 'SCG', 'abbrev': 'SCG'}","{'id': 13, 'name': 'Melbourne Cricket Ground', 'display_name': 'MCG', 'short_name': 'MCG', 'abbrev': 'MCG'}",1.37662,,0.4650478292862399,5119.466075526959,-12
0,174,1027899,Nate,Caddy,ESS,318,21,0,284600,899,0,17,0,4900,307,413,0,1707,2025-08-03T10:13:46+10:00,0,130,0,56,0,67,0,17,0,18,0,-7,0,2,0,20,0,20,54.0,282,52.8824,52.6667,SYD,64.0,1,"{'id': 7, 'abbrev': 'GEE', 'name': 'Geelong'}",1,"{'id': 13, 'abbrev': 'STK', 'name': 'St Kilda'}",0,"{'id': 3, 'abbrev': 'CAR', 'name': 'Carlton'}",0,Sydney Cricket Ground,0.0,"{'id': 10, 'name': 'Kardinia Park', 'display_name': 'GMHBA Stadium', 'short_name': 'GMHBA', 'abbrev': 'GMS'}","{'id': 7, 'name': 'Docklands Stadium', 'display_name': 'Marvel Stadium', 'short_name': 'Marvel', 'abbrev': 'MARV'}","{'id': 13, 'name': 'Melbourne Cricket Ground', 'display_name': 'MCG', 'short_name': 'MCG', 'abbrev': 'MCG'}",5.79412,,0.526654950205038,5381.752719241184,-11
0,461,1008893,Harrison,Petty,MEL,341,21,98,220700,819,1,16,22200,-58400,357,86,99,1542,2025-08-03T10:13:45+10:00,9,84,2,49,8,62,4,29,1,21,-1,-18,4,11,3,15,2,9,47.8,74,51.1875,56.6667,WCE,54.75,0,"{'id': 15, 'abbrev': 'WBD', 'name': 'Western Bulldogs'}",0,"{'id': 8, 'abbrev': 'HAW', 'name': 'Hawthorn'}",1,"{'id': 4, 'abbrev': 'COL', 'name': 'Collingwood'}",1,Docklands Stadium,68.0,"{'id': 13, 'name': 'Melbourne Cricket Ground', 'display_name': 'MCG', 'short_name': 'MCG', 'abbrev': 'MCG'}","{'id': 13, 'name': 'Melbourne Cricket Ground', 'display_name': 'MCG', 'short_name': 'MCG', 'abbrev': 'MCG'}","{'id': 13, 'name': 'Melbourne Cricket Ground', 'display_name': 'MCG', 'short_name': 'MCG', 'abbrev': 'MCG'}",1.52044,0.98989898989899,0.5311284046692607,4311.599511599512,16
0,724,1032966,James,O'Donnell,WBD,278,21,55,275500,1066,1,19,-6500,-3000,278,273,123,2166,2025-08-03T10:13:46+10:00,6,133,3,61,2,77,0,29,1,18,-1,-15,0,4,0,4,0,2,57.2,94,56.1053,51.6667,GWS,42.0,0,"{'id': 10, 'abbrev': 'MEL', 'name': 'Melbourne'}",1,"{'id': 16, 'abbrev': 'WCE', 'name': 'West Coast'}",0,"{'id': 6, 'abbrev': 'FRE', 'name': 'Fremantle'}",0,Docklands Stadium,50.6923,"{'id': 13, 'name': 'Melbourne Cricket Ground', 'display_name': 'MCG', 'short_name': 'MCG', 'abbrev': 'MCG'}","{'id': 7, 'name': 'Docklands Stadium', 'display_name': 'Marvel Stadium', 'short_name': 'Marvel', 'abbrev': 'MARV'}","{'id': 7, 'name': 'Docklands Stadium', 'display_name': 'Marvel Stadium', 'short_name': 'Marvel', 'abbrev': 'MARV'}",1.93137,0.44715447154471544,0.492151431209603,4910.409533502183,0
0,317,290550,Cameron,Guthrie,GEE,652,21,0,278000,0,0,0,0,0,644,413,0,0,2025-08-03T10:13:47+10:00,0,0,0,0,0,0,0,0,0,0,0,0,0,0,0,0,0,0,0.0,137,0.0,0.0,PTA,87.25,0,"{'id': 5, 'abbrev': 'ESS', 'name': 'Essendon'}",0,"{'id': 14, 'abbrev': 'SYD', 'name': 'Sydney'}",1,"{'id': 12, 'abbrev': 'RIC', 'name': 'Richmond'}",1,Kardinia Park,83.6933,"{'id': 10, 'name': 'Kardinia Park', 'display_name': 'GMHBA Stadium', 'short_name': 'GMHBA', 'abbrev': 'GMS'}","{'id': 16, 'name': 'Sydney Cricket Ground', 'display_name': 'SCG', 'short_name': 'SCG', 'abbrev': 'SCG'}","{'id': 13, 'name': 'Melbourne Cricket Ground', 'display_name': 'MCG', 'short_name': 'MCG', 'abbrev': 'MCG'}",2.81488,,,,-8
0,141,991773,Billy,Frampton,COL,390,21,0,281600,656,0,11,0,5600,377,413,0,1286,2025-08-03T10:13:46+10:00,0,63,0,47,0,44,0,9,0,3,0,-9,0,3,0,0,0,0,55.0,61,59.6364,43.6667,BRL,49.4286,0,"{'id': 8, 'abbrev': 'HAW', 'name': 'Hawthorn'}",1,"{'id': 1, 'abbrev': 'ADE', 'name': 'Adelaide'}",1,"{'id': 10, 'abbrev': 'MEL', 'name': 'Melbourne'}",0,Melbourne Cricket Ground,57.1667,"{'id': 13, 'name': 'Melbourne Cricket Ground', 'display_name': 'MCG', 'short_name': 'MCG', 'abbrev': 'MCG'}","{'id': 1, 'name': 'Adelaide Oval', 'display_name': 'Adelaide Oval', 'short_name': 'Adelaide', 'abbrev': 'AO'}","{'id': 13, 'name': 'Melbourne Cricket Ground', 'display_name': 'MCG', 'short_name': 'MCG', 'abbrev': 'MCG'}",1.25334,,0.5101088646967341,4721.948340275402,-13
0,399,1032100,Calsher,Dear,HAW,524,21,9,287200,246,1,5,-10700,11300,517,406,58,433,2025-08-03T10:13:46+10:00,1,22,2,16,0,12,1,7,1,3,-1,-3,0,5,0,7,0,4,49.2,123,49.2,51.6667,ADE,42.0,1,"{'id': 4, 'abbrev': 'COL', 'name': 'Collingwood'}",0,"{'id': 10, 'abbrev': 'MEL', 'name': 'Melbourne'}",0,"{'id': 2, 'abbrev': 'BRL', 'name': 'Brisbane'}",1,Adelaide Oval,48.0,"{'id': 13, 'name': 'Melbourne Cricket Ground', 'display_name': 'MCG', 'short_name': 'MCG', 'abbrev': 'MCG'}","{'id': 13, 'name': 'Melbourne Cricket Ground', 'display_name': 'MCG', 'short_name': 'MCG', 'abbrev': 'MCG'}","{'id': 4, 'name': 'Brisbane Cricket Ground', 'display_name': 'Gabba', 'short_name': 'Gabba', 'abbrev': 'G'}",2.52722,0.15517241379310345,0.5681293302540416,5837.3983739837395,-7
0,263,1006100,Thomas,Berry,GCS,652,21,0,275800,0,0,0,0,0,644,413,0,0,2025-08-03T10:13:47+10:00,0,0,0,0,0,0,0,0,0,0,0,0,0,0,0,0,0,0,0.0,26,0.0,0.0,RIC,62.0,0,"{'id': 3, 'abbrev': 'CAR', 'name': 'Carlton'}",1,"{'id': 18, 'abbrev': 'GWS', 'name': 'GWS Giants'}",0,"{'id': 11, 'abbrev': 'PTA', 'name': 'Port Adelaide'}",1,Carrara Stadium,48.7778,"{'id': 7, 'name': 'Docklands Stadium', 'display_name': 'Marvel Stadium', 'short_name': 'Marvel', 'abbrev': 'MARV'}","{'id': 5, 'name': 'Carrara Stadium', 'display_name': 'People First Stadium', 'short_name': 'People First', 'abbrev': 'PFS'}","{'id': 1, 'name': 'Adelaide Oval', 'display_name': 'Adelaide Oval', 'short_name': 'Adelaide', 'abbrev': 'AO'}",0.53421,,,,-8
0,78,1009317,Bruce,Reville,BRL,507,21,60,197000,265,1,7,-2100,-78700,529,245,70,435,2025-08-03T10:13:45+10:00,7,37,4,25,4,21,2,10,1,1,0,-1,0,0,0,2,0,0,37.6,34,37.8571,38.3333,COL,60.0,1,"{'id': 14, 'abbrev': 'SYD', 'name': 'Sydney'}",0,"{'id': 6, 'abbrev': 'FRE', 'name': 'Fremantle'}",1,"{'id': 8, 'abbrev': 'HAW', 'name': 'Hawthorn'}",0,Melbourne Cricket Ground,51.5,"{'id': 4, 'name': 'Brisbane Cricket Ground', 'display_name': 'Gabba', 'short_name': 'Gabba', 'abbrev': 'G'}","{'id': 53, 'name': 'Perth Stadium', 'display_name': 'Optus Stadium', 'short_name': 'Optus', 'abbrev': 'OS'}","{'id': 4, 'name': 'Brisbane Cricket Ground', 'display_name': 'Gabba', 'short_name': 'Gabba', 'abbrev': 'G'}",0.698582,0.8571428571428571,0.6091954022988506,5203.779475976765,22
0,604,1031829,James,Trezise,RIC,383,21,84,210100,671,1,13,15800,-64900,398,140,95,1082,2025-08-03T10:13:45+10:00,7,75,12,91,4,34,3,20,1,5,0,-7,0,0,0,2,1,3,41.8,64,51.6154,51.0,GCS,77.0,1,"{'id': 13, 'abbrev': 'STK', 'name': 'St Kilda'}",0,"{'id': 9, 'abbrev': 'NTH', 'name': 'North Melbourne'}",1,"{'id': 7, 'abbrev': 'GEE', 'name': 'Geelong'}",0,Carrara Stadium,84.0,"{'id': 13, 'name': 'Melbourne Cricket Ground', 'display_name': 'MCG', 'short_name': 'MCG', 'abbrev': 'MCG'}","{'id': 226, 'name': 'Ninja Stadium', 'display_name': 'Ninja Stadium', 'short_name': 'Ninja', 'abbrev': 'NIN'}","{'id': 13, 'name': 'Melbourne Cricket Ground', 'display_name': 'MCG', 'short_name': 'MCG', 'abbrev': 'MCG'}",1.31498,0.8842105263157894,0.6201478743068392,4070.4905900177077,15
0,456,280824,Jake,Melksham,MEL,277,21,84,345400,1069,1,16,-25100,70600,285,140,84,1557,2025-08-03T10:13:45+10:00,6,121,4,33,2,58,0,30,1,24,0,-12,0,0,1,29,0,20,72.2,621,66.8125,55.3333,WCE,70.0,0,"{'id': 15, 'abbrev': 'WBD', 'name': 'Western Bulldogs'}",0,"{'id': 8, 'abbrev': 'HAW', 'name': 'Hawthorn'}",1,"{'id': 4, 'abbrev': 'COL', 'name': 'Collingwood'}",1,Docklands Stadium,61.4444,"{'id': 13, 'name': 'Melbourne Cricket Ground', 'display_name': 'MCG', 'short_name': 'MCG', 'abbrev': 'MCG'}","{'id': 13, 'name': 'Melbourne Cricket Ground', 'display_name': 'MCG', 'short_name': 'MCG', 'abbrev': 'MCG'}","{'id': 13, 'name': 'Melbourne Cricket Ground', 'display_name': 'MCG', 'short_name': 'MCG', 'abbrev': 'MCG'}",12.7594,1.0,0.6865767501605652,5169.691300280636,8
0,768,1006550,Jack,Petruccelle,WCE,631,21,0,272800,40,0,2,0,0,624,413,0,83,2025-08-03T10:13:46+10:00,0,5,0,2,0,3,0,3,0,1,0,-1,0,0,0,1,0,0,20.0,27,20.0,20.0,MEL,46.5,1,"{'id': 1, 'abbrev': 'ADE', 'name': 'Adelaide'}",0,"{'id': 15, 'abbrev': 'WBD', 'name': 'Western Bulldogs'}",1,"{'id': 14, 'abbrev': 'SYD', 'name': 'Sydney'}",0,Docklands Stadium,43.75,"{'id': 53, 'name': 'Perth Stadium', 'display_name': 'Optus Stadium', 'short_name': 'Optus', 'abbrev': 'OS'}","{'id': 7, 'name': 'Docklands Stadium', 'display_name': 'Marvel Stadium', 'short_name': 'Marvel', 'abbrev': 'MARV'}","{'id': 53, 'name': 'Perth Stadium', 'display_name': 'Optus Stadium', 'short_name': 'Optus', 'abbrev': 'OS'}",0.554757,,0.4819277108433735,13640.0,-7
0,583,1006030,Jacob,Koschitzke,RIC,608,21,0,272500,75,0,2,0,0,604,413,0,193,2025-08-03T10:13:46+10:00,0,6,0,9,0,6,0,1,0,2,0,-1,0,2,0,0,0,2,37.5,27,37.5,37.5,GCS,42.3333,1,"{'id': 13, 'abbrev': 'STK', 'name': 'St Kilda'}",0,"{'id': 9, 'abbrev': 'NTH', 'name': 'North Melbourne'}",1,"{'id': 7, 'abbrev': 'GEE', 'name': 'Geelong'}",0,Carrara Stadium,29.0,"{'id': 13, 'name': 'Melbourne Cricket Ground', 'display_name': 'MCG', 'short_name': 'MCG', 'abbrev': 'MCG'}","{'id': 226, 'name': 'Ninja Stadium', 'display_name': 'Ninja Stadium', 'short_name': 'Ninja', 'abbrev': 'NIN'}","{'id': 13, 'name': 'Melbourne Cricket Ground', 'display_name': 'MCG', 'short_name': 'MCG', 'abbrev': 'MCG'}",0.554757,,0.38860103626943004,7266.666666666667,-4
0,230,999321,Michael,Frederick,FRE,234,21,26,293600,1175,1,20,-6500,22000,229,382,108,2038,2025-08-03T10:13:46+10:00,6,143,4,79,2,68,4,49,0,12,0,-8,0,0,0,26,0,18,61.8,146,58.75,55.3333,CAR,32.5714,0,"{'id': 11, 'abbrev': 'PTA', 'name': 'Port Adelaide'}",1,"{'id': 2, 'abbrev': 'BRL', 'name': 'Brisbane'}",0,"{'id': 15, 'abbrev': 'WBD', 'name': 'Western Bulldogs'}",1,Perth Stadium,54.6667,"{'id': 1, 'name': 'Adelaide Oval', 'display_name': 'Adelaide Oval', 'short_name': 'Adelaide', 'abbrev': 'AO'}","{'id': 53, 'name': 'Perth Stadium', 'display_name': 'Optus Stadium', 'short_name': 'Optus', 'abbrev': 'OS'}","{'id': 7, 'name': 'Docklands Stadium', 'display_name': 'Marvel Stadium', 'short_name': 'Marvel', 'abbrev': 'MARV'}",2.99979,0.24074074074074073,0.5765456329735035,4997.446808510638,-5
0,719,998782,Buku,Khamis,WBD,361,21,0,242000,745,0,14,0,-29600,351,413,0,1301,2025-08-03T10:13:46+10:00,0,71,0,53,0,55,0,27,0,7,0,-12,0,24,0,13,0,3,40.6,70,53.2143,24.3333,GWS,58.0,0,"{'id': 10, 'abbrev': 'MEL', 'name': 'Melbourne'}",1,"{'id': 16, 'abbrev': 'WCE', 'name': 'West Coast'}",0,"{'id': 6, 'abbrev': 'FRE', 'name': 'Fremantle'}",0,Docklands Stadium,50.5238,"{'id': 13, 'name': 'Melbourne Cricket Ground', 'display_name': 'MCG', 'short_name': 'MCG', 'abbrev': 'MCG'}","{'id': 7, 'name': 'Docklands Stadium', 'display_name': 'Marvel Stadium', 'short_name': 'Marvel', 'abbrev': 'MARV'}","{'id': 7, 'name': 'Docklands Stadium', 'display_name': 'Marvel Stadium', 'short_name': 'Marvel', 'abbrev': 'MARV'}",1.43826,,0.5726364335126826,4547.6497858658295,-10
0,571,1023275,Seth,Campbell,RIC,195,21,41,354000,1290,1,19,3500,83300,189,336,94,1914,2025-08-03T10:13:46+10:00,8,137,3,109,4,45,0,51,0,11,0,-9,0,0,0,23,1,13,67.0,467,67.8947,73.0,GCS,66.25,1,"{'id': 13, 'abbrev': 'STK', 'name': 'St Kilda'}",0,"{'id': 9, 'abbrev': 'NTH', 'name': 'North Melbourne'}",1,"{'id': 7, 'abbrev': 'GEE', 'name': 'Geelong'}",0,Carrara Stadium,55.5,"{'id': 13, 'name': 'Melbourne Cricket Ground', 'display_name': 'MCG', 'short_name': 'MCG', 'abbrev': 'MCG'}","{'id': 226, 'name': 'Ninja Stadium', 'display_name': 'Ninja Stadium', 'short_name': 'Ninja', 'abbrev': 'NIN'}","{'id': 13, 'name': 'Melbourne Cricket Ground', 'display_name': 'MCG', 'short_name': 'MCG', 'abbrev': 'MCG'}",9.59523,0.43617021276595747,0.6739811912225705,5213.956317650715,-6
0,637,1024279,Arie,Schoenmaker,STK,555,21,0,276900,176,0,3,0,6400,547,413,0,311,2025-08-03T10:13:46+10:00,0,38,0,10,0,16,0,0,0,1,0,-4,0,0,0,0,0,0,58.6667,81,58.6667,58.6667,NTH,0.0,0,"{'id': 12, 'abbrev': 'RIC', 'name': 'Richmond'}",1,"{'id': 5, 'abbrev': 'ESS', 'name': 'Essendon'}",1,"{'id': 18, 'abbrev': 'GWS', 'name': 'GWS Giants'}",1,Docklands Stadium,54.25,"{'id': 13, 'name': 'Melbourne Cricket Ground', 'display_name': 'MCG', 'short_name': 'MCG', 'abbrev': 'MCG'}","{'id': 7, 'name': 'Docklands Stadium', 'display_name': 'Marvel Stadium', 'short_name': 'Marvel', 'abbrev': 'MARV'}","{'id': 17, 'name': 'ENGIE Stadium', 'display_name': 'ENGIE Stadium', 'short_name': 'ENGIE', 'abbrev': 'ENS'}",1.66427,,0.5659163987138264,4719.883681884272,-8
0,278,1023500,Bailey,Humphrey,GCS,108,21,59,387400,1564,1,19,-19300,117000,108,249,86,1964,2025-08-03T10:13:45+10:00,8,153,2,148,4,52,4,84,0,13,-4,-30,0,0,3,21,0,15,75.0,3262,82.3158,67.0,RIC,35.8,0,"{'id': 3, 'abbrev': 'CAR', 'name': 'Carlton'}",1,"{'id': 18, 'abbrev': 'GWS', 'name': 'GWS Giants'}",0,"{'id': 11, 'abbrev': 'PTA', 'name': 'Port Adelaide'}",1,Carrara Stadium,64.7391,"{'id': 7, 'name': 'Docklands Stadium', 'display_name': 'Marvel Stadium', 'short_name': 'Marvel', 'abbrev': 'MARV'}","{'id': 5, 'name': 'Carrara Stadium', 'display_name': 'People First Stadium', 'short_name': 'People First', 'abbrev': 'PFS'}","{'id': 1, 'name': 'Adelaide Oval', 'display_name': 'Adelaide Oval', 'short_name': 'Adelaide', 'abbrev': 'AO'}",67.0228,0.686046511627907,0.7963340122199593,4706.265382830514,0
0,657,1013133,Braeden,Campbell,SYD,216,21,68,273200,1223,1,20,-12800,3500,227,213,100,1998,2025-08-03T10:13:45+10:00,9,151,8,99,4,66,1,64,0,11,-1,-16,0,0,2,14,1,15,57.6,337,61.15,47.6667,ESS,65.8571,0,"{'id': 2, 'abbrev': 'BRL', 'name': 'Brisbane'}",1,"{'id': 7, 'abbrev': 'GEE', 'name': 'Geelong'}",0,"{'id': 16, 'abbrev': 'WCE', 'name': 'West Coast'}",1,Sydney Cricket Ground,58.7436,"{'id': 4, 'name': 'Brisbane Cricket Ground', 'display_name': 'Gabba', 'short_name': 'Gabba', 'abbrev': 'G'}","{'id': 16, 'name': 'Sydney Cricket Ground', 'display_name': 'SCG', 'short_name': 'SCG', 'abbrev': 'SCG'}","{'id': 53, 'name': 'Perth Stadium', 'display_name': 'Optus Stadium', 'short_name': 'Optus', 'abbrev': 'OS'}",6.92418,0.68,0.6121121121121121,4467.702371218315,11
0,54,1006059,Keidean,Coleman,BRL,612,21,0,269100,72,0,1,0,0,608,413,0,87,2025-08-03T10:13:46+10:00,0,13,0,6,0,6,0,1,0,0,0,0,0,0,0,0,0,0,72.0,853,72.0,72.0,COL,68.75,1,"{'id': 14, 'abbrev': 'SYD', 'name': 'Sydney'}",0,"{'id': 6, 'abbrev': 'FRE', 'name': 'Fremantle'}",1,"{'id': 8, 'abbrev': 'HAW', 'name': 'Hawthorn'}",0,Melbourne Cricket Ground,71.75,"{'id': 4, 'name': 'Brisbane Cricket Ground', 'display_name': 'Gabba', 'short_name': 'Gabba', 'abbrev': 'G'}","{'id': 53, 'name': 'Perth Stadium', 'display_name': 'Optus Stadium', 'short_name': 'Optus', 'abbrev': 'OS'}","{'id': 4, 'name': 'Brisbane Cricket Ground', 'display_name': 'Gabba', 'short_name': 'Gabba', 'abbrev': 'G'}",17.5262,,0.8275862068965517,3737.5,-4
0,482,295136,Caleb,Daniel,NTH,45,21,142,469300,1907,1,20,12300,200200,59,10,99,2172,2025-08-03T10:13:45+10:00,19,330,13,189,8,80,2,41,0,5,0,-14,0,0,0,0,0,0,96.8,4170,95.35,101.0,STK,89.4444,1,"{'id': 18, 'abbrev': 'GWS', 'name': 'GWS Giants'}",1,"{'id': 12, 'abbrev': 'RIC', 'name': 'Richmond'}",0,"{'id': 1, 'abbrev': 'ADE', 'name': 'Adelaide'}",0,Docklands Stadium,84.8144,"{'id': 11, 'name': 'Manuka Oval', 'display_name': 'Manuka Oval', 'short_name': 'Manuka', 'abbrev': 'MO'}","{'id': 226, 'name': 'Ninja Stadium', 'display_name': 'Ninja Stadium', 'short_name': 'Ninja', 'abbrev': 'NIN'}","{'id': 7, 'name': 'Docklands Stadium', 'display_name': 'Marvel Stadium', 'short_name': 'Marvel', 'abbrev': 'MARV'}",85.6791,1.4343434343434343,0.8779926335174953,4921.86680650236,14
0,177,1015827,Nik,Cox,ESS,652,21,0,268100,0,0,0,0,0,644,413,0,0,2025-08-03T10:13:47+10:00,0,0,0,0,0,0,0,0,0,0,0,0,0,0,0,0,0,0,0.0,43,0.0,0.0,SYD,56.25,1,"{'id': 7, 'abbrev': 'GEE', 'name': 'Geelong'}",1,"{'id': 13, 'abbrev': 'STK', 'name': 'St Kilda'}",0,"{'id': 3, 'abbrev': 'CAR', 'name': 'Carlton'}",0,Sydney Cricket Ground,70.5,"{'id': 10, 'name': 'Kardinia Park', 'display_name': 'GMHBA Stadium', 'short_name': 'GMHBA', 'abbrev': 'GMS'}","{'id': 7, 'name': 'Docklands Stadium', 'display_name': 'Marvel Stadium', 'short_name': 'Marvel', 'abbrev': 'MARV'}","{'id': 13, 'name': 'Melbourne Cricket Ground', 'display_name': 'MCG', 'short_name': 'MCG', 'abbrev': 'MCG'}",0.883501,,,,-8
0,228,1020668,Joshua,Draper,FRE,422,21,0,231600,523,0,11,0,-35900,416,413,0,1124,2025-08-03T10:13:46+10:00,0,48,0,38,0,27,0,19,0,5,0,-14,0,6,0,0,0,0,43.6,40,47.5455,31.0,CAR,21.0,0,"{'id': 11, 'abbrev': 'PTA', 'name': 'Port Adelaide'}",1,"{'id': 2, 'abbrev': 'BRL', 'name': 'Brisbane'}",0,"{'id': 15, 'abbrev': 'WBD', 'name': 'Western Bulldogs'}",1,Perth Stadium,50.0,"{'id': 1, 'name': 'Adelaide Oval', 'display_name': 'Adelaide Oval', 'short_name': 'Adelaide', 'abbrev': 'AO'}","{'id': 53, 'name': 'Perth Stadium', 'display_name': 'Optus Stadium', 'short_name': 'Optus', 'abbrev': 'OS'}","{'id': 7, 'name': 'Docklands Stadium', 'display_name': 'Marvel Stadium', 'short_name': 'Marvel', 'abbrev': 'MARV'}",0.821862,,0.4653024911032028,4871.123450168786,-6
0,663,291848,Robbie,Fox,SYD,652,21,0,266400,0,0,0,0,0,644,413,0,0,2025-08-03T10:13:47+10:00,0,0,0,0,0,0,0,0,0,0,0,0,0,0,0,0,0,0,0.0,33,0.0,0.0,ESS,65.2,0,"{'id': 2, 'abbrev': 'BRL', 'name': 'Brisbane'}",1,"{'id': 7, 'abbrev': 'GEE', 'name': 'Geelong'}",0,"{'id': 16, 'abbrev': 'WCE', 'name': 'West Coast'}",1,Sydney Cricket Ground,58.9474,"{'id': 4, 'name': 'Brisbane Cricket Ground', 'display_name': 'Gabba', 'short_name': 'Gabba', 'abbrev': 'G'}","{'id': 16, 'name': 'Sydney Cricket Ground', 'display_name': 'SCG', 'short_name': 'SCG', 'abbrev': 'SCG'}","{'id': 53, 'name': 'Perth Stadium', 'display_name': 'Optus Stadium', 'short_name': 'Optus', 'abbrev': 'OS'}",0.678036,,,,-8
0,6,1018335,Brayden,Cook,ADE,585,21,8,243600,110,1,3,-21900,-21900,586,407,58,223,2025-08-03T10:13:46+10:00,0,13,1,5,0,4,0,7,0,1,0,0,0,0,0,0,0,0,36.6667,25,36.6667,36.6667,HAW,30.6667,0,"{'id': 16, 'abbrev': 'WCE', 'name': 'West Coast'}",1,"{'id': 4, 'abbrev': 'COL', 'name': 'Collingwood'}",0,"{'id': 9, 'abbrev': 'NTH', 'name': 'North Melbourne'}",1,Adelaide Oval,44.4375,"{'id': 53, 'name': 'Perth Stadium', 'display_name': 'Optus Stadium', 'short_name': 'Optus', 'abbrev': 'OS'}","{'id': 1, 'name': 'Adelaide Oval', 'display_name': 'Adelaide Oval', 'short_name': 'Adelaide', 'abbrev': 'AO'}","{'id': 7, 'name': 'Docklands Stadium', 'display_name': 'Marvel Stadium', 'short_name': 'Marvel', 'abbrev': 'MARV'}",0.513663,0.13793103448275862,0.49327354260089684,6643.630323972433,1
0,351,1014038,Callum M.,Brown,GWS,231,21,44,315200,1190,1,18,-33400,50300,230,322,93,1792,2025-08-03T10:13:46+10:00,4,140,4,73,2,69,2,38,4,16,0,-12,0,25,0,19,0,7,58.4,280,66.1111,44.6667,WBD,42.6,1,"{'id': 9, 'abbrev': 'NTH', 'name': 'North Melbourne'}",0,"{'id': 17, 'abbrev': 'GCS', 'name': 'Gold Coast'}",1,"{'id': 13, 'abbrev': 'STK', 'name': 'St Kilda'}",0,Docklands Stadium,54.5714,"{'id': 11, 'name': 'Manuka Oval', 'display_name': 'Manuka Oval', 'short_name': 'Manuka', 'abbrev': 'MO'}","{'id': 5, 'name': 'Carrara Stadium', 'display_name': 'People First Stadium', 'short_name': 'People First', 'abbrev': 'PFS'}","{'id': 17, 'name': 'ENGIE Stadium', 'display_name': 'ENGIE Stadium', 'short_name': 'ENGIE', 'abbrev': 'ENS'}",5.75303,0.4731182795698925,0.6640625,4767.7318937364535,-1
0,95,1016268,Alex,Cincotta,CAR,530,21,0,253900,235,0,5,0,-9800,520,413,0,534,2025-08-03T10:13:46+10:00,0,16,0,23,0,7,0,20,0,1,0,-4,0,0,0,1,0,0,47.0,35,47.0,36.6667,FRE,45.0,1,"{'id': 17, 'abbrev': 'GCS', 'name': 'Gold Coast'}",0,"{'id': 11, 'abbrev': 'PTA', 'name': 'Port Adelaide'}",0,"{'id': 5, 'abbrev': 'ESS', 'name': 'Essendon'}",1,Perth Stadium,80.5,"{'id': 7, 'name': 'Docklands Stadium', 'display_name': 'Marvel Stadium', 'short_name': 'Marvel', 'abbrev': 'MARV'}","{'id': 7, 'name': 'Docklands Stadium', 'display_name': 'Marvel Stadium', 'short_name': 'Marvel', 'abbrev': 'MARV'}","{'id': 13, 'name': 'Melbourne Cricket Ground', 'display_name': 'MCG', 'short_name': 'MCG', 'abbrev': 'MCG'}",0.719129,,0.4400749063670412,5402.127659574468,-10
0,674,997142,Peter,Ladhams,SYD,463,21,19,208700,380,1,9,-23700,-54100,460,397,66,665,2025-08-03T10:13:46+10:00,4,46,2,44,2,20,1,9,1,7,-3,-9,4,65,0,5,1,3,37.6,185,42.2222,28.6667,ESS,68.8,0,"{'id': 2, 'abbrev': 'BRL', 'name': 'Brisbane'}",1,"{'id': 7, 'abbrev': 'GEE', 'name': 'Geelong'}",0,"{'id': 16, 'abbrev': 'WCE', 'name': 'West Coast'}",1,Sydney Cricket Ground,67.0,"{'id': 4, 'name': 'Brisbane Cricket Ground', 'display_name': 'Gabba', 'short_name': 'Gabba', 'abbrev': 'G'}","{'id': 16, 'name': 'Sydney Cricket Ground', 'display_name': 'SCG', 'short_name': 'SCG', 'abbrev': 'SCG'}","{'id': 53, 'name': 'Perth Stadium', 'display_name': 'Optus Stadium', 'short_name': 'Optus', 'abbrev': 'OS'}",3.80111,0.2878787878787879,0.5714285714285714,4942.89733836702,-3
0,189,1017088,Ben,Hobbs,ESS,319,21,25,291800,898,1,16,2100,29100,317,386,86,1381,2025-08-03T10:13:46+10:00,7,116,3,128,2,32,2,59,0,17,-3,-16,0,0,0,5,2,7,56.8,207,56.125,59.6667,SYD,56.7143,1,"{'id': 7, 'abbrev': 'GEE', 'name': 'Geelong'}",1,"{'id': 13, 'abbrev': 'STK', 'name': 'St Kilda'}",0,"{'id': 3, 'abbrev': 'CAR', 'name': 'Carlton'}",0,Sydney Cricket Ground,47.6667,"{'id': 10, 'name': 'Kardinia Park', 'display_name': 'GMHBA Stadium', 'short_name': 'GMHBA', 'abbrev': 'GMS'}","{'id': 7, 'name': 'Docklands Stadium', 'display_name': 'Marvel Stadium', 'short_name': 'Marvel', 'abbrev': 'MARV'}","{'id': 13, 'name': 'Melbourne Cricket Ground', 'display_name': 'MCG', 'short_name': 'MCG', 'abbrev': 'MCG'}",4.25313,0.29069767441860467,0.6502534395365677,5199.109131403118,-2
0,400,293738,Sam,Frost,HAW,637,21,0,262600,34,0,2,0,0,629,413,0,120,2025-08-03T10:13:46+10:00,0,6,0,2,0,0,0,2,0,2,0,-3,0,0,0,0,0,0,17.0,28,17.0,17.0,ADE,53.6154,1,"{'id': 4, 'abbrev': 'COL', 'name': 'Collingwood'}",0,"{'id': 10, 'abbrev': 'MEL', 'name': 'Melbourne'}",0,"{'id': 2, 'abbrev': 'BRL', 'name': 'Brisbane'}",1,Adelaide Oval,47.5714,"{'id': 13, 'name': 'Melbourne Cricket Ground', 'display_name': 'MCG', 'short_name': 'MCG', 'abbrev': 'MCG'}","{'id': 13, 'name': 'Melbourne Cricket Ground', 'display_name': 'MCG', 'short_name': 'MCG', 'abbrev': 'MCG'}","{'id': 4, 'name': 'Brisbane Cricket Ground', 'display_name': 'Gabba', 'short_name': 'Gabba', 'abbrev': 'G'}",0.575303,,0.2833333333333333,15447.058823529413,-8
0,750,993902,Matt,Flynn,WCE,230,21,0,360700,1193,0,15,0,98800,209,413,0,1538,2025-08-03T10:13:46+10:00,0,104,0,88,0,60,0,44,0,18,0,-21,0,361,0,4,0,3,68.8,1770,79.5333,66.3333,MEL,76.5,1,"{'id': 1, 'abbrev': 'ADE', 'name': 'Adelaide'}",0,"{'id': 15, 'abbrev': 'WBD', 'name': 'Western Bulldogs'}",1,"{'id': 14, 'abbrev': 'SYD', 'name': 'Sydney'}",0,Docklands Stadium,79.5,"{'id': 53, 'name': 'Perth Stadium', 'display_name': 'Optus Stadium', 'short_name': 'Optus', 'abbrev': 'OS'}","{'id': 7, 'name': 'Docklands Stadium', 'display_name': 'Marvel Stadium', 'short_name': 'Marvel', 'abbrev': 'MARV'}","{'id': 53, 'name': 'Perth Stadium', 'display_name': 'Optus Stadium', 'short_name': 'Optus', 'abbrev': 'OS'}",36.3674,,0.7756827048114434,4535.207265384437,-21
0,458,1013165,Andy,Moniz-Wakefield,MEL,652,21,0,260300,0,0,0,0,0,644,413,0,0,2025-08-03T10:13:47+10:00,0,0,0,0,0,0,0,0,0,0,0,0,0,0,0,0,0,0,0.0,44,0.0,0.0,WCE,60.0,0,"{'id': 15, 'abbrev': 'WBD', 'name': 'Western Bulldogs'}",0,"{'id': 8, 'abbrev': 'HAW', 'name': 'Hawthorn'}",1,"{'id': 4, 'abbrev': 'COL', 'name': 'Collingwood'}",1,Docklands Stadium,46.0,"{'id': 13, 'name': 'Melbourne Cricket Ground', 'display_name': 'MCG', 'short_name': 'MCG', 'abbrev': 'MCG'}","{'id': 13, 'name': 'Melbourne Cricket Ground', 'display_name': 'MCG', 'short_name': 'MCG', 'abbrev': 'MCG'}","{'id': 13, 'name': 'Melbourne Cricket Ground', 'display_name': 'MCG', 'short_name': 'MCG', 'abbrev': 'MCG'}",0.904048,,,,-8
0,123,1001028,Jack,Silvagni,CAR,290,21,0,345200,1000,0,13,0,85400,279,413,0,1366,2025-08-03T10:13:46+10:00,0,139,0,40,0,76,0,30,0,15,0,-11,0,0,0,2,0,4,61.4,1302,76.9231,64.6667,FRE,70.375,1,"{'id': 17, 'abbrev': 'GCS', 'name': 'Gold Coast'}",0,"{'id': 11, 'abbrev': 'PTA', 'name': 'Port Adelaide'}",0,"{'id': 5, 'abbrev': 'ESS', 'name': 'Essendon'}",1,Perth Stadium,63.5,"{'id': 7, 'name': 'Docklands Stadium', 'display_name': 'Marvel Stadium', 'short_name': 'Marvel', 'abbrev': 'MARV'}","{'id': 7, 'name': 'Docklands Stadium', 'display_name': 'Marvel Stadium', 'short_name': 'Marvel', 'abbrev': 'MARV'}","{'id': 13, 'name': 'Melbourne Cricket Ground', 'display_name': 'MCG', 'short_name': 'MCG', 'abbrev': 'MCG'}",26.7516,,0.7320644216691069,4487.5986537204035,-11
0,732,1005000,Laitham,Vandermeer,WBD,328,21,0,175000,863,1,18,-46300,-84600,319,413,19,1481,2025-08-03T10:13:46+10:00,2,93,2,93,2,50,0,32,0,13,-1,-20,0,0,0,13,0,6,28.8,122,47.9444,9.33333,GWS,31.25,0,"{'id': 10, 'abbrev': 'MEL', 'name': 'Melbourne'}",1,"{'id': 16, 'abbrev': 'WCE', 'name': 'West Coast'}",0,"{'id': 6, 'abbrev': 'FRE', 'name': 'Fremantle'}",0,Docklands Stadium,55.375,"{'id': 13, 'name': 'Melbourne Cricket Ground', 'display_name': 'MCG', 'short_name': 'MCG', 'abbrev': 'MCG'}","{'id': 7, 'name': 'Docklands Stadium', 'display_name': 'Marvel Stadium', 'short_name': 'Marvel', 'abbrev': 'MARV'}","{'id': 7, 'name': 'Docklands Stadium', 'display_name': 'Marvel Stadium', 'short_name': 'Marvel', 'abbrev': 'MARV'}",2.50668,0.0,0.5827143821742066,3650.061321030193,-9
0,157,297504,Daniel,McStay,COL,294,21,47,314900,989,1,15,-5700,55400,293,314,97,1428,2025-08-03T10:13:46+10:00,2,91,1,54,1,54,1,37,0,14,0,-6,6,66,1,18,0,12,62.8,316,65.9333,60.0,BRL,68.6,0,"{'id': 8, 'abbrev': 'HAW', 'name': 'Hawthorn'}",1,"{'id': 1, 'abbrev': 'ADE', 'name': 'Adelaide'}",1,"{'id': 10, 'abbrev': 'MEL', 'name': 'Melbourne'}",0,Melbourne Cricket Ground,62.5455,"{'id': 13, 'name': 'Melbourne Cricket Ground', 'display_name': 'MCG', 'short_name': 'MCG', 'abbrev': 'MCG'}","{'id': 1, 'name': 'Adelaide Oval', 'display_name': 'Adelaide Oval', 'short_name': 'Adelaide', 'abbrev': 'AO'}","{'id': 13, 'name': 'Melbourne Cricket Ground', 'display_name': 'MCG', 'short_name': 'MCG', 'abbrev': 'MCG'}",6.49271,0.4845360824742268,0.6925770308123249,4776.038814984234,-1
0,412,1009421,Finn,Maginness,HAW,408,21,0,178400,588,0,13,0,-80200,397,413,0,1190,2025-08-03T10:13:46+10:00,0,79,0,94,0,36,0,23,0,2,0,-7,0,0,0,4,0,6,29.2,80,45.2308,39.0,ADE,33.6667,1,"{'id': 4, 'abbrev': 'COL', 'name': 'Collingwood'}",0,"{'id': 10, 'abbrev': 'MEL', 'name': 'Melbourne'}",0,"{'id': 2, 'abbrev': 'BRL', 'name': 'Brisbane'}",1,Adelaide Oval,41.8,"{'id': 13, 'name': 'Melbourne Cricket Ground', 'display_name': 'MCG', 'short_name': 'MCG', 'abbrev': 'MCG'}","{'id': 13, 'name': 'Melbourne Cricket Ground', 'display_name': 'MCG', 'short_name': 'MCG', 'abbrev': 'MCG'}","{'id': 4, 'name': 'Brisbane Cricket Ground', 'display_name': 'Gabba', 'short_name': 'Gabba', 'abbrev': 'G'}",1.64372,,0.49411764705882355,3944.2150039353714,-11
0,511,1004848,Dylan,Stephens,NTH,249,21,71,288600,1137,1,19,4300,30000,258,200,110,1968,2025-08-03T10:13:45+10:00,12,174,8,153,6,91,0,22,0,10,0,-9,0,0,0,3,0,5,58.2,191,59.8421,60.3333,STK,58.5,1,"{'id': 18, 'abbrev': 'GWS', 'name': 'GWS Giants'}",1,"{'id': 12, 'abbrev': 'RIC', 'name': 'Richmond'}",0,"{'id': 1, 'abbrev': 'ADE', 'name': 'Adelaide'}",0,Docklands Stadium,49.7619,"{'id': 11, 'name': 'Manuka Oval', 'display_name': 'Manuka Oval', 'short_name': 'Manuka', 'abbrev': 'MO'}","{'id': 226, 'name': 'Ninja Stadium', 'display_name': 'Ninja Stadium', 'short_name': 'Ninja', 'abbrev': 'NIN'}","{'id': 7, 'name': 'Docklands Stadium', 'display_name': 'Marvel Stadium', 'short_name': 'Marvel', 'abbrev': 'MARV'}",3.92439,0.6454545454545455,0.5777439024390244,4822.691717035331,9
0,353,1019038,Aaron,Cadman,GWS,189,21,49,410700,1307,1,20,-10200,153600,185,302,105,1961,2025-08-03T10:13:46+10:00,7,146,1,47,4,97,1,33,1,19,0,-15,0,0,2,38,1,21,82.0,1336,65.35,76.6667,WBD,36.0,1,"{'id': 9, 'abbrev': 'NTH', 'name': 'North Melbourne'}",0,"{'id': 17, 'abbrev': 'GCS', 'name': 'Gold Coast'}",1,"{'id': 13, 'abbrev': 'STK', 'name': 'St Kilda'}",0,Docklands Stadium,48.0,"{'id': 11, 'name': 'Manuka Oval', 'display_name': 'Manuka Oval', 'short_name': 'Manuka', 'abbrev': 'MO'}","{'id': 5, 'name': 'Carrara Stadium', 'display_name': 'People First Stadium', 'short_name': 'People First', 'abbrev': 'PFS'}","{'id': 17, 'name': 'ENGIE Stadium', 'display_name': 'ENGIE Stadium', 'short_name': 'ENGIE', 'abbrev': 'ENS'}",27.4502,0.4666666666666667,0.6664966853646099,6284.6212700841625,-4
0,694,1008855,Oskar,Baker,WBD,481,21,67,281300,325,1,6,15400,24300,501,216,88,503,2025-08-03T10:13:45+10:00,6,54,8,27,4,26,2,6,1,4,0,-3,0,0,0,0,0,0,60.2,51,54.1667,65.0,GWS,61.5,0,"{'id': 10, 'abbrev': 'MEL', 'name': 'Melbourne'}",1,"{'id': 16, 'abbrev': 'WCE', 'name': 'West Coast'}",0,"{'id': 6, 'abbrev': 'FRE', 'name': 'Fremantle'}",0,Docklands Stadium,53.0588,"{'id': 13, 'name': 'Melbourne Cricket Ground', 'display_name': 'MCG', 'short_name': 'MCG', 'abbrev': 'MCG'}","{'id': 7, 'name': 'Docklands Stadium', 'display_name': 'Marvel Stadium', 'short_name': 'Marvel', 'abbrev': 'MARV'}","{'id': 7, 'name': 'Docklands Stadium', 'display_name': 'Marvel Stadium', 'short_name': 'Marvel', 'abbrev': 'MARV'}",1.04787,0.7613636363636364,0.6461232604373758,5193.227573398416,20
0,57,1000932,Tom,Doedee,BRL,652,21,0,256800,0,0,0,0,0,644,413,0,0,2025-08-03T10:13:47+10:00,0,0,0,0,0,0,0,0,0,0,0,0,0,0,0,0,0,0,0.0,52,0.0,0.0,COL,75.1667,1,"{'id': 14, 'abbrev': 'SYD', 'name': 'Sydney'}",0,"{'id': 6, 'abbrev': 'FRE', 'name': 'Fremantle'}",1,"{'id': 8, 'abbrev': 'HAW', 'name': 'Hawthorn'}",0,Melbourne Cricket Ground,86.5,"{'id': 4, 'name': 'Brisbane Cricket Ground', 'display_name': 'Gabba', 'short_name': 'Gabba', 'abbrev': 'G'}","{'id': 53, 'name': 'Perth Stadium', 'display_name': 'Optus Stadium', 'short_name': 'Optus', 'abbrev': 'OS'}","{'id': 4, 'name': 'Brisbane Cricket Ground', 'display_name': 'Gabba', 'short_name': 'Gabba', 'abbrev': 'G'}",1.06842,,,,-8
0,760,1011243,Callum,Jamieson,WCE,652,21,0,254300,0,0,0,0,0,644,413,0,0,2025-08-03T10:13:47+10:00,0,0,0,0,0,0,0,0,0,0,0,0,0,0,0,0,0,0,0.0,19,0.0,0.0,MEL,33.0,1,"{'id': 1, 'abbrev': 'ADE', 'name': 'Adelaide'}",0,"{'id': 15, 'abbrev': 'WBD', 'name': 'Western Bulldogs'}",1,"{'id': 14, 'abbrev': 'SYD', 'name': 'Sydney'}",0,Docklands Stadium,32.0,"{'id': 53, 'name': 'Perth Stadium', 'display_name': 'Optus Stadium', 'short_name': 'Optus', 'abbrev': 'OS'}","{'id': 7, 'name': 'Docklands Stadium', 'display_name': 'Marvel Stadium', 'short_name': 'Marvel', 'abbrev': 'MARV'}","{'id': 53, 'name': 'Perth Stadium', 'display_name': 'Optus Stadium', 'short_name': 'Optus', 'abbrev': 'OS'}",0.390384,,,,-8
0,22,990882,Wayne,Milera,ADE,131,21,77,433000,1495,1,19,19400,179000,133,174,106,1936,2025-08-03T10:13:45+10:00,11,230,8,106,6,103,1,41,0,9,-3,-11,0,0,0,2,0,1,89.6,1283,78.6842,97.6667,HAW,64.875,0,"{'id': 16, 'abbrev': 'WCE', 'name': 'West Coast'}",1,"{'id': 4, 'abbrev': 'COL', 'name': 'Collingwood'}",0,"{'id': 9, 'abbrev': 'NTH', 'name': 'North Melbourne'}",1,Adelaide Oval,72.7727,"{'id': 53, 'name': 'Perth Stadium', 'display_name': 'Optus Stadium', 'short_name': 'Optus', 'abbrev': 'OS'}","{'id': 1, 'name': 'Adelaide Oval', 'display_name': 'Adelaide Oval', 'short_name': 'Adelaide', 'abbrev': 'AO'}","{'id': 7, 'name': 'Docklands Stadium', 'display_name': 'Marvel Stadium', 'short_name': 'Marvel', 'abbrev': 'MARV'}",26.3612,0.7264150943396226,0.7722107438016529,5503.010769633547,2
0,112,1032108,Cooper,Lord,CAR,279,21,111,299900,1063,1,19,38000,46100,291,53,117,1433,2025-08-03T10:13:45+10:00,6,136,16,118,3,55,8,67,2,9,-2,-7,0,0,0,5,0,0,61.0,206,55.9474,81.3333,FRE,111.0,1,"{'id': 17, 'abbrev': 'GCS', 'name': 'Gold Coast'}",0,"{'id': 11, 'abbrev': 'PTA', 'name': 'Port Adelaide'}",0,"{'id': 5, 'abbrev': 'ESS', 'name': 'Essendon'}",1,Perth Stadium,85.0,"{'id': 7, 'name': 'Docklands Stadium', 'display_name': 'Marvel Stadium', 'short_name': 'Marvel', 'abbrev': 'MARV'}","{'id': 7, 'name': 'Docklands Stadium', 'display_name': 'Marvel Stadium', 'short_name': 'Marvel', 'abbrev': 'MARV'}","{'id': 13, 'name': 'Melbourne Cricket Ground', 'display_name': 'MCG', 'short_name': 'MCG', 'abbrev': 'MCG'}",4.23259,0.9487179487179487,0.7418004187020237,5360.392082563265,12
0,153,298358,Oleg,Markov,COL,525,21,40,181700,244,1,8,-2100,-71600,530,341,96,577,2025-08-03T10:13:46+10:00,3,32,5,37,1,10,4,11,0,2,-1,-4,0,0,0,1,0,2,35.6,24,30.5,35.3333,BRL,47.1429,0,"{'id': 8, 'abbrev': 'HAW', 'name': 'Hawthorn'}",1,"{'id': 1, 'abbrev': 'ADE', 'name': 'Adelaide'}",1,"{'id': 10, 'abbrev': 'MEL', 'name': 'Melbourne'}",0,Melbourne Cricket Ground,52.0606,"{'id': 13, 'name': 'Melbourne Cricket Ground', 'display_name': 'MCG', 'short_name': 'MCG', 'abbrev': 'MCG'}","{'id': 1, 'name': 'Adelaide Oval', 'display_name': 'Adelaide Oval', 'short_name': 'Adelaide', 'abbrev': 'AO'}","{'id': 13, 'name': 'Melbourne Cricket Ground', 'display_name': 'MCG', 'short_name': 'MCG', 'abbrev': 'MCG'}",0.493117,0.4166666666666667,0.42287694974003465,5957.377049180328,5
0,566,1013197,Sam,Banks,RIC,121,21,105,432700,1541,1,19,-12300,180200,127,69,92,1836,2025-08-03T10:13:45+10:00,21,258,5,145,5,83,3,40,3,14,0,-7,0,0,0,4,0,1,87.6,2007,81.1053,80.0,GCS,68.25,1,"{'id': 13, 'abbrev': 'STK', 'name': 'St Kilda'}",0,"{'id': 9, 'abbrev': 'NTH', 'name': 'North Melbourne'}",1,"{'id': 7, 'abbrev': 'GEE', 'name': 'Geelong'}",0,Carrara Stadium,75.5,"{'id': 13, 'name': 'Melbourne Cricket Ground', 'display_name': 'MCG', 'short_name': 'MCG', 'abbrev': 'MCG'}","{'id': 226, 'name': 'Ninja Stadium', 'display_name': 'Ninja Stadium', 'short_name': 'Ninja', 'abbrev': 'NIN'}","{'id': 13, 'name': 'Melbourne Cricket Ground', 'display_name': 'MCG', 'short_name': 'MCG', 'abbrev': 'MCG'}",41.2369,1.141304347826087,0.8393246187363834,5335.03975695793,6
0,616,991939,Zaine,Cordy,STK,639,21,0,251200,31,0,1,0,0,632,413,0,108,2025-08-03T10:13:46+10:00,0,2,0,2,0,2,0,1,0,0,0,0,0,0,0,1,0,0,31.0,23,31.0,31.0,NTH,47.5,0,"{'id': 12, 'abbrev': 'RIC', 'name': 'Richmond'}",1,"{'id': 5, 'abbrev': 'ESS', 'name': 'Essendon'}",1,"{'id': 18, 'abbrev': 'GWS', 'name': 'GWS Giants'}",1,Docklands Stadium,53.0923,"{'id': 13, 'name': 'Melbourne Cricket Ground', 'display_name': 'MCG', 'short_name': 'MCG', 'abbrev': 'MCG'}","{'id': 7, 'name': 'Docklands Stadium', 'display_name': 'Marvel Stadium', 'short_name': 'Marvel', 'abbrev': 'MARV'}","{'id': 17, 'name': 'ENGIE Stadium', 'display_name': 'ENGIE Stadium', 'short_name': 'ENGIE', 'abbrev': 'ENS'}",0.47257,,0.28703703703703703,8103.225806451613,-7
0,142,1015332,Harvey,Harrison,COL,652,21,0,251000,0,0,0,0,0,644,413,0,0,2025-08-03T10:13:47+10:00,0,0,0,0,0,0,0,0,0,0,0,0,0,0,0,0,0,0,0.0,28,0.0,0.0,BRL,0.0,0,"{'id': 8, 'abbrev': 'HAW', 'name': 'Hawthorn'}",1,"{'id': 1, 'abbrev': 'ADE', 'name': 'Adelaide'}",1,"{'id': 10, 'abbrev': 'MEL', 'name': 'Melbourne'}",0,Melbourne Cricket Ground,49.4444,"{'id': 13, 'name': 'Melbourne Cricket Ground', 'display_name': 'MCG', 'short_name': 'MCG', 'abbrev': 'MCG'}","{'id': 1, 'name': 'Adelaide Oval', 'display_name': 'Adelaide Oval', 'short_name': 'Adelaide', 'abbrev': 'AO'}","{'id': 13, 'name': 'Melbourne Cricket Ground', 'display_name': 'MCG', 'short_name': 'MCG', 'abbrev': 'MCG'}",0.575303,,,,-8
0,52,1028105,Shadeau,Brain,BRL,652,21,0,250300,0,0,0,0,0,644,413,0,0,2025-08-03T10:13:47+10:00,0,0,0,0,0,0,0,0,0,0,0,0,0,0,0,0,0,0,0.0,23,0.0,0.0,COL,59.0,1,"{'id': 14, 'abbrev': 'SYD', 'name': 'Sydney'}",0,"{'id': 6, 'abbrev': 'FRE', 'name': 'Fremantle'}",1,"{'id': 8, 'abbrev': 'HAW', 'name': 'Hawthorn'}",0,Melbourne Cricket Ground,59.0,"{'id': 4, 'name': 'Brisbane Cricket Ground', 'display_name': 'Gabba', 'short_name': 'Gabba', 'abbrev': 'G'}","{'id': 53, 'name': 'Perth Stadium', 'display_name': 'Optus Stadium', 'short_name': 'Optus', 'abbrev': 'OS'}","{'id': 4, 'name': 'Brisbane Cricket Ground', 'display_name': 'Gabba', 'short_name': 'Gabba', 'abbrev': 'G'}",0.47257,,,,-8
0,442,996692,Marty,Hore,MEL,652,21,0,249700,0,0,0,0,0,644,413,0,0,2025-08-03T10:13:47+10:00,0,0,0,0,0,0,0,0,0,0,0,0,0,0,0,0,0,0,0.0,28,0.0,0.0,WCE,75.0,0,"{'id': 15, 'abbrev': 'WBD', 'name': 'Western Bulldogs'}",0,"{'id': 8, 'abbrev': 'HAW', 'name': 'Hawthorn'}",1,"{'id': 4, 'abbrev': 'COL', 'name': 'Collingwood'}",1,Docklands Stadium,0.0,"{'id': 13, 'name': 'Melbourne Cricket Ground', 'display_name': 'MCG', 'short_name': 'MCG', 'abbrev': 'MCG'}","{'id': 13, 'name': 'Melbourne Cricket Ground', 'display_name': 'MCG', 'short_name': 'MCG', 'abbrev': 'MCG'}","{'id': 13, 'name': 'Melbourne Cricket Ground', 'display_name': 'MCG', 'short_name': 'MCG', 'abbrev': 'MCG'}",0.575303,,,,-8
0,557,1017128,Dante,Visentini,PTA,443,21,0,238300,444,0,8,0,-10600,438,413,0,729,2025-08-03T10:13:46+10:00,0,27,0,42,0,13,0,22,0,10,0,-18,0,172,0,1,0,5,39.2,284,55.5,24.3333,GEE,74.6667,1,"{'id': 6, 'abbrev': 'FRE', 'name': 'Fremantle'}",0,"{'id': 3, 'abbrev': 'CAR', 'name': 'Carlton'}",1,"{'id': 17, 'abbrev': 'GCS', 'name': 'Gold Coast'}",0,Kardinia Park,70.0,"{'id': 1, 'name': 'Adelaide Oval', 'display_name': 'Adelaide Oval', 'short_name': 'Adelaide', 'abbrev': 'AO'}","{'id': 7, 'name': 'Docklands Stadium', 'display_name': 'Marvel Stadium', 'short_name': 'Marvel', 'abbrev': 'MARV'}","{'id': 1, 'name': 'Adelaide Oval', 'display_name': 'Adelaide Oval', 'short_name': 'Adelaide', 'abbrev': 'AO'}",5.83522,,0.6090534979423868,4293.693693693694,-5
0,708,1017087,Harvey,Gallagher,WBD,553,21,0,205100,179,0,5,0,-43300,545,413,0,389,2025-08-03T10:13:46+10:00,0,39,0,16,0,14,0,6,0,3,0,-3,0,0,0,0,0,0,35.8,37,35.8,24.3333,GWS,46.0,0,"{'id': 10, 'abbrev': 'MEL', 'name': 'Melbourne'}",1,"{'id': 16, 'abbrev': 'WCE', 'name': 'West Coast'}",0,"{'id': 6, 'abbrev': 'FRE', 'name': 'Fremantle'}",0,Docklands Stadium,46.9231,"{'id': 13, 'name': 'Melbourne Cricket Ground', 'display_name': 'MCG', 'short_name': 'MCG', 'abbrev': 'MCG'}","{'id': 7, 'name': 'Docklands Stadium', 'display_name': 'Marvel Stadium', 'short_name': 'Marvel', 'abbrev': 'MARV'}","{'id': 7, 'name': 'Docklands Stadium', 'display_name': 'Marvel Stadium', 'short_name': 'Marvel', 'abbrev': 'MARV'}",0.760222,,0.4601542416452442,5729.050279329609,-8
0,476,1020968,Jackson,Archer,NTH,590,21,0,229500,104,0,3,0,-18400,585,413,0,255,2025-08-03T10:13:46+10:00,0,13,0,11,0,3,0,3,0,2,0,-1,0,0,0,0,0,0,34.6667,25,34.6667,34.6667,STK,22.0,1,"{'id': 18, 'abbrev': 'GWS', 'name': 'GWS Giants'}",1,"{'id': 12, 'abbrev': 'RIC', 'name': 'Richmond'}",0,"{'id': 1, 'abbrev': 'ADE', 'name': 'Adelaide'}",0,Docklands Stadium,40.3846,"{'id': 11, 'name': 'Manuka Oval', 'display_name': 'Manuka Oval', 'short_name': 'Manuka', 'abbrev': 'MO'}","{'id': 226, 'name': 'Ninja Stadium', 'display_name': 'Ninja Stadium', 'short_name': 'Ninja', 'abbrev': 'NIN'}","{'id': 7, 'name': 'Docklands Stadium', 'display_name': 'Marvel Stadium', 'short_name': 'Marvel', 'abbrev': 'MARV'}",0.513663,,0.40784313725490196,6620.185942128902,-5
0,589,294592,Kamdyn,McIntosh,RIC,239,21,55,280100,1169,1,20,2600,32500,239,273,80,1810,2025-08-03T10:13:45+10:00,8,158,6,129,8,68,0,55,0,5,-2,-14,0,6,0,6,0,5,63.4,177,58.45,57.6667,GCS,60.75,1,"{'id': 13, 'abbrev': 'STK', 'name': 'St Kilda'}",0,"{'id': 9, 'abbrev': 'NTH', 'name': 'North Melbourne'}",1,"{'id': 7, 'abbrev': 'GEE', 'name': 'Geelong'}",0,Carrara Stadium,57.0769,"{'id': 13, 'name': 'Melbourne Cricket Ground', 'display_name': 'MCG', 'short_name': 'MCG', 'abbrev': 'MCG'}","{'id': 226, 'name': 'Ninja Stadium', 'display_name': 'Ninja Stadium', 'short_name': 'Ninja', 'abbrev': 'NIN'}","{'id': 13, 'name': 'Melbourne Cricket Ground', 'display_name': 'MCG', 'short_name': 'MCG', 'abbrev': 'MCG'}",3.63674,0.6875,0.6458563535911602,4792.130025662959,0
0,64,1003520,Darragh,Joyce,BRL,652,21,0,247300,0,0,0,0,0,644,413,0,0,2025-08-03T10:13:47+10:00,0,0,0,0,0,0,0,0,0,0,0,0,0,0,0,0,0,0,0.0,10,0.0,0.0,COL,42.5,1,"{'id': 14, 'abbrev': 'SYD', 'name': 'Sydney'}",0,"{'id': 6, 'abbrev': 'FRE', 'name': 'Fremantle'}",1,"{'id': 8, 'abbrev': 'HAW', 'name': 'Hawthorn'}",0,Melbourne Cricket Ground,46.0,"{'id': 4, 'name': 'Brisbane Cricket Ground', 'display_name': 'Gabba', 'short_name': 'Gabba', 'abbrev': 'G'}","{'id': 53, 'name': 'Perth Stadium', 'display_name': 'Optus Stadium', 'short_name': 'Optus', 'abbrev': 'OS'}","{'id': 4, 'name': 'Brisbane Cricket Ground', 'display_name': 'Gabba', 'short_name': 'Gabba', 'abbrev': 'G'}",0.205465,,,,-8
0,568,1013229,Jacob,Blight,RIC,452,21,0,289300,415,0,7,0,42900,448,413,0,755,2025-08-03T10:13:46+10:00,0,53,0,29,0,42,0,7,0,5,0,-2,0,19,0,3,0,1,62.8,49,59.2857,64.6667,GCS,0.0,1,"{'id': 13, 'abbrev': 'STK', 'name': 'St Kilda'}",0,"{'id': 9, 'abbrev': 'NTH', 'name': 'North Melbourne'}",1,"{'id': 7, 'abbrev': 'GEE', 'name': 'Geelong'}",0,Carrara Stadium,0.0,"{'id': 13, 'name': 'Melbourne Cricket Ground', 'display_name': 'MCG', 'short_name': 'MCG', 'abbrev': 'MCG'}","{'id': 226, 'name': 'Ninja Stadium', 'display_name': 'Ninja Stadium', 'short_name': 'Ninja', 'abbrev': 'NIN'}","{'id': 13, 'name': 'Melbourne Cricket Ground', 'display_name': 'MCG', 'short_name': 'MCG', 'abbrev': 'MCG'}",1.00678,,0.5496688741721855,4879.760211990412,-4
0,619,1027790,Hugo,Garcia,STK,331,21,64,332000,856,1,14,6100,86200,336,228,92,1142,2025-08-03T10:13:45+10:00,10,116,5,98,0,17,1,71,0,8,-1,-18,0,0,0,3,0,6,69.8,424,61.1429,70.0,NTH,60.0,0,"{'id': 12, 'abbrev': 'RIC', 'name': 'Richmond'}",1,"{'id': 5, 'abbrev': 'ESS', 'name': 'Essendon'}",1,"{'id': 18, 'abbrev': 'GWS', 'name': 'GWS Giants'}",1,Docklands Stadium,54.0,"{'id': 13, 'name': 'Melbourne Cricket Ground', 'display_name': 'MCG', 'short_name': 'MCG', 'abbrev': 'MCG'}","{'id': 7, 'name': 'Docklands Stadium', 'display_name': 'Marvel Stadium', 'short_name': 'Marvel', 'abbrev': 'MARV'}","{'id': 17, 'name': 'ENGIE Stadium', 'display_name': 'ENGIE Stadium', 'short_name': 'ENGIE', 'abbrev': 'ENS'}",8.71173,0.6956521739130435,0.7495621716287215,5429.902736049485,5
0,498,997933,Griffin,Logue,NTH,346,21,51,331500,795,1,13,9300,86300,352,294,100,1397,2025-08-03T10:13:46+10:00,4,72,8,71,5,52,1,21,2,11,-1,-13,0,3,0,0,0,0,65.0,67,61.1538,71.6667,STK,56.7143,1,"{'id': 18, 'abbrev': 'GWS', 'name': 'GWS Giants'}",1,"{'id': 12, 'abbrev': 'RIC', 'name': 'Richmond'}",0,"{'id': 1, 'abbrev': 'ADE', 'name': 'Adelaide'}",0,Docklands Stadium,62.8696,"{'id': 11, 'name': 'Manuka Oval', 'display_name': 'Manuka Oval', 'short_name': 'Manuka', 'abbrev': 'MO'}","{'id': 226, 'name': 'Ninja Stadium', 'display_name': 'Ninja Stadium', 'short_name': 'Ninja', 'abbrev': 'NIN'}","{'id': 7, 'name': 'Docklands Stadium', 'display_name': 'Marvel Stadium', 'short_name': 'Marvel', 'abbrev': 'MARV'}",1.37662,0.51,0.56907659269864,5420.7588081198555,6
0,422,1001024,Ned,Reeves,HAW,614,21,0,244600,64,0,1,0,0,610,413,0,106,2025-08-03T10:13:46+10:00,0,4,0,2,0,0,0,3,0,1,0,0,0,34,0,0,0,0,64.0,101,64.0,64.0,ADE,77.0,1,"{'id': 4, 'abbrev': 'COL', 'name': 'Collingwood'}",0,"{'id': 10, 'abbrev': 'MEL', 'name': 'Melbourne'}",0,"{'id': 2, 'abbrev': 'BRL', 'name': 'Brisbane'}",1,Adelaide Oval,65.5,"{'id': 13, 'name': 'Melbourne Cricket Ground', 'display_name': 'MCG', 'short_name': 'MCG', 'abbrev': 'MCG'}","{'id': 13, 'name': 'Melbourne Cricket Ground', 'display_name': 'MCG', 'short_name': 'MCG', 'abbrev': 'MCG'}","{'id': 4, 'name': 'Brisbane Cricket Ground', 'display_name': 'Gabba', 'short_name': 'Gabba', 'abbrev': 'G'}",2.0752,,0.6037735849056604,3821.875,-4
0,513,1007591,Brynn,Teakle,NTH,518,21,76,290100,251,1,3,45700,45700,548,177,100,296,2025-08-03T10:13:45+10:00,4,25,3,12,4,10,4,13,1,7,-2,-4,21,55,0,1,0,1,83.6667,1051,83.6667,83.6667,STK,68.0,1,"{'id': 18, 'abbrev': 'GWS', 'name': 'GWS Giants'}",1,"{'id': 12, 'abbrev': 'RIC', 'name': 'Richmond'}",0,"{'id': 1, 'abbrev': 'ADE', 'name': 'Adelaide'}",0,Docklands Stadium,57.1111,"{'id': 11, 'name': 'Manuka Oval', 'display_name': 'Manuka Oval', 'short_name': 'Manuka', 'abbrev': 'MO'}","{'id': 226, 'name': 'Ninja Stadium', 'display_name': 'Ninja Stadium', 'short_name': 'Ninja', 'abbrev': 'NIN'}","{'id': 7, 'name': 'Docklands Stadium', 'display_name': 'Marvel Stadium', 'short_name': 'Marvel', 'abbrev': 'MARV'}",21.5944,0.76,0.847972972972973,3467.3292958847424,30
0,588,1019916,Kane,McAuliffe,RIC,456,21,0,359200,408,0,5,0,114900,450,413,0,439,2025-08-03T10:13:46+10:00,0,36,0,56,0,20,0,24,0,0,0,-4,0,0,0,0,0,4,81.6,361,81.6,87.3333,GCS,0.0,1,"{'id': 13, 'abbrev': 'STK', 'name': 'St Kilda'}",0,"{'id': 9, 'abbrev': 'NTH', 'name': 'North Melbourne'}",1,"{'id': 7, 'abbrev': 'GEE', 'name': 'Geelong'}",0,Carrara Stadium,0.0,"{'id': 13, 'name': 'Melbourne Cricket Ground', 'display_name': 'MCG', 'short_name': 'MCG', 'abbrev': 'MCG'}","{'id': 226, 'name': 'Ninja Stadium', 'display_name': 'Ninja Stadium', 'short_name': 'Ninja', 'abbrev': 'NIN'}","{'id': 13, 'name': 'Melbourne Cricket Ground', 'display_name': 'MCG', 'short_name': 'MCG', 'abbrev': 'MCG'}",7.4173,,0.929384965831435,4401.9607843137255,-6
0,347,1015777,Ryan,Angwin,GWS,452,21,37,315600,415,1,6,0,73100,456,352,95,596,2025-08-03T10:13:46+10:00,4,51,3,48,3,24,3,23,0,9,0,-2,0,0,0,0,0,0,67.8,333,69.1667,63.3333,WBD,32.5,1,"{'id': 9, 'abbrev': 'NTH', 'name': 'North Melbourne'}",0,"{'id': 17, 'abbrev': 'GCS', 'name': 'Gold Coast'}",1,"{'id': 13, 'abbrev': 'STK', 'name': 'St Kilda'}",0,Docklands Stadium,50.0,"{'id': 11, 'name': 'Manuka Oval', 'display_name': 'Manuka Oval', 'short_name': 'Manuka', 'abbrev': 'MO'}","{'id': 5, 'name': 'Carrara Stadium', 'display_name': 'People First Stadium', 'short_name': 'People First', 'abbrev': 'PFS'}","{'id': 17, 'name': 'ENGIE Stadium', 'display_name': 'ENGIE Stadium', 'short_name': 'ENGIE', 'abbrev': 'ENS'}",6.842,0.3894736842105263,0.6963087248322147,4562.889367282232,4
0,693,1006232,Sam,Wicks,SYD,285,21,49,287400,1041,1,18,8400,45900,283,302,109,1877,2025-08-03T10:13:46+10:00,6,178,3,79,3,46,2,50,0,12,0,-12,0,0,0,0,0,3,56.2,134,57.8333,62.3333,ESS,65.8571,0,"{'id': 2, 'abbrev': 'BRL', 'name': 'Brisbane'}",1,"{'id': 7, 'abbrev': 'GEE', 'name': 'Geelong'}",0,"{'id': 16, 'abbrev': 'WCE', 'name': 'West Coast'}",1,Sydney Cricket Ground,59.697,"{'id': 4, 'name': 'Brisbane Cricket Ground', 'display_name': 'Gabba', 'short_name': 'Gabba', 'abbrev': 'G'}","{'id': 16, 'name': 'Sydney Cricket Ground', 'display_name': 'SCG', 'short_name': 'SCG', 'abbrev': 'SCG'}","{'id': 53, 'name': 'Perth Stadium', 'display_name': 'Optus Stadium', 'short_name': 'Optus', 'abbrev': 'OS'}",2.75324,0.44954128440366975,0.5546084176877997,4969.455313807097,-2
0,62,296269,Darcy,Gardiner,BRL,414,21,34,243600,570,1,11,6200,2500,412,358,115,937,2025-08-03T10:13:46+10:00,5,64,2,40,3,37,2,15,0,5,-3,-9,0,2,0,6,0,2,39.4,39,51.8182,52.3333,COL,53.4,1,"{'id': 14, 'abbrev': 'SYD', 'name': 'Sydney'}",0,"{'id': 6, 'abbrev': 'FRE', 'name': 'Fremantle'}",1,"{'id': 8, 'abbrev': 'HAW', 'name': 'Hawthorn'}",0,Melbourne Cricket Ground,63.1429,"{'id': 4, 'name': 'Brisbane Cricket Ground', 'display_name': 'Gabba', 'short_name': 'Gabba', 'abbrev': 'G'}","{'id': 53, 'name': 'Perth Stadium', 'display_name': 'Optus Stadium', 'short_name': 'Optus', 'abbrev': 'OS'}","{'id': 4, 'name': 'Brisbane Cricket Ground', 'display_name': 'Gabba', 'short_name': 'Gabba', 'abbrev': 'G'}",0.801315,0.2956521739130435,0.608324439701174,4701.050982087375,-2
0,743,1017057,Campbell,Chesser,WCE,604,21,78,239200,78,1,1,0,0,644,166,111,111,2025-08-03T10:13:45+10:00,13,13,4,4,4,4,2,2,0,0,-1,-1,0,0,1,1,0,0,78.0,28,78.0,78.0,MEL,56.6667,1,"{'id': 1, 'abbrev': 'ADE', 'name': 'Adelaide'}",0,"{'id': 15, 'abbrev': 'WBD', 'name': 'Western Bulldogs'}",1,"{'id': 14, 'abbrev': 'SYD', 'name': 'Sydney'}",0,Docklands Stadium,42.0,"{'id': 53, 'name': 'Perth Stadium', 'display_name': 'Optus Stadium', 'short_name': 'Optus', 'abbrev': 'OS'}","{'id': 7, 'name': 'Docklands Stadium', 'display_name': 'Marvel Stadium', 'short_name': 'Marvel', 'abbrev': 'MARV'}","{'id': 53, 'name': 'Perth Stadium', 'display_name': 'Optus Stadium', 'short_name': 'Optus', 'abbrev': 'OS'}",0.575303,0.7027027027027027,0.7027027027027027,3066.6666666666665,40
0,152,1012828,Finlay,Macrae,COL,652,21,0,237700,0,0,0,0,0,644,413,0,0,2025-08-03T10:13:47+10:00,0,0,0,0,0,0,0,0,0,0,0,0,0,0,0,0,0,0,0.0,38,0.0,0.0,BRL,38.5,0,"{'id': 8, 'abbrev': 'HAW', 'name': 'Hawthorn'}",1,"{'id': 1, 'abbrev': 'ADE', 'name': 'Adelaide'}",1,"{'id': 10, 'abbrev': 'MEL', 'name': 'Melbourne'}",0,Melbourne Cricket Ground,36.6923,"{'id': 13, 'name': 'Melbourne Cricket Ground', 'display_name': 'MCG', 'short_name': 'MCG', 'abbrev': 'MCG'}","{'id': 1, 'name': 'Adelaide Oval', 'display_name': 'Adelaide Oval', 'short_name': 'Adelaide', 'abbrev': 'AO'}","{'id': 13, 'name': 'Melbourne Cricket Ground', 'display_name': 'MCG', 'short_name': 'MCG', 'abbrev': 'MCG'}",0.780768,,,,-8
0,4,1000068,Chris,Burgess,ADE,652,21,0,237600,0,0,0,0,0,644,413,0,0,2025-08-03T10:13:46+10:00,0,0,0,0,0,0,0,0,0,0,0,0,0,0,0,0,0,0,0.0,16,0.0,0.0,HAW,55.6667,0,"{'id': 16, 'abbrev': 'WCE', 'name': 'West Coast'}",1,"{'id': 4, 'abbrev': 'COL', 'name': 'Collingwood'}",0,"{'id': 9, 'abbrev': 'NTH', 'name': 'North Melbourne'}",1,Adelaide Oval,45.1429,"{'id': 53, 'name': 'Perth Stadium', 'display_name': 'Optus Stadium', 'short_name': 'Optus', 'abbrev': 'OS'}","{'id': 1, 'name': 'Adelaide Oval', 'display_name': 'Adelaide Oval', 'short_name': 'Adelaide', 'abbrev': 'AO'}","{'id': 7, 'name': 'Docklands Stadium', 'display_name': 'Marvel Stadium', 'short_name': 'Marvel', 'abbrev': 'MARV'}",0.328745,,,,-8
0,308,1023537,Jhye,Clark,GEE,528,21,0,223500,237,0,6,0,-13900,517,413,0,399,2025-08-03T10:13:46+10:00,0,35,0,21,0,9,0,16,0,4,0,-1,0,0,0,1,0,2,43.6,52,39.5,37.6667,PTA,36.0,0,"{'id': 5, 'abbrev': 'ESS', 'name': 'Essendon'}",0,"{'id': 14, 'abbrev': 'SYD', 'name': 'Sydney'}",1,"{'id': 12, 'abbrev': 'RIC', 'name': 'Richmond'}",1,Kardinia Park,31.7143,"{'id': 10, 'name': 'Kardinia Park', 'display_name': 'GMHBA Stadium', 'short_name': 'GMHBA', 'abbrev': 'GMS'}","{'id': 16, 'name': 'Sydney Cricket Ground', 'display_name': 'SCG', 'short_name': 'SCG', 'abbrev': 'SCG'}","{'id': 13, 'name': 'Melbourne Cricket Ground', 'display_name': 'MCG', 'short_name': 'MCG', 'abbrev': 'MCG'}",1.06842,,0.5939849624060151,5658.227848101265,-11
0,596,1012386,Samson,Ryan,RIC,606,21,0,237100,77,0,2,0,0,602,413,0,159,2025-08-03T10:13:46+10:00,0,6,0,9,0,2,0,4,0,4,0,-4,0,34,0,0,0,0,38.5,87,38.5,38.5,GCS,39.0,1,"{'id': 13, 'abbrev': 'STK', 'name': 'St Kilda'}",0,"{'id': 9, 'abbrev': 'NTH', 'name': 'North Melbourne'}",1,"{'id': 7, 'abbrev': 'GEE', 'name': 'Geelong'}",0,Carrara Stadium,15.0,"{'id': 13, 'name': 'Melbourne Cricket Ground', 'display_name': 'MCG', 'short_name': 'MCG', 'abbrev': 'MCG'}","{'id': 226, 'name': 'Ninja Stadium', 'display_name': 'Ninja Stadium', 'short_name': 'Ninja', 'abbrev': 'NIN'}","{'id': 13, 'name': 'Melbourne Cricket Ground', 'display_name': 'MCG', 'short_name': 'MCG', 'abbrev': 'MCG'}",1.78755,,0.48427672955974843,6158.441558441558,-4
0,606,1018433,Tylar,Young,RIC,493,21,41,292300,296,1,4,6100,56400,505,336,104,412,2025-08-03T10:13:46+10:00,9,38,2,13,5,25,2,3,1,1,-2,-6,0,0,0,0,0,0,74.0,679,74.0,62.0,GCS,39.6667,1,"{'id': 13, 'abbrev': 'STK', 'name': 'St Kilda'}",0,"{'id': 9, 'abbrev': 'NTH', 'name': 'North Melbourne'}",1,"{'id': 7, 'abbrev': 'GEE', 'name': 'Geelong'}",0,Carrara Stadium,31.0,"{'id': 13, 'name': 'Melbourne Cricket Ground', 'display_name': 'MCG', 'short_name': 'MCG', 'abbrev': 'MCG'}","{'id': 226, 'name': 'Ninja Stadium', 'display_name': 'Ninja Stadium', 'short_name': 'Ninja', 'abbrev': 'NIN'}","{'id': 13, 'name': 'Melbourne Cricket Ground', 'display_name': 'MCG', 'short_name': 'MCG', 'abbrev': 'MCG'}",13.9511,0.3942307692307692,0.7184466019417476,3950.0,12
0,374,1027971,Toby,McMullin,GWS,436,21,14,217300,471,1,11,-19000,-18500,435,402,37,785,2025-08-03T10:13:46+10:00,3,75,4,51,1,25,1,16,1,8,-1,-8,0,0,0,1,1,6,40.0,33,42.8182,33.0,WBD,42.3333,1,"{'id': 9, 'abbrev': 'NTH', 'name': 'North Melbourne'}",0,"{'id': 17, 'abbrev': 'GCS', 'name': 'Gold Coast'}",1,"{'id': 13, 'abbrev': 'STK', 'name': 'St Kilda'}",0,Docklands Stadium,31.6667,"{'id': 11, 'name': 'Manuka Oval', 'display_name': 'Manuka Oval', 'short_name': 'Manuka', 'abbrev': 'MO'}","{'id': 5, 'name': 'Carrara Stadium', 'display_name': 'People First Stadium', 'short_name': 'People First', 'abbrev': 'PFS'}","{'id': 17, 'name': 'ENGIE Stadium', 'display_name': 'ENGIE Stadium', 'short_name': 'ENGIE', 'abbrev': 'ENS'}",0.678036,0.3783783783783784,0.6,5074.944766477806,-1
0,764,1023496,Noah,Long,WCE,511,21,0,187900,259,0,8,0,-47600,500,413,0,646,2025-08-03T10:13:46+10:00,0,32,0,21,0,15,0,14,0,1,0,-2,0,0,0,2,0,3,34.0,13,32.375,48.3333,MEL,49.0,1,"{'id': 1, 'abbrev': 'ADE', 'name': 'Adelaide'}",0,"{'id': 15, 'abbrev': 'WBD', 'name': 'Western Bulldogs'}",1,"{'id': 14, 'abbrev': 'SYD', 'name': 'Sydney'}",0,Docklands Stadium,50.6667,"{'id': 53, 'name': 'Perth Stadium', 'display_name': 'Optus Stadium', 'short_name': 'Optus', 'abbrev': 'OS'}","{'id': 7, 'name': 'Docklands Stadium', 'display_name': 'Marvel Stadium', 'short_name': 'Marvel', 'abbrev': 'MARV'}","{'id': 53, 'name': 'Perth Stadium', 'display_name': 'Optus Stadium', 'short_name': 'Optus', 'abbrev': 'OS'}",0.267105,,0.40092879256965946,5803.861003861004,-11
0,39,1017065,Zac,Taylor,ADE,419,21,19,213900,530,1,12,-7600,-21400,420,397,91,1021,2025-08-03T10:13:46+10:00,4,46,5,62,2,30,0,27,0,7,-1,-3,0,0,0,2,1,4,37.4,45,44.1667,38.6667,HAW,30.0,0,"{'id': 16, 'abbrev': 'WCE', 'name': 'West Coast'}",1,"{'id': 4, 'abbrev': 'COL', 'name': 'Collingwood'}",0,"{'id': 9, 'abbrev': 'NTH', 'name': 'North Melbourne'}",1,Adelaide Oval,38.0,"{'id': 53, 'name': 'Perth Stadium', 'display_name': 'Optus Stadium', 'short_name': 'Optus', 'abbrev': 'OS'}","{'id': 1, 'name': 'Adelaide Oval', 'display_name': 'Adelaide Oval', 'short_name': 'Adelaide', 'abbrev': 'AO'}","{'id': 7, 'name': 'Docklands Stadium', 'display_name': 'Marvel Stadium', 'short_name': 'Marvel', 'abbrev': 'MARV'}",0.924594,0.2087912087912088,0.5190989226248776,4843.015212818707,1
0,470,1020959,Daniel,Turner,MEL,238,21,69,327600,1170,1,16,-14400,93000,246,206,123,1719,2025-08-03T10:13:45+10:00,8,147,4,46,6,99,1,20,1,7,0,-10,0,0,0,6,0,4,60.2,1158,73.125,57.6667,WCE,86.3333,0,"{'id': 15, 'abbrev': 'WBD', 'name': 'Western Bulldogs'}",0,"{'id': 8, 'abbrev': 'HAW', 'name': 'Hawthorn'}",1,"{'id': 4, 'abbrev': 'COL', 'name': 'Collingwood'}",1,Docklands Stadium,42.25,"{'id': 13, 'name': 'Melbourne Cricket Ground', 'display_name': 'MCG', 'short_name': 'MCG', 'abbrev': 'MCG'}","{'id': 13, 'name': 'Melbourne Cricket Ground', 'display_name': 'MCG', 'short_name': 'MCG', 'abbrev': 'MCG'}","{'id': 13, 'name': 'Melbourne Cricket Ground', 'display_name': 'MCG', 'short_name': 'MCG', 'abbrev': 'MCG'}",23.7929,0.5609756097560976,0.680628272251309,4480.0,8
0,522,294472,Rory,Atkins,PTA,569,21,0,233700,139,0,2,0,0,561,413,0,169,2025-08-03T10:13:46+10:00,0,22,0,13,0,8,0,2,0,1,0,-1,0,0,0,0,0,0,69.5,22,69.5,69.5,GEE,65.5556,1,"{'id': 6, 'abbrev': 'FRE', 'name': 'Fremantle'}",0,"{'id': 3, 'abbrev': 'CAR', 'name': 'Carlton'}",1,"{'id': 17, 'abbrev': 'GCS', 'name': 'Gold Coast'}",0,Kardinia Park,47.6667,"{'id': 1, 'name': 'Adelaide Oval', 'display_name': 'Adelaide Oval', 'short_name': 'Adelaide', 'abbrev': 'AO'}","{'id': 7, 'name': 'Docklands Stadium', 'display_name': 'Marvel Stadium', 'short_name': 'Marvel', 'abbrev': 'MARV'}","{'id': 1, 'name': 'Adelaide Oval', 'display_name': 'Adelaide Oval', 'short_name': 'Adelaide', 'abbrev': 'AO'}",0.452024,,0.8224852071005917,3362.589928057554,-8
0,296,290832,David,Swallow,GCS,505,21,0,211700,268,0,7,0,-21900,496,413,0,439,2025-08-03T10:13:46+10:00,0,20,0,31,0,10,0,15,0,2,0,-4,0,0,0,2,0,2,37.6,25,38.2857,48.0,RIC,91.7273,0,"{'id': 3, 'abbrev': 'CAR', 'name': 'Carlton'}",1,"{'id': 18, 'abbrev': 'GWS', 'name': 'GWS Giants'}",0,"{'id': 11, 'abbrev': 'PTA', 'name': 'Port Adelaide'}",1,Carrara Stadium,80.5288,"{'id': 7, 'name': 'Docklands Stadium', 'display_name': 'Marvel Stadium', 'short_name': 'Marvel', 'abbrev': 'MARV'}","{'id': 5, 'name': 'Carrara Stadium', 'display_name': 'People First Stadium', 'short_name': 'People First', 'abbrev': 'PFS'}","{'id': 1, 'name': 'Adelaide Oval', 'display_name': 'Adelaide Oval', 'short_name': 'Adelaide', 'abbrev': 'AO'}",0.513663,,0.6104783599088838,5529.479675178984,-9
0,759,1036098,Jack,Hutchinson,WCE,311,21,0,312500,913,0,16,0,79000,301,413,0,1573,2025-08-03T10:13:46+10:00,0,123,0,90,0,66,0,49,0,13,0,-11,0,0,0,1,0,7,64.2,147,57.0625,69.0,MEL,65.5,1,"{'id': 1, 'abbrev': 'ADE', 'name': 'Adelaide'}",0,"{'id': 15, 'abbrev': 'WBD', 'name': 'Western Bulldogs'}",1,"{'id': 14, 'abbrev': 'SYD', 'name': 'Sydney'}",0,Docklands Stadium,42.25,"{'id': 53, 'name': 'Perth Stadium', 'display_name': 'Optus Stadium', 'short_name': 'Optus', 'abbrev': 'OS'}","{'id': 7, 'name': 'Docklands Stadium', 'display_name': 'Marvel Stadium', 'short_name': 'Marvel', 'abbrev': 'MARV'}","{'id': 53, 'name': 'Perth Stadium', 'display_name': 'Optus Stadium', 'short_name': 'Optus', 'abbrev': 'OS'}",3.02034,,0.5804195804195804,5476.45125958379,-10
0,786,1017255,Francis,Evans,CAR,484,21,78,237600,322,1,7,13200,4400,514,166,97,629,2025-08-03T10:13:45+10:00,7,42,5,22,3,18,5,19,0,5,-2,-8,0,0,2,4,1,5,52.6,12,46.0,55.0,FRE,78.0,1,"{'id': 17, 'abbrev': 'GCS', 'name': 'Gold Coast'}",0,"{'id': 11, 'abbrev': 'PTA', 'name': 'Port Adelaide'}",0,"{'id': 5, 'abbrev': 'ESS', 'name': 'Essendon'}",1,Perth Stadium,78.0,"{'id': 7, 'name': 'Docklands Stadium', 'display_name': 'Marvel Stadium', 'short_name': 'Marvel', 'abbrev': 'MARV'}","{'id': 7, 'name': 'Docklands Stadium', 'display_name': 'Marvel Stadium', 'short_name': 'Marvel', 'abbrev': 'MARV'}","{'id': 13, 'name': 'Melbourne Cricket Ground', 'display_name': 'MCG', 'short_name': 'MCG', 'abbrev': 'MCG'}",0.246558,0.8041237113402062,0.5119236883942766,5165.217391304348,30
0,554,1017078,Josh,Sinn,PTA,317,21,26,238900,901,1,18,-16000,9400,316,382,74,1496,2025-08-03T10:13:46+10:00,8,158,2,51,0,58,0,23,0,6,0,-6,0,0,0,0,0,1,41.6,138,50.0556,39.0,GEE,25.25,1,"{'id': 6, 'abbrev': 'FRE', 'name': 'Fremantle'}",0,"{'id': 3, 'abbrev': 'CAR', 'name': 'Carlton'}",1,"{'id': 17, 'abbrev': 'GCS', 'name': 'Gold Coast'}",0,Kardinia Park,38.0,"{'id': 1, 'name': 'Adelaide Oval', 'display_name': 'Adelaide Oval', 'short_name': 'Adelaide', 'abbrev': 'AO'}","{'id': 7, 'name': 'Docklands Stadium', 'display_name': 'Marvel Stadium', 'short_name': 'Marvel', 'abbrev': 'MARV'}","{'id': 1, 'name': 'Adelaide Oval', 'display_name': 'Adelaide Oval', 'short_name': 'Adelaide', 'abbrev': 'AO'}",2.83542,0.35135135135135137,0.6022727272727273,4772.692765644603,-1
0,741,1013511,Tyler,Brockman,WCE,308,21,32,258100,925,1,17,-16300,31300,310,366,104,1672,2025-08-03T10:13:46+10:00,5,97,3,108,3,40,0,49,0,14,-1,-20,0,0,1,13,1,11,45.8,43,54.4118,42.6667,MEL,41.0,1,"{'id': 1, 'abbrev': 'ADE', 'name': 'Adelaide'}",0,"{'id': 15, 'abbrev': 'WBD', 'name': 'Western Bulldogs'}",1,"{'id': 14, 'abbrev': 'SYD', 'name': 'Sydney'}",0,Docklands Stadium,41.6,"{'id': 53, 'name': 'Perth Stadium', 'display_name': 'Optus Stadium', 'short_name': 'Optus', 'abbrev': 'OS'}","{'id': 7, 'name': 'Docklands Stadium', 'display_name': 'Marvel Stadium', 'short_name': 'Marvel', 'abbrev': 'MARV'}","{'id': 53, 'name': 'Perth Stadium', 'display_name': 'Optus Stadium', 'short_name': 'Optus', 'abbrev': 'OS'}",0.883501,0.3076923076923077,0.5532296650717703,4743.456382622887,2
0,280,1024666,Lloyd,Johnston,GCS,652,21,0,226500,0,0,0,0,0,644,413,0,0,2025-08-03T10:13:47+10:00,0,0,0,0,0,0,0,0,0,0,0,0,0,0,0,0,0,0,0.0,14,0.0,0.0,RIC,0.0,0,"{'id': 3, 'abbrev': 'CAR', 'name': 'Carlton'}",1,"{'id': 18, 'abbrev': 'GWS', 'name': 'GWS Giants'}",0,"{'id': 11, 'abbrev': 'PTA', 'name': 'Port Adelaide'}",1,Carrara Stadium,39.6667,"{'id': 7, 'name': 'Docklands Stadium', 'display_name': 'Marvel Stadium', 'short_name': 'Marvel', 'abbrev': 'MARV'}","{'id': 5, 'name': 'Carrara Stadium', 'display_name': 'People First Stadium', 'short_name': 'People First', 'abbrev': 'PFS'}","{'id': 1, 'name': 'Adelaide Oval', 'display_name': 'Adelaide Oval', 'short_name': 'Adelaide', 'abbrev': 'AO'}",0.287652,,,,-8
0,2,1023534,Hugh,Bond,ADE,620,21,54,225200,54,1,1,0,0,644,282,106,106,2025-08-03T10:13:46+10:00,3,3,11,11,2,2,3,3,0,0,-2,-2,0,0,0,0,0,0,54.0,21,54.0,54.0,HAW,55.0,0,"{'id': 16, 'abbrev': 'WCE', 'name': 'West Coast'}",1,"{'id': 4, 'abbrev': 'COL', 'name': 'Collingwood'}",0,"{'id': 9, 'abbrev': 'NTH', 'name': 'North Melbourne'}",1,Adelaide Oval,54.4,"{'id': 53, 'name': 'Perth Stadium', 'display_name': 'Optus Stadium', 'short_name': 'Optus', 'abbrev': 'OS'}","{'id': 1, 'name': 'Adelaide Oval', 'display_name': 'Adelaide Oval', 'short_name': 'Adelaide', 'abbrev': 'AO'}","{'id': 7, 'name': 'Docklands Stadium', 'display_name': 'Marvel Stadium', 'short_name': 'Marvel', 'abbrev': 'MARV'}",0.431477,0.5094339622641509,0.5094339622641509,4170.37037037037,24
0,613,1013233,Jack,Carroll,STK,608,21,0,199100,75,0,3,0,-25400,604,413,0,127,2025-08-03T10:13:46+10:00,0,11,0,5,0,4,0,4,0,1,0,-3,0,0,0,0,0,0,25.0,17,25.0,25.0,NTH,55.5,0,"{'id': 12, 'abbrev': 'RIC', 'name': 'Richmond'}",1,"{'id': 5, 'abbrev': 'ESS', 'name': 'Essendon'}",1,"{'id': 18, 'abbrev': 'GWS', 'name': 'GWS Giants'}",1,Docklands Stadium,41.0,"{'id': 13, 'name': 'Melbourne Cricket Ground', 'display_name': 'MCG', 'short_name': 'MCG', 'abbrev': 'MCG'}","{'id': 7, 'name': 'Docklands Stadium', 'display_name': 'Marvel Stadium', 'short_name': 'Marvel', 'abbrev': 'MARV'}","{'id': 17, 'name': 'ENGIE Stadium', 'display_name': 'ENGIE Stadium', 'short_name': 'ENGIE', 'abbrev': 'ENS'}",0.349291,,0.5905511811023622,7964.0,-4
0,252,1017754,Patrick,Voss,FRE,304,21,63,321600,951,1,16,17100,97800,311,232,110,1626,2025-08-03T10:13:45+10:00,7,104,3,54,3,51,2,41,2,16,-2,-24,0,32,3,28,0,21,62.0,175,59.4375,74.0,CAR,63.0,0,"{'id': 11, 'abbrev': 'PTA', 'name': 'Port Adelaide'}",1,"{'id': 2, 'abbrev': 'BRL', 'name': 'Brisbane'}",0,"{'id': 15, 'abbrev': 'WBD', 'name': 'Western Bulldogs'}",1,Perth Stadium,53.2667,"{'id': 1, 'name': 'Adelaide Oval', 'display_name': 'Adelaide Oval', 'short_name': 'Adelaide', 'abbrev': 'AO'}","{'id': 53, 'name': 'Perth Stadium', 'display_name': 'Optus Stadium', 'short_name': 'Optus', 'abbrev': 'OS'}","{'id': 7, 'name': 'Docklands Stadium', 'display_name': 'Marvel Stadium', 'short_name': 'Marvel', 'abbrev': 'MARV'}",3.59564,0.5727272727272728,0.584870848708487,5410.725552050473,7
0,765,1029416,Ryan,Maric,WCE,79,21,141,430100,1712,1,20,35400,206300,85,13,114,2009,2025-08-03T10:13:45+10:00,20,291,9,127,4,79,4,37,0,8,0,-8,0,0,1,1,0,0,96.2,2905,85.6,106.0,MEL,112.333,1,"{'id': 1, 'abbrev': 'ADE', 'name': 'Adelaide'}",0,"{'id': 15, 'abbrev': 'WBD', 'name': 'Western Bulldogs'}",1,"{'id': 14, 'abbrev': 'SYD', 'name': 'Sydney'}",0,Docklands Stadium,70.5,"{'id': 53, 'name': 'Perth Stadium', 'display_name': 'Optus Stadium', 'short_name': 'Optus', 'abbrev': 'OS'}","{'id': 7, 'name': 'Docklands Stadium', 'display_name': 'Marvel Stadium', 'short_name': 'Marvel', 'abbrev': 'MARV'}","{'id': 53, 'name': 'Perth Stadium', 'display_name': 'Optus Stadium', 'short_name': 'Optus', 'abbrev': 'OS'}",59.6877,1.236842105263158,0.852165256346441,5024.532710280374,6
0,38,1008752,Kieran,Strachan,ADE,652,21,0,223100,0,0,0,0,0,644,413,0,0,2025-08-03T10:13:46+10:00,0,0,0,0,0,0,0,0,0,0,0,0,0,0,0,0,0,0,0.0,40,0.0,0.0,HAW,0.0,0,"{'id': 16, 'abbrev': 'WCE', 'name': 'West Coast'}",1,"{'id': 4, 'abbrev': 'COL', 'name': 'Collingwood'}",0,"{'id': 9, 'abbrev': 'NTH', 'name': 'North Melbourne'}",1,Adelaide Oval,78.6,"{'id': 53, 'name': 'Perth Stadium', 'display_name': 'Optus Stadium', 'short_name': 'Optus', 'abbrev': 'OS'}","{'id': 1, 'name': 'Adelaide Oval', 'display_name': 'Adelaide Oval', 'short_name': 'Adelaide', 'abbrev': 'AO'}","{'id': 7, 'name': 'Docklands Stadium', 'display_name': 'Marvel Stadium', 'short_name': 'Marvel', 'abbrev': 'MARV'}",0.821862,,,,-8
0,394,280744,Luke,Breust,HAW,556,21,0,205300,175,0,5,0,-15000,548,413,0,290,2025-08-03T10:13:46+10:00,0,22,0,14,0,9,0,7,0,4,0,-3,0,0,0,3,0,1,35.0,14,35.0,42.3333,ADE,71.0,1,"{'id': 4, 'abbrev': 'COL', 'name': 'Collingwood'}",0,"{'id': 10, 'abbrev': 'MEL', 'name': 'Melbourne'}",0,"{'id': 2, 'abbrev': 'BRL', 'name': 'Brisbane'}",1,Adelaide Oval,70.4444,"{'id': 13, 'name': 'Melbourne Cricket Ground', 'display_name': 'MCG', 'short_name': 'MCG', 'abbrev': 'MCG'}","{'id': 13, 'name': 'Melbourne Cricket Ground', 'display_name': 'MCG', 'short_name': 'MCG', 'abbrev': 'MCG'}","{'id': 4, 'name': 'Brisbane Cricket Ground', 'display_name': 'Gabba', 'short_name': 'Gabba', 'abbrev': 'G'}",0.287652,,0.603448275862069,5865.714285714285,-8
0,699,1005717,Nick,Coffield,WBD,542,21,0,224700,195,0,4,0,6500,535,413,0,401,2025-08-03T10:13:46+10:00,0,31,0,20,0,27,0,4,0,2,0,-4,0,0,0,0,0,0,48.75,18,48.75,46.0,GWS,66.5,0,"{'id': 10, 'abbrev': 'MEL', 'name': 'Melbourne'}",1,"{'id': 16, 'abbrev': 'WCE', 'name': 'West Coast'}",0,"{'id': 6, 'abbrev': 'FRE', 'name': 'Fremantle'}",0,Docklands Stadium,60.04,"{'id': 13, 'name': 'Melbourne Cricket Ground', 'display_name': 'MCG', 'short_name': 'MCG', 'abbrev': 'MCG'}","{'id': 7, 'name': 'Docklands Stadium', 'display_name': 'Marvel Stadium', 'short_name': 'Marvel', 'abbrev': 'MARV'}","{'id': 7, 'name': 'Docklands Stadium', 'display_name': 'Marvel Stadium', 'short_name': 'Marvel', 'abbrev': 'MARV'}",0.369838,,0.486284289276808,4609.2307692307695,-7
0,610,992374,Dan,Butler,STK,532,21,0,175100,224,0,6,0,-41400,525,413,0,462,2025-08-03T10:13:46+10:00,0,31,0,15,0,13,0,9,0,3,0,-4,0,0,0,7,0,2,27.6,34,37.3333,23.3333,NTH,55.1429,0,"{'id': 12, 'abbrev': 'RIC', 'name': 'Richmond'}",1,"{'id': 5, 'abbrev': 'ESS', 'name': 'Essendon'}",1,"{'id': 18, 'abbrev': 'GWS', 'name': 'GWS Giants'}",1,Docklands Stadium,53.6557,"{'id': 13, 'name': 'Melbourne Cricket Ground', 'display_name': 'MCG', 'short_name': 'MCG', 'abbrev': 'MCG'}","{'id': 7, 'name': 'Docklands Stadium', 'display_name': 'Marvel Stadium', 'short_name': 'Marvel', 'abbrev': 'MARV'}","{'id': 17, 'name': 'ENGIE Stadium', 'display_name': 'ENGIE Stadium', 'short_name': 'ENGIE', 'abbrev': 'ENS'}",0.698582,,0.48484848484848486,4690.182759091749,-7
0,567,1021152,Jacob,Bauer,RIC,575,21,0,163500,127,0,5,0,-52800,566,413,0,380,2025-08-03T10:13:46+10:00,0,16,0,10,0,11,0,4,0,3,0,-2,0,1,0,3,0,3,25.4,13,25.4,16.0,GCS,61.0,1,"{'id': 13, 'abbrev': 'STK', 'name': 'St Kilda'}",0,"{'id': 9, 'abbrev': 'NTH', 'name': 'North Melbourne'}",1,"{'id': 7, 'abbrev': 'GEE', 'name': 'Geelong'}",0,Carrara Stadium,0.0,"{'id': 13, 'name': 'Melbourne Cricket Ground', 'display_name': 'MCG', 'short_name': 'MCG', 'abbrev': 'MCG'}","{'id': 226, 'name': 'Ninja Stadium', 'display_name': 'Ninja Stadium', 'short_name': 'Ninja', 'abbrev': 'NIN'}","{'id': 13, 'name': 'Melbourne Cricket Ground', 'display_name': 'MCG', 'short_name': 'MCG', 'abbrev': 'MCG'}",0.267105,,0.33421052631578946,6437.007874015749,-9
0,104,296334,Orazio,Fantasia,CAR,470,21,0,263400,346,0,6,0,48300,464,413,0,527,2025-08-03T10:13:46+10:00,0,41,0,27,0,18,0,13,0,1,0,-4,0,0,0,7,0,4,60.8,36,57.6667,56.6667,FRE,65.7143,1,"{'id': 17, 'abbrev': 'GCS', 'name': 'Gold Coast'}",0,"{'id': 11, 'abbrev': 'PTA', 'name': 'Port Adelaide'}",0,"{'id': 5, 'abbrev': 'ESS', 'name': 'Essendon'}",1,Perth Stadium,54.2,"{'id': 7, 'name': 'Docklands Stadium', 'display_name': 'Marvel Stadium', 'short_name': 'Marvel', 'abbrev': 'MARV'}","{'id': 7, 'name': 'Docklands Stadium', 'display_name': 'Marvel Stadium', 'short_name': 'Marvel', 'abbrev': 'MARV'}","{'id': 13, 'name': 'Melbourne Cricket Ground', 'display_name': 'MCG', 'short_name': 'MCG', 'abbrev': 'MCG'}",0.739675,,0.6565464895635673,4567.627417556406,-6
0,664,990816,Aaron,Francis,SYD,446,21,0,189800,437,0,10,0,-24000,441,413,0,770,2025-08-03T10:13:46+10:00,0,55,0,33,0,33,0,12,0,9,0,-9,0,0,0,5,0,8,40.0,17,43.7,39.6667,ESS,14.0,0,"{'id': 2, 'abbrev': 'BRL', 'name': 'Brisbane'}",1,"{'id': 7, 'abbrev': 'GEE', 'name': 'Geelong'}",0,"{'id': 16, 'abbrev': 'WCE', 'name': 'West Coast'}",1,Sydney Cricket Ground,53.3529,"{'id': 4, 'name': 'Brisbane Cricket Ground', 'display_name': 'Gabba', 'short_name': 'Gabba', 'abbrev': 'G'}","{'id': 16, 'name': 'Sydney Cricket Ground', 'display_name': 'SCG', 'short_name': 'SCG', 'abbrev': 'SCG'}","{'id': 53, 'name': 'Perth Stadium', 'display_name': 'Optus Stadium', 'short_name': 'Optus', 'abbrev': 'OS'}",0.349291,,0.5675324675324676,4343.24942791762,-5
0,601,1017114,Tyler,Sonsie,RIC,391,21,42,309700,643,1,13,21900,96500,392,332,98,1178,2025-08-03T10:13:46+10:00,7,105,6,86,3,50,1,22,0,6,0,-4,0,0,0,3,0,9,65.8,137,49.4615,74.3333,GCS,18.0,1,"{'id': 13, 'abbrev': 'STK', 'name': 'St Kilda'}",0,"{'id': 9, 'abbrev': 'NTH', 'name': 'North Melbourne'}",1,"{'id': 7, 'abbrev': 'GEE', 'name': 'Geelong'}",0,Carrara Stadium,42.0,"{'id': 13, 'name': 'Melbourne Cricket Ground', 'display_name': 'MCG', 'short_name': 'MCG', 'abbrev': 'MCG'}","{'id': 226, 'name': 'Ninja Stadium', 'display_name': 'Ninja Stadium', 'short_name': 'Ninja', 'abbrev': 'NIN'}","{'id': 13, 'name': 'Melbourne Cricket Ground', 'display_name': 'MCG', 'short_name': 'MCG', 'abbrev': 'MCG'}",2.81488,0.42857142857142855,0.5458404074702886,6261.435662080608,1
0,332,1024982,Oisin,Mullin,GEE,327,21,38,247700,866,1,19,4700,35400,326,347,95,1930,2025-08-03T10:13:46+10:00,6,112,4,82,2,65,0,58,1,15,0,-17,0,0,0,0,1,4,49.8,44,45.5789,52.3333,PTA,42.3333,0,"{'id': 5, 'abbrev': 'ESS', 'name': 'Essendon'}",0,"{'id': 14, 'abbrev': 'SYD', 'name': 'Sydney'}",1,"{'id': 12, 'abbrev': 'RIC', 'name': 'Richmond'}",1,Kardinia Park,42.5625,"{'id': 10, 'name': 'Kardinia Park', 'display_name': 'GMHBA Stadium', 'short_name': 'GMHBA', 'abbrev': 'GMS'}","{'id': 16, 'name': 'Sydney Cricket Ground', 'display_name': 'SCG', 'short_name': 'SCG', 'abbrev': 'SCG'}","{'id': 13, 'name': 'Melbourne Cricket Ground', 'display_name': 'MCG', 'short_name': 'MCG', 'abbrev': 'MCG'}",0.904048,0.4,0.44870466321243524,5434.532206788668,-1
0,293,1005986,Malcolm,Rosas,GCS,579,21,0,208300,118,0,3,0,-3700,574,413,0,214,2025-08-03T10:13:46+10:00,0,15,0,6,0,4,0,4,0,2,0,-1,0,0,0,1,0,3,39.3333,8,39.3333,39.3333,RIC,34.6667,0,"{'id': 3, 'abbrev': 'CAR', 'name': 'Carlton'}",1,"{'id': 18, 'abbrev': 'GWS', 'name': 'GWS Giants'}",0,"{'id': 11, 'abbrev': 'PTA', 'name': 'Port Adelaide'}",1,Carrara Stadium,45.3684,"{'id': 7, 'name': 'Docklands Stadium', 'display_name': 'Marvel Stadium', 'short_name': 'Marvel', 'abbrev': 'MARV'}","{'id': 5, 'name': 'Carrara Stadium', 'display_name': 'People First Stadium', 'short_name': 'People First', 'abbrev': 'PFS'}","{'id': 1, 'name': 'Adelaide Oval', 'display_name': 'Adelaide Oval', 'short_name': 'Adelaide', 'abbrev': 'AO'}",0.164372,,0.5514018691588785,5295.767199802712,-5
0,292,1018123,Jake,Rogers,GCS,500,21,0,170600,277,0,8,0,-39500,490,413,0,518,2025-08-03T10:13:46+10:00,0,31,0,28,0,9,0,9,0,3,0,-5,0,0,0,4,0,2,31.2,47,34.625,20.3333,RIC,24.5,0,"{'id': 3, 'abbrev': 'CAR', 'name': 'Carlton'}",1,"{'id': 18, 'abbrev': 'GWS', 'name': 'GWS Giants'}",0,"{'id': 11, 'abbrev': 'PTA', 'name': 'Port Adelaide'}",1,Carrara Stadium,47.75,"{'id': 7, 'name': 'Docklands Stadium', 'display_name': 'Marvel Stadium', 'short_name': 'Marvel', 'abbrev': 'MARV'}","{'id': 5, 'name': 'Carrara Stadium', 'display_name': 'People First Stadium', 'short_name': 'People First', 'abbrev': 'PFS'}","{'id': 1, 'name': 'Adelaide Oval', 'display_name': 'Adelaide Oval', 'short_name': 'Adelaide', 'abbrev': 'AO'}",0.965687,,0.5347490347490348,4927.075812274368,-10
0,506,1002138,Toby,Pink,NTH,326,21,73,303600,869,1,14,14500,94200,334,193,118,1705,2025-08-03T10:13:45+10:00,9,104,6,51,5,70,1,20,1,12,0,-12,0,0,0,0,0,0,63.8,80,62.0714,69.0,STK,41.0,1,"{'id': 18, 'abbrev': 'GWS', 'name': 'GWS Giants'}",1,"{'id': 12, 'abbrev': 'RIC', 'name': 'Richmond'}",0,"{'id': 1, 'abbrev': 'ADE', 'name': 'Adelaide'}",0,Docklands Stadium,46.9231,"{'id': 11, 'name': 'Manuka Oval', 'display_name': 'Manuka Oval', 'short_name': 'Manuka', 'abbrev': 'MO'}","{'id': 226, 'name': 'Ninja Stadium', 'display_name': 'Ninja Stadium', 'short_name': 'Ninja', 'abbrev': 'NIN'}","{'id': 7, 'name': 'Docklands Stadium', 'display_name': 'Marvel Stadium', 'short_name': 'Marvel', 'abbrev': 'MARV'}",1.64372,0.6186440677966102,0.5096774193548387,4891.1414918948185,8
0,103,1008510,Corey,Durdin,CAR,401,21,57,184900,616,1,13,2200,-24000,406,261,54,1074,2025-08-03T10:13:45+10:00,9,69,2,35,2,30,1,24,0,7,0,-5,0,0,1,14,1,7,37.0,64,47.3846,38.3333,FRE,37.25,1,"{'id': 17, 'abbrev': 'GCS', 'name': 'Gold Coast'}",0,"{'id': 11, 'abbrev': 'PTA', 'name': 'Port Adelaide'}",0,"{'id': 5, 'abbrev': 'ESS', 'name': 'Essendon'}",1,Perth Stadium,55.0,"{'id': 7, 'name': 'Docklands Stadium', 'display_name': 'Marvel Stadium', 'short_name': 'Marvel', 'abbrev': 'MARV'}","{'id': 7, 'name': 'Docklands Stadium', 'display_name': 'Marvel Stadium', 'short_name': 'Marvel', 'abbrev': 'MARV'}","{'id': 13, 'name': 'Melbourne Cricket Ground', 'display_name': 'MCG', 'short_name': 'MCG', 'abbrev': 'MCG'}",1.31498,1.0555555555555556,0.5735567970204841,3902.111656529759,5
0,283,294013,Sean,Lemmens,GCS,628,21,0,207500,45,0,1,0,0,622,413,0,82,2025-08-03T10:13:46+10:00,0,4,0,6,0,1,0,2,0,0,0,-1,0,0,0,0,0,0,45.0,8,45.0,45.0,RIC,47.0,0,"{'id': 3, 'abbrev': 'CAR', 'name': 'Carlton'}",1,"{'id': 18, 'abbrev': 'GWS', 'name': 'GWS Giants'}",0,"{'id': 11, 'abbrev': 'PTA', 'name': 'Port Adelaide'}",1,Carrara Stadium,51.5672,"{'id': 7, 'name': 'Docklands Stadium', 'display_name': 'Marvel Stadium', 'short_name': 'Marvel', 'abbrev': 'MARV'}","{'id': 5, 'name': 'Carrara Stadium', 'display_name': 'People First Stadium', 'short_name': 'People First', 'abbrev': 'PFS'}","{'id': 1, 'name': 'Adelaide Oval', 'display_name': 'Adelaide Oval', 'short_name': 'Adelaide', 'abbrev': 'AO'}",0.164372,,0.5487804878048781,4611.111111111111,-6
0,541,1012881,Ollie,Lord,PTA,416,21,49,188300,538,1,12,-12800,-16200,425,302,98,1250,2025-08-03T10:13:46+10:00,4,37,1,41,3,25,1,15,0,4,0,-18,2,15,2,10,1,6,35.8,33,44.8333,30.6667,GEE,36.0,1,"{'id': 6, 'abbrev': 'FRE', 'name': 'Fremantle'}",0,"{'id': 3, 'abbrev': 'CAR', 'name': 'Carlton'}",1,"{'id': 17, 'abbrev': 'GCS', 'name': 'Gold Coast'}",0,Kardinia Park,35.5,"{'id': 1, 'name': 'Adelaide Oval', 'display_name': 'Adelaide Oval', 'short_name': 'Adelaide', 'abbrev': 'AO'}","{'id': 7, 'name': 'Docklands Stadium', 'display_name': 'Marvel Stadium', 'short_name': 'Marvel', 'abbrev': 'MARV'}","{'id': 1, 'name': 'Adelaide Oval', 'display_name': 'Adelaide Oval', 'short_name': 'Adelaide', 'abbrev': 'AO'}",0.678036,0.5,0.4304,4200.0031226789015,9
0,584,1028491,Sam,Lalor,RIC,403,21,0,267300,607,0,11,0,63800,390,413,0,1024,2025-08-03T10:13:46+10:00,0,55,0,77,0,33,0,26,0,11,0,-3,0,0,0,11,0,5,44.2,624,55.1818,38.0,GCS,70.0,1,"{'id': 13, 'abbrev': 'STK', 'name': 'St Kilda'}",0,"{'id': 9, 'abbrev': 'NTH', 'name': 'North Melbourne'}",1,"{'id': 7, 'abbrev': 'GEE', 'name': 'Geelong'}",0,Carrara Stadium,0.0,"{'id': 13, 'name': 'Melbourne Cricket Ground', 'display_name': 'MCG', 'short_name': 'MCG', 'abbrev': 'MCG'}","{'id': 226, 'name': 'Ninja Stadium', 'display_name': 'Ninja Stadium', 'short_name': 'Ninja', 'abbrev': 'NIN'}","{'id': 13, 'name': 'Melbourne Cricket Ground', 'display_name': 'MCG', 'short_name': 'MCG', 'abbrev': 'MCG'}",12.821,,0.5927734375,4843.988416470647,-13
0,415,1018016,Seamus,Mitchell,HAW,579,21,0,173800,118,0,4,0,-28300,574,413,0,264,2025-08-03T10:13:46+10:00,0,14,0,11,0,8,0,9,0,2,0,-1,0,0,0,0,0,0,29.5,15,29.5,19.6667,ADE,48.3333,1,"{'id': 4, 'abbrev': 'COL', 'name': 'Collingwood'}",0,"{'id': 10, 'abbrev': 'MEL', 'name': 'Melbourne'}",0,"{'id': 2, 'abbrev': 'BRL', 'name': 'Brisbane'}",1,Adelaide Oval,36.0,"{'id': 13, 'name': 'Melbourne Cricket Ground', 'display_name': 'MCG', 'short_name': 'MCG', 'abbrev': 'MCG'}","{'id': 13, 'name': 'Melbourne Cricket Ground', 'display_name': 'MCG', 'short_name': 'MCG', 'abbrev': 'MCG'}","{'id': 4, 'name': 'Brisbane Cricket Ground', 'display_name': 'Gabba', 'short_name': 'Gabba', 'abbrev': 'G'}",0.308198,,0.44696969696969696,5891.525423728814,-5
0,34,1008543,Harry,Schoenberg,ADE,652,21,0,201500,0,0,0,0,0,644,413,0,0,2025-08-03T10:13:46+10:00,0,0,0,0,0,0,0,0,0,0,0,0,0,0,0,0,0,0,0.0,12,0.0,0.0,HAW,69.0,0,"{'id': 16, 'abbrev': 'WCE', 'name': 'West Coast'}",1,"{'id': 4, 'abbrev': 'COL', 'name': 'Collingwood'}",0,"{'id': 9, 'abbrev': 'NTH', 'name': 'North Melbourne'}",1,Adelaide Oval,59.2857,"{'id': 53, 'name': 'Perth Stadium', 'display_name': 'Optus Stadium', 'short_name': 'Optus', 'abbrev': 'OS'}","{'id': 1, 'name': 'Adelaide Oval', 'display_name': 'Adelaide Oval', 'short_name': 'Adelaide', 'abbrev': 'AO'}","{'id': 7, 'name': 'Docklands Stadium', 'display_name': 'Marvel Stadium', 'short_name': 'Marvel', 'abbrev': 'MARV'}",0.246558,,,,-8
0,151,1017124,Ned,Long,COL,104,21,54,383800,1591,1,20,1700,182900,96,282,96,1752,2025-08-03T10:13:46+10:00,5,144,4,217,0,48,7,146,1,18,-2,-28,0,3,0,6,0,8,69.0,2136,79.55,78.0,BRL,58.6667,0,"{'id': 8, 'abbrev': 'HAW', 'name': 'Hawthorn'}",1,"{'id': 1, 'abbrev': 'ADE', 'name': 'Adelaide'}",1,"{'id': 10, 'abbrev': 'MEL', 'name': 'Melbourne'}",0,Melbourne Cricket Ground,61.1,"{'id': 13, 'name': 'Melbourne Cricket Ground', 'display_name': 'MCG', 'short_name': 'MCG', 'abbrev': 'MCG'}","{'id': 1, 'name': 'Adelaide Oval', 'display_name': 'Adelaide Oval', 'short_name': 'Adelaide', 'abbrev': 'AO'}","{'id': 13, 'name': 'Melbourne Cricket Ground', 'display_name': 'MCG', 'short_name': 'MCG', 'abbrev': 'MCG'}",43.8874,0.5625,0.9081050228310502,4824.638592080452,-8
0,156,1013278,Reef,McInnes,COL,586,21,0,198500,108,0,3,0,-2100,582,413,0,219,2025-08-03T10:13:46+10:00,0,17,0,7,0,9,0,3,0,2,0,-1,0,0,0,0,0,0,36.0,38,36.0,36.0,BRL,33.6667,0,"{'id': 8, 'abbrev': 'HAW', 'name': 'Hawthorn'}",1,"{'id': 1, 'abbrev': 'ADE', 'name': 'Adelaide'}",1,"{'id': 10, 'abbrev': 'MEL', 'name': 'Melbourne'}",0,Melbourne Cricket Ground,30.8571,"{'id': 13, 'name': 'Melbourne Cricket Ground', 'display_name': 'MCG', 'short_name': 'MCG', 'abbrev': 'MCG'}","{'id': 1, 'name': 'Adelaide Oval', 'display_name': 'Adelaide Oval', 'short_name': 'Adelaide', 'abbrev': 'AO'}","{'id': 13, 'name': 'Melbourne Cricket Ground', 'display_name': 'MCG', 'short_name': 'MCG', 'abbrev': 'MCG'}",0.780768,,0.4931506849315068,5513.888888888889,-4
0,545,1004819,Jed,McEntee,PTA,574,21,49,203800,128,1,3,3200,3200,601,302,106,260,2025-08-03T10:13:46+10:00,10,15,5,8,3,5,0,9,1,2,-1,-2,0,0,1,3,2,2,42.6667,7,42.6667,42.6667,GEE,41.0,1,"{'id': 6, 'abbrev': 'FRE', 'name': 'Fremantle'}",0,"{'id': 3, 'abbrev': 'CAR', 'name': 'Carlton'}",1,"{'id': 17, 'abbrev': 'GCS', 'name': 'Gold Coast'}",0,Kardinia Park,39.0,"{'id': 1, 'name': 'Adelaide Oval', 'display_name': 'Adelaide Oval', 'short_name': 'Adelaide', 'abbrev': 'AO'}","{'id': 7, 'name': 'Docklands Stadium', 'display_name': 'Marvel Stadium', 'short_name': 'Marvel', 'abbrev': 'MARV'}","{'id': 1, 'name': 'Adelaide Oval', 'display_name': 'Adelaide Oval', 'short_name': 'Adelaide', 'abbrev': 'AO'}",0.143826,0.46226415094339623,0.49230769230769234,4776.558768313463,27
0,502,1028495,Finn,O'Sullivan,NTH,280,21,63,326100,1055,1,19,8200,127100,283,232,98,1968,2025-08-03T10:13:45+10:00,10,149,8,113,7,69,0,31,1,8,0,-15,0,0,0,1,0,2,65.6,537,55.5263,70.0,STK,63.0,1,"{'id': 18, 'abbrev': 'GWS', 'name': 'GWS Giants'}",1,"{'id': 12, 'abbrev': 'RIC', 'name': 'Richmond'}",0,"{'id': 1, 'abbrev': 'ADE', 'name': 'Adelaide'}",0,Docklands Stadium,49.75,"{'id': 11, 'name': 'Manuka Oval', 'display_name': 'Manuka Oval', 'short_name': 'Manuka', 'abbrev': 'MO'}","{'id': 226, 'name': 'Ninja Stadium', 'display_name': 'Ninja Stadium', 'short_name': 'Ninja', 'abbrev': 'NIN'}","{'id': 7, 'name': 'Docklands Stadium', 'display_name': 'Marvel Stadium', 'short_name': 'Marvel', 'abbrev': 'MARV'}",11.0335,0.6428571428571429,0.5360772357723578,5872.892665277535,3
0,239,1013220,Nathan,O'Driscoll,FRE,347,21,55,320900,792,1,11,-12100,122900,353,273,111,1093,2025-08-03T10:13:46+10:00,7,108,3,85,1,37,4,39,0,9,0,-6,0,0,0,3,1,6,63.2,1045,72.0,57.6667,CAR,48.5,0,"{'id': 11, 'abbrev': 'PTA', 'name': 'Port Adelaide'}",1,"{'id': 2, 'abbrev': 'BRL', 'name': 'Brisbane'}",0,"{'id': 15, 'abbrev': 'WBD', 'name': 'Western Bulldogs'}",1,Perth Stadium,62.6842,"{'id': 1, 'name': 'Adelaide Oval', 'display_name': 'Adelaide Oval', 'short_name': 'Adelaide', 'abbrev': 'AO'}","{'id': 53, 'name': 'Perth Stadium', 'display_name': 'Optus Stadium', 'short_name': 'Optus', 'abbrev': 'OS'}","{'id': 7, 'name': 'Docklands Stadium', 'display_name': 'Marvel Stadium', 'short_name': 'Marvel', 'abbrev': 'MARV'}",21.4711,0.4954954954954955,0.7246111619396157,4456.944444444444,6
0,124,1028515,Jagga,Smith,CAR,652,21,0,194500,0,0,0,0,0,644,413,0,0,2025-08-03T10:13:47+10:00,0,0,0,0,0,0,0,0,0,0,0,0,0,0,0,0,0,0,0.0,533,0.0,0.0,FRE,0.0,1,"{'id': 17, 'abbrev': 'GCS', 'name': 'Gold Coast'}",0,"{'id': 11, 'abbrev': 'PTA', 'name': 'Port Adelaide'}",0,"{'id': 5, 'abbrev': 'ESS', 'name': 'Essendon'}",1,Perth Stadium,0.0,"{'id': 7, 'name': 'Docklands Stadium', 'display_name': 'Marvel Stadium', 'short_name': 'Marvel', 'abbrev': 'MARV'}","{'id': 7, 'name': 'Docklands Stadium', 'display_name': 'Marvel Stadium', 'short_name': 'Marvel', 'abbrev': 'MARV'}","{'id': 13, 'name': 'Melbourne Cricket Ground', 'display_name': 'MCG', 'short_name': 'MCG', 'abbrev': 'MCG'}",10.9513,,,,-8
0,487,1023494,Zane,Duursma,NTH,502,21,43,147400,273,1,9,18700,-47000,523,325,77,617,2025-08-03T10:13:46+10:00,4,35,4,25,6,24,0,4,0,2,0,0,0,0,0,4,0,4,27.2,84,30.3333,40.0,STK,36.0,1,"{'id': 18, 'abbrev': 'GWS', 'name': 'GWS Giants'}",1,"{'id': 12, 'abbrev': 'RIC', 'name': 'Richmond'}",0,"{'id': 1, 'abbrev': 'ADE', 'name': 'Adelaide'}",0,Docklands Stadium,36.1818,"{'id': 11, 'name': 'Manuka Oval', 'display_name': 'Manuka Oval', 'short_name': 'Manuka', 'abbrev': 'MO'}","{'id': 226, 'name': 'Ninja Stadium', 'display_name': 'Ninja Stadium', 'short_name': 'Ninja', 'abbrev': 'NIN'}","{'id': 7, 'name': 'Docklands Stadium', 'display_name': 'Marvel Stadium', 'short_name': 'Marvel', 'abbrev': 'MARV'}",1.72591,0.5584415584415584,0.44246353322528365,4859.345999281318,21
0,130,1022915,Edward,Allan,COL,389,21,0,311800,657,0,12,0,117800,376,413,0,1016,2025-08-03T10:13:46+10:00,0,70,0,100,0,32,0,28,0,4,0,-4,0,0,0,1,0,4,60.4,165,54.75,64.0,BRL,11.0,0,"{'id': 8, 'abbrev': 'HAW', 'name': 'Hawthorn'}",1,"{'id': 1, 'abbrev': 'ADE', 'name': 'Adelaide'}",1,"{'id': 10, 'abbrev': 'MEL', 'name': 'Melbourne'}",0,Melbourne Cricket Ground,61.1667,"{'id': 13, 'name': 'Melbourne Cricket Ground', 'display_name': 'MCG', 'short_name': 'MCG', 'abbrev': 'MCG'}","{'id': 1, 'name': 'Adelaide Oval', 'display_name': 'Adelaide Oval', 'short_name': 'Adelaide', 'abbrev': 'AO'}","{'id': 13, 'name': 'Melbourne Cricket Ground', 'display_name': 'MCG', 'short_name': 'MCG', 'abbrev': 'MCG'}",3.39018,,0.6466535433070866,5694.977168949772,-13
0,220,998129,Will,Brodie,FRE,652,21,0,191800,0,0,0,0,0,644,413,0,0,2025-08-03T10:13:47+10:00,0,0,0,0,0,0,0,0,0,0,0,0,0,0,0,0,0,0,0.0,67,0.0,0.0,CAR,109.25,0,"{'id': 11, 'abbrev': 'PTA', 'name': 'Port Adelaide'}",1,"{'id': 2, 'abbrev': 'BRL', 'name': 'Brisbane'}",0,"{'id': 15, 'abbrev': 'WBD', 'name': 'Western Bulldogs'}",1,Perth Stadium,98.0667,"{'id': 1, 'name': 'Adelaide Oval', 'display_name': 'Adelaide Oval', 'short_name': 'Adelaide', 'abbrev': 'AO'}","{'id': 53, 'name': 'Perth Stadium', 'display_name': 'Optus Stadium', 'short_name': 'Optus', 'abbrev': 'OS'}","{'id': 7, 'name': 'Docklands Stadium', 'display_name': 'Marvel Stadium', 'short_name': 'Marvel', 'abbrev': 'MARV'}",1.37662,,,,-8
0,211,1023785,Elijah,Tsatas,ESS,512,21,0,223200,258,0,5,0,32000,501,413,0,319,2025-08-03T10:13:46+10:00,0,40,0,44,0,5,0,6,0,4,0,-3,0,0,0,1,0,1,51.6,239,51.6,43.3333,SYD,46.0,1,"{'id': 7, 'abbrev': 'GEE', 'name': 'Geelong'}",1,"{'id': 13, 'abbrev': 'STK', 'name': 'St Kilda'}",0,"{'id': 3, 'abbrev': 'CAR', 'name': 'Carlton'}",0,Sydney Cricket Ground,46.0,"{'id': 10, 'name': 'Kardinia Park', 'display_name': 'GMHBA Stadium', 'short_name': 'GMHBA', 'abbrev': 'GMS'}","{'id': 7, 'name': 'Docklands Stadium', 'display_name': 'Marvel Stadium', 'short_name': 'Marvel', 'abbrev': 'MARV'}","{'id': 13, 'name': 'Melbourne Cricket Ground', 'display_name': 'MCG', 'short_name': 'MCG', 'abbrev': 'MCG'}",4.91062,,0.8087774294670846,4325.581395348837,-11
0,117,1017700,Jesse,Motlop,CAR,291,21,41,228400,998,1,20,-13400,37700,288,336,108,1926,2025-08-03T10:13:46+10:00,5,129,2,74,2,43,5,75,1,19,-3,-28,0,0,1,15,0,16,44.6,72,49.9,38.3333,FRE,38.5,1,"{'id': 17, 'abbrev': 'GCS', 'name': 'Gold Coast'}",0,"{'id': 11, 'abbrev': 'PTA', 'name': 'Port Adelaide'}",0,"{'id': 5, 'abbrev': 'ESS', 'name': 'Essendon'}",1,Perth Stadium,44.5,"{'id': 7, 'name': 'Docklands Stadium', 'display_name': 'Marvel Stadium', 'short_name': 'Marvel', 'abbrev': 'MARV'}","{'id': 7, 'name': 'Docklands Stadium', 'display_name': 'Marvel Stadium', 'short_name': 'Marvel', 'abbrev': 'MARV'}","{'id': 13, 'name': 'Melbourne Cricket Ground', 'display_name': 'MCG', 'short_name': 'MCG', 'abbrev': 'MCG'}",1.47935,0.37962962962962965,0.5181723779854621,4577.154308617234,-3
0,60,298211,Darcy,Fort,BRL,282,21,111,353700,1052,1,14,1200,163200,294,53,100,1465,2025-08-03T10:13:45+10:00,5,81,4,56,1,27,5,35,0,14,0,-12,35,390,0,3,0,4,69.6,1111,75.1429,71.6667,COL,58.5,1,"{'id': 14, 'abbrev': 'SYD', 'name': 'Sydney'}",0,"{'id': 6, 'abbrev': 'FRE', 'name': 'Fremantle'}",1,"{'id': 8, 'abbrev': 'HAW', 'name': 'Hawthorn'}",0,Melbourne Cricket Ground,79.0,"{'id': 4, 'name': 'Brisbane Cricket Ground', 'display_name': 'Gabba', 'short_name': 'Gabba', 'abbrev': 'G'}","{'id': 53, 'name': 'Perth Stadium', 'display_name': 'Optus Stadium', 'short_name': 'Optus', 'abbrev': 'OS'}","{'id': 4, 'name': 'Brisbane Cricket Ground', 'display_name': 'Gabba', 'short_name': 'Gabba', 'abbrev': 'G'}",22.8272,1.11,0.7180887372013652,4707.031535913573,12
0,298,1023736,Jed,Walter,GCS,365,21,0,202500,724,0,16,0,12000,355,413,0,1448,2025-08-03T10:13:46+10:00,0,63,0,51,0,39,0,24,0,19,0,-14,0,4,0,18,0,13,36.0,80,45.25,33.6667,RIC,30.0,0,"{'id': 3, 'abbrev': 'CAR', 'name': 'Carlton'}",1,"{'id': 18, 'abbrev': 'GWS', 'name': 'GWS Giants'}",0,"{'id': 11, 'abbrev': 'PTA', 'name': 'Port Adelaide'}",1,Carrara Stadium,45.1,"{'id': 7, 'name': 'Docklands Stadium', 'display_name': 'Marvel Stadium', 'short_name': 'Marvel', 'abbrev': 'MARV'}","{'id': 5, 'name': 'Carrara Stadium', 'display_name': 'People First Stadium', 'short_name': 'People First', 'abbrev': 'PFS'}","{'id': 1, 'name': 'Adelaide Oval', 'display_name': 'Adelaide Oval', 'short_name': 'Adelaide', 'abbrev': 'AO'}",1.64372,,0.5,4475.138121546961,-10
0,12,1022607,Sid,Draper,ADE,531,21,0,114000,233,0,9,0,-76000,521,413,0,461,2025-08-03T10:13:46+10:00,0,32,0,35,0,8,0,22,0,1,0,-7,0,0,0,3,0,1,16.2,294,25.8889,11.0,HAW,0.0,0,"{'id': 16, 'abbrev': 'WCE', 'name': 'West Coast'}",1,"{'id': 4, 'abbrev': 'COL', 'name': 'Collingwood'}",0,"{'id': 9, 'abbrev': 'NTH', 'name': 'North Melbourne'}",1,Adelaide Oval,27.2,"{'id': 53, 'name': 'Perth Stadium', 'display_name': 'Optus Stadium', 'short_name': 'Optus', 'abbrev': 'OS'}","{'id': 1, 'name': 'Adelaide Oval', 'display_name': 'Adelaide Oval', 'short_name': 'Adelaide', 'abbrev': 'AO'}","{'id': 7, 'name': 'Docklands Stadium', 'display_name': 'Marvel Stadium', 'short_name': 'Marvel', 'abbrev': 'MARV'}",6.04068,,0.5054229934924078,4403.431586510049,-10
0,466,1007099,Harry,Sharp,MEL,427,21,5,139000,508,1,16,-11800,-50100,422,410,23,1041,2025-08-03T10:13:46+10:00,2,65,0,42,1,35,0,22,0,6,0,-5,0,0,0,8,0,7,26.0,45,31.75,21.3333,WCE,17.0,0,"{'id': 15, 'abbrev': 'WBD', 'name': 'Western Bulldogs'}",0,"{'id': 8, 'abbrev': 'HAW', 'name': 'Hawthorn'}",1,"{'id': 4, 'abbrev': 'COL', 'name': 'Collingwood'}",1,Docklands Stadium,22.4,"{'id': 13, 'name': 'Melbourne Cricket Ground', 'display_name': 'MCG', 'short_name': 'MCG', 'abbrev': 'MCG'}","{'id': 13, 'name': 'Melbourne Cricket Ground', 'display_name': 'MCG', 'short_name': 'MCG', 'abbrev': 'MCG'}","{'id': 13, 'name': 'Melbourne Cricket Ground', 'display_name': 'MCG', 'short_name': 'MCG', 'abbrev': 'MCG'}",0.924594,0.21739130434782608,0.48799231508165225,4377.952755905511,-5
0,47,1028560,Levi,Ashcroft,BRL,140,21,57,346700,1466,1,20,-15900,161200,136,261,104,1943,2025-08-03T10:13:45+10:00,14,245,8,148,3,90,1,22,0,23,0,-3,0,0,0,10,0,9,63.8,2363,73.3,60.6667,COL,73.0,1,"{'id': 14, 'abbrev': 'SYD', 'name': 'Sydney'}",0,"{'id': 6, 'abbrev': 'FRE', 'name': 'Fremantle'}",1,"{'id': 8, 'abbrev': 'HAW', 'name': 'Hawthorn'}",0,Melbourne Cricket Ground,79.6667,"{'id': 4, 'name': 'Brisbane Cricket Ground', 'display_name': 'Gabba', 'short_name': 'Gabba', 'abbrev': 'G'}","{'id': 53, 'name': 'Perth Stadium', 'display_name': 'Optus Stadium', 'short_name': 'Optus', 'abbrev': 'OS'}","{'id': 4, 'name': 'Brisbane Cricket Ground', 'display_name': 'Gabba', 'short_name': 'Gabba', 'abbrev': 'G'}",48.5515,0.5480769230769231,0.7545033453422543,4729.8772169167805,-4
0,256,1021015,Karl,Worner,FRE,260,21,86,290600,1114,1,19,11400,105200,267,134,109,1805,2025-08-03T10:13:45+10:00,10,150,5,112,3,76,9,42,2,11,0,-8,0,0,0,0,0,2,60.8,52,58.6316,64.6667,CAR,47.0,0,"{'id': 11, 'abbrev': 'PTA', 'name': 'Port Adelaide'}",1,"{'id': 2, 'abbrev': 'BRL', 'name': 'Brisbane'}",0,"{'id': 15, 'abbrev': 'WBD', 'name': 'Western Bulldogs'}",1,Perth Stadium,50.0588,"{'id': 1, 'name': 'Adelaide Oval', 'display_name': 'Adelaide Oval', 'short_name': 'Adelaide', 'abbrev': 'AO'}","{'id': 53, 'name': 'Perth Stadium', 'display_name': 'Optus Stadium', 'short_name': 'Optus', 'abbrev': 'OS'}","{'id': 7, 'name': 'Docklands Stadium', 'display_name': 'Marvel Stadium', 'short_name': 'Marvel', 'abbrev': 'MARV'}",1.06842,0.7889908256880734,0.6171745152354571,4956.371649417721,7
0,426,1017091,Jai,Serong,HAW,652,21,0,185400,0,0,0,0,0,644,413,0,0,2025-08-03T10:13:47+10:00,0,0,0,0,0,0,0,0,0,0,0,0,0,0,0,0,0,0,0.0,12,0.0,0.0,ADE,0.0,1,"{'id': 4, 'abbrev': 'COL', 'name': 'Collingwood'}",0,"{'id': 10, 'abbrev': 'MEL', 'name': 'Melbourne'}",0,"{'id': 2, 'abbrev': 'BRL', 'name': 'Brisbane'}",1,Adelaide Oval,50.0,"{'id': 13, 'name': 'Melbourne Cricket Ground', 'display_name': 'MCG', 'short_name': 'MCG', 'abbrev': 'MCG'}","{'id': 13, 'name': 'Melbourne Cricket Ground', 'display_name': 'MCG', 'short_name': 'MCG', 'abbrev': 'MCG'}","{'id': 4, 'name': 'Brisbane Cricket Ground', 'display_name': 'Gabba', 'short_name': 'Gabba', 'abbrev': 'G'}",0.246558,,,,-8
0,560,1009195,Dylan,Williams,PTA,634,21,36,183600,36,1,2,0,0,644,354,99,142,2025-08-03T10:13:46+10:00,7,8,1,1,2,2,2,2,0,0,-1,-1,0,0,0,0,0,0,18.0,15,18.0,18.0,GEE,64.0,1,"{'id': 6, 'abbrev': 'FRE', 'name': 'Fremantle'}",0,"{'id': 3, 'abbrev': 'CAR', 'name': 'Carlton'}",1,"{'id': 17, 'abbrev': 'GCS', 'name': 'Gold Coast'}",0,Kardinia Park,61.5,"{'id': 1, 'name': 'Adelaide Oval', 'display_name': 'Adelaide Oval', 'short_name': 'Adelaide', 'abbrev': 'AO'}","{'id': 7, 'name': 'Docklands Stadium', 'display_name': 'Marvel Stadium', 'short_name': 'Marvel', 'abbrev': 'MARV'}","{'id': 1, 'name': 'Adelaide Oval', 'display_name': 'Adelaide Oval', 'short_name': 'Adelaide', 'abbrev': 'AO'}",0.308198,0.36363636363636365,0.2535211267605634,10200.0,10
0,586,293813,Tom,Lynch,RIC,387,21,0,253100,668,0,13,0,69900,373,413,0,1364,2025-08-03T10:13:46+10:00,0,89,0,35,0,55,0,14,0,9,0,-19,0,1,0,19,0,15,47.2,129,51.3846,26.0,GCS,69.8,1,"{'id': 13, 'abbrev': 'STK', 'name': 'St Kilda'}",0,"{'id': 9, 'abbrev': 'NTH', 'name': 'North Melbourne'}",1,"{'id': 7, 'abbrev': 'GEE', 'name': 'Geelong'}",0,Carrara Stadium,77.2857,"{'id': 13, 'name': 'Melbourne Cricket Ground', 'display_name': 'MCG', 'short_name': 'MCG', 'abbrev': 'MCG'}","{'id': 226, 'name': 'Ninja Stadium', 'display_name': 'Ninja Stadium', 'short_name': 'Ninja', 'abbrev': 'NIN'}","{'id': 13, 'name': 'Melbourne Cricket Ground', 'display_name': 'MCG', 'short_name': 'MCG', 'abbrev': 'MCG'}",2.6505,,0.4897360703812317,4925.600277125832,-14
0,199,1013201,Jye,Menzie,ESS,538,21,0,189600,203,0,6,0,6800,531,413,0,362,2025-08-03T10:13:46+10:00,0,30,0,15,0,19,0,5,0,2,0,-4,0,0,0,5,0,3,39.8,8,33.8333,14.6667,SYD,21.3333,1,"{'id': 7, 'abbrev': 'GEE', 'name': 'Geelong'}",1,"{'id': 13, 'abbrev': 'STK', 'name': 'St Kilda'}",0,"{'id': 3, 'abbrev': 'CAR', 'name': 'Carlton'}",0,Sydney Cricket Ground,21.0,"{'id': 10, 'name': 'Kardinia Park', 'display_name': 'GMHBA Stadium', 'short_name': 'GMHBA', 'abbrev': 'GMS'}","{'id': 7, 'name': 'Docklands Stadium', 'display_name': 'Marvel Stadium', 'short_name': 'Marvel', 'abbrev': 'MARV'}","{'id': 13, 'name': 'Melbourne Cricket Ground', 'display_name': 'MCG', 'short_name': 'MCG', 'abbrev': 'MCG'}",0.164372,,0.5607734806629834,5603.946407828973,-7
0,579,1023056,Steely,Green,RIC,369,21,27,210800,717,1,17,-6000,28100,366,379,100,1731,2025-08-03T10:13:46+10:00,1,82,3,56,1,33,2,32,0,9,0,-10,0,0,0,10,0,9,43.4,32,42.1765,39.0,GCS,40.5,1,"{'id': 13, 'abbrev': 'STK', 'name': 'St Kilda'}",0,"{'id': 9, 'abbrev': 'NTH', 'name': 'North Melbourne'}",1,"{'id': 7, 'abbrev': 'GEE', 'name': 'Geelong'}",0,Carrara Stadium,27.0,"{'id': 13, 'name': 'Melbourne Cricket Ground', 'display_name': 'MCG', 'short_name': 'MCG', 'abbrev': 'MCG'}","{'id': 226, 'name': 'Ninja Stadium', 'display_name': 'Ninja Stadium', 'short_name': 'Ninja', 'abbrev': 'NIN'}","{'id': 13, 'name': 'Melbourne Cricket Ground', 'display_name': 'MCG', 'short_name': 'MCG', 'abbrev': 'MCG'}",0.657489,0.27,0.41421143847487,4998.043934418456,-3
0,162,1012873,Wil,Parker,COL,623,21,0,181000,53,0,2,0,0,618,413,0,138,2025-08-03T10:13:46+10:00,0,8,0,4,0,6,0,1,0,0,0,0,0,0,0,0,0,0,26.5,13,26.5,26.5,BRL,28.0,0,"{'id': 8, 'abbrev': 'HAW', 'name': 'Hawthorn'}",1,"{'id': 1, 'abbrev': 'ADE', 'name': 'Adelaide'}",1,"{'id': 10, 'abbrev': 'MEL', 'name': 'Melbourne'}",0,Melbourne Cricket Ground,46.25,"{'id': 13, 'name': 'Melbourne Cricket Ground', 'display_name': 'MCG', 'short_name': 'MCG', 'abbrev': 'MCG'}","{'id': 1, 'name': 'Adelaide Oval', 'display_name': 'Adelaide Oval', 'short_name': 'Adelaide', 'abbrev': 'AO'}","{'id': 13, 'name': 'Melbourne Cricket Ground', 'display_name': 'MCG', 'short_name': 'MCG', 'abbrev': 'MCG'}",0.267105,,0.38405797101449274,6830.188679245283,-5
0,448,1028546,Harvey,Langford,MEL,185,21,79,356100,1321,1,19,-18700,175100,191,160,113,1821,2025-08-03T10:13:45+10:00,10,183,6,161,2,60,1,21,2,9,0,-12,0,0,3,11,0,4,76.4,844,69.5263,61.0,WCE,88.5,0,"{'id': 15, 'abbrev': 'WBD', 'name': 'Western Bulldogs'}",0,"{'id': 8, 'abbrev': 'HAW', 'name': 'Hawthorn'}",1,"{'id': 4, 'abbrev': 'COL', 'name': 'Collingwood'}",1,Docklands Stadium,68.0,"{'id': 13, 'name': 'Melbourne Cricket Ground', 'display_name': 'MCG', 'short_name': 'MCG', 'abbrev': 'MCG'}","{'id': 13, 'name': 'Melbourne Cricket Ground', 'display_name': 'MCG', 'short_name': 'MCG', 'abbrev': 'MCG'}","{'id': 13, 'name': 'Melbourne Cricket Ground', 'display_name': 'MCG', 'short_name': 'MCG', 'abbrev': 'MCG'}",17.3413,0.6991150442477876,0.7254255903349808,5121.802828569907,6
0,549,993979,Sam,Powell-Pepper,PTA,263,21,0,360200,1110,0,16,0,179700,241,413,0,1668,2025-08-03T10:13:46+10:00,0,118,0,116,0,62,0,44,0,16,0,-21,0,0,0,18,0,18,69.8,402,69.375,78.3333,GEE,67.0,1,"{'id': 6, 'abbrev': 'FRE', 'name': 'Fremantle'}",0,"{'id': 3, 'abbrev': 'CAR', 'name': 'Carlton'}",1,"{'id': 17, 'abbrev': 'GCS', 'name': 'Gold Coast'}",0,Kardinia Park,49.0,"{'id': 1, 'name': 'Adelaide Oval', 'display_name': 'Adelaide Oval', 'short_name': 'Adelaide', 'abbrev': 'AO'}","{'id': 7, 'name': 'Docklands Stadium', 'display_name': 'Marvel Stadium', 'short_name': 'Marvel', 'abbrev': 'MARV'}","{'id': 1, 'name': 'Adelaide Oval', 'display_name': 'Adelaide Oval', 'short_name': 'Adelaide', 'abbrev': 'AO'}",8.25971,,0.6654676258992805,5192.072072072072,-22
0,370,290314,Lachlan,Keeffe,GWS,554,21,0,211300,178,0,3,0,31500,546,413,0,273,2025-08-03T10:13:46+10:00,0,19,0,10,0,1,0,13,0,4,0,-8,0,36,0,1,0,0,59.3333,90,59.3333,59.3333,WBD,58.75,1,"{'id': 9, 'abbrev': 'NTH', 'name': 'North Melbourne'}",0,"{'id': 17, 'abbrev': 'GCS', 'name': 'Gold Coast'}",1,"{'id': 13, 'abbrev': 'STK', 'name': 'St Kilda'}",0,Docklands Stadium,53.5,"{'id': 11, 'name': 'Manuka Oval', 'display_name': 'Manuka Oval', 'short_name': 'Manuka', 'abbrev': 'MO'}","{'id': 5, 'name': 'Carrara Stadium', 'display_name': 'People First Stadium', 'short_name': 'People First', 'abbrev': 'PFS'}","{'id': 17, 'name': 'ENGIE Stadium', 'display_name': 'ENGIE Stadium', 'short_name': 'ENGIE', 'abbrev': 'ENS'}",1.84919,,0.652014652014652,3561.2379557516606,-8
0,408,1000887,Mitch,Lewis,HAW,546,21,64,214300,188,1,3,35400,35400,570,228,103,269,2025-08-03T10:13:45+10:00,5,18,2,10,4,10,3,7,0,1,-1,-3,0,5,1,3,0,2,62.6667,190,62.6667,62.6667,ADE,79.0,1,"{'id': 4, 'abbrev': 'COL', 'name': 'Collingwood'}",0,"{'id': 10, 'abbrev': 'MEL', 'name': 'Melbourne'}",0,"{'id': 2, 'abbrev': 'BRL', 'name': 'Brisbane'}",1,Adelaide Oval,68.0,"{'id': 13, 'name': 'Melbourne Cricket Ground', 'display_name': 'MCG', 'short_name': 'MCG', 'abbrev': 'MCG'}","{'id': 13, 'name': 'Melbourne Cricket Ground', 'display_name': 'MCG', 'short_name': 'MCG', 'abbrev': 'MCG'}","{'id': 4, 'name': 'Brisbane Cricket Ground', 'display_name': 'Gabba', 'short_name': 'Gabba', 'abbrev': 'G'}",3.90384,0.6213592233009708,0.6988847583643123,3419.679032085621,24
0,599,1028572,Josh,Smillie,RIC,652,21,0,176500,0,0,0,0,0,644,413,0,0,2025-08-03T10:13:47+10:00,0,0,0,0,0,0,0,0,0,0,0,0,0,0,0,0,0,0,0.0,251,0.0,0.0,GCS,0.0,1,"{'id': 13, 'abbrev': 'STK', 'name': 'St Kilda'}",0,"{'id': 9, 'abbrev': 'NTH', 'name': 'North Melbourne'}",1,"{'id': 7, 'abbrev': 'GEE', 'name': 'Geelong'}",0,Carrara Stadium,0.0,"{'id': 13, 'name': 'Melbourne Cricket Ground', 'display_name': 'MCG', 'short_name': 'MCG', 'abbrev': 'MCG'}","{'id': 226, 'name': 'Ninja Stadium', 'display_name': 'Ninja Stadium', 'short_name': 'Ninja', 'abbrev': 'NIN'}","{'id': 13, 'name': 'Melbourne Cricket Ground', 'display_name': 'MCG', 'short_name': 'MCG', 'abbrev': 'MCG'}",5.15718,,,,-8
0,302,293883,Jed,Bews,GEE,549,21,0,209000,186,0,3,0,36800,540,413,0,311,2025-08-03T10:13:46+10:00,0,27,0,14,0,18,0,4,0,2,0,-2,0,0,0,0,0,0,62.0,23,62.0,62.0,PTA,50.8889,0,"{'id': 5, 'abbrev': 'ESS', 'name': 'Essendon'}",0,"{'id': 14, 'abbrev': 'SYD', 'name': 'Sydney'}",1,"{'id': 12, 'abbrev': 'RIC', 'name': 'Richmond'}",1,Kardinia Park,54.9828,"{'id': 10, 'name': 'Kardinia Park', 'display_name': 'GMHBA Stadium', 'short_name': 'GMHBA', 'abbrev': 'GMS'}","{'id': 16, 'name': 'Sydney Cricket Ground', 'display_name': 'SCG', 'short_name': 'SCG', 'abbrev': 'SCG'}","{'id': 13, 'name': 'Melbourne Cricket Ground', 'display_name': 'MCG', 'short_name': 'MCG', 'abbrev': 'MCG'}",0.47257,,0.5980707395498392,3370.967741935484,-9
0,643,1028538,Tobie,Travaglia,STK,458,21,0,190300,392,0,9,0,18300,452,413,0,655,2025-08-03T10:13:46+10:00,0,50,0,47,0,24,0,19,0,10,0,0,0,0,0,2,0,1,42.8,208,43.5556,36.3333,NTH,0.0,0,"{'id': 12, 'abbrev': 'RIC', 'name': 'Richmond'}",1,"{'id': 5, 'abbrev': 'ESS', 'name': 'Essendon'}",1,"{'id': 18, 'abbrev': 'GWS', 'name': 'GWS Giants'}",1,Docklands Stadium,45.25,"{'id': 13, 'name': 'Melbourne Cricket Ground', 'display_name': 'MCG', 'short_name': 'MCG', 'abbrev': 'MCG'}","{'id': 7, 'name': 'Docklands Stadium', 'display_name': 'Marvel Stadium', 'short_name': 'Marvel', 'abbrev': 'MARV'}","{'id': 17, 'name': 'ENGIE Stadium', 'display_name': 'ENGIE Stadium', 'short_name': 'ENGIE', 'abbrev': 'ENS'}",4.27368,,0.5984732824427481,4369.128194767149,-6
0,698,1015929,Luke,Cleary,WBD,366,21,45,291900,722,1,13,19900,120300,369,319,107,1306,2025-08-03T10:13:46+10:00,8,97,5,73,2,54,2,22,1,9,-3,-13,0,0,0,1,0,3,58.2,42,55.5385,69.6667,GWS,49.0,0,"{'id': 10, 'abbrev': 'MEL', 'name': 'Melbourne'}",1,"{'id': 16, 'abbrev': 'WCE', 'name': 'West Coast'}",0,"{'id': 6, 'abbrev': 'FRE', 'name': 'Fremantle'}",0,Docklands Stadium,54.375,"{'id': 13, 'name': 'Melbourne Cricket Ground', 'display_name': 'MCG', 'short_name': 'MCG', 'abbrev': 'MCG'}","{'id': 7, 'name': 'Docklands Stadium', 'display_name': 'Marvel Stadium', 'short_name': 'Marvel', 'abbrev': 'MARV'}","{'id': 7, 'name': 'Docklands Stadium', 'display_name': 'Marvel Stadium', 'short_name': 'Marvel', 'abbrev': 'MARV'}",0.862955,0.4205607476635514,0.552833078101072,5255.81353475517,3
0,89,1023533,Jaxon,Binns,CAR,509,21,0,207300,262,0,5,0,36300,498,413,0,449,2025-08-03T10:13:46+10:00,0,64,0,20,0,18,0,6,0,3,0,-4,0,0,0,1,0,2,52.4,29,52.4,47.0,FRE,0.0,1,"{'id': 17, 'abbrev': 'GCS', 'name': 'Gold Coast'}",0,"{'id': 11, 'abbrev': 'PTA', 'name': 'Port Adelaide'}",0,"{'id': 5, 'abbrev': 'ESS', 'name': 'Essendon'}",1,Perth Stadium,70.0,"{'id': 7, 'name': 'Docklands Stadium', 'display_name': 'Marvel Stadium', 'short_name': 'Marvel', 'abbrev': 'MARV'}","{'id': 7, 'name': 'Docklands Stadium', 'display_name': 'Marvel Stadium', 'short_name': 'Marvel', 'abbrev': 'MARV'}","{'id': 13, 'name': 'Melbourne Cricket Ground', 'display_name': 'MCG', 'short_name': 'MCG', 'abbrev': 'MCG'}",0.59585,,0.5835189309576837,3956.1068702290077,-11
0,632,1017077,Angus,McLennan,STK,641,21,0,169700,30,0,1,0,0,634,413,0,51,2025-08-03T10:13:46+10:00,0,3,0,4,0,3,0,2,0,1,0,-1,0,0,0,0,0,0,30.0,8,30.0,30.0,NTH,0.0,0,"{'id': 12, 'abbrev': 'RIC', 'name': 'Richmond'}",1,"{'id': 5, 'abbrev': 'ESS', 'name': 'Essendon'}",1,"{'id': 18, 'abbrev': 'GWS', 'name': 'GWS Giants'}",1,Docklands Stadium,52.5,"{'id': 13, 'name': 'Melbourne Cricket Ground', 'display_name': 'MCG', 'short_name': 'MCG', 'abbrev': 'MCG'}","{'id': 7, 'name': 'Docklands Stadium', 'display_name': 'Marvel Stadium', 'short_name': 'Marvel', 'abbrev': 'MARV'}","{'id': 17, 'name': 'ENGIE Stadium', 'display_name': 'ENGIE Stadium', 'short_name': 'ENGIE', 'abbrev': 'ENS'}",0.164372,,0.5882352941176471,5656.666666666667,-7
0,81,1016189,Henry,Smith,BRL,611,21,74,169200,74,1,1,0,0,644,188,92,92,2025-08-03T10:13:45+10:00,3,3,2,2,4,4,5,5,1,1,-1,-1,5,5,3,3,0,0,74.0,18,74.0,74.0,COL,74.0,1,"{'id': 14, 'abbrev': 'SYD', 'name': 'Sydney'}",0,"{'id': 6, 'abbrev': 'FRE', 'name': 'Fremantle'}",1,"{'id': 8, 'abbrev': 'HAW', 'name': 'Hawthorn'}",0,Melbourne Cricket Ground,74.0,"{'id': 4, 'name': 'Brisbane Cricket Ground', 'display_name': 'Gabba', 'short_name': 'Gabba', 'abbrev': 'G'}","{'id': 53, 'name': 'Perth Stadium', 'display_name': 'Optus Stadium', 'short_name': 'Optus', 'abbrev': 'OS'}","{'id': 4, 'name': 'Brisbane Cricket Ground', 'display_name': 'Gabba', 'short_name': 'Gabba', 'abbrev': 'G'}",0.369838,0.8043478260869565,0.8043478260869565,2286.4864864864867,33
0,204,1009386,Jaxon,Prior,ESS,186,21,82,358900,1319,1,19,14900,189700,193,149,113,2025,2025-08-03T10:13:45+10:00,13,212,6,86,4,93,3,28,0,14,0,-11,0,0,0,0,0,0,65.2,295,69.4211,80.3333,SYD,76.0,1,"{'id': 7, 'abbrev': 'GEE', 'name': 'Geelong'}",1,"{'id': 13, 'abbrev': 'STK', 'name': 'St Kilda'}",0,"{'id': 3, 'abbrev': 'CAR', 'name': 'Carlton'}",0,Sydney Cricket Ground,67.5,"{'id': 10, 'name': 'Kardinia Park', 'display_name': 'GMHBA Stadium', 'short_name': 'GMHBA', 'abbrev': 'GMS'}","{'id': 7, 'name': 'Docklands Stadium', 'display_name': 'Marvel Stadium', 'short_name': 'Marvel', 'abbrev': 'MARV'}","{'id': 13, 'name': 'Melbourne Cricket Ground', 'display_name': 'MCG', 'short_name': 'MCG', 'abbrev': 'MCG'}",6.06123,0.7256637168141593,0.6513580246913581,5169.897912882395,7
0,290,1027033,Ethan,Read,GCS,381,21,91,223000,681,1,15,23300,53800,396,110,87,1260,2025-08-03T10:13:45+10:00,9,77,4,33,9,37,2,21,0,14,0,-14,5,73,2,15,2,16,50.4,88,45.4,57.6667,RIC,45.5,0,"{'id': 3, 'abbrev': 'CAR', 'name': 'Carlton'}",1,"{'id': 18, 'abbrev': 'GWS', 'name': 'GWS Giants'}",0,"{'id': 11, 'abbrev': 'PTA', 'name': 'Port Adelaide'}",1,Carrara Stadium,44.7143,"{'id': 7, 'name': 'Docklands Stadium', 'display_name': 'Marvel Stadium', 'short_name': 'Marvel', 'abbrev': 'MARV'}","{'id': 5, 'name': 'Carrara Stadium', 'display_name': 'People First Stadium', 'short_name': 'People First', 'abbrev': 'PFS'}","{'id': 1, 'name': 'Adelaide Oval', 'display_name': 'Adelaide Oval', 'short_name': 'Adelaide', 'abbrev': 'AO'}",1.8081,1.0459770114942528,0.5404761904761904,4911.894273127754,15
0,284,1029301,Leonardo,Lombard,GCS,606,21,0,136800,77,0,4,0,-30700,602,413,0,260,2025-08-03T10:13:46+10:00,0,11,0,8,0,4,0,7,0,1,0,-2,0,0,0,1,0,2,19.25,156,19.25,16.6667,RIC,0.0,0,"{'id': 3, 'abbrev': 'CAR', 'name': 'Carlton'}",1,"{'id': 18, 'abbrev': 'GWS', 'name': 'GWS Giants'}",0,"{'id': 11, 'abbrev': 'PTA', 'name': 'Port Adelaide'}",1,Carrara Stadium,15.0,"{'id': 7, 'name': 'Docklands Stadium', 'display_name': 'Marvel Stadium', 'short_name': 'Marvel', 'abbrev': 'MARV'}","{'id': 5, 'name': 'Carrara Stadium', 'display_name': 'People First Stadium', 'short_name': 'People First', 'abbrev': 'PFS'}","{'id': 1, 'name': 'Adelaide Oval', 'display_name': 'Adelaide Oval', 'short_name': 'Adelaide', 'abbrev': 'AO'}",3.20526,,0.29615384615384616,7106.493506493506,-4
0,494,1023625,Riley,Hardeman,NTH,310,21,59,317300,918,1,16,12000,150100,323,249,105,1438,2025-08-03T10:13:45+10:00,9,146,5,73,8,55,1,16,1,11,0,-5,0,0,0,0,0,0,64.0,111,57.375,70.3333,STK,48.0,1,"{'id': 18, 'abbrev': 'GWS', 'name': 'GWS Giants'}",1,"{'id': 12, 'abbrev': 'RIC', 'name': 'Richmond'}",0,"{'id': 1, 'abbrev': 'ADE', 'name': 'Adelaide'}",0,Docklands Stadium,63.2857,"{'id': 11, 'name': 'Manuka Oval', 'display_name': 'Manuka Oval', 'short_name': 'Manuka', 'abbrev': 'MO'}","{'id': 226, 'name': 'Ninja Stadium', 'display_name': 'Ninja Stadium', 'short_name': 'Ninja', 'abbrev': 'NIN'}","{'id': 7, 'name': 'Docklands Stadium', 'display_name': 'Marvel Stadium', 'short_name': 'Marvel', 'abbrev': 'MARV'}",2.28067,0.5619047619047619,0.6383866481223922,5530.283224400871,13
0,747,1023142,Tyrell,Dewar,WCE,379,21,21,252400,684,1,15,-38200,86100,374,394,72,1325,2025-08-03T10:13:46+10:00,4,140,1,57,4,53,0,11,1,7,0,-10,0,0,0,5,0,5,50.6,200,45.6,29.3333,MEL,13.5,1,"{'id': 1, 'abbrev': 'ADE', 'name': 'Adelaide'}",0,"{'id': 15, 'abbrev': 'WBD', 'name': 'Western Bulldogs'}",1,"{'id': 14, 'abbrev': 'SYD', 'name': 'Sydney'}",0,Docklands Stadium,19.6667,"{'id': 53, 'name': 'Perth Stadium', 'display_name': 'Optus Stadium', 'short_name': 'Optus', 'abbrev': 'OS'}","{'id': 7, 'name': 'Docklands Stadium', 'display_name': 'Marvel Stadium', 'short_name': 'Marvel', 'abbrev': 'MARV'}","{'id': 53, 'name': 'Perth Stadium', 'display_name': 'Optus Stadium', 'short_name': 'Optus', 'abbrev': 'OS'}",4.10931,0.2916666666666667,0.5162264150943396,5535.087719298245,-5
0,493,1023144,Robert,Hansen Jr,NTH,454,21,33,161700,411,1,12,-8000,-4000,456,363,35,805,2025-08-03T10:13:46+10:00,1,62,7,42,1,26,0,8,1,5,0,-2,0,0,0,3,0,1,32.2,23,34.25,28.0,STK,33.0,1,"{'id': 18, 'abbrev': 'GWS', 'name': 'GWS Giants'}",1,"{'id': 12, 'abbrev': 'RIC', 'name': 'Richmond'}",0,"{'id': 1, 'abbrev': 'ADE', 'name': 'Adelaide'}",0,Docklands Stadium,35.4444,"{'id': 11, 'name': 'Manuka Oval', 'display_name': 'Manuka Oval', 'short_name': 'Manuka', 'abbrev': 'MO'}","{'id': 226, 'name': 'Ninja Stadium', 'display_name': 'Ninja Stadium', 'short_name': 'Ninja', 'abbrev': 'NIN'}","{'id': 7, 'name': 'Docklands Stadium', 'display_name': 'Marvel Stadium', 'short_name': 'Marvel', 'abbrev': 'MARV'}",0.47257,0.9428571428571428,0.5105590062111801,4721.167883211679,2
0,790,1020802,Jai,Culley,MEL,604,21,78,163400,78,1,1,0,0,644,166,100,100,2025-08-03T10:13:45+10:00,9,9,4,4,7,7,2,2,2,2,0,0,0,0,2,2,0,0,78.0,50,78.0,78.0,WCE,78.0,0,"{'id': 15, 'abbrev': 'WBD', 'name': 'Western Bulldogs'}",0,"{'id': 8, 'abbrev': 'HAW', 'name': 'Hawthorn'}",1,"{'id': 4, 'abbrev': 'COL', 'name': 'Collingwood'}",1,Docklands Stadium,78.0,"{'id': 13, 'name': 'Melbourne Cricket Ground', 'display_name': 'MCG', 'short_name': 'MCG', 'abbrev': 'MCG'}","{'id': 13, 'name': 'Melbourne Cricket Ground', 'display_name': 'MCG', 'short_name': 'MCG', 'abbrev': 'MCG'}","{'id': 13, 'name': 'Melbourne Cricket Ground', 'display_name': 'MCG', 'short_name': 'MCG', 'abbrev': 'MCG'}",1.02733,0.78,0.78,2094.871794871795,40
0,642,1030433,Alixzander,Tauru,STK,465,21,58,227500,374,1,7,-7700,64500,476,255,110,759,2025-08-03T10:13:45+10:00,5,37,2,25,4,32,1,13,0,4,0,-4,0,0,0,1,0,1,50.6,280,53.4286,41.3333,NTH,58.0,0,"{'id': 12, 'abbrev': 'RIC', 'name': 'Richmond'}",1,"{'id': 5, 'abbrev': 'ESS', 'name': 'Essendon'}",1,"{'id': 18, 'abbrev': 'GWS', 'name': 'GWS Giants'}",1,Docklands Stadium,53.0,"{'id': 13, 'name': 'Melbourne Cricket Ground', 'display_name': 'MCG', 'short_name': 'MCG', 'abbrev': 'MCG'}","{'id': 7, 'name': 'Docklands Stadium', 'display_name': 'Marvel Stadium', 'short_name': 'Marvel', 'abbrev': 'MARV'}","{'id': 17, 'name': 'ENGIE Stadium', 'display_name': 'ENGIE Stadium', 'short_name': 'ENGIE', 'abbrev': 'ENS'}",5.75303,0.5272727272727272,0.4927536231884058,4258.019113358762,11
0,689,1020339,Angus,Sheldrick,SYD,273,21,92,377700,1086,1,17,1000,216000,281,102,83,1168,2025-08-03T10:13:45+10:00,14,149,10,115,7,31,0,64,0,9,-1,-12,0,0,0,5,0,4,77.0,738,63.8824,76.3333,ESS,72.5,0,"{'id': 2, 'abbrev': 'BRL', 'name': 'Brisbane'}",1,"{'id': 7, 'abbrev': 'GEE', 'name': 'Geelong'}",0,"{'id': 16, 'abbrev': 'WCE', 'name': 'West Coast'}",1,Sydney Cricket Ground,64.5,"{'id': 4, 'name': 'Brisbane Cricket Ground', 'display_name': 'Gabba', 'short_name': 'Gabba', 'abbrev': 'G'}","{'id': 16, 'name': 'Sydney Cricket Ground', 'display_name': 'SCG', 'short_name': 'SCG', 'abbrev': 'SCG'}","{'id': 53, 'name': 'Perth Stadium', 'display_name': 'Optus Stadium', 'short_name': 'Optus', 'abbrev': 'OS'}",15.1633,1.108433734939759,0.9297945205479452,5912.42658384782,8
0,360,1032629,Joe,Fonti,GWS,361,21,38,279700,745,1,13,-6300,119100,362,347,97,1258,2025-08-03T10:13:46+10:00,7,86,3,72,4,48,4,37,0,9,-1,-14,0,0,0,0,0,0,57.0,55,57.3077,52.6667,WBD,38.0,1,"{'id': 9, 'abbrev': 'NTH', 'name': 'North Melbourne'}",0,"{'id': 17, 'abbrev': 'GCS', 'name': 'Gold Coast'}",1,"{'id': 13, 'abbrev': 'STK', 'name': 'St Kilda'}",0,Docklands Stadium,48.3333,"{'id': 11, 'name': 'Manuka Oval', 'display_name': 'Manuka Oval', 'short_name': 'Manuka', 'abbrev': 'MO'}","{'id': 5, 'name': 'Carrara Stadium', 'display_name': 'People First Stadium', 'short_name': 'People First', 'abbrev': 'PFS'}","{'id': 17, 'name': 'ENGIE Stadium', 'display_name': 'ENGIE Stadium', 'short_name': 'ENGIE', 'abbrev': 'ENS'}",1.13006,0.3917525773195876,0.5922098569157392,4880.670485816043,1
0,668,295222,Joel,Hamling,SYD,383,21,0,240400,671,0,14,0,80800,371,413,0,1531,2025-08-03T10:13:46+10:00,0,57,0,49,0,36,0,19,0,13,0,-8,0,1,0,3,0,3,53.8,31,47.9286,49.0,ESS,59.625,0,"{'id': 2, 'abbrev': 'BRL', 'name': 'Brisbane'}",1,"{'id': 7, 'abbrev': 'GEE', 'name': 'Geelong'}",0,"{'id': 16, 'abbrev': 'WCE', 'name': 'West Coast'}",1,Sydney Cricket Ground,49.1111,"{'id': 4, 'name': 'Brisbane Cricket Ground', 'display_name': 'Gabba', 'short_name': 'Gabba', 'abbrev': 'G'}","{'id': 16, 'name': 'Sydney Cricket Ground', 'display_name': 'SCG', 'short_name': 'SCG', 'abbrev': 'SCG'}","{'id': 53, 'name': 'Perth Stadium', 'display_name': 'Optus Stadium', 'short_name': 'Optus', 'abbrev': 'OS'}",0.636943,,0.43827563683866755,5015.794327395333,-12
0,9,1024023,Daniel,Curtin,ADE,126,21,84,509300,1516,1,20,5700,350700,129,140,112,1979,2025-08-03T10:13:45+10:00,16,189,4,87,6,92,5,65,2,19,-1,-11,0,0,0,10,0,7,100.8,3085,75.8,105.333,HAW,59.0,0,"{'id': 16, 'abbrev': 'WCE', 'name': 'West Coast'}",1,"{'id': 4, 'abbrev': 'COL', 'name': 'Collingwood'}",0,"{'id': 9, 'abbrev': 'NTH', 'name': 'North Melbourne'}",1,Adelaide Oval,59.6471,"{'id': 53, 'name': 'Perth Stadium', 'display_name': 'Optus Stadium', 'short_name': 'Optus', 'abbrev': 'OS'}","{'id': 1, 'name': 'Adelaide Oval', 'display_name': 'Adelaide Oval', 'short_name': 'Adelaide', 'abbrev': 'AO'}","{'id': 7, 'name': 'Docklands Stadium', 'display_name': 'Marvel Stadium', 'short_name': 'Marvel', 'abbrev': 'MARV'}",63.3861,0.75,0.7660434562910561,6718.997361477573,3
0,451,1028531,Xavier,Lindsay,MEL,312,21,0,189300,911,0,18,0,30800,302,413,0,1464,2025-08-03T10:13:46+10:00,0,139,0,105,0,57,0,33,0,17,0,-7,0,0,0,2,0,6,39.0,271,50.6111,34.3333,WCE,56.0,0,"{'id': 15, 'abbrev': 'WBD', 'name': 'Western Bulldogs'}",0,"{'id': 8, 'abbrev': 'HAW', 'name': 'Hawthorn'}",1,"{'id': 4, 'abbrev': 'COL', 'name': 'Collingwood'}",1,Docklands Stadium,67.5,"{'id': 13, 'name': 'Melbourne Cricket Ground', 'display_name': 'MCG', 'short_name': 'MCG', 'abbrev': 'MCG'}","{'id': 13, 'name': 'Melbourne Cricket Ground', 'display_name': 'MCG', 'short_name': 'MCG', 'abbrev': 'MCG'}","{'id': 13, 'name': 'Melbourne Cricket Ground', 'display_name': 'MCG', 'short_name': 'MCG', 'abbrev': 'MCG'}",5.56811,,0.6222677595628415,3740.2862217971947,-10
0,453,298470,Shane,McAdam,MEL,652,21,0,158400,0,0,0,0,0,644,413,0,0,2025-08-03T10:13:47+10:00,0,0,0,0,0,0,0,0,0,0,0,0,0,0,0,0,0,0,0.0,22,0.0,0.0,WCE,72.4,0,"{'id': 15, 'abbrev': 'WBD', 'name': 'Western Bulldogs'}",0,"{'id': 8, 'abbrev': 'HAW', 'name': 'Hawthorn'}",1,"{'id': 4, 'abbrev': 'COL', 'name': 'Collingwood'}",1,Docklands Stadium,50.0,"{'id': 13, 'name': 'Melbourne Cricket Ground', 'display_name': 'MCG', 'short_name': 'MCG', 'abbrev': 'MCG'}","{'id': 13, 'name': 'Melbourne Cricket Ground', 'display_name': 'MCG', 'short_name': 'MCG', 'abbrev': 'MCG'}","{'id': 13, 'name': 'Melbourne Cricket Ground', 'display_name': 'MCG', 'short_name': 'MCG', 'abbrev': 'MCG'}",0.452024,,,,-8
0,582,1032106,Taj,Hotton,RIC,526,21,59,222700,239,1,4,29900,68700,544,249,87,312,2025-08-03T10:13:45+10:00,3,17,11,34,5,10,2,9,1,5,-1,-2,0,0,0,3,1,2,59.75,317,59.75,61.3333,GCS,59.0,1,"{'id': 13, 'abbrev': 'STK', 'name': 'St Kilda'}",0,"{'id': 9, 'abbrev': 'NTH', 'name': 'North Melbourne'}",1,"{'id': 7, 'abbrev': 'GEE', 'name': 'Geelong'}",0,Carrara Stadium,59.0,"{'id': 13, 'name': 'Melbourne Cricket Ground', 'display_name': 'MCG', 'short_name': 'MCG', 'abbrev': 'MCG'}","{'id': 226, 'name': 'Ninja Stadium', 'display_name': 'Ninja Stadium', 'short_name': 'Ninja', 'abbrev': 'NIN'}","{'id': 13, 'name': 'Melbourne Cricket Ground', 'display_name': 'MCG', 'short_name': 'MCG', 'abbrev': 'MCG'}",6.51325,0.6781609195402298,0.7660256410256411,3727.196652719665,18
0,577,1017059,Josh,Gibcus,RIC,652,21,0,153600,0,0,0,0,0,644,413,0,0,2025-08-03T10:13:47+10:00,0,0,0,0,0,0,0,0,0,0,0,0,0,0,0,0,0,0,0.0,41,0.0,0.0,GCS,76.0,1,"{'id': 13, 'abbrev': 'STK', 'name': 'St Kilda'}",0,"{'id': 9, 'abbrev': 'NTH', 'name': 'North Melbourne'}",1,"{'id': 7, 'abbrev': 'GEE', 'name': 'Geelong'}",0,Carrara Stadium,76.0,"{'id': 13, 'name': 'Melbourne Cricket Ground', 'display_name': 'MCG', 'short_name': 'MCG', 'abbrev': 'MCG'}","{'id': 226, 'name': 'Ninja Stadium', 'display_name': 'Ninja Stadium', 'short_name': 'Ninja', 'abbrev': 'NIN'}","{'id': 13, 'name': 'Melbourne Cricket Ground', 'display_name': 'MCG', 'short_name': 'MCG', 'abbrev': 'MCG'}",0.842408,,,,-8
0,449,1012826,Bailey,Laurie,MEL,650,21,0,152800,1,0,1,0,0,642,413,0,24,2025-08-03T10:13:46+10:00,0,2,0,1,0,1,0,0,0,0,0,0,0,0,0,0,0,1,1.0,11,1.0,1.0,WCE,0.0,0,"{'id': 15, 'abbrev': 'WBD', 'name': 'Western Bulldogs'}",0,"{'id': 8, 'abbrev': 'HAW', 'name': 'Hawthorn'}",1,"{'id': 4, 'abbrev': 'COL', 'name': 'Collingwood'}",1,Docklands Stadium,0.0,"{'id': 13, 'name': 'Melbourne Cricket Ground', 'display_name': 'MCG', 'short_name': 'MCG', 'abbrev': 'MCG'}","{'id': 13, 'name': 'Melbourne Cricket Ground', 'display_name': 'MCG', 'short_name': 'MCG', 'abbrev': 'MCG'}","{'id': 13, 'name': 'Melbourne Cricket Ground', 'display_name': 'MCG', 'short_name': 'MCG', 'abbrev': 'MCG'}",0.226012,,0.041666666666666664,152800.0,-8
0,475,1018425,Taj,Woewodin,MEL,630,21,0,152600,43,0,1,0,0,623,413,0,72,2025-08-03T10:13:46+10:00,0,6,0,4,0,1,0,1,0,0,0,0,0,0,0,0,0,0,43.0,9,43.0,43.0,WCE,27.5,0,"{'id': 15, 'abbrev': 'WBD', 'name': 'Western Bulldogs'}",0,"{'id': 8, 'abbrev': 'HAW', 'name': 'Hawthorn'}",1,"{'id': 4, 'abbrev': 'COL', 'name': 'Collingwood'}",1,Docklands Stadium,43.0,"{'id': 13, 'name': 'Melbourne Cricket Ground', 'display_name': 'MCG', 'short_name': 'MCG', 'abbrev': 'MCG'}","{'id': 13, 'name': 'Melbourne Cricket Ground', 'display_name': 'MCG', 'short_name': 'MCG', 'abbrev': 'MCG'}","{'id': 13, 'name': 'Melbourne Cricket Ground', 'display_name': 'MCG', 'short_name': 'MCG', 'abbrev': 'MCG'}",0.184919,,0.5972222222222222,3548.8372093023254,-7
0,492,1017118,Josh,Goater,NTH,652,21,0,151400,0,0,0,0,0,644,413,0,0,2025-08-03T10:13:47+10:00,0,0,0,0,0,0,0,0,0,0,0,0,0,0,0,0,0,0,0.0,20,0.0,0.0,STK,67.0,1,"{'id': 18, 'abbrev': 'GWS', 'name': 'GWS Giants'}",1,"{'id': 12, 'abbrev': 'RIC', 'name': 'Richmond'}",0,"{'id': 1, 'abbrev': 'ADE', 'name': 'Adelaide'}",0,Docklands Stadium,60.6,"{'id': 11, 'name': 'Manuka Oval', 'display_name': 'Manuka Oval', 'short_name': 'Manuka', 'abbrev': 'MO'}","{'id': 226, 'name': 'Ninja Stadium', 'display_name': 'Ninja Stadium', 'short_name': 'Ninja', 'abbrev': 'NIN'}","{'id': 7, 'name': 'Docklands Stadium', 'display_name': 'Marvel Stadium', 'short_name': 'Marvel', 'abbrev': 'MARV'}",0.410931,,,,-8
0,328,296190,Jack,Martin,GEE,418,21,49,328100,534,1,8,2000,177200,427,302,46,604,2025-08-03T10:13:46+10:00,6,71,7,48,5,55,0,18,0,4,-1,-6,0,0,4,7,0,3,71.4,521,66.75,67.0,PTA,60.4,0,"{'id': 5, 'abbrev': 'ESS', 'name': 'Essendon'}",0,"{'id': 14, 'abbrev': 'SYD', 'name': 'Sydney'}",1,"{'id': 12, 'abbrev': 'RIC', 'name': 'Richmond'}",1,Kardinia Park,75.625,"{'id': 10, 'name': 'Kardinia Park', 'display_name': 'GMHBA Stadium', 'short_name': 'GMHBA', 'abbrev': 'GMS'}","{'id': 16, 'name': 'Sydney Cricket Ground', 'display_name': 'SCG', 'short_name': 'SCG', 'abbrev': 'SCG'}","{'id': 13, 'name': 'Melbourne Cricket Ground', 'display_name': 'MCG', 'short_name': 'MCG', 'abbrev': 'MCG'}",10.7047,1.065217391304348,0.8841059602649006,4915.3558052434455,9
0,715,1020586,Arthur,Jones,WBD,620,21,0,135100,54,0,3,0,-15800,616,413,0,131,2025-08-03T10:13:46+10:00,0,3,0,9,0,1,0,5,0,0,0,-1,0,0,0,0,0,0,18.0,6,18.0,18.0,GWS,52.5,0,"{'id': 10, 'abbrev': 'MEL', 'name': 'Melbourne'}",1,"{'id': 16, 'abbrev': 'WCE', 'name': 'West Coast'}",0,"{'id': 6, 'abbrev': 'FRE', 'name': 'Fremantle'}",0,Docklands Stadium,29.5,"{'id': 13, 'name': 'Melbourne Cricket Ground', 'display_name': 'MCG', 'short_name': 'MCG', 'abbrev': 'MCG'}","{'id': 7, 'name': 'Docklands Stadium', 'display_name': 'Marvel Stadium', 'short_name': 'Marvel', 'abbrev': 'MARV'}","{'id': 7, 'name': 'Docklands Stadium', 'display_name': 'Marvel Stadium', 'short_name': 'Marvel', 'abbrev': 'MARV'}",0.123279,,0.4122137404580153,7505.555555555556,-4
0,30,1012218,Luke,Pedlar,ADE,498,21,0,193100,283,0,6,0,42700,489,413,0,495,2025-08-03T10:13:46+10:00,0,30,0,12,0,10,0,23,0,10,0,-6,0,0,0,6,0,1,40.8,38,47.1667,33.3333,HAW,41.0,0,"{'id': 16, 'abbrev': 'WCE', 'name': 'West Coast'}",1,"{'id': 4, 'abbrev': 'COL', 'name': 'Collingwood'}",0,"{'id': 9, 'abbrev': 'NTH', 'name': 'North Melbourne'}",1,Adelaide Oval,51.8824,"{'id': 53, 'name': 'Perth Stadium', 'display_name': 'Optus Stadium', 'short_name': 'Optus', 'abbrev': 'OS'}","{'id': 1, 'name': 'Adelaide Oval', 'display_name': 'Adelaide Oval', 'short_name': 'Adelaide', 'abbrev': 'AO'}","{'id': 7, 'name': 'Docklands Stadium', 'display_name': 'Marvel Stadium', 'short_name': 'Marvel', 'abbrev': 'MARV'}",0.780768,,0.5717171717171717,4093.990039583011,-9
0,325,1021103,Mitch,Knevitt,GEE,519,21,0,188900,250,0,5,0,39100,509,413,0,379,2025-08-03T10:13:46+10:00,0,27,0,34,0,10,0,25,0,3,0,-1,0,0,0,1,0,1,50.0,90,50.0,36.6667,PTA,0.0,0,"{'id': 5, 'abbrev': 'ESS', 'name': 'Essendon'}",0,"{'id': 14, 'abbrev': 'SYD', 'name': 'Sydney'}",1,"{'id': 12, 'abbrev': 'RIC', 'name': 'Richmond'}",1,Kardinia Park,45.0,"{'id': 10, 'name': 'Kardinia Park', 'display_name': 'GMHBA Stadium', 'short_name': 'GMHBA', 'abbrev': 'GMS'}","{'id': 16, 'name': 'Sydney Cricket Ground', 'display_name': 'SCG', 'short_name': 'SCG', 'abbrev': 'SCG'}","{'id': 13, 'name': 'Melbourne Cricket Ground', 'display_name': 'MCG', 'short_name': 'MCG', 'abbrev': 'MCG'}",1.84919,,0.6596306068601583,3778.0,-10
0,192,1028554,Isaac,Kako,ESS,297,21,40,291700,975,1,19,-5700,142200,296,341,103,1915,2025-08-03T10:13:46+10:00,5,97,2,101,0,36,1,41,0,7,0,-8,0,0,1,12,0,5,62.2,446,51.3158,55.3333,SYD,35.0,1,"{'id': 7, 'abbrev': 'GEE', 'name': 'Geelong'}",1,"{'id': 13, 'abbrev': 'STK', 'name': 'St Kilda'}",0,"{'id': 3, 'abbrev': 'CAR', 'name': 'Carlton'}",0,Sydney Cricket Ground,40.0,"{'id': 10, 'name': 'Kardinia Park', 'display_name': 'GMHBA Stadium', 'short_name': 'GMHBA', 'abbrev': 'GMS'}","{'id': 7, 'name': 'Docklands Stadium', 'display_name': 'Marvel Stadium', 'short_name': 'Marvel', 'abbrev': 'MARV'}","{'id': 13, 'name': 'Melbourne Cricket Ground', 'display_name': 'MCG', 'short_name': 'MCG', 'abbrev': 'MCG'}",9.16376,0.3883495145631068,0.5091383812010444,5684.409090377622,-1
0,335,1027877,Connor,O'Sullivan,GEE,214,21,66,320600,1232,1,19,-4800,171900,219,220,111,2244,2025-08-03T10:13:45+10:00,9,137,2,114,7,115,4,30,0,9,0,-11,0,1,0,0,0,0,65.2,362,64.8421,61.6667,PTA,46.0,0,"{'id': 5, 'abbrev': 'ESS', 'name': 'Essendon'}",0,"{'id': 14, 'abbrev': 'SYD', 'name': 'Sydney'}",1,"{'id': 12, 'abbrev': 'RIC', 'name': 'Richmond'}",1,Kardinia Park,61.3333,"{'id': 10, 'name': 'Kardinia Park', 'display_name': 'GMHBA Stadium', 'short_name': 'GMHBA', 'abbrev': 'GMS'}","{'id': 16, 'name': 'Sydney Cricket Ground', 'display_name': 'SCG', 'short_name': 'SCG', 'abbrev': 'SCG'}","{'id': 13, 'name': 'Melbourne Cricket Ground', 'display_name': 'MCG', 'short_name': 'MCG', 'abbrev': 'MCG'}",7.43785,0.5945945945945946,0.5490196078431373,4944.318583142742,5
0,692,1018424,Corey,Warner,SYD,405,21,0,225900,604,0,13,0,77200,391,413,0,1296,2025-08-03T10:13:46+10:00,0,94,0,60,0,32,0,24,0,9,0,-11,0,0,0,8,0,7,38.6,61,46.4615,42.3333,ESS,23.0,0,"{'id': 2, 'abbrev': 'BRL', 'name': 'Brisbane'}",1,"{'id': 7, 'abbrev': 'GEE', 'name': 'Geelong'}",0,"{'id': 16, 'abbrev': 'WCE', 'name': 'West Coast'}",1,Sydney Cricket Ground,38.4,"{'id': 4, 'name': 'Brisbane Cricket Ground', 'display_name': 'Gabba', 'short_name': 'Gabba', 'abbrev': 'G'}","{'id': 16, 'name': 'Sydney Cricket Ground', 'display_name': 'SCG', 'short_name': 'SCG', 'abbrev': 'SCG'}","{'id': 53, 'name': 'Perth Stadium', 'display_name': 'Optus Stadium', 'short_name': 'Optus', 'abbrev': 'OS'}",1.25334,,0.4660493827160494,4862.09011762427,-14
0,761,1027969,Harvey,Johnston,WCE,652,21,0,148700,0,0,0,0,0,644,413,0,0,2025-08-03T10:13:47+10:00,0,0,0,0,0,0,0,0,0,0,0,0,0,0,0,0,0,0,0.0,14,0.0,0.0,MEL,0.0,1,"{'id': 1, 'abbrev': 'ADE', 'name': 'Adelaide'}",0,"{'id': 15, 'abbrev': 'WBD', 'name': 'Western Bulldogs'}",1,"{'id': 14, 'abbrev': 'SYD', 'name': 'Sydney'}",0,Docklands Stadium,19.0,"{'id': 53, 'name': 'Perth Stadium', 'display_name': 'Optus Stadium', 'short_name': 'Optus', 'abbrev': 'OS'}","{'id': 7, 'name': 'Docklands Stadium', 'display_name': 'Marvel Stadium', 'short_name': 'Marvel', 'abbrev': 'MARV'}","{'id': 53, 'name': 'Perth Stadium', 'display_name': 'Optus Stadium', 'short_name': 'Optus', 'abbrev': 'OS'}",0.287652,,,,-8
0,437,290246,Tom,Campbell,MEL,652,21,0,147100,0,0,0,0,0,644,413,0,0,2025-08-03T10:13:47+10:00,0,0,0,0,0,0,0,0,0,0,0,0,0,0,0,0,0,0,0.0,42,0.0,0.0,WCE,59.5,0,"{'id': 15, 'abbrev': 'WBD', 'name': 'Western Bulldogs'}",0,"{'id': 8, 'abbrev': 'HAW', 'name': 'Hawthorn'}",1,"{'id': 4, 'abbrev': 'COL', 'name': 'Collingwood'}",1,Docklands Stadium,63.4571,"{'id': 13, 'name': 'Melbourne Cricket Ground', 'display_name': 'MCG', 'short_name': 'MCG', 'abbrev': 'MCG'}","{'id': 13, 'name': 'Melbourne Cricket Ground', 'display_name': 'MCG', 'short_name': 'MCG', 'abbrev': 'MCG'}","{'id': 13, 'name': 'Melbourne Cricket Ground', 'display_name': 'MCG', 'short_name': 'MCG', 'abbrev': 'MCG'}",0.862955,,,,-8
0,178,1017933,Alwyn,Davey Jnr,ESS,652,21,0,146600,0,0,0,0,0,644,413,0,0,2025-08-03T10:13:47+10:00,0,0,0,0,0,0,0,0,0,0,0,0,0,0,0,0,0,0,0.0,17,0.0,0.0,SYD,14.0,1,"{'id': 7, 'abbrev': 'GEE', 'name': 'Geelong'}",1,"{'id': 13, 'abbrev': 'STK', 'name': 'St Kilda'}",0,"{'id': 3, 'abbrev': 'CAR', 'name': 'Carlton'}",0,Sydney Cricket Ground,4.0,"{'id': 10, 'name': 'Kardinia Park', 'display_name': 'GMHBA Stadium', 'short_name': 'GMHBA', 'abbrev': 'GMS'}","{'id': 7, 'name': 'Docklands Stadium', 'display_name': 'Marvel Stadium', 'short_name': 'Marvel', 'abbrev': 'MARV'}","{'id': 13, 'name': 'Melbourne Cricket Ground', 'display_name': 'MCG', 'short_name': 'MCG', 'abbrev': 'MCG'}",0.349291,,,,-8
0,710,997501,Ryan,Gardner,WBD,647,21,0,145800,26,0,1,0,0,640,413,0,116,2025-08-03T10:13:46+10:00,0,4,0,1,0,1,0,2,0,1,0,0,0,0,0,0,0,0,26.0,4,26.0,26.0,GWS,47.25,0,"{'id': 10, 'abbrev': 'MEL', 'name': 'Melbourne'}",1,"{'id': 16, 'abbrev': 'WCE', 'name': 'West Coast'}",0,"{'id': 6, 'abbrev': 'FRE', 'name': 'Fremantle'}",0,Docklands Stadium,55.5714,"{'id': 13, 'name': 'Melbourne Cricket Ground', 'display_name': 'MCG', 'short_name': 'MCG', 'abbrev': 'MCG'}","{'id': 7, 'name': 'Docklands Stadium', 'display_name': 'Marvel Stadium', 'short_name': 'Marvel', 'abbrev': 'MARV'}","{'id': 7, 'name': 'Docklands Stadium', 'display_name': 'Marvel Stadium', 'short_name': 'Marvel', 'abbrev': 'MARV'}",0.0821862,,0.22413793103448276,5607.692307692308,-7
0,575,1028498,Jonty,Faull,RIC,393,21,0,232000,639,1,16,-10600,87000,382,413,6,1497,2025-08-03T10:13:46+10:00,0,78,0,38,0,44,0,19,0,10,0,-12,0,0,0,9,0,18,41.6,36,39.9375,40.6667,GCS,26.5,1,"{'id': 13, 'abbrev': 'STK', 'name': 'St Kilda'}",0,"{'id': 9, 'abbrev': 'NTH', 'name': 'North Melbourne'}",1,"{'id': 7, 'abbrev': 'GEE', 'name': 'Geelong'}",0,Carrara Stadium,0.0,"{'id': 13, 'name': 'Melbourne Cricket Ground', 'display_name': 'MCG', 'short_name': 'MCG', 'abbrev': 'MCG'}","{'id': 226, 'name': 'Ninja Stadium', 'display_name': 'Ninja Stadium', 'short_name': 'Ninja', 'abbrev': 'NIN'}","{'id': 13, 'name': 'Melbourne Cricket Ground', 'display_name': 'MCG', 'short_name': 'MCG', 'abbrev': 'MCG'}",0.739675,0.0,0.42685370741482964,5809.076682316119,-11
0,237,999824,Quinton,Narkle,FRE,620,21,0,144900,54,0,2,0,0,616,413,0,76,2025-08-03T10:13:46+10:00,0,6,0,4,0,2,0,2,0,0,0,0,0,0,0,1,0,1,27.0,15,27.0,27.0,CAR,83.0,0,"{'id': 11, 'abbrev': 'PTA', 'name': 'Port Adelaide'}",1,"{'id': 2, 'abbrev': 'BRL', 'name': 'Brisbane'}",0,"{'id': 15, 'abbrev': 'WBD', 'name': 'Western Bulldogs'}",1,Perth Stadium,55.0,"{'id': 1, 'name': 'Adelaide Oval', 'display_name': 'Adelaide Oval', 'short_name': 'Adelaide', 'abbrev': 'AO'}","{'id': 53, 'name': 'Perth Stadium', 'display_name': 'Optus Stadium', 'short_name': 'Optus', 'abbrev': 'OS'}","{'id': 7, 'name': 'Docklands Stadium', 'display_name': 'Marvel Stadium', 'short_name': 'Marvel', 'abbrev': 'MARV'}",0.308198,,0.7105263157894737,5366.666666666667,-4
0,486,1028551,Wil,Dawson,NTH,532,21,0,187000,224,0,5,0,43700,525,413,0,558,2025-08-03T10:13:46+10:00,0,27,0,8,0,22,0,14,0,3,0,-4,0,3,0,0,0,0,44.8,13,44.8,36.3333,STK,0.0,1,"{'id': 18, 'abbrev': 'GWS', 'name': 'GWS Giants'}",1,"{'id': 12, 'abbrev': 'RIC', 'name': 'Richmond'}",0,"{'id': 1, 'abbrev': 'ADE', 'name': 'Adelaide'}",0,Docklands Stadium,45.3333,"{'id': 11, 'name': 'Manuka Oval', 'display_name': 'Manuka Oval', 'short_name': 'Manuka', 'abbrev': 'MO'}","{'id': 226, 'name': 'Ninja Stadium', 'display_name': 'Ninja Stadium', 'short_name': 'Ninja', 'abbrev': 'NIN'}","{'id': 7, 'name': 'Docklands Stadium', 'display_name': 'Marvel Stadium', 'short_name': 'Marvel', 'abbrev': 'MARV'}",0.267105,,0.4014336917562724,4174.107142857143,-7
0,525,1028529,Joe,Berry,PTA,488,21,63,145500,310,1,9,7400,5000,513,232,106,689,2025-08-03T10:13:45+10:00,10,45,2,27,3,20,2,15,3,6,0,-4,0,0,1,2,0,3,29.6,73,34.4444,33.3333,GEE,63.0,1,"{'id': 6, 'abbrev': 'FRE', 'name': 'Fremantle'}",0,"{'id': 3, 'abbrev': 'CAR', 'name': 'Carlton'}",1,"{'id': 17, 'abbrev': 'GCS', 'name': 'Gold Coast'}",0,Kardinia Park,63.0,"{'id': 1, 'name': 'Adelaide Oval', 'display_name': 'Adelaide Oval', 'short_name': 'Adelaide', 'abbrev': 'AO'}","{'id': 7, 'name': 'Docklands Stadium', 'display_name': 'Marvel Stadium', 'short_name': 'Marvel', 'abbrev': 'MARV'}","{'id': 1, 'name': 'Adelaide Oval', 'display_name': 'Adelaide Oval', 'short_name': 'Adelaide', 'abbrev': 'AO'}",1.4999,0.5943396226415094,0.44992743105950656,4224.19899896645,25
0,728,992048,Anthony,Scott,WBD,652,21,0,138500,0,0,0,0,0,644,413,0,0,2025-08-03T10:13:47+10:00,0,0,0,0,0,0,0,0,0,0,0,0,0,0,0,0,0,0,0.0,8,0.0,0.0,GWS,62.5,0,"{'id': 10, 'abbrev': 'MEL', 'name': 'Melbourne'}",1,"{'id': 16, 'abbrev': 'WCE', 'name': 'West Coast'}",0,"{'id': 6, 'abbrev': 'FRE', 'name': 'Fremantle'}",0,Docklands Stadium,46.6429,"{'id': 13, 'name': 'Melbourne Cricket Ground', 'display_name': 'MCG', 'short_name': 'MCG', 'abbrev': 'MCG'}","{'id': 7, 'name': 'Docklands Stadium', 'display_name': 'Marvel Stadium', 'short_name': 'Marvel', 'abbrev': 'MARV'}","{'id': 7, 'name': 'Docklands Stadium', 'display_name': 'Marvel Stadium', 'short_name': 'Marvel', 'abbrev': 'MARV'}",0.164372,,,,-8
0,477,1017095,Miller,Bergman,NTH,652,21,0,137900,0,0,0,0,0,644,413,0,0,2025-08-03T10:13:47+10:00,0,0,0,0,0,0,0,0,0,0,0,0,0,0,0,0,0,0,0.0,8,0.0,0.0,STK,52.0,1,"{'id': 18, 'abbrev': 'GWS', 'name': 'GWS Giants'}",1,"{'id': 12, 'abbrev': 'RIC', 'name': 'Richmond'}",0,"{'id': 1, 'abbrev': 'ADE', 'name': 'Adelaide'}",0,Docklands Stadium,39.7778,"{'id': 11, 'name': 'Manuka Oval', 'display_name': 'Manuka Oval', 'short_name': 'Manuka', 'abbrev': 'MO'}","{'id': 226, 'name': 'Ninja Stadium', 'display_name': 'Ninja Stadium', 'short_name': 'Ninja', 'abbrev': 'NIN'}","{'id': 7, 'name': 'Docklands Stadium', 'display_name': 'Marvel Stadium', 'short_name': 'Marvel', 'abbrev': 'MARV'}",0.164372,,,,-8
0,736,1028449,Bo,Allan,WCE,546,21,0,165900,188,0,6,0,29900,538,413,0,446,2025-08-03T10:13:46+10:00,0,16,0,30,0,12,0,6,0,1,0,-3,0,0,0,0,0,0,30.4,146,31.3333,49.6667,MEL,36.0,1,"{'id': 1, 'abbrev': 'ADE', 'name': 'Adelaide'}",0,"{'id': 15, 'abbrev': 'WBD', 'name': 'Western Bulldogs'}",1,"{'id': 14, 'abbrev': 'SYD', 'name': 'Sydney'}",0,Docklands Stadium,39.0,"{'id': 53, 'name': 'Perth Stadium', 'display_name': 'Optus Stadium', 'short_name': 'Optus', 'abbrev': 'OS'}","{'id': 7, 'name': 'Docklands Stadium', 'display_name': 'Marvel Stadium', 'short_name': 'Marvel', 'abbrev': 'MARV'}","{'id': 53, 'name': 'Perth Stadium', 'display_name': 'Optus Stadium', 'short_name': 'Optus', 'abbrev': 'OS'}",2.99979,,0.42152466367713004,5294.686483709025,-8
0,467,1002282,Charlie,Spargo,MEL,450,21,0,232500,425,0,10,0,96700,446,413,0,808,2025-08-03T10:13:46+10:00,0,46,0,50,0,21,0,26,0,8,0,-7,0,0,0,1,0,4,48.4,13,42.5,42.3333,WCE,45.1667,0,"{'id': 15, 'abbrev': 'WBD', 'name': 'Western Bulldogs'}",0,"{'id': 8, 'abbrev': 'HAW', 'name': 'Hawthorn'}",1,"{'id': 4, 'abbrev': 'COL', 'name': 'Collingwood'}",1,Docklands Stadium,55.1818,"{'id': 13, 'name': 'Melbourne Cricket Ground', 'display_name': 'MCG', 'short_name': 'MCG', 'abbrev': 'MCG'}","{'id': 13, 'name': 'Melbourne Cricket Ground', 'display_name': 'MCG', 'short_name': 'MCG', 'abbrev': 'MCG'}","{'id': 13, 'name': 'Melbourne Cricket Ground', 'display_name': 'MCG', 'short_name': 'MCG', 'abbrev': 'MCG'}",0.267105,,0.525990099009901,5470.588235294118,-4
0,149,997974,Ash,Johnson,COL,652,21,0,134000,0,0,0,0,0,644,413,0,0,2025-08-03T10:13:47+10:00,0,0,0,0,0,0,0,0,0,0,0,0,0,0,0,0,0,0,0.0,24,0.0,0.0,BRL,81.0,0,"{'id': 8, 'abbrev': 'HAW', 'name': 'Hawthorn'}",1,"{'id': 1, 'abbrev': 'ADE', 'name': 'Adelaide'}",1,"{'id': 10, 'abbrev': 'MEL', 'name': 'Melbourne'}",0,Melbourne Cricket Ground,46.3571,"{'id': 13, 'name': 'Melbourne Cricket Ground', 'display_name': 'MCG', 'short_name': 'MCG', 'abbrev': 'MCG'}","{'id': 1, 'name': 'Adelaide Oval', 'display_name': 'Adelaide Oval', 'short_name': 'Adelaide', 'abbrev': 'AO'}","{'id': 13, 'name': 'Melbourne Cricket Ground', 'display_name': 'MCG', 'short_name': 'MCG', 'abbrev': 'MCG'}",0.493117,,,,-8
0,685,1004985,Ben,Paton,SYD,563,21,0,158200,152,0,4,0,24800,557,413,0,276,2025-08-03T10:13:46+10:00,0,18,0,15,0,8,0,6,0,0,0,-2,0,0,0,0,0,0,38.0,31,38.0,28.3333,ESS,20.2,0,"{'id': 2, 'abbrev': 'BRL', 'name': 'Brisbane'}",1,"{'id': 7, 'abbrev': 'GEE', 'name': 'Geelong'}",0,"{'id': 16, 'abbrev': 'WCE', 'name': 'West Coast'}",1,Sydney Cricket Ground,65.5,"{'id': 4, 'name': 'Brisbane Cricket Ground', 'display_name': 'Gabba', 'short_name': 'Gabba', 'abbrev': 'G'}","{'id': 16, 'name': 'Sydney Cricket Ground', 'display_name': 'SCG', 'short_name': 'SCG', 'abbrev': 'SCG'}","{'id': 53, 'name': 'Perth Stadium', 'display_name': 'Optus Stadium', 'short_name': 'Optus', 'abbrev': 'OS'}",0.636943,,0.5507246376811594,4163.1578947368425,-6
0,243,1023346,Liam,Reidy,FRE,637,21,0,132600,34,0,1,0,0,629,413,0,101,2025-08-03T10:13:46+10:00,0,4,0,2,0,1,0,2,0,1,0,-3,0,18,0,0,0,0,34.0,58,34.0,34.0,CAR,0.0,0,"{'id': 11, 'abbrev': 'PTA', 'name': 'Port Adelaide'}",1,"{'id': 2, 'abbrev': 'BRL', 'name': 'Brisbane'}",0,"{'id': 15, 'abbrev': 'WBD', 'name': 'Western Bulldogs'}",1,Perth Stadium,29.0,"{'id': 1, 'name': 'Adelaide Oval', 'display_name': 'Adelaide Oval', 'short_name': 'Adelaide', 'abbrev': 'AO'}","{'id': 53, 'name': 'Perth Stadium', 'display_name': 'Optus Stadium', 'short_name': 'Optus', 'abbrev': 'OS'}","{'id': 7, 'name': 'Docklands Stadium', 'display_name': 'Marvel Stadium', 'short_name': 'Marvel', 'abbrev': 'MARV'}",1.1917,,0.33663366336633666,3900.0,-8
0,242,1028513,Murphy,Reid,FRE,174,21,43,363500,1354,1,20,-1700,232000,165,325,106,2000,2025-08-03T10:13:46+10:00,5,157,5,124,1,44,0,42,0,11,-1,-17,0,0,1,20,0,13,76.0,1095,67.7,72.0,CAR,43.0,0,"{'id': 11, 'abbrev': 'PTA', 'name': 'Port Adelaide'}",1,"{'id': 2, 'abbrev': 'BRL', 'name': 'Brisbane'}",0,"{'id': 15, 'abbrev': 'WBD', 'name': 'Western Bulldogs'}",1,Perth Stadium,70.5833,"{'id': 1, 'name': 'Adelaide Oval', 'display_name': 'Adelaide Oval', 'short_name': 'Adelaide', 'abbrev': 'AO'}","{'id': 53, 'name': 'Perth Stadium', 'display_name': 'Optus Stadium', 'short_name': 'Optus', 'abbrev': 'OS'}","{'id': 7, 'name': 'Docklands Stadium', 'display_name': 'Marvel Stadium', 'short_name': 'Marvel', 'abbrev': 'MARV'}",22.4985,0.4056603773584906,0.677,5369.2762186115215,-9
0,755,1024188,Clay,Hall,WCE,378,21,60,344100,687,1,10,10700,214600,386,245,100,913,2025-08-03T10:13:45+10:00,6,69,9,94,4,25,1,26,0,2,0,-9,0,0,0,2,0,2,74.2,341,68.7,75.0,MEL,60.0,1,"{'id': 1, 'abbrev': 'ADE', 'name': 'Adelaide'}",0,"{'id': 15, 'abbrev': 'WBD', 'name': 'Western Bulldogs'}",1,"{'id': 14, 'abbrev': 'SYD', 'name': 'Sydney'}",0,Docklands Stadium,69.0,"{'id': 53, 'name': 'Perth Stadium', 'display_name': 'Optus Stadium', 'short_name': 'Optus', 'abbrev': 'OS'}","{'id': 7, 'name': 'Docklands Stadium', 'display_name': 'Marvel Stadium', 'short_name': 'Marvel', 'abbrev': 'MARV'}","{'id': 53, 'name': 'Perth Stadium', 'display_name': 'Optus Stadium', 'short_name': 'Optus', 'abbrev': 'OS'}",7.00637,0.6,0.7524644030668127,5008.733624454148,8
0,421,1027965,Max,Ramsden,HAW,515,21,0,224900,253,0,4,0,96700,506,413,0,366,2025-08-03T10:13:46+10:00,0,24,0,12,0,15,0,7,0,5,0,0,0,12,0,4,0,3,63.25,23,63.25,66.0,ADE,65.0,1,"{'id': 4, 'abbrev': 'COL', 'name': 'Collingwood'}",0,"{'id': 10, 'abbrev': 'MEL', 'name': 'Melbourne'}",0,"{'id': 2, 'abbrev': 'BRL', 'name': 'Brisbane'}",1,Adelaide Oval,71.0,"{'id': 13, 'name': 'Melbourne Cricket Ground', 'display_name': 'MCG', 'short_name': 'MCG', 'abbrev': 'MCG'}","{'id': 13, 'name': 'Melbourne Cricket Ground', 'display_name': 'MCG', 'short_name': 'MCG', 'abbrev': 'MCG'}","{'id': 4, 'name': 'Brisbane Cricket Ground', 'display_name': 'Gabba', 'short_name': 'Gabba', 'abbrev': 'G'}",0.47257,,0.6912568306010929,3555.7312252964425,-9
0,478,1000061,Callum,Coleman-Jones,NTH,650,21,0,128200,1,0,1,0,0,642,413,0,20,2025-08-03T10:13:46+10:00,0,0,0,0,0,0,0,1,0,0,0,-1,0,2,0,0,0,0,1.0,44,1.0,1.0,STK,67.0,1,"{'id': 18, 'abbrev': 'GWS', 'name': 'GWS Giants'}",1,"{'id': 12, 'abbrev': 'RIC', 'name': 'Richmond'}",0,"{'id': 1, 'abbrev': 'ADE', 'name': 'Adelaide'}",0,Docklands Stadium,49.6154,"{'id': 11, 'name': 'Manuka Oval', 'display_name': 'Manuka Oval', 'short_name': 'Manuka', 'abbrev': 'MO'}","{'id': 226, 'name': 'Ninja Stadium', 'display_name': 'Ninja Stadium', 'short_name': 'Ninja', 'abbrev': 'NIN'}","{'id': 7, 'name': 'Docklands Stadium', 'display_name': 'Marvel Stadium', 'short_name': 'Marvel', 'abbrev': 'MARV'}",0.904048,,0.05,128200.0,-8
0,365,1028485,Oliver,Hannaford,GWS,652,21,0,127000,0,0,0,0,0,644,413,0,0,2025-08-03T10:13:47+10:00,0,0,0,0,0,0,0,0,0,0,0,0,0,0,0,0,0,0,0.0,31,0.0,0.0,WBD,0.0,1,"{'id': 9, 'abbrev': 'NTH', 'name': 'North Melbourne'}",0,"{'id': 17, 'abbrev': 'GCS', 'name': 'Gold Coast'}",1,"{'id': 13, 'abbrev': 'STK', 'name': 'St Kilda'}",0,Docklands Stadium,0.0,"{'id': 11, 'name': 'Manuka Oval', 'display_name': 'Manuka Oval', 'short_name': 'Manuka', 'abbrev': 'MO'}","{'id': 5, 'name': 'Carrara Stadium', 'display_name': 'People First Stadium', 'short_name': 'People First', 'abbrev': 'PFS'}","{'id': 17, 'name': 'ENGIE Stadium', 'display_name': 'ENGIE Stadium', 'short_name': 'ENGIE', 'abbrev': 'ENS'}",0.636943,,,,-8
0,395,1010708,Sam,Butler,HAW,562,21,0,162500,156,0,3,0,35900,555,413,0,258,2025-08-03T10:13:46+10:00,0,20,0,21,0,5,0,14,0,2,0,-1,0,0,0,0,0,2,52.0,27,52.0,52.0,ADE,70.0,1,"{'id': 4, 'abbrev': 'COL', 'name': 'Collingwood'}",0,"{'id': 10, 'abbrev': 'MEL', 'name': 'Melbourne'}",0,"{'id': 2, 'abbrev': 'BRL', 'name': 'Brisbane'}",1,Adelaide Oval,41.0,"{'id': 13, 'name': 'Melbourne Cricket Ground', 'display_name': 'MCG', 'short_name': 'MCG', 'abbrev': 'MCG'}","{'id': 13, 'name': 'Melbourne Cricket Ground', 'display_name': 'MCG', 'short_name': 'MCG', 'abbrev': 'MCG'}","{'id': 4, 'name': 'Brisbane Cricket Ground', 'display_name': 'Gabba', 'short_name': 'Gabba', 'abbrev': 'G'}",0.554757,,0.6046511627906976,3125.0,-7
0,658,1024057,Caiden,Cleary,SYD,430,21,29,202300,497,1,10,-28000,78200,431,377,31,864,2025-08-03T10:13:46+10:00,3,42,4,74,3,24,2,35,0,6,0,-4,0,0,0,1,0,7,33.6,52,49.7,25.0,ESS,42.0,0,"{'id': 2, 'abbrev': 'BRL', 'name': 'Brisbane'}",1,"{'id': 7, 'abbrev': 'GEE', 'name': 'Geelong'}",0,"{'id': 16, 'abbrev': 'WCE', 'name': 'West Coast'}",1,Sydney Cricket Ground,30.125,"{'id': 4, 'name': 'Brisbane Cricket Ground', 'display_name': 'Gabba', 'short_name': 'Gabba', 'abbrev': 'G'}","{'id': 16, 'name': 'Sydney Cricket Ground', 'display_name': 'SCG', 'short_name': 'SCG', 'abbrev': 'SCG'}","{'id': 53, 'name': 'Perth Stadium', 'display_name': 'Optus Stadium', 'short_name': 'Optus', 'abbrev': 'OS'}",1.06842,0.9354838709677419,0.5752314814814815,4070.4225352112676,1
0,756,1020670,Elijah,Hewett,WCE,271,21,77,319000,1090,1,17,500,196200,276,174,109,1582,2025-08-03T10:13:45+10:00,8,128,15,148,3,27,4,57,0,17,0,-16,0,0,0,10,0,9,61.0,540,64.1176,64.3333,MEL,64.0,1,"{'id': 1, 'abbrev': 'ADE', 'name': 'Adelaide'}",0,"{'id': 15, 'abbrev': 'WBD', 'name': 'Western Bulldogs'}",1,"{'id': 14, 'abbrev': 'SYD', 'name': 'Sydney'}",0,Docklands Stadium,57.8333,"{'id': 53, 'name': 'Perth Stadium', 'display_name': 'Optus Stadium', 'short_name': 'Optus', 'abbrev': 'OS'}","{'id': 7, 'name': 'Docklands Stadium', 'display_name': 'Marvel Stadium', 'short_name': 'Marvel', 'abbrev': 'MARV'}","{'id': 53, 'name': 'Perth Stadium', 'display_name': 'Optus Stadium', 'short_name': 'Optus', 'abbrev': 'OS'}",11.0951,0.7064220183486238,0.6890012642225032,4975.233009345328,5
0,376,1028562,Harrison,Oliver,GWS,652,21,0,122500,0,0,0,0,0,644,413,0,0,2025-08-03T10:13:47+10:00,0,0,0,0,0,0,0,0,0,0,0,0,0,0,0,0,0,0,0.0,32,0.0,0.0,WBD,0.0,1,"{'id': 9, 'abbrev': 'NTH', 'name': 'North Melbourne'}",0,"{'id': 17, 'abbrev': 'GCS', 'name': 'Gold Coast'}",1,"{'id': 13, 'abbrev': 'STK', 'name': 'St Kilda'}",0,Docklands Stadium,0.0,"{'id': 11, 'name': 'Manuka Oval', 'display_name': 'Manuka Oval', 'short_name': 'Manuka', 'abbrev': 'MO'}","{'id': 5, 'name': 'Carrara Stadium', 'display_name': 'People First Stadium', 'short_name': 'People First', 'abbrev': 'PFS'}","{'id': 17, 'name': 'ENGIE Stadium', 'display_name': 'ENGIE Stadium', 'short_name': 'ENGIE', 'abbrev': 'ENS'}",0.657489,,,,-8
0,79,1009385,Deven,Robertson,BRL,631,21,0,107300,40,0,3,0,-13900,624,413,0,47,2025-08-03T10:13:46+10:00,0,5,0,3,0,2,0,3,0,0,0,0,0,0,0,0,0,0,13.3333,22,13.3333,13.3333,COL,45.75,1,"{'id': 14, 'abbrev': 'SYD', 'name': 'Sydney'}",0,"{'id': 6, 'abbrev': 'FRE', 'name': 'Fremantle'}",1,"{'id': 8, 'abbrev': 'HAW', 'name': 'Hawthorn'}",0,Melbourne Cricket Ground,39.2,"{'id': 4, 'name': 'Brisbane Cricket Ground', 'display_name': 'Gabba', 'short_name': 'Gabba', 'abbrev': 'G'}","{'id': 53, 'name': 'Perth Stadium', 'display_name': 'Optus Stadium', 'short_name': 'Optus', 'abbrev': 'OS'}","{'id': 4, 'name': 'Brisbane Cricket Ground', 'display_name': 'Gabba', 'short_name': 'Gabba', 'abbrev': 'G'}",0.452024,,0.851063829787234,8047.5201188002975,-7
0,405,1023680,Henry,Hustwaite,HAW,550,21,0,175500,185,0,4,0,54300,541,413,0,260,2025-08-03T10:13:46+10:00,0,23,0,32,0,8,0,14,0,1,0,-3,0,0,0,0,0,1,46.25,67,46.25,37.6667,ADE,4.0,1,"{'id': 4, 'abbrev': 'COL', 'name': 'Collingwood'}",0,"{'id': 10, 'abbrev': 'MEL', 'name': 'Melbourne'}",0,"{'id': 2, 'abbrev': 'BRL', 'name': 'Brisbane'}",1,Adelaide Oval,4.0,"{'id': 13, 'name': 'Melbourne Cricket Ground', 'display_name': 'MCG', 'short_name': 'MCG', 'abbrev': 'MCG'}","{'id': 13, 'name': 'Melbourne Cricket Ground', 'display_name': 'MCG', 'short_name': 'MCG', 'abbrev': 'MCG'}","{'id': 4, 'name': 'Brisbane Cricket Ground', 'display_name': 'Gabba', 'short_name': 'Gabba', 'abbrev': 'G'}",1.37662,,0.7115384615384616,3794.5945945945946,-9
0,600,1022999,Kaleb,Smith,RIC,486,21,0,221500,320,0,8,0,100300,475,413,0,613,2025-08-03T10:13:46+10:00,0,58,0,31,0,29,0,7,0,3,0,-5,0,0,0,0,0,0,51.2,14,40.0,58.6667,GCS,0.0,1,"{'id': 13, 'abbrev': 'STK', 'name': 'St Kilda'}",0,"{'id': 9, 'abbrev': 'NTH', 'name': 'North Melbourne'}",1,"{'id': 7, 'abbrev': 'GEE', 'name': 'Geelong'}",0,Carrara Stadium,0.0,"{'id': 13, 'name': 'Melbourne Cricket Ground', 'display_name': 'MCG', 'short_name': 'MCG', 'abbrev': 'MCG'}","{'id': 226, 'name': 'Ninja Stadium', 'display_name': 'Ninja Stadium', 'short_name': 'Ninja', 'abbrev': 'NIN'}","{'id': 13, 'name': 'Melbourne Cricket Ground', 'display_name': 'MCG', 'short_name': 'MCG', 'abbrev': 'MCG'}",0.287652,,0.5220228384991843,5537.5,-11
0,740,1017718,Rhett,Bazzo,WCE,536,21,43,191200,205,1,4,30500,70000,554,325,120,440,2025-08-03T10:13:46+10:00,6,20,4,17,2,16,4,11,0,1,-2,-4,3,3,0,0,0,0,51.25,20,51.25,55.3333,MEL,43.0,1,"{'id': 1, 'abbrev': 'ADE', 'name': 'Adelaide'}",0,"{'id': 15, 'abbrev': 'WBD', 'name': 'Western Bulldogs'}",1,"{'id': 14, 'abbrev': 'SYD', 'name': 'Sydney'}",0,Docklands Stadium,47.0,"{'id': 53, 'name': 'Perth Stadium', 'display_name': 'Optus Stadium', 'short_name': 'Optus', 'abbrev': 'OS'}","{'id': 7, 'name': 'Docklands Stadium', 'display_name': 'Marvel Stadium', 'short_name': 'Marvel', 'abbrev': 'MARV'}","{'id': 53, 'name': 'Perth Stadium', 'display_name': 'Optus Stadium', 'short_name': 'Optus', 'abbrev': 'OS'}",0.410931,0.35833333333333334,0.4659090909090909,3730.731707317073,18
0,13,1028671,Charlie,Edwards,ADE,652,21,0,119900,0,0,0,0,0,644,413,0,0,2025-08-03T10:13:46+10:00,0,0,0,0,0,0,0,0,0,0,0,0,0,0,0,0,0,0,0.0,29,0.0,0.0,HAW,0.0,0,"{'id': 16, 'abbrev': 'WCE', 'name': 'West Coast'}",1,"{'id': 4, 'abbrev': 'COL', 'name': 'Collingwood'}",0,"{'id': 9, 'abbrev': 'NTH', 'name': 'North Melbourne'}",1,Adelaide Oval,0.0,"{'id': 53, 'name': 'Perth Stadium', 'display_name': 'Optus Stadium', 'short_name': 'Optus', 'abbrev': 'OS'}","{'id': 1, 'name': 'Adelaide Oval', 'display_name': 'Adelaide Oval', 'short_name': 'Adelaide', 'abbrev': 'AO'}","{'id': 7, 'name': 'Docklands Stadium', 'display_name': 'Marvel Stadium', 'short_name': 'Marvel', 'abbrev': 'MARV'}",0.59585,,,,-8
0,15,1035372,Karl,Gallagher,ADE,652,21,0,119900,0,0,0,0,0,644,413,0,0,2025-08-03T10:13:46+10:00,0,0,0,0,0,0,0,0,0,0,0,0,0,0,0,0,0,0,0.0,20,0.0,0.0,HAW,0.0,0,"{'id': 16, 'abbrev': 'WCE', 'name': 'West Coast'}",1,"{'id': 4, 'abbrev': 'COL', 'name': 'Collingwood'}",0,"{'id': 9, 'abbrev': 'NTH', 'name': 'North Melbourne'}",1,Adelaide Oval,0.0,"{'id': 53, 'name': 'Perth Stadium', 'display_name': 'Optus Stadium', 'short_name': 'Optus', 'abbrev': 'OS'}","{'id': 1, 'name': 'Adelaide Oval', 'display_name': 'Adelaide Oval', 'short_name': 'Adelaide', 'abbrev': 'AO'}","{'id': 7, 'name': 'Docklands Stadium', 'display_name': 'Marvel Stadium', 'short_name': 'Marvel', 'abbrev': 'MARV'}",0.410931,,,,-8
0,25,1020950,Toby,Murray,ADE,652,21,0,119900,0,0,0,0,0,644,413,0,0,2025-08-03T10:13:46+10:00,0,0,0,0,0,0,0,0,0,0,0,0,0,0,0,0,0,0,0.0,7,0.0,0.0,HAW,0.0,0,"{'id': 16, 'abbrev': 'WCE', 'name': 'West Coast'}",1,"{'id': 4, 'abbrev': 'COL', 'name': 'Collingwood'}",0,"{'id': 9, 'abbrev': 'NTH', 'name': 'North Melbourne'}",1,Adelaide Oval,0.0,"{'id': 53, 'name': 'Perth Stadium', 'display_name': 'Optus Stadium', 'short_name': 'Optus', 'abbrev': 'OS'}","{'id': 1, 'name': 'Adelaide Oval', 'display_name': 'Adelaide Oval', 'short_name': 'Adelaide', 'abbrev': 'AO'}","{'id': 7, 'name': 'Docklands Stadium', 'display_name': 'Marvel Stadium', 'short_name': 'Marvel', 'abbrev': 'MARV'}",0.143826,,,,-8
0,33,1027893,Oscar,Ryan,ADE,652,21,0,119900,0,0,0,0,0,644,413,0,0,2025-08-03T10:13:46+10:00,0,0,0,0,0,0,0,0,0,0,0,0,0,0,0,0,0,0,0.0,10,0.0,0.0,HAW,0.0,0,"{'id': 16, 'abbrev': 'WCE', 'name': 'West Coast'}",1,"{'id': 4, 'abbrev': 'COL', 'name': 'Collingwood'}",0,"{'id': 9, 'abbrev': 'NTH', 'name': 'North Melbourne'}",1,Adelaide Oval,0.0,"{'id': 53, 'name': 'Perth Stadium', 'display_name': 'Optus Stadium', 'short_name': 'Optus', 'abbrev': 'OS'}","{'id': 1, 'name': 'Adelaide Oval', 'display_name': 'Adelaide Oval', 'short_name': 'Adelaide', 'abbrev': 'AO'}","{'id': 7, 'name': 'Docklands Stadium', 'display_name': 'Marvel Stadium', 'short_name': 'Marvel', 'abbrev': 'MARV'}",0.205465,,,,-8
0,50,1008805,Luke,Beecken,BRL,652,21,0,119900,0,0,0,0,0,644,413,0,0,2025-08-03T10:13:47+10:00,0,0,0,0,0,0,0,0,0,0,0,0,0,0,0,0,0,0,0.0,9,0.0,0.0,COL,0.0,1,"{'id': 14, 'abbrev': 'SYD', 'name': 'Sydney'}",0,"{'id': 6, 'abbrev': 'FRE', 'name': 'Fremantle'}",1,"{'id': 8, 'abbrev': 'HAW', 'name': 'Hawthorn'}",0,Melbourne Cricket Ground,0.0,"{'id': 4, 'name': 'Brisbane Cricket Ground', 'display_name': 'Gabba', 'short_name': 'Gabba', 'abbrev': 'G'}","{'id': 53, 'name': 'Perth Stadium', 'display_name': 'Optus Stadium', 'short_name': 'Optus', 'abbrev': 'OS'}","{'id': 4, 'name': 'Brisbane Cricket Ground', 'display_name': 'Gabba', 'short_name': 'Gabba', 'abbrev': 'G'}",0.184919,,,,-8
0,55,1024193,Darcy,Craven,BRL,652,21,0,119900,0,0,0,0,0,644,413,0,0,2025-08-03T10:13:47+10:00,0,0,0,0,0,0,0,0,0,0,0,0,0,0,0,0,0,0,0.0,8,0.0,0.0,COL,0.0,1,"{'id': 14, 'abbrev': 'SYD', 'name': 'Sydney'}",0,"{'id': 6, 'abbrev': 'FRE', 'name': 'Fremantle'}",1,"{'id': 8, 'abbrev': 'HAW', 'name': 'Hawthorn'}",0,Melbourne Cricket Ground,0.0,"{'id': 4, 'name': 'Brisbane Cricket Ground', 'display_name': 'Gabba', 'short_name': 'Gabba', 'abbrev': 'G'}","{'id': 53, 'name': 'Perth Stadium', 'display_name': 'Optus Stadium', 'short_name': 'Optus', 'abbrev': 'OS'}","{'id': 4, 'name': 'Brisbane Cricket Ground', 'display_name': 'Gabba', 'short_name': 'Gabba', 'abbrev': 'G'}",0.164372,,,,-8
0,66,1027985,Luke,Lloyd,BRL,652,21,0,119900,0,0,0,0,0,644,413,0,0,2025-08-03T10:13:47+10:00,0,0,0,0,0,0,0,0,0,0,0,0,0,0,0,0,0,0,0.0,9,0.0,0.0,COL,0.0,1,"{'id': 14, 'abbrev': 'SYD', 'name': 'Sydney'}",0,"{'id': 6, 'abbrev': 'FRE', 'name': 'Fremantle'}",1,"{'id': 8, 'abbrev': 'HAW', 'name': 'Hawthorn'}",0,Melbourne Cricket Ground,0.0,"{'id': 4, 'name': 'Brisbane Cricket Ground', 'display_name': 'Gabba', 'short_name': 'Gabba', 'abbrev': 'G'}","{'id': 53, 'name': 'Perth Stadium', 'display_name': 'Optus Stadium', 'short_name': 'Optus', 'abbrev': 'OS'}","{'id': 4, 'name': 'Brisbane Cricket Ground', 'display_name': 'Gabba', 'short_name': 'Gabba', 'abbrev': 'G'}",0.184919,,,,-8
0,73,1029405,Will,McLachlan,BRL,582,21,0,99100,114,0,5,0,-20800,578,413,0,305,2025-08-03T10:13:46+10:00,0,15,0,9,0,8,0,4,0,2,0,0,0,0,0,2,0,2,22.8,4,22.8,14.6667,COL,0.0,1,"{'id': 14, 'abbrev': 'SYD', 'name': 'Sydney'}",0,"{'id': 6, 'abbrev': 'FRE', 'name': 'Fremantle'}",1,"{'id': 8, 'abbrev': 'HAW', 'name': 'Hawthorn'}",0,Melbourne Cricket Ground,8.0,"{'id': 4, 'name': 'Brisbane Cricket Ground', 'display_name': 'Gabba', 'short_name': 'Gabba', 'abbrev': 'G'}","{'id': 53, 'name': 'Perth Stadium', 'display_name': 'Optus Stadium', 'short_name': 'Optus', 'abbrev': 'OS'}","{'id': 4, 'name': 'Brisbane Cricket Ground', 'display_name': 'Gabba', 'short_name': 'Gabba', 'abbrev': 'G'}",0.0821862,,0.3737704918032787,4346.491228070176,-4
0,80,1012127,Brandon,Ryan,BRL,652,21,0,119900,0,0,0,0,0,644,413,0,0,2025-08-03T10:13:47+10:00,0,0,0,0,0,0,0,0,0,0,0,0,0,0,0,0,0,0,0.0,5,0.0,0.0,COL,59.0,1,"{'id': 14, 'abbrev': 'SYD', 'name': 'Sydney'}",0,"{'id': 6, 'abbrev': 'FRE', 'name': 'Fremantle'}",1,"{'id': 8, 'abbrev': 'HAW', 'name': 'Hawthorn'}",0,Melbourne Cricket Ground,31.0,"{'id': 4, 'name': 'Brisbane Cricket Ground', 'display_name': 'Gabba', 'short_name': 'Gabba', 'abbrev': 'G'}","{'id': 53, 'name': 'Perth Stadium', 'display_name': 'Optus Stadium', 'short_name': 'Optus', 'abbrev': 'OS'}","{'id': 4, 'name': 'Brisbane Cricket Ground', 'display_name': 'Gabba', 'short_name': 'Gabba', 'abbrev': 'G'}",0.102733,,,,-8
0,83,1024187,Reece,Torrent,BRL,652,21,0,119900,0,0,0,0,0,644,413,0,0,2025-08-03T10:13:47+10:00,0,0,0,0,0,0,0,0,0,0,0,0,0,0,0,0,0,0,0.0,12,0.0,0.0,COL,0.0,1,"{'id': 14, 'abbrev': 'SYD', 'name': 'Sydney'}",0,"{'id': 6, 'abbrev': 'FRE', 'name': 'Fremantle'}",1,"{'id': 8, 'abbrev': 'HAW', 'name': 'Hawthorn'}",0,Melbourne Cricket Ground,0.0,"{'id': 4, 'name': 'Brisbane Cricket Ground', 'display_name': 'Gabba', 'short_name': 'Gabba', 'abbrev': 'G'}","{'id': 53, 'name': 'Perth Stadium', 'display_name': 'Optus Stadium', 'short_name': 'Optus', 'abbrev': 'OS'}","{'id': 4, 'name': 'Brisbane Cricket Ground', 'display_name': 'Gabba', 'short_name': 'Gabba', 'abbrev': 'G'}",0.246558,,,,-8
0,84,1021108,James,Tunstill,BRL,593,21,0,119900,101,0,2,0,0,588,413,0,107,2025-08-03T10:13:46+10:00,0,14,0,6,0,3,0,3,0,2,0,-1,0,0,0,0,0,0,50.5,20,50.5,50.5,COL,88.0,1,"{'id': 14, 'abbrev': 'SYD', 'name': 'Sydney'}",0,"{'id': 6, 'abbrev': 'FRE', 'name': 'Fremantle'}",1,"{'id': 8, 'abbrev': 'HAW', 'name': 'Hawthorn'}",0,Melbourne Cricket Ground,38.0,"{'id': 4, 'name': 'Brisbane Cricket Ground', 'display_name': 'Gabba', 'short_name': 'Gabba', 'abbrev': 'G'}","{'id': 53, 'name': 'Perth Stadium', 'display_name': 'Optus Stadium', 'short_name': 'Optus', 'abbrev': 'OS'}","{'id': 4, 'name': 'Brisbane Cricket Ground', 'display_name': 'Gabba', 'short_name': 'Gabba', 'abbrev': 'G'}",0.410931,,0.9439252336448598,2374.2574257425745,-5
0,86,1032650,Zane,Zakostelsky,BRL,652,21,0,119900,0,0,0,0,0,644,413,0,0,2025-08-03T10:13:47+10:00,0,0,0,0,0,0,0,0,0,0,0,0,0,0,0,0,0,0,0.0,25,0.0,0.0,COL,0.0,1,"{'id': 14, 'abbrev': 'SYD', 'name': 'Sydney'}",0,"{'id': 6, 'abbrev': 'FRE', 'name': 'Fremantle'}",1,"{'id': 8, 'abbrev': 'HAW', 'name': 'Hawthorn'}",0,Melbourne Cricket Ground,0.0,"{'id': 4, 'name': 'Brisbane Cricket Ground', 'display_name': 'Gabba', 'short_name': 'Gabba', 'abbrev': 'G'}","{'id': 53, 'name': 'Perth Stadium', 'display_name': 'Optus Stadium', 'short_name': 'Optus', 'abbrev': 'OS'}","{'id': 4, 'name': 'Brisbane Cricket Ground', 'display_name': 'Gabba', 'short_name': 'Gabba', 'abbrev': 'G'}",0.513663,,,,-8
0,111,1020072,Harry,Lemmey,CAR,652,21,0,119900,0,0,0,0,0,644,413,0,0,2025-08-03T10:13:47+10:00,0,0,0,0,0,0,0,0,0,0,0,0,0,0,0,0,0,0,0.0,31,0.0,0.0,FRE,0.0,1,"{'id': 17, 'abbrev': 'GCS', 'name': 'Gold Coast'}",0,"{'id': 11, 'abbrev': 'PTA', 'name': 'Port Adelaide'}",0,"{'id': 5, 'abbrev': 'ESS', 'name': 'Essendon'}",1,Perth Stadium,0.0,"{'id': 7, 'name': 'Docklands Stadium', 'display_name': 'Marvel Stadium', 'short_name': 'Marvel', 'abbrev': 'MARV'}","{'id': 7, 'name': 'Docklands Stadium', 'display_name': 'Marvel Stadium', 'short_name': 'Marvel', 'abbrev': 'MARV'}","{'id': 13, 'name': 'Melbourne Cricket Ground', 'display_name': 'MCG', 'short_name': 'MCG', 'abbrev': 'MCG'}",0.636943,,,,-8
0,115,1020097,Ashton,Moir,CAR,515,21,54,208800,253,1,6,24200,88900,532,282,99,556,2025-08-03T10:13:46+10:00,6,33,5,17,3,18,3,7,0,0,0,0,0,0,1,6,1,4,50.4,33,42.1667,55.3333,FRE,54.0,1,"{'id': 17, 'abbrev': 'GCS', 'name': 'Gold Coast'}",0,"{'id': 11, 'abbrev': 'PTA', 'name': 'Port Adelaide'}",0,"{'id': 5, 'abbrev': 'ESS', 'name': 'Essendon'}",1,Perth Stadium,36.5,"{'id': 7, 'name': 'Docklands Stadium', 'display_name': 'Marvel Stadium', 'short_name': 'Marvel', 'abbrev': 'MARV'}","{'id': 7, 'name': 'Docklands Stadium', 'display_name': 'Marvel Stadium', 'short_name': 'Marvel', 'abbrev': 'MARV'}","{'id': 13, 'name': 'Melbourne Cricket Ground', 'display_name': 'MCG', 'short_name': 'MCG', 'abbrev': 'MCG'}",0.678036,0.5454545454545454,0.4550359712230216,4951.774741680047,17
0,116,1035129,Rob,Monahan,CAR,652,21,0,119900,0,0,0,0,0,644,413,0,0,2025-08-03T10:13:47+10:00,0,0,0,0,0,0,0,0,0,0,0,0,0,0,0,0,0,0,0.0,28,0.0,0.0,FRE,0.0,1,"{'id': 17, 'abbrev': 'GCS', 'name': 'Gold Coast'}",0,"{'id': 11, 'abbrev': 'PTA', 'name': 'Port Adelaide'}",0,"{'id': 5, 'abbrev': 'ESS', 'name': 'Essendon'}",1,Perth Stadium,0.0,"{'id': 7, 'name': 'Docklands Stadium', 'display_name': 'Marvel Stadium', 'short_name': 'Marvel', 'abbrev': 'MARV'}","{'id': 7, 'name': 'Docklands Stadium', 'display_name': 'Marvel Stadium', 'short_name': 'Marvel', 'abbrev': 'MARV'}","{'id': 13, 'name': 'Melbourne Cricket Ground', 'display_name': 'MCG', 'short_name': 'MCG', 'abbrev': 'MCG'}",0.575303,,,,-8
0,120,1023489,Hudson,O'Keeffe,CAR,608,21,0,119900,75,0,2,0,0,604,413,0,165,2025-08-03T10:13:46+10:00,0,9,0,5,0,5,0,4,0,1,0,-3,0,14,0,0,0,2,37.5,42,37.5,37.5,FRE,0.0,1,"{'id': 17, 'abbrev': 'GCS', 'name': 'Gold Coast'}",0,"{'id': 11, 'abbrev': 'PTA', 'name': 'Port Adelaide'}",0,"{'id': 5, 'abbrev': 'ESS', 'name': 'Essendon'}",1,Perth Stadium,13.0,"{'id': 7, 'name': 'Docklands Stadium', 'display_name': 'Marvel Stadium', 'short_name': 'Marvel', 'abbrev': 'MARV'}","{'id': 7, 'name': 'Docklands Stadium', 'display_name': 'Marvel Stadium', 'short_name': 'Marvel', 'abbrev': 'MARV'}","{'id': 13, 'name': 'Melbourne Cricket Ground', 'display_name': 'MCG', 'short_name': 'MCG', 'abbrev': 'MCG'}",0.862955,,0.45454545454545453,3197.3333333333335,-4
0,128,1027678,Billy,Wilson,CAR,643,21,0,119900,29,0,1,0,0,636,413,0,79,2025-08-03T10:13:46+10:00,0,5,0,2,0,0,0,2,0,1,0,-1,0,0,0,0,0,0,29.0,26,29.0,29.0,FRE,0.0,1,"{'id': 17, 'abbrev': 'GCS', 'name': 'Gold Coast'}",0,"{'id': 11, 'abbrev': 'PTA', 'name': 'Port Adelaide'}",0,"{'id': 5, 'abbrev': 'ESS', 'name': 'Essendon'}",1,Perth Stadium,0.0,"{'id': 7, 'name': 'Docklands Stadium', 'display_name': 'Marvel Stadium', 'short_name': 'Marvel', 'abbrev': 'MARV'}","{'id': 7, 'name': 'Docklands Stadium', 'display_name': 'Marvel Stadium', 'short_name': 'Marvel', 'abbrev': 'MARV'}","{'id': 13, 'name': 'Melbourne Cricket Ground', 'display_name': 'MCG', 'short_name': 'MCG', 'abbrev': 'MCG'}",0.53421,,0.3670886075949367,4134.482758620689,-7
0,139,1027673,Harry,DeMattia,COL,652,21,0,119900,0,0,0,0,0,644,413,0,0,2025-08-03T10:13:47+10:00,0,0,0,0,0,0,0,0,0,0,0,0,0,0,0,0,0,0,0.0,30,0.0,0.0,BRL,0.0,0,"{'id': 8, 'abbrev': 'HAW', 'name': 'Hawthorn'}",1,"{'id': 1, 'abbrev': 'ADE', 'name': 'Adelaide'}",1,"{'id': 10, 'abbrev': 'MEL', 'name': 'Melbourne'}",0,Melbourne Cricket Ground,0.0,"{'id': 13, 'name': 'Melbourne Cricket Ground', 'display_name': 'MCG', 'short_name': 'MCG', 'abbrev': 'MCG'}","{'id': 1, 'name': 'Adelaide Oval', 'display_name': 'Adelaide Oval', 'short_name': 'Adelaide', 'abbrev': 'AO'}","{'id': 13, 'name': 'Melbourne Cricket Ground', 'display_name': 'MCG', 'short_name': 'MCG', 'abbrev': 'MCG'}",0.616396,,,,-8
0,148,1032017,Tew,Jiath,COL,652,21,0,119900,0,0,0,0,0,644,413,0,0,2025-08-03T10:13:47+10:00,0,0,0,0,0,0,0,0,0,0,0,0,0,0,0,0,0,0,0.0,34,0.0,0.0,BRL,0.0,0,"{'id': 8, 'abbrev': 'HAW', 'name': 'Hawthorn'}",1,"{'id': 1, 'abbrev': 'ADE', 'name': 'Adelaide'}",1,"{'id': 10, 'abbrev': 'MEL', 'name': 'Melbourne'}",0,Melbourne Cricket Ground,0.0,"{'id': 13, 'name': 'Melbourne Cricket Ground', 'display_name': 'MCG', 'short_name': 'MCG', 'abbrev': 'MCG'}","{'id': 1, 'name': 'Adelaide Oval', 'display_name': 'Adelaide Oval', 'short_name': 'Adelaide', 'abbrev': 'AO'}","{'id': 13, 'name': 'Melbourne Cricket Ground', 'display_name': 'MCG', 'short_name': 'MCG', 'abbrev': 'MCG'}",0.698582,,,,-8
0,166,1020104,Jakob,Ryan,COL,652,21,0,119900,0,0,0,0,0,644,413,0,0,2025-08-03T10:13:47+10:00,0,0,0,0,0,0,0,0,0,0,0,0,0,0,0,0,0,0,0.0,8,0.0,0.0,BRL,12.0,0,"{'id': 8, 'abbrev': 'HAW', 'name': 'Hawthorn'}",1,"{'id': 1, 'abbrev': 'ADE', 'name': 'Adelaide'}",1,"{'id': 10, 'abbrev': 'MEL', 'name': 'Melbourne'}",0,Melbourne Cricket Ground,0.0,"{'id': 13, 'name': 'Melbourne Cricket Ground', 'display_name': 'MCG', 'short_name': 'MCG', 'abbrev': 'MCG'}","{'id': 1, 'name': 'Adelaide Oval', 'display_name': 'Adelaide Oval', 'short_name': 'Adelaide', 'abbrev': 'AO'}","{'id': 13, 'name': 'Melbourne Cricket Ground', 'display_name': 'MCG', 'short_name': 'MCG', 'abbrev': 'MCG'}",0.164372,,,,-8
0,169,1027834,Iliro,Smit,COL,652,21,0,119900,0,0,0,0,0,644,413,0,0,2025-08-03T10:13:47+10:00,0,0,0,0,0,0,0,0,0,0,0,0,0,0,0,0,0,0,0.0,37,0.0,0.0,BRL,0.0,0,"{'id': 8, 'abbrev': 'HAW', 'name': 'Hawthorn'}",1,"{'id': 1, 'abbrev': 'ADE', 'name': 'Adelaide'}",1,"{'id': 10, 'abbrev': 'MEL', 'name': 'Melbourne'}",0,Melbourne Cricket Ground,0.0,"{'id': 13, 'name': 'Melbourne Cricket Ground', 'display_name': 'MCG', 'short_name': 'MCG', 'abbrev': 'MCG'}","{'id': 1, 'name': 'Adelaide Oval', 'display_name': 'Adelaide Oval', 'short_name': 'Adelaide', 'abbrev': 'AO'}","{'id': 13, 'name': 'Melbourne Cricket Ground', 'display_name': 'MCG', 'short_name': 'MCG', 'abbrev': 'MCG'}",0.760222,,,,-8
0,170,1022844,Oscar,Steene,COL,652,21,0,119900,0,0,0,0,0,644,413,0,0,2025-08-03T10:13:47+10:00,0,0,0,0,0,0,0,0,0,0,0,0,0,0,0,0,0,0,0.0,28,0.0,0.0,BRL,0.0,0,"{'id': 8, 'abbrev': 'HAW', 'name': 'Hawthorn'}",1,"{'id': 1, 'abbrev': 'ADE', 'name': 'Adelaide'}",1,"{'id': 10, 'abbrev': 'MEL', 'name': 'Melbourne'}",0,Melbourne Cricket Ground,0.0,"{'id': 13, 'name': 'Melbourne Cricket Ground', 'display_name': 'MCG', 'short_name': 'MCG', 'abbrev': 'MCG'}","{'id': 1, 'name': 'Adelaide Oval', 'display_name': 'Adelaide Oval', 'short_name': 'Adelaide', 'abbrev': 'AO'}","{'id': 13, 'name': 'Melbourne Cricket Ground', 'display_name': 'MCG', 'short_name': 'MCG', 'abbrev': 'MCG'}",0.575303,,,,-8
0,183,1015919,Saad,El-Hawli,ESS,514,21,0,198700,257,0,6,0,78800,504,413,0,393,2025-08-03T10:13:46+10:00,0,40,0,29,0,16,0,8,0,4,0,-3,0,0,0,1,0,0,48.2,71,42.8333,56.6667,SYD,69.0,1,"{'id': 7, 'abbrev': 'GEE', 'name': 'Geelong'}",1,"{'id': 13, 'abbrev': 'STK', 'name': 'St Kilda'}",0,"{'id': 3, 'abbrev': 'CAR', 'name': 'Carlton'}",0,Sydney Cricket Ground,0.0,"{'id': 10, 'name': 'Kardinia Park', 'display_name': 'GMHBA Stadium', 'short_name': 'GMHBA', 'abbrev': 'GMS'}","{'id': 7, 'name': 'Docklands Stadium', 'display_name': 'Marvel Stadium', 'short_name': 'Marvel', 'abbrev': 'MARV'}","{'id': 13, 'name': 'Melbourne Cricket Ground', 'display_name': 'MCG', 'short_name': 'MCG', 'abbrev': 'MCG'}",1.4588,,0.6539440203562341,4638.914115886471,-10
0,188,1023487,Lewis,Hayes,ESS,614,21,0,119900,64,0,1,0,0,610,413,0,81,2025-08-03T10:13:46+10:00,0,6,0,10,0,3,0,2,0,0,0,-1,0,0,0,0,0,0,64.0,17,64.0,64.0,SYD,64.0,1,"{'id': 7, 'abbrev': 'GEE', 'name': 'Geelong'}",1,"{'id': 13, 'abbrev': 'STK', 'name': 'St Kilda'}",0,"{'id': 3, 'abbrev': 'CAR', 'name': 'Carlton'}",0,Sydney Cricket Ground,0.0,"{'id': 10, 'name': 'Kardinia Park', 'display_name': 'GMHBA Stadium', 'short_name': 'GMHBA', 'abbrev': 'GMS'}","{'id': 7, 'name': 'Docklands Stadium', 'display_name': 'Marvel Stadium', 'short_name': 'Marvel', 'abbrev': 'MARV'}","{'id': 13, 'name': 'Melbourne Cricket Ground', 'display_name': 'MCG', 'short_name': 'MCG', 'abbrev': 'MCG'}",0.349291,,0.7901234567901234,1873.4375,-4
0,195,1027706,Luamon,Lual,ESS,495,21,37,170300,289,1,8,6200,50400,507,352,99,743,2025-08-03T10:13:46+10:00,4,31,6,40,3,21,3,17,0,1,-1,-9,0,0,0,3,0,0,36.6,21,36.125,37.6667,SYD,37.0,1,"{'id': 7, 'abbrev': 'GEE', 'name': 'Geelong'}",1,"{'id': 13, 'abbrev': 'STK', 'name': 'St Kilda'}",0,"{'id': 3, 'abbrev': 'CAR', 'name': 'Carlton'}",0,Sydney Cricket Ground,37.0,"{'id': 10, 'name': 'Kardinia Park', 'display_name': 'GMHBA Stadium', 'short_name': 'GMHBA', 'abbrev': 'GMS'}","{'id': 7, 'name': 'Docklands Stadium', 'display_name': 'Marvel Stadium', 'short_name': 'Marvel', 'abbrev': 'MARV'}","{'id': 13, 'name': 'Melbourne Cricket Ground', 'display_name': 'MCG', 'short_name': 'MCG', 'abbrev': 'MCG'}",0.431477,0.37373737373737376,0.38896366083445494,4714.186851211072,12
0,206,1012817,Zach,Reid,ESS,345,21,0,438800,798,0,10,0,318900,333,413,0,1133,2025-08-03T10:13:46+10:00,0,110,0,44,0,77,0,25,0,6,0,-1,0,2,0,0,0,0,97.4,487,79.8,98.3333,SYD,99.5,1,"{'id': 7, 'abbrev': 'GEE', 'name': 'Geelong'}",1,"{'id': 13, 'abbrev': 'STK', 'name': 'St Kilda'}",0,"{'id': 3, 'abbrev': 'CAR', 'name': 'Carlton'}",0,Sydney Cricket Ground,66.0,"{'id': 10, 'name': 'Kardinia Park', 'display_name': 'GMHBA Stadium', 'short_name': 'GMHBA', 'abbrev': 'GMS'}","{'id': 7, 'name': 'Docklands Stadium', 'display_name': 'Marvel Stadium', 'short_name': 'Marvel', 'abbrev': 'MARV'}","{'id': 13, 'name': 'Melbourne Cricket Ground', 'display_name': 'MCG', 'short_name': 'MCG', 'abbrev': 'MCG'}",10.0062,,0.70432480141218,5498.74686716792,-12
0,213,1027966,Vigo,Visentini,ESS,583,21,0,119900,112,0,2,0,0,580,413,0,166,2025-08-03T10:13:46+10:00,0,8,0,17,0,4,0,3,0,4,0,-4,0,25,0,0,0,0,56.0,226,56.0,56.0,SYD,0.0,1,"{'id': 7, 'abbrev': 'GEE', 'name': 'Geelong'}",1,"{'id': 13, 'abbrev': 'STK', 'name': 'St Kilda'}",0,"{'id': 3, 'abbrev': 'CAR', 'name': 'Carlton'}",0,Sydney Cricket Ground,0.0,"{'id': 10, 'name': 'Kardinia Park', 'display_name': 'GMHBA Stadium', 'short_name': 'GMHBA', 'abbrev': 'GMS'}","{'id': 7, 'name': 'Docklands Stadium', 'display_name': 'Marvel Stadium', 'short_name': 'Marvel', 'abbrev': 'MARV'}","{'id': 13, 'name': 'Melbourne Cricket Ground', 'display_name': 'MCG', 'short_name': 'MCG', 'abbrev': 'MCG'}",4.64352,,0.6746987951807228,2141.0714285714284,-3
0,226,1022927,Hugh,Davies,FRE,652,21,0,119900,0,0,0,0,0,644,413,0,0,2025-08-03T10:13:47+10:00,0,0,0,0,0,0,0,0,0,0,0,0,0,0,0,0,0,0,0.0,14,0.0,0.0,CAR,0.0,0,"{'id': 11, 'abbrev': 'PTA', 'name': 'Port Adelaide'}",1,"{'id': 2, 'abbrev': 'BRL', 'name': 'Brisbane'}",0,"{'id': 15, 'abbrev': 'WBD', 'name': 'Western Bulldogs'}",1,Perth Stadium,21.0,"{'id': 1, 'name': 'Adelaide Oval', 'display_name': 'Adelaide Oval', 'short_name': 'Adelaide', 'abbrev': 'AO'}","{'id': 53, 'name': 'Perth Stadium', 'display_name': 'Optus Stadium', 'short_name': 'Optus', 'abbrev': 'OS'}","{'id': 7, 'name': 'Docklands Stadium', 'display_name': 'Marvel Stadium', 'short_name': 'Marvel', 'abbrev': 'MARV'}",0.287652,,,,-8
0,227,1019975,Jack,Delean,FRE,652,21,0,119900,0,0,0,0,0,644,413,0,0,2025-08-03T10:13:47+10:00,0,0,0,0,0,0,0,0,0,0,0,0,0,0,0,0,0,0,0.0,14,0.0,0.0,CAR,0.0,0,"{'id': 11, 'abbrev': 'PTA', 'name': 'Port Adelaide'}",1,"{'id': 2, 'abbrev': 'BRL', 'name': 'Brisbane'}",0,"{'id': 15, 'abbrev': 'WBD', 'name': 'Western Bulldogs'}",1,Perth Stadium,0.0,"{'id': 1, 'name': 'Adelaide Oval', 'display_name': 'Adelaide Oval', 'short_name': 'Adelaide', 'abbrev': 'AO'}","{'id': 53, 'name': 'Perth Stadium', 'display_name': 'Optus Stadium', 'short_name': 'Optus', 'abbrev': 'OS'}","{'id': 7, 'name': 'Docklands Stadium', 'display_name': 'Marvel Stadium', 'short_name': 'Marvel', 'abbrev': 'MARV'}",0.287652,,,,-8
0,229,1020250,Neil,Erasmus,FRE,385,21,73,266300,670,1,12,-21100,146400,395,193,69,814,2025-08-03T10:13:45+10:00,6,85,10,89,3,32,6,33,2,12,0,-8,0,0,0,0,0,3,56.0,187,55.8333,41.6667,CAR,57.5,0,"{'id': 11, 'abbrev': 'PTA', 'name': 'Port Adelaide'}",1,"{'id': 2, 'abbrev': 'BRL', 'name': 'Brisbane'}",0,"{'id': 15, 'abbrev': 'WBD', 'name': 'Western Bulldogs'}",1,Perth Stadium,47.0952,"{'id': 1, 'name': 'Adelaide Oval', 'display_name': 'Adelaide Oval', 'short_name': 'Adelaide', 'abbrev': 'AO'}","{'id': 53, 'name': 'Perth Stadium', 'display_name': 'Optus Stadium', 'short_name': 'Optus', 'abbrev': 'OS'}","{'id': 7, 'name': 'Docklands Stadium', 'display_name': 'Marvel Stadium', 'short_name': 'Marvel', 'abbrev': 'MARV'}",3.8422,1.0579710144927537,0.8230958230958231,4769.555086301544,10
0,234,1028371,Odin,Jones,FRE,652,21,0,119900,0,0,0,0,0,644,413,0,0,2025-08-03T10:13:47+10:00,0,0,0,0,0,0,0,0,0,0,0,0,0,0,0,0,0,0,0.0,32,0.0,0.0,CAR,0.0,0,"{'id': 11, 'abbrev': 'PTA', 'name': 'Port Adelaide'}",1,"{'id': 2, 'abbrev': 'BRL', 'name': 'Brisbane'}",0,"{'id': 15, 'abbrev': 'WBD', 'name': 'Western Bulldogs'}",1,Perth Stadium,0.0,"{'id': 1, 'name': 'Adelaide Oval', 'display_name': 'Adelaide Oval', 'short_name': 'Adelaide', 'abbrev': 'AO'}","{'id': 53, 'name': 'Perth Stadium', 'display_name': 'Optus Stadium', 'short_name': 'Optus', 'abbrev': 'OS'}","{'id': 7, 'name': 'Docklands Stadium', 'display_name': 'Marvel Stadium', 'short_name': 'Marvel', 'abbrev': 'MARV'}",0.657489,,,,-8
0,235,992472,Oscar,McDonald,FRE,459,21,88,224200,391,1,7,22200,104300,481,122,122,790,2025-08-03T10:13:45+10:00,7,49,5,17,4,32,4,17,1,3,-1,-11,0,7,1,4,0,0,51.2,26,55.8571,57.3333,CAR,71.2,0,"{'id': 11, 'abbrev': 'PTA', 'name': 'Port Adelaide'}",1,"{'id': 2, 'abbrev': 'BRL', 'name': 'Brisbane'}",0,"{'id': 15, 'abbrev': 'WBD', 'name': 'Western Bulldogs'}",1,Perth Stadium,60.1111,"{'id': 1, 'name': 'Adelaide Oval', 'display_name': 'Adelaide Oval', 'short_name': 'Adelaide', 'abbrev': 'AO'}","{'id': 53, 'name': 'Perth Stadium', 'display_name': 'Optus Stadium', 'short_name': 'Optus', 'abbrev': 'OS'}","{'id': 7, 'name': 'Docklands Stadium', 'display_name': 'Marvel Stadium', 'short_name': 'Marvel', 'abbrev': 'MARV'}",0.53421,0.7213114754098361,0.49493670886075947,4013.8138213405277,22
0,236,1027990,Ollie,Murphy,FRE,652,21,0,119900,0,0,0,0,0,644,413,0,0,2025-08-03T10:13:47+10:00,0,0,0,0,0,0,0,0,0,0,0,0,0,0,0,0,0,0,0.0,10,0.0,0.0,CAR,0.0,0,"{'id': 11, 'abbrev': 'PTA', 'name': 'Port Adelaide'}",1,"{'id': 2, 'abbrev': 'BRL', 'name': 'Brisbane'}",0,"{'id': 15, 'abbrev': 'WBD', 'name': 'Western Bulldogs'}",1,Perth Stadium,0.0,"{'id': 1, 'name': 'Adelaide Oval', 'display_name': 'Adelaide Oval', 'short_name': 'Adelaide', 'abbrev': 'AO'}","{'id': 53, 'name': 'Perth Stadium', 'display_name': 'Optus Stadium', 'short_name': 'Optus', 'abbrev': 'OS'}","{'id': 7, 'name': 'Docklands Stadium', 'display_name': 'Marvel Stadium', 'short_name': 'Marvel', 'abbrev': 'MARV'}",0.205465,,,,-8
0,248,1027656,Cooper,Simpson,FRE,577,21,0,143100,124,0,3,0,23200,570,413,0,193,2025-08-03T10:13:46+10:00,0,22,0,10,0,8,0,3,0,1,0,-2,0,0,0,1,0,0,41.3333,36,41.3333,41.3333,CAR,0.0,0,"{'id': 11, 'abbrev': 'PTA', 'name': 'Port Adelaide'}",1,"{'id': 2, 'abbrev': 'BRL', 'name': 'Brisbane'}",0,"{'id': 15, 'abbrev': 'WBD', 'name': 'Western Bulldogs'}",1,Perth Stadium,36.6667,"{'id': 1, 'name': 'Adelaide Oval', 'display_name': 'Adelaide Oval', 'short_name': 'Adelaide', 'abbrev': 'AO'}","{'id': 53, 'name': 'Perth Stadium', 'display_name': 'Optus Stadium', 'short_name': 'Optus', 'abbrev': 'OS'}","{'id': 7, 'name': 'Docklands Stadium', 'display_name': 'Marvel Stadium', 'short_name': 'Marvel', 'abbrev': 'MARV'}",0.739675,,0.6424870466321243,3462.0995662093273,-7
0,270,999715,Jy,Farrar,GCS,539,21,120,119900,200,1,2,0,0,600,36,83,183,2025-08-03T10:13:45+10:00,8,13,3,11,6,8,6,10,3,3,0,0,0,0,2,5,1,1,100.0,87,100.0,100.0,RIC,120.0,0,"{'id': 3, 'abbrev': 'CAR', 'name': 'Carlton'}",1,"{'id': 18, 'abbrev': 'GWS', 'name': 'GWS Giants'}",0,"{'id': 11, 'abbrev': 'PTA', 'name': 'Port Adelaide'}",1,Carrara Stadium,61.5385,"{'id': 7, 'name': 'Docklands Stadium', 'display_name': 'Marvel Stadium', 'short_name': 'Marvel', 'abbrev': 'MARV'}","{'id': 5, 'name': 'Carrara Stadium', 'display_name': 'People First Stadium', 'short_name': 'People First', 'abbrev': 'PFS'}","{'id': 1, 'name': 'Adelaide Oval', 'display_name': 'Adelaide Oval', 'short_name': 'Adelaide', 'abbrev': 'AO'}",1.78755,1.4457831325301205,1.092896174863388,1199.0,61
0,273,1006087,Caleb,Graham,GCS,652,21,0,119900,0,0,0,0,0,644,413,0,0,2025-08-03T10:13:47+10:00,0,0,0,0,0,0,0,0,0,0,0,0,0,0,0,0,0,0,0.0,7,0.0,0.0,RIC,75.5,0,"{'id': 3, 'abbrev': 'CAR', 'name': 'Carlton'}",1,"{'id': 18, 'abbrev': 'GWS', 'name': 'GWS Giants'}",0,"{'id': 11, 'abbrev': 'PTA', 'name': 'Port Adelaide'}",1,Carrara Stadium,47.1333,"{'id': 7, 'name': 'Docklands Stadium', 'display_name': 'Marvel Stadium', 'short_name': 'Marvel', 'abbrev': 'MARV'}","{'id': 5, 'name': 'Carrara Stadium', 'display_name': 'People First Stadium', 'short_name': 'People First', 'abbrev': 'PFS'}","{'id': 1, 'name': 'Adelaide Oval', 'display_name': 'Adelaide Oval', 'short_name': 'Adelaide', 'abbrev': 'AO'}",0.143826,,,,-8
0,282,1027701,Max,Knobel,GCS,652,21,0,119900,0,0,0,0,0,644,413,0,0,2025-08-03T10:13:47+10:00,0,0,0,0,0,0,0,0,0,0,0,0,0,0,0,0,0,0,0.0,17,0.0,0.0,RIC,0.0,0,"{'id': 3, 'abbrev': 'CAR', 'name': 'Carlton'}",1,"{'id': 18, 'abbrev': 'GWS', 'name': 'GWS Giants'}",0,"{'id': 11, 'abbrev': 'PTA', 'name': 'Port Adelaide'}",1,Carrara Stadium,0.0,"{'id': 7, 'name': 'Docklands Stadium', 'display_name': 'Marvel Stadium', 'short_name': 'Marvel', 'abbrev': 'MARV'}","{'id': 5, 'name': 'Carrara Stadium', 'display_name': 'People First Stadium', 'short_name': 'People First', 'abbrev': 'PFS'}","{'id': 1, 'name': 'Adelaide Oval', 'display_name': 'Adelaide Oval', 'short_name': 'Adelaide', 'abbrev': 'AO'}",0.349291,,,,-8
0,309,1023542,Ted,Clohesy,GEE,480,21,0,120000,326,0,9,0,100,473,413,0,424,2025-08-03T10:13:46+10:00,0,48,0,23,0,16,0,22,0,6,0,-4,0,0,0,2,0,3,23.0,33,36.2222,33.0,PTA,0.0,0,"{'id': 5, 'abbrev': 'ESS', 'name': 'Essendon'}",0,"{'id': 14, 'abbrev': 'SYD', 'name': 'Sydney'}",1,"{'id': 12, 'abbrev': 'RIC', 'name': 'Richmond'}",1,Kardinia Park,30.8333,"{'id': 10, 'name': 'Kardinia Park', 'display_name': 'GMHBA Stadium', 'short_name': 'GMHBA', 'abbrev': 'GMS'}","{'id': 16, 'name': 'Sydney Cricket Ground', 'display_name': 'SCG', 'short_name': 'SCG', 'abbrev': 'SCG'}","{'id': 13, 'name': 'Melbourne Cricket Ground', 'display_name': 'MCG', 'short_name': 'MCG', 'abbrev': 'MCG'}",0.678036,,0.7688679245283019,3312.8854680278946,-7
0,316,1024304,Mitchell,Edwards,GEE,652,21,0,119900,0,0,0,0,0,644,413,0,0,2025-08-03T10:13:47+10:00,0,0,0,0,0,0,0,0,0,0,0,0,0,0,0,0,0,0,0.0,20,0.0,0.0,PTA,0.0,0,"{'id': 5, 'abbrev': 'ESS', 'name': 'Essendon'}",0,"{'id': 14, 'abbrev': 'SYD', 'name': 'Sydney'}",1,"{'id': 12, 'abbrev': 'RIC', 'name': 'Richmond'}",1,Kardinia Park,0.0,"{'id': 10, 'name': 'Kardinia Park', 'display_name': 'GMHBA Stadium', 'short_name': 'GMHBA', 'abbrev': 'GMS'}","{'id': 16, 'name': 'Sydney Cricket Ground', 'display_name': 'SCG', 'short_name': 'SCG', 'abbrev': 'SCG'}","{'id': 13, 'name': 'Melbourne Cricket Ground', 'display_name': 'MCG', 'short_name': 'MCG', 'abbrev': 'MCG'}",0.410931,,,,-8
0,342,1023681,George,Stevens,GEE,577,21,0,119900,124,0,2,0,0,570,413,0,141,2025-08-03T10:13:46+10:00,0,16,0,12,0,4,0,3,0,4,0,-1,0,0,0,1,0,2,62.0,155,62.0,62.0,PTA,0.0,0,"{'id': 5, 'abbrev': 'ESS', 'name': 'Essendon'}",0,"{'id': 14, 'abbrev': 'SYD', 'name': 'Sydney'}",1,"{'id': 12, 'abbrev': 'RIC', 'name': 'Richmond'}",1,Kardinia Park,90.0,"{'id': 10, 'name': 'Kardinia Park', 'display_name': 'GMHBA Stadium', 'short_name': 'GMHBA', 'abbrev': 'GMS'}","{'id': 16, 'name': 'Sydney Cricket Ground', 'display_name': 'SCG', 'short_name': 'SCG', 'abbrev': 'SCG'}","{'id': 13, 'name': 'Melbourne Cricket Ground', 'display_name': 'MCG', 'short_name': 'MCG', 'abbrev': 'MCG'}",3.18471,,0.8794326241134752,1933.8709677419354,-7
0,344,1020881,Oliver,Wiltshire,GEE,613,21,0,119900,69,0,2,0,0,609,413,0,122,2025-08-03T10:13:46+10:00,0,10,0,3,0,4,0,3,0,2,0,0,0,0,0,1,0,1,34.5,17,34.5,34.5,PTA,0.0,0,"{'id': 5, 'abbrev': 'ESS', 'name': 'Essendon'}",0,"{'id': 14, 'abbrev': 'SYD', 'name': 'Sydney'}",1,"{'id': 12, 'abbrev': 'RIC', 'name': 'Richmond'}",1,Kardinia Park,0.0,"{'id': 10, 'name': 'Kardinia Park', 'display_name': 'GMHBA Stadium', 'short_name': 'GMHBA', 'abbrev': 'GMS'}","{'id': 16, 'name': 'Sydney Cricket Ground', 'display_name': 'SCG', 'short_name': 'SCG', 'abbrev': 'SCG'}","{'id': 13, 'name': 'Melbourne Cricket Ground', 'display_name': 'MCG', 'short_name': 'MCG', 'abbrev': 'MCG'}",0.349291,,0.5655737704918032,3475.3623188405795,-4
0,358,1016140,Wade,Derksen,GWS,652,21,0,119900,0,0,0,0,0,644,413,0,0,2025-08-03T10:13:47+10:00,0,0,0,0,0,0,0,0,0,0,0,0,0,0,0,0,0,0,0.0,7,0.0,0.0,WBD,0.0,1,"{'id': 9, 'abbrev': 'NTH', 'name': 'North Melbourne'}",0,"{'id': 17, 'abbrev': 'GCS', 'name': 'Gold Coast'}",1,"{'id': 13, 'abbrev': 'STK', 'name': 'St Kilda'}",0,Docklands Stadium,0.0,"{'id': 11, 'name': 'Manuka Oval', 'display_name': 'Manuka Oval', 'short_name': 'Manuka', 'abbrev': 'MO'}","{'id': 5, 'name': 'Carrara Stadium', 'display_name': 'People First Stadium', 'short_name': 'People First', 'abbrev': 'PFS'}","{'id': 17, 'name': 'ENGIE Stadium', 'display_name': 'ENGIE Stadium', 'short_name': 'ENGIE', 'abbrev': 'ENS'}",0.143826,,,,-8
0,359,1017751,Josh,Fahey,GWS,652,21,0,119900,0,0,0,0,0,644,413,0,0,2025-08-03T10:13:47+10:00,0,0,0,0,0,0,0,0,0,0,0,0,0,0,0,0,0,0,0.0,10,0.0,0.0,WBD,0.0,1,"{'id': 9, 'abbrev': 'NTH', 'name': 'North Melbourne'}",0,"{'id': 17, 'abbrev': 'GCS', 'name': 'Gold Coast'}",1,"{'id': 13, 'abbrev': 'STK', 'name': 'St Kilda'}",0,Docklands Stadium,0.0,"{'id': 11, 'name': 'Manuka Oval', 'display_name': 'Manuka Oval', 'short_name': 'Manuka', 'abbrev': 'MO'}","{'id': 5, 'name': 'Carrara Stadium', 'display_name': 'People First Stadium', 'short_name': 'People First', 'abbrev': 'PFS'}","{'id': 17, 'name': 'ENGIE Stadium', 'display_name': 'ENGIE Stadium', 'short_name': 'ENGIE', 'abbrev': 'ENS'}",0.205465,,,,-8
0,361,1032042,Phoenix,Gothard,GWS,652,21,0,119900,0,0,0,0,0,644,413,0,0,2025-08-03T10:13:47+10:00,0,0,0,0,0,0,0,0,0,0,0,0,0,0,0,0,0,0,0.0,14,0.0,0.0,WBD,0.0,1,"{'id': 9, 'abbrev': 'NTH', 'name': 'North Melbourne'}",0,"{'id': 17, 'abbrev': 'GCS', 'name': 'Gold Coast'}",1,"{'id': 13, 'abbrev': 'STK', 'name': 'St Kilda'}",0,Docklands Stadium,0.0,"{'id': 11, 'name': 'Manuka Oval', 'display_name': 'Manuka Oval', 'short_name': 'Manuka', 'abbrev': 'MO'}","{'id': 5, 'name': 'Carrara Stadium', 'display_name': 'People First Stadium', 'short_name': 'People First', 'abbrev': 'PFS'}","{'id': 17, 'name': 'ENGIE Stadium', 'display_name': 'ENGIE Stadium', 'short_name': 'ENGIE', 'abbrev': 'ENS'}",0.287652,,,,-8
0,364,1027921,Max,Gruzewski,GWS,575,21,0,119200,127,0,4,0,-700,566,413,0,297,2025-08-03T10:13:46+10:00,0,7,0,11,0,4,0,3,0,0,0,-2,0,6,0,4,0,0,31.75,13,31.75,22.0,WBD,0.0,1,"{'id': 9, 'abbrev': 'NTH', 'name': 'North Melbourne'}",0,"{'id': 17, 'abbrev': 'GCS', 'name': 'Gold Coast'}",1,"{'id': 13, 'abbrev': 'STK', 'name': 'St Kilda'}",0,Docklands Stadium,50.0,"{'id': 11, 'name': 'Manuka Oval', 'display_name': 'Manuka Oval', 'short_name': 'Manuka', 'abbrev': 'MO'}","{'id': 5, 'name': 'Carrara Stadium', 'display_name': 'People First Stadium', 'short_name': 'People First', 'abbrev': 'PFS'}","{'id': 17, 'name': 'ENGIE Stadium', 'display_name': 'ENGIE Stadium', 'short_name': 'ENGIE', 'abbrev': 'ENS'}",0.267105,,0.4276094276094276,3754.3307086614172,-9
0,372,1032119,James,Leake,GWS,581,21,0,140200,117,0,3,0,20300,576,413,0,250,2025-08-03T10:13:46+10:00,0,13,0,11,0,5,0,3,0,3,0,-1,0,0,0,1,0,1,39.0,53,39.0,39.0,WBD,0.0,1,"{'id': 9, 'abbrev': 'NTH', 'name': 'North Melbourne'}",0,"{'id': 17, 'abbrev': 'GCS', 'name': 'Gold Coast'}",1,"{'id': 13, 'abbrev': 'STK', 'name': 'St Kilda'}",0,Docklands Stadium,0.0,"{'id': 11, 'name': 'Manuka Oval', 'display_name': 'Manuka Oval', 'short_name': 'Manuka', 'abbrev': 'MO'}","{'id': 5, 'name': 'Carrara Stadium', 'display_name': 'People First Stadium', 'short_name': 'People First', 'abbrev': 'PFS'}","{'id': 17, 'name': 'ENGIE Stadium', 'display_name': 'ENGIE Stadium', 'short_name': 'ENGIE', 'abbrev': 'ENS'}",1.08897,,0.468,3594.871794871795,-5
0,373,1023743,Nicholas,Madden,GWS,512,21,0,202900,258,0,3,0,83000,501,413,0,247,2025-08-03T10:13:46+10:00,0,7,0,26,0,3,0,9,0,8,0,-5,0,79,0,0,0,0,86.0,321,86.0,86.0,WBD,0.0,1,"{'id': 9, 'abbrev': 'NTH', 'name': 'North Melbourne'}",0,"{'id': 17, 'abbrev': 'GCS', 'name': 'Gold Coast'}",1,"{'id': 13, 'abbrev': 'STK', 'name': 'St Kilda'}",0,Docklands Stadium,0.0,"{'id': 11, 'name': 'Manuka Oval', 'display_name': 'Manuka Oval', 'short_name': 'Manuka', 'abbrev': 'MO'}","{'id': 5, 'name': 'Carrara Stadium', 'display_name': 'People First Stadium', 'short_name': 'People First', 'abbrev': 'PFS'}","{'id': 17, 'name': 'ENGIE Stadium', 'display_name': 'ENGIE Stadium', 'short_name': 'ENGIE', 'abbrev': 'ENS'}",6.59544,,1.0445344129554657,2359.3023255813955,-11
0,379,1021122,Harry,Rowston,GWS,495,21,16,199500,289,1,7,-20300,79600,492,400,56,452,2025-08-03T10:13:46+10:00,3,56,2,27,3,17,1,14,0,3,-2,-5,0,0,0,0,0,2,41.4,78,41.2857,28.6667,WBD,16.0,1,"{'id': 9, 'abbrev': 'NTH', 'name': 'North Melbourne'}",0,"{'id': 17, 'abbrev': 'GCS', 'name': 'Gold Coast'}",1,"{'id': 13, 'abbrev': 'STK', 'name': 'St Kilda'}",0,Docklands Stadium,15.75,"{'id': 11, 'name': 'Manuka Oval', 'display_name': 'Manuka Oval', 'short_name': 'Manuka', 'abbrev': 'MO'}","{'id': 5, 'name': 'Carrara Stadium', 'display_name': 'People First Stadium', 'short_name': 'People First', 'abbrev': 'PFS'}","{'id': 17, 'name': 'ENGIE Stadium', 'display_name': 'ENGIE Stadium', 'short_name': 'ENGIE', 'abbrev': 'ENS'}",1.60263,0.2857142857142857,0.6393805309734514,4832.181602831005,-3
0,381,1015862,Conor,Stone,GWS,473,21,0,199000,338,0,7,0,79100,466,413,0,651,2025-08-03T10:13:46+10:00,0,52,0,46,0,29,0,8,0,1,0,-4,0,0,0,0,0,0,46.4,41,48.2857,52.3333,WBD,47.3333,1,"{'id': 9, 'abbrev': 'NTH', 'name': 'North Melbourne'}",0,"{'id': 17, 'abbrev': 'GCS', 'name': 'Gold Coast'}",1,"{'id': 13, 'abbrev': 'STK', 'name': 'St Kilda'}",0,Docklands Stadium,24.0,"{'id': 11, 'name': 'Manuka Oval', 'display_name': 'Manuka Oval', 'short_name': 'Manuka', 'abbrev': 'MO'}","{'id': 5, 'name': 'Carrara Stadium', 'display_name': 'People First Stadium', 'short_name': 'People First', 'abbrev': 'PFS'}","{'id': 17, 'name': 'ENGIE Stadium', 'display_name': 'ENGIE Stadium', 'short_name': 'ENGIE', 'abbrev': 'ENS'}",0.842408,,0.5192012288786483,4121.302994468341,-7
0,386,1034066,Nathan,Wardius,GWS,652,21,0,119900,0,0,0,0,0,644,413,0,0,2025-08-03T10:13:47+10:00,0,0,0,0,0,0,0,0,0,0,0,0,0,0,0,0,0,0,0.0,8,0.0,0.0,WBD,0.0,1,"{'id': 9, 'abbrev': 'NTH', 'name': 'North Melbourne'}",0,"{'id': 17, 'abbrev': 'GCS', 'name': 'Gold Coast'}",1,"{'id': 13, 'abbrev': 'STK', 'name': 'St Kilda'}",0,Docklands Stadium,0.0,"{'id': 11, 'name': 'Manuka Oval', 'display_name': 'Manuka Oval', 'short_name': 'Manuka', 'abbrev': 'MO'}","{'id': 5, 'name': 'Carrara Stadium', 'display_name': 'People First Stadium', 'short_name': 'People First', 'abbrev': 'PFS'}","{'id': 17, 'name': 'ENGIE Stadium', 'display_name': 'ENGIE Stadium', 'short_name': 'ENGIE', 'abbrev': 'ENS'}",0.164372,,,,-8
0,393,1011839,James,Blanck,HAW,652,21,0,119900,0,0,0,0,0,644,413,0,0,2025-08-03T10:13:47+10:00,0,0,0,0,0,0,0,0,0,0,0,0,0,0,0,0,0,0,0.0,11,0.0,0.0,ADE,63.0,1,"{'id': 4, 'abbrev': 'COL', 'name': 'Collingwood'}",0,"{'id': 10, 'abbrev': 'MEL', 'name': 'Melbourne'}",0,"{'id': 2, 'abbrev': 'BRL', 'name': 'Brisbane'}",1,Adelaide Oval,62.0,"{'id': 13, 'name': 'Melbourne Cricket Ground', 'display_name': 'MCG', 'short_name': 'MCG', 'abbrev': 'MCG'}","{'id': 13, 'name': 'Melbourne Cricket Ground', 'display_name': 'MCG', 'short_name': 'MCG', 'abbrev': 'MCG'}","{'id': 4, 'name': 'Brisbane Cricket Ground', 'display_name': 'Gabba', 'short_name': 'Gabba', 'abbrev': 'G'}",0.226012,,,,-8
0,409,1029261,Bailey,Macdonald,HAW,565,21,0,138300,151,0,6,0,18400,558,413,0,253,2025-08-03T10:13:46+10:00,0,16,0,16,0,6,0,4,0,2,0,-3,0,0,0,1,0,0,27.0,12,25.1667,26.6667,ADE,0.0,1,"{'id': 4, 'abbrev': 'COL', 'name': 'Collingwood'}",0,"{'id': 10, 'abbrev': 'MEL', 'name': 'Melbourne'}",0,"{'id': 2, 'abbrev': 'BRL', 'name': 'Brisbane'}",1,Adelaide Oval,45.0,"{'id': 13, 'name': 'Melbourne Cricket Ground', 'display_name': 'MCG', 'short_name': 'MCG', 'abbrev': 'MCG'}","{'id': 13, 'name': 'Melbourne Cricket Ground', 'display_name': 'MCG', 'short_name': 'MCG', 'abbrev': 'MCG'}","{'id': 4, 'name': 'Brisbane Cricket Ground', 'display_name': 'Gabba', 'short_name': 'Gabba', 'abbrev': 'G'}",0.246558,,0.5968379446640316,5495.356959792107,-7
0,413,1022410,William,McCabe,HAW,652,21,0,119900,0,0,0,0,0,644,413,0,0,2025-08-03T10:13:47+10:00,0,0,0,0,0,0,0,0,0,0,0,0,0,0,0,0,0,0,0.0,7,0.0,0.0,ADE,0.0,1,"{'id': 4, 'abbrev': 'COL', 'name': 'Collingwood'}",0,"{'id': 10, 'abbrev': 'MEL', 'name': 'Melbourne'}",0,"{'id': 2, 'abbrev': 'BRL', 'name': 'Brisbane'}",1,Adelaide Oval,0.0,"{'id': 13, 'name': 'Melbourne Cricket Ground', 'display_name': 'MCG', 'short_name': 'MCG', 'abbrev': 'MCG'}","{'id': 13, 'name': 'Melbourne Cricket Ground', 'display_name': 'MCG', 'short_name': 'MCG', 'abbrev': 'MCG'}","{'id': 4, 'name': 'Brisbane Cricket Ground', 'display_name': 'Gabba', 'short_name': 'Gabba', 'abbrev': 'G'}",0.143826,,,,-8
0,423,1022473,Bodie,Ryan,HAW,652,21,0,119900,0,0,0,0,0,644,413,0,0,2025-08-03T10:13:47+10:00,0,0,0,0,0,0,0,0,0,0,0,0,0,0,0,0,0,0,0.0,11,0.0,0.0,ADE,0.0,1,"{'id': 4, 'abbrev': 'COL', 'name': 'Collingwood'}",0,"{'id': 10, 'abbrev': 'MEL', 'name': 'Melbourne'}",0,"{'id': 2, 'abbrev': 'BRL', 'name': 'Brisbane'}",1,Adelaide Oval,0.0,"{'id': 13, 'name': 'Melbourne Cricket Ground', 'display_name': 'MCG', 'short_name': 'MCG', 'abbrev': 'MCG'}","{'id': 13, 'name': 'Melbourne Cricket Ground', 'display_name': 'MCG', 'short_name': 'MCG', 'abbrev': 'MCG'}","{'id': 4, 'name': 'Brisbane Cricket Ground', 'display_name': 'Gabba', 'short_name': 'Gabba', 'abbrev': 'G'}",0.226012,,,,-8
0,424,1018122,Jasper,Scaife,HAW,652,21,0,119900,0,0,0,0,0,644,413,0,0,2025-08-03T10:13:47+10:00,0,0,0,0,0,0,0,0,0,0,0,0,0,0,0,0,0,0,0.0,10,0.0,0.0,ADE,0.0,1,"{'id': 4, 'abbrev': 'COL', 'name': 'Collingwood'}",0,"{'id': 10, 'abbrev': 'MEL', 'name': 'Melbourne'}",0,"{'id': 2, 'abbrev': 'BRL', 'name': 'Brisbane'}",1,Adelaide Oval,0.0,"{'id': 13, 'name': 'Melbourne Cricket Ground', 'display_name': 'MCG', 'short_name': 'MCG', 'abbrev': 'MCG'}","{'id': 13, 'name': 'Melbourne Cricket Ground', 'display_name': 'MCG', 'short_name': 'MCG', 'abbrev': 'MCG'}","{'id': 4, 'name': 'Brisbane Cricket Ground', 'display_name': 'Gabba', 'short_name': 'Gabba', 'abbrev': 'G'}",0.205465,,,,-8
0,433,1023174,Jed,Adams,MEL,652,21,0,119900,0,0,0,0,0,644,413,0,0,2025-08-03T10:13:47+10:00,0,0,0,0,0,0,0,0,0,0,0,0,0,0,0,0,0,0,0.0,7,0.0,0.0,WCE,0.0,0,"{'id': 15, 'abbrev': 'WBD', 'name': 'Western Bulldogs'}",0,"{'id': 8, 'abbrev': 'HAW', 'name': 'Hawthorn'}",1,"{'id': 4, 'abbrev': 'COL', 'name': 'Collingwood'}",1,Docklands Stadium,0.0,"{'id': 13, 'name': 'Melbourne Cricket Ground', 'display_name': 'MCG', 'short_name': 'MCG', 'abbrev': 'MCG'}","{'id': 13, 'name': 'Melbourne Cricket Ground', 'display_name': 'MCG', 'short_name': 'MCG', 'abbrev': 'MCG'}","{'id': 13, 'name': 'Melbourne Cricket Ground', 'display_name': 'MCG', 'short_name': 'MCG', 'abbrev': 'MCG'}",0.143826,,,,-8
0,436,1027949,Kynan,Brown,MEL,652,21,0,119900,0,0,0,0,0,644,413,0,0,2025-08-03T10:13:47+10:00,0,0,0,0,0,0,0,0,0,0,0,0,0,0,0,0,0,0,0.0,15,0.0,0.0,WCE,0.0,0,"{'id': 15, 'abbrev': 'WBD', 'name': 'Western Bulldogs'}",0,"{'id': 8, 'abbrev': 'HAW', 'name': 'Hawthorn'}",1,"{'id': 4, 'abbrev': 'COL', 'name': 'Collingwood'}",1,Docklands Stadium,0.0,"{'id': 13, 'name': 'Melbourne Cricket Ground', 'display_name': 'MCG', 'short_name': 'MCG', 'abbrev': 'MCG'}","{'id': 13, 'name': 'Melbourne Cricket Ground', 'display_name': 'MCG', 'short_name': 'MCG', 'abbrev': 'MCG'}","{'id': 13, 'name': 'Melbourne Cricket Ground', 'display_name': 'MCG', 'short_name': 'MCG', 'abbrev': 'MCG'}",0.308198,,,,-8
0,440,1013532,Tom,Fullarton,MEL,618,21,0,119900,62,0,2,0,0,613,413,0,164,2025-08-03T10:13:46+10:00,0,5,0,4,0,1,0,2,0,4,0,-1,0,16,0,0,0,0,31.0,6,31.0,31.0,WCE,30.0,0,"{'id': 15, 'abbrev': 'WBD', 'name': 'Western Bulldogs'}",0,"{'id': 8, 'abbrev': 'HAW', 'name': 'Hawthorn'}",1,"{'id': 4, 'abbrev': 'COL', 'name': 'Collingwood'}",1,Docklands Stadium,48.0,"{'id': 13, 'name': 'Melbourne Cricket Ground', 'display_name': 'MCG', 'short_name': 'MCG', 'abbrev': 'MCG'}","{'id': 13, 'name': 'Melbourne Cricket Ground', 'display_name': 'MCG', 'short_name': 'MCG', 'abbrev': 'MCG'}","{'id': 13, 'name': 'Melbourne Cricket Ground', 'display_name': 'MCG', 'short_name': 'MCG', 'abbrev': 'MCG'}",0.123279,,0.3780487804878049,3867.7419354838707,-5
0,444,1023486,Matthew,Jefferson,MEL,550,21,0,136300,185,0,7,0,16400,541,413,0,554,2025-08-03T10:13:46+10:00,0,22,0,16,0,13,0,9,0,5,0,-2,0,1,0,4,0,4,28.8,10,26.4286,37.3333,WCE,0.0,0,"{'id': 15, 'abbrev': 'WBD', 'name': 'Western Bulldogs'}",0,"{'id': 8, 'abbrev': 'HAW', 'name': 'Hawthorn'}",1,"{'id': 4, 'abbrev': 'COL', 'name': 'Collingwood'}",1,Docklands Stadium,0.0,"{'id': 13, 'name': 'Melbourne Cricket Ground', 'display_name': 'MCG', 'short_name': 'MCG', 'abbrev': 'MCG'}","{'id': 13, 'name': 'Melbourne Cricket Ground', 'display_name': 'MCG', 'short_name': 'MCG', 'abbrev': 'MCG'}","{'id': 13, 'name': 'Melbourne Cricket Ground', 'display_name': 'MCG', 'short_name': 'MCG', 'abbrev': 'MCG'}",0.205465,,0.33393501805054154,5157.291721846787,-9
0,446,1024337,Luker,Kentfield,MEL,652,21,0,119900,0,0,0,0,0,644,413,0,0,2025-08-03T10:13:47+10:00,0,0,0,0,0,0,0,0,0,0,0,0,0,0,0,0,0,0,0.0,8,0.0,0.0,WCE,0.0,0,"{'id': 15, 'abbrev': 'WBD', 'name': 'Western Bulldogs'}",0,"{'id': 8, 'abbrev': 'HAW', 'name': 'Hawthorn'}",1,"{'id': 4, 'abbrev': 'COL', 'name': 'Collingwood'}",1,Docklands Stadium,0.0,"{'id': 13, 'name': 'Melbourne Cricket Ground', 'display_name': 'MCG', 'short_name': 'MCG', 'abbrev': 'MCG'}","{'id': 13, 'name': 'Melbourne Cricket Ground', 'display_name': 'MCG', 'short_name': 'MCG', 'abbrev': 'MCG'}","{'id': 13, 'name': 'Melbourne Cricket Ground', 'display_name': 'MCG', 'short_name': 'MCG', 'abbrev': 'MCG'}",0.164372,,,,-8
0,465,1029973,Oliver,Sestan,MEL,652,21,0,119900,0,0,0,0,0,644,413,0,0,2025-08-03T10:13:47+10:00,0,0,0,0,0,0,0,0,0,0,0,0,0,0,0,0,0,0,0.0,9,0.0,0.0,WCE,0.0,0,"{'id': 15, 'abbrev': 'WBD', 'name': 'Western Bulldogs'}",0,"{'id': 8, 'abbrev': 'HAW', 'name': 'Hawthorn'}",1,"{'id': 4, 'abbrev': 'COL', 'name': 'Collingwood'}",1,Docklands Stadium,0.0,"{'id': 13, 'name': 'Melbourne Cricket Ground', 'display_name': 'MCG', 'short_name': 'MCG', 'abbrev': 'MCG'}","{'id': 13, 'name': 'Melbourne Cricket Ground', 'display_name': 'MCG', 'short_name': 'MCG', 'abbrev': 'MCG'}","{'id': 13, 'name': 'Melbourne Cricket Ground', 'display_name': 'MCG', 'short_name': 'MCG', 'abbrev': 'MCG'}",0.184919,,,,-8
0,472,1015473,Will,Verrall,MEL,652,21,0,119900,0,0,0,0,0,644,413,0,0,2025-08-03T10:13:47+10:00,0,0,0,0,0,0,0,0,0,0,0,0,0,0,0,0,0,0,0.0,16,0.0,0.0,WCE,0.0,0,"{'id': 15, 'abbrev': 'WBD', 'name': 'Western Bulldogs'}",0,"{'id': 8, 'abbrev': 'HAW', 'name': 'Hawthorn'}",1,"{'id': 4, 'abbrev': 'COL', 'name': 'Collingwood'}",1,Docklands Stadium,0.0,"{'id': 13, 'name': 'Melbourne Cricket Ground', 'display_name': 'MCG', 'short_name': 'MCG', 'abbrev': 'MCG'}","{'id': 13, 'name': 'Melbourne Cricket Ground', 'display_name': 'MCG', 'short_name': 'MCG', 'abbrev': 'MCG'}","{'id': 13, 'name': 'Melbourne Cricket Ground', 'display_name': 'MCG', 'short_name': 'MCG', 'abbrev': 'MCG'}",0.328745,,,,-8
0,490,1023544,Brayden,George,NTH,652,21,0,119900,0,0,0,0,0,644,413,0,0,2025-08-03T10:13:47+10:00,0,0,0,0,0,0,0,0,0,0,0,0,0,0,0,0,0,0,0.0,11,0.0,0.0,STK,0.0,1,"{'id': 18, 'abbrev': 'GWS', 'name': 'GWS Giants'}",1,"{'id': 12, 'abbrev': 'RIC', 'name': 'Richmond'}",0,"{'id': 1, 'abbrev': 'ADE', 'name': 'Adelaide'}",0,Docklands Stadium,0.0,"{'id': 11, 'name': 'Manuka Oval', 'display_name': 'Manuka Oval', 'short_name': 'Manuka', 'abbrev': 'MO'}","{'id': 226, 'name': 'Ninja Stadium', 'display_name': 'Ninja Stadium', 'short_name': 'Ninja', 'abbrev': 'NIN'}","{'id': 7, 'name': 'Docklands Stadium', 'display_name': 'Marvel Stadium', 'short_name': 'Marvel', 'abbrev': 'MARV'}",0.226012,,,,-8
0,491,1031506,Taylor,Goad,NTH,652,21,0,119900,0,0,0,0,0,644,413,0,0,2025-08-03T10:13:47+10:00,0,0,0,0,0,0,0,0,0,0,0,0,0,0,0,0,0,0,0.0,26,0.0,0.0,STK,0.0,1,"{'id': 18, 'abbrev': 'GWS', 'name': 'GWS Giants'}",1,"{'id': 12, 'abbrev': 'RIC', 'name': 'Richmond'}",0,"{'id': 1, 'abbrev': 'ADE', 'name': 'Adelaide'}",0,Docklands Stadium,0.0,"{'id': 11, 'name': 'Manuka Oval', 'display_name': 'Manuka Oval', 'short_name': 'Manuka', 'abbrev': 'MO'}","{'id': 226, 'name': 'Ninja Stadium', 'display_name': 'Ninja Stadium', 'short_name': 'Ninja', 'abbrev': 'NIN'}","{'id': 7, 'name': 'Docklands Stadium', 'display_name': 'Marvel Stadium', 'short_name': 'Marvel', 'abbrev': 'MARV'}",0.53421,,,,-8
0,495,1020979,Cooper,Harvey,NTH,537,21,22,180900,204,1,4,12600,61000,543,391,78,354,2025-08-03T10:13:46+10:00,8,30,1,11,4,16,0,3,1,2,0,-3,0,0,0,7,1,4,51.0,115,51.0,43.3333,STK,19.0,1,"{'id': 18, 'abbrev': 'GWS', 'name': 'GWS Giants'}",1,"{'id': 12, 'abbrev': 'RIC', 'name': 'Richmond'}",0,"{'id': 1, 'abbrev': 'ADE', 'name': 'Adelaide'}",0,Docklands Stadium,37.25,"{'id': 11, 'name': 'Manuka Oval', 'display_name': 'Manuka Oval', 'short_name': 'Manuka', 'abbrev': 'MO'}","{'id': 226, 'name': 'Ninja Stadium', 'display_name': 'Ninja Stadium', 'short_name': 'Ninja', 'abbrev': 'NIN'}","{'id': 7, 'name': 'Docklands Stadium', 'display_name': 'Marvel Stadium', 'short_name': 'Marvel', 'abbrev': 'MARV'}",2.36285,0.28205128205128205,0.576271186440678,3547.0588235294117,6
0,496,1023530,Jacob,Konstanty,NTH,313,21,26,230600,909,1,20,-25700,110700,315,382,98,1749,2025-08-03T10:13:46+10:00,6,96,6,81,2,33,1,65,1,17,0,-18,0,0,0,10,1,10,43.8,34,45.45,32.0,STK,26.0,1,"{'id': 18, 'abbrev': 'GWS', 'name': 'GWS Giants'}",1,"{'id': 12, 'abbrev': 'RIC', 'name': 'Richmond'}",0,"{'id': 1, 'abbrev': 'ADE', 'name': 'Adelaide'}",0,Docklands Stadium,40.1111,"{'id': 11, 'name': 'Manuka Oval', 'display_name': 'Manuka Oval', 'short_name': 'Manuka', 'abbrev': 'MO'}","{'id': 226, 'name': 'Ninja Stadium', 'display_name': 'Ninja Stadium', 'short_name': 'Ninja', 'abbrev': 'NIN'}","{'id': 7, 'name': 'Docklands Stadium', 'display_name': 'Marvel Stadium', 'short_name': 'Marvel', 'abbrev': 'MARV'}",0.698582,0.2653061224489796,0.5197255574614065,5073.707370737074,2
0,499,1031792,Finnbar,Maley,NTH,517,21,0,178900,252,0,7,0,59000,507,413,0,552,2025-08-03T10:13:46+10:00,0,22,0,24,0,19,0,13,0,4,0,-5,0,11,0,4,0,3,37.6,79,36.0,35.3333,STK,0.0,1,"{'id': 18, 'abbrev': 'GWS', 'name': 'GWS Giants'}",1,"{'id': 12, 'abbrev': 'RIC', 'name': 'Richmond'}",0,"{'id': 1, 'abbrev': 'ADE', 'name': 'Adelaide'}",0,Docklands Stadium,44.75,"{'id': 11, 'name': 'Manuka Oval', 'display_name': 'Manuka Oval', 'short_name': 'Manuka', 'abbrev': 'MO'}","{'id': 226, 'name': 'Ninja Stadium', 'display_name': 'Ninja Stadium', 'short_name': 'Ninja', 'abbrev': 'NIN'}","{'id': 7, 'name': 'Docklands Stadium', 'display_name': 'Marvel Stadium', 'short_name': 'Marvel', 'abbrev': 'MARV'}",1.62318,,0.45652173913043476,4969.444444444444,-10
0,504,1027726,Geordie,Payne,NTH,652,21,0,119900,0,0,0,0,0,644,413,0,0,2025-08-03T10:13:47+10:00,0,0,0,0,0,0,0,0,0,0,0,0,0,0,0,0,0,0,0.0,10,0.0,0.0,STK,0.0,1,"{'id': 18, 'abbrev': 'GWS', 'name': 'GWS Giants'}",1,"{'id': 12, 'abbrev': 'RIC', 'name': 'Richmond'}",0,"{'id': 1, 'abbrev': 'ADE', 'name': 'Adelaide'}",0,Docklands Stadium,0.0,"{'id': 11, 'name': 'Manuka Oval', 'display_name': 'Manuka Oval', 'short_name': 'Manuka', 'abbrev': 'MO'}","{'id': 226, 'name': 'Ninja Stadium', 'display_name': 'Ninja Stadium', 'short_name': 'Ninja', 'abbrev': 'NIN'}","{'id': 7, 'name': 'Docklands Stadium', 'display_name': 'Marvel Stadium', 'short_name': 'Marvel', 'abbrev': 'MARV'}",0.205465,,,,-8
0,521,1027870,Tom,Anastasopoulos,PTA,652,21,0,119900,0,0,0,0,0,644,413,0,0,2025-08-03T10:13:47+10:00,0,0,0,0,0,0,0,0,0,0,0,0,0,0,0,0,0,0,0.0,13,0.0,0.0,GEE,0.0,1,"{'id': 6, 'abbrev': 'FRE', 'name': 'Fremantle'}",0,"{'id': 3, 'abbrev': 'CAR', 'name': 'Carlton'}",1,"{'id': 17, 'abbrev': 'GCS', 'name': 'Gold Coast'}",0,Kardinia Park,0.0,"{'id': 1, 'name': 'Adelaide Oval', 'display_name': 'Adelaide Oval', 'short_name': 'Adelaide', 'abbrev': 'AO'}","{'id': 7, 'name': 'Docklands Stadium', 'display_name': 'Marvel Stadium', 'short_name': 'Marvel', 'abbrev': 'MARV'}","{'id': 1, 'name': 'Adelaide Oval', 'display_name': 'Adelaide Oval', 'short_name': 'Adelaide', 'abbrev': 'AO'}",0.267105,,,,-8
0,531,1014013,Lachlan,Charleson,PTA,652,21,0,119900,0,0,0,0,0,644,413,0,0,2025-08-03T10:13:47+10:00,0,0,0,0,0,0,0,0,0,0,0,0,0,0,0,0,0,0,0.0,20,0.0,0.0,GEE,0.0,1,"{'id': 6, 'abbrev': 'FRE', 'name': 'Fremantle'}",0,"{'id': 3, 'abbrev': 'CAR', 'name': 'Carlton'}",1,"{'id': 17, 'abbrev': 'GCS', 'name': 'Gold Coast'}",0,Kardinia Park,0.0,"{'id': 1, 'name': 'Adelaide Oval', 'display_name': 'Adelaide Oval', 'short_name': 'Adelaide', 'abbrev': 'AO'}","{'id': 7, 'name': 'Docklands Stadium', 'display_name': 'Marvel Stadium', 'short_name': 'Marvel', 'abbrev': 'MARV'}","{'id': 1, 'name': 'Adelaide Oval', 'display_name': 'Adelaide Oval', 'short_name': 'Adelaide', 'abbrev': 'AO'}",0.410931,,,,-8
0,539,1015330,Hugh,Jackson,PTA,467,21,15,195900,368,1,9,-31100,76000,462,401,38,598,2025-08-03T10:13:46+10:00,1,43,3,41,0,12,2,15,0,1,0,-5,0,0,0,1,0,1,33.6,55,40.8889,22.0,GEE,15.0,1,"{'id': 6, 'abbrev': 'FRE', 'name': 'Fremantle'}",0,"{'id': 3, 'abbrev': 'CAR', 'name': 'Carlton'}",1,"{'id': 17, 'abbrev': 'GCS', 'name': 'Gold Coast'}",0,Kardinia Park,15.0,"{'id': 1, 'name': 'Adelaide Oval', 'display_name': 'Adelaide Oval', 'short_name': 'Adelaide', 'abbrev': 'AO'}","{'id': 7, 'name': 'Docklands Stadium', 'display_name': 'Marvel Stadium', 'short_name': 'Marvel', 'abbrev': 'MARV'}","{'id': 1, 'name': 'Adelaide Oval', 'display_name': 'Adelaide Oval', 'short_name': 'Adelaide', 'abbrev': 'AO'}",1.13006,0.39473684210526316,0.6153846153846154,4791.031306784971,-5
0,542,1029262,Will,Lorenz,PTA,522,21,80,191800,248,1,4,29600,71900,552,157,99,315,2025-08-03T10:13:45+10:00,9,24,7,19,4,7,3,10,1,3,0,-1,0,0,1,2,0,0,62.0,51,62.0,55.0,GEE,80.0,1,"{'id': 6, 'abbrev': 'FRE', 'name': 'Fremantle'}",0,"{'id': 3, 'abbrev': 'CAR', 'name': 'Carlton'}",1,"{'id': 17, 'abbrev': 'GCS', 'name': 'Gold Coast'}",0,Kardinia Park,80.0,"{'id': 1, 'name': 'Adelaide Oval', 'display_name': 'Adelaide Oval', 'short_name': 'Adelaide', 'abbrev': 'AO'}","{'id': 7, 'name': 'Docklands Stadium', 'display_name': 'Marvel Stadium', 'short_name': 'Marvel', 'abbrev': 'MARV'}","{'id': 1, 'name': 'Adelaide Oval', 'display_name': 'Adelaide Oval', 'short_name': 'Adelaide', 'abbrev': 'AO'}",1.04787,0.8080808080808081,0.7873015873015873,3093.548387096774,30
0,558,1029158,Xavier,Walsh,PTA,652,21,0,119900,0,0,0,0,0,644,413,0,0,2025-08-03T10:13:47+10:00,0,0,0,0,0,0,0,0,0,0,0,0,0,0,0,0,0,0,0.0,5,0.0,0.0,GEE,0.0,1,"{'id': 6, 'abbrev': 'FRE', 'name': 'Fremantle'}",0,"{'id': 3, 'abbrev': 'CAR', 'name': 'Carlton'}",1,"{'id': 17, 'abbrev': 'GCS', 'name': 'Gold Coast'}",0,Kardinia Park,0.0,"{'id': 1, 'name': 'Adelaide Oval', 'display_name': 'Adelaide Oval', 'short_name': 'Adelaide', 'abbrev': 'AO'}","{'id': 7, 'name': 'Docklands Stadium', 'display_name': 'Marvel Stadium', 'short_name': 'Marvel', 'abbrev': 'MARV'}","{'id': 1, 'name': 'Adelaide Oval', 'display_name': 'Adelaide Oval', 'short_name': 'Adelaide', 'abbrev': 'AO'}",0.102733,,,,-8
0,572,1017043,Judson,Clarke,RIC,652,21,0,119900,0,0,0,0,0,644,413,0,0,2025-08-03T10:13:47+10:00,0,0,0,0,0,0,0,0,0,0,0,0,0,0,0,0,0,0,0.0,21,0.0,0.0,GCS,13.0,1,"{'id': 13, 'abbrev': 'STK', 'name': 'St Kilda'}",0,"{'id': 9, 'abbrev': 'NTH', 'name': 'North Melbourne'}",1,"{'id': 7, 'abbrev': 'GEE', 'name': 'Geelong'}",0,Carrara Stadium,0.0,"{'id': 13, 'name': 'Melbourne Cricket Ground', 'display_name': 'MCG', 'short_name': 'MCG', 'abbrev': 'MCG'}","{'id': 226, 'name': 'Ninja Stadium', 'display_name': 'Ninja Stadium', 'short_name': 'Ninja', 'abbrev': 'NIN'}","{'id': 13, 'name': 'Melbourne Cricket Ground', 'display_name': 'MCG', 'short_name': 'MCG', 'abbrev': 'MCG'}",0.431477,,,,-8
0,573,1021660,Mate,Colina,RIC,652,21,0,119900,0,0,0,0,0,644,413,0,0,2025-08-03T10:13:47+10:00,0,0,0,0,0,0,0,0,0,0,0,0,0,0,0,0,0,0,0.0,25,0.0,0.0,GCS,0.0,1,"{'id': 13, 'abbrev': 'STK', 'name': 'St Kilda'}",0,"{'id': 9, 'abbrev': 'NTH', 'name': 'North Melbourne'}",1,"{'id': 7, 'abbrev': 'GEE', 'name': 'Geelong'}",0,Carrara Stadium,0.0,"{'id': 13, 'name': 'Melbourne Cricket Ground', 'display_name': 'MCG', 'short_name': 'MCG', 'abbrev': 'MCG'}","{'id': 226, 'name': 'Ninja Stadium', 'display_name': 'Ninja Stadium', 'short_name': 'Ninja', 'abbrev': 'NIN'}","{'id': 13, 'name': 'Melbourne Cricket Ground', 'display_name': 'MCG', 'short_name': 'MCG', 'abbrev': 'MCG'}",0.513663,,,,-8
0,576,1022383,Liam,Fawcett,RIC,641,21,0,119900,30,0,1,0,0,634,413,0,91,2025-08-03T10:13:46+10:00,0,3,0,2,0,2,0,0,0,0,0,-1,0,0,0,1,0,0,30.0,9,30.0,30.0,GCS,0.0,1,"{'id': 13, 'abbrev': 'STK', 'name': 'St Kilda'}",0,"{'id': 9, 'abbrev': 'NTH', 'name': 'North Melbourne'}",1,"{'id': 7, 'abbrev': 'GEE', 'name': 'Geelong'}",0,Carrara Stadium,0.0,"{'id': 13, 'name': 'Melbourne Cricket Ground', 'display_name': 'MCG', 'short_name': 'MCG', 'abbrev': 'MCG'}","{'id': 226, 'name': 'Ninja Stadium', 'display_name': 'Ninja Stadium', 'short_name': 'Ninja', 'abbrev': 'NIN'}","{'id': 13, 'name': 'Melbourne Cricket Ground', 'display_name': 'MCG', 'short_name': 'MCG', 'abbrev': 'MCG'}",0.184919,,0.32967032967032966,3996.6666666666665,-7
0,578,1036103,Campbell,Gray,RIC,544,21,0,173500,193,0,3,0,53600,536,413,0,268,2025-08-03T10:13:46+10:00,0,20,0,9,0,16,0,2,0,0,0,0,0,0,0,0,0,0,64.3333,28,64.3333,64.3333,GCS,0.0,1,"{'id': 13, 'abbrev': 'STK', 'name': 'St Kilda'}",0,"{'id': 9, 'abbrev': 'NTH', 'name': 'North Melbourne'}",1,"{'id': 7, 'abbrev': 'GEE', 'name': 'Geelong'}",0,Carrara Stadium,0.0,"{'id': 13, 'name': 'Melbourne Cricket Ground', 'display_name': 'MCG', 'short_name': 'MCG', 'abbrev': 'MCG'}","{'id': 226, 'name': 'Ninja Stadium', 'display_name': 'Ninja Stadium', 'short_name': 'Ninja', 'abbrev': 'NIN'}","{'id': 13, 'name': 'Melbourne Cricket Ground', 'display_name': 'MCG', 'short_name': 'MCG', 'abbrev': 'MCG'}",0.575303,,0.7201492537313433,2696.892589063518,-8
0,580,1035199,Oliver,Hayes-Brown,RIC,652,21,0,119900,0,0,0,0,0,644,413,0,0,2025-08-03T10:13:47+10:00,0,0,0,0,0,0,0,0,0,0,0,0,0,0,0,0,0,0,0.0,11,0.0,0.0,GCS,0.0,1,"{'id': 13, 'abbrev': 'STK', 'name': 'St Kilda'}",0,"{'id': 9, 'abbrev': 'NTH', 'name': 'North Melbourne'}",1,"{'id': 7, 'abbrev': 'GEE', 'name': 'Geelong'}",0,Carrara Stadium,0.0,"{'id': 13, 'name': 'Melbourne Cricket Ground', 'display_name': 'MCG', 'short_name': 'MCG', 'abbrev': 'MCG'}","{'id': 226, 'name': 'Ninja Stadium', 'display_name': 'Ninja Stadium', 'short_name': 'Ninja', 'abbrev': 'NIN'}","{'id': 13, 'name': 'Melbourne Cricket Ground', 'display_name': 'MCG', 'short_name': 'MCG', 'abbrev': 'MCG'}",0.226012,,,,-8
0,615,1017959,Lance,Collard,STK,490,21,0,111200,304,0,10,0,-8700,479,413,0,675,2025-08-03T10:13:46+10:00,0,34,0,23,0,11,0,15,0,2,0,-5,0,0,0,6,0,5,18.6,18,30.4,10.0,NTH,0.0,0,"{'id': 12, 'abbrev': 'RIC', 'name': 'Richmond'}",1,"{'id': 5, 'abbrev': 'ESS', 'name': 'Essendon'}",1,"{'id': 18, 'abbrev': 'GWS', 'name': 'GWS Giants'}",1,Docklands Stadium,28.8571,"{'id': 13, 'name': 'Melbourne Cricket Ground', 'display_name': 'MCG', 'short_name': 'MCG', 'abbrev': 'MCG'}","{'id': 7, 'name': 'Docklands Stadium', 'display_name': 'Marvel Stadium', 'short_name': 'Marvel', 'abbrev': 'MARV'}","{'id': 17, 'name': 'ENGIE Stadium', 'display_name': 'ENGIE Stadium', 'short_name': 'ENGIE', 'abbrev': 'ENS'}",0.369838,,0.45037037037037037,3657.8947368421054,-11
0,620,1020855,Max,Hall,STK,136,21,66,447600,1482,1,20,-14700,327700,135,220,104,1997,2025-08-03T10:13:45+10:00,10,154,4,147,3,59,1,58,2,15,0,-8,0,0,1,20,1,14,95.6,2622,74.1,81.6667,NTH,66.0,0,"{'id': 12, 'abbrev': 'RIC', 'name': 'Richmond'}",1,"{'id': 5, 'abbrev': 'ESS', 'name': 'Essendon'}",1,"{'id': 18, 'abbrev': 'GWS', 'name': 'GWS Giants'}",1,Docklands Stadium,73.0,"{'id': 13, 'name': 'Melbourne Cricket Ground', 'display_name': 'MCG', 'short_name': 'MCG', 'abbrev': 'MCG'}","{'id': 7, 'name': 'Docklands Stadium', 'display_name': 'Marvel Stadium', 'short_name': 'Marvel', 'abbrev': 'MARV'}","{'id': 17, 'name': 'ENGIE Stadium', 'display_name': 'ENGIE Stadium', 'short_name': 'ENGIE', 'abbrev': 'ENS'}",53.873,0.6346153846153846,0.7421131697546319,6040.485829959514,-1
0,621,1027872,Angus,Hastie,STK,483,21,30,174300,323,1,9,3100,54400,483,374,84,709,2025-08-03T10:13:46+10:00,6,50,1,31,3,25,1,15,0,1,0,-5,0,0,0,0,0,2,39.0,32,35.8889,36.6667,NTH,37.5,0,"{'id': 12, 'abbrev': 'RIC', 'name': 'Richmond'}",1,"{'id': 5, 'abbrev': 'ESS', 'name': 'Essendon'}",1,"{'id': 18, 'abbrev': 'GWS', 'name': 'GWS Giants'}",1,Docklands Stadium,35.0,"{'id': 13, 'name': 'Melbourne Cricket Ground', 'display_name': 'MCG', 'short_name': 'MCG', 'abbrev': 'MCG'}","{'id': 7, 'name': 'Docklands Stadium', 'display_name': 'Marvel Stadium', 'short_name': 'Marvel', 'abbrev': 'MARV'}","{'id': 17, 'name': 'ENGIE Stadium', 'display_name': 'ENGIE Stadium', 'short_name': 'ENGIE', 'abbrev': 'ENS'}",0.657489,0.35714285714285715,0.45557122708039494,4856.654843140916,0
0,622,1015886,Max,Heath,STK,557,21,61,164800,174,1,3,44900,44900,579,242,96,306,2025-08-03T10:13:45+10:00,6,12,4,13,4,7,1,9,4,7,0,-5,9,34,2,3,2,3,58.0,96,58.0,58.0,NTH,61.0,0,"{'id': 12, 'abbrev': 'RIC', 'name': 'Richmond'}",1,"{'id': 5, 'abbrev': 'ESS', 'name': 'Essendon'}",1,"{'id': 18, 'abbrev': 'GWS', 'name': 'GWS Giants'}",1,Docklands Stadium,59.0,"{'id': 13, 'name': 'Melbourne Cricket Ground', 'display_name': 'MCG', 'short_name': 'MCG', 'abbrev': 'MCG'}","{'id': 7, 'name': 'Docklands Stadium', 'display_name': 'Marvel Stadium', 'short_name': 'Marvel', 'abbrev': 'MARV'}","{'id': 17, 'name': 'ENGIE Stadium', 'display_name': 'ENGIE Stadium', 'short_name': 'ENGIE', 'abbrev': 'ENS'}",1.97247,0.6354166666666666,0.5686274509803921,2841.3793103448274,22
0,628,1015323,Isaac,Keeler,STK,461,21,0,200700,386,0,10,0,80800,454,413,0,951,2025-08-03T10:13:46+10:00,0,40,0,28,0,23,0,12,0,2,0,-6,0,20,0,9,0,2,41.4,14,38.6,31.6667,NTH,0.0,0,"{'id': 12, 'abbrev': 'RIC', 'name': 'Richmond'}",1,"{'id': 5, 'abbrev': 'ESS', 'name': 'Essendon'}",1,"{'id': 18, 'abbrev': 'GWS', 'name': 'GWS Giants'}",1,Docklands Stadium,36.7143,"{'id': 13, 'name': 'Melbourne Cricket Ground', 'display_name': 'MCG', 'short_name': 'MCG', 'abbrev': 'MCG'}","{'id': 7, 'name': 'Docklands Stadium', 'display_name': 'Marvel Stadium', 'short_name': 'Marvel', 'abbrev': 'MARV'}","{'id': 17, 'name': 'ENGIE Stadium', 'display_name': 'ENGIE Stadium', 'short_name': 'ENGIE', 'abbrev': 'ENS'}",0.287652,,0.4058885383806519,5199.4818652849735,-7
0,633,1035198,Liam,O'Connell,STK,519,21,0,181700,250,0,7,0,61800,509,413,0,588,2025-08-03T10:13:46+10:00,0,26,0,17,0,16,0,23,0,4,0,-4,0,0,0,0,0,0,36.0,14,35.7143,44.6667,NTH,0.0,0,"{'id': 12, 'abbrev': 'RIC', 'name': 'Richmond'}",1,"{'id': 5, 'abbrev': 'ESS', 'name': 'Essendon'}",1,"{'id': 18, 'abbrev': 'GWS', 'name': 'GWS Giants'}",1,Docklands Stadium,29.25,"{'id': 13, 'name': 'Melbourne Cricket Ground', 'display_name': 'MCG', 'short_name': 'MCG', 'abbrev': 'MCG'}","{'id': 7, 'name': 'Docklands Stadium', 'display_name': 'Marvel Stadium', 'short_name': 'Marvel', 'abbrev': 'MARV'}","{'id': 17, 'name': 'ENGIE Stadium', 'display_name': 'ENGIE Stadium', 'short_name': 'ENGIE', 'abbrev': 'ENS'}",0.287652,,0.42517006802721086,5087.597964960813,-10
0,656,1009392,Jack,Buller,SYD,487,21,88,224300,313,1,6,37000,104400,524,122,99,562,2025-08-03T10:13:45+10:00,5,25,7,25,7,21,2,11,3,6,-2,-9,0,8,1,6,1,3,53.2,14,52.1667,65.6667,ESS,88.0,0,"{'id': 2, 'abbrev': 'BRL', 'name': 'Brisbane'}",1,"{'id': 7, 'abbrev': 'GEE', 'name': 'Geelong'}",0,"{'id': 16, 'abbrev': 'WCE', 'name': 'West Coast'}",1,Sydney Cricket Ground,54.0,"{'id': 4, 'name': 'Brisbane Cricket Ground', 'display_name': 'Gabba', 'short_name': 'Gabba', 'abbrev': 'G'}","{'id': 16, 'name': 'Sydney Cricket Ground', 'display_name': 'SCG', 'short_name': 'SCG', 'abbrev': 'SCG'}","{'id': 53, 'name': 'Perth Stadium', 'display_name': 'Optus Stadium', 'short_name': 'Optus', 'abbrev': 'OS'}",0.287652,0.8888888888888888,0.5569395017793595,4299.677763784177,37
0,661,1017757,William,Edwards,SYD,652,21,0,119900,0,0,0,0,0,644,413,0,0,2025-08-03T10:13:47+10:00,0,0,0,0,0,0,0,0,0,0,0,0,0,0,0,0,0,0,0.0,10,0.0,0.0,ESS,0.0,0,"{'id': 2, 'abbrev': 'BRL', 'name': 'Brisbane'}",1,"{'id': 7, 'abbrev': 'GEE', 'name': 'Geelong'}",0,"{'id': 16, 'abbrev': 'WCE', 'name': 'West Coast'}",1,Sydney Cricket Ground,0.0,"{'id': 4, 'name': 'Brisbane Cricket Ground', 'display_name': 'Gabba', 'short_name': 'Gabba', 'abbrev': 'G'}","{'id': 16, 'name': 'Sydney Cricket Ground', 'display_name': 'SCG', 'short_name': 'SCG', 'abbrev': 'SCG'}","{'id': 53, 'name': 'Perth Stadium', 'display_name': 'Optus Stadium', 'short_name': 'Optus', 'abbrev': 'OS'}",0.205465,,,,-8
0,665,1027901,William,Green,SYD,652,21,0,119900,0,0,0,0,0,644,413,0,0,2025-08-03T10:13:47+10:00,0,0,0,0,0,0,0,0,0,0,0,0,0,0,0,0,0,0,0.0,19,0.0,0.0,ESS,0.0,0,"{'id': 2, 'abbrev': 'BRL', 'name': 'Brisbane'}",1,"{'id': 7, 'abbrev': 'GEE', 'name': 'Geelong'}",0,"{'id': 16, 'abbrev': 'WCE', 'name': 'West Coast'}",1,Sydney Cricket Ground,0.0,"{'id': 4, 'name': 'Brisbane Cricket Ground', 'display_name': 'Gabba', 'short_name': 'Gabba', 'abbrev': 'G'}","{'id': 16, 'name': 'Sydney Cricket Ground', 'display_name': 'SCG', 'short_name': 'SCG', 'abbrev': 'SCG'}","{'id': 53, 'name': 'Perth Stadium', 'display_name': 'Optus Stadium', 'short_name': 'Optus', 'abbrev': 'OS'}",0.390384,,,,-8
0,669,1027687,Tom,Hanily,SYD,501,21,0,158700,275,0,8,0,38800,491,413,0,554,2025-08-03T10:13:46+10:00,0,25,0,32,0,16,0,12,0,4,0,-4,0,0,0,6,0,2,32.6,20,34.375,12.0,ESS,0.0,0,"{'id': 2, 'abbrev': 'BRL', 'name': 'Brisbane'}",1,"{'id': 7, 'abbrev': 'GEE', 'name': 'Geelong'}",0,"{'id': 16, 'abbrev': 'WCE', 'name': 'West Coast'}",1,Sydney Cricket Ground,30.0,"{'id': 4, 'name': 'Brisbane Cricket Ground', 'display_name': 'Gabba', 'short_name': 'Gabba', 'abbrev': 'G'}","{'id': 16, 'name': 'Sydney Cricket Ground', 'display_name': 'SCG', 'short_name': 'SCG', 'abbrev': 'SCG'}","{'id': 53, 'name': 'Perth Stadium', 'display_name': 'Optus Stadium', 'short_name': 'Optus', 'abbrev': 'OS'}",0.410931,,0.4963898916967509,4616.727272727273,-10
0,673,1027058,Indhi,Kirk,SYD,652,21,0,119900,0,0,0,0,0,644,413,0,0,2025-08-03T10:13:47+10:00,0,0,0,0,0,0,0,0,0,0,0,0,0,0,0,0,0,0,0.0,15,0.0,0.0,ESS,0.0,0,"{'id': 2, 'abbrev': 'BRL', 'name': 'Brisbane'}",1,"{'id': 7, 'abbrev': 'GEE', 'name': 'Geelong'}",0,"{'id': 16, 'abbrev': 'WCE', 'name': 'West Coast'}",1,Sydney Cricket Ground,0.0,"{'id': 4, 'name': 'Brisbane Cricket Ground', 'display_name': 'Gabba', 'short_name': 'Gabba', 'abbrev': 'G'}","{'id': 16, 'name': 'Sydney Cricket Ground', 'display_name': 'SCG', 'short_name': 'SCG', 'abbrev': 'SCG'}","{'id': 53, 'name': 'Perth Stadium', 'display_name': 'Optus Stadium', 'short_name': 'Optus', 'abbrev': 'OS'}",0.308198,,,,-8
0,683,1024096,Caleb,Mitchell,SYD,624,21,0,119900,49,0,1,0,0,619,413,0,123,2025-08-03T10:13:46+10:00,0,8,0,5,0,4,0,2,0,0,0,-1,0,0,0,0,0,0,49.0,11,49.0,49.0,ESS,0.0,0,"{'id': 2, 'abbrev': 'BRL', 'name': 'Brisbane'}",1,"{'id': 7, 'abbrev': 'GEE', 'name': 'Geelong'}",0,"{'id': 16, 'abbrev': 'WCE', 'name': 'West Coast'}",1,Sydney Cricket Ground,49.0,"{'id': 4, 'name': 'Brisbane Cricket Ground', 'display_name': 'Gabba', 'short_name': 'Gabba', 'abbrev': 'G'}","{'id': 16, 'name': 'Sydney Cricket Ground', 'display_name': 'SCG', 'short_name': 'SCG', 'abbrev': 'SCG'}","{'id': 53, 'name': 'Perth Stadium', 'display_name': 'Optus Stadium', 'short_name': 'Optus', 'abbrev': 'OS'}",0.226012,,0.3983739837398374,2446.938775510204,-5
0,690,1024685,Patrick,Snell,SYD,652,21,0,119900,0,0,0,0,0,644,413,0,0,2025-08-03T10:13:47+10:00,0,0,0,0,0,0,0,0,0,0,0,0,0,0,0,0,0,0,0.0,13,0.0,0.0,ESS,0.0,0,"{'id': 2, 'abbrev': 'BRL', 'name': 'Brisbane'}",1,"{'id': 7, 'abbrev': 'GEE', 'name': 'Geelong'}",0,"{'id': 16, 'abbrev': 'WCE', 'name': 'West Coast'}",1,Sydney Cricket Ground,0.0,"{'id': 4, 'name': 'Brisbane Cricket Ground', 'display_name': 'Gabba', 'short_name': 'Gabba', 'abbrev': 'G'}","{'id': 16, 'name': 'Sydney Cricket Ground', 'display_name': 'SCG', 'short_name': 'SCG', 'abbrev': 'SCG'}","{'id': 53, 'name': 'Perth Stadium', 'display_name': 'Optus Stadium', 'short_name': 'Optus', 'abbrev': 'OS'}",0.267105,,,,-8
0,697,1023017,Jedd,Busslinger,WBD,561,21,35,150800,160,1,4,7300,30900,569,356,97,334,2025-08-03T10:13:46+10:00,5,25,2,11,4,18,0,2,0,0,-2,-7,0,0,0,0,0,0,40.0,37,40.0,34.3333,GWS,46.0,0,"{'id': 10, 'abbrev': 'MEL', 'name': 'Melbourne'}",1,"{'id': 16, 'abbrev': 'WCE', 'name': 'West Coast'}",0,"{'id': 6, 'abbrev': 'FRE', 'name': 'Fremantle'}",0,Docklands Stadium,49.5,"{'id': 13, 'name': 'Melbourne Cricket Ground', 'display_name': 'MCG', 'short_name': 'MCG', 'abbrev': 'MCG'}","{'id': 7, 'name': 'Docklands Stadium', 'display_name': 'Marvel Stadium', 'short_name': 'Marvel', 'abbrev': 'MARV'}","{'id': 7, 'name': 'Docklands Stadium', 'display_name': 'Marvel Stadium', 'short_name': 'Marvel', 'abbrev': 'MARV'}",0.760222,0.36082474226804123,0.47904191616766467,3770.0,8
0,700,1013996,Jordan,Croft,WBD,652,21,0,119900,0,0,0,0,0,644,413,0,0,2025-08-03T10:13:47+10:00,0,0,0,0,0,0,0,0,0,0,0,0,0,0,0,0,0,0,0.0,8,0.0,0.0,GWS,0.0,0,"{'id': 10, 'abbrev': 'MEL', 'name': 'Melbourne'}",1,"{'id': 16, 'abbrev': 'WCE', 'name': 'West Coast'}",0,"{'id': 6, 'abbrev': 'FRE', 'name': 'Fremantle'}",0,Docklands Stadium,0.0,"{'id': 13, 'name': 'Melbourne Cricket Ground', 'display_name': 'MCG', 'short_name': 'MCG', 'abbrev': 'MCG'}","{'id': 7, 'name': 'Docklands Stadium', 'display_name': 'Marvel Stadium', 'short_name': 'Marvel', 'abbrev': 'MARV'}","{'id': 7, 'name': 'Docklands Stadium', 'display_name': 'Marvel Stadium', 'short_name': 'Marvel', 'abbrev': 'MARV'}",0.164372,,,,-8
0,729,1027702,Lachlan,Smith,WBD,652,21,0,119900,0,0,0,0,0,644,413,0,0,2025-08-03T10:13:47+10:00,0,0,0,0,0,0,0,0,0,0,0,0,0,0,0,0,0,0,0.0,10,0.0,0.0,GWS,0.0,0,"{'id': 10, 'abbrev': 'MEL', 'name': 'Melbourne'}",1,"{'id': 16, 'abbrev': 'WCE', 'name': 'West Coast'}",0,"{'id': 6, 'abbrev': 'FRE', 'name': 'Fremantle'}",0,Docklands Stadium,0.0,"{'id': 13, 'name': 'Melbourne Cricket Ground', 'display_name': 'MCG', 'short_name': 'MCG', 'abbrev': 'MCG'}","{'id': 7, 'name': 'Docklands Stadium', 'display_name': 'Marvel Stadium', 'short_name': 'Marvel', 'abbrev': 'MARV'}","{'id': 7, 'name': 'Docklands Stadium', 'display_name': 'Marvel Stadium', 'short_name': 'Marvel', 'abbrev': 'MARV'}",0.205465,,,,-8
0,739,1020057,Harry,Barnett,WCE,652,21,0,119900,0,0,0,0,0,644,413,0,0,2025-08-03T10:13:47+10:00,0,0,0,0,0,0,0,0,0,0,0,0,0,0,0,0,0,0,0.0,15,0.0,0.0,MEL,0.0,1,"{'id': 1, 'abbrev': 'ADE', 'name': 'Adelaide'}",0,"{'id': 15, 'abbrev': 'WBD', 'name': 'Western Bulldogs'}",1,"{'id': 14, 'abbrev': 'SYD', 'name': 'Sydney'}",0,Docklands Stadium,0.0,"{'id': 53, 'name': 'Perth Stadium', 'display_name': 'Optus Stadium', 'short_name': 'Optus', 'abbrev': 'OS'}","{'id': 7, 'name': 'Docklands Stadium', 'display_name': 'Marvel Stadium', 'short_name': 'Marvel', 'abbrev': 'MARV'}","{'id': 53, 'name': 'Perth Stadium', 'display_name': 'Optus Stadium', 'short_name': 'Optus', 'abbrev': 'OS'}",0.308198,,,,-8
0,763,1028291,Coen,Livingstone,WCE,652,21,0,119900,0,0,0,0,0,644,413,0,0,2025-08-03T10:13:47+10:00,0,0,0,0,0,0,0,0,0,0,0,0,0,0,0,0,0,0,0.0,22,0.0,0.0,MEL,0.0,1,"{'id': 1, 'abbrev': 'ADE', 'name': 'Adelaide'}",0,"{'id': 15, 'abbrev': 'WBD', 'name': 'Western Bulldogs'}",1,"{'id': 14, 'abbrev': 'SYD', 'name': 'Sydney'}",0,Docklands Stadium,0.0,"{'id': 53, 'name': 'Perth Stadium', 'display_name': 'Optus Stadium', 'short_name': 'Optus', 'abbrev': 'OS'}","{'id': 7, 'name': 'Docklands Stadium', 'display_name': 'Marvel Stadium', 'short_name': 'Marvel', 'abbrev': 'MARV'}","{'id': 53, 'name': 'Perth Stadium', 'display_name': 'Optus Stadium', 'short_name': 'Optus', 'abbrev': 'OS'}",0.452024,,,,-8
0,769,1020032,Loch,Rawlinson,WCE,652,21,0,119900,0,0,0,0,0,644,413,0,0,2025-08-03T10:13:47+10:00,0,0,0,0,0,0,0,0,0,0,0,0,0,0,0,0,0,0,0.0,12,0.0,0.0,MEL,0.0,1,"{'id': 1, 'abbrev': 'ADE', 'name': 'Adelaide'}",0,"{'id': 15, 'abbrev': 'WBD', 'name': 'Western Bulldogs'}",1,"{'id': 14, 'abbrev': 'SYD', 'name': 'Sydney'}",0,Docklands Stadium,0.0,"{'id': 53, 'name': 'Perth Stadium', 'display_name': 'Optus Stadium', 'short_name': 'Optus', 'abbrev': 'OS'}","{'id': 7, 'name': 'Docklands Stadium', 'display_name': 'Marvel Stadium', 'short_name': 'Marvel', 'abbrev': 'MARV'}","{'id': 53, 'name': 'Perth Stadium', 'display_name': 'Optus Stadium', 'short_name': 'Optus', 'abbrev': 'OS'}",0.246558,,,,-8
0,770,1027693,Archer,Reid,WCE,410,21,58,201700,582,1,13,-5700,81800,415,255,95,1170,2025-08-03T10:13:45+10:00,6,46,2,29,4,28,1,18,2,13,0,-3,8,67,1,5,1,10,39.0,221,44.7692,37.3333,MEL,45.0,1,"{'id': 1, 'abbrev': 'ADE', 'name': 'Adelaide'}",0,"{'id': 15, 'abbrev': 'WBD', 'name': 'Western Bulldogs'}",1,"{'id': 14, 'abbrev': 'SYD', 'name': 'Sydney'}",0,Docklands Stadium,45.5,"{'id': 53, 'name': 'Perth Stadium', 'display_name': 'Optus Stadium', 'short_name': 'Optus', 'abbrev': 'OS'}","{'id': 7, 'name': 'Docklands Stadium', 'display_name': 'Marvel Stadium', 'short_name': 'Marvel', 'abbrev': 'MARV'}","{'id': 53, 'name': 'Perth Stadium', 'display_name': 'Optus Stadium', 'short_name': 'Optus', 'abbrev': 'OS'}",4.54078,0.6105263157894737,0.49743589743589745,4505.329556927531,5
0,788,1021200,Lachlan,McAndrew,ADE,652,21,0,119900,0,0,0,0,0,644,413,0,0,2025-08-03T10:13:47+10:00,0,0,0,0,0,0,0,0,0,0,0,0,0,0,0,0,0,0,0.0,15,0.0,0.0,HAW,0.0,0,"{'id': 16, 'abbrev': 'WCE', 'name': 'West Coast'}",1,"{'id': 4, 'abbrev': 'COL', 'name': 'Collingwood'}",0,"{'id': 9, 'abbrev': 'NTH', 'name': 'North Melbourne'}",1,Adelaide Oval,0.0,"{'id': 53, 'name': 'Perth Stadium', 'display_name': 'Optus Stadium', 'short_name': 'Optus', 'abbrev': 'OS'}","{'id': 1, 'name': 'Adelaide Oval', 'display_name': 'Adelaide Oval', 'short_name': 'Adelaide', 'abbrev': 'AO'}","{'id': 7, 'name': 'Docklands Stadium', 'display_name': 'Marvel Stadium', 'short_name': 'Marvel', 'abbrev': 'MARV'}",0.308198,,,,-8
0,712,1029456,Cooper,Hynes,WBD,534,21,0,163200,221,0,8,0,45200,527,413,0,542,2025-08-03T10:13:46+10:00,0,21,0,29,0,13,0,9,0,2,0,-2,0,0,0,4,0,1,34.4,48,27.625,37.6667,GWS,6.0,0,"{'id': 10, 'abbrev': 'MEL', 'name': 'Melbourne'}",1,"{'id': 16, 'abbrev': 'WCE', 'name': 'West Coast'}",0,"{'id': 6, 'abbrev': 'FRE', 'name': 'Fremantle'}",0,Docklands Stadium,31.0,"{'id': 13, 'name': 'Melbourne Cricket Ground', 'display_name': 'MCG', 'short_name': 'MCG', 'abbrev': 'MCG'}","{'id': 7, 'name': 'Docklands Stadium', 'display_name': 'Marvel Stadium', 'short_name': 'Marvel', 'abbrev': 'MARV'}","{'id': 7, 'name': 'Docklands Stadium', 'display_name': 'Marvel Stadium', 'short_name': 'Marvel', 'abbrev': 'MARV'}",0.986234,,0.4077490774907749,5907.692307692308,-7
0,42,1022447,Tyler,Welsh,ADE,652,21,0,113500,0,0,0,0,0,644,413,0,0,2025-08-03T10:13:47+10:00,0,0,0,0,0,0,0,0,0,0,0,0,0,0,0,0,0,0,0.0,35,0.0,0.0,HAW,0.0,0,"{'id': 16, 'abbrev': 'WCE', 'name': 'West Coast'}",1,"{'id': 4, 'abbrev': 'COL', 'name': 'Collingwood'}",0,"{'id': 9, 'abbrev': 'NTH', 'name': 'North Melbourne'}",1,Adelaide Oval,0.0,"{'id': 53, 'name': 'Perth Stadium', 'display_name': 'Optus Stadium', 'short_name': 'Optus', 'abbrev': 'OS'}","{'id': 1, 'name': 'Adelaide Oval', 'display_name': 'Adelaide Oval', 'short_name': 'Adelaide', 'abbrev': 'AO'}","{'id': 7, 'name': 'Docklands Stadium', 'display_name': 'Marvel Stadium', 'short_name': 'Marvel', 'abbrev': 'MARV'}",0.719129,,,,-8
0,61,1034411,Ty,Gallop,BRL,639,21,0,113500,31,0,1,0,0,632,413,0,58,2025-08-03T10:13:46+10:00,0,2,0,4,0,2,0,4,0,0,0,0,0,2,0,0,0,0,31.0,9,31.0,31.0,COL,0.0,1,"{'id': 14, 'abbrev': 'SYD', 'name': 'Sydney'}",0,"{'id': 6, 'abbrev': 'FRE', 'name': 'Fremantle'}",1,"{'id': 8, 'abbrev': 'HAW', 'name': 'Hawthorn'}",0,Melbourne Cricket Ground,0.0,"{'id': 4, 'name': 'Brisbane Cricket Ground', 'display_name': 'Gabba', 'short_name': 'Gabba', 'abbrev': 'G'}","{'id': 53, 'name': 'Perth Stadium', 'display_name': 'Optus Stadium', 'short_name': 'Optus', 'abbrev': 'OS'}","{'id': 4, 'name': 'Brisbane Cricket Ground', 'display_name': 'Gabba', 'short_name': 'Gabba', 'abbrev': 'G'}",0.184919,,0.5344827586206896,3661.2903225806454,-7
0,68,1028520,Sam,Marshall,BRL,591,21,41,120800,102,1,4,10300,7300,614,336,88,180,2025-08-03T10:13:46+10:00,4,14,8,18,3,7,1,2,0,1,-1,-2,0,0,0,1,0,0,25.5,49,25.5,30.0,COL,26.5,1,"{'id': 14, 'abbrev': 'SYD', 'name': 'Sydney'}",0,"{'id': 6, 'abbrev': 'FRE', 'name': 'Fremantle'}",1,"{'id': 8, 'abbrev': 'HAW', 'name': 'Hawthorn'}",0,Melbourne Cricket Ground,41.0,"{'id': 4, 'name': 'Brisbane Cricket Ground', 'display_name': 'Gabba', 'short_name': 'Gabba', 'abbrev': 'G'}","{'id': 53, 'name': 'Perth Stadium', 'display_name': 'Optus Stadium', 'short_name': 'Optus', 'abbrev': 'OS'}","{'id': 4, 'name': 'Brisbane Cricket Ground', 'display_name': 'Gabba', 'short_name': 'Gabba', 'abbrev': 'G'}",1.00678,0.4659090909090909,0.5666666666666667,4737.254901960784,23
0,91,1027282,Ben,Camporeale,CAR,652,21,0,113500,0,0,0,0,0,644,413,0,0,2025-08-03T10:13:47+10:00,0,0,0,0,0,0,0,0,0,0,0,0,0,0,0,0,0,0,0.0,59,0.0,0.0,FRE,0.0,1,"{'id': 17, 'abbrev': 'GCS', 'name': 'Gold Coast'}",0,"{'id': 11, 'abbrev': 'PTA', 'name': 'Port Adelaide'}",0,"{'id': 5, 'abbrev': 'ESS', 'name': 'Essendon'}",1,Perth Stadium,0.0,"{'id': 7, 'name': 'Docklands Stadium', 'display_name': 'Marvel Stadium', 'short_name': 'Marvel', 'abbrev': 'MARV'}","{'id': 7, 'name': 'Docklands Stadium', 'display_name': 'Marvel Stadium', 'short_name': 'Marvel', 'abbrev': 'MARV'}","{'id': 13, 'name': 'Melbourne Cricket Ground', 'display_name': 'MCG', 'short_name': 'MCG', 'abbrev': 'MCG'}",1.21225,,,,-8
0,92,1022452,Lucas,Camporeale,CAR,586,21,0,113500,108,0,2,0,0,582,413,0,200,2025-08-03T10:13:46+10:00,0,14,0,15,0,5,0,5,0,2,0,-1,0,0,0,0,0,0,54.0,61,54.0,54.0,FRE,0.0,1,"{'id': 17, 'abbrev': 'GCS', 'name': 'Gold Coast'}",0,"{'id': 11, 'abbrev': 'PTA', 'name': 'Port Adelaide'}",0,"{'id': 5, 'abbrev': 'ESS', 'name': 'Essendon'}",1,Perth Stadium,0.0,"{'id': 7, 'name': 'Docklands Stadium', 'display_name': 'Marvel Stadium', 'short_name': 'Marvel', 'abbrev': 'MARV'}","{'id': 7, 'name': 'Docklands Stadium', 'display_name': 'Marvel Stadium', 'short_name': 'Marvel', 'abbrev': 'MARV'}","{'id': 13, 'name': 'Melbourne Cricket Ground', 'display_name': 'MCG', 'short_name': 'MCG', 'abbrev': 'MCG'}",1.25334,,0.54,2101.8518518518517,-4
0,119,1028526,Harry,O'Farrell,CAR,474,21,27,249100,335,1,6,15000,135600,477,379,49,578,2025-08-03T10:13:46+10:00,3,43,1,18,2,29,0,9,0,5,-1,-6,0,0,1,1,0,1,57.2,100,55.8333,58.3333,FRE,27.0,1,"{'id': 17, 'abbrev': 'GCS', 'name': 'Gold Coast'}",0,"{'id': 11, 'abbrev': 'PTA', 'name': 'Port Adelaide'}",0,"{'id': 5, 'abbrev': 'ESS', 'name': 'Essendon'}",1,Perth Stadium,27.0,"{'id': 7, 'name': 'Docklands Stadium', 'display_name': 'Marvel Stadium', 'short_name': 'Marvel', 'abbrev': 'MARV'}","{'id': 7, 'name': 'Docklands Stadium', 'display_name': 'Marvel Stadium', 'short_name': 'Marvel', 'abbrev': 'MARV'}","{'id': 13, 'name': 'Melbourne Cricket Ground', 'display_name': 'MCG', 'short_name': 'MCG', 'abbrev': 'MCG'}",2.05465,0.5510204081632653,0.5795847750865052,4461.4952008926575,3
0,132,1029000,Joel,Cochran,COL,652,21,0,113500,0,0,0,0,0,644,413,0,0,2025-08-03T10:13:47+10:00,0,0,0,0,0,0,0,0,0,0,0,0,0,0,0,0,0,0,0.0,45,0.0,0.0,BRL,0.0,0,"{'id': 8, 'abbrev': 'HAW', 'name': 'Hawthorn'}",1,"{'id': 1, 'abbrev': 'ADE', 'name': 'Adelaide'}",1,"{'id': 10, 'abbrev': 'MEL', 'name': 'Melbourne'}",0,Melbourne Cricket Ground,0.0,"{'id': 13, 'name': 'Melbourne Cricket Ground', 'display_name': 'MCG', 'short_name': 'MCG', 'abbrev': 'MCG'}","{'id': 1, 'name': 'Adelaide Oval', 'display_name': 'Adelaide Oval', 'short_name': 'Adelaide', 'abbrev': 'AO'}","{'id': 13, 'name': 'Melbourne Cricket Ground', 'display_name': 'MCG', 'short_name': 'MCG', 'abbrev': 'MCG'}",0.924594,,,,-8
0,143,1032922,William,Hayes,COL,599,21,0,113500,88,0,2,0,0,593,413,0,182,2025-08-03T10:13:46+10:00,0,13,0,3,0,6,0,6,0,3,0,-2,0,0,0,1,0,0,44.0,16,44.0,44.0,BRL,0.0,0,"{'id': 8, 'abbrev': 'HAW', 'name': 'Hawthorn'}",1,"{'id': 1, 'abbrev': 'ADE', 'name': 'Adelaide'}",1,"{'id': 10, 'abbrev': 'MEL', 'name': 'Melbourne'}",0,Melbourne Cricket Ground,44.0,"{'id': 13, 'name': 'Melbourne Cricket Ground', 'display_name': 'MCG', 'short_name': 'MCG', 'abbrev': 'MCG'}","{'id': 1, 'name': 'Adelaide Oval', 'display_name': 'Adelaide Oval', 'short_name': 'Adelaide', 'abbrev': 'AO'}","{'id': 13, 'name': 'Melbourne Cricket Ground', 'display_name': 'MCG', 'short_name': 'MCG', 'abbrev': 'MCG'}",0.328745,,0.4835164835164835,2579.5454545454545,-6
0,172,1027382,Charlie,West,COL,646,21,0,113500,27,0,1,0,0,639,413,0,79,2025-08-03T10:13:46+10:00,0,1,0,3,0,0,0,1,0,0,0,0,0,0,0,1,0,0,27.0,37,27.0,27.0,BRL,0.0,0,"{'id': 8, 'abbrev': 'HAW', 'name': 'Hawthorn'}",1,"{'id': 1, 'abbrev': 'ADE', 'name': 'Adelaide'}",1,"{'id': 10, 'abbrev': 'MEL', 'name': 'Melbourne'}",0,Melbourne Cricket Ground,0.0,"{'id': 13, 'name': 'Melbourne Cricket Ground', 'display_name': 'MCG', 'short_name': 'MCG', 'abbrev': 'MCG'}","{'id': 1, 'name': 'Adelaide Oval', 'display_name': 'Adelaide Oval', 'short_name': 'Adelaide', 'abbrev': 'AO'}","{'id': 13, 'name': 'Melbourne Cricket Ground', 'display_name': 'MCG', 'short_name': 'MCG', 'abbrev': 'MCG'}",0.760222,,0.34177215189873417,4203.7037037037035,-7
0,176,1027284,Angus,Clarke,ESS,419,21,39,229700,530,1,10,1600,116200,424,346,108,1047,2025-08-03T10:13:46+10:00,6,83,5,45,1,39,0,14,1,7,0,-7,0,0,1,5,0,5,44.8,132,53.0,47.0,SYD,39.0,1,"{'id': 7, 'abbrev': 'GEE', 'name': 'Geelong'}",1,"{'id': 13, 'abbrev': 'STK', 'name': 'St Kilda'}",0,"{'id': 3, 'abbrev': 'CAR', 'name': 'Carlton'}",0,Sydney Cricket Ground,39.0,"{'id': 10, 'name': 'Kardinia Park', 'display_name': 'GMHBA Stadium', 'short_name': 'GMHBA', 'abbrev': 'GMS'}","{'id': 7, 'name': 'Docklands Stadium', 'display_name': 'Marvel Stadium', 'short_name': 'Marvel', 'abbrev': 'MARV'}","{'id': 13, 'name': 'Melbourne Cricket Ground', 'display_name': 'MCG', 'short_name': 'MCG', 'abbrev': 'MCG'}",2.71214,0.3611111111111111,0.5062082139446036,4333.962264150943,5
0,184,1029159,Kayle,Gerreyn,ESS,652,21,0,113500,0,0,0,0,0,644,413,0,0,2025-08-03T10:13:47+10:00,0,0,0,0,0,0,0,0,0,0,0,0,0,0,0,0,0,0,0.0,14,0.0,0.0,SYD,0.0,1,"{'id': 7, 'abbrev': 'GEE', 'name': 'Geelong'}",1,"{'id': 13, 'abbrev': 'STK', 'name': 'St Kilda'}",0,"{'id': 3, 'abbrev': 'CAR', 'name': 'Carlton'}",0,Sydney Cricket Ground,0.0,"{'id': 10, 'name': 'Kardinia Park', 'display_name': 'GMHBA Stadium', 'short_name': 'GMHBA', 'abbrev': 'GMS'}","{'id': 7, 'name': 'Docklands Stadium', 'display_name': 'Marvel Stadium', 'short_name': 'Marvel', 'abbrev': 'MARV'}","{'id': 13, 'name': 'Melbourne Cricket Ground', 'display_name': 'MCG', 'short_name': 'MCG', 'abbrev': 'MCG'}",0.287652,,,,-8
0,190,1028519,Zak,Johnson,ESS,448,21,0,227700,431,0,8,0,114200,444,413,0,622,2025-08-03T10:13:46+10:00,0,63,0,45,0,28,0,12,0,7,0,-1,0,0,0,0,0,0,43.0,153,53.875,34.6667,SYD,0.0,1,"{'id': 7, 'abbrev': 'GEE', 'name': 'Geelong'}",1,"{'id': 13, 'abbrev': 'STK', 'name': 'St Kilda'}",0,"{'id': 3, 'abbrev': 'CAR', 'name': 'Carlton'}",0,Sydney Cricket Ground,0.0,"{'id': 10, 'name': 'Kardinia Park', 'display_name': 'GMHBA Stadium', 'short_name': 'GMHBA', 'abbrev': 'GMS'}","{'id': 7, 'name': 'Docklands Stadium', 'display_name': 'Marvel Stadium', 'short_name': 'Marvel', 'abbrev': 'MARV'}","{'id': 13, 'name': 'Melbourne Cricket Ground', 'display_name': 'MCG', 'short_name': 'MCG', 'abbrev': 'MCG'}",3.14362,,0.6929260450160771,4226.4501160092805,-4
0,212,1032023,Rhys,Unwin,ESS,652,21,0,113500,0,0,0,0,0,644,413,0,0,2025-08-03T10:13:47+10:00,0,0,0,0,0,0,0,0,0,0,0,0,0,0,0,0,0,0,0.0,20,0.0,0.0,SYD,0.0,1,"{'id': 7, 'abbrev': 'GEE', 'name': 'Geelong'}",1,"{'id': 13, 'abbrev': 'STK', 'name': 'St Kilda'}",0,"{'id': 3, 'abbrev': 'CAR', 'name': 'Carlton'}",0,Sydney Cricket Ground,0.0,"{'id': 10, 'name': 'Kardinia Park', 'display_name': 'GMHBA Stadium', 'short_name': 'GMHBA', 'abbrev': 'GMS'}","{'id': 7, 'name': 'Docklands Stadium', 'display_name': 'Marvel Stadium', 'short_name': 'Marvel', 'abbrev': 'MARV'}","{'id': 13, 'name': 'Melbourne Cricket Ground', 'display_name': 'MCG', 'short_name': 'MCG', 'abbrev': 'MCG'}",0.410931,,,,-8
0,221,1023047,Jaren,Carr,FRE,652,21,0,113500,0,0,0,0,0,644,413,0,0,2025-08-03T10:13:47+10:00,0,0,0,0,0,0,0,0,0,0,0,0,0,0,0,0,0,0,0.0,15,0.0,0.0,CAR,0.0,0,"{'id': 11, 'abbrev': 'PTA', 'name': 'Port Adelaide'}",1,"{'id': 2, 'abbrev': 'BRL', 'name': 'Brisbane'}",0,"{'id': 15, 'abbrev': 'WBD', 'name': 'Western Bulldogs'}",1,Perth Stadium,0.0,"{'id': 1, 'name': 'Adelaide Oval', 'display_name': 'Adelaide Oval', 'short_name': 'Adelaide', 'abbrev': 'AO'}","{'id': 53, 'name': 'Perth Stadium', 'display_name': 'Optus Stadium', 'short_name': 'Optus', 'abbrev': 'OS'}","{'id': 7, 'name': 'Docklands Stadium', 'display_name': 'Marvel Stadium', 'short_name': 'Marvel', 'abbrev': 'MARV'}",0.308198,,,,-8
0,238,1027155,Charlie,Nicholls,FRE,652,21,0,113500,0,0,0,0,0,644,413,0,0,2025-08-03T10:13:47+10:00,0,0,0,0,0,0,0,0,0,0,0,0,0,0,0,0,0,0,0.0,21,0.0,0.0,CAR,0.0,0,"{'id': 11, 'abbrev': 'PTA', 'name': 'Port Adelaide'}",1,"{'id': 2, 'abbrev': 'BRL', 'name': 'Brisbane'}",0,"{'id': 15, 'abbrev': 'WBD', 'name': 'Western Bulldogs'}",1,Perth Stadium,0.0,"{'id': 1, 'name': 'Adelaide Oval', 'display_name': 'Adelaide Oval', 'short_name': 'Adelaide', 'abbrev': 'AO'}","{'id': 53, 'name': 'Perth Stadium', 'display_name': 'Optus Stadium', 'short_name': 'Optus', 'abbrev': 'OS'}","{'id': 7, 'name': 'Docklands Stadium', 'display_name': 'Marvel Stadium', 'short_name': 'Marvel', 'abbrev': 'MARV'}",0.431477,,,,-8
0,262,1029065,Cooper,Bell,GCS,652,21,0,113500,0,0,0,0,0,644,413,0,0,2025-08-03T10:13:47+10:00,0,0,0,0,0,0,0,0,0,0,0,0,0,0,0,0,0,0,0.0,22,0.0,0.0,RIC,0.0,0,"{'id': 3, 'abbrev': 'CAR', 'name': 'Carlton'}",1,"{'id': 18, 'abbrev': 'GWS', 'name': 'GWS Giants'}",0,"{'id': 11, 'abbrev': 'PTA', 'name': 'Port Adelaide'}",1,Carrara Stadium,0.0,"{'id': 7, 'name': 'Docklands Stadium', 'display_name': 'Marvel Stadium', 'short_name': 'Marvel', 'abbrev': 'MARV'}","{'id': 5, 'name': 'Carrara Stadium', 'display_name': 'People First Stadium', 'short_name': 'People First', 'abbrev': 'PFS'}","{'id': 1, 'name': 'Adelaide Oval', 'display_name': 'Adelaide Oval', 'short_name': 'Adelaide', 'abbrev': 'AO'}",0.452024,,,,-8
0,321,1032114,Lennox,Hoffman,GEE,652,21,0,113500,0,0,0,0,0,644,413,0,0,2025-08-03T10:13:47+10:00,0,0,0,0,0,0,0,0,0,0,0,0,0,0,0,0,0,0,0.0,25,0.0,0.0,PTA,0.0,0,"{'id': 5, 'abbrev': 'ESS', 'name': 'Essendon'}",0,"{'id': 14, 'abbrev': 'SYD', 'name': 'Sydney'}",1,"{'id': 12, 'abbrev': 'RIC', 'name': 'Richmond'}",1,Kardinia Park,0.0,"{'id': 10, 'name': 'Kardinia Park', 'display_name': 'GMHBA Stadium', 'short_name': 'GMHBA', 'abbrev': 'GMS'}","{'id': 16, 'name': 'Sydney Cricket Ground', 'display_name': 'SCG', 'short_name': 'SCG', 'abbrev': 'SCG'}","{'id': 13, 'name': 'Melbourne Cricket Ground', 'display_name': 'MCG', 'short_name': 'MCG', 'abbrev': 'MCG'}",0.513663,,,,-8
0,329,1032141,Keighton,Matofai-Forbes,GEE,652,21,0,113500,0,0,0,0,0,644,413,0,0,2025-08-03T10:13:47+10:00,0,0,0,0,0,0,0,0,0,0,0,0,0,0,0,0,0,0,0.0,33,0.0,0.0,PTA,0.0,0,"{'id': 5, 'abbrev': 'ESS', 'name': 'Essendon'}",0,"{'id': 14, 'abbrev': 'SYD', 'name': 'Sydney'}",1,"{'id': 12, 'abbrev': 'RIC', 'name': 'Richmond'}",1,Kardinia Park,0.0,"{'id': 10, 'name': 'Kardinia Park', 'display_name': 'GMHBA Stadium', 'short_name': 'GMHBA', 'abbrev': 'GMS'}","{'id': 16, 'name': 'Sydney Cricket Ground', 'display_name': 'SCG', 'short_name': 'SCG', 'abbrev': 'SCG'}","{'id': 13, 'name': 'Melbourne Cricket Ground', 'display_name': 'MCG', 'short_name': 'MCG', 'abbrev': 'MCG'}",0.678036,,,,-8
0,331,1027006,Jacob,Molier,GEE,652,21,0,113500,0,0,0,0,0,644,413,0,0,2025-08-03T10:13:47+10:00,0,0,0,0,0,0,0,0,0,0,0,0,0,0,0,0,0,0,0.0,14,0.0,0.0,PTA,0.0,0,"{'id': 5, 'abbrev': 'ESS', 'name': 'Essendon'}",0,"{'id': 14, 'abbrev': 'SYD', 'name': 'Sydney'}",1,"{'id': 12, 'abbrev': 'RIC', 'name': 'Richmond'}",1,Kardinia Park,0.0,"{'id': 10, 'name': 'Kardinia Park', 'display_name': 'GMHBA Stadium', 'short_name': 'GMHBA', 'abbrev': 'GMS'}","{'id': 16, 'name': 'Sydney Cricket Ground', 'display_name': 'SCG', 'short_name': 'SCG', 'abbrev': 'SCG'}","{'id': 13, 'name': 'Melbourne Cricket Ground', 'display_name': 'MCG', 'short_name': 'MCG', 'abbrev': 'MCG'}",0.287652,,,,-8
0,337,1027428,Jay,Polkinghorne,GEE,652,21,0,113500,0,0,0,0,0,644,413,0,0,2025-08-03T10:13:47+10:00,0,0,0,0,0,0,0,0,0,0,0,0,0,0,0,0,0,0,0.0,18,0.0,0.0,PTA,0.0,0,"{'id': 5, 'abbrev': 'ESS', 'name': 'Essendon'}",0,"{'id': 14, 'abbrev': 'SYD', 'name': 'Sydney'}",1,"{'id': 12, 'abbrev': 'RIC', 'name': 'Richmond'}",1,Kardinia Park,0.0,"{'id': 10, 'name': 'Kardinia Park', 'display_name': 'GMHBA Stadium', 'short_name': 'GMHBA', 'abbrev': 'GMS'}","{'id': 16, 'name': 'Sydney Cricket Ground', 'display_name': 'SCG', 'short_name': 'SCG', 'abbrev': 'SCG'}","{'id': 13, 'name': 'Melbourne Cricket Ground', 'display_name': 'MCG', 'short_name': 'MCG', 'abbrev': 'MCG'}",0.369838,,,,-8
0,346,1032619,Cody,Angove,GWS,566,21,0,149700,148,0,4,0,36200,559,413,0,380,2025-08-03T10:13:46+10:00,0,20,0,24,0,7,0,8,0,3,0,-1,0,0,0,1,0,1,37.0,31,37.0,40.0,WBD,0.0,1,"{'id': 9, 'abbrev': 'NTH', 'name': 'North Melbourne'}",0,"{'id': 17, 'abbrev': 'GCS', 'name': 'Gold Coast'}",1,"{'id': 13, 'abbrev': 'STK', 'name': 'St Kilda'}",0,Docklands Stadium,47.0,"{'id': 11, 'name': 'Manuka Oval', 'display_name': 'Manuka Oval', 'short_name': 'Manuka', 'abbrev': 'MO'}","{'id': 5, 'name': 'Carrara Stadium', 'display_name': 'People First Stadium', 'short_name': 'People First', 'abbrev': 'PFS'}","{'id': 17, 'name': 'ENGIE Stadium', 'display_name': 'ENGIE Stadium', 'short_name': 'ENGIE', 'abbrev': 'ENS'}",0.636943,,0.3894736842105263,4045.945945945946,-7
0,377,1028539,Jack,Ough,GWS,652,21,0,113500,0,0,0,0,0,644,413,0,0,2025-08-03T10:13:47+10:00,0,0,0,0,0,0,0,0,0,0,0,0,0,0,0,0,0,0,0.0,19,0.0,0.0,WBD,0.0,1,"{'id': 9, 'abbrev': 'NTH', 'name': 'North Melbourne'}",0,"{'id': 17, 'abbrev': 'GCS', 'name': 'Gold Coast'}",1,"{'id': 13, 'abbrev': 'STK', 'name': 'St Kilda'}",0,Docklands Stadium,0.0,"{'id': 11, 'name': 'Manuka Oval', 'display_name': 'Manuka Oval', 'short_name': 'Manuka', 'abbrev': 'MO'}","{'id': 5, 'name': 'Carrara Stadium', 'display_name': 'People First Stadium', 'short_name': 'People First', 'abbrev': 'PFS'}","{'id': 17, 'name': 'ENGIE Stadium', 'display_name': 'ENGIE Stadium', 'short_name': 'ENGIE', 'abbrev': 'ENS'}",0.390384,,,,-8
0,380,1032161,Logan,Smith,GWS,652,21,0,113500,0,0,0,0,0,644,413,0,0,2025-08-03T10:13:47+10:00,0,0,0,0,0,0,0,0,0,0,0,0,0,0,0,0,0,0,0.0,10,0.0,0.0,WBD,0.0,1,"{'id': 9, 'abbrev': 'NTH', 'name': 'North Melbourne'}",0,"{'id': 17, 'abbrev': 'GCS', 'name': 'Gold Coast'}",1,"{'id': 13, 'abbrev': 'STK', 'name': 'St Kilda'}",0,Docklands Stadium,0.0,"{'id': 11, 'name': 'Manuka Oval', 'display_name': 'Manuka Oval', 'short_name': 'Manuka', 'abbrev': 'MO'}","{'id': 5, 'name': 'Carrara Stadium', 'display_name': 'People First Stadium', 'short_name': 'People First', 'abbrev': 'PFS'}","{'id': 17, 'name': 'ENGIE Stadium', 'display_name': 'ENGIE Stadium', 'short_name': 'ENGIE', 'abbrev': 'ENS'}",0.205465,,,,-8
0,390,1028566,Cody,Anderson,HAW,652,21,0,113500,0,0,0,0,0,644,413,0,0,2025-08-03T10:13:47+10:00,0,0,0,0,0,0,0,0,0,0,0,0,0,0,0,0,0,0,0.0,18,0.0,0.0,ADE,0.0,1,"{'id': 4, 'abbrev': 'COL', 'name': 'Collingwood'}",0,"{'id': 10, 'abbrev': 'MEL', 'name': 'Melbourne'}",0,"{'id': 2, 'abbrev': 'BRL', 'name': 'Brisbane'}",1,Adelaide Oval,0.0,"{'id': 13, 'name': 'Melbourne Cricket Ground', 'display_name': 'MCG', 'short_name': 'MCG', 'abbrev': 'MCG'}","{'id': 13, 'name': 'Melbourne Cricket Ground', 'display_name': 'MCG', 'short_name': 'MCG', 'abbrev': 'MCG'}","{'id': 4, 'name': 'Brisbane Cricket Ground', 'display_name': 'Gabba', 'short_name': 'Gabba', 'abbrev': 'G'}",0.369838,,,,-8
0,418,1028643,Noah,Mraz,HAW,652,21,0,113500,0,0,0,0,0,644,413,0,0,2025-08-03T10:13:47+10:00,0,0,0,0,0,0,0,0,0,0,0,0,0,0,0,0,0,0,0.0,23,0.0,0.0,ADE,0.0,1,"{'id': 4, 'abbrev': 'COL', 'name': 'Collingwood'}",0,"{'id': 10, 'abbrev': 'MEL', 'name': 'Melbourne'}",0,"{'id': 2, 'abbrev': 'BRL', 'name': 'Brisbane'}",1,Adelaide Oval,0.0,"{'id': 13, 'name': 'Melbourne Cricket Ground', 'display_name': 'MCG', 'short_name': 'MCG', 'abbrev': 'MCG'}","{'id': 13, 'name': 'Melbourne Cricket Ground', 'display_name': 'MCG', 'short_name': 'MCG', 'abbrev': 'MCG'}","{'id': 4, 'name': 'Brisbane Cricket Ground', 'display_name': 'Gabba', 'short_name': 'Gabba', 'abbrev': 'G'}",0.47257,,,,-8
0,445,1024173,Aidan,Johnson,MEL,546,21,0,152300,188,0,5,0,38800,538,413,0,401,2025-08-03T10:13:46+10:00,0,15,0,12,0,5,0,15,0,0,0,-10,0,19,0,3,0,3,37.6,12,37.6,32.3333,WCE,0.0,0,"{'id': 15, 'abbrev': 'WBD', 'name': 'Western Bulldogs'}",0,"{'id': 8, 'abbrev': 'HAW', 'name': 'Hawthorn'}",1,"{'id': 4, 'abbrev': 'COL', 'name': 'Collingwood'}",1,Docklands Stadium,0.0,"{'id': 13, 'name': 'Melbourne Cricket Ground', 'display_name': 'MCG', 'short_name': 'MCG', 'abbrev': 'MCG'}","{'id': 13, 'name': 'Melbourne Cricket Ground', 'display_name': 'MCG', 'short_name': 'MCG', 'abbrev': 'MCG'}","{'id': 13, 'name': 'Melbourne Cricket Ground', 'display_name': 'MCG', 'short_name': 'MCG', 'abbrev': 'MCG'}",0.246558,,0.4688279301745636,4050.531914893617,-8
0,512,1031989,River,Stevens,NTH,652,21,0,113500,0,0,0,0,0,644,413,0,0,2025-08-03T10:13:47+10:00,0,0,0,0,0,0,0,0,0,0,0,0,0,0,0,0,0,0,0.0,21,0.0,0.0,STK,0.0,1,"{'id': 18, 'abbrev': 'GWS', 'name': 'GWS Giants'}",1,"{'id': 12, 'abbrev': 'RIC', 'name': 'Richmond'}",0,"{'id': 1, 'abbrev': 'ADE', 'name': 'Adelaide'}",0,Docklands Stadium,0.0,"{'id': 11, 'name': 'Manuka Oval', 'display_name': 'Manuka Oval', 'short_name': 'Manuka', 'abbrev': 'MO'}","{'id': 226, 'name': 'Ninja Stadium', 'display_name': 'Ninja Stadium', 'short_name': 'Ninja', 'abbrev': 'NIN'}","{'id': 7, 'name': 'Docklands Stadium', 'display_name': 'Marvel Stadium', 'short_name': 'Marvel', 'abbrev': 'MARV'}",0.431477,,,,-8
0,515,1029281,Luke,Urquhart,NTH,652,21,0,113500,0,0,0,0,0,644,413,0,0,2025-08-03T10:13:47+10:00,0,0,0,0,0,0,0,0,0,0,0,0,0,0,0,0,0,0,0.0,17,0.0,0.0,STK,0.0,1,"{'id': 18, 'abbrev': 'GWS', 'name': 'GWS Giants'}",1,"{'id': 12, 'abbrev': 'RIC', 'name': 'Richmond'}",0,"{'id': 1, 'abbrev': 'ADE', 'name': 'Adelaide'}",0,Docklands Stadium,0.0,"{'id': 11, 'name': 'Manuka Oval', 'display_name': 'Manuka Oval', 'short_name': 'Manuka', 'abbrev': 'MO'}","{'id': 226, 'name': 'Ninja Stadium', 'display_name': 'Ninja Stadium', 'short_name': 'Ninja', 'abbrev': 'NIN'}","{'id': 7, 'name': 'Docklands Stadium', 'display_name': 'Marvel Stadium', 'short_name': 'Marvel', 'abbrev': 'MARV'}",0.349291,,,,-8
0,517,1028547,Matt,Whitlock,NTH,643,21,0,113500,29,0,1,0,0,636,413,0,70,2025-08-03T10:13:46+10:00,0,6,0,4,0,3,0,1,0,0,0,-1,0,0,0,0,0,0,29.0,26,29.0,29.0,STK,0.0,1,"{'id': 18, 'abbrev': 'GWS', 'name': 'GWS Giants'}",1,"{'id': 12, 'abbrev': 'RIC', 'name': 'Richmond'}",0,"{'id': 1, 'abbrev': 'ADE', 'name': 'Adelaide'}",0,Docklands Stadium,29.0,"{'id': 11, 'name': 'Manuka Oval', 'display_name': 'Manuka Oval', 'short_name': 'Manuka', 'abbrev': 'MO'}","{'id': 226, 'name': 'Ninja Stadium', 'display_name': 'Ninja Stadium', 'short_name': 'Ninja', 'abbrev': 'NIN'}","{'id': 7, 'name': 'Docklands Stadium', 'display_name': 'Marvel Stadium', 'short_name': 'Marvel', 'abbrev': 'MARV'}",0.53421,,0.4142857142857143,3913.793103448276,-7
0,547,1028563,Christian,Moraes,PTA,422,21,0,218000,523,0,11,0,104500,416,413,0,915,2025-08-03T10:13:46+10:00,0,62,0,77,0,35,0,22,0,6,0,-2,0,0,0,1,0,1,41.4,79,47.5455,38.3333,GEE,68.0,1,"{'id': 6, 'abbrev': 'FRE', 'name': 'Fremantle'}",0,"{'id': 3, 'abbrev': 'CAR', 'name': 'Carlton'}",1,"{'id': 17, 'abbrev': 'GCS', 'name': 'Gold Coast'}",0,Kardinia Park,0.0,"{'id': 1, 'name': 'Adelaide Oval', 'display_name': 'Adelaide Oval', 'short_name': 'Adelaide', 'abbrev': 'AO'}","{'id': 7, 'name': 'Docklands Stadium', 'display_name': 'Marvel Stadium', 'short_name': 'Marvel', 'abbrev': 'MARV'}","{'id': 1, 'name': 'Adelaide Oval', 'display_name': 'Adelaide Oval', 'short_name': 'Adelaide', 'abbrev': 'AO'}",1.62318,,0.571584699453552,4585.081658621742,-6
0,559,1032053,Jack,Whitlock,PTA,648,21,14,113500,14,1,1,0,0,644,402,98,98,2025-08-03T10:13:46+10:00,3,3,0,0,2,2,4,4,0,0,-1,-1,3,3,0,0,0,0,14.0,18,14.0,14.0,GEE,14.0,1,"{'id': 6, 'abbrev': 'FRE', 'name': 'Fremantle'}",0,"{'id': 3, 'abbrev': 'CAR', 'name': 'Carlton'}",1,"{'id': 17, 'abbrev': 'GCS', 'name': 'Gold Coast'}",0,Kardinia Park,14.0,"{'id': 1, 'name': 'Adelaide Oval', 'display_name': 'Adelaide Oval', 'short_name': 'Adelaide', 'abbrev': 'AO'}","{'id': 7, 'name': 'Docklands Stadium', 'display_name': 'Marvel Stadium', 'short_name': 'Marvel', 'abbrev': 'MARV'}","{'id': 1, 'name': 'Adelaide Oval', 'display_name': 'Adelaide Oval', 'short_name': 'Adelaide', 'abbrev': 'AO'}",0.369838,0.14285714285714285,0.14285714285714285,8107.142857142857,-4
0,563,1028537,Jasper,Alger,RIC,596,21,0,125300,93,0,4,0,11800,589,413,0,235,2025-08-03T10:13:46+10:00,0,11,0,9,0,5,0,3,0,2,0,-1,0,0,0,2,0,1,23.25,9,23.25,27.0,GCS,0.0,1,"{'id': 13, 'abbrev': 'STK', 'name': 'St Kilda'}",0,"{'id': 9, 'abbrev': 'NTH', 'name': 'North Melbourne'}",1,"{'id': 7, 'abbrev': 'GEE', 'name': 'Geelong'}",0,Carrara Stadium,0.0,"{'id': 13, 'name': 'Melbourne Cricket Ground', 'display_name': 'MCG', 'short_name': 'MCG', 'abbrev': 'MCG'}","{'id': 226, 'name': 'Ninja Stadium', 'display_name': 'Ninja Stadium', 'short_name': 'Ninja', 'abbrev': 'NIN'}","{'id': 13, 'name': 'Melbourne Cricket Ground', 'display_name': 'MCG', 'short_name': 'MCG', 'abbrev': 'MCG'}",0.184919,,0.39574468085106385,5389.247311827957,-7
0,564,1028525,Harry,Armstrong,RIC,563,21,30,121100,152,1,5,-4800,7600,573,374,79,426,2025-08-03T10:13:46+10:00,2,18,2,16,2,14,0,3,1,2,0,-1,0,0,1,5,1,4,30.4,29,30.4,21.6667,GCS,30.0,1,"{'id': 13, 'abbrev': 'STK', 'name': 'St Kilda'}",0,"{'id': 9, 'abbrev': 'NTH', 'name': 'North Melbourne'}",1,"{'id': 7, 'abbrev': 'GEE', 'name': 'Geelong'}",0,Carrara Stadium,30.0,"{'id': 13, 'name': 'Melbourne Cricket Ground', 'display_name': 'MCG', 'short_name': 'MCG', 'abbrev': 'MCG'}","{'id': 226, 'name': 'Ninja Stadium', 'display_name': 'Ninja Stadium', 'short_name': 'Ninja', 'abbrev': 'NIN'}","{'id': 13, 'name': 'Melbourne Cricket Ground', 'display_name': 'MCG', 'short_name': 'MCG', 'abbrev': 'MCG'}",0.59585,0.379746835443038,0.3568075117370892,3983.5526315789475,10
0,598,1018996,Thomas,Sims,RIC,449,21,23,177700,430,1,11,10200,64200,451,388,83,973,2025-08-03T10:13:46+10:00,3,42,0,33,3,24,2,22,0,13,-1,-6,2,37,0,4,0,4,33.2,162,39.0909,41.3333,GCS,23.0,1,"{'id': 13, 'abbrev': 'STK', 'name': 'St Kilda'}",0,"{'id': 9, 'abbrev': 'NTH', 'name': 'North Melbourne'}",1,"{'id': 7, 'abbrev': 'GEE', 'name': 'Geelong'}",0,Carrara Stadium,23.0,"{'id': 13, 'name': 'Melbourne Cricket Ground', 'display_name': 'MCG', 'short_name': 'MCG', 'abbrev': 'MCG'}","{'id': 226, 'name': 'Ninja Stadium', 'display_name': 'Ninja Stadium', 'short_name': 'Ninja', 'abbrev': 'NIN'}","{'id': 13, 'name': 'Melbourne Cricket Ground', 'display_name': 'MCG', 'short_name': 'MCG', 'abbrev': 'MCG'}",3.32854,0.27710843373493976,0.4419321685508736,4545.815010654654,2
0,603,1028521,Luke,Trainor,RIC,276,21,47,259400,1073,1,20,-13300,145900,270,314,107,1851,2025-08-03T10:13:46+10:00,10,189,4,94,1,80,3,35,2,20,-2,-17,0,0,0,1,0,7,52.4,196,53.65,44.6667,GCS,24.5,1,"{'id': 13, 'abbrev': 'STK', 'name': 'St Kilda'}",0,"{'id': 9, 'abbrev': 'NTH', 'name': 'North Melbourne'}",1,"{'id': 7, 'abbrev': 'GEE', 'name': 'Geelong'}",0,Carrara Stadium,47.0,"{'id': 13, 'name': 'Melbourne Cricket Ground', 'display_name': 'MCG', 'short_name': 'MCG', 'abbrev': 'MCG'}","{'id': 226, 'name': 'Ninja Stadium', 'display_name': 'Ninja Stadium', 'short_name': 'Ninja', 'abbrev': 'NIN'}","{'id': 13, 'name': 'Melbourne Cricket Ground', 'display_name': 'MCG', 'short_name': 'MCG', 'abbrev': 'MCG'}",4.02712,0.4392523364485981,0.5796866558616964,4835.041938490214,-6
0,608,1028545,James,Barrat,STK,652,21,0,113500,0,0,0,0,0,644,413,0,0,2025-08-03T10:13:47+10:00,0,0,0,0,0,0,0,0,0,0,0,0,0,0,0,0,0,0,0.0,28,0.0,0.0,NTH,0.0,0,"{'id': 12, 'abbrev': 'RIC', 'name': 'Richmond'}",1,"{'id': 5, 'abbrev': 'ESS', 'name': 'Essendon'}",1,"{'id': 18, 'abbrev': 'GWS', 'name': 'GWS Giants'}",1,Docklands Stadium,0.0,"{'id': 13, 'name': 'Melbourne Cricket Ground', 'display_name': 'MCG', 'short_name': 'MCG', 'abbrev': 'MCG'}","{'id': 7, 'name': 'Docklands Stadium', 'display_name': 'Marvel Stadium', 'short_name': 'Marvel', 'abbrev': 'MARV'}","{'id': 17, 'name': 'ENGIE Stadium', 'display_name': 'ENGIE Stadium', 'short_name': 'ENGIE', 'abbrev': 'ENS'}",0.575303,,,,-8
0,609,1029148,Hugh,Boxshall,STK,451,21,88,235200,421,1,8,36200,121700,469,122,98,549,2025-08-03T10:13:45+10:00,5,42,7,52,2,17,8,31,0,6,-3,-9,0,0,1,2,1,1,56.2,81,52.625,67.3333,NTH,88.0,0,"{'id': 12, 'abbrev': 'RIC', 'name': 'Richmond'}",1,"{'id': 5, 'abbrev': 'ESS', 'name': 'Essendon'}",1,"{'id': 18, 'abbrev': 'GWS', 'name': 'GWS Giants'}",1,Docklands Stadium,56.6,"{'id': 13, 'name': 'Melbourne Cricket Ground', 'display_name': 'MCG', 'short_name': 'MCG', 'abbrev': 'MCG'}","{'id': 7, 'name': 'Docklands Stadium', 'display_name': 'Marvel Stadium', 'short_name': 'Marvel', 'abbrev': 'MARV'}","{'id': 17, 'name': 'ENGIE Stadium', 'display_name': 'ENGIE Stadium', 'short_name': 'ENGIE', 'abbrev': 'ENS'}",1.66427,0.8979591836734694,0.7668488160291439,4469.358669833729,18
0,617,1027011,Alex,Dodson,STK,652,21,0,113500,0,0,0,0,0,644,413,0,0,2025-08-03T10:13:47+10:00,0,0,0,0,0,0,0,0,0,0,0,0,0,0,0,0,0,0,0.0,43,0.0,0.0,NTH,0.0,0,"{'id': 12, 'abbrev': 'RIC', 'name': 'Richmond'}",1,"{'id': 5, 'abbrev': 'ESS', 'name': 'Essendon'}",1,"{'id': 18, 'abbrev': 'GWS', 'name': 'GWS Giants'}",1,Docklands Stadium,0.0,"{'id': 13, 'name': 'Melbourne Cricket Ground', 'display_name': 'MCG', 'short_name': 'MCG', 'abbrev': 'MCG'}","{'id': 7, 'name': 'Docklands Stadium', 'display_name': 'Marvel Stadium', 'short_name': 'Marvel', 'abbrev': 'MARV'}","{'id': 17, 'name': 'ENGIE Stadium', 'display_name': 'ENGIE Stadium', 'short_name': 'ENGIE', 'abbrev': 'ENS'}",0.883501,,,,-8
0,636,1028514,Patrick,Said,STK,652,21,0,113500,0,0,0,0,0,644,413,0,0,2025-08-03T10:13:47+10:00,0,0,0,0,0,0,0,0,0,0,0,0,0,0,0,0,0,0,0.0,33,0.0,0.0,NTH,0.0,0,"{'id': 12, 'abbrev': 'RIC', 'name': 'Richmond'}",1,"{'id': 5, 'abbrev': 'ESS', 'name': 'Essendon'}",1,"{'id': 18, 'abbrev': 'GWS', 'name': 'GWS Giants'}",1,Docklands Stadium,0.0,"{'id': 13, 'name': 'Melbourne Cricket Ground', 'display_name': 'MCG', 'short_name': 'MCG', 'abbrev': 'MCG'}","{'id': 7, 'name': 'Docklands Stadium', 'display_name': 'Marvel Stadium', 'short_name': 'Marvel', 'abbrev': 'MARV'}","{'id': 17, 'name': 'ENGIE Stadium', 'display_name': 'ENGIE Stadium', 'short_name': 'ENGIE', 'abbrev': 'ENS'}",0.678036,,,,-8
0,652,1027659,Riak,Andrew,SYD,652,21,0,113500,0,0,0,0,0,644,413,0,0,2025-08-03T10:13:47+10:00,0,0,0,0,0,0,0,0,0,0,0,0,0,0,0,0,0,0,0.0,25,0.0,0.0,ESS,0.0,0,"{'id': 2, 'abbrev': 'BRL', 'name': 'Brisbane'}",1,"{'id': 7, 'abbrev': 'GEE', 'name': 'Geelong'}",0,"{'id': 16, 'abbrev': 'WCE', 'name': 'West Coast'}",1,Sydney Cricket Ground,0.0,"{'id': 4, 'name': 'Brisbane Cricket Ground', 'display_name': 'Gabba', 'short_name': 'Gabba', 'abbrev': 'G'}","{'id': 16, 'name': 'Sydney Cricket Ground', 'display_name': 'SCG', 'short_name': 'SCG', 'abbrev': 'SCG'}","{'id': 53, 'name': 'Perth Stadium', 'display_name': 'Optus Stadium', 'short_name': 'Optus', 'abbrev': 'OS'}",0.513663,,,,-8
0,653,1008224,Riley,Bice,SYD,303,21,0,224700,959,0,15,0,111200,287,413,0,1297,2025-08-03T10:13:46+10:00,0,137,0,73,0,71,0,28,0,6,0,-7,0,0,0,1,0,1,35.0,477,63.9333,22.6667,ESS,71.0,0,"{'id': 2, 'abbrev': 'BRL', 'name': 'Brisbane'}",1,"{'id': 7, 'abbrev': 'GEE', 'name': 'Geelong'}",0,"{'id': 16, 'abbrev': 'WCE', 'name': 'West Coast'}",1,Sydney Cricket Ground,46.0,"{'id': 4, 'name': 'Brisbane Cricket Ground', 'display_name': 'Gabba', 'short_name': 'Gabba', 'abbrev': 'G'}","{'id': 16, 'name': 'Sydney Cricket Ground', 'display_name': 'SCG', 'short_name': 'SCG', 'abbrev': 'SCG'}","{'id': 53, 'name': 'Perth Stadium', 'display_name': 'Optus Stadium', 'short_name': 'Optus', 'abbrev': 'OS'}",9.8007,,0.7393986121819583,3514.6003725757937,-16
0,655,1027406,Ned,Bowman,SYD,652,21,0,113500,0,0,0,0,0,644,413,0,0,2025-08-03T10:13:47+10:00,0,0,0,0,0,0,0,0,0,0,0,0,0,0,0,0,0,0,0.0,15,0.0,0.0,ESS,0.0,0,"{'id': 2, 'abbrev': 'BRL', 'name': 'Brisbane'}",1,"{'id': 7, 'abbrev': 'GEE', 'name': 'Geelong'}",0,"{'id': 16, 'abbrev': 'WCE', 'name': 'West Coast'}",1,Sydney Cricket Ground,0.0,"{'id': 4, 'name': 'Brisbane Cricket Ground', 'display_name': 'Gabba', 'short_name': 'Gabba', 'abbrev': 'G'}","{'id': 16, 'name': 'Sydney Cricket Ground', 'display_name': 'SCG', 'short_name': 'SCG', 'abbrev': 'SCG'}","{'id': 53, 'name': 'Perth Stadium', 'display_name': 'Optus Stadium', 'short_name': 'Optus', 'abbrev': 'OS'}",0.308198,,,,-8
0,660,1029589,Jesse,Dattoli,SYD,624,21,49,113500,49,1,1,0,0,644,302,86,86,2025-08-03T10:13:46+10:00,5,5,8,8,5,5,1,1,0,0,0,0,0,0,0,0,2,2,49.0,59,49.0,49.0,ESS,49.0,0,"{'id': 2, 'abbrev': 'BRL', 'name': 'Brisbane'}",1,"{'id': 7, 'abbrev': 'GEE', 'name': 'Geelong'}",0,"{'id': 16, 'abbrev': 'WCE', 'name': 'West Coast'}",1,Sydney Cricket Ground,49.0,"{'id': 4, 'name': 'Brisbane Cricket Ground', 'display_name': 'Gabba', 'short_name': 'Gabba', 'abbrev': 'G'}","{'id': 16, 'name': 'Sydney Cricket Ground', 'display_name': 'SCG', 'short_name': 'SCG', 'abbrev': 'SCG'}","{'id': 53, 'name': 'Perth Stadium', 'display_name': 'Optus Stadium', 'short_name': 'Optus', 'abbrev': 'OS'}",1.21225,0.5697674418604651,0.5697674418604651,2316.326530612245,20
0,703,1036123,Sam,Davidson,WBD,281,21,0,296000,1053,0,17,0,182500,262,413,0,1688,2025-08-03T10:13:46+10:00,0,162,0,106,0,72,0,46,0,4,0,-17,0,0,0,10,0,7,60.0,675,61.9412,41.6667,GWS,51.0,0,"{'id': 10, 'abbrev': 'MEL', 'name': 'Melbourne'}",1,"{'id': 16, 'abbrev': 'WCE', 'name': 'West Coast'}",0,"{'id': 6, 'abbrev': 'FRE', 'name': 'Fremantle'}",0,Docklands Stadium,70.625,"{'id': 13, 'name': 'Melbourne Cricket Ground', 'display_name': 'MCG', 'short_name': 'MCG', 'abbrev': 'MCG'}","{'id': 7, 'name': 'Docklands Stadium', 'display_name': 'Marvel Stadium', 'short_name': 'Marvel', 'abbrev': 'MARV'}","{'id': 7, 'name': 'Docklands Stadium', 'display_name': 'Marvel Stadium', 'short_name': 'Marvel', 'abbrev': 'MARV'}",13.8689,,0.6238151658767772,4778.72563011372,-19
0,704,1034235,Josh,Dolan,WBD,491,21,0,143000,303,0,11,0,29500,481,413,0,871,2025-08-03T10:13:46+10:00,0,35,0,51,0,15,0,13,0,1,0,-4,0,0,0,1,0,3,24.2,21,27.5455,35.0,GWS,4.0,0,"{'id': 10, 'abbrev': 'MEL', 'name': 'Melbourne'}",1,"{'id': 16, 'abbrev': 'WCE', 'name': 'West Coast'}",0,"{'id': 6, 'abbrev': 'FRE', 'name': 'Fremantle'}",0,Docklands Stadium,30.2857,"{'id': 13, 'name': 'Melbourne Cricket Ground', 'display_name': 'MCG', 'short_name': 'MCG', 'abbrev': 'MCG'}","{'id': 7, 'name': 'Docklands Stadium', 'display_name': 'Marvel Stadium', 'short_name': 'Marvel', 'abbrev': 'MARV'}","{'id': 7, 'name': 'Docklands Stadium', 'display_name': 'Marvel Stadium', 'short_name': 'Marvel', 'abbrev': 'MARV'}",0.431477,,0.3478760045924225,5191.410575230074,-10
0,713,1028493,Lachie,Jaques,WBD,652,21,0,113500,0,0,0,0,0,644,413,0,0,2025-08-03T10:13:47+10:00,0,0,0,0,0,0,0,0,0,0,0,0,0,0,0,0,0,0,0.0,20,0.0,0.0,GWS,0.0,0,"{'id': 10, 'abbrev': 'MEL', 'name': 'Melbourne'}",1,"{'id': 16, 'abbrev': 'WCE', 'name': 'West Coast'}",0,"{'id': 6, 'abbrev': 'FRE', 'name': 'Fremantle'}",0,Docklands Stadium,0.0,"{'id': 13, 'name': 'Melbourne Cricket Ground', 'display_name': 'MCG', 'short_name': 'MCG', 'abbrev': 'MCG'}","{'id': 7, 'name': 'Docklands Stadium', 'display_name': 'Marvel Stadium', 'short_name': 'Marvel', 'abbrev': 'MARV'}","{'id': 7, 'name': 'Docklands Stadium', 'display_name': 'Marvel Stadium', 'short_name': 'Marvel', 'abbrev': 'MARV'}",0.410931,,,,-8
0,717,1032112,Luke,Kennedy,WBD,652,21,0,113500,0,0,0,0,0,644,413,0,0,2025-08-03T10:13:47+10:00,0,0,0,0,0,0,0,0,0,0,0,0,0,0,0,0,0,0,0.0,20,0.0,0.0,GWS,0.0,0,"{'id': 10, 'abbrev': 'MEL', 'name': 'Melbourne'}",1,"{'id': 16, 'abbrev': 'WCE', 'name': 'West Coast'}",0,"{'id': 6, 'abbrev': 'FRE', 'name': 'Fremantle'}",0,Docklands Stadium,0.0,"{'id': 13, 'name': 'Melbourne Cricket Ground', 'display_name': 'MCG', 'short_name': 'MCG', 'abbrev': 'MCG'}","{'id': 7, 'name': 'Docklands Stadium', 'display_name': 'Marvel Stadium', 'short_name': 'Marvel', 'abbrev': 'MARV'}","{'id': 7, 'name': 'Docklands Stadium', 'display_name': 'Marvel Stadium', 'short_name': 'Marvel', 'abbrev': 'MARV'}",0.410931,,,,-8
0,746,1032624,Hamish,Davis,WCE,573,21,13,135800,130,1,5,8500,22300,576,404,28,263,2025-08-03T10:13:46+10:00,3,18,1,23,1,7,1,3,0,0,0,-1,0,0,0,0,0,1,26.0,17,26.0,32.0,MEL,13.0,1,"{'id': 1, 'abbrev': 'ADE', 'name': 'Adelaide'}",0,"{'id': 15, 'abbrev': 'WBD', 'name': 'Western Bulldogs'}",1,"{'id': 14, 'abbrev': 'SYD', 'name': 'Sydney'}",0,Docklands Stadium,29.5,"{'id': 53, 'name': 'Perth Stadium', 'display_name': 'Optus Stadium', 'short_name': 'Optus', 'abbrev': 'OS'}","{'id': 7, 'name': 'Docklands Stadium', 'display_name': 'Marvel Stadium', 'short_name': 'Marvel', 'abbrev': 'MARV'}","{'id': 53, 'name': 'Perth Stadium', 'display_name': 'Optus Stadium', 'short_name': 'Optus', 'abbrev': 'OS'}",0.349291,0.4642857142857143,0.49429657794676807,5223.076923076923,3
0,753,1018992,Lucca,Grego,WCE,652,21,0,113500,0,0,0,0,0,644,413,0,0,2025-08-03T10:13:47+10:00,0,0,0,0,0,0,0,0,0,0,0,0,0,0,0,0,0,0,0.0,14,0.0,0.0,MEL,0.0,1,"{'id': 1, 'abbrev': 'ADE', 'name': 'Adelaide'}",0,"{'id': 15, 'abbrev': 'WBD', 'name': 'Western Bulldogs'}",1,"{'id': 14, 'abbrev': 'SYD', 'name': 'Sydney'}",0,Docklands Stadium,0.0,"{'id': 53, 'name': 'Perth Stadium', 'display_name': 'Optus Stadium', 'short_name': 'Optus', 'abbrev': 'OS'}","{'id': 7, 'name': 'Docklands Stadium', 'display_name': 'Marvel Stadium', 'short_name': 'Marvel', 'abbrev': 'MARV'}","{'id': 53, 'name': 'Perth Stadium', 'display_name': 'Optus Stadium', 'short_name': 'Optus', 'abbrev': 'OS'}",0.287652,,,,-8
0,754,1028561,Tom,Gross,WCE,499,21,41,163000,281,1,7,-4300,49500,515,336,91,430,2025-08-03T10:13:46+10:00,5,36,8,33,6,19,1,12,0,6,0,-8,0,0,0,1,0,2,29.6,54,40.1429,30.3333,MEL,41.0,1,"{'id': 1, 'abbrev': 'ADE', 'name': 'Adelaide'}",0,"{'id': 15, 'abbrev': 'WBD', 'name': 'Western Bulldogs'}",1,"{'id': 14, 'abbrev': 'SYD', 'name': 'Sydney'}",0,Docklands Stadium,41.0,"{'id': 53, 'name': 'Perth Stadium', 'display_name': 'Optus Stadium', 'short_name': 'Optus', 'abbrev': 'OS'}","{'id': 7, 'name': 'Docklands Stadium', 'display_name': 'Marvel Stadium', 'short_name': 'Marvel', 'abbrev': 'MARV'}","{'id': 53, 'name': 'Perth Stadium', 'display_name': 'Optus Stadium', 'short_name': 'Optus', 'abbrev': 'OS'}",1.10951,0.45054945054945056,0.6534883720930232,4060.4938855937166,16
0,773,1031913,Jobe,Shanahan,WCE,492,21,28,191800,298,1,6,-24200,78300,494,378,110,624,2025-08-03T10:13:46+10:00,3,33,1,15,2,23,1,9,0,3,0,-1,0,0,1,6,0,2,48.4,154,49.6667,25.0,MEL,28.0,1,"{'id': 1, 'abbrev': 'ADE', 'name': 'Adelaide'}",0,"{'id': 15, 'abbrev': 'WBD', 'name': 'Western Bulldogs'}",1,"{'id': 14, 'abbrev': 'SYD', 'name': 'Sydney'}",0,Docklands Stadium,42.0,"{'id': 53, 'name': 'Perth Stadium', 'display_name': 'Optus Stadium', 'short_name': 'Optus', 'abbrev': 'OS'}","{'id': 7, 'name': 'Docklands Stadium', 'display_name': 'Marvel Stadium', 'short_name': 'Marvel', 'abbrev': 'MARV'}","{'id': 53, 'name': 'Perth Stadium', 'display_name': 'Optus Stadium', 'short_name': 'Optus', 'abbrev': 'OS'}",3.16417,0.2545454545454545,0.4775641025641026,3861.742374669547,2
0,94,1028496,Harry,Charleson,CAR,652,21,0,99100,0,0,0,0,0,644,413,0,0,2025-08-03T10:13:47+10:00,0,0,0,0,0,0,0,0,0,0,0,0,0,0,0,0,0,0,0.0,61,0.0,0.0,FRE,0.0,1,"{'id': 17, 'abbrev': 'GCS', 'name': 'Gold Coast'}",0,"{'id': 11, 'abbrev': 'PTA', 'name': 'Port Adelaide'}",0,"{'id': 5, 'abbrev': 'ESS', 'name': 'Essendon'}",1,Perth Stadium,0.0,"{'id': 7, 'name': 'Docklands Stadium', 'display_name': 'Marvel Stadium', 'short_name': 'Marvel', 'abbrev': 'MARV'}","{'id': 7, 'name': 'Docklands Stadium', 'display_name': 'Marvel Stadium', 'short_name': 'Marvel', 'abbrev': 'MARV'}","{'id': 13, 'name': 'Melbourne Cricket Ground', 'display_name': 'MCG', 'short_name': 'MCG', 'abbrev': 'MCG'}",1.25334,,,,-8
0,102,1039720,Matt,Duffy,CAR,652,21,0,99100,0,0,0,0,0,644,413,0,0,2025-08-03T10:13:47+10:00,0,0,0,0,0,0,0,0,0,0,0,0,0,0,0,0,0,0,0.0,35,0.0,0.0,FRE,0.0,1,"{'id': 17, 'abbrev': 'GCS', 'name': 'Gold Coast'}",0,"{'id': 11, 'abbrev': 'PTA', 'name': 'Port Adelaide'}",0,"{'id': 5, 'abbrev': 'ESS', 'name': 'Essendon'}",1,Perth Stadium,0.0,"{'id': 7, 'name': 'Docklands Stadium', 'display_name': 'Marvel Stadium', 'short_name': 'Marvel', 'abbrev': 'MARV'}","{'id': 7, 'name': 'Docklands Stadium', 'display_name': 'Marvel Stadium', 'short_name': 'Marvel', 'abbrev': 'MARV'}","{'id': 13, 'name': 'Melbourne Cricket Ground', 'display_name': 'MCG', 'short_name': 'MCG', 'abbrev': 'MCG'}",0.719129,,,,-8
0,179,1029265,Archer,Day-Wicks,ESS,570,21,0,118300,135,0,5,0,19200,563,413,0,313,2025-08-03T10:13:46+10:00,0,15,0,28,0,8,0,9,0,0,0,-1,0,0,0,1,0,1,27.0,36,27.0,21.6667,SYD,33.0,1,"{'id': 7, 'abbrev': 'GEE', 'name': 'Geelong'}",1,"{'id': 13, 'abbrev': 'STK', 'name': 'St Kilda'}",0,"{'id': 3, 'abbrev': 'CAR', 'name': 'Carlton'}",0,Sydney Cricket Ground,0.0,"{'id': 10, 'name': 'Kardinia Park', 'display_name': 'GMHBA Stadium', 'short_name': 'GMHBA', 'abbrev': 'GMS'}","{'id': 7, 'name': 'Docklands Stadium', 'display_name': 'Marvel Stadium', 'short_name': 'Marvel', 'abbrev': 'MARV'}","{'id': 13, 'name': 'Melbourne Cricket Ground', 'display_name': 'MCG', 'short_name': 'MCG', 'abbrev': 'MCG'}",0.739675,,0.43130990415335463,4381.481481481482,-7
0,201,1018987,Jayden,Nguyen,ESS,629,21,44,99100,44,1,1,0,0,644,322,97,97,2025-08-03T10:13:46+10:00,2,2,3,3,0,0,3,3,1,1,0,0,0,0,0,0,0,0,44.0,44,44.0,44.0,SYD,44.0,1,"{'id': 7, 'abbrev': 'GEE', 'name': 'Geelong'}",1,"{'id': 13, 'abbrev': 'STK', 'name': 'St Kilda'}",0,"{'id': 3, 'abbrev': 'CAR', 'name': 'Carlton'}",0,Sydney Cricket Ground,44.0,"{'id': 10, 'name': 'Kardinia Park', 'display_name': 'GMHBA Stadium', 'short_name': 'GMHBA', 'abbrev': 'GMS'}","{'id': 7, 'name': 'Docklands Stadium', 'display_name': 'Marvel Stadium', 'short_name': 'Marvel', 'abbrev': 'MARV'}","{'id': 13, 'name': 'Melbourne Cricket Ground', 'display_name': 'MCG', 'short_name': 'MCG', 'abbrev': 'MCG'}",0.904048,0.4536082474226804,0.4536082474226804,2252.2727272727275,15
0,244,1028228,Aiden,Riddle,FRE,652,21,0,99100,0,0,0,0,0,644,413,0,0,2025-08-03T10:13:47+10:00,0,0,0,0,0,0,0,0,0,0,0,0,0,0,0,0,0,0,0.0,49,0.0,0.0,CAR,0.0,0,"{'id': 11, 'abbrev': 'PTA', 'name': 'Port Adelaide'}",1,"{'id': 2, 'abbrev': 'BRL', 'name': 'Brisbane'}",0,"{'id': 15, 'abbrev': 'WBD', 'name': 'Western Bulldogs'}",1,Perth Stadium,0.0,"{'id': 1, 'name': 'Adelaide Oval', 'display_name': 'Adelaide Oval', 'short_name': 'Adelaide', 'abbrev': 'AO'}","{'id': 53, 'name': 'Perth Stadium', 'display_name': 'Optus Stadium', 'short_name': 'Optus', 'abbrev': 'OS'}","{'id': 7, 'name': 'Docklands Stadium', 'display_name': 'Marvel Stadium', 'short_name': 'Marvel', 'abbrev': 'MARV'}",1.00678,,,,-8
0,268,1028541,Asher,Eastham,GCS,652,21,0,99100,0,0,0,0,0,644,413,0,0,2025-08-03T10:13:47+10:00,0,0,0,0,0,0,0,0,0,0,0,0,0,0,0,0,0,0,0.0,27,0.0,0.0,RIC,0.0,0,"{'id': 3, 'abbrev': 'CAR', 'name': 'Carlton'}",1,"{'id': 18, 'abbrev': 'GWS', 'name': 'GWS Giants'}",0,"{'id': 11, 'abbrev': 'PTA', 'name': 'Port Adelaide'}",1,Carrara Stadium,0.0,"{'id': 7, 'name': 'Docklands Stadium', 'display_name': 'Marvel Stadium', 'short_name': 'Marvel', 'abbrev': 'MARV'}","{'id': 5, 'name': 'Carrara Stadium', 'display_name': 'People First Stadium', 'short_name': 'People First', 'abbrev': 'PFS'}","{'id': 1, 'name': 'Adelaide Oval', 'display_name': 'Adelaide Oval', 'short_name': 'Adelaide', 'abbrev': 'AO'}",0.554757,,,,-8
0,269,1038801,Zak,Evans,GCS,652,21,0,99100,0,0,0,0,0,644,413,0,0,2025-08-03T10:13:47+10:00,0,0,0,0,0,0,0,0,0,0,0,0,0,0,0,0,0,0,0.0,38,0.0,0.0,RIC,0.0,0,"{'id': 3, 'abbrev': 'CAR', 'name': 'Carlton'}",1,"{'id': 18, 'abbrev': 'GWS', 'name': 'GWS Giants'}",0,"{'id': 11, 'abbrev': 'PTA', 'name': 'Port Adelaide'}",1,Carrara Stadium,0.0,"{'id': 7, 'name': 'Docklands Stadium', 'display_name': 'Marvel Stadium', 'short_name': 'Marvel', 'abbrev': 'MARV'}","{'id': 5, 'name': 'Carrara Stadium', 'display_name': 'People First Stadium', 'short_name': 'People First', 'abbrev': 'PFS'}","{'id': 1, 'name': 'Adelaide Oval', 'display_name': 'Adelaide Oval', 'short_name': 'Adelaide', 'abbrev': 'AO'}",0.780768,,,,-8
0,275,1029304,Lachlan,Gulbin,GCS,652,21,0,99100,0,0,0,0,0,644,413,0,0,2025-08-03T10:13:47+10:00,0,0,0,0,0,0,0,0,0,0,0,0,0,0,0,0,0,0,0.0,39,0.0,0.0,RIC,0.0,0,"{'id': 3, 'abbrev': 'CAR', 'name': 'Carlton'}",1,"{'id': 18, 'abbrev': 'GWS', 'name': 'GWS Giants'}",0,"{'id': 11, 'abbrev': 'PTA', 'name': 'Port Adelaide'}",1,Carrara Stadium,0.0,"{'id': 7, 'name': 'Docklands Stadium', 'display_name': 'Marvel Stadium', 'short_name': 'Marvel', 'abbrev': 'MARV'}","{'id': 5, 'name': 'Carrara Stadium', 'display_name': 'People First Stadium', 'short_name': 'People First', 'abbrev': 'PFS'}","{'id': 1, 'name': 'Adelaide Oval', 'display_name': 'Adelaide Oval', 'short_name': 'Adelaide', 'abbrev': 'AO'}",0.801315,,,,-8
0,306,1039509,Cillian,Burke,GEE,652,21,0,99100,0,0,0,0,0,644,413,0,0,2025-08-03T10:13:47+10:00,0,0,0,0,0,0,0,0,0,0,0,0,0,0,0,0,0,0,0.0,28,0.0,0.0,PTA,0.0,0,"{'id': 5, 'abbrev': 'ESS', 'name': 'Essendon'}",0,"{'id': 14, 'abbrev': 'SYD', 'name': 'Sydney'}",1,"{'id': 12, 'abbrev': 'RIC', 'name': 'Richmond'}",1,Kardinia Park,0.0,"{'id': 10, 'name': 'Kardinia Park', 'display_name': 'GMHBA Stadium', 'short_name': 'GMHBA', 'abbrev': 'GMS'}","{'id': 16, 'name': 'Sydney Cricket Ground', 'display_name': 'SCG', 'short_name': 'SCG', 'abbrev': 'SCG'}","{'id': 13, 'name': 'Melbourne Cricket Ground', 'display_name': 'MCG', 'short_name': 'MCG', 'abbrev': 'MCG'}",0.575303,,,,-8
0,324,1028489,Xavier,Ivisic,GEE,652,21,0,99100,0,0,0,0,0,644,413,0,0,2025-08-03T10:13:47+10:00,0,0,0,0,0,0,0,0,0,0,0,0,0,0,0,0,0,0,0.0,77,0.0,0.0,PTA,0.0,0,"{'id': 5, 'abbrev': 'ESS', 'name': 'Essendon'}",0,"{'id': 14, 'abbrev': 'SYD', 'name': 'Sydney'}",1,"{'id': 12, 'abbrev': 'RIC', 'name': 'Richmond'}",1,Kardinia Park,0.0,"{'id': 10, 'name': 'Kardinia Park', 'display_name': 'GMHBA Stadium', 'short_name': 'GMHBA', 'abbrev': 'GMS'}","{'id': 16, 'name': 'Sydney Cricket Ground', 'display_name': 'SCG', 'short_name': 'SCG', 'abbrev': 'SCG'}","{'id': 13, 'name': 'Melbourne Cricket Ground', 'display_name': 'MCG', 'short_name': 'MCG', 'abbrev': 'MCG'}",1.58208,,,,-8
0,336,1027854,Joe,Pike,GEE,652,21,0,99100,0,0,0,0,0,644,413,0,0,2025-08-03T10:13:47+10:00,0,0,0,0,0,0,0,0,0,0,0,0,0,0,0,0,0,0,0.0,60,0.0,0.0,PTA,0.0,0,"{'id': 5, 'abbrev': 'ESS', 'name': 'Essendon'}",0,"{'id': 14, 'abbrev': 'SYD', 'name': 'Sydney'}",1,"{'id': 12, 'abbrev': 'RIC', 'name': 'Richmond'}",1,Kardinia Park,0.0,"{'id': 10, 'name': 'Kardinia Park', 'display_name': 'GMHBA Stadium', 'short_name': 'GMHBA', 'abbrev': 'GMS'}","{'id': 16, 'name': 'Sydney Cricket Ground', 'display_name': 'SCG', 'short_name': 'SCG', 'abbrev': 'SCG'}","{'id': 13, 'name': 'Melbourne Cricket Ground', 'display_name': 'MCG', 'short_name': 'MCG', 'abbrev': 'MCG'}",1.23279,,,,-8
0,338,1032081,Patrick,Retschko,GEE,652,21,0,99100,0,0,0,0,0,644,413,0,0,2025-08-03T10:13:47+10:00,0,0,0,0,0,0,0,0,0,0,0,0,0,0,0,0,0,0,0.0,85,0.0,0.0,PTA,0.0,0,"{'id': 5, 'abbrev': 'ESS', 'name': 'Essendon'}",0,"{'id': 14, 'abbrev': 'SYD', 'name': 'Sydney'}",1,"{'id': 12, 'abbrev': 'RIC', 'name': 'Richmond'}",1,Kardinia Park,0.0,"{'id': 10, 'name': 'Kardinia Park', 'display_name': 'GMHBA Stadium', 'short_name': 'GMHBA', 'abbrev': 'GMS'}","{'id': 16, 'name': 'Sydney Cricket Ground', 'display_name': 'SCG', 'short_name': 'SCG', 'abbrev': 'SCG'}","{'id': 13, 'name': 'Melbourne Cricket Ground', 'display_name': 'MCG', 'short_name': 'MCG', 'abbrev': 'MCG'}",1.74646,,,,-8
0,357,1029030,Josaia,Delana,GWS,600,21,0,110500,84,0,3,0,11400,595,413,0,200,2025-08-03T10:13:46+10:00,0,9,0,6,0,3,0,9,0,1,0,-1,0,0,0,0,0,2,28.0,43,28.0,28.0,WBD,0.0,1,"{'id': 9, 'abbrev': 'NTH', 'name': 'North Melbourne'}",0,"{'id': 17, 'abbrev': 'GCS', 'name': 'Gold Coast'}",1,"{'id': 13, 'abbrev': 'STK', 'name': 'St Kilda'}",0,Docklands Stadium,0.0,"{'id': 11, 'name': 'Manuka Oval', 'display_name': 'Manuka Oval', 'short_name': 'Manuka', 'abbrev': 'MO'}","{'id': 5, 'name': 'Carrara Stadium', 'display_name': 'People First Stadium', 'short_name': 'People First', 'abbrev': 'PFS'}","{'id': 17, 'name': 'ENGIE Stadium', 'display_name': 'ENGIE Stadium', 'short_name': 'ENGIE', 'abbrev': 'ENS'}",0.883501,,0.42,3946.4285714285716,-5
0,404,1039500,Matt,Hill,HAW,652,21,0,99100,0,0,0,0,0,644,413,0,0,2025-08-03T10:13:47+10:00,0,0,0,0,0,0,0,0,0,0,0,0,0,0,0,0,0,0,0.0,55,0.0,0.0,ADE,0.0,1,"{'id': 4, 'abbrev': 'COL', 'name': 'Collingwood'}",0,"{'id': 10, 'abbrev': 'MEL', 'name': 'Melbourne'}",0,"{'id': 2, 'abbrev': 'BRL', 'name': 'Brisbane'}",1,Adelaide Oval,0.0,"{'id': 13, 'name': 'Melbourne Cricket Ground', 'display_name': 'MCG', 'short_name': 'MCG', 'abbrev': 'MCG'}","{'id': 13, 'name': 'Melbourne Cricket Ground', 'display_name': 'MCG', 'short_name': 'MCG', 'abbrev': 'MCG'}","{'id': 4, 'name': 'Brisbane Cricket Ground', 'display_name': 'Gabba', 'short_name': 'Gabba', 'abbrev': 'G'}",1.13006,,,,-8
0,428,1039499,Jaime,Uhr-Henry,HAW,652,21,0,99100,0,0,0,0,0,644,413,0,0,2025-08-03T10:13:47+10:00,0,0,0,0,0,0,0,0,0,0,0,0,0,0,0,0,0,0,0.0,83,0.0,0.0,ADE,0.0,1,"{'id': 4, 'abbrev': 'COL', 'name': 'Collingwood'}",0,"{'id': 10, 'abbrev': 'MEL', 'name': 'Melbourne'}",0,"{'id': 2, 'abbrev': 'BRL', 'name': 'Brisbane'}",1,Adelaide Oval,0.0,"{'id': 13, 'name': 'Melbourne Cricket Ground', 'display_name': 'MCG', 'short_name': 'MCG', 'abbrev': 'MCG'}","{'id': 13, 'name': 'Melbourne Cricket Ground', 'display_name': 'MCG', 'short_name': 'MCG', 'abbrev': 'MCG'}","{'id': 4, 'name': 'Brisbane Cricket Ground', 'display_name': 'Gabba', 'short_name': 'Gabba', 'abbrev': 'G'}",1.70536,,,,-8
0,457,1029211,Ricky,Mentha,MEL,652,21,0,99100,0,0,0,0,0,644,413,0,0,2025-08-03T10:13:47+10:00,0,0,0,0,0,0,0,0,0,0,0,0,0,0,0,0,0,0,0.0,78,0.0,0.0,WCE,0.0,0,"{'id': 15, 'abbrev': 'WBD', 'name': 'Western Bulldogs'}",0,"{'id': 8, 'abbrev': 'HAW', 'name': 'Hawthorn'}",1,"{'id': 4, 'abbrev': 'COL', 'name': 'Collingwood'}",1,Docklands Stadium,0.0,"{'id': 13, 'name': 'Melbourne Cricket Ground', 'display_name': 'MCG', 'short_name': 'MCG', 'abbrev': 'MCG'}","{'id': 13, 'name': 'Melbourne Cricket Ground', 'display_name': 'MCG', 'short_name': 'MCG', 'abbrev': 'MCG'}","{'id': 13, 'name': 'Melbourne Cricket Ground', 'display_name': 'MCG', 'short_name': 'MCG', 'abbrev': 'MCG'}",1.60263,,,,-8
0,523,1022601,Benny,Barrett,PTA,652,21,0,99100,0,0,0,0,0,644,413,0,0,2025-08-03T10:13:47+10:00,0,0,0,0,0,0,0,0,0,0,0,0,0,0,0,0,0,0,0.0,77,0.0,0.0,GEE,0.0,1,"{'id': 6, 'abbrev': 'FRE', 'name': 'Fremantle'}",0,"{'id': 3, 'abbrev': 'CAR', 'name': 'Carlton'}",1,"{'id': 17, 'abbrev': 'GCS', 'name': 'Gold Coast'}",0,Kardinia Park,0.0,"{'id': 1, 'name': 'Adelaide Oval', 'display_name': 'Adelaide Oval', 'short_name': 'Adelaide', 'abbrev': 'AO'}","{'id': 7, 'name': 'Docklands Stadium', 'display_name': 'Marvel Stadium', 'short_name': 'Marvel', 'abbrev': 'MARV'}","{'id': 1, 'name': 'Adelaide Oval', 'display_name': 'Adelaide Oval', 'short_name': 'Adelaide', 'abbrev': 'AO'}",1.58208,,,,-8
0,532,1022371,Tom,Cochrane,PTA,591,21,0,118300,102,0,3,0,19200,586,413,0,191,2025-08-03T10:13:46+10:00,0,12,0,8,0,5,0,4,0,0,0,0,0,0,0,2,0,1,34.0,59,34.0,34.0,GEE,0.0,1,"{'id': 6, 'abbrev': 'FRE', 'name': 'Fremantle'}",0,"{'id': 3, 'abbrev': 'CAR', 'name': 'Carlton'}",1,"{'id': 17, 'abbrev': 'GCS', 'name': 'Gold Coast'}",0,Kardinia Park,0.0,"{'id': 1, 'name': 'Adelaide Oval', 'display_name': 'Adelaide Oval', 'short_name': 'Adelaide', 'abbrev': 'AO'}","{'id': 7, 'name': 'Docklands Stadium', 'display_name': 'Marvel Stadium', 'short_name': 'Marvel', 'abbrev': 'MARV'}","{'id': 1, 'name': 'Adelaide Oval', 'display_name': 'Adelaide Oval', 'short_name': 'Adelaide', 'abbrev': 'AO'}",1.21225,,0.5340314136125655,3479.4117647058824,-5
0,548,1038914,Jacob,Moss,PTA,652,21,0,99100,0,0,0,0,0,644,413,0,0,2025-08-03T10:13:47+10:00,0,0,0,0,0,0,0,0,0,0,0,0,0,0,0,0,0,0,0.0,73,0.0,0.0,GEE,0.0,1,"{'id': 6, 'abbrev': 'FRE', 'name': 'Fremantle'}",0,"{'id': 3, 'abbrev': 'CAR', 'name': 'Carlton'}",1,"{'id': 17, 'abbrev': 'GCS', 'name': 'Gold Coast'}",0,Kardinia Park,0.0,"{'id': 1, 'name': 'Adelaide Oval', 'display_name': 'Adelaide Oval', 'short_name': 'Adelaide', 'abbrev': 'AO'}","{'id': 7, 'name': 'Docklands Stadium', 'display_name': 'Marvel Stadium', 'short_name': 'Marvel', 'abbrev': 'MARV'}","{'id': 1, 'name': 'Adelaide Oval', 'display_name': 'Adelaide Oval', 'short_name': 'Adelaide', 'abbrev': 'AO'}",1.4999,,,,-8
0,607,1039730,Eamonn,Armstrong,STK,652,21,0,99100,0,0,0,0,0,644,413,0,0,2025-08-03T10:13:47+10:00,0,0,0,0,0,0,0,0,0,0,0,0,0,0,0,0,0,0,0.0,100,0.0,0.0,NTH,0.0,0,"{'id': 12, 'abbrev': 'RIC', 'name': 'Richmond'}",1,"{'id': 5, 'abbrev': 'ESS', 'name': 'Essendon'}",1,"{'id': 18, 'abbrev': 'GWS', 'name': 'GWS Giants'}",1,Docklands Stadium,0.0,"{'id': 13, 'name': 'Melbourne Cricket Ground', 'display_name': 'MCG', 'short_name': 'MCG', 'abbrev': 'MCG'}","{'id': 7, 'name': 'Docklands Stadium', 'display_name': 'Marvel Stadium', 'short_name': 'Marvel', 'abbrev': 'MARV'}","{'id': 17, 'name': 'ENGIE Stadium', 'display_name': 'ENGIE Stadium', 'short_name': 'ENGIE', 'abbrev': 'ENS'}",2.05465,,,,-8
0,675,1028564,Blake,Leidler,SYD,652,21,0,99100,0,0,0,0,0,644,413,0,0,2025-08-03T10:13:47+10:00,0,0,0,0,0,0,0,0,0,0,0,0,0,0,0,0,0,0,0.0,81,0.0,0.0,ESS,0.0,0,"{'id': 2, 'abbrev': 'BRL', 'name': 'Brisbane'}",1,"{'id': 7, 'abbrev': 'GEE', 'name': 'Geelong'}",0,"{'id': 16, 'abbrev': 'WCE', 'name': 'West Coast'}",1,Sydney Cricket Ground,0.0,"{'id': 4, 'name': 'Brisbane Cricket Ground', 'display_name': 'Gabba', 'short_name': 'Gabba', 'abbrev': 'G'}","{'id': 16, 'name': 'Sydney Cricket Ground', 'display_name': 'SCG', 'short_name': 'SCG', 'abbrev': 'SCG'}","{'id': 53, 'name': 'Perth Stadium', 'display_name': 'Optus Stadium', 'short_name': 'Optus', 'abbrev': 'OS'}",1.66427,,,,-8
0,742,1029136,Malakai,Champion,WCE,633,21,0,99100,38,0,2,0,0,626,413,0,107,2025-08-03T10:13:46+10:00,0,9,0,4,0,2,0,0,0,0,0,0,0,0,0,0,0,0,19.0,75,19.0,19.0,MEL,0.0,1,"{'id': 1, 'abbrev': 'ADE', 'name': 'Adelaide'}",0,"{'id': 15, 'abbrev': 'WBD', 'name': 'Western Bulldogs'}",1,"{'id': 14, 'abbrev': 'SYD', 'name': 'Sydney'}",0,Docklands Stadium,0.0,"{'id': 53, 'name': 'Perth Stadium', 'display_name': 'Optus Stadium', 'short_name': 'Optus', 'abbrev': 'OS'}","{'id': 7, 'name': 'Docklands Stadium', 'display_name': 'Marvel Stadium', 'short_name': 'Marvel', 'abbrev': 'MARV'}","{'id': 53, 'name': 'Perth Stadium', 'display_name': 'Optus Stadium', 'short_name': 'Optus', 'abbrev': 'OS'}",1.54099,,0.35514018691588783,5215.789473684211,-7
0,779,1000958,Harry,Boyd,STK,617,21,0,99100,63,0,1,0,0,612,413,0,103,2025-08-03T10:13:46+10:00,0,4,0,8,0,1,0,2,0,2,0,0,0,27,0,0,0,0,63.0,162,63.0,63.0,NTH,0.0,0,"{'id': 12, 'abbrev': 'RIC', 'name': 'Richmond'}",1,"{'id': 5, 'abbrev': 'ESS', 'name': 'Essendon'}",1,"{'id': 18, 'abbrev': 'GWS', 'name': 'GWS Giants'}",1,Docklands Stadium,0.0,"{'id': 13, 'name': 'Melbourne Cricket Ground', 'display_name': 'MCG', 'short_name': 'MCG', 'abbrev': 'MCG'}","{'id': 7, 'name': 'Docklands Stadium', 'display_name': 'Marvel Stadium', 'short_name': 'Marvel', 'abbrev': 'MARV'}","{'id': 17, 'name': 'ENGIE Stadium', 'display_name': 'ENGIE Stadium', 'short_name': 'ENGIE', 'abbrev': 'ENS'}",3.32854,,0.6116504854368932,1573.015873015873,-5
0,780,1011950,Ben,Jepson,GCS,634,21,0,99100,36,0,1,0,0,627,413,0,99,2025-08-03T10:13:46+10:00,0,9,0,3,0,2,0,1,0,1,0,-2,0,0,0,0,0,0,36.0,91,36.0,36.0,RIC,0.0,0,"{'id': 3, 'abbrev': 'CAR', 'name': 'Carlton'}",1,"{'id': 18, 'abbrev': 'GWS', 'name': 'GWS Giants'}",0,"{'id': 11, 'abbrev': 'PTA', 'name': 'Port Adelaide'}",1,Carrara Stadium,0.0,"{'id': 7, 'name': 'Docklands Stadium', 'display_name': 'Marvel Stadium', 'short_name': 'Marvel', 'abbrev': 'MARV'}","{'id': 5, 'name': 'Carrara Stadium', 'display_name': 'People First Stadium', 'short_name': 'People First', 'abbrev': 'PFS'}","{'id': 1, 'name': 'Adelaide Oval', 'display_name': 'Adelaide Oval', 'short_name': 'Adelaide', 'abbrev': 'AO'}",1.86974,,0.36363636363636365,2752.777777777778,-7
0,781,1027964,Matthew,Carroll,CAR,363,21,31,292200,744,1,14,-500,193100,360,369,107,1382,2025-08-03T10:13:46+10:00,8,125,0,41,4,50,1,23,1,4,-1,-11,0,0,0,1,0,1,55.2,120,53.1429,58.3333,FRE,31.0,1,"{'id': 17, 'abbrev': 'GCS', 'name': 'Gold Coast'}",0,"{'id': 11, 'abbrev': 'PTA', 'name': 'Port Adelaide'}",0,"{'id': 5, 'abbrev': 'ESS', 'name': 'Essendon'}",1,Perth Stadium,56.5,"{'id': 7, 'name': 'Docklands Stadium', 'display_name': 'Marvel Stadium', 'short_name': 'Marvel', 'abbrev': 'MARV'}","{'id': 7, 'name': 'Docklands Stadium', 'display_name': 'Marvel Stadium', 'short_name': 'Marvel', 'abbrev': 'MARV'}","{'id': 13, 'name': 'Melbourne Cricket Ground', 'display_name': 'MCG', 'short_name': 'MCG', 'abbrev': 'MCG'}",2.46558,0.2897196261682243,0.5383502170767004,5498.382662594628,-3
0,782,1040300,Josh,Lai,PTA,652,21,0,99100,0,0,0,0,0,644,413,0,0,2025-08-03T10:13:47+10:00,0,0,0,0,0,0,0,0,0,0,0,0,0,0,0,0,0,0,0.0,79,0.0,0.0,GEE,0.0,1,"{'id': 6, 'abbrev': 'FRE', 'name': 'Fremantle'}",0,"{'id': 3, 'abbrev': 'CAR', 'name': 'Carlton'}",1,"{'id': 17, 'abbrev': 'GCS', 'name': 'Gold Coast'}",0,Kardinia Park,0.0,"{'id': 1, 'name': 'Adelaide Oval', 'display_name': 'Adelaide Oval', 'short_name': 'Adelaide', 'abbrev': 'AO'}","{'id': 7, 'name': 'Docklands Stadium', 'display_name': 'Marvel Stadium', 'short_name': 'Marvel', 'abbrev': 'MARV'}","{'id': 1, 'name': 'Adelaide Oval', 'display_name': 'Adelaide Oval', 'short_name': 'Adelaide', 'abbrev': 'AO'}",1.62318,,,,-8
0,783,1018323,Thomas,Edwards,ESS,619,21,0,99100,58,0,2,0,0,615,413,0,163,2025-08-03T10:13:46+10:00,0,10,0,4,0,4,0,4,0,3,0,-3,0,0,0,3,0,2,29.0,65,29.0,29.0,SYD,0.0,1,"{'id': 7, 'abbrev': 'GEE', 'name': 'Geelong'}",1,"{'id': 13, 'abbrev': 'STK', 'name': 'St Kilda'}",0,"{'id': 3, 'abbrev': 'CAR', 'name': 'Carlton'}",0,Sydney Cricket Ground,0.0,"{'id': 10, 'name': 'Kardinia Park', 'display_name': 'GMHBA Stadium', 'short_name': 'GMHBA', 'abbrev': 'GMS'}","{'id': 7, 'name': 'Docklands Stadium', 'display_name': 'Marvel Stadium', 'short_name': 'Marvel', 'abbrev': 'MARV'}","{'id': 13, 'name': 'Melbourne Cricket Ground', 'display_name': 'MCG', 'short_name': 'MCG', 'abbrev': 'MCG'}",1.33552,,0.3558282208588957,3417.2413793103447,-4
0,784,1013315,Sandy,Brock,WCE,388,21,0,290800,659,0,11,0,191700,375,413,0,1245,2025-08-03T10:13:46+10:00,0,71,0,45,0,46,0,9,0,4,0,-3,0,0,0,0,0,0,58.6,91,59.9091,60.6667,MEL,0.0,1,"{'id': 1, 'abbrev': 'ADE', 'name': 'Adelaide'}",0,"{'id': 15, 'abbrev': 'WBD', 'name': 'Western Bulldogs'}",1,"{'id': 14, 'abbrev': 'SYD', 'name': 'Sydney'}",0,Docklands Stadium,66.0,"{'id': 53, 'name': 'Perth Stadium', 'display_name': 'Optus Stadium', 'short_name': 'Optus', 'abbrev': 'OS'}","{'id': 7, 'name': 'Docklands Stadium', 'display_name': 'Marvel Stadium', 'short_name': 'Marvel', 'abbrev': 'MARV'}","{'id': 53, 'name': 'Perth Stadium', 'display_name': 'Optus Stadium', 'short_name': 'Optus', 'abbrev': 'OS'}",1.86974,,0.5293172690763053,4854.020507735886,-13
0,785,1008183,Jack,Henderson,MEL,535,21,0,166900,215,0,5,0,67800,528,413,0,445,2025-08-03T10:13:46+10:00,0,25,0,25,0,11,0,10,0,4,0,-3,0,0,0,2,0,2,43.0,73,43.0,29.3333,WCE,0.0,0,"{'id': 15, 'abbrev': 'WBD', 'name': 'Western Bulldogs'}",0,"{'id': 8, 'abbrev': 'HAW', 'name': 'Hawthorn'}",1,"{'id': 4, 'abbrev': 'COL', 'name': 'Collingwood'}",1,Docklands Stadium,72.0,"{'id': 13, 'name': 'Melbourne Cricket Ground', 'display_name': 'MCG', 'short_name': 'MCG', 'abbrev': 'MCG'}","{'id': 13, 'name': 'Melbourne Cricket Ground', 'display_name': 'MCG', 'short_name': 'MCG', 'abbrev': 'MCG'}","{'id': 13, 'name': 'Melbourne Cricket Ground', 'display_name': 'MCG', 'short_name': 'MCG', 'abbrev': 'MCG'}",1.4999,,0.48314606741573035,3881.3953488372094,-7
0,787,1011558,Isaiah,Dudley,FRE,377,21,68,239100,691,1,14,6700,140000,387,213,89,1067,2025-08-03T10:13:45+10:00,2,70,6,36,0,31,1,26,1,4,-1,-7,0,0,2,13,0,8,51.0,129,49.3571,51.6667,CAR,68.0,0,"{'id': 11, 'abbrev': 'PTA', 'name': 'Port Adelaide'}",1,"{'id': 2, 'abbrev': 'BRL', 'name': 'Brisbane'}",0,"{'id': 15, 'abbrev': 'WBD', 'name': 'Western Bulldogs'}",1,Perth Stadium,52.1111,"{'id': 1, 'name': 'Adelaide Oval', 'display_name': 'Adelaide Oval', 'short_name': 'Adelaide', 'abbrev': 'AO'}","{'id': 53, 'name': 'Perth Stadium', 'display_name': 'Optus Stadium', 'short_name': 'Optus', 'abbrev': 'OS'}","{'id': 7, 'name': 'Docklands Stadium', 'display_name': 'Marvel Stadium', 'short_name': 'Marvel', 'abbrev': 'MARV'}",2.6505,0.7640449438202247,0.647610121836926,4844.28785321666,10
0,789,1027713,Will,White,CAR,426,21,40,195500,511,1,12,14500,96400,430,341,96,1071,2025-08-03T10:13:46+10:00,2,73,6,38,1,30,5,23,0,8,0,-8,0,0,0,9,1,11,43.0,104,42.5833,47.3333,FRE,40.0,1,"{'id': 17, 'abbrev': 'GCS', 'name': 'Gold Coast'}",0,"{'id': 11, 'abbrev': 'PTA', 'name': 'Port Adelaide'}",0,"{'id': 5, 'abbrev': 'ESS', 'name': 'Essendon'}",1,Perth Stadium,40.0,"{'id': 7, 'name': 'Docklands Stadium', 'display_name': 'Marvel Stadium', 'short_name': 'Marvel', 'abbrev': 'MARV'}","{'id': 7, 'name': 'Docklands Stadium', 'display_name': 'Marvel Stadium', 'short_name': 'Marvel', 'abbrev': 'MARV'}","{'id': 13, 'name': 'Melbourne Cricket Ground', 'display_name': 'MCG', 'short_name': 'MCG', 'abbrev': 'MCG'}",2.13684,0.4166666666666667,0.477124183006536,4591.001636791888,4
0,791,1020877,Flynn,Young,CAR,567,21,57,133100,142,1,5,26300,34000,594,261,93,365,2025-08-03T10:13:45+10:00,5,28,7,13,1,8,4,9,0,2,0,-2,0,0,0,1,0,2,28.4,18,28.4,41.3333,FRE,57.0,1,"{'id': 17, 'abbrev': 'GCS', 'name': 'Gold Coast'}",0,"{'id': 11, 'abbrev': 'PTA', 'name': 'Port Adelaide'}",0,"{'id': 5, 'abbrev': 'ESS', 'name': 'Essendon'}",1,Perth Stadium,57.0,"{'id': 7, 'name': 'Docklands Stadium', 'display_name': 'Marvel Stadium', 'short_name': 'Marvel', 'abbrev': 'MARV'}","{'id': 7, 'name': 'Docklands Stadium', 'display_name': 'Marvel Stadium', 'short_name': 'Marvel', 'abbrev': 'MARV'}","{'id': 13, 'name': 'Melbourne Cricket Ground', 'display_name': 'MCG', 'short_name': 'MCG', 'abbrev': 'MCG'}",0.369838,0.6129032258064516,0.38904109589041097,4686.619718309859,27
0,792,1022614,Noah,Howes,COL,652,21,0,99100,0,0,0,0,0,644,413,0,0,2025-08-03T10:13:46+10:00,0,0,0,0,0,0,0,0,0,0,0,0,0,0,0,0,0,0,0.0,41,0.0,0.0,BRL,0.0,0,"{'id': 8, 'abbrev': 'HAW', 'name': 'Hawthorn'}",1,"{'id': 1, 'abbrev': 'ADE', 'name': 'Adelaide'}",1,"{'id': 10, 'abbrev': 'MEL', 'name': 'Melbourne'}",0,Melbourne Cricket Ground,0.0,"{'id': 13, 'name': 'Melbourne Cricket Ground', 'display_name': 'MCG', 'short_name': 'MCG', 'abbrev': 'MCG'}","{'id': 1, 'name': 'Adelaide Oval', 'display_name': 'Adelaide Oval', 'short_name': 'Adelaide', 'abbrev': 'AO'}","{'id': 13, 'name': 'Melbourne Cricket Ground', 'display_name': 'MCG', 'short_name': 'MCG', 'abbrev': 'MCG'}",0.842408,,,,-8
0,793,1027501,Roan,Steele,COL,601,21,0,99100,83,0,2,0,0,597,413,0,187,2025-08-03T10:13:46+10:00,0,17,0,10,0,7,0,3,0,0,0,0,0,0,0,0,0,0,41.5,35,41.5,41.5,BRL,0.0,0,"{'id': 8, 'abbrev': 'HAW', 'name': 'Hawthorn'}",1,"{'id': 1, 'abbrev': 'ADE', 'name': 'Adelaide'}",1,"{'id': 10, 'abbrev': 'MEL', 'name': 'Melbourne'}",0,Melbourne Cricket Ground,44.0,"{'id': 13, 'name': 'Melbourne Cricket Ground', 'display_name': 'MCG', 'short_name': 'MCG', 'abbrev': 'MCG'}","{'id': 1, 'name': 'Adelaide Oval', 'display_name': 'Adelaide Oval', 'short_name': 'Adelaide', 'abbrev': 'AO'}","{'id': 13, 'name': 'Melbourne Cricket Ground', 'display_name': 'MCG', 'short_name': 'MCG', 'abbrev': 'MCG'}",0.719129,,0.44385026737967914,2387.9518072289156,-4
0,794,1028196,Lachlan,Blakiston,ESS,460,21,53,265300,390,1,7,18100,166200,467,287,111,783,2025-08-03T10:13:46+10:00,5,35,6,37,2,19,1,8,1,9,-2,-8,7,19,1,1,0,0,60.4,237,55.7143,63.3333,SYD,53.0,1,"{'id': 7, 'abbrev': 'GEE', 'name': 'Geelong'}",1,"{'id': 13, 'abbrev': 'STK', 'name': 'St Kilda'}",0,"{'id': 3, 'abbrev': 'CAR', 'name': 'Carlton'}",0,Sydney Cricket Ground,53.0,"{'id': 10, 'name': 'Kardinia Park', 'display_name': 'GMHBA Stadium', 'short_name': 'GMHBA', 'abbrev': 'GMS'}","{'id': 7, 'name': 'Docklands Stadium', 'display_name': 'Marvel Stadium', 'short_name': 'Marvel', 'abbrev': 'MARV'}","{'id': 13, 'name': 'Melbourne Cricket Ground', 'display_name': 'MCG', 'short_name': 'MCG', 'abbrev': 'MCG'}",4.86953,0.4774774774774775,0.49808429118773945,4761.793650822141,7
0,795,1029084,Archer,May,ESS,468,21,56,248400,360,1,6,15300,149300,479,270,105,570,2025-08-03T10:13:45+10:00,6,37,2,18,1,19,0,17,3,11,-1,-5,0,4,1,7,0,3,64.6,66,60.0,58.3333,SYD,56.0,1,"{'id': 7, 'abbrev': 'GEE', 'name': 'Geelong'}",1,"{'id': 13, 'abbrev': 'STK', 'name': 'St Kilda'}",0,"{'id': 3, 'abbrev': 'CAR', 'name': 'Carlton'}",0,Sydney Cricket Ground,56.0,"{'id': 10, 'name': 'Kardinia Park', 'display_name': 'GMHBA Stadium', 'short_name': 'GMHBA', 'abbrev': 'GMS'}","{'id': 7, 'name': 'Docklands Stadium', 'display_name': 'Marvel Stadium', 'short_name': 'Marvel', 'abbrev': 'MARV'}","{'id': 13, 'name': 'Melbourne Cricket Ground', 'display_name': 'MCG', 'short_name': 'MCG', 'abbrev': 'MCG'}",1.35607,0.5333333333333333,0.631578947368421,4140.0,11
0,796,1012842,Liam,McMahon,ESS,589,21,21,119100,105,1,3,20000,20000,595,394,59,259,2025-08-03T10:13:46+10:00,2,13,2,4,2,7,0,1,0,4,0,0,0,0,0,4,1,1,35.0,33,35.0,35.0,SYD,21.0,1,"{'id': 7, 'abbrev': 'GEE', 'name': 'Geelong'}",1,"{'id': 13, 'abbrev': 'STK', 'name': 'St Kilda'}",0,"{'id': 3, 'abbrev': 'CAR', 'name': 'Carlton'}",0,Sydney Cricket Ground,21.0,"{'id': 10, 'name': 'Kardinia Park', 'display_name': 'GMHBA Stadium', 'short_name': 'GMHBA', 'abbrev': 'GMS'}","{'id': 7, 'name': 'Docklands Stadium', 'display_name': 'Marvel Stadium', 'short_name': 'Marvel', 'abbrev': 'MARV'}","{'id': 13, 'name': 'Melbourne Cricket Ground', 'display_name': 'MCG', 'short_name': 'MCG', 'abbrev': 'MCG'}",0.678036,0.3559322033898305,0.40540540540540543,3402.8571428571427,6
0,797,1027644,Oskar,Smartt,ESS,594,21,6,112800,99,1,4,-1200,13700,589,408,24,256,2025-08-03T10:13:46+10:00,0,17,1,5,0,7,2,8,0,1,0,-1,0,0,0,0,0,5,24.75,25,24.75,22.0,SYD,6.0,1,"{'id': 7, 'abbrev': 'GEE', 'name': 'Geelong'}",1,"{'id': 13, 'abbrev': 'STK', 'name': 'St Kilda'}",0,"{'id': 3, 'abbrev': 'CAR', 'name': 'Carlton'}",0,Sydney Cricket Ground,6.0,"{'id': 10, 'name': 'Kardinia Park', 'display_name': 'GMHBA Stadium', 'short_name': 'GMHBA', 'abbrev': 'GMS'}","{'id': 7, 'name': 'Docklands Stadium', 'display_name': 'Marvel Stadium', 'short_name': 'Marvel', 'abbrev': 'MARV'}","{'id': 13, 'name': 'Melbourne Cricket Ground', 'display_name': 'MCG', 'short_name': 'MCG', 'abbrev': 'MCG'}",0.513663,0.25,0.38671875,4557.575757575758,-5
0,798,1015515,Oscar,Adams,GCS,558,21,42,142000,169,1,5,14100,42900,566,332,101,517,2025-08-03T10:13:46+10:00,8,20,6,18,6,12,1,5,0,1,-1,-5,0,0,0,0,0,0,33.8,18,33.8,36.3333,RIC,42.0,0,"{'id': 3, 'abbrev': 'CAR', 'name': 'Carlton'}",1,"{'id': 18, 'abbrev': 'GWS', 'name': 'GWS Giants'}",0,"{'id': 11, 'abbrev': 'PTA', 'name': 'Port Adelaide'}",1,Carrara Stadium,24.6667,"{'id': 7, 'name': 'Docklands Stadium', 'display_name': 'Marvel Stadium', 'short_name': 'Marvel', 'abbrev': 'MARV'}","{'id': 5, 'name': 'Carrara Stadium', 'display_name': 'People First Stadium', 'short_name': 'People First', 'abbrev': 'PFS'}","{'id': 1, 'name': 'Adelaide Oval', 'display_name': 'Adelaide Oval', 'short_name': 'Adelaide', 'abbrev': 'AO'}",0.369838,0.4158415841584158,0.32688588007736946,4201.183431952663,8
0,799,1017493,Caleb,Lewis,GCS,652,21,0,99100,0,0,0,0,0,644,413,0,0,2025-08-03T10:13:46+10:00,0,0,0,0,0,0,0,0,0,0,0,0,0,0,0,0,0,0,0.0,36,0.0,0.0,RIC,0.0,0,"{'id': 3, 'abbrev': 'CAR', 'name': 'Carlton'}",1,"{'id': 18, 'abbrev': 'GWS', 'name': 'GWS Giants'}",0,"{'id': 11, 'abbrev': 'PTA', 'name': 'Port Adelaide'}",1,Carrara Stadium,0.0,"{'id': 7, 'name': 'Docklands Stadium', 'display_name': 'Marvel Stadium', 'short_name': 'Marvel', 'abbrev': 'MARV'}","{'id': 5, 'name': 'Carrara Stadium', 'display_name': 'People First Stadium', 'short_name': 'People First', 'abbrev': 'PFS'}","{'id': 1, 'name': 'Adelaide Oval', 'display_name': 'Adelaide Oval', 'short_name': 'Adelaide', 'abbrev': 'AO'}",0.739675,,,,-8
0,800,1020930,Zac,Banch,NTH,614,21,30,101100,64,1,3,2000,2000,629,374,41,204,2025-08-03T10:13:46+10:00,4,9,2,9,3,11,1,1,1,1,0,0,0,0,0,0,1,1,21.3333,19,21.3333,21.3333,STK,30.0,1,"{'id': 18, 'abbrev': 'GWS', 'name': 'GWS Giants'}",1,"{'id': 12, 'abbrev': 'RIC', 'name': 'Richmond'}",0,"{'id': 1, 'abbrev': 'ADE', 'name': 'Adelaide'}",0,Docklands Stadium,28.5,"{'id': 11, 'name': 'Manuka Oval', 'display_name': 'Manuka Oval', 'short_name': 'Manuka', 'abbrev': 'MO'}","{'id': 226, 'name': 'Ninja Stadium', 'display_name': 'Ninja Stadium', 'short_name': 'Ninja', 'abbrev': 'NIN'}","{'id': 7, 'name': 'Docklands Stadium', 'display_name': 'Marvel Stadium', 'short_name': 'Marvel', 'abbrev': 'MARV'}",0.390384,0.7317073170731707,0.3137254901960784,4739.069904796726,15
0,801,1031988,Cooper,Trembath,NTH,652,21,0,99100,0,0,0,0,0,644,413,0,0,2025-08-03T10:13:46+10:00,0,0,0,0,0,0,0,0,0,0,0,0,0,0,0,0,0,0,0.0,38,0.0,0.0,STK,0.0,1,"{'id': 18, 'abbrev': 'GWS', 'name': 'GWS Giants'}",1,"{'id': 12, 'abbrev': 'RIC', 'name': 'Richmond'}",0,"{'id': 1, 'abbrev': 'ADE', 'name': 'Adelaide'}",0,Docklands Stadium,0.0,"{'id': 11, 'name': 'Manuka Oval', 'display_name': 'Manuka Oval', 'short_name': 'Manuka', 'abbrev': 'MO'}","{'id': 226, 'name': 'Ninja Stadium', 'display_name': 'Ninja Stadium', 'short_name': 'Ninja', 'abbrev': 'NIN'}","{'id': 7, 'name': 'Docklands Stadium', 'display_name': 'Marvel Stadium', 'short_name': 'Marvel', 'abbrev': 'MARV'}",0.780768,,,,-8
0,802,1008649,Mani,Liddy,PTA,506,21,34,195300,267,1,6,-2800,96200,521,358,108,534,2025-08-03T10:13:46+10:00,10,51,8,27,4,22,1,15,1,5,-1,-4,0,0,0,0,0,1,46.6,42,44.5,37.6667,GEE,34.0,1,"{'id': 6, 'abbrev': 'FRE', 'name': 'Fremantle'}",0,"{'id': 3, 'abbrev': 'CAR', 'name': 'Carlton'}",1,"{'id': 17, 'abbrev': 'GCS', 'name': 'Gold Coast'}",0,Kardinia Park,34.0,"{'id': 1, 'name': 'Adelaide Oval', 'display_name': 'Adelaide Oval', 'short_name': 'Adelaide', 'abbrev': 'AO'}","{'id': 7, 'name': 'Docklands Stadium', 'display_name': 'Marvel Stadium', 'short_name': 'Marvel', 'abbrev': 'MARV'}","{'id': 1, 'name': 'Adelaide Oval', 'display_name': 'Adelaide Oval', 'short_name': 'Adelaide', 'abbrev': 'AO'}",0.862955,0.3148148148148148,0.5,4388.76404494382,15
0,803,1027887,Ewan,Mackinlay,PTA,652,21,0,99100,0,0,0,0,0,644,413,0,0,2025-08-03T10:13:46+10:00,0,0,0,0,0,0,0,0,0,0,0,0,0,0,0,0,0,0,0.0,46,0.0,0.0,GEE,0.0,1,"{'id': 6, 'abbrev': 'FRE', 'name': 'Fremantle'}",0,"{'id': 3, 'abbrev': 'CAR', 'name': 'Carlton'}",1,"{'id': 17, 'abbrev': 'GCS', 'name': 'Gold Coast'}",0,Kardinia Park,0.0,"{'id': 1, 'name': 'Adelaide Oval', 'display_name': 'Adelaide Oval', 'short_name': 'Adelaide', 'abbrev': 'AO'}","{'id': 7, 'name': 'Docklands Stadium', 'display_name': 'Marvel Stadium', 'short_name': 'Marvel', 'abbrev': 'MARV'}","{'id': 1, 'name': 'Adelaide Oval', 'display_name': 'Adelaide Oval', 'short_name': 'Adelaide', 'abbrev': 'AO'}",0.945141,,,,-8
0,804,1027311,Harrison,Ramm,PTA,652,21,0,99100,0,0,0,0,0,644,413,0,0,2025-08-03T10:13:46+10:00,0,0,0,0,0,0,0,0,0,0,0,0,0,0,0,0,0,0,0.0,39,0.0,0.0,GEE,0.0,1,"{'id': 6, 'abbrev': 'FRE', 'name': 'Fremantle'}",0,"{'id': 3, 'abbrev': 'CAR', 'name': 'Carlton'}",1,"{'id': 17, 'abbrev': 'GCS', 'name': 'Gold Coast'}",0,Kardinia Park,0.0,"{'id': 1, 'name': 'Adelaide Oval', 'display_name': 'Adelaide Oval', 'short_name': 'Adelaide', 'abbrev': 'AO'}","{'id': 7, 'name': 'Docklands Stadium', 'display_name': 'Marvel Stadium', 'short_name': 'Marvel', 'abbrev': 'MARV'}","{'id': 1, 'name': 'Adelaide Oval', 'display_name': 'Adelaide Oval', 'short_name': 'Adelaide', 'abbrev': 'AO'}",0.801315,,,,-8
0,805,1036124,Tom,McCarthy,WCE,376,21,123,376900,693,1,7,37800,277800,402,29,100,712,2025-08-03T10:13:45+10:00,16,111,10,54,7,37,1,10,1,4,-1,-3,0,0,0,0,0,0,91.8,3127,99.0,96.6667,MEL,123.0,1,"{'id': 1, 'abbrev': 'ADE', 'name': 'Adelaide'}",0,"{'id': 15, 'abbrev': 'WBD', 'name': 'Western Bulldogs'}",1,"{'id': 14, 'abbrev': 'SYD', 'name': 'Sydney'}",0,Docklands Stadium,112.0,"{'id': 53, 'name': 'Perth Stadium', 'display_name': 'Optus Stadium', 'short_name': 'Optus', 'abbrev': 'OS'}","{'id': 7, 'name': 'Docklands Stadium', 'display_name': 'Marvel Stadium', 'short_name': 'Marvel', 'abbrev': 'MARV'}","{'id': 53, 'name': 'Perth Stadium', 'display_name': 'Optus Stadium', 'short_name': 'Optus', 'abbrev': 'OS'}",64.249,1.23,0.973314606741573,3807.070707070707,26
0,806,1022486,Jacob,Newton,WCE,652,21,0,99100,0,0,0,0,0,644,413,0,0,2025-08-03T10:13:46+10:00,0,0,0,0,0,0,0,0,0,0,0,0,0,0,0,0,0,0,0.0,20,0.0,0.0,MEL,0.0,1,"{'id': 1, 'abbrev': 'ADE', 'name': 'Adelaide'}",0,"{'id': 15, 'abbrev': 'WBD', 'name': 'Western Bulldogs'}",1,"{'id': 14, 'abbrev': 'SYD', 'name': 'Sydney'}",0,Docklands Stadium,0.0,"{'id': 53, 'name': 'Perth Stadium', 'display_name': 'Optus Stadium', 'short_name': 'Optus', 'abbrev': 'OS'}","{'id': 7, 'name': 'Docklands Stadium', 'display_name': 'Marvel Stadium', 'short_name': 'Marvel', 'abbrev': 'MARV'}","{'id': 53, 'name': 'Perth Stadium', 'display_name': 'Optus Stadium', 'short_name': 'Optus', 'abbrev': 'OS'}",0.410931,,,,-8
0,807,1020621,Michael,Sellwood,WBD,652,21,0,99100,0,0,0,0,0,644,413,0,0,2025-08-03T10:13:46+10:00,0,0,0,0,0,0,0,0,0,0,0,0,0,0,0,0,0,0,0.0,33,0.0,0.0,GWS,0.0,0,"{'id': 10, 'abbrev': 'MEL', 'name': 'Melbourne'}",1,"{'id': 16, 'abbrev': 'WCE', 'name': 'West Coast'}",0,"{'id': 6, 'abbrev': 'FRE', 'name': 'Fremantle'}",0,Docklands Stadium,0.0,"{'id': 13, 'name': 'Melbourne Cricket Ground', 'display_name': 'MCG', 'short_name': 'MCG', 'abbrev': 'MCG'}","{'id': 7, 'name': 'Docklands Stadium', 'display_name': 'Marvel Stadium', 'short_name': 'Marvel', 'abbrev': 'MARV'}","{'id': 7, 'name': 'Docklands Stadium', 'display_name': 'Marvel Stadium', 'short_name': 'Marvel', 'abbrev': 'MARV'}",0.678036,,,,-8
0,808,1041619,Zac,Walker,WBD,652,21,0,99100,0,0,0,0,0,644,413,0,0,2025-08-03T10:13:46+10:00,0,0,0,0,0,0,0,0,0,0,0,0,0,0,0,0,0,0,0.0,18,0.0,0.0,GWS,0.0,0,"{'id': 10, 'abbrev': 'MEL', 'name': 'Melbourne'}",1,"{'id': 16, 'abbrev': 'WCE', 'name': 'West Coast'}",0,"{'id': 6, 'abbrev': 'FRE', 'name': 'Fremantle'}",0,Docklands Stadium,0.0,"{'id': 13, 'name': 'Melbourne Cricket Ground', 'display_name': 'MCG', 'short_name': 'MCG', 'abbrev': 'MCG'}","{'id': 7, 'name': 'Docklands Stadium', 'display_name': 'Marvel Stadium', 'short_name': 'Marvel', 'abbrev': 'MARV'}","{'id': 7, 'name': 'Docklands Stadium', 'display_name': 'Marvel Stadium', 'short_name': 'Marvel', 'abbrev': 'MARV'}",0.369838,,,,-8
0,766,294859,Jeremy,*** McGovern,WCE,417,21,0,509700,535,0,6,0,-84400,413,413,0,575,2025-08-03T10:13:46+10:00,0,73,0,34,0,30,0,6,0,6,0,-8,0,0,0,0,0,0,89.8,1825,89.1667,83.0,MEL,89.3846,1,"{'id': 1, 'abbrev': 'ADE', 'name': 'Adelaide'}",0,"{'id': 15, 'abbrev': 'WBD', 'name': 'Western Bulldogs'}",1,"{'id': 14, 'abbrev': 'SYD', 'name': 'Sydney'}",0,Docklands Stadium,92.8462,"{'id': 53, 'name': 'Perth Stadium', 'display_name': 'Optus Stadium', 'short_name': 'Optus', 'abbrev': 'OS'}","{'id': 7, 'name': 'Docklands Stadium', 'display_name': 'Marvel Stadium', 'short_name': 'Marvel', 'abbrev': 'MARV'}","{'id': 53, 'name': 'Perth Stadium', 'display_name': 'Optus Stadium', 'short_name': 'Optus', 'abbrev': 'OS'}",37.4974,,0.9304347826086956,5716.259545323534,-4
0,7,297401,Matt,*** Crouch,ADE,424,21,0,460600,521,0,6,0,-108000,418,413,0,502,2025-08-03T10:13:46+10:00,0,48,0,106,0,18,0,24,0,5,0,-9,0,0,0,1,0,0,87.4,2875,86.8333,82.3333,HAW,101.111,0,"{'id': 16, 'abbrev': 'WCE', 'name': 'West Coast'}",1,"{'id': 4, 'abbrev': 'COL', 'name': 'Collingwood'}",0,"{'id': 9, 'abbrev': 'NTH', 'name': 'North Melbourne'}",1,Adelaide Oval,97.4186,"{'id': 53, 'name': 'Perth Stadium', 'display_name': 'Optus Stadium', 'short_name': 'Optus', 'abbrev': 'OS'}","{'id': 1, 'name': 'Adelaide Oval', 'display_name': 'Adelaide Oval', 'short_name': 'Adelaide', 'abbrev': 'AO'}","{'id': 7, 'name': 'Docklands Stadium', 'display_name': 'Marvel Stadium', 'short_name': 'Marvel', 'abbrev': 'MARV'}",59.0713,,1.0378486055776892,5304.41662357644,-6
0,101,295518,Sam,*** Docherty,CAR,217,21,0,429800,1219,0,15,0,-58100,200,413,0,1525,2025-08-03T10:13:46+10:00,0,198,0,106,0,87,0,41,0,10,0,-3,0,0,0,5,0,4,85.6,1624,81.2667,81.3333,FRE,87.0,1,"{'id': 17, 'abbrev': 'GCS', 'name': 'Gold Coast'}",0,"{'id': 11, 'abbrev': 'PTA', 'name': 'Port Adelaide'}",0,"{'id': 5, 'abbrev': 'ESS', 'name': 'Essendon'}",1,Perth Stadium,97.875,"{'id': 7, 'name': 'Docklands Stadium', 'display_name': 'Marvel Stadium', 'short_name': 'Marvel', 'abbrev': 'MARV'}","{'id': 7, 'name': 'Docklands Stadium', 'display_name': 'Marvel Stadium', 'short_name': 'Marvel', 'abbrev': 'MARV'}","{'id': 13, 'name': 'Melbourne Cricket Ground', 'display_name': 'MCG', 'short_name': 'MCG', 'abbrev': 'MCG'}",33.3676,,0.7993442622950819,5288.759110435148,-17
0,774,296296,Dom,*** Sheed,WCE,652,21,0,238400,0,0,0,0,0,644,413,0,0,2025-08-03T10:13:47+10:00,0,0,0,0,0,0,0,0,0,0,0,0,0,0,0,0,0,0,0.0,31,0.0,0.0,MEL,96.4444,1,"{'id': 1, 'abbrev': 'ADE', 'name': 'Adelaide'}",0,"{'id': 15, 'abbrev': 'WBD', 'name': 'Western Bulldogs'}",1,"{'id': 14, 'abbrev': 'SYD', 'name': 'Sydney'}",0,Docklands Stadium,68.5882,"{'id': 53, 'name': 'Perth Stadium', 'display_name': 'Optus Stadium', 'short_name': 'Optus', 'abbrev': 'OS'}","{'id': 7, 'name': 'Docklands Stadium', 'display_name': 'Marvel Stadium', 'short_name': 'Marvel', 'abbrev': 'MARV'}","{'id': 53, 'name': 'Perth Stadium', 'display_name': 'Optus Stadium', 'short_name': 'Optus', 'abbrev': 'OS'}",0.636943,,,,-8
0,255,281007,Michael,*** Walters,FRE,652,21,0,236800,0,0,0,0,0,644,413,0,0,2025-08-03T10:13:47+10:00,0,0,0,0,0,0,0,0,0,0,0,0,0,0,0,0,0,0,0.0,14,0.0,0.0,CAR,75.8462,0,"{'id': 11, 'abbrev': 'PTA', 'name': 'Port Adelaide'}",1,"{'id': 2, 'abbrev': 'BRL', 'name': 'Brisbane'}",0,"{'id': 15, 'abbrev': 'WBD', 'name': 'Western Bulldogs'}",1,Perth Stadium,77.2879,"{'id': 1, 'name': 'Adelaide Oval', 'display_name': 'Adelaide Oval', 'short_name': 'Adelaide', 'abbrev': 'AO'}","{'id': 53, 'name': 'Perth Stadium', 'display_name': 'Optus Stadium', 'short_name': 'Optus', 'abbrev': 'OS'}","{'id': 7, 'name': 'Docklands Stadium', 'display_name': 'Marvel Stadium', 'short_name': 'Marvel', 'abbrev': 'MARV'}",0.287652,,,,-8
