,Fanfooty Match ID,Fanfooty Match URL,Round,Year,Player ID,First Name,Surname,Team,null,DT,SC,null2,null3,null4,Kicks,Handballs,Marks,Tackles,Hitouts,Frees for,Frees against,Goals,Behinds,Not sure,Tag,Tag Notes,Tag 2,Tag 2 Notes,null5,null6,null7,null8,Position,Jumper Number,null9,null10,null11,DT own %,SC own %,AF own %,null12,AF Breakeven,null13,Contested Possessions,Clearances,Clangers,Disposal efficiency,Time on ground,Metres gained,Bench staus,Injured,Opposition_team_SC,My_team_SC,Round Order,match_identifier,80th_percentile,top_20,50th_percentile,top_50,3_rd_rolling_Kicks,15_rd_rolling_Kicks,3_rd_rolling_Handballs,15_rd_rolling_Handballs,3_rd_rolling_Marks,15_rd_rolling_Marks,3_rd_rolling_Tackles,15_rd_rolling_Tackles,3_rd_rolling_Hitouts,15_rd_rolling_Hitouts,3_rd_rolling_Frees for,15_rd_rolling_Frees for,3_rd_rolling_Frees against,15_rd_rolling_Frees against,3_rd_rolling_Goals,15_rd_rolling_Goals,3_rd_rolling_Behinds,15_rd_rolling_Behinds,3_rd_rolling_DT own %,15_rd_rolling_DT own %,3_rd_rolling_SC own %,15_rd_rolling_SC own %,3_rd_rolling_AF own %,15_rd_rolling_AF own %,3_rd_rolling_Contested Possessions,15_rd_rolling_Contested Possessions,3_rd_rolling_Clearances,15_rd_rolling_Clearances,3_rd_rolling_Clangers,15_rd_rolling_Clangers,3_rd_rolling_Disposal efficiency,15_rd_rolling_Disposal efficiency,3_rd_rolling_Time on ground,15_rd_rolling_Time on ground,3_rd_rolling_Metres gained,15_rd_rolling_Metres gained,3_rd_rolling_My_team_SC,15_rd_rolling_My_team_SC,3_rd_rolling_Opposition_team_SC,15_rd_rolling_Opposition_team_SC,rolling 20 round average,rolling 10 round average,rolling 5 round average,rolling 3 round average,recent_round_rank,previous_tag,actual,predicted,diff
49219,5381,http://live.fanfooty.com.au/game/matchcentre.html?id=5381,R22,2015,220105.0,Dane,Swan,CO,10.0,63.0,83,49.0,54.0,67.0,7.0,7.0,5.0,1.0,0.0,2.0,0.0,1.0,1.0,Full Time,injured,Racked up the stats in Q1 as the Pies got off to a flier... right knee and ankle twisted under him in a tackle by Selwood in Q2... likely ligament damage meaning his season is over... %O and %M plus %s,subbed,Subbed off at HT for Marsh,291800.0,60.0,599700.0,153.0,Midfielder,36.0,12.0,64.1,107.0,1.14,59.19,58.12,619000.0,100.0,,4.0,2.0,0.0,78.0,37.0,,,True,1360,1902,23,5381_CO,100.80000000000001,0,77.0,1,13.333333333333334,15.4,13.666666666666666,14.333333333333334,5.666666666666667,5.666666666666667,3.6666666666666665,4.0,0.0,0.0,1.3333333333333333,1.0666666666666667,0.6666666666666666,0.6666666666666666,1.3333333333333333,1.0,0.3333333333333333,0.7333333333333333,1.1499999999999997,1.6053333333333333,59.053333333333335,58.05733333333333,57.556666666666665,55.96333333333334,8.666666666666666,11.2,3.3333333333333335,6.066666666666666,3.0,2.8666666666666667,74.0,69.4,68.33333333333333,82.66666666666667,,,1632.0,1639.2666666666667,1637.6666666666667,1633.4666666666667,105.6,110.7,116.4,99.33333333333333,1,injured,83,80.12257332616034,2.8774266738396648
49494,5388,http://live.fanfooty.com.au/game/matchcentre.html?id=5388,R22,2015,220098.0,Adam,Schneider,SK,12.0,60.0,59,78.0,50.0,66.0,10.0,2.0,4.0,2.0,0.0,0.0,2.0,2.0,0.0,Full Time,news,Smith running with him... %s from %O and %M plus %T,,,124600.0,,380800.0,68.0,Forward,13.0,0.0,0.0,86.3,0.43,0.41,0.42,399000.0,93.0,,2.0,2.0,3.0,58.0,0.0,,,False,1754,1329,23,5388_SK,100.80000000000001,0,77.0,0,10.666666666666666,10.4,3.0,8.533333333333333,2.3333333333333335,4.666666666666667,5.0,4.2,0.0,0.0,1.6666666666666667,0.9333333333333333,1.0,0.9333333333333333,0.6666666666666666,0.6,0.6666666666666666,0.8,0.43666666666666654,0.486,0.4533333333333333,0.44599999999999995,0.6266666666666666,0.7653333333333333,5.666666666666667,7.133333333333334,2.6666666666666665,2.8,2.0,2.2666666666666666,60.333333333333336,67.46666666666667,53.0,75.4,,,1513.0,1618.2,1709.0,1637.2666666666667,78.85,77.6,70.0,75.0,1,news,59,82.22320947114011,-23.22320947114011
49532,5389,http://live.fanfooty.com.au/game/matchcentre.html?id=5389,R22,2015,200045.0,Luke,McPharlin,FR,20.0,94.0,83,120.0,79.0,102.0,11.0,10.0,11.0,2.0,0.0,0.0,0.0,0.0,0.0,Full Time,job,Takes the resting ruck which is mostly Gawn... %P and %M plus %T,,,114900.0,,326500.0,112.0,Back,18.0,0.0,0.0,67.1,0.31,0.63,1.22,329000.0,69.0,,3.0,0.0,0.0,100.0,91.0,,,False,1412,1875,23,5389_FR,100.80000000000001,0,77.0,1,7.666666666666667,9.0,5.666666666666667,6.8,7.0,6.8,1.6666666666666667,1.0,0.0,0.26666666666666666,0.0,0.3333333333333333,0.0,0.7333333333333333,0.0,0.0,0.0,0.0,0.31,0.2946666666666666,0.6366666666666667,0.632,1.2333333333333334,1.0613333333333332,1.6666666666666667,3.7333333333333334,0.0,0.26666666666666666,0.6666666666666666,1.6666666666666667,89.0,81.73333333333333,82.0,84.2,,,1738.6666666666667,1693.5333333333333,1541.6666666666667,1578.6666666666667,67.25,66.1,62.6,57.333333333333336,1,job,83,55.2170722463002,27.782927753699802
49668,5392,http://live.fanfooty.com.au/game/matchcentre.html?id=5392,R23,2015,295162.0,Justin,Clarke,BL,4.0,55.0,73,71.0,43.0,57.0,10.0,4.0,4.0,1.0,0.0,1.0,0.0,0.0,0.0,Full Time,job,Stringer is his man... %O with %k by foot... also %M,,,312100.0,66.0,271800.0,88.0,Back,42.0,14.0,60.1,57.4,0.55,0.67,0.52,267000.0,75.0,,8.0,1.0,2.0,71.0,91.0,,,False,1412,1861,24,5392_BL,101.0,0,74.0,0,7.666666666666667,6.666666666666667,6.666666666666667,5.0,5.0,5.133333333333334,1.0,1.4666666666666666,0.0,0.06666666666666667,0.6666666666666666,0.26666666666666666,1.0,1.0,0.0,0.0,0.0,0.06666666666666667,0.5766666666666667,0.728,0.71,0.6886666666666666,0.6466666666666666,0.6226666666666667,4.333333333333333,4.133333333333334,0.3333333333333333,0.13333333333333333,1.6666666666666667,2.1333333333333333,73.66666666666667,77.93333333333334,92.33333333333333,96.13333333333334,,,1681.3333333333333,1561.2,1601.0,1701.6,59.7,59.9,58.2,57.0,1,job,73,53.412207002007094,19.587792997992906
49722,5393,http://live.fanfooty.com.au/game/matchcentre.html?id=5393,R23,2015,240139.0,Paul,Duffield,FR,18.0,86.0,97,43.0,69.0,96.0,17.0,8.0,6.0,1.0,0.0,0.0,1.0,0.0,0.0,Full Time,news,%M and %P,guard,Got a fair bit of the ball playing halfback,256600.0,93.0,330100.0,96.0,Back,41.0,10.0,43.3,64.7,0.16,0.73,0.71,323000.0,68.0,,4.0,0.0,2.0,92.0,99.0,,,False,1844,1441,24,5393_FR,101.0,0,74.0,1,10.666666666666666,10.666666666666666,4.333333333333333,4.933333333333334,3.3333333333333335,4.266666666666667,3.3333333333333335,3.8,0.0,0.0,0.0,0.26666666666666666,0.6666666666666666,0.4666666666666667,0.0,0.0,0.3333333333333333,0.13333333333333333,0.1466666666666667,0.638,0.7999999999999999,1.0986666666666667,0.8333333333333334,1.1759999999999997,2.3333333333333335,3.066666666666667,0.0,0.5333333333333333,1.3333333333333333,1.3333333333333333,83.33333333333333,83.53333333333333,75.33333333333333,88.6,,,1548.3333333333333,1681.5333333333333,1736.3333333333333,1589.4,72.55,64.8,70.6,68.0,1,news,97,78.6924378805304,18.307562119469594
49765,5394,http://live.fanfooty.com.au/game/matchcentre.html?id=5394,R23,2015,220015.0,Andrew,Carrazzo,CA,20.0,93.0,96,80.0,81.0,120.0,8.0,25.0,3.0,4.0,0.0,0.0,2.0,0.0,0.0,Full Time,magnet,His final game... %P with %b by hand... also %T and %M,,,380000.0,98.0,440300.0,115.0,Midfielder,44.0,15.0,73.3,86.1,0.3,0.23,2.51,383000.0,89.0,,14.0,10.0,3.0,90.0,74.0,,,False,1814,1471,24,5394_CA,101.0,0,74.0,1,7.333333333333333,7.933333333333334,15.0,15.2,2.0,2.533333333333333,4.666666666666667,4.066666666666666,0.0,0.0,0.3333333333333333,1.0,1.3333333333333333,1.2666666666666666,0.0,0.06666666666666667,0.0,0.2,0.29666666666666663,0.3346666666666667,0.23,0.258,2.52,2.716,10.666666666666666,11.4,5.666666666666667,5.933333333333334,2.0,2.2,74.33333333333333,78.46666666666667,72.33333333333333,72.33333333333333,,,1580.6666666666667,1584.8666666666666,1707.6666666666667,1691.4666666666667,86.9,89.8,91.4,83.66666666666667,1,magnet,96,79.74582237878295,16.254177621217053
49780,5394,http://live.fanfooty.com.au/game/matchcentre.html?id=5394,R23,2015,240300.0,Cameron,Wood,CA,4.0,33.0,41,32.0,29.0,37.0,2.0,4.0,1.0,2.0,10.0,1.0,1.0,0.0,0.0,Full Time,news,Lake manning him when forward... %H... also %P and %T,,,221500.0,33.0,287500.0,97.0,Ruck,36.0,3.0,37.3,68.2,0.51,0.98,3.54,284000.0,85.0,,1.0,0.0,2.0,83.0,79.0,,,False,1814,1471,24,5394_CA,101.0,0,74.0,0,2.6666666666666665,6.4,3.6666666666666665,4.066666666666666,1.3333333333333333,1.8666666666666667,1.6666666666666667,2.0,11.666666666666666,18.066666666666666,0.3333333333333333,0.4666666666666667,0.6666666666666666,1.0,0.0,0.3333333333333333,0.0,0.13333333333333333,0.51,0.5966666666666666,1.02,1.3433333333333333,3.5766666666666667,4.237333333333334,2.3333333333333335,6.666666666666667,0.3333333333333333,3.6666666666666665,1.0,2.2,83.66666666666667,61.46666666666667,50.333333333333336,73.8,,,1442.0,1542.0666666666666,1833.6666666666667,1723.6666666666667,71.5,60.6,61.0,50.0,1,news,41,73.78082947833744,-32.78082947833744
49880,5397,http://live.fanfooty.com.au/game/matchcentre.html?id=5397,R23,2015,210049.0,Daniel,Cross,ME,15.0,77.0,105,91.0,67.0,94.0,6.0,19.0,4.0,2.0,1.0,0.0,0.0,0.0,0.0,Full Time,injured,Stretchered off after falling awkwardly in a marking contest in Q4... %P including %B... also %M and %T,,,276900.0,42.0,409900.0,88.0,Midfielder,18.0,6.0,45.5,90.4,0.2,0.31,1.13,408000.0,63.0,,9.0,0.0,0.0,96.0,78.0,,,True,1443,1853,24,5397_ME,101.0,1,74.0,1,9.333333333333334,8.933333333333334,17.333333333333332,13.933333333333334,5.0,5.133333333333334,2.6666666666666665,3.4,0.3333333333333333,1.0,1.3333333333333333,1.1333333333333333,0.6666666666666666,0.6666666666666666,0.0,0.0,0.0,0.0,0.2,0.19866666666666669,0.31,0.27599999999999997,1.0733333333333333,0.6300000000000001,9.333333333333334,8.866666666666667,1.0,1.8,3.0,1.7333333333333334,81.0,77.33333333333333,87.33333333333333,85.0,,,1566.6666666666667,1590.4666666666667,1723.0,1687.8666666666666,90.75,90.4,82.4,89.66666666666667,1,injured,105,71.99672107886903,33.00327892113097
50093,5404,http://live.fanfooty.com.au/game/matchcentre.html?id=5404,EF,2015,210048.0,Chris,Newman,RI,11.0,61.0,67,75.0,51.0,61.0,10.0,2.0,4.0,0.0,0.0,2.0,0.0,2.0,1.0,Full Time,news,First goal... starting at half forward... %O including %K... also %M... and booted %s,,,429600.0,0.0,317700.0,0.0,Back,1.0,21.0,82.2,61.0,7.63,0.46,3.43,325000.0,43.0,,3.0,2.0,1.0,75.0,75.0,,,False,1760,1524,30,5404_RI,97.80000000000001,0,75.0,0,7.333333333333333,7.8,3.3333333333333335,4.666666666666667,2.3333333333333335,3.466666666666667,3.0,2.466666666666667,0.0,0.0,1.0,0.4666666666666667,0.3333333333333333,0.6666666666666666,1.0,0.7333333333333333,0.6666666666666666,0.5333333333333333,7.57,7.582666666666667,0.46,0.4546666666666666,3.4333333333333336,3.3860000000000006,3.3333333333333335,4.2,1.0,0.5333333333333333,1.3333333333333333,1.5333333333333334,72.33333333333333,66.86666666666666,68.33333333333333,58.333333333333336,,,1678.6666666666667,1688.8666666666666,1602.3333333333333,1570.4,60.75,62.7,67.8,62.333333333333336,1,news,67,67.94209894609031,-0.9420989460903115
50173,5406,http://live.fanfooty.com.au/game/matchcentre.html?id=5406,SF,2015,980073.0,Adam,Goodes,SY,26.0,105.0,87,134.0,86.0,104.0,15.0,3.0,10.0,2.0,1.0,2.0,0.0,2.0,1.0,Full Time,hot,First goal... starting at half forward... %s from %O and %M plus %T,,,0.0,0.0,0.0,0.0,Forward,37.0,5.0,48.0,66.2,0.09,0.95,1.35,0.0,71.0,,8.0,1.0,2.0,61.0,93.0,,,False,1679,1600,32,5406_SY,103.0,0,77.0,1,11.666666666666666,10.733333333333333,7.666666666666667,5.933333333333334,7.0,6.533333333333333,3.0,2.1333333333333333,0.3333333333333333,0.06666666666666667,1.0,0.8,0.3333333333333333,0.8,1.0,1.4,1.0,0.6666666666666666,0.09,0.09066666666666666,0.95,0.9733333333333333,1.35,1.5433333333333332,6.666666666666667,5.933333333333334,0.6666666666666666,1.3333333333333333,2.3333333333333335,2.3333333333333335,62.333333333333336,67.46666666666667,92.33333333333333,77.33333333333333,,,1688.3333333333333,1696.2666666666667,1591.6666666666667,1558.9333333333334,70.2,74.4,77.4,76.33333333333333,1,hot,87,73.8900348857899,13.109965114210098
50185,5406,http://live.fanfooty.com.au/game/matchcentre.html?id=5406,SF,2015,200023.0,Rhyce,Shaw,SY,4.0,43.0,54,57.0,33.0,48.0,6.0,5.0,2.0,3.0,0.0,0.0,1.0,0.0,0.0,Full Time,news,%O and %M plus %T,guard,Playing at halfback,0.0,0.0,0.0,0.0,Back,2.0,18.0,59.6,67.5,1.87,1.48,1.72,0.0,65.0,,0.0,0.0,1.0,90.0,85.0,,,False,1679,1600,32,5406_SY,103.0,0,77.0,0,11.333333333333334,11.533333333333333,9.0,7.733333333333333,5.666666666666667,4.0,1.3333333333333333,2.4,0.0,0.0,0.3333333333333333,0.4,1.3333333333333333,1.2,0.0,0.06666666666666667,0.0,0.06666666666666667,1.8633333333333342,1.8373333333333335,1.48,1.3726666666666667,1.7166666666666668,1.5453333333333332,4.0,3.2,0.3333333333333333,0.2,2.3333333333333335,2.1333333333333333,80.66666666666667,83.06666666666666,83.0,70.53333333333333,,,1688.3333333333333,1718.7333333333333,1591.6666666666667,1535.4,66.9,71.8,75.8,70.0,1,news,54,77.45187716953986,-23.451877169539856
50187,5406,http://live.fanfooty.com.au/game/matchcentre.html?id=5406,SF,2015,291206.0,Mike,Pyke,SY,9.0,42.0,33,52.0,45.0,61.0,3.0,6.0,3.0,2.0,19.0,0.0,5.0,0.0,0.0,Full Time,canada,Starting at FF on Thompson then interchanging in ruck with Tippett... %H... also %D and %T... conceded %F,,,0.0,0.0,0.0,0.0,Ruck,38.0,20.0,97.2,64.6,1.6,1.96,2.62,0.0,35.0,,2.0,1.0,6.0,66.0,78.0,,,False,1679,1600,32,5406_SY,103.0,0,77.0,0,2.3333333333333335,2.7333333333333334,6.0,5.466666666666667,3.6666666666666665,2.066666666666667,1.6666666666666667,2.6666666666666665,14.333333333333334,26.733333333333334,0.3333333333333333,0.6666666666666666,2.3333333333333335,2.0,0.0,0.26666666666666666,0.0,0.13333333333333333,1.6033333333333335,1.0006666666666666,1.9533333333333331,1.886,2.5933333333333333,2.2960000000000003,3.0,4.4,0.6666666666666666,1.3333333333333333,2.6666666666666665,2.533333333333333,72.0,74.86666666666666,83.0,71.53333333333333,,,1688.3333333333333,1737.8,1591.6666666666667,1515.5333333333333,63.45,57.2,56.8,43.666666666666664,1,canada,33,62.00169018831777,-29.001690188317767
50312,5409,http://live.fanfooty.com.au/game/matchcentre.html?id=5409,GF,2015,220039.0,Brian,Lake,HW,19.0,89.0,102,118.0,71.0,90.0,14.0,3.0,11.0,2.0,0.0,0.0,0.0,0.0,0.0,Full Time,news,%P including %K... also %M and %T,job,Standing Darling,0.0,0.0,0.0,0.0,Back,17.0,18.0,60.2,66.3,1.6,1.8,2.16,0.0,70.0,,7.0,0.0,3.0,82.0,79.0,,,False,1275,1996,34,5409_HW,106.2,0,74.0,1,12.666666666666666,9.066666666666666,6.333333333333333,5.4,10.666666666666666,6.866666666666666,0.6666666666666666,1.5333333333333334,0.0,0.06666666666666667,0.0,0.8666666666666667,0.3333333333333333,0.6,0.0,0.0,0.0,0.0,1.6,1.5180000000000002,1.8,1.8013333333333335,2.16,2.1559999999999997,6.666666666666667,5.4,0.0,0.13333333333333333,3.0,2.0,80.66666666666667,81.4,85.66666666666667,89.2,,,1870.6666666666667,1761.5333333333333,1408.0,1513.8,71.65,68.5,76.4,82.33333333333333,1,news,102,81.24320867258022,20.756791327419776
50320,5409,http://live.fanfooty.com.au/game/matchcentre.html?id=5409,GF,2015,220036.0,David,Hale,HW,8.0,42.0,34,54.0,33.0,42.0,3.0,3.0,1.0,4.0,9.0,2.0,1.0,0.0,0.0,Full Time,news,Started at CHF on McGovern with stints in ruck... %D and %T,subbed,Subbed off in Q3 for Hale,0.0,0.0,0.0,0.0,Forward,20.0,18.0,78.8,69.1,1.1,2.47,2.95,0.0,45.0,,2.0,2.0,1.0,66.0,59.0,,,True,1275,1996,34,5409_HW,106.2,0,74.0,0,3.6666666666666665,3.8,2.0,5.6,1.3333333333333333,2.3333333333333335,2.3333333333333335,2.2,7.333333333333333,15.733333333333333,1.6666666666666667,1.3333333333333333,0.6666666666666666,1.2,0.3333333333333333,0.6666666666666666,0.0,0.3333333333333333,1.1,1.2826666666666668,2.47,2.376,2.95,2.530666666666667,3.0,5.266666666666667,2.0,2.2,1.0,1.8,70.66666666666667,74.86666666666666,63.666666666666664,73.4,,,1870.6666666666667,1788.0,1408.0,1487.7333333333333,66.2,56.6,45.6,36.666666666666664,1,news,34,69.345654826356,-35.345654826356
50809,5611,http://live.fanfooty.com.au/game/matchcentre.html?id=5611,R2,2016,250688.0,Alipate,Carlile,PA,3.0,41.0,39,31.0,32.0,46.0,5.0,7.0,1.0,2.0,0.0,0.0,0.0,0.0,1.0,Full Time,witcheshat,No touches in the first term... Largely responsible for Lynch... %D and %T plus %s,,,264200.0,,281000.0,,Back,27.0,0.0,0.0,0.0,0.0,0.0,0.0,252000.0,,,3.0,0.0,1.0,83.0,91.0,,,False,1935,1356,3,5611_PA,100.0,0,74.0,0,4.666666666666667,6.133333333333334,6.0,6.933333333333334,2.3333333333333335,3.1333333333333333,1.6666666666666667,1.8666666666666667,0.0,0.0,0.3333333333333333,0.4666666666666667,0.0,0.5333333333333333,0.0,0.0,0.3333333333333333,0.06666666666666667,0.4366666666666667,0.6880000000000001,0.2633333333333333,0.658,0.3033333333333334,0.772,2.6666666666666665,4.466666666666667,0.3333333333333333,0.3333333333333333,0.3333333333333333,1.8,84.33333333333333,77.4,83.0,88.53333333333333,,,1544.0,1629.5333333333333,1732.3333333333333,1641.0,52.7,49.7,42.4,40.0,1,witcheshat,39,50.09224492238473,-11.09224492238473
52333,5647,http://live.fanfooty.com.au/game/matchcentre.html?id=5647,R6,2016,240073.0,Heritier,Lumumba,ME,9.0,48.0,48,62.0,40.0,60.0,4.0,10.0,2.0,4.0,0.0,0.0,2.0,0.0,0.0,Full Time,news,%O including %B... also %T and %M,,,324600.0,0.0,326000.0,79.0,Back,8.0,3.0,56.67,54.67,0.48,0.76,0.84,309000.0,43.0,,5.0,0.0,3.0,71.0,87.0,,,False,1706,1384,7,5647_ME,99.0,0,73.0,0,8.0,7.466666666666667,9.0,7.6,5.333333333333333,3.466666666666667,2.3333333333333335,2.2666666666666666,0.0,0.26666666666666666,0.3333333333333333,0.5333333333333333,1.3333333333333333,0.9333333333333333,0.0,0.06666666666666667,0.0,0.06666666666666667,0.32,6.5153333333333325,0.5066666666666667,9.963333333333335,0.5466666666666667,14.449333333333332,4.0,3.8,1.0,0.6,1.6666666666666667,1.8666666666666667,83.33333333333333,80.6,89.0,89.4,,,1618.3333333333333,1581.6666666666667,1593.6666666666667,1685.6666666666667,60.0,51.6,56.6,60.333333333333336,1,news,48,71.4546809686201,-23.454680968620096
53327,5670,http://live.fanfooty.com.au/game/matchcentre.html?id=5670,R8,2016,261043.0,Michael,Jamison,CA,7.0,42.0,43,56.0,34.0,42.0,6.0,1.0,6.0,1.0,0.0,0.0,0.0,0.0,0.0,Full Time,job,%D with %k by foot... also %M... In defence on Westhoff,,,,0.0,234600.0,64.0,Back,40.0,4.0,31.75,41.25,0.32,0.43,0.36,192000.0,47.0,,0.0,0.0,1.0,100.0,84.0,,,False,1414,1885,9,5670_CA,101.0,0,72.0,0,4.333333333333333,5.2,4.0,4.666666666666667,3.6666666666666665,4.133333333333334,2.3333333333333335,1.3333333333333333,0.0,0.2,0.0,0.4,0.0,0.5333333333333333,0.0,0.0,0.0,0.0,0.10666666666666667,0.24666666666666665,0.14333333333333334,0.334,0.12,0.31666666666666665,1.0,3.0,0.0,0.13333333333333333,0.3333333333333333,1.2,83.0,85.4,83.33333333333333,78.6,,,1628.6666666666667,1529.8666666666666,1641.3333333333333,1724.3333333333333,49.8,54.1,48.8,45.0,1,job,43,42.05172628159784,0.948273718402163
53665,5678,http://live.fanfooty.com.au/game/matchcentre.html?id=5678,R9,2016,280386.0,Clancee,Pearce,FR,9.0,54.0,53,73.0,37.0,51.0,7.0,3.0,2.0,5.0,0.0,1.0,0.0,0.0,0.0,Full Time,news,%O and %M plus %T,,,445400.0,0.0,402600.0,115.0,Back,46.0,3.0,78.67,69.33,0.33,0.34,0.44,426000.0,91.0,,4.0,2.0,0.0,60.0,57.0,,,False,1744,1542,10,5678_FR,96.0,0,73.0,0,7.333333333333333,8.8,10.0,8.8,3.6666666666666665,4.333333333333333,2.6666666666666665,2.6,0.0,0.0,0.6666666666666666,0.3333333333333333,0.3333333333333333,0.4666666666666667,0.0,0.13333333333333333,0.0,0.06666666666666667,0.22,9.451333333333332,0.22999999999999998,7.263333333333334,0.2833333333333333,9.708,6.666666666666667,6.0,2.6666666666666665,2.0,0.6666666666666666,1.6,75.66666666666667,79.26666666666667,68.33333333333333,69.0,,,1520.6666666666667,1594.1333333333334,1742.3333333333333,1673.1333333333334,74.9,57.3,54.6,59.0,1,news,53,80.77604772820787,-27.77604772820787
53929,5684,http://live.fanfooty.com.au/game/matchcentre.html?id=5684,R10,2016,270830.0,Colin,Garland,ME,4.0,44.0,65,56.0,35.0,48.0,5.0,6.0,3.0,2.0,0.0,0.0,0.0,0.0,0.0,Full Time,concussed,Accidental elbow by Dixon to his face in Q4 left him woozy... %O and %M plus %T,job,Starting at CHB on Westhoff,305000.0,0.0,316000.0,85.0,Back,20.0,4.0,47.5,48.5,0.12,0.15,0.08,292000.0,76.0,,4.0,0.0,0.0,81.0,70.0,,,True,1701,1556,11,5684_ME,96.0,0,73.0,0,6.0,7.866666666666666,5.333333333333333,4.733333333333333,3.3333333333333335,3.7333333333333334,3.3333333333333335,2.6,0.0,0.0,0.3333333333333333,0.4,0.6666666666666666,0.9333333333333333,0.0,0.0,0.0,0.06666666666666667,0.12,0.19933333333333333,0.15,0.37333333333333335,0.08,0.18733333333333332,4.0,3.4,0.3333333333333333,0.4,1.0,1.8,81.0,75.33333333333333,84.33333333333333,88.53333333333333,,,1608.0,1582.0666666666666,1597.3333333333333,1685.0666666666666,61.6,54.7,52.0,56.0,1,concussed,65,72.65493084056959,-7.654930840569591
54060,5687,http://live.fanfooty.com.au/game/matchcentre.html?id=5687,R10,2016,250118.0,Nathan,van Berlo,AD,2.0,24.0,40,34.0,19.0,30.0,3.0,3.0,1.0,3.0,0.0,0.0,2.0,0.0,0.0,Full Time,news,%P and %T,,,394500.0,0.0,350100.0,104.0,Midfielder,7.0,1.0,36.0,52.0,0.66,1.11,0.91,360000.0,95.0,,3.0,0.0,2.0,83.0,77.0,,,False,1561,1714,11,5687_AD,96.0,0,73.0,0,7.666666666666667,9.0,4.333333333333333,6.0,3.0,4.066666666666666,2.6666666666666665,3.3333333333333335,0.0,0.06666666666666667,0.6666666666666666,0.5333333333333333,1.3333333333333333,0.7333333333333333,0.0,0.13333333333333333,0.3333333333333333,0.2,0.44,0.48133333333333334,0.7400000000000001,15.78,0.6066666666666667,16.566,3.6666666666666665,4.933333333333334,0.0,0.9333333333333333,2.0,2.2,80.33333333333333,74.4,80.0,76.53333333333333,,,1642.6666666666667,1621.2,1584.3333333333333,1639.0666666666666,62.95,61.4,53.0,51.0,1,news,40,69.94132009726786,-29.941320097267862
54206,5690,http://live.fanfooty.com.au/game/matchcentre.html?id=5690,R10,2016,281025.0,Luke,Russell,GC,8.0,53.0,43,37.0,45.0,59.0,8.0,4.0,6.0,1.0,0.0,0.0,1.0,0.0,2.0,Full Time,wing,%s from %O and %M... Starting on a HFF,,,317200.0,0.0,266000.0,128.0,Forward,8.0,1.0,19.0,15.0,0.23,0.48,0.13,284000.0,82.0,,1.0,0.0,1.0,75.0,78.0,,,False,1808,1448,11,5690_GC,96.0,0,73.0,0,4.666666666666667,7.466666666666667,6.333333333333333,5.666666666666667,2.3333333333333335,2.933333333333333,2.3333333333333335,2.7333333333333334,0.0,0.06666666666666667,0.0,0.3333333333333333,0.3333333333333333,0.3333333333333333,0.0,0.4,0.6666666666666666,0.5333333333333333,0.24,8.097333333333333,0.5066666666666667,0.284,0.13333333333333333,0.15133333333333335,2.3333333333333335,3.4,0.3333333333333333,1.2,0.6666666666666666,1.4666666666666666,86.0,70.8,73.66666666666667,73.26666666666667,,,1472.3333333333333,1478.2666666666667,1754.6666666666667,1773.3333333333333,46.25,42.2,36.0,35.333333333333336,1,wing,43,49.84998496373046,-6.8499849637304635
54249,5691,http://live.fanfooty.com.au/game/matchcentre.html?id=5691,R11,2016,240180.0,Troy,Chaplin,RI,4.0,43.0,44,30.0,34.0,45.0,7.0,2.0,4.0,2.0,0.0,1.0,1.0,0.0,0.0,Full Time,in,%P with %k by foot... also %M and %T... Late replacement for Dylan Grimes,,,318500.0,0.0,355400.0,72.0,Back,25.0,7.0,55.29,67.43,0.2,0.32,0.2,299000.0,58.0,,1.0,0.0,1.0,100.0,90.0,,,False,1865,1425,12,5691_RI,99.0,0,72.0,0,8.333333333333334,8.533333333333333,3.0,4.666666666666667,5.0,5.8,1.3333333333333333,1.8666666666666667,0.0,0.26666666666666666,1.3333333333333333,0.6666666666666666,0.6666666666666666,0.7333333333333333,0.0,0.06666666666666667,0.0,0.13333333333333333,0.21333333333333335,1.9066666666666665,0.3233333333333334,0.4026666666666667,0.21666666666666667,0.30533333333333335,3.6666666666666665,4.133333333333334,0.0,0.13333333333333333,1.0,1.2666666666666666,88.66666666666667,85.53333333333333,91.33333333333333,87.4,,,1653.6666666666667,1640.8666666666666,1624.3333333333333,1623.2,74.15,65.4,66.4,61.666666666666664,1,in,44,61.51539887298051,-17.515398872980512
54444,5697,http://live.fanfooty.com.au/game/matchcentre.html?id=5697,R11,2016,240419.0,Alan,Toovey,CO,3.0,36.0,48,47.0,28.0,39.0,6.0,4.0,1.0,2.0,0.0,2.0,1.0,0.0,0.0,Full Time,guard,%O and %T... Playing a BP role,,,246300.0,0.0,273300.0,99.0,Back,34.0,7.0,42.57,48.29,0.41,0.45,0.29,235000.0,75.0,,6.0,0.0,1.0,70.0,92.0,,,False,1693,1595,12,5697_CO,99.0,0,72.0,0,4.0,4.533333333333333,4.0,6.866666666666666,1.3333333333333333,1.9333333333333333,1.3333333333333333,3.466666666666667,0.0,0.0,1.0,0.4666666666666667,0.3333333333333333,0.8,0.0,0.0,0.0,0.06666666666666667,0.4033333333333333,0.2866666666666667,0.4366666666666667,0.7586666666666666,0.2833333333333334,0.6573333333333334,4.0,4.333333333333333,0.0,0.2,0.6666666666666666,1.6,82.0,73.8,70.33333333333333,82.06666666666666,,,1642.0,1635.4666666666667,1629.0,1635.0666666666666,50.95,45.1,45.2,37.666666666666664,1,guard,48,75.84580002958376,-27.845800029583756
54742,5704,http://live.fanfooty.com.au/game/matchcentre.html?id=5704,R12,2016,250257.0,Xavier,Ellis,WC,4.0,46.0,50,60.0,37.0,51.0,7.0,5.0,3.0,2.0,0.0,1.0,1.0,0.0,0.0,Full Time,in,%D and %M with %T... Late replacement for Sam Butler,,,358400.0,0.0,324700.0,101.0,Back,18.0,1.0,45.0,47.0,0.16,0.26,0.2,,79.0,,5.0,0.0,2.0,75.0,72.0,,,False,1760,1477,13,5704_WC,96.80000000000001,0,75.0,0,5.666666666666667,9.866666666666667,4.666666666666667,3.933333333333333,3.6666666666666665,4.533333333333333,2.0,1.5333333333333334,0.0,0.0,1.0,0.8666666666666667,0.6666666666666666,0.7333333333333333,0.3333333333333333,0.13333333333333333,0.0,0.0,0.37999999999999995,0.8186666666666667,0.17000000000000118,0.228,0.35000000000000003,0.8406666666666667,4.0,3.6,0.3333333333333333,0.7333333333333333,1.0,2.0,84.33333333333333,77.6,69.33333333333333,64.0,,,1558.0,1659.8666666666666,1699.3333333333333,1604.2,58.1,53.1,54.8,49.0,1,in,50,49.13562161694996,0.8643783830500382
55538,5722,http://live.fanfooty.com.au/game/matchcentre.html?id=5722,R15,2016,240546.0,Ivan,Maric,RI,19.0,51.0,51,54.0,48.0,54.0,1.0,1.0,0.0,3.0,39.0,1.0,2.0,0.0,0.0,Full Time,ruck,%H... also %D and %T... First ruck,,,476400.0,0.0,514900.0,208.0,Ruck,20.0,2.0,52.5,52.5,0.35,0.5,0.55,416000.0,130.0,,3.0,0.0,4.0,0.0,73.0,,,False,1696,1573,16,5722_RI,97.60000000000002,0,75.0,0,3.3333333333333335,5.6,3.0,4.933333333333334,1.3333333333333333,2.533333333333333,2.0,2.066666666666667,29.0,25.2,1.0,1.2666666666666666,2.0,0.9333333333333333,0.0,0.6,0.0,0.06666666666666667,0.42333333333333334,0.314,0.6,7.184666666666667,0.64,7.112,4.0,6.6,1.0,1.9333333333333333,2.6666666666666665,2.066666666666667,39.666666666666664,63.333333333333336,77.66666666666667,69.4,,,1546.3333333333333,1653.5333333333333,1724.0,1602.7333333333333,87.45,78.4,62.0,52.0,1,ruck,51,88.94005234984107,-37.94005234984107
56072,5735,http://live.fanfooty.com.au/game/matchcentre.html?id=5735,R16,2016,250703.0,James,Gwilt,ES,12.0,69.0,81,89.0,58.0,78.0,13.0,6.0,7.0,0.0,0.0,0.0,1.0,0.0,0.0,Full Time,job,%M and %O... Spending time on Membrey,,,394900.0,0.0,392500.0,54.0,Back,42.0,13.0,76.54,77.92,0.28,0.33,0.57,381000.0,74.0,,6.0,0.0,3.0,89.0,86.0,,,False,1636,1640,17,5735_ES,99.0,0,74.0,1,14.666666666666666,13.133333333333333,5.666666666666667,7.066666666666666,6.666666666666667,6.866666666666666,1.0,1.6,0.0,0.0,0.0,0.3333333333333333,1.6666666666666667,1.2666666666666666,0.0,0.0,0.0,0.0,0.2733333333333334,0.25666666666666665,0.32,0.22533333333333333,0.5466666666666667,0.38066666666666665,6.0,3.933333333333333,0.0,0.06666666666666667,3.0,3.3333333333333335,85.0,79.86666666666666,91.66666666666667,88.93333333333334,,,1569.6666666666667,1549.0,1691.6666666666667,1705.0666666666666,78.2,78.5,86.0,91.66666666666667,1,job,81,68.87233924520885,12.127660754791151
56100,5735,http://live.fanfooty.com.au/game/matchcentre.html?id=5735,R16,2016,270303.0,Luke,Delaney,SK,5.0,44.0,48,40.0,38.0,51.0,4.0,7.0,4.0,2.0,0.0,1.0,1.0,0.0,0.0,Full Time,job,%D and %M with %T... Has Daniher,,,202800.0,0.0,244800.0,39.0,Back,21.0,3.0,32.33,43.67,0.26,0.24,0.16,184000.0,40.0,,4.0,1.0,1.0,90.0,98.0,,,False,1640,1636,17,5735_SK,99.0,0,74.0,0,3.0,3.2666666666666666,6.333333333333333,5.2,4.0,4.0,2.3333333333333335,1.7333333333333334,0.0,0.06666666666666667,1.3333333333333333,0.6,0.6666666666666666,1.0666666666666667,0.0,0.0,0.0,0.0,0.2333333333333333,0.21600000000000003,0.23333333333333336,1.3886666666666667,0.14333333333333334,0.82,4.333333333333333,2.8666666666666667,0.3333333333333333,0.13333333333333333,0.6666666666666666,1.3333333333333333,89.0,88.53333333333333,95.66666666666667,92.93333333333334,,,1541.3333333333333,1612.7333333333333,1725.0,1650.6,45.7,44.1,47.6,50.666666666666664,1,job,48,41.36444258264938,6.635557417350618
56123,5736,http://live.fanfooty.com.au/game/matchcentre.html?id=5736,R17,2016,210027.0,Ted,Richards,SY,3.0,37.0,36,48.0,30.0,39.0,5.0,3.0,4.0,1.0,0.0,0.0,0.0,0.0,0.0,Full Time,spearhead,%M and %O... At FF on Frawley,,,279200.0,0.0,317500.0,129.0,Back,25.0,6.0,41.17,50.83,0.36,0.42,0.61,242000.0,63.0,,4.0,0.0,1.0,62.0,77.0,,,False,1655,1619,18,5736_SY,97.0,0,73.0,0,4.666666666666667,5.6,3.0,6.4,3.6666666666666665,3.6,1.0,1.4666666666666666,0.0,0.0,0.3333333333333333,0.7333333333333333,0.3333333333333333,0.4666666666666667,0.3333333333333333,0.13333333333333333,0.6666666666666666,0.2,0.3866666666666667,3.2706666666666666,0.45,0.7026666666666667,0.66,0.8826666666666667,3.0,5.6,0.0,0.06666666666666667,1.3333333333333333,1.4,74.0,78.4,81.0,81.53333333333333,,,1611.6666666666667,1682.9333333333334,1655.0,1575.2666666666667,61.5,59.7,56.8,41.666666666666664,1,spearhead,36,60.983220806736185,-24.983220806736185
56435,5743,http://live.fanfooty.com.au/game/matchcentre.html?id=5743,R17,2016,293431.0,Ben,Kennedy,ME,14.0,69.0,49,54.0,60.0,78.0,7.0,12.0,4.0,1.0,0.0,2.0,0.0,1.0,0.0,Full Time,wing,%s from %D and %M... Playing wing and half forward,,,356300.0,0.0,324900.0,72.0,Forward,35.0,14.0,67.71,69.93,6.19,15.61,11.75,337000.0,79.0,,9.0,0.0,4.0,57.0,65.0,,,False,1704,1565,18,5743_ME,97.0,0,73.0,0,7.0,8.533333333333333,9.333333333333334,8.733333333333333,2.6666666666666665,3.1333333333333333,1.6666666666666667,2.6,0.0,0.0,1.3333333333333333,0.7333333333333333,0.0,0.4666666666666667,0.6666666666666666,0.8666666666666667,0.6666666666666666,0.4,6.403333333333333,11.084666666666665,16.183333333333334,25.515333333333334,11.963333333333333,13.552,5.666666666666667,6.466666666666667,0.3333333333333333,1.2,2.3333333333333335,2.0,60.666666666666664,66.26666666666667,76.66666666666667,76.93333333333334,,,1706.0,1633.4666666666667,1563.3333333333333,1613.2666666666667,61.8,63.2,59.0,53.666666666666664,1,wing,49,62.00057039356841,-13.00057039356841
56511,5745,http://live.fanfooty.com.au/game/matchcentre.html?id=5745,R18,2016,291386.0,Ben,Sinclair,CO,0.0,0.0,0,0.0,0.0,0.0,0.0,0.0,0.0,0.0,0.0,0.0,0.0,0.0,0.0,Full Time,injured,Copped a heavy knock in Q1 in a clash with Anderson which lead to a concussion test... did not return,guard,Coming off halfback,333500.0,0.0,355300.0,45.0,Back,28.0,11.0,60.09,67.27,0.4,0.48,0.6,321000.0,48.0,,0.0,0.0,0.0,0.0,3.0,,,True,1722,1530,19,5745_CO,97.80000000000001,0,73.0,0,6.666666666666667,8.2,6.333333333333333,7.4,2.3333333333333335,2.933333333333333,1.0,2.2666666666666666,0.0,0.0,0.6666666666666666,0.7333333333333333,0.3333333333333333,0.3333333333333333,0.3333333333333333,0.13333333333333333,0.0,0.13333333333333333,0.3766666666666667,0.4793333333333333,0.4633333333333333,0.3233333333333333,0.5666666666666668,0.3506666666666666,4.666666666666667,4.266666666666667,2.0,0.4666666666666667,1.3333333333333333,1.3333333333333333,60.0,73.73333333333333,57.0,74.0,,,1636.3333333333333,1611.3333333333333,1616.6666666666667,1657.2666666666667,60.0,65.6,67.4,56.333333333333336,1,injured,0,43.39134884266997,-43.39134884266997
56907,5754,http://live.fanfooty.com.au/game/matchcentre.html?id=5754,R19,2016,240087.0,Jed,Adcock,WB,13.0,73.0,71,35.0,57.0,78.0,16.0,2.0,6.0,2.0,0.0,1.0,2.0,0.0,0.0,Full Time,wing,%P including %K... also %M and %T... Starting on a wing,,,277800.0,0.0,269700.0,52.0,Back,44.0,6.0,50.0,49.5,0.64,0.87,0.62,271000.0,60.0,,7.0,0.0,3.0,77.0,80.0,,,False,1754,1515,20,5754_WB,97.0,0,73.0,0,10.666666666666666,6.933333333333334,6.333333333333333,5.6,4.666666666666667,4.066666666666666,2.0,2.7333333333333334,0.0,0.0,0.3333333333333333,1.0666666666666667,0.6666666666666666,1.0,0.0,0.8666666666666667,0.0,0.5333333333333333,0.7166666666666668,0.9073333333333334,0.9933333333333333,1.0873333333333335,0.79,1.0779999999999998,4.333333333333333,3.2666666666666666,0.0,0.4666666666666667,1.6666666666666667,1.6,84.0,81.53333333333333,83.66666666666667,83.26666666666667,,,1576.0,1641.4,1692.3333333333333,1618.9333333333334,57.3,59.0,52.6,61.666666666666664,1,wing,71,64.48775929532668,6.512240704673317
57153,5760,http://live.fanfooty.com.au/game/matchcentre.html?id=5760,R19,2016,260394.0,Chris,Dawes,ME,16.0,62.0,65,80.0,51.0,63.0,5.0,3.0,5.0,4.0,5.0,1.0,1.0,1.0,1.0,Full Time,spearhead,%s from %P and %M plus %T... Up forward on Thompson,,,307500.0,0.0,264700.0,81.0,Forward,6.0,4.0,51.5,49.4,0.07,0.09,0.08,285000.0,49.0,,2.0,1.0,1.0,87.0,80.0,,,False,1462,1782,20,5760_ME,97.0,0,73.0,0,6.0,7.266666666666667,3.6666666666666665,5.4,3.0,4.066666666666666,4.333333333333333,1.9333333333333333,2.6666666666666665,3.066666666666667,1.6666666666666667,1.3333333333333333,0.6666666666666666,0.8666666666666667,1.0,0.8,0.3333333333333333,0.8,0.07,3.3273333333333337,0.09666666666666668,0.20666666666666667,0.08,0.16266666666666665,4.333333333333333,5.4,0.3333333333333333,0.7333333333333333,3.6666666666666665,2.6666666666666665,57.333333333333336,67.4,82.0,81.46666666666667,,,1698.6666666666667,1595.6666666666667,1542.3333333333333,1670.3333333333333,56.35,58.9,52.8,48.0,1,spearhead,65,59.54696259095378,5.4530374090462175
57175,5760,http://live.fanfooty.com.au/game/matchcentre.html?id=5760,R19,2016,230132.0,Nick,Malceski,GC,9.0,45.0,50,32.0,37.0,48.0,6.0,4.0,3.0,1.0,0.0,0.0,0.0,1.0,0.0,Full Time,cactus,Looks set for the knackery at this rate... %D and %M plus %s,guard,Playing in defence,413700.0,0.0,362000.0,95.0,Back,7.0,15.0,78.0,73.24,3.38,5.16,4.93,401000.0,72.0,,2.0,0.0,1.0,90.0,67.0,,,False,1782,1462,20,5760_GC,97.0,0,73.0,0,11.666666666666666,12.266666666666667,5.666666666666667,7.4,6.666666666666667,5.4,1.0,2.6,0.0,0.26666666666666666,1.0,0.9333333333333333,1.3333333333333333,1.1333333333333333,0.3333333333333333,0.26666666666666666,0.0,0.26666666666666666,3.38,2.7359999999999998,5.259999999999999,4.715333333333334,4.953333333333333,4.328666666666666,3.0,5.066666666666666,0.6666666666666666,1.3333333333333333,3.0,3.3333333333333335,79.0,70.46666666666667,74.66666666666667,78.33333333333333,,,1536.3333333333333,1519.1333333333334,1725.3333333333333,1739.6,76.75,68.2,74.2,59.333333333333336,1,cactus,50,51.939127614219714,-1.9391276142197142
57342,5764,http://live.fanfooty.com.au/game/matchcentre.html?id=5764,R20,2016,270779.0,Paul,Stewart,PA,10.0,55.0,64,37.0,43.0,63.0,10.0,3.0,4.0,4.0,0.0,0.0,3.0,0.0,0.0,Full Time,job,%D including %K... also %M and %T... not helped by %F... Spending time on Towers,,,217800.0,0.0,251900.0,27.0,Forward,14.0,13.0,45.38,50.62,0.09,0.09,0.2,210000.0,35.0,,5.0,0.0,4.0,84.0,79.0,,,False,1975,1293,21,5764_PA,98.0,0,75.0,0,9.0,7.266666666666667,4.333333333333333,4.2,3.6666666666666665,3.533333333333333,2.0,2.066666666666667,0.0,0.0,0.0,0.6,1.6666666666666667,0.9333333333333333,0.0,0.0,0.0,0.0,0.09,0.166,0.09,0.12733333333333333,0.19333333333333333,0.21666666666666667,4.666666666666667,4.2,0.3333333333333333,0.13333333333333333,2.6666666666666665,2.2666666666666666,82.0,75.33333333333333,83.0,80.6,,,1586.3333333333333,1615.5333333333333,1665.0,1639.8666666666666,51.0,54.1,55.6,64.33333333333333,1,job,64,47.972188759876914,16.027811240123086
57406,5766,http://live.fanfooty.com.au/game/matchcentre.html?id=5766,R20,2016,290815.0,Tom,Nicholls,GC,21.0,73.0,66,88.0,60.0,75.0,3.0,7.0,2.0,5.0,18.0,0.0,0.0,1.0,0.0,Full Time,sore,Limping late Q2 and onwards with a left knee issue... %H... also %D and %M with %T... %s as well,ruck,,397600.0,0.0,412100.0,78.0,Ruck,22.0,14.0,77.57,83.71,0.76,0.51,1.01,384000.0,82.0,,8.0,1.0,1.0,40.0,78.0,,,True,1668,1592,21,5766_GC,98.0,0,75.0,0,3.6666666666666665,3.6,8.333333333333334,8.4,2.6666666666666665,2.3333333333333335,5.666666666666667,4.866666666666666,17.0,22.0,0.3333333333333333,0.6666666666666666,0.6666666666666666,1.4666666666666666,0.3333333333333333,0.13333333333333333,0.0,0.13333333333333333,0.7266666666666666,0.9206666666666666,0.5000000000000001,0.3739999999999995,1.01,0.7926666666666667,10.666666666666666,9.066666666666666,3.6666666666666665,3.4,1.3333333333333333,2.533333333333333,66.66666666666667,70.26666666666667,80.0,80.26666666666667,,,1615.3333333333333,1583.0666666666666,1644.0,1684.1333333333334,79.95,82.5,84.0,81.0,1,sore,66,85.4811822221269,-19.481182222126904
57542,5769,http://live.fanfooty.com.au/game/matchcentre.html?id=5769,R20,2016,240014.0,Andrew,Walker,CA,3.0,34.0,37,40.0,30.0,42.0,2.0,9.0,2.0,1.0,0.0,0.0,0.0,0.0,0.0,Full Time,spearhead,%O with %b by hand... also %M... Third tall forward on Gilbert,,,315900.0,0.0,290700.0,105.0,Back,1.0,10.0,56.1,54.0,0.66,1.21,7.72,299000.0,83.0,,4.0,0.0,1.0,54.0,83.0,,,False,1810,1456,21,5769_CA,98.0,0,75.0,0,4.666666666666667,7.466666666666667,7.333333333333333,4.2,2.3333333333333335,3.6,1.3333333333333333,2.0,0.0,0.26666666666666666,0.3333333333333333,1.1333333333333333,1.0,0.9333333333333333,0.0,1.3333333333333333,0.3333333333333333,0.7333333333333333,0.8633333333333327,0.7546666666666666,1.4000000000000001,0.9633333333333333,8.123333333333333,5.561999999999999,5.333333333333333,4.533333333333333,0.3333333333333333,0.26666666666666666,3.6666666666666665,2.6,58.333333333333336,60.6,82.0,76.46666666666667,,,1477.6666666666667,1567.0666666666666,1782.0,1682.3333333333333,54.1,52.5,46.4,37.333333333333336,1,spearhead,37,61.439908790535085,-24.439908790535085
57770,5774,http://live.fanfooty.com.au/game/matchcentre.html?id=5774,R21,2016,250623.0,Robbie,Nahas,NM,11.0,60.0,49,50.0,50.0,66.0,6.0,8.0,4.0,2.0,0.0,0.0,0.0,1.0,0.0,Full Time,lebanon,%s from %P and %M plus %T,wing,Rotating forward,270000.0,0.0,251600.0,99.0,Forward,28.0,7.0,45.57,47.43,0.11,0.17,0.07,259000.0,87.0,,5.0,1.0,4.0,64.0,68.0,,,False,1798,1476,22,5774_NM,97.0,0,73.0,0,6.666666666666667,6.733333333333333,4.666666666666667,4.466666666666667,3.0,3.7333333333333334,2.6666666666666665,3.4,0.0,0.0,0.0,0.6,0.3333333333333333,0.4,0.3333333333333333,1.0,1.0,0.8666666666666667,0.11333333333333333,0.2826666666666667,0.17,0.316,0.07333333333333335,0.21533333333333332,4.666666666666667,4.333333333333333,0.3333333333333333,0.4666666666666667,2.6666666666666665,1.7333333333333334,56.0,69.66666666666667,76.0,67.46666666666667,,,1601.0,1636.8,1684.6666666666667,1624.8666666666666,56.55,56.5,50.2,45.666666666666664,1,lebanon,49,82.56289241277508,-33.562892412775085
58090,5782,http://live.fanfooty.com.au/game/matchcentre.html?id=5782,R22,2016,291963.0,Brad,McKenzie,NM,14.0,74.0,75,95.0,58.0,78.0,12.0,6.0,3.0,3.0,0.0,2.0,1.0,1.0,0.0,Full Time,guard,%D and %M with %T... %s as well,,,307900.0,0.0,356100.0,88.0,Midfielder,2.0,11.0,59.45,69.54,0.36,0.86,0.9,319000.0,59.0,,5.0,0.0,6.0,77.0,80.0,,,False,1572,1693,23,5782_NM,94.0,0,69.0,1,10.666666666666666,10.8,4.0,4.533333333333333,4.333333333333333,3.6666666666666665,3.3333333333333335,2.3333333333333335,0.0,0.0,1.0,0.6,0.3333333333333333,0.4,0.3333333333333333,0.13333333333333333,0.0,0.13333333333333333,0.36,0.31933333333333336,0.8666666666666667,0.7773333333333333,0.91,0.7493333333333333,3.6666666666666665,3.6,0.3333333333333333,0.8,2.3333333333333335,1.9333333333333333,85.0,81.2,84.33333333333333,81.6,,,1623.6666666666667,1628.9333333333334,1643.0,1640.7333333333333,64.05,67.2,77.6,69.33333333333333,1,guard,75,88.37665600401242,-13.376656004012418
58307,5787,http://live.fanfooty.com.au/game/matchcentre.html?id=5787,R22,2016,261257.0,Andrejs,Everitt,CA,18.0,70.0,71,87.0,59.0,76.0,9.0,7.0,6.0,1.0,0.0,0.0,0.0,1.0,1.0,Full Time,in,%O and %M plus %s... Late replacement for Jack Silvagni,,,311600.0,0.0,290300.0,80.0,Midfielder,33.0,12.0,64.08,65.67,0.14,0.23,3.15,305000.0,75.0,,2.0,1.0,2.0,75.0,77.0,,,False,1571,1698,23,5787_CA,94.0,0,69.0,1,7.333333333333333,7.8,6.0,6.2,5.333333333333333,5.4,1.3333333333333333,1.2,0.0,0.4,0.3333333333333333,0.4666666666666667,0.0,0.26666666666666666,0.6666666666666666,1.3333333333333333,0.3333333333333333,0.7333333333333333,0.1533333333333334,0.12333333333333334,0.2466666666666667,0.35400000000000004,3.1933333333333334,3.542666666666667,2.3333333333333335,3.6666666666666665,0.6666666666666666,0.6666666666666666,0.6666666666666666,1.4,85.66666666666667,78.6,77.33333333333333,77.53333333333333,,,1577.3333333333333,1573.8666666666666,1679.3333333333333,1670.9333333333334,64.25,61.6,58.0,57.0,1,in,71,56.58273521008306,14.417264789916942
58384,5789,http://live.fanfooty.com.au/game/matchcentre.html?id=5789,R22,2016,230214.0,Mathew,Stokes,ES,21.0,118.0,106,149.0,96.0,130.0,16.0,15.0,9.0,3.0,0.0,0.0,0.0,0.0,1.0,Full Time,hot,%P and %M plus %T... %s as well,pocket,Starting deep forward,337000.0,0.0,293300.0,39.0,Midfielder,48.0,9.0,71.0,64.0,0.67,1.05,0.94,342000.0,60.0,,8.0,3.0,3.0,77.0,85.0,,,False,1736,1531,23,5789_ES,94.0,1,69.0,1,11.666666666666666,9.066666666666666,12.0,10.066666666666666,7.0,5.333333333333333,2.6666666666666665,2.066666666666667,0.0,0.0,0.0,0.6,0.0,0.13333333333333333,0.0,0.5333333333333333,0.3333333333333333,0.4,0.6900000000000001,3.1060000000000003,1.0599999999999998,0.7373333333333334,0.9,0.7153333333333333,6.333333333333333,5.066666666666666,1.6666666666666667,1.0666666666666667,1.6666666666666667,1.6666666666666667,77.66666666666667,75.86666666666666,85.0,79.8,,,1567.3333333333333,1613.4666666666667,1691.3333333333333,1638.3333333333333,68.0,67.1,69.6,83.0,1,hot,106,75.6110028668308,30.388997133169198
58387,5789,http://live.fanfooty.com.au/game/matchcentre.html?id=5789,R22,2016,230041.0,Adam,Cooney,ES,20.0,95.0,75,120.0,76.0,100.0,13.0,9.0,6.0,3.0,0.0,1.0,0.0,1.0,1.0,Full Time,shovel,%P and %M plus %T... %s as well... Playing in midfield,,,475100.0,0.0,405000.0,84.0,Midfielder,17.0,17.0,89.0,82.0,0.68,0.6,0.8,455000.0,92.0,,8.0,4.0,2.0,63.0,76.0,,,False,1736,1531,23,5789_ES,94.0,0,69.0,1,14.666666666666666,13.333333333333334,6.666666666666667,9.933333333333334,6.333333333333333,6.2,3.0,2.933333333333333,0.3333333333333333,0.3333333333333333,1.0,0.5333333333333333,0.3333333333333333,0.3333333333333333,0.6666666666666666,0.3333333333333333,1.3333333333333333,0.8,0.68,0.65,0.5933333333333334,0.6226666666666667,0.8066666666666666,0.8133333333333334,6.0,7.333333333333333,2.6666666666666665,3.0,2.6666666666666665,2.533333333333333,62.0,68.66666666666667,74.33333333333333,76.53333333333333,,,1594.3333333333333,1536.0666666666666,1667.0,1718.6,81.4,80.1,80.6,80.66666666666667,1,shovel,75,65.81819063442678,9.181809365573216
58502,5791,http://live.fanfooty.com.au/game/matchcentre.html?id=5791,R23,2016,296027.0,Matt,Jones,ME,5.0,60.0,52,49.0,47.0,63.0,7.0,7.0,4.0,3.0,0.0,1.0,0.0,0.0,0.0,Full Time,wing,Just the one touch in the first term... %P and %M plus %T,in,Late inclusion for Dean Kent,405800.0,0.0,363700.0,34.0,Midfielder,45.0,9.0,79.78,76.33,0.17,0.33,0.32,385000.0,55.0,,3.0,0.0,0.0,85.0,79.0,,,False,1954,1317,24,5791_ME,99.0,0,72.0,0,8.666666666666666,8.866666666666667,10.0,8.933333333333334,4.333333333333333,4.066666666666666,5.333333333333333,3.466666666666667,0.0,0.0,1.0,0.5333333333333333,0.0,0.6666666666666666,0.3333333333333333,0.2,0.0,0.06666666666666667,0.14333333333333334,0.186,0.32666666666666666,0.21066666666666667,0.35999999999999993,0.14133333333333334,5.0,5.866666666666666,1.0,1.8,0.3333333333333333,1.9333333333333333,83.66666666666667,74.66666666666667,77.0,74.86666666666666,,,1596.3333333333333,1575.3333333333333,1645.6666666666667,1688.8666666666666,60.85,73.7,78.6,80.33333333333333,1,wing,52,63.49123494645899,-11.491234946458988
58526,5792,http://live.fanfooty.com.au/game/matchcentre.html?id=5792,R23,2016,240245.0,Courtenay,Dempsey,ES,14.0,61.0,46,77.0,51.0,64.0,10.0,3.0,6.0,0.0,0.0,0.0,0.0,1.0,1.0,Full Time,wing,%D including %K... also %M... and booted %s... Starting at half forward,,,280000.0,0.0,261300.0,77.0,Back,15.0,13.0,63.54,64.85,1.09,2.25,1.22,279000.0,79.0,,2.0,0.0,2.0,61.0,77.0,,,False,1482,1786,24,5792_ES,99.0,0,72.0,0,9.333333333333334,10.8,3.0,4.466666666666667,5.333333333333333,4.2,0.0,1.8,0.0,0.0,0.0,0.6,1.0,0.9333333333333333,0.3333333333333333,0.3333333333333333,0.6666666666666666,0.4,1.4100000000000001,1.3366666666666667,2.603333333333333,2.6026666666666665,1.6666666666666667,1.73,2.0,4.8,0.3333333333333333,0.9333333333333333,3.3333333333333335,3.0,76.33333333333333,73.2,80.33333333333333,81.2,,,1557.6666666666667,1523.6666666666667,1706.6666666666667,1730.8,59.75,53.6,44.0,43.666666666666664,1,wing,46,60.19387202848802,-14.193872028488023
58586,5793,http://live.fanfooty.com.au/game/matchcentre.html?id=5793,R23,2016,270737.0,Shaun,Hampson,RI,20.0,57.0,61,56.0,53.0,59.0,2.0,3.0,1.0,2.0,29.0,2.0,1.0,1.0,0.0,Full Time,ruck,%H... also %P and %T... and kicked %s,,,354800.0,0.0,359400.0,48.0,Ruck,16.0,19.0,64.79,72.26,1.02,1.28,3.01,346000.0,83.0,,4.0,2.0,2.0,80.0,85.0,,,False,1962,1328,24,5793_RI,99.0,0,72.0,0,3.6666666666666665,3.2666666666666666,4.0,4.6,2.6666666666666665,2.6666666666666665,2.0,1.9333333333333333,26.666666666666668,34.666666666666664,1.6666666666666667,1.4666666666666666,0.6666666666666666,1.6,0.6666666666666666,0.26666666666666666,0.0,0.06666666666666667,1.0066666666666666,0.9446666666666665,1.2633333333333334,1.164,3.0433333333333334,3.3493333333333335,6.0,5.2,2.0,1.2666666666666666,1.3333333333333333,2.6,90.0,73.73333333333333,82.66666666666667,80.46666666666667,,,1493.0,1630.4,1775.6666666666667,1639.0666666666666,74.0,78.5,67.8,78.66666666666667,1,ruck,61,82.45529996090161,-21.455299960901613
58632,5794,http://live.fanfooty.com.au/game/matchcentre.html?id=5794,R23,2016,230195.0,Jay,Schulz,PA,15.0,60.0,77,45.0,54.0,66.0,6.0,7.0,3.0,0.0,0.0,1.0,0.0,3.0,0.0,Full Time,spearhead,%s from %P and %M... Playing FF on Clurey,,,275400.0,0.0,306800.0,129.0,Forward,28.0,6.0,45.17,54.17,0.19,0.25,0.32,264000.0,86.0,,7.0,1.0,1.0,84.0,86.0,,,False,1646,1622,24,5794_PA,99.0,0,72.0,1,3.6666666666666665,5.6,4.666666666666667,3.933333333333333,2.3333333333333335,4.133333333333334,1.0,1.9333333333333333,0.0,0.0,0.6666666666666666,0.7333333333333333,0.3333333333333333,1.0666666666666667,1.3333333333333333,1.9333333333333333,0.6666666666666666,0.6,0.19,0.17666666666666667,0.25333333333333335,0.7646666666666666,0.32,0.8586666666666667,5.0,4.0,0.3333333333333333,0.13333333333333333,1.3333333333333333,1.7333333333333334,69.66666666666667,76.53333333333333,83.66666666666667,88.33333333333333,,,1581.6666666666667,1624.6666666666667,1672.0,1647.4666666666667,64.9,61.4,57.2,46.666666666666664,1,spearhead,77,64.29350348964986,12.706496510350135
58634,5794,http://live.fanfooty.com.au/game/matchcentre.html?id=5794,R23,2016,261083.0,Nathan,Krakouer,PA,4.0,53.0,53,32.0,37.0,51.0,10.0,1.0,3.0,3.0,0.0,0.0,0.0,0.0,0.0,Full Time,guard,%D including %K... also %M and %T... Floating at halfback,,,325000.0,0.0,370900.0,111.0,Back,48.0,14.0,60.43,69.71,0.24,0.23,0.46,309000.0,82.0,,4.0,0.0,3.0,54.0,78.0,,,False,1646,1622,24,5794_PA,99.0,0,72.0,0,7.666666666666667,10.533333333333333,2.0,3.3333333333333335,2.6666666666666665,3.6,2.3333333333333335,2.4,0.0,0.0,0.3333333333333333,0.6,0.0,0.3333333333333333,0.3333333333333333,0.26666666666666666,0.0,0.06666666666666667,0.24666666666666667,0.24000000000000002,0.22333333333333336,0.194,0.47,0.4533333333333333,5.0,5.666666666666667,0.3333333333333333,0.4,1.0,2.2,69.33333333333333,72.4,76.0,77.4,,,1565.6666666666667,1615.6666666666667,1687.6666666666667,1645.0,68.15,73.0,71.6,57.333333333333336,1,guard,53,87.88479430727989,-34.88479430727989
58698,5796,http://live.fanfooty.com.au/game/matchcentre.html?id=5796,R23,2016,240708.0,Sam,Fisher,SK,12.0,64.0,72,79.0,56.0,73.0,8.0,9.0,7.0,0.0,0.0,0.0,0.0,0.0,1.0,Full Time,job,%O and %M plus %s... Standing Walker,,,305800.0,0.0,350700.0,119.0,Back,25.0,11.0,56.91,69.55,0.13,0.32,0.25,297000.0,88.0,,8.0,0.0,1.0,88.0,85.0,,,False,1449,1821,24,5796_SK,99.0,0,72.0,1,6.666666666666667,10.133333333333333,6.666666666666667,5.533333333333333,5.333333333333333,6.266666666666667,0.6666666666666666,1.6666666666666667,0.0,0.7333333333333333,0.3333333333333333,0.4666666666666667,0.6666666666666666,1.5333333333333334,0.0,0.0,0.3333333333333333,0.13333333333333333,0.13,0.15200000000000002,0.32,0.48466666666666663,0.25,0.40800000000000003,4.333333333333333,4.933333333333334,0.0,0.26666666666666666,1.6666666666666667,2.7333333333333334,81.33333333333333,79.73333333333333,75.0,82.6,,,1716.0,1619.6,1550.0,1622.2666666666667,71.85,69.0,65.6,56.666666666666664,1,job,72,58.73917726884588,13.260822731154121
58700,5796,http://live.fanfooty.com.au/game/matchcentre.html?id=5796,R23,2016,230243.0,Sean,Dempster,SK,5.0,54.0,80,68.0,45.0,60.0,5.0,8.0,5.0,2.0,0.0,0.0,0.0,0.0,0.0,Full Time,job,%D and %M with %T... Has Clayton,,,326300.0,0.0,350700.0,53.0,Back,24.0,18.0,56.33,64.72,0.25,0.44,0.48,302000.0,37.0,,4.0,0.0,0.0,92.0,99.0,,,False,1449,1821,24,5796_SK,99.0,0,72.0,1,9.666666666666666,8.8,5.333333333333333,5.8,6.666666666666667,6.333333333333333,2.0,1.4,0.0,0.0,1.0,0.4666666666666667,0.6666666666666666,0.8,0.3333333333333333,0.06666666666666667,0.0,0.0,0.23,0.15,0.44000000000000017,0.31799999999999995,0.4599999999999998,0.3073333333333333,5.0,5.066666666666666,0.0,0.06666666666666667,1.0,1.5333333333333334,90.0,84.8,92.33333333333333,91.0,,,1688.6666666666667,1626.7333333333333,1579.0,1636.0,67.8,71.4,76.2,81.33333333333333,1,job,80,57.641676237617254,22.358323762382746
58722,5796,http://live.fanfooty.com.au/game/matchcentre.html?id=5796,R23,2016,230147.0,Daniel,Merrett,BL,9.0,42.0,65,34.0,33.0,42.0,5.0,2.0,3.0,2.0,0.0,0.0,0.0,1.0,0.0,Full Time,switch,%D with %k by foot... also %M and %T... and booted %s... At FB on Bruce... switched forward in Q3,,,151700.0,0.0,236300.0,29.0,Back,21.0,18.0,33.89,52.83,0.66,0.48,2.04,148000.0,-3.0,,3.0,0.0,0.0,100.0,97.0,,,False,1821,1449,24,5796_BL,99.0,0,72.0,0,3.6666666666666665,5.0,1.6666666666666667,3.8666666666666667,2.3333333333333335,2.933333333333333,0.6666666666666666,1.4666666666666666,0.0,0.0,0.3333333333333333,1.2,1.0,2.0,0.3333333333333333,0.06666666666666667,0.0,0.0,0.54,0.37999999999999995,0.47,0.39399999999999996,1.7266666666666666,0.9979999999999999,3.3333333333333335,5.133333333333334,0.0,0.13333333333333333,1.6666666666666667,2.533333333333333,62.333333333333336,79.33333333333333,97.66666666666667,96.53333333333333,,,1029.0,1409.4,1143.3333333333333,1644.8666666666666,55.1,49.6,41.8,41.333333333333336,1,switch,65,73.97905362904453,-8.979053629044529
58775,5798,http://live.fanfooty.com.au/game/matchcentre.html?id=5798,R23,2016,200032.0,Matthew,Pavlich,FR,26.0,102.0,96,130.0,84.0,105.0,14.0,6.0,10.0,2.0,0.0,1.0,0.0,1.0,3.0,Full Time,superpav,%s from %O and %M plus %T,spearhead,His last game at FF on Hamling,389800.0,0.0,392400.0,75.0,Forward,29.0,17.0,71.41,77.35,0.39,0.46,0.7,372000.0,76.0,,7.0,0.0,1.0,60.0,95.0,,,False,1515,1744,24,5798_FR,99.0,0,72.0,1,10.333333333333334,8.666666666666666,5.0,5.4,6.666666666666667,4.8,3.3333333333333335,3.466666666666667,0.0,0.2,1.0,0.9333333333333333,0.6666666666666666,0.8,1.6666666666666667,1.6666666666666667,1.3333333333333333,1.4666666666666666,0.39,0.4033333333333333,0.46,0.45466666666666666,0.7133333333333333,0.7446666666666666,7.666666666666667,6.466666666666667,0.0,0.4,1.6666666666666667,1.6666666666666667,66.0,66.33333333333333,90.33333333333333,89.13333333333334,,,1594.6666666666667,1569.2,1668.0,1687.7333333333333,76.9,85.8,83.0,88.0,1,superpav,96,78.6333970490654,17.366602950934606
58967,5804,http://live.fanfooty.com.au/game/matchcentre.html?id=5804,EF,2016,960491.0,Brent,Harvey,NM,18.0,81.0,53,36.0,68.0,95.0,17.0,8.0,6.0,0.0,0.0,0.0,2.0,0.0,2.0,Full Time,pocket,%s from %D and %M... Starting in a FP,,,458000.0,0.0,427000.0,84.0,Forward,29.0,21.0,87.19,91.86,2.27,3.17,2.71,438000.0,60.0,,7.0,2.0,8.0,56.0,89.0,,,False,1808,1457,30,5804_NM,98.80000000000001,0,72.0,0,16.0,12.8,11.666666666666666,8.6,6.0,4.266666666666667,2.0,2.466666666666667,0.0,0.0,0.6666666666666666,0.7333333333333333,0.6666666666666666,0.6666666666666666,1.6666666666666667,1.5333333333333334,1.6666666666666667,1.0,2.2600000000000002,1.85,3.1999999999999997,2.695333333333333,2.6966666666666668,2.3333333333333335,8.0,6.066666666666666,1.3333333333333333,1.6,3.3333333333333335,2.2,68.0,70.8,93.33333333333333,89.66666666666667,,,1587.6666666666667,1619.2,1669.6666666666667,1647.8666666666666,88.75,90.4,87.0,105.0,1,pocket,53,91.21212807028144,-38.21212807028144
58969,5804,http://live.fanfooty.com.au/game/matchcentre.html?id=5804,EF,2016,220023.0,Nick,Dal Santo,NM,12.0,71.0,109,50.0,63.0,93.0,8.0,21.0,1.0,1.0,0.0,1.0,1.0,0.0,0.0,Full Time,wing,%B among %D... Playing outside midfield,,,456900.0,0.0,472200.0,98.0,Midfielder,15.0,20.0,87.8,89.7,0.62,0.91,1.13,441000.0,81.0,,12.0,6.0,2.0,86.0,92.0,,,False,1808,1457,30,5804_NM,98.80000000000001,1,72.0,1,11.0,11.2,17.333333333333332,15.266666666666667,3.6666666666666665,3.6,1.6666666666666667,3.3333333333333335,0.0,0.26666666666666666,0.3333333333333333,0.5333333333333333,0.3333333333333333,0.4,0.6666666666666666,0.2,0.0,0.13333333333333333,0.6333333333333332,0.6626666666666667,0.91,0.9033333333333334,1.1333333333333326,1.1320000000000001,9.0,8.266666666666667,2.3333333333333335,3.066666666666667,1.3333333333333333,1.8666666666666667,81.0,75.86666666666666,90.33333333333333,84.46666666666667,,,1587.6666666666667,1637.8666666666666,1669.6666666666667,1629.4,92.7,98.7,101.2,110.0,1,wing,109,88.60151282340924,20.398487176590763
58973,5804,http://live.fanfooty.com.au/game/matchcentre.html?id=5804,EF,2016,230272.0,Michael,Firrito,NM,8.0,62.0,82,43.0,54.0,72.0,8.0,11.0,5.0,0.0,0.0,1.0,0.0,0.0,0.0,Full Time,job,%M and %P... Standing Jenkins at FB,,,226500.0,0.0,236400.0,52.0,Back,11.0,20.0,45.4,54.2,0.5,0.77,0.93,214000.0,41.0,,7.0,0.0,1.0,89.0,89.0,,,False,1808,1457,30,5804_NM,98.80000000000001,0,72.0,1,8.333333333333334,6.866666666666666,8.666666666666666,5.133333333333334,5.0,3.3333333333333335,0.3333333333333333,1.1333333333333333,0.0,0.0,0.6666666666666666,0.6,0.0,0.6666666666666666,0.0,0.0,0.0,0.0,0.5033333333333334,0.43533333333333335,0.7666666666666666,0.722,0.9266666666666667,0.7606666666666667,6.666666666666667,5.133333333333334,0.0,0.0,2.0,2.0,76.66666666666667,71.33333333333333,90.0,89.73333333333333,,,1587.6666666666667,1619.2,1669.6666666666667,1647.8666666666666,56.75,54.6,61.2,69.0,1,job,82,53.642680032626956,28.357319967373044
59073,5807,http://live.fanfooty.com.au/game/matchcentre.html?id=5807,PF,2016,220007.0,Jimmy,Bartel,GE,20.0,88.0,86,108.0,70.0,97.0,14.0,12.0,2.0,2.0,0.0,1.0,0.0,1.0,1.0,Full Time,wing,%D and %M with %T... %s as well... Starting on a HFF,,,0.0,0.0,0.0,160.0,Back,3.0,19.0,87.53,92.05,22.22,18.15,16.37,0.0,112.0,,8.0,0.0,1.0,76.0,87.0,,,False,1794,1471,33,5807_GE,99.0,0,77.0,1,11.0,11.8,8.333333333333334,10.2,4.666666666666667,4.8,4.0,4.0,0.0,0.0,1.3333333333333333,1.0,1.0,0.8666666666666667,1.3333333333333333,0.5333333333333333,0.3333333333333333,0.3333333333333333,22.22,20.041999999999998,18.15,17.01066666666667,16.37,17.67,6.0,8.066666666666666,0.0,2.1333333333333333,2.6666666666666665,2.533333333333333,73.0,71.53333333333333,87.33333333333333,87.73333333333333,,,1689.3333333333333,1690.0,1581.3333333333333,1573.8666666666666,91.45,82.5,69.2,79.33333333333333,1,wing,86,82.99223628241555,3.007763717584453
59074,5807,http://live.fanfooty.com.au/game/matchcentre.html?id=5807,PF,2016,200035.0,Corey,Enright,GE,19.0,83.0,99,105.0,67.0,99.0,10.0,16.0,2.0,5.0,0.0,1.0,2.0,0.0,0.0,Full Time,plusone,%D and %M with %T... Loose in defence,,,0.0,0.0,0.0,136.0,Back,44.0,20.0,90.7,102.05,5.9,5.83,4.36,0.0,91.0,,9.0,0.0,4.0,73.0,90.0,,,False,1794,1471,33,5807_GE,99.0,1,77.0,1,9.666666666666666,13.666666666666666,9.0,9.066666666666666,3.0,5.466666666666667,4.333333333333333,2.6,0.0,0.06666666666666667,0.3333333333333333,0.4666666666666667,1.3333333333333333,1.0,0.0,0.13333333333333333,0.3333333333333333,0.13333333333333333,5.9,3.5106666666666664,5.83,3.8126666666666664,4.36,3.0300000000000002,7.0,7.533333333333333,1.0,1.3333333333333333,2.6666666666666665,2.466666666666667,73.33333333333333,79.33333333333333,88.0,89.26666666666667,,,1689.3333333333333,1580.3333333333333,1581.3333333333333,1461.6666666666667,92.55,94.1,69.6,82.33333333333333,1,plusone,99,91.56203175892077,7.437968241079233
59133,5808,http://live.fanfooty.com.au/game/matchcentre.html?id=5808,PF,2016,230170.0,Joel,Patfull,WS,7.0,29.0,40,42.0,20.0,33.0,3.0,3.0,0.0,5.0,0.0,0.0,2.0,0.0,0.0,Full Time,job,%P and %T... Responsible for Stringer,,,0.0,0.0,0.0,55.0,Back,24.0,19.0,46.16,48.26,0.6,0.92,0.69,0.0,32.0,,2.0,0.0,2.0,66.0,84.0,,,False,1702,1576,33,5808_WS,99.0,0,77.0,0,4.333333333333333,5.733333333333333,4.0,4.8,2.6666666666666665,3.8666666666666667,3.6666666666666665,2.8666666666666667,0.0,0.06666666666666667,0.3333333333333333,0.26666666666666666,0.6666666666666666,1.1333333333333333,0.0,0.0,0.0,0.0,0.6,0.4766666666666666,0.92,0.6986666666666667,0.69,0.5546666666666666,3.3333333333333335,3.533333333333333,0.3333333333333333,0.2,0.6666666666666666,1.7333333333333334,88.66666666666667,85.6,87.0,86.86666666666666,,,1637.3333333333333,1712.9333333333334,1623.6666666666667,1550.0666666666666,50.0,55.4,54.0,49.666666666666664,1,job,40,42.73255472118552,-2.7325547211855223
59171,5809,http://live.fanfooty.com.au/game/matchcentre.html?id=5809,GF,2016,230140.0,Ben,McGlynn,SY,9.0,61.0,43,83.0,44.0,58.0,7.0,2.0,5.0,5.0,0.0,0.0,0.0,0.0,1.0,Full Time,wing,%D including %K... also %M and %T... and booted %s... Starting forward,,,0.0,0.0,0.0,52.0,Midfielder,21.0,13.0,65.69,65.69,0.15,0.18,0.3,0.0,63.0,,1.0,2.0,1.0,66.0,85.0,,,False,1639,1639,34,5809_SY,97.80000000000001,0,73.0,0,9.666666666666666,9.266666666666667,4.666666666666667,4.533333333333333,4.333333333333333,4.066666666666666,5.666666666666667,4.2,0.0,0.0,1.3333333333333333,1.2,1.0,0.8,1.3333333333333333,1.4,1.0,0.6,0.15,0.16066666666666668,0.18,0.17466666666666666,0.3,0.31933333333333336,5.666666666666667,4.466666666666667,1.6666666666666667,1.4,2.3333333333333335,2.2,73.0,72.86666666666666,81.66666666666667,76.8,,,1749.3333333333333,1715.0,1519.6666666666667,1548.1333333333334,67.15,70.7,83.0,82.66666666666667,1,wing,43,65.78332954308303,-22.783329543083028
59607,6010,http://live.fanfooty.com.au/game/matchcentre.html?id=6010,R2,2017,280747.0,Ben,Griffiths,RI,3.0,25.0,18,34.0,26.0,34.0,5.0,1.0,4.0,0.0,3.0,1.0,3.0,0.0,1.0,Full Time,concussed,Copped a heavy knock in Q3... Kicked %s from %G and %O... gave away %F,spearhead,Playing a ruck/forward role on Reid,,,,,Forward,24.0,0.0,0.0,0.0,0.0,0.0,0.0,403000.0,,,4.0,1.0,4.0,66.0,49.0,,,True,1611,1646,3,6010_RI,98.0,0,73.0,0,4.333333333333333,6.2,2.6666666666666665,4.066666666666666,3.6666666666666665,4.6,2.6666666666666665,2.8,7.0,7.266666666666667,0.6666666666666666,1.0,2.0,1.0,0.0,0.9333333333333333,0.3333333333333333,0.7333333333333333,0.06666666666666667,0.11933333333333333,0.09000000000000001,0.15066666666666664,1.17,2.6593333333333335,3.6666666666666665,5.4,0.6666666666666666,0.8666666666666667,2.6666666666666665,2.1333333333333333,84.66666666666667,73.33333333333333,69.66666666666667,76.0,,,1725.0,1658.8,1545.0,1588.5333333333333,60.85,61.6,61.4,45.0,1,concussed,18,71.31783135622982,-53.31783135622982
59779,6014,http://live.fanfooty.com.au/game/matchcentre.html?id=6014,R2,2017,290810.0,Jack,Frost,BL,1.0,22.0,40,27.0,18.0,24.0,2.0,4.0,1.0,1.0,0.0,1.0,0.0,0.0,0.0,Full Time,job,Manning Hooker... %O,,,,,,,Back,45.0,0.0,0.0,0.0,0.0,0.0,0.0,273000.0,,,4.0,0.0,0.0,66.0,82.0,,,False,1702,1558,3,6014_BL,98.0,0,73.0,0,3.0,4.2,4.0,4.733333333333333,1.6666666666666667,2.8,2.0,2.6,0.0,0.0,0.6666666666666666,0.3333333333333333,0.6666666666666666,0.3333333333333333,0.0,0.0,0.0,0.0,1.7466666666666668,1.532,1.2999999999999998,1.6026666666666667,1.9800000000000002,2.344666666666667,3.0,3.3333333333333335,0.0,0.06666666666666667,0.6666666666666666,0.8666666666666667,79.0,85.66666666666667,86.0,87.8,,,1522.6666666666667,1597.3333333333333,1750.0,1677.4666666666667,54.5,53.5,47.0,38.0,1,job,40,44.8598740117088,-4.859874011708797
59972,6018,http://live.fanfooty.com.au/game/matchcentre.html?id=6018,R2,2017,240552.0,Zac,Dawson,FR,2.0,22.0,28,25.0,17.0,21.0,1.0,2.0,2.0,2.0,0.0,1.0,0.0,0.0,0.0,Full Time,job,%D and %M with %T... Standing Dixon,,,,,,,Back,3.0,0.0,0.0,0.0,0.0,0.0,0.0,199000.0,,,3.0,0.0,0.0,66.0,89.0,,,False,1864,1423,3,6018_FR,98.0,0,73.0,0,1.3333333333333333,2.3333333333333335,2.0,5.8,0.6666666666666666,2.4,3.0,2.1333333333333333,0.0,0.8,1.0,0.8666666666666667,1.0,1.5333333333333334,0.0,0.0,0.0,0.0,0.63,1.5113333333333332,0.3566666666666667,0.8426666666666666,0.7566666666666667,1.7806666666666666,2.6666666666666665,4.4,0.3333333333333333,0.13333333333333333,1.0,2.3333333333333335,88.66666666666667,83.06666666666666,82.66666666666667,92.73333333333333,,,1575.6666666666667,1565.9333333333334,1690.6666666666667,1694.6666666666667,46.55,48.4,37.8,31.0,1,job,28,38.26888395265212,-10.268883952652118
60116,6022,http://live.fanfooty.com.au/game/matchcentre.html?id=6022,R3,2017,291473.0,Tom,Ruggles,GE,8.0,55.0,50,72.0,46.0,66.0,11.0,6.0,4.0,1.0,0.0,0.0,2.0,0.0,0.0,Full Time,job,%M and %O... Rotating on Kent and Garlett,,,,,,,Back,36.0,0.0,0.0,0.0,0.0,0.0,0.0,,,,3.0,0.0,3.0,64.0,80.0,,,False,1660,1627,4,6022_GE,99.0,0,73.0,0,9.333333333333334,9.466666666666667,7.666666666666667,5.8,2.3333333333333335,4.0,2.3333333333333335,2.2,0.0,0.13333333333333333,1.3333333333333333,1.1333333333333333,1.0,0.6666666666666666,0.0,0.0,0.0,0.06666666666666667,0.0,13.944666666666668,0.0,11.388666666666667,0.0,11.878000000000002,5.666666666666667,5.133333333333334,0.3333333333333333,0.7333333333333333,2.6666666666666665,1.9333333333333333,68.66666666666667,64.93333333333334,79.33333333333333,71.6,,,1631.3333333333333,1586.6,1632.6666666666667,1455.6,61.25,59.6,59.8,61.333333333333336,1,job,50,57.88145680685543,-7.881456806855432
60293,6026,http://live.fanfooty.com.au/game/matchcentre.html?id=6026,R3,2017,261231.0,Rhys,Palmer,CA,5.0,42.0,39,56.0,38.0,54.0,6.0,6.0,4.0,2.0,0.0,1.0,3.0,0.0,0.0,Full Time,in,Late inclusion for Charlie Curnow... %P and %M plus %T... conceded %F,,,,,,,Forward,24.0,0.0,0.0,0.0,0.0,0.0,0.0,,,,5.0,0.0,6.0,75.0,69.0,,,False,1514,1741,4,6026_CA,99.0,0,73.0,0,7.0,8.4,5.666666666666667,6.533333333333333,5.0,4.666666666666667,2.3333333333333335,2.3333333333333335,0.0,0.0,1.0,0.8,2.0,0.8666666666666667,0.0,0.9333333333333333,0.0,0.6,0.06666666666666667,0.9306666666666668,0.10333333333333333,0.12066666666666667,0.11333333333333333,0.162,4.333333333333333,5.8,0.0,0.6,4.333333333333333,2.6666666666666665,65.66666666666667,67.46666666666667,77.0,76.26666666666667,,,1599.6666666666667,1719.6666666666667,1664.0,1553.5333333333333,63.45,59.5,38.6,39.666666666666664,1,in,39,56.62975315030529,-17.62975315030529
60639,6034,http://live.fanfooty.com.au/game/matchcentre.html?id=6034,R4,2017,250212.0,Jesse,White,CO,8.0,24.0,38,29.0,25.0,33.0,3.0,3.0,2.0,0.0,2.0,0.0,2.0,1.0,1.0,Full Time,spearhead,%s from %O and %M... Playing forward,,,424200.0,0.0,379200.0,106.0,Forward,9.0,3.0,73.67,61.33,0.17,0.21,0.25,429000.0,70.0,,4.0,0.0,2.0,66.0,84.0,,,False,1718,1554,5,6034_CO,95.0,0,73.0,0,7.0,9.333333333333334,3.6666666666666665,3.4,3.6666666666666665,5.133333333333334,1.3333333333333333,1.9333333333333333,3.6666666666666665,3.533333333333333,0.6666666666666666,0.8666666666666667,1.6666666666666667,1.0,1.3333333333333333,1.4,1.3333333333333333,1.3333333333333333,0.05666666666666667,0.12466666666666666,0.06999999999999999,0.15533333333333335,0.08333333333333333,0.11800000000000001,5.0,5.533333333333333,1.0,0.8,2.6666666666666665,2.0,66.0,66.4,81.33333333333333,83.6,,,1630.6666666666667,1656.2,1634.3333333333333,1604.5333333333333,70.0,68.5,59.8,51.0,1,spearhead,38,69.18838874421022,-31.188388744210215
61255,6048,http://live.fanfooty.com.au/game/matchcentre.html?id=6048,R6,2017,270899.0,Jeremy,Laidler,SY,4.0,51.0,72,44.0,40.0,57.0,5.0,9.0,2.0,3.0,0.0,0.0,0.0,0.0,0.0,Full Time,plusone,%O and %M plus %T... Seventh defender,,,269200.0,0.0,316000.0,47.0,Back,11.0,2.0,62.5,69.0,0.38,0.24,0.43,292000.0,32.0,,7.0,0.0,1.0,85.0,75.0,,,False,1755,1529,7,6048_SY,98.0,0,72.0,1,7.0,5.866666666666666,7.333333333333333,6.866666666666666,3.3333333333333335,2.8,3.0,2.4,0.0,0.0,0.6666666666666666,0.6,0.6666666666666666,0.4,0.3333333333333333,0.06666666666666667,0.3333333333333333,0.06666666666666667,0.12666666666666668,0.46199999999999997,0.08,0.5346666666666666,0.14333333333333334,0.41466666666666663,4.666666666666667,4.733333333333333,0.3333333333333333,0.3333333333333333,1.3333333333333333,1.7333333333333334,75.66666666666667,77.13333333333334,77.0,74.6,,,1534.6666666666667,1656.0666666666666,1746.0,1608.1333333333334,61.15,54.9,64.4,70.0,1,plusone,72,69.60563179138833,2.3943682086116667
61516,6054,http://live.fanfooty.com.au/game/matchcentre.html?id=6054,R6,2017,260433.0,Steven,Morris,RI,13.0,49.0,40,47.0,32.0,45.0,5.0,3.0,1.0,6.0,0.0,1.0,0.0,0.0,0.0,Full Time,guard,%O and %T... Playing small defender,,,243900.0,0.0,292400.0,57.0,Back,38.0,0.0,0.0,0.0,0.1,0.12,0.21,233000.0,40.0,,3.0,0.0,5.0,62.0,76.0,,,False,1881,1380,7,6054_RI,98.0,0,72.0,0,8.0,4.866666666666666,5.666666666666667,5.866666666666666,2.3333333333333335,1.8666666666666667,3.6666666666666665,3.3333333333333335,0.0,0.0,1.0,1.0,0.3333333333333333,0.7333333333333333,0.3333333333333333,0.2,0.0,0.13333333333333333,0.5866666666666667,0.436,0.5133333333333333,0.97,0.9833333333333334,1.1300000000000001,5.666666666666667,4.666666666666667,0.3333333333333333,0.26666666666666666,3.0,1.8,80.0,76.8,80.33333333333333,81.46666666666667,,,1624.6666666666667,1671.9333333333334,1645.6666666666667,1580.7333333333333,51.8,56.7,68.0,71.33333333333333,1,guard,40,82.20959753781406,-42.20959753781406
62140,6069,http://live.fanfooty.com.au/game/matchcentre.html?id=6069,R8,2017,293154.0,Troy,Menzel,AD,5.0,52.0,46,69.0,41.0,55.0,7.0,4.0,4.0,3.0,0.0,1.0,1.0,0.0,1.0,Full Time,wing,%s from %P and %M plus %T... Rotating between forward and wing,,,220800.0,0.0,211900.0,35.0,Forward,32.0,3.0,53.33,56.67,1.23,1.88,2.32,246000.0,32.0,,4.0,0.0,3.0,72.0,61.0,,,False,1736,1535,9,6069_AD,99.0,0,74.0,0,5.0,5.866666666666666,3.0,3.2,2.3333333333333335,2.933333333333333,3.3333333333333335,2.1333333333333333,0.0,0.0,0.6666666666666666,0.8666666666666667,0.3333333333333333,0.4,1.0,0.8666666666666667,1.0,0.5333333333333333,1.2100000000000002,1.2246666666666668,1.9333333333333333,1.9746666666666666,2.2433333333333336,5.013333333333333,3.3333333333333335,4.0,0.6666666666666666,0.3333333333333333,1.3333333333333333,1.0666666666666667,75.66666666666667,73.2,70.0,65.26666666666667,,,1691.0,1619.6666666666667,1586.0,1652.0,48.45,46.8,53.2,45.0,1,wing,46,49.09953837478984,-3.0995383747898373
62182,6070,http://live.fanfooty.com.au/game/matchcentre.html?id=6070,R8,2017,291437.0,Jake,Batchelor,RI,8.0,46.0,47,61.0,33.0,45.0,5.0,4.0,2.0,4.0,0.0,1.0,0.0,0.0,0.0,Full Time,job,%P and %M plus %T... Following Taberner,,,223900.0,0.0,221700.0,43.0,Back,11.0,0.0,0.0,0.0,0.26,0.49,0.05,295000.0,52.0,,3.0,0.0,1.0,55.0,75.0,,,False,1771,1492,9,6070_RI,99.0,0,74.0,0,7.333333333333333,8.466666666666667,4.0,4.733333333333333,3.0,4.6,1.3333333333333333,1.7333333333333334,0.0,0.06666666666666667,0.3333333333333333,0.4666666666666667,0.3333333333333333,0.6666666666666666,0.0,0.0,0.3333333333333333,0.06666666666666667,0.24000000000000002,0.52,0.49,0.792,0.15666666666666665,2.0946666666666665,3.0,3.6,0.0,0.13333333333333333,1.3333333333333333,1.6666666666666667,64.66666666666667,74.6,79.0,74.93333333333334,,,1593.0,1671.4666666666667,1682.3333333333333,1589.6,53.7,51.4,47.8,44.333333333333336,1,job,47,46.403468936204234,0.5965310637957657
62485,6077,http://live.fanfooty.com.au/game/matchcentre.html?id=6077,R9,2017,294291.0,Henry,Schade,CO,5.0,52.0,59,66.0,43.0,57.0,5.0,7.0,5.0,2.0,0.0,0.0,0.0,0.0,0.0,Full Time,witcheshat,%O and %M plus %T,job,Minding Sicily,298900.0,0.0,334800.0,69.0,Back,41.0,7.0,53.43,63.67,0.31,0.57,0.48,302000.0,62.0,,3.0,0.0,0.0,91.0,86.0,,,False,1515,1753,10,6077_CO,96.0,0,74.0,0,6.0,6.533333333333333,7.666666666666667,6.2,5.666666666666667,4.866666666666666,1.0,1.3333333333333333,0.0,0.0,0.0,0.5333333333333333,1.0,0.6,0.0,0.06666666666666667,0.0,0.0,0.38666666666666666,0.42133333333333334,0.6099999999999998,0.418,0.5299999999999999,0.8520000000000001,5.333333333333333,4.333333333333333,0.3333333333333333,0.4,1.6666666666666667,1.5333333333333334,79.66666666666667,82.73333333333333,87.33333333333333,88.0,,,1651.3333333333333,1523.8,1599.6666666666667,1734.8,56.85,59.5,67.2,65.0,1,witcheshat,59,54.38239658053282,4.61760341946718
62883,6086,http://live.fanfooty.com.au/game/matchcentre.html?id=6086,R10,2017,250268.0,Garrick,Ibbotson,FR,8.0,63.0,56,36.0,50.0,66.0,11.0,6.0,4.0,1.0,0.0,2.0,0.0,0.0,0.0,Full Time,job,%M and %O,,,314200.0,0.0,326500.0,83.0,Back,5.0,9.0,53.89,62.44,0.3,0.27,0.33,320000.0,67.0,,7.0,0.0,6.0,64.0,87.0,,,False,1980,1307,11,6086_FR,96.80000000000001,0,73.0,0,10.333333333333334,10.533333333333333,4.0,5.466666666666667,5.0,5.0,0.6666666666666666,1.5333333333333334,0.0,0.06666666666666667,1.6666666666666667,0.8,0.3333333333333333,0.4,0.0,0.0,0.0,0.13333333333333333,0.3033333333333333,0.2313333333333333,0.27,0.23866666666666667,0.33333333333333276,0.39133333333333337,5.333333333333333,5.066666666666666,0.0,0.4,3.0,2.066666666666667,79.66666666666667,79.06666666666666,86.66666666666667,89.46666666666667,,,1588.0,1551.2,1695.6666666666667,1720.3333333333333,63.95,69.9,60.8,61.666666666666664,1,job,56,54.97276433555574,1.0272356644442624
63060,6090,http://live.fanfooty.com.au/game/matchcentre.html?id=6090,R11,2017,270941.0,Tyrone,Vickery,HW,5.0,64.0,68,48.0,50.0,59.0,8.0,3.0,2.0,3.0,9.0,5.0,0.0,0.0,2.0,Full Time,spearhead,%s from %O and %M plus %T... helped out by %4FF... Playing a ruck/forward role on Clurey,,,280000.0,0.0,259800.0,57.0,Forward,27.0,5.0,52.8,50.4,0.36,0.56,0.57,295000.0,58.0,,6.0,3.0,0.0,81.0,67.0,,,False,1854,1418,12,6090_HW,98.0,0,73.0,0,6.0,5.4,4.333333333333333,3.8666666666666667,3.0,3.7333333333333334,1.6666666666666667,2.1333333333333333,9.666666666666666,4.6,2.0,0.9333333333333333,0.3333333333333333,0.8,0.3333333333333333,1.0666666666666667,1.0,0.8,0.3666666666666667,0.302,0.57,0.35200000000000004,0.5433333333333333,0.38466666666666666,5.333333333333333,4.333333333333333,1.6666666666666667,0.8,0.6666666666666666,1.1333333333333333,69.0,70.86666666666666,71.33333333333333,73.86666666666666,,,1560.0,1613.3333333333333,1711.0,1654.6,59.05,56.6,50.0,54.666666666666664,1,spearhead,68,63.11465450306174,4.885345496938257
63150,6092,http://live.fanfooty.com.au/game/matchcentre.html?id=6092,R11,2017,240159.0,Sam,Butler,WC,4.0,50.0,57,32.0,40.0,54.0,8.0,5.0,4.0,1.0,0.0,0.0,0.0,0.0,0.0,Full Time,guard,%M and %P... Playing small defender,,,314400.0,0.0,308300.0,60.0,Back,26.0,7.0,61.43,64.0,0.3,0.24,0.46,333000.0,69.0,,4.0,0.0,2.0,84.0,84.0,,,False,1768,1474,12,6092_WC,98.0,0,73.0,0,9.0,8.266666666666667,7.333333333333333,6.666666666666667,4.0,3.8666666666666667,1.0,2.2,0.0,0.0,0.0,0.2,0.0,0.3333333333333333,0.0,0.0,0.0,0.0,0.3033333333333333,0.21066666666666664,0.24,0.22133333333333333,0.45,0.3313333333333333,3.0,3.8666666666666667,0.3333333333333333,0.26666666666666666,2.0,1.3333333333333333,86.0,82.53333333333333,82.0,83.4,,,1481.3333333333333,1596.2666666666667,1772.0,1665.7333333333333,61.9,65.2,55.6,59.333333333333336,1,guard,57,88.63921934173149,-31.63921934173149
63185,6093,http://live.fanfooty.com.au/game/matchcentre.html?id=6093,R11,2017,240027.0,Brent,Stanton,ES,16.0,72.0,63,60.0,50.0,69.0,10.0,2.0,4.0,7.0,0.0,1.0,1.0,0.0,0.0,Full Time,plusone,%P including %K... also %T and %M... Seventh defender,,,438500.0,0.0,376300.0,118.0,Midfielder,5.0,6.0,72.17,63.5,0.18,0.15,0.14,449000.0,121.0,,3.0,0.0,3.0,83.0,86.0,,,False,1758,1494,12,6093_ES,98.0,0,73.0,0,8.666666666666666,15.8,4.666666666666667,7.733333333333333,3.3333333333333335,5.866666666666666,3.6666666666666665,3.3333333333333335,0.0,0.0,0.3333333333333333,0.6666666666666666,0.3333333333333333,0.2,0.0,0.4,0.3333333333333333,0.3333333333333333,0.3166666666666673,0.336,0.19333333333333333,0.4586666666666667,0.23333333333333342,0.6666666666666666,3.6666666666666665,5.266666666666667,1.3333333333333333,1.4666666666666666,2.6666666666666665,2.3333333333333335,74.0,73.2,79.66666666666667,79.0,,,1554.3333333333333,1598.7333333333333,1707.0,1661.9333333333334,91.45,75.7,64.4,55.333333333333336,1,plusone,63,84.1411209231072,-21.141120923107195
63391,6098,http://live.fanfooty.com.au/game/matchcentre.html?id=6098,R12,2017,250715.0,Josh,Gibson,HW,1.0,18.0,28,20.0,18.0,27.0,2.0,7.0,0.0,0.0,0.0,1.0,1.0,0.0,0.0,Full Time,injured,Right groin soreness in Q2... did not reappear after 3QT... %P including %B,job,At CHB on Wright,315400.0,0.0,309900.0,33.0,Back,6.0,11.0,56.82,58.91,0.86,1.36,2.09,327000.0,57.0,,2.0,0.0,1.0,100.0,66.0,,,True,1743,1500,13,6098_HW,98.0,0,74.0,0,7.0,7.466666666666667,7.0,8.8,4.666666666666667,4.2,2.0,1.7333333333333334,0.0,0.0,0.3333333333333333,0.7333333333333333,0.6666666666666666,1.0,0.0,0.0,0.0,0.0,0.79,4.862666666666667,1.3233333333333335,7.437333333333334,1.96,4.790666666666667,2.3333333333333335,3.6666666666666665,0.0,0.13333333333333333,1.0,2.1333333333333333,91.33333333333333,80.4,87.0,94.73333333333333,,,1555.0,1578.9333333333334,1707.6666666666667,1683.2666666666667,65.45,60.3,61.8,59.333333333333336,1,injured,28,48.956985671551635,-20.956985671551635
63431,6099,http://live.fanfooty.com.au/game/matchcentre.html?id=6099,R12,2017,281048.0,Ryan,Harwood,BL,9.0,53.0,65,69.0,40.0,54.0,5.0,6.0,3.0,4.0,0.0,1.0,0.0,0.0,0.0,Full Time,wing,%D and %M with %T... Playing small forward today,,,336300.0,0.0,296300.0,33.0,Back,2.0,7.0,54.57,50.57,0.16,0.11,0.15,323000.0,47.0,,4.0,0.0,0.0,90.0,67.0,,,False,1393,1905,13,6099_BL,98.0,0,74.0,0,7.333333333333333,7.133333333333334,6.0,6.6,4.333333333333333,4.066666666666666,3.6666666666666665,3.2,0.0,0.0,0.3333333333333333,0.4666666666666667,0.0,0.8,0.0,0.0,0.0,0.0,0.16666666666666666,2.7060000000000004,0.09666666666666668,0.7,0.15666666666666668,5.559333333333333,4.0,4.6,0.3333333333333333,0.4666666666666667,0.3333333333333333,1.7333333333333334,80.33333333333333,79.26666666666667,73.66666666666667,71.93333333333334,,,1630.0,1527.5333333333333,1643.6666666666667,1735.4666666666667,57.7,54.7,63.0,69.0,1,wing,65,59.00467316928648,5.995326830713523
63494,6100,http://live.fanfooty.com.au/game/matchcentre.html?id=6100,R12,2017,293042.0,Jimmy,Toumpas,PA,4.0,52.0,46,33.0,39.0,57.0,9.0,5.0,2.0,3.0,0.0,0.0,1.0,0.0,0.0,Full Time,wing,%P and %M plus %T... Playing an outside game,,,368500.0,0.0,339400.0,79.0,Midfielder,18.0,1.0,98.0,61.0,0.13,0.1,0.59,352000.0,46.0,,3.0,0.0,1.0,85.0,54.0,,,False,1855,1411,13,6100_PA,98.0,0,74.0,0,11.666666666666666,8.466666666666667,4.666666666666667,8.666666666666666,3.3333333333333335,3.1333333333333333,1.6666666666666667,3.3333333333333335,0.0,0.0,0.3333333333333333,0.3333333333333333,0.3333333333333333,0.5333333333333333,0.3333333333333333,0.2,0.3333333333333333,0.2,0.16,3.936,0.25,0.5820000000000001,0.36999999999999994,1.0973333333333335,2.3333333333333335,4.866666666666666,0.0,1.4666666666666666,2.3333333333333335,2.2,75.66666666666667,75.73333333333333,60.333333333333336,68.26666666666667,,,1612.6666666666667,1606.4666666666667,1651.3333333333333,1653.2,55.75,60.6,53.8,48.333333333333336,1,wing,46,60.168236053755464,-14.168236053755464
63740,6106,http://live.fanfooty.com.au/game/matchcentre.html?id=6106,R13,2017,294618.0,Marco,Paparone,BL,13.0,80.0,82,49.0,62.0,81.0,14.0,4.0,7.0,2.0,0.0,1.0,0.0,0.0,0.0,Full Time,job,%P with %k by foot... also %M and %T... Zoning off Trengove,,,296800.0,0.0,290200.0,72.0,Back,22.0,5.0,66.4,58.6,1.65,0.32,0.66,358000.0,70.0,,6.0,1.0,1.0,61.0,90.0,,,False,1732,1539,14,6106_BL,99.20000000000005,0,72.5,1,13.0,10.866666666666667,4.0,6.333333333333333,7.333333333333333,5.2,1.0,1.2666666666666666,0.0,0.0,1.0,0.4666666666666667,0.0,0.6,0.0,0.0,0.0,0.13333333333333333,1.843333333333333,0.9186666666666667,0.3666666666666667,1.4773333333333334,0.7433333333333333,0.8846666666666667,3.3333333333333335,3.933333333333333,0.3333333333333333,0.7333333333333333,1.0,1.9333333333333333,69.0,70.46666666666667,84.33333333333333,87.06666666666666,,,1587.3333333333333,1556.4,1690.6666666666667,1714.4,66.75,59.9,56.0,60.0,1,job,82,58.931238855089354,23.068761144910646
64073,6114,http://live.fanfooty.com.au/game/matchcentre.html?id=6114,R14,2017,261209.0,Josh,Hill,WC,14.0,57.0,60,73.0,42.0,54.0,5.0,3.0,1.0,5.0,0.0,1.0,0.0,2.0,0.0,Full Time,pocket,%s from %O and %T... Starting in a FP,,,303200.0,0.0,299600.0,46.0,Forward,33.0,10.0,60.6,63.7,0.32,0.3,0.36,322000.0,62.0,,3.0,0.0,2.0,75.0,66.0,,,False,1682,1603,15,6114_WC,98.0,0,74.0,0,6.0,6.333333333333333,6.0,4.533333333333333,3.0,2.8,3.0,2.7333333333333334,0.0,0.0,0.3333333333333333,0.7333333333333333,0.0,0.26666666666666666,1.3333333333333333,1.3333333333333333,0.0,0.6666666666666666,0.32,0.26466666666666666,0.27999999999999997,0.2853333333333333,0.38000000000000006,0.34400000000000003,4.333333333333333,4.066666666666666,0.3333333333333333,0.6666666666666666,2.0,1.4,64.66666666666667,66.93333333333334,73.0,77.73333333333333,,,1570.3333333333333,1645.7333333333333,1695.3333333333333,1622.4,57.9,63.6,57.8,62.666666666666664,1,pocket,60,62.96682933639959,-2.9668293363995915
64637,6127,http://live.fanfooty.com.au/game/matchcentre.html?id=6127,R16,2017,210016.0,Scott,Thompson,AD,8.0,33.0,45,49.0,28.0,48.0,5.0,5.0,1.0,5.0,0.0,0.0,5.0,0.0,0.0,Full Time,shovel,%D and %T... not helped by %F... Matched up on Liberatore,,,567700.0,0.0,479300.0,95.0,Midfielder,5.0,0.0,0.0,0.0,0.14,0.13,0.08,578000.0,110.0,,5.0,1.0,5.0,80.0,72.0,,,False,1429,1832,17,6127_AD,99.0,0,73.0,0,10.333333333333334,10.933333333333334,7.666666666666667,10.666666666666666,3.0,3.066666666666667,7.333333333333333,7.333333333333333,0.0,0.06666666666666667,1.0,1.3333333333333333,2.0,1.2666666666666666,0.3333333333333333,0.13333333333333333,0.0,0.13333333333333333,1.4466666666666665,2.1559999999999997,0.8233333333333333,1.032,1.4133333333333333,2.2733333333333334,10.333333333333334,10.133333333333333,4.666666666666667,5.333333333333333,5.0,3.6,63.666666666666664,67.0,74.0,75.66666666666667,,,1696.3333333333333,1707.0666666666666,1567.0,1549.0666666666666,82.75,83.8,81.0,71.66666666666667,1,shovel,45,65.51479503903545,-20.514795039035448
64785,6130,http://live.fanfooty.com.au/game/matchcentre.html?id=6130,R16,2017,280497.0,Ryan,Davis,GC,5.0,56.0,63,34.0,44.0,60.0,10.0,4.0,4.0,2.0,0.0,1.0,1.0,0.0,0.0,Full Time,job,%P including %K... also %M and %T,,,372400.0,0.0,351600.0,95.0,Forward,39.0,1.0,60.0,57.0,0.03,0.03,0.03,375000.0,77.0,,5.0,0.0,3.0,78.0,72.0,,,False,1785,1491,17,6130_GC,99.0,0,73.0,0,6.666666666666667,8.666666666666666,3.3333333333333335,4.4,3.0,2.8666666666666667,2.0,3.8666666666666667,0.0,0.0,1.6666666666666667,1.0666666666666667,0.3333333333333333,0.5333333333333333,0.0,0.8,0.0,0.7333333333333333,4.583333333333333,19.634666666666668,3.7100000000000004,15.603333333333332,5.746666666666667,19.679333333333332,4.666666666666667,5.2,1.0,1.0,1.0,1.9333333333333333,86.0,72.0,60.666666666666664,74.26666666666667,,,1648.3333333333333,1557.4,1624.0,1702.0666666666666,63.1,68.5,56.2,51.0,1,job,63,52.7302555660355,10.269744433964497
64830,6131,http://live.fanfooty.com.au/game/matchcentre.html?id=6131,R16,2017,280822.0,Taylor,Hunt,RI,3.0,33.0,53,28.0,28.0,39.0,3.0,7.0,2.0,1.0,0.0,0.0,0.0,0.0,0.0,Full Time,wing,%M and %D... Playing an outside role... On Billings,,,420500.0,0.0,378000.0,175.0,Back,28.0,1.0,16.0,25.0,0.11,0.21,3.91,399000.0,121.0,,5.0,0.0,1.0,90.0,86.0,,,False,1928,1350,17,6131_RI,99.0,0,73.0,0,8.333333333333334,9.733333333333333,10.0,9.066666666666666,5.0,6.0,1.6666666666666667,1.8666666666666667,0.0,0.0,0.0,0.26666666666666666,0.0,0.4666666666666667,0.0,0.06666666666666667,0.0,0.0,0.16333333333333333,0.16533333333333333,0.3933333333333333,0.43333333333333335,3.6500000000000004,3.5533333333333332,4.666666666666667,4.533333333333333,0.6666666666666666,0.6666666666666666,0.3333333333333333,1.4666666666666666,88.0,85.6,82.33333333333333,84.26666666666667,,,1407.0,1605.2,1872.6666666666667,1666.7333333333333,67.7,73.2,68.6,76.66666666666667,1,wing,53,68.1377221644782,-15.137722164478205
65195,6140,http://live.fanfooty.com.au/game/matchcentre.html?id=6140,R17,2017,280726.0,Tendai,Mzungu,WS,1.0,32.0,28,39.0,26.0,34.0,4.0,5.0,1.0,1.0,0.0,2.0,0.0,0.0,1.0,Full Time,in,%l Jeremy Cameron... %O and %s,wing,Playing an outside game,300000.0,0.0,245800.0,40.0,Back,25.0,2.0,48.5,53.0,0.31,0.9,0.32,314000.0,66.0,,3.0,1.0,1.0,66.0,78.0,,,False,1692,1587,18,6140_WS,98.0,0,76.0,0,6.666666666666667,8.133333333333333,9.333333333333334,7.733333333333333,3.0,3.4,4.0,4.0,0.0,0.0,1.0,0.9333333333333333,0.3333333333333333,0.9333333333333333,0.3333333333333333,0.2,0.6666666666666666,0.26666666666666666,0.2833333333333334,0.862,0.7166666666666668,0.32133333333333336,0.33666666666666667,0.2986666666666667,5.666666666666667,5.0,2.0,1.1333333333333333,1.6666666666666667,2.3333333333333335,69.0,69.8,78.0,81.8,,,1587.6666666666667,1593.8666666666666,1689.0,1667.7333333333333,63.65,61.1,55.2,58.333333333333336,1,in,28,56.57929562134136,-28.57929562134136
65320,6143,http://live.fanfooty.com.au/game/matchcentre.html?id=6143,R17,2017,271433.0,Alex,Silvagni,CA,15.0,54.0,62,75.0,40.0,54.0,4.0,3.0,5.0,6.0,0.0,0.0,1.0,0.0,0.0,Full Time,injured,Left knee injury midway through the fourth... %O and %M plus %T,job,Spending time on Stringer,330600.0,0.0,344300.0,114.0,Back,44.0,6.0,58.83,68.67,0.21,0.77,0.5,332000.0,90.0,,4.0,0.0,1.0,100.0,60.0,,,True,1750,1536,18,6143_CA,98.0,0,76.0,0,5.666666666666667,7.0,2.3333333333333335,4.4,2.6666666666666665,4.866666666666666,4.666666666666667,3.3333333333333335,0.0,0.0,1.0,1.0666666666666667,0.6666666666666666,1.4,0.0,0.0,0.0,0.0,0.28333333333333327,1.1566666666666667,1.24,0.8586666666666666,0.6866666666666665,0.7,4.333333333333333,5.0,0.3333333333333333,0.06666666666666667,2.0,2.6666666666666665,58.666666666666664,76.73333333333333,53.666666666666664,81.2,,,1615.3333333333333,1616.8,1642.0,1647.5333333333333,58.35,66.4,62.6,51.0,1,injured,62,41.76890300716304,20.23109699283696
65326,6143,http://live.fanfooty.com.au/game/matchcentre.html?id=6143,R17,2017,293662.0,Liam,Sumner,CA,1.0,16.0,26,21.0,14.0,21.0,4.0,2.0,1.0,0.0,0.0,0.0,1.0,0.0,0.0,Full Time,in,%l Dale Thomas... %D,pocket,,250700.0,0.0,229000.0,79.0,Forward,19.0,3.0,34.67,28.0,0.13,0.16,0.05,247000.0,68.0,,3.0,0.0,1.0,100.0,69.0,,,False,1750,1536,18,6143_CA,98.0,0,76.0,0,4.333333333333333,5.266666666666667,2.0,3.3333333333333335,1.3333333333333333,2.1333333333333333,1.0,2.2,0.0,0.0,0.0,0.8666666666666667,1.0,0.3333333333333333,0.3333333333333333,0.3333333333333333,0.3333333333333333,0.3333333333333333,0.1366666666666667,3.798666666666667,0.16,3.0253333333333337,0.05,11.981333333333334,2.0,3.3333333333333335,0.0,0.3333333333333333,1.6666666666666667,1.2666666666666666,63.666666666666664,70.13333333333334,69.66666666666667,71.73333333333333,,,1632.3333333333333,1592.2666666666667,1641.0,1673.8666666666666,43.7,40.3,32.4,27.666666666666668,1,in,26,38.540274120791594,-12.540274120791594
65590,6149,http://live.fanfooty.com.au/game/matchcentre.html?id=6149,R18,2017,220075.0,Leigh,Montagna,SK,14.0,87.0,91,60.0,68.0,90.0,13.0,8.0,6.0,3.0,0.0,2.0,0.0,0.0,0.0,Full Time,injured,Right hamstring pulled in Q3... %O and %M plus %T,guard,Playing a half back role,533700.0,0.0,437900.0,99.0,Back,11.0,15.0,98.33,89.4,5.2,2.3,4.22,547000.0,113.0,,6.0,0.0,2.0,71.0,51.0,,,True,1681,1593,19,6149_SK,96.80000000000001,0,75.0,1,13.333333333333334,14.866666666666667,10.333333333333334,10.4,6.0,6.2,2.6666666666666665,3.7333333333333334,0.0,0.0,1.0,0.7333333333333333,0.0,0.8666666666666667,0.6666666666666666,0.26666666666666666,0.0,0.06666666666666667,4.633333333333333,2.5133333333333336,2.2399999999999998,1.47,4.010000000000001,2.850666666666667,4.333333333333333,4.933333333333334,0.3333333333333333,0.8666666666666667,3.0,2.8666666666666667,71.66666666666667,78.06666666666666,76.0,85.33333333333333,,,1651.6666666666667,1663.8666666666666,1618.3333333333333,1599.6666666666667,93.05,85.3,84.4,84.33333333333333,1,injured,91,70.79484724553505,20.205152754464947
65624,6150,http://live.fanfooty.com.au/game/matchcentre.html?id=6150,R18,2017,240266.0,Lee,Spurr,FR,3.0,43.0,58,55.0,34.0,45.0,7.0,4.0,3.0,1.0,0.0,1.0,0.0,0.0,0.0,Full Time,cold,Just the one touch in the first term... %M and %D,guard,On Breust,398700.0,0.0,373700.0,69.0,Back,34.0,15.0,72.8,73.13,1.32,0.73,1.24,397000.0,61.0,,3.0,1.0,0.0,90.0,82.0,,,False,1794,1454,19,6150_FR,96.80000000000001,0,75.0,0,10.333333333333334,11.2,5.333333333333333,6.066666666666666,5.0,5.133333333333334,3.0,2.2,0.0,0.0,1.3333333333333333,0.7333333333333333,0.3333333333333333,0.8,0.0,0.0,0.0,0.0,1.1933333333333334,0.8473333333333334,0.7000000000000001,0.5666666666666667,1.1933333333333334,0.8906666666666667,4.333333333333333,4.333333333333333,0.6666666666666666,0.4666666666666667,1.6666666666666667,2.1333333333333333,84.33333333333333,84.0,88.0,88.8,,,1534.3333333333333,1551.9333333333334,1722.6666666666667,1724.2666666666667,74.1,69.3,71.6,70.66666666666667,1,cold,58,69.48310783013723,-11.483107830137229
65927,6157,http://live.fanfooty.com.au/game/matchcentre.html?id=6157,R19,2017,240389.0,Matt,White,PA,3.0,41.0,35,53.0,31.0,42.0,4.0,5.0,2.0,3.0,0.0,1.0,0.0,0.0,0.0,Full Time,wing,%O and %M plus %T... Providing drive from the wing,,,289000.0,0.0,277600.0,55.0,Midfielder,19.0,6.0,59.33,64.5,3.3,6.56,1.31,325000.0,86.0,,3.0,0.0,1.0,55.0,74.0,,,False,1717,1549,20,6157_PA,98.0,0,74.0,0,6.666666666666667,8.6,4.666666666666667,3.6666666666666665,1.3333333333333333,2.933333333333333,2.0,2.6666666666666665,0.0,0.0,0.6666666666666666,0.8666666666666667,0.6666666666666666,0.8666666666666667,0.3333333333333333,0.7333333333333333,0.0,0.5333333333333333,3.4933333333333336,3.525333333333333,6.82,2.4873333333333334,1.4033333333333333,1.01,4.0,3.933333333333333,0.3333333333333333,0.8666666666666667,1.6666666666666667,2.1333333333333333,68.33333333333333,71.06666666666666,73.0,72.26666666666667,,,1630.3333333333333,1648.5333333333333,1647.0,1626.8,58.45,60.2,52.0,48.666666666666664,1,wing,35,59.453360276308366,-24.453360276308366
65965,6158,http://live.fanfooty.com.au/game/matchcentre.html?id=6158,R19,2017,270637.0,Simon,White,CA,5.0,46.0,51,61.0,37.0,51.0,7.0,4.0,4.0,2.0,0.0,0.0,1.0,0.0,0.0,Full Time,guard,%O and %M plus %T... Starting at half back,,,312900.0,0.0,245400.0,75.0,Back,43.0,10.0,57.0,48.8,0.11,0.13,0.12,323000.0,78.0,,6.0,1.0,4.0,54.0,81.0,,,False,1857,1374,20,6158_CA,98.0,0,74.0,0,8.0,8.733333333333333,4.333333333333333,5.0,4.0,4.866666666666666,2.0,1.9333333333333333,0.0,0.06666666666666667,0.3333333333333333,0.5333333333333333,0.6666666666666666,0.6666666666666666,0.0,0.0,0.0,0.06666666666666667,0.12,0.17066666666666666,0.13,0.15533333333333335,0.12333333333333336,0.2,4.333333333333333,4.133333333333334,0.6666666666666666,0.4,3.0,2.3333333333333335,67.0,73.93333333333334,68.33333333333333,79.2,,,1623.3333333333333,1587.2,1643.0,1676.2666666666667,59.85,49.0,40.6,41.0,1,guard,51,84.63689662982769,-33.63689662982769
66334,6166,http://live.fanfooty.com.au/game/matchcentre.html?id=6166,R20,2017,293847.0,Clay,Smith,WB,11.0,54.0,54,39.0,46.0,61.0,8.0,3.0,5.0,2.0,0.0,0.0,2.0,1.0,1.0,Full Time,pocket,%s from %P and %M plus %T,,,345100.0,0.0,307500.0,104.0,Forward,14.0,7.0,63.43,58.86,0.13,0.27,0.29,357000.0,81.0,,3.0,1.0,2.0,63.0,82.0,,,False,1560,1733,21,6166_WB,97.0,0,76.0,0,7.0,7.266666666666667,3.6666666666666665,6.533333333333333,3.3333333333333335,3.2,3.6666666666666665,5.8,0.0,0.0,0.3333333333333333,0.4,1.3333333333333333,1.4,1.0,1.3333333333333333,0.6666666666666666,0.6,0.15333333333333335,3.9,0.29000000000000004,2.570666666666667,0.35999999999999993,4.728,2.3333333333333335,5.933333333333334,0.3333333333333333,1.4666666666666666,2.6666666666666665,2.8,57.0,66.26666666666667,79.0,77.8,,,1577.3333333333333,1645.0666666666666,1694.3333333333333,1624.7333333333333,68.45,68.4,55.0,44.0,1,pocket,54,68.82086967852666,-14.820869678526662
66416,6168,http://live.fanfooty.com.au/game/matchcentre.html?id=6168,R20,2017,261319.0,Jarrad,Grant,GC,13.0,60.0,64,59.0,50.0,70.0,4.0,12.0,3.0,4.0,0.0,1.0,1.0,0.0,1.0,Full Time,in,%l David Swallow... %s from %P and %M plus %T,spearhead,,329000.0,0.0,293000.0,59.0,Forward,2.0,0.0,0.0,0.0,0.04,0.08,0.02,334000.0,63.0,,5.0,0.0,1.0,68.0,77.0,,,False,1739,1520,21,6168_GC,97.0,0,76.0,0,5.333333333333333,6.533333333333333,8.666666666666666,6.666666666666667,4.0,4.066666666666666,3.6666666666666665,2.3333333333333335,0.0,0.26666666666666666,1.0,1.0666666666666667,1.0,0.8666666666666667,0.0,0.8,1.0,0.6,0.11,0.16666666666666666,0.16666666666666666,0.20866666666666667,0.10666666666666667,0.19066666666666665,4.666666666666667,4.2,1.0,0.6666666666666666,1.6666666666666667,1.8,63.333333333333336,74.26666666666667,80.33333333333333,79.53333333333333,,,1478.3333333333333,1482.1333333333334,1790.3333333333333,1770.0,60.2,57.3,53.4,50.0,1,in,64,54.34846895181426,9.651531048185738
66551,6171,http://live.fanfooty.com.au/game/matchcentre.html?id=6171,R20,2017,240290.0,Angus,Monfries,PA,1.0,22.0,7,18.0,18.0,27.0,2.0,6.0,0.0,1.0,0.0,0.0,0.0,0.0,0.0,Full Time,tagger,%O including %B... Forward tag role on Smith,,,345000.0,0.0,325500.0,65.0,Forward,6.0,0.0,0.0,0.0,0.14,0.19,0.21,347000.0,65.0,,1.0,1.0,1.0,62.0,70.0,,,False,1999,1284,21,6171_PA,97.0,0,76.0,0,5.0,7.266666666666667,5.333333333333333,6.266666666666667,2.0,3.6666666666666665,2.3333333333333335,2.6666666666666665,0.0,0.0,1.3333333333333333,1.2666666666666666,1.3333333333333333,0.9333333333333333,1.0,1.3333333333333333,0.0,0.3333333333333333,0.16666666666666666,0.18133333333333335,0.7800000000000001,1.0979999999999999,0.7900000000000001,1.094,3.6666666666666665,5.066666666666666,0.3333333333333333,0.5333333333333333,3.3333333333333335,1.8,70.33333333333333,70.93333333333334,74.33333333333333,83.66666666666667,,,1596.6666666666667,1632.8666666666666,1689.3333333333333,1644.8,66.65,59.4,51.2,43.666666666666664,1,tagger,7,75.83680170512511,-68.83680170512511
66738,6176,http://live.fanfooty.com.au/game/matchcentre.html?id=6176,R21,2017,260073.0,Ben,Howlett,ES,15.0,56.0,43,78.0,42.0,60.0,4.0,5.0,4.0,7.0,0.0,0.0,2.0,0.0,0.0,Full Time,wing,%D and %M with %T... Rotating midfield and forward,,,329400.0,0.0,332700.0,92.0,Midfielder,40.0,6.0,55.83,62.6,0.17,0.26,0.16,332000.0,66.0,,2.0,1.0,3.0,66.0,72.0,,,False,1757,1494,22,6176_ES,98.80000000000001,0,75.0,0,4.333333333333333,6.8,8.0,7.666666666666667,2.3333333333333335,2.7333333333333334,6.333333333333333,5.0,0.0,0.06666666666666667,0.0,0.8,1.6666666666666667,1.2,0.3333333333333333,0.4666666666666667,0.0,0.26666666666666666,0.1633333333333339,7.706,0.26333333333333336,0.6506666666666666,0.15333333333333335,0.45466666666666666,4.333333333333333,6.8,1.0,2.066666666666667,2.6666666666666665,2.3333333333333335,69.66666666666667,72.6,76.33333333333333,76.6,,,1565.0,1628.6,1694.0,1640.8666666666666,69.95,66.9,54.6,55.0,1,wing,43,66.8547956689683,-23.854795668968293
66995,6182,http://live.fanfooty.com.au/game/matchcentre.html?id=6182,R22,2017,240366.0,Travis,Cloke,WB,10.0,56.0,65,69.0,44.0,56.0,6.0,4.0,1.0,3.0,1.0,1.0,0.0,2.0,1.0,Full Time,spearhead,%s from %P and %T... Clurey following him,,,350500.0,0.0,342400.0,10.0,Forward,13.0,9.0,64.56,69.44,0.29,0.74,0.43,362000.0,57.0,,5.0,0.0,0.0,80.0,83.0,,,False,1716,1571,23,6182_WB,95.80000000000001,0,73.0,0,8.0,9.533333333333333,5.0,3.0,3.6666666666666665,5.666666666666667,3.0,2.4,5.333333333333333,2.066666666666667,0.6666666666666666,1.0,0.0,0.6,1.3333333333333333,1.4,1.3333333333333333,1.0666666666666667,0.29,0.2886666666666667,0.7333333333333335,0.702,0.42333333333333334,0.418,5.666666666666667,5.933333333333334,0.6666666666666666,0.4666666666666667,0.3333333333333333,1.9333333333333333,73.33333333333333,62.266666666666666,78.0,84.6,,,1591.6666666666667,1627.6666666666667,1681.0,1635.4,71.4,72.0,72.8,87.33333333333333,1,spearhead,65,71.57353590648279,-6.573535906482789
67188,6186,http://live.fanfooty.com.au/game/matchcentre.html?id=6186,R22,2017,261212.0,Craig,Bird,ES,14.0,80.0,80,54.0,60.0,87.0,12.0,11.0,2.0,4.0,0.0,0.0,0.0,0.0,0.0,Full Time,wing,%D and %M with %T... Starting in midfield,,,488400.0,0.0,437100.0,132.0,Midfielder,24.0,1.0,66.0,66.0,0.05,0.06,0.03,486000.0,109.0,,7.0,3.0,3.0,73.0,79.0,,,False,1460,1781,23,6186_ES,95.80000000000001,0,73.0,1,9.666666666666666,8.066666666666666,11.333333333333334,12.266666666666667,3.0,2.466666666666667,4.333333333333333,6.533333333333333,0.0,0.0,0.6666666666666666,0.8,0.0,0.5333333333333333,0.0,0.13333333333333333,0.3333333333333333,0.13333333333333333,0.7766666666666667,2.138,0.52,1.3413333333333335,3.0700000000000003,8.33,6.666666666666667,9.066666666666666,4.0,4.2,2.0,2.2,82.33333333333333,74.66666666666667,71.33333333333333,70.46666666666667,,,1797.0,1584.0,1458.6666666666667,1679.3333333333333,79.55,84.7,79.8,80.66666666666667,1,wing,80,76.55759372804039,3.4424062719596122
67348,6190,http://live.fanfooty.com.au/game/matchcentre.html?id=6190,R23,2017,220010.0,Matthew,Boyd,WB,32.0,133.0,119,84.0,110.0,144.0,21.0,12.0,12.0,1.0,0.0,0.0,0.0,1.0,0.0,Full Time,magnet,A great DT career comes to an end... %O and %M plus %s,guard,In defence,435900.0,0.0,398000.0,74.0,Back,5.0,9.0,78.78,73.33,0.95,1.32,1.89,450000.0,87.0,,6.0,1.0,2.0,75.0,85.0,,,False,1855,1420,24,6190_WB,98.80000000000001,1,72.0,1,16.333333333333332,13.933333333333334,9.666666666666666,10.133333333333333,7.333333333333333,5.266666666666667,2.3333333333333335,1.6,0.0,0.0,1.0,1.0,0.6666666666666666,0.4666666666666667,0.3333333333333333,0.2,0.0,0.13333333333333333,1.2499999999999976,12.384666666666668,1.4666666666666668,6.6259999999999994,1.99,6.647333333333333,6.333333333333333,5.8,1.0,0.7333333333333333,3.0,2.2,67.66666666666667,73.06666666666666,84.66666666666667,83.33333333333333,,,1440.0,1633.5333333333333,1828.0,1638.2666666666667,86.7,77.9,83.8,95.33333333333333,1,magnet,119,83.63152646483955,35.36847353516045
67351,6190,http://live.fanfooty.com.au/game/matchcentre.html?id=6190,R23,2017,271439.0,Liam,Picken,WB,26.0,86.0,84,74.0,72.0,92.0,8.0,8.0,4.0,4.0,0.0,1.0,1.0,3.0,2.0,Full Time,pocket,First goal... %D and %M with %T... %s as well... Up forward,,,376400.0,0.0,367400.0,100.0,Midfielder,42.0,21.0,75.71,74.71,1.27,1.87,2.05,395000.0,90.0,,8.0,0.0,4.0,56.0,80.0,,,False,1855,1420,24,6190_WB,98.80000000000001,0,72.0,1,6.333333333333333,8.266666666666667,9.666666666666666,10.0,3.3333333333333335,3.3333333333333335,3.3333333333333335,3.066666666666667,0.0,0.0,0.6666666666666666,0.6666666666666666,0.3333333333333333,0.7333333333333333,1.0,1.2,0.6666666666666666,0.5333333333333333,1.3,1.1726666666666667,1.8733333333333333,1.796,2.0533333333333332,1.5133333333333334,6.0,6.733333333333333,0.3333333333333333,0.8,2.3333333333333335,2.6666666666666665,65.0,66.2,80.33333333333333,83.2,,,1487.3333333333333,1603.4666666666667,1779.3333333333333,1662.5333333333333,72.85,74.3,72.0,68.66666666666667,1,pocket,84,73.39319461895295,10.606805381047053
67356,6190,http://live.fanfooty.com.au/game/matchcentre.html?id=6190,R23,2017,200083.0,Robert,Murphy,WB,14.0,63.0,89,39.0,51.0,66.0,10.0,5.0,4.0,1.0,0.0,1.0,0.0,1.0,0.0,Full Time,guard,%D and %M plus %s... In defence,,,388100.0,0.0,369200.0,57.0,Back,2.0,16.0,78.38,75.81,2.15,4.77,6.28,401000.0,83.0,,6.0,1.0,1.0,86.0,77.0,,,False,1855,1420,24,6190_WB,98.80000000000001,0,72.0,1,9.666666666666666,11.8,5.666666666666667,7.8,3.3333333333333335,4.8,3.0,2.1333333333333333,0.0,0.0,1.0,0.5333333333333333,0.3333333333333333,0.8,0.6666666666666666,0.6,0.3333333333333333,0.4,2.126666666666667,4.522,4.75,7.963333333333334,6.226666666666667,8.031333333333333,6.333333333333333,4.466666666666667,1.6666666666666667,0.7333333333333333,1.0,2.3333333333333335,81.0,76.06666666666666,80.33333333333333,81.26666666666667,,,1487.3333333333333,1647.0,1779.3333333333333,1626.5333333333333,80.55,75.1,79.8,85.0,1,guard,89,98.92814086734691,-9.928140867346912
67421,6192,http://live.fanfooty.com.au/game/matchcentre.html?id=6192,R23,2017,292035.0,Claye,Beams,BL,18.0,73.0,68,91.0,62.0,79.0,11.0,6.0,7.0,0.0,0.0,0.0,0.0,1.0,1.0,Full Time,wing,%O and %M plus %s... Starting at half forward today,,,250100.0,0.0,241700.0,25.0,Back,17.0,8.0,56.12,55.25,0.42,0.49,0.37,285000.0,58.0,,3.0,1.0,1.0,70.0,61.0,,,False,1764,1487,24,6192_BL,98.80000000000001,0,72.0,0,8.0,7.733333333333333,7.333333333333333,5.0,5.333333333333333,4.066666666666666,1.6666666666666667,1.5333333333333334,0.0,0.0,0.3333333333333333,0.5333333333333333,0.6666666666666666,0.5333333333333333,0.6666666666666666,0.3333333333333333,0.6666666666666666,0.13333333333333333,0.4066666666666667,0.4873333333333333,0.4766666666666666,0.4633333333333333,0.32,0.43266666666666664,5.0,3.6666666666666665,2.0,0.7333333333333333,1.3333333333333333,1.6,71.33333333333333,73.4,64.33333333333333,71.4,,,1610.6666666666667,1540.0666666666666,1648.3333333333333,1728.0666666666666,51.85,57.7,45.0,63.0,1,wing,68,55.831256525067936,12.168743474932064
67448,6192,http://live.fanfooty.com.au/game/matchcentre.html?id=6192,R23,2017,250373.0,Lachlan,Hansen,NM,18.0,72.0,67,49.0,65.0,84.0,11.0,7.0,10.0,0.0,0.0,1.0,2.0,0.0,0.0,Full Time,job,%M and %O... In defence,,,330700.0,0.0,310600.0,69.0,Back,6.0,12.0,60.58,62.75,0.23,0.22,0.32,336000.0,61.0,,4.0,0.0,2.0,94.0,86.0,,,False,1487,1764,24,6192_NM,98.80000000000001,0,72.0,0,8.333333333333334,7.866666666666666,6.333333333333333,6.133333333333334,7.333333333333333,6.333333333333333,1.6666666666666667,1.9333333333333333,0.0,0.0,0.3333333333333333,0.5333333333333333,1.6666666666666667,1.0,0.3333333333333333,0.3333333333333333,0.0,0.2,0.3333333333333333,0.24000000000000002,0.2799999999999999,0.20533333333333334,0.47000000000000003,0.336,3.6666666666666665,3.533333333333333,0.0,0.06666666666666667,2.6666666666666665,1.8,87.33333333333333,85.53333333333333,89.33333333333333,89.73333333333333,,,1596.0,1603.2,1657.6666666666667,1657.5333333333333,69.85,67.1,64.4,61.666666666666664,1,job,67,59.899331868092695,7.100668131907305
67449,6192,http://live.fanfooty.com.au/game/matchcentre.html?id=6192,R23,2017,240417.0,Andrew,Swallow,NM,9.0,71.0,71,38.0,58.0,81.0,13.0,9.0,4.0,1.0,0.0,1.0,1.0,0.0,0.0,Full Time,shovel,%O and %M... Leading the inside midfield,,,465100.0,0.0,421100.0,101.0,Midfielder,9.0,15.0,81.27,80.6,0.28,0.49,0.38,476000.0,83.0,,10.0,8.0,3.0,68.0,67.0,,,False,1487,1764,24,6192_NM,98.80000000000001,0,72.0,0,11.0,8.066666666666666,9.333333333333334,11.266666666666667,2.6666666666666665,2.0,7.0,6.533333333333333,0.0,0.0,1.0,1.6,1.3333333333333333,1.0,0.0,0.26666666666666666,0.0,0.13333333333333333,0.2733333333333334,0.284,0.48333333333333334,0.44866666666666666,0.37333333333333335,0.33999999999999997,10.666666666666666,10.2,6.666666666666667,4.933333333333334,4.333333333333333,2.8,67.0,71.2,74.33333333333333,71.06666666666666,,,1584.3333333333333,1573.8,1689.6666666666667,1700.6,82.9,85.8,82.4,75.0,1,shovel,71,68.57532371922177,2.424676280778229
67475,6193,http://live.fanfooty.com.au/game/matchcentre.html?id=6193,R23,2017,270742.0,Kurt,Tippett,SY,9.0,41.0,51,48.0,36.0,45.0,3.0,5.0,2.0,1.0,6.0,0.0,0.0,1.0,0.0,Full Time,injured,First goal... Left ankle injury midway through the first term... Struggled thereafter... Mothballed in the fourth... %H... also %D and %M... and booted %s,spearhead,Weitering on him when forward,401600.0,0.0,385100.0,41.0,Ruck,8.0,8.0,65.0,69.12,0.52,0.72,1.51,399000.0,55.0,,3.0,1.0,1.0,87.0,34.0,,,True,1441,1833,24,6193_SY,98.80000000000001,0,72.0,0,6.333333333333333,5.333333333333333,5.333333333333333,5.0,3.6666666666666665,2.6666666666666665,4.0,2.2666666666666666,11.333333333333334,15.466666666666667,1.0,0.8666666666666667,1.0,1.0666666666666667,1.3333333333333333,0.6,0.3333333333333333,0.5333333333333333,0.4666666666666666,1.8586666666666667,0.6833333333333332,1.859333333333333,1.3066666666666666,3.445333333333333,6.333333333333333,6.6,1.3333333333333333,1.2666666666666666,2.0,2.0,71.0,64.73333333333333,60.0,70.06666666666666,,,1803.3333333333333,1674.6,1468.6666666666667,1593.4,77.65,73.0,75.8,81.0,1,injured,51,56.64604455330509,-5.646044553305089
67483,6193,http://live.fanfooty.com.au/game/matchcentre.html?id=6193,R23,2017,295199.0,Blaine,Boekhorst,CA,25.0,92.0,85,60.0,80.0,102.0,14.0,5.0,8.0,1.0,0.0,0.0,2.0,3.0,0.0,Full Time,wing,%O with %k by foot... also %M... and kicked %s... Splitting time between forward and wing,,,360000.0,0.0,332600.0,24.0,Midfielder,12.0,6.0,70.83,69.83,0.25,0.2,0.4,359000.0,32.0,,5.0,1.0,4.0,78.0,81.0,,,False,1833,1441,24,6193_CA,98.80000000000001,0,72.0,1,13.333333333333334,9.0,6.333333333333333,5.6,6.666666666666667,3.933333333333333,2.3333333333333335,2.466666666666667,0.0,0.0,0.0,0.4,1.0,0.6666666666666666,1.3333333333333333,0.6666666666666666,0.0,0.26666666666666666,0.24333333333333332,0.22866666666666668,0.2,0.69,0.3433333333333333,2.360666666666667,4.0,4.133333333333334,1.0,0.6,3.0,2.1333333333333333,83.33333333333333,73.2,76.0,74.2,,,1594.6666666666667,1566.4666666666667,1678.0,1678.4,61.85,68.9,76.8,87.33333333333333,1,wing,85,67.64704105294128,17.352958947058724
67487,6193,http://live.fanfooty.com.au/game/matchcentre.html?id=6193,R23,2017,260533.0,Dennis,Armfield,CA,12.0,63.0,37,38.0,50.0,66.0,11.0,4.0,6.0,1.0,0.0,0.0,0.0,0.0,0.0,Full Time,guard,%O with %k by foot... also %M,,,349000.0,0.0,307100.0,75.0,Forward,27.0,4.0,52.0,45.5,0.07,0.15,3.16,336000.0,74.0,,3.0,0.0,4.0,73.0,82.0,,,False,1833,1441,24,6193_CA,98.80000000000001,0,72.0,0,8.333333333333334,8.2,4.333333333333333,5.733333333333333,5.0,4.266666666666667,2.6666666666666665,2.3333333333333335,0.0,0.0,0.3333333333333333,0.4666666666666667,0.0,0.6,0.0,0.9333333333333333,0.0,0.4,0.06,0.06066666666666667,0.15,0.15666666666666668,3.1733333333333333,0.7520000000000001,3.0,3.7333333333333334,0.6666666666666666,0.7333333333333333,2.0,2.3333333333333335,69.0,74.06666666666666,73.33333333333333,81.0,,,1567.0,1574.2,1699.3333333333333,1691.5333333333333,60.8,50.9,43.8,49.333333333333336,1,guard,37,86.60004663556359,-49.60004663556359
67574,6195,http://live.fanfooty.com.au/game/matchcentre.html?id=6195,R23,2017,290781.0,Mitch,Hallahan,GC,9.0,67.0,68,56.0,54.0,72.0,7.0,10.0,4.0,3.0,0.0,2.0,0.0,0.0,0.0,Full Time,shovel,%O and %M plus %T... In the midfield,,,288500.0,0.0,279100.0,13.0,Midfielder,14.0,2.0,91.0,78.0,0.29,0.16,0.16,420000.0,56.0,,10.0,5.0,3.0,82.0,73.0,,,False,1899,1375,24,6195_GC,98.80000000000001,0,72.0,0,10.666666666666666,10.533333333333333,11.0,8.4,4.333333333333333,2.466666666666667,3.6666666666666665,3.6666666666666665,0.0,0.0,1.0,1.0666666666666667,0.6666666666666666,0.6666666666666666,0.3333333333333333,0.26666666666666666,0.3333333333333333,0.13333333333333333,0.23666666666666672,0.5593333333333333,0.15,0.6,0.1000000000000006,0.7766666666666667,9.666666666666666,10.133333333333333,4.666666666666667,5.133333333333334,2.3333333333333335,2.533333333333333,62.0,59.733333333333334,72.0,70.66666666666667,,,1451.6666666666667,1473.0,1806.3333333333333,1792.1333333333334,73.0,64.4,66.4,74.66666666666667,1,shovel,68,61.73473087770185,6.26526912229815
67609,6196,http://live.fanfooty.com.au/game/matchcentre.html?id=6196,R23,2017,250088.0,Jonathon,Griffin,FR,27.0,85.0,90,79.0,72.0,83.0,5.0,3.0,1.0,4.0,32.0,1.0,0.0,2.0,0.0,Full Time,ruck,%H... also %D and %T... and booted %s... First ruck,,,401800.0,0.0,346300.0,67.0,Ruck,12.0,6.0,76.67,69.83,0.17,0.22,0.42,407000.0,55.0,,4.0,0.0,0.0,100.0,85.0,,,False,1828,1439,24,6196_FR,98.80000000000001,0,72.0,1,5.0,4.533333333333333,4.333333333333333,4.133333333333334,2.3333333333333335,2.2,4.0,3.933333333333333,34.0,24.6,0.3333333333333333,1.4,1.0,1.2666666666666666,1.0,0.4666666666666667,0.0,0.2,0.17,0.6726666666666666,0.22,0.5093333333333333,0.2966666666666667,1.1233333333333333,3.6666666666666665,3.8,0.3333333333333333,1.6,1.0,2.2666666666666666,92.66666666666667,76.46666666666667,86.0,84.73333333333333,,,1523.6666666666667,1496.7333333333333,1751.0,1762.6666666666667,65.35,65.6,74.6,77.33333333333333,1,ruck,90,76.69124136046464,13.308758639535355
67612,6196,http://live.fanfooty.com.au/game/matchcentre.html?id=6196,R23,2017,270908.0,Nick,Suban,FR,22.0,70.0,65,78.0,52.0,72.0,4.0,8.0,4.0,8.0,0.0,1.0,1.0,0.0,0.0,Full Time,wing,%P and %M plus %T... Doing jobs in midfield,,,344500.0,0.0,322600.0,95.0,Midfielder,8.0,11.0,63.64,64.09,0.36,0.24,0.31,352000.0,70.0,,5.0,1.0,1.0,75.0,75.0,,,False,1828,1439,24,6196_FR,98.80000000000001,0,72.0,0,5.666666666666667,7.533333333333333,6.0,5.8,2.6666666666666665,2.533333333333333,6.333333333333333,5.533333333333333,0.0,0.2,0.6666666666666666,0.8666666666666667,1.3333333333333333,1.6666666666666667,0.0,0.3333333333333333,0.0,0.06666666666666667,0.3633333333333333,0.3413333333333333,0.23666666666666666,0.2806666666666667,0.32,0.33133333333333337,5.666666666666667,5.466666666666667,2.0,1.6666666666666667,2.3333333333333335,3.066666666666667,65.0,70.73333333333333,74.33333333333333,80.06666666666666,,,1337.0,1493.1333333333334,1925.0,1765.6,68.05,66.7,63.0,55.0,1,wing,65,67.2075506226694,-2.2075506226694017
67658,6197,http://live.fanfooty.com.au/game/matchcentre.html?id=6197,R23,2017,210001.0,Nick,Riewoldt,SK,20.0,75.0,62,57.0,63.0,81.0,10.0,5.0,8.0,2.0,0.0,0.0,1.0,1.0,0.0,Full Time,heart,Playing his final game... %s from %P and %M plus %T,spearhead,Astbury following him,408700.0,0.0,386600.0,109.0,Forward,12.0,16.0,87.44,86.94,7.4,5.51,4.61,435000.0,96.0,,6.0,2.0,3.0,66.0,94.0,,,True,1743,1554,24,6197_SK,98.80000000000001,0,72.0,0,8.0,10.266666666666667,6.333333333333333,6.0,7.333333333333333,7.066666666666666,1.6666666666666667,2.2666666666666666,0.0,0.0,1.0,1.2,0.3333333333333333,0.4,1.3333333333333333,1.4666666666666666,0.0,0.6666666666666666,7.580000000000001,8.533333333333333,5.609999999999999,6.791333333333333,4.336666666666667,5.216666666666667,5.333333333333333,5.066666666666666,1.0,0.8,3.0,1.8,65.0,75.66666666666667,85.66666666666667,90.06666666666666,,,1740.0,1685.4,1550.3333333333333,1583.3333333333333,91.75,75.8,69.4,62.333333333333336,1,heart,62,85.51419938357563,-23.51419938357563
67769,6202,http://live.fanfooty.com.au/game/matchcentre.html?id=6202,EF,2017,230125.0,Tom,Lonergan,GE,8.0,58.0,72,74.0,47.0,66.0,7.0,9.0,3.0,3.0,0.0,1.0,1.0,0.0,0.0,Full Time,job,%D and %M with %T... At FB on Riewoldt,,,330100.0,0.0,347300.0,0.0,Back,13.0,21.0,54.95,61.05,0.69,1.43,0.95,337000.0,57.0,,5.0,0.0,2.0,62.0,85.0,,,False,1697,1568,30,6202_GE,100.80000000000001,0,73.0,0,7.333333333333333,7.4,7.333333333333333,7.066666666666666,5.0,4.733333333333333,2.3333333333333335,2.2666666666666666,0.0,0.0,1.0,0.7333333333333333,0.6666666666666666,0.6666666666666666,0.0,0.0,0.0,0.06666666666666667,0.6966666666666664,0.7333333333333333,1.4266666666666667,1.4426666666666665,0.95,0.9226666666666666,4.666666666666667,5.2,0.0,0.13333333333333333,1.3333333333333333,1.7333333333333334,77.0,79.93333333333334,87.33333333333333,88.8,,,1672.3333333333333,1674.0,1599.3333333333333,1594.9333333333334,63.35,64.1,71.2,60.0,1,job,72,54.820761385436484,17.179238614563516
67831,6203,http://live.fanfooty.com.au/game/matchcentre.html?id=6203,EF,2017,220058.0,James,Kelly,ES,14.0,74.0,73,67.0,57.0,78.0,7.0,10.0,4.0,5.0,0.0,1.0,0.0,0.0,0.0,Full Time,plusone,%D and %M with %T... Lurking at half back,,,446300.0,0.0,358200.0,0.0,Back,47.0,19.0,81.05,72.47,1.44,0.94,1.34,458000.0,89.0,,6.0,2.0,0.0,94.0,74.0,,,False,1763,1497,30,6203_ES,100.80000000000001,0,73.0,1,9.333333333333334,9.8,11.333333333333334,10.0,6.333333333333333,6.133333333333334,5.0,4.133333333333334,0.0,0.0,0.3333333333333333,0.4666666666666667,1.3333333333333333,0.8666666666666667,0.0,0.0,0.0,0.0,1.42,1.2646666666666666,0.9300000000000003,0.8233333333333334,1.26,1.1046666666666667,5.333333333333333,5.466666666666667,1.3333333333333333,0.6,2.3333333333333335,2.6666666666666665,92.0,82.66666666666667,80.0,82.6,,,1702.0,1687.4666666666667,1554.0,1576.4666666666667,72.5,73.5,70.0,74.66666666666667,1,plusone,73,78.88132302909878,-5.88132302909878
67833,6203,http://live.fanfooty.com.au/game/matchcentre.html?id=6203,EF,2017,230231.0,Jobe,Watson,ES,9.0,69.0,65,57.0,56.0,78.0,7.0,13.0,3.0,3.0,0.0,1.0,0.0,0.0,0.0,Full Time,shovel,%O and %M plus %T... Rotating midfield and forward,,,386600.0,0.0,356800.0,0.0,Midfielder,4.0,19.0,88.95,83.37,6.03,4.97,5.59,422000.0,130.0,,10.0,5.0,4.0,60.0,75.0,,,False,1763,1497,30,6203_ES,100.80000000000001,0,73.0,0,8.0,8.6,12.666666666666666,13.933333333333334,2.3333333333333335,4.866666666666666,2.3333333333333335,4.0,0.0,0.0,2.3333333333333335,1.2666666666666666,0.3333333333333333,0.8,0.3333333333333333,0.13333333333333333,0.3333333333333333,0.4,6.420000000000001,10.413333333333334,5.163333333333334,7.351333333333334,5.736666666666665,8.297333333333333,13.0,10.266666666666667,5.333333333333333,4.8,2.3333333333333335,2.533333333333333,62.666666666666664,71.13333333333334,72.0,74.13333333333334,,,1606.3333333333333,1664.1333333333334,1653.0,1600.4666666666667,82.45,79.5,63.2,70.33333333333333,1,shovel,65,66.20774555251927,-1.2077455525192704
67951,6206,http://live.fanfooty.com.au/game/matchcentre.html?id=6206,SF,2017,220073.0,Sam,Mitchell,WC,22.0,110.0,82,70.0,89.0,120.0,17.0,11.0,5.0,3.0,0.0,1.0,1.0,2.0,0.0,Full Time,gun,%P and %M plus %T... %s as well,shovel,Playing inside midfield,471700.0,0.0,460500.0,0.0,Midfielder,1.0,20.0,89.95,94.1,3.03,3.97,4.29,487000.0,87.0,,6.0,3.0,4.0,60.0,82.0,,,False,1830,1432,32,6206_WC,100.0,0,75.5,1,14.333333333333334,12.933333333333334,15.0,14.133333333333333,5.666666666666667,3.533333333333333,2.3333333333333335,2.8666666666666667,0.0,0.0,0.6666666666666666,1.2,1.6666666666666667,0.9333333333333333,0.6666666666666666,0.26666666666666666,0.0,0.2,3.033333333333333,3.4179999999999997,3.966666666666667,4.274,4.286666666666666,4.450666666666667,10.0,10.066666666666666,4.0,4.866666666666666,4.333333333333333,2.933333333333333,71.66666666666667,70.66666666666667,84.0,85.2,,,1583.0,1579.2666666666667,1685.6666666666667,1687.5333333333333,90.55,88.1,94.2,91.66666666666667,1,gun,82,91.22594718675496,-9.225947186754965
67953,6206,http://live.fanfooty.com.au/game/matchcentre.html?id=6206,SF,2017,240124.0,Matt,Priddis,WC,26.0,102.0,79,86.0,81.0,120.0,11.0,19.0,3.0,7.0,0.0,0.0,2.0,0.0,0.0,Full Time,magnet,%P and %M plus %T,shovel,Leading the inside midfield,480400.0,0.0,455700.0,0.0,Midfielder,11.0,19.0,92.95,93.42,1.46,1.85,1.84,496000.0,72.0,,23.0,12.0,6.0,60.0,74.0,,,False,1830,1432,32,6206_WC,100.0,0,75.5,1,12.333333333333334,8.8,15.333333333333334,14.733333333333333,3.0,2.2,8.333333333333334,7.866666666666666,0.0,0.0,0.0,1.0666666666666667,1.3333333333333333,1.1333333333333333,0.3333333333333333,0.26666666666666666,0.0,0.4,1.4433333333333334,1.9953333333333336,1.8433333333333335,2.555333333333334,1.8266666666666662,2.194666666666667,17.0,12.4,9.333333333333334,5.8,4.666666666666667,3.2,67.33333333333333,68.53333333333333,77.33333333333333,78.26666666666667,,,1583.0,1588.5333333333333,1685.6666666666667,1678.2,94.35,90.8,96.2,91.0,1,magnet,79,90.67275624298047,-11.67275624298047
67962,6206,http://live.fanfooty.com.au/game/matchcentre.html?id=6206,SF,2017,210023.0,Drew,Petrie,WC,15.0,60.0,52,58.0,55.0,63.0,3.0,4.0,5.0,1.0,18.0,0.0,0.0,1.0,0.0,Full Time,spearhead,Booted %s from %G and %P... Playing a forward/ruck role on Davis,,,376600.0,0.0,371700.0,0.0,Forward,21.0,14.0,74.0,78.93,0.47,0.35,0.53,400000.0,96.0,,2.0,0.0,0.0,85.0,82.0,,,False,1830,1432,32,6206_WC,100.0,0,75.5,0,7.666666666666667,8.333333333333334,3.0,4.066666666666666,4.666666666666667,5.0,4.333333333333333,3.4,15.333333333333334,12.333333333333334,2.3333333333333335,1.4666666666666666,0.6666666666666666,1.4,1.3333333333333333,1.0,0.0,0.2,0.46666666666666634,0.3973333333333333,0.34666666666666673,0.31733333333333336,0.53,0.4726666666666667,8.666666666666666,7.2,1.6666666666666667,1.8,1.6666666666666667,2.466666666666667,70.33333333333333,68.53333333333333,80.33333333333333,82.73333333333333,,,1583.0,1595.0,1685.6666666666667,1673.6,71.95,75.5,71.8,80.0,1,spearhead,52,70.58196002686479,-18.58196002686479
67964,6206,http://live.fanfooty.com.au/game/matchcentre.html?id=6206,SF,2017,261799.0,Sharrod,Wellingham,WC,4.0,57.0,59,34.0,45.0,60.0,10.0,4.0,5.0,1.0,0.0,0.0,0.0,0.0,0.0,Full Time,switch,%D with %k by foot... also %M... Starting on a HFF... switched back in Q4 to stem the bleeding,,,275900.0,0.0,273700.0,0.0,Back,12.0,12.0,64.33,63.33,1.4,1.17,3.47,304000.0,89.0,,3.0,0.0,0.0,71.0,81.0,,,False,1830,1432,32,6206_WC,100.0,0,75.5,0,8.333333333333334,10.733333333333333,5.0,7.333333333333333,3.6666666666666665,4.533333333333333,1.3333333333333333,2.2,0.0,0.0,0.3333333333333333,0.3333333333333333,1.3333333333333333,1.0666666666666667,0.0,0.0,0.6666666666666666,0.2,1.5333333333333332,2.726,1.24,1.5753333333333333,3.5766666666666667,3.9793333333333334,3.3333333333333335,5.066666666666666,1.0,0.5333333333333333,2.3333333333333335,3.2666666666666666,57.666666666666664,69.66666666666667,82.66666666666667,80.06666666666666,,,1516.6666666666667,1644.2666666666667,1744.0,1619.8666666666666,62.05,61.7,45.2,46.333333333333336,1,switch,59,79.15223355009644,-20.15223355009644
67965,6206,http://live.fanfooty.com.au/game/matchcentre.html?id=6206,SF,2017,250317.0,Eric,Mackenzie,WC,8.0,47.0,49,44.0,46.0,60.0,3.0,11.0,6.0,0.0,0.0,1.0,1.0,0.0,0.0,Full Time,job,%D with %b by hand... also %M... At FB on Patton,,,282700.0,0.0,300300.0,0.0,Back,16.0,11.0,49.82,57.45,0.21,0.14,0.25,288000.0,42.0,,2.0,0.0,1.0,92.0,85.0,,,False,1830,1432,32,6206_WC,100.0,0,75.5,0,6.333333333333333,6.4,6.333333333333333,5.533333333333333,5.666666666666667,5.333333333333333,1.6666666666666667,1.8666666666666667,0.0,0.0,1.0,0.6,1.6666666666666667,0.7333333333333333,0.0,0.0,0.0,0.0,0.21,1.3413333333333335,0.14,1.194,0.25,2.2173333333333334,4.0,3.0,0.0,0.13333333333333333,3.0,1.6666666666666667,79.33333333333333,84.86666666666666,92.33333333333333,95.2,,,1583.0,1576.3333333333333,1685.6666666666667,1689.0666666666666,58.0,56.1,53.8,49.0,1,job,49,50.739529987214006,-1.7395299872140058
68001,6207,http://live.fanfooty.com.au/game/matchcentre.html?id=6207,PF,2017,230248.0,Andrew,Mackie,GE,9.0,71.0,64,53.0,58.0,78.0,9.0,10.0,5.0,2.0,0.0,1.0,0.0,0.0,0.0,Full Time,guard,%D and %M with %T... Lurking at half back,,,433300.0,0.0,370400.0,0.0,Back,4.0,20.0,80.0,76.9,0.65,2.69,0.99,448000.0,83.0,,7.0,0.0,4.0,68.0,86.0,,,False,1797,1463,33,6207_GE,110.0,0,69.5,0,12.0,13.866666666666667,7.666666666666667,7.4,7.0,5.333333333333333,1.6666666666666667,2.0,0.0,0.0,0.3333333333333333,1.0,0.3333333333333333,0.7333333333333333,0.0,0.06666666666666667,0.0,0.13333333333333333,0.65,0.662,2.69,2.9246666666666665,0.99,1.0066666666666666,4.666666666666667,5.066666666666666,0.0,0.4666666666666667,4.0,3.0,67.33333333333333,68.26666666666667,87.33333333333333,88.33333333333333,,,1656.6666666666667,1716.1333333333334,1616.0,1550.9333333333334,72.15,66.6,58.4,61.666666666666664,1,guard,64,95.9192972700487,-31.919297270048702
68054,6208,http://live.fanfooty.com.au/game/matchcentre.html?id=6208,PF,2017,220054.0,Steve,Johnson,WS,8.0,43.0,34,32.0,42.0,57.0,5.0,10.0,4.0,0.0,0.0,2.0,2.0,0.0,0.0,Full Time,cactus,His last game and it showed... %P and %M,pocket,Starting deep forward,358900.0,0.0,288400.0,0.0,Forward,17.0,16.0,68.88,60.06,0.36,0.64,0.52,373000.0,92.0,,5.0,0.0,6.0,66.0,80.0,,,False,1656,1630,33,6208_WS,110.0,0,69.5,0,6.333333333333333,8.866666666666667,7.333333333333333,6.8,4.333333333333333,4.6,2.0,2.8,0.0,0.0,1.3333333333333333,1.0,1.3333333333333333,1.5333333333333334,2.0,1.1333333333333333,0.3333333333333333,0.8,0.36333333333333445,0.47200000000000003,0.64,0.628,0.5233333333333324,0.5459999999999999,5.0,5.666666666666667,0.6666666666666666,1.0,2.6666666666666665,3.533333333333333,75.33333333333333,63.46666666666667,75.33333333333333,78.13333333333334,,,1742.3333333333333,1695.8666666666666,1519.6666666666667,1566.6666666666667,65.45,61.8,56.2,60.333333333333336,1,cactus,34,41.514211645446196,-7.514211645446196
68225,6503,http://live.fanfooty.com.au/game/matchcentre.html?id=6503,R1,2018,294691.0,Tom,Bell,BL,12.0,41.0,60,18.0,39.0,58.0,8.0,8.0,1.0,0.0,0.0,0.0,3.0,1.0,1.0,Full Time,news,%s from %O... conceded %F,,,428000.0,,428000.0,,Forward,7.0,0.0,0.0,0.0,0.0,0.0,0.0,428000.0,,,9.0,4.0,6.0,62.0,69.0,,,False,1803,1476,2,6503_BL,97.0,0,75.0,0,7.666666666666667,7.666666666666667,9.333333333333334,6.133333333333334,1.3333333333333333,2.3333333333333335,2.6666666666666665,2.6,0.0,0.0,0.0,0.4666666666666667,2.3333333333333335,1.2666666666666666,0.6666666666666666,0.8666666666666667,0.6666666666666666,0.4,0.08,0.2906666666666667,0.11333333333333363,0.308,0.08333333333333333,0.2793333333333333,8.666666666666666,6.333333333333333,2.6666666666666665,1.2,5.666666666666667,3.466666666666667,66.66666666666667,58.06666666666667,77.0,80.66666666666667,,,1487.0,1396.4,1780.3333333333333,1644.4,60.45,53.5,61.4,59.333333333333336,1,news,60,76.1617441308584,-16.161744130858395
68553,6511,http://live.fanfooty.com.au/game/matchcentre.html?id=6511,R2,2018,280946.0,Koby,Stevens,SK,30.0,98.0,62,94.0,75.0,103.0,9.0,10.0,7.0,8.0,0.0,0.0,1.0,0.0,1.0,Full Time,wing,%P and %M plus %T... %s as well... Drifting forward from midfield,,,589700.0,92.0,435100.0,93.0,Midfielder,25.0,1.0,82.0,72.0,0.35,0.24,0.17,598000.0,96.0,,2.0,0.0,5.0,57.0,79.0,,,False,1729,1553,3,6511_SK,104.0,0,72.0,0,8.0,7.6,14.0,14.666666666666666,5.333333333333333,5.2,5.333333333333333,5.733333333333333,0.0,0.0,0.6666666666666666,1.0666666666666667,1.3333333333333333,1.4666666666666666,0.0,0.26666666666666666,1.0,0.4,1.6433333333333333,3.3973333333333335,0.4566666666666666,1.0226666666666666,0.5399999999999999,2.432666666666667,7.666666666666667,7.533333333333333,1.6666666666666667,2.8666666666666667,3.6666666666666665,3.2,65.66666666666667,78.66666666666667,77.66666666666667,74.86666666666666,,,1636.6666666666667,1665.5333333333333,1649.3333333333333,1607.5333333333333,81.95,81.7,74.8,69.0,1,wing,62,79.6217555930352,-17.621755593035203
68637,6513,http://live.fanfooty.com.au/game/matchcentre.html?id=6513,R2,2018,293035.0,Tim,Broomhead,CO,0.0,0.0,0,0.0,0.0,0.0,0.0,0.0,0.0,0.0,0.0,0.0,0.0,0.0,0.0,Full Time,longterminjured,Broke his left leg on a goalpost throwing a boot at a loose ball in Q1,in,Late replacement for Ben Reid... starting at half forward,442300.0,64.0,350300.0,64.0,Forward,29.0,0.0,0.0,0.0,0.18,0.2,0.1,451000.0,71.0,,0.0,0.0,0.0,0.0,3.0,,,True,1645,1635,3,6513_CO,104.0,0,72.0,0,6.333333333333333,6.666666666666667,3.6666666666666665,8.6,3.3333333333333335,3.1333333333333333,1.3333333333333333,2.3333333333333335,0.0,0.0,0.6666666666666666,0.6666666666666666,0.0,0.26666666666666666,1.0,0.5333333333333333,0.0,0.7333333333333333,0.31666666666666665,0.4433333333333333,0.45,0.638,0.66,0.9199999999999999,3.0,5.533333333333333,0.3333333333333333,1.2666666666666666,1.6666666666666667,1.5333333333333334,51.333333333333336,70.6,51.666666666666664,72.46666666666667,,,1653.6666666666667,1646.8666666666666,1622.0,1618.2,58.85,53.9,50.8,40.0,1,longterminjured,0,51.54856518747134,-51.54856518747134
69375,6530,http://live.fanfooty.com.au/game/matchcentre.html?id=6530,R4,2018,281329.0,Rohan,Bewick,BL,14.0,79.0,69,54.0,65.0,87.0,12.0,8.0,7.0,2.0,0.0,1.0,1.0,0.0,0.0,Full Time,wing,%P and %M plus %T... Playing an outside game,,,431900.0,0.0,318900.0,72.0,Midfielder,8.0,2.0,67.67,70.67,0.0,0.0,0.2,455000.0,68.0,,7.0,2.0,4.0,70.0,77.0,,,False,1873,1411,5,6530_BL,98.80000000000001,0,74.0,0,12.333333333333334,9.333333333333334,6.0,5.6,4.666666666666667,4.2,2.0,2.066666666666667,0.0,0.0,0.6666666666666666,0.5333333333333333,0.6666666666666666,0.6,0.3333333333333333,0.6666666666666666,1.0,0.6666666666666666,0.1366666666666667,0.15466666666666665,0.13999999999999993,0.13733333333333334,0.1366666666666667,0.116,6.666666666666667,5.0,1.6666666666666667,0.8666666666666667,2.0,2.4,70.0,65.0,72.33333333333333,79.73333333333333,,,1505.6666666666667,1514.9333333333334,1763.3333333333333,1751.9333333333334,61.7,61.0,64.8,74.33333333333333,1,wing,69,66.89092896789417,2.109071032105831
69409,6531,http://live.fanfooty.com.au/game/matchcentre.html?id=6531,R4,2018,292030.0,Jack,Redpath,WB,13.0,51.0,53,66.0,45.0,54.0,8.0,1.0,7.0,0.0,0.0,1.0,1.0,1.0,0.0,Full Time,switch,Moved to be the spare man in front of Buddy during a dominant Q3... Kicked %s from %G and %O,spearhead,At FF on Grundy,457600.0,0.0,326200.0,105.0,Forward,43.0,1.0,47.0,44.5,0.0,0.0,0.06,437000.0,85.0,,2.0,0.0,1.0,88.0,82.0,,,False,1543,1714,5,6531_WB,98.80000000000001,0,74.0,0,6.666666666666667,8.333333333333334,1.6666666666666667,2.1333333333333333,5.666666666666667,6.0,0.3333333333333333,1.0,0.0,0.8,0.3333333333333333,0.5333333333333333,0.6666666666666666,0.7333333333333333,0.6666666666666666,1.4666666666666666,0.3333333333333333,1.2666666666666666,0.03,0.3566666666666667,0.05000000000000007,0.27266666666666667,0.07666666666666695,0.7546666666666667,1.6666666666666667,2.6666666666666665,0.0,0.26666666666666666,1.6666666666666667,2.2,87.0,63.0,80.33333333333333,81.86666666666666,,,1703.6666666666667,1662.0,1545.6666666666667,1599.0,60.6,60.5,59.2,46.0,1,switch,53,77.70076713203741,-24.700767132037413
69583,6535,http://live.fanfooty.com.au/game/matchcentre.html?id=6535,R4,2018,260955.0,Cyril,Rioli,HW,2.0,27.0,45,36.0,18.0,27.0,3.0,3.0,0.0,3.0,0.0,0.0,0.0,0.0,0.0,Full Time,pocket,%O and %T... In the forward line,injured,Medial ligament in Q2 and didn't return,347000.0,0.0,311700.0,55.0,Forward,33.0,3.0,45.0,59.5,0.0,0.0,1.06,445000.0,107.0,,6.0,2.0,2.0,66.0,40.0,,,True,1494,1768,5,6535_HW,98.80000000000001,0,74.0,0,4.333333333333333,7.333333333333333,4.0,4.133333333333334,0.6666666666666666,2.6666666666666665,3.3333333333333335,3.6666666666666665,0.0,0.13333333333333333,0.0,0.7333333333333333,0.6666666666666666,0.9333333333333333,0.3333333333333333,0.8666666666666667,0.3333333333333333,0.8,0.7033333333333335,1.1380000000000001,2.0933333333333333,2.686666666666667,1.1066666666666667,2.284666666666667,5.666666666666667,5.533333333333333,1.3333333333333333,1.1333333333333333,2.3333333333333335,2.2,69.66666666666667,66.4,66.66666666666667,73.86666666666666,,,1634.3333333333333,1619.0666666666666,1631.3333333333333,1646.1333333333334,73.4,63.2,59.2,52.666666666666664,1,pocket,45,70.85257415262735,-25.852574152627355
69588,6535,http://live.fanfooty.com.au/game/matchcentre.html?id=6535,R4,2018,291802.0,Tomas,Bugg,ME,20.0,85.0,74,71.0,67.0,91.0,10.0,9.0,4.0,6.0,0.0,3.0,2.0,0.0,4.0,Full Time,pocket,%O and %M plus %T... %s as well... In defence... umps paid him %4FF,,,416700.0,0.0,334300.0,53.0,Midfielder,32.0,2.0,67.33,55.0,0.0,0.0,0.2,435000.0,52.0,,10.0,2.0,4.0,47.0,78.0,,,False,1768,1494,5,6535_ME,98.80000000000001,0,74.0,1,9.333333333333334,7.133333333333334,6.666666666666667,6.8,3.0,2.8,4.333333333333333,3.4,0.0,0.0,2.3333333333333335,1.2666666666666666,1.3333333333333333,0.8666666666666667,1.3333333333333333,0.8,2.3333333333333335,1.2666666666666666,0.07333333333333333,0.30666666666666664,0.1533333333333332,0.38999999999999996,0.18000000000000002,0.336,6.666666666666667,5.933333333333334,1.3333333333333333,0.9333333333333333,4.0,2.533333333333333,56.0,65.33333333333333,78.0,78.93333333333334,,,1684.3333333333333,1638.4,1583.0,1632.2666666666667,64.0,59.5,50.0,62.666666666666664,1,pocket,74,68.66447543413054,5.335524565869463
69647,6536,http://live.fanfooty.com.au/game/matchcentre.html?id=6536,R4,2018,280933.0,Dylan,Roberton,SK,7.0,21.0,35,19.0,15.0,18.0,2.0,0.0,0.0,2.0,0.0,1.0,0.0,1.0,0.0,Full Time,injured,Collapsed without being touched in Q2 but ran off... complained of dizziness and sent to hospital... %P and %T plus %s,guard,Seventh defender,593100.0,0.0,480500.0,106.0,Back,17.0,3.0,79.75,81.75,0.0,0.0,1.73,605000.0,121.0,,1.0,0.0,0.0,50.0,28.0,,,True,1741,1511,5,6536_SK,98.80000000000001,0,74.0,0,8.0,14.2,4.333333333333333,5.133333333333334,4.0,5.333333333333333,1.3333333333333333,1.3333333333333333,0.0,0.0,0.6666666666666666,0.6666666666666666,1.0,0.6666666666666666,0.3333333333333333,0.13333333333333333,0.0,0.0,1.626666666666667,10.299333333333333,1.493333333333334,6.6146666666666665,1.8766666666666667,6.5040000000000004,3.3333333333333335,4.6,0.0,0.13333333333333333,2.0,2.6,64.66666666666667,74.26666666666667,66.0,82.0,,,1535.6666666666667,1658.3333333333333,1732.6666666666667,1614.7333333333333,82.55,74.1,61.0,61.333333333333336,1,injured,35,57.08512925679655,-22.08512925679655
70314,6552,http://live.fanfooty.com.au/game/matchcentre.html?id=6552,R6,2018,295285.0,Jackson,Merrett,ES,1.0,20.0,35,25.0,17.0,27.0,3.0,5.0,0.0,1.0,0.0,0.0,1.0,0.0,0.0,Full Time,pocket,%P... Starting deep forward,,,330700.0,7.0,242500.0,12.0,Midfielder,20.0,1.0,71.0,65.0,0.22,0.0,0.33,349000.0,39.0,,4.0,0.0,2.0,100.0,80.0,,,False,1615,1648,7,6552_ES,95.80000000000001,0,74.0,0,6.666666666666667,8.466666666666667,6.666666666666667,8.2,4.0,4.8,1.3333333333333333,1.8,0.0,0.0,0.6666666666666666,0.4,0.6666666666666666,0.4,0.0,0.26666666666666666,0.0,0.4666666666666667,0.13333333333333452,0.16933333333333336,0.14666666666666667,0.3473333333333333,0.32,0.29133333333333333,5.0,5.533333333333333,0.3333333333333333,1.2,1.3333333333333333,1.4,80.66666666666667,76.53333333333333,84.33333333333333,77.53333333333333,,,1672.3333333333333,1595.4,1603.3333333333333,1674.1333333333334,56.85,60.7,57.4,47.666666666666664,1,pocket,35,60.489624697380904,-25.489624697380904
70801,6563,http://live.fanfooty.com.au/game/matchcentre.html?id=6563,R7,2018,280104.0,Jarryd,Blair,CO,13.0,64.0,68,51.0,50.0,69.0,8.0,8.0,3.0,4.0,0.0,2.0,1.0,0.0,0.0,Full Time,wing,%D and %M with %T... Rotating forward and midfield,,,367400.0,18.0,328900.0,55.0,Forward,11.0,1.0,75.0,70.0,0.08,0.13,0.13,384000.0,45.0,,6.0,1.0,1.0,75.0,79.0,,,False,1603,1665,8,6563_CO,95.80000000000001,0,75.0,0,6.0,5.133333333333334,9.666666666666666,7.866666666666666,2.6666666666666665,2.2,3.6666666666666665,4.2,0.0,0.0,1.6666666666666667,0.9333333333333333,1.0,1.0666666666666667,0.3333333333333333,0.8666666666666667,0.0,0.4666666666666667,0.07333333333333335,0.10866666666666668,0.12333333333333336,0.21933333333333335,0.31,0.526,6.666666666666667,6.466666666666667,0.6666666666666666,1.2,1.6666666666666667,2.3333333333333335,74.0,70.8,75.33333333333333,78.66666666666667,,,1667.6666666666667,1712.8,1602.0,1548.2666666666667,63.25,62.9,64.4,67.0,1,wing,68,66.3633238174998,1.6366761825001959
71299,6575,http://live.fanfooty.com.au/game/matchcentre.html?id=6575,R9,2018,250111.0,Matt,Rosa,GC,7.0,30.0,37,37.0,26.0,36.0,4.0,4.0,1.0,1.0,0.0,0.0,1.0,1.0,0.0,Full Time,in,First goal... %l Jack Martin... and scored %s,wing,Playing an outside game,488500.0,93.0,368300.0,100.0,Midfielder,3.0,4.0,72.75,68.75,0.13,0.09,0.07,506000.0,85.0,,3.0,1.0,2.0,50.0,44.0,,,False,1726,1552,10,6575_GC,99.0,0,75.0,0,8.0,10.466666666666667,8.333333333333334,11.0,1.6666666666666667,4.0,2.0,2.6666666666666665,0.0,0.0,0.3333333333333333,0.8,0.3333333333333333,0.9333333333333333,0.3333333333333333,0.13333333333333333,0.3333333333333333,0.13333333333333333,0.14,0.15266666666666667,0.06333333333333334,0.18933333333333335,0.07666666666666666,0.16199999999999998,5.333333333333333,6.933333333333334,1.0,2.1333333333333333,1.6666666666666667,2.533333333333333,56.666666666666664,73.0,68.66666666666667,83.0,,,1480.3333333333333,1525.2666666666667,1785.0,1743.2,74.8,70.5,62.4,53.0,1,in,37,62.593351195087244,-25.593351195087244
71730,6585,http://live.fanfooty.com.au/game/matchcentre.html?id=6585,R10,2018,292503.0,Stewart,Crameri,GE,9.0,43.0,42,56.0,37.0,49.0,6.0,3.0,3.0,2.0,0.0,1.0,2.0,1.0,1.0,Full Time,spearhead,%s from %O and %M plus %T... Stood by O'Shea,,,292700.0,16.0,257300.0,25.0,Forward,36.0,2.0,60.5,65.0,0.3,0.48,0.55,356000.0,39.0,,4.0,0.0,2.0,44.0,90.0,,,False,1572,1700,11,6585_GE,101.0,0,75.0,0,6.333333333333333,8.066666666666666,5.333333333333333,6.0,5.333333333333333,4.533333333333333,2.0,2.6666666666666665,0.0,0.0,0.6666666666666666,0.8,2.0,1.5333333333333334,1.0,1.8666666666666667,1.0,1.2,0.28666666666666657,0.37733333333333335,0.47000000000000014,0.4726666666666667,0.45999999999999996,0.31933333333333336,4.666666666666667,6.066666666666666,0.0,0.6666666666666666,2.3333333333333335,2.6666666666666665,60.0,68.26666666666667,87.33333333333333,69.8,,,1558.0,1677.7333333333333,1713.6666666666667,1581.2,70.65,63.9,59.2,61.0,1,spearhead,42,71.38155062877453,-29.381550628774534
71775,6586,http://live.fanfooty.com.au/game/matchcentre.html?id=6586,R10,2018,291777.0,Dylan,Buckley,WS,9.0,31.0,29,40.0,33.0,45.0,6.0,2.0,3.0,0.0,0.0,0.0,4.0,2.0,0.0,Full Time,spud,%s from %O and %M... gave away %F,wing,Playing a forward role,155900.0,-1.0,158300.0,1.0,Forward,43.0,1.0,37.0,47.0,0.55,0.68,0.13,299000.0,53.0,,4.0,0.0,6.0,62.0,65.0,,,False,1619,1657,11,6586_WS,101.0,0,75.0,0,4.666666666666667,7.8,3.0,5.8,1.3333333333333333,3.0,1.6666666666666667,2.7333333333333334,0.0,0.0,0.6666666666666666,0.4666666666666667,1.3333333333333333,0.9333333333333333,0.6666666666666666,0.7333333333333333,0.0,0.6666666666666666,0.34,1.0313333333333332,0.48,0.6513333333333333,0.09666666666666668,1.8353333333333333,4.0,3.8,0.0,0.4666666666666667,2.3333333333333335,2.6666666666666665,65.0,69.8,63.0,72.73333333333333,,,1518.3333333333333,1552.2666666666667,1767.3333333333333,1715.5333333333333,57.55,55.5,47.2,36.0,1,spud,29,57.459105970216704,-28.459105970216704
71896,6589,http://live.fanfooty.com.au/game/matchcentre.html?id=6589,R10,2018,250063.0,Danyle,Pearce,FR,9.0,60.0,55,78.0,45.0,63.0,5.0,8.0,3.0,5.0,0.0,0.0,0.0,0.0,0.0,Full Time,wing,%O and %M plus %T... Coming off a wing,,,420300.0,64.0,321600.0,83.0,Midfielder,6.0,2.0,66.5,55.5,0.03,0.07,0.05,490000.0,82.0,,7.0,4.0,1.0,92.0,68.0,,,False,1631,1642,11,6589_FR,101.0,0,75.0,0,7.666666666666667,11.666666666666666,6.666666666666667,7.333333333333333,3.6666666666666665,3.3333333333333335,3.6666666666666665,2.8666666666666667,0.0,0.0,0.3333333333333333,0.6,0.0,0.26666666666666666,0.3333333333333333,0.3333333333333333,0.0,0.06666666666666667,0.02,0.1913333333333333,0.04666666666666652,0.19799999999999998,0.03,0.19799999999999998,4.666666666666667,6.133333333333334,2.3333333333333335,1.4666666666666666,1.6666666666666667,2.2666666666666666,76.0,67.2,73.0,79.33333333333333,,,1595.6666666666667,1549.3333333333333,1668.6666666666667,1716.7333333333333,70.3,62.2,51.2,55.333333333333336,1,wing,55,65.6224872468434,-10.622487246843406
72526,6603,http://live.fanfooty.com.au/game/matchcentre.html?id=6603,R12,2018,290748.0,Josh,Green,ES,10.0,45.0,48,39.0,41.0,55.0,4.0,8.0,2.0,2.0,0.0,2.0,2.0,1.0,1.0,Full Time,pocket,%s from %O and %M plus %T... Playing a FP role,,,374100.0,106.0,328000.0,121.0,Forward,15.0,5.0,52.0,60.17,0.0,0.0,0.22,385000.0,93.0,,8.0,1.0,4.0,75.0,80.0,,,False,1611,1636,13,6603_ES,98.0,0,73.0,0,7.333333333333333,7.6,5.333333333333333,4.066666666666666,2.3333333333333335,2.1333333333333333,3.0,3.066666666666667,0.0,0.0,1.3333333333333333,0.9333333333333333,0.6666666666666666,0.6666666666666666,1.3333333333333333,1.2,0.6666666666666666,1.4666666666666666,0.0,0.17133333333333337,0.0,0.16333333333333336,0.37333333333333335,0.264,8.333333333333334,5.866666666666666,1.3333333333333333,0.6666666666666666,2.3333333333333335,2.0,73.66666666666667,63.733333333333334,78.33333333333333,75.13333333333334,,,1581.3333333333333,1657.3333333333333,1669.6666666666667,1600.8666666666666,59.8,61.6,69.8,69.33333333333333,1,pocket,48,65.96120245783887,-17.961202457838866
72654,6606,http://live.fanfooty.com.au/game/matchcentre.html?id=6606,R13,2018,298307.0,Lukas,Webb,WB,3.0,42.0,34,28.0,31.0,42.0,7.0,3.0,1.0,3.0,0.0,3.0,1.0,0.0,0.0,Full Time,wing,%D and %T... aided by %4FF... Starting forward,,,308500.0,46.0,257000.0,41.0,Midfielder,19.0,4.0,47.4,53.8,0.0,0.0,0.39,323000.0,53.0,,5.0,3.0,5.0,50.0,81.0,,,False,1912,1368,14,6606_WB,97.0,0,76.5,0,5.333333333333333,5.466666666666667,5.666666666666667,5.933333333333334,1.0,2.066666666666667,2.6666666666666665,3.2666666666666666,0.0,0.06666666666666667,1.3333333333333333,0.8,1.3333333333333333,0.6,0.3333333333333333,0.4,0.3333333333333333,0.4,0.15,0.498,0.35333333333333333,0.6246666666666667,0.39333333333333337,0.7333333333333333,5.0,4.8,1.3333333333333333,1.7333333333333334,2.6666666666666665,1.3333333333333333,64.0,72.8,75.33333333333333,75.13333333333334,,,1597.0,1601.4,1674.3333333333333,1667.8,50.4,54.9,51.0,44.333333333333336,1,wing,34,53.419384788018945,-19.419384788018945
72816,6610,http://live.fanfooty.com.au/game/matchcentre.html?id=6610,R13,2018,250557.0,Sam,Gibson,AD,9.0,78.0,82,49.0,64.0,87.0,12.0,11.0,5.0,1.0,0.0,1.0,0.0,0.0,0.0,Full Time,heart,Hamstring problem in Q2 but soldiered on... %D and %M,wing,Playing outside midfield,570100.0,87.0,429100.0,92.0,Midfielder,20.0,4.0,89.2,82.2,0.0,0.0,0.15,579000.0,85.0,,9.0,3.0,0.0,78.0,66.0,,,True,1841,1448,14,6610_AD,97.0,0,76.5,1,14.666666666666666,11.533333333333333,9.0,10.4,5.666666666666667,4.733333333333333,1.6666666666666667,2.933333333333333,0.0,0.0,1.3333333333333333,0.8,0.3333333333333333,0.6666666666666666,0.3333333333333333,0.26666666666666666,0.3333333333333333,0.26666666666666666,0.0,0.24866666666666667,0.0,0.218,0.13666666666666663,0.19399999999999998,9.0,7.6,2.3333333333333335,2.2,0.6666666666666666,2.066666666666667,69.0,70.0,76.66666666666667,84.46666666666667,,,1531.3333333333333,1536.5333333333333,1744.6666666666667,1741.6,81.75,82.6,82.2,87.33333333333333,1,heart,82,85.17536796727524,-3.1753679672752355
72850,6611,http://live.fanfooty.com.au/game/matchcentre.html?id=6611,R13,2018,296161.0,Cory,Gregson,GE,1.0,19.0,25,24.0,19.0,29.0,4.0,4.0,1.0,0.0,0.0,0.0,2.0,0.0,2.0,Full Time,wing,%s from %D... Playing an outside game,,,298400.0,45.0,260800.0,51.0,Forward,28.0,9.0,47.8,50.9,0.0,0.0,0.39,311000.0,48.0,,4.0,1.0,2.0,75.0,67.0,,,False,1732,1545,14,6611_GE,97.0,0,76.5,0,4.333333333333333,5.8,3.0,4.733333333333333,1.0,2.6,4.333333333333333,3.8,0.0,0.0,0.6666666666666666,0.6,1.0,0.8666666666666667,0.0,0.3333333333333333,1.3333333333333333,0.5333333333333333,0.15333333333333335,0.19733333333333333,0.34,0.398,0.44,0.4366666666666667,3.0,3.8666666666666667,0.6666666666666666,0.4666666666666667,1.0,1.8,73.66666666666667,72.26666666666667,79.0,76.46666666666667,,,1546.3333333333333,1650.2,1721.3333333333333,1616.4666666666667,50.55,47.6,48.2,40.333333333333336,1,wing,25,51.38975540657588,-26.38975540657588
72979,6614,http://live.fanfooty.com.au/game/matchcentre.html?id=6614,R14,2018,290683.0,Will,Langford,HW,4.0,46.0,55,57.0,37.0,51.0,5.0,8.0,2.0,2.0,0.0,1.0,0.0,0.0,0.0,Full Time,wing,%D and %M with %T... Mostly forward,,,410200.0,82.0,287100.0,75.0,Midfielder,29.0,4.0,46.4,39.0,0.0,0.0,0.25,395000.0,83.0,,5.0,0.0,0.0,69.0,74.0,,,False,1389,1864,15,6614_HW,97.60000000000002,0,74.0,0,7.666666666666667,9.333333333333334,5.0,6.866666666666666,2.0,3.533333333333333,2.0,2.933333333333333,0.0,0.0,1.0,0.8,0.0,0.6666666666666666,0.0,0.4,0.3333333333333333,0.6666666666666666,0.05666666666666675,0.5619999999999999,0.13333333333333333,0.5413333333333334,0.2466666666666666,0.7193333333333333,4.0,6.866666666666666,0.3333333333333333,1.8666666666666667,2.3333333333333335,3.066666666666667,46.0,60.6,72.33333333333333,74.8,,,1755.3333333333333,1680.1333333333334,1516.3333333333333,1590.9333333333334,62.35,53.6,44.2,38.333333333333336,1,wing,55,62.08197919793691,-7.08197919793691
73087,6616,http://live.fanfooty.com.au/game/matchcentre.html?id=6616,R14,2018,296198.0,Billy,Hartung,NM,1.0,21.0,26,17.0,17.0,24.0,2.0,5.0,0.0,1.0,0.0,1.0,0.0,0.0,0.0,Full Time,in,%l Ben Jacobs... %O with %b by hand,injured,Playing outside midfield... left hamstring soreness in Q2 and iced up,431200.0,96.0,324600.0,95.0,Midfielder,39.0,12.0,69.31,66.85,0.0,0.0,0.57,446000.0,92.0,,3.0,0.0,0.0,100.0,29.0,,,True,1700,1566,15,6616_NM,97.60000000000002,0,74.0,0,4.666666666666667,9.666666666666666,10.0,10.133333333333333,4.0,4.333333333333333,2.0,2.2666666666666666,0.0,0.0,0.3333333333333333,0.3333333333333333,0.3333333333333333,0.6,0.3333333333333333,0.4666666666666667,0.0,0.3333333333333333,0.09333333333333334,0.19733333333333333,0.26333333333333336,0.46199999999999997,0.57,0.544,4.333333333333333,6.0,0.0,1.5333333333333334,0.3333333333333333,2.6,81.66666666666667,71.2,62.333333333333336,77.8,,,1653.3333333333333,1665.6666666666667,1626.0,1605.9333333333334,72.05,64.9,56.4,57.333333333333336,1,in,26,59.59455272345778,-33.59455272345778
73270,6621,http://live.fanfooty.com.au/game/matchcentre.html?id=6621,R15,2018,290306.0,Curtly,Hampton,AD,15.0,70.0,75,90.0,53.0,72.0,7.0,7.0,3.0,5.0,0.0,0.0,0.0,1.0,0.0,Full Time,wing,%P and %M plus %T... %s as well... Starting at half forward,,,440000.0,96.0,332300.0,111.0,Back,17.0,1.0,54.0,45.0,0.1,0.2,0.12,430000.0,77.0,,9.0,0.0,3.0,64.0,79.0,,,False,1580,1680,16,6621_AD,101.0,0,73.0,1,6.333333333333333,7.0,4.333333333333333,6.333333333333333,3.0,2.8,4.0,4.733333333333333,0.0,0.0,0.0,0.3333333333333333,0.0,0.9333333333333333,0.6666666666666666,0.26666666666666666,0.0,0.13333333333333333,15.71,26.649333333333335,17.13,21.663999999999998,13.56,18.28933333333333,4.666666666666667,5.666666666666667,1.3333333333333333,1.3333333333333333,1.6666666666666667,2.2666666666666666,72.66666666666667,68.26666666666667,61.666666666666664,63.333333333333336,,,1630.3333333333333,1681.8666666666666,1627.0,1593.6,55.55,61.4,54.0,57.0,1,wing,75,56.193870773143615,18.806129226856385
73538,6627,http://live.fanfooty.com.au/game/matchcentre.html?id=6627,R16,2018,295695.0,Dean,Towers,SY,7.0,30.0,31,40.0,24.0,38.0,2.0,6.0,0.0,4.0,2.0,0.0,2.0,0.0,0.0,Full Time,wing,%O with %b by hand... also %T... Starting forward on Henry,,,381400.0,110.0,339600.0,119.0,Forward,22.0,7.0,54.71,63.29,0.07,0.1,0.05,394000.0,95.0,,4.0,0.0,3.0,62.0,85.0,,,False,1727,1538,17,6627_SY,101.0,0,73.0,0,4.666666666666667,7.066666666666666,7.0,6.8,2.3333333333333335,3.466666666666667,2.6666666666666665,3.533333333333333,2.3333333333333335,2.4,0.3333333333333333,0.9333333333333333,1.3333333333333333,1.0,0.6666666666666666,0.6,0.3333333333333333,0.5333333333333333,0.05666666666666667,0.08333333333333333,0.08333333333333333,0.11866666666666667,0.08333333333333341,0.096,6.333333333333333,6.8,1.3333333333333333,1.4666666666666666,2.6666666666666665,2.7333333333333334,72.66666666666667,70.0,75.33333333333333,74.93333333333334,,,1578.3333333333333,1644.8,1691.3333333333333,1626.2666666666667,67.15,67.7,62.6,56.333333333333336,1,wing,31,65.02585207545894,-34.02585207545894
73688,6630,http://live.fanfooty.com.au/game/matchcentre.html?id=6630,R16,2018,294317.0,Nathan,Wright,SK,2.0,20.0,34,19.0,23.0,33.0,1.0,8.0,2.0,0.0,0.0,1.0,2.0,0.0,0.0,Full Time,guard,%P with %b by hand... also %M... Playing small defender,,,246900.0,58.0,183300.0,48.0,Forward,34.0,1.0,29.0,32.0,0.06,0.24,0.11,252000.0,47.0,,7.0,0.0,3.0,77.0,72.0,,,False,1888,1415,17,6630_SK,101.0,0,73.0,0,1.6666666666666667,4.4,5.666666666666667,5.0,1.3333333333333333,1.7333333333333334,1.6666666666666667,3.466666666666667,0.0,0.0,0.6666666666666666,0.7333333333333333,0.6666666666666666,0.6,0.0,0.5333333333333333,0.3333333333333333,0.5333333333333333,0.08,0.08266666666666667,0.27,0.15,0.13333333333333333,0.09733333333333333,3.6666666666666665,4.133333333333334,0.0,0.4666666666666667,1.6666666666666667,1.1333333333333333,77.33333333333333,71.4,68.0,73.06666666666666,,,1481.0,1602.6,1797.6666666666667,1664.8666666666666,45.95,43.9,38.2,32.0,1,guard,34,73.0531136679368,-39.0531136679368
73782,6633,http://live.fanfooty.com.au/game/matchcentre.html?id=6633,R16,2018,290802.0,Ben,Jacobs,NM,25.0,95.0,102,117.0,76.0,106.0,11.0,15.0,3.0,4.0,0.0,0.0,0.0,1.0,1.0,Full Time,tagger,%P and %M plus %T... %s as well... Tagging Swallow,,,515000.0,104.0,427000.0,104.0,Midfielder,5.0,12.0,76.08,78.42,2.2,1.78,3.12,520000.0,83.0,,8.0,4.0,3.0,65.0,82.0,,,False,1424,1851,17,6633_NM,101.0,1,73.0,1,8.666666666666666,7.4,14.333333333333334,11.0,2.0,2.4,3.6666666666666665,6.6,0.0,0.0,1.6666666666666667,1.2,2.0,2.0,1.0,0.4,0.3333333333333333,0.13333333333333333,0.7333333333333334,1.8433333333333335,0.5933333333333334,0.9566666666666666,4.363333333333333,3.8973333333333335,9.0,8.133333333333333,3.3333333333333335,2.7333333333333334,3.3333333333333335,3.6,72.33333333333333,71.4,83.0,81.86666666666666,,,1678.3333333333333,1651.5333333333333,1602.6666666666667,1616.0,70.25,82.5,93.2,86.33333333333333,1,tagger,102,86.63837211793589,15.361627882064113
74070,6639,http://live.fanfooty.com.au/game/matchcentre.html?id=6639,R17,2018,295608.0,Shane,Biggs,WB,12.0,62.0,66,49.0,44.0,63.0,8.0,7.0,1.0,5.0,0.0,1.0,0.0,0.0,0.0,Full Time,pocket,%D and %T... Playing a small forward role today,,,485400.0,128.0,366800.0,164.0,Back,24.0,3.0,54.67,35.33,0.09,0.13,0.11,484000.0,114.0,,5.0,0.0,1.0,80.0,78.0,,,False,1726,1532,18,6639_WB,96.80000000000001,0,74.0,0,7.333333333333333,12.6,4.666666666666667,6.266666666666667,2.0,4.733333333333333,4.333333333333333,2.1333333333333333,0.0,0.0,0.6666666666666666,0.3333333333333333,0.6666666666666666,0.4666666666666667,0.3333333333333333,0.06666666666666667,0.3333333333333333,0.06666666666666667,0.06,0.16999999999999998,0.08666666666666667,0.206,0.10666666666666667,0.26266666666666666,3.6666666666666665,4.0,0.3333333333333333,0.2,1.6666666666666667,1.5333333333333334,64.0,76.2,79.0,81.33333333333333,,,1483.3333333333333,1593.3333333333333,1780.0,1674.8666666666666,71.65,61.0,44.0,47.0,1,pocket,66,67.69211032389788,-1.6921103238978787
74390,6647,http://live.fanfooty.com.au/game/matchcentre.html?id=6647,R18,2018,296840.0,Harry,Marsh,SY,13.0,68.0,74,91.0,54.0,72.0,12.0,3.0,7.0,2.0,0.0,0.0,1.0,0.0,0.0,Full Time,job,%D including %K... also %M and %T... In defence,,,332600.0,65.0,296400.0,82.0,Back,31.0,8.0,50.11,56.89,0.0,0.0,0.16,339000.0,53.0,,1.0,0.0,1.0,86.0,74.0,,,False,1626,1658,19,6647_SY,100.0,0,74.0,1,10.0,8.133333333333333,4.666666666666667,7.266666666666667,4.666666666666667,3.933333333333333,1.3333333333333333,1.4,0.0,0.0,0.3333333333333333,0.3333333333333333,0.6666666666666666,0.5333333333333333,0.0,0.0,0.0,0.13333333333333333,0.03666666666666667,0.5253333333333333,0.04333333333333341,0.33533333333333337,0.15,1.1786666666666668,3.0,4.066666666666666,0.0,0.06666666666666667,2.0,2.0,81.66666666666667,78.06666666666666,77.33333333333333,81.4,,,1709.0,1667.9333333333334,1567.3333333333333,1600.4666666666667,54.95,58.1,63.0,63.0,1,job,74,49.6194139828844,24.380586017115597
74560,6651,http://live.fanfooty.com.au/game/matchcentre.html?id=6651,R18,2018,290790.0,Matt,Shaw,CA,13.0,76.0,65,94.0,65.0,87.0,9.0,12.0,7.0,1.0,0.0,0.0,0.0,0.0,0.0,Full Time,guard,%D and %M... In defence,,,304100.0,48.0,180300.0,39.0,Midfielder,37.0,1.0,48.0,35.5,0.0,0.0,0.12,368000.0,68.0,,3.0,0.0,1.0,81.0,91.0,,,False,1759,1497,19,6651_CA,100.0,0,74.0,0,9.666666666666666,10.266666666666667,8.333333333333334,7.466666666666667,4.333333333333333,5.066666666666666,0.6666666666666666,1.2666666666666666,0.0,0.13333333333333333,0.0,0.3333333333333333,0.3333333333333333,0.2,0.3333333333333333,0.13333333333333333,0.3333333333333333,0.06666666666666667,0.04333333333333348,0.106,0.13999999999999999,0.22466666666666668,0.08666666666666667,0.17266666666666666,2.6666666666666665,4.2,0.6666666666666666,0.8666666666666667,3.3333333333333335,1.9333333333333333,67.33333333333333,73.26666666666667,83.33333333333333,82.4,,,1494.0,1553.4,1766.6666666666667,1710.4666666666667,62.95,53.5,45.6,49.666666666666664,1,guard,65,88.89389884268445,-23.89389884268445
74632,6652,http://live.fanfooty.com.au/game/matchcentre.html?id=6652,R18,2018,296367.0,Tom,Boyd,WB,5.0,44.0,53,30.0,38.0,52.0,6.0,5.0,0.0,2.0,13.0,1.0,2.0,0.0,0.0,Full Time,ruck,%H... also %P and %T... In the ruck and up forward,,,417300.0,79.0,343500.0,70.0,Ruck,17.0,11.0,64.75,68.08,0.0,0.0,1.24,425000.0,58.0,,4.0,1.0,2.0,63.0,72.0,,,False,1830,1447,19,6652_WB,100.0,0,74.0,0,4.666666666666667,5.266666666666667,7.666666666666667,6.666666666666667,0.3333333333333333,2.2666666666666666,3.0,2.533333333333333,22.666666666666668,18.8,2.0,1.4,1.3333333333333333,1.0666666666666667,0.0,0.6666666666666666,0.0,0.3333333333333333,0.5466666666666667,1.9093333333333333,0.8666666666666667,2.832,1.3333333333333333,4.8453333333333335,7.0,6.6,2.0,1.7333333333333334,2.6666666666666665,2.466666666666667,56.666666666666664,63.86666666666667,77.66666666666667,82.73333333333333,,,1529.0,1586.6666666666667,1741.0,1676.5333333333333,68.35,67.5,68.0,72.66666666666667,1,ruck,53,80.63427308940811,-27.63427308940811
74655,6653,http://live.fanfooty.com.au/game/matchcentre.html?id=6653,R18,2018,261909.0,Lindsay,Thomas,PA,2.0,33.0,33,40.0,28.0,35.0,3.0,5.0,2.0,1.0,0.0,2.0,0.0,0.0,2.0,Full Time,pocket,%s from %O and %M... Starting deep forward,,,404400.0,72.0,297100.0,94.0,Forward,48.0,6.0,60.29,54.29,0.0,0.0,0.11,411000.0,62.0,,4.0,0.0,1.0,50.0,63.0,,,False,1726,1548,19,6653_PA,100.0,0,74.0,0,7.0,7.866666666666666,4.0,4.533333333333333,1.6666666666666667,2.8,3.6666666666666665,3.8,0.0,0.0,1.3333333333333333,1.1333333333333333,0.0,1.2,0.0,0.6,1.0,0.8666666666666667,0.06,0.078,0.10666666666666665,0.14933333333333332,0.10333333333333326,0.12266666666666667,4.0,4.866666666666666,0.3333333333333333,0.4666666666666667,2.0,2.6,46.0,60.46666666666667,73.33333333333333,73.33333333333333,,,1657.3333333333333,1653.4666666666667,1622.3333333333333,1616.7333333333333,56.1,55.9,51.6,41.333333333333336,1,pocket,33,61.347926767389964,-28.347926767389964
74804,6656,http://live.fanfooty.com.au/game/matchcentre.html?id=6656,R19,2018,296214.0,Jake,Barrett,BL,9.0,47.0,50,46.0,43.0,57.0,2.0,11.0,3.0,1.0,0.0,0.0,0.0,1.0,0.0,Full Time,pocket,%D with %b by hand... also %M... and booted %s... Playing a FP role,,,411500.0,111.0,329300.0,108.0,Midfielder,43.0,4.0,53.0,58.0,0.09,0.05,0.02,410000.0,86.0,,6.0,0.0,1.0,69.0,76.0,,,False,1775,1486,20,6656_BL,98.80000000000001,0,75.0,0,2.3333333333333335,5.4,8.666666666666666,9.066666666666666,3.0,3.066666666666667,2.3333333333333335,3.6,0.0,0.0,0.0,0.4,1.0,0.8,0.6666666666666666,0.9333333333333333,0.0,0.4666666666666667,0.056666666666666664,20.332,0.03333333333333333,14.148666666666667,0.02,14.7,4.0,5.333333333333333,0.0,0.5333333333333333,2.3333333333333335,2.1333333333333333,72.0,75.66666666666667,74.66666666666667,83.0,,,1595.0,1644.8,1670.3333333333333,1625.7333333333333,63.3,64.8,58.0,48.0,1,pocket,50,64.23909903210942,-14.239099032109422
74994,6661,http://live.fanfooty.com.au/game/matchcentre.html?id=6661,R19,2018,296369.0,Mitch,Honeychurch,WB,7.0,45.0,54,60.0,30.0,40.0,7.0,2.0,0.0,4.0,0.0,3.0,0.0,0.0,1.0,Full Time,wing,%O with %k by foot... also %T... and booted %s... helped out by %4FF... At half forward,,,414700.0,71.0,275800.0,69.0,Midfielder,22.0,12.0,66.92,60.17,0.07,0.12,0.16,436000.0,77.0,,6.0,1.0,0.0,55.0,79.0,,,False,1712,1540,20,6661_WB,98.80000000000001,0,75.0,0,6.666666666666667,8.2,5.0,6.733333333333333,2.0,4.066666666666666,4.333333333333333,4.133333333333334,0.0,0.0,2.6666666666666665,1.6666666666666667,0.0,1.2666666666666666,0.0,0.26666666666666666,0.6666666666666666,0.4666666666666667,0.05666666666666667,0.17600000000000002,0.08333333333333333,0.16533333333333336,0.16333333333333333,0.322,5.666666666666667,5.533333333333333,0.6666666666666666,1.3333333333333333,0.6666666666666666,2.7333333333333334,57.0,68.46666666666667,75.33333333333333,81.13333333333334,,,1506.3333333333333,1612.9333333333334,1756.0,1654.4,61.05,57.3,52.4,51.333333333333336,1,wing,54,61.2398457411116,-7.239845741111601
75129,6664,http://live.fanfooty.com.au/game/matchcentre.html?id=6664,R20,2018,261386.0,Brendan,Whitecross,HW,8.0,44.0,31,55.0,36.0,45.0,6.0,3.0,3.0,1.0,0.0,1.0,0.0,1.0,0.0,Full Time,wing,%D and %M plus %s... Starting on a HFF,,,420600.0,66.0,312900.0,73.0,Back,11.0,4.0,66.75,63.5,0.05,0.05,0.03,452000.0,83.0,,3.0,0.0,2.0,55.0,69.0,,,False,1540,1715,21,6664_HW,99.80000000000001,0,73.0,0,6.666666666666667,7.6,5.333333333333333,5.733333333333333,3.6666666666666665,4.8,2.6666666666666665,2.6,0.0,0.0,0.3333333333333333,0.4666666666666667,0.3333333333333333,0.6,0.3333333333333333,0.3333333333333333,0.3333333333333333,0.4666666666666667,0.03333333333333333,0.198,0.03333333333333333,0.404,0.03,0.4026666666666667,4.0,3.8666666666666667,0.3333333333333333,0.8666666666666667,2.6666666666666665,1.6,69.66666666666667,79.06666666666666,70.66666666666667,72.8,,,1764.0,1621.4666666666667,1481.3333333333333,1638.2,62.0,56.6,51.8,43.333333333333336,1,wing,31,60.572840656212016,-29.572840656212016
75292,6668,http://live.fanfooty.com.au/game/matchcentre.html?id=6668,R20,2018,250338.0,Nick,Smith,SY,13.0,77.0,70,100.0,61.0,78.0,10.0,6.0,7.0,3.0,0.0,2.0,0.0,0.0,0.0,Full Time,guard,%O and %M plus %T... Playing small defender,,,370500.0,75.0,301300.0,100.0,Back,40.0,17.0,61.47,64.82,1.13,1.36,1.47,376000.0,71.0,,3.0,0.0,1.0,75.0,85.0,,,False,1614,1659,21,6668_SY,99.80000000000001,0,73.0,0,6.0,6.8,5.333333333333333,7.8,5.0,4.6,3.3333333333333335,2.6666666666666665,0.0,0.0,1.6666666666666667,1.2666666666666666,0.6666666666666666,0.4,0.0,0.0,0.0,0.06666666666666667,0.37666666666666665,0.6153333333333334,0.45333333333333337,0.6853333333333332,1.49,1.4413333333333331,4.0,5.133333333333334,0.3333333333333333,0.3333333333333333,1.6666666666666667,1.5333333333333334,80.33333333333333,77.66666666666667,88.33333333333333,90.73333333333333,,,1586.3333333333333,1666.4,1689.0,1603.9333333333334,63.75,63.7,56.6,57.666666666666664,1,guard,70,85.99658948671147,-15.996589486711471
75344,6669,http://live.fanfooty.com.au/game/matchcentre.html?id=6669,R20,2018,290540.0,Cam,O'Shea,CA,2.0,29.0,13,40.0,19.0,27.0,4.0,1.0,1.0,3.0,0.0,0.0,0.0,0.0,0.0,Full Time,job,%P with %k by foot... also %T... Responsible for Himmelberg,,,326200.0,57.0,199800.0,68.0,Back,24.0,10.0,52.0,39.4,2.53,4.46,7.53,338000.0,60.0,,1.0,0.0,4.0,0.0,82.0,,,False,1986,1299,21,6669_CA,99.80000000000001,0,73.0,0,7.666666666666667,8.266666666666667,2.3333333333333335,4.133333333333334,3.6666666666666665,3.2,2.0,2.8666666666666667,0.0,0.13333333333333333,0.3333333333333333,0.7333333333333333,1.6666666666666667,1.8666666666666667,0.0,0.0,0.0,0.0,0.8433333333333336,2.4253333333333336,1.4866666666666666,2.5686666666666667,8.846666666666666,7.494666666666666,3.0,3.1333333333333333,0.0,0.3333333333333333,6.333333333333333,4.533333333333333,36.666666666666664,61.93333333333333,79.66666666666667,80.33333333333333,,,1433.6666666666667,1516.1333333333334,1832.0,1746.5333333333333,44.95,35.9,28.8,22.333333333333332,1,job,13,42.89489183370351,-29.89489183370351
75388,6670,http://live.fanfooty.com.au/game/matchcentre.html?id=6670,R20,2018,261142.0,Bernie,Vince,ME,9.0,52.0,57,68.0,38.0,54.0,4.0,7.0,2.0,5.0,0.0,0.0,0.0,0.0,0.0,Full Time,guard,%D and %M with %T... In defence,,,339100.0,45.0,276500.0,37.0,Back,23.0,15.0,60.53,66.13,0.53,1.08,1.14,349000.0,67.0,,5.0,1.0,1.0,72.0,85.0,,,False,1251,2036,21,6670_ME,99.80000000000001,0,73.0,0,8.333333333333334,9.933333333333334,6.666666666666667,6.333333333333333,2.3333333333333335,2.6666666666666665,2.0,2.4,0.0,0.0,0.3333333333333333,0.6,0.6666666666666666,0.8666666666666667,0.0,0.06666666666666667,0.0,0.06666666666666667,0.35333333333333306,0.3333333333333333,0.7200000000000001,0.5946666666666667,1.079999999999999,1.0806666666666667,4.0,5.133333333333334,0.6666666666666666,0.9333333333333333,2.3333333333333335,2.3333333333333335,69.66666666666667,72.4,80.33333333333333,83.8,,,1720.0,1708.5333333333333,1544.6666666666667,1559.4666666666667,64.25,52.8,53.0,56.0,1,guard,57,88.06666965459668,-31.06666965459668
75398,6670,http://live.fanfooty.com.au/game/matchcentre.html?id=6670,R20,2018,294583.0,Jesse,Lonergan,GC,15.0,62.0,62,61.0,48.0,69.0,6.0,7.0,3.0,7.0,0.0,2.0,3.0,0.0,0.0,Full Time,shovel,%D and %M with %T... gave away %F... In the midfield,,,421800.0,66.0,348000.0,64.0,Midfielder,7.0,3.0,63.33,73.0,0.04,0.11,0.08,455000.0,62.0,,9.0,5.0,4.0,69.0,78.0,,,False,2036,1251,21,6670_GC,99.80000000000001,0,73.0,0,7.0,6.266666666666667,9.333333333333334,10.2,1.3333333333333333,2.6,6.333333333333333,4.533333333333333,0.0,0.0,0.6666666666666666,0.7333333333333333,1.3333333333333333,1.0,0.0,0.13333333333333333,0.0,0.0,0.02666666666666667,0.35333333333333333,0.07333333333333333,0.22533333333333333,0.07333333333333335,0.21,10.333333333333334,7.533333333333333,5.333333333333333,3.0,3.3333333333333335,2.2,67.0,71.26666666666667,79.0,75.2,,,1455.0,1525.8666666666666,1825.0,1739.3333333333333,63.3,69.3,77.0,74.0,1,shovel,62,52.8100146958699,9.189985304130097
75767,6679,http://live.fanfooty.com.au/game/matchcentre.html?id=6679,R21,2018,292029.0,Cameron,Pedersen,ME,11.0,53.0,57,67.0,43.0,55.0,6.0,4.0,4.0,2.0,1.0,0.0,0.0,1.0,0.0,Full Time,switch,%s from %O and %M plus %T... Moved forward in Q3,,,508100.0,159.0,421400.0,177.0,Forward,21.0,3.0,50.33,57.67,0.21,0.29,0.22,495000.0,127.0,,5.0,1.0,2.0,80.0,83.0,,,False,1738,1553,22,6679_ME,100.80000000000001,0,75.0,0,5.0,6.866666666666666,4.0,7.6,3.0,4.266666666666667,2.3333333333333335,3.066666666666667,3.0,5.733333333333333,0.6666666666666666,0.9333333333333333,0.6666666666666666,1.0,0.3333333333333333,0.8,0.0,0.4,0.57,2.558,0.5333333333333333,1.5539999999999998,0.44000000000000017,2.8173333333333335,4.333333333333333,6.133333333333334,1.0,0.8,2.6666666666666665,2.2666666666666666,69.66666666666667,74.86666666666666,81.0,84.73333333333333,,,1621.3333333333333,1617.7333333333333,1655.0,1654.7333333333333,78.4,67.4,55.8,46.0,1,switch,57,87.82365096382955,-30.82365096382955
75829,6680,http://live.fanfooty.com.au/game/matchcentre.html?id=6680,R21,2018,295445.0,Nick,Graham,CA,8.0,69.0,45,37.0,52.0,70.0,13.0,5.0,3.0,2.0,0.0,2.0,0.0,0.0,1.0,Full Time,in,%l Matthew Kreuzer... %D including %K... also %M and %T... and booted %s,wing,Playing an outside game,470400.0,90.0,329300.0,78.0,Midfielder,32.0,8.0,68.5,62.5,0.15,0.13,0.08,449000.0,106.0,,6.0,4.0,2.0,44.0,68.0,,,False,1761,1515,22,6680_CA,100.80000000000001,0,75.0,0,9.666666666666666,9.866666666666667,7.0,7.666666666666667,2.0,4.133333333333334,2.6666666666666665,3.2666666666666666,0.0,0.0,1.0,0.8666666666666667,1.3333333333333333,0.9333333333333333,0.0,0.2,0.3333333333333333,0.5333333333333333,0.09999999999999999,0.15866666666666668,0.08666666666666667,0.1593333333333333,0.08,0.13866666666666666,4.333333333333333,5.8,2.3333333333333335,2.2,2.6666666666666665,2.6,74.0,68.53333333333333,73.33333333333333,73.46666666666667,,,1437.0,1481.9333333333334,1835.3333333333333,1790.0666666666666,67.2,57.2,53.6,47.666666666666664,1,in,45,60.950937392295785,-15.950937392295785
75873,6681,http://live.fanfooty.com.au/game/matchcentre.html?id=6681,R22,2018,292025.0,Matt,Dea,ES,13.0,71.0,61,42.0,54.0,72.0,13.0,3.0,6.0,2.0,0.0,0.0,0.0,0.0,0.0,Full Time,job,%P including %K... also %M and %T... Responsible for Caddy,,,375200.0,97.0,338000.0,114.0,Back,49.0,11.0,53.67,61.83,0.0,0.0,0.09,382000.0,81.0,,0.0,0.0,2.0,87.0,90.0,,,False,1661,1614,23,6681_ES,97.0,0,75.0,0,9.0,8.933333333333334,4.333333333333333,5.733333333333333,4.666666666666667,5.0,1.0,1.6,0.0,0.0,0.3333333333333333,0.5333333333333333,0.3333333333333333,0.06666666666666667,0.0,0.06666666666666667,0.0,0.0,0.0,0.09933333333333334,0.0,0.086,0.10333333333333333,0.088,3.6666666666666665,4.666666666666667,0.0,0.13333333333333333,2.0,1.2666666666666666,84.0,85.06666666666666,65.33333333333333,79.13333333333334,,,1746.6666666666667,1718.9333333333334,1526.0,1548.0666666666666,71.65,63.8,61.4,52.666666666666664,1,job,61,58.84837566983505,2.1516243301649496
76033,6685,http://live.fanfooty.com.au/game/matchcentre.html?id=6685,R22,2018,296322.0,Jack,Leslie,GC,1.0,10.0,19,15.0,13.0,20.0,3.0,1.0,2.0,0.0,2.0,0.0,3.0,0.0,0.0,Full Time,job,%M and %O... conceded %F... In defence,,,307400.0,77.0,306900.0,77.0,Back,21.0,7.0,42.5,56.63,0.0,0.0,0.06,307000.0,65.0,,2.0,0.0,5.0,25.0,98.0,,,False,1764,1525,23,6685_GC,97.0,0,75.0,0,4.0,6.133333333333334,2.0,3.466666666666667,2.3333333333333335,4.8,1.0,1.8,3.3333333333333335,0.6666666666666666,0.0,0.3333333333333333,2.0,1.4,0.3333333333333333,0.06666666666666667,1.0,0.2,0.05333333333333334,0.318,0.04,0.25266666666666665,0.05333333333333334,0.44266666666666665,2.0,3.4,0.0,0.26666666666666666,3.0,2.6,58.333333333333336,77.66666666666667,99.33333333333333,94.46666666666667,,,1415.3333333333333,1503.3333333333333,1871.0,1763.0666666666666,57.15,49.5,50.4,35.333333333333336,1,job,19,46.53390015010115,-27.533900150101147
76205,6689,http://live.fanfooty.com.au/game/matchcentre.html?id=6689,R22,2018,270215.0,Kyle,Cheney,AD,2.0,38.0,33,50.0,29.0,39.0,7.0,2.0,3.0,1.0,0.0,0.0,0.0,0.0,0.0,Full Time,guard,%D including %K... also %M... Playing small defender,,,377300.0,66.0,320600.0,73.0,Back,25.0,7.0,60.25,66.13,0.0,0.0,0.43,382000.0,57.0,,2.0,0.0,1.0,77.0,83.0,,,False,1463,1797,23,6689_AD,97.0,0,75.0,0,10.0,9.133333333333333,3.3333333333333335,4.666666666666667,4.666666666666667,5.4,0.6666666666666666,1.0,0.0,0.0,0.3333333333333333,0.6,0.6666666666666666,0.4666666666666667,0.0,0.0,0.0,0.0,0.17333333333333334,0.3186666666666667,0.22666666666666668,0.29733333333333334,0.4633333333333334,0.43733333333333335,4.333333333333333,4.266666666666667,0.3333333333333333,0.2,2.0,1.2666666666666666,76.66666666666667,83.93333333333334,84.0,85.06666666666666,,,1678.6666666666667,1682.4,1585.3333333333333,1585.1333333333334,64.25,60.4,61.2,58.333333333333336,1,guard,33,87.79131839311641,-54.79131839311641
76247,6690,http://live.fanfooty.com.au/game/matchcentre.html?id=6690,R23,2018,294604.0,Jake,Neade,PA,1.0,26.0,28,34.0,23.0,32.0,5.0,3.0,1.0,1.0,0.0,2.0,2.0,0.0,2.0,Full Time,pocket,%s from %D... Starting in a FP,,,338600.0,74.0,306000.0,78.0,Forward,3.0,7.0,49.75,58.5,0.0,0.0,0.12,348000.0,68.0,,4.0,0.0,2.0,50.0,63.0,,,False,1707,1539,24,6690_PA,99.0,0,73.0,0,3.6666666666666665,6.0,5.0,6.333333333333333,2.0,2.066666666666667,3.3333333333333335,4.266666666666667,0.0,0.0,1.0,1.6666666666666667,1.0,0.8,0.0,0.8,0.6666666666666666,0.5333333333333333,0.0,0.06000000000000001,0.0,0.11866666666666667,0.13000000000000003,0.13,4.0,5.333333333333333,0.0,0.26666666666666666,1.3333333333333333,1.9333333333333333,68.0,69.06666666666666,65.66666666666667,71.13333333333334,,,1592.3333333333333,1691.4,1661.3333333333333,1574.3333333333333,58.75,64.5,55.6,41.666666666666664,1,pocket,28,60.691935612752005,-32.691935612752005
76251,6690,http://live.fanfooty.com.au/game/matchcentre.html?id=6690,R23,2018,230084.0,Brendon,Goddard,ES,26.0,116.0,100,81.0,95.0,123.0,17.0,10.0,12.0,2.0,0.0,1.0,0.0,0.0,0.0,Full Time,heart,%O and %M plus %T,plusone,Starting behind the ball,422100.0,115.0,341600.0,120.0,Midfielder,9.0,20.0,77.48,77.19,0.0,0.0,3.13,421000.0,91.0,,2.0,0.0,1.0,92.0,83.0,,,True,1539,1707,24,6690_ES,99.0,1,73.0,1,9.666666666666666,10.4,7.666666666666667,10.266666666666667,6.333333333333333,5.933333333333334,0.6666666666666666,1.3333333333333333,0.0,0.0,0.3333333333333333,0.6666666666666666,0.0,0.8,0.0,0.06666666666666667,0.0,0.0,0.13666666666666666,0.20533333333333334,0.13333333333333217,0.18733333333333332,3.28,2.418,2.0,4.866666666666666,0.0,1.2,1.3333333333333333,2.8666666666666667,82.66666666666667,81.93333333333334,56.0,80.93333333333334,,,1687.6666666666667,1699.2,1577.3333333333333,1569.6,77.7,71.6,64.4,57.666666666666664,1,heart,100,77.82780199510289,22.172198004897112
76268,6690,http://live.fanfooty.com.au/game/matchcentre.html?id=6690,R23,2018,250335.0,Matthew,Leuenberger,ES,13.0,48.0,53,54.0,39.0,46.0,1.0,2.0,1.0,4.0,22.0,0.0,0.0,0.0,0.0,Full Time,injured,Knee knock early in Q3 and did not return... %H... also %D and %T,ruck,First ruck,511800.0,99.0,376800.0,83.0,Ruck,22.0,1.0,72.0,74.5,0.0,0.0,0.16,519000.0,90.0,,2.0,0.0,0.0,100.0,39.0,,,True,1539,1707,24,6690_ES,99.0,0,73.0,0,4.666666666666667,5.533333333333333,6.333333333333333,6.6,1.6666666666666667,1.7333333333333334,3.3333333333333335,3.466666666666667,24.666666666666668,30.866666666666667,0.3333333333333333,0.7333333333333333,2.0,1.3333333333333333,0.0,0.13333333333333333,0.0,0.13333333333333333,0.14666666666666667,2.756666666666667,0.14666666666666547,2.6420000000000003,0.2966666666666667,7.33,6.0,6.533333333333333,1.0,2.2,3.0,2.933333333333333,79.33333333333333,67.2,67.0,80.06666666666666,,,1616.3333333333333,1623.2666666666667,1637.0,1636.6,74.7,74.3,71.4,68.66666666666667,1,injured,53,55.21480287572956,-2.2148028757295606
76292,6691,http://live.fanfooty.com.au/game/matchcentre.html?id=6691,R23,2018,292026.0,Michael,Barlow,GC,31.0,130.0,105,95.0,108.0,149.0,18.0,17.0,9.0,5.0,0.0,2.0,3.0,0.0,2.0,Full Time,atlas,%P and %M plus %T... %s as well... gave away %F,shovel,Playing inside midfield,654800.0,136.0,462700.0,127.0,Midfielder,20.0,1.0,87.5,79.0,0.0,0.0,2.56,626000.0,132.0,,14.0,6.0,7.0,71.0,88.0,,,False,1949,1344,24,6691_GC,99.0,1,73.0,1,12.333333333333334,11.2,13.666666666666666,14.333333333333334,7.0,4.933333333333334,2.6666666666666665,3.7333333333333334,0.0,0.0,1.3333333333333333,0.7333333333333333,2.6666666666666665,1.2,0.3333333333333333,0.7333333333333333,0.6666666666666666,0.6666666666666666,0.4366666666666667,1.6179999999999999,0.0,0.7066666666666667,2.5933333333333333,3.030666666666667,9.666666666666666,8.466666666666667,3.6666666666666665,3.0,4.0,3.4,77.66666666666667,68.4,83.66666666666667,83.73333333333333,,,1421.0,1588.4666666666667,1861.3333333333333,1674.2666666666667,91.25,83.3,88.0,87.33333333333333,1,atlas,105,101.6524752298534,3.347524770146606
76368,6693,http://live.fanfooty.com.au/game/matchcentre.html?id=6693,R23,2018,230107.0,Michael,Johnson,FR,13.0,65.0,74,85.0,56.0,72.0,11.0,4.0,9.0,0.0,0.0,0.0,1.0,0.0,0.0,Full Time,job,%O including %K... also %M... Has big Cox,,,417200.0,61.0,355400.0,72.0,Back,37.0,11.0,63.75,67.92,0.0,0.0,0.24,410000.0,91.0,,5.0,0.0,2.0,93.0,85.0,,,False,1578,1685,24,6693_FR,99.0,0,73.0,1,9.333333333333334,9.066666666666666,3.3333333333333335,5.4,6.333333333333333,6.0,1.3333333333333333,1.7333333333333334,0.3333333333333333,0.4666666666666667,0.6666666666666666,0.6,1.0,0.9333333333333333,0.0,0.2,0.0,0.06666666666666667,0.08666666666666652,0.44133333333333336,0.05000000000000015,0.24799999999999997,0.22999999999999998,0.36733333333333335,3.6666666666666665,4.466666666666667,0.0,0.4,2.6666666666666665,2.2666666666666666,91.33333333333333,78.13333333333334,83.33333333333333,86.93333333333334,,,1579.3333333333333,1545.9333333333334,1692.6666666666667,1722.5333333333333,67.2,68.9,65.0,62.666666666666664,1,job,74,56.78967156416449,17.210328435835507
76369,6693,http://live.fanfooty.com.au/game/matchcentre.html?id=6693,R23,2018,291949.0,Shane,Kersten,FR,9.0,63.0,42,87.0,47.0,63.0,12.0,0.0,6.0,3.0,0.0,0.0,1.0,0.0,0.0,Full Time,job,%P including %B... also %M and %T... In defence,,,390000.0,58.0,302500.0,65.0,Forward,22.0,7.0,58.88,58.5,0.0,0.0,0.11,403000.0,56.0,,0.0,0.0,2.0,66.0,80.0,,,False,1578,1685,24,6693_FR,99.0,0,73.0,0,11.0,8.4,3.3333333333333335,4.6,6.666666666666667,5.266666666666667,2.0,1.2,0.0,0.0,0.6666666666666666,0.6,0.6666666666666666,0.8,0.3333333333333333,0.8,0.0,0.4,0.02666666666666667,0.11999999999999998,0.06,0.14333333333333334,0.10333333333333454,0.1813333333333336,4.666666666666667,4.466666666666667,0.0,0.13333333333333333,2.6666666666666665,1.8666666666666667,74.0,74.2,85.66666666666667,87.0,,,1579.3333333333333,1534.0666666666666,1692.6666666666667,1731.6,55.3,58.6,61.2,65.33333333333333,1,job,42,51.186167602175026,-9.186167602175026
76396,6693,http://live.fanfooty.com.au/game/matchcentre.html?id=6693,R23,2018,292048.0,Adam,Oxley,CO,4.0,42.0,48,30.0,32.0,45.0,6.0,5.0,2.0,2.0,0.0,0.0,0.0,0.0,0.0,Full Time,guard,%D and %M with %T... In defence,,,337800.0,77.0,260100.0,94.0,Back,43.0,1.0,41.5,33.0,0.0,0.0,0.11,345000.0,42.0,,1.0,0.0,0.0,100.0,67.0,,,False,1685,1578,24,6693_CO,99.0,0,73.0,0,7.0,10.266666666666667,4.333333333333333,6.2,3.0,4.466666666666667,3.6666666666666665,2.533333333333333,0.0,0.06666666666666667,0.3333333333333333,0.4666666666666667,1.0,0.6666666666666666,0.3333333333333333,0.2,0.3333333333333333,0.2,0.01,0.4686666666666667,0.03333333333333333,1.1466666666666667,0.08333333333333333,0.8826666666666667,3.0,4.466666666666667,0.0,0.4666666666666667,2.6666666666666665,2.1333333333333333,77.0,79.06666666666666,76.0,81.93333333333334,,,1686.0,1675.7333333333333,1585.6666666666667,1594.5333333333333,64.2,55.3,44.2,46.333333333333336,1,guard,48,84.5605626267675,-36.560562626767506
76403,6694,http://live.fanfooty.com.au/game/matchcentre.html?id=6694,R23,2018,995121.0,Ciaran,Byrne,CA,10.0,82.0,74,106.0,63.0,87.0,13.0,8.0,5.0,3.0,0.0,0.0,0.0,0.0,0.0,Full Time,guard,%P and %M plus %T... Starting in defence,,,325600.0,54.0,245300.0,33.0,Back,38.0,5.0,53.83,53.83,0.0,0.0,2.51,376000.0,36.0,,4.0,0.0,0.0,81.0,88.0,,,False,1904,1343,24,6694_CA,99.0,0,73.0,1,10.0,9.266666666666667,9.666666666666666,7.333333333333333,3.6666666666666665,4.2,3.6666666666666665,2.3333333333333335,0.0,0.0,1.6666666666666667,1.0,0.6666666666666666,1.0,0.0,0.0,0.0,0.06666666666666667,0.08666666666666696,1.9426666666666668,0.16666666666666666,2.755333333333333,2.5,7.086666666666667,6.0,4.066666666666666,0.0,0.4,1.3333333333333333,2.2,81.66666666666667,77.6,81.66666666666667,78.13333333333334,,,1471.0,1581.0,1795.0,1695.2666666666667,65.05,63.0,68.6,82.0,1,guard,74,93.1120027792371,-19.112002779237102
76406,6694,http://live.fanfooty.com.au/game/matchcentre.html?id=6694,R23,2018,291806.0,Sam,Kerridge,CA,19.0,79.0,53,96.0,68.0,90.0,11.0,11.0,6.0,0.0,0.0,0.0,0.0,1.0,0.0,Full Time,wing,%D and %M plus %s... Starting forward,,,565400.0,90.0,446400.0,105.0,Midfielder,11.0,9.0,86.7,87.3,0.0,0.0,0.08,574000.0,83.0,,7.0,2.0,5.0,63.0,77.0,,,False,1904,1343,24,6694_CA,99.0,0,73.0,0,13.333333333333334,11.266666666666667,9.666666666666666,9.933333333333334,6.0,5.733333333333333,1.6666666666666667,3.8666666666666667,0.0,0.0,0.3333333333333333,1.3333333333333333,0.3333333333333333,1.4,0.6666666666666666,0.26666666666666666,0.0,0.26666666666666666,0.006666666666666667,0.04133333333333333,0.04,0.09866666666666667,0.09000000000000001,0.9806666666666666,7.0,8.4,2.3333333333333335,2.7333333333333334,5.0,3.6666666666666665,69.66666666666667,71.93333333333334,77.0,83.53333333333333,,,1460.0,1525.4666666666667,1805.3333333333333,1737.6,83.7,83.4,78.8,68.33333333333333,1,wing,53,83.75482978890616,-30.754829788906164
76408,6694,http://live.fanfooty.com.au/game/matchcentre.html?id=6694,R23,2018,291445.0,Aaron,Mullett,CA,13.0,69.0,71,88.0,53.0,70.0,16.0,2.0,3.0,0.0,0.0,1.0,0.0,1.0,1.0,Full Time,wing,%D including %K... also %M... and booted %s... Playing an outside game,,,410800.0,77.0,321500.0,75.0,Back,18.0,11.0,62.33,62.17,0.0,0.0,3.47,404000.0,88.0,,6.0,0.0,1.0,72.0,75.0,,,False,1904,1343,24,6694_CA,99.0,0,73.0,0,10.0,11.533333333333333,3.3333333333333335,4.2,2.6666666666666665,4.6,2.0,1.8,0.0,0.0,0.3333333333333333,0.2,1.0,0.5333333333333333,0.3333333333333333,0.13333333333333333,0.6666666666666666,0.26666666666666666,0.04999999999999998,0.17466666666666666,0.06666666666666667,0.16666666666666666,3.52,3.2086666666666663,3.3333333333333335,3.7333333333333334,0.0,0.6666666666666666,1.3333333333333333,2.0,69.33333333333333,73.4,72.66666666666667,78.93333333333334,,,1489.6666666666667,1522.2666666666667,1765.3333333333333,1741.6666666666667,70.0,61.7,62.0,55.666666666666664,1,wing,71,66.80361439455274,4.1963856054472615
76413,6694,http://live.fanfooty.com.au/game/matchcentre.html?id=6694,R23,2018,291544.0,Jed,Lamb,CA,7.0,53.0,45,68.0,42.0,61.0,11.0,6.0,2.0,1.0,0.0,0.0,1.0,0.0,1.0,Full Time,guard,%s from %P and %M... Starting in defence,,,395600.0,61.0,318400.0,58.0,Forward,13.0,16.0,57.0,60.35,0.0,0.0,0.1,414000.0,55.0,,5.0,1.0,3.0,64.0,89.0,,,False,1904,1343,24,6694_CA,99.0,0,73.0,0,13.666666666666666,10.466666666666667,4.333333333333333,4.6,2.6666666666666665,2.933333333333333,1.6666666666666667,2.3333333333333335,0.0,0.0,0.3333333333333333,0.9333333333333333,0.6666666666666666,1.0,0.0,0.4,0.3333333333333333,0.06666666666666667,0.04,0.060000000000000005,0.06,0.09533333333333334,0.1,0.08133333333333334,4.333333333333333,4.066666666666666,1.0,0.4,2.6666666666666665,2.6,71.66666666666667,76.8,81.0,83.26666666666667,,,1471.0,1510.4,1795.0,1757.6,59.55,65.0,63.2,62.666666666666664,1,guard,45,89.56951714297627,-44.56951714297627
76414,6694,http://live.fanfooty.com.au/game/matchcentre.html?id=6694,R23,2018,261384.0,Matthew,Wright,CA,4.0,48.0,34,62.0,38.0,53.0,8.0,5.0,2.0,2.0,0.0,1.0,1.0,0.0,2.0,Full Time,wing,%s from %O and %M plus %T... Starting on a HFF,,,422800.0,85.0,316600.0,68.0,Forward,46.0,19.0,63.65,66.8,0.0,0.0,3.34,420000.0,81.0,,6.0,1.0,2.0,30.0,91.0,,,False,1904,1343,24,6694_CA,99.0,0,73.0,0,7.0,8.6,3.3333333333333335,4.733333333333333,3.0,4.066666666666666,1.0,2.2666666666666666,0.0,0.0,1.0,1.0,0.6666666666666666,0.5333333333333333,1.0,0.8,1.0,0.6666666666666666,0.06666666666666667,0.12933333333333333,0.09000000000000001,0.17,3.35,3.4519999999999995,5.333333333333333,5.466666666666667,0.3333333333333333,1.0,1.3333333333333333,1.6666666666666667,54.0,66.4,83.0,84.73333333333333,,,1471.0,1500.2,1795.0,1764.3333333333333,63.65,60.4,60.2,51.0,1,wing,34,60.94755420317614,-26.94755420317614
76574,6698,http://live.fanfooty.com.au/game/matchcentre.html?id=6698,R23,2018,250134.0,Sam,Gilbert,SK,31.0,102.0,85,134.0,78.0,105.0,14.0,7.0,6.0,6.0,0.0,1.0,1.0,1.0,0.0,Full Time,hot,%O and %M plus %T... %s as well,job,Has Wood,311600.0,50.0,264100.0,66.0,Back,19.0,9.0,53.5,56.5,0.0,0.0,0.1,334000.0,53.0,,4.0,0.0,3.0,76.0,91.0,,,False,1710,1568,24,6698_SK,99.0,0,73.0,1,10.666666666666666,7.333333333333333,4.666666666666667,7.0,4.0,2.8,4.666666666666667,4.066666666666666,0.0,0.5333333333333333,0.6666666666666666,0.7333333333333333,1.3333333333333333,1.3333333333333333,0.3333333333333333,0.13333333333333333,0.0,0.06666666666666667,0.02666666666666667,0.17266666666666666,0.04333333333333341,0.19066666666666665,0.10333333333333333,0.18133333333333335,4.0,5.933333333333334,0.6666666666666666,0.5333333333333333,4.0,3.6666666666666665,64.0,67.6,89.0,81.8,,,1602.0,1605.8666666666666,1667.0,1667.8,61.25,59.7,56.2,61.333333333333336,1,hot,85,67.96235286911062,17.037647130889383
76600,6698,http://live.fanfooty.com.au/game/matchcentre.html?id=6698,R23,2018,220110.0,Jarrad,Waite,NM,25.0,85.0,85,51.0,75.0,93.0,14.0,2.0,8.0,0.0,0.0,0.0,2.0,3.0,3.0,Full Time,vulture,Two of his goals in Q4 junk time... %s from %O and %M,spearhead,Playing CHF on Carlisle,526800.0,64.0,429500.0,99.0,Forward,30.0,11.0,82.92,83.08,0.0,0.0,0.45,555000.0,77.0,,4.0,1.0,4.0,62.0,85.0,,,False,1568,1710,24,6698_NM,99.0,0,73.0,1,13.0,11.266666666666667,3.6666666666666665,3.8666666666666667,10.0,6.066666666666666,1.3333333333333333,1.9333333333333333,0.0,0.6666666666666666,0.3333333333333333,0.9333333333333333,1.0,0.9333333333333333,2.6666666666666665,2.466666666666667,2.0,1.3333333333333333,0.07333333333333333,0.22599999999999995,0.08666666666666667,0.238,0.33666666666666667,0.35,6.0,6.333333333333333,0.3333333333333333,0.6,3.0,2.8666666666666667,59.666666666666664,60.8,86.66666666666667,87.0,,,1568.0,1613.8,1703.3333333333333,1657.0,81.6,89.1,86.0,94.66666666666667,1,vulture,85,82.40461133508742,2.5953886649125764
76708,6703,http://live.fanfooty.com.au/game/matchcentre.html?id=6703,EF,2018,294638.0,Daniel,Robinson,SY,10.0,70.0,60,92.0,56.0,72.0,10.0,4.0,8.0,2.0,0.0,0.0,0.0,0.0,0.0,Full Time,wing,%O with %k by foot... also %M and %T... Starting on a HFF,,,303300.0,30.0,248200.0,40.0,Midfielder,27.0,6.0,50.71,51.43,0.0,0.0,0.04,325000.0,56.0,,5.0,0.0,2.0,71.0,70.0,,,False,1799,1487,30,6703_SY,96.0,0,76.0,0,5.666666666666667,4.533333333333333,5.333333333333333,7.133333333333334,3.6666666666666665,2.533333333333333,2.6666666666666665,3.2,0.0,0.0,0.3333333333333333,0.7333333333333333,0.6666666666666666,0.6666666666666666,0.0,0.2,0.0,0.0,0.0,0.20666666666666667,0.0,0.18733333333333332,0.04,0.39599999999999996,4.0,5.466666666666667,0.3333333333333333,0.8,1.6666666666666667,1.9333333333333333,76.33333333333333,71.33333333333333,78.33333333333333,69.13333333333334,,,1617.0,1658.2666666666667,1650.6666666666667,1607.2666666666667,53.2,50.3,47.0,46.666666666666664,1,wing,60,56.04402608395309,3.955973916046908
76806,6705,http://live.fanfooty.com.au/game/matchcentre.html?id=6705,SF,2018,281301.0,Ryan,Schoenmakers,HW,9.0,36.0,50,44.0,33.0,39.0,5.0,1.0,3.0,0.0,0.0,1.0,1.0,2.0,0.0,Full Time,spearhead,First goal... %s from %D and %M... Up forward on Frost,,,372500.0,61.0,286400.0,67.0,Forward,25.0,6.0,54.71,53.14,0.0,0.0,0.27,354000.0,76.0,,6.0,0.0,4.0,66.0,66.0,,,False,1647,1606,32,6705_HW,101.0,0,73.0,0,4.666666666666667,6.0,2.0,3.8,2.6666666666666665,3.533333333333333,0.6666666666666666,1.6666666666666667,0.3333333333333333,0.8666666666666667,0.6666666666666666,0.6,1.6666666666666667,0.9333333333333333,1.0,1.1333333333333333,0.3333333333333333,0.8,0.0,0.5766666666666665,0.0,1.458,0.27,0.44133333333333336,4.666666666666667,4.466666666666667,0.0,0.26666666666666666,3.0,2.066666666666667,69.33333333333333,66.53333333333333,73.66666666666667,77.73333333333333,,,1611.6666666666667,1708.6,1643.0,1552.8,52.65,48.3,43.4,39.333333333333336,1,spearhead,50,56.544536720991395,-6.544536720991395
76867,6706,http://live.fanfooty.com.au/game/matchcentre.html?id=6706,SF,2018,240156.0,Ryan,Griffen,WS,9.0,42.0,50,35.0,33.0,45.0,5.0,3.0,2.0,3.0,0.0,0.0,1.0,1.0,0.0,Full Time,pocket,%O and %M plus %T... %s as well... Starting forward,,,418100.0,81.0,325900.0,85.0,Midfielder,32.0,14.0,64.8,66.0,0.0,0.0,0.3,407000.0,92.0,,5.0,0.0,1.0,62.0,64.0,,,False,1822,1441,32,6706_WS,101.0,0,73.0,0,5.0,8.533333333333333,3.3333333333333335,6.733333333333333,1.6666666666666667,2.8,2.6666666666666665,2.2,0.0,0.0,0.0,0.5333333333333333,1.0,0.9333333333333333,0.6666666666666666,0.9333333333333333,0.6666666666666666,0.6,0.16999999999999882,0.36333333333333334,0.33666666666666784,0.6206666666666667,0.29666666666666547,0.326,3.6666666666666665,6.666666666666667,0.0,0.6666666666666666,2.0,2.6666666666666665,57.666666666666664,63.06666666666667,65.0,75.73333333333333,,,1568.6666666666667,1634.2,1698.6666666666667,1638.4,62.05,60.3,52.8,42.0,1,pocket,50,61.455225803932386,-11.455225803932386
76878,6707,http://live.fanfooty.com.au/game/matchcentre.html?id=6707,PF,2018,261362.0,Alex,Rance,RI,14.0,73.0,77,91.0,63.0,84.0,8.0,12.0,6.0,2.0,0.0,2.0,1.0,0.0,0.0,Full Time,witcheshat,%O and %M plus %T,job,Sitting on De Goey... dragged off him in Q3 after getting smashed,0.0,53.0,0.0,67.0,Back,18.0,20.0,60.76,82.33,0.0,0.0,10.02,0.0,57.0,,7.0,0.0,1.0,85.0,97.0,,,False,1870,1398,33,6707_RI,94.0,0,73.5,1,8.0,8.133333333333333,7.0,7.0,5.0,5.2,1.3333333333333333,1.6666666666666667,0.0,0.0,1.3333333333333333,1.6666666666666667,0.6666666666666666,1.2666666666666666,0.0,0.0,0.0,0.0,0.0,0.9086666666666666,0.0,4.6466666666666665,10.02,9.900666666666666,4.666666666666667,5.8,0.0,0.0,0.6666666666666666,2.6666666666666665,86.66666666666667,80.73333333333333,99.0,97.53333333333333,,,1549.3333333333333,1642.6666666666667,1721.3333333333333,1634.6666666666667,80.4,71.3,77.8,78.66666666666667,1,witcheshat,77,72.34585269209263,4.654147307907365
76884,6707,http://live.fanfooty.com.au/game/matchcentre.html?id=6707,PF,2018,250298.0,Shaun,Grigg,RI,12.0,59.0,64,77.0,44.0,65.0,7.0,8.0,1.0,5.0,2.0,0.0,1.0,0.0,0.0,Full Time,wing,%D and %T... Running off a wing,,,0.0,67.0,0.0,59.0,Midfielder,6.0,18.0,77.26,81.11,0.0,0.0,3.56,0.0,83.0,,6.0,0.0,1.0,66.0,79.0,,,False,1870,1398,33,6707_RI,94.0,0,73.5,0,11.0,11.266666666666667,8.666666666666666,10.066666666666666,4.333333333333333,4.666666666666667,3.3333333333333335,2.933333333333333,1.0,1.3333333333333333,0.3333333333333333,0.6,1.3333333333333333,1.2,0.0,0.13333333333333333,0.3333333333333333,0.13333333333333333,0.0,0.084,0.0,0.148,3.56,3.548666666666667,6.666666666666667,7.666666666666667,1.0,2.533333333333333,2.6666666666666665,2.4,74.66666666666667,75.8,81.0,83.33333333333333,,,1549.3333333333333,1642.6666666666667,1721.3333333333333,1634.6666666666667,81.55,77.3,78.0,66.66666666666667,1,wing,64,77.86287795900235,-13.862877959002347
76914,6707,http://live.fanfooty.com.au/game/matchcentre.html?id=6707,PF,2018,260246.0,Tyson,Goldsack,CO,3.0,41.0,80,35.0,32.0,43.0,5.0,3.0,3.0,3.0,0.0,1.0,1.0,0.0,1.0,Full Time,job,%P and %M plus %T... %s as well... The big job on Riewoldt,,,0.0,60.0,0.0,90.0,Back,6.0,0.0,58.0,70.0,0.0,0.0,0.14,0.0,60.0,,5.0,1.0,1.0,87.0,95.0,,,False,1398,1870,33,6707_CO,94.0,0,73.5,1,3.3333333333333335,5.666666666666667,3.6666666666666665,6.333333333333333,1.6666666666666667,3.1333333333333333,2.0,2.533333333333333,0.0,0.06666666666666667,0.6666666666666666,0.8,0.6666666666666666,0.4,0.0,0.0,0.3333333333333333,0.3333333333333333,0.0,0.3893333333333333,0.0,0.9613333333333334,0.14,2.0613333333333332,4.666666666666667,5.666666666666667,0.3333333333333333,0.26666666666666666,1.0,1.0666666666666667,80.33333333333333,84.46666666666667,90.0,82.46666666666667,,,1776.6666666666667,1729.2666666666667,1489.0,1537.4,67.55,66.9,63.0,57.0,1,job,80,51.87210770241253,28.127892297587472
76974,6709,http://live.fanfooty.com.au/game/matchcentre.html?id=6709,GF,2018,240119.0,Mark,LeCras,WC,9.0,54.0,55,72.0,39.0,54.0,5.0,5.0,3.0,5.0,0.0,0.0,0.0,0.0,0.0,Full Time,wing,%P and %M plus %T... His usual HFF role,,,0.0,38.0,0.0,64.0,Forward,2.0,18.0,72.58,70.26,0.0,0.0,0.93,0.0,72.0,,7.0,3.0,0.0,60.0,86.0,,,False,1618,1629,34,6709_WC,93.80000000000001,0,68.0,0,8.0,9.266666666666667,4.333333333333333,5.0,2.3333333333333335,4.2,3.3333333333333335,2.8,0.0,0.0,0.3333333333333333,0.7333333333333333,0.0,0.8666666666666667,1.0,1.1333333333333333,1.3333333333333333,0.8,0.0,0.17933333333333332,0.0,0.21133333333333332,0.93,0.8273333333333334,6.666666666666667,5.4,2.3333333333333335,1.5333333333333334,0.6666666666666666,2.3333333333333335,52.666666666666664,62.2,88.0,87.73333333333333,,,1720.3333333333333,1660.6,1522.6666666666667,1598.2666666666667,67.95,67.6,68.2,69.33333333333333,1,wing,55,64.64163797374127,-9.641637973741268
77213,6905,http://live.fanfooty.com.au/game/matchcentre.html?id=6905,R1,2019,240072.0,Heath,Grundy,SY,4.0,48.0,55,34.0,39.0,51.0,7.0,4.0,3.0,2.0,3.0,2.0,1.0,0.0,0.0,Full Time,job,In defence on Gowers... %D and %M with %T,,,389100.0,,407600.0,,Back,39.0,0.0,0.0,0.0,0.0,0.0,0.0,464000.0,,,6.0,2.0,3.0,72.0,70.0,,,False,1634,1614,2,6905_SY,96.0,0,76.0,0,9.333333333333334,9.666666666666666,6.666666666666667,7.866666666666666,5.333333333333333,6.8,0.6666666666666666,1.1333333333333333,1.0,0.2,2.3333333333333335,0.6666666666666666,0.3333333333333333,1.0,0.0,0.06666666666666667,0.0,0.0,0.0,0.16999999999999998,0.0,0.21533333333333335,0.36000000000000004,0.5653333333333334,8.666666666666666,5.6,0.6666666666666666,0.26666666666666666,1.3333333333333333,1.8666666666666667,80.66666666666667,81.93333333333334,77.0,86.93333333333334,,,1574.6666666666667,1651.6,1687.3333333333333,1615.8666666666666,76.85,77.4,70.2,80.33333333333333,1,job,55,64.2271232671184,-9.227123267118401
77399,6910,http://live.fanfooty.com.au/game/matchcentre.html?id=6910,R2,2019,281024.0,Maverick,Weller,RI,8.0,49.0,55,61.0,43.0,60.0,8.0,8.0,4.0,0.0,0.0,0.0,1.0,0.0,0.0,Full Time,pocket,%O and %M... Playing a defensive forward role,,,412700.0,,333900.0,,Forward,16.0,0.0,0.0,0.0,0.0,0.0,0.0,482000.0,,,7.0,0.0,5.0,68.0,78.0,,,False,2003,1255,3,6910_RI,97.0,0,76.0,0,6.666666666666667,7.0,6.666666666666667,8.4,2.3333333333333335,4.0,1.6666666666666667,3.4,0.0,0.0,0.0,0.8666666666666667,0.3333333333333333,0.8,0.3333333333333333,0.4,0.3333333333333333,0.5333333333333333,0.06333333333333334,0.15733333333333335,0.05666666666666667,0.07666666666666667,0.16,0.5493333333333333,4.333333333333333,4.666666666666667,0.3333333333333333,0.7333333333333333,2.3333333333333335,2.0,79.33333333333333,75.86666666666666,81.0,83.73333333333333,,,1470.0,1568.0666666666666,1793.6666666666667,1703.8,61.3,59.4,58.6,53.0,1,pocket,55,65.46691172253853,-10.466911722538526
77532,6913,http://live.fanfooty.com.au/game/matchcentre.html?id=6913,R2,2019,280972.0,Jack,Watts,PA,9.0,67.0,72,88.0,57.0,78.0,12.0,7.0,5.0,2.0,0.0,3.0,3.0,0.0,0.0,Full Time,injured,Left shin injured when Thomas fell on it in a tackle in Q4... looked very bad... %O and %M plus %T... helped out by %4FF... conceded %F,job,Has McGovern,401900.0,,362200.0,,Forward,23.0,0.0,0.0,0.0,0.0,0.0,0.0,460000.0,,,6.0,0.0,6.0,73.0,67.0,,,True,1432,1861,3,6913_PA,97.0,0,76.0,0,10.333333333333334,7.133333333333334,9.0,7.8,5.333333333333333,4.933333333333334,2.0,2.6,0.0,0.06666666666666667,1.0,0.5333333333333333,1.6666666666666667,1.0666666666666667,0.0,0.7333333333333333,0.0,0.2,0.0,0.6586666666666667,0.0,0.728,0.37999999999999995,1.358,7.0,5.2,0.3333333333333333,0.26666666666666666,4.333333333333333,2.066666666666667,80.66666666666667,80.0,79.0,77.0,,,1722.0,1680.0666666666666,1536.3333333333333,1588.2666666666667,69.45,70.6,72.6,76.66666666666667,1,injured,72,56.5541179210618,15.445882078938197
77555,6913,http://live.fanfooty.com.au/game/matchcentre.html?id=6913,R2,2019,290821.0,Alex,Fasolo,CA,14.0,50.0,32,47.0,39.0,54.0,5.0,4.0,2.0,5.0,0.0,1.0,2.0,1.0,0.0,Full Time,pocket,%s from %D and %M with %T... Starting deep forward,,,152800.0,,161900.0,,Forward,32.0,0.0,0.0,0.0,0.0,0.0,0.0,378000.0,,,3.0,0.0,4.0,55.0,77.0,,,False,1861,1432,3,6913_CA,97.0,0,76.0,0,5.666666666666667,8.533333333333333,3.3333333333333335,4.0,2.6666666666666665,5.133333333333334,2.0,2.3333333333333335,0.0,0.0,1.0,1.2,1.3333333333333333,0.9333333333333333,1.0,1.4666666666666666,0.3333333333333333,1.0,0.22999999999999998,0.5920000000000001,0.3,0.7066666666666667,0.54,1.4633333333333336,3.0,4.533333333333333,0.3333333333333333,0.13333333333333333,2.6666666666666665,2.466666666666667,70.33333333333333,69.6,77.0,82.13333333333334,,,1657.0,1663.7333333333333,1621.3333333333333,1599.2666666666667,63.5,64.5,49.4,36.666666666666664,1,pocket,32,64.51444217867665,-32.514442178676646
77558,6913,http://live.fanfooty.com.au/game/matchcentre.html?id=6913,R2,2019,990424.0,Jarrod,Garlett,CA,4.0,45.0,45,32.0,36.0,54.0,7.0,6.0,2.0,3.0,0.0,0.0,2.0,0.0,0.0,Full Time,sore,Right knee strapped in Q2... %O and %M plus %T,guard,Starting on a HBF,332800.0,,245100.0,,Forward,21.0,0.0,0.0,0.0,0.0,0.0,0.0,394000.0,,,5.0,0.0,5.0,61.0,64.0,,,True,1861,1432,3,6913_CA,97.0,0,76.0,0,7.666666666666667,6.933333333333334,4.333333333333333,4.0,2.3333333333333335,3.0,3.3333333333333335,3.2666666666666666,0.0,0.0,0.3333333333333333,0.5333333333333333,1.3333333333333333,0.7333333333333333,0.0,0.3333333333333333,0.3333333333333333,0.4666666666666667,2.2933333333333334,8.209333333333335,4.87,11.986666666666668,3.203333333333333,8.109333333333334,5.333333333333333,4.2,1.0,1.2,3.6666666666666665,2.4,56.333333333333336,60.0,72.66666666666667,74.93333333333334,,,1518.3333333333333,1503.2666666666667,1761.0,1764.8666666666666,49.25,42.9,45.4,44.333333333333336,1,sore,45,66.20293145869442,-21.202931458694422
77830,6920,http://live.fanfooty.com.au/game/matchcentre.html?id=6920,R3,2019,296209.0,Kade,Kolodjashnij,ME,11.0,56.0,58,71.0,48.0,63.0,6.0,6.0,5.0,2.0,0.0,0.0,1.0,1.0,0.0,Full Time,guard,%O and %M plus %T... %s as well... In defence,,,,,,,Back,16.0,0.0,0.0,0.0,0.0,0.0,0.0,,,,3.0,1.0,1.0,66.0,71.0,,,False,1764,1537,4,6920_ME,101.0,0,74.0,0,6.0,11.666666666666666,3.6666666666666665,5.0,3.0,5.866666666666666,3.0,2.6,0.0,0.0,0.0,0.26666666666666666,0.3333333333333333,0.5333333333333333,0.3333333333333333,0.2,0.0,0.13333333333333333,0.06333333333333334,0.892,0.08333333333333333,0.6786666666666666,0.06999999999999999,1.0993333333333335,2.6666666666666665,3.8666666666666667,0.6666666666666666,0.4,1.3333333333333333,3.066666666666667,76.33333333333333,72.66666666666667,75.66666666666667,83.2,,,1484.6666666666667,1529.3333333333333,1796.6666666666667,1734.5333333333333,66.9,62.1,56.4,51.333333333333336,1,guard,58,86.15011795754126,-28.150117957541255
77964,6923,http://live.fanfooty.com.au/game/matchcentre.html?id=6923,R3,2019,280863.0,Ryan,Bastinac,BL,4.0,43.0,31,58.0,34.0,45.0,7.0,2.0,4.0,2.0,0.0,1.0,1.0,0.0,0.0,Full Time,wing,%O with %k by foot... also %M and %T... Playing in midfield,,,,,,,Midfielder,4.0,0.0,0.0,0.0,0.0,0.0,0.0,,,,3.0,0.0,2.0,66.0,72.0,,,False,1520,1733,4,6923_BL,101.0,0,74.0,0,9.0,10.333333333333334,2.3333333333333335,7.266666666666667,6.333333333333333,5.133333333333334,2.0,2.7333333333333334,0.0,0.0,0.3333333333333333,1.0,1.0,0.6,0.3333333333333333,1.0666666666666667,0.0,0.4,0.03,0.12533333333333335,0.023333333333333334,0.12000000000000001,0.013333333333333343,0.09933333333333333,2.3333333333333335,6.333333333333333,0.6666666666666666,2.2666666666666666,2.6666666666666665,2.4,72.0,73.06666666666666,78.66666666666667,83.53333333333333,,,1764.6666666666667,1633.3333333333333,1495.3333333333333,1631.1333333333334,72.95,67.6,49.4,42.0,1,wing,31,66.87250768068385,-35.87250768068385
78501,6935,http://live.fanfooty.com.au/game/matchcentre.html?id=6935,R4,2019,261230.0,Matthew,Lobbe,CA,20.0,58.0,38,58.0,48.0,65.0,4.0,4.0,0.0,6.0,23.0,0.0,3.0,0.0,0.0,Full Time,ruck,%H... also %D and %T... not helped by %F... In the ruck,,,,,,,Ruck,27.0,0.0,0.0,0.0,0.0,0.0,0.0,,,,5.0,0.0,7.0,12.0,84.0,,,False,1563,1705,5,6935_CA,98.0,0,74.0,0,3.6666666666666665,4.4,4.0,3.933333333333333,1.6666666666666667,1.8,5.333333333333333,4.533333333333333,30.0,30.533333333333335,1.0,1.2,2.3333333333333335,1.4666666666666666,0.0,0.06666666666666667,0.0,0.13333333333333333,0.0,0.7360000000000001,0.0,1.26,0.43333333333333335,1.962,5.333333333333333,5.133333333333334,1.3333333333333333,2.2666666666666666,4.0,3.1333333333333333,50.0,58.46666666666667,86.33333333333333,85.2,,,1488.0,1511.5333333333333,1770.0,1748.6,66.4,69.3,74.8,61.0,1,ruck,38,77.54280689472117,-39.54280689472117
79118,6950,http://live.fanfooty.com.au/game/matchcentre.html?id=6950,R6,2019,291828.0,Billy,Longer,SK,12.0,74.0,57,88.0,65.0,75.0,5.0,5.0,5.0,2.0,24.0,2.0,0.0,0.0,0.0,Full Time,in,%l Rowan Marshall... %H... also %P and %T,ruck,First ruck,,,,,Ruck,18.0,0.0,0.0,0.0,0.0,0.0,0.0,,,,6.0,3.0,1.0,80.0,84.0,,,False,1686,1575,7,6950_SK,97.80000000000001,0,75.0,0,4.666666666666667,2.2666666666666666,4.333333333333333,6.866666666666666,2.6666666666666665,1.8,1.6666666666666667,3.2666666666666666,24.666666666666668,34.333333333333336,1.0,1.5333333333333334,0.6666666666666666,1.1333333333333333,0.0,0.13333333333333333,0.3333333333333333,0.2,0.07666666666666666,1.5613333333333332,0.14666666666666667,1.3159999999999998,0.08666666666666667,4.772,4.333333333333333,5.733333333333333,2.6666666666666665,2.6,1.6666666666666667,2.2,61.666666666666664,72.26666666666667,86.0,85.06666666666666,,,1562.0,1688.0666666666666,1717.6666666666667,1588.3333333333333,75.45,80.0,61.2,59.333333333333336,1,in,57,64.0471086891625,-7.047108689162499
79982,6970,http://live.fanfooty.com.au/game/matchcentre.html?id=6970,R8,2019,280864.0,Sam,Wright,NM,9.0,62.0,63,77.0,51.0,69.0,7.0,10.0,4.0,2.0,0.0,1.0,0.0,0.0,0.0,Full Time,guard,%P and %M plus %T... Playing in defence,,,,,,,Back,19.0,0.0,0.0,0.0,0.0,0.0,0.0,,,,3.0,0.0,1.0,88.0,77.0,,,False,1693,1596,9,6970_NM,99.80000000000001,0,75.0,0,8.0,10.2,11.666666666666666,9.2,4.0,5.2,1.0,1.1333333333333333,0.0,0.0,1.3333333333333333,1.1333333333333333,1.0,0.4,0.0,0.13333333333333333,0.3333333333333333,0.06666666666666667,0.0,0.21133333333333332,0.0,0.2653333333333333,0.0,0.5493333333333332,4.666666666666667,5.133333333333334,0.3333333333333333,0.5333333333333333,2.3333333333333335,1.8666666666666667,81.0,79.66666666666667,78.33333333333333,81.73333333333333,,,1680.0,1613.3333333333333,1598.6666666666667,1661.4,64.75,66.9,70.4,61.333333333333336,1,guard,63,89.30202546238115,-26.302025462381152
80118,6973,http://live.fanfooty.com.au/game/matchcentre.html?id=6973,R9,2019,998414.0,Daniel,Venables,WC,1.0,9.0,9,13.0,7.0,12.0,0.0,2.0,0.0,2.0,0.0,0.0,1.0,0.0,0.0,Full Time,injured,Ran his head into the hip of Smith in Q2 and was KOed... stretchered off... %P and %T,wing,Starting forward,,,,,Midfielder,18.0,0.0,0.0,0.0,0.0,0.0,0.0,,,,1.0,0.0,1.0,50.0,27.0,,,True,1560,1701,10,6973_WC,99.80000000000001,0,73.0,0,4.333333333333333,5.133333333333334,4.333333333333333,4.533333333333333,3.0,2.8,2.6666666666666665,2.6666666666666665,0.0,0.0,0.3333333333333333,0.6666666666666666,0.6666666666666666,0.7333333333333333,0.3333333333333333,0.4666666666666667,0.3333333333333333,0.4,0.0,0.546,0.0,0.528,0.0,5.298666666666667,3.3333333333333335,5.333333333333333,0.0,0.8,1.3333333333333333,1.6,67.33333333333333,67.26666666666667,58.0,68.93333333333334,,,1737.0,1656.3333333333333,1529.3333333333333,1606.4,49.25,54.0,43.4,42.0,1,injured,9,35.57495771284708,-26.57495771284708
80160,6974,http://live.fanfooty.com.au/game/matchcentre.html?id=6974,R9,2019,295444.0,Tom,Langdon,CO,3.0,41.0,42,52.0,33.0,45.0,6.0,5.0,3.0,1.0,0.0,0.0,0.0,0.0,0.0,Full Time,injured,Needed his right knee strapped at quarter time... Looked worse at HT and did not return... %M and %P,guard,In defence...,,,,,Back,8.0,0.0,0.0,0.0,0.0,0.0,0.0,,,,4.0,0.0,2.0,81.0,41.0,,,True,1494,1776,10,6974_CO,99.80000000000001,0,73.0,0,8.0,8.4,9.666666666666666,9.8,4.666666666666667,5.8,1.3333333333333333,1.8666666666666667,0.0,0.0,0.0,0.6,0.3333333333333333,0.8666666666666667,0.0,0.0,0.3333333333333333,0.06666666666666667,0.0,0.03266666666666667,0.0,0.018000000000000002,0.0,0.2826666666666666,8.0,7.133333333333334,0.6666666666666666,0.26666666666666666,1.3333333333333333,1.8666666666666667,84.0,82.4,73.33333333333333,85.06666666666666,,,1755.0,1738.6,1514.6666666666667,1529.2666666666667,82.5,84.0,77.6,72.33333333333333,1,injured,42,61.27090453129985,-19.27090453129985
80266,6976,http://live.fanfooty.com.au/game/matchcentre.html?id=6976,R9,2019,291814.0,Fletcher,Roberts,WB,3.0,36.0,35,27.0,29.0,39.0,5.0,4.0,2.0,2.0,0.0,2.0,1.0,0.0,0.0,Full Time,tomahawk,%P and %M plus %T... The big job on Hawkins,,,,,,,Back,18.0,0.0,0.0,0.0,0.0,0.0,0.0,,,,3.0,0.0,2.0,77.0,97.0,,,False,1745,1532,10,6976_WB,99.80000000000001,0,73.0,0,5.333333333333333,5.733333333333333,3.3333333333333335,3.6666666666666665,2.3333333333333335,2.8,1.0,1.2666666666666666,0.0,0.06666666666666667,1.0,0.8666666666666667,0.6666666666666666,0.4,0.0,0.0,0.0,0.0,0.08333333333333304,0.5353333333333333,0.05333333333333334,0.3026666666666667,0.15000000000000008,0.514,2.3333333333333335,2.8666666666666667,0.3333333333333333,0.06666666666666667,2.0,1.2,72.0,83.13333333333334,91.33333333333333,93.73333333333333,,,1604.6666666666667,1633.8,1672.0,1641.3333333333333,50.35,49.7,41.6,38.333333333333336,1,tomahawk,35,59.92768560567873,-24.927685605678732
80517,6982,http://live.fanfooty.com.au/game/matchcentre.html?id=6982,R10,2019,230232.0,Daniel,Wells,CO,17.0,67.0,64,57.0,57.0,69.0,6.0,5.0,4.0,2.0,0.0,1.0,0.0,3.0,0.0,Full Time,injured,Left knee injury in Q3 under a Thurlow tackle... %D and %M with %T... %s as well,wing,Rotating forward and midfield,,,,,Midfielder,3.0,0.0,0.0,0.0,0.0,0.0,0.0,,,,4.0,0.0,1.0,90.0,37.0,,,True,1559,1719,11,6982_CO,98.0,0,73.0,0,6.0,9.933333333333334,4.666666666666667,8.866666666666667,3.3333333333333335,4.266666666666667,1.3333333333333333,2.533333333333333,0.0,0.0,0.6666666666666666,0.6666666666666666,0.6666666666666666,0.26666666666666666,1.0,1.0,0.3333333333333333,0.6666666666666666,0.0,4.629999999999999,0.0,5.6226666666666665,0.15333333333333335,3.94,3.6666666666666665,6.0,0.3333333333333333,2.6,2.0,2.0,78.0,79.73333333333333,51.0,69.2,,,1740.3333333333333,1701.1333333333334,1530.0,1563.4666666666667,82.2,73.6,62.4,44.666666666666664,1,injured,64,55.585715905227815,8.414284094772185
80931,6992,http://live.fanfooty.com.au/game/matchcentre.html?id=6992,R11,2019,271001.0,Dayne,Beams,CO,9.0,54.0,34,69.0,43.0,57.0,11.0,3.0,2.0,1.0,0.0,2.0,1.0,1.0,0.0,Full Time,down,%O including %K... also %M... and kicked %s,shovel,Inside midfield...,,,,,Midfielder,11.0,0.0,0.0,0.0,0.0,0.0,0.0,,,,3.0,4.0,5.0,64.0,72.0,,,False,1623,1665,12,6992_CO,98.0,0,72.0,0,14.666666666666666,14.666666666666666,7.333333333333333,13.333333333333334,3.6666666666666665,4.333333333333333,1.6666666666666667,2.466666666666667,0.0,0.0,1.6666666666666667,1.6,1.0,0.6666666666666666,0.3333333333333333,0.6666666666666666,1.3333333333333333,0.6,0.0,1.6219999999999999,0.0,0.828,0.0,2.8560000000000003,7.0,10.2,6.0,5.333333333333333,3.3333333333333335,3.466666666666667,68.33333333333333,69.4,78.33333333333333,82.66666666666667,,,1720.0,1707.0666666666666,1558.6666666666667,1561.7333333333333,96.8,85.7,68.0,71.0,1,down,34,87.41963213218284,-53.41963213218284
81470,7004,http://live.fanfooty.com.au/game/matchcentre.html?id=7004,R12,2019,294650.0,Josh,Smith,WC,3.0,32.0,49,16.0,26.0,36.0,6.0,4.0,2.0,0.0,0.0,0.0,0.0,0.0,0.0,Full Time,wing,%M and %P... Playing an outside game,,,,,,,Back,45.0,0.0,0.0,0.0,0.0,0.0,0.0,,,,5.0,2.0,1.0,70.0,84.0,,,False,1893,1366,13,7004_WC,98.0,0,73.0,0,6.666666666666667,13.2,5.666666666666667,5.466666666666667,4.0,6.4,1.0,2.1333333333333333,0.0,0.0,0.3333333333333333,0.4666666666666667,0.6666666666666666,0.6666666666666666,0.3333333333333333,0.2,0.6666666666666666,0.13333333333333333,0.0,0.8626666666666668,0.0,0.5046666666666669,0.0,1.1773333333333333,3.6666666666666665,3.6666666666666665,0.6666666666666666,0.6666666666666666,1.3333333333333333,1.6,75.0,77.46666666666667,82.33333333333333,84.86666666666666,,,1544.0,1630.4,1715.3333333333333,1629.3333333333333,71.05,62.9,45.4,46.0,1,wing,49,63.74705682107168,-14.74705682107168
81509,7005,http://live.fanfooty.com.au/game/matchcentre.html?id=7005,R12,2019,270653.0,Jeff,Garlett,ME,14.0,52.0,45,49.0,39.0,53.0,5.0,3.0,2.0,5.0,0.0,0.0,1.0,1.0,2.0,Full Time,pocket,%s from %P and %M plus %T... His usual FP role,,,,,,,Forward,36.0,0.0,0.0,0.0,0.0,0.0,0.0,,,,3.0,1.0,2.0,62.0,92.0,,,False,1746,1549,13,7005_ME,98.0,0,73.0,0,6.0,6.6,2.0,4.333333333333333,3.0,2.4,3.3333333333333335,3.0,0.0,0.0,0.0,0.3333333333333333,0.3333333333333333,0.8,1.6666666666666667,1.2666666666666666,1.6666666666666667,1.0666666666666667,0.0,0.032,0.0,0.13,0.0,0.1366666666666667,3.0,4.866666666666666,0.3333333333333333,0.8,1.3333333333333333,2.0,57.333333333333336,58.666666666666664,87.66666666666667,81.86666666666666,,,1537.3333333333333,1634.2666666666667,1733.6666666666667,1630.6,63.8,57.9,52.6,47.333333333333336,1,pocket,45,63.82273531073056,-18.822735310730558
81915,7015,http://live.fanfooty.com.au/game/matchcentre.html?id=7015,R14,2019,250340.0,David,Armitage,SK,13.0,64.0,54,84.0,49.0,69.0,9.0,7.0,3.0,4.0,0.0,1.0,1.0,0.0,0.0,Full Time,guard,%P and %M plus %T... Mostly playing across half back,,,,,,,Midfielder,20.0,0.0,0.0,0.0,0.0,0.0,0.0,,,,4.0,0.0,6.0,56.0,82.0,,,False,1690,1570,15,7015_SK,101.0,0,72.0,0,8.333333333333334,10.133333333333333,6.0,8.533333333333333,4.666666666666667,4.466666666666667,2.6666666666666665,3.0,0.0,0.0,0.3333333333333333,1.1333333333333333,0.3333333333333333,1.2,0.0,0.5333333333333333,0.0,0.6666666666666666,0.0,2.7226666666666666,0.0,2.823333333333333,0.4800000000000006,1.6326666666666667,4.666666666666667,6.466666666666667,0.3333333333333333,1.4666666666666666,3.3333333333333335,3.2,70.66666666666667,70.2,78.66666666666667,77.93333333333334,,,1594.6666666666667,1602.0666666666666,1670.0,1673.1333333333334,77.7,88.7,71.0,57.666666666666664,1,guard,54,97.92665657506322,-43.92665657506322
82567,7030,http://live.fanfooty.com.au/game/matchcentre.html?id=7030,R16,2019,998106.0,Jordan,Gallucci,AD,0.0,20.0,18,27.0,14.0,19.0,4.0,0.0,1.0,1.0,0.0,0.0,0.0,0.0,1.0,Full Time,concussed,%D and %s,wing,Playing a HFF role... ruled out with concussion mid Q3 after running his head into Lycett's hip...,,,,,Midfielder,7.0,0.0,0.0,0.0,0.0,0.0,0.0,,,,0.0,0.0,0.0,50.0,36.0,,,True,1821,1439,17,7030_AD,99.0,0,74.0,0,8.666666666666666,9.133333333333333,1.0,3.1333333333333333,3.6666666666666665,3.6,1.3333333333333333,1.8666666666666667,0.0,0.0,0.6666666666666666,0.5333333333333333,0.0,0.13333333333333333,0.3333333333333333,0.6666666666666666,0.6666666666666666,0.4,0.0,0.256,0.0,0.186,0.0,0.9800000000000001,1.3333333333333333,3.8666666666666667,0.0,1.2,0.6666666666666666,1.1333333333333333,62.0,59.53333333333333,68.66666666666667,75.26666666666667,,,1578.6666666666667,1669.4666666666667,1684.0,1594.4666666666667,53.35,49.7,56.2,42.666666666666664,1,concussed,18,66.51545966663112,-48.515459666631116
83857,7060,http://live.fanfooty.com.au/game/matchcentre.html?id=7060,R19,2019,250712.0,Dale,Morris,WB,2.0,22.0,39,27.0,19.0,24.0,3.0,3.0,2.0,0.0,0.0,1.0,0.0,0.0,0.0,Full Time,longterminjured,Knock to his already-strapped left knee in Q1 after landing heavily... and again in Q3 which ended his day and was probably an ACL tear... %M and %O,guard,In defence,,,,,Back,38.0,0.0,0.0,0.0,0.0,0.0,0.0,,,,3.0,1.0,0.0,100.0,50.0,,,True,1404,1854,20,7060_WB,98.0,0,72.0,0,3.3333333333333335,3.8666666666666667,4.666666666666667,6.666666666666667,3.0,3.4,1.3333333333333333,2.0,0.0,0.0,0.6666666666666666,0.8,1.0,0.6,0.0,0.0,0.0,0.06666666666666667,0.18666666666666662,0.17,0.18666666666666668,0.19933333333333333,0.25,0.26866666666666666,2.3333333333333335,4.666666666666667,0.3333333333333333,0.2,1.6666666666666667,1.2666666666666666,93.33333333333333,86.06666666666666,80.66666666666667,85.93333333333334,,,1768.6666666666667,1609.9333333333334,1507.3333333333333,1662.5333333333333,53.5,55.5,49.0,42.0,1,longterminjured,39,46.414343863684245,-7.414343863684245
83910,7061,http://live.fanfooty.com.au/game/matchcentre.html?id=7061,R19,2019,993798.0,James,Parsons,GE,15.0,74.0,81,47.0,60.0,81.0,12.0,6.0,5.0,2.0,0.0,0.0,1.0,1.0,0.0,Full Time,pocket,%s from %O and %M plus %T,,,,,,,Forward,34.0,0.0,0.0,0.0,0.0,0.0,0.0,,,,6.0,2.0,1.0,83.0,85.0,,,False,1507,1759,20,7061_GE,98.0,0,72.0,1,11.0,7.666666666666667,4.666666666666667,5.4,5.0,3.2,1.6666666666666667,2.2,0.0,0.0,1.0,0.5333333333333333,1.6666666666666667,0.7333333333333333,0.3333333333333333,0.8,0.6666666666666666,0.6,0.0,0.15266666666666667,0.0,0.19733333333333333,0.0,0.3733333333333333,4.333333333333333,4.6,1.6666666666666667,1.0666666666666667,2.6666666666666665,1.8666666666666667,71.33333333333333,70.86666666666666,76.66666666666667,78.2,,,1661.3333333333333,1627.1333333333334,1617.3333333333333,1646.4666666666667,49.6,57.2,58.2,58.666666666666664,1,pocket,81,60.01062568334375,20.989374316656253
83942,7062,http://live.fanfooty.com.au/game/matchcentre.html?id=7062,R19,2019,991953.0,Corey,Ellis,GC,3.0,37.0,49,44.0,32.0,45.0,3.0,9.0,2.0,1.0,0.0,0.0,0.0,0.0,0.0,Full Time,guard,%O including %B... also %M... Rotating in defence,,,,,,,Back,17.0,0.0,0.0,0.0,0.0,0.0,0.0,,,,5.0,0.0,0.0,83.0,85.0,,,False,1633,1637,20,7062_GC,98.0,0,72.0,0,8.0,6.733333333333333,9.666666666666666,7.066666666666666,2.3333333333333335,2.8666666666666667,2.3333333333333335,2.2666666666666666,0.0,0.0,0.0,0.2,0.0,0.13333333333333333,0.0,0.2,0.0,0.2,0.0,1.3046666666666666,0.0,1.3653333333333333,0.0,1.3766666666666665,6.0,5.066666666666666,1.3333333333333333,0.8,1.6666666666666667,1.6,73.0,73.0,83.0,74.0,,,1539.6666666666667,1600.4666666666667,1728.3333333333333,1673.8666666666666,57.45,56.1,60.6,64.0,1,guard,49,87.17723528941782,-38.17723528941782
83943,7062,http://live.fanfooty.com.au/game/matchcentre.html?id=7062,R19,2019,291964.0,Jack,Hombsch,GC,7.0,36.0,62,48.0,25.0,36.0,3.0,4.0,1.0,4.0,0.0,0.0,0.0,0.0,0.0,Full Time,job,%P and %T... At FB on McKernan,,,,,,,Back,20.0,0.0,0.0,0.0,0.0,0.0,0.0,,,,3.0,0.0,0.0,100.0,92.0,,,False,1633,1637,20,7062_GC,98.0,0,72.0,0,4.333333333333333,6.0,2.6666666666666665,3.066666666666667,3.0,3.6,2.6666666666666665,1.5333333333333334,0.0,0.0,0.3333333333333333,0.5333333333333333,0.3333333333333333,0.7333333333333333,0.0,0.0,0.0,0.0,0.0,0.0,0.0,0.0,0.0,0.0,2.3333333333333335,3.6666666666666665,0.0,0.2,0.3333333333333333,1.1333333333333333,96.0,79.53333333333333,89.33333333333333,89.6,,,1445.6666666666667,1485.8666666666666,1810.0,1780.0,51.0,52.4,50.6,51.333333333333336,1,job,62,42.68298299463625,19.317017005363752
84121,7066,http://live.fanfooty.com.au/game/matchcentre.html?id=7066,R20,2019,270928.0,Scott,Selwood,GE,25.0,74.0,62,73.0,55.0,79.0,7.0,8.0,2.0,9.0,0.0,3.0,3.0,0.0,1.0,Full Time,wing,%P and %M plus %T... %s as well... umps paid him %4FF... not helped by %F... Supporting the midfield,,,,,,,Midfielder,16.0,0.0,0.0,0.0,0.0,0.0,0.0,,,,9.0,3.0,6.0,53.0,90.0,,,False,1738,1527,21,7066_GE,96.0,0,74.0,0,8.666666666666666,6.666666666666667,9.666666666666666,10.666666666666666,4.333333333333333,3.3333333333333335,4.666666666666667,5.533333333333333,0.0,0.0,1.3333333333333333,1.3333333333333333,1.6666666666666667,0.9333333333333333,0.3333333333333333,0.26666666666666666,0.3333333333333333,0.13333333333333333,0.0,1.0406666666666666,0.0,0.7180000000000001,0.13,0.6453333333333333,6.333333333333333,5.933333333333334,2.3333333333333335,1.8666666666666667,3.3333333333333335,2.7333333333333334,68.0,75.66666666666667,82.33333333333333,79.2,,,1570.0,1693.5333333333333,1688.3333333333333,1575.2,80.2,68.2,70.6,70.33333333333333,1,wing,62,78.25034518495498,-16.25034518495498
84515,7075,http://live.fanfooty.com.au/game/matchcentre.html?id=7075,R21,2019,290671.0,Anthony,Miles,GC,4.0,44.0,55,38.0,37.0,52.0,5.0,6.0,3.0,3.0,0.0,1.0,2.0,0.0,1.0,Full Time,injured,Soldiered on after right ankle concerns late Q1 but was eventually iced up in Q4... %O and %M plus %T... %s as well,shovel,Playing in central midfield,,,,,Midfielder,2.0,0.0,0.0,0.0,0.0,0.0,0.0,,,,8.0,2.0,4.0,63.0,49.0,,,True,1955,1314,22,7075_GC,99.0,0,74.0,0,12.333333333333334,13.8,6.0,7.533333333333333,3.6666666666666665,4.0,5.666666666666667,4.0,0.0,0.0,2.3333333333333335,2.1333333333333333,1.6666666666666667,1.2666666666666666,0.0,0.3333333333333333,0.6666666666666666,0.5333333333333333,0.0,0.0,0.0,0.0,0.0,0.0,9.0,10.333333333333334,4.333333333333333,5.066666666666666,4.333333333333333,3.4,63.333333333333336,62.86666666666667,66.0,73.86666666666666,,,1432.6666666666667,1466.3333333333333,1832.6666666666667,1799.6,83.7,89.8,82.2,78.66666666666667,1,injured,55,63.986648646427085,-8.986648646427085
84536,7076,http://live.fanfooty.com.au/game/matchcentre.html?id=7076,R21,2019,261314.0,David,Myers,ES,9.0,54.0,50,71.0,40.0,54.0,6.0,5.0,3.0,4.0,0.0,1.0,0.0,0.0,0.0,Full Time,wing,%D and %M with %T... Playing an outside game,,,,,,,Midfielder,23.0,0.0,0.0,0.0,0.0,0.0,0.0,,,,4.0,4.0,1.0,81.0,66.0,,,False,1939,1310,22,7076_ES,99.0,0,74.0,0,6.333333333333333,9.933333333333334,7.666666666666667,8.466666666666667,2.0,2.8,3.3333333333333335,3.6666666666666665,0.0,0.0,0.3333333333333333,0.6,0.6666666666666666,0.7333333333333333,0.0,0.6,0.3333333333333333,0.4,0.0,0.05466666666666667,0.0,0.12933333333333333,0.0,0.12733333333333335,7.666666666666667,8.933333333333334,4.333333333333333,4.466666666666667,1.6666666666666667,2.533333333333333,67.0,65.46666666666667,70.0,72.53333333333333,,,1554.3333333333333,1655.8666666666666,1712.6666666666667,1614.2666666666667,70.2,62.2,55.0,53.0,1,wing,50,67.00290038740697,-17.002900387406967
84537,7076,http://live.fanfooty.com.au/game/matchcentre.html?id=7076,R21,2019,294798.0,Mark,Baguley,ES,11.0,54.0,53,66.0,49.0,60.0,5.0,5.0,5.0,1.0,0.0,1.0,1.0,2.0,0.0,Full Time,garbage,All his goals deep in Q4 junk time... %O and %M plus %s,pocket,Starting forward,,,,,Back,12.0,0.0,0.0,0.0,0.0,0.0,0.0,,,,4.0,0.0,2.0,90.0,95.0,,,False,1939,1310,22,7076_ES,99.0,0,74.0,0,6.0,6.466666666666667,5.0,4.266666666666667,4.0,3.8,2.3333333333333335,3.0,0.0,0.0,0.6666666666666666,0.8,0.3333333333333333,1.2,1.3333333333333333,1.4666666666666666,0.3333333333333333,0.6,0.0,0.05,0.0,0.078,0.0,0.12333333333333334,4.666666666666667,4.066666666666666,0.6666666666666666,0.3333333333333333,1.0,2.0,75.66666666666667,75.4,92.0,87.06666666666666,,,1640.6666666666667,1668.6,1619.3333333333333,1601.0666666666666,58.55,55.6,60.0,58.666666666666664,1,garbage,53,59.70120676828755,-6.701206768287548
84730,7080,http://live.fanfooty.com.au/game/matchcentre.html?id=7080,R21,2019,270296.0,Andy,Otten,AD,9.0,68.0,73,48.0,54.0,72.0,10.0,6.0,4.0,3.0,3.0,2.0,1.0,0.0,0.0,Full Time,plusone,%O and %M plus %T... In defence,,,,,,,Back,22.0,0.0,0.0,0.0,0.0,0.0,0.0,,,,6.0,1.0,1.0,75.0,84.0,,,False,1653,1597,22,7080_AD,99.0,0,74.0,0,9.0,8.4,5.666666666666667,6.0,5.0,5.733333333333333,2.3333333333333335,1.6666666666666667,2.0,0.6666666666666666,2.0,1.0,0.3333333333333333,0.8,0.0,0.2,0.0,0.0,0.0,3.498666666666667,0.0,4.373333333333333,0.0,3.5566666666666666,5.666666666666667,4.533333333333333,0.6666666666666666,0.13333333333333333,0.6666666666666666,1.4666666666666666,81.66666666666667,80.73333333333333,79.0,82.93333333333334,,,1622.3333333333333,1672.8666666666666,1638.6666666666667,1594.1333333333334,63.05,69.1,73.6,69.66666666666667,1,plusone,73,70.12776431903227,2.8722356809677336
84959,7086,http://live.fanfooty.com.au/game/matchcentre.html?id=7086,R22,2019,220096.0,Aaron,Sandilands,FR,26.0,90.0,106,101.0,82.0,100.0,4.0,12.0,3.0,2.0,36.0,0.0,0.0,0.0,1.0,Full Time,ruck,%H... also %D and %M with %T... %s as well... Tandem ruck with Darcy,,,,,,,Ruck,31.0,0.0,0.0,0.0,0.0,0.0,0.0,,,,10.0,7.0,2.0,68.0,82.0,,,False,1579,1707,23,7086_FR,101.0,1,74.0,1,3.6666666666666665,3.533333333333333,10.666666666666666,7.866666666666666,2.6666666666666665,2.2,3.0,1.6,35.666666666666664,35.733333333333334,0.6666666666666666,1.2666666666666666,1.0,1.2,0.0,0.3333333333333333,0.3333333333333333,0.13333333333333333,0.0,2.0313333333333334,0.0,1.3613333333333335,0.0,3.329333333333333,9.333333333333334,7.866666666666666,5.0,3.3333333333333335,2.6666666666666665,2.466666666666667,60.0,69.26666666666667,82.0,79.6,,,1661.6666666666667,1603.7333333333333,1615.3333333333333,1663.2,90.1,91.4,95.2,97.66666666666667,1,ruck,106,95.59972365599307,10.400276344006926
84970,7086,http://live.fanfooty.com.au/game/matchcentre.html?id=7086,R22,2019,260069.0,Hayden,Ballantyne,FR,9.0,62.0,58,82.0,44.0,61.0,8.0,5.0,2.0,5.0,0.0,1.0,0.0,0.0,1.0,Full Time,pocket,%s from %O and %M plus %T... Starting deep forward,,,,,,,Forward,1.0,0.0,0.0,0.0,0.0,0.0,0.0,,,,5.0,2.0,1.0,61.0,72.0,,,False,1579,1707,23,7086_FR,101.0,0,74.0,0,7.666666666666667,7.2,3.3333333333333335,3.3333333333333335,2.6666666666666665,3.2666666666666666,2.0,2.2,0.0,0.0,0.6666666666666666,0.5333333333333333,0.3333333333333333,1.0666666666666667,0.3333333333333333,1.1333333333333333,1.0,1.0,0.0,0.12533333333333335,0.0,0.27999999999999997,0.0,0.48799999999999993,4.0,3.2,0.6666666666666666,0.7333333333333333,1.3333333333333333,2.6,63.666666666666664,58.86666666666667,73.0,76.13333333333334,,,1612.0,1581.6,1669.0,1689.5333333333333,49.75,49.2,47.0,46.666666666666664,1,pocket,58,58.13019505672155,-0.13019505672154708
84986,7086,http://live.fanfooty.com.au/game/matchcentre.html?id=7086,R22,2019,290251.0,Zac,Clarke,ES,15.0,69.0,72,69.0,59.0,80.0,4.0,10.0,2.0,5.0,16.0,0.0,2.0,0.0,1.0,Full Time,ruck,%O including %B... also %T and %M... and kicked %s... Tandem ruck with McKernan,,,,,,,Ruck,20.0,0.0,0.0,0.0,0.0,0.0,0.0,,,,7.0,2.0,3.0,71.0,89.0,,,False,1707,1579,23,7086_ES,101.0,0,74.0,0,4.333333333333333,3.3333333333333335,6.666666666666667,7.333333333333333,2.6666666666666665,3.2,3.0,2.466666666666667,23.333333333333332,20.266666666666666,0.6666666666666666,0.5333333333333333,1.6666666666666667,1.7333333333333334,0.0,0.0,0.6666666666666666,0.4666666666666667,0.0,0.2733333333333334,0.0,0.23,0.0,0.42000000000000004,5.333333333333333,4.8,2.6666666666666665,2.1333333333333333,3.0,2.6666666666666665,68.66666666666667,74.2,85.33333333333333,83.06666666666666,,,1439.0,1557.9333333333334,1832.6666666666667,1713.7333333333333,58.25,62.3,72.0,62.0,1,ruck,72,73.91136324581895,-1.9113632458189471
85049,7088,http://live.fanfooty.com.au/game/matchcentre.html?id=7088,R22,2019,270340.0,Dawson,Simpson,WS,38.0,72.0,94,76.0,70.0,77.0,0.0,5.0,0.0,2.0,56.0,1.0,1.0,0.0,0.0,Full Time,in,%l Shane Mumford... %H... also %P and %T,ruck,First ruck...,,,,,Ruck,26.0,0.0,0.0,0.0,0.0,0.0,0.0,,,,6.0,3.0,3.0,80.0,83.0,,,False,1702,1556,23,7088_WS,101.0,0,74.0,1,2.3333333333333335,2.7333333333333334,4.333333333333333,5.266666666666667,2.3333333333333335,1.2666666666666666,2.6666666666666665,2.8,35.333333333333336,32.2,1.0,1.2,1.0,0.8666666666666667,0.0,0.06666666666666667,0.0,0.06666666666666667,0.0,0.3360000000000001,0.0,0.5126666666666666,0.0,0.3686666666666667,3.3333333333333335,5.733333333333333,1.6666666666666667,2.6666666666666665,2.3333333333333335,1.7333333333333334,78.66666666666667,78.26666666666667,84.0,73.93333333333334,,,1550.6666666666667,1663.4,1721.3333333333333,1609.6666666666667,83.4,78.7,73.4,77.0,1,in,94,67.03029981732294,26.96970018267706
85086,7089,http://live.fanfooty.com.au/game/matchcentre.html?id=7089,R22,2019,240357.0,Jarryd,Roughead,HW,29.0,100.0,103,120.0,87.0,103.0,11.0,3.0,5.0,2.0,3.0,1.0,1.0,6.0,1.0,Full Time,heart,A huge bag of goals in his send off game... %s from %D and %M with %T,spearhead,Starting at FF on Burgess,,,,,Forward,2.0,0.0,0.0,0.0,0.0,0.0,0.0,,,,8.0,1.0,4.0,50.0,81.0,,,True,1517,1755,23,7089_HW,101.0,1,74.0,1,7.333333333333333,8.066666666666666,3.0,5.466666666666667,2.3333333333333335,3.6,3.0,2.6666666666666665,1.6666666666666667,3.7333333333333334,1.0,0.6666666666666666,1.0,0.6666666666666666,2.6666666666666665,1.6,0.6666666666666666,1.1333333333333333,0.0,0.19133333333333333,0.0,0.3266666666666667,0.0,0.5653333333333334,5.333333333333333,6.866666666666666,0.3333333333333333,1.7333333333333334,2.6666666666666665,2.3333333333333335,63.0,67.0,78.66666666666667,82.13333333333334,,,1590.3333333333333,1631.0,1673.3333333333333,1628.1333333333334,80.7,73.9,76.0,74.0,1,heart,103,77.21797738771971,25.782022612280286
85124,7089,http://live.fanfooty.com.au/game/matchcentre.html?id=7089,R22,2019,293255.0,George,Horlin-Smith,GC,8.0,38.0,41,30.0,31.0,45.0,5.0,4.0,1.0,3.0,0.0,0.0,2.0,1.0,0.0,Full Time,tagger,%O and %T plus %s... Tagging Worpel,,,,,,,Midfielder,33.0,0.0,0.0,0.0,0.0,0.0,0.0,,,,5.0,2.0,3.0,88.0,80.0,,,False,1755,1517,23,7089_GC,101.0,0,74.0,0,4.333333333333333,8.066666666666666,3.6666666666666665,7.8,2.6666666666666665,2.2,2.3333333333333335,3.6666666666666665,0.0,0.0,0.0,1.0666666666666667,0.6666666666666666,0.6,0.6666666666666666,0.4666666666666667,0.6666666666666666,0.26666666666666666,0.0,4.252,0.0,1.7466666666666666,0.0,1.9533333333333334,3.0,6.466666666666667,1.0,2.933333333333333,1.3333333333333333,2.1333333333333333,69.0,69.73333333333333,75.33333333333333,70.13333333333334,,,1455.0,1526.4666666666667,1813.3333333333333,1739.9333333333334,64.85,54.0,45.2,38.0,1,tagger,41,72.05943312824509,-31.05943312824509
85187,7091,http://live.fanfooty.com.au/game/matchcentre.html?id=7091,R23,2019,240226.0,Kieren,Jack,SY,10.0,47.0,46,58.0,38.0,51.0,5.0,6.0,2.0,2.0,0.0,0.0,0.0,1.0,0.0,Full Time,wing,%D and %M with %T... %s as well... Playing a supportive midfield/forward role,,,0.0,,0.0,,Midfielder,15.0,0.0,0.0,0.0,0.0,0.0,0.0,0.0,,,5.0,0.0,3.0,81.0,77.0,,,False,1503,1771,24,7091_SY,98.0,0,72.0,0,6.0,7.533333333333333,5.0,3.466666666666667,1.6666666666666667,1.9333333333333333,3.0,3.533333333333333,0.0,0.0,1.0,0.6,0.0,0.4666666666666667,0.3333333333333333,0.4666666666666667,0.0,0.4,0.0,0.256,0.0,0.41933333333333334,0.0,0.762,4.666666666666667,4.066666666666666,1.3333333333333333,1.0,1.3333333333333333,2.066666666666667,78.66666666666667,61.8,77.0,68.06666666666666,,,1655.6666666666667,1629.6666666666667,1618.3333333333333,1644.4666666666667,50.85,52.6,45.2,49.0,1,wing,46,54.10084752293217,-8.10084752293217
85188,7091,http://live.fanfooty.com.au/game/matchcentre.html?id=7091,R23,2019,230253.0,Jarrad,McVeigh,SY,10.0,45.0,51,56.0,43.0,57.0,4.0,7.0,5.0,1.0,0.0,0.0,2.0,1.0,0.0,Full Time,guard,%D and %M plus %s... Playing in defence,,,0.0,,0.0,,Back,3.0,0.0,0.0,0.0,0.0,0.0,0.0,0.0,,,2.0,0.0,4.0,72.0,78.0,,,False,1503,1771,24,7091_SY,98.0,0,72.0,0,5.0,11.0,7.333333333333333,7.733333333333333,4.666666666666667,4.8,1.6666666666666667,2.066666666666667,0.0,0.0,0.6666666666666666,0.6666666666666666,0.6666666666666666,0.3333333333333333,0.3333333333333333,0.13333333333333333,0.0,0.0,0.0,0.10200000000000001,0.0,0.14333333333333334,0.0,0.5319999999999999,2.3333333333333335,4.266666666666667,0.3333333333333333,1.1333333333333333,1.3333333333333333,1.2666666666666666,85.33333333333333,83.4,64.66666666666667,78.4,,,1765.3333333333333,1680.6,1508.3333333333333,1584.7333333333333,85.55,78.3,70.2,54.666666666666664,1,guard,51,96.82332953298766,-45.82332953298766
85190,7091,http://live.fanfooty.com.au/game/matchcentre.html?id=7091,R23,2019,291307.0,Daniel,Menzel,SY,2.0,34.0,12,45.0,26.0,34.0,6.0,1.0,3.0,1.0,0.0,0.0,0.0,0.0,1.0,Full Time,sore,Corkie to the left thigh late Q3... %s from %P and %M,pocket,Small forward role...,0.0,,0.0,,Forward,2.0,0.0,0.0,0.0,0.0,0.0,0.0,0.0,,,1.0,0.0,2.0,28.0,67.0,,,True,1503,1771,24,7091_SY,98.0,0,72.0,0,7.333333333333333,6.333333333333333,1.6666666666666667,3.066666666666667,4.666666666666667,3.6,2.0,1.3333333333333333,0.0,0.0,0.6666666666666666,0.8,0.6666666666666666,0.6,1.3333333333333333,1.2666666666666666,1.6666666666666667,0.9333333333333333,0.0,0.03866666666666667,0.0,0.23933333333333331,0.0,0.3406666666666667,2.6666666666666665,3.8,0.0,0.26666666666666666,2.0,1.6666666666666667,36.0,64.6,72.33333333333333,76.8,,,1629.3333333333333,1691.6666666666667,1644.3333333333333,1577.9333333333334,58.75,51.4,47.8,40.666666666666664,1,sore,12,69.30723256079514,-57.30723256079514
85208,7091,http://live.fanfooty.com.au/game/matchcentre.html?id=7091,R23,2019,260278.0,Sam,Rowe,SK,3.0,39.0,46,29.0,35.0,42.0,4.0,5.0,2.0,0.0,8.0,2.0,0.0,0.0,1.0,Full Time,spearhead,%O and %M plus %s... Starting forward,,,0.0,,0.0,,Back,47.0,17.0,0.0,0.0,0.0,0.0,0.0,0.0,,,6.0,1.0,0.0,77.0,82.0,,,False,1771,1503,24,7091_SK,98.0,0,72.0,0,4.666666666666667,5.266666666666667,5.333333333333333,4.266666666666667,2.0,3.0,0.6666666666666666,1.5333333333333334,2.6666666666666665,2.066666666666667,1.6666666666666667,1.2666666666666666,0.6666666666666666,1.0666666666666667,0.0,0.06666666666666667,0.3333333333333333,0.06666666666666667,0.0,0.11866666666666667,0.0,0.11333333333333334,0.3666666666666667,0.47733333333333333,6.0,5.133333333333334,0.3333333333333333,0.2,1.0,2.4,79.66666666666667,72.06666666666666,93.0,94.2,,,1467.0,1501.8666666666666,1798.3333333333333,1766.0666666666666,52.4,53.1,56.4,53.333333333333336,1,spearhead,46,58.50003974551356,-12.500039745513561
85210,7091,http://live.fanfooty.com.au/game/matchcentre.html?id=7091,R23,2019,260310.0,Nathan,Brown,SK,3.0,33.0,63,24.0,26.0,36.0,5.0,3.0,2.0,2.0,0.0,1.0,1.0,0.0,0.0,Full Time,job,%P and %M plus %T... Down back on Franklin,,,0.0,,0.0,,Back,22.0,0.0,0.0,0.0,0.0,0.0,0.0,0.0,,,3.0,1.0,1.0,100.0,91.0,,,False,1771,1503,24,7091_SK,98.0,0,72.0,0,4.666666666666667,4.333333333333333,3.3333333333333335,3.8666666666666667,3.0,2.933333333333333,1.3333333333333333,1.7333333333333334,0.0,0.0,0.6666666666666666,0.7333333333333333,0.3333333333333333,0.4666666666666667,0.0,0.0,0.0,0.0,0.0,0.40599999999999997,0.0,0.328,0.0,1.76,3.0,3.2666666666666666,1.0,0.4666666666666667,0.3333333333333333,0.9333333333333333,91.33333333333333,86.2,88.33333333333333,89.26666666666667,,,1598.3333333333333,1596.7333333333333,1671.0,1671.4666666666667,51.65,53.7,51.2,53.0,1,job,63,44.07120900832403,18.928790991675967
85226,7092,http://live.fanfooty.com.au/game/matchcentre.html?id=7092,R23,2019,281395.0,Scott D.,Thompson,NM,5.0,55.0,57,71.0,45.0,63.0,6.0,8.0,4.0,3.0,0.0,0.0,1.0,0.0,0.0,Full Time,job,%O and %M plus %T... At CHB on Fritsch,,,0.0,,0.0,,Back,16.0,0.0,0.0,0.0,0.0,0.0,0.0,0.0,,,3.0,0.0,3.0,85.0,86.0,,,False,1607,1653,24,7092_NM,98.0,0,72.0,0,11.0,10.333333333333334,7.0,4.933333333333334,5.666666666666667,4.6,1.6666666666666667,1.9333333333333333,0.0,0.0,0.3333333333333333,0.4,0.6666666666666666,1.2,0.0,0.0,0.0,0.0,0.0,0.0,0.0,0.0,0.0,0.0,5.666666666666667,4.866666666666666,0.3333333333333333,0.06666666666666667,2.0,2.1333333333333333,76.0,79.66666666666667,80.33333333333333,88.2,,,1731.3333333333333,1657.4,1546.6666666666667,1617.0666666666666,71.2,69.1,71.6,83.33333333333333,1,job,57,62.16539117862117,-5.165391178621171
85227,7092,http://live.fanfooty.com.au/game/matchcentre.html?id=7092,R23,2019,294556.0,Nathan,Hrovat,NM,8.0,55.0,62,66.0,46.0,64.0,5.0,12.0,2.0,2.0,0.0,1.0,0.0,0.0,1.0,Full Time,wing,%D including %B... also %M and %T... and booted %s... Coming off a wing,,,0.0,,0.0,,Midfielder,8.0,0.0,0.0,0.0,0.0,0.0,0.0,0.0,,,7.0,2.0,2.0,82.0,70.0,,,False,1607,1653,24,7092_NM,98.0,0,72.0,0,6.333333333333333,6.4,10.0,7.933333333333334,3.6666666666666665,2.533333333333333,1.0,2.2666666666666666,0.0,0.0,0.3333333333333333,0.4666666666666667,0.0,0.26666666666666666,0.0,0.4666666666666667,0.6666666666666666,0.3333333333333333,0.0,0.04733333333333334,0.0,0.06733333333333333,0.0,0.03933333333333333,6.0,5.8,1.0,0.6,1.3333333333333333,1.6,79.66666666666667,71.33333333333333,71.66666666666667,72.06666666666666,,,1774.0,1639.0666666666666,1493.0,1634.8666666666666,55.3,61.9,60.2,59.0,1,wing,62,58.33517254840093,3.6648274515990735
85239,7092,http://live.fanfooty.com.au/game/matchcentre.html?id=7092,R23,2019,250089.0,Jordan,Lewis,ME,10.0,87.0,85,44.0,66.0,91.0,17.0,7.0,4.0,2.0,0.0,1.0,0.0,0.0,1.0,Full Time,wing,%O with %k by foot... also %M and %T... and booted %s... Starting on a wing,,,0.0,,0.0,,Midfielder,6.0,0.0,0.0,0.0,0.0,0.0,0.0,0.0,,,3.0,3.0,1.0,75.0,82.0,,,False,1653,1607,24,7092_ME,98.0,0,72.0,1,14.0,9.8,6.0,6.933333333333334,4.333333333333333,3.533333333333333,3.0,1.6666666666666667,0.0,0.0,0.6666666666666666,0.8,0.0,0.6666666666666666,0.0,0.4,0.3333333333333333,0.2,0.0,0.0,0.0,0.0,0.0,0.23399999999999999,3.0,4.533333333333333,1.6666666666666667,1.4,1.3333333333333333,2.066666666666667,78.66666666666667,74.33333333333333,87.0,84.4,,,1583.3333333333333,1602.5333333333333,1671.0,1653.3333333333333,71.2,68.6,75.8,83.0,1,wing,85,73.92665169663984,11.073348303360163
85243,7092,http://live.fanfooty.com.au/game/matchcentre.html?id=7092,R23,2019,297139.0,Billy,Stretch,ME,9.0,70.0,89,48.0,54.0,78.0,10.0,11.0,2.0,3.0,0.0,0.0,0.0,0.0,0.0,Full Time,wing,%D and %M with %T... Running off a wing,,,0.0,,0.0,,Midfielder,15.0,0.0,0.0,0.0,0.0,0.0,0.0,0.0,,,4.0,0.0,0.0,95.0,71.0,,,False,1653,1607,24,7092_ME,98.0,0,72.0,1,8.333333333333334,8.866666666666667,8.333333333333334,7.866666666666666,4.0,3.6666666666666665,2.6666666666666665,3.2,0.0,0.0,0.0,0.6,0.3333333333333333,0.3333333333333333,0.0,0.2,0.0,0.2,0.0,0.044666666666666674,0.0,0.10200000000000001,0.0,0.03933333333333334,3.0,6.066666666666666,0.6666666666666666,1.1333333333333333,0.6666666666666666,1.7333333333333334,94.0,74.0,74.66666666666667,75.33333333333333,,,1627.0,1606.6,1642.0,1657.8666666666666,71.85,73.7,71.8,70.66666666666667,1,wing,89,70.22863405109958,18.771365948900424
85251,7092,http://live.fanfooty.com.au/game/matchcentre.html?id=7092,R23,2019,296343.0,Jay,Kennedy-Harris,ME,7.0,48.0,55,29.0,40.0,57.0,8.0,7.0,3.0,1.0,0.0,0.0,1.0,0.0,0.0,Full Time,wing,%O and %M... Playing mostly midfield,,,0.0,,0.0,,Forward,24.0,0.0,0.0,0.0,0.0,0.0,0.0,0.0,,,5.0,2.0,2.0,73.0,70.0,,,False,1653,1607,24,7092_ME,98.0,0,72.0,0,8.666666666666666,8.266666666666667,7.0,8.2,4.333333333333333,3.4,1.3333333333333333,3.6,0.0,0.0,0.6666666666666666,0.6666666666666666,0.3333333333333333,0.4666666666666667,0.0,0.06666666666666667,0.0,0.3333333333333333,0.0,0.5159999999999999,0.0,0.24533333333333335,0.0,2.3273333333333337,6.666666666666667,6.4,1.3333333333333333,1.3333333333333333,1.0,2.066666666666667,77.0,71.13333333333334,74.33333333333333,74.26666666666667,,,1583.3333333333333,1647.8666666666666,1671.0,1618.4,56.7,62.2,62.8,60.333333333333336,1,wing,55,60.577143842882144,-5.577143842882144
85281,7093,http://live.fanfooty.com.au/game/matchcentre.html?id=7093,R23,2019,261299.0,Matthew,Kreuzer,CA,16.0,79.0,82,54.0,65.0,76.0,10.0,1.0,1.0,2.0,34.0,2.0,0.0,0.0,0.0,Full Time,ruck,%H... also %D and %T... First ruck,,,0.0,,0.0,,Ruck,8.0,0.0,0.0,0.0,0.0,0.0,0.0,0.0,,,7.0,7.0,0.0,36.0,84.0,,,False,1886,1393,24,7093_CA,98.0,0,72.0,1,11.0,8.466666666666667,2.3333333333333335,4.6,2.0,1.9333333333333333,1.6666666666666667,2.2666666666666666,34.666666666666664,30.933333333333334,2.0,1.6,0.3333333333333333,0.5333333333333333,0.3333333333333333,0.3333333333333333,1.0,0.3333333333333333,0.0,0.0,0.0,0.0,0.0,0.0,8.666666666666666,9.133333333333333,6.333333333333333,5.533333333333333,1.3333333333333333,1.6,52.333333333333336,60.4,83.33333333333333,82.53333333333333,,,1532.3333333333333,1574.2,1738.6666666666667,1702.2666666666667,96.35,101.1,93.0,97.66666666666667,1,ruck,82,98.88960946317677,-16.889609463176768
85282,7093,http://live.fanfooty.com.au/game/matchcentre.html?id=7093,R23,2019,240359.0,Dale,Thomas,CA,22.0,77.0,91,67.0,55.0,78.0,10.0,4.0,4.0,8.0,0.0,1.0,2.0,0.0,0.0,Full Time,guard,%P including %K... also %T and %M... Coming off a HBF,,,0.0,,0.0,,Midfielder,39.0,0.0,0.0,0.0,0.0,0.0,0.0,0.0,,,5.0,0.0,2.0,85.0,79.0,,,False,1886,1393,24,7093_CA,98.0,0,72.0,1,14.666666666666666,13.666666666666666,7.0,5.866666666666666,4.0,5.266666666666667,6.0,3.2666666666666666,0.0,0.0,1.3333333333333333,0.8666666666666667,1.0,0.6666666666666666,0.0,0.13333333333333333,0.3333333333333333,0.2,0.0,0.0,0.0,0.0,0.0,0.0,8.0,5.133333333333334,1.3333333333333333,0.6,1.3333333333333333,1.7333333333333334,80.0,78.26666666666667,79.0,78.53333333333333,,,1532.3333333333333,1572.2,1738.6666666666667,1702.2,82.45,88.0,102.2,108.66666666666667,1,guard,91,104.65259174726263,-13.652591747262633
85311,7094,http://live.fanfooty.com.au/game/matchcentre.html?id=7094,R23,2019,290546.0,Aaron,Young,GC,10.0,54.0,60,69.0,41.0,54.0,7.0,4.0,2.0,3.0,0.0,1.0,0.0,1.0,0.0,Full Time,wing,%s from %O and %M plus %T... Starting forward,,,0.0,,0.0,,Forward,15.0,0.0,0.0,0.0,0.0,0.0,0.0,0.0,,,5.0,1.0,3.0,54.0,77.0,,,False,1796,1459,24,7094_GC,98.0,0,72.0,0,6.333333333333333,8.466666666666667,5.0,4.533333333333333,2.3333333333333335,3.0,2.3333333333333335,3.466666666666667,0.0,0.0,0.6666666666666666,1.0666666666666667,0.3333333333333333,1.2666666666666666,0.3333333333333333,0.8666666666666667,0.6666666666666666,0.6,0.0,0.6393333333333333,0.0,0.4646666666666667,0.4466666666666667,1.2906666666666666,3.3333333333333335,4.333333333333333,0.3333333333333333,0.6666666666666666,2.6666666666666665,2.8666666666666667,64.33333333333333,55.666666666666664,77.33333333333333,80.73333333333333,,,1414.6666666666667,1430.0,1860.0,1843.6,56.5,58.1,45.8,44.333333333333336,1,wing,60,58.33603543451528,1.6639645654847186
85313,7094,http://live.fanfooty.com.au/game/matchcentre.html?id=7094,R23,2019,295942.0,Jordan,Murdoch,GC,3.0,41.0,46,54.0,30.0,39.0,7.0,2.0,2.0,2.0,0.0,2.0,0.0,0.0,0.0,Full Time,wing,%P with %k by foot... also %M and %T... Playing a half forward role,,,0.0,,0.0,,Forward,31.0,0.0,0.0,0.0,0.0,0.0,0.0,0.0,,,4.0,4.0,1.0,66.0,85.0,,,False,1796,1459,24,7094_GC,98.0,0,72.0,0,8.666666666666666,8.933333333333334,2.6666666666666665,3.933333333333333,3.3333333333333335,3.1333333333333333,2.3333333333333335,2.533333333333333,0.0,0.0,1.6666666666666667,0.8666666666666667,0.3333333333333333,0.3333333333333333,0.3333333333333333,0.13333333333333333,0.0,0.2,0.0,0.0,0.0,0.0,0.0,0.03666666666666669,4.666666666666667,5.4,1.3333333333333333,0.6666666666666666,2.0,2.066666666666667,69.0,72.6,74.33333333333333,81.66666666666667,,,1505.6666666666667,1503.6,1767.0,1762.4666666666667,59.55,58.3,62.0,59.333333333333336,1,wing,46,60.163745080371896,-14.163745080371896
85317,7094,http://live.fanfooty.com.au/game/matchcentre.html?id=7094,R23,2019,240712.0,Michael,Rischitelli,GC,7.0,35.0,30,47.0,24.0,33.0,3.0,3.0,1.0,4.0,0.0,1.0,0.0,0.0,0.0,Full Time,wing,%O and %T... Playing a half forward role,,,0.0,,0.0,,Midfielder,35.0,0.0,0.0,0.0,0.0,0.0,0.0,0.0,,,5.0,3.0,1.0,66.0,74.0,,,False,1796,1459,24,7094_GC,98.0,0,72.0,0,4.333333333333333,5.933333333333334,3.6666666666666665,4.2,2.3333333333333335,2.6,2.6666666666666665,2.533333333333333,0.0,0.0,0.6666666666666666,0.6666666666666666,1.0,0.4,0.3333333333333333,0.2,0.3333333333333333,0.2,0.0,0.536,0.0,0.43733333333333335,0.0,0.6466666666666666,4.333333333333333,4.333333333333333,1.6666666666666667,0.6666666666666666,1.6666666666666667,1.3333333333333333,66.0,69.13333333333334,75.0,78.06666666666666,,,1430.0,1446.4666666666667,1835.3333333333333,1824.5333333333333,51.0,50.9,44.4,33.333333333333336,1,wing,30,51.76990459172001,-21.769904591720007
85414,7096,http://live.fanfooty.com.au/game/matchcentre.html?id=7096,R23,2019,240370.0,Richard,Douglas,AD,10.0,75.0,54,52.0,58.0,81.0,11.0,9.0,4.0,3.0,0.0,0.0,0.0,0.0,0.0,Full Time,wing,%O and %M plus %T... Playing a half forward role,,,0.0,,0.0,,Midfielder,26.0,0.0,0.0,0.0,0.0,0.0,0.0,0.0,,,3.0,0.0,1.0,70.0,84.0,,,False,1752,1519,24,7096_AD,98.0,0,72.0,0,10.333333333333334,10.266666666666667,6.0,6.266666666666667,4.333333333333333,3.533333333333333,2.6666666666666665,2.3333333333333335,0.0,0.0,0.6666666666666666,0.6,0.0,0.8666666666666667,0.3333333333333333,0.26666666666666666,0.0,0.3333333333333333,0.0,0.04733333333333333,0.0,0.07600000000000001,0.0,0.16266666666666668,4.0,5.933333333333334,0.3333333333333333,2.2,2.6666666666666665,2.7333333333333334,69.0,65.13333333333334,84.0,80.53333333333333,,,1521.3333333333333,1621.0666666666666,1732.3333333333333,1641.2666666666667,65.45,56.7,59.2,57.0,1,wing,54,67.50455141894498,-13.504551418944985
85487,7098,http://live.fanfooty.com.au/game/matchcentre.html?id=7098,R23,2019,271078.0,Matthew,Broadbent,PA,5.0,53.0,57,70.0,42.0,57.0,9.0,4.0,4.0,2.0,0.0,1.0,1.0,0.0,0.0,Full Time,guard,%D and %M with %T... Starting at half back,,,0.0,,0.0,,Back,5.0,0.0,0.0,0.0,0.0,0.0,0.0,0.0,,,3.0,1.0,1.0,92.0,81.0,,,False,1371,1901,24,7098_PA,98.0,0,72.0,0,11.0,12.933333333333334,2.6666666666666665,5.733333333333333,4.666666666666667,5.0,1.3333333333333333,1.1333333333333333,0.0,0.0,1.0,0.7333333333333333,0.6666666666666666,0.3333333333333333,0.0,0.0,0.0,0.0,0.0,0.31,0.0,0.2353333333333333,0.0,0.4053333333333333,3.6666666666666665,5.0,0.3333333333333333,1.0,1.0,2.2,79.0,74.53333333333333,83.66666666666667,83.13333333333334,,,1640.6666666666667,1648.4,1640.3333333333333,1623.7333333333333,69.5,69.2,66.8,63.0,1,guard,57,89.88237712203366,-32.88237712203366
85615,7103,http://live.fanfooty.com.au/game/matchcentre.html?id=7103,EF,2019,240336.0,Brett,Deledio,WS,10.0,51.0,56,68.0,42.0,57.0,5.0,6.0,4.0,4.0,0.0,2.0,2.0,0.0,0.0,Full Time,wing,%O and %M plus %T... Starting on a HFF,,,0.0,,0.0,,Forward,7.0,0.0,0.0,0.0,0.0,0.0,0.0,0.0,,,4.0,0.0,2.0,90.0,63.0,,,False,1456,1807,30,7103_WS,102.80000000000001,0,75.0,0,7.666666666666667,9.0,6.666666666666667,8.533333333333333,4.333333333333333,4.933333333333334,3.0,2.6666666666666665,0.0,0.0,1.3333333333333333,0.8,0.6666666666666666,0.4666666666666667,0.3333333333333333,0.4,0.6666666666666666,0.4,0.0,0.0,0.0,0.0,0.0,0.028666666666666667,5.666666666666667,7.133333333333334,1.3333333333333333,1.7333333333333334,1.0,1.4666666666666666,75.0,73.26666666666667,69.0,77.53333333333333,,,1689.3333333333333,1731.0,1582.3333333333333,1538.0666666666666,76.45,75.0,63.8,66.66666666666667,1,wing,56,70.5723135106078,-14.572313510607799
85715,7105,http://live.fanfooty.com.au/game/matchcentre.html?id=7105,SF,2019,261290.0,Chris,Masten,WC,15.0,63.0,77,54.0,54.0,72.0,7.0,6.0,6.0,3.0,0.0,0.0,2.0,1.0,0.0,Full Time,wing,%O and %M plus %T... %s as well... Playing outside midfield,,,0.0,,0.0,,Midfielder,7.0,0.0,0.0,0.0,0.0,0.0,0.0,0.0,,,7.0,2.0,2.0,76.0,94.0,,,False,1802,1484,32,7105_WC,96.0,0,71.5,1,10.0,9.866666666666667,7.666666666666667,6.8,6.666666666666667,5.4,2.0,1.7333333333333334,0.0,0.0,0.0,0.4,0.6666666666666666,0.5333333333333333,0.3333333333333333,0.2,0.3333333333333333,0.06666666666666667,0.0,0.0,0.0,0.0,0.0,0.0,6.0,4.066666666666666,1.0,0.5333333333333333,1.3333333333333333,1.8666666666666667,76.33333333333333,75.86666666666666,92.33333333333333,86.93333333333334,,,1648.0,1648.5333333333333,1631.3333333333333,1621.0666666666666,60.05,68.5,68.2,73.33333333333333,1,wing,77,62.46596545600005,14.534034543999951
85733,7106,http://live.fanfooty.com.au/game/matchcentre.html?id=7106,SF,2019,220047.0,Luke,Hodge,BL,9.0,78.0,92,99.0,62.0,84.0,14.0,8.0,5.0,1.0,0.0,1.0,0.0,0.0,0.0,Full Time,guard,%M and %P... Starting in defence,,,0.0,,0.0,,Back,2.0,0.0,0.0,0.0,0.0,0.0,0.0,0.0,,,5.0,0.0,2.0,86.0,81.0,,,False,1586,1678,32,7106_BL,96.0,0,71.5,1,16.666666666666668,13.133333333333333,7.666666666666667,4.066666666666666,6.333333333333333,6.066666666666666,1.3333333333333333,1.6,0.0,0.0,0.6666666666666666,0.4666666666666667,0.3333333333333333,0.8,0.0,0.0,0.0,0.13333333333333333,0.0,0.0,0.0,0.0,0.0,0.0,6.333333333333333,3.466666666666667,0.6666666666666666,0.4666666666666667,2.0,1.8666666666666667,84.66666666666667,84.0,85.0,84.53333333333333,,,1653.3333333333333,1666.9333333333334,1619.3333333333333,1606.6666666666667,71.4,78.0,84.8,102.66666666666667,1,guard,92,100.57585783926011,-8.57585783926011
85737,7106,http://live.fanfooty.com.au/game/matchcentre.html?id=7106,SF,2019,297258.0,Nick,Robertson,BL,9.0,63.0,43,86.0,43.0,60.0,12.0,1.0,3.0,4.0,0.0,0.0,0.0,0.0,0.0,Full Time,tagger,%D with %k by foot... also %T and %M... Tagging Whitfield,,,0.0,,0.0,,Back,18.0,0.0,0.0,0.0,0.0,0.0,0.0,0.0,,,6.0,1.0,6.0,30.0,84.0,,,False,1586,1678,32,7106_BL,96.0,0,71.5,0,9.333333333333334,9.266666666666667,4.0,7.0,3.6666666666666665,5.466666666666667,2.3333333333333335,1.5333333333333334,0.0,0.0,0.3333333333333333,0.26666666666666666,0.6666666666666666,1.0666666666666667,0.0,0.13333333333333333,0.0,0.0,0.0,0.2460000000000001,0.0,0.138,0.0,0.5626666666666668,5.0,4.133333333333334,0.6666666666666666,0.4666666666666667,3.3333333333333335,2.7333333333333334,66.33333333333333,77.6,85.66666666666667,85.66666666666667,,,1638.3333333333333,1653.6666666666667,1634.0,1613.6666666666667,61.1,60.2,60.8,60.333333333333336,1,tagger,43,74.78402781224867,-31.784027812248667
85738,7106,http://live.fanfooty.com.au/game/matchcentre.html?id=7106,SF,2019,280918.0,Allen,Christensen,BL,11.0,61.0,75,79.0,49.0,63.0,8.0,4.0,4.0,3.0,0.0,2.0,1.0,1.0,0.0,Full Time,pocket,%P and %M plus %T... %s as well... Starting in attack,,,0.0,,0.0,,Midfielder,3.0,0.0,0.0,0.0,0.0,0.0,0.0,0.0,,,6.0,0.0,3.0,75.0,70.0,,,False,1586,1678,32,7106_BL,96.0,0,71.5,1,7.666666666666667,9.933333333333334,2.6666666666666665,4.933333333333334,3.6666666666666665,4.333333333333333,2.3333333333333335,3.0,0.0,0.0,1.0,0.8,1.0,0.8666666666666667,1.0,1.1333333333333333,0.0,0.6,0.0,0.0,0.0,0.0,0.0,1.4753333333333336,3.6666666666666665,5.4,0.0,0.8,1.6666666666666667,2.066666666666667,74.0,73.73333333333333,61.333333333333336,73.26666666666667,,,1699.0,1674.4,1563.3333333333333,1595.4666666666667,72.55,65.3,66.4,53.666666666666664,1,pocket,75,69.84026669596925,5.159733304030752
86019,7303,http://live.fanfooty.com.au/game/matchcentre.html?id=7303,R1,2020,995192.0,Cameron,McCarthy,FR,3.0,45.0,51,26.0,35.0,46.0,8.0,3.0,3.0,1.0,0.0,1.0,0.0,0.0,1.0,Full Time,wing,%s from %P and %M... Starting on a wing,,,300300.0,,289200.0,,Forward,23.0,0.0,0.0,0.0,0.0,0.0,0.0,268100.0,,,4.0,0.0,2.0,63.0,69.0,195.0,,False,1809,1458,2,7303_FR,102.0,0,74.0,0,7.666666666666667,8.266666666666667,2.6666666666666665,3.2666666666666666,5.0,4.2,1.0,1.4,0.0,0.0,1.0,0.6666666666666666,0.6666666666666666,0.7333333333333333,1.0,1.4666666666666666,1.0,0.8,0.0,0.021333333333333333,0.0,0.037333333333333336,0.0,0.11533333333333333,3.0,4.266666666666667,0.0,0.26666666666666666,2.0,2.6,50.0,50.666666666666664,83.0,88.13333333333334,,,1512.0,1581.0666666666666,1763.0,1688.8,51.55,48.4,43.4,47.0,1,wing,51,54.76132911930214,-3.7613291193021396
86126,7306,http://live.fanfooty.com.au/game/matchcentre.html?id=7306,R1,2020,996064.0,Jesse,Joyce,GC,3.0,50.0,64,64.0,39.0,54.0,9.0,5.0,3.0,1.0,0.0,0.0,0.0,0.0,0.0,Full Time,guard,%M and %O... Playing small defender,,,333400.0,,326800.0,,Back,38.0,0.0,0.0,0.0,0.0,0.0,0.0,401000.0,,,5.0,0.0,1.0,78.0,74.0,256.0,,False,1821,1440,2,7306_GC,102.0,0,74.0,0,7.0,9.2,5.333333333333333,5.733333333333333,2.6666666666666665,4.133333333333334,1.3333333333333333,2.066666666666667,0.0,0.0,0.3333333333333333,0.7333333333333333,0.3333333333333333,0.6,0.0,0.06666666666666667,0.0,0.0,0.0,0.0,0.0,0.0,0.0,0.0,4.333333333333333,4.933333333333334,0.0,0.4666666666666667,1.3333333333333333,2.3333333333333335,69.0,72.46666666666667,78.66666666666667,80.33333333333333,,,1518.0,1475.6666666666667,1745.3333333333333,1790.2,62.5,62.7,53.6,53.666666666666664,1,guard,64,85.54828676580644,-21.548286765806438
86435,7313,http://live.fanfooty.com.au/game/matchcentre.html?id=7313,R2,2020,296439.0,Darcy,Lang,CA,7.0,25.0,47,31.0,19.0,25.0,2.0,2.0,0.0,2.0,0.0,0.0,0.0,1.0,1.0,Full Time,wing,%s from %P and %T... Starting at half forward,,,405300.0,,,,Forward,16.0,0.0,0.0,0.0,0.0,0.0,0.0,466000.0,,,3.0,0.0,0.0,75.0,71.0,66.0,,False,1641,1600,3,7313_CA,99.0,0,72.0,0,4.0,6.533333333333333,1.6666666666666667,4.266666666666667,2.3333333333333335,3.466666666666667,2.6666666666666665,3.2666666666666666,0.0,0.0,0.3333333333333333,0.7333333333333333,0.0,0.6666666666666666,1.0,0.6,0.6666666666666666,0.4666666666666667,0.0,0.011333333333333334,0.0,0.021999999999999967,0.0,0.06133333333333334,2.6666666666666665,4.0,0.6666666666666666,0.9333333333333333,1.0,1.4,65.66666666666667,68.86666666666666,74.66666666666667,73.66666666666667,,,1626.0,1556.8666666666666,1626.3333333333333,1711.8,56.3,46.8,51.6,39.0,1,wing,47,52.299258173144096,-5.299258173144096
87596,7341,http://live.fanfooty.com.au/game/matchcentre.html?id=7341,R5,2020,295313.0,Lin,Jong,WB,4.0,39.0,67,48.0,38.0,54.0,3.0,10.0,4.0,1.0,0.0,0.0,2.0,0.0,0.0,Full Time,wing,%P including %B... also %M... Rotating midfield and attack,,,,,,,Midfielder,46.0,0.0,0.0,0.0,0.0,0.0,0.0,,,,5.0,0.0,2.0,92.0,74.0,66.0,,False,1475,1818,6,7341_WB,97.0,0,70.0,0,4.0,5.333333333333333,9.666666666666666,7.466666666666667,3.3333333333333335,3.3333333333333335,3.0,2.6666666666666665,0.3333333333333333,0.06666666666666667,0.6666666666666666,0.9333333333333333,1.6666666666666667,0.8666666666666667,0.0,0.4666666666666667,0.3333333333333333,0.3333333333333333,0.0,0.37399999999999994,0.0,0.4126666666666666,0.0,0.67,5.0,5.133333333333334,0.6666666666666666,1.2666666666666666,2.3333333333333335,1.9333333333333333,85.0,76.26666666666667,71.66666666666667,66.06666666666666,97.66666666666667,,1689.3333333333333,1667.8666666666666,1596.6666666666667,1600.0666666666666,63.7,64.1,75.6,74.0,1,wing,67,63.65955332150166,3.3404466784983384
87769,7345,http://live.fanfooty.com.au/game/matchcentre.html?id=7345,R5,2020,291792.0,Thomas,Sheridan,WS,2.0,26.0,17,35.0,22.0,30.0,4.0,2.0,3.0,1.0,0.0,0.0,1.0,0.0,0.0,Full Time,in,%l Callan Ward... %M and %P,utility,Mostly in attack,,,,,Back,11.0,13.0,0.0,0.0,0.0,0.0,0.0,,,,0.0,0.0,2.0,83.0,77.0,32.0,,False,1318,1966,6,7345_WS,97.0,0,70.0,0,4.0,7.6,5.333333333333333,7.466666666666667,3.3333333333333335,3.6666666666666665,1.3333333333333333,3.0,0.0,0.0,0.3333333333333333,0.7333333333333333,0.6666666666666666,0.6,0.0,0.6,0.3333333333333333,0.26666666666666666,0.0,0.11,0.0,0.15733333333333333,0.06999999999999999,0.142,1.0,3.7333333333333334,0.3333333333333333,0.8,1.6666666666666667,1.7333333333333334,89.33333333333333,78.0,58.0,71.0,,,1820.3333333333333,1607.9333333333334,1459.6666666666667,1659.3333333333333,58.45,56.4,44.8,28.333333333333332,1,in,17,46.86555039667173,-29.86555039667173
88437,7361,http://live.fanfooty.com.au/game/matchcentre.html?id=7361,R7,2020,291201.0,Ricky,Henderson,HW,15.0,95.0,109,122.0,77.0,102.0,14.0,9.0,9.0,2.0,0.0,0.0,0.0,0.0,0.0,Full Time,hot,%D and %M with %T,wing,Playing outside midfield,,,,,Back,31.0,0.0,0.0,0.0,0.0,0.0,0.0,,,,6.0,1.0,3.0,78.0,84.0,334.0,,False,1803,1456,8,7361_HW,101.80000000000001,1,76.0,1,10.0,10.933333333333334,8.0,7.866666666666666,6.0,5.933333333333334,1.3333333333333333,1.8666666666666667,0.0,0.0,0.3333333333333333,0.3333333333333333,0.0,0.3333333333333333,0.0,0.2,0.0,0.3333333333333333,0.0,0.0,0.0,0.0,0.0,0.0,3.6666666666666665,4.0,1.6666666666666667,1.4666666666666666,2.0,1.5333333333333334,77.66666666666667,73.0,80.66666666666667,79.33333333333333,223.66666666666666,,1441.6666666666667,1627.1333333333334,1837.3333333333333,1646.8666666666666,86.0,79.2,80.2,77.66666666666667,1,hot,109,83.66006158695848,25.339938413041523
88853,7370,http://live.fanfooty.com.au/game/matchcentre.html?id=7370,R8,2020,295012.0,Matthew,Scharenberg,CO,9.0,57.0,77,44.0,41.0,57.0,8.0,4.0,3.0,4.0,0.0,0.0,0.0,0.0,0.0,Full Time,job,%P and %M plus %T... In defence on Allen,,,,,,,Back,12.0,0.0,0.0,0.0,0.0,0.0,0.0,,,,4.0,0.0,0.0,83.0,81.0,153.0,,False,1863,1425,9,7370_CO,101.80000000000001,0,73.0,1,8.333333333333334,8.333333333333334,5.0,7.066666666666666,4.0,5.266666666666667,2.6666666666666665,1.6666666666666667,0.0,0.0,0.3333333333333333,0.7333333333333333,0.3333333333333333,1.0,0.0,0.0,0.0,0.0,0.0,0.19666666666666666,0.0,0.18866666666666668,0.0,0.312,3.3333333333333335,4.133333333333334,0.0,0.06666666666666667,0.6666666666666666,2.2,77.66666666666667,83.13333333333334,83.66666666666667,80.53333333333333,157.0,,1599.0,1679.2666666666667,1684.6666666666667,1592.9333333333334,73.5,61.8,65.4,75.0,1,job,77,61.23362192089743,15.766378079102573
88880,7371,http://live.fanfooty.com.au/game/matchcentre.html?id=7371,R8,2020,291594.0,Harley,Bennell,ME,3.0,38.0,42,49.0,30.0,43.0,6.0,5.0,1.0,2.0,0.0,1.0,1.0,0.0,1.0,Full Time,wing,%P and %T plus %s... Playing a HFF role,,,,,,,Midfielder,13.0,0.0,0.0,0.0,0.0,0.0,0.0,,,,3.0,0.0,3.0,63.0,72.0,141.0,,False,1714,1556,9,7371_ME,101.80000000000001,0,73.0,0,6.0,11.333333333333334,5.666666666666667,7.0,1.3333333333333333,3.466666666666667,0.6666666666666666,3.1333333333333333,0.0,0.2,0.3333333333333333,0.8,0.3333333333333333,0.6666666666666666,0.6666666666666666,0.6666666666666666,0.6666666666666666,0.6666666666666666,0.0,1.870666666666667,0.0,4.096666666666667,0.0,3.1593333333333335,3.3333333333333335,6.866666666666666,0.6666666666666666,2.3333333333333335,1.6666666666666667,2.1333333333333333,68.33333333333333,71.2,75.66666666666667,80.33333333333333,177.66666666666666,,1666.6666666666667,1516.8666666666666,1595.0,1742.2,86.8,67.8,53.2,55.333333333333336,1,wing,42,74.502852772641,-32.502852772641006
88966,7373,http://live.fanfooty.com.au/game/matchcentre.html?id=7373,R9,2020,280013.0,Jackson,Trengove,WB,7.0,39.0,63,50.0,31.0,42.0,2.0,6.0,1.0,4.0,3.0,2.0,1.0,0.0,0.0,Full Time,in,%l Cody Weightman... %P including %B... also %T,spearhead,Playing a forward/ruck role,,,,,Back,8.0,0.0,0.0,0.0,0.0,0.0,0.0,,,,2.0,1.0,1.0,87.0,68.0,16.0,,False,1781,1440,10,7373_WB,100.0,0,72.0,0,5.666666666666667,7.466666666666667,5.666666666666667,5.2,2.3333333333333335,3.6666666666666665,2.3333333333333335,2.7333333333333334,9.0,6.266666666666667,1.3333333333333333,1.2,0.6666666666666666,1.6666666666666667,0.0,0.06666666666666667,0.3333333333333333,0.06666666666666667,0.0,0.0,0.0,0.0,0.0,0.0,5.0,5.2,2.3333333333333335,1.3333333333333333,1.0,2.533333333333333,75.33333333333333,71.73333333333333,82.66666666666667,91.0,,,1693.6666666666667,1692.4,1549.0,1575.0666666666666,70.25,61.6,65.2,66.66666666666667,1,in,63,58.88366514074948,4.116334859250522
88973,7373,http://live.fanfooty.com.au/game/matchcentre.html?id=7373,R9,2020,298277.0,Billy,Gowers,WB,1.0,10.0,-2,14.0,12.0,22.0,4.0,3.0,0.0,0.0,0.0,0.0,3.0,0.0,1.0,Full Time,spud,2 FA to HT... %D and %s... gave away %F,spearhead,Starting forward on Broad,,,,,Midfielder,26.0,0.0,0.0,0.0,0.0,0.0,0.0,,,,0.0,0.0,5.0,71.0,84.0,134.0,,False,1781,1440,10,7373_WB,100.0,0,72.0,0,4.0,5.866666666666666,3.0,3.7333333333333334,1.0,3.2666666666666666,1.0,1.7333333333333334,0.0,0.06666666666666667,0.3333333333333333,0.5333333333333333,1.3333333333333333,1.0666666666666667,0.0,1.0666666666666667,0.6666666666666666,1.1333333333333333,0.0,0.14400000000000002,0.0,0.09333333333333332,0.0,1.6906666666666665,2.3333333333333335,4.2,0.6666666666666666,0.6,3.0,2.6,59.666666666666664,66.2,74.0,79.0,93.0,,1520.6666666666667,1637.0,1735.6666666666667,1632.8,54.35,42.3,31.6,20.0,1,spud,-2,57.5312978917408,-59.5312978917408
89166,7377,http://live.fanfooty.com.au/game/matchcentre.html?id=7377,R9,2020,295103.0,Riley,Knight,AD,6.0,25.0,24,30.0,17.0,27.0,2.0,1.0,1.0,5.0,0.0,0.0,2.0,0.0,0.0,Full Time,penguin,One handball to HT... %D and %T,wing,Playing outside midfield,,,,,Forward,3.0,0.0,0.0,0.0,0.0,0.0,0.0,,,,1.0,0.0,2.0,100.0,77.0,74.0,,False,1937,1325,10,7377_AD,100.0,0,72.0,0,5.0,7.2,6.0,7.333333333333333,4.0,4.733333333333333,3.6666666666666665,4.066666666666666,0.0,0.0,0.0,0.4,1.0,0.8,1.0,0.6,0.3333333333333333,0.26666666666666666,0.0,0.0,0.0,0.0,0.0,0.0,3.3333333333333335,4.4,0.3333333333333333,1.0666666666666667,2.0,2.0,84.0,71.73333333333333,78.33333333333333,78.33333333333333,,,1480.3333333333333,1641.2,1780.6666666666667,1621.0,62.55,57.8,52.2,48.0,1,penguin,24,49.91386276600909,-25.91386276600909
89207,7378,http://live.fanfooty.com.au/game/matchcentre.html?id=7378,R9,2020,290722.0,Sam,Gray,SY,3.0,37.0,45,27.0,28.0,40.0,5.0,5.0,1.0,2.0,0.0,0.0,0.0,0.0,1.0,Full Time,wing,%P and %T plus %s... Playing a HFF role,,,,,,,Midfielder,15.0,0.0,0.0,0.0,0.0,0.0,0.0,,,,7.0,3.0,2.0,60.0,72.0,116.0,,False,1796,1465,10,7378_SY,100.0,0,72.0,0,5.666666666666667,7.066666666666666,3.6666666666666665,6.666666666666667,2.6666666666666665,3.066666666666667,2.0,2.8,0.0,0.0,0.3333333333333333,0.8666666666666667,0.3333333333333333,0.2,0.0,0.4666666666666667,0.3333333333333333,0.6,0.0,0.0,0.0,0.0,0.0,0.0,4.333333333333333,5.066666666666666,1.3333333333333333,0.6,1.3333333333333333,1.6,72.33333333333333,66.46666666666667,79.0,81.0,123.33333333333333,,1638.6666666666667,1669.8666666666666,1641.0,1604.2,63.05,49.4,48.4,47.666666666666664,1,wing,45,60.51358496037057,-15.513584960370572
89265,7380,http://live.fanfooty.com.au/game/matchcentre.html?id=7380,R9,2020,270512.0,Pearce,Hanley,GC,5.0,47.0,52,63.0,40.0,54.0,7.0,4.0,5.0,2.0,0.0,1.0,2.0,0.0,0.0,Full Time,wing,%P and %M plus %T... Playing midfield,,,,,,,Midfielder,1.0,0.0,0.0,0.0,0.0,0.0,0.0,,,,4.0,0.0,3.0,72.0,73.0,192.0,,False,1864,1398,10,7380_GC,100.0,0,72.0,0,8.0,11.466666666666667,3.0,5.066666666666666,4.0,4.666666666666667,2.0,1.8,0.0,0.0,1.3333333333333333,0.6,1.0,0.8666666666666667,0.0,0.06666666666666667,0.3333333333333333,0.06666666666666667,0.0,0.0,0.0,0.0,0.0,0.0,4.666666666666667,4.733333333333333,0.3333333333333333,1.1333333333333333,3.0,2.8666666666666667,67.33333333333333,70.66666666666667,72.33333333333333,77.86666666666666,283.3333333333333,,1552.0,1546.4666666666667,1719.6666666666667,1722.6666666666667,71.0,67.4,54.4,58.666666666666664,1,wing,52,65.57930961622881,-13.579309616228812
89317,7381,http://live.fanfooty.com.au/game/matchcentre.html?id=7381,R9,2020,290817.0,Brandon,Matera,FR,2.0,25.0,33,34.0,16.0,24.0,5.0,1.0,0.0,2.0,0.0,0.0,0.0,0.0,0.0,Full Time,wing,%O with %k by foot... also %T... Coming off a HFF,,,,,,,Forward,3.0,0.0,0.0,0.0,0.0,0.0,0.0,,,,2.0,0.0,0.0,33.0,82.0,125.0,,False,1556,1714,10,7381_FR,100.0,0,72.0,0,5.0,7.466666666666667,1.0,2.8666666666666667,0.3333333333333333,2.6,2.6666666666666665,2.533333333333333,0.0,0.0,1.0,0.4666666666666667,0.6666666666666666,0.6666666666666666,0.3333333333333333,0.8,0.6666666666666666,1.1333333333333333,0.0,0.0,0.0,0.0,0.0,0.0,3.0,4.0,0.6666666666666666,0.3333333333333333,0.6666666666666666,1.5333333333333334,27.666666666666668,55.8,77.66666666666667,76.2,136.66666666666666,,1603.6666666666667,1562.9333333333334,1662.0,1704.0,54.9,52.1,43.6,37.666666666666664,1,wing,33,53.910362580184255,-20.910362580184255
89806,7392,http://live.fanfooty.com.au/game/matchcentre.html?id=7392,R11,2020,290156.0,Jasper,Pittard,NM,7.0,50.0,65,29.0,42.0,57.0,8.0,8.0,3.0,0.0,0.0,1.0,0.0,0.0,0.0,Full Time,wing,%M and %D... Playing a half forward role,,,,,,,Back,17.0,0.0,0.0,0.0,0.0,0.0,0.0,,,,6.0,0.0,2.0,68.0,84.0,204.0,,False,1679,1583,12,7392_NM,100.0,0,73.0,0,8.666666666666666,9.866666666666667,5.666666666666667,5.933333333333334,3.0,3.7333333333333334,1.0,1.5333333333333334,0.0,0.0,0.6666666666666666,1.1333333333333333,0.0,0.4666666666666667,0.6666666666666666,0.26666666666666666,0.0,0.0,0.0,0.0,0.0,0.0,0.0,0.0,4.666666666666667,4.0,0.0,0.0,2.0,2.6,63.0,69.2,86.33333333333333,86.26666666666667,231.0,,1684.3333333333333,1652.4,1590.0,1625.8666666666666,74.05,70.5,58.4,67.66666666666667,1,wing,65,69.80626984698748,-4.806269846987476
89807,7392,http://live.fanfooty.com.au/game/matchcentre.html?id=7392,R11,2020,290194.0,Jamie,Macmillan,NM,4.0,47.0,75,32.0,38.0,54.0,7.0,7.0,2.0,2.0,0.0,1.0,1.0,0.0,0.0,Full Time,guard,%D and %M with %T... Coming off a HBF,,,,,,,Back,34.0,0.0,0.0,0.0,0.0,0.0,0.0,,,,6.0,0.0,2.0,64.0,86.0,234.0,,False,1679,1583,12,7392_NM,100.0,0,73.0,1,5.333333333333333,8.4,8.666666666666666,6.8,2.6666666666666665,3.6,2.3333333333333335,2.2,0.0,0.0,1.0,1.2666666666666666,1.3333333333333333,0.7333333333333333,0.3333333333333333,0.06666666666666667,0.0,0.0,0.0,0.0,0.0,0.0,0.0,0.0,5.333333333333333,4.466666666666667,0.6666666666666666,0.6666666666666666,2.6666666666666665,1.8666666666666667,71.66666666666667,80.33333333333333,80.66666666666667,78.6,150.33333333333334,,1684.3333333333333,1635.7333333333333,1590.0,1641.7333333333333,73.25,69.1,68.0,71.33333333333333,1,guard,75,92.37928732619271,-17.37928732619271
90146,7400,http://live.fanfooty.com.au/game/matchcentre.html?id=7400,R12,2020,1001448.0,Rupert,Wills,CO,12.0,50.0,60,44.0,41.0,63.0,5.0,11.0,1.0,4.0,0.0,0.0,2.0,0.0,0.0,Full Time,shovel,%D and %T... Rotating in midfield,,,,,,,Midfielder,33.0,0.0,0.0,0.0,0.0,0.0,0.0,,,,6.0,2.0,5.0,62.0,63.0,34.0,,False,1833,1462,13,7400_CO,103.0,0,72.0,0,5.0,5.066666666666666,10.666666666666666,10.933333333333334,1.0,1.8,5.0,6.2,0.0,0.06666666666666667,1.0,1.0666666666666667,2.3333333333333335,1.0666666666666667,0.0,0.0,0.0,0.0,0.0,0.0,0.0,0.0,0.0,0.0,5.333333333333333,7.0,1.6666666666666667,2.8,4.666666666666667,2.466666666666667,70.0,72.4,67.66666666666667,63.8,58.0,,1543.6666666666667,1712.1333333333334,1743.6666666666667,1559.4666666666667,69.75,72.4,68.6,60.333333333333336,1,shovel,60,56.918273921104756,3.081726078895244
90152,7400,http://live.fanfooty.com.au/game/matchcentre.html?id=7400,R12,2020,250548.0,Lynden,Dunn,CO,1.0,25.0,40,13.0,20.0,30.0,5.0,3.0,1.0,1.0,0.0,0.0,1.0,0.0,0.0,Full Time,job,%P... In defence on Tom McDonald,,,,,,,Back,15.0,0.0,0.0,0.0,0.0,0.0,0.0,,,,3.0,0.0,1.0,62.0,92.0,151.0,,False,1833,1462,13,7400_CO,103.0,0,72.0,0,6.333333333333333,8.4,4.0,4.266666666666667,2.6666666666666665,3.933333333333333,1.3333333333333333,2.0,0.0,0.0,0.3333333333333333,0.8,0.3333333333333333,1.2666666666666666,0.3333333333333333,0.06666666666666667,0.0,0.0,0.16333333333333336,0.13066666666666665,0.15666666666666673,0.11333333333333334,0.20333333333333334,0.3626666666666667,3.0,3.933333333333333,0.0,0.06666666666666667,1.0,2.2,76.0,78.66666666666667,83.0,87.73333333333333,,,1650.6666666666667,1712.6666666666667,1625.6666666666667,1562.8666666666666,65.4,62.7,60.6,59.0,1,job,40,53.537048449227136,-13.537048449227136
90154,7400,http://live.fanfooty.com.au/game/matchcentre.html?id=7400,R12,2020,240232.0,Ben,Reid,CO,7.0,23.0,41,20.0,21.0,24.0,2.0,0.0,1.0,1.0,0.0,1.0,1.0,2.0,0.0,Full Time,injured,Off in Q3 with a left hamstring injury... %O and %s,spearhead,Up forward on May,,,,,Back,20.0,0.0,0.0,0.0,0.0,0.0,0.0,,,,1.0,0.0,1.0,100.0,55.0,47.0,,True,1833,1462,13,7400_CO,103.0,0,72.0,0,3.3333333333333335,6.4,1.6666666666666667,3.3333333333333335,1.6666666666666667,3.8666666666666667,0.3333333333333333,0.9333333333333333,2.0,2.1333333333333333,1.6666666666666667,1.4666666666666666,1.0,0.6666666666666666,1.3333333333333333,1.4,0.3333333333333333,0.8666666666666667,0.0,0.1,0.0,0.1,0.0,0.184,4.0,5.0,0.6666666666666666,0.3333333333333333,1.6666666666666667,1.8,76.66666666666667,64.66666666666667,76.66666666666667,75.86666666666666,,,1635.6666666666667,1706.0,1646.3333333333333,1569.4,59.9,58.1,43.8,42.0,1,injured,41,40.58664242034975,0.41335757965025266
90452,7407,http://live.fanfooty.com.au/game/matchcentre.html?id=7407,R13,2020,298390.0,Jay,Lockhart,ME,3.0,41.0,43,32.0,29.0,39.0,6.0,1.0,3.0,3.0,0.0,0.0,0.0,0.0,0.0,Full Time,guard,%O including %K... also %M and %T... Starting in defence,,,,,,,Back,41.0,0.0,0.0,0.0,0.0,0.0,0.0,,,,1.0,0.0,2.0,71.0,77.0,207.0,,False,1797,1470,14,7407_ME,97.0,0,73.0,0,6.333333333333333,6.333333333333333,1.6666666666666667,4.0,3.3333333333333335,3.2666666666666666,2.6666666666666665,1.6,0.0,0.0,0.0,0.2,0.0,0.4666666666666667,0.0,0.26666666666666666,0.0,0.26666666666666666,0.0,0.0,0.0,0.0,0.0,0.0,2.3333333333333335,4.0,0.0,0.4,1.3333333333333333,1.6666666666666667,70.66666666666667,70.66666666666667,73.33333333333333,75.06666666666666,124.0,,1689.6666666666667,1593.8,1583.3333333333333,1675.5333333333333,54.7,51.7,56.2,50.666666666666664,1,guard,43,79.04611748164902,-36.04611748164902
90520,7409,http://live.fanfooty.com.au/game/matchcentre.html?id=7409,R13,2020,261320.0,Tom,Bellchambers,ES,1.0,15.0,5,16.0,17.0,21.0,0.0,3.0,1.0,0.0,9.0,0.0,1.0,0.0,0.0,Full Time,ruck,%H with %P... First ruck,,,,,,,Ruck,2.0,0.0,0.0,0.0,0.0,0.0,0.0,,,,3.0,0.0,4.0,66.0,76.0,-30.0,,False,1644,1615,14,7409_ES,97.0,0,73.0,0,2.6666666666666665,5.733333333333333,1.6666666666666667,3.1333333333333333,2.0,2.7333333333333334,0.6666666666666666,1.6666666666666667,13.333333333333334,23.266666666666666,0.6666666666666666,1.5333333333333334,0.6666666666666666,1.3333333333333333,0.3333333333333333,0.26666666666666666,0.0,0.13333333333333333,0.0,0.0,0.0,0.0,0.0,0.0,2.3333333333333335,5.333333333333333,0.6666666666666666,2.8,2.0,2.466666666666667,79.0,73.8,78.33333333333333,80.2,46.333333333333336,,1545.3333333333333,1608.0,1718.6666666666667,1662.0,76.65,61.3,50.8,39.0,1,ruck,5,80.46017226536021,-75.46017226536021
90604,7411,http://live.fanfooty.com.au/game/matchcentre.html?id=7411,R13,2020,993796.0,Ben,Crocker,AD,2.0,29.0,30,38.0,23.0,28.0,4.0,1.0,3.0,1.0,0.0,1.0,0.0,0.0,1.0,Full Time,pocket,Scored %s from %G and %D... Rotating in attack,,,,,,,Forward,20.0,0.0,0.0,0.0,0.0,0.0,0.0,,,,2.0,0.0,1.0,60.0,81.0,87.0,,False,1818,1451,14,7411_AD,97.0,0,73.0,0,5.0,6.6,1.0,2.1333333333333333,1.6666666666666667,3.533333333333333,3.6666666666666665,2.1333333333333333,0.0,0.0,0.6666666666666666,0.8666666666666667,0.3333333333333333,0.8666666666666667,0.3333333333333333,0.5333333333333333,0.6666666666666666,0.6,0.0,0.02866666666666667,0.0,0.2213333333333333,0.0,0.1,3.0,3.533333333333333,0.6666666666666666,0.6,1.6666666666666667,2.2666666666666666,70.66666666666667,66.2,82.66666666666667,80.6,111.66666666666667,,1492.3333333333333,1546.6,1776.0,1725.6666666666667,45.65,45.5,52.4,50.666666666666664,1,pocket,30,51.744558213178735,-21.744558213178735
90780,7415,http://live.fanfooty.com.au/game/matchcentre.html?id=7415,R14,2020,291821.0,Jonathon,Patton,HW,0.0,3.0,0,3.0,3.0,4.0,0.0,1.0,0.0,0.0,1.0,0.0,0.0,0.0,0.0,Full Time,injured,Limped off favouring his right leg in Q1... likely Achilles injury,spearhead,At FF on Hooker,,,,,Forward,12.0,0.0,0.0,0.0,0.0,0.0,0.0,,,,1.0,0.0,1.0,0.0,16.0,10.0,,True,1715,1560,15,7415_HW,96.40000000000003,0,69.5,0,2.6666666666666665,6.0,2.3333333333333335,4.933333333333334,1.6666666666666667,4.133333333333334,1.3333333333333333,2.066666666666667,1.3333333333333333,5.2,1.0,1.0666666666666667,1.0,0.9333333333333333,0.3333333333333333,0.7333333333333333,0.0,0.6,0.0,0.19333333333333336,0.0,0.178,0.0,0.38799999999999996,4.0,6.0,0.0,1.4666666666666666,1.3333333333333333,1.9333333333333333,66.66666666666667,72.06666666666666,63.0,79.33333333333333,47.333333333333336,,1590.6666666666667,1645.0,1671.0,1625.8666666666666,68.85,61.0,40.6,39.0,1,injured,0,46.81782319320622,-46.81782319320622
90865,7417,http://live.fanfooty.com.au/game/matchcentre.html?id=7417,R14,2020,295712.0,Tory,Dickson,WB,0.0,13.0,16,15.0,11.0,15.0,0.0,4.0,0.0,1.0,0.0,1.0,0.0,0.0,0.0,Full Time,wing,%D... Playing forward,,,,,,,Forward,29.0,0.0,0.0,0.0,0.0,0.0,0.0,,,,1.0,1.0,0.0,75.0,83.0,-6.0,,False,1704,1538,15,7417_WB,96.40000000000003,0,69.5,0,3.6666666666666665,5.666666666666667,4.666666666666667,5.266666666666667,1.6666666666666667,3.3333333333333335,3.6666666666666665,2.2666666666666666,0.0,0.0,0.3333333333333333,0.5333333333333333,1.0,0.4666666666666667,1.0,1.2666666666666666,0.0,0.4666666666666667,0.0,0.0,0.0,0.0,0.0,0.0,4.0,4.333333333333333,0.3333333333333333,0.26666666666666666,1.0,1.2666666666666666,63.0,71.33333333333333,79.33333333333333,79.33333333333333,,,1695.6666666666667,1680.8,1559.3333333333333,1589.5333333333333,57.9,61.9,55.2,49.333333333333336,1,wing,16,55.83151325760312,-39.83151325760312
90896,7418,http://live.fanfooty.com.au/game/matchcentre.html?id=7418,R14,2020,260750.0,Justin,Westhoff,PA,14.0,58.0,60,73.0,44.0,59.0,4.0,6.0,1.0,5.0,3.0,0.0,0.0,1.0,2.0,Full Time,spearhead,%s from %O and %T... Starting forward on Fox,,,,,,,Forward,39.0,0.0,0.0,0.0,0.0,0.0,0.0,,,,5.0,1.0,1.0,50.0,76.0,130.0,,False,1562,1688,15,7418_PA,96.40000000000003,0,69.5,0,4.666666666666667,8.4,4.666666666666667,5.0,2.6666666666666665,4.466666666666667,3.0,2.533333333333333,5.0,2.533333333333333,0.3333333333333333,0.5333333333333333,0.0,0.7333333333333333,0.3333333333333333,0.8,1.6666666666666667,0.5333333333333333,0.0,0.0,0.0,0.0,0.0,0.0,3.6666666666666665,5.733333333333333,0.6666666666666666,0.6666666666666666,1.0,2.2,60.666666666666664,72.93333333333334,79.66666666666667,83.6,95.33333333333333,,1752.3333333333333,1742.4666666666667,1513.3333333333333,1529.8,82.85,77.8,69.2,53.333333333333336,1,spearhead,60,74.75027223480343,-14.750272234803433
91092,7422,http://live.fanfooty.com.au/game/matchcentre.html?id=7422,R14,2020,298271.0,Paul,Ahern,NM,4.0,52.0,0,34.0,42.0,54.0,8.0,5.0,4.0,1.0,0.0,2.0,0.0,0.0,0.0,Full Time,wing,%D and %M... Playing an outside game,,,,,,,Midfielder,15.0,0.0,0.0,0.0,0.0,0.0,0.0,,,,8.0,2.0,7.0,38.0,70.0,262.0,,False,0,0,15,7422_NM,96.40000000000003,0,69.5,0,7.0,8.866666666666667,5.333333333333333,5.8,2.3333333333333335,2.466666666666667,2.3333333333333335,1.2,0.0,0.0,1.0,0.26666666666666666,0.0,0.3333333333333333,0.0,0.2,0.0,0.4666666666666667,0.0,3.1599999999999997,0.0,2.529333333333333,0.0,2.470666666666667,6.666666666666667,5.866666666666666,1.6666666666666667,1.4666666666666666,3.6666666666666665,2.2,49.333333333333336,61.266666666666666,62.666666666666664,66.73333333333333,203.66666666666666,,1005.0,1494.7333333333333,1170.3333333333333,1565.0666666666666,61.8,58.4,48.6,39.666666666666664,1,wing,0,64.94036815388232,-64.94036815388232
91099,7422,http://live.fanfooty.com.au/game/matchcentre.html?id=7422,R14,2020,290199.0,Majak,Daw,NM,2.0,32.0,0,31.0,28.0,38.0,2.0,7.0,1.0,2.0,2.0,2.0,1.0,0.0,0.0,Full Time,spearhead,%H... also %P and %T... In attack on Collins,,,,,,,Ruck,1.0,0.0,0.0,0.0,0.0,0.0,0.0,,,,7.0,1.0,4.0,77.0,71.0,-1.0,,False,0,0,15,7422_NM,96.40000000000003,0,69.5,0,3.6666666666666665,6.933333333333334,5.333333333333333,4.733333333333333,1.6666666666666667,5.0,1.3333333333333333,2.1333333333333333,5.0,4.466666666666667,0.6666666666666666,1.0666666666666667,1.0,0.7333333333333333,0.6666666666666666,0.8666666666666667,0.3333333333333333,0.3333333333333333,0.0,0.44,0.0,0.45933333333333337,0.0,1.8966666666666667,4.0,5.866666666666666,1.0,0.8,2.6666666666666665,2.066666666666667,70.66666666666667,79.0,76.0,85.0,105.33333333333333,,1038.6666666666667,1496.6666666666667,1148.3333333333333,1557.2666666666667,72.15,70.8,49.0,31.333333333333332,1,spearhead,0,72.00679454404441,-72.00679454404441
91115,7423,http://live.fanfooty.com.au/game/matchcentre.html?id=7423,R15,2020,296452.0,Darren,Minchington,HW,8.0,42.0,77,54.0,31.0,42.0,7.0,2.0,1.0,2.0,0.0,0.0,0.0,1.0,0.0,Full Time,pocket,%s from %O and %T... Rotating in attack,,,,,,,Forward,38.0,0.0,0.0,0.0,0.0,0.0,0.0,,,,4.0,1.0,1.0,77.0,68.0,251.0,,False,1809,1478,16,7423_HW,100.0,0,74.5,1,5.666666666666667,5.066666666666666,3.0,6.266666666666667,1.0,1.8,1.0,3.4,0.0,0.0,0.0,0.6666666666666666,0.3333333333333333,0.06666666666666667,0.6666666666666666,0.4666666666666667,0.3333333333333333,0.5333333333333333,0.0,0.06533333333333333,0.0,0.07466666666666667,0.0,0.12200000000000001,3.6666666666666665,5.2,0.3333333333333333,0.5333333333333333,2.0,1.2666666666666666,80.0,73.13333333333334,75.0,73.73333333333333,160.33333333333334,,1488.6666666666667,1584.6666666666667,1797.0,1683.2,55.15,54.8,53.4,53.666666666666664,1,pocket,77,59.105428430586464,17.894571569413536
91120,7423,http://live.fanfooty.com.au/game/matchcentre.html?id=7423,R15,2020,1003547.0,Conor,Glass,HW,3.0,30.0,31,41.0,23.0,33.0,3.0,3.0,2.0,3.0,0.0,0.0,1.0,0.0,0.0,Full Time,sore,Sore after a Jones hit to the torso early in Q1... %O and %M plus %T,guard,Starting in defence,,,,,Back,13.0,0.0,0.0,0.0,0.0,0.0,0.0,,,,1.0,1.0,2.0,66.0,75.0,63.0,,True,1809,1478,16,7423_HW,100.0,0,74.5,0,6.0,7.6,4.0,4.733333333333333,2.0,3.2666666666666666,2.0,2.2,0.0,0.0,0.0,0.26666666666666666,0.3333333333333333,0.9333333333333333,0.0,0.13333333333333333,0.0,0.06666666666666667,0.0,0.008,0.0,0.014,0.0,0.05733333333333334,2.6666666666666665,3.1333333333333333,1.0,0.6,2.3333333333333335,2.6666666666666665,65.33333333333333,73.2,74.33333333333333,76.8,165.33333333333334,,1497.3333333333333,1551.3333333333333,1776.0,1717.8,48.4,50.2,45.2,48.0,1,sore,31,63.07985349548409,-32.07985349548409
91271,7426,http://live.fanfooty.com.au/game/matchcentre.html?id=7426,R15,2020,294675.0,Joshua,Wagner,ME,3.0,34.0,54,28.0,26.0,39.0,4.0,6.0,0.0,3.0,0.0,1.0,1.0,0.0,0.0,Full Time,guard,%O and %T... Rotating in defence,,,,,,,Back,42.0,0.0,0.0,0.0,0.0,0.0,0.0,,,,5.0,1.0,2.0,80.0,65.0,103.0,,False,1678,1612,16,7426_ME,100.0,0,74.5,0,7.333333333333333,8.066666666666666,6.0,6.466666666666667,2.0,2.8,1.6666666666666667,2.0,0.0,0.0,0.3333333333333333,0.4,0.3333333333333333,0.5333333333333333,0.0,0.0,0.3333333333333333,0.13333333333333333,0.0,0.0,0.0,0.0,0.0,0.006666666666666667,6.0,6.133333333333334,1.0,0.5333333333333333,1.6666666666666667,1.7333333333333334,71.0,73.53333333333333,68.0,79.26666666666667,,,1588.3333333333333,1600.0,1686.0,1666.8666666666666,62.8,61.5,63.4,65.0,1,guard,54,86.52885721445789,-32.52885721445789
91380,7429,http://live.fanfooty.com.au/game/matchcentre.html?id=7429,R16,2020,295256.0,Marley,Williams,NM,1.0,25.0,27,33.0,22.0,33.0,5.0,4.0,1.0,1.0,0.0,1.0,2.0,0.0,0.0,Full Time,guard,%P... Starting in defence,,,,,,,Back,2.0,0.0,0.0,0.0,0.0,0.0,0.0,,,,3.0,0.0,3.0,66.0,62.0,158.0,,False,1863,1430,17,7429_NM,104.40000000000003,0,73.0,0,9.0,9.266666666666667,3.6666666666666665,5.8,4.0,2.533333333333333,1.0,1.6666666666666667,0.0,0.0,0.3333333333333333,0.5333333333333333,1.0,0.3333333333333333,0.0,0.06666666666666667,0.0,0.06666666666666667,0.0,0.0,0.0,0.0,0.0,0.0,3.0,4.733333333333333,0.0,0.3333333333333333,1.3333333333333333,1.7333333333333334,74.33333333333333,74.53333333333333,72.0,79.4,159.33333333333334,,996.0,1510.8,1187.3333333333333,1549.9333333333334,62.0,63.2,56.6,37.333333333333336,1,guard,27,88.91039987034421,-61.91039987034421
91402,7429,http://live.fanfooty.com.au/game/matchcentre.html?id=7429,R16,2020,290733.0,Cameron,Sutcliffe,PA,2.0,25.0,54,22.0,16.0,24.0,3.0,2.0,0.0,3.0,0.0,0.0,0.0,0.0,0.0,Full Time,guard,%D and %T... Playing a role in defence,,,,,,,Back,50.0,4.0,0.0,0.0,0.0,0.0,0.0,,,,1.0,0.0,0.0,80.0,84.0,92.0,,False,1430,1863,17,7429_PA,104.40000000000003,0,73.0,0,4.666666666666667,6.066666666666666,4.0,4.733333333333333,0.6666666666666666,2.3333333333333335,2.0,2.4,0.0,0.0,0.0,0.6,0.0,0.7333333333333333,0.3333333333333333,0.4666666666666667,0.6666666666666666,0.4,0.0,0.02333333333333333,0.0,0.03066666666666667,0.0,0.03133333333333334,2.3333333333333335,3.533333333333333,0.0,0.5333333333333333,1.0,2.0,61.333333333333336,70.13333333333334,79.66666666666667,77.53333333333333,103.33333333333333,,1813.6666666666667,1620.5333333333333,1460.6666666666667,1648.4666666666667,52.45,46.5,43.4,47.666666666666664,1,guard,54,76.32701621138338,-22.32701621138338
91430,7430,http://live.fanfooty.com.au/game/matchcentre.html?id=7430,R16,2020,280969.0,Tom,Scully,HW,14.0,68.0,91,44.0,58.0,79.0,10.0,9.0,4.0,1.0,0.0,0.0,1.0,1.0,1.0,Full Time,wing,%P and %M plus %s... Running on the outside,,,,,,,Midfielder,21.0,0.0,0.0,0.0,0.0,0.0,0.0,,,,5.0,1.0,3.0,73.0,93.0,354.0,,False,1808,1474,17,7430_HW,104.40000000000003,0,73.0,1,8.333333333333334,7.2,9.0,6.0,2.0,2.3333333333333335,1.6666666666666667,1.2,0.0,0.0,0.3333333333333333,0.26666666666666666,0.3333333333333333,0.7333333333333333,1.0,0.26666666666666666,0.3333333333333333,0.13333333333333333,0.0,0.0,0.0,0.0,0.0,0.0,3.6666666666666665,3.8,0.6666666666666666,0.5333333333333333,2.3333333333333335,2.8666666666666667,68.33333333333333,57.86666666666667,90.0,83.86666666666666,271.6666666666667,,1504.0,1527.0666666666666,1777.3333333333333,1748.9333333333334,57.0,55.8,63.6,74.0,1,wing,91,62.39381102673185,28.606188973268146
91500,7432,http://live.fanfooty.com.au/game/matchcentre.html?id=7432,R16,2020,290073.0,Sam,Lloyd,WB,10.0,51.0,69,64.0,42.0,55.0,7.0,5.0,2.0,2.0,0.0,2.0,1.0,1.0,1.0,Full Time,wing,%s from %P and %M plus %T... Playing at half forward,,,,,,,Forward,22.0,0.0,0.0,0.0,0.0,0.0,0.0,,,,5.0,2.0,1.0,66.0,75.0,285.0,,False,1574,1709,17,7432_WB,104.40000000000003,0,73.0,0,6.0,7.0,3.6666666666666665,3.8666666666666667,3.0,3.7333333333333334,2.0,1.9333333333333333,0.0,0.0,1.0,0.7333333333333333,1.0,0.4,1.3333333333333333,1.0666666666666667,0.3333333333333333,1.0,0.0,0.0,0.0,0.0,0.0,0.0,4.333333333333333,3.6666666666666665,1.3333333333333333,0.4666666666666667,1.3333333333333333,1.5333333333333334,78.66666666666667,65.8,75.66666666666667,77.0,190.33333333333334,,1757.0,1658.6,1523.6666666666667,1609.0,63.85,50.7,66.6,65.0,1,wing,69,61.50423987169103,7.495760128308973
91516,7432,http://live.fanfooty.com.au/game/matchcentre.html?id=7432,R16,2020,281281.0,Lewis,Jetta,WC,14.0,65.0,94,47.0,49.0,69.0,10.0,5.0,4.0,4.0,0.0,0.0,1.0,0.0,0.0,Full Time,guard,%D and %M with %T... Starting at half back,,,,,,,Midfielder,23.0,0.0,0.0,0.0,0.0,0.0,0.0,,,,3.0,1.0,1.0,86.0,87.0,334.0,,False,1709,1574,17,7432_WC,104.40000000000003,0,73.0,1,9.0,12.333333333333334,5.0,3.8,2.6666666666666665,3.6,2.6666666666666665,2.0,0.0,0.0,0.0,0.26666666666666666,1.0,0.4666666666666667,0.0,0.06666666666666667,0.6666666666666666,0.13333333333333333,0.0,0.0,0.0,0.0,0.0,0.0,3.3333333333333335,3.1333333333333333,1.0,0.4,3.0,2.066666666666667,65.66666666666667,76.4,84.33333333333333,84.93333333333334,290.0,,1572.6666666666667,1614.0,1712.0,1662.0,71.75,74.0,61.6,58.0,1,guard,94,91.75335465498507,2.246645345014926
91599,7434,http://live.fanfooty.com.au/game/matchcentre.html?id=7434,R16,2020,270811.0,Sam,Jacobs,WS,29.0,102.0,127,96.0,80.0,101.0,8.0,6.0,4.0,7.0,20.0,0.0,0.0,1.0,0.0,Full Time,hot,%H... also %D and %M with %T... %s as well,ruck,First ruck,,,,,Ruck,10.0,0.0,0.0,0.0,0.0,0.0,0.0,,,,11.0,2.0,1.0,57.0,81.0,144.0,,False,1699,1576,17,7434_WS,104.40000000000003,1,73.0,1,5.666666666666667,5.466666666666667,4.666666666666667,4.8,3.0,2.466666666666667,3.3333333333333335,2.4,21.0,31.266666666666666,0.6666666666666666,0.7333333333333333,0.3333333333333333,0.8,0.3333333333333333,0.13333333333333333,0.0,0.4,0.0,0.588,0.0,0.3686666666666667,0.0,2.2,8.0,6.2,2.3333333333333335,2.6,1.3333333333333333,1.9333333333333333,69.0,65.0,81.66666666666667,81.33333333333333,100.66666666666667,,1628.0,1638.0666666666666,1643.3333333333333,1622.5333333333333,86.55,94.1,96.8,105.0,1,hot,127,81.45735818553722,45.54264181446278
91900,7442,http://live.fanfooty.com.au/game/matchcentre.html?id=7442,R17,2020,250417.0,Bryce,Gibbs,AD,18.0,90.0,106,50.0,74.0,103.0,16.0,11.0,6.0,1.0,0.0,0.0,1.0,0.0,1.0,Full Time,cherry,%D and %M plus %s,guard,Starting at half back,,,,,Midfielder,6.0,0.0,0.0,0.0,0.0,0.0,0.0,,,,6.0,1.0,3.0,77.0,79.0,549.0,,False,1533,1712,18,7442_AD,101.0,1,74.0,1,8.333333333333334,11.933333333333334,7.0,7.0,3.0,3.8,1.0,3.3333333333333335,0.0,0.0,0.3333333333333333,0.7333333333333333,1.3333333333333333,0.6,0.0,0.13333333333333333,0.3333333333333333,0.13333333333333333,0.0,0.0,0.0,0.0,0.0,0.0,3.6666666666666665,5.133333333333334,0.3333333333333333,1.9333333333333333,2.6666666666666665,2.2666666666666666,79.0,69.93333333333334,79.33333333333333,76.13333333333334,264.3333333333333,,1515.6666666666667,1606.2,1739.0,1655.2666666666667,76.35,66.5,54.8,60.0,1,cherry,106,69.0764628452082,36.9235371547918
91962,7443,http://live.fanfooty.com.au/game/matchcentre.html?id=7443,R17,2020,270732.0,Matt,Suckling,WB,2.0,30.0,32,18.0,25.0,33.0,5.0,3.0,3.0,0.0,0.0,0.0,0.0,0.0,0.0,Full Time,wing,%M and %P... Coming off a HFF,,,,,,,Back,1.0,0.0,0.0,0.0,0.0,0.0,0.0,,,,2.0,0.0,1.0,75.0,69.0,69.0,,False,1417,1864,18,7443_WB,101.0,0,74.0,0,5.666666666666667,11.866666666666667,2.0,4.533333333333333,4.0,4.533333333333333,0.0,1.4,0.0,0.0,0.3333333333333333,0.6,0.6666666666666666,0.4666666666666667,0.6666666666666666,0.4,0.0,0.2,0.0,0.0,0.0,0.0,0.0,0.0,2.0,3.3333333333333335,0.0,0.06666666666666667,1.3333333333333333,1.7333333333333334,64.66666666666667,75.73333333333333,53.0,72.13333333333334,174.33333333333334,,1684.0,1645.8666666666666,1571.0,1620.3333333333333,71.7,73.7,49.4,48.0,1,wing,32,61.726701337989326,-29.726701337989326
92084,7446,http://live.fanfooty.com.au/game/matchcentre.html?id=7446,R18,2020,261214.0,Will,Schofield,WC,2.0,37.0,66,29.0,26.0,36.0,5.0,3.0,1.0,3.0,0.0,1.0,0.0,0.0,0.0,Full Time,job,%O and %T... In defence on Durdin,,,,,,,Back,31.0,0.0,0.0,0.0,0.0,0.0,0.0,,,,4.0,0.0,0.0,87.0,83.0,142.0,,False,1706,1556,19,7446_WC,100.0,0,73.0,0,4.333333333333333,6.0,2.3333333333333335,2.8,1.3333333333333333,3.466666666666667,2.0,1.8,0.0,0.4,1.3333333333333333,0.6666666666666666,1.0,0.9333333333333333,0.0,0.0,0.0,0.0,0.0,0.0,0.0,0.0,0.0,0.128,3.6666666666666665,3.4,0.0,0.2,1.0,1.4,95.66666666666667,83.6,87.33333333333333,89.53333333333333,,,1491.0,1645.9333333333334,1774.6666666666667,1614.5333333333333,52.5,50.3,51.4,51.666666666666664,1,job,66,44.23576531478314,21.764234685216863
92119,7447,http://live.fanfooty.com.au/game/matchcentre.html?id=7447,R18,2020,240700.0,Heath,Shaw,WS,12.0,68.0,84,32.0,55.0,73.0,15.0,1.0,7.0,1.0,0.0,1.0,2.0,0.0,1.0,Full Time,guard,%O including %K... also %M... and scored %s... Playing small defender,,,,,,,Back,23.0,0.0,0.0,0.0,0.0,0.0,0.0,,,,2.0,1.0,3.0,81.0,82.0,339.0,,False,1649,1640,19,7447_WS,100.0,0,73.0,1,10.333333333333334,10.0,1.6666666666666667,2.8,4.333333333333333,4.666666666666667,3.0,2.2666666666666666,0.0,0.06666666666666667,0.3333333333333333,0.4666666666666667,1.6666666666666667,1.0,0.3333333333333333,0.2,0.3333333333333333,0.06666666666666667,0.0,0.0,0.0,0.0,0.0,0.0,2.6666666666666665,3.466666666666667,0.6666666666666666,0.4,2.0,2.3333333333333335,80.33333333333333,77.93333333333334,86.0,88.93333333333334,217.0,219.6,1622.6666666666667,1674.8,1652.3333333333333,1594.0666666666666,76.5,74.1,73.8,76.66666666666667,1,guard,84,96.15754919621489,-12.157549196214887
92197,7449,http://live.fanfooty.com.au/game/matchcentre.html?id=7449,R18,2020,280934.0,Daniel,Talia,AD,2.0,24.0,41,31.0,17.0,24.0,3.0,3.0,0.0,2.0,0.0,1.0,0.0,0.0,0.0,Full Time,job,%O and %T... At CHB on Chol,,,,,,,Back,12.0,0.0,0.0,0.0,0.0,0.0,0.0,,,,3.0,1.0,0.0,100.0,87.0,116.0,,False,1617,1634,19,7449_AD,100.0,0,73.0,0,4.0,6.6,4.333333333333333,3.2,2.0,4.0,1.0,1.2,0.0,0.0,0.3333333333333333,0.8666666666666667,0.0,0.6,0.0,0.0,0.0,0.0,0.0,0.0,0.0,0.0,0.0,0.0,3.0,3.933333333333333,0.3333333333333333,0.3333333333333333,0.6666666666666666,1.2,84.66666666666667,78.2,90.33333333333333,90.73333333333333,142.0,,1714.0,1525.5333333333333,1557.0,1742.8,72.3,72.7,59.4,51.333333333333336,1,job,41,56.07105278349425,-15.071052783494252
92248,7450,http://live.fanfooty.com.au/game/matchcentre.html?id=7450,R18,2020,230202.0,Kade,Simpson,CA,14.0,75.0,77,35.0,55.0,78.0,16.0,3.0,2.0,3.0,0.0,0.0,1.0,1.0,0.0,Full Time,heart,Ran his moosh into the head of McStay in Q1 leaving him sore... %P with %k by foot... also %T and %M... and booted %s,guard,Lurking at half back,,,,,Back,6.0,0.0,0.0,0.0,0.0,0.0,0.0,,,,2.0,1.0,4.0,63.0,90.0,523.0,,True,1749,1530,19,7450_CA,100.0,0,73.0,1,15.333333333333334,11.666666666666666,3.3333333333333335,3.6,4.0,3.8666666666666667,1.6666666666666667,1.2,0.0,0.0,1.0,0.6,1.0,0.4,0.3333333333333333,0.06666666666666667,0.0,0.0,0.0,0.0,0.0,0.0,0.0,0.0,3.6666666666666665,4.0,1.0,0.3333333333333333,3.0,1.8,78.33333333333333,77.2,85.0,81.8,455.0,286.3333333333333,1621.0,1506.6,1645.3333333333333,1545.8,72.75,72.7,87.0,91.0,1,heart,77,80.33347980004874,-3.3334798000487353
92274,7451,http://live.fanfooty.com.au/game/matchcentre.html?id=7451,R18,2020,260710.0,Paul,Puopolo,HW,16.0,65.0,111,79.0,53.0,66.0,6.0,5.0,2.0,3.0,0.0,1.0,0.0,3.0,0.0,Full Time,heart,Quad problems at QT... %s from %P and %M plus %T,pocket,Starting deep forward,,,,,Forward,28.0,0.0,0.0,0.0,0.0,0.0,0.0,,,,7.0,1.0,0.0,81.0,79.0,200.0,,True,1334,1917,19,7451_HW,100.0,1,73.0,1,4.0,5.0,5.0,6.6,1.0,1.4666666666666666,3.0,3.933333333333333,0.0,0.0,0.6666666666666666,0.9333333333333333,0.6666666666666666,0.8,1.0,0.4666666666666667,0.0,0.4,0.0,0.0,0.0,0.0,0.0,0.0,5.666666666666667,6.6,1.0,0.6,1.0,1.8666666666666667,72.66666666666667,69.66666666666667,76.0,79.06666666666666,101.33333333333333,,1628.3333333333333,1622.0666666666666,1647.0,1651.8666666666666,64.1,60.0,60.2,68.0,1,heart,111,65.21488457493768,45.785115425062315
92278,7451,http://live.fanfooty.com.au/game/matchcentre.html?id=7451,R18,2020,280471.0,Ben,Stratton,HW,11.0,60.0,65,74.0,51.0,66.0,5.0,8.0,5.0,2.0,0.0,0.0,0.0,1.0,0.0,Full Time,rock,%P and %M plus %T... %s as well,switch,In defence... switched forward in Q4 of his farewell game,,,,,Back,24.0,0.0,0.0,0.0,0.0,0.0,0.0,,,,1.0,0.0,0.0,84.0,94.0,135.0,,False,1334,1917,19,7451_HW,100.0,0,73.0,0,6.666666666666667,4.866666666666666,4.666666666666667,4.333333333333333,4.333333333333333,3.066666666666667,1.0,1.3333333333333333,0.0,0.0,0.6666666666666666,0.4666666666666667,1.0,0.9333333333333333,0.3333333333333333,0.06666666666666667,0.0,0.0,0.0,0.0,0.0,0.0,0.0,0.0,2.6666666666666665,3.6,0.0,0.0,2.0,2.533333333333333,72.33333333333333,70.53333333333333,94.33333333333333,92.46666666666667,142.0,,1616.3333333333333,1545.0666666666666,1649.0,1728.0666666666666,43.8,43.2,45.4,52.666666666666664,1,rock,65,50.64906257827373,14.350937421726272
92327,7452,http://live.fanfooty.com.au/game/matchcentre.html?id=7452,R18,2020,294663.0,Jackson,Thurlow,SY,3.0,36.0,53,48.0,31.0,45.0,7.0,4.0,3.0,1.0,0.0,0.0,2.0,0.0,0.0,Full Time,guard,%M and %P... Playing on a HBF,,,,,,,Back,6.0,0.0,0.0,0.0,0.0,0.0,0.0,,,,3.0,0.0,2.0,63.0,69.0,204.0,,False,1613,1640,19,7452_SY,100.0,0,73.0,0,7.0,8.8,4.0,4.6,2.0,3.6666666666666665,1.6666666666666667,2.2666666666666666,0.0,0.0,0.0,0.4,0.6666666666666666,0.5333333333333333,0.0,0.2,0.0,0.13333333333333333,0.0,0.0,0.0,0.0,0.0,0.0,3.3333333333333335,4.0,0.0,0.6666666666666666,0.6666666666666666,1.9333333333333333,78.0,70.53333333333333,75.66666666666667,73.46666666666667,181.0,,1579.0,1609.4,1680.0,1660.3333333333333,65.45,68.6,66.2,66.33333333333333,1,guard,53,87.34456916927113,-34.344569169271125
92338,7452,http://live.fanfooty.com.au/game/matchcentre.html?id=7452,R18,2020,270912.0,Jack,Steven,GE,5.0,63.0,60,47.0,48.0,63.0,9.0,4.0,5.0,3.0,0.0,1.0,0.0,0.0,0.0,Full Time,wing,%D and %M with %T... Rotating midfield and forward,,,,,,,Midfielder,9.0,0.0,0.0,0.0,0.0,0.0,0.0,,,,4.0,1.0,0.0,61.0,65.0,176.0,,False,1640,1613,19,7452_GE,100.0,0,73.0,0,9.0,9.866666666666667,8.333333333333334,7.333333333333333,3.3333333333333335,3.3333333333333335,5.333333333333333,3.533333333333333,0.0,0.0,1.3333333333333333,1.6666666666666667,0.0,0.6666666666666666,0.0,0.4,0.3333333333333333,0.4,0.0,0.0,0.0,0.0,0.0,0.0,5.333333333333333,5.6,3.0,2.6,1.0,2.533333333333333,63.0,66.46666666666667,64.0,68.93333333333334,208.0,,1711.6666666666667,1679.8666666666666,1543.0,1584.8666666666666,76.15,70.3,83.8,76.0,1,wing,60,73.80714302469717,-13.807143024697169
92356,7453,http://live.fanfooty.com.au/game/matchcentre.html?id=7453,R18,2020,280336.0,Stephen,Hill,FR,7.0,65.0,75,83.0,50.0,69.0,13.0,6.0,3.0,1.0,0.0,1.0,0.0,0.0,0.0,Full Time,guard,%O and %M... Starting at half back,,,,,,,Midfielder,32.0,0.0,0.0,0.0,0.0,0.0,0.0,,,,3.0,0.0,2.0,68.0,88.0,344.0,,False,1729,1541,19,7453_FR,100.0,0,73.0,1,10.0,7.533333333333333,6.0,5.266666666666667,4.0,2.933333333333333,3.6666666666666665,1.7333333333333334,0.0,0.0,1.0,0.4666666666666667,0.0,0.6666666666666666,0.0,0.06666666666666667,0.0,0.0,0.0,0.0,0.0,0.0,0.0,0.0,3.0,3.933333333333333,0.6666666666666666,0.4,2.3333333333333335,2.0,64.33333333333333,69.13333333333334,86.0,76.93333333333334,292.6666666666667,,1802.0,1675.0,1466.6666666666667,1592.2,62.4,62.7,65.4,81.0,1,guard,75,89.00473399859902,-14.004733998599022
92414,7454,http://live.fanfooty.com.au/game/matchcentre.html?id=7454,R18,2020,250290.0,Travis,Varcoe,CO,1.0,19.0,32,24.0,15.0,21.0,4.0,2.0,1.0,0.0,0.0,0.0,0.0,0.0,0.0,Full Time,guard,%P... Starting at half back,,,,,,,Forward,18.0,0.0,0.0,0.0,0.0,0.0,0.0,,,,3.0,0.0,1.0,66.0,64.0,100.0,,False,1594,1681,19,7454_CO,100.0,0,73.0,0,5.666666666666667,6.266666666666667,3.3333333333333335,5.2,2.3333333333333335,3.3333333333333335,1.3333333333333333,1.8,0.0,0.0,0.0,0.0,0.0,0.3333333333333333,0.0,0.4666666666666667,0.3333333333333333,0.4,0.0,0.0,0.0,0.0,0.0,0.0,2.0,2.7333333333333334,0.0,0.2,1.3333333333333333,1.5333333333333334,74.0,78.13333333333334,75.66666666666667,78.26666666666667,170.33333333333334,,1730.0,1690.8,1548.0,1578.8666666666666,56.95,52.9,50.6,40.333333333333336,1,guard,32,80.59010647084949,-48.59010647084949
92636,7459,http://live.fanfooty.com.au/game/matchcentre.html?id=7459,R20,2020,280858.0,Shane,Savage,SK,14.0,69.0,93,36.0,54.0,72.0,13.0,4.0,4.0,1.0,0.0,0.0,0.0,1.0,0.0,Full Time,guard,%O with %k by foot... also %M... and kicked %s... Coming off half back,,,,,,,Back,5.0,0.0,0.0,0.0,0.0,0.0,0.0,,,,3.0,0.0,0.0,76.0,80.0,392.0,,False,1762,1495,21,7459_SK,103.0,0,71.5,1,13.0,12.333333333333334,3.0,5.133333333333334,3.3333333333333335,4.8,2.0,2.466666666666667,0.0,0.0,0.3333333333333333,0.4666666666666667,0.3333333333333333,0.3333333333333333,0.3333333333333333,0.06666666666666667,0.6666666666666666,0.26666666666666666,0.0,0.0,0.0,0.0,0.0,0.0,4.0,4.466666666666667,0.6666666666666666,0.7333333333333333,1.0,2.0,75.66666666666667,80.33333333333333,84.33333333333333,85.66666666666667,,,1598.0,1622.5333333333333,1666.0,1642.6,85.5,84.6,87.6,88.0,1,guard,93,103.21771347856756,-10.21771347856756
92645,7459,http://live.fanfooty.com.au/game/matchcentre.html?id=7459,R20,2020,990548.0,Jonathon,Marsh,SK,2.0,43.0,56,21.0,33.0,46.0,8.0,5.0,0.0,1.0,2.0,1.0,0.0,0.0,2.0,Full Time,spearhead,%s from %O... Playing a forward/ruck role on Astbury,,,,,,,Forward,43.0,0.0,0.0,0.0,0.0,0.0,0.0,,,,8.0,3.0,2.0,38.0,79.0,284.0,,False,1762,1495,21,7459_SK,103.0,0,71.5,0,4.0,5.6,3.6666666666666665,3.6,0.3333333333333333,2.6666666666666665,2.0,2.4,0.6666666666666666,0.13333333333333333,0.3333333333333333,0.7333333333333333,0.0,0.6,0.0,0.2,1.3333333333333333,0.4,0.0,0.5453333333333333,0.0,0.23333333333333334,0.0,0.44666666666666666,4.666666666666667,4.466666666666667,1.3333333333333333,0.3333333333333333,0.6666666666666666,1.7333333333333334,47.333333333333336,66.13333333333334,73.66666666666667,82.33333333333333,144.66666666666666,,1603.3333333333333,1505.8,1664.6666666666667,1539.8666666666666,52.6,44.8,40.4,43.0,1,spearhead,56,58.27374890460202,-2.273748904602023
92694,7461,http://live.fanfooty.com.au/game/matchcentre.html?id=7461,R21,2020,261911.0,Brad,Ebert,PA,20.0,88.0,109,118.0,62.0,87.0,12.0,6.0,4.0,7.0,0.0,0.0,0.0,0.0,0.0,Full Time,injured,Copped a Riewoldt elbow to the head in Q4 and had to come off groggy... %D and %M with %T,wing,Playing a HFF role,,,,,Midfielder,7.0,0.0,0.0,0.0,0.0,0.0,0.0,,,,4.0,3.0,1.0,66.0,76.0,399.0,,True,1540,1724,22,7461_PA,97.0,1,74.5,1,10.333333333333334,9.066666666666666,6.333333333333333,5.266666666666667,3.3333333333333335,3.466666666666667,4.0,3.7333333333333334,0.0,0.0,0.3333333333333333,1.0666666666666667,0.6666666666666666,0.6,1.3333333333333333,0.7333333333333333,1.3333333333333333,0.9333333333333333,0.0,0.0,0.0,0.0,0.0,0.0,6.666666666666667,6.0,1.3333333333333333,1.0,2.6666666666666665,2.8,55.333333333333336,59.733333333333334,82.33333333333333,81.06666666666666,326.6666666666667,,1651.0,1714.7333333333333,1612.0,1549.8666666666666,80.45,75.6,79.8,100.33333333333333,1,injured,109,62.220284292944726,46.779715707055274
92752,7462,http://live.fanfooty.com.au/game/matchcentre.html?id=7462,R21,2020,293479.0,Cam,Ellis-Yolmen,BL,4.0,37.0,46,45.0,33.0,48.0,2.0,10.0,2.0,2.0,0.0,0.0,1.0,0.0,0.0,Full Time,switch,%D with %b by hand... also %M and %T... Playing an unfamiliar defensive forward role... switched to midfield in Q3,,,,,,,Midfielder,28.0,0.0,0.0,0.0,0.0,0.0,0.0,,,,8.0,3.0,3.0,58.0,81.0,58.0,,False,1820,1435,22,7462_BL,97.0,0,74.5,0,4.0,7.266666666666667,7.666666666666667,8.466666666666667,1.0,2.466666666666667,3.0,3.8,0.0,0.0,0.3333333333333333,0.7333333333333333,0.6666666666666666,0.6666666666666666,0.3333333333333333,0.3333333333333333,0.0,0.26666666666666666,0.0,0.0,0.0,0.0,0.0,0.0,8.0,8.8,2.0,3.933333333333333,1.6666666666666667,1.9333333333333333,56.0,66.06666666666666,74.0,70.4,101.33333333333333,,1603.6666666666667,1712.4666666666667,1657.3333333333333,1552.6,79.15,65.2,54.2,66.33333333333333,1,switch,46,89.1835996345856,-43.183599634585605
92817,7463,http://live.fanfooty.com.au/game/matchcentre.html?id=7463,R22,2020,220001.0,Gary,Ablett jnr,GE,2.0,35.0,54,26.0,29.0,42.0,4.0,8.0,1.0,1.0,0.0,0.0,0.0,0.0,0.0,Full Time,heart,Left shoulder injury under a tackle early in Q1... got a jab and returned... %P,wing,Rotating forward and midfield,,,,,Midfielder,4.0,0.0,0.0,0.0,0.0,0.0,0.0,,,,4.0,1.0,0.0,66.0,71.0,185.0,,True,1721,1539,23,7463_GE,99.6,0,68.0,0,5.333333333333333,8.4,6.666666666666667,7.0,2.3333333333333335,2.2,2.0,2.7333333333333334,0.0,0.0,0.0,0.5333333333333333,0.3333333333333333,1.2,0.6666666666666666,0.6666666666666666,1.0,0.6666666666666666,0.0,0.0,0.0,0.0,0.0,0.0,4.666666666666667,6.8,1.6666666666666667,1.3333333333333333,0.6666666666666666,2.933333333333333,73.33333333333333,67.93333333333334,73.66666666666667,83.66666666666667,203.66666666666666,,1838.3333333333333,1720.8666666666666,1424.0,1545.0,85.15,73.8,77.2,77.66666666666667,1,heart,54,79.43807379408435,-25.438073794084346
92822,7463,http://live.fanfooty.com.au/game/matchcentre.html?id=7463,R22,2020,261497.0,Harry,Taylor,GE,1.0,17.0,48,16.0,16.0,24.0,1.0,6.0,0.0,1.0,0.0,1.0,1.0,0.0,0.0,Full Time,job,%O with %b by hand... In defence on Lynch,,,,,,,Back,7.0,0.0,0.0,0.0,0.0,0.0,0.0,,,,6.0,0.0,3.0,57.0,92.0,36.0,,False,1721,1539,23,7463_GE,99.6,0,68.0,0,4.0,6.4,3.0,3.6666666666666665,2.3333333333333335,3.533333333333333,0.6666666666666666,1.5333333333333334,0.0,0.06666666666666667,0.6666666666666666,0.6666666666666666,0.6666666666666666,0.5333333333333333,0.0,0.06666666666666667,0.0,0.0,0.0,0.0,0.0,0.0,0.0,0.0,3.0,3.8,0.0,0.0,1.3333333333333333,1.4666666666666666,71.66666666666667,71.46666666666667,91.66666666666667,88.86666666666666,61.333333333333336,92.8,1838.3333333333333,1792.6666666666667,1424.0,1474.6,62.9,60.5,51.6,42.666666666666664,1,job,48,49.285371195011635,-1.2853711950116349
93000,7604,http://live.fanfooty.com.au/game/matchcentre.html?id=7604,R1,2021,294828.0,Josh,Jenkins,GE,3.0,35.0,43,26.0,30.0,41.0,5.0,3.0,2.0,2.0,3.0,1.0,2.0,0.0,2.0,Full Time,spearhead,%s from %O and %M plus %T... Up forward on Kelly,,,471500.0,,371200.0,,Forward,11.0,0.0,0.0,0.0,0.0,0.0,0.0,561000.0,,,5.0,1.0,4.0,50.0,72.0,187.0,,False,1686,1596,2,7604_GE,97.0,0,72.0,0,6.0,9.0,3.3333333333333335,3.6666666666666665,2.6666666666666665,5.066666666666666,3.3333333333333335,1.7333333333333334,6.333333333333333,5.4,1.3333333333333333,1.3333333333333333,1.0,0.7333333333333333,0.3333333333333333,2.1333333333333333,1.3333333333333333,1.4666666666666666,0.0,0.0,0.0,0.0,0.0,0.19466666666666665,5.666666666666667,5.533333333333333,1.0,0.7333333333333333,1.6666666666666667,2.066666666666667,49.0,59.8,83.0,86.66666666666667,,,1687.0,1689.4666666666667,1586.3333333333333,1571.7333333333333,77.9,69.0,69.6,59.333333333333336,1,spearhead,43,74.30718095464727,-31.307180954647265
93385,7613,http://live.fanfooty.com.au/game/matchcentre.html?id=7613,R2,2021,270919.0,Tom,Rockliff,PA,0.0,0.0,0,0.0,0.0,0.0,0.0,0.0,0.0,0.0,0.0,0.0,0.0,0.0,0.0,Full Time,sub,Started as the medical sub,,,518400.0,,,,Midfielder,11.0,0.0,0.0,0.0,0.0,0.0,0.0,600000.0,,,0.0,0.0,0.0,0.0,0.0,0.0,,False,1385,1911,3,7613_PA,97.0,0,72.0,0,7.0,10.733333333333333,7.0,10.266666666666667,0.3333333333333333,2.0,4.666666666666667,5.866666666666666,0.0,0.0,1.3333333333333333,1.0666666666666667,0.3333333333333333,0.6,0.0,0.26666666666666666,0.0,0.2,0.0,0.0,0.0,0.0,0.0,0.0,7.666666666666667,8.6,3.0,3.8,1.6666666666666667,2.7333333333333334,41.0,63.6,52.666666666666664,74.26666666666667,172.33333333333334,213.33333333333334,1756.6666666666667,1725.9333333333334,1513.3333333333333,1543.3333333333333,96.3,104.6,101.4,73.66666666666667,1,sub,0,74.18090522671096,-74.18090522671096
93494,7615,http://live.fanfooty.com.au/game/matchcentre.html?id=7615,R2,2021,291784.0,Dom,Tyson,NM,4.0,47.0,41,28.0,41.0,54.0,8.0,5.0,5.0,0.0,0.0,1.0,1.0,0.0,0.0,Full Time,spud,Just not AFL standard... %P and %M,shovel,Playing midfield,487400.0,,,,Midfielder,21.0,0.0,0.0,0.0,0.0,0.0,0.0,556000.0,,,5.0,3.0,4.0,76.0,79.0,126.0,,False,1929,1366,3,7615_NM,97.0,0,72.0,0,7.333333333333333,7.8,8.333333333333334,11.333333333333334,5.666666666666667,3.7333333333333334,1.6666666666666667,2.933333333333333,0.0,0.0,0.3333333333333333,0.6666666666666666,1.3333333333333333,1.0,0.0,0.13333333333333333,0.0,0.26666666666666666,0.0,0.024,0.0,0.037333333333333336,0.0,0.09200000000000001,4.0,7.866666666666666,2.0,2.8,3.6666666666666665,3.2,76.66666666666667,71.73333333333333,70.0,68.46666666666667,,,1503.6666666666667,1600.2666666666667,1780.6666666666667,1666.3333333333333,69.25,65.6,59.4,48.666666666666664,1,spud,41,70.07472465856667,-29.074724658566666
94514,7638,http://live.fanfooty.com.au/game/matchcentre.html?id=7638,R5,2021,270861.0,Levi,Greenwood,CO,13.0,74.0,77,47.0,53.0,78.0,13.0,6.0,2.0,5.0,0.0,0.0,1.0,0.0,0.0,Full Time,tagger,%D and %M with %T... Tagging Kelly,,,,,,,Midfielder,19.0,0.0,0.0,0.0,0.0,0.0,0.0,,,,5.0,1.0,2.0,73.0,81.0,282.0,,False,1876,1420,6,7638_CO,97.20000000000005,0,72.0,1,5.666666666666667,7.6,4.0,5.4,1.3333333333333333,2.6666666666666665,3.3333333333333335,2.8666666666666667,0.0,0.0,0.0,0.4666666666666667,1.3333333333333333,0.6,0.0,0.06666666666666667,0.0,0.0,0.0,0.0,0.0,0.0,0.0,0.0,2.3333333333333335,4.066666666666666,0.3333333333333333,0.5333333333333333,2.3333333333333335,2.066666666666667,60.333333333333336,70.33333333333333,64.66666666666667,73.46666666666667,136.0,,1338.6666666666667,1650.0,1951.0,1621.0666666666666,59.75,52.1,51.2,41.333333333333336,1,tagger,77,73.0434267564471,3.9565732435528957
95248,7654,http://live.fanfooty.com.au/game/matchcentre.html?id=7654,R6,2021,290641.0,Jake,Carlisle,SK,8.0,29.0,28,19.0,25.0,31.0,4.0,1.0,0.0,1.0,7.0,1.0,1.0,1.0,0.0,Full Time,sore,Right ankle strapped in Q3 after a knock... %K among %O... and scored %s,spearhead,Up forward on Aliir,,,,,Back,2.0,0.0,0.0,0.0,0.0,0.0,0.0,,,,1.0,0.0,2.0,100.0,66.0,78.0,,True,2007,1287,7,7654_SK,103.20000000000005,0,68.0,0,4.0,7.0,4.333333333333333,3.466666666666667,1.6666666666666667,4.8,3.0,1.6,10.666666666666666,3.7333333333333334,0.6666666666666666,0.6,2.0,0.6666666666666666,0.3333333333333333,0.06666666666666667,0.0,0.13333333333333333,0.0,0.0,0.0,0.0,0.0,0.0,3.6666666666666665,4.2,1.0,0.5333333333333333,3.6666666666666665,1.4666666666666666,80.0,76.8,77.0,86.73333333333333,74.0,122.4,1563.0,1492.2666666666667,1732.6666666666667,1565.5333333333333,64.95,61.8,66.0,50.0,1,sore,28,74.57874167028324,-46.578741670283236
95561,7661,http://live.fanfooty.com.au/game/matchcentre.html?id=7661,R7,2021,250222.0,Nathan,Jones,ME,5.0,58.0,48,46.0,47.0,63.0,7.0,7.0,5.0,2.0,0.0,0.0,0.0,0.0,0.0,Full Time,sub,Started as the medical sub... on in Q1... %O and %M plus %T,guard,In defence,,,,,Midfielder,2.0,0.0,0.0,0.0,0.0,0.0,0.0,,,,3.0,2.0,1.0,85.0,59.0,128.0,,False,1570,1730,8,7661_ME,99.0,0,73.0,0,5.666666666666667,6.666666666666667,7.0,6.6,3.3333333333333335,3.066666666666667,2.0,1.6666666666666667,0.0,0.0,0.6666666666666666,0.4666666666666667,0.3333333333333333,0.3333333333333333,0.0,0.2,0.3333333333333333,0.4,0.0,0.0,0.0,0.0,0.0,0.0,4.0,4.266666666666667,1.3333333333333333,0.6666666666666666,1.6666666666666667,1.8666666666666667,65.66666666666667,64.6,66.66666666666667,71.2,117.66666666666667,182.6,1819.0,1708.6,1468.6666666666667,1570.8666666666666,54.45,46.9,40.0,41.333333333333336,1,sub,48,47.29023586801826,0.7097641319817427
96169,7675,http://live.fanfooty.com.au/game/matchcentre.html?id=7675,R9,2021,294077.0,Michael,Hartley,HW,4.0,46.0,38,60.0,41.0,57.0,7.0,6.0,5.0,1.0,0.0,0.0,2.0,0.0,0.0,Full Time,job,%M and %P... In defence on Garner,,,,,,,Back,27.0,0.0,0.0,0.0,0.0,0.0,0.0,,,,3.0,0.0,4.0,69.0,81.0,206.0,,False,1668,1633,10,7675_HW,98.20000000000005,0,71.0,0,13.0,9.666666666666666,5.666666666666667,4.8,4.666666666666667,4.6,1.6666666666666667,1.8,0.0,0.26666666666666666,0.3333333333333333,0.4,1.0,1.0666666666666667,0.3333333333333333,0.06666666666666667,0.3333333333333333,0.06666666666666667,0.0,0.14933333333333335,0.0,0.08066666666666666,0.0,0.15133333333333335,4.333333333333333,4.4,0.6666666666666666,0.3333333333333333,2.3333333333333335,2.066666666666667,69.33333333333333,82.4,89.33333333333333,92.26666666666667,357.0,,1659.0,1625.1333333333334,1641.0,1648.2666666666667,71.45,75.6,79.0,75.33333333333333,1,job,38,63.820912317318964,-25.820912317318964
96643,7685,http://live.fanfooty.com.au/game/matchcentre.html?id=7685,R10,2021,281280.0,Neville,Jetta,ME,3.0,40.0,43,34.0,29.0,39.0,5.0,2.0,3.0,3.0,0.0,0.0,0.0,0.0,0.0,Full Time,in,%l Christian Salem... %D including %K... also %M and %T,guard,Driving from half back,,,,,Back,39.0,0.0,0.0,0.0,0.0,0.0,0.0,,,,2.0,0.0,1.0,85.0,65.0,86.0,,False,1674,1626,11,7685_ME,99.20000000000005,0,71.0,0,4.0,4.066666666666666,3.0,4.2,2.0,2.2,1.6666666666666667,1.7333333333333334,0.0,0.0,1.0,1.0,0.6666666666666666,0.9333333333333333,0.0,0.0,0.0,0.0,0.0,0.0,0.0,0.0,0.0,0.0,4.333333333333333,4.4,0.6666666666666666,0.13333333333333333,2.3333333333333335,1.7333333333333334,87.33333333333333,81.46666666666667,69.0,72.4,58.666666666666664,,1697.6666666666667,1629.5333333333333,1601.6666666666667,1648.6,43.0,36.3,43.0,36.666666666666664,1,in,43,38.84168686036493,4.158313139635069
96681,7686,http://live.fanfooty.com.au/game/matchcentre.html?id=7686,R10,2021,280038.0,Shaun,McKernan,SK,11.0,60.0,36,39.0,51.0,64.0,9.0,2.0,4.0,1.0,9.0,0.0,1.0,1.0,1.0,Full Time,spearhead,%s from %P and %M... Playing a ruck/forward role... Cordy following him,,,,,,,Forward,27.0,0.0,0.0,0.0,0.0,0.0,0.0,,,,5.0,1.0,5.0,36.0,78.0,102.0,,False,1947,1350,11,7686_SK,99.20000000000005,0,71.0,0,6.333333333333333,6.533333333333333,3.6666666666666665,2.8666666666666667,2.6666666666666665,3.8666666666666667,1.3333333333333333,1.6,9.0,6.0,0.3333333333333333,0.5333333333333333,1.3333333333333333,1.9333333333333333,0.6666666666666666,0.6666666666666666,0.3333333333333333,0.5333333333333333,0.0,0.0,0.0,0.0,0.0,0.0,6.0,5.666666666666667,1.0,1.1333333333333333,5.0,4.2,47.666666666666664,53.266666666666666,77.33333333333333,78.93333333333334,95.66666666666667,,1397.0,1558.1333333333334,1895.6666666666667,1719.0666666666666,55.55,39.2,42.6,38.666666666666664,1,spearhead,36,63.323856235723575,-27.323856235723575
96687,7686,http://live.fanfooty.com.au/game/matchcentre.html?id=7686,R10,2021,260288.0,James,Frawley,SK,5.0,47.0,37,35.0,38.0,51.0,7.0,3.0,5.0,2.0,0.0,0.0,1.0,0.0,0.0,Full Time,sore,Shoulder soreness late in the second... %O and %M plus %T,job,On Naughton,,,,,Back,24.0,0.0,0.0,0.0,0.0,0.0,0.0,,,,2.0,0.0,2.0,70.0,77.0,155.0,,True,1947,1350,11,7686_SK,99.20000000000005,0,71.0,0,5.666666666666667,5.666666666666667,5.0,3.533333333333333,5.0,3.2,1.3333333333333333,0.8,0.0,0.0,0.0,0.4,1.0,0.8666666666666667,0.0,0.0,0.0,0.0,0.0,0.0,0.0,0.0,0.0,0.0,2.3333333333333335,3.2666666666666666,0.0,0.0,1.6666666666666667,1.4666666666666666,83.33333333333333,82.4,78.0,86.2,168.66666666666666,136.4,1595.0,1514.1333333333334,1687.3333333333333,1765.0666666666666,55.3,53.8,53.4,46.333333333333336,1,sore,37,67.82841369940088,-30.828413699400883
97045,7694,http://live.fanfooty.com.au/game/matchcentre.html?id=7694,R11,2021,992015.0,Connor,Menadue,NM,4.0,49.0,52,36.0,43.0,57.0,6.0,8.0,5.0,0.0,0.0,0.0,0.0,0.0,0.0,Full Time,guard,%P and %M... Rotating at half back,,,,,,,Midfielder,31.0,0.0,0.0,0.0,0.0,0.0,0.0,,,,4.0,1.0,2.0,78.0,78.0,152.0,,False,1766,1532,12,7694_NM,100.0,0,71.0,0,5.666666666666667,8.933333333333334,6.333333333333333,5.466666666666667,5.0,4.066666666666666,0.3333333333333333,1.6666666666666667,0.0,0.0,0.0,0.8,0.0,0.4666666666666667,0.0,0.0,0.0,0.13333333333333333,0.0,0.008,0.0,0.014666666666666666,0.0,0.024000000000000004,3.0,5.0,0.3333333333333333,0.5333333333333333,0.6666666666666666,1.6,88.33333333333333,79.13333333333334,74.0,74.73333333333333,130.33333333333334,,1543.3333333333333,1587.0,1754.6666666666667,1692.0,58.3,59.6,58.0,51.0,1,guard,52,82.13880680952329,-30.138806809523288
97196,7698,http://live.fanfooty.com.au/game/matchcentre.html?id=7698,R11,2021,294737.0,Callum,Sinclair,SY,11.0,73.0,86,86.0,63.0,75.0,6.0,6.0,3.0,2.0,24.0,2.0,0.0,0.0,0.0,Full Time,ruck,%H... also %D and %T... First ruck,,,,,,,Ruck,18.0,0.0,0.0,0.0,0.0,0.0,0.0,,,,8.0,5.0,1.0,83.0,85.0,138.0,,False,1423,1868,12,7698_SY,100.0,0,71.0,1,4.0,4.866666666666666,5.0,4.333333333333333,2.0,2.533333333333333,2.6666666666666665,2.6,15.0,23.066666666666666,1.3333333333333333,1.2666666666666666,0.6666666666666666,1.5333333333333334,0.3333333333333333,0.2,0.0,0.2,0.0,0.0,0.0,0.0,0.0,0.0,6.666666666666667,5.533333333333333,2.6666666666666665,2.3333333333333335,3.0,3.066666666666667,81.0,70.8,82.0,82.06666666666666,77.66666666666667,110.73333333333333,1698.3333333333333,1618.0,1585.6666666666667,1656.6,76.7,77.9,85.2,73.0,1,ruck,86,83.93161297138494,2.0683870286150636
97231,7698,http://live.fanfooty.com.au/game/matchcentre.html?id=7698,R11,2021,296200.0,Michael,Gibbons,CA,2.0,24.0,44,20.0,19.0,27.0,3.0,3.0,1.0,2.0,0.0,1.0,1.0,0.0,0.0,Full Time,injured,Right concern late in the second term... %P and %T,subbed,Subbed midway through the third,,,,,Midfielder,40.0,0.0,0.0,0.0,0.0,0.0,0.0,,,,4.0,0.0,1.0,100.0,47.0,35.0,,True,1868,1423,12,7698_CA,100.0,0,71.0,0,6.333333333333333,9.2,4.333333333333333,5.333333333333333,3.6666666666666665,3.8,2.3333333333333335,2.8,0.0,0.0,0.3333333333333333,0.6,0.6666666666666666,0.6666666666666666,0.6666666666666666,0.7333333333333333,0.0,0.4,0.0,0.0,0.0,0.0,0.0,0.0,2.6666666666666665,4.866666666666666,0.6666666666666666,1.6666666666666667,1.3333333333333333,2.2666666666666666,84.66666666666667,67.4,65.33333333333333,73.93333333333334,148.0,264.46666666666664,1544.6666666666667,1588.2666666666667,1751.0,1679.7333333333333,67.95,63.3,62.4,57.0,1,injured,44,48.797644061538136,-4.797644061538136
97356,7701,http://live.fanfooty.com.au/game/matchcentre.html?id=7701,R12,2021,260113.0,Jarryn,Geary,SK,13.0,64.0,50,50.0,52.0,69.0,8.0,7.0,6.0,2.0,0.0,0.0,0.0,0.0,0.0,Full Time,injured,Off in Q4 with a right shoulder injury... %P and %M plus %T,guard,Playing small defender,,,,,Back,14.0,0.0,0.0,0.0,0.0,0.0,0.0,,,,1.0,0.0,1.0,80.0,63.0,73.0,,True,1682,1603,13,7701_SK,98.20000000000002,0,71.0,0,7.333333333333333,5.733333333333333,6.0,5.533333333333333,5.0,3.7333333333333334,2.3333333333333335,1.8,0.0,0.0,0.0,0.4,1.3333333333333333,0.6666666666666666,0.3333333333333333,0.26666666666666666,0.3333333333333333,0.13333333333333333,0.0,0.0,0.0,0.0,0.0,0.0,3.3333333333333335,3.8,0.0,0.7333333333333333,1.6666666666666667,1.3333333333333333,69.33333333333333,77.93333333333334,71.0,79.66666666666667,125.66666666666667,105.33333333333333,1573.0,1628.1333333333334,1720.3333333333333,1647.7333333333333,58.1,67.0,69.0,55.333333333333336,1,injured,50,44.95132005061337,5.0486799493866314
97411,7702,http://live.fanfooty.com.au/game/matchcentre.html?id=7702,R12,2021,1003029.0,Brayden,Sier,CO,6.0,29.0,21,32.0,19.0,27.0,2.0,2.0,1.0,4.0,0.0,0.0,0.0,0.0,0.0,Full Time,injured,Jaw injury in Q2 and subbed off at HT... %O and %T,subbed,Rotating in midfield,,,,,Midfielder,36.0,0.0,0.0,0.0,0.0,0.0,0.0,,,,2.0,0.0,0.0,50.0,25.0,31.0,,True,1612,1675,13,7702_CO,98.20000000000002,0,71.0,0,5.333333333333333,4.8,6.333333333333333,8.6,4.333333333333333,1.4666666666666666,2.3333333333333335,2.8,0.0,0.0,0.3333333333333333,0.4,0.0,0.7333333333333333,0.0,0.26666666666666666,0.0,0.06666666666666667,0.0,0.0,0.0,0.0,0.0,0.0,5.666666666666667,6.8,1.6666666666666667,2.933333333333333,0.3333333333333333,2.2666666666666666,62.333333333333336,68.06666666666666,46.0,57.8,110.33333333333333,,1565.6666666666667,1607.6666666666667,1728.6666666666667,1677.4,55.6,53.1,43.6,39.0,1,injured,21,42.041420209572365,-21.041420209572365
97430,7703,http://live.fanfooty.com.au/game/matchcentre.html?id=7703,R12,2021,295599.0,Patrick,Ambrose,ES,2.0,21.0,22,26.0,16.0,22.0,1.0,4.0,0.0,2.0,0.0,1.0,0.0,0.0,1.0,Full Time,sub,Started as the medical sub... on in Q1... %D including %B... also %T... and booted %s,wing,Playing a forward role,,,,,Back,29.0,0.0,0.0,0.0,0.0,0.0,0.0,,,,4.0,0.0,0.0,60.0,56.0,50.0,,False,1756,1542,13,7703_ES,98.20000000000002,0,71.0,0,7.333333333333333,6.2,5.0,4.533333333333333,5.0,4.133333333333334,2.3333333333333335,2.4,0.0,0.0,1.0,0.8666666666666667,1.3333333333333333,1.1333333333333333,0.0,0.0,0.6666666666666666,0.26666666666666666,0.0,0.0,0.0,0.0,0.0,0.0,4.0,4.533333333333333,0.0,0.13333333333333333,2.0,2.066666666666667,75.66666666666667,78.2,80.0,87.6,,,1504.0,1574.0666666666666,1772.3333333333333,1697.4666666666667,52.75,52.0,55.2,56.333333333333336,1,sub,22,48.53078347865024,-26.530783478650243
97645,7708,http://live.fanfooty.com.au/game/matchcentre.html?id=7708,R13,2021,998115.0,Taylin,Duman,FR,14.0,87.0,91,112.0,73.0,96.0,14.0,8.0,9.0,1.0,0.0,1.0,1.0,0.0,0.0,Full Time,job,%M and %D... In defence on Burgess,,,,,,,Back,44.0,0.0,0.0,0.0,0.0,0.0,0.0,,,,5.0,0.0,2.0,81.0,83.0,160.0,0.0,False,1480,1824,14,7708_FR,99.0,0,72.0,1,9.0,8.133333333333333,6.333333333333333,5.266666666666667,5.333333333333333,3.533333333333333,2.3333333333333335,1.9333333333333333,0.0,0.0,0.3333333333333333,0.6,0.3333333333333333,0.6666666666666666,0.0,0.0,0.0,0.0,0.0,0.0,0.0,0.0,0.0,0.0,3.0,4.333333333333333,0.0,0.26666666666666666,1.0,1.8,76.33333333333333,71.13333333333334,79.33333333333333,77.46666666666667,118.0,170.53333333333333,1605.0,1669.4666666666667,1673.3333333333333,1608.4666666666667,64.5,62.8,65.4,68.66666666666667,1,job,91,56.968876533775614,34.031123466224386
97647,7708,http://live.fanfooty.com.au/game/matchcentre.html?id=7708,R13,2021,290823.0,Reece,Conca,FR,19.0,85.0,68,115.0,67.0,90.0,12.0,5.0,8.0,5.0,0.0,1.0,2.0,0.0,0.0,Full Time,guard,%O including %K... also %M and %T... Starting at half back,,,,,,,Midfielder,6.0,0.0,0.0,0.0,0.0,0.0,0.0,,,,4.0,0.0,4.0,82.0,86.0,170.0,0.0,False,1480,1824,14,7708_FR,99.0,0,72.0,0,9.333333333333334,8.133333333333333,6.333333333333333,5.933333333333334,5.0,3.6666666666666665,3.3333333333333335,2.2,0.0,0.0,1.0,0.6,0.6666666666666666,1.0666666666666667,0.0,0.0,0.0,0.0,0.0,0.0,0.0,0.0,0.0,0.0,4.0,3.933333333333333,0.0,0.26666666666666666,2.0,2.533333333333333,82.33333333333333,79.4,82.0,83.0,193.33333333333334,183.66666666666666,1601.6666666666667,1634.2,1693.3333333333333,1640.8,64.75,59.3,57.8,61.0,1,guard,68,90.94009411580642,-22.940094115806417
97697,7709,http://live.fanfooty.com.au/game/matchcentre.html?id=7709,R13,2021,992000.0,Jack,Lonie,SK,8.0,57.0,33,75.0,40.0,53.0,9.0,3.0,1.0,4.0,0.0,3.0,0.0,0.0,2.0,Full Time,wing,%s from %D and %T... aided by %4FF... Starting on a HFF,,,,,,,Forward,13.0,0.0,0.0,0.0,0.0,0.0,0.0,,,,4.0,0.0,5.0,41.0,86.0,294.0,0.0,False,1519,1781,14,7709_SK,99.0,0,72.0,0,6.0,6.933333333333334,3.0,3.3333333333333335,0.6666666666666666,2.7333333333333334,2.0,1.8,0.0,0.0,1.0,1.0,0.0,0.13333333333333333,0.0,0.6666666666666666,0.6666666666666666,0.6,0.0,0.0,0.0,0.0,0.0,0.0,2.6666666666666665,3.066666666666667,0.3333333333333333,0.3333333333333333,2.6666666666666665,1.2,29.0,59.333333333333336,55.666666666666664,75.0,155.66666666666666,164.66666666666666,1632.3333333333333,1599.0666666666666,1666.0,1691.5333333333333,50.05,41.6,32.8,22.333333333333332,1,wing,33,51.81173455863402,-18.811734558634022
97747,7710,http://live.fanfooty.com.au/game/matchcentre.html?id=7710,R13,2021,296078.0,Taylor,Garner,NM,3.0,30.0,33,42.0,25.0,36.0,5.0,2.0,3.0,2.0,0.0,0.0,2.0,0.0,0.0,Full Time,injured,Carried off late in Q4 with a left leg injury... %P including %K... also %M and %T,wing,Starting forward,,,,,Forward,6.0,0.0,0.0,0.0,0.0,0.0,0.0,,,,1.0,0.0,3.0,57.0,79.0,112.0,1.0,True,1656,1645,14,7710_NM,99.0,0,72.0,0,8.333333333333334,7.266666666666667,5.333333333333333,5.666666666666667,5.333333333333333,3.8666666666666667,1.0,2.6,0.0,0.0,1.0,0.5333333333333333,1.0,0.7333333333333333,1.3333333333333333,0.8666666666666667,0.0,0.4666666666666667,0.0,0.0,0.0,0.0,0.0,0.0,4.333333333333333,5.333333333333333,0.0,0.4666666666666667,2.6666666666666665,2.4,75.66666666666667,65.93333333333334,80.33333333333333,75.33333333333333,181.33333333333334,,1535.6666666666667,1616.4,1762.3333333333333,1662.7333333333333,65.45,61.8,60.6,55.666666666666664,1,injured,33,50.678634339648305,-17.678634339648305
97857,7712,http://live.fanfooty.com.au/game/matchcentre.html?id=7712,R13,2021,290623.0,Josh,Caddy,RI,8.0,53.0,58,41.0,43.0,61.0,6.0,10.0,2.0,2.0,0.0,0.0,0.0,0.0,1.0,Full Time,wing,%D and %M with %T... %s as well... Playing a wing role,,,,,,,Midfielder,22.0,0.0,0.0,0.0,0.0,0.0,0.0,,,,7.0,4.0,2.0,68.0,77.0,243.0,1.0,False,1636,1666,14,7712_RI,99.0,0,72.0,0,11.0,9.333333333333334,7.333333333333333,6.133333333333334,6.333333333333333,5.066666666666666,1.3333333333333333,2.066666666666667,0.0,0.06666666666666667,0.3333333333333333,0.4,0.3333333333333333,0.6,0.3333333333333333,0.26666666666666666,0.3333333333333333,0.4666666666666667,0.0,0.0,0.0,0.0,0.0,0.0,6.0,4.533333333333333,1.6666666666666667,1.0666666666666667,2.0,1.8666666666666667,73.33333333333333,76.06666666666666,75.33333333333333,77.66666666666667,282.6666666666667,,1780.6666666666667,1656.9333333333334,1516.0,1619.3333333333333,71.1,63.9,73.8,74.33333333333333,1,wing,58,71.29850200968694,-13.298502009686942
97949,7714,http://live.fanfooty.com.au/game/matchcentre.html?id=7714,R14,2021,261892.0,Hamish,Hartlett,PA,4.0,45.0,29,26.0,39.0,51.0,8.0,4.0,5.0,0.0,0.0,1.0,1.0,0.0,0.0,Full Time,sub,Started as the medical sub... %M and %D,,,,,,,Back,8.0,0.0,0.0,0.0,0.0,0.0,0.0,,,,4.0,0.0,1.0,66.0,47.0,160.0,0.0,False,1392,1878,15,7714_PA,101.0,0,70.0,0,8.0,9.266666666666667,4.0,6.933333333333334,2.6666666666666665,3.6666666666666665,1.6666666666666667,2.4,0.0,0.0,1.3333333333333333,0.8666666666666667,1.3333333333333333,0.9333333333333333,0.3333333333333333,0.13333333333333333,0.0,0.13333333333333333,0.0,0.0,0.0,0.0,0.0,0.0,3.6666666666666665,4.8,0.3333333333333333,0.7333333333333333,2.3333333333333335,2.7333333333333334,58.666666666666664,69.2,68.0,78.26666666666667,236.33333333333334,258.06666666666666,1657.0,1718.7333333333333,1631.3333333333333,1562.0,69.0,61.7,47.8,37.0,1,sub,29,56.92365368390581,-27.923653683905812
98352,7723,http://live.fanfooty.com.au/game/matchcentre.html?id=7723,R15,2021,295156.0,Kaiden,Brand,SY,4.0,44.0,66,28.0,34.0,48.0,8.0,3.0,2.0,3.0,0.0,2.0,2.0,0.0,0.0,Full Time,job,%P including %K... also %T and %M... In defence on Marshall,,,,,,,Back,2.0,0.0,0.0,0.0,0.0,0.0,0.0,,,,5.0,0.0,3.0,81.0,78.0,127.0,1.0,False,1692,1609,16,7723_SY,100.0,0,71.0,0,7.333333333333333,7.266666666666667,5.333333333333333,4.666666666666667,3.3333333333333335,4.266666666666667,2.0,1.4666666666666666,0.0,0.0,1.3333333333333333,0.7333333333333333,0.6666666666666666,0.4,0.0,0.0,0.0,0.0,0.0,0.012,0.0,0.018000000000000002,0.0,0.018000000000000002,5.333333333333333,4.6,0.0,0.13333333333333333,1.6666666666666667,1.8,76.0,76.66666666666667,78.33333333333333,88.33333333333333,105.33333333333333,,1661.3333333333333,1653.6,1627.6666666666667,1611.6,59.6,59.8,62.0,65.33333333333333,1,job,66,51.903750660347995,14.096249339652005
98606,7729,http://live.fanfooty.com.au/game/matchcentre.html?id=7729,R16,2021,250312.0,Bachar,Houli,RI,14.0,93.0,112,44.0,67.0,93.0,20.0,4.0,3.0,4.0,0.0,3.0,1.0,0.0,0.0,Full Time,guard,%P with %k by foot... also %T and %M... umps paid him %4FF... Starting on a HBF,,,,,,,Back,14.0,0.0,0.0,0.0,0.0,0.0,0.0,,,,6.0,0.0,5.0,70.0,91.0,499.0,0.0,False,1845,1449,17,7729_RI,98.0,1,72.0,1,17.0,12.6,6.666666666666667,9.6,7.0,5.533333333333333,3.0,3.0,0.0,0.0,1.0,0.7333333333333333,0.3333333333333333,0.5333333333333333,0.0,0.06666666666666667,0.0,0.0,0.0,0.0,0.0,0.0,0.0,0.0,4.666666666666667,4.866666666666666,0.3333333333333333,1.0666666666666667,2.6666666666666665,2.4,76.66666666666667,77.8,83.66666666666667,81.33333333333333,416.6666666666667,360.3333333333333,1561.0,1624.2,1714.6666666666667,1656.2,89.6,94.6,92.4,95.66666666666667,1,guard,112,111.43196652329114,0.5680334767088624
99269,7744,http://live.fanfooty.com.au/game/matchcentre.html?id=7744,R17,2021,291947.0,Brendon,Ah Chee,WC,5.0,58.0,69,75.0,45.0,61.0,7.0,6.0,4.0,3.0,0.0,0.0,0.0,0.0,1.0,Full Time,wing,%P and %M plus %T... %s as well... Rotating midfield and forward,,,,,,,Midfielder,41.0,0.0,0.0,0.0,0.0,0.0,0.0,,,,8.0,3.0,2.0,46.0,72.0,192.0,0.0,False,1759,1543,18,7744_WC,98.0,0,72.0,0,4.333333333333333,4.866666666666666,8.666666666666666,5.6,1.3333333333333333,2.466666666666667,1.6666666666666667,2.2666666666666666,0.0,0.0,0.3333333333333333,0.5333333333333333,0.3333333333333333,0.3333333333333333,0.3333333333333333,0.6,0.6666666666666666,0.3333333333333333,0.0,0.0,0.0,0.0,0.0,0.0,7.333333333333333,5.533333333333333,2.0,1.1333333333333333,3.6666666666666665,2.2,54.0,65.8,77.66666666666667,77.93333333333334,122.33333333333333,142.4,1496.0,1636.8666666666666,1804.6666666666667,1645.9333333333334,61.25,58.9,63.8,47.333333333333336,1,wing,69,63.142660565261906,5.857339434738094
99921,7758,http://live.fanfooty.com.au/game/matchcentre.html?id=7758,R19,2021,1000959.0,James,Cousins,HW,13.0,64.0,60,55.0,51.0,76.0,7.0,11.0,2.0,5.0,0.0,0.0,2.0,0.0,1.0,Full Time,injured,Subbed off in Q4... %O and %M plus %T... %s as well,subbed,Rotating in midfield,,,,,Midfielder,24.0,0.0,0.0,0.0,0.0,0.0,0.0,,,,9.0,2.0,4.0,50.0,65.0,95.0,1.0,True,1664,1618,20,7758_HW,96.0,0,71.0,0,10.333333333333334,10.0,9.333333333333334,9.133333333333333,1.3333333333333333,2.933333333333333,4.666666666666667,3.4,0.0,0.0,0.6666666666666666,0.8666666666666667,0.6666666666666666,0.6666666666666666,0.0,0.2,0.3333333333333333,0.5333333333333333,0.0,0.0,0.0,0.0,0.0,0.0,10.0,6.733333333333333,2.0,2.466666666666667,3.6666666666666665,2.4,62.0,66.6,71.66666666666667,72.33333333333333,286.3333333333333,283.8,1649.3333333333333,1585.1333333333334,1647.0,1704.3333333333333,73.2,69.8,73.0,76.33333333333333,1,injured,60,57.433926798868924,2.5660732011310756
100079,7762,http://live.fanfooty.com.au/game/matchcentre.html?id=7762,R19,2021,270588.0,Cale,Hooker,ES,10.0,55.0,68,69.0,47.0,60.0,8.0,4.0,4.0,1.0,1.0,1.0,1.0,1.0,2.0,Full Time,sore,Right knee strapped in Q4... %O and %M plus %s,spearhead,In attack on Davis,,,,,Back,26.0,0.0,0.0,0.0,0.0,0.0,0.0,,,,8.0,0.0,3.0,41.0,81.0,117.0,0.0,True,1793,1507,20,7762_ES,96.0,0,71.0,0,6.666666666666667,6.4,5.0,5.933333333333334,3.6666666666666665,3.933333333333333,2.3333333333333335,1.6,1.0,0.6,0.6666666666666666,0.6666666666666666,1.3333333333333333,0.9333333333333333,1.0,2.066666666666667,2.3333333333333335,1.3333333333333333,0.0,0.0,0.0,0.0,0.0,0.0,6.0,6.533333333333333,0.3333333333333333,0.4666666666666667,3.3333333333333335,2.6666666666666665,50.666666666666664,54.53333333333333,82.33333333333333,84.26666666666667,111.0,138.66666666666666,1705.3333333333333,1646.1333333333334,1588.0,1647.4,66.7,63.1,54.0,69.0,1,sore,68,75.47003622866768,-7.470036228667681
100081,7762,http://live.fanfooty.com.au/game/matchcentre.html?id=7762,R19,2021,270951.0,David,Zaharakis,ES,10.0,51.0,48,66.0,39.0,51.0,8.0,2.0,3.0,2.0,0.0,0.0,0.0,1.0,0.0,Full Time,wing,%D including %K... also %M and %T... and scored %s... Playing a half forward role,,,,,,,Midfielder,11.0,0.0,0.0,0.0,0.0,0.0,0.0,,,,2.0,0.0,1.0,60.0,76.0,256.0,0.0,False,1793,1507,20,7762_ES,96.0,0,71.0,0,5.0,6.666666666666667,1.6666666666666667,6.533333333333333,2.0,2.533333333333333,1.3333333333333333,2.2,0.0,0.0,0.0,0.06666666666666667,0.0,0.4666666666666667,0.3333333333333333,0.6666666666666666,0.0,0.4,0.0,0.0,0.0,0.0,0.0,0.0,2.3333333333333335,4.066666666666666,0.6666666666666666,0.8666666666666667,0.3333333333333333,1.6,46.666666666666664,62.2,44.666666666666664,68.46666666666667,173.0,183.06666666666666,1539.0,1625.6,1759.6666666666667,1656.7333333333333,57.55,52.2,49.6,34.333333333333336,1,wing,48,55.142338938696355,-7.142338938696355
100560,7772,http://live.fanfooty.com.au/game/matchcentre.html?id=7772,R21,2021,291797.0,Matthew,Buntine,WS,8.0,29.0,35,24.0,24.0,31.0,3.0,3.0,0.0,2.0,0.0,2.0,1.0,1.0,1.0,Full Time,in,%l Josh Kelly... %P and %T plus %s,wing,Playing a forward role on Stewart,,,,,Back,21.0,0.0,0.0,0.0,0.0,0.0,0.0,,,,5.0,0.0,2.0,66.0,78.0,111.0,0.0,False,1615,1674,22,7772_WS,97.20000000000005,0,73.0,0,5.666666666666667,7.4,3.0,3.2,2.3333333333333335,3.2666666666666666,3.3333333333333335,2.0,0.0,0.0,0.6666666666666666,0.8666666666666667,1.0,0.9333333333333333,0.3333333333333333,0.2,0.3333333333333333,0.2,0.0,0.0,0.0,0.0,0.0,0.0,4.0,3.533333333333333,0.6666666666666666,0.4,3.0,2.4,66.33333333333333,66.0,83.0,77.6,112.0,,1693.6666666666667,1707.2,1603.0,1576.2,47.5,42.4,36.0,41.333333333333336,1,in,35,42.33981626312364,-7.339816263123637
101082,7784,http://live.fanfooty.com.au/game/matchcentre.html?id=7784,R22,2021,250105.0,Marc,Murphy,CA,15.0,92.0,88,64.0,70.0,99.0,14.0,10.0,4.0,5.0,0.0,1.0,1.0,0.0,0.0,Full Time,shovel,%P and %M plus %T... Starting in midfield,,,,,,,Midfielder,3.0,0.0,0.0,0.0,0.0,0.0,0.0,,,,10.0,3.0,5.0,54.0,85.0,323.0,0.0,False,1915,1384,23,7784_CA,100.0,0,70.0,1,5.666666666666667,7.866666666666666,3.6666666666666665,5.266666666666667,1.3333333333333333,3.3333333333333335,1.6666666666666667,2.0,0.0,0.0,0.6666666666666666,0.5333333333333333,0.3333333333333333,0.4,0.3333333333333333,0.6,0.0,0.26666666666666666,0.0,0.0,0.0,0.0,0.0,0.0,4.0,4.066666666666666,1.0,1.3333333333333333,2.0,1.6,43.0,62.333333333333336,42.0,64.0,122.0,200.13333333333333,1507.0,1588.9333333333334,1779.6666666666667,1685.9333333333334,62.95,47.7,26.0,34.333333333333336,1,shovel,88,47.77712486128081,40.22287513871919
101214,7787,http://live.fanfooty.com.au/game/matchcentre.html?id=7787,R22,2021,297990.0,Aaron,Vandenberg,ME,0.0,0.0,0,0.0,0.0,0.0,0.0,0.0,0.0,0.0,0.0,0.0,0.0,0.0,0.0,Full Time,sub,Started as the medical sub,,,,,,,Forward,22.0,0.0,0.0,0.0,0.0,0.0,0.0,,,,0.0,0.0,0.0,0.0,0.0,0.0,1.0,False,1630,1666,23,7787_ME,100.0,0,70.0,0,6.0,6.0,3.0,4.8,1.0,2.466666666666667,2.6666666666666665,2.4,0.0,0.0,0.0,0.5333333333333333,1.3333333333333333,1.1333333333333333,0.0,0.06666666666666667,0.0,0.06666666666666667,0.0,0.0,0.0,0.0,0.0,0.0,2.0,4.0,1.0,1.7333333333333334,3.0,2.7333333333333334,43.0,56.06666666666667,41.0,59.86666666666667,186.33333333333334,173.33333333333334,1664.3333333333333,1660.0666666666666,1632.6666666666667,1613.4666666666667,52.7,47.3,30.4,30.333333333333332,1,sub,0,46.08334760911829,-46.08334760911829
101252,7788,http://live.fanfooty.com.au/game/matchcentre.html?id=7788,R22,2021,291891.0,Jacob,Townsend,GC,9.0,43.0,44,55.0,42.0,60.0,7.0,7.0,3.0,1.0,0.0,1.0,4.0,1.0,0.0,Full Time,spearhead,%O and %M plus %s... not helped by %F... Providing defensive pressure within the attacking arc,,,,,,,Midfielder,21.0,0.0,0.0,0.0,0.0,0.0,0.0,,,,7.0,1.0,10.0,85.0,84.0,245.0,0.0,False,1866,1436,23,7788_GC,100.0,0,70.0,0,6.666666666666667,4.8,3.6666666666666665,2.2666666666666666,3.0,2.066666666666667,2.6666666666666665,2.7333333333333334,1.0,0.26666666666666666,1.6666666666666667,0.9333333333333333,2.6666666666666665,1.7333333333333334,1.0,0.8666666666666667,0.0,0.3333333333333333,0.0,0.037333333333333336,0.0,0.084,0.0,0.04066666666666666,5.666666666666667,3.8,0.6666666666666666,0.2,5.333333333333333,3.0,77.33333333333333,55.46666666666667,78.33333333333333,73.26666666666667,149.66666666666666,,1541.3333333333333,1558.6666666666667,1734.6666666666667,1712.4,48.4,39.3,47.2,55.333333333333336,1,spearhead,44,58.0595127113906,-14.059512711390603
101304,7789,http://live.fanfooty.com.au/game/matchcentre.html?id=7789,R22,2021,298450.0,Connor,Blakely,FR,2.0,27.0,15,34.0,23.0,28.0,4.0,2.0,3.0,0.0,0.0,1.0,0.0,0.0,1.0,Full Time,injured,Subbed off at HT with a hamstring injury... %P and %M plus %s,subbed,Starting at half forward,,,,,Midfielder,19.0,0.0,0.0,0.0,0.0,0.0,0.0,,,,2.0,1.0,0.0,50.0,29.0,70.0,1.0,True,1627,1656,23,7789_FR,100.0,0,70.0,0,7.0,4.266666666666667,5.333333333333333,6.0,4.333333333333333,2.3333333333333335,1.0,1.2666666666666666,0.0,0.0,1.3333333333333333,0.7333333333333333,0.3333333333333333,0.4,0.0,0.06666666666666667,0.3333333333333333,0.13333333333333333,0.0,0.0,0.0,0.0,0.0,0.0,5.0,4.2,1.6666666666666667,1.3333333333333333,0.3333333333333333,1.0,76.33333333333333,73.53333333333333,49.333333333333336,42.4,139.0,103.46666666666667,1611.3333333333333,1614.6666666666667,1681.6666666666667,1671.2,48.05,39.8,42.0,63.0,1,injured,15,37.72321921739921,-22.723219217399212
101317,7789,http://live.fanfooty.com.au/game/matchcentre.html?id=7789,R22,2021,281080.0,Brad,Sheppard,WC,13.0,71.0,68,48.0,58.0,75.0,11.0,5.0,8.0,1.0,0.0,0.0,0.0,0.0,0.0,Full Time,job,%M and %D... Playing tall defender on Treacy,,,,,,,Back,5.0,0.0,0.0,0.0,0.0,0.0,0.0,,,,2.0,0.0,0.0,93.0,89.0,82.0,1.0,False,1656,1627,23,7789_WC,100.0,0,70.0,0,9.333333333333334,11.466666666666667,7.0,6.933333333333334,5.333333333333333,6.533333333333333,1.6666666666666667,1.7333333333333334,0.0,0.0,0.3333333333333333,0.7333333333333333,0.0,0.2,0.0,0.0,0.0,0.0,0.0,0.0,0.0,0.0,0.0,0.0,3.3333333333333335,4.866666666666666,0.3333333333333333,0.3333333333333333,1.0,1.4666666666666666,73.0,78.2,92.66666666666667,92.06666666666666,198.0,240.53333333333333,1556.0,1592.6666666666667,1735.3333333333333,1700.7333333333333,71.55,72.1,67.8,69.0,1,job,68,59.28843435956634,8.711565640433662
101374,7791,http://live.fanfooty.com.au/game/matchcentre.html?id=7791,R23,2021,290198.0,David,Astbury,RI,21.0,94.0,82,123.0,82.0,105.0,12.0,8.0,13.0,2.0,0.0,1.0,2.0,0.0,0.0,Full Time,job,%O and %M plus %T... On the resting ruck mainly McEvoy,,,0.0,,0.0,,Back,12.0,0.0,0.0,0.0,0.0,0.0,0.0,0.0,,,5.0,0.0,3.0,95.0,98.0,144.0,0.0,False,1758,1536,24,7791_RI,98.0,0,69.0,1,10.333333333333334,8.133333333333333,6.333333333333333,5.666666666666667,10.0,5.533333333333333,2.0,1.2666666666666666,0.0,0.8,0.3333333333333333,0.6666666666666666,1.0,0.6,0.0,0.0,0.0,0.0,0.0,0.0,0.0,0.0,0.0,0.0,3.0,3.933333333333333,0.0,0.4,2.0,1.7333333333333334,90.0,81.53333333333333,95.66666666666667,91.2,214.0,175.73333333333332,1615.6666666666667,1553.8666666666666,1682.6666666666667,1738.1333333333334,59.7,62.1,75.2,72.0,1,job,82,54.2151039954993,27.784896004500702
101411,7791,http://live.fanfooty.com.au/game/matchcentre.html?id=7791,R23,2021,210012.0,Shaun,Burgoyne,HW,8.0,62.0,64,32.0,51.0,72.0,11.0,10.0,3.0,0.0,0.0,0.0,0.0,0.0,0.0,Full Time,guard,%M and %O... Primarily responsible for Bolton,,,0.0,,0.0,,Back,9.0,0.0,0.0,0.0,0.0,0.0,0.0,0.0,,,5.0,0.0,3.0,76.0,78.0,372.0,0.0,False,1536,1758,24,7791_HW,98.0,0,69.0,0,11.333333333333334,8.533333333333333,6.666666666666667,5.066666666666666,6.0,3.066666666666667,1.3333333333333333,1.9333333333333333,0.0,0.0,0.3333333333333333,0.26666666666666666,0.3333333333333333,0.3333333333333333,0.3333333333333333,0.06666666666666667,0.0,0.06666666666666667,0.0,0.0,0.0,0.0,0.0,0.0,3.6666666666666665,3.1333333333333333,0.0,0.3333333333333333,1.6666666666666667,1.9333333333333333,90.0,81.86666666666666,80.0,76.33333333333333,284.0,245.46666666666667,1783.6666666666667,1654.4,1513.3333333333333,1643.0,59.75,55.2,68.0,75.66666666666667,1,guard,64,87.92154299435006,-23.921542994350062
101414,7791,http://live.fanfooty.com.au/game/matchcentre.html?id=7791,R23,2021,1001043.0,Oliver,Hanrahan,HW,9.0,47.0,61,28.0,40.0,51.0,7.0,6.0,2.0,0.0,0.0,2.0,0.0,1.0,0.0,Full Time,pocket,%D and %M plus %s... Has a rotation of opponents in the small forward role,,,0.0,,0.0,,Midfielder,13.0,0.0,0.0,0.0,0.0,0.0,0.0,0.0,,,6.0,0.0,1.0,69.0,69.0,108.0,1.0,False,1536,1758,24,7791_HW,98.0,0,69.0,0,6.666666666666667,5.466666666666667,6.333333333333333,5.133333333333334,2.3333333333333335,2.2,1.0,1.1333333333333333,0.0,0.0,1.0,0.6,0.0,0.3333333333333333,0.6666666666666666,0.5333333333333333,0.0,0.6,0.0,0.0,0.0,0.0,0.0,0.0,4.666666666666667,3.8666666666666667,0.3333333333333333,0.06666666666666667,1.3333333333333333,1.6,68.0,60.666666666666664,72.66666666666667,66.53333333333333,167.66666666666666,142.73333333333332,1783.6666666666667,1614.8,1513.3333333333333,1680.6666666666667,42.15,38.9,33.4,53.333333333333336,1,pocket,61,52.41023016762574,8.589769832374259
101442,7792,http://live.fanfooty.com.au/game/matchcentre.html?id=7792,R23,2021,240254.0,Jarrod,Harbrow,GC,15.0,89.0,60,53.0,71.0,94.0,16.0,5.0,8.0,2.0,0.0,1.0,1.0,0.0,1.0,Full Time,injured,Knock to his already-strapped left shoulder in Q4 and subbed off... %D including %K... also %M and %T... and booted %s,subbed,Coming off a HBF,0.0,,0.0,,Back,5.0,0.0,0.0,0.0,0.0,0.0,0.0,0.0,,,3.0,0.0,5.0,61.0,77.0,256.0,1.0,True,1939,1356,24,7792_GC,98.0,0,69.0,0,12.0,10.266666666666667,2.6666666666666665,3.1333333333333333,6.333333333333333,4.266666666666667,2.0,1.0666666666666667,0.0,0.0,0.3333333333333333,0.4666666666666667,1.0,0.7333333333333333,0.0,0.0,0.3333333333333333,0.06666666666666667,0.0,0.0,0.0,0.0,0.0,0.0,2.3333333333333335,3.0,0.0,0.26666666666666666,2.6666666666666665,2.2,79.33333333333333,76.2,74.33333333333333,80.93333333333334,205.33333333333334,193.8,1484.6666666666667,1523.2,1808.6666666666667,1756.1333333333334,59.05,55.2,54.0,51.0,1,injured,60,46.859193773195855,13.140806226804145
101448,7792,http://live.fanfooty.com.au/game/matchcentre.html?id=7792,R23,2021,280722.0,Zac,Smith,GC,20.0,66.0,82,69.0,57.0,71.0,3.0,5.0,2.0,5.0,26.0,1.0,2.0,0.0,0.0,Full Time,ruck,%H... also %P and %T... First ruck,,,0.0,,0.0,,Ruck,32.0,0.0,0.0,0.0,0.0,0.0,0.0,0.0,,,3.0,2.0,3.0,75.0,76.0,38.0,1.0,False,1939,1356,24,7792_GC,98.0,0,69.0,1,3.3333333333333335,3.466666666666667,4.333333333333333,6.333333333333333,1.3333333333333333,1.4666666666666666,2.3333333333333335,2.6,25.0,22.8,1.6666666666666667,1.3333333333333333,1.0,1.6,0.3333333333333333,0.26666666666666666,0.0,0.0,0.0,0.04133333333333333,0.0,0.05,0.0,0.04733333333333333,6.0,7.266666666666667,3.6666666666666665,3.466666666666667,1.6666666666666667,3.2,85.0,72.73333333333333,77.33333333333333,75.4,53.0,,1531.6666666666667,1545.6,1760.0,1739.6,76.75,72.0,75.2,79.66666666666667,1,ruck,82,83.36171016801528,-1.3617101680152786
101499,7793,http://live.fanfooty.com.au/game/matchcentre.html?id=7793,R23,2021,281052.0,Mark,Hutchings,WC,3.0,46.0,36,30.0,37.0,51.0,7.0,6.0,3.0,1.0,0.0,0.0,0.0,0.0,0.0,Full Time,in,%l Luke Edwards... %P and %M,tagger,Tagging Zorko,0.0,,0.0,,Midfielder,34.0,0.0,0.0,0.0,0.0,0.0,0.0,0.0,,,3.0,2.0,3.0,76.0,81.0,155.0,0.0,False,1728,1557,24,7793_WC,98.0,0,69.0,0,7.666666666666667,7.533333333333333,5.0,4.866666666666666,3.0,3.0,2.6666666666666665,1.7333333333333334,0.0,0.0,0.3333333333333333,0.6666666666666666,0.0,0.13333333333333333,0.0,0.0,0.0,0.2,0.0,0.0,0.0,0.0,0.0,0.0,3.6666666666666665,4.333333333333333,1.6666666666666667,1.1333333333333333,2.3333333333333335,1.7333333333333334,68.0,64.93333333333334,80.0,79.53333333333333,159.0,,1646.6666666666667,1642.1333333333334,1645.0,1631.3333333333333,48.75,41.3,41.2,44.666666666666664,1,in,36,46.01701293180843,-10.01701293180843
101501,7793,http://live.fanfooty.com.au/game/matchcentre.html?id=7793,R23,2021,280959.0,Nathan,Vardy,WC,10.0,41.0,46,36.0,38.0,46.0,3.0,3.0,2.0,1.0,7.0,0.0,1.0,2.0,0.0,Full Time,spearhead,%H... also %P and %M... and booted %s... Playing a ruck/forward role on Lester,,,0.0,,0.0,,Ruck,19.0,0.0,0.0,0.0,0.0,0.0,0.0,0.0,,,2.0,0.0,2.0,66.0,62.0,91.0,0.0,False,1728,1557,24,7793_WC,98.0,0,69.0,0,1.6666666666666667,1.9333333333333333,2.6666666666666665,3.2,1.6666666666666667,1.4666666666666666,1.0,1.9333333333333333,9.666666666666666,16.933333333333334,0.3333333333333333,0.4666666666666667,1.3333333333333333,0.6666666666666666,0.6666666666666666,0.3333333333333333,0.0,0.0,0.0,0.0,0.0,0.0,0.0,0.0,2.6666666666666665,2.933333333333333,1.0,1.0,2.3333333333333335,1.2666666666666666,82.0,82.4,57.666666666666664,67.0,52.333333333333336,,1613.3333333333333,1627.0666666666666,1673.3333333333333,1652.6,51.4,45.9,43.6,37.0,1,spearhead,46,53.880612716747876,-7.880612716747876
101568,7795,http://live.fanfooty.com.au/game/matchcentre.html?id=7795,R23,2021,240060.0,Eddie,Betts,CA,9.0,41.0,56,49.0,37.0,48.0,4.0,5.0,2.0,1.0,0.0,0.0,1.0,2.0,0.0,Full Time,pocket,%s from %D and %M... Starting deep forward,,,0.0,,0.0,,Forward,19.0,0.0,0.0,0.0,0.0,0.0,0.0,0.0,,,4.0,0.0,2.0,77.0,84.0,88.0,0.0,False,1741,1542,24,7795_CA,98.0,0,69.0,0,3.3333333333333335,6.466666666666667,4.333333333333333,2.933333333333333,1.6666666666666667,2.2,0.6666666666666666,1.6,0.0,0.0,0.0,0.4666666666666667,0.6666666666666666,0.7333333333333333,1.0,1.6666666666666667,0.0,0.5333333333333333,0.0,0.0,0.0,0.0,0.0,0.0,3.0,4.133333333333334,0.0,0.5333333333333333,2.3333333333333335,2.0,61.0,61.733333333333334,80.33333333333333,78.73333333333333,68.66666666666667,152.33333333333334,1467.0,1566.8666666666666,1819.6666666666667,1726.2,55.9,48.6,42.8,35.333333333333336,1,pocket,56,58.81318696283072,-2.81318696283072
101635,7796,http://live.fanfooty.com.au/game/matchcentre.html?id=7796,R23,2021,296371.0,Brett,Bewley,FR,3.0,44.0,40,29.0,38.0,51.0,6.0,8.0,3.0,0.0,0.0,1.0,0.0,0.0,0.0,Full Time,pocket,%O and %M... Playing a forward role,,,0.0,,0.0,,Midfielder,17.0,0.0,0.0,0.0,0.0,0.0,0.0,0.0,,,3.0,0.0,3.0,71.0,80.0,133.0,1.0,False,1838,1428,24,7796_FR,98.0,0,69.0,0,6.0,7.333333333333333,4.666666666666667,5.733333333333333,2.6666666666666665,2.8,1.3333333333333333,1.9333333333333333,0.0,0.0,0.6666666666666666,0.6666666666666666,0.3333333333333333,0.26666666666666666,0.0,0.4666666666666667,0.0,0.0,0.0,0.0,0.0,0.0,0.0,0.0,2.6666666666666665,3.8,0.3333333333333333,0.8666666666666667,2.0,1.2666666666666666,71.33333333333333,74.93333333333334,47.666666666666664,74.33333333333333,126.0,194.2,1511.0,1613.3333333333333,1770.0,1661.1333333333334,63.55,55.6,44.6,32.0,1,pocket,40,64.60249280920642,-24.602492809206424
101659,7797,http://live.fanfooty.com.au/game/matchcentre.html?id=7797,R23,2021,998109.0,Dylan,Clarke,ES,9.0,57.0,55,71.0,47.0,63.0,6.0,9.0,4.0,2.0,0.0,1.0,0.0,0.0,0.0,Full Time,pocket,%P and %M plus %T... Has a number of opponents including Noble,,,0.0,,0.0,,Midfielder,37.0,0.0,0.0,0.0,0.0,0.0,0.0,0.0,,,3.0,1.0,2.0,86.0,79.0,102.0,0.0,False,1485,1820,24,7797_ES,98.0,0,69.0,0,6.666666666666667,4.933333333333334,9.666666666666666,7.866666666666666,4.333333333333333,2.533333333333333,2.6666666666666665,2.933333333333333,0.0,0.0,1.0,0.8666666666666667,1.0,1.0666666666666667,0.3333333333333333,0.4,0.0,0.06666666666666667,0.0,0.0,0.0,0.0,0.0,0.0,5.333333333333333,5.333333333333333,2.3333333333333335,1.5333333333333334,2.6666666666666665,2.066666666666667,81.33333333333333,75.6,82.0,78.13333333333334,153.33333333333334,,1779.6666666666667,1575.4,1522.3333333333333,1705.8,63.0,65.6,60.8,59.0,1,pocket,55,67.79987759179997,-12.79987759179997
101670,7797,http://live.fanfooty.com.au/game/matchcentre.html?id=7797,R23,2021,280416.0,Chris,Mayne,CO,10.0,76.0,110,69.0,66.0,93.0,6.0,17.0,5.0,3.0,0.0,0.0,1.0,0.0,0.0,Full Time,wing,Final game for the Pie... %D including %B... also %M and %T... Starting on a wing,,,0.0,,0.0,,Forward,16.0,0.0,0.0,0.0,0.0,0.0,0.0,0.0,,,10.0,0.0,1.0,100.0,96.0,134.0,0.0,False,1820,1485,24,7797_CO,98.0,1,69.0,1,9.666666666666666,13.866666666666667,14.333333333333334,10.666666666666666,6.0,7.8,2.6666666666666665,2.4,0.0,0.0,0.3333333333333333,0.7333333333333333,0.3333333333333333,0.6,0.0,0.0,0.0,0.0,0.0,0.0,0.0,0.0,0.0,0.0,5.333333333333333,4.6,0.3333333333333333,0.4666666666666667,2.3333333333333335,1.8666666666666667,88.66666666666667,90.33333333333333,87.33333333333333,84.26666666666667,178.33333333333334,237.73333333333332,1504.3333333333333,1632.3333333333333,1790.0,1660.6666666666667,88.75,97.3,92.6,82.33333333333333,1,wing,110,82.93874172255336,27.06125827744664
101672,7797,http://live.fanfooty.com.au/game/matchcentre.html?id=7797,R23,2021,290289.0,Josh,Thomas,CO,15.0,73.0,75,55.0,60.0,76.0,9.0,7.0,5.0,2.0,0.0,2.0,0.0,1.0,1.0,Full Time,wing,%D and %M with %T... %s as well... Starting at half forward,,,0.0,,0.0,,Midfielder,24.0,0.0,0.0,0.0,0.0,0.0,0.0,0.0,,,6.0,1.0,1.0,62.0,76.0,202.0,0.0,False,1820,1485,24,7797_CO,98.0,0,69.0,1,7.333333333333333,7.866666666666666,7.666666666666667,6.066666666666666,4.333333333333333,3.7333333333333334,1.3333333333333333,2.533333333333333,0.0,0.0,0.6666666666666666,0.8666666666666667,0.0,0.2,1.0,0.6666666666666666,0.6666666666666666,0.4,0.0,0.0,0.0,0.0,0.0,0.0,4.333333333333333,4.933333333333334,0.6666666666666666,0.7333333333333333,1.3333333333333333,1.4,73.33333333333333,63.8,77.66666666666667,71.66666666666667,167.33333333333334,187.0,1504.3333333333333,1644.2666666666667,1790.0,1647.6,59.15,62.4,51.0,63.0,1,wing,75,60.75371304422836,14.246286955771637
101693,7798,http://live.fanfooty.com.au/game/matchcentre.html?id=7798,R23,2021,270938.0,Tom T.,Lynch,AD,20.0,87.0,107,109.0,73.0,99.0,12.0,11.0,6.0,2.0,0.0,0.0,1.0,1.0,0.0,Full Time,wing,%s from %O and %M plus %T... Playing a high HFF role,,,0.0,,0.0,,Forward,27.0,0.0,0.0,0.0,0.0,0.0,0.0,0.0,,,8.0,2.0,2.0,87.0,87.0,168.0,0.0,False,1391,1892,24,7798_AD,98.0,1,69.0,1,12.666666666666666,11.2,12.0,7.6,6.333333333333333,5.266666666666667,1.0,1.4,0.0,0.0,0.3333333333333333,1.1333333333333333,1.0,0.7333333333333333,1.0,0.6,0.6666666666666666,0.6666666666666666,0.0,0.0,0.0,0.0,0.0,0.0,8.666666666666666,5.4,1.3333333333333333,0.9333333333333333,3.3333333333333335,2.066666666666667,78.66666666666667,77.6,85.0,77.4,237.66666666666666,246.33333333333334,1677.6666666666667,1615.1333333333334,1615.3333333333333,1666.4666666666667,80.4,78.2,88.0,96.66666666666667,1,wing,107,80.71615924248273,26.283840757517268
101694,7798,http://live.fanfooty.com.au/game/matchcentre.html?id=7798,R23,2021,294733.0,Paul,Seedsman,AD,16.0,83.0,85,103.0,70.0,96.0,11.0,12.0,5.0,2.0,0.0,0.0,1.0,1.0,0.0,Full Time,tagged,Tagged by Turner... %D and %M with %T... %s as well,wing,Starting on a wing,0.0,,0.0,,Midfielder,11.0,0.0,0.0,0.0,0.0,0.0,0.0,0.0,,,5.0,2.0,3.0,78.0,87.0,462.0,0.0,False,1391,1892,24,7798_AD,98.0,0,69.0,1,16.0,16.0,14.0,10.533333333333333,3.3333333333333335,5.0,2.3333333333333335,2.466666666666667,0.0,0.0,0.3333333333333333,0.8666666666666667,0.3333333333333333,0.6,0.6666666666666666,0.6,0.3333333333333333,0.4666666666666667,0.0,0.0,0.0,0.0,0.0,0.0,7.666666666666667,6.8,2.6666666666666665,2.2666666666666666,1.6666666666666667,3.6,76.33333333333333,69.4,86.33333333333333,82.0,623.0,583.4666666666667,1677.6666666666667,1549.0,1615.3333333333333,1744.0,97.45,94.6,94.6,109.0,1,tagged,85,92.02755482912885,-7.027554829128846
101697,7798,http://live.fanfooty.com.au/game/matchcentre.html?id=7798,R23,2021,250362.0,David,Mackay,AD,15.0,80.0,92,101.0,63.0,84.0,13.0,6.0,4.0,2.0,0.0,0.0,0.0,1.0,3.0,Full Time,spud,%D and %M with %T... %s as well,wing,Starting at half forward,0.0,,0.0,,Midfielder,14.0,0.0,0.0,0.0,0.0,0.0,0.0,0.0,,,8.0,2.0,2.0,52.0,85.0,424.0,0.0,False,1391,1892,24,7798_AD,98.0,0,69.0,1,10.333333333333334,9.0,6.333333333333333,5.8,3.3333333333333335,2.6666666666666665,3.3333333333333335,2.533333333333333,0.0,0.0,0.6666666666666666,1.0666666666666667,0.0,0.3333333333333333,1.0,0.4,1.6666666666666667,0.4,0.0,0.0,0.0,0.0,0.0,0.0,6.0,4.733333333333333,1.0,1.0,2.3333333333333335,1.8,63.0,77.06666666666666,88.0,77.13333333333334,286.3333333333333,252.86666666666667,1677.6666666666667,1546.2666666666667,1615.3333333333333,1746.0,66.05,61.0,61.6,82.33333333333333,1,spud,92,65.9665500582656,26.033449941734403
101722,7798,http://live.fanfooty.com.au/game/matchcentre.html?id=7798,R23,2021,290787.0,Shaun,Atley,NM,8.0,52.0,55,46.0,44.0,63.0,4.0,13.0,2.0,2.0,0.0,0.0,0.0,0.0,0.0,Full Time,guard,%O with %b by hand... also %M and %T... Playing a HBF role,,,0.0,,0.0,,Back,18.0,0.0,0.0,0.0,0.0,0.0,0.0,0.0,,,8.0,0.0,2.0,70.0,90.0,125.0,1.0,False,1892,1391,24,7798_NM,98.0,0,69.0,0,5.0,8.4,5.333333333333333,7.466666666666667,3.0,5.066666666666666,1.0,1.0,0.0,0.0,0.0,0.3333333333333333,0.0,0.2,0.0,0.06666666666666667,0.0,0.0,0.0,0.0,0.0,0.0,0.0,0.0,3.3333333333333335,2.933333333333333,0.0,0.2,0.6666666666666666,1.4666666666666666,54.0,76.8,59.666666666666664,78.53333333333333,116.33333333333333,196.6,1547.6666666666667,1595.7333333333333,1741.3333333333333,1699.1333333333334,64.45,49.8,44.4,39.666666666666664,1,guard,55,84.0100645856889,-29.010064585688895
101820,7802,http://live.fanfooty.com.au/game/matchcentre.html?id=7802,EF,2021,261374.0,Sam J.,Reid,WS,2.0,30.0,17,22.0,22.0,33.0,4.0,5.0,0.0,2.0,0.0,0.0,0.0,0.0,0.0,Full Time,guard,%O and %T... Minding Papley,,,0.0,,0.0,,Forward,50.0,0.0,0.0,0.0,0.0,0.0,0.0,0.0,,,4.0,0.0,4.0,33.0,76.0,98.0,1.0,False,1623,1663,30,7802_WS,97.0,0,72.0,0,4.333333333333333,4.266666666666667,3.3333333333333335,4.0,2.3333333333333335,1.5333333333333334,2.6666666666666665,2.466666666666667,0.0,0.0,0.6666666666666666,0.4,0.6666666666666666,1.0666666666666667,0.3333333333333333,0.26666666666666666,0.3333333333333333,0.26666666666666666,0.0,0.0,0.0,0.0,0.0,0.0,4.666666666666667,3.4,0.0,0.13333333333333333,2.3333333333333335,2.2666666666666666,73.33333333333333,73.4,75.66666666666667,80.8,92.33333333333333,111.46666666666667,1684.6666666666667,1666.8666666666666,1611.3333333333333,1626.1333333333334,41.55,42.8,35.8,43.666666666666664,1,guard,17,70.55414208595619,-53.55414208595619
101903,7804,http://live.fanfooty.com.au/game/matchcentre.html?id=7804,EF,2021,297438.0,Martin,Gleeson,ES,12.0,64.0,76,39.0,55.0,75.0,11.0,7.0,6.0,1.0,0.0,1.0,2.0,0.0,0.0,Full Time,guard,%M and %O... In defence,,,0.0,,0.0,,Back,8.0,0.0,0.0,0.0,0.0,0.0,0.0,0.0,,,4.0,0.0,3.0,77.0,80.0,233.0,0.0,False,1597,1704,30,7804_ES,97.0,0,72.0,1,8.0,6.266666666666667,5.666666666666667,5.666666666666667,5.333333333333333,3.8,3.0,1.7333333333333334,0.0,0.0,0.6666666666666666,0.26666666666666666,0.6666666666666666,0.6666666666666666,0.0,0.0,0.0,0.0,0.0,0.0,0.0,0.0,0.0,0.0,2.6666666666666665,3.066666666666667,0.3333333333333333,0.2,1.0,1.5333333333333334,86.0,85.2,83.0,82.86666666666666,187.66666666666666,148.73333333333332,1756.0,1588.5333333333333,1538.3333333333333,1690.0,61.15,58.6,67.8,76.0,1,guard,76,86.08443327570393,-10.08443327570393
101937,7805,http://live.fanfooty.com.au/game/matchcentre.html?id=7805,SF,2021,280762.0,Shane,Mumford,WS,45.0,104.0,98,110.0,84.0,101.0,4.0,6.0,2.0,8.0,35.0,1.0,0.0,1.0,0.0,Full Time,heart,Carried a sore back in the second half... %D and %M with %T... %s as well,ruck,First ruck,0.0,,0.0,,Ruck,41.0,0.0,0.0,0.0,0.0,0.0,0.0,0.0,,,10.0,8.0,5.0,50.0,88.0,93.0,0.0,True,1829,1471,32,7805_WS,104.0,0,70.0,1,4.0,2.933333333333333,5.666666666666667,6.866666666666666,1.3333333333333333,1.3333333333333333,5.0,4.666666666666667,33.0,25.066666666666666,2.0,1.8,0.6666666666666666,1.8,0.6666666666666666,0.26666666666666666,0.0,0.0,0.0,0.0,0.0,0.0,0.0,0.0,7.666666666666667,7.133333333333334,6.0,4.4,2.6666666666666665,2.6,76.0,83.0,83.0,78.2,80.0,55.2,1619.0,1683.2,1676.3333333333333,1610.6,90.85,87.2,88.2,98.0,1,heart,98,85.17723430864733,12.822765691352672
101968,7806,http://live.fanfooty.com.au/game/matchcentre.html?id=7806,SF,2021,240302.0,Grant,Birchall,BL,8.0,64.0,62,82.0,50.0,69.0,12.0,6.0,4.0,1.0,0.0,0.0,0.0,0.0,0.0,Full Time,guard,%M and %P... Starting at half back,,,0.0,,0.0,,Back,14.0,0.0,0.0,0.0,0.0,0.0,0.0,0.0,,,1.0,1.0,1.0,88.0,79.0,438.0,1.0,False,1632,1644,32,7806_BL,104.0,0,70.0,0,12.666666666666666,13.066666666666666,4.0,5.2,5.333333333333333,6.466666666666667,1.3333333333333333,1.1333333333333333,0.0,0.0,0.3333333333333333,0.2,1.0,0.4,0.0,0.13333333333333333,0.0,0.0,0.0,0.0,0.0,0.0,0.0,0.0,3.3333333333333335,3.066666666666667,1.0,0.4666666666666667,1.6666666666666667,1.7333333333333334,83.66666666666667,82.86666666666666,75.0,77.93333333333334,337.3333333333333,331.26666666666665,1634.3333333333333,1695.9333333333334,1653.6666666666667,1597.9333333333334,72.15,70.2,74.6,69.0,1,guard,62,93.89363894386103,-31.893638943861035
102044,7807,http://live.fanfooty.com.au/game/matchcentre.html?id=7807,PF,2021,270326.0,Lachie,Henderson,GE,2.0,30.0,51,22.0,24.0,33.0,4.0,4.0,2.0,1.0,0.0,0.0,0.0,0.0,0.0,Full Time,cactus,%M and %P,job,In defence on McDonald,0.0,,0.0,,Back,25.0,0.0,0.0,0.0,0.0,0.0,0.0,0.0,,,3.0,1.0,1.0,87.0,100.0,160.0,0.0,False,1869,1422,33,7807_GE,97.00000000000001,0,67.5,0,6.333333333333333,11.066666666666666,3.0,4.4,3.0,7.066666666666666,1.3333333333333333,1.1333333333333333,0.0,0.0,0.6666666666666666,0.9333333333333333,0.3333333333333333,0.8666666666666667,0.0,0.06666666666666667,0.0,0.06666666666666667,0.0,0.0,0.0,0.0,0.0,0.0,4.666666666666667,4.333333333333333,0.6666666666666666,0.26666666666666666,2.0,2.2,91.66666666666667,81.2,100.0,100.0,213.0,294.1333333333333,1568.0,1735.4,1722.0,1557.4666666666667,78.2,71.6,72.2,61.0,1,cactus,51,46.82551646815082,4.174483531849177
102130,7809,http://live.fanfooty.com.au/game/matchcentre.html?id=7809,GF,2021,281139.0,Easton,Wood,WB,4.0,43.0,36,41.0,35.0,48.0,4.0,5.0,4.0,3.0,0.0,0.0,1.0,0.0,0.0,Full Time,sore,Right wrist knock in Q2... %P and %M plus %T,guard,In defence on Fritsch,0.0,,0.0,,Back,10.0,0.0,0.0,0.0,0.0,0.0,0.0,0.0,,,2.0,0.0,2.0,66.0,83.0,142.0,0.0,True,1682,1617,34,7809_WB,103.40000000000003,0,69.0,0,8.333333333333334,7.666666666666667,4.0,4.6,4.333333333333333,4.866666666666666,2.0,1.6,0.0,0.0,0.3333333333333333,0.6666666666666666,0.3333333333333333,0.8,0.0,0.13333333333333333,0.0,0.0,0.0,0.0,0.0,0.0,0.0,0.0,3.6666666666666665,4.133333333333334,0.0,0.06666666666666667,2.6666666666666665,2.1333333333333333,66.33333333333333,79.6,82.66666666666667,81.93333333333334,199.0,172.8,1685.0,1683.6,1600.3333333333333,1607.3333333333333,54.35,52.9,46.4,48.0,1,sore,36,68.0233540276962,-32.0233540276962
102204,7902,http://live.fanfooty.com.au/game/matchcentre.html?id=7902,R1,2022,998167.0,Tom,Williamson,CA,0.0,0.0,0,0.0,0.0,0.0,0.0,0.0,0.0,0.0,0.0,0.0,0.0,0.0,0.0,Full Time,sub,Started as a sub,,,152800.0,,146300.0,,Back,31.0,0.0,0.0,0.0,0.0,0.0,0.0,260000.0,,,0.0,0.0,0.0,0.0,0.0,0.0,1.0,False,1445,1826,2,7902_CA,83.20000000000005,0,33.0,0,6.0,7.066666666666666,1.6666666666666667,3.466666666666667,2.3333333333333335,3.6,1.0,1.4,0.0,0.0,0.3333333333333333,0.26666666666666666,0.6666666666666666,0.6666666666666666,0.0,0.2,0.0,0.2,0.0,0.0,0.0,0.0,0.0,0.0,2.6666666666666665,2.8666666666666667,0.6666666666666666,0.6666666666666666,3.0,2.1333333333333333,46.0,66.0,53.333333333333336,74.26666666666667,166.33333333333334,206.93333333333334,1584.0,1583.2,1700.3333333333333,1696.2666666666667,50.2,41.8,39.8,27.0,1,sub,0,43.11264434764295,-43.11264434764295
102472,7908,http://live.fanfooty.com.au/game/matchcentre.html?id=7908,R1,2022,997206.0,Andrew,McPherson,AD,3.0,40.0,20,51.0,32.0,42.0,6.0,4.0,3.0,1.0,0.0,1.0,0.0,0.0,0.0,Full Time,injured,Left hamstring pull in Q2 and subbed off... %P and %M,subbed,Rotating in defence,152800.0,,123900.0,,Midfielder,36.0,0.0,0.0,0.0,0.0,0.0,0.0,170000.0,,,4.0,0.0,5.0,60.0,24.0,151.0,1.0,True,1601,1703,2,7908_AD,83.20000000000005,0,33.0,0,10.333333333333334,10.133333333333333,6.0,5.733333333333333,3.3333333333333335,3.533333333333333,2.3333333333333335,1.6666666666666667,0.0,0.0,0.6666666666666666,0.4666666666666667,0.0,0.3333333333333333,0.0,0.0,0.0,0.0,0.0,0.0,0.0,0.0,0.0,0.0,4.333333333333333,3.533333333333333,0.3333333333333333,0.4,3.0,2.466666666666667,68.0,78.2,65.33333333333333,75.0,266.0,265.0,1741.6666666666667,1600.4666666666667,1552.6666666666667,1689.8,57.25,61.5,64.6,56.333333333333336,1,injured,20,44.38614934604018,-24.386149346040177
103211,7924,http://live.fanfooty.com.au/game/matchcentre.html?id=7924,R3,2022,290738.0,Jared,Polec,NM,8.0,41.0,38,28.0,35.0,45.0,6.0,3.0,3.0,1.0,0.0,1.0,1.0,1.0,0.0,Full Time,ghost,%P and %M plus %s,wing,Running on the outside,,,,,Midfielder,13.0,0.0,0.0,0.0,0.0,0.0,0.0,,,,2.0,1.0,3.0,77.0,77.0,113.0,0.0,False,2018,1283,4,7924_NM,97.20000000000005,0,71.0,0,11.0,11.8,2.0,5.2,5.333333333333333,3.8,1.6666666666666667,2.2666666666666666,0.0,0.0,0.6666666666666666,1.0,0.3333333333333333,0.9333333333333333,0.3333333333333333,0.2,0.3333333333333333,0.26666666666666666,0.0,0.0,0.0,0.0,0.0,0.0,2.0,5.733333333333333,1.3333333333333333,1.8666666666666667,2.6666666666666665,3.066666666666667,76.66666666666667,70.13333333333334,78.0,80.33333333333333,223.33333333333334,254.06666666666666,1537.0,1508.2,1764.3333333333333,1778.4666666666667,80.65,68.8,54.2,54.0,1,ghost,38,79.57168513681937,-41.57168513681937
103801,7937,http://live.fanfooty.com.au/game/matchcentre.html?id=7937,R5,2022,280012.0,Jordan,Roughead,CO,2.0,25.0,24,16.0,21.0,27.0,4.0,2.0,3.0,0.0,0.0,0.0,0.0,0.0,0.0,Full Time,job,%O and %M... In defence on Daniher,,,,,,,Ruck,23.0,0.0,0.0,0.0,0.0,0.0,0.0,,,,2.0,0.0,2.0,50.0,90.0,132.0,0.0,False,1719,1560,6,7937_CO,97.0,0,73.0,0,8.0,9.333333333333334,2.6666666666666665,4.0,5.666666666666667,6.6,0.0,1.6,0.0,0.6,0.3333333333333333,0.6,0.0,0.6666666666666666,0.0,0.0,0.0,0.0,0.0,0.0,0.0,0.0,0.0,0.0,3.3333333333333335,4.066666666666666,0.0,0.13333333333333333,1.3333333333333333,1.7333333333333334,70.33333333333333,80.26666666666667,91.66666666666667,96.13333333333334,182.33333333333334,190.53333333333333,1523.0,1647.4666666666667,1765.3333333333333,1644.4,70.95,67.8,58.6,53.666666666666664,1,job,24,57.74557603135649,-33.74557603135649
104136,7945,http://live.fanfooty.com.au/game/matchcentre.html?id=7945,R5,2022,996487.0,Tom,Phillips,HW,7.0,39.0,43,52.0,29.0,42.0,4.0,5.0,1.0,4.0,0.0,1.0,1.0,0.0,0.0,Full Time,wing,%D and %T... Running through midfield,,,,,,,Midfielder,21.0,0.0,0.0,0.0,0.0,0.0,0.0,,,,3.0,0.0,3.0,88.0,76.0,66.0,0.0,False,1596,1689,6,7945_HW,97.0,0,73.0,0,6.666666666666667,9.666666666666666,5.666666666666667,6.533333333333333,3.6666666666666665,3.7333333333333334,4.333333333333333,2.7333333333333334,0.0,0.0,0.6666666666666666,1.1333333333333333,0.6666666666666666,0.26666666666666666,0.0,0.6666666666666666,0.0,0.2,0.0,0.0,0.0,0.0,0.0,0.0,3.6666666666666665,5.4,0.3333333333333333,1.2666666666666666,2.3333333333333335,2.066666666666667,75.66666666666667,73.2,62.666666666666664,76.46666666666667,146.66666666666666,227.46666666666667,1088.6666666666667,1552.2,1093.6666666666667,1518.7333333333333,62.3,55.4,41.4,25.666666666666668,1,wing,43,63.34757734409032,-20.34757734409032
104453,7952,http://live.fanfooty.com.au/game/matchcentre.html?id=7952,R6,2022,1000267.0,Matthew,Parker,RI,1.0,17.0,9,23.0,14.0,21.0,1.0,3.0,1.0,2.0,0.0,0.0,1.0,0.0,0.0,Full Time,sub,On in Q3 for Dow... %O and %T... Started as the sub,,,,,,,Forward,37.0,0.0,0.0,0.0,0.0,0.0,0.0,,,,2.0,0.0,3.0,75.0,34.0,16.0,0.0,False,1841,1462,7,7952_RI,101.20000000000005,0,72.0,0,6.0,7.466666666666667,4.0,4.133333333333334,3.3333333333333335,3.2666666666666666,2.0,3.2666666666666666,0.0,0.0,0.3333333333333333,0.6,1.0,0.9333333333333333,0.3333333333333333,0.6,0.6666666666666666,0.6666666666666666,0.0,0.0,0.0,0.0,0.0,0.0,4.0,4.066666666666666,0.6666666666666666,0.8,3.3333333333333335,2.8,58.333333333333336,65.26666666666667,66.0,77.0,198.0,,1541.0,1605.9333333333334,1753.6666666666667,1683.3333333333333,53.85,58.1,51.0,31.666666666666668,1,sub,9,47.42171826788591,-38.42171826788591
105084,7966,http://live.fanfooty.com.au/game/matchcentre.html?id=7966,R8,2022,1002583.0,Sydney,Stack,RI,0.0,0.0,0,0.0,0.0,0.0,0.0,0.0,0.0,0.0,0.0,0.0,0.0,0.0,0.0,Full Time,sub,Started as the sub,,,,,,,Forward,44.0,0.0,0.0,0.0,0.0,0.0,0.0,,,,0.0,0.0,0.0,0.0,0.0,0.0,1.0,False,1515,1784,9,7966_RI,98.0,0,72.0,0,4.0,5.4,2.6666666666666665,6.733333333333333,2.0,3.3333333333333335,1.6666666666666667,2.533333333333333,0.0,0.0,0.3333333333333333,0.4666666666666667,0.3333333333333333,0.9333333333333333,0.6666666666666666,0.26666666666666666,0.3333333333333333,0.26666666666666666,0.0,0.0,0.0,0.0,0.0,0.0,2.3333333333333335,4.266666666666667,0.3333333333333333,0.5333333333333333,1.6666666666666667,2.6,37.666666666666664,68.46666666666667,52.0,68.8,84.33333333333333,181.26666666666668,1724.3333333333333,1623.8666666666666,1566.6666666666667,1657.8666666666666,57.3,60.9,49.8,29.666666666666668,1,sub,0,45.51326957910213,-45.51326957910213
105397,7973,http://live.fanfooty.com.au/game/matchcentre.html?id=7973,R9,2022,1010841.0,Jack,Madgen,CO,1.0,14.0,19,18.0,10.0,15.0,0.0,3.0,0.0,2.0,0.0,0.0,0.0,0.0,0.0,Full Time,injured,Right shoulder dislocation in Q2 and subbed off at HT... %D and %T,subbed,Deep in defence on Khamis,,,,,Back,44.0,0.0,0.0,0.0,0.0,0.0,0.0,,,,0.0,0.0,0.0,100.0,27.0,0.0,1.0,True,1927,1375,10,7973_CO,101.0,0,70.0,0,2.6666666666666665,7.266666666666667,3.3333333333333335,7.0,1.6666666666666667,3.8666666666666667,1.6666666666666667,1.4666666666666666,0.0,0.0,0.0,0.6,0.6666666666666666,0.3333333333333333,0.3333333333333333,0.06666666666666667,0.0,0.0,0.0,0.0,0.0,0.0,0.0,0.0,2.0,4.533333333333333,0.0,0.2,0.6666666666666666,0.9333333333333333,96.0,87.8,58.666666666666664,81.53333333333333,75.66666666666667,154.46666666666667,1565.3333333333333,1637.0666666666666,1729.0,1653.7333333333333,65.4,61.0,48.0,42.333333333333336,1,injured,19,41.52832998833076,-22.52832998833076
105668,7979,http://live.fanfooty.com.au/game/matchcentre.html?id=7979,R9,2022,281075.0,Rory,Thompson,GC,3.0,25.0,51,36.0,20.0,30.0,3.0,2.0,2.0,3.0,0.0,0.0,2.0,0.0,0.0,Full Time,job,%D and %M with %T... In defence on Treacy,,,,,,,Back,16.0,0.0,0.0,0.0,0.0,0.0,0.0,,,,3.0,0.0,4.0,60.0,94.0,43.0,0.0,False,1604,1684,10,7979_GC,101.0,0,70.0,0,3.3333333333333335,5.266666666666667,2.3333333333333335,3.2,2.6666666666666665,2.6,2.6666666666666665,1.7333333333333334,0.0,0.0,0.0,0.3333333333333333,1.0,1.0666666666666667,0.0,0.0,0.3333333333333333,0.06666666666666667,0.2133333333333333,0.23199999999999996,0.14666666666666667,0.18466666666666667,0.53,0.626,2.3333333333333335,3.8,0.0,0.0,2.0,2.066666666666667,57.0,72.2,90.0,92.86666666666666,,,1618.3333333333333,1515.8666666666666,1645.0,1752.0,50.05,49.9,55.8,45.666666666666664,1,job,51,40.91016997971091,10.089830020289092
105825,7982,http://live.fanfooty.com.au/game/matchcentre.html?id=7982,R10,2022,1002291.0,James,Bell,SY,2.0,38.0,22,25.0,30.0,40.0,6.0,3.0,3.0,1.0,0.0,0.0,0.0,0.0,1.0,Full Time,wing,%D and %M plus %s... Starting forward,,,,,,,Midfielder,32.0,0.0,0.0,0.0,0.0,0.0,0.0,,,,3.0,0.0,3.0,44.0,62.0,153.0,1.0,False,1831,1428,11,7982_SY,97.0,0,72.0,0,4.666666666666667,4.4,2.3333333333333335,2.933333333333333,2.0,2.466666666666667,2.0,2.066666666666667,0.0,0.0,1.0,0.6666666666666666,0.0,0.3333333333333333,0.3333333333333333,0.4,0.6666666666666666,0.3333333333333333,0.0,0.0,0.0,0.0,0.0,0.0,3.0,2.8666666666666667,0.0,0.26666666666666666,1.6666666666666667,1.4,51.333333333333336,58.86666666666667,51.333333333333336,59.266666666666666,101.33333333333333,100.93333333333334,1644.0,1729.0,1631.3333333333333,1560.2666666666667,34.45,34.2,35.6,28.333333333333332,1,wing,22,41.05174151320916,-19.05174151320916
106318,7993,http://live.fanfooty.com.au/game/matchcentre.html?id=7993,R11,2022,293193.0,Luke,Brown,AD,4.0,46.0,53,37.0,39.0,51.0,5.0,7.0,4.0,1.0,0.0,1.0,0.0,0.0,0.0,Full Time,guard,%M and %D... Playing small defender,,,,,,,Back,16.0,0.0,0.0,0.0,0.0,0.0,0.0,,,,7.0,2.0,1.0,91.0,81.0,106.0,0.0,False,1736,1537,12,7993_AD,100.20000000000005,0,72.0,0,6.0,8.333333333333334,5.0,4.8,4.0,3.4,1.0,1.8,0.0,0.0,1.3333333333333333,1.3333333333333333,0.3333333333333333,0.4,0.0,0.0,0.0,0.0,0.0,0.0,0.0,0.0,0.0,0.0,4.666666666666667,4.466666666666667,1.0,0.4666666666666667,1.0,1.5333333333333334,87.0,84.2,86.0,84.0,112.33333333333333,212.26666666666668,1590.3333333333333,1577.5333333333333,1700.3333333333333,1715.6666666666667,60.4,54.0,54.0,45.333333333333336,1,guard,53,82.80295501647177,-29.80295501647177
106587,7999,http://live.fanfooty.com.au/game/matchcentre.html?id=7999,R11,2022,291771.0,Devon,Smith,ES,2.0,37.0,41,32.0,27.0,38.0,4.0,4.0,1.0,3.0,0.0,0.0,0.0,0.0,2.0,Full Time,pocket,%s from %O and %T... Starting forward,,,,,,,Forward,5.0,0.0,0.0,0.0,0.0,0.0,0.0,,,,4.0,0.0,0.0,37.0,72.0,99.0,1.0,False,1665,1623,12,7999_ES,100.20000000000005,0,72.0,0,5.0,7.533333333333333,4.666666666666667,5.6,1.3333333333333333,2.2666666666666666,3.0,3.066666666666667,0.0,0.0,0.0,0.6,1.0,1.0,0.0,0.8,1.0,1.2666666666666666,0.0,0.0,0.0,0.0,0.0,0.0,3.6666666666666665,4.466666666666667,0.6666666666666666,0.7333333333333333,2.3333333333333335,2.066666666666667,50.333333333333336,63.333333333333336,78.33333333333333,78.13333333333334,97.0,190.4,1623.3333333333333,1663.0,1671.6666666666667,1633.4666666666667,59.55,69.1,64.6,46.333333333333336,1,pocket,41,62.20996354300281,-21.209963543002807
106614,8000,http://live.fanfooty.com.au/game/matchcentre.html?id=8000,R12,2022,291545.0,Mitch,Wallis,WB,0.0,0.0,0,0.0,0.0,0.0,0.0,0.0,0.0,0.0,0.0,0.0,0.0,0.0,0.0,Full Time,sub,Started as the sub,,,,,,,Midfielder,3.0,0.0,0.0,0.0,0.0,0.0,0.0,,,,0.0,0.0,0.0,0.0,0.0,0.0,1.0,False,1690,1576,13,8000_WB,98.0,0,71.0,0,4.666666666666667,4.466666666666667,1.3333333333333333,4.0,2.6666666666666665,2.533333333333333,2.0,1.2,0.0,0.0,0.3333333333333333,0.9333333333333333,0.3333333333333333,0.3333333333333333,1.0,0.8666666666666667,0.6666666666666666,0.8,0.0,0.0,0.0,0.0,0.0,0.0,1.0,4.0,0.0,0.3333333333333333,1.3333333333333333,1.4666666666666666,46.0,66.46666666666667,37.0,61.13333333333333,105.0,102.4,1750.6666666666667,1714.0666666666666,1525.3333333333333,1570.0,52.7,39.7,33.6,33.666666666666664,1,sub,0,43.41611568418061,-43.41611568418061
106771,8003,http://live.fanfooty.com.au/game/matchcentre.html?id=8003,R12,2022,1004880.0,Ben,Ronke,SY,0.0,12.0,19,10.0,11.0,15.0,1.0,3.0,1.0,0.0,0.0,0.0,0.0,0.0,0.0,Full Time,sub,On in Q1 for O'Riordan... %D... Started as the sub,,,,,,,Midfielder,25.0,0.0,0.0,0.0,0.0,0.0,0.0,,,,2.0,0.0,0.0,100.0,46.0,5.0,1.0,False,1614,1682,13,8003_SY,98.0,0,71.0,0,4.333333333333333,6.8,3.6666666666666665,4.0,1.6666666666666667,2.933333333333333,1.6666666666666667,2.4,0.0,0.0,1.0,0.6,0.0,0.3333333333333333,0.0,0.6666666666666666,0.3333333333333333,0.6666666666666666,0.0,0.0,0.0,0.0,0.0,0.0,5.333333333333333,4.4,0.0,0.26666666666666666,0.6666666666666666,1.6666666666666667,75.0,67.86666666666666,61.333333333333336,67.6,74.33333333333333,,1610.0,1649.2666666666667,1657.3333333333333,1623.5333333333333,52.6,54.7,56.8,38.333333333333336,1,sub,19,44.71959856147247,-25.719598561472473
106839,8005,http://live.fanfooty.com.au/game/matchcentre.html?id=8005,R12,2022,1002353.0,Mitch,Crowden,FR,0.0,0.0,0,0.0,0.0,0.0,0.0,0.0,0.0,0.0,0.0,0.0,0.0,0.0,0.0,Full Time,sub,Started as the sub,,,,,,,Midfielder,12.0,0.0,0.0,0.0,0.0,0.0,0.0,,,,0.0,0.0,0.0,0.0,0.0,0.0,1.0,False,1560,1721,13,8005_FR,98.0,0,71.0,0,5.0,4.133333333333334,7.333333333333333,5.733333333333333,0.6666666666666666,2.0,1.3333333333333333,1.6666666666666667,0.0,0.0,0.0,0.4666666666666667,0.3333333333333333,0.26666666666666666,0.3333333333333333,0.3333333333333333,0.6666666666666666,0.3333333333333333,0.0,0.0,0.0,0.0,0.0,0.0,6.0,3.8,1.6666666666666667,0.7333333333333333,0.6666666666666666,0.7333333333333333,48.0,68.46666666666667,52.666666666666664,63.13333333333333,163.33333333333334,115.0,1601.6666666666667,1575.1333333333334,1675.0,1710.7333333333333,43.25,40.9,47.0,53.333333333333336,1,sub,0,40.24647248614449,-40.24647248614449
106903,8006,http://live.fanfooty.com.au/game/matchcentre.html?id=8006,R13,2022,296035.0,Trent,Dumont,PA,6.0,38.0,36,28.0,32.0,48.0,4.0,11.0,0.0,1.0,0.0,0.0,0.0,0.0,0.0,Full Time,injured,Right calf problem in Q3 and subbed off... %O with %b by hand,subbed,On a wing on McIntosh,,,,,Midfielder,43.0,0.0,0.0,0.0,0.0,0.0,0.0,,,,4.0,2.0,3.0,60.0,57.0,114.0,1.0,True,1676,1616,14,8006_PA,99.0,0,70.0,0,9.333333333333334,9.933333333333334,8.333333333333334,6.933333333333334,4.0,4.533333333333333,1.6666666666666667,1.7333333333333334,0.0,0.0,0.0,0.2,0.0,0.4,0.3333333333333333,0.13333333333333333,0.6666666666666666,0.13333333333333333,0.0,0.0,0.0,0.0,0.0,0.0,4.0,3.7333333333333334,1.3333333333333333,1.2666666666666666,1.6666666666666667,2.066666666666667,63.0,72.33333333333333,73.66666666666667,76.0,237.0,236.93333333333334,1622.3333333333333,1640.8,1670.6666666666667,1648.0,65.05,60.2,69.8,63.666666666666664,1,injured,36,49.82514855030307,-13.82514855030307
106921,8007,http://live.fanfooty.com.au/game/matchcentre.html?id=8007,R13,2022,297406.0,Tom,Cutler,ES,9.0,59.0,43,79.0,49.0,66.0,10.0,4.0,6.0,2.0,0.0,1.0,2.0,0.0,0.0,Full Time,in,%l Andrew McGrath... %P with %k by foot... also %M and %T,wing,Playing an outside game,,,,,Midfielder,12.0,0.0,0.0,0.0,0.0,0.0,0.0,,,,2.0,0.0,4.0,78.0,80.0,309.0,0.0,False,1765,1527,14,8007_ES,99.0,0,70.0,0,12.0,12.066666666666666,4.666666666666667,5.6,4.666666666666667,5.533333333333333,1.6666666666666667,1.1333333333333333,0.0,0.0,0.3333333333333333,0.3333333333333333,1.3333333333333333,0.6666666666666666,0.0,0.4,0.0,0.4,0.0,0.0,0.0,0.0,0.0,0.0,4.333333333333333,4.4,0.3333333333333333,0.4666666666666667,3.0,2.1333333333333333,68.33333333333333,76.0,81.66666666666667,85.0,383.0,382.53333333333336,1482.6666666666667,1601.7333333333333,1812.3333333333333,1695.3333333333333,67.5,73.1,70.4,62.0,1,in,43,60.83001411345947,-17.83001411345947
106929,8007,http://live.fanfooty.com.au/game/matchcentre.html?id=8007,R13,2022,298445.0,Alec,Waterman,ES,1.0,16.0,17,20.0,12.0,18.0,0.0,4.0,0.0,2.0,0.0,0.0,0.0,0.0,0.0,Full Time,sub,On in Q3 for Parish... %O and %T... Started as the sub,,,,,,,Midfielder,45.0,0.0,0.0,0.0,0.0,0.0,0.0,,,,4.0,0.0,1.0,75.0,21.0,-6.0,0.0,False,1765,1527,14,8007_ES,99.0,0,70.0,0,3.6666666666666665,5.0,3.6666666666666665,4.266666666666667,2.3333333333333335,2.933333333333333,2.3333333333333335,1.8666666666666667,0.0,0.0,0.0,0.2,1.6666666666666667,0.6666666666666666,0.6666666666666666,1.2,0.6666666666666666,0.5333333333333333,0.0,0.0,0.0,0.0,0.0,0.0,4.333333333333333,4.533333333333333,0.0,0.13333333333333333,2.6666666666666665,2.2,69.0,67.06666666666666,59.666666666666664,68.26666666666667,113.0,134.4,1561.0,1649.8666666666666,1732.0,1645.8,49.55,50.0,45.6,38.0,1,sub,17,42.4716414258776,-25.4716414258776
106996,8008,http://live.fanfooty.com.au/game/matchcentre.html?id=8008,R13,2022,290228.0,Kyle,Hartigan,HW,2.0,21.0,27,11.0,20.0,30.0,5.0,1.0,3.0,1.0,0.0,0.0,3.0,0.0,0.0,Full Time,job,%O with %k by foot... also %M... conceded %F... In defence on Lobb,,,,,,,Back,28.0,0.0,0.0,0.0,0.0,0.0,0.0,,,,4.0,0.0,5.0,66.0,96.0,130.0,0.0,False,1909,1388,14,8008_HW,99.0,0,70.0,0,2.6666666666666665,4.733333333333333,1.6666666666666667,3.8666666666666667,1.6666666666666667,3.0,0.6666666666666666,0.8666666666666667,0.0,0.0,0.3333333333333333,0.7333333333333333,1.0,1.4666666666666666,0.0,0.0,0.0,0.0,0.0,0.0,0.0,0.0,0.0,0.0,3.0,3.8,0.0,0.13333333333333333,2.6666666666666665,2.7333333333333334,50.333333333333336,68.53333333333333,72.0,92.13333333333334,65.66666666666667,98.13333333333334,1508.6666666666667,1629.0666666666666,1782.6666666666667,1664.1333333333334,42.8,38.2,29.8,22.666666666666668,1,job,27,36.544424945165574,-9.544424945165574
107037,8009,http://live.fanfooty.com.au/game/matchcentre.html?id=8009,R13,2022,298265.0,Daniel,McKenzie,SK,10.0,39.0,56,35.0,33.0,42.0,4.0,2.0,4.0,2.0,0.0,0.0,1.0,1.0,0.0,Full Time,injured,Hit his head on the ground early in Q3 after flying for a mark and went off for concussion test... failed and did not return... %D and %M with %T... %s as well,wing,Playing an outside game,,,,,Back,36.0,0.0,0.0,0.0,0.0,0.0,0.0,,,,4.0,0.0,1.0,83.0,40.0,104.0,1.0,True,1734,1538,14,8009_SK,99.0,0,70.0,0,7.0,9.866666666666667,4.666666666666667,6.4,5.0,5.0,2.6666666666666665,1.7333333333333334,0.0,0.0,0.0,0.5333333333333333,1.0,0.8666666666666667,0.6666666666666666,0.2,0.0,0.2,0.0,0.0,0.0,0.0,0.0,0.0,4.333333333333333,6.2,0.3333333333333333,1.2,2.0,2.533333333333333,85.33333333333333,76.26666666666667,61.0,73.73333333333333,169.0,272.6666666666667,1682.0,1689.9333333333334,1607.6666666666667,1599.8666666666666,71.5,76.0,71.2,62.333333333333336,1,injured,56,50.374439335592186,5.625560664407814
107085,8010,http://live.fanfooty.com.au/game/matchcentre.html?id=8010,R13,2022,271015.0,Matthew,de Boer,WS,8.0,33.0,68,29.0,28.0,36.0,3.0,4.0,1.0,2.0,0.0,2.0,1.0,1.0,0.0,Full Time,wing,%P and %T plus %s... Playing a pressure forward role,,,,,,,Midfielder,24.0,0.0,0.0,0.0,0.0,0.0,0.0,,,,4.0,0.0,1.0,100.0,74.0,74.0,1.0,False,1275,2013,14,8010_WS,99.0,0,70.0,0,4.666666666666667,5.066666666666666,6.0,6.2,2.3333333333333335,2.933333333333333,2.0,1.8666666666666667,0.0,0.0,1.0,0.6,0.6666666666666666,0.8,1.0,0.4666666666666667,0.3333333333333333,0.26666666666666666,0.0,0.0,0.0,0.0,0.0,0.0,2.6666666666666665,3.6,0.0,0.3333333333333333,1.6666666666666667,1.6666666666666667,82.66666666666667,66.73333333333333,80.66666666666667,67.46666666666667,103.66666666666667,142.8,1833.3333333333333,1552.4666666666667,1458.3333333333333,1520.6,48.1,40.6,42.0,61.0,1,wing,68,52.25783640529794,15.742163594702063
107263,8014,http://live.fanfooty.com.au/game/matchcentre.html?id=8014,R14,2022,997842.0,Colin,O'Riordan,SY,2.0,32.0,48,18.0,26.0,36.0,6.0,3.0,2.0,1.0,0.0,1.0,1.0,0.0,0.0,Full Time,guard,%M and %P... Rotating in defence,,,,,,,Back,38.0,0.0,0.0,0.0,0.0,0.0,0.0,,,,5.0,1.0,2.0,77.0,77.0,101.0,0.0,False,1824,1477,15,8014_SY,100.0,0,72.0,0,7.333333333333333,6.066666666666666,3.3333333333333335,5.4,3.0,3.2666666666666666,0.6666666666666666,1.5333333333333334,0.0,0.0,1.3333333333333333,0.6666666666666666,0.3333333333333333,0.5333333333333333,0.0,0.0,0.0,0.0,0.0,0.0,0.0,0.0,0.0,0.0,4.666666666666667,4.266666666666667,0.3333333333333333,0.26666666666666666,2.0,1.6,76.66666666666667,77.33333333333333,76.66666666666667,73.26666666666667,126.66666666666667,,1578.0,1640.7333333333333,1718.3333333333333,1640.2,57.4,53.2,51.2,52.0,1,guard,48,82.82829024642965,-34.828290246429646
107326,8016,http://live.fanfooty.com.au/game/matchcentre.html?id=8016,R14,2022,1002300.0,Jarrod,Brander,WS,14.0,61.0,54,78.0,50.0,63.0,9.0,3.0,6.0,1.0,0.0,0.0,0.0,1.0,0.0,Full Time,sub,On in Q2 for Preuss... %D with %k by foot... also %M... and scored %s... Started as the sub,,,,,,,Back,31.0,0.0,0.0,0.0,0.0,0.0,0.0,,,,4.0,0.0,3.0,75.0,54.0,238.0,1.0,False,1755,1531,15,8016_WS,100.0,0,72.0,0,8.666666666666666,9.2,6.333333333333333,4.933333333333334,6.0,4.866666666666666,1.0,1.0666666666666667,0.0,0.0,0.6666666666666666,0.5333333333333333,0.6666666666666666,0.4666666666666667,0.6666666666666666,0.5333333333333333,0.3333333333333333,0.6,0.0,0.0,0.0,0.0,0.0,0.0,4.666666666666667,4.066666666666666,0.6666666666666666,0.7333333333333333,3.0,2.066666666666667,73.0,72.13333333333334,72.0,79.86666666666666,283.0,235.73333333333332,1672.6666666666667,1511.3333333333333,1618.3333333333333,1561.4666666666667,54.35,44.3,44.2,60.333333333333336,1,sub,54,51.726985975977456,2.273014024022544
107649,8023,http://live.fanfooty.com.au/game/matchcentre.html?id=8023,R15,2022,296211.0,Lewis,Taylor,SY,0.0,0.0,0,0.0,0.0,0.0,0.0,0.0,0.0,0.0,0.0,0.0,0.0,0.0,0.0,Full Time,sub,Started as the sub,,,,,,,Forward,28.0,0.0,0.0,0.0,0.0,0.0,0.0,,,,0.0,0.0,0.0,0.0,0.0,0.0,1.0,False,1556,1744,16,8023_SY,100.0,0,72.0,0,2.0,6.2,0.0,3.2,1.3333333333333333,2.933333333333333,0.3333333333333333,1.6666666666666667,0.0,0.0,0.0,0.4,0.3333333333333333,0.2,0.0,0.5333333333333333,0.3333333333333333,0.6,0.0,0.0,0.0,0.0,0.0,0.0,1.0,3.2666666666666666,0.0,0.6,0.3333333333333333,1.3333333333333333,27.666666666666668,49.666666666666664,13.333333333333334,58.8,26.666666666666668,,1719.3333333333333,1646.7333333333333,1574.0,1630.8666666666666,54.0,35.9,20.2,10.333333333333334,1,sub,0,40.51637098458643,-40.51637098458643
107772,8026,http://live.fanfooty.com.au/game/matchcentre.html?id=8026,R15,2022,280990.0,Steven,Motlop,PA,10.0,70.0,53,93.0,52.0,67.0,8.0,4.0,5.0,5.0,0.0,2.0,0.0,0.0,1.0,Full Time,pocket,%s from %D and %M with %T... Starting forward,,,,,,,Forward,6.0,0.0,0.0,0.0,0.0,0.0,0.0,,,,3.0,0.0,1.0,75.0,76.0,188.0,0.0,False,1504,1781,16,8026_PA,100.0,0,72.0,0,5.666666666666667,7.4,3.3333333333333335,4.133333333333334,3.3333333333333335,3.6,3.3333333333333335,2.533333333333333,0.0,0.0,0.6666666666666666,0.6666666666666666,0.6666666666666666,0.8666666666666667,0.3333333333333333,0.8,0.3333333333333333,0.4,0.0,0.0,0.0,0.0,0.0,0.0,2.6666666666666665,3.6666666666666665,0.3333333333333333,0.2,1.6666666666666667,2.0,77.66666666666667,76.73333333333333,77.0,77.13333333333334,123.33333333333333,190.6,1687.3333333333333,1593.2,1601.0,1472.8666666666666,61.1,62.1,54.2,43.333333333333336,1,pocket,53,64.81186010896535,-11.811860108965348
107784,8026,http://live.fanfooty.com.au/game/matchcentre.html?id=8026,R15,2022,293603.0,Sam,Mayes,PA,0.0,0.0,0,0.0,0.0,0.0,0.0,0.0,0.0,0.0,0.0,0.0,0.0,0.0,0.0,Full Time,sub,Started as the sub,,,,,,,Back,32.0,0.0,0.0,0.0,0.0,0.0,0.0,,,,0.0,0.0,0.0,0.0,0.0,0.0,1.0,False,1504,1781,16,8026_PA,100.0,0,72.0,0,3.0,4.066666666666666,1.3333333333333333,2.933333333333333,1.6666666666666667,1.8,1.0,1.8666666666666667,0.0,0.0,0.3333333333333333,0.4666666666666667,1.0,0.3333333333333333,0.6666666666666666,0.4666666666666667,1.3333333333333333,0.5333333333333333,0.0,0.0,0.0,0.0,0.0,0.0,2.3333333333333335,2.6,0.0,0.4,1.3333333333333333,1.3333333333333333,47.333333333333336,49.8,56.666666666666664,51.53333333333333,84.0,102.93333333333334,1685.6666666666667,1727.0,1603.0,1561.4666666666667,44.9,30.3,17.2,24.0,1,sub,0,36.48332712064505,-36.48332712064505
107978,8030,http://live.fanfooty.com.au/game/matchcentre.html?id=8030,R16,2022,290622.0,Mitch W.,Brown,ME,11.0,54.0,48,45.0,46.0,56.0,6.0,1.0,5.0,2.0,2.0,0.0,1.0,2.0,0.0,Full Time,in,%l Luke Jackson... %O including %K... also %M and %T... and scored %s,spearhead,Playing a forward/ruck role on Butts,,,,,Back,38.0,0.0,0.0,0.0,0.0,0.0,0.0,,,,1.0,0.0,2.0,57.0,62.0,190.0,1.0,False,1563,1740,17,8030_ME,97.0,0,70.0,0,5.333333333333333,7.466666666666667,2.6666666666666665,3.3333333333333335,3.6666666666666665,5.266666666666667,2.3333333333333335,1.6666666666666667,0.6666666666666666,0.5333333333333333,0.3333333333333333,0.26666666666666666,0.3333333333333333,0.8,0.6666666666666666,0.8,0.0,0.6,0.0,0.0,0.0,0.0,0.0,0.0,1.3333333333333333,2.6,0.0,0.2,1.3333333333333333,1.6,69.66666666666667,71.53333333333333,70.66666666666667,83.13333333333334,129.66666666666666,,1663.3333333333333,1593.8,1634.0,1686.9333333333334,55.35,48.2,57.0,42.666666666666664,1,in,48,46.9846338768147,1.0153661231853022
108009,8031,http://live.fanfooty.com.au/game/matchcentre.html?id=8031,R16,2022,260227.0,Shaun,Higgins,GE,2.0,16.0,9,18.0,16.0,21.0,0.0,5.0,2.0,0.0,0.0,0.0,0.0,0.0,0.0,Full Time,sub,On in Q4 for Kolodjashnij... %D with %b by hand... also %M... Started as the sub,,,,,,,Forward,4.0,0.0,0.0,0.0,0.0,0.0,0.0,,,,1.0,0.0,0.0,100.0,20.0,-6.0,0.0,False,1396,1895,17,8031_GE,97.0,0,70.0,0,6.666666666666667,7.933333333333334,8.0,9.266666666666667,3.3333333333333335,3.933333333333333,4.0,2.8666666666666667,0.0,0.0,1.0,0.8666666666666667,0.3333333333333333,0.7333333333333333,0.0,0.2,0.0,0.3333333333333333,0.0,0.0,0.0,0.0,0.0,0.0,3.3333333333333335,4.466666666666667,1.3333333333333333,1.5333333333333334,1.6666666666666667,2.466666666666667,86.33333333333333,74.6,58.333333333333336,65.26666666666667,236.0,214.73333333333332,1821.0,1720.2666666666667,1475.6666666666667,1573.2,68.25,55.0,58.8,58.0,1,sub,9,57.07682039708489,-48.07682039708489
108099,8033,http://live.fanfooty.com.au/game/matchcentre.html?id=8033,R16,2022,290032.0,Kane,Lambert,RI,0.0,11.0,10,14.0,8.0,12.0,1.0,2.0,0.0,1.0,0.0,0.0,0.0,0.0,0.0,Full Time,sub,On in Q3 for Martin... %O... Started as the sub,,,,,,,Forward,23.0,0.0,0.0,0.0,0.0,0.0,0.0,,,,1.0,0.0,0.0,100.0,33.0,36.0,1.0,False,1552,1723,17,8033_RI,97.0,0,70.0,0,4.0,8.4,4.666666666666667,7.533333333333333,1.3333333333333333,3.0,1.0,2.6666666666666665,0.0,0.0,0.0,0.4666666666666667,0.0,0.5333333333333333,0.0,0.3333333333333333,0.3333333333333333,0.2,0.0,0.0,0.0,0.0,0.0,0.0,2.0,4.266666666666667,0.6666666666666666,1.1333333333333333,2.3333333333333335,2.6,52.0,62.666666666666664,39.0,68.4,101.66666666666667,193.26666666666668,1681.3333333333333,1657.0666666666666,1608.3333333333333,1631.8,64.3,48.9,31.8,20.333333333333332,1,sub,10,49.978422536887905,-39.978422536887905
108324,8038,http://live.fanfooty.com.au/game/matchcentre.html?id=8038,R17,2022,1008171.0,Tyler,Brown,CO,0.0,0.0,0,0.0,0.0,0.0,0.0,0.0,0.0,0.0,0.0,0.0,0.0,0.0,0.0,Full Time,sub,Started as the sub,,,,,,,Midfielder,6.0,0.0,0.0,0.0,0.0,0.0,0.0,,,,0.0,0.0,0.0,0.0,0.0,0.0,1.0,False,1637,1648,18,8038_CO,99.20000000000005,0,72.0,0,1.6666666666666667,3.466666666666667,0.3333333333333333,5.6,0.6666666666666666,0.8,0.0,2.6666666666666665,0.0,0.13333333333333333,0.0,0.26666666666666666,0.3333333333333333,0.8,0.3333333333333333,0.13333333333333333,0.0,0.0,0.0,0.0,0.0,0.0,0.0,0.0,1.0,4.2,0.0,1.4,1.0,2.0,22.0,52.333333333333336,21.333333333333332,52.46666666666667,37.0,79.06666666666666,1652.0,1628.6,1627.6666666666667,1659.7333333333333,41.65,31.6,26.2,13.0,1,sub,0,32.57935068741892,-32.57935068741892
108377,8039,http://live.fanfooty.com.au/game/matchcentre.html?id=8039,R17,2022,992786.0,Jake,Aarts,RI,21.0,71.0,72,69.0,53.0,73.0,6.0,7.0,2.0,7.0,0.0,1.0,1.0,1.0,1.0,Full Time,pocket,%s from %P and %M plus %T... Playing defensive forward,,,,,,,Forward,16.0,0.0,0.0,0.0,0.0,0.0,0.0,,,,10.0,3.0,3.0,61.0,83.0,171.0,0.0,False,1661,1636,18,8039_RI,99.20000000000005,0,72.0,1,3.6666666666666665,4.8,4.333333333333333,5.266666666666667,1.0,1.8666666666666667,3.6666666666666665,2.933333333333333,0.0,0.0,0.6666666666666666,1.1333333333333333,1.0,1.0,0.3333333333333333,0.3333333333333333,0.3333333333333333,0.5333333333333333,0.0,0.0,0.0,0.0,0.0,0.0,4.666666666666667,4.8,1.3333333333333333,0.7333333333333333,1.6666666666666667,2.3333333333333335,65.33333333333333,68.53333333333333,49.333333333333336,65.93333333333334,114.33333333333333,138.0,1650.6666666666667,1603.5333333333333,1640.3333333333333,1684.2666666666667,51.7,34.9,38.0,38.0,1,pocket,72,56.15707157234827,15.842928427651728
108480,8041,http://live.fanfooty.com.au/game/matchcentre.html?id=8041,R17,2022,280804.0,Phil,Davis,WS,2.0,27.0,46,23.0,24.0,33.0,3.0,4.0,3.0,1.0,0.0,0.0,1.0,0.0,0.0,Full Time,injured,Bad hamstring strain in Q3... %M and %O,subbed,In defence on Dixon,,,,,Back,1.0,0.0,0.0,0.0,0.0,0.0,0.0,,,,2.0,0.0,1.0,85.0,45.0,88.0,1.0,True,1881,1413,18,8041_WS,99.20000000000005,0,72.0,0,6.666666666666667,6.2,5.0,4.4,4.333333333333333,4.4,1.3333333333333333,1.6,0.0,0.0,1.3333333333333333,1.0666666666666667,0.3333333333333333,1.2,0.0,0.0,0.0,0.0,0.0,0.0,0.0,0.0,0.0,0.0,4.666666666666667,4.133333333333334,0.0,0.0,1.3333333333333333,2.2,83.0,87.66666666666667,67.33333333333333,72.66666666666667,86.66666666666667,103.46666666666667,1609.6666666666667,1501.0,1686.3333333333333,1574.5333333333333,52.65,53.2,54.0,72.66666666666667,1,injured,46,43.097722514151116,2.9022774858488845
108563,8043,http://live.fanfooty.com.au/game/matchcentre.html?id=8043,R17,2022,999309.0,Jackson,Hately,AD,8.0,58.0,32,36.0,46.0,69.0,10.0,8.0,2.0,3.0,0.0,0.0,2.0,0.0,0.0,Full Time,shovel,%O and %M plus %T... Doing jobs in midfield,,,,,,,Midfielder,6.0,0.0,0.0,0.0,0.0,0.0,0.0,,,,3.0,1.0,6.0,55.0,84.0,180.0,0.0,False,1752,1546,18,8043_AD,99.20000000000005,0,72.0,0,9.0,8.4,8.333333333333334,9.266666666666667,3.3333333333333335,2.8,3.3333333333333335,4.466666666666667,0.0,0.0,0.3333333333333333,0.9333333333333333,1.0,0.7333333333333333,0.0,0.13333333333333333,0.3333333333333333,0.5333333333333333,0.0,0.0,0.0,0.0,0.0,0.0,4.0,5.266666666666667,1.3333333333333333,1.8,3.0,3.0,70.66666666666667,67.66666666666667,86.33333333333333,73.86666666666666,222.66666666666666,247.13333333333333,1611.0,1580.6666666666667,1683.3333333333333,1709.0,64.5,74.3,67.4,54.0,1,shovel,32,54.26269432564817,-22.26269432564817
108661,8045,http://live.fanfooty.com.au/game/matchcentre.html?id=8045,R18,2022,250267.0,Patrick,Ryder,SK,3.0,28.0,26,24.0,26.0,30.0,2.0,2.0,2.0,0.0,12.0,0.0,0.0,0.0,0.0,Full Time,injured,Subbed off in Q3 with a left calf injury... %H... also %P and %M,subbed,First ruck,,,,,Ruck,18.0,0.0,0.0,0.0,0.0,0.0,0.0,,,,2.0,1.0,1.0,75.0,53.0,31.0,1.0,True,1698,1580,19,8045_SK,98.20000000000005,0,72.0,0,4.666666666666667,5.666666666666667,2.0,2.066666666666667,1.6666666666666667,2.6666666666666665,2.0,2.4,22.0,22.666666666666668,1.3333333333333333,1.1333333333333333,0.6666666666666666,2.1333333333333333,0.6666666666666666,0.8666666666666667,0.3333333333333333,0.4666666666666667,0.0,0.0,0.0,0.0,0.0,0.0,4.0,5.0,1.3333333333333333,1.8666666666666667,2.0,3.6,56.333333333333336,66.66666666666667,70.66666666666667,71.26666666666667,103.0,110.4,1603.3333333333333,1662.0666666666666,1683.3333333333333,1628.9333333333334,71.75,66.6,60.2,58.666666666666664,1,injured,26,52.124546641281185,-26.124546641281185
108954,8052,http://live.fanfooty.com.au/game/matchcentre.html?id=8052,R18,2022,294429.0,Luke,Dunstan,ME,0.0,0.0,0,0.0,0.0,0.0,0.0,0.0,0.0,0.0,0.0,0.0,0.0,0.0,0.0,Full Time,sub,Started as the sub,,,,,,,Midfielder,27.0,0.0,0.0,0.0,0.0,0.0,0.0,,,,0.0,0.0,0.0,0.0,0.0,0.0,1.0,False,1671,1629,19,8052_ME,98.20000000000005,0,72.0,0,3.3333333333333335,10.666666666666666,8.0,10.933333333333334,1.0,3.2666666666666666,1.3333333333333333,3.533333333333333,0.0,0.0,0.0,1.0666666666666667,0.6666666666666666,1.2666666666666666,0.0,0.06666666666666667,0.3333333333333333,0.26666666666666666,0.0,0.0,0.0,0.0,0.0,0.0,5.666666666666667,10.0,2.3333333333333335,5.0,2.3333333333333335,3.2666666666666666,48.666666666666664,65.0,39.333333333333336,72.46666666666667,146.0,305.2,1558.0,1658.1333333333334,1725.6666666666667,1630.7333333333333,80.8,66.6,52.0,40.0,1,sub,0,61.39143180527277,-61.39143180527277
108999,8053,http://live.fanfooty.com.au/game/matchcentre.html?id=8053,R18,2022,1008190.0,Brayden,Ham,ES,0.0,0.0,0,0.0,0.0,0.0,0.0,0.0,0.0,0.0,0.0,0.0,0.0,0.0,0.0,Full Time,sub,Started as the sub,,,,,,,Midfielder,33.0,0.0,0.0,0.0,0.0,0.0,0.0,,,,0.0,0.0,0.0,0.0,0.0,0.0,1.0,False,1332,1969,19,8053_ES,98.20000000000005,0,72.0,0,3.0,4.666666666666667,4.666666666666667,5.0,3.0,2.466666666666667,0.6666666666666666,1.4,0.0,0.0,0.0,0.13333333333333333,0.0,0.6,0.0,0.26666666666666666,0.0,0.4,0.0,0.0,0.0,0.0,0.0,0.0,2.3333333333333335,2.933333333333333,0.3333333333333333,0.3333333333333333,1.0,1.7333333333333334,51.666666666666664,61.2,54.333333333333336,65.8,106.33333333333333,155.6,1834.6666666666667,1645.6,1465.6666666666667,1651.4666666666667,38.7,36.4,30.8,22.666666666666668,1,sub,0,33.94807847755787,-33.94807847755787
109448,8063,http://live.fanfooty.com.au/game/matchcentre.html?id=8063,R20,2022,280988.0,Travis,Colyer,FR,3.0,27.0,19,36.0,24.0,31.0,5.0,1.0,4.0,0.0,0.0,0.0,1.0,0.0,1.0,Full Time,wing,Kicked %s from %G and %O... Playing a forward role,,,,,,,Forward,33.0,0.0,0.0,0.0,0.0,0.0,0.0,,,,0.0,0.0,1.0,50.0,76.0,188.0,0.0,False,1688,1615,21,8063_FR,96.20000000000005,0,71.0,0,9.0,8.933333333333334,3.0,3.2,4.0,3.933333333333333,0.6666666666666666,1.8666666666666667,0.0,0.0,0.6666666666666666,0.8,0.6666666666666666,0.26666666666666666,0.0,0.4666666666666667,0.6666666666666666,0.4,0.0,0.0,0.0,0.0,0.0,0.0,3.3333333333333335,3.4,1.3333333333333333,0.6,1.0,1.0,71.0,73.86666666666666,76.66666666666667,81.0,269.3333333333333,276.26666666666665,1631.3333333333333,1700.5333333333333,1670.3333333333333,1591.6,60.25,49.7,42.8,47.666666666666664,1,wing,19,60.30063491468749,-41.30063491468749
109539,8065,http://live.fanfooty.com.au/game/matchcentre.html?id=8065,R20,2022,260382.0,Josh P.,Kennedy,SY,0.0,0.0,0,0.0,0.0,0.0,0.0,0.0,0.0,0.0,0.0,0.0,0.0,0.0,0.0,Full Time,sub,Started as the sub,,,,,,,Midfielder,12.0,0.0,0.0,0.0,0.0,0.0,0.0,,,,0.0,0.0,0.0,0.0,0.0,0.0,1.0,False,1333,1969,21,8065_SY,96.20000000000005,0,71.0,0,4.0,8.333333333333334,4.0,9.533333333333333,1.3333333333333333,3.2666666666666666,1.0,2.6666666666666665,0.0,0.0,0.0,0.3333333333333333,0.3333333333333333,0.7333333333333333,0.3333333333333333,0.2,0.0,0.2,0.0,0.0,0.0,0.0,0.0,0.0,2.6666666666666665,8.0,1.6666666666666667,3.533333333333333,1.3333333333333333,2.2666666666666666,62.666666666666664,69.33333333333333,37.0,63.4,56.666666666666664,197.66666666666666,1767.6666666666667,1596.7333333333333,1517.3333333333333,1465.2,73.8,55.7,52.8,34.0,1,sub,0,57.460352356180465,-57.460352356180465
109783,8070,http://live.fanfooty.com.au/game/matchcentre.html?id=8070,R20,2022,298336.0,Nakia,Cockatoo,BL,4.0,39.0,51,26.0,32.0,45.0,7.0,2.0,4.0,2.0,0.0,0.0,2.0,0.0,0.0,Full Time,in,%l Brandon Starcevich... %D including %K... also %M and %T,guard,Rotating at half back,,,,,Forward,12.0,0.0,0.0,0.0,0.0,0.0,0.0,,,,3.0,0.0,2.0,77.0,76.0,199.0,0.0,False,1604,1633,21,8070_BL,96.20000000000005,0,71.0,0,9.0,4.466666666666667,2.3333333333333335,3.4,3.3333333333333335,1.8,3.3333333333333335,2.933333333333333,0.0,0.0,0.3333333333333333,0.6666666666666666,0.6666666666666666,0.5333333333333333,0.0,0.4666666666666667,0.3333333333333333,0.2,0.0,0.0,0.0,0.0,0.0,0.0,4.0,3.6,1.0,0.4666666666666667,1.0,1.0,63.333333333333336,64.53333333333333,79.0,63.86666666666667,244.0,123.66666666666667,1611.3333333333333,1578.8,1666.3333333333333,1490.6666666666667,46.25,40.5,43.4,63.0,1,in,51,48.22445164156156,2.775548358438442
109937,8074,http://live.fanfooty.com.au/game/matchcentre.html?id=8074,R21,2022,992644.0,Braydon,Preuss,WS,10.0,60.0,93,74.0,54.0,66.0,8.0,1.0,4.0,1.0,23.0,0.0,2.0,0.0,1.0,Full Time,ruck,%H... also %P and %M... and booted %s... First ruck,,,,,,,Ruck,11.0,0.0,0.0,0.0,0.0,0.0,0.0,,,,5.0,3.0,4.0,44.0,72.0,272.0,0.0,False,1462,1840,22,8074_WS,99.0,0,72.0,1,9.666666666666666,7.2,3.0,3.4,4.0,3.4,2.3333333333333335,1.8666666666666667,30.666666666666668,27.733333333333334,1.3333333333333333,1.7333333333333334,2.6666666666666665,1.8666666666666667,0.3333333333333333,0.13333333333333333,1.0,0.6,0.0,0.0,0.0,0.0,0.0,0.0,7.333333333333333,7.333333333333333,3.0,2.4,5.666666666666667,4.0,45.333333333333336,54.733333333333334,74.0,70.06666666666666,294.3333333333333,,1538.3333333333333,1597.3333333333333,1762.6666666666667,1689.8,78.95,91.9,75.8,80.66666666666667,1,ruck,93,89.9335114127015,3.066488587298494
109959,8074,http://live.fanfooty.com.au/game/matchcentre.html?id=8074,R21,2022,294654.0,James,Stewart,ES,10.0,53.0,67,38.0,44.0,53.0,7.0,3.0,4.0,1.0,2.0,2.0,0.0,1.0,0.0,Full Time,spearhead,%s from %O and %M... In attack on Aleer,,,,,,,Forward,17.0,0.0,0.0,0.0,0.0,0.0,0.0,,,,4.0,3.0,3.0,80.0,72.0,138.0,0.0,False,1840,1462,22,8074_ES,99.0,0,72.0,0,6.666666666666667,7.533333333333333,3.6666666666666665,4.6,5.0,5.266666666666667,0.6666666666666666,1.0666666666666667,0.6666666666666666,0.13333333333333333,1.0,0.4,1.3333333333333333,1.2666666666666666,1.3333333333333333,0.26666666666666666,0.0,0.0,0.0,0.0,0.0,0.0,0.0,0.0,5.333333333333333,4.666666666666667,1.0,0.26666666666666666,3.3333333333333335,2.6666666666666665,68.66666666666667,76.0,78.33333333333333,86.66666666666667,138.66666666666666,188.86666666666667,1617.6666666666667,1649.8666666666666,1683.0,1648.8,59.45,59.3,57.8,63.0,1,spearhead,67,61.341200047516736,5.658799952483264
110023,8076,http://live.fanfooty.com.au/game/matchcentre.html?id=8076,R21,2022,291526.0,Luke,Dahlhaus,GE,13.0,67.0,58,82.0,54.0,72.0,5.0,13.0,2.0,4.0,0.0,4.0,0.0,0.0,0.0,Full Time,in,%l Patrick Dangerfield... %D with %b by hand... also %T and %M... umps paid him %4FF,wing,Playing a forward role,,,,,Midfielder,40.0,0.0,0.0,0.0,0.0,0.0,0.0,,,,7.0,0.0,0.0,72.0,66.0,63.0,0.0,False,1481,1808,22,8076_GE,99.0,0,72.0,0,3.3333333333333335,4.8,8.333333333333334,7.6,1.0,2.4,3.3333333333333335,3.3333333333333335,0.0,0.0,2.3333333333333335,1.1333333333333333,0.0,0.3333333333333333,0.0,0.3333333333333333,0.0,0.5333333333333333,0.0,0.0,0.0,0.0,0.0,0.0,5.666666666666667,5.2,0.3333333333333333,0.8666666666666667,0.6666666666666666,1.4666666666666666,68.0,70.73333333333333,68.33333333333333,65.53333333333333,57.666666666666664,94.4,1744.0,1722.5333333333333,1541.3333333333333,1569.9333333333334,54.2,50.7,47.8,48.333333333333336,1,in,58,48.26798083225812,9.732019167741882
110115,8078,http://live.fanfooty.com.au/game/matchcentre.html?id=8078,R21,2022,291550.0,Josh,Walker,NM,9.0,56.0,54,73.0,49.0,63.0,7.0,5.0,8.0,1.0,0.0,0.0,1.0,0.0,0.0,Full Time,job,%O and %M... Playing key defender on Reid,,,,,,,Forward,19.0,0.0,0.0,0.0,0.0,0.0,0.0,,,,5.0,0.0,4.0,83.0,88.0,264.0,0.0,False,1753,1545,22,8078_NM,99.0,0,72.0,0,8.0,7.0,4.666666666666667,4.866666666666666,7.0,5.266666666666667,1.0,1.0,0.0,0.0,1.0,0.9333333333333333,0.3333333333333333,0.7333333333333333,0.0,0.0,0.0,0.06666666666666667,0.0,0.0,0.0,0.0,0.0,0.0,6.666666666666667,5.066666666666666,0.3333333333333333,0.13333333333333333,2.3333333333333335,2.066666666666667,72.66666666666667,81.33333333333333,90.66666666666667,91.4,209.66666666666666,174.2,1499.6666666666667,1458.7333333333333,1790.6666666666667,1835.8666666666666,61.65,65.4,68.2,71.66666666666667,1,job,54,53.77966433120667,0.22033566879333222
110169,8079,http://live.fanfooty.com.au/game/matchcentre.html?id=8079,R21,2022,294168.0,Marcus,Adams,BL,1.0,16.0,28,22.0,12.0,15.0,2.0,0.0,2.0,1.0,0.0,0.0,0.0,0.0,0.0,Full Time,injured,Heavy knock in a contest in Q4 and did not return... %M and %O,job,In defence on Charlie Curnow,,,,,Back,24.0,0.0,0.0,0.0,0.0,0.0,0.0,,,,0.0,0.0,0.0,100.0,65.0,21.0,1.0,True,1577,1710,22,8079_BL,99.0,0,72.0,0,7.0,9.733333333333333,1.3333333333333333,2.933333333333333,2.6666666666666665,5.6,1.3333333333333333,1.4666666666666666,0.0,0.0,0.6666666666666666,0.8666666666666667,1.0,0.8666666666666667,0.0,0.06666666666666667,0.0,0.0,0.0,0.0,0.0,0.0,0.0,0.0,3.0,4.4,0.3333333333333333,0.2,2.3333333333333335,2.6,76.66666666666667,74.06666666666666,84.66666666666667,94.53333333333333,208.0,268.46666666666664,1684.6666666666667,1684.9333333333334,1576.3333333333333,1598.4,63.85,65.9,61.8,48.0,1,injured,28,44.44800489760745,-16.448004897607447
110192,8080,http://live.fanfooty.com.au/game/matchcentre.html?id=8080,R21,2022,240406.0,Josh J.,Kennedy,WC,49.0,120.0,156,141.0,107.0,122.0,11.0,4.0,8.0,1.0,0.0,1.0,0.0,8.0,2.0,Full Time,target,Three long set shot goals in Q1... Booted %s from %G and %P,spearhead,At FF on Butts then got Murray in Q2,,,,,Forward,17.0,0.0,0.0,0.0,0.0,0.0,0.0,,,,6.0,0.0,0.0,73.0,88.0,331.0,0.0,False,1541,1753,22,8080_WC,99.0,1,72.0,1,7.333333333333333,6.4,4.333333333333333,2.466666666666667,5.666666666666667,3.8666666666666667,1.6666666666666667,1.4,0.0,0.0,0.6666666666666666,0.7333333333333333,0.0,1.2,4.0,2.466666666666667,0.6666666666666666,0.8666666666666667,0.0,0.0,0.0,0.0,0.0,0.0,5.0,3.533333333333333,0.0,0.0,0.3333333333333333,2.3333333333333335,74.33333333333333,66.6,89.33333333333333,86.33333333333333,183.66666666666666,167.06666666666666,1626.3333333333333,1422.8,1672.0,1648.9333333333334,61.0,65.1,90.0,96.66666666666667,1,target,156,63.36166024107069,92.6383397589293
110302,8082,http://live.fanfooty.com.au/game/matchcentre.html?id=8082,R22,2022,280763.0,Stefan,Martin,WB,3.0,32.0,29,38.0,28.0,35.0,2.0,4.0,2.0,1.0,8.0,0.0,0.0,0.0,0.0,Full Time,ruck,%H... also %P and %M... Tandem ruck with English,,,,,,,Ruck,8.0,0.0,0.0,0.0,0.0,0.0,0.0,,,,4.0,2.0,0.0,83.0,59.0,84.0,1.0,False,1733,1560,23,8082_WB,98.0,0,71.0,0,2.6666666666666665,3.466666666666667,7.0,6.8,1.3333333333333333,1.2,1.3333333333333333,2.0,14.666666666666666,16.8,1.6666666666666667,1.2,2.0,1.8666666666666667,0.0,0.06666666666666667,0.0,0.0,0.0,0.0,0.0,0.0,0.0,0.0,6.0,6.866666666666666,2.6666666666666665,2.8,3.3333333333333335,3.466666666666667,83.0,64.2,71.66666666666667,68.66666666666667,56.666666666666664,47.86666666666667,1566.3333333333333,1676.2666666666667,1712.0,1608.6,54.35,56.0,59.0,51.0,1,ruck,29,69.85562002632227,-40.85562002632227
110343,8083,http://live.fanfooty.com.au/game/matchcentre.html?id=8083,R22,2022,999316.0,James,Rowe,AD,14.0,58.0,77,69.0,49.0,64.0,9.0,6.0,2.0,0.0,0.0,0.0,0.0,2.0,1.0,Full Time,in,%l Wayne Milera... %s from %P and %M,wing,Playing a half forward role,,,,,Forward,31.0,0.0,0.0,0.0,0.0,0.0,0.0,,,,6.0,0.0,1.0,80.0,72.0,190.0,0.0,False,1535,1733,23,8083_AD,98.0,0,71.0,1,4.333333333333333,7.6,3.0,5.933333333333334,0.6666666666666666,3.4,1.0,1.6,0.0,0.0,0.6666666666666666,1.0666666666666667,0.0,0.5333333333333333,0.6666666666666666,0.8,0.3333333333333333,0.7333333333333333,0.0,0.0,0.0,0.0,0.0,0.0,4.0,4.733333333333333,0.3333333333333333,0.8666666666666667,0.3333333333333333,1.8,55.0,67.8,48.333333333333336,68.86666666666666,115.66666666666667,207.33333333333334,1617.6666666666667,1644.7333333333333,1672.0,1644.6666666666667,53.1,59.6,45.6,40.333333333333336,1,in,77,44.090801581665666,32.909198418334334
110363,8083,http://live.fanfooty.com.au/game/matchcentre.html?id=8083,R22,2022,291861.0,Jed,Anderson,NM,9.0,59.0,56,54.0,48.0,66.0,5.0,10.0,4.0,3.0,0.0,0.0,0.0,0.0,0.0,Full Time,injured,Copped a boot to the face in Q3 and looked proppy but played on before being pulled at 3QT with concussion... %O and %M plus %T,shovel,Playing midfield,,,,,Forward,3.0,0.0,0.0,0.0,0.0,0.0,0.0,,,,4.0,1.0,1.0,80.0,47.0,185.0,1.0,True,1733,1535,23,8083_NM,98.0,0,71.0,0,9.333333333333334,10.866666666666667,11.333333333333334,11.0,4.666666666666667,3.8,3.0,4.2,0.0,0.0,1.3333333333333333,1.2666666666666666,0.6666666666666666,1.0,0.3333333333333333,0.26666666666666666,0.6666666666666666,0.2,0.0,0.0,0.0,0.0,0.0,0.0,7.666666666666667,8.8,3.3333333333333335,3.6,2.6666666666666665,4.0,66.33333333333333,63.4,63.0,72.53333333333333,289.3333333333333,290.0,1498.6666666666667,1487.4,1789.6666666666667,1802.6,78.6,81.2,71.0,70.66666666666667,1,injured,56,60.76363851357084,-4.7636385135708395
110491,8086,http://live.fanfooty.com.au/game/matchcentre.html?id=8086,R22,2022,271045.0,Nic,Naitanui,WC,15.0,75.0,100,62.0,61.0,72.0,8.0,1.0,3.0,4.0,24.0,3.0,1.0,0.0,0.0,Full Time,ruck,%H... also %P and %T... helped out by %4FF... First ruck,,,,,,,Ruck,9.0,0.0,0.0,0.0,0.0,0.0,0.0,,,,7.0,7.0,3.0,66.0,66.0,186.0,1.0,False,1714,1580,23,8086_WC,98.0,1,71.0,1,4.666666666666667,6.266666666666667,8.333333333333334,8.133333333333333,2.0,1.6,4.0,2.0,29.666666666666668,30.866666666666667,1.6666666666666667,1.2,0.6666666666666666,1.4666666666666666,0.0,0.26666666666666666,0.0,0.13333333333333333,0.0,0.0,0.0,0.0,0.0,0.0,10.0,12.4,6.333333333333333,6.866666666666666,1.6666666666666667,3.066666666666667,68.33333333333333,63.0,70.33333333333333,69.0,129.0,178.13333333333333,1666.0,1490.4,1621.3333333333333,1579.0,109.3,101.3,100.6,105.33333333333333,1,ruck,100,109.26424558422187,-9.264245584221868
110529,8087,http://live.fanfooty.com.au/game/matchcentre.html?id=8087,R22,2022,991933.0,Jason,Castagna,RI,6.0,19.0,19,22.0,16.0,21.0,1.0,3.0,0.0,1.0,0.0,0.0,0.0,1.0,0.0,Full Time,sub,On in Q4 for Graham... %O and %s... Started as the sub,,,,,,,Back,11.0,0.0,0.0,0.0,0.0,0.0,0.0,,,,3.0,0.0,0.0,75.0,25.0,19.0,0.0,False,1465,1836,23,8087_RI,98.0,0,71.0,0,5.666666666666667,6.666666666666667,3.6666666666666665,5.4,3.0,3.933333333333333,2.0,2.2,0.0,0.0,0.6666666666666666,0.4666666666666667,0.0,0.5333333333333333,0.3333333333333333,0.8,0.6666666666666666,0.6,0.0,0.0,0.0,0.0,0.0,0.0,3.3333333333333335,4.6,0.0,0.06666666666666667,1.0,2.533333333333333,66.0,60.53333333333333,49.666666666666664,73.8,121.0,198.06666666666666,1713.6666666666667,1664.1333333333334,1575.3333333333333,1624.2666666666667,50.55,49.4,40.2,40.333333333333336,1,sub,19,43.56000688117242,-24.56000688117242
110590,8088,http://live.fanfooty.com.au/game/matchcentre.html?id=8088,R22,2022,1002770.0,Callum,Brown,CO,3.0,42.0,45,30.0,37.0,51.0,5.0,9.0,3.0,0.0,0.0,0.0,0.0,0.0,0.0,Full Time,sub,On after HT for Ginnivan... %D and %M... Started as the sub,,,,,,,Midfielder,17.0,0.0,0.0,0.0,0.0,0.0,0.0,,,,4.0,0.0,0.0,85.0,46.0,171.0,0.0,False,1886,1361,23,8088_CO,98.0,0,71.0,0,3.6666666666666665,4.133333333333334,7.0,7.8,1.3333333333333333,2.066666666666667,1.3333333333333333,3.2,0.0,0.0,1.3333333333333333,0.5333333333333333,0.3333333333333333,0.4666666666666667,0.3333333333333333,0.13333333333333333,0.0,0.2,0.0,0.0,0.0,0.0,0.0,0.0,3.6666666666666665,3.533333333333333,0.3333333333333333,0.8666666666666667,1.6666666666666667,1.7333333333333334,71.33333333333333,77.0,62.666666666666664,62.333333333333336,110.66666666666667,89.86666666666666,1487.6666666666667,1620.4,1790.6666666666667,1667.9333333333334,46.5,45.3,36.8,33.0,1,sub,45,42.174698376520006,2.8253016234799944
110773,8092,http://live.fanfooty.com.au/game/matchcentre.html?id=8092,R23,2022,1006087.0,Caleb,Graham,GC,4.0,41.0,62,24.0,34.0,45.0,7.0,4.0,4.0,0.0,0.0,0.0,0.0,0.0,0.0,Full Time,job,%M and %O... In defence on Comben,,,0.0,,0.0,,Back,46.0,0.0,0.0,0.0,0.0,0.0,0.0,0.0,,,2.0,0.0,0.0,90.0,92.0,122.0,0.0,False,1566,1729,24,8092_GC,96.0,0,73.0,0,7.666666666666667,6.333333333333333,4.0,2.533333333333333,5.333333333333333,3.466666666666667,1.6666666666666667,0.9333333333333333,0.0,0.13333333333333333,1.3333333333333333,0.8666666666666667,0.0,0.6,0.0,0.06666666666666667,0.0,0.0,0.0,0.0,0.0,0.0,0.0,0.0,3.6666666666666665,3.3333333333333335,0.6666666666666666,0.2,0.3333333333333333,1.7333333333333334,81.33333333333333,81.33333333333333,91.0,90.33333333333333,174.33333333333334,154.53333333333333,1607.6666666666667,1485.5333333333333,1682.3333333333333,1584.4666666666667,53.35,60.4,63.8,69.0,1,job,62,50.78591920873406,11.214080791265943
110804,8093,http://live.fanfooty.com.au/game/matchcentre.html?id=8093,R23,2022,281373.0,Jack,Redden,WC,20.0,98.0,93,65.0,79.0,106.0,15.0,10.0,8.0,2.0,0.0,0.0,0.0,0.0,1.0,Full Time,wing,%D and %M with %T... %s as well... Playing a wing role,,,0.0,,0.0,,Midfielder,8.0,0.0,0.0,0.0,0.0,0.0,0.0,0.0,,,3.0,1.0,2.0,80.0,79.0,263.0,0.0,False,1762,1528,24,8093_WC,96.0,0,73.0,1,10.666666666666666,11.533333333333333,9.666666666666666,10.2,5.666666666666667,5.733333333333333,5.333333333333333,6.066666666666666,0.0,0.0,1.3333333333333333,1.2666666666666666,0.6666666666666666,0.4,0.3333333333333333,0.26666666666666666,0.3333333333333333,0.06666666666666667,0.0,0.0,0.0,0.0,0.0,0.0,6.666666666666667,8.4,2.3333333333333335,3.6,2.6666666666666665,1.8,74.66666666666667,76.53333333333333,83.33333333333333,83.0,185.0,214.33333333333334,1620.3333333333333,1547.9333333333334,1672.3333333333333,1744.1333333333334,93.15,95.5,95.4,86.66666666666667,1,wing,93,84.03031532520885,8.969684674791154
110812,8093,http://live.fanfooty.com.au/game/matchcentre.html?id=8093,R23,2022,1004286.0,Zac,Langdon,WC,14.0,68.0,37,62.0,55.0,72.0,7.0,6.0,7.0,4.0,0.0,1.0,1.0,0.0,0.0,Full Time,pocket,%D and %M with %T... Playing a deep forward role,,,0.0,,0.0,,Forward,7.0,0.0,0.0,0.0,0.0,0.0,0.0,0.0,,,1.0,0.0,3.0,84.0,86.0,-13.0,0.0,False,1762,1528,24,8093_WC,96.0,0,73.0,0,5.0,5.0,5.666666666666667,6.733333333333333,3.0,3.3333333333333335,4.666666666666667,2.8,0.0,0.0,0.6666666666666666,0.6,0.6666666666666666,0.8666666666666667,0.3333333333333333,0.3333333333333333,0.0,0.26666666666666666,0.0,0.0,0.0,0.0,0.0,0.0,3.0,5.4,0.0,0.2,1.6666666666666667,1.9333333333333333,80.0,74.8,80.66666666666667,81.06666666666666,73.0,116.26666666666667,1620.3333333333333,1451.2666666666667,1672.3333333333333,1622.2666666666667,50.75,50.2,46.2,50.666666666666664,1,pocket,37,59.09785199433189,-22.09785199433189
110817,8093,http://live.fanfooty.com.au/game/matchcentre.html?id=8093,R23,2022,298298.0,Jackson,Nelson,WC,9.0,47.0,47,45.0,37.0,54.0,4.0,8.0,2.0,4.0,0.0,0.0,1.0,0.0,0.0,Full Time,shovel,%D and %M with %T... Doing jobs in midfield,,,0.0,,0.0,,Back,30.0,0.0,0.0,0.0,0.0,0.0,0.0,0.0,,,5.0,3.0,2.0,83.0,76.0,51.0,0.0,False,1762,1528,24,8093_WC,96.0,0,73.0,0,5.0,8.133333333333333,5.0,5.666666666666667,2.0,3.6,3.0,2.1333333333333333,0.0,0.0,1.0,0.6,1.0,0.7333333333333333,0.0,0.06666666666666667,0.0,0.0,0.0,0.0,0.0,0.0,0.0,0.0,4.666666666666667,4.466666666666667,2.3333333333333335,1.5333333333333334,1.3333333333333333,2.0,74.66666666666667,72.4,81.0,85.4,104.0,176.06666666666666,1558.3333333333333,1398.2,1736.6666666666667,1672.4,49.0,51.6,58.0,48.0,1,shovel,47,40.075319308232196,6.924680691767804
110840,8094,http://live.fanfooty.com.au/game/matchcentre.html?id=8094,R23,2022,270935.0,Michael,Hurley,ES,8.0,31.0,35,38.0,26.0,30.0,5.0,1.0,2.0,0.0,0.0,2.0,0.0,1.0,0.0,Full Time,heart,First AFL game in 2 years... %D with %k by foot... also %M... and scored %s,spearhead,Up forward on Balta,0.0,,0.0,,Back,18.0,0.0,0.0,0.0,0.0,0.0,0.0,0.0,,,2.0,0.0,0.0,83.0,75.0,151.0,0.0,True,1838,1461,24,8094_ES,96.0,0,73.0,0,6.666666666666667,10.6,2.0,4.466666666666667,3.6666666666666665,5.866666666666666,0.3333333333333333,0.3333333333333333,0.0,0.0,0.6666666666666666,0.7333333333333333,0.6666666666666666,0.8,0.3333333333333333,0.06666666666666667,0.0,0.0,0.0,0.0,0.0,0.0,0.0,0.0,2.3333333333333335,3.2666666666666666,0.0,0.26666666666666666,1.0,2.2,82.0,82.86666666666666,84.0,91.66666666666667,137.66666666666666,267.2,1441.6666666666667,1563.6,1846.3333333333333,1709.2666666666667,73.4,74.5,55.8,42.666666666666664,1,heart,35,70.21386040065103,-35.21386040065103
110876,8095,http://live.fanfooty.com.au/game/matchcentre.html?id=8095,R23,2022,261396.0,Robbie,Gray,PA,15.0,68.0,86,84.0,58.0,71.0,8.0,4.0,6.0,1.0,0.0,0.0,0.0,2.0,2.0,Full Time,gun,%O and %M plus %s,pocket,Starting forward,0.0,,0.0,,Midfielder,9.0,0.0,0.0,0.0,0.0,0.0,0.0,0.0,,,5.0,0.0,2.0,50.0,91.0,116.0,0.0,False,1389,1883,24,8095_PA,96.0,0,73.0,1,8.0,6.333333333333333,6.666666666666667,8.466666666666667,3.3333333333333335,3.1333333333333333,2.6666666666666665,2.6,0.0,0.0,0.6666666666666666,0.4666666666666667,1.0,0.7333333333333333,1.0,0.9333333333333333,0.6666666666666666,0.4666666666666667,0.0,0.0,0.0,0.0,0.0,0.0,5.666666666666667,5.933333333333334,1.3333333333333333,1.3333333333333333,3.3333333333333335,2.6666666666666665,66.66666666666667,74.2,80.66666666666667,80.13333333333334,112.66666666666667,142.06666666666666,1732.6666666666667,1727.6666666666667,1548.0,1559.3333333333333,71.75,69.7,73.2,70.0,1,gun,86,71.78780032950507,14.212199670494925
110928,8096,http://live.fanfooty.com.au/game/matchcentre.html?id=8096,R23,2022,261323.0,Ben,McEvoy,HW,16.0,50.0,56,55.0,49.0,54.0,3.0,2.0,2.0,0.0,21.0,1.0,1.0,2.0,0.0,Full Time,ruck,%H... also %P and %M... and scored %s... Tandem ruck with Lynch,,,0.0,,0.0,,Ruck,7.0,0.0,0.0,0.0,0.0,0.0,0.0,0.0,,,3.0,1.0,2.0,100.0,94.0,34.0,0.0,False,1738,1562,24,8096_HW,96.0,0,73.0,0,4.333333333333333,5.2,4.333333333333333,6.333333333333333,1.3333333333333333,3.4,4.666666666666667,3.0,27.0,18.466666666666665,2.6666666666666665,1.6,0.3333333333333333,0.5333333333333333,1.3333333333333333,0.6666666666666666,0.0,0.3333333333333333,0.0,0.0,0.0,0.0,0.0,0.0,6.0,6.8,2.0,1.9333333333333333,1.3333333333333333,1.9333333333333333,79.33333333333333,74.06666666666666,86.66666666666667,82.73333333333333,110.66666666666667,94.8,1552.0,1645.4,1747.6666666666667,1649.4666666666667,91.75,89.4,95.2,95.0,1,ruck,56,92.39901616034194,-36.399016160341944
110979,8097,http://live.fanfooty.com.au/game/matchcentre.html?id=8097,R23,2022,291773.0,Jack,Newnes,CA,0.0,0.0,0,0.0,0.0,0.0,0.0,0.0,0.0,0.0,0.0,0.0,0.0,0.0,0.0,Full Time,sub,Started as the sub,,,0.0,,0.0,,Midfielder,32.0,0.0,0.0,0.0,0.0,0.0,0.0,0.0,,,0.0,0.0,0.0,0.0,0.0,0.0,1.0,False,1573,1728,24,8097_CA,96.0,0,73.0,0,5.333333333333333,9.0,3.0,5.2,1.3333333333333333,4.0,2.0,1.8666666666666667,0.0,0.0,0.3333333333333333,0.3333333333333333,1.6666666666666667,1.0,0.3333333333333333,0.26666666666666666,0.0,0.26666666666666666,0.0,0.0,0.0,0.0,0.0,0.0,3.3333333333333335,3.8,0.3333333333333333,0.7333333333333333,2.0,2.1333333333333333,37.0,63.333333333333336,53.0,68.86666666666666,150.66666666666666,229.26666666666668,1635.3333333333333,1716.0,1661.6666666666667,1574.6,60.75,52.5,29.2,30.333333333333332,1,sub,0,48.55537378691407,-48.55537378691407
111004,8098,http://live.fanfooty.com.au/game/matchcentre.html?id=8098,R23,2022,290117.0,Dan,Hannebery,SK,26.0,107.0,109,139.0,79.0,114.0,18.0,12.0,2.0,6.0,0.0,2.0,1.0,0.0,0.0,Full Time,heart,Massive in his last game... %D and %M with %T,wing,Playing outside midfield,0.0,,0.0,,Midfielder,10.0,0.0,0.0,0.0,0.0,0.0,0.0,0.0,,,13.0,7.0,3.0,66.0,70.0,585.0,0.0,True,1606,1669,24,8098_SK,96.0,1,73.0,1,11.333333333333334,9.666666666666666,11.333333333333334,10.466666666666667,2.3333333333333335,2.4,2.6666666666666665,2.2,0.0,0.0,1.0,0.6,0.3333333333333333,0.6,0.3333333333333333,0.2,0.0,0.2,0.0,0.0,0.0,0.0,0.0,0.0,9.666666666666666,7.866666666666666,5.0,4.133333333333334,2.3333333333333335,2.6666666666666665,66.33333333333333,66.26666666666667,61.0,66.26666666666667,377.3333333333333,,1654.0,1513.9333333333334,1629.0,1542.6,74.3,65.1,75.2,80.66666666666667,1,heart,109,82.45665955324824,26.543340446751756
111011,8098,http://live.fanfooty.com.au/game/matchcentre.html?id=8098,R23,2022,293987.0,Jarrod,Lienert,SK,14.0,76.0,86,102.0,65.0,87.0,17.0,3.0,9.0,0.0,0.0,1.0,3.0,0.0,0.0,Full Time,guard,%P including %K... also %M... gave away %F... Rotating in defence,,,0.0,,0.0,,Midfielder,31.0,0.0,0.0,0.0,0.0,0.0,0.0,0.0,,,4.0,1.0,4.0,80.0,71.0,456.0,0.0,False,1606,1669,24,8098_SK,96.0,0,73.0,1,12.0,10.533333333333333,4.0,4.133333333333334,6.666666666666667,4.6,3.3333333333333335,2.066666666666667,1.3333333333333333,0.4666666666666667,0.6666666666666666,0.4,2.0,1.0,0.0,0.0,0.3333333333333333,0.06666666666666667,0.0,0.0,0.0,0.0,0.0,0.0,3.3333333333333335,3.4,1.0,1.0,3.3333333333333335,2.7333333333333334,75.66666666666667,74.53333333333333,77.0,66.4,327.6666666666667,295.73333333333335,1712.3333333333333,1702.2666666666667,1573.6666666666667,1588.0,63.55,59.1,69.0,74.0,1,guard,86,89.67401879398054,-3.6740187939805367
111023,8098,http://live.fanfooty.com.au/game/matchcentre.html?id=8098,R23,2022,294570.0,Dean,Kent,SK,6.0,29.0,40,40.0,19.0,27.0,2.0,2.0,1.0,4.0,0.0,0.0,0.0,0.0,0.0,Full Time,sub,On in Q3 for Clark... %O and %T... Started as the sub,,,0.0,,0.0,,Forward,25.0,0.0,0.0,0.0,0.0,0.0,0.0,0.0,,,0.0,0.0,0.0,100.0,38.0,87.0,0.0,False,1606,1669,24,8098_SK,96.0,0,73.0,0,4.333333333333333,6.6,4.0,4.2,2.3333333333333335,3.8666666666666667,2.3333333333333335,2.466666666666667,0.0,0.0,0.0,0.3333333333333333,0.6666666666666666,0.8,1.0,0.5333333333333333,0.0,0.4666666666666667,0.0,0.0,0.0,0.0,0.0,0.0,2.0,2.533333333333333,0.0,0.26666666666666666,2.0,2.3333333333333335,92.0,73.2,60.666666666666664,73.4,180.66666666666666,215.73333333333332,1703.0,1653.1333333333334,1577.3333333333333,1629.8666666666666,56.05,53.5,56.8,50.333333333333336,1,sub,40,46.433760959295874,-6.433760959295874
111228,8301,http://live.fanfooty.com.au/game/matchcentre.html?id=8301,EF,2022,290311.0,Mitch,Robinson,BL,2.0,26.0,37,33.0,21.0,33.0,5.0,5.0,0.0,1.0,0.0,0.0,1.0,0.0,0.0,Full Time,wing,%D... Starting in midfield,,,0.0,,0.0,,Midfielder,5.0,0.0,0.0,0.0,0.0,0.0,0.0,0.0,,,6.0,1.0,2.0,60.0,61.0,168.0,1.0,False,1573,1676,30,8301_BL,98.0,0,71.0,0,6.0,8.8,3.3333333333333335,5.2,2.3333333333333335,2.933333333333333,0.3333333333333333,2.066666666666667,0.0,0.0,0.3333333333333333,0.8,0.3333333333333333,0.6666666666666666,0.6666666666666666,0.6666666666666666,0.0,0.13333333333333333,0.0,0.0,0.0,0.0,0.0,0.0,3.3333333333333335,5.4,1.0,1.6666666666666667,0.6666666666666666,2.933333333333333,78.66666666666667,66.0,40.333333333333336,63.0,200.0,276.6,1639.6666666666667,1558.6,1637.3333333333333,1503.2,59.55,48.8,48.4,38.666666666666664,1,wing,37,60.126996483665366,-23.126996483665366
111248,8301,http://live.fanfooty.com.au/game/matchcentre.html?id=8301,EF,2022,270325.0,Robbie,Tarrant,RI,3.0,33.0,53,25.0,26.0,33.0,5.0,1.0,3.0,2.0,0.0,2.0,1.0,0.0,0.0,Full Time,job,%P including %K... also %M and %T... At FB on Daniher,,,0.0,,0.0,,Back,6.0,0.0,0.0,0.0,0.0,0.0,0.0,0.0,,,3.0,0.0,1.0,100.0,91.0,207.0,0.0,False,1676,1573,30,8301_RI,98.0,0,71.0,0,4.333333333333333,5.8,3.0,3.933333333333333,2.6666666666666665,4.466666666666667,1.0,1.2,0.0,0.0,1.0,0.6,1.3333333333333333,1.0666666666666667,0.0,0.0,0.0,0.0,0.0,0.0,0.0,0.0,0.0,0.0,2.0,4.133333333333334,0.0,0.06666666666666667,1.6666666666666667,1.8666666666666667,96.66666666666667,83.53333333333333,90.0,91.06666666666666,131.33333333333334,156.0,1749.0,1656.6,1534.0,1627.9333333333334,57.45,58.9,41.8,46.666666666666664,1,job,53,46.37858136450501,6.62141863549499
111251,8301,http://live.fanfooty.com.au/game/matchcentre.html?id=8301,EF,2022,260930.0,Shane,Edwards,RI,1.0,22.0,42,12.0,16.0,21.0,4.0,2.0,0.0,1.0,0.0,2.0,0.0,0.0,0.0,Full Time,sub,On in Q2 for Prestia... %D... Started as the sub,,,0.0,,0.0,,Midfielder,10.0,0.0,0.0,0.0,0.0,0.0,0.0,0.0,,,5.0,2.0,1.0,83.0,44.0,45.0,0.0,False,1676,1573,30,8301_RI,98.0,0,71.0,0,7.333333333333333,7.266666666666667,3.0,5.666666666666667,2.3333333333333335,2.533333333333333,1.3333333333333333,1.4,0.0,0.0,0.6666666666666666,0.5333333333333333,0.6666666666666666,0.3333333333333333,1.6666666666666667,0.8666666666666667,0.0,0.4,0.0,0.0,0.0,0.0,0.0,0.0,3.3333333333333335,4.4,0.6666666666666666,0.6666666666666666,1.0,1.2,80.66666666666667,76.26666666666667,64.0,72.66666666666667,211.0,205.4,1749.0,1684.2,1534.0,1601.6,60.05,60.6,61.6,65.33333333333333,1,sub,42,48.79519693013842,-6.795196930138417
111379,8304,http://live.fanfooty.com.au/game/matchcentre.html?id=8304,EF,2022,992054.0,Roarke,Smith,WB,10.0,54.0,74,36.0,46.0,60.0,8.0,5.0,4.0,1.0,0.0,1.0,1.0,1.0,0.0,Full Time,wing,%D and %M plus %s... Playing a wing role,,,0.0,,0.0,,Back,37.0,0.0,0.0,0.0,0.0,0.0,0.0,0.0,,,10.0,2.0,3.0,69.0,75.0,169.0,0.0,False,1646,1658,30,8304_WB,98.0,0,71.0,1,6.333333333333333,6.066666666666666,4.333333333333333,5.133333333333334,2.3333333333333335,2.6,1.0,2.0,0.0,0.0,1.0,0.6,0.6666666666666666,0.6,1.3333333333333333,0.4666666666666667,0.0,0.2,0.0,0.0,0.0,0.0,0.0,0.0,6.0,5.2,1.3333333333333333,0.8,1.3333333333333333,2.066666666666667,49.0,56.8,49.666666666666664,62.666666666666664,134.66666666666666,145.13333333333333,1652.0,1641.5333333333333,1647.0,1645.4666666666667,49.4,51.6,42.6,58.333333333333336,1,wing,74,52.20144949563327,21.79855050436673
111462,8306,http://live.fanfooty.com.au/game/matchcentre.html?id=8306,SF,2022,240052.0,David,Mundy,FR,15.0,72.0,86,49.0,59.0,81.0,11.0,7.0,4.0,3.0,0.0,1.0,2.0,1.0,0.0,Full Time,shovel,%D and %M with %T... %s as well... Playing central midfield,,,0.0,,0.0,,Midfielder,16.0,0.0,0.0,0.0,0.0,0.0,0.0,0.0,,,8.0,3.0,3.0,88.0,71.0,299.0,0.0,False,1657,1644,32,8306_FR,103.4,0,71.0,1,11.0,10.133333333333333,11.666666666666666,12.333333333333334,4.0,3.0,2.0,2.6666666666666665,0.0,0.0,0.3333333333333333,0.6666666666666666,1.6666666666666667,0.8,0.6666666666666666,0.26666666666666666,0.0,0.26666666666666666,0.0,0.0,0.0,0.0,0.0,0.0,9.333333333333334,8.266666666666667,5.0,4.133333333333334,3.3333333333333335,2.8,78.66666666666667,73.53333333333333,70.33333333333333,69.46666666666667,296.3333333333333,288.06666666666666,1665.3333333333333,1696.8,1635.3333333333333,1595.6666666666667,78.65,82.6,83.0,85.0,1,shovel,86,65.08562988446889,20.914370115531113
111521,8307,http://live.fanfooty.com.au/game/matchcentre.html?id=8307,PF,2022,993828.0,Rhys,Mathieson,BL,3.0,37.0,34,29.0,33.0,48.0,4.0,9.0,2.0,1.0,0.0,0.0,1.0,0.0,0.0,Full Time,sub,On in Q3 for Rayner... %O and %M... Started as the sub,,,0.0,,0.0,,Midfielder,36.0,0.0,0.0,0.0,0.0,0.0,0.0,0.0,,,10.0,6.0,1.0,69.0,31.0,114.0,0.0,False,1859,1397,33,8307_BL,92.60000000000001,0,71.0,0,7.333333333333333,6.4,9.333333333333334,6.933333333333334,3.3333333333333335,2.4,1.3333333333333333,2.466666666666667,0.0,0.0,0.3333333333333333,1.4,0.3333333333333333,0.8,0.0,0.2,0.0,0.3333333333333333,0.0,0.0,0.0,0.0,0.0,0.0,10.333333333333334,7.2,4.333333333333333,3.8,1.3333333333333333,1.9333333333333333,71.0,56.333333333333336,57.666666666666664,51.93333333333333,185.66666666666666,178.26666666666668,1535.3333333333333,1636.3333333333333,1731.3333333333333,1646.2,56.55,68.7,69.2,59.0,1,sub,34,53.53513735465329,-19.535137354653287
111539,8308,http://live.fanfooty.com.au/game/matchcentre.html?id=8308,PF,2022,290188.0,Sam,Reid,SY,9.0,38.0,53,47.0,35.0,43.0,3.0,3.0,4.0,1.0,4.0,0.0,1.0,1.0,0.0,Full Time,injured,Right hamstring soreness in Q2... subbed off at HT... Scored %s from %G and %D,subbed,Up forward on Moore,0.0,,0.0,,Forward,20.0,0.0,0.0,0.0,0.0,0.0,0.0,0.0,,,4.0,1.0,1.0,83.0,33.0,72.0,1.0,True,1577,1716,33,8308_SY,92.60000000000001,0,71.0,0,5.333333333333333,6.466666666666667,4.333333333333333,5.133333333333334,4.666666666666667,4.333333333333333,3.0,4.466666666666667,4.0,7.533333333333333,0.0,1.0,1.6666666666666667,1.2666666666666666,1.0,1.1333333333333333,1.0,1.1333333333333333,0.0,0.0,0.0,0.0,0.0,0.0,6.666666666666667,7.0,1.6666666666666667,1.5333333333333334,2.3333333333333335,2.4,76.66666666666667,72.26666666666667,63.333333333333336,78.06666666666666,128.66666666666666,186.0,1652.3333333333333,1715.3333333333333,1637.6666666666667,1575.4,79.85,80.2,72.6,67.0,1,injured,53,57.55264654785383,-4.552646547853833
111569,8309,http://live.fanfooty.com.au/game/matchcentre.html?id=8309,GF,2022,250321.0,Joel,Selwood,GE,31.0,113.0,107,143.0,91.0,120.0,14.0,12.0,8.0,4.0,0.0,1.0,0.0,1.0,0.0,Full Time,gun,%O and %M plus %T... %s as well,shovel,Leading the inside mids,0.0,,0.0,,Midfielder,14.0,0.0,0.0,0.0,0.0,0.0,0.0,0.0,,,6.0,0.0,3.0,76.0,66.0,221.0,0.0,False,1320,1964,34,8309_GE,107.2,0,67.0,1,11.666666666666666,11.2,9.333333333333334,9.933333333333334,3.6666666666666665,3.466666666666667,4.666666666666667,4.4,0.0,0.0,1.6666666666666667,2.0,0.3333333333333333,1.4666666666666666,0.6666666666666666,0.4,0.0,0.2,0.0,0.0,0.0,0.0,0.0,0.0,9.0,9.2,3.6666666666666665,4.733333333333333,2.3333333333333335,3.533333333333333,71.66666666666667,70.73333333333333,66.66666666666667,71.46666666666667,309.0,271.0,1812.0,1718.0666666666666,1465.3333333333333,1567.6,86.7,84.4,94.6,95.0,1,gun,107,84.24974502120659,22.750254978793407
112669,8424,http://live.fanfooty.com.au/game/matchcentre.html?id=8424,R3,2023,294504.0,Tom,Clurey,PA,1.0,16.0,29,23.0,12.0,18.0,2.0,1.0,1.0,2.0,0.0,0.0,1.0,0.0,0.0,Full Time,job,%O and %T... In defence on Thilthorpe,,,384400.0,0.0,,,Back,17.0,19.0,56.05,0.0,0.0,0.04,0.1,,,,2.0,1.0,1.0,100.0,93.0,30.0,0.0,False,1714,1544,4,8424_PA,97.0,0,72.0,0,4.0,7.333333333333333,1.6666666666666667,2.6,3.6666666666666665,5.0,1.0,1.0666666666666667,0.0,0.0,0.3333333333333333,0.26666666666666666,1.0,0.7333333333333333,0.0,0.0,0.0,0.0,0.0,0.0,0.013333333333333334,0.0026666666666666666,0.03333333333333333,0.006666666666666667,2.0,3.1333333333333333,0.3333333333333333,0.06666666666666667,1.3333333333333333,1.6,94.33333333333333,86.53333333333333,94.33333333333333,91.4,90.0,126.6,1652.3333333333333,1740.0666666666666,1627.6666666666667,1549.1333333333334,60.75,51.8,49.0,37.333333333333336,1,job,29,47.46187420968859,-18.461874209688588
112891,8429,http://live.fanfooty.com.au/game/matchcentre.html?id=8429,R4,2023,1004894.0,Aiden,Bonar,NM,3.0,28.0,39,36.0,26.0,39.0,2.0,7.0,2.0,2.0,0.0,0.0,2.0,0.0,0.0,Full Time,job,%P including %B... also %M and %T... On Silvagni,,,246600.0,0.0,,,Midfielder,16.0,3.0,62.67,0.0,0.0,0.56,1.42,,,,4.0,0.0,2.0,100.0,88.0,41.0,1.0,False,1750,1543,5,8429_NM,97.20000000000005,0,71.0,0,3.6666666666666665,4.733333333333333,9.0,4.866666666666666,3.3333333333333335,2.2,2.0,1.7333333333333334,0.0,0.0,0.3333333333333333,0.26666666666666666,1.0,0.8666666666666667,0.0,0.0,0.0,0.0,0.26,0.052000000000000005,0.37333333333333335,0.07466666666666667,0.9466666666666667,0.18933333333333333,5.0,3.0,0.0,0.3333333333333333,1.6666666666666667,1.8,90.33333333333333,80.2,85.33333333333333,74.46666666666667,80.0,103.0,1608.6666666666667,1568.2,1687.3333333333333,1722.3333333333333,51.4,49.7,58.0,56.666666666666664,1,job,39,46.34065306187533,-7.340653061875329
112956,8430,http://live.fanfooty.com.au/game/matchcentre.html?id=8430,R4,2023,294125.0,Nathan,Wilson,FR,3.0,42.0,43,16.0,30.0,39.0,10.0,0.0,2.0,1.0,0.0,2.0,0.0,0.0,0.0,Full Time,guard,%D including %B... also %M... Rotating at half back,,,444200.0,0.0,,,Back,14.0,20.0,71.75,0.0,0.0,0.38,0.2,,,,4.0,1.0,1.0,60.0,82.0,371.0,0.0,False,1784,1500,5,8430_FR,97.20000000000005,0,71.0,0,10.0,11.666666666666666,3.3333333333333335,4.533333333333333,4.666666666666667,4.533333333333333,0.6666666666666666,1.0,0.0,0.0,0.6666666666666666,0.7333333333333333,0.0,0.6666666666666666,0.0,0.0,0.0,0.13333333333333333,0.0,0.018000000000000002,0.38,0.10133333333333333,0.2,0.05333333333333334,2.3333333333333335,3.8666666666666667,0.3333333333333333,0.4,1.0,1.8666666666666667,73.33333333333333,81.73333333333333,81.0,80.8,332.3333333333333,381.93333333333334,1601.3333333333333,1577.6,1681.0,1708.5333333333333,68.8,65.3,56.4,49.0,1,guard,43,89.85917402362516,-46.85917402362516
113074,8433,http://live.fanfooty.com.au/game/matchcentre.html?id=8433,R4,2023,298312.0,Paddy,McCartin,SY,0.0,4.0,4,6.0,2.0,3.0,0.0,0.0,0.0,1.0,0.0,0.0,0.0,0.0,0.0,Full Time,injured,Concussed after his head hit the ground in a contest with Marshall in Q1,subbed,At FB on Dixon,,,,,Forward,39.0,0.0,0.0,0.0,0.66,0.79,0.87,,,,0.0,0.0,0.0,0.0,3.0,0.0,1.0,True,1579,1685,5,8433_SY,97.20000000000005,0,71.0,0,5.333333333333333,8.266666666666667,2.6666666666666665,2.8666666666666667,3.0,4.266666666666667,0.3333333333333333,1.0,0.0,0.0,0.0,1.0,0.3333333333333333,0.4666666666666667,0.0,0.06666666666666667,0.0,0.0,0.66,0.17600000000000002,0.79,0.21066666666666667,0.87,0.232,2.3333333333333335,4.8,0.0,0.2,0.6666666666666666,1.0666666666666667,58.0,76.86666666666666,54.333333333333336,73.26666666666667,119.0,147.26666666666668,1667.3333333333333,1716.9333333333334,1617.6666666666667,1569.6,63.1,53.0,48.2,46.666666666666664,1,injured,4,43.11824595663431,-39.11824595663431
113267,8437,http://live.fanfooty.com.au/game/matchcentre.html?id=8437,R5,2023,294624.0,Lachie,Plowman,CA,5.0,55.0,47,37.0,44.0,57.0,9.0,3.0,5.0,2.0,0.0,2.0,1.0,0.0,0.0,Full Time,in,%l Mitch McGovern... %D including %K... also %M and %T,job,In defence on Thilthorpe,302100.0,0.0,,,Back,20.0,13.0,48.38,0.0,0.0,0.07,0.08,,,,4.0,0.0,2.0,75.0,74.0,112.0,0.0,False,1887,1408,6,8437_CA,98.20000000000005,0,69.0,0,8.666666666666666,6.4,5.0,5.8,4.333333333333333,3.8,1.0,1.8666666666666667,0.0,0.0,2.0,0.9333333333333333,0.3333333333333333,0.5333333333333333,0.0,0.0,0.0,0.0,0.0,0.0,0.023333333333333334,0.004666666666666667,0.02666666666666667,0.005333333333333333,6.0,4.866666666666666,0.6666666666666666,0.3333333333333333,1.6666666666666667,1.5333333333333334,79.33333333333333,82.2,79.66666666666667,80.8,163.0,141.53333333333333,1625.6666666666667,1712.4,1663.6666666666667,1572.6666666666667,55.65,59.8,54.2,59.666666666666664,1,in,47,51.78120802601664,-4.7812080260166425
113749,8448,http://live.fanfooty.com.au/game/matchcentre.html?id=8448,R6,2023,291509.0,Adam,Kennedy,WS,0.0,11.0,9,13.0,10.0,12.0,1.0,2.0,1.0,0.0,0.0,1.0,0.0,0.0,0.0,Full Time,injured,On in Q3 for Taylor... right knee injury in Q4 in a clash with Coleman and did not return... %P,sub,Started as the sub,,0.0,,,Back,40.0,6.0,69.83,0.0,0.0,0.04,0.06,,,,1.0,0.0,0.0,100.0,15.0,33.0,1.0,True,1538,1720,7,8448_WS,97.20000000000005,0,73.0,0,2.0,7.733333333333333,3.0,4.133333333333334,0.6666666666666666,4.266666666666667,0.3333333333333333,0.8666666666666667,0.0,0.0,0.3333333333333333,0.5333333333333333,0.3333333333333333,0.4666666666666667,0.0,0.0,0.0,0.0,0.0,0.012666666666666666,0.04,0.013333333333333334,0.06,0.02,2.0,2.466666666666667,0.0,0.3333333333333333,0.3333333333333333,1.1333333333333333,83.33333333333333,80.4,48.333333333333336,71.73333333333333,61.666666666666664,193.53333333333333,1652.3333333333333,1639.0,1627.3333333333333,1652.2,55.7,42.3,32.6,18.0,1,injured,9,34.64600779177892,-25.64600779177892
114117,8456,http://live.fanfooty.com.au/game/matchcentre.html?id=8456,R7,2023,998129.0,Will,Brodie,FR,8.0,72.0,64,47.0,60.0,84.0,10.0,14.0,3.0,1.0,0.0,1.0,0.0,0.0,0.0,Full Time,shovel,%O and %M... Rotating in midfield,,,,0.0,,,Midfielder,17.0,8.0,68.38,0.0,0.0,0.66,0.85,,,,12.0,5.0,6.0,62.0,73.0,312.0,0.0,False,1706,1590,8,8456_FR,100.0,0,71.5,0,8.0,9.933333333333334,14.0,13.733333333333333,1.0,2.4,2.6666666666666665,5.066666666666666,0.0,0.0,0.6666666666666666,1.1333333333333333,0.0,0.8666666666666667,0.0,0.3333333333333333,0.0,0.13333333333333333,0.0,0.03866666666666666,0.66,0.22000000000000003,0.85,0.2833333333333333,10.333333333333334,10.066666666666666,5.666666666666667,5.066666666666666,3.6666666666666665,4.0,63.0,68.86666666666666,62.666666666666664,66.86666666666666,260.6666666666667,271.0,1617.3333333333333,1674.0666666666666,1668.6666666666667,1616.9333333333334,91.95,79.9,71.2,70.33333333333333,1,shovel,64,73.66259886147583,-9.662598861475828
114960,8476,http://live.fanfooty.com.au/game/matchcentre.html?id=8476,R9,2023,1009189.0,Jack,Mahony,NM,2.0,32.0,32,40.0,25.0,36.0,3.0,6.0,1.0,2.0,0.0,0.0,0.0,0.0,0.0,Full Time,longterminjured,Probable dislocated shoulder in Q4... %O and %T,pocket,Playing small forward,,,,,Midfielder,1.0,0.0,0.0,0.0,0.12,0.05,0.03,,,,2.0,0.0,1.0,44.0,57.0,35.0,1.0,True,1767,1535,10,8476_NM,97.0,0,70.0,0,6.0,6.4,5.0,4.666666666666667,3.6666666666666665,3.2666666666666666,1.6666666666666667,2.933333333333333,0.0,0.0,0.0,0.9333333333333333,0.3333333333333333,0.8666666666666667,0.3333333333333333,0.5333333333333333,0.0,0.06666666666666667,0.08,0.016,0.03333333333333333,0.006666666666666667,0.02,0.004,1.6666666666666667,3.7333333333333334,0.3333333333333333,0.8666666666666667,1.3333333333333333,2.4,72.66666666666667,71.8,67.33333333333333,73.2,122.0,143.2,1558.3333333333333,1393.5333333333333,1738.3333333333333,1685.0,51.5,46.1,39.4,45.0,1,longterminjured,32,50.81242622885251,-18.81242622885251
111791,8404,http://live.fanfooty.com.au/game/matchcentre.html?id=8404,R10,2023,1004940.0,Sam,Simpson,GE,2.0,18.0,20,19.0,15.0,24.0,1.0,5.0,0.0,2.0,0.0,0.0,1.0,0.0,0.0,Full Time,wall,Subbed off in Q4 for Dempsey... %D with %b by hand... also %T,subbed,Rotating in attack,,0.0,,,Forward,37.0,1.0,31.0,0.0,0.0,0.85,0.51,,,,1.0,1.0,1.0,83.0,66.0,71.0,1.0,True,1887,1405,11,8404_GE,97.40000000000009,0,70.0,0,4.0,5.8,5.666666666666667,6.2,1.3333333333333333,2.533333333333333,1.6666666666666667,2.0,0.0,0.0,0.0,0.6,0.6666666666666666,0.7333333333333333,1.0,0.7333333333333333,0.3333333333333333,0.4666666666666667,0.0,0.0,0.85,0.2833333333333333,0.51,0.16999999999999998,3.6666666666666665,5.266666666666667,0.6666666666666666,1.4666666666666666,1.0,1.5333333333333334,80.66666666666667,71.86666666666666,76.33333333333333,71.26666666666667,139.33333333333334,138.93333333333334,1569.0,1743.0666666666666,1717.3333333333333,1538.3333333333333,62.8,59.4,57.8,50.333333333333336,1,wall,20,65.19588616395838,-45.19588616395838
115592,8499,http://live.fanfooty.com.au/game/matchcentre.html?id=8499,R11,2023,1000932.0,Tom,Doedee,AD,2.0,34.0,54,45.0,26.0,39.0,4.0,5.0,1.0,3.0,0.0,0.0,1.0,0.0,0.0,Full Time,job,%O and %T... Starting at half back on Gunston,,,,0.0,,,Back,39.0,20.0,72.5,0.0,0.0,0.36,0.47,,,,4.0,2.0,3.0,66.0,85.0,73.0,1.0,False,1518,1778,12,8499_AD,98.0,0,73.0,0,6.666666666666667,8.066666666666666,7.666666666666667,7.266666666666667,4.0,4.133333333333334,1.3333333333333333,1.8,0.0,0.0,0.3333333333333333,0.6666666666666666,0.6666666666666666,0.8666666666666667,0.0,0.0,0.0,0.0,0.0,0.036000000000000004,0.36,0.23999999999999996,0.47,0.3133333333333333,4.333333333333333,4.8,1.0,0.3333333333333333,2.3333333333333335,2.2666666666666666,76.66666666666667,79.73333333333333,93.66666666666667,94.33333333333333,156.66666666666666,196.33333333333334,1733.6666666666667,1648.4,1551.3333333333333,1635.8,70.35,74.6,64.6,65.0,1,job,54,58.2804633612386,-4.280463361238603
115659,8500,http://live.fanfooty.com.au/game/matchcentre.html?id=8500,R12,2023,1002259.0,Lochie,O'Brien,CA,3.0,37.0,27,20.0,30.0,39.0,7.0,2.0,4.0,0.0,0.0,0.0,0.0,0.0,0.0,Full Time,wing,Matched up on Langdon... %O with %k by foot... also %M... Playing an outside game,,,,0.0,,,Back,4.0,17.0,53.59,0.0,0.0,0.13,0.06,,,,1.0,0.0,2.0,66.0,73.0,202.0,0.0,False,1793,1495,13,8500_CA,96.0,0,73.0,0,7.0,9.933333333333334,2.6666666666666665,4.066666666666666,4.0,4.4,1.3333333333333333,1.4666666666666666,0.0,0.0,0.0,0.6,0.6666666666666666,0.4666666666666667,0.0,0.2,0.0,0.2,0.0,0.0,0.13,0.043333333333333335,0.06,0.02,2.0,3.066666666666667,0.6666666666666666,0.6666666666666666,3.0,2.7333333333333334,73.0,69.2,59.333333333333336,70.53333333333333,180.66666666666666,293.46666666666664,1680.3333333333333,1703.8666666666666,1611.3333333333333,1587.2,54.65,43.7,26.0,30.333333333333332,1,wing,27,54.70798708672267,-27.707987086722667
115728,8502,http://live.fanfooty.com.au/game/matchcentre.html?id=8502,R12,2023,1003192.0,Connor,West,WC,1.0,11.0,6,16.0,6.0,9.0,1.0,0.0,0.0,2.0,0.0,0.0,0.0,0.0,0.0,Full Time,injured,Left knee injury when Long fell across it in Q1... subbed off for Clark... %T,subbed,Starting forward,,,,,Midfielder,36.0,0.0,0.0,0.0,0.08,0.13,0.33,,,,0.0,0.0,1.0,0.0,7.0,19.0,1.0,True,1725,1572,13,8502_WC,96.0,0,73.0,0,3.6666666666666665,4.733333333333333,4.333333333333333,6.0,1.3333333333333333,1.8666666666666667,1.6666666666666667,2.4,0.0,0.0,2.0,0.8666666666666667,0.0,0.9333333333333333,0.0,0.4,0.6666666666666666,0.4666666666666667,0.08,0.042666666666666665,0.13,0.06933333333333333,0.33,0.17600000000000002,4.0,4.666666666666667,1.3333333333333333,1.1333333333333333,1.0,2.466666666666667,46.333333333333336,61.733333333333334,57.0,69.2,68.0,134.66666666666666,1438.0,1497.8666666666666,1847.3333333333333,1785.8,52.2,42.1,44.0,29.333333333333332,1,injured,6,38.32820639237726,-32.32820639237726
115786,8503,http://live.fanfooty.com.au/game/matchcentre.html?id=8503,R12,2023,291327.0,Jonathon,Ceglar,GE,10.0,60.0,45,51.0,53.0,60.0,5.0,2.0,4.0,1.0,24.0,1.0,0.0,0.0,0.0,Full Time,subbed,Subbed off in Q4... %H... also %D and %M... First ruck,,,,0.0,,,Ruck,15.0,10.0,62.9,0.0,0.0,0.22,0.14,,,,3.0,3.0,0.0,71.0,55.0,76.0,1.0,True,1721,1578,13,8503_GE,96.0,0,73.0,0,5.333333333333333,5.666666666666667,6.666666666666667,8.6,3.6666666666666665,3.6666666666666665,1.0,1.4666666666666666,23.333333333333332,23.333333333333332,1.0,0.5333333333333333,0.3333333333333333,1.2666666666666666,0.0,0.0,0.0,0.06666666666666667,0.0,0.0,0.22,0.08800000000000001,0.14,0.05600000000000001,8.666666666666666,9.333333333333334,4.333333333333333,4.933333333333334,1.6666666666666667,2.7333333333333334,65.66666666666667,67.06666666666666,62.666666666666664,66.2,73.0,131.26666666666668,1534.6666666666667,1660.4,1759.3333333333333,1629.4,82.25,74.9,81.4,69.0,1,subbed,45,85.59277748776753,-40.592777487767535
116060,8509,http://live.fanfooty.com.au/game/matchcentre.html?id=8509,R13,2023,271072.0,Daniel,Rich,BL,4.0,52.0,52,27.0,42.0,54.0,10.0,3.0,5.0,0.0,0.0,1.0,0.0,0.0,0.0,Full Time,injured,Subbed off at 3QT for Coleman with ice on left shin... %D including %K... also %M,subbed,Starting at half back,,0.0,,,Back,10.0,17.0,71.35,0.0,0.0,1.01,1.13,,,,1.0,0.0,0.0,84.0,61.0,203.0,0.0,True,1757,1518,14,8509_BL,96.19999999999999,0,72.0,0,16.333333333333332,16.266666666666666,2.6666666666666665,3.1333333333333333,7.333333333333333,4.333333333333333,0.3333333333333333,0.8,0.0,0.0,0.3333333333333333,0.8666666666666667,1.0,0.6,0.3333333333333333,0.13333333333333333,0.0,0.06666666666666667,0.0,0.09866666666666667,1.01,0.4713333333333333,1.13,0.5273333333333333,2.3333333333333335,4.0,1.6666666666666667,1.4666666666666666,2.3333333333333335,2.1333333333333333,81.33333333333333,81.6,66.33333333333333,74.6,498.0,508.73333333333335,1580.6666666666667,1621.4,1708.3333333333333,1660.6666666666667,89.75,83.2,77.6,75.66666666666667,1,injured,52,67.85472231360038,-15.854722313600377
116158,8512,http://live.fanfooty.com.au/game/matchcentre.html?id=8512,R13,2023,296735.0,Aaron,Hall,NM,26.0,105.0,120,138.0,77.0,108.0,16.0,9.0,5.0,6.0,0.0,0.0,0.0,0.0,0.0,Full Time,seagull,%O and %M plus %T,guard,Floating from half back,,0.0,,,Midfielder,43.0,6.0,71.67,0.0,0.0,1.53,3.59,,,,5.0,0.0,0.0,80.0,84.0,410.0,0.0,False,1684,1612,14,8512_NM,96.19999999999999,1,72.0,1,15.333333333333334,17.333333333333332,7.0,5.466666666666667,4.666666666666667,4.8,3.3333333333333335,2.6666666666666665,0.0,0.0,0.3333333333333333,0.4,0.3333333333333333,0.3333333333333333,0.0,0.13333333333333333,0.0,0.2,0.0,0.0,1.53,0.612,3.59,1.436,4.0,4.266666666666667,0.0,0.5333333333333333,2.0,2.7333333333333334,79.0,76.73333333333333,82.33333333333333,73.8,431.6666666666667,523.9333333333333,1591.3333333333333,1493.1333333333334,1698.3333333333333,1796.6666666666667,92.95,86.9,93.4,87.33333333333333,1,seagull,120,92.76377303773077,27.236226962269228
116561,8520,http://live.fanfooty.com.au/game/matchcentre.html?id=8520,R14,2023,296041.0,Tim,O'Brien,WB,2.0,21.0,44,11.0,17.0,21.0,4.0,1.0,2.0,0.0,0.0,1.0,0.0,0.0,0.0,Full Time,injured,Mothballed at HT with a hamstring injury... %O with %k by foot... also %M,job,Starting in defence on Coleman-Jones,,0.0,,,Forward,22.0,12.0,48.5,0.0,0.0,0.05,0.04,,,,2.0,0.0,0.0,100.0,42.0,122.0,1.0,True,1471,1824,15,8520_WB,98.0,0,72.0,0,8.666666666666666,8.133333333333333,3.0,2.6666666666666665,4.666666666666667,5.333333333333333,1.0,1.0,0.0,0.0,0.3333333333333333,0.7333333333333333,0.0,0.4,0.0,0.06666666666666667,0.0,0.0,0.0,0.0,0.05,0.020000000000000004,0.04,0.016000000000000028,2.3333333333333335,3.6,0.0,0.2,0.6666666666666666,1.1333333333333333,84.33333333333333,83.13333333333334,69.0,80.4,212.33333333333334,189.33333333333334,1753.6666666666667,1709.8,1540.3333333333333,1577.6,65.9,58.4,53.4,58.333333333333336,1,injured,44,48.272799568707136,-4.272799568707136
116984,8530,http://live.fanfooty.com.au/game/matchcentre.html?id=8530,R16,2023,1001449.0,Mitch,Hannan,WB,8.0,40.0,49,52.0,29.0,39.0,5.0,2.0,1.0,3.0,0.0,0.0,0.0,1.0,0.0,Full Time,subbed,Subbed off at 3QT for West... %s from %O and %T... Starting forward,,,,0.0,,,Forward,29.0,12.0,59.92,0.0,0.0,0.12,0.06,,,,3.0,0.0,1.0,85.0,61.0,188.0,1.0,True,1723,1581,17,8530_WB,100.0,0,72.0,0,6.333333333333333,6.866666666666666,2.3333333333333335,2.8,3.3333333333333335,3.066666666666667,2.6666666666666665,1.9333333333333333,0.0,0.26666666666666666,1.0,0.8666666666666667,1.0,0.7333333333333333,0.6666666666666666,0.7333333333333333,0.6666666666666666,0.5333333333333333,0.0,0.0,0.12,0.04,0.06,0.02,4.0,4.4,0.0,0.13333333333333333,1.6666666666666667,2.2666666666666666,60.666666666666664,69.73333333333333,71.0,75.33333333333333,220.33333333333334,205.53333333333333,1671.0,1636.5333333333333,1626.0,1653.8666666666666,52.45,48.0,45.6,50.333333333333336,1,subbed,49,63.30061799692446,-14.300617996924458
117325,8537,http://live.fanfooty.com.au/game/matchcentre.html?id=8537,R17,2023,1009186.0,Trent,Bianco,CO,2.0,34.0,20,16.0,27.0,36.0,7.0,2.0,3.0,0.0,0.0,0.0,0.0,0.0,0.0,Full Time,wing,On in Q3 for Hoskin-Elliott... %P with %k by foot... also %M,sub,Started as the sub,,,,,Midfielder,8.0,0.0,0.0,0.0,0.16,0.65,0.24,,,,1.0,0.0,3.0,44.0,40.0,177.0,0.0,False,1552,1731,18,8537_CO,96.20000000000005,0,73.0,0,7.666666666666667,7.466666666666667,3.3333333333333335,3.4,3.0,3.6,1.6666666666666667,2.2,0.0,0.0,0.3333333333333333,0.5333333333333333,0.6666666666666666,0.6,0.3333333333333333,0.26666666666666666,0.0,0.13333333333333333,0.05333333333333334,0.010666666666666666,0.21666666666666667,0.043333333333333335,0.08,0.016,3.6666666666666665,3.066666666666667,0.6666666666666666,0.6666666666666666,2.3333333333333335,2.6666666666666665,73.0,64.53333333333333,54.666666666666664,64.06666666666666,167.0,192.53333333333333,1655.0,1605.4,1637.3333333333333,1684.5333333333333,43.25,44.1,43.0,44.666666666666664,1,wing,20,49.3085850577865,-29.3085850577865
118260,8558,http://live.fanfooty.com.au/game/matchcentre.html?id=8558,R19,2023,240399.0,Lance,Franklin,SY,21.0,72.0,93,66.0,64.0,79.0,6.0,5.0,6.0,3.0,0.0,1.0,2.0,3.0,1.0,Full Time,x-factor,Can still be the difference in a game... %s from %O and %M plus %T,moose,Up forward on Pearce,,,,,Forward,23.0,0.0,0.0,0.0,0.23,0.26,0.36,,,,5.0,0.0,4.0,81.0,90.0,213.0,0.0,False,1588,1712,20,8558_SY,98.0,0,72.0,1,8.333333333333334,6.466666666666667,4.333333333333333,3.0,5.333333333333333,4.066666666666666,3.6666666666666665,2.3333333333333335,0.0,0.0,2.3333333333333335,1.3333333333333333,1.6666666666666667,2.0,2.3333333333333335,1.4,1.3333333333333333,1.0,0.23,0.18400000000000002,0.26,0.20800000000000002,0.36,0.28800000000000003,5.666666666666667,4.466666666666667,0.3333333333333333,0.13333333333333333,3.6666666666666665,3.8,65.66666666666667,65.26666666666667,88.33333333333333,89.53333333333333,228.33333333333334,150.2,1656.3333333333333,1619.1333333333334,1618.0,1660.7333333333333,63.9,61.0,64.6,87.0,1,x-factor,93,70.77205503756974,22.227944962430257
118562,8565,http://live.fanfooty.com.au/game/matchcentre.html?id=8565,R20,2023,997501.0,Ryan,Gardner,WB,2.0,22.0,23,29.0,19.0,27.0,5.0,2.0,2.0,0.0,0.0,0.0,1.0,0.0,0.0,Full Time,spud,Gone to grab donuts with Riccardi in Q1... %D including %K... also %M,job,In defence on Riccardi,,0.0,,,Back,43.0,0.0,0.0,0.0,0.0,0.12,0.09,,,,3.0,0.0,4.0,42.0,100.0,107.0,0.0,False,1680,1607,21,8565_WB,100.20000000000005,0,71.0,0,6.333333333333333,6.666666666666667,2.0,3.4,3.0,4.466666666666667,0.6666666666666666,1.1333333333333333,0.0,0.0,0.0,0.6666666666666666,0.3333333333333333,0.7333333333333333,0.0,0.06666666666666667,0.0,0.0,0.0,0.0,0.12,0.07200000000000001,0.09,0.054,2.0,4.0,0.3333333333333333,0.13333333333333333,3.0,1.8,61.666666666666664,76.13333333333334,98.66666666666667,97.93333333333334,153.33333333333334,149.93333333333334,1590.3333333333333,1661.3333333333333,1692.3333333333333,1630.9333333333334,62.8,59.9,51.6,40.0,1,spud,23,61.76728311939949,-38.76728311939949
118563,8565,http://live.fanfooty.com.au/game/matchcentre.html?id=8565,R20,2023,291492.0,Josh,Bruce,WB,1.0,21.0,26,28.0,15.0,18.0,2.0,1.0,1.0,2.0,0.0,2.0,0.0,0.0,0.0,Full Time,injured,Right knee injury in Q3 and in a lot of pain... %O and %T,job,In defence on Cadman,,,,,Forward,17.0,0.0,0.0,0.0,7.18,12.52,0.3,,,,4.0,0.0,1.0,100.0,53.0,115.0,1.0,True,1680,1607,21,8565_WB,100.20000000000005,0,71.0,0,3.0,5.133333333333334,3.3333333333333335,4.2,2.6666666666666665,4.133333333333334,1.0,1.6666666666666667,0.0,1.1333333333333333,1.0,0.5333333333333333,1.0,1.4666666666666666,0.0,0.4,0.0,0.3333333333333333,7.18,3.829333333333333,12.52,6.677333333333333,0.3,0.16,3.0,3.933333333333333,0.0,0.2,2.3333333333333335,2.8666666666666667,90.0,77.8,81.66666666666667,85.33333333333333,102.0,107.6,1642.0,1648.4666666666667,1645.3333333333333,1642.0,48.6,48.1,42.0,35.333333333333336,1,injured,26,34.93627909034781,-8.93627909034781
118842,8571,http://live.fanfooty.com.au/game/matchcentre.html?id=8571,R20,2023,1004909.0,Lachie,Young,NM,16.0,71.0,76,67.0,52.0,69.0,7.0,5.0,5.0,6.0,0.0,1.0,0.0,0.0,0.0,Full Time,guard,%D and %M with %T... In defence,,,,,,,Back,17.0,0.0,0.0,0.0,0.04,0.1,0.1,,,,5.0,0.0,3.0,83.0,85.0,278.0,0.0,False,1810,1465,21,8571_NM,100.20000000000005,0,71.0,1,6.666666666666667,8.466666666666667,5.0,5.4,4.0,5.466666666666667,3.6666666666666665,2.933333333333333,0.0,0.0,0.6666666666666666,0.8,0.0,0.8,0.0,0.06666666666666667,0.0,0.06666666666666667,0.04,0.010666666666666666,0.1,0.02666666666666667,0.1,0.02666666666666667,4.0,3.6,0.0,0.13333333333333333,3.0,2.466666666666667,78.33333333333333,82.13333333333334,82.66666666666667,85.6,238.33333333333334,258.1333333333333,1524.6666666666667,1522.4666666666667,1756.0,1764.4,68.0,70.0,63.8,58.333333333333336,1,guard,76,89.45145212115307,-13.451452121153068
119236,8580,http://live.fanfooty.com.au/game/matchcentre.html?id=8580,R21,2023,1005547.0,Josh,Corbett,FR,7.0,31.0,27,39.0,26.0,31.0,3.0,1.0,3.0,1.0,0.0,0.0,0.0,1.0,1.0,Full Time,froggy,%s from %P and %M... Starting forward on Lester,,,,,,,Forward,19.0,0.0,0.0,0.0,0.7,0.56,0.2,,,,1.0,0.0,1.0,50.0,75.0,-1.0,1.0,False,1636,1649,22,8580_FR,95.20000000000005,0,71.0,0,5.333333333333333,5.666666666666667,2.0,3.2666666666666666,5.0,4.866666666666666,0.3333333333333333,0.6666666666666666,0.0,0.0,0.3333333333333333,0.4666666666666667,0.3333333333333333,0.4666666666666667,1.0,1.2,1.0,0.6666666666666666,0.7,0.18666666666666665,0.56,0.14933333333333335,0.2,0.05333333333333334,2.3333333333333335,3.6,0.0,0.0,0.6666666666666666,1.6666666666666667,70.33333333333333,72.06666666666666,76.66666666666667,73.8,71.66666666666667,137.66666666666666,1645.0,1582.0,1647.0,1706.0666666666666,48.15,43.1,29.2,41.666666666666664,1,froggy,27,57.03335523462223,-30.033355234622228
119313,8582,http://live.fanfooty.com.au/game/matchcentre.html?id=8582,R22,2023,280921.0,Ben,Cunnington,NM,15.0,80.0,95,95.0,68.0,96.0,8.0,16.0,1.0,3.0,0.0,0.0,1.0,2.0,0.0,Full Time,heart,Last game for the old man... %P and %T plus %s,shovel,Playing inside midfield,,0.0,,,Midfielder,10.0,21.0,94.29,0.0,0.0,9.97,3.85,,,,16.0,10.0,4.0,83.0,63.0,41.0,0.0,True,1730,1555,23,8582_NM,95.0,1,72.0,1,6.0,9.0,13.333333333333334,12.0,2.3333333333333335,3.6,2.3333333333333335,3.0,0.0,0.0,0.3333333333333333,1.0,0.3333333333333333,1.2,1.0,0.4,0.0,0.3333333333333333,0.0,0.7346666666666667,9.97,5.982,3.85,2.31,13.0,11.266666666666667,7.0,5.4,2.0,3.3333333333333335,91.66666666666667,74.73333333333333,63.333333333333336,69.8,128.33333333333334,222.13333333333333,1508.6666666666667,1576.8,1781.3333333333333,1710.6666666666667,91.45,68.2,78.2,79.0,1,heart,95,88.19115469236911,6.8088453076308895
119393,8583,http://live.fanfooty.com.au/game/matchcentre.html?id=8583,R22,2023,999715.0,Jy,Farrar,GC,3.0,39.0,47,20.0,33.0,45.0,8.0,3.0,3.0,1.0,0.0,2.0,2.0,0.0,0.0,Full Time,guard,%P with %k by foot... also %M... Starting at half back,,,,,,,Midfielder,50.0,0.0,0.0,0.0,0.12,0.05,0.05,,,,4.0,0.0,3.0,81.0,74.0,173.0,0.0,False,1774,1502,23,8583_GC,95.0,0,72.0,0,5.0,6.866666666666666,1.3333333333333333,3.0,3.0,3.2,3.0,1.7333333333333334,0.0,0.0,1.0,0.6666666666666666,0.6666666666666666,0.6,0.3333333333333333,0.06666666666666667,0.0,0.06666666666666667,0.12,0.07200000000000001,0.05,0.030000000000000002,0.05,0.030000000000000002,3.0,3.8,0.0,0.2,1.6666666666666667,1.9333333333333333,77.0,68.53333333333333,54.666666666666664,64.13333333333334,133.33333333333334,211.66666666666666,1565.3333333333333,1575.9333333333334,1718.6666666666667,1707.9333333333334,52.4,36.8,27.0,35.333333333333336,1,guard,47,76.00997752345894,-29.009977523458943
119464,8585,http://live.fanfooty.com.au/game/matchcentre.html?id=8585,R22,2023,270146.0,Ed,Curnow,CA,1.0,17.0,21,24.0,10.0,15.0,1.0,1.0,0.0,3.0,0.0,0.0,0.0,0.0,0.0,Full Time,wing,On in Q4 for Docherty... %P and %T,sub,Started as the sub,,0.0,,,Midfielder,35.0,20.0,102.5,0.0,0.0,0.44,0.52,,,,1.0,1.0,0.0,50.0,17.0,28.0,0.0,False,1562,1717,23,8585_CA,95.0,0,72.0,0,5.0,9.0,6.0,5.266666666666667,2.3333333333333335,3.0,3.0,2.8666666666666667,0.0,0.0,0.3333333333333333,0.26666666666666666,0.0,0.7333333333333333,0.3333333333333333,0.2,0.3333333333333333,0.4,0.0,0.03866666666666666,0.44,0.44,0.52,0.52,3.6666666666666665,4.333333333333333,0.3333333333333333,1.2666666666666666,0.3333333333333333,2.0,70.33333333333333,65.4,65.66666666666667,72.13333333333334,77.66666666666667,181.53333333333333,1796.0,1698.2,1482.6666666666667,1586.6,63.65,46.0,46.2,51.333333333333336,1,wing,21,59.75281869332922,-38.75281869332922
119491,8586,http://live.fanfooty.com.au/game/matchcentre.html?id=8586,R22,2023,1005599.0,Luke,Foley,WC,18.0,76.0,75,100.0,58.0,78.0,10.0,6.0,6.0,4.0,0.0,0.0,0.0,0.0,0.0,Full Time,in,%l Jack Petruccelle... %D and %M with %T,guard,Starting in defence,,,,,Midfielder,29.0,0.0,0.0,0.0,0.04,0.05,0.04,,,,3.0,1.0,3.0,68.0,93.0,257.0,0.0,False,1856,1419,23,8586_WC,95.0,0,72.0,1,9.0,7.666666666666667,3.6666666666666665,4.266666666666667,4.333333333333333,4.133333333333334,3.3333333333333335,2.2666666666666666,0.0,0.0,0.6666666666666666,0.7333333333333333,0.6666666666666666,0.4666666666666667,0.0,0.0,0.0,0.0,0.04,0.024,0.05,0.030000000000000002,0.04,0.024,3.3333333333333335,3.4,0.6666666666666666,0.6666666666666666,3.0,2.0,63.0,71.33333333333333,80.66666666666667,83.93333333333334,214.33333333333334,172.33333333333334,1405.6666666666667,1495.9333333333334,1880.6666666666667,1788.8666666666666,52.3,53.4,64.4,59.333333333333336,1,in,75,49.52573607953984,25.47426392046016
119493,8586,http://live.fanfooty.com.au/game/matchcentre.html?id=8586,R22,2023,1008282.0,Xavier,O'Neill,WC,25.0,75.0,59,101.0,55.0,81.0,8.0,9.0,2.0,8.0,0.0,1.0,2.0,0.0,0.0,Full Time,tagger,%D and %M with %T... Tagging Brayshaw,,,,,,,Midfielder,24.0,0.0,0.0,0.0,0.12,0.06,0.07,,,,7.0,3.0,6.0,64.0,71.0,130.0,0.0,False,1856,1419,23,8586_WC,95.0,0,72.0,0,6.333333333333333,6.666666666666667,5.666666666666667,5.466666666666667,2.3333333333333335,2.466666666666667,6.0,4.0,0.0,0.0,0.6666666666666666,0.8,1.3333333333333333,1.0666666666666667,0.3333333333333333,0.26666666666666666,0.3333333333333333,0.3333333333333333,0.12,0.12,0.06,0.06,0.07,0.07,4.666666666666667,4.266666666666667,2.0,1.6,4.0,2.4,63.666666666666664,72.13333333333334,69.0,75.06666666666666,153.33333333333334,177.33333333333334,1586.6666666666667,1471.8,1698.3333333333333,1813.3333333333333,54.45,47.7,45.2,50.333333333333336,1,tagger,59,69.81815644633369,-10.818156446333688
119554,8587,http://live.fanfooty.com.au/game/matchcentre.html?id=8587,R22,2023,291962.0,Chad,Wingard,HW,0.0,0.0,0,0.0,0.0,0.0,0.0,0.0,0.0,0.0,0.0,0.0,0.0,0.0,0.0,Full Time,longterminjured,Nasty-looking left Achilles injury very early in Q1 and carried off... subbed off for Bailey Macdonald,subbed,Rotating midfield and attack,,0.0,,,Forward,20.0,20.0,81.65,0.0,0.0,0.33,0.93,,,,0.0,0.0,0.0,0.0,3.0,0.0,1.0,True,1441,1843,23,8587_HW,95.0,0,72.0,0,8.0,8.466666666666667,9.333333333333334,6.066666666666666,4.333333333333333,3.6666666666666665,2.3333333333333335,2.066666666666667,0.0,0.0,1.0,1.0,0.6666666666666666,0.6666666666666666,0.6666666666666666,0.9333333333333333,0.0,0.4666666666666667,0.0,0.04133333333333333,0.33,0.264,0.93,0.744,6.0,4.8,1.0,0.8666666666666667,3.0,2.8666666666666667,49.666666666666664,56.93333333333333,53.333333333333336,70.86666666666666,174.33333333333334,228.0,1731.0,1551.4,1557.0,1733.3333333333333,60.65,60.9,68.0,65.0,1,longterminjured,0,57.68867667883498,-57.68867667883498
119724,8591,http://live.fanfooty.com.au/game/matchcentre.html?id=8591,R23,2023,270896.0,Trent,Cotchin,RI,8.0,70.0,69,89.0,56.0,73.0,12.0,6.0,5.0,1.0,0.0,2.0,0.0,0.0,1.0,Full Time,heart,Fine career captain... %P and %M plus %s,shovel,On ball,,0.0,,,Midfielder,9.0,19.0,81.26,0.0,0.0,0.08,0.07,,,,8.0,4.0,2.0,77.0,77.0,191.0,0.0,True,1519,1768,24,8591_RI,99.0,0,70.0,0,9.666666666666666,8.466666666666667,5.333333333333333,7.6,2.3333333333333335,2.933333333333333,2.0,2.3333333333333335,0.0,0.0,0.6666666666666666,0.4,0.0,0.5333333333333333,0.0,0.4,1.3333333333333333,0.5333333333333333,0.0,0.0,0.08,0.08,0.07,0.07,6.333333333333333,6.933333333333334,3.0,2.533333333333333,2.6666666666666665,2.8,53.0,64.8,74.0,69.06666666666666,186.33333333333334,226.8,1689.0,1621.9333333333334,1602.6666666666667,1661.6666666666667,61.45,66.3,54.6,48.666666666666664,1,heart,69,66.74067698908922,2.2593230109107765
119725,8591,http://live.fanfooty.com.au/game/matchcentre.html?id=8591,R23,2023,250395.0,Jack,Riewoldt,RI,15.0,63.0,54,81.0,51.0,63.0,8.0,2.0,6.0,2.0,0.0,0.0,0.0,1.0,3.0,Full Time,heart,Happy retirement champion... %s from %O and %M plus %T,spearhead,At FF on McKay,,,,,Forward,8.0,0.0,0.0,0.0,0.16,0.28,0.25,,,,4.0,0.0,1.0,40.0,76.0,233.0,0.0,True,1519,1768,24,8591_RI,99.0,0,70.0,0,6.666666666666667,6.933333333333334,1.3333333333333333,2.1333333333333333,5.666666666666667,4.8,1.0,2.1333333333333333,0.0,0.06666666666666667,0.0,0.3333333333333333,0.6666666666666666,0.7333333333333333,1.6666666666666667,1.2666666666666666,2.0,1.4666666666666666,0.16,0.16,0.28,0.28,0.25,0.25,2.6666666666666665,4.6,0.3333333333333333,0.2,1.3333333333333333,2.6,66.0,51.666666666666664,80.33333333333333,86.46666666666667,160.33333333333334,173.46666666666667,1524.3333333333333,1627.4666666666667,1764.3333333333333,1658.1333333333334,59.95,62.1,51.2,53.0,1,heart,54,63.715329086151385,-9.715329086151385
119739,8591,http://live.fanfooty.com.au/game/matchcentre.html?id=8591,R23,2023,280944.0,Jack,Ziebell,NM,10.0,88.0,95,48.0,67.0,94.0,17.0,6.0,5.0,3.0,0.0,0.0,1.0,0.0,1.0,Full Time,heart,Bon voyage Jay-Z... %O including %K... also %M and %T... and scored %s,switch,Starting at half back... Balta moved forward onto him in Q2... switched forward himself in Q4,,0.0,,,Midfielder,7.0,21.0,82.48,0.0,0.0,0.81,0.41,,,,4.0,1.0,3.0,87.0,76.0,447.0,0.0,True,1768,1519,24,8591_NM,99.0,0,70.0,1,19.333333333333332,16.533333333333335,8.0,4.866666666666666,7.333333333333333,6.4,2.6666666666666665,2.1333333333333333,0.0,0.0,0.3333333333333333,0.7333333333333333,0.6666666666666666,0.5333333333333333,0.0,0.06666666666666667,0.3333333333333333,0.2,0.0,0.0,0.81,0.81,0.41,0.41,5.0,4.866666666666666,0.3333333333333333,0.3333333333333333,5.0,3.1333333333333333,80.66666666666667,75.53333333333333,82.0,70.53333333333333,516.0,383.26666666666665,1548.3333333333333,1547.4666666666667,1734.6666666666667,1739.7333333333333,87.3,74.8,76.0,104.0,1,heart,95,92.48107410274645,2.5189258972535526
119907,8595,http://live.fanfooty.com.au/game/matchcentre.html?id=8595,R23,2023,270963.0,Rory,Sloane,AD,13.0,50.0,51,67.0,33.0,48.0,3.0,6.0,0.0,7.0,0.0,1.0,0.0,0.0,0.0,Full Time,injured,Subbed off in Q3 with a right eye injury for Pedlar after Murphy poked him accidentally... %P and %T,subbed,Starting on a wing,,0.0,,,Midfielder,9.0,12.0,89.92,0.0,0.0,1.95,1.05,,,,6.0,2.0,1.0,77.0,34.0,126.0,1.0,True,1592,1687,24,8595_AD,99.0,0,70.0,0,5.666666666666667,9.266666666666667,5.666666666666667,7.733333333333333,1.3333333333333333,3.066666666666667,5.666666666666667,5.533333333333333,0.0,0.06666666666666667,1.3333333333333333,0.8666666666666667,0.0,1.4,0.0,0.3333333333333333,0.3333333333333333,0.06666666666666667,0.0,0.0,1.95,1.95,1.05,1.05,6.333333333333333,8.333333333333334,4.0,4.066666666666666,1.0,2.933333333333333,76.33333333333333,71.13333333333334,44.333333333333336,61.733333333333334,166.0,258.6666666666667,1746.3333333333333,1707.0666666666666,1539.3333333333333,1580.2666666666667,77.7,70.6,59.0,55.333333333333336,1,injured,51,53.77212449580291,-2.772124495802913
120022,8597,http://live.fanfooty.com.au/game/matchcentre.html?id=8597,R23,2023,1013093.0,Denver,Grainger-Barras,HW,13.0,46.0,52,38.0,43.0,51.0,5.0,3.0,7.0,0.0,0.0,1.0,1.0,1.0,0.0,Full Time,spearhead,%D and %M plus %s... In attack on Tomlinson,,,,,,,Back,24.0,0.0,0.0,0.0,0.62,0.32,1.01,,,,4.0,0.0,1.0,87.0,70.0,220.0,1.0,False,1705,1567,24,8597_HW,99.0,0,70.0,0,5.0,4.8,2.6666666666666665,3.0,5.0,2.933333333333333,0.3333333333333333,1.0,0.0,0.0,1.0,0.8666666666666667,1.3333333333333333,1.7333333333333334,1.0,0.26666666666666666,0.3333333333333333,0.06666666666666667,0.62,0.24799999999999997,0.32,0.128,1.01,0.404,3.3333333333333335,3.2666666666666666,0.0,0.13333333333333333,2.3333333333333335,2.7333333333333334,71.33333333333333,80.53333333333333,57.0,75.2,152.0,116.8,1708.0,1621.4,1571.0,1670.6,41.65,34.4,31.2,38.333333333333336,1,spearhead,52,48.81254927448325,3.1874507255167472
120088,8599,http://live.fanfooty.com.au/game/matchcentre.html?id=8599,R24,2023,294068.0,Andrew,Phillips,ES,14.0,56.0,46,71.0,45.0,55.0,5.0,2.0,2.0,4.0,15.0,2.0,1.0,0.0,1.0,Full Time,ruck,%H... also %D and %M with %T... %s as well... First ruck in his farewell game,,,,0.0,,,Ruck,34.0,5.0,57.6,0.0,0.0,0.09,0.05,,,,4.0,2.0,2.0,57.0,77.0,114.0,0.0,False,1753,1505,25,8599_ES,97.0,0,69.0,0,5.333333333333333,4.533333333333333,2.6666666666666665,3.4,2.3333333333333335,2.2,4.0,2.7333333333333334,15.0,21.866666666666667,1.6666666666666667,0.9333333333333333,1.0,0.9333333333333333,0.3333333333333333,0.13333333333333333,0.6666666666666666,0.4,0.0,0.0,0.09,0.09,0.05,0.05,6.0,5.0,2.6666666666666665,2.2,2.0,2.4,51.0,69.06666666666666,74.33333333333333,69.4,160.0,108.8,1508.3333333333333,1636.3333333333333,1767.3333333333333,1649.4666666666667,61.9,64.4,60.2,57.0,1,ruck,46,74.45948954578395,-28.459489545783953
120090,8599,http://live.fanfooty.com.au/game/matchcentre.html?id=8599,R24,2023,990606.0,Will,Snelling,ES,3.0,40.0,42,49.0,34.0,46.0,4.0,7.0,3.0,1.0,0.0,0.0,0.0,0.0,1.0,Full Time,wing,%P and %M plus %s... Rotating in midfield,,,,0.0,,,Midfielder,11.0,0.0,0.0,0.0,0.0,0.07,0.06,,,,5.0,1.0,2.0,63.0,82.0,80.0,0.0,False,1753,1505,25,8599_ES,97.0,0,69.0,0,5.0,6.0,4.333333333333333,5.933333333333334,3.6666666666666665,3.066666666666667,1.3333333333333333,3.3333333333333335,0.0,0.0,0.0,0.6666666666666666,0.3333333333333333,0.2,0.0,0.4,0.3333333333333333,0.2,0.0,0.0,0.07,0.06533333333333334,0.06,0.056,2.3333333333333335,3.933333333333333,0.6666666666666666,0.8666666666666667,1.6666666666666667,1.7333333333333334,60.0,75.66666666666667,64.0,69.8,151.0,155.53333333333333,1586.6666666666667,1641.7333333333333,1690.3333333333333,1643.6,55.7,50.2,40.0,33.666666666666664,1,wing,42,55.639622106790746,-13.639622106790746
120093,8599,http://live.fanfooty.com.au/game/matchcentre.html?id=8599,R24,2023,294092.0,Anthony,McDonald-Tipungwuti,ES,0.0,14.0,10,18.0,10.0,15.0,2.0,2.0,0.0,1.0,0.0,0.0,0.0,0.0,0.0,Full Time,wing,On in Q1 for Baldwin... %D,sub,Started as the sub,,0.0,,,Back,43.0,21.0,65.95,0.0,0.0,2.77,2.06,,,,1.0,0.0,0.0,25.0,62.0,37.0,0.0,False,1753,1505,25,8599_ES,97.0,0,69.0,0,3.3333333333333335,4.066666666666666,3.6666666666666665,3.2,1.6666666666666667,2.066666666666667,2.6666666666666665,2.3333333333333335,0.0,0.0,0.0,0.26666666666666666,1.3333333333333333,0.6666666666666666,0.3333333333333333,0.7333333333333333,0.3333333333333333,0.5333333333333333,0.0,0.10600000000000001,2.77,1.108,2.06,0.824,2.6666666666666665,2.533333333333333,0.0,0.2,1.6666666666666667,1.3333333333333333,55.333333333333336,67.33333333333333,67.66666666666667,71.73333333333333,85.0,99.4,1587.3333333333333,1609.3333333333333,1688.6666666666667,1680.8666666666666,51.7,34.1,42.6,31.666666666666668,1,wing,10,52.923180457709876,-42.923180457709876
120137,8600,http://live.fanfooty.com.au/game/matchcentre.html?id=8600,R24,2023,1011839.0,James,Blanck,HW,2.0,22.0,44,29.0,22.0,30.0,4.0,3.0,3.0,0.0,0.0,1.0,2.0,0.0,0.0,Full Time,job,%M and %O... In defence on Cox,,,,,,,Back,36.0,0.0,0.0,0.0,0.12,0.11,0.24,,,,5.0,0.0,2.0,100.0,94.0,39.0,0.0,False,1734,1554,25,8600_HW,97.0,0,69.0,0,3.0,3.8666666666666667,2.6666666666666665,2.6666666666666665,2.3333333333333335,2.0,1.3333333333333333,2.0,0.0,0.0,1.0,0.7333333333333333,1.6666666666666667,1.2666666666666666,0.0,0.0,0.0,0.0,0.12,0.10400000000000001,0.11,0.09533333333333333,0.24,0.20800000000000002,3.3333333333333335,3.4,0.3333333333333333,0.2,2.0,2.2,73.33333333333333,82.53333333333333,89.0,82.8,27.666666666666668,49.06666666666667,1740.3333333333333,1602.7333333333333,1545.0,1681.6,38.55,39.2,35.4,31.0,1,job,44,33.86163270598614,10.138367294013861
120166,8601,http://live.fanfooty.com.au/game/matchcentre.html?id=8601,R24,2023,1005729.0,Tarryn,Thomas,NM,25.0,94.0,107,124.0,67.0,97.0,11.0,11.0,1.0,9.0,0.0,2.0,1.0,0.0,1.0,Full Time,x-factor,%2 Anderson... %P and %T plus %s,wing,Rotating midfield and half forward,,,,,Midfielder,26.0,0.0,0.0,0.0,5.9,7.07,7.14,,,,15.0,10.0,1.0,72.0,83.0,370.0,0.0,False,1530,1741,25,8601_NM,97.0,1,69.0,1,12.666666666666666,9.933333333333334,10.333333333333334,8.0,3.6666666666666665,2.3333333333333335,5.333333333333333,4.4,0.0,0.0,1.3333333333333333,0.9333333333333333,1.3333333333333333,1.1333333333333333,0.6666666666666666,0.7333333333333333,1.0,0.26666666666666666,5.9,4.720000000000001,7.07,5.656000000000001,7.14,5.712,12.666666666666666,8.4,6.666666666666667,3.8666666666666667,3.3333333333333335,2.8,66.33333333333333,73.26666666666667,83.0,80.93333333333334,448.0,351.46666666666664,1605.0,1535.7333333333333,1676.0,1749.8,76.1,88.2,93.6,102.33333333333333,1,x-factor,107,82.56763962822231,24.43236037177769
120172,8601,http://live.fanfooty.com.au/game/matchcentre.html?id=8601,R24,2023,992499.0,Kayne,Turner,NM,15.0,74.0,65,98.0,58.0,75.0,6.0,6.0,8.0,5.0,0.0,0.0,0.0,0.0,0.0,Full Time,wing,%D and %M with %T... Playing a half forward role,,,,0.0,,,Forward,28.0,21.0,47.86,0.0,0.0,0.15,0.06,,,,1.0,0.0,1.0,83.0,84.0,115.0,0.0,False,1530,1741,25,8601_NM,97.0,0,69.0,0,6.0,5.333333333333333,6.666666666666667,4.266666666666667,4.333333333333333,3.466666666666667,4.0,2.8666666666666667,0.0,0.0,0.3333333333333333,0.4,0.3333333333333333,0.26666666666666666,0.0,0.2,0.0,0.13333333333333333,0.0,0.015333333333333334,0.15,0.11,0.06,0.04399999999999996,3.3333333333333335,3.6,0.0,0.4,1.3333333333333333,1.1333333333333333,76.66666666666667,71.13333333333334,79.33333333333333,67.8,170.66666666666666,127.4,1605.0,1529.8,1676.0,1755.5333333333333,50.4,52.0,63.8,60.666666666666664,1,wing,65,54.80586737416288,10.19413262583712
120182,8601,http://live.fanfooty.com.au/game/matchcentre.html?id=8601,R24,2023,992462.0,Daniel,Howe,NM,9.0,39.0,23,50.0,31.0,39.0,4.0,2.0,3.0,2.0,0.0,0.0,0.0,1.0,0.0,Full Time,wing,On in Q3 for Taylor... %P and %M plus %T... %s as well,sub,Started as the sub,,0.0,,,Back,15.0,15.0,77.2,0.0,0.0,0.12,0.1,,,,1.0,0.0,1.0,66.0,37.0,89.0,0.0,False,1530,1741,25,8601_NM,97.0,0,69.0,0,8.0,9.733333333333333,4.666666666666667,5.2,3.3333333333333335,4.066666666666666,3.6666666666666665,1.9333333333333333,0.0,0.0,1.0,0.6666666666666666,0.3333333333333333,0.8,0.3333333333333333,0.2,0.0,0.06666666666666667,0.0,0.0,0.12,0.08800000000000002,0.1,0.0733333333333333,4.0,4.133333333333334,1.3333333333333333,1.3333333333333333,3.0,2.533333333333333,59.666666666666664,64.93333333333334,64.0,66.06666666666666,160.0,229.0,1600.6666666666667,1525.4666666666667,1680.6666666666667,1760.4,57.3,58.1,50.8,43.0,1,wing,23,57.7222321990613,-34.7222321990613
120183,8601,http://live.fanfooty.com.au/game/matchcentre.html?id=8601,R24,2023,1011771.0,Flynn,Perez,NM,3.0,38.0,29,50.0,31.0,42.0,7.0,3.0,3.0,1.0,0.0,1.0,1.0,0.0,0.0,Full Time,guard,%D and %M... Rotating at half back,,,,,,,Midfielder,39.0,0.0,0.0,0.0,0.08,0.48,0.27,,,,2.0,0.0,4.0,70.0,84.0,138.0,0.0,False,1530,1741,25,8601_NM,97.0,0,69.0,0,5.666666666666667,7.2,4.333333333333333,4.933333333333334,3.0,3.2,1.3333333333333333,2.0,0.0,0.0,0.3333333333333333,0.5333333333333333,0.3333333333333333,0.6,0.3333333333333333,0.06666666666666667,0.0,0.0,0.08,0.02666666666666667,0.48,0.16,0.27,0.09000000000000001,1.3333333333333333,3.0,0.0,0.5333333333333333,2.6666666666666665,2.6666666666666665,69.0,64.33333333333333,81.33333333333333,72.13333333333334,138.0,195.2,1574.6666666666667,1550.6,1705.6666666666667,1738.5333333333333,43.9,44.4,37.4,31.666666666666668,1,guard,29,72.24540671685394,-43.245406716853935
120252,8603,http://live.fanfooty.com.au/game/matchcentre.html?id=8603,R24,2023,294877.0,Isaac,Smith,GE,42.0,160.0,122,208.0,123.0,163.0,27.0,9.0,11.0,5.0,0.0,1.0,0.0,1.0,1.0,Full Time,snout,First goal... %O including %K... also %M and %T... and scored %s,wing,Starting on wing,,0.0,,,Midfielder,7.0,21.0,90.81,0.0,0.0,0.68,0.8,,,,6.0,2.0,3.0,69.0,88.0,947.0,0.0,False,1663,1630,25,8603_GE,97.0,1,69.0,1,18.666666666666668,15.266666666666667,6.333333333333333,5.933333333333334,9.0,6.266666666666667,3.6666666666666665,1.6,0.0,0.0,0.3333333333333333,0.4,0.0,0.3333333333333333,0.3333333333333333,0.5333333333333333,0.3333333333333333,0.6,0.0,0.0,0.68,0.68,0.8,0.8,3.3333333333333335,3.466666666666667,1.0,1.1333333333333333,2.6666666666666665,2.6666666666666665,77.0,73.26666666666667,85.66666666666667,83.66666666666667,563.0,471.8,1516.0,1590.0,1770.0,1696.2666666666667,78.4,74.1,83.6,86.33333333333333,1,snout,122,62.819626374068214,59.180373625931786
120256,8603,http://live.fanfooty.com.au/game/matchcentre.html?id=8603,R24,2023,294199.0,Sam,Menegola,GE,19.0,99.0,60,128.0,78.0,109.0,17.0,10.0,6.0,3.0,0.0,0.0,1.0,0.0,1.0,Full Time,wing,%P and %M plus %T... %s as well... Playing an outside game,,,,0.0,,,Midfielder,27.0,21.0,98.43,0.0,0.0,0.64,0.12,,,,6.0,3.0,10.0,51.0,81.0,486.0,0.0,False,1663,1630,25,8603_GE,97.0,0,69.0,0,16.0,15.266666666666667,7.666666666666667,7.8,5.0,5.4,2.0,2.466666666666667,0.0,0.0,0.3333333333333333,0.3333333333333333,0.6666666666666666,1.1333333333333333,0.6666666666666666,0.5333333333333333,0.6666666666666666,0.7333333333333333,0.0,0.0,0.21333333333333335,0.042666666666666665,0.04,0.008,5.333333333333333,6.466666666666667,1.6666666666666667,1.8666666666666667,6.333333333333333,4.133333333333334,64.0,65.53333333333333,80.33333333333333,78.53333333333333,448.6666666666667,439.8666666666667,1763.3333333333333,1729.0,1523.0,1563.5333333333333,86.7,81.3,76.8,77.33333333333333,1,wing,60,84.56180869880473,-24.561808698804725
120285,8603,http://live.fanfooty.com.au/game/matchcentre.html?id=8603,R24,2023,293651.0,Hayden,Crozier,WB,13.0,70.0,61,50.0,56.0,75.0,10.0,7.0,6.0,2.0,0.0,0.0,0.0,0.0,0.0,Full Time,guard,%D and %M with %T... Starting on a HBF,,,,,,,Back,9.0,0.0,0.0,0.0,0.5,0.47,0.09,,,,4.0,1.0,2.0,76.0,74.0,233.0,0.0,False,1630,1663,25,8603_WB,97.0,0,69.0,0,6.666666666666667,9.6,4.0,4.466666666666667,3.0,4.866666666666666,1.3333333333333333,1.2,0.0,0.0,0.3333333333333333,0.7333333333333333,0.3333333333333333,0.6,0.0,0.06666666666666667,0.0,0.06666666666666667,0.5,0.13333333333333333,0.47,0.12533333333333332,0.09,0.024,2.6666666666666665,3.7333333333333334,0.3333333333333333,0.2,2.0,1.8666666666666667,78.66666666666667,79.66666666666667,60.666666666666664,68.13333333333334,172.66666666666666,267.26666666666665,1698.6666666666667,1655.0,1586.6666666666667,1634.7333333333333,63.95,52.6,54.6,44.666666666666664,1,guard,61,84.5973393205236,-23.597339320523602
120290,8603,http://live.fanfooty.com.au/game/matchcentre.html?id=8603,R24,2023,996483.0,Toby,McLean,WB,18.0,56.0,50,56.0,42.0,63.0,4.0,11.0,0.0,6.0,0.0,1.0,1.0,0.0,0.0,Full Time,wing,%O including %B... also %T... Playing a forward role,,,,,,,Forward,16.0,0.0,0.0,0.0,52.37,55.06,30.96,,,,6.0,4.0,2.0,80.0,76.0,106.0,0.0,False,1630,1663,25,8603_WB,97.0,0,69.0,0,3.0,4.266666666666667,11.666666666666666,9.0,2.3333333333333335,1.8666666666666667,3.6666666666666665,4.0,0.0,0.0,0.3333333333333333,0.8,1.3333333333333333,0.7333333333333333,0.0,0.4666666666666667,0.0,0.4,52.37,13.965333333333332,55.06,14.682666666666668,30.96,8.256,5.333333333333333,5.266666666666667,2.6666666666666665,1.8,2.6666666666666665,1.7333333333333334,74.0,71.66666666666667,70.66666666666667,70.33333333333333,98.66666666666667,124.53333333333333,1660.6666666666667,1649.4,1627.0,1634.0,63.15,56.7,54.0,49.666666666666664,1,wing,50,63.94008476231646,-13.94008476231646
120300,8604,http://live.fanfooty.com.au/game/matchcentre.html?id=8604,R24,2023,280078.0,Luke,Shuey,WC,26.0,101.0,94,131.0,77.0,105.0,18.0,7.0,4.0,4.0,0.0,2.0,1.0,1.0,0.0,Full Time,hot,%P with %k by foot... also %M and %T... and scored %s,shovel,Starting in midfield,,,,,Midfielder,13.0,0.0,0.0,0.0,0.19,0.18,0.14,,,,10.0,5.0,5.0,68.0,64.0,544.0,0.0,False,1659,1589,25,8604_WC,97.0,0,69.0,1,14.0,11.266666666666667,10.666666666666666,9.733333333333333,2.3333333333333335,2.4,5.333333333333333,5.733333333333333,0.0,0.0,1.6666666666666667,1.8,1.3333333333333333,1.4666666666666666,0.3333333333333333,0.26666666666666666,0.0,0.13333333333333333,0.19,0.114,0.18,0.108,0.14,0.08400000000000002,10.666666666666666,8.466666666666667,5.666666666666667,4.666666666666667,3.6666666666666665,3.2,70.0,73.6,68.66666666666667,65.93333333333334,363.3333333333333,272.53333333333336,1609.3333333333333,1561.6,1669.6666666666667,1725.1333333333334,84.85,85.8,95.2,94.33333333333333,1,hot,94,87.10490749373255,6.895092506267446
120302,8604,http://live.fanfooty.com.au/game/matchcentre.html?id=8604,R24,2023,240283.0,Shannon,Hurn,WC,14.0,89.0,88,117.0,67.0,90.0,18.0,4.0,6.0,2.0,0.0,1.0,0.0,0.0,0.0,Full Time,fog,%P including %K... also %M and %T... Has Fogarty,,,,,,,Back,25.0,0.0,0.0,0.0,0.23,0.24,0.3,,,,2.0,1.0,2.0,95.0,83.0,506.0,0.0,False,1659,1589,25,8604_WC,97.0,0,69.0,1,18.333333333333332,16.666666666666668,4.0,5.466666666666667,7.333333333333333,5.733333333333333,2.0,2.0,0.0,0.0,0.3333333333333333,0.3333333333333333,0.6666666666666666,0.5333333333333333,0.0,0.0,0.0,0.0,0.23,0.19933333333333333,0.24,0.20800000000000002,0.3,0.26,3.0,3.8,0.6666666666666666,0.3333333333333333,1.6666666666666667,1.8,92.66666666666667,88.86666666666666,79.66666666666667,74.8,397.0,425.6,1623.6666666666667,1556.2,1647.3333333333333,1726.8,99.95,90.0,99.2,97.66666666666667,1,fog,88,111.58135973849164,-23.581359738491642
120307,8604,http://live.fanfooty.com.au/game/matchcentre.html?id=8604,R24,2023,994539.0,Sam,Petrevski-Seton,WC,8.0,64.0,67,79.0,52.0,72.0,6.0,12.0,3.0,3.0,0.0,1.0,0.0,0.0,0.0,Full Time,wing,%O and %M plus %T... Playing a half forward role,,,,0.0,,,Midfielder,10.0,21.0,69.33,0.0,0.0,0.07,0.05,,,,6.0,0.0,3.0,83.0,61.0,87.0,1.0,False,1659,1589,25,8604_WC,97.0,0,69.0,0,7.666666666666667,7.133333333333334,9.333333333333334,6.333333333333333,2.0,2.8666666666666667,5.0,3.2,0.0,0.0,0.3333333333333333,0.4,0.0,0.26666666666666666,0.0,0.2,0.3333333333333333,0.2,0.0,0.0,0.07,0.060666666666666674,0.05,0.043333333333333335,6.333333333333333,5.4,1.6666666666666667,1.0,1.6666666666666667,1.2,73.66666666666667,78.33333333333333,67.0,72.8,179.0,144.73333333333332,1542.6666666666667,1479.0,1718.3333333333333,1798.4666666666667,60.8,60.8,75.6,73.0,1,wing,67,63.468436867019136,3.531563132980864
120362,8605,http://live.fanfooty.com.au/game/matchcentre.html?id=8605,R24,2023,292145.0,Tom,Jonas,PA,3.0,31.0,41,40.0,27.0,33.0,4.0,2.0,5.0,0.0,0.0,0.0,0.0,0.0,0.0,Full Time,job,%M and %D... In defence on Bauer,,,,0.0,,,Back,1.0,17.0,75.53,0.0,0.0,0.2,0.17,,,,0.0,0.0,2.0,83.0,94.0,75.0,0.0,False,1547,1747,25,8605_PA,97.0,0,69.0,0,5.333333333333333,5.133333333333334,3.3333333333333335,3.0,4.333333333333333,3.8,1.6666666666666667,1.9333333333333333,0.0,0.0,1.0,0.6666666666666666,0.0,0.5333333333333333,0.0,0.06666666666666667,0.0,0.0,0.0,0.010666666666666666,0.2,0.16000000000000003,0.17,0.136,3.3333333333333335,2.6666666666666665,0.3333333333333333,0.13333333333333333,1.3333333333333333,1.9333333333333333,87.0,77.86666666666666,83.0,90.13333333333334,70.33333333333333,107.93333333333334,1709.0,1699.8,1564.0,1578.8666666666666,53.8,47.4,50.0,56.666666666666664,1,job,41,46.40987515628626,-5.409875156286262
120407,8606,http://live.fanfooty.com.au/game/matchcentre.html?id=8606,R24,2023,996442.0,Ryan,Clarke,SY,1.0,25.0,40,28.0,23.0,33.0,0.0,9.0,1.0,1.0,0.0,0.0,0.0,0.0,0.0,Full Time,in,%l Tom Papley... %O including %B,tagger,Playing a forward role on Salem,,0.0,,,Midfielder,4.0,18.0,69.83,0.0,0.0,0.02,0.04,,,,4.0,0.0,0.0,88.0,68.0,31.0,1.0,False,1615,1643,25,8606_SY,97.0,0,69.0,0,2.0,3.6,5.333333333333333,5.4,0.3333333333333333,1.7333333333333334,1.3333333333333333,2.1333333333333333,0.0,0.0,0.0,0.4,0.3333333333333333,0.6666666666666666,0.0,0.3333333333333333,0.0,0.2,0.0,0.0,0.02,0.018666666666666668,0.04,0.037333333333333336,3.0,3.2666666666666666,0.0,0.26666666666666666,0.6666666666666666,1.9333333333333333,87.66666666666667,72.8,50.666666666666664,63.06666666666667,54.666666666666664,81.93333333333334,1672.3333333333333,1635.4,1592.6666666666667,1640.6,42.15,33.2,25.0,31.666666666666668,1,in,40,38.34632345625911,1.6536765437408931
120415,8606,http://live.fanfooty.com.au/game/matchcentre.html?id=8606,R24,2023,298279.0,Angus,Brayshaw,ME,19.0,86.0,77,64.0,65.0,91.0,11.0,11.0,1.0,5.0,0.0,1.0,0.0,1.0,1.0,Full Time,shovel,%D and %T plus %s... Starting on ball,,,,0.0,,,Midfielder,10.0,18.0,104.11,0.0,0.0,7.63,14.93,,,,9.0,5.0,4.0,59.0,75.0,315.0,0.0,False,1643,1615,25,8606_ME,97.0,0,69.0,1,11.0,12.266666666666667,13.333333333333334,12.8,2.6666666666666665,3.2666666666666666,6.333333333333333,4.066666666666666,0.0,0.0,0.6666666666666666,0.8,0.0,0.2,0.6666666666666666,0.13333333333333333,0.3333333333333333,0.26666666666666666,0.0,0.0,7.63,7.63,14.93,14.93,9.333333333333334,10.066666666666666,5.0,4.666666666666667,3.0,2.8,67.66666666666667,68.06666666666666,76.0,77.4,273.0,328.8,1627.3333333333333,1668.5333333333333,1642.3333333333333,1614.0,91.55,97.6,92.6,94.66666666666667,1,shovel,77,73.21361306371763,3.786386936282369
120921,8626,http://live.fanfooty.com.au/game/matchcentre.html?id=8626,EF,2023,290160.0,Michael,Hibberd,ME,4.0,45.0,78,34.0,35.0,45.0,6.0,4.0,3.0,2.0,0.0,2.0,0.0,0.0,0.0,Full Time,guard,%P and %M plus %T... Minding Elliott,,,,0.0,,,Back,14.0,17.0,68.82,0.0,0.0,0.07,0.07,,,,5.0,0.0,0.0,100.0,93.0,193.0,0.0,False,1684,1604,30,8626_ME,99.20000000000002,0,69.0,1,6.666666666666667,7.933333333333334,3.3333333333333335,5.066666666666666,3.3333333333333335,3.2666666666666666,1.3333333333333333,1.2666666666666666,0.0,0.0,0.6666666666666666,0.5333333333333333,0.3333333333333333,0.6,0.0,0.0,0.0,0.0,0.0,0.0,0.07,0.04200000000000001,0.07,0.04200000000000001,5.0,5.266666666666667,0.0,0.06666666666666667,1.3333333333333333,1.6666666666666667,84.33333333333333,82.13333333333334,91.66666666666667,88.26666666666667,211.33333333333334,258.1333333333333,1654.6666666666667,1695.8,1639.6666666666667,1597.6,63.95,69.1,62.8,67.66666666666667,1,guard,78,85.12853580587836,-7.128535805878357
120969,8627,http://live.fanfooty.com.au/game/matchcentre.html?id=8627,EF,2023,294266.0,Tom,Hickey,SY,10.0,50.0,88,51.0,51.0,63.0,1.0,9.0,2.0,1.0,24.0,1.0,2.0,0.0,0.0,Full Time,ruck,%H... also %D and %M... In ruck,,,,,,,Ruck,31.0,0.0,0.0,0.0,0.82,0.73,1.18,,,,9.0,2.0,2.0,80.0,75.0,52.0,0.0,False,1696,1583,30,8627_SY,99.20000000000002,0,69.0,1,4.333333333333333,5.866666666666666,7.666666666666667,6.866666666666666,2.6666666666666665,2.533333333333333,1.6666666666666667,2.3333333333333335,20.666666666666668,23.733333333333334,1.3333333333333333,1.0666666666666667,2.0,1.6666666666666667,0.0,0.06666666666666667,0.3333333333333333,0.2,0.82,0.656,0.73,0.584,1.18,0.9440000000000001,9.0,8.4,2.6666666666666665,3.3333333333333335,2.6666666666666665,2.7333333333333334,70.66666666666667,72.86666666666666,74.66666666666667,75.4,129.66666666666666,158.93333333333334,1606.0,1640.7333333333333,1666.0,1634.0,83.9,73.8,71.0,78.33333333333333,1,ruck,88,89.6059457675555,-1.6059457675554967
121078,8630,http://live.fanfooty.com.au/game/matchcentre.html?id=8630,SF,2023,1003546.0,Joel,Smith,ME,16.0,52.0,59,64.0,46.0,54.0,4.0,2.0,4.0,2.0,0.0,1.0,1.0,3.0,0.0,Full Time,spearhead,%D and %M with %T... %s as well... Playing tall forward on Kemp,,,,0.0,,,Back,29.0,7.0,55.29,0.0,0.0,0.11,0.29,,,,3.0,0.0,1.0,100.0,78.0,102.0,0.0,False,1641,1634,32,8630_ME,102.2,0,70.0,0,5.666666666666667,3.933333333333333,2.3333333333333335,1.8666666666666667,4.0,2.466666666666667,2.6666666666666665,2.1333333333333333,0.3333333333333333,0.06666666666666667,0.3333333333333333,0.3333333333333333,0.3333333333333333,0.5333333333333333,1.3333333333333333,0.7333333333333333,0.0,0.26666666666666666,0.0,0.0,0.11,0.09533333333333345,0.29,0.2513333333333333,3.6666666666666665,2.8666666666666667,0.6666666666666666,0.13333333333333333,0.6666666666666666,1.0666666666666667,63.666666666666664,65.0,79.33333333333333,60.2,166.0,89.93333333333334,1617.6666666666667,1665.0,1656.0,1620.2,45.25,47.4,55.6,58.333333333333336,1,spearhead,59,52.54040236082626,6.459597639173737
121126,8631,http://live.fanfooty.com.au/game/matchcentre.html?id=8631,SF,2023,290746.0,Scott,Lycett,PA,3.0,32.0,24,38.0,29.0,37.0,3.0,3.0,1.0,1.0,13.0,0.0,1.0,0.0,0.0,Full Time,injured,Right ankle knock in Q2... subbed off in Q3... %H with %P,subbed,First ruck,,,,,Ruck,29.0,0.0,0.0,0.0,8.15,2.93,5.1,,,,2.0,1.0,1.0,66.0,43.0,109.0,1.0,True,1892,1408,32,8631_PA,102.2,0,70.0,0,2.3333333333333335,3.533333333333333,5.0,7.066666666666666,0.6666666666666666,1.1333333333333333,4.666666666666667,3.533333333333333,24.0,24.533333333333335,1.0,1.8,2.0,1.8666666666666667,0.0,0.0,0.3333333333333333,0.06666666666666667,8.15,7.606666666666667,2.93,2.734666666666667,5.1,4.76,5.333333333333333,6.666666666666667,2.6666666666666665,3.8666666666666667,3.0,3.1333333333333333,69.66666666666667,74.4,61.666666666666664,69.86666666666666,65.66666666666667,101.4,1552.3333333333333,1628.2,1729.6666666666667,1653.0,74.2,74.4,71.0,59.666666666666664,1,injured,24,52.68289339713118,-28.68289339713118
121128,8631,http://live.fanfooty.com.au/game/matchcentre.html?id=8631,SF,2023,290527.0,Trent,McKenzie,PA,2.0,23.0,34,33.0,22.0,33.0,7.0,1.0,3.0,0.0,0.0,0.0,3.0,0.0,0.0,Full Time,witcheshat,Limping in Q2 and was obviously not fit... %D with %k by foot... also %M... conceded %F,sore,Starting in defence on Hogan,,0.0,,,Back,12.0,1.0,41.0,0.0,0.0,0.08,0.03,,,,2.0,0.0,3.0,75.0,90.0,214.0,1.0,True,1892,1408,32,8631_PA,102.2,0,70.0,0,7.666666666666667,8.4,0.6666666666666666,1.3333333333333333,2.6666666666666665,3.8,1.3333333333333333,1.2666666666666666,0.0,0.0,0.0,0.3333333333333333,1.3333333333333333,0.6,0.0,0.0,0.0,0.0,0.0,0.0,0.08,0.08,0.03,0.03,2.3333333333333335,2.7333333333333334,0.3333333333333333,0.13333333333333333,2.3333333333333335,1.5333333333333334,76.0,82.73333333333333,90.66666666666667,86.46666666666667,252.33333333333334,244.33333333333334,1504.3333333333333,1643.4666666666667,1785.6666666666667,1643.2666666666667,55.85,48.9,41.0,41.333333333333336,1,witcheshat,34,52.28383028704607,-18.283830287046072
121179,8632,http://live.fanfooty.com.au/game/matchcentre.html?id=8632,PF,2023,290675.0,Daniel,Lloyd,WS,21.0,87.0,67,67.0,67.0,85.0,12.0,2.0,8.0,4.0,0.0,0.0,0.0,1.0,1.0,Full Time,wing,%D with %k by foot... also %M and %T... and kicked %s... Playing a HFF role,,,0.0,0.0,0.0,,Midfielder,38.0,13.0,60.08,0.0,0.0,0.09,0.04,0.0,,,3.0,0.0,1.0,57.0,88.0,322.0,0.0,False,1661,1619,33,8632_WS,96.2,0,75.0,0,9.0,7.4,3.0,5.533333333333333,4.0,3.0,3.0,3.533333333333333,0.0,0.0,0.3333333333333333,0.3333333333333333,0.0,0.2,0.6666666666666666,0.6,0.6666666666666666,0.6,0.0,0.0,0.09,0.09,0.04,0.04,3.6666666666666665,5.533333333333333,0.0,0.2,1.3333333333333333,2.1333333333333333,73.33333333333333,68.8,83.33333333333333,82.0,222.33333333333334,225.6,1747.0,1714.1333333333334,1543.0,1570.0,62.8,63.1,64.0,64.66666666666667,1,wing,67,62.47258566220681,4.527414337793189
121263,8634,http://live.fanfooty.com.au/game/matchcentre.html?id=8634,GF,2023,1005107.0,Nathan,Murphy,CO,0.0,16.0,19,21.0,12.0,15.0,4.0,0.0,1.0,0.0,0.0,1.0,0.0,0.0,0.0,Full Time,injured,High contact in a clash with the shoulder of McCarthy meant he came off for a HIA... failed and subbed off in Q2 for Lipinski... %D,subbed,Playing key defender on Hipwood,0.0,0.0,0.0,,Back,28.0,1.0,46.0,0.0,0.0,0.08,0.32,0.0,,,1.0,0.0,1.0,100.0,20.0,73.0,1.0,True,1517,1761,34,8634_CO,110.4,0,66.0,0,5.333333333333333,5.666666666666667,2.6666666666666665,3.933333333333333,1.6666666666666667,3.6666666666666665,1.3333333333333333,1.8,0.0,0.0,0.6666666666666666,0.8,1.0,0.8666666666666667,0.0,0.0,0.0,0.0,0.0,0.0,0.08,0.08,0.32,0.32,2.6666666666666665,4.066666666666666,0.0,0.06666666666666667,2.3333333333333335,2.2,80.0,82.46666666666667,73.33333333333333,87.66666666666667,117.0,115.33333333333333,1702.0,1684.1333333333334,1580.0,1602.2666666666667,58.3,55.2,41.8,38.0,1,injured,19,41.78584197850888,-22.785841978508877
121330,8800,http://live.fanfooty.com.au/game/matchcentre.html?id=8800,R0,2024,993841.0,Josh,Schache,ME,2.0,29.0,27,26.0,22.0,27.0,3.0,1.0,2.0,2.0,1.0,1.0,0.0,0.0,2.0,Full Time,lizard,%s from %D and %M with %T... Starting forward on Blakey,,,207700.0,,123900.0,,Forward,19.0,0.0,0.0,0.0,0.13,0.33,0.05,355000.0,,,2.0,0.0,1.0,25.0,76.0,62.0,0.0,False,1737,1555,1,8800_ME,101.0,0,73.0,0,1.3333333333333333,5.8,0.3333333333333333,2.2,1.0,3.7333333333333334,0.6666666666666666,1.5333333333333334,0.6666666666666666,1.1333333333333333,0.3333333333333333,0.4,0.0,0.6666666666666666,0.0,0.6666666666666666,1.0,0.8,0.06999999999999999,0.016666666666666666,0.20333333333333337,0.05,0.043333333333333335,0.011333333333333334,0.6666666666666666,2.7333333333333334,0.0,0.26666666666666666,0.3333333333333333,1.4666666666666666,8.333333333333334,52.06666666666667,31.0,64.4,31.0,130.86666666666667,1631.3333333333333,1662.5333333333333,1648.3333333333333,1625.6666666666667,42.9,35.7,26.0,11.0,1,lizard,27,42.68766287519256,-15.687662875192558
121351,8801,http://live.fanfooty.com.au/game/matchcentre.html?id=8801,R0,2024,1006059.0,Keidean,Coleman,BL,3.0,34.0,37,44.0,28.0,36.0,6.0,2.0,4.0,0.0,0.0,0.0,0.0,0.0,0.0,Full Time,longterminjured,Left knee bent wrong way while kicking under a Fogarty challenge very late in Q2... carried off at HT and subbed off for Lohmann... later confirmed ACL rupture... %O with %k by foot... also %M,subbed,Starting at half back,639600.0,,398800.0,,Back,18.0,0.0,0.0,0.0,18.6,18.05,26.11,628000.0,,,2.0,0.0,0.0,87.0,44.0,141.0,0.0,True,1671,1593,1,8801_BL,101.0,0,73.0,0,15.666666666666666,14.266666666666667,2.6666666666666665,3.8,7.333333333333333,6.066666666666666,3.3333333333333335,2.6666666666666665,0.0,0.0,1.0,1.2,0.0,0.4,0.0,0.13333333333333333,0.3333333333333333,0.26666666666666666,7.5200000000000005,3.088,6.763333333333333,2.248666666666667,10.17,3.7939999999999996,4.0,4.8,1.0,0.8,0.6666666666666666,2.3333333333333335,84.0,74.2,68.0,73.2,509.6666666666667,427.73333333333335,1607.6666666666667,1687.9333333333334,1669.0,1593.0,79.4,87.4,87.4,97.0,1,longterminjured,37,71.29725649618774,-34.29725649618774
121682,8808,http://live.fanfooty.com.au/game/matchcentre.html?id=8808,R1,2024,294307.0,Brad,Crouch,SK,13.0,59.0,56,51.0,45.0,63.0,6.0,9.0,2.0,4.0,0.0,1.0,0.0,0.0,0.0,Full Time,shovel,%P and %M plus %T... Playing inside midfield,,,953000.0,0.0,545000.0,,Midfielder,5.0,0.0,0.0,0.0,0.0,0.17,0.49,932000.0,,,6.0,5.0,2.0,66.0,63.0,126.0,0.0,False,1679,1618,2,8808_SK,98.60000000000014,0,69.0,0,7.666666666666667,11.933333333333334,13.0,14.533333333333333,3.0,3.533333333333333,3.6666666666666665,6.133333333333334,0.0,0.0,0.3333333333333333,1.1333333333333333,0.6666666666666666,0.6666666666666666,0.3333333333333333,0.4,0.3333333333333333,0.3333333333333333,0.0,0.0,0.19000000000000003,0.198,0.42333333333333334,0.39666666666666667,7.333333333333333,11.066666666666666,3.0,5.533333333333333,3.3333333333333335,4.066666666666666,64.33333333333333,69.53333333333333,71.33333333333333,77.46666666666667,159.66666666666666,262.1333333333333,1594.3333333333333,1648.3333333333333,1690.3333333333333,1632.0,92.05,87.6,73.6,64.33333333333333,1,shovel,56,71.18880774211026,-15.188807742110257
121714,8809,http://live.fanfooty.com.au/game/matchcentre.html?id=8809,R1,2024,996464.0,Darcy,Macpherson,GC,0.0,3.0,1,4.0,2.0,3.0,1.0,0.0,0.0,0.0,0.0,0.0,0.0,0.0,0.0,Full Time,guard,On in Q4 for Ellis,sub,Started as the sub,702600.0,0.0,398500.0,,Back,44.0,5.0,71.4,0.0,0.0,0.22,0.12,687000.0,,,0.0,0.0,0.0,0.0,17.0,34.0,0.0,False,1607,1677,2,8809_GC,98.60000000000014,0,69.0,0,5.0,9.8,2.6666666666666665,4.8,2.3333333333333335,3.933333333333333,1.3333333333333333,1.7333333333333334,0.0,0.0,0.0,0.7333333333333333,0.3333333333333333,0.5333333333333333,0.0,0.2,0.0,0.06666666666666667,0.10333333333333333,0.020666666666666667,0.17000000000000004,0.09000000000000001,0.10333333333333333,0.07666666666666667,1.6666666666666667,4.466666666666667,0.3333333333333333,0.7333333333333333,1.3333333333333333,2.2666666666666666,60.0,66.53333333333333,37.333333333333336,67.06666666666666,100.66666666666667,209.0,1708.3333333333333,1610.9333333333334,1571.3333333333333,1675.6,63.05,47.9,33.2,31.666666666666668,1,guard,1,81.31264337732125,-80.31264337732125
121845,8812,http://live.fanfooty.com.au/game/matchcentre.html?id=8812,R1,2024,992472.0,Oscar,McDonald,FR,3.0,38.0,27,51.0,30.0,42.0,8.0,2.0,3.0,1.0,0.0,0.0,1.0,0.0,0.0,Full Time,injured,Left knee hyperextension landing after spoiling late in Q3... looked nasty and iced up at 3QT... %P with %k by foot... also %M,job,In defence on Hipwood,195400.0,0.0,123900.0,,Back,21.0,21.0,42.52,0.0,0.0,1.34,0.18,313000.0,,,1.0,0.0,4.0,50.0,58.0,197.0,1.0,True,1505,1753,2,8812_FR,98.60000000000014,0,69.0,0,8.666666666666666,6.066666666666666,2.6666666666666665,2.933333333333333,4.333333333333333,2.6,0.3333333333333333,0.9333333333333333,0.0,0.2,1.0,0.5333333333333333,0.3333333333333333,0.8,0.0,0.2,0.0,0.06666666666666667,0.0,0.0,0.44666666666666677,0.08933333333333333,0.06,0.012,3.6666666666666665,3.1333333333333333,0.0,0.06666666666666667,2.6666666666666665,2.2,63.0,59.13333333333333,68.0,71.66666666666667,150.33333333333334,,1777.3333333333333,1637.0,1494.0,1619.2666666666667,49.15,35.4,27.6,46.0,1,injured,27,38.920939050349716,-11.920939050349716
122134,8818,http://live.fanfooty.com.au/game/matchcentre.html?id=8818,R2,2024,281124.0,Levi,Casboult,GC,8.0,49.0,68,46.0,42.0,53.0,3.0,5.0,0.0,3.0,19.0,1.0,1.0,0.0,1.0,Full Time,ruckfwd,%s from %O and %T... Playing a forward/ruck role,,,324600.0,0.0,,,Forward,30.0,10.0,52.8,0.0,0.0,0.06,0.09,,,,8.0,1.0,3.0,25.0,82.0,13.0,0.0,False,1830,1435,3,8818_GC,99.0,0,70.5,0,5.0,6.6,4.0,2.8,2.0,4.666666666666667,2.0,1.8666666666666667,7.666666666666667,5.666666666666667,1.0,0.6,1.0,1.2,0.0,1.2,0.3333333333333333,0.6,0.043333333333333335,0.008666666666666666,0.06,0.356,0.09,0.306,5.333333333333333,4.533333333333333,0.6666666666666666,0.8,2.3333333333333335,2.933333333333333,50.0,60.333333333333336,81.66666666666667,87.13333333333334,107.33333333333333,165.4,1676.6666666666667,1601.8,1601.0,1683.2,55.35,52.5,42.6,47.333333333333336,1,ruckfwd,68,66.00564018116434,1.9943598188356617
122140,8818,http://live.fanfooty.com.au/game/matchcentre.html?id=8818,R2,2024,293713.0,Brandon,Ellis,GC,1.0,26.0,35,12.0,21.0,28.0,5.0,3.0,1.0,0.0,0.0,1.0,0.0,0.0,1.0,Full Time,wing,%P and %s... On the outside,,,482800.0,0.0,,,Back,4.0,17.0,74.35,0.0,0.0,0.05,0.11,,,,4.0,0.0,0.0,50.0,84.0,69.0,0.0,False,1830,1435,3,8818_GC,99.0,0,70.5,0,8.0,11.533333333333333,3.6666666666666665,5.133333333333334,2.6666666666666665,4.666666666666667,1.6666666666666667,2.4,0.0,0.0,0.3333333333333333,0.2,0.3333333333333333,0.4,0.0,0.3333333333333333,0.6666666666666666,0.5333333333333333,0.013333333333333185,0.0026666666666666666,0.05,0.402,0.11,1.1099999999999999,4.333333333333333,5.266666666666667,0.3333333333333333,1.5333333333333334,2.3333333333333335,2.0,51.0,71.46666666666667,76.0,83.86666666666666,188.66666666666666,280.06666666666666,1676.6666666666667,1607.0,1601.0,1675.0666666666666,75.4,76.8,60.2,46.666666666666664,1,wing,35,68.13945934552152,-33.139459345521516
122251,8821,http://live.fanfooty.com.au/game/matchcentre.html?id=8821,R3,2024,1009385.0,Deven,Robertson,BL,3.0,28.0,26,35.0,23.0,36.0,3.0,7.0,0.0,2.0,0.0,0.0,1.0,0.0,0.0,Full Time,wing,Subbed off in Q4 for Lohmann... %D and %T,subbed,Playing a half forward role,,,,,Midfielder,2.0,0.0,0.0,0.0,1.64,1.16,4.59,,,,6.0,1.0,6.0,60.0,61.0,54.0,1.0,True,1659,1615,4,8821_BL,97.0,0,72.0,0,4.0,4.733333333333333,5.666666666666667,5.066666666666666,1.3333333333333333,2.1333333333333333,1.3333333333333333,2.6666666666666665,0.0,0.0,0.0,0.6,0.3333333333333333,0.8,0.3333333333333333,0.2,0.0,0.13333333333333333,1.2233333333333334,0.5566666666666666,0.8966666666666665,0.47533333333333333,3.1466666666666665,0.8373333333333334,3.6666666666666665,4.8,1.0,1.6,2.3333333333333335,2.1333333333333333,70.0,60.53333333333333,67.66666666666667,64.73333333333333,90.0,109.33333333333333,1545.6666666666667,1672.1333333333334,1724.3333333333333,1608.6666666666667,48.95,49.3,35.6,36.0,1,wing,26,52.75893341424154,-26.75893341424154
122299,8822,http://live.fanfooty.com.au/game/matchcentre.html?id=8822,R3,2024,1000061.0,Callum,Coleman-Jones,NM,0.0,12.0,14,13.0,12.0,14.0,0.0,3.0,1.0,0.0,2.0,1.0,0.0,0.0,0.0,Full Time,longterminjured,Went down as if shot without contact in Q2 clutching his right ankle... looked very much like an Achilles rupture... subbed off for Ford... %H with %D,subbed,Playing a forward/ruck role on Marchbank,147500.0,0.0,,,Ruck,21.0,0.0,0.0,0.0,0.0,0.12,0.07,,,,2.0,0.0,0.0,66.0,25.0,-8.0,1.0,True,1889,1388,4,8822_NM,97.0,0,72.0,0,2.0,4.4,4.0,4.666666666666667,2.3333333333333335,2.8,0.3333333333333333,1.9333333333333333,3.6666666666666665,6.8,1.0,0.8,0.3333333333333333,0.9333333333333333,0.0,0.4666666666666667,0.0,0.26666666666666666,0.0,0.0,0.12,0.23999999999999996,0.07,0.302,3.3333333333333335,4.6,0.0,1.0666666666666667,0.6666666666666666,3.066666666666667,81.0,67.73333333333333,49.666666666666664,68.93333333333334,49.333333333333336,120.53333333333333,1465.3333333333333,1516.0,1821.3333333333333,1772.0,48.4,39.1,29.6,34.0,1,longterminjured,14,44.64625247595194,-30.64625247595194
122366,8823,http://live.fanfooty.com.au/game/matchcentre.html?id=8823,R3,2024,1012218.0,Luke,Pedlar,AD,2.0,19.0,10,16.0,16.0,24.0,3.0,1.0,2.0,2.0,0.0,0.0,2.0,0.0,0.0,Full Time,wing,Subbed off in Q3 for Murphy... %O and %M plus %T,subbed,Playing a half forward role,,,,,Forward,10.0,0.0,0.0,0.0,1.55,0.95,0.9,,,,1.0,1.0,2.0,50.0,40.0,47.0,1.0,True,1779,1507,4,8823_AD,97.0,0,72.0,0,6.333333333333333,7.666666666666667,1.0,3.066666666666667,2.0,2.4,1.0,2.6666666666666665,0.0,0.0,0.0,1.1333333333333333,1.3333333333333333,1.2666666666666666,0.0,0.8666666666666667,0.6666666666666666,0.7333333333333333,1.55,18.758,0.95,2.2060000000000004,0.9,14.148,4.0,5.466666666666667,1.3333333333333333,1.6666666666666667,2.0,3.0,47.333333333333336,54.333333333333336,58.666666666666664,70.33333333333333,210.33333333333334,216.8,1577.0,1689.8666666666666,1712.6666666666667,1596.5333333333333,50.5,42.5,39.0,30.0,1,wing,10,53.182843020387466,-43.182843020387466
123555,8850,http://live.fanfooty.com.au/game/matchcentre.html?id=8850,R6,2024,293716.0,Jarryd,Lyons,BL,3.0,40.0,41,52.0,31.0,45.0,5.0,6.0,1.0,3.0,0.0,1.0,1.0,0.0,0.0,Full Time,wing,On in Q3 for McINerney... %O and %T,sub,Started as the sub,,0.0,,,Midfielder,17.0,18.0,94.89,0.0,0.0,0.66,0.04,,,,6.0,1.0,1.0,54.0,43.0,139.0,0.0,False,1609,1678,7,8850_BL,98.0,0,70.0,0,9.666666666666666,8.4,8.666666666666666,6.2,4.0,3.0,5.0,3.8666666666666667,0.0,0.0,1.0,0.8666666666666667,1.6666666666666667,0.5333333333333333,0.0,0.13333333333333333,0.0,0.2,0.19333333333333302,0.03866666666666666,0.66,0.3506666666666666,0.04,0.10933333333333334,6.666666666666667,6.333333333333333,2.0,2.466666666666667,2.3333333333333335,1.4666666666666666,70.66666666666667,73.13333333333334,61.0,53.06666666666667,198.66666666666666,192.8,1592.0,1665.2,1677.6666666666667,1609.1333333333334,65.35,56.9,48.2,76.0,1,wing,41,68.36205473632654,-27.36205473632654
123616,8851,http://live.fanfooty.com.au/game/matchcentre.html?id=8851,R6,2024,996580.0,Ethan,Hughes,FR,9.0,60.0,49,43.0,49.0,66.0,9.0,5.0,6.0,2.0,0.0,0.0,1.0,0.0,0.0,Full Time,guard,%D and %M with %T... Starting in defence,,,,0.0,,,Back,15.0,4.0,48.5,0.0,0.0,0.04,0.07,,,,1.0,0.0,1.0,92.0,84.0,120.0,0.0,False,1753,1548,7,8851_FR,98.0,0,70.0,0,7.0,7.866666666666666,5.666666666666667,4.6,4.333333333333333,4.533333333333333,1.0,1.8666666666666667,0.0,0.0,0.6666666666666666,0.4666666666666667,1.3333333333333333,0.6666666666666666,0.0,0.0,0.0,0.06666666666666667,0.0,0.0,0.04,0.23800000000000002,0.07,0.262,2.3333333333333335,3.1333333333333333,0.3333333333333333,0.13333333333333333,1.6666666666666667,1.6666666666666667,91.33333333333333,83.8,76.0,78.26666666666667,149.66666666666666,174.8,1567.6666666666667,1628.0,1726.6666666666667,1660.0666666666666,56.75,53.1,52.8,43.666666666666664,1,guard,49,82.79835310381745,-33.79835310381745
123798,8855,http://live.fanfooty.com.au/game/matchcentre.html?id=8855,R7,2024,291856.0,Tom,Mitchell,CO,7.0,58.0,49,50.0,47.0,69.0,5.0,14.0,1.0,3.0,0.0,0.0,0.0,0.0,0.0,Full Time,shovel,Subbed off at 3QT for Harrison... %P with %b by hand... also %T,subbed,Rotating midfield and forward,,0.0,,,Midfielder,6.0,21.0,130.52,0.0,0.0,0.31,0.49,,,,5.0,2.0,0.0,57.0,56.0,110.0,1.0,True,1775,1478,8,8855_CO,98.0,0,70.0,0,5.666666666666667,7.066666666666666,17.666666666666668,14.533333333333333,2.0,2.3333333333333335,7.666666666666667,6.533333333333333,0.0,0.0,1.6666666666666667,1.4,1.6666666666666667,1.0666666666666667,0.0,0.13333333333333333,0.3333333333333333,0.06666666666666667,0.0,0.029333333333333333,0.31,16.15,0.49,20.014000000000003,12.333333333333334,10.133333333333333,5.333333333333333,4.2,4.0,3.2666666666666666,59.333333333333336,70.26666666666667,68.0,67.86666666666666,149.33333333333334,170.46666666666667,1665.6666666666667,1640.1333333333334,1616.0,1639.6666666666667,88.25,94.9,86.0,87.0,1,shovel,49,71.51153152135373,-22.51153152135373
124411,8869,http://live.fanfooty.com.au/game/matchcentre.html?id=8869,R8,2024,280819.0,Dylan,Grimes,RI,3.0,32.0,44,42.0,29.0,42.0,5.0,5.0,3.0,1.0,0.0,0.0,2.0,0.0,0.0,Full Time,job,%M and %O... In defence on Amiss,,,,,,,Back,2.0,0.0,0.0,0.0,0.27,0.54,0.75,,,,2.0,0.0,3.0,100.0,75.0,32.0,0.0,False,1846,1436,9,8869_RI,98.0,0,71.0,0,4.666666666666667,4.4,4.666666666666667,4.0,4.0,2.466666666666667,0.3333333333333333,1.5333333333333334,0.0,0.0,0.0,0.4666666666666667,1.6666666666666667,1.4,0.0,0.0,0.3333333333333333,0.06666666666666667,0.27,0.2966666666666667,0.54,0.39333333333333337,0.75,0.7433333333333333,3.3333333333333335,3.7333333333333334,0.0,0.13333333333333333,2.6666666666666665,2.6,84.0,74.46666666666667,77.66666666666667,79.6,66.66666666666667,88.6,1494.3333333333333,1571.0666666666666,1791.6666666666667,1712.8666666666666,45.5,39.9,40.8,46.0,1,job,44,42.21477422059833,1.7852257794016708
124412,8869,http://live.fanfooty.com.au/game/matchcentre.html?id=8869,R8,2024,298144.0,Sam,Naismith,RI,2.0,30.0,45,36.0,27.0,34.0,1.0,5.0,3.0,1.0,4.0,0.0,0.0,0.0,0.0,Full Time,ruckfwd,Subbed off in Q3 for McIntosh... %H... also %D and %M,subbed,Playing a forward/ruck role on Draper,,,,,Ruck,24.0,0.0,0.0,0.0,7.75,11.69,0.23,,,,2.0,1.0,0.0,100.0,45.0,0.0,1.0,True,1846,1436,9,8869_RI,98.0,0,71.0,0,3.0,3.8666666666666667,5.666666666666667,5.0,2.6666666666666665,1.8,2.0,2.6666666666666665,12.666666666666666,25.4,1.6666666666666667,1.0666666666666667,1.0,1.2,0.0,0.0,0.0,0.13333333333333333,7.75,2.005333333333333,11.69,2.68,0.23,0.7200000000000001,5.666666666666667,5.133333333333334,3.3333333333333335,2.3333333333333335,1.6666666666666667,1.8666666666666667,69.0,66.4,67.33333333333333,70.46666666666667,65.33333333333333,,1462.3333333333333,1629.0666666666666,1825.0,1647.1333333333334,70.2,70.8,76.4,60.666666666666664,1,ruckfwd,45,76.22260680747755,-31.222606807477547
124502,8871,http://live.fanfooty.com.au/game/matchcentre.html?id=8871,R8,2024,296269.0,Darcy,Gardiner,BL,7.0,22.0,43,25.0,19.0,21.0,3.0,0.0,0.0,0.0,0.0,1.0,0.0,2.0,0.0,Full Time,longterminjured,Went down clutching right knee in big pain in Q2... carried off with what looked like a serious ligament injury... %P and %s,spearhead,Playing tall forward,,0.0,,,Back,27.0,20.0,59.85,0.0,0.0,0.39,0.22,,,,2.0,0.0,0.0,66.0,29.0,53.0,1.0,True,1361,1904,9,8871_BL,98.0,0,71.0,0,4.333333333333333,6.6,1.6666666666666667,3.1333333333333333,1.3333333333333333,3.933333333333333,2.3333333333333335,2.1333333333333333,0.0,0.0,1.0,1.0,0.3333333333333333,0.6666666666666666,0.6666666666666666,0.2,0.3333333333333333,0.13333333333333333,0.0,0.008666666666666727,0.39,0.2093333333333333,0.22,0.11466666666666667,2.6666666666666665,4.333333333333333,0.0,0.4,0.3333333333333333,1.4666666666666666,65.33333333333333,75.66666666666667,63.0,82.26666666666667,103.66666666666667,138.46666666666667,1672.6666666666667,1637.6666666666667,1604.6666666666667,1644.1333333333334,57.65,53.6,50.2,48.666666666666664,1,longterminjured,43,47.725934143125855,-4.725934143125855
124504,8871,http://live.fanfooty.com.au/game/matchcentre.html?id=8871,R8,2024,293581.0,Lincoln,McCarthy,BL,0.0,0.0,0,0.0,0.0,0.0,0.0,0.0,0.0,0.0,0.0,0.0,0.0,0.0,0.0,Full Time,injured,Went down as if shot clutching right knee in a marking contest against Ballard early in Q1... subbed off for Morris,subbed,Starting on a HFF,,0.0,,,Forward,11.0,2.0,49.0,0.0,0.0,0.24,0.17,,,,0.0,0.0,0.0,0.0,5.0,0.0,1.0,True,1361,1904,9,8871_BL,98.0,0,71.0,0,6.666666666666667,8.666666666666666,2.0,3.466666666666667,1.3333333333333333,3.533333333333333,2.6666666666666665,3.066666666666667,0.0,0.0,0.6666666666666666,0.8,0.0,0.9333333333333333,0.6666666666666666,1.2,1.0,0.8666666666666667,0.0,0.018000000000000002,0.24,0.24933333333333335,0.17,0.17933333333333337,5.0,5.466666666666667,1.0,0.8,1.0,2.466666666666667,37.666666666666664,57.4,55.666666666666664,73.06666666666666,117.33333333333333,228.86666666666667,1672.6666666666667,1656.8666666666666,1604.6666666666667,1623.5333333333333,66.65,67.0,61.6,47.333333333333336,1,injured,0,47.10972179519433,-47.10972179519433
124510,8871,http://live.fanfooty.com.au/game/matchcentre.html?id=8871,R8,2024,294472.0,Rory,Atkins,GC,8.0,67.0,68,33.0,52.0,73.0,13.0,7.0,3.0,1.0,0.0,0.0,0.0,0.0,1.0,Full Time,guard,%P and %M plus %s... At half back on Jarrod Berry the mostly on Rayner after HT,,,,0.0,,,Back,2.0,19.0,77.47,0.0,0.0,0.08,0.21,,,,3.0,0.0,1.0,85.0,79.0,533.0,0.0,False,1904,1361,9,8871_GC,98.0,0,71.0,0,7.666666666666667,13.0,4.666666666666667,6.4,3.0,4.133333333333334,0.3333333333333333,0.8666666666666667,0.0,0.0,0.0,0.4666666666666667,0.3333333333333333,0.5333333333333333,0.0,0.2,0.3333333333333333,0.2,0.0,0.0,0.08,1.168,0.21,0.6259999999999999,1.3333333333333333,3.533333333333333,0.0,1.0666666666666667,1.0,1.6666666666666667,78.33333333333333,78.73333333333333,62.333333333333336,68.0,316.3333333333333,459.8,1542.3333333333333,1574.9333333333334,1723.3333333333333,1707.6666666666667,67.15,70.1,44.4,38.0,1,guard,68,85.73023334159387,-17.730233341593873
124837,8878,http://live.fanfooty.com.au/game/matchcentre.html?id=8878,R9,2024,281091.0,Hugh,Greenwood,NM,9.0,51.0,58,59.0,40.0,56.0,1.0,10.0,1.0,5.0,5.0,0.0,0.0,0.0,0.0,Full Time,ruckfwd,%P including %B... also %T... Playing a forward/ruck role on Andrew,,,,0.0,,,Midfielder,1.0,21.0,82.14,0.0,0.0,0.13,0.18,,,,7.0,0.0,1.0,72.0,72.0,22.0,0.0,False,1717,1562,10,8878_NM,97.20000000000005,0,71.0,0,3.0,4.4,6.333333333333333,9.4,1.0,1.8666666666666667,6.333333333333333,5.466666666666667,3.6666666666666665,0.8666666666666667,0.3333333333333333,0.4666666666666667,0.3333333333333333,1.0,0.3333333333333333,0.26666666666666666,0.3333333333333333,0.26666666666666666,0.0,0.0,0.13,0.19399999999999953,0.18,0.18,6.666666666666667,9.333333333333334,2.0,3.1333333333333333,0.6666666666666666,2.466666666666667,62.333333333333336,70.66666666666667,78.66666666666667,69.4,40.333333333333336,74.46666666666667,1533.6666666666667,1548.0666666666666,1754.0,1737.7333333333333,66.6,70.7,62.2,58.0,1,ruckfwd,58,71.63282466867203,-13.63282466867203
124975,8881,http://live.fanfooty.com.au/game/matchcentre.html?id=8881,R10,2024,290550.0,Cameron,Guthrie,GE,3.0,39.0,41,38.0,30.0,42.0,3.0,6.0,2.0,3.0,0.0,0.0,0.0,0.0,0.0,Full Time,shovel,Subbed off in Q3 for Clark... %P and %M plus %T,subbed,Doing jobs in midfield,,0.0,,,Midfielder,29.0,11.0,59.18,0.0,0.0,8.29,3.93,,,,3.0,2.0,0.0,77.0,38.0,104.0,1.0,True,1944,1313,11,8881_GE,100.0,0,67.0,0,6.666666666666667,11.666666666666666,6.666666666666667,8.333333333333334,2.0,3.6,3.0,3.933333333333333,0.0,0.0,0.3333333333333333,0.7333333333333333,0.6666666666666666,0.8666666666666667,0.0,0.26666666666666666,0.0,0.13333333333333333,0.0,0.07266666666666761,8.29,2.4426666666666668,3.93,1.284,7.0,7.266666666666667,3.3333333333333335,2.933333333333333,1.6666666666666667,3.466666666666667,64.33333333333333,66.66666666666667,52.0,64.0,191.0,238.6,1479.0,1688.8,1801.3333333333333,1592.6,83.35,76.0,71.2,58.666666666666664,1,shovel,41,62.97112878495072,-21.97112878495072
125191,8886,http://live.fanfooty.com.au/game/matchcentre.html?id=8886,R10,2024,1018433.0,Tylar,Young,RI,8.0,50.0,30,32.0,43.0,57.0,9.0,2.0,7.0,1.0,0.0,0.0,2.0,0.0,0.0,Full Time,job,%P with %k by foot... also %M... In defence on Daniher,,,,,,,Back,45.0,0.0,0.0,0.0,0.04,0.11,0.17,,,,1.0,0.0,5.0,63.0,90.0,345.0,1.0,False,2053,1235,11,8886_RI,100.0,0,67.0,0,7.666666666666667,7.666666666666667,4.333333333333333,2.533333333333333,6.0,4.4,0.6666666666666666,1.0,0.0,0.0,0.3333333333333333,0.4,1.0,1.0,0.0,0.0,0.0,0.0,0.04,0.348,0.11,0.5813333333333334,0.17,0.17466666666666666,3.0,3.2666666666666666,0.0,0.06666666666666667,2.6666666666666665,2.533333333333333,76.33333333333333,73.4,88.33333333333333,89.13333333333334,221.66666666666666,232.4,1338.6666666666667,1523.8666666666666,1945.0,1765.2,51.2,50.1,54.2,53.333333333333336,1,job,30,48.04774026391142,-18.04774026391142
125336,8889,http://live.fanfooty.com.au/game/matchcentre.html?id=8889,R10,2024,291867.0,Ben,Brown,ME,6.0,20.0,28,16.0,16.0,20.0,2.0,1.0,0.0,1.0,1.0,0.0,0.0,1.0,1.0,Full Time,spearhead,%s from %P... Up forward on Barrass,,,,0.0,,,Forward,50.0,21.0,68.19,0.0,0.0,0.08,0.08,,,,1.0,0.0,0.0,66.0,80.0,53.0,1.0,False,1813,1481,11,8889_ME,100.0,0,67.0,0,2.6666666666666665,5.4,1.3333333333333333,2.6,1.3333333333333333,3.466666666666667,0.6666666666666666,0.7333333333333333,0.3333333333333333,0.8,0.0,0.7333333333333333,0.0,0.26666666666666666,0.6666666666666666,1.2666666666666666,0.3333333333333333,0.5333333333333333,0.0,0.008,0.08,0.10666666666666667,0.08,0.14866666666666667,1.3333333333333333,3.7333333333333334,0.0,0.0,0.6666666666666666,1.0,75.33333333333333,75.46666666666667,75.66666666666667,76.53333333333333,76.33333333333333,131.2,1510.3333333333333,1650.8666666666666,1787.0,1641.5333333333333,57.1,42.9,33.8,21.333333333333332,1,spearhead,28,56.84613741376233,-28.846137413762328
125447,8892,http://live.fanfooty.com.au/game/matchcentre.html?id=8892,R11,2024,1012852.0,Charlie,Lazzaro,NM,1.0,22.0,4,28.0,17.0,24.0,3.0,3.0,1.0,1.0,0.0,0.0,0.0,0.0,0.0,Full Time,wing,On in Q3 for Duursma... %P,sub,Started as the sub,,,,,Forward,35.0,0.0,0.0,0.0,0.84,1.32,1.79,,,,0.0,0.0,2.0,50.0,35.0,50.0,0.0,False,1719,1580,12,8892_NM,98.0,0,72.0,0,3.0,3.8,3.3333333333333335,6.333333333333333,0.6666666666666666,1.5333333333333334,1.6666666666666667,2.466666666666667,0.0,0.0,0.0,0.26666666666666666,0.0,0.4,0.0,0.13333333333333333,0.0,0.0,0.84,0.568,1.32,0.8160000000000001,1.79,1.082,1.3333333333333333,3.7333333333333334,0.3333333333333333,1.0666666666666667,1.6666666666666667,1.2666666666666666,72.66666666666667,74.93333333333334,38.666666666666664,54.333333333333336,66.33333333333333,81.0,1544.6666666666667,1528.4,1737.3333333333333,1755.2666666666667,36.15,43.4,24.8,16.333333333333332,1,wing,4,40.42816048200196,-36.42816048200196
125808,8900,http://live.fanfooty.com.au/game/matchcentre.html?id=8900,R12,2024,997974.0,Ash,Johnson,CO,2.0,26.0,27,38.0,21.0,30.0,3.0,1.0,3.0,3.0,0.0,0.0,2.0,0.0,0.0,Full Time,chief,Donuts in Q1... %P and %M plus %T... Starting forward on Keath,,,,,,,Forward,40.0,0.0,0.0,0.0,0.44,0.39,0.31,,,,3.0,0.0,3.0,75.0,63.0,63.0,1.0,False,1724,1572,13,8900_CO,99.0,0,73.0,0,3.6666666666666665,5.2,0.6666666666666666,2.1333333333333333,2.3333333333333335,3.533333333333333,1.6666666666666667,1.6666666666666667,0.0,0.8,0.3333333333333333,0.6666666666666666,0.6666666666666666,1.0666666666666667,0.0,1.3333333333333333,0.6666666666666666,0.5333333333333333,0.3833333333333333,0.2926666666666667,0.36000000000000004,0.312,0.36000000000000004,0.44000000000000006,3.0,4.0,0.0,0.13333333333333333,2.3333333333333335,2.0,52.666666666666664,66.93333333333334,56.666666666666664,70.6,66.0,108.2,1510.6666666666667,1659.4666666666667,1780.0,1629.7333333333333,48.15,44.6,38.6,22.0,1,chief,27,61.86258233781024,-34.86258233781024
125983,8904,http://live.fanfooty.com.au/game/matchcentre.html?id=8904,R12,2024,298470.0,Shane,McAdam,ME,4.0,43.0,43,54.0,36.0,48.0,5.0,6.0,4.0,1.0,0.0,0.0,0.0,0.0,0.0,Full Time,sore,Right shoulder stinger in Q3... %P and %M,wing,Starting forward,,,,,Forward,23.0,0.0,0.0,0.0,0.18,0.14,0.18,,,,2.0,1.0,1.0,63.0,68.0,158.0,0.0,True,1914,1367,13,8904_ME,99.0,0,73.0,0,4.0,5.6,4.666666666666667,4.6,3.3333333333333335,4.2,3.0,2.933333333333333,0.0,0.0,0.3333333333333333,0.6666666666666666,0.6666666666666666,1.0666666666666667,0.3333333333333333,1.3333333333333333,0.6666666666666666,0.6666666666666666,0.18,0.218,0.14,0.084,0.18,0.078,2.3333333333333335,3.7333333333333334,0.6666666666666666,0.26666666666666666,1.3333333333333333,1.8666666666666667,58.666666666666664,67.13333333333334,72.33333333333333,74.26666666666667,97.66666666666667,140.73333333333332,1557.6666666666667,1654.9333333333334,1733.0,1631.4666666666667,63.15,59.6,55.6,42.0,1,sore,43,72.32021405309912,-29.32021405309912
125988,8904,http://live.fanfooty.com.au/game/matchcentre.html?id=8904,R12,2024,294557.0,Lachie,Hunter,ME,1.0,18.0,16,22.0,14.0,21.0,4.0,3.0,0.0,0.0,0.0,0.0,0.0,0.0,0.0,Full Time,injured,Matched up on O'Meara... subbed off at HT for Woewoedin with ice on left calf... %P,subbed,Playing outside midfield,,,,,Midfielder,12.0,0.0,0.0,0.0,0.13,0.09,0.07,,,,2.0,0.0,2.0,42.0,36.0,129.0,1.0,True,1914,1367,13,8904_ME,99.0,0,73.0,0,10.0,12.733333333333333,7.333333333333333,9.466666666666667,3.3333333333333335,4.2,0.6666666666666666,1.6,0.0,0.0,0.0,0.6666666666666666,0.0,0.3333333333333333,0.3333333333333333,0.2,0.0,0.2,0.36000000000000004,0.728,0.3733333333333333,0.8266666666666665,0.16666666666666563,0.3213333333333333,4.0,6.933333333333334,1.0,2.0,2.0,3.066666666666667,58.666666666666664,61.46666666666667,71.0,87.6,257.0,361.26666666666665,1608.6666666666667,1650.4,1675.6666666666667,1633.6,74.45,66.8,61.0,63.666666666666664,1,injured,16,55.219114560806695,-39.219114560806695
126078,8906,http://live.fanfooty.com.au/game/matchcentre.html?id=8906,R13,2024,1000068.0,Chris,Burgess,AD,2.0,31.0,34,39.0,24.0,29.0,3.0,1.0,1.0,2.0,8.0,1.0,0.0,0.0,0.0,Full Time,switch,%P and %T... Playing a key forward role on Miller... switched to ruck in Q4,,,,,,,Back,21.0,0.0,0.0,0.0,8.99,4.48,18.22,,,,1.0,0.0,1.0,50.0,77.0,71.0,1.0,False,1601,1667,14,8906_AD,98.0,0,70.0,0,5.333333333333333,4.133333333333334,2.0,2.933333333333333,3.6666666666666665,2.6666666666666665,1.6666666666666667,1.7333333333333334,5.666666666666667,4.666666666666667,1.0,0.4666666666666667,0.6666666666666666,0.3333333333333333,1.3333333333333333,0.5333333333333333,0.6666666666666666,0.6666666666666666,8.99,4.294,4.48,2.176666666666667,18.22,8.511333333333333,3.3333333333333335,3.7333333333333334,0.6666666666666666,0.6,1.3333333333333333,1.0666666666666667,68.0,69.26666666666667,78.66666666666667,78.86666666666666,137.66666666666666,108.2,1763.0,1585.1333333333334,1516.0,1699.2,54.7,44.8,51.0,56.0,1,switch,34,71.25563639189824,-37.255636391898236
126079,8906,http://live.fanfooty.com.au/game/matchcentre.html?id=8906,R13,2024,1008185.0,Ned,McHenry,AD,1.0,16.0,23,18.0,16.0,24.0,2.0,6.0,0.0,0.0,0.0,1.0,1.0,0.0,0.0,Full Time,wing,On in Q4 for Strachan... %P including %B,sub,Started as the sub,,,,,Forward,25.0,0.0,0.0,0.0,0.0,0.15,0.09,,,,4.0,1.0,2.0,87.0,26.0,147.0,0.0,False,1601,1667,14,8906_AD,98.0,0,70.0,0,5.333333333333333,6.8,5.333333333333333,4.4,2.6666666666666665,3.6666666666666665,1.0,1.8666666666666667,0.0,0.0,0.3333333333333333,0.6666666666666666,1.3333333333333333,0.9333333333333333,0.3333333333333333,0.3333333333333333,0.3333333333333333,0.13333333333333333,0.0,0.13999999999999999,0.15,0.13799999999999998,0.09,0.082,3.6666666666666665,3.6666666666666665,0.6666666666666666,0.4666666666666667,2.0,2.2,84.33333333333333,76.06666666666666,52.666666666666664,57.733333333333334,115.33333333333333,174.66666666666666,1679.6666666666667,1669.2666666666667,1597.3333333333333,1614.8666666666666,44.3,40.7,42.2,44.333333333333336,1,wing,23,48.516257183803305,-25.516257183803305
126117,8907,http://live.fanfooty.com.au/game/matchcentre.html?id=8907,R13,2024,290797.0,Alex,Keath,WB,5.0,46.0,63,57.0,39.0,51.0,3.0,8.0,4.0,2.0,0.0,1.0,0.0,0.0,0.0,Full Time,concussed,Off in Q1 for a concussion test after a clash with Hipwood... returned in Q2... %P including %B... also %M and %T,job,In defence on Hipwood,,0.0,,,Back,42.0,5.0,50.8,0.0,0.0,0.08,0.09,,,,5.0,0.0,0.0,72.0,78.0,113.0,1.0,True,1792,1499,14,8907_WB,98.0,0,70.0,0,5.666666666666667,6.8,7.0,5.0,5.0,5.2,1.0,1.4,0.0,0.0,1.6666666666666667,0.8,0.3333333333333333,0.6,0.0,0.0,0.0,0.0,0.0,0.0,0.08,0.1,0.09,0.07666666666666667,5.0,3.933333333333333,0.0,0.0,0.3333333333333333,1.6,88.33333333333333,84.4,89.33333333333333,88.66666666666667,66.33333333333333,152.2,1629.6666666666667,1647.0,1656.3333333333333,1638.2,57.3,53.4,56.2,64.66666666666667,1,concussed,63,70.90461300466625,-7.9046130046662455
126168,8908,http://live.fanfooty.com.au/game/matchcentre.html?id=8908,R13,2024,1001024.0,Ned,Reeves,HW,8.0,28.0,35,31.0,31.0,38.0,1.0,4.0,2.0,0.0,17.0,0.0,2.0,0.0,0.0,Full Time,injured,Off with a back injury in Q3 and subbed off for Breust... %H... also %P and %M,subbed,In ruck,,,,,Ruck,7.0,0.0,0.0,0.0,0.58,0.73,0.59,,,,3.0,1.0,3.0,80.0,38.0,-2.0,0.0,True,1640,1656,14,8908_HW,98.0,0,70.0,0,2.6666666666666665,3.466666666666667,5.666666666666667,5.2,2.0,1.5333333333333334,2.3333333333333335,2.933333333333333,21.0,26.733333333333334,1.0,0.8,2.0,1.5333333333333334,0.3333333333333333,0.13333333333333333,0.0,0.06666666666666667,0.58,0.6679999999999999,0.73,0.7006666666666667,0.59,0.612,5.333333333333333,5.533333333333333,2.3333333333333335,2.8,2.6666666666666665,3.2,76.66666666666667,65.0,63.0,73.93333333333334,12.333333333333334,54.86666666666667,1642.6666666666667,1624.7333333333333,1645.6666666666667,1659.2,67.8,65.1,58.6,57.666666666666664,1,injured,35,49.394016591904325,-14.394016591904325
126203,8909,http://live.fanfooty.com.au/game/matchcentre.html?id=8909,R13,2024,296296.0,Dom,Sheed,WC,7.0,51.0,45,66.0,41.0,58.0,10.0,6.0,1.0,2.0,0.0,3.0,2.0,0.0,1.0,Full Time,shovel,%P and %T plus %s... aided by %4FF... Tagged Davies-Uniacke in Q1 then freed up,,,,,,,Midfielder,4.0,0.0,0.0,0.0,0.18,0.06,0.11,,,,9.0,6.0,6.0,56.0,75.0,232.0,1.0,False,1790,1510,14,8909_WC,98.0,0,70.0,0,8.333333333333334,8.533333333333333,5.666666666666667,8.133333333333333,1.0,3.6,3.0,3.066666666666667,0.0,0.0,1.6666666666666667,0.7333333333333333,0.6666666666666666,1.0666666666666667,0.0,0.06666666666666667,0.3333333333333333,0.13333333333333333,0.18,10.26,0.06,3.6113333333333335,0.11,10.852666666666666,8.0,6.2,4.0,2.6666666666666665,2.6666666666666665,3.466666666666667,60.666666666666664,68.66666666666667,75.33333333333333,72.46666666666667,181.0,205.0,1430.3333333333333,1502.3333333333333,1858.3333333333333,1785.2666666666667,67.75,50.9,56.6,52.666666666666664,1,shovel,45,54.728638367102064,-9.728638367102064
126313,8911,http://live.fanfooty.com.au/game/matchcentre.html?id=8911,R13,2024,261510.0,Tom,Hawkins,GE,12.0,67.0,53,57.0,54.0,67.0,7.0,3.0,5.0,3.0,5.0,0.0,0.0,1.0,2.0,Full Time,spearhead,%s from %P and %M plus %T... Up forward on Melican then got McCartin in Q3,,,,0.0,,,Forward,26.0,19.0,86.74,0.0,0.0,0.21,0.31,,,,6.0,0.0,4.0,50.0,93.0,189.0,0.0,False,1836,1456,14,8911_GE,98.0,0,70.0,0,7.333333333333333,6.0,4.0,3.3333333333333335,4.333333333333333,3.466666666666667,1.6666666666666667,1.4666666666666666,4.0,4.533333333333333,0.0,0.26666666666666666,0.0,0.26666666666666666,1.6666666666666667,1.6,1.0,1.0,0.0,0.0,0.21,0.4126666666666666,0.31,0.4646666666666667,5.333333333333333,4.933333333333334,0.3333333333333333,0.7333333333333333,2.6666666666666665,2.3333333333333335,55.333333333333336,60.0,89.33333333333333,89.73333333333333,169.0,139.6,1645.3333333333333,1626.2666666666667,1642.6666666666667,1660.0,63.75,62.0,61.4,69.33333333333333,1,spearhead,53,66.9287975029764,-13.928797502976394
126455,8914,http://live.fanfooty.com.au/game/matchcentre.html?id=8914,R14,2024,293846.0,Sebastian,Ross,SK,4.0,47.0,52,38.0,35.0,48.0,6.0,4.0,3.0,3.0,0.0,0.0,0.0,0.0,0.0,Full Time,switch,%P and %M plus %T... Playing half back... got more CBAs in the second half,,,,,,,Midfielder,6.0,0.0,0.0,0.0,0.09,0.07,0.1,,,,5.0,1.0,1.0,60.0,80.0,131.0,1.0,False,1809,1481,15,8914_SK,97.0,0,69.5,0,5.666666666666667,9.4,2.3333333333333335,7.0,2.6666666666666665,2.6,2.6666666666666665,3.8,0.0,0.0,0.3333333333333333,0.4,0.0,0.5333333333333333,0.3333333333333333,0.2,0.0,0.26666666666666666,0.09,0.094,0.07,0.07,0.1,0.10266666666666667,3.0,5.866666666666666,0.3333333333333333,2.466666666666667,0.3333333333333333,1.8,47.666666666666664,65.66666666666667,74.33333333333333,68.2,108.0,242.2,1597.3333333333333,1612.4666666666667,1687.6666666666667,1674.9333333333334,66.45,65.1,44.4,42.0,1,switch,52,77.14706975914775,-25.147069759147755
126478,8915,http://live.fanfooty.com.au/game/matchcentre.html?id=8915,R14,2024,992048.0,Anthony,Scott,WB,8.0,50.0,53,65.0,41.0,52.0,7.0,3.0,6.0,1.0,0.0,0.0,0.0,0.0,1.0,Full Time,wing,Subbed off at 3QT for Daniel... %P and %M plus %s,subbed,Playing a half forward role,,,,,Midfielder,28.0,0.0,0.0,0.0,0.84,0.73,0.26,,,,4.0,2.0,0.0,60.0,53.0,175.0,1.0,True,1371,1907,15,8915_WB,97.0,0,69.5,0,4.333333333333333,5.533333333333333,3.3333333333333335,4.066666666666666,3.0,2.2,0.6666666666666666,2.4,0.0,0.0,0.3333333333333333,0.5333333333333333,0.0,0.13333333333333333,0.0,0.4,0.3333333333333333,0.26666666666666666,0.5866666666666666,0.18133333333333332,0.51,0.158,0.19666666666666668,0.09533333333333333,3.3333333333333335,3.533333333333333,0.6666666666666666,0.9333333333333333,0.0,0.8666666666666667,48.0,72.33333333333333,42.666666666666664,65.6,125.0,171.6,1745.3333333333333,1712.7333333333333,1535.3333333333333,1572.4666666666667,47.05,41.3,35.4,37.333333333333336,1,wing,53,48.18391920835085,4.816080791649149
126572,8917,http://live.fanfooty.com.au/game/matchcentre.html?id=8917,R14,2024,1008543.0,Harry,Schoenberg,AD,2.0,29.0,38,36.0,22.0,33.0,3.0,6.0,0.0,2.0,0.0,0.0,0.0,0.0,0.0,Full Time,wing,Subbed off in Q3 for Berry... %P and %T,subbed,Starting at half forward,,,,,Midfielder,26.0,0.0,0.0,0.0,0.04,0.25,0.25,,,,5.0,0.0,1.0,55.0,45.0,123.0,1.0,True,1705,1587,15,8917_AD,97.0,0,69.5,0,3.6666666666666665,6.2,5.666666666666667,6.6,0.6666666666666666,2.533333333333333,1.3333333333333333,2.1333333333333333,0.0,0.0,0.6666666666666666,0.5333333333333333,0.0,0.8,0.6666666666666666,0.3333333333333333,0.0,0.26666666666666666,0.04,0.2673333333333333,0.25,0.2866666666666667,0.25,0.24266666666666664,4.333333333333333,4.733333333333333,0.6666666666666666,2.0,1.0,1.9333333333333333,67.66666666666667,70.26666666666667,61.0,60.86666666666667,110.33333333333333,186.93333333333334,1606.0,1696.4666666666667,1675.3333333333333,1586.2666666666667,54.05,60.8,45.2,39.0,1,wing,38,53.958441216926275,-15.958441216926275
127154,8930,http://live.fanfooty.com.au/game/matchcentre.html?id=8930,R16,2024,1008159.0,Will,Hamill,AD,4.0,46.0,60,60.0,37.0,51.0,7.0,5.0,3.0,2.0,0.0,1.0,1.0,0.0,0.0,Full Time,guard,%P and %M plus %T... Responsible for Daniels,,,,,,,Back,17.0,0.0,0.0,0.0,0.4,0.33,0.45,,,,7.0,1.0,1.0,83.0,83.0,221.0,0.0,False,1604,1685,17,8930_AD,96.20000000000005,0,71.0,0,9.0,6.133333333333334,4.666666666666667,4.533333333333333,4.0,2.2,2.6666666666666665,2.3333333333333335,0.0,0.0,1.3333333333333333,0.8666666666666667,0.6666666666666666,0.6,0.0,0.06666666666666667,0.0,0.0,0.4,0.18666666666666668,0.33,0.154,0.45,0.21,4.333333333333333,4.333333333333333,1.0,0.4,1.3333333333333333,1.4666666666666666,82.33333333333333,84.86666666666666,84.0,76.46666666666667,262.6666666666667,168.33333333333334,1646.3333333333333,1637.9333333333334,1636.6666666666667,1644.4,53.35,54.3,59.8,65.0,1,guard,60,82.33154215931198,-22.33154215931198
127245,8932,http://live.fanfooty.com.au/game/matchcentre.html?id=8932,R16,2024,290246.0,Tom,Campbell,SK,3.0,36.0,26,44.0,31.0,38.0,3.0,3.0,3.0,1.0,8.0,0.0,0.0,0.0,0.0,Full Time,in,%l Sebastian Ross... subbed off in Q3 for Sharman... %H... also %P and %M,subbed,Playing a forward/ruck role,,,,,Ruck,38.0,0.0,0.0,0.0,0.27,0.31,0.1,,,,2.0,0.0,1.0,50.0,40.0,94.0,1.0,True,1645,1621,17,8932_SK,96.20000000000005,0,71.0,0,4.666666666666667,5.066666666666666,4.333333333333333,4.933333333333334,3.0,3.2666666666666666,2.6666666666666665,1.6666666666666667,12.333333333333334,10.4,2.0,1.0,0.3333333333333333,1.2,0.0,0.4,0.0,0.2,0.18000000000000002,0.036000000000000004,0.20666666666666653,0.04133333333333333,0.06666666666666667,0.013333333333333334,6.333333333333333,6.333333333333333,2.3333333333333335,1.8666666666666667,1.3333333333333333,3.0,60.0,63.4,57.666666666666664,69.66666666666667,124.66666666666667,,1590.3333333333333,1552.1333333333334,1686.6666666666667,1733.6666666666667,61.45,65.3,55.4,60.666666666666664,1,in,26,53.575525978511656,-27.575525978511656
127246,8932,http://live.fanfooty.com.au/game/matchcentre.html?id=8932,R16,2024,1006143.0,Max,King,SK,3.0,30.0,33,37.0,30.0,41.0,4.0,6.0,3.0,0.0,0.0,1.0,2.0,0.0,2.0,Full Time,spearhead,Donuts in Q1... %s from %P and %M... Up forward on Zerk-Thatcher,,,,,,,Forward,12.0,0.0,0.0,0.0,0.53,0.62,0.54,,,,4.0,0.0,4.0,80.0,89.0,84.0,0.0,False,1645,1621,17,8932_SK,96.20000000000005,0,71.0,0,6.666666666666667,7.066666666666666,2.6666666666666665,3.4,4.333333333333333,4.333333333333333,0.6666666666666666,0.6666666666666666,0.0,0.0,1.0,1.6666666666666667,2.0,1.2666666666666666,1.6666666666666667,2.066666666666667,1.0,1.1333333333333333,0.53,0.47000000000000003,0.62,0.5939999999999999,0.54,0.5160000000000001,3.3333333333333335,5.066666666666666,0.0,0.06666666666666667,3.0,2.6666666666666665,71.66666666666667,63.86666666666667,85.33333333333333,86.13333333333334,185.0,214.93333333333334,1562.0,1659.6,1718.0,1628.1333333333334,55.85,44.4,52.8,47.0,1,spearhead,33,60.41128508888602,-27.411285088886018
127534,8938,http://live.fanfooty.com.au/game/matchcentre.html?id=8938,R17,2024,1018016.0,Seamus,Mitchell,HW,5.0,48.0,39,35.0,39.0,54.0,7.0,5.0,4.0,2.0,0.0,0.0,1.0,0.0,0.0,Full Time,guard,%P and %M plus %T... Rotating at half back,,,,,,,Back,40.0,0.0,0.0,0.0,0.13,0.1,0.2,,,,5.0,0.0,6.0,50.0,77.0,148.0,0.0,False,1854,1437,18,8938_HW,96.0,0,70.0,0,5.666666666666667,5.733333333333333,4.0,4.333333333333333,4.0,3.066666666666667,1.6666666666666667,1.6,0.0,0.0,0.0,0.13333333333333333,1.3333333333333333,0.6666666666666666,0.0,0.0,0.0,0.0,0.13,0.19,0.1,0.2033333333333333,0.2,0.5000000000000001,1.6666666666666667,2.6666666666666665,0.0,0.13333333333333333,3.6666666666666665,2.3333333333333335,72.33333333333333,75.2,75.0,70.86666666666666,100.33333333333333,150.0,1604.3333333333333,1585.2666666666667,1686.0,1701.9333333333334,50.3,37.5,30.6,31.0,1,guard,39,77.5183021175996,-38.5183021175996
127537,8938,http://live.fanfooty.com.au/game/matchcentre.html?id=8938,R17,2024,1000887.0,Mitch,Lewis,HW,10.0,43.0,53,37.0,39.0,48.0,4.0,3.0,4.0,1.0,0.0,0.0,1.0,2.0,0.0,Full Time,injured,Copped a heavy elbow from Kolodjashnij to the head in Q4 that had him out before he hit the ground... Booted %s from %G and %P,spearhead,Starting forward on Jack Henry,,0.0,,,Forward,2.0,2.0,25.5,0.0,0.0,0.43,0.44,,,,5.0,1.0,2.0,57.0,70.0,68.0,1.0,True,1854,1437,18,8938_HW,96.0,0,70.0,0,4.666666666666667,7.266666666666667,2.6666666666666665,3.8666666666666667,3.3333333333333335,5.0,1.0,1.4666666666666666,0.0,0.4,0.0,0.4,0.6666666666666666,0.8,1.3333333333333333,2.066666666666667,0.0,1.0,0.0,0.0,0.43,0.27599999999999997,0.44,0.396,3.3333333333333335,4.066666666666666,0.3333333333333333,0.13333333333333333,1.3333333333333333,2.3333333333333335,59.333333333333336,69.0,76.66666666666667,87.53333333333333,96.66666666666667,187.06666666666666,1535.3333333333333,1613.7333333333333,1739.0,1668.8,63.25,56.8,43.0,42.666666666666664,1,injured,53,45.23937973333544,7.76062026666456
127631,8940,http://live.fanfooty.com.au/game/matchcentre.html?id=8940,R17,2024,1009308.0,Noah,Cumberland,RI,2.0,19.0,23,17.0,16.0,27.0,3.0,2.0,1.0,3.0,0.0,0.0,3.0,0.0,0.0,Full Time,wing,%P and %T... gave away %F... Starting forward,,,,,,,Forward,38.0,0.0,0.0,0.0,0.09,0.31,0.07,,,,2.0,0.0,4.0,60.0,76.0,124.0,0.0,False,1751,1532,18,8940_RI,96.0,0,70.0,0,3.3333333333333335,4.866666666666666,1.3333333333333333,2.933333333333333,1.0,2.3333333333333335,1.6666666666666667,2.4,0.0,0.0,0.6666666666666666,0.8666666666666667,1.6666666666666667,1.3333333333333333,1.0,0.9333333333333333,0.0,0.6,0.09,0.29266666666666663,0.31,0.422,0.07,0.326,2.6666666666666665,3.8666666666666667,0.3333333333333333,0.4666666666666667,2.6666666666666665,3.6,61.666666666666664,62.0,70.33333333333333,68.8,89.33333333333333,144.73333333333332,1570.0,1501.8666666666666,1708.3333333333333,1783.6,42.25,28.3,32.0,26.0,1,wing,23,46.12293186838535,-23.12293186838535
127901,8946,http://live.fanfooty.com.au/game/matchcentre.html?id=8946,R18,2024,1006137.0,Curtis,Taylor,NM,1.0,17.0,10,13.0,15.0,18.0,2.0,2.0,2.0,0.0,0.0,1.0,0.0,0.0,0.0,Full Time,wing,On in Q3 for Shiels... %P and %M,sub,Started as the sub,,,,,Midfielder,5.0,0.0,0.0,0.0,1.02,0.2,0.21,,,,2.0,1.0,1.0,100.0,32.0,105.0,0.0,False,1859,1432,19,8946_NM,98.20000000000005,0,72.0,0,3.6666666666666665,7.533333333333333,2.3333333333333335,4.6,2.3333333333333335,3.7333333333333334,0.3333333333333333,2.2,0.0,0.0,0.6666666666666666,0.6,0.6666666666666666,0.3333333333333333,0.3333333333333333,0.4,0.0,0.06666666666666667,1.02,0.6326666666666667,0.2,0.256,0.21,0.21,1.3333333333333333,3.7333333333333334,0.3333333333333333,0.4666666666666667,1.3333333333333333,1.8666666666666667,94.33333333333333,77.66666666666667,38.666666666666664,71.06666666666666,120.33333333333333,178.86666666666667,1608.6666666666667,1612.0,1663.6666666666667,1668.2,55.6,53.4,47.6,25.0,1,wing,10,52.11633205860365,-42.11633205860365
127946,8947,http://live.fanfooty.com.au/game/matchcentre.html?id=8947,R18,2024,298302.0,Caleb,Marchbank,CA,2.0,30.0,41,17.0,25.0,33.0,5.0,4.0,2.0,0.0,0.0,1.0,0.0,0.0,0.0,Full Time,guard,%M and %P... In defence,,,,0.0,,,Back,22.0,11.0,55.45,0.0,0.0,0.31,0.3,,,,4.0,1.0,2.0,77.0,84.0,129.0,0.0,False,1594,1698,19,8947_CA,98.20000000000005,0,72.0,0,7.666666666666667,7.6,5.666666666666667,4.266666666666667,3.3333333333333335,4.333333333333333,0.6666666666666666,1.7333333333333334,0.0,0.0,1.0,1.0,0.3333333333333333,0.8666666666666667,0.0,0.0,0.0,0.0,0.0,0.0,0.6533333333333333,0.756,1.0133333333333334,1.3413333333333335,5.666666666666667,4.133333333333334,0.3333333333333333,0.06666666666666667,2.0,2.533333333333333,77.66666666666667,73.2,88.33333333333333,81.66666666666667,211.33333333333334,,1584.0,1645.0,1704.0,1642.4,59.95,57.6,63.6,60.666666666666664,1,guard,41,86.47203891766841,-45.472038917668414
128036,8949,http://live.fanfooty.com.au/game/matchcentre.html?id=8949,R18,2024,297452.0,Nick,Hind,ES,1.0,29.0,19,14.0,21.0,30.0,6.0,2.0,1.0,1.0,0.0,0.0,0.0,0.0,0.0,Full Time,guard,Subbed on late in Q3 for Wright... %P including %K,sub,Started as the sub,,,,,Back,19.0,0.0,0.0,0.0,0.04,0.23,0.13,,,,1.0,0.0,1.0,75.0,27.0,66.0,0.0,False,1638,1616,19,8949_ES,98.20000000000005,0,72.0,0,7.666666666666667,9.4,2.6666666666666665,3.3333333333333335,0.6666666666666666,3.0,2.3333333333333335,1.9333333333333333,0.0,0.0,0.3333333333333333,0.6,0.3333333333333333,0.4666666666666667,0.6666666666666666,0.4,0.0,0.26666666666666666,0.04,0.05,0.23,0.22666666666666668,0.13,0.13866666666666666,4.0,3.8666666666666667,1.3333333333333333,0.6666666666666666,2.3333333333333335,1.8,67.66666666666667,62.2,59.666666666666664,59.46666666666667,143.66666666666666,228.13333333333333,1636.6666666666667,1674.6666666666667,1643.3333333333333,1604.6666666666667,64.2,67.0,56.2,43.333333333333336,1,guard,19,85.82435431014093,-66.82435431014093
128191,8953,http://live.fanfooty.com.au/game/matchcentre.html?id=8953,R19,2024,271129.0,Todd,Goldstein,ES,8.0,39.0,39,45.0,35.0,43.0,0.0,5.0,0.0,3.0,19.0,1.0,1.0,0.0,0.0,Full Time,ruck,%H... also %P and %T... First ruck,,,,0.0,,,Ruck,17.0,21.0,92.19,0.0,0.0,0.43,0.51,,,,4.0,3.0,1.0,100.0,59.0,-12.0,1.0,False,1555,1745,20,8953_ES,99.0,0,70.0,0,3.6666666666666665,3.2666666666666666,8.666666666666666,6.8,0.3333333333333333,1.8,2.3333333333333335,1.7333333333333334,29.0,24.133333333333333,2.6666666666666665,1.8,1.3333333333333333,1.2,0.0,0.13333333333333333,0.0,0.06666666666666667,0.0,0.0,0.43,0.4393333333333333,0.51,0.5233333333333333,8.0,5.666666666666667,5.666666666666667,2.8666666666666667,2.0,2.0,79.0,80.4,66.66666666666667,72.13333333333334,112.33333333333333,104.0,1637.0,1700.2666666666667,1654.0,1582.4,71.75,77.2,77.6,78.33333333333333,1,ruck,39,82.54457741275333,-43.54457741275333
128193,8953,http://live.fanfooty.com.au/game/matchcentre.html?id=8953,R19,2024,996232.0,Matt,Guelfi,ES,2.0,30.0,32,39.0,22.0,30.0,2.0,4.0,1.0,3.0,0.0,1.0,0.0,0.0,0.0,Full Time,pocket,%P and %T... Playing a forward role,,,,0.0,,,Forward,35.0,14.0,64.36,0.0,0.0,0.03,0.06,,,,3.0,0.0,0.0,83.0,59.0,32.0,1.0,False,1555,1745,20,8953_ES,99.0,0,70.0,0,4.333333333333333,5.666666666666667,6.333333333333333,5.666666666666667,1.0,2.3333333333333335,3.3333333333333335,3.6666666666666665,0.0,0.0,0.3333333333333333,1.0,1.0,0.8,0.3333333333333333,1.0666666666666667,0.3333333333333333,0.7333333333333333,0.0,0.0,0.03,0.052000000000000005,0.06,0.07200000000000001,3.6666666666666665,5.2,0.6666666666666666,0.8666666666666667,1.6666666666666667,1.9333333333333333,76.66666666666667,68.8,74.0,74.8,90.33333333333333,146.73333333333332,1738.3333333333333,1694.3333333333333,1545.3333333333333,1593.6,64.95,78.8,73.0,45.333333333333336,1,pocket,32,66.28551705912835,-34.28551705912835
128208,8953,http://live.fanfooty.com.au/game/matchcentre.html?id=8953,R19,2024,291748.0,Brodie,Smith,AD,8.0,60.0,46,42.0,45.0,63.0,9.0,6.0,3.0,3.0,0.0,0.0,0.0,0.0,0.0,Full Time,guard,%P and %M plus %T... Playing a half back role,,,,0.0,,,Back,33.0,2.0,77.5,0.0,0.0,0.35,0.25,,,,5.0,0.0,4.0,66.0,80.0,317.0,0.0,False,1745,1555,20,8953_AD,99.0,0,70.0,0,9.666666666666666,11.133333333333333,7.0,6.466666666666667,2.6666666666666665,3.533333333333333,3.0,2.066666666666667,0.0,0.0,0.6666666666666666,0.7333333333333333,0.6666666666666666,0.6666666666666666,0.0,0.0,0.0,0.13333333333333333,0.0,0.0,0.35,0.35,0.25,0.25,5.333333333333333,4.733333333333333,0.6666666666666666,0.4666666666666667,3.6666666666666665,2.466666666666667,66.33333333333333,71.93333333333334,81.66666666666667,78.93333333333334,339.6666666666667,370.6666666666667,1619.6666666666667,1650.3333333333333,1670.3333333333333,1633.4666666666667,67.35,56.0,60.6,55.666666666666664,1,guard,46,91.34903098879853,-45.34903098879853
128215,8953,http://live.fanfooty.com.au/game/matchcentre.html?id=8953,R19,2024,1004995.0,Jordon,Butts,AD,3.0,32.0,25,25.0,30.0,39.0,4.0,4.0,5.0,0.0,0.0,0.0,1.0,0.0,0.0,Full Time,injured,Off in Q3 with a left lower leg injury and did not return... %M and %P,job,In defence on Jones,,,,,Back,41.0,0.0,0.0,0.0,0.31,0.49,0.54,,,,0.0,0.0,2.0,100.0,56.0,44.0,1.0,True,1745,1555,20,8953_AD,99.0,0,70.0,0,4.666666666666667,5.533333333333333,3.3333333333333335,4.533333333333333,3.3333333333333335,4.266666666666667,1.0,1.0,0.0,0.0,1.0,0.7333333333333333,0.3333333333333333,0.4,0.0,0.0,0.0,0.0,0.31,0.31,0.49,0.49,0.54,0.54,2.0,3.2666666666666666,0.0,0.26666666666666666,1.3333333333333333,1.1333333333333333,90.0,88.13333333333334,78.0,85.06666666666666,138.0,129.73333333333332,1619.6666666666667,1664.2,1670.3333333333333,1621.2,49.1,53.5,40.6,37.333333333333336,1,injured,25,34.768885015780555,-9.768885015780555
128282,8955,http://live.fanfooty.com.au/game/matchcentre.html?id=8955,R19,2024,1005988.0,Liam,Henry,SK,5.0,44.0,42,57.0,37.0,51.0,5.0,6.0,4.0,2.0,0.0,0.0,1.0,0.0,0.0,Full Time,injured,Knee on knee contact in Q3 saw him carried off and soon subbed late in Q3... %P and %M plus %T,subbed,Playing a HFF role,,,,,Midfielder,23.0,0.0,0.0,0.0,0.35,0.44,1.0,,,,3.0,1.0,3.0,63.0,50.0,118.0,1.0,True,1430,1854,20,8955_SK,99.0,0,70.0,0,8.0,9.533333333333333,6.666666666666667,5.933333333333334,3.0,3.3333333333333335,3.0,2.533333333333333,0.0,0.0,0.6666666666666666,0.6666666666666666,0.6666666666666666,0.6666666666666666,0.3333333333333333,0.4666666666666667,0.0,0.6,0.35,0.512,0.44,0.56,1.0,1.078,7.333333333333333,5.6,2.0,1.4666666666666666,3.3333333333333335,2.4,60.333333333333336,68.46666666666667,74.33333333333333,79.73333333333333,149.33333333333334,231.06666666666666,1709.0,1653.8666666666666,1569.6666666666667,1627.8,68.25,59.8,63.6,61.0,1,injured,42,51.5876734792242,-9.5876734792242
128302,8955,http://live.fanfooty.com.au/game/matchcentre.html?id=8955,R19,2024,998791.0,Jamaine,Jones,WC,4.0,49.0,36,32.0,39.0,51.0,8.0,3.0,5.0,1.0,0.0,0.0,0.0,0.0,0.0,Full Time,guard,%P including %K... also %M... Coming off half back,,,,0.0,,,Back,31.0,7.0,42.86,0.0,0.0,0.1,0.19,,,,2.0,0.0,3.0,81.0,82.0,137.0,1.0,False,1854,1430,20,8955_WC,99.0,0,70.0,0,5.333333333333333,8.066666666666666,3.3333333333333335,3.7333333333333334,4.333333333333333,3.8666666666666667,1.6666666666666667,2.1333333333333333,0.0,0.0,0.0,0.6,0.3333333333333333,0.8,0.0,0.2,0.3333333333333333,0.13333333333333333,0.0,0.0,0.1,0.1,0.19,0.1873333333333333,2.0,3.2666666666666666,0.0,0.26666666666666666,2.0,2.466666666666667,73.0,73.86666666666666,81.66666666666667,74.46666666666667,127.66666666666667,198.33333333333334,1474.3333333333333,1468.8666666666666,1814.3333333333333,1813.0,55.85,46.8,44.6,33.0,1,guard,36,79.62006497539659,-43.62006497539659
128342,8956,http://live.fanfooty.com.au/game/matchcentre.html?id=8956,R19,2024,298358.0,Oleg,Markov,CO,14.0,48.0,45,55.0,33.0,48.0,3.0,4.0,2.0,7.0,0.0,0.0,1.0,0.0,0.0,Full Time,mare,Extremely unsuited to a wet day... %P and %M plus %T,guard,Running off half back,,,,,Back,37.0,0.0,0.0,0.0,0.44,0.56,0.98,,,,3.0,0.0,2.0,57.0,88.0,53.0,0.0,False,1936,1343,20,8956_CO,99.0,0,70.0,0,7.0,5.4,5.333333333333333,5.266666666666667,3.6666666666666665,3.2666666666666666,4.333333333333333,2.8,0.0,0.0,0.6666666666666666,0.26666666666666666,0.6666666666666666,0.4,0.0,0.06666666666666667,0.0,0.0,0.44,0.35200000000000004,0.56,0.44800000000000006,0.98,0.784,4.333333333333333,3.066666666666667,0.3333333333333333,0.4,2.0,1.8666666666666667,74.33333333333333,80.2,85.33333333333333,78.46666666666667,130.33333333333334,162.2,1428.0,1586.0666666666666,1852.3333333333333,1695.4666666666667,53.6,45.6,54.0,63.333333333333336,1,mare,45,64.25561305011246,-19.25561305011246
128374,8957,http://live.fanfooty.com.au/game/matchcentre.html?id=8957,R19,2024,298419.0,Brandan,Parfitt,GE,2.0,25.0,35,32.0,18.0,25.0,3.0,3.0,0.0,2.0,0.0,1.0,0.0,0.0,1.0,Full Time,in,%l Tom Atkins and subbed off at 3QT for Clohesy... %P and %T plus %s,subbed,Rotating in midfield,,0.0,,,Midfielder,3.0,17.0,75.59,0.0,0.0,0.2,0.08,,,,4.0,1.0,0.0,50.0,40.0,10.0,1.0,True,1872,1417,20,8957_GE,99.0,0,70.0,0,7.666666666666667,8.2,5.333333333333333,7.733333333333333,1.0,1.2,5.333333333333333,6.333333333333333,0.0,0.0,0.6666666666666666,0.4666666666666667,1.3333333333333333,0.8,0.0,0.13333333333333333,0.6666666666666666,0.2,0.0,0.0,0.2,0.20800000000000002,0.08,0.096,7.333333333333333,7.533333333333333,4.0,3.8666666666666667,3.0,2.933333333333333,55.333333333333336,59.06666666666667,57.0,58.86666666666667,210.66666666666666,229.4,1423.3333333333333,1561.2,1858.0,1724.1333333333334,61.4,76.2,56.2,55.0,1,in,35,54.50669977025151,-19.506699770251508
128416,8958,http://live.fanfooty.com.au/game/matchcentre.html?id=8958,R19,2024,1009195.0,Dylan,Williams,PA,4.0,46.0,44,61.0,38.0,51.0,10.0,2.0,5.0,0.0,0.0,0.0,1.0,0.0,0.0,Full Time,guard,%P including %K... also %M... Rotating in defence,,,,,,,Forward,23.0,0.0,0.0,0.0,0.04,0.06,0.15,,,,3.0,0.0,2.0,75.0,70.0,414.0,1.0,False,1467,1828,20,8958_PA,99.0,0,70.0,0,9.666666666666666,10.666666666666666,1.6666666666666667,2.2666666666666666,4.333333333333333,4.666666666666667,0.3333333333333333,0.6,0.0,0.0,0.0,0.13333333333333333,0.3333333333333333,0.4666666666666667,0.0,0.0,0.0,0.0,0.04,0.010666666666666666,0.06,0.06733333333333333,0.15,0.5606666666666666,2.3333333333333335,3.1333333333333333,0.0,0.26666666666666666,1.3333333333333333,1.3333333333333333,73.33333333333333,78.4,70.33333333333333,65.8,355.0,365.3333333333333,1616.3333333333333,1642.4666666666667,1675.3333333333333,1640.6666666666667,62.55,57.3,48.0,47.0,1,guard,44,85.1758583175089,-41.1758583175089
128553,8961,http://live.fanfooty.com.au/game/matchcentre.html?id=8961,R19,2024,297767.0,Sam,Durdin,CA,1.0,15.0,33,20.0,13.0,18.0,4.0,1.0,1.0,0.0,0.0,1.0,1.0,0.0,0.0,Full Time,in,%l Caleb Marchbank... off in Q1 after a knock but returned in Q2... %P including %K,sore,In defence on Comben,,0.0,,,Back,38.0,1.0,22.0,0.0,0.0,0.62,1.33,,,,3.0,0.0,3.0,80.0,76.0,129.0,0.0,True,1603,1675,20,8961_CA,99.0,0,70.0,0,3.3333333333333335,5.533333333333333,3.3333333333333335,3.533333333333333,1.0,3.0,1.0,1.5333333333333334,0.0,0.0,1.0,0.6,1.3333333333333333,0.7333333333333333,0.0,0.06666666666666667,0.3333333333333333,0.06666666666666667,0.0,0.06466666666666666,0.20666666666666667,0.22733333333333333,0.44333333333333336,0.3413333333333333,4.666666666666667,3.6,0.3333333333333333,0.13333333333333333,3.0,1.5333333333333334,72.66666666666667,79.8,80.0,82.93333333333334,94.66666666666667,,1679.3333333333333,1686.8666666666666,1601.3333333333333,1587.1333333333334,51.25,46.5,39.8,38.333333333333336,1,in,33,43.234737847145865,-10.234737847145865
128599,8962,http://live.fanfooty.com.au/game/matchcentre.html?id=8962,R20,2024,993795.0,David,Cuningham,CA,0.0,0.0,0,0.0,0.0,0.0,0.0,0.0,0.0,0.0,0.0,0.0,0.0,0.0,0.0,Full Time,injured,Dislocated left shoulder in a clash with Rioli in Q1... subbed off for Carroll,subbed,Playing a HFF role,,0.0,,,Midfielder,28.0,5.0,42.4,0.0,0.0,0.15,0.03,,,,0.0,0.0,0.0,0.0,6.0,0.0,1.0,True,1721,1577,21,8962_CA,98.0,0,72.0,0,2.3333333333333335,4.733333333333333,2.6666666666666665,7.133333333333334,1.0,1.8,0.6666666666666666,3.2,0.0,0.0,0.3333333333333333,0.4666666666666667,1.0,0.4,0.0,0.3333333333333333,0.0,0.4,0.0,0.024,0.15,1.3966666666666667,0.03,0.5166666666666667,2.3333333333333335,4.333333333333333,0.3333333333333333,1.2666666666666666,1.3333333333333333,1.7333333333333334,59.333333333333336,69.86666666666666,29.666666666666668,64.53333333333333,104.0,160.13333333333333,1642.0,1697.2666666666667,1633.6666666666667,1582.6,57.15,45.1,39.6,21.0,1,injured,0,38.335654022344066,-38.335654022344066
128688,8964,http://live.fanfooty.com.au/game/matchcentre.html?id=8964,R20,2024,1005986.0,Malcolm,Rosas,GC,8.0,19.0,17,26.0,20.0,30.0,5.0,0.0,0.0,1.0,0.0,0.0,4.0,2.0,0.0,Full Time,pocket,%s from %P... gave away %F... Rotating forward,,,,,,,Forward,41.0,0.0,0.0,0.0,0.04,0.05,0.07,,,,2.0,0.0,6.0,40.0,72.0,116.0,0.0,False,1838,1445,21,8964_GC,98.0,0,72.0,0,5.333333333333333,6.4,1.0,3.066666666666667,0.6666666666666666,2.3333333333333335,1.3333333333333333,2.2666666666666666,0.0,0.0,0.6666666666666666,0.6,2.0,0.8666666666666667,1.6666666666666667,1.5333333333333334,0.6666666666666666,0.8666666666666667,0.04,0.04,0.05,0.044000000000000004,0.07,0.082,2.6666666666666665,4.133333333333334,0.6666666666666666,0.7333333333333333,3.6666666666666665,2.3333333333333335,58.666666666666664,62.266666666666666,65.0,70.33333333333333,128.0,181.2,1669.3333333333333,1624.9333333333334,1615.0,1661.8666666666666,53.85,56.1,44.6,33.666666666666664,1,pocket,17,56.10718354721441,-39.10718354721441
128689,8964,http://live.fanfooty.com.au/game/matchcentre.html?id=8964,R20,2024,1006100.0,Thomas,Berry,GC,1.0,18.0,12,22.0,15.0,21.0,3.0,3.0,1.0,0.0,0.0,0.0,0.0,0.0,0.0,Full Time,wing,On after 3QT for Moyle... %P,sub,Started as the sub,,,,,Forward,16.0,0.0,0.0,0.0,0.13,0.23,0.07,,,,4.0,0.0,4.0,66.0,20.0,141.0,1.0,False,1838,1445,21,8964_GC,98.0,0,72.0,0,4.0,6.066666666666666,3.6666666666666665,5.466666666666667,2.3333333333333335,2.466666666666667,1.0,2.466666666666667,0.0,0.0,0.0,1.0,0.3333333333333333,0.3333333333333333,0.0,0.13333333333333333,0.0,0.26666666666666666,0.13,0.13,0.23,0.23,0.07,0.07,3.6666666666666665,4.4,0.3333333333333333,0.6,3.0,2.8,64.33333333333333,64.66666666666667,54.333333333333336,72.46666666666667,127.33333333333333,188.93333333333334,1571.3333333333333,1628.6,1709.3333333333333,1650.4,48.2,43.2,38.8,26.666666666666668,1,wing,12,50.698762351796,-38.698762351796
128753,8965,http://live.fanfooty.com.au/game/matchcentre.html?id=8965,R20,2024,298289.0,Peter,Wright,ES,4.0,39.0,42,38.0,33.0,41.0,2.0,5.0,1.0,2.0,11.0,1.0,0.0,0.0,0.0,Full Time,spearhead,%P including %B... also %T... Up forward on Howard,,,,0.0,,,Forward,20.0,7.0,58.14,0.0,0.0,0.31,0.28,,,,3.0,1.0,2.0,71.0,60.0,44.0,0.0,False,1856,1435,21,8965_ES,98.0,0,72.0,0,6.0,6.866666666666666,5.666666666666667,4.666666666666667,4.666666666666667,4.733333333333333,2.0,1.4666666666666666,7.666666666666667,7.6,0.3333333333333333,0.8,0.6666666666666666,0.3333333333333333,1.3333333333333333,1.4666666666666666,0.3333333333333333,0.7333333333333333,0.0,0.0,0.31,0.3393333333333333,0.28,0.30666666666666664,6.0,5.066666666666666,0.3333333333333333,0.8666666666666667,3.6666666666666665,2.066666666666667,59.333333333333336,70.26666666666667,74.66666666666667,83.4,173.33333333333334,180.8,1591.0,1698.8666666666666,1702.6666666666667,1589.3333333333333,72.45,75.8,64.0,64.33333333333333,1,spearhead,42,72.28909351666461,-30.289093516664607
128841,8967,http://live.fanfooty.com.au/game/matchcentre.html?id=8967,R20,2024,1006576.0,Luke,Edwards,WC,3.0,41.0,46,31.0,32.0,45.0,5.0,7.0,1.0,2.0,0.0,1.0,0.0,0.0,0.0,Full Time,sore,Came off in Q4 with a problem... %P and %T,wing,Playing an outside game,,,,,Midfielder,16.0,0.0,0.0,0.0,0.09,0.1,0.08,,,,4.0,1.0,3.0,83.0,68.0,125.0,1.0,True,1801,1495,21,8967_WC,98.0,0,72.0,0,8.666666666666666,6.133333333333334,5.666666666666667,4.6,4.666666666666667,3.2,1.3333333333333333,1.9333333333333333,0.0,0.0,0.3333333333333333,0.26666666666666666,1.0,0.5333333333333333,0.3333333333333333,0.13333333333333333,0.0,0.06666666666666667,0.09,0.096,0.1,0.13,0.08,0.09800000000000002,3.6666666666666665,2.6,1.0,1.0,2.6666666666666665,1.7333333333333334,81.33333333333333,75.0,77.33333333333333,67.2,197.66666666666666,124.33333333333333,1501.3333333333333,1517.2,1790.0,1764.4666666666667,40.65,39.9,45.6,52.0,1,sore,46,61.328398213926064,-15.328398213926064
128845,8967,http://live.fanfooty.com.au/game/matchcentre.html?id=8967,R20,2024,997823.0,Josh,Rotham,WC,3.0,33.0,26,24.0,26.0,33.0,5.0,1.0,4.0,1.0,0.0,0.0,0.0,0.0,0.0,Full Time,dogga,%P including %K... also %M... In defence on Jackson,,,,,,,Back,35.0,0.0,0.0,0.0,0.0,0.05,0.09,,,,1.0,0.0,1.0,66.0,86.0,97.0,0.0,False,1801,1495,21,8967_WC,98.0,0,72.0,0,6.0,7.466666666666667,1.6666666666666667,1.6666666666666667,3.3333333333333335,5.2,1.3333333333333333,1.2,0.0,0.2,0.3333333333333333,0.4,0.0,0.6,0.0,0.0,0.0,0.0,0.0,0.016,0.05,0.05,0.09,0.082,1.6666666666666667,2.2,0.0,0.0,1.3333333333333333,1.8,71.0,73.26666666666667,88.66666666666667,84.33333333333333,112.33333333333333,179.73333333333332,1414.0,1521.2666666666667,1878.3333333333333,1763.2666666666667,48.4,42.7,36.8,41.0,1,dogga,26,40.271527994600476,-14.271527994600476
128957,8970,http://live.fanfooty.com.au/game/matchcentre.html?id=8970,R20,2024,1018335.0,Brayden,Cook,AD,2.0,29.0,39,36.0,24.0,33.0,3.0,5.0,2.0,1.0,0.0,0.0,0.0,0.0,0.0,Full Time,wing,%P and %M... Starting on a HFF,,,,,,,Midfielder,15.0,0.0,0.0,0.0,0.27,0.58,0.32,,,,3.0,0.0,0.0,75.0,78.0,84.0,1.0,False,1782,1505,21,8970_AD,98.0,0,72.0,0,5.0,5.533333333333333,5.333333333333333,3.7333333333333334,2.0,2.2,1.3333333333333333,1.4666666666666666,0.0,0.0,0.3333333333333333,0.2,0.6666666666666666,0.13333333333333333,0.0,0.8,0.3333333333333333,0.3333333333333333,0.27,0.27,0.58,0.58,0.32,0.32,4.333333333333333,3.1333333333333333,1.0,0.6666666666666666,1.6666666666666667,0.9333333333333333,71.0,80.06666666666666,76.66666666666667,70.8,190.33333333333334,172.6,1583.0,1664.6666666666667,1707.0,1619.6666666666667,47.4,46.8,37.8,45.0,1,wing,39,51.52650932989966,-12.52650932989966
128959,8970,http://live.fanfooty.com.au/game/matchcentre.html?id=8970,R20,2024,1005199.0,Elliott,Himmelberg,AD,1.0,13.0,15,16.0,13.0,17.0,2.0,1.0,1.0,0.0,5.0,0.0,1.0,0.0,0.0,Full Time,ruckfwd,Subbed off in Q3 for Curtin... %P,subbed,Playing a forward/ruck role on Scrimshaw,,0.0,,,Forward,34.0,0.0,0.0,0.0,0.0,0.23,0.24,,,,1.0,0.0,1.0,66.0,50.0,44.0,1.0,True,1782,1505,21,8970_AD,98.0,0,72.0,0,3.0,5.8,2.6666666666666665,3.7333333333333334,1.0,3.066666666666667,1.0,1.7333333333333334,3.6666666666666665,4.133333333333334,0.3333333333333333,0.8666666666666667,0.6666666666666666,0.6,0.3333333333333333,0.8,0.0,0.4666666666666667,0.0,0.012666666666666666,0.23,0.16,0.24,0.158,3.3333333333333335,5.2,0.3333333333333333,0.5333333333333333,1.0,1.6666666666666667,84.66666666666667,70.0,68.33333333333333,77.4,73.0,133.6,1583.0,1620.2,1707.0,1664.3333333333333,56.95,53.8,46.8,34.666666666666664,1,ruckfwd,15,63.82473807017408,-48.82473807017408
129057,8972,http://live.fanfooty.com.au/game/matchcentre.html?id=8972,R21,2024,993799.0,Brayden,Fiorini,GC,14.0,66.0,87,50.0,52.0,67.0,8.0,7.0,2.0,3.0,0.0,3.0,0.0,1.0,1.0,Full Time,wing,%P and %M plus %T... %s as well... umps paid him %4FF... Playing on a wing,,,,0.0,,,Midfielder,8.0,10.0,92.3,0.0,0.0,0.07,0.15,,,,3.0,1.0,0.0,93.0,82.0,203.0,0.0,False,1722,1570,22,8972_GC,101.0,0,70.0,1,7.0,10.133333333333333,9.333333333333334,8.4,4.666666666666667,4.533333333333333,1.3333333333333333,2.2,0.0,0.0,1.0,0.5333333333333333,0.0,0.2,0.3333333333333333,0.4666666666666667,0.3333333333333333,0.3333333333333333,0.0,0.008666666666666727,0.07,0.08000000000000002,0.15,0.156,2.3333333333333335,4.533333333333333,0.3333333333333333,1.0666666666666667,1.6666666666666667,1.8666666666666667,82.0,72.73333333333333,72.66666666666667,77.6,256.3333333333333,293.1333333333333,1636.0,1671.1333333333334,1655.0,1605.8666666666666,73.05,66.8,61.0,59.666666666666664,1,wing,87,69.2207410806378,17.779258919362206
129078,8973,http://live.fanfooty.com.au/game/matchcentre.html?id=8973,R21,2024,1002240.0,Jaidyn,Stephenson,NM,25.0,99.0,104,131.0,75.0,96.0,14.0,3.0,8.0,5.0,0.0,1.0,0.0,1.0,0.0,Full Time,guard,%s from %P and %M plus %T... Starting at half back,,,,0.0,,,Forward,2.0,21.0,66.14,0.0,0.0,0.23,0.17,,,,4.0,0.0,2.0,70.0,78.0,459.0,0.0,False,1443,1835,22,8973_NM,101.0,1,70.0,1,11.333333333333334,8.533333333333333,4.666666666666667,3.6666666666666665,4.666666666666667,3.933333333333333,3.0,1.8666666666666667,0.0,0.0,0.6666666666666666,0.4,0.6666666666666666,0.5333333333333333,0.3333333333333333,0.6666666666666666,0.0,0.13333333333333333,0.0,0.0,0.23,0.222,0.17,0.17800000000000002,4.0,2.933333333333333,0.0,0.26666666666666666,2.3333333333333335,1.8,66.0,64.46666666666667,57.333333333333336,74.66666666666667,293.0,262.8,1744.6666666666667,1568.6,1540.0,1716.4,50.15,55.2,59.0,70.33333333333333,1,guard,104,80.65089052313252,23.349109476867483
129109,8973,http://live.fanfooty.com.au/game/matchcentre.html?id=8973,R21,2024,290847.0,Dustin,Martin,RI,7.0,47.0,54,28.0,40.0,56.0,7.0,9.0,2.0,0.0,0.0,0.0,0.0,0.0,2.0,Full Time,cobweb,Looked underdone... %P and %M plus %s,pocket,Mostly forward,,,,,Midfielder,4.0,0.0,0.0,0.0,9.61,4.85,7.69,,,,8.0,1.0,1.0,68.0,75.0,24.0,0.0,False,1835,1443,22,8973_RI,101.0,0,70.0,0,6.0,10.933333333333334,6.0,8.4,1.6666666666666667,3.933333333333333,0.0,1.6,0.0,0.06666666666666667,0.0,0.26666666666666666,1.0,0.8666666666666667,0.3333333333333333,0.9333333333333333,0.6666666666666666,0.6,9.61,9.923333333333336,4.85,5.568666666666666,7.69,7.499333333333334,4.333333333333333,5.6,1.0,1.2,1.3333333333333333,2.7333333333333334,81.66666666666667,71.13333333333334,67.0,80.46666666666667,111.0,263.93333333333334,1482.6666666666667,1491.6,1801.6666666666667,1796.0666666666666,82.6,58.6,56.0,44.666666666666664,1,cobweb,54,75.99211275114516,-21.992112751145157
129340,8978,http://live.fanfooty.com.au/game/matchcentre.html?id=8978,R21,2024,295067.0,James,Aish,FR,2.0,29.0,21,30.0,21.0,30.0,2.0,4.0,1.0,3.0,0.0,0.0,0.0,0.0,0.0,Full Time,wing,Subbed on in Q3... %P and %T,sub,Started as the sub,,0.0,,,Midfielder,11.0,8.0,72.88,0.0,0.0,0.13,0.17,,,,1.0,0.0,0.0,66.0,25.0,-6.0,1.0,False,1682,1587,22,8978_FR,101.0,0,70.0,0,3.0,8.466666666666667,4.333333333333333,7.0,1.6666666666666667,4.733333333333333,1.0,1.5333333333333334,0.0,0.0,0.0,0.26666666666666666,0.0,0.3333333333333333,0.0,0.0,0.0,0.13333333333333333,0.0,0.0,0.13,0.13,0.17,0.17,1.6666666666666667,3.1333333333333333,1.0,1.0666666666666667,0.3333333333333333,1.6,77.33333333333333,79.2,25.333333333333332,70.8,51.333333333333336,212.2,1722.0,1684.7333333333333,1559.3333333333333,1600.9333333333334,64.4,44.9,37.6,18.0,1,wing,21,56.98654776885171,-35.98654776885171
129357,8979,http://live.fanfooty.com.au/game/matchcentre.html?id=8979,R21,2024,994599.0,Riley,Bonner,SK,8.0,53.0,55,68.0,44.0,57.0,7.0,5.0,6.0,1.0,0.0,0.0,0.0,0.0,0.0,Full Time,astronaut,Subbed off at HT for Dow after a series of poor defensive efforts... %M and %P,subbed,Starting on a wing against Berry,,0.0,,,Back,36.0,19.0,60.37,0.0,0.0,0.2,0.14,,,,4.0,1.0,1.0,66.0,37.0,210.0,1.0,True,1751,1520,22,8979_SK,101.0,0,70.0,0,12.333333333333334,14.866666666666667,6.333333333333333,5.133333333333334,5.333333333333333,5.4,0.6666666666666666,1.2666666666666666,0.0,0.0,0.3333333333333333,0.13333333333333333,0.0,0.5333333333333333,0.0,0.0,0.0,0.26666666666666666,0.0,0.0,0.2,0.2,0.14,0.14,3.3333333333333335,3.0,0.3333333333333333,0.5333333333333333,1.3333333333333333,2.4,79.33333333333333,77.66666666666667,63.0,74.6,356.3333333333333,415.0,1743.3333333333333,1600.4666666666667,1538.6666666666667,1683.4,74.65,66.3,64.4,67.0,1,astronaut,55,75.4514960867506,-20.451496086750595
129542,8983,http://live.fanfooty.com.au/game/matchcentre.html?id=8983,R22,2024,293854.0,Matt,Taberner,FR,2.0,25.0,39,32.0,20.0,27.0,3.0,3.0,2.0,1.0,0.0,0.0,0.0,0.0,0.0,Full Time,crab,Looks well short of a gallop... subbed off in Q4 for Worner... %P and %M,subbed,Playing a forward/ruck role on Kolodjashnij,,0.0,,,Forward,20.0,8.0,68.88,0.0,0.0,1.55,0.09,,,,3.0,1.0,0.0,66.0,77.0,84.0,1.0,True,1520,1756,23,8983_FR,97.0,0,74.0,0,2.6666666666666665,5.466666666666667,1.6666666666666667,2.7333333333333334,1.6666666666666667,4.0,2.0,1.1333333333333333,0.0,0.0,0.3333333333333333,0.6,1.0,0.9333333333333333,0.6666666666666666,1.0666666666666667,0.0,0.4666666666666667,0.0,0.010666666666666666,1.55,0.5459999999999999,0.09,0.08066666666666666,2.6666666666666665,3.2666666666666666,0.3333333333333333,0.06666666666666667,2.3333333333333335,1.8,60.666666666666664,69.66666666666667,81.0,75.13333333333334,66.66666666666667,124.46666666666667,1637.0,1674.4666666666667,1649.0,1612.4,48.85,39.7,37.8,28.0,1,crab,39,54.478838313970385,-15.478838313970385
129588,8984,http://live.fanfooty.com.au/game/matchcentre.html?id=8984,R22,2024,1015827.0,Nik,Cox,ES,3.0,26.0,17,35.0,21.0,30.0,3.0,3.0,2.0,2.0,0.0,0.0,1.0,0.0,0.0,Full Time,injured,Looked in a bad way after a heavy contest in Q2 and subbed off quickly... %P and %M plus %T,subbed,In defence on Andrew,,,,,,13.0,0.0,0.0,0.0,1.2,2.32,2.32,,,,1.0,0.0,2.0,66.0,36.0,110.0,1.0,True,1580,1711,23,8984_ES,97.0,0,74.0,0,5.333333333333333,6.866666666666666,4.666666666666667,5.6,3.6666666666666665,3.8666666666666667,1.6666666666666667,2.7333333333333334,0.0,0.7333333333333333,0.6666666666666666,0.7333333333333333,1.3333333333333333,0.6,0.0,0.4666666666666667,0.0,0.13333333333333333,1.2,1.2,2.32,2.32,2.32,2.32,3.0,4.666666666666667,0.0,1.0666666666666667,1.6666666666666667,2.2,81.66666666666667,68.93333333333334,69.66666666666667,77.2,117.66666666666667,170.86666666666667,1609.3333333333333,1698.7333333333333,1674.3333333333333,1584.2666666666667,53.15,52.7,47.0,36.666666666666664,1,injured,17,39.15562075325545,-22.155620753255448
129677,8986,http://live.fanfooty.com.au/game/matchcentre.html?id=8986,R22,2024,296190.0,Jack,Martin,CA,0.0,6.0,12,8.0,5.0,6.0,1.0,0.0,1.0,0.0,0.0,0.0,0.0,0.0,0.0,Full Time,injured,Subbed off at QT with a hamstring injury,subbed,Playing a half forward role on Weddle,,0.0,,,Forward,21.0,15.0,83.8,0.0,0.0,0.19,0.24,,,,0.0,0.0,0.0,100.0,5.0,23.0,1.0,True,1828,1456,23,8986_CA,97.0,0,74.0,0,4.0,5.6,2.6666666666666665,4.8,2.3333333333333335,3.466666666666667,0.6666666666666666,2.0,0.0,0.0,1.0,0.9333333333333333,1.0,1.0666666666666667,1.0,1.3333333333333333,0.0,0.6,0.0,0.0,0.19,0.318,0.24,0.1760000000000001,4.0,4.733333333333333,0.6666666666666666,0.6,2.0,2.4,80.66666666666667,75.4,53.0,68.2,70.33333333333333,126.73333333333333,1623.0,1683.0666666666666,1653.6666666666667,1600.1333333333334,55.6,57.4,47.4,40.0,1,injured,12,39.42343525739919,-27.42343525739919
129722,8987,http://live.fanfooty.com.au/game/matchcentre.html?id=8987,R22,2024,1012386.0,Samson,Ryan,RI,2.0,27.0,28,33.0,23.0,28.0,4.0,2.0,2.0,0.0,3.0,1.0,0.0,0.0,1.0,Full Time,bench,Subbed off at 3QT... %H... also %P and %M... and booted %s,subbed,Playing a ruck/forward role on Howard,,,,,Ruck,32.0,0.0,0.0,0.0,0.8,0.9,0.94,,,,1.0,1.0,1.0,66.0,56.0,26.0,1.0,True,1806,1451,23,8987_RI,97.0,0,74.0,0,4.333333333333333,4.533333333333333,3.3333333333333335,2.466666666666667,3.0,2.7333333333333334,1.6666666666666667,0.6666666666666666,8.333333333333334,10.933333333333334,1.0,0.8,2.0,0.8,0.0,0.4666666666666667,0.6666666666666666,0.3333333333333333,0.8,2.4853333333333336,0.9,1.4439999999999997,0.94,12.508,2.6666666666666665,3.2,2.0,1.3333333333333333,3.0,1.7333333333333334,67.66666666666667,71.33333333333333,72.33333333333333,70.33333333333333,87.66666666666667,128.8,1490.6666666666667,1574.2666666666667,1785.6666666666667,1707.2,53.45,40.5,45.4,42.0,1,bench,28,50.46088208215433,-22.460882082154328
129776,8988,http://live.fanfooty.com.au/game/matchcentre.html?id=8988,R22,2024,1006533.0,Riley,Garcia,WB,25.0,76.0,78,75.0,55.0,79.0,7.0,8.0,2.0,9.0,0.0,2.0,2.0,0.0,1.0,Full Time,switch,%s from %P and %M plus %T... Rotating forward... switched to mids in Q3,,,,,,,Forward,38.0,0.0,0.0,0.0,0.0,0.22,0.07,,,,7.0,4.0,2.0,66.0,74.0,150.0,0.0,False,1810,1464,23,8988_WB,97.0,0,74.0,1,7.0,6.733333333333333,9.0,7.8,2.0,1.2666666666666666,6.0,3.533333333333333,0.0,0.0,1.0,0.7333333333333333,2.0,1.2666666666666666,0.0,0.4,0.6666666666666666,0.4666666666666667,0.0,0.008,0.22,0.19,0.07,0.07800000000000001,5.333333333333333,6.133333333333334,2.6666666666666665,1.9333333333333333,2.3333333333333335,2.6666666666666665,70.0,61.93333333333333,74.33333333333333,68.26666666666667,192.66666666666666,164.4,1664.6666666666667,1670.8,1617.0,1613.0666666666666,54.1,60.6,53.6,62.666666666666664,1,switch,78,76.57193269482676,1.4280673051732435
129777,8988,http://live.fanfooty.com.au/game/matchcentre.html?id=8988,R22,2024,1011589.0,Caleb,Poulter,WB,9.0,72.0,58,31.0,56.0,78.0,16.0,4.0,5.0,1.0,0.0,0.0,1.0,0.0,0.0,Full Time,wing,%P including %K... also %M... Starting on a wing on Hinge,,,,,,,Midfielder,25.0,0.0,0.0,0.0,0.31,0.09,0.45,,,,7.0,1.0,5.0,60.0,82.0,460.0,0.0,False,1810,1464,23,8988_WB,97.0,0,74.0,0,13.333333333333334,8.8,5.0,6.0,5.0,3.2,3.0,2.6666666666666665,0.0,0.0,0.3333333333333333,0.5333333333333333,0.3333333333333333,0.4666666666666667,0.6666666666666666,0.4,0.0,0.26666666666666666,0.31,0.14466666666666667,0.09,0.042,0.45,0.21,4.333333333333333,4.666666666666667,1.3333333333333333,0.8666666666666667,2.3333333333333335,2.2,65.0,65.0,84.33333333333333,74.66666666666667,447.6666666666667,288.8,1664.6666666666667,1691.0666666666666,1617.0,1590.2,54.5,57.3,75.2,74.66666666666667,1,wing,58,61.91525000971053,-3.915250009710533
129782,8988,http://live.fanfooty.com.au/game/matchcentre.html?id=8988,R22,2024,1005717.0,Nick,Coffield,WB,8.0,52.0,43,28.0,42.0,54.0,10.0,2.0,6.0,0.0,0.0,0.0,0.0,0.0,0.0,Full Time,guard,%P including %K... also %M... Rotating in defence,,,,,,,,17.0,0.0,0.0,0.0,50.89,58.39,17.0,,,,1.0,0.0,2.0,75.0,83.0,279.0,0.0,False,1810,1464,23,8988_WB,97.0,0,74.0,0,7.666666666666667,8.066666666666666,3.3333333333333335,3.066666666666667,4.333333333333333,4.4,0.0,1.3333333333333333,0.0,0.0,0.6666666666666666,0.8,1.0,0.6,0.0,0.0,0.0,0.0,50.89,27.141333333333332,58.39,31.141333333333332,17.0,9.066666666666666,3.0,2.6666666666666665,0.0,0.13333333333333333,2.6666666666666665,1.4666666666666666,71.0,80.66666666666667,75.33333333333333,70.66666666666667,172.33333333333334,174.93333333333334,1664.6666666666667,1660.5333333333333,1617.0,1621.9333333333334,56.6,47.9,42.4,41.666666666666664,1,guard,43,81.53765658683679,-38.53765658683679
129813,8989,http://live.fanfooty.com.au/game/matchcentre.html?id=8989,R23,2024,993806.0,Sam,Weideman,ES,2.0,28.0,33,34.0,24.0,33.0,4.0,5.0,2.0,0.0,0.0,0.0,0.0,0.0,0.0,Full Time,job,%P and %M... In defence on McDonald,,,,0.0,,,Forward,10.0,6.0,49.0,0.0,0.0,0.11,0.05,,,,2.0,0.0,1.0,66.0,90.0,70.0,0.0,False,1586,1712,24,8989_ES,97.0,0,71.0,0,5.666666666666667,5.2,3.0,3.6666666666666665,3.6666666666666665,4.0,0.3333333333333333,0.8,0.0,0.5333333333333333,0.3333333333333333,0.4666666666666667,0.6666666666666666,0.3333333333333333,0.6666666666666666,0.8666666666666667,0.0,0.9333333333333333,0.0,0.0,0.22333333333333336,0.26866666666666666,0.21666666666666676,0.2833333333333333,2.3333333333333335,3.6,0.0,0.26666666666666666,2.3333333333333335,1.6,72.33333333333333,66.13333333333334,87.33333333333333,83.06666666666666,97.66666666666667,116.26666666666667,1527.0,1642.7333333333333,1750.6666666666667,1641.3333333333333,49.05,42.0,36.4,35.0,1,job,33,44.85299623194768,-11.852996231947678
129859,8990,http://live.fanfooty.com.au/game/matchcentre.html?id=8990,R23,2024,290832.0,David,Swallow,GC,0.0,13.0,13,16.0,11.0,15.0,2.0,2.0,1.0,0.0,0.0,0.0,0.0,0.0,0.0,Full Time,shovel,On in Q4 for Long to play midfield... %P,sub,Started as the sub,,0.0,,,Midfielder,24.0,19.0,84.42,0.0,0.0,0.06,0.12,,,,3.0,0.0,0.0,75.0,23.0,7.0,0.0,False,1825,1462,24,8990_GC,97.0,0,71.0,0,5.333333333333333,5.0,5.0,5.333333333333333,1.3333333333333333,2.466666666666667,2.0,1.8666666666666667,0.0,0.0,0.3333333333333333,0.26666666666666666,0.3333333333333333,0.3333333333333333,0.0,0.5333333333333333,0.3333333333333333,0.13333333333333333,0.0,0.0,0.06,0.06,0.12,0.12,4.333333333333333,4.4,0.6666666666666666,0.6,2.0,1.5333333333333334,71.33333333333333,72.86666666666666,57.0,54.0,133.66666666666666,147.33333333333334,1492.3333333333333,1616.9333333333334,1795.0,1663.3333333333333,50.2,51.4,57.4,39.333333333333336,1,shovel,13,41.279436776046744,-28.279436776046744
129948,8992,http://live.fanfooty.com.au/game/matchcentre.html?id=8992,R23,2024,1002922.0,Jack,Bytel,CO,2.0,21.0,15,25.0,19.0,30.0,4.0,6.0,0.0,0.0,0.0,0.0,1.0,0.0,0.0,Full Time,wing,Subbed off in Q3 for Long... %P,subbed,Starting on a wing on Fletcher,,,,,Midfielder,27.0,13.0,49.1538,48.0,0.0,0.0,0.0,,,,1.0,0.0,3.0,60.0,54.0,96.0,1.0,True,1605,1682,24,8992_CO,97.0,0,71.0,0,9.0,5.866666666666666,5.333333333333333,4.4,4.0,2.933333333333333,1.0,2.2,0.0,0.0,0.0,0.3333333333333333,1.0,0.7333333333333333,0.3333333333333333,0.26666666666666666,0.0,0.06666666666666667,0.0,0.39466666666666667,0.0,0.5973333333333334,0.0,0.13866666666666666,2.0,2.533333333333333,0.3333333333333333,0.8,3.3333333333333335,2.533333333333333,66.0,71.4,69.66666666666667,52.86666666666667,279.6666666666667,169.4,1615.6666666666667,1687.3333333333333,1670.0,1597.9333333333334,41.45,32.3,39.8,43.666666666666664,1,wing,15,51.79975867333248,-36.79975867333248
130061,8994,http://live.fanfooty.com.au/game/matchcentre.html?id=8994,R23,2024,291357.0,Gary,Rohan,GE,8.0,25.0,17,18.0,22.0,27.0,3.0,2.0,2.0,0.0,0.0,0.0,0.0,1.0,0.0,Full Time,wing,Subbed off in Q3 for Duncan... %s from %P and %M,subbed,Rotating forward,,,,,Forward,23.0,0.0,0.0,0.0,0.27,0.11,0.17,,,,3.0,0.0,2.0,60.0,48.0,57.0,1.0,True,1837,1430,24,8994_GE,97.0,0,71.0,0,6.333333333333333,6.733333333333333,2.0,2.8666666666666667,2.3333333333333335,3.2,0.6666666666666666,1.7333333333333334,0.6666666666666666,0.13333333333333333,0.3333333333333333,0.6,0.6666666666666666,0.4666666666666667,0.3333333333333333,0.9333333333333333,0.0,0.4,0.27,0.21,0.11,0.13,0.17,0.19400000000000003,4.0,4.266666666666667,0.0,0.3333333333333333,2.6666666666666665,2.0,56.666666666666664,69.86666666666666,68.0,74.0,176.33333333333334,206.6,1538.0,1637.0666666666666,1735.6666666666667,1646.4,56.8,45.3,46.2,30.0,1,wing,17,57.75165804346517,-40.75165804346517
130100,8995,http://live.fanfooty.com.au/game/matchcentre.html?id=8995,R23,2024,1012833.0,Eddie,Ford,NM,3.0,43.0,26,24.0,33.0,43.0,8.0,2.0,3.0,1.0,0.0,1.0,0.0,0.0,1.0,Full Time,spearhead,%s from %P and %M... Playing lead-up forward on Khamis,,,,,,,Forward,40.0,0.0,0.0,0.0,0.13,0.11,0.07,,,,4.0,1.0,3.0,50.0,82.0,157.0,0.0,False,1926,1360,24,8995_NM,97.0,0,71.0,0,7.333333333333333,7.2,6.0,5.266666666666667,4.333333333333333,4.266666666666667,1.3333333333333333,2.1333333333333333,0.0,0.0,1.0,0.4,0.0,0.6,0.3333333333333333,0.8,0.6666666666666666,0.6666666666666666,0.13,0.13,0.11,0.11,0.07,0.07,4.666666666666667,4.866666666666666,0.3333333333333333,0.2,1.6666666666666667,1.6666666666666667,72.0,73.0,72.66666666666667,68.13333333333334,185.66666666666666,145.8,1656.3333333333333,1617.1333333333334,1623.3333333333333,1664.3333333333333,55.55,63.2,56.4,49.333333333333336,1,spearhead,26,61.29820518611778,-35.29820518611778
130155,8997,http://live.fanfooty.com.au/game/matchcentre.html?id=8997,R23,2024,290801.0,Andrew,Gaff,WC,19.0,95.0,84,121.0,76.0,102.0,15.0,10.0,7.0,2.0,0.0,1.0,0.0,0.0,0.0,Full Time,wing,%P and %M plus %T... Playing a wing role on Acres,,,,,,,Midfielder,3.0,0.0,0.0,0.0,0.27,0.28,0.21,,,,6.0,0.0,3.0,68.0,84.0,371.0,0.0,False,1856,1426,24,8997_WC,97.0,0,71.0,1,9.333333333333334,8.6,8.333333333333334,10.0,4.0,4.266666666666667,1.6666666666666667,2.2,0.0,0.0,0.3333333333333333,0.6666666666666666,0.6666666666666666,0.4,0.0,0.2,0.0,0.06666666666666667,0.27,0.3233333333333333,0.28,0.24666666666666667,0.21,0.4099999999999998,6.666666666666667,5.533333333333333,1.3333333333333333,1.0666666666666667,2.6666666666666665,1.8,63.666666666666664,76.73333333333333,64.66666666666667,76.66666666666667,265.6666666666667,216.06666666666666,1479.0,1506.3333333333333,1806.6666666666667,1774.8666666666666,64.55,65.9,52.6,61.333333333333336,1,wing,84,65.80436023641279,18.19563976358721
130161,8997,http://live.fanfooty.com.au/game/matchcentre.html?id=8997,R23,2024,998128.0,Alex,Witherden,WC,13.0,70.0,86,93.0,50.0,69.0,12.0,4.0,3.0,4.0,0.0,1.0,0.0,0.0,0.0,Full Time,guard,%P including %K... also %T and %M... Coming off a HBF,,,,0.0,,,Back,23.0,21.0,88.0,0.0,0.0,1.13,1.72,,,,3.0,0.0,2.0,87.0,81.0,385.0,0.0,False,1856,1426,24,8997_WC,97.0,0,71.0,1,9.666666666666666,11.0,7.0,6.533333333333333,3.3333333333333335,4.2,3.3333333333333335,2.066666666666667,0.0,0.0,1.0,0.6,1.0,1.1333333333333333,0.0,0.06666666666666667,0.0,0.0,0.0,0.0,1.13,1.13,1.72,1.72,3.6666666666666665,4.6,0.3333333333333333,0.4,3.0,2.8,82.0,78.66666666666667,78.66666666666667,79.0,310.6666666666667,293.93333333333334,1549.6666666666667,1489.9333333333334,1733.3333333333333,1797.2666666666667,69.2,72.0,73.6,71.66666666666667,1,guard,86,92.4158777880692,-6.415877788069196
130218,8998,http://live.fanfooty.com.au/game/matchcentre.html?id=8998,R24,2024,1003520.0,Darragh,Joyce,BL,1.0,22.0,28,30.0,15.0,21.0,5.0,0.0,1.0,1.0,0.0,0.0,0.0,0.0,0.0,Full Time,job,Donuts to QT... %P including %B... Playing key defender on Draper,,,,,,,Back,41.0,0.0,0.0,0.0,0.49,0.12,0.19,,,,0.0,0.0,0.0,80.0,95.0,81.0,0.0,False,1569,1720,25,8998_BL,100.0,0,70.0,0,7.333333333333333,7.466666666666667,2.3333333333333335,2.466666666666667,4.666666666666667,4.133333333333334,0.6666666666666666,0.5333333333333333,0.0,0.26666666666666666,0.0,0.5333333333333333,0.6666666666666666,1.1333333333333333,0.0,0.0,0.0,0.0,0.49,0.3626666666666667,0.12,0.12133333333333332,0.19,0.12266666666666667,3.3333333333333335,3.3333333333333335,0.0,0.06666666666666667,2.6666666666666665,2.2666666666666666,78.33333333333333,77.2,95.0,87.6,187.33333333333334,164.46666666666667,1646.0,1645.7333333333333,1642.0,1640.7333333333333,46.7,47.4,51.2,45.666666666666664,1,job,28,41.978368281687295,-13.978368281687295
130223,8998,http://live.fanfooty.com.au/game/matchcentre.html?id=8998,R24,2024,290629.0,Dyson,Heppell,ES,15.0,102.0,116,55.0,84.0,120.0,18.0,16.0,5.0,1.0,0.0,0.0,1.0,0.0,0.0,Full Time,magnet,%M and %P,wing,Rotating in midfield,,0.0,,,Back,21.0,21.0,102.76,0.0,0.0,0.07,0.17,,,,9.0,1.0,1.0,85.0,86.0,475.0,0.0,False,1720,1569,25,8998_ES,100.0,1,70.0,1,11.333333333333334,9.933333333333334,12.333333333333334,10.8,4.0,5.2,1.3333333333333333,1.7333333333333334,0.0,0.0,0.3333333333333333,0.7333333333333333,1.6666666666666667,0.6666666666666666,0.0,0.06666666666666667,0.0,0.0,0.0,0.0,0.07,0.07,0.17,0.17,7.0,6.533333333333333,0.3333333333333333,0.8666666666666667,2.0,1.6666666666666667,78.0,83.13333333333334,80.33333333333333,79.8,315.0,229.66666666666666,1540.0,1674.0,1738.0,1607.7333333333333,86.7,82.9,82.8,85.33333333333333,1,magnet,116,81.76859136200629,34.23140863799371
130224,8998,http://live.fanfooty.com.au/game/matchcentre.html?id=8998,R24,2024,993817.0,Darcy,Parish,ES,24.0,100.0,81,78.0,80.0,109.0,12.0,14.0,6.0,4.0,0.0,1.0,0.0,0.0,1.0,Full Time,hot,%P and %M plus %T... %s as well,shovel,Playing in central midfield,,0.0,,,Midfielder,3.0,14.0,73.64,0.0,0.0,1.51,1.1,,,,9.0,6.0,4.0,53.0,80.0,374.0,0.0,False,1720,1569,25,8998_ES,100.0,0,70.0,1,13.333333333333334,12.466666666666667,13.0,13.0,5.666666666666667,4.466666666666667,4.0,4.733333333333333,0.0,0.0,0.3333333333333333,0.5333333333333333,0.3333333333333333,0.9333333333333333,0.0,0.13333333333333333,0.3333333333333333,0.3333333333333333,0.0,0.0,1.51,1.73,1.1,1.4460000000000004,10.0,9.533333333333333,4.666666666666667,4.466666666666667,3.3333333333333335,3.2666666666666666,65.33333333333333,68.26666666666667,75.33333333333333,77.86666666666666,409.3333333333333,366.2,1664.0,1645.2666666666667,1628.6666666666667,1636.0,96.95,92.0,87.8,91.33333333333333,1,hot,81,94.70663878006934,-13.70663878006934
130228,8998,http://live.fanfooty.com.au/game/matchcentre.html?id=8998,R24,2024,298280.0,Jayden,Laverde,ES,13.0,87.0,74,54.0,71.0,93.0,14.0,9.0,7.0,1.0,0.0,2.0,0.0,0.0,0.0,Full Time,job,%M and %P... In defence on Hipwood,,,,0.0,,,Back,15.0,6.0,55.5,0.0,0.0,0.07,0.08,,,,5.0,0.0,3.0,82.0,97.0,263.0,0.0,False,1720,1569,25,8998_ES,100.0,0,70.0,1,11.333333333333334,10.0,10.333333333333334,7.066666666666666,8.333333333333334,6.533333333333333,2.0,1.6,0.0,0.0,1.6666666666666667,1.0,0.0,0.8666666666666667,0.0,0.0,0.0,0.0,0.0,0.0,0.07,0.07,0.08,0.08,6.333333333333333,5.133333333333334,0.3333333333333333,0.13333333333333333,2.6666666666666665,2.8,89.0,81.6,93.33333333333333,92.13333333333334,188.33333333333334,215.26666666666668,1664.0,1692.2666666666667,1628.6666666666667,1597.1333333333334,67.95,70.8,70.2,91.66666666666667,1,job,74,62.87879467719067,11.121205322809331
130233,8998,http://live.fanfooty.com.au/game/matchcentre.html?id=8998,R24,2024,297473.0,Jake,Kelly,ES,10.0,66.0,67,44.0,56.0,81.0,10.0,11.0,4.0,2.0,0.0,0.0,2.0,0.0,0.0,Full Time,guard,%P and %M plus %T... Playing small defender,,,,0.0,,,Back,29.0,18.0,64.72,0.0,0.0,0.09,0.11,,,,4.0,0.0,6.0,85.0,87.0,238.0,0.0,False,1720,1569,25,8998_ES,100.0,0,70.0,0,7.333333333333333,9.933333333333334,6.666666666666667,5.133333333333334,4.0,5.866666666666666,1.0,1.3333333333333333,0.0,0.0,0.3333333333333333,0.3333333333333333,1.0,0.5333333333333333,0.0,0.06666666666666667,0.0,0.0,0.0,0.0,0.09,0.09,0.11,0.11,2.3333333333333335,2.933333333333333,0.0,0.2,3.0,2.066666666666667,81.66666666666667,80.13333333333334,85.33333333333333,88.86666666666666,149.33333333333334,205.4,1664.0,1723.7333333333333,1628.6666666666667,1560.5333333333333,62.95,55.6,51.0,44.333333333333336,1,guard,67,86.49754103544694,-19.497541035446943
130256,8999,http://live.fanfooty.com.au/game/matchcentre.html?id=8999,R24,2024,1016268.0,Alex,Cincotta,CA,13.0,58.0,47,73.0,51.0,69.0,5.0,10.0,6.0,2.0,0.0,0.0,1.0,0.0,0.0,Full Time,guard,%P and %M plus %T... Playing a half back role,,,,,,,Back,39.0,0.0,0.0,0.0,0.09,0.3,0.36,,,,3.0,1.0,3.0,80.0,79.0,164.0,1.0,False,1539,1703,25,8999_CA,100.0,0,70.0,0,4.666666666666667,4.533333333333333,8.0,5.533333333333333,2.6666666666666665,1.7333333333333334,2.3333333333333335,2.8666666666666667,0.0,0.0,0.6666666666666666,0.4,0.3333333333333333,0.5333333333333333,0.0,0.5333333333333333,0.0,0.06666666666666667,0.09,0.09,0.3,0.3,0.36,0.36,4.0,4.466666666666667,1.3333333333333333,1.1333333333333333,1.6666666666666667,1.5333333333333334,84.33333333333333,73.8,79.66666666666667,85.66666666666667,130.0,131.26666666666668,1671.6666666666667,1674.2666666666667,1597.6666666666667,1608.2,45.8,52.1,52.8,52.0,1,guard,47,75.90376276897756,-28.903762768977558
130265,8999,http://live.fanfooty.com.au/game/matchcentre.html?id=8999,R24,2024,1020137.0,Mattaes,Phillipou,SK,37.0,119.0,80,105.0,88.0,116.0,13.0,7.0,7.0,9.0,0.0,1.0,0.0,1.0,2.0,Full Time,hot,%P and %M plus %T... %s as well,midfwd,Rotating in midfield and half forward,,,,,Midfielder,25.0,0.0,0.0,0.0,0.62,1.15,1.23,,,,7.0,2.0,3.0,45.0,89.0,343.0,0.0,False,1703,1539,25,8999_SK,100.0,0,70.0,1,13.333333333333334,7.8,8.0,6.0,4.333333333333333,2.7333333333333334,7.0,3.3333333333333335,0.0,0.0,0.6666666666666666,0.6666666666666666,0.6666666666666666,0.5333333333333333,1.0,0.6,1.0,0.5333333333333333,0.62,6.593333333333334,1.15,5.459333333333333,1.23,7.207333333333334,9.666666666666666,5.466666666666667,4.0,2.2,3.6666666666666665,2.7333333333333334,58.0,62.333333333333336,81.66666666666667,75.0,328.0,229.4,1551.0,1593.1333333333334,1714.3333333333333,1688.1333333333334,54.6,58.3,79.2,88.66666666666667,1,hot,80,67.2068715330023,12.7931284669977
130274,8999,http://live.fanfooty.com.au/game/matchcentre.html?id=8999,R24,2024,1002256.0,Paddy,Dow,SK,14.0,65.0,61,55.0,55.0,75.0,6.0,12.0,2.0,3.0,0.0,2.0,1.0,1.0,0.0,Full Time,shovel,%P and %M plus %T... %s as well... Rotating in midfield,,,,0.0,,,Midfielder,15.0,20.0,55.5,0.0,0.0,3.29,4.03,,,,9.0,3.0,2.0,55.0,67.0,179.0,1.0,False,1703,1539,25,8999_SK,100.0,0,70.0,0,8.0,8.8,10.0,8.6,4.0,2.2666666666666666,4.0,3.6,0.0,0.0,1.0,1.2,0.6666666666666666,0.5333333333333333,0.6666666666666666,0.26666666666666666,0.3333333333333333,0.26666666666666666,0.0,0.0,3.29,2.386666666666667,4.03,3.0066666666666673,7.333333333333333,7.933333333333334,3.0,4.533333333333333,1.3333333333333333,1.7333333333333334,62.0,65.46666666666667,69.0,63.266666666666666,263.6666666666667,289.4,1727.3333333333333,1634.1333333333334,1528.0,1643.0666666666666,57.85,60.7,56.8,72.33333333333333,1,shovel,61,47.36994953625166,13.63005046374834
130283,8999,http://live.fanfooty.com.au/game/matchcentre.html?id=8999,R24,2024,992374.0,Dan,Butler,SK,9.0,44.0,31,47.0,37.0,51.0,3.0,6.0,4.0,4.0,0.0,1.0,2.0,0.0,0.0,Full Time,pocket,%P and %M plus %T... Starting deep forward,,,,0.0,,,Forward,16.0,15.0,56.93,0.0,0.0,0.09,0.11,,,,5.0,0.0,4.0,66.0,66.0,76.0,1.0,False,1703,1539,25,8999_SK,100.0,0,70.0,0,4.333333333333333,5.533333333333333,5.333333333333333,3.466666666666667,2.3333333333333335,2.466666666666667,3.0,3.8,0.0,0.0,0.3333333333333333,1.1333333333333333,2.0,1.1333333333333333,1.0,0.8666666666666667,0.3333333333333333,0.26666666666666666,0.0,0.0,0.09,0.10333333333333333,0.11,0.11066666666666666,3.6666666666666665,3.8,0.0,0.4,4.0,2.7333333333333334,59.0,58.733333333333334,74.33333333333333,72.8,82.33333333333333,124.86666666666666,1727.3333333333333,1640.4,1528.0,1637.1333333333334,48.7,47.6,38.6,32.0,1,pocket,31,54.66917632281382,-23.66917632281382
130285,8999,http://live.fanfooty.com.au/game/matchcentre.html?id=8999,R24,2024,993480.0,Dougal,Howard,SK,7.0,36.0,39,22.0,33.0,42.0,7.0,0.0,7.0,0.0,0.0,0.0,2.0,0.0,0.0,Full Time,job,%P including %B... also %M... In defence on Kennedy,,,,0.0,,,Back,20.0,19.0,48.74,0.0,0.0,0.07,0.08,,,,2.0,0.0,3.0,85.0,92.0,116.0,0.0,False,1703,1539,25,8999_SK,100.0,0,70.0,0,8.666666666666666,7.8,2.3333333333333335,3.6666666666666665,8.0,6.466666666666667,0.3333333333333333,0.6666666666666666,0.0,0.0,0.0,0.5333333333333333,1.0,1.0666666666666667,0.0,0.0,0.0,0.0,0.0,0.0,0.07,0.07,0.08,0.08,1.3333333333333333,3.2666666666666666,0.0,0.13333333333333333,1.6666666666666667,2.2,92.33333333333333,84.26666666666667,88.66666666666667,84.46666666666667,152.66666666666666,136.13333333333333,1727.3333333333333,1657.2,1528.0,1619.8666666666666,63.45,62.1,62.0,63.0,1,job,39,53.57205600229871,-14.572056002298709
130303,9000,http://live.fanfooty.com.au/game/matchcentre.html?id=9000,R24,2024,292511.0,Zach,Tuohy,GE,13.0,53.0,61,64.0,44.0,60.0,9.0,7.0,2.0,0.0,0.0,0.0,0.0,1.0,0.0,Full Time,news,%P and %M plus %s,,,,0.0,,,Back,2.0,21.0,80.52,0.0,0.0,0.18,0.46,,,,4.0,1.0,0.0,81.0,82.0,530.0,0.0,False,1275,1866,25,9000_GE,100.0,0,70.0,0,9.666666666666666,10.933333333333334,6.0,5.2,2.3333333333333335,3.2,0.0,1.1333333333333333,0.0,0.0,0.3333333333333333,0.5333333333333333,0.3333333333333333,0.4666666666666667,0.3333333333333333,0.4666666666666667,0.0,0.2,0.0,0.0,0.18,0.18,0.46,0.46,4.666666666666667,5.2,2.0,1.6666666666666667,2.3333333333333335,2.466666666666667,74.33333333333333,68.93333333333334,82.33333333333333,82.33333333333333,371.6666666666667,343.53333333333336,1662.3333333333333,1642.0,1575.3333333333333,1634.0,66.7,63.6,59.8,56.666666666666664,1,news,61,74.68084577825864,-13.680845778258643
130315,9000,http://live.fanfooty.com.au/game/matchcentre.html?id=9000,R24,2024,292128.0,Elliot,Yeo,WC,14.0,68.0,77,49.0,56.0,84.0,10.0,11.0,3.0,4.0,0.0,0.0,3.0,0.0,0.0,Full Time,news,%P and %M plus %T... not helped by %F,,,,,,,Back,6.0,0.0,0.0,0.0,5.93,1.82,9.37,,,,10.0,6.0,4.0,66.0,68.0,377.0,0.0,False,1866,1275,25,9000_WC,100.0,0,70.0,1,11.0,12.266666666666667,11.0,9.0,2.0,2.066666666666667,5.333333333333333,6.6,0.0,0.0,1.3333333333333333,1.7333333333333334,1.6666666666666667,1.1333333333333333,0.6666666666666666,0.5333333333333333,0.3333333333333333,0.4,5.93,5.93,1.82,1.82,9.37,9.37,11.0,11.533333333333333,5.0,5.866666666666666,3.0,2.8666666666666667,66.33333333333333,64.13333333333334,72.33333333333333,70.53333333333333,439.6666666666667,405.53333333333336,1400.6666666666667,1482.8666666666666,1832.0,1795.8666666666666,104.8,103.6,101.2,94.33333333333333,1,news,77,103.94159644963793,-26.941596449637927
130319,9000,http://live.fanfooty.com.au/game/matchcentre.html?id=9000,R24,2024,1006550.0,Jack,Petruccelle,WC,8.0,58.0,56,36.0,46.0,67.0,10.0,7.0,2.0,3.0,0.0,1.0,2.0,0.0,1.0,Full Time,news,%s from %P and %M plus %T,,,,,,,Forward,21.0,0.0,0.0,0.0,0.09,0.03,0.08,,,,6.0,3.0,3.0,70.0,75.0,268.0,0.0,False,1866,1275,25,9000_WC,100.0,0,70.0,0,6.666666666666667,7.133333333333334,3.6666666666666665,4.133333333333334,1.3333333333333333,3.2666666666666666,2.0,2.2666666666666666,0.0,0.0,0.3333333333333333,0.8,1.6666666666666667,1.0666666666666667,0.6666666666666666,0.7333333333333333,0.3333333333333333,0.6666666666666666,0.09,0.09,0.03,0.03,0.08,0.08,4.666666666666667,4.4,1.6666666666666667,1.1333333333333333,2.0,2.2,80.66666666666667,71.4,61.333333333333336,74.53333333333333,235.66666666666666,228.06666666666666,1398.6666666666667,1490.2,1841.0,1787.4666666666667,52.4,49.1,45.6,44.0,1,news,56,64.37149171107855,-8.371491711078548
130324,9000,http://live.fanfooty.com.au/game/matchcentre.html?id=9000,R24,2024,1017057.0,Campbell,Chesser,WC,8.0,45.0,47,41.0,32.0,48.0,5.0,5.0,1.0,5.0,0.0,0.0,1.0,0.0,0.0,Full Time,news,%P and %T,,,,,,,Back,18.0,0.0,0.0,0.0,0.93,1.05,1.16,,,,2.0,1.0,3.0,70.0,78.0,234.0,0.0,False,1866,1275,25,9000_WC,100.0,0,70.0,0,4.0,6.133333333333334,6.0,5.4,1.0,2.1333333333333333,2.6666666666666665,2.0,0.0,0.0,0.0,0.3333333333333333,0.6666666666666666,0.5333333333333333,0.0,0.26666666666666666,0.3333333333333333,0.26666666666666666,0.93,0.93,1.05,1.05,1.16,1.16,1.6666666666666667,3.8666666666666667,0.6666666666666666,0.7333333333333333,2.0,1.8,73.0,68.33333333333333,70.33333333333333,76.4,185.66666666666666,202.8,1373.0,1500.4,1864.6666666666667,1780.2,45.5,46.6,38.0,36.333333333333336,1,news,47,58.31123772332781,-11.311237723327807
130357,9001,http://live.fanfooty.com.au/game/matchcentre.html?id=9001,R24,2024,1023477.0,George,Wardlaw,NM,25.0,80.0,100,69.0,62.0,87.0,8.0,12.0,1.0,6.0,0.0,2.0,1.0,1.0,0.0,Full Time,news,%P and %T plus %s,,,,,,,Midfielder,6.0,0.0,0.0,0.0,8.33,7.77,8.94,,,,11.0,4.0,4.0,55.0,73.0,221.0,1.0,False,1957,1328,25,9001_NM,100.0,1,70.0,1,9.333333333333334,11.666666666666666,10.0,7.466666666666667,1.0,3.066666666666667,5.0,4.333333333333333,0.0,0.0,2.0,1.6,0.6666666666666666,0.7333333333333333,0.6666666666666666,0.3333333333333333,0.0,0.4,8.33,8.33,7.77,7.77,8.94,8.94,11.0,9.733333333333333,4.0,4.8,3.6666666666666665,3.0,57.666666666666664,64.66666666666667,72.66666666666667,73.86666666666666,267.6666666666667,314.73333333333335,1441.0,1548.2666666666667,1845.6666666666667,1737.2,82.9,89.9,74.8,83.33333333333333,1,news,100,88.2013510794505,11.798648920549496
130364,9001,http://live.fanfooty.com.au/game/matchcentre.html?id=9001,R24,2024,280737.0,Liam,Shiels,NM,8.0,48.0,55,34.0,32.0,48.0,8.0,3.0,0.0,5.0,0.0,1.0,1.0,0.0,0.0,Full Time,news,%P including %K... also %T,,,,0.0,,,Midfielder,14.0,20.0,97.45,0.0,0.0,0.08,0.09,,,,8.0,3.0,2.0,63.0,88.0,221.0,0.0,False,1957,1328,25,9001_NM,100.0,0,70.0,0,6.666666666666667,7.0,5.333333333333333,5.933333333333334,2.3333333333333335,2.6,3.3333333333333335,3.0,0.0,0.0,0.3333333333333333,0.8,0.6666666666666666,1.0,0.3333333333333333,0.13333333333333333,0.0,0.26666666666666666,0.0,0.0,0.08,0.08,0.09,0.09,5.333333333333333,5.0,1.6666666666666667,1.5333333333333334,2.0,2.533333333333333,71.66666666666667,70.73333333333333,83.66666666666667,75.4,133.66666666666666,167.26666666666668,1487.3333333333333,1584.2,1794.6666666666667,1698.0,56.2,58.1,48.0,51.666666666666664,1,news,55,67.45242070720313,-12.452420707203132
130384,9002,http://live.fanfooty.com.au/game/matchcentre.html?id=9002,R24,2024,291819.0,Adam,Tomlinson,ME,12.0,61.0,86,78.0,51.0,66.0,10.0,5.0,7.0,0.0,0.0,0.0,0.0,0.0,0.0,Full Time,job,%M and %P... Third tall defender on Hoskin-Elliott,,,,0.0,,,Back,20.0,21.0,73.71,0.0,0.0,0.04,0.06,,,,4.0,0.0,0.0,73.0,100.0,331.0,0.0,False,1845,1417,25,9002_ME,100.0,0,70.0,1,10.0,10.2,4.333333333333333,4.066666666666666,5.0,4.6,1.0,1.6666666666666667,0.0,0.0,0.6666666666666666,1.0,0.6666666666666666,1.0666666666666667,0.0,0.0,0.0,0.06666666666666667,0.0,0.0,0.04,0.068,0.06,0.06933333333333333,3.6666666666666665,4.866666666666666,0.0,0.13333333333333333,0.6666666666666666,2.0,81.66666666666667,77.86666666666666,100.0,97.53333333333333,314.3333333333333,272.6,1616.0,1612.2666666666667,1661.0,1673.2,69.4,74.8,66.8,75.66666666666667,1,job,86,58.94249219805396,27.057507801946038
130397,9002,http://live.fanfooty.com.au/game/matchcentre.html?id=9002,R24,2024,1017703.0,Judd,McVee,ME,2.0,24.0,29,36.0,21.0,36.0,5.0,3.0,1.0,3.0,0.0,0.0,4.0,0.0,0.0,Full Time,macedonian,%P and %T... not helped by %F... Rotating at half back... moved to tag Nick Daicos in Q2,,,,,,,Back,4.0,0.0,0.0,0.0,0.31,0.27,0.45,,,,3.0,1.0,6.0,37.0,80.0,203.0,0.0,False,1845,1417,25,9002_ME,100.0,0,70.0,0,9.666666666666666,10.4,3.6666666666666665,5.666666666666667,1.6666666666666667,3.466666666666667,1.3333333333333333,1.0666666666666667,0.0,0.0,1.0,0.7333333333333333,1.3333333333333333,0.4666666666666667,0.3333333333333333,0.06666666666666667,0.3333333333333333,0.13333333333333333,0.31,0.31,0.27,0.27,0.45,0.45,6.0,6.0,2.3333333333333335,1.1333333333333333,3.6666666666666665,1.8666666666666667,56.666666666666664,73.2,77.0,80.2,276.3333333333333,257.6666666666667,1616.0,1577.3333333333333,1661.0,1703.9333333333334,69.1,72.2,56.2,47.0,1,macedonian,29,71.41335419608068,-42.413354196080675
130423,9003,http://live.fanfooty.com.au/game/matchcentre.html?id=9003,R24,2024,290627.0,Dion,Prestia,RI,20.0,101.0,103,122.0,90.0,123.0,13.0,20.0,8.0,0.0,0.0,1.0,1.0,0.0,0.0,Full Time,hot,%P and %M,shovel,Playing inside midfield,,,,,Midfielder,3.0,0.0,0.0,0.0,0.18,0.21,0.33,,,,13.0,5.0,5.0,75.0,81.0,418.0,0.0,False,1650,1511,25,9003_RI,100.0,1,70.0,1,10.0,10.2,14.666666666666666,11.733333333333333,5.333333333333333,3.466666666666667,1.3333333333333333,1.7333333333333334,0.0,0.0,1.3333333333333333,0.8,0.6666666666666666,0.6,0.0,0.26666666666666666,0.6666666666666666,0.26666666666666666,0.18,0.192,0.21,0.21533333333333332,0.33,0.3446666666666667,10.333333333333334,7.933333333333334,4.666666666666667,4.066666666666666,3.6666666666666665,2.8,73.66666666666667,71.4,80.0,74.73333333333333,336.3333333333333,279.8666666666667,1465.3333333333333,1477.8666666666666,1771.6666666666667,1796.2,83.2,83.3,88.0,87.0,1,hot,103,84.73587760747772,18.26412239252228
130434,9003,http://live.fanfooty.com.au/game/matchcentre.html?id=9003,R24,2024,1002245.0,Noah,Balta,RI,4.0,48.0,52,62.0,39.0,51.0,7.0,4.0,5.0,1.0,0.0,0.0,0.0,0.0,0.0,Full Time,job,%M and %P... In defence on King,,,,0.0,,,Back,21.0,0.0,0.0,0.0,0.0,0.18,0.33,,,,4.0,0.0,3.0,72.0,85.0,193.0,0.0,False,1650,1511,25,9003_RI,100.0,0,70.0,0,8.333333333333334,9.466666666666667,2.6666666666666665,2.466666666666667,5.333333333333333,6.133333333333334,0.6666666666666666,0.9333333333333333,1.3333333333333333,0.7333333333333333,0.0,0.5333333333333333,0.3333333333333333,0.4666666666666667,0.6666666666666666,0.4666666666666667,0.3333333333333333,0.06666666666666667,0.0,0.0,0.18,0.18,0.33,0.33,4.0,3.8,0.3333333333333333,0.3333333333333333,2.0,2.7333333333333334,65.33333333333333,72.93333333333334,84.33333333333333,85.26666666666667,243.33333333333334,300.4,1465.3333333333333,1471.6,1771.6666666666667,1803.2,61.75,53.4,48.6,55.333333333333336,1,job,52,52.20527120765727,-0.20527120765726892
130438,9003,http://live.fanfooty.com.au/game/matchcentre.html?id=9003,R24,2024,993771.0,Marlion,Pickett,RI,10.0,43.0,43,56.0,38.0,51.0,7.0,3.0,4.0,1.0,0.0,0.0,2.0,1.0,0.0,Full Time,wing,On in Q3 for Banks... %P and %M plus %s,sub,Started as the sub,,,,,Midfielder,50.0,0.0,0.0,0.0,0.93,0.35,0.81,,,,6.0,2.0,4.0,60.0,32.0,319.0,0.0,False,1650,1511,25,9003_RI,100.0,0,70.0,0,8.0,6.8,6.666666666666667,6.733333333333333,4.0,3.533333333333333,1.0,2.3333333333333335,0.0,0.13333333333333333,0.0,0.4,2.6666666666666665,1.8666666666666667,0.6666666666666666,0.26666666666666666,1.3333333333333333,0.6,0.93,0.8273333333333334,0.35,0.3393333333333333,0.81,0.7633333333333334,5.666666666666667,5.533333333333333,1.0,0.9333333333333333,5.666666666666667,4.6,56.333333333333336,66.06666666666666,59.333333333333336,76.73333333333333,263.6666666666667,254.0,1497.6666666666667,1494.9333333333334,1750.0,1783.3333333333333,53.95,53.8,49.6,50.333333333333336,1,wing,43,59.852140006047115,-16.852140006047115
130442,9003,http://live.fanfooty.com.au/game/matchcentre.html?id=9003,R24,2024,1006030.0,Jacob,Koschitzke,RI,1.0,28.0,31,32.0,25.0,34.0,3.0,6.0,1.0,0.0,4.0,0.0,0.0,0.0,0.0,Full Time,sergeant,%P... Starting forward on Collins,,,,,,,Forward,20.0,0.0,0.0,0.0,0.09,0.19,0.15,,,,3.0,0.0,1.0,88.0,81.0,90.0,0.0,False,1650,1511,25,9003_RI,100.0,0,70.0,0,4.0,4.533333333333333,5.333333333333333,4.4,2.0,3.066666666666667,0.3333333333333333,1.2,2.6666666666666665,4.333333333333333,0.3333333333333333,1.0666666666666667,0.0,0.3333333333333333,0.3333333333333333,0.8666666666666667,0.6666666666666666,0.4,0.09,0.08666666666666667,0.19,0.18533333333333332,0.15,0.146,3.6666666666666665,5.0,0.3333333333333333,0.6,0.6666666666666666,1.8666666666666667,71.0,63.733333333333334,82.0,82.8,84.66666666666667,106.53333333333333,1465.3333333333333,1499.2666666666667,1771.6666666666667,1776.2,54.35,54.0,52.0,36.0,1,sergeant,31,64.4032378445979,-33.403237844597896
130451,9003,http://live.fanfooty.com.au/game/matchcentre.html?id=9003,R24,2024,294013.0,Sean,Lemmens,GC,13.0,75.0,60,52.0,53.0,69.0,12.0,3.0,3.0,5.0,0.0,4.0,0.0,0.0,0.0,Full Time,guard,%P including %K... also %T and %M... umps paid him %4FF... Minding Bolton,,,,0.0,,,Back,23.0,9.0,47.0,0.0,0.0,0.08,0.13,,,,7.0,1.0,4.0,66.0,89.0,362.0,0.0,False,1511,1650,25,9003_GC,100.0,0,70.0,0,8.0,8.0,4.333333333333333,2.7333333333333334,2.0,3.2,3.0,2.4,0.0,0.0,1.6666666666666667,1.1333333333333333,0.0,0.8,0.0,0.0,0.0,0.06666666666666667,0.0,0.0,0.08,0.10933333333333334,0.13,0.07266666666666667,5.0,4.266666666666667,0.6666666666666666,0.7333333333333333,2.0,1.8666666666666667,63.333333333333336,78.2,80.66666666666667,74.6,250.66666666666666,205.06666666666666,1564.0,1599.8666666666666,1682.3333333333333,1674.8666666666666,52.85,49.0,55.0,55.0,1,guard,60,80.99045571598694,-20.99045571598694
130452,9003,http://live.fanfooty.com.au/game/matchcentre.html?id=9003,R24,2024,294643.0,Alex,Sexton,GC,12.0,72.0,69,35.0,57.0,78.0,15.0,4.0,6.0,1.0,0.0,0.0,1.0,0.0,0.0,Full Time,switch,%P including %K... also %M... Playing a HBF role... switched forward in Q3,,,,0.0,,,Forward,6.0,21.0,60.71,0.0,0.0,0.49,0.64,,,,1.0,1.0,2.0,84.0,79.0,561.0,1.0,False,1511,1650,25,9003_GC,100.0,0,70.0,0,9.333333333333334,12.866666666666667,4.333333333333333,6.466666666666667,3.6666666666666665,5.8,2.3333333333333335,1.9333333333333333,0.0,0.0,0.0,0.4666666666666667,0.6666666666666666,0.6,0.0,0.13333333333333333,0.3333333333333333,0.2,0.0,0.02333333333333333,0.49,0.49,0.64,0.64,2.3333333333333335,3.066666666666667,1.0,0.7333333333333333,1.3333333333333333,1.9333333333333333,81.33333333333333,77.73333333333333,83.66666666666667,80.0,330.0,473.1333333333333,1600.0,1636.0666666666666,1648.0,1638.0,62.15,73.6,59.4,59.666666666666664,1,switch,69,77.23092382962406,-8.23092382962406
130458,9003,http://live.fanfooty.com.au/game/matchcentre.html?id=9003,R24,2024,1013268.0,Alex,Davies,GC,12.0,50.0,58,44.0,41.0,63.0,5.0,11.0,1.0,4.0,0.0,0.0,2.0,0.0,0.0,Full Time,shovel,Subbed off in Q3 for Rogers... %P and %T,subbed,Rotating in midfield,,,,,Midfielder,5.0,0.0,0.0,0.0,0.31,0.11,0.35,,,,7.0,4.0,3.0,75.0,52.0,45.0,1.0,True,1511,1650,25,9003_GC,100.0,0,70.0,0,4.666666666666667,5.933333333333334,12.333333333333334,8.866666666666667,1.6666666666666667,1.4,4.0,5.866666666666666,0.0,0.06666666666666667,0.3333333333333333,0.9333333333333333,1.6666666666666667,1.3333333333333333,0.3333333333333333,0.13333333333333333,0.0,0.26666666666666666,0.31,0.5606666666666666,0.11,0.34466666666666673,0.35,0.6326666666666666,7.0,7.933333333333334,2.3333333333333335,3.1333333333333333,3.6666666666666665,3.2,76.66666666666667,67.33333333333333,64.33333333333333,64.66666666666667,131.0,170.66666666666666,1564.0,1623.5333333333333,1682.3333333333333,1653.5333333333333,60.4,69.6,69.8,60.333333333333336,1,shovel,58,51.75256551457599,6.247434485424009
130481,9004,http://live.fanfooty.com.au/game/matchcentre.html?id=9004,R24,2024,990816.0,Aaron,Francis,SY,8.0,55.0,37,74.0,43.0,54.0,8.0,1.0,7.0,2.0,0.0,0.0,0.0,0.0,0.0,Full Time,texan,%P including %K... also %M and %T... Standing Walker,,,,0.0,,,Back,10.0,4.0,57.75,0.0,0.0,0.1,0.08,,,,1.0,0.0,2.0,77.0,90.0,225.0,0.0,False,1449,1808,25,9004_SY,100.0,0,70.0,0,5.666666666666667,6.066666666666666,3.6666666666666665,4.066666666666666,4.666666666666667,4.333333333333333,1.3333333333333333,1.2666666666666666,0.0,0.0,0.6666666666666666,0.8666666666666667,0.0,0.7333333333333333,0.0,0.06666666666666667,0.0,0.06666666666666667,0.0,0.0,0.1,3.9333333333333327,0.08,0.9599999999999999,2.6666666666666665,3.3333333333333335,0.0,0.0,1.3333333333333333,2.2,74.33333333333333,71.4,84.66666666666667,76.06666666666666,133.66666666666666,136.66666666666666,1548.3333333333333,1666.0666666666666,1727.3333333333333,1606.4666666666667,48.95,46.0,49.6,41.666666666666664,1,texan,37,73.88778100335645,-36.88778100335645
130495,9004,http://live.fanfooty.com.au/game/matchcentre.html?id=9004,R24,2024,1012807.0,Sam,Berry,AD,19.0,73.0,83,57.0,59.0,84.0,8.0,14.0,0.0,4.0,0.0,2.0,1.0,1.0,0.0,Full Time,shovel,%P and %T plus %s... Rotating through midfield,,,,,,,Midfielder,3.0,0.0,0.0,0.0,0.49,0.74,0.09,,,,7.0,6.0,4.0,81.0,73.0,303.0,0.0,False,1808,1449,25,9004_AD,100.0,0,70.0,1,8.666666666666666,7.066666666666666,10.333333333333334,7.466666666666667,0.3333333333333333,1.6,5.666666666666667,5.266666666666667,0.0,0.0,2.0,1.3333333333333333,0.6666666666666666,1.1333333333333333,0.3333333333333333,0.2,0.0,0.13333333333333333,0.49,0.49,0.74,0.74,0.09,0.09,8.666666666666666,7.466666666666667,4.666666666666667,3.8666666666666667,4.666666666666667,2.8,71.0,74.93333333333334,72.0,57.333333333333336,264.6666666666667,193.4,1609.3333333333333,1640.0,1660.3333333333333,1641.8666666666666,62.0,74.2,71.2,81.66666666666667,1,shovel,83,54.4877848384092,28.512215161590802
130508,9004,http://live.fanfooty.com.au/game/matchcentre.html?id=9004,R24,2024,1006203.0,Chayce,Jones,AD,3.0,36.0,27,32.0,26.0,34.0,4.0,2.0,2.0,3.0,0.0,1.0,0.0,0.0,1.0,Full Time,wing,On in Q3 for Worrell... %P and %M plus %T... %s as well,sub,Started as the sub,,,,,Back,1.0,0.0,0.0,0.0,0.13,0.43,0.3,,,,3.0,1.0,0.0,66.0,29.0,110.0,0.0,False,1808,1449,25,9004_AD,100.0,0,70.0,0,8.0,9.333333333333334,2.3333333333333335,5.066666666666666,3.0,3.1333333333333333,4.0,2.8666666666666667,0.0,0.0,1.3333333333333333,0.8,0.3333333333333333,0.5333333333333333,0.0,0.4,0.6666666666666666,0.26666666666666666,0.13,0.13,0.43,0.43,0.3,0.3,3.3333333333333335,5.2,1.0,1.9333333333333333,2.0,2.4,61.666666666666664,63.93333333333333,63.333333333333336,80.53333333333333,159.33333333333334,276.53333333333336,1513.6666666666667,1644.4,1765.0,1636.6666666666667,59.5,56.6,53.6,47.333333333333336,1,wing,27,58.88215053937909,-31.88215053937909
130567,9006,http://live.fanfooty.com.au/game/matchcentre.html?id=9006,R24,2024,291570.0,Nat,Fyfe,FR,14.0,55.0,74,67.0,51.0,75.0,4.0,14.0,2.0,3.0,0.0,0.0,3.0,1.0,0.0,Full Time,shovel,%P including %B... also %T and %M... and booted %s... conceded %F... Rotating in midfield,,,,0.0,,,Midfielder,7.0,14.0,105.36,0.0,0.0,24.67,16.13,,,,8.0,0.0,5.0,77.0,77.0,156.0,0.0,False,1631,1640,25,9006_FR,100.0,0,70.0,1,4.333333333333333,5.4,12.333333333333334,11.933333333333334,1.0,2.1333333333333333,1.3333333333333333,1.8666666666666667,0.0,0.0,0.3333333333333333,0.5333333333333333,1.6666666666666667,1.6,0.6666666666666666,0.2,0.3333333333333333,0.2,0.0,0.0,24.67,24.67,16.13,16.13,7.333333333333333,7.933333333333334,2.0,3.466666666666667,3.0,3.0,71.0,73.73333333333333,67.66666666666667,67.8,147.33333333333334,141.86666666666667,1623.3333333333333,1691.9333333333334,1656.6666666666667,1590.6666666666667,67.5,59.0,58.0,59.0,1,shovel,74,54.54475731382621,19.45524268617379
130569,9006,http://live.fanfooty.com.au/game/matchcentre.html?id=9006,R24,2024,1013611.0,Sam,Sturt,FR,10.0,50.0,51,60.0,47.0,61.0,5.0,8.0,5.0,0.0,0.0,0.0,1.0,1.0,1.0,Full Time,wing,%s from %P and %M... Rotating at half forward,,,,,,,Forward,1.0,0.0,0.0,0.0,0.04,0.08,0.2,,,,4.0,0.0,3.0,69.0,81.0,85.0,1.0,False,1631,1640,25,9006_FR,100.0,0,70.0,0,5.666666666666667,5.133333333333334,5.0,4.466666666666667,3.6666666666666665,2.8666666666666667,1.0,1.3333333333333333,0.0,0.0,0.3333333333333333,0.5333333333333333,0.6666666666666666,0.8,1.3333333333333333,1.4666666666666666,0.3333333333333333,0.5333333333333333,0.04,0.2826666666666667,0.08,0.22,0.2,0.6933333333333334,4.333333333333333,3.6,1.0,0.3333333333333333,1.6666666666666667,1.7333333333333334,79.33333333333333,72.93333333333334,80.33333333333333,77.73333333333333,142.66666666666666,140.4,1623.3333333333333,1668.0666666666666,1656.6666666666667,1612.7333333333333,53.55,55.1,55.6,56.0,1,wing,51,55.987906686362344,-4.987906686362344
130577,9006,http://live.fanfooty.com.au/game/matchcentre.html?id=9006,R24,2024,281007.0,Michael,Walters,FR,0.0,16.0,17,20.0,12.0,16.0,2.0,2.0,0.0,1.0,0.0,1.0,0.0,0.0,1.0,Full Time,wing,On after 3QT for Johnson... %s from %P,sub,Started as the sub,,0.0,,,Forward,10.0,18.0,80.0,0.0,0.0,0.11,0.29,,,,2.0,0.0,0.0,50.0,25.0,45.0,0.0,False,1631,1640,25,9006_FR,100.0,0,70.0,0,4.666666666666667,5.866666666666666,3.3333333333333335,3.7333333333333334,2.0,2.8666666666666667,1.0,2.0,0.0,0.0,1.3333333333333333,0.7333333333333333,0.0,0.3333333333333333,2.0,1.1333333333333333,0.6666666666666666,0.8666666666666667,0.0,0.0,0.11,0.11,0.29,0.29,3.6666666666666665,2.7333333333333334,0.3333333333333333,0.4,0.6666666666666666,1.6,56.0,66.8,48.333333333333336,72.06666666666666,132.0,142.86666666666667,1723.0,1709.7333333333333,1554.6666666666667,1574.7333333333333,47.5,44.9,50.2,47.666666666666664,1,wing,17,48.79327179012388,-31.79327179012388
130617,9007,http://live.fanfooty.com.au/game/matchcentre.html?id=9007,EF,2024,1004819.0,Jed,McEntee,PA,9.0,32.0,38,42.0,29.0,39.0,3.0,3.0,3.0,2.0,0.0,0.0,2.0,1.0,0.0,Full Time,pocket,%s from %P and %M plus %T... Playing a pressure forward role,,,,,,,Forward,41.0,0.0,0.0,0.0,0.18,0.13,0.17,,,,3.0,0.0,4.0,83.0,67.0,95.0,1.0,False,1877,1412,30,9007_PA,97.0,0,73.0,0,4.0,3.8666666666666667,3.0,4.2,1.6666666666666667,1.8,2.6666666666666665,3.2666666666666666,0.0,0.0,0.3333333333333333,0.13333333333333333,1.0,0.8,1.0,0.4666666666666667,0.0,0.3333333333333333,0.18,0.16133333333333333,0.13,0.11666666666666667,0.17,0.15133333333333338,2.6666666666666665,3.1333333333333333,0.0,0.26666666666666666,2.3333333333333335,1.6,72.66666666666667,73.53333333333333,70.33333333333333,72.86666666666666,90.33333333333333,95.8,1507.6666666666667,1615.2666666666667,1777.6666666666667,1672.6666666666667,41.8,41.2,42.4,39.666666666666664,1,pocket,38,49.599094503607255,-11.599094503607255
130645,9008,http://live.fanfooty.com.au/game/matchcentre.html?id=9008,EF,2024,291790.0,Adam,Treloar,WB,26.0,106.0,110,133.0,83.0,114.0,15.0,13.0,4.0,4.0,0.0,1.0,0.0,1.0,0.0,Full Time,hot,%P and %M plus %T... %s as well,shovel,Playing midfield,,0.0,,,Midfielder,1.0,13.0,108.46,0.0,0.0,0.17,0.45,,,,9.0,6.0,2.0,67.0,84.0,447.0,0.0,False,1914,1381,30,9008_WB,97.0,1,73.0,1,13.0,15.8,15.333333333333334,15.8,4.0,3.7333333333333334,5.666666666666667,4.4,0.0,0.0,0.6666666666666666,0.9333333333333333,0.6666666666666666,0.9333333333333333,0.3333333333333333,0.8666666666666667,0.0,0.2,0.0,0.0,0.17,0.17,0.45,0.45,9.333333333333334,12.0,5.0,5.466666666666667,3.0,3.6666666666666665,69.33333333333333,71.73333333333333,80.66666666666667,82.53333333333333,369.6666666666667,426.0,1664.6666666666667,1688.4,1625.6666666666667,1595.6666666666667,118.0,117.3,113.4,104.66666666666667,1,hot,110,107.25713037020512,2.742869629794882
130651,9008,http://live.fanfooty.com.au/game/matchcentre.html?id=9008,EF,2024,297373.0,Marcus,Bontempelli,WB,15.0,72.0,63,92.0,61.0,84.0,9.0,9.0,5.0,3.0,0.0,0.0,2.0,1.0,0.0,Full Time,tagged,Tagged out of it by Nash... %P and %M plus %T... %s as well,midfwd,Leading the inside midfield then resting forward,,,,,Midfielder,4.0,0.0,0.0,0.0,25.47,30.45,26.24,,,,8.0,8.0,6.0,66.0,81.0,329.0,0.0,False,1914,1381,30,9008_WB,97.0,0,73.0,0,10.666666666666666,13.933333333333334,12.333333333333334,11.666666666666666,4.333333333333333,4.533333333333333,5.0,5.266666666666667,0.0,0.0,1.3333333333333333,1.2666666666666666,0.6666666666666666,0.7333333333333333,0.6666666666666666,1.2,0.6666666666666666,1.0666666666666667,25.47,25.47,30.45,30.45,26.24,26.24,13.0,13.133333333333333,8.333333333333334,6.466666666666667,4.666666666666667,3.3333333333333335,69.0,65.46666666666667,82.66666666666667,83.73333333333333,367.6666666666667,458.8,1664.6666666666667,1665.6,1625.6666666666667,1619.2,122.85,120.5,120.6,100.66666666666667,1,tagged,63,104.9669813507971,-41.9669813507971
130662,9008,http://live.fanfooty.com.au/game/matchcentre.html?id=9008,EF,2024,1011803.0,Cody,Weightman,WB,13.0,36.0,27,50.0,26.0,40.0,2.0,5.0,0.0,6.0,0.0,1.0,2.0,0.0,1.0,Full Time,cold,Well beaten on the night... %s from %P and %T,pocket,Starting deep forward on Hardwick,,,,,Forward,3.0,0.0,0.0,0.0,0.31,0.22,0.41,,,,3.0,1.0,4.0,57.0,81.0,54.0,1.0,False,1914,1381,30,9008_WB,97.0,0,73.0,0,7.0,7.133333333333334,6.0,4.066666666666666,1.3333333333333333,2.4,5.0,3.8666666666666667,0.0,0.0,1.3333333333333333,1.4666666666666666,1.0,0.7333333333333333,1.0,1.7333333333333334,1.6666666666666667,1.0,0.31,0.31,0.22,0.22,0.41,0.41,5.333333333333333,5.6,1.0,1.0,3.0,2.533333333333333,55.333333333333336,61.4,81.33333333333333,81.33333333333333,227.66666666666666,199.53333333333333,1664.6666666666667,1730.9333333333334,1625.6666666666667,1551.2,69.5,68.7,65.8,66.33333333333333,1,cold,27,66.66214164630625,-39.66214164630625
130667,9008,http://live.fanfooty.com.au/game/matchcentre.html?id=9008,EF,2024,1009301.0,Jamarra,Ugle-Hagan,WB,1.0,18.0,18,24.0,16.0,22.0,2.0,2.0,2.0,1.0,0.0,0.0,1.0,0.0,1.0,Full Time,missing,Largely unsighted... %s from %P and %M,spearhead,Up forward on Scrimshaw,,,,,Forward,2.0,0.0,0.0,0.0,0.62,1.28,1.64,,,,1.0,0.0,1.0,75.0,82.0,62.0,0.0,False,1914,1381,30,9008_WB,97.0,0,73.0,0,7.0,8.333333333333334,2.0,3.2,3.0,3.8666666666666667,2.3333333333333335,1.6,0.0,0.0,0.6666666666666666,0.7333333333333333,2.3333333333333335,1.4,1.0,2.066666666666667,1.0,1.6,0.62,0.62,1.28,1.28,1.64,1.64,3.0,5.666666666666667,0.3333333333333333,0.4,4.0,2.933333333333333,58.333333333333336,55.86666666666667,83.0,83.66666666666667,205.0,243.6,1664.6666666666667,1665.6,1625.6666666666667,1619.2,63.7,68.9,57.6,42.0,1,missing,18,64.68729139033549,-46.68729139033549
130698,9009,http://live.fanfooty.com.au/game/matchcentre.html?id=9009,EF,2024,993905.0,Callum,Mills,SY,13.0,75.0,79,99.0,62.0,84.0,13.0,6.0,7.0,2.0,0.0,1.0,2.0,0.0,0.0,Full Time,guard,%P and %M plus %T... Playing half back,,,,,,,Midfielder,14.0,0.0,0.0,0.0,1.11,1.08,1.02,,,,6.0,2.0,3.0,73.0,78.0,239.0,0.0,False,1624,1650,30,9009_SY,97.0,0,73.0,1,15.0,10.666666666666666,9.0,7.8,8.333333333333334,5.133333333333334,1.3333333333333333,3.8666666666666667,0.0,0.0,0.6666666666666666,0.8666666666666667,1.0,0.5333333333333333,0.0,0.3333333333333333,0.0,0.3333333333333333,1.11,4.47,1.08,3.933333333333333,1.02,2.726666666666666,7.333333333333333,6.133333333333334,1.0,1.0666666666666667,2.0,2.466666666666667,82.0,76.06666666666666,83.33333333333333,80.0,290.3333333333333,270.26666666666665,1681.3333333333333,1645.8666666666666,1595.0,1635.4,79.05,77.7,79.4,91.33333333333333,1,guard,79,105.79440217575441,-26.794402175754414
130759,9010,http://live.fanfooty.com.au/game/matchcentre.html?id=9010,EF,2024,297907.0,Nic,Newman,CA,15.0,92.0,110,60.0,71.0,99.0,15.0,9.0,5.0,4.0,0.0,1.0,1.0,0.0,0.0,Full Time,reported,Reported for rough conduct on Neale in Q4... %P and %M plus %T,guard,Coming off a HBF,,,,,Back,24.0,0.0,0.0,0.0,6.16,1.18,3.32,,,,3.0,0.0,2.0,83.0,92.0,526.0,0.0,False,1762,1503,30,9010_CA,97.0,1,73.0,1,21.333333333333332,17.866666666666667,6.666666666666667,7.066666666666666,10.666666666666666,9.133333333333333,3.3333333333333335,3.8666666666666667,0.0,0.0,1.3333333333333333,0.9333333333333333,1.0,1.1333333333333333,0.0,0.06666666666666667,0.0,0.2,6.16,6.16,1.18,1.18,3.32,3.32,3.3333333333333335,4.866666666666666,0.3333333333333333,0.6,2.6666666666666665,2.6666666666666665,84.0,80.26666666666667,93.0,90.4,603.0,492.8,1687.3333333333333,1664.1333333333334,1575.6666666666667,1618.8666666666666,105.6,107.4,119.2,115.0,1,reported,110,97.23512729305244,12.764872706947557
130765,9010,http://live.fanfooty.com.au/game/matchcentre.html?id=9010,EF,2024,298290.0,Marc,Pittonet,CA,17.0,69.0,75,52.0,64.0,75.0,7.0,4.0,4.0,0.0,18.0,1.0,1.0,2.0,0.0,Full Time,sore,Went down hard in Q2 after copping a Berry knee to the guts... %H... also %P and %M... and scored %s,ruck,First ruck,,0.0,,,Ruck,27.0,2.0,52.5,0.0,0.0,0.17,0.43,,,,11.0,3.0,5.0,63.0,67.0,176.0,0.0,True,1762,1503,30,9010_CA,97.0,0,73.0,1,6.666666666666667,6.8,7.333333333333333,6.666666666666667,2.0,1.4666666666666666,3.0,1.4,24.333333333333332,24.866666666666667,1.0,1.5333333333333334,1.6666666666666667,2.0,1.0,0.3333333333333333,0.3333333333333333,0.2,0.0,0.0,0.17,0.22333333333333333,0.43,0.43466666666666665,11.0,10.0,6.0,5.666666666666667,4.333333333333333,3.8666666666666667,66.66666666666667,63.266666666666666,75.33333333333333,71.13333333333334,154.66666666666666,140.66666666666666,1687.3333333333333,1656.9333333333334,1575.6666666666667,1620.4666666666667,79.6,86.7,92.0,97.33333333333333,1,sore,75,86.2457491424685,-11.245749142468497
130766,9010,http://live.fanfooty.com.au/game/matchcentre.html?id=9010,EF,2024,1012862.0,Elijah,Hollands,CA,13.0,68.0,72,43.0,56.0,76.0,10.0,9.0,3.0,1.0,0.0,0.0,0.0,1.0,1.0,Full Time,midfwd,%P and %M plus %s... Starting at half forward with mid rotations,,,,,,,Midfielder,20.0,0.0,0.0,0.0,0.53,0.67,0.21,,,,6.0,2.0,1.0,68.0,80.0,365.0,0.0,False,1762,1503,30,9010_CA,97.0,0,73.0,0,14.0,12.466666666666667,8.0,6.8,5.333333333333333,5.2,1.6666666666666667,2.8,0.0,0.0,0.3333333333333333,0.3333333333333333,0.3333333333333333,0.8,0.3333333333333333,0.7333333333333333,1.3333333333333333,0.6,0.53,0.53,0.67,0.67,0.21,0.21,5.666666666666667,5.533333333333333,1.3333333333333333,1.6,1.6666666666666667,2.7333333333333334,72.33333333333333,69.66666666666667,81.33333333333333,82.8,363.3333333333333,311.6666666666667,1687.3333333333333,1664.1333333333334,1575.6666666666667,1618.8666666666666,75.75,78.9,78.8,83.66666666666667,1,midfwd,72,84.18753162936468,-12.187531629364685
130775,9010,http://live.fanfooty.com.au/game/matchcentre.html?id=9010,EF,2024,296334.0,Orazio,Fantasia,CA,9.0,43.0,47,32.0,36.0,48.0,5.0,6.0,2.0,1.0,0.0,0.0,0.0,1.0,0.0,Full Time,wing,%s from %P and %M... Starting at half forward,,,,0.0,,,Forward,14.0,13.0,79.46,0.0,0.0,3.04,5.76,,,,6.0,0.0,1.0,63.0,75.0,149.0,0.0,False,1762,1503,30,9010_CA,97.0,0,73.0,0,5.333333333333333,4.4,3.3333333333333335,3.6666666666666665,1.0,1.9333333333333333,1.3333333333333333,1.4666666666666666,0.0,0.0,0.3333333333333333,0.4666666666666667,1.0,0.6666666666666666,1.0,0.6666666666666666,0.0,0.4666666666666667,0.0,0.4313333333333333,3.04,2.97,5.76,5.421333333333333,3.3333333333333335,3.3333333333333335,0.0,0.2,2.3333333333333335,1.5333333333333334,64.33333333333333,69.33333333333333,62.0,59.6,168.0,143.46666666666667,1551.0,1689.2666666666667,1713.6666666666667,1587.6,43.5,44.1,47.0,38.333333333333336,1,wing,47,49.30537555652337,-2.305375556523373
130800,9011,http://live.fanfooty.com.au/game/matchcentre.html?id=9011,SF,2024,1004998.0,Todd,Marshall,PA,9.0,37.0,38,47.0,29.0,36.0,2.0,3.0,2.0,3.0,0.0,1.0,0.0,1.0,0.0,Full Time,concussed,Copped a Georgiades knee to the back of the head in Q1 but played on... subbed off at 3QT for Lorenz... %s from %P and %M plus %T,subbed,Starting at CHF on Scrimshaw,,0.0,,,Forward,4.0,7.0,46.57,0.0,0.0,0.16,0.21,,,,4.0,0.0,1.0,60.0,38.0,40.0,1.0,True,1681,1613,32,9011_PA,101.2,0,71.5,0,5.666666666666667,6.866666666666666,3.6666666666666665,2.0,3.3333333333333335,4.466666666666667,1.6666666666666667,1.7333333333333334,0.0,0.3333333333333333,0.6666666666666666,0.4666666666666667,0.3333333333333333,0.6,0.3333333333333333,1.0666666666666667,0.3333333333333333,0.8666666666666667,0.0,0.0,0.16,0.16,0.21,0.21,4.0,2.7333333333333334,0.0,0.06666666666666667,2.3333333333333335,2.2,65.0,55.0,49.333333333333336,72.0,161.66666666666666,180.13333333333333,1708.3333333333333,1656.2666666666667,1584.0,1633.2666666666667,56.6,53.4,41.0,41.666666666666664,1,concussed,38,70.37137758002268,-32.37137758002268
130906,9013,http://live.fanfooty.com.au/game/matchcentre.html?id=9013,PF,2024,280711.0,Charlie,Dixon,PA,9.0,46.0,59,37.0,42.0,53.0,4.0,8.0,3.0,0.0,2.0,1.0,0.0,1.0,0.0,Full Time,pelican,%s from %P and %M... At FF on Melican with ruck support,,,,0.0,,,Forward,22.0,20.0,71.25,0.0,0.0,0.1,0.17,,,,9.0,4.0,4.0,58.0,77.0,85.0,0.0,False,1925,1372,33,9013_PA,97.0,0,75.5,0,4.333333333333333,5.2,5.666666666666667,4.6,2.0,3.2666666666666666,1.3333333333333333,1.6,6.666666666666667,7.0,1.0,1.0,0.6666666666666666,0.9333333333333333,0.3333333333333333,1.2,0.6666666666666666,0.6666666666666666,0.0,0.0,0.1,0.1,0.17,0.17,6.333333333333333,6.8,2.3333333333333335,1.1333333333333333,2.3333333333333335,2.3333333333333335,50.333333333333336,63.93333333333333,79.66666666666667,81.8,118.0,108.0,1497.6666666666667,1689.6666666666667,1790.3333333333333,1600.3333333333333,70.6,65.8,70.6,56.0,1,pelican,59,65.9171646099175,-6.917164609917506
130910,9013,http://live.fanfooty.com.au/game/matchcentre.html?id=9013,PF,2024,999824.0,Quinton,Narkle,PA,2.0,27.0,48,13.0,21.0,30.0,6.0,1.0,2.0,1.0,0.0,0.0,1.0,0.0,0.0,Full Time,wing,%P including %K... also %M... Mostly forward,,,,0.0,,,Midfielder,42.0,6.0,50.17,0.0,0.0,0.28,0.13,,,,4.0,1.0,1.0,71.0,63.0,148.0,1.0,False,1925,1372,33,9013_PA,97.0,0,75.5,0,7.333333333333333,5.866666666666666,0.6666666666666666,2.2,2.0,3.066666666666667,1.0,1.2,0.0,0.0,0.3333333333333333,0.13333333333333333,0.6666666666666666,0.3333333333333333,0.0,0.5333333333333333,0.3333333333333333,0.6666666666666666,0.0,0.0,0.28,0.20533333333333334,0.13,0.09533333333333334,4.333333333333333,2.2,0.6666666666666666,0.2,1.3333333333333333,1.4,53.0,57.0,54.333333333333336,51.46666666666667,227.66666666666666,166.6,1465.6666666666667,1670.8,1827.6666666666667,1619.6666666666667,36.35,33.2,31.4,35.333333333333336,1,wing,48,45.2864630944187,2.7135369055813
130914,9013,http://live.fanfooty.com.au/game/matchcentre.html?id=9013,PF,2024,1004034.0,Brandon,Zerk-Thatcher,PA,1.0,10.0,25,11.0,9.0,15.0,1.0,2.0,0.0,2.0,0.0,1.0,2.0,0.0,0.0,Full Time,job,%P and %T... At FB on Amartey,,,,0.0,,,Back,25.0,0.0,0.0,0.0,0.0,0.29,0.57,,,,3.0,0.0,3.0,66.0,97.0,-5.0,1.0,False,1925,1372,33,9013_PA,97.0,0,75.5,0,7.333333333333333,7.4,3.6666666666666665,4.2,5.666666666666667,5.666666666666667,0.6666666666666666,1.4,0.0,0.0,1.0,0.4666666666666667,1.0,0.7333333333333333,0.0,0.0,0.0,0.0,0.0,0.0,0.29,0.29,0.57,0.57,4.666666666666667,4.733333333333333,0.0,0.26666666666666666,3.0,1.8,72.66666666666667,78.46666666666667,99.0,93.26666666666667,186.33333333333334,187.33333333333334,1465.6666666666667,1652.3333333333333,1827.6666666666667,1637.2,62.75,66.3,58.6,53.0,1,job,25,53.835912236838865,-28.835912236838865
130932,9014,http://live.fanfooty.com.au/game/matchcentre.html?id=9014,PF,2024,1012805.0,Tanner,Bruhn,GE,9.0,37.0,50,51.0,31.0,48.0,4.0,6.0,2.0,4.0,0.0,0.0,3.0,0.0,0.0,Full Time,shovel,%P and %M plus %T... gave away %F... Starting in midfield,,,,,,,Midfielder,4.0,0.0,0.0,0.0,0.35,0.48,0.61,,,,4.0,4.0,3.0,90.0,60.0,141.0,0.0,False,1738,1541,33,9014_GE,97.0,0,75.5,0,8.333333333333334,9.733333333333333,8.666666666666666,6.933333333333334,4.333333333333333,2.466666666666667,3.6666666666666665,3.933333333333333,0.0,0.0,1.3333333333333333,1.7333333333333334,1.6666666666666667,1.2,0.3333333333333333,0.3333333333333333,0.0,0.26666666666666666,0.35,0.35,0.48,0.48,0.61,0.61,5.666666666666667,7.466666666666667,4.333333333333333,4.8,2.0,2.8666666666666667,86.66666666666667,73.06666666666666,68.66666666666667,60.733333333333334,271.0,292.0,1761.3333333333333,1630.4666666666667,1475.0,1645.5333333333333,71.75,70.7,69.6,75.33333333333333,1,shovel,50,57.470544908265694,-7.470544908265694
130934,9014,http://live.fanfooty.com.au/game/matchcentre.html?id=9014,PF,2024,296291.0,Jake,Kolodjashnij,GE,3.0,34.0,41,42.0,29.0,39.0,5.0,5.0,3.0,0.0,0.0,0.0,0.0,0.0,0.0,Full Time,job,%M and %P... Playing tween defender on Hipwood,,,,0.0,,,Back,8.0,21.0,50.57,0.0,0.0,0.07,0.06,,,,2.0,0.0,2.0,70.0,89.0,220.0,0.0,False,1738,1541,33,9014_GE,97.0,0,75.5,0,6.333333333333333,8.4,6.0,5.133333333333334,5.0,5.933333333333334,1.0,2.0,0.0,0.0,0.3333333333333333,0.5333333333333333,0.0,0.6666666666666666,0.0,0.06666666666666667,0.0,0.0,0.0,0.0,0.07,0.07,0.06,0.06,4.333333333333333,4.666666666666667,0.0,0.4,2.0,2.1333333333333333,73.66666666666667,79.0,87.0,90.73333333333333,174.66666666666666,193.6,1761.3333333333333,1649.0,1475.0,1626.8,67.35,68.4,70.4,64.0,1,job,41,55.06814459295692,-14.06814459295692
130935,9014,http://live.fanfooty.com.au/game/matchcentre.html?id=9014,PF,2024,293883.0,Jed,Bews,GE,2.0,33.0,38,41.0,27.0,36.0,4.0,5.0,2.0,1.0,0.0,1.0,0.0,0.0,0.0,Full Time,harley,%M and %P... Minding Cameron,,,,0.0,,,Back,24.0,19.0,43.47,0.0,0.0,0.42,0.22,,,,6.0,0.0,1.0,77.0,82.0,157.0,1.0,False,1738,1541,33,9014_GE,97.0,0,75.5,0,5.0,5.666666666666667,3.3333333333333335,4.933333333333334,3.0,3.0,0.3333333333333333,1.8666666666666667,0.0,0.0,0.3333333333333333,0.26666666666666666,0.0,0.5333333333333333,0.0,0.0,0.0,0.06666666666666667,0.0,0.0,0.42,0.5399999999999999,0.22,0.28,3.0,4.266666666666667,0.0,0.4666666666666667,0.3333333333333333,1.8,83.66666666666667,75.53333333333333,71.66666666666667,79.06666666666666,156.33333333333334,161.33333333333334,1761.3333333333333,1608.5333333333333,1475.0,1669.0666666666666,44.05,45.7,41.6,34.0,1,harley,38,57.36457419195219,-19.364574191952187
130937,9014,http://live.fanfooty.com.au/game/matchcentre.html?id=9014,PF,2024,281065.0,Mitch,Duncan,GE,0.0,7.0,10,9.0,8.0,12.0,1.0,2.0,1.0,0.0,0.0,0.0,1.0,0.0,0.0,Full Time,wing,On early in Q4 for Holmes... %P,sub,Started as the sub,,0.0,,,Back,22.0,19.0,100.05,0.0,0.0,0.29,0.37,,,,1.0,0.0,2.0,66.0,16.0,30.0,0.0,False,1738,1541,33,9014_GE,97.0,0,75.5,0,6.666666666666667,12.6,5.333333333333333,5.866666666666666,2.3333333333333335,5.666666666666667,2.3333333333333335,2.2666666666666666,0.0,0.0,0.6666666666666666,0.4,0.3333333333333333,0.5333333333333333,0.0,0.13333333333333333,0.0,0.3333333333333333,0.0,0.0,0.29,0.29,0.37,0.37,3.0,3.533333333333333,1.0,0.5333333333333333,1.6666666666666667,2.066666666666667,69.33333333333333,75.73333333333333,54.333333333333336,71.26666666666667,235.0,346.4,1761.3333333333333,1655.2,1475.0,1622.0,77.65,75.7,49.0,45.333333333333336,1,wing,10,68.42745673722459,-58.42745673722459
130961,9015,http://live.fanfooty.com.au/game/matchcentre.html?id=9015,GF,2024,1013128.0,Errol,Gulden,SY,15.0,92.0,75,123.0,70.0,99.0,18.0,6.0,5.0,4.0,0.0,1.0,2.0,0.0,0.0,Full Time,wing,%P including %K... also %M and %T... Starting on a wing on Fletcher,,,,,,,Midfielder,21.0,0.0,0.0,0.0,19.26,21.91,16.05,,,,7.0,2.0,5.0,70.0,92.0,443.0,0.0,False,1986,1301,34,9015_SY,110.0,0,74.0,1,17.333333333333332,19.533333333333335,7.333333333333333,8.4,4.666666666666667,5.133333333333334,3.6666666666666665,3.7333333333333334,0.0,0.0,1.3333333333333333,1.2666666666666666,1.0,0.8,0.0,0.4666666666666667,0.0,0.6666666666666666,19.26,19.26,21.91,21.91,16.05,16.05,8.666666666666666,9.6,3.6666666666666665,4.2,4.666666666666667,4.2,66.66666666666667,64.06666666666666,89.0,89.26666666666667,454.0,535.8,1625.3333333333333,1648.4666666666667,1660.6666666666667,1636.4666666666667,106.65,102.4,97.2,94.66666666666667,1,wing,75,97.86042733137522,-22.86042733137522
130962,9015,http://live.fanfooty.com.au/game/matchcentre.html?id=9015,GF,2024,291848.0,Robbie,Fox,SY,20.0,88.0,124,113.0,71.0,96.0,13.0,8.0,6.0,3.0,0.0,0.0,1.0,1.0,0.0,Full Time,switch,%P and %M plus %T... %s as well... Starting in attack... switched back late in Q2 after the horse had bolted,,,,,,,Back,42.0,0.0,0.0,0.0,0.44,0.1,0.17,,,,10.0,2.0,2.0,95.0,93.0,335.0,0.0,False,1986,1301,34,9015_SY,110.0,1,74.0,1,5.0,6.666666666666667,3.6666666666666665,5.266666666666667,2.6666666666666665,3.8666666666666667,1.0,2.066666666666667,0.0,0.0,0.0,0.4666666666666667,0.3333333333333333,0.4,0.3333333333333333,0.26666666666666666,0.0,0.06666666666666667,0.44,0.44,0.1,0.1,0.17,0.17,3.6666666666666665,3.7333333333333334,0.6666666666666666,0.3333333333333333,0.6666666666666666,1.6666666666666667,76.0,76.13333333333334,44.333333333333336,73.06666666666666,118.66666666666667,150.8,1678.0,1679.2,1602.3333333333333,1607.0,53.85,50.6,38.6,44.666666666666664,1,switch,124,70.52143046424769,53.478569535752314
130976,9015,http://live.fanfooty.com.au/game/matchcentre.html?id=9015,GF,2024,291978.0,Harry,Cunningham,SY,3.0,33.0,32,44.0,31.0,42.0,4.0,4.0,5.0,1.0,0.0,0.0,2.0,0.0,0.0,Full Time,harley,%M and %P... The big job on Cameron,,,,,,,Back,7.0,0.0,0.0,0.0,0.35,0.15,0.13,,,,2.0,0.0,2.0,87.0,85.0,27.0,0.0,False,1986,1301,34,9015_SY,110.0,0,74.0,0,8.0,7.866666666666666,4.0,3.6,7.0,5.0,4.333333333333333,2.1333333333333333,0.0,0.0,0.3333333333333333,0.2,0.6666666666666666,0.7333333333333333,0.0,0.06666666666666667,0.0,0.0,0.35,0.35,0.15,0.15,0.13,0.13,2.0,2.6666666666666665,0.0,0.2,0.6666666666666666,1.2666666666666666,90.66666666666667,81.4,92.0,82.46666666666667,144.0,159.26666666666668,1625.3333333333333,1645.8666666666666,1660.6666666666667,1638.7333333333333,55.35,56.4,64.8,64.0,1,harley,32,67.9149232442528,-35.914923244252805
130982,9015,http://live.fanfooty.com.au/game/matchcentre.html?id=9015,GF,2024,1013230.0,Logan,McDonald,SY,0.0,6.0,6,8.0,5.0,6.0,1.0,0.0,1.0,0.0,0.0,0.0,0.0,0.0,0.0,Full Time,injured,Limping on the left ankle he injured last week to start Q3... quickly subbed off for Campbell,subbed,Starting forward on Lester,,,,,Forward,6.0,0.0,0.0,0.0,0.35,0.19,0.33,,,,0.0,0.0,0.0,100.0,32.0,6.0,1.0,True,1986,1301,34,9015_SY,110.0,0,74.0,0,6.0,7.266666666666667,1.3333333333333333,2.8666666666666667,4.0,4.666666666666667,0.6666666666666666,1.4666666666666666,0.0,0.2,1.0,0.6,0.3333333333333333,0.3333333333333333,1.0,1.2,0.6666666666666666,0.6666666666666666,0.35,0.35,0.19,0.19,0.33,0.33,2.6666666666666665,3.4,0.6666666666666666,0.26666666666666666,1.0,1.5333333333333334,84.0,73.73333333333333,58.333333333333336,81.0,134.0,182.8,1625.3333333333333,1648.4666666666667,1660.6666666666667,1636.4666666666667,59.6,58.2,56.4,49.0,1,injured,6,41.480764423947605,-35.480764423947605
130989,9015,http://live.fanfooty.com.au/game/matchcentre.html?id=9015,GF,2024,1014026.0,Kai,Lohmann,BL,27.0,93.0,110,82.0,77.0,96.0,8.0,7.0,5.0,4.0,0.0,0.0,0.0,4.0,0.0,Full Time,x-factor,His early goals busted the game open... %s from %P and %M plus %T,wing,Starting at half forward,,,,,Forward,1.0,0.0,0.0,0.0,0.53,0.8,1.08,,,,6.0,0.0,1.0,80.0,75.0,209.0,1.0,False,1301,1986,34,9015_BL,110.0,1,74.0,1,9.666666666666666,7.466666666666667,3.6666666666666665,5.0,4.0,3.933333333333333,3.3333333333333335,3.0,0.0,0.0,0.6666666666666666,0.4666666666666667,1.0,1.0666666666666667,2.3333333333333335,1.4,1.0,1.1333333333333333,0.53,0.53,0.8,0.8,1.08,1.08,5.0,5.4,0.6666666666666666,0.8,2.3333333333333335,2.4,67.33333333333333,72.0,74.0,76.26666666666667,238.33333333333334,201.66666666666666,1762.3333333333333,1728.7333333333333,1523.3333333333333,1555.4666666666667,79.6,78.1,81.8,80.33333333333333,1,x-factor,110,80.13333590889377,29.86666409110623
130993,9015,http://live.fanfooty.com.au/game/matchcentre.html?id=9015,GF,2024,294518.0,Joe,Daniher,BL,20.0,83.0,116,48.0,72.0,92.0,15.0,1.0,8.0,1.0,1.0,0.0,3.0,2.0,4.0,Full Time,pelican,%s from %P and %M... gave away %F... Playing a forward/ruck role on Melican,,,,0.0,,,Forward,3.0,7.0,63.86,0.0,0.0,0.54,0.75,,,,9.0,4.0,4.0,56.0,100.0,394.0,0.0,False,1301,1986,34,9015_BL,110.0,1,74.0,1,11.666666666666666,11.266666666666667,2.3333333333333335,3.533333333333333,6.333333333333333,6.133333333333334,1.3333333333333333,0.9333333333333333,3.3333333333333335,1.5333333333333334,1.0,0.8,1.6666666666666667,1.1333333333333333,2.0,2.4,1.6666666666666667,1.8,0.0,0.0,0.54,0.54,0.75,0.75,7.0,5.533333333333333,2.3333333333333335,1.3333333333333333,4.666666666666667,3.1333333333333333,57.0,57.86666666666667,100.0,99.2,301.3333333333333,340.8,1762.3333333333333,1728.7333333333333,1523.3333333333333,1555.4666666666667,85.7,80.1,85.2,93.33333333333333,1,pelican,116,77.00956186012831,38.990438139871685
131026,9202,http://live.fanfooty.com.au/game/matchcentre.html?id=9202,R0,2025,291776.0,Taylor,Adams,SY,8.0,32.0,36,39.0,30.0,39.0,4.0,4.0,3.0,0.0,0.0,0.0,1.0,1.0,0.0,Full Time,sore,Right hamstring tightness after a Scrimshaw tackle in Q4... %P and %M plus %s,pocket,Starting forward,706000.0,0.0,437200.0,,Midfielder,3.0,18.0,95.17,0.0,0.0,14.21,28.01,691000.0,,,3.0,1.0,3.0,75.0,54.0,106.0,1.0,True,1700,1586,1,9202_SY,95.4,0,65.5,0,4.666666666666667,7.933333333333334,8.333333333333334,9.133333333333333,2.6666666666666665,3.0,2.6666666666666665,3.4,0.0,0.0,0.3333333333333333,0.8,0.6666666666666666,0.9333333333333333,0.3333333333333333,0.5333333333333333,0.0,0.26666666666666666,0.0,0.0,14.21,14.21,28.01,28.01,5.666666666666667,7.2,2.0,2.4,2.3333333333333335,3.066666666666667,73.66666666666667,66.33333333333333,57.0,69.26666666666667,69.66666666666667,190.93333333333334,1660.0,1667.3333333333333,1620.3333333333333,1617.7333333333333,68.6,61.3,49.2,53.666666666666664,1,sore,36,76.26402812578377,-40.26402812578377
131143,9206,http://live.fanfooty.com.au/game/matchcentre.html?id=9206,R1,2025,1017094.0,Connor,Macdonald,HW,20.0,94.0,104,117.0,79.0,102.0,13.0,10.0,8.0,1.0,0.0,1.0,0.0,1.0,0.0,Full Time,wing,%s from %P and %M... Starting at half forward on McGrath,,,652600.0,,381400.0,,Forward,31.0,0.0,0.0,0.0,7.62,1.3,4.88,638000.0,,,9.0,1.0,0.0,82.0,81.0,281.0,0.0,False,1555,1702,2,9206_HW,98.0,1,73.0,1,7.666666666666667,10.533333333333333,6.0,8.066666666666666,4.333333333333333,5.666666666666667,1.3333333333333333,2.8666666666666667,0.0,0.0,0.6666666666666666,0.4666666666666667,0.3333333333333333,0.9333333333333333,0.6666666666666666,1.3333333333333333,0.0,0.4666666666666667,7.62,7.62,1.3,1.3,4.88,4.88,4.333333333333333,5.0,0.3333333333333333,0.9333333333333333,0.6666666666666666,2.7333333333333334,83.0,74.6,76.66666666666667,81.2,204.0,267.0,1694.3333333333333,1752.6,1584.6666666666667,1533.1333333333334,79.85,86.9,85.4,65.66666666666667,1,wing,104,73.00270420488451,30.99729579511549
131161,9206,http://live.fanfooty.com.au/game/matchcentre.html?id=9206,R1,2025,293738.0,Sam,Frost,HW,2.0,17.0,19,25.0,13.0,21.0,4.0,1.0,0.0,2.0,0.0,1.0,2.0,0.0,0.0,Full Time,job,On in Q2 for Scrimshaw... %P including %K... also %T,sub,Started as the sub,457900.0,0.0,317000.0,,Back,8.0,9.0,48.11,0.0,0.0,0.1,0.12,448000.0,,,4.0,1.0,4.0,80.0,49.0,106.0,0.0,False,1555,1702,2,9206_HW,98.0,0,73.0,0,5.666666666666667,4.8,2.3333333333333335,3.1333333333333333,2.0,2.8666666666666667,1.0,1.3333333333333333,0.0,0.13333333333333333,0.3333333333333333,0.2,1.0,0.8666666666666667,0.0,0.0,0.0,0.0,0.0,0.0,0.1,0.1,0.12,0.12,4.0,3.4,0.3333333333333333,0.4,2.3333333333333335,1.6,79.33333333333333,81.46666666666667,78.0,94.46666666666667,151.66666666666666,111.06666666666666,1857.6666666666667,1739.7333333333333,1421.3333333333333,1546.7333333333333,45.3,43.2,49.6,39.666666666666664,1,job,19,39.40842617963425,-20.408426179634247
131162,9206,http://live.fanfooty.com.au/game/matchcentre.html?id=9206,R1,2025,998114.0,Jack,Scrimshaw,HW,0.0,13.0,18,17.0,12.0,18.0,1.0,3.0,1.0,1.0,0.0,0.0,1.0,0.0,0.0,Full Time,injured,Clothesline on Ridley in Q2 might earn a week of rest... broken nose after headclash with Battle in Q2 and subbed off for Frost... %P,subbed,Not needed to play on talls this year,613700.0,0.0,419500.0,,Back,14.0,0.0,0.0,0.0,0.0,0.13,0.16,600000.0,,,1.0,0.0,1.0,75.0,27.0,-24.0,1.0,True,1555,1702,2,9206_HW,98.0,0,73.0,0,10.333333333333334,11.4,4.333333333333333,6.266666666666667,5.0,5.866666666666666,2.0,1.3333333333333333,0.0,0.0,0.6666666666666666,0.26666666666666666,0.6666666666666666,0.4666666666666667,0.0,0.0,0.0,0.0,0.0,0.0,0.13,0.13,0.16,0.16,4.333333333333333,5.4,0.6666666666666666,0.4666666666666667,1.3333333333333333,2.066666666666667,82.0,83.4,64.0,77.26666666666667,212.66666666666666,274.2,1694.3333333333333,1752.6,1584.6666666666667,1533.1333333333334,82.1,83.6,81.6,82.66666666666667,1,injured,18,59.64664544882717,-41.64664544882717
131184,9206,http://live.fanfooty.com.au/game/matchcentre.html?id=9206,R1,2025,298630.0,Kyle,Langford,ES,9.0,41.0,53,28.0,36.0,48.0,5.0,6.0,0.0,1.0,0.0,1.0,1.0,2.0,0.0,Full Time,injured,Right hamstring pull in Q3... %P and %s,spearhead,Playing tall forward,673700.0,0.0,442000.0,,Midfielder,4.0,15.0,77.6,0.0,0.0,0.45,0.69,659000.0,,,5.0,1.0,2.0,72.0,62.0,159.0,1.0,True,1702,1555,2,9206_ES,98.0,0,73.0,0,9.333333333333334,8.266666666666667,7.333333333333333,4.6,4.0,5.066666666666666,2.6666666666666665,2.533333333333333,0.0,0.06666666666666667,1.3333333333333333,0.6666666666666666,0.6666666666666666,0.5333333333333333,2.0,1.4,0.6666666666666666,0.9333333333333333,0.0,0.0,0.45,0.45,0.69,0.69,6.666666666666667,4.8,0.3333333333333333,0.2,2.3333333333333335,2.066666666666667,71.66666666666667,66.4,78.33333333333333,87.53333333333333,277.6666666666667,250.33333333333334,1612.0,1672.1333333333334,1669.3333333333333,1612.2,78.6,79.1,80.6,83.0,1,injured,53,60.77567153374612,-7.77567153374612
131240,9208,http://live.fanfooty.com.au/game/matchcentre.html?id=9208,R1,2025,1011936.0,Justin,McInerney,SY,9.0,66.0,87,80.0,60.0,84.0,8.0,15.0,4.0,1.0,0.0,2.0,2.0,0.0,0.0,Full Time,wing,%P and %M... Playing a half forward role,,,653200.0,,403300.0,,Midfielder,27.0,0.0,0.0,0.0,0.18,0.07,0.21,639000.0,,,10.0,5.0,3.0,78.0,78.0,226.0,0.0,False,1633,1660,2,9208_SY,98.0,0,73.0,1,8.0,10.066666666666666,8.333333333333334,7.733333333333333,4.666666666666667,5.133333333333334,1.3333333333333333,1.9333333333333333,0.0,0.0,1.0,1.0666666666666667,2.0,1.0,0.0,0.26666666666666666,0.3333333333333333,0.4666666666666667,0.18,0.18,0.07,0.07,0.21,0.21,7.0,5.733333333333333,2.0,1.4,2.6666666666666665,2.2,73.0,74.8,78.33333333333333,78.66666666666667,168.66666666666666,239.6,1515.6666666666667,1683.8666666666666,1773.0,1601.2,77.75,72.8,63.6,70.33333333333333,1,wing,87,74.44717947167274,12.55282052832726
131245,9208,http://live.fanfooty.com.au/game/matchcentre.html?id=9208,R1,2025,996743.0,Lewis,Melican,SY,8.0,57.0,73,74.0,46.0,60.0,9.0,4.0,6.0,1.0,0.0,0.0,0.0,0.0,0.0,Full Time,job,%M and %P... Deep in defence on Hipwood,,,339400.0,,293200.0,,Back,43.0,0.0,0.0,0.0,0.09,0.05,0.18,336000.0,,,3.0,1.0,1.0,84.0,80.0,266.0,1.0,False,1633,1660,2,9208_SY,98.0,0,73.0,1,7.0,6.6,3.0,2.6666666666666665,4.666666666666667,3.8666666666666667,0.6666666666666666,1.5333333333333334,0.0,0.0,0.3333333333333333,0.4666666666666667,0.3333333333333333,0.4,0.0,0.06666666666666667,0.0,0.0,0.09,0.09,0.05,0.05,0.18,0.18,4.333333333333333,3.466666666666667,0.3333333333333333,0.2,1.6666666666666667,1.3333333333333333,88.33333333333333,81.2,84.33333333333333,81.2,157.0,153.06666666666666,1515.6666666666667,1667.9333333333334,1773.0,1615.5333333333333,58.7,61.2,66.2,61.666666666666664,1,job,73,50.83834526651945,22.161654733480553
131249,9208,http://live.fanfooty.com.au/game/matchcentre.html?id=9208,R1,2025,1004985.0,Ben,Paton,SY,4.0,42.0,43,57.0,31.0,45.0,7.0,3.0,2.0,3.0,0.0,0.0,1.0,0.0,0.0,Full Time,guard,Subbed off in Q3 for Bice... %P and %M plus %T,subbed,Playing back pocket,502200.0,,275200.0,,Back,25.0,0.0,0.0,0.0,0.09,0.04,0.03,491000.0,,,0.0,0.0,2.0,90.0,53.0,121.0,1.0,True,1633,1660,2,9208_SY,98.0,0,73.0,0,5.0,6.333333333333333,4.666666666666667,5.466666666666667,1.6666666666666667,3.3333333333333335,1.6666666666666667,1.6,0.0,0.0,0.0,0.6,1.0,0.26666666666666666,0.0,0.0,0.0,0.0,0.09,0.060000000000000005,0.04,0.064,0.03,0.036000000000000004,3.0,3.533333333333333,0.0,0.26666666666666666,1.3333333333333333,1.5333333333333334,93.66666666666667,77.0,50.666666666666664,62.266666666666666,139.0,159.6,1613.3333333333333,1615.0,1674.0,1667.4,49.35,42.4,39.8,46.333333333333336,1,guard,43,75.31358443945638,-32.31358443945638
131261,9208,http://live.fanfooty.com.au/game/matchcentre.html?id=9208,R1,2025,298211.0,Darcy,Fort,BL,12.0,66.0,76,42.0,58.0,75.0,10.0,4.0,4.0,1.0,12.0,0.0,2.0,1.0,0.0,Full Time,spearhead,%H... also %P and %M... and scored %s... Playing a forward/ruck role on Hamling,,,376100.0,,272300.0,,Ruck,32.0,0.0,0.0,0.0,1.55,1.38,0.29,467000.0,,,9.0,3.0,3.0,64.0,73.0,150.0,1.0,False,1660,1633,2,9208_BL,98.0,0,73.0,1,9.0,6.866666666666666,3.3333333333333335,3.2,3.0,1.8,3.3333333333333335,2.4,19.333333333333332,16.0,1.0,0.9333333333333333,2.0,1.5333333333333334,0.6666666666666666,0.3333333333333333,0.6666666666666666,0.3333333333333333,1.55,2.013333333333333,1.38,0.676,0.29,0.21333333333333335,8.0,6.933333333333334,4.0,2.7333333333333334,2.3333333333333335,2.8666666666666667,55.666666666666664,52.333333333333336,75.66666666666667,64.6,167.0,152.73333333333332,1685.0,1688.8,1601.6666666666667,1592.0666666666666,61.9,60.8,65.6,71.33333333333333,1,spearhead,76,66.67985308271926,9.320146917280738
131265,9208,http://live.fanfooty.com.au/game/matchcentre.html?id=9208,R1,2025,1002401.0,Brandon,Starcevich,BL,4.0,50.0,64,39.0,40.0,54.0,6.0,7.0,3.0,2.0,0.0,1.0,0.0,0.0,0.0,Full Time,injured,Headclash with Justin McInerney in Q4 left him groggy... failed HIA and did not return... %P and %M plus %T,guard,Playing back pocket on Papley,455000.0,0.0,304500.0,,Back,37.0,3.0,37.33,0.0,0.0,0.37,0.29,445000.0,,,7.0,2.0,0.0,84.0,66.0,105.0,1.0,True,1660,1633,2,9208_BL,98.0,0,73.0,0,10.0,8.866666666666667,4.666666666666667,2.933333333333333,6.0,4.733333333333333,2.3333333333333335,1.8666666666666667,0.0,0.0,0.6666666666666666,0.9333333333333333,0.0,0.7333333333333333,0.0,0.06666666666666667,0.0,0.06666666666666667,0.0,0.0,0.37,0.37,0.29,0.29,5.666666666666667,3.933333333333333,1.0,0.4666666666666667,1.3333333333333333,1.6666666666666667,77.33333333333333,76.93333333333334,80.0,80.66666666666667,254.0,238.0,1785.6666666666667,1728.0666666666666,1500.6666666666667,1556.2,59.3,65.8,74.0,76.0,1,injured,64,46.142913989183796,17.857086010816204
131316,9209,http://live.fanfooty.com.au/game/matchcentre.html?id=9209,R1,2025,1020968.0,Jackson,Archer,NM,3.0,39.0,35,23.0,32.0,45.0,7.0,4.0,3.0,1.0,0.0,0.0,1.0,0.0,0.0,Full Time,job,%M and %P... Third tall defender,,,242200.0,,143100.0,,Back,34.0,0.0,0.0,0.0,0.13,0.67,0.19,343000.0,,,1.0,0.0,1.0,90.0,74.0,62.0,0.0,False,1630,1664,2,9209_NM,98.0,0,73.0,0,7.0,6.066666666666666,3.6666666666666665,4.733333333333333,5.0,3.6,1.6666666666666667,2.6666666666666665,0.0,0.0,1.0,1.2,1.0,0.8666666666666667,0.0,0.0,0.0,0.0,0.13,0.14733333333333334,0.67,0.6679999999999999,0.19,0.25466666666666665,1.3333333333333333,3.933333333333333,0.0,0.3333333333333333,1.3333333333333333,2.066666666666667,80.33333333333333,81.66666666666667,77.0,78.86666666666666,95.0,90.6,1599.3333333333333,1647.6,1685.6666666666667,1634.7333333333333,45.3,54.3,58.8,42.666666666666664,1,job,35,41.857253628155334,-6.857253628155334
131338,9210,http://live.fanfooty.com.au/game/matchcentre.html?id=9210,R1,2025,1013278.0,Reef,McInnes,CO,8.0,54.0,53,71.0,43.0,54.0,9.0,2.0,6.0,1.0,0.0,1.0,0.0,0.0,0.0,Full Time,job,%P including %K... also %M... In defence on Lukosius,,,195400.0,,123900.0,,Forward,26.0,0.0,0.0,0.0,1.59,2.87,0.72,285000.0,,,2.0,0.0,0.0,81.0,82.0,195.0,0.0,False,1440,1840,2,9210_CO,98.0,0,73.0,0,7.666666666666667,3.8666666666666667,3.3333333333333335,2.533333333333333,3.6666666666666665,2.1333333333333333,1.6666666666666667,1.2,0.0,0.0,1.0,0.4,0.3333333333333333,0.6,0.3333333333333333,1.0,0.0,0.2,1.59,1.1320000000000001,2.87,1.9853333333333334,0.72,0.5733333333333334,3.3333333333333335,2.8666666666666667,0.0,0.0,1.6666666666666667,1.6666666666666667,78.0,72.73333333333333,78.0,52.6,215.0,88.8,1555.0,1674.8666666666666,1721.6666666666667,1606.6,35.85,41.5,36.4,54.666666666666664,1,job,53,38.29373695297064,14.70626304702936
131348,9210,http://live.fanfooty.com.au/game/matchcentre.html?id=9210,R1,2025,298111.0,Jeremy,Finlayson,PA,18.0,84.0,85,46.0,68.0,87.0,16.0,3.0,10.0,0.0,0.0,0.0,0.0,0.0,0.0,Full Time,skunk,%P including %K... also %M... Playing tall defender on Membrey,,,670000.0,0.0,475600.0,,Ruck,11.0,13.0,57.31,0.0,0.0,0.38,0.23,655000.0,,,3.0,0.0,2.0,68.0,99.0,348.0,0.0,False,1840,1440,2,9210_PA,98.0,0,73.0,1,10.0,8.2,4.0,3.533333333333333,4.666666666666667,3.6666666666666665,0.3333333333333333,1.4666666666666666,2.0,2.466666666666667,0.3333333333333333,0.3333333333333333,0.6666666666666666,0.8666666666666667,0.0,0.8,1.0,1.2,0.0,0.0,0.38,0.40800000000000003,0.23,0.30333333333333334,3.6666666666666665,4.533333333333333,1.0,1.2,2.3333333333333335,2.8666666666666667,65.66666666666667,54.93333333333333,87.0,76.6,248.33333333333334,215.4,1657.6666666666667,1656.6666666666667,1634.0,1629.9333333333334,60.0,52.7,63.8,56.666666666666664,1,skunk,85,57.41032404735192,27.58967595264808
131408,9211,http://live.fanfooty.com.au/game/matchcentre.html?id=9211,R1,2025,991939.0,Zaine,Cordy,SK,7.0,26.0,31,24.0,22.0,27.0,2.0,2.0,2.0,1.0,0.0,0.0,0.0,1.0,0.0,Full Time,switch,%P and %M plus %s... In defence on Thilthorpe... switched forward late in Q4,,,361400.0,,258800.0,,Back,21.0,0.0,0.0,0.0,0.35,0.37,0.44,354000.0,,,1.0,0.0,1.0,75.0,82.0,74.0,0.0,False,1862,1434,2,9211_SK,98.0,0,73.0,0,3.6666666666666665,4.866666666666666,2.0,3.533333333333333,2.6666666666666665,3.6,0.6666666666666666,1.6,0.0,0.4,0.0,0.3333333333333333,0.6666666666666666,0.6,0.6666666666666666,0.2,0.0,0.0,0.35,0.40599999999999997,0.37,0.4166666666666667,0.44,0.4586666666666666,1.3333333333333333,2.933333333333333,0.0,0.26666666666666666,1.3333333333333333,1.6,79.33333333333333,74.93333333333334,89.66666666666667,85.0,120.66666666666667,112.93333333333334,1387.6666666666667,1618.8,1896.6666666666667,1669.2666666666667,45.35,47.7,50.2,42.666666666666664,1,switch,31,65.14584530841528,-34.145845308415275
131457,9213,http://live.fanfooty.com.au/game/matchcentre.html?id=9213,R1,2025,993902.0,Matt,Flynn,WC,13.0,73.0,87,90.0,62.0,79.0,7.0,6.0,4.0,3.0,13.0,0.0,1.0,1.0,0.0,Full Time,sergeant,In ruck... %P and %M plus %T... %s as well,switch,Shifted forward in Q3 onto Collins,680900.0,0.0,491800.0,,,25.0,0.0,0.0,0.0,0.0,1.68,1.81,646000.0,,,8.0,4.0,1.0,69.0,85.0,141.0,0.0,False,1915,1367,2,9213_WC,98.0,0,73.0,1,3.3333333333333335,4.666666666666667,5.333333333333333,5.866666666666666,2.0,1.9333333333333333,3.3333333333333335,3.066666666666667,16.666666666666668,26.066666666666666,0.6666666666666666,1.0666666666666667,1.0,1.3333333333333333,0.3333333333333333,0.2,0.0,0.2,0.0,0.010666666666666666,1.68,0.608,1.81,0.7173333333333333,5.333333333333333,6.533333333333333,2.0,3.0,1.3333333333333333,2.2666666666666666,74.33333333333333,72.0,62.333333333333336,73.46666666666667,100.0,113.53333333333333,1394.3333333333333,1566.7333333333333,1895.0,1719.7333333333333,81.95,74.3,66.0,63.0,1,sergeant,87,83.063965849459,3.936034150541005
131499,9213,http://live.fanfooty.com.au/game/matchcentre.html?id=9213,R1,2025,1008882.0,Charlie,Ballard,GC,2.0,30.0,48,20.0,23.0,30.0,5.0,1.0,3.0,1.0,0.0,0.0,0.0,0.0,0.0,Full Time,injured,Subbed off at HT for Sexton after injuring a knee when landing after a mark late in Q2... %P including %K... also %M,subbed,In defence on Allen,528900.0,0.0,401900.0,,Back,10.0,11.0,43.45,0.0,0.0,0.12,0.2,517000.0,,,1.0,0.0,0.0,83.0,45.0,80.0,0.0,True,1367,1915,2,9213_GC,98.0,0,73.0,0,6.666666666666667,7.266666666666667,2.3333333333333335,4.333333333333333,4.0,4.466666666666667,0.6666666666666666,1.2,0.0,0.0,0.6666666666666666,0.26666666666666666,0.3333333333333333,0.8,0.3333333333333333,0.06666666666666667,0.0,0.0,0.0,0.0,0.12,0.12,0.2,0.2,2.6666666666666665,4.2,0.0,0.13333333333333333,1.0,1.9333333333333333,84.33333333333333,79.73333333333333,77.0,88.13333333333334,135.33333333333334,173.93333333333334,1675.6666666666667,1614.2,1567.6666666666667,1662.1333333333334,60.3,58.2,55.6,58.666666666666664,1,injured,48,42.526873741772576,5.473126258227424
131560,9215,http://live.fanfooty.com.au/game/matchcentre.html?id=9215,R2,2025,290085.0,Taylor,Duryea,WB,4.0,41.0,46,54.0,36.0,48.0,7.0,4.0,4.0,1.0,0.0,2.0,2.0,0.0,0.0,Full Time,guard,%M and %P... Playing a half back role,,,358000.0,0.0,,,Back,15.0,16.0,61.69,0.0,0.0,0.3,0.09,,,,5.0,0.0,3.0,63.0,76.0,221.0,1.0,False,1727,1576,3,9215_WB,99.0,0,71.0,0,6.666666666666667,8.733333333333333,4.0,4.8,4.0,4.866666666666666,2.3333333333333335,2.066666666666667,0.0,0.0,1.6666666666666667,0.8,1.0,0.5333333333333333,0.0,0.0,0.0,0.06666666666666667,0.0,0.0,0.3,0.3,0.09,0.09,3.6666666666666665,3.066666666666667,0.3333333333333333,0.4666666666666667,3.0,1.8666666666666667,71.66666666666667,76.53333333333333,76.0,80.26666666666667,201.33333333333334,254.6,1529.0,1661.4,1768.3333333333333,1627.3333333333333,55.55,56.2,59.4,48.333333333333336,1,guard,46,80.42526810950906,-34.42526810950906
131585,9215,http://live.fanfooty.com.au/game/matchcentre.html?id=9215,R2,2025,998647.0,Mason,Cox,CO,5.0,55.0,46,43.0,44.0,55.0,7.0,1.0,3.0,3.0,12.0,1.0,1.0,0.0,1.0,Full Time,concussed,Copped the left fist of Lobb straight to the head in Q4 leaving a big shiner... %H... also %P and %M plus %T... %s as well,ruckfwd,Playing a ruck/forward role,382800.0,0.0,,,Ruck,46.0,19.0,57.68,0.0,0.0,0.95,1.48,,,,3.0,0.0,2.0,50.0,52.0,216.0,1.0,True,1576,1727,3,9215_CO,99.0,0,71.0,0,5.0,4.6,2.3333333333333335,2.8,3.0,2.8666666666666667,2.3333333333333335,2.1333333333333333,12.0,14.133333333333333,1.0,1.6666666666666667,0.6666666666666666,1.2666666666666666,0.0,0.4,0.3333333333333333,0.4,0.0,0.0,0.95,0.95,1.48,1.48,4.0,5.466666666666667,0.0,1.4666666666666666,2.3333333333333335,2.6,59.333333333333336,61.86666666666667,57.333333333333336,65.6,125.66666666666667,103.33333333333333,1751.3333333333333,1659.8666666666666,1532.6666666666667,1619.8,57.85,53.7,57.6,52.0,1,concussed,46,70.41281883666366,-24.41281883666366
131631,9216,http://live.fanfooty.com.au/game/matchcentre.html?id=9216,R2,2025,1008230.0,Nick,Murray,AD,5.0,56.0,66,43.0,46.0,63.0,8.0,5.0,5.0,3.0,0.0,1.0,2.0,0.0,0.0,Full Time,job,%P and %M plus %T... In defence on Caddy,,,,,,,,9.0,0.0,0.0,0.0,0.04,0.15,0.17,,,,5.0,0.0,3.0,84.0,88.0,141.0,0.0,False,1401,1869,3,9216_AD,99.0,0,71.0,0,6.333333333333333,7.733333333333333,5.0,3.8666666666666667,4.0,5.066666666666666,2.6666666666666665,1.4666666666666666,0.0,0.0,0.6666666666666666,0.4666666666666667,1.3333333333333333,1.0,0.0,0.0,0.0,0.13333333333333333,0.04,0.19333333333333333,0.15,0.19,0.17,0.25333333333333335,4.0,3.933333333333333,0.3333333333333333,0.2,3.0,2.3333333333333335,87.0,80.53333333333333,87.66666666666667,83.93333333333334,161.66666666666666,254.8,1726.6666666666667,1696.4666666666667,1547.6666666666667,1586.9333333333334,65.55,63.1,52.8,57.333333333333336,1,job,66,54.8745359130357,11.1254640869643
131652,9217,http://live.fanfooty.com.au/game/matchcentre.html?id=9217,R2,2025,992128.0,Ryan,Burton,PA,12.0,67.0,78,85.0,58.0,76.0,9.0,8.0,7.0,1.0,0.0,1.0,1.0,0.0,1.0,Full Time,guard,%P and %M plus %s... Playing a HBF role,,,430000.0,0.0,,,Back,3.0,20.0,61.9,0.0,0.0,0.03,0.12,,,,3.0,0.0,1.0,88.0,76.0,225.0,0.0,False,1218,2054,3,9217_PA,99.0,0,71.0,1,11.666666666666666,12.6,6.0,4.266666666666667,5.0,4.333333333333333,0.6666666666666666,1.5333333333333334,0.0,0.0,1.3333333333333333,0.6,1.3333333333333333,0.8,0.3333333333333333,0.2,0.3333333333333333,0.26666666666666666,0.0,0.0,0.03,0.03,0.12,0.12,3.6666666666666665,3.4,0.3333333333333333,0.7333333333333333,2.0,2.2,75.66666666666667,73.86666666666666,64.33333333333333,78.66666666666667,350.0,405.6666666666667,1622.0,1630.8666666666666,1661.0,1656.8,71.9,68.7,74.0,66.0,1,guard,78,94.9067795949211,-16.906779594921105
131657,9217,http://live.fanfooty.com.au/game/matchcentre.html?id=9217,R2,2025,1004095.0,Jack,Lukosius,PA,0.0,0.0,0,0.0,0.0,0.0,0.0,0.0,0.0,0.0,0.0,0.0,0.0,0.0,0.0,Full Time,injured,Off early in Q1 with a right knee knock... returned after treatment then subbed off later in Q1 for Moraes,subbed,In attack on Miller,,,,,Forward,12.0,0.0,0.0,0.0,0.71,0.37,0.65,,,,0.0,0.0,0.0,0.0,3.0,0.0,1.0,True,1218,2054,3,9217_PA,99.0,0,71.0,0,5.0,7.4,1.0,2.8666666666666667,2.0,3.533333333333333,0.6666666666666666,1.4,0.0,1.0,0.0,0.5333333333333333,1.3333333333333333,0.6666666666666666,1.0,1.3333333333333333,0.3333333333333333,0.8666666666666667,0.71,0.71,0.37,0.37,0.65,0.65,2.3333333333333335,3.8666666666666667,0.0,0.2,2.0,2.2,47.666666666666664,64.26666666666667,55.0,74.93333333333334,158.0,208.66666666666666,1714.6666666666667,1631.1333333333334,1523.0,1643.2666666666667,62.05,52.1,36.8,37.0,1,injured,0,42.51124115215245,-42.51124115215245
131698,9218,http://live.fanfooty.com.au/game/matchcentre.html?id=9218,R2,2025,1002264.0,Hunter,Clark,SK,9.0,45.0,41,62.0,34.0,51.0,7.0,4.0,2.0,4.0,0.0,0.0,2.0,0.0,0.0,Full Time,injured,Right hip knock in Q2... reappeared in Q3 for a short while then not again... %P and %M plus %T,shovel,Starting in midfield,,,,,Back,11.0,0.0,0.0,0.0,0.22,0.19,0.12,,,,7.0,3.0,4.0,36.0,30.0,136.0,1.0,True,1526,1767,3,9218_SK,99.0,0,71.0,0,12.0,10.933333333333334,6.666666666666667,7.266666666666667,4.0,2.6,3.3333333333333335,3.8666666666666667,0.0,0.0,0.3333333333333333,0.5333333333333333,1.3333333333333333,1.0,0.0,0.06666666666666667,0.0,0.13333333333333333,0.22,0.672,0.19,0.85,0.12,0.272,7.333333333333333,8.933333333333334,3.3333333333333335,3.6,3.0,3.466666666666667,59.0,59.733333333333334,47.333333333333336,57.8,267.3333333333333,262.93333333333334,1714.3333333333333,1691.3333333333333,1553.0,1585.0,65.95,69.5,75.4,72.33333333333333,1,injured,41,53.033375712438094,-12.033375712438094
131747,9219,http://live.fanfooty.com.au/game/matchcentre.html?id=9219,R2,2025,997846.0,Conor,McKenna,BL,2.0,25.0,29,34.0,20.0,24.0,3.0,0.0,4.0,1.0,0.0,0.0,0.0,0.0,0.0,Full Time,guard,On in Q3 for Reville to play half back... %M and %P,sub,Started as the sub,435200.0,0.0,,,Back,26.0,17.0,65.0,0.0,0.0,0.43,0.23,,,,0.0,0.0,0.0,100.0,32.0,62.0,0.0,False,1363,1914,3,9219_BL,99.0,0,71.0,0,5.333333333333333,11.8,1.0,1.9333333333333333,2.0,4.666666666666667,0.3333333333333333,0.5333333333333333,0.0,0.0,0.3333333333333333,0.26666666666666666,0.0,0.26666666666666666,0.0,0.0,0.3333333333333333,0.2,0.0,0.0,0.43,0.43,0.23,0.23,1.6666666666666667,2.6666666666666665,0.3333333333333333,0.4,0.0,1.8666666666666667,83.33333333333333,71.33333333333333,40.0,68.0,189.0,294.1333333333333,1703.3333333333333,1759.1333333333334,1583.6666666666667,1526.2,54.75,40.5,35.2,32.333333333333336,1,guard,29,74.8683543810699,-45.868354381069906
131811,9220,http://live.fanfooty.com.au/game/matchcentre.html?id=9220,R2,2025,298281.0,Jake,Lever,ME,4.0,40.0,48,29.0,36.0,48.0,6.0,4.0,5.0,1.0,0.0,1.0,2.0,0.0,0.0,Full Time,sore,Ankle problem in Q3 and hobbled off... %M and %P,plusone,Playing loose off Zurhaar,426000.0,0.0,,,Back,8.0,11.0,59.82,0.0,0.0,0.29,0.78,,,,2.0,0.0,3.0,90.0,79.0,184.0,1.0,True,1793,1508,3,9220_ME,99.0,0,71.0,0,8.0,9.333333333333334,5.0,5.733333333333333,6.0,6.4,2.0,1.2,0.0,0.0,0.6666666666666666,0.7333333333333333,2.0,1.2,0.0,0.06666666666666667,0.0,0.0,0.0,0.0,0.29,0.29,0.78,0.78,2.0,5.066666666666666,0.0,0.2,2.3333333333333335,2.2,93.33333333333333,83.86666666666666,83.66666666666667,92.86666666666666,153.66666666666666,233.0,1670.6666666666667,1610.6666666666667,1625.0,1676.8666666666666,74.55,67.1,61.0,65.33333333333333,1,sore,48,80.47192384966758,-32.471923849667576
131837,9221,http://live.fanfooty.com.au/game/matchcentre.html?id=9221,R2,2025,1009410.0,Brandon,Walker,FR,1.0,12.0,19,14.0,10.0,15.0,2.0,3.0,0.0,0.0,0.0,0.0,0.0,0.0,0.0,Full Time,injured,Heavily-strapped left shoulder popped out again in Q2 under an innocuous Hayward bump... subbed off at HT for Draper... %P,subbed,Responsible for Papley,,,,,Back,31.0,0.0,0.0,0.0,0.49,0.1,0.39,,,,2.0,0.0,0.0,80.0,34.0,66.0,1.0,True,1622,1665,3,9221_FR,99.0,0,71.0,0,5.0,8.933333333333334,4.0,5.666666666666667,1.0,3.6,3.3333333333333335,2.2666666666666666,0.0,0.0,1.3333333333333333,0.9333333333333333,0.6666666666666666,0.8,0.0,0.06666666666666667,0.0,0.0,0.49,0.49,0.1,0.1,0.39,0.39,4.333333333333333,4.866666666666666,0.3333333333333333,0.6666666666666666,1.6666666666666667,2.3333333333333335,79.33333333333333,76.26666666666667,69.66666666666667,81.33333333333333,123.0,204.13333333333333,1583.3333333333333,1663.2666666666667,1699.0,1619.4666666666667,59.2,60.6,58.4,49.666666666666664,1,injured,19,40.968307256136626,-21.968307256136626
131846,9221,http://live.fanfooty.com.au/game/matchcentre.html?id=9221,R2,2025,996765.0,Tom,Papley,SY,9.0,69.0,69,32.0,54.0,77.0,15.0,4.0,4.0,2.0,0.0,0.0,2.0,0.0,2.0,Full Time,sore,Right shoulder knock very early in Q1... %s from %P and %M plus %T,pocket,Starting deep forward on Walker then got Chapman in Q2,,,,,Forward,11.0,0.0,0.0,0.0,0.44,0.3,0.9,,,,8.0,1.0,3.0,63.0,84.0,399.0,0.0,True,1665,1622,3,9221_SY,99.0,0,71.0,0,8.333333333333334,10.8,5.0,3.533333333333333,2.3333333333333335,3.533333333333333,1.0,1.1333333333333333,0.0,0.0,1.0,0.6666666666666666,2.3333333333333335,1.0666666666666667,0.3333333333333333,1.6666666666666667,1.0,1.4,0.44,0.44,0.3,0.3,0.9,0.9,7.333333333333333,6.333333333333333,1.0,1.8,4.0,2.466666666666667,73.0,61.53333333333333,82.66666666666667,81.6,210.66666666666666,289.1333333333333,1622.6666666666667,1678.4,1666.0,1606.2,72.05,75.5,51.8,52.666666666666664,1,sore,69,81.21093288389116,-12.21093288389116
131862,9222,http://live.fanfooty.com.au/game/matchcentre.html?id=9222,R3,2025,1006103.0,Jye,Caldwell,ES,19.0,100.0,84,128.0,79.0,106.0,11.0,12.0,7.0,5.0,0.0,1.0,0.0,0.0,1.0,Full Time,hot,%P and %M plus %T... %s as well,shovel,Playing inside midfield,,,,,Midfielder,6.0,0.0,0.0,0.0,0.84,0.56,0.89,,,,10.0,3.0,3.0,69.0,77.0,293.0,0.0,False,1543,1748,4,9222_ES,98.0,0,73.0,1,13.0,12.666666666666666,15.666666666666666,12.933333333333334,5.333333333333333,4.333333333333333,6.333333333333333,7.066666666666666,0.0,0.0,1.0,1.5333333333333334,1.0,1.6,0.6666666666666666,0.5333333333333333,0.6666666666666666,0.5333333333333333,0.84,0.84,0.56,0.56,0.89,0.89,12.666666666666666,10.466666666666667,5.0,4.6,4.333333333333333,4.466666666666667,69.0,70.0,74.33333333333333,78.4,375.0,355.2,1568.0,1644.2,1704.6666666666667,1640.4666666666667,97.15,95.4,97.2,110.33333333333333,1,hot,84,97.18205165417787,-13.182051654177869
131873,9222,http://live.fanfooty.com.au/game/matchcentre.html?id=9222,R3,2025,1011954.0,Nick,Bryan,ES,11.0,67.0,79,81.0,57.0,69.0,8.0,4.0,2.0,2.0,21.0,3.0,1.0,0.0,0.0,Full Time,ruck,%H... also %P and %T... umps paid him %4FF... First ruck with support by Draper,,,,,,,Ruck,24.0,0.0,0.0,0.0,0.13,0.08,0.26,,,,5.0,1.0,1.0,100.0,79.0,177.0,0.0,False,1543,1748,4,9222_ES,98.0,0,73.0,1,9.333333333333334,6.8,2.6666666666666665,4.066666666666666,2.3333333333333335,2.4,2.3333333333333335,2.1333333333333333,24.333333333333332,20.466666666666665,1.0,0.8666666666666667,0.6666666666666666,0.2,0.0,0.06666666666666667,0.3333333333333333,0.2,0.13,0.2886666666666667,0.08,0.41133333333333333,0.26,0.18533333333333335,5.0,4.933333333333334,2.6666666666666665,2.2,0.6666666666666666,1.2,73.33333333333333,71.2,70.66666666666667,62.06666666666667,226.0,177.6,1568.0,1614.9333333333334,1704.6666666666667,1667.9333333333334,64.35,73.5,74.6,75.0,1,ruck,79,77.2141457146232,1.7858542853768
131904,9222,http://live.fanfooty.com.au/game/matchcentre.html?id=9222,R3,2025,998529.0,Ivan,Soldo,PA,2.0,26.0,35,20.0,23.0,30.0,3.0,2.0,1.0,1.0,9.0,0.0,1.0,0.0,0.0,Full Time,ruckfwd,Subbed off at 3QT for Cochrane... %H... also %P,subbed,Playing a forward/ruck role on Reid then got McKay in Q1,,,,,Ruck,13.0,0.0,0.0,0.0,1.06,1.16,1.61,,,,3.0,1.0,2.0,80.0,60.0,38.0,1.0,True,1748,1543,4,9222_PA,98.0,0,73.0,0,5.333333333333333,5.8,2.6666666666666665,3.8666666666666667,2.3333333333333335,2.6666666666666665,1.6666666666666667,3.066666666666667,19.666666666666668,24.0,0.6666666666666666,1.3333333333333333,2.0,1.6,0.3333333333333333,0.6666666666666666,0.6666666666666666,0.4666666666666667,1.06,0.932,1.16,1.036,1.61,1.3259999999999998,4.0,5.4,2.6666666666666665,3.1333333333333333,3.0,3.1333333333333333,58.666666666666664,67.46666666666667,73.33333333333333,78.73333333333333,84.66666666666667,105.26666666666667,1547.0,1626.4666666666667,1744.3333333333333,1662.2,77.0,78.6,65.4,60.333333333333336,1,ruckfwd,35,80.44206565966775,-45.44206565966775
131925,9223,http://live.fanfooty.com.au/game/matchcentre.html?id=9223,R3,2025,1002795.0,Jordan,Boyd,CA,2.0,37.0,39,48.0,29.0,39.0,6.0,3.0,3.0,1.0,0.0,0.0,0.0,0.0,0.0,Full Time,guard,On in Q2 for Williams... %M and %P,sub,Started as the sub,,,,,Back,37.0,0.0,0.0,0.0,0.49,0.32,0.11,,,,2.0,0.0,0.0,88.0,55.0,202.0,0.0,False,1735,1545,4,9223_CA,98.0,0,73.0,0,6.333333333333333,10.0,1.3333333333333333,3.066666666666667,3.3333333333333335,3.6,0.6666666666666666,1.8666666666666667,0.0,0.0,0.0,0.5333333333333333,0.6666666666666666,0.6666666666666666,0.0,0.06666666666666667,0.3333333333333333,0.13333333333333333,0.49,0.49,0.32,0.32,0.11,0.11,1.3333333333333333,2.8,0.0,0.3333333333333333,2.0,2.066666666666667,50.666666666666664,71.93333333333334,58.0,76.8,176.0,279.6,1572.3333333333333,1662.6,1705.6666666666667,1620.6,59.6,46.5,32.2,25.666666666666668,1,guard,39,80.59828418096065,-41.59828418096065
131926,9223,http://live.fanfooty.com.au/game/matchcentre.html?id=9223,R3,2025,1017255.0,Francis,Evans,CA,1.0,21.0,33,29.0,18.0,27.0,5.0,2.0,1.0,1.0,0.0,1.0,2.0,0.0,0.0,Full Time,pocket,%P including %K... Playing deep forward,,,,,,,Forward,44.0,0.0,0.0,0.0,0.04,0.05,0.09,,,,4.0,1.0,2.0,57.0,61.0,167.0,1.0,False,1735,1545,4,9223_CA,98.0,0,73.0,0,4.666666666666667,5.666666666666667,1.3333333333333333,2.8666666666666667,1.6666666666666667,2.3333333333333335,3.0,2.6,0.0,0.0,1.0,0.7333333333333333,1.0,0.7333333333333333,0.0,0.6,0.0,0.4666666666666667,0.04,0.04,0.05,0.05,0.09,0.09,3.6666666666666665,4.0,0.6666666666666666,0.4666666666666667,2.3333333333333335,1.6666666666666667,42.333333333333336,58.8,65.66666666666667,58.86666666666667,119.66666666666667,162.4,1523.3333333333333,1702.6,1764.3333333333333,1585.2666666666667,48.5,49.5,39.8,31.666666666666668,1,pocket,33,54.30446046502577,-21.30446046502577
131947,9223,http://live.fanfooty.com.au/game/matchcentre.html?id=9223,R3,2025,1005000.0,Laitham,Vandermeer,WB,9.0,38.0,52,30.0,35.0,51.0,5.0,6.0,1.0,3.0,0.0,2.0,4.0,1.0,0.0,Full Time,wing,%s from %P and %T... gave away %F... Rotating at half forward,,,,,,,Forward,23.0,0.0,0.0,0.0,0.18,0.07,0.1,,,,6.0,0.0,5.0,81.0,76.0,144.0,1.0,False,1545,1735,4,9223_WB,98.0,0,73.0,0,6.666666666666667,5.4,7.0,5.2,2.6666666666666665,2.8666666666666667,2.3333333333333335,1.8666666666666667,0.0,0.0,1.6666666666666667,0.6,2.0,0.9333333333333333,1.6666666666666667,0.4666666666666667,0.3333333333333333,0.3333333333333333,0.18,0.18,0.07,0.07,0.1,0.1,7.333333333333333,4.0,0.3333333333333333,0.2,3.0,2.1333333333333333,75.66666666666667,72.46666666666667,78.0,70.13333333333334,191.66666666666666,184.06666666666666,1647.0,1660.6666666666667,1645.3333333333333,1625.3333333333333,51.35,55.3,62.6,78.33333333333333,1,wing,52,55.878038023375524,-3.878038023375524
131966,9224,http://live.fanfooty.com.au/game/matchcentre.html?id=9224,R3,2025,296351.0,Jack,Billings,ME,4.0,47.0,49,58.0,38.0,54.0,5.0,9.0,2.0,2.0,0.0,0.0,0.0,0.0,0.0,Full Time,wing,%P and %M plus %T... Playing a wing role on Clohesy,,,,,,,Midfielder,14.0,0.0,0.0,0.0,24.45,23.11,3.23,,,,5.0,1.0,2.0,78.0,90.0,179.0,1.0,False,1743,1538,4,9224_ME,98.0,0,73.0,0,8.666666666666666,10.066666666666666,9.0,6.8,3.3333333333333335,5.0,1.3333333333333333,1.8666666666666667,0.0,0.0,0.0,0.6666666666666666,0.0,0.26666666666666666,0.3333333333333333,0.26666666666666666,0.3333333333333333,0.5333333333333333,24.45,24.45,23.11,23.11,3.23,3.23,5.333333333333333,4.466666666666667,1.6666666666666667,0.8,2.0,2.066666666666667,78.0,68.4,88.66666666666667,73.4,257.3333333333333,267.3333333333333,1593.3333333333333,1603.9333333333334,1683.3333333333333,1681.5333333333333,65.8,58.9,62.8,69.0,1,wing,49,66.76863103342427,-17.76863103342427
131994,9224,http://live.fanfooty.com.au/game/matchcentre.html?id=9224,R3,2025,297456.0,Nick,Holman,GC,2.0,30.0,32,25.0,25.0,34.0,3.0,5.0,2.0,1.0,0.0,0.0,0.0,0.0,1.0,Full Time,wing,Subbed off at 3QT for Rogers... %s from %P and %M,subbed,Starting forward,371100.0,0.0,,,Forward,7.0,21.0,64.62,0.0,0.0,0.08,0.06,,,,3.0,1.0,1.0,75.0,57.0,121.0,1.0,True,1538,1743,4,9224_GC,98.0,0,73.0,0,5.0,5.133333333333334,8.0,7.266666666666667,1.3333333333333333,1.7333333333333334,3.0,3.7333333333333334,0.0,0.0,1.0,0.8,0.0,0.8,0.0,0.4,0.6666666666666666,0.4,0.0,0.0,0.08,0.08,0.06,0.06,5.666666666666667,4.8,1.0,0.8666666666666667,1.3333333333333333,1.8666666666666667,65.66666666666667,74.2,73.33333333333333,80.06666666666666,124.66666666666667,171.26666666666668,1769.3333333333333,1611.0666666666666,1472.0,1667.0666666666666,53.7,61.6,56.4,54.666666666666664,1,wing,32,55.79763192598797,-23.79763192598797
132037,9225,http://live.fanfooty.com.au/game/matchcentre.html?id=9225,R3,2025,1008478.0,Rhyan,Mansell,RI,3.0,36.0,34,27.0,27.0,37.0,5.0,3.0,2.0,2.0,0.0,0.0,0.0,0.0,1.0,Full Time,wing,%P and %M plus %T... %s as well... Playing a pressure forward role,,,,,,,Back,7.0,0.0,0.0,0.0,0.09,0.19,0.12,,,,4.0,0.0,0.0,50.0,73.0,130.0,0.0,False,1845,1462,4,9225_RI,98.0,0,73.0,0,8.0,7.4,3.3333333333333335,3.0,2.0,3.0,3.3333333333333335,3.4,0.0,0.0,1.3333333333333333,0.8666666666666667,0.0,0.3333333333333333,0.3333333333333333,1.1333333333333333,1.3333333333333333,0.6666666666666666,0.09,0.09,0.19,0.19,0.12,0.12,6.333333333333333,4.466666666666667,0.6666666666666666,0.3333333333333333,1.0,1.7333333333333334,70.66666666666667,66.53333333333333,73.0,76.13333333333334,273.0,220.06666666666666,1433.0,1465.2,1852.0,1810.2,59.1,64.0,58.4,63.333333333333336,1,wing,34,60.49271640618595,-26.49271640618595
132045,9226,http://live.fanfooty.com.au/game/matchcentre.html?id=9226,R3,2025,1008550.0,Will,Day,HW,15.0,83.0,103,100.0,71.0,96.0,10.0,14.0,3.0,2.0,0.0,2.0,1.0,1.0,3.0,Full Time,x-factor,His score involvements in Q2 were the catalyst for the victory... %P and %M plus %T... %s as well,shovel,In central midfield,,,,,Back,12.0,0.0,0.0,0.0,0.49,0.77,1.16,,,,17.0,5.0,4.0,62.0,79.0,461.0,0.0,False,1558,1723,4,9226_HW,98.0,1,73.0,1,10.666666666666666,9.533333333333333,11.333333333333334,10.666666666666666,3.0,2.6,3.6666666666666665,4.533333333333333,0.0,0.0,1.6666666666666667,1.4,2.3333333333333335,1.2,0.6666666666666666,0.4,1.3333333333333333,0.4666666666666667,0.49,0.49,0.77,0.77,1.16,1.16,12.0,8.466666666666667,4.0,3.8666666666666667,4.666666666666667,2.533333333333333,66.0,75.4,78.66666666666667,70.2,370.3333333333333,306.6,1740.3333333333333,1731.7333333333333,1534.6666666666667,1552.5333333333333,93.15,83.9,82.8,85.33333333333333,1,x-factor,103,91.88337614070424,11.116623859295757
132046,9226,http://live.fanfooty.com.au/game/matchcentre.html?id=9226,R3,2025,1007124.0,Conor,Nash,HW,20.0,82.0,78,111.0,59.0,84.0,11.0,6.0,4.0,7.0,0.0,0.0,1.0,0.0,0.0,Full Time,shovel,%P and %M plus %T... Playing defensive inside midfield,,,155900.0,0.0,,,Midfielder,11.0,2.0,67.5,0.0,0.0,0.14,0.19,,,,2.0,2.0,4.0,82.0,82.0,406.0,0.0,False,1558,1723,4,9226_HW,98.0,0,73.0,1,9.666666666666666,8.333333333333334,8.666666666666666,11.0,3.3333333333333335,2.533333333333333,8.0,5.666666666666667,0.3333333333333333,1.4,0.3333333333333333,1.0,1.0,1.2666666666666666,0.0,0.06666666666666667,0.3333333333333333,0.13333333333333333,0.0,0.0,0.14,0.14,0.19,0.19,5.333333333333333,8.2,3.3333333333333335,4.733333333333333,4.0,3.466666666666667,70.66666666666667,70.46666666666667,78.66666666666667,74.73333333333333,317.3333333333333,240.8,1740.3333333333333,1763.0,1534.6666666666667,1521.9333333333334,76.8,77.3,84.2,76.66666666666667,1,shovel,78,62.470144009661986,15.529855990338014
132079,9226,http://live.fanfooty.com.au/game/matchcentre.html?id=9226,R3,2025,291969.0,Stephen,Coniglio,WS,7.0,47.0,53,24.0,37.0,57.0,10.0,5.0,1.0,3.0,0.0,1.0,3.0,0.0,0.0,Full Time,wing,%P and %T... gave away %F... Playing an outside game against D'Ambrosio,,,680200.0,0.0,,,Midfielder,3.0,20.0,108.3,0.0,0.0,0.77,0.84,,,,5.0,1.0,6.0,66.0,83.0,199.0,0.0,False,1723,1558,4,9226_WS,98.0,0,73.0,0,8.0,10.266666666666667,5.0,7.466666666666667,2.0,1.4666666666666666,2.3333333333333335,3.1333333333333333,0.0,0.0,0.6666666666666666,0.8666666666666667,1.0,1.2666666666666666,1.0,0.4666666666666667,0.0,0.3333333333333333,0.0,0.0,0.77,0.77,0.84,0.84,4.333333333333333,6.2,1.6666666666666667,3.4,2.6666666666666665,3.7333333333333334,77.0,64.86666666666666,83.0,73.73333333333333,160.0,258.73333333333335,1655.6666666666667,1679.8666666666666,1628.0,1606.5333333333333,75.75,57.1,50.2,62.333333333333336,1,wing,53,70.55196006762023,-17.55196006762023
132082,9226,http://live.fanfooty.com.au/game/matchcentre.html?id=9226,R3,2025,290314.0,Lachlan,Keeffe,WS,4.0,36.0,47,31.0,31.0,40.0,3.0,5.0,0.0,2.0,10.0,2.0,1.0,0.0,0.0,Full Time,ruck,%P and %T... First ruck,,,211400.0,0.0,,,Back,25.0,6.0,42.5,0.0,0.0,0.09,0.15,,,,5.0,2.0,2.0,75.0,60.0,103.0,1.0,False,1723,1558,4,9226_WS,98.0,0,73.0,0,6.333333333333333,3.8,3.3333333333333335,3.8,0.3333333333333333,1.5333333333333334,4.333333333333333,2.7333333333333334,12.0,12.6,1.3333333333333333,0.7333333333333333,2.6666666666666665,1.2666666666666666,0.3333333333333333,0.2,0.0,0.4,0.0,0.0,0.09,0.19266666666666657,0.15,0.12199999999999975,5.333333333333333,4.666666666666667,2.6666666666666665,1.4,4.0,2.4,63.333333333333336,62.2,71.0,68.4,168.0,101.4,1655.6666666666667,1711.7333333333333,1628.0,1573.5333333333333,46.05,56.1,63.2,59.333333333333336,1,ruck,47,65.60244520280577,-18.602445202805768
132106,9227,http://live.fanfooty.com.au/game/matchcentre.html?id=9227,R3,2025,1017051.0,Josh,Rachele,AD,2.0,27.0,26,36.0,21.0,27.0,4.0,1.0,3.0,1.0,0.0,0.0,0.0,0.0,0.0,Full Time,injured,Copped a very solid Xerri knee to the right ribs in Q1... subbed off for Draper in Q2... %P including %K... also %M,subbed,Rotating forward and midfield,,,,,Forward,8.0,0.0,0.0,0.0,6.69,1.44,4.71,,,,0.0,0.0,1.0,80.0,14.0,122.0,1.0,True,1536,1746,4,9227_AD,98.0,0,73.0,0,9.666666666666666,8.733333333333333,4.333333333333333,3.933333333333333,5.333333333333333,3.6,1.0,2.466666666666667,0.0,0.0,0.0,0.3333333333333333,0.6666666666666666,0.8,2.0,1.6,1.3333333333333333,0.9333333333333333,6.69,6.69,1.44,1.44,4.71,4.71,3.6666666666666665,4.6,1.3333333333333333,0.9333333333333333,2.0,2.533333333333333,74.66666666666667,70.13333333333334,58.0,76.73333333333333,281.3333333333333,257.3333333333333,1825.6666666666667,1698.4,1457.0,1586.3333333333333,66.55,68.0,64.6,73.66666666666667,1,injured,26,49.47067191383898,-23.470671913838977
132128,9227,http://live.fanfooty.com.au/game/matchcentre.html?id=9227,R3,2025,1012829.0,Will,Phillips,NM,4.0,42.0,48,36.0,34.0,48.0,4.0,8.0,2.0,2.0,0.0,0.0,0.0,0.0,0.0,Full Time,shovel,%P and %M plus %T... Rotating in midfield,,,,,,,Midfielder,29.0,0.0,0.0,0.0,0.04,0.13,0.16,,,,6.0,3.0,3.0,75.0,69.0,167.0,1.0,False,1746,1536,4,9227_NM,98.0,0,73.0,0,3.0,5.133333333333334,8.0,9.066666666666666,2.3333333333333335,2.2,3.6666666666666665,4.6,0.0,0.0,0.3333333333333333,0.8,0.3333333333333333,0.5333333333333333,0.0,0.13333333333333333,0.0,0.0,0.04,3.2493333333333334,0.13,3.3953333333333333,0.16,2.700666666666667,5.0,5.733333333333333,2.3333333333333335,2.533333333333333,1.6666666666666667,1.6666666666666667,81.66666666666667,79.4,58.0,66.8,108.66666666666667,144.8,1664.3333333333333,1644.0666666666666,1628.0,1635.5333333333333,62.6,63.9,65.8,50.666666666666664,1,shovel,48,47.195430744420364,0.8045692555796364
132134,9228,http://live.fanfooty.com.au/game/matchcentre.html?id=9228,R3,2025,294859.0,Jeremy,McGovern,WC,13.0,67.0,103,90.0,57.0,75.0,12.0,3.0,9.0,1.0,0.0,0.0,2.0,0.0,0.0,Full Time,injured,Limped off in Q3 with right groin injury and did not return... %P including %K... also %M,job,Zoning off Voss,,,,,Back,20.0,0.0,0.0,0.0,0.35,0.34,0.44,,,,4.0,0.0,3.0,93.0,57.0,249.0,1.0,True,1837,1451,4,9228_WC,98.0,1,73.0,1,12.333333333333334,14.333333333333334,5.666666666666667,5.533333333333333,4.333333333333333,5.333333333333333,1.3333333333333333,1.4,0.0,0.13333333333333333,0.3333333333333333,0.6,1.0,0.5333333333333333,0.0,0.06666666666666667,0.0,0.06666666666666667,0.35,0.35,0.34,0.34,0.44,0.44,4.0,5.866666666666666,0.0,0.2,2.3333333333333335,2.0,82.0,85.26666666666667,78.33333333333333,82.4,334.0,466.8,1393.6666666666667,1472.3333333333333,1888.6666666666667,1815.0,106.4,107.5,106.6,95.33333333333333,1,injured,103,78.09724711668966,24.90275288331034
132147,9228,http://live.fanfooty.com.au/game/matchcentre.html?id=9228,R3,2025,1023496.0,Noah,Long,WC,4.0,38.0,30,46.0,34.0,45.0,4.0,7.0,4.0,0.0,0.0,0.0,0.0,0.0,0.0,Full Time,wing,%P and %M... Playing a half forward role,,,,,,,Midfielder,13.0,0.0,0.0,0.0,0.22,0.14,0.32,,,,3.0,1.0,2.0,81.0,85.0,184.0,0.0,False,1837,1451,4,9228_WC,98.0,0,73.0,0,3.0,5.133333333333334,5.0,5.533333333333333,1.6666666666666667,2.533333333333333,1.0,2.1333333333333333,0.0,0.0,0.0,0.26666666666666666,0.3333333333333333,0.4,0.0,0.2,0.3333333333333333,0.6666666666666666,0.22,0.6,0.14,0.6133333333333333,0.32,0.7966666666666666,2.6666666666666665,4.0,0.6666666666666666,0.6666666666666666,2.0,1.5333333333333334,77.33333333333333,72.2,83.33333333333333,79.33333333333333,112.0,141.66666666666666,1393.6666666666667,1526.2666666666667,1888.6666666666667,1755.8,47.3,42.9,34.8,29.666666666666668,1,wing,30,50.58607480675703,-20.586074806757033
132166,9228,http://live.fanfooty.com.au/game/matchcentre.html?id=9228,R3,2025,1020250.0,Neil,Erasmus,FR,8.0,61.0,80,44.0,53.0,73.0,8.0,10.0,5.0,1.0,0.0,0.0,1.0,0.0,1.0,Full Time,shovel,%P and %M plus %s... Rotating in midfield,,,,,,,Midfielder,28.0,0.0,0.0,0.0,0.71,0.69,0.54,,,,6.0,4.0,1.0,83.0,65.0,223.0,0.0,False,1451,1837,4,9228_FR,98.0,0,73.0,1,7.333333333333333,7.2,7.666666666666667,6.466666666666667,3.3333333333333335,3.4,2.0,2.8,0.0,0.0,1.0,0.8666666666666667,1.3333333333333333,1.1333333333333333,0.0,0.06666666666666667,0.6666666666666666,0.2,0.71,1.09,0.69,0.89,0.54,1.1,4.0,4.133333333333334,2.0,1.7333333333333334,2.3333333333333335,2.4,67.0,66.2,59.0,57.333333333333336,254.33333333333334,212.6,1696.3333333333333,1648.0,1585.0,1632.6,47.3,42.7,42.2,56.0,1,shovel,80,40.66381084725262,39.33618915274738
132176,9229,http://live.fanfooty.com.au/game/matchcentre.html?id=9229,R4,2025,1000860.0,Lachie,Schultz,CO,31.0,107.0,117,139.0,84.0,109.0,11.0,7.0,7.0,7.0,0.0,1.0,1.0,2.0,1.0,Full Time,medal,Had a wonderful Q3 as the Pies surged... won the medal for the game... %P and %M plus %T... %s as well,wing,Playing a half forward role on Saad,,,,,,8.0,0.0,0.0,0.0,1.11,1.21,1.47,,,,7.0,2.0,5.0,61.0,84.0,419.0,0.0,False,1581,1719,5,9229_CO,100.0,1,72.0,1,9.0,7.4,8.333333333333334,6.133333333333334,5.666666666666667,3.8666666666666667,7.0,4.066666666666666,0.0,0.0,1.6666666666666667,0.8,1.0,0.8666666666666667,1.6666666666666667,1.2666666666666666,0.6666666666666666,1.0,1.11,1.11,1.21,1.21,1.47,1.47,7.666666666666667,4.866666666666666,1.6666666666666667,1.0,3.3333333333333335,2.933333333333333,75.0,62.8,83.0,80.46666666666667,259.6666666666667,218.13333333333333,1762.0,1632.8,1532.3333333333333,1650.8,66.5,72.2,78.4,104.33333333333333,1,medal,117,70.85065420942269,46.149345790577314
132181,9229,http://live.fanfooty.com.au/game/matchcentre.html?id=9229,R4,2025,994295.0,Dan,Houston,CO,9.0,80.0,103,103.0,61.0,85.0,17.0,6.0,4.0,1.0,0.0,0.0,0.0,0.0,1.0,Full Time,mrp,Off the ball hip-and-shoulder on Fogarty in Q2 will be scrutinised... %P including %K... also %M... and kicked %s,spitter,Spitting from half back on Nick Daicos,442200.0,0.0,,,Back,9.0,21.0,72.71,0.0,0.0,4.45,1.96,,,,7.0,2.0,0.0,69.0,81.0,463.0,1.0,False,1581,1719,5,9229_CO,100.0,1,72.0,1,13.666666666666666,16.333333333333332,8.0,6.466666666666667,3.0,4.666666666666667,2.6666666666666665,3.2666666666666666,0.0,0.0,0.3333333333333333,0.9333333333333333,0.6666666666666666,0.5333333333333333,0.3333333333333333,0.2,0.3333333333333333,0.2,0.0,0.0,4.45,4.45,1.96,1.96,6.333333333333333,5.333333333333333,1.3333333333333333,1.2,1.6666666666666667,2.0,81.0,80.06666666666666,79.66666666666667,82.4,339.0,439.6,1762.0,1717.4666666666667,1532.3333333333333,1574.1333333333334,105.6,102.4,108.4,105.33333333333333,1,mrp,103,87.80054402537425,15.19945597462575
132192,9229,http://live.fanfooty.com.au/game/matchcentre.html?id=9229,R4,2025,994185.0,Jordan,De Goey,CO,10.0,41.0,79,53.0,38.0,51.0,5.0,3.0,3.0,2.0,0.0,0.0,3.0,2.0,0.0,Full Time,shovel,Subbed off at 3QT for Long... %P and %M plus %T... %s as well... gave away %F,subbed,Playing in midfield,564000.0,0.0,,,Midfielder,2.0,16.0,82.69,0.0,0.0,2.46,2.13,,,,5.0,0.0,3.0,87.0,62.0,204.0,1.0,True,1581,1719,5,9229_CO,100.0,0,72.0,1,7.0,10.733333333333333,4.666666666666667,8.866666666666667,3.3333333333333335,3.8,2.3333333333333335,3.4,0.0,0.0,1.0,1.0666666666666667,1.3333333333333333,1.6666666666666667,1.3333333333333333,0.8,1.3333333333333333,0.8,0.0,0.21866666666666665,2.46,2.46,2.13,2.13,5.333333333333333,8.466666666666667,0.3333333333333333,3.6,2.0,4.266666666666667,78.66666666666667,66.13333333333334,66.0,80.2,243.66666666666666,365.0,1666.6666666666667,1571.1333333333334,1624.3333333333333,1712.4,82.5,84.5,79.2,74.33333333333333,1,shovel,79,59.93239117925515,19.06760882074485
132202,9229,http://live.fanfooty.com.au/game/matchcentre.html?id=9229,R4,2025,296294.0,Blake,Acres,CA,21.0,104.0,123,85.0,83.0,117.0,11.0,19.0,4.0,5.0,0.0,1.0,0.0,0.0,0.0,Full Time,hot,%P and %M plus %T,wing,Starting on a wing,,,,,Midfielder,13.0,0.0,0.0,0.0,0.22,0.44,0.4,,,,12.0,3.0,1.0,56.0,84.0,235.0,0.0,False,1719,1581,5,9229_CA,100.0,1,72.0,1,9.666666666666666,11.666666666666666,8.666666666666666,9.466666666666667,3.0,5.0,3.3333333333333335,2.4,0.0,0.0,1.6666666666666667,0.8,1.0,0.8,0.0,0.5333333333333333,0.0,0.4,0.22,0.22,0.44,0.44,0.4,0.4,6.0,7.0,1.0,1.2666666666666666,3.3333333333333335,3.466666666666667,46.333333333333336,61.666666666666664,84.66666666666667,84.8,282.0,374.1333333333333,1539.0,1641.6,1750.0,1639.2,83.35,74.0,63.4,59.0,1,hot,123,82.05396264635218,40.946037353647824
132211,9229,http://live.fanfooty.com.au/game/matchcentre.html?id=9229,R4,2025,997316.0,Lewis,Young,CA,11.0,64.0,67,63.0,49.0,64.0,5.0,5.0,4.0,5.0,7.0,0.0,0.0,0.0,0.0,Full Time,switch,%P and %M plus %T... In attack on Moore with ruck support... switched back late in Q4 when it was all over,,,,,,,Back,33.0,0.0,0.0,0.0,0.27,0.09,0.11,,,,2.0,1.0,1.0,60.0,79.0,56.0,0.0,False,1719,1581,5,9229_CA,100.0,0,72.0,0,5.0,7.333333333333333,3.6666666666666665,4.333333333333333,4.333333333333333,5.2,3.3333333333333335,1.7333333333333334,6.666666666666667,3.933333333333333,0.3333333333333333,0.5333333333333333,0.6666666666666666,0.6666666666666666,0.6666666666666666,0.2,0.3333333333333333,0.26666666666666666,0.27,0.22400000000000003,0.09,0.10200000000000001,0.11,0.142,2.3333333333333335,3.8,0.3333333333333333,0.4666666666666667,2.0,1.4666666666666666,53.0,66.8,84.33333333333333,88.73333333333333,105.66666666666667,164.26666666666668,1539.0,1679.3333333333333,1750.0,1597.3333333333333,63.0,60.1,67.6,59.333333333333336,1,switch,67,77.23701260125713,-10.237012601257135
132219,9229,http://live.fanfooty.com.au/game/matchcentre.html?id=9229,R4,2025,1021353.0,Lachlan,Cowan,CA,1.0,10.0,15,14.0,6.0,9.0,0.0,1.0,0.0,2.0,0.0,0.0,0.0,0.0,0.0,Full Time,injured,Off early in Q1 with a hamstring injury and subbed off for Moir... %T,subbed,Minding Hill,,,,,,2.0,0.0,0.0,0.0,0.0,0.19,0.43,,,,1.0,0.0,0.0,0.0,15.0,-2.0,1.0,True,1719,1581,5,9229_CA,100.0,0,72.0,0,4.333333333333333,8.066666666666666,3.3333333333333335,4.266666666666667,2.3333333333333335,3.8,2.6666666666666665,3.1333333333333333,0.0,0.0,0.6666666666666666,0.7333333333333333,0.6666666666666666,0.7333333333333333,0.0,0.13333333333333333,0.0,0.0,0.0,0.0,0.19,0.19,0.43,0.43,3.6666666666666665,4.333333333333333,1.6666666666666667,0.8666666666666667,0.6666666666666666,1.6,49.0,69.13333333333334,58.666666666666664,77.6,106.0,204.46666666666667,1539.0,1632.3333333333333,1750.0,1650.3333333333333,58.85,56.4,52.0,41.333333333333336,1,injured,15,40.24402346713436,-25.24402346713436
132223,9230,http://live.fanfooty.com.au/game/matchcentre.html?id=9230,R4,2025,291800.0,Tom,Stewart,GE,19.0,108.0,118,142.0,85.0,108.0,21.0,3.0,11.0,1.0,0.0,2.0,0.0,0.0,0.0,Full Time,heart,Tweak to his already-strapped right knee in Q2 but played on... %P including %K... also %M,plusone,Loose behind the ball,391100.0,0.0,,,Back,44.0,20.0,77.8,0.0,0.0,27.62,18.38,,,,5.0,0.0,1.0,91.0,80.0,437.0,1.0,True,1409,1892,5,9230_GE,100.0,1,72.0,1,19.666666666666668,16.533333333333335,3.3333333333333335,5.733333333333333,9.0,7.133333333333334,1.3333333333333333,3.066666666666667,0.0,0.0,1.6666666666666667,1.2,1.3333333333333333,0.9333333333333333,0.0,0.06666666666666667,0.0,0.13333333333333333,0.0,0.0,27.62,27.62,18.38,18.38,7.0,8.133333333333333,0.3333333333333333,2.466666666666667,3.0,2.933333333333333,87.66666666666667,75.26666666666667,78.66666666666667,75.0,494.6666666666667,410.6,1759.0,1661.4666666666667,1530.6666666666667,1615.8666666666666,96.75,102.9,93.6,110.33333333333333,1,heart,118,95.19170846162072,22.80829153837928
132239,9230,http://live.fanfooty.com.au/game/matchcentre.html?id=9230,R4,2025,1000937.0,Jack,Henry,GE,8.0,46.0,51,59.0,39.0,48.0,7.0,3.0,6.0,0.0,0.0,1.0,0.0,0.0,0.0,Full Time,injured,Limped off with right hamstring tweak in Q2... %M and %P,subbed,Standing Fritsch,370300.0,0.0,,,Back,38.0,20.0,54.75,0.0,0.0,0.2,0.29,,,,4.0,0.0,1.0,90.0,40.0,149.0,1.0,True,1409,1892,5,9230_GE,100.0,0,72.0,0,13.0,10.466666666666667,3.3333333333333335,2.8,10.0,7.2,0.6666666666666666,1.4666666666666666,0.0,0.0,1.6666666666666667,1.0666666666666667,0.3333333333333333,0.3333333333333333,0.0,0.0,0.0,0.0,0.0,0.0,0.2,0.2,0.29,0.29,7.333333333333333,5.933333333333334,0.0,0.13333333333333333,3.0,1.5333333333333334,87.33333333333333,82.0,76.33333333333333,89.13333333333334,176.0,170.2,1754.0,1670.7333333333333,1540.3333333333333,1606.3333333333333,72.95,78.1,70.0,81.33333333333333,1,injured,51,56.36507390078421,-5.3650739007842105
132283,9231,http://live.fanfooty.com.au/game/matchcentre.html?id=9231,R4,2025,1008454.0,Connor,Budarick,GC,2.0,37.0,32,50.0,27.0,38.0,6.0,2.0,1.0,3.0,0.0,1.0,1.0,0.0,2.0,Full Time,injured,Hit to the ribs when tackling Draper in Q4 left him very sore... %P including %K... also %T... and kicked %s,wing,Playing a wing role on Cumming,,,,,Back,35.0,0.0,0.0,0.0,2.44,1.15,1.12,,,,4.0,0.0,2.0,50.0,70.0,232.0,1.0,True,1649,1626,5,9231_GC,100.0,0,72.0,0,7.333333333333333,10.4,5.666666666666667,4.666666666666667,3.3333333333333335,4.4,3.3333333333333335,2.4,0.0,0.0,0.3333333333333333,0.8,0.6666666666666666,0.6,0.0,0.0,0.6666666666666666,0.13333333333333333,2.44,1.8306666666666667,1.15,0.8553333333333332,1.12,0.8280000000000001,3.6666666666666665,4.2,0.3333333333333333,0.2,1.3333333333333333,2.2,67.66666666666667,73.0,77.0,77.8,280.6666666666667,307.2,1761.3333333333333,1622.6666666666667,1518.0,1651.7333333333333,64.6,56.7,59.0,51.333333333333336,1,injured,32,45.87632165853989,-13.876321658539887
132305,9231,http://live.fanfooty.com.au/game/matchcentre.html?id=9231,R4,2025,1000998.0,Lachlan,Murphy,AD,4.0,48.0,58,30.0,38.0,53.0,8.0,5.0,2.0,2.0,0.0,1.0,1.0,0.0,2.0,Full Time,pocket,%s from %P and %M plus %T... Playing defensive forward,,,298500.0,0.0,,,Forward,4.0,11.0,49.36,0.0,0.0,0.15,0.07,,,,6.0,3.0,2.0,61.0,64.0,204.0,1.0,False,1626,1649,5,9231_AD,100.0,0,72.0,0,7.0,6.133333333333334,7.0,6.2,2.3333333333333335,2.8666666666666667,3.0,3.6666666666666665,0.0,0.0,1.6666666666666667,1.2,0.3333333333333333,0.6666666666666666,0.0,0.4666666666666667,0.6666666666666666,0.5333333333333333,0.0,0.0,0.15,0.15,0.07,0.07,7.333333333333333,6.066666666666666,3.6666666666666665,1.1333333333333333,2.0,2.066666666666667,59.333333333333336,72.93333333333334,71.0,73.4,177.0,183.4,1555.6666666666667,1653.2,1714.3333333333333,1628.7333333333333,60.5,58.5,57.6,57.666666666666664,1,pocket,58,66.51084615695464,-8.510846156954642
132373,9233,http://live.fanfooty.com.au/game/matchcentre.html?id=9233,R4,2025,1006058.0,Bailey,Scott,NM,4.0,41.0,26,52.0,36.0,48.0,7.0,5.0,4.0,0.0,0.0,1.0,1.0,0.0,0.0,Full Time,wing,%M and %P... Starting on a wing on Lloyd,,,,,,,Back,8.0,0.0,0.0,0.0,0.35,0.16,0.44,,,,1.0,0.0,2.0,58.0,79.0,197.0,0.0,False,1598,1643,5,9233_NM,100.0,0,72.0,0,8.666666666666666,13.0,5.0,6.4,6.333333333333333,4.6,0.6666666666666666,2.466666666666667,0.0,0.0,0.3333333333333333,0.5333333333333333,1.3333333333333333,0.5333333333333333,0.3333333333333333,0.4,0.3333333333333333,0.13333333333333333,0.35,0.35,0.16,0.16,0.44,0.44,1.6666666666666667,5.8,0.0,1.0,2.0,2.466666666666667,82.0,71.66666666666667,81.66666666666667,82.33333333333333,307.3333333333333,437.4,1657.3333333333333,1635.2666666666667,1617.3333333333333,1643.6,72.9,75.6,57.4,51.333333333333336,1,wing,26,66.52891733789461,-40.52891733789461
132388,9233,http://live.fanfooty.com.au/game/matchcentre.html?id=9233,R4,2025,1008091.0,Joel,Amartey,SY,17.0,67.0,85,55.0,60.0,71.0,7.0,1.0,5.0,2.0,1.0,1.0,2.0,4.0,1.0,Full Time,spearhead,%s from %P and %M plus %T... Playing FF on Logue,,,,,,,Forward,36.0,0.0,0.0,0.0,0.18,0.17,0.27,,,,5.0,1.0,2.0,62.0,77.0,128.0,1.0,False,1643,1598,5,9233_SY,100.0,0,72.0,1,6.0,5.933333333333334,2.0,2.8,4.666666666666667,3.533333333333333,2.0,1.9333333333333333,2.6666666666666665,1.0,0.3333333333333333,1.2,1.6666666666666667,0.8666666666666667,2.0,1.4,1.0,1.0666666666666667,0.18,0.18,0.17,0.17,0.27,0.27,3.6666666666666665,4.4,0.3333333333333333,0.26666666666666666,2.3333333333333335,2.066666666666667,58.0,62.06666666666667,76.0,75.13333333333334,117.0,146.8,1626.6666666666667,1652.1333333333334,1647.0,1629.5333333333333,63.45,61.2,57.6,61.0,1,spearhead,85,64.18976893522364,20.81023106477636
132414,9234,http://live.fanfooty.com.au/game/matchcentre.html?id=9234,R4,2025,1002251.0,Brent,Daniels,WS,3.0,50.0,80,63.0,40.0,55.0,8.0,6.0,3.0,1.0,0.0,0.0,0.0,0.0,1.0,Full Time,wing,Subbed off in Q3 for O'Halloran... %s from %P and %M,subbed,Starting forward on Harley Reid,262500.0,0.0,,,Forward,16.0,7.0,41.86,0.0,0.0,0.12,0.18,,,,3.0,2.0,0.0,64.0,56.0,204.0,1.0,True,1246,2051,5,9234_WS,100.0,0,72.0,1,5.0,10.333333333333334,7.333333333333333,7.533333333333333,2.0,3.1333333333333333,2.3333333333333335,5.133333333333334,0.0,0.0,0.3333333333333333,0.9333333333333333,0.0,0.4666666666666667,0.0,0.7333333333333333,0.3333333333333333,0.6,0.0,0.0,0.12,0.12,0.18,0.18,3.6666666666666665,6.6,2.0,2.8,0.3333333333333333,2.8666666666666667,81.33333333333333,70.06666666666666,58.0,78.26666666666667,139.66666666666666,328.3333333333333,1743.0,1738.8,1549.3333333333333,1547.0,86.9,92.2,71.4,58.666666666666664,1,wing,80,76.54058333884855,3.459416661151451
132422,9234,http://live.fanfooty.com.au/game/matchcentre.html?id=9234,R4,2025,1006135.0,Xavier,O'Halloran,WS,2.0,25.0,23,33.0,20.0,30.0,3.0,4.0,1.0,2.0,0.0,0.0,1.0,0.0,0.0,Full Time,wing,On in Q3 for Daniels... %P and %T,sub,Started as the sub,,,,,Midfielder,33.0,0.0,0.0,0.0,0.04,0.05,0.09,,,,5.0,2.0,3.0,71.0,31.0,111.0,0.0,False,1246,2051,5,9234_WS,100.0,0,72.0,0,5.333333333333333,6.466666666666667,4.666666666666667,3.7333333333333334,1.3333333333333333,2.066666666666667,1.6666666666666667,2.466666666666667,0.0,0.0,0.0,0.5333333333333333,0.6666666666666666,1.0666666666666667,0.0,0.5333333333333333,0.6666666666666666,0.4666666666666667,0.04,0.04,0.05,0.05,0.09,0.09,4.666666666666667,4.2,1.0,0.6666666666666666,3.6666666666666665,2.6666666666666665,43.333333333333336,60.333333333333336,59.666666666666664,68.33333333333333,179.66666666666666,220.2,1743.0,1712.6,1549.3333333333333,1573.2,49.35,38.5,39.4,29.0,1,wing,23,52.714023123617764,-29.714023123617764
132427,9234,http://live.fanfooty.com.au/game/matchcentre.html?id=9234,R4,2025,1020371.0,Jack,Williams,WC,13.0,66.0,62,47.0,57.0,71.0,9.0,2.0,4.0,2.0,8.0,1.0,2.0,2.0,0.0,Full Time,thor,%H... also %P and %M plus %T... %s as well... Playing key forward on Himmelberg,,,,,,,Ruck,34.0,0.0,0.0,0.0,0.04,0.04,0.06,,,,6.0,2.0,3.0,54.0,77.0,261.0,0.0,False,2051,1246,5,9234_WC,100.0,0,72.0,0,7.0,5.466666666666667,4.0,4.333333333333333,4.333333333333333,2.8666666666666667,2.3333333333333335,2.466666666666667,5.333333333333333,5.0,0.6666666666666666,0.8,1.6666666666666667,1.0,1.0,1.0,0.0,0.2,0.04,0.04,0.04,0.04,0.06,0.06,4.333333333333333,4.866666666666666,1.3333333333333333,1.7333333333333334,2.0,1.4,73.0,70.53333333333333,78.0,68.6,193.0,148.4,1324.0,1471.7333333333333,1918.0,1805.3333333333333,55.6,58.4,52.6,58.666666666666664,1,thor,62,65.9784430184612,-3.9784430184612063
132440,9234,http://live.fanfooty.com.au/game/matchcentre.html?id=9234,R4,2025,295898.0,Tim,Kelly,WC,2.0,38.0,57,32.0,33.0,48.0,3.0,11.0,1.0,1.0,0.0,0.0,0.0,0.0,0.0,Full Time,snooze,Tagged by Bedford... %P including %B,shovel,Playing midfield,587600.0,0.0,,,Midfielder,11.0,21.0,86.0,0.0,0.0,0.46,0.95,,,,10.0,4.0,1.0,85.0,85.0,91.0,0.0,False,2051,1246,5,9234_WC,100.0,0,72.0,0,10.0,11.333333333333334,10.333333333333334,12.0,3.0,2.8,2.3333333333333335,4.133333333333334,0.0,0.0,0.0,0.8,1.0,1.4666666666666666,0.0,0.13333333333333333,0.6666666666666666,0.5333333333333333,0.0,0.0,0.46,0.46,0.95,0.95,10.0,11.4,4.666666666666667,5.2,3.6666666666666665,4.266666666666667,69.66666666666667,67.13333333333334,80.0,81.0,266.6666666666667,327.2,1353.3333333333333,1442.8,1934.0,1835.0666666666666,91.6,88.8,76.6,80.0,1,snooze,57,89.51247197064782,-32.51247197064782
132442,9234,http://live.fanfooty.com.au/game/matchcentre.html?id=9234,R4,2025,993820.0,Tom,Cole,WC,4.0,36.0,23,25.0,33.0,45.0,5.0,6.0,4.0,0.0,0.0,0.0,1.0,0.0,0.0,Full Time,guard,No touches to HT... %M and %P... Starting in defence,,,,,,,Back,28.0,0.0,0.0,0.0,0.0,0.03,0.1,,,,4.0,0.0,3.0,72.0,81.0,59.0,0.0,False,2051,1246,5,9234_WC,100.0,0,72.0,0,5.0,8.533333333333333,7.333333333333333,6.266666666666667,3.3333333333333335,4.266666666666667,2.0,2.7333333333333334,0.0,0.0,0.0,0.4666666666666667,1.0,0.8666666666666667,0.0,0.0,0.0,0.0,0.0,0.0,0.03,0.03,0.1,0.1,4.0,4.4,0.3333333333333333,0.6,3.3333333333333335,2.6,70.0,80.13333333333334,81.33333333333333,81.66666666666667,114.66666666666667,195.66666666666666,1353.3333333333333,1439.6666666666667,1934.0,1839.1333333333334,64.15,62.9,55.4,38.0,1,guard,23,87.1652370256701,-64.1652370256701
132443,9234,http://live.fanfooty.com.au/game/matchcentre.html?id=9234,R4,2025,1013511.0,Tyler,Brockman,WC,2.0,27.0,35,22.0,20.0,28.0,3.0,4.0,0.0,2.0,0.0,1.0,0.0,0.0,1.0,Full Time,pocket,%s from %P and %T... Starting forward on Idun,,,,,,,Forward,10.0,0.0,0.0,0.0,0.35,0.15,0.42,,,,6.0,2.0,0.0,71.0,82.0,4.0,0.0,False,2051,1246,5,9234_WC,100.0,0,72.0,0,4.0,3.8,3.3333333333333335,4.8,1.6666666666666667,1.8,1.3333333333333333,2.0,0.0,0.0,1.3333333333333333,0.6666666666666666,1.0,0.6666666666666666,1.0,0.26666666666666666,0.3333333333333333,0.3333333333333333,0.35,0.38133333333333325,0.15,0.184,0.42,0.424,3.6666666666666665,4.066666666666666,1.3333333333333333,1.0666666666666667,2.0,1.9333333333333333,82.66666666666667,70.8,78.33333333333333,67.26666666666667,77.0,119.0,1353.3333333333333,1454.8,1934.0,1832.0666666666666,43.85,39.3,39.8,41.333333333333336,1,pocket,35,51.305523366364014,-16.305523366364014
132466,9235,http://live.fanfooty.com.au/game/matchcentre.html?id=9235,R4,2025,991930.0,Darcy,Byrne-Jones,PA,2.0,24.0,31,29.0,19.0,27.0,1.0,6.0,0.0,2.0,0.0,1.0,0.0,0.0,0.0,Full Time,mrp,A high bump on Byrnes in Q1 will get looked at... %P including %B... also %T,pocket,Playing small forward,393500.0,0.0,,,Back,33.0,20.0,72.75,0.0,0.0,0.13,0.11,,,,5.0,1.0,1.0,71.0,77.0,33.0,0.0,False,1645,1640,5,9235_PA,100.0,0,72.0,0,9.0,8.133333333333333,4.333333333333333,3.466666666666667,2.6666666666666665,2.6,2.0,2.7333333333333334,0.0,0.0,0.6666666666666666,0.8666666666666667,0.0,0.4,1.0,1.0,0.3333333333333333,0.3333333333333333,0.0,0.0,0.13,0.13,0.11,0.11,5.0,5.266666666666667,0.6666666666666666,0.6,1.6666666666666667,2.2,73.0,63.93333333333333,79.66666666666667,76.73333333333333,219.33333333333334,208.73333333333332,1745.6666666666667,1682.6,1537.0,1605.8,62.25,68.4,60.0,77.0,1,mrp,31,57.66010382826906,-26.660103828269058
132496,9236,http://live.fanfooty.com.au/game/matchcentre.html?id=9236,R4,2025,1009399.0,Luke,Jackson,FR,26.0,74.0,115,81.0,73.0,90.0,5.0,11.0,2.0,0.0,30.0,1.0,2.0,1.0,0.0,Full Time,injured,Left hamstring tweak late in Q3 and did not return... %H... also %P and %M... and kicked %s,ruckfwd,Playing a ruck/forward role,,,,,Ruck,9.0,0.0,0.0,0.0,21.12,18.93,7.06,,,,7.0,3.0,2.0,93.0,59.0,140.0,1.0,True,1582,1708,5,9236_FR,100.0,1,72.0,1,6.0,5.666666666666667,11.666666666666666,9.2,3.3333333333333335,2.7333333333333334,2.3333333333333335,3.2666666666666666,31.0,18.866666666666667,0.6666666666666666,1.2666666666666666,1.6666666666666667,1.5333333333333334,1.0,0.8666666666666667,0.0,0.5333333333333333,21.12,21.12,18.93,18.93,7.06,7.06,7.0,7.666666666666667,2.3333333333333335,2.2666666666666666,2.6666666666666665,2.8,80.0,71.4,74.33333333333333,79.8,209.66666666666666,181.93333333333334,1736.6666666666667,1655.5333333333333,1551.6666666666667,1627.4,96.2,94.0,111.6,125.66666666666667,1,injured,115,72.74715626889157,42.25284373110843
132499,9236,http://live.fanfooty.com.au/game/matchcentre.html?id=9236,R4,2025,1013220.0,Nathan,O'Driscoll,FR,15.0,65.0,46,90.0,47.0,67.0,8.0,4.0,3.0,7.0,0.0,1.0,2.0,0.0,1.0,Full Time,injured,Right ankle problem in Q3 and did not appear after 3QT... %P and %M plus %T... %s as well,wing,Playing a wing role on Williams,,,,,Midfielder,30.0,0.0,0.0,0.0,0.18,0.13,0.18,,,,3.0,2.0,4.0,50.0,55.0,268.0,1.0,True,1582,1708,5,9236_FR,100.0,0,72.0,0,12.666666666666666,9.733333333333333,7.0,5.733333333333333,3.3333333333333335,3.8666666666666667,5.0,2.8666666666666667,0.0,0.0,1.6666666666666667,0.9333333333333333,1.6666666666666667,0.8,0.3333333333333333,0.2,0.3333333333333333,0.13333333333333333,0.18,0.258,0.13,0.19599999999999998,0.18,0.51,8.0,4.866666666666666,3.6666666666666665,1.9333333333333333,4.333333333333333,2.8666666666666667,60.666666666666664,67.73333333333333,69.66666666666667,68.86666666666666,383.6666666666667,263.46666666666664,1736.6666666666667,1639.6666666666667,1551.6666666666667,1646.6,57.85,63.0,83.0,81.66666666666667,1,injured,46,48.29458178146002,-2.2945817814600176
132509,9236,http://live.fanfooty.com.au/game/matchcentre.html?id=9236,R4,2025,1020594.0,Jye,Amiss,FR,9.0,38.0,37,49.0,32.0,42.0,4.0,3.0,3.0,2.0,0.0,0.0,1.0,1.0,0.0,Full Time,spearhead,%s from %P and %M plus %T... Starting at FF on Liam Jones,,,,,,,Forward,24.0,0.0,0.0,0.0,0.58,0.54,1.22,,,,3.0,0.0,2.0,42.0,87.0,58.0,0.0,False,1582,1708,5,9236_FR,100.0,0,72.0,0,5.333333333333333,6.0,3.0,2.6666666666666665,4.333333333333333,4.2,1.3333333333333333,1.1333333333333333,0.0,0.0,0.6666666666666666,1.2,0.3333333333333333,0.4666666666666667,2.0,1.6,0.3333333333333333,0.9333333333333333,0.58,0.58,0.54,0.54,1.22,1.22,3.0,4.066666666666666,0.3333333333333333,0.06666666666666667,1.0,1.7333333333333334,53.0,62.06666666666667,89.66666666666667,90.2,108.66666666666667,143.0,1736.6666666666667,1655.5333333333333,1551.6666666666667,1627.4,54.85,56.9,42.6,53.333333333333336,1,spearhead,37,57.86113085056151,-20.86113085056151
132512,9236,http://live.fanfooty.com.au/game/matchcentre.html?id=9236,R4,2025,993940.0,Corey,Wagner,FR,1.0,14.0,18,16.0,12.0,18.0,2.0,4.0,0.0,0.0,0.0,0.0,0.0,0.0,0.0,Full Time,injured,Subbed off in Q3 for Worner with calf awareness... %P,subbed,Rotating at half back,,,,,Back,34.0,0.0,0.0,0.0,0.13,0.1,0.21,,,,1.0,1.0,1.0,83.0,54.0,103.0,1.0,True,1582,1708,5,9236_FR,100.0,0,72.0,0,9.0,10.533333333333333,7.666666666666667,5.866666666666666,2.0,3.3333333333333335,1.6666666666666667,1.8666666666666667,0.0,0.0,0.3333333333333333,0.6,0.0,0.4,0.0,0.0,0.0,0.0,0.13,2.541333333333333,0.1,2.5766666666666667,0.21,0.712,3.6666666666666665,3.3333333333333335,0.3333333333333333,0.6,1.6666666666666667,2.0,82.66666666666667,81.53333333333333,74.66666666666667,75.2,352.0,375.73333333333335,1606.0,1672.4666666666667,1682.6666666666667,1610.4,70.75,64.0,62.6,58.666666666666664,1,injured,18,53.76293842002447,-35.76293842002447
132520,9236,http://live.fanfooty.com.au/game/matchcentre.html?id=9236,R4,2025,1008855.0,Oskar,Baker,WB,14.0,84.0,58,43.0,67.0,87.0,17.0,3.0,8.0,1.0,0.0,2.0,1.0,0.0,0.0,Full Time,mrp,High bump to the head of Brayshaw in Q4 will be looked at... %P including %K... also %M,wing,Playing a wing role,147500.0,0.0,,,Midfielder,13.0,0.0,0.0,0.0,0.0,0.19,0.1,,,,4.0,1.0,5.0,65.0,78.0,440.0,1.0,False,1708,1582,5,9236_WB,100.0,0,72.0,0,10.0,8.6,3.0,4.133333333333334,5.0,4.333333333333333,0.6666666666666666,0.8666666666666667,0.0,0.0,0.6666666666666666,0.26666666666666666,1.0,0.8666666666666667,0.0,0.4,0.0,0.3333333333333333,0.0,0.0,0.19,4.337999999999999,0.1,0.08800000000000001,3.0,2.533333333333333,0.6666666666666666,0.6666666666666666,3.0,2.1333333333333333,74.33333333333333,71.0,53.666666666666664,60.6,304.6666666666667,295.53333333333336,1631.0,1666.4,1660.0,1615.3333333333333,50.1,49.9,37.0,43.333333333333336,1,mrp,58,50.7496325081418,7.250367491858199
132533,9236,http://live.fanfooty.com.au/game/matchcentre.html?id=9236,R4,2025,1017087.0,Harvey,Gallagher,WB,1.0,28.0,31,15.0,21.0,30.0,5.0,4.0,0.0,1.0,0.0,1.0,0.0,0.0,0.0,Full Time,guard,On in Q2 for Vandermeer to play half back... %P,sub,Started as the sub,,,,,Back,12.0,0.0,0.0,0.0,0.04,0.14,0.4,,,,4.0,0.0,1.0,77.0,45.0,88.0,0.0,False,1708,1582,5,9236_WB,100.0,0,72.0,0,8.333333333333334,8.333333333333334,3.0,4.066666666666666,3.0,2.3333333333333335,1.0,2.933333333333333,0.0,0.0,0.6666666666666666,0.6666666666666666,1.0,1.3333333333333333,0.0,0.26666666666666666,0.0,0.4,0.04,0.04,0.14,0.14,0.4,0.4,2.3333333333333335,3.533333333333333,0.6666666666666666,1.6666666666666667,2.0,3.533333333333333,70.33333333333333,60.6,66.33333333333333,73.26666666666667,237.66666666666666,214.33333333333334,1631.0,1642.7333333333333,1660.0,1644.2666666666667,42.85,43.7,40.8,40.333333333333336,1,guard,31,74.70610048329296,-43.70610048329296
132535,9237,http://live.fanfooty.com.au/game/matchcentre.html?id=9237,R5,2025,1001195.0,Izak,Rankine,AD,27.0,107.0,91,136.0,85.0,114.0,16.0,9.0,5.0,4.0,0.0,1.0,1.0,2.0,0.0,Full Time,superman,Survived late fitness test on right calf... matched up on Atkins... plenty of footy in Q4 but could not prevent the loss... %s from %P and %M plus %T,midfwd,Rotating from mids to attack,,,,,Forward,23.0,0.0,0.0,0.0,0.84,1.06,1.62,,,,8.0,4.0,8.0,56.0,82.0,273.0,0.0,False,1632,1646,6,9237_AD,97.20000000000005,0,71.0,1,14.0,11.466666666666667,11.333333333333334,8.333333333333334,4.0,3.4,5.333333333333333,3.6666666666666665,0.0,0.0,1.6666666666666667,1.1333333333333333,2.3333333333333335,1.4666666666666666,0.6666666666666666,1.8,0.6666666666666666,0.6,0.84,0.84,1.06,1.06,1.62,1.62,15.0,11.0,7.333333333333333,4.866666666666666,6.333333333333333,3.7333333333333334,60.0,67.73333333333333,82.33333333333333,79.06666666666666,376.0,364.8,1680.3333333333333,1700.2666666666667,1598.0,1580.1333333333334,98.4,95.5,103.2,97.0,1,superman,91,98.21992603373711,-7.21992603373711
132536,9237,http://live.fanfooty.com.au/game/matchcentre.html?id=9237,R5,2025,1004863.0,Mitchell,Hinge,AD,19.0,95.0,95,124.0,74.0,99.0,19.0,6.0,6.0,2.0,0.0,3.0,1.0,0.0,0.0,Full Time,job,%P including %K... also %M and %T... umps paid him %4FF... Mostly on Oliver Henry,,,,0.0,,,,20.0,0.0,0.0,0.0,0.0,0.74,1.35,,,,6.0,0.0,5.0,76.0,85.0,489.0,0.0,False,1632,1646,6,9237_AD,97.20000000000005,0,71.0,1,17.333333333333332,14.066666666666666,6.666666666666667,7.0,6.0,4.8,2.6666666666666665,2.7333333333333334,0.0,0.0,2.3333333333333335,1.0666666666666667,1.3333333333333333,0.8666666666666667,0.0,0.13333333333333333,0.0,0.26666666666666666,0.0,0.0,0.74,0.74,1.35,1.35,7.0,6.066666666666666,0.0,1.0666666666666667,4.666666666666667,2.7333333333333334,78.33333333333333,77.53333333333333,82.66666666666667,79.6,482.3333333333333,405.8,1680.3333333333333,1660.6,1598.0,1621.3333333333333,93.1,84.8,95.8,104.66666666666667,1,job,95,81.17859316194038,13.821406838059616
132537,9237,http://live.fanfooty.com.au/game/matchcentre.html?id=9237,R5,2025,992242.0,Jordan,Dawson,AD,20.0,92.0,60,124.0,67.0,93.0,17.0,4.0,3.0,6.0,0.0,3.0,2.0,0.0,3.0,Full Time,empty,Looked tired after HT on a five-day break... %P including %K... also %T and %M... and booted %s... helped out by %4FF,midfwd,Starting in midfield and resting forward,,,,,Back,12.0,0.0,0.0,0.0,17.4,17.76,12.23,,,,7.0,2.0,8.0,38.0,87.0,634.0,0.0,False,1632,1646,6,9237_AD,97.20000000000005,0,71.0,0,15.0,16.133333333333333,8.666666666666666,8.6,3.6666666666666665,5.0,6.0,6.266666666666667,0.0,0.0,1.6666666666666667,1.0,0.6666666666666666,1.2,0.0,0.3333333333333333,1.3333333333333333,0.5333333333333333,17.4,17.4,17.76,17.76,12.23,12.23,9.0,7.466666666666667,4.666666666666667,3.466666666666667,4.0,4.466666666666667,55.0,67.46666666666667,83.33333333333333,83.46666666666667,519.6666666666666,498.1333333333333,1680.3333333333333,1672.8666666666666,1598.0,1608.8,102.5,103.6,101.4,93.33333333333333,1,empty,60,102.86263786841819,-42.86263786841819
132538,9237,http://live.fanfooty.com.au/game/matchcentre.html?id=9237,R5,2025,293222.0,Rory,Laird,AD,14.0,89.0,99,113.0,73.0,96.0,14.0,9.0,8.0,1.0,0.0,1.0,0.0,0.0,0.0,Full Time,guard,%P and %M... Matched up on Close,,,,0.0,,,Midfielder,29.0,19.0,106.16,0.0,0.0,9.53,11.99,,,,9.0,4.0,2.0,69.0,77.0,397.0,0.0,False,1632,1646,6,9237_AD,97.20000000000005,1,71.0,1,10.666666666666666,12.466666666666667,13.0,14.533333333333333,5.666666666666667,4.666666666666667,2.3333333333333335,4.733333333333333,0.0,0.0,1.3333333333333333,1.0,0.0,0.9333333333333333,0.0,0.0,0.0,0.0,0.0,0.0,9.53,9.53,11.99,11.99,9.0,9.266666666666667,2.6666666666666665,3.466666666666667,1.0,2.8666666666666667,79.0,77.4,75.66666666666667,80.53333333333333,208.33333333333334,281.4,1680.3333333333333,1662.0666666666666,1598.0,1620.8666666666666,99.7,97.4,94.2,93.66666666666667,1,guard,99,114.24057286974535,-15.24057286974535
132539,9237,http://live.fanfooty.com.au/game/matchcentre.html?id=9237,R5,2025,1013974.0,Mark,Keane,AD,14.0,87.0,112,111.0,74.0,99.0,15.0,9.0,9.0,0.0,0.0,0.0,1.0,0.0,0.0,Full Time,job,%M and %P... In defence on Neale,,,,,,,Back,48.0,0.0,0.0,0.0,0.18,0.2,0.24,,,,9.0,1.0,5.0,79.0,91.0,499.0,0.0,False,1632,1646,6,9237_AD,97.20000000000005,1,71.0,1,8.333333333333334,12.066666666666666,4.0,3.6666666666666665,4.0,4.666666666666667,1.0,0.7333333333333333,0.0,0.0,0.0,0.6666666666666666,1.3333333333333333,1.6666666666666667,0.0,0.0,0.0,0.0,0.18,0.18,0.2,0.2,0.24,0.24,4.0,4.733333333333333,0.6666666666666666,0.4,3.3333333333333335,3.466666666666667,89.0,82.6,91.66666666666667,92.33333333333333,234.0,318.93333333333334,1680.3333333333333,1656.2666666666667,1598.0,1628.3333333333333,74.5,70.0,68.8,63.0,1,job,112,60.300199995525055,51.699800004474945
132540,9237,http://live.fanfooty.com.au/game/matchcentre.html?id=9237,R5,2025,990882.0,Wayne,Milera,AD,10.0,85.0,109,110.0,65.0,90.0,14.0,8.0,5.0,3.0,0.0,0.0,0.0,0.0,0.0,Full Time,guard,%P and %M plus %T... Floating across half back,,,,0.0,,,Forward,30.0,18.0,73.83,0.0,0.0,0.28,0.32,,,,7.0,0.0,1.0,86.0,80.0,367.0,0.0,False,1632,1646,6,9237_AD,97.20000000000005,1,71.0,1,10.333333333333334,12.466666666666667,6.666666666666667,6.666666666666667,3.0,4.2,3.0,2.2666666666666666,0.0,0.0,0.0,0.4,0.6666666666666666,0.6,0.0,0.13333333333333333,0.0,0.06666666666666667,0.0,0.0,0.28,0.6813333333333333,0.32,1.4586666666666663,5.0,4.866666666666666,0.3333333333333333,0.7333333333333333,2.6666666666666665,2.533333333333333,77.33333333333333,81.06666666666666,78.66666666666667,79.46666666666667,302.6666666666667,351.26666666666665,1680.3333333333333,1703.6,1598.0,1578.8666666666666,76.0,71.0,73.0,73.66666666666667,1,guard,109,96.47196574094961,12.528034259050386
132541,9237,http://live.fanfooty.com.au/game/matchcentre.html?id=9237,R5,2025,993946.0,Ben,Keays,AD,24.0,84.0,62,102.0,74.0,93.0,10.0,8.0,6.0,1.0,0.0,1.0,1.0,3.0,0.0,Full Time,empty,Ran out of ticket after HT as many Crows did on a five-day break... %P and %M plus %s,pocket,Mostly starting forward on Humphries,,0.0,,,Midfielder,2.0,2.0,60.0,0.0,0.0,1.05,1.69,,,,4.0,1.0,5.0,61.0,91.0,337.0,0.0,False,1632,1646,6,9237_AD,97.20000000000005,0,71.0,0,10.0,11.066666666666666,8.333333333333334,7.4,6.0,4.266666666666667,2.3333333333333335,4.066666666666666,0.0,0.0,0.6666666666666666,1.4666666666666666,0.6666666666666666,0.8,2.0,2.066666666666667,0.0,0.8666666666666667,0.0,0.0,1.05,1.05,1.69,1.69,5.0,8.066666666666666,1.0,2.6,3.3333333333333335,2.533333333333333,69.0,67.33333333333333,90.33333333333333,88.33333333333333,299.0,297.4,1680.3333333333333,1662.0666666666666,1598.0,1620.8666666666666,88.8,90.9,89.0,79.33333333333333,1,empty,62,90.88155268531042,-28.881552685310425
132542,9237,http://live.fanfooty.com.au/game/matchcentre.html?id=9237,R5,2025,1006013.0,James,Peatling,AD,13.0,76.0,85,97.0,58.0,84.0,10.0,12.0,1.0,5.0,0.0,2.0,1.0,0.0,0.0,Full Time,mrp,Slam tackle on Mullin in Q1 will be looked at... %P and %T,shovel,Doing jobs in midfield,,,,,Forward,25.0,0.0,0.0,0.0,0.09,0.03,0.02,,,,10.0,5.0,5.0,72.0,84.0,258.0,0.0,False,1632,1646,6,9237_AD,97.20000000000005,0,71.0,1,13.333333333333334,9.066666666666666,9.666666666666666,7.333333333333333,3.0,2.0,4.333333333333333,5.6,0.0,0.0,2.0,2.066666666666667,0.3333333333333333,0.6666666666666666,0.3333333333333333,0.3333333333333333,0.3333333333333333,0.26666666666666666,0.09,0.09,0.03,0.03,0.02,0.02,10.333333333333334,8.266666666666667,5.0,3.933333333333333,3.3333333333333335,2.6666666666666665,73.33333333333333,74.46666666666667,82.33333333333333,70.53333333333333,461.6666666666667,259.1333333333333,1680.3333333333333,1737.6666666666667,1598.0,1546.1333333333334,78.3,82.0,83.6,101.33333333333333,1,mrp,85,75.83154015170811,9.168459848291889
132543,9237,http://live.fanfooty.com.au/game/matchcentre.html?id=9237,R5,2025,297401.0,Matt,Crouch,AD,15.0,76.0,72,94.0,70.0,102.0,10.0,18.0,4.0,2.0,0.0,2.0,4.0,0.0,0.0,Full Time,shovel,%P and %M plus %T... gave away %F... Playing inside midfield,,,,0.0,,,Midfielder,5.0,17.0,105.47,0.0,0.0,6.2,8.61,,,,14.0,11.0,7.0,71.0,63.0,190.0,0.0,False,1632,1646,6,9237_AD,97.20000000000005,0,71.0,1,10.333333333333334,10.066666666666666,16.0,18.666666666666668,4.333333333333333,4.0,4.0,5.133333333333334,0.0,0.0,1.3333333333333333,1.2666666666666666,2.0,1.6,0.0,0.06666666666666667,0.0,0.06666666666666667,0.0,0.0,6.2,6.2,8.61,8.61,12.0,12.133333333333333,7.333333333333333,6.0,4.333333333333333,4.0,74.66666666666667,75.33333333333333,66.0,70.4,195.33333333333334,224.4,1753.6666666666667,1718.1333333333334,1523.0,1561.2666666666667,101.35,94.7,86.4,87.33333333333333,1,shovel,72,81.2296345931079,-9.229634593107903
132544,9237,http://live.fanfooty.com.au/game/matchcentre.html?id=9237,R5,2025,999331.0,Darcy,Fogarty,AD,25.0,74.0,101,89.0,71.0,88.0,9.0,6.0,6.0,0.0,0.0,1.0,3.0,4.0,1.0,Full Time,spearhead,Four goals in Q2... %s from %P and %M... conceded %F... Starting forward on O'Sullivan,,,,0.0,,,Forward,32.0,10.0,42.0,0.0,0.0,0.25,0.36,,,,5.0,0.0,3.0,86.0,87.0,243.0,0.0,False,1632,1646,6,9237_AD,97.20000000000005,1,71.0,1,6.666666666666667,7.133333333333334,4.0,3.4,4.333333333333333,5.066666666666666,0.6666666666666666,0.8666666666666667,0.0,0.0,0.6666666666666666,0.4,1.6666666666666667,1.2666666666666666,3.0,2.4,0.6666666666666666,0.6,0.0,0.0,0.25,0.25,0.36,0.36,3.3333333333333335,4.066666666666666,0.0,0.06666666666666667,1.6666666666666667,2.3333333333333335,84.0,74.8,85.0,85.2,182.66666666666666,199.06666666666666,1680.3333333333333,1662.0666666666666,1598.0,1620.8666666666666,71.8,65.4,74.0,75.0,1,spearhead,101,69.4490397247032,31.550960275296802
132545,9237,http://live.fanfooty.com.au/game/matchcentre.html?id=9237,R5,2025,1021031.0,Luke,Nankervis,AD,14.0,72.0,73,94.0,58.0,81.0,8.0,10.0,4.0,5.0,0.0,2.0,2.0,0.0,0.0,Full Time,wombat,%P and %M plus %T... Guarding Stengle,,,,,,,Midfielder,27.0,0.0,0.0,0.0,0.18,0.14,0.38,,,,8.0,0.0,5.0,83.0,82.0,122.0,0.0,False,1632,1646,6,9237_AD,97.20000000000005,0,71.0,1,10.0,10.0,7.666666666666667,7.8,3.3333333333333335,4.8,3.3333333333333335,2.066666666666667,0.0,0.0,1.3333333333333333,0.8666666666666667,1.3333333333333333,0.8,0.3333333333333333,0.06666666666666667,0.0,0.0,0.18,0.18,0.14,0.14,0.38,0.38,6.333333333333333,5.866666666666666,0.3333333333333333,0.6,4.0,2.533333333333333,80.66666666666667,78.6,81.0,79.33333333333333,266.0,225.8,1554.6666666666667,1653.0,1716.3333333333333,1629.1333333333334,71.25,69.9,66.4,80.33333333333333,1,wombat,73,80.68410954979707,-7.684109549797071
132546,9237,http://live.fanfooty.com.au/game/matchcentre.html?id=9237,R5,2025,1008384.0,Riley,Thilthorpe,AD,13.0,71.0,65,86.0,60.0,75.0,7.0,6.0,4.0,2.0,10.0,0.0,0.0,1.0,2.0,Full Time,yinyang,Not much early supply for the Coleman Medal contender tonight but was more productive after HT... %s from %P and %M plus %T,blitz,Playing a forward/ruck role on De Koning then got Blicavs in Q3,,,,,Forward,7.0,0.0,0.0,0.0,0.18,0.27,0.34,,,,5.0,2.0,3.0,61.0,82.0,174.0,0.0,False,1632,1646,6,9237_AD,97.20000000000005,0,71.0,0,9.666666666666666,7.466666666666667,5.666666666666667,4.0,5.666666666666667,4.4,1.6666666666666667,1.5333333333333334,9.0,5.066666666666666,0.6666666666666666,0.7333333333333333,0.6666666666666666,0.4666666666666667,3.0,2.066666666666667,1.6666666666666667,0.8666666666666667,0.18,0.17600000000000002,0.27,0.26,0.34,0.3,6.666666666666667,5.933333333333334,2.0,1.2,2.6666666666666665,2.533333333333333,70.33333333333333,65.13333333333334,82.66666666666667,73.86666666666666,276.6666666666667,214.8,1680.3333333333333,1673.2,1598.0,1606.5333333333333,69.4,92.6,97.0,96.33333333333333,1,yinyang,65,77.1186585817901,-12.1186585817901
132547,9237,http://live.fanfooty.com.au/game/matchcentre.html?id=9237,R5,2025,280506.0,Taylor,Walker,AD,11.0,70.0,73,89.0,56.0,73.0,10.0,3.0,3.0,3.0,2.0,0.0,1.0,2.0,2.0,Full Time,spearhead,First goal... %s from %P and %M plus %T... In attack on Blicavs... too good for him then got De Koning in Q3,,,,0.0,,,Forward,13.0,14.0,61.86,0.0,0.0,0.74,1.33,,,,5.0,0.0,2.0,61.0,80.0,376.0,0.0,False,1632,1646,6,9237_AD,97.20000000000005,0,71.0,1,10.333333333333334,7.866666666666666,3.3333333333333335,3.066666666666667,5.0,5.266666666666667,1.3333333333333333,1.4666666666666666,2.3333333333333335,0.9333333333333333,0.0,0.2,0.6666666666666666,0.5333333333333333,3.3333333333333335,1.9333333333333333,1.6666666666666667,1.1333333333333333,0.0,0.0,0.74,0.74,1.33,1.33,4.666666666666667,4.0,1.0,0.4,3.3333333333333335,2.066666666666667,65.33333333333333,66.8,77.33333333333333,78.4,339.3333333333333,263.46666666666664,1680.3333333333333,1705.5333333333333,1598.0,1574.8,73.9,66.0,85.2,85.66666666666667,1,spearhead,73,73.54984928045374,-0.549849280453742
132548,9237,http://live.fanfooty.com.au/game/matchcentre.html?id=9237,R5,2025,1001396.0,Isaac,Cumming,AD,4.0,61.0,86,81.0,46.0,61.0,13.0,1.0,5.0,1.0,0.0,0.0,0.0,0.0,1.0,Full Time,wing,Donuts in Q1... %P including %K... also %M... and kicked %s... Coming off a wing on Dempsey,,,,0.0,,,Back,44.0,2.0,37.0,0.0,0.0,0.93,0.85,,,,4.0,0.0,1.0,78.0,83.0,295.0,0.0,False,1632,1646,6,9237_AD,97.20000000000005,0,71.0,1,11.333333333333334,8.6,4.333333333333333,4.733333333333333,6.0,4.2,2.3333333333333335,3.4,0.0,0.0,0.0,0.4666666666666667,0.3333333333333333,0.8,0.0,0.5333333333333333,0.3333333333333333,0.13333333333333333,0.0,0.0,0.93,0.9433333333333334,0.85,0.9593333333333334,4.0,4.466666666666667,0.0,1.0666666666666667,2.0,2.3333333333333335,74.0,75.73333333333333,80.0,75.06666666666666,287.3333333333333,244.4,1680.3333333333333,1740.2,1598.0,1544.3333333333333,67.8,71.7,70.0,73.66666666666667,1,wing,86,69.12221470993626,16.87778529006374
132549,9237,http://live.fanfooty.com.au/game/matchcentre.html?id=9237,R5,2025,297523.0,Reilly,O'Brien,AD,20.0,57.0,67,65.0,56.0,65.0,1.0,4.0,1.0,3.0,38.0,2.0,3.0,0.0,0.0,Full Time,ruck,%H... also %P and %T... not helped by %F... First ruck,,,,0.0,,,Ruck,43.0,0.0,0.0,0.0,0.0,0.62,0.82,,,,3.0,2.0,4.0,100.0,82.0,34.0,0.0,False,1632,1646,6,9237_AD,97.20000000000005,0,71.0,0,3.6666666666666665,5.333333333333333,5.0,5.133333333333334,2.3333333333333335,2.6,2.3333333333333335,3.7333333333333334,35.0,42.266666666666666,1.0,0.8666666666666667,2.3333333333333335,1.3333333333333333,0.0,0.0,0.0,0.13333333333333333,0.0,0.0,0.62,0.62,0.82,0.82,4.666666666666667,5.466666666666667,2.6666666666666665,2.4,3.6666666666666665,3.1333333333333333,76.0,65.73333333333333,84.0,85.2,50.666666666666664,94.6,1680.3333333333333,1660.5333333333333,1598.0,1621.8666666666666,91.75,88.9,75.2,72.33333333333333,1,ruck,67,93.52149665939109,-26.52149665939109
132550,9237,http://live.fanfooty.com.au/game/matchcentre.html?id=9237,R5,2025,1011981.0,Josh,Worrell,AD,9.0,54.0,77,71.0,45.0,63.0,9.0,6.0,4.0,2.0,0.0,1.0,2.0,0.0,0.0,Full Time,plusone,%P and %M plus %T... Often the odd man out to intercept,,,,,,,,24.0,0.0,0.0,0.0,0.04,0.16,0.19,,,,6.0,0.0,3.0,60.0,85.0,142.0,1.0,False,1632,1646,6,9237_AD,97.20000000000005,0,71.0,1,11.0,12.133333333333333,5.666666666666667,5.933333333333334,3.6666666666666665,4.733333333333333,1.3333333333333333,1.4666666666666666,0.0,0.0,0.3333333333333333,1.0,0.6666666666666666,0.4666666666666667,0.0,0.0,0.0,0.0,0.04,0.04,0.16,0.16,0.19,0.19,5.0,5.8,0.0,0.06666666666666667,2.6666666666666665,2.3333333333333335,61.333333333333336,76.86666666666666,85.66666666666667,80.13333333333334,261.6666666666667,318.3333333333333,1680.3333333333333,1687.0666666666666,1598.0,1592.2666666666667,81.9,76.3,77.0,70.0,1,plusone,77,82.78179931028686,-5.781799310286857
132551,9237,http://live.fanfooty.com.au/game/matchcentre.html?id=9237,R5,2025,1017109.0,Jake,Soligo,AD,8.0,52.0,63,66.0,42.0,58.0,8.0,7.0,2.0,2.0,0.0,2.0,1.0,0.0,1.0,Full Time,shovel,%P and %M plus %T... %s as well... Playing central midfield,,,,,,,Midfielder,14.0,0.0,0.0,0.0,0.4,0.39,0.57,,,,9.0,4.0,1.0,66.0,78.0,296.0,1.0,False,1632,1646,6,9237_AD,97.20000000000005,0,71.0,0,14.0,11.866666666666667,9.0,10.533333333333333,3.0,3.2,4.333333333333333,4.066666666666666,0.0,0.0,1.6666666666666667,1.2666666666666666,1.3333333333333333,1.1333333333333333,0.3333333333333333,0.4666666666666667,0.3333333333333333,0.4666666666666667,0.4,0.4,0.39,0.39,0.57,0.57,12.0,10.2,6.0,4.466666666666667,4.0,3.933333333333333,66.33333333333333,68.06666666666666,81.66666666666667,77.33333333333333,411.0,338.6666666666667,1680.3333333333333,1662.0666666666666,1598.0,1620.8666666666666,86.2,95.0,103.8,99.0,1,shovel,63,72.04483603446084,-9.044836034460843
132552,9237,http://live.fanfooty.com.au/game/matchcentre.html?id=9237,R5,2025,296420.0,Alex,Neal-Bullen,AD,5.0,48.0,65,63.0,39.0,54.0,7.0,5.0,4.0,2.0,0.0,0.0,1.0,0.0,0.0,Full Time,wing,%P and %M plus %T... Playing a forward role,,,,0.0,,,Forward,28.0,21.0,78.38,0.0,0.0,0.09,0.09,,,,6.0,0.0,2.0,91.0,83.0,196.0,0.0,False,1632,1646,6,9237_AD,97.20000000000005,0,71.0,0,7.333333333333333,9.533333333333333,7.333333333333333,8.466666666666667,3.0,3.7333333333333334,3.3333333333333335,4.866666666666666,0.0,0.0,1.0,0.8,2.0,1.4,0.3333333333333333,0.4666666666666667,0.3333333333333333,0.26666666666666666,0.0,0.0,0.09,0.09,0.09,0.09,6.666666666666667,6.866666666666666,0.0,2.066666666666667,2.6666666666666665,3.1333333333333333,76.33333333333333,69.6,83.0,82.46666666666667,241.0,282.0,1680.3333333333333,1641.4666666666667,1598.0,1637.8666666666666,83.7,82.4,72.2,67.33333333333333,1,wing,65,76.28355161968237,-11.28355161968237
132554,9237,http://live.fanfooty.com.au/game/matchcentre.html?id=9237,R5,2025,1015370.0,Max,Michalanney,AD,4.0,42.0,43,55.0,31.0,42.0,7.0,3.0,2.0,2.0,0.0,1.0,0.0,0.0,0.0,Full Time,job,%P and %M plus %T... Responsible for Cameron,,,,,,,Back,16.0,0.0,0.0,0.0,0.4,0.45,0.58,,,,1.0,0.0,1.0,70.0,100.0,288.0,0.0,False,1632,1646,6,9237_AD,97.20000000000005,0,71.0,0,7.333333333333333,8.6,2.3333333333333335,5.0,3.0,4.8,2.0,2.3333333333333335,0.0,0.0,1.0,0.8666666666666667,0.6666666666666666,0.8666666666666667,0.0,0.0,0.0,0.06666666666666667,0.4,0.4,0.45,0.45,0.58,0.58,2.0,3.8,0.0,0.7333333333333333,1.0,1.7333333333333334,79.0,77.73333333333333,94.33333333333333,88.46666666666667,234.33333333333334,258.6666666666667,1680.3333333333333,1662.0666666666666,1598.0,1620.8666666666666,63.9,63.2,59.0,52.333333333333336,1,job,43,51.56025920345296,-8.560259203452958
132556,9237,http://live.fanfooty.com.au/game/matchcentre.html?id=9237,R5,2025,1006136.0,Lachlan,Sholl,AD,2.0,28.0,15,36.0,23.0,30.0,5.0,2.0,3.0,0.0,0.0,0.0,0.0,0.0,0.0,Full Time,wing,Subbed off in Q3 for Taylor... %P including %K... also %M,subbed,Roaming off a wing,,,,,Midfielder,38.0,0.0,0.0,0.0,0.04,0.19,0.06,,,,1.0,0.0,2.0,85.0,45.0,169.0,1.0,True,1632,1646,6,9237_AD,97.20000000000005,0,71.0,0,5.0,13.133333333333333,4.666666666666667,6.466666666666667,3.0,4.8,0.6666666666666666,1.8666666666666667,0.0,0.0,0.0,0.4666666666666667,0.3333333333333333,0.6,0.0,0.4,0.0,0.2,0.04,0.04,0.19,0.19,0.06,0.06,2.6666666666666665,5.066666666666666,0.3333333333333333,1.4666666666666666,1.6666666666666667,2.8,79.33333333333333,72.33333333333333,72.33333333333333,81.33333333333333,191.0,333.1333333333333,1680.3333333333333,1662.0666666666666,1598.0,1620.8666666666666,78.25,68.4,52.0,32.333333333333336,1,wing,15,67.03194704002003,-52.03194704002003
132558,9237,http://live.fanfooty.com.au/game/matchcentre.html?id=9237,R5,2025,1015889.0,Max,Holmes,GE,37.0,133.0,147,87.0,101.0,141.0,22.0,10.0,6.0,7.0,0.0,1.0,2.0,1.0,0.0,Full Time,hot,%P and %M plus %T... %s as well,switch,Starting at half back with centre rotations... full time mid in Q4,,,,,Midfielder,9.0,0.0,0.0,0.0,0.44,0.52,0.49,,,,9.0,5.0,6.0,71.0,83.0,805.0,0.0,False,1646,1632,6,9237_GE,97.20000000000005,1,71.0,1,15.0,14.8,7.666666666666667,7.866666666666666,4.666666666666667,5.466666666666667,4.666666666666667,3.2,0.0,0.0,0.6666666666666666,0.9333333333333333,1.6666666666666667,1.0,0.6666666666666666,0.4666666666666667,0.0,0.13333333333333333,0.44,0.44,0.52,0.52,0.49,0.49,8.333333333333334,7.4,3.6666666666666665,3.6,4.333333333333333,3.4,69.66666666666667,68.66666666666667,80.66666666666667,76.93333333333334,559.0,522.6,1683.3333333333333,1682.0,1607.3333333333333,1593.7333333333333,102.65,103.0,102.2,103.33333333333333,1,hot,147,96.6457072427173,50.35429275728271
132559,9237,http://live.fanfooty.com.au/game/matchcentre.html?id=9237,R5,2025,1006130.0,Bailey,Smith,GE,24.0,102.0,126,33.0,80.0,117.0,24.0,11.0,1.0,1.0,0.0,1.0,2.0,1.0,0.0,Full Time,star,%P and %s,shovel,Starting on ball,,,,,Midfielder,3.0,0.0,0.0,0.0,1.42,0.84,1.14,,,,17.0,6.0,7.0,54.0,80.0,643.0,0.0,False,1646,1632,6,9237_GE,97.20000000000005,1,71.0,1,21.0,12.333333333333334,10.666666666666666,11.533333333333333,4.333333333333333,2.7333333333333334,4.666666666666667,4.133333333333334,0.0,0.0,1.0,0.6,1.0,0.7333333333333333,0.6666666666666666,0.3333333333333333,0.3333333333333333,0.4666666666666667,1.42,5.412,0.84,2.7039999999999997,1.14,5.0520000000000005,13.333333333333334,8.066666666666666,6.0,3.3333333333333335,4.666666666666667,3.2,64.0,66.0,81.0,82.0,635.0,348.3333333333333,1789.3333333333333,1709.0666666666666,1500.0,1579.0666666666666,86.35,82.6,102.2,127.0,1,star,126,94.50194944038601,31.498050559613986
132560,9237,http://live.fanfooty.com.au/game/matchcentre.html?id=9237,R5,2025,270917.0,Patrick,Dangerfield,GE,26.0,85.0,91,69.0,74.0,94.0,9.0,7.0,3.0,4.0,0.0,3.0,3.0,4.0,1.0,Full Time,x-factor,Refuses to get old... %P and %M plus %T... %s as well... aided by %4FF... not helped by %F,midfwd,Mostly starting forward on Hinge with centre rotations,,0.0,,,Midfielder,35.0,20.0,103.8,0.0,0.0,0.56,0.41,,,,8.0,3.0,5.0,75.0,81.0,248.0,0.0,False,1646,1632,6,9237_GE,97.20000000000005,0,71.0,1,10.0,11.266666666666667,8.0,7.866666666666666,3.3333333333333335,3.066666666666667,2.3333333333333335,3.1333333333333333,0.0,0.06666666666666667,2.3333333333333335,1.4666666666666666,2.0,1.3333333333333333,2.3333333333333335,1.0,1.3333333333333333,0.6666666666666666,0.0,0.0,0.56,0.56,0.41,0.41,10.666666666666666,10.866666666666667,4.0,4.933333333333334,4.0,3.8666666666666667,61.666666666666664,62.93333333333333,76.66666666666667,72.53333333333333,302.6666666666667,396.26666666666665,1683.3333333333333,1682.0,1607.3333333333333,1593.7333333333333,85.35,89.4,85.8,92.33333333333333,1,x-factor,91,84.12064304062848,6.8793569593715205
132561,9237,http://live.fanfooty.com.au/game/matchcentre.html?id=9237,R5,2025,1025034.0,Oliver,Dempsey,GE,17.0,84.0,100,63.0,72.0,96.0,10.0,11.0,5.0,2.0,0.0,0.0,1.0,2.0,0.0,Full Time,wing,%s from %P and %M plus %T... Starting on a wing on Cumming,,,,,,,Forward,28.0,0.0,0.0,0.0,0.27,0.22,0.57,,,,7.0,0.0,3.0,76.0,92.0,288.0,1.0,False,1646,1632,6,9237_GE,97.20000000000005,1,71.0,1,9.666666666666666,9.133333333333333,10.0,8.933333333333334,5.0,4.4,2.6666666666666665,2.6666666666666665,0.0,0.0,0.3333333333333333,0.3333333333333333,1.0,0.26666666666666666,1.3333333333333333,1.1333333333333333,0.6666666666666666,0.6666666666666666,0.27,0.27,0.22,0.22,0.57,0.57,8.666666666666666,6.866666666666666,2.0,1.3333333333333333,3.0,2.2666666666666666,67.66666666666667,70.2,90.33333333333333,91.13333333333334,235.33333333333334,246.13333333333333,1683.3333333333333,1682.0,1607.3333333333333,1593.7333333333333,80.0,78.9,77.2,83.66666666666667,1,wing,100,77.19746341832267,22.80253658167733
132562,9237,http://live.fanfooty.com.au/game/matchcentre.html?id=9237,R5,2025,293845.0,Jeremy,Cameron,GE,25.0,84.0,105,57.0,73.0,88.0,11.0,4.0,6.0,0.0,0.0,0.0,0.0,4.0,1.0,Full Time,superman,Three goals in Q4 as the Cats sealed a comeback victory... %s from %P and %M,spearhead,At CHF on Michalanney,,0.0,,,Forward,5.0,15.0,78.87,0.0,0.0,3.32,2.41,,,,3.0,0.0,0.0,73.0,97.0,290.0,0.0,False,1646,1632,6,9237_GE,97.20000000000005,1,71.0,1,12.666666666666666,11.333333333333334,5.333333333333333,4.2,5.0,5.333333333333333,1.0,2.0,0.0,0.0,2.0,0.9333333333333333,0.3333333333333333,0.8666666666666667,2.0,2.7333333333333334,1.0,1.9333333333333333,0.0,0.0,3.32,3.32,2.41,2.41,6.0,5.333333333333333,0.3333333333333333,0.6,1.6666666666666667,2.7333333333333334,69.66666666666667,63.266666666666666,91.33333333333333,93.06666666666666,320.3333333333333,326.06666666666666,1683.3333333333333,1655.1333333333334,1607.3333333333333,1631.0666666666666,81.55,88.9,85.2,90.66666666666667,1,superman,105,83.25219497142169,21.747805028578313
132563,9237,http://live.fanfooty.com.au/game/matchcentre.html?id=9237,R5,2025,998260.0,Jack,Bowes,GE,20.0,74.0,83,47.0,59.0,84.0,13.0,5.0,4.0,4.0,0.0,0.0,3.0,1.0,0.0,Full Time,shovel,%P including %K... also %M and %T... and scored %s... conceded %F... Rotating in midfield,,,,0.0,,,Back,12.0,15.0,62.33,0.0,0.0,0.28,0.4,,,,6.0,3.0,4.0,72.0,79.0,400.0,0.0,False,1646,1632,6,9237_GE,97.20000000000005,0,71.0,1,10.666666666666666,11.8,4.666666666666667,6.2,3.3333333333333335,3.533333333333333,3.6666666666666665,4.533333333333333,0.0,0.0,0.6666666666666666,0.7333333333333333,2.3333333333333335,1.2,1.0,0.6,0.0,0.06666666666666667,0.0,0.0,0.28,0.28,0.4,0.4,4.666666666666667,6.733333333333333,2.3333333333333335,3.2,3.3333333333333335,3.2666666666666666,75.0,65.8,73.66666666666667,72.93333333333334,285.6666666666667,340.4,1683.3333333333333,1682.0,1607.3333333333333,1593.7333333333333,78.75,77.3,66.6,72.66666666666667,1,shovel,83,61.054035323301825,21.945964676698175
132564,9237,http://live.fanfooty.com.au/game/matchcentre.html?id=9237,R5,2025,1004870.0,Zach,Guthrie,GE,14.0,73.0,95,41.0,56.0,75.0,13.0,5.0,3.0,2.0,0.0,1.0,0.0,1.0,0.0,Full Time,guard,%P including %K... also %M and %T... and booted %s... Starting at half back,,,,0.0,,,Back,39.0,7.0,45.86,0.0,0.0,0.25,0.27,,,,3.0,0.0,2.0,94.0,83.0,399.0,0.0,False,1646,1632,6,9237_GE,97.20000000000005,0,71.0,1,17.333333333333332,14.8,5.666666666666667,4.733333333333333,8.333333333333334,7.133333333333334,2.6666666666666665,2.1333333333333333,0.0,0.0,1.3333333333333333,0.9333333333333333,0.6666666666666666,0.3333333333333333,0.3333333333333333,0.06666666666666667,0.0,0.06666666666666667,0.0,0.0,0.25,0.25,0.27,0.27,5.0,5.866666666666666,0.3333333333333333,0.5333333333333333,4.0,1.8,83.66666666666667,82.8,84.33333333333333,82.46666666666667,410.0,357.8666666666667,1683.3333333333333,1682.0,1607.3333333333333,1593.7333333333333,87.2,96.5,98.6,98.0,1,guard,95,108.7578955749411,-13.757895574941102
132565,9237,http://live.fanfooty.com.au/game/matchcentre.html?id=9237,R5,2025,994386.0,Tom,Atkins,GE,13.0,72.0,91,55.0,57.0,85.0,9.0,14.0,0.0,5.0,0.0,2.0,2.0,0.0,1.0,Full Time,shovel,Matched up on Rankine... %P and %T plus %s... Starting in midfield,,,,,,,Back,30.0,0.0,0.0,0.0,0.22,0.19,0.2,,,,15.0,9.0,4.0,69.0,72.0,244.0,0.0,False,1646,1632,6,9237_GE,97.20000000000005,0,71.0,1,7.333333333333333,8.0,12.666666666666666,9.266666666666667,1.6666666666666667,1.9333333333333333,9.0,6.466666666666667,0.0,0.0,0.6666666666666666,1.2,1.3333333333333333,1.2666666666666666,0.0,0.06666666666666667,0.3333333333333333,0.13333333333333333,0.22,0.22,0.19,0.19,0.2,0.2,11.0,8.866666666666667,5.333333333333333,3.8666666666666667,3.0,3.1333333333333333,68.66666666666667,68.53333333333333,77.0,74.06666666666666,166.0,208.4,1683.3333333333333,1671.8666666666666,1607.3333333333333,1604.6666666666667,82.85,80.3,80.6,89.66666666666667,1,shovel,91,67.57900490119286,23.42099509880714
132566,9237,http://live.fanfooty.com.au/game/matchcentre.html?id=9237,R5,2025,1007102.0,Mark,O'Connor,GE,18.0,70.0,74,63.0,57.0,75.0,7.0,8.0,6.0,4.0,0.0,2.0,1.0,0.0,0.0,Full Time,switch,%P and %M plus %T... Doing jobs in midfield.. switched back in Q4,,,,0.0,,,Back,42.0,3.0,45.0,0.0,0.0,0.32,0.3,,,,3.0,1.0,1.0,86.0,76.0,225.0,1.0,False,1646,1632,6,9237_GE,97.20000000000005,0,71.0,1,9.333333333333334,7.533333333333333,6.333333333333333,5.333333333333333,6.333333333333333,4.4,2.6666666666666665,3.1333333333333333,0.0,0.0,0.6666666666666666,0.7333333333333333,0.6666666666666666,0.5333333333333333,0.0,0.13333333333333333,0.3333333333333333,0.2,0.0,0.0,0.32,0.32,0.3,0.3,3.6666666666666665,5.066666666666666,0.3333333333333333,1.2,1.0,1.3333333333333333,82.33333333333333,76.26666666666667,63.666666666666664,70.0,309.6666666666667,217.26666666666668,1683.3333333333333,1636.6,1607.3333333333333,1651.2,64.05,56.7,58.6,69.33333333333333,1,switch,74,82.68049219205002,-8.680492192050025
132568,9237,http://live.fanfooty.com.au/game/matchcentre.html?id=9237,R5,2025,280317.0,Rhys,Stanley,GE,10.0,65.0,74,46.0,59.0,72.0,8.0,4.0,3.0,1.0,24.0,2.0,2.0,0.0,0.0,Full Time,ruck,%H... also %P and %M... First ruck,,,,0.0,,,Ruck,1.0,15.0,81.33,0.0,0.0,0.34,0.17,,,,9.0,3.0,5.0,50.0,79.0,210.0,0.0,False,1646,1632,6,9237_GE,97.20000000000005,0,71.0,1,6.666666666666667,6.0,4.333333333333333,4.066666666666666,3.6666666666666665,2.6666666666666665,2.3333333333333335,2.466666666666667,30.666666666666668,26.4,1.3333333333333333,1.4,1.3333333333333333,1.6666666666666667,0.3333333333333333,0.3333333333333333,0.3333333333333333,0.13333333333333333,0.0,0.0,0.34,0.34,0.17,0.17,7.333333333333333,5.866666666666666,2.6666666666666665,2.6,2.6666666666666665,3.4,57.333333333333336,66.4,79.0,76.4,167.66666666666666,166.4,1688.3333333333333,1638.4666666666667,1597.6666666666667,1640.0666666666666,73.05,75.6,91.6,91.0,1,ruck,74,82.9591491920477,-8.959149192047704
132569,9237,http://live.fanfooty.com.au/game/matchcentre.html?id=9237,R5,2025,999326.0,Brad,Close,GE,11.0,63.0,83,42.0,50.0,66.0,9.0,5.0,2.0,2.0,0.0,0.0,0.0,2.0,0.0,Full Time,pocket,%P and %M plus %T... %s as well... Playing a forward role on Laird,,,,,,,,45.0,0.0,0.0,0.0,0.22,0.09,0.16,,,,7.0,1.0,1.0,71.0,82.0,274.0,0.0,False,1646,1632,6,9237_GE,97.20000000000005,0,71.0,1,6.666666666666667,7.133333333333334,6.333333333333333,5.6,2.6666666666666665,2.6,2.0,2.3333333333333335,0.0,0.0,0.6666666666666666,0.8,0.0,0.2,1.0,0.8,0.3333333333333333,0.5333333333333333,0.22,0.22,0.09,0.09,0.16,0.16,6.0,3.8,0.6666666666666666,0.4666666666666667,0.3333333333333333,1.4666666666666666,86.33333333333333,75.33333333333333,83.66666666666667,83.2,155.0,177.6,1683.3333333333333,1682.0,1607.3333333333333,1593.7333333333333,60.25,56.2,74.8,74.0,1,pocket,83,63.70302811247052,19.29697188752948
132570,9237,http://live.fanfooty.com.au/game/matchcentre.html?id=9237,R5,2025,1004938.0,Gryan,Miers,GE,8.0,60.0,68,30.0,51.0,72.0,11.0,10.0,3.0,0.0,0.0,1.0,1.0,0.0,0.0,Full Time,wing,%P and %M... Playing higher up the ground this evening,,,,0.0,,,Forward,32.0,0.0,0.0,0.0,0.0,0.32,0.5,,,,5.0,0.0,3.0,81.0,87.0,357.0,0.0,False,1646,1632,6,9237_GE,97.20000000000005,0,71.0,0,13.333333333333334,11.8,9.0,7.733333333333333,6.0,5.0,0.6666666666666666,3.8666666666666667,0.0,0.0,0.3333333333333333,0.4666666666666667,0.3333333333333333,0.3333333333333333,0.0,0.6666666666666666,0.0,0.4666666666666667,0.0,0.0,0.32,0.32,0.5,0.5,4.666666666666667,5.933333333333334,1.3333333333333333,1.8666666666666667,2.0,2.466666666666667,75.33333333333333,66.6,86.33333333333333,84.13333333333334,321.3333333333333,286.1333333333333,1683.3333333333333,1682.0,1607.3333333333333,1593.7333333333333,79.2,81.0,81.4,72.0,1,wing,68,79.77302860443875,-11.77302860443875
132572,9237,http://live.fanfooty.com.au/game/matchcentre.html?id=9237,R5,2025,1009229.0,Sam,De Koning,GE,8.0,56.0,57,38.0,48.0,60.0,8.0,6.0,6.0,0.0,0.0,2.0,0.0,0.0,0.0,Full Time,texan,%M and %P... In defence on Thilthorpe... switched to Walker in Q3,,,,,,,Back,16.0,0.0,0.0,0.0,0.4,0.6,1.03,,,,3.0,1.0,1.0,78.0,87.0,352.0,0.0,False,1646,1632,6,9237_GE,97.20000000000005,0,71.0,0,9.333333333333334,7.933333333333334,6.666666666666667,8.8,6.333333333333333,4.4,0.6666666666666666,1.6,7.666666666666667,9.133333333333333,1.0,1.1333333333333333,1.0,1.2,0.3333333333333333,0.3333333333333333,0.0,0.0,0.4,0.4,0.6,0.6,1.03,1.03,6.0,7.2,2.0,2.066666666666667,2.0,2.933333333333333,80.0,73.0,80.0,79.2,266.6666666666667,230.93333333333334,1683.3333333333333,1662.3333333333333,1607.3333333333333,1627.2666666666667,71.85,75.8,73.4,74.33333333333333,1,texan,57,91.38445911117392,-34.384459111173925
132575,9237,http://live.fanfooty.com.au/game/matchcentre.html?id=9237,R5,2025,1012860.0,Oliver,Henry,GE,9.0,45.0,69,34.0,37.0,48.0,6.0,3.0,3.0,2.0,0.0,1.0,1.0,1.0,0.0,Full Time,spearhead,%s from %P and %M plus %T... Started on a wing but much more often key forward on Hinge,,,,,,,Forward,36.0,0.0,0.0,0.0,0.31,0.24,0.31,,,,8.0,0.0,4.0,55.0,81.0,140.0,0.0,False,1646,1632,6,9237_GE,97.20000000000005,0,71.0,0,5.666666666666667,6.0,3.3333333333333335,3.2666666666666666,3.3333333333333335,2.933333333333333,2.0,1.5333333333333334,0.0,0.0,0.6666666666666666,0.6,0.3333333333333333,0.4,0.3333333333333333,1.2666666666666666,1.0,0.9333333333333333,0.31,0.31,0.24,0.24,0.31,0.31,6.0,4.933333333333334,0.3333333333333333,0.2,3.0,2.2,44.0,58.6,80.66666666666667,76.26666666666667,159.66666666666666,160.8,1683.3333333333333,1661.6666666666667,1607.3333333333333,1616.3333333333333,54.8,62.4,57.6,47.333333333333336,1,spearhead,69,59.56363440999903,9.436365590000968
132576,9237,http://live.fanfooty.com.au/game/matchcentre.html?id=9237,R5,2025,1016433.0,Shannon,Neale,GE,9.0,43.0,45,42.0,34.0,41.0,3.0,2.0,2.0,3.0,4.0,1.0,0.0,1.0,1.0,Full Time,ruckfwd,%s from %P and %M plus %T... Starting at FF on Keane with ruck support,,,,,,,Forward,33.0,0.0,0.0,0.0,0.04,0.09,0.17,,,,3.0,1.0,0.0,60.0,72.0,85.0,1.0,False,1646,1632,6,9237_GE,97.20000000000005,0,71.0,0,4.0,5.4,1.6666666666666667,2.8666666666666667,3.3333333333333335,3.7333333333333334,3.0,2.2666666666666666,4.0,3.3333333333333335,0.6666666666666666,0.8666666666666667,0.3333333333333333,0.8666666666666667,1.3333333333333333,1.3333333333333333,0.6666666666666666,0.8,0.04,0.04,0.09,0.09,0.17,0.17,3.3333333333333335,4.733333333333333,0.3333333333333333,0.3333333333333333,1.3333333333333333,2.3333333333333335,70.33333333333333,63.93333333333333,85.0,80.6,113.33333333333333,145.6,1683.3333333333333,1684.6,1607.3333333333333,1591.3333333333333,55.15,56.5,48.2,50.333333333333336,1,ruckfwd,45,63.09281959882723,-18.092819598827226
132577,9237,http://live.fanfooty.com.au/game/matchcentre.html?id=9237,R5,2025,1024982.0,Oisin,Mullin,GE,3.0,34.0,26,23.0,29.0,36.0,5.0,3.0,4.0,0.0,0.0,1.0,0.0,0.0,0.0,Full Time,guard,Subbed off in Q4 for Clohesy... %M and %P,subbed,Starting at half back,,,,,Back,34.0,0.0,0.0,0.0,0.66,1.04,2.43,,,,3.0,0.0,3.0,75.0,73.0,61.0,1.0,True,1646,1632,6,9237_GE,97.20000000000005,0,71.0,0,6.333333333333333,5.333333333333333,4.0,4.533333333333333,4.0,2.4,1.6666666666666667,2.7333333333333334,0.0,0.0,1.0,0.6666666666666666,0.6666666666666666,0.6,0.0,0.0,0.0,0.06666666666666667,0.66,0.66,1.04,1.04,2.43,2.43,3.6666666666666665,4.266666666666667,0.3333333333333333,0.5333333333333333,3.0,2.0,75.66666666666667,66.6,78.33333333333333,77.6,108.66666666666667,142.53333333333333,1683.3333333333333,1620.4,1607.3333333333333,1663.5333333333333,39.95,41.3,42.6,39.0,1,guard,26,70.93926419264079,-44.93926419264079
132578,9237,http://live.fanfooty.com.au/game/matchcentre.html?id=9237,R5,2025,997230.0,Tyson,Stengle,GE,3.0,34.0,36,30.0,26.0,37.0,4.0,3.0,2.0,3.0,0.0,0.0,1.0,0.0,1.0,Full Time,pocket,%s from %P and %M plus %T... Playing a FP role on Nankervis,,,,,,,Forward,18.0,0.0,0.0,0.0,0.18,0.23,0.51,,,,2.0,0.0,2.0,57.0,73.0,139.0,0.0,False,1646,1632,6,9237_GE,97.20000000000005,0,71.0,0,5.0,7.533333333333333,2.3333333333333335,4.0,3.3333333333333335,2.6666666666666665,3.6666666666666665,3.0,0.0,0.0,0.0,0.4,0.3333333333333333,0.7333333333333333,1.3333333333333333,1.6666666666666667,1.0,0.6666666666666666,0.18,0.18,0.23,0.23,0.51,0.51,2.0,4.866666666666666,0.0,0.9333333333333333,1.0,2.2,68.66666666666667,63.266666666666666,78.0,81.8,139.33333333333334,195.4,1683.3333333333333,1682.0,1607.3333333333333,1593.7333333333333,67.35,65.0,54.2,50.333333333333336,1,pocket,36,64.45897905399931,-28.458979053999315
132579,9237,http://live.fanfooty.com.au/game/matchcentre.html?id=9237,R5,2025,296733.0,Mark,Blicavs,GE,2.0,32.0,45,33.0,26.0,37.0,2.0,6.0,1.0,3.0,1.0,1.0,1.0,0.0,0.0,Full Time,job,%P including %B... also %T... In defence on Walker... switched to Thilthorpe in Q3 after Walker beat him,,,,0.0,,,Midfielder,46.0,21.0,61.24,0.0,0.0,0.59,0.82,,,,4.0,1.0,2.0,75.0,90.0,97.0,0.0,False,1646,1632,6,9237_GE,97.20000000000005,0,71.0,0,6.333333333333333,7.2,5.666666666666667,6.666666666666667,3.0,3.4,2.6666666666666665,3.1333333333333333,9.666666666666666,10.533333333333333,1.6666666666666667,0.9333333333333333,0.6666666666666666,0.6,0.3333333333333333,0.26666666666666666,0.0,0.3333333333333333,0.0,0.0,0.59,0.59,0.82,0.82,6.333333333333333,6.6,3.3333333333333335,2.4,2.3333333333333335,2.6,77.0,68.2,84.0,82.93333333333334,161.33333333333334,206.86666666666667,1667.3333333333333,1653.4,1619.3333333333333,1622.1333333333334,69.5,74.6,74.0,71.66666666666667,1,job,45,58.0274822941018,-13.027482294101802
132580,9238,http://live.fanfooty.com.au/game/matchcentre.html?id=9238,R5,2025,1023261.0,Nick,Daicos,CO,32.0,136.0,134,173.0,102.0,140.0,16.0,18.0,3.0,9.0,0.0,5.0,0.0,0.0,2.0,Full Time,hulk,Tagged by Jordon but worked through it... %P and %M plus %T... %s as well... helped out by %4FF,shovel,Starting on ball,,,,,Back,35.0,0.0,0.0,0.0,49.25,61.75,49.27,,,,15.0,9.0,1.0,73.0,81.0,455.0,0.0,False,1546,1741,6,9238_CO,97.20000000000005,1,71.0,1,15.333333333333334,15.933333333333334,18.0,14.4,3.6666666666666665,3.2666666666666666,5.666666666666667,3.533333333333333,0.0,0.0,3.0,2.2666666666666666,1.3333333333333333,1.4666666666666666,0.0,0.7333333333333333,1.3333333333333333,0.8,49.25,49.25,61.75,61.75,49.27,49.27,14.0,12.933333333333334,8.0,7.533333333333333,3.6666666666666665,4.933333333333334,65.66666666666667,63.266666666666666,83.33333333333333,84.66666666666667,465.3333333333333,448.8,1729.0,1615.2666666666667,1567.6666666666667,1667.6666666666667,113.35,113.3,103.4,117.66666666666667,1,hulk,134,109.50620329193133,24.493796708068672
132581,9238,http://live.fanfooty.com.au/game/matchcentre.html?id=9238,R5,2025,280965.0,Steele,Sidebottom,CO,26.0,106.0,113,140.0,81.0,117.0,17.0,11.0,5.0,6.0,0.0,0.0,2.0,0.0,0.0,Full Time,hot,Matched up on Rowbottom... %P and %M plus %T,shovel,Starting on ball,,0.0,,,Midfielder,22.0,21.0,102.43,0.0,0.0,0.18,0.31,,,,13.0,3.0,6.0,67.0,76.0,557.0,1.0,False,1546,1741,6,9238_CO,97.20000000000005,1,71.0,1,14.333333333333334,13.4,10.333333333333334,8.4,2.6666666666666665,3.466666666666667,5.666666666666667,4.4,0.0,0.0,0.3333333333333333,0.8,1.6666666666666667,1.3333333333333333,0.6666666666666666,0.4666666666666667,0.0,0.4666666666666667,0.0,0.0,0.18,0.18,0.31,0.31,11.666666666666666,8.2,5.333333333333333,3.066666666666667,4.333333333333333,4.0,64.0,62.0,80.0,84.4,429.6666666666667,372.8,1729.0,1615.2666666666667,1567.6666666666667,1667.6666666666667,89.25,91.3,104.2,114.66666666666667,1,hot,113,89.92631263408774,23.073687365912264
132582,9238,http://live.fanfooty.com.au/game/matchcentre.html?id=9238,R5,2025,990291.0,Darcy,Cameron,CO,17.0,105.0,119,127.0,90.0,109.0,11.0,9.0,5.0,3.0,24.0,5.0,1.0,0.0,1.0,Full Time,hot,%H... also %P and %M plus %T... %s as well... helped out by %4FF,ruck,In ruck,,,,,Ruck,14.0,0.0,0.0,0.0,0.4,0.7,0.65,,,,13.0,5.0,3.0,80.0,77.0,274.0,1.0,False,1546,1741,6,9238_CO,97.20000000000005,1,71.0,1,12.0,11.0,8.333333333333334,5.8,5.0,4.866666666666666,3.6666666666666665,3.2666666666666666,27.666666666666668,31.133333333333333,5.0,3.066666666666667,1.6666666666666667,1.6666666666666667,0.0,0.4,0.3333333333333333,0.13333333333333333,0.4,0.4,0.7,0.7,0.65,0.65,12.333333333333334,11.266666666666667,6.0,4.6,4.666666666666667,4.133333333333334,64.33333333333333,61.733333333333334,79.33333333333333,80.6,172.66666666666666,197.2,1729.0,1615.2666666666667,1567.6666666666667,1667.6666666666667,112.95,118.1,112.0,107.33333333333333,1,hot,119,104.44379039980446,14.556209600195544
132584,9238,http://live.fanfooty.com.au/game/matchcentre.html?id=9238,R5,2025,260257.0,Scott,Pendlebury,CO,31.0,103.0,103,134.0,77.0,111.0,12.0,14.0,3.0,8.0,0.0,1.0,1.0,0.0,0.0,Full Time,hot,%P and %M plus %T,shovel,Leading the inside midfield,,0.0,,,Midfielder,10.0,20.0,100.95,0.0,0.0,0.18,0.57,,,,9.0,6.0,4.0,73.0,72.0,294.0,0.0,False,1546,1741,6,9238_CO,97.20000000000005,1,71.0,1,8.333333333333334,9.2,18.666666666666668,11.466666666666667,3.0,2.933333333333333,5.333333333333333,3.933333333333333,0.0,0.0,0.6666666666666666,0.5333333333333333,1.0,0.6,0.0,0.2,0.0,0.26666666666666666,0.0,0.0,0.18,0.18,0.57,0.57,8.666666666666666,7.6,3.3333333333333335,3.7333333333333334,3.3333333333333335,2.8666666666666667,73.0,68.6,75.0,72.13333333333334,273.6666666666667,265.1333333333333,1729.0,1617.0,1567.6666666666667,1665.2666666666667,87.35,83.0,75.0,98.33333333333333,1,hot,103,88.99403664860398,14.00596335139602
132585,9238,http://live.fanfooty.com.au/game/matchcentre.html?id=9238,R5,2025,293871.0,Jack,Crisp,CO,19.0,83.0,64,106.0,68.0,91.0,11.0,8.0,6.0,3.0,0.0,0.0,1.0,1.0,1.0,Full Time,wing,%P and %M plus %T... %s as well... Starting on a wing on Florent and atttending a lot of stoppages,,,,0.0,,,Midfielder,25.0,21.0,87.62,0.0,0.0,0.39,0.52,,,,5.0,1.0,5.0,63.0,84.0,386.0,0.0,False,1546,1741,6,9238_CO,97.20000000000005,0,71.0,0,11.0,10.466666666666667,9.666666666666666,10.266666666666667,5.666666666666667,3.466666666666667,2.3333333333333335,3.8,0.0,0.0,0.0,0.4666666666666667,1.0,0.8666666666666667,0.3333333333333333,0.6,0.3333333333333333,0.26666666666666666,0.0,0.0,0.39,0.39,0.52,0.52,8.333333333333334,9.333333333333334,2.0,3.6,4.0,4.066666666666666,61.0,62.86666666666667,82.33333333333333,79.06666666666666,350.3333333333333,360.06666666666666,1729.0,1615.2666666666667,1567.6666666666667,1667.6666666666667,89.5,80.2,80.4,73.66666666666667,1,wing,64,84.5679280443004,-20.567928044300402
132586,9238,http://live.fanfooty.com.au/game/matchcentre.html?id=9238,R5,2025,1003130.0,Patrick,Lipinski,CO,9.0,80.0,94,101.0,63.0,87.0,15.0,9.0,4.0,1.0,0.0,1.0,0.0,0.0,0.0,Full Time,wing,%P and %M... Starting on a wing against Lloyd,,,,,,,Midfielder,1.0,0.0,0.0,0.0,0.31,0.25,0.4,,,,5.0,1.0,3.0,70.0,86.0,491.0,0.0,False,1546,1741,6,9238_CO,97.20000000000005,0,71.0,1,10.333333333333334,8.6,11.666666666666666,8.866666666666667,2.6666666666666665,3.4,1.6666666666666667,2.2,0.0,0.0,0.6666666666666666,0.6,0.3333333333333333,0.4666666666666667,0.0,0.4666666666666667,0.6666666666666666,0.4666666666666667,0.31,0.31,0.25,0.25,0.4,0.4,4.666666666666667,5.333333333333333,1.3333333333333333,1.4666666666666666,2.3333333333333335,2.4,70.66666666666667,72.0,85.66666666666667,80.86666666666666,352.6666666666667,256.6,1729.0,1615.2666666666667,1567.6666666666667,1667.6666666666667,75.35,72.7,82.8,81.66666666666667,1,wing,94,76.3066377294952,17.693362270504807
132587,9238,http://live.fanfooty.com.au/game/matchcentre.html?id=9238,R5,2025,998205.0,Harry,Perryman,CO,13.0,77.0,62,100.0,60.0,79.0,11.0,6.0,6.0,3.0,0.0,1.0,0.0,0.0,1.0,Full Time,guard,%P and %M plus %T... %s as well... Starting in defence,,,,0.0,,,Midfielder,12.0,7.0,52.43,0.0,0.0,0.11,0.18,,,,2.0,0.0,1.0,70.0,83.0,279.0,1.0,False,1546,1741,6,9238_CO,97.20000000000005,0,71.0,0,9.666666666666666,10.333333333333334,6.666666666666667,7.2,4.0,4.4,3.6666666666666665,2.6,0.0,0.0,1.0,0.26666666666666666,0.3333333333333333,0.26666666666666666,0.3333333333333333,0.13333333333333333,0.6666666666666666,0.26666666666666666,0.0,0.0,0.11,0.11,0.18,0.18,4.333333333333333,4.533333333333333,0.6666666666666666,0.7333333333333333,1.6666666666666667,1.7333333333333334,66.66666666666667,75.06666666666666,79.33333333333333,78.73333333333333,286.6666666666667,315.73333333333335,1729.0,1729.1333333333334,1567.6666666666667,1558.0666666666666,75.4,70.8,75.0,73.33333333333333,1,guard,62,95.23431842112342,-33.23431842112342
132588,9238,http://live.fanfooty.com.au/game/matchcentre.html?id=9238,R5,2025,293801.0,Jamie,Elliott,CO,16.0,71.0,72,88.0,59.0,71.0,10.0,1.0,5.0,1.0,0.0,0.0,0.0,3.0,2.0,Full Time,pocket,Subbed off in Q4 for Allan... %s from %P and %M,subbed,Starting forward,,0.0,,,Forward,5.0,0.0,0.0,0.0,0.0,0.26,0.75,,,,2.0,0.0,1.0,72.0,70.0,320.0,1.0,True,1546,1741,6,9238_CO,97.20000000000005,0,71.0,1,6.666666666666667,7.733333333333333,4.666666666666667,4.733333333333333,3.6666666666666665,3.7333333333333334,3.6666666666666665,2.6666666666666665,0.0,0.0,0.3333333333333333,0.6,1.0,0.8,1.3333333333333333,1.2666666666666666,1.6666666666666667,1.2,0.0,0.0,0.26,0.26,0.75,0.75,4.666666666666667,4.333333333333333,0.6666666666666666,0.4,2.3333333333333335,2.8666666666666667,68.66666666666667,61.53333333333333,82.66666666666667,83.13333333333334,168.0,171.53333333333333,1729.0,1640.2666666666667,1567.6666666666667,1638.6,65.5,69.4,71.4,72.0,1,pocket,72,66.5143149515207,5.485685048479297
132589,9238,http://live.fanfooty.com.au/game/matchcentre.html?id=9238,R5,2025,1005054.0,Josh,Daicos,CO,13.0,65.0,59,84.0,49.0,69.0,6.0,9.0,3.0,5.0,0.0,0.0,0.0,0.0,0.0,Full Time,guard,%P and %M plus %T... Starting on a HBF,,,,0.0,,,Midfielder,7.0,10.0,68.3,0.0,0.0,1.01,1.66,,,,4.0,0.0,2.0,66.0,82.0,131.0,0.0,False,1546,1741,6,9238_CO,97.20000000000005,0,71.0,0,12.0,13.933333333333334,11.666666666666666,11.0,4.0,4.8,3.3333333333333335,2.8666666666666667,0.0,0.0,0.3333333333333333,0.8666666666666667,0.6666666666666666,0.4,0.0,0.06666666666666667,0.0,0.3333333333333333,0.0,0.0,1.01,1.01,1.66,1.66,4.666666666666667,5.666666666666667,0.6666666666666666,2.0,3.0,2.8666666666666667,74.66666666666667,70.26666666666667,84.66666666666667,86.53333333333333,341.6666666666667,414.46666666666664,1729.0,1615.2666666666667,1567.6666666666667,1667.6666666666667,89.9,93.7,83.4,78.0,1,guard,59,108.58097974814623,-49.580979748146234
132590,9238,http://live.fanfooty.com.au/game/matchcentre.html?id=9238,R5,2025,291720.0,Will,Hoskin-Elliott,CO,11.0,65.0,70,83.0,51.0,66.0,8.0,5.0,4.0,3.0,0.0,1.0,0.0,1.0,0.0,Full Time,wing,%s from %P and %M plus %T... Rotating at half forward,,,,0.0,,,Forward,32.0,21.0,68.05,0.0,0.0,0.44,0.6,,,,2.0,0.0,2.0,100.0,79.0,226.0,0.0,False,1546,1741,6,9238_CO,97.20000000000005,0,71.0,0,7.333333333333333,9.0,3.3333333333333335,3.066666666666667,4.333333333333333,4.133333333333334,1.3333333333333333,1.4,0.0,0.0,0.6666666666666666,0.4,0.0,0.2,0.6666666666666666,0.8666666666666667,2.0,0.8,0.0,0.0,0.44,0.44,0.6,0.6,3.3333333333333335,4.2,0.0,0.26666666666666666,1.0,2.2,63.666666666666664,66.33333333333333,77.0,78.4,186.0,236.13333333333333,1689.3333333333333,1609.4,1584.0,1670.8666666666666,66.5,65.5,54.8,62.0,1,wing,70,62.4557614664609,7.544238533539101
132591,9238,http://live.fanfooty.com.au/game/matchcentre.html?id=9238,R5,2025,1004757.0,Beau,McCreery,CO,15.0,64.0,69,84.0,47.0,60.0,9.0,0.0,3.0,4.0,0.0,0.0,0.0,2.0,0.0,Full Time,wing,%s from %P and %M plus %T... Starting at half forward on Rampe,,,,,,,Forward,31.0,0.0,0.0,0.0,0.13,0.32,0.81,,,,1.0,0.0,0.0,100.0,77.0,447.0,0.0,False,1546,1741,6,9238_CO,97.20000000000005,0,71.0,0,6.666666666666667,6.666666666666667,2.0,3.7333333333333334,1.3333333333333333,1.7333333333333334,4.666666666666667,4.733333333333333,0.0,0.0,1.0,0.8,0.0,0.8,1.0,0.4666666666666667,0.0,0.3333333333333333,0.13,0.13,0.32,0.32,0.81,0.81,3.3333333333333335,3.933333333333333,1.3333333333333333,1.8,0.3333333333333333,2.066666666666667,80.33333333333333,68.13333333333334,74.0,71.2,233.33333333333334,219.66666666666666,1729.0,1642.9333333333334,1567.6666666666667,1639.2,53.9,58.2,57.2,60.666666666666664,1,wing,69,54.261578729217305,14.738421270782695
132592,9238,http://live.fanfooty.com.au/game/matchcentre.html?id=9238,R5,2025,1008089.0,Isaac,Quaynor,CO,9.0,64.0,66,85.0,53.0,69.0,11.0,3.0,8.0,1.0,0.0,0.0,1.0,0.0,0.0,Full Time,guard,%P including %K... also %M... Playing back pocket on Cleary,,,,,,,Back,3.0,0.0,0.0,0.0,0.58,0.97,1.93,,,,3.0,0.0,2.0,78.0,79.0,369.0,0.0,False,1546,1741,6,9238_CO,97.20000000000005,0,71.0,0,7.333333333333333,7.533333333333333,2.6666666666666665,4.333333333333333,4.0,3.8666666666666667,2.3333333333333335,2.6,0.0,0.0,0.6666666666666666,0.6,0.6666666666666666,0.6666666666666666,0.0,0.13333333333333333,0.0,0.0,0.58,0.58,0.97,0.97,1.93,1.93,3.0,3.466666666666667,0.3333333333333333,0.4,1.6666666666666667,2.1333333333333333,86.33333333333333,79.33333333333333,78.0,82.4,206.0,215.4,1729.0,1615.2666666666667,1567.6666666666667,1667.6666666666667,57.45,56.9,56.4,54.666666666666664,1,guard,66,81.2636226348117,-15.263622634811696
132594,9238,http://live.fanfooty.com.au/game/matchcentre.html?id=9238,R5,2025,291849.0,Brody,Mihocek,CO,16.0,59.0,67,73.0,51.0,61.0,6.0,2.0,4.0,2.0,0.0,1.0,1.0,3.0,1.0,Full Time,spearhead,%s from %P and %M plus %T... Playing CHF on McCartin then got Hamling in Q3,,,,0.0,,,Forward,41.0,11.0,61.91,0.0,0.0,0.25,0.36,,,,4.0,0.0,1.0,87.0,84.0,164.0,1.0,False,1546,1741,6,9238_CO,97.20000000000005,0,71.0,0,5.666666666666667,6.733333333333333,3.3333333333333335,3.2666666666666666,4.666666666666667,3.8666666666666667,1.6666666666666667,2.3333333333333335,0.0,0.13333333333333333,0.3333333333333333,1.0,0.6666666666666666,1.2,2.0,1.8,1.3333333333333333,1.1333333333333333,0.0,0.012,0.25,0.25,0.36,0.36,4.0,4.8,0.0,0.06666666666666667,1.3333333333333333,2.1333333333333333,61.0,65.33333333333333,83.66666666666667,85.2,134.0,178.8,1766.6666666666667,1604.0666666666666,1522.3333333333333,1677.8,63.35,55.6,54.8,58.666666666666664,1,spearhead,67,62.87177877797117,4.128221222028827
132595,9238,http://live.fanfooty.com.au/game/matchcentre.html?id=9238,R5,2025,1006148.0,Bobby,Hill,CO,14.0,57.0,86,67.0,48.0,61.0,7.0,5.0,1.0,1.0,0.0,0.0,0.0,3.0,1.0,Full Time,pocket,First goal... %s from %P... Playing small forward,,,,,,,Forward,23.0,0.0,0.0,0.0,0.58,0.86,1.73,,,,7.0,1.0,1.0,75.0,73.0,277.0,0.0,False,1546,1741,6,9238_CO,97.20000000000005,0,71.0,1,5.333333333333333,8.133333333333333,3.3333333333333335,3.066666666666667,1.3333333333333333,3.3333333333333335,2.6666666666666665,2.066666666666667,0.0,0.0,1.3333333333333333,0.4666666666666667,0.6666666666666666,1.0666666666666667,1.6666666666666667,1.5333333333333334,1.0,1.2666666666666666,0.58,0.58,0.86,0.86,1.73,1.73,5.0,4.2,1.0,0.6666666666666666,1.3333333333333333,2.7333333333333334,66.66666666666667,62.666666666666664,73.0,78.46666666666667,179.66666666666666,229.0,1729.0,1615.2666666666667,1567.6666666666667,1667.6666666666667,64.05,71.7,60.4,64.33333333333333,1,pocket,86,63.90365927284434,22.096340727155663
132596,9238,http://live.fanfooty.com.au/game/matchcentre.html?id=9238,R5,2025,294596.0,Tim,Membrey,CO,10.0,55.0,70,66.0,49.0,62.0,6.0,7.0,5.0,0.0,0.0,0.0,0.0,1.0,2.0,Full Time,lizard,%s from %P and %M... Starting forward on Blakey,,,,,,,Forward,28.0,0.0,0.0,0.0,0.18,0.16,0.06,,,,9.0,0.0,1.0,61.0,83.0,152.0,0.0,False,1546,1741,6,9238_CO,97.20000000000005,0,71.0,0,6.0,8.066666666666666,5.0,4.4,2.3333333333333335,5.266666666666667,1.0,1.5333333333333334,0.0,0.06666666666666667,0.6666666666666666,0.4,0.0,0.3333333333333333,0.6666666666666666,1.6,1.0,0.5333333333333333,0.18,0.18,0.16,0.16,0.06,0.06,7.0,5.4,0.0,0.06666666666666667,1.3333333333333333,2.3333333333333335,52.0,64.2,82.33333333333333,79.73333333333333,135.33333333333334,193.66666666666666,1729.0,1702.6,1567.6666666666667,1575.2666666666667,67.2,70.9,66.4,56.333333333333336,1,lizard,70,64.120692284265,5.8793077157349956
132597,9238,http://live.fanfooty.com.au/game/matchcentre.html?id=9238,R5,2025,298288.0,Darcy,Moore,CO,8.0,55.0,84,69.0,42.0,60.0,3.0,11.0,1.0,5.0,0.0,1.0,0.0,0.0,0.0,Full Time,job,%P including %B... also %T... In defence on Mclean,,,,0.0,,,Back,30.0,7.0,41.71,0.0,0.0,0.65,1.93,,,,10.0,1.0,2.0,85.0,96.0,107.0,0.0,False,1546,1741,6,9238_CO,97.20000000000005,0,71.0,1,6.333333333333333,7.0,9.0,5.533333333333333,3.0,3.8,2.6666666666666665,1.6666666666666667,0.0,0.06666666666666667,1.3333333333333333,0.5333333333333333,0.6666666666666666,0.9333333333333333,0.0,0.0,0.3333333333333333,0.06666666666666667,0.0,0.0,0.65,0.65,1.93,1.93,8.666666666666666,5.333333333333333,0.3333333333333333,0.2,1.6666666666666667,1.7333333333333334,80.33333333333333,85.73333333333333,97.66666666666667,94.6,286.3333333333333,224.8,1729.0,1607.2,1567.6666666666667,1677.0666666666666,77.0,84.1,80.2,82.33333333333333,1,job,84,63.916278896496806,20.083721103503194
132598,9238,http://live.fanfooty.com.au/game/matchcentre.html?id=9238,R5,2025,297504.0,Daniel,McStay,CO,10.0,52.0,71,67.0,43.0,56.0,5.0,4.0,4.0,3.0,2.0,0.0,1.0,1.0,0.0,Full Time,spearhead,%s from %P and %M plus %T... Up forward on Hamling then got Rampe in Q3,,,,0.0,,,Forward,11.0,18.0,52.44,0.0,0.0,0.1,0.16,,,,8.0,1.0,3.0,66.0,84.0,138.0,0.0,False,1546,1741,6,9238_CO,97.20000000000005,0,71.0,1,7.333333333333333,6.333333333333333,3.3333333333333335,3.933333333333333,3.6666666666666665,4.466666666666667,3.3333333333333335,2.0,4.0,2.4,1.0,0.8,0.3333333333333333,0.4,0.6666666666666666,1.4666666666666666,1.3333333333333333,0.8,0.0,0.0,0.1,0.21333333333333335,0.16,0.23333333333333334,5.666666666666667,5.066666666666666,1.6666666666666667,1.0,1.6666666666666667,1.8,59.333333333333336,67.2,81.66666666666667,83.53333333333333,210.0,164.0,1729.0,1660.8,1567.6666666666667,1622.2,61.05,65.5,70.8,64.33333333333333,1,spearhead,71,63.53283988287516,7.467160117124841
132599,9238,http://live.fanfooty.com.au/game/matchcentre.html?id=9238,R5,2025,992010.0,Brayden,Maynard,CO,5.0,46.0,58,64.0,36.0,51.0,10.0,1.0,4.0,2.0,0.0,0.0,2.0,0.0,0.0,Full Time,guard,%P including %K... also %M and %T... Starting at half back on Hayward,,,,0.0,,,Back,4.0,17.0,74.35,0.0,0.0,0.36,1.25,,,,6.0,0.0,5.0,72.0,82.0,240.0,0.0,False,1546,1741,6,9238_CO,97.20000000000005,0,71.0,0,9.333333333333334,10.933333333333334,4.0,3.7333333333333334,3.0,3.8,2.6666666666666665,2.066666666666667,0.0,0.0,0.3333333333333333,0.5333333333333333,1.3333333333333333,1.1333333333333333,0.3333333333333333,0.2,0.0,0.0,0.0,0.0,0.36,0.36,1.25,1.25,6.333333333333333,4.866666666666666,0.6666666666666666,0.6,2.3333333333333335,3.3333333333333335,81.0,71.06666666666666,79.33333333333333,81.53333333333333,240.0,351.6666666666667,1729.0,1615.2666666666667,1567.6666666666667,1667.6666666666667,71.75,67.5,73.2,75.33333333333333,1,guard,58,92.56357782145597,-34.563577821455965
132600,9238,http://live.fanfooty.com.au/game/matchcentre.html?id=9238,R5,2025,991773.0,Billy,Frampton,CO,3.0,39.0,72,50.0,31.0,42.0,6.0,4.0,3.0,1.0,0.0,0.0,0.0,0.0,0.0,Full Time,job,%M and %P... Playing key defender on Amartey then got McCartin in Q3,,,,0.0,,,Back,17.0,0.0,0.0,0.0,0.0,0.11,0.12,,,,5.0,0.0,0.0,90.0,92.0,66.0,0.0,False,1546,1741,6,9238_CO,97.20000000000005,0,71.0,1,4.333333333333333,5.2,3.3333333333333335,3.0,2.6666666666666665,3.1333333333333333,1.0,1.2,0.0,1.0,0.0,0.3333333333333333,1.3333333333333333,1.0,0.0,0.06666666666666667,0.0,0.26666666666666666,0.0,0.0,0.11,0.11,0.12,0.12,4.666666666666667,3.6666666666666665,0.0,0.2,1.6666666666666667,2.466666666666667,92.66666666666667,75.8,94.66666666666667,91.6,89.0,150.53333333333333,1714.0,1604.4,1577.3333333333333,1678.3333333333333,50.35,45.5,51.2,54.333333333333336,1,job,72,43.57681980281446,28.423180197185538
132601,9238,http://live.fanfooty.com.au/game/matchcentre.html?id=9238,R5,2025,291313.0,Jeremy,Howe,CO,3.0,35.0,35,44.0,28.0,39.0,7.0,4.0,2.0,0.0,0.0,0.0,0.0,0.0,0.0,Full Time,plusone,%M and %P... Nominally on Ladhams but often left loose due to Ladhams rucking,,,,0.0,,,Back,38.0,17.0,82.29,0.0,0.0,0.56,0.59,,,,2.0,0.0,1.0,81.0,85.0,250.0,0.0,False,1546,1741,6,9238_CO,97.20000000000005,0,71.0,0,10.0,12.266666666666667,2.6666666666666665,2.7333333333333334,4.333333333333333,5.4,0.6666666666666666,1.0,0.0,0.0,0.6666666666666666,0.5333333333333333,0.0,0.5333333333333333,0.0,0.26666666666666666,0.0,0.06666666666666667,0.0,0.0,0.56,0.56,0.59,0.59,2.3333333333333335,2.6666666666666665,0.6666666666666666,0.2,1.6666666666666667,2.2666666666666666,85.0,78.73333333333333,90.33333333333333,86.4,323.3333333333333,335.4,1729.0,1630.3333333333333,1567.6666666666667,1653.7333333333333,77.2,76.9,60.4,66.0,1,plusone,35,77.20899798602618,-42.208997986026176
132603,9238,http://live.fanfooty.com.au/game/matchcentre.html?id=9238,R5,2025,293957.0,Brodie,Grundy,SY,32.0,106.0,122,109.0,97.0,127.0,3.0,20.0,2.0,5.0,37.0,0.0,2.0,0.0,0.0,Full Time,hot,%H... also %P and %T,ruck,Lead ruck,,0.0,,,Ruck,4.0,21.0,119.71,0.0,0.0,68.21,52.49,,,,13.0,2.0,4.0,65.0,78.0,68.0,0.0,False,1741,1546,6,9238_SY,97.20000000000005,1,71.0,1,6.0,6.0,12.0,9.666666666666666,3.0,2.466666666666667,4.0,3.4,27.0,32.0,1.3333333333333333,1.5333333333333334,1.6666666666666667,2.2,0.0,0.06666666666666667,0.0,0.0,0.0,0.0,68.21,68.21,52.49,52.49,9.666666666666666,9.933333333333334,2.6666666666666665,4.066666666666666,3.0,4.333333333333333,67.33333333333333,66.8,72.66666666666667,75.86666666666666,134.33333333333334,139.66666666666666,1588.6666666666667,1621.9333333333334,1683.0,1661.8666666666666,102.5,98.1,99.0,107.0,1,hot,122,96.67418025613746,25.32581974386254
132604,9238,http://live.fanfooty.com.au/game/matchcentre.html?id=9238,R5,2025,298539.0,Isaac,Heeney,SY,22.0,102.0,118,68.0,84.0,114.0,14.0,14.0,4.0,2.0,0.0,0.0,0.0,2.0,0.0,Full Time,gun,%s from %P and %M plus %T,shovel,Playing pure midfield,,,,,Forward,5.0,0.0,0.0,0.0,1.73,1.87,1.46,,,,13.0,8.0,4.0,75.0,84.0,605.0,0.0,False,1741,1546,6,9238_SY,97.20000000000005,1,71.0,1,13.333333333333334,12.6,9.333333333333334,10.466666666666667,3.6666666666666665,4.266666666666667,3.3333333333333335,3.8666666666666667,0.0,0.0,0.6666666666666666,1.5333333333333334,0.6666666666666666,0.9333333333333333,0.6666666666666666,1.1333333333333333,0.0,0.6666666666666666,1.73,1.73,1.87,1.87,1.46,1.46,11.0,11.533333333333333,6.666666666666667,5.533333333333333,3.6666666666666665,3.7333333333333334,66.66666666666667,62.666666666666664,82.66666666666667,81.93333333333334,490.3333333333333,351.3333333333333,1588.6666666666667,1592.8666666666666,1683.0,1691.3333333333333,104.65,106.8,99.6,96.66666666666667,1,gun,118,98.88403761403761,19.11596238596239
132605,9238,http://live.fanfooty.com.au/game/matchcentre.html?id=9238,R5,2025,1006126.0,James,Rowbottom,SY,43.0,94.0,89,82.0,67.0,99.0,11.0,11.0,1.0,10.0,0.0,2.0,2.0,0.0,0.0,Full Time,shovel,Matched up on Sidebottom... %P and %T... Doing jobs in midfield,,,,,,,Midfielder,8.0,0.0,0.0,0.0,0.22,0.15,0.22,,,,14.0,7.0,4.0,59.0,79.0,206.0,0.0,False,1741,1546,6,9238_SY,97.20000000000005,0,71.0,1,11.333333333333334,10.2,10.0,8.666666666666666,2.3333333333333335,1.8,6.666666666666667,6.4,0.0,0.0,1.3333333333333333,1.7333333333333334,1.0,1.0,0.0,0.26666666666666666,0.0,0.2,0.22,0.22,0.15,0.15,0.22,0.22,12.0,10.0,6.0,5.4,4.333333333333333,3.2666666666666666,68.33333333333333,68.93333333333334,77.0,76.46666666666667,307.3333333333333,270.8,1588.6666666666667,1619.5333333333333,1683.0,1663.8666666666666,93.35,90.8,87.6,87.66666666666667,1,shovel,89,76.48813125288476,12.511868747115244
132607,9238,http://live.fanfooty.com.au/game/matchcentre.html?id=9238,R5,2025,1012014.0,Chad,Warner,SY,10.0,86.0,81,51.0,67.0,94.0,15.0,9.0,4.0,3.0,0.0,1.0,1.0,0.0,1.0,Full Time,midfwd,%P and %M plus %T... %s as well... Starting in midfield then resting forward,,,,,,,Midfielder,1.0,0.0,0.0,0.0,1.02,1.19,1.05,,,,7.0,5.0,4.0,66.0,91.0,553.0,0.0,False,1741,1546,6,9238_SY,97.20000000000005,0,71.0,1,14.333333333333334,14.266666666666667,5.666666666666667,7.666666666666667,5.0,4.266666666666667,2.6666666666666665,2.2666666666666666,0.0,0.0,1.3333333333333333,0.7333333333333333,1.0,1.4666666666666666,1.0,1.2,1.0,0.8,1.02,1.02,1.19,1.19,1.05,1.05,7.0,7.2,3.6666666666666665,4.0,3.6666666666666665,3.6,67.66666666666667,70.8,79.33333333333333,81.13333333333334,478.0,491.3333333333333,1588.6666666666667,1622.2,1683.0,1659.6666666666667,96.6,102.6,90.0,85.66666666666667,1,midfwd,81,96.99150609398546,-15.991506093985464
132608,9238,http://live.fanfooty.com.au/game/matchcentre.html?id=9238,R5,2025,1012210.0,Matt,Roberts,SY,10.0,86.0,79,44.0,67.0,93.0,17.0,7.0,5.0,2.0,0.0,1.0,1.0,0.0,0.0,Full Time,guard,%P including %K... also %M and %T... Starting at half back,,,,,,,Midfielder,34.0,0.0,0.0,0.0,5.36,4.19,6.99,,,,9.0,3.0,5.0,70.0,83.0,451.0,0.0,False,1741,1546,6,9238_SY,97.20000000000005,0,71.0,1,16.333333333333332,16.333333333333332,6.666666666666667,6.6,5.333333333333333,6.2,1.6666666666666667,2.7333333333333334,0.0,0.0,1.3333333333333333,0.7333333333333333,0.6666666666666666,0.5333333333333333,0.3333333333333333,0.13333333333333333,0.0,0.06666666666666667,5.36,5.36,4.19,4.19,6.99,6.99,6.0,5.8,2.3333333333333335,1.2666666666666666,3.0,2.533333333333333,78.66666666666667,80.73333333333333,89.66666666666667,85.06666666666666,449.0,425.0,1588.6666666666667,1621.9333333333334,1683.0,1661.8666666666666,87.45,93.1,98.0,90.33333333333333,1,guard,79,107.68814657635926,-28.68814657635926
132609,9238,http://live.fanfooty.com.au/game/matchcentre.html?id=9238,R5,2025,998103.0,Oliver,Florent,SY,13.0,86.0,75,53.0,70.0,93.0,14.0,9.0,7.0,1.0,0.0,1.0,0.0,0.0,0.0,Full Time,switch,%M and %P... Coming off a wing on Crisp... switched back in Q3,,,,,,,Back,13.0,0.0,0.0,0.0,0.93,0.39,0.27,,,,4.0,0.0,3.0,78.0,89.0,433.0,0.0,False,1741,1546,6,9238_SY,97.20000000000005,0,71.0,1,10.666666666666666,11.533333333333333,6.666666666666667,7.533333333333333,6.666666666666667,5.133333333333334,1.3333333333333333,1.7333333333333334,0.0,0.0,1.0,0.6666666666666666,0.0,0.6666666666666666,0.3333333333333333,0.26666666666666666,0.3333333333333333,0.5333333333333333,0.93,0.93,0.39,0.39,0.27,0.27,4.333333333333333,5.533333333333333,0.6666666666666666,1.2666666666666666,1.6666666666666667,2.6666666666666665,75.66666666666667,72.0,86.0,84.73333333333333,314.6666666666667,309.93333333333334,1588.6666666666667,1621.9333333333334,1683.0,1661.8666666666666,73.15,78.6,69.2,70.66666666666667,1,switch,75,88.99983116501585,-13.999831165015848
132611,9238,http://live.fanfooty.com.au/game/matchcentre.html?id=9238,R5,2025,295342.0,Jake,Lloyd,SY,12.0,75.0,59,45.0,60.0,79.0,13.0,5.0,7.0,1.0,0.0,0.0,0.0,0.0,1.0,Full Time,wing,%P including %K... also %M... and booted %s... Starting on a wing on Lipinski,,,,,,,Back,44.0,0.0,0.0,0.0,0.89,0.75,0.6,,,,2.0,0.0,2.0,72.0,87.0,133.0,1.0,False,1741,1546,6,9238_SY,97.20000000000005,0,71.0,0,16.666666666666668,13.066666666666666,5.666666666666667,7.666666666666667,9.666666666666666,7.066666666666666,1.3333333333333333,2.1333333333333333,0.0,0.0,0.6666666666666666,0.4,0.3333333333333333,0.26666666666666666,0.0,0.26666666666666666,0.6666666666666666,0.3333333333333333,0.89,0.89,0.75,0.75,0.6,0.6,3.6666666666666665,4.2,0.6666666666666666,0.9333333333333333,2.0,1.8,75.33333333333333,77.2,85.33333333333333,85.6,318.6666666666667,357.2,1588.6666666666667,1621.9333333333334,1683.0,1661.8666666666666,83.8,85.0,78.2,80.66666666666667,1,wing,59,81.93982709540633,-22.93982709540633
132612,9238,http://live.fanfooty.com.au/game/matchcentre.html?id=9238,R5,2025,1003203.0,Hayden,McLean,SY,20.0,69.0,55,56.0,60.0,71.0,7.0,3.0,6.0,1.0,2.0,0.0,0.0,3.0,0.0,Full Time,spearhead,Booted %s from %G and %P... Playing a forward role on Moore,,,,,,,Forward,2.0,0.0,0.0,0.0,1.15,0.71,0.62,,,,1.0,0.0,3.0,80.0,76.0,194.0,0.0,False,1741,1546,6,9238_SY,97.20000000000005,0,71.0,0,5.666666666666667,6.866666666666666,3.3333333333333335,4.2,3.3333333333333335,4.866666666666666,2.3333333333333335,2.066666666666667,1.6666666666666667,5.066666666666666,0.3333333333333333,0.7333333333333333,0.3333333333333333,0.7333333333333333,2.0,1.2,0.3333333333333333,0.6,1.15,1.15,0.71,0.71,0.62,0.62,3.3333333333333335,4.666666666666667,0.0,0.5333333333333333,2.0,2.1333333333333333,77.66666666666667,77.66666666666667,76.66666666666667,78.0,176.66666666666666,149.53333333333333,1588.6666666666667,1620.9333333333334,1683.0,1661.2,64.1,58.4,60.2,61.333333333333336,1,spearhead,55,63.959259745269065,-8.959259745269065
132613,9238,http://live.fanfooty.com.au/game/matchcentre.html?id=9238,R5,2025,1006028.0,Nick,Blakey,SY,8.0,68.0,67,36.0,53.0,72.0,13.0,5.0,5.0,1.0,0.0,0.0,0.0,0.0,0.0,Full Time,skunk,%P including %K... also %M... In defence on Membrey,,,,,,,Back,22.0,0.0,0.0,0.0,1.24,1.04,1.87,,,,3.0,0.0,2.0,72.0,86.0,374.0,0.0,False,1741,1546,6,9238_SY,97.20000000000005,0,71.0,0,14.333333333333334,16.2,3.0,4.4,5.666666666666667,5.733333333333333,1.0,0.9333333333333333,0.0,0.0,1.3333333333333333,1.0,0.0,0.5333333333333333,0.0,0.2,0.0,0.2,1.24,1.24,1.04,1.04,1.87,1.87,4.333333333333333,4.0,0.0,0.2,2.0,2.8666666666666667,83.0,75.93333333333334,85.0,85.93333333333334,387.0,505.6,1588.6666666666667,1621.9333333333334,1683.0,1661.8666666666666,91.85,89.7,92.4,78.33333333333333,1,skunk,67,76.41550195981924,-9.415501959819238
132615,9238,http://live.fanfooty.com.au/game/matchcentre.html?id=9238,R5,2025,1013133.0,Braeden,Campbell,SY,15.0,64.0,65,48.0,54.0,70.0,8.0,7.0,4.0,2.0,0.0,2.0,1.0,1.0,1.0,Full Time,wing,%P and %M plus %T... %s as well... Playing a HFF role,,,,,,,Back,16.0,0.0,0.0,0.0,1.55,1.12,1.01,,,,6.0,1.0,5.0,66.0,81.0,306.0,0.0,False,1741,1546,6,9238_SY,97.20000000000005,0,71.0,0,9.666666666666666,7.8,5.666666666666667,4.0,4.0,3.533333333333333,2.3333333333333335,3.4,0.0,0.0,0.6666666666666666,0.6666666666666666,1.0,0.3333333333333333,0.6666666666666666,0.5333333333333333,1.0,0.4,1.55,1.55,1.12,1.12,1.01,1.01,4.0,3.8,0.6666666666666666,0.6666666666666666,3.6666666666666665,1.8,65.0,72.4,81.33333333333333,72.2,307.0,236.93333333333334,1588.6666666666667,1645.8,1683.0,1636.0,55.65,59.4,66.2,64.33333333333333,1,wing,65,60.0228104663832,4.9771895336168015
132617,9238,http://live.fanfooty.com.au/game/matchcentre.html?id=9238,R5,2025,1006232.0,Sam,Wicks,SY,9.0,57.0,45,41.0,42.0,60.0,9.0,4.0,3.0,4.0,0.0,0.0,1.0,0.0,0.0,Full Time,guard,%P and %M plus %T... Playing half back,,,,,,,Forward,15.0,0.0,0.0,0.0,0.44,0.06,0.05,,,,2.0,0.0,3.0,69.0,87.0,345.0,0.0,False,1741,1546,6,9238_SY,97.20000000000005,0,71.0,0,9.333333333333334,6.266666666666667,4.666666666666667,5.666666666666667,2.0,1.7333333333333334,2.6666666666666665,2.2666666666666666,0.0,0.0,0.6666666666666666,0.5333333333333333,1.3333333333333333,1.4,0.0,0.26666666666666666,0.0,0.26666666666666666,0.44,0.44,0.06,0.06,0.05,0.05,2.6666666666666665,4.666666666666667,1.3333333333333333,0.5333333333333333,2.3333333333333335,3.066666666666667,68.66666666666667,65.73333333333333,82.33333333333333,78.2,321.3333333333333,189.2,1588.6666666666667,1628.8666666666666,1683.0,1653.3333333333333,48.45,42.1,51.8,50.333333333333336,1,guard,45,80.96414274675554,-35.96414274675554
132618,9238,http://live.fanfooty.com.au/game/matchcentre.html?id=9238,R5,2025,290307.0,Dane,Rampe,SY,8.0,55.0,72,31.0,45.0,63.0,10.0,6.0,4.0,1.0,0.0,0.0,1.0,0.0,0.0,Full Time,job,%M and %P... Starting at half back on McCreery... moved to McStay in Q3,,,,,,,Back,24.0,0.0,0.0,0.0,0.31,0.18,0.3,,,,4.0,1.0,3.0,87.0,74.0,364.0,1.0,False,1741,1546,6,9238_SY,97.20000000000005,0,71.0,1,10.666666666666666,8.8,3.0,2.933333333333333,6.333333333333333,5.2,2.6666666666666665,2.2666666666666666,0.0,0.0,0.3333333333333333,0.5333333333333333,0.3333333333333333,0.6,0.0,0.13333333333333333,0.0,0.0,0.31,0.31,0.18,0.18,0.3,0.3,2.6666666666666665,2.8,0.6666666666666666,0.3333333333333333,1.6666666666666667,1.6666666666666667,82.0,82.86666666666666,77.66666666666667,78.06666666666666,332.0,261.1333333333333,1588.6666666666667,1647.4666666666667,1683.0,1634.2666666666667,61.25,68.1,70.6,65.66666666666667,1,job,72,54.45825968934941,17.54174031065059
132619,9238,http://live.fanfooty.com.au/game/matchcentre.html?id=9238,R5,2025,997100.0,Will,Hayward,SY,10.0,55.0,58,40.0,44.0,59.0,7.0,6.0,2.0,2.0,0.0,0.0,0.0,1.0,2.0,Full Time,wing,%s from %P and %M plus %T... Starting at half forward on Maynard,,,,,,,Forward,9.0,0.0,0.0,0.0,0.04,0.1,0.11,,,,4.0,1.0,0.0,69.0,82.0,213.0,0.0,False,1741,1546,6,9238_SY,97.20000000000005,0,71.0,0,8.0,7.4,3.6666666666666665,3.8,3.6666666666666665,3.7333333333333334,2.3333333333333335,2.0,0.0,0.0,0.3333333333333333,0.9333333333333333,0.3333333333333333,0.4666666666666667,2.0,1.4,1.6666666666666667,0.8,0.04,0.04,0.1,0.1,0.11,0.11,3.0,3.8666666666666667,0.3333333333333333,0.26666666666666666,1.0,1.5333333333333334,63.666666666666664,67.33333333333333,82.66666666666667,82.0,233.0,185.06666666666666,1588.6666666666667,1621.9333333333334,1683.0,1661.8666666666666,59.85,60.1,63.4,70.33333333333333,1,wing,58,58.99719261496786,-0.997192614967858
132621,9238,http://live.fanfooty.com.au/game/matchcentre.html?id=9238,R5,2025,1008198.0,Tom,McCartin,SY,8.0,48.0,67,30.0,40.0,51.0,8.0,3.0,6.0,0.0,0.0,0.0,0.0,0.0,0.0,Full Time,switch,%P including %K... also %M... Starting in defence on Mihocek.... switched forward onto Frampton in Q3,,,,,,,Back,30.0,0.0,0.0,0.0,0.04,0.07,0.26,,,,4.0,0.0,3.0,81.0,92.0,225.0,0.0,False,1741,1546,6,9238_SY,97.20000000000005,0,71.0,0,9.333333333333334,8.666666666666666,3.3333333333333335,3.4,6.666666666666667,5.933333333333334,0.3333333333333333,0.6,0.0,0.13333333333333333,0.3333333333333333,0.6,1.0,0.8666666666666667,0.0,0.13333333333333333,0.0,0.06666666666666667,0.04,0.04,0.07,0.07,0.26,0.26,5.0,4.8,0.0,0.13333333333333333,3.0,2.2666666666666666,81.33333333333333,73.8,93.66666666666667,93.13333333333334,213.33333333333334,180.73333333333332,1588.6666666666667,1607.4,1683.0,1677.2,61.05,55.3,66.8,70.33333333333333,1,switch,67,79.87540174956204,-12.875401749562045
132622,9238,http://live.fanfooty.com.au/game/matchcentre.html?id=9238,R5,2025,1013409.0,James,Jordon,SY,12.0,48.0,52,39.0,40.0,63.0,6.0,10.0,1.0,4.0,0.0,0.0,3.0,0.0,0.0,Full Time,macedonian,%P and %T... gave away %F... Tagging Nick Daicos,,,,,,,Midfielder,17.0,0.0,0.0,0.0,20.06,21.07,14.05,,,,9.0,4.0,5.0,68.0,80.0,156.0,0.0,False,1741,1546,6,9238_SY,97.20000000000005,0,71.0,0,7.0,6.8,11.666666666666666,8.0,2.3333333333333335,2.8666666666666667,3.0,3.466666666666667,0.0,0.0,0.3333333333333333,0.5333333333333333,1.3333333333333333,1.0666666666666667,0.0,0.13333333333333333,0.3333333333333333,0.13333333333333333,20.06,20.06,21.07,21.07,14.05,14.05,10.666666666666666,5.733333333333333,5.666666666666667,2.3333333333333335,4.333333333333333,2.4,65.66666666666667,73.53333333333333,85.0,84.93333333333334,244.33333333333334,188.86666666666667,1588.6666666666667,1621.9333333333334,1683.0,1661.8666666666666,61.0,60.6,64.2,63.0,1,macedonian,52,71.04966433541847,-19.04966433541847
132623,9238,http://live.fanfooty.com.au/game/matchcentre.html?id=9238,R5,2025,997142.0,Peter,Ladhams,SY,8.0,46.0,38,35.0,44.0,60.0,4.0,11.0,1.0,0.0,11.0,0.0,1.0,0.0,1.0,Full Time,ruckfwd,%H with %P... also %s... Playing a forward/ruck role on Howe,,,,0.0,,,Ruck,19.0,0.0,0.0,0.0,0.0,0.04,0.06,,,,6.0,2.0,2.0,60.0,63.0,104.0,1.0,False,1741,1546,6,9238_SY,97.20000000000005,0,71.0,0,6.0,7.066666666666666,7.666666666666667,6.066666666666666,2.3333333333333335,2.6666666666666665,1.0,1.5333333333333334,8.333333333333334,16.666666666666668,0.3333333333333333,1.1333333333333333,0.6666666666666666,1.4,0.6666666666666666,0.4666666666666667,0.3333333333333333,0.2,0.0,0.010666666666666666,0.04,0.07666666666666666,0.06,0.142,5.666666666666667,6.8,2.0,3.2,2.0,3.933333333333333,65.66666666666667,58.733333333333334,67.0,68.26666666666667,90.66666666666667,150.86666666666667,1588.6666666666667,1607.2,1683.0,1675.0666666666666,62.35,62.6,45.0,51.0,1,ruckfwd,38,72.82413452046167,-34.82413452046167
132624,9238,http://live.fanfooty.com.au/game/matchcentre.html?id=9238,R5,2025,295222.0,Joel,Hamling,SY,2.0,28.0,41,21.0,25.0,33.0,3.0,6.0,2.0,0.0,0.0,1.0,0.0,0.0,0.0,Full Time,checkers,%M and %P... In defence on McStay then moved to Mihocek in Q3,,,,0.0,,,Back,29.0,17.0,54.47,0.0,0.0,0.49,0.74,,,,6.0,0.0,0.0,77.0,91.0,91.0,0.0,False,1741,1546,6,9238_SY,97.20000000000005,0,71.0,0,4.666666666666667,6.333333333333333,6.0,5.333333333333333,3.6666666666666665,4.933333333333334,0.6666666666666666,0.8666666666666667,0.0,0.13333333333333333,1.3333333333333333,1.2666666666666666,0.0,0.4,0.0,0.0,0.0,0.0,0.0,0.0,0.49,0.45,0.74,0.7613333333333333,5.666666666666667,4.8,0.0,0.13333333333333333,1.0,1.2,74.66666666666667,81.66666666666667,88.0,91.73333333333333,127.66666666666667,,1609.3333333333333,1600.9333333333334,1679.6666666666667,1683.8666666666666,65.55,59.5,63.8,62.0,1,checkers,41,69.01067286217486,-28.010672862174857
132625,9239,http://live.fanfooty.com.au/game/matchcentre.html?id=9239,R5,2025,993998.0,Jy,Simpkin,NM,26.0,110.0,101,137.0,89.0,114.0,13.0,11.0,6.0,4.0,0.0,3.0,0.0,2.0,0.0,Full Time,hot,%P and %M plus %T... %s as well... umps paid him %4FF,midfwd,Often starting forward with mid rotations,,0.0,,,Midfielder,12.0,21.0,59.76,0.0,0.0,1.06,3.34,,,,9.0,3.0,3.0,79.0,88.0,296.0,0.0,False,1678,1592,6,9239_NM,97.20000000000005,1,71.0,1,16.0,14.066666666666666,9.666666666666666,10.666666666666666,5.666666666666667,4.0,3.0,3.4,0.0,0.0,1.6666666666666667,1.3333333333333333,0.0,1.4666666666666666,1.0,0.7333333333333333,0.0,0.26666666666666666,0.0,0.0,1.06,1.06,3.34,3.34,9.0,10.066666666666666,4.333333333333333,5.0,4.0,3.6666666666666665,73.66666666666667,70.66666666666667,85.33333333333333,83.46666666666667,459.3333333333333,366.8,1590.3333333333333,1623.8,1674.0,1653.9333333333334,88.3,95.7,99.8,94.0,1,hot,101,89.20006332633992,11.799936673660085
132626,9239,http://live.fanfooty.com.au/game/matchcentre.html?id=9239,R5,2025,1002267.0,Luke,Davies-Uniacke,NM,24.0,106.0,101,138.0,83.0,114.0,17.0,9.0,7.0,4.0,0.0,0.0,1.0,0.0,3.0,Full Time,hot,%P and %M plus %T... %s as well,shovel,Playing central midfield,,0.0,,,Midfielder,9.0,7.0,40.29,0.0,0.0,16.81,12.55,,,,9.0,8.0,3.0,73.0,85.0,564.0,0.0,False,1678,1592,6,9239_NM,97.20000000000005,1,71.0,1,14.0,13.0,9.333333333333334,12.733333333333333,6.0,4.266666666666667,3.6666666666666665,4.2,0.0,0.0,0.0,1.0,1.0,1.4666666666666666,0.0,0.4666666666666667,1.3333333333333333,0.3333333333333333,0.0,0.0,16.81,16.81,12.55,12.55,7.0,11.133333333333333,5.0,6.0,3.0,3.466666666666667,71.33333333333333,77.13333333333334,83.66666666666667,85.86666666666666,421.0,392.6666666666667,1590.3333333333333,1623.8,1674.0,1653.9333333333334,110.15,100.0,92.8,89.33333333333333,1,hot,101,101.15533193366066,-0.155331933660662
132627,9239,http://live.fanfooty.com.au/game/matchcentre.html?id=9239,R5,2025,1023518.0,Harry,Sheezel,NM,26.0,100.0,102,124.0,80.0,111.0,12.0,15.0,4.0,4.0,0.0,0.0,0.0,1.0,0.0,Full Time,hot,%s from %P and %M plus %T,shovel,Mostly on ball,,,,,Forward,3.0,0.0,0.0,0.0,16.16,11.99,14.59,,,,8.0,3.0,2.0,74.0,85.0,273.0,0.0,False,1678,1592,6,9239_NM,97.20000000000005,1,71.0,1,14.0,14.266666666666667,15.0,15.266666666666667,5.0,5.066666666666666,4.0,3.8,0.0,0.0,0.6666666666666666,0.7333333333333333,0.3333333333333333,0.6,0.3333333333333333,0.8666666666666667,0.3333333333333333,0.3333333333333333,16.16,16.16,11.99,11.99,14.59,14.59,8.333333333333334,11.333333333333334,3.3333333333333335,4.6,2.3333333333333335,2.8666666666666667,80.0,72.33333333333333,87.0,85.26666666666667,291.6666666666667,335.8666666666667,1590.3333333333333,1681.5333333333333,1674.0,1597.2666666666667,111.75,112.2,104.4,111.66666666666667,1,hot,102,104.69705087248599,-2.6970508724859883
132628,9239,http://live.fanfooty.com.au/game/matchcentre.html?id=9239,R5,2025,295136.0,Caleb,Daniel,NM,15.0,98.0,116,121.0,78.0,111.0,16.0,16.0,3.0,2.0,0.0,1.0,0.0,0.0,0.0,Full Time,guard,%P and %M plus %T... Starting at half back,,,,,,,Back,5.0,0.0,0.0,0.0,7.26,4.61,4.98,,,,10.0,6.0,1.0,87.0,85.0,434.0,0.0,False,1678,1592,6,9239_NM,97.20000000000005,1,71.0,1,17.666666666666668,12.066666666666666,12.333333333333334,8.2,5.666666666666667,3.7333333333333334,1.3333333333333333,2.1333333333333333,0.0,0.0,0.3333333333333333,0.4666666666666667,0.0,0.26666666666666666,0.0,0.06666666666666667,0.0,0.26666666666666666,7.26,7.26,4.61,4.61,4.98,4.98,7.666666666666667,5.4,3.0,1.8666666666666667,2.3333333333333335,2.1333333333333333,82.66666666666667,78.66666666666667,82.0,69.33333333333333,425.6666666666667,318.2,1590.3333333333333,1661.4,1674.0,1622.2,71.0,87.9,104.2,108.0,1,guard,116,104.30082289603499,11.699177103965013
132629,9239,http://live.fanfooty.com.au/game/matchcentre.html?id=9239,R5,2025,1004848.0,Dylan,Stephens,NM,14.0,85.0,73,111.0,68.0,93.0,13.0,8.0,7.0,3.0,0.0,0.0,1.0,0.0,0.0,Full Time,wing,%P and %M plus %T... Starting on a wing on Clohesy,,,,,,,Midfielder,15.0,0.0,0.0,0.0,1.33,0.94,2.11,,,,2.0,0.0,2.0,76.0,85.0,329.0,0.0,False,1678,1592,6,9239_NM,97.20000000000005,0,71.0,1,9.333333333333334,8.4,7.333333333333333,5.2,5.333333333333333,3.6,1.3333333333333333,0.7333333333333333,0.0,0.0,0.6666666666666666,0.6666666666666666,0.6666666666666666,0.4666666666666667,0.3333333333333333,0.06666666666666667,0.0,0.06666666666666667,1.33,1.33,0.94,0.94,2.11,2.11,2.3333333333333335,3.4,0.3333333333333333,1.0666666666666667,1.6666666666666667,1.7333333333333334,83.66666666666667,78.4,65.0,64.06666666666666,219.66666666666666,246.53333333333333,1590.3333333333333,1585.7333333333333,1674.0,1691.2,47.6,52.6,49.0,56.666666666666664,1,wing,73,54.8457584481571,18.1542415518429
132630,9239,http://live.fanfooty.com.au/game/matchcentre.html?id=9239,R5,2025,1011659.0,Tom,Powell,NM,20.0,81.0,84,106.0,60.0,88.0,9.0,11.0,2.0,7.0,0.0,0.0,1.0,0.0,1.0,Full Time,shovel,%P and %M plus %T... %s as well... Playing pure midfield,,,,,,,Midfielder,24.0,0.0,0.0,0.0,0.04,0.16,0.21,,,,5.0,2.0,3.0,70.0,68.0,274.0,1.0,False,1678,1592,6,9239_NM,97.20000000000005,0,71.0,1,9.0,9.466666666666667,12.0,11.733333333333333,4.0,4.266666666666667,5.0,4.4,0.0,0.0,0.3333333333333333,0.26666666666666666,0.6666666666666666,0.5333333333333333,0.0,0.26666666666666666,0.3333333333333333,0.13333333333333333,0.04,0.04,0.16,0.16,0.21,0.21,6.666666666666667,6.666666666666667,3.6666666666666665,3.2666666666666666,3.3333333333333335,2.4,69.66666666666667,78.2,74.33333333333333,77.2,205.0,245.33333333333334,1590.3333333333333,1623.8,1674.0,1653.9333333333334,79.5,88.2,85.4,72.66666666666667,1,shovel,84,64.38296428444792,19.617035715552078
132631,9239,http://live.fanfooty.com.au/game/matchcentre.html?id=9239,R5,2025,290838.0,Jack,Darling,NM,21.0,81.0,96,103.0,70.0,90.0,9.0,7.0,5.0,4.0,2.0,3.0,3.0,2.0,1.0,Full Time,ruckfwd,%s from %P and %M plus %T... umps paid him %4FF... not helped by %F... Up forward on Andrew with ruck support,,,,,,,Forward,28.0,0.0,0.0,0.0,0.04,0.05,0.09,,,,10.0,3.0,5.0,75.0,87.0,207.0,0.0,False,1678,1592,6,9239_NM,97.20000000000005,0,71.0,1,6.666666666666667,6.666666666666667,4.333333333333333,4.066666666666666,4.0,4.0,2.3333333333333335,2.466666666666667,3.0,1.4666666666666666,1.3333333333333333,1.0,2.6666666666666665,1.4666666666666666,1.0,1.0666666666666667,0.3333333333333333,0.5333333333333333,0.04,0.04,0.05,0.05,0.09,0.09,7.0,5.666666666666667,2.0,0.6666666666666666,3.6666666666666665,2.7333333333333334,76.66666666666667,65.06666666666666,82.0,88.6,172.0,194.53333333333333,1590.3333333333333,1529.4,1674.0,1745.8666666666666,57.3,59.5,68.4,61.333333333333336,1,ruckfwd,96,68.01827887585667,27.981721124143334
132632,9239,http://live.fanfooty.com.au/game/matchcentre.html?id=9239,R5,2025,1004965.0,Tristan,Xerri,NM,26.0,73.0,83,89.0,64.0,81.0,3.0,6.0,1.0,6.0,33.0,1.0,3.0,0.0,0.0,Full Time,ruck,%H... also %P and %T... conceded %F... First ruck,,,,0.0,,,Ruck,38.0,0.0,0.0,0.0,0.0,4.43,14.38,,,,7.0,4.0,3.0,66.0,76.0,132.0,1.0,False,1678,1592,6,9239_NM,97.20000000000005,0,71.0,1,4.333333333333333,8.4,10.333333333333334,10.666666666666666,1.3333333333333333,3.2666666666666666,4.333333333333333,6.6,28.0,35.13333333333333,3.0,2.2,3.3333333333333335,2.466666666666667,0.0,0.26666666666666666,0.0,0.13333333333333333,0.0,0.0,4.43,4.43,14.38,14.38,10.666666666666666,13.0,5.666666666666667,6.933333333333334,5.333333333333333,4.666666666666667,69.0,69.73333333333333,77.0,82.26666666666667,107.0,178.46666666666667,1590.3333333333333,1623.8,1674.0,1653.9333333333334,119.5,126.8,104.8,88.66666666666667,1,ruck,83,114.22164755492787,-31.22164755492787
132633,9239,http://live.fanfooty.com.au/game/matchcentre.html?id=9239,R5,2025,290778.0,Luke,Parker,NM,9.0,69.0,69,86.0,58.0,87.0,9.0,15.0,2.0,3.0,0.0,0.0,2.0,0.0,0.0,Full Time,midfwd,%P and %M plus %T... Starting forward and joining mids,,,,,,,Midfielder,26.0,0.0,0.0,0.0,0.22,0.1,0.13,,,,10.0,7.0,5.0,62.0,74.0,276.0,0.0,False,1678,1592,6,9239_NM,97.20000000000005,0,71.0,0,10.0,8.733333333333333,14.0,8.333333333333334,2.6666666666666665,3.2,5.666666666666667,3.066666666666667,0.0,0.0,0.6666666666666666,0.8666666666666667,1.6666666666666667,0.8666666666666667,0.6666666666666666,1.1333333333333333,0.0,0.3333333333333333,0.22,0.22,0.1,0.1,0.13,0.13,10.666666666666666,7.533333333333333,5.666666666666667,3.066666666666667,5.0,2.7333333333333334,63.666666666666664,65.06666666666666,75.0,74.0,249.33333333333334,210.86666666666667,1590.3333333333333,1636.3333333333333,1674.0,1647.0666666666666,73.6,72.8,83.2,89.33333333333333,1,midfwd,69,85.5780032994514,-16.578003299451396
132634,9239,http://live.fanfooty.com.au/game/matchcentre.html?id=9239,R5,2025,993816.0,Darcy,Tucker,NM,9.0,68.0,55,83.0,57.0,75.0,11.0,10.0,4.0,0.0,0.0,3.0,0.0,0.0,0.0,Full Time,wing,%P and %M... helped out by %4FF... Playing an outside game against Weller,,,,0.0,,,Midfielder,13.0,16.0,61.0,0.0,0.0,0.07,0.1,,,,6.0,0.0,0.0,81.0,85.0,102.0,0.0,False,1678,1592,6,9239_NM,97.20000000000005,0,71.0,0,12.0,10.866666666666667,8.0,7.6,5.333333333333333,4.266666666666667,1.3333333333333333,2.3333333333333335,0.0,0.0,1.6666666666666667,0.7333333333333333,0.3333333333333333,0.4,0.0,0.0,0.0,0.0,0.0,0.0,0.07,0.07,0.1,0.1,3.3333333333333335,3.6666666666666665,0.3333333333333333,0.5333333333333333,1.3333333333333333,1.8666666666666667,86.66666666666667,80.26666666666667,82.0,82.13333333333334,227.0,267.46666666666664,1590.3333333333333,1630.4666666666667,1674.0,1646.8,69.55,59.9,61.4,72.0,1,wing,55,70.75976476101943,-15.759764761019426
132635,9239,http://live.fanfooty.com.au/game/matchcentre.html?id=9239,R5,2025,1002947.0,Paul,Curtis,NM,16.0,66.0,73,85.0,58.0,77.0,8.0,6.0,3.0,4.0,0.0,3.0,4.0,2.0,2.0,Full Time,pocket,%s from %P and %M plus %T... umps paid him %4FF... not helped by %F... Playing a small forward role,,,,,,,Forward,25.0,0.0,0.0,0.0,0.18,0.18,0.39,,,,9.0,3.0,4.0,57.0,82.0,208.0,0.0,False,1678,1592,6,9239_NM,97.20000000000005,0,71.0,1,7.333333333333333,7.2,5.0,5.466666666666667,4.0,4.0,4.333333333333333,4.066666666666666,0.0,0.0,2.0,1.1333333333333333,2.3333333333333335,1.5333333333333334,2.0,1.5333333333333334,0.6666666666666666,0.8,0.18,0.18,0.18,0.18,0.39,0.39,7.333333333333333,6.066666666666666,1.0,0.26666666666666666,3.0,3.2666666666666666,70.66666666666667,66.33333333333333,80.66666666666667,81.8,211.0,201.6,1590.3333333333333,1623.8,1674.0,1653.9333333333334,69.7,76.6,89.8,88.0,1,pocket,73,71.04676891163702,1.9532310883629833
132636,9239,http://live.fanfooty.com.au/game/matchcentre.html?id=9239,R5,2025,999827.0,Zac,Fisher,NM,12.0,66.0,95,78.0,54.0,81.0,12.0,15.0,0.0,0.0,0.0,0.0,0.0,0.0,0.0,Full Time,guard,%P... Starting on a HBF on Rogers,,,,0.0,,,Forward,16.0,17.0,69.47,0.0,0.0,9.0,9.07,,,,7.0,0.0,1.0,92.0,85.0,478.0,0.0,False,1678,1592,6,9239_NM,97.20000000000005,0,71.0,1,16.333333333333332,16.866666666666667,10.666666666666666,7.933333333333334,3.0,4.733333333333333,0.6666666666666666,0.7333333333333333,0.0,0.0,0.6666666666666666,0.6666666666666666,1.0,0.6,0.0,0.0,0.0,0.06666666666666667,0.0,0.0,9.0,9.0,9.07,9.07,6.333333333333333,5.666666666666667,0.0,0.4666666666666667,3.6666666666666665,2.6,75.0,77.73333333333333,77.0,73.13333333333334,460.3333333333333,407.2,1426.6666666666667,1554.8666666666666,1853.6666666666667,1725.7333333333333,84.3,91.9,78.2,90.0,1,guard,95,108.45036194730204,-13.450361947302042
132637,9239,http://live.fanfooty.com.au/game/matchcentre.html?id=9239,R5,2025,1001017.0,Nick,Larkey,NM,10.0,60.0,55,73.0,50.0,62.0,8.0,4.0,3.0,1.0,0.0,1.0,0.0,2.0,2.0,Full Time,sergeant,%s from %P and %M... Starting forward on Collins,,,,0.0,,,Forward,20.0,0.0,0.0,0.0,0.0,1.53,1.88,,,,3.0,0.0,2.0,58.0,96.0,156.0,0.0,False,1678,1592,6,9239_NM,97.20000000000005,0,71.0,0,7.0,6.2,3.6666666666666665,3.066666666666667,3.6666666666666665,4.133333333333334,0.3333333333333333,0.8666666666666667,0.3333333333333333,0.5333333333333333,1.3333333333333333,0.9333333333333333,0.0,0.6666666666666666,2.6666666666666665,2.2666666666666666,1.3333333333333333,0.6666666666666666,0.0,0.0,1.53,1.53,1.88,1.88,4.0,4.0,0.6666666666666666,0.13333333333333333,1.3333333333333333,1.4,76.66666666666667,78.8,91.66666666666667,92.93333333333334,146.0,148.13333333333333,1590.3333333333333,1623.8,1674.0,1653.9333333333334,64.25,62.7,67.6,64.0,1,sergeant,55,69.92461453644007,-14.924614536440075
132640,9239,http://live.fanfooty.com.au/game/matchcentre.html?id=9239,R5,2025,998484.0,Cameron,Zurhaar,NM,14.0,47.0,70,62.0,38.0,51.0,5.0,4.0,2.0,4.0,0.0,2.0,2.0,1.0,0.0,Full Time,spearhead,%s from %P and %M plus %T... Third key forward on Uwland,,,,0.0,,,Forward,44.0,5.0,42.2,0.0,0.0,0.49,0.4,,,,7.0,0.0,2.0,88.0,82.0,164.0,0.0,False,1678,1592,6,9239_NM,97.20000000000005,0,71.0,0,6.333333333333333,9.133333333333333,3.3333333333333335,5.133333333333334,4.0,4.733333333333333,3.0,2.6,0.0,0.0,0.6666666666666666,0.8666666666666667,1.6666666666666667,1.0666666666666667,1.0,1.3333333333333333,0.0,0.7333333333333333,0.0,0.0,0.49,0.49,0.4,0.4,4.333333333333333,5.266666666666667,0.0,0.4,3.0,3.3333333333333335,76.33333333333333,69.26666666666667,86.66666666666667,85.86666666666666,187.33333333333334,278.73333333333335,1590.3333333333333,1623.8,1674.0,1653.9333333333334,70.75,62.8,69.2,57.666666666666664,1,spearhead,70,69.6709508523606,0.3290491476393953
132641,9239,http://live.fanfooty.com.au/game/matchcentre.html?id=9239,R5,2025,296355.0,Luke,McDonald,NM,4.0,45.0,46,59.0,35.0,51.0,6.0,6.0,2.0,3.0,0.0,0.0,1.0,0.0,0.0,Full Time,job,%P and %M plus %T... Starting at half back on Walter then went to Read in Q4,,,,0.0,,,Back,11.0,21.0,71.24,0.0,0.0,0.11,0.16,,,,1.0,0.0,1.0,83.0,79.0,299.0,0.0,False,1678,1592,6,9239_NM,97.20000000000005,0,71.0,0,8.0,9.666666666666666,7.0,5.533333333333333,4.333333333333333,4.733333333333333,2.6666666666666665,1.9333333333333333,0.0,0.0,1.0,0.5333333333333333,0.3333333333333333,0.4666666666666667,0.0,0.0,0.0,0.0,0.0,0.0,0.11,0.11,0.16,0.16,4.0,4.0,0.0,0.2,0.3333333333333333,1.4,94.33333333333333,86.8,83.0,84.73333333333333,214.33333333333334,284.6,1590.3333333333333,1623.8,1674.0,1653.9333333333334,70.15,71.2,74.8,74.66666666666667,1,job,46,58.684227403015505,-12.684227403015505
132642,9239,http://live.fanfooty.com.au/game/matchcentre.html?id=9239,R5,2025,294508.0,Aidan,Corr,NM,3.0,43.0,59,57.0,35.0,51.0,10.0,4.0,2.0,1.0,0.0,1.0,2.0,0.0,0.0,Full Time,job,%P including %K... also %M... Playing key defender on King,,,,0.0,,,Back,4.0,16.0,43.56,0.0,0.0,0.06,0.06,,,,5.0,0.0,2.0,78.0,93.0,302.0,0.0,False,1678,1592,6,9239_NM,97.20000000000005,0,71.0,0,11.333333333333334,9.8,4.0,3.933333333333333,3.6666666666666665,5.0,1.6666666666666667,1.4,0.0,0.0,0.6666666666666666,0.6,1.3333333333333333,0.8,0.0,0.0,0.0,0.0,0.0,0.0,0.06,0.06,0.06,0.06,3.6666666666666665,3.6666666666666665,0.0,0.26666666666666666,1.6666666666666667,1.6,86.0,85.2,91.66666666666667,93.6,237.0,209.33333333333334,1590.3333333333333,1623.8,1674.0,1653.9333333333334,67.8,69.9,75.2,72.0,1,job,59,59.097592863071085,-0.09759286307108539
132643,9239,http://live.fanfooty.com.au/game/matchcentre.html?id=9239,R5,2025,997933.0,Griffin,Logue,NM,5.0,39.0,64,54.0,38.0,57.0,5.0,6.0,4.0,3.0,3.0,0.0,5.0,0.0,0.0,Full Time,switch,%P and %M plus %T... conceded %F... In defence on Long... switched to ruck in Q4,,,,0.0,,,Back,19.0,0.0,0.0,0.0,0.0,0.15,0.14,,,,3.0,2.0,5.0,72.0,84.0,123.0,0.0,False,1678,1592,6,9239_NM,97.20000000000005,0,71.0,0,6.0,6.933333333333334,4.0,5.6,4.0,4.733333333333333,1.6666666666666667,1.2666666666666666,1.0,1.6666666666666667,0.3333333333333333,0.3333333333333333,1.6666666666666667,0.6,0.0,0.06666666666666667,0.0,0.06666666666666667,0.0,0.0,0.15,0.5833333333333335,0.14,0.8733333333333333,2.0,4.533333333333333,0.6666666666666666,0.2,1.6666666666666667,1.9333333333333333,88.0,77.0,76.33333333333333,90.06666666666666,135.33333333333334,149.46666666666667,1633.0,1565.9333333333334,1635.3333333333333,1718.6666666666667,66.55,66.3,62.8,61.333333333333336,1,switch,64,80.34617076710953,-16.346170767109527
132644,9239,http://live.fanfooty.com.au/game/matchcentre.html?id=9239,R5,2025,1015781.0,Charlie,Comben,NM,8.0,38.0,50,53.0,37.0,51.0,7.0,3.0,6.0,1.0,0.0,1.0,4.0,0.0,0.0,Full Time,switch,%P and %M... not helped by %F... In defence on Read... switched forward in Q4,,,,,,,Forward,30.0,0.0,0.0,0.0,0.13,0.55,0.53,,,,4.0,0.0,5.0,70.0,97.0,179.0,0.0,False,1678,1592,6,9239_NM,97.20000000000005,0,71.0,0,8.0,8.4,4.666666666666667,4.466666666666667,5.333333333333333,6.066666666666666,1.3333333333333333,1.2,0.0,0.0,0.3333333333333333,0.6,2.0,1.1333333333333333,0.0,0.2,0.0,0.0,0.13,0.13,0.55,0.55,0.53,0.53,6.0,5.733333333333333,0.0,0.0,3.3333333333333335,2.4,70.33333333333333,81.86666666666666,89.0,86.8,146.33333333333334,155.2,1590.3333333333333,1652.8666666666666,1674.0,1625.0,71.75,59.9,61.6,62.333333333333336,1,switch,50,86.67991283696682,-36.67991283696682
132646,9239,http://live.fanfooty.com.au/game/matchcentre.html?id=9239,R5,2025,1024272.0,Colby,McKercher,NM,2.0,26.0,22,33.0,24.0,33.0,4.0,4.0,3.0,0.0,0.0,0.0,1.0,0.0,0.0,Full Time,guard,Subbed off at 3QT for Hardeman... %P and %M,subbed,Floating about,,,,,Midfielder,10.0,0.0,0.0,0.0,58.68,63.06,54.68,,,,0.0,0.0,2.0,75.0,60.0,180.0,1.0,True,1678,1592,6,9239_NM,97.20000000000005,0,71.0,0,10.333333333333334,16.533333333333335,6.0,8.133333333333333,5.0,4.266666666666667,0.3333333333333333,1.7333333333333334,0.0,0.0,0.0,0.06666666666666667,0.6666666666666666,0.8,0.3333333333333333,0.13333333333333333,0.0,0.2,58.68,58.68,63.06,63.06,54.68,54.68,1.6666666666666667,3.533333333333333,0.3333333333333333,0.7333333333333333,1.6666666666666667,2.6666666666666665,83.0,79.8,73.0,79.46666666666667,250.0,420.1333333333333,1590.3333333333333,1585.6666666666667,1674.0,1694.7333333333333,85.2,81.8,58.8,57.333333333333336,1,guard,22,99.2665527487467,-77.2665527487467
132648,9239,http://live.fanfooty.com.au/game/matchcentre.html?id=9239,R5,2025,1005992.0,Joel,Jeffrey,GC,27.0,108.0,104,83.0,90.0,112.0,14.0,6.0,13.0,2.0,0.0,0.0,0.0,1.0,1.0,Full Time,hot,%s from %P and %M plus %T,guard,Playing a half back role,,,,,Forward,40.0,0.0,0.0,0.0,0.13,0.28,0.23,,,,3.0,0.0,0.0,90.0,80.0,690.0,0.0,False,1592,1678,6,9239_GC,97.20000000000005,1,71.0,1,10.666666666666666,11.666666666666666,6.333333333333333,5.866666666666666,5.333333333333333,4.266666666666667,3.0,1.7333333333333334,0.0,0.0,1.0,0.4,0.0,0.4666666666666667,0.3333333333333333,0.13333333333333333,0.6666666666666666,0.26666666666666666,0.13,0.13,0.28,0.28,0.23,0.23,5.666666666666667,4.2,0.6666666666666666,0.4666666666666667,2.0,2.1333333333333333,72.66666666666667,77.93333333333334,79.0,76.6,444.3333333333333,398.26666666666665,1682.3333333333333,1656.2,1593.0,1625.7333333333333,69.1,73.4,71.6,79.66666666666667,1,hot,104,70.05511741981299,33.94488258018701
132649,9239,http://live.fanfooty.com.au/game/matchcentre.html?id=9239,R5,2025,1009208.0,Matt,Rowell,GC,30.0,99.0,126,78.0,77.0,109.0,12.0,14.0,1.0,7.0,0.0,3.0,2.0,1.0,1.0,Full Time,star,Another early-season three-voter... %P and %T plus %s... aided by %4FF,shovel,Starting in midfield,,,,,,18.0,0.0,0.0,0.0,2.13,1.73,1.08,,,,15.0,11.0,4.0,80.0,81.0,442.0,1.0,False,1592,1678,6,9239_GC,97.20000000000005,1,71.0,1,13.0,11.0,13.333333333333334,12.933333333333334,2.6666666666666665,1.9333333333333333,7.333333333333333,6.866666666666666,0.0,0.0,2.0,2.0,2.3333333333333335,1.6,0.3333333333333333,0.2,0.6666666666666666,0.26666666666666666,2.13,2.13,1.73,1.73,1.08,1.08,14.666666666666666,13.6,9.333333333333334,7.466666666666667,6.0,5.066666666666666,71.0,65.73333333333333,83.0,81.0,391.6666666666667,335.2,1682.3333333333333,1616.0,1593.0,1658.4666666666667,95.25,103.7,117.2,112.0,1,star,126,96.1339772451814,29.8660227548186
132650,9239,http://live.fanfooty.com.au/game/matchcentre.html?id=9239,R5,2025,1000072.0,John,Noble,GC,24.0,98.0,100,37.0,79.0,111.0,23.0,5.0,6.0,1.0,0.0,0.0,3.0,1.0,0.0,Full Time,sore,Corked right thigh in a clash with Xerri in Q2... %P including %K... also %M... and scored %s... conceded %F,guard,Running off smalls,,,,,Back,2.0,0.0,0.0,0.0,0.18,0.1,0.44,,,,5.0,0.0,7.0,71.0,84.0,712.0,0.0,True,1592,1678,6,9239_GC,97.20000000000005,1,71.0,1,19.0,12.333333333333334,6.666666666666667,6.666666666666667,6.0,4.133333333333334,3.0,2.8666666666666667,0.0,0.0,0.3333333333333333,0.6666666666666666,2.0,0.5333333333333333,0.6666666666666666,0.13333333333333333,0.3333333333333333,0.06666666666666667,0.18,0.18,0.1,0.1,0.44,0.44,4.666666666666667,3.6,0.6666666666666666,0.6,5.0,2.533333333333333,71.66666666666667,77.6,85.33333333333333,79.73333333333333,530.0,371.3333333333333,1682.3333333333333,1635.6666666666667,1593.0,1643.8,82.45,79.4,91.6,95.66666666666667,1,sore,100,95.34694771212357,4.653052287876434
132651,9239,http://live.fanfooty.com.au/game/matchcentre.html?id=9239,R5,2025,298272.0,Touk,Miller,GC,25.0,97.0,106,78.0,79.0,109.0,10.0,17.0,3.0,4.0,0.0,1.0,0.0,1.0,1.0,Full Time,midfwd,%P and %M plus %T... %s as well... Rotating from half forward to mids,,,,0.0,,,Midfielder,11.0,21.0,86.0,0.0,0.0,27.09,15.14,,,,11.0,5.0,1.0,70.0,83.0,411.0,0.0,False,1592,1678,6,9239_GC,97.20000000000005,1,71.0,1,11.333333333333334,11.466666666666667,13.333333333333334,14.266666666666667,5.0,3.466666666666667,3.3333333333333335,3.7333333333333334,0.0,0.0,1.6666666666666667,1.4,0.6666666666666666,1.0666666666666667,1.6666666666666667,0.6666666666666666,0.6666666666666666,0.6,0.0,0.0,27.09,27.09,15.14,15.14,9.0,9.933333333333334,4.0,4.533333333333333,1.3333333333333333,3.8666666666666667,80.0,70.8,82.33333333333333,78.06666666666666,462.6666666666667,423.53333333333336,1682.3333333333333,1646.9333333333334,1593.0,1624.6,103.1,97.3,113.8,113.66666666666667,1,midfwd,106,102.30117954104867,3.6988204589513316
132652,9239,http://live.fanfooty.com.au/game/matchcentre.html?id=9239,R5,2025,1009199.0,Noah,Anderson,GC,19.0,94.0,113,57.0,72.0,103.0,16.0,11.0,3.0,4.0,0.0,1.0,1.0,0.0,1.0,Full Time,shovel,%P and %M plus %T... %s as well... Starting in midfield,,,,,,,Midfielder,15.0,0.0,0.0,0.0,1.95,2.67,2.28,,,,8.0,6.0,5.0,77.0,82.0,522.0,1.0,False,1592,1678,6,9239_GC,97.20000000000005,1,71.0,1,15.333333333333334,16.0,13.333333333333334,13.4,3.0,4.866666666666666,4.0,2.8666666666666667,0.0,0.0,1.3333333333333333,0.9333333333333333,0.3333333333333333,0.3333333333333333,0.3333333333333333,0.3333333333333333,1.0,0.4,1.95,1.95,2.67,2.67,2.28,2.28,10.666666666666666,10.866666666666667,5.0,5.266666666666667,4.666666666666667,3.8666666666666667,68.33333333333333,68.06666666666666,86.66666666666667,86.66666666666667,450.0,510.8,1682.3333333333333,1616.0,1593.0,1658.4666666666667,106.0,104.3,117.6,108.0,1,shovel,113,85.032915649932,27.967084350068006
132653,9239,http://live.fanfooty.com.au/game/matchcentre.html?id=9239,R5,2025,291975.0,Jarrod,Witts,GC,26.0,85.0,73,78.0,74.0,86.0,5.0,7.0,0.0,4.0,38.0,5.0,1.0,0.0,0.0,Full Time,ruck,%H... also %P and %T... aided by %4FF... First ruck,,,,0.0,,,Ruck,28.0,21.0,94.33,0.0,0.0,1.82,0.91,,,,8.0,5.0,2.0,75.0,81.0,162.0,0.0,False,1592,1678,6,9239_GC,97.20000000000005,0,71.0,1,4.666666666666667,6.066666666666666,8.333333333333334,7.333333333333333,1.0,2.1333333333333333,3.6666666666666665,3.7333333333333334,36.0,40.93333333333333,3.0,2.0,1.0,1.1333333333333333,0.3333333333333333,0.6,0.3333333333333333,0.13333333333333333,0.0,0.0,1.82,1.82,0.91,0.91,8.0,8.733333333333333,4.333333333333333,4.333333333333333,1.6666666666666667,2.3333333333333335,71.66666666666667,66.33333333333333,83.66666666666667,81.6,141.0,165.6,1682.3333333333333,1624.0,1593.0,1648.5333333333333,107.6,111.0,109.4,94.0,1,ruck,73,104.95667952404567,-31.95667952404567
132654,9239,http://live.fanfooty.com.au/game/matchcentre.html?id=9239,R5,2025,998130.0,Ben,Ainsworth,GC,20.0,85.0,91,60.0,67.0,93.0,12.0,10.0,3.0,4.0,0.0,1.0,1.0,1.0,0.0,Full Time,wing,First goal... %s from %P and %M plus %T... Starting forward,,,,0.0,,,Forward,9.0,16.0,60.88,0.0,0.0,0.46,0.47,,,,6.0,2.0,2.0,90.0,83.0,360.0,0.0,False,1592,1678,6,9239_GC,97.20000000000005,0,71.0,1,10.333333333333334,9.866666666666667,8.333333333333334,5.866666666666666,4.666666666666667,4.733333333333333,2.6666666666666665,1.4,0.0,0.0,0.6666666666666666,0.4666666666666667,0.3333333333333333,0.5333333333333333,0.3333333333333333,0.8666666666666667,0.3333333333333333,0.5333333333333333,0.0,0.0,0.46,0.46,0.47,0.47,5.333333333333333,3.533333333333333,2.0,0.8,2.3333333333333335,2.0,71.0,75.46666666666667,82.0,80.46666666666667,284.3333333333333,296.6666666666667,1739.6666666666667,1651.6,1536.0,1628.6,67.15,63.5,65.4,73.66666666666667,1,wing,91,68.71325831009699,22.28674168990301
132655,9239,http://live.fanfooty.com.au/game/matchcentre.html?id=9239,R5,2025,993917.0,Ben,Long,GC,20.0,80.0,101,56.0,65.0,83.0,11.0,4.0,3.0,3.0,0.0,1.0,1.0,3.0,2.0,Full Time,wing,%P including %K... also %M and %T... and kicked %s... Starting at half forward on Logue,,,,,,,Back,22.0,0.0,0.0,0.0,0.04,0.19,0.11,,,,9.0,1.0,3.0,66.0,78.0,358.0,0.0,False,1592,1678,6,9239_GC,97.20000000000005,1,71.0,1,9.333333333333334,8.066666666666666,3.3333333333333335,3.066666666666667,3.6666666666666665,4.066666666666666,3.3333333333333335,2.6,0.0,0.0,0.6666666666666666,0.4,0.3333333333333333,1.0,2.0,1.6666666666666667,1.0,1.0666666666666667,0.04,0.04,0.19,0.19,0.11,0.11,6.333333333333333,5.333333333333333,0.6666666666666666,0.5333333333333333,3.3333333333333335,2.933333333333333,53.333333333333336,55.4,83.33333333333333,83.0,284.6666666666667,229.46666666666667,1682.3333333333333,1616.0,1593.0,1658.4666666666667,66.7,68.5,84.2,81.33333333333333,1,wing,101,66.4517347013728,34.5482652986272
132656,9239,http://live.fanfooty.com.au/game/matchcentre.html?id=9239,R5,2025,1009260.0,Sam,Flanders,GC,16.0,78.0,93,58.0,67.0,90.0,9.0,12.0,3.0,2.0,0.0,1.0,1.0,2.0,0.0,Full Time,midfwd,%P and %M plus %T... %s as well... Often forward with centre rotations,,,,,,,Midfielder,3.0,0.0,0.0,0.0,40.12,36.37,39.15,,,,5.0,3.0,2.0,76.0,77.0,193.0,0.0,False,1592,1678,6,9239_GC,97.20000000000005,0,71.0,1,12.0,14.733333333333333,12.0,15.266666666666667,5.0,4.8,2.0,2.2,0.0,0.0,1.3333333333333333,1.2666666666666666,0.6666666666666666,0.4666666666666667,1.0,0.8666666666666667,0.3333333333333333,0.3333333333333333,40.12,40.12,36.37,36.37,39.15,39.15,8.666666666666666,9.933333333333334,4.0,4.466666666666667,4.666666666666667,3.2666666666666666,67.0,76.26666666666667,75.0,81.4,250.66666666666666,396.0,1682.3333333333333,1597.5333333333333,1593.0,1677.9333333333334,113.6,108.8,105.8,82.66666666666667,1,midfwd,93,106.27275726128484,-13.272757261284838
132657,9239,http://live.fanfooty.com.au/game/matchcentre.html?id=9239,R5,2025,1023500.0,Bailey,Humphrey,GC,15.0,68.0,74,70.0,51.0,72.0,5.0,9.0,3.0,7.0,0.0,1.0,1.0,0.0,0.0,Full Time,midfwd,%P and %M plus %T... Starting in attack with centre rotations,,,,,,,Midfielder,19.0,0.0,0.0,0.0,2.04,2.33,2.91,,,,9.0,4.0,2.0,85.0,77.0,143.0,1.0,False,1592,1678,6,9239_GC,97.20000000000005,0,71.0,1,7.333333333333333,6.266666666666667,9.333333333333334,5.8,2.3333333333333335,2.466666666666667,5.666666666666667,2.933333333333333,0.0,0.0,1.0,0.7333333333333333,0.6666666666666666,0.6666666666666666,0.6666666666666666,0.5333333333333333,0.3333333333333333,0.6,2.04,2.04,2.33,2.33,2.91,2.91,11.0,6.266666666666667,3.3333333333333335,1.8666666666666667,3.0,2.4,66.0,64.2,79.0,73.33333333333333,258.3333333333333,195.06666666666666,1682.3333333333333,1608.5333333333333,1593.0,1668.1333333333334,60.05,63.8,78.0,83.0,1,midfwd,74,72.5378734891494,1.4621265108505952
132658,9239,http://live.fanfooty.com.au/game/matchcentre.html?id=9239,R5,2025,1013257.0,Sam,Clohesy,GC,8.0,61.0,55,34.0,48.0,64.0,11.0,5.0,4.0,1.0,0.0,1.0,0.0,0.0,1.0,Full Time,wing,%P and %M plus %s... On the outside against TuckerStephens,,,,,,,Back,33.0,0.0,0.0,0.0,6.51,3.44,1.56,,,,5.0,0.0,3.0,62.0,76.0,342.0,0.0,False,1592,1678,6,9239_GC,97.20000000000005,0,71.0,0,10.0,9.4,5.666666666666667,5.8,4.666666666666667,3.533333333333333,1.6666666666666667,1.9333333333333333,0.0,0.0,0.3333333333333333,0.6666666666666666,0.0,0.3333333333333333,0.0,0.0,0.3333333333333333,0.2,6.51,6.51,3.44,3.44,1.56,1.56,3.6666666666666665,4.533333333333333,0.3333333333333333,1.0,2.0,1.8666666666666667,64.33333333333333,73.53333333333333,74.66666666666667,81.06666666666666,336.3333333333333,292.0,1682.3333333333333,1616.0,1593.0,1658.4666666666667,61.0,57.0,52.8,53.0,1,wing,55,62.548339143822375,-7.548339143822375
132659,9239,http://live.fanfooty.com.au/game/matchcentre.html?id=9239,R5,2025,1007881.0,Wil,Powell,GC,9.0,57.0,58,41.0,47.0,64.0,8.0,7.0,4.0,2.0,0.0,1.0,1.0,0.0,1.0,Full Time,guard,%P and %M plus %T... %s as well... Playing a half back role,,,,0.0,,,Back,27.0,7.0,40.43,0.0,0.0,0.24,0.49,,,,3.0,0.0,1.0,80.0,88.0,295.0,0.0,False,1592,1678,6,9239_GC,97.20000000000005,0,71.0,0,7.0,10.533333333333333,7.333333333333333,6.666666666666667,4.0,5.533333333333333,1.6666666666666667,2.2,0.0,0.0,0.3333333333333333,0.5333333333333333,2.0,0.8,0.0,0.13333333333333333,0.3333333333333333,0.2,0.0,0.0,0.24,0.24,0.49,0.49,5.666666666666667,4.133333333333334,0.6666666666666666,0.13333333333333333,2.6666666666666665,2.0,81.0,82.06666666666666,88.0,84.93333333333334,294.6666666666667,414.2,1682.3333333333333,1593.4,1593.0,1679.8,81.0,74.8,67.4,71.0,1,guard,58,97.4028962001143,-39.4028962001143
132661,9239,http://live.fanfooty.com.au/game/matchcentre.html?id=9239,R5,2025,1000981.0,Daniel,Rioli,GC,8.0,56.0,66,39.0,46.0,64.0,8.0,8.0,3.0,2.0,0.0,1.0,1.0,0.0,1.0,Full Time,guard,%P and %M plus %T... %s as well... Starting at half back,,,,,,,Back,17.0,0.0,0.0,0.0,0.53,0.61,0.86,,,,6.0,1.0,3.0,68.0,81.0,212.0,0.0,False,1592,1678,6,9239_GC,97.20000000000005,0,71.0,0,13.0,12.933333333333334,7.666666666666667,11.266666666666667,4.0,4.733333333333333,2.6666666666666665,2.2666666666666666,0.0,0.0,1.0,0.6666666666666666,0.3333333333333333,0.5333333333333333,0.0,0.4666666666666667,0.3333333333333333,0.13333333333333333,0.53,0.53,0.61,0.61,0.86,0.86,5.666666666666667,5.733333333333333,1.3333333333333333,1.2666666666666666,1.6666666666666667,2.533333333333333,80.0,76.86666666666666,79.66666666666667,82.93333333333334,407.3333333333333,387.6,1682.3333333333333,1564.9333333333334,1593.0,1707.0,95.2,102.9,103.4,106.33333333333333,1,guard,66,110.27881788727693,-44.27881788727693
132662,9239,http://live.fanfooty.com.au/game/matchcentre.html?id=9239,R5,2025,1006144.0,Ben,King,GC,20.0,55.0,71,42.0,50.0,54.0,5.0,1.0,2.0,0.0,0.0,2.0,0.0,5.0,0.0,Full Time,target,%s from %P and %M,apples,In attack on Corr,,,,,Forward,34.0,0.0,0.0,0.0,0.71,0.58,0.63,,,,2.0,0.0,0.0,83.0,83.0,109.0,0.0,False,1592,1678,6,9239_GC,97.20000000000005,0,71.0,1,6.333333333333333,6.866666666666666,2.6666666666666665,1.8666666666666667,3.0,5.0,0.6666666666666666,0.6,0.0,0.0,2.3333333333333335,1.2,0.3333333333333333,0.4,3.6666666666666665,2.8,1.6666666666666667,1.5333333333333334,0.71,0.71,0.58,0.58,0.63,0.63,5.333333333333333,4.133333333333334,0.0,0.06666666666666667,1.0,1.4666666666666666,66.33333333333333,60.8,84.33333333333333,85.66666666666667,130.0,175.46666666666667,1682.3333333333333,1606.8666666666666,1593.0,1678.2666666666667,63.9,67.0,71.8,69.0,1,target,71,60.37716145656691,10.62283854343309
132664,9239,http://live.fanfooty.com.au/game/matchcentre.html?id=9239,R5,2025,1026960.0,Will,Graham,GC,10.0,48.0,42,41.0,39.0,54.0,5.0,6.0,2.0,3.0,0.0,0.0,1.0,1.0,0.0,Full Time,midfwd,%P and %M plus %T... %s as well... Rotating in attack and midfield,,,,,,,Midfielder,26.0,0.0,0.0,0.0,2.66,2.92,1.75,,,,7.0,1.0,4.0,54.0,83.0,129.0,0.0,False,1592,1678,6,9239_GC,97.20000000000005,0,71.0,0,6.333333333333333,5.8,6.0,6.666666666666667,2.6666666666666665,2.1333333333333333,2.6666666666666665,3.533333333333333,0.0,0.0,0.6666666666666666,1.0,1.3333333333333333,0.8,1.6666666666666667,0.8666666666666667,0.3333333333333333,0.3333333333333333,2.66,2.66,2.92,2.92,1.75,1.75,6.0,5.666666666666667,0.6666666666666666,1.1333333333333333,3.0,2.2666666666666666,71.66666666666667,73.93333333333334,81.0,69.4,222.0,216.66666666666666,1682.3333333333333,1616.0,1593.0,1658.4666666666667,63.85,65.0,71.2,64.66666666666667,1,midfwd,42,70.58153338953376,-28.58153338953376
132665,9239,http://live.fanfooty.com.au/game/matchcentre.html?id=9239,R5,2025,298524.0,Lachie,Weller,GC,9.0,47.0,67,31.0,41.0,55.0,6.0,8.0,2.0,0.0,0.0,0.0,0.0,1.0,1.0,Full Time,wing,%P and %M plus %s... Starting on a wing against Tucker,,,,0.0,,,Midfielder,14.0,21.0,75.05,0.0,0.0,0.16,0.28,,,,6.0,1.0,2.0,71.0,84.0,252.0,0.0,False,1592,1678,6,9239_GC,97.20000000000005,0,71.0,0,5.666666666666667,9.933333333333334,5.666666666666667,6.466666666666667,2.0,4.0,1.6666666666666667,2.8,0.0,0.0,0.0,0.6666666666666666,0.0,0.5333333333333333,1.0,0.3333333333333333,1.0,0.4666666666666667,0.0,0.0,0.16,0.14333333333333334,0.28,0.2366666666666667,4.333333333333333,4.466666666666667,1.0,1.2666666666666666,1.3333333333333333,2.6666666666666665,67.0,68.8,79.66666666666667,76.46666666666667,251.0,383.4,1682.3333333333333,1635.9333333333334,1593.0,1641.8,74.1,62.4,55.6,57.333333333333336,1,wing,67,66.29442587660141,0.7055741233985913
132667,9239,http://live.fanfooty.com.au/game/matchcentre.html?id=9239,R5,2025,295446.0,Sam,Collins,GC,3.0,37.0,50,25.0,31.0,42.0,6.0,3.0,4.0,1.0,0.0,0.0,1.0,0.0,0.0,Full Time,job,%M and %P... At FB on Larkey,,,,,,,Back,25.0,0.0,0.0,0.0,0.27,0.07,0.21,,,,3.0,0.0,2.0,88.0,95.0,6.0,1.0,False,1592,1678,6,9239_GC,97.20000000000005,0,71.0,0,6.0,6.8,3.6666666666666665,4.866666666666666,4.0,5.533333333333333,1.0,1.4666666666666666,0.0,0.0,1.0,0.8,0.6666666666666666,0.4,0.0,0.0,0.0,0.0,0.27,0.27,0.07,0.07,0.21,0.21,5.0,5.933333333333334,0.0,0.3333333333333333,1.6666666666666667,1.1333333333333333,89.33333333333333,84.66666666666667,96.33333333333333,95.46666666666667,96.0,156.66666666666666,1682.3333333333333,1616.0,1593.0,1658.4666666666667,75.65,68.0,62.0,65.66666666666667,1,job,50,59.588196196214795,-9.588196196214795
132668,9239,http://live.fanfooty.com.au/game/matchcentre.html?id=9239,R5,2025,1017665.0,Bodhi,Uwland,GC,3.0,35.0,41,17.0,32.0,45.0,7.0,5.0,3.0,0.0,0.0,1.0,2.0,0.0,0.0,Full Time,bull,%M and %P... Responsible for Zurhaar,,,,,,,Back,32.0,0.0,0.0,0.0,0.31,0.32,1.93,,,,2.0,0.0,3.0,83.0,82.0,190.0,0.0,False,1592,1678,6,9239_GC,97.20000000000005,0,71.0,0,8.0,10.266666666666667,5.333333333333333,5.733333333333333,2.6666666666666665,4.733333333333333,1.6666666666666667,2.0,0.0,0.0,1.0,0.8666666666666667,0.6666666666666666,0.6666666666666666,0.0,0.0,0.0,0.13333333333333333,0.31,0.31,0.32,0.32,1.93,1.93,3.6666666666666665,4.0,0.0,0.3333333333333333,2.0,1.7333333333333334,89.33333333333333,78.0,83.33333333333333,85.06666666666666,267.0,314.06666666666666,1682.3333333333333,1616.0,1593.0,1658.4666666666667,74.0,68.4,65.2,59.333333333333336,1,bull,41,63.09862382502164,-22.09862382502164
132669,9239,http://live.fanfooty.com.au/game/matchcentre.html?id=9239,R5,2025,1017396.0,Mac,Andrew,GC,2.0,32.0,50,24.0,28.0,36.0,4.0,5.0,2.0,1.0,0.0,3.0,1.0,0.0,0.0,Full Time,job,%M and %P... aided by %4FF... In defence on Darling,,,,,,,Back,1.0,0.0,0.0,0.0,0.04,0.17,0.32,,,,6.0,0.0,1.0,77.0,90.0,69.0,0.0,False,1592,1678,6,9239_GC,97.20000000000005,0,71.0,0,6.0,8.266666666666667,4.666666666666667,4.2,3.0,4.533333333333333,0.3333333333333333,1.4,0.0,2.2666666666666666,1.6666666666666667,1.0666666666666667,0.3333333333333333,1.4,0.0,0.6,0.3333333333333333,0.26666666666666666,0.04,0.04,0.17,0.17,0.32,0.32,4.0,3.7333333333333334,0.0,0.6,1.6666666666666667,3.066666666666667,72.33333333333333,74.46666666666667,88.66666666666667,89.26666666666667,219.33333333333334,259.93333333333334,1682.3333333333333,1597.5333333333333,1593.0,1677.9333333333334,67.1,56.0,47.6,55.0,1,job,50,55.432628559485025,-5.432628559485025
132670,9240,http://live.fanfooty.com.au/game/matchcentre.html?id=9240,R5,2025,1006094.0,Sam,Walsh,CA,36.0,126.0,141,147.0,113.0,150.0,13.0,24.0,6.0,1.0,0.0,2.0,1.0,3.0,0.0,Full Time,star,3 goals in a prolific Q2... %P and %M plus %s,wing,Playing inside/outside midfield,,,,,Midfielder,18.0,0.0,0.0,0.0,32.37,35.39,25.83,,,,11.0,5.0,3.0,78.0,84.0,422.0,1.0,False,1285,1976,6,9240_CA,97.20000000000005,1,71.0,1,13.666666666666666,11.666666666666666,17.666666666666668,15.066666666666666,4.666666666666667,3.4,4.666666666666667,6.466666666666667,0.0,0.0,2.0,1.0,1.0,1.0,1.0,0.4,0.3333333333333333,0.26666666666666666,32.37,32.37,35.39,35.39,25.83,25.83,10.0,10.266666666666667,4.333333333333333,4.2,4.0,3.466666666666667,74.0,66.73333333333333,83.66666666666667,82.26666666666667,368.6666666666667,335.1333333333333,1700.6666666666667,1649.6,1579.6666666666667,1629.9333333333334,102.6,103.7,103.2,111.66666666666667,1,star,141,101.93487326910449,39.065126730895514
132671,9240,http://live.fanfooty.com.au/game/matchcentre.html?id=9240,R5,2025,294036.0,George,Hewett,CA,25.0,121.0,132,148.0,104.0,144.0,17.0,22.0,8.0,1.0,0.0,1.0,1.0,0.0,0.0,Full Time,cherry,%P and %M,shovel,Doing jobs in midfield,,,,,Midfielder,29.0,0.0,0.0,0.0,0.93,0.47,1.27,,,,13.0,8.0,3.0,76.0,80.0,440.0,0.0,False,1285,1976,6,9240_CA,97.20000000000005,1,71.0,1,14.666666666666666,13.266666666666667,17.0,14.133333333333333,4.666666666666667,3.533333333333333,5.333333333333333,5.733333333333333,0.0,0.0,1.6666666666666667,1.5333333333333334,1.3333333333333333,1.2666666666666666,0.6666666666666666,0.4,0.3333333333333333,0.2,0.93,0.93,0.47,0.47,1.27,1.27,14.333333333333334,12.0,7.666666666666667,6.066666666666666,4.0,3.8,73.0,70.73333333333333,80.0,79.46666666666667,366.6666666666667,335.6,1700.6666666666667,1657.5333333333333,1579.6666666666667,1622.1333333333334,101.35,117.1,120.0,127.66666666666667,1,cherry,132,95.40409943119117,36.59590056880883
132672,9240,http://live.fanfooty.com.au/game/matchcentre.html?id=9240,R5,2025,1002239.0,Adam,Cerra,CA,20.0,101.0,117,126.0,81.0,111.0,10.0,17.0,5.0,5.0,0.0,2.0,0.0,0.0,0.0,Full Time,gun,%P and %M plus %T,shovel,Starting on ball,,0.0,,,Midfielder,5.0,20.0,59.5,0.0,0.0,0.8,0.65,,,,14.0,8.0,1.0,77.0,78.0,339.0,0.0,False,1285,1976,6,9240_CA,97.20000000000005,1,71.0,1,13.333333333333334,11.733333333333333,12.0,9.6,5.333333333333333,2.933333333333333,4.666666666666667,3.6666666666666665,0.0,0.0,1.6666666666666667,1.1333333333333333,1.3333333333333333,0.8,0.0,0.2,0.0,0.2,0.0,0.0,0.8,0.8,0.65,0.65,11.666666666666666,8.466666666666667,6.666666666666667,3.7333333333333334,2.6666666666666665,2.6,76.0,71.26666666666667,77.0,70.33333333333333,396.3333333333333,338.1333333333333,1700.6666666666667,1651.7333333333333,1579.6666666666667,1627.8,89.35,86.2,106.6,104.66666666666667,1,gun,117,89.4811511389183,27.518848861081693
132673,9240,http://live.fanfooty.com.au/game/matchcentre.html?id=9240,R5,2025,297255.0,Mitch,McGovern,CA,20.0,100.0,125,131.0,78.0,102.0,20.0,3.0,7.0,2.0,0.0,2.0,1.0,1.0,0.0,Full Time,bluemoon,%P including %K... also %M and %T... and booted %s,job,In defence on Waterman,,0.0,,,Back,11.0,11.0,70.91,0.0,0.0,0.16,0.18,,,,3.0,0.0,2.0,95.0,87.0,668.0,0.0,False,1285,1976,6,9240_CA,97.20000000000005,1,71.0,1,13.666666666666666,12.733333333333333,3.0,2.6,5.666666666666667,4.466666666666667,1.6666666666666667,1.4666666666666666,0.0,0.0,1.0,1.0,0.3333333333333333,0.5333333333333333,0.3333333333333333,0.2,0.0,0.13333333333333333,0.0,0.0,0.16,0.16,0.18,0.18,3.3333333333333335,3.8,0.3333333333333333,0.5333333333333333,2.0,2.466666666666667,71.66666666666667,78.8,83.33333333333333,78.26666666666667,408.6666666666667,389.3333333333333,1700.6666666666667,1653.0,1579.6666666666667,1630.5333333333333,70.35,70.1,66.0,75.33333333333333,1,bluemoon,125,65.24697305154689,59.75302694845311
132674,9240,http://live.fanfooty.com.au/game/matchcentre.html?id=9240,R5,2025,295461.0,Adam,Saad,CA,18.0,91.0,116,117.0,72.0,96.0,19.0,6.0,7.0,0.0,0.0,1.0,0.0,0.0,0.0,Full Time,guard,%P including %K... also %M... Running from defence,,,,0.0,,,Back,42.0,21.0,58.14,0.0,0.0,0.7,1.51,,,,6.0,1.0,1.0,84.0,78.0,455.0,0.0,False,1285,1976,6,9240_CA,97.20000000000005,1,71.0,1,17.333333333333332,13.4,5.333333333333333,6.0,5.0,3.2666666666666666,1.6666666666666667,2.066666666666667,0.0,0.0,0.6666666666666666,0.6666666666666666,0.3333333333333333,0.13333333333333333,0.0,0.06666666666666667,0.3333333333333333,0.06666666666666667,0.0,0.0,0.7,0.7,1.51,1.51,5.333333333333333,5.8,1.3333333333333333,1.0666666666666667,3.0,1.8666666666666667,78.66666666666667,80.73333333333333,79.66666666666667,79.73333333333333,424.0,343.8666666666667,1700.6666666666667,1648.2,1579.6666666666667,1632.4,85.7,85.3,87.0,99.0,1,guard,116,107.64469173466722,8.35530826533278
132675,9240,http://live.fanfooty.com.au/game/matchcentre.html?id=9240,R5,2025,295265.0,Nick,Haynes,CA,19.0,90.0,96,116.0,74.0,93.0,16.0,5.0,10.0,0.0,0.0,2.0,0.0,0.0,0.0,Full Time,guard,%P including %K... also %M... In defence,,,,0.0,,,Back,26.0,21.0,71.9,0.0,0.0,0.09,0.14,,,,7.0,0.0,1.0,90.0,84.0,426.0,0.0,False,1285,1976,6,9240_CA,97.20000000000005,0,71.0,1,13.0,11.2,3.6666666666666665,3.933333333333333,8.666666666666666,6.4,1.0,1.1333333333333333,0.0,0.0,1.3333333333333333,0.5333333333333333,0.0,0.3333333333333333,0.0,0.0,0.0,0.06666666666666667,0.0,0.008666666666666666,0.09,0.18733333333333332,0.14,0.20666666666666664,5.0,3.8666666666666667,0.6666666666666666,0.5333333333333333,1.6666666666666667,2.466666666666667,79.66666666666667,74.46666666666667,83.33333333333333,72.13333333333334,370.0,301.93333333333334,1700.6666666666667,1659.4,1579.6666666666667,1626.4,65.3,72.0,68.2,77.66666666666667,1,guard,96,91.33222946920644,4.667770530793561
132676,9240,http://live.fanfooty.com.au/game/matchcentre.html?id=9240,R5,2025,295518.0,Sam,Docherty,CA,20.0,87.0,67,108.0,72.0,96.0,11.0,11.0,6.0,2.0,0.0,0.0,0.0,1.0,0.0,Full Time,wing,%P and %M plus %T... %s as well... Starting on a wing,,,,0.0,,,Back,15.0,0.0,0.0,0.0,0.0,0.34,0.61,,,,4.0,2.0,2.0,63.0,81.0,306.0,0.0,False,1285,1976,6,9240_CA,97.20000000000005,0,71.0,0,14.0,12.933333333333334,7.333333333333333,6.8,6.666666666666667,4.666666666666667,3.0,4.133333333333334,0.0,0.0,0.6666666666666666,0.6,0.0,0.3333333333333333,0.3333333333333333,0.3333333333333333,0.0,0.5333333333333333,0.0,0.05,0.34,8.212,0.61,13.596666666666668,4.333333333333333,5.666666666666667,1.6666666666666667,2.2,2.0,2.6,68.66666666666667,68.0,85.33333333333333,74.2,409.3333333333333,377.53333333333336,1700.6666666666667,1663.2,1579.6666666666667,1616.0,85.6,70.5,71.6,72.66666666666667,1,wing,67,83.00342498350699,-16.00342498350699
132677,9240,http://live.fanfooty.com.au/game/matchcentre.html?id=9240,R5,2025,996731.0,Charlie,Curnow,CA,16.0,85.0,98,109.0,72.0,88.0,13.0,1.0,9.0,1.0,0.0,0.0,1.0,2.0,4.0,Full Time,butcher,Booted %s from %G and %P,spearhead,Starting at CHF on Brock,,0.0,,,Forward,30.0,19.0,76.47,0.0,0.0,4.45,4.69,,,,6.0,0.0,2.0,42.0,81.0,390.0,1.0,False,1285,1976,6,9240_CA,97.20000000000005,1,71.0,1,9.0,8.933333333333334,1.0,1.4666666666666666,5.0,5.066666666666666,1.3333333333333333,1.0,0.0,0.0,0.6666666666666666,1.6,0.6666666666666666,0.6666666666666666,2.0,2.2666666666666666,2.0,1.9333333333333333,0.0,0.0,4.45,4.45,4.69,4.69,5.0,5.2,0.0,0.13333333333333333,1.3333333333333333,1.8666666666666667,47.0,59.86666666666667,87.0,87.33333333333333,275.3333333333333,272.4,1700.6666666666667,1667.6,1579.6666666666667,1619.0666666666666,72.8,61.4,46.8,65.66666666666667,1,butcher,98,62.13632403838261,35.86367596161739
132678,9240,http://live.fanfooty.com.au/game/matchcentre.html?id=9240,R5,2025,990704.0,Patrick,Cripps,CA,20.0,84.0,114,98.0,77.0,101.0,11.0,12.0,3.0,0.0,2.0,1.0,2.0,3.0,3.0,Full Time,garbage,Cashed in with cheap goals late... %P and %M plus %s,switch,Playing inside midfield but moved to goalsquare forward in Q4,,0.0,,,Midfielder,9.0,21.0,108.81,0.0,0.0,1.77,2.39,,,,13.0,6.0,2.0,73.0,81.0,357.0,0.0,False,1285,1976,6,9240_CA,97.20000000000005,1,71.0,1,8.333333333333334,11.066666666666666,11.666666666666666,17.4,1.6666666666666667,2.6,3.0,4.733333333333333,0.6666666666666666,1.0,1.3333333333333333,2.066666666666667,1.3333333333333333,2.2666666666666666,1.3333333333333333,0.7333333333333333,1.0,0.6,0.0,0.0,1.77,1.77,2.39,2.39,10.333333333333334,15.6,4.666666666666667,8.4,3.3333333333333335,5.066666666666666,63.333333333333336,70.33333333333333,80.66666666666667,83.73333333333333,215.33333333333334,335.0,1700.6666666666667,1649.6,1579.6666666666667,1629.9333333333334,108.15,106.9,96.4,84.66666666666667,1,garbage,114,93.7409297139738,20.2590702860262
132679,9240,http://live.fanfooty.com.au/game/matchcentre.html?id=9240,R5,2025,1023495.0,Oliver,Hollands,CA,19.0,83.0,82,112.0,68.0,90.0,13.0,4.0,10.0,3.0,0.0,0.0,2.0,0.0,0.0,Full Time,guard,%P including %K... also %M and %T... Starting on a HBF,,,,,,,Midfielder,4.0,0.0,0.0,0.0,0.44,0.45,0.86,,,,2.0,0.0,4.0,76.0,81.0,414.0,0.0,False,1285,1976,6,9240_CA,97.20000000000005,0,71.0,1,11.333333333333334,10.466666666666667,5.333333333333333,5.533333333333333,7.0,4.666666666666667,2.6666666666666665,3.6,0.0,0.0,0.3333333333333333,0.6,2.3333333333333335,0.9333333333333333,0.6666666666666666,0.26666666666666666,0.3333333333333333,0.2,0.44,0.44,0.45,0.45,0.86,0.86,4.0,3.933333333333333,0.3333333333333333,0.7333333333333333,3.3333333333333335,2.2666666666666666,72.66666666666667,75.66666666666667,84.66666666666667,85.46666666666667,324.0,267.6,1700.6666666666667,1649.6,1579.6666666666667,1629.9333333333334,67.95,77.5,67.4,69.33333333333333,1,guard,82,91.79161674163345,-9.791616741633447
132680,9240,http://live.fanfooty.com.au/game/matchcentre.html?id=9240,R5,2025,1008154.0,Matthew,Cottrell,CA,13.0,82.0,83,107.0,65.0,83.0,17.0,2.0,8.0,0.0,0.0,1.0,0.0,0.0,2.0,Full Time,wing,%P including %K... also %M... and kicked %s... Starting on a wing,,,,,,,Midfielder,46.0,0.0,0.0,0.0,0.62,0.57,0.54,,,,2.0,0.0,1.0,68.0,86.0,495.0,0.0,False,1285,1976,6,9240_CA,97.20000000000005,0,71.0,1,13.666666666666666,8.533333333333333,4.0,3.7333333333333334,4.333333333333333,3.533333333333333,1.3333333333333333,2.1333333333333333,0.0,0.0,0.6666666666666666,0.6,0.0,0.13333333333333333,0.3333333333333333,0.6,1.0,0.6666666666666666,0.62,0.62,0.57,0.57,0.54,0.54,6.666666666666667,4.466666666666667,0.6666666666666666,0.6,1.6666666666666667,1.0666666666666667,68.0,64.4,89.66666666666667,84.26666666666667,436.3333333333333,263.0,1670.6666666666667,1659.0666666666666,1605.3333333333333,1619.2666666666667,58.8,58.7,68.8,81.33333333333333,1,wing,83,64.47380815943396,18.526191840566042
132681,9240,http://live.fanfooty.com.au/game/matchcentre.html?id=9240,R5,2025,1008510.0,Corey,Durdin,CA,18.0,78.0,91,95.0,66.0,79.0,8.0,3.0,5.0,2.0,0.0,0.0,0.0,4.0,1.0,Full Time,pocket,%s from %P and %M plus %T... Rotating forward,,,,,,,Forward,19.0,0.0,0.0,0.0,0.09,0.05,0.05,,,,3.0,1.0,0.0,72.0,83.0,250.0,0.0,False,1285,1976,6,9240_CA,97.20000000000005,0,71.0,1,6.333333333333333,4.4,3.3333333333333335,2.933333333333333,3.6666666666666665,1.7333333333333334,2.0,2.6,0.0,0.0,0.3333333333333333,0.3333333333333333,0.0,0.13333333333333333,1.6666666666666667,0.7333333333333333,0.6666666666666666,0.4666666666666667,0.09,0.16599999999999998,0.05,0.12399999999999999,0.05,0.11800000000000001,3.0,2.933333333333333,0.6666666666666666,0.6,0.6666666666666666,0.7333333333333333,72.66666666666667,72.33333333333333,66.0,62.666666666666664,152.66666666666666,111.26666666666667,1845.0,1728.0666666666666,1416.6666666666667,1549.0666666666666,47.1,50.0,50.8,69.66666666666667,1,pocket,91,52.79037869084846,38.20962130915154
132682,9240,http://live.fanfooty.com.au/game/matchcentre.html?id=9240,R5,2025,1004912.0,Tom,De Koning,CA,11.0,75.0,118,90.0,65.0,82.0,6.0,8.0,3.0,3.0,22.0,1.0,1.0,0.0,0.0,Full Time,ruck,%H... also %P and %T... First ruck,,,,0.0,,,Ruck,12.0,1.0,58.0,0.0,0.0,1.56,2.06,,,,6.0,3.0,2.0,78.0,81.0,214.0,0.0,False,1285,1976,6,9240_CA,97.20000000000005,1,71.0,1,8.333333333333334,9.466666666666667,12.0,9.6,4.333333333333333,3.466666666666667,3.0,3.2,27.0,22.266666666666666,2.3333333333333335,1.6,2.6666666666666665,1.2,0.0,0.2,0.3333333333333333,0.26666666666666666,0.0,0.0,1.56,1.56,2.06,2.06,14.0,12.933333333333334,5.333333333333333,6.333333333333333,5.333333333333333,3.466666666666667,70.66666666666667,64.33333333333333,80.0,74.33333333333333,251.33333333333334,311.4,1700.6666666666667,1649.2,1579.6666666666667,1634.6666666666667,105.55,113.9,120.8,117.33333333333333,1,ruck,118,107.93252853163662,10.06747146836338
132684,9240,http://live.fanfooty.com.au/game/matchcentre.html?id=9240,R5,2025,1017700.0,Jesse,Motlop,CA,9.0,68.0,67,89.0,53.0,73.0,11.0,6.0,4.0,3.0,0.0,1.0,1.0,0.0,1.0,Full Time,pocket,%s from %P and %M plus %T... Starting deep forward,,,,,,,Forward,3.0,0.0,0.0,0.0,0.18,0.17,0.3,,,,6.0,3.0,3.0,76.0,81.0,269.0,0.0,False,1285,1976,6,9240_CA,97.20000000000005,0,71.0,0,8.0,5.533333333333333,4.333333333333333,3.6,2.0,2.066666666666667,3.6666666666666665,2.533333333333333,0.0,0.0,1.6666666666666667,0.7333333333333333,1.0,1.0,0.3333333333333333,0.6666666666666666,1.0,0.8,0.18,0.214,0.17,0.27799999999999997,0.3,0.394,5.333333333333333,3.933333333333333,1.3333333333333333,0.8,2.3333333333333335,2.3333333333333335,69.66666666666667,62.333333333333336,80.33333333333333,73.46666666666667,188.66666666666666,133.93333333333334,1700.6666666666667,1643.2,1579.6666666666667,1634.4666666666667,48.15,46.3,57.8,56.0,1,pocket,67,58.057208757686276,8.942791242313724
132686,9240,http://live.fanfooty.com.au/game/matchcentre.html?id=9240,R5,2025,294685.0,Zac,Williams,CA,8.0,65.0,49,83.0,54.0,68.0,9.0,5.0,7.0,1.0,0.0,1.0,0.0,0.0,2.0,Full Time,wing,%P and %M plus %s... Playing a forward role,,,,0.0,,,Back,6.0,0.0,0.0,0.0,0.0,61.49,37.7,,,,4.0,0.0,3.0,50.0,79.0,210.0,0.0,False,1285,1976,6,9240_CA,97.20000000000005,0,71.0,0,8.666666666666666,8.066666666666666,5.666666666666667,3.933333333333333,4.0,3.7333333333333334,1.3333333333333333,2.0,0.0,0.0,0.6666666666666666,0.4,0.0,0.2,0.0,1.2,0.6666666666666666,0.6,0.0,0.0,61.49,61.49,37.7,37.7,5.0,4.533333333333333,1.3333333333333333,0.8,2.0,1.3333333333333333,54.666666666666664,68.46666666666667,60.0,70.73333333333333,317.3333333333333,214.66666666666666,1700.6666666666667,1656.2,1579.6666666666667,1628.4,66.15,59.4,52.0,50.0,1,wing,49,66.16768604503821,-17.16768604503821
132688,9240,http://live.fanfooty.com.au/game/matchcentre.html?id=9240,R5,2025,993832.0,Jacob,Weitering,CA,12.0,63.0,91,82.0,53.0,66.0,12.0,3.0,7.0,0.0,0.0,3.0,1.0,0.0,0.0,Full Time,job,%P including %K... also %M... umps paid him %4FF... At FB on Allen,,,,0.0,,,Back,23.0,13.0,54.85,0.0,0.0,0.33,0.79,,,,9.0,0.0,2.0,93.0,94.0,135.0,1.0,False,1285,1976,6,9240_CA,97.20000000000005,0,71.0,1,10.333333333333334,11.2,4.0,3.466666666666667,7.666666666666667,6.866666666666666,1.0,1.0666666666666667,0.0,0.13333333333333333,1.3333333333333333,1.0,1.0,0.8666666666666667,0.0,0.0,0.0,0.0,0.0,0.0,0.33,0.33,0.79,0.79,7.0,6.4,0.0,0.13333333333333333,2.0,2.4,90.0,79.86666666666666,96.66666666666667,98.06666666666666,138.33333333333334,187.86666666666667,1700.6666666666667,1649.6,1579.6666666666667,1629.9333333333334,75.5,75.3,80.8,77.33333333333333,1,job,91,62.67922549109059,28.32077450890941
132689,9240,http://live.fanfooty.com.au/game/matchcentre.html?id=9240,R5,2025,1001028.0,Jack,Silvagni,CA,12.0,61.0,95,80.0,51.0,66.0,12.0,3.0,7.0,0.0,0.0,1.0,1.0,0.0,0.0,Full Time,job,%P including %K... also %M... A new role in defence on Jack Williams,,,,0.0,,,Forward,1.0,14.0,48.93,0.0,0.0,0.05,0.11,,,,6.0,0.0,1.0,93.0,93.0,129.0,0.0,False,1285,1976,6,9240_CA,97.20000000000005,0,71.0,1,11.0,9.0,3.6666666666666665,5.133333333333334,6.666666666666667,4.6,2.6666666666666665,3.3333333333333335,0.0,2.6,1.0,0.9333333333333333,0.6666666666666666,1.2,0.0,0.8666666666666667,0.0,0.8666666666666667,0.0,0.0,0.05,0.15,0.11,0.17666666666666642,5.333333333333333,6.133333333333334,0.0,1.3333333333333333,2.3333333333333335,2.8,75.33333333333333,67.66666666666667,92.0,77.53333333333333,197.33333333333334,226.93333333333334,1700.6666666666667,1712.8666666666666,1579.6666666666667,1571.1333333333334,75.0,83.1,82.2,80.66666666666667,1,job,95,65.8242947627813,29.175705237218693
132690,9240,http://live.fanfooty.com.au/game/matchcentre.html?id=9240,R5,2025,1002228.0,Lachie,Fogarty,CA,15.0,60.0,60,77.0,48.0,64.0,6.0,6.0,3.0,4.0,0.0,1.0,1.0,1.0,1.0,Full Time,wing,%P and %M plus %T... %s as well... Playing a forward pressure role,,,,0.0,,,,8.0,15.0,57.73,0.0,0.0,0.04,0.08,,,,6.0,0.0,1.0,66.0,83.0,147.0,0.0,False,1285,1976,6,9240_CA,97.20000000000005,0,71.0,0,5.666666666666667,5.4,5.666666666666667,5.266666666666667,1.3333333333333333,1.4,5.333333333333333,3.2,0.0,0.0,0.6666666666666666,0.5333333333333333,0.3333333333333333,0.4,0.3333333333333333,0.6,0.6666666666666666,0.3333333333333333,0.0,0.0,0.04,0.04,0.08,0.08,5.333333333333333,4.933333333333334,0.6666666666666666,0.7333333333333333,1.3333333333333333,1.2,58.0,73.86666666666666,75.33333333333333,72.13333333333334,167.33333333333334,147.86666666666667,1700.6666666666667,1653.9333333333334,1579.6666666666667,1631.1333333333334,59.9,56.6,55.8,58.666666666666664,1,wing,60,59.30447095309781,0.6955290469021875
132691,9240,http://live.fanfooty.com.au/game/matchcentre.html?id=9240,R5,2025,1009241.0,Brodie,Kemp,CA,4.0,36.0,58,46.0,30.0,43.0,4.0,6.0,2.0,2.0,0.0,0.0,1.0,0.0,1.0,Full Time,longterminjured,Looked to have done his achilles in Q4 and was asissted from the ground... %P and %M plus %T... %s as well,spearhead,Playing key forward on Ginbey,,,,,Back,17.0,0.0,0.0,0.0,0.18,0.08,0.13,,,,4.0,0.0,2.0,70.0,64.0,87.0,1.0,True,1285,1976,6,9240_CA,97.20000000000005,0,71.0,0,6.333333333333333,7.133333333333334,3.3333333333333335,3.8666666666666667,4.333333333333333,4.6,2.6666666666666665,2.066666666666667,0.0,0.0,1.0,0.6,0.6666666666666666,0.8666666666666667,1.6666666666666667,0.8,0.6666666666666666,0.4666666666666667,0.18,0.18,0.08,0.08,0.13,0.13,3.0,3.533333333333333,0.0,0.0,3.3333333333333335,2.466666666666667,59.0,66.8,79.33333333333333,89.33333333333333,151.33333333333334,166.46666666666667,1700.6666666666667,1660.2666666666667,1579.6666666666667,1620.6,63.0,54.0,47.4,58.666666666666664,1,longterminjured,58,54.19189305664253,3.8081069433574726
132692,9240,http://live.fanfooty.com.au/game/matchcentre.html?id=9240,R5,2025,1000953.0,Harry,McKay,CA,0.0,13.0,13,15.0,11.0,15.0,2.0,2.0,0.0,0.0,2.0,0.0,0.0,0.0,1.0,Full Time,injured,A nasty headclash in Q1 saw him come off second best and subbed off at QT... %s from %P,subbed,Starting forward on Edwards,,0.0,,,Forward,10.0,12.0,62.17,0.0,0.0,0.3,0.31,,,,4.0,1.0,2.0,25.0,11.0,35.0,1.0,True,1285,1976,6,9240_CA,97.20000000000005,0,71.0,0,6.0,8.933333333333334,3.0,2.7333333333333334,4.0,5.8,0.6666666666666666,1.6666666666666667,1.6666666666666667,1.6,0.0,0.9333333333333333,1.0,1.0666666666666667,1.3333333333333333,1.8666666666666667,1.0,0.8666666666666667,0.0,0.0,0.3,0.3,0.31,0.31,4.333333333333333,4.866666666666666,1.0,0.9333333333333333,3.0,3.066666666666667,50.333333333333336,69.6,65.66666666666667,82.86666666666666,172.66666666666666,243.26666666666668,1712.0,1677.0666666666666,1555.3333333333333,1605.3333333333333,74.2,67.4,53.4,43.0,1,injured,13,52.08920683539092,-39.08920683539092
132693,9240,http://live.fanfooty.com.au/game/matchcentre.html?id=9240,R5,2025,990827.0,Jack,Graham,WC,27.0,99.0,101,86.0,73.0,103.0,12.0,8.0,5.0,9.0,0.0,1.0,2.0,0.0,1.0,Full Time,midfwd,%P and %M plus %T... %s as well... Rotating midfield and forward,,,,0.0,,,Midfielder,17.0,15.0,62.67,0.0,0.0,0.2,0.16,,,,3.0,2.0,2.0,95.0,85.0,347.0,0.0,False,1976,1285,6,9240_WC,97.20000000000005,1,71.0,1,9.333333333333334,7.8,9.333333333333334,10.333333333333334,2.0,2.2,7.0,5.066666666666666,0.0,0.0,1.3333333333333333,0.6,2.0,1.1333333333333333,0.0,0.13333333333333333,0.6666666666666666,0.26666666666666666,0.0,0.0,0.2,0.2,0.16,0.16,5.666666666666667,6.133333333333334,1.6666666666666667,2.3333333333333335,2.0,2.2,81.0,75.53333333333333,84.0,74.0,280.6666666666667,231.53333333333333,1327.3333333333333,1444.7333333333333,1954.6666666666667,1828.7333333333333,74.9,82.5,91.0,87.33333333333333,1,midfwd,101,82.88068173921816,18.11931826078184
132694,9240,http://live.fanfooty.com.au/game/matchcentre.html?id=9240,R5,2025,298268.0,Liam,Duggan,WC,18.0,88.0,84,55.0,66.0,90.0,16.0,3.0,7.0,4.0,0.0,0.0,1.0,0.0,0.0,Full Time,guard,%P including %K... also %M and %T... Coming off a HBF,,,,,,,Back,14.0,0.0,0.0,0.0,2.61,0.65,4.41,,,,4.0,0.0,3.0,78.0,86.0,438.0,1.0,False,1976,1285,6,9240_WC,97.20000000000005,0,71.0,1,15.333333333333334,13.533333333333333,2.3333333333333335,4.866666666666666,5.666666666666667,5.4,2.0,2.8,0.0,0.0,0.0,0.4666666666666667,1.0,0.8666666666666667,0.0,0.06666666666666667,0.0,0.2,2.61,2.61,0.65,0.65,4.41,4.41,4.333333333333333,4.666666666666667,1.3333333333333333,1.7333333333333334,2.6666666666666665,2.6666666666666665,68.0,68.73333333333333,83.0,78.53333333333333,411.6666666666667,425.6666666666667,1327.3333333333333,1433.9333333333334,1954.6666666666667,1842.3333333333333,80.4,64.8,71.6,71.0,1,guard,84,103.0529013680458,-19.052901368045795
132695,9240,http://live.fanfooty.com.au/game/matchcentre.html?id=9240,R5,2025,1000223.0,Liam,Baker,WC,14.0,82.0,71,64.0,70.0,97.0,10.0,13.0,6.0,3.0,0.0,1.0,2.0,0.0,1.0,Full Time,shovel,%P and %M plus %T... %s as well... Starting on ball,,,,0.0,,,Back,3.0,3.0,38.0,0.0,0.0,1.32,2.21,,,,4.0,2.0,5.0,73.0,83.0,374.0,0.0,False,1976,1285,6,9240_WC,97.20000000000005,0,71.0,1,12.0,11.2,11.333333333333334,9.2,4.0,2.8666666666666667,3.3333333333333335,4.0,0.0,0.0,1.3333333333333333,1.0,1.0,1.6,0.0,0.4666666666666667,0.6666666666666666,0.7333333333333333,0.0,0.0,1.32,1.32,2.21,2.21,9.0,9.066666666666666,3.3333333333333335,3.2,4.666666666666667,4.4,61.0,61.93333333333333,81.66666666666667,81.8,419.6666666666667,294.46666666666664,1327.3333333333333,1455.0,1954.6666666666667,1819.6666666666667,83.25,84.4,83.8,80.66666666666667,1,shovel,71,72.73051920159381,-1.7305192015938076
132696,9240,http://live.fanfooty.com.au/game/matchcentre.html?id=9240,R5,2025,1029416.0,Ryan,Maric,WC,9.0,78.0,84,24.0,56.0,78.0,20.0,1.0,4.0,1.0,0.0,0.0,0.0,0.0,0.0,Full Time,seagull,Monopolising kick-ins... %P including %K... also %M,kickin,Rotating at half back,,,,,Forward,23.0,0.0,0.0,0.0,0.04,0.05,0.15,,,,1.0,0.0,2.0,81.0,80.0,524.0,0.0,False,1976,1285,6,9240_WC,97.20000000000005,0,71.0,1,19.666666666666668,9.666666666666666,4.0,4.8,5.0,3.1333333333333333,0.6666666666666666,1.4,0.0,0.0,0.3333333333333333,0.2,0.3333333333333333,0.5333333333333333,0.0,0.13333333333333333,0.0,0.06666666666666667,0.04,0.04,0.05,0.05,0.15,0.15,3.0,3.6,0.3333333333333333,0.9333333333333333,3.0,2.2,77.66666666666667,70.93333333333334,83.33333333333333,66.53333333333333,509.0,258.73333333333335,1327.3333333333333,1439.6,1954.6666666666667,1837.3333333333333,54.15,67.4,80.0,98.33333333333333,1,seagull,84,74.91787977021866,9.082120229781339
132698,9240,http://live.fanfooty.com.au/game/matchcentre.html?id=9240,R5,2025,996554.0,Jake,Waterman,WC,15.0,70.0,53,52.0,62.0,75.0,10.0,2.0,12.0,0.0,0.0,0.0,1.0,0.0,3.0,Full Time,spearhead,Booted %s from %G and %P... Starting forward on McGovern,,,,,,,Forward,2.0,0.0,0.0,0.0,0.18,0.03,0.17,,,,0.0,0.0,1.0,75.0,82.0,299.0,0.0,False,1976,1285,6,9240_WC,97.20000000000005,0,71.0,0,8.0,8.4,3.0,2.933333333333333,8.0,6.733333333333333,0.0,0.8666666666666667,0.0,0.0,0.0,0.4666666666666667,0.3333333333333333,0.26666666666666666,1.3333333333333333,2.2666666666666666,1.6666666666666667,1.1333333333333333,0.18,0.18,0.03,0.03,0.17,0.17,1.6666666666666667,3.3333333333333335,0.0,0.06666666666666667,0.3333333333333333,1.1333333333333333,76.66666666666667,71.26666666666667,77.0,88.86666666666666,258.3333333333333,204.2,1309.0,1464.3333333333333,1919.0,1813.6,80.9,62.7,57.2,59.0,1,spearhead,53,77.31947226460281,-24.31947226460281
132699,9240,http://live.fanfooty.com.au/game/matchcentre.html?id=9240,R5,2025,290826.0,Jamie,Cripps,WC,15.0,69.0,63,53.0,56.0,70.0,9.0,3.0,7.0,2.0,0.0,0.0,0.0,1.0,1.0,Full Time,wing,%s from %P and %M plus %T... Playing a high half forward role,,,,,,,Forward,15.0,0.0,0.0,0.0,0.09,0.07,0.14,,,,1.0,0.0,0.0,75.0,82.0,363.0,0.0,False,1976,1285,6,9240_WC,97.20000000000005,0,71.0,0,7.666666666666667,8.733333333333333,3.0,4.266666666666667,3.6666666666666665,3.8,3.0,3.1333333333333333,0.0,0.0,1.3333333333333333,0.6,0.0,0.4666666666666667,1.6666666666666667,1.1333333333333333,0.3333333333333333,0.8,0.09,0.09,0.07,0.07,0.14,0.14,3.0,4.133333333333334,0.6666666666666666,0.9333333333333333,0.3333333333333333,2.2666666666666666,74.0,61.733333333333334,85.0,88.2,279.0,297.26666666666665,1327.3333333333333,1424.6666666666667,1954.6666666666667,1851.5333333333333,71.75,70.4,64.2,70.33333333333333,1,wing,63,68.29680333769909,-5.296803337699089
132700,9240,http://live.fanfooty.com.au/game/matchcentre.html?id=9240,R5,2025,1023492.0,Harley,Reid,WC,8.0,63.0,76,38.0,46.0,63.0,11.0,5.0,2.0,3.0,0.0,2.0,0.0,0.0,0.0,Full Time,switch,%P and %M plus %T,shovel,Starting at half back but moved into midfield in Q3,,,,,Midfielder,9.0,0.0,0.0,0.0,67.94,75.17,66.61,,,,6.0,2.0,2.0,81.0,84.0,507.0,0.0,False,1976,1285,6,9240_WC,97.20000000000005,0,71.0,1,11.0,9.533333333333333,7.666666666666667,9.0,2.0,2.3333333333333335,2.0,4.066666666666666,0.0,0.0,1.0,1.3333333333333333,1.0,2.6666666666666665,0.3333333333333333,0.26666666666666666,0.3333333333333333,0.5333333333333333,67.94,67.94,75.17,75.17,66.61,66.61,5.333333333333333,8.866666666666667,1.3333333333333333,4.2,3.6666666666666665,5.266666666666667,75.0,69.26666666666667,84.66666666666667,83.86666666666666,484.3333333333333,330.0,1327.3333333333333,1429.4,1954.6666666666667,1846.0,76.0,67.4,60.6,66.66666666666667,1,switch,76,95.79470134755655,-19.794701347556554
132701,9240,http://live.fanfooty.com.au/game/matchcentre.html?id=9240,R5,2025,1004364.0,Liam,Ryan,WC,11.0,58.0,78,35.0,50.0,65.0,10.0,2.0,3.0,2.0,0.0,2.0,3.0,2.0,2.0,Full Time,pocket,%s from %P and %M plus %T... not helped by %F... Starting deep forward,,,,,,,Forward,1.0,0.0,0.0,0.0,0.27,0.45,0.5,,,,6.0,1.0,3.0,83.0,85.0,247.0,0.0,False,1976,1285,6,9240_WC,97.20000000000005,0,71.0,1,9.333333333333334,9.666666666666666,3.3333333333333335,3.8666666666666667,3.3333333333333335,4.0,1.0,1.6666666666666667,0.0,0.0,1.0,0.9333333333333333,1.0,0.4666666666666667,2.0,1.0,1.0,0.8,0.27,0.27,0.45,0.45,0.5,0.5,5.666666666666667,4.666666666666667,0.3333333333333333,1.0,2.0,2.3333333333333335,63.0,63.93333333333333,85.0,82.13333333333334,302.0,295.6666666666667,1366.3333333333333,1451.5333333333333,1909.0,1834.4,58.45,67.3,69.2,75.66666666666667,1,pocket,78,62.773140366798366,15.226859633201634
132702,9240,http://live.fanfooty.com.au/game/matchcentre.html?id=9240,R5,2025,1023025.0,Reuben,Ginbey,WC,9.0,55.0,48,45.0,40.0,54.0,7.0,4.0,3.0,4.0,0.0,1.0,0.0,0.0,0.0,Full Time,job,%P and %M plus %T... In defence on Kemp,,,,,,,Back,7.0,0.0,0.0,0.0,2.52,1.85,4.98,,,,4.0,0.0,5.0,72.0,88.0,156.0,0.0,False,1976,1285,6,9240_WC,97.20000000000005,0,71.0,0,9.333333333333334,7.866666666666666,3.6666666666666665,6.933333333333334,3.6666666666666665,2.8666666666666667,2.6666666666666665,2.7333333333333334,0.0,0.06666666666666667,1.0,0.6,1.0,0.4666666666666667,0.0,0.0,0.0,0.0,2.52,2.52,1.85,1.85,4.98,4.98,5.333333333333333,5.866666666666666,0.3333333333333333,1.0666666666666667,3.6666666666666665,2.1333333333333333,68.33333333333333,74.33333333333333,88.33333333333333,88.13333333333334,304.0,263.1333333333333,1327.3333333333333,1424.6666666666667,1954.6666666666667,1851.5333333333333,71.35,69.1,70.2,70.33333333333333,1,job,48,60.76420673728727,-12.764206737287267
132703,9240,http://live.fanfooty.com.au/game/matchcentre.html?id=9240,R5,2025,994385.0,Jayden,Hunt,WC,7.0,52.0,49,27.0,42.0,60.0,10.0,6.0,3.0,1.0,0.0,0.0,1.0,0.0,0.0,Full Time,wing,%M and %P... Starting on a wing,,,,0.0,,,Back,5.0,6.0,46.83,0.0,0.0,0.07,0.41,,,,4.0,1.0,3.0,62.0,83.0,344.0,0.0,False,1976,1285,6,9240_WC,97.20000000000005,0,71.0,0,8.666666666666666,10.2,5.333333333333333,6.466666666666667,2.6666666666666665,3.8666666666666667,1.3333333333333333,1.6666666666666667,0.0,0.0,0.3333333333333333,0.4666666666666667,1.0,0.7333333333333333,0.3333333333333333,0.06666666666666667,0.6666666666666666,0.26666666666666666,0.0,0.0,0.07,0.07,0.41,0.41,5.0,5.6,1.3333333333333333,1.9333333333333333,3.3333333333333335,2.6,59.333333333333336,71.8,83.33333333333333,84.66666666666667,330.0,328.2,1327.3333333333333,1424.6666666666667,1954.6666666666667,1851.5333333333333,59.3,56.0,43.6,45.333333333333336,1,wing,49,60.58791039497849,-11.587910394978493
132705,9240,http://live.fanfooty.com.au/game/matchcentre.html?id=9240,R5,2025,1004385.0,Oscar,Allen,WC,10.0,47.0,54,37.0,39.0,48.0,6.0,2.0,4.0,2.0,0.0,2.0,1.0,1.0,0.0,Full Time,spearhead,First goal... %s from %P and %M plus %T... At FF on Weitering,,,,,,,Forward,12.0,0.0,0.0,0.0,1.11,1.2,1.87,,,,2.0,0.0,3.0,75.0,87.0,185.0,0.0,False,1976,1285,6,9240_WC,97.20000000000005,0,71.0,0,5.0,6.6,1.6666666666666667,2.2,3.0,4.4,3.3333333333333335,1.6666666666666667,0.0,0.0,1.0,0.5333333333333333,0.3333333333333333,0.4666666666666667,0.3333333333333333,1.6,0.3333333333333333,1.0,1.11,1.11,1.2,1.2,1.87,1.87,2.0,3.2666666666666666,0.3333333333333333,0.13333333333333333,2.3333333333333335,1.8666666666666667,58.333333333333336,61.0,88.0,87.46666666666667,156.33333333333334,157.33333333333334,1327.3333333333333,1424.6666666666667,1954.6666666666667,1851.5333333333333,57.7,53.4,44.4,44.0,1,spearhead,54,61.43240174148374,-7.432401741483737
132706,9240,http://live.fanfooty.com.au/game/matchcentre.html?id=9240,R5,2025,1011437.0,Harry,Edwards,WC,3.0,44.0,63,30.0,35.0,45.0,7.0,2.0,5.0,1.0,0.0,0.0,0.0,0.0,0.0,Full Time,job,%P including %K... also %M... In defence on McKay,,,,,,,Back,42.0,0.0,0.0,0.0,0.13,0.11,0.14,,,,4.0,0.0,1.0,88.0,84.0,226.0,0.0,False,1976,1285,6,9240_WC,97.20000000000005,0,71.0,0,6.0,5.733333333333333,1.6666666666666667,2.066666666666667,4.333333333333333,4.266666666666667,0.3333333333333333,1.1333333333333333,0.0,0.0,0.3333333333333333,0.4666666666666667,0.3333333333333333,0.6,0.0,0.0,0.0,0.0,0.13,0.12333333333333334,0.11,0.10066666666666667,0.14,0.12666666666666668,2.6666666666666665,3.3333333333333335,0.0,0.0,1.6666666666666667,1.9333333333333333,76.66666666666667,78.66666666666667,77.33333333333333,80.26666666666667,228.66666666666666,168.53333333333333,1366.3333333333333,1445.4,1909.0,1826.9333333333334,54.2,52.3,51.2,54.333333333333336,1,job,63,47.322656199835066,15.677343800164934
132707,9240,http://live.fanfooty.com.au/game/matchcentre.html?id=9240,R5,2025,1023167.0,Brady,Hough,WC,4.0,43.0,69,30.0,39.0,51.0,6.0,6.0,5.0,0.0,0.0,1.0,1.0,0.0,0.0,Full Time,sore,%M and %P,guard,Playing small defender,,,,,Back,19.0,0.0,0.0,0.0,0.44,0.14,0.6,,,,2.0,1.0,1.0,100.0,87.0,153.0,0.0,True,1976,1285,6,9240_WC,97.20000000000005,0,71.0,0,6.333333333333333,8.066666666666666,5.0,6.133333333333334,4.333333333333333,4.6,0.3333333333333333,2.466666666666667,0.0,0.0,0.6666666666666666,0.5333333333333333,1.0,0.3333333333333333,0.0,0.0,0.0,0.0,0.44,0.44,0.14,0.14,0.6,0.6,2.6666666666666665,4.466666666666667,0.3333333333333333,0.5333333333333333,1.6666666666666667,1.6666666666666667,90.66666666666667,79.46666666666667,88.66666666666667,87.53333333333333,153.33333333333334,209.0,1327.3333333333333,1440.3333333333333,1954.6666666666667,1846.4666666666667,65.85,65.2,59.0,52.333333333333336,1,sore,69,74.50062636214629,-5.500626362146292
132708,9240,http://live.fanfooty.com.au/game/matchcentre.html?id=9240,R5,2025,1006114.0,Bailey J.,Williams,WC,8.0,42.0,12,42.0,41.0,50.0,1.0,6.0,1.0,1.0,23.0,0.0,1.0,0.0,0.0,Full Time,ruck,%H... also %P... First ruck,,,,,,,Ruck,32.0,0.0,0.0,0.0,0.58,0.24,0.42,,,,3.0,1.0,1.0,100.0,79.0,-29.0,0.0,False,1976,1285,6,9240_WC,97.20000000000005,0,71.0,0,4.333333333333333,5.133333333333334,6.0,4.866666666666666,1.0,1.8666666666666667,3.0,2.8,22.333333333333332,23.8,2.0,1.1333333333333333,0.6666666666666666,1.4,0.0,0.06666666666666667,0.0,0.13333333333333333,0.58,0.58,0.24,0.24,0.42,0.42,7.333333333333333,6.066666666666666,3.0,2.8666666666666667,1.6666666666666667,2.533333333333333,77.33333333333333,65.93333333333334,77.0,74.46666666666667,104.66666666666667,128.46666666666667,1327.3333333333333,1434.2,1954.6666666666667,1843.2,64.15,62.8,57.8,52.666666666666664,1,ruck,12,77.18597966933694,-65.18597966933694
132709,9240,http://live.fanfooty.com.au/game/matchcentre.html?id=9240,R5,2025,1013973.0,Matthew,Owies,WC,9.0,42.0,54,28.0,36.0,47.0,6.0,4.0,2.0,1.0,0.0,1.0,1.0,1.0,2.0,Full Time,pocket,%s from %P and %M... Playing a small forward role,,,,,,,Forward,16.0,0.0,0.0,0.0,0.13,0.04,0.11,,,,6.0,0.0,1.0,80.0,70.0,163.0,0.0,False,1976,1285,6,9240_WC,97.20000000000005,0,71.0,0,4.333333333333333,5.533333333333333,3.0,3.466666666666667,2.0,3.066666666666667,2.3333333333333335,3.066666666666667,0.0,0.0,0.6666666666666666,0.4666666666666667,0.3333333333333333,0.6666666666666666,0.6666666666666666,1.3333333333333333,0.6666666666666666,0.5333333333333333,0.13,0.13,0.04,0.04,0.11,0.11,3.6666666666666665,3.7333333333333334,0.0,0.06666666666666667,1.6666666666666667,2.2666666666666666,60.0,58.13333333333333,76.0,77.4,130.66666666666666,160.93333333333334,1327.3333333333333,1579.2666666666667,1954.6666666666667,1702.0666666666666,58.05,50.0,48.6,42.666666666666664,1,pocket,54,61.65297385817634,-7.652973858176338
132715,9241,http://live.fanfooty.com.au/game/matchcentre.html?id=9241,R5,2025,1004592.0,Tim,English,WB,25.0,98.0,112,115.0,87.0,104.0,11.0,7.0,6.0,0.0,32.0,1.0,0.0,0.0,0.0,Full Time,ruck,%H... also %P and %M... First ruck,,,,,,,Ruck,44.0,0.0,0.0,0.0,11.65,9.21,14.71,,,,10.0,2.0,2.0,66.0,87.0,267.0,0.0,False,1780,1518,6,9241_WB,97.20000000000005,1,71.0,1,11.0,8.733333333333333,6.666666666666667,7.066666666666666,5.0,5.8,2.0,3.7333333333333334,35.333333333333336,27.6,1.6666666666666667,1.1333333333333333,1.0,1.0,0.0,0.4666666666666667,0.3333333333333333,0.3333333333333333,11.65,11.65,9.21,9.21,14.71,14.71,9.0,7.0,3.3333333333333335,2.6666666666666665,2.6666666666666665,2.8,54.666666666666664,67.6,81.66666666666667,82.6,225.66666666666666,212.2,1611.6666666666667,1639.0,1677.6666666666667,1647.7333333333333,99.75,93.1,94.2,100.0,1,ruck,112,104.57909716830935,7.420902831690654
132716,9241,http://live.fanfooty.com.au/game/matchcentre.html?id=9241,R5,2025,1008280.0,Ed,Richards,WB,14.0,92.0,113,117.0,72.0,105.0,16.0,13.0,3.0,3.0,0.0,0.0,1.0,0.0,0.0,Full Time,shovel,%P and %M plus %T... Starting on ball,,,,,,,Back,20.0,0.0,0.0,0.0,0.4,0.45,0.45,,,,14.0,8.0,2.0,72.0,82.0,525.0,0.0,False,1780,1518,6,9241_WB,97.20000000000005,1,71.0,1,13.0,13.4,11.333333333333334,9.533333333333333,3.6666666666666665,3.8666666666666667,4.0,4.0,0.0,0.0,0.3333333333333333,0.6,0.3333333333333333,1.0666666666666667,0.0,0.6666666666666666,0.0,0.6,0.4,0.4,0.45,0.45,0.45,0.45,12.333333333333334,10.666666666666666,5.0,5.133333333333334,3.6666666666666665,3.4,64.66666666666667,65.06666666666666,82.33333333333333,82.0,404.6666666666667,449.6,1611.6666666666667,1640.2666666666667,1677.6666666666667,1647.0,102.95,95.8,102.0,95.33333333333333,1,shovel,113,83.96431484637704,29.035685153622964
132717,9241,http://live.fanfooty.com.au/game/matchcentre.html?id=9241,R5,2025,1001398.0,Matthew,Kennedy,WB,25.0,89.0,62,117.0,71.0,105.0,18.0,9.0,2.0,4.0,0.0,1.0,4.0,1.0,0.0,Full Time,choc,Matched up on Neale... %P and %M plus %T... %s as well... gave away %F... Playing in midfield,,,,0.0,,,Midfielder,8.0,12.0,64.42,0.0,0.0,0.1,0.2,,,,10.0,6.0,12.0,44.0,79.0,513.0,0.0,False,1780,1518,6,9241_WB,97.20000000000005,0,71.0,0,16.0,11.4,9.0,7.933333333333334,3.0,4.6,4.0,3.466666666666667,0.0,0.26666666666666666,0.6666666666666666,0.7333333333333333,1.6666666666666667,1.0666666666666667,1.0,0.6666666666666666,0.0,0.5333333333333333,0.0,0.0,0.1,0.1,0.2,0.2,11.333333333333334,7.133333333333334,8.0,3.3333333333333335,6.666666666666667,3.533333333333333,55.333333333333336,68.33333333333333,79.0,72.93333333333334,448.6666666666667,293.26666666666665,1611.6666666666667,1635.6666666666667,1677.6666666666667,1647.9333333333334,79.25,85.0,91.8,88.33333333333333,1,choc,62,68.31823234585511,-6.318232345855108
132718,9241,http://live.fanfooty.com.au/game/matchcentre.html?id=9241,R5,2025,1000864.0,Lachlan,Bramble,WB,16.0,86.0,87,108.0,68.0,90.0,14.0,8.0,4.0,2.0,0.0,2.0,0.0,1.0,0.0,Full Time,guard,%P and %M plus %T... %s as well... Rotating in defence,,,,,,,Back,29.0,0.0,0.0,0.0,0.31,0.26,0.14,,,,2.0,0.0,2.0,90.0,81.0,545.0,0.0,False,1780,1518,6,9241_WB,97.20000000000005,0,71.0,1,12.0,12.333333333333334,6.666666666666667,5.666666666666667,3.3333333333333335,3.4,2.3333333333333335,1.4,0.0,0.0,1.6666666666666667,0.7333333333333333,0.6666666666666666,0.3333333333333333,0.3333333333333333,0.06666666666666667,0.0,0.06666666666666667,0.31,0.31,0.26,0.26,0.14,0.14,3.3333333333333335,3.6666666666666665,0.3333333333333333,0.6666666666666666,2.3333333333333335,1.6666666666666667,84.33333333333333,80.0,80.66666666666667,83.4,359.6666666666667,372.2,1611.6666666666667,1640.2666666666667,1677.6666666666667,1647.0,70.65,67.1,64.6,71.0,1,guard,87,94.13022287484273,-7.13022287484273
132719,9241,http://live.fanfooty.com.au/game/matchcentre.html?id=9241,R5,2025,1006127.0,Rhylee,West,WB,15.0,86.0,97,104.0,72.0,96.0,12.0,12.0,4.0,1.0,0.0,1.0,0.0,1.0,3.0,Full Time,pocket,%s from %P and %M... Playing a forward role,,,,,,,Forward,14.0,0.0,0.0,0.0,0.09,0.04,0.08,,,,10.0,4.0,2.0,70.0,83.0,358.0,0.0,False,1780,1518,6,9241_WB,97.20000000000005,0,71.0,1,7.333333333333333,6.266666666666667,8.333333333333334,6.466666666666667,2.6666666666666665,2.2666666666666666,2.6666666666666665,3.3333333333333335,0.0,0.0,1.0,0.8666666666666667,0.6666666666666666,1.0666666666666667,1.0,1.1333333333333333,1.6666666666666667,0.6666666666666666,0.09,0.09,0.04,0.04,0.08,0.08,7.0,6.0,2.0,1.7333333333333334,1.6666666666666667,2.1333333333333333,51.0,64.0,80.33333333333333,76.53333333333333,190.66666666666666,183.6,1611.6666666666667,1662.8,1677.6666666666667,1623.4,64.15,60.7,68.2,70.66666666666667,1,pocket,97,68.31696575706519,28.68303424293481
132720,9241,http://live.fanfooty.com.au/game/matchcentre.html?id=9241,R5,2025,290799.0,Tom,Liberatore,WB,14.0,85.0,101,107.0,65.0,93.0,10.0,14.0,2.0,5.0,0.0,1.0,0.0,0.0,0.0,Full Time,shovel,%2 Dunkley... %P and %M plus %T... Pure midfield,,,,,,,Midfielder,21.0,0.0,0.0,0.0,1.42,4.15,1.11,,,,14.0,9.0,0.0,66.0,82.0,272.0,0.0,False,1780,1518,6,9241_WB,97.20000000000005,1,71.0,1,14.666666666666666,11.333333333333334,13.333333333333334,13.533333333333333,4.0,2.7333333333333334,6.0,5.666666666666667,0.0,0.0,2.0,1.0,1.0,1.1333333333333333,0.3333333333333333,0.26666666666666666,0.0,0.4,1.42,1.42,4.15,4.15,1.11,1.11,12.333333333333334,13.266666666666667,6.666666666666667,6.8,2.6666666666666665,3.4,68.33333333333333,69.26666666666667,83.0,80.0,400.3333333333333,321.2,1611.6666666666667,1640.2666666666667,1677.6666666666667,1647.0,107.05,109.8,119.6,112.0,1,shovel,101,89.03714235394987,11.962857646050125
132721,9241,http://live.fanfooty.com.au/game/matchcentre.html?id=9241,R5,2025,1017126.0,Sam,Darcy,WB,20.0,82.0,87,99.0,73.0,88.0,9.0,7.0,8.0,0.0,1.0,1.0,0.0,2.0,3.0,Full Time,sore,Left hamstring tightness in Q3 but played on... %P and %M plus %s,ruckfwd,Playing a forward/ruck role on Andrews,,,,,Back,10.0,0.0,0.0,0.0,15.85,25.57,0.35,,,,11.0,5.0,1.0,62.0,84.0,294.0,0.0,True,1780,1518,6,9241_WB,97.20000000000005,0,71.0,1,12.333333333333334,9.266666666666667,5.666666666666667,5.133333333333334,9.0,5.6,1.0,2.4,2.3333333333333335,5.466666666666667,2.0,1.8666666666666667,0.0,1.0666666666666667,3.0,2.0,1.3333333333333333,1.4666666666666666,15.85,15.85,25.57,25.57,0.35,0.35,11.333333333333334,9.6,3.0,2.2666666666666666,0.6666666666666666,2.1333333333333333,63.666666666666664,59.4,83.66666666666667,77.86666666666666,336.6666666666667,233.66666666666666,1611.6666666666667,1640.2666666666667,1677.6666666666667,1647.0,87.0,100.9,109.2,117.66666666666667,1,sore,87,93.65789700035614,-6.657897000356144
132723,9241,http://live.fanfooty.com.au/game/matchcentre.html?id=9241,R5,2025,990740.0,Rory,Lobb,WB,18.0,80.0,90,104.0,64.0,88.0,10.0,9.0,6.0,4.0,1.0,0.0,1.0,0.0,0.0,Full Time,job,%P and %M plus %T... In defence on Morris,,,,0.0,,,Forward,7.0,16.0,66.81,0.0,0.0,0.07,0.12,,,,6.0,0.0,1.0,84.0,100.0,307.0,0.0,False,1780,1518,6,9241_WB,97.20000000000005,0,71.0,1,9.0,9.333333333333334,5.666666666666667,5.333333333333333,5.333333333333333,6.133333333333334,2.6666666666666665,2.1333333333333333,0.3333333333333333,1.1333333333333333,0.6666666666666666,0.8,0.3333333333333333,0.5333333333333333,0.0,0.0,0.0,0.06666666666666667,0.0,0.0,0.07,0.07,0.12,0.12,5.666666666666667,6.2,0.0,0.4,1.0,1.8666666666666667,78.0,76.86666666666666,100.0,96.53333333333333,331.0,259.6,1611.6666666666667,1640.2666666666667,1677.6666666666667,1647.0,74.3,74.2,73.0,80.33333333333333,1,job,90,62.288282228893074,27.711717771106926
132724,9241,http://live.fanfooty.com.au/game/matchcentre.html?id=9241,R5,2025,1009015.0,Lachlan,McNeil,WB,19.0,79.0,70,103.0,59.0,78.0,14.0,4.0,2.0,4.0,0.0,4.0,1.0,1.0,0.0,Full Time,yinyang,Highly influential up to HT then drifted out of it... %P including %K... also %T and %M... and scored %s... umps paid him %4FF,wing,Rotating at half forward,,,,,Midfielder,30.0,0.0,0.0,0.0,0.27,0.19,0.3,,,,7.0,0.0,4.0,66.0,78.0,313.0,0.0,False,1780,1518,6,9241_WB,97.20000000000005,0,71.0,0,8.333333333333334,6.6,5.0,5.0,1.6666666666666667,1.7333333333333334,3.6666666666666665,3.3333333333333335,0.0,0.0,2.0,1.2666666666666666,0.3333333333333333,0.4666666666666667,1.0,0.6666666666666666,0.3333333333333333,0.8666666666666667,0.27,0.27,0.19,0.19,0.3,0.3,6.0,5.466666666666667,0.0,0.7333333333333333,2.6666666666666665,1.6,67.33333333333333,64.46666666666667,78.66666666666667,81.66666666666667,210.0,178.66666666666666,1611.6666666666667,1630.6,1677.6666666666667,1659.6666666666667,55.35,56.0,52.2,62.333333333333336,1,yinyang,70,68.17672942596502,1.8232705740349786
132725,9241,http://live.fanfooty.com.au/game/matchcentre.html?id=9241,R5,2025,992351.0,Bailey,Williams,WB,13.0,68.0,94,82.0,57.0,76.0,9.0,10.0,3.0,1.0,0.0,1.0,0.0,1.0,1.0,Full Time,berry,%P and %M plus %s... Playing a wing role on Berry,,,,,,,Back,34.0,0.0,0.0,0.0,0.27,0.12,0.11,,,,6.0,1.0,0.0,89.0,86.0,244.0,0.0,False,1780,1518,6,9241_WB,97.20000000000005,0,71.0,1,9.0,9.4,11.333333333333334,8.266666666666667,4.666666666666667,5.133333333333334,2.0,1.7333333333333334,0.0,0.0,1.0,0.26666666666666666,1.0,0.5333333333333333,0.3333333333333333,0.4666666666666667,0.6666666666666666,0.2,0.27,0.27,0.12,0.12,0.11,0.11,8.0,5.266666666666667,2.3333333333333335,1.4666666666666666,1.6666666666666667,2.0,82.66666666666667,78.33333333333333,82.33333333333333,85.0,267.3333333333333,306.73333333333335,1611.6666666666667,1640.2666666666667,1677.6666666666667,1647.0,75.95,77.1,76.4,86.66666666666667,1,berry,94,81.1186720306552,12.881327969344795
132726,9241,http://live.fanfooty.com.au/game/matchcentre.html?id=9241,R5,2025,996708.0,Bailey,Dale,WB,9.0,68.0,68,86.0,54.0,75.0,14.0,7.0,4.0,0.0,0.0,0.0,0.0,0.0,0.0,Full Time,guard,%M and %P... In defence with Ah Chee paying him close attention,,,,,,,Back,31.0,0.0,0.0,0.0,0.27,0.49,0.55,,,,7.0,0.0,2.0,71.0,85.0,367.0,0.0,False,1780,1518,6,9241_WB,97.20000000000005,0,71.0,0,15.333333333333334,17.333333333333332,7.0,7.466666666666667,4.0,4.533333333333333,0.3333333333333333,1.0666666666666667,0.0,0.0,0.3333333333333333,0.6666666666666666,0.3333333333333333,0.8,0.0,0.26666666666666666,0.0,0.26666666666666666,0.27,0.27,0.49,0.49,0.55,0.55,7.0,5.733333333333333,0.6666666666666666,0.9333333333333333,2.0,2.533333333333333,76.0,78.8,84.66666666666667,84.8,456.6666666666667,494.46666666666664,1611.6666666666667,1640.2666666666667,1677.6666666666667,1647.0,99.0,96.8,105.4,86.33333333333333,1,guard,68,114.3331652967006,-46.3331652967006
132727,9241,http://live.fanfooty.com.au/game/matchcentre.html?id=9241,R5,2025,1002404.0,Aaron,Naughton,WB,19.0,64.0,58,79.0,55.0,64.0,7.0,1.0,6.0,1.0,0.0,0.0,0.0,3.0,1.0,Full Time,mrp,First goal... slam tackle on Lester in Q4 will be assessed but not much damage... Booted %s from %G and %P,spearhead,Starting deep forward on Payne,,,,,Forward,33.0,0.0,0.0,0.0,0.31,0.37,0.5,,,,1.0,0.0,0.0,75.0,85.0,118.0,0.0,False,1780,1518,6,9241_WB,97.20000000000005,0,71.0,0,5.666666666666667,7.4,2.0,3.8666666666666667,4.333333333333333,5.4,2.3333333333333335,1.2666666666666666,0.3333333333333333,0.26666666666666666,0.6666666666666666,0.8666666666666667,0.0,0.7333333333333333,1.6666666666666667,1.8,1.0,0.8,0.31,0.31,0.37,0.37,0.5,0.5,3.3333333333333335,5.133333333333334,0.0,0.06666666666666667,1.0,2.1333333333333333,60.0,64.93333333333334,82.66666666666667,77.33333333333333,123.33333333333333,193.6,1611.6666666666667,1687.2,1677.6666666666667,1598.5333333333333,72.25,65.7,63.2,56.666666666666664,1,mrp,58,60.44243573008298,-2.442435730082977
132730,9241,http://live.fanfooty.com.au/game/matchcentre.html?id=9241,R5,2025,998782.0,Buku,Khamis,WB,5.0,51.0,67,65.0,41.0,54.0,6.0,6.0,4.0,2.0,0.0,1.0,0.0,0.0,0.0,Full Time,job,%P and %M plus %T... Playing key defender on Day,,,,,,,Back,24.0,0.0,0.0,0.0,0.18,0.5,0.18,,,,6.0,1.0,1.0,75.0,82.0,123.0,0.0,False,1780,1518,6,9241_WB,97.20000000000005,0,71.0,0,5.666666666666667,5.333333333333333,5.333333333333333,4.2,4.666666666666667,4.0,3.3333333333333335,1.8,0.0,0.13333333333333333,0.3333333333333333,0.6,1.0,0.6,0.0,0.0,0.0,0.0,0.18,0.18,0.5,0.5,0.18,0.18,4.333333333333333,3.066666666666667,0.3333333333333333,0.06666666666666667,2.0,1.2666666666666666,88.33333333333333,80.2,89.0,83.8,125.0,100.0,1611.6666666666667,1653.0666666666666,1677.6666666666667,1635.5333333333333,53.85,55.5,64.6,66.66666666666667,1,job,67,47.30048375027672,19.69951624972328
132733,9241,http://live.fanfooty.com.au/game/matchcentre.html?id=9241,R5,2025,1032966.0,James,O'Donnell,WB,3.0,37.0,30,50.0,27.0,36.0,6.0,1.0,3.0,2.0,0.0,0.0,0.0,0.0,0.0,Full Time,froggy,%P including %K... also %M and %T... Third tall forward on Lester,,,,,,,Back,18.0,0.0,0.0,0.0,0.18,0.39,0.85,,,,1.0,0.0,2.0,71.0,79.0,162.0,0.0,False,1780,1518,6,9241_WB,97.20000000000005,0,71.0,0,6.666666666666667,7.6,2.3333333333333335,2.8666666666666667,2.3333333333333335,3.8666666666666667,1.6666666666666667,1.2666666666666666,1.3333333333333333,0.26666666666666666,2.3333333333333335,0.6666666666666666,0.0,0.7333333333333333,1.0,0.3333333333333333,0.6666666666666666,0.2,0.18,0.18,0.39,0.39,0.85,0.85,3.3333333333333335,3.2666666666666666,0.6666666666666666,0.2,1.6666666666666667,2.066666666666667,70.33333333333333,68.53333333333333,81.66666666666667,83.06666666666666,206.33333333333334,201.53333333333333,1611.6666666666667,1653.8666666666666,1677.6666666666667,1632.4,52.35,50.9,49.6,48.333333333333336,1,froggy,30,60.549750612499395,-30.549750612499395
132734,9241,http://live.fanfooty.com.au/game/matchcentre.html?id=9241,R5,2025,281078.0,Liam,Jones,WB,3.0,37.0,40,49.0,30.0,42.0,7.0,3.0,3.0,1.0,0.0,0.0,1.0,0.0,0.0,Full Time,job,%M and %P... Standing Hipwood,,,,0.0,,,Back,19.0,17.0,52.06,0.0,0.0,0.24,0.55,,,,3.0,0.0,3.0,60.0,100.0,226.0,0.0,False,1780,1518,6,9241_WB,97.20000000000005,0,71.0,0,6.666666666666667,8.333333333333334,3.0,2.466666666666667,3.6666666666666665,4.866666666666666,1.0,0.6,0.0,0.0,0.3333333333333333,0.6666666666666666,0.3333333333333333,0.6,0.0,0.0,0.0,0.0,0.0,0.0,0.24,0.24,0.55,0.55,2.3333333333333335,3.6,0.0,0.06666666666666667,1.0,1.8666666666666667,83.66666666666667,80.86666666666666,91.0,93.4,188.0,189.53333333333333,1611.6666666666667,1659.2,1677.6666666666667,1624.6666666666667,67.95,58.1,46.4,53.333333333333336,1,job,40,55.53958004827428,-15.539580048274281
132735,9241,http://live.fanfooty.com.au/game/matchcentre.html?id=9241,R5,2025,294101.0,Jason,Johannisen,WB,2.0,31.0,26,40.0,24.0,33.0,7.0,2.0,2.0,0.0,0.0,0.0,0.0,0.0,0.0,Full Time,guard,%P including %K... also %M... Playing a half back role,,,,,,,Forward,39.0,0.0,0.0,0.0,0.09,0.06,0.15,,,,0.0,0.0,0.0,66.0,74.0,280.0,1.0,False,1780,1518,6,9241_WB,97.20000000000005,0,71.0,0,11.333333333333334,14.4,3.3333333333333335,5.333333333333333,4.333333333333333,5.933333333333334,0.6666666666666666,1.4,0.0,0.0,0.3333333333333333,0.26666666666666666,0.3333333333333333,0.4,0.0,0.2,0.0,0.13333333333333333,0.09,0.08666666666666667,0.06,0.10333333333333333,0.15,0.12666666666666668,1.6666666666666667,3.2,0.3333333333333333,0.4666666666666667,2.0,1.8666666666666667,71.66666666666667,76.0,77.33333333333333,75.53333333333333,269.6666666666667,354.8666666666667,1667.6666666666667,1721.4666666666667,1617.3333333333333,1564.6666666666667,72.85,73.9,59.4,43.0,1,guard,26,92.03285660562621,-66.03285660562621
132737,9241,http://live.fanfooty.com.au/game/matchcentre.html?id=9241,R5,2025,297899.0,James,Harmes,WB,0.0,0.0,0,0.0,0.0,0.0,0.0,0.0,0.0,0.0,0.0,0.0,0.0,0.0,0.0,Full Time,injured,Limped off early in Q1 with right foot problem and subbed off for Dolan,subbed,Playing a half forward role,,0.0,,,Midfielder,22.0,21.0,81.05,0.0,0.0,9.8,1.04,,,,0.0,0.0,0.0,0.0,2.0,0.0,1.0,True,1780,1518,6,9241_WB,97.20000000000005,0,71.0,0,8.333333333333334,8.133333333333333,7.0,8.666666666666666,3.0,3.6,3.3333333333333335,3.2666666666666666,0.0,0.0,1.0,0.6666666666666666,0.3333333333333333,0.8666666666666667,0.3333333333333333,0.6666666666666666,0.3333333333333333,0.3333333333333333,0.0,0.0,9.8,8.512,1.04,0.9293333333333335,7.0,6.266666666666667,1.3333333333333333,1.8,1.6666666666666667,2.533333333333333,47.666666666666664,64.66666666666667,50.666666666666664,71.8,282.6666666666667,239.46666666666667,1611.6666666666667,1643.8,1677.6666666666667,1643.0,61.85,76.3,64.2,64.0,1,injured,0,47.51717980132493,-47.51717980132493
132738,9241,http://live.fanfooty.com.au/game/matchcentre.html?id=9241,R5,2025,1000978.0,Hugh,McCluggage,BL,26.0,111.0,135,81.0,86.0,124.0,15.0,17.0,3.0,6.0,0.0,1.0,1.0,0.0,1.0,Full Time,star,%P and %M plus %T... %s as well,shovel,Playing in midfield,,0.0,,,Midfielder,6.0,21.0,76.95,0.0,0.0,0.83,0.81,,,,10.0,6.0,2.0,84.0,80.0,489.0,0.0,False,1518,1780,6,9241_BL,97.20000000000005,1,71.0,1,12.666666666666666,13.133333333333333,14.0,11.866666666666667,4.0,4.6,8.333333333333334,5.266666666666667,0.0,0.0,1.3333333333333333,1.1333333333333333,1.0,0.8666666666666667,0.6666666666666666,0.6666666666666666,0.3333333333333333,0.4,0.0,0.0,0.83,0.83,0.81,0.81,12.666666666666666,10.0,6.333333333333333,5.266666666666667,2.6666666666666665,3.1333333333333333,74.33333333333333,70.13333333333334,82.66666666666667,81.33333333333333,444.6666666666667,399.1333333333333,1823.6666666666667,1734.5333333333333,1464.6666666666667,1549.8666666666666,108.15,119.6,121.0,141.0,1,star,135,102.22316490299659,32.77683509700341
132739,9241,http://live.fanfooty.com.au/game/matchcentre.html?id=9241,R5,2025,1002312.0,Zac,Bailey,BL,22.0,100.0,117,61.0,80.0,101.0,16.0,4.0,5.0,2.0,0.0,1.0,0.0,3.0,2.0,Full Time,hot,%P including %K... also %M and %T... and scored %s,midfwd,Starting at half forward and joining mids,,0.0,,,Midfielder,33.0,11.0,48.91,0.0,0.0,1.65,2.51,,,,6.0,3.0,1.0,75.0,84.0,493.0,0.0,False,1518,1780,6,9241_BL,97.20000000000005,1,71.0,1,12.0,10.266666666666667,3.6666666666666665,5.533333333333333,4.666666666666667,4.333333333333333,2.3333333333333335,1.9333333333333333,0.0,0.0,1.0,0.7333333333333333,0.0,0.3333333333333333,2.3333333333333335,1.5333333333333334,1.3333333333333333,0.8666666666666667,0.0,0.0,1.65,1.65,2.51,2.51,3.0,4.466666666666667,1.3333333333333333,1.3333333333333333,1.6666666666666667,1.6666666666666667,71.66666666666667,73.53333333333333,84.33333333333333,79.93333333333334,344.6666666666667,315.6666666666667,1823.6666666666667,1734.5333333333333,1464.6666666666667,1549.8666666666666,74.65,80.2,88.0,83.66666666666667,1,hot,117,72.528365998185,44.471634001815005
132740,9241,http://live.fanfooty.com.au/game/matchcentre.html?id=9241,R5,2025,1023708.0,Jaspa,Fletcher,BL,19.0,98.0,90,56.0,74.0,102.0,18.0,7.0,6.0,3.0,0.0,0.0,0.0,0.0,0.0,Full Time,guard,%P including %K... also %M and %T... Starting on a HBF,,,,,,,Midfielder,3.0,0.0,0.0,0.0,1.02,1.09,1.23,,,,6.0,1.0,2.0,72.0,84.0,355.0,0.0,False,1518,1780,6,9241_BL,97.20000000000005,0,71.0,1,17.0,9.866666666666667,5.0,6.0,8.333333333333334,5.2,1.3333333333333333,1.7333333333333334,0.0,0.0,0.3333333333333333,0.3333333333333333,0.3333333333333333,0.4,0.6666666666666666,0.26666666666666666,0.0,0.13333333333333333,1.02,1.02,1.09,1.09,1.23,1.23,4.666666666666667,5.266666666666667,0.6666666666666666,1.6,1.3333333333333333,1.5333333333333334,77.0,78.26666666666667,81.33333333333333,74.86666666666666,413.0,278.8666666666667,1823.6666666666667,1734.5333333333333,1464.6666666666667,1549.8666666666666,65.9,73.5,79.6,94.33333333333333,1,guard,90,95.24724925390242,-5.2472492539024245
132742,9241,http://live.fanfooty.com.au/game/matchcentre.html?id=9241,R5,2025,993834.0,Josh,Dunkley,BL,27.0,98.0,88,88.0,72.0,102.0,10.0,12.0,4.0,8.0,0.0,0.0,0.0,0.0,0.0,Full Time,shovel,%2 Liberatore... %P and %M plus %T... Playing inside midfield,,,,,,,Midfielder,5.0,0.0,0.0,0.0,2.26,4.93,2.31,,,,10.0,5.0,4.0,68.0,78.0,104.0,0.0,False,1518,1780,6,9241_BL,97.20000000000005,0,71.0,1,10.666666666666666,11.733333333333333,14.333333333333334,12.2,4.333333333333333,4.6,8.0,6.266666666666667,0.0,0.0,1.3333333333333333,1.3333333333333333,0.3333333333333333,0.5333333333333333,0.3333333333333333,0.26666666666666666,0.3333333333333333,0.2,2.26,2.26,4.93,4.93,2.31,2.31,12.666666666666666,10.933333333333334,6.666666666666667,5.0,3.3333333333333335,2.8666666666666667,69.0,70.13333333333334,80.33333333333333,83.46666666666667,197.0,291.6,1823.6666666666667,1734.5333333333333,1464.6666666666667,1549.8666666666666,110.6,111.1,121.4,106.33333333333333,1,shovel,88,86.29986534639416,1.7001346536058435
132743,9241,http://live.fanfooty.com.au/game/matchcentre.html?id=9241,R5,2025,1023517.0,Will,Ashcroft,BL,19.0,97.0,112,64.0,75.0,108.0,14.0,17.0,1.0,4.0,0.0,2.0,0.0,0.0,0.0,Full Time,shovel,%P and %T... Playing central midfield,,,,,,,Midfielder,8.0,0.0,0.0,0.0,1.68,1.62,1.94,,,,11.0,7.0,1.0,74.0,80.0,273.0,0.0,False,1518,1780,6,9241_BL,97.20000000000005,1,71.0,1,15.333333333333334,13.266666666666667,11.0,10.6,4.0,4.6,3.0,2.466666666666667,0.0,0.0,2.3333333333333335,1.5333333333333334,0.3333333333333333,0.3333333333333333,0.6666666666666666,0.26666666666666666,0.0,0.4666666666666667,1.68,1.68,1.62,1.62,1.94,1.94,9.0,8.266666666666667,6.0,4.266666666666667,2.3333333333333335,2.2666666666666666,71.66666666666667,70.46666666666667,78.33333333333333,78.33333333333333,373.6666666666667,330.73333333333335,1823.6666666666667,1734.5333333333333,1464.6666666666667,1549.8666666666666,93.75,103.9,109.4,115.33333333333333,1,shovel,112,77.02725814939265,34.97274185060735
132744,9241,http://live.fanfooty.com.au/game/matchcentre.html?id=9241,R5,2025,298437.0,Callum,Ah Chee,BL,26.0,96.0,134,86.0,82.0,108.0,8.0,14.0,6.0,4.0,0.0,1.0,1.0,2.0,0.0,Full Time,wing,%P and %M plus %T... %s as well... Starting at half forward and keeping Dale quiet,,,,0.0,,,Midfielder,4.0,13.0,58.08,0.0,0.0,0.26,0.75,,,,12.0,0.0,3.0,81.0,84.0,163.0,0.0,False,1518,1780,6,9241_BL,97.20000000000005,1,71.0,1,8.333333333333334,8.533333333333333,6.333333333333333,5.333333333333333,7.0,4.866666666666666,3.0,2.0,0.0,0.0,0.3333333333333333,0.5333333333333333,1.0,1.0666666666666667,2.0,1.5333333333333334,0.6666666666666666,0.8,0.0,0.0,0.26,0.26,0.75,0.75,5.666666666666667,5.8,0.6666666666666666,0.4666666666666667,2.6666666666666665,3.0,75.66666666666667,69.46666666666667,80.33333333333333,79.13333333333334,215.66666666666666,240.8,1823.6666666666667,1734.5333333333333,1464.6666666666667,1549.8666666666666,72.9,74.9,90.4,96.33333333333333,1,wing,134,69.90302630669497,64.09697369330503
132745,9241,http://live.fanfooty.com.au/game/matchcentre.html?id=9241,R5,2025,293535.0,Lachie,Neale,BL,19.0,93.0,90,62.0,79.0,111.0,14.0,14.0,7.0,2.0,0.0,0.0,2.0,0.0,0.0,Full Time,sore,Matched up on Kennedy... jarred left ankle in a marking contest with Lobb in Q2... %P and %M plus %T,shovel,Playing inside midfield,,0.0,,,Midfielder,9.0,21.0,99.62,0.0,0.0,4.05,2.65,,,,14.0,11.0,8.0,67.0,88.0,419.0,0.0,True,1518,1780,6,9241_BL,97.20000000000005,0,71.0,1,16.666666666666668,14.0,18.333333333333332,14.866666666666667,5.333333333333333,4.133333333333334,2.3333333333333335,3.3333333333333335,0.0,0.0,0.3333333333333333,1.2666666666666666,2.0,1.1333333333333333,0.3333333333333333,0.5333333333333333,0.0,0.3333333333333333,0.0,0.0,4.05,4.05,2.65,2.65,15.0,13.866666666666667,8.666666666666666,8.4,6.666666666666667,4.2,73.33333333333333,70.93333333333334,87.0,87.66666666666667,390.3333333333333,336.0,1823.6666666666667,1734.5333333333333,1464.6666666666667,1549.8666666666666,114.05,110.7,108.6,117.66666666666667,1,sore,90,120.09991428823365,-30.09991428823365
132746,9241,http://live.fanfooty.com.au/game/matchcentre.html?id=9241,R5,2025,261224.0,Dayne,Zorko,BL,14.0,90.0,82,40.0,68.0,93.0,20.0,3.0,6.0,2.0,0.0,1.0,1.0,0.0,0.0,Full Time,guard,%P including %K... also %M and %T... At half back,,,,0.0,,,Forward,15.0,21.0,97.62,0.0,0.0,0.84,0.82,,,,3.0,0.0,2.0,78.0,76.0,651.0,1.0,False,1518,1780,6,9241_BL,97.20000000000005,0,71.0,1,21.0,21.6,3.6666666666666665,4.6,7.0,7.266666666666667,2.0,2.6666666666666665,0.0,0.0,0.6666666666666666,0.7333333333333333,0.6666666666666666,0.6,0.0,0.26666666666666666,0.3333333333333333,0.2,0.0,0.0,0.84,0.84,0.82,0.82,2.3333333333333335,4.666666666666667,0.3333333333333333,0.6666666666666666,2.3333333333333335,2.6,84.66666666666667,79.66666666666667,83.33333333333333,84.26666666666667,589.3333333333334,544.8,1823.6666666666667,1734.5333333333333,1464.6666666666667,1549.8666666666666,110.9,110.6,114.0,104.0,1,guard,82,122.85145106257421,-40.85145106257421
132747,9241,http://live.fanfooty.com.au/game/matchcentre.html?id=9241,R5,2025,993953.0,Eric,Hipwood,BL,23.0,86.0,97,62.0,73.0,87.0,11.0,1.0,5.0,2.0,0.0,1.0,1.0,5.0,0.0,Full Time,x-factor,Three goals in Q3 after an anonymous first half helped turn the game... %s from %P and %M plus %T,spearhead,Up forward on Liam Jones,,0.0,,,Forward,30.0,21.0,56.33,0.0,0.0,0.27,0.15,,,,5.0,0.0,1.0,83.0,82.0,402.0,0.0,False,1518,1780,6,9241_BL,97.20000000000005,0,71.0,1,9.333333333333334,7.466666666666667,2.3333333333333335,2.7333333333333334,6.0,5.133333333333334,0.6666666666666666,1.0666666666666667,0.0,0.13333333333333333,0.3333333333333333,0.5333333333333333,0.3333333333333333,0.9333333333333333,2.6666666666666665,1.2,0.6666666666666666,0.6666666666666666,0.0,0.0,0.27,0.27,0.15,0.15,3.3333333333333335,2.6,0.3333333333333333,0.06666666666666667,2.0,2.533333333333333,64.33333333333333,65.2,82.66666666666667,78.06666666666666,312.3333333333333,226.4,1823.6666666666667,1736.4,1464.6666666666667,1548.6666666666667,63.4,50.6,57.4,68.0,1,x-factor,97,67.69091586914752,29.309084130852483
132748,9241,http://live.fanfooty.com.au/game/matchcentre.html?id=9241,R5,2025,998133.0,Jarrod,Berry,BL,14.0,86.0,68,65.0,64.0,87.0,12.0,7.0,5.0,5.0,0.0,1.0,0.0,0.0,0.0,Full Time,wing,%P and %M plus %T... Starting on a wing against Williams,,,,0.0,,,Midfielder,7.0,20.0,76.15,0.0,0.0,0.31,0.27,,,,6.0,1.0,2.0,73.0,84.0,275.0,0.0,False,1518,1780,6,9241_BL,97.20000000000005,0,71.0,0,13.0,12.333333333333334,8.333333333333334,8.2,5.666666666666667,6.933333333333334,4.333333333333333,3.1333333333333333,0.0,0.0,1.6666666666666667,1.0,1.0,0.6,0.3333333333333333,0.13333333333333333,0.0,0.2,0.0,0.0,0.31,0.31,0.27,0.27,7.0,6.466666666666667,1.6666666666666667,2.2,4.0,2.7333333333333334,71.33333333333333,77.66666666666667,80.66666666666667,75.33333333333333,287.6666666666667,357.46666666666664,1823.6666666666667,1739.0,1464.6666666666667,1545.4,88.3,88.1,86.8,78.66666666666667,1,wing,68,83.3650191154235,-15.365019115423493
132749,9241,http://live.fanfooty.com.au/game/matchcentre.html?id=9241,R5,2025,996059.0,Harris,Andrews,BL,14.0,78.0,78,52.0,63.0,78.0,13.0,1.0,11.0,1.0,0.0,0.0,0.0,0.0,0.0,Full Time,unicorn,%P including %K... also %M... In defence on Darcy,,,,0.0,,,Back,31.0,17.0,67.0,0.0,0.0,0.69,0.55,,,,7.0,0.0,1.0,85.0,92.0,143.0,0.0,False,1518,1780,6,9241_BL,97.20000000000005,0,71.0,1,11.666666666666666,9.6,3.6666666666666665,3.4,10.0,7.533333333333333,1.0,1.0666666666666667,0.0,0.0,0.0,0.3333333333333333,0.3333333333333333,1.0666666666666667,0.0,0.0,0.0,0.0,0.0,0.0,0.69,0.69,0.55,0.55,6.333333333333333,4.6,0.3333333333333333,0.2,2.3333333333333335,2.2,82.66666666666667,83.13333333333334,93.0,93.86666666666666,185.33333333333334,164.0,1823.6666666666667,1723.4666666666667,1464.6666666666667,1561.2,72.45,72.4,69.6,76.0,1,unicorn,78,72.67262764155156,5.327372358448443
132750,9241,http://live.fanfooty.com.au/game/matchcentre.html?id=9241,R5,2025,1028019.0,Logan,Morris,BL,21.0,77.0,93,56.0,68.0,84.0,9.0,6.0,4.0,1.0,0.0,1.0,1.0,4.0,0.0,Full Time,target,%s from %P and %M,lobster,Playing a key forward role on Lobb,,,,,Forward,13.0,0.0,0.0,0.0,0.18,0.29,0.18,,,,6.0,0.0,1.0,86.0,80.0,266.0,0.0,False,1518,1780,6,9241_BL,97.20000000000005,0,71.0,1,7.333333333333333,6.4,4.0,2.7333333333333334,4.666666666666667,3.8666666666666667,1.6666666666666667,0.8666666666666667,0.0,0.0,1.0,0.6666666666666666,0.6666666666666666,0.5333333333333333,3.0,1.4,0.3333333333333333,0.7333333333333333,0.18,0.18,0.29,0.29,0.18,0.18,4.666666666666667,3.8666666666666667,0.0,0.13333333333333333,2.6666666666666665,1.2666666666666666,68.66666666666667,71.73333333333333,73.33333333333333,67.8,199.0,161.4,1823.6666666666667,1748.2666666666667,1464.6666666666667,1536.4,61.6,64.5,72.8,79.0,1,target,93,60.52790867016439,32.47209132983561
132751,9241,http://live.fanfooty.com.au/game/matchcentre.html?id=9241,R5,2025,990609.0,Charlie,Cameron,BL,15.0,65.0,54,65.0,45.0,60.0,6.0,2.0,4.0,7.0,0.0,0.0,0.0,0.0,3.0,Full Time,pocket,%s from %P and %M plus %T... Starting forward,,,,0.0,,,Forward,23.0,11.0,65.09,0.0,0.0,0.75,1.45,,,,1.0,0.0,1.0,50.0,78.0,75.0,0.0,False,1518,1780,6,9241_BL,97.20000000000005,0,71.0,0,8.0,8.466666666666667,1.3333333333333333,1.8,4.666666666666667,3.933333333333333,3.3333333333333335,2.0,0.0,0.0,1.3333333333333333,0.7333333333333333,0.3333333333333333,0.5333333333333333,1.3333333333333333,1.7333333333333334,2.0,1.0,0.0,0.0,0.75,0.75,1.45,1.45,3.0,2.933333333333333,0.0,0.3333333333333333,2.3333333333333335,2.2,55.333333333333336,59.93333333333333,81.66666666666667,80.13333333333334,143.33333333333334,192.66666666666666,1847.6666666666667,1724.2,1444.0,1560.1333333333334,57.4,60.8,58.2,56.0,1,pocket,54,58.99783824796249,-4.997838247962491
132752,9241,http://live.fanfooty.com.au/game/matchcentre.html?id=9241,R5,2025,1002347.0,Jack,Payne,BL,9.0,64.0,86,46.0,51.0,69.0,9.0,7.0,5.0,2.0,0.0,0.0,0.0,0.0,0.0,Full Time,job,%P and %M plus %T... Standing Naughton,,,,0.0,,,Back,40.0,0.0,0.0,0.0,0.0,0.21,0.19,,,,5.0,0.0,2.0,75.0,94.0,227.0,0.0,False,1518,1780,6,9241_BL,97.20000000000005,0,71.0,1,9.666666666666666,8.8,4.333333333333333,2.533333333333333,6.333333333333333,6.266666666666667,1.6666666666666667,1.3333333333333333,0.0,0.0,1.0,0.5333333333333333,0.0,0.26666666666666666,0.0,0.0,0.0,0.0,0.0,0.0,0.21,0.21,0.19,0.19,4.666666666666667,3.8,0.3333333333333333,0.2,2.0,1.3333333333333333,85.66666666666667,82.0,93.33333333333333,88.8,204.33333333333334,155.46666666666667,1823.6666666666667,1773.9333333333334,1464.6666666666667,1513.0,66.2,62.0,71.2,82.66666666666667,1,job,86,56.63021344719813,29.36978655280187
132753,9241,http://live.fanfooty.com.au/game/matchcentre.html?id=9241,R5,2025,1005521.0,Oscar,McInerney,BL,26.0,62.0,48,54.0,60.0,73.0,4.0,4.0,0.0,2.0,43.0,0.0,3.0,0.0,0.0,Full Time,ruck,%H... also %P and %T... not helped by %F... First ruck,,,,0.0,,,Ruck,46.0,15.0,53.2,0.0,0.0,0.5,0.51,,,,6.0,4.0,5.0,75.0,81.0,48.0,0.0,False,1518,1780,6,9241_BL,97.20000000000005,0,71.0,0,5.0,7.733333333333333,5.666666666666667,5.6,1.0,2.3333333333333335,3.3333333333333335,2.533333333333333,37.333333333333336,32.8,1.6666666666666667,1.4666666666666666,1.6666666666666667,0.9333333333333333,0.0,0.26666666666666666,0.0,0.2,0.0,0.0,0.5,0.5,0.51,0.51,7.666666666666667,9.8,5.666666666666667,5.466666666666667,3.0,3.1333333333333333,72.33333333333333,55.93333333333333,80.33333333333333,80.66666666666667,107.33333333333333,220.4,1823.6666666666667,1713.6,1464.6666666666667,1570.8,94.7,86.3,70.8,73.66666666666667,1,ruck,48,95.04936089227894,-47.04936089227894
132754,9241,http://live.fanfooty.com.au/game/matchcentre.html?id=9241,R5,2025,1017067.0,Darcy,Wilmot,BL,13.0,62.0,60,34.0,49.0,66.0,11.0,5.0,3.0,1.0,0.0,0.0,0.0,1.0,0.0,Full Time,guard,%P and %M plus %s... Sprinting off half back,,,,,,,Back,44.0,0.0,0.0,0.0,0.58,0.52,0.64,,,,4.0,1.0,2.0,75.0,83.0,309.0,0.0,False,1518,1780,6,9241_BL,97.20000000000005,0,71.0,0,15.0,13.933333333333334,5.0,6.066666666666666,4.666666666666667,5.0,2.0,1.4666666666666666,0.0,0.0,0.6666666666666666,0.7333333333333333,0.6666666666666666,0.8,0.3333333333333333,0.06666666666666667,0.0,0.26666666666666666,0.58,0.58,0.52,0.52,0.64,0.64,6.666666666666667,6.666666666666667,2.0,1.1333333333333333,2.6666666666666665,2.7333333333333334,73.0,74.13333333333334,83.0,81.0,323.6666666666667,342.1333333333333,1823.6666666666667,1734.5333333333333,1464.6666666666667,1549.8666666666666,82.3,75.2,81.2,80.0,1,guard,60,103.15025619045008,-43.15025619045008
132755,9241,http://live.fanfooty.com.au/game/matchcentre.html?id=9241,R5,2025,1002235.0,Cam,Rayner,BL,10.0,59.0,70,40.0,51.0,67.0,8.0,6.0,3.0,1.0,0.0,0.0,1.0,2.0,1.0,Full Time,midfwd,%P and %M plus %s... Rotating from half forward to mids,,,,0.0,,,,16.0,21.0,58.81,0.0,0.0,0.75,0.8,,,,6.0,2.0,2.0,57.0,90.0,259.0,0.0,False,1518,1780,6,9241_BL,97.20000000000005,0,71.0,0,7.0,9.0,7.666666666666667,7.266666666666667,3.0,3.533333333333333,5.0,3.3333333333333335,0.0,0.0,0.3333333333333333,0.6,1.0,1.2666666666666666,0.6666666666666666,1.1333333333333333,0.6666666666666666,0.9333333333333333,0.0,0.0,0.75,0.75,0.8,0.8,5.666666666666667,7.066666666666666,2.6666666666666665,2.1333333333333333,2.3333333333333335,3.8,64.33333333333333,62.2,82.33333333333333,81.6,229.66666666666666,315.8,1823.6666666666667,1734.5333333333333,1464.6666666666667,1549.8666666666666,75.15,61.4,58.0,67.33333333333333,1,midfwd,70,80.06248203453731,-10.062482034537311
132756,9241,http://live.fanfooty.com.au/game/matchcentre.html?id=9241,R5,2025,291753.0,Sam,Day,BL,10.0,58.0,38,52.0,48.0,59.0,6.0,1.0,6.0,3.0,10.0,0.0,1.0,0.0,1.0,Full Time,ruckfwd,%s from %P and %M plus %T... Starting forward on Khamis with ruck support,,,,0.0,,,Forward,14.0,12.0,52.5,0.0,0.0,0.15,0.2,,,,0.0,0.0,1.0,57.0,67.0,219.0,1.0,False,1518,1780,6,9241_BL,97.20000000000005,0,71.0,0,4.666666666666667,5.2,3.0,2.7333333333333334,4.0,4.133333333333334,3.3333333333333335,2.7333333333333334,12.333333333333334,5.933333333333334,0.3333333333333333,0.5333333333333333,1.0,0.6666666666666666,0.0,1.2666666666666666,0.6666666666666666,0.6666666666666666,0.0,0.0,0.15,0.08866666666666667,0.2,0.10933333333333334,2.0,4.733333333333333,0.6666666666666666,0.6,1.6666666666666667,1.8666666666666667,60.0,63.2,75.33333333333333,70.66666666666667,140.33333333333334,144.8,1823.6666666666667,1709.8666666666666,1464.6666666666667,1574.5333333333333,58.3,60.8,55.0,50.0,1,ruckfwd,38,66.46115629693728,-28.461156296937276
132757,9241,http://live.fanfooty.com.au/game/matchcentre.html?id=9241,R5,2025,1005053.0,Noah,Answerth,BL,5.0,54.0,70,36.0,43.0,57.0,9.0,3.0,5.0,2.0,0.0,1.0,1.0,0.0,0.0,Full Time,guard,%P including %K... also %M and %T... Playing small defender,,,,,,,Back,43.0,0.0,0.0,0.0,0.13,0.23,0.02,,,,4.0,0.0,1.0,91.0,80.0,252.0,0.0,False,1518,1780,6,9241_BL,97.20000000000005,0,71.0,0,8.333333333333334,7.733333333333333,4.0,4.533333333333333,5.666666666666667,3.6666666666666665,1.6666666666666667,3.933333333333333,0.0,0.0,0.6666666666666666,0.4,0.6666666666666666,0.6666666666666666,0.0,0.0,0.0,0.0,0.13,0.13,0.23,0.23,0.02,0.02,4.333333333333333,4.533333333333333,0.3333333333333333,0.8666666666666667,1.3333333333333333,1.9333333333333333,94.66666666666667,80.4,80.66666666666667,74.13333333333334,187.66666666666666,219.2,1823.6666666666667,1759.9333333333334,1464.6666666666667,1525.3333333333333,63.35,68.9,71.4,69.33333333333333,1,guard,70,86.72345498853491,-16.72345498853491
132759,9241,http://live.fanfooty.com.au/game/matchcentre.html?id=9241,R5,2025,291548.0,Ryan,Lester,BL,3.0,45.0,50,24.0,37.0,51.0,8.0,6.0,3.0,0.0,0.0,0.0,0.0,0.0,0.0,Full Time,job,%M and %P... Third tall defender on O'Donnell,,,,0.0,,,Back,35.0,14.0,63.93,0.0,0.0,0.13,0.03,,,,2.0,0.0,0.0,92.0,90.0,213.0,0.0,False,1518,1780,6,9241_BL,97.20000000000005,0,71.0,0,8.666666666666666,9.933333333333334,4.666666666666667,4.0,4.333333333333333,5.666666666666667,1.6666666666666667,2.1333333333333333,0.0,0.0,1.0,0.4666666666666667,0.3333333333333333,0.4666666666666667,0.0,0.0,0.0,0.0,0.0,0.0,0.13,0.13,0.03,0.03,4.0,4.2,0.3333333333333333,0.3333333333333333,2.3333333333333335,1.8,80.0,79.46666666666667,84.33333333333333,84.6,212.0,219.06666666666666,1823.6666666666667,1734.5333333333333,1464.6666666666667,1549.8666666666666,71.1,66.3,68.6,61.666666666666664,1,job,50,58.16908075221786,-8.169080752217859
132760,9242,http://live.fanfooty.com.au/game/matchcentre.html?id=9242,R5,2025,290528.0,Max,Gawn,ME,40.0,118.0,145,133.0,109.0,133.0,7.0,15.0,4.0,2.0,49.0,1.0,1.0,0.0,0.0,Full Time,gun,%H... also %P and %T,ruck,Lead ruck,,0.0,,,Ruck,11.0,21.0,110.91,0.0,0.0,53.16,31.71,,,,17.0,8.0,3.0,68.0,82.0,203.0,0.0,False,1764,1522,6,9242_ME,97.20000000000005,1,71.0,1,7.666666666666667,9.2,9.666666666666666,8.8,4.333333333333333,4.4,2.3333333333333335,2.066666666666667,37.666666666666664,34.0,1.3333333333333333,1.8666666666666667,1.6666666666666667,1.0666666666666667,0.0,0.3333333333333333,0.3333333333333333,0.4,0.0,0.0,53.16,53.16,31.71,31.71,12.666666666666666,11.533333333333333,4.666666666666667,4.333333333333333,4.666666666666667,3.8666666666666667,58.0,60.93333333333333,83.66666666666667,84.26666666666667,195.33333333333334,228.4,1489.6666666666667,1552.8,1799.6666666666667,1733.0,118.35,117.4,110.2,118.33333333333333,1,gun,145,105.73297631504573,39.26702368495427
132761,9242,http://live.fanfooty.com.au/game/matchcentre.html?id=9242,R5,2025,298264.0,Ed,Langdon,ME,31.0,113.0,119,146.0,94.0,120.0,19.0,6.0,12.0,1.0,0.0,1.0,1.0,1.0,0.0,Full Time,hot,Very productive in Q2... %P including %K... also %M... and kicked %s,wing,Running off a wing against Martin then got El-Hawli,,0.0,,,Midfielder,15.0,20.0,86.9,0.0,0.0,0.2,0.3,,,,7.0,3.0,1.0,88.0,100.0,474.0,0.0,False,1764,1522,6,9242_ME,97.20000000000005,1,71.0,1,13.666666666666666,12.466666666666667,9.333333333333334,9.4,7.333333333333333,5.866666666666666,2.6666666666666665,2.2666666666666666,0.0,0.0,0.3333333333333333,0.6,0.3333333333333333,0.5333333333333333,0.6666666666666666,0.5333333333333333,0.3333333333333333,0.3333333333333333,0.0,0.0,0.2,0.2,0.3,0.3,5.333333333333333,6.533333333333333,1.3333333333333333,1.8666666666666667,0.6666666666666666,2.533333333333333,78.66666666666667,73.2,97.33333333333333,97.86666666666666,428.3333333333333,337.53333333333336,1489.6666666666667,1567.0666666666666,1799.6666666666667,1716.7333333333333,83.55,88.9,90.8,103.0,1,hot,119,84.39934502439417,34.600654975605835
132762,9242,http://live.fanfooty.com.au/game/matchcentre.html?id=9242,R5,2025,298210.0,Christian,Petracca,ME,24.0,104.0,96,133.0,83.0,116.0,13.0,14.0,6.0,5.0,0.0,0.0,1.0,0.0,2.0,Full Time,hot,%P and %M plus %T... %s as well,midfwd,Starting in midfield and rotating forward,,0.0,,,Midfielder,5.0,20.0,79.8,0.0,0.0,22.41,5.56,,,,10.0,4.0,5.0,59.0,86.0,553.0,0.0,False,1764,1522,6,9242_ME,97.20000000000005,0,71.0,1,10.666666666666666,10.866666666666667,13.0,11.866666666666667,4.0,4.0,3.0,3.0,0.0,0.0,1.0,0.7333333333333333,1.0,0.6666666666666666,1.0,1.1333333333333333,1.0,0.8666666666666667,0.0,0.0,22.41,22.41,5.56,5.56,11.0,10.0,3.0,3.7333333333333334,4.0,2.8666666666666667,68.33333333333333,67.93333333333334,85.66666666666667,80.06666666666666,410.0,405.73333333333335,1489.6666666666667,1571.4,1799.6666666666667,1719.3333333333333,99.65,93.0,88.8,89.33333333333333,1,hot,96,95.22597031965726,0.7740296803427356
132763,9242,http://live.fanfooty.com.au/game/matchcentre.html?id=9242,R5,2025,1008541.0,Kysaiah,Pickett,ME,20.0,99.0,81,125.0,79.0,102.0,18.0,5.0,6.0,1.0,0.0,1.0,0.0,2.0,0.0,Full Time,midfwd,%s from %P and %M... Starting forward with mid rotations,,,,,,,Forward,36.0,0.0,0.0,0.0,0.58,0.45,0.89,,,,5.0,4.0,4.0,60.0,87.0,489.0,0.0,False,1764,1522,6,9242_ME,97.20000000000005,0,71.0,1,14.333333333333334,10.8,5.666666666666667,2.933333333333333,4.333333333333333,2.933333333333333,2.6666666666666665,3.533333333333333,0.0,0.0,0.6666666666666666,0.8,0.6666666666666666,1.0666666666666667,1.3333333333333333,1.6,1.6666666666666667,1.3333333333333333,0.58,0.58,0.45,0.45,0.89,0.89,6.333333333333333,5.6,3.0,1.9333333333333333,3.0,2.7333333333333334,59.666666666666664,64.13333333333334,77.66666666666667,81.4,380.6666666666667,305.3333333333333,1449.3333333333333,1568.7333333333333,1833.6666666666667,1713.6666666666667,74.95,75.0,85.4,94.33333333333333,1,midfwd,81,86.34638605375275,-5.346386053752752
132764,9242,http://live.fanfooty.com.au/game/matchcentre.html?id=9242,R5,2025,996701.0,Clayton,Oliver,ME,26.0,98.0,86,124.0,74.0,106.0,6.0,18.0,2.0,9.0,0.0,1.0,0.0,0.0,1.0,Full Time,tagged,Tagged by Setterfield... %P including %B... also %T and %M... and scored %s,shovel,Playing inside midfield,,0.0,,,Midfielder,13.0,21.0,109.62,0.0,0.0,1.07,2.37,,,,12.0,6.0,5.0,66.0,81.0,191.0,0.0,False,1764,1522,6,9242_ME,97.20000000000005,0,71.0,1,11.0,10.266666666666667,17.333333333333332,13.533333333333333,3.3333333333333335,2.933333333333333,6.0,4.133333333333334,0.0,0.0,1.0,0.6666666666666666,0.0,1.6,0.0,0.2,0.6666666666666666,0.26666666666666666,0.0,0.0,1.07,1.07,2.37,2.37,12.666666666666666,12.133333333333333,6.666666666666667,5.066666666666666,4.666666666666667,4.933333333333334,66.66666666666667,64.66666666666667,78.66666666666667,79.4,279.6666666666667,292.93333333333334,1489.6666666666667,1545.9333333333334,1799.6666666666667,1738.8,87.55,87.1,97.4,88.0,1,tagged,86,87.27984562420231,-1.2798456242023093
132765,9242,http://live.fanfooty.com.au/game/matchcentre.html?id=9242,R5,2025,1012825.0,Jake,Bowey,ME,14.0,90.0,85,118.0,68.0,93.0,18.0,5.0,6.0,2.0,0.0,0.0,0.0,0.0,0.0,Full Time,guard,%P including %K... also %M and %T... Starting at half back,,,,,,,Back,17.0,0.0,0.0,0.0,0.13,0.1,0.15,,,,9.0,4.0,3.0,65.0,83.0,417.0,0.0,False,1764,1522,6,9242_ME,97.20000000000005,0,71.0,1,16.0,13.133333333333333,7.0,5.0,4.666666666666667,4.666666666666667,2.3333333333333335,1.8,0.0,0.0,0.6666666666666666,0.6666666666666666,0.0,0.2,0.3333333333333333,0.13333333333333333,0.0,0.13333333333333333,0.13,0.13,0.1,0.1,0.15,0.15,7.333333333333333,4.733333333333333,1.3333333333333333,0.4666666666666667,2.3333333333333335,1.7333333333333334,77.66666666666667,77.73333333333333,82.66666666666667,74.8,438.0,325.3333333333333,1489.6666666666667,1550.8666666666666,1799.6666666666667,1732.8666666666666,70.05,83.5,95.0,94.0,1,guard,85,98.28446288843674,-13.284462888436735
132766,9242,http://live.fanfooty.com.au/game/matchcentre.html?id=9242,R5,2025,296359.0,Christian,Salem,ME,20.0,89.0,94,118.0,74.0,99.0,15.0,6.0,10.0,2.0,0.0,0.0,2.0,0.0,0.0,Full Time,guard,%P including %K... also %M and %T... Starting at half back,,,,0.0,,,Back,3.0,20.0,78.15,0.0,0.0,0.51,0.5,,,,6.0,1.0,2.0,85.0,88.0,354.0,0.0,False,1764,1522,6,9242_ME,97.20000000000005,0,71.0,1,13.0,15.133333333333333,6.666666666666667,7.0,8.666666666666666,6.933333333333334,2.0,2.4,0.0,0.0,0.3333333333333333,0.6666666666666666,1.3333333333333333,0.6666666666666666,0.0,0.0,0.0,0.13333333333333333,0.0,0.0,0.51,0.51,0.5,0.5,5.0,5.6,1.3333333333333333,1.1333333333333333,3.0,2.4,79.0,77.93333333333334,85.33333333333333,80.6,296.6666666666667,347.73333333333335,1489.6666666666667,1584.6,1799.6666666666667,1698.7333333333333,81.95,85.3,91.6,78.33333333333333,1,guard,94,102.01946832354774,-8.019468323547741
132767,9242,http://live.fanfooty.com.au/game/matchcentre.html?id=9242,R5,2025,1009378.0,Trent,Rivers,ME,9.0,81.0,77,105.0,60.0,85.0,15.0,7.0,3.0,3.0,0.0,0.0,0.0,0.0,1.0,Full Time,shovel,%P and %M plus %T... %s as well... Playing midfield,,,,,,,Back,24.0,0.0,0.0,0.0,0.97,1.0,1.02,,,,5.0,4.0,1.0,77.0,76.0,425.0,0.0,False,1764,1522,6,9242_ME,97.20000000000005,0,71.0,1,11.0,12.666666666666666,8.0,9.4,4.666666666666667,4.933333333333334,1.6666666666666667,2.8666666666666667,0.0,0.0,0.6666666666666666,0.6666666666666666,1.0,0.8,0.0,0.13333333333333333,0.3333333333333333,0.13333333333333333,0.97,0.97,1.0,1.0,1.02,1.02,5.0,7.733333333333333,1.6666666666666667,3.4,2.0,3.3333333333333335,81.0,69.8,80.0,75.6,372.0,396.06666666666666,1489.6666666666667,1567.0666666666666,1799.6666666666667,1716.7333333333333,83.9,73.8,67.4,71.66666666666667,1,shovel,77,66.57703874334199,10.422961256658013
132768,9242,http://live.fanfooty.com.au/game/matchcentre.html?id=9242,R5,2025,291902.0,Jack,Viney,ME,14.0,79.0,69,102.0,60.0,85.0,11.0,10.0,2.0,5.0,0.0,2.0,1.0,0.0,1.0,Full Time,shovel,%P and %M plus %T... %s as well... In central midfield,,,,0.0,,,Midfielder,7.0,7.0,91.43,0.0,0.0,0.41,0.69,,,,8.0,2.0,4.0,57.0,75.0,317.0,0.0,False,1764,1522,6,9242_ME,97.20000000000005,0,71.0,0,9.0,10.533333333333333,9.333333333333334,10.866666666666667,1.6666666666666667,2.2,4.333333333333333,4.933333333333334,0.0,0.0,2.0,1.2,1.3333333333333333,0.9333333333333333,0.0,0.2,0.3333333333333333,0.2,0.0,0.0,0.41,0.41,0.69,0.69,9.0,10.466666666666667,2.3333333333333335,4.066666666666666,4.666666666666667,4.733333333333333,60.0,55.13333333333333,76.0,77.86666666666666,287.0,300.4,1489.6666666666667,1567.0666666666666,1799.6666666666667,1716.7333333333333,80.8,72.9,65.2,63.0,1,shovel,69,65.50624065664681,3.49375934335319
132770,9242,http://live.fanfooty.com.au/game/matchcentre.html?id=9242,R5,2025,1001438.0,Bayley,Fritsch,ME,17.0,72.0,74,92.0,56.0,69.0,6.0,4.0,4.0,5.0,0.0,2.0,0.0,2.0,0.0,Full Time,spearhead,%s from %P and %M plus %T... Playing third tall forward on Zach Reid then got Ridley in Q3,,,,0.0,,,Forward,31.0,20.0,75.45,0.0,0.0,0.25,0.42,,,,3.0,0.0,1.0,90.0,84.0,139.0,0.0,False,1764,1522,6,9242_ME,97.20000000000005,0,71.0,1,8.666666666666666,7.066666666666666,5.333333333333333,3.4,5.333333333333333,3.6,2.6666666666666665,1.2666666666666666,0.0,0.0,0.6666666666666666,0.26666666666666666,0.3333333333333333,0.6666666666666666,0.6666666666666666,1.0666666666666667,2.0,1.0,0.0,0.0,0.25,0.25,0.42,0.42,3.6666666666666665,4.0,0.0,0.13333333333333333,1.3333333333333333,1.8666666666666667,69.33333333333333,60.8,79.66666666666667,82.33333333333333,283.6666666666667,210.06666666666666,1489.6666666666667,1567.0666666666666,1799.6666666666667,1716.7333333333333,53.45,52.6,56.4,66.33333333333333,1,spearhead,74,61.577872773307895,12.422127226692105
132771,9242,http://live.fanfooty.com.au/game/matchcentre.html?id=9242,R5,2025,1005330.0,Kade,Chandler,ME,15.0,63.0,56,85.0,44.0,60.0,7.0,4.0,3.0,6.0,0.0,1.0,0.0,0.0,0.0,Full Time,wing,%P and %M plus %T... Playing a high forward role,,,,,,,Forward,37.0,0.0,0.0,0.0,0.18,0.1,0.15,,,,5.0,0.0,0.0,45.0,93.0,153.0,0.0,False,1764,1522,6,9242_ME,97.20000000000005,0,71.0,0,7.333333333333333,7.866666666666666,4.333333333333333,5.133333333333334,3.6666666666666665,3.466666666666667,3.6666666666666665,3.7333333333333334,0.0,0.0,0.6666666666666666,0.7333333333333333,0.6666666666666666,0.7333333333333333,0.3333333333333333,0.8,0.0,0.26666666666666666,0.18,0.18,0.1,0.1,0.15,0.15,4.0,4.6,0.0,0.8,1.6666666666666667,1.8,67.0,75.6,90.33333333333333,82.73333333333333,226.33333333333334,225.6,1489.6666666666667,1567.0666666666666,1799.6666666666667,1716.7333333333333,64.95,72.3,77.4,55.0,1,wing,56,63.905772455128755,-7.905772455128755
132772,9242,http://live.fanfooty.com.au/game/matchcentre.html?id=9242,R5,2025,291533.0,Tom,McDonald,ME,9.0,56.0,65,72.0,46.0,63.0,8.0,7.0,4.0,2.0,0.0,1.0,1.0,0.0,0.0,Full Time,job,%P and %M plus %T... In defence on Caddy,,,,0.0,,,Forward,25.0,16.0,90.38,0.0,0.0,0.1,0.09,,,,4.0,1.0,2.0,80.0,100.0,131.0,0.0,False,1764,1522,6,9242_ME,97.20000000000005,0,71.0,0,11.333333333333334,11.0,5.0,5.0,6.666666666666667,5.866666666666666,2.0,1.4666666666666666,0.0,0.0,0.6666666666666666,0.7333333333333333,1.0,0.7333333333333333,0.0,0.06666666666666667,0.0,0.0,0.0,0.0,0.1,0.1,0.09,0.09,4.666666666666667,4.933333333333334,0.3333333333333333,0.13333333333333333,2.0,2.3333333333333335,83.33333333333333,76.2,99.0,97.2,218.66666666666666,278.2,1489.6666666666667,1567.0666666666666,1799.6666666666667,1716.7333333333333,82.65,79.2,83.4,84.66666666666667,1,job,65,69.61223788096167,-4.612237880961672
132773,9242,http://live.fanfooty.com.au/game/matchcentre.html?id=9242,R5,2025,1027821.0,Caleb,Windsor,ME,5.0,53.0,38,68.0,45.0,61.0,6.0,7.0,5.0,2.0,0.0,0.0,1.0,0.0,1.0,Full Time,guard,%P and %M plus %T... %s as well... Rotating on a HBF,,,,,,,Midfielder,6.0,0.0,0.0,0.0,7.57,3.51,5.33,,,,3.0,1.0,3.0,53.0,80.0,215.0,0.0,False,1764,1522,6,9242_ME,97.20000000000005,0,71.0,0,7.666666666666667,9.133333333333333,7.333333333333333,5.733333333333333,3.6666666666666665,3.466666666666667,1.0,2.466666666666667,0.0,0.0,0.0,0.4666666666666667,0.6666666666666666,0.5333333333333333,0.3333333333333333,0.4666666666666667,0.3333333333333333,0.3333333333333333,7.57,7.57,3.51,3.51,5.33,5.33,2.3333333333333335,4.0,0.3333333333333333,1.2666666666666666,2.6666666666666665,2.533333333333333,63.0,65.8,75.66666666666667,79.4,294.0,295.26666666666665,1536.6666666666667,1579.9333333333334,1758.6666666666667,1705.0666666666666,56.55,58.2,45.6,42.666666666666664,1,guard,38,83.90454334969397,-45.90454334969397
132775,9242,http://live.fanfooty.com.au/game/matchcentre.html?id=9242,R5,2025,281085.0,Steven,May,ME,3.0,47.0,47,61.0,36.0,48.0,9.0,3.0,3.0,1.0,0.0,1.0,0.0,0.0,0.0,Full Time,sore,Painful-looking left foot injury in Q1 but returned in Q2... %P including %K... also %M,job,Loose in defence then moved to Jones in Q3,,0.0,,,Back,1.0,16.0,76.13,0.0,0.0,0.3,0.53,,,,4.0,0.0,2.0,66.0,92.0,257.0,0.0,True,1764,1522,6,9242_ME,97.20000000000005,0,71.0,0,16.0,15.333333333333334,3.6666666666666665,2.7333333333333334,5.666666666666667,5.866666666666666,0.3333333333333333,0.8,0.0,0.0,0.6666666666666666,0.5333333333333333,1.3333333333333333,0.7333333333333333,0.0,0.06666666666666667,0.0,0.0,0.0,0.0,0.3,0.3,0.53,0.53,4.333333333333333,4.266666666666667,0.0,0.0,4.333333333333333,2.7333333333333334,78.66666666666667,79.86666666666666,94.0,90.66666666666667,431.0,380.8666666666667,1489.6666666666667,1552.0666666666666,1799.6666666666667,1731.6666666666667,91.6,89.8,81.4,80.0,1,sore,47,97.62276172716892,-50.62276172716892
132776,9242,http://live.fanfooty.com.au/game/matchcentre.html?id=9242,R5,2025,1008893.0,Harrison,Petty,ME,10.0,44.0,57,54.0,41.0,51.0,5.0,5.0,5.0,0.0,0.0,1.0,1.0,1.0,0.0,Full Time,switch,%P and %M plus %s... Playing key defender on Jones.... switched forward in Q3,,,,0.0,,,Back,35.0,1.0,44.0,0.0,0.0,0.45,0.53,,,,3.0,0.0,2.0,90.0,88.0,140.0,1.0,False,1764,1522,6,9242_ME,97.20000000000005,0,71.0,0,4.333333333333333,5.666666666666667,4.333333333333333,4.666666666666667,3.6666666666666665,5.4,1.3333333333333333,2.7333333333333334,0.0,1.3333333333333333,0.6666666666666666,0.9333333333333333,1.0,1.2,0.3333333333333333,0.4666666666666667,0.0,0.4666666666666667,0.0,0.0,0.45,0.45,0.53,0.53,3.0,4.866666666666666,0.0,0.13333333333333333,2.0,2.066666666666667,86.66666666666667,81.46666666666667,89.0,84.73333333333333,119.33333333333333,170.66666666666666,1489.6666666666667,1546.0,1799.6666666666667,1737.4,55.75,58.4,55.2,47.333333333333336,1,switch,57,74.21270915327608,-17.21270915327608
132777,9242,http://live.fanfooty.com.au/game/matchcentre.html?id=9242,R5,2025,1002282.0,Charlie,Spargo,ME,3.0,39.0,46,49.0,33.0,45.0,6.0,6.0,2.0,1.0,0.0,2.0,1.0,0.0,0.0,Full Time,pocket,%P and %M... Starting forward,,,,0.0,,,Forward,9.0,14.0,59.93,0.0,0.0,0.09,0.13,,,,7.0,0.0,3.0,66.0,73.0,170.0,1.0,False,1764,1522,6,9242_ME,97.20000000000005,0,71.0,0,5.666666666666667,7.133333333333334,6.0,4.333333333333333,2.0,3.2666666666666666,1.6666666666666667,2.0,0.0,0.0,1.0,0.7333333333333333,1.3333333333333333,0.6666666666666666,0.0,0.7333333333333333,0.3333333333333333,0.4,0.03,0.011333333333333332,0.09,0.186,0.13,0.114,3.3333333333333335,2.8666666666666667,0.0,0.0,2.6666666666666665,1.9333333333333333,74.0,73.73333333333333,74.66666666666667,70.33333333333333,158.33333333333334,168.26666666666668,1528.3333333333333,1658.5333333333333,1764.6666666666667,1628.0,50.0,47.1,44.2,38.333333333333336,1,pocket,46,57.53811533329596,-11.538115333295963
132778,9242,http://live.fanfooty.com.au/game/matchcentre.html?id=9242,R5,2025,280824.0,Jake,Melksham,ME,3.0,37.0,54,49.0,28.0,36.0,5.0,2.0,3.0,2.0,0.0,1.0,0.0,0.0,0.0,Full Time,wing,%P including %K... also %M and %T... Starting at half forward,,,,0.0,,,Forward,18.0,19.0,69.53,0.0,0.0,0.11,0.09,,,,4.0,0.0,0.0,71.0,76.0,183.0,0.0,False,1764,1522,6,9242_ME,97.20000000000005,0,71.0,0,5.333333333333333,6.733333333333333,2.3333333333333335,2.2666666666666666,2.6666666666666665,3.6666666666666665,1.6666666666666667,1.5333333333333334,0.0,0.0,0.6666666666666666,0.7333333333333333,0.3333333333333333,0.4,0.3333333333333333,1.2,0.6666666666666666,0.8,0.0,0.0,0.11,0.08333333333333333,0.09,0.07333333333333332,3.6666666666666665,3.533333333333333,0.6666666666666666,0.26666666666666666,1.0,1.4666666666666666,65.33333333333333,68.6,77.0,72.93333333333334,206.33333333333334,206.26666666666668,1489.6666666666667,1610.4666666666667,1799.6666666666667,1668.9333333333334,53.25,52.7,51.6,45.0,1,wing,54,54.74804614617979,-0.7480461461797887
132779,9242,http://live.fanfooty.com.au/game/matchcentre.html?id=9242,R5,2025,1017720.0,Jacob,van Rooyen,ME,3.0,34.0,45,41.0,30.0,39.0,2.0,5.0,1.0,2.0,9.0,1.0,1.0,0.0,0.0,Full Time,ruckfwd,%P including %B... also %T... Playing a forward/ruck role on McKay,,,,,,,Forward,2.0,0.0,0.0,0.0,0.31,0.36,0.59,,,,5.0,3.0,1.0,85.0,75.0,39.0,0.0,False,1764,1522,6,9242_ME,97.20000000000005,0,71.0,0,3.0,5.533333333333333,5.0,4.266666666666667,1.3333333333333333,3.1333333333333333,2.3333333333333335,2.2666666666666666,4.0,4.466666666666667,1.0,0.9333333333333333,1.6666666666666667,0.9333333333333333,0.6666666666666666,1.2,0.0,0.7333333333333333,0.31,0.31,0.36,0.36,0.59,0.59,4.666666666666667,4.733333333333333,1.6666666666666667,0.9333333333333333,1.6666666666666667,1.8666666666666667,86.66666666666667,70.13333333333334,76.0,75.4,114.33333333333333,151.86666666666667,1489.6666666666667,1567.0666666666666,1799.6666666666667,1716.7333333333333,61.6,50.6,52.4,51.0,1,ruckfwd,45,69.29209547005803,-24.29209547005803
132780,9242,http://live.fanfooty.com.au/game/matchcentre.html?id=9242,R5,2025,999391.0,Tom,Sparrow,ME,9.0,33.0,27,43.0,28.0,36.0,3.0,2.0,3.0,2.0,0.0,0.0,1.0,1.0,0.0,Full Time,tagger,%P and %M plus %T... %s as well... Tagging Merrett,,,,,,,Midfielder,32.0,0.0,0.0,0.0,0.27,0.21,0.19,,,,1.0,0.0,1.0,100.0,63.0,81.0,1.0,False,1764,1522,6,9242_ME,97.20000000000005,0,71.0,0,4.666666666666667,9.133333333333333,3.3333333333333335,5.733333333333333,3.3333333333333335,3.8,3.0,3.1333333333333333,0.0,0.0,0.0,0.4,0.6666666666666666,0.5333333333333333,0.3333333333333333,0.3333333333333333,0.6666666666666666,0.6,0.27,0.27,0.21,0.21,0.19,0.19,3.0,5.266666666666667,0.3333333333333333,2.2,2.0,2.533333333333333,68.0,65.93333333333334,74.0,75.6,148.33333333333334,270.93333333333334,1489.6666666666667,1567.6,1799.6666666666667,1716.9333333333334,62.4,58.8,53.0,37.666666666666664,1,tagger,27,71.53104719626181,-44.53104719626181
132781,9242,http://live.fanfooty.com.au/game/matchcentre.html?id=9242,R5,2025,1007099.0,Harry,Sharp,ME,7.0,20.0,33,24.0,18.0,21.0,2.0,1.0,2.0,0.0,0.0,0.0,0.0,1.0,0.0,Full Time,pocket,On in Q3 for Henderson to play forward... %P and %M plus %s,sub,Started as the sub,,,,,Midfielder,30.0,0.0,0.0,0.0,0.27,0.38,0.3,,,,2.0,0.0,0.0,100.0,35.0,73.0,0.0,False,1764,1522,6,9242_ME,97.20000000000005,0,71.0,0,4.666666666666667,7.866666666666666,2.0,2.533333333333333,2.3333333333333335,3.1333333333333333,1.0,1.6,0.0,0.0,0.0,0.4666666666666667,0.6666666666666666,0.6,1.0,0.5333333333333333,0.0,0.26666666666666666,0.27,0.754,0.38,0.6573333333333333,0.3,0.5399999999999999,1.6666666666666667,2.7333333333333334,0.0,0.6666666666666666,1.0,2.4,81.0,65.93333333333334,55.0,64.26666666666667,135.0,238.0,1489.6666666666667,1669.5333333333333,1799.6666666666667,1619.4,36.35,43.7,40.6,41.0,1,pocket,33,44.72437943809463,-11.72437943809463
132783,9242,http://live.fanfooty.com.au/game/matchcentre.html?id=9242,R5,2025,992016.0,Zach,Merrett,ES,31.0,134.0,124,107.0,109.0,151.0,15.0,22.0,8.0,5.0,0.0,0.0,0.0,0.0,1.0,Full Time,hulk,Tagged by Sparrow... %P and %M plus %T... %s as well,shovel,Playing inside midfield,,0.0,,,Midfielder,7.0,21.0,100.91,0.0,0.0,8.69,10.17,,,,14.0,2.0,5.0,59.0,85.0,342.0,1.0,False,1522,1764,6,9242_ES,97.20000000000005,1,71.0,1,16.666666666666668,15.733333333333333,19.0,12.933333333333334,5.0,4.6,3.3333333333333335,4.533333333333333,0.0,0.0,1.0,1.4,0.0,0.4666666666666667,1.3333333333333333,0.8,1.3333333333333333,0.7333333333333333,0.0,0.0,8.69,8.69,10.17,10.17,11.333333333333334,9.066666666666666,3.0,3.466666666666667,3.6666666666666665,3.3333333333333335,63.0,67.06666666666666,84.66666666666667,84.8,522.3333333333334,447.1333333333333,1637.6666666666667,1651.2,1644.6666666666667,1632.7333333333333,112.25,114.8,119.8,125.0,1,hulk,124,109.60204433310332,14.397955666896678
132784,9242,http://live.fanfooty.com.au/game/matchcentre.html?id=9242,R5,2025,1012013.0,Nic,Martin,ES,31.0,121.0,108,82.0,99.0,129.0,18.0,10.0,11.0,2.0,0.0,0.0,0.0,1.0,0.0,Full Time,hot,%P and %M plus %T... %s as well,switch,Roaming off a wing against Langdon... switched forward in Q1,,,,,,37.0,0.0,0.0,0.0,1.15,1.22,0.0,,,,4.0,1.0,4.0,89.0,95.0,184.0,0.0,False,1522,1764,6,9242_ES,97.20000000000005,1,71.0,1,12.666666666666666,15.266666666666667,10.0,10.133333333333333,6.666666666666667,6.8,1.3333333333333333,2.8,0.0,0.0,0.0,0.5333333333333333,0.3333333333333333,0.6,1.0,1.0,0.3333333333333333,0.4,1.15,1.15,1.22,1.22,0.0,0.0,3.3333333333333335,5.6,1.0,0.9333333333333333,2.0,3.3333333333333335,83.0,77.06666666666666,94.66666666666667,94.46666666666667,333.6666666666667,383.8666666666667,1637.6666666666667,1651.2,1644.6666666666667,1632.7333333333333,100.7,101.2,91.6,95.66666666666667,1,hot,108,93.32447285761822,14.675527142381782
132786,9242,http://live.fanfooty.com.au/game/matchcentre.html?id=9242,R5,2025,998215.0,Will,Setterfield,ES,44.0,104.0,110,88.0,71.0,102.0,13.0,8.0,3.0,10.0,0.0,0.0,0.0,0.0,0.0,Full Time,hot,%P and %M plus %T,tagger,Tagging Oliver,,0.0,,,Midfielder,12.0,0.0,0.0,0.0,0.0,0.16,0.11,,,,5.0,2.0,1.0,76.0,78.0,355.0,1.0,False,1522,1764,6,9242_ES,97.20000000000005,1,71.0,1,11.666666666666666,11.6,8.0,9.733333333333333,3.0,4.466666666666667,7.333333333333333,6.466666666666667,0.0,0.0,0.3333333333333333,0.8,0.0,0.26666666666666666,0.0,0.13333333333333333,0.3333333333333333,0.3333333333333333,0.0,0.04133333333333333,0.16,0.5,0.11,0.47,6.0,7.866666666666666,2.6666666666666665,3.6,2.3333333333333335,2.7333333333333334,77.66666666666667,70.33333333333333,75.0,78.93333333333334,299.3333333333333,348.8,1676.3333333333333,1637.4666666666667,1603.3333333333333,1644.4,89.55,88.3,107.8,98.0,1,hot,110,85.8529626255754,24.1470373744246
132787,9242,http://live.fanfooty.com.au/game/matchcentre.html?id=9242,R5,2025,1005577.0,Sam,Draper,ES,22.0,101.0,110,74.0,89.0,113.0,12.0,10.0,5.0,2.0,26.0,2.0,2.0,0.0,0.0,Full Time,hot,%H... also %P and %T,ruck,Starting forward with ruck support... had to be lead ruck in Q1 after Bryan injury,,0.0,,,Ruck,2.0,0.0,0.0,0.0,0.0,0.85,1.65,,,,13.0,5.0,4.0,81.0,87.0,470.0,0.0,False,1522,1764,6,9242_ES,97.20000000000005,1,71.0,1,7.666666666666667,7.933333333333334,6.0,4.6,3.3333333333333335,3.533333333333333,1.6666666666666667,2.4,17.0,20.133333333333333,2.0,1.4666666666666666,1.6666666666666667,1.8666666666666667,1.6666666666666667,1.0666666666666667,0.0,0.5333333333333333,0.0,0.0,0.85,0.85,1.65,1.65,8.333333333333334,7.933333333333334,3.0,3.533333333333333,3.6666666666666665,3.8666666666666667,75.66666666666667,64.86666666666666,92.66666666666667,82.06666666666666,273.0,242.8,1637.6666666666667,1657.4,1644.6666666666667,1624.7333333333333,78.4,90.9,82.6,83.33333333333333,1,hot,110,77.88507799306481,32.11492200693519
132788,9242,http://live.fanfooty.com.au/game/matchcentre.html?id=9242,R5,2025,1001026.0,Jordan,Ridley,ES,19.0,100.0,106,60.0,81.0,108.0,17.0,9.0,9.0,1.0,0.0,0.0,0.0,0.0,0.0,Full Time,hot,%M and %P,job,Loose in defence then manned up Fritsch in Q3,,0.0,,,Back,14.0,3.0,54.0,0.0,0.0,7.6,1.67,,,,3.0,0.0,0.0,88.0,86.0,401.0,0.0,False,1522,1764,6,9242_ES,97.20000000000005,1,71.0,1,11.666666666666666,15.866666666666667,5.666666666666667,5.6,5.333333333333333,7.733333333333333,1.0,1.0666666666666667,0.0,0.0,0.0,0.4,0.3333333333333333,0.4666666666666667,0.0,0.06666666666666667,0.3333333333333333,0.06666666666666667,0.0,0.0,7.6,6.026666666666666,1.67,1.4246666666666665,2.0,4.0,0.0,0.0,0.3333333333333333,1.2666666666666666,81.33333333333333,87.4,73.0,83.2,295.3333333333333,375.6,1649.0,1679.0,1640.3333333333333,1607.9333333333334,104.9,95.3,90.8,75.0,1,hot,106,91.93224847156088,14.067751528439118
132789,9242,http://live.fanfooty.com.au/game/matchcentre.html?id=9242,R5,2025,1015810.0,Sam,Durham,ES,19.0,99.0,105,69.0,81.0,111.0,14.0,14.0,6.0,3.0,0.0,2.0,1.0,0.0,0.0,Full Time,shovel,Goes to Petracca when in midfield... %P and %M plus %T... Playing central midfield,,,,,,,Midfielder,22.0,0.0,0.0,0.0,0.35,0.99,0.54,,,,9.0,5.0,2.0,78.0,84.0,516.0,0.0,False,1522,1764,6,9242_ES,97.20000000000005,1,71.0,1,10.666666666666666,11.533333333333333,15.0,11.666666666666666,4.0,4.4,3.3333333333333335,4.2,0.0,0.0,1.3333333333333333,1.0666666666666667,1.3333333333333333,1.3333333333333333,0.0,0.4,0.0,0.13333333333333333,0.35,0.35,0.99,0.99,0.54,0.54,12.333333333333334,9.533333333333333,5.666666666666667,4.4,3.6666666666666665,3.8,75.33333333333333,75.0,83.33333333333333,79.33333333333333,361.0,392.46666666666664,1637.6666666666667,1651.2,1644.6666666666667,1632.7333333333333,93.2,92.6,93.8,97.0,1,shovel,105,77.25320871947339,27.746791280526608
132790,9242,http://live.fanfooty.com.au/game/matchcentre.html?id=9242,R5,2025,1013201.0,Jye,Menzie,ES,26.0,96.0,92,67.0,81.0,96.0,13.0,2.0,8.0,1.0,0.0,1.0,0.0,4.0,0.0,Full Time,star,One of his better games for the club... Booted %s from %G and %P,pocket,Starting deep forward,,,,,Forward,29.0,0.0,0.0,0.0,0.31,0.2,0.2,,,,5.0,0.0,3.0,60.0,66.0,353.0,0.0,False,1522,1764,6,9242_ES,97.20000000000005,0,71.0,1,6.666666666666667,5.733333333333333,2.6666666666666665,4.0,4.0,3.1333333333333333,1.0,1.5333333333333334,0.0,0.0,0.3333333333333333,0.26666666666666666,0.6666666666666666,0.3333333333333333,1.6666666666666667,0.5333333333333333,0.6666666666666666,0.4,0.31,0.31,0.2,0.2,0.2,0.2,2.6666666666666665,3.2666666666666666,0.0,0.13333333333333333,1.6666666666666667,2.0,57.666666666666664,49.733333333333334,48.666666666666664,61.4,175.33333333333334,145.66666666666666,1637.6666666666667,1655.3333333333333,1644.6666666666667,1633.0666666666666,42.0,33.4,39.0,53.0,1,star,92,50.24696275877446,41.75303724122554
132791,9242,http://live.fanfooty.com.au/game/matchcentre.html?id=9242,R5,2025,291783.0,Dylan,Shiel,ES,20.0,91.0,88,60.0,77.0,108.0,12.0,18.0,3.0,1.0,0.0,0.0,0.0,1.0,0.0,Full Time,empty,Started very brightly but dropped off as the game went on... %P and %M plus %s,shovel,Playing on ball,,0.0,,,Midfielder,9.0,20.0,89.5,0.0,0.0,0.3,0.29,,,,11.0,7.0,6.0,73.0,69.0,287.0,0.0,False,1522,1764,6,9242_ES,97.20000000000005,0,71.0,1,11.666666666666666,9.733333333333333,13.666666666666666,10.0,3.0,3.1333333333333333,2.6666666666666665,2.933333333333333,0.0,0.0,0.0,0.26666666666666666,0.3333333333333333,0.4666666666666667,0.3333333333333333,0.2,0.0,0.0,0.0,0.0,0.3,0.30533333333333335,0.29,0.3233333333333333,7.0,6.4,4.0,3.466666666666667,4.666666666666667,2.2666666666666666,74.0,73.4,71.0,60.2,444.6666666666667,268.53333333333336,1637.6666666666667,1675.6,1644.6666666666667,1607.0666666666666,68.6,77.5,72.8,80.0,1,empty,88,82.0241784394405,5.9758215605594955
132793,9242,http://live.fanfooty.com.au/game/matchcentre.html?id=9242,R5,2025,1017088.0,Ben,Hobbs,ES,21.0,88.0,79,69.0,70.0,94.0,10.0,10.0,3.0,4.0,0.0,0.0,0.0,2.0,1.0,Full Time,wing,%s from %P and %M plus %T... Playing a half forward role,,,,,,,Forward,8.0,0.0,0.0,0.0,0.35,0.43,0.56,,,,8.0,5.0,4.0,65.0,63.0,310.0,0.0,False,1522,1764,6,9242_ES,97.20000000000005,0,71.0,1,7.0,6.266666666666667,11.333333333333334,7.2,1.6666666666666667,1.8666666666666667,3.0,3.3333333333333335,0.0,0.0,1.0,0.7333333333333333,1.0,0.9333333333333333,0.6666666666666666,0.26666666666666666,0.3333333333333333,0.13333333333333333,0.35,0.35,0.43,0.43,0.56,0.56,7.0,4.8,3.3333333333333335,1.2666666666666666,4.333333333333333,2.533333333333333,69.0,70.66666666666667,69.66666666666667,59.86666666666667,187.0,172.6,1637.6666666666667,1685.4,1644.6666666666667,1594.8666666666666,55.2,43.6,54.6,64.66666666666667,1,wing,79,61.304385361261524,17.695614638738476
132794,9242,http://live.fanfooty.com.au/game/matchcentre.html?id=9242,R5,2025,997078.0,Mason,Redman,ES,15.0,81.0,86,45.0,65.0,87.0,14.0,8.0,4.0,1.0,0.0,1.0,0.0,1.0,0.0,Full Time,guard,%P and %M plus %s... Mostly across half back,,,,0.0,,,Back,27.0,2.0,81.5,0.0,0.0,0.92,1.21,,,,4.0,0.0,0.0,86.0,87.0,329.0,0.0,False,1522,1764,6,9242_ES,97.20000000000005,0,71.0,1,16.0,15.6,4.666666666666667,5.2,4.0,5.8,1.6666666666666667,2.1333333333333333,0.0,0.0,0.6666666666666666,0.8666666666666667,0.3333333333333333,0.5333333333333333,0.6666666666666666,0.2,0.0,0.2,0.0,0.0,0.92,0.92,1.21,1.21,3.0,3.7333333333333334,0.0,0.4666666666666667,1.3333333333333333,1.6666666666666667,82.66666666666667,85.0,86.0,83.2,419.0,407.6666666666667,1637.6666666666667,1649.6666666666667,1644.6666666666667,1635.4,88.6,90.8,87.4,87.33333333333333,1,guard,86,106.90995841699859,-20.90995841699859
132795,9242,http://live.fanfooty.com.au/game/matchcentre.html?id=9242,R5,2025,998102.0,Andrew,McGrath,ES,14.0,81.0,77,51.0,66.0,96.0,13.0,13.0,3.0,3.0,0.0,1.0,2.0,0.0,0.0,Full Time,guard,%P and %M plus %T... Playing half back,,,,0.0,,,Back,1.0,19.0,72.74,0.0,0.0,0.35,0.52,,,,8.0,1.0,7.0,76.0,82.0,270.0,0.0,False,1522,1764,6,9242_ES,97.20000000000005,0,71.0,1,8.666666666666666,12.066666666666666,9.333333333333334,9.4,3.0,4.6,1.6666666666666667,2.1333333333333333,0.0,0.0,0.6666666666666666,0.5333333333333333,1.0,0.4,0.0,0.0,0.0,0.0,0.0,0.0,0.35,0.35,0.52,0.52,5.0,5.333333333333333,0.6666666666666666,0.6666666666666666,3.3333333333333335,2.066666666666667,77.0,79.8,81.0,82.0,200.66666666666666,319.46666666666664,1637.6666666666667,1651.2,1644.6666666666667,1632.7333333333333,84.95,86.3,76.0,59.0,1,guard,77,101.44716992375473,-24.44716992375473
132796,9242,http://live.fanfooty.com.au/game/matchcentre.html?id=9242,R5,2025,298421.0,Jade,Gresham,ES,15.0,75.0,64,68.0,63.0,84.0,6.0,12.0,5.0,3.0,0.0,0.0,0.0,1.0,0.0,Full Time,wing,%P and %M plus %T... %s as well... Playing high half forward,,,,,,,Midfielder,11.0,0.0,0.0,0.0,1.06,1.47,1.24,,,,4.0,3.0,1.0,77.0,81.0,169.0,0.0,False,1522,1764,6,9242_ES,97.20000000000005,0,71.0,0,7.333333333333333,6.4,9.0,6.933333333333334,3.6666666666666665,2.6666666666666665,4.333333333333333,2.8,0.0,0.0,1.0,0.3333333333333333,0.3333333333333333,0.8,1.0,0.8666666666666667,0.6666666666666666,0.4666666666666667,1.06,1.06,1.47,1.47,1.24,1.24,4.666666666666667,4.333333333333333,2.0,1.4,1.0,2.1333333333333333,75.0,67.2,84.0,79.0,193.0,138.53333333333333,1637.6666666666667,1641.1333333333334,1644.6666666666667,1643.0666666666666,57.15,57.7,64.4,75.33333333333333,1,wing,64,60.943512879652985,3.0564871203470148
132798,9242,http://live.fanfooty.com.au/game/matchcentre.html?id=9242,R5,2025,1015873.0,Archie,Perkins,ES,14.0,61.0,47,35.0,53.0,69.0,10.0,7.0,4.0,0.0,0.0,2.0,1.0,1.0,0.0,Full Time,midfwd,%s from %P and %M... Starting forward to join midfield,,,,,,,Forward,16.0,0.0,0.0,0.0,0.58,0.37,0.37,,,,8.0,1.0,4.0,52.0,75.0,234.0,0.0,False,1522,1764,6,9242_ES,97.20000000000005,0,71.0,0,9.666666666666666,9.4,9.0,6.0,3.6666666666666665,3.6666666666666665,2.0,3.1333333333333333,0.0,0.0,1.0,0.6,0.6666666666666666,0.6666666666666666,0.6666666666666666,0.26666666666666666,0.6666666666666666,0.4666666666666667,0.58,0.58,0.37,0.37,0.37,0.37,6.666666666666667,5.466666666666667,2.3333333333333335,1.6666666666666667,3.3333333333333335,2.4,70.33333333333333,65.06666666666666,80.66666666666667,68.06666666666666,250.0,256.0,1573.3333333333333,1675.6,1697.6666666666667,1608.6666666666667,66.6,54.0,62.2,59.666666666666664,1,midfwd,47,77.17571441480979,-30.17571441480979
132799,9242,http://live.fanfooty.com.au/game/matchcentre.html?id=9242,R5,2025,1006096.0,Xavier,Duursma,ES,13.0,58.0,56,39.0,50.0,69.0,8.0,9.0,3.0,1.0,0.0,0.0,1.0,1.0,0.0,Full Time,wing,%P and %M plus %s... Playing an outside game against Langford,,,,,,,Midfielder,28.0,0.0,0.0,0.0,0.89,1.49,1.72,,,,4.0,4.0,3.0,82.0,83.0,215.0,0.0,False,1522,1764,6,9242_ES,97.20000000000005,0,71.0,0,9.0,10.933333333333334,10.666666666666666,7.733333333333333,5.333333333333333,6.6,2.0,2.7333333333333334,0.0,0.0,1.6666666666666667,0.8,1.3333333333333333,0.4,0.3333333333333333,0.7333333333333333,0.3333333333333333,0.06666666666666667,0.89,0.89,1.49,1.49,1.72,1.72,6.666666666666667,4.6,3.0,1.1333333333333333,3.0,1.8666666666666667,80.0,78.86666666666666,80.33333333333333,81.0,219.33333333333334,270.6666666666667,1637.6666666666667,1672.2,1644.6666666666667,1608.2666666666667,77.85,77.1,78.6,76.0,1,wing,56,74.48555734320867,-18.48555734320867
132800,9242,http://live.fanfooty.com.au/game/matchcentre.html?id=9242,R5,2025,1002143.0,Ben,McKay,ES,8.0,49.0,58,31.0,45.0,63.0,8.0,8.0,4.0,1.0,0.0,2.0,3.0,0.0,0.0,Full Time,roo,%M and %P... conceded %F... At FB on van Rooyen,,,,0.0,,,Back,32.0,0.0,0.0,0.0,0.0,0.55,0.86,,,,7.0,0.0,4.0,87.0,98.0,48.0,0.0,False,1522,1764,6,9242_ES,97.20000000000005,0,71.0,0,5.666666666666667,7.0,4.666666666666667,5.733333333333333,3.6666666666666665,4.866666666666666,1.0,1.1333333333333333,0.0,0.0,1.0,0.9333333333333333,1.0,0.4,0.0,0.0,0.0,0.0,0.0,0.0,0.55,0.55,0.86,0.86,4.0,5.533333333333333,0.0,0.06666666666666667,2.0,1.8,92.33333333333333,87.4,99.33333333333333,98.8,50.0,116.2,1637.6666666666667,1651.2,1644.6666666666667,1632.7333333333333,62.2,62.2,43.4,48.333333333333336,1,roo,58,67.53490711802472,-9.53490711802472
132803,9242,http://live.fanfooty.com.au/game/matchcentre.html?id=9242,R5,2025,1009386.0,Jaxon,Prior,ES,4.0,45.0,54,27.0,37.0,51.0,8.0,4.0,4.0,1.0,0.0,0.0,1.0,0.0,0.0,Full Time,cash,%P and %M,guard,Playing a half back role,,,,,Midfielder,25.0,0.0,0.0,0.0,0.09,0.26,0.03,,,,4.0,0.0,3.0,83.0,77.0,230.0,0.0,False,1522,1764,6,9242_ES,97.20000000000005,0,71.0,0,12.0,9.333333333333334,4.0,2.466666666666667,4.333333333333333,4.4,1.0,2.066666666666667,0.0,0.0,0.3333333333333333,0.6,0.6666666666666666,0.3333333333333333,0.0,0.06666666666666667,0.0,0.06666666666666667,0.09,0.12000000000000001,0.26,0.18933333333333333,0.03,0.042666666666666665,4.666666666666667,3.1333333333333333,0.0,0.4666666666666667,4.0,2.066666666666667,69.33333333333333,67.33333333333333,80.66666666666667,72.66666666666667,299.6666666666667,246.06666666666666,1637.6666666666667,1636.8,1644.6666666666667,1643.8,52.9,50.1,51.6,63.0,1,cash,54,58.65330068558644,-4.653300685586437
132804,9242,http://live.fanfooty.com.au/game/matchcentre.html?id=9242,R5,2025,1011755.0,Harrison,Jones,ES,9.0,41.0,47,37.0,35.0,47.0,4.0,3.0,2.0,3.0,4.0,0.0,2.0,1.0,1.0,Full Time,spearhead,First goal... %s from %P and %M plus %T... Playing key forward on Petty,,,,,,,Forward,23.0,0.0,0.0,0.0,0.22,0.47,0.41,,,,4.0,0.0,4.0,71.0,89.0,112.0,0.0,False,1522,1764,6,9242_ES,97.20000000000005,0,71.0,0,5.333333333333333,7.333333333333333,4.333333333333333,4.533333333333333,3.0,4.733333333333333,3.6666666666666665,1.9333333333333333,1.3333333333333333,0.26666666666666666,0.6666666666666666,0.6,1.3333333333333333,0.4666666666666667,0.3333333333333333,0.6666666666666666,0.6666666666666666,0.4,0.22,0.22,0.47,0.47,0.41,0.41,3.6666666666666665,4.466666666666667,0.0,0.6,2.3333333333333335,2.2,71.0,74.06666666666666,83.0,78.33333333333333,135.33333333333334,170.2,1637.6666666666667,1651.2,1644.6666666666667,1632.7333333333333,53.85,56.9,49.8,48.333333333333336,1,spearhead,47,57.34092985174648,-10.34092985174648
132805,9243,http://live.fanfooty.com.au/game/matchcentre.html?id=9243,R5,2025,992049.0,Jayden,Short,RI,20.0,103.0,103,135.0,79.0,105.0,20.0,5.0,8.0,2.0,0.0,1.0,0.0,0.0,0.0,Full Time,hot,%P including %K... also %M and %T,guard,Starting on a HBF,,,,,Midfielder,15.0,0.0,0.0,0.0,4.96,0.98,1.64,,,,3.0,0.0,3.0,80.0,77.0,538.0,0.0,False,1728,1559,6,9243_RI,97.20000000000005,1,71.0,1,21.0,18.466666666666665,4.333333333333333,5.2,7.666666666666667,5.733333333333333,1.6666666666666667,1.6,0.0,0.0,1.0,0.7333333333333333,0.6666666666666666,0.4,0.0,0.0,0.0,0.06666666666666667,4.96,4.96,0.98,0.98,1.64,1.64,4.333333333333333,3.8,1.0,0.7333333333333333,3.0,2.066666666666667,77.33333333333333,83.8,82.33333333333333,79.46666666666667,454.3333333333333,461.93333333333334,1511.3333333333333,1485.4666666666667,1783.3333333333333,1790.2,85.0,91.5,86.4,92.66666666666667,1,hot,103,86.60291865728975,16.39708134271025
132806,9243,http://live.fanfooty.com.au/game/matchcentre.html?id=9243,R5,2025,993903.0,Jacob,Hopper,RI,26.0,97.0,118,120.0,85.0,126.0,8.0,25.0,3.0,6.0,0.0,2.0,4.0,0.0,0.0,Full Time,shovel,%P including %B... also %T and %M... not helped by %F... Starting in midfield,,,,0.0,,,Midfielder,2.0,18.0,80.56,0.0,0.0,0.54,0.61,,,,14.0,5.0,6.0,66.0,69.0,223.0,0.0,False,1728,1559,6,9243_RI,97.20000000000005,1,71.0,1,10.333333333333334,10.4,19.666666666666668,14.466666666666667,4.666666666666667,3.466666666666667,4.0,3.6666666666666665,0.0,0.0,1.0,0.9333333333333333,2.3333333333333335,1.5333333333333334,0.0,0.13333333333333333,0.0,0.26666666666666666,0.0,0.0,0.54,0.54,0.61,0.61,12.333333333333334,10.266666666666667,5.333333333333333,4.533333333333333,4.0,4.133333333333334,73.33333333333333,64.53333333333333,74.66666666666667,73.93333333333334,255.0,282.53333333333336,1511.3333333333333,1486.0,1783.3333333333333,1790.4666666666667,83.2,82.6,93.8,109.66666666666667,1,shovel,118,73.76468963363962,44.23531036636038
132807,9243,http://live.fanfooty.com.au/game/matchcentre.html?id=9243,R5,2025,998172.0,Tim,Taranto,RI,26.0,97.0,101,126.0,76.0,111.0,11.0,15.0,4.0,7.0,0.0,0.0,2.0,0.0,0.0,Full Time,shovel,%P and %M plus %T... Starting in midfield on Young,,,,0.0,,,Midfielder,14.0,20.0,91.15,0.0,0.0,1.95,3.16,,,,8.0,4.0,5.0,88.0,86.0,342.0,0.0,False,1728,1559,6,9243_RI,97.20000000000005,1,71.0,1,10.666666666666666,11.0,14.333333333333334,13.666666666666666,2.3333333333333335,2.466666666666667,6.666666666666667,5.333333333333333,0.0,0.0,1.0,1.2666666666666666,1.0,0.6666666666666666,0.3333333333333333,0.26666666666666666,0.0,0.4,0.0,0.0,1.95,1.95,3.16,3.16,11.333333333333334,11.6,6.0,5.866666666666666,4.333333333333333,3.6,77.0,67.8,83.33333333333333,79.93333333333334,256.3333333333333,269.53333333333336,1511.3333333333333,1493.6666666666667,1783.3333333333333,1789.5333333333333,90.55,80.9,86.2,97.33333333333333,1,shovel,101,74.94224262050821,26.05775737949179
132808,9243,http://live.fanfooty.com.au/game/matchcentre.html?id=9243,R5,2025,295203.0,Nathan,Broad,RI,19.0,95.0,96,125.0,76.0,96.0,15.0,4.0,11.0,2.0,0.0,1.0,0.0,0.0,0.0,Full Time,job,%P including %K... also %M and %T... In defence on Amiss,,,,0.0,,,Back,35.0,15.0,47.93,0.0,0.0,0.05,0.1,,,,3.0,0.0,3.0,94.0,93.0,174.0,0.0,False,1728,1559,6,9243_RI,97.20000000000005,0,71.0,1,14.0,10.866666666666667,4.666666666666667,4.933333333333334,8.666666666666666,7.2,1.0,1.3333333333333333,0.0,0.0,0.6666666666666666,0.5333333333333333,0.6666666666666666,0.7333333333333333,0.0,0.0,0.0,0.0,0.0,0.0,0.05,0.05,0.1,0.1,5.0,3.7333333333333334,0.6666666666666666,0.26666666666666666,2.6666666666666665,2.1333333333333333,85.0,84.26666666666667,91.66666666666667,91.46666666666667,208.33333333333334,190.26666666666668,1511.3333333333333,1485.4666666666667,1783.3333333333333,1790.2,64.65,73.9,66.0,80.66666666666667,1,job,96,59.511660034747976,36.488339965252024
132810,9243,http://live.fanfooty.com.au/game/matchcentre.html?id=9243,R5,2025,294674.0,Nick,Vlastuin,RI,15.0,89.0,96,117.0,74.0,96.0,13.0,7.0,9.0,3.0,0.0,3.0,2.0,0.0,0.0,Full Time,injured,Copped a coathanger across the nose from Voss in Q4 and did not return... %P and %M plus %T... aided by %4FF,guard,Starting in defence,,,,,Back,1.0,0.0,0.0,0.0,0.09,0.11,0.2,,,,5.0,0.0,3.0,85.0,83.0,372.0,1.0,True,1728,1559,6,9243_RI,97.20000000000005,0,71.0,1,12.666666666666666,14.133333333333333,3.6666666666666665,5.4,6.333333333333333,7.0,2.6666666666666665,2.2,0.0,0.0,1.3333333333333333,1.2,1.3333333333333333,1.1333333333333333,0.0,0.0,0.0,0.0,0.09,0.09,0.11,0.11,0.2,0.2,4.0,5.133333333333334,0.0,0.4,2.6666666666666665,2.8,80.66666666666667,81.53333333333333,81.33333333333333,84.73333333333333,337.6666666666667,394.2,1511.3333333333333,1494.4,1783.3333333333333,1779.4666666666667,83.4,87.6,80.0,80.33333333333333,1,injured,96,61.84253453118012,34.15746546881988
132811,9243,http://live.fanfooty.com.au/game/matchcentre.html?id=9243,R5,2025,1017086.0,Tom,Brown,RI,10.0,85.0,106,111.0,66.0,93.0,17.0,7.0,5.0,2.0,0.0,0.0,1.0,0.0,0.0,Full Time,guard,%P including %K... also %M and %T... In defence,,,,,,,Back,30.0,0.0,0.0,0.0,1.55,1.54,0.25,,,,8.0,1.0,3.0,79.0,89.0,584.0,0.0,False,1728,1559,6,9243_RI,97.20000000000005,1,71.0,1,12.333333333333334,8.533333333333333,4.333333333333333,4.133333333333334,5.666666666666667,4.0,1.6666666666666667,1.0666666666666667,0.0,0.0,0.0,0.06666666666666667,1.0,0.4666666666666667,0.3333333333333333,0.4,0.0,0.13333333333333333,1.55,1.55,1.54,1.54,0.25,0.25,4.333333333333333,4.6,0.3333333333333333,0.4,1.6666666666666667,1.8666666666666667,85.0,74.06666666666666,81.66666666666667,80.53333333333333,355.6666666666667,250.33333333333334,1511.3333333333333,1497.9333333333334,1783.3333333333333,1787.0,59.75,63.2,80.8,83.66666666666667,1,guard,106,88.9555871133407,17.044412886659302
132812,9243,http://live.fanfooty.com.au/game/matchcentre.html?id=9243,R5,2025,298174.0,Toby,Nankervis,RI,21.0,84.0,125,95.0,80.0,99.0,4.0,13.0,3.0,2.0,33.0,2.0,2.0,0.0,0.0,Full Time,ruck,%H... also %P and %T... First ruck,,,,,,,Ruck,25.0,0.0,0.0,0.0,0.22,0.31,1.1,,,,8.0,5.0,3.0,100.0,82.0,21.0,0.0,False,1728,1559,6,9243_RI,97.20000000000005,1,71.0,1,8.333333333333334,8.066666666666666,9.333333333333334,9.0,2.6666666666666665,3.3333333333333335,1.3333333333333333,4.2,36.333333333333336,34.13333333333333,1.3333333333333333,1.4,1.6666666666666667,1.6666666666666667,0.0,0.26666666666666666,0.6666666666666666,0.4,0.22,0.22,0.31,0.31,1.1,1.1,10.666666666666666,10.466666666666667,4.666666666666667,5.0,4.333333333333333,4.133333333333334,73.0,67.93333333333334,80.33333333333333,79.73333333333333,128.33333333333334,161.33333333333334,1511.3333333333333,1488.6,1783.3333333333333,1786.4666666666667,109.25,101.6,103.2,111.66666666666667,1,ruck,125,110.94246512904296,14.057534870957042
132813,9243,http://live.fanfooty.com.au/game/matchcentre.html?id=9243,R5,2025,294592.0,Kamdyn,McIntosh,RI,18.0,74.0,82,93.0,63.0,84.0,11.0,8.0,6.0,1.0,0.0,0.0,1.0,1.0,0.0,Full Time,shovel,Matched up on Serong... %P and %M plus %s... Doing jobs in midfield,,,,,,,Midfielder,33.0,0.0,0.0,0.0,0.27,0.25,0.2,,,,5.0,2.0,1.0,73.0,77.0,292.0,1.0,False,1728,1559,6,9243_RI,97.20000000000005,0,71.0,1,9.666666666666666,8.933333333333334,6.0,4.733333333333333,5.0,3.933333333333333,4.333333333333333,2.7333333333333334,0.0,0.06666666666666667,0.0,0.4666666666666667,1.0,1.0,0.6666666666666666,0.4666666666666667,0.0,0.3333333333333333,0.27,0.27,0.25,0.25,0.2,0.2,3.0,4.066666666666666,1.0,1.2666666666666666,1.6666666666666667,2.466666666666667,74.33333333333333,69.13333333333334,75.0,77.26666666666667,230.0,230.33333333333334,1511.3333333333333,1496.0,1783.3333333333333,1779.0,56.45,60.6,72.8,72.0,1,shovel,82,48.65986869277724,33.34013130722276
132815,9243,http://live.fanfooty.com.au/game/matchcentre.html?id=9243,R5,2025,1009226.0,Thomson,Dow,RI,10.0,66.0,67,79.0,57.0,78.0,5.0,15.0,4.0,2.0,0.0,1.0,0.0,0.0,0.0,Full Time,shovel,%P including %B... also %M and %T... Rotating in midfield,,,,,,,Midfielder,27.0,0.0,0.0,0.0,0.22,0.82,0.58,,,,11.0,5.0,3.0,65.0,71.0,78.0,1.0,False,1728,1559,6,9243_RI,97.20000000000005,0,71.0,0,6.666666666666667,6.133333333333334,13.666666666666666,11.6,4.0,2.533333333333333,2.6666666666666665,2.466666666666667,0.0,0.0,1.3333333333333333,1.1333333333333333,0.3333333333333333,0.4,0.0,0.0,0.3333333333333333,0.13333333333333333,0.22,0.22,0.82,0.82,0.58,0.58,7.333333333333333,8.4,4.333333333333333,3.8666666666666667,3.6666666666666665,2.6666666666666665,67.0,71.33333333333333,71.0,69.93333333333334,141.33333333333334,164.06666666666666,1511.3333333333333,1467.9333333333334,1783.3333333333333,1815.1333333333334,65.05,62.6,75.4,69.0,1,shovel,67,55.68166578278412,11.318334217215877
132816,9243,http://live.fanfooty.com.au/game/matchcentre.html?id=9243,R5,2025,1011985.0,Hugo,Ralphsmith,RI,13.0,66.0,72,85.0,55.0,72.0,9.0,7.0,6.0,2.0,0.0,2.0,1.0,0.0,0.0,Full Time,wing,%P and %M plus %T... Playing a wing role on Sharp,,,,,,,Back,13.0,0.0,0.0,0.0,0.13,0.44,0.43,,,,5.0,1.0,4.0,68.0,82.0,338.0,0.0,False,1728,1559,6,9243_RI,97.20000000000005,0,71.0,1,9.333333333333334,7.733333333333333,5.666666666666667,5.466666666666667,5.0,3.466666666666667,1.3333333333333333,1.5333333333333334,0.0,0.0,1.0,0.4666666666666667,0.3333333333333333,0.7333333333333333,0.3333333333333333,0.3333333333333333,0.0,0.13333333333333333,0.13,0.13,0.44,0.44,0.43,0.43,4.333333333333333,3.2,1.3333333333333333,0.7333333333333333,3.0,2.933333333333333,71.66666666666667,70.86666666666666,86.0,88.4,289.0,292.6,1501.3333333333333,1485.8666666666666,1745.6666666666667,1789.3333333333333,52.6,51.1,51.6,59.666666666666664,1,wing,72,58.70447593577081,13.295524064229191
132817,9243,http://live.fanfooty.com.au/game/matchcentre.html?id=9243,R5,2025,1013197.0,Sam,Banks,RI,8.0,65.0,66,80.0,53.0,75.0,10.0,11.0,3.0,1.0,0.0,0.0,0.0,0.0,0.0,Full Time,wing,%M and %P... Running on the outside,,,,,,,Back,41.0,0.0,0.0,0.0,0.09,0.13,0.23,,,,6.0,3.0,1.0,71.0,83.0,430.0,0.0,False,1728,1559,6,9243_RI,97.20000000000005,0,71.0,0,6.333333333333333,8.266666666666667,8.0,6.2,2.0,2.3333333333333335,1.3333333333333333,1.4666666666666666,0.0,0.0,0.6666666666666666,0.6666666666666666,0.3333333333333333,0.4,0.6666666666666666,0.2,0.0,0.13333333333333333,0.09,0.09,0.13,0.13,0.23,0.23,4.666666666666667,4.4,1.6666666666666667,1.6666666666666667,1.6666666666666667,1.6,66.33333333333333,73.73333333333333,63.0,68.53333333333333,258.3333333333333,260.2,1430.0,1471.8,1853.0,1802.8666666666666,51.95,63.4,56.4,55.0,1,wing,66,55.31108712668246,10.688912873317541
132818,9243,http://live.fanfooty.com.au/game/matchcentre.html?id=9243,R5,2025,1006133.0,Jack,Ross,RI,9.0,62.0,59,81.0,50.0,64.0,8.0,4.0,7.0,2.0,0.0,0.0,0.0,0.0,1.0,Full Time,shovel,%P and %M plus %T... %s as well... Starting on ball,,,,,,,Midfielder,5.0,0.0,0.0,0.0,0.04,0.07,0.09,,,,2.0,2.0,1.0,83.0,73.0,330.0,0.0,False,1728,1559,6,9243_RI,97.20000000000005,0,71.0,0,9.333333333333334,8.933333333333334,7.333333333333333,9.266666666666667,7.666666666666667,4.466666666666667,3.0,2.4,0.0,0.0,0.3333333333333333,0.4,1.0,0.3333333333333333,0.0,0.2,0.6666666666666666,0.2,0.04,0.064,0.07,0.07600000000000001,0.09,0.092,4.666666666666667,7.0,1.6666666666666667,2.7333333333333334,3.3333333333333335,2.1333333333333333,75.0,71.6,79.33333333333333,77.13333333333334,382.3333333333333,343.2,1511.3333333333333,1509.0666666666666,1783.3333333333333,1769.3333333333333,73.7,72.4,71.8,63.333333333333336,1,shovel,59,58.605979107234134,0.39402089276586594
132819,9243,http://live.fanfooty.com.au/game/matchcentre.html?id=9243,R5,2025,1017114.0,Tyler,Sonsie,RI,11.0,57.0,47,72.0,46.0,60.0,7.0,5.0,4.0,2.0,0.0,0.0,0.0,1.0,0.0,Full Time,wing,%P and %M plus %T... %s as well... Starting on a wing,,,,,,,Midfielder,40.0,0.0,0.0,0.0,0.4,0.88,0.05,,,,4.0,2.0,1.0,66.0,84.0,199.0,0.0,False,1728,1559,6,9243_RI,97.20000000000005,0,71.0,0,7.333333333333333,7.066666666666666,4.0,4.933333333333334,3.6666666666666665,3.1333333333333333,1.3333333333333333,1.2,0.0,0.0,0.0,0.4,0.3333333333333333,0.26666666666666666,0.3333333333333333,0.26666666666666666,1.3333333333333333,0.6666666666666666,0.4,0.4,0.88,0.88,0.05,0.05,2.3333333333333335,3.6666666666666665,1.0,1.2,1.3333333333333333,1.8666666666666667,58.666666666666664,66.86666666666666,80.66666666666667,72.13333333333334,219.33333333333334,184.73333333333332,1511.3333333333333,1490.6666666666667,1783.3333333333333,1795.4,38.65,36.4,31.4,35.333333333333336,1,wing,47,45.57037935341554,1.4296206465844605
132820,9243,http://live.fanfooty.com.au/game/matchcentre.html?id=9243,R5,2025,1002403.0,Ben,Miller,RI,8.0,53.0,44,70.0,42.0,54.0,11.0,1.0,6.0,0.0,0.0,0.0,0.0,0.0,0.0,Full Time,cyclone,%P including %K... also %M... In defence on Treacy,,,,,,,Back,12.0,0.0,0.0,0.0,0.31,0.21,0.36,,,,1.0,0.0,3.0,91.0,94.0,256.0,0.0,False,1728,1559,6,9243_RI,97.20000000000005,0,71.0,0,9.666666666666666,9.266666666666667,1.6666666666666667,3.6666666666666665,8.333333333333334,6.133333333333334,2.0,1.4666666666666666,0.0,0.0,0.0,0.3333333333333333,0.6666666666666666,0.7333333333333333,0.0,0.0,0.0,0.0,0.31,0.31,0.21,0.21,0.36,0.36,1.0,3.0,0.0,0.06666666666666667,2.0,1.6,91.33333333333333,87.86666666666666,94.0,95.66666666666667,225.0,268.6,1511.3333333333333,1485.4666666666667,1783.3333333333333,1790.2,69.3,64.6,70.2,58.333333333333336,1,cyclone,44,79.97951446390049,-35.979514463900486
132823,9243,http://live.fanfooty.com.au/game/matchcentre.html?id=9243,R5,2025,293813.0,Tom J.,Lynch,RI,8.0,29.0,34,36.0,24.0,30.0,3.0,2.0,2.0,1.0,0.0,0.0,0.0,1.0,0.0,Full Time,spearhead,Subbed off at 3QT for Bauer... %s from %P and %M,subbed,Up forward and has big Cox,,0.0,,,Forward,19.0,10.0,67.1,0.0,0.0,16.28,1.3,,,,1.0,0.0,1.0,60.0,62.0,123.0,1.0,True,1728,1559,6,9243_RI,97.20000000000005,0,71.0,0,4.666666666666667,7.266666666666667,1.6666666666666667,2.6666666666666665,3.0,4.866666666666666,1.0,0.8666666666666667,0.0,0.2,0.3333333333333333,1.2,0.6666666666666666,1.3333333333333333,1.0,2.3333333333333335,0.6666666666666666,1.0666666666666667,0.0,0.604,16.28,8.922666666666666,1.3,0.9973333333333334,3.3333333333333335,5.933333333333334,0.0,0.26666666666666666,1.3333333333333333,2.8666666666666667,67.33333333333333,64.6,75.33333333333333,83.26666666666667,144.33333333333334,195.86666666666667,1511.3333333333333,1606.9333333333334,1783.3333333333333,1675.2666666666667,72.45,42.7,41.2,37.666666666666664,1,spearhead,34,70.17794813051133,-36.177948130511325
132824,9243,http://live.fanfooty.com.au/game/matchcentre.html?id=9243,R5,2025,1009551.0,Maurice,Rioli jnr,RI,8.0,27.0,50,31.0,26.0,33.0,3.0,3.0,1.0,0.0,0.0,0.0,1.0,2.0,0.0,Full Time,pocket,First goal... %P and %s... Starting deep forward on Ryan,,,,,,,,17.0,0.0,0.0,0.0,0.31,0.46,0.99,,,,5.0,0.0,1.0,50.0,69.0,102.0,1.0,False,1728,1559,6,9243_RI,97.20000000000005,0,71.0,0,4.666666666666667,4.8,3.3333333333333335,3.1333333333333333,1.0,2.0,2.0,2.533333333333333,0.0,0.0,0.6666666666666666,0.6,1.0,0.6666666666666666,1.3333333333333333,0.6666666666666666,0.6666666666666666,0.7333333333333333,0.31,0.38666666666666666,0.46,0.5133333333333333,0.99,1.0366666666666666,3.6666666666666665,3.8666666666666667,0.0,0.13333333333333333,1.6666666666666667,1.6,57.0,67.6,69.0,64.06666666666666,143.0,128.53333333333333,1471.6666666666667,1563.0,1771.3333333333333,1711.6,42.8,54.2,51.8,46.0,1,pocket,50,50.90094968141343,-0.9009496814134295
132825,9243,http://live.fanfooty.com.au/game/matchcentre.html?id=9243,R5,2025,1023275.0,Seth,Campbell,RI,1.0,26.0,26,35.0,22.0,34.0,6.0,3.0,1.0,1.0,0.0,0.0,2.0,0.0,1.0,Full Time,pocket,%s from %P... Rotating forward,,,,,,,Forward,44.0,0.0,0.0,0.0,0.09,0.08,0.19,,,,4.0,1.0,2.0,77.0,88.0,153.0,0.0,False,1728,1559,6,9243_RI,97.20000000000005,0,71.0,0,6.333333333333333,6.6,5.666666666666667,4.2,1.6666666666666667,1.8666666666666667,1.3333333333333333,2.0,0.0,0.0,0.3333333333333333,0.5333333333333333,1.0,0.6666666666666666,1.6666666666666667,1.0,1.0,0.8666666666666667,0.09,0.09,0.08,0.08,0.19,0.19,4.666666666666667,4.2,1.3333333333333333,1.0,2.0,2.0,72.0,68.06666666666666,81.33333333333333,80.66666666666667,197.33333333333334,203.53333333333333,1511.3333333333333,1491.2666666666667,1783.3333333333333,1783.3333333333333,52.65,56.5,64.4,55.0,1,pocket,26,58.87598389155922,-32.87598389155922
132828,9243,http://live.fanfooty.com.au/game/matchcentre.html?id=9243,R5,2025,1002232.0,Andrew,Brayshaw,FR,50.0,123.0,155,109.0,91.0,129.0,12.0,19.0,2.0,10.0,0.0,3.0,0.0,0.0,0.0,Full Time,cherry,%P and %M plus %T... umps paid him %4FF,shovel,Playing central midfield,,0.0,,,Midfielder,8.0,17.0,66.76,0.0,0.0,9.63,12.05,,,,14.0,6.0,3.0,83.0,80.0,517.0,0.0,False,1559,1728,6,9243_FR,97.20000000000005,1,71.0,1,13.666666666666666,12.8,16.0,17.333333333333332,1.6666666666666667,3.6666666666666665,8.666666666666666,6.266666666666667,0.0,0.0,2.0,1.6666666666666667,0.0,1.4,0.3333333333333333,0.4,0.6666666666666666,0.4666666666666667,0.0,0.0,9.63,9.63,12.05,12.05,12.0,12.066666666666666,5.333333333333333,5.333333333333333,3.3333333333333335,4.266666666666667,74.66666666666667,74.33333333333333,80.66666666666667,83.26666666666667,524.3333333333334,421.6,1757.6666666666667,1679.3333333333333,1530.6666666666667,1604.2,115.2,125.3,125.6,140.33333333333334,1,cherry,155,102.82682914311758,52.17317085688242
132829,9243,http://live.fanfooty.com.au/game/matchcentre.html?id=9243,R5,2025,1012819.0,Josh,Treacy,FR,34.0,107.0,130,91.0,91.0,104.0,10.0,1.0,8.0,3.0,1.0,1.0,0.0,6.0,1.0,Full Time,star,Three goals in the first ten minutes of Q1 which was officially wharfie time... %s from %P and %M plus %T,spearhead,Playing key forward on Miller,,,,,Forward,35.0,0.0,0.0,0.0,0.31,0.06,0.08,,,,2.0,0.0,1.0,81.0,88.0,278.0,1.0,False,1559,1728,6,9243_FR,97.20000000000005,1,71.0,1,9.333333333333334,8.4,3.6666666666666665,4.2,7.0,6.533333333333333,2.3333333333333335,1.8666666666666667,1.6666666666666667,1.3333333333333333,1.3333333333333333,0.8,1.0,0.8666666666666667,4.0,2.8,1.0,1.1333333333333333,0.31,0.31,0.06,0.06,0.08,0.08,4.0,5.0,0.0,0.13333333333333333,2.0,2.0,79.66666666666667,72.6,89.33333333333333,89.6,281.6666666666667,260.0,1757.6666666666667,1688.8666666666666,1530.6666666666667,1594.4,89.35,98.4,99.6,117.33333333333333,1,star,130,82.70222806070629,47.29777193929371
132830,9243,http://live.fanfooty.com.au/game/matchcentre.html?id=9243,R5,2025,1013224.0,Heath,Chapman,FR,24.0,103.0,86,61.0,85.0,111.0,18.0,8.0,10.0,1.0,0.0,2.0,1.0,0.0,0.0,Full Time,hot,%M and %P,guard,In defence,,,,,Back,5.0,0.0,0.0,0.0,26.48,16.11,9.18,,,,3.0,1.0,1.0,84.0,87.0,551.0,0.0,False,1559,1728,6,9243_FR,97.20000000000005,0,71.0,1,12.0,10.4,5.666666666666667,5.866666666666666,7.333333333333333,5.933333333333334,1.0,1.6666666666666667,0.0,0.0,1.3333333333333333,0.6,1.0,0.6666666666666666,0.0,0.06666666666666667,0.0,0.0,26.48,26.48,16.11,16.11,9.18,9.18,2.6666666666666665,4.0,0.3333333333333333,0.3333333333333333,1.6666666666666667,2.0,89.0,79.13333333333334,84.66666666666667,79.8,387.3333333333333,304.8666666666667,1757.6666666666667,1710.6,1530.6666666666667,1572.4,71.15,70.0,74.0,78.0,1,hot,86,73.22180365518713,12.77819634481287
132831,9243,http://live.fanfooty.com.au/game/matchcentre.html?id=9243,R5,2025,1009420.0,Caleb,Serong,FR,20.0,101.0,103,62.0,80.0,111.0,17.0,12.0,4.0,4.0,0.0,4.0,2.0,0.0,0.0,Full Time,hot,Matched up on McIntosh... %P and %M plus %T... helped out by %4FF,shovel,In central midfield,,,,,Midfielder,3.0,0.0,0.0,0.0,10.27,9.92,5.58,,,,13.0,6.0,4.0,58.0,79.0,461.0,0.0,False,1559,1728,6,9243_FR,97.20000000000005,1,71.0,1,16.666666666666668,12.866666666666667,17.333333333333332,14.733333333333333,2.0,1.8666666666666667,4.0,4.466666666666667,0.0,0.0,2.6666666666666665,1.7333333333333334,0.6666666666666666,0.4666666666666667,0.0,0.7333333333333333,0.0,0.4,10.27,10.27,9.92,9.92,5.58,5.58,18.0,13.6,10.333333333333334,8.0,5.666666666666667,2.933333333333333,63.666666666666664,66.73333333333333,81.0,82.8,505.0,405.53333333333336,1757.6666666666667,1679.3333333333333,1530.6666666666667,1604.2,108.9,109.2,110.2,116.66666666666667,1,hot,103,107.85719679529794,-4.857196795297938
132832,9243,http://live.fanfooty.com.au/game/matchcentre.html?id=9243,R5,2025,1009256.0,Hayden,Young,FR,20.0,90.0,79,64.0,67.0,90.0,13.0,5.0,3.0,5.0,0.0,0.0,0.0,2.0,0.0,Full Time,tbone,Matched up on Taranto... %P including %K... also %T and %M... and kicked %s,midfwd,Starting in midfield and resting forward,,,,,Back,26.0,0.0,0.0,0.0,39.42,37.62,34.33,,,,8.0,2.0,2.0,55.0,69.0,397.0,1.0,False,1559,1728,6,9243_FR,97.20000000000005,0,71.0,1,13.0,13.066666666666666,5.666666666666667,9.533333333333333,2.3333333333333335,2.2,4.0,5.066666666666666,0.0,0.0,1.0,0.6666666666666666,1.0,1.0,0.6666666666666666,0.8,0.6666666666666666,0.6666666666666666,39.42,39.42,37.62,37.62,34.33,34.33,9.0,10.266666666666667,4.0,5.133333333333334,2.6666666666666665,3.1333333333333333,65.33333333333333,68.86666666666666,67.66666666666667,73.2,403.0,441.8,1614.0,1687.5333333333333,1669.6666666666667,1594.1333333333334,101.35,100.6,96.6,84.33333333333333,1,tbone,79,93.75033044202019,-14.750330442020186
132833,9243,http://live.fanfooty.com.au/game/matchcentre.html?id=9243,R5,2025,1006152.0,Jordan,Clark,FR,10.0,89.0,104,58.0,69.0,94.0,14.0,9.0,5.0,3.0,0.0,1.0,0.0,0.0,1.0,Full Time,guard,%P and %M plus %T... %s as well... Starting at half back,,,,,,,Back,6.0,0.0,0.0,0.0,0.27,0.23,2.1,,,,8.0,4.0,3.0,82.0,89.0,374.0,0.0,False,1559,1728,6,9243_FR,97.20000000000005,1,71.0,1,15.666666666666666,14.266666666666667,6.666666666666667,8.333333333333334,5.333333333333333,5.666666666666667,3.3333333333333335,3.466666666666667,0.0,0.0,0.6666666666666666,0.8666666666666667,1.0,0.8,0.3333333333333333,0.2,0.3333333333333333,0.06666666666666667,0.27,0.27,0.23,0.23,2.1,2.1,6.0,6.2,1.3333333333333333,1.5333333333333334,3.3333333333333335,2.2666666666666666,79.66666666666667,80.8,88.33333333333333,87.33333333333333,505.3333333333333,402.1333333333333,1757.6666666666667,1679.3333333333333,1530.6666666666667,1604.2,106.35,103.6,107.6,103.0,1,guard,104,119.28665471321578,-15.286654713215782
132835,9243,http://live.fanfooty.com.au/game/matchcentre.html?id=9243,R5,2025,993993.0,Shai,Bolton,FR,19.0,83.0,89,52.0,72.0,93.0,13.0,6.0,6.0,1.0,0.0,1.0,2.0,2.0,3.0,Full Time,heart,Left calf cramped badly in Q3 but returned for Q4... %P and %M plus %s,midfwd,Rotating midfield and forward,,0.0,,,Midfielder,15.0,3.0,30.67,0.0,0.0,7.66,3.61,,,,8.0,1.0,4.0,68.0,84.0,488.0,0.0,True,1559,1728,6,9243_FR,97.20000000000005,0,71.0,1,10.0,8.933333333333334,8.0,7.133333333333334,4.333333333333333,2.6666666666666665,1.6666666666666667,2.4,0.0,0.0,1.0,0.7333333333333333,1.6666666666666667,1.4666666666666666,1.3333333333333333,1.2666666666666666,2.0,1.5333333333333334,0.0,0.0,7.66,7.66,3.61,3.61,7.0,6.533333333333333,1.3333333333333333,2.466666666666667,4.666666666666667,4.066666666666666,66.0,63.2,79.66666666666667,85.73333333333333,415.0,292.46666666666664,1757.6666666666667,1563.3333333333333,1530.6666666666667,1711.5333333333333,71.35,71.4,75.2,90.0,1,heart,89,76.22604621675708,12.773953783242916
132836,9243,http://live.fanfooty.com.au/game/matchcentre.html?id=9243,R5,2025,1009380.0,Jeremy,Sharp,FR,14.0,77.0,86,52.0,66.0,87.0,11.0,10.0,8.0,0.0,0.0,0.0,0.0,0.0,0.0,Full Time,wing,%P and %M... Starting on a wing against Ralphsmith,,,,,,,Midfielder,14.0,0.0,0.0,0.0,51.2,50.96,35.35,,,,4.0,2.0,0.0,90.0,91.0,362.0,0.0,False,1559,1728,6,9243_FR,97.20000000000005,0,71.0,1,8.666666666666666,10.533333333333333,8.333333333333334,7.333333333333333,4.666666666666667,5.133333333333334,0.3333333333333333,0.9333333333333333,0.0,0.0,0.0,0.06666666666666667,0.6666666666666666,0.5333333333333333,0.3333333333333333,0.2,0.3333333333333333,0.4666666666666667,51.2,51.2,50.96,50.96,35.35,35.35,4.666666666666667,3.8,1.6666666666666667,1.4,2.0,2.0,76.0,76.73333333333333,87.66666666666667,89.53333333333333,278.6666666666667,324.93333333333334,1757.6666666666667,1679.3333333333333,1530.6666666666667,1604.2,67.6,69.2,63.6,59.666666666666664,1,wing,86,66.24411752026266,19.755882479737338
132837,9243,http://live.fanfooty.com.au/game/matchcentre.html?id=9243,R5,2025,1016825.0,Matthew,Johnson,FR,20.0,76.0,81,76.0,60.0,85.0,6.0,11.0,4.0,7.0,0.0,1.0,2.0,0.0,1.0,Full Time,shovel,%P and %M plus %T... %s as well... Rotating in midfield,,,,,,,Midfielder,44.0,0.0,0.0,0.0,1.28,0.61,1.43,,,,9.0,5.0,4.0,70.0,78.0,218.0,0.0,False,1559,1728,6,9243_FR,97.20000000000005,0,71.0,1,7.0,8.466666666666667,8.666666666666666,8.0,3.3333333333333335,3.466666666666667,4.0,3.466666666666667,0.0,0.0,1.0,0.6666666666666666,1.0,1.0,0.3333333333333333,0.13333333333333333,0.6666666666666666,0.5333333333333333,1.28,1.28,0.61,0.61,1.43,1.43,6.333333333333333,5.666666666666667,3.0,2.466666666666667,2.6666666666666665,2.6666666666666665,74.0,71.6,76.66666666666667,69.2,239.66666666666666,284.1333333333333,1757.6666666666667,1659.2,1530.6666666666667,1624.4,67.25,65.5,72.2,70.66666666666667,1,shovel,81,53.403006558501765,27.596993441498235
132838,9243,http://live.fanfooty.com.au/game/matchcentre.html?id=9243,R5,2025,999321.0,Michael,Frederick,FR,17.0,76.0,70,58.0,63.0,78.0,9.0,4.0,5.0,2.0,0.0,0.0,0.0,3.0,0.0,Full Time,wing,%s from %P and %M plus %T... Running off a HFF,,,,,,,Forward,32.0,0.0,0.0,0.0,0.35,0.18,0.42,,,,0.0,0.0,4.0,69.0,83.0,301.0,0.0,False,1559,1728,6,9243_FR,97.20000000000005,0,71.0,0,10.0,7.733333333333333,3.3333333333333335,3.0,5.666666666666667,4.2,1.6666666666666667,1.4,0.0,0.0,0.0,0.4,0.6666666666666666,0.26666666666666666,2.3333333333333335,1.4666666666666666,0.3333333333333333,0.8666666666666667,0.35,0.35,0.18,0.18,0.42,0.42,2.0,3.2,0.0,0.26666666666666666,3.3333333333333335,1.9333333333333333,64.66666666666667,65.06666666666666,80.66666666666667,75.26666666666667,327.3333333333333,233.0,1757.6666666666667,1664.9333333333334,1530.6666666666667,1619.2,55.65,60.4,62.2,69.66666666666667,1,wing,70,58.71213047599636,11.28786952400364
132839,9243,http://live.fanfooty.com.au/game/matchcentre.html?id=9243,R5,2025,298409.0,Alex,Pearce,FR,15.0,73.0,99,51.0,60.0,75.0,11.0,3.0,7.0,2.0,0.0,2.0,1.0,1.0,0.0,Full Time,job,%P including %K... also %M and %T... and scored %s... Standing the first-gamer Faull,,,,0.0,,,Back,25.0,20.0,40.1,0.0,0.0,0.23,0.53,,,,6.0,0.0,1.0,85.0,91.0,208.0,0.0,False,1559,1728,6,9243_FR,97.20000000000005,1,71.0,1,7.333333333333333,6.2,4.333333333333333,4.866666666666666,5.666666666666667,4.933333333333334,1.6666666666666667,1.4666666666666666,0.0,0.0,0.6666666666666666,1.2666666666666666,1.3333333333333333,0.8,0.3333333333333333,0.13333333333333333,0.0,0.0,0.0,0.0,0.23,0.23,0.53,0.53,5.333333333333333,5.533333333333333,0.0,0.06666666666666667,2.0,1.6,87.0,83.2,90.0,89.26666666666667,164.0,156.2,1757.6666666666667,1686.8,1530.6666666666667,1599.4,70.7,70.8,77.8,76.33333333333333,1,job,99,58.24365936315416,40.75634063684584
132840,9243,http://live.fanfooty.com.au/game/matchcentre.html?id=9243,R5,2025,997033.0,Brennan,Cox,FR,13.0,70.0,88,48.0,60.0,78.0,10.0,8.0,8.0,0.0,0.0,0.0,0.0,0.0,0.0,Full Time,job,%M and %P... Starting in defence on Lynch,,,,0.0,,,Back,36.0,15.0,60.13,0.0,0.0,0.07,0.19,,,,8.0,0.0,2.0,88.0,78.0,206.0,0.0,False,1559,1728,6,9243_FR,97.20000000000005,0,71.0,1,8.333333333333334,7.6,5.0,4.066666666666666,6.0,5.6,0.6666666666666666,1.2666666666666666,0.0,0.0,0.0,0.4666666666666667,0.6666666666666666,0.6,0.0,0.13333333333333333,0.0,0.0,0.0,0.0,0.07,0.07466666666666667,0.19,0.202,6.0,4.733333333333333,0.0,0.26666666666666666,2.0,1.8,86.0,82.53333333333333,80.33333333333333,81.86666666666666,166.33333333333334,133.73333333333332,1757.6666666666667,1688.0,1530.6666666666667,1594.5333333333333,70.4,67.3,61.8,69.33333333333333,1,job,88,59.321999159124196,28.678000840875804
132841,9243,http://live.fanfooty.com.au/game/matchcentre.html?id=9243,R5,2025,294613.0,Jaeger,O'Meara,FR,8.0,64.0,90,47.0,52.0,75.0,8.0,13.0,1.0,3.0,0.0,2.0,1.0,0.0,0.0,Full Time,shovel,%P and %T... Rotating midfield and forward,,,,0.0,,,Midfielder,2.0,19.0,96.79,0.0,0.0,0.08,0.23,,,,11.0,6.0,3.0,71.0,76.0,289.0,0.0,False,1559,1728,6,9243_FR,97.20000000000005,0,71.0,1,7.666666666666667,8.933333333333334,15.0,9.6,2.0,3.6666666666666665,3.0,3.066666666666667,0.0,0.0,1.3333333333333333,0.6666666666666666,2.6666666666666665,0.9333333333333333,0.0,0.3333333333333333,0.0,0.13333333333333333,0.0,0.0,0.08,0.08,0.23,0.23,10.666666666666666,6.266666666666667,4.333333333333333,2.7333333333333334,5.0,2.2666666666666666,74.0,75.53333333333333,80.0,78.13333333333334,231.66666666666666,280.0,1700.3333333333333,1648.2666666666667,1587.6666666666667,1634.6,76.15,75.2,80.2,81.0,1,shovel,90,63.520353179692734,26.479646820307266
132842,9243,http://live.fanfooty.com.au/game/matchcentre.html?id=9243,R5,2025,998659.0,Luke,Ryan,FR,12.0,60.0,52,36.0,50.0,66.0,10.0,6.0,6.0,0.0,0.0,0.0,0.0,0.0,0.0,Full Time,injured,Left shoulder iced up at 3QT and subbed off for Dudley... %M and %P,subbed,Rioli jnr carved him up early,,0.0,,,Back,13.0,20.0,76.9,0.0,0.0,3.0,2.55,,,,1.0,0.0,1.0,93.0,71.0,226.0,1.0,True,1559,1728,6,9243_FR,97.20000000000005,0,71.0,0,15.666666666666666,17.8,3.6666666666666665,4.0,6.0,6.8,1.6666666666666667,1.8,0.0,0.0,0.6666666666666666,0.3333333333333333,0.0,0.4,0.0,0.0,0.0,0.0,0.0,0.0,3.0,3.0,2.55,2.55,3.0,3.2666666666666666,1.0,0.3333333333333333,1.0,1.6,87.33333333333333,85.8,83.66666666666667,91.46666666666667,425.6666666666667,497.1333333333333,1757.6666666666667,1679.3333333333333,1530.6666666666667,1604.2,102.0,96.7,85.6,89.0,1,injured,52,73.6721575014003,-21.672157501400307
132843,9243,http://live.fanfooty.com.au/game/matchcentre.html?id=9243,R5,2025,998145.0,Sean,Darcy,FR,14.0,57.0,76,56.0,48.0,61.0,3.0,6.0,0.0,4.0,22.0,1.0,1.0,0.0,0.0,Full Time,ruck,%H... also %P and %T... First ruck with support from Jackson,,,,0.0,,,Ruck,4.0,6.0,73.67,0.0,0.0,0.74,1.63,,,,7.0,2.0,4.0,55.0,63.0,147.0,1.0,False,1559,1728,6,9243_FR,97.20000000000005,0,71.0,1,3.0,4.866666666666666,8.0,7.2,1.3333333333333333,1.6666666666666667,2.3333333333333335,3.4,34.333333333333336,31.866666666666667,0.6666666666666666,1.4,1.3333333333333333,1.4,0.0,0.4,0.3333333333333333,0.13333333333333333,0.0,0.0,0.74,1.3293333333333335,1.63,1.8619999999999999,8.666666666666666,8.533333333333333,3.0,4.466666666666667,3.6666666666666665,2.6666666666666665,68.0,69.13333333333334,76.66666666666667,69.26666666666667,106.33333333333333,149.66666666666666,1705.3333333333333,1677.3333333333333,1578.6666666666667,1607.0666666666666,98.95,96.7,87.0,90.66666666666667,1,ruck,76,98.48708799306294,-22.487087993062943
132846,9243,http://live.fanfooty.com.au/game/matchcentre.html?id=9243,R5,2025,998180.0,Bailey,Banfield,FR,3.0,45.0,45,27.0,38.0,51.0,7.0,7.0,3.0,0.0,0.0,1.0,0.0,0.0,0.0,Full Time,wing,%P and %M... Started on a wing today,,,,0.0,,,Forward,41.0,20.0,64.15,0.0,0.0,0.08,0.07,,,,4.0,1.0,2.0,78.0,80.0,307.0,0.0,False,1559,1728,6,9243_FR,97.20000000000005,0,71.0,0,7.333333333333333,7.133333333333334,7.666666666666667,6.266666666666667,2.0,2.2666666666666666,1.6666666666666667,2.066666666666667,0.0,0.0,0.6666666666666666,0.6,0.3333333333333333,0.3333333333333333,0.3333333333333333,0.6,0.0,0.4,0.0,0.0,0.08,0.08,0.07,0.07,6.333333333333333,4.333333333333333,1.6666666666666667,0.6,2.0,2.2666666666666666,75.33333333333333,66.6,80.33333333333333,78.53333333333333,275.0,210.2,1757.6666666666667,1661.4,1530.6666666666667,1622.6,55.75,56.3,59.4,72.66666666666667,1,wing,45,59.380233136169025,-14.380233136169025
132847,9243,http://live.fanfooty.com.au/game/matchcentre.html?id=9243,R5,2025,1020668.0,Joshua,Draper,FR,3.0,36.0,55,31.0,31.0,42.0,3.0,7.0,2.0,1.0,3.0,0.0,0.0,0.0,0.0,Full Time,job,%P and %M... On Blight,,,,,,,,37.0,0.0,0.0,0.0,0.04,0.1,0.47,,,,6.0,0.0,1.0,80.0,87.0,41.0,0.0,False,1559,1728,6,9243_FR,97.20000000000005,0,71.0,0,3.6666666666666665,6.0,3.6666666666666665,4.866666666666666,2.0,4.133333333333334,1.0,1.0,1.0,0.2,0.3333333333333333,0.4666666666666667,0.6666666666666666,0.6666666666666666,0.0,0.0,0.0,0.0,0.04,0.04,0.1,0.1,0.47,0.47,3.6666666666666665,4.2,0.3333333333333333,0.06666666666666667,1.3333333333333333,1.1333333333333333,89.0,85.4,87.33333333333333,81.33333333333333,103.33333333333333,125.33333333333333,1757.6666666666667,1682.5333333333333,1530.6666666666667,1600.2,53.5,58.7,50.6,48.0,1,job,55,42.497659346155096,12.502340653844904
132848,9243,http://live.fanfooty.com.au/game/matchcentre.html?id=9243,R5,2025,992059.0,Sam,Switkowski,FR,7.0,36.0,31,35.0,24.0,36.0,4.0,2.0,1.0,5.0,0.0,0.0,1.0,0.0,0.0,Full Time,pocket,%P and %T... Starting forward,,,,0.0,,,,39.0,1.0,47.0,0.0,0.0,0.08,0.15,,,,1.0,0.0,2.0,50.0,69.0,178.0,1.0,False,1559,1728,6,9243_FR,97.20000000000005,0,71.0,0,5.333333333333333,6.666666666666667,6.333333333333333,8.0,2.0,3.2666666666666666,3.3333333333333335,4.333333333333333,0.0,0.0,0.6666666666666666,1.2,0.3333333333333333,0.4,0.3333333333333333,0.6,0.3333333333333333,0.3333333333333333,0.0,0.0,0.08,0.08,0.15,0.15,5.333333333333333,5.733333333333333,0.6666666666666666,1.2,1.3333333333333333,1.3333333333333333,58.333333333333336,74.46666666666667,65.33333333333333,76.46666666666667,223.66666666666666,211.06666666666666,1604.3333333333333,1666.2,1678.0,1615.4,72.8,70.6,67.8,64.33333333333333,1,pocket,31,70.6205985970505,-39.6205985970505
132850,9244,http://live.fanfooty.com.au/game/matchcentre.html?id=9244,R5,2025,994389.0,Jack,Sinclair,SK,25.0,106.0,108,137.0,78.0,108.0,18.0,8.0,3.0,5.0,0.0,1.0,0.0,1.0,0.0,Full Time,hot,%P and %M plus %T... %s as well,switch,Mostly starting at half back on Darcy Jones... switched to mids in Q4,,,,,Back,35.0,0.0,0.0,0.0,22.1,14.73,21.89,,,,8.0,4.0,3.0,76.0,88.0,542.0,0.0,False,1816,1473,6,9244_SK,97.20000000000005,1,71.0,1,22.333333333333332,19.533333333333335,8.0,8.533333333333333,4.333333333333333,5.866666666666666,2.6666666666666665,3.1333333333333333,0.0,0.0,0.6666666666666666,0.7333333333333333,0.0,0.06666666666666667,0.6666666666666666,0.26666666666666666,0.3333333333333333,0.06666666666666667,22.1,22.1,14.73,14.73,21.89,21.89,6.666666666666667,7.733333333333333,2.6666666666666665,2.6,2.6666666666666665,2.2666666666666666,76.33333333333333,76.53333333333333,85.33333333333333,85.13333333333334,590.0,461.2,1654.3333333333333,1663.4,1639.3333333333333,1615.9333333333334,117.3,118.9,125.6,129.33333333333334,1,hot,108,109.49467703856504,-1.4946770385650439
132851,9244,http://live.fanfooty.com.au/game/matchcentre.html?id=9244,R5,2025,1015507.0,Nasiah,Wanganeen-Milera,SK,21.0,102.0,133,127.0,79.0,106.0,17.0,7.0,2.0,3.0,0.0,0.0,0.0,3.0,1.0,Full Time,hot,%P including %K... also %T and %M... and booted %s,switch,Loping from half back against Brown... switched to a wing in Q3,,,,,Back,7.0,0.0,0.0,0.0,10.36,5.14,11.9,,,,6.0,2.0,3.0,70.0,79.0,673.0,0.0,False,1816,1473,6,9244_SK,97.20000000000005,1,71.0,1,19.333333333333332,19.8,6.666666666666667,6.2,4.0,5.866666666666666,2.6666666666666665,1.8666666666666667,0.0,0.0,1.0,0.7333333333333333,0.6666666666666666,0.4666666666666667,1.3333333333333333,0.4,0.6666666666666666,0.4666666666666667,10.36,10.36,5.14,5.14,11.9,11.9,6.333333333333333,6.0,1.3333333333333333,0.9333333333333333,5.0,4.066666666666666,71.33333333333333,72.33333333333333,82.33333333333333,83.0,566.6666666666666,520.9333333333333,1654.3333333333333,1670.2666666666667,1639.3333333333333,1608.6666666666667,106.25,109.1,115.0,122.0,1,hot,133,100.23079707572973,32.769202924270274
132852,9244,http://live.fanfooty.com.au/game/matchcentre.html?id=9244,R5,2025,1023270.0,Marcus,Windhager,SK,20.0,94.0,103,118.0,75.0,102.0,11.0,14.0,5.0,4.0,0.0,2.0,0.0,0.0,0.0,Full Time,switch,%P and %M plus %T... Doing jobs in midfield... switched back in Q4 onto Brown,,,,,,,Midfielder,2.0,0.0,0.0,0.0,12.8,5.86,7.62,,,,8.0,3.0,2.0,76.0,83.0,291.0,0.0,False,1816,1473,6,9244_SK,97.20000000000005,1,71.0,1,9.333333333333334,8.8,11.333333333333334,8.933333333333334,2.3333333333333335,2.466666666666667,3.6666666666666665,4.933333333333334,0.0,0.0,1.6666666666666667,1.3333333333333333,2.3333333333333335,1.3333333333333333,0.0,0.13333333333333333,0.3333333333333333,0.2,12.8,12.8,5.86,5.86,7.62,7.62,10.333333333333334,9.066666666666666,4.333333333333333,3.466666666666667,5.333333333333333,3.933333333333333,62.333333333333336,66.4,79.0,78.33333333333333,200.0,219.6,1654.3333333333333,1607.8666666666666,1639.3333333333333,1677.9333333333334,73.05,69.7,77.8,68.33333333333333,1,switch,103,92.21102602867205,10.788973971327948
132853,9244,http://live.fanfooty.com.au/game/matchcentre.html?id=9244,R5,2025,1011994.0,Ryan,Byrnes,SK,19.0,84.0,91,103.0,71.0,93.0,13.0,10.0,6.0,0.0,0.0,1.0,0.0,1.0,0.0,Full Time,guard,%P and %M plus %s... Playing a half back role,,,,,,,Midfielder,13.0,0.0,0.0,0.0,0.13,0.08,0.06,,,,4.0,0.0,2.0,73.0,78.0,430.0,1.0,False,1816,1473,6,9244_SK,97.20000000000005,0,71.0,1,13.0,11.466666666666667,6.333333333333333,5.466666666666667,7.0,4.933333333333334,1.0,1.5333333333333334,0.0,0.0,0.6666666666666666,0.5333333333333333,0.3333333333333333,0.3333333333333333,0.3333333333333333,0.13333333333333333,0.0,0.06666666666666667,0.13,0.13,0.08,0.08,0.06,0.06,3.0,4.2,0.6666666666666666,0.9333333333333333,2.3333333333333335,1.8666666666666667,75.66666666666667,69.8,82.33333333333333,77.93333333333334,370.3333333333333,299.46666666666664,1654.3333333333333,1661.1333333333334,1639.3333333333333,1619.4666666666667,62.7,64.4,69.6,75.0,1,guard,91,90.26316403762527,0.7368359623747267
132855,9244,http://live.fanfooty.com.au/game/matchcentre.html?id=9244,R5,2025,1018018.0,Cooper,Sharman,SK,17.0,81.0,92,100.0,67.0,79.0,10.0,3.0,5.0,2.0,0.0,3.0,0.0,3.0,1.0,Full Time,spearhead,%P including %K... also %M and %T... and scored %s... umps paid him %4FF... Playing forward on Buckley,,,,,,,Back,43.0,0.0,0.0,0.0,0.09,0.07,0.09,,,,5.0,0.0,1.0,69.0,95.0,195.0,0.0,False,1816,1473,6,9244_SK,97.20000000000005,0,71.0,1,9.0,7.066666666666666,3.3333333333333335,3.1333333333333333,4.666666666666667,4.266666666666667,2.3333333333333335,2.3333333333333335,0.3333333333333333,0.4,2.0,0.8,0.3333333333333333,0.5333333333333333,2.0,1.4,1.0,0.6,0.09,0.09,0.07,0.07,0.09,0.09,6.0,5.2,0.3333333333333333,0.2,1.6666666666666667,1.9333333333333333,75.0,61.86666666666667,88.0,75.2,211.0,172.6,1654.3333333333333,1646.8,1639.3333333333333,1632.0,66.5,80.0,81.2,86.66666666666667,1,spearhead,92,68.18685322556925,23.81314677443075
132856,9244,http://live.fanfooty.com.au/game/matchcentre.html?id=9244,R5,2025,296205.0,Jack,Steele,SK,14.0,80.0,80,102.0,61.0,85.0,9.0,11.0,3.0,5.0,0.0,1.0,0.0,0.0,1.0,Full Time,shovel,%P and %M plus %T... %s as well... Playing inside midfield mostly on Kelly,,,,,,,Midfielder,9.0,0.0,0.0,0.0,18.02,11.54,14.91,,,,9.0,7.0,1.0,60.0,73.0,383.0,0.0,False,1816,1473,6,9244_SK,97.20000000000005,0,71.0,1,8.333333333333334,11.333333333333334,12.0,10.666666666666666,3.3333333333333335,5.6,8.0,7.266666666666667,0.0,0.0,1.0,1.2666666666666666,0.6666666666666666,1.0666666666666667,0.0,0.4,0.3333333333333333,0.26666666666666666,18.02,18.02,11.54,11.54,14.91,14.91,9.333333333333334,10.0,5.666666666666667,4.6,1.3333333333333333,2.7333333333333334,70.0,72.46666666666667,77.66666666666667,83.6,242.66666666666666,305.2,1558.0,1651.4666666666667,1734.6666666666667,1626.0666666666666,101.5,104.3,98.2,88.66666666666667,1,shovel,80,78.67346207789842,1.3265379221015792
132857,9244,http://live.fanfooty.com.au/game/matchcentre.html?id=9244,R5,2025,295340.0,Mason,Wood,SK,24.0,75.0,91,97.0,67.0,85.0,12.0,4.0,10.0,0.0,0.0,0.0,2.0,1.0,1.0,Full Time,thor,%P including %K... also %M... and kicked %s... Playing a forward role on Himmelberg,,,,0.0,,,Midfielder,32.0,12.0,67.83,0.0,0.0,0.17,0.18,,,,4.0,0.0,4.0,62.0,88.0,377.0,0.0,False,1816,1473,6,9244_SK,97.20000000000005,0,71.0,1,10.666666666666666,11.666666666666666,4.333333333333333,6.0,6.666666666666667,7.666666666666667,1.3333333333333333,1.8,0.0,0.0,0.0,0.3333333333333333,1.3333333333333333,1.0,1.6666666666666667,1.3333333333333333,1.0,0.8666666666666667,0.0,0.0,0.17,0.17,0.18,0.18,3.6666666666666665,5.066666666666666,0.3333333333333333,0.5333333333333333,2.6666666666666665,3.6666666666666665,67.33333333333333,68.06666666666666,87.0,89.06666666666666,344.0,326.73333333333335,1654.3333333333333,1663.4,1639.3333333333333,1615.9333333333334,84.2,77.2,86.6,88.0,1,thor,91,85.17511209186475,5.824887908135253
132858,9244,http://live.fanfooty.com.au/game/matchcentre.html?id=9244,R5,2025,992468.0,Rowan,Marshall,SK,15.0,70.0,52,86.0,58.0,73.0,6.0,6.0,2.0,4.0,19.0,2.0,1.0,0.0,0.0,Full Time,ruck,%H... also %P and %T... First ruck,,,,,,,Ruck,19.0,0.0,0.0,0.0,9.26,6.77,7.64,,,,5.0,3.0,2.0,66.0,78.0,182.0,0.0,False,1816,1473,6,9244_SK,97.20000000000005,0,71.0,0,8.666666666666666,13.8,7.666666666666667,6.333333333333333,5.666666666666667,6.266666666666667,3.6666666666666665,4.066666666666666,19.333333333333332,23.4,1.0,1.6,2.0,1.8666666666666667,0.3333333333333333,0.9333333333333333,0.0,0.4666666666666667,9.26,9.26,6.77,6.77,7.64,7.64,5.333333333333333,8.866666666666667,3.0,4.666666666666667,3.0,4.2,67.0,62.13333333333333,82.66666666666667,86.73333333333333,184.33333333333334,310.26666666666665,1654.3333333333333,1663.4,1639.3333333333333,1615.9333333333334,110.45,108.6,86.6,76.66666666666667,1,ruck,52,108.5221120183739,-56.5221120183739
132859,9244,http://live.fanfooty.com.au/game/matchcentre.html?id=9244,R5,2025,1027875.0,Darcy,Wilson,SK,14.0,69.0,63,92.0,52.0,69.0,9.0,4.0,6.0,4.0,0.0,0.0,0.0,0.0,0.0,Full Time,wing,%P and %M plus %T... Starting on a wing against Wehr,,,,,,,Midfielder,22.0,0.0,0.0,0.0,39.02,42.88,15.74,,,,3.0,0.0,3.0,76.0,80.0,349.0,1.0,False,1816,1473,6,9244_SK,97.20000000000005,0,71.0,0,13.0,9.866666666666667,4.333333333333333,6.066666666666666,5.0,4.133333333333334,1.6666666666666667,2.066666666666667,0.0,0.0,0.6666666666666666,0.8666666666666667,0.6666666666666666,0.3333333333333333,0.6666666666666666,0.5333333333333333,0.0,0.4666666666666667,39.02,39.02,42.88,42.88,15.74,15.74,4.333333333333333,5.333333333333333,1.3333333333333333,1.3333333333333333,4.666666666666667,2.466666666666667,62.666666666666664,69.2,83.66666666666667,79.86666666666666,349.6666666666667,286.6666666666667,1654.3333333333333,1663.4,1639.3333333333333,1615.9333333333334,63.05,67.1,62.2,56.666666666666664,1,wing,63,66.82556181795326,-3.8255618179532576
132860,9244,http://live.fanfooty.com.au/game/matchcentre.html?id=9244,R5,2025,295584.0,Bradley,Hill,SK,8.0,68.0,67,86.0,55.0,79.0,13.0,9.0,3.0,1.0,0.0,0.0,1.0,0.0,1.0,Full Time,wing,%P and %M plus %s... Playing a HFF role on Stone,,,,0.0,,,Back,8.0,9.0,76.89,0.0,0.0,0.68,0.84,,,,3.0,1.0,4.0,77.0,83.0,381.0,0.0,False,1816,1473,6,9244_SK,97.20000000000005,0,71.0,0,13.0,10.533333333333333,7.666666666666667,5.733333333333333,4.333333333333333,4.533333333333333,1.0,1.2,0.0,0.0,0.0,0.06666666666666667,0.6666666666666666,0.6666666666666666,0.3333333333333333,0.26666666666666666,1.0,0.2,0.0,0.0,0.68,0.68,0.84,0.84,4.333333333333333,3.066666666666667,1.6666666666666667,1.0,2.0,1.8666666666666667,80.33333333333333,76.2,85.33333333333333,82.8,386.0,322.73333333333335,1654.3333333333333,1662.7333333333333,1639.3333333333333,1616.6666666666667,67.85,62.5,67.2,88.66666666666667,1,wing,67,70.23770565395307,-3.2377056539530713
132862,9244,http://live.fanfooty.com.au/game/matchcentre.html?id=9244,R5,2025,296422.0,Callum,Wilkie,SK,12.0,62.0,84,78.0,54.0,72.0,10.0,8.0,6.0,0.0,0.0,1.0,1.0,0.0,0.0,Full Time,job,%M and %P... In defence on Hogan,,,,,,,Back,44.0,0.0,0.0,0.0,0.31,0.31,0.4,,,,5.0,0.0,2.0,88.0,100.0,236.0,0.0,False,1816,1473,6,9244_SK,97.20000000000005,0,71.0,1,10.0,13.0,6.0,5.933333333333334,5.666666666666667,8.4,1.6666666666666667,1.7333333333333334,0.0,0.0,0.6666666666666666,0.4,0.3333333333333333,0.5333333333333333,0.0,0.0,0.0,0.0,0.31,0.31,0.31,0.31,0.4,0.4,4.666666666666667,5.133333333333334,0.3333333333333333,0.26666666666666666,1.3333333333333333,1.8,86.66666666666667,84.8,100.0,99.86666666666666,241.66666666666666,268.8666666666667,1654.3333333333333,1666.4,1639.3333333333333,1615.7333333333333,94.6,95.3,85.0,85.66666666666667,1,job,84,74.39418272008963,9.605817279910369
132863,9244,http://live.fanfooty.com.au/game/matchcentre.html?id=9244,R5,2025,295467.0,Jack,Macrae,SK,12.0,59.0,70,74.0,47.0,69.0,4.0,13.0,1.0,5.0,0.0,1.0,1.0,0.0,0.0,Full Time,snooze,Tagged by Bedford... %P including %B... also %T,shovel,Playing midfield,,,,,Midfielder,6.0,0.0,0.0,0.0,51.64,52.14,35.68,,,,12.0,6.0,5.0,64.0,81.0,129.0,1.0,False,1816,1473,6,9244_SK,97.20000000000005,0,71.0,0,11.333333333333334,9.266666666666667,14.0,12.333333333333334,1.6666666666666667,3.3333333333333335,5.0,4.0,0.0,0.0,2.0,1.0666666666666667,1.3333333333333333,0.5333333333333333,0.0,0.26666666666666666,0.3333333333333333,0.13333333333333333,51.64,51.64,52.14,52.14,35.68,35.68,15.0,9.666666666666666,8.0,4.266666666666667,5.333333333333333,2.2666666666666666,64.0,70.0,86.66666666666667,76.0,302.6666666666667,249.6,1654.3333333333333,1643.8,1639.3333333333333,1643.9333333333334,85.7,90.3,115.8,96.66666666666667,1,snooze,70,87.30533540720154,-17.30533540720154
132864,9244,http://live.fanfooty.com.au/game/matchcentre.html?id=9244,R5,2025,1008312.0,Liam,Stocker,SK,8.0,57.0,69,73.0,48.0,63.0,9.0,6.0,5.0,1.0,0.0,2.0,1.0,0.0,0.0,Full Time,sore,Big hit to his torso from the shoulder of Hogan in Q3... %M and %P,job,In defence on Cadman,,,,,Back,14.0,0.0,0.0,0.0,0.04,0.15,0.13,,,,4.0,0.0,1.0,73.0,76.0,278.0,0.0,True,1816,1473,6,9244_SK,97.20000000000005,0,71.0,0,6.666666666666667,6.8,4.666666666666667,4.933333333333334,4.0,4.0,1.0,2.2666666666666666,0.0,0.0,1.6666666666666667,0.8,0.6666666666666666,0.6666666666666666,0.0,0.0,0.0,0.13333333333333333,0.04,0.04,0.15,0.15,0.13,0.13,4.666666666666667,4.466666666666667,0.6666666666666666,1.1333333333333333,0.6666666666666666,1.7333333333333334,83.66666666666667,77.86666666666666,67.66666666666667,75.33333333333333,170.0,168.86666666666667,1628.3333333333333,1636.1333333333334,1660.6666666666667,1643.6666666666667,53.05,55.9,58.0,60.666666666666664,1,sore,69,66.60395268178767,2.396047318212325
132865,9244,http://live.fanfooty.com.au/game/matchcentre.html?id=9244,R5,2025,1023784.0,Anthony,Caminiti,SK,8.0,53.0,44,69.0,44.0,54.0,7.0,3.0,7.0,1.0,0.0,1.0,0.0,0.0,0.0,Full Time,package,%P and %M... In defence on Stringer,,,,,,,Forward,47.0,0.0,0.0,0.0,0.18,0.1,0.1,,,,2.0,0.0,0.0,70.0,96.0,138.0,0.0,False,1816,1473,6,9244_SK,97.20000000000005,0,71.0,0,10.333333333333334,6.333333333333333,4.333333333333333,4.8,8.666666666666666,5.133333333333334,0.6666666666666666,1.8,0.0,1.0666666666666667,1.0,0.8,1.0,0.8,0.0,0.5333333333333333,0.0,0.3333333333333333,0.18,0.18,0.1,0.1,0.1,0.1,4.666666666666667,5.133333333333334,0.0,0.13333333333333333,2.0,2.066666666666667,78.0,76.46666666666667,91.66666666666667,84.53333333333333,195.66666666666666,160.13333333333333,1654.3333333333333,1639.5333333333333,1639.3333333333333,1644.7333333333333,57.55,64.9,69.6,71.33333333333333,1,package,44,52.2503197357762,-8.250319735776202
132866,9244,http://live.fanfooty.com.au/game/matchcentre.html?id=9244,R5,2025,1002227.0,Jack,Higgins,SK,10.0,45.0,52,56.0,36.0,43.0,5.0,1.0,2.0,2.0,0.0,1.0,0.0,2.0,1.0,Full Time,pocket,%s from %P and %M plus %T... Starting forward on Idun,,,,,,,Forward,1.0,0.0,0.0,0.0,0.04,0.08,0.09,,,,2.0,0.0,0.0,83.0,85.0,172.0,0.0,False,1816,1473,6,9244_SK,97.20000000000005,0,71.0,0,6.0,6.533333333333333,3.0,4.133333333333334,1.6666666666666667,2.933333333333333,2.6666666666666665,2.8666666666666667,0.0,0.0,1.0,0.8,0.0,0.4,2.6666666666666665,2.2,0.3333333333333333,0.9333333333333333,0.04,0.04,0.08,0.08,0.09,0.09,4.0,4.466666666666667,0.0,0.4666666666666667,0.6666666666666666,1.5333333333333334,75.33333333333333,71.2,86.33333333333333,84.26666666666667,158.66666666666666,160.73333333333332,1654.3333333333333,1648.6,1639.3333333333333,1632.5333333333333,69.9,69.4,72.0,70.33333333333333,1,pocket,52,67.83511401886118,-15.835114018861177
132867,9244,http://live.fanfooty.com.au/game/matchcentre.html?id=9244,R5,2025,1023272.0,Mitch,Owens,SK,4.0,42.0,30,55.0,35.0,51.0,7.0,5.0,2.0,2.0,3.0,0.0,2.0,0.0,0.0,Full Time,missing,Had a shocker... %P and %M plus %T,ruckfwd,Rotating forward on Taylor with ruck support,,,,,Forward,10.0,0.0,0.0,0.0,1.99,2.48,1.9,,,,9.0,4.0,5.0,41.0,88.0,172.0,0.0,False,1816,1473,6,9244_SK,97.20000000000005,0,71.0,0,7.333333333333333,7.666666666666667,4.0,4.0,2.6666666666666665,3.466666666666667,1.0,2.4,2.6666666666666665,1.0666666666666667,1.0,1.6666666666666667,1.0,1.0,2.0,1.0,1.0,0.7333333333333333,1.99,1.99,2.48,2.48,1.9,1.9,6.333333333333333,5.733333333333333,1.3333333333333333,0.8666666666666667,2.0,2.7333333333333334,58.0,60.4,87.66666666666667,86.53333333333333,187.0,199.8,1654.3333333333333,1673.4,1639.3333333333333,1605.1333333333334,60.25,68.2,62.6,64.33333333333333,1,missing,30,61.76007831056879,-31.760078310568787
132870,9244,http://live.fanfooty.com.au/game/matchcentre.html?id=9244,R5,2025,991988.0,Zak,Jones,SK,2.0,27.0,31,32.0,27.0,42.0,4.0,9.0,1.0,0.0,0.0,0.0,2.0,0.0,0.0,Full Time,wing,%P... Starting on a wing,,,,,,,Midfielder,3.0,0.0,0.0,0.0,0.84,0.77,0.41,,,,3.0,0.0,2.0,61.0,79.0,124.0,0.0,False,1816,1473,6,9244_SK,97.20000000000005,0,71.0,0,4.666666666666667,7.933333333333334,10.0,8.533333333333333,2.6666666666666665,3.2666666666666666,1.0,2.4,0.0,0.0,0.3333333333333333,0.8,1.3333333333333333,1.2,0.0,0.13333333333333333,0.3333333333333333,0.06666666666666667,0.84,0.84,0.77,0.77,0.41,0.41,5.0,5.8,1.3333333333333333,2.066666666666667,1.6666666666666667,2.3333333333333335,78.66666666666667,74.93333333333334,72.33333333333333,65.4,157.66666666666666,186.4,1654.3333333333333,1635.1333333333334,1639.3333333333333,1647.0,62.5,71.0,64.8,57.0,1,wing,31,61.37391383370276,-30.37391383370276
132871,9244,http://live.fanfooty.com.au/game/matchcentre.html?id=9244,R5,2025,290757.0,Jimmy,Webster,SK,2.0,17.0,18,22.0,18.0,27.0,3.0,4.0,2.0,0.0,0.0,0.0,2.0,0.0,0.0,Full Time,tractor,%M and %P... Starting in defence on Greene,,,,,,,Back,29.0,0.0,0.0,0.0,0.04,0.06,0.05,,,,3.0,0.0,2.0,71.0,72.0,42.0,0.0,False,1816,1473,6,9244_SK,97.20000000000005,0,71.0,0,7.0,8.4,4.0,3.933333333333333,4.333333333333333,4.266666666666667,1.0,2.0,0.0,0.0,0.0,0.6,1.3333333333333333,0.4666666666666667,0.0,0.0,0.0,0.0,0.04,0.04,0.06,0.06,0.05,0.05,4.0,3.6666666666666665,0.3333333333333333,0.2,1.6666666666666667,1.0666666666666667,69.66666666666667,78.33333333333333,75.33333333333333,76.13333333333334,179.0,189.4,1654.3333333333333,1670.2666666666667,1639.3333333333333,1608.6666666666667,58.95,52.3,50.6,53.333333333333336,1,tractor,18,58.884737519512534,-40.884737519512534
132873,9244,http://live.fanfooty.com.au/game/matchcentre.html?id=9244,R5,2025,1009253.0,Lachie,Ash,WS,20.0,113.0,137,67.0,94.0,129.0,19.0,14.0,9.0,1.0,0.0,0.0,1.0,0.0,0.0,Full Time,hot,%P and %M,guard,Roaming from half back,,,,,,7.0,0.0,0.0,0.0,0.66,0.5,0.59,,,,4.0,1.0,2.0,93.0,83.0,563.0,0.0,False,1473,1816,6,9244_WS,97.20000000000005,1,71.0,1,17.0,14.066666666666666,14.0,9.0,7.666666666666667,5.666666666666667,0.6666666666666666,2.1333333333333333,0.0,0.0,0.0,0.26666666666666666,0.6666666666666666,0.4666666666666667,0.0,0.06666666666666667,0.0,0.0,0.66,0.66,0.5,0.5,0.59,0.59,4.666666666666667,4.866666666666666,1.0,1.0,2.3333333333333335,2.2,87.33333333333333,81.13333333333334,83.66666666666667,79.66666666666667,615.3333333333334,403.0,1808.3333333333333,1737.2,1480.6666666666667,1548.7333333333333,92.8,99.6,112.8,120.66666666666667,1,hot,137,94.8451548100041,42.154845189995896
132874,9244,http://live.fanfooty.com.au/game/matchcentre.html?id=9244,R5,2025,1009528.0,Tom,Green,WS,26.0,108.0,113,80.0,85.0,118.0,15.0,13.0,5.0,6.0,1.0,3.0,2.0,0.0,0.0,Full Time,magnet,Matched up on Garcia... %P and %M plus %T... aided by %4FF,shovel,Starting in midfield,,,,,Midfielder,12.0,0.0,0.0,0.0,17.54,23.3,21.03,,,,16.0,9.0,4.0,67.0,76.0,375.0,0.0,False,1473,1816,6,9244_WS,97.20000000000005,1,71.0,1,13.0,14.2,19.0,19.2,3.6666666666666665,2.8,3.6666666666666665,3.6666666666666665,0.3333333333333333,0.06666666666666667,1.3333333333333333,0.6,0.6666666666666666,0.9333333333333333,0.6666666666666666,0.5333333333333333,0.3333333333333333,0.13333333333333333,17.54,17.54,23.3,23.3,21.03,21.03,14.666666666666666,15.466666666666667,7.0,7.333333333333333,5.333333333333333,5.6,68.66666666666667,63.46666666666667,81.66666666666667,82.13333333333334,410.6666666666667,444.2,1808.3333333333333,1738.4666666666667,1480.6666666666667,1549.6666666666667,106.55,112.1,109.4,110.0,1,magnet,113,96.79929875210192,16.20070124789808
132875,9244,http://live.fanfooty.com.au/game/matchcentre.html?id=9244,R5,2025,280109.0,Callan,Ward,WS,26.0,108.0,105,76.0,91.0,120.0,15.0,12.0,9.0,2.0,0.0,1.0,1.0,1.0,0.0,Full Time,heart,Big hit to the torso by Windhanger in a marking contest late in Q2... %P and %M plus %T... %s as well,wing,Starting on a wing against Byrnes,,0.0,,,Midfielder,8.0,21.0,96.86,0.0,0.0,0.1,0.2,,,,5.0,2.0,4.0,85.0,86.0,347.0,0.0,True,1473,1816,6,9244_WS,97.20000000000005,1,71.0,1,8.333333333333334,9.933333333333334,11.333333333333334,9.666666666666666,4.333333333333333,5.066666666666666,1.3333333333333333,1.6666666666666667,0.0,0.0,0.6666666666666666,0.7333333333333333,1.0,0.5333333333333333,0.6666666666666666,0.9333333333333333,0.0,0.13333333333333333,0.0,0.0,0.1,0.1,0.2,0.2,6.666666666666667,6.2,2.0,1.9333333333333333,2.6666666666666665,2.2,82.33333333333333,77.53333333333333,80.33333333333333,84.13333333333334,231.0,254.13333333333333,1829.0,1753.8666666666666,1466.0,1533.6,82.35,79.9,90.2,78.0,1,heart,105,80.99904482306638,24.000955176933616
132876,9244,http://live.fanfooty.com.au/game/matchcentre.html?id=9244,R5,2025,295344.0,Toby,Greene,WS,31.0,103.0,127,68.0,86.0,106.0,15.0,2.0,6.0,2.0,0.0,0.0,1.0,5.0,1.0,Full Time,star,First goal and three in Q3 as the Giants put the game to bed... %s from %P and %M plus %T,wing,Starting on a HFF on Webster,,0.0,,,Forward,4.0,7.0,67.43,0.0,0.0,8.12,9.02,,,,6.0,3.0,2.0,76.0,91.0,576.0,0.0,False,1473,1816,6,9244_WS,97.20000000000005,1,71.0,1,14.0,11.333333333333334,6.0,3.933333333333333,5.666666666666667,4.0,3.0,3.1333333333333333,0.0,0.0,0.6666666666666666,1.5333333333333334,0.6666666666666666,1.2,3.3333333333333335,2.4,0.6666666666666666,1.4,0.0,0.0,8.12,8.12,9.02,9.02,7.333333333333333,6.266666666666667,2.6666666666666665,2.0,3.6666666666666665,3.533333333333333,70.0,65.0,89.66666666666667,89.73333333333333,436.6666666666667,328.93333333333334,1808.3333333333333,1750.8,1480.6666666666667,1536.1333333333334,86.4,83.8,109.6,116.33333333333333,1,star,127,87.5963416549981,39.4036583450019
132877,9244,http://live.fanfooty.com.au/game/matchcentre.html?id=9244,R5,2025,1004530.0,Jacob,Wehr,WS,25.0,97.0,97,71.0,75.0,99.0,14.0,6.0,6.0,5.0,0.0,2.0,1.0,1.0,0.0,Full Time,mrp,Slam tackle on Wilson in Q3 will be assessed... %P and %M plus %T... %s as well,wing,Starting on a wing against Wilson,,,,,Midfielder,10.0,0.0,0.0,0.0,1.11,4.06,0.11,,,,6.0,1.0,3.0,70.0,80.0,478.0,0.0,False,1473,1816,6,9244_WS,97.20000000000005,0,71.0,1,8.666666666666666,8.8,5.333333333333333,5.6,3.3333333333333335,3.1333333333333333,2.3333333333333335,2.066666666666667,0.0,0.0,0.6666666666666666,0.9333333333333333,0.6666666666666666,0.5333333333333333,0.3333333333333333,0.13333333333333333,0.0,0.13333333333333333,1.11,1.11,4.06,4.06,0.11,0.11,3.3333333333333335,4.466666666666667,1.0,1.0,2.0,2.4,66.66666666666667,68.26666666666667,61.333333333333336,76.93333333333334,310.6666666666667,292.1333333333333,1808.3333333333333,1717.9333333333334,1480.6666666666667,1568.0666666666666,52.9,57.2,61.6,56.666666666666664,1,mrp,97,50.87330488329088,46.12669511670912
132878,9244,http://live.fanfooty.com.au/game/matchcentre.html?id=9244,R5,2025,296347.0,Josh,Kelly,WS,19.0,93.0,115,63.0,71.0,105.0,14.0,14.0,2.0,5.0,0.0,0.0,1.0,0.0,0.0,Full Time,bluey,%P and %M plus %T... Playing midfield mostly matched up on Steele,,,,0.0,,,Midfielder,22.0,14.0,111.36,0.0,0.0,1.85,1.16,,,,15.0,3.0,5.0,50.0,85.0,260.0,0.0,False,1473,1816,6,9244_WS,97.20000000000005,1,71.0,1,11.0,11.666666666666666,15.666666666666666,13.133333333333333,3.0,3.3333333333333335,5.0,4.4,0.0,0.0,0.6666666666666666,0.3333333333333333,1.3333333333333333,0.9333333333333333,0.0,0.4,0.0,0.26666666666666666,0.0,0.0,1.85,1.85,1.16,1.16,10.666666666666666,8.666666666666666,3.3333333333333335,3.2666666666666666,4.0,3.0,70.66666666666667,70.2,83.0,84.2,308.6666666666667,385.93333333333334,1808.3333333333333,1698.8,1480.6666666666667,1588.6666666666667,97.75,93.4,105.4,101.66666666666667,1,bluey,115,99.64293472537297,15.357065274627033
132879,9244,http://live.fanfooty.com.au/game/matchcentre.html?id=9244,R5,2025,1008436.0,Kieren,Briggs,WS,27.0,87.0,84,77.0,76.0,93.0,7.0,5.0,3.0,4.0,36.0,1.0,2.0,0.0,0.0,Full Time,ruck,%H... also %P and %T... In ruck,,,,,,,Ruck,32.0,0.0,0.0,0.0,0.97,1.8,2.06,,,,10.0,4.0,5.0,75.0,77.0,216.0,0.0,False,1473,1816,6,9244_WS,97.20000000000005,0,71.0,1,6.0,6.2,8.0,6.933333333333334,2.6666666666666665,2.4,4.333333333333333,4.933333333333334,33.666666666666664,32.8,1.6666666666666667,1.1333333333333333,1.6666666666666667,1.1333333333333333,0.0,0.2,0.0,0.3333333333333333,0.97,0.97,1.8,1.8,2.06,2.06,10.333333333333334,8.666666666666666,4.666666666666667,4.6,4.0,3.6,67.0,66.0,76.66666666666667,71.6,169.0,151.86666666666667,1808.3333333333333,1747.0666666666666,1480.6666666666667,1538.2,93.15,88.0,81.2,96.66666666666667,1,ruck,84,97.93013648598571,-13.930136485985713
132880,9244,http://live.fanfooty.com.au/game/matchcentre.html?id=9244,R5,2025,294305.0,Lachie,Whitfield,WS,10.0,86.0,86,41.0,66.0,93.0,18.0,6.0,5.0,2.0,0.0,0.0,1.0,0.0,0.0,Full Time,guard,%P including %K... also %M and %T... Starting at half back,,,,0.0,,,Midfielder,6.0,21.0,102.43,0.0,0.0,2.21,2.98,,,,5.0,1.0,3.0,79.0,85.0,412.0,0.0,False,1473,1816,6,9244_WS,97.20000000000005,0,71.0,1,22.666666666666668,20.333333333333332,8.333333333333334,10.8,7.333333333333333,7.4,2.6666666666666665,3.066666666666667,0.0,0.0,0.3333333333333333,0.6666666666666666,1.0,1.3333333333333333,0.0,0.0,0.3333333333333333,0.06666666666666667,0.0,0.0,2.21,2.21,2.98,2.98,5.333333333333333,6.0,1.3333333333333333,1.4666666666666666,3.6666666666666665,3.4,74.33333333333333,81.4,81.0,82.06666666666666,587.3333333333334,501.53333333333336,1808.3333333333333,1750.8,1480.6666666666667,1536.1333333333334,115.1,112.7,116.4,114.33333333333333,1,guard,86,129.60775950761177,-43.607759507611775
132881,9244,http://live.fanfooty.com.au/game/matchcentre.html?id=9244,R5,2025,1023266.0,Finn,Callaghan,WS,14.0,79.0,82,57.0,64.0,94.0,11.0,13.0,3.0,4.0,0.0,0.0,2.0,0.0,1.0,Full Time,shovel,%P and %M plus %T... %s as well... Running through midfield,,,,,,,Midfielder,17.0,0.0,0.0,0.0,1.59,1.14,1.36,,,,5.0,3.0,4.0,75.0,76.0,350.0,0.0,False,1473,1816,6,9244_WS,97.20000000000005,0,71.0,1,11.666666666666666,10.666666666666666,11.666666666666666,14.133333333333333,2.3333333333333335,3.066666666666667,3.0,2.6666666666666665,0.0,0.0,0.0,0.4666666666666667,2.3333333333333335,1.2666666666666666,0.0,0.2,1.3333333333333333,0.6666666666666666,1.59,1.59,1.14,1.14,1.36,1.36,5.333333333333333,6.933333333333334,3.3333333333333335,3.533333333333333,5.666666666666667,3.3333333333333335,68.0,74.73333333333333,77.33333333333333,80.93333333333334,565.3333333333334,440.8666666666667,1808.3333333333333,1750.8,1480.6666666666667,1536.1333333333334,86.25,86.6,91.4,69.66666666666667,1,shovel,82,69.74416515203868,12.255834847961324
132882,9244,http://live.fanfooty.com.au/game/matchcentre.html?id=9244,R5,2025,1005247.0,Sam,Taylor,WS,13.0,77.0,69,57.0,65.0,84.0,10.0,9.0,8.0,1.0,0.0,1.0,0.0,0.0,0.0,Full Time,job,%M and %P... At CHB on Owens,,,,0.0,,,Back,15.0,8.0,38.38,0.0,0.0,0.58,0.81,,,,8.0,1.0,5.0,63.0,100.0,251.0,0.0,False,1473,1816,6,9244_WS,97.20000000000005,0,71.0,0,8.0,6.4,7.666666666666667,6.8,6.333333333333333,4.933333333333334,0.6666666666666666,1.8666666666666667,0.0,0.0,0.3333333333333333,0.9333333333333333,1.3333333333333333,0.8666666666666667,0.0,0.06666666666666667,0.0,0.0,0.0,0.0,0.58,0.58,0.81,0.81,8.0,6.333333333333333,0.6666666666666666,0.2,4.0,2.6666666666666665,75.66666666666667,78.93333333333334,98.0,98.6,175.66666666666666,134.8,1808.3333333333333,1723.2666666666667,1480.6666666666667,1564.3333333333333,70.8,81.3,85.4,75.0,1,job,69,61.32031685798029,7.679683142019712
132883,9244,http://live.fanfooty.com.au/game/matchcentre.html?id=9244,R5,2025,1009708.0,Jack,Buckley,WS,9.0,66.0,86,58.0,53.0,69.0,7.0,6.0,7.0,3.0,0.0,0.0,0.0,0.0,0.0,Full Time,job,%P and %M plus %T... At FB on Sharman,,,,0.0,,,Back,44.0,0.0,0.0,0.0,0.0,0.1,0.19,,,,2.0,0.0,0.0,100.0,82.0,80.0,0.0,False,1473,1816,6,9244_WS,97.20000000000005,0,71.0,1,7.333333333333333,7.866666666666666,4.333333333333333,4.933333333333334,6.666666666666667,5.466666666666667,2.0,2.1333333333333333,0.0,0.0,0.6666666666666666,0.6666666666666666,0.6666666666666666,0.6666666666666666,0.0,0.0,0.0,0.0,0.0,0.0,0.1,0.1,0.19,0.19,4.0,5.4,0.3333333333333333,0.26666666666666666,1.6666666666666667,1.6,84.33333333333333,83.8,87.33333333333333,93.53333333333333,121.0,192.53333333333333,1808.3333333333333,1750.8,1480.6666666666667,1536.1333333333334,73.3,66.8,68.2,69.0,1,job,86,59.076092509033465,26.923907490966535
132884,9244,http://live.fanfooty.com.au/game/matchcentre.html?id=9244,R5,2025,1019038.0,Aaron,Cadman,WS,15.0,65.0,60,52.0,55.0,67.0,8.0,1.0,7.0,2.0,0.0,0.0,1.0,2.0,1.0,Full Time,ruckfwd,%s from %P and %M plus %T... Playing key forward on Stocker with ruck support,,,,,,,Forward,5.0,0.0,0.0,0.0,8.37,17.1,8.95,,,,3.0,0.0,2.0,55.0,59.0,196.0,0.0,False,1473,1816,6,9244_WS,97.20000000000005,0,71.0,0,6.0,5.266666666666667,2.0,2.6,4.333333333333333,3.1333333333333333,2.0,2.6666666666666665,0.0,0.26666666666666666,0.6666666666666666,0.8,0.3333333333333333,0.9333333333333333,1.3333333333333333,1.2666666666666666,1.6666666666666667,0.7333333333333333,8.37,8.37,17.1,17.1,8.95,8.95,3.3333333333333335,3.2666666666666666,0.0,0.0,1.6666666666666667,2.066666666666667,54.333333333333336,60.46666666666667,67.0,70.26666666666667,142.66666666666666,143.26666666666668,1808.3333333333333,1750.8,1480.6666666666667,1536.1333333333334,43.8,55.4,49.2,55.333333333333336,1,ruckfwd,60,55.864805518696905,4.135194481303095
132885,9244,http://live.fanfooty.com.au/game/matchcentre.html?id=9244,R5,2025,1008083.0,Connor,Idun,WS,13.0,64.0,92,50.0,56.0,78.0,8.0,10.0,6.0,2.0,0.0,0.0,2.0,0.0,0.0,Full Time,guard,%P and %M plus %T... Minding Higgins,,,,,,,Back,39.0,0.0,0.0,0.0,0.31,0.25,0.34,,,,6.0,1.0,2.0,88.0,84.0,164.0,0.0,False,1473,1816,6,9244_WS,97.20000000000005,0,71.0,1,9.0,8.866666666666667,11.333333333333334,10.333333333333334,7.666666666666667,6.866666666666666,2.6666666666666665,1.8666666666666667,0.0,0.0,0.6666666666666666,0.26666666666666666,0.6666666666666666,0.3333333333333333,0.0,0.0,0.0,0.0,0.31,0.31,0.25,0.25,0.34,0.34,5.666666666666667,6.2,0.3333333333333333,0.4,1.3333333333333333,1.2666666666666666,91.33333333333333,86.06666666666666,85.0,90.2,211.33333333333334,238.66666666666666,1808.3333333333333,1750.8,1480.6666666666667,1536.1333333333334,88.95,86.9,88.8,98.33333333333333,1,guard,92,106.2764360533383,-14.276436053338301
132887,9244,http://live.fanfooty.com.au/game/matchcentre.html?id=9244,R5,2025,993107.0,Harry,Himmelberg,WS,5.0,58.0,72,39.0,45.0,60.0,9.0,5.0,4.0,2.0,0.0,1.0,0.0,0.0,0.0,Full Time,wood,%P and %M plus %T... In defence and has Wood,,,,0.0,,,,27.0,21.0,57.81,0.0,0.0,2.86,2.07,,,,3.0,0.0,1.0,78.0,92.0,298.0,0.0,False,1473,1816,6,9244_WS,97.20000000000005,0,71.0,1,13.0,13.066666666666666,8.0,7.6,7.333333333333333,6.266666666666667,2.6666666666666665,2.6666666666666665,0.0,0.0,1.3333333333333333,0.8666666666666667,0.3333333333333333,0.4,0.0,0.0,0.0,0.0,0.0,0.0,2.86,2.86,2.07,2.07,5.0,4.333333333333333,0.6666666666666666,0.4666666666666667,2.0,1.9333333333333333,80.33333333333333,82.26666666666667,90.33333333333333,85.46666666666667,376.0,378.06666666666666,1808.3333333333333,1750.8,1480.6666666666667,1536.1333333333334,95.55,98.1,103.6,104.33333333333333,1,wood,72,94.2743892433613,-22.2743892433613
132888,9244,http://live.fanfooty.com.au/game/matchcentre.html?id=9244,R5,2025,1027925.0,Harvey,Thomas,WS,10.0,56.0,82,46.0,44.0,60.0,6.0,7.0,2.0,3.0,0.0,0.0,0.0,1.0,0.0,Full Time,pocket,%P and %M plus %T... %s as well... Starting forward,,,,,,,Midfielder,1.0,0.0,0.0,0.0,0.53,0.43,0.37,,,,3.0,1.0,0.0,84.0,80.0,166.0,0.0,False,1473,1816,6,9244_WS,97.20000000000005,0,71.0,1,2.6666666666666665,4.8,4.333333333333333,6.533333333333333,1.3333333333333333,2.066666666666667,2.0,2.6,0.0,0.0,0.0,0.2,0.0,0.26666666666666666,0.3333333333333333,0.4,0.0,0.13333333333333333,0.53,0.53,0.43,0.43,0.37,0.37,2.0,4.666666666666667,0.3333333333333333,0.7333333333333333,0.3333333333333333,1.4,83.33333333333333,75.2,60.666666666666664,69.0,79.66666666666667,140.73333333333332,1698.0,1707.0666666666666,1591.0,1580.2,56.9,52.1,39.2,40.0,1,pocket,82,57.12550127877091,24.874498721229088
132889,9244,http://live.fanfooty.com.au/game/matchcentre.html?id=9244,R5,2025,1014038.0,Callum M.,Brown,WS,4.0,54.0,81,37.0,46.0,62.0,8.0,6.0,5.0,1.0,1.0,0.0,1.0,0.0,1.0,Full Time,windhager,%P and %M plus %s... In attack on Wanganeen-Milera then got Windhager in Q4,,,,,,,Back,46.0,0.0,0.0,0.0,0.0,0.08,0.24,,,,6.0,1.0,2.0,78.0,71.0,284.0,1.0,False,1473,1816,6,9244_WS,97.20000000000005,0,71.0,1,6.666666666666667,5.8,5.666666666666667,4.466666666666667,2.6666666666666665,3.2,2.6666666666666665,2.2666666666666666,4.333333333333333,1.0,1.0,0.6666666666666666,1.0,0.6666666666666666,0.0,1.3333333333333333,0.3333333333333333,0.5333333333333333,0.0,0.005333333333333332,0.08,0.08,0.24,0.22,5.666666666666667,4.533333333333333,2.0,0.7333333333333333,2.3333333333333335,1.9333333333333333,71.66666666666667,77.6,78.0,80.46666666666667,220.0,177.4,1829.0,1761.0,1466.0,1526.1333333333334,62.45,64.3,63.0,69.33333333333333,1,windhager,81,71.89404245599579,9.105957544004212
132890,9244,http://live.fanfooty.com.au/game/matchcentre.html?id=9244,R5,2025,1008123.0,Jake,Riccardi,WS,11.0,53.0,34,42.0,47.0,62.0,6.0,5.0,3.0,2.0,7.0,0.0,2.0,1.0,1.0,Full Time,ruckfwd,%s from %P and %M plus %T... Playing a forward/ruck role,,,,,,,Forward,26.0,0.0,0.0,0.0,0.13,0.21,0.21,,,,6.0,3.0,4.0,36.0,73.0,103.0,0.0,False,1473,1816,6,9244_WS,97.20000000000005,0,71.0,0,7.333333333333333,7.4,4.666666666666667,4.133333333333334,5.0,5.266666666666667,1.6666666666666667,1.4666666666666666,4.666666666666667,4.666666666666667,0.3333333333333333,0.3333333333333333,2.0,1.0,0.6666666666666666,1.2,0.6666666666666666,0.6,0.13,0.13,0.21,0.21,0.21,0.21,4.333333333333333,4.266666666666667,1.0,1.0,3.6666666666666665,2.8666666666666667,53.0,65.13333333333334,69.33333333333333,73.46666666666667,198.33333333333334,184.46666666666667,1889.0,1738.2,1406.3333333333333,1550.0666666666666,59.9,58.4,52.2,44.666666666666664,1,ruckfwd,34,69.27218244943785,-35.27218244943785
132891,9244,http://live.fanfooty.com.au/game/matchcentre.html?id=9244,R5,2025,293884.0,Jake,Stringer,WS,10.0,52.0,63,34.0,42.0,50.0,8.0,0.0,2.0,2.0,0.0,3.0,1.0,2.0,2.0,Full Time,midfwd,%s from %P and %M plus %T... umps paid him %4FF... Starting forward on Caminiti with some centre rotations,,,,0.0,,,Forward,20.0,19.0,70.26,0.0,0.0,0.41,0.26,,,,5.0,2.0,1.0,62.0,82.0,266.0,0.0,False,1473,1816,6,9244_WS,97.20000000000005,0,71.0,0,7.333333333333333,8.266666666666667,3.6666666666666665,4.4,2.6666666666666665,3.7333333333333334,1.6666666666666667,2.6,0.0,0.0,1.0,0.4,0.6666666666666666,0.5333333333333333,0.6666666666666666,1.4,2.3333333333333335,1.2,0.0,0.0,0.41,0.41,0.26,0.26,5.0,5.6,2.0,2.3333333333333335,1.0,2.3333333333333335,52.666666666666664,57.2,83.33333333333333,77.73333333333333,261.0,281.6,1808.3333333333333,1692.2666666666667,1480.6666666666667,1595.6666666666667,62.25,58.9,51.2,55.333333333333336,1,midfwd,63,68.09104638383825,-5.091046383838247
132892,9244,http://live.fanfooty.com.au/game/matchcentre.html?id=9244,R5,2025,296324.0,Jesse,Hogan,WS,9.0,45.0,70,35.0,38.0,45.0,5.0,2.0,3.0,1.0,0.0,1.0,0.0,2.0,0.0,Full Time,spearhead,%s from %P and %M... Starting at FF on Wilkie,,,,0.0,,,Forward,23.0,20.0,89.05,0.0,0.0,0.19,0.44,,,,5.0,0.0,1.0,71.0,92.0,112.0,1.0,False,1473,1816,6,9244_WS,97.20000000000005,0,71.0,0,7.333333333333333,8.733333333333333,2.6666666666666665,3.066666666666667,5.666666666666667,6.4,1.0,1.4,0.0,0.0,1.3333333333333333,0.9333333333333333,1.0,0.5333333333333333,5.0,3.933333333333333,0.0,0.6666666666666666,0.0,0.0,0.19,0.19,0.44,0.44,6.0,6.733333333333333,0.3333333333333333,0.13333333333333333,1.6666666666666667,1.8,78.0,70.8,91.33333333333333,90.73333333333333,189.0,194.8,1808.3333333333333,1739.4666666666667,1480.6666666666667,1546.9333333333334,96.35,108.2,105.2,98.33333333333333,1,spearhead,70,83.29742055451919,-13.297420554519192
132894,9244,http://live.fanfooty.com.au/game/matchcentre.html?id=9244,R5,2025,1008139.0,Toby,Bedford,WS,2.0,34.0,47,35.0,26.0,36.0,2.0,6.0,1.0,3.0,0.0,1.0,0.0,0.0,0.0,Full Time,tagger,%P including %B... also %T... Tagging Macrae,,,,,,,Forward,14.0,0.0,0.0,0.0,0.09,0.15,0.36,,,,2.0,2.0,0.0,100.0,84.0,60.0,1.0,False,1473,1816,6,9244_WS,97.20000000000005,0,71.0,0,4.666666666666667,5.2,7.0,7.4,1.6666666666666667,1.5333333333333334,6.666666666666667,7.733333333333333,0.0,0.0,0.6666666666666666,0.7333333333333333,0.0,1.0666666666666667,1.0,0.4,0.0,0.2,0.09,0.09,0.15,0.15,0.36,0.36,4.0,4.2,2.0,2.0,0.6666666666666666,1.8666666666666667,87.0,80.46666666666667,80.33333333333333,85.2,133.66666666666666,177.66666666666666,1808.3333333333333,1751.6,1480.6666666666667,1535.2,68.75,66.1,70.4,74.33333333333333,1,tagger,47,77.86661257348602,-30.866612573486023
132895,9245,http://live.fanfooty.com.au/game/matchcentre.html?id=9245,R5,2025,1001299.0,Connor,Rozee,PA,31.0,126.0,137,161.0,98.0,130.0,20.0,8.0,7.0,4.0,0.0,0.0,0.0,2.0,1.0,Full Time,cherry,%P including %K... also %M and %T... and scored %s,guard,Starting at half back,,,,,Midfielder,1.0,0.0,0.0,0.0,10.85,6.93,6.89,,,,6.0,3.0,1.0,67.0,83.0,546.0,1.0,False,1477,1799,6,9245_PA,97.20000000000005,1,71.0,1,13.333333333333334,15.866666666666667,10.0,9.2,4.666666666666667,4.2,4.666666666666667,4.733333333333333,0.0,0.0,1.6666666666666667,1.0,0.3333333333333333,0.8666666666666667,0.6666666666666666,0.7333333333333333,0.6666666666666666,0.4666666666666667,10.85,10.85,6.93,6.93,6.89,6.89,6.0,7.666666666666667,2.6666666666666665,4.866666666666666,2.6666666666666665,3.3333333333333335,63.666666666666664,67.4,83.33333333333333,83.06666666666666,383.6666666666667,421.0,1660.6666666666667,1680.1333333333334,1623.3333333333333,1606.6,98.2,96.5,107.0,92.33333333333333,1,cherry,137,87.38693424301772,49.61306575698228
132896,9245,http://live.fanfooty.com.au/game/matchcentre.html?id=9245,R5,2025,1006121.0,Zak,Butters,PA,21.0,105.0,135,132.0,87.0,126.0,14.0,19.0,5.0,4.0,0.0,0.0,2.0,0.0,0.0,Full Time,star,Copped the Maginness tag in Q3 after winning the game before HT... %P and %M plus %T,finn,In midfield,,,,,Midfielder,9.0,0.0,0.0,0.0,23.47,31.02,26.92,,,,16.0,8.0,8.0,75.0,81.0,422.0,0.0,False,1477,1799,6,9245_PA,97.20000000000005,1,71.0,1,11.666666666666666,14.533333333333333,16.0,13.066666666666666,4.333333333333333,4.6,3.6666666666666665,4.066666666666666,0.0,0.0,0.3333333333333333,1.1333333333333333,2.0,1.2,0.0,0.4,0.0,0.5333333333333333,23.47,23.47,31.02,31.02,26.92,26.92,11.666666666666666,10.533333333333333,6.333333333333333,5.266666666666667,5.666666666666667,3.8,69.33333333333333,71.86666666666666,76.33333333333333,75.13333333333334,373.3333333333333,416.2,1603.6666666666667,1675.0666666666666,1682.3333333333333,1613.0,110.3,104.0,81.6,98.33333333333333,1,star,135,105.2942816859638,29.705718314036204
132897,9245,http://live.fanfooty.com.au/game/matchcentre.html?id=9245,R5,2025,1011640.0,Jason,Horne-Francis,PA,15.0,100.0,119,129.0,77.0,106.0,21.0,8.0,4.0,2.0,0.0,3.0,1.0,0.0,1.0,Full Time,hot,%P including %K... also %M and %T... and booted %s... umps paid him %4FF,midfwd,Rotating midfield and attack,,,,,Midfielder,18.0,0.0,0.0,0.0,4.83,3.57,5.31,,,,13.0,7.0,1.0,75.0,80.0,637.0,0.0,False,1477,1799,6,9245_PA,97.20000000000005,1,71.0,1,14.333333333333334,14.933333333333334,12.0,7.0,4.666666666666667,4.666666666666667,3.0,2.8,0.0,0.0,2.0,1.6,1.3333333333333333,2.533333333333333,1.3333333333333333,1.2,0.6666666666666666,0.7333333333333333,4.83,4.83,3.57,3.57,5.31,5.31,11.666666666666666,10.066666666666666,6.333333333333333,5.266666666666667,3.3333333333333335,4.6,75.0,67.13333333333334,81.33333333333333,80.06666666666666,414.6666666666667,363.73333333333335,1660.6666666666667,1680.1333333333334,1623.3333333333333,1606.6,95.25,94.7,99.6,118.0,1,hot,119,95.01921247561349,23.980787524386514
132898,9245,http://live.fanfooty.com.au/game/matchcentre.html?id=9245,R5,2025,992330.0,Jordon,Sweet,PA,44.0,93.0,114,109.0,84.0,104.0,3.0,9.0,1.0,6.0,47.0,1.0,3.0,0.0,0.0,Full Time,ruck,%H... also %P and %T... not helped by %F... Playing ruck,,,,,,,Ruck,24.0,0.0,0.0,0.0,19.0,15.16,11.17,,,,10.0,2.0,7.0,50.0,87.0,145.0,0.0,False,1477,1799,6,9245_PA,97.20000000000005,1,71.0,1,4.0,4.266666666666667,8.0,6.6,2.0,1.7333333333333334,4.666666666666667,4.666666666666667,37.666666666666664,38.0,2.0,1.4,2.3333333333333335,1.8666666666666667,0.0,0.26666666666666666,0.0,0.13333333333333333,19.0,19.0,15.16,15.16,11.17,11.17,9.0,6.733333333333333,3.6666666666666665,3.2,5.0,3.066666666666667,54.666666666666664,66.2,85.66666666666667,82.93333333333334,102.0,136.6,1660.6666666666667,1680.1333333333334,1623.3333333333333,1606.6,89.15,93.7,94.6,94.33333333333333,1,ruck,114,94.35262552682435,19.647374473175645
132899,9245,http://live.fanfooty.com.au/game/matchcentre.html?id=9245,R5,2025,1013462.0,Jase,Burgoyne,PA,14.0,89.0,72,116.0,68.0,93.0,17.0,6.0,6.0,2.0,0.0,0.0,0.0,0.0,0.0,Full Time,wing,%P including %K... also %M and %T... Starting on a wing,,,,,,,Back,7.0,0.0,0.0,0.0,0.93,0.69,0.18,,,,3.0,2.0,4.0,69.0,96.0,422.0,0.0,False,1477,1799,6,9245_PA,97.20000000000005,0,71.0,1,14.0,12.466666666666667,7.0,8.4,6.666666666666667,5.8,2.6666666666666665,3.466666666666667,0.0,0.0,0.3333333333333333,0.8,0.0,0.6666666666666666,0.0,0.4,0.3333333333333333,0.4,0.93,0.93,0.69,0.69,0.18,0.18,3.3333333333333335,5.866666666666666,1.0,1.3333333333333333,3.0,2.1333333333333333,80.33333333333333,80.06666666666666,95.66666666666667,91.33333333333333,342.6666666666667,327.6666666666667,1660.6666666666667,1680.1333333333334,1623.3333333333333,1606.6,87.05,90.5,82.2,78.0,1,wing,72,82.99364713475698,-10.993647134756984
132900,9245,http://live.fanfooty.com.au/game/matchcentre.html?id=9245,R5,2025,1000972.0,Willem,Drew,PA,24.0,86.0,109,105.0,70.0,100.0,10.0,16.0,1.0,4.0,0.0,1.0,1.0,1.0,1.0,Full Time,duke,%P and %T plus %s... Tagging Newcombe,,,,0.0,,,Midfielder,28.0,0.0,0.0,0.0,0.0,0.25,0.22,,,,18.0,8.0,3.0,73.0,86.0,364.0,0.0,False,1477,1799,6,9245_PA,97.20000000000005,1,71.0,1,9.333333333333334,11.0,10.333333333333334,8.6,2.0,2.7333333333333334,3.6666666666666665,6.466666666666667,0.0,0.0,1.6666666666666667,1.4,2.0,1.3333333333333333,0.3333333333333333,0.13333333333333333,0.3333333333333333,0.4666666666666667,0.0,0.0,0.25,0.25,0.22,0.22,9.0,9.0,4.333333333333333,4.8,4.333333333333333,3.466666666666667,75.0,68.6,78.66666666666667,81.13333333333334,280.6666666666667,295.26666666666665,1660.6666666666667,1680.1333333333334,1623.3333333333333,1606.6,86.2,81.8,83.0,74.33333333333333,1,duke,109,101.30529911948028,7.694700880519719
132901,9245,http://live.fanfooty.com.au/game/matchcentre.html?id=9245,R5,2025,294318.0,Ollie,Wines,PA,25.0,84.0,70,105.0,71.0,106.0,7.0,19.0,2.0,6.0,3.0,0.0,3.0,0.0,1.0,Full Time,shovel,%P including %B... also %T and %M... and booted %s... gave away %F... Playing inside midfield,,,,0.0,,,Midfielder,16.0,21.0,94.52,0.0,0.0,1.37,2.09,,,,14.0,5.0,6.0,53.0,63.0,222.0,0.0,False,1477,1799,6,9245_PA,97.20000000000005,0,71.0,0,9.0,10.133333333333333,17.666666666666668,16.266666666666666,2.3333333333333335,3.6666666666666665,4.666666666666667,4.8,2.3333333333333335,0.6666666666666666,0.3333333333333333,0.9333333333333333,2.0,1.1333333333333333,0.3333333333333333,0.26666666666666666,0.6666666666666666,0.4666666666666667,0.0,0.0,1.37,1.37,2.09,2.09,11.666666666666666,13.066666666666666,5.0,5.533333333333333,6.0,3.933333333333333,63.0,66.53333333333333,72.66666666666667,72.6,214.0,275.1333333333333,1660.6666666666667,1680.1333333333334,1623.3333333333333,1606.6,95.8,98.8,94.8,90.0,1,shovel,70,78.19215662593643,-8.192156625936434
132902,9245,http://live.fanfooty.com.au/game/matchcentre.html?id=9245,R5,2025,1010174.0,Mitch,Georgiades,PA,21.0,82.0,73,103.0,69.0,86.0,11.0,3.0,6.0,2.0,0.0,0.0,1.0,3.0,2.0,Full Time,spearhead,%s from %P and %M plus %T... Playing key forward on Battle,,,,,,,Forward,19.0,0.0,0.0,0.0,0.97,0.92,0.58,,,,4.0,0.0,4.0,57.0,88.0,365.0,0.0,False,1477,1799,6,9245_PA,97.20000000000005,0,71.0,1,10.333333333333334,8.066666666666666,3.3333333333333335,3.533333333333333,6.666666666666667,6.133333333333334,1.6666666666666667,1.8666666666666667,0.0,0.0,0.6666666666666666,0.7333333333333333,1.0,1.1333333333333333,2.6666666666666665,2.466666666666667,2.0,1.5333333333333334,0.97,0.97,0.92,0.92,0.58,0.58,5.333333333333333,3.7333333333333334,0.0,0.06666666666666667,2.6666666666666665,2.4,58.666666666666664,64.73333333333333,88.33333333333333,84.2,279.3333333333333,211.13333333333333,1660.6666666666667,1672.0666666666666,1623.3333333333333,1615.2666666666667,73.3,78.5,79.4,87.66666666666667,1,spearhead,73,73.97671588423367,-0.9767158842336698
132903,9245,http://live.fanfooty.com.au/game/matchcentre.html?id=9245,R5,2025,993979.0,Sam,Powell-Pepper,PA,22.0,75.0,101,97.0,58.0,76.0,7.0,5.0,3.0,6.0,0.0,1.0,1.0,2.0,1.0,Full Time,wing,%s from %P and %M plus %T... Playing a forward role on Sicily then got Maginness in Q2,,,,0.0,,,Forward,2.0,15.0,76.13,0.0,0.0,0.31,0.72,,,,8.0,0.0,2.0,75.0,86.0,253.0,0.0,False,1477,1799,6,9245_PA,97.20000000000005,1,71.0,1,7.0,7.333333333333333,6.666666666666667,4.6,3.6666666666666665,3.466666666666667,5.333333333333333,3.1333333333333333,0.0,0.0,1.3333333333333333,0.8666666666666667,1.0,1.6,1.0,1.2666666666666666,1.6666666666666667,1.4,0.0,0.0,0.31,0.24000000000000002,0.72,0.5333333333333333,5.666666666666667,4.666666666666667,1.0,1.2,3.6666666666666665,3.466666666666667,59.666666666666664,61.53333333333333,85.0,81.6,272.3333333333333,223.26666666666668,1660.6666666666667,1647.0,1623.3333333333333,1635.9333333333334,61.55,56.8,64.8,74.33333333333333,1,wing,101,64.10228229899607,36.89771770100393
132905,9245,http://live.fanfooty.com.au/game/matchcentre.html?id=9245,R5,2025,296225.0,Willie,Rioli,PA,16.0,66.0,79,82.0,57.0,73.0,9.0,4.0,3.0,2.0,0.0,1.0,2.0,3.0,1.0,Full Time,pocket,%s from %P and %M plus %T... Starting forward on Weddle,,,,,,,Forward,15.0,0.0,0.0,0.0,0.31,0.07,0.35,,,,4.0,1.0,3.0,76.0,82.0,206.0,1.0,False,1477,1799,6,9245_PA,97.20000000000005,0,71.0,1,9.0,8.0,3.6666666666666665,3.066666666666667,3.0,2.8,1.3333333333333333,2.6666666666666665,0.0,0.0,0.6666666666666666,0.5333333333333333,2.3333333333333335,1.1333333333333333,1.0,1.7333333333333334,1.0,0.8666666666666667,0.31,0.31,0.07,0.07,0.35,0.35,2.6666666666666665,4.133333333333334,0.3333333333333333,0.6,3.6666666666666665,2.466666666666667,68.0,64.26666666666667,83.66666666666667,88.33333333333333,203.0,165.8,1660.6666666666667,1676.9333333333334,1623.3333333333333,1609.6,66.85,65.9,64.4,46.0,1,pocket,79,69.8518620914714,9.148137908528597
132906,9245,http://live.fanfooty.com.au/game/matchcentre.html?id=9245,R5,2025,1002253.0,Kane,Farrell,PA,8.0,62.0,84,82.0,46.0,66.0,14.0,4.0,2.0,2.0,0.0,1.0,1.0,0.0,0.0,Full Time,guard,%P including %K... also %M and %T... Playing a HBF role,,,,0.0,,,Midfielder,6.0,4.0,48.25,0.0,0.0,0.07,0.16,,,,3.0,1.0,3.0,72.0,89.0,516.0,0.0,False,1477,1799,6,9245_PA,97.20000000000005,0,71.0,1,14.0,15.2,3.0,5.466666666666667,2.3333333333333335,4.666666666666667,2.0,2.3333333333333335,0.0,0.0,0.3333333333333333,0.4666666666666667,0.6666666666666666,0.6,0.0,0.13333333333333333,0.3333333333333333,0.3333333333333333,0.0,0.0,0.07,0.07,0.16,0.16,2.0,3.6666666666666665,0.6666666666666666,0.8,1.6666666666666667,2.0,80.0,82.73333333333333,81.33333333333333,78.86666666666666,488.6666666666667,487.73333333333335,1660.6666666666667,1695.7333333333333,1623.3333333333333,1589.4666666666667,84.05,81.4,88.8,80.0,1,guard,84,101.63201370356752,-17.632013703567523
132907,9245,http://live.fanfooty.com.au/game/matchcentre.html?id=9245,R5,2025,1011583.0,Lachie,Jones,PA,12.0,60.0,73,76.0,50.0,66.0,8.0,7.0,6.0,1.0,0.0,0.0,0.0,0.0,0.0,Full Time,job,%P and %M... Playing a half back role... moved to Gunston in Q3 to cover injury to Bergman,,,,,,,,34.0,0.0,0.0,0.0,0.0,0.06,0.28,,,,6.0,1.0,1.0,86.0,85.0,200.0,0.0,False,1477,1799,6,9245_PA,97.20000000000005,0,71.0,1,7.0,5.666666666666667,7.333333333333333,5.2,4.333333333333333,3.3333333333333335,2.0,1.6666666666666667,0.0,0.0,0.6666666666666666,0.6,1.0,0.5333333333333333,0.0,0.0,0.0,0.0,0.0,0.0,0.06,0.06,0.28,0.28,8.0,4.933333333333334,1.0,0.3333333333333333,2.0,1.9333333333333333,85.33333333333333,83.4,78.0,69.53333333333333,198.66666666666666,161.86666666666667,1831.0,1698.1333333333334,1446.6666666666667,1588.2666666666667,57.15,58.6,70.0,81.66666666666667,1,job,73,51.05485259477287,21.945147405227132
132908,9245,http://live.fanfooty.com.au/game/matchcentre.html?id=9245,R5,2025,1005326.0,Jackson,Mead,PA,9.0,57.0,78,69.0,46.0,61.0,9.0,5.0,1.0,1.0,0.0,0.0,0.0,2.0,1.0,Full Time,midfwd,%P and %s... Started in midfield then rotated forward,,,,,,,Midfielder,44.0,0.0,0.0,0.0,0.89,0.43,0.39,,,,3.0,1.0,0.0,64.0,83.0,290.0,1.0,False,1477,1799,6,9245_PA,97.20000000000005,0,71.0,1,7.0,7.533333333333333,7.666666666666667,6.866666666666666,2.0,2.8666666666666667,2.3333333333333335,3.0,0.0,0.0,0.0,0.5333333333333333,0.3333333333333333,0.6,0.6666666666666666,0.3333333333333333,0.3333333333333333,0.2,0.89,0.89,0.43,0.43,0.39,0.39,3.3333333333333335,4.666666666666667,0.3333333333333333,1.6666666666666667,1.0,2.0,79.0,67.86666666666666,77.33333333333333,76.0,176.33333333333334,206.0,1660.6666666666667,1680.1333333333334,1623.3333333333333,1606.6,61.75,54.7,71.2,68.33333333333333,1,midfwd,78,70.22407385847812,7.775926141521879
132909,9245,http://live.fanfooty.com.au/game/matchcentre.html?id=9245,R5,2025,250365.0,Travis,Boak,PA,8.0,56.0,76,69.0,47.0,69.0,9.0,11.0,2.0,1.0,0.0,0.0,1.0,0.0,0.0,Full Time,wing,%P and %M... Playing a wing role on D'Ambrosio,,,,0.0,,,Midfielder,10.0,21.0,87.33,0.0,0.0,0.42,0.48,,,,7.0,3.0,1.0,80.0,78.0,260.0,0.0,False,1477,1799,6,9245_PA,97.20000000000005,0,71.0,1,9.333333333333334,10.6,12.666666666666666,9.733333333333333,4.666666666666667,4.733333333333333,1.3333333333333333,2.3333333333333335,0.0,0.0,0.0,0.2,0.6666666666666666,0.6,0.3333333333333333,0.4666666666666667,0.3333333333333333,0.5333333333333333,0.0,0.0,0.42,0.42,0.48,0.48,5.333333333333333,5.533333333333333,2.3333333333333335,1.7333333333333334,2.0,2.1333333333333333,82.0,76.73333333333333,79.33333333333333,79.73333333333333,243.33333333333334,307.6666666666667,1798.6666666666667,1693.2,1481.0,1594.6,81.55,82.1,89.2,76.33333333333333,1,wing,76,78.30697912797501,-2.306979127975012
132910,9245,http://live.fanfooty.com.au/game/matchcentre.html?id=9245,R5,2025,294469.0,Aliir,Aliir,PA,8.0,56.0,57,72.0,49.0,63.0,7.0,6.0,7.0,1.0,0.0,1.0,1.0,0.0,0.0,Full Time,twophones,%M and %P... In defence on Chol,,,,,,,Back,21.0,0.0,0.0,0.0,0.4,0.43,1.71,,,,6.0,0.0,3.0,84.0,100.0,129.0,0.0,False,1477,1799,6,9245_PA,97.20000000000005,0,71.0,0,9.666666666666666,10.466666666666667,5.666666666666667,4.066666666666666,8.0,6.933333333333334,1.3333333333333333,1.0666666666666667,0.0,0.0,0.3333333333333333,0.4,2.6666666666666665,1.2666666666666666,0.0,0.0,0.0,0.0,0.4,0.4,0.43,0.43,1.71,1.71,5.666666666666667,6.0,0.0,0.13333333333333333,4.0,2.8,84.0,78.26666666666667,99.0,98.4,232.0,238.2,1660.6666666666667,1680.1333333333334,1623.3333333333333,1606.6,81.25,72.9,73.0,70.0,1,twophones,57,79.4262280505735,-22.4262280505735
132911,9245,http://live.fanfooty.com.au/game/matchcentre.html?id=9245,R5,2025,1009191.0,Miles,Bergman,PA,10.0,52.0,62,69.0,39.0,49.0,7.0,0.0,4.0,3.0,0.0,0.0,0.0,1.0,1.0,Full Time,injured,Left knee knock in a contest with Sicily in Q2 and eventually subbed off with it in Q3... %P including %B... also %M and %T... and booted %s,subbed,Responsible for Gunston then got Sicily in Q2 and Hardwick in Q3,,,,,Midfielder,14.0,0.0,0.0,0.0,0.4,0.4,0.76,,,,0.0,0.0,1.0,57.0,43.0,317.0,1.0,True,1477,1799,6,9245_PA,97.20000000000005,0,71.0,0,14.333333333333334,11.6,5.333333333333333,5.2,7.666666666666667,7.466666666666667,2.3333333333333335,2.533333333333333,0.0,0.0,1.3333333333333333,1.2,0.0,0.6666666666666666,0.3333333333333333,0.06666666666666667,0.3333333333333333,0.13333333333333333,0.4,0.4,0.4,0.4,0.76,0.76,4.666666666666667,5.466666666666667,0.0,0.06666666666666667,2.6666666666666665,2.7333333333333334,67.33333333333333,76.33333333333333,71.33333333333333,82.66666666666667,523.0,411.3333333333333,1660.6666666666667,1680.1333333333334,1623.3333333333333,1606.6,79.15,79.4,84.6,90.0,1,injured,62,62.731906492281965,-0.7319064922819649
132915,9245,http://live.fanfooty.com.au/game/matchcentre.html?id=9245,R5,2025,1012881.0,Ollie,Lord,PA,9.0,39.0,50,48.0,36.0,46.0,5.0,4.0,4.0,0.0,0.0,0.0,1.0,1.0,1.0,Full Time,spearhead,%P and %M plus %s... Playing key forward on Barrass,,,,,,,Back,30.0,0.0,0.0,0.0,0.35,0.16,0.74,,,,3.0,0.0,1.0,55.0,82.0,124.0,0.0,False,1477,1799,6,9245_PA,97.20000000000005,0,71.0,0,4.333333333333333,3.933333333333333,2.0,2.2666666666666666,3.0,2.3333333333333335,1.3333333333333333,1.4,0.0,0.9333333333333333,0.6666666666666666,0.6666666666666666,0.3333333333333333,1.0,1.6666666666666667,1.2666666666666666,0.6666666666666666,0.7333333333333333,0.35,0.42,0.16,0.21600000000000003,0.74,0.838,2.0,3.533333333333333,0.0,0.13333333333333333,0.6666666666666666,2.0,76.66666666666667,68.06666666666666,75.66666666666667,78.2,103.66666666666667,85.06666666666666,1755.6666666666667,1651.4666666666667,1529.6666666666667,1634.5333333333333,49.75,54.0,53.2,59.333333333333336,1,spearhead,50,53.81649555525816,-3.8164955552581574
132916,9245,http://live.fanfooty.com.au/game/matchcentre.html?id=9245,R5,2025,1002220.0,Esava,Ratugolea,PA,3.0,37.0,64,49.0,34.0,45.0,5.0,4.0,5.0,1.0,0.0,1.0,2.0,0.0,0.0,Full Time,job,%P and %M... In defence on Hardwick,,,,0.0,,,Ruck,27.0,8.0,49.25,0.0,0.0,1.05,2.35,,,,5.0,1.0,2.0,88.0,100.0,159.0,0.0,False,1477,1799,6,9245_PA,97.20000000000005,0,71.0,0,6.666666666666667,5.266666666666667,3.3333333333333335,3.6666666666666665,6.0,4.2,0.6666666666666666,1.8666666666666667,0.0,0.26666666666666666,0.6666666666666666,0.8,1.3333333333333333,1.2,0.0,0.26666666666666666,0.0,0.4,0.0,0.0,1.05,1.05,2.35,2.35,4.0,4.666666666666667,0.3333333333333333,0.3333333333333333,2.0,2.3333333333333335,75.33333333333333,69.73333333333333,92.33333333333333,90.0,165.33333333333334,141.13333333333333,1660.6666666666667,1639.2666666666667,1623.3333333333333,1649.6666666666667,56.9,51.8,57.4,61.333333333333336,1,job,64,50.56819065393523,13.431809346064767
132918,9245,http://live.fanfooty.com.au/game/matchcentre.html?id=9245,R5,2025,1020895.0,Jai,Newcombe,HW,30.0,118.0,104,91.0,96.0,126.0,14.0,15.0,7.0,4.0,0.0,3.0,0.0,1.0,0.0,Full Time,hulk,Tagged by Drew... %P and %M plus %T... %s as well... umps paid him %4FF,shovel,Playing inside midfield,,,,,Midfielder,3.0,0.0,0.0,0.0,6.95,5.23,6.1,,,,12.0,8.0,3.0,69.0,79.0,426.0,0.0,False,1799,1477,6,9245_HW,97.20000000000005,1,71.0,1,13.333333333333334,11.333333333333334,14.0,14.733333333333333,5.333333333333333,4.333333333333333,5.666666666666667,4.6,0.0,0.0,3.3333333333333335,1.4,0.6666666666666666,1.4666666666666666,0.6666666666666666,0.6666666666666666,0.3333333333333333,0.3333333333333333,6.95,6.95,5.23,5.23,6.1,6.1,14.333333333333334,12.333333333333334,7.666666666666667,6.933333333333334,4.0,3.533333333333333,71.66666666666667,74.6,78.33333333333333,82.8,366.6666666666667,316.0,1665.3333333333333,1730.8,1616.0,1553.0,108.6,118.6,102.6,114.0,1,hulk,104,103.70476981739517,0.2952301826048256
132919,9245,http://live.fanfooty.com.au/game/matchcentre.html?id=9245,R5,2025,1000980.0,Lloyd,Meek,HW,34.0,103.0,105,105.0,85.0,102.0,4.0,9.0,0.0,7.0,30.0,3.0,0.0,2.0,0.0,Full Time,hot,%H... also %P and %T... and booted %s... umps paid him %4FF,ruck,First ruck,,0.0,,,Ruck,17.0,0.0,0.0,0.0,0.0,0.17,0.21,,,,12.0,7.0,1.0,84.0,86.0,151.0,1.0,False,1799,1477,6,9245_HW,97.20000000000005,1,71.0,1,4.333333333333333,5.666666666666667,9.0,8.6,1.3333333333333333,2.4,4.0,3.4,32.666666666666664,36.13333333333333,1.6666666666666667,1.5333333333333334,1.0,1.8666666666666667,1.0,0.4666666666666667,0.0,0.3333333333333333,0.0,0.0,0.17,0.17,0.21,0.21,10.0,9.0,4.666666666666667,3.6666666666666665,2.0,3.6666666666666665,81.66666666666667,66.73333333333333,82.0,82.26666666666667,172.33333333333334,172.6,1665.3333333333333,1730.8,1616.0,1553.0,105.15,102.6,103.4,104.33333333333333,1,hot,105,94.74454190697179,10.25545809302821
132920,9245,http://live.fanfooty.com.au/game/matchcentre.html?id=9245,R5,2025,291351.0,Jack,Gunston,HW,36.0,102.0,93,72.0,89.0,105.0,13.0,2.0,7.0,1.0,0.0,1.0,1.0,6.0,0.0,Full Time,target,%s from %P and %M,spearhead,Starting forward on Bergman then got Jones in Q3,,0.0,,,Forward,19.0,20.0,87.3,0.0,0.0,0.24,0.13,,,,7.0,0.0,3.0,66.0,85.0,333.0,0.0,False,1799,1477,6,9245_HW,97.20000000000005,0,71.0,1,9.666666666666666,8.266666666666667,3.6666666666666665,2.6,5.333333333333333,5.333333333333333,2.0,1.4,0.0,0.0,0.3333333333333333,0.26666666666666666,0.3333333333333333,0.7333333333333333,3.3333333333333335,2.466666666666667,1.0,1.0,0.0,0.0,0.24,0.24,0.13,0.13,5.333333333333333,3.466666666666667,0.0,0.13333333333333333,2.3333333333333335,1.8666666666666667,58.333333333333336,67.26666666666667,79.66666666666667,81.66666666666667,240.0,208.26666666666668,1665.3333333333333,1722.9333333333334,1616.0,1563.2,65.25,77.4,70.4,85.0,1,target,93,64.85965534139432,28.140344658605684
132921,9245,http://live.fanfooty.com.au/game/matchcentre.html?id=9245,R5,2025,297566.0,James,Sicily,HW,26.0,100.0,102,77.0,88.0,109.0,12.0,8.0,11.0,1.0,0.0,1.0,1.0,2.0,1.0,Full Time,hot,%P and %M plus %s,switch,In defence on Powell-Pepper... switched forward onto Bergman in Q2,,0.0,,,Back,6.0,14.0,95.57,0.0,0.0,39.81,21.29,,,,7.0,0.0,4.0,70.0,93.0,350.0,1.0,False,1799,1477,6,9245_HW,97.20000000000005,1,71.0,1,13.0,15.133333333333333,5.333333333333333,5.666666666666667,7.333333333333333,7.533333333333333,1.3333333333333333,1.2666666666666666,0.0,0.0,1.0,1.2666666666666666,1.0,0.7333333333333333,1.0,0.8,0.3333333333333333,0.4666666666666667,0.0,0.0,39.81,39.81,21.29,21.29,5.666666666666667,6.066666666666666,0.3333333333333333,0.3333333333333333,3.3333333333333335,3.0,73.0,77.2,95.66666666666667,90.6,353.3333333333333,452.4,1665.3333333333333,1765.6666666666667,1616.0,1518.2666666666667,102.05,97.2,96.8,94.33333333333333,1,hot,102,93.28205308634897,8.717946913651033
132922,9245,http://live.fanfooty.com.au/game/matchcentre.html?id=9245,R5,2025,1006314.0,Dylan,Moore,HW,25.0,88.0,101,76.0,62.0,93.0,10.0,12.0,0.0,9.0,0.0,1.0,1.0,0.0,0.0,Full Time,midfwd,%P and %T... Mostly on ball with rotations forward,,,,0.0,,,Forward,13.0,0.0,0.0,0.0,0.0,3.82,5.5,,,,10.0,5.0,3.0,68.0,84.0,319.0,0.0,False,1799,1477,6,9245_HW,97.20000000000005,1,71.0,1,8.0,11.866666666666667,9.666666666666666,7.933333333333334,1.0,4.933333333333334,4.666666666666667,4.0,0.0,0.0,1.6666666666666667,1.8666666666666667,1.3333333333333333,0.6666666666666666,0.6666666666666666,1.2666666666666666,0.0,0.9333333333333333,0.0,0.0,3.82,3.82,5.5,5.5,7.333333333333333,7.0,2.6666666666666665,2.0,2.3333333333333335,2.466666666666667,80.66666666666667,72.66666666666667,83.66666666666667,87.8,174.66666666666666,296.1333333333333,1665.3333333333333,1730.8,1616.0,1553.0,97.15,93.3,85.2,80.66666666666667,1,midfwd,101,95.63698194449638,5.363018055503616
132923,9245,http://live.fanfooty.com.au/game/matchcentre.html?id=9245,R5,2025,297354.0,Karl,Amon,HW,15.0,88.0,79,46.0,62.0,87.0,18.0,3.0,4.0,4.0,0.0,0.0,0.0,0.0,0.0,Full Time,guard,%P including %K... also %M and %T... Coming off a HBF,,,,0.0,,,Midfielder,10.0,6.0,50.5,0.0,0.0,2.8,4.76,,,,1.0,0.0,3.0,85.0,86.0,616.0,0.0,False,1799,1477,6,9245_HW,97.20000000000005,0,71.0,1,14.666666666666666,16.533333333333335,6.666666666666667,5.933333333333334,2.6666666666666665,4.866666666666666,3.3333333333333335,2.2,0.0,0.0,1.0,0.8,0.0,0.4,0.0,0.13333333333333333,0.0,0.2,0.0,0.0,2.8,2.8,4.76,4.76,4.333333333333333,3.8,1.0,1.3333333333333333,2.3333333333333335,2.4,81.0,80.4,83.33333333333333,81.26666666666667,509.6666666666667,552.2666666666667,1665.3333333333333,1730.8,1616.0,1553.0,92.8,96.2,97.2,88.0,1,guard,79,110.13044015742159,-31.13044015742159
132924,9245,http://live.fanfooty.com.au/game/matchcentre.html?id=9245,R5,2025,1002222.0,James,Worpel,HW,20.0,85.0,85,67.0,69.0,97.0,10.0,13.0,2.0,5.0,0.0,2.0,2.0,1.0,1.0,Full Time,sore,Limped off late in Q4 favouring left side... %P and %M plus %T... %s as well,shovel,Playing inside midfield,,0.0,,,Midfielder,5.0,8.0,67.38,0.0,0.0,0.25,0.46,,,,10.0,5.0,5.0,73.0,69.0,454.0,1.0,True,1799,1477,6,9245_HW,97.20000000000005,0,71.0,1,9.333333333333334,11.0,8.0,10.6,2.0,2.2666666666666666,5.0,4.4,0.0,0.0,1.3333333333333333,0.6,2.0,1.3333333333333333,0.3333333333333333,0.3333333333333333,1.0,0.6666666666666666,0.0,0.0,0.25,0.25,0.46,0.46,7.666666666666667,9.733333333333333,5.333333333333333,5.066666666666666,4.666666666666667,3.8,56.0,62.8,62.333333333333336,72.8,366.6666666666667,348.0,1619.3333333333333,1737.6,1666.0,1549.4,82.75,75.7,70.2,66.0,1,sore,85,88.68763152449527,-3.6876315244952735
132925,9245,http://live.fanfooty.com.au/game/matchcentre.html?id=9245,R5,2025,1027935.0,Josh,Weddle,HW,9.0,74.0,101,49.0,58.0,80.0,12.0,6.0,5.0,3.0,2.0,0.0,1.0,0.0,0.0,Full Time,guard,%P and %M plus %T... In defence on Rioli,,,,,,,Back,23.0,0.0,0.0,0.0,2.21,4.75,2.68,,,,6.0,3.0,1.0,72.0,87.0,379.0,0.0,False,1799,1477,6,9245_HW,97.20000000000005,1,71.0,1,9.0,7.533333333333333,7.0,5.733333333333333,5.666666666666667,3.8,2.3333333333333335,1.6666666666666667,4.333333333333333,2.0,0.6666666666666666,0.9333333333333333,0.3333333333333333,0.26666666666666666,0.3333333333333333,0.5333333333333333,0.3333333333333333,0.2,2.21,2.21,4.75,4.75,2.68,2.68,5.333333333333333,4.733333333333333,1.0,0.6,1.3333333333333333,1.6,74.0,82.8,86.0,84.4,255.33333333333334,261.06666666666666,1665.3333333333333,1730.8,1616.0,1553.0,75.45,77.0,74.6,84.33333333333333,1,guard,101,97.64650599461244,3.35349400538756
132926,9245,http://live.fanfooty.com.au/game/matchcentre.html?id=9245,R5,2025,1005144.0,Massimo,D'Ambrosio,HW,8.0,66.0,53,39.0,53.0,73.0,11.0,8.0,4.0,1.0,0.0,0.0,0.0,0.0,1.0,Full Time,wing,%P and %M plus %s... Starting on a wing on Boak,,,,,,,Back,16.0,0.0,0.0,0.0,1.11,2.1,0.76,,,,6.0,2.0,2.0,52.0,85.0,328.0,0.0,False,1799,1477,6,9245_HW,97.20000000000005,0,71.0,0,11.666666666666666,12.4,7.333333333333333,8.0,4.666666666666667,5.133333333333334,2.3333333333333335,2.2,0.0,0.0,1.0,0.7333333333333333,0.0,0.7333333333333333,0.0,0.5333333333333333,0.3333333333333333,0.26666666666666666,1.11,1.11,2.1,2.1,0.76,0.76,6.0,6.333333333333333,1.6666666666666667,1.6666666666666667,1.3333333333333333,2.2,63.0,74.8,82.33333333333333,77.13333333333334,317.3333333333333,343.06666666666666,1665.3333333333333,1730.8,1616.0,1553.0,90.0,90.7,72.2,75.66666666666667,1,wing,53,83.0505433417414,-30.050543341741403
132927,9245,http://live.fanfooty.com.au/game/matchcentre.html?id=9245,R5,2025,998134.0,Josh,Battle,HW,8.0,66.0,80,43.0,52.0,72.0,10.0,9.0,3.0,2.0,0.0,1.0,0.0,0.0,0.0,Full Time,job,%P and %M plus %T... Standing Georgiades,,,,,,,Back,24.0,0.0,0.0,0.0,0.18,0.12,0.09,,,,6.0,1.0,1.0,68.0,94.0,242.0,0.0,False,1799,1477,6,9245_HW,97.20000000000005,0,71.0,1,9.333333333333334,10.533333333333333,8.333333333333334,7.133333333333334,4.333333333333333,6.4,1.6666666666666667,1.4,0.0,0.0,0.3333333333333333,0.5333333333333333,0.3333333333333333,0.6,0.0,0.06666666666666667,0.0,0.13333333333333333,0.18,0.18,0.12,0.12,0.09,0.09,5.0,5.333333333333333,0.3333333333333333,0.2,2.0,2.0,76.33333333333333,82.86666666666666,95.66666666666667,90.2,342.3333333333333,283.93333333333334,1665.3333333333333,1679.0,1616.0,1594.8,85.05,83.6,72.2,74.66666666666667,1,job,80,70.4801526014812,9.519847398518806
132928,9245,http://live.fanfooty.com.au/game/matchcentre.html?id=9245,R5,2025,1000963.0,Harry,Morrison,HW,13.0,62.0,55,53.0,47.0,69.0,7.0,9.0,2.0,5.0,0.0,0.0,1.0,0.0,0.0,Full Time,wing,%P and %M plus %T... Rotating as third wingman,,,,0.0,,,Midfielder,1.0,18.0,64.72,0.0,0.0,0.18,0.06,,,,7.0,1.0,4.0,68.0,82.0,215.0,0.0,False,1799,1477,6,9245_HW,97.20000000000005,0,71.0,0,7.666666666666667,9.466666666666667,7.0,5.4,2.6666666666666665,4.4,4.666666666666667,2.6666666666666665,0.0,0.0,0.3333333333333333,0.6,0.3333333333333333,0.5333333333333333,0.3333333333333333,0.13333333333333333,0.0,0.06666666666666667,0.0,0.0,0.18,0.18,0.06,0.06,5.0,4.333333333333333,1.3333333333333333,0.8666666666666667,3.0,2.2666666666666666,67.33333333333333,76.06666666666666,79.33333333333333,73.13333333333334,219.33333333333334,238.33333333333334,1665.3333333333333,1716.8666666666666,1616.0,1567.4666666666667,63.65,73.0,64.4,59.666666666666664,1,wing,55,63.49090129260614,-8.49090129260614
132929,9245,http://live.fanfooty.com.au/game/matchcentre.html?id=9245,R5,2025,990290.0,Tom,Barrass,HW,8.0,62.0,75,34.0,48.0,60.0,12.0,1.0,6.0,1.0,0.0,2.0,0.0,0.0,0.0,Full Time,job,%P including %K... also %M... At FB on Lord,,,,,,,Back,37.0,0.0,0.0,0.0,0.66,0.18,0.95,,,,6.0,0.0,2.0,84.0,87.0,365.0,0.0,False,1799,1477,6,9245_HW,97.20000000000005,0,71.0,1,7.333333333333333,8.866666666666667,3.0,3.6,4.333333333333333,6.333333333333333,1.6666666666666667,1.3333333333333333,0.0,0.2,1.0,1.0,0.3333333333333333,0.6666666666666666,0.0,0.0,0.0,0.0,0.66,0.66,0.18,0.18,0.95,0.95,5.0,5.066666666666666,0.0,0.0,2.0,1.7333333333333334,83.66666666666667,85.73333333333333,89.66666666666667,91.93333333333334,205.33333333333334,199.86666666666667,1665.3333333333333,1549.0666666666666,1616.0,1737.2666666666667,80.6,71.4,58.8,58.0,1,job,75,63.12441129310441,11.875588706895591
132930,9245,http://live.fanfooty.com.au/game/matchcentre.html?id=9245,R5,2025,1023482.0,Cam,Mackenzie,HW,7.0,57.0,64,32.0,43.0,63.0,10.0,8.0,1.0,2.0,0.0,0.0,0.0,0.0,0.0,Full Time,shovel,%P and %T... Moslty in the centre with some appearances on a wing,,,,,,,Midfielder,28.0,0.0,0.0,0.0,0.75,0.76,1.45,,,,5.0,3.0,2.0,77.0,70.0,364.0,0.0,False,1799,1477,6,9245_HW,97.20000000000005,0,71.0,0,11.666666666666666,8.6,10.666666666666666,8.866666666666667,3.3333333333333335,3.2,3.3333333333333335,3.0,0.0,0.0,0.3333333333333333,0.5333333333333333,0.6666666666666666,0.6,0.0,0.3333333333333333,0.0,0.06666666666666667,0.75,0.75,0.76,0.76,1.45,1.45,6.0,5.533333333333333,3.0,2.6,2.0,1.9333333333333333,79.0,73.73333333333333,66.0,71.4,295.3333333333333,250.0,1665.3333333333333,1719.8,1616.0,1565.6,66.85,73.0,84.0,83.66666666666667,1,shovel,64,58.87081083951557,5.1291891604844295
132931,9245,http://live.fanfooty.com.au/game/matchcentre.html?id=9245,R5,2025,998390.0,Changkuoth,Jiath,HW,8.0,55.0,75,34.0,44.0,63.0,9.0,8.0,2.0,2.0,0.0,1.0,1.0,0.0,0.0,Full Time,guard,%P and %M plus %T... Starting on a HBF,,,,0.0,,,Back,9.0,0.0,0.0,0.0,0.0,1.55,1.16,,,,9.0,2.0,2.0,76.0,83.0,190.0,0.0,False,1799,1477,6,9245_HW,97.20000000000005,0,71.0,1,9.666666666666666,7.666666666666667,7.333333333333333,5.533333333333333,3.0,3.0,2.0,2.066666666666667,0.0,0.0,1.0,1.0666666666666667,1.6666666666666667,1.0666666666666667,0.0,0.2,0.0,0.26666666666666666,0.0,0.0,1.55,1.5193333333333334,1.16,1.2179999999999997,7.666666666666667,5.2,1.3333333333333333,0.8,2.6666666666666665,2.2,79.0,75.93333333333334,75.33333333333333,74.2,237.0,237.53333333333333,1665.3333333333333,1675.8666666666666,1616.0,1609.9333333333334,61.75,68.3,67.8,76.33333333333333,1,guard,75,90.19755542230195,-15.197555422301946
132932,9245,http://live.fanfooty.com.au/game/matchcentre.html?id=9245,R5,2025,1017110.0,Josh,Ward,HW,6.0,44.0,49,14.0,36.0,54.0,10.0,8.0,0.0,0.0,0.0,1.0,1.0,0.0,0.0,Full Time,shovel,%P... Playing inside midfield,,,,,,,Midfielder,25.0,0.0,0.0,0.0,0.53,0.34,0.64,,,,7.0,3.0,3.0,61.0,64.0,378.0,0.0,False,1799,1477,6,9245_HW,97.20000000000005,0,71.0,0,11.0,9.333333333333334,10.333333333333334,7.2,1.6666666666666667,3.6,3.0,2.533333333333333,0.0,0.0,0.6666666666666666,0.26666666666666666,0.3333333333333333,0.26666666666666666,0.3333333333333333,0.13333333333333333,0.0,0.26666666666666666,0.53,0.53,0.34,0.34,0.64,0.64,6.666666666666667,5.066666666666666,2.6666666666666665,2.0,2.0,1.8,69.33333333333333,69.2,69.66666666666667,73.53333333333333,396.6666666666667,297.93333333333334,1665.3333333333333,1663.0666666666666,1616.0,1616.6666666666667,62.95,69.0,75.2,80.66666666666667,1,shovel,49,55.34048212273854,-6.340482122738543
132933,9245,http://live.fanfooty.com.au/game/matchcentre.html?id=9245,R5,2025,280744.0,Luke,Breust,HW,8.0,44.0,43,33.0,32.0,42.0,6.0,2.0,1.0,3.0,0.0,1.0,0.0,1.0,0.0,Full Time,pocket,On after HT for Nash... %s from %P and %T,sub,Started as the sub,,0.0,,,Forward,22.0,21.0,85.48,0.0,0.0,0.14,0.26,,,,4.0,0.0,0.0,75.0,42.0,116.0,0.0,False,1799,1477,6,9245_HW,97.20000000000005,0,71.0,0,3.3333333333333335,4.8,1.6666666666666667,2.2666666666666666,1.0,1.9333333333333333,2.0,1.2,0.0,0.0,0.6666666666666666,0.8,0.3333333333333333,0.5333333333333333,0.6666666666666666,1.3333333333333333,0.0,0.26666666666666666,0.0,0.0,0.14,0.14,0.26,0.26,2.3333333333333335,2.933333333333333,0.0,0.26666666666666666,0.3333333333333333,1.2666666666666666,52.666666666666664,69.86666666666666,31.0,44.266666666666666,69.33333333333333,125.93333333333334,1627.0,1705.8,1656.6666666666667,1580.6,41.75,46.4,34.4,29.666666666666668,1,pocket,43,47.59380827062478,-4.593808270624777
132934,9245,http://live.fanfooty.com.au/game/matchcentre.html?id=9245,R5,2025,296254.0,Jarman,Impey,HW,3.0,40.0,34,27.0,32.0,42.0,6.0,4.0,3.0,1.0,0.0,1.0,0.0,0.0,0.0,Full Time,cold,Just had no room to move... %M and %P,guard,Playing a half back role,,0.0,,,Back,4.0,21.0,69.76,0.0,0.0,0.09,0.17,,,,4.0,1.0,3.0,50.0,84.0,178.0,0.0,False,1799,1477,6,9245_HW,97.20000000000005,0,71.0,0,7.333333333333333,10.333333333333334,3.0,5.8,2.6666666666666665,4.066666666666666,3.0,2.6666666666666665,0.0,0.0,1.3333333333333333,1.0,0.6666666666666666,0.7333333333333333,0.0,0.13333333333333333,0.0,0.06666666666666667,0.0,0.0,0.09,0.09,0.17,0.17,3.6666666666666665,4.133333333333334,0.3333333333333333,0.7333333333333333,2.3333333333333335,2.6,73.66666666666667,78.6,81.66666666666667,80.93333333333334,190.33333333333334,286.2,1665.3333333333333,1730.8,1616.0,1553.0,75.8,64.8,55.2,57.666666666666664,1,cold,34,67.11953992756803,-33.11953992756803
132935,9245,http://live.fanfooty.com.au/game/matchcentre.html?id=9245,R5,2025,1023473.0,Nick,Watson,HW,2.0,39.0,33,31.0,28.0,39.0,5.0,4.0,1.0,3.0,0.0,1.0,0.0,0.0,0.0,Full Time,missing,Never in the game at any stage... %P and %T,wing,Rotating at half forward,,,,,Midfielder,34.0,0.0,0.0,0.0,28.3,27.81,24.02,,,,4.0,0.0,2.0,33.0,80.0,201.0,0.0,False,1799,1477,6,9245_HW,97.20000000000005,0,71.0,0,8.333333333333334,7.0,7.0,4.6,3.0,2.8,3.3333333333333335,2.8,0.0,0.0,2.3333333333333335,2.1333333333333333,0.6666666666666666,1.0,1.0,1.6666666666666667,1.0,0.8666666666666667,28.3,28.3,27.81,27.81,24.02,24.02,6.666666666666667,5.266666666666667,0.6666666666666666,0.6666666666666666,1.6666666666666667,1.8,62.0,68.8,78.33333333333333,77.0,354.3333333333333,235.86666666666667,1665.3333333333333,1730.8,1616.0,1553.0,73.2,78.0,72.2,82.0,1,missing,33,74.03683233564348,-41.03683233564348
132936,9245,http://live.fanfooty.com.au/game/matchcentre.html?id=9245,R5,2025,1009421.0,Finn,Maginness,HW,4.0,37.0,31,34.0,34.0,49.0,3.0,9.0,2.0,2.0,0.0,1.0,2.0,0.0,1.0,Full Time,switch,%P including %B... also %M and %T... and kicked %s... Playing a forward role... switched back onto Powell-Pepper in Q2,,,,,,,Midfielder,20.0,0.0,0.0,0.0,0.4,0.87,0.98,,,,7.0,0.0,6.0,41.0,87.0,92.0,0.0,False,1799,1477,6,9245_HW,97.20000000000005,0,71.0,0,7.333333333333333,7.8,9.333333333333334,7.8,2.3333333333333335,3.2,1.6666666666666667,1.8666666666666667,0.0,0.0,0.3333333333333333,0.13333333333333333,1.3333333333333333,0.5333333333333333,0.0,0.5333333333333333,1.0,0.6666666666666666,0.4,0.4,0.87,0.87,0.98,0.98,6.333333333333333,5.4,0.3333333333333333,0.8,4.333333333333333,2.0,55.333333333333336,65.13333333333334,85.33333333333333,80.2,265.3333333333333,232.73333333333332,1665.3333333333333,1690.6666666666667,1616.0,1591.3333333333333,54.5,57.1,54.2,51.666666666666664,1,switch,31,76.31442369454126,-45.31442369454126
132937,9245,http://live.fanfooty.com.au/game/matchcentre.html?id=9245,R5,2025,993794.0,Blake,Hardwick,HW,3.0,36.0,26,24.0,28.0,36.0,6.0,1.0,4.0,1.0,0.0,0.0,0.0,0.0,0.0,Full Time,switch,%P including %K... also %M... In attack on Ratugolea but spent a lot of time switching back to stem the teal flood,,,,0.0,,,Back,15.0,21.0,66.67,0.0,0.0,0.1,0.18,,,,1.0,0.0,1.0,71.0,83.0,171.0,1.0,False,1799,1477,6,9245_HW,97.20000000000005,0,71.0,0,10.0,10.2,3.0,5.2,6.0,5.2,2.3333333333333335,2.8,0.0,0.0,0.6666666666666666,0.6666666666666666,0.3333333333333333,0.5333333333333333,1.0,0.3333333333333333,1.0,0.26666666666666666,0.0,0.0,0.1,0.1,0.18,0.18,4.333333333333333,5.6,0.3333333333333333,0.4,1.3333333333333333,1.4,78.0,82.53333333333333,86.33333333333333,91.13333333333334,266.6666666666667,273.2,1665.3333333333333,1730.8,1616.0,1553.0,77.05,80.0,74.6,77.33333333333333,1,switch,26,87.53483054973005,-61.534830549730046
132938,9245,http://live.fanfooty.com.au/game/matchcentre.html?id=9245,R5,2025,1012857.0,Jack,Ginnivan,HW,2.0,35.0,50,26.0,29.0,42.0,4.0,8.0,1.0,1.0,0.0,0.0,0.0,0.0,0.0,Full Time,pocket,%P... Playing a forward role,,,,,,,Forward,33.0,0.0,0.0,0.0,0.89,1.63,2.22,,,,3.0,0.0,1.0,83.0,67.0,187.0,0.0,False,1799,1477,6,9245_HW,97.20000000000005,0,71.0,0,3.6666666666666665,8.933333333333334,7.666666666666667,7.066666666666666,0.6666666666666666,2.933333333333333,2.0,2.6,0.0,0.0,0.3333333333333333,0.8,0.0,0.6666666666666666,0.0,1.0666666666666667,0.0,0.8,0.89,0.89,1.63,1.63,2.22,2.22,5.0,5.733333333333333,1.0,1.7333333333333334,2.0,2.8,79.66666666666667,66.73333333333333,73.66666666666667,79.53333333333333,123.33333333333333,247.13333333333333,1665.3333333333333,1771.4,1616.0,1512.5333333333333,70.35,64.2,53.6,45.666666666666664,1,pocket,50,69.7043122140771,-19.704312214077106
132939,9245,http://live.fanfooty.com.au/game/matchcentre.html?id=9245,R5,2025,994077.0,Mabior,Chol,HW,8.0,35.0,39,30.0,27.0,35.0,4.0,1.0,1.0,3.0,2.0,1.0,1.0,1.0,0.0,Full Time,crab,Having a very poor year... %s from %P and %T,ruckfwd,Playing a forward/ruck role on Aliir,,0.0,,,Forward,18.0,0.0,0.0,0.0,0.0,0.48,0.45,,,,3.0,1.0,1.0,100.0,84.0,137.0,0.0,False,1799,1477,6,9245_HW,97.20000000000005,0,71.0,0,5.666666666666667,6.866666666666666,1.3333333333333333,1.9333333333333333,2.3333333333333335,3.7333333333333334,2.0,2.0,1.0,1.4,0.3333333333333333,0.5333333333333333,2.3333333333333335,1.3333333333333333,1.3333333333333333,1.4666666666666666,0.6666666666666666,0.8666666666666667,0.0,0.0,0.48,0.48,0.45,0.45,2.6666666666666665,3.8,0.3333333333333333,0.7333333333333333,4.0,3.0,61.666666666666664,66.4,81.0,84.4,153.0,180.86666666666667,1665.3333333333333,1730.8,1616.0,1553.0,56.75,52.3,50.6,39.0,1,crab,39,62.68386606963305,-23.683866069633048
